course_id,state,tee_name,gender,par,course_rating,bogey_rating,slope_rating,rating_f9,rating_b9,front9_rating,front9_slope,back9_rating,back9_slope,bogey_f9,bogey_b9,front9_raw,back9_raw
5560,IA,Blue,M,72,71.2,92.8,116,35.6,35.6,35.6,116,35.6,116,46.4,46.4,35.6 / 116,35.6 / 116
5560,IA,White,M,72,69.6,90.6,113,34.8,34.8,34.8,113,34.8,113,45.3,45.3,34.8 / 113,34.8 / 113
5560,IA,Yellow,M,72,67.8,88.0,109,33.9,33.9,33.9,109,33.9,109,44.0,44.0,33.9 / 109,33.9 / 109
5560,IA,Red,M,72,64.6,84.2,105,32.3,32.3,32.3,105,32.3,105,42.1,42.1,32.3 / 105,32.3 / 105
5560,IA,Blue,F,74,77.0,107.4,129,38.5,38.5,38.5,129,38.5,129,53.7,53.7,38.5 / 129,38.5 / 129
5560,IA,White,F,74,75.4,104.6,124,37.7,37.7,37.7,124,37.7,124,52.3,52.3,37.7 / 124,37.7 / 124
5560,IA,Yellow,F,74,73.0,101.4,120,36.5,36.5,36.5,120,36.5,120,50.7,50.7,36.5 / 120,36.5 / 120
5560,IA,Red,F,74,69.8,96.4,113,34.9,34.9,34.9,113,34.9,113,48.2,48.2,34.9 / 113,34.9 / 113
14941,IA,Blue,M,72,71.4,94.7,126,36.3,35.1,36.3,129,35.1,122,48.3,46.4,36.3 / 129,35.1 / 122
14941,IA,White,M,72,70.3,93.2,123,35.7,34.6,35.7,127,34.6,119,47.5,45.7,35.7 / 127,34.6 / 119
14941,IA,White/Gold Combo,M,72,68.5,90.2,117,34.5,34.0,34.5,121,34.0,113,45.7,44.5,34.5 / 121,34.0 / 113
14941,IA,Gold,M,72,67.0,87.2,109,34.0,33.0,34.0,114,33.0,103,44.6,42.6,34.0 / 114,33.0 / 103
14941,IA,Red,M,72,62.4,80.7,99,31.2,31.3,31.2,102,31.3,95,40.7,40.0,31.2 / 102,31.3 / 95
14941,IA,White,F,72,76.1,106.2,128,38.7,37.4,38.7,135,37.4,120,54.6,51.6,38.7 / 135,37.4 / 120
14941,IA,Gold,F,72,72.1,100.3,120,36.7,35.4,36.7,127,35.4,112,51.7,48.6,36.7 / 127,35.4 / 112
14941,IA,Red,F,72,66.3,91.5,107,33.3,33.0,33.3,111,33.0,103,46.4,45.1,33.3 / 111,33.0 / 103
24263,IA,White,M,63,59.8,76.6,91,30.2,29.6,30.2,95,29.6,86,39.0,37.6,30.2 / 95,29.6 / 86
24263,IA,Red,M,63,58.0,73.7,85,29.3,28.7,29.3,87,28.7,82,37.4,36.3,29.3 / 87,28.7 / 82
24263,IA,White,F,63,62.1,84.6,96,31.7,30.4,31.7,101,30.4,90,43.6,41.0,31.7 / 101,30.4 / 90
24263,IA,Red,F,63,59.3,79.8,87,30.2,29.1,30.2,90,29.1,84,40.8,39.0,30.2 / 90,29.1 / 84
26051,IA,White,M,32,30.2,39.0,95,30.2,,30.2,95,,,39.0,,30.2 / 95,/
26051,IA,Red,M,32,29.3,37.4,87,29.3,,29.3,87,,,37.4,,29.3 / 87,/
26051,IA,White,F,32,31.7,43.6,101,31.7,,31.7,101,,,43.6,,31.7 / 101,/
26051,IA,Red,F,32,30.2,40.8,90,30.2,,30.2,90,,,40.8,,30.2 / 90,/
26107,IA,White,M,65,60.3,76.8,89,30.2,30.1,30.2,95,30.1,83,39.0,37.8,30.2 / 95,30.1 / 83
26107,IA,Red,M,65,58.7,74.4,85,29.3,29.4,29.3,87,29.4,82,37.4,37.0,29.3 / 87,29.4 / 82
26107,IA,White,F,65,62.6,85.5,97,31.7,30.9,31.7,101,30.9,93,43.6,41.9,31.7 / 101,30.9 / 93
26107,IA,Red,F,65,60.0,81.0,89,30.2,29.8,30.2,90,29.8,88,40.8,40.2,30.2 / 90,29.8 / 88
26054,IA,White,M,31,29.6,37.6,86,29.6,,29.6,86,,,37.6,,29.6 / 86,/
26054,IA,Red,M,31,28.7,36.3,82,28.7,,28.7,82,,,36.3,,28.7 / 82,/
26054,IA,White,F,31,30.4,41.0,90,30.4,,30.4,90,,,41.0,,30.4 / 90,/
26054,IA,Red,F,31,29.1,39.0,84,29.1,,29.1,84,,,39.0,,29.1 / 84,/
24266,IA,White,M,64,59.7,75.4,85,29.6,30.1,29.6,86,30.1,83,37.6,37.8,29.6 / 86,30.1 / 83
24266,IA,Red,M,64,58.1,73.3,82,28.7,29.4,28.7,82,29.4,82,36.3,37.0,28.7 / 82,29.4 / 82
24266,IA,White,F,64,61.3,82.9,92,30.4,30.9,30.4,90,30.9,93,41.0,41.9,30.4 / 90,30.9 / 93
24266,IA,Red,F,64,58.9,79.2,86,29.1,29.8,29.1,84,29.8,88,39.0,40.2,29.1 / 84,29.8 / 88
26053,IA,White,M,33,30.1,37.8,83,30.1,,30.1,83,,,37.8,,30.1 / 83,/
26053,IA,Red,M,33,29.4,37.0,82,29.4,,29.4,82,,,37.0,,29.4 / 82,/
26053,IA,White,F,33,30.9,41.9,93,30.9,,30.9,93,,,41.9,,30.9 / 93,/
26053,IA,Red,F,33,29.8,40.2,88,29.8,,29.8,88,,,40.2,,29.8 / 88,/
18078,IA,Blue,M,72,68.2,90.0,117,34.1,34.1,34.1,117,34.1,117,45.0,45.0,34.1 / 117,34.1 / 117
18078,IA,White,M,72,65.8,86.4,111,32.9,32.9,32.9,111,32.9,111,43.2,43.2,32.9 / 111,32.9 / 111
18078,IA,Red,F,72,70.2,97.8,117,35.1,35.1,35.1,117,35.1,117,48.9,48.9,35.1 / 117,35.1 / 117
5483,IA,Blue,M,72,70.4,92.6,119,35.2,35.2,35.2,119,35.2,119,46.3,46.3,35.2 / 119,35.2 / 119
5483,IA,White,M,72,67.8,89.4,116,33.9,33.9,33.9,116,33.9,116,44.7,44.7,33.9 / 116,33.9 / 116
5483,IA,Red,M,72,65.4,85.4,108,32.7,32.7,32.7,108,32.7,108,42.7,42.7,32.7 / 108,32.7 / 108
5483,IA,Blue,F,72,76.8,107.2,129,38.4,38.4,38.4,129,38.4,129,53.6,53.6,38.4 / 129,38.4 / 129
5483,IA,White,F,72,73.4,102.0,121,36.7,36.7,36.7,121,36.7,121,51.0,51.0,36.7 / 121,36.7 / 121
5483,IA,Red,F,72,70.2,97.6,116,35.1,35.1,35.1,116,35.1,116,48.8,48.8,35.1 / 116,35.1 / 116
33163,IA,White,M,72,69.2,90.2,113,34.6,34.6,34.6,113,34.6,113,45.1,45.1,34.6 / 113,34.6 / 113
33163,IA,Yellow,M,72,66.6,85.8,103,33.3,33.3,33.3,103,33.3,103,42.9,42.9,33.3 / 103,33.3 / 103
33163,IA,Red,M,72,65.2,84.0,101,32.6,32.6,32.6,101,32.6,101,42.0,42.0,32.6 / 101,32.6 / 101
33163,IA,Silver,M,72,63.4,81.6,98,31.7,31.7,31.7,98,31.7,98,40.8,40.8,31.7 / 98,31.7 / 98
33163,IA,White,F,72,74.2,103.0,122,37.1,37.1,37.1,122,37.1,122,51.5,51.5,37.1 / 122,37.1 / 122
33163,IA,Yellow,F,72,70.4,98.2,118,35.2,35.2,35.2,118,35.2,118,49.1,49.1,35.2 / 118,35.2 / 118
33163,IA,Red,F,72,68.8,95.6,114,34.4,34.4,34.4,114,34.4,114,47.8,47.8,34.4 / 114,34.4 / 114
33163,IA,Silver,F,72,66.6,90.2,100,33.3,33.3,33.3,100,33.3,100,45.1,45.1,33.3 / 100,33.3 / 100
5547,IA,Black,M,72,74.0,101.7,150,36.7,37.3,36.7,150,37.3,149,50.6,51.1,36.7 / 150,37.3 / 149
5547,IA,Gold,M,72,72.4,98.8,142,36.0,36.4,36.0,145,36.4,139,49.5,49.3,36.0 / 145,36.4 / 139
5547,IA,Blue,M,72,70.6,96.7,141,35.4,35.2,35.4,143,35.2,138,48.7,48.0,35.4 / 143,35.2 / 138
5547,IA,White,M,72,69.4,94.3,134,34.6,34.8,34.6,137,34.8,131,47.3,47.0,34.6 / 137,34.8 / 131
5547,IA,Red,M,72,66.8,89.3,122,33.2,33.6,33.2,121,33.6,122,44.4,44.9,33.2 / 121,33.6 / 122
5547,IA,Black,F,72,80.1,114.1,145,39.8,40.3,39.8,142,40.3,147,56.5,57.6,39.8 / 142,40.3 / 147
5547,IA,Gold,F,72,78.8,112.2,142,39.4,39.4,39.4,140,39.4,143,55.9,56.3,39.4 / 140,39.4 / 143
5547,IA,Blue,F,72,76.6,108.9,137,38.4,38.2,38.4,136,38.2,138,54.4,54.5,38.4 / 136,38.2 / 138
5547,IA,White,F,72,74.4,105.6,133,37.3,37.1,37.3,131,37.1,134,52.7,52.9,37.3 / 131,37.1 / 134
5547,IA,Red,F,72,70.8,99.8,123,35.2,35.6,35.2,122,35.6,124,49.6,50.2,35.2 / 122,35.6 / 124
17894,IA,Blue,M,70,69.2,91.3,119,35.0,34.2,35.0,117,34.2,121,45.9,45.4,35.0 / 117,34.2 / 121
17894,IA,White,M,70,67.5,88.8,115,34.3,33.2,34.3,114,33.2,115,44.9,43.9,34.3 / 114,33.2 / 115
17894,IA,Gold,M,70,64.9,85.0,109,33.0,31.9,33.0,110,31.9,108,43.2,41.8,33.0 / 110,31.9 / 108
17894,IA,Red,M,70,64.5,84.5,108,33.0,31.5,33.0,110,31.5,105,43.2,41.3,33.0 / 110,31.5 / 105
17894,IA,White,F,71,73.1,103.0,127,37.3,35.8,37.3,129,35.8,125,52.5,50.5,37.3 / 129,35.8 / 125
17894,IA,Gold,F,71,70.0,97.8,118,35.9,34.1,35.9,119,34.1,117,49.9,47.9,35.9 / 119,34.1 / 117
17894,IA,Red,F,71,69.7,97.0,116,35.9,33.8,35.9,119,33.8,113,49.9,47.1,35.9 / 119,33.8 / 113
14997,IA,Black,M,71,72.7,96.2,127,36.4,36.3,36.4,121,36.3,132,47.6,48.6,36.4 / 121,36.3 / 132
14997,IA,Black/Blue Combo,M,71,71.3,94.6,125,35.5,35.8,35.5,119,35.8,131,46.6,48.0,35.5 / 119,35.8 / 131
14997,IA,Blue,M,71,70.5,93.0,121,35.2,35.3,35.2,112,35.3,130,45.6,47.4,35.2 / 112,35.3 / 130
14997,IA,Blue/Gold Combo,M,71,69.5,91.7,120,34.4,35.1,34.4,110,35.1,129,44.6,47.1,34.4 / 110,35.1 / 129
14997,IA,Gold,M,71,67.4,88.4,113,33.1,34.3,33.1,109,34.3,117,43.2,45.2,33.1 / 109,34.3 / 117
14997,IA,Gold/White Combo,M,71,66.0,85.9,108,32.8,33.2,32.8,108,33.2,107,42.8,43.1,32.8 / 108,33.2 / 107
14997,IA,White,M,71,64.5,83.6,103,31.9,32.6,31.9,103,32.6,102,41.5,42.1,31.9 / 103,32.6 / 102
14997,IA,Green,M,71,59.9,76.9,91,30.0,29.9,30.0,91,29.9,91,38.5,38.4,30.0 / 91,29.9 / 91
14997,IA,Black,F,71,79.1,110.6,134,39.6,39.5,39.6,133,39.5,134,55.3,55.3,39.6 / 133,39.5 / 134
14997,IA,Black/Blue Combo,F,71,77.6,108.3,130,38.6,39.0,38.6,129,39.0,131,53.8,54.5,38.6 / 129,39.0 / 131
14997,IA,Blue,F,71,76.5,106.6,128,38.0,38.5,38.0,126,38.5,129,52.9,53.7,38.0 / 126,38.5 / 129
14997,IA,Blue/Gold Combo,F,71,75.3,104.8,125,37.1,38.2,37.1,122,38.2,128,51.5,53.3,37.1 / 122,38.2 / 128
14997,IA,Gold,F,71,72.6,100.8,120,35.7,36.9,35.7,117,36.9,122,49.5,51.3,35.7 / 117,36.9 / 122
14997,IA,Gold/White Combo,F,71,70.8,98.1,116,35.5,35.3,35.5,115,35.3,116,49.1,49.0,35.5 / 115,35.3 / 116
14997,IA,White,F,71,68.8,95.2,112,34.2,34.6,34.2,110,34.6,114,47.2,48.0,34.2 / 110,34.6 / 114
14997,IA,Green,F,71,63.4,87.3,102,31.8,31.6,31.8,100,31.6,103,43.6,43.7,31.8 / 100,31.6 / 103
5526,IA,Blue,M,70,69.6,92.0,121,34.8,34.8,34.8,121,34.8,121,46.0,46.0,34.8 / 121,34.8 / 121
5526,IA,White/Blue Combo,M,70,68.7,90.7,119,33.9,34.8,33.9,116,34.8,121,44.7,46.0,33.9 / 116,34.8 / 121
5526,IA,White,M,70,67.8,89.4,116,33.9,33.9,33.9,116,33.9,116,44.7,44.7,33.9 / 116,33.9 / 116
5526,IA,Yellow/White Combo,M,70,67.1,88.3,114,33.2,33.9,33.2,112,33.9,116,43.6,44.7,33.2 / 112,33.9 / 116
5526,IA,Yellow,M,70,66.4,87.2,112,33.2,33.2,33.2,112,33.2,112,43.6,43.6,33.2 / 112,33.2 / 112
5526,IA,Red/Yellow Combo,M,70,65.3,84.8,105,32.1,33.2,32.1,98,33.2,112,41.2,43.6,32.1 / 98,33.2 / 112
5526,IA,Red,M,70,64.2,82.4,98,32.1,32.1,32.1,98,32.1,98,41.2,41.2,32.1 / 98,32.1 / 98
5526,IA,Yellow,F,72,71.6,100.2,121,35.8,35.8,35.8,121,35.8,121,50.1,50.1,35.8 / 121,35.8 / 121
5526,IA,Red/Yellow Combo,F,72,69.7,97.1,116,33.9,35.8,33.9,111,35.8,121,47.0,50.1,33.9 / 111,35.8 / 121
5526,IA,Red,F,72,67.8,94.0,111,33.9,33.9,33.9,111,33.9,111,47.0,47.0,33.9 / 111,33.9 / 111
35809,IA,Blue,M,70,69.2,89.4,109,34.6,34.6,34.6,109,34.6,109,44.7,44.7,34.6 / 109,34.6 / 109
35809,IA,White,M,70,68.2,88.0,107,34.1,34.1,34.1,107,34.1,107,44.0,44.0,34.1 / 107,34.1 / 107
35809,IA,Yellow,M,70,67.4,86.8,104,33.7,33.7,33.7,104,33.7,104,43.4,43.4,33.7 / 104,33.7 / 104
35809,IA,Red,M,70,62.4,81.0,100,31.2,31.2,31.2,100,31.2,100,40.5,40.5,31.2 / 100,31.2 / 100
35809,IA,Blue,F,70,74.2,104.6,129,37.1,37.1,37.1,129,37.1,129,52.3,52.3,37.1 / 129,37.1 / 129
35809,IA,White,F,70,72.8,102.8,127,36.4,36.4,36.4,127,36.4,127,51.4,51.4,36.4 / 127,36.4 / 127
35809,IA,Yellow,F,70,71.8,101.2,125,35.9,35.9,35.9,125,35.9,125,50.6,50.6,35.9 / 125,35.9 / 125
35809,IA,Red,F,70,67.0,91.8,105,33.5,33.5,33.5,105,33.5,105,45.9,45.9,33.5 / 105,33.5 / 105
5553,IA,Blue,M,69,68.2,90.2,119,33.3,34.9,33.3,114,34.9,123,43.9,46.3,33.3 / 114,34.9 / 123
5553,IA,White,M,69,67.4,89.2,118,32.9,34.5,32.9,113,34.5,122,43.4,45.8,32.9 / 113,34.5 / 122
5553,IA,Gold,M,69,64.0,84.3,110,31.4,32.6,31.4,108,32.6,111,41.4,42.9,31.4 / 108,32.6 / 111
5553,IA,Blue,F,69,73.9,104.1,128,36.2,37.7,36.2,117,37.7,139,50.0,54.1,36.2 / 117,37.7 / 139
5553,IA,White,F,69,73.0,102.8,126,35.7,37.3,35.7,115,37.3,137,49.3,53.5,35.7 / 115,37.3 / 137
5553,IA,Red,F,69,68.6,95.5,114,33.5,35.1,33.5,111,35.1,117,46.6,48.9,33.5 / 111,35.1 / 117
2281,IA,White,M,70,67.0,88.8,117,33.5,33.5,33.5,117,33.5,117,44.4,44.4,33.5 / 117,33.5 / 117
2281,IA,Gold,M,70,65.4,86.6,114,32.7,32.7,32.7,114,32.7,114,43.3,43.3,32.7 / 114,32.7 / 114
2281,IA,Red,M,70,63.2,84.0,112,31.6,31.6,31.6,112,31.6,112,42.0,42.0,31.6 / 112,31.6 / 112
2281,IA,White,F,70,71.6,98.8,115,35.8,35.8,35.8,115,35.8,115,49.4,49.4,35.8 / 115,35.8 / 115
2281,IA,Gold,F,70,69.8,95.6,109,34.9,34.9,34.9,109,34.9,109,47.8,47.8,34.9 / 109,34.9 / 109
2281,IA,Red,F,70,68.2,93.6,108,34.1,34.1,34.1,108,34.1,108,46.8,46.8,34.1 / 108,34.1 / 108
26141,IA,Blue,M,70,68.6,90.6,118,34.3,34.3,34.3,118,34.3,118,45.3,45.3,34.3 / 118,34.3 / 118
26141,IA,White,M,70,67.6,89.4,117,33.8,33.8,33.8,117,33.8,117,44.7,44.7,33.8 / 117,33.8 / 117
26141,IA,White,F,70,74.0,102.2,120,37.0,37.0,37.0,120,37.0,120,51.1,51.1,37.0 / 120,37.0 / 120
26141,IA,Red,F,70,69.6,95.2,109,34.8,34.8,34.8,109,34.8,109,47.6,47.6,34.8 / 109,34.8 / 109
24185,IA,Blue,M,72,70.8,94.6,128,35.4,35.4,35.4,128,35.4,128,47.3,47.3,35.4 / 128,35.4 / 128
24185,IA,White,M,72,69.6,92.8,125,34.8,34.8,34.8,125,34.8,125,46.4,46.4,34.8 / 125,34.8 / 125
24185,IA,Black,M,72,66.0,87.4,115,33.0,33.0,33.0,115,33.0,115,43.7,43.7,33.0 / 115,33.0 / 115
24185,IA,Red,M,72,65.2,85.0,107,32.6,32.6,32.6,107,32.6,107,42.5,42.5,32.6 / 107,32.6 / 107
24185,IA,Blue,F,72,76.4,108.2,135,38.2,38.2,38.2,135,38.2,135,54.1,54.1,38.2 / 135,38.2 / 135
24185,IA,White,F,72,75.0,105.9,131,37.5,37.5,37.5,131,37.5,131,53.0,52.9,37.5 / 131,37.5 / 131
24185,IA,Black,F,72,71.2,100.2,123,35.6,35.6,35.6,123,35.6,123,50.1,50.1,35.6 / 123,35.6 / 123
24185,IA,Red,F,72,69.2,97.4,120,34.6,34.6,34.6,120,34.6,120,48.7,48.7,34.6 / 120,34.6 / 120
5599,IA,Blue,M,72,70.8,93.6,123,35.4,35.4,35.4,123,35.4,123,46.8,46.8,35.4 / 123,35.4 / 123
5599,IA,White/Blue,M,72,70.0,92.7,123,34.6,35.4,34.6,122,35.4,123,45.9,46.8,34.6 / 122,35.4 / 123
5599,IA,White,M,72,69.2,91.8,122,34.6,34.6,34.6,122,34.6,122,45.9,45.9,34.6 / 122,34.6 / 122
5599,IA,Gold/White,M,72,67.9,90.2,120,33.3,34.6,33.3,117,34.6,123,44.2,46.0,33.3 / 117,34.6 / 123
5599,IA,Gold,M,72,66.6,88.4,117,33.3,33.3,33.3,117,33.3,117,44.2,44.2,33.3 / 117,33.3 / 117
5599,IA,Red (Back),M,72,64.4,85.4,113,32.2,32.2,32.2,113,32.2,113,42.7,42.7,32.2 / 113,32.2 / 113
5599,IA,Red,M,70,62.6,82.8,109,31.3,31.3,31.3,109,31.3,109,41.4,41.4,31.3 / 109,31.3 / 109
5599,IA,White,F,72,74.8,103.4,121,37.4,37.4,37.4,121,37.4,121,51.7,51.7,37.4 / 121,37.4 / 121
5599,IA,Gold/White,F,72,73.2,101.0,118,35.8,37.4,35.8,114,37.4,121,49.3,51.7,35.8 / 114,37.4 / 121
5599,IA,Gold,F,72,71.6,98.6,114,35.8,35.8,35.8,114,35.8,114,49.3,49.3,35.8 / 114,35.8 / 114
5599,IA,Red (Back),F,72,69.4,95.0,109,34.7,34.7,34.7,109,34.7,109,47.5,47.5,34.7 / 109,34.7 / 109
5599,IA,Red,F,70,67.2,92.0,105,33.6,33.6,33.6,105,33.6,105,46.0,46.0,33.6 / 105,33.6 / 105
2359,IA,Black,M,71,70.5,94.7,130,33.4,37.1,33.4,118,37.1,142,44.4,50.3,33.4 / 118,37.1 / 142
2359,IA,White,M,71,68.6,91.6,124,32.7,35.9,32.7,117,35.9,130,43.6,48.0,32.7 / 117,35.9 / 130
2359,IA,Gold,M,71,64.7,84.9,109,31.3,33.4,31.3,105,33.4,112,41.1,43.8,31.3 / 105,33.4 / 112
2359,IA,Red,M,71,63.4,82.5,103,30.8,32.6,30.8,102,32.6,103,40.3,42.2,30.8 / 102,32.6 / 103
2359,IA,Blue,M,71,60.5,78.6,98,29.3,31.2,29.3,93,31.2,102,37.9,40.7,29.3 / 93,31.2 / 102
2359,IA,Black,F,71,76.1,106.4,129,36.0,40.1,36.0,120,40.1,137,50.2,56.2,36.0 / 120,40.1 / 137
2359,IA,White,F,71,74.2,103.5,124,35.3,38.9,35.3,117,38.9,131,49.1,54.4,35.3 / 117,38.9 / 131
2359,IA,Gold,F,71,69.3,96.4,115,33.6,35.7,33.6,111,35.7,119,46.7,49.7,33.6 / 111,35.7 / 119
2359,IA,Red,F,71,67.8,94.5,113,33.0,34.8,33.0,109,34.8,117,45.9,48.6,33.0 / 109,34.8 / 117
2359,IA,Blue,F,71,63.3,87.6,103,30.3,33.0,30.3,92,33.0,114,41.1,46.5,30.3 / 92,33.0 / 114
21192,IA,Blue,M,72,72.4,95.0,122,36.2,36.2,36.2,122,36.2,122,47.5,47.5,36.2 / 122,36.2 / 122
21192,IA,White,M,72,69.8,91.0,114,34.9,34.9,34.9,114,34.9,114,45.5,45.5,34.9 / 114,34.9 / 114
21192,IA,Gold/White,M,72,68.0,88.2,109,34.0,34.0,34.0,109,34.0,109,44.1,44.1,34.0 / 109,34.0 / 109
21192,IA,Gold,M,72,67.0,86.2,103,33.5,33.5,33.5,103,33.5,103,43.1,43.1,33.5 / 103,33.5 / 103
21192,IA,Red,F,72,70.2,97.6,116,35.1,35.1,35.1,116,35.1,116,48.8,48.8,35.1 / 116,35.1 / 116
17804,IA,Blue,M,72,72.0,95.6,127,36.2,35.8,36.2,122,35.8,132,47.5,48.1,36.2 / 122,35.8 / 132
17804,IA,White,M,72,70.0,92.5,121,34.9,35.1,34.9,114,35.1,128,45.5,47.0,34.9 / 114,35.1 / 128
17804,IA,Gold/White,M,72,68.6,90.2,117,34.0,34.6,34.0,109,34.6,124,44.1,46.1,34.0 / 109,34.6 / 124
17804,IA,Gold,M,72,67.9,88.6,111,33.5,34.4,33.5,103,34.4,119,43.1,45.5,33.5 / 103,34.4 / 119
17804,IA,Red,F,72,71.0,98.7,118,35.1,35.9,35.1,116,35.9,119,48.8,49.9,35.1 / 116,35.9 / 119
17803,IA,Blue,M,72,71.5,94.2,123,36.2,35.3,36.2,122,35.3,123,47.5,46.7,36.2 / 122,35.3 / 123
17803,IA,White,M,72,69.3,91.2,118,34.9,34.4,34.9,114,34.4,122,45.5,45.7,34.9 / 114,34.4 / 122
17803,IA,White-Gold,M,72,67.1,87.6,111,34.0,33.1,34.0,109,33.1,112,44.1,43.5,34.0 / 109,33.1 / 112
17803,IA,Gold,M,72,65.9,85.0,103,33.5,32.4,33.5,103,32.4,102,43.1,41.9,33.5 / 103,32.4 / 102
17803,IA,Red,F,72,69.6,98.0,121,35.1,34.5,35.1,116,34.5,125,48.8,49.2,35.1 / 116,34.5 / 125
21193,IA,Blue,M,72,71.6,96.2,132,35.8,35.8,35.8,132,35.8,132,48.1,48.1,35.8 / 132,35.8 / 132
21193,IA,White,M,72,70.2,94.0,128,35.1,35.1,35.1,128,35.1,128,47.0,47.0,35.1 / 128,35.1 / 128
21193,IA,Gold/White,M,72,69.2,92.2,124,34.6,34.6,34.6,124,34.6,124,46.1,46.1,34.6 / 124,34.6 / 124
21193,IA,Gold,M,72,68.8,91.0,119,34.4,34.4,34.4,119,34.4,119,45.5,45.5,34.4 / 119,34.4 / 119
21193,IA,Red,F,72,71.8,99.8,119,35.9,35.9,35.9,119,35.9,119,49.9,49.9,35.9 / 119,35.9 / 119
17805,IA,Blue,M,72,71.1,94.8,128,35.3,35.8,35.3,123,35.8,132,46.7,48.1,35.3 / 123,35.8 / 132
17805,IA,White,M,72,69.5,92.7,125,34.4,35.1,34.4,122,35.1,128,45.7,47.0,34.4 / 122,35.1 / 128
17805,IA,Gold/White,M,72,67.7,89.6,118,33.1,34.6,33.1,112,34.6,124,43.5,46.1,33.1 / 112,34.6 / 124
17805,IA,Gold,M,72,66.8,87.4,111,32.4,34.4,32.4,102,34.4,119,41.9,45.5,32.4 / 102,34.4 / 119
17805,IA,Red,F,72,70.4,99.1,122,34.5,35.9,34.5,125,35.9,119,49.2,49.9,34.5 / 125,35.9 / 119
21191,IA,Blue,M,72,70.6,93.4,123,35.3,35.3,35.3,123,35.3,123,46.7,46.7,35.3 / 123,35.3 / 123
21191,IA,White,M,72,68.8,91.4,122,34.4,34.4,34.4,122,34.4,122,45.7,45.7,34.4 / 122,34.4 / 122
21191,IA,White/Gold,M,72,66.2,87.0,112,33.1,33.1,33.1,112,33.1,112,43.5,43.5,33.1 / 112,33.1 / 112
21191,IA,Gold,M,72,64.8,83.8,102,32.4,32.4,32.4,102,32.4,102,41.9,41.9,32.4 / 102,32.4 / 102
21191,IA,Red,F,72,69.0,98.4,125,34.5,34.5,34.5,125,34.5,125,49.2,49.2,34.5 / 125,34.5 / 125
2278,IA,Black,M,72,73.5,97.7,130,36.4,37.1,36.4,127,37.1,133,48.2,49.5,36.4 / 127,37.1 / 133
2278,IA,Black/White,M,72,72.8,96.7,129,36.1,36.7,36.1,126,36.7,131,47.8,48.9,36.1 / 126,36.7 / 131
2278,IA,White,M,72,71.7,95.2,127,35.4,36.3,35.4,125,36.3,128,47.0,48.2,35.4 / 125,36.3 / 128
2278,IA,White/Green,M,72,70.0,93.1,125,34.4,35.6,34.4,122,35.6,127,45.7,47.4,34.4 / 122,35.6 / 127
2278,IA,Green,M,72,68.8,90.9,119,33.8,35.0,33.8,115,35.0,123,44.5,46.4,33.8 / 115,35.0 / 123
2278,IA,Green/Orange,M,72,67.1,88.6,116,33.5,33.6,33.5,113,33.6,118,44.0,44.6,33.5 / 113,33.6 / 118
2278,IA,Orange,M,72,65.3,86.3,113,32.3,33.0,32.3,110,33.0,116,42.5,43.8,32.3 / 110,33.0 / 116
2278,IA,Orange/Good Life,M,72,61.8,81.1,104,30.7,31.1,30.7,101,31.1,107,40.1,41.0,30.7 / 101,31.1 / 107
2278,IA,Good Life,M,72,59.2,77.4,98,29.3,29.9,29.3,94,29.9,102,38.0,39.4,29.3 / 94,29.9 / 102
2278,IA,Black,F,72,80.5,113.9,142,39.9,40.6,39.9,138,40.6,145,56.2,57.7,39.9 / 138,40.6 / 145
2278,IA,Black/White,F,72,79.5,112.5,140,39.5,40.0,39.5,137,40.0,143,55.6,56.9,39.5 / 137,40.0 / 143
2278,IA,White,F,72,78.4,110.9,138,38.8,39.6,38.8,134,39.6,142,54.6,56.3,38.8 / 134,39.6 / 142
2278,IA,White/Green,F,72,76.3,107.6,133,37.5,38.8,37.5,128,38.8,137,52.6,55.0,37.5 / 128,38.8 / 137
2278,IA,Green,F,72,74.4,104.8,129,36.6,37.8,36.6,124,37.8,134,51.2,53.6,36.6 / 124,37.8 / 134
2278,IA,Green/Orange,F,72,72.5,101.8,125,36.1,36.4,36.1,123,36.4,126,50.6,51.2,36.1 / 123,36.4 / 126
2278,IA,Orange,F,72,71.1,99.4,120,35.1,36.0,35.1,120,36.0,120,49.2,50.2,35.1 / 120,36.0 / 120
2278,IA,Orange/Good Life,F,72,66.4,92.3,110,32.8,33.6,32.8,109,33.6,110,45.7,46.6,32.8 / 109,33.6 / 110
2278,IA,Good Life,F,72,62.6,86.4,101,30.8,31.8,30.8,100,31.8,102,42.6,43.8,30.8 / 100,31.8 / 102
14877,IA,BLUE,M,72,70.6,92.8,119,35.3,35.3,35.3,119,35.3,119,46.4,46.4,35.3 / 119,35.3 / 119
14877,IA,WHITE,M,72,69.6,91.6,118,34.8,34.8,34.8,118,34.8,118,45.8,45.8,34.8 / 118,34.8 / 118
14877,IA,GREY,M,72,66.4,86.2,107,33.2,33.2,33.2,107,33.2,107,43.1,43.1,33.2 / 107,33.2 / 107
14877,IA,GOLD,M,72,64.6,84.0,104,32.3,32.3,32.3,104,32.3,104,42.0,42.0,32.3 / 104,32.3 / 104
14877,IA,RED,M,72,62.0,80.8,101,31.0,31.0,31.0,101,31.0,101,40.4,40.4,31.0 / 101,31.0 / 101
14877,IA,BLUE,F,72,76.2,107.2,131,38.1,38.1,38.1,131,38.1,131,53.6,53.6,38.1 / 131,38.1 / 131
14877,IA,WHITE,F,72,75.2,105.4,128,37.6,37.6,37.6,128,37.6,128,52.7,52.7,37.6 / 128,37.6 / 128
14877,IA,GREY,F,72,71.4,99.8,120,35.7,35.7,35.7,120,35.7,120,49.9,49.9,35.7 / 120,35.7 / 120
14877,IA,GOLD,F,72,69.4,96.8,116,34.7,34.7,34.7,116,34.7,116,48.4,48.4,34.7 / 116,34.7 / 116
14877,IA,RED,F,72,66.4,92.2,109,33.2,33.2,33.2,109,33.2,109,46.1,46.1,33.2 / 109,33.2 / 109
5505,IA,Black,M,72,74.9,100.4,137,37.8,37.1,37.8,132,37.1,142,50.1,50.3,37.8 / 132,37.1 / 142
5505,IA,Gold,M,72,73.3,98.2,134,36.9,36.4,36.9,129,36.4,139,48.9,49.3,36.9 / 129,36.4 / 139
5505,IA,Iowa Senior Amateur 2024,M,72,72.7,97.3,133,36.6,36.1,36.6,128,36.1,137,48.5,48.8,36.6 / 128,36.1 / 137
5505,IA,Blue,M,72,71.1,95.0,129,35.6,35.5,35.6,125,35.5,132,47.2,47.8,35.6 / 125,35.5 / 132
5505,IA,Iowa Super Senior Amateur 2024,M,72,70.5,94.1,127,35.3,35.2,35.3,122,35.2,132,46.6,47.5,35.3 / 122,35.2 / 132
5505,IA,White,M,72,69.1,92.1,124,34.7,34.4,34.7,124,34.4,124,46.2,45.9,34.7 / 124,34.4 / 124
5505,IA,Green,M,72,65.6,85.7,109,33.1,32.5,33.1,110,32.5,107,43.3,42.4,33.1 / 110,32.5 / 107
5505,IA,Black,F,72,81.5,115.9,146,40.8,40.7,40.8,147,40.7,145,58.1,57.8,40.8 / 147,40.7 / 145
5505,IA,Gold,F,72,79.5,112.9,142,39.7,39.8,39.7,142,39.8,141,56.5,56.4,39.7 / 142,39.8 / 141
5505,IA,Blue,F,72,77.3,109.6,137,38.5,38.8,38.5,137,38.8,137,54.6,55.0,38.5 / 137,38.8 / 137
5505,IA,White,F,72,74.6,105.5,131,37.4,37.2,37.4,132,37.2,130,53.0,52.5,37.4 / 132,37.2 / 130
5505,IA,Green,F,72,70.6,98.6,119,35.6,35.0,35.6,120,35.0,118,49.7,48.9,35.6 / 120,35.0 / 118
34416,IA,Blue,M,70,68.0,90.4,121,34.0,34.0,34.0,121,34.0,121,45.2,45.2,34.0 / 121,34.0 / 121
34416,IA,White,M,70,67.2,89.0,118,33.6,33.6,33.6,118,33.6,118,44.5,44.5,33.6 / 118,33.6 / 118
34416,IA,Red/Gold,M,70,64.2,85.2,113,32.1,32.1,32.1,113,32.1,113,42.6,42.6,32.1 / 113,32.1 / 113
34416,IA,Blue,F,70,74.0,103.6,126,37.0,37.0,37.0,126,37.0,126,51.8,51.8,37.0 / 126,37.0 / 126
34416,IA,White,F,70,72.8,101.8,123,36.4,36.4,36.4,123,36.4,123,50.9,50.9,36.4 / 123,36.4 / 123
34416,IA,Red/Gold,F,70,69.4,96.6,116,34.7,34.7,34.7,116,34.7,116,48.3,48.3,34.7 / 116,34.7 / 116
2315,IA,Orange,M,72,77.2,103.8,143,38.3,38.9,38.3,139,38.9,147,51.2,52.6,38.3 / 139,38.9 / 147
2315,IA,Purple,M,72,74.9,100.6,139,37.2,37.7,37.2,135,37.7,142,49.7,50.9,37.2 / 135,37.7 / 142
2315,IA,Black,M,72,71.6,96.9,136,35.4,36.2,35.4,129,36.2,143,47.4,49.5,35.4 / 129,36.2 / 143
2315,IA,Green,M,72,68.3,92.5,131,34.0,34.3,34.0,124,34.3,137,45.5,47.0,34.0 / 124,34.3 / 137
2315,IA,Red,M,72,66.1,88.7,122,33.2,32.9,33.2,121,32.9,123,44.4,44.3,33.2 / 121,32.9 / 123
2315,IA,Black,F,72,77.8,111.0,141,38.4,39.4,38.4,133,39.4,148,54.1,56.9,38.4 / 133,39.4 / 148
2315,IA,Green,F,72,74.0,105.3,133,36.7,37.3,36.7,126,37.3,139,51.6,53.7,36.7 / 126,37.3 / 139
2315,IA,Red,F,72,71.2,100.8,126,35.5,35.7,35.5,122,35.7,129,49.9,50.9,35.5 / 122,35.7 / 129
2280,IA,Black,M,72,72.5,97.5,135,36.3,36.2,36.3,131,36.2,138,48.5,49.0,36.3 / 131,36.2 / 138
2280,IA,Black/White Combo,M,72,70.9,94.9,129,35.8,35.1,35.8,128,35.1,130,47.7,47.2,35.8 / 128,35.1 / 130
2280,IA,White,M,72,69.7,92.5,123,35.0,34.7,35.0,118,34.7,127,46.0,46.5,35.0 / 118,34.7 / 127
2280,IA,White/Gold Combo,M,72,68.0,90.2,120,34.4,33.6,34.4,115,33.6,124,45.1,45.1,34.4 / 115,33.6 / 124
2280,IA,Gold,M,72,66.4,87.6,114,33.4,33.0,33.4,114,33.0,114,44.0,43.6,33.4 / 114,33.0 / 114
2280,IA,Gold/Red Combo,M,72,61.8,81.3,105,31.6,30.2,31.6,108,30.2,102,41.6,39.7,31.6 / 108,30.2 / 102
2280,IA,Red,M,72,59.2,78.0,101,30.2,29.0,30.2,102,29.0,100,39.7,38.3,30.2 / 102,29.0 / 100
2280,IA,Black,F,72,78.5,110.9,138,39.5,39.0,39.5,136,39.0,139,55.5,55.4,39.5 / 136,39.0 / 139
2280,IA,Black/White Combo,F,72,76.5,107.9,133,38.7,37.8,38.7,132,37.8,134,54.3,53.6,38.7 / 132,37.8 / 134
2280,IA,White,F,72,74.8,105.3,129,37.6,37.2,37.6,127,37.2,131,52.6,52.7,37.6 / 127,37.2 / 131
2280,IA,White/Gold Combo,F,72,72.8,102.4,126,36.7,36.1,36.7,124,36.1,127,51.3,51.1,36.7 / 124,36.1 / 127
2280,IA,Gold,F,72,70.5,99.1,122,35.6,34.9,35.6,120,34.9,123,49.7,49.4,35.6 / 120,34.9 / 123
2280,IA,Gold/Red Combo,F,72,65.1,90.7,109,33.6,31.5,33.6,110,31.5,107,46.6,44.1,33.6 / 110,31.5 / 107
2280,IA,Red,F,72,61.4,85.2,101,31.2,30.2,31.2,100,30.2,102,43.0,42.2,31.2 / 100,30.2 / 102
5546,IA,Blue,M,70,70.2,93.6,126,35.1,35.1,35.1,126,35.1,126,46.8,46.8,35.1 / 126,35.1 / 126
5546,IA,White,M,70,68.0,90.2,119,34.0,34.0,34.0,119,34.0,119,45.1,45.1,34.0 / 119,34.0 / 119
5546,IA,Gold,M,70,65.8,86.6,112,32.9,32.9,32.9,112,32.9,112,43.3,43.3,32.9 / 112,32.9 / 112
5546,IA,Red,M,70,62.8,82.0,103,31.4,31.4,31.4,103,31.4,103,41.0,41.0,31.4 / 103,31.4 / 103
5546,IA,Blue,F,70,76.8,107.0,128,38.4,38.4,38.4,128,38.4,128,53.5,53.5,38.4 / 128,38.4 / 128
5546,IA,White,F,72,73.8,102.8,123,36.9,36.9,36.9,123,36.9,123,51.4,51.4,36.9 / 123,36.9 / 123
5546,IA,Gold,F,70,70.8,98.8,119,35.4,35.4,35.4,119,35.4,119,49.4,49.4,35.4 / 119,35.4 / 119
5546,IA,Red,F,70,67.2,93.0,109,33.6,33.6,33.6,109,33.6,109,46.5,46.5,33.6 / 109,33.6 / 109
5524,IA,Blue,M,72,73.9,97.5,127,36.8,37.1,36.8,123,37.1,131,48.2,49.3,36.8 / 123,37.1 / 131
5524,IA,Green,M,72,72.3,95.4,125,36.0,36.3,36.0,121,36.3,128,47.2,48.2,36.0 / 121,36.3 / 128
5524,IA,Green/White Combo,M,72,70.3,92.7,121,35.2,35.1,35.2,119,35.1,122,46.3,46.4,35.2 / 119,35.1 / 122
5524,IA,White,M,72,69.2,91.0,117,34.7,34.5,34.7,115,34.5,119,45.4,45.6,34.7 / 115,34.5 / 119
5524,IA,White/Gold Combo,M,72,68.5,90.2,117,34.0,34.5,34.0,114,34.5,119,44.6,45.6,34.0 / 114,34.5 / 119
5524,IA,Gold,M,72,65.3,85.3,108,32.6,32.7,32.6,108,32.7,108,42.6,42.7,32.6 / 108,32.7 / 108
5524,IA,Gold/Purple,M,72,62.5,81.5,102,31.1,31.4,31.1,102,31.4,102,40.6,40.9,31.1 / 102,31.4 / 102
5524,IA,WHITE,F,73,75.0,106.0,132,37.5,37.5,37.5,131,37.5,132,52.9,53.1,37.5 / 131,37.5 / 132
5524,IA,White/Gold Combo,F,73,74.1,104.5,129,36.6,37.5,36.6,126,37.5,132,51.4,53.1,36.6 / 126,37.5 / 132
5524,IA,GOLD,F,73,70.5,98.4,119,35.1,35.4,35.1,118,35.4,119,49.0,49.4,35.1 / 118,35.4 / 119
5524,IA,Gold/Purple,F,73,67.4,93.7,112,33.5,33.9,33.5,111,33.9,112,46.6,47.1,33.5 / 111,33.9 / 112
2340,IA,Blue,M,72,71.5,93.9,121,35.7,35.8,35.7,114,35.8,127,46.3,47.6,35.7 / 114,35.8 / 127
2340,IA,White,M,72,69.7,91.1,115,35.1,34.6,35.1,112,34.6,118,45.5,45.6,35.1 / 112,34.6 / 118
2340,IA,Yellow,M,71,64.1,83.0,102,32.4,31.7,32.4,99,31.7,104,41.6,41.4,32.4 / 99,31.7 / 104
2340,IA,Red,M,71,63.5,82.2,101,31.8,31.7,31.8,97,31.7,104,40.8,41.4,31.8 / 97,31.7 / 104
2340,IA,WHITE,F,72,75.4,104.7,125,38.0,37.4,38.0,126,37.4,123,52.8,51.9,38.0 / 126,37.4 / 123
2340,IA,Red,F,71,67.5,92.9,108,33.9,33.6,33.9,109,33.6,107,46.7,46.2,33.9 / 109,33.6 / 107
2326,IA,White,M,70,66.2,86.1,108,32.5,33.7,32.5,108,33.7,107,42.5,43.6,32.5 / 108,33.7 / 107
2326,IA,Gold,M,70,65.4,85.0,106,32.1,33.3,32.1,107,33.3,104,42.0,43.0,32.1 / 107,33.3 / 104
2326,IA,Red,M,70,63.5,82.6,103,31.5,32.0,31.5,104,32.0,101,41.2,41.4,31.5 / 104,32.0 / 101
2326,IA,White,F,71,71.3,98.9,117,35.2,36.1,35.2,114,36.1,120,48.6,50.3,35.2 / 114,36.1 / 120
2326,IA,Gold,F,71,70.4,97.5,115,34.8,35.6,34.8,112,35.6,118,48.0,49.5,34.8 / 112,35.6 / 118
2326,IA,Red,F,71,68.4,94.4,111,34.1,34.3,34.1,108,34.3,113,46.8,47.6,34.1 / 108,34.3 / 113
21177,IA,Blue,M,72,71.8,95.6,128,35.9,35.9,35.9,128,35.9,128,47.8,47.8,35.9 / 128,35.9 / 128
21177,IA,White,M,72,70.0,92.8,123,35.0,35.0,35.0,123,35.0,123,46.4,46.4,35.0 / 123,35.0 / 123
21177,IA,Black,M,72,67.4,87.0,105,33.7,33.7,33.7,105,33.7,105,43.5,43.5,33.7 / 105,33.7 / 105
21177,IA,Yellow,M,72,65.4,84.4,102,32.7,32.7,32.7,102,32.7,102,42.2,42.2,32.7 / 102,32.7 / 102
21177,IA,Blue,F,72,78.2,110.2,136,39.1,39.1,39.1,136,39.1,136,55.1,55.1,39.1 / 136,39.1 / 136
21177,IA,White,F,72,76.2,107.0,131,38.1,38.1,38.1,131,38.1,131,53.5,53.5,38.1 / 131,38.1 / 131
21177,IA,Black,F,72,72.4,101.6,124,36.2,36.2,36.2,124,36.2,124,50.8,50.8,36.2 / 124,36.2 / 124
21177,IA,Yellow,F,72,70.6,98.6,119,35.3,35.3,35.3,119,35.3,119,49.3,49.3,35.3 / 119,35.3 / 119
5509,IA,Blue,M,72,72.3,96.3,129,35.9,36.4,35.9,128,36.4,130,47.8,48.5,35.9 / 128,36.4 / 130
5509,IA,White,M,72,70.3,93.0,123,35.0,35.3,35.0,123,35.3,122,46.4,46.6,35.0 / 123,35.3 / 122
5509,IA,Black,M,72,67.2,87.6,110,33.7,33.5,33.7,105,33.5,114,43.5,44.1,33.7 / 105,33.5 / 114
5509,IA,Yellow,M,72,65.4,84.6,103,32.7,32.7,32.7,102,32.7,104,42.2,42.4,32.7 / 102,32.7 / 104
5509,IA,Blue,F,72,78.7,110.2,134,39.1,39.6,39.1,136,39.6,131,55.1,55.1,39.1 / 136,39.6 / 131
5509,IA,White,F,72,76.3,106.5,129,38.1,38.2,38.1,131,38.2,126,53.5,53.0,38.1 / 131,38.2 / 126
5509,IA,BLACK,F,72,72.3,100.7,121,36.2,36.1,36.2,124,36.1,117,50.8,49.9,36.2 / 124,36.1 / 117
5509,IA,Yellow,F,72,70.5,97.8,116,35.3,35.2,35.3,119,35.2,113,49.3,48.5,35.3 / 119,35.2 / 113
21178,IA,Blue,M,72,72.8,97.0,130,36.4,36.4,36.4,130,36.4,130,48.5,48.5,36.4 / 130,36.4 / 130
21178,IA,White,M,72,70.6,93.2,122,35.3,35.3,35.3,122,35.3,122,46.6,46.6,35.3 / 122,35.3 / 122
21178,IA,Black,M,72,67.0,88.2,114,33.5,33.5,33.5,114,33.5,114,44.1,44.1,33.5 / 114,33.5 / 114
21178,IA,Yellow,M,72,65.4,84.8,104,32.7,32.7,32.7,104,32.7,104,42.4,42.4,32.7 / 104,32.7 / 104
21178,IA,Blue,F,72,79.2,110.2,131,39.6,39.6,39.6,131,39.6,131,55.1,55.1,39.6 / 131,39.6 / 131
21178,IA,White,F,72,76.4,106.0,126,38.2,38.2,38.2,126,38.2,126,53.0,53.0,38.2 / 126,38.2 / 126
21178,IA,Black,F,72,72.2,99.8,117,36.1,36.1,36.1,117,36.1,117,49.9,49.9,36.1 / 117,36.1 / 117
21178,IA,Yellow,F,72,70.4,97.0,113,35.2,35.2,35.2,113,35.2,113,48.5,48.5,35.2 / 113,35.2 / 113
5508,IA,Blue,M,71,71.7,95.4,128,36.4,35.3,36.4,130,35.3,125,48.5,46.9,36.4 / 130,35.3 / 125
5508,IA,White,M,71,69.5,91.6,119,35.3,34.2,35.3,122,34.2,116,46.6,45.0,35.3 / 122,34.2 / 116
5508,IA,Black,M,71,65.7,86.6,113,33.5,32.2,33.5,114,32.2,111,44.1,42.5,33.5 / 114,32.2 / 111
5508,IA,Yellow,M,71,64.2,84.0,107,32.7,31.5,32.7,104,31.5,109,42.4,41.6,32.7 / 104,31.5 / 109
5508,IA,Blue,F,71,77.6,109.3,134,39.6,38.0,39.6,131,38.0,137,55.1,54.2,39.6 / 131,38.0 / 137
5508,IA,White,F,71,74.9,105.1,129,38.2,36.7,38.2,126,36.7,131,53.0,52.1,38.2 / 126,36.7 / 131
5508,IA,BLACK,F,71,70.9,97.8,114,36.1,34.8,36.1,117,34.8,111,49.9,47.9,36.1 / 117,34.8 / 111
5508,IA,Yellow,F,71,69.0,95.1,111,35.2,33.8,35.2,113,33.8,109,48.5,46.6,35.2 / 113,33.8 / 109
17672,IA,Blue,M,71,71.2,94.7,127,35.3,35.9,35.3,125,35.9,128,46.9,47.8,35.3 / 125,35.9 / 128
17672,IA,White,M,71,69.2,91.4,120,34.2,35.0,34.2,116,35.0,123,45.0,46.4,34.2 / 116,35.0 / 123
17672,IA,Black,M,71,65.9,86.0,108,32.2,33.7,32.2,111,33.7,105,42.5,43.5,32.2 / 111,33.7 / 105
17672,IA,Yellow,M,71,64.2,83.8,106,31.5,32.7,31.5,109,32.7,102,41.6,42.2,31.5 / 109,32.7 / 102
17672,IA,Blue,F,71,77.1,109.3,137,38.0,39.1,38.0,137,39.1,136,54.2,55.1,38.0 / 137,39.1 / 136
17672,IA,White,F,71,74.8,105.6,131,36.7,38.1,36.7,131,38.1,131,52.1,53.5,36.7 / 131,38.1 / 131
17672,IA,BLACK,F,71,71.0,98.7,118,34.8,36.2,34.8,111,36.2,124,47.9,50.8,34.8 / 111,36.2 / 124
17672,IA,Yellow,F,71,69.1,95.9,114,33.8,35.3,33.8,109,35.3,119,46.6,49.3,33.8 / 109,35.3 / 119
21179,IA,Blue,M,70,70.6,93.8,125,35.3,35.3,35.3,125,35.3,125,46.9,46.9,35.3 / 125,35.3 / 125
21179,IA,White,M,70,68.4,90.0,116,34.2,34.2,34.2,116,34.2,116,45.0,45.0,34.2 / 116,34.2 / 116
21179,IA,Black,M,70,64.4,85.0,111,32.2,32.2,32.2,111,32.2,111,42.5,42.5,32.2 / 111,32.2 / 111
21179,IA,Yellow,M,70,63.0,83.2,109,31.5,31.5,31.5,109,31.5,109,41.6,41.6,31.5 / 109,31.5 / 109
21179,IA,Blue,F,70,76.0,108.4,137,38.0,38.0,38.0,137,38.0,137,54.2,54.2,38.0 / 137,38.0 / 137
21179,IA,White,F,70,73.4,104.2,131,36.7,36.7,36.7,131,36.7,131,52.1,52.1,36.7 / 131,36.7 / 131
21179,IA,Black,F,70,69.6,95.8,111,34.8,34.8,34.8,111,34.8,111,47.9,47.9,34.8 / 111,34.8 / 111
21179,IA,Yellow,F,70,67.6,93.2,109,33.8,33.8,33.8,109,33.8,109,46.6,46.6,33.8 / 109,33.8 / 109
5591,IA,White,M,72,68.8,89.6,112,34.4,34.4,34.4,112,34.4,112,44.8,44.8,34.4 / 112,34.4 / 112
5591,IA,Gold,M,72,65.6,85.4,107,32.8,32.8,32.8,107,32.8,107,42.7,42.7,32.8 / 107,32.8 / 107
5591,IA,Red,M,72,62.8,80.4,95,31.4,31.4,31.4,95,31.4,95,40.2,40.2,31.4 / 95,31.4 / 95
5591,IA,White,F,72,75.0,103.6,121,37.5,37.5,37.5,121,37.5,121,51.8,51.8,37.5 / 121,37.5 / 121
5591,IA,Gold,F,72,71.2,97.8,113,35.6,35.6,35.6,113,35.6,113,48.9,48.9,35.6 / 113,35.6 / 113
5591,IA,Red,F,72,67.4,92.4,106,33.7,33.7,33.7,106,33.7,106,46.2,46.2,33.7 / 106,33.7 / 106
5574,IA,Gold,M,71,70.2,92.4,121,35.8,34.4,35.8,119,34.4,123,46.9,45.8,35.8 / 119,34.4 / 123
5574,IA,Blue,M,71,67.8,89.6,118,34.3,33.5,34.3,114,33.5,121,44.9,44.7,34.3 / 114,33.5 / 121
5574,IA,White,M,71,64.9,85.5,111,33.0,31.9,33.0,110,31.9,112,43.2,42.3,33.0 / 110,31.9 / 112
5574,IA,Red,M,71,62.4,81.6,103,31.6,30.8,31.6,102,30.8,104,41.1,40.5,31.6 / 102,30.8 / 104
5574,IA,Gold,F,71,75.7,106.0,129,38.6,37.1,38.6,131,37.1,126,54.0,52.0,38.6 / 131,37.1 / 126
5574,IA,Blue,F,71,73.1,102.1,123,37.0,36.1,37.0,124,36.1,122,51.6,50.5,37.0 / 124,36.1 / 122
5574,IA,White,F,71,70.0,97.4,116,35.5,34.5,35.5,117,34.5,115,49.3,48.1,35.5 / 117,34.5 / 115
5574,IA,Red,F,71,66.3,92.8,113,34.0,32.3,34.0,112,32.3,113,47.2,45.6,34.0 / 112,32.3 / 113
5559,IA,Blue,M,72,72.8,96.1,126,36.5,36.3,36.5,125,36.3,126,48.1,48.0,36.5 / 125,36.3 / 126
5559,IA,White,M,72,71.7,94.4,123,36.0,35.7,36.0,123,35.7,122,47.4,47.0,36.0 / 123,35.7 / 122
5559,IA,Gold,M,72,68.5,89.5,113,33.7,34.8,33.7,114,34.8,112,44.3,45.2,33.7 / 114,34.8 / 112
5559,IA,Red,M,72,67.0,87.4,110,32.9,34.1,32.9,111,34.1,109,43.2,44.2,32.9 / 111,34.1 / 109
5559,IA,Silver,M,72,62.7,81.7,102,30.8,31.9,30.8,101,31.9,103,40.2,41.5,30.8 / 101,31.9 / 103
5559,IA,Gold,F,72,74.1,103.4,124,36.9,37.2,36.9,117,37.2,131,50.7,52.7,36.9 / 117,37.2 / 131
5559,IA,Red,F,72,72.6,100.7,120,36.2,36.4,36.2,114,36.4,125,49.6,51.1,36.2 / 114,36.4 / 125
5559,IA,Silver,F,72,67.4,92.4,106,33.2,34.2,33.2,98,34.2,114,44.7,47.7,33.2 / 98,34.2 / 114
35726,IA,Blue,M,70,66.4,87.8,115,33.2,33.2,33.2,115,33.2,115,43.9,43.9,33.2 / 115,33.2 / 115
35726,IA,White,M,70,65.2,85.6,110,32.6,32.6,32.6,110,32.6,110,42.8,42.8,32.6 / 110,32.6 / 110
35726,IA,Red,M,70,62.8,81.2,99,31.4,31.4,31.4,99,31.4,99,40.6,40.6,31.4 / 99,31.4 / 99
35726,IA,Blue,F,70,71.6,100.0,120,35.8,35.8,35.8,120,35.8,120,50.0,50.0,35.8 / 120,35.8 / 120
35726,IA,White,F,70,69.6,96.6,114,34.8,34.8,34.8,114,34.8,114,48.3,48.3,34.8 / 114,34.8 / 114
35726,IA,Red,F,70,66.2,91.0,105,33.1,33.1,33.1,105,33.1,105,45.5,45.5,33.1 / 105,33.1 / 105
14741,IA,Blue,M,69,66.2,87.3,114,34.3,31.9,34.3,114,31.9,113,44.9,42.4,34.3 / 114,31.9 / 113
14741,IA,White,M,69,64.4,85.0,111,33.2,31.2,33.2,113,31.2,109,43.7,41.3,33.2 / 113,31.2 / 109
14741,IA,Red/Gold,M,69,60.7,79.6,102,31.0,29.7,31.0,104,29.7,99,40.7,38.9,31.0 / 104,29.7 / 99
14741,IA,Blue,F,69,71.0,98.7,118,36.4,34.6,36.4,121,34.6,114,50.7,48.0,36.4 / 121,34.6 / 114
14741,IA,White,F,69,68.6,94.8,111,35.2,33.4,35.2,114,33.4,108,48.7,46.1,35.2 / 114,33.4 / 108
14741,IA,Red,F,69,63.4,87.3,102,32.4,31.0,32.4,103,31.0,100,44.5,42.8,32.4 / 103,31.0 / 100
3573,IA,Blue,M,72,73.2,97.2,129,36.5,36.7,36.5,130,36.7,128,48.6,48.6,36.5 / 130,36.7 / 128
3573,IA,Green,M,72,71.8,95.0,125,35.7,36.1,35.7,123,36.1,127,47.1,47.9,35.7 / 123,36.1 / 127
3573,IA,White,M,72,71.1,94.1,124,35.4,35.7,35.4,122,35.7,126,46.7,47.4,35.4 / 122,35.7 / 126
3573,IA,Gold,M,72,68.6,90.2,117,34.1,34.5,34.1,112,34.5,121,44.5,45.7,34.1 / 112,34.5 / 121
3573,IA,Red-long,M,72,67.4,88.8,115,33.7,33.7,33.7,111,33.7,119,44.0,44.8,33.7 / 111,33.7 / 119
3573,IA,Red-short,M,72,67.2,88.4,114,33.5,33.7,33.5,110,33.7,118,43.7,44.7,33.5 / 110,33.7 / 118
3573,IA,Silver,M,72,61.2,80.9,106,30.4,30.8,30.4,102,30.8,110,39.9,41.0,30.4 / 102,30.8 / 110
3573,IA,Gold,F,72,74.6,104.6,127,37.1,37.5,37.1,120,37.5,134,51.3,53.3,37.1 / 120,37.5 / 134
3573,IA,Red-long,F,72,73.1,101.1,119,36.4,36.7,36.4,116,36.7,121,50.1,51.0,36.4 / 116,36.7 / 121
3573,IA,Red-short,F,72,73.0,100.9,118,36.4,36.6,36.4,116,36.6,120,50.1,50.8,36.4 / 116,36.6 / 120
3573,IA,Silver,F,72,64.9,89.0,103,32.2,32.7,32.2,102,32.7,103,44.2,44.8,32.2 / 102,32.7 / 103
29192,IA,Black,M,72,70.2,92.2,118,35.1,35.1,35.1,118,35.1,118,46.1,46.1,35.1 / 118,35.1 / 118
29192,IA,Blue,M,72,69.0,90.8,117,34.5,34.5,34.5,117,34.5,117,45.4,45.4,34.5 / 117,34.5 / 117
29192,IA,Red,M,72,64.0,82.0,97,32.0,32.0,32.0,97,32.0,97,41.0,41.0,32.0 / 97,32.0 / 97
29192,IA,Red,F,72,68.6,94.2,109,34.3,34.3,34.3,109,34.3,109,47.1,47.1,34.3 / 109,34.3 / 109
5578,IA,White,M,71,67.3,86.8,105,32.6,34.7,32.6,102,34.7,108,42.1,44.7,32.6 / 102,34.7 / 108
5578,IA,Gold,M,71,64.9,83.1,98,32.2,32.7,32.2,97,32.7,99,41.2,41.9,32.2 / 97,32.7 / 99
5578,IA,Gold,F,72,69.9,96.6,113,34.6,35.3,34.6,115,35.3,111,48.2,48.4,34.6 / 115,35.3 / 111
5578,IA,Red,F,72,67.8,92.3,104,33.8,34.0,33.8,104,34.0,103,46.1,46.2,33.8 / 104,34.0 / 103
15044,IA,BLUE,M,70,70.9,94.2,126,36.5,34.4,36.5,129,34.4,122,48.5,45.7,36.5 / 129,34.4 / 122
15044,IA,WHITE,M,70,68.4,91.3,123,35.3,33.1,35.3,129,33.1,117,47.3,44.0,35.3 / 129,33.1 / 117
15044,IA,GOLD,M,70,64.3,84.9,111,33.1,31.2,33.1,117,31.2,104,44.0,40.9,33.1 / 117,31.2 / 104
15044,IA,White,F,70,73.5,103.5,127,38.1,35.4,38.1,131,35.4,123,53.6,49.9,38.1 / 131,35.4 / 123
15044,IA,GOLD,F,70,68.4,95.9,117,35.4,33.0,35.4,120,33.0,113,49.6,46.3,35.4 / 120,33.0 / 113
15044,IA,RED,F,70,66.8,92.5,109,34.5,32.3,34.5,110,32.3,108,47.5,45.0,34.5 / 110,32.3 / 108
18115,IA,Blue,M,71,71.0,94.1,125,35.4,35.6,35.4,123,35.6,126,46.8,47.3,35.4 / 123,35.6 / 126
18115,IA,White,M,71,69.4,92.2,123,34.6,34.8,34.6,121,34.8,125,45.8,46.4,34.6 / 121,34.8 / 125
18115,IA,Gold,M,71,66.7,88.3,116,33.6,33.1,33.6,116,33.1,116,44.4,43.9,33.6 / 116,33.1 / 116
18115,IA,Aqua,M,71,64.4,84.3,108,32.4,32.0,32.4,108,32.0,107,42.4,41.9,32.4 / 108,32.0 / 107
18115,IA,Red,M,71,64.2,83.9,106,32.3,31.9,32.3,107,31.9,105,42.2,41.7,32.3 / 107,31.9 / 105
18115,IA,Blue,F,71,76.8,107.4,130,38.2,38.6,38.2,126,38.6,134,53.0,54.4,38.2 / 126,38.6 / 134
18115,IA,White,F,71,75.0,104.6,126,37.3,37.7,37.3,121,37.7,130,51.6,53.0,37.3 / 121,37.7 / 130
18115,IA,Gold,F,71,71.7,99.9,120,35.9,35.8,35.9,117,35.8,122,49.7,50.2,35.9 / 117,35.8 / 122
18115,IA,Aqua,F,71,68.9,96.6,118,34.7,34.2,34.7,115,34.2,120,48.3,48.3,34.7 / 115,34.2 / 120
18115,IA,Red,F,71,68.5,95.9,116,34.5,34.0,34.5,114,34.0,118,48.0,47.9,34.5 / 114,34.0 / 118
2350,IA,Blue,M,72,70.5,91.8,115,34.5,36.0,34.5,112,36.0,117,44.9,46.9,34.5 / 112,36.0 / 117
2350,IA,White,M,72,69.1,90.0,113,34.1,35.0,34.1,111,35.0,114,44.4,45.6,34.1 / 111,35.0 / 114
2350,IA,White-Gold,M,72,67.7,88.1,110,33.6,34.1,33.6,107,34.1,113,43.5,44.6,33.6 / 107,34.1 / 113
2350,IA,Gold,M,72,65.7,85.2,105,32.9,32.8,32.9,104,32.8,105,42.6,42.6,32.9 / 104,32.8 / 105
2350,IA,Red,M,72,65.2,84.4,103,32.9,32.3,32.9,104,32.3,102,42.6,41.8,32.9 / 104,32.3 / 102
2350,IA,Blue,F,72,77.4,107.6,128,37.9,39.5,37.9,129,39.5,127,53.1,54.5,37.9 / 129,39.5 / 127
2350,IA,White,F,72,75.9,105.3,125,37.5,38.4,37.5,127,38.4,122,52.5,52.8,37.5 / 127,38.4 / 122
2350,IA,White-Gold,F,72,74.2,102.8,122,36.7,37.5,36.7,124,37.5,119,51.3,51.5,36.7 / 124,37.5 / 119
2350,IA,Gold,F,72,72.1,99.5,116,36.1,36.0,36.1,120,36.0,112,50.3,49.2,36.1 / 120,36.0 / 112
2350,IA,Red,F,72,71.5,98.9,116,36.1,35.4,36.1,120,35.4,112,50.3,48.6,36.1 / 120,35.4 / 112
2300,IA,Championship,M,72,76.4,102.9,143,37.5,38.9,37.5,138,38.9,147,50.3,52.6,37.5 / 138,38.9 / 147
2300,IA,Championship/Back Combo,M,72,75.0,100.9,140,37.2,37.8,37.2,137,37.8,142,49.9,51.0,37.2 / 137,37.8 / 142
2300,IA,Back,M,72,73.0,98.1,135,35.9,37.1,35.9,131,37.1,139,48.1,50.0,35.9 / 131,37.1 / 139
2300,IA,Back/Ross Combo,M,72,70.9,95.3,132,35.1,35.8,35.1,126,35.8,137,46.8,48.5,35.1 / 126,35.8 / 137
2300,IA,Ross,M,72,69.3,93.2,129,33.9,35.4,33.9,124,35.4,133,45.4,47.8,33.9 / 124,35.4 / 133
2300,IA,Ross/Forward Combo,M,72,66.5,89.6,125,33.3,33.2,33.3,122,33.2,127,44.6,45.0,33.3 / 122,33.2 / 127
2300,IA,Forward,M,72,64.6,86.8,120,32.2,32.4,32.2,116,32.4,123,43.0,43.8,32.2 / 116,32.4 / 123
2300,IA,Championship,F,72,83.3,119.3,153,41.1,42.2,41.1,150,42.2,155,58.8,60.5,41.1 / 150,42.2 / 155
2300,IA,Championship/Back Combo,F,72,81.6,116.7,149,40.8,40.8,40.8,148,40.8,149,58.3,58.4,40.8 / 148,40.8 / 149
2300,IA,Back,F,72,79.1,112.9,144,39.2,39.9,39.2,142,39.9,145,55.9,57.0,39.2 / 142,39.9 / 145
2300,IA,Back/Ross Combo,F,72,76.6,109.2,138,38.1,38.5,38.1,137,38.5,139,54.3,54.9,38.1 / 137,38.5 / 139
2300,IA,Ross,F,72,74.8,106.6,135,36.9,37.9,36.9,132,37.9,137,52.5,54.1,36.9 / 132,37.9 / 137
2300,IA,Ross/Forward Combo,F,72,71.5,101.8,129,36.1,35.4,36.1,128,35.4,129,51.2,50.6,36.1 / 128,35.4 / 129
2300,IA,Forward,F,72,69.2,97.7,121,34.6,34.6,34.6,118,34.6,124,48.5,49.2,34.6 / 118,34.6 / 124
2324,IA,Blue,M,72,72.6,94.6,118,36.2,36.4,36.2,117,36.4,119,47.1,47.5,36.2 / 117,36.4 / 119
2324,IA,White,M,72,69.9,91.2,115,34.9,35.0,34.9,113,35.0,116,45.4,45.8,34.9 / 113,35.0 / 116
2324,IA,Gold,M,72,65.4,84.7,104,32.5,32.9,32.5,104,32.9,103,42.2,42.5,32.5 / 104,32.9 / 103
2324,IA,Red,M,72,65.3,84.7,104,32.5,32.8,32.5,103,32.8,105,42.1,42.6,32.5 / 103,32.8 / 105
2324,IA,Orange,M,72,59.3,76.0,90,29.5,29.8,29.5,89,29.8,90,37.8,38.2,29.5 / 89,29.8 / 90
2324,IA,Blue,F,72,79.0,110.3,133,39.3,39.7,39.3,131,39.7,134,54.8,55.5,39.3 / 131,39.7 / 134
2324,IA,White,F,72,75.8,105.5,126,37.8,38.0,37.8,126,38.0,126,52.6,52.9,37.8 / 126,38.0 / 126
2324,IA,Gold,F,72,71.8,100.6,123,35.8,36.0,35.8,120,36.0,125,49.9,50.7,35.8 / 120,36.0 / 125
2324,IA,Red,F,72,69.4,96.7,116,34.6,34.8,34.6,113,34.8,119,47.9,48.8,34.6 / 113,34.8 / 119
2324,IA,Orange,F,72,62.4,85.5,98,31.0,31.4,31.0,97,31.4,99,42.4,43.1,31.0 / 97,31.4 / 99
32222,IA,White,M,72,70.4,91.4,113,35.2,35.2,35.2,113,35.2,113,45.7,45.7,35.2 / 113,35.2 / 113
32222,IA,Blue,M,72,68.6,89.0,110,34.3,34.3,34.3,110,34.3,110,44.5,44.5,34.3 / 110,34.3 / 110
32222,IA,Red/Gold,M,72,64.4,84.0,105,32.2,32.2,32.2,105,32.2,105,42.0,42.0,32.2 / 105,32.2 / 105
32222,IA,White,F,72,76.0,105.8,126,38.0,38.0,38.0,126,38.0,126,52.9,52.9,38.0 / 126,38.0 / 126
32222,IA,Blue,F,72,73.6,102.4,122,36.8,36.8,36.8,122,36.8,122,51.2,51.2,36.8 / 122,36.8 / 122
32222,IA,Red/Gold,F,72,68.6,95.8,115,34.3,34.3,34.3,115,34.3,115,47.9,47.9,34.3 / 115,34.3 / 115
2328,IA,Blue - Championship,M,72,70.2,93.0,123,35.1,35.1,35.1,123,35.1,123,46.5,46.5,35.1 / 123,35.1 / 123
2328,IA,Blue,M,72,69.2,92.0,123,34.6,34.6,34.6,123,34.6,123,46.0,46.0,34.6 / 123,34.6 / 123
2328,IA,White,M,72,67.8,89.2,115,33.9,33.9,33.9,115,33.9,115,44.6,44.6,33.9 / 115,33.9 / 115
2328,IA,Red,M,76,67.2,88.4,114,33.6,33.6,33.6,114,33.6,114,44.2,44.2,33.6 / 114,33.6 / 114
2328,IA,White,F,76,73.8,104.8,131,36.9,36.9,36.9,131,36.9,131,52.4,52.4,36.9 / 131,36.9 / 131
2328,IA,Red,F,76,73.2,103.8,130,36.6,36.6,36.6,130,36.6,130,51.9,51.9,36.6 / 130,36.6 / 130
2328,IA,Red - Short,F,76,71.8,101.6,126,35.9,35.9,35.9,126,35.9,126,50.8,50.8,35.9 / 126,35.9 / 126
2284,IA,Blue,M,68,65.5,85.8,110,32.2,33.3,32.2,110,33.3,109,42.4,43.4,32.2 / 110,33.3 / 109
2284,IA,White,M,68,64.0,83.9,108,31.7,32.3,31.7,107,32.3,108,41.6,42.3,31.7 / 107,32.3 / 108
2284,IA,Red,M,68,63.1,82.6,105,31.2,31.9,31.2,104,31.9,105,40.9,41.7,31.2 / 104,31.9 / 105
2284,IA,Blue,F,69,70.0,98.4,120,34.3,35.7,34.3,120,35.7,120,48.5,49.9,34.3 / 120,35.7 / 120
2284,IA,White,F,69,68.2,95.1,114,33.4,34.8,33.4,113,34.8,115,46.7,48.4,33.4 / 113,34.8 / 115
2284,IA,Red,F,69,67.0,92.9,110,32.6,34.4,32.6,109,34.4,111,45.4,47.5,32.6 / 109,34.4 / 111
5487,IA,Blue,M,72,71.4,94.0,122,35.7,35.7,35.7,122,35.7,122,47.0,47.0,35.7 / 122,35.7 / 122
5487,IA,White,M,72,70.6,92.8,119,35.3,35.3,35.3,119,35.3,119,46.4,46.4,35.3 / 119,35.3 / 119
5487,IA,Gold,M,72,66.8,88.2,115,33.4,33.4,33.4,115,33.4,115,44.1,44.1,33.4 / 115,33.4 / 115
5487,IA,Red,M,72,65.8,86.8,113,32.9,32.9,32.9,113,32.9,113,43.4,43.4,32.9 / 113,32.9 / 113
5487,IA,Blue,F,72,77.4,107.4,127,38.7,38.7,38.7,127,38.7,127,53.7,53.7,38.7 / 127,38.7 / 127
5487,IA,White,F,72,76.2,105.6,125,38.1,38.1,38.1,125,38.1,125,52.8,52.8,38.1 / 125,38.1 / 125
5487,IA,Gold,F,72,72.2,99.4,115,36.1,36.1,36.1,115,36.1,115,49.7,49.7,36.1 / 115,36.1 / 115
5487,IA,Red,F,72,70.8,97.8,114,35.4,35.4,35.4,114,35.4,114,48.9,48.9,35.4 / 114,35.4 / 114
5489,IA,Black,M,71,72.6,96.3,128,36.2,36.4,36.2,124,36.4,131,47.7,48.6,36.2 / 124,36.4 / 131
5489,IA,Blue,M,71,70.5,93.3,123,35.3,35.2,35.3,117,35.2,128,46.2,47.1,35.3 / 117,35.2 / 128
5489,IA,White,M,71,68.4,90.5,119,34.2,34.2,34.2,113,34.2,125,44.7,45.8,34.2 / 113,34.2 / 125
5489,IA,White/Red Combo,M,71,65.8,86.3,111,33.4,32.4,33.4,108,32.4,113,43.4,42.9,33.4 / 108,32.4 / 113
5489,IA,Red,M,71,64.1,83.2,103,32.1,32.0,32.1,100,32.0,105,41.4,41.8,32.1 / 100,32.0 / 105
5489,IA,Black,F,71,78.7,111.5,139,39.3,39.4,39.3,135,39.4,143,55.2,56.3,39.3 / 135,39.4 / 143
5489,IA,Blue,F,71,76.6,108.3,135,38.4,38.2,38.4,131,38.2,138,53.8,54.5,38.4 / 131,38.2 / 138
5489,IA,White,F,71,73.9,104.2,129,37.0,36.9,37.0,125,36.9,132,51.7,52.5,37.0 / 125,36.9 / 132
5489,IA,White/Red Combo,F,71,70.6,98.0,116,35.8,34.8,35.8,115,34.8,117,49.4,48.6,35.8 / 115,34.8 / 117
5489,IA,Red,F,71,69.1,95.6,112,34.6,34.5,34.6,110,34.5,114,47.6,48.0,34.6 / 110,34.5 / 114
18116,IA,Red,M,72,68.4,90.4,118,34.2,34.2,34.2,118,34.2,118,45.2,45.2,34.2 / 118,34.2 / 118
18116,IA,Blue,M,72,67.2,88.4,114,33.6,33.6,33.6,114,33.6,114,44.2,44.2,33.6 / 114,33.6 / 114
18116,IA,White,M,72,63.8,83.6,107,31.9,31.9,31.9,107,31.9,107,41.8,41.8,31.9 / 107,31.9 / 107
18116,IA,Blue,F,72,72.8,101.8,123,36.4,36.4,36.4,123,36.4,123,50.9,50.9,36.4 / 123,36.4 / 123
18116,IA,White,F,72,69.2,96.1,114,34.6,34.6,34.6,114,34.6,114,48.1,48.0,34.6 / 114,34.6 / 114
2285,IA,Blue,M,71,70.2,92.3,119,35.6,34.6,35.6,119,34.6,118,46.7,45.6,35.6 / 119,34.6 / 118
2285,IA,White,M,71,68.1,90.2,118,34.4,33.7,34.4,121,33.7,115,45.6,44.4,34.4 / 121,33.7 / 115
2285,IA,Yellow,M,71,65.5,86.1,111,33.0,32.5,33.0,114,32.5,108,43.6,42.5,33.0 / 114,32.5 / 108
2285,IA,Red,M,71,63.3,81.9,100,31.7,31.6,31.7,104,31.6,96,41.4,40.5,31.7 / 104,31.6 / 96
2285,IA,Blue,F,71,76.2,107.2,131,38.7,37.5,38.7,131,37.5,131,54.2,53.0,38.7 / 131,37.5 / 131
2285,IA,White,F,71,74.1,103.6,126,37.5,36.6,37.5,125,36.6,126,52.2,51.4,37.5 / 125,36.6 / 126
2285,IA,Yellow,F,71,70.7,99.1,121,35.7,35.0,35.7,120,35.0,121,49.8,49.3,35.7 / 120,35.0 / 121
2285,IA,Red,F,71,67.7,94.0,112,34.1,33.6,34.1,111,33.6,112,47.2,46.8,34.1 / 111,33.6 / 112
5491,IA,Black,M,71,69.8,92.9,125,34.6,35.2,34.6,127,35.2,122,46.4,46.5,34.6 / 127,35.2 / 122
5491,IA,White,M,71,68.5,91.1,122,34.0,34.5,34.0,125,34.5,118,45.6,45.5,34.0 / 125,34.5 / 118
5491,IA,White/Gold Combo,M,71,66.4,87.8,115,33.6,32.8,33.6,117,32.8,113,44.5,43.3,33.6 / 117,32.8 / 113
5491,IA,Gold,M,71,64.4,84.9,111,32.8,31.6,32.8,112,31.6,109,43.2,41.7,32.8 / 112,31.6 / 109
5491,IA,Red,M,71,63.7,83.7,108,32.2,31.5,32.2,107,31.5,109,42.1,41.6,32.2 / 107,31.5 / 109
5491,IA,Black,F,71,76.1,107.4,133,38.0,38.1,38.0,135,38.1,131,53.9,53.5,38.0 / 135,38.1 / 131
5491,IA,White,F,71,74.5,105.0,129,37.2,37.3,37.2,132,37.3,126,52.8,52.2,37.2 / 132,37.3 / 126
5491,IA,White/Gold Combo,F,71,72.1,101.5,125,36.3,35.8,36.3,128,35.8,121,51.4,50.1,36.3 / 128,35.8 / 121
5491,IA,Gold,F,71,69.9,98.1,120,35.4,34.5,35.4,124,34.5,115,50.0,48.1,35.4 / 124,34.5 / 115
5491,IA,Red,F,71,68.8,96.1,116,34.6,34.2,34.6,118,34.2,114,48.5,47.6,34.6 / 118,34.2 / 114
5607,IA,Blue,M,72,71.2,92.6,115,35.6,35.6,35.6,115,35.6,115,46.3,46.3,35.6 / 115,35.6 / 115
5607,IA,Gold,M,72,70.4,91.4,113,35.2,35.2,35.2,113,35.2,113,45.7,45.7,35.2 / 113,35.2 / 113
5607,IA,Blue (Temp),M,70,69.4,90.0,111,34.7,34.7,34.7,111,34.7,111,45.0,45.0,34.7 / 111,34.7 / 111
5607,IA,Red,M,72,69.2,89.8,111,34.6,34.6,34.6,111,34.6,111,44.9,44.9,34.6 / 111,34.6 / 111
5607,IA,Gold (Temp),M,70,68.6,89.0,110,34.3,34.3,34.3,110,34.3,110,44.5,44.5,34.3 / 110,34.3 / 110
5607,IA,Red (Temp),M,70,67.4,87.4,108,33.7,33.7,33.7,108,33.7,108,43.7,43.7,33.7 / 108,33.7 / 108
5607,IA,Red,F,76,74.4,101.4,114,37.2,37.2,37.2,114,37.2,114,50.7,50.7,37.2 / 114,37.2 / 114
5607,IA,Red (Temp),F,74,72.4,98.2,109,36.2,36.2,36.2,109,36.2,109,49.1,49.1,36.2 / 109,36.2 / 109
5572,IA,Blue,M,72,69.0,91.8,123,34.5,34.5,34.5,123,34.5,123,45.9,45.9,34.5 / 123,34.5 / 123
5572,IA,White,M,72,68.4,90.6,119,34.2,34.2,34.2,119,34.2,119,45.3,45.3,34.2 / 119,34.2 / 119
5572,IA,Green,M,70,63.8,83.0,103,31.9,31.9,31.9,103,31.9,103,41.5,41.5,31.9 / 103,31.9 / 103
5572,IA,Blue,F,72,75.2,105.2,127,37.6,37.6,37.6,127,37.6,127,52.6,52.6,37.6 / 127,37.6 / 127
5572,IA,White,F,72,74.2,102.6,120,37.1,37.1,37.1,120,37.1,120,51.3,51.3,37.1 / 120,37.1 / 120
5572,IA,Red,F,70,68.4,94.4,110,34.2,34.2,34.2,110,34.2,110,47.2,47.2,34.2 / 110,34.2 / 110
5529,IA,White,M,72,71.0,93.8,123,35.5,35.5,35.5,123,35.5,123,46.9,46.9,35.5 / 123,35.5 / 123
5529,IA,Gold,M,70,65.0,86.0,113,32.5,32.5,32.5,113,32.5,113,43.0,43.0,32.5 / 113,32.5 / 113
5529,IA,Red,F,74,70.2,97.4,115,35.1,35.1,35.1,115,35.1,115,48.7,48.7,35.1 / 115,35.1 / 115
2333,IA,Black,M,71,73.9,99.5,138,36.7,37.2,36.7,132,37.2,143,49.0,50.5,36.7 / 132,37.2 / 143
2333,IA,Blue,M,71,72.1,97.5,137,35.7,36.4,35.7,132,36.4,141,48.0,49.5,35.7 / 132,36.4 / 141
2333,IA,Blue-White,M,71,70.8,95.2,133,35.2,35.6,35.2,129,35.6,136,47.2,48.1,35.2 / 129,35.6 / 136
2333,IA,White,M,71,70.1,94.5,132,34.9,35.2,34.9,128,35.2,135,46.8,47.7,34.9 / 128,35.2 / 135
2333,IA,White-Silver,M,71,67.8,91.4,127,34.0,33.8,34.0,127,33.8,127,45.8,45.6,34.0 / 127,33.8 / 127
2333,IA,Silver,M,71,66.5,89.8,126,33.2,33.3,33.2,123,33.3,128,44.6,45.2,33.2 / 123,33.3 / 128
2333,IA,Red,M,71,66.1,89.1,124,33.0,33.1,33.0,121,33.1,127,44.2,44.9,33.0 / 121,33.1 / 127
2333,IA,Black,F,71,80.4,114.8,146,39.8,40.6,39.8,148,40.6,144,57.2,57.6,39.8 / 148,40.6 / 144
2333,IA,Blue,F,71,78.3,111.6,141,38.7,39.6,38.7,142,39.6,140,55.5,56.1,38.7 / 142,39.6 / 140
2333,IA,Blue-White,F,71,76.7,109.3,139,38.1,38.6,38.1,140,38.6,137,54.6,54.7,38.1 / 140,38.6 / 137
2333,IA,White,F,71,76.0,108.3,137,37.7,38.3,37.7,139,38.3,135,54.1,54.2,37.7 / 139,38.3 / 135
2333,IA,White-Silver,F,71,73.3,104.2,131,36.8,36.5,36.8,135,36.5,127,52.7,51.5,36.8 / 135,36.5 / 127
2333,IA,Silver,F,71,72.2,102.4,129,36.0,36.2,36.0,131,36.2,126,51.4,51.0,36.0 / 131,36.2 / 126
2333,IA,Red,F,71,71.6,101.4,127,35.7,35.9,35.7,129,35.9,124,50.9,50.5,35.7 / 129,35.9 / 124
5604,IA,Black,M,70,74.3,100.2,140,37.6,36.7,37.6,144,36.7,135,51.0,49.2,37.6 / 144,36.7 / 135
5604,IA,Blue,M,71,72.3,97.8,137,36.4,35.9,36.4,141,35.9,133,49.5,48.3,36.4 / 141,35.9 / 133
5604,IA,White,M,71,70.7,95.2,132,35.7,35.0,35.7,135,35.0,129,48.2,47.0,35.7 / 135,35.0 / 129
5604,IA,White/Silver Combo,M,71,68.2,91.9,128,34.7,33.5,34.7,129,33.5,126,46.7,45.2,34.7 / 129,33.5 / 126
5604,IA,Silver,M,71,66.4,88.7,120,33.9,32.5,33.9,124,32.5,116,45.4,43.3,33.9 / 124,32.5 / 116
5604,IA,Silver/Gold Combo,M,71,65.5,87.1,116,33.3,32.2,33.3,119,32.2,113,44.4,42.7,33.3 / 119,32.2 / 113
5604,IA,Gold,M,71,64.3,85.7,115,32.6,31.7,32.6,114,31.7,116,43.2,42.5,32.6 / 114,31.7 / 116
5604,IA,Black,F,71,80.0,114.3,146,40.6,39.4,40.6,151,39.4,140,58.4,55.9,40.6 / 151,39.4 / 140
5604,IA,Blue,F,71,78.0,111.1,141,39.4,38.6,39.4,144,38.6,137,56.4,54.7,39.4 / 144,38.6 / 137
5604,IA,White,F,71,76.0,108.0,136,38.5,37.5,38.5,140,37.5,131,55.0,53.0,38.5 / 140,37.5 / 131
5604,IA,White/Silver Combo,F,71,73.2,103.8,130,37.2,36.0,37.2,134,36.0,126,53.0,50.8,37.2 / 134,36.0 / 126
5604,IA,Silver,F,71,71.2,100.9,126,36.3,34.9,36.3,131,34.9,120,51.8,49.1,36.3 / 131,34.9 / 120
5604,IA,Silver/Gold Combo,F,71,69.9,99.3,125,35.5,34.4,35.5,128,34.4,121,50.6,48.7,35.5 / 128,34.4 / 121
5604,IA,Gold,F,71,68.8,97.6,123,34.8,34.0,34.8,125,34.0,120,49.5,48.1,34.8 / 125,34.0 / 120
5632,IA,Black,M,72,71.6,94.0,121,35.9,35.7,35.9,119,35.7,122,47.0,47.0,35.9 / 119,35.7 / 122
5632,IA,White,M,72,69.0,90.8,117,34.7,34.3,34.7,115,34.3,119,45.4,45.4,34.7 / 115,34.3 / 119
5632,IA,Gold,M,72,66.1,86.2,109,33.1,33.0,33.1,107,33.0,110,43.0,43.2,33.1 / 107,33.0 / 110
5632,IA,Purple,M,72,63.3,82.4,103,31.7,31.6,31.7,101,31.6,104,41.1,41.3,31.7 / 101,31.6 / 104
5632,IA,Black,F,72,76.7,106.2,125,38.6,38.1,38.6,122,38.1,128,53.0,53.2,38.6 / 122,38.1 / 128
5632,IA,White,F,72,74.2,102.4,120,37.3,36.9,37.3,116,36.9,123,51.0,51.4,37.3 / 116,36.9 / 123
5632,IA,Gold,F,72,71.2,97.9,113,35.7,35.5,35.7,110,35.5,116,48.7,49.2,35.7 / 110,35.5 / 116
5632,IA,Purple,F,72,68.1,94.2,111,34.2,33.9,34.2,110,33.9,111,47.2,47.0,34.2 / 110,33.9 / 111
2327,IA,Black,M,72,72.8,96.8,129,36.4,36.4,36.4,129,36.4,129,48.4,48.4,36.4 / 129,36.4 / 129
2327,IA,Blue,M,72,71.2,94.4,125,35.6,35.6,35.6,125,35.6,125,47.2,47.2,35.6 / 125,35.6 / 125
2327,IA,White,M,72,69.2,90.6,115,34.6,34.6,34.6,115,34.6,115,45.3,45.3,34.6 / 115,34.6 / 115
2327,IA,Gold,M,72,66.4,86.8,110,33.2,33.2,33.2,110,33.2,110,43.4,43.4,33.2 / 110,33.2 / 110
2327,IA,Red,M,72,65.4,85.6,109,32.7,32.7,32.7,109,32.7,109,42.8,42.8,32.7 / 109,32.7 / 109
2327,IA,Black,F,72,79.2,110.4,132,39.6,39.6,39.6,132,39.6,132,55.2,55.2,39.6 / 132,39.6 / 132
2327,IA,Blue,F,72,77.4,107.8,129,38.7,38.7,38.7,129,38.7,129,53.9,53.9,38.7 / 129,38.7 / 129
2327,IA,White,F,72,74.4,103.4,123,37.2,37.2,37.2,123,37.2,123,51.7,51.7,37.2 / 123,37.2 / 123
2327,IA,Gold,F,72,71.0,99.0,119,35.5,35.5,35.5,119,35.5,119,49.5,49.5,35.5 / 119,35.5 / 119
2327,IA,Red,F,72,69.8,97.6,118,34.9,34.9,34.9,118,34.9,118,48.8,48.8,34.9 / 118,34.9 / 118
5608,IA,Blue,M,72,71.0,94.8,128,35.5,35.5,35.5,128,35.5,128,47.4,47.4,35.5 / 128,35.5 / 128
5608,IA,White,M,72,68.6,91.4,123,34.3,34.3,34.3,123,34.3,123,45.7,45.7,34.3 / 123,34.3 / 123
5608,IA,Gold,M,72,67.2,88.8,116,33.6,33.6,33.6,116,33.6,116,44.4,44.4,33.6 / 116,33.6 / 116
5608,IA,Red,M,72,65.2,86.2,113,32.6,32.6,32.6,113,32.6,113,43.1,43.1,32.6 / 113,32.6 / 113
5608,IA,Blue,F,72,77.4,107.4,127,38.7,38.7,38.7,127,38.7,127,53.7,53.7,38.7 / 127,38.7 / 127
5608,IA,White,F,72,74.4,103.2,122,37.2,37.2,37.2,122,37.2,122,51.6,51.6,37.2 / 122,37.2 / 122
5608,IA,Gold,F,72,72.4,99.8,116,36.2,36.2,36.2,116,36.2,116,49.9,49.9,36.2 / 116,36.2 / 116
5608,IA,Red,F,72,70.6,97.0,112,35.3,35.3,35.3,112,35.3,112,48.5,48.5,35.3 / 112,35.3 / 112
5503,IA,Black,M,72,75.4,100.9,137,37.4,38.0,37.4,131,38.0,143,49.6,51.3,37.4 / 131,38.0 / 143
5503,IA,Green/Black,M,72,73.6,98.4,134,36.8,36.8,36.8,128,36.8,139,48.7,49.7,36.8 / 128,36.8 / 139
5503,IA,Green,M,72,72.6,97.0,132,36.1,36.5,36.1,125,36.5,138,47.7,49.3,36.1 / 125,36.5 / 138
5503,IA,Blue/Green,M,72,70.5,94.1,127,35.4,35.1,35.4,124,35.1,130,46.9,47.2,35.4 / 124,35.1 / 130
5503,IA,Blue,M,72,68.6,91.5,124,34.0,34.6,34.0,122,34.6,125,45.3,46.2,34.0 / 122,34.6 / 125
5503,IA,Blue/Bronze,M,72,66.4,87.5,114,33.1,33.3,33.1,113,33.3,114,43.6,43.9,33.1 / 113,33.3 / 114
5503,IA,Bronze,M,72,64.1,83.6,105,32.2,31.9,32.2,105,31.9,104,42.0,41.6,32.2 / 105,31.9 / 104
5503,IA,Scoring,M,72,59.2,76.3,92,29.7,29.5,29.7,95,29.5,89,38.5,37.8,29.7 / 95,29.5 / 89
5503,IA,Black,F,72,82.7,117.4,147,40.9,41.8,40.9,144,41.8,150,57.9,59.5,40.9 / 144,41.8 / 150
5503,IA,Green/Black,F,72,80.6,114.2,143,40.3,40.3,40.3,142,40.3,144,56.9,57.3,40.3 / 142,40.3 / 144
5503,IA,Green,F,72,79.4,112.5,140,39.4,40.0,39.4,138,40.0,142,55.7,56.8,39.4 / 138,40.0 / 142
5503,IA,Blue/Green,F,72,77.2,109.3,136,38.7,38.5,38.7,135,38.5,137,54.6,54.7,38.7 / 135,38.5 / 137
5503,IA,Blue,F,72,74.9,105.8,131,37.1,37.8,37.1,128,37.8,134,52.2,53.6,37.1 / 128,37.8 / 134
5503,IA,Blue/Bronze,F,72,72.1,101.4,124,35.8,36.3,35.8,120,36.3,128,50.0,51.4,35.8 / 120,36.3 / 128
5503,IA,Bronze,F,72,68.7,96.4,118,34.3,34.4,34.3,115,34.4,120,47.9,48.5,34.3 / 115,34.4 / 120
5503,IA,Scoring,F,72,61.3,85.1,101,30.7,30.6,30.7,99,30.6,103,42.4,42.7,30.7 / 99,30.6 / 103
5502,IA,Black,M,72,74.9,100.5,138,37.1,37.8,37.1,136,37.8,140,49.7,50.8,37.1 / 136,37.8 / 140
5502,IA,Green/Black,M,72,73.6,98.8,136,36.6,37.0,36.6,133,37.0,138,49.0,49.8,36.6 / 133,37.0 / 138
5502,IA,Green,M,72,72.3,96.9,133,35.9,36.4,35.9,130,36.4,135,48.0,48.9,35.9 / 130,36.4 / 135
5502,IA,Blue/Green,M,72,70.3,93.8,127,34.6,35.7,34.6,123,35.7,130,46.0,47.8,34.6 / 123,35.7 / 130
5502,IA,Blue,M,72,69.1,91.9,123,34.1,35.0,34.1,121,35.0,125,45.3,46.6,34.1 / 121,35.0 / 125
5502,IA,Blue/Bronze,M,72,66.7,87.5,112,32.9,33.8,32.9,110,33.8,114,43.1,44.4,32.9 / 110,33.8 / 114
5502,IA,Bronze,M,72,65.2,85.5,110,32.4,32.8,32.4,108,32.8,111,42.4,43.1,32.4 / 108,32.8 / 111
5502,IA,Scoring,M,72,59.6,77.7,98,30.0,29.6,30.0,98,29.6,97,39.1,38.6,30.0 / 98,29.6 / 97
5502,IA,Black,F,72,81.8,115.5,143,40.6,41.2,40.6,141,41.2,145,57.2,58.3,40.6 / 141,41.2 / 145
5502,IA,Green/Black,F,72,80.4,113.4,140,40.0,40.4,40.0,138,40.4,142,56.3,57.1,40.0 / 138,40.4 / 142
5502,IA,Green,F,72,78.7,110.9,137,39.1,39.6,39.1,135,39.6,138,55.0,55.9,39.1 / 135,39.6 / 138
5502,IA,Blue/Green,F,72,76.7,107.7,132,37.8,38.9,37.8,128,38.9,135,52.9,54.8,37.8 / 128,38.9 / 135
5502,IA,Blue,F,72,75.2,105.4,129,37.2,38.0,37.2,126,38.0,131,52.0,53.4,37.2 / 126,38.0 / 131
5502,IA,Blue/Bronze,F,72,71.7,100.4,122,35.5,36.2,35.5,119,36.2,125,49.5,50.9,35.5 / 119,36.2 / 125
5502,IA,Bronze,F,72,70.1,98.4,120,35.0,35.1,35.0,117,35.1,123,48.8,49.6,35.0 / 117,35.1 / 123
5502,IA,Scoring,F,72,62.8,87.2,104,31.8,31.0,31.8,103,31.0,104,43.9,43.3,31.8 / 103,31.0 / 104
23645,IA,Black,M,72,75.2,100.3,136,37.8,37.4,37.8,140,37.4,131,50.7,49.6,37.8 / 140,37.4 / 131
23645,IA,Green-Black,M,72,73.8,98.5,133,37.0,36.8,37.0,138,36.8,128,49.8,48.7,37.0 / 138,36.8 / 128
23645,IA,Green,M,72,72.5,96.6,130,36.4,36.1,36.4,135,36.1,125,48.9,47.7,36.4 / 135,36.1 / 125
23645,IA,Blue-Green,M,72,71.1,94.7,127,35.7,35.4,35.7,130,35.4,124,47.8,46.9,35.7 / 130,35.4 / 124
23645,IA,Blue,M,72,69.0,91.9,124,35.0,34.0,35.0,125,34.0,122,46.6,45.3,35.0 / 125,34.0 / 122
23645,IA,Blue-Bronze,M,72,66.9,88.0,114,33.8,33.1,33.8,114,33.1,113,44.4,43.6,33.8 / 114,33.1 / 113
23645,IA,Bronze,M,72,65.0,85.1,108,32.8,32.2,32.8,111,32.2,105,43.1,42.0,32.8 / 111,32.2 / 105
23645,IA,Scoring,M,72,59.3,77.1,96,29.6,29.7,29.6,97,29.7,95,38.6,38.5,29.6 / 97,29.7 / 95
23645,IA,Black,F,72,82.1,116.2,145,41.2,40.9,41.2,145,40.9,144,58.3,57.9,41.2 / 145,40.9 / 144
23645,IA,Green-Black,F,72,80.7,114.1,142,40.4,40.3,40.4,142,40.3,142,57.1,57.0,40.4 / 142,40.3 / 142
23645,IA,Green,F,72,79.0,111.6,138,39.6,39.4,39.6,138,39.4,138,55.9,55.7,39.6 / 138,39.4 / 138
23645,IA,Blue-Green,F,72,77.6,109.4,135,38.9,38.7,38.9,135,38.7,135,54.8,54.6,38.9 / 135,38.7 / 135
23645,IA,Blue,F,72,75.1,105.6,130,38.0,37.1,38.0,131,37.1,128,53.4,52.2,38.0 / 131,37.1 / 128
23645,IA,Blue-Bronze,F,72,72.0,100.9,123,36.2,35.8,36.2,125,35.8,120,50.9,50.0,36.2 / 125,35.8 / 120
23645,IA,Bronze,F,72,69.4,97.5,119,35.1,34.3,35.1,123,34.3,115,49.6,47.9,35.1 / 123,34.3 / 115
23645,IA,Scoring,F,72,61.7,85.7,102,31.0,30.7,31.0,104,30.7,99,43.3,42.4,31.0 / 104,30.7 / 99
5501,IA,Black,M,72,75.0,101.0,140,38.0,37.0,38.0,145,37.0,135,51.5,49.5,38.0 / 145,37.0 / 135
5501,IA,Green/Black,M,72,73.1,98.4,136,36.9,36.2,36.9,141,36.2,131,50.0,48.4,36.9 / 141,36.2 / 131
5501,IA,Green,M,72,72.3,97.3,135,36.5,35.8,36.5,139,35.8,130,49.4,47.9,36.5 / 139,35.8 / 130
5501,IA,Blue/Green,M,72,71.3,95.4,130,35.8,35.5,35.8,133,35.5,126,48.2,47.2,35.8 / 133,35.5 / 126
5501,IA,Blue,M,72,68.6,91.6,124,34.6,34.0,34.6,126,34.0,122,46.3,45.3,34.6 / 126,34.0 / 122
5501,IA,Blue/Bronze,M,73,66.4,87.8,115,32.9,33.5,32.9,111,33.5,119,43.2,44.6,32.9 / 111,33.5 / 119
5501,IA,Bronze,M,72,64.4,84.1,106,32.2,32.2,32.2,103,32.2,109,41.8,42.3,32.2 / 103,32.2 / 109
5501,IA,Scoring,M,72,59.5,76.9,94,29.6,29.9,29.6,89,29.9,98,37.9,39.0,29.6 / 89,29.9 / 98
5501,IA,Black,F,72,82.4,116.8,146,41.8,40.6,41.8,152,40.6,140,59.7,57.1,41.8 / 152,40.6 / 140
5501,IA,Green/Black,F,72,80.1,113.4,142,40.5,39.6,40.5,146,39.6,137,57.7,55.7,40.5 / 146,39.6 / 137
5501,IA,Green,F,72,79.1,111.9,139,40.0,39.1,40.0,143,39.1,135,56.9,55.0,40.0 / 143,39.1 / 135
5501,IA,Blue/Green,F,72,77.7,109.9,137,39.0,38.7,39.0,140,38.7,133,55.5,54.4,39.0 / 140,38.7 / 133
5501,IA,Blue,F,72,74.9,105.7,131,37.8,37.1,37.8,135,37.1,126,53.7,52.0,37.8 / 135,37.1 / 126
5501,IA,Blue/Bronze,F,72,72.1,101.0,123,35.5,36.6,35.5,125,36.6,120,50.2,50.8,35.5 / 125,36.6 / 120
5501,IA,Bronze,F,72,69.3,97.2,118,34.5,34.8,34.5,120,34.8,116,48.7,48.5,34.5 / 120,34.8 / 116
5501,IA,Scoring,F,72,62.3,86.6,103,30.8,31.5,30.8,106,31.5,100,43.3,43.3,30.8 / 106,31.5 / 100
2294,IA,Black,M,72,71.3,95.1,128,36.2,35.1,36.2,132,35.1,124,48.5,46.6,36.2 / 132,35.1 / 124
2294,IA,White,M,72,68.5,91.2,122,34.8,33.7,34.8,128,33.7,116,46.7,44.5,34.8 / 128,33.7 / 116
2294,IA,Gold,M,72,67.2,89.2,119,34.3,32.9,34.3,126,32.9,111,46.0,43.2,34.3 / 126,32.9 / 111
2294,IA,Red,M,72,65.2,85.7,111,33.4,31.8,33.4,113,31.8,108,43.9,41.8,33.4 / 113,31.8 / 108
2294,IA,Black,F,72,77.3,108.5,133,39.5,37.8,39.5,136,37.8,129,55.5,53.0,39.5 / 136,37.8 / 129
2294,IA,White,F,72,74.2,103.8,126,38.0,36.2,38.0,129,36.2,122,53.2,50.6,38.0 / 129,36.2 / 122
2294,IA,Gold,F,72,72.5,101.3,123,37.1,35.4,37.1,126,35.4,119,51.9,49.4,37.1 / 126,35.4 / 119
2294,IA,Red,F,72,70.1,98.3,120,35.8,34.3,35.8,124,34.3,115,50.4,47.9,35.8 / 124,34.3 / 115
5631,IA,Blue,M,70,69.6,92.7,125,34.9,34.7,34.9,123,34.7,126,46.3,46.4,34.9 / 123,34.7 / 126
5631,IA,White,M,70,67.6,89.8,120,33.6,34.0,33.6,118,34.0,121,44.6,45.2,33.6 / 118,34.0 / 121
5631,IA,Gold,M,70,64.7,85.2,111,32.6,32.1,32.6,112,32.1,109,43.0,42.2,32.6 / 112,32.1 / 109
5631,IA,Gold/Red Combo,M,70,62.5,81.9,105,31.1,31.4,31.1,107,31.4,102,41.0,40.9,31.1 / 107,31.4 / 102
5631,IA,Red,M,70,60.7,79.2,100,30.4,30.3,30.4,100,30.3,99,39.7,39.5,30.4 / 100,30.3 / 99
5631,IA,White,F,70,72.9,102.0,124,36.1,36.8,36.1,121,36.8,126,50.4,51.6,36.1 / 121,36.8 / 126
5631,IA,Gold,F,70,69.3,97.4,119,35.4,33.9,35.4,120,33.9,118,49.6,47.8,35.4 / 120,33.9 / 118
5631,IA,Gold/Red Combo,F,70,66.4,92.3,110,33.5,32.9,33.5,108,32.9,112,46.2,46.1,33.5 / 108,32.9 / 112
5631,IA,Red,F,70,63.2,87.0,101,32.0,31.2,32.0,102,31.2,100,44.0,43.0,32.0 / 102,31.2 / 100
2352,IA,Blue,M,70,66.9,87.4,111,32.8,34.1,32.8,109,34.1,112,42.9,44.5,32.8 / 109,34.1 / 112
2352,IA,White,M,70,65.0,84.7,106,32.0,33.0,32.0,104,33.0,108,41.7,43.0,32.0 / 104,33.0 / 108
2352,IA,Gold,M,70,62.5,81.0,100,30.9,31.6,30.9,97,31.6,102,39.9,41.1,30.9 / 97,31.6 / 102
2352,IA,Red,M,70,60.5,77.8,93,30.0,30.5,30.0,90,30.5,96,38.4,39.4,30.0 / 90,30.5 / 96
2352,IA,Blue,F,70,72.5,100.9,121,35.5,37.0,35.5,116,37.0,125,49.2,51.7,35.5 / 116,37.0 / 125
2352,IA,White,F,70,70.2,97.5,116,34.6,35.6,34.6,112,35.6,120,47.8,49.7,34.6 / 112,35.6 / 120
2352,IA,Gold,F,70,67.1,93.1,111,33.2,33.9,33.2,108,33.9,113,45.9,47.2,33.2 / 108,33.9 / 113
2352,IA,Red,F,70,64.1,88.3,103,31.8,32.3,31.8,98,32.3,108,43.3,45.0,31.8 / 98,32.3 / 108
18077,IA,Blue,M,70,66.8,87.8,113,33.4,33.4,33.4,113,33.4,113,43.9,43.9,33.4 / 113,33.4 / 113
18077,IA,White,M,70,64.4,85.2,112,32.2,32.2,32.2,112,32.2,112,42.6,42.6,32.2 / 112,32.2 / 112
18077,IA,Red,M,70,63.6,83.8,109,31.8,31.8,31.8,109,31.8,109,41.9,41.9,31.8 / 109,31.8 / 109
18077,IA,Blue,F,72,71.8,100.2,120,35.9,35.9,35.9,120,35.9,120,50.1,50.1,35.9 / 120,35.9 / 120
18077,IA,White,F,72,69.4,96.8,116,34.7,34.7,34.7,116,34.7,116,48.4,48.4,34.7 / 116,34.7 / 116
18077,IA,Red,F,72,68.6,95.4,114,34.3,34.3,34.3,114,34.3,114,47.7,47.7,34.3 / 114,34.3 / 114
2319,IA,Blue,M,70,67.2,87.8,111,33.6,33.6,33.6,111,33.6,111,43.9,43.9,33.6 / 111,33.6 / 111
2319,IA,White/Blue Combo,M,70,67.0,87.5,111,33.4,33.6,33.4,110,33.6,111,43.6,43.9,33.4 / 110,33.6 / 111
2319,IA,White,M,70,66.8,87.2,110,33.4,33.4,33.4,110,33.4,110,43.6,43.6,33.4 / 110,33.4 / 110
2319,IA,White/Gold Combo,M,70,65.4,85.2,107,32.7,32.7,32.7,107,32.7,107,42.6,42.6,32.7 / 107,32.7 / 107
2319,IA,Red,M,70,65.0,84.6,105,32.5,32.5,32.5,105,32.5,105,42.3,42.3,32.5 / 105,32.5 / 105
2319,IA,Red/Silver Combo,M,70,63.2,82.6,104,31.6,31.6,31.6,104,31.6,104,41.3,41.3,31.6 / 104,31.6 / 104
2319,IA,Blue,F,70,72.0,102.0,127,36.0,36.0,36.0,127,36.0,127,51.0,51.0,36.0 / 127,36.0 / 127
2319,IA,White/Blue Combo,F,70,71.8,101.5,126,35.8,36.0,35.8,125,36.0,127,50.5,51.0,35.8 / 125,36.0 / 127
2319,IA,White,F,70,71.6,101.0,125,35.8,35.8,35.8,125,35.8,125,50.5,50.5,35.8 / 125,35.8 / 125
2319,IA,White/Gold Combo,F,70,70.0,98.2,120,35.0,35.0,35.0,120,35.0,120,49.1,49.1,35.0 / 120,35.0 / 120
2319,IA,Red,F,70,69.4,97.4,119,34.7,34.7,34.7,119,34.7,119,48.7,48.7,34.7 / 119,34.7 / 119
2319,IA,Red/Silver Combo,F,70,67.8,93.6,109,33.9,33.9,33.9,109,33.9,109,46.8,46.8,33.9 / 109,33.9 / 109
5537,IA,White,M,72,69.8,92.8,124,34.9,34.9,34.9,124,34.9,124,46.4,46.4,34.9 / 124,34.9 / 124
5537,IA,Yellow,M,72,65.2,84.4,103,32.6,32.6,32.6,103,32.6,103,42.2,42.2,32.6 / 103,32.6 / 103
5537,IA,Red,M,70,62.6,80.4,96,31.3,31.3,31.3,96,31.3,96,40.2,40.2,31.3 / 96,31.3 / 96
5537,IA,White,F,72,74.6,105.6,131,37.3,37.3,37.3,131,37.3,131,52.8,52.8,37.3 / 131,37.3 / 131
5537,IA,Yellow,F,72,69.4,97.6,120,34.7,34.7,34.7,120,34.7,120,48.8,48.8,34.7 / 120,34.7 / 120
5537,IA,Red,F,70,66.4,91.8,108,33.2,33.2,33.2,108,33.2,108,45.9,45.9,33.2 / 108,33.2 / 108
32623,IA,Eagle Tee,M,60,58.4,75.2,90,29.2,29.2,29.2,90,29.2,90,37.6,37.6,29.2 / 90,29.2 / 90
32623,IA,Eagle Tee,F,60,59.8,80.2,86,29.9,29.9,29.9,86,29.9,86,40.1,40.1,29.9 / 86,29.9 / 86
14733,IA,Black,M,72,74.2,99.6,137,37.1,37.1,37.1,137,37.1,137,49.8,49.8,37.1 / 137,37.1 / 137
14733,IA,Black-White Combo,M,72,73.6,98.4,133,36.8,36.8,36.8,133,36.8,133,49.2,49.2,36.8 / 133,36.8 / 133
14733,IA,White,M,72,72.0,95.6,127,36.0,36.0,36.0,127,36.0,127,47.8,47.8,36.0 / 127,36.0 / 127
14733,IA,White-Blue Combo,M,72,70.0,92.0,118,35.0,35.0,35.0,118,35.0,118,46.0,46.0,35.0 / 118,35.0 / 118
14733,IA,Blue,M,72,68.8,90.6,117,34.4,34.4,34.4,117,34.4,117,45.3,45.3,34.4 / 117,34.4 / 117
14733,IA,Blue/Gold Combo,M,72,66.0,87.8,117,33.0,33.0,33.0,117,33.0,117,43.9,43.9,33.0 / 117,33.0 / 117
14733,IA,Gold,M,72,63.4,83.2,107,31.7,31.7,31.7,107,31.7,107,41.6,41.6,31.7 / 107,31.7 / 107
14733,IA,Blue,F,72,74.4,107.4,140,37.2,37.2,37.2,140,37.2,140,53.7,53.7,37.2 / 140,37.2 / 140
14733,IA,Blue/Gold Combo,F,72,71.8,102.0,128,35.9,35.9,35.9,128,35.9,128,51.0,51.0,35.9 / 128,35.9 / 128
14733,IA,Gold,F,72,68.0,95.2,115,34.0,34.0,34.0,115,34.0,115,47.6,47.6,34.0 / 115,34.0 / 115
14735,IA,Black,M,72,74.5,100.3,139,37.1,37.4,37.1,137,37.4,141,49.8,50.5,37.1 / 137,37.4 / 141
14735,IA,Black-White Combo,M,72,73.7,99.0,136,36.8,36.9,36.8,133,36.9,139,49.2,49.8,36.8 / 133,36.9 / 139
14735,IA,White,M,72,72.0,96.3,131,36.0,36.0,36.0,127,36.0,135,47.8,48.5,36.0 / 127,36.0 / 135
14735,IA,White-Blue Combo,M,72,70.3,93.3,124,35.0,35.3,35.0,118,35.3,129,46.0,47.3,35.0 / 118,35.3 / 129
14735,IA,Blue,M,72,68.6,90.5,118,34.4,34.2,34.4,117,34.2,118,45.3,45.2,34.4 / 117,34.2 / 118
14735,IA,Blue/Gold Combo,M,72,66.2,87.1,113,33.0,33.2,33.0,117,33.2,108,43.9,43.2,33.0 / 117,33.2 / 108
14735,IA,Gold,M,72,64.3,83.8,105,31.7,32.6,31.7,107,32.6,103,41.6,42.2,31.7 / 107,32.6 / 103
14735,IA,Blue,F,72,74.1,105.6,134,37.2,36.9,37.2,140,36.9,127,53.7,51.9,37.2 / 140,36.9 / 127
14735,IA,Blue/Gold Combo,F,72,71.3,101.1,127,35.9,35.4,35.9,128,35.4,125,51.0,50.1,35.9 / 128,35.4 / 125
14735,IA,Gold,F,72,68.5,96.5,119,34.0,34.5,34.0,115,34.5,122,47.6,48.9,34.0 / 115,34.5 / 122
26097,IA,Black,M,72,74.8,101.0,141,37.4,37.4,37.4,141,37.4,141,50.5,50.5,37.4 / 141,37.4 / 141
26097,IA,Black-White Combo,M,72,73.8,99.6,139,36.9,36.9,36.9,139,36.9,139,49.8,49.8,36.9 / 139,36.9 / 139
26097,IA,White,M,72,72.0,97.0,135,36.0,36.0,36.0,135,36.0,135,48.5,48.5,36.0 / 135,36.0 / 135
26097,IA,White-Blue Combo,M,72,70.6,94.6,129,35.3,35.3,35.3,129,35.3,129,47.3,47.3,35.3 / 129,35.3 / 129
26097,IA,Blue,M,72,68.4,90.4,118,34.2,34.2,34.2,118,34.2,118,45.2,45.2,34.2 / 118,34.2 / 118
26097,IA,Blue/Gold Combo,M,72,66.4,86.4,108,33.2,33.2,33.2,108,33.2,108,43.2,43.2,33.2 / 108,33.2 / 108
26097,IA,Gold,M,72,65.2,84.4,103,32.6,32.6,32.6,103,32.6,103,42.2,42.2,32.6 / 103,32.6 / 103
26097,IA,White,F,72,77.6,109.8,137,38.8,38.8,38.8,137,38.8,137,54.9,54.9,38.8 / 137,38.8 / 137
26097,IA,White-Blue Combo,F,72,75.8,107.0,132,37.9,37.9,37.9,132,37.9,132,53.5,53.5,37.9 / 132,37.9 / 132
26097,IA,Blue,F,72,73.8,103.8,127,36.9,36.9,36.9,127,36.9,127,51.9,51.9,36.9 / 127,36.9 / 127
26097,IA,Blue/Gold Combo,F,72,70.8,100.2,125,35.4,35.4,35.4,125,35.4,125,50.1,50.1,35.4 / 125,35.4 / 125
26097,IA,Gold,F,72,69.0,97.8,122,34.5,34.5,34.5,122,34.5,122,48.9,48.9,34.5 / 122,34.5 / 122
17739,IA,Black,M,71,73.8,98.9,135,36.7,37.1,36.7,133,37.1,137,49.1,49.8,36.7 / 133,37.1 / 137
17739,IA,Black-White Combo,M,71,72.7,97.1,131,35.9,36.8,35.9,129,36.8,133,47.9,49.2,35.9 / 129,36.8 / 133
17739,IA,White,M,71,71.2,94.5,126,35.2,36.0,35.2,124,36.0,127,46.7,47.8,35.2 / 124,36.0 / 127
17739,IA,White-Blue Combo,M,71,69.0,90.9,118,34.0,35.0,34.0,117,35.0,118,44.9,46.0,34.0 / 117,35.0 / 118
17739,IA,Blue,M,71,68.2,89.6,115,33.8,34.4,33.8,113,34.4,117,44.3,45.3,33.8 / 113,34.4 / 117
17739,IA,Blue/Gold Combo,M,71,65.5,86.3,112,32.5,33.0,32.5,107,33.0,117,42.4,43.9,32.5 / 107,33.0 / 117
17739,IA,Gold,M,71,63.6,82.9,104,31.9,31.7,31.9,101,31.7,107,41.3,41.6,31.9 / 101,31.7 / 107
17739,IA,White-Blue Combo,F,72,74.6,106.2,134,36.9,37.7,36.9,126,37.7,142,51.8,54.4,36.9 / 126,37.7 / 142
17739,IA,Blue,F,72,73.6,104.9,133,36.4,37.2,36.4,126,37.2,140,51.2,53.7,36.4 / 126,37.2 / 140
17739,IA,Blue/Gold Combo,F,72,70.9,99.8,123,35.0,35.9,35.0,117,35.9,128,48.8,51.0,35.0 / 117,35.9 / 128
17739,IA,Gold,F,72,68.1,95.5,116,34.1,34.0,34.1,117,34.0,115,47.9,47.6,34.1 / 117,34.0 / 115
17740,IA,Black,M,71,74.1,99.6,137,36.7,37.4,36.7,133,37.4,141,49.1,50.5,36.7 / 133,37.4 / 141
17740,IA,Black-White Combo,M,71,72.8,97.7,134,35.9,36.9,35.9,129,36.9,139,47.9,49.8,35.9 / 129,36.9 / 139
17740,IA,White,M,71,71.2,95.2,130,35.2,36.0,35.2,124,36.0,135,46.7,48.5,35.2 / 124,36.0 / 135
17740,IA,White-Blue Combo,M,71,69.3,92.2,123,34.0,35.3,34.0,117,35.3,129,44.9,47.3,34.0 / 117,35.3 / 129
17740,IA,Blue,M,71,68.0,89.5,116,33.8,34.2,33.8,113,34.2,118,44.3,45.2,33.8 / 113,34.2 / 118
17740,IA,Blue/Gold Combo,M,71,65.7,85.6,108,32.5,33.2,32.5,107,33.2,108,42.4,43.2,32.5 / 107,33.2 / 108
17740,IA,Gold,M,71,64.5,83.5,102,31.9,32.6,31.9,101,32.6,103,41.3,42.2,31.9 / 101,32.6 / 103
17740,IA,White,F,72,77.0,108.8,135,38.2,38.8,38.2,132,38.8,137,53.8,55.0,38.2 / 132,38.8 / 137
17740,IA,White-Blue Combo,F,72,74.9,105.5,130,37.0,37.9,37.0,127,37.9,132,52.0,53.5,37.0 / 127,37.9 / 132
17740,IA,Blue,F,72,73.3,103.1,127,36.4,36.9,36.4,126,36.9,127,51.2,51.9,36.4 / 126,36.9 / 127
17740,IA,Blue/Gold Combo,F,72,70.4,98.9,121,35.0,35.4,35.0,117,35.4,125,48.8,50.1,35.0 / 117,35.4 / 125
17740,IA,Gold,F,72,68.6,96.8,120,34.1,34.5,34.1,117,34.5,122,47.9,48.9,34.1 / 117,34.5 / 122
14732,IA,Black,M,70,73.4,98.2,133,36.7,36.7,36.7,133,36.7,133,49.1,49.1,36.7 / 133,36.7 / 133
14732,IA,Black-White Combo,M,70,71.8,95.8,129,35.9,35.9,35.9,129,35.9,129,47.9,47.9,35.9 / 129,35.9 / 129
14732,IA,White,M,70,70.4,93.4,124,35.2,35.2,35.2,124,35.2,124,46.7,46.7,35.2 / 124,35.2 / 124
14732,IA,White-Blue Combo,M,70,68.0,89.8,117,34.0,34.0,34.0,117,34.0,117,44.9,44.9,34.0 / 117,34.0 / 117
14732,IA,Blue,M,70,67.6,88.6,113,33.8,33.8,33.8,113,33.8,113,44.3,44.3,33.8 / 113,33.8 / 113
14732,IA,Blue/Gold Combo,M,70,65.0,84.8,107,32.5,32.5,32.5,107,32.5,107,42.4,42.4,32.5 / 107,32.5 / 107
14732,IA,Gold,M,70,63.8,82.6,101,31.9,31.9,31.9,101,31.9,101,41.3,41.3,31.9 / 101,31.9 / 101
14732,IA,White,F,72,76.4,107.6,132,38.2,38.2,38.2,132,38.2,132,53.8,53.8,38.2 / 132,38.2 / 132
14732,IA,White-Blue Combo,F,72,74.0,104.0,127,37.0,37.0,37.0,127,37.0,127,52.0,52.0,37.0 / 127,37.0 / 127
14732,IA,Blue,F,72,72.8,102.4,126,36.4,36.4,36.4,126,36.4,126,51.2,51.2,36.4 / 126,36.4 / 126
14732,IA,Blue/Gold Combo,F,72,70.0,97.6,117,35.0,35.0,35.0,117,35.0,117,48.8,48.8,35.0 / 117,35.0 / 117
14732,IA,Gold,F,72,68.2,95.8,117,34.1,34.1,34.1,117,34.1,117,47.9,47.9,34.1 / 117,34.1 / 117
2313,IA,Blue,M,70,68.9,91.2,120,34.5,34.4,34.5,121,34.4,119,45.7,45.5,34.5 / 121,34.4 / 119
2313,IA,White,M,70,67.0,89.1,119,33.7,33.3,33.7,119,33.3,118,44.8,44.3,33.7 / 119,33.3 / 118
2313,IA,Black,M,70,63.1,82.2,103,31.7,31.4,31.7,105,31.4,100,41.5,40.7,31.7 / 105,31.4 / 100
2313,IA,Red,F,70,67.2,92.3,106,33.9,33.3,33.9,109,33.3,103,46.8,45.5,33.9 / 109,33.3 / 103
2313,IA,Gold,F,70,62.2,83.9,92,31.7,30.5,31.7,93,30.5,91,42.7,41.2,31.7 / 93,30.5 / 91
2337,IA,Black,M,74,70.8,93.0,119,35.4,35.4,35.4,119,35.4,119,46.5,46.5,35.4 / 119,35.4 / 119
2337,IA,Hawkeye,M,74,69.9,92.0,119,34.5,35.4,34.5,118,35.4,119,45.5,46.5,34.5 / 118,35.4 / 119
2337,IA,Gold,M,74,69.0,91.0,118,34.5,34.5,34.5,118,34.5,118,45.5,45.5,34.5 / 118,34.5 / 118
2337,IA,Herky,M,74,67.2,87.4,109,32.7,34.5,32.7,99,34.5,118,41.9,45.5,32.7 / 99,34.5 / 118
2337,IA,Black (Temp),M,70,67.2,88.4,114,33.6,33.6,33.6,114,33.6,114,44.2,44.2,33.6 / 114,33.6 / 114
2337,IA,Hawkeye (Temp),M,70,66.4,87.4,113,32.8,33.6,32.8,112,33.6,114,43.2,44.2,32.8 / 112,33.6 / 114
2337,IA,Gold (Temp),M,70,65.6,86.4,112,32.8,32.8,32.8,112,32.8,112,43.2,43.2,32.8 / 112,32.8 / 112
2337,IA,White,M,74,65.4,83.8,99,32.7,32.7,32.7,99,32.7,99,41.9,41.9,32.7 / 99,32.7 / 99
2337,IA,Red,M,74,64.9,82.7,96,32.4,32.5,32.4,96,32.5,96,41.3,41.4,32.4 / 96,32.5 / 96
2337,IA,Herky (Temp),M,70,63.7,82.4,101,30.9,32.8,30.9,89,32.8,112,39.2,43.2,30.9 / 89,32.8 / 112
2337,IA,White (Temp),M,70,61.8,78.4,89,30.9,30.9,30.9,89,30.9,89,39.2,39.2,30.9 / 89,30.9 / 89
2337,IA,Red (Temp),M,70,61.2,77.2,86,30.6,30.6,30.6,86,30.6,86,38.6,38.6,30.6 / 86,30.6 / 86
2337,IA,Black,F,74,75.2,106.4,132,37.6,37.6,37.6,132,37.6,132,53.2,53.2,37.6 / 132,37.6 / 132
2337,IA,Hawkeye,F,74,74.3,104.9,130,36.7,37.6,36.7,127,37.6,132,51.7,53.2,36.7 / 127,37.6 / 132
2337,IA,Gold,F,74,73.4,103.4,127,36.7,36.7,36.7,127,36.7,127,51.7,51.7,36.7 / 127,36.7 / 127
2337,IA,Black (Temp),F,70,71.6,100.8,124,35.8,35.8,35.8,124,35.8,124,50.4,50.4,35.8 / 124,35.8 / 124
2337,IA,Herky,F,74,71.0,99.9,123,34.3,36.7,34.3,118,36.7,127,48.2,51.7,34.3 / 118,36.7 / 127
2337,IA,Hawkeye (Temp),F,70,70.5,99.2,122,34.7,35.8,34.7,120,35.8,124,48.8,50.4,34.7 / 120,35.8 / 124
2337,IA,Gold (Temp),F,70,69.4,97.6,120,34.7,34.7,34.7,120,34.7,120,48.8,48.8,34.7 / 120,34.7 / 120
2337,IA,White,F,74,68.6,96.4,118,34.3,34.3,34.3,118,34.3,118,48.2,48.2,34.3 / 118,34.3 / 118
2337,IA,Red,F,74,68.4,96.0,117,34.2,34.2,34.2,117,34.2,117,48.0,48.0,34.2 / 117,34.2 / 117
2337,IA,Herky (Temp),F,70,66.8,93.2,112,32.1,34.7,32.1,104,34.7,120,44.4,48.8,32.1 / 104,34.7 / 120
2337,IA,White (Temp),F,70,64.2,88.8,104,32.1,32.1,32.1,104,32.1,104,44.4,44.4,32.1 / 104,32.1 / 104
2337,IA,Red (Temp),F,70,63.6,88.2,104,31.8,31.8,31.8,104,31.8,104,44.1,44.1,31.8 / 104,31.8 / 104
5605,IA,Blue,M,72,71.1,94.0,124,36.2,34.9,36.2,125,34.9,122,47.8,46.2,36.2 / 125,34.9 / 122
5605,IA,White,M,72,69.8,91.8,119,35.6,34.2,35.6,121,34.2,116,46.8,45.0,35.6 / 121,34.2 / 116
5605,IA,White/Gold Combo,M,72,68.0,89.6,116,34.4,33.6,34.4,119,33.6,113,45.5,44.1,34.4 / 119,33.6 / 113
5605,IA,Gold,M,72,66.4,87.3,113,33.9,32.5,33.9,116,32.5,109,44.7,42.6,33.9 / 116,32.5 / 109
5605,IA,Red,M,71,63.2,82.6,105,32.2,31.0,32.2,109,31.0,100,42.3,40.3,32.2 / 109,31.0 / 100
5605,IA,Blue,F,72,76.9,108.1,132,39.3,37.6,39.3,131,37.6,133,54.8,53.3,39.3 / 131,37.6 / 133
5605,IA,White,F,72,75.0,105.2,128,38.4,36.6,38.4,127,36.6,129,53.4,51.8,38.4 / 127,36.6 / 129
5605,IA,White/Gold Combo,F,72,73.1,102.4,125,37.2,35.9,37.2,123,35.9,126,51.7,50.7,37.2 / 123,35.9 / 126
5605,IA,Gold,F,72,71.2,99.5,120,36.5,34.7,36.5,119,34.7,121,50.5,49.0,36.5 / 119,34.7 / 121
5605,IA,Red,F,71,67.5,93.3,110,34.6,32.9,34.6,112,32.9,107,47.8,45.5,34.6 / 112,32.9 / 107
5602,IA,Black,M,70,71.5,95.5,129,35.3,36.2,35.3,130,36.2,128,47.4,48.1,35.3 / 130,36.2 / 128
5602,IA,Black/Green,M,70,69.7,93.1,126,34.9,34.8,34.9,128,34.8,124,46.8,46.3,34.9 / 128,34.8 / 124
5602,IA,Green,M,70,69.2,92.4,125,34.5,34.7,34.5,127,34.7,123,46.3,46.1,34.5 / 127,34.7 / 123
5602,IA,Green/Silver,M,70,67.3,90.2,124,33.6,33.7,33.6,125,33.7,122,45.2,45.0,33.6 / 125,33.7 / 122
5602,IA,Silver,M,70,66.1,88.1,119,32.6,33.5,32.6,116,33.5,121,43.4,44.7,32.6 / 116,33.5 / 121
5602,IA,Silver/Yellow,M,70,62.4,83.0,111,31.2,31.2,31.2,112,31.2,110,41.6,41.4,31.2 / 112,31.2 / 110
5602,IA,Yellow,M,70,61.2,81.1,108,30.4,30.8,30.4,107,30.8,108,40.3,40.8,30.4 / 107,30.8 / 108
5602,IA,Purple,M,70,57.2,75.6,99,28.6,28.6,28.6,100,28.6,98,37.9,37.7,28.6 / 100,28.6 / 98
5602,IA,Black,F,70,77.9,109.2,133,38.2,39.7,38.2,133,39.7,132,53.9,55.3,38.2 / 133,39.7 / 132
5602,IA,Black/Green,F,70,75.9,106.0,128,37.7,38.2,37.7,131,38.2,125,53.1,52.9,37.7 / 131,38.2 / 125
5602,IA,Green,F,70,75.3,105.1,127,37.3,38.0,37.3,128,38.0,125,52.4,52.7,37.3 / 128,38.0 / 125
5602,IA,Green/Silver,F,70,73.4,102.3,123,36.5,36.9,36.5,125,36.9,120,51.2,51.1,36.5 / 125,36.9 / 120
5602,IA,Silver,F,70,71.9,100.1,120,35.2,36.7,35.2,120,36.7,119,49.4,50.7,35.2 / 120,36.7 / 119
5602,IA,Silver/Yellow,F,70,66.9,93.1,112,33.5,33.4,33.5,109,33.4,114,46.3,46.8,33.5 / 109,33.4 / 114
5602,IA,Yellow,F,70,64.3,90.0,109,31.9,32.4,31.9,105,32.4,113,44.3,45.7,31.9 / 105,32.4 / 113
5602,IA,Purple,F,70,58.5,81.4,97,29.3,29.2,29.3,93,29.2,101,40.3,41.1,29.3 / 93,29.2 / 101
2336,IA,Black,M,70,72.1,96.0,129,36.0,36.1,36.0,130,36.1,127,48.1,47.9,36.0 / 130,36.1 / 127
2336,IA,Black/White Combo,M,70,69.5,93.2,128,34.2,35.3,34.2,126,35.3,129,45.9,47.3,34.2 / 126,35.3 / 129
2336,IA,White,M,70,67.9,90.5,122,33.8,34.1,33.8,122,34.1,122,45.1,45.4,33.8 / 122,34.1 / 122
2336,IA,White/Green Combo,M,70,65.9,88.1,119,32.6,33.3,32.6,119,33.3,119,43.7,44.4,32.6 / 119,33.3 / 119
2336,IA,Green,M,70,63.1,84.0,113,31.3,31.8,31.3,114,31.8,111,41.9,42.1,31.3 / 114,31.8 / 111
2336,IA,Black,F,70,77.8,110.8,140,38.9,38.9,38.9,141,38.9,139,55.5,55.3,38.9 / 141,38.9 / 139
2336,IA,Black/White Combo,F,70,75.3,107.1,135,37.1,38.2,37.1,133,38.2,137,52.8,54.3,37.1 / 133,38.2 / 137
2336,IA,White,F,70,73.2,104.0,131,36.5,36.7,36.5,131,36.7,130,52.0,52.0,36.5 / 131,36.7 / 130
2336,IA,White/Green Combo,F,70,71.1,100.5,125,35.4,35.7,35.4,124,35.7,126,50.0,50.5,35.4 / 124,35.7 / 126
2336,IA,Green,F,70,67.8,95.9,119,33.7,34.1,33.7,118,34.1,120,47.6,48.3,33.7 / 118,34.1 / 120
5606,IA,Blue,M,72,71.4,95.0,127,35.8,35.6,35.8,125,35.6,129,47.4,47.6,35.8 / 125,35.6 / 129
5606,IA,White,M,72,70.1,93.2,125,35.2,34.9,35.2,122,34.9,127,46.5,46.7,35.2 / 122,34.9 / 127
5606,IA,White/Gold Combo,M,72,68.4,90.5,119,34.4,34.0,34.4,121,34.0,117,45.6,44.9,34.4 / 121,34.0 / 117
5606,IA,Gold,M,72,67.4,88.9,116,34.0,33.4,34.0,118,33.4,113,45.0,43.9,34.0 / 118,33.4 / 113
5606,IA,Gold/Red Combo,M,72,65.2,86.2,113,32.8,32.4,32.8,117,32.4,109,43.7,42.5,32.8 / 117,32.4 / 109
5606,IA,Red,M,72,63.8,83.5,106,32.0,31.8,32.0,105,31.8,107,41.8,41.7,32.0 / 105,31.8 / 107
5606,IA,Blue,F,72,77.9,110.1,137,39.1,38.8,39.1,135,38.8,138,55.0,55.1,39.1 / 135,38.8 / 138
5606,IA,White,F,72,76.2,107.6,133,38.2,38.0,38.2,131,38.0,135,53.7,53.9,38.2 / 131,38.0 / 135
5606,IA,White/Gold Combo,F,72,73.8,104.1,129,37.0,36.8,37.0,126,36.8,131,51.9,52.2,37.0 / 126,36.8 / 131
5606,IA,Gold,F,72,72.5,102.1,126,36.5,36.0,36.5,124,36.0,127,51.1,51.0,36.5 / 124,36.0 / 127
5606,IA,Gold/Red Combo,F,72,70.1,98.1,119,35.3,34.8,35.3,118,34.8,120,49.2,48.9,35.3 / 118,34.8 / 120
5606,IA,Red,F,72,68.5,96.0,117,34.3,34.2,34.3,115,34.2,118,47.9,48.1,34.3 / 115,34.2 / 118
17881,IA,Blue,M,72,72.5,96.1,127,36.8,35.7,36.8,125,35.7,129,48.4,47.7,36.8 / 125,35.7 / 129
17881,IA,White,M,72,71.4,94.2,123,36.1,35.3,36.1,122,35.3,124,47.4,46.8,36.1 / 122,35.3 / 124
17881,IA,Gold,M,72,68.9,91.1,120,35.0,33.9,35.0,118,33.9,121,46.0,45.1,35.0 / 118,33.9 / 121
17881,IA,Red,M,72,66.7,88.0,115,33.9,32.8,33.9,114,32.8,115,44.5,43.5,33.9 / 114,32.8 / 115
17881,IA,Green,M,72,62.9,82.8,107,31.6,31.3,31.6,102,31.3,112,41.1,41.7,31.6 / 102,31.3 / 112
17881,IA,Blue,F,72,78.7,110.7,136,39.8,38.9,39.8,139,38.9,132,56.2,54.5,39.8 / 139,38.9 / 132
17881,IA,White,F,72,77.1,108.2,132,39.0,38.1,39.0,135,38.1,129,54.9,53.3,39.0 / 135,38.1 / 129
17881,IA,Gold,F,72,74.0,103.7,126,37.4,36.6,37.4,129,36.6,123,52.6,51.1,37.4 / 129,36.6 / 123
17881,IA,Red,F,72,71.9,100.4,121,36.4,35.5,36.4,124,35.5,118,51.0,49.4,36.4 / 124,35.5 / 118
17881,IA,Green,F,72,66.6,92.9,112,32.9,33.7,32.9,111,33.7,112,46.0,46.9,32.9 / 111,33.7 / 112
5583,IA,Blue,M,70,67.6,89.4,117,33.8,33.8,33.8,117,33.8,117,44.7,44.7,33.8 / 117,33.8 / 117
5583,IA,White-Blue,M,70,67.1,88.4,115,33.5,33.6,33.5,113,33.6,116,44.0,44.4,33.5 / 113,33.6 / 116
5583,IA,White,M,70,66.8,88.0,114,33.4,33.4,33.4,114,33.4,114,44.0,44.0,33.4 / 114,33.4 / 114
5583,IA,Gold,M,70,63.0,82.2,103,31.5,31.5,31.5,103,31.5,103,41.1,41.1,31.5 / 103,31.5 / 103
5583,IA,White,F,72,71.8,99.6,118,35.9,35.9,35.9,118,35.9,118,49.8,49.8,35.9 / 118,35.9 / 118
5583,IA,Red,F,72,67.0,92.4,108,33.5,33.5,33.5,108,33.5,108,46.2,46.2,33.5 / 108,33.5 / 108
17912,IA,White,M,70,65.4,85.8,110,32.7,32.7,32.7,110,32.7,110,42.9,42.9,32.7 / 110,32.7 / 110
17912,IA,Gold,M,70,62.4,82.2,107,31.2,31.2,31.2,107,31.2,107,41.1,41.1,31.2 / 107,31.2 / 107
17912,IA,White,F,70,70.0,97.0,114,35.0,35.0,35.0,114,35.0,114,48.5,48.5,35.0 / 114,35.0 / 114
17912,IA,Red,F,70,67.3,93.9,113,33.9,33.4,33.9,118,33.4,108,47.8,46.1,33.9 / 118,33.4 / 108
21044,IA,Blue,M,72,70.8,93.0,119,35.4,35.4,35.4,119,35.4,119,46.5,46.5,35.4 / 119,35.4 / 119
21044,IA,Blue/White,M,72,69.3,91.3,118,35.4,33.9,35.4,119,33.9,117,46.5,44.8,35.4 / 119,33.9 / 117
21044,IA,White,M,72,67.8,89.6,117,33.9,33.9,33.9,117,33.9,117,44.8,44.8,33.9 / 117,33.9 / 117
21044,IA,White/Red,M,72,65.4,85.6,109,33.9,31.5,33.9,117,31.5,100,44.8,40.8,33.9 / 117,31.5 / 100
21044,IA,Red,M,72,63.0,81.6,100,31.5,31.5,31.5,100,31.5,100,40.8,40.8,31.5 / 100,31.5 / 100
21044,IA,Blue,F,76,76.6,107.8,132,38.3,38.3,38.3,132,38.3,132,53.9,53.9,38.3 / 132,38.3 / 132
21044,IA,Blue/White,F,77,75.1,105.6,129,38.3,36.8,38.3,132,36.8,126,53.9,51.7,38.3 / 132,36.8 / 126
21044,IA,White,F,78,73.6,103.4,126,36.8,36.8,36.8,126,36.8,126,51.7,51.7,36.8 / 126,36.8 / 126
21044,IA,White/Red,F,75,70.6,99.1,121,36.8,33.8,36.8,126,33.8,115,51.7,47.4,36.8 / 126,33.8 / 115
21044,IA,Red,F,72,67.6,94.8,115,33.8,33.8,33.8,115,33.8,115,47.4,47.4,33.8 / 115,33.8 / 115
2292,IA,Black,M,72,73.4,97.5,130,36.4,37.0,36.4,128,37.0,131,48.3,49.2,36.4 / 128,37.0 / 131
2292,IA,Black/Gold Combo,M,72,72.3,96.0,128,35.9,36.4,35.9,126,36.4,129,47.6,48.4,35.9 / 126,36.4 / 129
2292,IA,Gold,M,72,71.4,94.7,126,35.5,35.9,35.5,125,35.9,126,47.1,47.6,35.5 / 125,35.9 / 126
2292,IA,Gold/White Combo,M,72,70.0,93.1,125,34.8,35.2,34.8,124,35.2,125,46.3,46.8,34.8 / 124,35.2 / 125
2292,IA,White,M,72,69.4,91.9,122,34.6,34.8,34.6,121,34.8,122,45.8,46.1,34.6 / 121,34.8 / 122
2292,IA,White/Gray Combo,M,72,67.0,88.8,117,33.4,33.6,33.4,116,33.6,118,44.2,44.6,33.4 / 116,33.6 / 118
2292,IA,Gray,M,72,65.2,86.0,112,32.7,32.5,32.7,110,32.5,114,42.9,43.1,32.7 / 110,32.5 / 114
2292,IA,Gold,F,72,77.6,110.1,138,38.6,39.0,38.6,132,39.0,143,54.2,55.9,38.6 / 132,39.0 / 143
2292,IA,Gold/White Combo,F,72,76.3,108.3,136,37.8,38.5,37.8,130,38.5,142,53.1,55.2,37.8 / 130,38.5 / 142
2292,IA,White,F,72,75.1,106.5,133,37.4,37.7,37.4,128,37.7,138,52.5,54.0,37.4 / 128,37.7 / 138
2292,IA,White/Gray Combo,F,72,72.3,102.6,129,36.3,36.0,36.3,127,36.0,130,51.3,51.3,36.3 / 127,36.0 / 130
2292,IA,Gray,F,72,70.4,99.8,125,35.4,35.0,35.4,127,35.0,122,50.4,49.4,35.4 / 127,35.0 / 122
5577,IA,Blue,M,71,70.6,92.6,119,35.8,34.8,35.8,123,34.8,114,47.2,45.4,35.8 / 123,34.8 / 114
5577,IA,White,M,71,68.6,89.9,115,34.6,34.0,34.6,118,34.0,111,45.6,44.3,34.6 / 118,34.0 / 111
5577,IA,Yellow,M,71,65.3,85.9,111,33.4,31.9,33.4,115,31.9,107,44.1,41.8,33.4 / 115,31.9 / 107
5577,IA,Red,M,71,63.4,82.7,104,32.1,31.3,32.1,107,31.3,101,42.0,40.7,32.1 / 107,31.3 / 101
5577,IA,Blue,F,71,76.0,108.0,136,38.6,37.4,38.6,137,37.4,134,54.8,53.2,38.6 / 137,37.4 / 134
5577,IA,White,F,71,73.7,104.4,130,37.2,36.5,37.2,131,36.5,129,52.7,51.7,37.2 / 131,36.5 / 129
5577,IA,Yellow,F,71,70.5,98.3,118,36.1,34.4,36.1,120,34.4,115,50.3,48.0,36.1 / 120,34.4 / 115
5577,IA,Red,F,71,67.4,93.7,112,34.4,33.0,34.4,111,33.0,112,47.5,46.2,34.4 / 111,33.0 / 112
31661,IA,White,M,63,60.3,77.5,93,30.4,29.9,30.4,94,29.9,91,39.1,38.4,30.4 / 94,29.9 / 91
31661,IA,Red,M,63,59.4,76.1,90,29.9,29.5,29.9,90,29.5,89,38.3,37.8,29.9 / 90,29.5 / 89
31661,IA,White,F,63,62.7,85.3,96,31.9,30.8,31.9,98,30.8,93,43.5,41.8,31.9 / 98,30.8 / 93
31661,IA,Red,F,63,60.8,82.4,92,30.8,30.0,30.8,94,30.0,89,41.9,40.5,30.8 / 94,30.0 / 89
5533,IA,Black,M,71,72.5,96.4,129,36.0,36.5,36.0,125,36.5,132,47.6,48.8,36.0 / 125,36.5 / 132
5533,IA,Black/Blue Combo,M,71,71.6,95.2,127,35.3,36.3,35.3,122,36.3,132,46.6,48.6,35.3 / 122,36.3 / 132
5533,IA,Blue,M,71,70.5,93.7,125,35.1,35.4,35.1,118,35.4,131,46.1,47.6,35.1 / 118,35.4 / 131
5533,IA,White,M,71,66.1,86.6,111,32.6,33.5,32.6,109,33.5,112,42.7,43.9,32.6 / 109,33.5 / 112
5533,IA,Red,M,71,64.2,84.0,107,31.5,32.7,31.5,100,32.7,113,40.8,43.2,31.5 / 100,32.7 / 113
5533,IA,Black,F,71,78.9,111.0,136,39.1,39.8,39.1,133,39.8,139,54.8,56.2,39.1 / 133,39.8 / 139
5533,IA,Black/Blue Combo,F,71,77.9,109.7,135,38.3,39.6,38.3,131,39.6,139,53.7,56.0,38.3 / 131,39.6 / 139
5533,IA,Blue,F,71,76.5,107.7,133,37.9,38.6,37.9,130,38.6,135,53.2,54.5,37.9 / 130,38.6 / 135
5533,IA,White,F,71,71.3,99.4,119,35.2,36.1,35.2,115,36.1,123,48.8,50.6,35.2 / 115,36.1 / 123
5533,IA,Red,F,71,68.3,95.4,115,33.1,35.2,33.1,111,35.2,119,46.2,49.2,33.1 / 111,35.2 / 119
2346,IA,Black,M,72,73.6,97.4,128,36.7,36.9,36.7,129,36.9,127,48.7,48.7,36.7 / 129,36.9 / 127
2346,IA,Blue,M,72,71.7,95.1,126,35.6,36.1,35.6,128,36.1,124,47.5,47.6,35.6 / 128,36.1 / 124
2346,IA,White,M,72,70.2,93.1,124,34.9,35.3,34.9,123,35.3,124,46.3,46.8,34.9 / 123,35.3 / 124
2346,IA,Gold,M,72,67.9,90.1,120,33.7,34.2,33.7,121,34.2,118,44.9,45.2,33.7 / 121,34.2 / 118
2346,IA,Red,M,72,65.5,86.6,114,32.5,33.0,32.5,114,33.0,113,43.1,43.5,32.5 / 114,33.0 / 113
2346,IA,Black,F,72,79.8,112.2,138,39.9,39.9,39.9,139,39.9,136,56.3,55.9,39.9 / 139,39.9 / 136
2346,IA,Blue,F,72,78.0,109.3,133,38.7,39.3,38.7,134,39.3,131,54.5,54.8,38.7 / 134,39.3 / 131
2346,IA,White,F,72,76.2,106.7,130,37.9,38.3,37.9,131,38.3,128,53.3,53.4,37.9 / 131,38.3 / 128
2346,IA,Gold,F,72,73.6,102.6,123,36.5,37.1,36.5,124,37.1,122,51.1,51.5,36.5 / 124,37.1 / 122
2346,IA,Red,F,72,70.6,98.3,118,34.9,35.7,34.9,118,35.7,117,48.8,49.5,34.9 / 118,35.7 / 117
13967,IA,Blue,M,72,70.2,91.8,116,35.1,35.1,35.1,116,35.1,116,45.9,45.9,35.1 / 116,35.1 / 116
13967,IA,White,M,72,69.2,89.8,111,34.6,34.6,34.6,111,34.6,111,44.9,44.9,34.6 / 111,34.6 / 111
13967,IA,Gold,M,72,65.0,85.0,108,32.5,32.5,32.5,108,32.5,108,42.5,42.5,32.5 / 108,32.5 / 108
13967,IA,Red,M,72,64.6,84.4,107,32.3,32.3,32.3,107,32.3,107,42.2,42.2,32.3 / 107,32.3 / 107
13967,IA,Red,F,72,69.4,96.2,114,34.7,34.7,34.7,114,34.7,114,48.1,48.1,34.7 / 114,34.7 / 114
2347,IA,Blue,M,72,72.5,94.5,118,36.3,36.2,36.3,117,36.2,119,47.2,47.3,36.3 / 117,36.2 / 119
2347,IA,White,M,72,70.8,92.0,114,35.2,35.6,35.2,113,35.6,115,45.7,46.3,35.2 / 113,35.6 / 115
2347,IA,White/Gold Combo,M,72,69.0,89.8,112,34.6,34.4,34.6,112,34.4,112,45.0,44.8,34.6 / 112,34.4 / 112
2347,IA,Gold,M,72,67.0,87.3,110,33.7,33.3,33.7,112,33.3,107,44.1,43.2,33.7 / 112,33.3 / 107
2347,IA,Red,M,72,66.1,86.1,108,32.9,33.2,32.9,111,33.2,104,43.2,42.9,32.9 / 111,33.2 / 104
2347,IA,White,F,72,76.5,105.9,125,37.9,38.6,37.9,124,38.6,126,52.5,53.4,37.9 / 124,38.6 / 126
2347,IA,White/Gold Combo,F,72,74.4,102.5,120,37.1,37.3,37.1,120,37.3,119,51.2,51.3,37.1 / 120,37.3 / 119
2347,IA,Gold,F,72,72.2,99.2,114,36.1,36.1,36.1,114,36.1,114,49.6,49.6,36.1 / 114,36.1 / 114
2347,IA,Red,F,72,71.3,97.9,113,35.4,35.9,35.4,113,35.9,113,48.7,49.2,35.4 / 113,35.9 / 113
2358,IA,Black,M,72,72.2,95.8,127,36.1,36.1,36.1,127,36.1,127,47.9,47.9,36.1 / 127,36.1 / 127
2358,IA,Blue,M,72,69.4,91.8,121,34.7,34.7,34.7,121,34.7,121,45.9,45.9,34.7 / 121,34.7 / 121
2358,IA,White,M,72,66.8,87.8,113,33.4,33.4,33.4,113,33.4,113,43.9,43.9,33.4 / 113,33.4 / 113
2358,IA,Green,M,72,65.2,85.8,111,32.6,32.6,32.6,111,32.6,111,42.9,42.9,32.6 / 111,32.6 / 111
2358,IA,Black,F,72,79.0,111.6,138,39.5,39.5,39.5,138,39.5,138,55.8,55.8,39.5 / 138,39.5 / 138
2358,IA,Blue,F,72,75.4,106.2,131,37.7,37.7,37.7,131,37.7,131,53.1,53.1,37.7 / 131,37.7 / 131
2358,IA,White,F,72,72.2,101.4,124,36.1,36.1,36.1,124,36.1,124,50.7,50.7,36.1 / 124,36.1 / 124
2358,IA,Green,F,72,70.8,98.8,119,35.4,35.4,35.4,119,35.4,119,49.4,49.4,35.4 / 119,35.4 / 119
2299,IA,Blue,M,72,72.6,97.2,133,36.5,36.1,36.5,136,36.1,129,49.1,48.1,36.5 / 136,36.1 / 129
2299,IA,Yellow,M,72,70.5,94.2,128,35.4,35.1,35.4,131,35.1,124,47.6,46.6,35.4 / 131,35.1 / 124
2299,IA,White,M,72,68.7,91.7,124,34.5,34.2,34.5,124,34.2,124,46.0,45.7,34.5 / 124,34.2 / 124
2299,IA,Red,M,72,66.8,88.2,115,33.1,33.7,33.1,112,33.7,118,43.5,44.7,33.1 / 112,33.7 / 118
2299,IA,Orange,M,72,62.1,81.7,106,31.3,30.8,31.3,103,30.8,108,40.9,40.8,31.3 / 103,30.8 / 108
2299,IA,Blue,F,72,78.6,111.7,140,39.5,39.1,39.5,142,39.1,138,56.3,55.4,39.5 / 142,39.1 / 138
2299,IA,Yellow,F,72,76.1,107.9,135,38.2,37.9,38.2,137,37.9,133,54.3,53.6,38.2 / 137,37.9 / 133
2299,IA,White,F,72,74.3,105.2,131,37.3,37.0,37.3,132,37.0,130,52.9,52.3,37.3 / 132,37.0 / 130
2299,IA,Red,F,72,71.5,101.2,126,35.3,36.2,35.3,126,36.2,126,50.1,51.1,35.3 / 126,36.2 / 126
2299,IA,Orange,F,72,65.8,92.5,113,33.2,32.6,33.2,115,32.6,111,46.8,45.7,33.2 / 115,32.6 / 111
23704,IA,Back,M,72,67.6,87.8,109,33.8,33.8,33.8,109,33.8,109,43.9,43.9,33.8 / 109,33.8 / 109
23704,IA,Middle,M,72,66.8,86.6,107,33.4,33.4,33.4,107,33.4,107,43.3,43.3,33.4 / 107,33.4 / 107
23704,IA,Front,M,72,65.0,83.6,100,32.5,32.5,32.5,100,32.5,100,41.8,41.8,32.5 / 100,32.5 / 100
23704,IA,Back,F,72,73.6,102.8,124,36.8,36.8,36.8,124,36.8,124,51.4,51.4,36.8 / 124,36.8 / 124
23704,IA,Middle,F,72,72.6,101.4,122,36.3,36.3,36.3,122,36.3,122,50.7,50.7,36.3 / 122,36.3 / 122
23704,IA,Front,F,72,70.4,98.0,117,35.2,35.2,35.2,117,35.2,117,49.0,49.0,35.2 / 117,35.2 / 117
5596,IA,Black,M,71,71.3,95.5,131,35.3,36.0,35.3,125,36.0,136,46.9,48.6,35.3 / 125,36.0 / 136
5596,IA,Silver Oak,M,71,70.0,94.0,130,34.8,35.2,34.8,124,35.2,135,46.3,47.7,34.8 / 124,35.2 / 135
5596,IA,Silver,M,71,69.5,93.2,128,34.6,34.9,34.6,122,34.9,133,45.9,47.3,34.6 / 122,34.9 / 133
5596,IA,Copper Oak,M,71,68.6,91.6,124,34.1,34.5,34.1,122,34.5,126,45.4,46.2,34.1 / 122,34.5 / 126
5596,IA,Copper,M,71,66.1,87.1,113,33.1,33.0,33.1,113,33.0,113,43.6,43.5,33.1 / 113,33.0 / 113
5596,IA,Red,M,71,65.2,85.4,109,32.6,32.6,32.6,108,32.6,110,42.6,42.8,32.6 / 108,32.6 / 110
5596,IA,Red Oak,M,71,62.6,80.9,99,31.0,31.6,31.0,94,31.6,103,39.7,41.2,31.0 / 94,31.6 / 103
5596,IA,Green,M,71,60.9,79.1,98,30.2,30.7,30.2,94,30.7,102,38.9,40.2,30.2 / 94,30.7 / 102
5596,IA,Black,F,71,77.9,112.5,147,38.2,39.7,38.2,144,39.7,149,55.2,57.3,38.2 / 144,39.7 / 149
5596,IA,Silver Oak,F,71,76.4,110.5,145,37.7,38.7,37.7,143,38.7,146,54.6,55.9,37.7 / 143,38.7 / 146
5596,IA,Silver,F,71,75.8,109.5,143,37.4,38.4,37.4,142,38.4,144,54.1,55.4,37.4 / 142,38.4 / 144
5596,IA,Copper Oak,F,71,74.3,107.5,141,36.7,37.6,36.7,141,37.6,141,53.3,54.2,36.7 / 141,37.6 / 141
5596,IA,Copper,F,71,71.0,102.7,135,35.5,35.5,35.5,134,35.5,135,51.3,51.4,35.5 / 134,35.5 / 135
5596,IA,Red,F,71,69.8,99.5,126,34.9,34.9,34.9,120,34.9,131,49.1,50.4,34.9 / 120,34.9 / 131
5596,IA,Red Oak,F,71,66.0,93.3,116,32.4,33.6,32.4,112,33.6,120,45.6,47.7,32.4 / 112,33.6 / 120
5596,IA,Green,F,71,64.4,89.5,107,32.1,32.3,32.1,105,32.3,108,44.5,45.0,32.1 / 105,32.3 / 108
2321,IA,Black,M,71,74.9,101.8,145,36.3,38.6,36.3,141,38.6,149,49.4,52.4,36.3 / 141,38.6 / 149
2321,IA,Wise (Black-Green),M,71,73.5,100.2,144,35.5,38.0,35.5,140,38.0,147,48.5,51.7,35.5 / 140,38.0 / 147
2321,IA,Green,M,71,72.8,99.2,142,35.2,37.6,35.2,139,37.6,145,48.1,51.1,35.2 / 139,37.6 / 145
2321,IA,Member (Green-White),M,71,71.3,97.1,139,34.8,36.5,34.8,136,36.5,142,47.4,49.7,34.8 / 136,36.5 / 142
2321,IA,White,M,71,70.6,96.3,139,34.4,36.2,34.4,137,36.2,140,47.1,49.2,34.4 / 137,36.2 / 140
2321,IA,Gentlemens (White-Blue),M,71,69.0,93.0,130,33.9,35.1,33.9,123,35.1,136,45.3,47.7,33.9 / 123,35.1 / 136
2321,IA,Blue,M,71,67.7,90.0,120,33.2,34.5,33.2,117,34.5,123,44.1,45.9,33.2 / 117,34.5 / 123
2321,IA,Prairie (Blue-Gold),M,71,66.0,87.7,117,32.0,34.0,32.0,112,34.0,122,42.4,45.3,32.0 / 112,34.0 / 122
2321,IA,Gold,M,71,64.7,85.9,114,31.6,33.1,31.6,111,33.1,117,41.9,44.0,31.6 / 111,33.1 / 117
2321,IA,Black,F,71,81.1,116.7,151,39.1,42.0,39.1,147,42.0,155,56.4,60.3,39.1 / 147,42.0 / 155
2321,IA,Wise (Black-Green),F,71,79.3,114.0,147,38.3,41.0,38.3,142,41.0,152,55.1,58.9,38.3 / 142,41.0 / 152
2321,IA,Green,F,71,78.6,113.0,146,37.9,40.7,37.9,142,40.7,150,54.6,58.4,37.9 / 142,40.7 / 150
2321,IA,Member (Green-White),F,71,76.7,110.2,142,37.3,39.4,37.3,139,39.4,145,53.7,56.5,37.3 / 139,39.4 / 145
2321,IA,White,F,71,75.9,108.9,140,36.9,39.0,36.9,137,39.0,143,53.0,55.9,36.9 / 137,39.0 / 143
2321,IA,Gentleman's (White-Blue),F,71,74.0,106.2,137,36.2,37.8,36.2,135,37.8,138,52.1,54.1,36.2 / 135,37.8 / 138
2321,IA,Blue,F,71,72.5,103.8,133,35.4,37.1,35.4,131,37.1,134,50.9,52.9,35.4 / 131,37.1 / 134
2321,IA,Prairie (Blue-Gold),F,71,71.0,100.3,125,34.3,36.7,34.3,120,36.7,129,48.4,51.9,34.3 / 120,36.7 / 129
2321,IA,Gold,F,71,69.6,98.1,121,33.7,35.9,33.7,117,35.9,125,47.5,50.6,33.7 / 117,35.9 / 125
5630,IA,BLUE,M,70,68.4,89.8,115,34.2,34.2,34.2,115,34.2,115,44.9,44.9,34.2 / 115,34.2 / 115
5630,IA,WHITE/BLUE,M,70,67.6,88.5,113,33.4,34.2,33.4,110,34.2,115,43.6,44.9,33.4 / 110,34.2 / 115
5630,IA,WHITE,M,70,66.8,87.2,110,33.4,33.4,33.4,110,33.4,110,43.6,43.6,33.4 / 110,33.4 / 110
5630,IA,SENIOR,M,70,66.3,86.5,109,32.7,33.6,32.7,108,33.6,110,42.7,43.8,32.7 / 108,33.6 / 110
5630,IA,RED,M,70,63.8,83.2,104,31.9,31.9,31.9,104,31.9,104,41.6,41.6,31.9 / 104,31.9 / 104
5630,IA,WHITE,F,70,72.6,101.4,122,36.3,36.3,36.3,122,36.3,122,50.7,50.7,36.3 / 122,36.3 / 122
5630,IA,RED/WHITE,F,70,70.5,98.9,121,34.2,36.3,34.2,119,36.3,122,48.2,50.7,34.2 / 119,36.3 / 122
5630,IA,RED,F,70,68.4,96.4,119,34.2,34.2,34.2,119,34.2,119,48.2,48.2,34.2 / 119,34.2 / 119
5581,IA,Gold,M,72,73.6,96.4,123,36.4,37.2,36.4,118,37.2,127,47.4,49.0,36.4 / 118,37.2 / 127
5581,IA,Blue,M,72,72.1,94.3,120,35.7,36.4,35.7,116,36.4,123,46.5,47.8,35.7 / 116,36.4 / 123
5581,IA,White,M,72,70.1,91.4,115,34.6,35.5,34.6,111,35.5,118,44.9,46.5,34.6 / 111,35.5 / 118
5581,IA,Green,M,72,66.1,86.0,108,32.8,33.3,32.8,107,33.3,108,42.7,43.3,32.8 / 107,33.3 / 108
5581,IA,Red,M,72,64.4,83.5,103,32.2,32.2,32.2,104,32.2,101,41.9,41.6,32.2 / 104,32.2 / 101
5581,IA,White,F,72,76.0,105.5,125,37.5,38.5,37.5,123,38.5,127,52.0,53.5,37.5 / 123,38.5 / 127
5581,IA,Green,F,72,71.4,98.5,115,35.6,35.8,35.6,114,35.8,115,49.1,49.4,35.6 / 114,35.8 / 115
5581,IA,Red,F,72,69.6,96.2,113,35.0,34.6,35.0,111,34.6,114,48.1,48.1,35.0 / 111,34.6 / 114
5584,IA,Blue,M,72,69.2,89.8,111,34.6,34.6,34.6,111,34.6,111,44.9,44.9,34.6 / 111,34.6 / 111
5584,IA,White,M,72,68.2,88.6,110,34.1,34.1,34.1,110,34.1,110,44.3,44.3,34.1 / 110,34.1 / 110
5584,IA,Red,M,72,65.4,84.0,100,32.7,32.7,32.7,100,32.7,100,42.0,42.0,32.7 / 100,32.7 / 100
5584,IA,Purple,M,72,61.0,78.6,95,30.5,30.5,30.5,95,30.5,95,39.3,39.3,30.5 / 95,30.5 / 95
5584,IA,Blue,F,72,75.2,103.6,120,37.6,37.6,37.6,120,37.6,120,51.8,51.8,37.6 / 120,37.6 / 120
5584,IA,White,F,72,74.0,101.8,118,37.0,37.0,37.0,118,37.0,118,50.9,50.9,37.0 / 118,37.0 / 118
5584,IA,Red,F,72,70.4,96.4,110,35.2,35.2,35.2,110,35.2,110,48.2,48.2,35.2 / 110,35.2 / 110
5584,IA,Purple,F,72,65.4,88.6,98,32.7,32.7,32.7,98,32.7,98,44.3,44.3,32.7 / 98,32.7 / 98
2282,IA,Gold,M,72,73.5,95.8,120,37.0,36.5,37.0,115,36.5,125,47.7,48.1,37.0 / 115,36.5 / 125
2282,IA,Blue,M,72,72.0,93.8,118,36.2,35.8,36.2,113,35.8,122,46.7,47.1,36.2 / 113,35.8 / 122
2282,IA,White,M,72,70.2,91.6,116,35.3,34.9,35.3,110,34.9,121,45.5,46.1,35.3 / 110,34.9 / 121
2282,IA,Black,M,72,65.5,84.7,103,33.0,32.5,33.0,103,32.5,103,42.6,42.1,33.0 / 103,32.5 / 103
2282,IA,Red,F,72,69.9,96.8,114,35.2,34.7,35.2,110,34.7,118,48.2,48.6,35.2 / 110,34.7 / 118
2297,IA,Honor G,M,70,71.0,95.2,130,35.5,35.5,35.5,130,35.5,130,47.6,47.6,35.5 / 130,35.5 / 130
2297,IA,Diamond Course (Honor G/White),M,70,69.6,92.9,126,34.6,35.0,34.6,123,35.0,128,46.0,46.9,34.6 / 123,35.0 / 128
2297,IA,White,M,70,68.4,90.8,121,34.2,34.2,34.2,121,34.2,121,45.4,45.4,34.2 / 121,34.2 / 121
2297,IA,Circle Course (White/Red),M,70,66.0,87.1,114,33.0,33.0,33.0,114,33.0,113,43.6,43.5,33.0 / 114,33.0 / 113
2297,IA,Red,M,70,63.6,83.6,108,31.8,31.8,31.8,108,31.8,108,41.8,41.8,31.8 / 108,31.8 / 108
2297,IA,Honor G,F,70,76.4,108.8,137,38.2,38.2,38.2,137,38.2,137,54.4,54.4,38.2 / 137,38.2 / 137
2297,IA,Diamond Course (Honor G/White),F,70,74.9,106.4,134,37.3,37.6,37.3,132,37.6,135,52.9,53.5,37.3 / 132,37.6 / 135
2297,IA,White,F,70,73.2,104.0,131,36.6,36.6,36.6,131,36.6,131,52.0,52.0,36.6 / 131,36.6 / 131
2297,IA,Circle Course (White/Red),F,70,70.9,100.2,124,35.5,35.4,35.5,122,35.4,126,49.9,50.3,35.5 / 122,35.4 / 126
2297,IA,Red,F,70,68.4,96.6,120,34.2,34.2,34.2,120,34.2,120,48.3,48.3,34.2 / 120,34.2 / 120
5530,IA,Blue,M,72,70.0,91.6,116,35.0,35.0,35.0,116,35.0,116,45.8,45.8,35.0 / 116,35.0 / 116
5530,IA,Gold,M,72,64.2,82.4,98,32.1,32.1,32.1,98,32.1,98,41.2,41.2,32.1 / 98,32.1 / 98
5530,IA,Orange,M,72,60.8,77.8,91,30.4,30.4,30.4,91,30.4,91,38.9,38.9,30.4 / 91,30.4 / 91
5530,IA,Blue,F,72,76.2,105.8,126,38.1,38.1,38.1,126,38.1,126,52.9,52.9,38.1 / 126,38.1 / 126
5530,IA,Gold,F,72,69.2,95.4,111,34.6,34.6,34.6,111,34.6,111,47.7,47.7,34.6 / 111,34.6 / 111
5530,IA,Orange,F,72,63.2,86.4,98,31.6,31.6,31.6,98,31.6,98,43.2,43.2,31.6 / 98,31.6 / 98
18090,IA,Blue,M,72,71.2,93.8,122,35.6,35.6,35.6,122,35.6,122,46.9,46.9,35.6 / 122,35.6 / 122
18090,IA,White,M,72,68.8,90.4,116,34.4,34.4,34.4,116,34.4,116,45.2,45.2,34.4 / 116,34.4 / 116
18090,IA,Red,M,72,67.0,88.0,113,33.5,33.5,33.5,113,33.5,113,44.0,44.0,33.5 / 113,33.5 / 113
18090,IA,White,F,72,73.6,103.6,127,36.8,36.8,36.8,127,36.8,127,51.8,51.8,36.8 / 127,36.8 / 127
18090,IA,Red,F,72,72.4,100.6,120,36.2,36.2,36.2,120,36.2,120,50.3,50.3,36.2 / 120,36.2 / 120
5589,IA,Gold,M,74,73.4,98.8,137,36.7,36.7,36.7,137,36.7,137,49.4,49.4,36.7 / 137,36.7 / 137
5589,IA,Black,M,74,72.4,97.6,136,36.2,36.2,36.2,136,36.2,136,48.8,48.8,36.2 / 136,36.2 / 136
5589,IA,Blue,M,74,71.0,95.8,133,35.5,35.5,35.5,133,35.5,133,47.9,47.9,35.5 / 133,35.5 / 133
5589,IA,Red,M,74,66.6,89.0,121,33.3,33.3,33.3,121,33.3,121,44.5,44.5,33.3 / 121,33.3 / 121
5589,IA,Gold,F,74,80.6,113.4,139,40.3,40.3,40.3,139,40.3,139,56.7,56.7,40.3 / 139,40.3 / 139
5589,IA,Black,F,74,79.8,112.0,137,39.9,39.9,39.9,137,39.9,137,56.0,56.0,39.9 / 137,39.9 / 137
5589,IA,Blue,F,74,78.4,110.0,134,39.2,39.2,39.2,134,39.2,134,55.0,55.0,39.2 / 134,39.2 / 134
5589,IA,Red,F,74,72.2,100.8,121,36.1,36.1,36.1,121,36.1,121,50.4,50.4,36.1 / 121,36.1 / 121
5557,IA,Blue,M,72,72.4,95.2,123,36.2,36.2,36.2,123,36.2,123,47.6,47.6,36.2 / 123,36.2 / 123
5557,IA,White,M,72,71.0,92.4,115,35.5,35.5,35.5,115,35.5,115,46.2,46.2,35.5 / 115,35.5 / 115
5557,IA,Green,M,72,67.6,86.8,103,33.8,33.8,33.8,103,33.8,103,43.4,43.4,33.8 / 103,33.8 / 103
5557,IA,Red,M,72,66.2,85.0,101,33.1,33.1,33.1,101,33.1,101,42.5,42.5,33.1 / 101,33.1 / 101
5557,IA,Blue,F,72,79.2,109.4,128,39.6,39.6,39.6,128,39.6,128,54.7,54.7,39.6 / 128,39.6 / 128
5557,IA,White,F,72,77.0,106.2,124,38.5,38.5,38.5,124,38.5,124,53.1,53.1,38.5 / 124,38.5 / 124
5557,IA,Green,F,72,72.8,99.4,113,36.4,36.4,36.4,113,36.4,113,49.7,49.7,36.4 / 113,36.4 / 113
5557,IA,Red,F,72,71.2,97.2,110,35.6,35.6,35.6,110,35.6,110,48.6,48.6,35.6 / 110,35.6 / 110
18093,IA,Blue,M,70,66.2,86.8,111,33.1,33.1,33.1,111,33.1,111,43.4,43.4,33.1 / 111,33.1 / 111
18093,IA,White,M,70,65.0,84.8,107,32.5,32.5,32.5,107,32.5,107,42.4,42.4,32.5 / 107,32.5 / 107
18093,IA,Gold,M,70,61.8,80.8,102,30.9,30.9,30.9,102,30.9,102,40.4,40.4,30.9 / 102,30.9 / 102
18093,IA,Red,M,70,60.8,79.2,99,30.4,30.4,30.4,99,30.4,99,39.6,39.6,30.4 / 99,30.4 / 99
18093,IA,White,F,70,69.4,97.0,117,34.7,34.7,34.7,117,34.7,117,48.5,48.5,34.7 / 117,34.7 / 117
18093,IA,Gold,F,70,65.8,91.2,108,32.9,32.9,32.9,108,32.9,108,45.6,45.6,32.9 / 108,32.9 / 108
18093,IA,Red,F,70,63.8,87.0,98,31.9,31.9,31.9,98,31.9,98,43.5,43.5,31.9 / 98,31.9 / 98
5590,IA,Blue,M,70,69.2,92.2,124,34.6,34.6,34.6,124,34.6,124,46.1,46.1,34.6 / 124,34.6 / 124
5590,IA,White,M,70,66.4,86.8,110,33.2,33.2,33.2,110,33.2,110,43.4,43.4,33.2 / 110,33.2 / 110
5590,IA,Black,M,70,63.0,81.6,100,31.5,31.5,31.5,100,31.5,100,40.8,40.8,31.5 / 100,31.5 / 100
5590,IA,Red,M,70,61.8,80.2,99,30.9,30.9,30.9,99,30.9,99,40.1,40.1,30.9 / 99,30.9 / 99
5590,IA,Gold,M,70,57.8,74.8,91,28.9,28.9,28.9,91,28.9,91,37.4,37.4,28.9 / 91,28.9 / 91
5590,IA,Blue,F,70,75.0,106.0,131,37.5,37.5,37.5,131,37.5,131,53.0,53.0,37.5 / 131,37.5 / 131
5590,IA,White,F,70,71.4,100.6,124,35.7,35.7,35.7,124,35.7,124,50.3,50.3,35.7 / 124,35.7 / 124
5590,IA,Black,F,70,67.2,92.8,109,33.6,33.6,33.6,109,33.6,109,46.4,46.4,33.6 / 109,33.6 / 109
5590,IA,Red,F,70,65.4,90.4,106,32.7,32.7,32.7,106,32.7,106,45.2,45.2,32.7 / 106,32.7 / 106
5590,IA,Gold,F,70,59.6,81.8,94,29.8,29.8,29.8,94,29.8,94,40.9,40.9,29.8 / 94,29.8 / 94
5624,IA,Blue,M,70,67.2,87.8,111,33.6,33.6,33.6,111,33.6,111,43.9,43.9,33.6 / 111,33.6 / 111
5624,IA,Yellow,M,70,66.0,86.0,108,33.0,33.0,33.0,108,33.0,108,43.0,43.0,33.0 / 108,33.0 / 108
5624,IA,Red,M,70,62.2,80.8,100,31.1,31.1,31.1,100,31.1,100,40.4,40.4,31.1 / 100,31.1 / 100
5624,IA,Yellow,F,70,71.4,98.8,116,35.7,35.7,35.7,116,35.7,116,49.4,49.4,35.7 / 116,35.7 / 116
5624,IA,Red,F,70,66.2,91.6,108,33.1,33.1,33.1,108,33.1,108,45.8,45.8,33.1 / 108,33.1 / 108
14938,IA,Black,M,72,74.6,99.4,133,37.3,37.3,37.3,133,37.3,133,49.7,49.7,37.3 / 133,37.3 / 133
14938,IA,White,M,72,72.6,96.2,127,36.3,36.3,36.3,127,36.3,127,48.1,48.1,36.3 / 127,36.3 / 127
14938,IA,Gold,M,72,68.8,90.4,116,34.4,34.4,34.4,116,34.4,116,45.2,45.2,34.4 / 116,34.4 / 116
14938,IA,Black,F,72,81.0,114.0,140,40.5,40.5,40.5,140,40.5,140,57.0,57.0,40.5 / 140,40.5 / 140
14938,IA,White,F,72,77.8,109.6,135,38.9,38.9,38.9,135,38.9,135,54.8,54.8,38.9 / 135,38.9 / 135
14938,IA,Gold,F,72,73.4,103.4,127,36.7,36.7,36.7,127,36.7,127,51.7,51.7,36.7 / 127,36.7 / 127
14938,IA,Orange,F,72,62.6,87.6,106,31.3,31.3,31.3,106,31.3,106,43.8,43.8,31.3 / 106,31.3 / 106
31186,IA,Blue,M,70,70.8,94.0,125,35.4,35.4,35.4,125,35.4,125,47.0,47.0,35.4 / 125,35.4 / 125
31186,IA,White,M,70,68.0,90.6,122,34.0,34.0,34.0,122,34.0,122,45.3,45.3,34.0 / 122,34.0 / 122
31186,IA,Red,M,68,64.2,84.0,107,32.1,32.1,32.1,107,32.1,107,42.0,42.0,32.1 / 107,32.1 / 107
31186,IA,White,F,70,73.4,104.2,131,36.7,36.7,36.7,131,36.7,131,52.1,52.1,36.7 / 131,36.7 / 131
31186,IA,Red,F,68,68.6,94.8,111,34.3,34.3,34.3,111,34.3,111,47.4,47.4,34.3 / 111,34.3 / 111
14987,IA,Back,M,70,68.9,90.3,116,34.2,34.7,34.2,109,34.7,122,44.3,46.0,34.2 / 109,34.7 / 122
14987,IA,Forward,M,74,64.2,83.8,106,31.4,32.8,31.4,100,32.8,111,40.7,43.1,31.4 / 100,32.8 / 111
14987,IA,Back,F,74,74.5,103.8,124,36.8,37.7,36.8,120,37.7,128,51.0,52.8,36.8 / 120,37.7 / 128
14987,IA,Forward,F,74,69.9,97.2,116,34.3,35.6,34.3,110,35.6,121,47.3,49.9,34.3 / 110,35.6 / 121
18094,IA,Blue,M,72,72.4,96.0,127,36.2,36.2,36.2,127,36.2,127,48.0,48.0,36.2 / 127,36.2 / 127
18094,IA,White,M,72,69.6,92.4,123,34.8,34.8,34.8,123,34.8,123,46.2,46.2,34.8 / 123,34.8 / 123
18094,IA,Yellow,M,72,64.6,85.4,112,32.3,32.3,32.3,112,32.3,112,42.7,42.7,32.3 / 112,32.3 / 112
18094,IA,Red,M,72,63.4,83.6,109,31.7,31.7,31.7,109,31.7,109,41.8,41.8,31.7 / 109,31.7 / 109
18094,IA,Silver,M,72,59.8,78.0,98,29.9,29.9,29.9,98,29.9,98,39.0,39.0,29.9 / 98,29.9 / 98
18094,IA,Blue,F,72,78.2,110.4,137,39.1,39.1,39.1,137,39.1,137,55.2,55.2,39.1 / 137,39.1 / 137
18094,IA,White,F,72,75.0,105.6,130,37.5,37.5,37.5,130,37.5,130,52.8,52.8,37.5 / 130,37.5 / 130
18094,IA,Yellow,F,72,69.6,96.0,112,34.8,34.8,34.8,112,34.8,112,48.0,48.0,34.8 / 112,34.8 / 112
18094,IA,Red,F,72,68.6,94.8,111,34.3,34.3,34.3,111,34.3,111,47.4,47.4,34.3 / 111,34.3 / 111
18094,IA,Silver,F,72,63.4,87.0,100,31.7,31.7,31.7,100,31.7,100,43.5,43.5,31.7 / 100,31.7 / 100
5568,IA,Blue,M,72,70.1,92.2,119,34.5,35.6,34.5,115,35.6,123,45.2,47.0,34.5 / 115,35.6 / 123
5568,IA,White,M,72,65.1,84.2,103,32.8,32.3,32.8,103,32.3,102,42.4,41.8,32.8 / 103,32.3 / 102
5568,IA,Red,M,72,64.3,83.0,101,32.4,31.9,32.4,101,31.9,100,41.8,41.2,32.4 / 101,31.9 / 100
5568,IA,Red,F,74,68.6,95.4,114,34.6,34.0,34.6,115,34.0,112,48.2,47.2,34.6 / 115,34.0 / 112
3966,IA,White-Blue,M,70,67.7,89.0,115,33.8,33.9,33.8,114,33.9,115,44.4,44.6,33.8 / 114,33.9 / 115
3966,IA,Gold,M,70,66.2,86.4,109,33.1,33.1,33.1,109,33.1,109,43.2,43.2,33.1 / 109,33.1 / 109
3966,IA,Red,F,71,69.0,96.5,117,34.9,34.1,34.9,120,34.1,114,49.0,47.5,34.9 / 120,34.1 / 114
18097,IA,Blue,M,70,69.8,93.2,126,34.9,34.9,34.9,126,34.9,126,46.6,46.6,34.9 / 126,34.9 / 126
18097,IA,White,M,70,67.4,89.6,119,33.7,33.7,33.7,119,33.7,119,44.8,44.8,33.7 / 119,33.7 / 119
18097,IA,Yellow,M,70,65.4,86.8,115,32.7,32.7,32.7,115,32.7,115,43.4,43.4,32.7 / 115,32.7 / 115
18097,IA,Red,F,70,68.6,94.6,110,34.3,34.3,34.3,110,34.3,110,47.3,47.3,34.3 / 110,34.3 / 110
5511,IA,Black,M,71,72.7,96.1,126,36.3,36.4,36.3,129,36.4,123,48.3,47.8,36.3 / 129,36.4 / 123
5511,IA,Blue,M,71,69.6,91.8,120,35.0,34.6,35.0,122,34.6,117,46.3,45.5,35.0 / 122,34.6 / 117
5511,IA,White,M,71,68.2,89.5,115,34.2,34.0,34.2,117,34.0,112,45.1,44.4,34.2 / 117,34.0 / 112
5511,IA,Silver,M,71,66.5,86.0,105,33.5,33.0,33.5,103,33.0,107,43.1,42.9,33.5 / 103,33.0 / 107
5511,IA,Red,M,71,64.2,82.7,100,32.0,32.2,32.0,98,32.2,101,41.1,41.6,32.0 / 98,32.2 / 101
5511,IA,Black,F,71,79.1,110.5,133,39.7,39.4,39.7,131,39.4,135,55.2,55.3,39.7 / 131,39.4 / 135
5511,IA,Blue,F,71,76.2,106.2,128,38.2,38.0,38.2,126,38.0,129,53.0,53.2,38.2 / 126,38.0 / 129
5511,IA,White,F,71,74.0,102.9,123,37.3,36.7,37.3,121,36.7,124,51.6,51.3,37.3 / 121,36.7 / 124
5511,IA,Silver,F,71,72.1,99.5,116,36.2,35.9,36.2,116,35.9,116,49.9,49.6,36.2 / 116,35.9 / 116
5511,IA,Red,F,71,69.6,95.9,112,34.8,34.8,34.8,109,34.8,114,47.7,48.2,34.8 / 109,34.8 / 114
2309,IA,Black,M,72,69.8,92.4,122,34.9,34.9,34.9,122,34.9,122,46.2,46.2,34.9 / 122,34.9 / 122
2309,IA,Blue,M,72,69.0,91.4,121,34.5,34.5,34.5,121,34.5,121,45.7,45.7,34.5 / 121,34.5 / 121
2309,IA,Gold,M,72,66.8,88.2,115,33.4,33.4,33.4,115,33.4,115,44.1,44.1,33.4 / 115,33.4 / 115
2309,IA,Red,M,72,65.0,86.2,114,32.5,32.5,32.5,114,32.5,114,43.1,43.1,32.5 / 114,32.5 / 114
2309,IA,Black,F,72,75.4,104.4,123,37.7,37.7,37.7,123,37.7,123,52.2,52.2,37.7 / 123,37.7 / 123
2309,IA,Blue,F,72,74.6,103.0,120,37.3,37.3,37.3,120,37.3,120,51.5,51.5,37.3 / 120,37.3 / 120
2309,IA,Gold,F,72,72.2,99.8,117,36.1,36.1,36.1,117,36.1,117,49.9,49.9,36.1 / 117,36.1 / 117
2309,IA,Red,F,72,71.2,98.4,115,35.6,35.6,35.6,115,35.6,115,49.2,49.2,35.6 / 115,35.6 / 115
5588,IA,Green,M,72,74.6,99.5,134,37.2,37.4,37.2,129,37.4,139,49.2,50.3,37.2 / 129,37.4 / 139
5588,IA,Blue,M,72,72.6,97.0,132,36.0,36.6,36.0,128,36.6,135,47.9,49.1,36.0 / 128,36.6 / 135
5588,IA,Blue-White,M,72,71.5,95.3,128,35.5,36.0,35.5,127,36.0,129,47.3,48.0,35.5 / 127,36.0 / 129
5588,IA,White,M,72,70.1,92.9,123,35.0,35.1,35.0,122,35.1,124,46.3,46.6,35.0 / 122,35.1 / 124
5588,IA,Silver,M,72,66.2,87.9,117,33.1,33.1,33.1,116,33.1,117,43.9,44.0,33.1 / 116,33.1 / 117
5588,IA,Blue,F,72,77.5,108.8,133,38.8,38.7,38.8,131,38.7,134,54.3,54.5,38.8 / 131,38.7 / 134
5588,IA,White,F,72,74.6,104.5,127,37.5,37.1,37.5,126,37.1,127,52.4,52.1,37.5 / 126,37.1 / 127
5588,IA,Silver,F,72,70.6,98.6,119,35.5,35.1,35.5,118,35.1,120,49.4,49.2,35.5 / 118,35.1 / 120
5588,IA,Gold,F,72,69.2,96.6,117,34.6,34.6,34.6,114,34.6,119,48.0,48.6,34.6 / 114,34.6 / 119
2293,IA,Black,M,72,71.6,95.8,131,36.5,35.1,36.5,137,35.1,124,49.2,46.6,36.5 / 137,35.1 / 124
2293,IA,Green,M,72,70.3,94.2,129,35.7,34.6,35.7,135,34.6,123,48.2,46.0,35.7 / 135,34.6 / 123
2293,IA,Green-Yellow Combo,M,72,69.0,91.9,123,34.9,34.1,34.9,127,34.1,119,46.7,45.2,34.9 / 127,34.1 / 119
2293,IA,Yellow,M,72,67.7,90.2,121,34.3,33.4,34.3,126,33.4,116,46.0,44.2,34.3 / 126,33.4 / 116
2293,IA,White,M,72,65.4,87.0,116,33.0,32.4,33.0,119,32.4,113,44.1,42.9,33.0 / 119,32.4 / 113
2293,IA,Black,F,72,78.1,110.2,136,39.7,38.4,39.7,141,38.4,131,56.3,53.9,39.7 / 141,38.4 / 131
2293,IA,Green,F,72,76.6,108.0,133,38.8,37.8,38.8,137,37.8,129,55.0,53.0,38.8 / 137,37.8 / 129
2293,IA,Green-Yellow Combo,F,72,74.7,104.7,128,37.7,37.0,37.7,131,37.0,124,53.1,51.6,37.7 / 131,37.0 / 124
2293,IA,Yellow,F,72,73.1,102.0,123,37.0,36.1,37.0,126,36.1,119,51.9,50.1,37.0 / 126,36.1 / 119
2293,IA,White,F,72,70.9,98.6,117,35.6,35.3,35.6,120,35.3,114,49.8,48.8,35.6 / 120,35.3 / 114
13418,IA,Blue,M,72,72.2,94.8,122,36.1,36.1,36.1,122,36.1,122,47.4,47.4,36.1 / 122,36.1 / 122
13418,IA,White,M,72,71.2,93.4,119,35.6,35.6,35.6,119,35.6,119,46.7,46.7,35.6 / 119,35.6 / 119
13418,IA,Yellow,M,72,68.4,90.2,117,34.2,34.2,34.2,117,34.2,117,45.1,45.1,34.2 / 117,34.2 / 117
13418,IA,Red,M,70,65.4,85.6,109,32.7,32.7,32.7,109,32.7,109,42.8,42.8,32.7 / 109,32.7 / 109
13418,IA,Yellow,F,72,74.2,102.2,119,37.1,37.1,37.1,119,37.1,119,51.1,51.1,37.1 / 119,37.1 / 119
13418,IA,Red,F,72,70.6,96.6,110,35.3,35.3,35.3,110,35.3,110,48.3,48.3,35.3 / 110,35.3 / 110
18098,IA,Blue,M,70,68.2,89.4,114,33.3,34.9,33.3,109,34.9,119,43.4,46.0,33.3 / 109,34.9 / 119
18098,IA,White,M,70,66.5,87.4,113,32.4,34.1,32.4,108,34.1,117,42.4,45.0,32.4 / 108,34.1 / 117
18098,IA,Gold,M,70,63.0,82.4,104,31.1,31.9,31.1,103,31.9,105,40.7,41.7,31.1 / 103,31.9 / 105
18098,IA,Red,M,70,62.2,81.3,103,30.7,31.5,30.7,103,31.5,102,40.3,41.0,30.7 / 103,31.5 / 102
18098,IA,Silver,M,69,61.6,80.5,102,30.7,30.9,30.7,103,30.9,100,40.3,40.2,30.7 / 103,30.9 / 100
18098,IA,White,F,71,71.8,100.8,123,34.7,37.1,34.7,119,37.1,127,48.7,52.1,34.7 / 119,37.1 / 127
18098,IA,Gold,F,71,67.5,94.9,116,33.1,34.4,33.1,112,34.4,120,46.3,48.6,33.1 / 112,34.4 / 120
18098,IA,Red,F,71,65.7,91.8,111,32.2,33.5,32.2,105,33.5,116,44.6,47.2,32.2 / 105,33.5 / 116
18098,IA,Silver,F,70,65.0,90.7,109,32.2,32.8,32.2,105,32.8,113,44.6,46.1,32.2 / 105,32.8 / 113
5600,IA,Red,M,68,66.4,87.6,114,33.2,33.2,33.2,114,33.2,114,43.8,43.8,33.2 / 114,33.2 / 114
5600,IA,White-Red,M,68,65.9,86.9,113,32.7,33.2,32.7,112,33.2,114,43.1,43.8,32.7 / 112,33.2 / 114
5600,IA,White,M,68,65.4,86.2,112,32.7,32.7,32.7,112,32.7,112,43.1,43.1,32.7 / 112,32.7 / 112
5600,IA,Red,F,72,71.2,100.6,125,35.6,35.6,35.6,125,35.6,125,50.3,50.3,35.6 / 125,35.6 / 125
5600,IA,White-Red,F,72,70.7,99.8,124,35.1,35.6,35.1,122,35.6,125,49.5,50.3,35.1 / 122,35.6 / 125
5600,IA,White,F,72,70.2,99.0,122,35.1,35.1,35.1,122,35.1,122,49.5,49.5,35.1 / 122,35.1 / 122
5528,IA,Blue,M,70,68.4,90.9,122,34.2,34.2,34.2,122,34.2,122,45.5,45.5,34.2 / 122,34.2 / 122
5528,IA,White,M,70,67.6,90.0,121,33.8,33.8,33.8,121,33.8,121,45.0,45.0,33.8 / 121,33.8 / 121
5528,IA,Yellow,M,72,64.0,84.0,108,32.0,32.0,32.0,108,32.0,108,42.0,42.0,32.0 / 108,32.0 / 108
5528,IA,Red,M,72,63.4,83.2,107,31.7,31.7,31.7,107,31.7,107,41.6,41.6,31.7 / 107,31.7 / 107
5528,IA,Gold,M,72,58.6,75.6,91,29.3,29.3,29.3,91,29.3,91,37.8,37.8,29.3 / 91,29.3 / 91
5528,IA,Blue,F,70,74.4,105.2,131,37.2,37.2,37.2,131,37.2,131,52.6,52.6,37.2 / 131,37.2 / 131
5528,IA,White,F,70,73.6,104.0,129,36.8,36.8,36.8,129,36.8,129,52.0,52.0,36.8 / 129,36.8 / 129
5528,IA,Yellow,F,72,68.8,95.6,114,34.4,34.4,34.4,114,34.4,114,47.8,47.8,34.4 / 114,34.4 / 114
5528,IA,Red,F,72,68.2,94.6,112,34.1,34.1,34.1,112,34.1,112,47.3,47.3,34.1 / 112,34.1 / 112
5528,IA,Gold,F,72,60.8,83.0,94,30.4,30.4,30.4,94,30.4,94,41.5,41.5,30.4 / 94,30.4 / 94
21046,IA,Black,M,71,70.3,93.2,124,35.4,34.9,35.4,124,34.9,123,46.9,46.3,35.4 / 124,34.9 / 123
21046,IA,White,M,71,68.6,91.1,121,34.7,33.9,34.7,123,33.9,119,46.1,45.0,34.7 / 123,33.9 / 119
21046,IA,White/Gold Combo,M,71,67.2,88.0,112,34.2,33.0,34.2,117,33.0,107,45.1,42.9,34.2 / 117,33.0 / 107
21046,IA,Gold,M,71,66.0,86.0,108,33.9,32.1,33.9,116,32.1,99,44.7,41.3,33.9 / 116,32.1 / 99
21046,IA,Red,M,70,62.1,80.6,100,31.0,31.1,31.0,104,31.1,95,40.7,39.9,31.0 / 104,31.1 / 95
21046,IA,Gold,F,71,70.8,99.0,120,36.4,34.4,36.4,125,34.4,114,51.1,47.9,36.4 / 125,34.4 / 114
21046,IA,Red,F,70,65.8,91.9,111,32.7,33.1,32.7,108,33.1,114,45.4,46.5,32.7 / 108,33.1 / 114
5507,IA,Black,M,71,70.3,93.2,124,36.0,34.3,36.0,124,34.3,123,47.5,45.7,36.0 / 124,34.3 / 123
5507,IA,Black/White Combo,M,71,69.1,91.9,123,35.2,33.9,35.2,122,33.9,124,46.5,45.4,35.2 / 122,33.9 / 124
5507,IA,White,M,71,68.6,91.0,121,35.0,33.6,35.0,119,33.6,122,46.1,44.9,35.0 / 119,33.6 / 122
5507,IA,White/Gold Combo,M,71,67.2,88.0,112,34.0,33.2,34.0,107,33.2,117,43.9,44.1,34.0 / 107,33.2 / 117
5507,IA,Gold,M,71,66.0,86.0,108,33.4,32.6,33.4,103,32.6,112,43.0,43.0,33.4 / 103,32.6 / 112
5507,IA,Red,M,70,62.1,80.6,100,31.1,31.0,31.1,97,31.0,102,40.1,40.5,31.1 / 97,31.0 / 102
5507,IA,Gold,F,71,70.8,99.1,120,35.7,35.1,35.7,126,35.1,114,50.5,48.6,35.7 / 126,35.1 / 114
5507,IA,Red,F,70,65.8,91.9,111,33.2,32.6,33.2,112,32.6,109,46.4,45.5,33.2 / 112,32.6 / 109
2312,IA,Blue,M,72,69.5,92.0,121,34.1,35.4,34.1,117,35.4,125,45.0,47.0,34.1 / 117,35.4 / 125
2312,IA,Yellow,M,72,68.2,90.3,119,33.5,34.7,33.5,116,34.7,122,44.3,46.0,33.5 / 116,34.7 / 122
2312,IA,White,M,72,66.2,87.1,113,32.2,34.0,32.2,110,34.0,115,42.4,44.7,32.2 / 110,34.0 / 115
2312,IA,Red,M,72,64.9,84.8,108,31.6,33.3,31.6,107,33.3,108,41.5,43.3,31.6 / 107,33.3 / 108
2312,IA,Orange,M,72,61.7,80.6,102,30.3,31.4,30.3,101,31.4,103,39.7,41.0,30.3 / 101,31.4 / 103
2312,IA,Blue,F,72,74.9,105.0,128,36.6,38.3,36.6,123,38.3,132,51.1,53.9,36.6 / 123,38.3 / 132
2312,IA,Yellow,F,72,73.5,103.0,125,36.0,37.5,36.0,121,37.5,129,50.3,52.7,36.0 / 121,37.5 / 129
2312,IA,White,F,72,71.1,99.3,120,34.6,36.5,34.6,114,36.5,125,48.1,51.2,34.6 / 114,36.5 / 125
2312,IA,Red,F,72,69.3,96.6,116,33.8,35.5,33.8,112,35.5,120,47.0,49.6,33.8 / 112,35.5 / 120
2312,IA,Orange,F,72,66.2,91.9,109,32.1,34.1,32.1,104,34.1,114,44.4,47.5,32.1 / 104,34.1 / 114
32367,IA,Blue,M,72,70.8,92.8,118,35.4,35.4,35.4,118,35.4,118,46.4,46.4,35.4 / 118,35.4 / 118
32367,IA,White,M,72,68.8,90.4,116,34.4,34.4,34.4,116,34.4,116,45.2,45.2,34.4 / 116,34.4 / 116
32367,IA,Red,M,72,66.4,86.8,110,33.2,33.2,33.2,110,33.2,110,43.4,43.4,33.2 / 110,33.2 / 110
32367,IA,Green,M,72,62.2,80.0,96,31.1,31.1,31.1,96,31.1,96,40.0,40.0,31.1 / 96,31.1 / 96
32367,IA,Blue,F,72,76.8,107.4,130,38.4,38.4,38.4,130,38.4,130,53.7,53.7,38.4 / 130,38.4 / 130
32367,IA,White,F,72,74.6,104.0,125,37.3,37.3,37.3,125,37.3,125,52.0,52.0,37.3 / 125,37.3 / 125
32367,IA,Red,F,72,71.6,99.4,118,35.8,35.8,35.8,118,35.8,118,49.7,49.7,35.8 / 118,35.8 / 118
32367,IA,Green,F,72,66.8,92.8,110,33.4,33.4,33.4,110,33.4,110,46.4,46.4,33.4 / 110,33.4 / 110
5532,IA,Red,M,72,69.4,91.0,116,34.7,34.7,34.7,116,34.7,116,45.5,45.5,34.7 / 116,34.7 / 116
5532,IA,Blue/Red Combo,M,72,67.2,87.7,111,33.2,34.0,33.2,109,34.0,112,43.3,44.4,33.2 / 109,34.0 / 112
5532,IA,Blue,M,72,65.4,85.4,108,32.7,32.7,32.7,108,32.7,108,42.7,42.7,32.7 / 108,32.7 / 108
5532,IA,Gold/Blue Combo,M,72,64.5,83.9,105,32.0,32.5,32.0,102,32.5,107,41.5,42.4,32.0 / 102,32.5 / 107
5532,IA,Gold,M,72,63.6,82.4,101,31.8,31.8,31.8,101,31.8,101,41.2,41.2,31.8 / 101,31.8 / 101
5532,IA,Forward,M,72,60.6,78.0,94,30.3,30.3,30.3,94,30.3,94,39.0,39.0,30.3 / 94,30.3 / 94
5532,IA,Red,F,72,75.6,104.6,123,37.8,37.8,37.8,123,37.8,123,52.3,52.3,37.8 / 123,37.8 / 123
5532,IA,Blue/Red Combo,F,72,72.9,100.7,118,36.0,36.9,36.0,116,36.9,120,49.7,51.0,36.0 / 116,36.9 / 120
5532,IA,Blue,F,72,71.2,98.0,114,35.6,35.6,35.6,114,35.6,114,49.0,49.0,35.6 / 114,35.6 / 114
5532,IA,Gold/Blue Combo,F,72,70.2,96.4,111,34.9,35.3,34.9,109,35.3,113,47.8,48.6,34.9 / 109,35.3 / 113
5532,IA,Gold,F,72,69.2,94.8,109,34.6,34.6,34.6,109,34.6,109,47.4,47.4,34.6 / 109,34.6 / 109
5532,IA,Forward,F,72,64.8,88.4,100,32.4,32.4,32.4,100,32.4,100,44.2,44.2,32.4 / 100,32.4 / 100
2330,IA,Black,M,72,72.7,94.9,120,36.1,36.6,36.1,117,36.6,122,47.0,47.9,36.1 / 117,36.6 / 122
2330,IA,Grey,M,72,71.2,93.2,119,35.2,36.0,35.2,115,36.0,122,45.9,47.3,35.2 / 115,36.0 / 122
2330,IA,Grey/White,M,72,68.5,89.7,114,34.0,34.5,34.0,113,34.5,115,44.5,45.2,34.0 / 113,34.5 / 115
2330,IA,White,M,72,67.4,88.2,112,33.3,34.1,33.3,110,34.1,114,43.5,44.7,33.3 / 110,34.1 / 114
2330,IA,Red,M,72,63.8,82.8,102,31.4,32.4,31.4,102,32.4,102,40.9,41.9,31.4 / 102,32.4 / 102
2330,IA,Grey,F,72,77.1,107.6,130,38.2,38.9,38.2,129,38.9,130,53.4,54.2,38.2 / 129,38.9 / 130
2330,IA,Grey/White,F,72,74.2,103.3,124,36.9,37.3,36.9,123,37.3,124,51.4,51.9,36.9 / 123,37.3 / 124
2330,IA,White,F,72,72.9,101.3,121,36.1,36.8,36.1,120,36.8,121,50.2,51.1,36.1 / 120,36.8 / 121
2330,IA,Red,F,72,68.8,94.6,110,33.7,35.1,33.7,108,35.1,111,46.4,48.2,33.7 / 108,35.1 / 111
35201,IA,White,M,54,52.8,66.6,74,26.4,26.4,26.4,74,26.4,74,33.3,33.3,26.4 / 74,26.4 / 74
35201,IA,Red,M,54,52.0,65.2,71,26.0,26.0,26.0,71,26.0,71,32.6,32.6,26.0 / 71,26.0 / 71
35201,IA,White,F,54,54.8,74.2,82,27.4,27.4,27.4,82,27.4,82,37.1,37.1,27.4 / 82,27.4 / 82
35201,IA,Red,F,54,54.2,73.2,81,27.1,27.1,27.1,81,27.1,81,36.6,36.6,27.1 / 81,27.1 / 81
5543,IA,Blue,M,72,70.6,91.8,114,35.3,35.3,35.3,114,35.3,114,45.9,45.9,35.3 / 114,35.3 / 114
5543,IA,White,M,72,69.4,90.4,113,34.7,34.7,34.7,113,34.7,113,45.2,45.2,34.7 / 113,34.7 / 113
5543,IA,Gold,M,72,67.4,87.0,105,33.7,33.7,33.7,105,33.7,105,43.5,43.5,33.7 / 105,33.7 / 105
5543,IA,Red,M,72,65.8,85.2,104,32.9,32.9,32.9,104,32.9,104,42.6,42.6,32.9 / 104,32.9 / 104
5543,IA,Blue,F,72,75.8,104.6,122,37.9,37.9,37.9,122,37.9,122,52.3,52.3,37.9 / 122,37.9 / 122
5543,IA,White,F,72,74.6,103.0,120,37.3,37.3,37.3,120,37.3,120,51.5,51.5,37.3 / 120,37.3 / 120
5543,IA,Gold,F,72,72.0,99.8,118,36.0,36.0,36.0,118,36.0,118,49.9,49.9,36.0 / 118,36.0 / 118
5543,IA,Red,F,72,70.4,97.6,115,35.2,35.2,35.2,115,35.2,115,48.8,48.8,35.2 / 115,35.2 / 115
2334,IA,Blue,M,72,69.4,92.8,126,34.7,34.7,34.7,126,34.7,126,46.4,46.4,34.7 / 126,34.7 / 126
2334,IA,White,M,72,68.0,91.0,124,34.0,34.0,34.0,124,34.0,124,45.5,45.5,34.0 / 124,34.0 / 124
2334,IA,Gold,M,72,64.2,83.0,101,32.1,32.1,32.1,101,32.1,101,41.5,41.5,32.1 / 101,32.1 / 101
2334,IA,Red,M,70,63.0,81.2,98,31.5,31.5,31.5,98,31.5,98,40.6,40.6,31.5 / 98,31.5 / 98
2334,IA,Blue,F,72,75.8,107.4,134,37.9,37.9,37.9,134,37.9,134,53.7,53.7,37.9 / 134,37.9 / 134
2334,IA,White,F,72,74.2,104.6,129,37.1,37.1,37.1,129,37.1,129,52.3,52.3,37.1 / 129,37.1 / 129
2334,IA,Gold,F,72,69.2,96.2,114,34.6,34.6,34.6,114,34.6,114,48.1,48.1,34.6 / 114,34.6 / 114
2334,IA,Red,F,70,66.6,93.2,113,33.3,33.3,33.3,113,33.3,113,46.6,46.6,33.3 / 113,33.3 / 113
32991,IA,Blue,M,70,65.6,86.8,114,32.8,32.8,32.8,114,32.8,114,43.4,43.4,32.8 / 114,32.8 / 114
32991,IA,White,M,70,64.8,85.6,112,32.4,32.4,32.4,112,32.4,112,42.8,42.8,32.4 / 112,32.4 / 112
32991,IA,Red,M,70,63.0,81.8,101,31.5,31.5,31.5,101,31.5,101,40.9,40.9,31.5 / 101,31.5 / 101
32991,IA,Blue,F,70,70.0,99.4,125,35.0,35.0,35.0,125,35.0,125,49.7,49.7,35.0 / 125,35.0 / 125
32991,IA,White,F,70,68.2,95.8,117,34.1,34.1,34.1,117,34.1,117,47.9,47.9,34.1 / 117,34.1 / 117
32991,IA,Red,F,70,66.2,92.8,113,33.1,33.1,33.1,113,33.1,113,46.4,46.4,33.1 / 113,33.1 / 113
14861,IA,Blue,M,72,69.2,91.6,121,34.6,34.6,34.6,121,34.6,121,45.8,45.8,34.6 / 121,34.6 / 121
14861,IA,White,M,72,68.0,89.8,117,34.0,34.0,34.0,117,34.0,117,44.9,44.9,34.0 / 117,34.0 / 117
14861,IA,Gold,M,72,65.2,85.6,110,32.6,32.6,32.6,110,32.6,110,42.8,42.8,32.6 / 110,32.6 / 110
14861,IA,Red,M,72,64.4,84.2,107,32.2,32.2,32.2,107,32.2,107,42.1,42.1,32.2 / 107,32.2 / 107
14861,IA,Blue,F,72,75.8,106.6,131,37.9,37.9,37.9,131,37.9,131,53.3,53.3,37.9 / 131,37.9 / 131
14861,IA,White,F,72,74.4,104.4,127,37.2,37.2,37.2,127,37.2,127,52.2,52.2,37.2 / 127,37.2 / 127
14861,IA,Gold,F,72,70.4,99.0,121,35.2,35.2,35.2,121,35.2,121,49.5,49.5,35.2 / 121,35.2 / 121
14861,IA,Red,F,72,69.4,97.2,118,34.7,34.7,34.7,118,34.7,118,48.6,48.6,34.7 / 118,34.7 / 118
5482,IA,Black,M,72,73.8,97.7,129,36.3,37.5,36.3,125,37.5,132,47.9,49.8,36.3 / 125,37.5 / 132
5482,IA,Blue,M,72,72.5,95.8,126,35.8,36.7,35.8,123,36.7,128,47.2,48.6,35.8 / 123,36.7 / 128
5482,IA,White,M,72,70.1,93.0,123,35.1,35.0,35.1,119,35.0,127,46.2,46.8,35.1 / 119,35.0 / 127
5482,IA,Yellow,M,72,67.1,88.6,116,33.4,33.7,33.4,111,33.7,121,43.7,44.9,33.4 / 111,33.7 / 121
5482,IA,Red,M,72,65.6,85.5,107,32.8,32.8,32.8,105,32.8,109,42.6,42.9,32.8 / 105,32.8 / 109
5482,IA,Black,F,72,79.7,112.8,141,39.3,40.4,39.3,139,40.4,142,55.7,57.1,39.3 / 139,40.4 / 142
5482,IA,Blue,F,72,78.1,110.4,137,38.7,39.4,38.7,137,39.4,137,54.8,55.6,38.7 / 137,39.4 / 137
5482,IA,White,F,72,75.6,106.8,132,37.8,37.8,37.8,133,37.8,131,53.5,53.3,37.8 / 133,37.8 / 131
5482,IA,Yellow,F,72,72.0,101.3,125,35.7,36.3,35.7,124,36.3,125,50.3,51.0,35.7 / 124,36.3 / 125
5482,IA,Red,F,72,70.1,98.8,122,34.9,35.2,34.9,122,35.2,121,49.3,49.5,34.9 / 122,35.2 / 121
28434,IA,Black/Blue,M,30,30.6,39.9,100,30.6,,30.6,100,,,39.9,,30.6 / 100,/
28434,IA,Blue,M,27,26.6,34.2,82,26.6,,26.6,82,,,34.2,,26.6 / 82,/
28434,IA,Black/Red,F,32,31.7,43.7,102,31.7,,31.7,102,,,43.7,,31.7 / 102,/
28434,IA,Red,F,27,27.1,37.0,84,27.1,,27.1,84,,,37.0,,27.1 / 84,/
18108,IA,Blue,M,72,70.9,93.7,123,35.9,35.0,35.9,115,35.0,130,46.6,47.1,35.9 / 115,35.0 / 130
18108,IA,White,M,72,69.8,92.2,121,35.4,34.4,35.4,114,34.4,127,46.0,46.2,35.4 / 114,34.4 / 127
18108,IA,Yellow,M,72,66.3,86.7,110,34.0,32.3,34.0,111,32.3,109,44.3,42.4,34.0 / 111,32.3 / 109
18108,IA,Red,M,72,64.2,83.3,103,32.6,31.6,32.6,102,31.6,103,42.1,41.2,32.6 / 102,31.6 / 103
18108,IA,Blue,F,72,76.8,106.8,127,39.2,37.6,39.2,126,37.6,128,54.1,52.7,39.2 / 126,37.6 / 128
18108,IA,White,F,72,75.4,104.7,125,38.6,36.8,38.6,124,36.8,125,53.2,51.5,38.6 / 124,36.8 / 125
18108,IA,Yellow,F,72,71.4,98.8,116,37.0,34.4,37.0,117,34.4,115,50.8,48.0,37.0 / 117,34.4 / 115
18108,IA,Red,F,72,68.9,95.3,112,35.0,33.9,35.0,113,33.9,111,48.3,47.0,35.0 / 113,33.9 / 111
5622,IA,White,M,70,67.0,87.2,109,33.5,33.5,33.5,109,33.5,109,43.6,43.6,33.5 / 109,33.5 / 109
5622,IA,Red,M,70,64.2,83.8,105,32.1,32.1,32.1,105,32.1,105,41.9,41.9,32.1 / 105,32.1 / 105
5622,IA,White,F,70,72.2,100.2,119,36.1,36.1,36.1,119,36.1,119,50.1,50.1,36.1 / 119,36.1 / 119
5622,IA,Red,F,70,69.0,95.0,110,34.5,34.5,34.5,110,34.5,110,47.5,47.5,34.5 / 110,34.5 / 110
2305,IA,Back - Navy,M,71,70.5,92.2,117,34.4,36.1,34.4,119,36.1,114,45.5,46.7,34.4 / 119,36.1 / 114
2305,IA,Middle - Oak,M,71,68.5,89.7,114,33.5,35.0,33.5,115,35.0,113,44.2,45.5,33.5 / 115,35.0 / 113
2305,IA,Forward - Wine,M,71,65.2,84.2,102,32.2,33.0,32.2,101,33.0,103,41.6,42.6,32.2 / 101,33.0 / 103
2305,IA,Middle - Oak,F,71,74.5,104.3,127,36.4,38.1,36.4,128,38.1,125,51.5,52.8,36.4 / 128,38.1 / 125
2305,IA,Forward - Wine,F,71,69.8,97.2,116,34.4,35.4,34.4,117,35.4,115,48.2,49.0,34.4 / 117,35.4 / 115
5506,IA,Black,M,72,74.6,99.5,134,36.6,38.0,36.6,128,38.0,140,48.5,51.0,36.6 / 128,38.0 / 140
5506,IA,Gold,M,72,72.6,96.8,131,35.5,37.1,35.5,124,37.1,137,47.0,49.8,35.5 / 124,37.1 / 137
5506,IA,Gold/Silver Combo,M,72,70.9,94.6,128,34.6,36.3,34.6,119,36.3,136,45.7,48.9,34.6 / 119,36.3 / 136
5506,IA,Silver,M,72,69.8,92.5,122,34.0,35.8,34.0,116,35.8,128,44.8,47.7,34.0 / 116,35.8 / 128
5506,IA,Silver/Green Combo,M,72,66.6,87.2,111,32.0,34.6,32.0,103,34.6,118,41.6,45.6,32.0 / 103,34.6 / 118
5506,IA,Green,M,72,65.1,85.1,108,31.2,33.9,31.2,101,33.9,114,40.6,44.5,31.2 / 101,33.9 / 114
5506,IA,Black,F,72,81.6,116.0,146,40.1,41.5,40.1,138,41.5,153,56.4,59.6,40.1 / 138,41.5 / 153
5506,IA,Gold,F,72,79.0,112.1,140,38.7,40.3,38.7,132,40.3,148,54.3,57.8,38.7 / 132,40.3 / 148
5506,IA,Gold/Silver Combo,F,72,77.2,109.4,137,37.7,39.5,37.7,129,39.5,144,52.9,56.5,37.7 / 129,39.5 / 144
5506,IA,Silver,F,72,75.7,107.2,134,37.0,38.7,37.0,126,38.7,142,51.8,55.4,37.0 / 126,38.7 / 142
5506,IA,Silver/Green Combo,F,72,72.1,101.7,126,34.8,37.3,34.8,116,37.3,135,48.5,53.2,34.8 / 116,37.3 / 135
5506,IA,Green,F,72,70.3,99.1,122,33.8,36.5,33.8,112,36.5,132,47.0,52.1,33.8 / 112,36.5 / 132
5492,IA,Daly,M,71,71.6,94.8,125,35.7,35.9,35.7,119,35.9,130,46.8,48.0,35.7 / 119,35.9 / 130
5492,IA,Blue,M,71,70.8,93.8,124,35.2,35.6,35.2,118,35.6,129,46.2,47.6,35.2 / 118,35.6 / 129
5492,IA,Green,M,71,69.6,92.2,122,34.6,35.0,34.6,116,35.0,127,45.4,46.8,34.6 / 116,35.0 / 127
5492,IA,Yellow,M,71,68.0,90.1,119,33.6,34.4,33.6,113,34.4,125,44.1,46.0,33.6 / 113,34.4 / 125
5492,IA,Yellow/Red Combo,M,71,65.8,86.9,114,32.6,33.2,32.6,109,33.2,118,42.7,44.2,32.6 / 109,33.2 / 118
5492,IA,Red,M,71,63.3,83.7,110,31.4,31.9,31.4,105,31.9,114,41.2,42.5,31.4 / 105,31.9 / 114
5492,IA,Daly,F,71,78.0,109.6,134,38.7,39.3,38.7,132,39.3,136,54.3,55.3,38.7 / 132,39.3 / 136
5492,IA,Blue,F,71,76.9,108.2,133,38.1,38.8,38.1,131,38.8,135,53.5,54.7,38.1 / 131,38.8 / 135
5492,IA,Green,F,71,75.5,106.0,129,37.4,38.1,37.4,126,38.1,132,52.3,53.7,37.4 / 126,38.1 / 132
5492,IA,Yellow,F,71,73.6,103.2,126,36.2,37.4,36.2,122,37.4,129,50.6,52.6,36.2 / 122,37.4 / 129
5492,IA,Yellow/Red Combo,F,71,70.4,98.5,119,34.7,35.7,34.7,117,35.7,121,48.5,50.0,34.7 / 117,35.7 / 121
5492,IA,Red,F,71,67.4,94.1,114,33.4,34.0,33.4,113,34.0,114,46.7,47.4,33.4 / 113,34.0 / 114
2295,IA,Black,M,72,71.6,93.8,119,35.8,35.8,35.8,119,35.8,119,46.9,46.9,35.8 / 119,35.8 / 119
2295,IA,White,M,72,69.6,90.6,113,34.8,34.8,34.8,113,34.8,113,45.3,45.3,34.8 / 113,34.8 / 113
2295,IA,Yellow,M,72,67.0,86.6,105,33.5,33.5,33.5,105,33.5,105,43.3,43.3,33.5 / 105,33.5 / 105
2295,IA,Red,M,72,65.0,83.2,98,32.5,32.5,32.5,98,32.5,98,41.6,41.6,32.5 / 98,32.5 / 98
2295,IA,Black,F,72,77.8,107.8,127,38.9,38.9,38.9,127,38.9,127,53.9,53.9,38.9 / 127,38.9 / 127
2295,IA,White,F,72,75.6,104.6,123,37.8,37.8,37.8,123,37.8,123,52.3,52.3,37.8 / 123,37.8 / 123
2295,IA,Yellow,F,72,72.6,99.8,115,36.3,36.3,36.3,115,36.3,115,49.9,49.9,36.3 / 115,36.3 / 115
2295,IA,Red,F,72,69.6,95.0,108,34.8,34.8,34.8,108,34.8,108,47.5,47.5,34.8 / 108,34.8 / 108
5541,IA,Yellow,M,71,70.8,92.9,119,35.4,35.4,35.4,125,35.4,113,47.0,45.9,35.4 / 125,35.4 / 113
5541,IA,White,M,71,68.5,90.1,117,34.6,33.9,34.6,124,33.9,109,46.1,44.0,34.6 / 124,33.9 / 109
5541,IA,Blue,M,71,66.1,86.4,109,33.2,32.9,33.2,113,32.9,105,43.7,42.7,33.2 / 113,32.9 / 105
5541,IA,Red,M,71,63.2,81.1,97,32.1,31.1,32.1,100,31.1,93,41.4,39.7,32.1 / 100,31.1 / 93
5541,IA,Yellow,F,71,77.1,107.8,130,38.5,38.6,38.5,134,38.6,126,54.3,53.5,38.5 / 134,38.6 / 126
5541,IA,White,F,71,74.3,103.7,125,37.4,36.9,37.4,131,36.9,119,52.8,50.9,37.4 / 131,36.9 / 119
5541,IA,Blue,F,71,71.5,99.3,118,35.9,35.6,35.9,120,35.6,115,50.1,49.2,35.9 / 120,35.6 / 115
5541,IA,Red,F,71,67.5,93.9,112,34.5,33.0,34.5,118,33.0,106,48.4,45.5,34.5 / 118,33.0 / 106
35278,IA,Par 3,M,54,53.8,68.0,76,26.9,26.9,26.9,76,26.9,76,34.0,34.0,26.9 / 76,26.9 / 76
35278,IA,Par 3,F,54,56.0,75.0,81,28.0,28.0,28.0,81,28.0,81,37.5,37.5,28.0 / 81,28.0 / 81
5539,IA,Yellow,M,71,71.4,93.7,120,35.4,36.0,35.4,113,36.0,127,45.9,47.8,35.4 / 113,36.0 / 127
5539,IA,White,M,70,67.9,88.7,112,33.9,34.0,33.9,109,34.0,115,44.0,44.7,33.9 / 109,34.0 / 115
5539,IA,Blue,M,70,65.9,85.8,107,32.9,33.0,32.9,105,33.0,109,42.7,43.1,32.9 / 105,33.0 / 109
5539,IA,Red,M,70,62.9,81.0,98,31.1,31.8,31.1,93,31.8,102,39.7,41.3,31.1 / 93,31.8 / 102
5539,IA,Yellow,F,71,77.8,109.2,133,38.6,39.2,38.6,126,39.2,140,53.5,55.7,38.6 / 126,39.2 / 140
5539,IA,White,F,71,73.8,103.2,125,36.9,36.9,36.9,119,36.9,131,50.9,52.3,36.9 / 119,36.9 / 131
5539,IA,Blue,F,71,71.3,98.7,116,35.6,35.7,35.6,115,35.7,117,49.2,49.5,35.6 / 115,35.7 / 117
5539,IA,Red,F,71,67.1,93.0,110,33.0,34.1,33.0,106,34.1,114,45.5,47.5,33.0 / 106,34.1 / 114
5540,IA,Yellow,M,72,71.4,94.8,126,36.0,35.4,36.0,127,35.4,125,47.8,47.0,36.0 / 127,35.4 / 125
5540,IA,White,M,71,68.6,90.8,120,34.0,34.6,34.0,115,34.6,124,44.7,46.1,34.0 / 115,34.6 / 124
5540,IA,Blue,M,71,66.2,86.8,111,33.0,33.2,33.0,109,33.2,113,43.1,43.7,33.0 / 109,33.2 / 113
5540,IA,Red,M,71,63.9,82.7,101,31.8,32.1,31.8,102,32.1,100,41.3,41.4,31.8 / 102,32.1 / 100
5540,IA,Yellow,F,72,77.7,110.0,137,39.2,38.5,39.2,140,38.5,134,55.7,54.3,39.2 / 140,38.5 / 134
5540,IA,White,F,72,74.3,105.1,131,36.9,37.4,36.9,131,37.4,131,52.3,52.8,36.9 / 131,37.4 / 131
5540,IA,Blue,F,72,71.6,99.6,119,35.7,35.9,35.7,117,35.9,120,49.5,50.1,35.7 / 117,35.9 / 120
5540,IA,Red,F,72,68.6,95.9,116,34.1,34.5,34.1,114,34.5,118,47.5,48.4,34.1 / 114,34.5 / 118
2338,IA,Black,M,72,70.9,93.9,124,36.3,34.6,36.3,123,34.6,125,47.7,46.2,36.3 / 123,34.6 / 125
2338,IA,Gold,M,72,69.0,91.6,122,35.2,33.8,35.2,119,33.8,124,46.3,45.3,35.2 / 119,33.8 / 124
2338,IA,White,M,72,64.6,84.7,108,33.2,31.4,33.2,113,31.4,103,43.7,41.0,33.2 / 113,31.4 / 103
2338,IA,Black,F,72,76.7,108.3,134,39.4,37.3,39.4,135,37.3,133,55.3,53.0,39.4 / 135,37.3 / 133
2338,IA,Gold,F,72,74.4,104.8,129,38.0,36.4,38.0,130,36.4,128,53.3,51.5,38.0 / 130,36.4 / 128
2338,IA,White,F,72,69.3,97.2,119,35.7,33.6,35.7,120,33.6,117,49.8,47.4,35.7 / 120,33.6 / 117
23889,IA,Blue,M,70,63.4,81.6,98,31.7,31.7,31.7,98,31.7,98,40.8,40.8,31.7 / 98,31.7 / 98
23889,IA,White,M,70,62.8,80.8,97,31.4,31.4,31.4,97,31.4,97,40.4,40.4,31.4 / 97,31.4 / 97
23889,IA,Gold,M,70,61.2,78.8,95,30.6,30.6,30.6,95,30.6,95,39.4,39.4,30.6 / 95,30.6 / 95
23889,IA,Red,M,70,60.6,77.0,88,30.3,30.3,30.3,88,30.3,88,38.5,38.5,30.3 / 88,30.3 / 88
23889,IA,Blue,F,72,68.0,94.2,111,34.0,34.0,34.0,111,34.0,111,47.1,47.1,34.0 / 111,34.0 / 111
23889,IA,White,F,72,67.2,93.2,110,33.6,33.6,33.6,110,33.6,110,46.6,46.6,33.6 / 110,33.6 / 110
23889,IA,Gold,F,72,65.0,90.2,107,32.5,32.5,32.5,107,32.5,107,45.1,45.1,32.5 / 107,32.5 / 107
23889,IA,Red,F,72,64.2,89.2,106,32.1,32.1,32.1,106,32.1,106,44.6,44.6,32.1 / 106,32.1 / 106
18142,IA,Blue,M,70,69.4,91.0,116,34.7,34.7,34.7,116,34.7,116,45.5,45.5,34.7 / 116,34.7 / 116
18142,IA,White,M,70,67.6,88.4,112,33.8,33.8,33.8,112,33.8,112,44.2,44.2,33.8 / 112,33.8 / 112
18142,IA,Red,F,70,71.6,99.6,119,35.8,35.8,35.8,119,35.8,119,49.8,49.8,35.8 / 119,35.8 / 119
5534,IA,Blue,M,71,70.1,93.9,128,35.4,34.7,35.4,127,34.7,129,47.2,46.7,35.4 / 127,34.7 / 129
5534,IA,Blue/White,M,71,69.6,93.2,127,35.1,34.5,35.1,126,34.5,128,46.8,46.4,35.1 / 126,34.5 / 128
5534,IA,White,M,71,68.3,91.1,123,34.3,34.0,34.3,119,34.0,126,45.4,45.7,34.3 / 119,34.0 / 126
5534,IA,Gold,M,71,64.6,85.3,112,32.1,32.5,32.1,108,32.5,115,42.1,43.2,32.1 / 108,32.5 / 115
5534,IA,Red,M,71,63.9,83.7,107,31.7,32.2,31.7,104,32.2,109,41.4,42.3,31.7 / 104,32.2 / 109
5534,IA,Yellow,M,71,60.7,79.1,99,30.4,30.3,30.4,98,30.3,100,39.5,39.6,30.4 / 98,30.3 / 100
5534,IA,Blue,F,71,76.3,106.9,130,38.5,37.8,38.5,134,37.8,126,54.3,52.6,38.5 / 134,37.8 / 126
5534,IA,Blue/White,F,71,75.9,106.2,129,38.2,37.7,38.2,132,37.7,125,53.8,52.4,38.2 / 132,37.7 / 125
5534,IA,White,F,71,74.3,103.9,126,37.2,37.1,37.2,129,37.1,122,52.4,51.5,37.2 / 129,37.1 / 122
5534,IA,Gold,F,71,69.8,97.4,117,34.6,35.2,34.6,118,35.2,116,48.5,48.9,34.6 / 118,35.2 / 116
5534,IA,Red,F,71,68.6,95.8,115,34.2,34.4,34.2,115,34.4,115,47.8,48.0,34.2 / 115,34.4 / 115
5534,IA,Yellow,F,71,63.8,88.6,105,32.3,31.5,32.3,107,31.5,103,44.9,43.7,32.3 / 107,31.5 / 103
5621,IA,White,M,72,68.6,89.8,114,34.3,34.3,34.3,114,34.3,114,44.9,44.9,34.3 / 114,34.3 / 114
5621,IA,Gold,M,72,64.4,84.4,108,32.2,32.2,32.2,108,32.2,108,42.2,42.2,32.2 / 108,32.2 / 108
5621,IA,Red,M,72,63.8,83.6,107,31.9,31.9,31.9,107,31.9,107,41.8,41.8,31.9 / 107,31.9 / 107
5621,IA,White,F,72,74.6,103.6,123,37.3,37.3,37.3,123,37.3,123,51.8,51.8,37.3 / 123,37.3 / 123
5621,IA,Gold,F,72,69.4,95.8,112,34.7,34.7,34.7,112,34.7,112,47.9,47.9,34.7 / 112,34.7 / 112
5621,IA,Red,F,72,68.6,94.8,111,34.3,34.3,34.3,111,34.3,111,47.4,47.4,34.3 / 111,34.3 / 111
18144,IA,White,M,72,69.4,89.8,110,34.7,34.7,34.7,110,34.7,110,44.9,44.9,34.7 / 110,34.7 / 110
18144,IA,Red,M,72,66.4,86.0,105,33.2,33.2,33.2,105,33.2,105,43.0,43.0,33.2 / 105,33.2 / 105
18144,IA,White,F,72,74.8,104.4,126,37.4,37.4,37.4,126,37.4,126,52.2,52.2,37.4 / 126,37.4 / 126
18144,IA,Red,F,72,71.4,99.6,120,35.7,35.7,35.7,120,35.7,120,49.8,49.8,35.7 / 120,35.7 / 120
5520,IA,Blue,M,70,70.2,92.2,118,35.1,35.1,35.1,118,35.1,118,46.1,46.1,35.1 / 118,35.1 / 118
5520,IA,White/Blue,M,70,69.4,91.4,118,34.3,35.1,34.3,118,35.1,118,45.3,46.1,34.3 / 118,35.1 / 118
5520,IA,White,M,70,68.6,90.6,118,34.3,34.3,34.3,118,34.3,118,45.3,45.3,34.3 / 118,34.3 / 118
5520,IA,Gold,M,72,65.6,86.0,110,32.8,32.8,32.8,110,32.8,110,43.0,43.0,32.8 / 110,32.8 / 110
5520,IA,Red,M,72,65.0,85.2,109,32.5,32.5,32.5,109,32.5,109,42.6,42.6,32.5 / 109,32.5 / 109
5520,IA,Blue,F,72,75.2,104.8,126,37.6,37.6,37.6,126,37.6,126,52.4,52.4,37.6 / 126,37.6 / 126
5520,IA,White,F,72,74.2,103.0,122,37.1,37.1,37.1,122,37.1,122,51.5,51.5,37.1 / 122,37.1 / 122
5520,IA,Gold,F,72,70.8,98.0,115,35.4,35.4,35.4,115,35.4,115,49.0,49.0,35.4 / 115,35.4 / 115
5520,IA,Red,F,72,70.2,97.2,114,35.1,35.1,35.1,114,35.1,114,48.6,48.6,35.1 / 114,35.1 / 114
5570,IA,Blue,M,72,67.6,89.0,115,33.8,33.8,33.8,115,33.8,115,44.5,44.5,33.8 / 115,33.8 / 115
5570,IA,White / Blue,M,72,66.9,87.9,113,33.1,33.8,33.1,111,33.8,115,43.4,44.5,33.1 / 111,33.8 / 115
5570,IA,White,M,72,66.2,86.8,111,33.1,33.1,33.1,111,33.1,111,43.4,43.4,33.1 / 111,33.1 / 111
5570,IA,Red,M,72,63.0,80.6,95,31.5,31.5,31.5,95,31.5,95,40.3,40.3,31.5 / 95,31.5 / 95
5570,IA,Blue,F,72,73.2,102.6,125,36.6,36.6,36.6,125,36.6,125,51.3,51.3,36.6 / 125,36.6 / 125
5570,IA,White / Blue,F,72,72.3,101.6,125,35.7,36.6,35.7,124,36.6,125,50.3,51.3,35.7 / 124,36.6 / 125
5570,IA,White,F,72,71.4,100.6,124,35.7,35.7,35.7,124,35.7,124,50.3,50.3,35.7 / 124,35.7 / 124
5570,IA,Red,F,72,66.6,94.8,120,33.3,33.3,33.3,120,33.3,120,47.4,47.4,33.3 / 120,33.3 / 120
2351,IA,Blue,M,72,72.0,94.4,121,36.0,36.0,36.0,121,36.0,121,47.2,47.2,36.0 / 121,36.0 / 121
2351,IA,White,M,72,70.8,92.2,115,35.4,35.4,35.4,115,35.4,115,46.1,46.1,35.4 / 115,35.4 / 115
2351,IA,Gold,M,72,66.8,85.6,101,33.4,33.4,33.4,101,33.4,101,42.8,42.8,33.4 / 101,33.4 / 101
2351,IA,Red,M,72,65.8,84.2,99,32.9,32.9,32.9,99,32.9,99,42.1,42.1,32.9 / 99,32.9 / 99
2351,IA,Green,M,72,61.6,78.8,93,30.8,30.8,30.8,93,30.8,93,39.4,39.4,30.8 / 93,30.8 / 93
2351,IA,Blue,F,72,78.6,109.4,131,39.3,39.3,39.3,131,39.3,131,54.7,54.7,39.3 / 131,39.3 / 131
2351,IA,White,F,72,77.2,107.2,127,38.6,38.6,38.6,127,38.6,127,53.6,53.6,38.6 / 127,38.6 / 127
2351,IA,Gold,F,72,72.4,99.6,115,36.2,36.2,36.2,115,36.2,115,49.8,49.8,36.2 / 115,36.2 / 115
2351,IA,Red,F,72,71.2,98.0,114,35.6,35.6,35.6,114,35.6,114,49.0,49.0,35.6 / 114,35.6 / 114
2351,IA,Green,F,72,66.0,90.4,103,33.0,33.0,33.0,103,33.0,103,45.2,45.2,33.0 / 103,33.0 / 103
2310,IA,Black,M,72,68.5,89.8,115,34.2,34.3,34.2,114,34.3,115,44.8,45.0,34.2 / 114,34.3 / 115
2310,IA,White,M,72,64.9,84.8,108,32.4,32.5,32.4,107,32.5,108,42.3,42.5,32.4 / 107,32.5 / 108
2310,IA,Red,M,72,64.1,83.0,102,32.0,32.1,32.0,101,32.1,102,41.4,41.6,32.0 / 101,32.1 / 102
2310,IA,White,F,72,69.9,97.3,116,34.9,35.0,34.9,115,35.0,117,48.5,48.8,34.9 / 115,35.0 / 117
2310,IA,Red,F,74,68.8,96.0,115,34.3,34.5,34.3,114,34.5,116,47.8,48.2,34.3 / 114,34.5 / 116
5582,IA,White,M,70,68.0,88.6,111,34.0,34.0,34.0,111,34.0,111,44.3,44.3,34.0 / 111,34.0 / 111
5582,IA,Red,F,70,67.8,93.4,109,33.9,33.9,33.9,109,33.9,109,46.7,46.7,33.9 / 109,33.9 / 109
2356,IA,Maroon,M,72,68.8,89.8,113,34.4,34.4,34.4,113,34.4,113,44.9,44.9,34.4 / 113,34.4 / 113
2356,IA,Gold,M,72,67.6,88.0,110,33.8,33.8,33.8,110,33.8,110,44.0,44.0,33.8 / 110,33.8 / 110
2356,IA,Pink,M,72,65.0,84.2,103,32.5,32.5,32.5,103,32.5,103,42.1,42.1,32.5 / 103,32.5 / 103
2356,IA,Maroon,F,72,74.4,104.2,126,37.2,37.2,37.2,126,37.2,126,52.1,52.1,37.2 / 126,37.2 / 126
2356,IA,Gold,F,72,72.8,102.2,125,36.4,36.4,36.4,125,36.4,125,51.1,51.1,36.4 / 125,36.4 / 125
2356,IA,Pink,F,72,69.8,97.6,118,34.9,34.9,34.9,118,34.9,118,48.8,48.8,34.9 / 118,34.9 / 118
18151,IA,Black,M,72,70.9,93.9,124,36.1,34.8,36.1,125,34.8,123,47.7,46.2,36.1 / 125,34.8 / 123
18151,IA,White,M,72,69.5,91.8,120,35.3,34.2,35.3,122,34.2,118,46.6,45.2,35.3 / 122,34.2 / 118
18151,IA,Gold,M,72,66.4,87.2,112,33.5,32.9,33.5,111,32.9,113,43.8,43.4,33.5 / 111,32.9 / 113
18151,IA,Green,M,72,65.4,86.0,111,33.2,32.2,33.2,110,32.2,112,43.4,42.6,33.2 / 110,32.2 / 112
18151,IA,Gold,F,72,71.4,99.0,117,36.0,35.4,36.0,120,35.4,114,50.1,48.9,36.0 / 120,35.4 / 114
18151,IA,Green,F,72,70.3,97.4,115,35.7,34.6,35.7,118,34.6,112,49.6,47.8,35.7 / 118,34.6 / 112
18151,IA,Blue,F,72,60.4,82.8,95,30.4,30.0,30.4,95,30.0,95,41.6,41.2,30.4 / 95,30.0 / 95
5566,IA,Blue,M,69,66.9,88.9,119,32.4,34.5,32.4,115,34.5,122,43.1,45.8,32.4 / 115,34.5 / 122
5566,IA,White,M,69,65.6,86.9,115,31.8,33.8,31.8,114,33.8,115,42.4,44.5,31.8 / 114,33.8 / 115
5566,IA,Red,M,69,63.5,83.3,107,31.1,32.4,31.1,109,32.4,104,41.2,42.1,31.1 / 109,32.4 / 104
5566,IA,Gold,M,69,61.7,79.4,96,30.0,31.7,30.0,93,31.7,98,38.6,40.8,30.0 / 93,31.7 / 98
5566,IA,Blue,F,69,72.2,100.3,120,34.9,37.3,34.9,113,37.3,126,48.2,52.1,34.9 / 113,37.3 / 126
5566,IA,White,F,69,70.5,97.0,112,34.3,36.2,34.3,110,36.2,114,47.3,49.7,34.3 / 110,36.2 / 114
5566,IA,Red,F,69,67.9,93.5,109,33.2,34.7,33.2,107,34.7,110,45.8,47.7,33.2 / 107,34.7 / 110
5566,IA,Gold,F,69,65.1,89.9,105,31.2,33.9,31.2,98,33.9,112,42.8,47.1,31.2 / 98,33.9 / 112
35639,IA,Blue,M,70,68.6,91.0,121,34.3,34.3,34.3,121,34.3,121,45.5,45.5,34.3 / 121,34.3 / 121
35639,IA,White,M,70,67.8,89.8,118,33.9,33.9,33.9,118,33.9,118,44.9,44.9,33.9 / 118,33.9 / 118
35639,IA,Red,M,70,66.0,86.8,112,33.0,33.0,33.0,112,33.0,112,43.4,43.4,33.0 / 112,33.0 / 112
35639,IA,Blue,F,72,74.2,104.8,130,37.1,37.1,37.1,130,37.1,130,52.4,52.4,37.1 / 130,37.1 / 130
35639,IA,White,F,72,73.2,103.4,128,36.6,36.6,36.6,128,36.6,128,51.7,51.7,36.6 / 128,36.6 / 128
35639,IA,Red,F,72,71.2,100.0,122,35.6,35.6,35.6,122,35.6,122,50.0,50.0,35.6 / 122,35.6 / 122
18119,IA,White,M,72,69.8,91.6,117,34.9,34.9,34.9,117,34.9,117,45.8,45.8,34.9 / 117,34.9 / 117
18119,IA,Senior,M,72,68.8,90.6,117,34.4,34.4,34.4,117,34.4,117,45.3,45.3,34.4 / 117,34.4 / 117
18119,IA,Red,M,72,65.4,87.0,116,32.7,32.7,32.7,116,32.7,116,43.5,43.5,32.7 / 116,32.7 / 116
18119,IA,White,F,72,74.6,105.6,131,37.3,37.3,37.3,131,37.3,131,52.8,52.8,37.3 / 131,37.3 / 131
18119,IA,Red,F,72,70.6,98.2,117,35.3,35.3,35.3,117,35.3,117,49.1,49.1,35.3 / 117,35.3 / 117
21004,IA,Blue,M,70,68.0,87.6,106,35.0,33.0,35.0,103,33.0,108,44.6,43.0,35.0 / 103,33.0 / 108
21004,IA,White,M,70,67.4,86.6,103,34.7,32.7,34.7,101,32.7,105,44.1,42.5,34.7 / 101,32.7 / 105
21004,IA,Yellow,M,70,62.8,80.4,95,31.8,31.0,31.8,93,31.0,97,40.4,40.0,31.8 / 93,31.0 / 97
21004,IA,Red,M,70,61.4,78.4,91,31.3,30.1,31.3,91,30.1,91,39.8,38.6,31.3 / 91,30.1 / 91
21004,IA,Blue,F,70,73.0,100.1,115,37.7,35.3,37.7,119,35.3,111,51.7,48.4,37.7 / 119,35.3 / 111
21004,IA,White,F,70,72.6,99.5,114,37.3,35.3,37.3,117,35.3,111,51.1,48.4,37.3 / 117,35.3 / 111
21004,IA,Yellow,F,70,67.6,92.6,106,34.3,33.3,34.3,108,33.3,104,47.0,45.6,34.3 / 108,33.3 / 104
21004,IA,Red,F,70,65.3,89.3,102,33.7,31.6,33.7,104,31.6,99,46.0,43.3,33.7 / 104,31.6 / 99
23604,IA,White,M,68,65.0,85.4,110,32.5,32.5,32.5,110,32.5,110,42.7,42.7,32.5 / 110,32.5 / 110
23604,IA,Gold,M,66,63.2,82.4,103,31.6,31.6,31.6,103,31.6,103,41.2,41.2,31.6 / 103,31.6 / 103
23604,IA,Red,M,66,61.2,79.2,97,30.6,30.6,30.6,97,30.6,97,39.6,39.6,30.6 / 97,30.6 / 97
23604,IA,White,F,68,69.2,95.8,113,34.6,34.6,34.6,113,34.6,113,47.9,47.9,34.6 / 113,34.6 / 113
23604,IA,Gold,F,66,66.2,91.4,107,33.1,33.1,33.1,107,33.1,107,45.7,45.7,33.1 / 107,33.1 / 107
23604,IA,Red,F,66,63.8,87.0,99,31.9,31.9,31.9,98,31.9,99,43.4,43.6,31.9 / 98,31.9 / 99
13411,IA,Blue,M,70,68.4,89.6,114,34.2,34.2,34.2,114,34.2,114,44.8,44.8,34.2 / 114,34.2 / 114
13411,IA,White,M,70,67.4,88.4,113,33.7,33.7,33.7,113,33.7,113,44.2,44.2,33.7 / 113,33.7 / 113
13411,IA,Red,M,70,64.4,84.0,105,32.2,32.2,32.2,105,32.2,105,42.0,42.0,32.2 / 105,32.2 / 105
13411,IA,Blue,F,70,74.6,103.6,123,37.3,37.3,37.3,123,37.3,123,51.8,51.8,37.3 / 123,37.3 / 123
13411,IA,White,F,70,73.4,102.0,121,36.7,36.7,36.7,121,36.7,121,51.0,51.0,36.7 / 121,36.7 / 121
13411,IA,Red,F,70,69.6,96.2,113,34.8,34.8,34.8,113,34.8,113,48.1,48.1,34.8 / 113,34.8 / 113
2329,IA,Blue,M,71,68.7,90.6,118,34.6,34.1,34.6,113,34.1,123,45.1,45.5,34.6 / 113,34.1 / 123
2329,IA,White,M,71,67.2,88.1,113,33.5,33.7,33.5,112,33.7,113,43.9,44.2,33.5 / 112,33.7 / 113
2329,IA,Gold,M,71,64.4,83.7,104,31.9,32.5,31.9,100,32.5,108,41.2,42.5,31.9 / 100,32.5 / 108
2329,IA,Gold,F,72,68.9,96.6,118,34.3,34.6,34.3,116,34.6,119,48.0,48.6,34.3 / 116,34.6 / 119
2329,IA,Red,F,72,67.5,93.9,112,33.9,33.6,33.9,113,33.6,111,47.2,46.7,33.9 / 113,33.6 / 111
2353,IA,Blue,M,72,69.6,91.0,115,34.8,34.8,34.8,115,34.8,115,45.5,45.5,34.8 / 115,34.8 / 115
2353,IA,White,M,72,67.2,87.0,107,33.6,33.6,33.6,107,33.6,107,43.5,43.5,33.6 / 107,33.6 / 107
2353,IA,Red,M,72,65.0,83.8,101,32.6,32.6,32.6,101,32.6,101,42.0,42.0,32.6 / 101,32.6 / 101
2353,IA,Red,F,72,70.2,97.2,114,35.1,35.1,35.1,114,35.1,114,48.6,48.6,35.1 / 114,35.1 / 114
5571,IA,Blue,M,72,71.2,94.3,125,35.8,35.4,35.8,128,35.4,121,47.7,46.6,35.8 / 128,35.4 / 121
5571,IA,White,M,72,69.5,92.0,121,34.9,34.6,34.9,127,34.6,115,46.7,45.3,34.9 / 127,34.6 / 115
5571,IA,Gold,M,72,67.2,88.2,113,33.9,33.3,33.9,118,33.3,108,44.9,43.3,33.9 / 118,33.3 / 108
5571,IA,Green/Gold,M,72,65.6,85.6,108,33.0,32.6,33.0,111,32.6,104,43.3,42.3,33.0 / 111,32.6 / 104
5571,IA,Green,M,72,63.2,81.9,101,31.9,31.3,31.9,100,31.3,101,41.2,40.7,31.9 / 100,31.3 / 101
5571,IA,Blue,F,72,77.3,108.9,134,39.0,38.3,39.0,135,38.3,133,54.9,54.0,39.0 / 135,38.3 / 133
5571,IA,White,F,72,75.2,105.9,130,38.1,37.1,38.1,131,37.1,129,53.6,52.3,38.1 / 131,37.1 / 129
5571,IA,Gold,F,72,72.3,101.3,123,36.7,35.6,36.7,124,35.6,122,51.3,50.0,36.7 / 124,35.6 / 122
5571,IA,Green/Gold,F,72,70.7,99.4,122,35.7,35.0,35.7,123,35.0,120,50.2,49.2,35.7 / 123,35.0 / 120
5571,IA,Green,F,72,67.7,94.7,115,34.0,33.7,34.0,118,33.7,111,47.9,46.8,34.0 / 118,33.7 / 111
2286,IA,Blue,M,70,67.0,88.2,114,33.5,33.5,33.5,114,33.5,114,44.1,44.1,33.5 / 114,33.5 / 114
2286,IA,White,M,70,65.2,86.0,112,32.6,32.6,32.6,112,32.6,112,43.0,43.0,32.6 / 112,32.6 / 112
2286,IA,Gold,M,70,63.2,81.6,99,31.6,31.6,31.6,99,31.6,99,40.8,40.8,31.6 / 99,31.6 / 99
2286,IA,Red,M,70,63.0,81.2,98,31.5,31.5,31.5,98,31.5,98,40.6,40.6,31.5 / 98,31.5 / 98
2286,IA,Blue,F,70,72.2,100.4,120,36.1,36.1,36.1,120,36.1,120,50.2,50.2,36.1 / 120,36.1 / 120
2286,IA,White,F,70,69.8,97.6,118,34.9,34.9,34.9,118,34.9,118,48.8,48.8,34.9 / 118,34.9 / 118
2286,IA,Gold,F,70,67.2,93.6,112,33.6,33.6,33.6,112,33.6,112,46.8,46.8,33.6 / 112,33.6 / 112
2286,IA,Red,F,70,66.8,93.0,111,33.4,33.4,33.4,111,33.4,111,46.5,46.5,33.4 / 111,33.4 / 111
2287,IA,Blue,M,72,71.5,95.6,130,35.4,36.1,35.4,117,36.1,142,46.3,49.3,35.4 / 117,36.1 / 142
2287,IA,White,M,72,69.7,92.8,125,34.6,35.1,34.6,113,35.1,136,45.1,47.7,34.6 / 113,35.1 / 136
2287,IA,Red/Black,M,72,63.8,83.1,104,31.7,32.1,31.7,104,32.1,103,41.4,41.7,31.7 / 104,32.1 / 103
2287,IA,Blue,F,72,77.4,108.4,132,38.5,38.9,38.5,126,38.9,137,53.3,55.1,38.5 / 126,38.9 / 137
2287,IA,White,F,72,75.5,105.5,128,37.7,37.8,37.7,120,37.8,135,51.8,53.7,37.7 / 120,37.8 / 135
2287,IA,Red,F,72,68.3,94.5,111,34.3,34.0,34.3,105,34.0,117,46.7,47.8,34.3 / 105,34.0 / 117
2288,IA,Black,M,71,73.1,96.3,125,36.9,36.2,36.9,125,36.2,125,48.5,47.8,36.9 / 125,36.2 / 125
2288,IA,Tan,M,71,71.4,94.2,123,36.0,35.4,36.0,123,35.4,123,47.4,46.8,36.0 / 123,35.4 / 123
2288,IA,Yellow,M,71,69.4,90.9,116,35.0,34.4,35.0,114,34.4,117,45.6,45.3,35.0 / 114,34.4 / 117
2288,IA,Green,M,71,65.7,85.5,107,33.2,32.5,33.2,107,32.5,107,43.1,42.4,33.2 / 107,32.5 / 107
2288,IA,Black,F,71,79.1,111.1,136,39.9,39.2,39.9,139,39.2,132,56.3,54.8,39.9 / 139,39.2 / 132
2288,IA,Tan,F,71,77.1,107.9,131,38.8,38.3,38.8,134,38.3,127,54.6,53.3,38.8 / 134,38.3 / 127
2288,IA,Yellow,F,71,74.4,104.2,127,37.4,37.0,37.4,130,37.0,123,52.7,51.5,37.4 / 130,37.0 / 123
2288,IA,Green,F,71,70.7,98.2,117,35.6,35.1,35.6,120,35.1,114,49.7,48.5,35.6 / 120,35.1 / 114
2318,IA,White,M,72,68.2,89.2,113,34.1,34.1,34.1,113,34.1,113,44.6,44.6,34.1 / 113,34.1 / 113
2318,IA,Gold,M,72,65.8,84.8,102,32.9,32.9,32.9,102,32.9,102,42.4,42.4,32.9 / 102,32.9 / 102
2318,IA,Red,M,72,65.0,83.6,100,32.5,32.5,32.5,100,32.5,100,41.8,41.8,32.5 / 100,32.5 / 100
2318,IA,White,F,72,74.0,102.2,120,37.0,37.0,37.0,120,37.0,120,51.1,51.1,37.0 / 120,37.0 / 120
2318,IA,Gold,F,72,70.8,97.6,114,35.4,35.4,35.4,114,35.4,114,48.8,48.8,35.4 / 114,35.4 / 114
2318,IA,Red,F,72,69.6,95.8,111,34.8,34.8,34.8,111,34.8,111,47.9,47.9,34.8 / 111,34.8 / 111
5580,IA,Black,M,71,71.2,96.3,135,35.9,35.3,35.9,140,35.3,130,48.9,47.4,35.9 / 140,35.3 / 130
5580,IA,Yellow,M,71,69.3,93.8,132,35.1,34.2,35.1,135,34.2,129,47.6,46.2,35.1 / 135,34.2 / 129
5580,IA,White,M,71,66.1,88.8,123,33.3,32.8,33.3,122,32.8,123,44.6,44.2,33.3 / 122,32.8 / 123
5580,IA,Gray,M,71,62.6,84.1,116,31.4,31.2,31.4,114,31.2,117,42.0,42.1,31.4 / 114,31.2 / 117
5580,IA,Black,F,71,77.6,111.2,142,39.4,38.2,39.4,142,38.2,142,56.2,55.0,39.4 / 142,38.2 / 142
5580,IA,Yellow,F,71,75.4,107.9,138,38.5,36.9,38.5,138,36.9,137,54.8,53.1,38.5 / 138,36.9 / 137
5580,IA,White,F,71,71.5,101.4,127,36.2,35.3,36.2,126,35.3,127,51.1,50.3,36.2 / 126,35.3 / 127
5580,IA,Gray,F,71,67.0,94.5,117,33.9,33.1,33.9,118,33.1,115,47.8,46.7,33.9 / 118,33.1 / 115
5585,IA,White,M,70,67.6,87.8,109,33.8,33.8,33.8,109,33.8,109,43.9,43.9,33.8 / 109,33.8 / 109
5585,IA,Red,M,70,63.8,82.0,98,31.9,31.9,31.9,98,31.9,98,41.0,41.0,31.9 / 98,31.9 / 98
5585,IA,White,F,72,72.2,102.4,128,36.1,36.1,36.1,128,36.1,128,51.2,51.2,36.1 / 128,36.1 / 128
5585,IA,Red,F,72,67.4,95.0,117,33.7,33.7,33.7,117,33.7,117,47.5,47.5,33.7 / 117,33.7 / 117
2322,IA,Black,M,72,73.4,98.8,137,36.7,36.7,36.7,137,36.7,137,49.4,49.4,36.7 / 137,36.7 / 137
2322,IA,Blue,M,72,72.0,95.8,128,36.0,36.0,36.0,128,36.0,128,47.9,47.9,36.0 / 128,36.0 / 128
2322,IA,White,M,72,70.2,92.8,122,35.1,35.1,35.1,122,35.1,122,46.4,46.4,35.1 / 122,35.1 / 122
2322,IA,Gold,M,72,66.4,87.2,112,33.2,33.2,33.2,112,33.2,112,43.6,43.6,33.2 / 112,33.2 / 112
2322,IA,Red,M,72,64.8,82.6,96,32.4,32.4,32.4,96,32.4,96,41.3,41.3,32.4 / 96,32.4 / 96
2322,IA,Black,F,72,79.8,113.2,142,39.9,39.9,39.9,142,39.9,142,56.6,56.6,39.9 / 142,39.9 / 142
2322,IA,Blue,F,72,77.8,110.2,137,38.9,38.9,38.9,137,38.9,137,55.1,55.1,38.9 / 137,38.9 / 137
2322,IA,White,F,72,75.8,107.0,132,37.9,37.9,37.9,132,37.9,132,53.5,53.5,37.9 / 132,37.9 / 132
2322,IA,Gold,F,72,70.8,99.8,123,35.4,35.4,35.4,123,35.4,123,49.9,49.9,35.4 / 123,35.4 / 123
2322,IA,Red,F,72,67.8,95.2,116,33.9,33.9,33.9,116,33.9,116,47.6,47.6,33.9 / 116,33.9 / 116
5518,IA,White,M,72,68.5,89.6,114,34.2,34.3,34.2,113,34.3,114,44.7,44.9,34.2 / 113,34.3 / 114
5518,IA,Gold,M,72,65.8,84.6,101,32.9,32.9,32.9,101,32.9,101,42.3,42.3,32.9 / 101,32.9 / 101
5518,IA,Red,F,72,70.2,97.6,116,35.1,35.1,35.1,116,35.1,116,48.8,48.8,35.1 / 116,35.1 / 116
5518,IA,Black,F,72,62.8,85.8,98,31.4,31.4,31.4,98,31.4,98,42.9,42.9,31.4 / 98,31.4 / 98
18088,IA,Blue,M,72,70.2,92.0,117,35.1,35.1,35.1,117,35.1,117,46.0,46.0,35.1 / 117,35.1 / 117
18088,IA,White,M,72,69.0,90.6,116,34.5,34.5,34.5,116,34.5,116,45.3,45.3,34.5 / 116,34.5 / 116
18088,IA,Gold,M,72,66.0,86.4,110,33.0,33.0,33.0,110,33.0,110,43.2,43.2,33.0 / 110,33.0 / 110
18088,IA,Red,F,70,69.2,95.2,110,34.6,34.6,34.6,110,34.6,110,47.6,47.6,34.6 / 110,34.6 / 110
2345,IA,Blue,M,72,72.1,94.7,122,35.9,36.2,35.9,119,36.2,124,47.0,47.7,35.9 / 119,36.2 / 124
2345,IA,White,M,72,71.0,93.2,120,35.4,35.6,35.4,118,35.6,121,46.4,46.8,35.4 / 118,35.6 / 121
2345,IA,Purple,M,72,68.4,89.8,115,34.0,34.4,34.0,113,34.4,117,44.5,45.3,34.0 / 113,34.4 / 117
2345,IA,Gold,M,72,66.2,86.3,109,33.1,33.1,33.1,107,33.1,110,43.0,43.3,33.1 / 107,33.1 / 110
2345,IA,Red,M,72,65.0,84.3,104,32.2,32.8,32.2,100,32.8,108,41.5,42.8,32.2 / 100,32.8 / 108
2345,IA,Forward,M,72,60.1,77.4,93,30.0,30.1,30.0,89,30.1,97,38.3,39.1,30.0 / 89,30.1 / 97
2345,IA,Blue,F,72,78.8,109.6,131,39.2,39.6,39.2,130,39.6,131,54.5,55.1,39.2 / 130,39.6 / 131
2345,IA,white,F,72,77.4,107.6,128,38.6,38.8,38.6,128,38.8,128,53.7,53.9,38.6 / 128,38.8 / 128
2345,IA,Purple,F,72,74.5,103.3,122,37.1,37.4,37.1,121,37.4,123,51.4,51.9,37.1 / 121,37.4 / 123
2345,IA,Gold,F,72,71.9,99.5,117,35.9,36.0,35.9,117,36.0,117,49.7,49.8,35.9 / 117,36.0 / 117
2345,IA,Red,F,72,69.7,96.3,113,34.7,35.0,34.7,112,35.0,114,47.9,48.4,34.7 / 112,35.0 / 114
2345,IA,Forward,F,72,63.9,87.6,101,31.9,32.0,31.9,100,32.0,101,43.7,43.9,31.9 / 100,32.0 / 101
34627,IA,Blue,M,54,54.2,68.4,76,27.1,27.1,27.1,76,27.1,76,34.2,34.2,27.1 / 76,27.1 / 76
34627,IA,Orange,M,54,52.8,66.4,73,26.4,26.4,26.4,73,26.4,73,33.2,33.2,26.4 / 73,26.4 / 73
34627,IA,Red,M,54,51.6,64.6,70,25.8,25.8,25.8,70,25.8,70,32.3,32.3,25.8 / 70,25.8 / 70
34627,IA,White,M,54,50.0,62.4,67,25.0,25.0,25.0,67,25.0,67,31.2,31.2,25.0 / 67,25.0 / 67
34627,IA,Blue,F,54,56.2,75.4,82,28.1,28.1,28.1,82,28.1,82,37.8,37.8,28.1 / 82,28.1 / 82
34627,IA,Orange,F,54,55.0,73.6,79,27.5,27.5,27.5,79,27.5,79,36.8,36.8,27.5 / 79,27.5 / 79
34627,IA,Red,F,54,53.8,72.0,76,26.9,26.9,26.9,78,26.9,78,36.1,36.1,26.9 / 78,26.9 / 78
34627,IA,White,F,54,52.4,69.4,72,26.2,26.2,26.2,72,26.2,72,34.7,34.7,26.2 / 72,26.2 / 72
5493,IA,Blue,M,71,71.0,93.2,120,34.7,36.3,34.7,118,36.3,121,45.7,47.5,34.7 / 118,36.3 / 121
5493,IA,White,M,71,69.2,91.2,118,33.7,35.5,33.7,117,35.5,119,44.6,46.6,33.7 / 117,35.5 / 119
5493,IA,Gold,M,71,67.2,87.7,110,32.9,34.3,32.9,105,34.3,115,42.7,45.0,32.9 / 105,34.3 / 115
5493,IA,Red,M,71,64.7,84.6,107,31.4,33.3,31.4,102,33.3,112,40.9,43.7,31.4 / 102,33.3 / 112
5493,IA,Blue,F,71,77.1,105.8,122,37.7,39.4,37.7,122,39.4,121,52.1,53.7,37.7 / 122,39.4 / 121
5493,IA,White,F,71,75.2,103.0,118,36.7,38.5,36.7,118,38.5,118,50.6,52.4,36.7 / 118,38.5 / 118
5493,IA,Gold,F,71,72.4,98.8,112,35.2,37.2,35.2,112,37.2,112,48.4,50.4,35.2 / 112,37.2 / 112
5493,IA,Red,F,71,69.3,94.5,107,33.4,35.9,33.4,104,35.9,109,45.7,48.8,33.4 / 104,35.9 / 109
2277,IA,Blue,M,70,68.4,91.4,124,34.2,34.2,34.2,124,34.2,124,45.7,45.7,34.2 / 124,34.2 / 124
2277,IA,Blue/White,M,70,67.3,90.1,123,34.2,33.1,34.2,124,33.1,122,45.7,44.4,34.2 / 124,33.1 / 122
2277,IA,White,M,70,66.2,88.8,122,33.1,33.1,33.1,122,33.1,122,44.4,44.4,33.1 / 122,33.1 / 122
2277,IA,Gold,M,70,62.6,82.6,108,31.3,31.3,31.3,108,31.3,108,41.3,41.3,31.3 / 108,31.3 / 108
2277,IA,Red,M,70,62.2,81.0,101,31.1,31.1,31.1,101,31.1,101,40.5,40.5,31.1 / 101,31.1 / 101
2277,IA,Blue,F,74,74.8,105.6,131,37.4,37.4,37.4,131,37.4,131,52.8,52.8,37.4 / 131,37.4 / 131
2277,IA,Blue/White,F,74,73.5,103.4,127,37.4,36.1,37.4,131,36.1,123,52.8,50.6,37.4 / 131,36.1 / 123
2277,IA,White,F,74,72.2,101.2,123,36.1,36.1,36.1,123,36.1,123,50.6,50.6,36.1 / 123,36.1 / 123
2277,IA,Gold,F,70,67.0,94.4,116,33.5,33.5,33.5,116,33.5,116,47.2,47.2,33.5 / 116,33.5 / 116
2277,IA,Red,F,70,66.4,93.2,114,33.2,33.2,33.2,114,33.2,114,46.6,46.6,33.2 / 114,33.2 / 114
2314,IA,Blue,M,72,71.6,95.8,130,35.9,35.7,35.9,131,35.7,129,48.1,47.7,35.9 / 131,35.7 / 129
2314,IA,White,M,72,70.5,94.3,128,35.3,35.2,35.3,129,35.2,127,47.3,47.0,35.3 / 129,35.2 / 127
2314,IA,White/Red,M,72,68.2,90.6,121,34.3,33.9,34.3,123,33.9,118,45.7,44.9,34.3 / 123,33.9 / 118
2314,IA,Red,M,72,65.0,85.5,111,32.5,32.5,32.5,112,32.5,109,42.9,42.6,32.5 / 112,32.5 / 109
2314,IA,Yellow,M,72,63.5,83.4,107,31.8,31.7,31.8,109,31.7,105,41.9,41.5,31.8 / 109,31.7 / 105
2314,IA,Blue,F,72,77.7,110.3,138,38.8,38.9,38.8,139,38.9,137,55.2,55.1,38.8 / 139,38.9 / 137
2314,IA,White,F,72,76.3,108.1,135,38.1,38.2,38.1,135,38.2,135,54.0,54.1,38.1 / 135,38.2 / 135
2314,IA,White/Red,F,72,73.7,104.3,130,37.1,36.6,37.1,131,36.6,128,52.6,51.7,37.1 / 131,36.6 / 128
2314,IA,Red,F,72,69.7,98.9,124,35.0,34.7,35.0,128,34.7,120,50.1,48.8,35.0 / 128,34.7 / 120
2314,IA,Yellow,F,72,68.1,96.2,119,34.0,34.1,34.0,124,34.1,114,48.6,47.6,34.0 / 124,34.1 / 114
36476,IA,White,M,72,68.6,90.2,116,34.3,34.3,34.3,116,34.3,116,45.1,45.1,34.3 / 116,34.3 / 116
36476,IA,Gold,M,72,65.0,83.6,100,32.5,32.5,32.5,100,32.5,100,41.8,41.8,32.5 / 100,32.5 / 100
36476,IA,Red,M,72,62.6,80.2,95,31.3,31.3,31.3,95,31.3,95,40.1,40.1,31.3 / 95,31.3 / 95
36476,IA,White,F,72,74.2,103.0,122,37.1,37.1,37.1,122,37.1,122,51.5,51.5,37.1 / 122,37.1 / 122
36476,IA,Gold,F,72,69.4,96.2,114,34.7,34.7,34.7,114,34.7,114,48.1,48.1,34.7 / 114,34.7 / 114
36476,IA,Red,F,72,66.6,91.6,106,33.3,33.3,33.3,106,33.3,106,45.8,45.8,33.3 / 106,33.3 / 106
5556,IA,Black,M,72,71.2,93.8,122,35.6,35.6,35.6,122,35.6,122,46.9,46.9,35.6 / 122,35.6 / 122
5556,IA,Blue,M,72,69.0,90.6,116,34.5,34.5,34.5,116,34.5,116,45.3,45.3,34.5 / 116,34.5 / 116
5556,IA,Silver,M,72,64.8,84.4,105,32.4,32.4,32.4,105,32.4,105,42.2,42.2,32.4 / 105,32.4 / 105
5556,IA,White,M,72,64.2,83.4,103,32.1,32.1,32.1,103,32.1,103,41.7,41.7,32.1 / 103,32.1 / 103
5556,IA,White,F,72,68.4,96.0,117,34.2,34.2,34.2,117,34.2,117,48.0,48.0,34.2 / 117,34.2 / 117
2311,IA,Black,M,70,68.2,89.2,113,34.1,34.1,34.1,113,34.1,113,44.6,44.6,34.1 / 113,34.1 / 113
2311,IA,White,M,70,66.4,87.2,112,33.2,33.2,33.2,112,33.2,112,43.6,43.6,33.2 / 112,33.2 / 112
2311,IA,Orange,M,70,63.0,82.2,103,31.5,31.5,31.5,103,31.5,103,41.1,41.1,31.5 / 103,31.5 / 103
2311,IA,Black,F,70,73.4,102.2,122,36.7,36.7,36.7,122,36.7,122,51.1,51.1,36.7 / 122,36.7 / 122
2311,IA,White,F,70,71.2,98.8,117,35.6,35.6,35.6,117,35.6,117,49.4,49.4,35.6 / 117,35.6 / 117
2311,IA,Orange,F,70,67.2,92.4,107,33.6,33.6,33.6,107,33.6,107,46.2,46.2,33.6 / 107,33.6 / 107
24159,IA,White,M,70,66.2,86.8,111,33.1,33.1,33.1,111,33.1,111,43.4,43.4,33.1 / 111,33.1 / 111
24159,IA,Red,F,72,67.2,93.7,113,33.6,33.6,33.6,112,33.6,113,46.8,46.9,33.6 / 112,33.6 / 113
2341,IA,Black,M,72,70.5,93.6,125,35.9,34.6,35.9,126,34.6,123,47.6,46.0,35.9 / 126,34.6 / 123
2341,IA,Blue,M,72,68.2,89.5,115,35.0,33.2,35.0,118,33.2,111,46.0,43.5,35.0 / 118,33.2 / 111
2341,IA,White,M,72,67.0,87.2,109,33.9,33.1,33.9,110,33.1,108,44.1,43.1,33.9 / 110,33.1 / 108
2341,IA,Yellow,M,72,64.8,84.3,105,32.6,32.2,32.6,109,32.2,101,42.7,41.6,32.6 / 109,32.2 / 101
2341,IA,Red,M,72,62.6,81.5,102,31.2,31.4,31.2,98,31.4,105,40.3,41.2,31.2 / 98,31.4 / 105
2341,IA,Blue,F,72,74.4,103.6,124,37.9,36.5,37.9,124,36.5,124,52.5,51.1,37.9 / 124,36.5 / 124
2341,IA,White,F,72,72.0,99.8,118,36.3,35.7,36.3,116,35.7,120,50.0,49.8,36.3 / 116,35.7 / 120
2341,IA,Yellow,F,72,69.3,95.8,113,34.9,34.4,34.9,111,34.4,114,48.0,47.8,34.9 / 111,34.4 / 114
2341,IA,Red,F,72,66.5,91.8,108,33.7,32.8,33.7,108,32.8,107,46.4,45.4,33.7 / 108,32.8 / 107
5544,IA,Blue,M,72,72.6,97.0,131,36.3,36.3,36.3,131,36.3,131,48.5,48.5,36.3 / 131,36.3 / 131
5544,IA,White,M,72,70.4,93.4,124,35.2,35.2,35.2,124,35.2,124,46.7,46.7,35.2 / 124,35.2 / 124
5544,IA,Green,M,72,68.4,91.0,122,34.2,34.2,34.2,122,34.2,122,45.5,45.5,34.2 / 122,34.2 / 122
5544,IA,Green,F,72,74.0,103.8,126,37.0,37.0,37.0,126,37.0,126,51.9,51.9,37.0 / 126,37.0 / 126
5544,IA,Red,F,72,70.4,99.8,125,35.2,35.2,35.2,125,35.2,125,49.9,49.9,35.2 / 125,35.2 / 125
33027,IA,Blue,M,72,68.8,89.4,111,34.4,34.4,34.4,111,34.4,111,44.7,44.7,34.4 / 111,34.4 / 111
33027,IA,White,M,72,67.0,87.0,108,33.5,33.5,33.5,108,33.5,108,43.5,43.5,33.5 / 108,33.5 / 108
33027,IA,Gold,M,72,64.8,84.2,104,32.4,32.4,32.4,104,32.4,104,42.1,42.1,32.4 / 104,32.4 / 104
33027,IA,Red,M,72,62.6,79.6,91,31.3,31.3,31.3,91,31.3,91,39.8,39.8,31.3 / 91,31.3 / 91
33027,IA,Blue,F,72,74.2,102.4,120,37.1,37.1,37.1,120,37.1,120,51.2,51.2,37.1 / 120,37.1 / 120
33027,IA,White,F,72,72.0,99.2,115,36.0,36.0,36.0,115,36.0,115,49.6,49.6,36.0 / 115,36.0 / 115
33027,IA,Gold,F,72,69.2,96.4,115,34.6,34.6,34.6,115,34.6,115,48.2,48.2,34.6 / 115,34.6 / 115
33027,IA,Red,F,72,66.0,91.2,107,33.0,33.0,33.0,107,33.0,107,45.6,45.6,33.0 / 107,33.0 / 107
5628,IA,Blue,M,72,71.2,94.0,124,35.6,35.6,35.6,124,35.6,124,47.1,47.1,35.6 / 124,35.6 / 124
5628,IA,White,M,72,69.4,91.6,119,34.7,34.7,34.7,119,34.7,119,45.8,45.8,34.7 / 119,34.7 / 119
5628,IA,Red/Gold,M,72,64.2,83.4,103,32.1,32.1,32.1,103,32.1,103,41.7,41.7,32.1 / 103,32.1 / 103
5628,IA,Green,M,72,59.2,76.0,90,29.6,29.6,29.6,90,29.6,90,38.0,38.0,29.6 / 90,29.6 / 90
5628,IA,(Junior Tee),M,72,56.0,71.4,83,28.0,28.0,28.0,83,28.0,83,35.7,35.7,28.0 / 83,28.0 / 83
5628,IA,Blue,F,72,77.0,108.6,134,38.5,38.5,38.5,134,38.5,134,54.3,54.3,38.5 / 134,38.5 / 134
5628,IA,White,F,72,74.8,105.6,131,37.4,37.4,37.4,131,37.4,131,52.8,52.8,37.4 / 131,37.4 / 131
5628,IA,Red/Gold,F,72,69.4,97.2,118,34.7,34.7,34.7,118,34.7,118,48.6,48.6,34.7 / 118,34.7 / 118
5628,IA,Green,F,72,62.2,86.2,102,31.1,31.1,31.1,102,31.1,102,43.1,43.1,31.1 / 102,31.1 / 102
5628,IA,(Junior Tee),F,72,58.6,80.2,92,29.3,29.3,29.3,92,29.3,92,40.1,40.1,29.3 / 92,29.3 / 92
18123,IA,Blue,M,72,72.2,94.4,119,36.1,36.1,36.1,119,36.1,119,47.2,47.2,36.1 / 119,36.1 / 119
18123,IA,White,M,72,69.6,90.6,113,34.8,34.8,34.8,113,34.8,113,45.3,45.3,34.8 / 113,34.8 / 113
18123,IA,Gold,M,72,65.8,85.8,108,32.9,32.9,32.9,108,32.9,108,42.9,42.9,32.9 / 108,32.9 / 108
18123,IA,Red,M,72,62.4,80.0,95,31.2,31.2,31.2,95,31.2,95,40.0,40.0,31.2 / 95,31.2 / 95
18123,IA,Blue,F,72,78.2,108.4,128,39.1,39.1,39.1,128,39.1,128,54.2,54.2,39.1 / 128,39.1 / 128
18123,IA,White,F,72,75.2,103.6,120,37.6,37.6,37.6,120,37.6,120,51.8,51.8,37.6 / 120,37.6 / 120
18123,IA,Gold,F,72,71.2,98.2,114,35.6,35.6,35.6,114,35.6,114,49.1,49.1,35.6 / 114,35.6 / 114
18123,IA,Red,F,72,67.0,91.8,105,33.5,33.5,33.5,105,33.5,105,45.9,45.9,33.5 / 105,33.5 / 105
2354,IA,Blue,M,72,70.8,92.7,118,35.4,35.4,35.4,115,35.4,121,46.1,46.6,35.4 / 115,35.4 / 121
2354,IA,White,M,72,69.5,90.8,115,34.7,34.8,34.7,112,34.8,117,45.1,45.7,34.7 / 112,34.8 / 117
2354,IA,Red,M,72,67.4,87.4,108,33.9,33.5,33.9,105,33.5,110,43.7,43.7,33.9 / 105,33.5 / 110
2354,IA,White,F,73,75.2,104.2,123,37.3,37.9,37.3,123,37.9,123,51.8,52.4,37.3 / 123,37.9 / 123
2354,IA,Red,F,73,72.4,99.9,117,36.2,36.2,36.2,118,36.2,115,50.1,49.8,36.2 / 118,36.2 / 115
2335,IA,Blue,M,72,69.8,91.9,119,35.1,34.7,35.1,119,34.7,118,46.2,45.7,35.1 / 119,34.7 / 118
2335,IA,Blue/White Combo,M,72,68.1,89.6,116,34.0,34.1,34.0,116,34.1,115,44.8,44.8,34.0 / 116,34.1 / 115
2335,IA,White,M,72,67.7,89.0,115,33.7,34.0,33.7,115,34.0,114,44.4,44.6,33.7 / 115,34.0 / 114
2335,IA,Gold,M,72,65.6,85.6,108,32.8,32.8,32.8,109,32.8,107,42.9,42.7,32.8 / 109,32.8 / 107
2335,IA,Red,M,72,63.3,82.0,101,31.1,32.2,31.1,99,32.2,102,40.3,41.7,31.1 / 99,32.2 / 102
2335,IA,Blue,F,72,74.8,104.0,124,37.5,37.3,37.5,124,37.3,124,52.1,51.9,37.5 / 124,37.3 / 124
2335,IA,Blue/White Combo,F,72,74.1,102.8,122,37.0,37.1,37.0,121,37.1,122,51.3,51.5,37.0 / 121,37.1 / 122
2335,IA,White,F,72,72.7,100.9,120,36.1,36.6,36.1,118,36.6,121,50.0,50.9,36.1 / 118,36.6 / 121
2335,IA,Gold,F,72,70.0,96.8,114,34.9,35.1,34.9,112,35.1,115,48.1,48.7,34.9 / 112,35.1 / 115
2335,IA,Red,F,72,67.7,93.5,110,33.1,34.6,33.1,107,34.6,112,45.7,47.8,33.1 / 107,34.6 / 112
5521,IA,Blue,M,71,69.4,90.7,115,34.7,34.7,34.7,114,34.7,115,45.3,45.4,34.7 / 114,34.7 / 115
5521,IA,White,M,71,67.8,87.8,108,33.9,33.9,33.9,107,33.9,109,43.8,44.0,33.9 / 107,33.9 / 109
5521,IA,Gold,M,71,65.7,85.1,104,32.6,33.1,32.6,103,33.1,105,42.2,42.9,32.6 / 103,33.1 / 105
5521,IA,Gold,F,71,70.6,96.9,112,35.0,35.6,35.0,110,35.6,113,48.0,48.9,35.0 / 110,35.6 / 113
5521,IA,Red,F,71,68.3,91.8,100,33.7,34.6,33.7,101,34.6,98,45.6,46.2,33.7 / 101,34.6 / 98
5531,IA,Black,M,72,74.6,97.4,123,37.3,37.3,37.3,123,37.3,123,48.7,48.7,37.3 / 123,37.3 / 123
5531,IA,Blue,M,72,72.4,94.0,117,36.2,36.2,36.2,117,36.2,117,47.1,47.1,36.2 / 117,36.2 / 117
5531,IA,White,M,72,70.6,92.2,116,35.3,35.3,35.3,116,35.3,116,46.1,46.1,35.3 / 116,35.3 / 116
5531,IA,Yellow,M,72,69.2,90.0,112,34.6,34.6,34.6,112,34.6,112,45.0,45.0,34.6 / 112,34.6 / 112
5531,IA,Red,M,72,63.8,83.6,107,31.9,31.9,31.9,107,31.9,107,41.8,41.8,31.9 / 107,31.9 / 107
5531,IA,Black,F,72,81.6,113.8,137,40.8,40.8,40.8,137,40.8,137,56.9,56.9,40.8 / 137,40.8 / 137
5531,IA,Blue,F,72,79.4,110.4,131,39.7,39.7,39.7,131,39.7,131,55.2,55.2,39.7 / 131,39.7 / 131
5531,IA,White,F,72,77.2,107.2,127,38.6,38.6,38.6,127,38.6,127,53.6,53.6,38.6 / 127,38.6 / 127
5531,IA,Yellow,F,72,75.4,104.2,122,37.7,37.7,37.7,122,37.7,122,52.1,52.1,37.7 / 122,37.7 / 122
5531,IA,Red,F,72,68.8,94.6,109,34.4,34.4,34.4,109,34.4,109,47.3,47.3,34.4 / 109,34.4 / 109
34192,IA,Green,M,54,49.4,60.9,62,24.7,24.7,24.7,62,24.7,61,30.5,30.4,24.7 / 62,24.7 / 61
34192,IA,Green,F,54,52.0,68.0,68,26.0,26.0,26.0,68,26.0,68,34.0,34.0,26.0 / 68,26.0 / 68
5552,IA,White,M,72,68.6,88.2,105,34.3,34.3,34.3,105,34.3,105,44.1,44.1,34.3 / 105,34.3 / 105
5552,IA,Red,M,72,65.0,83.8,101,32.5,32.5,32.5,101,32.5,101,41.9,41.9,32.5 / 101,32.5 / 101
5552,IA,White,F,72,73.8,102.4,121,36.9,36.9,36.9,121,36.9,121,51.2,51.2,36.9 / 121,36.9 / 121
5552,IA,Red,F,72,70.0,96.6,113,35.0,35.0,35.0,113,35.0,113,48.3,48.3,35.0 / 113,35.0 / 113
5495,IA,Blue,M,72,71.4,94.2,123,35.7,35.7,35.7,123,35.7,123,47.1,47.1,35.7 / 123,35.7 / 123
5495,IA,White - Blue,M,72,70.5,92.8,120,34.8,35.7,34.8,117,35.7,123,45.7,47.1,34.8 / 117,35.7 / 123
5495,IA,White,M,72,69.6,91.4,117,34.8,34.8,34.8,117,34.8,117,45.7,45.7,34.8 / 117,34.8 / 117
5495,IA,Red,M,72,64.8,84.8,108,32.4,32.4,32.4,108,32.4,108,42.4,42.4,32.4 / 108,32.4 / 108
5495,IA,Blue,F,72,77.2,108.8,134,38.6,38.6,38.6,134,38.6,134,54.4,54.4,38.6 / 134,38.6 / 134
5495,IA,White - Blue,F,72,76.1,107.1,132,37.5,38.6,37.5,129,38.6,134,52.7,54.4,37.5 / 129,38.6 / 134
5495,IA,White,F,72,75.0,105.4,129,37.5,37.5,37.5,129,37.5,129,52.7,52.7,37.5 / 129,37.5 / 129
5495,IA,Red,F,72,69.6,97.4,118,34.8,34.8,34.8,118,34.8,118,48.7,48.7,34.8 / 118,34.8 / 118
5564,IA,Black,M,72,71.3,95.5,130,35.6,35.7,35.6,131,35.7,129,47.8,47.7,35.6 / 131,35.7 / 129
5564,IA,White,M,72,69.2,92.4,125,34.6,34.6,34.6,128,34.6,122,46.5,45.9,34.6 / 128,34.6 / 122
5564,IA,Red,M,72,64.3,83.6,104,32.2,32.1,32.2,104,32.1,103,41.9,41.7,32.2 / 104,32.1 / 103
5564,IA,Black,F,72,77.8,110.0,137,38.9,38.9,38.9,137,38.9,136,55.1,54.9,38.9 / 137,38.9 / 136
5564,IA,White,F,72,75.3,106.3,132,37.8,37.5,37.8,132,37.5,131,53.4,52.9,37.8 / 132,37.5 / 131
5564,IA,Red,F,72,69.6,97.7,120,34.7,34.9,34.7,120,34.9,119,48.8,48.9,34.7 / 120,34.9 / 119
5597,IA,Blue,M,72,70.6,94.0,126,35.3,35.3,35.3,126,35.3,126,47.0,47.0,35.3 / 126,35.3 / 126
5597,IA,White,M,72,69.6,92.6,124,34.8,34.8,34.8,124,34.8,124,46.3,46.3,34.8 / 124,34.8 / 124
5597,IA,Red/Gold,M,72,65.6,86.4,112,32.8,32.8,32.8,112,32.8,112,43.2,43.2,32.8 / 112,32.8 / 112
5597,IA,Blue,F,72,76.8,108.9,137,38.4,38.4,38.4,137,38.4,136,54.5,54.4,38.4 / 137,38.4 / 136
5597,IA,White,F,72,75.4,106.8,133,37.7,37.7,37.7,133,37.7,133,53.4,53.4,37.7 / 133,37.7 / 133
5597,IA,Red/Gold,F,72,70.6,99.6,123,35.3,35.3,35.3,123,35.3,123,49.8,49.8,35.3 / 123,35.3 / 123
35698,IA,Blue,M,72,72.2,97.4,136,36.1,36.1,36.1,136,36.1,136,48.7,48.7,36.1 / 136,36.1 / 136
35698,IA,White,M,72,70.4,93.8,126,35.2,35.2,35.2,126,35.2,126,46.9,46.9,35.2 / 126,35.2 / 126
35698,IA,Gold,M,72,66.6,87.8,114,33.3,33.3,33.3,114,33.3,114,43.9,43.9,33.3 / 114,33.3 / 114
35698,IA,Red,M,72,64.4,83.8,104,32.2,32.2,32.2,104,32.2,104,41.9,41.9,32.2 / 104,32.2 / 104
35698,IA,Blue,F,72,79.2,110.0,131,39.6,39.6,39.6,131,39.6,131,55.0,55.0,39.6 / 131,39.6 / 131
35698,IA,White,F,72,76.8,106.4,126,38.4,38.4,38.4,126,38.4,126,53.2,53.2,38.4 / 126,38.4 / 126
35698,IA,Gold,F,72,72.2,99.6,116,36.1,36.1,36.1,116,36.1,116,49.8,49.8,36.1 / 116,36.1 / 116
35698,IA,Red,F,72,68.8,94.6,109,34.4,34.4,34.4,109,34.4,109,47.3,47.3,34.4 / 109,34.4 / 109
30105,IA,White,M,72,69.2,90.6,115,34.6,34.6,34.6,115,34.6,115,45.3,45.3,34.6 / 115,34.6 / 115
30105,IA,Gold,M,72,65.6,84.8,103,32.8,32.8,32.8,103,32.8,103,42.4,42.4,32.8 / 103,32.8 / 103
30105,IA,Red,F,71,68.1,94.5,112,33.9,34.2,33.9,111,34.2,113,47.0,47.5,33.9 / 111,34.2 / 113
5592,IA,Blue,M,72,70.4,93.0,122,35.2,35.2,35.2,122,35.2,122,46.5,46.5,35.2 / 122,35.2 / 122
5592,IA,White,M,72,68.4,90.4,118,34.2,34.2,34.2,118,34.2,118,45.2,45.2,34.2 / 118,34.2 / 118
5592,IA,Gold,M,72,67.2,88.0,112,33.6,33.6,33.6,112,33.6,112,44.0,44.0,33.6 / 112,33.6 / 112
5592,IA,Red,M,72,65.6,85.2,105,32.8,32.8,32.8,105,32.8,105,42.6,42.6,32.8 / 105,32.8 / 105
5592,IA,Blue,F,72,76.4,107.4,131,38.2,38.2,38.2,131,38.2,131,53.7,53.7,38.2 / 131,38.2 / 131
5592,IA,White,F,72,74.2,104.0,126,37.1,37.1,37.1,126,37.1,126,52.0,52.0,37.1 / 126,37.1 / 126
5592,IA,Gold,F,72,72.2,101.0,122,36.1,36.1,36.1,122,36.1,122,50.5,50.5,36.1 / 122,36.1 / 122
5592,IA,Red,F,72,70.0,97.8,118,35.0,35.0,35.0,118,35.0,118,48.9,48.9,35.0 / 118,35.0 / 118
5623,IA,Blue,M,72,70.6,91.7,114,34.8,35.8,34.8,114,35.8,113,45.4,46.3,34.8 / 114,35.8 / 113
5623,IA,White,M,72,68.1,88.0,107,33.7,34.4,33.7,109,34.4,105,43.8,44.2,33.7 / 109,34.4 / 105
5623,IA,Gold,M,72,65.8,84.2,99,32.8,33.0,32.8,101,33.0,97,42.2,42.0,32.8 / 101,33.0 / 97
5623,IA,Red,M,72,62.1,77.6,84,30.8,31.3,30.8,85,31.3,82,38.7,38.9,30.8 / 85,31.3 / 82
5623,IA,Blue,F,72,76.5,105.1,121,37.7,38.8,37.7,120,38.8,122,51.9,53.2,37.7 / 120,38.8 / 122
5623,IA,White,F,72,73.7,100.9,115,36.5,37.2,36.5,115,37.2,115,50.1,50.8,36.5 / 115,37.2 / 115
5623,IA,Gold,F,72,70.8,96.6,110,35.4,35.4,35.4,111,35.4,108,48.5,48.1,35.4 / 111,35.4 / 108
5623,IA,Red,F,72,66.2,89.7,100,32.8,33.4,32.8,98,33.4,102,44.3,45.4,32.8 / 98,33.4 / 102
18127,IA,White,M,72,69.6,91.0,116,34.7,34.9,34.7,115,34.9,116,45.4,45.6,34.7 / 115,34.9 / 116
18127,IA,Gold,M,72,68.4,89.5,114,34.3,34.1,34.3,113,34.1,114,44.8,44.7,34.3 / 113,34.1 / 114
18127,IA,Red,M,72,66.3,86.6,110,33.0,33.3,33.0,110,33.3,109,43.2,43.4,33.0 / 110,33.3 / 109
18127,IA,White,F,72,75.4,104.6,124,37.8,37.6,37.8,125,37.6,123,52.5,52.1,37.8 / 125,37.6 / 123
18127,IA,Gold,F,72,74.3,103.0,122,37.3,37.0,37.3,122,37.0,121,51.7,51.3,37.3 / 122,37.0 / 121
18127,IA,Red,F,72,71.9,99.4,117,35.8,36.1,35.8,116,36.1,117,49.5,49.9,35.8 / 116,36.1 / 117
2304,IA,Black,M,72,71.4,94.5,125,34.9,36.5,34.9,121,36.5,128,46.1,48.4,34.9 / 121,36.5 / 128
2304,IA,White,M,72,70.0,92.6,122,34.4,35.6,34.4,118,35.6,125,45.4,47.2,34.4 / 118,35.6 / 125
2304,IA,Yellow,M,72,66.2,86.4,109,32.5,33.7,32.5,110,33.7,108,42.7,43.7,32.5 / 110,33.7 / 108
2304,IA,Red,M,72,64.8,84.5,106,31.8,33.0,31.8,107,33.0,105,41.7,42.8,31.8 / 107,33.0 / 105
2304,IA,Black,F,72,78.0,108.6,130,38.2,39.8,38.2,126,39.8,133,53.1,55.5,38.2 / 126,39.8 / 133
2304,IA,White,F,72,76.3,106.1,127,37.5,38.8,37.5,124,38.8,129,52.1,54.0,37.5 / 124,38.8 / 129
2304,IA,Yellow,F,72,71.1,98.3,116,35.1,36.0,35.1,114,36.0,117,48.5,49.8,35.1 / 114,36.0 / 117
2304,IA,Red,F,72,69.6,95.6,111,34.3,35.3,34.3,108,35.3,113,47.0,48.6,34.3 / 108,35.3 / 113
18131,IA,Blue,M,72,70.6,93.4,123,35.3,35.3,35.3,123,35.3,123,46.7,46.7,35.3 / 123,35.3 / 123
18131,IA,White,M,72,69.6,91.6,118,34.8,34.8,34.8,118,34.8,118,45.8,45.8,34.8 / 118,34.8 / 118
18131,IA,Yellow,M,72,65.6,84.6,102,32.8,32.8,32.8,102,32.8,102,42.3,42.3,32.8 / 102,32.8 / 102
18131,IA,Red,M,72,64.8,83.4,100,32.4,32.4,32.4,100,32.4,100,41.7,41.7,32.4 / 100,32.4 / 100
18131,IA,Blue,F,72,76.4,107.2,131,38.2,38.2,38.2,131,38.2,131,53.6,53.6,38.2 / 131,38.2 / 131
18131,IA,White,F,72,75.2,105.4,128,37.6,37.6,37.6,128,37.6,128,52.7,52.7,37.6 / 128,37.6 / 128
18131,IA,Yellow,F,72,70.4,98.2,118,35.2,35.2,35.2,118,35.2,118,49.1,49.1,35.2 / 118,35.2 / 118
18131,IA,Red,F,72,69.4,96.6,115,34.7,34.7,34.7,115,34.7,115,48.3,48.3,34.7 / 115,34.7 / 115
5513,IA,White,M,70,67.8,90.1,120,33.6,34.2,33.6,121,34.2,119,44.8,45.3,33.6 / 121,34.2 / 119
5513,IA,Red,F,72,70.1,97.8,117,34.9,35.2,34.9,114,35.2,120,48.4,49.4,34.9 / 114,35.2 / 120
8491,IA,Blue,M,72,72.1,95.3,125,35.5,36.6,35.5,124,36.6,126,47.0,48.3,35.5 / 124,36.6 / 126
8491,IA,White,M,72,68.6,90.0,115,34.0,34.6,34.0,116,34.6,114,44.8,45.2,34.0 / 116,34.6 / 114
8491,IA,Gold,M,72,66.6,87.2,111,33.1,33.5,33.1,113,33.5,109,43.6,43.6,33.1 / 113,33.5 / 109
8491,IA,Red,M,72,63.7,82.7,102,31.9,31.8,31.9,104,31.8,100,41.6,41.1,31.9 / 104,31.8 / 100
8491,IA,White,F,72,74.9,104.0,124,37.0,37.9,37.0,120,37.9,127,51.1,52.9,37.0 / 120,37.9 / 127
8491,IA,Gold,F,72,72.0,99.5,117,35.8,36.2,35.8,114,36.2,120,49.2,50.3,35.8 / 114,36.2 / 120
8491,IA,Red,F,72,68.9,95.6,113,34.5,34.4,34.5,112,34.4,114,47.7,47.9,34.5 / 112,34.4 / 114
5598,IA,Blue,M,72,73.2,96.8,127,36.6,36.6,36.6,127,36.6,127,48.4,48.4,36.6 / 127,36.6 / 127
5598,IA,Blue (Mound),M,70,70.4,93.2,123,35.2,35.2,35.2,123,35.2,123,46.6,46.6,35.2 / 123,35.2 / 123
5598,IA,White,M,72,69.8,92.8,124,34.9,34.9,34.9,124,34.9,124,46.4,46.4,34.9 / 124,34.9 / 124
5598,IA,White (Mound),M,70,67.6,89.2,116,33.8,33.8,33.8,116,33.8,116,44.6,44.6,33.8 / 116,33.8 / 116
5598,IA,Yellow,M,72,67.2,87.4,109,33.6,33.6,33.6,109,33.6,109,43.7,43.7,33.6 / 109,33.6 / 109
5598,IA,Yellow (Mound),M,70,64.8,84.4,105,32.4,32.4,32.4,105,32.4,105,42.2,42.2,32.4 / 105,32.4 / 105
5598,IA,Yellow,F,72,72.0,100.8,122,36.0,36.0,36.0,122,36.0,122,50.4,50.4,36.0 / 122,36.0 / 122
5598,IA,Yellow (Mound),F,70,69.2,96.6,116,34.6,34.6,34.6,116,34.6,116,48.3,48.3,34.6 / 116,34.6 / 116
5627,IA,White,M,72,71.4,93.6,119,35.7,35.7,35.7,119,35.7,119,46.8,46.8,35.7 / 119,35.7 / 119
5627,IA,Gold,M,72,67.4,87.6,109,33.7,33.7,33.7,109,33.7,109,43.8,43.8,33.7 / 109,33.7 / 109
5627,IA,Red,M,72,66.8,86.8,108,33.4,33.4,33.4,108,33.4,108,43.4,43.4,33.4 / 108,33.4 / 108
5627,IA,White,F,74,76.8,108.0,132,38.4,38.4,38.4,132,38.4,132,54.0,54.0,38.4 / 132,38.4 / 132
5627,IA,Gold,F,74,72.0,100.6,121,36.0,36.0,36.0,121,36.0,121,50.3,50.3,36.0 / 121,36.0 / 121
5627,IA,Red,F,74,71.4,99.6,120,35.7,35.7,35.7,120,35.7,120,49.8,49.8,35.7 / 120,35.7 / 120
3965,IA,Black,M,72,71.4,95.8,132,35.9,35.5,35.9,123,35.5,140,47.3,48.5,35.9 / 123,35.5 / 140
3965,IA,Black-Green,M,72,68.9,91.9,124,34.7,34.2,34.7,121,34.2,127,45.9,46.0,34.7 / 121,34.2 / 127
3965,IA,Green,M,72,67.9,90.4,121,34.3,33.6,34.3,119,33.6,123,45.4,45.0,34.3 / 119,33.6 / 123
3965,IA,Gold,M,72,64.1,84.8,112,32.2,31.9,32.2,108,31.9,115,42.2,42.6,32.2 / 108,31.9 / 115
3965,IA,Green,F,72,73.3,103.4,128,37.0,36.3,37.0,127,36.3,128,52.0,51.4,37.0 / 127,36.3 / 128
3965,IA,Gold,F,72,68.9,97.4,121,34.5,34.4,34.5,117,34.4,125,48.3,49.1,34.5 / 117,34.4 / 125
32219,IA,White,M,72,69.2,91.2,118,34.6,34.6,34.6,118,34.6,118,45.6,45.6,34.6 / 118,34.6 / 118
32219,IA,Red,M,72,66.2,85.0,101,33.1,33.1,33.1,101,33.1,101,42.5,42.5,33.1 / 101,33.1 / 101
32219,IA,White,F,74,75.0,105.2,128,37.5,37.5,37.5,128,37.5,128,52.6,52.6,37.5 / 128,37.5 / 128
32219,IA,Red,F,74,71.2,99.4,120,35.6,35.6,35.6,120,35.6,120,49.7,49.7,35.6 / 120,35.6 / 120
5545,IA,Blue,M,72,70.8,92.6,117,35.4,35.4,35.4,117,35.4,117,46.3,46.3,35.4 / 117,35.4 / 117
5545,IA,White,M,72,67.6,88.0,110,33.8,33.8,33.8,110,33.8,110,44.0,44.0,33.8 / 110,33.8 / 110
5545,IA,Red,M,72,64.0,83.2,103,32.0,32.0,32.0,103,32.0,103,41.6,41.6,32.0 / 103,32.0 / 103
5545,IA,Blue,F,72,76.8,105.8,123,38.4,38.4,38.4,123,38.4,123,52.9,52.9,38.4 / 123,38.4 / 123
5545,IA,White,F,72,73.0,100.2,115,36.5,36.5,36.5,115,36.5,115,50.1,50.1,36.5 / 115,36.5 / 115
5545,IA,Red,F,72,68.6,94.0,108,34.3,34.3,34.3,108,34.3,108,47.0,47.0,34.3 / 108,34.3 / 108
2298,IA,Blue,M,72,71.5,93.8,120,35.5,36.0,35.5,117,36.0,123,46.4,47.4,35.5 / 117,36.0 / 123
2298,IA,Yellow,M,72,69.5,91.3,117,34.1,35.4,34.1,117,35.4,117,45.0,46.3,34.1 / 117,35.4 / 117
2298,IA,White,M,72,68.5,89.5,113,33.6,34.9,33.6,111,34.9,115,43.9,45.6,33.6 / 111,34.9 / 115
2298,IA,Red,M,72,65.6,85.2,105,32.6,33.0,32.6,105,33.0,105,42.4,42.8,32.6 / 105,33.0 / 105
2298,IA,Orange,M,72,61.8,79.8,97,30.8,31.0,30.8,97,31.0,97,39.8,40.0,30.8 / 97,31.0 / 97
2298,IA,Blue,F,72,77.6,107.7,128,38.4,39.2,38.4,126,39.2,130,53.2,54.5,38.4 / 126,39.2 / 130
2298,IA,Yellow,F,72,75.4,104.4,123,37.0,38.4,37.0,120,38.4,126,51.1,53.3,37.0 / 120,38.4 / 126
2298,IA,White,F,72,73.9,102.2,120,36.2,37.7,36.2,117,37.7,123,50.0,52.2,36.2 / 117,37.7 / 123
2298,IA,Red,F,72,70.6,97.1,113,35.1,35.5,35.1,111,35.5,114,48.2,48.9,35.1 / 111,35.5 / 114
2298,IA,Orange,F,72,65.8,90.0,103,32.8,33.0,32.8,102,33.0,103,44.8,45.2,32.8 / 102,33.0 / 103
2317,IA,Blue,M,72,73.0,96.4,126,36.1,36.9,36.1,128,36.9,124,48.0,48.4,36.1 / 128,36.9 / 124
2317,IA,White,M,72,71.4,94.3,124,35.5,35.9,35.5,125,35.9,122,47.1,47.2,35.5 / 125,35.9 / 122
2317,IA,White/Gold Combo,M,72,69.3,91.8,122,34.5,34.8,34.5,122,34.8,121,45.8,46.0,34.5 / 122,34.8 / 121
2317,IA,Gold,M,72,68.7,90.9,119,34.2,34.5,34.2,119,34.5,119,45.3,45.6,34.2 / 119,34.5 / 119
2317,IA,Black/Gold Combo,M,72,66.3,87.3,113,33.1,33.2,33.1,113,33.2,113,43.6,43.7,33.1 / 113,33.2 / 113
2317,IA,Black,M,72,65.6,86.5,113,32.8,32.8,32.8,113,32.8,112,43.3,43.2,32.8 / 113,32.8 / 112
2317,IA,Black/Green Combo,M,72,63.8,83.9,109,32.0,31.8,32.0,109,31.8,108,42.1,41.8,32.0 / 109,31.8 / 108
2317,IA,Green,M,72,62.1,81.7,105,31.0,31.1,31.0,105,31.1,105,40.8,40.9,31.0 / 105,31.1 / 105
2317,IA,Level 4,M,72,57.0,73.6,89,28.5,28.5,28.5,88,28.5,90,36.7,36.9,28.5 / 88,28.5 / 90
2317,IA,Level 3,M,72,54.7,70.2,84,27.3,27.4,27.3,83,27.4,84,35.0,35.2,27.3 / 83,27.4 / 84
2317,IA,Level 2,M,72,51.6,65.8,76,25.8,25.8,25.8,75,25.8,77,32.8,33.0,25.8 / 75,25.8 / 77
2317,IA,Blue,F,72,79.9,112.1,137,39.6,40.3,39.6,133,40.3,140,55.3,56.8,39.6 / 133,40.3 / 140
2317,IA,White,F,72,78.0,109.4,134,38.8,39.2,38.8,131,39.2,136,54.2,55.2,38.8 / 131,39.2 / 136
2317,IA,White/Gold Combo,F,72,75.7,105.9,129,37.6,38.1,37.6,126,38.1,131,52.4,53.5,37.6 / 126,38.1 / 131
2317,IA,Gold,F,72,74.8,104.5,126,37.2,37.6,37.2,124,37.6,128,51.8,52.7,37.2 / 124,37.6 / 128
2317,IA,Gold/Black Combo,F,72,72.4,101.3,123,36.2,36.2,36.2,120,36.2,126,50.3,51.0,36.2 / 120,36.2 / 126
2317,IA,Black,F,72,71.8,99.9,119,36.0,35.8,36.0,118,35.8,120,49.9,50.0,36.0 / 118,35.8 / 120
2317,IA,Black/Green Combo,F,72,68.9,96.3,116,34.6,34.3,34.6,117,34.3,115,48.4,47.9,34.6 / 117,34.3 / 115
2317,IA,Green,F,72,66.3,93.0,113,33.1,33.2,33.1,115,33.2,111,46.7,46.3,33.1 / 115,33.2 / 111
2317,IA,Level 4,F,72,59.4,81.8,95,29.6,29.8,29.6,97,29.8,93,41.0,40.8,29.6 / 97,29.8 / 93
2317,IA,Level 3,F,72,57.0,77.1,85,28.4,28.6,28.4,86,28.6,84,38.6,38.5,28.4 / 86,28.6 / 84
2317,IA,Level 2,F,72,54.3,72.3,76,27.1,27.2,27.1,77,27.2,75,36.2,36.1,27.1 / 77,27.2 / 75
18136,IA,Black,M,72,71.9,94.5,122,35.9,36.0,35.9,126,36.0,117,47.6,46.9,35.9 / 126,36.0 / 117
18136,IA,Blue,M,72,69.7,91.3,116,34.7,35.0,34.7,117,35.0,115,45.6,45.7,34.7 / 117,35.0 / 115
18136,IA,White,M,72,67.4,88.2,112,33.6,33.8,33.6,112,33.8,112,44.0,44.2,33.6 / 112,33.8 / 112
18136,IA,Red,M,72,64.6,83.9,104,32.2,32.4,32.2,102,32.4,105,41.7,42.2,32.2 / 102,32.4 / 105
18136,IA,Green,M,72,60.3,77.6,94,30.4,29.9,30.4,93,29.9,94,39.0,38.6,30.4 / 93,29.9 / 94
18136,IA,Yellow,M,72,58.9,75.7,90,29.4,29.5,29.4,89,29.5,91,37.7,38.0,29.4 / 89,29.5 / 91
18136,IA,Red,F,72,69.5,95.9,112,34.6,34.9,34.6,113,34.9,111,47.9,48.0,34.6 / 113,34.9 / 111
18136,IA,Green,F,72,62.8,85.5,96,31.8,31.0,31.8,99,31.0,93,43.5,42.0,31.8 / 99,31.0 / 93
18136,IA,Yellow,F,72,60.3,81.9,92,30.1,30.2,30.1,92,30.2,91,41.0,40.9,30.1 / 92,30.2 / 91
2316,IA,Gold,M,72,75.9,101.0,135,37.6,38.3,37.6,128,38.3,142,49.5,51.5,37.6 / 128,38.3 / 142
2316,IA,Black,M,72,72.4,96.7,131,35.9,36.5,35.9,125,36.5,137,47.5,49.2,35.9 / 125,36.5 / 137
2316,IA,Black/White Combo,M,72,71.9,95.6,128,35.8,36.1,35.8,123,36.1,132,47.2,48.4,35.8 / 123,36.1 / 132
2316,IA,White,M,72,70.3,93.8,127,34.7,35.6,34.7,129,35.6,124,46.7,47.1,34.7 / 129,35.6 / 124
2316,IA,Rust,M,72,64.9,85.3,110,32.4,32.5,32.4,104,32.5,115,42.1,43.2,32.4 / 104,32.5 / 115
2316,IA,White,F,72,74.6,106.4,135,37.2,37.4,37.2,131,37.4,138,52.7,53.7,37.2 / 131,37.4 / 138
2316,IA,Rust,F,72,69.5,96.1,113,34.7,34.8,34.7,110,34.8,115,47.7,48.4,34.7 / 110,34.8 / 115
5497,IA,Blue,M,72,70.8,95.6,133,35.5,35.3,35.5,133,35.3,133,47.9,47.7,35.5 / 133,35.3 / 133
5497,IA,Blue / White Combo,M,72,70.1,94.8,133,35.2,34.9,35.2,133,34.9,132,47.6,47.2,35.2 / 133,34.9 / 132
5497,IA,White,M,72,69.6,94.1,132,34.9,34.7,34.9,132,34.7,131,47.2,46.9,34.9 / 132,34.7 / 131
5497,IA,White/Gold Combo,M,72,66.2,88.3,119,32.9,33.3,32.9,116,33.3,122,43.7,44.6,32.9 / 116,33.3 / 122
5497,IA,Gold,M,72,65.1,86.0,113,32.6,32.5,32.6,113,32.5,112,43.1,42.9,32.6 / 113,32.5 / 112
5497,IA,Red,M,72,64.9,85.5,111,32.6,32.3,32.6,111,32.3,111,42.9,42.6,32.6 / 111,32.3 / 111
5497,IA,Blue,F,72,76.8,109.0,137,38.4,38.4,38.4,140,38.4,133,54.9,54.1,38.4 / 140,38.4 / 133
5497,IA,Blue/White Combo,F,72,76.1,107.9,135,38.1,38.0,38.1,139,38.0,131,54.5,53.4,38.1 / 139,38.0 / 131
5497,IA,White,F,72,75.5,106.9,134,37.8,37.7,37.8,137,37.7,130,53.9,53.0,37.8 / 137,37.7 / 130
5497,IA,White/Gold Combo,F,72,71.7,101.3,126,35.4,36.3,35.4,127,36.3,124,50.4,50.9,35.4 / 127,36.3 / 124
5497,IA,Gold,F,72,70.2,99.1,123,34.9,35.3,34.9,126,35.3,120,49.7,49.4,34.9 / 126,35.3 / 120
5497,IA,Red,F,72,69.8,98.5,122,34.8,35.0,34.8,125,35.0,119,49.5,49.0,34.8 / 125,35.0 / 119
5576,IA,Blue,M,70,69.5,92.0,121,34.6,34.9,34.6,124,34.9,118,46.1,45.9,34.6 / 124,34.9 / 118
5576,IA,White,M,70,67.8,89.7,118,34.1,33.7,34.1,119,33.7,116,45.2,44.5,34.1 / 119,33.7 / 116
5576,IA,Red,M,71,64.5,85.2,112,32.6,31.9,32.6,113,31.9,110,43.1,42.1,32.6 / 113,31.9 / 110
5576,IA,Blue,F,70,75.4,106.5,132,37.5,37.9,37.5,132,37.9,131,53.1,53.4,37.5 / 132,37.9 / 131
5576,IA,White,F,70,73.3,103.1,127,36.7,36.6,36.7,128,36.6,125,51.8,51.3,36.7 / 128,36.6 / 125
5576,IA,Red,F,71,69.5,97.6,119,35.0,34.5,35.0,123,34.5,115,49.5,48.1,35.0 / 123,34.5 / 115
5626,IA,Black,M,71,72.7,97.1,131,36.5,36.2,36.5,132,36.2,130,48.8,48.3,36.5 / 132,36.2 / 130
5626,IA,White,M,71,69.6,92.4,123,35.0,34.6,35.0,125,34.6,121,46.6,45.8,35.0 / 125,34.6 / 121
5626,IA,Gold,M,71,64.0,83.6,106,32.2,31.8,32.2,109,31.8,102,42.3,41.3,32.2 / 109,31.8 / 102
5626,IA,Gold,F,71,69.8,97.8,119,35.2,34.6,35.2,120,34.6,118,49.3,48.5,35.2 / 120,34.6 / 118
5626,IA,Red,F,71,67.5,93.6,111,33.9,33.6,33.9,110,33.6,111,46.9,46.7,33.9 / 110,33.6 / 111
5555,IA,Blue,M,68,63.4,82.6,103,31.7,31.7,31.7,103,31.7,103,41.3,41.3,31.7 / 103,31.7 / 103
5555,IA,White,M,68,61.0,77.8,90,30.5,30.5,30.5,90,30.5,90,38.9,38.9,30.5 / 90,30.5 / 90
5555,IA,Red,M,68,59.2,75.8,89,29.6,29.6,29.6,89,29.6,89,37.9,37.9,29.6 / 89,29.6 / 89
5555,IA,Blue,F,68,68.0,94.0,110,34.0,34.0,34.0,110,34.0,110,47.0,47.0,34.0 / 110,34.0 / 110
5555,IA,White,F,68,63.8,88.8,106,31.9,31.9,31.9,106,31.9,106,44.4,44.4,31.9 / 106,31.9 / 106
5555,IA,Red,F,68,60.8,83.2,95,30.4,30.4,30.4,95,30.4,95,41.6,41.6,30.4 / 95,30.4 / 95
18137,IA,White,M,70,68.0,88.8,112,34.0,34.0,34.0,112,34.0,112,44.4,44.4,34.0 / 112,34.0 / 112
18137,IA,Yellow,M,70,64.6,83.2,100,32.3,32.3,32.3,100,32.3,100,41.6,41.6,32.3 / 100,32.3 / 100
18137,IA,Red,M,70,61.6,77.2,84,30.8,30.8,30.8,84,30.8,84,38.6,38.6,30.8 / 84,30.8 / 84
18137,IA,Yellow,F,70,69.0,94.8,109,34.5,34.5,34.5,109,34.5,109,47.4,47.4,34.5 / 109,34.5 / 109
18137,IA,Red,F,70,64.4,88.6,103,32.2,32.2,32.2,103,32.2,103,44.3,44.3,32.2 / 103,32.2 / 103
5510,IA,Blue,M,72,67.8,88.8,113,33.9,33.9,33.9,113,33.9,113,44.4,44.4,33.9 / 113,33.9 / 113
5510,IA,White/Blue,M,72,67.4,88.1,112,33.5,33.9,33.5,111,33.9,113,43.8,44.4,33.5 / 111,33.9 / 113
5510,IA,White,M,72,67.0,87.6,111,33.5,33.5,33.5,111,33.5,111,43.8,43.8,33.5 / 111,33.5 / 111
5510,IA,Red,M,72,64.6,84.0,104,32.3,32.3,32.3,104,32.3,104,42.0,42.0,32.3 / 104,32.3 / 104
5510,IA,Blue,F,72,73.2,101.8,121,36.6,36.6,36.6,121,36.6,121,50.9,50.9,36.6 / 121,36.6 / 121
5510,IA,White/Blue,F,72,72.7,101.1,121,36.1,36.6,36.1,120,36.6,121,50.2,50.9,36.1 / 120,36.6 / 121
5510,IA,White,F,72,72.2,100.4,120,36.1,36.1,36.1,120,36.1,120,50.2,50.2,36.1 / 120,36.1 / 120
5510,IA,Red,F,72,69.0,95.4,112,34.5,34.5,34.5,112,34.5,112,47.7,47.7,34.5 / 112,34.5 / 112
2301,IA,Black,M,72,72.9,97.5,133,36.4,36.5,36.4,128,36.5,137,48.3,49.2,36.4 / 128,36.5 / 137
2301,IA,Blue,M,72,71.3,94.7,126,35.7,35.6,35.7,124,35.6,128,47.2,47.5,35.7 / 124,35.6 / 128
2301,IA,Blue/White,M,72,70.2,92.8,122,35.0,35.2,35.0,121,35.2,123,46.2,46.6,35.0 / 121,35.2 / 123
2301,IA,White,M,72,69.1,90.8,117,34.4,34.7,34.4,117,34.7,116,45.3,45.5,34.4 / 117,34.7 / 116
2301,IA,White/Red,M,72,67.5,88.8,115,34.0,33.5,34.0,116,33.5,113,44.8,44.0,34.0 / 116,33.5 / 113
2301,IA,Red,M,72,65.9,86.9,113,32.8,33.1,32.8,114,33.1,112,43.4,43.5,32.8 / 114,33.1 / 112
2301,IA,Red/Gold,M,72,64.0,84.2,109,32.0,32.0,32.0,110,32.0,108,42.2,42.0,32.0 / 110,32.0 / 108
2301,IA,Gold,M,72,64.0,84.2,109,32.0,32.0,32.0,110,32.0,108,42.2,42.0,32.0 / 110,32.0 / 108
2301,IA,Black,F,72,79.7,114.5,148,39.7,40.0,39.7,147,40.0,148,57.0,57.5,39.7 / 147,40.0 / 148
2301,IA,Blue,F,72,78.0,112.1,145,39.0,39.0,39.0,144,39.0,145,56.0,56.1,39.0 / 144,39.0 / 145
2301,IA,Blue/White,F,72,76.0,107.6,134,37.8,38.2,37.8,130,38.2,138,53.1,54.5,37.8 / 130,38.2 / 138
2301,IA,White,F,72,74.3,104.4,128,36.9,37.4,36.9,127,37.4,128,51.9,52.5,36.9 / 127,37.4 / 128
2301,IA,White/Red,F,72,72.7,102.4,126,36.6,36.1,36.6,125,36.1,127,51.3,51.1,36.6 / 125,36.1 / 127
2301,IA,Red,F,72,71.5,100.1,122,35.9,35.6,35.9,117,35.6,126,49.7,50.4,35.9 / 117,35.6 / 126
2301,IA,Red/Gold,F,72,69.4,97.3,118,34.7,34.7,34.7,115,34.7,121,48.3,49.0,34.7 / 115,34.7 / 121
2301,IA,Gold,F,72,69.1,97.3,120,34.4,34.7,34.4,118,34.7,121,48.3,49.0,34.4 / 118,34.7 / 121
31181,IA,Blue,M,72,71.2,94.2,124,35.6,35.6,35.6,124,35.6,124,47.1,47.1,35.6 / 124,35.6 / 124
31181,IA,White,M,72,70.0,92.4,121,35.0,35.0,35.0,121,35.0,121,46.2,46.2,35.0 / 121,35.0 / 121
31181,IA,Yellow,M,72,66.2,86.6,110,33.1,33.1,33.1,110,33.1,110,43.3,43.3,33.1 / 110,33.1 / 110
31181,IA,Red,M,72,65.0,85.0,108,32.5,32.5,32.5,108,32.5,108,42.5,42.5,32.5 / 108,32.5 / 108
31181,IA,Silver,M,72,61.4,80.0,100,30.7,30.7,30.7,100,30.7,100,40.0,40.0,30.7 / 100,30.7 / 100
31181,IA,Yellow,F,72,71.6,100.2,121,35.8,35.8,35.8,121,35.8,121,50.1,50.1,35.8 / 121,35.8 / 121
31181,IA,Red,F,72,70.2,98.0,118,35.1,35.1,35.1,118,35.1,118,49.0,49.0,35.1 / 118,35.1 / 118
31181,IA,Silver,F,72,65.2,90.6,108,32.6,32.6,32.6,108,32.6,108,45.3,45.3,32.6 / 108,32.6 / 108
2307,IA,Black,M,72,71.6,96.9,137,35.0,36.6,35.0,124,36.6,149,46.5,50.4,35.0 / 124,36.6 / 149
2307,IA,Grey,M,72,69.6,93.9,131,34.1,35.5,34.1,117,35.5,144,45.0,48.9,34.1 / 117,35.5 / 144
2307,IA,White,M,72,64.8,85.3,110,31.8,33.0,31.8,102,33.0,118,41.3,44.0,31.8 / 102,33.0 / 118
2307,IA,Grey,F,72,75.4,107.7,137,36.6,38.8,36.6,128,38.8,146,51.7,56.0,36.6 / 128,38.8 / 146
2307,IA,IGA Women's Match Play,F,73,73.8,105.3,134,36.3,37.5,36.3,127,37.5,140,51.3,54.0,36.3 / 127,37.5 / 140
2307,IA,White,F,72,69.5,97.3,118,34.0,35.5,34.0,112,35.5,124,47.2,50.1,34.0 / 112,35.5 / 124
18138,IA,Blue,M,72,71.2,93.8,122,35.6,35.6,35.6,122,35.6,122,46.9,46.9,35.6 / 122,35.6 / 122
18138,IA,White,M,72,69.4,91.4,118,34.7,34.7,34.7,118,34.7,118,45.7,45.7,34.7 / 118,34.7 / 118
18138,IA,Black,M,72,64.4,83.4,102,32.2,32.2,32.2,102,32.2,102,41.7,41.7,32.2 / 102,32.2 / 102
18138,IA,Red,M,72,63.8,82.4,100,31.9,31.9,31.9,100,31.9,100,41.2,41.2,31.9 / 100,31.9 / 100
18138,IA,Gold,M,72,63.6,82.0,99,31.8,31.8,31.8,99,31.8,99,41.0,41.0,31.8 / 99,31.8 / 99
18138,IA,Blue,F,74,77.0,107.6,130,38.5,38.5,38.5,130,38.5,130,53.8,53.8,38.5 / 130,38.5 / 130
18138,IA,White,F,74,74.8,104.4,126,37.4,37.4,37.4,126,37.4,126,52.2,52.2,37.4 / 126,37.4 / 126
18138,IA,Black,F,74,69.2,95.8,113,34.6,34.6,34.6,113,34.6,113,47.9,47.9,34.6 / 113,34.6 / 113
18138,IA,Red,F,74,68.4,94.6,111,34.2,34.2,34.2,111,34.2,111,47.3,47.3,34.2 / 111,34.2 / 111
18138,IA,Gold,F,74,67.8,93.8,110,33.9,33.9,33.9,110,33.9,110,46.9,46.9,33.9 / 110,33.9 / 110
14869,IA,Blue,M,71,70.9,92.5,116,35.9,35.0,35.9,117,35.0,115,46.8,45.7,35.9 / 117,35.0 / 115
14869,IA,White,M,71,68.5,89.2,112,34.8,33.7,34.8,112,33.7,111,45.2,44.0,34.8 / 112,33.7 / 111
14869,IA,Gold,M,71,64.8,83.7,102,33.1,31.7,33.1,105,31.7,98,42.9,40.8,33.1 / 105,31.7 / 98
14869,IA,Red,M,71,62.7,81.1,99,31.8,30.9,31.8,104,30.9,94,41.5,39.6,31.8 / 104,30.9 / 94
14869,IA,Blue,F,71,76.6,106.1,125,38.8,37.8,38.8,127,37.8,123,53.8,52.3,38.8 / 127,37.8 / 123
14869,IA,White,F,71,74.0,102.3,120,37.7,36.3,37.7,123,36.3,117,52.2,50.1,37.7 / 123,36.3 / 117
14869,IA,Gold,F,71,69.6,95.7,111,35.5,34.1,35.5,114,34.1,108,48.9,46.8,35.5 / 114,34.1 / 108
14869,IA,Red,F,71,67.1,92.0,106,34.0,33.1,34.0,107,33.1,104,46.6,45.4,34.0 / 107,33.1 / 104
5549,IA,Blue,M,72,71.5,95.2,128,35.3,36.2,35.3,127,36.2,128,47.1,48.1,35.3 / 127,36.2 / 128
5549,IA,White,M,72,70.3,92.9,122,34.8,35.5,34.8,126,35.5,117,46.5,46.4,34.8 / 126,35.5 / 117
5549,IA,Gold,M,72,66.7,88.3,117,32.9,33.8,32.9,121,33.8,112,44.1,44.2,32.9 / 121,33.8 / 112
5549,IA,Red,M,72,66.2,87.5,115,32.9,33.3,32.9,119,33.3,110,44.0,43.5,32.9 / 119,33.3 / 110
5549,IA,Blue,F,72,77.3,109.0,135,38.3,39.0,38.3,128,39.0,141,53.4,55.6,38.3 / 128,39.0 / 141
5549,IA,White,F,72,75.7,106.7,132,37.7,38.0,37.7,126,38.0,137,52.6,54.1,37.7 / 126,38.0 / 137
5549,IA,Gold,F,72,71.7,100.7,123,35.7,36.0,35.7,114,36.0,132,49.1,51.6,35.7 / 114,36.0 / 132
5549,IA,Red,F,72,71.1,99.4,120,35.6,35.5,35.6,114,35.5,126,49.0,50.4,35.6 / 114,35.5 / 126
23785,IA,Black,M,72,74.8,99.3,132,37.0,37.8,37.0,132,37.8,131,49.3,50.0,37.0 / 132,37.8 / 131
23785,IA,Gold,M,72,73.1,97.1,129,36.2,36.9,36.2,128,36.9,130,48.1,49.0,36.2 / 128,36.9 / 130
23785,IA,White,M,72,71.5,95.0,127,35.6,35.9,35.6,125,35.9,128,47.2,47.8,35.6 / 125,35.9 / 128
23785,IA,Blue,M,72,67.9,90.2,120,33.7,34.2,33.7,117,34.2,123,44.6,45.6,33.7 / 117,34.2 / 123
23785,IA,Silver,M,72,65.5,86.3,112,32.5,33.0,32.5,112,33.0,112,42.9,43.4,32.5 / 112,33.0 / 112
23785,IA,White,F,72,77.5,109.7,137,38.6,38.9,38.6,137,38.9,137,54.7,55.0,38.6 / 137,38.9 / 137
23785,IA,Blue,F,72,73.7,103.9,128,36.7,37.0,36.7,127,37.0,129,51.7,52.2,36.7 / 127,37.0 / 129
23785,IA,Silver,F,72,70.4,98.6,120,35.0,35.4,35.0,118,35.4,121,48.9,49.7,35.0 / 118,35.4 / 121
5554,IA,Black,M,72,76.8,104.2,148,38.0,38.8,38.0,150,38.8,145,51.9,52.3,38.0 / 150,38.8 / 145
5554,IA,Blue,M,72,74.4,101.0,143,37.0,37.4,37.0,146,37.4,140,50.6,50.4,37.0 / 146,37.4 / 140
5554,IA,White,M,72,72.9,98.9,140,36.3,36.6,36.3,143,36.6,137,49.6,49.3,36.3 / 143,36.6 / 137
5554,IA,Green,M,72,70.7,96.0,137,35.4,35.3,35.4,137,35.3,136,48.1,47.9,35.4 / 137,35.3 / 136
5554,IA,Red,M,72,68.0,92.0,129,34.2,33.8,34.2,132,33.8,126,46.5,45.5,34.2 / 132,33.8 / 126
5554,IA,Blue,F,72,80.9,116.9,152,40.2,40.7,40.2,155,40.7,148,58.7,58.2,40.2 / 155,40.7 / 148
5554,IA,White,F,72,79.1,114.0,148,39.3,39.8,39.3,153,39.8,143,57.3,56.7,39.3 / 153,39.8 / 143
5554,IA,Green,F,72,76.6,110.3,143,38.2,38.4,38.2,148,38.4,137,55.7,54.6,38.2 / 148,38.4 / 137
5554,IA,Red,F,72,74.1,105.0,131,37.4,36.7,37.4,134,36.7,128,53.2,51.8,37.4 / 134,36.7 / 128
5575,IA,Black,M,72,72.1,95.4,126,36.1,36.0,36.1,125,36.0,126,47.7,47.7,36.1 / 125,36.0 / 126
5575,IA,Black/Blue Combo,M,72,71.0,93.5,121,35.6,35.4,35.6,119,35.4,123,46.7,46.8,35.6 / 119,35.4 / 123
5575,IA,Blue,M,72,70.0,92.0,119,35.3,34.7,35.3,116,34.7,121,46.1,45.9,35.3 / 116,34.7 / 121
5575,IA,Blue/White Combo,M,72,68.6,89.8,114,34.6,34.0,34.6,114,34.0,114,45.2,44.6,34.6 / 114,34.0 / 114
5575,IA,White,M,72,67.1,87.6,111,33.8,33.3,33.8,112,33.3,109,44.2,43.4,33.8 / 112,33.3 / 109
5575,IA,White/Gold Combo,M,72,65.5,85.5,108,32.8,32.7,32.8,111,32.7,104,43.1,42.4,32.8 / 111,32.7 / 104
5575,IA,Gold,M,72,63.8,82.9,103,32.0,31.8,32.0,109,31.8,97,42.1,40.8,32.0 / 109,31.8 / 97
5575,IA,Par 3,M,54,52.4,65.8,72,26.2,26.2,26.2,72,26.2,72,32.9,32.9,26.2 / 72,26.2 / 72
5575,IA,Blue,F,72,76.5,107.4,131,38.5,38.0,38.5,132,38.0,130,54.1,53.3,38.5 / 132,38.0 / 130
5575,IA,Blue/White Combo,F,72,74.4,104.2,127,37.4,37.0,37.4,127,37.0,126,52.4,51.8,37.4 / 127,37.0 / 126
5575,IA,White,F,72,72.6,101.4,122,36.4,36.2,36.4,123,36.2,121,50.9,50.5,36.4 / 123,36.2 / 121
5575,IA,White/Gold Combo,F,72,70.6,99.1,121,35.3,35.3,35.3,122,35.3,120,49.7,49.4,35.3 / 122,35.3 / 120
5575,IA,Gold,F,72,68.6,95.7,115,34.5,34.1,34.5,117,34.1,113,48.3,47.4,34.5 / 117,34.1 / 113
5575,IA,Par 3,F,54,54.8,73.0,77,27.4,27.4,27.4,77,27.4,77,36.5,36.5,27.4 / 77,27.4 / 77
2296,IA,Black,M,72,73.2,97.3,130,36.4,36.8,36.4,130,36.8,129,48.5,48.8,36.4 / 130,36.8 / 129
2296,IA,Green,M,72,71.3,94.9,127,35.5,35.8,35.5,128,35.8,126,47.4,47.5,35.5 / 128,35.8 / 126
2296,IA,White,M,72,69.8,92.3,122,34.8,35.0,34.8,121,35.0,122,46.0,46.3,34.8 / 121,35.0 / 122
2296,IA,Gold,M,72,67.6,89.4,117,33.8,33.8,33.8,117,33.8,117,44.7,44.7,33.8 / 117,33.8 / 117
2296,IA,White,F,72,76.1,108.8,139,37.8,38.3,37.8,140,38.3,137,54.3,54.5,37.8 / 140,38.3 / 137
2296,IA,Gold,F,72,73.7,105.2,134,36.7,37.0,36.7,135,37.0,132,52.6,52.6,36.7 / 135,37.0 / 132
2296,IA,Red,F,72,70.2,98.5,120,34.5,35.7,34.5,118,35.7,122,48.4,50.1,34.5 / 118,35.7 / 122
35520,IA,Back Tee,M,54,53.0,68.4,83,26.5,26.5,26.5,83,26.5,83,34.2,34.2,26.5 / 83,26.5 / 83
35520,IA,Back Tee,F,54,55.4,74.6,81,27.7,27.7,27.7,81,27.7,81,37.3,37.3,27.7 / 81,27.7 / 81
2291,IA,Black (par 72),M,72,75.2,99.7,132,37.1,38.1,37.1,130,38.1,133,49.2,50.5,37.1 / 130,38.1 / 133
2291,IA,Black,M,71,74.8,99.0,130,36.7,38.1,36.7,127,38.1,133,48.5,50.5,36.7 / 127,38.1 / 133
2291,IA,Gold (par 72),M,72,73.3,97.2,129,36.1,37.2,36.1,126,37.2,131,47.8,49.4,36.1 / 126,37.2 / 131
2291,IA,Gold,M,71,72.9,96.5,127,35.7,37.2,35.7,123,37.2,131,47.1,49.4,35.7 / 123,37.2 / 131
2291,IA,Gold/Blue Combo (par 72),M,72,71.8,95.4,127,35.5,36.3,35.5,121,36.3,133,46.7,48.7,35.5 / 121,36.3 / 133
2291,IA,Gold/Blue,M,71,71.5,95.1,127,35.2,36.3,35.2,121,36.3,133,46.4,48.7,35.2 / 121,36.3 / 133
2291,IA,Blue (par 72),M,72,70.9,93.8,123,35.1,35.8,35.1,119,35.8,127,46.2,47.6,35.1 / 119,35.8 / 127
2291,IA,Blue,M,71,70.5,93.3,123,34.7,35.8,34.7,118,35.8,127,45.7,47.6,34.7 / 118,35.8 / 127
2291,IA,White (par 72),M,72,68.8,90.6,117,33.9,34.9,33.9,117,34.9,117,44.8,45.8,33.9 / 117,34.9 / 117
2291,IA,White,M,71,68.4,90.2,117,33.5,34.9,33.5,117,34.9,117,44.4,45.8,33.5 / 117,34.9 / 117
2291,IA,Burgundy (par 72),M,72,65.4,85.5,108,32.7,32.7,32.7,112,32.7,104,43.1,42.4,32.7 / 112,32.7 / 104
2291,IA,Burgundy,M,71,65.1,85.1,108,32.4,32.7,32.4,111,32.7,104,42.7,42.4,32.4 / 111,32.7 / 104
2291,IA,Gold (par 72),F,72,79.6,112.2,138,39.1,40.5,39.1,134,40.5,142,54.9,57.3,39.1 / 134,40.5 / 142
2291,IA,Gold,F,71,79.1,111.5,137,38.6,40.5,38.6,132,40.5,142,54.2,57.3,38.6 / 132,40.5 / 142
2291,IA,Gold/Blue Combo (par 72),F,72,78.0,109.7,135,38.4,39.6,38.4,131,39.6,138,53.8,55.9,38.4 / 131,39.6 / 138
2291,IA,Gold/Blue,F,71,77.6,109.1,134,38.0,39.6,38.0,129,39.6,138,53.2,55.9,38.0 / 129,39.6 / 138
2291,IA,Blue (par 72),F,72,76.9,108.0,132,38.0,38.9,38.0,128,38.9,136,53.1,54.9,38.0 / 128,38.9 / 136
2291,IA,Blue,F,71,76.5,107.4,131,37.6,38.9,37.6,126,38.9,136,52.5,54.9,37.6 / 126,38.9 / 136
2291,IA,White (par 72),F,72,74.4,104.4,127,36.7,37.7,36.7,123,37.7,131,51.2,53.2,36.7 / 123,37.7 / 131
2291,IA,White,F,71,74.1,104.1,127,36.4,37.7,36.4,123,37.7,131,50.9,53.2,36.4 / 123,37.7 / 131
2291,IA,Burgundy (par 72),F,72,70.6,98.1,117,35.3,35.3,35.3,116,35.3,117,49.0,49.1,35.3 / 116,35.3 / 117
2291,IA,Burgundy,F,71,70.3,97.7,116,35.0,35.3,35.0,115,35.3,117,48.6,49.1,35.0 / 115,35.3 / 117
36473,IA,Back,M,72,76.0,101.6,138,38.0,38.0,38.0,138,38.0,138,50.8,50.8,38.0 / 138,38.0 / 138
36473,IA,Club,M,72,71.0,95.4,131,35.5,35.5,35.5,131,35.5,131,47.7,47.7,35.5 / 131,35.5 / 131
36473,IA,Middle,M,72,67.8,91.2,126,33.9,33.9,33.9,126,33.9,126,45.6,45.6,33.9 / 126,33.9 / 126
36473,IA,Front,M,72,62.2,81.4,103,31.1,31.1,31.1,103,31.1,103,40.7,40.7,31.1 / 103,31.1 / 103
36473,IA,Back,F,72,82.0,116.4,146,41.0,41.0,41.0,146,41.0,146,58.2,58.2,41.0 / 146,41.0 / 146
36473,IA,Club,F,72,76.6,109.0,137,38.3,38.3,38.3,137,38.3,137,54.5,54.5,38.3 / 137,38.3 / 137
36473,IA,Middle,F,72,73.4,103.8,129,36.7,36.7,36.7,129,36.7,129,51.9,51.9,36.7 / 129,36.7 / 129
36473,IA,Front,F,72,66.0,92.0,110,33.0,33.0,33.0,110,33.0,110,46.0,46.0,33.0 / 110,33.0 / 110
14876,IA,Blue,M,70,69.0,91.4,121,34.5,34.5,34.5,121,34.5,121,45.7,45.7,34.5 / 121,34.5 / 121
14876,IA,White,M,70,66.6,88.4,117,33.3,33.3,33.3,117,33.3,117,44.2,44.2,33.3 / 117,33.3 / 117
14876,IA,Red,M,70,63.8,84.6,112,31.9,31.9,31.9,112,31.9,112,42.3,42.3,31.9 / 112,31.9 / 112
14876,IA,Red,F,70,68.6,97.2,121,34.3,34.3,34.3,121,34.3,121,48.6,48.6,34.3 / 121,34.3 / 121
28849,IA,Blue,M,72,69.6,90.2,111,34.8,34.8,34.8,111,34.8,111,45.1,45.1,34.8 / 111,34.8 / 111
28849,IA,White,M,72,67.2,86.8,105,33.6,33.6,33.6,105,33.6,105,43.4,43.4,33.6 / 105,33.6 / 105
28849,IA,White,F,72,72.6,100.2,117,36.3,36.3,36.3,117,36.3,117,50.1,50.1,36.3 / 117,36.3 / 117
28849,IA,Red,F,72,67.8,91.6,101,33.9,33.9,33.9,101,33.9,101,45.8,45.8,33.9 / 101,33.9 / 101
5601,IA,Black,M,71,71.6,95.4,128,35.6,36.0,35.6,127,36.0,129,47.4,48.0,35.6 / 127,36.0 / 129
5601,IA,Black/Blue Combo,M,71,70.3,93.8,127,35.1,35.2,35.1,126,35.2,127,46.8,47.0,35.1 / 126,35.2 / 127
5601,IA,Blue,M,71,69.5,92.5,124,34.6,34.9,34.6,123,34.9,125,46.0,46.5,34.6 / 123,34.9 / 125
5601,IA,Blue/Gold Combo,M,71,68.1,90.0,118,33.7,34.4,33.7,116,34.4,119,44.5,45.5,33.7 / 116,34.4 / 119
5601,IA,Gold,M,71,66.8,88.3,116,33.0,33.8,33.0,114,33.8,117,43.6,44.7,33.0 / 114,33.8 / 117
5601,IA,Gold/Red Combo,M,71,64.0,84.8,112,31.9,32.1,31.9,108,32.1,116,41.9,42.9,31.9 / 108,32.1 / 116
5601,IA,Red,M,71,63.3,83.7,110,31.5,31.8,31.5,107,31.8,113,41.4,42.3,31.5 / 107,31.8 / 113
5601,IA,Red/Green Combo,M,71,62.2,82.1,107,30.9,31.3,30.9,105,31.3,109,40.7,41.4,30.9 / 105,31.3 / 109
5601,IA,Black,F,71,77.7,109.9,137,38.7,39.0,38.7,134,39.0,139,54.5,55.4,38.7 / 134,39.0 / 139
5601,IA,Black/Blue Combo,F,71,76.1,107.7,134,38.0,38.1,38.0,132,38.1,136,53.6,54.1,38.0 / 132,38.1 / 136
5601,IA,Blue,F,71,75.0,106.1,132,37.4,37.6,37.4,130,37.6,134,52.7,53.4,37.4 / 130,37.6 / 134
5601,IA,Blue/Gold Combo,F,71,73.2,103.3,128,36.2,37.0,36.2,125,37.0,131,50.9,52.4,36.2 / 125,37.0 / 131
5601,IA,Gold,F,71,71.6,101.0,125,35.4,36.2,35.4,121,36.2,128,49.7,51.3,35.4 / 121,36.2 / 128
5601,IA,Gold/Red Combo,F,71,68.8,95.9,115,34.2,34.6,34.2,113,34.6,117,47.5,48.4,34.2 / 113,34.6 / 117
5601,IA,Red,F,71,67.9,94.4,112,33.7,34.2,33.7,109,34.2,115,46.6,47.8,33.7 / 109,34.2 / 115
5601,IA,Red/Green Combo,F,71,66.4,91.9,108,32.9,33.5,32.9,103,33.5,113,45.1,46.8,32.9 / 103,33.5 / 113
28709,IA,Black,M,72,72.2,94.4,120,35.7,36.5,35.7,115,36.5,124,46.4,48.0,35.7 / 115,36.5 / 124
28709,IA,Silver,M,72,70.4,91.6,114,34.8,35.6,34.8,113,35.6,115,45.3,46.3,34.8 / 113,35.6 / 115
28709,IA,Red,M,73,66.1,86.0,107,32.7,33.4,32.7,103,33.4,111,42.3,43.7,32.7 / 103,33.4 / 111
28709,IA,Red,F,73,71.2,97.9,113,34.8,36.4,34.8,109,36.4,117,47.7,50.2,34.8 / 109,36.4 / 117
28709,IA,White,F,73,66.2,90.4,103,32.8,33.4,32.8,102,33.4,103,44.8,45.6,32.8 / 102,33.4 / 103
5514,IA,White,M,72,69.0,90.4,115,34.5,34.5,34.5,115,34.5,115,45.2,45.2,34.5 / 115,34.5 / 115
5514,IA,White/Yellow,M,72,68.7,89.8,114,34.5,34.2,34.5,115,34.2,112,45.2,44.6,34.5 / 115,34.2 / 112
5514,IA,Yellow,M,72,68.4,89.2,112,34.2,34.2,34.2,112,34.2,112,44.6,44.6,34.2 / 112,34.2 / 112
5514,IA,Blue,M,72,66.2,86.8,111,33.1,33.1,33.1,111,33.1,111,43.4,43.4,33.1 / 111,33.1 / 111
5514,IA,Red/Blue,M,72,65.8,86.3,111,32.7,33.1,32.7,110,33.1,111,42.9,43.4,32.7 / 110,33.1 / 111
5514,IA,Red,M,72,65.4,85.8,110,32.7,32.7,32.7,110,32.7,110,42.9,42.9,32.7 / 110,32.7 / 110
5514,IA,Black,M,72,62.4,81.1,101,31.1,31.3,31.1,101,31.3,100,40.5,40.6,31.1 / 101,31.3 / 100
5514,IA,White,F,74,75.4,105.2,126,37.7,37.7,37.7,126,37.7,126,52.6,52.6,37.7 / 126,37.7 / 126
5514,IA,White/Yellow,F,74,74.8,104.2,125,37.7,37.1,37.7,126,37.1,123,52.6,51.6,37.7 / 126,37.1 / 123
5514,IA,Yellow,F,74,74.2,103.2,123,37.1,37.1,37.1,123,37.1,123,51.6,51.6,37.1 / 123,37.1 / 123
5514,IA,Blue,F,74,72.0,99.6,117,36.0,36.0,36.0,117,36.0,117,49.8,49.8,36.0 / 117,36.0 / 117
5514,IA,Red/Blue,F,74,71.6,98.9,116,35.6,36.0,35.6,114,36.0,117,49.1,49.8,35.6 / 114,36.0 / 117
5514,IA,Red,F,74,71.2,98.2,114,35.6,35.6,35.6,114,35.6,114,49.1,49.1,35.6 / 114,35.6 / 114
5514,IA,Black,F,74,67.1,92.3,107,33.5,33.6,33.5,107,33.6,107,46.1,46.2,33.5 / 107,33.6 / 107
5496,IA,Blue,M,71,69.8,91.8,119,34.4,35.4,34.4,121,35.4,117,45.6,46.3,34.4 / 121,35.4 / 117
5496,IA,White,M,71,68.7,90.2,116,33.8,34.9,33.8,116,34.9,115,44.6,45.6,33.8 / 116,34.9 / 115
5496,IA,Gold,M,71,65.0,83.9,102,31.3,33.7,31.3,96,33.7,108,40.2,43.7,31.3 / 96,33.7 / 108
5496,IA,Red,M,71,63.7,82.1,99,31.1,32.6,31.1,95,32.6,103,39.9,42.2,31.1 / 95,32.6 / 103
5496,IA,Gold,F,71,69.8,95.6,110,33.7,36.1,33.7,105,36.1,114,46.1,49.5,33.7 / 105,36.1 / 114
5496,IA,Red,F,71,68.4,93.6,107,33.5,34.9,33.5,103,34.9,110,45.7,47.9,33.5 / 103,34.9 / 110
5504,IA,King,M,71,73.5,99.4,140,36.2,37.3,36.2,140,37.3,139,49.2,50.2,36.2 / 140,37.3 / 139
5504,IA,Master,M,71,71.3,96.3,135,35.3,36.0,35.3,136,36.0,133,47.9,48.4,35.3 / 136,36.0 / 133
5504,IA,Palmer,M,71,69.2,93.2,129,34.6,34.6,34.6,133,34.6,125,47.0,46.2,34.6 / 133,34.6 / 125
5504,IA,Deacon,M,71,67.4,89.0,117,33.6,33.8,33.6,122,33.8,111,44.9,44.1,33.6 / 122,33.8 / 111
5504,IA,Legend,M,71,64.0,83.6,106,31.8,32.2,31.8,101,32.2,110,41.2,42.4,31.8 / 101,32.2 / 110
5504,IA,Legend (Forward),M,70,63.7,83.1,105,31.8,31.9,31.8,101,31.9,108,41.2,41.9,31.8 / 101,31.9 / 108
5504,IA,King,F,71,80.7,117.2,152,39.8,40.9,39.8,148,40.9,155,57.3,59.9,39.8 / 148,40.9 / 155
5504,IA,Master,F,71,78.0,113.1,149,38.7,39.3,38.7,143,39.3,154,55.6,57.5,38.7 / 143,39.3 / 154
5504,IA,Palmer,F,71,75.3,109.0,143,37.8,37.5,37.8,139,37.5,147,54.2,54.8,37.8 / 139,37.5 / 147
5504,IA,Deacon,F,71,72.7,105.1,138,36.4,36.3,36.4,133,36.3,142,52.1,53.0,36.4 / 133,36.3 / 142
5504,IA,Legend,F,71,68.9,97.8,123,34.0,34.9,34.0,121,34.9,124,48.3,49.5,34.0 / 121,34.9 / 124
5504,IA,Legend (Forward),F,70,68.2,96.9,122,34.0,34.2,34.0,121,34.2,122,48.3,48.6,34.0 / 121,34.2 / 122
14940,IA,Black,M,72,72.8,94.6,117,36.4,36.4,36.4,117,36.4,117,47.3,47.3,36.4 / 117,36.4 / 117
14940,IA,White,M,72,69.2,90.6,115,34.6,34.6,34.6,115,34.6,115,45.3,45.3,34.6 / 115,34.6 / 115
14940,IA,Silver,M,72,66.0,85.8,107,33.0,33.0,33.0,107,33.0,107,42.9,42.9,33.0 / 107,33.0 / 107
14940,IA,Maroon,M,72,65.0,84.4,104,32.5,32.5,32.5,104,32.5,104,42.2,42.2,32.5 / 104,32.5 / 104
14940,IA,Gold,M,72,63.0,82.0,102,31.5,31.5,31.5,102,31.5,102,41.0,41.0,31.5 / 102,31.5 / 102
14940,IA,Black,F,72,78.8,109.8,131,39.4,39.4,39.4,131,39.4,131,54.9,54.9,39.4 / 131,39.4 / 131
14940,IA,White,F,72,75.0,104.2,124,37.5,37.5,37.5,124,37.5,124,52.1,52.1,37.5 / 124,37.5 / 124
14940,IA,Silver,F,72,71.4,98.6,115,35.7,35.7,35.7,115,35.7,115,49.3,49.3,35.7 / 115,35.7 / 115
14940,IA,Maroon,F,72,70.0,96.6,113,35.0,35.0,35.0,113,35.0,113,48.3,48.3,35.0 / 113,35.0 / 113
14940,IA,Gold,F,72,68.4,93.6,107,34.2,34.2,34.2,107,34.2,107,46.8,46.8,34.2 / 107,34.2 / 107
11533,IA,Blue,M,72,69.2,92.4,125,34.6,34.6,34.6,125,34.6,125,46.2,46.2,34.6 / 125,34.6 / 125
11533,IA,White,M,72,68.0,90.8,123,34.0,34.0,34.0,123,34.0,123,45.4,45.4,34.0 / 123,34.0 / 123
11533,IA,Red,M,72,64.8,83.6,101,32.4,32.4,32.4,101,32.4,101,41.8,41.8,32.4 / 101,32.4 / 101
11533,IA,Blue,F,72,75.2,105.0,126,37.6,37.6,37.6,126,37.6,126,52.5,52.5,37.6 / 126,37.6 / 126
11533,IA,White,F,72,74.0,103.0,123,37.0,37.0,37.0,123,37.0,123,51.5,51.5,37.0 / 123,37.0 / 123
11533,IA,Red,F,72,68.6,96.4,118,34.3,34.3,34.3,118,34.3,118,48.2,48.2,34.3 / 118,34.3 / 118
37028,IA,Good Rating for Reports 9,M,40,41.7,58.1,155,41.7,,41.7,155,,,58.1,,41.7 / 155,/
37028,IA,2 test sch,M,40,41.7,58.1,155,41.7,,41.7,155,,,58.1,,41.7 / 155,/
37028,IA,Rating for Reports,M,39,40.7,56.7,155,40.7,,40.7,155,,,56.7,,40.7 / 155,/
37028,IA,female sa,F,40,42.5,61.8,155,42.5,,42.5,155,,,61.8,,42.5 / 155,/
37030,IA,tee set 1 07 Sep 2026,M,63,68.9,96.0,135,40.0,28.9,40.0,155,28.9,115,56.4,39.6,40.0 / 155,28.9 / 115
33092,IA,Blue,M,68,64.2,82.8,100,32.1,32.1,32.1,100,32.1,100,41.4,41.4,32.1 / 100,32.1 / 100
33092,IA,White,M,68,63.4,81.8,99,31.7,31.7,31.7,99,31.7,99,40.9,40.9,31.7 / 99,31.7 / 99
33092,IA,Red,M,68,61.2,78.8,95,30.6,30.6,30.6,95,30.6,95,39.4,39.4,30.6 / 95,30.6 / 95
33092,IA,Gold,M,68,58.4,75.1,90,29.2,29.2,29.2,90,29.2,89,37.6,37.5,29.2 / 90,29.2 / 89
33092,IA,Blue,F,68,68.2,94.2,110,34.1,34.1,34.1,110,34.1,110,47.1,47.1,34.1 / 110,34.1 / 110
33092,IA,White,F,68,67.0,92.6,109,33.5,33.5,33.5,109,33.5,109,46.3,46.3,33.5 / 109,33.5 / 109
33092,IA,Red,F,68,63.2,86.6,99,31.6,31.6,31.6,99,31.6,99,43.3,43.3,31.6 / 99,31.6 / 99
33092,IA,Gold,F,68,59.0,80.0,89,29.5,29.5,29.5,89,29.5,89,40.0,40.0,29.5 / 89,29.5 / 89
2348,IA,White,M,72,66.7,86.1,105,33.2,33.5,33.2,107,33.5,102,43.1,43.0,33.2 / 107,33.5 / 102
2348,IA,Red,M,72,64.3,81.9,95,31.8,32.5,31.8,95,32.5,95,40.6,41.3,31.8 / 95,32.5 / 95
2348,IA,Orange,M,72,57.0,71.4,78,28.8,28.2,28.8,80,28.2,75,36.2,35.2,28.8 / 80,28.2 / 75
2348,IA,White,F,73,72.3,98.5,111,35.9,36.4,35.9,110,36.4,112,48.9,49.6,35.9 / 110,36.4 / 112
2348,IA,Red,F,73,69.0,94.7,109,34.0,35.0,34.0,108,35.0,110,46.7,48.0,34.0 / 108,35.0 / 110
2348,IA,Orange,F,73,59.0,79.4,87,29.6,29.4,29.6,88,29.4,85,40.0,39.4,29.6 / 88,29.4 / 85
5522,IA,Blue,M,72,70.6,93.6,124,35.3,35.3,35.3,124,35.3,124,46.8,46.8,35.3 / 124,35.3 / 124
5522,IA,White/Blue Combo,M,72,69.7,92.0,120,34.8,34.9,34.8,121,34.9,119,46.0,46.0,34.8 / 121,34.9 / 119
5522,IA,White,M,72,68.8,90.8,118,34.4,34.4,34.4,118,34.4,118,45.4,45.4,34.4 / 118,34.4 / 118
5522,IA,White/Gold Combo,M,72,66.4,87.5,114,33.5,32.9,33.5,116,32.9,111,44.3,43.2,33.5 / 116,32.9 / 111
5522,IA,Gold,M,72,64.2,84.4,109,32.1,32.1,32.1,109,32.1,109,42.2,42.2,32.1 / 109,32.1 / 109
5522,IA,Red,M,72,63.6,83.6,108,31.8,31.8,31.8,108,31.8,108,41.8,41.8,31.8 / 108,31.8 / 108
5522,IA,Blue,F,74,77.2,107.8,130,38.6,38.6,38.6,130,38.6,130,53.9,53.9,38.6 / 130,38.6 / 130
5522,IA,White/Blue Combo,F,74,76.1,106.3,128,38.1,38.0,38.1,128,38.0,128,53.2,53.1,38.1 / 128,38.0 / 128
5522,IA,White,F,74,75.0,104.6,126,37.5,37.5,37.5,126,37.5,126,52.3,52.3,37.5 / 126,37.5 / 126
5522,IA,White/Gold Combo,F,74,72.4,100.8,121,36.5,35.9,36.5,122,35.9,119,50.9,49.9,36.5 / 122,35.9 / 119
5522,IA,Gold,F,74,69.8,96.8,114,34.9,34.9,34.9,114,34.9,114,48.4,48.4,34.9 / 114,34.9 / 114
5522,IA,Red,F,74,69.2,95.8,113,34.6,34.6,34.6,113,34.6,113,47.9,47.9,34.6 / 113,34.6 / 113
35555,IA,Men's,M,54,52.8,66.4,73,26.4,26.4,26.4,73,26.4,73,33.2,33.2,26.4 / 73,26.4 / 73
35555,IA,Ladies,F,54,55.4,73.6,77,27.7,27.7,27.7,77,27.7,77,36.8,36.8,27.7 / 77,27.7 / 77
13414,IA,White,M,72,71.3,94.2,124,35.3,36.0,35.3,122,36.0,125,46.6,47.6,35.3 / 122,36.0 / 125
13414,IA,White/Gold Combo,M,72,68.8,91.4,122,34.2,34.6,34.2,119,34.6,124,45.3,46.1,34.2 / 119,34.6 / 124
13414,IA,Gold,M,72,67.6,89.8,120,34.1,33.5,34.1,117,33.5,122,45.0,44.8,34.1 / 117,33.5 / 122
13414,IA,Gold/Red Combo,M,72,65.2,86.4,115,32.3,32.9,32.3,107,32.9,121,42.2,44.1,32.3 / 107,32.9 / 121
13414,IA,Red,M,72,63.9,84.5,111,31.3,32.6,31.3,102,32.6,119,40.8,43.7,31.3 / 102,32.6 / 119
13414,IA,White,F,72,77.1,109.9,139,38.1,39.0,38.1,136,39.0,142,54.1,55.8,38.1 / 136,39.0 / 142
13414,IA,White/Gold Combo,F,72,74.9,106.9,136,37.1,37.8,37.1,136,37.8,136,53.1,53.8,37.1 / 136,37.8 / 136
13414,IA,Gold,F,72,73.0,104.3,133,36.8,36.2,36.8,134,36.2,131,52.6,51.7,36.8 / 134,36.2 / 131
13414,IA,Gold/Red Combo,F,72,70.5,99.9,125,34.8,35.7,34.8,120,35.7,129,49.0,50.9,34.8 / 120,35.7 / 129
13414,IA,Red,F,72,68.9,97.2,120,33.7,35.2,33.7,114,35.2,126,47.2,50.0,33.7 / 114,35.2 / 126
5490,IA,Blue,M,72,71.9,96.4,132,36.2,35.7,36.2,133,35.7,130,48.6,47.8,36.2 / 133,35.7 / 130
5490,IA,Gold,M,72,70.0,92.4,121,35.2,34.8,35.2,123,34.8,118,46.6,45.8,35.2 / 123,34.8 / 118
5490,IA,White,M,72,66.8,88.2,115,34.1,32.7,34.1,113,32.7,117,44.6,43.6,34.1 / 113,32.7 / 117
5490,IA,Red,M,72,66.4,87.6,114,33.9,32.5,33.9,112,32.5,116,44.3,43.3,33.9 / 112,32.5 / 116
5490,IA,Gold,F,73,75.3,108.1,139,37.9,37.4,37.9,142,37.4,136,54.7,53.4,37.9 / 142,37.4 / 136
5490,IA,White,F,73,72.0,99.5,117,36.4,35.6,36.4,118,35.6,115,50.3,49.2,36.4 / 118,35.6 / 115
5490,IA,Red,F,73,71.6,98.7,115,36.2,35.4,36.2,116,35.4,114,49.9,48.8,36.2 / 116,35.4 / 114
17967,IA,Blue,M,72,68.4,88.8,110,34.2,34.2,34.2,110,34.2,110,44.4,44.4,34.2 / 110,34.2 / 110
17967,IA,White,M,72,67.2,87.4,109,33.6,33.6,33.6,109,33.6,109,43.7,43.7,33.6 / 109,33.6 / 109
17967,IA,Gold,M,72,65.4,84.0,100,32.7,32.7,32.7,100,32.7,100,42.0,42.0,32.7 / 100,32.7 / 100
17967,IA,Gold,F,72,70.2,95.8,109,35.1,35.1,35.1,109,35.1,109,47.9,47.9,35.1 / 109,35.1 / 109
17967,IA,Red,F,72,68.0,93.2,107,34.0,34.0,34.0,107,34.0,107,46.6,46.6,34.0 / 107,34.0 / 107
2306,IA,Blue,M,70,67.8,90.4,122,33.9,33.9,33.9,122,33.9,122,45.2,45.2,33.9 / 122,33.9 / 122
2306,IA,White,M,70,67.2,89.0,117,33.6,33.6,33.6,117,33.6,117,44.5,44.5,33.6 / 117,33.6 / 117
2306,IA,Red,M,70,62.6,81.6,102,31.3,31.3,31.3,102,31.3,102,40.8,40.8,31.3 / 102,31.3 / 102
2306,IA,Blue,F,70,73.6,101.6,119,36.8,36.8,36.8,119,36.8,119,50.8,50.8,36.8 / 119,36.8 / 119
2306,IA,White,F,70,73.0,100.4,116,36.5,36.5,36.5,116,36.5,116,50.2,50.2,36.5 / 116,36.5 / 116
2306,IA,Red,F,70,68.2,94.2,110,34.1,34.1,34.1,110,34.1,110,47.1,47.1,34.1 / 110,34.1 / 110
5613,IA,Black,M,72,72.8,96.2,126,36.4,36.4,36.4,126,36.4,126,48.1,48.1,36.4 / 126,36.4 / 126
5613,IA,White/Blue Combo,M,72,70.2,92.2,119,35.0,35.2,35.0,122,35.2,115,46.3,45.9,35.0 / 122,35.2 / 115
5613,IA,Yellow,M,72,68.6,89.4,112,34.3,34.3,34.3,112,34.3,112,44.7,44.7,34.3 / 112,34.3 / 112
5613,IA,Red,M,72,64.0,84.4,110,32.0,32.0,32.0,110,32.0,110,42.2,42.2,32.0 / 110,32.0 / 110
5613,IA,Black,F,72,78.6,111.0,137,39.3,39.3,39.3,137,39.3,137,55.5,55.5,39.3 / 137,39.3 / 137
5613,IA,White/Blue Combo,F,72,75.5,106.2,131,37.8,37.7,37.8,131,37.7,130,53.2,53.0,37.8 / 131,37.7 / 130
5613,IA,Yellow,F,72,73.4,103.0,126,36.7,36.7,36.7,126,36.7,126,51.5,51.5,36.7 / 126,36.7 / 126
5613,IA,Red,F,72,69.4,96.0,113,34.7,34.7,34.7,113,34.7,113,48.0,48.0,34.7 / 113,34.7 / 113
2279,IA,Langford & Moreau,M,72,75.0,101.6,143,37.2,37.8,37.2,140,37.8,146,50.2,51.4,37.2 / 140,37.8 / 146
2279,IA,I,M,72,72.6,98.2,138,36.3,36.3,36.3,136,36.3,140,48.9,49.3,36.3 / 136,36.3 / 140
2279,IA,II,M,72,71.1,95.4,131,35.6,35.5,35.6,129,35.5,132,47.6,47.8,35.6 / 129,35.5 / 132
2279,IA,II.V,M,72,69.5,93.6,130,34.6,34.9,34.6,129,34.9,130,46.6,47.0,34.6 / 129,34.9 / 130
2279,IA,III,M,72,68.1,91.0,124,34.1,34.0,34.1,122,34.0,125,45.4,45.6,34.1 / 122,34.0 / 125
2279,IA,IV,M,72,65.1,87.3,120,32.8,32.3,32.8,116,32.3,124,43.6,43.8,32.8 / 116,32.3 / 124
2279,IA,V,M,72,62.4,83.2,112,31.3,31.2,31.3,105,31.2,119,41.1,42.3,31.3 / 105,31.2 / 119
2279,IA,Langford & Moreau,F,72,81.8,116.9,149,40.5,41.3,40.5,145,41.3,153,57.6,59.3,40.5 / 145,41.3 / 153
2279,IA,I,F,72,79.1,112.7,143,39.5,39.6,39.5,140,39.6,145,56.0,56.7,39.5 / 140,39.6 / 145
2279,IA,II,F,72,77.2,109.8,139,38.6,38.6,38.6,136,38.6,141,54.6,55.2,38.6 / 136,38.6 / 141
2279,IA,II.V,F,72,75.3,106.8,134,37.5,37.8,37.5,130,37.8,137,52.8,54.0,37.5 / 130,37.8 / 137
2279,IA,III,F,72,73.6,104.1,130,36.8,36.9,36.8,126,36.9,133,51.6,52.6,36.8 / 126,36.9 / 133
2279,IA,IV,F,72,70.2,98.8,122,35.3,34.9,35.3,118,34.9,125,49.2,49.6,35.3 / 118,34.9 / 125
2279,IA,V,F,72,65.9,92.5,113,32.9,33.0,32.9,109,33.0,117,45.7,46.8,32.9 / 109,33.0 / 117
5573,IA,Blue,M,69,66.2,86.9,112,32.8,33.4,32.8,111,33.4,112,43.1,43.8,32.8 / 111,33.4 / 112
5573,IA,Gold,M,69,63.4,83.1,106,31.5,31.9,31.5,104,31.9,108,41.2,41.9,31.5 / 104,31.9 / 108
5573,IA,Red,M,69,61.9,81.4,105,30.7,31.2,30.7,103,31.2,107,40.3,41.1,30.7 / 103,31.2 / 107
5573,IA,Blue,F,70,70.8,97.4,113,35.4,35.4,35.4,113,35.4,113,48.7,48.7,35.4 / 113,35.4 / 113
5573,IA,Gold,F,70,67.4,92.4,106,33.7,33.7,33.7,106,33.7,106,46.2,46.2,33.7 / 106,33.7 / 106
5573,IA,Red,F,70,65.2,89.2,102,32.6,32.6,32.6,102,32.6,102,44.6,44.6,32.6 / 102,32.6 / 102
18103,IA,Blue,M,72,69.4,90.2,112,34.7,34.7,34.7,112,34.7,112,45.1,45.1,34.7 / 112,34.7 / 112
18103,IA,White,M,72,68.2,87.8,105,34.1,34.1,34.1,105,34.1,105,43.9,43.9,34.1 / 105,34.1 / 105
18103,IA,Red,M,72,64.2,82.4,98,32.1,32.1,32.1,98,32.1,98,41.2,41.2,32.1 / 98,32.1 / 98
18103,IA,White,F,72,73.8,103.2,125,36.9,36.9,36.9,125,36.9,125,51.6,51.6,36.9 / 125,36.9 / 125
18103,IA,Red,F,72,68.2,96.0,118,34.1,34.1,34.1,118,34.1,118,48.0,48.0,34.1 / 118,34.1 / 118
24226,IA,Blue,M,66,63.4,82.0,104,31.7,31.7,31.7,104,31.7,104,41.0,41.0,31.7 / 104,31.7 / 104
24226,IA,White,M,70,61.8,81.4,104,30.9,30.9,30.9,104,30.9,104,40.7,40.7,30.9 / 104,30.9 / 104
24226,IA,Blue,F,66,67.6,93.4,109,33.8,33.8,33.8,109,33.8,109,46.7,46.7,33.8 / 109,33.8 / 109
24226,IA,White,F,70,65.2,88.6,99,32.6,32.6,32.6,99,32.6,99,44.3,44.3,32.6 / 99,32.6 / 99
2290,IA,Blue,M,70,68.6,90.8,119,34.3,34.3,34.3,119,34.3,119,45.4,45.4,34.3 / 119,34.3 / 119
2290,IA,White,M,70,66.8,88.6,117,33.4,33.4,33.4,117,33.4,117,44.3,44.3,33.4 / 117,33.4 / 117
2290,IA,Red,M,70,63.8,83.0,103,31.9,31.9,31.9,103,31.9,103,41.5,41.5,31.9 / 103,31.9 / 103
2290,IA,Blue,F,70,75.0,105.2,128,37.5,37.5,37.5,128,37.5,128,52.6,52.6,37.5 / 128,37.5 / 128
2290,IA,White,F,70,72.8,102.0,124,36.4,36.4,36.4,124,36.4,124,51.0,51.0,36.4 / 124,36.4 / 124
2290,IA,Red,F,70,68.4,94.2,109,34.2,34.2,34.2,109,34.2,109,47.1,47.1,34.2 / 109,34.2 / 109
23888,IA,Blue,M,70,68.4,89.8,115,34.2,34.2,34.2,115,34.2,115,44.9,44.9,34.2 / 115,34.2 / 115
23888,IA,White/Blue,M,70,67.6,88.7,114,33.4,34.2,33.4,112,34.2,115,43.8,44.9,33.4 / 112,34.2 / 115
23888,IA,White,M,70,66.8,87.6,112,33.4,33.4,33.4,112,33.4,112,43.8,43.8,33.4 / 112,33.4 / 112
23888,IA,Red/White,M,70,66.1,86.6,111,32.7,33.4,32.7,109,33.4,112,42.8,43.8,32.7 / 109,33.4 / 112
23888,IA,Red,M,70,65.4,85.6,109,32.7,32.7,32.7,109,32.7,109,42.8,42.8,32.7 / 109,32.7 / 109
23888,IA,Gold/Red,M,70,64.4,84.4,108,31.7,32.7,31.7,107,32.7,109,41.6,42.8,31.7 / 107,32.7 / 109
23888,IA,Gold,M,70,63.4,83.2,107,31.7,31.7,31.7,107,31.7,107,41.6,41.6,31.7 / 107,31.7 / 107
23888,IA,Blue,F,76,73.8,103.0,124,36.9,36.9,36.9,124,36.9,124,51.5,51.5,36.9 / 124,36.9 / 124
23888,IA,White/Blue,F,76,72.8,101.6,122,35.9,36.9,35.9,120,36.9,124,50.1,51.5,35.9 / 120,36.9 / 124
23888,IA,White,F,76,71.8,100.2,120,35.9,35.9,35.9,120,35.9,120,50.1,50.1,35.9 / 120,35.9 / 120
23888,IA,Red/White,F,76,71.1,99.0,118,35.2,35.9,35.2,116,35.9,120,48.9,50.1,35.2 / 116,35.9 / 120
23888,IA,Red,F,76,70.4,97.8,116,35.2,35.2,35.2,116,35.2,116,48.9,48.9,35.2 / 116,35.2 / 116
23888,IA,Gold/Red,F,76,69.4,95.7,112,34.2,35.2,34.2,107,35.2,116,46.8,48.9,34.2 / 107,35.2 / 116
23888,IA,Gold,F,76,68.4,93.6,107,34.2,34.2,34.2,107,34.2,107,46.8,46.8,34.2 / 107,34.2 / 107
14939,IA,Blue,M,72,71.2,94.6,126,35.3,35.9,35.3,126,35.9,126,47.0,47.6,35.3 / 126,35.9 / 126
14939,IA,Blue/White Combo,M,72,70.6,93.9,126,35.2,35.4,35.2,127,35.4,124,47.0,46.9,35.2 / 127,35.4 / 124
14939,IA,White,M,72,69.9,92.6,123,34.7,35.2,34.7,122,35.2,123,46.0,46.6,34.7 / 122,35.2 / 123
14939,IA,White/Gold Combo,M,72,67.5,89.4,118,34.0,33.5,34.0,117,33.5,118,44.9,44.5,34.0 / 117,33.5 / 118
14939,IA,Gold,M,72,66.3,87.5,114,33.6,32.7,33.6,114,32.7,114,44.2,43.3,33.6 / 114,32.7 / 114
14939,IA,Red,M,72,64.3,84.4,109,32.5,31.8,32.5,110,31.8,107,42.7,41.7,32.5 / 110,31.8 / 107
14939,IA,Blue,F,72,78.1,110.1,136,39.0,39.1,39.0,134,39.1,137,54.8,55.3,39.0 / 134,39.1 / 137
14939,IA,White,F,72,76.3,107.6,133,38.1,38.2,38.1,131,38.2,134,53.6,54.0,38.1 / 131,38.2 / 134
14939,IA,Gold,F,72,72.0,101.0,123,36.7,35.3,36.7,125,35.3,121,51.4,49.6,36.7 / 125,35.3 / 121
14939,IA,Red,F,72,69.4,97.1,118,35.3,34.1,35.3,120,34.1,115,49.4,47.7,35.3 / 120,34.1 / 115
8938,IA,Blue,M,70,68.5,91.2,123,33.2,35.3,33.2,121,35.3,124,44.4,46.8,33.2 / 121,35.3 / 124
8938,IA,Blue/White,M,70,68.1,90.0,118,32.9,35.2,32.9,115,35.2,121,43.6,46.4,32.9 / 115,35.2 / 121
8938,IA,White,M,70,66.5,88.2,117,32.4,34.1,32.4,113,34.1,120,42.9,45.3,32.4 / 113,34.1 / 120
8938,IA,Gold,M,70,63.9,84.9,113,31.2,32.7,31.2,112,32.7,114,41.6,43.3,31.2 / 112,32.7 / 114
8938,IA,Red,M,70,63.0,83.5,111,31.1,31.9,31.1,110,31.9,111,41.3,42.2,31.1 / 110,31.9 / 111
8938,IA,White,F,70,71.5,101.0,125,34.6,36.9,34.6,123,36.9,127,49.1,51.9,34.6 / 123,36.9 / 127
8938,IA,Gold,F,70,69.0,97.4,121,33.5,35.5,33.5,116,35.5,125,47.2,50.2,33.5 / 116,35.5 / 125
8938,IA,Red,F,70,67.6,95.1,117,33.0,34.6,33.0,114,34.6,120,46.4,48.7,33.0 / 114,34.6 / 120
5615,IA,Blue,M,72,68.8,90.4,116,34.4,34.4,34.4,116,34.4,116,45.2,45.2,34.4 / 116,34.4 / 116
5615,IA,White,M,72,67.0,87.6,111,33.5,33.5,33.5,111,33.5,111,43.8,43.8,33.5 / 111,33.5 / 111
5615,IA,Red,M,72,62.8,80.8,97,31.4,31.4,31.4,97,31.4,97,40.4,40.4,31.4 / 97,31.4 / 97
5615,IA,White,F,72,71.8,100.8,123,35.9,35.9,35.9,123,35.9,123,50.4,50.4,35.9 / 123,35.9 / 123
5615,IA,Red,F,72,66.2,91.4,107,33.1,33.1,33.1,107,33.1,107,45.7,45.7,33.1 / 107,33.1 / 107
2323,IA,Blue,M,72,71.0,93.4,121,35.5,35.5,35.5,121,35.5,121,46.7,46.7,35.5 / 121,35.5 / 121
2323,IA,White,M,72,69.6,91.8,119,34.8,34.8,34.8,119,34.8,119,45.9,45.9,34.8 / 119,34.8 / 119
2323,IA,Gold,M,72,67.2,88.6,115,33.6,33.6,33.6,115,33.6,115,44.3,44.3,33.6 / 115,33.6 / 115
2323,IA,Red,M,72,66.2,87.4,114,33.1,33.1,33.1,114,33.1,114,43.7,43.7,33.1 / 114,33.1 / 114
2323,IA,Gold,F,72,72.6,99.8,115,36.3,36.3,36.3,115,36.3,115,49.9,49.9,36.3 / 115,36.3 / 115
2323,IA,Red,F,72,72.0,98.6,113,36.0,36.0,36.0,113,36.0,113,49.3,49.3,36.0 / 113,36.0 / 113
2303,IA,Blue,M,71,70.6,93.7,125,35.3,35.3,35.3,125,35.3,124,46.9,46.8,35.3 / 125,35.3 / 124
2303,IA,White,M,71,69.0,91.9,124,34.8,34.2,34.8,124,34.2,123,46.3,45.6,34.8 / 124,34.2 / 123
2303,IA,Yellow,M,71,62.7,82.0,104,31.5,31.2,31.5,110,31.2,98,41.7,40.3,31.5 / 110,31.2 / 98
2303,IA,White,F,71,74.9,104.7,127,38.0,36.9,38.0,125,36.9,128,52.7,52.0,38.0 / 125,36.9 / 128
2303,IA,Red,F,71,67.1,92.8,109,34.1,33.0,34.1,109,33.0,109,46.9,45.9,34.1 / 109,33.0 / 109
2349,IA,Black,M,72,75.1,100.7,138,37.3,37.8,37.3,138,37.8,138,50.1,50.6,37.3 / 138,37.8 / 138
2349,IA,Gold,M,72,72.7,97.5,134,36.3,36.4,36.3,135,36.4,132,48.8,48.7,36.3 / 135,36.4 / 132
2349,IA,Gold-Silver,M,72,71.6,95.3,128,35.6,36.0,35.6,127,36.0,128,47.4,47.9,35.6 / 127,36.0 / 128
2349,IA,Silver,M,72,70.9,94.4,127,35.2,35.7,35.2,127,35.7,126,47.0,47.4,35.2 / 127,35.7 / 126
2349,IA,Green,M,72,67.6,89.7,119,33.9,33.7,33.9,115,33.7,123,44.6,45.1,33.9 / 115,33.7 / 123
2349,IA,Green-White,M,72,66.1,87.7,117,33.1,33.0,33.1,112,33.0,121,43.5,44.2,33.1 / 112,33.0 / 121
2349,IA,White,M,72,64.2,84.9,112,31.9,32.3,31.9,107,32.3,116,41.8,43.1,31.9 / 107,32.3 / 116
2349,IA,Green,F,72,72.8,101.8,123,36.5,36.3,36.5,121,36.3,125,50.8,51.0,36.5 / 121,36.3 / 125
2349,IA,Green-White,F,72,71.1,99.7,122,35.5,35.6,35.5,118,35.6,125,49.4,50.3,35.5 / 118,35.6 / 125
2349,IA,White,F,72,68.4,95.9,117,34.1,34.3,34.1,111,34.3,122,47.2,48.7,34.1 / 111,34.3 / 122
8389,IA,Pine,M,71,69.8,91.3,116,34.4,35.4,34.4,115,35.4,116,45.1,46.2,34.4 / 115,35.4 / 116
8389,IA,Maple,M,71,67.9,89.1,114,33.4,34.5,33.4,116,34.5,112,44.2,44.9,33.4 / 116,34.5 / 112
8389,IA,Hickory,M,71,66.5,86.9,110,32.6,33.9,32.6,109,33.9,111,42.7,44.2,32.6 / 109,33.9 / 111
8389,IA,Locust,F,71,68.2,94.3,111,32.9,35.3,32.9,108,35.3,114,45.6,48.7,32.9 / 108,35.3 / 114
5587,IA,Black,M,70,69.3,91.2,118,34.2,35.1,34.2,117,35.1,118,45.1,46.1,34.2 / 117,35.1 / 118
5587,IA,Blue,M,70,67.5,88.3,112,33.3,34.2,33.3,112,34.2,112,43.7,44.6,33.3 / 112,34.2 / 112
5587,IA,White,M,70,65.8,85.3,105,32.4,33.4,32.4,104,33.4,105,42.1,43.2,32.4 / 104,33.4 / 105
5587,IA,Silver,M,70,62.8,80.7,97,31.3,31.5,31.3,93,31.5,100,39.9,40.8,31.3 / 93,31.5 / 100
5587,IA,Red,M,70,61.9,79.1,93,30.9,31.0,30.9,91,31.0,94,39.4,39.7,30.9 / 91,31.0 / 94
5587,IA,Black,F,70,75.2,104.5,125,37.0,38.2,37.0,123,38.2,126,51.5,53.0,37.0 / 123,38.2 / 126
5587,IA,Blue,F,70,73.0,101.1,119,36.0,37.0,36.0,118,37.0,120,49.9,51.2,36.0 / 118,37.0 / 120
5587,IA,White,F,70,70.9,97.9,115,34.9,36.0,34.9,114,36.0,115,48.3,49.6,34.9 / 114,36.0 / 115
5587,IA,Silver,F,70,67.2,92.7,108,33.1,34.1,33.1,107,34.1,109,45.7,47.0,33.1 / 107,34.1 / 109
5587,IA,Red,F,70,65.7,90.2,104,32.5,33.2,32.5,102,33.2,106,44.5,45.7,32.5 / 102,33.2 / 106
5515,IA,Blue,M,72,70.2,92.4,119,35.1,35.1,35.1,119,35.1,119,46.2,46.2,35.1 / 119,35.1 / 119
5515,IA,White,M,72,68.6,89.6,113,34.3,34.3,34.3,113,34.3,113,44.8,44.8,34.3 / 113,34.3 / 113
5515,IA,Red/Gold,M,72,64.8,83.6,101,32.4,32.4,32.4,101,32.4,101,41.8,41.8,32.4 / 101,32.4 / 101
5515,IA,Blue,F,72,75.4,107.6,137,37.7,37.7,37.7,137,37.7,137,53.8,53.8,37.7 / 137,37.7 / 137
5515,IA,White,F,72,73.6,104.8,132,36.8,36.8,36.8,132,36.8,132,52.4,52.4,36.8 / 132,36.8 / 132
5515,IA,Red/Gold,F,72,68.4,96.6,120,34.2,34.2,34.2,120,34.2,120,48.3,48.3,34.2 / 120,34.2 / 120
26280,IA,Blue,M,66,63.0,81.8,101,31.5,31.5,31.5,101,31.5,101,40.9,40.9,31.5 / 101,31.5 / 101
26280,IA,White,M,66,62.0,80.6,100,31.0,31.0,31.0,100,31.0,100,40.3,40.3,31.0 / 100,31.0 / 100
26280,IA,Red,M,66,60.8,78.6,96,30.4,30.4,30.4,96,30.4,96,39.3,39.3,30.4 / 96,30.4 / 96
26280,IA,White,F,66,65.8,90.4,104,32.9,32.9,32.9,104,32.9,104,45.2,45.2,32.9 / 104,32.9 / 104
26280,IA,Red,F,66,63.6,87.2,100,31.8,31.8,31.8,100,31.8,100,43.6,43.6,31.8 / 100,31.8 / 100
26279,IA,Blue,M,72,70.4,92.6,119,35.2,35.2,35.2,119,35.2,119,46.3,46.3,35.2 / 119,35.2 / 119
26279,IA,White,M,72,68.8,90.6,117,34.4,34.4,34.4,117,34.4,117,45.3,45.3,34.4 / 117,34.4 / 117
26279,IA,Gold,M,72,67.8,89.2,115,33.9,33.9,33.9,115,33.9,115,44.6,44.6,33.9 / 115,33.9 / 115
26279,IA,Red,M,72,65.4,85.4,108,32.7,32.7,32.7,108,32.7,108,42.7,42.7,32.7 / 108,32.7 / 108
26279,IA,Gold,F,74,73.0,101.2,120,36.5,36.5,36.5,120,36.5,120,50.6,50.6,36.5 / 120,36.5 / 120
26279,IA,Red,F,74,70.6,97.2,113,35.3,35.3,35.3,113,35.3,113,48.6,48.6,35.3 / 113,35.3 / 113
26281,IA,Blue,M,70,68.0,90.4,121,34.0,34.0,34.0,121,34.0,121,45.2,45.2,34.0 / 121,34.0 / 121
26281,IA,White,M,70,66.2,87.8,115,33.1,33.1,33.1,115,33.1,115,43.9,43.9,33.1 / 115,33.1 / 115
26281,IA,Gold,M,70,65.4,86.4,113,32.7,32.7,32.7,113,32.7,113,43.2,43.2,32.7 / 113,32.7 / 113
26281,IA,Red,M,70,63.6,83.0,104,31.8,31.8,31.8,104,31.8,104,41.5,41.5,31.8 / 104,31.8 / 104
26281,IA,Gold,F,72,70.2,97.8,117,35.1,35.1,35.1,117,35.1,117,48.9,48.9,35.1 / 117,35.1 / 117
26281,IA,Red,F,72,68.4,94.0,109,34.2,34.2,34.2,109,34.2,109,47.0,47.0,34.2 / 109,34.2 / 109
26287,IA,Blue,M,68,65.5,86.1,111,34.0,31.5,34.0,121,31.5,101,45.2,40.9,34.0 / 121,31.5 / 101
26287,IA,White,M,68,64.1,84.1,108,33.1,31.0,33.1,115,31.0,100,43.8,40.3,33.1 / 115,31.0 / 100
26287,IA,Gold/White,M,68,63.7,83.5,107,32.7,31.0,32.7,113,31.0,100,43.2,40.3,32.7 / 113,31.0 / 100
26287,IA,Red,M,68,62.2,80.8,100,31.8,30.4,31.8,104,30.4,96,41.5,39.3,31.8 / 104,30.4 / 96
26287,IA,Gold/White,F,69,68.0,94.1,111,35.1,32.9,35.1,117,32.9,104,48.9,45.2,35.1 / 117,32.9 / 104
26287,IA,Red,F,69,66.0,90.6,105,34.2,31.8,34.2,109,31.8,100,47.0,43.6,34.2 / 109,31.8 / 100
26286,IA,Blue,M,71,69.2,91.5,120,34.0,35.2,34.0,121,35.2,119,45.2,46.3,34.0 / 121,35.2 / 119
26286,IA,White,M,71,67.5,89.1,116,33.1,34.4,33.1,115,34.4,117,43.8,45.3,33.1 / 115,34.4 / 117
26286,IA,Gold,M,71,66.6,87.8,114,32.7,33.9,32.7,113,33.9,115,43.2,44.6,32.7 / 113,33.9 / 115
26286,IA,Red,M,71,64.5,84.2,106,31.8,32.7,31.8,104,32.7,108,41.5,42.7,31.8 / 104,32.7 / 108
26286,IA,Gold,F,73,71.6,99.5,119,35.1,36.5,35.1,117,36.5,120,48.9,50.6,35.1 / 117,36.5 / 120
26286,IA,Red,F,73,69.5,95.6,111,34.2,35.3,34.2,109,35.3,113,47.0,48.6,34.2 / 109,35.3 / 113
2357,IA,Blue,M,70,67.4,88.2,112,33.7,33.7,33.7,112,33.7,112,44.1,44.1,33.7 / 112,33.7 / 112
2357,IA,White,M,70,66.2,86.4,109,33.1,33.1,33.1,109,33.1,109,43.2,43.2,33.1 / 109,33.1 / 109
2357,IA,Red,M,72,63.2,82.2,102,31.6,31.6,31.6,102,31.6,102,41.1,41.1,31.6 / 102,31.6 / 102
2357,IA,Red,F,72,69.0,94.2,107,34.5,34.5,34.5,107,34.5,107,47.1,47.1,34.5 / 107,34.5 / 107
5523,IA,Black,M,72,71.2,94.4,125,35.6,35.6,35.6,125,35.6,125,47.2,47.2,35.6 / 125,35.6 / 125
5523,IA,Blue,M,72,69.8,92.8,124,34.9,34.9,34.9,124,34.9,124,46.4,46.4,34.9 / 124,34.9 / 124
5523,IA,White,M,72,67.2,89.2,118,33.6,33.6,33.6,118,33.6,118,44.6,44.6,33.6 / 118,33.6 / 118
5523,IA,Red,M,72,64.8,86.0,114,32.4,32.4,32.4,114,32.4,114,43.0,43.0,32.4 / 114,32.4 / 114
5523,IA,Black,F,72,77.4,108.8,133,38.7,38.7,38.7,133,38.7,133,54.4,54.4,38.7 / 133,38.7 / 133
5523,IA,Blue,F,72,75.8,106.2,129,37.9,37.9,37.9,129,37.9,129,53.1,53.1,37.9 / 129,37.9 / 129
5523,IA,White,F,72,73.0,102.2,124,36.5,36.5,36.5,124,36.5,124,51.1,51.1,36.5 / 124,36.5 / 124
5523,IA,Red,F,72,70.4,98.2,118,35.2,35.2,35.2,118,35.2,118,49.1,49.1,35.2 / 118,35.2 / 118
34204,IA,Blue,M,72,70.2,93.0,123,35.1,35.1,35.1,123,35.1,123,46.5,46.5,35.1 / 123,35.1 / 123
34204,IA,White,M,72,68.4,90.6,119,34.2,34.2,34.2,119,34.2,119,45.3,45.3,34.2 / 119,34.2 / 119
34204,IA,Gold,M,72,67.4,89.2,117,33.7,33.7,33.7,117,33.7,117,44.6,44.6,33.7 / 117,33.7 / 117
34204,IA,Red,M,72,64.4,84.0,105,32.2,32.2,32.2,105,32.2,105,42.0,42.0,32.2 / 105,32.2 / 105
34204,IA,Blue,F,72,76.0,106.3,129,38.0,38.0,38.0,129,38.0,129,53.2,53.2,38.0 / 129,38.0 / 129
34204,IA,White,F,72,73.6,102.7,124,36.8,36.8,36.8,124,36.8,124,51.4,51.4,36.8 / 124,36.8 / 124
34204,IA,Gold,F,72,72.8,101.6,121,36.4,36.4,36.4,121,36.4,121,50.7,50.7,36.4 / 121,36.4 / 121
34204,IA,Red,F,72,69.2,96.6,116,34.6,34.6,34.6,116,34.6,116,48.3,48.3,34.6 / 116,34.6 / 116
35926,IA,Black,M,58,57.2,72.6,83,28.6,28.6,28.6,83,28.6,83,36.3,36.3,28.6 / 83,28.6 / 83
35926,IA,White,M,58,56.2,71.2,81,28.1,28.1,28.1,81,28.1,81,35.6,35.6,28.1 / 81,28.1 / 81
35926,IA,Black,F,58,59.4,80.8,91,29.7,29.7,29.7,91,29.7,91,40.4,40.4,29.7 / 91,29.7 / 91
35926,IA,White,F,58,58.4,79.6,90,29.2,29.2,29.2,90,29.2,90,39.8,39.8,29.2 / 90,29.2 / 90
2283,IA,Black,M,71,67.9,89.1,115,33.0,34.9,33.0,107,34.9,122,42.9,46.2,33.0 / 107,34.9 / 122
2283,IA,Gold,M,71,65.9,85.6,106,32.2,33.7,32.2,103,33.7,109,41.8,43.8,32.2 / 103,33.7 / 109
2283,IA,White,M,71,64.0,82.6,100,31.0,33.0,31.0,96,33.0,104,39.9,42.7,31.0 / 96,33.0 / 104
2283,IA,Black,F,71,73.0,101.2,120,35.4,37.6,35.4,111,37.6,128,48.5,52.7,35.4 / 111,37.6 / 128
2283,IA,Gold,F,71,70.7,97.2,113,34.5,36.2,34.5,106,36.2,119,47.0,50.2,34.5 / 106,36.2 / 119
2283,IA,White,F,71,68.3,93.2,106,33.1,35.2,33.1,101,35.2,110,45.0,48.2,33.1 / 101,35.2 / 110
24093,IA,Blue,M,70,68.8,89.2,110,34.4,34.4,34.4,110,34.4,110,44.6,44.6,34.4 / 110,34.4 / 110
24093,IA,White,M,70,67.2,86.8,105,33.6,33.6,33.6,105,33.6,105,43.4,43.4,33.6 / 105,33.6 / 105
24093,IA,White/Gold,M,70,64.6,83.6,102,32.3,32.3,32.3,102,32.3,102,41.8,41.8,32.3 / 102,32.3 / 102
24093,IA,Gold,M,70,63.2,81.6,99,31.6,31.6,31.6,99,31.6,99,40.8,40.8,31.6 / 99,31.6 / 99
24093,IA,Blue,F,70,74.2,102.6,120,37.1,37.1,37.1,120,37.1,120,51.3,51.3,37.1 / 120,37.1 / 120
24093,IA,White,F,70,72.4,100.0,117,36.2,36.2,36.2,117,36.2,117,50.0,50.0,36.2 / 117,36.2 / 117
24093,IA,White/Gold Combo,F,70,69.4,96.0,113,34.7,34.7,34.7,113,34.7,113,48.0,48.0,34.7 / 113,34.7 / 113
24093,IA,Gold,F,70,67.6,93.6,110,33.8,33.8,33.8,110,33.8,110,46.8,46.8,33.8 / 110,33.8 / 110
