course_id,state,tee_name,gender,par,course_rating,bogey_rating,slope_rating,rating_f9,rating_b9,front9_rating,front9_slope,back9_rating,back9_slope,bogey_f9,bogey_b9,front9_raw,back9_raw
8985,GA,Gold,M,72,74.2,100.4,141,37.1,37.1,37.1,140,37.1,142,50.1,50.3,37.1 / 140,37.1 / 142
8985,GA,Blue,M,72,71.6,96.7,135,36.1,35.5,36.1,131,35.5,139,48.3,48.4,36.1 / 131,35.5 / 139
8985,GA,Birch,M,72,70.1,94.5,132,34.9,35.2,34.9,128,35.2,135,46.8,47.7,34.9 / 128,35.2 / 135
8985,GA,White,M,72,68.6,92.0,126,34.5,34.1,34.5,124,34.1,128,46.0,46.0,34.5 / 124,34.1 / 128
8985,GA,Yellow,M,72,66.5,88.9,120,33.4,33.1,33.4,120,33.1,120,44.6,44.3,33.4 / 120,33.1 / 120
8985,GA,Red,M,72,64.4,85.4,113,32.6,31.8,32.6,111,31.8,115,42.9,42.5,32.6 / 111,31.8 / 115
8985,GA,White,F,72,74.3,107.3,140,37.2,37.1,37.2,140,37.1,140,53.7,53.6,37.2 / 140,37.1 / 140
8985,GA,Yellow,F,72,71.4,103.5,136,36.1,35.3,36.1,134,35.3,138,51.9,51.6,36.1 / 134,35.3 / 138
8985,GA,Red,F,72,68.6,98.6,127,34.9,33.7,34.9,127,33.7,127,49.9,48.7,34.9 / 127,33.7 / 127
8985,GA,Silver,F,72,66.5,95.5,123,33.8,32.7,33.8,123,32.7,123,48.3,47.2,33.8 / 123,32.7 / 123
30514,GA,Blue,M,72,70.0,93.2,125,35.6,34.4,35.6,126,34.4,124,47.3,45.9,35.6 / 126,34.4 / 124
30514,GA,White,M,72,69.0,91.6,122,35.2,33.8,35.2,123,33.8,121,46.6,45.0,35.2 / 123,33.8 / 121
30514,GA,Silver,M,72,64.8,86.0,114,32.5,32.3,32.5,115,32.3,113,43.2,42.8,32.5 / 115,32.3 / 113
30514,GA,Blue,F,73,75.2,105.9,130,38.0,37.2,38.0,132,37.2,128,53.6,52.3,38.0 / 132,37.2 / 128
30514,GA,White,F,72,74.0,103.7,126,37.6,36.4,37.6,127,36.4,125,52.6,51.1,37.6 / 127,36.4 / 125
30514,GA,Silver,F,72,68.8,95.4,113,34.6,34.2,34.6,114,34.2,112,48.0,47.4,34.6 / 114,34.2 / 112
9134,GA,Gold,M,72,73.6,99.4,139,36.6,37.0,36.6,138,37.0,140,49.4,50.0,36.6 / 138,37.0 / 140
9134,GA,Chairman's,M,72,72.3,97.7,137,36.0,36.3,36.0,136,36.3,138,48.6,49.1,36.0 / 136,36.3 / 138
9134,GA,Blue,M,72,71.8,97.0,136,35.7,36.1,35.7,135,36.1,137,48.2,48.8,35.7 / 135,36.1 / 137
9134,GA,Captain's,M,72,70.1,94.5,131,35.0,35.1,35.0,131,35.1,131,47.2,47.3,35.0 / 131,35.1 / 131
9134,GA,White,M,72,68.4,92.0,127,34.2,34.2,34.2,128,34.2,126,46.1,45.9,34.2 / 128,34.2 / 126
9134,GA,Red,M,72,66.5,88.6,119,33.0,33.5,33.0,120,33.5,118,44.1,44.5,33.0 / 120,33.5 / 118
9134,GA,Blue,F,72,78.1,111.4,141,38.8,39.3,38.8,139,39.3,143,55.2,56.2,38.8 / 139,39.3 / 143
9134,GA,White,F,72,73.9,105.5,134,36.8,37.1,36.8,134,37.1,134,52.6,52.9,36.8 / 134,37.1 / 134
9134,GA,Red,F,72,71.8,102.5,130,35.7,36.1,35.7,128,36.1,132,50.8,51.7,35.7 / 128,36.1 / 132
9065,GA,Black,M,72,76.6,105.2,154,38.6,38.0,38.6,155,38.0,153,53.0,52.2,38.6 / 155,38.0 / 153
9065,GA,Gold,M,72,75.0,102.8,150,38.0,37.0,38.0,151,37.0,149,52.0,50.8,38.0 / 151,37.0 / 149
9065,GA,Silver,M,72,72.4,99.4,145,36.8,35.6,36.8,146,35.6,144,50.4,49.0,36.8 / 146,35.6 / 144
9065,GA,Blue,M,72,70.7,96.7,140,35.6,35.1,35.6,142,35.1,138,48.8,47.9,35.6 / 142,35.1 / 138
9065,GA,White,M,72,68.9,93.5,132,34.7,34.2,34.7,132,34.2,132,47.0,46.5,34.7 / 132,34.2 / 132
9065,GA,Red,M,72,65.3,87.7,121,33.0,32.3,33.0,122,32.3,119,44.3,43.4,33.0 / 122,32.3 / 119
9065,GA,Silver,F,72,79.4,116.0,155,40.0,39.4,40.0,155,39.4,155,58.3,57.7,40.0 / 155,39.4 / 155
9065,GA,Blue,F,72,77.0,112.6,151,38.9,38.1,38.9,152,38.1,150,56.8,55.8,38.9 / 152,38.1 / 150
9065,GA,White,F,72,74.9,108.8,144,37.6,37.3,37.6,146,37.3,142,54.8,54.0,37.6 / 146,37.3 / 142
9065,GA,Red,F,72,71.4,102.5,132,36.0,35.4,36.0,133,35.4,131,51.7,50.8,36.0 / 133,35.4 / 131
9000,GA,Blue,M,72,69.9,92.0,119,35.9,34.0,35.9,123,34.0,115,47.3,44.7,35.9 / 123,34.0 / 115
9000,GA,White,M,72,67.0,87.4,110,34.2,32.8,34.2,113,32.8,107,44.7,42.7,34.2 / 113,32.8 / 107
9000,GA,Gold,M,72,63.7,83.0,104,32.1,31.6,32.1,109,31.6,99,42.2,40.8,32.1 / 109,31.6 / 99
9000,GA,Blue,F,72,74.7,106.8,136,38.1,36.6,38.1,144,36.6,128,55.1,51.7,38.1 / 144,36.6 / 128
9000,GA,White,F,72,72.1,102.3,128,36.8,35.3,36.8,133,35.3,123,52.5,49.8,36.8 / 133,35.3 / 123
9000,GA,Gold,F,72,68.1,95.9,118,34.5,33.6,34.5,124,33.6,112,49.1,46.8,34.5 / 124,33.6 / 112
9000,GA,Red,F,72,67.7,95.1,116,34.3,33.4,34.3,122,33.4,110,48.7,46.4,34.3 / 122,33.4 / 110
9202,GA,Blue,M,72,71.8,96.0,130,36.4,35.4,36.4,131,35.4,129,48.6,47.4,36.4 / 131,35.4 / 129
9202,GA,White,M,72,69.4,92.2,123,35.2,34.2,35.2,124,34.2,122,46.7,45.5,35.2 / 124,34.2 / 122
9202,GA,Gold,M,72,67.1,89.2,119,33.8,33.3,33.8,121,33.3,117,45.0,44.2,33.8 / 121,33.3 / 117
9202,GA,Red,M,72,62.8,82.5,106,31.6,31.2,31.6,109,31.2,103,41.7,40.8,31.6 / 109,31.2 / 103
9202,GA,Gold,F,72,71.7,101.1,125,36.3,35.4,36.3,125,35.4,125,51.0,50.1,36.3 / 125,35.4 / 125
9202,GA,Red,F,72,67.1,93.7,113,33.9,33.2,33.9,113,33.2,113,47.2,46.5,33.9 / 113,33.2 / 113
9048,GA,White/Blue,M,72,70.7,92.5,117,35.1,35.6,35.1,116,35.6,118,45.9,46.6,35.1 / 116,35.6 / 118
9048,GA,White/White,M,72,70.2,91.8,116,35.1,35.1,35.1,116,35.1,116,45.9,45.9,35.1 / 116,35.1 / 116
9048,GA,Green/Green,M,72,68.6,89.2,111,34.3,34.3,34.3,111,34.3,111,44.6,44.6,34.3 / 111,34.3 / 111
9048,GA,Yellow/Yellow,M,72,65.8,85.4,105,32.9,32.9,32.9,105,32.9,105,42.7,42.7,32.9 / 105,32.9 / 105
9048,GA,Red/Red,F,72,67.0,92.6,109,33.5,33.5,33.5,109,33.5,109,46.3,46.3,33.5 / 109,33.5 / 109
8950,GA,Black,M,72,72.6,97.6,135,36.1,36.5,36.1,135,36.5,135,48.6,49.0,36.1 / 135,36.5 / 135
8950,GA,Blue,M,72,71.1,95.3,130,35.4,35.7,35.4,131,35.7,129,47.6,47.7,35.4 / 131,35.7 / 129
8950,GA,White,M,72,69.3,92.8,127,34.5,34.8,34.5,126,34.8,127,46.2,46.6,34.5 / 126,34.8 / 127
8950,GA,Gold,M,72,66.5,87.2,112,33.0,33.5,33.0,111,33.5,112,43.3,43.9,33.0 / 111,33.5 / 112
8950,GA,Red,M,72,65.6,86.0,110,32.4,33.2,32.4,110,33.2,110,42.6,43.4,32.4 / 110,33.2 / 110
8950,GA,White,F,72,73.8,103.4,126,36.9,36.9,36.9,131,36.9,120,52.3,51.1,36.9 / 131,36.9 / 120
8950,GA,Gold,F,72,72.9,103.8,131,36.1,36.8,36.1,133,36.8,129,51.8,52.0,36.1 / 133,36.8 / 129
8950,GA,Red,F,72,69.8,98.4,121,34.6,35.2,34.6,120,35.2,122,48.8,49.6,34.6 / 120,35.2 / 122
9265,GA,Black,M,72,73.1,99.1,140,36.8,36.3,36.8,143,36.3,137,50.1,49.0,36.8 / 143,36.3 / 137
9265,GA,Tournament,M,72,71.8,97.6,139,35.9,35.9,35.9,141,35.9,137,49.0,48.6,35.9 / 141,35.9 / 137
9265,GA,Blue,M,72,70.2,95.1,134,35.0,35.2,35.0,135,35.2,133,47.5,47.6,35.0 / 135,35.2 / 133
9265,GA,White,M,72,68.6,92.8,130,34.3,34.3,34.3,130,34.3,130,46.4,46.4,34.3 / 130,34.3 / 130
9265,GA,Super Seniors,M,72,66.8,90.2,126,33.6,33.2,33.6,127,33.2,125,45.4,44.8,33.6 / 127,33.2 / 125
9265,GA,Gold,M,72,64.9,86.9,118,32.3,32.6,32.3,117,32.6,119,43.2,43.7,32.3 / 117,32.6 / 119
9265,GA,Green,M,72,63.3,84.9,116,31.4,31.9,31.4,114,31.9,118,42.0,42.9,31.4 / 114,31.9 / 118
9265,GA,Blue,F,72,75.9,111.0,149,37.7,38.2,37.7,150,38.2,148,55.4,55.6,37.7 / 150,38.2 / 148
9265,GA,White,F,72,73.9,107.9,144,36.5,37.4,36.5,145,37.4,143,53.6,54.3,36.5 / 145,37.4 / 143
9265,GA,Lady Players,F,72,71.7,103.1,133,35.5,36.2,35.5,132,36.2,134,51.1,52.0,35.5 / 132,36.2 / 134
9265,GA,Gold,F,72,70.1,100.5,129,34.8,35.3,34.8,128,35.3,130,49.9,50.6,34.8 / 128,35.3 / 130
9265,GA,Green,F,72,67.0,95.6,121,33.3,33.7,33.3,122,33.7,120,47.7,47.9,33.3 / 122,33.7 / 120
15059,GA,Blue,M,71,73.6,99.2,138,37.4,36.2,37.4,140,36.2,136,50.4,48.8,37.4 / 140,36.2 / 136
15059,GA,White,M,71,71.3,95.9,132,35.9,35.4,35.9,133,35.4,131,48.3,47.6,35.9 / 133,35.4 / 131
15059,GA,Gold,M,71,67.1,89.5,121,34.0,33.1,34.0,122,33.1,119,45.3,44.2,34.0 / 122,33.1 / 119
15059,GA,Red,M,71,63.8,86.7,116,32.9,32.2,32.9,117,32.2,115,43.8,42.9,32.9 / 117,32.2 / 115
15059,GA,Green,M,72,62.7,83.3,111,31.7,31.0,31.7,112,31.0,110,42.1,41.2,31.7 / 112,31.0 / 110
15059,GA,White,F,74,76.3,109.5,141,39.2,37.1,39.2,143,37.1,138,56.1,53.4,39.2 / 143,37.1 / 138
15059,GA,Gold,F,74,73.0,103.8,131,36.6,36.4,36.6,131,36.4,131,52.0,51.8,36.6 / 131,36.4 / 131
15059,GA,Red,F,74,69.9,99.0,124,35.3,34.6,35.3,124,34.6,123,49.9,49.1,35.3 / 124,34.6 / 123
15059,GA,Green,F,72,67.1,94.8,118,33.8,33.3,33.8,118,33.3,117,47.7,47.1,33.8 / 118,33.3 / 117
15058,GA,Blue,M,71,72.6,97.8,136,36.2,36.4,36.2,136,36.4,136,48.8,49.0,36.2 / 136,36.4 / 136
15058,GA,White,M,71,70.4,93.8,130,35.0,35.4,35.0,129,35.4,131,47.0,47.6,35.0 / 129,35.4 / 131
15058,GA,Gold,M,71,67.4,90.2,123,33.1,34.3,33.1,119,34.3,126,44.2,46.0,33.1 / 119,34.3 / 126
15058,GA,Red,M,71,64.7,84.1,118,32.2,32.5,32.2,115,32.5,121,42.9,43.7,32.2 / 115,32.5 / 121
15058,GA,Green,M,72,62.0,83.0,113,31.0,31.0,31.0,110,31.0,116,41.2,41.8,31.0 / 110,31.0 / 116
15058,GA,White,F,73,76.3,109.5,141,37.1,39.2,37.1,138,39.2,143,53.4,56.1,37.1 / 138,39.2 / 143
15058,GA,Gold,F,73,73.0,103.8,131,36.4,36.6,36.4,128,36.6,133,51.5,52.3,36.4 / 128,36.6 / 133
15058,GA,Red,F,73,69.9,99.0,124,34.6,35.3,34.6,123,35.3,124,49.1,49.9,34.6 / 123,35.3 / 124
15058,GA,Green,F,72,66.7,94.4,118,33.3,33.4,33.3,117,33.4,118,47.1,47.3,33.3 / 117,33.4 / 118
15057,GA,Blue,M,72,74.0,99.5,138,36.4,37.4,36.4,136,37.4,140,49.0,50.4,36.4 / 136,37.4 / 140
15057,GA,Blue/White,M,72,72.8,97.9,135,36.0,36.8,36.0,136,36.8,135,48.6,49.3,36.0 / 136,36.8 / 135
15057,GA,White,M,72,71.3,95.9,132,35.4,35.9,35.4,132,35.9,132,47.7,48.2,35.4 / 132,35.9 / 132
15057,GA,White/Gold,M,72,70.1,93.9,129,34.8,35.3,34.8,128,35.3,130,46.7,47.4,34.8 / 128,35.3 / 130
15057,GA,Gold,M,72,68.3,91.3,124,34.3,34.0,34.3,126,34.0,122,46.0,45.3,34.3 / 126,34.0 / 122
15057,GA,Gold/Red,M,72,66.6,89.3,122,33.1,33.5,33.1,124,33.5,120,44.6,44.7,33.1 / 124,33.5 / 120
15057,GA,Red,M,72,65.4,87.5,119,32.5,32.9,32.5,121,32.9,117,43.7,43.8,32.5 / 121,32.9 / 117
15057,GA,Green,M,72,62.7,83.9,114,31.0,31.7,31.0,116,31.7,112,41.8,42.1,31.0 / 116,31.7 / 112
15057,GA,White,F,75,77.6,111.1,142,38.4,39.2,38.4,141,39.2,143,55.0,56.1,38.4 / 141,39.2 / 143
15057,GA,Gold,F,75,73.4,104.7,133,36.8,36.6,36.8,135,36.6,131,52.7,52.0,36.8 / 135,36.6 / 131
15057,GA,Red,F,75,69.9,99.0,124,34.8,35.1,34.8,124,35.1,123,49.4,49.6,34.8 / 124,35.1 / 123
15057,GA,Red/Green,F,72,68.5,96.9,121,34.2,34.3,34.2,121,34.3,120,48.5,48.4,34.2 / 121,34.3 / 120
15057,GA,Green,F,72,67.2,95.0,118,33.4,33.8,33.4,118,33.8,118,47.3,47.7,33.4 / 118,33.8 / 118
9088,GA,Champ,M,72,77.4,105.6,152,38.4,39.0,38.4,149,39.0,155,52.2,53.4,38.4 / 149,39.0 / 155
9088,GA,Gold,M,72,76.1,103.8,149,38.0,38.1,38.0,145,38.1,153,51.5,52.3,38.0 / 145,38.1 / 153
9088,GA,Scratch,M,72,74.8,101.8,145,37.2,37.6,37.2,143,37.6,147,50.5,51.3,37.2 / 143,37.6 / 147
9088,GA,Blue,M,72,74.1,100.5,142,36.9,37.2,36.9,139,37.2,145,49.8,50.7,36.9 / 139,37.2 / 145
9088,GA,Tournament,M,72,72.6,98.4,139,36.3,36.3,36.3,136,36.3,142,48.9,49.5,36.3 / 136,36.3 / 142
9088,GA,White,M,72,71.5,96.6,135,35.6,35.9,35.6,132,35.9,138,47.9,48.7,35.6 / 132,35.9 / 138
9088,GA,Club,M,72,70.2,94.7,132,34.8,35.4,34.8,129,35.4,135,46.8,47.9,34.8 / 129,35.4 / 135
9088,GA,Green,M,72,69.0,92.8,128,34.1,34.9,34.1,125,34.9,131,45.7,47.1,34.1 / 125,34.9 / 131
9088,GA,Green/Black,M,72,67.5,90.6,125,33.6,33.9,33.6,122,33.9,128,44.9,45.7,33.6 / 122,33.9 / 128
9088,GA,Black,M,72,66.4,89.3,123,33.0,33.4,33.0,119,33.4,127,44.1,45.2,33.0 / 119,33.4 / 127
9088,GA,Silver,M,72,65.2,87.3,119,32.2,33.0,32.2,117,33.0,121,43.1,44.2,32.2 / 117,33.0 / 121
9088,GA,Blue,F,72,81.0,117.4,154,40.4,40.6,40.4,155,40.6,153,58.8,58.6,40.4 / 155,40.6 / 153
9088,GA,Blue/White,F,72,79.4,115.3,152,39.6,39.8,39.6,150,39.8,154,57.3,58.0,39.6 / 150,39.8 / 154
9088,GA,White,F,72,77.9,113.2,150,38.9,39.0,38.9,147,39.0,153,56.2,57.0,38.9 / 147,39.0 / 153
9088,GA,Green,F,72,74.7,108.4,143,37.3,37.4,37.3,140,37.4,146,53.8,54.6,37.3 / 140,37.4 / 146
9088,GA,Women's Tournament,F,72,73.3,105.4,136,36.5,36.8,36.5,135,36.8,137,52.4,53.0,36.5 / 135,36.8 / 137
9088,GA,Black,F,72,71.8,102.9,132,35.5,36.3,35.5,129,36.3,135,50.7,52.2,35.5 / 129,36.3 / 135
9088,GA,Silver,F,72,70.1,100.5,129,34.7,35.4,34.7,126,35.4,132,49.5,51.0,34.7 / 126,35.4 / 132
32548,GA,Long Course,M,27,25.4,31.9,70,25.4,,25.4,70,,,31.9,,25.4 / 70,/
32548,GA,Short Course,M,27,24.8,30.9,66,24.8,,24.8,66,,,30.9,,24.8 / 66,/
32548,GA,Long Course,F,27,26.7,35.6,75,26.7,,26.7,75,,,35.6,,26.7 / 75,/
32548,GA,Short Course,F,27,26.0,34.4,71,26.0,,26.0,71,,,34.4,,26.0 / 71,/
8922,GA,Gold,M,71,74.9,101.1,141,37.3,37.6,37.3,138,37.6,144,50.1,51.0,37.3 / 138,37.6 / 144
8922,GA,Scratch,M,71,73.9,99.7,139,36.7,37.2,36.7,136,37.2,142,49.3,50.4,36.7 / 136,37.2 / 142
8922,GA,Blue,M,71,73.2,98.6,137,36.4,36.8,36.4,134,36.8,140,48.8,49.8,36.4 / 134,36.8 / 140
8922,GA,Tournament,M,71,71.8,96.9,135,35.8,36.0,35.8,132,36.0,138,48.1,48.8,35.8 / 132,36.0 / 138
8922,GA,White,M,71,70.6,95.3,133,35.2,35.4,35.2,130,35.4,136,47.3,48.0,35.2 / 130,35.4 / 136
8922,GA,Club,M,71,69.3,93.5,130,34.3,35.0,34.3,128,35.0,132,46.2,47.3,34.3 / 128,35.0 / 132
8922,GA,Green,M,71,67.5,90.7,125,33.6,33.9,33.6,125,33.9,125,45.2,45.5,33.6 / 125,33.9 / 125
8922,GA,Green/Black,M,71,65.9,88.9,124,32.7,33.2,32.7,123,33.2,125,44.1,44.8,32.7 / 123,33.2 / 125
8922,GA,Black,M,71,64.9,87.5,122,32.3,32.6,32.3,122,32.6,122,43.6,43.9,32.3 / 122,32.6 / 122
8922,GA,Blue,F,71,79.7,114.4,147,39.7,40.0,39.7,149,40.0,145,57.3,57.1,39.7 / 149,40.0 / 145
8922,GA,Blue/White,F,71,78.1,111.8,143,38.9,39.2,38.9,145,39.2,141,56.0,55.8,38.9 / 145,39.2 / 141
8922,GA,White,F,71,76.9,110.2,141,38.3,38.6,38.3,142,38.6,140,55.1,55.1,38.3 / 142,38.6 / 140
8922,GA,Green,F,71,73.1,104.3,132,36.3,36.8,36.3,132,36.8,132,51.9,52.4,36.3 / 132,36.8 / 132
8922,GA,Tournament,F,71,71.7,102.1,129,35.3,36.4,35.3,128,36.4,130,50.4,51.7,35.3 / 128,36.4 / 130
8922,GA,Black,F,71,69.9,99.3,125,34.5,35.4,34.5,124,35.4,126,49.1,50.2,34.5 / 124,35.4 / 126
9282,GA,Black,M,72,74.8,101.8,145,37.5,37.3,37.5,146,37.3,144,51.1,50.7,37.5 / 146,37.3 / 144
9282,GA,Gold,M,72,73.2,99.6,142,36.8,36.4,36.8,144,36.4,140,50.2,49.4,36.8 / 144,36.4 / 140
9282,GA,Gold/Green,M,72,72.1,97.5,139,36.4,35.7,36.4,140,35.7,138,49.4,48.5,36.4 / 140,35.7 / 138
9282,GA,Green,M,72,71.2,96.6,137,35.3,35.9,35.3,138,35.9,136,48.1,48.5,35.3 / 138,35.9 / 136
9282,GA,Green/White,M,72,69.9,94.8,134,34.7,35.2,34.7,136,35.2,132,47.3,47.5,34.7 / 136,35.2 / 132
9282,GA,White,M,72,69.2,93.7,132,34.4,34.8,34.4,134,34.8,130,46.8,46.9,34.4 / 134,34.8 / 130
9282,GA,White/Silver,M,72,68.0,91.8,128,34.1,33.9,34.1,128,33.9,128,46.0,45.8,34.1 / 128,33.9 / 128
9282,GA,Silver,M,72,66.5,89.2,122,33.3,33.2,33.3,123,33.2,121,44.8,44.4,33.3 / 123,33.2 / 121
9282,GA,Silver/Blue,M,72,65.2,87.0,117,32.6,32.6,32.6,118,32.6,116,43.6,43.4,32.6 / 118,32.6 / 116
9282,GA,Blue,M,72,64.1,84.9,112,32.2,31.9,32.2,113,31.9,111,42.7,42.2,32.2 / 113,31.9 / 111
9282,GA,White,F,72,75.0,107.3,137,37.4,37.6,37.4,138,37.6,136,53.7,53.6,37.4 / 138,37.6 / 136
9282,GA,White/Silver,F,72,72.3,102.7,130,36.3,35.8,36.3,131,35.8,129,51.7,51.0,36.3 / 131,35.8 / 129
9282,GA,Silver,F,72,70.5,100.5,127,35.7,34.8,35.7,128,34.8,126,50.8,49.7,35.7 / 128,34.8 / 126
9282,GA,Silver/Blue,F,72,68.9,97.7,122,34.6,34.3,34.6,124,34.3,120,49.2,48.5,34.6 / 124,34.3 / 120
9282,GA,Blue,F,72,67.6,95.6,119,34.0,33.6,34.0,119,33.6,119,48.0,47.6,34.0 / 119,33.6 / 119
9174,GA,Black,M,72,74.6,102.0,147,37.3,37.3,37.3,146,37.3,148,50.9,51.1,37.3 / 146,37.3 / 148
9174,GA,Sarazen,M,72,73.5,100.3,144,36.9,36.6,36.9,143,36.6,145,50.2,50.1,36.9 / 143,36.6 / 145
9174,GA,Burgundy,M,72,72.2,98.4,141,36.1,36.1,36.1,140,36.1,142,49.1,49.3,36.1 / 140,36.1 / 142
9174,GA,Jones,M,72,71.2,96.4,136,35.8,35.4,35.8,135,35.4,137,48.3,48.1,35.8 / 135,35.4 / 137
9174,GA,Blue,M,72,69.9,93.9,129,34.9,35.0,34.9,128,35.0,130,46.8,47.1,34.9 / 128,35.0 / 130
9174,GA,Blue/Silver,M,72,68.2,91.6,126,34.6,33.6,34.6,126,33.6,126,46.3,45.3,34.6 / 126,33.6 / 126
9174,GA,Silver,M,72,66.1,88.4,120,33.2,32.9,33.2,123,32.9,117,44.6,43.8,33.2 / 123,32.9 / 117
9174,GA,Silver/Gold,M,72,65.7,87.8,119,33.2,32.5,33.2,123,32.5,115,44.6,43.2,33.2 / 123,32.5 / 115
9174,GA,Gold,M,72,64.7,86.3,116,32.6,32.1,32.6,118,32.1,114,43.6,42.7,32.6 / 118,32.1 / 114
9174,GA,Blue,F,72,75.5,109.5,144,38.0,37.5,38.0,145,37.5,143,55.1,54.4,38.0 / 145,37.5 / 143
9174,GA,Blue/Silver,F,72,74.0,106.5,138,37.2,36.8,37.2,140,36.8,136,53.7,52.8,37.2 / 140,36.8 / 136
9174,GA,Silver,F,72,71.1,102.2,132,35.9,35.2,35.9,134,35.2,130,51.7,50.5,35.9 / 134,35.2 / 130
9174,GA,Silver/Gold,F,72,70.8,101.7,131,35.9,34.9,35.9,134,34.9,128,51.7,50.0,35.9 / 134,34.9 / 128
9174,GA,Gold,F,72,69.3,99.0,126,35.1,34.2,35.1,128,34.2,124,50.2,48.8,35.1 / 128,34.2 / 124
13984,GA,Jones,M,72,74.9,100.2,136,37.3,37.6,37.3,130,37.6,142,49.4,50.8,37.3 / 130,37.6 / 142
13984,GA,Jones/Ross,M,72,73.2,98.1,134,36.5,36.7,36.5,128,36.7,140,48.4,49.7,36.5 / 128,36.7 / 140
13984,GA,Ross,M,72,72.3,96.8,132,36.1,36.2,36.1,126,36.2,138,47.8,49.0,36.1 / 126,36.2 / 138
13984,GA,Ross/Ogilvie,M,72,71.1,95.2,130,35.6,35.5,35.6,125,35.5,135,47.2,48.0,35.6 / 125,35.5 / 135
13984,GA,Jamboree Rd 2 - Back Tees,M,72,70.8,95.1,131,35.5,35.3,35.5,127,35.3,135,47.3,47.8,35.5 / 127,35.3 / 135
13984,GA,James T Garren,M,72,70.7,94.5,128,35.2,35.5,35.2,123,35.5,133,46.6,47.9,35.2 / 123,35.5 / 133
13984,GA,Ogilvie,M,72,70.5,94.3,128,35.2,35.3,35.2,124,35.3,132,46.7,47.6,35.2 / 124,35.3 / 132
13984,GA,Ogilvie/Harison,M,72,68.9,92.3,126,34.4,34.5,34.4,123,34.5,129,45.8,46.5,34.4 / 123,34.5 / 129
13984,GA,Harison,M,72,68.0,90.8,123,33.8,34.2,33.8,121,34.2,125,45.0,45.8,33.8 / 121,34.2 / 125
13984,GA,Harison/Bourne,M,72,66.8,89.1,120,33.2,33.6,33.2,116,33.6,124,44.0,45.1,33.2 / 116,33.6 / 124
13984,GA,Bourne,M,72,65.7,87.6,118,32.3,33.4,32.3,113,33.4,123,42.8,44.8,32.3 / 113,33.4 / 123
13984,GA,Bourne/Stulb,M,72,64.1,85.5,115,31.8,32.3,31.8,111,32.3,119,42.1,43.4,31.8 / 111,32.3 / 119
13984,GA,Stulb,M,72,63.0,83.9,113,31.3,31.7,31.3,109,31.7,116,41.4,42.5,31.3 / 109,31.7 / 116
13984,GA,Jones - Inside 9,M,37,38.1,51.1,140,38.1,,38.1,140,,,51.1,,38.1 / 140,/
13984,GA,Ross - Inside 9,M,37,36.9,49.6,137,36.9,,36.9,137,,,49.6,,36.9 / 137,/
13984,GA,Ogilvie - Inside 9,M,37,35.8,48.3,134,35.8,,35.8,134,,,48.3,,35.8 / 134,/
13984,GA,Harison - Inside 9,M,37,34.8,47.0,131,34.8,,34.8,131,,,47.0,,34.8 / 131,/
13984,GA,Bourne - Inside 9,M,37,33.8,45.7,128,33.8,,33.8,128,,,45.7,,33.8 / 128,/
13984,GA,Stulb - Inside 9,M,37,32.3,43.6,122,32.3,,32.3,122,,,43.6,,32.3 / 122,/
13984,GA,Ogilvie,F,72,76.3,108.4,136,38.1,38.2,38.1,134,38.2,138,53.9,54.5,38.1 / 134,38.2 / 138
13984,GA,Ogilvie/Harison,F,72,74.6,105.9,133,37.3,37.3,37.3,131,37.3,135,52.7,53.2,37.3 / 131,37.3 / 135
13984,GA,Harison,F,72,73.6,104.3,130,36.8,36.8,36.8,129,36.8,131,52.0,52.3,36.8 / 129,36.8 / 131
13984,GA,Harison/Bourne,F,72,72.4,102.3,127,36.1,36.3,36.1,125,36.3,129,50.8,51.5,36.1 / 125,36.3 / 129
13984,GA,Bourne,F,72,71.1,100.3,124,35.0,36.1,35.0,121,36.1,127,49.2,51.1,35.0 / 121,36.1 / 127
13984,GA,Bourne/Stulb,F,72,69.1,97.0,118,34.1,35.0,34.1,116,35.0,120,47.8,49.2,34.1 / 116,35.0 / 120
13984,GA,Stulb,F,72,67.7,95.0,116,33.6,34.1,33.6,113,34.1,119,46.9,48.1,33.6 / 113,34.1 / 119
13984,GA,Ogilvie - Inside 9,F,37,39.1,55.8,142,39.1,,39.1,142,,,55.8,,39.1 / 142,/
13984,GA,Harison - Inside 9,F,37,37.7,53.7,136,37.7,,37.7,136,,,53.7,,37.7 / 136,/
13984,GA,Bourne - Inside 9,F,37,36.5,51.9,131,36.5,,36.5,131,,,51.9,,36.5 / 131,/
13984,GA,Stulb - Inside 9,F,37,34.5,49.2,125,34.5,,34.5,125,,,49.2,,34.5 / 125,/
23808,GA,Ross,M,71,70.5,92.5,118,35.5,35.0,35.5,117,35.0,118,46.4,46.1,35.5 / 117,35.0 / 118
23808,GA,Blue,M,71,68.6,89.8,114,34.3,34.3,34.3,115,34.3,113,45.0,44.8,34.3 / 115,34.3 / 113
23808,GA,White,M,71,65.8,86.0,109,33.1,32.7,33.1,108,32.7,110,43.1,42.9,33.1 / 108,32.7 / 110
23808,GA,Red,M,71,62.3,81.2,102,31.2,31.1,31.2,103,31.1,100,40.8,40.4,31.2 / 103,31.1 / 100
23808,GA,White,F,71,70.7,98.6,118,35.6,35.1,35.6,121,35.1,115,49.9,48.7,35.6 / 121,35.1 / 115
23808,GA,Red,F,71,67.0,92.8,110,33.5,33.5,33.5,111,33.5,108,46.6,46.2,33.5 / 111,33.5 / 108
9043,GA,Blue,M,72,70.6,93.5,123,35.0,35.6,35.0,118,35.6,128,46.0,47.5,35.0 / 118,35.6 / 128
9043,GA,White,M,72,69.3,91.8,121,34.4,34.9,34.4,116,34.9,126,45.2,46.6,34.4 / 116,34.9 / 126
9043,GA,White/Gold,M,72,66.7,88.3,116,33.4,33.3,33.4,114,33.3,118,44.0,44.3,33.4 / 114,33.3 / 118
9043,GA,Gold,M,72,63.8,84.4,111,31.9,31.9,31.9,111,31.9,111,42.2,42.2,31.9 / 111,31.9 / 111
9043,GA,Red,M,72,63.3,83.3,108,31.6,31.7,31.6,108,31.7,108,41.6,41.7,31.6 / 108,31.7 / 108
9043,GA,Gold,F,72,69.6,96.9,116,34.5,35.1,34.5,112,35.1,120,47.7,49.2,34.5 / 112,35.1 / 120
9043,GA,Red,F,72,68.5,94.7,111,34.2,34.3,34.2,111,34.3,111,47.3,47.4,34.2 / 111,34.3 / 111
9274,GA,Black,M,72,75.3,100.9,138,37.2,38.1,37.2,138,38.1,138,50.0,50.9,37.2 / 138,38.1 / 138
9274,GA,Circles-Black/Blue,M,72,73.8,99.0,136,36.5,37.3,36.5,137,37.3,135,49.2,49.8,36.5 / 137,37.3 / 135
9274,GA,Blue,M,72,73.0,97.9,134,36.0,37.0,36.0,135,37.0,133,48.5,49.4,36.0 / 135,37.0 / 133
9274,GA,Circles-Blue/Green,M,72,72.4,97.0,132,35.8,36.6,35.8,132,36.6,132,48.1,48.9,35.8 / 132,36.6 / 132
9274,GA,Green,M,72,70.8,94.4,127,34.9,35.9,34.9,124,35.9,130,46.4,48.0,34.9 / 124,35.9 / 130
9274,GA,Yellow,M,72,67.9,89.5,116,33.7,34.2,33.7,114,34.2,118,44.3,45.2,33.7 / 114,34.2 / 118
9274,GA,Green,F,72,76.8,108.9,136,37.6,39.2,37.6,134,39.2,138,53.4,55.5,37.6 / 134,39.2 / 138
9274,GA,Yellow,F,72,72.6,103.8,132,36.1,36.5,36.1,132,36.5,132,51.7,52.1,36.1 / 132,36.5 / 132
9271,GA,Gold,M,72,74.2,99.8,138,37.0,37.2,37.0,136,37.2,140,49.6,50.2,37.0 / 136,37.2 / 140
9271,GA,Blue,M,72,72.5,97.1,132,36.2,36.3,36.2,130,36.3,134,48.3,48.8,36.2 / 130,36.3 / 134
9271,GA,White,M,72,70.4,94.2,128,35.2,35.2,35.2,126,35.2,130,46.9,47.3,35.2 / 126,35.2 / 130
9271,GA,Black,M,72,68.2,89.8,116,34.0,34.2,34.0,118,34.2,114,45.0,44.8,34.0 / 118,34.2 / 114
9271,GA,Red,M,72,64.2,85.0,112,32.0,32.2,32.0,110,32.2,114,42.2,42.8,32.0 / 110,32.2 / 114
9271,GA,White,F,72,76.6,108.0,133,38.0,38.6,38.0,132,38.6,134,53.6,54.4,38.0 / 132,38.6 / 134
9271,GA,Black,F,72,73.7,102.9,124,36.7,37.0,36.7,123,37.0,125,51.2,51.7,36.7 / 123,37.0 / 125
9271,GA,Red,F,72,69.5,96.9,116,34.4,35.1,34.4,116,35.1,116,48.1,48.8,34.4 / 116,35.1 / 116
8995,GA,Black,M,72,72.0,98.0,140,36.4,35.6,36.4,142,35.6,138,49.6,48.4,36.4 / 142,35.6 / 138
8995,GA,Blue,M,72,69.8,94.5,133,35.2,34.6,35.2,136,34.6,130,47.8,46.7,35.2 / 136,34.6 / 130
8995,GA,Blue/White,M,76,68.0,90.7,122,34.2,33.8,34.2,125,33.8,119,45.8,44.9,34.2 / 125,33.8 / 119
8995,GA,White,M,72,67.0,88.2,114,33.9,33.1,33.9,118,33.1,110,44.9,43.3,33.9 / 118,33.1 / 110
8995,GA,White/Green,M,72,65.4,85.0,110,33.1,32.3,33.1,112,32.3,108,43.5,42.3,33.1 / 112,32.3 / 108
8995,GA,Green,M,72,63.8,83.4,105,32.3,31.5,32.3,105,31.5,105,42.1,41.3,32.3 / 105,31.5 / 105
8995,GA,White,F,72,71.8,101.7,127,36.5,35.3,36.5,130,35.3,124,51.8,49.9,36.5 / 130,35.3 / 124
8995,GA,Green,F,72,68.4,96.0,117,34.6,33.8,34.6,122,33.8,112,49.0,47.0,34.6 / 122,33.8 / 112
9211,GA,Black,M,72,72.9,96.7,128,37.0,35.9,37.0,131,35.9,125,49.2,47.5,37.0 / 131,35.9 / 125
9211,GA,White,M,72,70.8,93.1,120,36.0,34.8,36.0,125,34.8,115,47.6,45.5,36.0 / 125,34.8 / 115
9211,GA,Gold,M,72,67.8,88.4,111,34.6,33.2,34.6,115,33.2,107,45.3,43.1,34.6 / 115,33.2 / 107
9211,GA,Red,M,72,65.9,85.4,105,33.6,32.3,33.6,109,32.3,101,43.7,41.7,33.6 / 109,32.3 / 101
9211,GA,Silver,M,71,62.4,80.8,99,31.8,30.6,31.8,102,30.6,96,41.3,39.5,31.8 / 102,30.6 / 96
9211,GA,Gold,F,72,72.8,101.6,122,37.1,35.7,37.1,127,35.7,117,52.1,49.5,37.1 / 127,35.7 / 117
9211,GA,Red,F,72,70.8,98.1,116,36.0,34.8,36.0,118,34.8,114,49.9,48.2,36.0 / 118,34.8 / 114
9211,GA,Silver,F,72,66.5,92.0,108,34.0,32.5,34.0,111,32.5,105,47.1,44.9,34.0 / 111,32.5 / 105
8956,GA,Black,M,72,72.7,97.1,131,36.0,36.7,36.0,130,36.7,132,48.1,49.0,36.0 / 130,36.7 / 132
8956,GA,Polar,M,72,69.5,92.9,126,34.5,35.0,34.5,126,35.0,126,46.2,46.7,34.5 / 126,35.0 / 126
8956,GA,Grizzley,M,72,65.9,85.8,107,32.7,33.2,32.7,103,33.2,111,42.3,43.5,32.7 / 103,33.2 / 111
8956,GA,Panda,M,72,63.7,82.3,100,32.5,31.2,32.5,96,31.2,104,41.4,40.9,32.5 / 96,31.2 / 104
8956,GA,Grizzley,F,72,70.1,99.4,124,34.4,35.7,34.4,121,35.7,127,48.7,50.7,34.4 / 121,35.7 / 127
8956,GA,Panda,F,72,68.7,97.0,120,33.5,35.2,33.5,117,35.2,123,47.3,49.7,33.5 / 117,35.2 / 123
9160,GA,Gold,M,72,73.6,100.4,144,36.6,37.0,36.6,144,37.0,144,50.0,50.4,36.6 / 144,37.0 / 144
9160,GA,Nicklaus,M,72,72.1,98.5,142,35.7,36.4,35.7,142,36.4,142,48.9,49.6,35.7 / 142,36.4 / 142
9160,GA,Blue,M,72,70.2,95.4,136,34.6,35.6,34.6,135,35.6,137,47.1,48.3,34.6 / 135,35.6 / 137
9160,GA,Blue/White,M,72,69.9,94.7,133,34.5,35.4,34.5,132,35.4,134,46.8,47.9,34.5 / 132,35.4 / 134
9160,GA,White,M,72,68.2,91.6,126,33.7,34.5,33.7,125,34.5,127,45.3,46.3,33.7 / 125,34.5 / 127
9160,GA,Forward Combo,M,72,66.4,88.8,121,32.9,33.5,32.9,121,33.5,121,44.1,44.7,32.9 / 121,33.5 / 121
9160,GA,White,F,72,73.8,105.6,135,36.5,37.3,36.5,136,37.3,134,52.5,53.1,36.5 / 136,37.3 / 134
9160,GA,Forward Combo,F,72,71.8,102.2,129,35.7,36.1,35.7,130,36.1,128,51.0,51.2,35.7 / 130,36.1 / 128
9160,GA,Red,F,72,68.9,97.4,121,33.7,35.2,33.7,118,35.2,124,47.6,49.8,33.7 / 118,35.2 / 124
9144,GA,Blue,M,72,72.0,96.9,134,36.5,35.5,36.5,133,35.5,135,48.9,48.0,36.5 / 133,35.5 / 135
9144,GA,White,M,72,69.3,92.7,126,35.6,33.7,35.6,126,33.7,126,47.3,45.4,35.6 / 126,33.7 / 126
9144,GA,Gold,M,72,66.7,88.3,116,33.9,32.8,33.9,118,32.8,114,44.9,43.4,33.9 / 118,32.8 / 114
9144,GA,Red,M,72,63.4,83.6,109,31.7,31.7,31.7,108,31.7,110,41.7,41.9,31.7 / 108,31.7 / 110
9144,GA,White,F,72,74.9,106.5,134,38.4,36.5,38.4,132,36.5,136,54.0,52.5,38.4 / 132,36.5 / 136
9144,GA,Gold,F,72,72.0,101.3,125,37.0,35.0,37.0,124,35.0,125,51.6,49.7,37.0 / 124,35.0 / 125
9144,GA,Red,F,72,68.1,96.5,119,33.9,34.2,33.9,120,34.2,120,48.1,48.4,33.9 / 120,34.2 / 120
9290,GA,Blue,M,72,72.0,96.4,131,35.7,36.3,35.7,129,36.3,133,47.7,48.7,35.7 / 129,36.3 / 133
9290,GA,Blue/Burgundy,M,72,71.5,95.4,130,35.3,36.1,35.3,128,36.1,132,47.2,48.4,35.3 / 128,36.1 / 132
9290,GA,Burgundy,M,72,70.8,94.8,129,35.1,35.7,35.1,127,35.7,131,46.9,47.9,35.1 / 127,35.7 / 131
9290,GA,Burgundy/White,M,72,70.3,93.3,128,34.8,35.1,34.8,126,35.1,130,46.5,47.2,34.8 / 126,35.1 / 130
9290,GA,White,M,72,69.2,92.6,126,34.6,34.6,34.6,125,34.6,127,46.2,46.4,34.6 / 125,34.6 / 127
9290,GA,White/Green,M,72,67.0,88.6,118,33.3,33.5,33.3,119,33.5,117,44.4,44.4,33.3 / 119,33.5 / 117
9290,GA,Green,M,72,65.1,86.7,116,32.6,32.6,32.6,118,32.6,114,43.6,43.2,32.6 / 118,32.6 / 114
9290,GA,Yellow,M,72,58.8,78.0,103,29.2,29.6,29.2,104,29.6,102,38.9,39.1,29.2 / 104,29.6 / 102
9290,GA,Blue,F,72,78.5,110.8,137,39.0,39.5,39.0,134,39.5,140,54.8,56.0,39.0 / 134,39.5 / 140
9290,GA,Burgundy,F,72,76.9,108.4,134,38.2,38.7,38.2,131,38.7,137,53.6,54.8,38.2 / 131,38.7 / 137
9290,GA,White,F,72,75.3,105.5,128,37.4,37.9,37.4,126,37.9,130,52.3,53.2,37.4 / 126,37.9 / 130
9290,GA,White/Green,F,72,72.0,101.2,123,35.5,36.3,35.5,121,36.3,125,49.8,51.0,35.5 / 121,36.3 / 125
9290,GA,Green,F,72,70.1,98.5,120,35.0,35.2,35.0,120,35.2,120,49.1,49.4,35.0 / 120,35.2 / 120
9290,GA,Green/Yellow,F,72,61.4,86.4,103,30.6,31.0,30.6,101,31.0,105,42.5,43.4,30.6 / 101,31.0 / 105
9290,GA,Yellow,F,72,60.7,84.2,100,30.3,30.4,30.3,98,30.4,102,41.8,42.4,30.3 / 98,30.4 / 102
9249,GA,Black,M,72,73.7,100.7,145,36.9,36.8,36.9,145,36.8,145,50.4,50.3,36.9 / 145,36.8 / 145
9249,GA,Blue,M,72,71.9,98.1,141,36.3,35.6,36.3,144,35.6,138,49.7,48.4,36.3 / 144,35.6 / 138
9249,GA,Member,M,72,70.2,95.3,135,35.4,34.8,35.4,140,34.8,130,48.4,46.9,35.4 / 140,34.8 / 130
9249,GA,White,M,72,69.0,93.2,130,34.7,34.3,34.7,133,34.3,127,47.1,46.1,34.7 / 133,34.3 / 127
9249,GA,Senior Member,M,72,65.3,88.5,125,32.8,32.5,32.8,128,32.5,122,44.7,43.8,32.8 / 128,32.5 / 122
9249,GA,Teal,M,72,63.1,85.2,119,31.9,31.2,31.9,122,31.2,116,43.2,42.0,31.9 / 122,31.2 / 116
9249,GA,Blue,F,72,77.6,111.8,145,39.0,38.6,39.0,145,38.6,145,56.1,55.7,39.0 / 145,38.6 / 145
9249,GA,White,F,72,74.8,106.6,135,37.8,37.0,37.8,135,37.0,135,53.7,52.9,37.8 / 135,37.0 / 135
9249,GA,White/Teal,F,72,70.4,101.0,130,35.2,35.2,35.2,130,35.2,130,50.5,50.5,35.2 / 130,35.2 / 130
9249,GA,Teal,F,72,67.8,97.2,125,34.1,33.7,34.1,125,33.7,125,48.8,48.4,34.1 / 125,33.7 / 125
9037,GA,Black,M,72,74.1,100.7,143,37.1,37.0,37.1,142,37.0,144,50.3,50.4,37.1 / 142,37.0 / 144
9037,GA,Blue,M,72,73.0,98.8,139,36.6,36.4,36.6,139,36.4,139,49.5,49.3,36.6 / 139,36.4 / 139
9037,GA,Players,M,72,71.8,97.4,138,35.7,36.1,35.7,137,36.1,139,48.4,49.0,35.7 / 137,36.1 / 139
9037,GA,White,M,72,70.9,95.5,132,35.4,35.5,35.4,131,35.5,133,47.6,47.9,35.4 / 131,35.5 / 133
9037,GA,Senior Players,M,72,69.2,92.7,128,34.6,34.6,34.6,127,34.6,129,46.4,46.6,34.6 / 127,34.6 / 129
9037,GA,Gold,M,72,68.2,91.4,126,33.9,34.3,33.9,124,34.3,127,45.4,46.1,33.9 / 124,34.3 / 127
9037,GA,Red,M,72,66.7,89.3,122,33.4,33.3,33.4,122,33.3,122,44.7,44.6,33.4 / 122,33.3 / 122
9037,GA,Yellow,M,72,60.5,80.5,108,30.1,30.4,30.1,107,30.4,109,40.0,40.5,30.1 / 107,30.4 / 109
9037,GA,Blue,F,72,79.4,113.8,146,39.7,39.7,39.7,146,39.7,146,56.9,56.9,39.7 / 146,39.7 / 146
9037,GA,White,F,72,76.7,109.7,140,38.1,38.6,38.1,139,38.6,141,54.5,55.2,38.1 / 139,38.6 / 141
9037,GA,Gold,F,72,73.7,105.3,134,36.5,37.2,36.5,133,37.2,135,52.2,53.1,36.5 / 133,37.2 / 135
9037,GA,Red,F,72,72.0,102.4,130,36.0,36.0,36.0,128,36.0,130,51.1,51.3,36.0 / 128,36.0 / 130
9037,GA,Yellow,F,72,61.8,87.3,108,30.6,31.2,30.6,105,31.2,111,43.0,44.3,30.6 / 105,31.2 / 111
14446,GA,Black,M,71,70.2,95.1,134,35.3,34.9,35.3,135,34.9,133,47.8,47.3,35.3 / 135,34.9 / 133
14446,GA,Blue,M,71,69.3,93.5,130,35.1,34.2,35.1,133,34.2,127,47.5,46.0,35.1 / 133,34.2 / 127
14446,GA,Blue/White,M,71,69.0,92.8,128,35.0,34.0,35.0,131,34.0,125,47.2,45.6,35.0 / 131,34.0 / 125
14446,GA,White,M,71,67.8,91.3,127,34.5,33.3,34.5,129,33.3,124,46.5,44.8,34.5 / 129,33.3 / 124
14446,GA,White/Gold,M,71,66.6,89.1,122,33.9,32.7,33.9,122,32.7,121,45.2,43.9,33.9 / 122,32.7 / 121
14446,GA,Gold,M,71,65.7,87.5,117,33.4,32.3,33.4,117,32.3,117,44.3,43.2,33.4 / 117,32.3 / 117
14446,GA,Gold/Green,M,71,63.8,85.4,116,32.6,31.2,32.6,116,31.2,115,43.4,41.9,32.6 / 116,31.2 / 115
14446,GA,Green,M,71,62.9,83.3,110,32.1,30.8,32.1,111,30.8,109,42.4,40.9,32.1 / 111,30.8 / 109
14446,GA,White,F,71,73.4,104.9,134,37.2,36.2,37.2,132,36.2,135,52.8,52.1,37.2 / 132,36.2 / 135
14446,GA,White/Gold,F,71,71.7,102.4,130,36.0,35.7,36.0,129,35.7,131,51.2,51.2,36.0 / 129,35.7 / 131
14446,GA,Gold,F,71,70.3,100.3,127,35.3,35.0,35.3,128,35.0,126,50.4,49.9,35.3 / 128,35.0 / 126
14446,GA,Gold/Green,F,71,68.6,97.4,122,35.1,33.5,35.1,121,33.5,123,49.4,48.0,35.1 / 121,33.5 / 123
14446,GA,Green,F,71,67.2,94.7,117,34.4,32.8,34.4,118,32.8,115,48.3,46.4,34.4 / 118,32.8 / 115
14444,GA,Black,M,72,71.5,97.2,139,36.2,35.3,36.2,142,35.3,135,49.4,47.8,36.2 / 142,35.3 / 135
14444,GA,Blue,M,72,70.9,96.2,136,35.8,35.1,35.8,139,35.1,133,48.7,47.5,35.8 / 139,35.1 / 133
14444,GA,Blue/White,M,72,70.5,95.5,135,35.5,35.0,35.5,138,35.0,131,48.3,47.2,35.5 / 138,35.0 / 131
14444,GA,White,M,72,69.4,93.8,132,34.9,34.4,34.9,134,34.4,130,47.3,46.5,34.9 / 134,34.4 / 130
14444,GA,White/Gold,M,72,68.1,91.6,127,34.2,33.9,34.2,131,33.9,122,46.4,45.2,34.2 / 131,33.9 / 122
14444,GA,Gold,M,72,67.1,89.9,123,33.7,33.4,33.7,128,33.4,117,45.6,44.3,33.7 / 128,33.4 / 117
14444,GA,Gold/Green,M,72,65.8,88.1,120,33.2,32.6,33.2,124,32.6,116,44.7,43.4,33.2 / 124,32.6 / 116
14444,GA,Green,M,72,64.3,85.4,114,32.2,32.1,32.2,116,32.1,111,43.0,42.4,32.2 / 116,32.1 / 111
14444,GA,White,F,72,75.3,107.5,137,38.1,37.2,38.1,141,37.2,132,54.7,52.8,38.1 / 141,37.2 / 132
14444,GA,White/Gold,F,72,73.8,105.4,134,37.4,36.4,37.4,138,36.4,130,53.7,51.7,37.4 / 138,36.4 / 130
14444,GA,Gold,F,72,71.6,100.7,132,36.3,35.3,36.3,136,35.3,128,52.3,50.4,36.3 / 136,35.3 / 128
14444,GA,Gold/Green,F,72,69.1,99.0,127,34.6,34.5,34.6,130,34.5,124,49.9,49.1,34.6 / 130,34.5 / 124
14444,GA,Green,F,72,66.9,94.5,117,32.5,34.4,32.5,123,34.4,111,47.0,47.5,32.5 / 123,34.4 / 111
14445,GA,Black,M,71,71.1,96.7,138,34.9,36.2,34.9,133,36.2,142,47.3,49.4,34.9 / 133,36.2 / 142
14445,GA,Blue,M,71,70.0,94.7,133,34.2,35.8,34.2,127,35.8,139,46.0,48.7,34.2 / 127,35.8 / 139
14445,GA,Blue/White,M,71,69.5,93.9,132,34.0,35.5,34.0,125,35.5,138,45.6,48.3,34.0 / 125,35.5 / 138
14445,GA,White,M,71,68.2,92.2,129,33.3,34.9,33.3,124,34.9,134,44.8,47.4,33.3 / 124,34.9 / 134
14445,GA,White/Gold,M,71,66.9,90.3,126,32.7,34.2,32.7,121,34.2,131,43.9,46.4,32.7 / 121,34.2 / 131
14445,GA,Gold,M,71,66.0,88.8,123,32.3,33.7,32.3,117,33.7,128,43.2,45.6,32.3 / 117,33.7 / 128
14445,GA,Gold/Green,M,71,64.4,86.6,120,31.2,33.2,31.2,115,33.2,124,41.9,44.7,31.2 / 115,33.2 / 124
14445,GA,Green,M,71,63.0,83.9,113,30.8,32.2,30.8,109,32.2,116,40.9,43.0,30.8 / 109,32.2 / 116
14445,GA,White,F,71,74.3,106.8,138,36.2,38.1,36.2,135,38.1,141,52.1,54.7,36.2 / 135,38.1 / 141
14445,GA,White/Gold,F,71,72.6,104.2,134,35.4,37.2,35.4,130,37.2,138,50.7,53.5,35.4 / 130,37.2 / 138
14445,GA,Gold,F,71,71.3,102.1,131,35.0,36.3,35.0,126,36.3,136,49.8,52.3,35.0 / 126,36.3 / 136
14445,GA,Gold/Green,F,71,68.1,97.9,127,33.5,34.6,33.5,123,34.6,130,48.0,49.9,33.5 / 123,34.6 / 130
14445,GA,Green,F,71,65.2,93.3,119,32.7,32.5,32.7,115,32.5,123,46.3,47.0,32.7 / 115,32.5 / 123
9060,GA,Blue,M,72,70.2,94.0,128,35.6,34.6,35.6,131,34.6,125,47.8,46.2,35.6 / 131,34.6 / 125
9060,GA,White,M,72,67.5,89.6,119,34.0,33.5,34.0,121,33.5,117,45.2,44.4,34.0 / 121,33.5 / 117
9060,GA,Gold,M,72,64.0,84.2,109,32.3,31.7,32.3,111,31.7,107,42.6,41.6,32.3 / 111,31.7 / 107
9060,GA,White,F,72,72.5,102.0,125,36.5,36.0,36.5,129,36.0,121,51.7,50.3,36.5 / 129,36.0 / 121
9060,GA,Gold,F,72,68.4,95.3,114,34.6,33.8,34.6,115,33.8,113,48.2,47.1,34.6 / 115,33.8 / 113
9060,GA,Red,F,72,66.4,91.8,108,33.7,32.7,33.7,108,32.7,108,46.4,45.4,33.7 / 108,32.7 / 108
9045,GA,Blue,M,72,71.4,94.2,123,35.3,36.1,35.3,126,36.1,120,47.0,47.2,35.3 / 126,36.1 / 120
9045,GA,White,M,72,70.1,92.4,120,34.7,35.4,34.7,123,35.4,117,46.1,46.3,34.7 / 123,35.4 / 117
9045,GA,Black,M,72,67.3,89.3,118,33.0,34.3,33.0,121,34.3,115,44.3,45.0,33.0 / 121,34.3 / 115
9045,GA,Red,M,72,65.4,86.7,114,32.3,33.2,32.3,116,33.2,112,43.1,43.6,32.3 / 116,33.2 / 112
9045,GA,White,F,72,75.6,107.4,135,38.1,37.5,38.1,130,37.5,140,53.4,54.0,38.1 / 130,37.5 / 140
9045,GA,Black,F,72,73.0,101.5,121,36.0,37.0,36.0,122,37.0,120,50.4,51.1,36.0 / 122,37.0 / 120
9045,GA,Red,F,72,71.0,98.6,117,35.0,36.0,35.0,118,36.0,116,48.9,49.7,35.0 / 118,36.0 / 116
31231,GA,8,M,36,36.9,49.2,132,36.9,,36.9,132,,,49.2,,36.9 / 132,/
31231,GA,7,M,36,35.7,47.6,128,35.7,,35.7,128,,,47.6,,35.7 / 128,/
31231,GA,6,M,36,34.5,45.7,121,34.5,,34.5,121,,,45.7,,34.5 / 121,/
31231,GA,5,M,36,33.6,43.5,107,33.6,,33.6,107,,,43.5,,33.6 / 107,/
31231,GA,4,M,36,32.2,41.6,101,32.2,,32.2,101,,,41.6,,32.2 / 101,/
31231,GA,3,M,36,30.8,39.9,98,30.8,,30.8,98,,,39.9,,30.8 / 98,/
31231,GA,2,M,36,29.7,38.5,95,29.7,,29.7,95,,,38.5,,29.7 / 95,/
31231,GA,1,M,36,28.6,36.8,88,28.6,,28.6,88,,,36.8,,28.6 / 88,/
31231,GA,8,F,36,40.4,57.1,142,40.4,,40.4,142,,,57.1,,40.4 / 142,/
31231,GA,7,F,36,38.8,54.8,136,38.8,,38.8,136,,,54.8,,38.8 / 136,/
31231,GA,6,F,36,37.6,53.0,131,37.6,,37.6,131,,,53.0,,37.6 / 131,/
31231,GA,5,F,36,35.8,50.4,124,35.8,,35.8,124,,,50.4,,35.8 / 124,/
31231,GA,4,F,36,34.1,47.7,115,34.1,,34.1,115,,,47.7,,34.1 / 115,/
31231,GA,3,F,36,32.6,45.2,107,32.6,,32.6,107,,,45.2,,32.6 / 107,/
31231,GA,2,F,36,30.6,42.5,101,30.6,,30.6,101,,,42.5,,30.6 / 101,/
31231,GA,1,F,36,28.9,40.0,94,28.9,,28.9,94,,,40.0,,28.9 / 94,/
31230,GA,8,M,36,37.3,49.9,136,37.3,,37.3,136,,,49.9,,37.3 / 136,/
31230,GA,7,M,36,35.5,47.4,128,35.5,,35.5,128,,,47.4,,35.5 / 128,/
31230,GA,6,M,36,34.6,46.0,123,34.6,,34.6,123,,,46.0,,34.6 / 123,/
31230,GA,5,M,36,33.2,43.3,109,33.2,,33.2,109,,,43.3,,33.2 / 109,/
31230,GA,4,M,36,31.8,41.7,107,31.8,,31.8,107,,,41.7,,31.8 / 107,/
31230,GA,3,M,36,30.7,40.2,102,30.7,,30.7,102,,,40.2,,30.7 / 102,/
31230,GA,2,M,36,29.9,38.9,97,29.9,,29.9,97,,,38.9,,29.9 / 97,/
31230,GA,1,M,36,28.7,36.9,88,28.7,,28.7,88,,,36.9,,28.7 / 88,/
31230,GA,8,F,36,41.3,58.3,144,41.3,,41.3,144,,,58.3,,41.3 / 144,/
31230,GA,7,F,36,39.1,55.1,136,39.1,,39.1,136,,,55.1,,39.1 / 136,/
31230,GA,6,F,36,37.5,52.7,129,37.5,,37.5,129,,,52.7,,37.5 / 129,/
31230,GA,5,F,36,35.8,50.2,122,35.8,,35.8,122,,,50.2,,35.8 / 122,/
31230,GA,4,F,36,34.3,47.9,115,34.3,,34.3,115,,,47.9,,34.3 / 115,/
31230,GA,3,F,36,32.6,46.0,114,32.6,,32.6,114,,,46.0,,32.6 / 114,/
31230,GA,2,F,36,31.0,43.6,107,31.0,,31.0,107,,,43.6,,31.0 / 107,/
31230,GA,1,F,36,29.5,41.3,100,29.5,,29.5,100,,,41.3,,29.5 / 100,/
35129,GA,"Jr. Am, Mid-Am, Men",M,72,72.5,96.8,131,36.1,36.4,36.1,131,36.4,130,48.3,48.5,36.1 / 131,36.4 / 130
35129,GA,Sr. Men,M,72,70.3,93.8,127,35.1,35.2,35.1,127,35.2,126,46.9,46.9,35.1 / 127,35.2 / 126
35129,GA,Super Sr. Men,M,72,67.4,87.6,109,33.5,33.9,33.5,113,33.9,108,43.7,43.9,33.5 / 113,33.9 / 108
35129,GA,Am Women & Girls,F,72,73.7,103.7,127,36.9,36.8,36.9,126,36.8,128,51.8,51.9,36.9 / 126,36.8 / 128
35129,GA,Mid-Am Women,F,72,72.2,101.3,124,36.1,36.1,36.1,123,36.1,124,50.6,50.7,36.1 / 123,36.1 / 124
35129,GA,Sr. Women,F,72,70.8,99.4,122,35.0,35.8,35.0,115,35.8,126,49.0,50.4,35.0 / 115,35.8 / 126
35129,GA,Super Sr. Women,F,72,67.1,93.6,113,33.7,33.4,33.7,113,33.4,112,47.0,46.6,33.7 / 113,33.4 / 112
9151,GA,Blue,M,72,70.5,92.1,116,35.6,34.9,35.6,115,34.9,117,46.3,45.8,35.6 / 115,34.9 / 117
9151,GA,White,M,72,68.4,89.2,112,35.0,33.4,35.0,112,33.4,112,45.4,43.8,35.0 / 112,33.4 / 112
9151,GA,Black,M,72,65.9,85.7,107,33.2,32.7,33.2,107,32.7,107,43.1,42.6,33.2 / 107,32.7 / 107
9151,GA,Black,F,72,70.4,98.0,117,35.5,34.9,35.5,116,34.9,118,49.2,48.8,35.5 / 116,34.9 / 118
9151,GA,Red,F,72,67.0,92.7,109,34.0,33.0,34.0,109,33.0,109,46.9,45.8,34.0 / 109,33.0 / 109
9142,GA,Gold,M,72,73.2,99.6,142,36.7,36.5,36.7,140,36.5,144,49.7,49.9,36.7 / 140,36.5 / 144
9142,GA,Blue,M,72,71.0,96.1,135,35.5,35.5,35.5,130,35.5,140,47.6,48.5,35.5 / 130,35.5 / 140
9142,GA,White,M,72,69.2,92.0,123,34.9,34.3,34.9,121,34.3,125,46.1,45.9,34.9 / 121,34.3 / 125
9142,GA,Red,M,72,65.8,87.6,117,33.6,32.2,33.6,116,32.2,118,44.4,43.2,33.6 / 116,32.2 / 118
9142,GA,Blue,F,72,76.8,110.8,144,38.5,38.3,38.5,144,38.3,144,55.5,55.3,38.5 / 144,38.3 / 144
9142,GA,White,F,72,73.9,106.7,139,37.1,36.8,37.1,139,36.8,139,53.5,53.2,37.1 / 139,36.8 / 139
9142,GA,Red,F,72,69.7,98.7,123,35.6,34.1,35.6,124,34.1,122,50.2,48.5,35.6 / 124,34.1 / 122
9140,GA,Gold,M,72,73.6,100.2,143,36.5,37.1,36.5,144,37.1,142,49.9,50.3,36.5 / 144,37.1 / 142
9140,GA,Blue,M,72,71.5,97.5,140,35.5,36.0,35.5,140,36.0,140,48.5,49.0,35.5 / 140,36.0 / 140
9140,GA,White,M,72,69.3,92.7,126,34.3,35.0,34.3,125,35.0,127,45.9,46.8,34.3 / 125,35.0 / 127
9140,GA,Red,M,72,65.1,87.3,119,32.2,32.9,32.2,118,32.9,120,43.2,44.1,32.2 / 118,32.9 / 120
9140,GA,Blue,F,72,77.4,111.6,145,38.3,39.1,38.3,144,39.1,146,55.3,56.3,38.3 / 144,39.1 / 146
9140,GA,White,F,72,74.3,107.3,140,36.8,37.5,36.8,139,37.5,141,53.2,54.1,36.8 / 139,37.5 / 141
9140,GA,Red,F,72,69.2,98.0,122,34.1,35.1,34.1,122,35.1,122,48.5,49.5,34.1 / 122,35.1 / 122
9141,GA,Gold,M,72,73.8,100.0,141,37.1,36.7,37.1,142,36.7,140,50.3,49.7,37.1 / 142,36.7 / 140
9141,GA,Blue,M,72,71.5,96.6,135,36.0,35.5,36.0,140,35.5,130,49.0,47.6,36.0 / 140,35.5 / 130
9141,GA,White,M,72,69.9,92.9,124,35.0,34.9,35.0,127,34.9,121,46.8,46.1,35.0 / 127,34.9 / 121
9141,GA,Black,M,72,67.5,89.8,120,33.3,34.2,33.3,122,34.2,118,44.6,45.2,33.3 / 122,34.2 / 118
9141,GA,Red,M,72,66.5,86.4,118,32.9,33.6,32.9,120,33.6,116,44.0,44.4,32.9 / 120,33.6 / 116
9141,GA,Blue,F,72,77.6,111.8,145,39.1,38.5,39.1,146,38.5,144,56.3,55.5,39.1 / 146,38.5 / 144
9141,GA,White,F,72,74.6,107.6,140,37.5,37.1,37.5,141,37.1,139,54.1,53.5,37.5 / 141,37.1 / 139
9141,GA,Red,F,72,70.7,99.7,123,35.1,35.6,35.1,122,35.6,124,49.5,50.2,35.1 / 122,35.6 / 124
9177,GA,Black,M,72,72.0,97.1,135,36.2,35.8,36.2,132,35.8,138,48.5,48.6,36.2 / 132,35.8 / 138
9177,GA,Blue,M,72,70.8,95.0,130,35.6,35.2,35.6,129,35.2,131,47.6,47.4,35.6 / 129,35.2 / 131
9177,GA,White,M,72,69.2,92.8,127,34.9,34.3,34.9,126,34.3,128,46.6,46.2,34.9 / 126,34.3 / 128
9177,GA,Green,M,72,65.8,88.0,119,32.9,32.9,32.9,119,32.9,119,44.0,44.0,32.9 / 119,32.9 / 119
9177,GA,Gold,M,72,63.8,85.2,115,31.6,32.2,31.6,115,32.2,115,42.3,42.9,31.6 / 115,32.2 / 115
9177,GA,Red,M,72,62.9,83.7,112,31.2,31.7,31.2,112,31.7,112,41.6,42.1,31.2 / 112,31.7 / 112
9177,GA,Blue,F,72,76.5,108.8,137,38.7,37.8,38.7,136,37.8,138,54.7,54.1,38.7 / 136,37.8 / 138
9177,GA,White,F,72,74.9,106.5,134,37.8,37.1,37.8,133,37.1,135,53.5,53.0,37.8 / 133,37.1 / 135
9177,GA,Green,F,72,71.4,101.4,127,36.0,35.4,36.0,126,35.4,128,50.9,50.5,36.0 / 126,35.4 / 128
9177,GA,Gold,F,72,69.2,97.5,120,34.5,34.7,34.5,118,34.7,122,48.4,49.1,34.5 / 118,34.7 / 122
9177,GA,Red,F,72,67.1,94.7,117,33.4,33.7,33.4,116,33.7,118,47.1,47.6,33.4 / 116,33.7 / 118
9236,GA,Gold,M,72,74.7,100.7,140,38.3,36.4,38.3,143,36.4,137,51.6,49.1,38.3 / 143,36.4 / 137
9236,GA,Teal,M,72,72.6,98.1,137,37.0,35.6,37.0,141,35.6,133,50.1,48.0,37.0 / 141,35.6 / 133
9236,GA,White,M,72,69.9,94.4,132,35.7,34.2,35.7,136,34.2,128,48.3,46.1,35.7 / 136,34.2 / 128
9236,GA,Black,M,72,66.5,89.5,124,33.3,33.2,33.3,122,33.2,126,44.6,44.9,33.3 / 122,33.2 / 126
9236,GA,White,F,72,75.6,108.4,139,38.9,36.7,38.9,143,36.7,135,55.8,52.6,38.9 / 143,36.7 / 135
9236,GA,Black,F,72,72.3,102.5,128,36.3,36.0,36.3,129,36.0,127,51.5,51.0,36.3 / 129,36.0 / 127
9236,GA,Red,F,72,70.4,99.4,122,35.5,34.9,35.5,124,34.9,122,50.1,49.3,35.5 / 124,34.9 / 122
9014,GA,Black,M,71,72.6,94.9,120,35.6,37.0,35.6,124,37.0,116,47.1,47.8,35.6 / 124,37.0 / 116
9014,GA,Blue,M,71,71.5,93.2,117,35.2,36.3,35.2,122,36.3,112,46.5,46.7,35.2 / 122,36.3 / 112
9014,GA,White,M,71,69.3,90.3,113,34.0,35.3,34.0,116,35.3,110,44.8,45.5,34.0 / 116,35.3 / 110
9014,GA,Gold,M,71,66.6,87.2,111,32.4,34.2,32.4,114,34.2,108,43.0,44.2,32.4 / 114,34.2 / 108
9014,GA,Gold,F,71,72.0,100.1,119,35.0,37.0,35.0,117,37.0,121,48.8,51.3,35.0 / 117,37.0 / 121
9014,GA,Red,F,71,68.3,95.0,113,34.1,34.2,34.1,114,34.2,112,47.6,47.4,34.1 / 114,34.2 / 112
9205,GA,Blue/Blue,M,72,70.0,92.0,118,35.0,35.0,35.0,118,35.0,118,46.0,46.0,35.0 / 118,35.0 / 118
9205,GA,White/Blue,M,72,69.4,91.0,116,34.4,35.0,34.4,114,35.0,118,45.0,46.0,34.4 / 114,35.0 / 118
9205,GA,White/White,M,72,68.8,90.0,114,34.4,34.4,34.4,114,34.4,114,45.0,45.0,34.4 / 114,34.4 / 114
9205,GA,Gold/Gold,F,72,70.2,96.6,112,35.1,35.1,35.1,112,35.1,112,48.3,48.3,35.1 / 112,35.1 / 112
9205,GA,Red/Gold,F,72,69.8,96.0,111,34.7,35.1,34.7,110,35.1,112,47.7,48.3,34.7 / 110,35.1 / 112
9205,GA,Red/Red,F,72,69.4,95.4,110,34.7,34.7,34.7,110,34.7,110,47.7,47.7,34.7 / 110,34.7 / 110
9175,GA,Black,M,72,74.8,101.0,141,37.3,37.5,37.3,143,37.5,139,50.6,50.4,37.3 / 143,37.5 / 139
9175,GA,Hybrid,M,72,73.5,98.9,137,36.8,36.7,36.8,138,36.7,136,49.6,49.3,36.8 / 138,36.7 / 136
9175,GA,Gold,M,72,72.8,97.7,134,36.4,36.4,36.4,136,36.4,132,49.0,48.7,36.4 / 136,36.4 / 132
9175,GA,White,M,72,72.0,96.3,132,36.3,35.7,36.3,133,35.7,131,48.7,47.9,36.3 / 133,35.7 / 131
9175,GA,Green,M,72,71.5,95.7,130,36.2,35.3,36.2,130,35.3,130,48.3,47.4,36.2 / 130,35.3 / 130
9175,GA,Blue,M,72,69.1,92.7,127,34.6,34.5,34.6,127,34.5,127,46.4,46.3,34.6 / 127,34.5 / 127
9175,GA,Senior Hybrid,M,72,67.0,89.3,120,34.3,32.7,34.3,119,32.7,121,45.4,44.0,34.3 / 119,32.7 / 121
9175,GA,Red,M,72,63.9,85.7,117,32.2,31.7,32.2,117,31.7,117,43.1,42.6,32.2 / 117,31.7 / 117
9175,GA,Gold,F,72,79.2,113.7,146,39.9,39.3,39.9,148,39.3,144,57.4,56.3,39.9 / 148,39.3 / 144
9175,GA,Green,F,72,77.4,111.1,143,39.2,38.2,39.2,145,38.2,141,56.3,54.8,39.2 / 145,38.2 / 141
9175,GA,Blue,F,72,74.7,107.5,139,37.4,37.3,37.4,139,37.3,139,53.8,53.7,37.4 / 139,37.3 / 139
9175,GA,Red,F,72,68.7,98.0,124,35.1,33.6,35.1,127,33.6,121,50.1,47.9,35.1 / 127,33.6 / 121
8954,GA,Black,M,72,74.1,100.5,142,37.2,36.9,37.2,143,36.9,141,50.5,50.0,37.2 / 143,36.9 / 141
8954,GA,Gold,M,72,72.2,98.0,139,36.2,36.0,36.2,139,36.0,139,49.1,48.9,36.2 / 139,36.0 / 139
8954,GA,Member,M,72,71.1,96.7,138,35.7,35.4,35.7,139,35.4,137,48.6,48.1,35.7 / 139,35.4 / 137
8954,GA,Blue,M,72,69.8,95.0,136,34.9,34.9,34.9,136,34.9,136,47.5,47.5,34.9 / 136,34.9 / 136
8954,GA,Senior Member,M,72,68.3,92.9,132,34.2,34.1,34.2,132,34.1,132,46.5,46.4,34.2 / 132,34.1 / 132
8954,GA,White,M,72,67.6,91.4,128,33.8,33.8,33.8,129,33.8,127,45.8,45.6,33.8 / 129,33.8 / 127
8954,GA,Super Senior,M,72,64.8,87.4,122,32.4,32.4,32.4,122,32.4,122,43.7,43.7,32.4 / 122,32.4 / 122
8954,GA,Blue,F,72,75.4,108.2,139,37.7,37.7,37.7,139,37.7,139,54.1,54.1,37.7 / 139,37.7 / 139
8954,GA,White,F,72,73.0,105.0,136,36.6,36.4,36.6,136,36.4,136,52.6,52.4,36.6 / 136,36.4 / 136
8954,GA,Member Forward,F,72,69.9,99.3,125,34.6,35.3,34.6,124,35.3,126,49.2,50.1,34.6 / 124,35.3 / 126
8954,GA,Green,F,72,68.8,97.1,120,33.9,34.9,33.9,118,34.9,122,47.8,49.3,33.9 / 118,34.9 / 122
9007,GA,Gold,M,72,72.9,98.7,139,35.4,37.5,35.4,137,37.5,141,48.1,50.6,35.4 / 137,37.5 / 141
9007,GA,Players,M,72,72.1,97.7,138,35.1,37.0,35.1,136,37.0,140,47.7,50.0,35.1 / 136,37.0 / 140
9007,GA,Blue,M,72,71.0,96.4,137,34.6,36.4,34.6,135,36.4,139,47.1,49.3,34.6 / 135,36.4 / 139
9007,GA,Champion,M,72,69.9,94.5,132,34.0,35.9,34.0,131,35.9,133,46.2,48.3,34.0 / 131,35.9 / 133
9007,GA,White,M,72,68.8,92.6,128,33.7,35.1,33.7,126,35.1,130,45.4,47.2,33.7 / 126,35.1 / 130
9007,GA,Classic,M,72,67.9,91.1,125,33.7,34.2,33.7,122,34.2,128,45.0,46.1,33.7 / 122,34.2 / 128
9007,GA,Green,M,72,66.3,88.4,119,32.7,33.0,32.7,117,33.0,121,43.6,44.2,32.7 / 117,33.0 / 121
9007,GA,Silver,M,72,64.8,86.1,117,32.3,32.5,32.3,113,32.5,116,42.8,43.3,32.3 / 113,32.5 / 116
9007,GA,White,F,72,73.4,104.7,133,36.0,37.4,36.0,131,37.4,135,51.4,53.3,36.0 / 131,37.4 / 135
9007,GA,Classic,F,72,72.2,102.9,130,35.6,36.6,35.6,128,36.6,132,50.7,52.2,35.6 / 128,36.6 / 132
9007,GA,Green,F,72,70.4,100.3,127,35.3,35.1,35.3,125,35.1,129,50.0,50.3,35.3 / 125,35.1 / 129
9007,GA,Silver,F,72,69.5,98.2,122,34.7,34.8,34.7,119,34.8,125,48.7,49.5,34.7 / 119,34.8 / 125
9034,GA,Black,M,72,72.8,95.8,140,36.3,36.5,36.3,138,36.5,142,49.1,49.7,36.3 / 138,36.5 / 142
9034,GA,Players,M,72,72.0,96.8,138,36.1,35.9,36.1,137,35.9,139,48.8,48.8,36.1 / 137,35.9 / 139
9034,GA,Blue,M,72,71.3,97.5,136,35.3,36.0,35.3,135,36.0,136,47.8,48.6,35.3 / 135,36.0 / 136
9034,GA,Senior Players,M,72,70.2,93.2,131,34.8,35.4,34.8,129,35.4,133,46.8,47.8,34.8 / 129,35.4 / 133
9034,GA,White,M,72,68.8,92.6,128,34.2,34.6,34.2,127,34.6,129,46.0,46.6,34.2 / 127,34.6 / 129
9034,GA,Super Seniors,M,72,66.4,85.3,125,32.8,33.6,32.8,123,33.6,127,44.2,45.4,32.8 / 123,33.6 / 127
9034,GA,Green,M,72,64.0,85.9,118,31.6,32.4,31.6,115,32.4,121,42.3,43.6,31.6 / 115,32.4 / 121
9034,GA,Blue,F,72,76.8,111.2,146,38.2,38.6,38.2,145,38.6,147,55.3,55.9,38.2 / 145,38.6 / 147
9034,GA,White,F,72,73.5,106.0,138,36.7,36.8,36.7,136,36.8,140,52.7,53.3,36.7 / 136,36.8 / 140
9034,GA,Ladies Players,F,72,71.8,102.9,132,35.0,36.8,35.0,128,36.8,136,50.1,52.8,35.0 / 128,36.8 / 136
9034,GA,Green,F,72,68.7,96.9,122,34.1,34.6,34.1,120,34.6,124,48.3,49.2,34.1 / 120,34.6 / 124
8975,GA,Blue,M,72,71.1,94.5,126,35.6,35.5,35.6,127,35.5,125,47.4,47.1,35.6 / 127,35.5 / 125
8975,GA,White,M,72,69.8,92.6,123,34.9,34.9,34.9,123,34.9,123,46.3,46.3,34.9 / 123,34.9 / 123
8975,GA,Silver,M,72,66.5,87.1,111,33.3,33.2,33.3,110,33.2,112,43.5,43.6,33.3 / 110,33.2 / 112
8975,GA,White,F,72,75.4,105.1,126,37.8,37.6,37.8,125,37.6,127,52.5,52.6,37.8 / 125,37.6 / 127
8975,GA,Silver,F,72,71.9,100.5,121,36.0,35.9,36.0,121,35.9,121,50.3,50.2,36.0 / 121,35.9 / 121
9041,GA,Blue,M,72,73.0,97.9,134,36.3,36.7,36.3,135,36.7,133,48.8,49.1,36.3 / 135,36.7 / 133
9041,GA,Ross,M,72,71.2,95.6,131,35.6,35.6,35.6,132,35.6,130,47.9,47.7,35.6 / 132,35.6 / 130
9041,GA,White,M,72,70.2,94.2,129,35.0,35.2,35.0,130,35.2,128,47.1,47.1,35.0 / 130,35.2 / 128
9041,GA,Grey,M,72,68.4,91.6,125,34.1,34.3,34.1,126,34.3,124,45.8,45.8,34.1 / 126,34.3 / 124
9041,GA,Yellow,M,72,66.7,88.9,119,33.4,33.3,33.4,119,33.3,119,44.5,44.4,33.4 / 119,33.3 / 119
9041,GA,Green,M,72,64.9,86.5,116,32.5,32.4,32.5,116,32.4,116,43.3,43.2,32.5 / 116,32.4 / 116
9041,GA,Red,M,72,63.4,84.2,112,31.9,31.5,31.9,109,31.5,115,42.0,42.2,31.9 / 109,31.5 / 115
9041,GA,Blue,F,72,79.0,112.5,142,39.1,39.9,39.1,139,39.9,145,55.5,57.0,39.1 / 139,39.9 / 145
9041,GA,White,F,72,75.9,108.2,137,37.8,38.1,37.8,135,38.1,139,53.7,54.5,37.8 / 135,38.1 / 139
9041,GA,Grey,F,72,73.9,104.8,131,36.9,37.0,36.9,130,37.0,132,52.2,52.6,36.9 / 130,37.0 / 132
9041,GA,Yellow,F,72,72.1,102.3,128,36.1,36.0,36.1,128,36.0,128,51.2,51.1,36.1 / 128,36.0 / 128
9041,GA,Green,F,72,70.2,99.2,123,35.2,35.0,35.2,123,35.0,123,49.7,49.5,35.2 / 123,35.0 / 123
9041,GA,Red,F,72,68.2,96.8,121,34.4,33.8,34.4,121,33.8,121,48.7,48.1,34.4 / 121,33.8 / 121
9187,GA,Blue,M,72,71.0,94.0,124,35.5,35.5,35.5,124,35.5,124,47.0,47.0,35.5 / 124,35.5 / 124
9187,GA,White,M,72,70.0,92.4,121,35.0,35.0,35.0,121,35.0,121,46.2,46.2,35.0 / 121,35.0 / 121
9187,GA,Gold,M,72,66.5,86.9,110,33.0,33.5,33.0,110,33.5,110,43.2,43.7,33.0 / 110,33.5 / 110
9187,GA,Red,M,72,65.5,85.1,105,32.5,33.0,32.5,105,33.0,105,42.3,42.8,32.5 / 105,33.0 / 105
9187,GA,White,F,72,75.4,104.8,125,37.6,37.8,37.6,124,37.8,126,52.2,52.6,37.6 / 124,37.8 / 126
9187,GA,Gold,F,72,70.5,98.0,117,34.7,35.8,34.7,114,35.8,120,48.1,49.9,34.7 / 114,35.8 / 120
9187,GA,Red,F,72,69.9,96.8,114,34.4,35.5,34.4,111,35.5,117,47.5,49.3,34.4 / 111,35.5 / 117
9179,GA,Blue,M,72,72.9,97.8,134,36.6,36.3,36.6,132,36.3,136,48.9,48.9,36.6 / 132,36.3 / 136
9179,GA,White,M,72,70.9,95.3,131,35.6,35.3,35.6,130,35.3,132,47.7,47.6,35.6 / 130,35.3 / 132
9179,GA,Gold,M,72,65.9,86.7,112,33.0,32.9,33.0,112,32.9,112,43.4,43.3,33.0 / 112,32.9 / 112
9179,GA,White,F,72,77.2,108.8,134,38.6,38.6,38.6,133,38.6,135,54.3,54.5,38.6 / 133,38.6 / 135
9179,GA,Gold,F,72,70.0,98.3,120,35.0,35.0,35.0,119,35.0,121,49.0,49.3,35.0 / 119,35.0 / 121
9179,GA,Red,F,72,69.2,97.1,118,34.5,34.7,34.5,116,34.7,120,48.2,48.9,34.5 / 116,34.7 / 120
8998,GA,Gold,M,72,72.0,96.7,133,36.3,35.7,36.3,135,35.7,131,48.8,47.9,36.3 / 135,35.7 / 131
8998,GA,Blue,M,72,70.3,93.3,124,35.4,34.9,35.4,125,34.9,123,47.0,46.3,35.4 / 125,34.9 / 123
8998,GA,White,M,72,68.0,89.8,117,34.8,33.2,34.8,119,33.2,115,45.9,43.9,34.8 / 119,33.2 / 115
8998,GA,Green,M,72,64.5,84.9,110,32.6,31.9,32.6,111,31.9,109,42.9,42.0,32.6 / 111,31.9 / 109
8998,GA,White,F,72,73.6,103.3,126,37.5,36.1,37.5,129,36.1,123,52.7,50.6,37.5 / 129,36.1 / 123
8998,GA,Green,F,72,68.1,95.9,118,34.7,33.4,34.7,120,33.4,116,48.8,47.1,34.7 / 120,33.4 / 116
8998,GA,Red,F,72,66.7,93.8,115,34.1,32.6,34.1,116,32.6,114,47.8,46.0,34.1 / 116,32.6 / 114
9165,GA,Blue,M,71,67.1,87.8,112,33.4,33.7,33.4,110,33.7,113,43.6,44.2,33.4 / 110,33.7 / 113
9165,GA,White,M,71,65.9,86.2,110,32.8,33.1,32.8,108,33.1,111,42.8,43.4,32.8 / 108,33.1 / 111
9165,GA,Gold,M,71,62.4,81.4,102,31.4,31.0,31.4,101,31.0,103,40.8,40.6,31.4 / 101,31.0 / 103
9165,GA,White,F,71,70.5,97.0,113,35.2,35.3,35.2,111,35.3,114,48.3,48.7,35.2 / 111,35.3 / 114
9165,GA,Gold,F,71,66.5,91.9,108,33.4,33.1,33.4,109,33.1,107,46.2,45.7,33.4 / 109,33.1 / 107
9165,GA,Red,F,71,65.9,90.9,106,33.1,32.8,33.1,108,32.8,104,45.8,45.1,33.1 / 108,32.8 / 104
9165,GA,Red - Winter 9,F,35,32.5,44.8,104,32.5,,32.5,104,,,44.8,,32.5 / 104,/
9027,GA,Black,M,72,72.8,97.7,134,36.5,36.3,36.5,129,36.3,139,48.5,49.2,36.5 / 129,36.3 / 139
9027,GA,Blue,M,72,70.6,94.8,130,35.4,35.2,35.4,127,35.2,133,47.2,47.6,35.4 / 127,35.2 / 133
9027,GA,Member,M,72,68.8,92.1,125,34.3,34.5,34.3,119,34.5,131,45.4,46.7,34.3 / 119,34.5 / 131
9027,GA,White,M,72,67.3,89.1,117,33.5,33.8,33.5,116,33.8,118,44.3,44.8,33.5 / 116,33.8 / 118
9027,GA,Red,M,72,63.6,83.8,109,31.6,32.0,31.6,108,32.0,110,41.6,42.2,31.6 / 108,32.0 / 110
9027,GA,White,F,72,71.8,101.5,126,35.3,36.5,35.3,125,36.5,127,50.0,51.5,35.3 / 125,36.5 / 127
9027,GA,Red,F,72,68.4,95.3,114,34.2,34.2,34.2,112,34.2,116,47.4,47.9,34.2 / 112,34.2 / 116
8968,GA,Blue,M,70,70.3,94.2,129,35.5,34.8,35.5,133,34.8,124,47.9,46.3,35.5 / 133,34.8 / 124
8968,GA,White,M,70,67.9,90.7,123,34.5,33.4,34.5,127,33.4,118,46.3,44.4,34.5 / 127,33.4 / 118
8968,GA,Green,M,70,65.8,86.9,114,33.4,32.4,33.4,118,32.4,110,44.3,42.6,33.4 / 118,32.4 / 110
8968,GA,Red,M,70,63.4,82.1,109,32.5,30.9,32.5,102,30.9,104,42.0,40.6,32.5 / 102,30.9 / 104
8968,GA,Blue,F,70,74.4,105.7,132,37.6,36.8,37.6,132,36.8,133,53.2,52.5,37.6 / 132,36.8 / 133
8968,GA,White,F,70,72.9,103.3,129,36.9,36.0,36.9,130,36.0,128,52.2,51.1,36.9 / 130,36.0 / 128
8968,GA,Green,F,70,70.0,93.8,121,35.9,34.1,35.9,116,34.1,106,49.6,46.6,35.9 / 116,34.1 / 106
8968,GA,Red,F,70,66.2,93.1,114,33.7,32.5,33.7,118,32.5,110,47.6,45.5,33.7 / 118,32.5 / 110
8967,GA,Black,M,72,73.5,99.7,141,36.9,36.6,36.9,142,36.6,140,50.1,49.6,36.9 / 142,36.6 / 140
8967,GA,Blue,M,72,71.8,97.2,137,36.1,35.7,36.1,138,35.7,136,48.9,48.3,36.1 / 138,35.7 / 136
8967,GA,White,M,72,70.4,95.1,133,35.0,35.4,35.0,133,35.4,132,47.4,47.7,35.0 / 133,35.4 / 132
8967,GA,Green,M,72,67.8,91.1,126,34.1,33.7,34.1,126,33.7,125,45.8,45.3,34.1 / 126,33.7 / 125
8967,GA,Red,M,72,65.4,83.7,117,32.8,32.6,32.8,117,32.6,117,43.7,43.5,32.8 / 117,32.6 / 117
8967,GA,Green,F,72,72.9,103.1,128,36.3,36.6,36.3,126,36.6,130,51.2,51.9,36.3 / 126,36.6 / 130
8967,GA,Red,F,72,68.6,96.4,118,34.0,34.6,34.0,117,34.6,119,47.8,48.6,34.0 / 117,34.6 / 119
9240,GA,Blue/Blue,M,70,68.2,91.8,128,34.1,34.1,34.1,128,34.1,128,45.9,45.9,34.1 / 128,34.1 / 128
9240,GA,White/Blue,M,70,67.6,87.1,125,33.5,34.1,33.5,122,34.1,128,44.8,46.0,33.5 / 122,34.1 / 128
9240,GA,White/White,M,70,67.0,90.0,124,33.5,33.5,33.5,124,33.5,124,45.0,45.0,33.5 / 124,33.5 / 124
9240,GA,Gold/Gold,M,70,64.6,86.2,118,32.3,32.3,32.3,118,32.3,118,43.3,43.3,32.3 / 118,32.3 / 118
9240,GA,Red/Red,M,70,62.4,83.2,112,31.2,31.2,31.2,112,31.2,112,41.6,41.6,31.2 / 112,31.2 / 112
9240,GA,White/White,F,70,72.4,101.0,130,35.2,35.2,35.2,130,35.2,130,50.5,50.5,35.2 / 130,35.2 / 130
9240,GA,Gold/Gold,F,70,69.4,98.2,122,34.7,34.7,34.7,122,34.7,122,49.1,49.1,34.7 / 122,34.7 / 122
9240,GA,Red/Red,F,70,66.4,90.8,112,32.2,32.2,32.2,112,32.2,112,45.4,45.4,32.2 / 112,32.2 / 112
30489,GA,Blue,M,31,30.4,39.7,100,30.4,,30.4,100,,,39.7,,30.4 / 100,/
30489,GA,White,M,31,29.8,38.8,97,29.8,,29.8,97,,,38.8,,29.8 / 97,/
30489,GA,Red,M,31,29.4,38.2,95,29.4,,29.4,95,,,38.2,,29.4 / 95,/
30489,GA,Blue,F,31,31.5,43.5,102,31.5,,31.5,102,,,43.5,,31.5 / 102,/
30489,GA,White,F,31,30.8,42.5,99,30.8,,30.8,99,,,42.5,,30.8 / 99,/
30489,GA,Red,F,31,29.8,41.2,97,29.8,,29.8,97,,,41.2,,29.8 / 97,/
9276,GA,Gold,M,72,71.8,96.3,132,36.0,35.8,36.0,129,35.8,135,48.0,48.3,36.0 / 129,35.8 / 135
9276,GA,Blue,M,72,70.1,94.1,129,35.0,35.1,35.0,126,35.1,132,46.7,47.4,35.0 / 126,35.1 / 132
9276,GA,White,M,72,67.8,90.4,122,33.8,34.0,33.8,117,34.0,127,44.6,45.8,33.8 / 117,34.0 / 127
9276,GA,Green,M,72,65.1,86.1,113,32.3,32.8,32.3,112,32.8,114,42.7,43.4,32.3 / 112,32.8 / 114
9276,GA,White,F,72,73.9,104.1,128,36.8,37.1,36.8,122,37.1,134,51.2,52.9,36.8 / 122,37.1 / 134
9276,GA,Green,F,72,70.4,98.6,120,35.2,35.2,35.2,114,35.2,126,48.6,50.0,35.2 / 114,35.2 / 126
9276,GA,Purple,F,72,68.5,95.4,114,34.2,34.3,34.2,110,34.3,118,47.2,48.2,34.2 / 110,34.3 / 118
9276,GA,Ladies Forward,F,72,63.6,88.4,105,31.7,31.9,31.7,100,31.9,110,43.5,44.9,31.7 / 100,31.9 / 110
9277,GA,Gold,M,72,70.9,95.1,130,35.5,35.4,35.5,127,35.4,133,47.3,47.8,35.5 / 127,35.4 / 133
9277,GA,Blue,M,72,69.6,93.4,128,34.8,34.8,34.8,127,34.8,129,46.6,46.8,34.8 / 127,34.8 / 129
9277,GA,White,M,72,68.5,91.9,126,34.2,34.3,34.2,126,34.3,126,45.9,46.0,34.2 / 126,34.3 / 126
9277,GA,Green,M,72,66.1,88.1,119,32.8,33.3,32.8,114,33.3,124,43.3,44.8,32.8 / 114,33.3 / 124
9277,GA,White,F,72,74.4,106.0,134,36.9,37.5,36.9,130,37.5,138,52.2,53.8,36.9 / 130,37.5 / 138
9277,GA,Green,F,72,71.3,100.7,125,35.3,36.0,35.3,120,36.0,130,49.4,51.3,35.3 / 120,36.0 / 130
9277,GA,Purple,F,72,69.6,96.9,116,34.5,35.1,34.5,114,35.1,118,47.9,49.0,34.5 / 114,35.1 / 118
9277,GA,Ladies Forward,F,72,65.3,89.6,103,32.5,32.8,32.5,102,32.8,104,44.5,45.1,32.5 / 102,32.8 / 104
9279,GA,White/Blue,M,71,70.3,93.4,124,34.6,35.7,34.6,121,35.7,126,45.8,47.4,34.6 / 121,35.7 / 126
9279,GA,White/White,M,71,69.4,92.4,124,34.6,34.8,34.6,123,34.8,125,46.0,46.4,34.6 / 123,34.8 / 125
9279,GA,Green/White,M,71,68.3,90.8,121,33.5,34.8,33.5,117,34.8,125,44.4,46.4,33.5 / 117,34.8 / 125
9279,GA,Green/Green,M,71,67.4,89.4,118,33.5,33.9,33.5,117,33.9,119,44.4,45.0,33.5 / 117,33.9 / 119
9279,GA,Red/Red,M,71,64.1,85.1,113,31.9,32.2,31.9,112,32.2,114,42.3,42.8,31.9 / 112,32.2 / 114
9279,GA,Red/Green,M,71,62.8,87.3,116,31.9,33.9,31.9,112,33.9,119,42.3,45.0,31.9 / 112,33.9 / 119
9279,GA,White/Blue,F,71,74.7,105.4,131,36.9,37.8,36.9,127,37.8,134,51.9,53.5,36.9 / 127,37.8 / 134
9279,GA,White/White,F,71,74.3,104.6,129,36.9,37.4,36.9,127,37.4,130,51.9,52.7,36.9 / 127,37.4 / 130
9279,GA,Green/White,F,71,71.2,99.9,122,33.8,37.4,33.8,114,37.4,130,47.2,52.7,33.8 / 114,37.4 / 130
9279,GA,Green/Green,F,71,68.2,95.6,117,33.8,34.4,33.8,114,34.4,119,47.2,48.4,33.8 / 114,34.4 / 119
9279,GA,Red/Green,F,71,67.2,94.1,115,32.8,34.4,32.8,110,34.4,119,45.8,48.3,32.8 / 110,34.4 / 119
9279,GA,Red/Red,F,71,66.1,92.3,111,32.8,33.3,32.8,110,33.3,112,45.8,46.5,32.8 / 110,33.3 / 112
8953,GA,Gold,M,70,72.4,98.4,140,36.2,36.2,36.2,137,36.2,143,48.9,49.5,36.2 / 137,36.2 / 143
8953,GA,Players,M,70,71.3,96.6,135,35.4,35.9,35.4,132,35.9,138,47.7,48.7,35.4 / 132,35.9 / 138
8953,GA,Blue,M,70,70.4,94.9,132,35.0,35.4,35.0,128,35.4,136,46.9,48.0,35.0 / 128,35.4 / 136
8953,GA,Brookhaven,M,70,69.5,93.7,130,34.4,35.1,34.4,128,35.1,132,46.3,47.4,34.4 / 128,35.1 / 132
8953,GA,White,M,70,68.5,92.1,127,34.1,34.4,34.1,126,34.4,128,45.8,46.3,34.1 / 126,34.4 / 128
8953,GA,Senior,M,70,67.1,88.2,122,33.3,33.8,33.3,121,33.8,123,44.5,45.2,33.3 / 121,33.8 / 123
8953,GA,Black,M,70,66.3,85.4,118,33.0,33.3,33.0,115,33.3,121,43.7,44.5,33.0 / 115,33.3 / 121
8953,GA,Green,M,70,64.1,84.9,112,32.0,32.1,32.0,110,32.1,114,42.2,42.7,32.0 / 110,32.1 / 114
8953,GA,Blue,F,70,76.5,110.9,146,38.6,37.9,38.6,142,37.9,150,55.3,55.6,38.6 / 142,37.9 / 150
8953,GA,White,F,70,75.0,104.3,141,37.5,37.5,37.5,138,37.5,144,53.8,54.5,37.5 / 138,37.5 / 144
8953,GA,Black,F,70,72.2,102.9,130,36.0,36.2,36.0,127,36.2,133,51.0,51.9,36.0 / 127,36.2 / 133
8953,GA,Ladies Players,F,70,70.7,100.4,126,35.4,35.3,35.4,124,35.3,128,50.0,50.4,35.4 / 124,35.3 / 128
8953,GA,Green,F,70,68.9,94.8,121,34.4,34.5,34.4,119,34.5,123,48.4,49.0,34.4 / 119,34.5 / 123
9198,GA,Tips,M,72,75.7,102.7,145,37.1,38.6,37.1,144,38.6,146,50.5,52.2,37.1 / 144,38.6 / 146
9198,GA,Championship,M,70,75.3,102.1,144,36.8,38.5,36.8,142,38.5,146,50.0,52.1,36.8 / 142,38.5 / 146
9198,GA,Gold,M,72,74.9,101.5,143,36.7,38.2,36.7,142,38.2,144,49.9,51.6,36.7 / 142,38.2 / 144
9198,GA,Players,M,72,73.9,100.1,141,36.4,37.5,36.4,140,37.5,142,49.4,50.7,36.4 / 140,37.5 / 142
9198,GA,Blue,M,72,72.7,98.3,138,35.8,36.9,35.8,137,36.9,139,48.5,49.8,35.8 / 137,36.9 / 139
9198,GA,Crabapple,M,72,71.5,96.6,135,35.3,36.2,35.3,133,36.2,137,47.7,48.9,35.3 / 133,36.2 / 137
9198,GA,White,M,72,70.6,95.2,132,34.9,35.7,34.9,131,35.7,133,47.1,48.1,34.9 / 131,35.7 / 133
9198,GA,Senior,M,72,68.8,92.7,129,34.2,34.6,34.2,128,34.6,129,46.1,46.6,34.2 / 128,34.6 / 129
9198,GA,Black,M,72,67.1,90.1,124,33.1,34.0,33.1,121,34.0,127,44.3,45.8,33.1 / 121,34.0 / 127
9198,GA,Green,M,72,65.0,87.3,120,32.4,32.6,32.4,119,32.6,121,43.5,43.8,32.4 / 119,32.6 / 121
9198,GA,White,F,72,76.9,110.6,143,37.8,39.1,37.8,138,39.1,148,54.1,56.5,37.8 / 138,39.1 / 148
9198,GA,Women's Players,F,72,75.8,108.5,139,37.4,38.1,37.4,136,38.1,142,53.4,54.8,37.4 / 136,38.1 / 142
9198,GA,Black,F,72,72.6,103.9,133,35.9,36.6,35.9,129,36.6,137,51.1,52.7,35.9 / 129,36.6 / 137
9198,GA,Green,F,72,70.2,99.9,126,35.2,35.0,35.2,123,35.0,129,49.7,50.2,35.2 / 123,35.0 / 129
9264,GA,Tournament,M,72,74.3,100.1,139,37.1,37.2,37.1,138,37.2,140,49.9,50.2,37.1 / 138,37.2 / 140
9264,GA,Black,M,72,73.6,99.0,137,36.8,36.8,36.8,136,36.8,138,49.4,49.6,36.8 / 136,36.8 / 138
9264,GA,Combo 1,M,72,72.2,97.4,136,36.2,36.0,36.2,133,36.0,138,48.6,48.8,36.2 / 133,36.0 / 138
9264,GA,Blue,M,72,71.4,96.2,133,35.8,35.6,35.8,133,35.6,133,48.2,48.0,35.8 / 133,35.6 / 133
9264,GA,Combo 2,M,72,70.4,94.4,129,35.3,35.1,35.3,131,35.1,127,47.5,46.9,35.3 / 131,35.1 / 127
9264,GA,White,M,72,69.9,93.1,125,35.2,34.7,35.2,127,34.7,123,47.0,46.1,35.2 / 127,34.7 / 123
9264,GA,Combo 3,M,72,67.9,90.3,121,34.1,33.8,34.1,124,33.8,117,45.6,44.7,34.1 / 124,33.8 / 117
9264,GA,Gold,M,72,66.2,87.6,115,33.7,32.5,33.7,116,32.5,114,44.5,43.1,33.7 / 116,32.5 / 114
9264,GA,Red,M,72,65.3,85.9,111,33.4,31.9,33.4,112,31.9,110,43.8,42.1,33.4 / 112,31.9 / 110
9264,GA,Gold,F,72,71.3,100.1,122,36.2,35.1,36.2,127,35.1,117,51.2,48.9,36.2 / 127,35.1 / 117
9264,GA,Red,F,72,70.3,98.6,120,35.9,34.4,35.9,126,34.4,114,50.8,47.8,35.9 / 126,34.4 / 114
9283,GA,Black,M,72,73.2,99.0,139,37.9,35.3,37.9,143,35.3,135,51.2,47.8,37.9 / 143,35.3 / 135
9283,GA,Purple,M,72,70.8,95.9,135,37.0,33.8,37.0,140,33.8,130,50.0,45.9,37.0 / 140,33.8 / 130
9283,GA,Purple/White,M,72,69.3,93.5,130,35.2,34.1,35.2,133,34.1,127,47.6,45.9,35.2 / 133,34.1 / 127
9283,GA,White,M,72,68.1,88.6,125,35.4,32.7,35.4,130,32.7,119,47.5,43.8,35.4 / 130,32.7 / 119
9283,GA,White/Gold,M,72,67.2,90.0,123,34.7,32.5,34.7,128,32.5,117,46.6,43.4,34.7 / 128,32.5 / 117
9283,GA,Gold,M,72,66.4,88.6,121,33.7,32.4,33.7,126,32.4,116,45.4,43.2,33.7 / 126,32.4 / 116
9283,GA,Gold/Silver,M,72,64.9,84.5,118,32.5,32.7,32.5,119,32.7,117,43.6,43.6,32.5 / 119,32.7 / 117
9283,GA,Silver,M,72,63.4,81.8,114,32.6,31.0,32.6,117,31.0,111,43.5,41.3,32.6 / 117,31.0 / 111
9283,GA,White,F,72,73.4,104.6,133,37.8,35.6,37.8,142,35.6,124,54.5,50.2,37.8 / 142,35.6 / 124
9283,GA,Gold,F,72,71.3,101.5,128,37.1,34.2,37.1,134,34.2,122,52.9,48.6,37.1 / 134,34.2 / 122
9283,GA,Silver,F,72,66.7,94.1,116,34.8,31.9,34.8,121,31.9,111,49.1,45.0,34.8 / 121,31.9 / 111
9024,GA,Gold,M,73,71.0,93.7,122,34.8,36.2,34.8,117,36.2,127,45.7,48.0,34.8 / 117,36.2 / 127
9024,GA,Blue,M,73,70.0,92.3,120,34.4,35.6,34.4,114,35.6,126,45.0,47.3,34.4 / 114,35.6 / 126
9024,GA,White,M,73,68.1,89.8,117,33.7,34.4,33.7,112,34.4,122,44.1,45.7,33.7 / 112,34.4 / 122
9024,GA,Silver Players,M,73,65.0,84.9,107,31.9,33.1,31.9,104,33.1,110,41.6,43.3,31.9 / 104,33.1 / 110
9024,GA,Silver,M,73,63.8,83.0,103,31.2,32.6,31.2,101,32.6,105,40.6,42.4,31.2 / 101,32.6 / 105
9024,GA,Red,M,73,61.6,80.2,100,30.3,31.3,30.3,98,31.3,102,39.4,40.8,30.3 / 98,31.3 / 102
9024,GA,White,F,73,73.5,102.2,122,35.9,37.6,35.9,119,37.6,125,49.9,52.3,35.9 / 119,37.6 / 125
9024,GA,Women's Players,F,73,69.9,97.0,115,34.0,35.9,34.0,110,35.9,120,47.0,50.0,34.0 / 110,35.9 / 120
9024,GA,Silver,F,73,68.2,94.6,112,33.3,34.9,33.3,108,34.9,116,46.0,48.6,33.3 / 108,34.9 / 116
9024,GA,Red,F,73,65.3,89.8,104,31.8,33.5,31.8,103,33.5,105,43.9,45.9,31.8 / 103,33.5 / 105
26394,GA,Blue,M,71,67.0,89.5,121,34.2,32.8,34.2,123,32.8,119,45.6,43.9,34.2 / 123,32.8 / 119
26394,GA,White,M,71,65.3,87.3,118,33.7,31.6,33.7,119,31.6,117,44.8,42.5,33.7 / 119,31.6 / 117
26394,GA,Gold,M,70,61.7,82.1,110,31.6,30.1,31.6,111,30.1,109,41.9,40.2,31.6 / 111,30.1 / 109
26394,GA,White,F,71,71.2,100.5,124,36.7,34.5,36.7,127,34.5,121,51.7,48.8,36.7 / 127,34.5 / 121
26394,GA,Gold,F,70,65.3,91.5,111,34.0,31.3,34.0,114,31.3,108,47.5,44.0,34.0 / 114,31.3 / 108
26394,GA,Red,F,69,62.8,87.6,105,32.6,30.2,32.6,107,30.2,103,45.2,42.4,32.6 / 107,30.2 / 103
14447,GA,Championship,M,72,75.6,102.4,144,37.9,37.7,37.9,145,37.7,143,51.4,51.0,37.9 / 145,37.7 / 143
14447,GA,Signature,M,72,72.3,98.1,139,36.0,36.3,36.0,140,36.3,138,49.0,49.1,36.0 / 140,36.3 / 138
14447,GA,Tournament,M,72,71.8,97.2,137,35.9,35.9,35.9,138,35.9,136,48.7,48.5,35.9 / 138,35.9 / 136
14447,GA,Member,M,72,70.8,95.2,131,35.4,35.4,35.4,132,35.4,130,47.7,47.5,35.4 / 132,35.4 / 130
14447,GA,Alternate,M,72,67.0,89.6,122,33.1,33.9,33.1,121,33.9,123,44.3,45.3,33.1 / 121,33.9 / 123
14447,GA,Forward,M,72,65.9,88.1,119,32.6,33.3,32.6,118,33.3,120,43.6,44.5,32.6 / 118,33.3 / 120
14447,GA,Member,F,72,76.8,108.8,136,38.7,38.1,38.7,137,38.1,135,54.8,54.0,38.7 / 137,38.1 / 135
14447,GA,Alternate,F,72,72.3,102.2,127,35.8,36.5,35.8,124,36.5,130,50.4,51.8,35.8 / 124,36.5 / 130
14447,GA,Forward,F,72,71.1,100.6,125,35.2,35.9,35.2,123,35.9,127,49.7,50.9,35.2 / 123,35.9 / 127
14449,GA,Championship,M,72,75.3,102.1,144,37.4,37.9,37.4,143,37.9,145,50.7,51.4,37.4 / 143,37.9 / 145
14449,GA,Signature,M,72,72.2,97.7,137,36.2,36.0,36.2,134,36.0,140,48.7,49.0,36.2 / 134,36.0 / 140
14449,GA,Tournament,M,72,71.3,96.4,135,35.4,35.9,35.4,132,35.9,138,47.7,48.7,35.4 / 132,35.9 / 138
14449,GA,Member,M,72,70.0,94.2,130,34.6,35.4,34.6,128,35.4,132,46.5,47.7,34.6 / 128,35.4 / 132
14449,GA,Alternate,M,72,66.1,88.2,119,33.0,33.1,33.0,117,33.1,121,43.9,44.3,33.0 / 117,33.1 / 121
14449,GA,Forward,M,72,64.9,86.7,117,32.3,32.6,32.3,116,32.6,118,43.1,43.6,32.3 / 116,32.6 / 118
14449,GA,Member,F,72,76.1,108.1,136,37.4,38.7,37.4,135,38.7,137,53.3,54.8,37.4 / 135,38.7 / 137
14449,GA,Alternate,F,72,71.2,100.9,126,35.4,35.8,35.4,128,35.8,124,50.5,50.4,35.4 / 128,35.8 / 124
14449,GA,Forward,F,72,70.0,99.2,124,34.8,35.2,34.8,125,35.2,123,49.5,49.7,34.8 / 125,35.2 / 123
14448,GA,Championship,M,72,75.1,101.7,143,37.7,37.4,37.7,143,37.4,143,51.0,50.7,37.7 / 143,37.4 / 143
14448,GA,Signature,M,72,72.5,97.8,136,36.3,36.2,36.3,138,36.2,134,49.1,48.7,36.3 / 138,36.2 / 134
14448,GA,Tournament,M,72,71.3,96.2,134,35.9,35.4,35.9,136,35.4,132,48.5,47.7,35.9 / 136,35.4 / 132
14448,GA,Member,M,72,70.0,94.0,129,35.4,34.6,35.4,130,34.6,128,47.5,46.5,35.4 / 130,34.6 / 128
14448,GA,Alternate,M,72,66.9,89.2,120,33.9,33.0,33.9,123,33.0,117,45.3,43.9,33.9 / 123,33.0 / 117
14448,GA,Forward,M,72,65.6,87.6,118,33.3,32.3,33.3,120,32.3,116,44.5,43.1,33.3 / 120,32.3 / 116
14448,GA,Member,F,72,75.5,107.3,135,38.1,37.4,38.1,135,37.4,135,54.0,53.3,38.1 / 135,37.4 / 135
14448,GA,Alternate,F,72,71.9,102.3,129,36.5,35.4,36.5,130,35.4,128,51.8,50.5,36.5 / 130,35.4 / 128
14448,GA,Forward,F,72,70.7,100.4,126,35.9,34.8,35.9,127,34.8,125,50.9,49.5,35.9 / 127,34.8 / 125
9119,GA,Gold,M,72,71.3,95.8,132,35.8,35.5,35.8,128,35.5,136,47.7,48.1,35.8 / 128,35.5 / 136
9119,GA,Blue,M,72,70.1,94.1,129,35.3,34.8,35.3,126,34.8,132,47.0,47.1,35.3 / 126,34.8 / 132
9119,GA,White,M,72,68.9,92.3,126,34.7,34.2,34.7,123,34.2,129,46.1,46.2,34.7 / 123,34.2 / 129
9119,GA,Teal,M,72,66.7,89.0,120,33.7,33.0,33.7,118,33.0,122,44.7,44.3,33.7 / 118,33.0 / 122
9119,GA,Red,M,72,64.7,86.3,116,32.4,32.3,32.4,114,32.3,118,43.0,43.3,32.4 / 114,32.3 / 118
9119,GA,Blue,F,72,75.4,109.1,143,37.9,37.5,37.9,142,37.5,144,54.6,54.5,37.9 / 142,37.5 / 144
9119,GA,White,F,72,74.7,107.4,139,37.6,37.1,37.6,136,37.1,142,53.6,53.8,37.6 / 136,37.1 / 142
9119,GA,Teal,F,72,71.6,102.1,129,36.1,35.5,36.1,126,35.5,132,51.0,51.1,36.1 / 126,35.5 / 132
9119,GA,Red,F,72,69.2,97.7,121,34.3,34.9,34.3,116,34.9,126,48.0,49.7,34.3 / 116,34.9 / 126
8978,GA,Back,M,30,30.3,40.3,108,30.3,,30.3,108,,,40.3,,30.3 / 108,/
8978,GA,Middle,M,30,29.3,39.0,104,29.3,,29.3,104,,,39.0,,29.3 / 104,/
8978,GA,Back,F,30,31.3,44.3,110,31.3,,31.3,110,,,44.3,,31.3 / 110,/
8978,GA,Middle,F,30,30.0,42.3,104,30.0,,30.0,104,,,42.3,,30.0 / 104,/
9253,GA,Blue,M,71,71.1,94.7,127,34.8,36.3,34.8,126,36.3,128,46.5,48.2,34.8 / 126,36.3 / 128
9253,GA,White,M,71,70.1,92.9,123,34.3,35.8,34.3,122,35.8,124,45.6,47.3,34.3 / 122,35.8 / 124
9253,GA,Silver,M,71,64.5,85.3,112,32.0,32.5,32.0,112,32.5,112,42.4,42.9,32.0 / 112,32.5 / 112
9253,GA,White,F,71,75.6,106.5,131,37.1,38.5,37.1,127,38.5,135,52.1,54.4,37.1 / 127,38.5 / 135
9253,GA,Silver,F,71,69.5,97.1,117,34.3,35.2,34.3,113,35.2,121,47.6,49.5,34.3 / 113,35.2 / 121
9082,GA,Silver,M,71,73.7,99.3,138,37.1,36.6,37.1,137,36.6,139,49.8,49.5,37.1 / 137,36.6 / 139
9082,GA,Green,M,71,71.2,96.0,133,36.0,35.2,36.0,133,35.2,133,48.4,47.6,36.0 / 133,35.2 / 133
9082,GA,Gold,M,71,68.8,91.4,122,35.0,33.8,35.0,122,33.8,122,46.3,45.1,35.0 / 122,33.8 / 122
9082,GA,Blue,M,71,66.3,87.9,116,33.7,32.6,33.7,116,32.6,116,44.5,43.4,33.7 / 116,32.6 / 116
9082,GA,Black,M,71,64.6,85.0,110,32.8,31.8,32.8,110,31.8,110,43.0,42.0,32.8 / 110,31.8 / 110
9082,GA,Green,F,71,77.2,111.4,145,38.9,38.3,38.9,144,38.3,146,55.9,55.5,38.9 / 144,38.3 / 146
9082,GA,Gold,F,71,74.3,106.2,135,37.6,36.7,37.6,133,36.7,137,53.3,52.9,37.6 / 133,36.7 / 137
9082,GA,Blue,F,71,71.6,100.4,122,36.6,35.0,36.6,120,35.0,124,50.8,49.6,36.6 / 120,35.0 / 124
9082,GA,Black,F,71,69.7,97.3,117,35.7,34.0,35.7,116,34.0,118,49.4,47.9,35.7 / 116,34.0 / 118
9083,GA,Gold,M,72,73.1,98.2,135,36.8,36.3,36.8,138,36.3,132,49.6,48.6,36.8 / 138,36.3 / 132
9083,GA,Green,M,72,71.1,95.6,132,35.9,35.2,35.9,135,35.2,129,48.4,47.2,35.9 / 135,35.2 / 129
9083,GA,White,M,72,68.4,91.8,126,34.4,34.0,34.4,130,34.0,122,46.5,45.3,34.4 / 130,34.0 / 122
9083,GA,Burgundy,M,72,64.5,86.8,120,32.9,31.6,32.9,121,31.6,119,44.1,42.7,32.9 / 121,31.6 / 119
9083,GA,White,F,72,74.6,107.2,138,37.6,37.0,37.6,138,37.0,138,53.9,53.3,37.6 / 138,37.0 / 138
9083,GA,Burgundy,F,72,69.2,99.6,129,35.2,34.0,35.2,130,34.0,128,50.5,49.1,35.2 / 130,34.0 / 128
9074,GA,Black,M,72,75.0,99.4,131,37.3,37.7,37.3,132,37.7,130,49.6,49.8,37.3 / 132,37.7 / 130
9074,GA,Players,M,72,73.5,97.3,128,36.6,36.9,36.6,129,36.9,127,48.6,48.7,36.6 / 129,36.9 / 127
9074,GA,Blue,M,72,72.6,96.0,126,36.2,36.4,36.2,127,36.4,125,48.0,48.0,36.2 / 127,36.4 / 125
9074,GA,Tournament,M,72,70.9,93.9,124,35.6,35.3,35.6,125,35.3,123,47.2,46.7,35.6 / 125,35.3 / 123
9074,GA,White,M,72,69.4,91.8,121,34.6,34.8,34.6,121,34.8,121,45.8,46.0,34.6 / 121,34.8 / 121
9074,GA,Gold,M,72,66.7,88.1,115,33.2,33.5,33.2,115,33.5,115,43.9,44.2,33.2 / 115,33.5 / 115
9074,GA,Green,M,72,64.0,84.4,110,31.8,32.2,31.8,110,32.2,110,42.0,42.4,31.8 / 110,32.2 / 110
9074,GA,White,F,72,74.6,104.5,127,37.2,37.4,37.2,126,37.4,128,52.0,52.5,37.2 / 126,37.4 / 128
9074,GA,Gold,F,72,71.5,99.8,120,35.8,35.7,35.8,118,35.7,122,49.7,50.1,35.8 / 118,35.7 / 122
9074,GA,Green,F,72,68.6,96.0,116,34.2,34.4,34.2,115,34.4,117,47.8,48.2,34.2 / 115,34.4 / 117
9074,GA,Red,F,72,68.2,94.8,113,34.1,34.1,34.1,112,34.1,114,47.3,47.5,34.1 / 112,34.1 / 114
8966,GA,Blue,M,72,72.2,96.2,129,36.4,35.8,36.4,130,35.8,128,48.5,47.7,36.4 / 130,35.8 / 128
8966,GA,White,M,72,69.6,92.6,124,34.8,34.8,34.8,126,34.8,122,46.5,46.1,34.8 / 126,34.8 / 122
8966,GA,Gold,M,72,64.6,84.6,108,31.8,32.8,31.8,107,32.8,109,41.7,42.9,31.8 / 107,32.8 / 109
8966,GA,Red,M,72,64.1,83.8,106,31.7,32.4,31.7,105,32.4,107,41.5,42.3,31.7 / 105,32.4 / 107
8966,GA,White,F,73,75.9,107.0,132,38.0,37.9,38.0,133,37.9,131,53.7,53.3,38.0 / 133,37.9 / 131
8966,GA,Gold,F,73,69.5,97.3,118,34.3,35.2,34.3,117,35.2,119,48.1,49.2,34.3 / 117,35.2 / 119
8966,GA,Red,F,72,68.8,96.4,117,34.1,34.7,34.1,116,34.7,118,47.8,48.6,34.1 / 116,34.7 / 118
9049,GA,Blue,M,71,69.4,91.7,120,34.7,34.7,34.7,117,34.7,123,45.6,46.1,34.7 / 117,34.7 / 123
9049,GA,White,M,71,68.3,90.0,117,34.2,34.1,34.2,113,34.1,121,44.7,45.3,34.2 / 113,34.1 / 121
9049,GA,Gold,M,71,64.0,83.7,106,32.0,32.0,32.0,104,32.0,108,41.7,42.0,32.0 / 104,32.0 / 108
9049,GA,Gold,F,71,69.1,95.5,112,34.3,34.8,34.3,109,34.8,115,47.1,48.4,34.3 / 109,34.8 / 115
9049,GA,Red,F,71,67.1,92.1,106,33.1,34.0,33.1,102,34.0,110,45.1,47.0,33.1 / 102,34.0 / 110
9209,GA,Black,M,72,74.5,101.3,144,37.6,36.9,37.6,145,36.9,143,51.1,50.2,37.6 / 145,36.9 / 143
9209,GA,Blue,M,72,71.7,97.0,136,36.4,35.3,36.4,139,35.3,133,49.3,47.7,36.4 / 139,35.3 / 133
9209,GA,Augusta,M,72,69.5,93.9,131,35.5,34.0,35.5,133,34.0,129,47.9,46.0,35.5 / 133,34.0 / 129
9209,GA,Gold,M,72,66.9,90.3,126,33.5,33.4,33.5,126,33.4,126,45.2,45.1,33.5 / 126,33.4 / 126
9209,GA,Augusta,F,72,75.1,108.3,141,38.2,36.9,38.2,145,36.9,137,55.3,53.0,38.2 / 145,36.9 / 137
9209,GA,Gold,F,72,71.9,102.3,129,36.1,35.8,36.1,130,35.8,128,51.4,50.9,36.1 / 130,35.8 / 128
9209,GA,Burgundy,F,72,70.5,99.5,123,35.9,34.6,35.9,128,34.6,118,51.0,48.5,35.9 / 128,34.6 / 118
9275,GA,Black,M,72,75.2,101.8,143,37.9,37.3,37.9,141,37.3,145,51.0,50.8,37.9 / 141,37.3 / 145
9275,GA,Fazio,M,72,74.0,99.8,139,37.1,36.9,37.1,136,36.9,142,49.7,50.1,37.1 / 136,36.9 / 142
9275,GA,Burgundy,M,72,73.1,98.6,137,36.9,36.2,36.9,134,36.2,140,49.4,49.2,36.9 / 134,36.2 / 140
9275,GA,Founders,M,72,71.6,96.7,135,35.8,35.8,35.8,132,35.8,138,48.1,48.6,35.8 / 132,35.8 / 138
9275,GA,Blue,M,72,71.1,95.5,131,35.5,35.6,35.5,129,35.6,133,47.5,48.0,35.5 / 129,35.6 / 133
9275,GA,Arrow,M,72,69.8,94.0,130,34.8,35.0,34.8,128,35.0,132,46.7,47.3,34.8 / 128,35.0 / 132
9275,GA,White,M,72,68.4,92.0,127,34.1,34.3,34.1,126,34.3,128,45.8,46.2,34.1 / 126,34.3 / 128
9275,GA,Cherokee,M,72,67.1,90.1,124,33.7,33.4,33.7,124,33.4,124,45.2,44.9,33.7 / 124,33.4 / 124
9275,GA,Gold,M,72,65.5,88.1,122,33.1,32.4,33.1,123,32.4,121,44.5,43.6,33.1 / 123,32.4 / 121
9275,GA,Gold Forward,M,72,64.9,87.2,120,32.9,32.0,32.9,121,32.0,119,44.1,43.1,32.9 / 121,32.0 / 119
9275,GA,Green,M,72,59.6,79.0,104,29.6,30.0,29.6,103,30.0,105,39.2,39.8,29.6 / 103,30.0 / 105
9275,GA,Blue,F,72,77.6,112.1,146,38.8,38.8,38.8,142,38.8,150,55.6,56.5,38.8 / 142,38.8 / 150
9275,GA,Arrow,F,72,76.3,110.0,143,38.1,38.2,38.1,139,38.2,147,54.5,55.5,38.1 / 139,38.2 / 147
9275,GA,White,F,72,74.4,107.2,139,37.2,37.2,37.2,135,37.2,143,53.1,54.1,37.2 / 135,37.2 / 143
9275,GA,Cherokee,F,72,72.6,104.2,134,36.5,36.1,36.5,132,36.1,136,52.1,52.1,36.5 / 132,36.1 / 136
9275,GA,Gold,F,72,70.8,101.6,130,34.6,36.2,34.6,127,36.2,133,49.7,51.9,34.6 / 127,36.2 / 133
9275,GA,Gold Forward,F,72,69.5,98.6,123,35.1,34.4,35.1,126,34.4,120,50.0,48.6,35.1 / 126,34.4 / 120
9275,GA,Green,F,72,61.1,86.4,107,30.3,30.8,30.3,104,30.8,110,42.6,43.8,30.3 / 104,30.8 / 110
13996,GA,Black,M,70,71.9,96.8,134,35.7,36.2,35.7,129,36.2,139,47.7,49.1,35.7 / 129,36.2 / 139
13996,GA,Fazio,M,70,71.4,96.1,133,35.4,36.0,35.4,128,36.0,138,47.3,48.8,35.4 / 128,36.0 / 138
13996,GA,Burgundy,M,70,70.7,95.0,131,35.2,35.5,35.2,125,35.5,137,46.8,48.2,35.2 / 125,35.5 / 137
13996,GA,Founders,M,70,69.7,93.4,128,34.4,35.3,34.4,122,35.3,134,45.7,47.7,34.4 / 122,35.3 / 134
13996,GA,Blue,M,70,68.7,91.9,125,34.0,34.7,34.0,121,34.7,129,45.2,46.7,34.0 / 121,34.7 / 129
13996,GA,Arrow,M,70,67.9,90.6,122,33.6,34.3,33.6,117,34.3,127,44.5,46.1,33.6 / 117,34.3 / 127
13996,GA,White,M,70,67.2,89.3,119,33.1,34.1,33.1,113,34.1,125,43.6,45.7,33.1 / 113,34.1 / 125
13996,GA,Cherokee,M,70,65.6,87.1,116,32.5,33.1,32.5,111,33.1,121,42.8,44.3,32.5 / 111,33.1 / 121
13996,GA,Gold,M,70,64.5,85.7,114,31.8,32.7,31.8,109,32.7,119,41.9,43.8,31.8 / 109,32.7 / 119
13996,GA,Gold Forward,M,70,64.0,85.0,113,31.7,32.3,31.7,109,32.3,117,41.8,43.2,31.7 / 109,32.3 / 117
13996,GA,Green,M,70,59.2,78.3,103,29.0,30.2,29.0,94,30.2,112,37.7,40.6,29.0 / 94,30.2 / 112
13996,GA,Blue,F,70,74.3,106.2,135,37.1,37.2,37.1,132,37.2,138,52.7,53.5,37.1 / 132,37.2 / 138
13996,GA,Arrow,F,70,73.4,104.7,133,36.7,36.7,36.7,130,36.7,136,52.0,52.7,36.7 / 130,36.7 / 136
13996,GA,White,F,70,72.5,103.4,131,36.1,36.4,36.1,127,36.4,135,51.1,52.3,36.1 / 127,36.4 / 135
13996,GA,Cherokee,F,70,70.6,100.5,127,35.1,35.5,35.1,124,35.5,130,49.7,50.8,35.1 / 124,35.5 / 130
13996,GA,Gold,F,70,69.6,98.8,124,34.3,35.3,34.3,122,35.3,126,48.7,50.1,34.3 / 122,35.3 / 126
13996,GA,Gold Forward,F,70,69.0,98.0,123,34.1,34.9,34.1,121,34.9,125,48.4,49.6,34.1 / 121,34.9 / 125
13996,GA,Green,F,70,61.2,86.5,107,29.9,31.3,29.9,99,31.3,115,41.6,44.9,29.9 / 99,31.3 / 115
9254,GA,Black,M,71,72.7,98.9,141,36.5,36.2,36.5,142,36.2,140,49.7,49.2,36.5 / 142,36.2 / 140
9254,GA,Black/Blue,M,71,71.8,97.6,139,36.0,35.8,36.0,141,35.8,137,49.1,48.5,36.0 / 141,35.8 / 137
9254,GA,Blue,M,71,70.9,96.3,137,35.6,35.3,35.6,139,35.3,135,48.5,47.8,35.6 / 139,35.3 / 135
9254,GA,Blue/White,M,71,70.0,94.9,134,35.0,35.0,35.0,135,35.0,133,47.5,47.4,35.0 / 135,35.0 / 133
9254,GA,White,M,71,69.1,93.5,131,34.7,34.4,34.7,133,34.4,129,47.1,46.4,34.7 / 133,34.4 / 129
9254,GA,White/Gold,M,71,68.3,92.3,129,34.2,34.1,34.2,131,34.1,127,46.4,45.9,34.2 / 131,34.1 / 127
9254,GA,Gold,M,71,66.7,90.1,126,33.4,33.3,33.4,127,33.3,125,45.2,44.9,33.4 / 127,33.3 / 125
9254,GA,Gold/Red,M,71,65.8,88.6,123,33.1,32.7,33.1,123,32.7,123,44.5,44.1,33.1 / 123,32.7 / 123
9254,GA,Red,M,71,64.0,86.3,120,32.1,31.9,32.1,121,31.9,119,43.3,43.0,32.1 / 121,31.9 / 119
9254,GA,Blue,F,71,77.0,111.6,147,39.0,38.0,39.0,147,38.0,147,56.3,55.3,39.0 / 147,38.0 / 147
9254,GA,White,F,71,74.7,108.5,143,37.7,37.0,37.7,143,37.0,143,54.6,53.9,37.7 / 143,37.0 / 143
9254,GA,White/Gold,F,71,73.4,106.6,141,37.0,36.4,37.0,141,36.4,141,53.6,53.0,37.0 / 141,36.4 / 141
9254,GA,Gold,F,71,72.0,104.4,137,36.2,35.8,36.2,137,35.8,137,52.4,52.0,36.2 / 137,35.8 / 137
9254,GA,Gold/Red,F,71,70.8,101.9,132,35.6,35.2,35.6,133,35.2,131,51.3,50.6,35.6 / 133,35.2 / 131
9254,GA,Red,F,71,68.8,98.0,124,34.5,34.3,34.5,126,34.3,122,49.3,48.7,34.5 / 126,34.3 / 122
9182,GA,Gold,M,72,72.7,97.8,135,35.9,36.8,35.9,131,36.8,139,48.1,49.7,35.9 / 131,36.8 / 139
9182,GA,Blue,M,72,71.2,95.5,131,35.4,35.8,35.4,127,35.8,135,47.2,48.3,35.4 / 127,35.8 / 135
9182,GA,White,M,72,68.8,91.4,122,34.2,34.6,34.2,122,34.6,122,45.5,45.9,34.2 / 122,34.6 / 122
9182,GA,Mixed,M,72,67.9,90.2,120,34.0,33.9,34.0,122,33.9,118,45.3,44.9,34.0 / 122,33.9 / 118
9182,GA,Black,M,72,65.5,85.6,108,32.7,32.8,32.7,111,32.8,105,43.0,42.6,32.7 / 111,32.8 / 105
9182,GA,White,F,72,74.3,105.9,134,36.7,37.6,36.7,133,37.6,135,52.4,53.5,36.7 / 133,37.6 / 135
9182,GA,Black,F,72,70.2,98.2,119,34.2,36.0,34.2,117,36.0,121,48.0,50.3,34.2 / 117,36.0 / 121
31268,GA,Gold,M,72,72.7,97.4,133,35.9,36.8,35.9,131,36.8,135,48.1,49.3,35.9 / 131,36.8 / 135
31268,GA,Blue,M,72,71.3,95.5,130,35.4,35.9,35.4,127,35.9,133,47.2,48.3,35.4 / 127,35.9 / 133
31268,GA,White,M,72,68.7,91.5,123,34.2,34.5,34.2,122,34.5,124,45.5,46.0,34.2 / 122,34.5 / 124
31268,GA,Mixed,M,72,66.8,89.5,123,34.0,32.8,34.0,122,32.8,123,45.3,44.2,34.0 / 122,32.8 / 123
31268,GA,Black,M,72,63.6,84.6,113,32.1,31.5,32.1,117,31.5,109,43.0,41.6,32.1 / 117,31.5 / 109
31268,GA,White,F,72,74.2,105.3,132,36.7,37.5,36.7,133,37.5,131,52.4,52.9,36.7 / 133,37.5 / 131
31268,GA,Black,F,72,68.6,96.7,119,34.2,34.4,34.2,117,34.4,121,48.0,48.7,34.2 / 117,34.4 / 121
31266,GA,Gold,M,72,72.7,97.8,135,36.8,35.9,36.8,139,35.9,131,49.7,48.1,36.8 / 139,35.9 / 131
31266,GA,Blue,M,72,71.2,95.5,131,35.8,35.4,35.8,135,35.4,127,48.3,47.2,35.8 / 135,35.4 / 127
31266,GA,White,M,72,68.8,91.4,122,34.6,34.2,34.6,122,34.2,122,45.9,45.5,34.6 / 122,34.2 / 122
31266,GA,Mixed,M,72,67.9,90.4,122,33.9,34.0,33.9,121,34.0,122,45.1,45.3,33.9 / 121,34.0 / 122
31266,GA,Black,M,72,65.0,87.2,120,32.3,32.7,32.3,123,32.7,116,43.7,43.5,32.3 / 123,32.7 / 116
31266,GA,White,F,72,74.3,105.9,134,37.6,36.7,37.6,135,36.7,133,53.5,52.4,37.6 / 135,36.7 / 133
31266,GA,Black,F,72,70.2,98.2,119,36.0,34.2,36.0,121,34.2,117,50.3,48.0,36.0 / 121,34.2 / 117
9183,GA,Gold,M,72,73.6,99.0,137,36.8,36.8,36.8,139,36.8,135,49.7,49.3,36.8 / 139,36.8 / 135
9183,GA,Blue,M,72,71.7,96.6,134,35.8,35.9,35.8,135,35.9,133,48.3,48.3,35.8 / 135,35.9 / 133
9183,GA,White,M,72,69.1,91.9,123,34.6,34.5,34.6,122,34.5,124,45.9,46.0,34.6 / 122,34.5 / 124
9183,GA,Mixed,M,72,66.7,89.3,122,33.9,32.8,33.9,121,32.8,123,45.1,44.2,33.9 / 121,32.8 / 123
9183,GA,Black,M,72,64.4,86.1,117,32.4,32.0,32.4,111,32.0,123,42.7,43.4,32.4 / 111,32.0 / 123
9183,GA,White,F,72,75.1,106.5,133,37.6,37.5,37.6,135,37.5,131,53.5,53.0,37.6 / 135,37.5 / 131
9183,GA,Black,F,72,70.4,98.5,121,36.0,34.4,36.0,121,34.4,121,50.3,48.7,36.0 / 121,34.4 / 121
9184,GA,Gold,M,72,72.7,97.4,133,36.8,35.9,36.8,135,35.9,131,49.3,48.1,36.8 / 135,35.9 / 131
9184,GA,Blue,M,72,71.3,95.5,130,35.9,35.4,35.9,133,35.4,127,48.3,47.2,35.9 / 133,35.4 / 127
9184,GA,White,M,72,68.7,91.5,123,34.5,34.2,34.5,124,34.2,122,46.0,45.5,34.5 / 124,34.2 / 122
9184,GA,Mixed,M,72,66.8,89.5,124,32.8,34.0,32.8,123,34.0,122,44.2,45.3,32.8 / 123,34.0 / 122
9184,GA,Black,M,72,65.1,84.8,106,32.4,32.7,32.4,101,32.7,111,41.8,43.0,32.4 / 101,32.7 / 111
9184,GA,White,F,72,74.2,105.4,132,37.5,36.7,37.5,131,36.7,133,53.0,52.4,37.5 / 131,36.7 / 133
9184,GA,Black,F,72,68.6,97.6,124,34.4,34.2,34.4,121,34.2,127,48.7,49.2,34.4 / 121,34.2 / 127
31267,GA,Gold,M,72,73.6,99.0,137,36.8,36.8,36.8,135,36.8,139,49.3,49.7,36.8 / 135,36.8 / 139
31267,GA,Blue,M,72,71.7,96.6,134,35.9,35.8,35.9,133,35.8,135,48.3,48.3,35.9 / 133,35.8 / 135
31267,GA,White,M,72,69.1,91.9,123,34.5,34.6,34.5,124,34.6,122,46.0,45.9,34.5 / 124,34.6 / 122
31267,GA,Mixed,M,72,66.7,89.3,122,32.8,33.9,32.8,123,33.9,121,44.2,45.1,32.8 / 123,33.9 / 121
31267,GA,Black,M,72,64.6,87.3,123,32.2,32.4,32.2,124,32.4,121,43.7,43.6,32.2 / 124,32.4 / 121
31267,GA,White,F,72,75.1,106.4,133,37.5,37.6,37.5,131,37.6,135,52.9,53.5,37.5 / 131,37.6 / 135
31267,GA,Black,F,72,70.0,89.0,121,34.4,36.0,34.4,121,36.0,121,48.7,50.3,34.4 / 121,36.0 / 121
9270,GA,Championship,M,72,73.1,98.7,138,36.6,36.5,36.6,138,36.5,138,49.4,49.3,36.6 / 138,36.5 / 138
9270,GA,Black,M,72,71.9,97.0,136,36.1,35.8,36.1,136,35.8,135,48.7,48.3,36.1 / 136,35.8 / 135
9270,GA,Blue,M,72,70.3,95.5,131,35.1,35.2,35.1,131,35.2,131,47.3,47.4,35.1 / 131,35.2 / 131
9270,GA,White,M,72,66.3,89.3,124,33.3,33.0,33.3,125,33.0,123,44.9,44.4,33.3 / 125,33.0 / 123
9270,GA,Silver,M,72,63.8,85.4,117,32.3,31.5,32.3,119,31.5,113,43.4,42.0,32.3 / 119,31.5 / 113
9270,GA,Red,M,72,62.0,83.0,113,31.2,30.8,31.2,116,30.8,110,42.0,41.0,31.2 / 116,30.8 / 110
9270,GA,White,F,72,71.7,99.9,120,36.2,35.5,36.2,119,35.5,120,50.2,49.7,36.2 / 119,35.5 / 120
9270,GA,Silver,F,72,67.6,93.6,110,34.5,33.1,34.5,110,33.1,110,47.5,46.1,34.5 / 110,33.1 / 110
9270,GA,Red,F,72,66.0,91.0,106,33.1,32.9,33.1,108,32.9,104,45.8,45.2,33.1 / 108,32.9 / 104
9114,GA,Gold,M,72,71.1,94.0,123,34.9,36.2,34.9,118,36.2,128,45.9,48.1,34.9 / 118,36.2 / 128
9114,GA,Presidential,M,72,70.4,92.9,121,34.5,35.9,34.5,116,35.9,126,45.3,47.6,34.5 / 116,35.9 / 126
9114,GA,Blue,M,72,69.5,91.6,119,34.2,35.3,34.2,114,35.3,124,44.8,46.8,34.2 / 114,35.3 / 124
9114,GA,White,M,72,67.6,89.0,115,33.3,34.3,33.3,112,34.3,118,43.7,45.3,33.3 / 112,34.3 / 118
9114,GA,Green,M,72,65.4,86.2,112,32.4,33.0,32.4,111,33.0,113,42.7,43.5,32.4 / 111,33.0 / 113
9114,GA,White,F,72,73.2,103.1,127,36.4,36.8,36.4,124,36.8,130,51.0,52.1,36.4 / 124,36.8 / 130
9114,GA,Green,F,72,70.0,98.6,121,34.6,35.4,34.6,116,35.4,126,48.3,50.3,34.6 / 116,35.4 / 126
9114,GA,Black,F,72,66.6,93.7,115,32.9,33.7,32.9,111,33.7,119,46.0,47.7,32.9 / 111,33.7 / 119
9221,GA,Black,M,72,71.8,96.8,131,36.1,35.7,36.1,132,35.7,128,48.3,47.7,36.1 / 132,35.7 / 128
9221,GA,Blue,M,72,70.3,93.6,126,35.1,35.2,35.1,130,35.2,121,47.2,46.4,35.1 / 130,35.2 / 121
9221,GA,White,M,72,66.2,88.1,118,33.0,33.2,33.0,112,33.2,124,43.4,44.7,33.0 / 112,33.2 / 124
9221,GA,Red,M,72,63.9,81.4,112,32.0,31.9,32.0,115,31.9,109,42.7,42.0,32.0 / 115,31.9 / 109
9221,GA,White,F,72,71.2,97.2,123,35.9,35.3,35.9,125,35.3,121,50.5,49.4,35.9 / 125,35.3 / 121
9221,GA,Red,F,72,67.8,95.3,117,34.6,33.2,34.6,120,33.2,113,48.8,46.5,34.6 / 120,33.2 / 113
9223,GA,Gold,M,72,71.9,94.4,134,35.7,36.2,35.7,133,36.2,135,48.1,48.7,35.7 / 133,36.2 / 135
9223,GA,Blue,M,72,70.6,94.6,129,35.0,35.6,35.0,128,35.6,130,46.9,47.7,35.0 / 128,35.6 / 130
9223,GA,Blue/White,M,72,69.3,92.9,127,34.5,34.8,34.5,125,34.8,129,46.1,46.8,34.5 / 125,34.8 / 129
9223,GA,White,M,72,69.0,92.2,125,34.4,34.6,34.4,124,34.6,126,45.9,46.3,34.4 / 124,34.6 / 126
9223,GA,Black,M,72,65.8,86.4,111,33.0,32.8,33.0,111,32.8,111,43.3,43.1,33.0 / 111,32.8 / 111
9223,GA,Black,F,72,70.5,99.0,121,35.5,35.0,35.5,119,35.0,123,49.5,49.5,35.5 / 119,35.0 / 123
9223,GA,Red,F,72,66.5,90.4,108,33.4,33.1,33.4,107,33.1,109,46.0,45.9,33.4 / 107,33.1 / 109
9051,GA,Blue,M,71,68.9,92.1,125,34.9,34.0,34.9,127,34.0,123,46.7,45.4,34.9 / 127,34.0 / 123
9051,GA,White,M,71,67.2,89.8,122,34.4,32.8,34.4,124,32.8,120,45.9,43.9,34.4 / 124,32.8 / 120
9051,GA,Gold,M,71,64.9,86.1,114,33.0,31.9,33.0,118,31.9,110,44.0,42.1,33.0 / 118,31.9 / 110
9051,GA,White,F,71,72.8,102.8,127,36.9,35.9,36.9,128,35.9,126,52.0,50.8,36.9 / 128,35.9 / 126
9051,GA,Gold,F,71,69.2,98.0,122,35.4,33.8,35.4,122,33.8,122,49.8,48.2,35.4 / 122,33.8 / 122
9051,GA,Red,F,71,67.5,94.8,116,35.0,32.5,35.0,118,32.5,114,48.9,45.9,35.0 / 118,32.5 / 114
9128,GA,Black,M,71,69.1,91.6,121,35.2,33.9,35.2,124,33.9,118,46.7,44.9,35.2 / 124,33.9 / 118
9128,GA,Blue,M,71,67.5,89.3,117,34.1,33.4,34.1,119,33.4,115,45.2,44.1,34.1 / 119,33.4 / 115
9128,GA,Gold,M,71,62.5,81.9,104,31.3,31.2,31.3,104,31.2,104,41.0,40.9,31.3 / 104,31.2 / 104
9128,GA,Green,M,71,60.8,79.4,100,30.0,30.8,30.0,100,30.8,100,39.3,40.1,30.0 / 100,30.8 / 100
9128,GA,Blue,F,72,72.6,102.6,127,36.8,35.8,36.8,127,35.8,127,51.8,50.8,36.8 / 127,35.8 / 127
9128,GA,Gold,F,72,66.5,93.2,113,33.7,32.8,33.7,114,32.8,112,47.2,46.0,33.7 / 114,32.8 / 112
9128,GA,Green,F,72,63.2,87.2,102,31.6,31.6,31.6,102,31.6,102,43.6,43.6,31.6 / 102,31.6 / 102
8965,GA,Black,M,72,74.5,99.3,136,37.6,36.9,37.6,135,36.9,132,50.1,49.2,37.6 / 135,36.9 / 132
8965,GA,Gold,M,72,71.9,96.5,132,36.2,35.7,36.2,133,35.7,131,48.6,47.9,36.2 / 133,35.7 / 131
8965,GA,Member,M,72,70.5,94.5,129,35.4,35.1,35.4,131,35.1,127,47.6,46.9,35.4 / 131,35.1 / 127
8965,GA,Silver,M,72,69.3,92.1,123,34.8,34.5,34.8,125,34.5,121,46.4,45.7,34.8 / 125,34.5 / 121
8965,GA,Silver/Jade,M,72,66.5,88.4,118,33.5,33.0,33.5,121,33.0,115,44.7,43.7,33.5 / 121,33.0 / 115
8965,GA,Jade,M,72,65.3,86.7,115,32.8,32.5,32.8,116,32.5,114,43.6,43.1,32.8 / 116,32.5 / 114
8965,GA,Silver,F,72,75.0,106.3,133,37.4,37.6,37.4,136,37.6,130,53.4,52.9,37.4 / 136,37.6 / 130
8965,GA,Silver/Jade,F,72,72.0,102.1,128,36.3,35.7,36.3,130,35.7,126,51.6,50.5,36.3 / 130,35.7 / 126
8965,GA,Jade,F,72,70.6,99.3,122,35.3,35.3,35.3,124,35.3,120,49.9,49.4,35.3 / 124,35.3 / 120
9292,GA,Black,M,71,73.2,98.8,138,36.6,36.6,36.6,140,36.6,136,49.6,49.2,36.6 / 140,36.6 / 136
9292,GA,Blue,M,71,71.1,95.7,132,35.6,35.5,35.6,133,35.5,131,48.0,47.7,35.6 / 133,35.5 / 131
9292,GA,Member,M,71,69.8,93.6,128,34.9,34.9,34.9,128,34.9,128,46.8,46.8,34.9 / 128,34.9 / 128
9292,GA,White,M,71,69.1,92.3,125,34.6,34.5,34.6,125,34.5,125,46.2,46.1,34.6 / 125,34.5 / 125
9292,GA,Senior Member,M,71,68.0,90.9,124,33.8,34.2,33.8,123,34.2,124,45.2,45.7,33.8 / 123,34.2 / 124
9292,GA,Green,M,71,67.1,89.9,123,33.4,33.7,33.4,122,33.7,124,44.7,45.2,33.4 / 122,33.7 / 124
9292,GA,Level 2,M,71,61.0,80.5,105,30.5,30.5,30.5,110,30.5,100,40.7,39.8,30.5 / 110,30.5 / 100
9292,GA,Level 1,M,71,56.7,74.4,95,29.1,27.6,29.1,100,27.6,90,38.4,36.0,29.1 / 100,27.6 / 90
9292,GA,Blue,F,72,76.4,109.6,141,38.3,38.1,38.3,141,38.1,141,54.9,54.7,38.3 / 141,38.1 / 141
9292,GA,White,F,71,74.2,106.6,137,37.1,37.1,37.1,137,37.1,137,53.3,53.3,37.1 / 137,37.1 / 137
9292,GA,Green,F,71,71.6,101.8,128,35.8,35.8,35.8,127,35.8,129,50.8,51.0,35.8 / 127,35.8 / 129
9292,GA,Level 2,F,71,63.5,89.9,112,31.7,31.8,31.7,112,31.8,112,44.9,45.0,31.7 / 112,31.8 / 112
9292,GA,Level 1,F,71,58.5,81.8,99,29.5,29.0,29.5,102,29.0,96,41.5,40.3,29.5 / 102,29.0 / 96
9281,GA,Navy,M,72,69.8,94.4,132,36.7,33.2,36.7,142,33.2,122,49.9,44.5,36.7 / 142,33.2 / 122
9281,GA,Combo N/W,M,72,68.2,93.3,130,35.4,32.9,35.4,139,32.9,121,48.3,44.1,35.4 / 139,32.9 / 121
9281,GA,White,M,72,67.1,90.0,122,34.8,32.5,34.8,129,32.5,117,46.8,43.4,34.8 / 129,32.5 / 117
9281,GA,Burgundy,M,72,64.1,85.6,116,32.3,31.8,32.3,121,31.8,111,43.5,42.1,32.3 / 121,31.8 / 111
9281,GA,Combo W/B,M,72,64.1,85.6,116,32.3,31.8,32.3,121,31.8,111,43.5,42.1,32.3 / 121,31.8 / 111
9281,GA,White,F,72,72.7,104.3,130,37.0,35.3,37.0,139,35.3,121,53.4,49.6,37.0 / 139,35.3 / 121
9281,GA,Combo W/B,F,72,70.1,100.2,125,35.4,34.7,35.4,133,34.7,117,51.1,48.5,35.4 / 133,34.7 / 117
9281,GA,Burgundy,F,72,68.7,96.9,119,34.7,33.9,34.7,126,33.9,112,49.6,47.1,34.7 / 126,33.9 / 112
9173,GA,Blue,M,72,72.7,97.2,133,36.5,36.2,36.5,133,36.2,132,48.9,48.6,36.5 / 133,36.2 / 132
9173,GA,Players,M,72,71.7,96.2,132,36.1,35.6,36.1,132,35.6,131,48.4,47.8,36.1 / 132,35.6 / 131
9173,GA,White,M,72,70.5,94.6,130,35.6,34.9,35.6,129,34.9,130,47.6,47.0,35.6 / 129,34.9 / 130
9173,GA,Senior Players,M,72,67.9,90.5,126,33.8,34.1,33.8,126,34.1,125,45.4,45.8,33.8 / 126,34.1 / 125
9173,GA,Gold,M,72,66.8,89.1,120,33.5,33.3,33.5,118,33.3,122,44.5,44.6,33.5 / 118,33.3 / 122
9173,GA,Red,M,72,65.8,86.7,113,32.8,33.0,32.8,112,33.0,113,43.2,43.5,32.8 / 112,33.0 / 113
9173,GA,Green,M,72,63.8,84.3,111,31.9,31.9,31.9,113,31.9,110,42.5,42.2,31.9 / 113,31.9 / 110
9173,GA,White,F,72,76.0,107.1,132,38.0,38.0,38.0,133,38.0,130,53.8,53.3,38.0 / 133,38.0 / 130
9173,GA,Ladies Players,F,72,74.0,103.9,127,38.0,36.0,38.0,126,36.0,128,52.8,51.1,38.0 / 126,36.0 / 128
9173,GA,Gold,F,72,72.2,102.5,125,36.3,35.9,36.3,124,35.9,125,50.9,50.6,36.3 / 124,35.9 / 125
9173,GA,Red,F,72,71.0,99.9,123,35.6,35.4,35.6,123,35.4,122,50.1,49.8,35.6 / 123,35.4 / 122
9173,GA,Green,F,72,68.0,95.1,115,34.0,34.0,34.0,118,34.0,112,47.9,47.2,34.0 / 118,34.0 / 112
9261,GA,Black,M,71,71.9,96.8,134,36.8,35.1,36.8,139,35.1,129,49.7,47.1,36.8 / 139,35.1 / 129
9261,GA,Blue,M,71,70.6,94.9,131,36.0,34.6,36.0,136,34.6,126,48.6,46.3,36.0 / 136,34.6 / 126
9261,GA,White,M,71,68.2,91.6,126,35.0,33.2,35.0,130,33.2,122,47.1,44.5,35.0 / 130,33.2 / 122
9261,GA,Haskins,M,71,66.2,88.9,122,33.7,32.5,33.7,126,32.5,118,45.4,43.5,33.7 / 126,32.5 / 118
9261,GA,Gold,M,71,63.7,84.9,114,32.6,31.1,32.6,118,31.1,110,43.6,41.3,32.6 / 118,31.1 / 110
9261,GA,US Kids Level 2,M,71,61.5,81.6,108,31.1,30.4,31.1,111,30.4,105,41.4,40.2,31.1 / 111,30.4 / 105
9261,GA,US Kids Level 1,M,71,58.3,77.3,102,29.4,28.9,29.4,104,28.9,100,39.1,38.2,29.4 / 104,28.9 / 100
9261,GA,White,F,72,73.3,104.9,134,37.8,35.5,37.8,138,35.5,130,54.1,50.8,37.8 / 138,35.5 / 130
9261,GA,Haskins,F,72,71.3,102.0,130,36.3,35.0,36.3,132,35.0,128,51.9,50.1,36.3 / 132,35.0 / 128
9261,GA,Gold,F,72,67.5,96.4,123,34.5,33.0,34.5,126,33.0,120,49.3,47.1,34.5 / 126,33.0 / 120
9261,GA,US Kids Level 2,F,72,64.0,89.9,110,32.7,31.3,32.7,110,31.3,109,45.8,44.1,32.7 / 110,31.3 / 109
9261,GA,US Kids Level 1,F,72,59.3,83.1,101,30.1,29.2,30.1,102,29.2,100,42.1,41.0,30.1 / 102,29.2 / 100
9129,GA,Black,M,72,71.7,98.7,145,35.6,36.1,35.6,144,36.1,146,49.0,49.7,35.6 / 144,36.1 / 146
9129,GA,Gold,M,72,71.3,97.9,143,35.4,35.9,35.4,142,35.9,144,48.6,49.3,35.4 / 142,35.9 / 144
9129,GA,Blue,M,72,69.0,92.8,128,34.4,34.6,34.4,127,34.6,129,46.2,46.6,34.4 / 127,34.6 / 129
9129,GA,White,M,72,67.6,89.2,116,33.6,34.0,33.6,115,34.0,117,44.3,44.9,33.6 / 115,34.0 / 117
9129,GA,Red,M,72,63.7,84.7,113,31.8,31.9,31.8,112,31.9,114,42.2,42.5,31.8 / 112,31.9 / 114
9129,GA,White,F,72,72.7,104.8,136,36.2,36.5,36.2,134,36.5,138,52.0,52.8,36.2 / 134,36.5 / 138
9129,GA,Red,F,72,68.3,96.2,118,34.6,33.7,34.6,116,33.7,120,48.3,47.9,34.6 / 116,33.7 / 120
9291,GA,Blue,M,71,72.4,98.0,138,36.4,36.0,36.4,137,36.0,139,49.1,48.9,36.4 / 137,36.0 / 139
9291,GA,Champions,M,71,71.5,96.9,137,35.6,35.9,35.6,135,35.9,138,48.1,48.7,35.6 / 135,35.9 / 138
9291,GA,White,M,71,70.6,95.5,135,35.3,35.3,35.3,133,35.3,135,47.7,47.8,35.3 / 133,35.3 / 135
9291,GA,Charger,M,71,70.0,94.9,134,35.1,34.9,35.1,133,34.9,134,47.5,47.4,35.1 / 133,34.9 / 134
9291,GA,Green,M,71,69.4,93.8,131,34.7,34.7,34.7,130,34.7,132,46.8,47.0,34.7 / 130,34.7 / 132
9291,GA,Competitor,M,71,67.6,91.3,128,33.9,33.7,33.9,129,33.7,126,45.9,45.4,33.9 / 129,33.7 / 126
9291,GA,Red,M,71,65.6,88.1,121,33.0,32.6,33.0,124,32.6,118,44.5,43.6,33.0 / 124,32.6 / 118
9291,GA,Challenger,M,71,64.6,86.6,119,32.4,32.2,32.4,121,32.2,116,43.6,43.0,32.4 / 121,32.2 / 116
9291,GA,Yellow,M,71,62.6,83.6,113,31.2,31.4,31.2,114,31.4,112,41.8,41.8,31.2 / 114,31.4 / 112
9291,GA,White,F,71,76.8,109.8,140,38.4,38.4,38.4,141,38.4,139,55.0,54.8,38.4 / 141,38.4 / 139
9291,GA,Charger,F,71,76.0,108.6,138,38.0,38.0,38.0,138,38.0,138,54.3,54.3,38.0 / 138,38.0 / 138
9291,GA,Green,F,71,74.8,101.8,135,37.5,37.3,37.5,135,37.3,135,53.4,53.2,37.5 / 135,37.3 / 135
9291,GA,Competitor,F,71,73.1,103.9,131,36.6,36.5,36.6,131,36.5,131,52.0,51.9,36.6 / 131,36.5 / 131
9291,GA,Red,F,71,70.4,99.8,125,35.3,35.1,35.3,125,35.1,125,50.0,49.8,35.3 / 125,35.1 / 125
9291,GA,Challenger,F,71,68.4,96.9,121,34.3,34.1,34.3,119,34.1,123,48.3,48.6,34.3 / 119,34.1 / 123
9291,GA,Yellow,F,71,66.4,93.8,117,32.9,33.5,32.9,114,33.5,119,46.3,47.5,32.9 / 114,33.5 / 119
13992,GA,I,M,72,74.6,101.6,145,37.6,37.0,37.6,144,37.0,146,51.0,50.6,37.6 / 144,37.0 / 146
13992,GA,I / II,M,72,73.3,99.7,142,36.9,36.4,36.9,140,36.4,144,49.9,49.8,36.9 / 140,36.4 / 144
13992,GA,II,M,72,72.9,99.1,141,36.6,36.3,36.6,140,36.3,142,49.6,49.5,36.6 / 140,36.3 / 142
13992,GA,II / III,M,72,72.0,97.6,139,36.1,35.9,36.1,138,35.9,140,48.9,48.9,36.1 / 138,35.9 / 140
13992,GA,III,M,72,71.1,96.2,135,35.6,35.5,35.6,134,35.5,136,48.0,48.1,35.6 / 134,35.5 / 136
13992,GA,III / IV,M,72,70.0,94.8,133,35.1,34.9,35.1,133,34.9,133,47.5,47.3,35.1 / 133,34.9 / 133
13992,GA,IV,M,72,69.2,93.0,128,34.7,34.5,34.7,127,34.5,129,46.5,46.5,34.7 / 127,34.5 / 129
13992,GA,IV / V,M,72,67.9,91.1,125,33.9,34.0,33.9,124,34.0,126,45.4,45.7,33.9 / 124,34.0 / 126
13992,GA,V,M,72,65.6,88.4,123,33.5,32.1,33.5,125,32.1,121,45.1,43.3,33.5 / 125,32.1 / 121
13992,GA,IV,F,72,74.3,103.5,142,37.4,36.9,37.4,140,36.9,143,53.9,53.8,37.4 / 140,36.9 / 143
13992,GA,IV / V,F,72,72.5,104.8,137,36.2,36.3,36.2,135,36.3,139,52.1,52.7,36.2 / 135,36.3 / 139
13992,GA,V,F,72,70.7,101.1,128,35.3,35.4,35.3,126,35.4,130,50.2,50.7,35.3 / 126,35.4 / 130
8925,GA,Blue,M,72,70.8,92.9,119,35.4,35.4,35.4,117,35.4,121,46.3,46.6,35.4 / 117,35.4 / 121
8925,GA,White,M,72,69.4,91.2,117,34.5,34.9,34.5,115,34.9,119,45.2,46.0,34.5 / 115,34.9 / 119
8925,GA,Gold,M,72,67.8,89.0,114,33.5,34.3,33.5,112,34.3,116,43.9,45.1,33.5 / 112,34.3 / 116
8925,GA,Black,M,72,66.4,86.8,110,33.2,33.2,33.2,108,33.2,112,43.2,43.6,33.2 / 108,33.2 / 112
8925,GA,Red,M,72,64.1,84.3,109,31.8,32.3,31.8,109,32.3,109,41.9,42.4,31.8 / 109,32.3 / 109
8925,GA,Family Gold,M,72,59.6,77.6,97,30.0,29.6,30.0,97,29.6,97,39.0,38.6,30.0 / 97,29.6 / 97
8925,GA,White,F,72,73.8,104.5,130,36.7,37.1,36.7,128,37.1,132,51.8,52.7,36.7 / 128,37.1 / 132
8925,GA,Gold,F,72,72.2,101.5,124,35.7,36.5,35.7,120,36.5,128,49.9,51.6,35.7 / 120,36.5 / 128
8925,GA,Black,F,72,70.7,99.0,120,35.2,35.5,35.2,118,35.5,122,49.1,49.9,35.2 / 118,35.5 / 122
8925,GA,Red,F,72,69.0,95.9,114,34.4,34.6,34.4,110,34.6,118,47.4,48.5,34.4 / 110,34.6 / 118
8925,GA,Family Gold,F,72,61.4,85.2,101,31.1,30.3,31.1,99,30.3,103,42.8,42.4,31.1 / 99,30.3 / 103
9052,GA,Blue,M,70,67.3,89.4,123,34.1,33.2,34.1,127,33.2,119,45.9,44.3,34.1 / 127,33.2 / 119
9052,GA,White,M,70,65.7,87.6,118,33.5,32.2,33.5,121,32.2,115,44.7,42.9,33.5 / 121,32.2 / 115
9052,GA,Yellow,M,70,61.8,81.7,107,31.5,30.3,31.5,109,30.3,105,41.6,40.1,31.5 / 109,30.3 / 105
9052,GA,Red,M,70,60.4,79.6,103,30.6,29.8,30.6,105,29.8,101,40.4,39.2,30.6 / 105,29.8 / 101
9052,GA,Yellow,F,70,64.9,90.4,108,33.3,31.6,33.3,112,31.6,104,46.5,43.9,33.3 / 112,31.6 / 104
9052,GA,Red,F,70,63.6,88.1,104,32.4,31.2,32.4,106,31.2,102,44.9,43.2,32.4 / 106,31.2 / 102
9113,GA,Black,M,72,74.6,101.4,144,37.0,37.6,37.0,147,37.6,141,50.7,50.7,37.0 / 147,37.6 / 141
9113,GA,Blue,M,72,72.3,98.3,140,36.0,36.3,36.0,143,36.3,137,49.3,49.0,36.0 / 143,36.3 / 137
9113,GA,White,M,72,70.4,94.4,129,35.1,35.3,35.1,130,35.3,128,47.2,47.2,35.1 / 130,35.3 / 128
9113,GA,Yellow,M,72,68.0,90.1,119,34.0,34.0,34.0,122,34.0,116,45.3,44.8,34.0 / 122,34.0 / 116
9113,GA,Yellow,F,72,73.0,104.4,133,36.3,36.7,36.3,134,36.7,132,52.1,52.3,36.3 / 134,36.7 / 132
9113,GA,Red,F,72,70.1,98.5,120,35.2,34.9,35.2,120,34.9,120,49.4,49.1,35.2 / 120,34.9 / 120
9053,GA,Blue,M,72,71.5,96.3,133,36.1,35.4,36.1,133,35.4,133,48.5,47.8,36.1 / 133,35.4 / 133
9053,GA,White,M,72,69.8,94.0,130,35.4,34.4,35.4,130,34.4,130,47.5,46.5,35.4 / 130,34.4 / 130
9053,GA,Gold,M,72,66.5,88.2,117,33.7,32.8,33.7,124,32.8,110,45.2,43.0,33.7 / 124,32.8 / 110
9053,GA,Green,M,72,60.2,79.1,102,30.2,30.0,30.2,107,30.0,97,40.1,39.0,30.2 / 107,30.0 / 97
9053,GA,White,F,72,75.5,107.1,134,38.0,37.5,38.0,137,37.5,131,54.1,53.0,38.0 / 137,37.5 / 131
9053,GA,Gold,F,72,71.2,100.6,125,36.2,35.0,36.2,130,35.0,120,51.5,49.1,36.2 / 130,35.0 / 120
9053,GA,Red,F,72,67.7,94.8,115,34.9,32.8,34.9,120,32.8,110,49.0,45.8,34.9 / 120,32.8 / 110
9053,GA,Green,F,72,61.5,86.2,105,31.0,30.5,31.0,109,30.5,101,43.8,42.4,31.0 / 109,30.5 / 101
9262,GA,Black,M,72,71.4,95.9,132,35.2,36.2,35.2,128,36.2,136,47.1,48.8,35.2 / 128,36.2 / 136
9262,GA,Blue,M,72,69.5,92.9,126,34.7,34.8,34.7,121,34.8,131,45.9,47.0,34.7 / 121,34.8 / 131
9262,GA,White,M,72,67.5,89.8,120,33.8,33.7,33.8,116,33.7,124,44.6,45.2,33.8 / 116,33.7 / 124
9262,GA,Red,M,72,65.5,86.5,113,32.7,32.8,32.7,112,32.8,114,43.1,43.4,32.7 / 112,32.8 / 114
9262,GA,Blue,F,72,75.2,108.2,140,37.4,37.8,37.4,135,37.8,145,53.3,54.9,37.4 / 135,37.8 / 145
9262,GA,White,F,72,72.9,104.7,135,36.5,36.4,36.5,130,36.4,140,51.8,52.9,36.5 / 130,36.4 / 140
9262,GA,Red,F,72,70.5,99.7,124,35.1,35.4,35.1,119,35.4,129,49.1,50.6,35.1 / 119,35.4 / 129
8980,GA,Black,M,72,71.9,94.7,123,35.7,36.2,35.7,122,36.2,124,47.0,47.7,35.7 / 122,36.2 / 124
8980,GA,Blue,M,72,70.3,92.6,120,34.8,35.5,34.8,119,35.5,121,45.9,46.7,34.8 / 119,35.5 / 121
8980,GA,White,M,72,68.4,90.0,116,33.7,34.7,33.7,115,34.7,117,44.4,45.6,33.7 / 115,34.7 / 117
8980,GA,White/Red (Hobbs),M,72,67.2,88.4,114,33.2,34.0,33.2,113,34.0,115,43.7,44.7,33.2 / 113,34.0 / 115
8980,GA,Red,M,72,66.0,86.8,112,32.5,33.5,32.5,111,33.5,113,42.8,44.0,32.5 / 111,33.5 / 113
8980,GA,White,F,72,74.1,104.3,128,36.5,37.6,36.5,128,37.6,128,51.6,52.7,36.5 / 128,37.6 / 128
8980,GA,Red,F,72,71.5,100.3,122,35.0,36.5,35.0,121,36.5,123,49.3,51.0,35.0 / 121,36.5 / 123
9025,GA,Gold,M,72,73.0,98.1,135,37.0,36.0,37.0,132,36.0,138,49.3,48.8,37.0 / 132,36.0 / 138
9025,GA,Blue,M,72,70.0,93.2,125,35.5,34.5,35.5,123,34.5,127,46.9,46.3,35.5 / 123,34.5 / 127
9025,GA,White,M,72,67.5,89.1,116,34.3,33.2,34.3,117,33.2,115,45.2,43.9,34.3 / 117,33.2 / 115
9025,GA,Green,M,72,65.5,86.1,111,33.3,32.2,33.3,112,32.2,110,43.7,42.4,33.3 / 112,32.2 / 110
9025,GA,Red,M,72,63.3,83.0,106,32.2,31.1,32.2,105,31.1,107,42.0,41.0,32.2 / 105,31.1 / 107
9025,GA,White,F,72,71.9,101.6,126,36.5,35.4,36.5,124,35.4,128,51.1,50.5,36.5 / 124,35.4 / 128
9025,GA,Green,F,72,69.4,97.7,120,35.3,34.1,35.3,118,34.1,122,49.2,48.5,35.3 / 118,34.1 / 122
9025,GA,Red,F,0,67.9,94.5,113,34.1,33.8,34.1,114,33.8,112,47.5,47.0,34.1 / 114,33.8 / 112
9071,GA,Black,M,72,72.9,99.2,142,36.4,36.5,36.4,136,36.5,148,49.0,50.2,36.4 / 136,36.5 / 148
9071,GA,Players,M,72,71.7,97.6,139,35.8,35.9,35.8,132,35.9,146,48.1,49.5,35.8 / 132,35.9 / 146
9071,GA,Blue,M,72,71.2,96.5,136,35.6,35.6,35.6,128,35.6,144,47.5,49.0,35.6 / 128,35.6 / 144
9071,GA,Senior Players,M,72,69.8,94.7,134,34.8,35.0,34.8,126,35.0,142,46.5,48.2,34.8 / 126,35.0 / 142
9071,GA,White,M,72,69.2,93.5,131,34.5,34.7,34.5,122,34.7,140,45.8,47.7,34.5 / 122,34.7 / 140
9071,GA,Super Senior Players,M,72,68.0,91.7,127,33.8,34.2,33.8,120,34.2,134,45.0,46.7,33.8 / 120,34.2 / 134
9071,GA,Gold,M,72,66.7,89.4,122,33.4,33.3,33.4,115,33.3,129,44.1,45.3,33.4 / 115,33.3 / 129
9071,GA,Gold/Red,M,72,64.9,86.5,116,32.7,32.2,32.7,112,32.2,120,43.1,43.4,32.7 / 112,32.2 / 120
9071,GA,Blue,F,72,77.2,111.2,144,38.5,38.7,38.5,138,38.7,150,54.8,56.4,38.5 / 138,38.7 / 150
9071,GA,White,F,72,74.9,108.1,141,37.3,37.6,37.3,136,37.6,146,53.3,54.8,37.3 / 136,37.6 / 146
9071,GA,Gold,F,72,72.6,104.0,133,36.2,36.4,36.2,128,36.4,138,51.3,52.7,36.2 / 128,36.4 / 138
9071,GA,Women's Players,F,72,69.4,98.9,125,35.2,34.2,35.2,122,34.2,128,49.6,49.3,35.2 / 122,34.2 / 128
9071,GA,Red,F,72,68.2,96.7,121,34.4,33.8,34.4,118,33.8,124,48.3,48.4,34.4 / 118,33.8 / 124
8944,GA,Black,M,72,74.2,100.6,142,37.5,36.7,37.5,142,36.7,142,50.7,49.9,37.5 / 142,36.7 / 142
8944,GA,Gold,M,72,72.6,98.4,139,36.7,35.9,36.7,139,35.9,139,49.6,48.8,36.7 / 139,35.9 / 139
8944,GA,Blue,M,72,71.0,96.1,135,35.8,35.2,35.8,137,35.2,133,48.5,47.6,35.8 / 137,35.2 / 133
8944,GA,White,M,72,68.5,92.1,127,34.3,34.2,34.3,126,34.2,128,46.0,46.1,34.3 / 126,34.2 / 128
8944,GA,Green,M,72,63.6,85.0,115,32.3,31.3,32.3,116,31.3,114,43.1,41.9,32.3 / 116,31.3 / 114
8944,GA,White,F,72,74.9,106.9,136,37.3,37.6,37.3,135,37.6,137,53.2,53.7,37.3 / 135,37.6 / 137
8944,GA,Green,F,72,68.6,96.5,118,34.6,34.0,34.6,120,34.0,116,48.8,47.7,34.6 / 120,34.0 / 116
8944,GA,Red,F,72,68.5,96.3,118,34.6,33.9,34.6,119,33.9,117,48.6,47.7,34.6 / 119,33.9 / 117
13991,GA,5's,M,72,76.2,103.9,151,37.5,38.6,37.5,151,38.6,151,51.5,52.6,37.5 / 151,38.6 / 151
13991,GA,4's,M,72,75.1,102.6,149,36.9,37.8,36.9,149,37.8,149,50.7,51.6,36.9 / 149,37.8 / 149
13991,GA,3's,M,72,71.9,97.6,141,35.7,36.1,35.7,142,36.1,140,48.9,49.1,35.7 / 142,36.1 / 140
13991,GA,2's,M,72,70.2,95.0,133,34.9,35.1,34.9,135,35.1,131,47.4,47.3,34.9 / 135,35.1 / 131
13991,GA,1's,M,72,66.3,89.2,122,32.8,33.1,32.8,122,33.1,122,44.1,44.4,32.8 / 122,33.1 / 122
13991,GA,Currahee,M,72,57.3,76.6,102,27.4,29.7,27.4,99,29.7,105,36.6,39.5,27.4 / 99,29.7 / 105
13991,GA,Par 3 Course,M,54,52.2,68.1,86,25.9,26.3,25.9,83,26.3,88,33.6,34.5,25.9 / 83,26.3 / 88
13991,GA,2's,F,72,76.0,110.1,143,37.9,38.0,37.9,144,38.0,142,54.9,54.8,37.9 / 144,38.0 / 142
13991,GA,1's,F,72,71.6,102.6,129,35.6,35.8,35.6,127,35.8,133,50.6,51.5,35.6 / 127,35.8 / 133
13991,GA,Currahee,F,72,59.6,83.3,102,29.0,30.3,29.0,100,30.3,104,40.8,42.6,29.0 / 100,30.3 / 104
13991,GA,Par 3 Course,F,54,55.1,76.4,90,27.3,27.8,27.3,87,27.8,93,37.6,38.8,27.3 / 87,27.8 / 93
9059,GA,Black,M,70,73.1,98.7,138,36.3,36.8,36.3,138,36.8,138,49.1,49.6,36.3 / 138,36.8 / 138
9059,GA,Crenshaw,M,70,72.0,97.0,135,36.0,36.0,36.0,135,36.0,135,48.5,48.5,36.0 / 135,36.0 / 135
9059,GA,Burgundy,M,70,71.3,95.9,132,35.5,35.8,35.5,132,35.8,132,47.8,48.1,35.5 / 132,35.8 / 132
9059,GA,Coore,M,70,69.4,93.6,130,34.4,35.0,34.4,131,35.0,129,46.6,47.0,34.4 / 131,35.0 / 129
9059,GA,Green,M,70,67.0,89.2,119,33.5,33.5,33.5,119,33.5,119,44.6,44.6,33.5 / 119,33.5 / 119
9059,GA,Oconee,M,70,66.6,88.4,117,33.2,33.4,33.2,117,33.4,117,44.1,44.3,33.2 / 117,33.4 / 117
9059,GA,Orange,M,70,65.5,86.7,114,32.6,32.9,32.6,114,32.9,114,43.2,43.5,32.6 / 114,32.9 / 114
9059,GA,Willa,M,70,64.3,85.1,112,32.0,32.3,32.0,112,32.3,112,42.4,42.7,32.0 / 112,32.3 / 112
9059,GA,Light Blue,M,70,63.5,83.9,110,31.6,31.9,31.6,110,31.9,110,41.8,42.1,31.6 / 110,31.9 / 110
9059,GA,Burgundy,F,72,76.3,108.8,138,38.1,38.2,38.1,139,38.2,137,54.5,54.3,38.1 / 139,38.2 / 137
9059,GA,Coore,F,72,74.7,106.5,135,37.2,37.5,37.2,136,37.5,134,53.2,53.3,37.2 / 136,37.5 / 134
9059,GA,Green,F,72,72.6,103.1,131,36.5,36.1,36.5,133,36.1,128,52.2,51.2,36.5 / 133,36.1 / 128
9059,GA,Oconee,F,72,71.8,101.9,129,36.2,35.6,36.2,129,35.6,129,51.4,50.8,36.2 / 129,35.6 / 129
9059,GA,Orange,F,72,70.1,99.3,124,35.0,35.1,35.0,126,35.1,122,49.8,49.5,35.0 / 126,35.1 / 122
9059,GA,Willa,F,72,68.2,96.5,120,34.1,34.1,34.1,121,34.1,119,48.4,48.1,34.1 / 121,34.1 / 119
9059,GA,Light Blue,F,72,67.0,94.8,118,33.3,33.7,33.3,119,33.7,117,47.3,47.5,33.3 / 119,33.7 / 117
9231,GA,I,M,72,74.2,99.3,135,37.0,37.2,37.0,132,37.2,138,49.3,50.0,37.0 / 132,37.2 / 138
9231,GA,Players,M,72,73.0,97.7,133,36.5,36.5,36.5,130,36.5,136,48.6,49.1,36.5 / 130,36.5 / 136
9231,GA,II,M,72,72.0,96.2,130,35.8,36.2,35.8,128,36.2,132,47.7,48.5,35.8 / 128,36.2 / 132
9231,GA,Member,M,72,71.1,94.9,128,35.5,35.6,35.5,126,35.6,130,47.2,47.7,35.5 / 126,35.6 / 130
9231,GA,III,M,72,70.3,93.7,126,35.0,35.3,35.0,124,35.3,128,46.5,47.2,35.0 / 124,35.3 / 128
9231,GA,IV,M,72,67.9,90.5,122,33.7,34.2,33.7,121,34.2,123,44.9,45.6,33.7 / 121,34.2 / 123
9231,GA,V,M,72,65.8,87.8,118,32.7,33.1,32.7,117,33.1,119,43.6,44.2,32.7 / 117,33.1 / 119
9231,GA,VI,M,72,63.6,84.4,112,31.8,31.8,31.8,112,31.8,112,42.2,42.2,31.8 / 112,31.8 / 112
9231,GA,III,F,72,75.5,107.8,137,37.7,37.8,37.7,134,37.8,140,53.5,54.3,37.7 / 134,37.8 / 140
9231,GA,IV,F,72,72.8,103.2,129,36.1,36.7,36.1,128,36.7,130,51.2,52.0,36.1 / 128,36.7 / 130
9231,GA,V,F,72,70.5,99.7,124,35.1,35.4,35.1,122,35.4,126,49.5,50.2,35.1 / 122,35.4 / 126
9231,GA,VI,F,72,67.8,95.0,115,34.0,33.8,34.0,115,33.8,115,47.6,47.4,34.0 / 115,33.8 / 115
8984,GA,Blue/Blue,M,72,70.4,94.4,129,35.2,35.2,35.2,129,35.2,129,47.2,47.2,35.2 / 129,35.2 / 129
8984,GA,White/Blue,M,71,69.9,93.5,127,34.7,35.2,34.7,125,35.2,129,46.3,47.2,34.7 / 125,35.2 / 129
8984,GA,White/White,M,70,69.4,92.6,125,34.7,34.7,34.7,125,34.7,125,46.3,46.3,34.7 / 125,34.7 / 125
8984,GA,White/White,F,70,75.2,105.2,127,37.6,37.6,37.6,127,37.6,127,52.6,52.6,37.6 / 127,37.6 / 127
8984,GA,Red/Red,F,70,68.8,95.2,112,34.4,34.4,34.4,112,34.4,112,47.6,47.6,34.4 / 112,34.4 / 112
8996,GA,Blue,M,72,72.0,94.8,123,36.0,36.0,36.0,123,36.0,123,47.4,47.4,36.0 / 123,36.0 / 123
8996,GA,White,M,72,65.8,85.8,108,33.2,32.6,33.2,110,32.6,105,43.4,42.4,33.2 / 110,32.6 / 105
8996,GA,Red,M,72,61.7,79.9,99,30.9,30.8,30.9,99,30.8,99,40.1,40.0,30.9 / 99,30.8 / 99
8996,GA,White,F,72,70.7,98.1,117,35.6,35.2,35.6,120,35.2,114,49.6,48.5,35.6 / 120,35.2 / 114
8996,GA,Red,F,72,66.5,91.9,108,33.0,33.5,33.0,108,33.5,108,45.7,46.2,33.0 / 108,33.5 / 108
9243,GA,Blue,M,72,71.3,94.5,125,35.6,35.7,35.6,123,35.7,127,47.0,47.5,35.6 / 123,35.7 / 127
9243,GA,White,M,72,69.3,91.8,121,34.6,34.7,34.6,118,34.7,124,45.6,46.2,34.6 / 118,34.7 / 124
9243,GA,Green,M,72,66.5,87.3,112,33.9,32.6,33.9,111,32.6,113,44.2,43.1,33.9 / 111,32.6 / 113
9243,GA,Silver,M,72,63.9,82.7,101,32.5,31.4,32.5,101,31.4,101,41.9,40.8,32.5 / 101,31.4 / 101
9243,GA,White,F,72,74.6,104.3,126,37.2,37.4,37.2,127,37.4,125,52.2,52.1,37.2 / 127,37.4 / 125
9243,GA,Green,F,72,71.5,99.6,119,36.3,35.2,36.3,122,35.2,116,50.7,48.9,36.3 / 122,35.2 / 116
9243,GA,Silver,F,72,69.2,96.8,117,35.0,34.2,35.0,120,34.2,114,49.2,47.6,35.0 / 120,34.2 / 114
9243,GA,Gold,F,72,63.2,88.0,105,32.1,31.1,32.1,110,31.1,100,45.1,42.9,32.1 / 110,31.1 / 100
9072,GA,Gold,M,71,71.3,95.1,128,35.0,36.3,35.0,123,36.3,133,46.4,48.7,35.0 / 123,36.3 / 133
9072,GA,Blue,M,71,70.0,93.4,126,34.4,35.6,34.4,121,35.6,131,45.6,47.8,34.4 / 121,35.6 / 131
9072,GA,White,M,71,67.7,90.0,120,33.4,34.3,33.4,112,34.3,128,43.8,46.2,33.4 / 112,34.3 / 128
9072,GA,Silver,M,71,64.0,83.3,104,31.8,32.2,31.8,99,32.2,109,41.0,42.3,31.8 / 99,32.2 / 109
9072,GA,Red,M,71,62.4,80.8,99,30.8,31.5,30.8,95,31.5,103,39.6,41.1,30.8 / 95,31.5 / 103
9072,GA,Blue,F,71,75.3,105.6,129,36.7,38.6,36.7,124,38.6,134,51.3,54.4,36.7 / 124,38.6 / 134
9072,GA,White,F,71,72.9,101.4,121,35.5,37.4,35.5,117,37.4,125,49.3,52.1,35.5 / 117,37.4 / 125
9072,GA,Silver,F,71,68.2,95.3,115,33.7,34.5,33.7,112,34.5,118,46.9,48.4,33.7 / 112,34.5 / 118
9072,GA,Red,F,71,65.8,91.3,108,31.8,34.0,31.8,103,34.0,113,44.0,47.3,31.8 / 103,34.0 / 113
9217,GA,Black,M,72,74.1,98.8,133,36.8,37.3,36.8,131,37.3,135,49.0,49.8,36.8 / 131,37.3 / 135
9217,GA,Blue,M,72,72.4,96.8,131,35.9,36.5,35.9,129,36.5,133,47.9,48.9,35.9 / 129,36.5 / 133
9217,GA,White,M,72,71.3,94.9,127,35.4,35.9,35.4,125,35.9,129,47.0,47.9,35.4 / 125,35.9 / 129
9217,GA,Green,M,72,69.5,92.1,122,34.4,35.1,34.4,121,35.1,123,45.6,46.5,34.4 / 121,35.1 / 123
9217,GA,Green/Red,M,72,68.2,90.3,119,33.9,34.3,33.9,117,34.3,121,44.8,45.5,33.9 / 117,34.3 / 121
9217,GA,Red,M,72,66.2,86.8,111,32.9,33.3,32.9,110,33.3,112,43.1,43.7,32.9 / 110,33.3 / 112
9217,GA,U.S. Kids - Yellow,M,72,60.1,78.9,101,30.3,29.8,30.3,100,29.8,102,39.6,39.3,30.3 / 100,29.8 / 102
9217,GA,Green,F,72,74.5,104.7,128,37.2,37.3,37.2,126,37.3,130,52.1,52.6,37.2 / 126,37.3 / 130
9217,GA,Green/Red,F,72,72.9,102.1,124,36.4,36.5,36.4,123,36.5,125,50.9,51.2,36.4 / 123,36.5 / 125
9217,GA,Red,F,72,71.0,99.1,119,35.5,35.5,35.5,117,35.5,121,49.3,49.8,35.5 / 117,35.5 / 121
9217,GA,Lime,F,72,63.9,88.0,102,31.7,32.2,31.7,100,32.2,104,43.5,44.5,31.7 / 100,32.2 / 104
9217,GA,U.S. Kids - Yellow,F,72,61.9,85.5,100,31.6,30.3,31.6,99,30.3,101,43.3,42.2,31.6 / 99,30.3 / 101
9018,GA,Gold,M,72,72.4,97.1,133,36.2,36.2,36.2,131,36.2,135,48.4,48.7,36.2 / 131,36.2 / 135
9018,GA,Blue,M,72,70.7,94.3,127,35.3,35.4,35.3,128,35.4,126,47.2,47.1,35.3 / 128,35.4 / 126
9018,GA,White,M,72,68.8,91.6,123,34.6,34.2,34.6,124,34.2,122,46.1,45.5,34.6 / 124,34.2 / 122
9018,GA,Red,M,72,64.8,86.4,116,32.3,32.5,32.3,114,32.5,118,42.9,43.5,32.3 / 114,32.5 / 118
9018,GA,White,F,72,74.2,105.3,132,37.3,36.9,37.3,130,36.9,134,52.6,52.7,37.3 / 130,36.9 / 134
9018,GA,Red,F,72,69.9,98.4,121,34.4,35.5,34.4,119,35.5,123,48.4,50.0,34.4 / 119,35.5 / 123
9018,GA,Yellow,F,70,66.2,92.4,111,33.6,32.6,33.6,114,32.6,108,47.1,45.3,33.6 / 114,32.6 / 108
13995,GA,Dogwood,M,72,73.7,100.1,142,36.8,36.9,36.8,142,36.9,142,50.0,50.1,36.8 / 142,36.9 / 142
13995,GA,Presidents,M,72,72.8,98.6,139,36.4,36.4,36.4,138,36.4,140,49.2,49.4,36.4 / 138,36.4 / 140
13995,GA,Blue,M,72,71.8,96.7,134,36.0,35.8,36.0,132,35.8,136,48.3,48.4,36.0 / 132,35.8 / 136
13995,GA,Jones,M,72,70.3,94.5,130,35.5,34.8,35.5,127,34.8,133,47.3,47.2,35.5 / 127,34.8 / 133
13995,GA,White,M,72,69.9,93.7,128,35.2,34.7,35.2,127,34.7,129,47.0,46.7,35.2 / 127,34.7 / 129
13995,GA,The Match Play,M,72,69.3,92.8,127,34.9,34.4,34.9,125,34.4,128,46.5,46.3,34.9 / 125,34.4 / 128
13995,GA,Edgar,M,72,68.4,91.6,125,34.6,33.8,34.6,124,33.8,126,46.1,45.5,34.6 / 124,33.8 / 126
13995,GA,Burgundy,M,72,67.2,90.0,123,34.0,33.2,34.0,122,33.2,124,45.3,44.7,34.0 / 122,33.2 / 124
13995,GA,Stirling,M,72,65.8,88.1,120,33.4,32.4,33.4,119,32.4,121,44.5,43.6,33.4 / 119,32.4 / 121
13995,GA,Green,M,72,64.7,86.5,117,32.7,32.0,32.7,116,32.0,118,43.5,43.0,32.7 / 116,32.0 / 118
13995,GA,Gold,M,72,61.1,81.9,112,30.6,30.5,30.6,111,30.5,113,40.9,41.0,30.6 / 111,30.5 / 113
13995,GA,Dogwood,F,73,80.6,115.5,148,40.3,40.3,40.3,146,40.3,150,57.5,58.0,40.3 / 146,40.3 / 150
13995,GA,Presidents,F,73,79.2,113.7,146,39.4,39.8,39.4,144,39.8,148,56.4,57.3,39.4 / 144,39.8 / 148
13995,GA,Blue,F,73,77.7,111.2,142,38.9,38.8,38.9,140,38.8,144,55.4,55.8,38.9 / 140,38.8 / 144
13995,GA,Jones,F,73,76.3,109.4,140,38.1,38.2,38.1,138,38.2,142,54.4,55.0,38.1 / 138,38.2 / 142
13995,GA,White,F,73,75.2,107.7,138,37.6,37.6,37.6,135,37.6,141,53.5,54.2,37.6 / 135,37.6 / 141
13995,GA,Women - The Match Play,F,75,74.6,106.7,136,37.1,37.5,37.1,133,37.5,139,52.8,53.9,37.1 / 133,37.5 / 139
13995,GA,Edgar,F,73,74.0,105.6,134,37.1,36.9,37.1,132,36.9,136,52.7,52.9,37.1 / 132,36.9 / 136
13995,GA,Burgundy,F,73,72.6,103.5,131,36.6,36.0,36.6,130,36.0,132,51.9,51.6,36.6 / 130,36.0 / 132
13995,GA,Stirling,F,73,71.1,100.6,125,36.0,35.1,36.0,124,35.1,126,50.6,50.0,36.0 / 124,35.1 / 126
13995,GA,Green,F,73,68.6,96.4,118,34.8,33.8,34.8,118,33.8,118,48.7,47.7,34.8 / 118,33.8 / 118
13995,GA,Gold,F,73,62.8,88.5,109,31.7,31.1,31.7,109,31.1,109,44.5,44.0,31.7 / 109,31.1 / 109
9093,GA,Gold,M,72,71.0,94.4,126,35.5,35.5,35.5,124,35.5,128,47.0,47.4,35.5 / 124,35.5 / 128
9093,GA,Blue,M,72,70.0,92.8,123,35.0,35.0,35.0,121,35.0,125,46.2,46.6,35.0 / 121,35.0 / 125
9093,GA,White,M,72,68.2,90.5,120,34.1,34.1,34.1,118,34.1,122,45.1,45.4,34.1 / 118,34.1 / 122
9093,GA,Black,M,72,65.7,87.1,115,32.6,33.1,32.6,114,33.1,116,43.2,43.9,32.6 / 114,33.1 / 116
9093,GA,Red,M,72,64.5,84.9,110,32.0,32.5,32.0,108,32.5,112,42.0,42.9,32.0 / 108,32.5 / 112
9093,GA,Junior Green,M,72,62.0,81.5,105,31.0,31.0,31.0,103,31.0,107,40.6,40.9,31.0 / 103,31.0 / 107
9093,GA,White,F,72,74.0,104.1,128,36.8,37.2,36.8,126,37.2,130,51.6,52.5,36.8 / 126,37.2 / 130
9093,GA,Black,F,72,70.8,99.1,120,34.8,36.0,34.8,117,36.0,123,48.6,50.5,34.8 / 117,36.0 / 123
9093,GA,Red,F,72,69.4,97.0,117,34.0,35.4,34.0,114,35.4,120,47.4,49.6,34.0 / 114,35.4 / 120
9093,GA,Junior Green,F,72,65.2,90.2,106,32.6,32.6,32.6,105,32.6,107,45.0,45.2,32.6 / 105,32.6 / 107
9135,GA,Black,M,72,75.1,101.3,141,38.0,37.1,38.0,144,37.1,138,51.4,49.9,38.0 / 144,37.1 / 138
9135,GA,Gold,M,72,73.5,99.1,138,36.9,36.6,36.9,139,36.6,137,49.8,49.3,36.9 / 139,36.6 / 137
9135,GA,Gold/Blue,M,72,72.5,97.9,137,36.3,36.2,36.3,138,36.2,136,49.1,48.8,36.3 / 138,36.2 / 136
9135,GA,Blue,M,72,71.7,96.9,136,36.0,35.7,36.0,137,35.7,135,48.7,48.2,36.0 / 137,35.7 / 135
9135,GA,Sr. Players,M,72,71.0,95.4,131,35.4,35.6,35.4,131,35.6,131,47.6,47.8,35.4 / 131,35.6 / 131
9135,GA,White,M,72,69.8,94.0,130,35.1,34.7,35.1,130,34.7,130,47.2,46.8,35.1 / 130,34.7 / 130
9135,GA,Green,M,72,66.5,88.9,121,33.5,33.0,33.5,121,33.0,121,44.7,44.2,33.5 / 121,33.0 / 121
9135,GA,White,F,72,75.8,107.6,135,37.8,38.0,37.8,135,38.0,135,53.7,53.9,37.8 / 135,38.0 / 135
9135,GA,Ladies Players,F,72,71.7,101.6,127,36.0,35.7,36.0,129,35.7,125,51.2,50.4,36.0 / 129,35.7 / 125
9135,GA,Red,F,72,71.4,101.1,126,35.7,35.7,35.7,128,35.7,124,50.8,50.3,35.7 / 128,35.7 / 124
9135,GA,Silver,F,72,68.7,97.7,123,34.6,34.1,34.6,124,34.1,122,49.2,48.5,34.6 / 124,34.1 / 122
9120,GA,Championship,M,72,73.0,99.4,142,36.7,36.3,36.7,140,36.3,144,49.7,49.7,36.7 / 140,36.3 / 144
9120,GA,Palmer,M,72,71.5,97.3,139,35.9,35.6,35.9,135,35.6,143,48.4,48.9,35.9 / 135,35.6 / 143
9120,GA,Blue,M,72,70.5,95.7,135,35.5,35.0,35.5,132,35.0,138,47.8,47.9,35.5 / 132,35.0 / 138
9120,GA,Tournament,M,72,70.4,95.5,135,35.5,34.9,35.5,133,34.9,137,47.9,47.6,35.5 / 133,34.9 / 137
9120,GA,Blue/White,M,72,69.0,93.2,130,34.9,34.1,34.9,133,34.1,127,47.3,45.9,34.9 / 133,34.1 / 127
9120,GA,White,M,72,67.9,91.2,126,34.3,33.6,34.3,125,33.6,126,45.9,45.3,34.3 / 125,33.6 / 126
9120,GA,White/Red,M,72,66.6,89.8,125,33.6,33.0,33.6,127,33.0,123,45.4,44.4,33.6 / 127,33.0 / 123
9120,GA,Red,M,72,65.3,87.6,120,33.0,32.3,33.0,119,32.3,121,44.1,43.5,33.0 / 119,32.3 / 121
9120,GA,Red/Teal,M,72,63.9,85.8,118,32.1,31.8,32.1,116,31.8,119,42.9,42.9,32.1 / 116,31.8 / 119
9120,GA,Teal,M,72,62.9,84.2,115,31.7,31.2,31.7,113,31.2,116,42.2,42.0,31.7 / 113,31.2 / 116
9120,GA,Blue,F,72,76.9,110.0,140,38.6,38.3,38.6,142,38.3,138,55.4,54.6,38.6 / 142,38.3 / 138
9120,GA,Blue/White,F,72,74.7,105.4,131,37.9,36.8,37.9,131,36.8,130,53.3,52.1,37.9 / 131,36.8 / 130
9120,GA,White,F,72,73.5,104.9,133,37.4,36.1,37.4,133,36.1,133,53.1,51.8,37.4 / 133,36.1 / 133
9120,GA,White/Red,F,72,71.6,100.1,121,36.0,35.6,36.0,122,35.6,120,50.4,49.7,36.0 / 122,35.6 / 120
9120,GA,Red,F,72,70.3,99.9,126,35.7,34.6,35.7,126,34.6,126,50.5,49.4,35.7 / 126,34.6 / 126
9120,GA,Red/Teal,F,72,68.7,97.5,122,34.9,33.8,34.9,121,33.8,123,49.2,48.3,34.9 / 121,33.8 / 123
9120,GA,Teal,F,72,67.5,95.6,120,34.4,33.1,34.4,120,33.1,119,48.5,47.1,34.4 / 120,33.1 / 119
9268,GA,Black,M,72,74.1,99.5,137,37.2,36.9,37.2,136,36.9,138,49.8,49.7,37.2 / 136,36.9 / 138
9268,GA,Blue,M,72,72.5,97.4,134,36.3,36.2,36.3,133,36.2,135,48.7,48.7,36.3 / 133,36.2 / 135
9268,GA,Fazio,M,72,71.8,96.1,132,36.1,35.7,36.1,133,35.7,130,48.5,47.8,36.1 / 133,35.7 / 130
9268,GA,Gold,M,72,71.0,95.2,130,35.6,35.4,35.6,130,35.4,130,47.7,47.5,35.6 / 130,35.4 / 130
9268,GA,White,M,72,69.4,92.8,126,34.5,34.9,34.5,125,34.9,127,46.1,46.7,34.5 / 125,34.9 / 127
9268,GA,White/Silver Combo,M,72,67.5,89.7,122,33.6,33.8,33.6,122,33.8,122,44.9,45.1,33.6 / 122,33.8 / 122
9268,GA,Silver,M,72,65.0,85.9,113,32.0,33.1,32.0,109,33.1,117,42.1,44.0,32.0 / 109,33.1 / 117
9268,GA,Gold,F,72,77.2,110.7,142,38.6,38.6,38.6,142,38.6,142,55.3,55.4,38.6 / 142,38.6 / 142
9268,GA,White,F,72,74.8,107.4,138,37.3,37.5,37.3,138,37.5,138,53.6,53.8,37.3 / 138,37.5 / 138
9268,GA,White/Silver Combo,F,72,72.5,103.6,132,36.4,36.1,36.4,133,36.1,131,52.1,51.5,36.4 / 133,36.1 / 131
9268,GA,Silver,F,72,69.5,99.0,125,34.5,35.0,34.5,123,35.0,127,49.0,50.0,34.5 / 123,35.0 / 127
13628,GA,Black,M,72,74.1,100.3,141,36.9,37.2,36.9,146,37.2,136,50.5,49.8,36.9 / 146,37.2 / 136
13628,GA,Blue,M,72,72.3,97.6,136,36.0,36.3,36.0,139,36.3,133,48.9,48.7,36.0 / 139,36.3 / 133
13628,GA,Gold,M,72,70.7,95.1,131,35.1,35.6,35.1,132,35.6,130,47.4,47.7,35.1 / 132,35.6 / 130
13628,GA,White,M,72,68.4,91.4,124,33.9,34.5,33.9,123,34.5,125,45.3,46.1,33.9 / 123,34.5 / 125
13628,GA,White/Silver Combo,M,72,66.9,89.2,120,33.3,33.6,33.3,118,33.6,122,44.3,44.9,33.3 / 118,33.6 / 122
13628,GA,Silver,M,72,64.5,85.3,112,32.5,32.0,32.5,115,32.0,109,43.2,42.1,32.5 / 115,32.0 / 109
13628,GA,Gold,F,72,76.5,110.2,143,37.9,38.6,37.9,144,38.6,142,54.9,55.3,37.9 / 144,38.6 / 142
13628,GA,White,F,72,73.9,106.7,139,36.6,37.3,36.6,140,37.3,138,53.1,53.6,36.6 / 140,37.3 / 138
13628,GA,White/Silver Combo,F,72,71.6,102.4,131,35.9,35.7,35.9,131,35.7,131,51.3,51.1,35.9 / 131,35.7 / 131
13628,GA,Silver,F,72,68.8,98.0,124,34.3,34.5,34.3,125,34.5,123,49.0,49.0,34.3 / 125,34.5 / 123
13627,GA,Black,M,72,73.8,100.2,142,36.9,36.9,36.9,138,36.9,146,49.7,50.5,36.9 / 138,36.9 / 146
13627,GA,Blue,M,72,72.2,97.6,137,36.2,36.0,36.2,135,36.0,139,48.7,48.9,36.2 / 135,36.0 / 139
13627,GA,Gold,M,72,70.5,94.9,131,35.4,35.1,35.4,130,35.1,132,47.5,47.4,35.4 / 130,35.1 / 132
13627,GA,White,M,72,68.8,92.0,125,34.9,33.9,34.9,127,33.9,123,46.7,45.3,34.9 / 127,33.9 / 123
13627,GA,White/Silver Combo,M,72,67.2,89.6,120,33.8,33.3,33.8,122,33.3,118,45.1,44.3,33.8 / 122,33.3 / 118
13627,GA,Silver,M,72,65.7,87.2,116,33.1,32.5,33.1,117,32.5,115,44.0,43.2,33.1 / 117,32.5 / 115
13627,GA,Gold,F,72,76.5,110.2,143,38.6,37.9,38.6,142,37.9,144,55.3,54.9,38.6 / 142,37.9 / 144
13627,GA,White,F,72,74.1,106.9,139,37.5,36.6,37.5,138,36.6,140,53.8,53.1,37.5 / 138,36.6 / 140
13627,GA,White/Silver Combo,F,72,71.6,102.5,132,36.1,35.5,36.1,134,35.5,130,51.9,50.8,36.1 / 134,35.5 / 130
13627,GA,Silver,F,72,69.3,99.0,126,35.0,34.3,35.0,127,34.3,125,50.0,49.0,35.0 / 127,34.3 / 125
9013,GA,Tour,M,70,76.6,102.4,144,38.3,38.0,38.3,143,38.0,145,51.6,51.5,38.3 / 143,38.0 / 145
9013,GA,Championship,M,72,76.6,103.1,144,38.3,38.0,38.3,143,38.0,145,51.6,51.5,38.3 / 143,38.0 / 145
9013,GA,Medal,M,72,74.2,99.8,138,37.4,36.8,37.4,139,36.8,137,50.3,49.5,37.4 / 139,36.8 / 137
9013,GA,Jones,M,72,71.8,96.0,130,36.2,35.6,36.2,131,35.6,129,48.4,47.6,36.2 / 131,35.6 / 129
9013,GA,Jones/Member,M,72,70.4,93.6,125,34.9,35.5,34.9,124,35.5,126,46.4,47.2,34.9 / 124,35.5 / 126
9013,GA,Member,M,72,69.5,91.3,120,33.9,35.1,33.9,117,35.1,123,44.8,46.5,33.9 / 117,35.1 / 123
9013,GA,Member/Forward,M,72,65.8,87.4,117,32.6,33.2,32.6,112,33.2,121,43.0,44.4,32.6 / 112,33.2 / 121
9013,GA,Forward,M,72,64.8,86.0,114,32.1,32.7,32.1,114,32.7,114,42.7,43.3,32.1 / 114,32.7 / 114
9013,GA,Member,F,72,73.8,105.4,134,37.1,36.7,37.1,137,36.7,131,53.2,52.2,37.1 / 137,36.7 / 131
9013,GA,Forward,F,72,69.9,99.6,126,35.4,34.5,35.4,129,34.5,123,50.6,49.0,35.4 / 129,34.5 / 123
9097,GA,Black,M,72,77.2,104.9,149,38.6,38.6,38.6,147,38.6,151,52.3,52.6,38.6 / 147,38.6 / 151
9097,GA,Gold,M,72,74.8,101.4,143,37.3,37.5,37.3,142,37.5,144,50.5,50.9,37.3 / 142,37.5 / 144
9097,GA,Gold/Blue,M,72,73.1,99.3,141,36.6,36.5,36.6,139,36.5,143,49.5,49.8,36.6 / 139,36.5 / 143
9097,GA,Blue,M,72,72.3,97.9,138,36.3,36.0,36.3,136,36.0,140,48.9,49.0,36.3 / 136,36.0 / 140
9097,GA,Blue/White,M,72,70.8,95.7,134,35.7,35.1,35.7,132,35.1,136,48.0,47.7,35.7 / 132,35.1 / 136
9097,GA,White,M,72,69.6,93.6,129,34.9,34.7,34.9,126,34.7,132,46.6,47.0,34.9 / 126,34.7 / 132
9097,GA,Forward,M,72,67.5,90.2,122,34.1,33.4,34.1,118,33.4,126,45.1,45.1,34.1 / 118,33.4 / 126
9097,GA,White,F,72,75.6,108.1,138,37.9,37.7,37.9,137,37.7,139,54.0,54.1,37.9 / 137,37.7 / 139
9097,GA,Red,F,72,70.0,99.7,126,35.3,34.7,35.3,124,34.7,128,49.9,49.8,35.3 / 124,34.7 / 128
14205,GA,Black,M,72,74.5,100.1,138,37.0,37.5,37.0,139,37.5,137,49.9,50.2,37.0 / 139,37.5 / 137
14205,GA,Blue,M,72,73.2,98.2,135,36.4,36.8,36.4,136,36.8,133,49.0,49.2,36.4 / 136,36.8 / 133
14205,GA,White,M,72,71.3,95.9,133,35.7,35.6,35.7,135,35.6,130,48.2,47.7,35.7 / 135,35.6 / 130
14205,GA,Gold,M,72,69.2,92.7,127,34.5,34.7,34.5,127,34.7,126,46.3,46.4,34.5 / 127,34.7 / 126
14205,GA,Super Senior,M,72,65.4,87.1,117,32.7,32.7,32.7,116,32.7,117,43.5,43.6,32.7 / 116,32.7 / 117
14205,GA,Gold,F,72,73.9,101.9,119,36.7,37.2,36.7,117,37.2,120,50.5,51.4,36.7 / 117,37.2 / 120
14205,GA,Pink,F,72,70.7,99.9,124,35.6,35.1,35.6,124,35.1,124,50.2,49.7,35.6 / 124,35.1 / 124
14213,GA,Black,M,72,74.6,100.1,138,37.5,37.1,37.5,137,37.1,138,50.2,49.9,37.5 / 137,37.1 / 138
14213,GA,Blue,M,72,72.8,97.7,134,36.8,36.0,36.8,133,36.0,135,49.2,48.5,36.8 / 133,36.0 / 135
14213,GA,White,M,72,70.7,95.1,131,35.6,35.1,35.6,130,35.1,132,47.7,47.4,35.6 / 130,35.1 / 132
14213,GA,Gold,M,72,69.0,92.7,128,34.7,34.3,34.7,126,34.3,129,46.4,46.3,34.7 / 126,34.3 / 129
14213,GA,Super Senior,M,72,65.5,87.1,115,32.7,32.9,32.7,116,32.9,113,43.5,43.4,32.7 / 116,32.9 / 113
14213,GA,Gold,F,72,73.4,101.8,120,37.2,36.2,37.2,120,36.2,120,51.4,50.4,37.2 / 120,36.2 / 120
14213,GA,Pink,F,72,71.0,101.1,128,35.1,35.9,35.1,124,35.9,131,49.7,51.4,35.1 / 124,35.9 / 131
14214,GA,Black,M,72,74.1,99.8,139,37.1,37.0,37.1,138,37.0,139,49.9,49.9,37.1 / 138,37.0 / 139
14214,GA,Blue,M,72,72.4,97.5,136,36.0,36.4,36.0,135,36.4,136,48.5,49.0,36.0 / 135,36.4 / 136
14214,GA,White,M,72,70.8,95.6,134,35.1,35.7,35.1,132,35.7,135,47.4,48.2,35.1 / 132,35.7 / 135
14214,GA,Gold,M,72,68.8,92.6,128,34.3,34.5,34.3,129,34.5,127,46.3,46.3,34.3 / 129,34.5 / 127
14214,GA,Super Senior,M,72,65.6,87.2,114,32.9,32.7,32.9,113,32.7,114,43.4,43.3,32.9 / 113,32.7 / 114
14214,GA,Gold,F,72,72.9,100.9,119,36.2,36.7,36.2,120,36.7,117,50.4,50.5,36.2 / 120,36.7 / 117
14214,GA,Pink,F,72,71.5,101.5,128,35.9,35.6,35.9,131,35.6,124,51.3,50.2,35.9 / 131,35.6 / 124
9227,GA,Blue,M,72,69.6,92.8,125,34.7,34.9,34.7,125,34.9,125,46.3,46.5,34.7 / 125,34.9 / 125
9227,GA,White,M,72,67.4,88.8,115,33.8,33.6,33.8,116,33.6,114,44.6,44.2,33.8 / 116,33.6 / 114
9227,GA,Gold,M,72,63.8,83.1,104,31.7,32.1,31.7,101,32.1,107,41.1,42.0,31.7 / 101,32.1 / 107
9227,GA,White,F,72,72.7,101.5,122,36.8,35.9,36.8,123,35.9,121,51.3,50.2,36.8 / 123,35.9 / 121
9227,GA,Gold,F,72,68.2,94.4,111,33.9,34.3,33.9,111,34.3,111,47.0,47.4,33.9 / 111,34.3 / 111
9227,GA,Red,F,72,67.4,93.4,110,33.5,33.9,33.5,110,33.9,110,46.5,46.9,33.5 / 110,33.9 / 110
9126,GA,Blue,M,72,70.0,92.0,118,35.0,35.0,35.0,118,35.0,118,46.0,46.0,35.0 / 118,35.0 / 118
9126,GA,White,M,72,67.4,87.7,110,33.7,33.7,33.7,109,33.7,110,43.8,43.9,33.7 / 109,33.7 / 110
9126,GA,Gold,M,72,64.4,83.6,103,32.2,32.2,32.2,103,32.2,103,41.8,41.8,32.2 / 103,32.2 / 103
9126,GA,Red,M,72,62.1,80.5,99,31.1,31.0,31.1,99,31.0,99,40.3,40.2,31.1 / 99,31.0 / 99
9126,GA,White Tees,F,72,72.4,100.2,118,36.2,36.2,36.2,118,36.2,118,50.1,50.1,36.2 / 118,36.2 / 118
9126,GA,Gold,F,72,69.0,95.6,113,34.5,34.5,34.5,114,34.5,112,47.9,47.7,34.5 / 114,34.5 / 112
9126,GA,Red,F,72,65.6,90.2,104,32.8,32.8,32.8,104,32.8,104,45.1,45.1,32.8 / 104,32.8 / 104
9206,GA,Blue,M,72,71.5,95.3,128,35.5,36.0,35.5,128,36.0,128,47.4,47.9,35.5 / 128,36.0 / 128
9206,GA,White,M,72,70.0,93.2,125,34.5,35.5,34.5,126,35.5,124,46.2,47.0,34.5 / 126,35.5 / 124
9206,GA,Gold,M,72,67.5,89.5,118,33.6,33.9,33.6,118,33.9,118,44.6,44.9,33.6 / 118,33.9 / 118
9206,GA,Gold,F,72,73.0,102.5,125,36.2,36.8,36.2,123,36.8,127,50.7,51.8,36.2 / 123,36.8 / 127
9206,GA,Red,F,72,69.0,96.4,116,34.4,34.6,34.4,115,34.6,117,48.0,48.4,34.4 / 115,34.6 / 117
8979,GA,Black,M,72,72.1,96.8,133,35.1,37.0,35.1,131,37.0,135,47.3,49.5,35.1 / 131,37.0 / 135
8979,GA,Black/Blue,M,72,70.8,95.0,130,34.4,36.4,34.4,129,36.4,131,46.4,48.6,34.4 / 129,36.4 / 131
8979,GA,Blue,M,72,70.2,94.2,129,34.4,35.8,34.4,129,35.8,129,46.4,47.8,34.4 / 129,35.8 / 129
8979,GA,Blue/White,M,73,68.9,92.3,126,33.5,35.4,33.5,125,35.4,127,45.1,47.2,33.5 / 125,35.4 / 127
8979,GA,White,M,73,67.8,90.5,122,33.0,34.8,33.0,118,34.8,126,44.0,46.5,33.0 / 118,34.8 / 126
8979,GA,White/Gold,M,73,66.4,88.5,119,32.2,34.2,32.2,117,34.2,121,43.1,45.4,32.2 / 117,34.2 / 121
8979,GA,Gold,M,73,64.2,85.8,116,31.5,32.7,31.5,113,32.7,119,42.0,43.8,31.5 / 113,32.7 / 119
8979,GA,Green,M,73,62.8,83.4,111,30.8,32.0,30.8,109,32.0,113,40.9,42.5,30.8 / 109,32.0 / 113
8979,GA,Family Blue,M,73,59.2,77.6,99,29.2,30.0,29.2,98,30.0,100,38.3,39.3,29.2 / 98,30.0 / 100
8979,GA,Blue,F,72,76.4,109.0,138,37.4,39.0,37.4,139,39.0,137,53.8,55.2,37.4 / 139,39.0 / 137
8979,GA,White,F,73,73.7,105.1,133,35.9,37.8,35.9,133,37.8,133,51.6,53.5,35.9 / 133,37.8 / 133
8979,GA,Gold,F,73,69.6,98.2,121,33.9,35.7,33.9,121,35.7,121,48.2,50.0,33.9 / 121,35.7 / 121
8979,GA,Green,F,73,67.5,95.4,118,32.8,34.7,32.8,115,34.7,121,46.4,49.0,32.8 / 115,34.7 / 121
8979,GA,Family Blue,F,73,59.8,83.7,101,29.4,30.4,29.4,98,30.4,104,41.0,42.7,29.4 / 98,30.4 / 104
9159,GA,Blue,M,72,71.8,96.0,130,36.8,35.0,36.8,132,35.0,128,49.1,46.9,36.8 / 132,35.0 / 128
9159,GA,White,M,72,69.7,93.3,127,35.9,33.8,35.9,130,33.8,124,48.0,45.3,35.9 / 130,33.8 / 124
9159,GA,Yellow,M,72,68.1,90.7,122,34.9,33.2,34.9,123,33.2,121,46.3,44.4,34.9 / 123,33.2 / 121
9159,GA,Green,M,72,65.3,87.3,118,33.3,32.0,33.3,120,32.0,116,44.5,42.8,33.3 / 120,32.0 / 116
9159,GA,Red,M,72,64.8,86.2,115,33.1,31.7,33.1,116,31.7,114,43.9,42.3,33.1 / 116,31.7 / 114
9159,GA,White,F,72,75.6,107.9,137,38.3,37.3,38.3,142,37.3,132,55.0,52.9,38.3 / 142,37.3 / 132
9159,GA,Yellow,F,74,73.4,104.5,132,37.6,35.8,37.6,136,35.8,128,53.6,50.9,37.6 / 136,35.8 / 128
9159,GA,Red,F,74,70.6,100.0,125,36.0,34.6,36.0,130,34.6,120,51.3,48.7,36.0 / 130,34.6 / 120
9159,GA,Ladies Super Senior,F,74,68.8,97.2,121,34.9,33.9,34.9,123,33.9,118,49.4,47.8,34.9 / 123,33.9 / 118
9087,GA,Blue,M,71,72.2,96.4,130,36.1,36.1,36.1,128,36.1,132,48.0,48.4,36.1 / 128,36.1 / 132
9087,GA,White,M,71,70.0,93.4,126,34.9,35.1,34.9,126,35.1,126,46.6,46.8,34.9 / 126,35.1 / 126
9087,GA,Gold,M,71,67.5,89.3,117,33.7,33.8,33.7,115,33.8,119,44.4,44.9,33.7 / 115,33.8 / 119
9087,GA,Gold,F,71,72.8,103.0,128,36.4,36.4,36.4,128,36.4,128,51.5,51.5,36.4 / 128,36.4 / 128
9087,GA,Red,F,71,68.0,95.3,116,34.1,33.9,34.1,114,33.9,118,47.5,47.8,34.1 / 114,33.9 / 118
21251,GA,Green/Green,M,60,60.2,78.8,100,30.1,30.1,30.1,100,30.1,100,39.4,39.4,30.1 / 100,30.1 / 100
21251,GA,Blue/Blue,M,60,59.0,77.0,97,29.5,29.5,29.5,97,29.5,97,38.5,38.5,29.5 / 97,29.5 / 97
21251,GA,White/White,M,60,57.2,74.8,95,28.6,28.6,28.6,95,28.6,95,37.4,37.4,28.6 / 95,28.6 / 95
21251,GA,Green/Green,F,60,61.0,85.0,102,30.5,30.5,30.5,102,30.5,102,42.5,42.5,30.5 / 102,30.5 / 102
21251,GA,Blue/Blue,F,60,59.2,82.6,99,29.6,29.6,29.6,99,29.6,99,41.3,41.3,29.6 / 99,29.6 / 99
21251,GA,White/White,F,60,57.4,80.0,96,28.7,28.7,28.7,96,28.7,96,40.0,40.0,28.7 / 96,28.7 / 96
9156,GA,Black,M,72,72.4,96.6,130,36.2,36.2,36.2,132,36.2,128,48.5,48.1,36.2 / 132,36.2 / 128
9156,GA,Blue,M,72,71.0,94.8,128,35.3,35.7,35.3,129,35.7,127,47.3,47.5,35.3 / 129,35.7 / 127
9156,GA,White,M,72,69.3,92.3,124,34.5,34.8,34.5,126,34.8,122,46.2,46.1,34.5 / 126,34.8 / 122
9156,GA,Green,M,72,67.4,89.5,119,34.0,33.4,34.0,121,33.4,117,45.2,44.3,34.0 / 121,33.4 / 117
9156,GA,Gold,M,72,64.8,85.4,111,32.6,32.2,32.6,112,32.2,110,43.0,42.4,32.6 / 112,32.2 / 110
9156,GA,Red,M,72,62.4,82.1,106,31.4,31.0,31.4,107,31.0,105,41.3,40.8,31.4 / 107,31.0 / 105
9156,GA,White,F,72,75.0,105.2,128,37.7,37.3,37.7,125,37.3,131,52.4,52.8,37.7 / 125,37.3 / 131
9156,GA,Green,F,72,72.3,101.4,123,36.3,36.0,36.3,120,36.0,126,50.5,50.9,36.3 / 120,36.0 / 126
9156,GA,Gold,F,72,69.2,96.8,117,35.0,34.2,35.0,117,34.2,117,48.8,48.0,35.0 / 117,34.2 / 117
9156,GA,Red,F,72,67.2,93.8,113,33.9,33.3,33.9,114,33.3,112,47.3,46.5,33.9 / 114,33.3 / 112
9157,GA,Black,M,72,72.1,96.1,129,36.2,35.9,36.2,128,35.9,130,48.1,48.0,36.2 / 128,35.9 / 130
9157,GA,Blue,M,72,71.1,94.9,128,35.7,35.4,35.7,127,35.4,129,47.5,47.4,35.7 / 127,35.4 / 129
9157,GA,White,M,72,69.5,92.7,125,34.8,34.7,34.8,122,34.7,128,46.1,46.6,34.8 / 122,34.7 / 128
9157,GA,Green,M,72,67.1,88.9,117,33.4,33.7,33.4,117,33.7,117,44.3,44.6,33.4 / 117,33.7 / 117
9157,GA,Gold,M,72,64.6,85.4,112,32.2,32.4,32.2,110,32.4,114,42.4,43.0,32.2 / 110,32.4 / 114
9157,GA,Red,M,72,62.4,82.1,106,31.0,31.4,31.0,105,31.4,107,40.8,41.3,31.0 / 105,31.4 / 107
9157,GA,White,F,72,74.8,106.0,132,37.3,37.5,37.3,131,37.5,133,52.8,53.2,37.3 / 131,37.5 / 133
9157,GA,Green,F,72,72.0,101.8,126,36.0,36.0,36.0,126,36.0,126,50.9,50.9,36.0 / 126,36.0 / 126
9157,GA,Gold,F,72,68.6,96.2,117,34.2,34.4,34.2,117,34.4,117,48.0,48.2,34.2 / 117,34.4 / 117
9157,GA,Red,F,72,66.7,93.4,113,33.3,33.4,33.3,112,33.4,114,46.5,46.9,33.3 / 112,33.4 / 114
9158,GA,Black,M,72,72.1,96.5,131,35.9,36.2,35.9,130,36.2,132,48.0,48.5,35.9 / 130,36.2 / 132
9158,GA,Blue,M,72,70.7,94.7,129,35.4,35.3,35.4,129,35.3,129,47.4,47.3,35.4 / 129,35.3 / 129
9158,GA,White,M,72,69.2,92.8,127,34.7,34.5,34.7,128,34.5,126,46.6,46.2,34.7 / 128,34.5 / 126
9158,GA,Green,M,72,67.7,89.8,119,33.7,34.0,33.7,117,34.0,121,44.6,45.2,33.7 / 117,34.0 / 121
9158,GA,Gold,M,72,65.0,85.1,113,32.4,32.6,32.4,114,32.6,112,43.0,43.0,32.4 / 114,32.6 / 112
9158,GA,Red,M,72,62.8,82.6,107,31.4,31.4,31.4,107,31.4,107,41.3,41.3,31.4 / 107,31.4 / 107
9158,GA,White,F,72,75.2,105.6,129,37.5,37.7,37.5,133,37.7,125,53.2,52.4,37.5 / 133,37.7 / 125
9158,GA,Green,F,72,72.3,101.4,123,36.0,36.3,36.0,126,36.3,120,50.9,50.5,36.0 / 126,36.3 / 120
9158,GA,Gold,F,72,69.4,97.0,117,34.4,35.0,34.4,117,35.0,117,48.2,48.8,34.4 / 117,35.0 / 117
9158,GA,Red,F,72,67.3,94.3,114,33.4,33.9,33.4,114,33.9,114,46.9,47.4,33.4 / 114,33.9 / 114
8928,GA,Blue,M,72,68.7,89.8,114,32.9,35.8,32.9,107,35.8,121,42.8,47.0,32.9 / 107,35.8 / 121
8928,GA,White,M,72,66.9,87.0,108,32.4,34.5,32.4,102,34.5,114,41.9,45.1,32.4 / 102,34.5 / 114
8928,GA,Gold,M,72,63.2,81.8,100,31.0,32.2,31.0,96,32.2,104,39.9,41.9,31.0 / 96,32.2 / 104
8928,GA,White,F,72,72.0,101.2,124,34.6,37.4,34.6,119,37.4,129,48.6,52.6,34.6 / 119,37.4 / 129
8928,GA,Gold,F,72,67.8,94.7,114,33.1,34.7,33.1,111,34.7,117,46.2,48.5,33.1 / 111,34.7 / 117
8928,GA,Red,F,72,67.2,93.9,113,32.8,34.4,32.8,110,34.4,116,45.8,48.1,32.8 / 110,34.4 / 116
9033,GA,Schenkel,M,72,74.2,99.3,135,36.6,37.6,36.6,132,37.6,138,48.9,50.4,36.6 / 132,37.6 / 138
9033,GA,Gold,M,72,73.2,97.8,133,36.1,37.1,36.1,131,37.1,134,48.3,49.5,36.1 / 131,37.1 / 134
9033,GA,Blue,M,72,70.7,94.3,127,34.8,35.9,34.8,124,35.9,130,46.3,48.0,34.8 / 124,35.9 / 130
9033,GA,Blue/White,M,72,69.4,92.4,124,34.0,35.4,34.0,121,35.4,127,45.2,47.2,34.0 / 121,35.4 / 127
9033,GA,White,M,72,68.1,90.4,120,33.5,34.6,33.5,118,34.6,122,44.5,45.9,33.5 / 118,34.6 / 122
9033,GA,Green,M,72,65.3,85.5,112,32.6,33.4,32.6,105,33.4,119,42.4,44.5,32.6 / 105,33.4 / 119
9033,GA,Red,M,72,63.7,82.9,103,32.0,31.7,32.0,103,31.7,103,41.6,41.3,32.0 / 103,31.7 / 103
9033,GA,Family,M,72,57.1,73.7,89,28.6,28.5,28.6,91,28.5,87,37.1,36.6,28.6 / 91,28.5 / 87
9033,GA,White,F,72,74.2,104.2,128,36.3,37.9,36.3,124,37.9,131,50.9,53.3,36.3 / 124,37.9 / 131
9033,GA,Green,F,72,70.9,99.5,122,35.2,35.7,35.2,120,35.7,123,49.3,50.2,35.2 / 120,35.7 / 123
9033,GA,Red,F,72,68.2,95.3,115,33.4,34.8,33.4,114,34.8,116,46.8,48.5,33.4 / 114,34.8 / 116
9033,GA,Family,F,72,58.5,80.2,92,29.1,29.4,29.1,94,29.4,90,40.2,40.0,29.1 / 94,29.4 / 90
8963,GA,Jaguar,M,72,74.6,100.8,141,37.7,36.9,37.7,145,36.9,137,51.2,49.6,37.7 / 145,36.9 / 137
8963,GA,Black,M,72,73.5,99.2,138,37.1,36.4,37.1,142,36.4,134,50.3,48.9,37.1 / 142,36.4 / 134
8963,GA,Black/White,M,72,72.5,98.0,137,36.5,36.0,36.5,141,36.0,133,49.6,48.4,36.5 / 141,36.0 / 133
8963,GA,White,M,72,71.4,96.5,135,36.2,35.2,36.2,138,35.2,132,49.0,47.5,36.2 / 138,35.2 / 132
8963,GA,White/Silver,M,72,69.7,94.1,131,34.9,34.8,34.9,132,34.8,130,47.2,46.9,34.9 / 132,34.8 / 130
8963,GA,Silver,M,72,68.2,91.6,126,34.3,33.9,34.3,126,33.9,126,46.0,45.6,34.3 / 126,33.9 / 126
8963,GA,Gold,M,72,65.4,86.6,115,32.9,32.3,32.9,115,32.3,115,43.6,43.0,32.9 / 115,32.3 / 115
8963,GA,White,F,72,76.7,108.9,137,38.5,38.2,38.5,137,38.2,137,54.6,54.3,38.5 / 137,38.2 / 137
8963,GA,Lady Jags,F,72,75.9,107.8,135,37.7,38.2,37.7,133,38.2,137,53.4,54.4,37.7 / 133,38.2 / 137
8963,GA,Silver,F,72,73.3,103.7,129,36.6,36.7,36.6,127,36.7,131,51.6,52.1,36.6 / 127,36.7 / 131
8963,GA,Gold,F,72,70.6,99.4,123,35.4,35.0,35.4,123,35.0,123,49.9,49.5,35.4 / 123,35.0 / 123
9067,GA,Gold,M,72,73.0,99.4,142,36.5,36.5,36.5,142,36.5,142,49.7,49.7,36.5 / 142,36.5 / 142
9067,GA,Blue,M,72,70.1,95.7,138,35.0,35.1,35.0,138,35.1,138,47.8,47.9,35.0 / 138,35.1 / 138
9067,GA,White,M,72,68.9,94.1,136,34.4,34.5,34.4,136,34.5,136,47.0,47.1,34.4 / 136,34.5 / 136
9067,GA,Black,M,72,67.0,89.6,122,33.5,33.5,33.5,122,33.5,122,44.8,44.8,33.5 / 122,33.5 / 122
9067,GA,Red,F,72,69.2,97.4,120,34.6,34.6,34.6,120,34.6,120,48.7,48.7,34.6 / 120,34.6 / 120
9028,GA,Blue,M,72,68.3,90.6,120,34.2,34.1,34.2,121,34.1,119,45.4,45.2,34.2 / 121,34.1 / 119
9028,GA,White,M,72,67.6,89.4,117,34.0,33.6,34.0,118,33.6,116,45.0,44.4,34.0 / 118,33.6 / 116
9028,GA,Black,M,72,64.2,83.6,104,32.2,32.0,32.2,105,32.0,103,42.0,41.6,32.2 / 105,32.0 / 103
9028,GA,Black,F,72,68.6,95.3,113,34.6,34.0,34.6,114,34.0,112,48.1,47.2,34.6 / 114,34.0 / 112
9028,GA,Red,F,72,64.8,89.9,106,32.7,32.1,32.7,109,32.1,103,45.6,44.3,32.7 / 109,32.1 / 103
9062,GA,Blue,M,72,71.6,95.4,126,36.5,35.1,36.5,127,35.1,125,48.4,46.8,36.5 / 127,35.1 / 125
9062,GA,White,M,72,69.5,91.1,117,35.3,34.2,35.3,118,34.2,116,46.2,45.0,35.3 / 118,34.2 / 116
9062,GA,Gold,M,72,65.8,85.8,108,33.2,32.6,33.2,108,32.6,108,43.2,42.6,33.2 / 108,32.6 / 108
9062,GA,Gold,F,72,70.7,98.2,117,35.6,35.1,35.6,118,35.1,116,49.5,48.7,35.6 / 118,35.1 / 116
9062,GA,Red,F,72,68.1,94.9,113,34.4,33.7,34.4,114,33.7,112,48.0,46.8,34.4 / 114,33.7 / 112
9201,GA,Black,M,62,59.6,78.2,100,30.5,29.1,30.5,103,29.1,97,40.1,38.1,30.5 / 103,29.1 / 97
9201,GA,White,M,62,58.3,75.4,92,29.9,28.4,29.9,96,28.4,88,38.8,36.6,29.9 / 96,28.4 / 88
9201,GA,Red,M,62,55.7,72.2,89,29.5,26.2,29.5,94,26.2,84,38.2,34.0,29.5 / 94,26.2 / 84
9201,GA,Black,F,62,61.8,85.6,101,32.0,29.8,32.0,104,29.8,98,44.3,41.3,32.0 / 104,29.8 / 98
9201,GA,White,F,62,60.4,82.3,93,31.2,29.2,31.2,96,29.2,90,42.5,39.8,31.2 / 96,29.2 / 90
9201,GA,Red,F,62,57.6,78.4,88,30.0,27.6,30.0,92,27.6,84,40.9,37.5,30.0 / 92,27.6 / 84
9078,GA,Gold,M,72,70.8,94.6,128,35.4,35.4,35.4,130,35.4,126,47.5,47.1,35.4 / 130,35.4 / 126
9078,GA,Blue,M,72,69.6,92.6,124,34.5,35.1,34.5,124,35.1,124,46.0,46.6,34.5 / 124,35.1 / 124
9078,GA,White,M,72,68.3,90.7,121,33.8,34.5,33.8,121,34.5,121,45.0,45.7,33.8 / 121,34.5 / 121
9078,GA,Black,M,72,66.8,88.6,117,33.2,33.6,33.2,117,33.6,117,44.1,44.5,33.2 / 117,33.6 / 117
9078,GA,Green,M,72,64.1,84.5,110,31.8,32.3,31.8,108,32.3,112,41.8,42.7,31.8 / 108,32.3 / 112
9078,GA,Red,M,72,62.4,82.5,108,31.0,31.4,31.0,105,31.4,111,40.8,41.7,31.0 / 105,31.4 / 111
9078,GA,Black,F,72,70.9,98.3,116,35.1,35.8,35.1,117,35.8,115,48.9,49.4,35.1 / 117,35.8 / 115
9078,GA,Green,F,72,68.6,95.3,113,33.9,34.7,33.9,112,34.7,114,47.1,48.2,33.9 / 112,34.7 / 114
9078,GA,Red,F,72,66.8,93.7,114,33.3,33.5,33.3,114,33.5,114,46.7,47.0,33.3 / 114,33.5 / 114
9130,GA,Gold,M,72,74.6,99.2,132,37.3,37.3,37.3,132,37.3,132,49.6,49.6,37.3 / 132,37.3 / 132
9130,GA,Blue,M,72,72.3,96.3,129,36.2,36.1,36.2,130,36.1,128,48.3,48.0,36.2 / 130,36.1 / 128
9130,GA,Frederica,M,72,71.7,95.3,127,36.0,35.7,36.0,128,35.7,126,47.9,47.4,36.0 / 128,35.7 / 126
9130,GA,Green,M,72,70.6,94.0,126,35.4,35.2,35.4,127,35.2,125,47.2,46.8,35.4 / 127,35.2 / 125
9130,GA,Oglethorpe,M,72,69.6,90.4,124,34.9,34.7,34.9,124,34.7,124,46.4,46.2,34.9 / 124,34.7 / 124
9130,GA,White,M,72,68.2,91.0,123,34.0,34.2,34.0,122,34.2,124,45.3,45.7,34.0 / 122,34.2 / 124
9130,GA,Tabby,M,72,66.5,88.8,120,33.2,33.3,33.2,121,33.3,119,44.4,44.4,33.2 / 121,33.3 / 119
9130,GA,Red,M,72,65.1,87.1,118,32.1,33.0,32.1,117,33.0,119,43.0,44.1,32.1 / 117,33.0 / 119
9130,GA,Green,F,72,76.0,107.8,135,38.0,38.0,38.0,134,38.0,136,53.8,54.0,38.0 / 134,38.0 / 136
9130,GA,Oglethorpe,F,72,74.4,105.5,132,37.7,36.7,37.7,133,36.7,131,53.4,52.1,37.7 / 133,36.7 / 131
9130,GA,White,F,72,73.3,103.7,129,36.6,36.7,36.6,128,36.7,130,51.7,52.0,36.6 / 128,36.7 / 130
9130,GA,Tabby,F,72,71.1,98.0,125,35.0,36.1,35.0,125,36.1,125,49.7,50.8,35.0 / 125,36.1 / 125
9130,GA,Red,F,72,69.6,97.6,119,34.5,35.1,34.5,119,35.1,119,48.5,49.1,34.5 / 119,35.1 / 119
8977,GA,Black,M,72,73.5,99.1,138,36.2,37.3,36.2,137,37.3,139,48.9,50.2,36.2 / 137,37.3 / 139
8977,GA,Gold,M,72,71.6,96.5,134,35.4,36.2,35.4,131,36.2,137,47.6,48.9,35.4 / 131,36.2 / 137
8977,GA,Blue,M,72,69.5,93.1,127,34.3,35.2,34.3,126,35.2,128,46.0,47.1,34.3 / 126,35.2 / 128
8977,GA,White,M,72,67.2,89.5,120,33.0,34.2,33.0,118,34.2,122,44.0,45.5,33.0 / 118,34.2 / 122
8977,GA,Green,M,72,64.9,86.1,114,32.0,32.9,32.0,114,32.9,114,42.6,43.5,32.0 / 114,32.9 / 114
8977,GA,White,F,72,72.5,102.4,127,35.7,36.8,35.7,124,36.8,130,50.3,52.1,35.7 / 124,36.8 / 130
8977,GA,Green,F,72,70.0,99.0,123,34.5,35.5,34.5,120,35.5,126,48.6,50.4,34.5 / 120,35.5 / 126
13979,GA,Black,M,71,74.1,99.2,136,37.6,36.5,37.6,135,36.5,136,50.1,49.1,37.6 / 135,36.5 / 136
13979,GA,Silver,M,71,71.4,97.1,133,36.5,35.9,36.5,132,35.9,133,48.8,48.3,36.5 / 132,35.9 / 133
13979,GA,Combo,M,71,70.8,95.0,130,36.0,34.8,36.0,128,34.8,132,47.9,47.1,36.0 / 128,34.8 / 132
13979,GA,White,M,71,69.5,93.3,128,35.5,34.0,35.5,126,34.0,130,47.2,46.1,35.5 / 126,34.0 / 130
13979,GA,Green,M,71,67.6,90.1,122,34.6,33.0,34.6,121,33.0,122,45.8,44.3,34.6 / 121,33.0 / 122
13979,GA,Red,M,71,62.8,84.3,110,32.5,31.0,32.5,112,31.0,112,42.9,41.4,32.5 / 112,31.0 / 112
13979,GA,Green,F,71,73.6,103.5,127,36.6,37.0,36.6,125,37.0,129,51.3,52.2,36.6 / 125,37.0 / 129
13979,GA,Red,F,71,69.2,96.5,116,34.6,34.6,34.6,114,34.6,118,48.0,48.5,34.6 / 114,34.6 / 118
9189,GA,Black,M,72,74.8,99.7,134,37.2,37.6,37.2,133,37.6,135,49.6,50.1,37.2 / 133,37.6 / 135
9189,GA,Silver,M,72,73.0,97.6,132,36.5,36.5,36.5,132,36.5,132,48.8,48.8,36.5 / 132,36.5 / 132
9189,GA,Combo,M,72,71.6,95.0,126,35.6,36.0,35.6,124,36.0,128,47.1,47.9,35.6 / 124,36.0 / 128
9189,GA,White,M,72,70.9,93.9,124,35.4,35.5,35.4,122,35.5,126,46.7,47.2,35.4 / 122,35.5 / 126
9189,GA,Green,M,72,68.4,90.4,119,33.8,34.6,33.8,116,34.6,121,44.6,45.8,33.8 / 116,34.6 / 121
9189,GA,Red,M,72,64.9,85.7,112,32.4,32.5,32.4,112,32.5,112,42.8,42.9,32.4 / 112,32.5 / 112
9189,GA,Green,F,72,73.1,102.5,125,36.5,36.6,36.5,125,36.6,125,51.2,51.3,36.5 / 125,36.6 / 125
9189,GA,Red,F,72,69.6,96.9,119,35.0,34.6,35.0,117,34.6,114,48.8,48.1,35.0 / 117,34.6 / 114
13980,GA,Black,M,71,73.7,98.7,135,36.5,37.2,36.5,136,37.2,133,49.1,49.6,36.5 / 136,37.2 / 133
13980,GA,Silver,M,71,72.4,97.1,133,35.9,36.5,35.9,133,36.5,132,48.3,48.8,35.9 / 133,36.5 / 132
13980,GA,Combo,M,71,70.4,94.2,128,34.8,35.6,34.8,132,35.6,124,47.1,47.1,34.8 / 132,35.6 / 124
13980,GA,White,M,71,69.4,92.8,126,34.0,35.4,34.0,130,35.4,122,46.1,46.7,34.0 / 130,35.4 / 122
13980,GA,Green,M,71,66.8,88.9,119,33.0,33.8,33.0,122,33.8,116,44.3,44.6,33.0 / 122,33.8 / 116
13980,GA,Red,M,71,63.4,84.2,112,31.0,32.4,31.0,112,32.4,112,41.4,42.8,31.0 / 112,32.4 / 112
13980,GA,Green,F,71,73.5,103.4,127,37.0,36.5,37.0,129,36.5,125,52.2,51.2,37.0 / 129,36.5 / 125
13980,GA,Red,F,71,69.6,97.3,118,34.6,35.0,34.6,118,35.0,117,48.5,48.8,34.6 / 118,35.0 / 117
9010,GA,Black,M,71,73.8,99.4,138,36.9,36.9,36.9,137,36.9,139,49.6,49.8,36.9 / 137,36.9 / 139
9010,GA,Blue,M,71,72.1,97.7,138,36.1,36.0,36.1,139,36.0,137,49.0,48.7,36.1 / 139,36.0 / 137
9010,GA,Green,M,71,70.3,95.4,135,35.2,35.1,35.2,137,35.1,133,47.9,47.5,35.2 / 137,35.1 / 133
9010,GA,White,M,71,69.3,93.7,131,34.7,34.6,34.7,133,34.6,129,47.1,46.6,34.7 / 133,34.6 / 129
9010,GA,Red,M,71,66.2,89.2,123,33.2,33.0,33.2,124,33.0,124,44.7,44.5,33.2 / 124,33.0 / 124
9010,GA,White,F,71,74.6,105.7,136,37.4,37.2,37.4,134,37.2,138,53.2,53.5,37.4 / 134,37.2 / 138
9010,GA,Red,F,71,71.0,101.0,127,35.7,35.3,35.7,127,35.3,127,50.7,50.3,35.7 / 127,35.3 / 127
9181,GA,Navy,M,72,73.4,98.5,135,36.2,37.2,36.2,138,37.2,132,49.0,49.5,36.2 / 138,37.2 / 132
9181,GA,Gold,M,72,71.5,95.7,130,35.6,35.9,35.6,132,35.9,128,47.9,47.8,35.6 / 132,35.9 / 128
9181,GA,White,M,72,70.2,93.6,126,34.7,35.5,34.7,127,35.5,125,46.5,47.1,34.7 / 127,35.5 / 125
9181,GA,Royal,M,72,68.7,91.0,120,34.0,34.7,34.0,121,34.7,119,45.2,45.8,34.0 / 121,34.7 / 119
9181,GA,Light Blue,M,72,66.4,88.2,117,32.8,33.6,32.8,118,33.6,116,43.8,44.4,32.8 / 118,33.6 / 116
9181,GA,Green,M,72,60.2,79.0,101,30.2,30.0,30.2,103,30.0,99,39.8,39.2,30.2 / 103,30.0 / 99
9181,GA,Royal,F,72,73.9,105.1,132,36.2,37.7,36.2,132,37.7,132,51.8,53.3,36.2 / 132,37.7 / 132
9181,GA,Light Blue,F,72,71.5,101.7,128,35.0,36.5,35.0,128,36.5,128,50.1,51.6,35.0 / 128,36.5 / 128
9181,GA,Green,F,72,61.7,87.1,108,30.6,31.1,30.6,108,31.1,108,43.3,43.8,30.6 / 108,31.1 / 108
8971,GA,Black,M,72,72.6,96.7,130,35.7,36.9,35.7,125,36.9,135,47.3,49.4,35.7 / 125,36.9 / 135
8971,GA,Blue,M,72,71.0,94.4,126,35.0,36.0,35.0,123,36.0,129,46.4,48.0,35.0 / 123,36.0 / 129
8971,GA,White,M,72,68.7,91.4,122,33.9,34.8,33.9,119,34.8,125,45.0,46.4,33.9 / 119,34.8 / 125
8971,GA,Gold,M,72,66.8,88.6,117,32.9,33.9,32.9,115,33.9,119,43.6,45.0,32.9 / 115,33.9 / 119
8971,GA,Red,M,72,65.2,86.2,113,32.2,33.0,32.2,110,33.0,116,42.4,43.8,32.2 / 110,33.0 / 116
8971,GA,White,F,72,74.1,104.0,127,36.5,37.6,36.5,125,37.6,129,51.2,52.8,36.5 / 125,37.6 / 129
8971,GA,Gold,F,72,72.3,101.0,122,35.7,36.6,35.7,120,36.6,124,49.8,51.2,35.7 / 120,36.6 / 124
8971,GA,Red,F,72,69.7,97.8,119,34.4,35.3,34.4,116,35.3,122,48.1,49.7,34.4 / 116,35.3 / 122
9224,GA,ONE,M,72,73.7,98.4,133,37.1,36.6,37.1,131,36.6,135,49.3,49.1,37.1 / 131,36.6 / 135
9224,GA,Players,M,72,72.5,96.9,131,36.3,36.2,36.3,129,36.2,133,48.3,48.6,36.3 / 129,36.2 / 133
9224,GA,TWO,M,72,71.4,95.2,128,36.0,35.4,36.0,126,35.4,130,47.7,47.5,36.0 / 126,35.4 / 130
9224,GA,Senior Players,M,72,69.7,92.9,125,35.0,34.7,35.0,123,34.7,127,46.4,46.5,35.0 / 123,34.7 / 127
9224,GA,THREE,M,72,68.4,90.8,121,34.5,33.9,34.5,121,33.9,121,45.7,45.1,34.5 / 121,33.9 / 121
9224,GA,FOUR,M,72,65.1,86.1,113,32.6,32.5,32.6,112,32.5,114,43.0,43.1,32.6 / 112,32.5 / 114
9224,GA,Gold Junior,M,72,61.8,81.3,105,30.8,31.0,30.8,104,31.0,106,40.5,40.8,30.8 / 104,31.0 / 106
9224,GA,Blue Junior,M,72,57.8,76.6,101,28.9,28.9,28.9,100,28.9,102,38.2,38.4,28.9 / 100,28.9 / 102
9224,GA,TWO,F,72,76.5,108.3,135,38.5,38.0,38.5,134,38.0,136,54.3,54.0,38.5 / 134,38.0 / 136
9224,GA,THREE,F,72,73.3,102.7,125,36.7,36.6,36.7,125,36.6,125,51.4,51.3,36.7 / 125,36.6 / 125
9224,GA,FOUR,F,72,69.8,98.1,120,35.0,34.8,35.0,120,34.8,120,49.2,48.9,35.0 / 120,34.8 / 120
9224,GA,Gold Junior,F,72,63.6,89.1,108,31.8,31.8,31.8,106,31.8,110,44.3,44.8,31.8 / 106,31.8 / 110
9224,GA,Blue Junior,F,72,58.4,81.5,98,29.1,29.3,29.1,96,29.3,100,40.4,41.1,29.1 / 96,29.3 / 100
9057,GA,Gold,M,72,74.5,101.5,145,36.8,37.7,36.8,147,37.7,143,50.5,51.0,36.8 / 147,37.7 / 143
9057,GA,Players,M,72,73.4,100.0,143,36.5,36.9,36.5,142,36.9,144,49.7,50.3,36.5 / 142,36.9 / 144
9057,GA,Blue,M,72,72.5,98.7,141,35.6,36.9,35.6,139,36.9,143,48.5,50.2,35.6 / 139,36.9 / 143
9057,GA,Creekside,M,72,71.0,95.9,134,35.3,35.7,35.3,135,35.7,133,47.8,48.1,35.3 / 135,35.7 / 133
9057,GA,White,M,72,69.8,93.8,129,34.5,35.3,34.5,128,35.3,130,46.4,47.4,34.5 / 128,35.3 / 130
9057,GA,Green,M,72,67.4,86.3,122,33.6,33.8,33.6,121,33.8,123,44.8,45.2,33.6 / 121,33.8 / 123
9057,GA,Red,M,72,64.5,80.3,111,32.1,32.4,32.1,111,32.4,111,42.4,42.7,32.1 / 111,32.4 / 111
9057,GA,White,F,72,75.1,107.9,139,37.0,38.1,37.0,138,38.1,140,53.3,54.6,37.0 / 138,38.1 / 140
9057,GA,Green,F,72,71.9,103.3,133,35.5,36.4,35.5,132,36.4,134,51.1,52.2,35.5 / 132,36.4 / 134
9057,GA,Ladies' Players,F,72,70.8,101.2,129,34.9,35.9,34.9,128,35.9,130,50.0,51.2,34.9 / 128,35.9 / 130
9057,GA,Red,F,72,66.1,93.0,114,33.3,32.8,33.3,113,32.8,115,46.6,46.4,33.3 / 113,32.8 / 115
9056,GA,Gold,M,72,74.8,101.9,146,36.7,38.1,36.7,143,38.1,149,50.0,51.9,36.7 / 143,38.1 / 149
9056,GA,Players,M,72,73.3,99.7,142,36.0,37.3,36.0,140,37.3,144,49.0,50.7,36.0 / 140,37.3 / 144
9056,GA,Blue,M,72,72.9,98.5,138,35.6,37.3,35.6,137,37.3,139,48.3,50.2,35.6 / 137,37.3 / 139
9056,GA,Lakeside,M,72,71.2,96.3,135,35.2,36.0,35.2,133,36.0,137,47.6,48.7,35.2 / 133,36.0 / 137
9056,GA,White,M,72,70.0,94.4,131,34.4,35.6,34.4,129,35.6,133,46.4,48.0,34.4 / 129,35.6 / 133
9056,GA,Green,M,72,67.0,86.9,128,33.0,34.0,33.0,124,34.0,132,44.5,46.3,33.0 / 124,34.0 / 132
9056,GA,Red,M,72,64.2,86.5,120,31.8,32.4,31.8,118,32.4,122,42.8,43.7,31.8 / 118,32.4 / 122
9056,GA,White,F,72,75.4,108.4,140,36.9,38.5,36.9,136,38.5,144,52.9,55.5,36.9 / 136,38.5 / 144
9056,GA,Green,F,72,71.8,102.0,128,35.5,36.3,35.5,125,36.3,131,50.2,51.8,35.5 / 125,36.3 / 131
9056,GA,Ladies' Players,F,72,70.9,100.1,124,34.9,36.0,34.9,122,36.0,126,49.3,50.8,34.9 / 122,36.0 / 126
9056,GA,Red,F,72,69.4,97.7,120,34.2,35.2,34.2,119,35.2,121,48.2,49.5,34.2 / 119,35.2 / 121
14443,GA,Black,M,72,75.0,101.2,141,38.0,37.0,38.0,141,37.0,141,51.1,50.1,38.0 / 141,37.0 / 141
14443,GA,Signature,M,72,74.0,99.8,139,37.6,36.4,37.6,139,36.4,139,50.5,49.3,37.6 / 139,36.4 / 139
14443,GA,Gold,M,72,72.6,97.8,136,37.0,35.6,37.0,135,35.6,137,49.5,48.3,37.0 / 135,35.6 / 137
14443,GA,Towne Course,M,72,71.6,96.5,134,36.4,35.2,36.4,132,35.2,136,48.7,47.8,36.4 / 132,35.2 / 136
14443,GA,Blue,M,72,69.7,94.1,131,35.3,34.4,35.3,131,34.4,131,47.5,46.6,35.3 / 131,34.4 / 131
14443,GA,Club,M,72,67.4,91.2,128,34.4,33.0,34.4,130,33.0,126,46.5,44.7,34.4 / 130,33.0 / 126
14443,GA,White,M,72,65.6,88.6,124,33.6,32.0,33.6,127,32.0,121,45.4,43.2,33.6 / 127,32.0 / 121
14443,GA,Blue,F,72,75.5,108.3,139,38.2,37.3,38.2,139,37.3,139,54.6,53.7,38.2 / 139,37.3 / 139
14443,GA,Club,F,72,72.9,103.8,131,37.4,35.5,37.4,133,35.5,129,53.1,50.7,37.4 / 133,35.5 / 129
14443,GA,White,F,72,70.5,100.4,127,36.3,34.2,36.3,130,34.2,124,51.6,48.8,36.3 / 130,34.2 / 124
14443,GA,Ladies Towne,F,72,69.8,99.3,125,36.0,33.8,36.0,127,33.8,123,51.0,48.3,36.0 / 127,33.8 / 123
14443,GA,Red,F,72,65.5,92.3,114,33.5,32.0,33.5,119,32.0,109,47.5,44.8,33.5 / 119,32.0 / 109
8982,GA,Blue,M,72,69.8,91.8,119,33.8,36.0,33.8,111,36.0,126,44.1,47.7,33.8 / 111,36.0 / 126
8982,GA,Green,M,72,68.1,88.8,111,33.2,34.9,33.2,105,34.9,117,43.0,45.8,33.2 / 105,34.9 / 117
8982,GA,Black,M,72,65.7,85.7,108,31.7,34.0,31.7,101,34.0,114,41.1,44.6,31.7 / 101,34.0 / 114
8982,GA,Red,M,72,63.0,82.1,103,31.0,32.0,31.0,98,32.0,108,40.1,42.0,31.0 / 98,32.0 / 108
8982,GA,Black,F,72,70.6,96.9,112,33.6,37.0,33.6,110,37.0,113,46.6,50.3,33.6 / 110,37.0 / 113
8982,GA,Red,F,72,67.3,92.9,109,32.4,34.9,32.4,109,34.9,109,45.2,47.7,32.4 / 109,34.9 / 109
9228,GA,AJGA BOYS,M,70,73.1,97.3,139,36.7,36.3,36.7,141,36.3,137,49.8,49.0,36.7 / 141,36.3 / 137
9228,GA,Southern Open,M,71,72.1,97.5,137,36.0,36.1,36.0,137,36.1,137,48.7,48.8,36.0 / 137,36.1 / 137
9228,GA,Island,M,71,70.9,95.8,134,35.3,35.6,35.3,132,35.6,136,47.6,48.2,35.3 / 132,35.6 / 136
9228,GA,Swan,M,71,69.3,93.1,128,34.6,34.7,34.6,127,34.7,129,46.4,46.7,34.6 / 127,34.7 / 129
9228,GA,Dogwood,M,71,66.8,90.2,126,33.7,33.1,33.7,125,33.1,127,45.3,44.9,33.7 / 125,33.1 / 127
9228,GA,Jordan,M,71,66.7,89.9,125,33.3,33.4,33.3,124,33.4,126,44.8,45.1,33.3 / 124,33.4 / 126
9228,GA,Azalea,M,71,65.7,88.5,123,32.9,32.8,32.9,126,32.8,119,44.6,43.9,32.9 / 126,32.8 / 119
9228,GA,Disk,M,71,61.7,82.9,114,30.8,30.9,30.8,112,30.9,116,41.2,41.7,30.8 / 112,30.9 / 116
9228,GA,Legends,M,71,61.3,81.6,113,30.8,31.0,30.8,111,31.0,115,41.1,41.7,30.8 / 111,31.0 / 115
9228,GA,AJGA GIRLS,F,71,74.8,105.4,130,37.5,37.3,37.5,130,37.3,130,52.8,52.6,37.5 / 130,37.3 / 130
9228,GA,Swan,F,71,74.7,105.3,130,37.2,37.5,37.2,130,37.5,130,52.5,52.8,37.2 / 130,37.5 / 130
9228,GA,Dogwood,F,71,72.4,102.6,128,36.4,36.0,36.4,128,36.0,128,51.5,51.1,36.4 / 128,36.0 / 128
9228,GA,Jordan,F,71,71.8,101.5,126,35.9,35.9,35.9,125,35.9,127,50.6,50.9,35.9 / 125,35.9 / 127
9228,GA,Azalea,F,71,70.5,99.5,123,35.8,34.7,35.8,124,34.7,122,50.4,49.1,35.8 / 124,34.7 / 122
9228,GA,Legends,F,71,64.5,91.0,112,32.1,32.4,32.1,110,32.4,114,45.1,45.9,32.1 / 110,32.4 / 114
9228,GA,Ladies Disk,F,71,64.1,90.5,112,31.9,32.2,31.9,111,32.2,113,45.0,45.5,31.9 / 111,32.2 / 113
9245,GA,Gold,M,71,68.7,91.4,122,33.6,35.1,33.6,118,35.1,126,44.6,46.8,33.6 / 118,35.1 / 126
9245,GA,White,M,71,67.4,89.7,120,33.0,34.4,33.0,115,34.4,125,43.7,46.0,33.0 / 115,34.4 / 125
9245,GA,Blue,M,71,64.4,84.8,110,31.5,32.9,31.5,108,32.9,112,41.5,43.3,31.5 / 108,32.9 / 112
9245,GA,White,F,71,73.0,102.7,126,35.7,37.3,35.7,124,37.3,128,50.3,52.4,35.7 / 124,37.3 / 128
9245,GA,Blue,F,71,69.1,96.0,114,33.7,35.4,33.7,113,35.4,115,47.0,49.0,33.7 / 113,35.4 / 115
9245,GA,Red,F,71,68.4,94.8,112,33.3,35.1,33.3,112,35.1,112,46.5,48.3,33.3 / 112,35.1 / 112
9050,GA,Blue,M,72,71.1,93.9,123,34.6,36.5,34.6,123,36.5,123,46.0,47.9,34.6 / 123,36.5 / 123
9050,GA,White,M,72,70.0,92.2,118,34.2,35.8,34.2,121,35.8,115,45.4,46.5,34.2 / 121,35.8 / 115
9050,GA,Gold,M,72,66.9,88.1,112,32.5,34.4,32.5,113,34.4,111,43.0,44.7,32.5 / 113,34.4 / 111
9050,GA,Red,M,72,64.4,84.6,109,31.9,32.5,31.9,109,32.5,109,42.0,42.6,31.9 / 109,32.5 / 109
9050,GA,Gold,F,72,70.7,99.4,121,34.2,36.5,34.2,119,36.5,122,48.4,51.0,34.2 / 119,36.5 / 122
9050,GA,Red,F,72,70.0,97.7,117,34.3,35.7,34.3,118,35.7,116,48.2,49.5,34.3 / 118,35.7 / 116
8961,GA,Black,M,72,73.9,100.7,144,36.6,37.3,36.6,141,37.3,147,49.7,51.0,36.6 / 141,37.3 / 147
8961,GA,Black/Gold,M,72,73.3,99.7,142,36.0,37.3,36.0,138,37.3,146,48.8,50.9,36.0 / 138,37.3 / 146
8961,GA,Gold,M,72,72.8,98.6,139,36.0,36.8,36.0,135,36.8,143,48.5,50.1,36.0 / 135,36.8 / 143
8961,GA,Tournament,M,72,72.2,97.5,136,35.8,36.4,35.8,133,36.4,139,48.2,49.3,35.8 / 133,36.4 / 139
8961,GA,Blue,M,72,71.3,95.8,132,35.4,35.9,35.4,129,35.9,135,47.4,48.4,35.4 / 129,35.9 / 135
8961,GA,White,M,72,69.3,92.2,123,34.1,35.2,34.1,119,35.2,127,45.2,47.0,34.1 / 119,35.2 / 127
8961,GA,Silver,M,72,66.7,88.8,119,32.8,33.9,32.8,116,33.9,122,43.6,45.2,32.8 / 116,33.9 / 122
8961,GA,Green,M,72,64.8,86.2,115,32.1,32.7,32.1,113,32.7,117,42.6,43.6,32.1 / 113,32.7 / 117
8961,GA,Gold,F,72,79.2,113.7,146,39.0,40.2,39.0,144,40.2,148,56.0,57.7,39.0 / 144,40.2 / 148
8961,GA,Blue,F,72,77.6,111.3,143,38.4,39.2,38.4,141,39.2,145,55.0,56.3,38.4 / 141,39.2 / 145
8961,GA,White,F,72,74.6,106.9,137,36.7,37.9,36.7,135,37.9,139,52.6,54.3,36.7 / 135,37.9 / 139
8961,GA,Silver,F,72,71.6,101.5,127,35.3,36.3,35.3,123,36.3,131,49.8,51.7,35.3 / 123,36.3 / 131
8961,GA,Green,F,72,69.6,98.1,121,34.6,35.0,34.6,117,35.0,125,48.4,49.7,34.6 / 117,35.0 / 125
9219,GA,Championship,M,71,72.7,98.1,137,36.6,36.1,36.6,138,36.1,136,49.4,48.7,36.6 / 138,36.1 / 136
9219,GA,Blue,M,71,69.9,94.3,131,35.3,34.6,35.3,131,34.6,131,47.5,46.8,35.3 / 131,34.6 / 131
9219,GA,Blue/White,M,71,68.4,92.4,129,34.5,33.9,34.5,129,33.9,129,46.5,45.9,34.5 / 129,33.9 / 129
9219,GA,White,M,71,67.8,91.6,128,34.2,33.6,34.2,128,33.6,128,46.1,45.5,34.2 / 128,33.6 / 128
9219,GA,White/Green,M,71,65.1,87.5,121,32.5,32.6,32.5,121,32.6,121,43.7,43.8,32.5 / 121,32.6 / 121
9219,GA,Green,M,71,63.3,84.9,116,31.7,31.6,31.7,116,31.6,116,42.5,42.4,31.7 / 116,31.6 / 116
9219,GA,White,F,71,72.9,105.0,136,36.6,36.3,36.6,138,36.3,134,52.9,52.1,36.6 / 138,36.3 / 134
9219,GA,Green,F,71,68.0,95.6,117,34.3,33.7,34.3,116,33.7,118,48.0,47.6,34.3 / 116,33.7 / 118
9122,GA,Black,M,72,74.2,99.8,138,36.7,37.5,36.7,138,37.5,138,49.5,50.3,36.7 / 138,37.5 / 138
9122,GA,Blue,M,72,71.9,96.5,132,35.7,36.2,35.7,132,36.2,132,48.0,48.5,35.7 / 132,36.2 / 132
9122,GA,Green,M,72,70.6,94.8,130,34.9,35.7,34.9,130,35.7,130,47.0,47.8,34.9 / 130,35.7 / 130
9122,GA,White,M,72,69.6,92.2,122,34.4,35.2,34.4,122,35.2,122,45.7,46.5,34.4 / 122,35.2 / 122
9122,GA,Gold,M,72,67.5,88.9,115,33.7,33.8,33.7,115,33.8,115,44.4,44.5,33.7 / 115,33.8 / 115
9122,GA,Family Yellow,M,72,60.4,79.6,103,30.1,30.3,30.1,102,30.3,104,39.6,40.0,30.1 / 102,30.3 / 104
9122,GA,White,F,72,74.4,105.8,133,36.8,37.6,36.8,134,37.6,132,52.6,53.2,36.8 / 134,37.6 / 132
9122,GA,Gold,F,72,72.2,102.4,128,36.1,36.1,36.1,130,36.1,126,51.4,51.0,36.1 / 130,36.1 / 126
9122,GA,Red,F,72,70.7,100.4,126,35.2,35.5,35.2,127,35.5,125,50.2,50.2,35.2 / 127,35.5 / 125
9122,GA,Pink,F,72,67.9,95.1,118,33.7,34.2,33.7,120,34.2,116,47.9,47.9,33.7 / 120,34.2 / 116
9122,GA,Family Yellow,F,72,62.3,87.3,106,31.2,31.1,31.2,106,31.1,106,43.7,43.6,31.2 / 106,31.1 / 106
9200,GA,Blue,M,71,68.0,90.6,122,34.0,34.0,34.0,122,34.0,122,45.3,45.3,34.0 / 122,34.0 / 122
9200,GA,White,M,71,66.8,88.6,117,33.6,33.2,33.6,117,33.2,117,44.5,44.1,33.6 / 117,33.2 / 117
9200,GA,Gold,M,71,63.3,82.8,105,32.1,31.2,32.1,101,31.2,109,41.5,41.3,32.1 / 101,31.2 / 109
9200,GA,White,F,71,71.7,100.5,122,36.3,35.4,36.3,122,35.4,122,50.7,49.8,36.3 / 122,35.4 / 122
9200,GA,Gold,F,71,67.4,94.2,114,34.2,33.2,34.2,114,33.2,114,47.6,46.6,34.2 / 114,33.2 / 114
9200,GA,Red,F,71,66.1,92.0,110,33.2,32.9,33.2,108,32.9,112,45.9,46.1,33.2 / 108,32.9 / 112
9233,GA,I,M,72,75.6,103.0,147,37.9,37.7,37.9,147,37.7,147,51.6,51.4,37.9 / 147,37.7 / 147
9233,GA,II,M,72,73.0,99.8,144,36.6,36.4,36.6,143,36.4,145,49.9,49.9,36.6 / 143,36.4 / 145
9233,GA,III,M,72,71.0,96.2,136,35.3,35.7,35.3,135,35.7,137,47.8,48.4,35.3 / 135,35.7 / 137
9233,GA,IV,M,72,69.3,93.7,131,35.1,34.2,35.1,132,34.2,130,47.4,46.3,35.1 / 132,34.2 / 130
9233,GA,V,M,72,65.0,87.6,122,32.5,32.5,32.5,122,32.5,122,43.8,43.8,32.5 / 122,32.5 / 122
9233,GA,III,F,72,77.1,112.0,148,38.5,38.6,38.5,147,38.6,149,55.8,56.2,38.5 / 147,38.6 / 149
9233,GA,IV,F,72,75.0,108.5,142,38.0,37.0,38.0,144,37.0,140,55.0,53.5,38.0 / 144,37.0 / 140
9233,GA,V,F,72,69.5,100.1,130,34.9,34.6,34.9,130,34.6,130,50.2,49.9,34.9 / 130,34.6 / 130
8999,GA,Black,M,71,72.4,96.8,131,36.4,36.0,36.4,130,36.0,132,48.5,48.3,36.4 / 130,36.0 / 132
8999,GA,Blue,M,71,70.7,94.5,128,35.6,35.1,35.6,127,35.1,129,47.4,47.1,35.6 / 127,35.1 / 129
8999,GA,White,M,71,67.7,90.3,122,34.4,33.3,34.4,122,33.3,122,45.7,44.6,34.4 / 122,33.3 / 122
8999,GA,Gold,M,71,64.0,85.0,113,32.3,31.7,32.3,113,31.7,113,42.8,42.2,32.3 / 113,31.7 / 113
8999,GA,White,F,71,73.1,102.8,126,36.9,36.2,36.9,129,36.2,123,52.1,50.7,36.9 / 129,36.2 / 123
8999,GA,Gold,F,71,68.7,96.6,118,34.4,34.3,34.4,120,34.3,116,48.6,48.0,34.4 / 120,34.3 / 116
8999,GA,Red,F,71,67.7,94.9,115,33.7,34.0,33.7,116,34.0,114,47.4,47.5,33.7 / 116,34.0 / 114
14450,GA,Gold,M,72,73.1,98.7,138,36.5,36.6,36.5,135,36.6,141,49.0,49.7,36.5 / 135,36.6 / 141
14450,GA,Blue,M,72,71.2,96.3,135,35.4,35.8,35.4,132,35.8,138,47.7,48.6,35.4 / 132,35.8 / 138
14450,GA,Member,M,72,70.1,94.8,133,34.7,35.4,34.7,130,35.4,136,46.8,48.0,34.7 / 130,35.4 / 136
14450,GA,White,M,72,68.6,92.9,131,34.3,34.3,34.3,128,34.3,133,46.2,46.7,34.3 / 128,34.3 / 133
14450,GA,Red,M,72,62.1,84.1,118,30.9,31.2,30.9,117,31.2,119,41.8,42.3,30.9 / 117,31.2 / 119
14450,GA,White,F,72,73.1,104.0,131,36.5,36.6,36.5,130,36.6,132,51.8,52.2,36.5 / 130,36.6 / 132
14450,GA,Red,F,72,67.3,95.8,121,33.2,34.1,33.2,117,34.1,125,47.0,48.8,33.2 / 117,34.1 / 125
9155,GA,Black,M,72,73.7,99.1,137,36.7,37.0,36.7,138,37.0,136,49.5,49.6,36.7 / 138,37.0 / 136
9155,GA,Blue,M,72,70.9,94.9,129,35.2,35.7,35.2,130,35.7,128,47.3,47.6,35.2 / 130,35.7 / 128
9155,GA,White,M,72,68.4,91.2,123,33.9,34.5,33.9,121,34.5,125,45.1,46.1,33.9 / 121,34.5 / 125
9155,GA,Gold,M,72,66.0,87.0,113,33.0,33.0,33.0,114,33.0,112,43.6,43.4,33.0 / 114,33.0 / 112
9155,GA,White,F,72,73.9,105.8,135,36.8,37.1,36.8,132,37.1,138,52.4,53.4,36.8 / 132,37.1 / 138
9155,GA,Gold,F,72,70.8,101.0,128,35.2,35.6,35.2,125,35.6,131,49.9,51.1,35.2 / 125,35.6 / 131
9155,GA,Red,F,72,65.7,91.9,111,33.0,32.7,33.0,113,32.7,109,46.3,45.6,33.0 / 113,32.7 / 109
13684,GA,Gold,M,72,74.8,100.6,139,37.0,37.8,37.0,137,37.8,141,49.7,50.9,37.0 / 137,37.8 / 141
13684,GA,Blue,M,72,71.5,96.2,133,35.2,36.3,35.2,130,36.3,136,47.3,48.9,35.2 / 130,36.3 / 136
13684,GA,White,M,72,68.1,90.0,123,33.5,34.6,33.5,123,34.6,123,44.9,46.0,33.5 / 123,34.6 / 123
13684,GA,Members,M,72,67.1,89.5,121,33.3,33.8,33.3,121,33.8,121,44.5,45.0,33.3 / 121,33.8 / 121
13684,GA,Seniors,M,72,66.5,88.6,118,33.0,33.5,33.0,117,33.5,119,43.9,44.6,33.0 / 117,33.5 / 119
13684,GA,Red,M,72,65.6,87.2,116,32.8,32.8,32.8,115,32.8,117,43.5,43.7,32.8 / 115,32.8 / 117
13684,GA,White,F,72,73.6,104.7,132,36.5,37.1,36.5,129,37.1,135,51.7,53.0,36.5 / 129,37.1 / 135
13684,GA,Red,F,72,69.5,98.0,121,34.3,35.2,34.3,119,35.2,123,48.3,49.7,34.3 / 119,35.2 / 123
8932,GA,Blue,M,71,68.5,92.1,127,35.3,33.2,35.3,132,33.2,122,47.6,44.5,35.3 / 132,33.2 / 122
8932,GA,White,M,71,67.0,89.7,122,34.4,32.6,34.4,125,32.6,119,46.0,43.7,34.4 / 125,32.6 / 119
8932,GA,White,F,71,72.3,103.0,130,37.3,35.0,37.3,133,35.0,127,53.0,50.0,37.3 / 133,35.0 / 127
8932,GA,Red,F,69,69.0,98.0,123,35.2,33.8,35.2,123,33.8,123,49.7,48.3,35.2 / 123,33.8 / 123
8934,GA,Blue,M,72,70.7,94.5,128,35.4,35.3,35.4,124,35.3,132,46.9,47.6,35.4 / 124,35.3 / 132
8934,GA,White,M,72,69.1,91.9,123,34.7,34.4,34.7,121,34.4,125,45.9,46.0,34.7 / 121,34.4 / 125
8934,GA,White,F,72,74.9,106.1,132,37.6,37.3,37.6,131,37.3,133,53.1,53.0,37.6 / 131,37.3 / 133
8934,GA,Red,F,69,70.8,99.8,123,35.6,35.2,35.6,123,35.2,123,50.1,49.7,35.6 / 123,35.2 / 123
8933,GA,Blue,M,71,68.6,91.4,123,33.2,35.4,33.2,122,35.4,124,44.5,46.9,33.2 / 122,35.4 / 124
8933,GA,White,M,71,67.3,89.6,120,32.6,34.7,32.6,119,34.7,121,43.7,45.9,32.6 / 119,34.7 / 121
8933,GA,White,F,71,72.6,103.1,129,35.0,37.6,35.0,127,37.6,131,50.0,53.1,35.0 / 127,37.6 / 131
8933,GA,Red,F,70,69.4,98.4,123,33.8,35.6,33.8,123,35.6,123,48.3,50.1,33.8 / 123,35.6 / 123
8986,GA,Blue,M,72,72.4,97.6,136,36.6,35.8,36.6,135,35.8,137,49.1,48.5,36.6 / 135,35.8 / 137
8986,GA,White,M,72,71.2,95.9,133,35.8,35.4,35.8,134,35.4,132,48.2,47.7,35.8 / 134,35.4 / 132
8986,GA,Gold,M,72,68.5,92.3,128,35.0,33.5,35.0,132,33.5,124,47.3,45.0,35.0 / 132,33.5 / 124
8986,GA,Red,M,72,66.0,87.9,118,33.6,32.4,33.6,123,32.4,113,45.0,42.9,33.6 / 123,32.4 / 113
8986,GA,Green,M,72,60.3,80.9,111,30.4,29.9,30.4,115,29.9,107,41.1,39.8,30.4 / 115,29.9 / 107
8986,GA,White,F,72,76.8,109.1,137,39.0,37.8,39.0,140,37.8,134,55.5,53.6,39.0 / 140,37.8 / 134
8986,GA,Gold,F,72,73.8,105.4,134,37.5,36.3,37.5,138,36.3,130,53.8,51.6,37.5 / 138,36.3 / 130
8986,GA,Red,F,72,69.8,99.8,127,35.8,34.0,35.8,134,34.0,120,51.6,48.2,35.8 / 134,34.0 / 120
8986,GA,Green,F,72,61.9,87.2,107,31.2,30.7,31.2,110,30.7,104,44.2,43.0,31.2 / 110,30.7 / 104
9008,GA,Blue,M,72,71.4,96.1,133,36.1,35.3,36.1,135,35.3,131,48.6,47.5,36.1 / 135,35.3 / 131
9008,GA,White,M,72,70.1,94.5,131,35.8,34.3,35.8,133,34.3,129,48.2,46.3,35.8 / 133,34.3 / 129
9008,GA,Gold,M,72,68.1,91.7,127,34.8,33.3,34.8,128,33.3,126,46.7,45.0,34.8 / 128,33.3 / 126
9008,GA,Red,M,72,63.8,85.2,115,33.0,30.8,33.0,119,30.8,111,44.1,41.1,33.0 / 119,30.8 / 111
9008,GA,Green,M,72,58.5,77.7,103,29.5,29.0,29.5,105,29.0,101,39.3,38.4,29.5 / 105,29.0 / 101
9008,GA,Gold,F,72,73.4,104.1,130,37.5,35.9,37.5,133,35.9,127,53.2,50.9,37.5 / 133,35.9 / 127
9008,GA,Red,F,72,68.0,96.0,119,35.5,32.5,35.5,124,32.5,114,50.1,45.9,35.5 / 124,32.5 / 114
9008,GA,Green,F,72,58.8,81.9,98,29.7,29.1,29.7,100,29.1,96,41.5,40.4,29.7 / 100,29.1 / 96
9278,GA,Blue,M,72,68.7,91.8,124,33.9,34.8,33.9,117,34.8,131,44.8,47.0,33.9 / 117,34.8 / 131
9278,GA,White,M,72,67.5,89.6,118,33.2,34.3,33.2,115,34.3,121,43.9,45.5,33.2 / 115,34.3 / 121
9278,GA,Gold,M,72,65.5,82.9,110,32.7,32.8,32.7,109,32.8,111,42.8,43.1,32.7 / 109,32.8 / 111
9278,GA,Red,M,72,63.6,83.2,105,31.7,31.9,31.7,105,31.9,105,41.5,41.7,31.7 / 105,31.9 / 105
9278,GA,White,F,72,72.7,103.8,132,35.8,36.9,35.8,126,36.9,138,50.6,53.2,35.8 / 126,36.9 / 138
9278,GA,Gold,F,72,70.1,99.3,124,35.1,35.0,35.1,120,35.0,128,49.2,50.1,35.1 / 120,35.0 / 128
9278,GA,Red,F,72,68.8,96.9,120,34.4,34.4,34.4,114,34.4,125,47.8,49.1,34.4 / 114,34.4 / 125
9015,GA,Gold,M,72,74.2,100.4,141,36.8,37.4,36.8,138,37.4,144,49.6,50.8,36.8 / 138,37.4 / 144
9015,GA,Players,M,72,72.2,97.2,135,35.9,36.3,35.9,134,36.3,136,48.3,48.9,35.9 / 134,36.3 / 136
9015,GA,Blue,M,72,71.4,96.2,133,35.5,35.9,35.5,133,35.9,133,47.9,48.3,35.5 / 133,35.9 / 133
9015,GA,Blue/White,M,72,70.9,95.3,131,35.2,35.7,35.2,131,35.7,131,47.4,47.9,35.2 / 131,35.7 / 131
9015,GA,White,M,72,69.6,93.2,127,34.7,34.9,34.7,125,34.9,129,46.3,46.9,34.7 / 125,34.9 / 129
9015,GA,White/Green,M,72,68.3,91.2,123,33.7,34.6,33.7,119,34.6,127,44.8,46.4,33.7 / 119,34.6 / 127
9015,GA,Green,M,72,66.2,88.3,119,32.9,33.3,32.9,116,33.3,122,43.7,44.6,32.9 / 116,33.3 / 122
9015,GA,White,F,72,75.4,107.5,136,37.6,37.8,37.6,135,37.8,137,53.5,54.0,37.6 / 135,37.8 / 137
9015,GA,Green,F,72,71.4,101.6,128,35.4,36.0,35.4,125,36.0,131,50.1,51.5,35.4 / 125,36.0 / 131
9015,GA,Ladies Players,F,72,70.2,99.4,124,34.8,35.4,34.8,123,35.4,125,49.3,50.1,34.8 / 123,35.4 / 125
9015,GA,Red,F,72,69.2,97.5,120,34.1,35.1,34.1,118,35.1,122,48.0,49.5,34.1 / 118,35.1 / 122
9117,GA,Black,M,72,72.7,97.6,134,36.8,35.9,36.8,132,35.9,136,49.1,48.5,36.8 / 132,35.9 / 136
9117,GA,Blue,M,72,70.6,94.8,130,35.8,34.8,35.8,128,34.8,132,47.7,47.1,35.8 / 128,34.8 / 132
9117,GA,Yellow,M,72,68.4,92.0,127,34.7,33.7,34.7,126,33.7,128,46.4,45.6,34.7 / 126,33.7 / 128
9117,GA,Yellow/Green,M,72,66.3,89.2,123,33.8,32.5,33.8,119,32.5,127,44.9,44.3,33.8 / 119,32.5 / 127
9117,GA,Green,M,72,65.0,86.4,115,32.8,32.2,32.8,111,32.2,119,43.1,43.3,32.8 / 111,32.2 / 119
9117,GA,Red,M,72,62.1,82.8,112,31.2,30.9,31.2,108,30.9,115,41.2,41.6,31.2 / 108,30.9 / 115
9117,GA,Yellow,F,72,73.8,104.2,129,37.4,36.4,37.4,129,36.4,129,52.6,51.6,37.4 / 129,36.4 / 129
9117,GA,Yellow/Green,F,72,71.4,100.3,123,36.3,35.1,36.3,120,35.1,125,50.5,49.8,36.3 / 120,35.1 / 125
9117,GA,Green,F,72,70.0,98.2,120,35.3,34.7,35.3,120,34.7,120,49.4,48.8,35.3 / 120,34.7 / 120
9117,GA,Red,F,72,66.7,93.1,112,33.4,33.3,33.4,111,33.3,113,46.5,46.6,33.4 / 111,33.3 / 113
36910,GA,Blue,M,72,71.8,96.1,131,36.6,35.2,36.6,133,35.2,128,49.0,47.1,36.6 / 133,35.2 / 128
36910,GA,White,M,72,69.3,92.3,124,35.1,34.2,35.1,123,34.2,125,46.5,45.8,35.1 / 123,34.2 / 125
36910,GA,Gold,M,72,66.8,88.2,116,34.0,32.8,34.0,123,32.8,108,45.4,42.8,34.0 / 123,32.8 / 108
36910,GA,Red,M,72,64.7,84.4,106,32.5,32.2,32.5,107,32.2,105,42.4,42.0,32.5 / 107,32.2 / 105
36910,GA,Gold,F,72,72.3,100.8,121,36.9,35.4,36.9,127,35.4,114,51.9,48.9,36.9 / 127,35.4 / 114
36910,GA,Red,F,72,69.6,96.7,115,34.9,34.7,34.9,119,34.7,111,48.9,47.8,34.9 / 119,34.7 / 111
9148,GA,Gold,M,72,68.8,90.0,114,33.7,35.1,33.7,110,35.1,118,43.9,46.1,33.7 / 110,35.1 / 118
9148,GA,White,M,72,67.2,87.3,108,33.0,34.2,33.0,105,34.2,111,42.8,44.5,33.0 / 105,34.2 / 111
9148,GA,White/Red,M,72,65.3,83.8,104,32.1,33.2,32.1,101,33.2,107,41.5,43.1,32.1 / 101,33.2 / 107
9148,GA,Red,M,72,62.1,80.7,100,30.4,31.7,30.4,95,31.7,105,39.2,41.5,30.4 / 95,31.7 / 105
9148,GA,White,F,72,72.2,100.2,119,35.4,36.8,35.4,114,36.8,124,48.8,51.4,35.4 / 114,36.8 / 124
9148,GA,Red,F,72,66.3,91.1,105,32.0,34.3,32.0,100,34.3,110,43.8,47.3,32.0 / 100,34.3 / 110
8937,GA,Black,M,70,73.5,99.5,140,37.3,36.2,37.3,140,36.2,139,50.3,49.2,37.3 / 140,36.2 / 139
8937,GA,Medalist,M,70,72.8,98.4,138,36.6,36.2,36.6,139,36.2,137,49.5,48.9,36.6 / 139,36.2 / 137
8937,GA,Gold,M,70,71.4,96.6,136,36.0,35.4,36.0,136,35.4,136,48.6,48.0,36.0 / 136,35.4 / 136
8937,GA,Member,M,70,71.1,95.7,132,35.7,35.4,35.7,133,35.4,131,48.1,47.6,35.7 / 133,35.4 / 131
8937,GA,Blue,M,70,70.4,94.6,130,35.6,34.8,35.6,131,34.8,129,47.8,46.8,35.6 / 131,34.8 / 129
8937,GA,Sr. Member,M,70,69.7,92.3,127,34.9,34.8,34.9,128,34.8,126,46.8,46.5,34.9 / 128,34.8 / 126
8937,GA,White,M,70,68.5,91.7,125,34.3,34.2,34.3,126,34.2,124,46.0,45.7,34.3 / 126,34.2 / 124
8937,GA,Champion,M,70,67.7,90.5,123,33.9,33.8,33.9,124,33.8,122,45.4,45.1,33.9 / 124,33.8 / 122
8937,GA,Red,M,70,67.0,89.4,121,33.6,33.4,33.6,121,33.4,121,44.8,44.6,33.6 / 121,33.4 / 121
8937,GA,Legend,M,70,66.2,88.2,118,33.2,33.0,33.2,119,33.0,117,44.3,43.9,33.2 / 119,33.0 / 117
8937,GA,Green,M,70,62.8,84.2,115,31.5,31.3,31.5,116,31.3,114,42.3,41.9,31.5 / 116,31.3 / 114
8937,GA,Blue,F,72,75.2,107.3,136,37.8,37.4,37.8,138,37.4,134,54.1,53.2,37.8 / 138,37.4 / 134
8937,GA,Sr. Member,F,72,74.0,105.1,132,37.3,36.8,37.3,134,36.8,130,53.0,52.1,37.3 / 134,36.8 / 130
8937,GA,White,F,72,72.6,103.3,130,36.4,36.2,36.4,132,36.2,128,52.0,51.3,36.4 / 132,36.2 / 128
8937,GA,Champion,F,72,71.6,101.8,128,35.9,35.7,35.9,129,35.7,127,51.1,50.7,35.9 / 129,35.7 / 127
8937,GA,Red,F,72,71.3,101.0,126,36.0,35.3,36.0,127,35.3,125,51.0,50.0,36.0 / 127,35.3 / 125
8937,GA,Legend,F,72,68.8,97.6,122,34.6,34.2,34.6,123,34.2,121,49.1,48.5,34.6 / 123,34.2 / 121
8937,GA,Green,F,72,66.3,94.1,118,33.4,32.9,33.4,119,32.9,117,47.4,46.7,33.4 / 119,32.9 / 117
30128,GA,Red,M,72,70.8,95.2,131,35.4,35.4,35.4,131,35.4,131,47.6,47.6,35.4 / 131,35.4 / 131
30128,GA,Players,M,72,70.2,94.2,129,35.1,35.1,35.1,129,35.1,129,47.1,47.1,35.1 / 129,35.1 / 129
30128,GA,White,M,72,69.8,93.6,128,34.9,34.9,34.9,128,34.9,128,46.8,46.8,34.9 / 128,34.9 / 128
30128,GA,Senior Players,M,72,68.0,89.8,117,34.0,34.0,34.0,117,34.0,117,44.9,44.9,34.0 / 117,34.0 / 117
30128,GA,Green,M,72,66.2,87.4,114,33.1,33.1,33.1,114,33.1,114,43.7,43.7,33.1 / 114,33.1 / 114
30128,GA,Legends,M,72,65.2,86.2,113,32.6,32.6,32.6,113,32.6,113,43.1,43.1,32.6 / 113,32.6 / 113
30128,GA,Blue,M,72,64.4,84.6,109,32.2,32.2,32.2,109,32.2,109,42.3,42.3,32.2 / 109,32.2 / 109
30128,GA,Family Gold,M,72,60.6,80.8,109,30.3,30.3,30.3,109,30.3,109,40.4,40.4,30.3 / 109,30.3 / 109
30128,GA,Family Blue,M,72,58.0,76.8,101,29.0,29.0,29.0,101,29.0,101,38.4,38.4,29.0 / 101,29.0 / 101
30128,GA,White,F,72,75.2,106.6,133,37.6,37.6,37.6,133,37.6,133,53.3,53.3,37.6 / 133,37.6 / 133
30128,GA,Green,F,72,71.0,99.6,121,35.5,35.5,35.5,121,35.5,121,49.8,49.8,35.5 / 121,35.5 / 121
30128,GA,Ladies Players,F,72,69.6,97.8,120,34.8,34.8,34.8,120,34.8,120,48.9,48.9,34.8 / 120,34.8 / 120
30128,GA,Blue,F,72,67.4,94.6,115,33.7,33.7,33.7,115,33.7,115,47.3,47.3,33.7 / 115,33.7 / 115
30128,GA,Family Gold,F,72,62.8,87.4,104,31.4,31.4,31.4,104,31.4,104,43.7,43.7,31.4 / 104,31.4 / 104
30128,GA,Family Blue,F,72,58.8,81.4,96,29.4,29.4,29.4,96,29.4,96,40.7,40.7,29.4 / 96,29.4 / 96
21219,GA,Red,M,72,71.4,95.9,132,35.4,36.0,35.4,131,36.0,132,47.6,48.3,35.4 / 131,36.0 / 132
21219,GA,Players,M,72,70.7,95.0,131,35.1,35.6,35.1,129,35.6,132,47.1,47.9,35.1 / 129,35.6 / 132
21219,GA,White,M,72,70.5,94.5,129,34.9,35.6,34.9,128,35.6,130,46.8,47.7,34.9 / 128,35.6 / 130
21219,GA,Senior Players,M,72,69.3,91.8,121,34.0,35.3,34.0,117,35.3,125,44.9,46.9,34.0 / 117,35.3 / 125
21219,GA,Green,M,72,67.8,89.7,118,32.9,34.9,32.9,112,34.9,124,43.3,46.4,32.9 / 112,34.9 / 124
21219,GA,Legends,M,72,66.3,88.0,117,32.6,33.7,32.6,113,33.7,121,43.1,44.9,32.6 / 113,33.7 / 121
21219,GA,Blue,M,72,65.0,86.5,116,32.4,32.6,32.4,111,32.6,121,42.7,43.8,32.4 / 111,32.6 / 121
21219,GA,Family Gold,M,72,60.7,81.3,111,30.3,30.4,30.3,109,30.4,113,40.4,40.9,30.3 / 109,30.4 / 113
21219,GA,Family Blue,M,72,58.3,77.6,104,29.0,29.3,29.0,101,29.3,107,38.4,39.2,29.0 / 101,29.3 / 107
21219,GA,White,F,72,76.0,108.6,138,37.6,38.4,37.6,133,38.4,143,53.3,55.3,37.6 / 133,38.4 / 143
21219,GA,Green,F,72,73.0,104.1,132,35.7,37.3,35.7,122,37.3,142,50.1,54.0,35.7 / 122,37.3 / 142
21219,GA,Ladies Players,F,72,71.0,100.4,125,34.8,36.2,34.8,120,36.2,130,48.9,51.5,34.8 / 120,36.2 / 130
21219,GA,Blue,F,72,69.4,97.7,120,34.0,35.4,34.0,117,35.4,123,47.8,49.9,34.0 / 117,35.4 / 123
21219,GA,Family Gold,F,72,62.8,88.1,107,31.4,31.4,31.4,104,31.4,110,43.7,44.4,31.4 / 104,31.4 / 110
21219,GA,Family Blue,F,72,59.1,82.4,99,29.4,29.7,29.4,96,29.7,102,40.7,41.7,29.4 / 96,29.7 / 102
21220,GA,Red,M,72,72.0,97.2,136,36.6,35.4,36.6,140,35.4,131,49.6,47.6,36.6 / 140,35.4 / 131
21220,GA,Players,M,72,71.4,96.0,133,36.3,35.1,36.3,136,35.1,129,48.9,47.1,36.3 / 136,35.1 / 129
21220,GA,White,M,72,70.9,95.1,130,36.0,34.9,36.0,132,34.9,128,48.3,46.8,36.0 / 132,34.9 / 128
21220,GA,Senior Players,M,72,69.6,92.3,122,35.6,34.0,35.6,127,34.0,117,47.4,44.9,35.6 / 127,34.0 / 117
21220,GA,Green,M,72,67.8,89.7,118,34.9,32.9,34.9,124,32.9,112,46.4,43.3,34.9 / 124,32.9 / 112
21220,GA,Legends,M,72,66.5,88.2,117,33.9,32.6,33.9,121,32.6,113,45.1,43.1,33.9 / 121,32.6 / 113
21220,GA,Blue,M,72,66.3,87.5,114,33.5,32.8,33.5,117,32.8,111,44.4,43.1,33.5 / 117,32.8 / 111
21220,GA,Family Gold,M,72,61.1,81.7,111,30.8,30.3,30.8,113,30.3,109,41.3,40.4,30.8 / 113,30.3 / 109
21220,GA,Family Blue,M,72,58.0,77.3,104,29.0,29.0,29.0,107,29.0,101,38.9,38.4,29.0 / 107,29.0 / 101
21220,GA,White,F,72,76.8,109.1,137,39.2,37.6,39.2,141,37.6,133,55.8,53.3,39.2 / 141,37.6 / 133
21220,GA,Green,F,72,73.0,103.2,128,37.3,35.7,37.3,133,35.7,123,53.0,50.2,37.3 / 133,35.7 / 123
21220,GA,Ladies Players,F,72,70.9,100.6,126,36.5,34.8,36.5,132,34.8,120,52.1,48.9,36.5 / 132,34.8 / 120
21220,GA,Blue,F,72,70.0,98.5,121,36.2,33.8,36.2,125,33.8,117,50.9,47.6,36.2 / 125,33.8 / 117
21220,GA,Family Gold,F,72,63.6,89.1,108,32.2,31.4,32.2,112,31.4,104,45.4,43.7,32.2 / 112,31.4 / 104
21220,GA,Family Blue,F,72,59.2,82.8,100,29.8,29.4,29.8,104,29.4,96,42.1,40.7,29.8 / 104,29.4 / 96
30127,GA,Red,M,72,73.2,99.6,140,36.6,36.6,36.6,140,36.6,140,49.6,49.6,36.6 / 140,36.6 / 140
30127,GA,Players,M,72,72.6,97.8,136,36.3,36.3,36.3,136,36.3,136,48.9,48.9,36.3 / 136,36.3 / 136
30127,GA,White,M,72,72.0,96.6,132,36.0,36.0,36.0,132,36.0,132,48.3,48.3,36.0 / 132,36.0 / 132
30127,GA,Senior Players,M,72,71.2,94.8,127,35.6,35.6,35.6,127,35.6,127,47.4,47.4,35.6 / 127,35.6 / 127
30127,GA,Green,M,72,69.8,92.8,124,34.9,34.9,34.9,124,34.9,124,46.4,46.4,34.9 / 124,34.9 / 124
30127,GA,Legends,M,72,67.8,90.2,121,33.9,33.9,33.9,121,33.9,121,45.1,45.1,33.9 / 121,33.9 / 121
30127,GA,Blue,M,72,67.0,88.8,117,33.5,33.5,33.5,117,33.5,117,44.4,44.4,33.5 / 117,33.5 / 117
30127,GA,Family Gold,M,72,61.6,82.6,113,30.8,30.8,30.8,113,30.8,113,41.3,41.3,30.8 / 113,30.8 / 113
30127,GA,Family Blue,M,72,58.0,77.8,107,29.0,29.0,29.0,107,29.0,107,38.9,38.9,29.0 / 107,29.0 / 107
30127,GA,White,F,72,78.4,111.6,141,39.2,39.2,39.2,141,39.2,141,55.8,55.8,39.2 / 141,39.2 / 141
30127,GA,Green,F,72,74.6,106.2,133,37.3,37.3,37.3,133,37.3,133,53.0,53.0,37.3 / 133,37.3 / 133
30127,GA,Ladies Players,F,72,73.0,104.2,132,36.5,36.5,36.5,132,36.5,132,52.1,52.1,36.5 / 132,36.5 / 132
30127,GA,Blue,F,72,72.4,101.8,125,36.2,36.2,36.2,125,36.2,125,50.9,50.9,36.2 / 125,36.2 / 125
30127,GA,Family Gold,F,72,64.4,90.8,112,32.2,32.2,32.2,112,32.2,112,45.4,45.4,32.2 / 112,32.2 / 112
30127,GA,Family Blue,F,72,59.6,84.2,104,29.8,29.8,29.8,104,29.8,104,42.1,42.1,29.8 / 104,29.8 / 104
35452,GA,Red,M,72,72.6,98.0,136,36.6,36.0,36.6,140,36.0,132,49.6,48.3,36.6 / 140,36.0 / 132
35452,GA,Players,M,72,71.9,96.8,134,36.3,35.6,36.3,136,35.6,132,48.9,47.9,36.3 / 136,35.6 / 132
35452,GA,White,M,72,71.6,96.0,131,36.0,35.6,36.0,132,35.6,130,48.3,47.7,36.0 / 132,35.6 / 130
35452,GA,Senior Players,M,72,70.9,94.3,126,35.6,35.3,35.6,127,35.3,125,47.4,46.9,35.6 / 127,35.3 / 125
35452,GA,Green,M,72,69.8,92.8,124,34.9,34.9,34.9,124,34.9,124,46.4,46.4,34.9 / 124,34.9 / 124
35452,GA,Legends,M,72,67.6,90.0,121,33.9,33.7,33.9,121,33.7,121,45.1,44.9,33.9 / 121,33.7 / 121
35452,GA,Blue,M,72,66.5,88.5,118,33.5,33.0,33.5,117,33.0,119,44.4,44.1,33.5 / 117,33.0 / 119
35452,GA,Family Gold,M,72,61.2,82.2,113,30.8,30.4,30.8,113,30.4,113,41.3,40.9,30.8 / 113,30.4 / 113
35452,GA,Family Blue,M,72,58.3,78.1,107,29.0,29.3,29.0,107,29.3,107,38.9,39.2,29.0 / 107,29.3 / 107
35452,GA,White,F,72,77.6,111.1,142,39.2,38.4,39.2,141,38.4,143,55.8,55.3,39.2 / 141,38.4 / 143
35452,GA,Green,F,72,74.9,107.0,136,37.3,37.6,37.3,133,37.6,139,53.0,54.0,37.3 / 133,37.6 / 139
35452,GA,Ladies Players,F,72,72.7,103.6,131,36.5,36.2,36.5,132,36.2,130,52.1,51.5,36.5 / 132,36.2 / 130
35452,GA,Blue,F,72,71.6,100.8,124,36.2,35.4,36.2,125,35.4,123,50.9,49.9,36.2 / 125,35.4 / 123
35452,GA,Family Gold,F,72,63.6,89.8,111,32.2,31.4,32.2,112,31.4,110,45.4,44.4,32.2 / 112,31.4 / 110
35452,GA,Family Blue,F,72,59.5,86.2,103,29.8,29.7,29.8,104,29.7,102,42.1,41.7,29.8 / 104,29.7 / 102
35445,GA,Red,M,72,71.4,95.8,132,36.0,35.4,36.0,132,35.4,131,48.2,47.6,36.0 / 132,35.4 / 131
35445,GA,Players,M,72,70.7,95.0,131,35.6,35.1,35.6,132,35.1,129,47.9,47.1,35.6 / 132,35.1 / 129
35445,GA,White,M,72,70.5,94.5,129,35.6,34.9,35.6,130,34.9,128,47.7,46.8,35.6 / 130,34.9 / 128
35445,GA,Senior Players,M,72,69.3,91.8,121,35.3,34.0,35.3,125,34.0,117,46.9,44.9,35.3 / 125,34.0 / 117
35445,GA,Green,M,72,67.8,89.7,118,34.9,32.9,34.9,124,32.9,112,46.4,43.3,34.9 / 124,32.9 / 112
35445,GA,Legends,M,72,66.3,88.0,117,33.7,32.6,33.7,121,32.6,113,44.9,43.1,33.7 / 121,32.6 / 113
35445,GA,Blue,M,72,65.0,86.5,116,32.6,32.4,32.6,121,32.4,111,43.8,42.7,32.6 / 121,32.4 / 111
35445,GA,Family Gold,M,72,60.7,81.3,111,30.4,30.3,30.4,113,30.3,109,40.9,40.4,30.4 / 113,30.3 / 109
35445,GA,Family Blue,M,72,58.3,77.6,104,29.3,29.0,29.3,107,29.0,101,39.2,38.4,29.3 / 107,29.0 / 101
35445,GA,White,F,72,76.0,108.6,138,38.4,37.6,38.4,143,37.6,133,55.3,53.3,38.4 / 143,37.6 / 133
35445,GA,Green,F,72,73.0,104.2,132,37.3,35.7,37.3,142,35.7,122,54.1,50.1,37.3 / 142,35.7 / 122
35445,GA,Ladies Players,F,72,71.0,100.5,125,36.2,34.8,36.2,130,34.8,120,51.5,49.0,36.2 / 130,34.8 / 120
35445,GA,Blue,F,72,69.4,97.7,120,35.4,34.0,35.4,123,34.0,117,49.9,47.8,35.4 / 123,34.0 / 117
35445,GA,Family Gold,F,72,62.8,88.8,107,31.4,31.4,31.4,110,31.4,104,44.4,43.7,31.4 / 110,31.4 / 104
35445,GA,Family Blue,F,72,59.1,84.1,99,29.7,29.4,29.7,102,29.4,96,41.7,40.7,29.7 / 102,29.4 / 96
9163,GA,Red,M,72,72.6,97.9,136,36.0,36.6,36.0,132,36.6,140,48.3,49.6,36.0 / 132,36.6 / 140
9163,GA,Players,M,72,71.9,96.8,134,35.6,36.3,35.6,132,36.3,136,47.9,48.9,35.6 / 132,36.3 / 136
9163,GA,White,M,72,71.6,96.0,131,35.6,36.0,35.6,130,36.0,132,47.7,48.3,35.6 / 130,36.0 / 132
9163,GA,Senior Players,M,72,70.9,94.3,126,35.3,35.6,35.3,125,35.6,127,46.9,47.4,35.3 / 125,35.6 / 127
9163,GA,Green,M,72,69.8,92.8,124,34.9,34.9,34.9,124,34.9,124,46.4,46.4,34.9 / 124,34.9 / 124
9163,GA,Legends,M,72,67.6,90.0,121,33.7,33.9,33.7,121,33.9,121,44.9,45.1,33.7 / 121,33.9 / 121
9163,GA,Blue,M,72,66.5,88.5,118,33.0,33.5,33.0,119,33.5,117,44.1,44.4,33.0 / 119,33.5 / 117
9163,GA,Family Gold,M,72,61.2,82.2,113,30.4,30.8,30.4,113,30.8,113,40.9,41.3,30.4 / 113,30.8 / 113
9163,GA,Family Blue,M,72,58.3,78.1,107,29.3,29.0,29.3,107,29.0,107,39.2,38.9,29.3 / 107,29.0 / 107
9163,GA,White,F,72,77.6,111.1,142,38.4,39.2,38.4,143,39.2,141,55.3,55.8,38.4 / 143,39.2 / 141
9163,GA,Green,F,72,74.9,107.2,136,37.6,37.3,37.6,139,37.3,133,54.0,53.0,37.6 / 139,37.3 / 133
9163,GA,Ladies Players,F,72,72.7,103.6,131,36.2,36.5,36.2,130,36.5,132,51.5,52.1,36.2 / 130,36.5 / 132
9163,GA,Blue,F,72,71.6,100.8,124,35.4,36.2,35.4,123,36.2,125,49.9,50.9,35.4 / 123,36.2 / 125
9163,GA,Family Gold,F,72,63.6,89.8,111,31.4,32.2,31.4,110,32.2,112,44.4,45.4,31.4 / 110,32.2 / 112
9163,GA,Family Blue,F,72,59.5,83.8,103,29.7,29.8,29.7,102,29.8,104,41.7,42.1,29.7 / 102,29.8 / 104
30126,GA,Red,M,72,72.0,96.6,132,36.0,36.0,36.0,132,36.0,132,48.3,48.3,36.0 / 132,36.0 / 132
30126,GA,Players,M,72,71.2,95.8,132,35.6,35.6,35.6,132,35.6,132,47.9,47.9,35.6 / 132,35.6 / 132
30126,GA,White,M,72,71.2,95.4,130,35.6,35.6,35.6,130,35.6,130,47.7,47.7,35.6 / 130,35.6 / 130
30126,GA,Senior Players,M,72,70.6,93.8,125,35.3,35.3,35.3,125,35.3,125,46.9,46.9,35.3 / 125,35.3 / 125
30126,GA,Green,M,72,69.8,92.8,124,34.9,34.9,34.9,124,34.9,124,46.4,46.4,34.9 / 124,34.9 / 124
30126,GA,Legends,M,72,67.4,89.8,121,33.7,33.7,33.7,121,33.7,121,44.9,44.9,33.7 / 121,33.7 / 121
30126,GA,Blue,M,72,66.0,88.2,119,33.0,33.0,33.0,119,33.0,119,44.1,44.1,33.0 / 119,33.0 / 119
30126,GA,Family Gold,M,72,60.8,81.8,113,30.4,30.4,30.4,113,30.4,113,40.9,40.9,30.4 / 113,30.4 / 113
30126,GA,Family Blue,M,72,58.6,78.4,107,29.3,29.3,29.3,107,29.3,107,39.2,39.2,29.3 / 107,29.3 / 107
30126,GA,White,F,72,76.8,110.6,143,38.4,38.4,38.4,143,38.4,143,55.3,55.3,38.4 / 143,38.4 / 143
30126,GA,Green,F,72,75.2,108.2,139,37.6,37.6,37.6,139,37.6,139,54.0,54.0,37.6 / 139,37.6 / 139
30126,GA,Ladies Players,F,72,72.4,103.0,130,36.2,36.2,36.2,130,36.2,130,51.5,51.5,36.2 / 130,36.2 / 130
30126,GA,Blue,F,72,70.8,99.8,123,35.4,35.4,35.4,123,35.4,123,49.9,49.9,35.4 / 123,35.4 / 123
30126,GA,Family Gold,F,72,62.8,88.8,110,31.4,31.4,31.4,110,31.4,110,44.4,44.4,31.4 / 110,31.4 / 110
30126,GA,Family Blue,F,72,59.4,83.4,102,29.7,29.7,29.7,102,29.7,102,41.7,41.7,29.7 / 102,29.7 / 102
9101,GA,Black,M,72,72.1,97.6,137,36.6,35.5,36.6,141,35.5,133,49.7,47.9,36.6 / 141,35.5 / 133
9101,GA,Blue,M,72,69.9,93.3,126,35.1,34.8,35.1,125,34.8,127,46.7,46.6,35.1 / 125,34.8 / 127
9101,GA,Gold,M,72,65.9,87.7,117,33.1,32.8,33.1,117,32.8,117,44.0,43.7,33.1 / 117,32.8 / 117
9101,GA,Gold,F,72,71.4,101.1,126,35.7,35.7,35.7,126,35.7,126,50.5,50.6,35.7 / 126,35.7 / 126
9101,GA,Red,F,72,65.8,93.2,116,32.4,33.4,32.4,116,33.4,116,46.1,47.1,32.4 / 116,33.4 / 116
9001,GA,Blue,M,72,71.0,93.5,121,33.3,37.7,33.3,112,37.7,130,43.7,49.8,33.3 / 112,37.7 / 130
9001,GA,White,M,72,69.0,90.5,116,32.4,36.6,32.4,111,36.6,121,42.7,47.8,32.4 / 111,36.6 / 121
9001,GA,Black,M,72,67.4,87.8,110,32.2,35.2,32.2,109,35.2,111,42.3,45.5,32.2 / 109,35.2 / 111
9001,GA,Red,M,72,63.2,82.9,106,30.7,32.5,30.7,103,32.5,109,40.3,42.6,30.7 / 103,32.5 / 109
9001,GA,Blue,F,72,75.6,106.3,130,35.2,40.4,35.2,122,40.4,138,49.6,56.7,35.2 / 122,40.4 / 138
9001,GA,White,F,72,73.9,102.7,122,34.8,39.1,34.8,114,39.1,130,48.3,54.4,34.8 / 114,39.1 / 130
9001,GA,Black,F,72,71.9,98.8,114,34.2,37.7,34.2,107,37.7,121,46.8,52.0,34.2 / 107,37.7 / 121
9001,GA,Red,F,72,68.0,92.8,105,32.4,35.6,32.4,100,35.6,110,44.2,48.6,32.4 / 100,35.6 / 110
9055,GA,Gold,M,72,73.4,99.8,142,36.7,36.7,36.7,142,36.7,142,49.9,49.9,36.7 / 142,36.7 / 142
9055,GA,Creek,M,72,72.6,98.4,139,36.2,36.4,36.2,138,36.4,140,49.0,49.4,36.2 / 138,36.4 / 140
9055,GA,Blue,M,72,71.1,96.1,135,35.5,35.6,35.5,135,35.6,135,48.0,48.1,35.5 / 135,35.6 / 135
9055,GA,Blue/White,M,72,70.0,94.5,132,35.3,34.7,35.3,135,34.7,129,47.8,46.7,35.3 / 135,34.7 / 129
9055,GA,White,M,72,68.7,91.9,125,34.5,34.2,34.5,129,34.2,121,46.5,45.4,34.5 / 129,34.2 / 121
9055,GA,Red/White,M,72,67.0,89.1,119,33.4,33.6,33.4,121,33.6,117,44.6,44.5,33.4 / 121,33.6 / 117
9055,GA,Red,M,72,64.9,86.5,116,32.3,32.6,32.3,118,32.6,114,43.3,43.2,32.3 / 118,32.6 / 114
9055,GA,Blue,F,72,77.5,111.9,146,38.8,38.7,38.8,146,38.7,146,56.0,55.9,38.8 / 146,38.7 / 146
9055,GA,White,F,72,74.0,106.6,138,37.4,36.6,37.4,138,36.6,138,53.7,52.9,37.4 / 138,36.6 / 138
9055,GA,Red/White,F,72,72.2,102.1,127,36.0,36.2,36.0,128,36.2,126,51.1,51.0,36.0 / 128,36.2 / 126
9055,GA,Red,F,72,70.6,99.1,121,35.3,35.3,35.3,122,35.3,120,49.7,49.4,35.3 / 122,35.3 / 120
9111,GA,Blue,M,72,72.9,96.9,129,36.2,36.7,36.2,126,36.7,132,47.9,49.0,36.2 / 126,36.7 / 132
9111,GA,White,M,72,69.8,93.3,121,34.4,35.4,34.4,119,35.4,123,45.5,46.8,34.4 / 119,35.4 / 123
9111,GA,Gold,M,72,66.2,87.0,112,32.8,33.4,32.8,109,33.4,115,42.9,44.1,32.8 / 109,33.4 / 115
9111,GA,Red,M,72,63.0,81.5,100,30.7,32.3,30.7,96,32.3,103,39.6,41.9,30.7 / 96,32.3 / 103
9111,GA,Gold,F,72,71.4,99.5,119,35.0,36.4,35.0,117,36.4,121,48.8,50.7,35.0 / 117,36.4 / 121
9111,GA,Red,F,72,67.9,94.0,111,32.8,35.1,32.8,103,35.1,119,44.9,49.1,32.8 / 103,35.1 / 119
36210,GA,Blue,M,72,70.8,94.8,129,35.5,35.3,35.5,129,35.3,129,47.5,47.3,35.5 / 129,35.3 / 129
36210,GA,White,M,72,69.6,93.0,126,34.8,34.8,34.8,127,34.8,125,46.6,46.4,34.8 / 127,34.8 / 125
36210,GA,Gold,M,72,67.0,89.0,118,33.5,33.5,33.5,118,33.5,118,44.5,44.5,33.5 / 118,33.5 / 118
36210,GA,Purple,M,72,64.4,84.8,108,32.3,32.1,32.3,108,32.1,108,42.3,42.1,32.3 / 108,32.1 / 108
36210,GA,Red,M,72,63.2,83.1,107,31.8,31.4,31.8,109,31.4,105,41.9,41.2,31.8 / 109,31.4 / 105
36210,GA,White,F,72,75.4,106.5,132,37.7,37.7,37.7,134,37.7,130,53.5,53.0,37.7 / 134,37.7 / 130
36210,GA,Gold,F,72,72.4,101.6,124,36.3,36.1,36.3,124,36.1,124,50.9,50.7,36.3 / 124,36.1 / 124
36210,GA,Purple,F,72,69.5,96.9,116,34.6,35.0,34.6,116,35.0,115,48.3,48.6,34.6 / 116,35.0 / 115
36210,GA,Red,F,72,68.0,94.6,113,34.0,34.0,34.0,113,34.0,113,47.3,47.3,34.0 / 113,34.0 / 113
8960,GA,Blue,M,72,71.2,94.7,127,35.9,35.3,35.9,126,35.3,127,47.6,47.1,35.9 / 126,35.3 / 127
8960,GA,White,M,72,69.4,92.1,123,34.9,34.5,34.9,121,34.5,124,46.1,46.0,34.9 / 121,34.5 / 124
8960,GA,Gold,M,72,67.2,88.8,116,33.9,33.3,33.9,117,33.3,115,44.8,44.0,33.9 / 117,33.3 / 115
8960,GA,Red,M,72,63.4,81.7,103,31.8,31.6,31.8,102,31.6,104,41.3,41.3,31.8 / 102,31.6 / 104
8960,GA,White,F,72,75.6,106.1,130,37.9,37.7,37.9,129,37.7,130,53.1,53.0,37.9 / 129,37.7 / 130
8960,GA,Gold,F,72,72.7,101.1,122,36.9,35.8,36.9,121,35.8,123,51.1,50.3,36.9 / 121,35.8 / 123
8960,GA,Red,F,72,68.0,95.6,113,34.1,34.0,34.1,112,34.0,113,47.4,47.2,34.1 / 112,34.0 / 113
9019,GA,Black,M,72,74.4,100.8,142,37.0,37.4,37.0,140,37.4,144,50.0,50.8,37.0 / 140,37.4 / 144
9019,GA,Gold,M,72,72.4,98.4,140,36.0,36.4,36.0,138,36.4,142,48.8,49.6,36.0 / 138,36.4 / 142
9019,GA,Blue,M,72,71.0,95.3,131,35.2,35.8,35.2,128,35.8,133,47.1,48.2,35.2 / 128,35.8 / 133
9019,GA,Blue/White,M,72,69.6,93.4,128,34.5,35.1,34.5,126,35.1,130,46.2,47.2,34.5 / 126,35.1 / 130
9019,GA,White,M,72,68.9,88.5,127,34.2,34.7,34.2,125,34.7,129,45.8,46.7,34.2 / 125,34.7 / 129
9019,GA,White/Red,M,71,67.9,90.7,124,33.9,34.0,33.9,123,34.0,123,45.3,45.4,33.9 / 123,34.0 / 123
9019,GA,Senior,M,72,65.9,88.1,120,32.8,33.1,32.8,117,33.1,122,43.7,44.4,32.8 / 117,33.1 / 122
9019,GA,Red,M,72,65.9,88.2,120,32.8,33.1,32.8,118,33.1,122,43.8,44.4,32.8 / 118,33.1 / 122
9019,GA,White,F,72,74.4,105.7,133,36.9,37.5,36.9,130,37.5,136,52.2,53.5,36.9 / 130,37.5 / 136
9019,GA,Red,F,72,70.8,100.5,126,34.6,36.2,34.6,122,36.2,130,49.0,51.5,34.6 / 122,36.2 / 130
9161,GA,Blue,M,70,66.4,89.2,123,33.2,33.2,33.2,123,33.2,123,44.6,44.6,33.2 / 123,33.2 / 123
9161,GA,White,M,70,63.6,83.6,108,31.8,31.8,31.8,108,31.8,108,41.8,41.8,31.8 / 108,31.8 / 108
9161,GA,Red,M,70,60.4,80.0,105,30.2,30.2,30.2,105,30.2,105,40.0,40.0,30.2 / 105,30.2 / 105
9161,GA,Blue,F,70,71.2,102.2,131,35.6,35.6,35.6,131,35.6,131,51.1,51.1,35.6 / 131,35.6 / 131
9161,GA,White,F,70,67.4,96.6,124,33.7,33.7,33.7,124,33.7,124,48.3,48.3,33.7 / 124,33.7 / 124
9161,GA,Red,F,70,62.8,87.6,105,31.4,31.4,31.4,105,31.4,105,43.8,43.8,31.4 / 105,31.4 / 105
36792,GA,Black,M,72,73.3,98.8,138,36.7,36.6,36.7,135,36.6,140,49.2,49.6,36.7 / 135,36.6 / 140
36792,GA,Blue,M,72,71.6,95.5,129,35.8,35.8,35.8,127,35.8,130,47.6,47.9,35.8 / 127,35.8 / 130
36792,GA,White,M,72,70.0,93.0,124,34.9,35.1,34.9,123,35.1,125,46.3,46.7,34.9 / 123,35.1 / 125
36792,GA,Red,M,72,66.8,88.2,115,33.3,33.5,33.3,113,33.5,117,43.8,44.4,33.3 / 113,33.5 / 117
36792,GA,Red,F,72,71.9,102.3,129,36.0,35.9,36.0,127,35.9,131,51.0,51.3,36.0 / 127,35.9 / 131
13989,GA,Green,M,72,75.1,101.1,140,37.3,37.8,37.3,138,37.8,142,50.1,51.0,37.3 / 138,37.8 / 142
13989,GA,Blue,M,72,71.7,96.0,131,35.5,36.2,35.5,128,36.2,133,47.4,48.6,35.5 / 128,36.2 / 133
13989,GA,White,M,72,69.3,92.1,123,34.5,34.8,34.5,121,34.8,125,45.7,46.4,34.5 / 121,34.8 / 125
13989,GA,Gold,M,72,66.0,88.0,118,32.6,33.4,32.6,117,33.4,119,43.5,44.5,32.6 / 117,33.4 / 119
13989,GA,Black,M,72,63.8,84.6,112,31.1,32.7,31.1,110,32.7,114,41.3,43.3,31.1 / 110,32.7 / 114
13989,GA,Blue,F,72,76.4,107.2,131,38.0,38.4,38.0,131,38.4,131,53.4,53.8,38.0 / 131,38.4 / 131
13989,GA,White,F,72,73.8,103.1,125,36.5,37.3,36.5,123,37.3,126,51.0,52.1,36.5 / 123,37.3 / 126
13989,GA,Gold,F,72,71.1,100.7,126,35.1,35.9,35.1,124,35.9,128,49.7,51.0,35.1 / 124,35.9 / 128
13989,GA,Black,F,72,67.7,96.7,123,33.1,34.6,33.1,121,34.6,125,47.4,49.3,33.1 / 121,34.6 / 125
8940,GA,Old Ironside,M,72,71.8,95.9,140,36.1,35.7,36.1,130,35.7,129,48.2,47.7,36.1 / 130,35.7 / 129
8940,GA,Live Oak,M,72,70.8,96.4,138,35.6,35.2,35.6,138,35.2,138,48.4,48.0,35.6 / 138,35.2 / 138
8940,GA,Palmetto,M,72,69.5,94.2,133,35.0,34.5,35.0,135,34.5,131,47.5,46.7,35.0 / 135,34.5 / 131
8940,GA,Dogwood,M,72,68.3,91.9,127,34.3,34.0,34.3,126,34.0,128,46.0,45.9,34.3 / 126,34.0 / 128
8940,GA,Jasmine,M,72,67.5,90.7,125,33.6,33.9,33.6,123,33.9,127,45.0,45.7,33.6 / 123,33.9 / 127
8940,GA,Magnolia,M,72,66.0,88.5,121,33.0,33.0,33.0,122,33.0,121,44.3,44.2,33.0 / 122,33.0 / 121
8940,GA,Azalea,M,72,64.6,86.2,116,32.5,32.1,32.5,116,32.1,116,43.3,42.9,32.5 / 116,32.1 / 116
8940,GA,Live Oak,F,72,76.6,110.8,145,38.1,38.5,38.1,146,38.5,144,55.3,55.5,38.1 / 146,38.5 / 144
8940,GA,Palmetto,F,72,75.2,102.9,140,38.1,37.1,38.1,140,37.1,140,54.6,53.6,38.1 / 140,37.1 / 140
8940,GA,Dogwood,F,72,73.3,104.7,133,36.9,36.4,36.9,134,36.4,132,52.7,52.0,36.9 / 134,36.4 / 132
8940,GA,Jasmine,F,72,72.6,102.0,132,36.1,36.5,36.1,126,36.5,124,50.9,51.1,36.1 / 126,36.5 / 124
8940,GA,Magnolia,F,72,71.4,100.8,129,35.8,35.6,35.8,128,35.6,130,50.9,50.9,35.8 / 128,35.6 / 130
8940,GA,Azalea,F,72,69.6,98.6,123,34.8,34.8,34.8,124,34.8,122,49.4,49.2,34.8 / 124,34.8 / 122
9235,GA,Black,M,71,68.1,92.1,129,33.9,34.2,33.9,133,34.2,125,46.3,45.8,33.9 / 133,34.2 / 125
9235,GA,Gold,M,71,66.3,89.1,123,33.0,33.3,33.0,125,33.3,121,44.6,44.5,33.0 / 125,33.3 / 121
9235,GA,Green,M,71,65.3,87.4,119,32.9,32.4,32.9,121,32.4,117,44.1,43.3,32.9 / 121,32.4 / 117
9235,GA,Gold,F,71,70.9,102.0,132,35.3,35.6,35.3,134,35.6,130,51.1,50.9,35.3 / 134,35.6 / 130
9235,GA,Green,F,71,68.8,98.5,126,34.6,34.2,34.6,128,34.2,124,49.7,48.8,34.6 / 128,34.2 / 124
9235,GA,Red,F,71,67.8,96.0,120,33.9,33.9,33.9,120,33.9,120,48.0,48.0,33.9 / 120,33.9 / 120
9104,GA,Blue,M,72,70.5,94.1,127,35.4,35.1,35.4,129,35.1,125,47.4,46.7,35.4 / 129,35.1 / 125
9104,GA,White,M,72,68.3,90.9,122,34.4,33.9,34.4,123,33.9,121,45.8,45.1,34.4 / 123,33.9 / 121
9104,GA,Green,M,72,66.3,86.0,117,33.3,33.0,33.3,119,33.0,115,44.4,43.7,33.3 / 119,33.0 / 115
9104,GA,Red,F,72,66.7,90.0,111,33.4,33.3,33.4,112,33.3,110,46.6,46.3,33.4 / 112,33.3 / 110
9252,GA,Blue,M,72,71.1,93.4,120,34.9,36.2,34.9,117,36.2,123,45.8,47.6,34.9 / 117,36.2 / 123
9252,GA,White,M,72,69.7,91.5,117,34.5,35.2,34.5,116,35.2,118,45.3,46.2,34.5 / 116,35.2 / 118
9252,GA,Gold,M,72,67.5,88.1,111,33.4,34.1,33.4,110,34.1,112,43.6,44.5,33.4 / 110,34.1 / 112
9252,GA,Red,M,72,64.8,85.2,110,31.9,32.9,31.9,110,32.9,110,42.1,43.1,31.9 / 110,32.9 / 110
9252,GA,Gold,F,72,73.2,102.2,123,36.1,37.1,36.1,121,37.1,125,50.4,51.8,36.1 / 121,37.1 / 125
9252,GA,Red,F,72,70.2,96.7,112,34.5,35.7,34.5,110,35.7,114,47.5,49.2,34.5 / 110,35.7 / 114
9002,GA,Black,M,72,75.3,100.9,138,38.0,37.3,38.0,137,37.3,139,50.7,50.2,38.0 / 137,37.3 / 139
9002,GA,Blue,M,72,73.3,98.0,133,36.9,36.4,36.9,131,36.4,135,49.1,48.9,36.9 / 131,36.4 / 135
9002,GA,White,M,72,71.4,95.6,130,36.0,35.4,36.0,129,35.4,131,48.0,47.6,36.0 / 129,35.4 / 131
9002,GA,Gray,M,72,68.1,90.7,122,34.5,33.6,34.5,121,33.6,123,45.7,45.0,34.5 / 121,33.6 / 123
9002,GA,Gray/Red Combo,M,72,66.4,87.4,113,33.0,33.4,33.0,110,33.4,116,43.2,44.2,33.0 / 110,33.4 / 116
9002,GA,Red,M,72,64.4,84.1,106,32.0,32.4,32.0,105,32.4,107,41.8,42.3,32.0 / 105,32.4 / 107
9002,GA,Gray,F,72,73.1,104.7,130,37.1,36.0,37.1,133,36.0,135,52.8,51.9,37.1 / 133,36.0 / 135
9002,GA,Gray/Red Combo,F,73,70.8,99.8,123,35.1,35.7,35.1,120,35.7,126,49.2,50.6,35.1 / 120,35.7 / 126
9002,GA,Red,F,72,68.9,96.5,117,34.2,34.7,34.2,111,34.7,123,47.3,49.2,34.2 / 111,34.7 / 123
9064,GA,Blue,M,72,70.0,92.8,123,35.4,34.6,35.4,121,34.6,124,46.6,46.1,35.4 / 121,34.6 / 124
9064,GA,White,M,72,68.4,90.6,120,34.4,34.0,34.4,117,34.0,122,45.3,45.3,34.4 / 117,34.0 / 122
9064,GA,Gold,M,72,65.8,86.4,111,33.1,32.5,33.1,108,32.5,114,43.1,43.1,33.1 / 108,32.5 / 114
9064,GA,Gold,F,72,70.8,98.9,122,35.4,35.1,35.4,117,35.1,126,49.2,50.0,35.4 / 117,35.1 / 126
9064,GA,Red,F,72,66.0,91.8,109,32.0,34.0,32.0,104,34.0,114,44.3,47.5,32.0 / 104,34.0 / 114
9020,GA,Gold,M,73,72.3,97.2,134,36.5,35.8,36.5,136,35.8,132,49.1,48.1,36.5 / 136,35.8 / 132
9020,GA,Blue,M,73,70.1,94.5,131,35.5,34.6,35.5,133,34.6,129,47.9,46.6,35.5 / 133,34.6 / 129
9020,GA,White,M,73,68.6,91.8,125,34.5,34.1,34.5,126,34.1,124,46.2,45.6,34.5 / 126,34.1 / 124
9020,GA,Grey,M,73,67.2,89.8,122,33.8,33.4,33.8,123,33.4,121,45.2,44.6,33.8 / 123,33.4 / 121
9020,GA,White,F,73,74.2,105.4,132,37.3,36.9,37.3,132,36.9,132,52.9,52.5,37.3 / 132,36.9 / 132
9020,GA,Grey,F,73,71.9,101.6,126,36.3,35.6,36.3,127,35.6,125,51.3,50.3,36.3 / 127,35.6 / 125
9020,GA,Red,F,73,68.3,96.9,121,34.0,34.3,34.0,121,34.3,121,48.3,48.6,34.0 / 121,34.3 / 121
9216,GA,Black,M,72,72.1,95.7,127,36.5,35.6,36.5,130,35.6,124,48.6,47.1,36.5 / 130,35.6 / 124
9216,GA,White,M,72,69.1,91.9,123,35.0,34.1,35.0,125,34.1,121,46.6,45.3,35.0 / 125,34.1 / 121
9216,GA,Gold,M,72,66.6,88.2,116,33.5,33.1,33.5,116,33.1,116,44.3,43.9,33.5 / 116,33.1 / 116
9216,GA,Red,M,72,63.0,82.2,103,31.7,31.3,31.7,103,31.3,103,41.3,40.9,31.7 / 103,31.3 / 103
9216,GA,White,F,72,74.6,106.2,134,37.8,36.8,37.8,135,36.8,133,53.7,52.5,37.8 / 135,36.8 / 133
9216,GA,Gold,F,72,72.1,102.8,130,36.4,35.7,36.4,131,35.7,129,51.9,50.9,36.4 / 131,35.7 / 129
9216,GA,Red,F,72,68.0,94.5,112,34.4,33.6,34.4,114,33.6,110,47.9,46.6,34.4 / 114,33.6 / 110
8994,GA,Gold,M,72,71.1,93.1,118,35.7,35.4,35.7,119,35.4,117,46.8,46.3,35.7 / 119,35.4 / 117
8994,GA,White,M,72,69.4,90.8,115,34.6,34.8,34.6,116,34.8,114,45.4,45.4,34.6 / 116,34.8 / 114
8994,GA,Blue,M,72,66.3,86.7,110,33.1,33.2,33.1,110,33.2,110,43.3,43.4,33.1 / 110,33.2 / 110
8994,GA,Red,M,72,62.6,82.3,106,31.5,31.1,31.5,104,31.1,108,41.2,41.1,31.5 / 104,31.1 / 108
8994,GA,White,F,72,75.2,105.2,127,37.4,37.8,37.4,127,37.8,127,52.4,52.8,37.4 / 127,37.8 / 127
8994,GA,Blue,F,72,71.7,99.7,119,35.7,36.0,35.7,119,36.0,119,49.7,50.0,35.7 / 119,36.0 / 119
8994,GA,Red,F,72,66.8,92.2,108,33.5,33.3,33.5,108,33.3,108,46.2,46.0,33.5 / 108,33.3 / 108
9095,GA,Gold,M,71,72.3,97.6,136,35.5,36.8,35.5,139,36.8,133,48.4,49.2,35.5 / 139,36.8 / 133
9095,GA,Blue,M,71,70.0,94.0,129,34.5,35.5,34.5,132,35.5,126,46.8,47.2,34.5 / 132,35.5 / 126
9095,GA,White,M,71,66.9,89.2,120,33.3,33.6,33.3,122,33.6,118,44.6,44.6,33.3 / 122,33.6 / 118
9095,GA,Green,M,71,65.5,86.7,114,32.5,33.0,32.5,116,33.0,112,43.3,43.4,32.5 / 116,33.0 / 112
9095,GA,Red,M,71,62.5,82.7,109,31.1,31.4,31.1,111,31.4,107,41.4,41.3,31.1 / 111,31.4 / 107
9095,GA,White,F,71,71.7,101.4,126,35.3,36.4,35.3,128,36.4,124,50.4,51.0,35.3 / 128,36.4 / 124
9095,GA,Green,F,71,70.1,99.3,124,34.8,35.3,34.8,123,35.3,125,49.3,50.0,34.8 / 123,35.3 / 125
9095,GA,Red,F,71,67.0,94.6,117,33.3,33.7,33.3,119,33.7,115,47.3,47.3,33.3 / 119,33.7 / 115
8964,GA,Black,M,72,72.9,98.7,142,35.9,37.0,35.9,139,37.0,139,48.8,49.9,35.9 / 139,37.0 / 139
8964,GA,Blue,M,72,71.2,96.9,138,35.2,36.0,35.2,138,36.0,139,48.0,48.9,35.2 / 138,36.0 / 139
8964,GA,Blue/White,M,72,70.1,95.0,134,34.9,35.2,34.9,135,35.2,133,47.4,47.6,34.9 / 135,35.2 / 133
8964,GA,White,M,72,69.0,93.7,132,34.0,35.0,34.0,130,35.0,134,46.2,47.5,34.0 / 130,35.0 / 134
8964,GA,Red,M,72,65.3,88.3,124,32.8,32.5,32.8,124,32.5,124,44.3,44.0,32.8 / 124,32.5 / 124
8964,GA,White,F,72,74.5,108.4,144,36.6,37.9,36.6,142,37.9,146,53.3,55.1,36.6 / 142,37.9 / 146
8964,GA,Red,F,72,70.0,100.4,129,35.1,34.9,35.1,131,34.9,127,50.5,49.9,35.1 / 131,34.9 / 127
9230,GA,Black,M,72,73.8,95.5,132,36.4,37.4,36.4,129,37.4,135,48.4,49.9,36.4 / 129,37.4 / 135
9230,GA,Blue,M,72,71.9,95.9,129,35.3,36.6,35.3,127,36.6,131,47.1,48.8,35.3 / 127,36.6 / 131
9230,GA,White,M,72,70.2,92.5,126,34.4,35.8,34.4,124,35.8,128,45.9,47.7,34.4 / 124,35.8 / 128
9230,GA,White / Green,M,72,68.4,89.3,120,34.0,34.4,34.0,118,34.4,122,45.0,45.7,34.0 / 118,34.4 / 122
9230,GA,Green,M,72,67.0,87.1,114,33.4,33.6,33.4,116,33.6,112,44.2,44.0,33.4 / 116,33.6 / 112
9230,GA,Red,M,72,64.1,84.4,110,31.8,32.3,31.8,108,32.3,111,41.8,42.6,31.8 / 108,32.3 / 111
9230,GA,Gold,M,72,62.7,82.4,106,31.1,31.6,31.1,103,31.6,109,40.7,41.7,31.1 / 103,31.6 / 109
9230,GA,White,F,72,76.2,108.3,136,37.4,38.8,37.4,133,38.8,139,53.1,55.2,37.4 / 133,38.8 / 139
9230,GA,Green,F,72,72.0,100.2,124,35.8,36.2,35.8,123,36.2,125,50.3,50.9,35.8 / 123,36.2 / 125
9230,GA,Red,F,72,69.6,95.7,118,34.7,34.9,34.7,115,34.9,111,48.3,48.0,34.7 / 115,34.9 / 111
9230,GA,Gold,F,72,67.4,92.5,113,33.8,33.6,33.8,113,33.6,113,47.1,46.9,33.8 / 113,33.6 / 113
9171,GA,Gold,M,71,72.3,98.5,141,37.0,35.3,37.0,141,35.3,141,50.1,48.4,37.0 / 141,35.3 / 141
9171,GA,Bear,M,71,70.7,96.3,138,36.0,34.7,36.0,138,34.7,138,48.8,47.5,36.0 / 138,34.7 / 138
9171,GA,Blue,M,71,69.8,95.0,136,35.5,34.3,35.5,137,34.3,135,48.2,46.8,35.5 / 137,34.3 / 135
9171,GA,Senior,M,71,69.3,93.5,130,35.3,34.0,35.3,131,34.0,129,47.5,46.0,35.3 / 131,34.0 / 129
9171,GA,White,M,71,67.7,90.3,122,34.5,33.2,34.5,124,33.2,120,46.0,44.3,34.5 / 124,33.2 / 120
9171,GA,Laurel,M,71,66.0,88.2,120,33.8,32.2,33.8,122,32.2,117,45.1,43.1,33.8 / 122,32.2 / 117
9171,GA,Green,M,71,64.6,86.4,117,32.9,31.7,32.9,118,31.7,116,43.9,42.5,32.9 / 118,31.7 / 116
9171,GA,Blue,F,72,75.4,108.6,140,39.1,36.3,39.1,140,36.3,140,55.6,52.8,39.1 / 140,36.3 / 140
9171,GA,White,F,72,73.1,105.1,136,37.5,35.6,37.5,136,35.6,136,53.5,51.6,37.5 / 136,35.6 / 136
9171,GA,Laurel,F,72,71.0,101.9,131,36.4,34.6,36.4,132,34.6,130,52.0,49.9,36.4 / 132,34.6 / 130
9171,GA,Green,F,72,69.3,99.0,126,35.7,33.6,35.7,128,33.6,124,50.8,48.2,35.7 / 128,33.6 / 124
9171,GA,Black,F,72,66.2,93.8,117,33.9,32.3,33.9,118,32.3,116,47.8,46.0,33.9 / 118,32.3 / 116
9218,GA,Tips,M,58,55.3,70.7,83,26.4,28.9,26.4,82,28.9,84,34.0,36.7,26.4 / 82,28.9 / 84
9218,GA,Tips,F,58,56.2,77.5,90,27.2,29.0,27.2,87,29.0,93,37.5,40.0,27.2 / 87,29.0 / 93
9263,GA,Gold,M,72,74.8,101.0,141,37.5,37.3,37.5,140,37.3,142,50.5,50.5,37.5 / 140,37.3 / 142
9263,GA,Blue,M,72,72.2,97.5,136,36.5,35.7,36.5,132,35.7,140,48.8,48.7,36.5 / 132,35.7 / 140
9263,GA,Blue/White Mix,M,72,71.3,96.2,134,35.8,35.5,35.8,131,35.5,137,48.0,48.2,35.8 / 131,35.5 / 137
9263,GA,White,M,72,70.0,94.5,132,35.2,34.8,35.2,128,34.8,136,47.1,47.4,35.2 / 128,34.8 / 136
9263,GA,Senior Mix,M,72,68.8,92.2,126,34.5,34.3,34.5,124,34.3,128,46.0,46.2,34.5 / 124,34.3 / 128
9263,GA,Silver,M,72,67.7,90.7,124,34.1,33.6,34.1,123,33.6,125,45.5,45.2,34.1 / 123,33.6 / 125
9263,GA,Red,M,72,65.8,88.1,120,32.6,33.2,32.6,118,33.2,122,43.6,44.5,32.6 / 118,33.2 / 122
9263,GA,White,F,72,76.2,109.9,143,38.2,38.0,38.2,139,38.0,147,54.6,55.3,38.2 / 139,38.0 / 147
9263,GA,Silver,F,72,73.0,104.6,134,36.6,36.4,36.6,130,36.4,138,51.9,52.7,36.6 / 130,36.4 / 138
9263,GA,Red,F,72,69.7,100.1,129,34.4,35.3,34.4,125,35.3,133,49.1,51.0,34.4 / 125,35.3 / 133
24198,GA,Blue/Blue,M,72,68.4,92.0,127,34.2,34.2,34.2,127,34.2,127,46.0,46.0,34.2 / 127,34.2 / 127
24198,GA,Blue/White,M,72,68.0,91.4,126,34.2,33.8,34.2,127,33.8,125,46.0,45.4,34.2 / 127,33.8 / 125
24198,GA,White/White,M,72,67.6,90.8,125,33.8,33.8,33.8,125,33.8,125,45.4,45.4,33.8 / 125,33.8 / 125
24198,GA,Gold/Gold,M,72,63.8,81.8,97,31.9,31.9,31.9,97,31.9,97,40.9,40.9,31.9 / 97,31.9 / 97
24198,GA,Gold/Red,M,72,63.2,80.9,96,31.9,31.3,31.9,97,31.3,94,40.9,40.0,31.9 / 97,31.3 / 94
24198,GA,Red/Red,M,72,62.6,80.4,96,31.3,31.3,31.3,96,31.3,96,40.2,40.2,31.3 / 96,31.3 / 96
24198,GA,Gold/Gold,F,72,67.0,94.0,114,33.5,33.5,33.5,114,33.5,114,47.0,47.0,33.5 / 114,33.5 / 114
24198,GA,Gold/Red,F,72,66.7,93.9,115,33.5,33.2,33.5,114,33.2,116,47.0,46.9,33.5 / 114,33.2 / 116
24198,GA,Red/Red,F,72,65.6,92.5,114,32.8,32.8,32.8,114,32.8,114,46.2,46.2,32.8 / 114,32.8 / 114
9127,GA,Gold,M,72,72.1,94.7,122,36.6,35.5,36.6,123,35.5,121,48.0,46.7,36.6 / 123,35.5 / 121
9127,GA,White,M,72,71.3,93.6,120,36.2,35.1,36.2,122,35.1,118,47.5,46.1,36.2 / 122,35.1 / 118
9127,GA,Silver,M,72,69.4,91.2,117,35.0,34.4,35.0,119,34.4,115,46.1,45.1,35.0 / 119,34.4 / 115
9127,GA,Red,M,72,66.5,87.3,112,33.4,33.1,33.4,113,33.1,111,43.9,43.4,33.4 / 113,33.1 / 111
9127,GA,Red,F,73,71.2,98.6,116,35.7,35.5,35.7,117,35.5,115,49.5,49.1,35.7 / 117,35.5 / 115
9099,GA,Black,M,72,74.7,101.2,143,37.9,36.8,37.9,140,36.8,145,50.9,50.3,37.9 / 140,36.8 / 145
9099,GA,Players,M,72,73.7,99.9,141,37.3,36.4,37.3,140,36.4,142,50.3,49.6,37.3 / 140,36.4 / 142
9099,GA,Blue,M,72,72.4,98.4,140,36.6,35.8,36.6,139,35.8,141,49.5,48.9,36.6 / 139,35.8 / 141
9099,GA,Senior Players,M,72,71.4,97.0,138,36.2,35.2,36.2,137,35.2,139,48.9,48.1,36.2 / 137,35.2 / 139
9099,GA,White,M,72,70.4,95.8,137,35.6,34.8,35.6,136,34.8,138,48.2,47.6,35.6 / 136,34.8 / 138
9099,GA,Super Senior Players,M,72,69.7,94.9,136,35.1,34.6,35.1,135,34.6,137,47.6,47.3,35.1 / 135,34.6 / 137
9099,GA,Yellow,M,72,68.3,92.9,133,34.2,34.1,34.2,130,34.1,135,46.3,46.6,34.2 / 130,34.1 / 135
9099,GA,White,F,72,76.5,110.3,143,38.8,37.7,38.8,142,37.7,144,55.6,54.7,38.8 / 142,37.7 / 144
9099,GA,White/Yellow,F,72,75.6,108.8,141,38.1,37.5,38.1,141,37.5,141,54.7,54.1,38.1 / 141,37.5 / 141
9099,GA,Yellow,F,72,74.0,106.8,139,37.1,36.9,37.1,138,36.9,140,53.4,53.4,37.1 / 138,36.9 / 140
9099,GA,Yellow/Green,F,72,72.7,104.5,135,36.5,36.2,36.5,134,36.2,136,52.3,52.2,36.5 / 134,36.2 / 136
9099,GA,Green,F,72,71.0,100.9,127,36.0,35.0,36.0,126,35.0,128,50.8,50.1,36.0 / 126,35.0 / 128
9116,GA,Tournament,M,72,71.7,97.1,137,35.9,35.8,35.9,137,35.8,137,48.6,48.5,35.9 / 137,35.8 / 137
9116,GA,Black,M,72,70.9,96.0,136,35.0,35.0,35.0,139,35.0,138,47.9,47.8,35.0 / 139,35.0 / 138
9116,GA,Gold,M,72,67.7,90.9,125,34.0,33.6,34.0,123,33.6,127,45.4,45.4,34.0 / 123,33.6 / 127
9116,GA,Red,M,72,65.2,86.4,117,32.7,32.1,32.7,117,32.1,115,43.6,42.8,32.7 / 117,32.1 / 115
9116,GA,Black,F,72,75.8,111.3,144,38.0,38.2,38.0,146,38.2,142,55.2,55.0,38.0 / 146,38.2 / 142
9116,GA,Gold,F,72,72.6,106.2,135,36.5,36.3,36.5,140,36.3,130,53.0,51.6,36.5 / 140,36.3 / 130
9116,GA,Red,F,72,69.5,98.9,125,35.2,34.3,35.2,126,34.3,124,50.0,48.9,35.2 / 126,34.3 / 124
9116,GA,Green,F,72,66.9,94.3,116,33.8,33.1,33.8,116,33.1,116,47.5,46.8,33.8 / 116,33.1 / 116
9084,GA,1915,M,71,74.2,99.9,139,37.4,36.8,37.4,138,36.8,140,50.2,49.8,37.4 / 138,36.8 / 140
9084,GA,I,M,72,72.4,96.8,131,36.5,35.9,36.5,130,35.9,132,48.6,48.2,36.5 / 130,35.9 / 132
9084,GA,Combo I - II,M,72,71.6,95.6,129,35.6,36.0,35.6,128,36.0,130,47.5,48.1,35.6 / 128,36.0 / 130
9084,GA,II,M,72,71.1,94.7,127,34.9,36.2,34.9,127,36.2,127,46.7,48.0,34.9 / 127,36.2 / 127
9084,GA,Combo II - III,M,72,70.0,92.8,123,34.3,35.7,34.3,121,35.7,125,45.5,47.3,34.3 / 121,35.7 / 125
9084,GA,III,M,72,68.5,91.1,119,33.8,34.7,33.8,116,34.7,122,44.6,46.0,33.8 / 116,34.7 / 122
9084,GA,Combo III - IV,M,72,66.8,88.2,115,33.3,33.5,33.3,114,33.5,116,43.9,44.3,33.3 / 114,33.5 / 116
9084,GA,IV,M,72,65.5,86.0,111,32.5,33.0,32.5,108,33.0,113,42.5,43.5,32.5 / 108,33.0 / 113
9084,GA,Combo III - IV,F,72,72.2,101.8,126,36.3,35.9,36.3,126,35.9,126,51.1,50.7,36.3 / 126,35.9 / 126
9084,GA,IV,F,72,70.7,99.4,122,35.1,35.6,35.1,120,35.6,124,49.2,50.2,35.1 / 120,35.6 / 124
35510,GA,Gold,M,72,72.4,97.4,135,36.2,36.2,36.2,135,36.2,135,48.7,48.7,36.2 / 135,36.2 / 135
35510,GA,Gold/Blue,M,72,71.2,95.8,133,36.2,35.0,36.2,135,35.0,130,48.7,47.1,36.2 / 135,35.0 / 130
35510,GA,Players,M,72,71.0,95.6,133,35.5,35.5,35.5,133,35.5,133,47.9,47.9,35.5 / 133,35.5 / 133
35510,GA,Blue,M,72,70.0,94.2,130,35.0,35.0,35.0,130,35.0,130,47.1,47.1,35.0 / 130,35.0 / 130
35510,GA,Blue/White,M,72,68.8,91.8,124,35.0,33.8,35.0,133,33.8,117,47.2,44.6,35.0 / 133,33.8 / 117
35510,GA,Senior Players,M,72,68.6,96.8,125,34.3,34.3,34.3,125,34.3,125,45.9,45.9,34.3 / 125,34.3 / 125
35510,GA,White,M,72,67.6,89.2,116,33.8,33.8,33.8,117,33.8,117,44.6,44.6,33.8 / 117,33.8 / 117
35510,GA,White/Green,M,72,65.9,86.5,111,33.8,32.1,33.8,117,32.1,107,44.6,41.9,33.8 / 117,32.1 / 107
35510,GA,Super Senior,M,72,65.6,86.6,113,32.8,32.8,32.8,118,32.8,118,43.3,43.3,32.8 / 118,32.8 / 118
35510,GA,Green,M,72,64.2,83.8,105,32.1,32.1,32.1,107,32.1,107,41.9,41.9,32.1 / 107,32.1 / 107
35510,GA,Blue,F,72,75.4,107.8,137,37.7,37.7,37.7,137,37.7,137,53.9,53.9,37.7 / 137,37.7 / 137
35510,GA,White,F,72,71.8,103.0,132,35.9,35.9,35.9,135,35.9,135,51.5,51.5,35.9 / 135,35.9 / 135
35510,GA,White/Green,F,72,70.1,99.3,124,35.9,34.2,35.9,135,34.2,112,51.5,47.8,35.9 / 135,34.2 / 112
35510,GA,Women's Players,F,72,69.6,98.8,124,34.8,34.8,34.8,123,34.8,123,49.4,49.4,34.8 / 123,34.8 / 123
35510,GA,Green,F,72,68.4,95.6,115,34.2,34.2,34.2,112,34.2,112,47.8,47.8,34.2 / 112,34.2 / 112
26313,GA,Blue/Blue,M,70,68.5,89.3,116,34.3,34.2,34.3,116,34.2,116,45.2,44.9,34.3 / 116,34.2 / 116
26313,GA,White/White,M,70,66.8,86.0,110,33.4,33.4,33.4,110,33.4,110,43.6,43.7,33.4 / 110,33.4 / 110
26313,GA,Yellow,M,70,63.1,82.2,103,31.7,31.5,31.7,103,31.5,103,41.2,41.1,31.7 / 103,31.5 / 103
26313,GA,Black/Black,M,70,57.4,75.0,95,28.7,28.7,28.7,95,28.7,95,37.5,37.5,28.7 / 95,28.7 / 95
26313,GA,Red/Red,F,70,64.0,87.2,102,32.0,32.0,32.0,102,32.0,102,44.1,44.1,32.0 / 102,32.0 / 102
26313,GA,Fuscia,F,70,59.7,80.8,91,29.9,29.9,29.9,89,29.9,89,40.4,40.4,29.9 / 89,29.9 / 89
26313,GA,Black/Black,F,70,59.6,80.6,89,29.8,29.8,29.8,89,29.8,89,40.3,40.3,29.8 / 89,29.8 / 89
9009,GA,White/White,M,70,67.8,90.2,121,33.9,33.9,33.9,121,33.9,121,45.1,45.1,33.9 / 121,33.9 / 121
9009,GA,Red/Front Red,M,70,64.5,83.5,115,32.3,32.2,32.3,116,32.2,113,43.1,42.7,32.3 / 116,32.2 / 113
9009,GA,White/White,F,70,73.0,104.0,131,36.5,36.5,36.5,131,36.5,131,52.0,52.0,36.5 / 131,36.5 / 131
9009,GA,Red/Front Red,F,70,68.6,96.6,119,34.7,33.9,34.7,120,33.9,118,48.8,47.8,34.7 / 120,33.9 / 118
9152,GA,I,M,71,74.0,100.0,140,36.3,37.7,36.3,140,37.7,140,49.3,50.7,36.3 / 140,37.7 / 140
9152,GA,II,M,71,72.0,97.6,138,35.2,36.8,35.2,138,36.8,138,48.0,49.6,35.2 / 138,36.8 / 138
9152,GA,Member,M,71,70.7,95.9,136,34.5,36.2,34.5,135,36.2,137,47.0,48.9,34.5 / 135,36.2 / 137
9152,GA,III,M,71,69.6,93.8,130,34.0,35.6,34.0,128,35.6,132,45.9,47.9,34.0 / 128,35.6 / 132
9152,GA,Senior Member,M,71,68.5,92.3,128,33.6,34.9,33.6,127,34.9,129,45.4,46.9,33.6 / 127,34.9 / 129
9152,GA,IV,M,71,67.6,91.2,127,33.0,34.6,33.0,126,34.6,128,44.7,46.5,33.0 / 126,34.6 / 128
9152,GA,V,M,71,64.4,86.9,121,31.4,33.0,31.4,117,33.0,125,42.3,44.6,31.4 / 117,33.0 / 125
9152,GA,III,F,71,75.5,107.8,137,36.9,38.6,36.9,134,38.6,140,52.7,55.1,36.9 / 134,38.6 / 140
9152,GA,IV,F,71,73.1,104.0,131,35.9,37.2,35.9,128,37.2,134,51.0,53.0,35.9 / 128,37.2 / 134
9152,GA,V,F,71,69.4,98.6,124,33.6,35.8,33.6,120,35.8,128,47.7,50.9,33.6 / 120,35.8 / 128
9152,GA,VI,F,71,65.0,91.9,114,31.5,33.5,31.5,110,33.5,118,44.5,47.4,31.5 / 110,33.5 / 118
36106,GA,Blue,M,72,73.7,99.7,140,36.7,37.0,36.7,138,37.0,142,49.5,50.2,36.7 / 138,37.0 / 142
36106,GA,Blue/White,M,72,72.2,97.5,136,35.9,36.3,35.9,133,36.3,139,48.3,49.2,35.9 / 133,36.3 / 139
36106,GA,White,M,72,70.6,95.1,132,35.3,35.3,35.3,131,35.3,132,47.5,47.6,35.3 / 131,35.3 / 132
36106,GA,White/Green,M,72,68.9,93.1,130,34.4,34.5,34.4,129,34.5,131,46.4,46.7,34.4 / 129,34.5 / 131
36106,GA,Green,M,72,67.0,90.6,127,33.4,33.6,33.4,127,33.6,127,45.2,45.4,33.4 / 127,33.6 / 127
36106,GA,Green/Copper,M,72,65.7,88.5,123,32.7,33.0,32.7,120,33.0,126,43.8,44.7,32.7 / 120,33.0 / 126
36106,GA,Copper,M,72,64.2,86.5,120,32.0,32.2,32.0,119,32.2,121,43.1,43.4,32.0 / 119,32.2 / 121
36106,GA,Green,F,72,72.0,102.7,130,35.8,36.2,35.8,128,36.2,132,50.9,51.8,35.8 / 128,36.2 / 132
36106,GA,Green/Copper,F,72,70.1,99.3,124,35.1,35.0,35.1,123,35.0,125,49.6,49.7,35.1 / 123,35.0 / 125
36106,GA,Copper,F,72,68.1,95.8,118,34.1,34.0,34.1,116,34.0,119,47.8,48.0,34.1 / 116,34.0 / 119
8962,GA,Black,M,72,73.3,98.4,135,37.0,36.3,37.0,138,36.3,132,49.8,48.6,37.0 / 138,36.3 / 132
8962,GA,Blue,M,72,71.8,96.4,132,35.7,36.1,35.7,132,36.1,132,48.0,48.4,35.7 / 132,36.1 / 132
8962,GA,White,M,72,69.8,92.6,123,35.1,34.7,35.1,122,34.7,124,46.4,46.2,35.1 / 122,34.7 / 124
8962,GA,Gold,M,72,66.5,88.0,116,33.6,32.9,33.6,114,32.9,117,44.2,43.8,33.6 / 114,32.9 / 117
8962,GA,Red,M,72,63.9,83.5,107,32.1,31.6,32.1,107,31.6,107,42.0,41.5,32.1 / 107,31.6 / 107
8962,GA,White,F,72,75.2,105.8,130,37.8,37.4,37.8,131,37.4,129,53.2,52.6,37.8 / 131,37.4 / 129
8962,GA,Gold,F,72,71.5,100.5,123,35.9,35.6,35.9,124,35.6,122,50.5,50.0,35.9 / 124,35.6 / 122
8962,GA,Red,F,72,68.6,97.2,116,34.5,34.0,34.5,114,34.0,118,48.0,47.9,34.5 / 114,34.0 / 118
9255,GA,Black,M,72,72.7,98.3,138,36.1,36.6,36.1,136,36.6,140,48.7,49.6,36.1 / 136,36.6 / 140
9255,GA,Gold,M,72,71.5,96.6,135,35.4,36.1,35.4,133,36.1,137,47.8,48.8,35.4 / 133,36.1 / 137
9255,GA,Blue,M,72,69.5,93.5,129,34.5,35.0,34.5,126,35.0,132,46.2,47.3,34.5 / 126,35.0 / 132
9255,GA,White,M,72,67.1,89.4,120,33.5,33.6,33.5,119,33.6,121,44.6,44.8,33.5 / 119,33.6 / 121
9255,GA,Red,M,72,64.7,85.9,114,32.9,31.8,32.9,114,31.8,114,43.5,42.4,32.9 / 114,31.8 / 114
9255,GA,Blue,F,72,75.4,107.2,135,37.3,38.1,37.3,135,38.1,135,53.2,54.0,37.3 / 135,38.1 / 135
9255,GA,White,F,72,71.8,102.2,129,36.2,35.6,36.2,129,35.6,129,51.4,50.8,36.2 / 129,35.6 / 129
9255,GA,Red,F,72,68.9,98.6,126,35.2,33.7,35.2,126,33.7,126,50.1,48.5,35.2 / 126,33.7 / 126
9256,GA,Black,M,72,74.2,100.6,142,37.3,36.9,37.3,142,36.9,142,50.5,50.1,37.3 / 142,36.9 / 142
9256,GA,Gold,M,72,72.3,98.3,140,36.4,35.9,36.4,140,35.9,140,49.4,48.9,36.4 / 140,35.9 / 140
9256,GA,Blue,M,72,70.4,94.4,129,35.1,35.3,35.1,129,35.3,129,47.1,47.3,35.1 / 129,35.3 / 129
9256,GA,White,M,72,67.3,89.6,120,33.9,33.4,33.9,119,33.4,121,45.0,44.6,33.9 / 119,33.4 / 121
9256,GA,Red,M,72,64.7,85.7,113,32.7,32.0,32.7,114,32.0,112,43.3,42.4,32.7 / 114,32.0 / 112
9256,GA,Blue,F,72,75.2,107.3,136,37.6,37.6,37.6,132,37.6,140,53.2,54.1,37.6 / 132,37.6 / 140
9256,GA,White,F,72,71.9,102.6,130,36.2,35.7,36.2,127,35.7,133,51.2,51.4,36.2 / 127,35.7 / 133
9256,GA,Red,F,72,69.0,98.0,123,35.0,34.0,35.0,120,34.0,126,49.1,48.9,35.0 / 120,34.0 / 126
9154,GA,Blue,M,72,71.2,95.2,129,35.8,35.4,35.8,128,35.4,130,47.7,47.5,35.8 / 128,35.4 / 130
9154,GA,White,M,72,69.7,92.7,124,35.0,34.7,35.0,122,34.7,126,46.3,46.4,35.0 / 122,34.7 / 126
9154,GA,Gold,M,72,67.0,88.6,116,33.9,33.1,33.9,114,33.1,118,44.5,44.1,33.9 / 114,33.1 / 118
9154,GA,Red,M,72,65.2,85.8,111,32.8,32.4,32.8,109,32.4,113,42.9,42.9,32.8 / 109,32.4 / 113
9154,GA,Super Senior,M,72,60.0,76.1,97,29.8,30.2,29.8,86,30.2,82,37.8,37.8,29.8 / 86,30.2 / 82
9154,GA,White,F,72,75.1,106.5,133,37.7,37.4,37.7,134,37.4,132,53.5,53.0,37.7 / 134,37.4 / 132
9154,GA,Gold,F,72,71.2,100.9,126,35.5,35.7,35.5,124,35.7,128,50.1,50.8,35.5 / 124,35.7 / 128
9154,GA,Red,F,72,68.3,96.6,121,34.0,34.3,34.0,117,34.3,123,47.8,48.8,34.0 / 117,34.3 / 123
9154,GA,Super Senior,F,72,60.4,83.5,98,30.0,30.4,30.0,96,30.4,100,41.3,42.2,30.0 / 96,30.4 / 100
9133,GA,Blue,M,72,71.6,95.2,127,35.6,36.0,35.6,126,36.0,128,47.3,47.9,35.6 / 126,36.0 / 128
9133,GA,White,M,72,70.6,93.8,125,35.2,35.4,35.2,124,35.4,126,46.7,47.1,35.2 / 124,35.4 / 126
9133,GA,Gold,M,72,69.3,91.9,122,34.6,34.7,34.6,121,34.7,123,45.8,46.1,34.6 / 121,34.7 / 123
9133,GA,Silver,M,72,66.7,88.1,115,33.3,33.4,33.3,116,33.4,114,44.1,44.0,33.3 / 116,33.4 / 114
9133,GA,Red,M,72,63.8,84.2,110,32.0,31.8,32.0,112,31.8,108,42.4,41.8,32.0 / 112,31.8 / 108
9133,GA,White,F,72,76.7,108.7,136,38.3,38.4,38.3,136,38.4,136,54.3,54.4,38.3 / 136,38.4 / 136
9133,GA,Gold,F,72,74.9,106.3,133,37.4,37.5,37.4,133,37.5,133,53.1,53.2,37.4 / 133,37.5 / 133
9133,GA,Silver,F,72,71.8,101.5,126,36.1,35.7,36.1,126,35.7,126,51.0,50.5,36.1 / 126,35.7 / 126
9133,GA,Red,F,72,68.9,96.5,117,34.7,34.2,34.7,122,34.2,112,49.1,47.4,34.7 / 122,34.2 / 112
9012,GA,Black,M,72,74.0,99.4,137,36.8,37.2,36.8,140,37.2,133,49.8,49.6,36.8 / 140,37.2 / 133
9012,GA,Blue,M,72,72.0,96.6,132,35.9,36.1,35.9,134,36.1,130,48.4,48.2,35.9 / 134,36.1 / 130
9012,GA,Tournament,M,72,70.9,95.3,131,35.3,35.6,35.3,133,35.6,129,47.7,47.6,35.3 / 133,35.6 / 129
9012,GA,White,M,72,70.4,94.6,130,35.0,35.4,35.0,132,35.4,128,47.3,47.3,35.0 / 132,35.4 / 128
9012,GA,Gold,M,72,67.6,89.9,120,33.6,34.0,33.6,122,34.0,118,44.9,45.0,33.6 / 122,34.0 / 118
9012,GA,Red,M,72,65.7,86.9,114,32.5,33.2,32.5,114,33.2,114,43.1,43.8,32.5 / 114,33.2 / 114
9012,GA,Green,M,72,60.0,79.2,103,30.0,30.0,30.0,104,30.0,102,39.7,39.5,30.0 / 104,30.0 / 102
9012,GA,Blue,F,72,77.6,111.1,142,38.4,39.2,38.4,145,39.2,139,55.5,55.6,38.4 / 145,39.2 / 139
9012,GA,White,F,72,76.2,108.5,137,37.8,38.4,37.8,140,38.4,134,54.3,54.2,37.8 / 140,38.4 / 134
9012,GA,Gold,F,72,73.3,104.2,131,36.4,36.9,36.4,134,36.9,128,52.2,52.0,36.4 / 134,36.9 / 128
9012,GA,Red,F,72,69.9,98.9,123,34.5,35.4,34.5,125,35.4,121,49.2,49.7,34.5 / 125,35.4 / 121
9012,GA,Red/Green,F,72,66.1,93.2,115,34.5,31.6,34.5,125,31.6,105,49.2,44.0,34.5 / 125,31.6 / 105
9012,GA,Green,F,72,62.3,87.6,107,30.7,31.6,30.7,109,31.6,105,43.6,44.0,30.7 / 109,31.6 / 105
9190,GA,Gold/Black,M,72,74.1,99.5,137,36.3,37.8,36.3,135,37.8,139,48.8,50.7,36.3 / 135,37.8 / 139
9190,GA,Black,M,72,72.7,97.4,133,35.7,37.0,35.7,131,37.0,135,47.9,49.5,35.7 / 131,37.0 / 135
9190,GA,Red,M,72,69.9,93.7,128,34.8,35.1,34.8,126,35.1,130,46.5,47.2,34.8 / 126,35.1 / 130
9190,GA,White,M,72,67.7,90.7,124,34.1,33.6,34.1,123,33.6,125,45.5,45.2,34.1 / 123,33.6 / 125
9190,GA,Blue,M,72,66.1,88.1,118,33.1,33.0,33.1,118,33.0,118,44.1,44.0,33.1 / 118,33.0 / 118
9190,GA,Red,F,73,76.2,108.6,137,37.5,38.7,37.5,132,38.7,142,53.1,55.5,37.5 / 132,38.7 / 142
9190,GA,White,F,72,73.9,104.6,130,37.1,36.8,37.1,127,36.8,133,52.1,52.5,37.1 / 127,36.8 / 133
9190,GA,Blue,F,72,71.4,100.9,125,35.7,35.7,35.7,122,35.7,128,50.1,50.8,35.7 / 122,35.7 / 128
8958,GA,Gold,M,72,73.5,96.4,141,37.0,36.5,37.0,143,36.5,139,50.4,49.5,37.0 / 143,36.5 / 139
8958,GA,Blue,M,72,72.2,96.5,137,36.5,35.7,36.5,136,35.7,135,49.1,48.2,36.5 / 136,35.7 / 135
8958,GA,Silver,M,72,71.0,93.7,134,35.7,35.3,35.7,136,35.3,132,48.3,47.6,35.7 / 136,35.3 / 132
8958,GA,White,M,72,69.9,90.5,131,35.3,34.6,35.3,133,34.6,129,47.7,46.6,35.3 / 133,34.6 / 129
8958,GA,Black,M,72,68.1,88.6,124,32.4,33.9,32.4,125,33.9,123,44.0,45.2,32.4 / 125,33.9 / 123
8958,GA,Green,M,72,66.4,87.9,117,33.4,33.0,33.4,112,33.0,113,43.8,43.4,33.4 / 112,33.0 / 113
8958,GA,White,F,72,75.8,104.9,141,38.2,37.6,38.2,140,37.6,133,54.8,53.2,38.2 / 140,37.6 / 133
8958,GA,Black,F,72,73.2,101.1,137,36.9,36.3,36.9,139,36.3,135,53.2,52.1,36.9 / 139,36.3 / 135
8958,GA,Green,F,72,71.3,98.4,133,36.0,35.3,36.0,135,35.3,130,51.9,50.7,36.0 / 135,35.3 / 130
8958,GA,Red,F,72,70.2,99.6,128,35.4,34.8,35.4,130,34.8,126,50.7,49.7,35.4 / 130,34.8 / 126
13990,GA,Black,M,72,75.8,102.9,146,37.8,38.0,37.8,140,38.0,152,50.8,52.1,37.8 / 140,38.0 / 152
13990,GA,Blue,M,72,72.9,98.9,140,36.3,36.6,36.3,139,36.6,141,49.2,49.7,36.3 / 139,36.6 / 141
13990,GA,Blue/Green,M,72,72.1,97.3,136,36.1,36.0,36.1,134,36.0,138,48.5,48.8,36.1 / 134,36.0 / 138
13990,GA,Green,M,72,71.3,96.2,134,35.7,35.6,35.7,132,35.6,136,48.0,48.2,35.7 / 132,35.6 / 136
13990,GA,Green/White,M,72,70.5,95.1,132,35.2,35.3,35.2,130,35.3,134,47.3,47.8,35.2 / 130,35.3 / 134
13990,GA,White,M,72,69.3,93.0,128,34.8,34.5,34.8,125,34.5,130,46.4,46.6,34.8 / 125,34.5 / 130
13990,GA,White/Silver,M,72,68.6,92.0,126,34.2,34.4,34.2,124,34.4,128,45.7,46.3,34.2 / 124,34.4 / 128
13990,GA,Silver,M,72,67.0,89.8,123,33.5,33.5,33.5,122,33.5,124,44.8,45.0,33.5 / 122,33.5 / 124
13990,GA,Gold,M,72,65.1,86.3,114,33.0,32.1,33.0,113,32.1,115,43.5,42.8,33.0 / 113,32.1 / 115
13990,GA,Forward,M,72,61.8,80.8,102,30.6,31.2,30.6,100,31.2,104,39.9,40.9,30.6 / 100,31.2 / 104
13990,GA,Green,F,72,77.3,110.8,142,38.6,38.7,38.6,142,38.7,142,55.4,55.4,38.6 / 142,38.7 / 142
13990,GA,Green/White,F,72,76.4,109.2,139,38.0,38.4,38.0,138,38.4,140,54.3,54.9,38.0 / 138,38.4 / 140
13990,GA,White,F,72,75.0,108.2,141,37.1,37.9,37.1,142,37.9,139,53.9,54.3,37.1 / 142,37.9 / 139
13990,GA,Silver,F,72,72.3,103.4,132,35.9,36.4,35.9,133,36.4,131,51.6,51.8,35.9 / 133,36.4 / 131
13990,GA,Gold,F,72,70.4,100.1,126,34.7,35.7,34.7,128,35.7,124,49.8,50.3,34.7 / 128,35.7 / 124
13990,GA,Forward,F,72,65.5,91.9,112,32.4,33.1,32.4,110,33.1,114,45.4,46.5,32.4 / 110,33.1 / 114
9035,GA,Blue/Blue,M,72,69.8,92.4,122,34.9,34.9,34.9,122,34.9,122,46.2,46.2,34.9 / 122,34.9 / 122
9035,GA,White/Blue,M,72,69.2,89.6,120,34.3,34.9,34.3,118,34.9,122,45.3,46.2,34.3 / 118,34.9 / 122
9035,GA,White/White,M,72,68.6,90.6,118,34.3,34.3,34.3,118,34.3,118,45.3,45.3,34.3 / 118,34.3 / 118
9035,GA,Gold/Gold,M,72,65.5,86.0,111,32.6,32.9,32.6,110,32.9,111,42.8,43.2,32.6 / 110,32.9 / 111
9035,GA,Red/Red,M,72,60.3,78.8,99,30.2,30.2,30.2,99,30.2,99,39.4,39.4,30.2 / 99,30.2 / 99
9035,GA,Red/Red,F,72,65.4,89.6,103,32.7,32.7,32.7,103,32.7,103,44.8,44.8,32.7 / 103,32.7 / 103
9234,GA,Blue,M,72,72.6,97.0,131,36.4,36.2,36.4,130,36.2,132,48.5,48.5,36.4 / 130,36.2 / 132
9234,GA,White,M,72,71.0,94.8,128,35.5,35.5,35.5,126,35.5,130,47.2,47.6,35.5 / 126,35.5 / 130
9234,GA,Gold,M,72,67.2,89.9,122,33.6,33.6,33.6,119,33.6,125,44.7,45.2,33.6 / 119,33.6 / 125
9234,GA,Black,M,72,65.0,86.8,117,32.4,32.6,32.4,115,32.6,119,43.1,43.7,32.4 / 115,32.6 / 119
9234,GA,Green,M,72,61.6,82.4,112,30.9,30.7,30.9,113,30.7,111,41.4,41.0,30.9 / 113,30.7 / 111
9234,GA,White,F,72,77.2,109.3,136,38.3,38.9,38.3,133,38.9,139,54.0,55.3,38.3 / 133,38.9 / 139
9234,GA,Gold,F,72,72.7,102.7,127,36.1,36.6,36.1,123,36.6,131,50.6,52.1,36.1 / 123,36.6 / 131
9234,GA,Red,F,72,69.4,97.5,119,34.5,34.9,34.5,115,34.9,123,48.1,49.4,34.5 / 115,34.9 / 123
9234,GA,Green,F,72,64.4,91.0,113,32.2,32.2,32.2,114,32.2,112,45.6,45.4,32.2 / 114,32.2 / 112
24013,GA,Persimmon,M,72,74.0,101.8,150,36.9,37.1,36.9,150,37.1,150,50.8,51.0,36.9 / 150,37.1 / 150
24013,GA,River,M,72,72.7,100.2,148,36.1,36.6,36.1,147,36.6,149,49.8,50.4,36.1 / 147,36.6 / 149
24013,GA,Black,M,72,71.2,97.4,146,35.4,35.8,35.4,145,35.8,147,48.9,49.5,35.4 / 145,35.8 / 147
24013,GA,Blue,M,72,69.5,95.9,142,34.9,34.6,34.9,143,34.6,141,48.2,47.7,34.9 / 143,34.6 / 141
24013,GA,Mountain,M,72,68.5,94.2,139,34.2,34.3,34.2,140,34.3,137,47.2,47.0,34.2 / 140,34.3 / 137
24013,GA,White,M,72,66.7,91.3,132,33.2,33.5,33.2,131,33.5,133,45.4,45.9,33.2 / 131,33.5 / 133
24013,GA,Valley,M,72,64.5,88.9,131,31.7,32.8,31.7,129,32.8,133,43.7,45.2,31.7 / 129,32.8 / 133
24013,GA,Lavender,M,72,63.7,97.6,129,31.1,32.6,31.1,126,32.6,131,42.8,44.8,31.1 / 126,32.6 / 131
24013,GA,Black,F,72,76.9,112.1,150,38.3,38.6,38.3,148,38.6,151,55.7,56.4,38.3 / 148,38.6 / 151
24013,GA,Blue,F,72,75.2,109.4,145,37.5,37.7,37.5,144,37.7,146,54.5,54.9,37.5 / 144,37.7 / 146
24013,GA,White,F,72,71.6,104.2,138,35.6,36.0,35.6,137,36.0,139,51.8,52.4,35.6 / 137,36.0 / 139
24013,GA,Valley,F,72,68.4,98.1,126,33.9,34.5,33.9,120,34.5,132,48.1,50.1,33.9 / 120,34.5 / 132
24013,GA,Lavender,F,72,67.5,96.7,124,32.7,34.8,32.7,119,34.8,129,46.7,50.0,32.7 / 119,34.8 / 129
8974,GA,Brown,M,72,75.7,101.5,139,38.0,37.7,38.0,138,37.7,140,50.8,50.7,38.0 / 138,37.7 / 140
8974,GA,Black,M,72,74.1,99.3,136,37.2,36.9,37.2,135,36.9,137,49.7,49.6,37.2 / 135,36.9 / 137
8974,GA,Blue,M,72,70.9,94.9,129,35.3,35.6,35.3,127,35.6,131,47.1,47.8,35.3 / 127,35.6 / 131
8974,GA,White,M,72,68.1,91.1,124,34.0,34.1,34.0,121,34.1,127,45.2,45.9,34.0 / 121,34.1 / 127
8974,GA,Yellow,M,72,64.5,85.9,115,32.3,32.2,32.3,112,32.2,118,42.7,43.2,32.3 / 112,32.2 / 118
8974,GA,White,F,72,73.6,105.4,135,36.6,37.0,36.6,134,37.0,136,52.4,53.0,36.6 / 134,37.0 / 136
8974,GA,Yellow,F,72,69.2,97.2,119,34.4,34.8,34.4,118,34.8,120,48.3,48.9,34.4 / 118,34.8 / 120
8974,GA,Red,F,72,66.3,92.7,112,33.2,33.1,33.2,112,33.1,112,46.4,46.3,33.2 / 112,33.1 / 112
8974,GA,Silver,F,71,65.0,91.0,110,32.5,32.5,32.5,109,32.5,111,45.4,45.6,32.5 / 109,32.5 / 111
8939,GA,Black,M,71,72.2,97.6,137,36.3,35.9,36.3,141,35.9,132,49.4,48.2,36.3 / 141,35.9 / 132
8939,GA,Blue,M,71,70.2,94.7,132,35.2,35.0,35.2,131,35.0,132,47.4,47.3,35.2 / 131,35.0 / 132
8939,GA,Member,M,71,69.5,94.4,128,34.6,34.9,34.6,129,34.9,128,46.7,46.8,34.6 / 129,34.9 / 128
8939,GA,White,M,71,68.0,91.6,124,34.2,33.8,34.2,126,33.8,123,45.8,45.3,34.2 / 126,33.8 / 123
8939,GA,Silver,M,71,66.0,88.7,119,32.8,33.2,32.8,120,33.2,118,44.0,44.2,32.8 / 120,33.2 / 118
8939,GA,Green,M,71,64.0,85.4,115,31.8,32.2,31.8,114,32.2,116,42.5,42.9,31.8 / 114,32.2 / 116
8939,GA,Member,F,71,75.0,105.9,139,37.3,37.7,37.3,140,37.7,138,53.7,53.8,37.3 / 140,37.7 / 138
8939,GA,Blue,F,71,74.6,105.4,137,37.4,37.2,37.4,137,37.2,136,53.5,53.2,37.4 / 137,37.2 / 136
8939,GA,White,F,71,73.5,104.9,133,37.3,36.2,37.3,134,36.2,132,53.1,51.8,37.3 / 134,36.2 / 132
8939,GA,Silver,F,71,71.1,100.2,125,35.6,35.5,35.6,121,35.5,126,49.8,50.4,35.6 / 121,35.5 / 126
8939,GA,Green,F,71,69.0,96.6,120,34.5,34.5,34.5,119,34.5,120,48.4,48.5,34.5 / 119,34.5 / 120
9103,GA,Gold,M,72,73.5,98.4,134,36.6,36.9,36.6,133,36.9,135,49.0,49.4,36.6 / 133,36.9 / 135
9103,GA,Gold/Blue,M,72,72.0,96.4,131,35.8,36.2,35.8,130,36.2,132,47.9,48.5,35.8 / 130,36.2 / 132
9103,GA,Blue,M,72,70.6,94.4,128,35.3,35.3,35.3,128,35.3,128,47.2,47.2,35.3 / 128,35.3 / 128
9103,GA,Blue/White,M,72,69.0,91.8,123,34.5,34.5,34.5,122,34.5,124,45.8,46.0,34.5 / 122,34.5 / 124
9103,GA,White,M,72,68.1,90.1,118,34.1,34.0,34.1,118,34.0,118,45.1,45.0,34.1 / 118,34.0 / 118
9103,GA,White/Green,M,72,66.9,88.3,115,33.5,33.4,33.5,116,33.4,114,44.3,44.0,33.5 / 116,33.4 / 114
9103,GA,Green,M,72,65.6,86.4,112,33.1,32.5,33.1,112,32.5,112,43.5,42.9,33.1 / 112,32.5 / 112
9103,GA,Red,M,72,62.9,82.9,108,31.6,31.3,31.6,108,31.3,108,41.6,41.3,31.6 / 108,31.3 / 108
9103,GA,Blue,F,72,76.8,108.9,136,38.2,38.6,38.2,134,38.6,138,54.0,54.9,38.2 / 134,38.6 / 138
9103,GA,White,F,72,73.2,103.7,129,36.4,36.8,36.4,126,36.8,132,51.3,52.4,36.4 / 126,36.8 / 132
9103,GA,Green,F,72,70.4,99.4,123,35.5,34.9,35.5,123,34.9,123,50.0,49.4,35.5 / 123,34.9 / 123
9103,GA,Red,F,72,66.9,94.0,115,33.7,33.2,33.7,113,33.2,117,47.0,47.0,33.7 / 113,33.2 / 117
9103,GA,Orange,F,72,64.5,90.4,110,32.5,32.0,32.5,112,32.0,108,45.7,44.7,32.5 / 112,32.0 / 108
9103,GA,Family,F,72,62.9,87.8,106,31.7,31.2,31.7,109,31.2,103,44.5,43.3,31.7 / 109,31.2 / 103
13982,GA,Championship,M,72,76.0,102.5,143,37.7,38.3,37.7,145,38.3,140,51.2,51.3,37.7 / 145,38.3 / 140
13982,GA,Peachtree,M,72,74.7,100.7,140,37.2,37.5,37.2,143,37.5,137,50.5,50.2,37.2 / 143,37.5 / 137
13982,GA,Medal,M,72,72.7,98.0,136,36.2,36.5,36.2,138,36.5,134,49.0,49.0,36.2 / 138,36.5 / 134
13982,GA,Mix,M,72,71.6,96.3,134,35.7,35.9,35.7,136,35.9,131,48.2,48.1,35.7 / 136,35.9 / 131
13982,GA,Member,M,72,70.7,95.0,132,35.3,35.4,35.3,134,35.4,129,47.7,47.3,35.3 / 134,35.4 / 129
13982,GA,Senior,M,72,68.6,92.1,129,34.2,34.4,34.2,131,34.4,127,46.4,46.2,34.2 / 131,34.4 / 127
13982,GA,Forward,M,72,65.4,88.4,124,32.5,32.9,32.5,126,32.9,122,44.2,44.2,32.5 / 126,32.9 / 122
13982,GA,Member,F,73,76.4,109.4,140,37.9,38.5,37.9,136,38.5,144,53.9,55.5,37.9 / 136,38.5 / 144
13982,GA,Forward,F,73,71.0,101.2,128,35.4,35.6,35.4,127,35.6,129,50.4,50.8,35.4 / 127,35.6 / 129
9238,GA,Championship,M,72,74.9,102.5,149,37.5,37.4,37.5,149,37.4,149,51.3,51.2,37.5 / 149,37.4 / 149
9238,GA,Piedmont,M,72,73.6,100.8,146,36.8,36.8,36.8,146,36.8,146,50.4,50.4,36.8 / 146,36.8 / 146
9238,GA,Medal,M,72,72.5,99.1,143,36.3,36.2,36.3,143,36.2,143,49.6,49.5,36.3 / 143,36.2 / 143
9238,GA,Member,M,72,71.3,96.9,138,35.7,35.6,35.7,138,35.6,138,48.5,48.4,35.7 / 138,35.6 / 138
9238,GA,Kingsbery,M,72,70.2,95.1,134,35.3,34.9,35.3,135,34.9,133,47.8,47.3,35.3 / 135,34.9 / 133
9238,GA,Forward,M,72,69.3,93.5,130,34.7,34.6,34.7,130,34.6,130,46.8,46.7,34.7 / 130,34.6 / 130
9238,GA,Gold,M,72,64.3,86.6,120,32.3,32.0,32.3,119,32.0,121,43.4,43.2,32.3 / 119,32.0 / 121
9238,GA,Member,F,72,77.8,112.0,145,39.1,38.7,39.1,143,38.7,147,56.0,56.0,39.1 / 143,38.7 / 147
9238,GA,Forward,F,72,74.8,107.5,139,37.5,37.3,37.5,137,37.3,141,53.6,53.9,37.5 / 137,37.3 / 141
9238,GA,Ladies Championship,F,72,71.0,101.7,130,35.8,35.2,35.8,128,35.2,132,50.9,50.8,35.8 / 128,35.2 / 132
9238,GA,Gold,F,72,68.7,98.4,126,34.5,34.2,34.5,125,34.2,127,49.2,49.2,34.5 / 125,34.2 / 127
9153,GA,Blue,M,72,71.2,94.2,124,35.9,35.3,35.9,123,35.3,125,47.3,46.9,35.9 / 123,35.3 / 125
9153,GA,White,M,72,69.7,92.5,123,35.2,34.5,35.2,122,34.5,124,46.5,46.0,35.2 / 122,34.5 / 124
9153,GA,Gold,M,72,66.4,87.2,112,33.6,32.8,33.6,112,32.8,112,44.0,43.2,33.6 / 112,32.8 / 112
9153,GA,Red,M,72,65.6,86.0,110,32.9,32.7,32.9,110,32.7,110,43.1,42.9,32.9 / 110,32.7 / 110
9153,GA,White,F,72,75.2,106.3,132,37.9,37.3,37.9,129,37.3,135,53.1,53.2,37.9 / 129,37.3 / 135
9153,GA,Gold,F,72,71.7,101.1,125,36.2,35.5,36.2,124,35.5,126,50.8,50.3,36.2 / 124,35.5 / 126
9153,GA,Red,F,72,70.2,98.6,120,35.4,34.8,35.4,120,34.8,120,49.6,49.0,35.4 / 120,34.8 / 120
17965,GA,Blue/Blue,M,72,69.0,90.4,115,34.5,34.5,34.5,115,34.5,115,45.2,45.2,34.5 / 115,34.5 / 115
17965,GA,Blue/White,M,72,68.5,89.7,114,34.5,34.0,34.5,115,34.0,113,45.2,44.5,34.5 / 115,34.0 / 113
17965,GA,White/White,M,72,68.0,89.0,113,34.0,34.0,34.0,113,34.0,113,44.5,44.5,34.0 / 113,34.0 / 113
17965,GA,White/Gold,M,72,67.2,87.8,111,34.0,33.2,34.0,113,33.2,109,44.5,43.3,34.0 / 113,33.2 / 109
17965,GA,Gold/Gold,M,72,66.4,86.6,109,33.2,33.2,33.2,109,33.2,109,43.3,43.3,33.2 / 109,33.2 / 109
17965,GA,Gold/Red,M,72,64.8,84.5,106,33.2,31.6,33.2,109,31.6,103,43.3,41.2,33.2 / 109,31.6 / 103
17965,GA,Gold/Gold,F,72,71.6,100.2,121,35.8,35.8,35.8,121,35.8,121,50.1,50.1,35.8 / 121,35.8 / 121
17965,GA,Gold/Red,F,72,69.6,97.2,117,35.8,33.8,35.8,121,33.8,113,50.1,47.1,35.8 / 121,33.8 / 113
17965,GA,Red/Red,F,72,67.6,94.2,113,33.8,33.8,33.8,113,33.8,113,47.1,47.1,33.8 / 113,33.8 / 113
9215,GA,Blue,M,71,70.0,94.4,131,35.7,34.3,35.7,130,34.3,132,47.8,46.6,35.7 / 130,34.3 / 132
9215,GA,White,M,71,68.8,92.6,128,35.1,33.7,35.1,127,33.7,129,46.9,45.7,35.1 / 127,33.7 / 129
9215,GA,Black,M,71,65.7,87.5,117,33.2,32.5,33.2,116,32.5,118,44.0,43.5,33.2 / 116,32.5 / 118
9215,GA,Red,M,71,64.1,85.5,115,32.4,31.7,32.4,115,31.7,115,43.1,42.4,32.4 / 115,31.7 / 115
9215,GA,Gold-2,M,71,60.6,80.3,106,30.4,30.2,30.4,104,30.2,108,40.1,40.2,30.4 / 104,30.2 / 108
9215,GA,Blue-1,M,71,57.6,75.6,97,28.8,28.8,28.8,95,28.8,99,37.6,38.0,28.8 / 95,28.8 / 99
9215,GA,Black,F,71,71.1,101.0,127,35.8,35.3,35.8,125,35.3,129,50.5,50.5,35.8 / 125,35.3 / 129
9215,GA,Red,F,71,69.7,98.4,122,35.3,34.4,35.3,120,34.4,124,49.4,49.0,35.3 / 120,34.4 / 124
9215,GA,Gold-2,F,71,63.8,90.9,115,31.8,32.0,31.8,114,32.0,116,45.2,45.7,31.8 / 114,32.0 / 116
9215,GA,Blue-1,F,71,58.3,82.0,101,29.1,29.2,29.1,100,29.2,101,40.9,41.1,29.1 / 100,29.2 / 101
8993,GA,Championship,M,72,75.2,102.3,146,37.3,37.9,37.3,143,37.9,149,50.6,51.7,37.3 / 143,37.9 / 149
8993,GA,Players,M,72,74.1,100.5,142,36.7,37.4,36.7,140,37.4,144,49.7,50.8,36.7 / 140,37.4 / 144
8993,GA,Medal,M,72,73.0,98.8,139,36.3,36.7,36.3,137,36.7,141,49.0,49.8,36.3 / 137,36.7 / 141
8993,GA,Challenge,M,72,72.2,97.6,137,35.9,36.3,35.9,135,36.3,139,48.4,49.2,35.9 / 135,36.3 / 139
8993,GA,Three Up,M,72,71.9,97.0,135,35.7,36.2,35.7,133,36.2,137,48.1,48.9,35.7 / 133,36.2 / 137
8993,GA,Tradition,M,72,71.6,96.3,133,35.6,36.0,35.6,131,36.0,135,47.8,48.5,35.6 / 131,36.0 / 135
8993,GA,Club,M,72,70.5,94.5,129,34.8,35.7,34.8,127,35.7,131,46.6,47.9,34.8 / 127,35.7 / 131
8993,GA,One Up,M,72,70.0,93.6,127,34.7,35.3,34.7,129,35.3,125,46.7,46.9,34.7 / 129,35.3 / 125
8993,GA,Trophy,M,72,68.9,91.7,123,34.4,34.5,34.4,121,34.5,125,45.6,46.1,34.4 / 121,34.5 / 125
8993,GA,Forward,M,72,66.5,88.8,120,32.8,33.7,32.8,119,33.7,121,43.9,44.9,32.8 / 119,33.7 / 121
8993,GA,Family Gold,M,72,59.8,78.5,101,29.7,30.1,29.7,99,30.1,102,38.9,39.6,29.7 / 99,30.1 / 102
8993,GA,Medal,F,72,79.0,114.2,149,39.3,39.7,39.3,149,39.7,149,56.9,57.3,39.3 / 149,39.7 / 149
8993,GA,Challenge,F,72,78.2,112.4,145,39.1,39.1,39.1,145,39.1,145,56.2,56.2,39.1 / 145,39.1 / 145
8993,GA,Tradition,F,72,77.4,110.6,141,38.6,38.8,38.6,141,38.8,141,55.2,55.4,38.6 / 141,38.8 / 141
8993,GA,Club,F,72,75.6,108.4,139,37.6,38.0,37.6,139,38.0,139,54.0,54.4,37.6 / 139,38.0 / 139
8993,GA,One Up,F,72,75.0,107.6,138,37.3,37.7,37.3,138,37.7,138,53.6,54.0,37.3 / 138,37.7 / 138
8993,GA,Trophy,F,72,73.9,105.4,134,36.8,37.1,36.8,132,37.1,136,52.4,53.1,36.8 / 132,37.1 / 136
8993,GA,Forward,F,72,71.4,102.3,131,35.1,36.3,35.1,130,36.3,132,50.4,51.9,35.1 / 130,36.3 / 132
8993,GA,Family Gold,F,72,63.2,88.2,106,31.5,31.7,31.5,105,31.7,107,43.9,44.3,31.5 / 105,31.7 / 107
9239,GA,I,M,72,74.7,101.5,144,37.0,37.7,37.0,141,37.7,147,50.1,51.4,37.0 / 141,37.7 / 147
9239,GA,I/II - Planterra,M,72,73.5,99.6,141,36.5,37.0,36.5,138,37.0,143,49.3,50.3,36.5 / 138,37.0 / 143
9239,GA,II,M,72,72.1,97.7,138,35.7,36.4,35.7,137,36.4,139,48.4,49.3,35.7 / 137,36.4 / 139
9239,GA,II/III - Peachtree,M,72,71.2,96.5,137,35.5,35.7,35.5,136,35.7,137,48.1,48.4,35.5 / 136,35.7 / 137
9239,GA,III,M,72,70.2,95.2,135,34.9,35.3,34.9,135,35.3,135,47.4,47.8,34.9 / 135,35.3 / 135
9239,GA,III/IV - Kedron,M,72,68.7,92.8,129,34.2,34.4,34.2,128,34.4,130,46.1,46.5,34.2 / 128,34.4 / 130
9239,GA,IV,M,72,67.2,89.8,122,33.8,33.4,33.8,123,33.4,121,45.2,44.6,33.8 / 123,33.4 / 121
9239,GA,IV/V - McIntosh,M,72,66.0,88.2,119,33.3,32.7,33.3,122,32.7,117,44.6,43.6,33.3 / 122,32.7 / 117
9239,GA,V,M,72,64.8,86.2,115,32.5,32.3,32.5,116,32.3,114,43.3,42.9,32.5 / 116,32.3 / 114
9239,GA,V/VI - Line Creek,M,72,62.5,83.3,112,31.3,31.2,31.3,114,31.2,110,41.9,41.4,31.3 / 114,31.2 / 110
9239,GA,VI,M,72,60.6,81.7,108,30.4,30.2,30.4,108,30.2,108,40.4,40.2,30.4 / 108,30.2 / 108
9239,GA,III,F,72,76.7,109.2,138,38.2,38.5,38.2,136,38.5,140,54.2,55.0,38.2 / 136,38.5 / 140
9239,GA,III/IV - Kedron,F,72,74.7,106.1,133,37.4,37.3,37.4,132,37.3,134,53.0,53.1,37.4 / 132,37.3 / 134
9239,GA,IV,F,72,72.9,103.3,129,36.7,36.2,36.7,128,36.2,130,51.8,51.5,36.7 / 128,36.2 / 130
9239,GA,IV/V - McIntosh,F,72,71.1,100.9,126,36.1,35.0,36.1,126,35.0,126,51.0,49.9,36.1 / 126,35.0 / 126
9239,GA,V,F,72,69.4,98.2,122,34.7,34.7,34.7,121,34.7,123,49.0,49.2,34.7 / 121,34.7 / 123
9239,GA,V/VI - Line Creek,F,72,67.9,95.7,118,34.0,33.9,34.0,119,33.9,117,48.0,47.7,34.0 / 119,33.9 / 117
9239,GA,VI,F,72,66.4,93.3,114,33.3,33.1,33.3,115,33.1,113,46.9,46.4,33.3 / 115,33.1 / 113
9246,GA,Blue,M,71,70.0,92.5,121,34.5,35.5,34.5,120,35.5,122,45.7,46.8,34.5 / 120,35.5 / 122
9246,GA,White,M,71,69.0,89.3,114,33.6,34.5,33.6,113,34.5,115,44.1,45.2,33.6 / 113,34.5 / 115
9246,GA,Gold,M,71,66.5,87.6,110,32.8,33.3,32.8,109,33.3,111,42.9,43.6,32.8 / 109,33.3 / 111
9246,GA,Gold,F,71,71.2,99.6,118,35.1,35.8,35.1,116,35.8,120,48.8,49.9,35.1 / 116,35.8 / 120
9246,GA,Red,F,71,66.9,93.3,108,33.1,33.1,33.1,108,33.1,108,45.8,45.8,33.1 / 108,33.1 / 108
14723,GA,Black,M,72,72.7,99.3,143,36.5,36.2,36.5,144,36.2,142,49.9,49.4,36.5 / 144,36.2 / 142
14723,GA,Joe Lee,M,72,72.2,98.2,140,36.1,36.1,36.1,140,36.1,140,49.1,49.1,36.1 / 140,36.1 / 140
14723,GA,Blue,M,72,71.6,97.2,138,35.8,35.8,35.8,138,35.8,138,48.6,48.6,35.8 / 138,35.8 / 138
14723,GA,White,M,72,70.4,95.6,136,35.2,35.2,35.2,136,35.2,136,47.8,47.8,35.2 / 136,35.2 / 136
14723,GA,Senior,M,72,68.8,93.2,131,34.3,34.5,34.3,131,34.5,131,46.5,46.7,34.3 / 131,34.5 / 131
14723,GA,Gold,M,72,67.8,90.8,124,33.6,34.2,33.6,124,34.2,124,45.1,45.7,33.6 / 124,34.2 / 124
14723,GA,Green,M,72,65.7,87.7,118,33.0,32.7,33.0,119,32.7,117,44.1,43.6,33.0 / 119,32.7 / 117
14723,GA,Family,M,72,62.2,82.8,111,31.4,30.8,31.4,112,30.8,110,41.8,41.0,31.4 / 112,30.8 / 110
14723,GA,White,F,72,76.7,110.9,145,38.5,38.2,38.5,145,38.2,145,55.6,55.3,38.5 / 145,38.2 / 145
14723,GA,Gold,F,72,73.0,104.4,133,36.3,36.7,36.3,133,36.7,133,52.0,52.4,36.3 / 133,36.7 / 133
14723,GA,Green,F,72,71.1,100.5,125,35.8,35.3,35.8,125,35.3,125,50.5,50.0,35.8 / 125,35.3 / 125
14723,GA,Family,F,72,65.8,93.4,117,33.5,32.3,33.5,118,32.3,116,47.4,46.0,33.5 / 118,32.3 / 116
9229,GA,Gold,M,72,70.8,94.8,129,35.6,35.2,35.6,131,35.2,127,47.8,47.0,35.6 / 131,35.2 / 127
9229,GA,Blue,M,72,68.8,92.0,125,34.6,34.2,34.6,126,34.2,124,46.3,45.7,34.6 / 126,34.2 / 124
9229,GA,White,M,72,66.9,89.3,121,33.5,33.4,33.5,121,33.4,121,44.7,44.6,33.5 / 121,33.4 / 121
9229,GA,Green,M,72,65.3,87.1,117,32.8,32.5,32.8,117,32.5,117,43.7,43.4,32.8 / 117,32.5 / 117
9229,GA,White,F,72,72.2,102.2,128,36.2,36.0,36.2,128,36.0,128,51.3,51.1,36.2 / 128,36.0 / 128
9229,GA,Green,F,72,70.1,99.1,123,35.2,34.9,35.2,124,34.9,122,49.8,49.3,35.2 / 124,34.9 / 122
9229,GA,Red,F,72,68.2,95.6,116,34.2,34.0,34.2,116,34.0,116,47.9,47.7,34.2 / 116,34.0 / 116
8983,GA,Black,M,72,69.0,91.8,123,33.0,36.0,33.0,121,36.0,125,44.2,47.6,33.0 / 121,36.0 / 125
8983,GA,White,M,72,67.6,89.7,119,32.3,35.3,32.3,116,35.3,122,43.1,46.6,32.3 / 116,35.3 / 122
8983,GA,Yellow,M,72,64.8,85.6,112,31.0,33.8,31.0,109,33.8,115,41.1,44.5,31.0 / 109,33.8 / 115
8983,GA,Red,M,72,61.0,80.5,105,29.7,31.3,29.7,102,31.3,108,39.2,41.3,29.7 / 102,31.3 / 108
8983,GA,Red,F,72,63.9,88.7,105,30.4,33.5,30.4,100,33.5,110,42.2,46.5,30.4 / 100,33.5 / 110
9066,GA,Black,M,72,73.2,100.2,145,36.3,36.9,36.3,143,36.9,147,49.6,50.6,36.3 / 143,36.9 / 147
9066,GA,Players,M,72,72.4,99.2,144,35.9,36.5,35.9,142,36.5,146,49.1,50.1,35.9 / 142,36.5 / 146
9066,GA,Blue,M,72,71.3,97.1,139,35.5,35.8,35.5,139,35.8,139,48.4,48.7,35.5 / 139,35.8 / 139
9066,GA,White,M,72,69.0,93.7,133,34.3,34.7,34.3,131,34.7,135,46.5,47.2,34.3 / 131,34.7 / 135
9066,GA,Crush,M,72,67.0,90.2,125,33.6,33.4,33.6,126,33.4,124,45.3,44.9,33.6 / 126,33.4 / 124
9066,GA,Front,M,72,64.0,85.2,114,31.8,32.2,31.8,114,32.2,114,42.4,42.8,31.8 / 114,32.2 / 114
9066,GA,White,F,72,74.2,107.7,142,36.7,37.5,36.7,138,37.5,146,53.0,54.7,36.7 / 138,37.5 / 146
9066,GA,Crush,F,72,71.8,103.9,136,36.0,35.8,36.0,134,35.8,138,51.8,52.1,36.0 / 134,35.8 / 138
9066,GA,Front,F,72,68.9,98.6,126,34.2,34.7,34.2,123,34.7,129,48.7,49.9,34.2 / 123,34.7 / 129
8930,GA,Blue/Blue,M,72,68.0,89.8,117,34.0,34.0,34.0,117,34.0,117,44.9,44.9,34.0 / 117,34.0 / 117
8930,GA,White/Blue,M,72,67.5,88.9,115,33.5,34.0,33.5,113,34.0,117,44.0,44.9,33.5 / 113,34.0 / 117
8930,GA,White/White,M,72,67.0,88.0,113,33.5,33.5,33.5,113,33.5,113,44.0,44.0,33.5 / 113,33.5 / 113
8930,GA,Red/Red,M,72,61.8,81.6,104,31.1,31.1,31.1,104,31.1,104,40.8,40.8,31.1 / 104,31.1 / 104
8930,GA,Gold/Gold,M,72,58.0,78.2,98,30.0,30.0,30.0,98,30.0,98,39.1,39.1,30.0 / 98,30.0 / 98
8930,GA,White/White,F,72,70.7,100.0,123,35.5,35.4,35.5,123,35.4,123,50.0,50.0,35.5 / 123,35.4 / 123
8930,GA,Red/Red,F,72,65.0,91.0,110,32.5,32.5,32.5,110,32.5,110,45.5,45.5,32.5 / 110,32.5 / 110
8930,GA,Gold/Gold,F,72,60.6,84.2,100,30.3,30.3,30.3,100,30.3,100,42.1,42.1,30.3 / 100,30.3 / 100
21032,GA,Bear,M,72,76.1,103.4,147,38.2,37.9,38.2,149,37.9,145,52.0,51.4,38.2 / 149,37.9 / 145
21032,GA,1,M,72,74.1,100.7,143,37.2,36.9,37.2,145,36.9,141,50.7,50.0,37.2 / 145,36.9 / 141
21032,GA,1/2,M,72,72.5,98.3,139,36.5,36.0,36.5,141,36.0,137,49.6,48.7,36.5 / 141,36.0 / 137
21032,GA,2,M,72,71.3,96.4,135,35.8,35.5,35.8,133,35.5,137,48.2,48.2,35.8 / 133,35.5 / 137
21032,GA,Tournament,M,72,70.5,95.0,132,35.3,35.2,35.3,130,35.2,133,47.4,47.6,35.3 / 130,35.2 / 133
21032,GA,3,M,72,69.0,92.9,129,34.5,34.5,34.5,128,34.5,129,46.4,46.5,34.5 / 128,34.5 / 129
21032,GA,3/4,M,72,67.8,90.9,125,34.1,33.7,34.1,126,33.7,123,45.8,45.1,34.1 / 126,33.7 / 123
21032,GA,4,M,72,65.9,88.0,119,32.8,33.1,32.8,117,33.1,121,43.7,44.3,32.8 / 117,33.1 / 121
21032,GA,4/5,M,72,63.9,85.3,115,31.8,32.1,31.8,113,32.1,117,42.3,43.0,31.8 / 113,32.1 / 117
21032,GA,5,M,72,62.5,82.9,110,30.9,31.6,30.9,108,31.6,112,40.9,42.0,30.9 / 108,31.6 / 112
21032,GA,1/2,F,72,78.2,111.3,141,39.2,39.0,39.2,137,39.0,144,55.3,56.0,39.2 / 137,39.0 / 144
21032,GA,2,F,72,76.9,109.2,137,38.7,38.2,38.7,135,38.2,139,54.6,54.6,38.7 / 135,38.2 / 139
21032,GA,Tournament,F,72,75.4,106.8,134,37.9,37.5,37.9,131,37.5,136,53.3,53.5,37.9 / 131,37.5 / 136
21032,GA,3,F,72,74.4,105.4,132,37.3,37.1,37.3,130,37.1,133,52.6,52.8,37.3 / 130,37.1 / 133
21032,GA,3/4,F,72,72.1,102.5,129,36.4,35.7,36.4,130,35.7,128,51.7,50.8,36.4 / 130,35.7 / 128
21032,GA,4,F,72,70.4,99.3,123,35.3,35.1,35.3,123,35.1,122,49.8,49.5,35.3 / 123,35.1 / 122
21032,GA,4/5,F,72,68.4,96.7,120,34.5,33.9,34.5,118,33.9,122,48.4,48.3,34.5 / 118,33.9 / 122
21032,GA,5,F,72,67.2,95.0,118,33.7,33.5,33.7,116,33.5,120,47.4,47.6,33.7 / 116,33.5 / 120
35125,GA,I,M,72,74.0,99.9,140,36.7,37.3,36.7,139,37.3,140,49.6,50.3,36.7 / 139,37.3 / 140
35125,GA,I / II,M,72,72.4,97.8,137,36.0,36.4,36.0,137,36.4,137,48.7,49.1,36.0 / 137,36.4 / 137
35125,GA,II,M,72,71.5,96.3,134,35.4,36.1,35.4,133,36.1,134,47.8,48.5,35.4 / 133,36.1 / 134
35125,GA,MG II,M,72,71.5,96.4,134,35.9,35.6,35.9,136,35.6,132,48.5,47.9,35.9 / 136,35.6 / 132
35125,GA,II / III,M,72,70.3,94.6,131,34.9,35.4,34.9,127,35.4,135,46.7,47.9,34.9 / 127,35.4 / 135
35125,GA,III,M,72,69.5,93.4,129,34.3,35.2,34.3,125,35.2,133,45.9,47.5,34.3 / 125,35.2 / 133
35125,GA,MG III,M,72,69.5,93.5,129,34.8,34.7,34.8,129,34.7,129,46.8,46.7,34.8 / 129,34.7 / 129
35125,GA,III / IV,M,72,67.9,91.3,126,33.7,34.2,33.7,123,34.2,129,45.1,46.2,33.7 / 123,34.2 / 129
35125,GA,IV,M,72,66.9,89.9,124,33.3,33.6,33.3,120,33.6,128,44.4,45.5,33.3 / 120,33.6 / 128
35125,GA,MG IV,M,72,66.9,90.0,125,33.7,33.2,33.7,127,33.2,122,45.5,44.5,33.7 / 127,33.2 / 122
35125,GA,IV / V,M,72,65.2,87.4,120,32.6,32.6,32.6,115,32.6,124,43.3,44.1,32.6 / 115,32.6 / 124
35125,GA,V,M,72,64.1,85.9,118,32.2,31.9,32.2,114,31.9,121,42.8,43.1,32.2 / 114,31.9 / 121
35125,GA,III,F,72,74.9,106.9,136,37.1,37.8,37.1,131,37.8,140,52.6,54.3,37.1 / 131,37.8 / 140
35125,GA,IV,F,72,71.9,101.4,130,35.7,36.2,35.7,126,36.2,133,50.5,51.9,35.7 / 126,36.2 / 133
35125,GA,IV / V,F,72,70.0,99.3,125,34.8,35.2,34.8,118,35.2,131,48.7,50.6,34.8 / 118,35.2 / 131
35125,GA,V,F,72,68.7,97.4,122,34.2,34.5,34.2,119,34.5,125,48.2,49.2,34.2 / 119,34.5 / 125
21030,GA,One,M,72,72.3,96.9,132,36.4,35.9,36.4,132,35.9,132,48.7,48.2,36.4 / 132,35.9 / 132
21030,GA,One/Three,M,72,69.7,93.3,127,35.2,34.5,35.2,127,34.5,127,47.0,46.3,35.2 / 127,34.5 / 127
21030,GA,Three,M,72,68.7,91.7,124,34.7,34.0,34.7,124,34.0,124,46.2,45.5,34.7 / 124,34.0 / 124
21030,GA,Three/Four,M,72,66.7,88.9,119,33.6,33.1,33.6,119,33.1,119,44.7,44.2,33.6 / 119,33.1 / 119
21030,GA,Four,M,72,65.2,85.4,109,32.7,32.5,32.7,111,32.5,107,43.0,42.4,32.7 / 111,32.5 / 107
21030,GA,Four/Five,M,72,63.3,82.9,105,31.7,31.6,31.7,105,31.6,105,41.5,41.4,31.7 / 105,31.6 / 105
21030,GA,Five,M,72,62.3,81.3,102,31.1,31.2,31.1,102,31.2,102,40.6,40.7,31.1 / 102,31.2 / 102
21030,GA,Forward 1 - Gold,M,72,61.2,80.0,101,30.8,30.4,30.8,102,30.4,100,40.3,39.7,30.8 / 102,30.4 / 100
21030,GA,Forward 2 - Blue,M,72,57.9,74.5,89,29.1,28.8,29.1,91,28.8,87,37.6,36.9,29.1 / 91,28.8 / 87
21030,GA,Three,F,72,74.1,106.2,136,37.2,36.9,37.2,138,36.9,134,53.5,52.7,37.2 / 138,36.9 / 134
21030,GA,Three/Four,F,72,72.1,103.2,132,36.1,36.0,36.1,134,36.0,130,51.9,51.3,36.1 / 134,36.0 / 130
21030,GA,Four,F,72,70.2,100.4,128,35.1,35.1,35.1,130,35.1,126,50.4,50.0,35.1 / 130,35.1 / 126
21030,GA,Four/Five,F,72,68.2,97.2,123,33.9,34.3,33.9,125,34.3,121,48.6,48.6,33.9 / 125,34.3 / 121
21030,GA,Five,F,72,66.8,93.5,113,33.0,33.8,33.0,110,33.8,116,46.0,47.5,33.0 / 110,33.8 / 116
21030,GA,Forward 1 - Gold,F,72,65.3,90.9,109,32.9,32.4,32.9,109,32.4,109,45.7,45.2,32.9 / 109,32.4 / 109
21030,GA,Forward 2 - Blue,F,72,59.0,81.4,95,29.9,29.1,29.9,95,29.1,95,41.1,40.3,29.9 / 95,29.1 / 95
21031,GA,#1,M,72,74.6,100.6,140,36.9,37.7,36.9,137,37.7,143,49.6,51.0,36.9 / 137,37.7 / 143
21031,GA,#2,M,72,71.9,96.6,133,35.6,36.3,35.6,131,36.3,135,47.8,48.8,35.6 / 131,36.3 / 135
21031,GA,Tournament,M,72,70.7,94.9,130,35.0,35.7,35.0,129,35.7,131,47.0,47.9,35.0 / 129,35.7 / 131
21031,GA,#3,M,72,69.8,93.6,128,34.7,35.1,34.7,127,35.1,129,46.5,47.1,34.7 / 127,35.1 / 129
21031,GA,3/4 Combo,M,72,68.8,92.0,125,34.1,34.7,34.1,124,34.7,126,45.6,46.4,34.1 / 124,34.7 / 126
21031,GA,#4,M,72,67.4,90.0,122,33.5,33.9,33.5,121,33.9,123,44.7,45.3,33.5 / 121,33.9 / 123
21031,GA,4/5 Combo,M,72,66.2,88.4,119,32.8,33.4,32.8,118,33.4,120,43.8,44.6,32.8 / 118,33.4 / 120
21031,GA,#5,M,72,64.7,85.9,114,32.6,32.1,32.6,112,32.1,116,43.0,42.9,32.6 / 112,32.1 / 116
21031,GA,Forward Tee #2,M,72,61.0,81.6,111,30.5,30.5,30.5,110,30.5,112,40.7,40.9,30.5 / 110,30.5 / 112
21031,GA,Forward Tee #1,M,72,58.9,78.3,104,29.4,29.5,29.4,103,29.5,105,39.0,39.3,29.4 / 103,29.5 / 105
21031,GA,#3,F,72,75.7,108.7,140,37.8,37.9,37.8,136,37.9,144,53.8,54.9,37.8 / 136,37.9 / 144
21031,GA,3/4 Combo,F,72,74.3,106.6,137,36.9,37.4,36.9,133,37.4,141,52.6,54.0,36.9 / 133,37.4 / 141
21031,GA,#4,F,72,72.6,104.4,135,36.1,36.5,36.1,131,36.5,139,51.5,52.9,36.1 / 131,36.5 / 139
21031,GA,4/5 Combo,F,72,71.0,101.6,130,35.0,36.0,35.0,126,36.0,134,49.8,51.8,35.0 / 126,36.0 / 134
21031,GA,#5,F,72,68.9,98.1,124,34.7,34.2,34.7,122,34.2,126,49.1,49.0,34.7 / 122,34.2 / 126
21031,GA,Forward Tee #2,F,72,63.5,89.5,110,31.9,31.6,31.9,109,31.6,111,44.8,44.7,31.9 / 109,31.6 / 111
21031,GA,Forward Tee #1,F,72,59.8,83.6,101,29.9,29.9,29.9,99,29.9,103,41.6,42.0,29.9 / 99,29.9 / 103
21034,GA,#1,M,72,74.6,101.2,143,37.2,37.4,37.2,143,37.4,143,50.5,50.7,37.2 / 143,37.4 / 143
21034,GA,#2,M,72,72.5,98.7,141,36.3,36.2,36.3,141,36.2,141,49.4,49.3,36.3 / 141,36.2 / 141
21034,GA,Tournament,M,72,71.7,96.9,136,35.8,35.9,35.8,135,35.9,137,48.3,48.6,35.8 / 135,35.9 / 137
21034,GA,#3,M,72,70.4,95.0,132,35.2,35.2,35.2,131,35.2,133,47.4,47.6,35.2 / 131,35.2 / 133
21034,GA,#4,M,72,68.8,92.4,127,34.3,34.5,34.3,128,34.5,126,46.2,46.2,34.3 / 128,34.5 / 126
21034,GA,Mixed,M,72,67.3,90.5,125,33.6,33.7,33.6,124,33.7,126,45.1,45.4,33.6 / 124,33.7 / 126
21034,GA,#5,M,72,66.6,88.9,120,33.5,33.1,33.5,117,33.1,123,44.4,44.5,33.5 / 117,33.1 / 123
21034,GA,Forward 2,M,72,62.3,82.5,109,31.3,31.0,31.3,108,31.0,110,41.3,41.2,31.3 / 108,31.0 / 110
21034,GA,Forward 1,M,72,58.5,78.0,105,29.5,29.0,29.5,101,29.0,109,38.9,39.1,29.5 / 101,29.0 / 109
21034,GA,#3,F,72,76.2,108.7,138,38.1,38.1,38.1,134,38.1,142,53.9,54.8,38.1 / 134,38.1 / 142
21034,GA,#4,F,72,74.2,105.7,134,37.0,37.2,37.0,131,37.2,136,52.5,53.2,37.0 / 131,37.2 / 136
21034,GA,Mixed,F,72,72.6,103.3,129,36.0,36.6,36.0,126,36.6,132,51.0,52.3,36.0 / 126,36.6 / 132
21034,GA,#5,F,72,71.7,101.9,128,35.9,35.8,35.9,126,35.8,130,50.8,51.1,35.9 / 126,35.8 / 130
21034,GA,Forward 2,F,72,65.5,92.4,114,32.8,32.7,32.8,110,32.7,118,45.8,46.6,32.8 / 110,32.7 / 118
21034,GA,Forward 1,F,72,59.6,83.2,100,29.8,29.8,29.8,96,29.8,104,41.1,42.1,29.8 / 96,29.8 / 104
21036,GA,Zero,M,72,75.2,101.4,141,37.1,38.1,37.1,140,38.1,142,50.1,51.3,37.1 / 140,38.1 / 142
21036,GA,One,M,72,73.8,99.6,139,36.4,37.4,36.4,136,37.4,142,49.0,50.6,36.4 / 136,37.4 / 142
21036,GA,Two,M,72,72.8,98.1,136,35.6,37.2,35.6,132,37.2,140,47.9,50.2,35.6 / 132,37.2 / 140
21036,GA,Tournament,M,72,71.4,96.3,134,35.2,36.2,35.2,131,36.2,137,47.4,48.9,35.2 / 131,36.2 / 137
21036,GA,Three,M,72,70.5,94.7,130,34.9,35.6,34.9,128,35.6,132,46.8,47.9,34.9 / 128,35.6 / 132
21036,GA,Three/Four,M,72,68.8,92.2,126,34.2,34.6,34.2,125,34.6,127,45.8,46.4,34.2 / 125,34.6 / 127
21036,GA,Four,M,72,67.5,90.0,121,33.3,34.2,33.3,119,34.2,123,44.4,45.6,33.3 / 119,34.2 / 123
21036,GA,Four/Five,M,72,65.9,87.9,118,32.5,33.4,32.5,117,33.4,119,43.4,44.5,32.5 / 117,33.4 / 119
21036,GA,Five,M,72,65.0,86.4,115,32.0,33.0,32.0,113,33.0,117,42.5,43.9,32.0 / 113,33.0 / 117
21036,GA,Forward Tee Two,M,72,60.9,81.1,109,30.4,30.5,30.4,108,30.5,110,40.4,40.7,30.4 / 108,30.5 / 110
21036,GA,Forward Tee One,M,72,57.9,76.5,100,28.9,29.0,28.9,100,29.0,100,38.2,38.3,28.9 / 100,29.0 / 100
21036,GA,Three,F,72,76.2,108.5,137,37.8,38.4,37.8,134,38.4,140,53.6,54.9,37.8 / 134,38.4 / 140
21036,GA,Three/Four,F,72,74.4,106.2,135,37.1,37.3,37.1,131,37.3,139,52.5,53.7,37.1 / 131,37.3 / 139
21036,GA,Four,F,72,73.7,105.1,133,36.4,37.3,36.4,128,37.3,138,51.5,53.6,36.4 / 128,37.3 / 138
21036,GA,Four/Five,F,72,71.3,101.9,130,35.3,36.0,35.3,128,36.0,131,50.4,51.5,35.3 / 128,36.0 / 131
21036,GA,Five,F,72,70.3,99.8,125,34.7,35.6,34.7,122,35.6,128,49.1,50.7,34.7 / 122,35.6 / 128
21036,GA,Forward Tee Two,F,72,63.9,89.3,108,31.9,32.0,31.9,108,32.0,108,44.6,44.7,31.9 / 108,32.0 / 108
21036,GA,Forward Tee One,F,72,58.6,81.1,96,29.3,29.3,29.3,95,29.3,96,40.5,40.6,29.3 / 95,29.3 / 96
9169,GA,#1,M,72,72.2,97.0,133,36.7,35.5,36.7,133,35.5,133,49.1,47.9,36.7 / 133,35.5 / 133
9169,GA,#2,M,72,70.4,94.0,127,35.7,34.7,35.7,129,34.7,125,47.7,46.3,35.7 / 129,34.7 / 125
9169,GA,Tournament,M,72,69.5,92.9,126,35.2,34.3,35.2,127,34.3,125,47.0,45.9,35.2 / 127,34.3 / 125
9169,GA,#3,M,72,68.4,91.1,122,34.5,33.9,34.5,125,33.9,119,46.1,45.0,34.5 / 125,33.9 / 119
9169,GA,3/4 Combo,M,72,66.4,88.2,117,33.9,32.5,33.9,118,32.5,116,44.9,43.3,33.9 / 118,32.5 / 116
9169,GA,#4,M,72,65.5,86.1,111,33.6,31.9,33.6,114,31.9,108,44.2,41.9,33.6 / 114,31.9 / 108
9169,GA,Mixed,M,72,64.4,84.6,109,32.9,31.5,32.9,111,31.5,107,43.2,41.4,32.9 / 111,31.5 / 107
9169,GA,#5,M,72,62.6,82.6,108,32.0,30.6,32.0,108,30.6,108,42.0,40.6,32.0 / 108,30.6 / 108
9169,GA,Forward 1 - Gold,M,72,60.0,78.0,97,30.4,29.6,30.4,97,29.6,97,39.4,38.6,30.4 / 97,29.6 / 97
9169,GA,#3,F,72,73.5,103.9,129,37.5,36.0,37.5,129,36.0,129,52.7,51.2,37.5 / 129,36.0 / 129
9169,GA,3/4 Combo,F,72,71.4,100.6,124,36.6,34.8,36.6,126,34.8,122,51.4,49.2,36.6 / 126,34.8 / 122
9169,GA,#4,F,72,70.2,98.7,121,36.0,34.2,36.0,123,34.2,119,50.5,48.2,36.0 / 123,34.2 / 119
9169,GA,Women's Mixed,F,72,68.7,96.8,119,35.0,33.7,35.0,120,33.7,118,49.2,47.6,35.0 / 120,33.7 / 118
9169,GA,#5,F,72,66.8,93.7,114,34.2,32.6,34.2,116,32.6,112,47.9,45.8,34.2 / 116,32.6 / 112
9169,GA,Forward 1 - Gold,F,72,61.8,86.2,103,31.6,30.2,31.6,103,30.2,103,43.8,42.4,31.6 / 103,30.2 / 103
9038,GA,Gold,M,71,70.1,93.1,124,35.9,34.2,35.9,125,34.2,123,47.5,45.6,35.9 / 125,34.2 / 123
9038,GA,Blue,M,71,68.0,90.3,120,34.5,33.5,34.5,121,33.5,119,45.7,44.6,34.5 / 121,33.5 / 119
9038,GA,White,M,71,65.3,84.9,116,32.9,32.4,32.9,117,32.4,115,43.8,43.1,32.9 / 117,32.4 / 115
9038,GA,Green,M,71,62.8,82.8,108,31.5,31.3,31.5,108,31.3,108,41.5,41.3,31.5 / 108,31.3 / 108
9038,GA,Red,M,71,61.4,80.2,100,30.5,30.9,30.5,100,30.9,100,39.9,40.3,30.5 / 100,30.9 / 100
9038,GA,Blue,F,71,72.6,102.2,125,36.6,36.0,36.6,126,36.0,126,51.4,50.8,36.6 / 126,36.0 / 126
9038,GA,White,F,71,69.9,98.1,120,35.4,34.5,35.4,119,34.5,120,49.4,48.7,35.4 / 119,34.5 / 120
9038,GA,Green,F,71,67.6,94.0,112,34.0,33.6,34.0,112,33.6,112,47.2,46.8,34.0 / 112,33.6 / 112
9038,GA,Modified,F,71,66.9,93.0,111,33.0,33.8,33.0,112,33.8,110,46.2,46.8,33.0 / 112,33.8 / 110
9038,GA,Red,F,71,64.8,90.2,108,32.7,32.1,32.7,108,32.1,108,45.4,44.8,32.7 / 108,32.1 / 108
13981,GA,Championship,M,72,75.0,101.0,140,37.5,37.5,37.5,137,37.5,143,50.2,50.8,37.5 / 137,37.5 / 143
13981,GA,Championship/Black Walnut,M,72,74.0,99.4,137,37.0,37.0,37.0,136,37.0,138,49.6,49.8,37.0 / 136,37.0 / 138
13981,GA,Black Walnut,M,72,72.8,97.9,135,36.3,36.5,36.3,133,36.5,137,48.7,49.2,36.3 / 133,36.5 / 137
13981,GA,Black Walnut/White Oak,M,35,71.8,96.4,132,35.7,36.1,35.7,131,36.1,133,47.9,48.5,35.7 / 131,36.1 / 133
13981,GA,White Oak,M,0,70.5,94.7,130,35.1,35.4,35.1,129,35.4,131,47.1,47.6,35.1 / 129,35.4 / 131
13981,GA,White/Green Combo,M,37,69.0,92.6,127,34.4,34.6,34.4,127,34.6,127,46.2,46.4,34.4 / 127,34.6 / 127
13981,GA,Green Pine,M,72,68.0,91.0,124,34.0,34.0,34.0,125,34.0,123,45.6,45.4,34.0 / 125,34.0 / 123
13981,GA,Family Dogwood,M,72,59.7,79.1,104,29.9,29.8,29.9,104,29.8,104,39.6,39.5,29.9 / 104,29.8 / 104
13981,GA,Black Walnut,F,72,79.2,113.9,147,39.2,40.0,39.2,146,40.0,148,56.4,57.5,39.2 / 146,40.0 / 148
13981,GA,Black Walnut/White Oak,F,72,77.8,112.0,145,38.5,39.3,38.5,144,39.3,146,55.5,56.5,38.5 / 144,39.3 / 146
13981,GA,White Oak,F,72,76.4,110.1,143,37.9,38.5,37.9,142,38.5,144,54.6,55.5,37.9 / 142,38.5 / 144
13981,GA,Green Pine,F,72,73.8,106.4,138,37.0,36.8,37.0,137,36.8,139,53.2,53.2,37.0 / 137,36.8 / 139
13981,GA,Red Maple,F,72,70.3,100.7,129,35.1,35.2,35.1,127,35.2,131,50.1,50.6,35.1 / 127,35.2 / 131
13981,GA,Family Dogwood,F,72,60.8,85.8,106,30.6,30.2,30.6,105,30.2,107,43.0,42.8,30.6 / 105,30.2 / 107
9047,GA,Blue,M,71,73.4,99.4,140,37.2,36.2,37.2,140,36.2,140,50.2,49.2,37.2 / 140,36.2 / 140
9047,GA,Gold,M,71,71.2,96.4,136,36.0,35.2,36.0,137,35.2,135,48.7,47.7,36.0 / 137,35.2 / 135
9047,GA,White,M,71,69.5,93.4,131,35.2,34.3,35.2,133,34.3,129,47.6,46.3,35.2 / 133,34.3 / 129
9047,GA,Green,M,71,67.5,90.7,125,34.3,33.2,34.3,127,33.2,123,46.1,44.6,34.3 / 127,33.2 / 123
9047,GA,Black,M,71,64.8,87.1,120,32.9,31.9,32.9,121,31.9,119,44.1,43.0,32.9 / 121,31.9 / 119
9047,GA,Red,M,71,62.0,83.4,115,31.4,30.6,31.4,116,30.6,114,42.2,41.2,31.4 / 116,30.6 / 114
9047,GA,White,F,71,75.3,107.3,136,38.4,36.9,38.4,137,36.9,135,54.5,52.8,38.4 / 137,36.9 / 135
9047,GA,Green,F,71,73.0,103.6,130,37.1,35.9,37.1,131,35.9,129,52.5,51.1,37.1 / 131,35.9 / 129
9047,GA,Black,F,71,69.2,98.6,125,35.2,34.0,35.2,126,34.0,124,50.0,48.6,35.2 / 126,34.0 / 124
9047,GA,Red,F,71,65.9,93.2,116,33.5,32.4,33.5,118,32.4,114,47.4,45.8,33.5 / 118,32.4 / 114
9058,GA,Gold,M,72,72.2,96.9,133,36.2,36.0,36.2,131,36.0,135,48.4,48.5,36.2 / 131,36.0 / 135
9058,GA,Blue,M,72,70.5,94.5,129,35.4,35.1,35.4,128,35.1,130,47.3,47.2,35.4 / 128,35.1 / 130
9058,GA,White,M,72,68.4,91.8,126,34.3,34.1,34.3,125,34.1,127,45.9,45.9,34.3 / 125,34.1 / 127
9058,GA,Black,M,72,65.3,87.1,117,32.7,32.6,32.7,118,32.6,116,43.7,43.4,32.7 / 118,32.6 / 116
9058,GA,Green,M,72,63.8,84.6,112,31.7,32.1,31.7,116,32.1,108,42.5,42.1,31.7 / 116,32.1 / 108
9058,GA,White,F,72,74.3,106.4,136,37.1,37.2,37.1,134,37.2,138,52.9,53.5,37.1 / 134,37.2 / 138
9058,GA,Black,F,72,71.0,100.2,124,35.3,35.7,35.3,125,35.7,123,50.0,50.2,35.3 / 125,35.7 / 123
9058,GA,Green,F,72,68.3,96.1,118,34.3,34.0,34.3,120,34.0,116,48.4,47.7,34.3 / 120,34.0 / 116
9058,GA,Red,F,72,62.8,88.0,107,31.7,31.1,31.7,110,31.1,104,44.6,43.4,31.7 / 110,31.1 / 104
9222,GA,Black,M,72,73.0,99.0,140,36.8,36.2,36.8,139,36.2,141,49.7,49.3,36.8 / 139,36.2 / 141
9222,GA,Players,M,72,71.8,97.2,137,36.1,35.7,36.1,136,35.7,138,48.7,48.5,36.1 / 136,35.7 / 138
9222,GA,Blue,M,72,70.6,95.5,134,35.4,35.2,35.4,132,35.2,136,47.7,47.8,35.4 / 132,35.2 / 136
9222,GA,White,M,72,68.6,92.0,126,34.5,34.1,34.5,126,34.1,126,46.2,45.8,34.5 / 126,34.1 / 126
9222,GA,Gold,M,72,66.2,87.8,116,33.3,32.9,33.3,115,32.9,117,44.0,43.8,33.3 / 115,32.9 / 117
9222,GA,Red,M,72,64.6,85.3,112,32.4,32.2,32.4,109,32.2,114,42.5,42.8,32.4 / 109,32.2 / 114
9222,GA,White,F,72,73.8,105.9,136,37.0,36.8,37.0,138,36.8,134,53.3,52.6,37.0 / 138,36.8 / 134
9222,GA,Gold,F,72,70.3,100.5,128,34.9,35.4,34.9,128,35.4,128,50.0,50.5,34.9 / 128,35.4 / 128
9222,GA,Red,F,72,68.6,96.4,118,34.1,34.5,34.1,118,34.5,118,48.0,48.4,34.1 / 118,34.5 / 118
9070,GA,Championship,M,72,75.8,103.0,146,38.5,37.3,38.5,147,37.3,145,52.2,50.8,38.5 / 147,37.3 / 145
9070,GA,Red,M,72,75.5,102.5,145,38.4,37.1,38.4,146,37.1,144,52.0,50.5,38.4 / 146,37.1 / 144
9070,GA,Basket,M,70,74.9,101.7,144,38.1,36.8,38.1,145,36.8,143,51.6,50.1,38.1 / 145,36.8 / 143
9070,GA,Red/White,M,72,73.5,99.5,140,37.1,36.4,37.1,141,36.4,139,50.2,49.3,37.1 / 141,36.4 / 139
9070,GA,White,M,72,72.1,97.5,137,36.4,35.7,36.4,137,35.7,137,49.1,48.4,36.4 / 137,35.7 / 137
9070,GA,Blue/White,M,72,70.6,95.5,134,35.3,35.3,35.3,133,35.3,135,47.7,47.8,35.3 / 133,35.3 / 135
9070,GA,Blue,M,72,69.1,93.7,132,34.8,34.3,34.8,131,34.3,133,47.0,46.7,34.8 / 131,34.3 / 133
9070,GA,Blue/Gold,M,72,67.4,89.7,120,34.1,33.3,34.1,122,33.3,118,45.4,44.3,34.1 / 122,33.3 / 118
9070,GA,Super Senior,M,72,66.7,88.7,118,33.7,33.0,33.7,119,33.0,117,44.8,43.9,33.7 / 119,33.0 / 117
9070,GA,Gold,M,72,65.8,87.6,117,33.3,32.5,33.3,118,32.5,116,44.3,43.3,33.3 / 118,32.5 / 116
9070,GA,Gold/Black,M,72,64.9,86.1,114,33.0,31.9,33.0,115,31.9,113,43.7,42.4,33.0 / 115,31.9 / 113
9070,GA,Family Gold,M,72,61.4,81.0,105,30.5,30.9,30.5,105,30.9,105,40.3,40.7,30.5 / 105,30.9 / 105
9070,GA,Family Blue,M,72,58.5,76.9,99,29.4,29.1,29.4,100,29.1,98,38.7,38.2,29.4 / 100,29.1 / 98
9070,GA,White,F,72,78.3,112.8,146,39.7,38.6,39.7,149,38.6,143,57.3,55.5,39.7 / 149,38.6 / 143
9070,GA,Blue/White,F,72,76.4,109.9,142,38.3,38.1,38.3,144,38.1,140,55.3,54.6,38.3 / 144,38.1 / 140
9070,GA,Blue,F,72,74.5,107.2,139,37.7,36.8,37.7,142,36.8,136,54.4,52.8,37.7 / 142,36.8 / 136
9070,GA,Blue/Gold,F,72,72.1,103.2,132,36.4,35.7,36.4,135,35.7,129,52.3,50.9,36.4 / 135,35.7 / 129
9070,GA,Super Senior,F,72,71.1,101.8,130,36.0,35.1,36.0,133,35.1,127,51.7,50.1,36.0 / 133,35.1 / 127
9070,GA,Gold,F,72,70.0,100.4,129,35.5,34.5,35.5,130,34.5,128,50.8,49.6,35.5 / 130,34.5 / 128
9070,GA,Gold/Black,F,72,68.7,98.0,124,34.9,33.8,34.9,126,33.8,122,49.8,48.2,34.9 / 126,33.8 / 122
9070,GA,Family Gold,F,72,63.9,90.3,112,31.5,32.4,31.5,111,32.4,113,44.6,45.7,31.5 / 111,32.4 / 113
9070,GA,Family Blue,F,72,58.7,82.3,100,29.4,29.3,29.4,102,29.3,98,41.4,40.9,29.4 / 102,29.3 / 98
9073,GA,Black,M,70,71.1,95.7,132,35.6,35.5,35.6,133,35.5,131,48.0,47.7,35.6 / 133,35.5 / 131
9073,GA,Blue,M,70,69.4,93.0,127,34.8,34.6,34.8,127,34.6,127,46.6,46.4,34.8 / 127,34.6 / 127
9073,GA,River,M,70,68.1,90.7,122,34.1,34.0,34.1,121,34.0,123,45.3,45.4,34.1 / 121,34.0 / 123
9073,GA,White,M,70,67.2,89.4,119,33.7,33.5,33.7,119,33.5,119,44.8,44.6,33.7 / 119,33.5 / 119
9073,GA,Creek,M,70,65.4,86.6,114,32.8,32.6,32.8,114,32.6,114,43.4,43.2,32.8 / 114,32.6 / 114
9073,GA,Silver,M,70,64.4,85.0,111,32.3,32.1,32.3,111,32.1,111,42.6,42.4,32.3 / 111,32.1 / 111
9073,GA,Blue,F,70,75.3,106.4,132,37.7,37.6,37.7,131,37.6,133,53.1,53.3,37.7 / 131,37.6 / 133
9073,GA,River,F,70,73.8,104.2,129,37.0,36.8,37.0,128,36.8,130,52.1,52.1,37.0 / 128,36.8 / 130
9073,GA,White,F,70,72.4,102.1,126,36.2,36.2,36.2,125,36.2,127,50.9,51.2,36.2 / 125,36.2 / 127
9073,GA,Silver,F,70,69.3,97.3,119,34.7,34.6,34.7,118,34.6,120,48.6,48.7,34.7 / 118,34.6 / 120
9073,GA,Red,F,70,64.1,88.9,105,32.3,31.8,32.3,104,31.8,106,44.6,44.3,32.3 / 104,31.8 / 106
9030,GA,Gray,M,72,69.7,92.7,124,35.5,34.2,35.5,128,34.2,119,47.4,45.3,35.5 / 128,34.2 / 119
9030,GA,Hunter Green,M,72,66.6,88.3,116,34.0,32.7,34.0,118,32.7,114,45.0,43.3,34.0 / 118,32.7 / 114
9030,GA,Black,M,72,64.7,85.1,109,32.4,32.2,32.4,110,32.2,108,42.6,42.2,32.4 / 110,32.2 / 108
9030,GA,Lime Green,M,72,64.4,84.7,108,32.3,32.1,32.3,109,32.1,107,42.4,42.0,32.3 / 109,32.1 / 107
9030,GA,Hunter Green,F,72,72.3,101.8,126,36.8,35.3,36.8,129,35.3,123,52.0,49.8,36.8 / 129,35.3 / 123
9030,GA,Black,F,72,70.0,98.0,120,35.4,34.4,35.4,122,34.4,118,49.8,48.3,35.4 / 122,34.4 / 118
9030,GA,Lime Green,F,72,69.4,98.0,122,35.2,34.2,35.2,125,34.2,118,49.9,48.1,35.2 / 125,34.2 / 118
8970,GA,Gold,M,72,71.2,94.6,126,35.5,35.7,35.5,125,35.7,127,47.1,47.5,35.5 / 125,35.7 / 127
8970,GA,Blue,M,72,69.3,91.8,121,34.6,34.7,34.6,119,34.7,123,45.7,46.1,34.6 / 119,34.7 / 123
8970,GA,White,M,72,66.8,87.8,113,33.3,33.5,33.3,111,33.5,115,43.6,44.2,33.3 / 111,33.5 / 115
8970,GA,White,F,72,71.9,100.2,120,36.0,35.9,36.0,117,35.9,123,49.8,50.4,36.0 / 117,35.9 / 123
8970,GA,Red,F,72,68.2,94.9,113,34.0,34.2,34.0,110,34.2,116,47.0,47.9,34.0 / 110,34.2 / 116
9260,GA,Black,M,72,73.8,99.6,139,37.0,36.8,37.0,141,36.8,137,50.1,49.5,37.0 / 141,36.8 / 137
9260,GA,Blue,M,72,71.8,96.2,131,35.9,35.9,35.9,129,35.9,133,47.9,48.3,35.9 / 129,35.9 / 133
9260,GA,MGA,M,72,71.0,95.0,129,35.4,35.6,35.4,128,35.6,130,47.3,47.7,35.4 / 128,35.6 / 130
9260,GA,White,M,72,69.8,93.0,125,34.8,35.0,34.8,124,35.0,126,46.3,46.7,34.8 / 124,35.0 / 126
9260,GA,Gold,M,72,68.8,90.6,117,34.2,34.6,34.2,116,34.6,118,45.0,45.6,34.2 / 116,34.6 / 118
9260,GA,Silver,M,72,66.9,87.9,113,33.0,33.9,33.0,114,33.9,112,43.6,44.3,33.0 / 114,33.9 / 112
9260,GA,Red,M,72,63.7,84.1,110,31.5,32.2,31.5,109,32.2,111,41.6,42.5,31.5 / 109,32.2 / 111
9260,GA,White,F,73,75.9,108.4,138,37.8,38.1,37.8,135,38.1,141,53.7,54.7,37.8 / 135,38.1 / 141
9260,GA,Gold,F,73,73.9,105.5,134,36.6,37.3,36.6,130,37.3,138,51.9,53.6,36.6 / 130,37.3 / 138
9260,GA,Silver,F,73,71.8,101.3,125,35.5,36.3,35.5,122,36.3,128,49.9,51.4,35.5 / 122,36.3 / 128
9260,GA,Red,F,73,68.8,96.1,116,33.9,34.9,33.9,114,34.9,118,47.3,48.8,33.9 / 114,34.9 / 118
8957,GA,Black,M,72,73.6,98.3,133,37.2,36.4,37.2,135,36.4,131,49.7,48.6,37.2 / 135,36.4 / 131
8957,GA,Blue,M,72,72.1,95.5,126,36.2,35.9,36.2,128,35.9,124,48.1,47.4,36.2 / 128,35.9 / 124
8957,GA,White,M,72,69.3,92.8,121,35.0,34.3,35.0,124,34.3,118,46.5,45.3,35.0 / 124,34.3 / 118
8957,GA,Gold,M,72,67.2,89.0,117,33.5,33.7,33.5,118,33.7,116,44.5,44.5,33.5 / 118,33.7 / 116
8957,GA,Green,M,72,65.2,85.6,110,32.4,32.8,32.4,110,32.8,110,42.6,43.0,32.4 / 110,32.8 / 110
8957,GA,White,F,72,74.7,105.3,130,37.7,37.0,37.7,131,37.0,129,53.1,52.2,37.7 / 131,37.0 / 129
8957,GA,Gold,F,72,72.4,100.9,121,36.4,36.0,36.4,124,36.0,118,51.0,49.9,36.4 / 124,36.0 / 118
8957,GA,Green,F,72,69.6,96.1,113,34.8,34.8,34.8,113,34.8,113,48.1,48.1,34.8 / 113,34.8 / 113
8957,GA,Red,F,72,68.1,94.1,110,34.2,33.9,34.2,110,33.9,110,47.2,46.9,34.2 / 110,33.9 / 110
8935,GA,Black,M,72,72.5,96.4,129,36.6,35.9,36.6,129,35.9,128,48.6,47.8,36.6 / 129,35.9 / 128
8935,GA,Blue,M,72,70.7,93.9,125,35.5,35.2,35.5,124,35.2,126,47.0,46.9,35.5 / 124,35.2 / 126
8935,GA,White,M,72,68.5,91.2,123,34.0,34.5,34.0,121,34.5,124,45.2,46.0,34.0 / 121,34.5 / 124
8935,GA,Gold,M,72,65.6,86.9,115,32.5,33.1,32.5,109,33.1,121,42.6,44.3,32.5 / 109,33.1 / 121
8935,GA,Red,M,72,63.1,83.4,110,31.5,31.6,31.5,107,31.6,112,41.4,42.0,31.5 / 107,31.6 / 112
8935,GA,White,F,72,73.9,103.2,124,36.7,37.2,36.7,122,37.2,126,51.1,52.1,36.7 / 122,37.2 / 126
8935,GA,Gold,F,72,71.0,98.1,115,35.0,36.0,35.0,119,36.0,111,49.0,49.1,35.0 / 119,36.0 / 111
8935,GA,Red,F,72,67.7,94.0,112,33.7,34.0,33.7,114,34.0,109,47.2,46.8,33.7 / 114,34.0 / 109
9259,GA,Black,M,71,72.4,97.3,134,35.7,36.7,35.7,132,36.7,136,48.0,49.3,35.7 / 132,36.7 / 136
9259,GA,Blue,M,71,72.0,96.7,133,35.5,36.5,35.5,131,36.5,135,47.7,49.0,35.5 / 131,36.5 / 135
9259,GA,White,M,71,70.3,94.7,131,34.9,35.4,34.9,129,35.4,133,46.9,47.8,34.9 / 129,35.4 / 133
9259,GA,Gold,M,71,67.1,88.7,116,32.8,34.3,32.8,118,34.3,114,43.8,44.9,32.8 / 118,34.3 / 114
9259,GA,Red,M,71,63.8,83.7,107,31.4,32.4,31.4,109,32.4,105,41.5,42.2,31.4 / 109,32.4 / 105
9259,GA,White,F,71,76.5,109.0,138,37.7,38.8,37.7,135,38.8,141,53.6,55.4,37.7 / 135,38.8 / 141
9259,GA,Gold,F,71,72.4,102.6,128,35.4,37.0,35.4,126,37.0,130,50.3,52.3,35.4 / 126,37.0 / 130
9259,GA,Red,F,71,68.2,95.1,114,33.4,34.8,33.4,110,34.8,118,46.4,48.7,33.4 / 110,34.8 / 118
9054,GA,Championship,M,71,71.4,95.8,132,35.9,35.5,35.9,136,35.5,127,48.5,47.3,35.9 / 136,35.5 / 127
9054,GA,Blue,M,71,70.9,94.9,130,35.6,35.3,35.6,135,35.3,124,48.1,46.8,35.6 / 135,35.3 / 124
9054,GA,Blue/White,M,71,70.0,93.7,128,35.2,34.8,35.2,132,34.8,123,47.5,46.2,35.2 / 132,34.8 / 123
9054,GA,White,M,71,69.5,93.0,127,34.9,34.6,34.9,131,34.6,122,47.1,45.9,34.9 / 131,34.6 / 122
9054,GA,White/Green,M,71,66.4,88.7,120,33.6,32.8,33.6,123,32.8,117,45.0,43.7,33.6 / 123,32.8 / 117
9054,GA,Green,M,71,64.7,86.1,115,32.3,32.4,32.3,115,32.4,115,43.0,43.1,32.3 / 115,32.4 / 115
9054,GA,Red,M,71,63.0,82.8,107,31.6,31.4,31.6,109,31.4,104,41.7,41.1,31.6 / 109,31.4 / 104
9054,GA,White,F,72,75.0,106.2,133,37.6,37.4,37.6,136,37.4,129,53.6,52.6,37.6 / 136,37.4 / 129
9054,GA,White/Green,F,72,71.4,101.3,127,35.9,35.4,35.9,133,35.4,121,51.6,49.7,35.9 / 133,35.4 / 121
9054,GA,Green,F,72,69.7,97.9,120,35.0,34.7,35.0,121,34.7,119,49.3,48.7,35.0 / 121,34.7 / 119
9054,GA,Red,F,72,66.6,92.8,111,33.4,33.2,33.4,112,33.2,110,46.6,46.2,33.4 / 112,33.2 / 110
9108,GA,Black,M,72,74.5,100.1,138,37.0,37.5,37.0,141,37.5,135,50.1,50.0,37.0 / 141,37.5 / 135
9108,GA,Gold,M,72,72.5,97.6,135,36.2,36.3,36.2,137,36.3,133,48.9,48.7,36.2 / 137,36.3 / 133
9108,GA,White,M,72,70.9,95.1,130,35.3,35.6,35.3,132,35.6,128,47.6,47.5,35.3 / 132,35.6 / 128
9108,GA,White / Orange,M,72,70.1,93.7,127,35.0,35.1,35.0,127,35.1,127,46.8,46.9,35.0 / 127,35.1 / 127
9108,GA,Orange,M,72,69.2,92.6,126,34.7,34.5,34.7,126,34.5,126,46.4,46.2,34.7 / 126,34.5 / 126
9108,GA,Orange / Green,M,72,67.9,90.7,123,34.1,33.8,34.1,125,33.8,121,45.7,45.0,34.1 / 125,33.8 / 121
9108,GA,Green,M,72,66.7,89.0,120,33.4,33.3,33.4,121,33.3,119,44.6,44.4,33.4 / 121,33.3 / 119
9108,GA,Green / Purple,M,72,64.3,85.6,115,32.2,32.1,32.2,114,32.1,116,42.8,42.9,32.2 / 114,32.1 / 116
9108,GA,Purple,M,72,60.4,77.9,95,30.1,30.3,30.1,95,30.3,94,38.9,39.0,30.1 / 95,30.3 / 94
9108,GA,White,F,72,76.7,104.8,137,38.4,38.3,38.4,136,38.3,137,54.4,54.4,38.4 / 136,38.3 / 137
9108,GA,White / Orange,F,72,75.4,107.2,135,37.6,37.8,37.6,134,37.8,136,53.4,53.8,37.6 / 134,37.8 / 136
9108,GA,Orange,F,72,74.5,106.1,134,37.1,37.4,37.1,133,37.4,135,52.8,53.3,37.1 / 133,37.4 / 135
9108,GA,Orange / Green,F,72,72.9,103.6,130,36.7,36.2,36.7,132,36.2,128,52.3,51.3,36.7 / 132,36.2 / 128
9108,GA,Green,F,72,71.3,100.7,125,35.5,35.8,35.5,124,35.8,126,50.1,50.6,35.5 / 124,35.8 / 126
9108,GA,Green / Purple,F,72,68.8,96.6,118,34.4,34.4,34.4,116,34.4,120,48.1,48.5,34.4 / 116,34.4 / 120
9108,GA,Purple,F,72,65.6,92.5,114,32.5,33.1,32.5,112,33.1,116,45.7,46.8,32.5 / 112,33.1 / 116
9288,GA,Red,M,72,74.0,98.0,129,37.6,36.4,37.6,130,36.4,128,49.7,48.3,37.6 / 130,36.4 / 128
9288,GA,Blue,M,72,72.3,95.3,124,36.6,35.7,36.6,126,35.7,122,48.3,47.0,36.6 / 126,35.7 / 122
9288,GA,White,M,72,70.5,92.8,120,35.5,35.0,35.5,123,35.0,117,46.9,45.9,35.5 / 123,35.0 / 117
9288,GA,Green,M,72,69.1,90.7,116,34.7,34.4,34.7,116,34.4,116,45.5,45.2,34.7 / 116,34.4 / 116
9288,GA,Black,M,72,66.7,87.5,109,33.4,33.3,33.4,109,33.3,109,43.5,43.4,33.4 / 109,33.3 / 109
9288,GA,Green/Black,M,72,66.7,87.5,112,33.4,33.3,33.4,112,33.3,112,43.8,43.7,33.4 / 112,33.3 / 112
9288,GA,Gold,M,72,64.0,83.5,105,32.5,31.5,32.5,107,31.5,103,42.4,41.1,32.5 / 107,31.5 / 103
9288,GA,Silver,M,72,61.0,79.6,100,31.0,30.0,31.0,102,30.0,98,40.5,39.1,31.0 / 102,30.0 / 98
9288,GA,Women's Champ.,F,72,75.1,106.0,131,37.7,37.4,37.7,133,37.4,129,53.4,52.6,37.7 / 133,37.4 / 129
9288,GA,Black,F,72,71.9,100.9,123,36.5,35.4,36.5,124,35.4,122,51.1,49.8,36.5 / 124,35.4 / 122
9288,GA,Gold,F,72,69.1,96.7,117,35.0,34.1,35.0,118,34.1,116,48.9,47.8,35.0 / 118,34.1 / 116
9288,GA,Silver,F,72,63.6,88.6,106,32.2,31.4,32.2,108,31.4,104,44.9,43.7,32.2 / 108,31.4 / 104
9294,GA,Red,M,72,73.9,98.6,133,36.8,37.1,36.8,131,37.1,135,49.0,49.6,36.8 / 131,37.1 / 135
9294,GA,Blue,M,72,72.6,97.0,131,36.1,36.5,36.1,129,36.5,133,48.1,48.9,36.1 / 129,36.5 / 133
9294,GA,White,M,72,70.8,94.6,128,35.1,35.7,35.1,127,35.7,129,46.9,47.7,35.1 / 127,35.7 / 129
9294,GA,Green,M,72,68.6,91.6,124,34.2,34.4,34.2,124,34.4,124,45.7,45.9,34.2 / 124,34.4 / 124
9294,GA,Green/Black,M,72,67.8,89.8,118,33.8,34.0,33.8,117,34.0,119,44.7,45.1,33.8 / 117,34.0 / 119
9294,GA,Black,M,72,66.7,87.7,113,33.2,33.5,33.2,112,33.5,114,43.6,44.1,33.2 / 112,33.5 / 114
9294,GA,Gold,M,72,65.1,85.9,112,32.5,32.6,32.5,112,32.6,112,42.9,43.0,32.5 / 112,32.6 / 112
9294,GA,Ladies Champ.,F,72,74.0,105.2,132,36.8,37.2,36.8,132,37.2,132,52.4,52.8,36.8 / 132,37.2 / 132
9294,GA,Black,F,72,71.7,101.1,125,35.7,36.0,35.7,125,36.0,125,50.4,50.7,35.7 / 125,36.0 / 125
9294,GA,Gold,F,72,69.0,96.6,117,34.5,34.5,34.5,116,34.5,118,48.2,48.4,34.5 / 116,34.5 / 118
9284,GA,Red,M,70,73.8,99.4,138,36.6,37.2,36.6,133,37.2,142,49.0,50.4,36.6 / 133,37.2 / 142
9284,GA,Blue,M,70,72.4,98.2,139,36.0,36.4,36.0,138,36.4,140,48.8,49.4,36.0 / 138,36.4 / 140
9284,GA,White,M,70,70.9,96.0,135,35.3,35.6,35.3,132,35.6,138,47.6,48.4,35.3 / 132,35.6 / 138
9284,GA,Green,M,70,69.2,93.0,128,34.5,34.7,34.5,127,34.7,129,46.3,46.7,34.5 / 127,34.7 / 129
9284,GA,Green/Black,M,70,67.7,90.0,120,33.7,34.0,33.7,119,34.0,121,44.8,45.2,33.7 / 119,34.0 / 121
9284,GA,Black,M,70,66.3,88.1,117,33.0,33.3,33.0,119,33.3,115,44.1,44.0,33.0 / 119,33.3 / 115
9284,GA,Gold,M,70,64.1,84.3,109,32.2,31.9,32.2,111,31.9,107,42.5,41.8,32.2 / 111,31.9 / 107
9284,GA,SIWA,F,70,76.4,110.4,144,38.6,37.8,38.6,145,37.8,143,55.7,54.7,38.6 / 145,37.8 / 143
9284,GA,Ladies Championship,F,70,73.6,106.4,139,36.5,37.1,36.5,138,37.1,140,52.8,53.6,36.5 / 138,37.1 / 140
9284,GA,Black,F,70,71.8,101.2,125,35.9,35.9,35.9,128,35.9,121,51.0,50.2,35.9 / 128,35.9 / 121
9284,GA,Gold,F,70,68.6,97.4,122,34.7,33.9,34.7,123,33.9,121,49.2,48.2,34.7 / 123,33.9 / 121
9036,GA,Black,M,72,74.2,100.0,139,37.4,36.8,37.4,140,36.8,138,50.4,49.6,37.4 / 140,36.8 / 138
9036,GA,Blue,M,72,71.6,96.5,134,36.3,35.3,36.3,133,35.3,135,48.7,47.8,36.3 / 133,35.3 / 135
9036,GA,White,M,72,70.4,94.2,128,35.6,34.8,35.6,129,34.8,127,47.6,46.6,35.6 / 129,34.8 / 127
9036,GA,Green,M,72,69.4,92.8,126,35.2,34.2,35.2,128,34.2,124,47.1,45.7,35.2 / 128,34.2 / 124
9036,GA,Yellow,M,72,68.3,91.1,123,34.5,33.8,34.5,123,33.8,123,45.9,45.2,34.5 / 123,33.8 / 123
9036,GA,Red,M,72,65.5,87.3,117,33.4,32.1,33.4,118,32.1,116,44.4,42.9,33.4 / 118,32.1 / 116
9036,GA,Pink,M,72,61.0,80.6,105,30.3,30.7,30.3,105,30.7,105,40.1,40.5,30.3 / 105,30.7 / 105
9036,GA,White,F,72,75.7,108.5,139,38.7,37.0,38.7,136,37.0,142,54.7,53.8,38.7 / 136,37.0 / 142
9036,GA,Green,F,72,74.4,106.3,135,38.0,36.4,38.0,132,36.4,138,53.6,52.7,38.0 / 132,36.4 / 138
9036,GA,Yellow,F,72,73.3,104.9,134,37.3,36.0,37.3,130,36.0,138,52.6,52.3,37.3 / 130,36.0 / 138
9036,GA,Red,F,72,70.4,99.4,123,35.9,34.5,35.9,125,34.5,121,50.6,48.8,35.9 / 125,34.5 / 121
9036,GA,Pink,F,72,64.0,89.3,107,31.6,32.4,31.6,105,32.4,109,44.0,45.3,31.6 / 105,32.4 / 109
9272,GA,Black,M,72,73.1,99.2,141,36.5,36.6,36.5,139,36.6,142,49.4,49.8,36.5 / 139,36.6 / 142
9272,GA,Black/Gold,M,72,71.9,97.7,139,35.9,36.0,35.9,138,36.0,140,48.7,49.0,35.9 / 138,36.0 / 140
9272,GA,Gold,M,72,70.9,96.3,137,35.5,35.4,35.5,135,35.4,139,48.0,48.3,35.5 / 135,35.4 / 139
9272,GA,Gold/Blue,M,72,69.9,94.4,132,35.2,34.7,35.2,131,34.7,132,47.4,47.0,35.2 / 131,34.7 / 132
9272,GA,Blue,M,72,69.0,92.5,127,34.7,34.3,34.7,125,34.3,128,46.3,46.2,34.7 / 125,34.3 / 128
9272,GA,Blue/Silver,M,72,66.8,89.7,124,33.4,33.4,33.4,122,33.4,125,44.7,45.0,33.4 / 122,33.4 / 125
9272,GA,Silver,M,72,65.3,87.1,117,32.7,32.6,32.7,118,32.6,116,43.7,43.4,32.7 / 118,32.6 / 116
9272,GA,Blue,F,73,74.5,106.9,138,37.4,37.1,37.4,137,37.1,138,53.5,53.4,37.4 / 137,37.1 / 138
9272,GA,Blue/Green,F,73,70.1,99.5,125,35.1,35.0,35.1,123,35.0,126,49.6,49.9,35.1 / 123,35.0 / 126
9272,GA,Silver,F,73,69.6,97.8,120,35.0,34.6,35.0,117,34.6,122,48.8,49.0,35.0 / 117,34.6 / 122
9272,GA,Green,F,72,67.9,95.0,115,34.5,33.4,34.5,114,33.4,115,48.0,47.0,34.5 / 114,33.4 / 115
9061,GA,Gold,M,72,73.0,96.8,128,36.6,36.4,36.6,130,36.4,126,48.7,48.1,36.6 / 130,36.4 / 126
9061,GA,Blue,M,72,71.4,94.8,126,35.8,35.6,35.8,128,35.6,124,47.7,47.1,35.8 / 128,35.6 / 124
9061,GA,SMGA,M,72,70.2,93.2,124,35.3,34.9,35.3,125,34.9,123,46.9,46.3,35.3 / 125,34.9 / 123
9061,GA,White,M,72,68.9,91.4,121,34.3,34.6,34.3,123,34.6,119,45.7,45.7,34.3 / 123,34.6 / 119
9061,GA,Green,M,72,66.2,87.4,114,33.4,32.8,33.4,114,32.8,114,44.0,43.4,33.4 / 114,32.8 / 114
9061,GA,Red,M,72,65.0,85.4,110,32.5,32.5,32.5,110,32.5,110,42.7,42.7,32.5 / 110,32.5 / 110
9061,GA,Silver,M,72,62.2,81.2,102,31.0,31.2,31.0,102,31.2,102,40.5,40.7,31.0 / 102,31.2 / 102
9061,GA,Orange,M,72,62.0,80.8,101,30.8,31.2,30.8,100,31.2,102,40.1,40.7,30.8 / 100,31.2 / 102
9061,GA,White,F,72,74.4,104.6,128,37.1,37.3,37.1,129,37.3,127,52.3,52.3,37.1 / 129,37.3 / 127
9061,GA,Green,F,72,71.0,98.8,118,35.8,35.2,35.8,120,35.2,116,49.9,48.9,35.8 / 120,35.2 / 116
9061,GA,Red,F,72,69.4,96.6,115,34.5,34.9,34.5,116,34.9,114,48.2,48.4,34.5 / 116,34.9 / 114
9061,GA,Silver,F,72,66.0,90.6,104,32.6,33.4,32.6,104,33.4,104,44.9,45.7,32.6 / 104,33.4 / 104
9061,GA,Orange,F,72,65.8,90.1,103,32.4,33.4,32.4,102,33.4,104,44.4,45.7,32.4 / 102,33.4 / 104
8929,GA,Gold,M,72,73.0,97.9,134,37.1,35.9,37.1,133,35.9,135,49.5,48.4,37.1 / 133,35.9 / 135
8929,GA,Players,M,72,71.9,96.5,132,36.5,35.4,36.5,131,35.4,133,48.7,47.8,36.5 / 131,35.4 / 133
8929,GA,Blue,M,72,70.9,95.1,130,36.4,34.5,36.4,129,34.5,131,48.4,46.7,36.4 / 129,34.5 / 131
8929,GA,White,M,72,69.0,92.2,125,34.8,34.2,34.8,126,34.2,124,46.5,45.7,34.8 / 126,34.2 / 124
8929,GA,Black,M,72,66.2,88.7,121,33.8,32.4,33.8,124,32.4,118,45.3,43.4,33.8 / 124,32.4 / 118
8929,GA,Red,M,72,64.8,85.6,112,32.3,32.5,32.3,112,32.5,112,42.7,42.9,32.3 / 112,32.5 / 112
8929,GA,White,F,72,74.4,105.6,132,37.9,36.5,37.9,132,36.5,132,53.5,52.1,37.9 / 132,36.5 / 132
8929,GA,Black,F,72,71.9,100.7,122,36.7,35.2,36.7,121,35.2,123,51.0,49.7,36.7 / 121,35.2 / 123
8929,GA,Red,F,72,69.2,98.0,122,34.5,34.7,34.5,123,34.7,121,49.0,49.0,34.5 / 123,34.7 / 121
9042,GA,Gold,M,72,73.0,97.7,137,36.5,36.5,36.5,139,36.5,135,49.4,49.0,36.5 / 139,36.5 / 135
9042,GA,Black,M,72,71.4,96.0,133,36.0,35.2,36.0,133,35.2,133,48.4,47.6,36.0 / 133,35.2 / 133
9042,GA,Blue,M,72,70.2,94.0,128,35.2,35.0,35.2,130,35.0,126,47.3,46.7,35.2 / 130,35.0 / 126
9042,GA,White,M,72,67.3,89.9,123,33.5,33.7,33.5,122,33.7,123,44.9,45.0,33.5 / 122,33.7 / 123
9042,GA,Green,M,72,64.2,84.5,115,32.3,31.9,32.3,115,31.9,115,42.9,42.6,32.3 / 115,31.9 / 115
9042,GA,Red,M,72,62.5,83.5,112,31.3,31.2,31.3,112,31.2,112,41.8,41.7,31.3 / 112,31.2 / 112
9042,GA,White,F,72,72.5,103.4,131,36.7,35.8,36.7,129,35.8,133,51.9,51.5,36.7 / 129,35.8 / 133
9042,GA,Green,F,72,68.6,96.5,126,34.7,33.9,34.7,126,33.9,126,49.5,48.7,34.7 / 126,33.9 / 126
9042,GA,Red,F,72,66.3,90.5,120,33.4,32.9,33.4,119,32.9,120,47.4,47.1,33.4 / 119,32.9 / 120
9076,GA,Gold,M,72,71.8,94.2,121,35.8,36.0,35.8,121,36.0,121,47.0,47.2,35.8 / 121,36.0 / 121
9076,GA,Blue,M,72,70.8,92.7,118,35.2,35.6,35.2,118,35.6,117,46.2,46.5,35.2 / 118,35.6 / 117
9076,GA,White,M,72,69.3,90.6,115,34.6,34.7,34.6,115,34.7,114,45.3,45.3,34.6 / 115,34.7 / 114
9076,GA,Green,M,72,66.0,86.3,110,32.7,33.3,32.7,110,33.3,109,42.9,43.4,32.7 / 110,33.3 / 109
9076,GA,White,F,72,73.6,102.7,124,36.9,36.7,36.9,119,36.7,128,50.9,51.8,36.9 / 119,36.7 / 128
9076,GA,Green,F,72,70.0,97.6,117,34.9,35.1,34.9,116,35.1,118,48.6,49.0,34.9 / 116,35.1 / 118
9076,GA,Red,F,72,68.0,94.0,110,34.3,33.7,34.3,109,33.7,111,47.2,46.8,34.3 / 109,33.7 / 111
9237,GA,Blue,M,72,70.8,95.3,132,36.5,34.3,36.5,138,34.3,126,49.3,46.0,36.5 / 138,34.3 / 126
9237,GA,White,M,72,69.9,93.8,129,35.9,34.0,35.9,135,34.0,123,48.4,45.4,35.9 / 135,34.0 / 123
9237,GA,Yellow,M,72,66.3,87.7,115,33.9,32.4,33.9,117,32.4,113,44.8,42.9,33.9 / 117,32.4 / 113
9237,GA,Green,M,72,64.9,85.9,113,32.9,32.0,32.9,115,32.0,111,43.6,42.3,32.9 / 115,32.0 / 111
9237,GA,White,F,72,75.3,106.5,132,38.8,36.5,38.8,137,36.5,127,55.0,51.5,38.8 / 137,36.5 / 127
9237,GA,Yellow,F,72,70.4,98.9,121,36.2,34.2,36.2,126,34.2,116,51.0,47.9,36.2 / 126,34.2 / 116
9237,GA,Green,F,72,69.0,96.6,117,35.2,33.8,35.2,122,33.8,112,49.6,47.0,35.2 / 122,33.8 / 112
9237,GA,Red,F,72,67.3,94.0,113,34.1,33.2,34.1,116,33.2,110,47.8,46.2,34.1 / 116,33.2 / 110
9109,GA,Black,M,72,71.2,95.7,132,35.6,35.6,35.6,136,35.6,128,48.2,47.5,35.6 / 136,35.6 / 128
9109,GA,Blue,M,72,70.3,90.9,128,35.2,35.1,35.2,133,35.1,123,47.6,46.5,35.2 / 133,35.1 / 123
9109,GA,White,M,72,68.8,92.0,125,34.8,34.0,34.8,129,34.0,121,46.8,45.2,34.8 / 129,34.0 / 121
9109,GA,Gold,M,72,65.5,85.5,117,33.0,32.5,33.0,119,32.5,114,44.1,43.1,33.0 / 119,32.5 / 114
9109,GA,Red,M,72,63.8,83.0,113,32.3,31.5,32.3,104,31.5,102,42.0,41.0,32.3 / 104,31.5 / 102
9109,GA,Gold,F,72,70.6,99.6,123,35.4,35.2,35.4,125,35.2,121,50.1,49.5,35.4 / 125,35.2 / 121
9109,GA,Red,F,72,68.6,97.2,118,34.5,34.1,34.5,120,34.1,116,48.7,47.8,34.5 / 120,34.1 / 116
8948,GA,Gold,M,72,74.1,101.2,146,36.9,37.2,36.9,143,37.2,149,50.2,51.0,36.9 / 143,37.2 / 149
8948,GA,Tournament,M,72,72.8,99.2,142,36.4,36.4,36.4,139,36.4,145,49.3,49.9,36.4 / 139,36.4 / 145
8948,GA,Green,M,72,72.6,98.9,142,36.3,36.3,36.3,140,36.3,143,49.3,49.6,36.3 / 140,36.3 / 143
8948,GA,Blue,M,72,71.2,96.8,138,35.7,35.5,35.7,135,35.5,141,48.2,48.6,35.7 / 135,35.5 / 141
8948,GA,Blue/White,M,72,69.9,95.2,136,35.0,34.9,35.0,132,34.9,140,47.3,47.9,35.0 / 132,34.9 / 140
8948,GA,White,M,72,68.9,93.4,132,34.5,34.4,34.5,130,34.4,133,46.6,46.8,34.5 / 130,34.4 / 133
8948,GA,White/Gray,M,72,67.4,91.2,128,33.9,33.5,33.9,128,33.5,128,45.8,45.4,33.9 / 128,33.5 / 128
8948,GA,Gray,M,71,64.9,87.5,122,32.7,32.2,32.7,119,32.2,124,43.8,43.7,32.7 / 119,32.2 / 124
8948,GA,Red,M,71,64.0,86.0,118,32.0,32.0,32.0,118,32.0,118,43.0,43.0,32.0 / 118,32.0 / 118
8948,GA,Green,F,72,78.6,112.7,145,39.3,39.3,39.3,139,39.3,150,55.7,57.0,39.3 / 139,39.3 / 150
8948,GA,Blue,F,72,77.0,110.2,141,38.4,38.6,38.4,138,38.6,143,54.7,55.5,38.4 / 138,38.6 / 143
8948,GA,White,F,72,73.8,105.6,136,37.0,36.8,37.0,135,36.8,136,52.9,52.7,37.0 / 135,36.8 / 136
8948,GA,Gray,F,72,70.4,99.9,125,35.1,35.3,35.1,122,35.3,128,49.5,50.4,35.1 / 122,35.3 / 128
8948,GA,Red,F,72,69.1,97.8,122,34.3,34.8,34.3,120,34.8,124,48.4,49.4,34.3 / 120,34.8 / 124
9197,GA,Gold,M,72,74.2,100.6,142,37.0,37.2,37.0,137,37.2,147,49.7,50.9,37.0 / 137,37.2 / 147
9197,GA,Blue/Gold,M,72,73.5,99.5,140,36.5,37.0,36.5,135,37.0,145,49.0,50.5,36.5 / 135,37.0 / 145
9197,GA,Blue,M,72,72.7,98.4,138,36.2,36.5,36.2,133,36.5,143,48.6,49.8,36.2 / 133,36.5 / 143
9197,GA,White/Blue,M,72,71.0,96.3,136,35.5,35.5,35.5,131,35.5,141,47.7,48.6,35.5 / 131,35.5 / 141
9197,GA,White,M,72,69.9,94.8,134,35.0,34.9,35.0,129,34.9,139,47.0,47.8,35.0 / 129,34.9 / 139
9197,GA,Red/White,M,72,67.6,91.4,128,33.7,33.9,33.7,126,33.9,130,45.4,46.0,33.7 / 126,33.9 / 130
9197,GA,Red,M,72,65.7,88.5,123,32.6,33.1,32.6,122,33.1,124,43.9,44.6,32.6 / 122,33.1 / 124
9197,GA,Blue,F,72,78.3,113.4,149,39.0,39.3,39.0,148,39.3,150,56.4,57.0,39.0 / 148,39.3 / 150
9197,GA,White/Blue,F,72,76.7,110.8,145,38.2,38.5,38.2,143,38.5,146,55.1,55.7,38.2 / 143,38.5 / 146
9197,GA,White,F,72,75.8,109.3,142,37.7,38.1,37.7,141,38.1,143,54.3,55.0,37.7 / 141,38.1 / 143
9197,GA,Red/White,F,72,73.8,105.2,133,36.8,37.0,36.8,128,37.0,138,51.9,53.3,36.8 / 128,37.0 / 138
9197,GA,Red,F,72,71.0,100.0,123,35.2,35.8,35.2,118,35.8,128,49.1,50.9,35.2 / 118,35.8 / 128
9167,GA,Silver,M,72,75.2,102.8,149,37.5,37.7,37.5,149,37.7,149,51.3,51.5,37.5 / 149,37.7 / 149
9167,GA,Silver/Black,M,72,73.8,101.0,146,36.8,37.0,36.8,146,37.0,146,50.4,50.6,36.8 / 146,37.0 / 146
9167,GA,Black,M,72,72.8,99.2,142,36.3,36.5,36.3,142,36.5,142,49.5,49.7,36.3 / 142,36.5 / 142
9167,GA,Black/Gold,M,72,71.8,97.8,140,35.8,36.0,35.8,140,36.0,140,48.8,49.0,35.8 / 140,36.0 / 140
9167,GA,Gold,M,72,70.8,96.2,137,35.5,35.3,35.5,136,35.3,138,48.1,48.1,35.5 / 136,35.3 / 138
9167,GA,Gold/Blue,M,72,69.6,94.1,132,34.9,34.7,34.9,130,34.7,134,47.0,47.1,34.9 / 130,34.7 / 134
9167,GA,Blue,M,72,68.3,91.7,126,34.2,34.1,34.2,124,34.1,128,45.7,46.0,34.2 / 124,34.1 / 128
9167,GA,Blue/White,M,72,66.7,89.1,121,33.5,33.2,33.5,121,33.2,121,44.7,44.4,33.5 / 121,33.2 / 121
9167,GA,White,M,72,65.8,87.9,119,33.0,32.8,33.0,119,32.8,119,44.1,43.8,33.0 / 119,32.8 / 119
9167,GA,White/Red,M,72,64.7,86.0,115,32.2,32.5,32.2,114,32.5,116,42.8,43.2,32.2 / 114,32.5 / 116
9167,GA,Red,M,72,64.0,84.8,112,31.9,32.1,31.9,111,32.1,113,42.2,42.6,31.9 / 111,32.1 / 113
9167,GA,Black,F,72,79.2,114.6,150,39.7,39.5,39.7,146,39.5,154,56.9,57.7,39.7 / 146,39.5 / 154
9167,GA,Black/Gold,F,72,78.0,112.9,148,38.8,39.2,38.8,144,39.2,152,55.8,57.1,38.8 / 144,39.2 / 152
9167,GA,Gold,F,72,76.8,111.0,145,38.3,38.5,38.3,141,38.5,149,54.9,56.1,38.3 / 141,38.5 / 149
9167,GA,Gold/Blue,F,72,75.2,108.2,140,37.7,37.5,37.7,135,37.5,145,53.6,54.6,37.7 / 135,37.5 / 145
9167,GA,Blue,F,72,73.7,105.7,136,36.9,36.8,36.9,131,36.8,141,52.3,53.4,36.9 / 131,36.8 / 141
9167,GA,Blue/White,F,72,71.9,102.8,131,36.0,35.9,36.0,130,35.9,132,51.3,51.5,36.0 / 130,35.9 / 132
9167,GA,White,F,72,70.9,101.3,129,35.7,35.2,35.7,128,35.2,130,50.8,50.5,35.7 / 128,35.2 / 130
9167,GA,White/Red,F,72,69.8,99.5,126,34.8,35.0,34.8,124,35.0,128,49.4,50.1,34.8 / 124,35.0 / 128
9167,GA,Red,F,72,68.2,97.0,122,33.8,34.4,33.8,120,34.4,124,48.0,49.0,33.8 / 120,34.4 / 124
9032,GA,Black,M,61,59.5,77.5,97,30.2,29.3,30.2,100,29.3,94,39.5,38.0,30.2 / 100,29.3 / 94
9032,GA,White,M,61,57.8,74.4,89,29.2,28.6,29.2,92,28.6,86,37.8,36.6,29.2 / 92,28.6 / 86
9032,GA,Black,F,61,61.4,86.0,104,31.4,30.0,31.4,105,30.0,103,43.8,42.2,31.4 / 105,30.0 / 103
9032,GA,White,F,61,58.7,82.1,99,29.7,29.0,29.7,98,29.0,100,41.3,40.8,29.7 / 98,29.0 / 100
9143,GA,Gold,M,72,73.0,98.1,135,36.2,36.8,36.2,132,36.8,138,48.5,49.6,36.2 / 132,36.8 / 138
9143,GA,Championship,M,72,73.0,98.1,135,36.2,36.8,36.2,132,36.8,138,48.5,49.6,36.2 / 132,36.8 / 138
9143,GA,Blue,M,72,70.6,94.0,126,35.3,35.3,35.3,124,35.3,128,46.8,47.2,35.3 / 124,35.3 / 128
9143,GA,White,M,72,67.5,89.8,120,33.7,33.8,33.7,117,33.8,123,44.6,45.2,33.7 / 117,33.8 / 123
9143,GA,Black,M,72,64.9,86.3,116,32.2,32.7,32.2,112,32.7,119,42.5,43.8,32.2 / 112,32.7 / 119
9143,GA,Red,M,72,63.2,83.5,109,31.4,31.8,31.4,105,31.8,113,41.2,42.3,31.4 / 105,31.8 / 113
9143,GA,Family,M,72,59.0,76.6,95,28.6,30.4,28.6,93,30.4,97,37.2,39.4,28.6 / 93,30.4 / 97
9143,GA,Gold,F,72,78.6,111.2,138,39.3,39.3,39.3,134,39.3,142,55.1,56.1,39.3 / 134,39.3 / 142
9143,GA,Blue,F,72,75.7,106.8,132,38.1,37.6,38.1,127,37.6,137,53.1,53.7,38.1 / 127,37.6 / 137
9143,GA,White,F,72,72.5,102.5,127,36.2,36.3,36.2,122,36.3,132,50.6,51.9,36.2 / 122,36.3 / 132
9143,GA,Black,F,72,69.4,97.8,121,34.5,34.9,34.5,114,34.9,127,47.9,49.9,34.5 / 114,34.9 / 127
9143,GA,Red,F,72,68.0,95.1,115,33.7,34.3,33.7,110,34.3,120,46.7,48.4,33.7 / 110,34.3 / 120
9143,GA,Family,F,72,63.5,87.6,102,31.5,32.0,31.5,100,32.0,104,43.3,44.3,31.5 / 100,32.0 / 104
9017,GA,Black,M,71,71.9,96.8,134,35.6,36.3,35.6,136,36.3,132,48.2,48.6,35.6 / 136,36.3 / 132
9017,GA,Blue,M,71,70.3,94.7,131,35.2,35.1,35.2,133,35.1,129,47.6,47.1,35.2 / 133,35.1 / 129
9017,GA,White,M,71,68.4,91.6,125,34.4,34.0,34.4,126,34.0,124,46.1,45.5,34.4 / 126,34.0 / 124
9017,GA,Red/White Combo,M,71,66.4,88.8,121,33.1,33.3,33.1,121,33.3,121,44.3,44.5,33.1 / 121,33.3 / 121
9017,GA,Red,M,71,64.7,86.6,118,32.7,32.0,32.7,118,32.0,117,43.7,42.9,32.7 / 118,32.0 / 117
9017,GA,White,F,71,73.5,104.0,130,36.8,36.7,36.8,122,36.7,137,51.2,52.8,36.8 / 122,36.7 / 137
9017,GA,Red/White Combo,F,71,70.7,99.4,122,35.0,35.7,35.0,112,35.7,131,48.2,51.2,35.0 / 112,35.7 / 131
9017,GA,Red,F,71,68.9,96.0,115,34.5,34.4,34.5,109,34.4,120,47.4,48.6,34.5 / 109,34.4 / 120
9016,GA,Black,M,70,73.3,97.5,131,36.7,36.7,36.7,130,36.7,132,48.8,49.0,36.7 / 130,36.7 / 132
9016,GA,Blue,M,70,70.3,93.6,126,35.3,35.0,35.3,128,35.0,124,47.2,46.4,35.3 / 128,35.0 / 124
9016,GA,White,M,70,69.2,92.0,123,34.6,34.6,34.6,125,34.6,121,46.2,45.8,34.6 / 125,34.6 / 121
9016,GA,White/Red,M,70,67.9,89.8,118,34.0,33.9,34.0,121,33.9,115,45.2,44.6,34.0 / 121,33.9 / 115
9016,GA,Red,M,70,66.1,87.2,114,32.5,33.6,32.5,115,33.6,112,43.2,44.0,32.5 / 115,33.6 / 112
9016,GA,Yellow,M,65,58.4,75.9,94,29.3,29.1,29.3,98,29.1,90,38.4,37.5,29.3 / 98,29.1 / 90
9016,GA,Family Yellow,M,65,57.8,74.6,91,29.0,28.8,29.0,93,28.8,88,37.6,37.0,29.0 / 93,28.8 / 88
9016,GA,Family Green,M,55,52.2,66.7,78,26.1,26.1,26.1,81,26.1,75,33.6,33.1,26.1 / 81,26.1 / 75
9016,GA,White,F,71,73.1,103.0,127,36.4,36.7,36.4,126,36.7,127,51.3,51.7,36.4 / 126,36.7 / 127
9016,GA,White/Red,F,71,71.1,99.4,120,35.2,35.9,35.2,120,35.9,120,49.4,50.0,35.2 / 120,35.9 / 120
9016,GA,Red,F,71,70.1,97.9,118,34.5,35.6,34.5,116,35.6,120,48.2,49.7,34.5 / 116,35.6 / 120
9016,GA,Yellow,F,71,60.9,84.9,102,30.7,30.2,30.7,104,30.2,99,43.0,41.9,30.7 / 104,30.2 / 99
9016,GA,Family Yellow,F,65,60.6,83.0,95,29.9,30.7,29.9,91,30.7,99,40.6,42.4,29.9 / 91,30.7 / 99
9016,GA,Family Green,F,55,54.6,74.6,85,27.2,27.4,27.2,85,27.4,85,37.1,37.5,27.2 / 85,27.4 / 85
9150,GA,Gold,M,72,73.0,98.2,136,36.4,36.6,36.4,135,36.6,137,48.9,49.3,36.4 / 135,36.6 / 137
9150,GA,Blue,M,72,71.0,95.4,131,35.4,35.6,35.4,130,35.6,132,47.5,47.9,35.4 / 130,35.6 / 132
9150,GA,White,M,72,68.7,91.5,123,34.3,34.4,34.3,121,34.4,125,45.5,46.0,34.3 / 121,34.4 / 125
9150,GA,Red,M,72,65.8,87.6,117,32.8,33.0,32.8,115,33.0,119,43.5,44.1,32.8 / 115,33.0 / 119
9150,GA,White,F,72,74.1,106.1,136,36.9,37.2,36.9,136,37.2,136,52.9,53.2,36.9 / 136,37.2 / 136
9150,GA,Red,F,72,71.1,101.2,128,35.4,35.7,35.4,126,35.7,130,50.2,51.0,35.4 / 126,35.7 / 130
9150,GA,Green,F,72,69.3,97.8,121,34.5,34.8,34.5,118,34.8,124,48.4,49.4,34.5 / 118,34.8 / 124
8969,GA,Gold,M,72,73.4,97.8,131,37.0,36.4,37.0,132,36.4,130,49.3,48.5,37.0 / 132,36.4 / 130
8969,GA,Blue,M,72,71.4,94.8,126,35.9,35.5,35.9,130,35.5,122,48.0,46.8,35.9 / 130,35.5 / 122
8969,GA,White,M,72,69.0,91.8,123,34.7,34.3,34.7,125,34.3,121,46.3,45.5,34.7 / 125,34.3 / 121
8969,GA,Green,M,72,66.8,89.1,120,33.7,33.1,33.7,123,33.1,117,45.1,44.0,33.7 / 123,33.1 / 117
8969,GA,Red,M,72,64.8,85.8,113,32.9,31.9,32.9,116,31.9,110,43.7,42.1,32.9 / 116,31.9 / 110
8969,GA,White,F,72,74.9,106.1,132,37.6,37.3,37.6,132,37.3,132,53.2,52.9,37.6 / 132,37.3 / 132
8969,GA,Green,F,72,72.3,102.5,128,36.4,35.9,36.4,127,35.9,129,51.4,51.1,36.4 / 127,35.9 / 129
8969,GA,Red,F,72,69.8,98.1,120,35.3,34.5,35.3,122,34.5,118,49.7,48.4,35.3 / 122,34.5 / 118
9096,GA,Blue,M,71,70.1,93.3,125,35.3,34.8,35.3,124,34.8,126,46.8,46.5,35.3 / 124,34.8 / 126
9096,GA,White,M,71,68.8,91.6,123,34.7,34.1,34.7,122,34.1,124,46.0,45.6,34.7 / 122,34.1 / 124
9096,GA,Gold,M,71,66.5,87.8,115,33.9,32.6,33.9,120,32.6,110,45.0,42.8,33.9 / 120,32.6 / 110
9096,GA,Gold,F,71,71.9,102.0,128,37.0,34.9,37.0,130,34.9,126,52.3,49.7,37.0 / 130,34.9 / 126
9096,GA,Red,F,71,69.9,99.1,124,35.5,34.4,35.5,125,34.4,123,50.2,48.9,35.5 / 125,34.4 / 123
9285,GA,Blue,M,72,71.7,97.9,141,35.8,35.9,35.8,141,35.9,141,48.9,49.0,35.8 / 141,35.9 / 141
9285,GA,Pro's Choice,M,72,69.8,94.7,134,35.1,34.7,35.1,133,34.7,135,47.5,47.2,35.1 / 133,34.7 / 135
9285,GA,White,M,72,68.8,93.0,130,34.5,34.3,34.5,129,34.3,131,46.5,46.5,34.5 / 129,34.3 / 131
9285,GA,Gentlemen's Choice,M,72,67.3,89.9,122,33.5,33.8,33.5,121,33.8,123,44.7,45.2,33.5 / 121,33.8 / 123
9285,GA,Gold,M,72,66.3,88.2,118,33.1,33.2,33.1,115,33.2,121,43.8,44.4,33.1 / 115,33.2 / 121
9285,GA,Red,M,72,61.6,81.7,109,30.8,30.8,30.8,108,30.8,110,40.8,40.9,30.8 / 108,30.8 / 110
9285,GA,White,F,72,74.6,106.2,134,37.2,37.4,37.2,132,37.4,136,52.8,53.4,37.2 / 132,37.4 / 136
9285,GA,Gold,F,72,71.4,101.3,127,35.7,35.7,35.7,125,35.7,129,50.4,50.9,35.7 / 125,35.7 / 129
9285,GA,Red,F,72,65.2,91.1,110,33.1,32.1,33.1,111,32.1,109,46.2,44.9,33.1 / 111,32.1 / 109
29300,GA,Black,M,72,74.0,99.5,137,36.7,37.3,36.7,134,37.3,140,49.2,50.3,36.7 / 134,37.3 / 140
29300,GA,Gold,M,72,72.7,97.6,134,36.1,36.6,36.1,130,36.6,138,48.2,49.4,36.1 / 130,36.6 / 138
29300,GA,Blue,M,72,70.7,94.5,128,35.0,35.7,35.0,123,35.7,133,46.4,48.1,35.0 / 123,35.7 / 133
29300,GA,White,M,72,68.6,91.3,122,34.2,34.4,34.2,118,34.4,126,45.2,46.1,34.2 / 118,34.4 / 126
29300,GA,White/Red Combo,M,72,65.6,86.2,111,32.3,33.3,32.3,106,33.3,116,42.1,44.1,32.3 / 106,33.3 / 116
29300,GA,Red,M,72,64.6,83.9,104,32.2,32.4,32.2,101,32.4,107,41.6,42.3,32.2 / 101,32.4 / 107
29300,GA,White,F,72,74.4,106.2,135,37.2,37.2,37.2,133,37.2,137,52.9,53.3,37.2 / 133,37.2 / 137
29300,GA,White/Red Combo,F,72,71.3,101.7,129,35.3,36.0,35.3,124,36.0,134,49.9,51.8,35.3 / 124,36.0 / 134
29300,GA,Red,F,72,70.6,98.9,120,35.2,35.4,35.2,120,35.4,120,49.3,49.6,35.2 / 120,35.4 / 120
9241,GA,Black,M,72,73.9,99.2,136,36.6,37.3,36.6,132,37.3,140,48.9,50.3,36.6 / 132,37.3 / 140
9241,GA,Gold,M,72,72.6,97.3,133,36.0,36.6,36.0,128,36.6,138,47.9,49.4,36.0 / 128,36.6 / 138
9241,GA,Blue,M,72,70.8,94.8,129,35.1,35.7,35.1,125,35.7,133,46.7,48.1,35.1 / 125,35.7 / 133
9241,GA,White,M,72,68.9,91.9,124,34.5,34.4,34.5,122,34.4,126,45.8,46.1,34.5 / 122,34.4 / 126
9241,GA,Green,M,72,65.8,86.6,112,32.5,33.3,32.5,108,33.3,116,42.5,44.1,32.5 / 108,33.3 / 116
9241,GA,Red,M,72,64.8,84.3,105,32.4,32.4,32.4,103,32.4,107,42.0,42.3,32.4 / 103,32.4 / 107
9241,GA,White,F,72,74.5,106.4,135,37.3,37.2,37.3,133,37.2,137,53.0,53.4,37.3 / 133,37.2 / 137
9241,GA,Green,F,72,71.5,102.2,130,35.5,36.0,35.5,126,36.0,134,50.4,51.8,35.5 / 126,36.0 / 134
9241,GA,Red,F,72,70.7,99.1,120,35.3,35.4,35.3,120,35.4,120,49.5,49.6,35.3 / 120,35.4 / 120
9011,GA,Gold,M,72,72.7,97.6,134,36.1,36.6,36.1,135,36.6,133,48.6,49.0,36.1 / 135,36.6 / 133
9011,GA,Blue,M,72,70.5,94.7,130,35.0,35.5,35.0,130,35.5,130,47.1,47.6,35.0 / 130,35.5 / 130
9011,GA,Member,M,72,69.3,92.1,123,34.6,34.7,34.6,121,34.7,125,45.8,46.3,34.6 / 121,34.7 / 125
9011,GA,White,M,72,68.4,90.7,120,34.5,33.9,34.5,121,33.9,119,45.7,45.0,34.5 / 121,33.9 / 119
9011,GA,Senior,M,72,67.5,89.4,117,33.4,34.1,33.4,116,34.1,118,44.2,45.1,33.4 / 116,34.1 / 118
9011,GA,Green,M,72,65.7,87.1,115,32.6,33.1,32.6,113,33.1,117,43.1,44.0,32.6 / 113,33.1 / 117
9011,GA,Green/Red,M,72,64.6,85.3,112,32.3,32.3,32.3,110,32.3,114,42.5,42.8,32.3 / 110,32.3 / 114
9011,GA,Red,M,72,63.5,84.1,110,31.8,31.9,31.8,108,31.9,112,41.8,42.3,31.8 / 108,31.9 / 112
9011,GA,White,F,72,73.6,103.6,127,36.6,37.0,36.6,127,37.0,127,51.6,52.0,36.6 / 127,37.0 / 127
9011,GA,White/Green,F,72,72.3,101.5,124,36.0,36.3,36.0,124,36.3,124,50.6,50.9,36.0 / 124,36.3 / 124
9011,GA,Green,F,72,70.6,99.2,121,35.0,35.6,35.0,121,35.6,121,49.3,49.9,35.0 / 121,35.6 / 121
9011,GA,Green/Red,F,72,69.7,97.8,120,34.4,35.3,34.4,117,35.3,121,48.2,49.6,34.4 / 117,35.3 / 121
9011,GA,Red,F,72,68.2,95.6,116,33.7,34.5,33.7,114,34.5,118,47.2,48.4,33.7 / 114,34.5 / 118
9011,GA,Red/Purple,F,72,66.3,92.7,112,33.1,33.2,33.1,108,33.2,116,45.8,46.9,33.1 / 108,33.2 / 116
9011,GA,Purple,F,72,64.5,89.2,107,32.0,32.5,32.0,104,32.5,110,44.3,45.5,32.0 / 104,32.5 / 110
8992,GA,Blue,M,72,72.0,96.4,131,36.0,36.0,36.0,130,36.0,132,48.1,48.3,36.0 / 130,36.0 / 132
8992,GA,White,M,72,70.8,94.2,126,35.5,35.3,35.5,126,35.3,126,47.2,47.0,35.5 / 126,35.3 / 126
8992,GA,White/Gold,M,72,68.3,90.6,120,34.8,33.5,34.8,123,33.5,117,46.2,44.4,34.8 / 123,33.5 / 117
8992,GA,Gold,M,72,66.1,86.9,112,33.7,32.4,33.7,114,32.4,110,44.3,42.6,33.7 / 114,32.4 / 110
8992,GA,Red,M,72,65.6,86.2,111,33.4,32.2,33.4,113,32.2,109,43.9,42.3,33.4 / 113,32.2 / 109
8992,GA,White/Gold,F,72,73.8,102.7,123,37.6,36.2,37.6,126,36.2,120,52.4,50.3,37.6 / 126,36.2 / 120
8992,GA,Gold,F,72,70.9,98.5,117,36.1,34.8,36.1,115,34.8,119,49.7,48.8,36.1 / 115,34.8 / 119
8992,GA,Red,F,72,70.5,97.6,115,35.8,34.7,35.8,113,34.7,117,49.1,48.5,35.8 / 113,34.7 / 117
9149,GA,Blue,M,71,71.3,96.4,135,34.6,36.7,34.6,134,36.7,136,47.1,49.3,34.6 / 134,36.7 / 136
9149,GA,Pomp,M,71,70.5,95.1,132,34.3,36.2,34.3,131,36.2,133,46.5,48.6,34.3 / 131,36.2 / 133
9149,GA,White,M,71,70.1,93.9,128,34.1,36.0,34.1,126,36.0,130,45.8,48.1,34.1 / 126,36.0 / 130
9149,GA,Jones,M,71,68.8,92.0,125,33.4,35.4,33.4,122,35.4,128,44.7,47.3,33.4 / 122,35.4 / 128
9149,GA,Gold,M,71,68.3,90.6,120,33.1,35.2,33.1,117,35.2,123,44.0,46.6,33.1 / 117,35.2 / 123
9149,GA,Suggs,M,71,66.8,88.6,117,32.7,34.1,32.7,115,34.1,119,43.4,45.2,32.7 / 115,34.1 / 119
9149,GA,Red,M,71,65.5,85.9,110,32.4,33.1,32.4,107,33.1,113,42.3,43.6,32.4 / 107,33.1 / 113
9149,GA,Blue,F,74,76.9,109.7,139,37.3,39.6,37.3,136,39.6,142,53.3,56.4,37.3 / 136,39.6 / 142
9149,GA,Pomp,F,71,76.0,108.3,137,36.9,39.1,36.9,135,39.1,139,52.8,55.5,36.9 / 135,39.1 / 139
9149,GA,White,F,71,75.3,107.2,135,36.4,38.9,36.4,133,38.9,137,52.1,55.1,36.4 / 133,38.9 / 137
9149,GA,Jones,F,71,74.2,105.1,131,35.8,38.4,35.8,130,38.4,132,51.1,54.0,35.8 / 130,38.4 / 132
9149,GA,Gold,F,71,72.8,103.2,129,35.2,37.6,35.2,128,37.6,130,50.3,52.9,35.2 / 128,37.6 / 130
9149,GA,Suggs,F,71,71.1,100.3,124,34.8,36.3,34.8,123,36.3,125,49.3,51.0,34.8 / 123,36.3 / 125
9149,GA,Red,F,71,69.1,97.2,119,33.9,35.2,33.9,117,35.2,121,47.7,49.5,33.9 / 117,35.2 / 121
8991,GA,Black,M,73,71.8,95.4,127,35.0,36.8,35.0,126,36.8,128,46.7,48.7,35.0 / 126,36.8 / 128
8991,GA,Silver,M,73,71.2,94.4,125,34.6,36.6,34.6,123,36.6,127,46.0,48.4,34.6 / 123,36.6 / 127
8991,GA,Blue,M,73,70.0,92.8,123,34.3,35.7,34.3,121,35.7,125,45.5,47.3,34.3 / 121,35.7 / 125
8991,GA,White,M,73,69.0,91.3,120,33.8,35.2,33.8,117,35.2,123,44.7,46.6,33.8 / 117,35.2 / 123
8991,GA,Gold,M,73,66.2,87.4,114,33.0,33.2,33.0,115,33.2,113,43.7,43.7,33.0 / 115,33.2 / 113
8991,GA,Gold,F,73,71.0,100.3,124,35.4,35.6,35.4,121,35.6,127,49.7,50.6,35.4 / 121,35.6 / 127
8991,GA,Red,F,73,68.3,96.4,119,33.5,34.8,33.5,115,34.8,123,47.1,49.3,33.5 / 115,34.8 / 123
23813,GA,Blue,M,72,71.7,95.7,129,35.2,36.5,35.2,127,36.5,131,47.0,48.7,35.2 / 127,36.5 / 131
23813,GA,White,M,72,70.3,92.7,123,34.9,35.4,34.9,121,35.4,125,46.1,47.0,34.9 / 121,35.4 / 125
23813,GA,Gold,M,72,67.5,89.1,116,33.5,34.0,33.5,114,34.0,118,44.1,45.0,33.5 / 114,34.0 / 118
23813,GA,Gold,F,72,71.6,100.6,123,35.6,36.0,35.6,121,36.0,125,49.9,50.7,35.6 / 121,36.0 / 125
23813,GA,Red,F,72,68.5,95.7,115,33.7,34.8,33.7,114,34.8,116,47.2,48.5,33.7 / 114,34.8 / 116
36912,GA,Blue,M,71,71.6,94.8,125,35.9,35.7,35.9,119,35.7,130,47.0,47.8,35.9 / 119,35.7 / 130
36912,GA,White,M,71,68.9,91.7,123,33.8,35.1,33.8,116,35.1,129,44.6,47.1,33.8 / 116,35.1 / 129
36912,GA,Gold,M,71,63.8,83.7,107,31.3,32.5,31.3,104,32.5,110,41.0,42.7,31.3 / 104,32.5 / 110
36912,GA,Gold,F,71,68.9,96.8,118,33.9,35.0,33.9,116,35.0,120,47.6,49.2,33.9 / 116,35.0 / 120
36912,GA,Red,F,71,68.0,95.7,118,33.4,34.6,33.4,116,34.6,119,47.1,48.6,33.4 / 116,34.6 / 119
9287,GA,Black,M,72,72.7,97.6,134,36.3,36.4,36.3,137,36.4,131,49.0,48.6,36.3 / 137,36.4 / 131
9287,GA,Black-Blue,M,72,71.3,95.8,132,35.6,35.7,35.6,135,35.7,129,48.1,47.7,35.6 / 135,35.7 / 129
9287,GA,Blue,M,72,70.5,94.7,130,35.2,35.3,35.2,132,35.3,128,47.5,47.2,35.2 / 132,35.3 / 128
9287,GA,Blue-Gray,M,72,69.2,92.8,127,34.5,34.7,34.5,127,34.7,127,46.3,46.5,34.5 / 127,34.7 / 127
9287,GA,Gray,M,72,68.5,91.7,125,34.1,34.4,34.1,125,34.4,125,45.7,46.0,34.1 / 125,34.4 / 125
9287,GA,Gray-Green,M,72,67.5,90.3,123,33.6,33.9,33.6,124,33.9,122,45.1,45.2,33.6 / 124,33.9 / 122
9287,GA,Green,M,72,66.5,89.1,122,33.1,33.4,33.1,123,33.4,121,44.5,44.6,33.1 / 123,33.4 / 121
9287,GA,Red,M,72,65.5,87.8,120,33.0,32.5,33.0,119,32.5,121,44.1,43.7,33.0 / 119,32.5 / 121
9287,GA,Gray,F,72,73.5,104.4,131,36.5,37.0,36.5,132,37.0,130,52.1,52.3,36.5 / 132,37.0 / 130
9287,GA,Green,F,72,71.3,100.3,123,35.4,35.9,35.4,124,35.9,122,50.0,50.3,35.4 / 124,35.9 / 122
9287,GA,Red,F,72,69.8,97.1,116,34.6,35.2,34.6,119,35.2,113,48.6,48.5,34.6 / 119,35.2 / 113
9287,GA,Red-Gold,F,72,67.5,94.1,113,33.8,33.7,33.8,114,33.7,112,47.2,46.9,33.8 / 114,33.7 / 112
9287,GA,Gold,F,72,65.4,90.9,108,32.4,33.0,32.4,106,33.0,110,44.9,46.0,32.4 / 106,33.0 / 110
9092,GA,Blue,M,71,71.8,96.0,130,34.9,36.9,34.9,127,36.9,133,46.7,49.3,34.9 / 127,36.9 / 133
9092,GA,Palm,M,71,70.6,94.2,127,34.6,36.0,34.6,126,36.0,128,46.3,47.9,34.6 / 126,36.0 / 128
9092,GA,White,M,71,69.7,92.5,123,34.1,35.6,34.1,122,35.6,124,45.4,47.1,34.1 / 122,35.6 / 124
9092,GA,Green,M,71,68.2,90.4,119,33.2,35.0,33.2,119,35.0,119,44.3,46.1,33.2 / 119,35.0 / 119
9092,GA,Gold,M,71,66.5,88.1,116,32.5,34.0,32.5,116,34.0,116,43.3,44.8,32.5 / 116,34.0 / 116
9092,GA,Red,M,71,65.2,86.2,113,32.0,33.2,32.0,113,33.2,113,42.5,43.7,32.0 / 113,33.2 / 113
9092,GA,Red-Silver,M,71,64.2,84.8,111,31.6,32.6,31.6,111,32.6,111,41.9,42.9,31.6 / 111,32.6 / 111
9092,GA,Silver,M,71,63.3,83.5,109,31.3,32.0,31.3,109,32.0,109,41.4,42.1,31.3 / 109,32.0 / 109
9092,GA,White,F,71,75.9,106.1,128,36.8,39.1,36.8,124,39.1,132,51.4,54.7,36.8 / 124,39.1 / 132
9092,GA,Green,F,71,73.9,103.2,124,35.8,38.1,35.8,121,38.1,127,50.1,53.1,35.8 / 121,38.1 / 127
9092,GA,Gold,F,71,71.7,100.4,122,34.8,36.9,34.8,119,36.9,125,48.8,51.6,34.8 / 119,36.9 / 125
9092,GA,Red,F,71,70.8,98.3,116,34.2,36.0,34.2,115,36.0,117,47.8,49.8,34.2 / 115,36.0 / 117
9092,GA,Lady Palm,F,71,68.4,95.5,115,33.3,35.1,33.3,112,35.1,118,46.5,49.0,33.3 / 112,35.1 / 118
9092,GA,Silver,F,71,67.4,93.8,112,32.9,34.5,32.9,109,34.5,115,45.7,48.1,32.9 / 109,34.5 / 115
9121,GA,Black,M,72,74.0,99.4,137,37.3,36.7,37.3,137,36.7,137,50.0,49.4,37.3 / 137,36.7 / 137
9121,GA,Blue,M,72,71.9,96.7,133,36.1,35.8,36.1,133,35.8,133,48.5,48.2,36.1 / 133,35.8 / 133
9121,GA,White,M,72,68.8,91.4,122,34.6,34.2,34.6,122,34.2,121,45.9,45.4,34.6 / 122,34.2 / 121
9121,GA,White,F,72,73.9,104.2,129,37.1,36.8,37.1,129,36.8,128,52.3,51.9,37.1 / 129,36.8 / 128
9121,GA,Red,F,72,72.6,102.1,125,36.2,36.4,36.2,126,36.4,124,51.1,51.0,36.2 / 126,36.4 / 124
9102,GA,Black,M,72,75.9,104.6,153,38.5,37.4,38.5,154,37.4,152,53.1,51.5,38.5 / 154,37.4 / 152
9102,GA,Gold,M,72,75.1,103.3,152,37.8,37.3,37.8,153,37.3,151,52.0,51.3,37.8 / 153,37.3 / 151
9102,GA,Gold/Blue,M,72,74.1,101.6,148,37.4,36.7,37.4,151,36.7,145,51.4,50.2,37.4 / 151,36.7 / 145
9102,GA,Blue,M,72,72.9,99.5,143,36.9,36.0,36.9,147,36.0,139,50.6,48.9,36.9 / 147,36.0 / 139
9102,GA,Blue/Green,M,72,71.9,97.9,140,36.4,35.5,36.4,143,35.5,137,49.7,48.2,36.4 / 143,35.5 / 137
9102,GA,Green,M,72,70.7,95.7,135,35.8,34.9,35.8,137,34.9,133,48.5,47.2,35.8 / 137,34.9 / 133
9102,GA,Green/White,M,72,69.9,94.4,132,35.4,34.5,35.4,135,34.5,129,47.9,46.5,35.4 / 135,34.5 / 129
9102,GA,White,M,72,69.0,93.5,131,35.2,33.8,35.2,132,33.8,130,47.6,45.9,35.2 / 132,33.8 / 130
9102,GA,White/Red,M,72,67.9,91.7,128,34.6,33.3,34.6,129,33.3,127,46.6,45.1,34.6 / 129,33.3 / 127
9102,GA,Red,M,72,67.0,90.5,126,33.9,33.1,33.9,127,33.1,125,45.7,44.8,33.9 / 127,33.1 / 125
9102,GA,Blue,F,72,79.8,116.9,153,40.8,39.0,40.8,155,39.0,151,60.0,56.9,40.8 / 155,39.0 / 151
9102,GA,Green,F,72,77.5,112.7,149,39.6,37.9,39.6,153,37.9,145,57.7,55.0,39.6 / 153,37.9 / 145
9102,GA,White,F,72,75.7,109.9,145,38.7,37.0,38.7,148,37.0,142,56.2,53.7,38.7 / 148,37.0 / 142
9102,GA,Red,F,72,73.1,105.1,136,37.2,35.9,37.2,138,35.9,134,53.4,51.7,37.2 / 138,35.9 / 134
8931,GA,Truck,M,72,76.3,102.9,143,38.3,38.0,38.3,147,38.0,139,52.0,50.9,38.3 / 147,38.0 / 139
8931,GA,Gold,M,72,73.6,98.9,136,37.1,36.5,37.1,141,36.5,131,50.2,48.7,37.1 / 141,36.5 / 131
8931,GA,Dye,M,72,71.7,95.8,132,36.0,35.7,36.0,136,35.7,128,48.6,47.6,36.0 / 136,35.7 / 128
8931,GA,Green,M,72,70.2,94.2,129,35.4,34.8,35.4,133,34.8,125,47.8,46.4,35.4 / 133,34.8 / 125
8931,GA,White,M,72,68.9,92.3,126,34.7,34.2,34.7,131,34.2,121,46.9,45.4,34.7 / 131,34.2 / 121
8931,GA,Red,M,72,65.5,87.6,119,32.9,32.6,32.9,124,32.6,114,44.4,43.2,32.9 / 124,32.6 / 114
8931,GA,White,F,72,74.0,104.4,129,37.3,36.7,37.3,133,36.7,125,53.0,51.4,37.3 / 133,36.7 / 125
8931,GA,Red,F,72,69.7,98.0,120,35.0,34.7,35.0,125,34.7,115,49.7,48.3,35.0 / 125,34.7 / 115
8946,GA,Championship,M,72,75.1,101.7,143,37.2,37.9,37.2,142,37.9,144,50.4,51.3,37.2 / 142,37.9 / 144
8946,GA,Tournament,M,72,72.3,97.0,133,36.1,36.2,36.1,131,36.2,135,48.3,48.7,36.1 / 131,36.2 / 135
8946,GA,Tournament/Club,M,72,71.3,95.7,131,35.6,35.7,35.6,130,35.7,132,47.7,48.0,35.6 / 130,35.7 / 132
8946,GA,Club,M,72,70.2,93.8,127,34.9,35.3,34.9,126,35.3,128,46.6,47.2,34.9 / 126,35.3 / 128
8946,GA,Club/Medal,M,72,69.2,92.4,125,34.6,34.6,34.6,124,34.6,126,46.1,46.3,34.6 / 124,34.6 / 126
8946,GA,Medal,M,72,67.7,90.7,124,33.6,34.1,33.6,123,34.1,125,45.0,45.7,33.6 / 123,34.1 / 125
8946,GA,Medal/Deer Creek,M,72,66.8,89.4,122,33.2,33.6,33.2,121,33.6,123,44.4,45.0,33.2 / 121,33.6 / 123
8946,GA,Deer Creek,M,72,65.8,88.1,120,32.7,33.1,32.7,119,33.1,121,43.8,44.3,32.7 / 119,33.1 / 121
8946,GA,Deer Creek Island / Combo,M,72,64.0,85.7,117,31.7,32.3,31.7,117,32.3,117,42.6,43.2,31.7 / 117,32.3 / 117
8946,GA,Island,M,72,63.6,85.0,115,31.6,32.0,31.6,115,32.0,115,42.3,42.7,31.6 / 115,32.0 / 115
8946,GA,Island/Skidaway,M,72,62.4,83.4,113,31.2,31.2,31.2,113,31.2,113,41.7,41.7,31.2 / 113,31.2 / 113
8946,GA,Skidaway,M,72,61.3,81.3,108,30.8,30.5,30.8,108,30.5,108,40.8,40.5,30.8 / 108,30.5 / 108
8946,GA,Club,F,72,75.4,108.4,140,37.6,37.8,37.6,139,37.8,141,54.0,54.4,37.6 / 139,37.8 / 141
8946,GA,Club/Medal,F,72,74.3,106.4,136,37.1,37.2,37.1,135,37.2,137,53.0,53.4,37.1 / 135,37.2 / 137
8946,GA,Medal,F,72,72.6,104.2,134,35.9,36.7,35.9,133,36.7,135,51.6,52.6,35.9 / 133,36.7 / 135
8946,GA,Medal/Deer Creek,F,72,71.8,102.0,128,35.7,36.1,35.7,125,36.1,131,50.4,51.6,35.7 / 125,36.1 / 131
8946,GA,Deer Creek,F,72,70.6,100.5,127,35.1,35.5,35.1,125,35.5,129,49.8,50.7,35.1 / 125,35.5 / 129
8946,GA,Deer Creek Island / Combo,F,72,68.7,97.4,122,34.2,34.5,34.2,121,34.5,122,48.5,48.9,34.2 / 121,34.5 / 122
8946,GA,Island,F,72,67.5,95.5,118,33.5,34.0,33.5,118,34.0,120,47.4,48.2,33.5 / 118,34.0 / 120
8946,GA,Island/Skidaway,F,72,65.0,92.2,115,32.7,32.3,32.7,116,32.3,114,46.4,45.8,32.7 / 116,32.3 / 114
8946,GA,Skidaway,F,72,62.5,88.5,110,31.4,31.1,31.4,110,31.1,110,44.4,44.1,31.4 / 110,31.1 / 110
8945,GA,Championship,M,72,74.8,101.0,141,37.0,37.8,37.0,140,37.8,142,50.0,51.0,37.0 / 140,37.8 / 142
8945,GA,Tournament,M,72,72.8,97.9,135,36.1,36.7,36.1,137,36.7,133,48.8,49.1,36.1 / 137,36.7 / 133
8945,GA,Tournament/Club,M,72,72.0,96.5,132,35.8,36.2,35.8,135,36.2,129,48.3,48.2,35.8 / 135,36.2 / 129
8945,GA,Club,M,72,71.5,95.5,129,35.6,35.9,35.6,131,35.9,127,47.8,47.7,35.6 / 131,35.9 / 127
8945,GA,Club/Medal,M,72,70.2,93.6,126,35.0,35.2,35.0,126,35.2,126,46.7,46.9,35.0 / 126,35.2 / 126
8945,GA,Medal,M,72,69.2,92.2,124,34.5,34.7,34.5,124,34.7,124,46.0,46.2,34.5 / 124,34.7 / 124
8945,GA,Medal/Magnolia,M,72,67.4,89.6,119,33.9,33.5,33.9,119,33.5,119,45.0,44.6,33.9 / 119,33.5 / 119
8945,GA,Magnolia,M,72,66.5,88.3,117,33.3,33.2,33.3,117,33.2,117,44.2,44.1,33.3 / 117,33.2 / 117
8945,GA,Magnolia/Island,M,72,64.2,85.4,114,32.3,31.9,32.3,115,31.9,113,43.0,42.4,32.3 / 115,31.9 / 113
8945,GA,Island,M,72,63.0,83.8,112,31.8,31.2,31.8,112,31.2,112,42.2,41.6,31.8 / 112,31.2 / 112
8945,GA,Island/Skidaway,M,72,62.4,82.2,107,31.5,30.9,31.5,107,30.9,107,41.4,40.8,31.5 / 107,30.9 / 107
8945,GA,Skidaway,M,72,61.0,79.8,101,30.5,30.5,30.5,101,30.5,101,39.9,39.9,30.5 / 101,30.5 / 101
8945,GA,Club,F,72,76.3,109.7,142,38.0,38.3,38.0,142,38.3,142,54.7,55.0,38.0 / 142,38.3 / 142
8945,GA,Club/Medal,F,72,75.3,108.1,139,37.6,37.7,37.6,139,37.7,139,54.0,54.1,37.6 / 139,37.7 / 139
8945,GA,Medal,F,72,74.0,105.6,134,36.8,37.2,36.8,134,37.2,134,52.6,53.0,36.8 / 134,37.2 / 134
8945,GA,Medal/Magnolia,F,72,72.0,102.2,128,36.3,35.7,36.3,128,35.7,128,51.4,50.8,36.3 / 128,35.7 / 128
8945,GA,Magnolia,F,72,70.5,99.8,124,35.5,35.0,35.5,126,35.0,122,50.4,49.4,35.5 / 126,35.0 / 122
8945,GA,Magnolia/Island,F,72,68.4,96.2,118,34.2,34.2,34.2,114,34.2,122,47.6,48.6,34.2 / 114,34.2 / 122
8945,GA,Island,F,72,66.9,94.0,115,33.3,33.6,33.3,113,33.6,117,46.6,47.4,33.3 / 113,33.6 / 117
8945,GA,Island/Skidaway,F,72,65.4,91.1,109,33.0,32.4,33.0,109,32.4,109,45.9,45.2,33.0 / 109,32.4 / 109
8945,GA,Skidaway,F,72,62.8,87.4,104,31.1,31.7,31.1,104,31.7,104,43.4,44.0,31.1 / 104,31.7 / 104
9091,GA,Championship,M,72,73.4,98.7,136,37.0,36.4,37.0,133,36.4,139,49.4,49.3,37.0 / 133,36.4 / 139
9091,GA,Tournament,M,72,71.6,96.0,131,36.0,35.6,36.0,129,35.6,133,48.0,48.0,36.0 / 129,35.6 / 133
9091,GA,Tournament/Club,M,72,70.7,94.1,126,35.6,35.1,35.6,123,35.1,129,47.0,47.1,35.6 / 123,35.1 / 129
9091,GA,Club,M,72,70.0,92.8,123,35.3,34.7,35.3,122,34.7,124,46.6,46.2,35.3 / 122,34.7 / 124
9091,GA,Club/Medal,M,72,68.8,91.2,121,34.5,34.3,34.5,121,34.3,121,45.7,45.5,34.5 / 121,34.3 / 121
9091,GA,Medal,M,72,67.9,89.7,117,34.3,33.6,34.3,116,33.6,118,45.1,44.6,34.3 / 116,33.6 / 118
9091,GA,Medal/Marshwood,M,72,66.3,87.7,115,33.3,33.0,33.3,115,33.0,115,44.0,43.7,33.3 / 115,33.0 / 115
9091,GA,Marshwood,M,72,65.2,86.0,112,32.7,32.5,32.7,110,32.5,114,42.9,43.1,32.7 / 110,32.5 / 114
9091,GA,Marshwood Island / Combo,M,72,64.4,85.2,113,32.2,32.1,32.2,111,32.1,114,42.5,42.7,32.2 / 111,32.1 / 114
9091,GA,Island,M,72,63.3,83.9,111,31.5,31.8,31.5,111,31.8,111,41.8,42.1,31.5 / 111,31.8 / 111
9091,GA,Island/Skidaway,M,72,62.1,82.1,108,30.9,31.2,30.9,108,31.2,108,40.9,41.2,30.9 / 108,31.2 / 108
9091,GA,Skidaway,M,72,61.1,80.3,103,30.6,30.5,30.6,103,30.5,103,40.2,40.1,30.6 / 103,30.5 / 103
9091,GA,Club,F,72,75.4,107.2,135,38.0,37.4,38.0,134,37.4,136,53.8,53.4,38.0 / 134,37.4 / 136
9091,GA,Club/Medal,F,72,74.2,105.4,132,37.3,36.9,37.3,131,36.9,133,52.8,52.6,37.3 / 131,36.9 / 133
9091,GA,Medal,F,72,72.7,103.3,130,36.7,36.0,36.7,129,36.0,131,51.9,51.4,36.7 / 129,36.0 / 131
9091,GA,Medal/Marshwood,F,72,71.3,100.3,123,35.8,35.5,35.8,123,35.5,123,50.3,50.0,35.8 / 123,35.5 / 123
9091,GA,Marshwood,F,72,70.0,98.3,120,35.1,34.9,35.1,119,34.9,121,49.1,49.2,35.1 / 119,34.9 / 121
9091,GA,Marshwood Island / Combo,F,72,68.5,95.6,116,34.0,34.3,34.0,116,34.3,116,47.7,48.0,34.0 / 116,34.3 / 116
9091,GA,Island,F,72,67.1,94.0,114,33.3,33.8,33.3,114,33.8,114,46.7,47.3,33.3 / 114,33.8 / 114
9091,GA,Island/Skidaway,F,72,65.7,91.9,111,32.7,33.0,32.7,111,33.0,111,45.8,46.1,32.7 / 111,33.0 / 111
9091,GA,Skidaway,F,72,63.5,88.5,106,31.9,31.6,31.9,105,31.6,107,44.3,44.2,31.9 / 105,31.6 / 107
9146,GA,Championship,M,72,72.9,98.2,137,36.5,36.4,36.5,136,36.4,137,49.1,49.1,36.5 / 136,36.4 / 137
9146,GA,Tournament,M,72,71.1,95.6,132,35.5,35.6,35.5,131,35.6,132,47.7,47.9,35.5 / 131,35.6 / 132
9146,GA,Tournament/Club,M,72,70.5,94.6,130,35.2,35.3,35.2,128,35.3,131,47.1,47.5,35.2 / 128,35.3 / 131
9146,GA,Club,M,72,69.3,93.1,128,34.6,34.7,34.6,127,34.7,129,46.4,46.7,34.6 / 127,34.7 / 129
9146,GA,Club/Medal,M,72,68.2,91.6,126,34.2,34.0,34.2,126,34.0,126,45.9,45.7,34.2 / 126,34.0 / 126
9146,GA,Medal,M,72,67.1,89.9,123,33.6,33.5,33.6,123,33.5,123,45.0,44.9,33.6 / 123,33.5 / 123
9146,GA,Medal/Oakridge,M,72,66.2,88.4,120,33.1,33.1,33.1,120,33.1,120,44.2,44.2,33.1 / 120,33.1 / 120
9146,GA,Oakridge,M,72,65.2,87.0,118,32.4,32.8,32.4,118,32.8,118,43.4,43.8,32.4 / 118,32.8 / 118
9146,GA,Oakridge/Island,M,72,64.3,85.7,115,32.3,32.0,32.3,115,32.0,115,43.0,42.7,32.3 / 115,32.0 / 115
9146,GA,Island,M,72,63.9,84.9,113,32.0,31.9,32.0,113,31.9,113,42.5,42.4,32.0 / 113,31.9 / 113
9146,GA,Island/Skidaway,M,72,63.0,81.8,111,31.5,31.5,31.5,111,31.5,111,41.8,41.8,31.5 / 111,31.5 / 111
9146,GA,Skidaway,M,72,61.9,81.9,108,30.9,31.0,30.9,108,31.0,108,40.9,41.0,30.9 / 108,31.0 / 108
9146,GA,Moon River,M,54,52.6,66.8,77,26.2,26.4,26.2,74,26.4,79,33.1,33.7,26.2 / 74,26.4 / 79
9146,GA,Club,F,72,74.8,107.3,138,37.3,37.5,37.3,136,37.5,140,53.3,54.0,37.3 / 136,37.5 / 140
9146,GA,Club/Medal,F,72,73.5,105.4,135,36.7,36.8,36.7,133,36.8,137,52.4,53.0,36.7 / 133,36.8 / 137
9146,GA,Medal,F,72,72.2,103.1,130,36.0,36.2,36.0,128,36.2,134,51.1,52.0,36.0 / 128,36.2 / 134
9146,GA,Medal/Oakridge,F,72,71.3,100.5,128,35.5,35.8,35.5,124,35.8,132,50.1,51.4,35.5 / 124,35.8 / 132
9146,GA,Oakridge,F,72,70.1,99.4,124,35.0,35.1,35.0,120,35.1,128,49.1,50.2,35.0 / 120,35.1 / 128
9146,GA,Oakridge/Island,F,72,68.7,97.2,121,34.4,34.3,34.4,118,34.3,124,48.3,48.9,34.4 / 118,34.3 / 124
9146,GA,Island,F,72,67.6,93.5,118,33.7,33.9,33.7,116,33.9,120,47.4,48.0,33.7 / 116,33.9 / 120
9146,GA,Island/Skidaway,F,72,65.3,92.4,115,32.7,32.6,32.7,116,32.6,114,46.4,46.0,32.7 / 116,32.6 / 114
9146,GA,Skidaway,F,72,63.9,90.1,111,31.9,32.0,31.9,111,32.0,111,45.0,45.1,31.9 / 111,32.0 / 111
9146,GA,Moon River,F,54,55.1,74.2,81,27.4,27.7,27.4,79,27.7,83,36.7,37.5,27.4 / 79,27.7 / 83
9147,GA,Championship,M,72,74.3,100.0,139,37.3,37.0,37.3,140,37.0,137,50.3,49.7,37.3 / 140,37.0 / 137
9147,GA,Tournament,M,72,72.8,98.0,136,36.5,36.3,36.5,137,36.3,135,49.2,48.8,36.5 / 137,36.3 / 135
9147,GA,Tournament/Club,M,72,71.7,96.4,133,35.9,35.8,35.9,133,35.8,132,48.2,48.2,35.9 / 133,35.8 / 132
9147,GA,Club,M,72,71.0,95.2,131,35.4,35.6,35.4,135,35.6,126,47.9,47.3,35.4 / 135,35.6 / 126
9147,GA,Club/Medal,M,72,69.8,93.4,127,35.0,34.8,35.0,127,34.8,127,46.8,46.6,35.0 / 127,34.8 / 127
9147,GA,Medal,M,72,69.4,92.5,125,34.9,34.5,34.9,125,34.5,124,46.5,46.0,34.9 / 125,34.5 / 124
9147,GA,Medal/Palmetto,M,72,68.2,91.1,123,34.2,34.0,34.2,124,34.0,122,45.7,45.4,34.2 / 124,34.0 / 122
9147,GA,Palmetto,M,72,67.4,89.7,120,33.6,33.8,33.6,121,33.8,119,44.8,44.9,33.6 / 121,33.8 / 119
9147,GA,Palmetto/Island,M,72,65.9,87.5,116,33.0,32.9,33.0,116,32.9,116,43.8,43.7,33.0 / 116,32.9 / 116
9147,GA,Island,M,72,64.0,84.8,112,32.1,31.9,32.1,113,31.9,111,42.6,42.2,32.1 / 113,31.9 / 111
9147,GA,Island/Skidaway,M,72,62.8,82.8,108,31.4,31.4,31.4,109,31.4,107,41.5,41.3,31.4 / 109,31.4 / 107
9147,GA,Skidaway,M,72,61.4,80.7,104,30.7,30.7,30.7,104,30.7,103,40.4,40.3,30.7 / 104,30.7 / 103
9147,GA,Club,F,72,76.0,107.7,135,38.1,37.9,38.1,135,37.9,134,54.0,53.7,38.1 / 135,37.9 / 134
9147,GA,Club/Medal,F,72,74.6,105.6,132,37.4,37.2,37.4,133,37.2,130,53.1,52.5,37.4 / 133,37.2 / 130
9147,GA,Medal,F,72,73.5,103.8,129,37.0,36.5,37.0,129,36.5,128,52.2,51.6,37.0 / 129,36.5 / 128
9147,GA,Medal/Palmetto,F,72,72.1,101.7,126,36.3,35.8,36.3,128,35.8,123,51.4,50.3,36.3 / 128,35.8 / 123
9147,GA,Palmetto,F,72,71.7,100.6,123,36.0,35.7,36.0,123,35.7,122,50.5,50.1,36.0 / 123,35.7 / 122
9147,GA,Palmetto/Island,F,72,69.9,97.5,117,35.1,34.8,35.1,118,34.8,116,49.0,48.5,35.1 / 118,34.8 / 116
9147,GA,Island,F,72,68.4,95.3,114,34.3,34.1,34.3,116,34.1,112,48.0,47.3,34.3 / 116,34.1 / 112
9147,GA,Island/Skidaway,F,72,66.8,92.3,108,33.6,33.2,33.6,110,33.2,106,46.6,45.7,33.6 / 110,33.2 / 106
9147,GA,Skidaway,F,72,64.9,89.4,104,32.6,32.3,32.6,106,32.3,102,45.1,44.3,32.6 / 106,32.3 / 102
9090,GA,Championship,M,72,73.3,98.9,138,36.6,36.7,36.6,138,36.7,138,49.4,49.5,36.6 / 138,36.7 / 138
9090,GA,Tournament,M,72,71.4,96.0,132,35.7,35.7,35.7,132,35.7,132,48.0,48.0,35.7 / 132,35.7 / 132
9090,GA,Tournament/Club,M,72,70.5,94.5,129,35.3,35.2,35.3,130,35.2,128,47.4,47.1,35.3 / 130,35.2 / 128
9090,GA,Club,M,72,69.8,92.7,122,34.9,34.9,34.9,122,34.9,122,46.2,46.2,34.9 / 122,34.9 / 122
9090,GA,Club/Medal,M,72,69.2,91.6,121,34.6,34.6,34.6,120,34.6,122,45.7,45.9,34.6 / 120,34.6 / 122
9090,GA,Medal,M,72,68.1,90.4,120,34.0,34.1,34.0,118,34.1,122,45.0,45.4,34.0 / 118,34.1 / 122
9090,GA,Medal/Point,M,72,67.2,89.3,119,33.6,33.6,33.6,117,33.6,121,44.5,44.8,33.6 / 117,33.6 / 121
9090,GA,Point,M,72,66.3,87.9,116,33.1,33.2,33.1,115,33.2,117,43.8,44.1,33.1 / 115,33.2 / 117
9090,GA,Point Island / Combo,M,72,65.4,86.4,113,32.8,32.6,32.8,113,32.6,113,43.3,43.1,32.8 / 113,32.6 / 113
9090,GA,Island,M,72,64.2,84.6,110,32.2,32.0,32.2,109,32.0,111,42.3,42.3,32.2 / 109,32.0 / 111
9090,GA,Island/Skidaway,M,72,62.2,81.8,105,31.1,31.1,31.1,105,31.1,105,40.9,40.9,31.1 / 105,31.1 / 105
9090,GA,Skidaway,M,72,60.1,78.5,99,29.9,30.2,29.9,98,30.2,100,39.0,39.5,29.9 / 98,30.2 / 100
9090,GA,Club,F,72,75.8,107.2,133,37.9,37.9,37.9,133,37.9,133,53.6,53.6,37.9 / 133,37.9 / 133
9090,GA,Club/Medal,F,72,74.7,105.6,131,37.2,37.5,37.2,131,37.5,131,52.8,52.8,37.2 / 131,37.5 / 131
9090,GA,Medal,F,72,73.8,104.4,130,36.8,37.0,36.8,130,37.0,130,52.1,52.3,36.8 / 130,37.0 / 130
9090,GA,Medal/Point,F,72,72.9,102.8,127,36.4,36.5,36.4,129,36.5,125,51.6,51.2,36.4 / 129,36.5 / 125
9090,GA,Point,F,72,72.1,101.1,123,35.9,36.2,35.9,125,36.2,121,50.6,50.5,35.9 / 125,36.2 / 121
9090,GA,Point Island / Combo,F,72,69.7,97.9,120,34.5,35.2,34.5,120,35.2,120,48.6,49.3,34.5 / 120,35.2 / 120
9090,GA,Island,F,72,68.5,96.1,117,34.0,34.5,34.0,116,34.5,118,47.7,48.4,34.0 / 116,34.5 / 118
9090,GA,Island/Skidaway,F,72,66.0,92.2,111,33.0,33.0,33.0,111,33.0,111,46.1,46.1,33.0 / 111,33.0 / 111
9090,GA,Skidaway,F,72,62.1,85.9,101,30.5,31.6,30.5,102,31.6,100,42.5,43.4,30.5 / 102,31.6 / 100
36397,GA,Red,M,27,25.1,31.2,66,25.1,,25.1,66,,,31.2,,25.1 / 66,/
36397,GA,Red,F,27,26.3,34.7,71,26.3,,26.3,71,,,34.7,,26.3 / 71,/
13983,GA,Black,M,72,71.8,96.3,132,35.3,36.5,35.3,127,36.5,137,47.1,49.2,35.3 / 127,36.5 / 137
13983,GA,White,M,72,69.6,93.1,127,34.1,35.5,34.1,121,35.5,132,45.3,47.8,34.1 / 121,35.5 / 132
13983,GA,Green,M,72,68.4,91.3,123,33.6,34.8,33.6,118,34.8,128,44.6,46.7,33.6 / 118,34.8 / 128
13983,GA,Gray,M,72,65.5,87.4,118,32.1,33.4,32.1,113,33.4,123,42.6,44.8,32.1 / 113,33.4 / 123
13983,GA,Marigold,M,72,62.3,82.3,110,30.0,32.3,30.0,104,32.3,111,39.7,42.6,30.0 / 104,32.3 / 111
13983,GA,Gray,F,72,69.8,98.0,120,33.5,36.3,33.5,113,36.3,126,46.8,51.2,33.5 / 113,36.3 / 126
13983,GA,Marigold,F,72,65.8,92.0,111,32.3,33.5,32.3,108,33.5,114,45.0,47.0,32.3 / 108,33.5 / 114
36744,GA,Championship,M,72,76.7,104.6,150,38.2,38.5,38.2,147,38.5,153,51.9,52.7,38.2 / 147,38.5 / 153
36744,GA,Brown,M,72,75.3,102.3,145,37.3,38.0,37.3,143,38.0,147,50.6,51.7,37.3 / 143,38.0 / 147
36744,GA,Red,M,72,73.2,99.2,140,36.4,36.8,36.4,138,36.8,142,49.2,50.0,36.4 / 138,36.8 / 142
36744,GA,Green,M,72,71.6,96.5,134,35.5,36.1,35.5,131,36.1,137,47.7,48.8,35.5 / 131,36.1 / 137
36744,GA,White,M,72,68.8,92.6,128,34.3,34.5,34.3,126,34.5,130,46.0,46.6,34.3 / 126,34.5 / 130
36744,GA,Forward,M,72,65.0,87.3,120,32.4,32.6,32.4,117,32.6,123,43.3,44.0,32.4 / 117,32.6 / 123
36744,GA,White,F,72,74.4,107.9,142,36.9,37.5,36.9,139,37.5,145,53.3,54.6,36.9 / 139,37.5 / 145
36744,GA,Forward,F,72,71.4,102.3,131,35.4,36.0,35.4,129,36.0,133,50.6,51.7,35.4 / 129,36.0 / 133
8926,GA,Black,M,72,71.7,95.3,127,35.5,36.2,35.5,127,36.2,127,47.3,48.0,35.5 / 127,36.2 / 127
8926,GA,Blue,M,72,70.9,94.1,125,35.2,35.7,35.2,125,35.7,125,46.8,47.3,35.2 / 125,35.7 / 125
8926,GA,White,M,72,68.6,91.4,123,34.2,34.4,34.2,122,34.4,124,45.5,45.9,34.2 / 122,34.4 / 124
8926,GA,Green,M,72,65.9,87.5,116,33.2,32.7,33.2,116,32.7,116,44.0,43.5,33.2 / 116,32.7 / 116
8926,GA,Red,F,72,70.1,97.7,117,35.2,34.9,35.2,117,34.9,117,49.0,48.7,35.2 / 117,34.9 / 117
9266,GA,Gold,M,72,73.1,99.5,142,36.8,36.3,36.8,142,36.3,142,50.0,49.5,36.8 / 142,36.3 / 142
9266,GA,Blue,M,72,71.0,96.0,136,35.6,35.4,35.6,137,35.4,135,48.3,47.9,35.6 / 137,35.4 / 135
9266,GA,Member,M,72,69.3,93.7,132,34.8,34.5,34.8,134,34.5,130,47.2,46.5,34.8 / 134,34.5 / 130
9266,GA,White,M,72,68.7,93.1,131,34.6,34.1,34.6,133,34.1,129,47.0,46.1,34.6 / 133,34.1 / 129
9266,GA,Silver,M,72,66.5,89.9,126,33.4,33.1,33.4,127,33.1,125,45.2,44.7,33.4 / 127,33.1 / 125
9266,GA,Red,M,72,64.4,87.0,122,32.2,32.2,32.2,123,32.2,121,43.6,43.4,32.2 / 123,32.2 / 121
9266,GA,Blue,F,72,77.2,111.9,147,38.6,38.6,38.6,151,38.6,143,56.4,55.5,38.6 / 151,38.6 / 143
9266,GA,White,F,72,74.9,108.6,143,37.5,37.4,37.5,147,37.4,139,54.8,53.8,37.5 / 147,37.4 / 139
9266,GA,Silver,F,72,69.9,99.8,127,34.9,35.0,34.9,126,35.0,128,49.7,50.1,34.9 / 126,35.0 / 128
9266,GA,Red,F,72,68.2,97.0,122,34.2,34.0,34.2,124,34.0,120,48.8,48.2,34.2 / 124,34.0 / 120
9079,GA,TPC,M,72,74.8,102.6,150,37.7,37.1,37.7,150,37.1,150,51.6,51.0,37.7 / 150,37.1 / 150
9079,GA,4,M,72,73.5,100.7,146,36.9,36.6,36.9,146,36.6,146,50.5,50.2,36.9 / 146,36.6 / 146
9079,GA,4/3,M,72,71.8,98.2,142,36.2,35.6,36.2,142,35.6,142,49.4,48.8,36.2 / 142,35.6 / 142
9079,GA,3,M,72,70.8,96.8,140,35.9,34.9,35.9,140,34.9,140,48.9,47.9,35.9 / 140,34.9 / 140
9079,GA,3/2,M,72,69.2,94.6,137,35.0,34.2,35.0,137,34.2,137,47.7,46.9,35.0 / 137,34.2 / 137
9079,GA,2,M,72,67.8,92.4,132,34.3,33.5,34.3,132,33.5,132,46.6,45.8,34.3 / 132,33.5 / 132
9079,GA,2/1,M,72,66.4,90.4,129,33.4,33.0,33.4,129,33.0,129,45.4,45.0,33.4 / 129,33.0 / 129
9079,GA,1,M,72,64.2,86.7,121,32.6,31.6,32.6,124,31.6,118,44.1,42.6,32.6 / 124,31.6 / 118
9079,GA,3,F,72,76.8,111.5,147,39.0,37.8,39.0,150,37.8,144,56.7,54.8,39.0 / 150,37.8 / 144
9079,GA,3/2,F,0,75.1,108.5,142,38.1,37.0,38.1,142,37.0,142,54.8,53.7,38.1 / 142,37.0 / 142
9079,GA,2,F,72,73.6,106.1,138,37.3,36.3,37.3,139,36.3,137,53.7,52.4,37.3 / 139,36.3 / 137
9079,GA,2/1,F,72,71.9,103.5,134,36.3,35.6,36.3,132,35.6,136,51.9,51.6,36.3 / 132,35.6 / 136
9079,GA,1,F,72,69.5,99.7,128,35.2,34.3,35.2,128,34.3,128,50.3,49.4,35.2 / 128,34.3 / 128
35321,GA,TPC,M,72,76.1,103.9,150,37.7,38.4,37.7,150,38.4,150,51.6,52.3,37.7 / 150,38.4 / 150
35321,GA,4,M,72,73.9,100.9,145,36.9,37.0,36.9,146,37.0,144,50.5,50.4,36.9 / 146,37.0 / 144
35321,GA,4/3,M,72,72.7,99.1,142,36.2,36.5,36.2,142,36.5,142,49.4,49.7,36.2 / 142,36.5 / 142
35321,GA,3,M,72,71.8,97.8,140,35.9,35.9,35.9,140,35.9,140,48.9,48.9,35.9 / 140,35.9 / 140
35321,GA,3/2,M,72,70.1,95.5,137,35.0,35.1,35.0,137,35.1,137,47.7,47.8,35.0 / 137,35.1 / 137
35321,GA,2,M,72,68.8,93.5,133,34.3,34.5,34.3,132,34.5,134,46.6,46.9,34.3 / 132,34.5 / 134
35321,GA,2/1,M,72,67.1,91.1,129,33.4,33.7,33.4,129,33.7,129,45.4,45.7,33.4 / 129,33.7 / 129
35321,GA,1,M,72,65.4,88.2,123,32.6,32.8,32.6,124,32.8,122,44.1,44.1,32.6 / 124,32.8 / 122
35321,GA,3,F,72,78.3,113.7,150,39.3,39.0,39.3,151,39.0,149,57.1,56.6,39.3 / 151,39.0 / 149
35321,GA,3/2,F,72,76.4,110.2,143,38.1,38.3,38.1,142,38.3,144,54.9,55.3,38.1 / 142,38.3 / 144
35321,GA,2,F,72,74.9,107.9,140,37.3,37.6,37.3,139,37.6,141,53.7,54.2,37.3 / 139,37.6 / 141
35321,GA,2/1,F,72,72.9,104.5,134,36.3,36.6,36.3,132,36.6,136,51.9,52.6,36.3 / 132,36.6 / 136
35321,GA,1,F,72,70.6,101.3,130,35.2,35.4,35.2,128,35.4,132,50.3,51.0,35.2 / 128,35.4 / 132
35319,GA,TPC,M,72,74.8,102.6,150,37.1,37.7,37.1,150,37.7,150,51.0,51.6,37.1 / 150,37.7 / 150
35319,GA,4,M,72,73.5,100.7,146,36.6,36.9,36.6,146,36.9,146,50.2,50.5,36.6 / 146,36.9 / 146
35319,GA,4/3,M,72,71.8,98.2,142,35.6,36.2,35.6,142,36.2,142,48.8,49.4,35.6 / 142,36.2 / 142
35319,GA,3,M,72,70.8,96.8,140,34.9,35.9,34.9,140,35.9,140,47.9,48.9,34.9 / 140,35.9 / 140
35319,GA,3/2,M,72,69.2,94.6,137,34.2,35.0,34.2,137,35.0,137,46.9,47.7,34.2 / 137,35.0 / 137
35319,GA,2,M,72,67.8,92.4,132,33.5,34.3,33.5,132,34.3,132,45.8,46.6,33.5 / 132,34.3 / 132
35319,GA,2/1,M,72,66.4,90.4,129,33.0,33.4,33.0,129,33.4,129,45.0,45.4,33.0 / 129,33.4 / 129
35319,GA,1,M,72,64.2,86.7,121,31.6,32.6,31.6,118,32.6,124,42.6,44.1,31.6 / 118,32.6 / 124
35319,GA,3,F,72,76.8,111.5,147,37.8,39.0,37.8,144,39.0,150,54.8,56.7,37.8 / 144,39.0 / 150
35319,GA,3/2,F,72,75.1,108.5,142,37.0,38.1,37.0,142,38.1,142,53.7,54.8,37.0 / 142,38.1 / 142
35319,GA,2,F,72,73.6,106.1,138,36.3,37.3,36.3,137,37.3,139,52.4,53.7,36.3 / 137,37.3 / 139
35319,GA,2/1,F,72,71.9,103.5,134,35.6,36.3,35.6,136,36.3,132,51.6,51.9,35.6 / 136,36.3 / 132
35319,GA,1,F,72,69.5,99.7,128,34.3,35.2,34.3,128,35.2,128,49.4,50.3,34.3 / 128,35.2 / 128
35441,GA,TPC,M,72,74.2,102.6,153,37.1,37.1,37.1,153,37.1,153,51.3,51.3,37.1 / 153,37.1 / 153
35441,GA,4,M,72,73.0,100.8,150,36.5,36.5,36.5,150,36.5,150,50.4,50.4,36.5 / 150,36.5 / 150
35441,GA,4/3,M,72,71.0,97.6,143,35.5,35.5,35.5,143,35.5,143,48.8,48.8,35.5 / 143,35.5 / 143
35441,GA,3,M,72,69.6,95.6,140,34.8,34.8,34.8,140,34.8,140,47.8,47.8,34.8 / 140,34.8 / 140
35441,GA,3/2,M,72,68.0,93.8,139,34.0,34.0,34.0,139,34.0,139,46.9,46.9,34.0 / 139,34.0 / 139
35441,GA,2,M,72,66.6,90.8,130,33.3,33.3,33.3,130,33.3,130,45.4,45.4,33.3 / 130,33.3 / 130
35441,GA,2/1,M,72,65.8,89.8,129,32.9,32.9,32.9,129,32.9,129,44.9,44.9,32.9 / 129,32.9 / 129
35441,GA,1,M,72,63.6,84.8,114,31.8,31.8,31.8,114,31.8,114,42.4,42.4,31.8 / 114,31.8 / 114
35441,GA,3,F,72,75.4,109.0,142,37.7,37.7,37.7,142,37.7,142,54.5,54.5,37.7 / 142,37.7 / 142
35441,GA,3/2,F,72,73.6,106.0,137,36.8,36.8,36.8,137,36.8,137,53.0,53.0,36.8 / 137,36.8 / 137
35441,GA,2,F,72,72.0,103.8,135,36.0,36.0,36.0,135,36.0,135,51.9,51.9,36.0 / 135,36.0 / 135
35441,GA,2/1,F,72,70.6,102.6,136,35.3,35.3,35.3,136,35.3,136,51.3,51.3,35.3 / 136,35.3 / 136
35441,GA,1,F,72,68.0,98.4,129,34.0,34.0,34.0,129,34.0,129,49.2,49.2,34.0 / 129,34.0 / 129
9080,GA,TPC,M,72,75.5,103.3,150,37.1,38.4,37.1,150,38.4,150,51.0,52.3,37.1 / 150,38.4 / 150
9080,GA,4,M,72,73.6,100.4,144,36.6,37.0,36.6,144,37.0,144,50.0,50.4,36.6 / 144,37.0 / 144
9080,GA,4/3,M,72,72.1,98.5,142,35.6,36.5,35.6,142,36.5,142,48.8,49.7,35.6 / 142,36.5 / 142
9080,GA,3,M,72,70.8,96.8,140,34.9,35.9,34.9,140,35.9,140,47.9,48.9,34.9 / 140,35.9 / 140
9080,GA,3/2,M,72,69.3,94.7,137,34.2,35.1,34.2,137,35.1,137,46.9,47.8,34.2 / 137,35.1 / 137
9080,GA,2,M,72,68.0,92.7,133,33.5,34.5,33.5,132,34.5,134,45.8,46.9,33.5 / 132,34.5 / 134
9080,GA,2/1,M,72,66.7,90.7,129,33.0,33.7,33.0,129,33.7,129,45.0,45.7,33.0 / 129,33.7 / 129
9080,GA,1,M,72,64.4,86.7,120,31.6,32.8,31.6,118,32.8,122,42.6,44.1,31.6 / 118,32.8 / 122
9080,GA,3,F,72,77.0,111.2,145,37.9,39.1,37.9,144,39.1,146,54.9,56.3,37.9 / 144,39.1 / 146
9080,GA,3/2,F,0,75.3,109.0,143,37.0,38.3,37.0,142,38.3,144,53.7,55.3,37.0 / 142,38.3 / 144
9080,GA,2,F,72,73.9,106.6,139,36.3,37.6,36.3,137,37.6,141,52.4,54.2,36.3 / 137,37.6 / 141
9080,GA,2/1,F,72,72.2,104.2,136,35.6,36.6,35.6,136,36.6,136,51.6,52.6,35.6 / 136,36.6 / 136
9080,GA,1,F,72,69.7,100.4,130,34.3,35.4,34.3,128,35.4,132,49.4,51.0,34.3 / 128,35.4 / 132
14009,GA,TPC,M,72,76.1,103.9,150,38.4,37.7,38.4,150,37.7,150,52.3,51.6,38.4 / 150,37.7 / 150
14009,GA,4,M,72,73.9,100.9,145,37.0,36.9,37.0,144,36.9,146,50.4,50.5,37.0 / 144,36.9 / 146
14009,GA,4/3,M,72,72.7,99.1,142,36.5,36.2,36.5,142,36.2,142,49.7,49.4,36.5 / 142,36.2 / 142
14009,GA,3,M,72,71.8,97.8,140,35.9,35.9,35.9,140,35.9,140,48.9,48.9,35.9 / 140,35.9 / 140
14009,GA,3/2,M,72,70.1,95.5,137,35.1,35.0,35.1,137,35.0,137,47.8,47.7,35.1 / 137,35.0 / 137
14009,GA,2,M,72,68.8,93.5,133,34.5,34.3,34.5,134,34.3,132,46.9,46.6,34.5 / 134,34.3 / 132
14009,GA,2/1,M,72,67.1,91.1,129,33.7,33.4,33.7,129,33.4,129,45.7,45.4,33.7 / 129,33.4 / 129
14009,GA,1,M,72,65.4,88.2,123,32.8,32.6,32.8,122,32.6,124,44.1,44.1,32.8 / 122,32.6 / 124
14009,GA,3,F,72,78.3,113.7,150,39.0,39.3,39.0,149,39.3,151,56.6,57.1,39.0 / 149,39.3 / 151
14009,GA,3/2,F,0,76.4,110.2,143,38.3,38.1,38.3,144,38.1,142,55.3,54.9,38.3 / 144,38.1 / 142
14009,GA,2,F,72,74.9,107.9,140,37.6,37.3,37.6,141,37.3,139,54.2,53.7,37.6 / 141,37.3 / 139
14009,GA,2/1,F,72,72.9,104.5,134,36.6,36.3,36.6,136,36.3,132,52.6,51.9,36.6 / 136,36.3 / 132
14009,GA,1,F,72,70.6,101.3,130,35.4,35.2,35.4,132,35.2,128,51.0,50.3,35.4 / 132,35.2 / 128
35320,GA,TPC,M,72,75.5,103.3,150,38.4,37.1,38.4,150,37.1,150,52.3,51.0,38.4 / 150,37.1 / 150
35320,GA,4,M,72,73.6,100.4,144,37.0,36.6,37.0,144,36.6,144,50.4,50.0,37.0 / 144,36.6 / 144
35320,GA,4/3,M,72,72.1,98.5,142,36.5,35.6,36.5,142,35.6,142,49.7,48.8,36.5 / 142,35.6 / 142
35320,GA,3,M,72,70.8,96.8,140,35.9,34.9,35.9,140,34.9,140,48.9,47.9,35.9 / 140,34.9 / 140
35320,GA,3/2,M,72,69.3,94.7,137,35.1,34.2,35.1,137,34.2,137,47.8,46.9,35.1 / 137,34.2 / 137
35320,GA,2,M,72,68.0,92.7,133,34.5,33.5,34.5,134,33.5,132,46.9,45.8,34.5 / 134,33.5 / 132
35320,GA,2/1,M,72,66.7,90.7,129,33.7,33.0,33.7,129,33.0,129,45.7,45.0,33.7 / 129,33.0 / 129
35320,GA,1,M,72,64.4,86.7,120,32.8,31.6,32.8,122,31.6,118,44.1,42.6,32.8 / 122,31.6 / 118
35320,GA,3,F,72,77.0,111.2,145,39.1,37.9,39.1,146,37.9,144,56.3,54.9,39.1 / 146,37.9 / 144
35320,GA,3/2,F,72,75.3,109.0,143,38.3,37.0,38.3,144,37.0,142,55.3,53.7,38.3 / 144,37.0 / 142
35320,GA,2,F,72,73.9,106.6,139,37.6,36.3,37.6,141,36.3,137,54.2,52.4,37.6 / 141,36.3 / 137
35320,GA,2/1,F,72,72.2,104.2,136,36.6,35.6,36.6,136,35.6,136,52.6,51.6,36.6 / 136,35.6 / 136
35320,GA,1,F,72,69.7,100.4,130,35.4,34.3,35.4,132,34.3,128,51.0,49.4,35.4 / 132,34.3 / 128
8924,GA,Black,M,72,73.6,94.7,140,36.8,36.8,36.8,138,36.8,142,49.6,50.0,36.8 / 138,36.8 / 142
8924,GA,Blue,M,72,72.0,97.3,136,36.2,35.9,36.2,136,35.9,136,48.8,48.5,36.2 / 136,35.9 / 136
8924,GA,White,M,72,70.5,91.4,131,35.8,34.7,35.8,132,34.7,130,48.1,46.8,35.8 / 132,34.7 / 130
8924,GA,Gold,M,72,67.6,85.1,124,34.2,33.4,34.2,125,33.4,123,45.8,44.8,34.2 / 125,33.4 / 123
8924,GA,Players Men,M,72,65.3,87.1,117,32.6,32.7,32.6,118,32.7,116,43.6,43.5,32.6 / 118,32.7 / 116
8924,GA,Green,M,72,64.0,85.0,113,32.1,31.9,32.1,113,31.9,113,42.6,42.4,32.1 / 113,31.9 / 113
8924,GA,White,F,72,76.0,109.5,142,38.1,37.9,38.1,144,37.9,140,55.1,54.4,38.1 / 144,37.9 / 140
8924,GA,Gold,F,72,72.3,103.4,132,36.4,35.9,36.4,134,35.9,130,52.2,51.2,36.4 / 134,35.9 / 130
8924,GA,Players Women,F,72,70.1,99.3,124,35.0,35.1,35.0,123,35.1,125,49.5,49.8,35.0 / 123,35.1 / 125
8924,GA,Green,F,72,68.0,95.8,118,34.2,33.8,34.2,118,33.8,118,48.1,47.7,34.2 / 118,33.8 / 118
9003,GA,Blue,M,72,72.0,95.8,128,36.2,35.8,36.2,131,35.8,125,48.4,47.4,36.2 / 131,35.8 / 125
9003,GA,White,M,72,68.9,91.4,121,34.7,34.2,34.7,123,34.2,119,46.1,45.3,34.7 / 123,34.2 / 119
9003,GA,Gold,M,72,66.4,87.0,111,33.3,33.1,33.3,112,33.1,110,43.7,43.3,33.3 / 112,33.1 / 110
9003,GA,Red,M,72,64.3,84.1,107,32.1,32.2,32.1,107,32.2,107,42.0,42.1,32.1 / 107,32.2 / 107
9003,GA,White,F,72,75.1,105.7,130,37.7,37.4,37.7,131,37.4,129,53.1,52.6,37.7 / 131,37.4 / 129
9003,GA,Gold,F,72,71.5,100.3,122,35.9,35.6,35.9,124,35.6,120,50.5,49.8,35.9 / 124,35.6 / 120
9003,GA,Red,F,72,69.3,97.3,119,34.6,34.7,34.6,120,34.7,118,48.7,48.6,34.6 / 120,34.7 / 118
9242,GA,Gold,M,71,72.3,98.1,139,36.8,35.5,36.8,138,35.5,140,49.6,48.5,36.8 / 138,35.5 / 140
9242,GA,Player's,M,71,71.1,96.2,135,36.0,35.1,36.0,134,35.1,136,48.5,47.7,36.0 / 134,35.1 / 136
9242,GA,Blue,M,71,70.0,94.2,130,35.8,34.2,35.8,130,34.2,130,47.9,46.3,35.8 / 130,34.2 / 130
9242,GA,White,M,71,67.7,90.2,121,34.8,32.9,34.8,123,32.9,119,46.2,44.0,34.8 / 123,32.9 / 119
9242,GA,White/Red,M,71,66.4,88.2,117,33.9,32.5,33.9,119,32.5,115,45.0,43.2,33.9 / 119,32.5 / 115
9242,GA,Red,M,71,65.1,86.1,113,33.1,32.0,33.1,116,32.0,110,43.9,42.2,33.1 / 116,32.0 / 110
9242,GA,White,F,71,72.7,104.1,133,37.2,35.5,37.2,133,35.5,133,52.9,51.2,37.2 / 133,35.5 / 133
9242,GA,White/Red,F,71,70.8,100.2,125,36.4,34.4,36.4,125,34.4,125,51.1,49.1,36.4 / 125,34.4 / 125
9242,GA,Red,F,71,69.3,97.9,121,35.6,33.7,35.6,121,33.7,121,49.9,48.0,35.6 / 121,33.7 / 121
8927,GA,Blue/Blue,M,60,61.0,81.0,108,30.5,30.5,30.5,108,30.5,108,40.5,40.5,30.5 / 108,30.5 / 108
8927,GA,Gold/Gold,M,60,60.2,79.8,105,30.1,30.1,30.1,105,30.1,105,39.9,39.9,30.1 / 105,30.1 / 105
8927,GA,Red/Red,M,60,59.6,78.8,103,29.8,29.8,29.8,103,29.8,103,39.4,39.4,29.8 / 103,29.8 / 103
8927,GA,Blue/Blue,F,60,63.0,88.0,106,31.5,31.5,31.5,106,31.5,106,44.0,44.0,31.5 / 106,31.5 / 106
8927,GA,Gold/Gold,F,60,61.4,85.2,101,30.7,30.7,30.7,101,30.7,101,42.6,42.6,30.7 / 101,30.7 / 101
8927,GA,Red/Red,F,60,60.8,84.2,99,30.4,30.4,30.4,99,30.4,99,42.1,42.1,30.4 / 99,30.4 / 99
9039,GA,Blue,M,72,70.3,93.7,126,34.9,35.4,34.9,122,35.4,130,46.2,47.5,34.9 / 122,35.4 / 130
9039,GA,White,M,72,69.0,91.7,122,34.3,34.7,34.3,118,34.7,126,45.3,46.4,34.3 / 118,34.7 / 126
9039,GA,Gold,M,72,66.9,88.2,115,33.9,33.0,33.9,113,33.0,116,44.4,43.8,33.9 / 113,33.0 / 116
9039,GA,Gold,F,72,72.1,101.1,123,36.5,35.6,36.5,121,35.6,125,50.8,50.3,36.5 / 121,35.6 / 125
9039,GA,Red,F,72,67.8,95.0,115,34.3,33.5,34.3,114,33.5,116,47.8,47.2,34.3 / 114,33.5 / 116
26459,GA,Green/Green,M,72,74.0,99.4,137,37.0,37.0,37.0,137,37.0,137,49.7,49.7,37.0 / 137,37.0 / 137
26459,GA,Blue/White,M,72,72.4,97.1,133,36.6,35.8,36.6,135,35.8,131,49.1,48.0,36.6 / 135,35.8 / 131
26459,GA,White/White,M,72,71.6,96.0,131,35.8,35.8,35.8,131,35.8,131,48.0,48.0,35.8 / 131,35.8 / 131
26459,GA,Gold/Gold,M,72,68.0,91.8,128,34.0,34.0,34.0,128,34.0,128,45.9,45.9,34.0 / 128,34.0 / 128
26459,GA,Red/Red,F,70,70.4,100.2,126,35.2,35.2,35.2,126,35.2,126,50.1,50.1,35.2 / 126,35.2 / 126
9286,GA,Blue,M,72,73.4,97.3,134,36.4,37.0,36.4,132,37.0,136,48.7,49.6,36.4 / 132,37.0 / 136
9286,GA,White,M,72,71.0,94.0,124,35.2,35.8,35.2,124,35.8,124,46.7,47.3,35.2 / 124,35.8 / 124
9286,GA,Yellow,M,72,68.4,90.5,119,34.0,34.4,34.0,117,34.4,121,44.9,45.6,34.0 / 117,34.4 / 121
9286,GA,Red,M,72,64.3,85.3,113,32.1,32.2,32.1,113,32.2,113,42.6,42.7,32.1 / 113,32.2 / 113
9286,GA,Gray,M,72,62.0,82.4,110,30.6,31.4,30.6,108,31.4,112,40.6,41.8,30.6 / 108,31.4 / 112
9286,GA,Yellow,F,72,72.4,100.0,117,36.0,36.4,36.0,116,36.4,118,49.8,50.2,36.0 / 116,36.4 / 118
9286,GA,Red,F,72,68.8,94.3,108,34.2,34.6,34.2,106,34.6,110,46.7,47.6,34.2 / 106,34.6 / 110
9286,GA,Gray,F,72,65.8,89.6,101,32.6,33.2,32.6,99,33.2,103,44.3,45.3,32.6 / 99,33.2 / 103
9029,GA,White/Gold,M,72,71.9,96.3,131,35.6,36.3,35.6,129,36.3,133,47.6,48.7,35.6 / 129,36.3 / 133
9029,GA,Blue/Black,M,71,66.7,89.5,123,33.0,33.7,33.0,123,33.7,123,44.4,45.1,33.0 / 123,33.7 / 123
9029,GA,Red/Red,F,71,68.2,94.4,111,34.1,34.1,34.1,111,34.1,111,47.2,47.2,34.1 / 111,34.1 / 111
9075,GA,Bulldog,M,71,75.4,101.6,141,37.3,38.1,37.3,139,38.1,143,50.2,51.4,37.3 / 139,38.1 / 143
9075,GA,Red,M,71,73.7,98.8,135,36.3,37.4,36.3,131,37.4,139,48.5,50.3,36.3 / 131,37.4 / 139
9075,GA,Silver,M,71,71.9,95.7,128,35.5,36.4,35.5,126,36.4,130,47.2,48.5,35.5 / 126,36.4 / 130
9075,GA,White,M,71,69.9,92.5,122,34.4,35.5,34.4,118,35.5,125,45.4,47.1,34.4 / 118,35.5 / 125
9075,GA,Black,M,71,65.7,87.1,115,32.6,33.1,32.6,114,33.1,116,43.2,43.9,32.6 / 114,33.1 / 116
9075,GA,Green,M,71,62.9,82.8,107,30.4,32.5,30.4,104,32.5,110,40.1,42.7,30.4 / 104,32.5 / 110
9075,GA,Silver,F,72,78.0,111.7,143,38.5,39.5,38.5,140,39.5,146,55.0,56.7,38.5 / 140,39.5 / 146
9075,GA,Tournament,F,72,76.7,110.2,142,38.1,38.6,38.1,139,38.6,145,54.5,55.7,38.1 / 139,38.6 / 145
9075,GA,White,F,72,75.5,108.4,140,37.2,38.3,37.2,137,38.3,142,53.3,55.1,37.2 / 137,38.3 / 142
9075,GA,Black,F,72,70.8,99.9,124,35.0,35.8,35.0,120,35.8,127,49.1,50.8,35.0 / 120,35.8 / 127
9075,GA,Green,F,72,66.5,93.4,114,31.8,34.7,31.8,106,34.7,122,44.3,49.1,31.8 / 106,34.7 / 122
33729,GA,I,M,72,74.2,100.6,142,37.3,36.9,37.3,144,36.9,140,50.7,49.9,37.3 / 144,36.9 / 140
33729,GA,II,M,72,71.8,97.6,139,36.1,35.7,36.1,141,35.7,137,49.3,48.3,36.1 / 141,35.7 / 137
33729,GA,III,M,72,69.4,94.1,133,34.9,34.5,34.9,133,34.5,132,47.3,46.8,34.9 / 133,34.5 / 132
33729,GA,IV,M,72,66.9,90.5,127,33.5,33.4,33.5,128,33.4,126,45.4,45.1,33.5 / 128,33.4 / 126
33729,GA,V,M,72,64.2,86.0,117,32.0,32.2,32.0,118,32.2,116,43.0,43.0,32.0 / 118,32.2 / 116
33729,GA,IV,F,72,71.6,101.1,125,36.1,35.5,36.1,126,35.5,124,51.0,50.1,36.1 / 126,35.5 / 124
33729,GA,v,F,72,69.0,96.9,119,34.6,34.4,34.6,118,34.4,119,48.5,48.4,34.6 / 118,34.4 / 119
9269,GA,Black,M,71,73.7,100.7,145,35.6,38.1,35.6,144,38.1,146,49.0,51.7,35.6 / 144,38.1 / 146
9269,GA,Blue,M,71,72.8,98.6,139,35.3,37.5,35.3,136,37.5,142,47.9,50.7,35.3 / 136,37.5 / 142
9269,GA,Member,M,71,71.7,97.2,137,34.9,36.8,34.9,134,36.8,140,47.4,49.8,34.9 / 134,36.8 / 140
9269,GA,Gold,M,71,69.7,94.2,132,33.5,36.2,33.5,128,36.2,136,45.4,48.8,33.5 / 128,36.2 / 136
9269,GA,White,M,71,67.3,90.5,125,32.1,35.2,32.1,122,35.2,128,43.4,47.1,32.1 / 122,35.2 / 128
9269,GA,Brown,M,71,64.9,87.4,121,31.5,33.4,31.5,119,33.4,123,42.6,44.8,31.5 / 119,33.4 / 123
9269,GA,White,F,71,73.4,106.0,138,34.9,38.5,34.9,127,38.5,149,49.9,56.1,34.9 / 127,38.5 / 149
9269,GA,Brown,F,71,69.5,99.2,126,33.7,35.8,33.7,121,35.8,131,48.0,51.2,33.7 / 121,35.8 / 131
9269,GA,Red,F,71,66.7,95.7,123,32.1,34.6,32.1,116,34.6,130,45.8,49.9,32.1 / 116,34.6 / 130
9022,GA,Blue,M,72,72.3,96.1,128,36.1,36.2,36.1,128,36.2,128,48.0,48.1,36.1 / 128,36.2 / 128
9022,GA,White,M,72,71.3,94.0,122,35.6,35.7,35.6,119,35.7,125,46.7,47.3,35.6 / 119,35.7 / 125
9022,GA,Gold,M,72,69.9,91.9,118,35.1,34.8,35.1,118,34.8,118,46.1,45.8,35.1 / 118,34.8 / 118
9022,GA,Green,M,72,67.7,87.9,109,33.8,33.9,33.8,108,33.9,110,43.8,44.1,33.8 / 108,33.9 / 110
9022,GA,Red,M,72,63.8,82.5,100,31.8,32.0,31.8,98,32.0,102,40.9,41.5,31.8 / 98,32.0 / 102
9022,GA,Gold,F,72,75.4,105.6,128,37.9,37.5,37.9,128,37.5,128,53.0,52.6,37.9 / 128,37.5 / 128
9022,GA,Green,F,72,72.2,100.0,118,36.1,36.1,36.1,118,36.1,118,50.0,50.0,36.1 / 118,36.1 / 118
9022,GA,Red,F,72,67.7,93.3,109,33.9,33.8,33.9,109,33.8,109,46.7,46.6,33.9 / 109,33.8 / 109
8941,GA,Blue,M,72,74.3,100.7,142,36.8,37.5,36.8,139,37.5,145,49.7,51.0,36.8 / 139,37.5 / 145
8941,GA,Championship Mixed,M,72,73.3,99.3,140,36.2,37.1,36.2,138,37.1,142,49.0,50.3,36.2 / 138,37.1 / 142
8941,GA,White,M,72,72.6,98.2,138,35.9,36.7,35.9,137,36.7,139,48.6,49.6,35.9 / 137,36.7 / 139
8941,GA,Member Mixed,M,72,71.6,96.7,135,35.3,36.3,35.3,133,36.3,137,47.7,49.0,35.3 / 133,36.3 / 137
8941,GA,Gold,M,72,70.2,94.6,131,34.8,35.4,34.8,128,35.4,134,46.7,47.9,34.8 / 128,35.4 / 134
8941,GA,Senior Mixed,M,72,68.3,92.1,128,34.1,34.2,34.1,126,34.2,130,45.8,46.3,34.1 / 126,34.2 / 130
8941,GA,Green,M,72,67.3,90.7,126,33.8,33.5,33.8,125,33.5,127,45.4,45.3,33.8 / 125,33.5 / 127
8941,GA,Super Senior Mixed,M,72,62.3,82.0,106,31.1,31.2,31.1,104,31.2,108,40.8,41.2,31.1 / 104,31.2 / 108
8941,GA,Red,M,72,59.2,77.6,99,29.7,29.5,29.7,98,29.5,100,38.8,38.8,29.7 / 98,29.5 / 100
8941,GA,Gold,F,73,76.3,108.6,137,37.9,38.4,37.9,133,38.4,141,53.6,55.0,37.9 / 133,38.4 / 141
8941,GA,Ladies' Mixed,F,73,73.9,105.0,132,37.1,36.8,37.1,129,36.8,135,52.3,52.7,37.1 / 129,36.8 / 135
8941,GA,Green,F,73,72.9,103.3,129,36.8,36.1,36.8,127,36.1,131,51.8,51.5,36.8 / 127,36.1 / 131
8941,GA,Senior Mixed,F,73,64.2,91.1,114,32.1,32.1,32.1,110,32.1,118,45.1,46.0,32.1 / 110,32.1 / 118
8941,GA,Red,F,73,60.5,84.8,103,30.6,29.9,30.6,102,29.9,104,42.6,42.2,30.6 / 102,29.9 / 104
9125,GA,Gold,M,71,73.0,97.1,130,36.8,36.2,36.8,130,36.2,129,48.9,48.2,36.8 / 130,36.2 / 129
9125,GA,Players,M,71,72.2,95.8,127,36.4,35.8,36.4,128,35.8,126,48.3,47.5,36.4 / 128,35.8 / 126
9125,GA,Blue,M,71,71.0,94.0,124,35.7,35.3,35.7,125,35.3,123,47.3,46.7,35.7 / 125,35.3 / 123
9125,GA,Members,M,71,69.8,92.1,120,35.0,34.8,35.0,121,34.8,119,46.2,45.9,35.0 / 121,34.8 / 119
9125,GA,White,M,71,68.2,89.4,114,34.2,34.0,34.2,116,34.0,112,45.0,44.4,34.2 / 116,34.0 / 112
9125,GA,Seniors,M,71,66.9,87.7,112,33.6,33.3,33.6,114,33.3,110,44.2,43.5,33.6 / 114,33.3 / 110
9125,GA,Green,M,71,65.4,85.7,108,32.6,32.8,32.6,109,32.8,107,42.7,42.7,32.6 / 109,32.8 / 107
9125,GA,Blue,F,71,76.8,110.3,142,38.8,38.0,38.8,140,38.0,144,55.3,55.0,38.8 / 140,38.0 / 144
9125,GA,White,F,71,73.2,101.4,132,36.7,36.5,36.7,131,36.5,133,52.2,52.2,36.7 / 131,36.5 / 133
9125,GA,Green,F,71,69.5,97.8,121,35.0,34.5,35.0,120,34.5,120,49.2,48.6,35.0 / 120,34.5 / 120
9194,GA,Gold,M,72,73.7,100.1,142,36.6,37.0,36.6,140,37.0,144,49.7,50.4,36.6 / 140,37.0 / 144
9194,GA,Fazio,M,72,72.2,98.0,139,36.1,36.1,36.1,137,36.1,141,48.8,49.2,36.1 / 137,36.1 / 141
9194,GA,Blue,M,72,70.5,95.6,135,35.4,35.1,35.4,133,35.1,137,47.8,47.8,35.4 / 133,35.1 / 137
9194,GA,Blue/White,M,72,69.5,94.2,133,34.8,34.7,34.8,131,34.7,135,47.0,47.2,34.8 / 131,34.7 / 135
9194,GA,White,M,72,68.7,93.1,131,34.4,34.3,34.4,131,34.3,131,46.6,46.5,34.4 / 131,34.3 / 131
9194,GA,White/Green,M,72,67.2,91.0,128,33.4,33.8,33.4,130,33.8,126,45.5,45.5,33.4 / 130,33.8 / 126
9194,GA,Green,M,72,65.4,87.9,121,32.9,32.5,32.9,123,32.5,119,44.3,43.6,32.9 / 123,32.5 / 119
9194,GA,Blue/White,F,72,75.6,108.1,137,37.9,37.7,37.9,136,37.7,138,54.1,54.0,37.9 / 136,37.7 / 138
9194,GA,White,F,72,74.5,106.3,135,37.6,36.9,37.6,136,36.9,134,53.6,52.7,37.6 / 136,36.9 / 134
9194,GA,White/Green,F,72,72.7,102.9,131,36.3,36.4,36.3,131,36.4,131,51.7,51.8,36.3 / 131,36.4 / 131
9194,GA,Green,F,72,70.2,99.4,124,35.4,34.8,35.4,125,34.8,123,50.1,49.3,35.4 / 125,34.8 / 123
9021,GA,Gold,M,72,73.1,98.1,135,37.0,36.1,37.0,135,36.1,135,49.5,48.6,37.0 / 135,36.1 / 135
9021,GA,Blue,M,72,71.4,95.8,131,36.1,35.3,36.1,132,35.3,130,48.4,47.4,36.1 / 132,35.3 / 130
9021,GA,White,M,72,69.7,93.5,128,35.0,34.7,35.0,128,34.7,128,46.9,46.6,35.0 / 128,34.7 / 128
9021,GA,Tournament,M,72,68.7,92.1,126,34.3,34.4,34.3,126,34.4,126,46.0,46.1,34.3 / 126,34.4 / 126
9021,GA,Silver,M,72,67.1,89.5,121,33.8,33.3,33.8,121,33.3,121,45.0,44.5,33.8 / 121,33.3 / 121
9021,GA,Red,M,72,65.7,87.3,116,32.8,32.9,32.8,115,32.9,117,43.5,43.8,32.8 / 115,32.9 / 117
9021,GA,Green,M,72,62.0,82.4,110,31.0,31.0,31.0,110,31.0,110,41.2,41.2,31.0 / 110,31.0 / 110
9021,GA,White,F,72,75.2,106.6,133,38.1,37.1,38.1,133,37.1,133,53.8,52.8,38.1 / 133,37.1 / 133
9021,GA,Silver,F,72,72.1,101.7,126,36.5,35.6,36.5,126,35.6,126,51.3,50.4,36.5 / 126,35.6 / 126
9021,GA,Red,F,72,70.2,99.2,123,35.1,35.1,35.1,123,35.1,123,49.6,49.6,35.1 / 123,35.1 / 123
9021,GA,Tournament,F,72,68.6,97.0,120,33.7,34.9,33.7,120,34.9,120,47.9,49.1,33.7 / 120,34.9 / 120
9021,GA,Green,F,72,64.6,91.2,113,31.9,32.7,31.9,112,32.7,114,45.1,46.1,31.9 / 112,32.7 / 114
9203,GA,Gold,M,72,71.8,96.7,134,35.9,35.9,35.9,135,35.9,133,48.4,48.3,35.9 / 135,35.9 / 133
9203,GA,Blue,M,72,70.2,94.4,130,35.0,35.2,35.0,130,35.2,130,47.1,47.3,35.0 / 130,35.2 / 130
9203,GA,White,M,72,69.2,92.2,124,34.4,34.8,34.4,123,34.8,125,45.8,46.4,34.4 / 123,34.8 / 125
9203,GA,Tournament,M,72,68.2,90.6,121,34.0,34.2,34.0,121,34.2,121,45.2,45.4,34.0 / 121,34.2 / 121
9203,GA,Silver,M,72,66.7,88.7,118,33.4,33.3,33.4,118,33.3,118,44.4,44.3,33.4 / 118,33.3 / 118
9203,GA,Red,M,72,64.4,85.4,113,32.2,32.2,32.2,113,32.2,113,42.7,42.7,32.2 / 113,32.2 / 113
9203,GA,Green,M,72,61.9,81.3,104,31.1,30.8,31.1,104,30.8,104,40.8,40.5,31.1 / 104,30.8 / 104
9203,GA,White,F,72,74.7,106.8,136,37.2,37.5,37.2,133,37.5,139,52.9,53.9,37.2 / 133,37.5 / 139
9203,GA,Silver,F,72,71.3,101.4,128,35.7,35.6,35.7,125,35.6,131,50.4,51.0,35.7 / 125,35.6 / 131
9203,GA,Red,F,72,69.4,97.7,120,34.7,34.7,34.7,117,34.7,123,48.5,49.2,34.7 / 117,34.7 / 123
9203,GA,Tournament,F,72,67.6,94.5,114,33.6,34.0,33.6,113,34.0,115,46.9,47.6,33.6 / 113,34.0 / 115
9203,GA,Green,F,72,64.7,90.6,110,32.7,32.0,32.7,112,32.0,108,45.9,44.7,32.7 / 112,32.0 / 108
8997,GA,Blue,M,72,69.8,94.2,131,34.9,34.9,34.9,133,34.9,129,47.3,46.9,34.9 / 133,34.9 / 129
8997,GA,White,M,72,68.2,91.6,126,33.9,34.3,33.9,128,34.3,124,45.8,45.8,33.9 / 128,34.3 / 124
8997,GA,Black,M,72,66.4,88.5,119,33.0,33.4,33.0,123,33.4,115,44.4,44.1,33.0 / 123,33.4 / 115
8997,GA,Red,M,72,63.5,84.9,115,31.7,31.8,31.7,117,31.8,113,42.6,42.3,31.7 / 117,31.8 / 113
8997,GA,White,F,72,73.1,104.5,133,36.4,36.7,36.4,134,36.7,132,52.2,52.3,36.4 / 134,36.7 / 132
8997,GA,Black,F,72,70.4,100.4,127,35.3,35.1,35.3,128,35.1,126,50.4,50.0,35.3 / 128,35.1 / 126
8997,GA,Red,F,72,68.3,96.6,120,34.2,34.1,34.2,125,34.1,115,48.9,47.7,34.2 / 125,34.1 / 115
8936,GA,Black,M,72,73.7,100.5,144,37.5,36.2,37.5,143,36.2,145,50.8,49.7,37.5 / 143,36.2 / 145
8936,GA,Blue,M,72,71.7,97.1,137,36.6,35.1,36.6,138,35.1,136,49.4,47.7,36.6 / 138,35.1 / 136
8936,GA,White,M,72,69.7,93.9,130,35.3,34.4,35.3,132,34.4,128,47.6,46.3,35.3 / 132,34.4 / 128
8936,GA,Green,M,72,67.6,90.2,122,34.3,33.3,34.3,122,33.3,122,45.6,44.6,34.3 / 122,33.3 / 122
8936,GA,Gold,M,72,64.9,87.0,119,32.9,32.0,32.9,121,32.0,117,44.1,42.9,32.9 / 121,32.0 / 117
8936,GA,Red,M,72,61.1,81.9,112,31.2,29.9,31.2,114,29.9,110,41.8,40.1,31.2 / 114,29.9 / 110
8936,GA,Blue,F,72,77.9,112.6,148,39.4,38.5,39.4,148,38.5,147,56.8,55.8,39.4 / 148,38.5 / 147
8936,GA,White,F,72,75.3,108.8,142,38.0,37.3,38.0,141,37.3,143,54.6,54.2,38.0 / 141,37.3 / 143
8936,GA,Green,F,72,73.0,102.7,126,37.2,35.8,37.2,127,35.8,125,52.2,50.5,37.2 / 127,35.8 / 125
8936,GA,Gold,F,72,69.5,98.5,123,35.4,34.1,35.4,124,34.1,122,50.0,48.5,35.4 / 124,34.1 / 122
8936,GA,Red,F,72,66.9,93.7,114,33.6,33.3,33.6,114,33.3,114,47.0,46.7,33.6 / 114,33.3 / 114
9185,GA,Blue,M,71,70.2,94.2,129,34.8,35.4,34.8,129,35.4,129,46.8,47.4,34.8 / 129,35.4 / 129
9185,GA,White,M,71,68.6,91.8,125,34.3,34.3,34.3,125,34.3,125,45.9,45.9,34.3 / 125,34.3 / 125
9185,GA,Gold,M,71,65.4,87.0,116,32.2,33.2,32.2,116,33.2,116,43.0,44.0,32.2 / 116,33.2 / 116
9185,GA,Red,M,71,64.0,84.8,112,31.7,32.3,31.7,110,32.3,114,41.9,42.9,31.7 / 110,32.3 / 114
9185,GA,Gold,F,71,70.0,99.0,123,34.3,35.7,34.3,122,35.7,124,48.7,50.3,34.3 / 122,35.7 / 124
9185,GA,Red,F,0,68.0,95.6,117,34.1,33.9,34.1,116,33.9,118,47.8,47.8,34.1 / 116,33.9 / 118
9244,GA,Black,M,71,72.6,98.0,137,35.0,37.6,35.0,135,37.6,139,47.5,50.5,35.0 / 135,37.6 / 139
9244,GA,Love,M,71,71.5,96.4,134,34.7,36.8,34.7,131,36.8,137,46.9,49.5,34.7 / 131,36.8 / 137
9244,GA,Blue,M,71,70.0,94.7,133,34.3,35.7,34.3,131,35.7,135,46.5,48.2,34.3 / 131,35.7 / 135
9244,GA,Light Blue,M,71,69.1,93.3,130,34.4,34.7,34.4,128,34.7,132,46.3,47.0,34.4 / 128,34.7 / 132
9244,GA,White,M,71,67.8,91.4,127,33.5,34.3,33.5,126,34.3,128,45.2,46.2,33.5 / 126,34.3 / 128
9244,GA,Silver,M,71,66.1,88.7,122,32.5,33.6,32.5,121,33.6,123,43.7,45.0,32.5 / 121,33.6 / 123
9244,GA,Green,M,71,63.5,84.7,114,31.2,32.3,31.2,114,32.3,114,41.8,42.9,31.2 / 114,32.3 / 114
9244,GA,Blue,F,71,76.7,110.1,142,37.6,39.1,37.6,136,39.1,148,53.6,56.5,37.6 / 136,39.1 / 148
9244,GA,Light Blue,F,71,74.7,107.2,138,37.2,37.5,37.2,136,37.5,140,53.2,54.0,37.2 / 136,37.5 / 140
9244,GA,White,F,71,73.0,104.6,134,36.2,36.8,36.2,130,36.8,138,51.5,53.1,36.2 / 130,36.8 / 138
9244,GA,Silver,F,71,71.3,102.4,132,35.1,36.2,35.1,127,36.2,137,50.1,52.3,35.1 / 127,36.2 / 137
9244,GA,Green,F,71,67.9,96.2,120,33.3,34.6,33.3,115,34.6,125,46.9,49.3,33.3 / 115,34.6 / 125
3546,GA,Black,M,72,72.6,98.4,139,36.9,35.7,36.9,142,35.7,136,50.1,48.3,36.9 / 142,35.7 / 136
3546,GA,Black/Blue,M,72,71.4,96.7,136,36.4,35.0,36.4,139,35.0,133,49.3,47.4,36.4 / 139,35.0 / 133
3546,GA,Blue,M,72,70.2,94.6,131,35.7,34.5,35.7,132,34.5,130,48.0,46.6,35.7 / 132,34.5 / 130
3546,GA,Blue/White,M,72,69.6,93.8,130,35.3,34.3,35.3,132,34.3,128,47.6,46.2,35.3 / 132,34.3 / 128
3546,GA,White,M,72,68.2,91.8,127,34.3,33.9,34.3,127,33.9,127,46.1,45.7,34.3 / 127,33.9 / 127
3546,GA,Green,M,72,66.7,88.9,120,33.4,33.3,33.4,123,33.3,116,44.8,44.1,33.4 / 123,33.3 / 116
3546,GA,Green/Red,M,72,65.3,87.0,117,32.7,32.6,32.7,121,32.6,113,43.9,43.1,32.7 / 121,32.6 / 113
3546,GA,Red,M,72,64.0,85.2,114,31.8,32.2,31.8,117,32.2,111,42.7,42.5,31.8 / 117,32.2 / 111
3546,GA,Windstone,M,72,59.3,78.9,106,29.7,29.6,29.7,107,29.6,104,39.6,39.3,29.7 / 107,29.6 / 104
3546,GA,Blue,F,72,76.2,110.1,144,38.9,37.3,38.9,147,37.3,141,56.2,53.9,38.9 / 147,37.3 / 141
3546,GA,White,F,72,74.0,106.7,139,37.4,36.6,37.4,140,36.6,137,53.9,52.8,37.4 / 140,36.6 / 137
3546,GA,Green,F,72,71.7,102.7,132,36.1,35.6,36.1,132,35.6,131,51.7,51.0,36.1 / 132,35.6 / 131
3546,GA,Green/Red,F,72,70.0,99.7,126,35.3,34.7,35.3,125,34.7,127,50.0,49.7,35.3 / 125,34.7 / 127
3546,GA,Red,F,72,68.1,96.3,120,34.0,34.1,34.0,119,34.1,120,48.0,48.3,34.0 / 119,34.1 / 120
3546,GA,Windstone,F,72,60.2,84.5,103,30.2,30.0,30.2,102,30.0,104,42.2,42.3,30.2 / 102,30.0 / 104
9164,GA,Gold,M,72,73.1,99.5,142,37.0,36.1,37.0,148,36.1,136,50.8,48.7,37.0 / 148,36.1 / 136
9164,GA,Blue,M,72,71.3,97.0,138,36.3,35.0,36.3,143,35.0,133,49.6,47.4,36.3 / 143,35.0 / 133
9164,GA,White,M,72,68.9,92.7,128,35.1,33.8,35.1,133,33.8,123,47.5,45.2,35.1 / 133,33.8 / 123
9164,GA,White,F,72,74.7,107.3,138,38.2,36.5,38.2,143,36.5,133,55.1,52.2,38.2 / 143,36.5 / 133
9164,GA,Red,F,0,69.9,99.6,126,35.6,34.3,35.6,132,34.3,120,51.2,48.4,35.6 / 132,34.3 / 120
13994,GA,Blue,M,71,70.1,93.1,124,34.7,35.4,34.7,121,35.4,127,45.9,47.2,34.7 / 121,35.4 / 127
13994,GA,White,M,71,68.4,90.2,117,34.1,34.3,34.1,115,34.3,119,44.8,45.4,34.1 / 115,34.3 / 119
13994,GA,Gold,M,71,66.3,87.3,113,33.5,32.8,33.5,112,32.8,114,43.9,43.4,33.5 / 112,32.8 / 114
13994,GA,Red,M,71,63.6,83.4,107,32.0,31.6,32.0,107,31.6,107,41.9,41.5,32.0 / 107,31.6 / 107
13994,GA,Blue,F,71,75.3,106.9,134,37.2,38.1,37.2,134,38.1,134,53.0,53.9,37.2 / 134,38.1 / 134
13994,GA,White,F,71,73.1,103.7,130,36.2,36.9,36.2,130,36.9,130,51.5,52.2,36.2 / 130,36.9 / 130
13994,GA,Gold,F,71,70.8,100.0,124,35.5,35.3,35.5,125,35.3,123,50.2,49.8,35.5 / 125,35.3 / 123
13994,GA,Red,F,71,66.8,92.7,110,33.3,33.5,33.3,112,33.5,108,46.5,46.2,33.3 / 112,33.5 / 108
13997,GA,Championship,M,72,72.9,98.6,139,37.2,35.7,37.2,137,35.7,141,49.9,48.7,37.2 / 137,35.7 / 141
13997,GA,Palmer,M,72,72.3,97.7,137,36.9,35.4,36.9,135,35.4,139,49.4,48.3,36.9 / 135,35.4 / 139
13997,GA,Medal,M,72,71.3,96.4,135,36.4,34.9,36.4,133,34.9,137,48.8,47.6,36.4 / 133,34.9 / 137
13997,GA,Jones,M,72,70.3,95.0,133,35.6,34.7,35.6,131,34.7,135,47.8,47.2,35.6 / 131,34.7 / 135
13997,GA,Match,M,72,69.4,93.4,129,35.3,34.1,35.3,129,34.1,129,47.3,46.1,35.3 / 129,34.1 / 129
13997,GA,Sarazen,M,72,67.8,91.2,126,34.4,33.4,34.4,128,33.4,124,46.3,44.9,34.4 / 128,33.4 / 124
13997,GA,Forward,M,72,66.1,88.6,121,33.8,32.3,33.8,123,32.3,119,45.2,43.4,33.8 / 123,32.3 / 119
13997,GA,Player,M,72,64.1,83.5,117,32.3,31.8,32.3,119,31.8,115,43.4,42.5,32.3 / 119,31.8 / 115
13997,GA,Championship,F,72,79.5,113.8,148,40.7,38.8,40.7,148,38.8,148,58.2,56.2,40.7 / 148,38.8 / 148
13997,GA,Palmer,F,72,78.6,112.8,145,40.2,38.4,40.2,145,38.4,145,57.3,55.5,40.2 / 145,38.4 / 145
13997,GA,Medal,F,72,77.6,110.9,141,39.6,38.0,39.6,143,38.0,139,56.5,54.4,39.6 / 143,38.0 / 139
13997,GA,Jones,F,72,76.0,108.6,138,38.7,37.3,38.7,138,37.3,138,55.0,53.6,38.7 / 138,37.3 / 138
13997,GA,Match,F,72,74.4,106.2,135,38.1,36.3,38.1,135,36.3,135,54.0,52.2,38.1 / 135,36.3 / 135
13997,GA,Sarazen,F,72,72.5,104.1,134,37.1,35.4,37.1,134,35.4,134,52.9,51.2,37.1 / 134,35.4 / 134
13997,GA,Forward,F,72,70.5,100.1,124,36.2,34.3,36.2,123,34.3,125,50.7,49.0,36.2 / 123,34.3 / 125
13997,GA,Player,F,72,68.3,96.7,119,34.9,33.4,34.9,117,33.4,121,48.7,47.7,34.9 / 117,33.4 / 121
