course_id,state,tee_name,gender,par,course_rating,bogey_rating,slope_rating,rating_f9,rating_b9,front9_rating,front9_slope,back9_rating,back9_slope,bogey_f9,bogey_b9,front9_raw,back9_raw
14029,UT,Black,M,72,73.5,97.8,131,36.2,37.3,36.2,131,37.3,130,48.4,49.4,36.2 / 131,37.3 / 130
14029,UT,Black/Blue Combo,M,72,71.9,95.9,129,35.8,36.1,35.8,129,36.1,129,47.8,48.1,35.8 / 129,36.1 / 129
14029,UT,Blue,M,72,70.8,94.2,126,35.1,35.7,35.1,126,35.7,126,46.8,47.4,35.1 / 126,35.7 / 126
14029,UT,Blue/White Combo,M,72,69.5,92.2,123,34.7,34.8,34.7,122,34.8,123,46.0,46.2,34.7 / 122,34.8 / 123
14029,UT,White,M,72,68.8,91.2,121,34.3,34.5,34.3,119,34.5,122,45.4,45.8,34.3 / 119,34.5 / 122
14029,UT,White/Silver Combo,M,72,65.2,86.2,113,32.0,33.2,32.0,113,33.2,113,42.5,43.7,32.0 / 113,33.2 / 113
14029,UT,Silver,M,72,64.0,84.4,110,31.7,32.3,31.7,110,32.3,110,41.9,42.5,31.7 / 110,32.3 / 110
14029,UT,Green,M,72,58.0,76.5,100,29.0,29.0,29.0,102,29.0,97,38.5,38.0,29.0 / 102,29.0 / 97
14029,UT,Blue,F,72,77.2,111.7,147,38.6,38.6,38.6,148,38.6,145,56.0,55.7,38.6 / 148,38.6 / 145
14029,UT,Blue/White Combo,F,72,75.3,108.7,142,37.7,37.6,37.7,142,37.6,142,54.4,54.3,37.7 / 142,37.6 / 142
14029,UT,White,F,72,74.8,108.1,142,37.5,37.3,37.5,142,37.3,141,54.2,53.9,37.5 / 142,37.3 / 141
14029,UT,White/Silver Combo,F,72,71.2,101.3,128,35.2,36.0,35.2,125,36.0,131,49.9,51.4,35.2 / 125,36.0 / 131
14029,UT,Silver,F,72,69.4,98.4,123,34.6,34.8,34.6,123,34.8,123,49.1,49.3,34.6 / 123,34.8 / 123
14029,UT,Green,F,72,60.5,84.8,103,30.4,30.1,30.4,103,30.1,103,42.6,42.2,30.4 / 103,30.1 / 103
14131,UT,Blue,M,72,71.0,94.8,128,35.5,35.5,35.5,128,35.5,128,47.4,47.4,35.5 / 128,35.5 / 128
14131,UT,White,M,72,69.0,91.4,121,34.5,34.5,34.5,121,34.5,121,45.7,45.7,34.5 / 121,34.5 / 121
14131,UT,Red,M,72,66.0,86.8,112,33.0,33.0,33.0,112,33.0,112,43.4,43.4,33.0 / 112,33.0 / 112
14131,UT,Junior,M,68,60.0,79.2,103,30.0,30.0,30.0,103,30.0,103,39.6,39.6,30.0 / 103,30.0 / 103
14131,UT,Family,M,60,57.8,76.0,98,28.9,28.9,28.9,98,28.9,98,38.0,38.0,28.9 / 98,28.9 / 98
14131,UT,White,F,72,75.8,108.0,137,37.9,37.9,37.9,137,37.9,137,54.0,54.0,37.9 / 137,37.9 / 137
14131,UT,Red,F,72,71.0,100.4,125,35.5,35.5,35.5,125,35.5,125,50.2,50.2,35.5 / 125,35.5 / 125
14131,UT,Junior,F,68,61.6,87.4,109,30.8,30.8,30.8,109,30.8,109,43.7,43.7,30.8 / 109,30.8 / 109
14131,UT,Family,F,60,58.4,81.6,98,29.2,29.2,29.2,98,29.2,98,40.8,40.8,29.2 / 98,29.2 / 98
14111,UT,Blue,M,72,73.0,96.0,124,36.2,36.8,36.2,123,36.8,125,47.6,48.4,36.2 / 123,36.8 / 125
14111,UT,White,M,72,71.5,93.8,120,35.4,36.1,35.4,117,36.1,123,46.3,47.5,35.4 / 117,36.1 / 123
14111,UT,Black,M,72,67.2,88.4,114,33.6,33.6,33.6,109,33.6,119,43.7,44.7,33.6 / 109,33.6 / 119
14111,UT,Red,M,72,63.1,82.8,106,31.4,31.7,31.4,107,31.7,105,41.3,41.5,31.4 / 107,31.7 / 105
14111,UT,Blue,F,72,78.2,112.9,147,38.7,39.5,38.7,151,39.5,143,56.5,56.4,38.7 / 151,39.5 / 143
14111,UT,White,F,72,76.3,109.8,142,37.7,38.6,37.7,146,38.6,138,54.9,54.9,37.7 / 146,38.6 / 138
14111,UT,Black,F,72,71.3,102.4,132,35.5,35.8,35.5,137,35.8,127,51.6,50.8,35.5 / 137,35.8 / 127
14111,UT,Red,F,72,66.2,94.3,119,33.4,32.8,33.4,116,32.8,122,47.1,47.2,33.4 / 116,32.8 / 122
32994,UT,Tournament,M,72,75.4,101.1,139,37.7,37.7,37.7,138,37.7,139,50.5,50.6,37.7 / 138,37.7 / 139
32994,UT,Tournament/Black Desert,M,72,74.3,99.5,136,37.2,37.1,37.2,136,37.1,136,49.8,49.7,37.2 / 136,37.1 / 136
32994,UT,Black Desert,M,72,73.3,98.2,134,36.7,36.6,36.7,133,36.6,135,49.1,49.1,36.7 / 133,36.6 / 135
32994,UT,Weiskopf,M,72,71.2,94.9,128,35.8,35.4,35.8,128,35.4,127,47.7,47.2,35.8 / 128,35.4 / 127
32994,UT,Combination (Weiskopf/Snow Canyon),M,72,68.7,92.0,126,34.5,34.2,34.5,126,34.2,125,46.2,45.8,34.5 / 126,34.2 / 125
32994,UT,Snow Canyon,M,72,67.1,89.4,120,34.0,33.1,34.0,122,33.1,118,45.3,44.1,34.0 / 122,33.1 / 118
32994,UT,Snow Canyon/Red Cliffs,M,72,65.7,87.1,115,33.0,32.7,33.0,115,32.7,115,43.7,43.4,33.0 / 115,32.7 / 115
32994,UT,Red Cliffs,M,72,63.4,84.1,112,32.3,31.1,32.3,111,31.1,112,42.6,41.5,32.3 / 111,31.1 / 112
32994,UT,Tournament,F,72,82.3,117.9,151,41.2,41.1,41.2,155,41.1,147,59.5,58.4,41.2 / 155,41.1 / 147
32994,UT,Black Desert,F,72,79.6,113.9,146,39.9,39.7,39.9,150,39.7,141,57.6,56.3,39.9 / 150,39.7 / 141
32994,UT,Weiskopf,F,72,77.2,110.2,140,38.7,38.5,38.7,144,38.5,136,55.7,54.5,38.7 / 144,38.5 / 136
32994,UT,Combination (Weiskopf/Snow Canyon),F,72,74.6,106.2,134,37.3,37.3,37.3,138,37.3,130,53.6,52.6,37.3 / 138,37.3 / 130
32994,UT,Snow Canyon,F,72,72.6,103.5,132,36.6,36.0,36.6,137,36.0,126,52.7,50.8,36.6 / 137,36.0 / 126
32994,UT,Snow Canyon/Red Cliffs (copy),F,72,70.7,100.2,125,35.4,35.3,35.4,126,35.3,124,50.3,49.9,35.4 / 126,35.3 / 124
32994,UT,Red Cliffs,F,72,68.3,95.9,117,34.8,33.5,34.8,120,33.5,114,49.0,46.9,34.8 / 120,33.5 / 114
14089,UT,Red,M,72,72.7,96.9,130,36.2,36.5,36.2,130,36.5,130,48.3,48.6,36.2 / 130,36.5 / 130
14089,UT,Black,M,72,70.7,94.4,128,35.2,35.5,35.2,128,35.5,127,47.1,47.3,35.2 / 128,35.5 / 127
14089,UT,Blue,M,72,67.9,89.9,118,33.9,34.0,33.9,117,34.0,119,44.8,45.1,33.9 / 117,34.0 / 119
14089,UT,Blue/White Combo,M,72,66.3,87.4,114,32.9,33.4,32.9,110,33.4,117,43.1,44.3,32.9 / 110,33.4 / 117
14089,UT,White,M,72,64.3,84.1,107,32.2,32.1,32.2,105,32.1,108,42.0,42.1,32.2 / 105,32.1 / 108
14089,UT,White/Silver Combo,M,72,62.8,82.1,104,31.3,31.5,31.3,102,31.5,105,40.8,41.3,31.3 / 102,31.5 / 105
14089,UT,Silver,M,72,61.6,80.7,103,30.5,31.1,30.5,102,31.1,103,40.0,40.7,30.5 / 102,31.1 / 103
14089,UT,Red,F,72,79.2,112.6,142,39.4,39.8,39.4,142,39.8,142,56.1,56.5,39.4 / 142,39.8 / 142
14089,UT,Black,F,72,76.9,109.1,137,38.3,38.6,38.3,137,38.6,137,54.4,54.7,38.3 / 137,38.6 / 137
14089,UT,Blue,F,72,73.3,103.8,130,36.5,36.8,36.5,129,36.8,130,51.7,52.1,36.5 / 129,36.8 / 130
14089,UT,Blue/White Combo,F,72,71.5,100.8,125,35.4,36.1,35.4,123,36.1,126,49.9,50.9,35.4 / 123,36.1 / 126
14089,UT,White,F,72,69.0,97.3,120,34.5,34.5,34.5,120,34.5,120,48.6,48.7,34.5 / 120,34.5 / 120
14089,UT,White/Silver Combo,F,72,67.1,95.1,119,33.4,33.7,33.4,118,33.7,120,47.3,47.8,33.4 / 118,33.7 / 120
14089,UT,Silver,F,72,65.5,91.9,112,32.4,33.1,32.4,109,33.1,114,45.3,46.6,32.4 / 109,33.1 / 114
14081,UT,Black,M,72,71.0,94.2,125,35.1,35.9,35.1,126,35.9,124,46.8,47.4,35.1 / 126,35.9 / 124
14081,UT,Blue,M,72,69.7,92.7,124,34.4,35.3,34.4,125,35.3,123,46.0,46.7,34.4 / 125,35.3 / 123
14081,UT,White,M,72,67.8,89.4,117,33.5,34.3,33.5,122,34.3,111,44.8,44.6,33.5 / 122,34.3 / 111
14081,UT,White/Yellow Combo,M,72,63.8,84.1,110,31.0,32.8,31.0,112,32.8,107,41.4,42.7,31.0 / 112,32.8 / 107
14081,UT,Yellow,M,72,61.7,81.3,106,30.8,30.9,30.8,111,30.9,100,41.1,40.2,30.8 / 111,30.9 / 100
14081,UT,Black,F,72,77.1,110.7,143,38.0,39.1,38.0,142,39.1,143,54.7,56.0,38.0 / 142,39.1 / 143
14081,UT,Blue,F,72,75.5,108.3,139,37.1,38.4,37.1,139,38.4,139,53.5,54.8,37.1 / 139,38.4 / 139
14081,UT,White,F,72,73.0,104.6,134,36.1,36.9,36.1,135,36.9,133,52.0,52.6,36.1 / 135,36.9 / 133
14081,UT,White/Yellow Combo,F,72,68.6,97.8,124,33.3,35.3,33.3,123,35.3,125,47.8,50.0,33.3 / 123,35.3 / 125
14081,UT,Yellow,F,72,66.1,93.1,115,32.8,33.3,32.8,119,33.3,110,46.8,46.3,32.8 / 119,33.3 / 110
14115,UT,Blue,M,71,71.3,96.4,135,34.9,36.4,34.9,129,36.4,141,46.9,49.5,34.9 / 129,36.4 / 141
14115,UT,White,M,71,68.9,93.1,131,33.7,35.2,33.7,121,35.2,140,44.9,48.2,33.7 / 121,35.2 / 140
14115,UT,Gold,M,71,66.5,89.5,124,32.5,34.0,32.5,115,34.0,132,43.2,46.3,32.5 / 115,34.0 / 132
14115,UT,Red,M,71,64.3,85.6,115,31.6,32.7,31.6,109,32.7,121,41.7,43.9,31.6 / 109,32.7 / 121
14115,UT,Blue,F,72,76.5,109.7,141,37.3,39.2,37.3,136,39.2,146,53.3,56.4,37.3 / 136,39.2 / 146
14115,UT,White,F,72,73.8,105.8,136,36.0,37.8,36.0,131,37.8,141,51.4,54.4,36.0 / 131,37.8 / 141
14115,UT,Gold,F,72,71.8,103.4,134,35.0,36.8,35.0,129,36.8,139,50.2,53.2,35.0 / 129,36.8 / 139
14115,UT,Red,F,72,69.2,99.6,129,33.9,35.3,33.9,126,35.3,132,48.7,50.9,33.9 / 126,35.3 / 132
14050,UT,Blue,M,68,65.8,86.6,112,32.9,32.9,32.9,112,32.9,112,43.3,43.3,32.9 / 112,32.9 / 112
14050,UT,White/Blue Combo,M,68,65.4,86.1,112,32.5,32.9,32.5,111,32.9,112,42.8,43.3,32.5 / 111,32.9 / 112
14050,UT,White,M,68,65.0,85.6,111,32.5,32.5,32.5,111,32.5,111,42.8,42.8,32.5 / 111,32.5 / 111
14050,UT,White,F,68,69.4,99.6,128,34.7,34.7,34.7,128,34.7,128,49.8,49.8,34.7 / 128,34.7 / 128
14050,UT,Red/White Combo,F,68,67.1,96.0,123,32.4,34.7,32.4,117,34.7,128,46.2,49.8,32.4 / 117,34.7 / 128
14050,UT,Red,F,68,64.8,92.4,117,32.4,32.4,32.4,117,32.4,117,46.2,46.2,32.4 / 117,32.4 / 117
14033,UT,Black,M,72,72.4,97.4,135,36.2,36.2,36.2,135,36.2,135,48.7,48.7,36.2 / 135,36.2 / 135
14033,UT,Blue/Black,M,72,71.3,95.8,132,35.1,36.2,35.1,129,36.2,135,47.1,48.7,35.1 / 129,36.2 / 135
14033,UT,Blue,M,72,70.2,94.2,129,35.1,35.1,35.1,129,35.1,129,47.1,47.1,35.1 / 129,35.1 / 129
14033,UT,White/Blue,M,72,69.2,92.7,127,34.1,35.1,34.1,124,35.1,129,45.6,47.1,34.1 / 124,35.1 / 129
14033,UT,White,M,72,68.2,91.2,124,34.1,34.1,34.1,124,34.1,124,45.6,45.6,34.1 / 124,34.1 / 124
14033,UT,Red/White,M,72,66.2,87.8,117,32.1,34.1,32.1,109,34.1,124,42.2,45.6,32.1 / 109,34.1 / 124
14033,UT,Red,M,72,64.2,84.4,109,32.1,32.1,32.1,109,32.1,109,42.2,42.2,32.1 / 109,32.1 / 109
14033,UT,Black,F,72,78.8,113.6,148,39.4,39.4,39.4,148,39.4,148,56.8,56.8,39.4 / 148,39.4 / 148
14033,UT,Blue,F,72,76.2,109.8,142,38.1,38.1,38.1,142,38.1,142,54.9,54.9,38.1 / 142,38.1 / 142
14033,UT,White,F,72,73.4,105.6,137,36.7,36.7,36.7,137,36.7,137,52.8,52.8,36.7 / 137,36.7 / 137
14033,UT,Red/White,F,72,71.2,102.1,132,34.5,36.7,34.5,126,36.7,137,49.3,52.8,34.5 / 126,36.7 / 137
14033,UT,Red,F,72,69.0,98.6,126,34.5,34.5,34.5,126,34.5,126,49.3,49.3,34.5 / 126,34.5 / 126
23929,UT,Black,M,70,68.4,93.2,134,34.4,34.0,34.4,141,34.0,126,47.5,45.7,34.4 / 141,34.0 / 126
23929,UT,Blue/Black Combo,M,70,66.7,91.2,132,33.7,33.0,33.7,138,33.0,126,46.5,44.7,33.7 / 138,33.0 / 126
23929,UT,Blue,M,70,65.8,89.9,130,33.2,32.6,33.2,137,32.6,123,45.9,44.0,33.2 / 137,32.6 / 123
23929,UT,Green,M,70,62.9,85.7,123,31.4,31.5,31.4,127,31.5,118,43.2,42.5,31.4 / 127,31.5 / 118
23929,UT,Red/Green Combo,M,70,61.6,83.7,119,30.6,31.0,30.6,123,31.0,115,42.0,41.7,30.6 / 123,31.0 / 115
23929,UT,Red,M,70,60.2,81.9,117,29.9,30.3,29.9,122,30.3,112,41.2,40.7,29.9 / 122,30.3 / 112
23929,UT,Blue,F,70,71.5,106.5,149,36.3,35.2,36.3,153,35.2,144,54.3,52.2,36.3 / 153,35.2 / 144
23929,UT,Green,F,70,67.5,98.7,132,33.8,33.7,33.8,132,33.7,132,49.4,49.3,33.8 / 132,33.7 / 132
23929,UT,Red/Green Combo,F,70,65.4,95.6,128,32.5,32.9,32.5,127,32.9,129,47.5,48.1,32.5 / 127,32.9 / 129
23929,UT,Red,F,70,63.4,92.2,122,31.6,31.8,31.6,121,31.8,123,45.9,46.3,31.6 / 121,31.8 / 123
14124,UT,Blue,M,70,69.3,90.5,114,35.1,34.2,35.1,117,34.2,111,46.0,44.5,35.1 / 117,34.2 / 111
14124,UT,White,M,70,67.1,87.9,112,34.2,32.9,34.2,116,32.9,108,45.0,42.9,34.2 / 116,32.9 / 108
14124,UT,Gold,M,70,64.3,84.6,109,32.7,31.6,32.7,113,31.6,105,43.2,41.4,32.7 / 113,31.6 / 105
14124,UT,Red,M,70,63.1,82.9,107,31.9,31.2,31.9,109,31.2,104,42.0,40.9,31.9 / 109,31.2 / 104
14124,UT,Blue,F,70,75.3,108.8,142,38.4,36.9,38.4,145,36.9,139,55.5,53.3,38.4 / 145,36.9 / 139
14124,UT,White,F,70,72.8,105.1,137,37.3,35.5,37.3,141,35.5,133,53.9,51.2,37.3 / 141,35.5 / 133
14124,UT,Gold,F,70,69.1,98.7,126,35.5,33.6,35.5,131,33.6,120,50.9,47.8,35.5 / 131,33.6 / 120
14124,UT,Red,F,70,67.5,96.1,122,34.6,32.9,34.6,125,32.9,118,49.3,46.8,34.6 / 125,32.9 / 118
14093,UT,Black,M,71,71.2,96.1,134,35.9,35.3,35.9,137,35.3,131,48.6,47.5,35.9 / 137,35.3 / 131
14093,UT,Blue,M,71,69.3,93.6,131,34.9,34.4,34.9,133,34.4,128,47.3,46.3,34.9 / 133,34.4 / 128
14093,UT,White,M,71,67.1,89.9,123,33.6,33.5,33.6,125,33.5,121,45.2,44.7,33.6 / 125,33.5 / 121
14093,UT,Red,M,71,63.2,84.4,114,31.5,31.7,31.5,116,31.7,112,42.3,42.1,31.5 / 116,31.7 / 112
14093,UT,White,F,71,72.2,103.1,131,36.7,35.5,36.7,137,35.5,125,52.9,50.2,36.7 / 137,35.5 / 125
14093,UT,Red,F,71,67.8,96.5,122,34.4,33.4,34.4,120,33.4,123,48.6,47.9,34.4 / 120,33.4 / 123
14117,UT,Blue,M,72,71.3,94.0,122,35.0,36.3,35.0,118,36.3,126,46.0,48.0,35.0 / 118,36.3 / 126
14117,UT,White,M,72,69.6,91.3,117,34.4,35.2,34.4,113,35.2,121,44.9,46.4,34.4 / 113,35.2 / 121
14117,UT,Red,M,72,64.4,83.7,104,31.7,32.7,31.7,100,32.7,108,41.0,42.7,31.7 / 100,32.7 / 108
14117,UT,White,F,72,74.8,107.0,137,37.0,37.8,37.0,134,37.8,139,52.8,54.2,37.0 / 134,37.8 / 139
14117,UT,Red,F,72,68.3,97.4,124,33.9,34.4,33.9,121,34.4,126,48.2,49.2,33.9 / 121,34.4 / 126
14052,UT,White Front/Blue Back - Men,M,72,69.1,90.0,113,34.5,34.6,34.5,111,34.6,114,44.8,45.2,34.5 / 111,34.6 / 114
14052,UT,Red Front/Yellow Back - Women,F,72,65.9,92.6,113,32.3,33.6,32.3,110,33.6,116,45.3,47.3,32.3 / 110,33.6 / 116
29483,UT,Copper,M,72,75.8,102.9,146,38.0,37.8,38.0,145,37.8,146,51.5,51.4,38.0 / 145,37.8 / 146
29483,UT,Black,M,72,73.1,99.4,141,36.3,36.8,36.3,140,36.8,141,49.3,49.9,36.3 / 140,36.8 / 141
29483,UT,Gold,M,72,70.6,95.8,138,35.1,35.5,35.1,137,35.5,139,47.8,48.4,35.1 / 137,35.5 / 139
29483,UT,Silver,M,72,68.7,93.3,132,34.1,34.6,34.1,131,34.6,133,46.3,47.0,34.1 / 131,34.6 / 133
29483,UT,White,M,72,65.5,86.8,115,33.0,32.5,33.0,111,32.5,118,43.3,43.5,33.0 / 111,32.5 / 118
29483,UT,Copper,F,72,82.5,120.3,155,41.4,41.1,41.4,155,41.1,155,60.6,59.7,41.4 / 155,41.1 / 155
29483,UT,Black,F,72,79.3,115.4,153,39.4,39.9,39.4,154,39.9,152,57.6,57.8,39.4 / 154,39.9 / 152
29483,UT,Gold,F,72,76.5,111.2,147,38.0,38.5,38.0,148,38.5,146,55.5,55.7,38.0 / 148,38.5 / 146
29483,UT,Silver,F,72,74.1,107.6,142,36.8,37.3,36.8,143,37.3,141,53.7,53.9,36.8 / 143,37.3 / 141
29483,UT,White,F,72,70.0,100.4,129,35.1,34.9,35.1,131,34.9,126,50.6,49.8,35.1 / 131,34.9 / 126
14120,UT,Black,M,72,75.2,102.6,148,38.1,37.1,38.1,155,37.1,140,52.5,50.1,38.1 / 155,37.1 / 140
14120,UT,Blue,M,72,72.6,99.1,143,36.5,36.1,36.5,150,36.1,136,50.4,48.7,36.5 / 150,36.1 / 136
14120,UT,Blue/White Combo,M,72,70.6,95.7,135,35.5,35.1,35.5,139,35.1,131,48.4,47.3,35.5 / 139,35.1 / 131
14120,UT,White,M,72,69.0,92.8,128,34.7,34.3,34.7,133,34.3,123,47.1,45.7,34.7 / 133,34.3 / 123
14120,UT,White/Red Combo,M,72,66.7,89.6,123,33.2,33.5,33.2,127,33.5,119,45.0,44.6,33.2 / 127,33.5 / 119
14120,UT,Red,M,72,64.1,85.9,118,32.0,32.1,32.0,121,32.1,114,43.2,42.7,32.0 / 121,32.1 / 114
14120,UT,Black,F,72,81.5,119.5,154,41.5,40.0,41.5,155,40.0,153,61.5,58.0,41.5 / 155,40.0 / 153
14120,UT,Blue,F,72,78.3,114.8,152,39.6,38.7,39.6,155,38.7,148,58.7,56.1,39.6 / 155,38.7 / 148
14120,UT,Blue/White Combo,F,72,76.0,111.0,148,38.3,37.7,38.3,153,37.7,143,56.4,54.6,38.3 / 153,37.7 / 143
14120,UT,White,F,72,74.1,108.3,145,37.3,36.8,37.3,151,36.8,139,55.1,53.2,37.3 / 151,36.8 / 139
14120,UT,White/Red Combo,F,72,71.3,102.9,134,35.6,35.7,35.6,132,35.7,136,51.2,51.7,35.6 / 132,35.7 / 136
14120,UT,Red,F,72,67.8,96.8,123,34.1,33.7,34.1,124,33.7,122,48.7,48.1,34.1 / 124,33.7 / 122
26184,UT,Green(Front)/White(Back),M,54,52.3,66.7,78,26.4,25.9,26.4,81,25.9,74,33.9,32.8,26.4 / 81,25.9 / 74
26184,UT,Green-White(Front)/White-Red(Back),M,54,51.9,65.8,75,26.2,25.7,26.2,79,25.7,71,33.5,32.3,26.2 / 79,25.7 / 71
26184,UT,Green(Front)/White(Back),F,54,55.0,73.2,77,27.8,27.2,27.8,78,27.2,76,37.0,36.2,27.8 / 78,27.2 / 76
26184,UT,Green-White(Front)/White-Red(Back),F,54,54.5,72.8,78,27.5,27.0,27.5,81,27.0,74,37.1,35.7,27.5 / 81,27.0 / 74
14128,UT,Blue,M,72,70.5,93.6,125,35.0,35.5,35.0,123,35.5,126,46.4,47.2,35.0 / 123,35.5 / 126
14128,UT,White,M,72,68.7,90.9,120,34.3,34.4,34.3,121,34.4,118,45.5,45.4,34.3 / 121,34.4 / 118
14128,UT,Yellow,M,72,66.5,86.8,110,32.9,33.6,32.9,108,33.6,111,42.9,43.9,32.9 / 108,33.6 / 111
14128,UT,Red,M,72,64.3,83.8,105,32.2,32.1,32.2,105,32.1,104,42.0,41.8,32.2 / 105,32.1 / 104
14128,UT,Blue,F,72,76.6,110.4,144,38.2,38.4,38.2,141,38.4,146,54.8,55.6,38.2 / 141,38.4 / 146
14128,UT,White,F,72,74.3,106.7,138,37.2,37.1,37.2,136,37.1,139,53.2,53.5,37.2 / 136,37.1 / 139
14128,UT,Yellow,F,72,71.2,102.1,131,35.2,36.0,35.2,127,36.0,135,50.2,51.9,35.2 / 127,36.0 / 135
14128,UT,Red,F,72,68.5,97.1,122,34.1,34.4,34.1,120,34.4,123,48.2,48.9,34.1 / 120,34.4 / 123
14964,UT,Black,M,72,68.7,90.3,117,35.0,33.7,35.0,112,33.7,121,45.4,44.9,35.0 / 112,33.7 / 121
14964,UT,Blue,M,72,65.6,85.5,107,32.9,32.7,32.9,104,32.7,110,42.6,42.9,32.9 / 104,32.7 / 110
14964,UT,White,M,72,63.6,82.9,104,31.8,31.8,31.8,100,31.8,108,41.1,41.8,31.8 / 100,31.8 / 108
14964,UT,Red,M,72,60.7,78.3,95,30.3,30.4,30.3,88,30.4,101,38.5,39.8,30.3 / 88,30.4 / 101
14964,UT,White,F,72,68.7,95.8,115,34.5,34.2,34.5,112,34.2,118,47.7,48.1,34.5 / 112,34.2 / 118
14964,UT,Red,F,72,63.8,88.5,105,31.8,32.0,31.8,107,32.0,103,44.4,44.1,31.8 / 107,32.0 / 103
14086,UT,Black,M,71,70.5,93.7,125,35.2,35.3,35.2,118,35.3,131,46.2,47.5,35.2 / 118,35.3 / 131
14086,UT,Blue,M,71,68.9,91.5,122,34.5,34.4,34.5,115,34.4,128,45.2,46.3,34.5 / 115,34.4 / 128
14086,UT,White,M,71,67.2,88.8,117,33.5,33.7,33.5,112,33.7,121,43.9,44.9,33.5 / 112,33.7 / 121
14086,UT,Red,M,71,63.8,84.4,111,31.6,32.2,31.6,109,32.2,113,41.7,42.7,31.6 / 109,32.2 / 113
14086,UT,Orange,M,71,59.5,78.5,102,29.4,30.1,29.4,99,30.1,105,38.6,39.9,29.4 / 99,30.1 / 105
14086,UT,Black,F,71,76.3,108.7,138,38.3,38.0,38.3,136,38.0,139,54.3,54.4,38.3 / 136,38.0 / 139
14086,UT,Blue,F,71,74.6,106.3,135,37.5,37.1,37.5,132,37.1,137,53.1,53.2,37.5 / 132,37.1 / 137
14086,UT,White,F,71,72.5,103.0,129,36.3,36.2,36.3,127,36.2,131,51.3,51.7,36.3 / 127,36.2 / 131
14086,UT,Red,F,71,68.6,97.2,122,34.3,34.3,34.3,120,34.3,123,48.4,48.8,34.3 / 120,34.3 / 123
14086,UT,Orange,F,71,61.4,86.3,106,30.6,30.8,30.6,103,30.8,108,42.8,43.5,30.6 / 103,30.8 / 108
14100,UT,Black,M,72,71.7,96.6,134,35.4,36.3,35.4,137,36.3,131,48.1,48.5,35.4 / 137,36.3 / 131
14100,UT,Blue,M,72,69.7,93.0,126,34.5,35.2,34.5,130,35.2,121,46.6,46.4,34.5 / 130,35.2 / 121
14100,UT,White,M,72,67.4,89.3,118,33.6,33.8,33.6,118,33.8,117,44.6,44.7,33.6 / 118,33.8 / 117
14100,UT,Red,M,72,63.5,83.1,106,31.6,31.9,31.6,111,31.9,100,41.9,41.2,31.6 / 111,31.9 / 100
14100,UT,Black,F,72,78.1,112.9,148,38.2,39.9,38.2,147,39.9,148,55.5,57.4,38.2 / 147,39.9 / 148
14100,UT,Blue,F,72,75.5,109.1,143,37.1,38.4,37.1,142,38.4,143,53.8,55.3,37.1 / 142,38.4 / 143
14100,UT,White,F,72,72.7,104.8,137,35.8,36.9,35.8,136,36.9,137,51.8,53.0,35.8 / 136,36.9 / 137
14100,UT,Red,F,72,68.5,97.4,123,33.9,34.6,33.9,120,34.6,125,48.1,49.3,33.9 / 120,34.6 / 125
14042,UT,Blue,M,68,66.4,87.6,114,33.2,33.2,33.2,114,33.2,114,43.8,43.8,33.2 / 114,33.2 / 114
14042,UT,White,M,68,63.8,83.8,108,31.9,31.9,31.9,108,31.9,108,41.9,41.9,31.9 / 108,31.9 / 108
14042,UT,White,F,70,68.2,96.8,121,34.1,34.1,34.1,121,34.1,121,48.4,48.4,34.1 / 121,34.1 / 121
14042,UT,Red,F,70,64.8,89.6,105,32.4,32.4,32.4,105,32.4,105,44.8,44.8,32.4 / 105,32.4 / 105
14021,UT,Black,M,62,62.0,80.0,97,31.0,31.0,31.0,97,31.0,97,40.0,40.0,31.0 / 97,31.0 / 97
14021,UT,Blue,M,62,61.0,78.6,95,30.5,30.5,30.5,95,30.5,95,39.3,39.3,30.5 / 95,30.5 / 95
14021,UT,White,M,62,59.8,77.0,93,29.9,29.9,29.9,93,29.9,93,38.5,38.5,29.9 / 93,29.9 / 93
14021,UT,White,F,62,62.0,85.2,98,31.0,31.0,31.0,98,31.0,98,42.6,42.6,31.0 / 98,31.0 / 98
14021,UT,Red,F,62,58.2,79.6,91,29.1,29.1,29.1,91,29.1,91,39.8,39.8,29.1 / 91,29.1 / 91
14108,UT,Black,M,71,72.3,98.7,142,35.6,36.7,35.6,140,36.7,144,48.6,50.1,35.6 / 140,36.7 / 144
14108,UT,Blue,M,71,69.5,94.0,132,34.1,35.4,34.1,133,35.4,130,46.5,47.5,34.1 / 133,35.4 / 130
14108,UT,White,M,71,67.3,90.6,125,32.9,34.4,32.9,131,34.4,119,45.1,45.5,32.9 / 131,34.4 / 119
14108,UT,Yellow,M,71,64.8,87.4,122,32.0,32.8,32.0,125,32.8,118,43.6,43.8,32.0 / 125,32.8 / 118
14108,UT,Red,M,71,62.3,84.0,117,30.9,31.4,30.9,121,31.4,113,42.1,41.9,30.9 / 121,31.4 / 113
14108,UT,Black,F,71,78.3,114.1,152,38.3,40.0,38.3,148,40.0,155,55.7,58.4,38.3 / 148,40.0 / 155
14108,UT,Blue,F,71,75.1,109.3,145,36.8,38.3,36.8,142,38.3,148,53.5,55.8,36.8 / 142,38.3 / 148
14108,UT,White,F,71,72.4,105.3,140,35.6,36.8,35.6,136,36.8,143,51.6,53.7,35.6 / 136,36.8 / 143
14108,UT,Yellow,F,71,70.3,101.0,131,34.6,35.7,34.6,130,35.7,131,49.9,51.1,34.6 / 130,35.7 / 131
14108,UT,Red,F,71,66.8,96.0,124,33.2,33.6,33.2,125,33.6,123,47.9,48.1,33.2 / 125,33.6 / 123
14130,UT,Black,M,71,71.3,94.4,125,36.1,35.2,36.1,124,35.2,125,47.6,46.8,36.1 / 124,35.2 / 125
14130,UT,Blue,M,71,69.6,92.4,123,35.1,34.5,35.1,123,34.5,123,46.5,45.9,35.1 / 123,34.5 / 123
14130,UT,White,M,71,67.1,88.0,113,33.8,33.3,33.8,112,33.3,113,44.2,43.8,33.8 / 112,33.3 / 113
14130,UT,Red,M,71,63.1,82.6,105,31.5,31.6,31.5,102,31.6,108,41.0,41.6,31.5 / 102,31.6 / 108
14130,UT,Black,F,71,77.6,111.0,142,39.5,38.1,39.5,143,38.1,140,56.4,54.6,39.5 / 143,38.1 / 140
14130,UT,Blue,F,71,75.8,108.4,138,38.4,37.4,38.4,139,37.4,137,54.8,53.6,38.4 / 139,37.4 / 137
14130,UT,White,F,71,72.6,103.5,131,36.6,36.0,36.6,131,36.0,131,52.1,51.4,36.6 / 131,36.0 / 131
14130,UT,Red,F,71,67.5,94.9,116,33.6,33.9,33.6,114,33.9,118,47.1,47.8,33.6 / 114,33.9 / 118
14102,UT,Black,M,70,67.0,88.6,116,33.5,33.5,33.5,116,33.5,116,44.3,44.3,33.5 / 116,33.5 / 116
14102,UT,White,M,70,65.2,85.8,111,32.6,32.6,32.6,111,32.6,111,42.9,42.9,32.6 / 111,32.6 / 111
14102,UT,Red,M,70,62.0,81.0,102,31.0,31.0,31.0,102,31.0,102,40.5,40.5,31.0 / 102,31.0 / 102
14102,UT,Yellow,M,58,58.0,75.8,96,29.0,29.0,29.0,96,29.0,96,37.9,37.9,29.0 / 96,29.0 / 96
14102,UT,White,F,70,70.6,100.2,126,35.3,35.3,35.3,126,35.3,126,50.1,50.1,35.3 / 126,35.3 / 126
14102,UT,Red,F,70,66.8,93.8,114,33.4,33.4,33.4,114,33.4,114,46.9,46.9,33.4 / 114,33.4 / 114
14102,UT,Yellow,F,58,59.4,80.4,89,29.7,29.7,29.7,89,29.7,89,40.2,40.2,29.7 / 89,29.7 / 89
14113,UT,I,M,71,73.5,99.3,139,36.5,37.0,36.5,136,37.0,142,49.1,50.2,36.5 / 136,37.0 / 142
14113,UT,II,M,71,71.2,96.2,135,35.4,35.8,35.4,131,35.8,138,47.6,48.6,35.4 / 131,35.8 / 138
14113,UT,II/III Combo,M,71,69.6,93.9,131,34.7,34.9,34.7,130,34.9,131,46.8,47.1,34.7 / 130,34.9 / 131
14113,UT,III,M,71,68.8,92.8,129,34.3,34.5,34.3,129,34.5,129,46.3,46.5,34.3 / 129,34.5 / 129
14113,UT,III/IV Combo,M,71,67.6,90.6,124,33.7,33.9,33.7,121,33.9,127,44.9,45.7,33.7 / 121,33.9 / 127
14113,UT,IV,M,71,66.6,88.4,117,33.0,33.6,33.0,116,33.6,118,43.8,44.6,33.0 / 116,33.6 / 118
14113,UT,IV/V Combo,M,71,65.0,85.7,112,32.1,32.9,32.1,114,32.9,109,42.7,43.0,32.1 / 114,32.9 / 109
14113,UT,V,M,71,63.7,83.5,107,31.4,32.3,31.4,110,32.3,103,41.6,41.9,31.4 / 110,32.3 / 103
14113,UT,I,F,71,80.3,115.7,150,39.8,40.5,39.8,145,40.5,155,56.9,58.8,39.8 / 145,40.5 / 155
14113,UT,II,F,71,77.6,111.5,144,38.5,39.1,38.5,139,39.1,148,54.9,56.6,38.5 / 139,39.1 / 148
14113,UT,III,F,71,74.8,107.5,139,37.1,37.7,37.1,134,37.7,143,52.9,54.6,37.1 / 134,37.7 / 143
14113,UT,IV,F,71,72.1,103.3,132,35.7,36.4,35.7,127,36.4,137,50.7,52.6,35.7 / 127,36.4 / 137
14113,UT,IV/V Combo,F,71,69.6,99.5,127,34.5,35.1,34.5,124,35.1,130,49.1,50.4,34.5 / 124,35.1 / 130
14113,UT,V,F,71,68.4,97.1,122,33.8,34.6,33.8,120,34.6,123,48.0,49.1,33.8 / 120,34.6 / 123
14039,UT,Blue,M,62,61.2,79.0,96,30.6,30.6,30.6,96,30.6,96,39.5,39.5,30.6 / 96,30.6 / 96
14039,UT,White,M,62,60.2,77.8,95,30.1,30.1,30.1,95,30.1,95,38.9,38.9,30.1 / 95,30.1 / 95
14039,UT,White,F,62,62.6,85.0,95,31.3,31.3,31.3,95,31.3,95,42.5,42.5,31.3 / 95,31.3 / 95
14039,UT,Red,F,62,61.0,82.4,91,30.5,30.5,30.5,91,30.5,91,41.2,41.2,30.5 / 91,30.5 / 91
14087,UT,Blue,M,72,68.8,91.2,121,34.4,34.4,34.4,121,34.4,121,45.6,45.6,34.4 / 121,34.4 / 121
14087,UT,White,M,72,65.0,85.0,108,32.5,32.5,32.5,108,32.5,108,42.5,42.5,32.5 / 108,32.5 / 108
14087,UT,Gold,M,72,61.4,80.2,101,30.7,30.7,30.7,101,30.7,101,40.1,40.1,30.7 / 101,30.7 / 101
14087,UT,Blue,F,74,74.2,103.8,126,37.1,37.1,37.1,126,37.1,126,51.9,51.9,37.1 / 126,37.1 / 126
14087,UT,White,F,74,70.2,98.0,118,35.1,35.1,35.1,118,35.1,118,49.0,49.0,35.1 / 118,35.1 / 118
14087,UT,Gold,F,74,64.8,91.4,113,32.4,32.4,32.4,113,32.4,113,45.7,45.7,32.4 / 113,32.4 / 113
21150,UT,Black,M,72,73.2,95.8,122,36.4,36.8,36.4,118,36.8,125,47.4,48.4,36.4 / 118,36.8 / 125
21150,UT,Blue,M,72,71.2,92.9,117,35.4,35.8,35.4,114,35.8,119,46.0,46.9,35.4 / 114,35.8 / 119
21150,UT,White,M,72,67.8,88.8,113,33.3,34.5,33.3,113,34.5,113,43.8,45.0,33.3 / 113,34.5 / 113
21150,UT,Gold,M,72,64.9,84.7,107,32.1,32.8,32.1,102,32.8,111,41.6,43.1,32.1 / 102,32.8 / 111
21150,UT,Red,M,72,63.9,83.2,104,31.8,32.1,31.8,100,32.1,108,41.1,42.1,31.8 / 100,32.1 / 108
21150,UT,Black,F,73,78.9,112.8,144,39.0,39.9,39.0,141,39.9,147,55.6,57.2,39.0 / 141,39.9 / 147
21150,UT,Blue,F,73,76.4,108.9,138,37.8,38.6,37.8,135,38.6,141,53.7,55.2,37.8 / 135,38.6 / 141
21150,UT,White,F,73,72.9,103.8,131,35.8,37.1,35.8,127,37.1,135,50.8,53.0,35.8 / 127,37.1 / 135
21150,UT,Gold,F,73,69.8,99.1,124,34.2,35.6,34.2,120,35.6,128,48.4,50.7,34.2 / 120,35.6 / 128
21150,UT,Red,F,73,68.7,97.1,121,33.9,34.8,33.9,118,34.8,123,47.8,49.3,33.9 / 118,34.8 / 123
14099,UT,Black,M,72,72.3,96.8,132,36.1,36.2,36.1,130,36.2,133,48.2,48.6,36.1 / 130,36.2 / 133
14099,UT,Blue,M,72,70.5,94.4,129,35.1,35.4,35.1,127,35.4,130,46.9,47.5,35.1 / 127,35.4 / 130
14099,UT,White,M,72,67.4,89.9,122,33.7,33.7,33.7,122,33.7,121,45.0,44.9,33.7 / 122,33.7 / 121
14099,UT,Gold,M,72,65.1,86.7,117,32.8,32.3,32.8,118,32.3,115,43.8,42.9,32.8 / 118,32.3 / 115
14099,UT,Red,M,72,63.0,83.4,110,31.5,31.5,31.5,112,31.5,108,41.9,41.5,31.5 / 112,31.5 / 108
14099,UT,Gold,F,72,70.2,101.1,131,35.4,34.8,35.4,130,34.8,132,50.7,50.4,35.4 / 130,34.8 / 132
14099,UT,Red,F,72,67.8,97.0,124,34.0,33.8,34.0,128,33.8,120,49.1,47.9,34.0 / 128,33.8 / 120
14107,UT,Black,M,72,73.2,96.2,124,36.6,36.6,36.6,118,36.6,129,47.6,48.6,36.6 / 118,36.6 / 129
14107,UT,Blue,M,72,71.3,93.8,121,35.6,35.7,35.6,117,35.7,125,46.5,47.3,35.6 / 117,35.7 / 125
14107,UT,White,M,72,67.8,89.5,117,34.0,33.8,34.0,114,33.8,119,44.6,44.9,34.0 / 114,33.8 / 119
14107,UT,White/Gold Combo,M,72,66.5,87.4,113,33.4,33.1,33.4,112,33.1,113,43.8,43.6,33.4 / 112,33.1 / 113
14107,UT,Gold,M,72,65.1,85.2,109,32.5,32.6,32.5,108,32.6,109,42.5,42.7,32.5 / 108,32.6 / 109
14107,UT,Red,M,72,62.3,81.0,101,31.1,31.2,31.1,100,31.2,101,40.4,40.6,31.1 / 100,31.2 / 101
14107,UT,White,F,72,73.7,105.5,135,37.0,36.7,37.0,136,36.7,134,53.0,52.5,37.0 / 136,36.7 / 134
14107,UT,White/Gold Combo,F,72,72.2,103.2,132,36.3,35.9,36.3,132,35.9,131,51.9,51.3,36.3 / 132,35.9 / 131
14107,UT,Gold,F,72,70.4,100.6,128,35.2,35.2,35.2,128,35.2,128,50.3,50.3,35.2 / 128,35.2 / 128
14107,UT,Red,F,72,67.0,94.2,115,33.4,33.6,33.4,115,33.6,115,47.0,47.2,33.4 / 115,33.6 / 115
14036,UT,Black,M,72,70.6,92.8,120,35.3,35.3,35.3,117,35.3,122,46.2,46.6,35.3 / 117,35.3 / 122
14036,UT,Blue,M,72,68.9,90.1,114,34.6,34.3,34.6,115,34.3,113,45.3,44.8,34.6 / 115,34.3 / 113
14036,UT,Silver,M,72,66.9,87.1,109,33.8,33.1,33.8,110,33.1,108,44.0,43.1,33.8 / 110,33.1 / 108
14036,UT,Gold,M,72,62.7,81.4,101,31.8,30.9,31.8,103,30.9,98,41.4,40.0,31.8 / 103,30.9 / 98
14036,UT,Black,F,72,76.7,109.4,139,38.3,38.4,38.3,138,38.4,139,54.6,54.8,38.3 / 138,38.4 / 139
14036,UT,Blue,F,72,74.6,106.3,135,37.4,37.2,37.4,135,37.2,134,53.3,53.0,37.4 / 135,37.2 / 134
14036,UT,Silver,F,72,72.2,102.6,129,36.4,35.8,36.4,130,35.8,128,51.7,50.9,36.4 / 130,35.8 / 128
14036,UT,Gold,F,72,66.8,94.1,116,34.1,32.7,34.1,117,32.7,114,47.9,46.2,34.1 / 117,32.7 / 114
14083,UT,Black,M,72,72.4,96.4,129,36.6,35.8,36.6,128,35.8,130,48.5,47.9,36.6 / 128,35.8 / 130
14083,UT,Blue,M,72,71.0,94.3,126,35.4,35.6,35.4,127,35.6,124,47.2,47.1,35.4 / 127,35.6 / 124
14083,UT,White,M,72,69.4,91.1,117,34.5,34.9,34.5,122,34.9,112,45.8,45.3,34.5 / 122,34.9 / 112
14083,UT,Red,M,72,66.0,85.9,107,32.4,33.6,32.4,109,33.6,105,42.5,43.4,32.4 / 109,33.6 / 105
14083,UT,Green,M,72,60.4,79.1,101,29.8,30.6,29.8,101,30.6,100,39.2,39.9,29.8 / 101,30.6 / 100
14083,UT,Black,F,72,78.8,112.2,142,39.9,38.9,39.9,139,38.9,144,56.3,55.9,39.9 / 139,38.9 / 144
14083,UT,Blue,F,72,76.6,109.5,140,38.5,38.1,38.5,138,38.1,141,54.8,54.7,38.5 / 138,38.1 / 141
14083,UT,White,F,72,74.7,106.8,137,37.4,37.3,37.4,137,37.3,136,53.5,53.3,37.4 / 137,37.3 / 136
14083,UT,Red,F,72,70.4,100.5,128,34.9,35.5,34.9,125,35.5,131,49.6,50.9,34.9 / 125,35.5 / 131
14083,UT,Red/Green Combo,F,72,67.7,96.4,122,34.0,33.7,34.0,119,33.7,125,48.0,48.4,34.0 / 119,33.7 / 125
14083,UT,Green,F,72,62.5,88.9,112,31.2,31.3,31.2,111,31.3,113,44.3,44.6,31.2 / 111,31.3 / 113
14065,UT,Blue,M,71,74.9,102.1,146,38.1,36.8,38.1,146,36.8,146,51.7,50.4,38.1 / 146,36.8 / 146
14065,UT,Blue/Ivory Combo,M,71,73.9,100.9,145,37.7,36.2,37.7,145,36.2,145,51.2,49.7,37.7 / 145,36.2 / 145
14065,UT,Ivory,M,71,73.1,99.7,143,37.3,35.8,37.3,143,35.8,143,50.6,49.1,37.3 / 143,35.8 / 143
14065,UT,Ivory/Green Combo,M,71,71.5,97.8,142,36.3,35.2,36.3,143,35.2,140,49.6,48.2,36.3 / 143,35.2 / 140
14065,UT,Green,M,71,70.7,96.4,139,35.9,34.8,35.9,138,34.8,139,48.7,47.7,35.9 / 138,34.8 / 139
14065,UT,Green/Yellow Combo,M,71,69.0,93.4,131,35.1,33.9,35.1,132,33.9,130,47.4,46.0,35.1 / 132,33.9 / 130
14065,UT,Yellow,M,71,68.5,92.4,129,34.8,33.7,34.8,129,33.7,128,46.8,45.6,34.8 / 129,33.7 / 128
14065,UT,Yellow/Purple Combo,M,71,66.5,89.0,121,33.6,32.9,33.6,119,32.9,123,44.7,44.3,33.6 / 119,32.9 / 123
14065,UT,Purple,M,71,64.9,85.9,113,32.9,32.0,32.9,113,32.0,113,43.4,42.5,32.9 / 113,32.0 / 113
14065,UT,Green,F,71,77.2,112.8,151,39.5,37.7,39.5,148,37.7,153,57.0,55.8,39.5 / 148,37.7 / 153
14065,UT,Green/Yellow Combo,F,71,75.5,110.4,148,38.7,36.8,38.7,146,36.8,150,55.9,54.5,38.7 / 146,36.8 / 150
14065,UT,Yellow,F,71,74.8,109.3,146,38.3,36.5,38.3,144,36.5,148,55.3,54.0,38.3 / 144,36.5 / 148
14065,UT,Yellow/Purple Combo,F,71,71.6,104.5,140,36.4,35.2,36.4,141,35.2,138,53.0,51.5,36.4 / 141,35.2 / 138
14065,UT,Purple,F,71,69.4,100.9,134,35.3,34.1,35.3,136,34.1,131,51.3,49.6,35.3 / 136,34.1 / 131
14032,UT,Black,M,66,61.4,78.6,93,30.7,30.7,30.7,93,30.7,93,39.3,39.3,30.7 / 93,30.7 / 93
14032,UT,White,M,66,60.2,77.0,90,30.1,30.1,30.1,90,30.1,90,38.5,38.5,30.1 / 90,30.1 / 90
14032,UT,Red,M,66,58.8,75.6,90,29.4,29.4,29.4,90,29.4,90,37.8,37.8,29.4 / 90,29.4 / 90
14032,UT,Gold,M,66,57.0,73.0,86,28.5,28.5,28.5,86,28.5,86,36.5,36.5,28.5 / 86,28.5 / 86
14032,UT,Black,F,66,64.4,90.0,109,32.2,32.2,32.2,109,32.2,109,45.0,45.0,32.2 / 109,32.2 / 109
14032,UT,White,F,66,62.2,86.2,102,31.1,31.1,31.1,102,31.1,102,43.1,43.1,31.1 / 102,31.1 / 102
14032,UT,Red,F,66,60.0,83.2,98,30.0,30.0,30.0,98,30.0,98,41.6,41.6,30.0 / 98,30.0 / 98
14032,UT,Gold,F,66,57.0,78.6,92,28.5,28.5,28.5,92,28.5,92,39.3,39.3,28.5 / 92,28.5 / 92
14027,UT,Blue,M,72,69.0,91.4,121,34.5,34.5,34.5,121,34.5,121,45.7,45.7,34.5 / 121,34.5 / 121
14027,UT,White,M,72,67.4,88.8,115,33.7,33.7,33.7,115,33.7,115,44.4,44.4,33.7 / 115,33.7 / 115
14027,UT,Gold,M,72,65.2,85.2,108,32.6,32.6,32.6,108,32.6,108,42.6,42.6,32.6 / 108,32.6 / 108
14027,UT,Red,M,72,61.4,80.2,101,30.7,30.7,30.7,101,30.7,101,40.1,40.1,30.7 / 101,30.7 / 101
14027,UT,Blue,F,72,74.6,107.0,137,37.3,37.3,37.3,137,37.3,137,53.5,53.5,37.3 / 137,37.3 / 137
14027,UT,White,F,72,72.6,104.0,133,36.3,36.3,36.3,133,36.3,133,52.0,52.0,36.3 / 133,36.3 / 133
14027,UT,Gold,F,72,70.6,99.4,122,35.3,35.3,35.3,122,35.3,122,49.7,49.7,35.3 / 122,35.3 / 122
14027,UT,Red,F,72,65.4,91.2,109,32.7,32.7,32.7,109,32.7,109,45.6,45.6,32.7 / 109,32.7 / 109
14043,UT,Blue,M,72,72.7,97.2,132,36.7,36.0,36.7,138,36.0,126,49.5,47.7,36.7 / 138,36.0 / 126
14043,UT,White,M,72,69.8,93.7,129,35.3,34.5,35.3,132,34.5,125,47.6,46.1,35.3 / 132,34.5 / 125
14043,UT,Gold,M,72,66.3,87.7,115,33.3,33.0,33.3,117,33.0,113,44.2,43.5,33.3 / 117,33.0 / 113
14043,UT,Red,M,72,62.9,83.0,108,31.6,31.3,31.6,111,31.3,105,41.9,41.1,31.6 / 111,31.3 / 105
14043,UT,Blue,F,72,78.5,112.6,145,40.1,38.4,40.1,149,38.4,140,57.7,54.9,40.1 / 149,38.4 / 140
14043,UT,White,F,72,75.7,108.3,139,38.6,37.1,38.6,142,37.1,135,55.3,53.0,38.6 / 142,37.1 / 135
14043,UT,Gold,F,72,71.4,101.9,129,36.2,35.2,36.2,132,35.2,126,51.8,50.1,36.2 / 132,35.2 / 126
14043,UT,Red,F,72,67.3,94.6,116,34.3,33.0,34.3,117,33.0,114,48.1,46.5,34.3 / 117,33.0 / 114
14047,UT,Black (L/V),M,72,72.8,97.1,131,36.2,36.6,36.2,131,36.6,130,48.4,48.7,36.2 / 131,36.6 / 130
14047,UT,Blue (L/V),M,72,70.8,94.7,129,35.2,35.6,35.2,131,35.6,126,47.4,47.3,35.2 / 131,35.6 / 126
14047,UT,White (L/V),M,72,68.9,92.0,125,34.3,34.6,34.3,125,34.6,124,45.9,46.1,34.3 / 125,34.6 / 124
14047,UT,Gold (L/V),M,72,67.5,89.7,120,33.5,34.0,33.5,121,34.0,118,44.7,45.0,33.5 / 121,34.0 / 118
14047,UT,Silver (L/V),M,72,65.6,87.3,117,32.4,33.2,32.4,117,33.2,116,43.3,44.0,32.4 / 117,33.2 / 116
14047,UT,Blue (L/V),F,72,76.9,110.9,145,38.4,38.5,38.4,147,38.5,142,55.7,55.2,38.4 / 147,38.5 / 142
14047,UT,White (L/V),F,72,74.9,108.0,141,37.4,37.5,37.4,142,37.5,139,54.1,53.9,37.4 / 142,37.5 / 139
14047,UT,Gold (L/V),F,72,72.9,105.0,137,36.3,36.6,36.3,137,36.6,136,52.4,52.6,36.3 / 137,36.6 / 136
14047,UT,Silver (L/V),F,72,70.6,101.2,130,34.9,35.7,34.9,129,35.7,131,50.1,51.1,34.9 / 129,35.7 / 131
14048,UT,Black (M/L),M,72,72.6,96.6,129,36.4,36.2,36.4,127,36.2,131,48.2,48.4,36.4 / 127,36.2 / 131
14048,UT,Blue (M/L),M,72,70.1,93.9,128,34.9,35.2,34.9,125,35.2,131,46.5,47.4,34.9 / 125,35.2 / 131
14048,UT,White (M/L),M,72,68.8,91.9,125,34.5,34.3,34.5,124,34.3,125,46.0,45.9,34.5 / 124,34.3 / 125
14048,UT,Gold (M/L),M,72,66.8,89.4,122,33.3,33.5,33.3,123,33.5,121,44.7,44.7,33.3 / 123,33.5 / 121
14048,UT,Silver (M/L),M,72,64.5,86.3,117,32.1,32.4,32.1,117,32.4,117,43.0,43.3,32.1 / 117,32.4 / 117
14048,UT,Blue (M/L),F,72,76.5,110.7,145,38.1,38.4,38.1,143,38.4,147,55.0,55.7,38.1 / 143,38.4 / 147
14048,UT,White (M/L),F,72,75.1,108.5,142,37.7,37.4,37.7,141,37.4,142,54.3,54.2,37.7 / 141,37.4 / 142
14048,UT,Gold (M/L),F,72,72.9,104.7,135,36.6,36.3,36.6,133,36.3,137,52.3,52.4,36.6 / 133,36.3 / 137
14048,UT,Silver (M/L),F,72,70.1,100.3,128,35.2,34.9,35.2,127,34.9,129,50.2,50.1,35.2 / 127,34.9 / 129
14049,UT,Black (V/M),M,72,73.0,96.9,129,36.6,36.4,36.6,130,36.4,127,48.7,48.2,36.6 / 130,36.4 / 127
14049,UT,Blue (V/M),M,72,70.5,93.8,126,35.6,34.9,35.6,126,34.9,125,47.3,46.5,35.6 / 126,34.9 / 125
14049,UT,White (V/M),M,72,69.1,92.1,124,34.6,34.5,34.6,124,34.5,124,46.1,46.0,34.6 / 124,34.5 / 124
14049,UT,Gold (V/M),M,72,67.3,89.7,121,34.0,33.3,34.0,118,33.3,123,45.0,44.7,34.0 / 118,33.3 / 123
14049,UT,Silver (V/M),M,72,65.3,87.0,117,33.2,32.1,33.2,116,32.1,117,44.0,43.0,33.2 / 116,32.1 / 117
14049,UT,Blue (V/M),F,72,76.6,110.3,143,38.5,38.1,38.5,142,38.1,143,55.3,55.0,38.5 / 142,38.1 / 143
14049,UT,White (V/M),F,72,75.2,108.2,140,37.5,37.7,37.5,139,37.7,141,53.9,54.3,37.5 / 139,37.7 / 141
14049,UT,Gold (V/M),F,72,73.2,104.9,135,36.6,36.6,36.6,136,36.6,133,52.6,52.3,36.6 / 136,36.6 / 133
14049,UT,Silver (V/M),F,72,70.9,101.3,129,35.7,35.2,35.7,131,35.2,127,51.1,50.2,35.7 / 131,35.2 / 127
14088,UT,Black,M,71,69.9,93.9,129,35.4,34.5,35.4,128,34.5,130,47.3,46.6,35.4 / 128,34.5 / 130
14088,UT,Blue,M,71,68.8,92.4,127,34.8,34.0,34.8,125,34.0,129,46.4,46.0,34.8 / 125,34.0 / 129
14088,UT,White,M,71,67.4,90.4,124,34.0,33.4,34.0,122,33.4,126,45.3,45.1,34.0 / 122,33.4 / 126
14088,UT,Red,M,71,65.4,86.6,114,32.4,33.0,32.4,109,33.0,119,42.5,44.1,32.4 / 109,33.0 / 119
14088,UT,Blue,F,73,74.1,107.7,143,37.7,36.4,37.7,143,36.4,142,54.6,53.1,37.7 / 143,36.4 / 142
14088,UT,White,F,73,72.6,105.4,139,36.8,35.8,36.8,140,35.8,138,53.3,52.1,36.8 / 140,35.8 / 138
14088,UT,Red/White Combo,F,73,70.7,101.7,132,35.6,35.1,35.6,126,35.1,137,50.4,51.3,35.6 / 126,35.1 / 137
14088,UT,Red,F,73,70.5,101.1,130,35.5,35.0,35.5,124,35.0,136,50.1,51.0,35.5 / 124,35.0 / 136
14061,UT,Blue,M,71,71.8,98.2,142,37.2,34.6,37.2,142,34.6,142,50.4,47.8,37.2 / 142,34.6 / 142
14061,UT,White,M,71,68.1,92.1,130,35.2,32.9,35.2,138,32.9,121,48.0,44.1,35.2 / 138,32.9 / 121
14061,UT,Yellow,M,71,65.6,87.0,115,33.5,32.1,33.5,118,32.1,112,44.5,42.5,33.5 / 118,32.1 / 112
14061,UT,Red,M,71,63.9,84.9,113,32.7,31.2,32.7,115,31.2,111,43.4,41.5,32.7 / 115,31.2 / 111
14061,UT,White,F,71,73.2,105.5,137,38.2,35.0,38.2,147,35.0,127,55.5,50.0,38.2 / 147,35.0 / 127
14061,UT,Yellow,F,71,69.7,99.0,125,35.9,33.8,35.9,131,33.8,118,51.3,47.7,35.9 / 131,33.8 / 118
14061,UT,Red,F,71,67.5,96.1,122,35.0,32.5,35.0,123,32.5,120,49.5,46.6,35.0 / 123,32.5 / 120
14109,UT,Blue,M,72,72.1,94.5,121,36.3,35.8,36.3,124,35.8,117,47.8,46.7,36.3 / 124,35.8 / 117
14109,UT,White/Blue Combo,M,72,71.5,93.7,120,35.9,35.6,35.9,123,35.6,116,47.3,46.4,35.9 / 123,35.6 / 116
14109,UT,White,M,72,70.2,92.1,118,35.2,35.0,35.2,122,35.0,114,46.5,45.6,35.2 / 122,35.0 / 114
14109,UT,White/Yellow Combo,M,72,67.1,88.5,115,33.8,33.3,33.8,119,33.3,111,44.9,43.6,33.8 / 119,33.3 / 111
14109,UT,Yellow,M,72,65.1,85.5,110,32.6,32.5,32.6,115,32.5,104,43.3,42.2,32.6 / 115,32.5 / 104
14109,UT,Red,M,72,62.6,81.6,102,31.4,31.2,31.4,102,31.2,102,40.9,40.7,31.4 / 102,31.2 / 102
14109,UT,White,F,72,75.5,107.0,134,37.8,37.7,37.8,134,37.7,133,53.6,53.4,37.8 / 134,37.7 / 133
14109,UT,White/Yellow Combo,F,72,72.5,102.4,127,36.4,36.1,36.4,127,36.1,126,51.4,51.0,36.4 / 127,36.1 / 126
14109,UT,Yellow,F,72,70.2,98.9,122,35.1,35.1,35.1,121,35.1,122,49.4,49.5,35.1 / 121,35.1 / 122
14109,UT,Red,F,72,67.5,95.2,118,33.8,33.7,33.8,119,33.7,116,47.8,47.4,33.8 / 119,33.7 / 116
14046,UT,Blue,M,72,74.0,99.4,137,36.6,37.4,36.6,138,37.4,136,49.4,50.0,36.6 / 138,37.4 / 136
14046,UT,Blue/Green Combo,M,72,72.3,97.5,136,35.8,36.5,35.8,136,36.5,136,48.4,49.1,35.8 / 136,36.5 / 136
14046,UT,Green,M,72,71.6,96.6,135,35.5,36.1,35.5,135,36.1,135,48.0,48.6,35.5 / 135,36.1 / 135
14046,UT,Green/Silver Combo,M,72,70.3,95.1,133,34.8,35.5,34.8,133,35.5,133,47.2,47.9,34.8 / 133,35.5 / 133
14046,UT,Silver,M,72,69.1,93.7,132,34.5,34.6,34.5,132,34.6,132,46.8,46.9,34.5 / 132,34.6 / 132
14046,UT,Yellow,M,72,65.9,88.7,123,33.2,32.7,33.2,118,32.7,127,44.2,44.5,33.2 / 118,32.7 / 127
14046,UT,Silver,F,72,74.3,108.9,147,36.7,37.6,36.7,153,37.6,140,54.8,54.1,36.7 / 153,37.6 / 140
14046,UT,Yellow,F,72,70.9,103.9,140,34.8,36.1,34.8,146,36.1,134,52.0,51.9,34.8 / 146,36.1 / 134
14046,UT,Red,F,72,69.9,100.0,128,34.3,35.6,34.3,123,35.6,132,48.8,51.2,34.3 / 123,35.6 / 132
14118,UT,Blue,M,71,68.4,90.1,117,35.2,33.2,35.2,116,33.2,117,46.0,44.1,35.2 / 116,33.2 / 117
14118,UT,White,M,71,66.5,87.4,113,34.3,32.2,34.3,113,32.2,112,44.8,42.6,34.3 / 113,32.2 / 112
14118,UT,Silver,M,71,64.8,85.4,111,33.4,31.4,33.4,111,31.4,111,43.7,41.7,33.4 / 111,31.4 / 111
14118,UT,Red,M,71,62.7,82.6,108,32.3,30.4,32.3,107,30.4,108,42.2,40.4,32.3 / 107,30.4 / 108
14118,UT,Silver,F,71,70.0,98.2,120,36.1,33.9,36.1,125,33.9,114,50.8,47.4,36.1 / 125,33.9 / 114
14118,UT,Red,F,71,66.8,93.7,115,34.7,32.1,34.7,120,32.1,109,48.8,44.9,34.7 / 120,32.1 / 109
14075,UT,Iron,M,70,70.7,95.7,135,34.0,36.7,34.0,128,36.7,141,45.9,49.8,34.0 / 128,36.7 / 141
14075,UT,Gold,M,70,67.7,91.2,127,32.6,35.1,32.6,118,35.1,135,43.6,47.6,32.6 / 118,35.1 / 135
14075,UT,Silver,M,71,63.4,84.5,114,30.8,32.6,30.8,109,32.6,118,40.9,43.6,30.8 / 109,32.6 / 118
14075,UT,Copper,M,71,61.6,82.2,111,30.1,31.5,30.1,105,31.5,116,39.9,42.3,30.1 / 105,31.5 / 116
14075,UT,Gold,F,72,72.6,105.5,140,35.0,37.6,35.0,134,37.6,145,50.8,54.7,35.0 / 134,37.6 / 145
14075,UT,Silver,F,72,67.9,98.0,128,32.9,35.0,32.9,128,35.0,127,48.0,50.0,32.9 / 128,35.0 / 127
14075,UT,Copper,F,72,64.8,93.0,120,31.5,33.3,31.5,118,33.3,121,45.4,47.6,31.5 / 118,33.3 / 121
14101,UT,Black,M,71,70.2,92.4,120,34.7,35.5,34.7,121,35.5,118,45.9,46.5,34.7 / 121,35.5 / 118
14101,UT,Black/Blue Combo,M,71,69.0,91.0,118,34.1,34.9,34.1,119,34.9,117,45.2,45.8,34.1 / 119,34.9 / 117
14101,UT,Blue,M,71,68.4,90.1,117,33.8,34.6,33.8,117,34.6,116,44.7,45.4,33.8 / 117,34.6 / 116
14101,UT,Blue/White Combo,M,71,67.0,88.4,115,33.1,33.9,33.1,116,33.9,114,43.9,44.5,33.1 / 116,33.9 / 114
14101,UT,White,M,71,65.6,86.6,113,32.4,33.2,32.4,115,33.2,111,43.1,43.5,32.4 / 115,33.2 / 111
14101,UT,White/Silver Combo,M,71,64.3,84.9,111,31.7,32.6,31.7,114,32.6,108,42.3,42.6,31.7 / 114,32.6 / 108
14101,UT,Silver,M,71,62.9,82.9,108,31.1,31.8,31.1,112,31.8,103,41.5,41.4,31.1 / 112,31.8 / 103
14101,UT,Black,F,71,76.0,110.3,146,37.6,38.4,37.6,144,38.4,147,54.6,55.7,37.6 / 144,38.4 / 147
14101,UT,Blue,F,71,74.1,107.3,141,36.7,37.4,36.7,139,37.4,142,53.1,54.2,36.7 / 139,37.4 / 142
14101,UT,White,F,71,71.1,102.3,133,35.3,35.8,35.3,135,35.8,130,51.2,51.1,35.3 / 135,35.8 / 130
14101,UT,White/Red Combo,F,71,69.5,99.7,128,34.5,35.0,34.5,130,35.0,126,49.8,49.9,34.5 / 130,35.0 / 126
14101,UT,Red,F,71,67.2,95.3,119,33.2,34.0,33.2,124,34.0,114,47.8,47.5,33.2 / 124,34.0 / 114
14070,UT,Black,M,72,70.7,92.4,117,35.8,34.9,35.8,122,34.9,112,47.1,45.3,35.8 / 122,34.9 / 112
14070,UT,Blue,M,72,68.7,89.1,110,34.8,33.9,34.8,111,33.9,109,45.1,44.0,34.8 / 111,33.9 / 109
14070,UT,White,M,72,66.2,85.6,105,33.7,32.5,33.7,107,32.5,102,43.6,42.0,33.7 / 107,32.5 / 102
14070,UT,Red,M,72,62.7,81.3,100,31.8,30.9,31.8,104,30.9,96,41.5,39.8,31.8 / 104,30.9 / 96
14070,UT,White,F,72,71.7,101.0,124,36.6,35.1,36.6,127,35.1,121,51.6,49.4,36.6 / 127,35.1 / 121
14070,UT,Red,F,72,67.5,94.3,114,34.4,33.1,34.4,117,33.1,110,48.2,46.1,34.4 / 117,33.1 / 110
14055,UT,Blue,M,72,69.8,92.2,121,34.9,34.9,34.9,121,34.9,121,46.1,46.1,34.9 / 121,34.9 / 121
14055,UT,White,M,72,67.8,88.6,112,33.9,33.9,33.9,112,33.9,112,44.3,44.3,33.9 / 112,33.9 / 112
14055,UT,Red,M,72,65.6,84.0,99,32.8,32.8,32.8,99,32.8,99,42.0,42.0,32.8 / 99,32.8 / 99
14055,UT,White,F,74,73.4,104.4,131,36.7,36.7,36.7,131,36.7,131,52.2,52.2,36.7 / 131,36.7 / 131
14055,UT,Red,F,74,70.0,99.0,123,35.0,35.0,35.0,123,35.0,123,49.5,49.5,35.0 / 123,35.0 / 123
14116,UT,Blue,M,72,69.7,94.1,132,35.3,34.4,35.3,125,34.4,138,46.9,47.2,35.3 / 125,34.4 / 138
14116,UT,White,M,72,66.8,88.5,117,33.6,33.2,33.6,116,33.2,117,44.4,44.1,33.6 / 116,33.2 / 117
14116,UT,Yellow,M,72,62.1,80.5,99,31.4,30.7,31.4,103,30.7,95,41.0,39.5,31.4 / 103,30.7 / 95
14116,UT,White,F,72,72.2,105.3,141,36.5,35.7,36.5,137,35.7,144,52.6,52.7,36.5 / 137,35.7 / 144
14116,UT,Yellow,F,72,66.1,93.2,115,33.6,32.5,33.6,123,32.5,107,48.1,45.1,33.6 / 123,32.5 / 107
14116,UT,Red,F,72,63.6,88.9,108,32.2,31.4,32.2,113,31.4,102,45.5,43.4,32.2 / 113,31.4 / 102
14013,UT,Gold,M,72,72.9,97.6,133,36.5,36.4,36.5,127,36.4,139,48.3,49.3,36.5 / 127,36.4 / 139
14013,UT,Blue,M,72,69.5,93.1,128,34.6,34.9,34.6,121,34.9,134,45.8,47.3,34.6 / 121,34.9 / 134
14013,UT,White,M,72,65.9,86.5,111,33.4,32.5,33.4,111,32.5,111,43.7,42.8,33.4 / 111,32.5 / 111
14013,UT,Red,M,72,63.3,82.4,103,31.8,31.5,31.8,103,31.5,102,41.4,41.0,31.8 / 103,31.5 / 102
14013,UT,Gold,F,72,78.6,111.5,140,39.4,39.2,39.4,138,39.2,141,55.7,55.8,39.4 / 138,39.2 / 141
14013,UT,Blue,F,72,75.0,106.1,132,37.3,37.7,37.3,130,37.7,134,52.6,53.5,37.3 / 130,37.7 / 134
14013,UT,White,F,72,70.5,99.3,122,35.7,34.8,35.7,123,34.8,121,50.2,49.1,35.7 / 123,34.8 / 121
14013,UT,Red,F,72,67.4,94.6,116,33.8,33.6,33.8,113,33.6,118,47.1,47.5,33.8 / 113,33.6 / 118
14066,UT,Black (Canyon),M,72,72.2,96.0,128,35.8,36.4,35.8,126,36.4,130,47.5,48.5,35.8 / 126,36.4 / 130
14066,UT,Blue (Canyon),M,72,70.5,93.8,126,35.3,35.2,35.3,123,35.2,128,46.7,47.1,35.3 / 123,35.2 / 128
14066,UT,White (Canyon),M,72,68.4,90.5,119,34.5,33.9,34.5,114,33.9,124,45.1,45.4,34.5 / 114,33.9 / 124
14066,UT,Gold (Canyon),M,72,65.0,85.9,113,32.2,32.8,32.2,109,32.8,116,42.3,43.6,32.2 / 109,32.8 / 116
14066,UT,White (Canyon),F,73,74.7,106.8,136,37.3,37.4,37.3,132,37.4,140,52.9,53.9,37.3 / 132,37.4 / 140
14066,UT,Gold (Canyon),F,73,70.8,100.8,128,34.8,36.0,34.8,125,36.0,130,49.5,51.3,34.8 / 125,36.0 / 130
14067,UT,Black (Lake),M,71,71.8,96.4,133,35.1,36.7,35.1,127,36.7,138,46.9,49.5,35.1 / 127,36.7 / 138
14067,UT,Blue (Lake),M,71,69.0,92.8,128,33.7,35.3,33.7,126,35.3,130,45.4,47.4,33.7 / 126,35.3 / 130
14067,UT,White (Lake),M,71,65.9,86.8,113,32.5,33.4,32.5,111,33.4,114,42.8,44.0,32.5 / 111,33.4 / 114
14067,UT,Gold (Lake),M,71,63.1,83.1,108,31.6,31.5,31.6,109,31.5,107,41.7,41.4,31.6 / 109,31.5 / 107
14067,UT,Blue (Lake),F,71,74.3,106.4,137,36.2,38.1,36.2,131,38.1,142,51.6,54.8,36.2 / 131,38.1 / 142
14067,UT,White (Lake),F,71,70.8,100.9,128,34.9,35.9,34.9,124,35.9,131,49.5,51.4,34.9 / 124,35.9 / 131
14067,UT,Gold (Lake),F,71,67.4,95.5,120,34.0,33.4,34.0,120,33.4,119,48.1,47.4,34.0 / 120,33.4 / 119
14038,UT,Blue,M,72,70.7,92.9,120,34.8,35.9,34.8,121,35.9,118,46.0,46.9,34.8 / 121,35.9 / 118
14038,UT,White,M,72,68.4,90.0,116,33.9,34.5,33.9,116,34.5,116,44.7,45.3,33.9 / 116,34.5 / 116
14038,UT,Red,M,72,65.1,84.8,106,32.4,32.7,32.4,103,32.7,109,42.0,42.8,32.4 / 103,32.7 / 109
14038,UT,White,F,72,74.3,105.1,131,36.8,37.5,36.8,131,37.5,130,52.3,52.8,36.8 / 131,37.5 / 130
14038,UT,Red,F,72,70.4,99.3,123,34.9,35.5,34.9,123,35.5,122,49.4,49.9,34.9 / 123,35.5 / 122
14071,UT,Blue,M,72,70.2,94.5,131,34.9,35.3,34.9,129,35.3,132,46.9,47.6,34.9 / 129,35.3 / 132
14071,UT,White,M,72,68.0,91.2,125,33.8,34.2,33.8,126,34.2,124,45.5,45.7,33.8 / 126,34.2 / 124
14071,UT,Yellow,M,72,64.4,86.4,119,32.5,31.9,32.5,123,31.9,114,43.9,42.5,32.5 / 123,31.9 / 114
14071,UT,Red,M,72,63.4,84.4,113,31.7,31.7,31.7,115,31.7,111,42.4,42.0,31.7 / 115,31.7 / 111
14071,UT,White,F,72,72.4,104.7,137,36.2,36.2,36.2,136,36.2,138,52.2,52.5,36.2 / 136,36.2 / 138
14071,UT,Yellow,F,72,68.4,97.2,122,34.6,33.8,34.6,132,33.8,112,50.2,47.0,34.6 / 132,33.8 / 112
14071,UT,Red,F,72,67.5,95.5,119,33.9,33.6,33.9,127,33.6,110,48.9,46.6,33.9 / 127,33.6 / 110
24016,UT,Blue,M,66,60.4,77.8,94,30.2,30.2,30.2,94,30.2,94,38.9,38.9,30.2 / 94,30.2 / 94
24016,UT,White,M,66,59.2,76.2,91,29.6,29.6,29.6,91,29.6,91,38.1,38.1,29.6 / 91,29.6 / 91
24016,UT,Yellow,M,66,57.8,74.2,88,28.9,28.9,28.9,88,28.9,88,37.1,37.1,28.9 / 88,28.9 / 88
24016,UT,Blue,F,66,63.4,88.2,105,31.7,31.7,31.7,105,31.7,105,44.1,44.1,31.7 / 105,31.7 / 105
24016,UT,White,F,66,61.2,84.6,99,30.6,30.6,30.6,99,30.6,99,42.3,42.3,30.6 / 99,30.6 / 99
24016,UT,Yellow,F,66,58.8,81.2,95,29.4,29.4,29.4,95,29.4,95,40.6,40.6,29.4 / 95,29.4 / 95
14103,UT,Blue,M,72,71.0,92.9,118,35.5,35.5,35.5,123,35.5,113,46.9,46.0,35.5 / 123,35.5 / 113
14103,UT,White,M,72,68.9,89.8,112,34.4,34.5,34.4,119,34.5,105,45.5,44.3,34.4 / 119,34.5 / 105
14103,UT,Silver,M,72,65.6,85.3,106,33.1,32.5,33.1,112,32.5,100,43.5,41.8,33.1 / 112,32.5 / 100
14103,UT,White,F,72,74.3,105.0,130,37.3,37.0,37.3,134,37.0,126,53.1,51.9,37.3 / 134,37.0 / 126
14103,UT,Silver,F,72,70.9,99.9,123,35.9,35.0,35.9,128,35.0,118,51.0,48.9,35.9 / 128,35.0 / 118
14103,UT,Yellow,F,72,64.8,90.7,110,32.9,31.9,32.9,113,31.9,107,46.2,44.5,32.9 / 113,31.9 / 107
14133,UT,Blue,M,68,66.0,87.2,114,33.0,33.0,33.0,114,33.0,114,43.6,43.6,33.0 / 114,33.0 / 114
14133,UT,White,M,68,63.8,84.0,109,31.9,31.9,31.9,109,31.9,109,42.0,42.0,31.9 / 109,31.9 / 109
14133,UT,Gold,M,68,61.8,81.2,104,30.9,30.9,30.9,104,30.9,104,40.6,40.6,30.9 / 104,30.9 / 104
14133,UT,Red,M,68,57.0,74.6,95,28.5,28.5,28.5,95,28.5,95,37.3,37.3,28.5 / 95,28.5 / 95
14133,UT,Blue,F,72,71.6,102.4,131,35.8,35.8,35.8,131,35.8,131,51.2,51.2,35.8 / 131,35.8 / 131
14133,UT,White,F,72,68.6,97.6,123,34.3,34.3,34.3,123,34.3,123,48.8,48.8,34.3 / 123,34.3 / 123
14133,UT,Gold,F,72,65.6,93.0,116,32.8,32.8,32.8,116,32.8,116,46.5,46.5,32.8 / 116,32.8 / 116
14133,UT,Red,F,68,59.2,82.8,100,29.6,29.6,29.6,100,29.6,100,41.4,41.4,29.6 / 100,29.6 / 100
14051,UT,Blue,M,72,73.3,99.2,140,36.5,36.8,36.5,139,36.8,140,49.4,49.8,36.5 / 139,36.8 / 140
14051,UT,Blue/White Combo,M,72,72.4,97.9,138,36.1,36.3,36.1,138,36.3,137,48.9,49.0,36.1 / 138,36.3 / 137
14051,UT,White,M,72,71.7,96.7,135,35.8,35.9,35.8,136,35.9,133,48.4,48.3,35.8 / 136,35.9 / 133
14051,UT,Gold,M,72,69.1,93.5,131,34.7,34.4,34.7,131,34.4,131,46.9,46.6,34.7 / 131,34.4 / 131
14051,UT,Silver,M,72,68.4,91.9,127,34.5,33.9,34.5,128,33.9,125,46.4,45.5,34.5 / 128,33.9 / 125
14051,UT,Red,M,72,65.3,86.2,113,32.7,32.6,32.7,111,32.6,114,43.0,43.2,32.7 / 111,32.6 / 114
14051,UT,White,F,72,77.3,111.7,146,38.7,38.6,38.7,146,38.6,146,55.9,55.8,38.7 / 146,38.6 / 146
14051,UT,Silver,F,72,73.7,106.2,138,37.3,36.4,37.3,139,36.4,137,53.7,52.5,37.3 / 139,36.4 / 137
14051,UT,Red,F,72,69.7,100.0,129,34.9,34.8,34.9,132,34.8,125,50.5,49.5,34.9 / 132,34.8 / 125
14125,UT,Black,M,72,72.7,96.4,128,36.4,36.3,36.4,128,36.3,127,48.3,48.1,36.4 / 128,36.3 / 127
14125,UT,Black/Blue Combo,M,72,72.2,95.6,126,36.1,36.1,36.1,127,36.1,125,47.9,47.7,36.1 / 127,36.1 / 125
14125,UT,Blue,M,72,70.7,93.7,124,35.4,35.3,35.4,127,35.3,121,47.2,46.5,35.4 / 127,35.3 / 121
14125,UT,Blue/White Combo,M,72,70.0,92.7,122,35.2,34.8,35.2,125,34.8,119,46.8,45.9,35.2 / 125,34.8 / 119
14125,UT,White,M,72,68.3,90.8,121,34.2,34.1,34.2,124,34.1,118,45.7,45.1,34.2 / 124,34.1 / 118
14125,UT,White/Red Combo,M,72,66.8,88.6,117,33.3,33.5,33.3,117,33.5,117,44.2,44.4,33.3 / 117,33.5 / 117
14125,UT,Red,M,72,64.7,85.9,114,32.5,32.2,32.5,113,32.2,115,43.0,42.9,32.5 / 113,32.2 / 115
14125,UT,White,F,72,74.1,105.4,133,37.2,36.9,37.2,136,36.9,130,53.2,52.2,37.2 / 136,36.9 / 130
14125,UT,White/Red Combo,F,72,72.5,103.1,130,36.3,36.2,36.3,131,36.2,128,51.8,51.3,36.3 / 131,36.2 / 128
14125,UT,Red,F,72,70.4,99.9,125,35.4,35.0,35.4,128,35.0,122,50.5,49.4,35.4 / 128,35.0 / 122
14125,UT,Purple,F,72,63.1,88.4,107,31.6,31.5,31.6,105,31.5,109,44.0,44.4,31.6 / 105,31.5 / 109
14104,UT,Black,M,71,70.6,95.4,134,34.8,35.8,34.8,131,35.8,136,47.0,48.4,34.8 / 131,35.8 / 136
14104,UT,Blue,M,71,68.4,91.1,122,33.8,34.6,33.8,118,34.6,126,44.8,46.3,33.8 / 118,34.6 / 126
14104,UT,White,M,71,66.0,87.8,118,32.7,33.3,32.7,114,33.3,121,43.3,44.5,32.7 / 114,33.3 / 121
14104,UT,Red,M,71,62.3,82.8,111,30.9,31.4,30.9,108,31.4,113,40.9,41.9,30.9 / 108,31.4 / 113
14104,UT,Black,F,71,76.4,110.2,143,37.8,38.6,37.8,142,38.6,144,54.6,55.6,37.8 / 142,38.6 / 144
14104,UT,Blue,F,71,73.5,105.7,137,36.2,37.3,36.2,136,37.3,137,52.2,53.5,36.2 / 136,37.3 / 137
14104,UT,White,F,71,70.5,101.4,131,35.0,35.5,35.0,131,35.5,131,50.4,51.0,35.0 / 131,35.5 / 131
14104,UT,Red,F,71,65.9,94.6,122,32.8,33.1,32.8,119,33.1,125,46.8,47.8,32.8 / 119,33.1 / 125
14060,UT,Black,M,72,70.2,93.3,125,35.3,34.9,35.3,124,34.9,125,46.8,46.5,35.3 / 124,34.9 / 125
14060,UT,Blue,M,72,68.1,90.5,121,34.3,33.8,34.3,123,33.8,118,45.7,44.8,34.3 / 123,33.8 / 118
14060,UT,White,M,72,65.8,86.6,112,32.7,33.1,32.7,115,33.1,109,43.4,43.2,32.7 / 115,33.1 / 109
14060,UT,Red,M,72,62.8,82.7,107,31.3,31.5,31.3,111,31.5,103,41.6,41.1,31.3 / 111,31.5 / 103
14060,UT,White,F,72,71.1,101.7,130,35.7,35.4,35.7,127,35.4,132,50.7,51.0,35.7 / 127,35.4 / 132
14060,UT,Red,F,72,67.2,95.6,121,33.6,33.6,33.6,124,33.6,117,48.2,47.4,33.6 / 124,33.6 / 117
14092,UT,Black,M,72,72.4,95.4,124,36.1,36.3,36.1,124,36.3,124,47.6,47.8,36.1 / 124,36.3 / 124
14092,UT,Blue,M,72,69.5,91.4,118,34.8,34.7,34.8,118,34.7,117,45.8,45.6,34.8 / 118,34.7 / 117
14092,UT,White,M,72,66.8,87.5,112,33.7,33.1,33.7,111,33.1,112,44.0,43.5,33.7 / 111,33.1 / 112
14092,UT,Red,M,72,63.6,81.9,99,32.0,31.6,32.0,100,31.6,97,41.3,40.6,32.0 / 100,31.6 / 97
14092,UT,White,F,72,72.5,103.0,129,36.5,36.0,36.5,131,36.0,127,52.0,51.0,36.5 / 131,36.0 / 127
14092,UT,Red,F,72,68.3,95.0,113,34.4,33.9,34.4,116,33.9,110,48.1,46.9,34.4 / 116,33.9 / 110
14019,UT,Blue,M,72,69.8,93.6,128,35.1,34.7,35.1,130,34.7,126,47.2,46.4,35.1 / 130,34.7 / 126
14019,UT,White,M,72,67.4,90.3,124,33.8,33.6,33.8,126,33.6,121,45.5,44.8,33.8 / 126,33.6 / 121
14019,UT,Red,M,72,64.9,86.6,117,32.2,32.7,32.2,118,32.7,115,43.2,43.4,32.2 / 118,32.7 / 115
14019,UT,White,F,72,72.8,105.9,140,37.0,35.8,37.0,143,35.8,137,53.9,52.0,37.0 / 143,35.8 / 137
14019,UT,Red,F,72,69.9,101.1,133,35.1,34.8,35.1,135,34.8,130,51.0,50.1,35.1 / 135,34.8 / 130
14020,UT,Black,M,72,72.2,97.4,136,36.3,35.9,36.3,144,35.9,127,49.7,47.7,36.3 / 144,35.9 / 127
14020,UT,Blue,M,72,70.0,94.6,133,35.3,34.7,35.3,139,34.7,126,48.2,46.4,35.3 / 139,34.7 / 126
14020,UT,Yellow,M,72,67.0,89.2,120,33.7,33.3,33.7,124,33.3,115,45.2,44.0,33.7 / 124,33.3 / 115
14020,UT,Red,M,72,66.1,87.5,115,33.3,32.8,33.3,117,32.8,113,44.2,43.3,33.3 / 117,32.8 / 113
14020,UT,Blue,F,72,75.2,109.6,146,38.0,37.2,38.0,146,37.2,146,55.2,54.4,38.0 / 146,37.2 / 146
14020,UT,Yellow,F,72,71.8,103.5,135,35.9,35.9,35.9,139,35.9,130,52.3,51.2,35.9 / 139,35.9 / 130
14020,UT,Red,F,72,70.2,100.5,129,35.4,34.8,35.4,129,34.8,128,50.6,49.9,35.4 / 129,34.8 / 128
14080,UT,Gold,M,72,74.8,100.4,138,38.0,36.8,38.0,139,36.8,137,50.9,49.5,38.0 / 139,36.8 / 137
14080,UT,Gold/Blue Combo,M,72,73.6,98.8,136,37.3,36.3,37.3,137,36.3,135,50.0,48.8,37.3 / 137,36.3 / 135
14080,UT,Blue,M,72,72.3,97.1,134,36.6,35.7,36.6,135,35.7,132,49.1,48.0,36.6 / 135,35.7 / 132
14080,UT,Blue/White Combo,M,72,71.1,95.5,131,35.7,35.4,35.7,132,35.4,130,48.0,47.5,35.7 / 132,35.4 / 130
14080,UT,White,M,72,70.2,93.8,127,35.4,34.8,35.4,127,34.8,127,47.2,46.6,35.4 / 127,34.8 / 127
14080,UT,White/Silver Combo,M,72,69.1,92.4,126,34.6,34.5,34.6,126,34.5,125,46.3,46.1,34.6 / 126,34.5 / 125
14080,UT,Silver,M,72,67.8,90.7,124,34.3,33.5,34.3,125,33.5,122,45.9,44.8,34.3 / 125,33.5 / 122
14080,UT,Silver/Red Combo,M,72,66.9,89.7,123,33.7,33.2,33.7,124,33.2,122,45.2,44.5,33.7 / 124,33.2 / 122
14080,UT,Red,M,72,65.7,88.1,121,33.1,32.6,33.1,121,32.6,121,44.3,43.8,33.1 / 121,32.6 / 121
14080,UT,Red/Green Combo,M,72,63.7,85.1,115,32.0,31.7,32.0,114,31.7,116,42.6,42.5,32.0 / 114,31.7 / 116
14080,UT,Green,M,72,62.2,83.1,113,31.3,30.9,31.3,112,30.9,113,41.7,41.4,31.3 / 112,30.9 / 113
14080,UT,White,F,72,76.1,110.4,146,38.4,37.7,38.4,147,37.7,144,55.7,54.7,38.4 / 147,37.7 / 144
14080,UT,White/Silver Combo,F,72,74.9,108.7,143,37.5,37.4,37.5,144,37.4,142,54.5,54.2,37.5 / 144,37.4 / 142
14080,UT,Silver,F,72,73.5,106.7,141,37.2,36.3,37.2,142,36.3,139,54.0,52.7,37.2 / 142,36.3 / 139
14080,UT,Silver/Red Combo,F,72,72.6,105.3,139,36.6,36.0,36.6,140,36.0,137,53.1,52.2,36.6 / 140,36.0 / 137
14080,UT,Red,F,72,71.5,103.5,136,36.0,35.5,36.0,137,35.5,135,52.1,51.4,36.0 / 137,35.5 / 135
14080,UT,Red/Green Combo,F,72,68.6,99.4,131,34.5,34.1,34.5,128,34.1,133,49.6,49.8,34.5 / 128,34.1 / 133
14080,UT,Green,F,72,66.6,96.3,126,33.5,33.1,33.5,125,33.1,127,48.2,48.1,33.5 / 125,33.1 / 127
36657,UT,Blue,M,27,24.9,30.9,65,24.9,,24.9,65,,,30.9,,24.9 / 65,/
36657,UT,Blue,F,27,26.2,34.1,67,26.2,,26.2,67,,,34.1,,26.2 / 67,/
14016,UT,Black,M,72,69.4,91.2,117,34.7,34.7,34.7,117,34.7,117,45.6,45.6,34.7 / 117,34.7 / 117
14016,UT,Blue/Black,M,72,68.1,89.4,115,33.4,34.7,33.4,112,34.7,117,43.8,45.6,33.4 / 112,34.7 / 117
14016,UT,Blue,M,72,66.8,87.6,112,33.4,33.4,33.4,112,33.4,112,43.8,43.8,33.4 / 112,33.4 / 112
14016,UT,White/Blue,M,72,65.3,85.6,110,31.9,33.4,31.9,107,33.4,112,41.8,43.8,31.9 / 107,33.4 / 112
14016,UT,White,M,72,63.8,83.6,107,31.9,31.9,31.9,107,31.9,107,41.8,41.8,31.9 / 107,31.9 / 107
14016,UT,White,F,72,69.0,97.0,119,34.5,34.5,34.5,119,34.5,119,48.5,48.5,34.5 / 119,34.5 / 119
14016,UT,Red/White,F,72,66.7,94.1,117,32.2,34.5,32.2,114,34.5,119,45.6,48.5,32.2 / 114,34.5 / 119
14016,UT,Red,F,72,64.4,91.2,114,32.2,32.2,32.2,114,32.2,114,45.6,45.6,32.2 / 114,32.2 / 114
14034,UT,Gold - Championship,M,72,76.1,104.2,152,38.2,37.9,38.2,150,37.9,153,52.1,52.1,38.2 / 150,37.9 / 153
14034,UT,Black - Dye,M,72,73.2,100.1,145,36.5,36.7,36.5,141,36.7,149,49.6,50.5,36.5 / 141,36.7 / 149
14034,UT,Chrome - Member,M,72,70.9,95.7,134,35.4,35.5,35.4,136,35.5,131,48.0,47.7,35.4 / 136,35.5 / 131
14034,UT,Chrome/White Combo,M,72,69.8,94.2,131,34.7,35.1,34.7,130,35.1,132,46.8,47.4,34.7 / 130,35.1 / 132
14034,UT,White - Promontory,M,72,68.6,92.4,128,34.1,34.5,34.1,126,34.5,130,45.8,46.6,34.1 / 126,34.5 / 130
14034,UT,White/Rust Combo,M,72,66.8,88.7,118,33.2,33.6,33.2,116,33.6,119,44.0,44.7,33.2 / 116,33.6 / 119
14034,UT,Rust - Park City,M,72,65.9,87.2,115,33.0,32.9,33.0,114,32.9,115,43.6,43.6,33.0 / 114,32.9 / 115
14034,UT,White - Promontory,F,72,74.2,108.7,147,37.0,37.2,37.0,147,37.2,146,54.3,54.4,37.0 / 147,37.2 / 146
14034,UT,White/Rust Combo,F,72,72.0,104.1,137,36.1,35.9,36.1,137,35.9,136,52.2,51.9,36.1 / 137,35.9 / 136
14034,UT,Rust - Park City,F,72,70.9,102.3,133,35.7,35.2,35.7,134,35.2,132,51.5,50.8,35.7 / 134,35.2 / 132
14034,UT,Rust/Brown Combo,F,72,66.9,96.3,125,33.8,33.1,33.8,123,33.1,126,48.3,48.0,33.8 / 123,33.1 / 126
14034,UT,Brown - Starter,F,72,66.3,95.5,124,33.6,32.7,33.6,123,32.7,125,48.1,47.4,33.6 / 123,32.7 / 125
14084,UT,Gold - Championship,M,72,78.8,107.1,152,39.2,39.6,39.2,149,39.6,155,53.0,54.1,39.2 / 149,39.6 / 155
14084,UT,Black - Nicklaus,M,72,76.1,103.3,147,38.2,37.9,38.2,143,37.9,150,51.5,51.8,38.2 / 143,37.9 / 150
14084,UT,Chrome - Member,M,72,74.4,101.1,144,37.5,36.9,37.5,142,36.9,145,50.7,50.4,37.5 / 142,36.9 / 145
14084,UT,Chrome/White Combo,M,72,72.0,98.0,140,36.1,35.9,36.1,138,35.9,142,48.9,49.1,36.1 / 138,35.9 / 142
14084,UT,White - Promontory,M,72,71.0,96.7,139,35.7,35.3,35.7,136,35.3,141,48.3,48.4,35.7 / 136,35.3 / 141
14084,UT,White/Rust Combo,M,72,66.4,89.5,125,32.9,33.5,32.9,127,33.5,122,44.7,44.8,32.9 / 127,33.5 / 122
14084,UT,Rust - Park City,M,72,65.3,87.0,117,32.7,32.6,32.7,121,32.6,113,43.9,43.1,32.7 / 121,32.6 / 113
14084,UT,White - Promontory,F,73,77.3,110.6,142,38.7,38.6,38.7,142,38.6,141,55.4,55.2,38.7 / 142,38.6 / 141
14084,UT,White/Rust Combo,F,73,72.4,103.2,131,36.2,36.2,36.2,131,36.2,131,51.6,51.6,36.2 / 131,36.2 / 131
14084,UT,Rust - Park City,F,73,71.2,101.3,128,35.9,35.3,35.9,130,35.3,126,51.2,50.1,35.9 / 130,35.3 / 126
14084,UT,Rust/Brown Combo,F,73,68.6,98.0,125,35.0,33.6,35.0,129,33.6,120,50.2,47.8,35.0 / 129,33.6 / 120
14084,UT,Brown - Starter,F,73,66.1,94.9,122,33.7,32.4,33.7,128,32.4,116,48.8,46.1,33.7 / 128,32.4 / 116
34442,UT,Gold,M,54,56.5,74.8,99,27.9,28.6,27.9,95,28.6,102,36.7,38.1,27.9 / 95,28.6 / 102
34442,UT,Silver,M,54,55.5,73.3,96,27.5,28.0,27.5,91,28.0,100,36.0,37.3,27.5 / 91,28.0 / 100
34442,UT,Rust,M,54,53.0,69.1,87,26.2,26.8,26.2,82,26.8,91,33.8,35.3,26.2 / 82,26.8 / 91
34442,UT,Gold,F,54,59.0,82.4,100,29.3,29.7,29.3,96,29.7,103,40.6,41.8,29.3 / 96,29.7 / 103
34442,UT,Silver,F,54,58.0,80.9,97,28.8,29.2,28.8,93,29.2,101,39.8,41.1,28.8 / 93,29.2 / 101
34442,UT,Rust,F,54,55.6,76.4,88,27.6,28.0,27.6,83,28.0,93,37.4,39.0,27.6 / 83,28.0 / 93
14045,UT,Signature (Black),M,72,77.2,106.3,155,38.4,38.8,38.4,155,38.8,155,52.8,53.5,38.4 / 155,38.8 / 155
14045,UT,Black/Blue Combo,M,72,75.1,103.3,152,37.4,37.7,37.4,151,37.7,153,51.4,51.9,37.4 / 151,37.7 / 153
14045,UT,Nicklaus (Blue),M,72,73.3,101.0,149,36.5,36.8,36.5,147,36.8,151,50.2,50.8,36.5 / 147,36.8 / 151
14045,UT,Blue/Silver Combo,M,72,71.4,98.2,144,35.1,36.3,35.1,142,36.3,146,48.3,49.9,35.1 / 142,36.3 / 146
14045,UT,Member (Silver),M,72,69.0,94.7,139,34.3,34.7,34.3,138,34.7,139,47.1,47.6,34.3 / 138,34.7 / 139
14045,UT,Silver/Red Combo,M,72,67.5,90.6,124,33.5,34.0,33.5,129,34.0,119,45.5,45.1,33.5 / 129,34.0 / 119
14045,UT,Forward (Red),M,72,65.4,87.5,119,32.4,33.0,32.4,119,33.0,118,43.5,44.0,32.4 / 119,33.0 / 118
14045,UT,Golden Bear (Gold),M,72,63.6,85.1,116,31.3,32.3,31.3,115,32.3,116,42.0,43.1,31.3 / 115,32.3 / 116
14045,UT,Signature (Black),F,72,83.7,122.9,155,41.8,41.9,41.8,155,41.9,155,61.2,61.7,41.8 / 155,41.9 / 155
14045,UT,Black/Blue Combo,F,72,81.1,119.0,155,40.6,40.5,40.6,155,40.5,155,59.4,59.6,40.6 / 155,40.5 / 155
14045,UT,Nicklaus (Blue),F,72,78.9,115.9,155,39.5,39.4,39.5,155,39.4,155,57.8,58.1,39.5 / 155,39.4 / 155
14045,UT,Blue/Silver Combo,F,72,76.8,112.7,152,38.1,38.7,38.1,150,38.7,154,55.8,56.9,38.1 / 150,38.7 / 154
14045,UT,Member (Silver),F,72,74.4,109.2,148,37.2,37.2,37.2,146,37.2,149,54.4,54.8,37.2 / 146,37.2 / 149
14045,UT,Silver/Red Combo,F,72,72.0,105.1,140,36.2,35.8,36.2,137,35.8,143,52.4,52.7,36.2 / 137,35.8 / 143
14045,UT,Forward (Red),F,72,70.0,101.8,135,35.1,34.9,35.1,131,34.9,138,50.6,51.2,35.1 / 131,34.9 / 138
14045,UT,Golden Bear (Gold),F,72,67.5,97.9,129,33.5,34.0,33.5,128,34.0,130,48.6,49.3,33.5 / 128,34.0 / 130
14062,UT,Black,M,72,68.4,88.7,110,33.6,34.8,33.6,108,34.8,111,43.6,45.1,33.6 / 108,34.8 / 111
14062,UT,Blue,M,72,66.5,86.0,105,32.8,33.7,32.8,102,33.7,108,42.3,43.7,32.8 / 102,33.7 / 108
14062,UT,White,M,72,64.0,82.3,99,31.7,32.3,31.7,96,32.3,101,40.6,41.7,31.7 / 96,32.3 / 101
14062,UT,Gold,M,72,60.6,77.7,92,30.3,30.3,30.3,91,30.3,93,38.8,38.9,30.3 / 91,30.3 / 93
14062,UT,White,F,72,69.1,96.3,116,34.2,34.9,34.2,113,34.9,118,47.5,48.8,34.2 / 113,34.9 / 118
14062,UT,Gold,F,72,64.3,89.1,105,32.2,32.1,32.2,104,32.1,106,44.5,44.6,32.2 / 104,32.1 / 106
14106,UT,Black,M,70,70.5,94.7,130,36.0,34.5,36.0,130,34.5,130,48.1,46.6,36.0 / 130,34.5 / 130
14106,UT,Blue,M,70,67.5,89.6,119,34.4,33.1,34.4,119,33.1,118,45.5,44.1,34.4 / 119,33.1 / 118
14106,UT,White,M,70,64.6,85.1,111,32.8,31.8,32.8,112,31.8,109,43.2,41.9,32.8 / 112,31.8 / 109
14106,UT,Red,M,70,61.5,80.8,104,31.3,30.2,31.3,105,30.2,102,41.1,39.7,31.3 / 105,30.2 / 102
14106,UT,White,F,70,69.8,100.1,129,35.6,34.2,35.6,128,34.2,129,50.7,49.4,35.6 / 128,34.2 / 129
14106,UT,Red,F,70,64.5,90.4,110,33.3,31.2,33.3,114,31.2,105,46.8,43.6,33.3 / 114,31.2 / 105
14127,UT,Black,M,72,72.5,97.5,135,36.3,36.2,36.3,129,36.2,140,48.3,49.2,36.3 / 129,36.2 / 140
14127,UT,Green,M,72,70.4,94.0,127,35.2,35.2,35.2,121,35.2,133,46.4,47.6,35.2 / 121,35.2 / 133
14127,UT,White,M,72,67.8,89.5,117,33.9,33.9,33.9,113,33.9,121,44.4,45.1,33.9 / 113,33.9 / 121
14127,UT,Yellow,M,72,64.3,84.4,108,32.0,32.3,32.0,111,32.3,105,42.3,42.1,32.0 / 111,32.3 / 105
14127,UT,Black,F,72,78.8,113.2,146,39.5,39.3,39.5,144,39.3,148,56.5,56.7,39.5 / 144,39.3 / 148
14127,UT,Green,F,72,76.2,109.5,141,38.0,38.2,38.0,138,38.2,144,54.3,55.2,38.0 / 138,38.2 / 144
14127,UT,White,F,72,73.0,104.6,134,36.5,36.5,36.5,132,36.5,136,52.1,52.5,36.5 / 132,36.5 / 136
14127,UT,Yellow,F,72,69.1,97.7,121,34.7,34.4,34.7,122,34.4,120,49.1,48.6,34.7 / 122,34.4 / 120
14082,UT,Black,M,72,73.4,98.5,136,36.9,36.5,36.9,135,36.5,136,49.4,49.1,36.9 / 135,36.5 / 136
14082,UT,Gold,M,72,70.4,94.4,129,35.5,34.9,35.5,131,34.9,127,47.7,46.7,35.5 / 131,34.9 / 127
14082,UT,Gold/Silver Combo,M,72,69.3,92.9,127,34.9,34.4,34.9,128,34.4,126,46.8,46.1,34.9 / 128,34.4 / 126
14082,UT,Silver,M,72,68.0,90.9,124,34.2,33.8,34.2,125,33.8,122,45.8,45.1,34.2 / 125,33.8 / 122
14082,UT,Bronze,M,72,64.6,85.9,115,32.3,32.3,32.3,114,32.3,115,42.9,43.0,32.3 / 114,32.3 / 115
14082,UT,Gold,F,72,76.6,110.4,144,38.7,37.9,38.7,147,37.9,140,56.0,54.4,38.7 / 147,37.9 / 140
14082,UT,Gold/Silver Combo,F,72,75.3,108.5,141,37.9,37.4,37.9,143,37.4,138,54.8,53.7,37.9 / 143,37.4 / 138
14082,UT,Silver,F,72,73.7,106.4,139,37.1,36.6,37.1,141,36.6,137,53.7,52.7,37.1 / 141,36.6 / 137
14082,UT,Bronze,F,72,69.7,100.0,129,34.8,34.9,34.8,126,34.9,131,49.7,50.3,34.8 / 126,34.9 / 131
14129,UT,Black,M,72,73.1,96.8,128,36.9,36.2,36.9,126,36.2,129,48.6,48.2,36.9 / 126,36.2 / 129
14129,UT,Blue,M,72,70.3,92.7,121,35.8,34.5,35.8,121,34.5,121,47.0,45.7,35.8 / 121,34.5 / 121
14129,UT,White,M,72,67.2,88.0,112,33.9,33.3,33.9,116,33.3,108,44.7,43.3,33.9 / 116,33.3 / 108
14129,UT,Red,M,72,63.0,82.8,107,31.5,31.5,31.5,114,31.5,99,42.1,40.7,31.5 / 114,31.5 / 99
14129,UT,Black,F,72,80.5,114.9,146,40.6,39.9,40.6,142,39.9,150,57.3,57.6,40.6 / 142,39.9 / 150
14129,UT,Blue,F,72,76.9,109.5,139,39.2,37.7,39.2,136,37.7,141,55.2,54.3,39.2 / 136,37.7 / 141
14129,UT,White,F,72,73.0,103.7,130,37.0,36.0,37.0,127,36.0,133,52.0,51.7,37.0 / 127,36.0 / 133
14129,UT,Red,F,72,69.4,98.1,122,34.9,34.5,34.9,123,34.5,120,49.4,48.7,34.9 / 123,34.5 / 120
14030,UT,Red,M,72,71.2,93.5,120,35.0,36.2,35.0,119,36.2,121,46.1,47.4,35.0 / 119,36.2 / 121
14030,UT,Blue,M,72,69.6,91.2,116,34.2,35.4,34.2,114,35.4,118,44.8,46.4,34.2 / 114,35.4 / 118
14030,UT,White,M,72,67.6,88.2,111,33.3,34.3,33.3,110,34.3,112,43.5,44.7,33.3 / 110,34.3 / 112
14030,UT,Purple,M,72,65.8,85.4,106,32.3,33.5,32.3,104,33.5,107,42.0,43.4,32.3 / 104,33.5 / 107
14030,UT,White,F,74,72.8,103.2,129,35.9,36.9,35.9,127,36.9,131,50.9,52.3,35.9 / 127,36.9 / 131
14030,UT,Purple,F,74,70.3,99.6,125,34.5,35.8,34.5,123,35.8,126,49.0,50.6,34.5 / 123,35.8 / 126
14068,UT,Black,M,72,70.7,94.1,126,35.6,35.1,35.6,128,35.1,124,47.5,46.6,35.6 / 128,35.1 / 124
14068,UT,Blue,M,72,68.0,90.0,119,34.1,33.9,34.1,116,33.9,121,44.9,45.1,34.1 / 116,33.9 / 121
14068,UT,White,M,72,63.9,82.9,102,33.0,30.9,33.0,105,30.9,99,42.8,40.1,33.0 / 105,30.9 / 99
14068,UT,Blue,F,72,73.7,104.4,130,37.2,36.5,37.2,132,36.5,128,52.8,51.6,37.2 / 132,36.5 / 128
14068,UT,White,F,72,68.7,96.8,120,35.6,33.1,35.6,126,33.1,113,50.4,46.4,35.6 / 126,33.1 / 113
14068,UT,Red,F,72,67.4,94.7,116,34.9,32.5,34.9,121,32.5,110,49.2,45.5,34.9 / 121,32.5 / 110
14094,UT,Tournament,M,72,74.0,99.4,137,37.3,36.7,37.3,138,36.7,136,50.1,49.3,37.3 / 138,36.7 / 136
14094,UT,Championship,M,72,72.2,96.7,132,36.4,35.8,36.4,133,35.8,130,48.8,47.9,36.4 / 133,35.8 / 130
14094,UT,Signature,M,72,69.4,92.6,125,35.0,34.4,35.0,128,34.4,122,46.9,45.7,35.0 / 128,34.4 / 122
14094,UT,Signature/Fought,M,72,67.5,89.1,116,33.8,33.7,33.8,117,33.7,115,44.7,44.4,33.8 / 117,33.7 / 115
14094,UT,Fought,M,72,65.8,85.8,108,33.2,32.6,33.2,109,32.6,107,43.3,42.5,33.2 / 109,32.6 / 107
14094,UT,Tournament,F,72,80.7,115.0,146,40.5,40.2,40.5,146,40.2,145,57.7,57.3,40.5 / 146,40.2 / 145
14094,UT,Championship,F,72,78.3,111.4,141,39.3,39.0,39.3,141,39.0,140,55.9,55.5,39.3 / 141,39.0 / 140
14094,UT,Signature,F,72,75.0,106.4,133,37.7,37.3,37.7,134,37.3,132,53.5,52.9,37.7 / 134,37.3 / 132
14094,UT,Signature/Fought,F,72,72.7,102.9,128,36.2,36.5,36.2,128,36.5,128,51.3,51.6,36.2 / 128,36.5 / 128
14094,UT,Fought,F,72,70.3,99.4,124,35.2,35.1,35.2,124,35.1,123,49.8,49.6,35.2 / 124,35.1 / 123
14095,UT,Red (Links),M,72,74.2,100.0,139,37.1,37.1,37.1,139,37.1,139,50.0,50.0,37.1 / 139,37.1 / 139
14095,UT,Yellow (Links),M,72,71.4,96.4,135,35.7,35.7,35.7,135,35.7,135,48.2,48.2,35.7 / 135,35.7 / 135
14095,UT,Green (Links),M,72,69.0,91.6,122,34.5,34.5,34.5,122,34.5,122,45.8,45.8,34.5 / 122,34.5 / 122
14095,UT,Green/Blue Combo (Links),M,72,67.2,88.6,115,33.6,33.6,33.6,115,33.6,115,44.3,44.3,33.6 / 115,33.6 / 115
14095,UT,Blue (Links),M,72,63.8,84.0,109,31.9,31.9,31.9,109,31.9,109,42.0,42.0,31.9 / 109,31.9 / 109
14095,UT,Green (Links),F,72,74.0,107.0,140,37.0,37.0,37.0,140,37.0,140,53.5,53.5,37.0 / 140,37.0 / 140
14095,UT,Green/Blue Combo (Links),F,72,72.0,103.6,134,36.0,36.0,36.0,134,36.0,134,51.8,51.8,36.0 / 134,36.0 / 134
14095,UT,Blue (Links),F,72,69.2,96.8,117,34.6,34.6,34.6,117,34.6,117,48.4,48.4,34.6 / 117,34.6 / 117
14110,UT,Black,M,72,70.1,92.2,119,35.0,35.1,35.0,118,35.1,119,46.0,46.2,35.0 / 118,35.1 / 119
14110,UT,White,M,72,67.9,89.0,114,33.8,34.1,33.8,111,34.1,116,44.1,44.9,33.8 / 111,34.1 / 116
14110,UT,Gold,M,72,66.0,85.7,106,32.8,33.2,32.8,103,33.2,109,42.4,43.3,32.8 / 103,33.2 / 109
14110,UT,Red,M,72,63.1,81.6,100,31.1,32.0,31.1,96,32.0,103,40.0,41.6,31.1 / 96,32.0 / 103
14110,UT,White,F,72,73.6,104.0,129,36.7,36.9,36.7,131,36.9,127,52.1,51.9,36.7 / 131,36.9 / 127
14110,UT,Gold,F,72,70.9,100.1,124,35.2,35.7,35.2,126,35.7,122,50.0,50.1,35.2 / 126,35.7 / 122
14110,UT,Red,F,72,68.0,95.3,116,33.6,34.4,33.6,113,34.4,119,46.9,48.4,33.6 / 113,34.4 / 119
14022,UT,Blue,M,66,63.4,81.4,97,31.7,31.7,31.7,97,31.7,97,40.7,40.7,31.7 / 97,31.7 / 97
14022,UT,White,M,66,62.6,80.4,96,31.3,31.3,31.3,96,31.3,96,40.2,40.2,31.3 / 96,31.3 / 96
14022,UT,White,F,66,63.2,86.8,100,31.6,31.6,31.6,100,31.6,100,43.4,43.4,31.6 / 100,31.6 / 100
14022,UT,Red,F,66,61.8,84.8,98,30.9,30.9,30.9,98,30.9,98,42.4,42.4,30.9 / 98,30.9 / 98
14063,UT,Blue,M,71,67.5,89.1,117,34.4,33.1,34.4,123,33.1,110,45.8,43.3,34.4 / 123,33.1 / 110
14063,UT,White,M,71,65.2,85.2,108,33.0,32.2,33.0,109,32.2,107,43.1,42.1,33.0 / 109,32.2 / 107
14063,UT,Gold,M,71,61.8,80.3,100,31.1,30.7,31.1,103,30.7,96,40.7,39.6,31.1 / 103,30.7 / 96
14063,UT,Blue,F,71,72.8,103.5,130,37.0,35.8,37.0,137,35.8,123,53.2,50.3,37.0 / 137,35.8 / 123
14063,UT,White,F,71,69.8,98.8,123,35.2,34.6,35.2,127,34.6,119,50.2,48.6,35.2 / 127,34.6 / 119
14063,UT,Gold,F,71,66.1,92.3,111,33.2,32.9,33.2,110,32.9,112,46.2,46.1,33.2 / 110,32.9 / 112
14085,UT,Blue,M,72,71.1,95.3,130,35.7,35.4,35.7,130,35.4,130,47.8,47.5,35.7 / 130,35.4 / 130
14085,UT,White,M,72,68.6,91.6,124,34.4,34.2,34.4,127,34.2,121,46.2,45.4,34.4 / 127,34.2 / 121
14085,UT,Gold,M,72,64.2,85.6,115,32.3,31.9,32.3,118,31.9,112,43.3,42.3,32.3 / 118,31.9 / 112
14085,UT,Blue,F,72,77.0,110.7,143,38.5,38.5,38.5,145,38.5,141,55.6,55.1,38.5 / 145,38.5 / 141
14085,UT,White,F,72,74.2,106.5,137,37.2,37.0,37.2,138,37.0,136,53.5,53.0,37.2 / 138,37.0 / 136
14085,UT,Gold,F,72,68.8,97.9,124,34.7,34.1,34.7,128,34.1,119,49.8,48.1,34.7 / 128,34.1 / 119
14023,UT,Blue,M,72,68.4,90.8,121,34.2,34.2,34.2,121,34.2,121,45.4,45.4,34.2 / 121,34.2 / 121
14023,UT,White/Blue Combo,M,72,67.6,89.3,117,33.4,34.2,33.4,113,34.2,121,43.9,45.4,33.4 / 113,34.2 / 121
14023,UT,White,M,72,66.8,87.8,113,33.4,33.4,33.4,113,33.4,113,43.9,43.9,33.4 / 113,33.4 / 113
14023,UT,Gold/White Combo,M,72,65.8,86.4,111,32.4,33.4,32.4,109,33.4,113,42.5,43.9,32.4 / 109,33.4 / 113
14023,UT,Gold,M,72,64.8,85.0,109,32.4,32.4,32.4,109,32.4,109,42.5,42.5,32.4 / 109,32.4 / 109
14023,UT,Red,M,72,62.8,82.2,104,31.4,31.4,31.4,104,31.4,104,41.1,41.1,31.4 / 104,31.4 / 104
14023,UT,White,F,72,72.4,104.2,135,36.2,36.2,36.2,135,36.2,135,52.1,52.1,36.2 / 135,36.2 / 135
14023,UT,Gold,F,72,69.8,100.4,130,34.9,34.9,34.9,130,34.9,130,50.2,50.2,34.9 / 130,34.9 / 130
14023,UT,Red/Gold Combo,F,72,68.4,98.0,126,33.5,34.9,33.5,121,34.9,130,47.8,50.2,33.5 / 121,34.9 / 130
14023,UT,Red,F,72,67.0,95.6,121,33.5,33.5,33.5,121,33.5,121,47.8,47.8,33.5 / 121,33.5 / 121
14031,UT,Blue,M,72,69.0,92.8,128,34.5,34.5,34.5,128,34.5,128,46.4,46.4,34.5 / 128,34.5 / 128
14031,UT,White,M,72,67.8,90.6,123,33.9,33.9,33.9,123,33.9,123,45.3,45.3,33.9 / 123,33.9 / 123
14031,UT,White,F,72,72.8,106.8,144,36.4,36.4,36.4,144,36.4,144,53.4,53.4,36.4 / 144,36.4 / 144
14031,UT,Red,F,72,67.6,96.8,124,33.8,33.8,33.8,124,33.8,124,48.4,48.4,33.8 / 124,33.8 / 124
14069,UT,Black,M,72,72.0,95.5,127,36.1,35.9,36.1,127,35.9,126,47.9,47.6,36.1 / 127,35.9 / 126
14069,UT,Blue,M,72,69.2,91.5,120,34.8,34.4,34.8,122,34.4,118,46.1,45.4,34.8 / 122,34.4 / 118
14069,UT,White,M,72,66.9,88.1,114,33.9,33.0,33.9,117,33.0,111,44.8,43.3,33.9 / 117,33.0 / 111
14069,UT,Gold,M,72,63.3,82.7,104,31.8,31.5,31.8,104,31.5,104,41.5,41.2,31.8 / 104,31.5 / 104
14069,UT,Red,M,71,61.1,79.6,100,30.9,30.2,30.9,100,30.2,99,40.2,39.4,30.9 / 100,30.2 / 99
14069,UT,White,F,72,72.7,104.6,135,36.9,35.8,36.9,133,35.8,137,52.6,52.0,36.9 / 133,35.8 / 137
14069,UT,Gold,F,72,68.3,96.9,122,34.3,34.0,34.3,126,34.0,117,49.1,47.8,34.3 / 126,34.0 / 117
14069,UT,Red,F,71,65.4,92.7,116,33.1,32.3,33.1,123,32.3,109,47.6,45.1,33.1 / 123,32.3 / 109
14096,UT,Gold (Gold Crs),M,72,75.1,100.7,138,37.3,37.8,37.3,135,37.8,141,49.8,50.9,37.3 / 135,37.8 / 141
14096,UT,Black (Gold Crs),M,72,73.2,98.1,134,36.3,36.9,36.3,131,36.9,137,48.5,49.6,36.3 / 131,36.9 / 137
14096,UT,Blue (Gold Crs),M,72,70.6,94.6,129,35.4,35.2,35.4,128,35.2,130,47.3,47.3,35.4 / 128,35.2 / 130
14096,UT,Blue/White Combo (Gold Crs),M,72,69.2,92.2,124,34.7,34.5,34.7,122,34.5,126,46.0,46.2,34.7 / 122,34.5 / 126
14096,UT,White (Gold Crs),M,72,68.0,90.3,120,34.2,33.8,34.2,118,33.8,122,45.2,45.1,34.2 / 118,33.8 / 122
14096,UT,Red/White Combo (Gold Crs),M,76,66.1,87.1,113,32.9,33.2,32.9,110,33.2,116,43.1,44.0,32.9 / 110,33.2 / 116
14096,UT,Red (Gold Crs),M,72,65.3,85.9,111,32.6,32.7,32.6,108,32.7,114,42.6,43.3,32.6 / 108,32.7 / 114
14096,UT,White (Gold Crs),F,72,74.2,106.9,139,37.3,36.9,37.3,142,36.9,136,54.0,52.9,37.3 / 142,36.9 / 136
14096,UT,Red/White Combo (Gold Crs),F,74,72.3,102.9,130,36.1,36.2,36.1,130,36.2,130,51.4,51.5,36.1 / 130,36.2 / 130
14096,UT,Red (Gold Crs),F,72,71.2,101.2,127,35.7,35.5,35.7,127,35.5,127,50.7,50.5,35.7 / 127,35.5 / 127
14097,UT,Gold (Silver Course),M,72,74.0,99.5,138,37.3,36.7,37.3,138,36.7,137,50.1,49.4,37.3 / 138,36.7 / 137
14097,UT,Black (Silver Course),M,72,72.3,97.0,133,36.5,35.8,36.5,133,35.8,132,48.9,48.1,36.5 / 133,35.8 / 132
14097,UT,Blue (Silver Course),M,72,70.2,93.5,126,35.3,34.9,35.3,129,34.9,122,47.3,46.2,35.3 / 129,34.9 / 122
14097,UT,Blue/White Combo (Silver Course),M,72,68.4,90.6,120,34.5,33.9,34.5,117,33.9,122,45.4,45.2,34.5 / 117,33.9 / 122
14097,UT,White (Silver Course),M,72,67.7,89.9,120,34.1,33.6,34.1,117,33.6,122,45.0,44.9,34.1 / 117,33.6 / 122
14097,UT,Red/White Combo (Silver Course),M,72,65.6,86.1,111,33.2,32.4,33.2,111,32.4,110,43.5,42.6,33.2 / 111,32.4 / 110
14097,UT,Red (Silver Course),M,72,64.8,84.7,107,32.7,32.1,32.7,109,32.1,105,42.8,41.9,32.7 / 109,32.1 / 105
14097,UT,White (Silver Course),F,72,73.5,105.4,135,36.9,36.6,36.9,139,36.6,131,53.3,52.1,36.9 / 139,36.6 / 131
14097,UT,Red/White Combo (Silver Course),F,72,70.5,101.4,131,35.8,34.7,35.8,131,34.7,131,51.3,50.1,35.8 / 131,34.7 / 131
14097,UT,Red (Silver Course),F,72,69.9,100.0,128,35.4,34.5,35.4,126,34.5,129,50.3,49.7,35.4 / 126,34.5 / 129
14090,UT,Gold,M,72,73.3,98.7,137,36.3,37.0,36.3,128,37.0,145,48.2,50.5,36.3 / 128,37.0 / 145
14090,UT,Black,M,72,71.4,96.1,133,35.4,36.0,35.4,125,36.0,141,47.0,49.1,35.4 / 125,36.0 / 141
14090,UT,Blue,M,72,69.4,92.9,127,34.4,35.0,34.4,118,35.0,135,45.4,47.5,34.4 / 118,35.0 / 135
14090,UT,White,M,72,67.0,89.6,122,33.2,33.8,33.2,116,33.8,127,44.0,45.6,33.2 / 116,33.8 / 127
14090,UT,Red,M,72,64.9,85.8,113,32.4,32.5,32.4,111,32.5,114,42.7,43.1,32.4 / 111,32.5 / 114
14090,UT,Gold,F,72,79.7,115.1,150,39.5,40.2,39.5,144,40.2,155,56.5,58.6,39.5 / 144,40.2 / 155
14090,UT,Black,F,72,77.5,111.6,145,38.5,39.0,38.5,139,39.0,150,54.9,56.7,38.5 / 139,39.0 / 150
14090,UT,Blue,F,72,75.0,108.0,140,37.2,37.8,37.2,134,37.8,146,53.0,55.0,37.2 / 134,37.8 / 146
14090,UT,White,F,72,72.6,104.3,135,36.0,36.6,36.0,129,36.6,140,51.2,53.1,36.0 / 129,36.6 / 140
14090,UT,Red,F,72,69.6,99.5,127,34.7,34.9,34.7,122,34.9,131,49.1,50.4,34.7 / 122,34.9 / 131
14028,UT,Black,M,71,70.0,94.0,129,34.3,35.7,34.3,129,35.7,129,46.3,47.7,34.3 / 129,35.7 / 129
14028,UT,Blue,M,71,68.1,91.0,124,33.6,34.5,33.6,124,34.5,123,45.1,45.9,33.6 / 124,34.5 / 123
14028,UT,White,M,71,65.5,87.1,116,32.3,33.2,32.3,113,33.2,119,42.8,44.3,32.3 / 113,33.2 / 119
14028,UT,Red,M,71,62.2,82.7,110,30.9,31.3,30.9,105,31.3,115,40.7,42.0,30.9 / 105,31.3 / 115
14028,UT,White,F,71,70.1,100.2,128,34.7,35.4,34.7,127,35.4,128,49.7,50.5,34.7 / 127,35.4 / 128
14028,UT,Red,F,71,65.9,92.9,115,33.0,32.9,33.0,114,32.9,115,46.4,46.5,33.0 / 114,32.9 / 115
14041,UT,Gold,M,73,73.9,97.8,129,37.5,36.4,37.5,125,36.4,132,49.1,48.7,37.5 / 125,36.4 / 132
14041,UT,Blue,M,0,71.1,94.1,124,36.1,35.0,36.1,119,35.0,128,47.2,46.9,36.1 / 119,35.0 / 128
14041,UT,White,M,73,67.5,88.8,115,34.1,33.4,34.1,115,33.4,114,44.8,44.0,34.1 / 115,33.4 / 114
14041,UT,Red,M,73,63.6,82.0,99,32.4,31.2,32.4,98,31.2,100,41.5,40.5,32.4 / 98,31.2 / 100
14041,UT,Blue,F,73,77.2,109.3,136,39.2,38.0,39.2,137,38.0,135,55.4,53.9,39.2 / 137,38.0 / 135
14041,UT,White,F,73,73.3,103.5,128,37.2,36.1,37.2,129,36.1,127,52.4,51.1,37.2 / 129,36.1 / 127
14041,UT,Red,F,73,68.1,95.5,116,34.9,33.2,34.9,117,33.2,115,48.7,46.8,34.9 / 117,33.2 / 115
14040,UT,Blue,M,72,71.1,94.3,125,35.5,35.6,35.5,126,35.6,124,47.2,47.1,35.5 / 126,35.6 / 124
14040,UT,White,M,72,69.4,92.2,123,34.8,34.6,34.8,124,34.6,122,46.3,45.9,34.8 / 124,34.6 / 122
14040,UT,Red,M,72,65.7,87.0,115,33.2,32.5,33.2,113,32.5,116,43.7,43.3,33.2 / 113,32.5 / 116
14040,UT,White,F,72,75.1,107.0,135,37.8,37.3,37.8,137,37.3,133,54.0,53.0,37.8 / 137,37.3 / 133
14040,UT,Red,F,72,71.2,101.3,128,36.0,35.2,36.0,130,35.2,126,51.3,50.0,36.0 / 130,35.2 / 126
14057,UT,Champ (CS/SR),M,72,73.3,98.5,136,36.8,36.5,36.8,141,36.5,130,49.9,48.6,36.8 / 141,36.5 / 130
14057,UT,Blue (CS/SR),M,72,71.4,95.7,131,35.8,35.6,35.8,136,35.6,126,48.4,47.3,35.8 / 136,35.6 / 126
14057,UT,White (CS/SR),M,72,68.6,92.0,126,34.0,34.6,34.0,133,34.6,118,46.4,45.6,34.0 / 133,34.6 / 118
14057,UT,Yellow (CS/SR),M,72,65.1,85.6,111,32.5,32.6,32.5,112,32.6,109,42.9,42.7,32.5 / 112,32.6 / 109
14057,UT,White (CS/SR),F,72,74.9,107.1,137,37.3,37.6,37.3,136,37.6,137,53.3,53.8,37.3 / 136,37.6 / 137
14057,UT,Yellow (CS/SR),F,72,70.4,100.3,127,35.2,35.2,35.2,126,35.2,127,50.1,50.2,35.2 / 126,35.2 / 127
14057,UT,Red (CS/SR),F,72,67.7,95.8,119,33.8,33.9,33.8,120,33.9,118,48.0,47.8,33.8 / 120,33.9 / 118
14058,UT,Champ (SB/CS),M,72,73.3,99.4,141,36.5,36.8,36.5,140,36.8,141,49.5,49.9,36.5 / 140,36.8 / 141
14058,UT,Blue (SB/CS),M,72,71.3,96.5,136,35.5,35.8,35.5,136,35.8,136,48.1,48.4,35.5 / 136,35.8 / 136
14058,UT,White (SB/CS),M,72,68.3,92.2,129,34.3,34.0,34.3,124,34.0,133,45.8,46.4,34.3 / 124,34.0 / 133
14058,UT,Yellow (SB/CS),M,72,65.2,85.5,110,32.7,32.5,32.7,107,32.5,112,42.6,42.9,32.7 / 107,32.5 / 112
14058,UT,White (SB/CS),F,72,74.5,106.2,135,37.2,37.3,37.2,133,37.3,136,52.9,53.3,37.2 / 133,37.3 / 136
14058,UT,Yellow (SB/CS),F,72,70.1,99.3,124,34.9,35.2,34.9,121,35.2,126,49.2,50.1,34.9 / 121,35.2 / 126
14058,UT,Red (SB/CS),F,72,67.9,93.9,110,34.1,33.8,34.1,100,33.8,120,45.9,48.0,34.1 / 100,33.8 / 120
14059,UT,Champ (SR/SB),M,72,73.0,98.1,135,36.5,36.5,36.5,130,36.5,140,48.6,49.5,36.5 / 130,36.5 / 140
14059,UT,Blue (SR/SB),M,72,71.1,95.4,131,35.6,35.5,35.6,126,35.5,136,47.3,48.1,35.6 / 126,35.5 / 136
14059,UT,White (SR/SB),M,72,68.9,91.4,121,34.6,34.3,34.6,118,34.3,124,45.6,45.8,34.6 / 118,34.3 / 124
14059,UT,Yellow (SR/SB),M,72,65.3,85.3,108,32.6,32.7,32.6,109,32.7,107,42.7,42.6,32.6 / 109,32.7 / 107
14059,UT,White (SR/SB),F,72,74.8,106.7,135,37.6,37.2,37.6,137,37.2,133,53.8,52.9,37.6 / 137,37.2 / 133
14059,UT,Yellow (SR/SB),F,72,70.1,99.4,124,35.2,34.9,35.2,127,34.9,121,50.2,49.2,35.2 / 127,34.9 / 121
14059,UT,Red (SR/SB),F,72,68.0,93.7,109,33.9,34.1,33.9,118,34.1,100,47.8,45.9,33.9 / 118,34.1 / 100
14017,UT,Blue,M,71,70.4,93.2,123,34.7,35.7,34.7,118,35.7,127,45.7,47.5,34.7 / 118,35.7 / 127
14017,UT,White,M,71,68.3,90.0,117,33.7,34.6,33.7,113,34.6,121,44.2,45.8,33.7 / 113,34.6 / 121
14017,UT,Gold,M,71,65.9,87.2,115,32.4,33.5,32.4,110,33.5,119,42.6,44.6,32.4 / 110,33.5 / 119
14017,UT,White,F,71,73.4,104.9,134,36.0,37.4,36.0,130,37.4,137,51.3,53.6,36.0 / 130,37.4 / 137
14017,UT,Gold,F,71,70.9,101.1,128,34.8,36.1,34.8,124,36.1,132,49.4,51.7,34.8 / 124,36.1 / 132
14017,UT,Red,F,71,69.0,97.4,120,33.9,35.1,33.9,114,35.1,126,47.4,50.0,33.9 / 114,35.1 / 126
14114,UT,Red,M,71,73.3,97.8,132,36.9,36.4,36.9,135,36.4,129,49.4,48.4,36.9 / 135,36.4 / 129
14114,UT,Black,M,71,71.3,95.2,129,35.7,35.6,35.7,133,35.6,124,48.1,47.1,35.7 / 133,35.6 / 124
14114,UT,Blue,M,71,69.2,92.3,124,34.9,34.3,34.9,130,34.3,118,47.0,45.3,34.9 / 130,34.3 / 118
14114,UT,White,M,71,67.5,89.7,120,33.8,33.7,33.8,125,33.7,114,45.4,44.3,33.8 / 125,33.7 / 114
14114,UT,Orange,M,71,64.2,85.0,112,32.0,32.2,32.0,115,32.2,109,42.7,42.3,32.0 / 115,32.2 / 109
14114,UT,Silver,M,71,61.6,81.5,107,30.6,31.0,30.6,110,31.0,104,40.8,40.7,30.6 / 110,31.0 / 104
14114,UT,Red,F,71,79.5,113.6,145,40.2,39.3,40.2,147,39.3,142,57.5,56.1,40.2 / 147,39.3 / 142
14114,UT,Black,F,71,77.2,110.1,140,38.9,38.3,38.9,141,38.3,138,55.5,54.6,38.9 / 141,38.3 / 138
14114,UT,Blue,F,71,74.9,106.7,135,37.9,37.0,37.9,137,37.0,133,54.0,52.7,37.9 / 137,37.0 / 133
14114,UT,White,F,71,72.9,103.7,131,36.6,36.3,36.6,131,36.3,130,52.1,51.6,36.6 / 131,36.3 / 130
14114,UT,Orange,F,71,69.0,97.5,121,34.4,34.6,34.4,122,34.6,120,48.8,48.7,34.4 / 122,34.6 / 120
14114,UT,Silver,F,71,64.8,91.1,112,31.8,33.0,31.8,115,33.0,108,45.4,45.7,31.8 / 115,33.0 / 108
14122,UT,Black (BR/PT),M,72,73.1,98.0,134,36.5,36.6,36.5,139,36.6,129,49.4,48.6,36.5 / 139,36.6 / 129
14122,UT,Gold (BR/PT),M,72,71.0,94.7,128,35.5,35.5,35.5,131,35.5,124,47.7,47.0,35.5 / 131,35.5 / 124
14122,UT,Silver (BR/PT),M,72,68.8,91.5,123,34.2,34.6,34.2,123,34.6,122,45.6,45.9,34.2 / 123,34.6 / 122
14122,UT,Silver/Bronze Combo (BR/PT),M,72,67.1,88.7,116,33.6,33.5,33.6,116,33.5,116,44.4,44.3,33.6 / 116,33.5 / 116
14122,UT,Bronze (BR/PT),M,72,65.1,85.5,110,32.1,33.0,32.1,105,33.0,114,41.9,43.6,32.1 / 105,33.0 / 114
14122,UT,Silver (BR/PT),F,72,74.3,107.1,140,37.3,37.0,37.3,142,37.0,137,54.0,53.1,37.3 / 142,37.0 / 137
14122,UT,Silver/Bronze Combo (BR/PT),F,72,72.6,103.1,129,36.6,36.0,36.6,131,36.0,127,52.1,51.0,36.6 / 131,36.0 / 127
14122,UT,Bronze (BR/PT),F,72,70.0,98.4,121,34.7,35.3,34.7,115,35.3,126,48.3,50.1,34.7 / 115,35.3 / 126
14121,UT,Black (PT/WB),M,72,73.9,98.6,133,36.6,37.3,36.6,129,37.3,137,48.6,50.0,36.6 / 129,37.3 / 137
14121,UT,Gold (PT/WB),M,72,71.9,95.8,129,35.5,36.4,35.5,124,36.4,133,47.0,48.8,35.5 / 124,36.4 / 133
14121,UT,Silver (PT/WB),M,72,70.2,93.5,126,34.6,35.6,34.6,122,35.6,129,45.9,47.6,34.6 / 122,35.6 / 129
14121,UT,Silver/Bronze Combo (PT/WB),M,72,67.9,89.8,118,33.5,34.4,33.5,116,34.4,119,44.3,45.5,33.5 / 116,34.4 / 119
14121,UT,Bronze (PT/WB),M,72,66.1,87.7,116,33.0,33.1,33.0,114,33.1,118,43.6,44.1,33.0 / 114,33.1 / 118
14121,UT,Silver (PT/WB),F,72,74.9,108.0,141,37.0,37.9,37.0,137,37.9,144,53.1,54.9,37.0 / 137,37.9 / 144
14121,UT,Silver/Bronze Combo (PT/WB),F,72,72.5,104.1,134,36.0,36.5,36.0,127,36.5,141,51.0,53.1,36.0 / 127,36.5 / 141
14121,UT,Bronze (PT/WB),F,72,71.1,101.1,128,35.3,35.8,35.3,126,35.8,129,50.1,51.0,35.3 / 126,35.8 / 129
14123,UT,Black (WB/BR),M,72,73.8,99.4,138,37.3,36.5,37.3,137,36.5,139,50.0,49.4,37.3 / 137,36.5 / 139
14123,UT,Gold (WB/BR),M,72,71.9,96.5,132,36.4,35.5,36.4,133,35.5,131,48.8,47.7,36.4 / 133,35.5 / 131
14123,UT,Silver (WB/BR),M,72,69.8,93.2,126,35.6,34.2,35.6,129,34.2,123,47.6,45.6,35.6 / 129,34.2 / 123
14123,UT,Silver/Bronze Combo (WB/BR),M,72,68.0,89.9,118,34.4,33.6,34.4,119,33.6,116,45.5,44.4,34.4 / 119,33.6 / 116
14123,UT,Bronze (WB/BR),M,72,65.2,86.0,112,33.1,32.1,33.1,118,32.1,105,44.1,41.9,33.1 / 118,32.1 / 105
14123,UT,Silver (WB/BR),F,72,75.2,108.9,143,37.9,37.3,37.9,144,37.3,142,54.9,54.0,37.9 / 144,37.3 / 142
14123,UT,Silver/Bronze Combo (WB/BR),F,72,73.1,105.2,136,36.5,36.6,36.5,141,36.6,131,53.1,52.1,36.5 / 141,36.6 / 131
14123,UT,Bronze (WB/BR),F,72,70.5,99.3,122,35.8,34.7,35.8,129,34.7,115,51.0,48.3,35.8 / 129,34.7 / 115
14035,UT,Blue,M,72,72.9,96.3,126,36.1,36.8,36.1,125,36.8,127,47.7,48.6,36.1 / 125,36.8 / 127
14035,UT,White,M,72,70.7,93.4,123,35.3,35.4,35.3,124,35.4,121,46.8,46.6,35.3 / 124,35.4 / 121
14035,UT,Yellow,M,72,68.4,89.8,116,34.4,34.0,34.4,121,34.0,110,45.6,44.2,34.4 / 121,34.0 / 110
14035,UT,Red,M,72,65.2,85.4,109,32.8,32.4,32.8,111,32.4,107,43.1,42.3,32.8 / 111,32.4 / 107
14035,UT,White,F,72,76.8,108.7,136,38.1,38.7,38.1,136,38.7,135,54.1,54.6,38.1 / 136,38.7 / 135
14035,UT,Yellow,F,72,74.2,104.8,130,37.0,37.2,37.0,131,37.2,128,52.5,52.3,37.0 / 131,37.2 / 128
14035,UT,Red,F,72,71.1,100.1,123,35.4,35.7,35.4,125,35.7,121,50.1,50.0,35.4 / 125,35.7 / 121
36050,UT,The Ridge,M,27,26.0,33.0,75,26.0,,26.0,75,,,33.0,,26.0 / 75,/
36050,UT,The Ridge,F,27,27.3,36.8,81,27.3,,27.3,81,,,36.8,,27.3 / 81,/
14025,UT,O'Meara (Black),M,72,76.1,103.2,146,37.5,38.6,37.5,140,38.6,152,50.5,52.7,37.5 / 140,38.6 / 152
14025,UT,Empire (Gold),M,72,74.2,100.7,143,36.4,37.8,36.4,136,37.8,150,49.0,51.7,36.4 / 136,37.8 / 150
14025,UT,Gold/Blue Combo,M,72,72.9,98.8,139,35.8,37.1,35.8,131,37.1,147,48.0,50.8,35.8 / 131,37.1 / 147
14025,UT,Tuhaye (Blue),M,72,71.6,96.4,134,35.4,36.2,35.4,130,36.2,137,47.5,48.9,35.4 / 130,36.2 / 137
14025,UT,Uinta (Blue/Green Combo),M,72,69.8,92.9,125,35.0,34.8,35.0,124,34.8,125,46.5,46.4,35.0 / 124,34.8 / 125
14025,UT,Jordanelle (Green),M,72,68.6,91.1,121,34.0,34.6,34.0,118,34.6,124,45.0,46.1,34.0 / 118,34.6 / 124
14025,UT,Wasatch (Green/Red Combo),M,72,66.1,87.4,115,33.1,33.0,33.1,115,33.0,114,43.8,43.6,33.1 / 115,33.0 / 114
14025,UT,Red Cloud (Red),M,72,64.4,85.4,113,32.2,32.2,32.2,113,32.2,113,42.7,42.7,32.2 / 113,32.2 / 113
14025,UT,Tuhaye (Blue),F,72,77.1,113.3,152,38.1,39.0,38.1,148,39.0,155,55.6,57.7,38.1 / 148,39.0 / 155
14025,UT,Uinta (Blue/Green Combo),F,72,74.6,109.6,149,37.3,37.3,37.3,146,37.3,151,54.5,55.1,37.3 / 146,37.3 / 151
14025,UT,Jordanelle (Green),F,72,73.2,107.5,146,36.3,36.9,36.3,142,36.9,149,53.0,54.5,36.3 / 142,36.9 / 149
14025,UT,Wasatch (Green/Red Combo),F,72,70.5,101.8,133,35.5,35.0,35.5,128,35.0,137,50.6,51.2,35.5 / 128,35.0 / 137
14025,UT,Red Cloud (Red),F,72,69.2,99.1,127,34.5,34.7,34.5,123,34.7,131,49.0,50.1,34.5 / 123,34.7 / 131
14024,UT,Black,M,72,72.7,97.4,133,36.4,36.3,36.4,135,36.3,131,48.9,48.5,36.4 / 135,36.3 / 131
14024,UT,Gold,M,72,69.4,92.7,126,34.5,34.9,34.5,128,34.9,123,46.4,46.3,34.5 / 128,34.9 / 123
14024,UT,Silver,M,72,67.5,89.1,116,33.7,33.8,33.7,116,33.8,116,44.5,44.6,33.7 / 116,33.8 / 116
14024,UT,White,M,72,63.9,83.5,106,31.7,32.2,31.7,104,32.2,107,41.4,42.1,31.7 / 104,32.2 / 107
14024,UT,Silver,F,72,72.6,105.2,138,36.2,36.4,36.2,137,36.4,139,52.4,52.8,36.2 / 137,36.4 / 139
14024,UT,White,F,72,68.4,97.6,124,34.1,34.3,34.1,123,34.3,125,48.6,49.0,34.1 / 123,34.3 / 125
14056,UT,Black,M,72,76.2,101.7,138,37.8,38.4,37.8,135,38.4,140,50.3,51.4,37.8 / 135,38.4 / 140
14056,UT,Gold,M,72,74.3,99.0,133,37.0,37.3,37.0,131,37.3,135,49.2,49.8,37.0 / 131,37.3 / 135
14056,UT,Blue,M,72,72.0,95.9,129,35.9,36.1,35.9,127,36.1,130,47.7,48.2,35.9 / 127,36.1 / 130
14056,UT,White,M,72,69.9,93.1,125,34.9,35.0,34.9,123,35.0,127,46.3,46.8,34.9 / 123,35.0 / 127
14056,UT,Green,M,72,67.0,89.5,122,33.1,33.9,33.1,121,33.9,122,44.3,45.2,33.1 / 121,33.9 / 122
14056,UT,White,F,72,75.8,109.7,144,37.3,38.5,37.3,138,38.5,149,53.6,56.1,37.3 / 138,38.5 / 149
14056,UT,Green,F,72,73.0,105.5,138,35.8,37.2,35.8,131,37.2,144,51.3,54.2,35.8 / 131,37.2 / 144
14078,UT,Blue,M,71,69.1,90.3,114,35.0,34.1,35.0,111,34.1,117,45.3,45.0,35.0 / 111,34.1 / 117
14078,UT,White,M,71,67.7,88.5,112,34.4,33.3,34.4,110,33.3,114,44.6,43.9,34.4 / 110,33.3 / 114
14078,UT,Red,M,71,63.6,83.9,110,31.5,32.1,31.5,109,32.1,110,41.6,42.3,31.5 / 109,32.1 / 110
14078,UT,Blue,F,72,74.1,105.2,132,37.5,36.6,37.5,134,36.6,130,53.3,51.9,37.5 / 134,36.6 / 130
14078,UT,White,F,72,72.3,102.5,128,36.6,35.7,36.6,130,35.7,126,51.9,50.6,36.6 / 130,35.7 / 126
14078,UT,Red,F,72,68.4,96.5,120,34.2,34.2,34.2,119,34.2,120,48.2,48.3,34.2 / 119,34.2 / 120
14098,UT,Black,M,72,75.1,101.1,140,37.0,38.1,37.0,137,38.1,143,49.7,51.4,37.0 / 137,38.1 / 143
14098,UT,Blue/Black Combo,M,72,74.2,99.8,138,36.7,37.5,36.7,136,37.5,140,49.3,50.5,36.7 / 136,37.5 / 140
14098,UT,Blue,M,72,72.9,98.1,136,36.0,36.9,36.0,133,36.9,138,48.4,49.7,36.0 / 133,36.9 / 138
14098,UT,White/Blue Combo,M,72,70.8,95.4,132,35.2,35.6,35.2,132,35.6,132,47.5,47.9,35.2 / 132,35.6 / 132
14098,UT,White,M,72,69.7,93.9,130,34.9,34.8,34.9,130,34.8,130,47.0,46.9,34.9 / 130,34.8 / 130
14098,UT,Green,M,72,67.1,90.3,125,33.2,33.9,33.2,128,33.9,122,45.1,45.2,33.2 / 128,33.9 / 122
14098,UT,White,F,72,75.2,108.7,142,37.6,37.6,37.6,142,37.6,142,54.4,54.3,37.6 / 142,37.6 / 142
14098,UT,Green,F,73,72.5,104.2,135,36.1,36.4,36.1,137,36.4,132,52.2,52.0,36.1 / 137,36.4 / 132
14018,UT,Gold,M,72,71.9,97.1,136,35.9,36.0,35.9,132,36.0,139,48.2,48.9,35.9 / 132,36.0 / 139
14018,UT,Blue,M,72,69.7,93.6,129,34.9,34.8,34.9,125,34.8,132,46.5,47.1,34.9 / 125,34.8 / 132
14018,UT,White,M,72,67.4,89.0,116,33.8,33.6,33.8,117,33.6,115,44.7,44.3,33.8 / 117,33.6 / 115
14018,UT,Red,M,72,63.4,84.2,112,31.8,31.6,31.8,113,31.6,111,42.3,41.9,31.8 / 113,31.6 / 111
14018,UT,Gold,F,72,78.3,114.4,153,39.1,39.2,39.1,153,39.2,153,57.1,57.3,39.1 / 153,39.2 / 153
14018,UT,Blue,F,72,75.4,110.3,148,37.7,37.7,37.7,148,37.7,148,55.1,55.2,37.7 / 148,37.7 / 148
14018,UT,White,F,72,72.3,105.5,141,36.2,36.1,36.2,142,36.1,140,52.9,52.6,36.2 / 142,36.1 / 140
14018,UT,Red,F,72,68.1,98.4,129,34.0,34.1,34.0,130,34.1,127,49.3,49.1,34.0 / 130,34.1 / 127
14044,UT,Black,M,72,73.4,97.8,131,36.8,36.6,36.8,133,36.6,129,49.2,48.6,36.8 / 133,36.6 / 129
14044,UT,Blue,M,72,71.1,94.7,127,35.6,35.5,35.6,129,35.5,125,47.6,47.1,35.6 / 129,35.5 / 125
14044,UT,White,M,72,69.0,91.2,120,34.5,34.5,34.5,124,34.5,115,46.0,45.2,34.5 / 124,34.5 / 115
14044,UT,White/Silver Combo,M,72,67.9,89.5,117,33.9,34.0,33.9,121,34.0,114,45.1,44.6,33.9 / 121,34.0 / 114
14044,UT,Silver,M,72,66.3,87.9,116,33.3,33.0,33.3,119,33.0,113,44.4,43.5,33.3 / 119,33.0 / 113
14044,UT,Red,M,72,63.5,83.1,106,31.8,31.7,31.8,107,31.7,104,41.7,41.4,31.8 / 107,31.7 / 104
14044,UT,Black,F,72,80.0,112.9,140,40.2,39.8,40.2,141,39.8,138,56.8,56.1,40.2 / 141,39.8 / 138
14044,UT,Blue,F,72,77.2,108.7,134,38.8,38.4,38.8,135,38.4,132,54.7,54.0,38.8 / 135,38.4 / 132
14044,UT,White,F,72,74.6,104.8,128,37.5,37.1,37.5,129,37.1,127,52.7,52.1,37.5 / 129,37.1 / 127
14044,UT,White/Silver Combo,F,72,73.3,102.9,126,36.8,36.5,36.8,126,36.5,125,51.7,51.2,36.8 / 126,36.5 / 125
14044,UT,Silver,F,72,71.8,100.5,122,36.0,35.8,36.0,123,35.8,120,50.5,50.0,36.0 / 123,35.8 / 120
14044,UT,Red,F,72,68.1,95.9,118,34.2,33.9,34.2,119,33.9,117,48.2,47.7,34.2 / 119,33.9 / 117
14026,UT,Blue,M,72,71.2,95.2,129,36.4,34.8,36.4,131,34.8,127,48.6,46.6,36.4 / 131,34.8 / 127
14026,UT,White,M,72,68.1,89.9,117,34.0,34.1,34.0,115,34.1,119,44.7,45.2,34.0 / 115,34.1 / 119
14026,UT,Yellow,M,72,65.4,86.2,112,32.6,32.8,32.6,111,32.8,113,42.9,43.3,32.6 / 111,32.8 / 113
14026,UT,Blue,F,73,77.6,111.8,145,40.0,37.6,40.0,143,37.6,147,56.9,54.9,40.0 / 143,37.6 / 147
14026,UT,White,F,73,73.6,105.9,137,37.2,36.4,37.2,131,36.4,142,52.7,53.2,37.2 / 131,36.4 / 142
14026,UT,Yellow,F,73,70.5,99.9,125,35.3,35.2,35.3,123,35.2,126,49.8,50.1,35.3 / 123,35.2 / 126
14112,UT,Black,M,72,72.7,97.2,132,36.3,36.4,36.3,139,36.4,125,49.2,48.0,36.3 / 139,36.4 / 125
14112,UT,Green,M,72,70.8,94.2,126,35.2,35.6,35.2,128,35.6,124,47.1,47.1,35.2 / 128,35.6 / 124
14112,UT,Silver,M,72,67.9,90.2,120,33.8,34.1,33.8,122,34.1,118,45.1,45.1,33.8 / 122,34.1 / 118
14112,UT,Blue,M,72,64.6,84.6,108,32.0,32.6,32.0,108,32.6,108,42.0,42.6,32.0 / 108,32.6 / 108
14112,UT,Silver,F,72,73.6,106.6,140,36.2,37.4,36.2,139,37.4,141,52.6,54.0,36.2 / 139,37.4 / 141
14112,UT,Blue,F,72,69.3,99.4,128,33.8,35.5,33.8,125,35.5,131,48.5,50.9,33.8 / 125,35.5 / 131
14076,UT,Black,M,72,71.3,94.9,127,35.7,35.6,35.7,124,35.6,130,47.2,47.7,35.7 / 124,35.6 / 130
14076,UT,Blue,M,72,68.4,90.4,119,34.2,34.2,34.2,114,34.2,123,44.8,45.6,34.2 / 114,34.2 / 123
14076,UT,White,M,72,65.5,86.1,111,32.7,32.8,32.7,109,32.8,113,42.8,43.3,32.7 / 109,32.8 / 113
14076,UT,Red,M,72,62.7,82.1,105,31.3,31.4,31.3,102,31.4,107,40.8,41.3,31.3 / 102,31.4 / 107
14076,UT,White,F,72,70.8,100.0,124,35.2,35.6,35.2,124,35.6,124,49.8,50.2,35.2 / 124,35.6 / 124
14076,UT,Red,F,72,67.2,94.7,117,33.6,33.6,33.6,114,33.6,119,47.1,47.6,33.6 / 114,33.6 / 119
14015,UT,Blue,M,62,59.6,77.0,94,29.8,29.8,29.8,94,29.8,94,38.5,38.5,29.8 / 94,29.8 / 94
14015,UT,White,M,62,59.0,75.6,89,29.5,29.5,29.5,89,29.5,89,37.8,37.8,29.5 / 89,29.5 / 89
14015,UT,White,F,62,60.6,82.0,91,30.3,30.3,30.3,91,30.3,91,41.0,41.0,30.3 / 91,30.3 / 91
14015,UT,Red,F,62,58.8,79.4,87,29.4,29.4,29.4,87,29.4,87,39.7,39.7,29.4 / 87,29.4 / 87
14091,UT,Gold,M,72,73.2,98.2,135,36.3,36.9,36.3,136,36.9,133,48.9,49.3,36.3 / 136,36.9 / 133
14091,UT,Black,M,72,71.7,95.9,130,35.6,36.1,35.6,130,36.1,130,47.7,48.2,35.6 / 130,36.1 / 130
14091,UT,White,M,72,68.5,90.6,119,34.0,34.5,34.0,118,34.5,119,45.0,45.6,34.0 / 118,34.5 / 119
14091,UT,Green,M,72,64.3,84.8,111,31.7,32.6,31.7,111,32.6,110,42.0,42.8,31.7 / 111,32.6 / 110
14091,UT,Red,M,72,61.0,80.2,103,29.9,31.1,29.9,104,31.1,102,39.6,40.6,29.9 / 104,31.1 / 102
14091,UT,Gold,F,72,79.6,114.3,147,39.6,40.0,39.6,149,40.0,145,57.2,57.1,39.6 / 149,40.0 / 145
14091,UT,Black,F,72,77.6,111.6,144,38.5,39.1,38.5,146,39.1,142,55.7,55.9,38.5 / 146,39.1 / 142
14091,UT,White,F,72,74.0,106.1,136,36.8,37.2,36.8,138,37.2,134,53.1,53.0,36.8 / 138,37.2 / 134
14091,UT,Green,F,72,69.8,97.9,120,35.0,34.8,35.0,120,34.8,119,49.1,48.8,35.0 / 120,34.8 / 119
14091,UT,Red,F,72,64.5,90.2,109,31.9,32.6,31.9,109,32.6,109,44.7,45.5,31.9 / 109,32.6 / 109
18036,UT,White,M,66,63.8,85.2,115,31.9,31.9,31.9,115,31.9,115,42.6,42.6,31.9 / 115,31.9 / 115
18036,UT,Green,M,66,62.0,82.0,108,31.0,31.0,31.0,108,31.0,108,41.0,41.0,31.0 / 108,31.0 / 108
18036,UT,Blue,M,66,59.8,78.6,101,29.9,29.9,29.9,101,29.9,101,39.3,39.3,29.9 / 101,29.9 / 101
18036,UT,Yellow,M,66,57.0,75.2,98,28.5,28.5,28.5,98,28.5,98,37.6,37.6,28.5 / 98,28.5 / 98
18036,UT,White,F,66,68.8,99.6,131,34.4,34.4,34.4,131,34.4,131,49.8,49.8,34.4 / 131,34.4 / 131
18036,UT,Green,F,66,65.4,95.0,126,32.7,32.7,32.7,126,32.7,126,47.5,47.5,32.7 / 126,32.7 / 126
18036,UT,Blue,F,66,62.2,89.4,115,31.1,31.1,31.1,115,31.1,115,44.7,44.7,31.1 / 115,31.1 / 115
18036,UT,Yellow,F,66,59.2,81.2,93,29.6,29.6,29.6,93,29.6,93,40.6,40.6,29.6 / 93,29.6 / 93
14105,UT,Black,M,72,73.7,98.5,134,36.6,37.1,36.6,127,37.1,140,48.4,50.1,36.6 / 127,37.1 / 140
14105,UT,Blue,M,72,71.5,95.4,129,35.5,36.0,35.5,122,36.0,136,46.8,48.6,35.5 / 122,36.0 / 136
14105,UT,White,M,72,69.8,92.4,122,34.6,35.2,34.6,117,35.2,126,45.5,46.9,34.6 / 117,35.2 / 126
14105,UT,Silver,M,72,66.9,89.0,119,33.4,33.5,33.4,116,33.5,122,44.3,44.7,33.4 / 116,33.5 / 122
14105,UT,Yellow,M,72,63.4,84.1,112,31.7,31.7,31.7,110,31.7,113,41.9,42.2,31.7 / 110,31.7 / 113
14105,UT,Black,F,72,80.6,115.1,147,39.7,40.9,39.7,145,40.9,148,56.8,58.3,39.7 / 145,40.9 / 148
14105,UT,Blue,F,72,77.8,110.9,141,38.2,39.6,38.2,140,39.6,141,54.7,56.2,38.2 / 140,39.6 / 141
14105,UT,White,F,72,75.5,107.4,136,37.2,38.3,37.2,135,38.3,136,53.1,54.3,37.2 / 135,38.3 / 136
14105,UT,Silver,F,72,72.4,102.9,130,35.8,36.6,35.8,130,36.6,129,51.1,51.8,35.8 / 130,36.6 / 129
14105,UT,Yellow,F,72,67.8,97.6,127,33.8,34.0,33.8,126,34.0,127,48.6,49.0,33.8 / 126,34.0 / 127
14079,UT,Black,M,72,75.9,102.9,146,37.7,38.2,37.7,142,38.2,149,50.9,52.0,37.7 / 142,38.2 / 149
14079,UT,Gold/Black Combo,M,72,74.8,101.4,143,37.2,37.6,37.2,140,37.6,146,50.2,51.2,37.2 / 140,37.6 / 146
14079,UT,Gold,M,72,74.0,100.2,141,36.8,37.2,36.8,138,37.2,144,49.6,50.6,36.8 / 138,37.2 / 144
14079,UT,White/Gold Combo,M,72,72.9,97.9,135,36.1,36.8,36.1,129,36.8,140,48.1,49.8,36.1 / 129,36.8 / 140
14079,UT,White,M,72,72.0,96.7,133,35.6,36.4,35.6,128,36.4,138,47.5,49.2,35.6 / 128,36.4 / 138
14079,UT,Green/White Combo,M,72,70.0,94.3,131,35.0,35.0,35.0,126,35.0,136,46.7,47.6,35.0 / 126,35.0 / 136
14079,UT,Green,M,72,69.1,93.0,129,34.6,34.5,34.6,123,34.5,135,46.0,47.0,34.6 / 123,34.5 / 135
14079,UT,Silver/Green Combo,M,72,67.4,90.5,124,33.7,33.7,33.7,119,33.7,129,44.8,45.7,33.7 / 119,33.7 / 129
14079,UT,Silver,M,72,65.7,87.4,117,32.7,33.0,32.7,112,33.0,122,43.1,44.3,32.7 / 112,33.0 / 122
14079,UT,Bronze/Silver Combo,M,72,62.8,83.6,112,31.4,31.4,31.4,111,31.4,113,41.7,41.9,31.4 / 111,31.4 / 113
14079,UT,Bronze,M,72,61.2,80.4,103,30.7,30.5,30.7,102,30.5,104,40.2,40.2,30.7 / 102,30.5 / 104
14079,UT,White,F,72,78.1,113.1,149,38.6,39.5,38.6,146,39.5,151,55.8,57.3,38.6 / 146,39.5 / 151
14079,UT,Green/White Combo,F,72,76.0,109.9,144,38.1,37.9,38.1,143,37.9,144,55.0,54.9,38.1 / 143,37.9 / 144
14079,UT,Green,F,72,75.0,108.4,142,37.5,37.5,37.5,141,37.5,142,54.1,54.3,37.5 / 141,37.5 / 142
14079,UT,Silver/Green Combo,F,72,73.2,105.6,138,36.6,36.6,36.6,137,36.6,138,52.7,52.9,36.6 / 137,36.6 / 138
14079,UT,Silver,F,72,71.0,102.3,133,35.4,35.6,35.4,131,35.6,134,50.9,51.4,35.4 / 131,35.6 / 134
14079,UT,Bronze/Silver Combo,F,72,67.5,97.1,126,33.9,33.6,33.9,127,33.6,124,48.9,48.2,33.9 / 127,33.6 / 124
14079,UT,Bronze,F,72,64.6,92.1,117,32.7,31.9,32.7,118,31.9,115,46.6,45.5,32.7 / 118,31.9 / 115
14074,UT,Blue (Lake),M,72,71.3,95.0,128,35.6,35.7,35.6,125,35.7,130,47.2,47.8,35.6 / 125,35.7 / 130
14074,UT,Blue/White Combo (Lake),M,72,69.9,92.7,123,34.8,35.1,34.8,122,35.1,124,46.1,46.6,34.8 / 122,35.1 / 124
14074,UT,White (Lake),M,72,68.9,91.4,121,34.3,34.6,34.3,119,34.6,123,45.4,46.0,34.3 / 119,34.6 / 123
14074,UT,White/Red Combo (Lake),M,72,66.7,87.3,111,33.0,33.7,33.0,110,33.7,112,43.2,44.1,33.0 / 110,33.7 / 112
14074,UT,Red (Lake),M,72,64.3,83.8,105,31.4,32.9,31.4,103,32.9,107,41.0,42.8,31.4 / 103,32.9 / 107
14074,UT,Yellow,M,72,63.2,82.0,101,31.1,32.1,31.1,99,32.1,103,40.3,41.7,31.1 / 99,32.1 / 103
14074,UT,White (Lake),F,72,74.2,107.6,142,36.9,37.3,36.9,143,37.3,140,53.8,53.8,36.9 / 143,37.3 / 140
14074,UT,White/Red Combo (Lake),F,72,71.3,102.6,133,35.0,36.3,35.0,133,36.3,132,50.7,51.9,35.0 / 133,36.3 / 132
14074,UT,Red (Lake),F,72,69.3,98.4,124,34.0,35.3,34.0,117,35.3,130,47.8,50.6,34.0 / 117,35.3 / 130
14074,UT,Yellow,F,72,67.7,94.0,112,33.6,34.1,33.6,109,34.1,114,46.4,47.6,33.6 / 109,34.1 / 114
14073,UT,Blue (Mtn),M,71,69.5,93.1,127,34.5,35.0,34.5,125,35.0,129,46.1,47.0,34.5 / 125,35.0 / 129
14073,UT,Blue/White Combo (Mtn),M,71,67.9,90.6,122,33.6,34.3,33.6,119,34.3,125,44.7,45.9,33.6 / 119,34.3 / 125
14073,UT,White (Mtn),M,71,66.7,88.7,119,33.1,33.6,33.1,114,33.6,123,43.7,45.0,33.1 / 114,33.6 / 123
14073,UT,White/Red Combo (Mtn),M,71,65.1,86.5,115,32.3,32.8,32.3,113,32.8,117,42.8,43.7,32.3 / 113,32.8 / 117
14073,UT,Red (Mtn),M,71,62.9,83.2,110,31.8,31.1,31.8,111,31.1,108,42.1,41.1,31.8 / 111,31.1 / 108
14073,UT,White (Mtn),F,71,71.7,102.6,131,35.7,36.0,35.7,127,36.0,135,50.7,51.9,35.7 / 127,36.0 / 135
14073,UT,White/Red Combo (Mtn),F,71,69.6,99.7,128,34.6,35.0,34.6,124,35.0,131,49.2,50.5,34.6 / 124,35.0 / 131
14073,UT,Red (Mtn),F,71,67.3,95.3,119,34.0,33.3,34.0,121,33.3,116,48.3,47.0,34.0 / 121,33.3 / 116
34763,UT,The Peaks,M,72,77.0,105.9,153,38.2,38.8,38.2,150,38.8,155,52.1,53.8,38.2 / 150,38.8 / 155
34763,UT,Black Double Diamond,M,72,74.7,102.6,150,37.0,37.7,37.0,144,37.7,155,50.4,52.2,37.0 / 144,37.7 / 155
34763,UT,The Ranch Tees,M,72,73.6,101.3,149,36.9,36.7,36.9,145,36.7,153,50.4,50.9,36.9 / 145,36.7 / 153
34763,UT,Ranch,M,72,73.4,101.0,149,36.7,36.7,36.7,144,36.7,153,50.1,50.9,36.7 / 144,36.7 / 153
34763,UT,Black Diamond/Black Double Diamond Combo,M,72,72.7,100.0,147,36.2,36.5,36.2,142,36.5,152,49.4,50.6,36.2 / 142,36.5 / 152
34763,UT,AOK Tees,M,72,72.2,97.6,137,36.5,35.7,36.5,138,35.7,136,49.3,48.3,36.5 / 138,35.7 / 136
34763,UT,Sun Devil Tees,M,72,71.7,98.0,142,35.7,36.0,35.7,133,36.0,150,48.1,49.9,35.7 / 133,36.0 / 150
34763,UT,Black Diamond,M,72,71.5,98.3,145,35.6,35.9,35.6,139,35.9,150,48.5,49.8,35.6 / 139,35.9 / 150
34763,UT,Blue/Black Diamond Combo,M,72,70.3,95.8,137,34.7,35.6,34.7,129,35.6,145,46.7,49.1,34.7 / 129,35.6 / 145
34763,UT,Blue,M,72,69.1,92.7,127,34.0,35.1,34.0,123,35.1,131,45.4,47.3,34.0 / 123,35.1 / 131
34763,UT,Green/Blue Combo,M,72,67.3,89.4,119,32.9,34.4,32.9,112,34.4,126,43.3,46.1,32.9 / 112,34.4 / 126
34763,UT,Green,M,72,64.9,85.8,113,31.8,33.1,31.8,109,33.1,116,41.9,43.9,31.8 / 109,33.1 / 116
34763,UT,The Peaks M Nine-Hole (4-12) (copy),M,37,40.2,55.0,155,40.2,,40.2,155,,,55.0,,40.2 / 155,/
34763,UT,Double Black Diamond M Nine-Hole (4-12) (copy),M,37,39.1,53.4,154,39.1,,39.1,154,,,53.4,,39.1 / 154,/
34763,UT,Double/Single Black Diamond M Nine-Hole (4-12) (copy),M,37,37.7,51.5,149,37.7,,37.7,149,,,51.5,,37.7 / 149,/
34763,UT,Black Diamond M Nine-Hole (4-12) (copy),M,37,37.4,51.1,147,37.4,,37.4,147,,,51.1,,37.4 / 147,/
34763,UT,"The Peaks M Nine-Hole (1-3,13-18)",M,35,36.8,50.9,152,36.8,,36.8,152,,,50.9,,36.8 / 152,/
34763,UT,Black Diamond/Blue M Nine-Hole (4-12) (copy),M,37,36.7,49.7,140,36.7,,36.7,140,,,49.7,,36.7 / 140,/
34763,UT,Blue M Nine-Hole (4-12) (copy),M,37,36.1,48.1,129,36.1,,36.1,129,,,48.1,,36.1 / 129,/
34763,UT,"Double Black Diamond M Nine-Hole (1-3,13-18)",M,35,35.6,49.3,147,35.6,,35.6,147,,,49.3,,35.6 / 147,/
34763,UT,Blue/Green M Nine-Hole (4-12) (copy) (copy),M,37,34.6,45.8,121,34.6,,34.6,121,,,45.8,,34.6 / 121,/
34763,UT,"Black Diamond M Nine-Hole (1-3,13-18)",M,35,34.2,47.3,141,34.2,,34.2,141,,,47.3,,34.2 / 141,/
34763,UT,Green M Nine-Hole (4-12) (copy),M,37,34.2,45.2,118,34.2,,34.2,118,,,45.2,,34.2 / 118,/
34763,UT,"Blue M Nine-Hole (1-3,13-18)",M,35,33.0,44.6,125,33.0,,33.0,125,,,44.6,,33.0 / 125,/
34763,UT,"Green M Nine-Hole (1-3,13-18)",M,35,31.0,40.9,107,31.0,,31.0,107,,,40.9,,31.0 / 107,/
34763,UT,Black Diamond,F,72,77.6,114.4,153,38.7,38.9,38.7,151,38.9,155,56.5,57.9,38.7 / 151,38.9 / 155
34763,UT,Blue/Black Diamond Combo,F,72,76.1,112.1,151,37.6,38.5,37.6,147,38.5,155,54.9,57.2,37.6 / 147,38.5 / 155
34763,UT,Blue,F,72,73.9,108.8,148,36.5,37.4,36.5,142,37.4,153,53.3,55.5,36.5 / 142,37.4 / 153
34763,UT,Green/Blue Combo,F,72,71.7,104.6,140,35.1,36.6,35.1,131,36.6,148,50.6,54.0,35.1 / 131,36.6 / 148
34763,UT,Green,F,72,69.0,98.9,127,33.9,35.1,33.9,121,35.1,132,48.2,50.7,33.9 / 121,35.1 / 132
34763,UT,Black Diamond W Nine-Hole (4-12) (copy),F,37,40.7,59.8,155,40.7,,40.7,155,,,59.8,,40.7 / 155,/
34763,UT,Black Diamond/Blue W Nine-Hole (4-12) (copy) (copy),F,37,39.9,58.5,155,39.9,,39.9,155,,,58.5,,39.9 / 155,/
34763,UT,Blue W Nine-Hole (4-12) (copy),F,37,38.6,56.7,153,38.6,,38.6,153,,,56.7,,38.6 / 153,/
34763,UT,Blue/Green W Nine-Hole (4-12) (copy) (copy),F,37,37.0,53.4,139,37.0,,37.0,139,,,53.4,,37.0 / 139,/
34763,UT,Green W Nine-Hole (4-12) (copy),F,37,36.8,52.1,130,36.8,,36.8,130,,,52.1,,36.8 / 130,/
34763,UT,"Black Diamond W Nine-Hole (1-3,13-18)",F,35,36.7,54.5,151,36.7,,36.7,151,,,54.5,,36.7 / 151,/
34763,UT,"Blue W Nine-Hole (1-3,13-18)",F,35,35.2,52.2,144,35.2,,35.2,144,,,52.2,,35.2 / 144,/
34763,UT,"Green W Nine-Hole (1-3,13-18)",F,35,32.3,46.8,123,32.3,,32.3,123,,,46.8,,32.3 / 123,/
14126,UT,Black,M,72,73.5,99.8,142,36.6,36.9,36.6,140,36.9,143,49.6,50.2,36.6 / 140,36.9 / 143
14126,UT,Black/Blue Combo,M,72,72.4,98.2,139,36.0,36.4,36.0,138,36.4,140,48.8,49.4,36.0 / 138,36.4 / 140
14126,UT,Blue,M,72,71.1,96.4,137,35.5,35.6,35.5,135,35.6,138,48.0,48.4,35.5 / 135,35.6 / 138
14126,UT,Blue/White Combo,M,72,70.5,95.0,132,35.2,35.3,35.2,131,35.3,132,47.4,47.6,35.2 / 131,35.3 / 132
14126,UT,White,M,72,69.1,92.7,127,34.5,34.6,34.5,126,34.6,128,46.2,46.5,34.5 / 126,34.6 / 128
14126,UT,White/Green Combo,M,72,68.1,90.9,123,34.1,34.0,34.1,122,34.0,124,45.4,45.5,34.1 / 122,34.0 / 124
14126,UT,Green,M,72,66.6,88.2,116,33.5,33.1,33.5,116,33.1,116,44.3,43.9,33.5 / 116,33.1 / 116
14126,UT,Black,F,74,80.2,116.1,151,39.7,40.5,39.7,146,40.5,155,56.9,59.2,39.7 / 146,40.5 / 155
14126,UT,Black/Blue Combo,F,74,78.8,114.1,149,39.0,39.8,39.0,143,39.8,155,55.9,58.2,39.0 / 143,39.8 / 155
14126,UT,Blue,F,74,77.1,111.6,147,38.2,38.9,38.2,141,38.9,152,54.8,56.8,38.2 / 141,38.9 / 152
14126,UT,Blue/White Combo,F,74,75.9,109.7,143,37.8,38.1,37.8,138,38.1,148,54.1,55.6,37.8 / 138,38.1 / 148
14126,UT,White,F,74,74.3,107.3,140,36.9,37.4,36.9,135,37.4,145,52.8,54.5,36.9 / 135,37.4 / 145
14126,UT,Green/White Combo,F,74,73.2,105.5,137,36.5,36.7,36.5,133,36.7,141,52.2,53.3,36.5 / 133,36.7 / 141
14126,UT,Green,F,74,71.3,102.5,133,35.6,35.7,35.6,131,35.7,134,51.0,51.5,35.6 / 131,35.7 / 134
34577,UT,Black,M,72,75.4,103.8,150,37.0,38.4,37.0,145,38.4,155,50.5,53.3,37.0 / 145,38.4 / 155
34577,UT,Black/Blue Combo,M,72,74.1,102.0,149,36.6,37.5,36.6,143,37.5,155,49.9,52.1,36.6 / 143,37.5 / 155
34577,UT,Blue,M,72,72.6,99.9,147,35.7,36.9,35.7,139,36.9,155,48.6,51.3,35.7 / 139,36.9 / 155
34577,UT,Blue/White Combo,M,72,70.3,96.0,138,34.3,36.0,34.3,131,36.0,145,46.5,49.5,34.3 / 131,36.0 / 145
34577,UT,White,M,72,68.2,92.7,132,33.3,34.9,33.3,129,34.9,135,45.3,47.4,33.3 / 129,34.9 / 135
34577,UT,White/Yellow Combo,M,72,65.3,88.2,124,32.0,33.3,32.0,121,33.3,126,43.2,45.0,32.0 / 121,33.3 / 126
34577,UT,Yellow,M,72,63.0,84.3,115,31.1,31.9,31.1,111,31.9,118,41.4,42.9,31.1 / 111,31.9 / 118
34577,UT,Blue,F,72,78.4,116.8,155,38.3,40.1,38.3,155,40.1,155,57.0,59.8,38.3 / 155,40.1 / 155
34577,UT,White,F,72,73.6,109.6,152,36.0,37.6,36.0,149,37.6,155,53.6,56.0,36.0 / 149,37.6 / 155
34577,UT,White/Yellow Combo,F,72,69.6,102.1,138,34.1,35.5,34.1,134,35.5,142,49.9,52.2,34.1 / 134,35.5 / 142
34577,UT,Yellow,F,72,66.7,95.6,123,32.8,33.9,32.8,120,33.9,125,47.0,48.6,32.8 / 120,33.9 / 125
14037,UT,Gold,M,71,72.9,98.7,139,36.8,36.1,36.8,143,36.1,135,50.1,48.6,36.8 / 143,36.1 / 135
14037,UT,Blue,M,71,70.8,96.1,136,35.5,35.3,35.5,139,35.3,133,48.4,47.7,35.5 / 139,35.3 / 133
14037,UT,White,M,71,69.6,94.3,133,34.8,34.8,34.8,135,34.8,131,47.3,47.0,34.8 / 135,34.8 / 131
14037,UT,Black,M,71,66.0,88.8,123,32.5,33.5,32.5,124,33.5,122,44.0,44.8,32.5 / 124,33.5 / 122
14037,UT,White,F,72,75.5,109.4,144,37.7,37.8,37.7,144,37.8,143,54.7,54.7,37.7 / 144,37.8 / 143
14037,UT,Black,F,72,71.3,103.2,136,35.3,36.0,35.3,134,36.0,137,51.1,52.1,35.3 / 134,36.0 / 137
14037,UT,Red,F,73,71.1,103.0,136,35.1,36.0,35.1,134,36.0,137,50.9,52.1,35.1 / 134,36.0 / 137
