course_id,state,tee_name,gender,par,course_rating,bogey_rating,slope_rating,rating_f9,rating_b9,front9_rating,front9_slope,back9_rating,back9_slope,bogey_f9,bogey_b9,front9_raw,back9_raw
13029,AZ,Championship,M,72,72.5,95.4,123,36.3,36.2,36.3,118,36.2,128,47.3,48.1,36.3 / 118,36.2 / 128
13029,AZ,Regular,M,72,69.2,91.3,119,34.7,34.5,34.7,117,34.5,121,45.6,45.7,34.7 / 117,34.5 / 121
13029,AZ,Forward,M,72,66.2,86.8,111,33.0,33.2,33.0,111,33.2,111,43.3,43.5,33.0 / 111,33.2 / 111
13029,AZ,Regular,F,73,75.7,107.2,134,38.3,37.4,38.3,135,37.4,132,54.2,53.0,38.3 / 135,37.4 / 132
13029,AZ,Forward,F,73,71.6,101.1,126,36.1,35.5,36.1,126,35.5,125,50.9,50.2,36.1 / 126,35.5 / 125
35040,AZ,Black,M,56,55.0,70.4,83,27.5,27.5,27.5,83,27.5,83,35.2,35.2,27.5 / 83,27.5 / 83
35040,AZ,White,M,56,53.8,68.6,80,26.9,26.9,26.9,80,26.9,80,34.3,34.3,26.9 / 80,26.9 / 80
35040,AZ,Red,M,56,52.0,66.4,77,26.0,26.0,26.0,77,26.0,77,33.2,33.2,26.0 / 77,26.0 / 77
35040,AZ,Black,F,56,56.6,77.0,86,28.3,28.3,28.3,86,28.3,86,38.5,38.5,28.3 / 86,28.3 / 86
35040,AZ,White,F,56,55.6,75.2,83,27.8,27.8,27.8,83,27.8,83,37.6,37.6,27.8 / 83,27.8 / 83
35040,AZ,Red,F,56,54.2,73.0,80,27.1,27.1,27.1,80,27.1,80,36.5,36.5,27.1 / 80,27.1 / 80
13276,AZ,Black,M,71,71.0,93.3,121,36.2,34.8,36.2,121,34.8,120,47.4,45.9,36.2 / 121,34.8 / 120
13276,AZ,White,M,71,68.4,89.9,116,34.8,33.6,34.8,116,33.6,115,45.6,44.3,34.8 / 116,33.6 / 115
13276,AZ,Gold,M,71,65.7,86.0,110,33.6,32.1,33.6,111,32.1,108,43.9,42.1,33.6 / 111,32.1 / 108
13276,AZ,Teal,M,71,63.7,83.2,105,32.4,31.3,32.4,105,31.3,104,42.2,41.0,32.4 / 105,31.3 / 104
13276,AZ,White,F,71,74.0,105.5,134,37.7,36.3,37.7,131,36.3,136,53.2,52.3,37.7 / 131,36.3 / 136
13276,AZ,Gold,F,71,71.5,100.4,123,36.9,34.6,36.9,121,34.6,124,51.2,49.2,36.9 / 121,34.6 / 124
13276,AZ,Red,F,71,68.9,96.7,118,35.1,33.8,35.1,115,33.8,120,48.7,48.0,35.1 / 115,33.8 / 120
13160,AZ,Tournament,M,72,73.6,97.8,130,36.8,36.8,36.8,131,36.8,129,49.0,48.8,36.8 / 131,36.8 / 129
13160,AZ,Black,M,72,72.8,96.5,128,36.4,36.4,36.4,128,36.4,127,48.3,48.2,36.4 / 128,36.4 / 127
13160,AZ,Silver,M,72,70.1,93.1,124,35.1,35.0,35.1,123,35.0,125,46.5,46.6,35.1 / 123,35.0 / 125
13160,AZ,Gold,M,72,68.2,89.4,114,33.9,34.3,33.9,113,34.3,115,44.4,45.0,33.9 / 113,34.3 / 115
13160,AZ,Red,M,72,65.7,85.8,109,32.7,33.0,32.7,108,33.0,109,42.7,43.1,32.7 / 108,33.0 / 109
13160,AZ,Gold,F,72,74.5,104.5,127,37.2,37.3,37.2,128,37.3,126,52.3,52.2,37.2 / 128,37.3 / 126
13160,AZ,Championship Format,F,72,72.0,100.6,121,36.2,35.8,36.2,122,35.8,120,50.6,50.0,36.2 / 122,35.8 / 120
13160,AZ,Red,F,72,71.4,99.8,121,35.7,35.7,35.7,122,35.7,119,50.1,49.7,35.7 / 122,35.7 / 119
35238,AZ,Black,M,27,26.0,32.8,73,26.0,,26.0,73,,,32.8,,26.0 / 73,/
35238,AZ,Gold,M,27,24.7,30.9,67,24.7,,24.7,67,,,30.9,,24.7 / 67,/
35238,AZ,Black,F,27,27.3,36.5,78,27.3,,27.3,78,,,36.5,,27.3 / 78,/
35238,AZ,Gold,F,27,26.1,34.8,74,26.1,,26.1,74,,,34.8,,26.1 / 74,/
13236,AZ,Blue,M,72,70.6,92.7,119,36.0,34.6,36.0,121,34.6,117,47.2,45.5,36.0 / 121,34.6 / 117
13236,AZ,White,M,72,68.1,89.3,114,34.5,33.6,34.5,118,33.6,110,45.5,43.8,34.5 / 118,33.6 / 110
13236,AZ,Red,M,72,65.5,85.3,107,33.1,32.4,33.1,110,32.4,103,43.3,42.0,33.1 / 110,32.4 / 103
13236,AZ,Yellow,M,72,61.2,78.9,96,30.7,30.5,30.7,97,30.5,94,39.7,39.2,30.7 / 97,30.5 / 94
13236,AZ,White,F,72,74.0,103.6,126,37.6,36.4,37.6,125,36.4,126,52.3,51.3,37.6 / 125,36.4 / 126
13236,AZ,Red,F,72,70.3,98.1,118,35.5,34.8,35.5,119,34.8,117,49.5,48.6,35.5 / 119,34.8 / 117
13236,AZ,Yellow,F,72,64.4,89.3,106,32.4,32.0,32.4,107,32.0,104,45.0,44.3,32.4 / 107,32.0 / 104
13077,AZ,Tips,M,72,76.5,102.9,142,38.3,38.2,38.3,140,38.2,144,51.3,51.6,38.3 / 140,38.2 / 144
13077,AZ,Black,M,72,75.2,100.8,138,37.5,37.7,37.5,135,37.7,141,50.0,50.8,37.5 / 135,37.7 / 141
13077,AZ,Gold,M,72,72.7,97.2,132,36.1,36.6,36.1,130,36.6,133,48.2,49.0,36.1 / 130,36.6 / 133
13077,AZ,Blue,M,72,71.2,95.2,129,35.5,35.7,35.5,129,35.7,129,47.5,47.7,35.5 / 129,35.7 / 129
13077,AZ,White,M,72,68.7,91.6,124,34.5,34.2,34.5,123,34.2,124,45.9,45.7,34.5 / 123,34.2 / 124
13077,AZ,White/Red,M,72,66.8,88.1,115,33.6,33.2,33.6,113,33.2,116,44.1,44.0,33.6 / 113,33.2 / 116
13077,AZ,Red,M,72,64.3,83.8,105,32.0,32.3,32.0,100,32.3,110,41.3,42.5,32.0 / 100,32.3 / 110
13077,AZ,Blue,F,72,78.1,113.2,149,38.8,39.3,38.8,151,39.3,147,56.6,56.6,38.8 / 151,39.3 / 147
13077,AZ,Women's Championship,F,72,76.0,109.3,141,37.9,38.1,37.9,139,38.1,143,54.3,55.0,37.9 / 139,38.1 / 143
13077,AZ,White,F,72,75.0,107.8,139,37.4,37.6,37.4,136,37.6,142,53.4,54.4,37.4 / 136,37.6 / 142
13077,AZ,White/Red,F,72,72.1,103.3,132,36.1,36.0,36.1,131,36.0,133,51.6,51.7,36.1 / 131,36.0 / 133
13077,AZ,Red,F,72,69.6,98.0,121,34.5,35.1,34.5,118,35.1,123,48.4,49.6,34.5 / 118,35.1 / 123
13038,AZ,Regular,M,70,64.2,83.4,103,32.1,32.1,32.1,103,32.1,103,41.7,41.7,32.1 / 103,32.1 / 103
13038,AZ,Forward,M,70,61.2,78.2,91,30.6,30.6,30.6,91,30.6,91,39.1,39.1,30.6 / 91,30.6 / 91
13038,AZ,Regular,F,70,68.8,97.4,121,34.4,34.4,34.4,121,34.4,121,48.7,48.7,34.4 / 121,34.4 / 121
13038,AZ,Forward,F,70,64.4,91.4,114,32.2,32.2,32.2,114,32.2,114,45.7,45.7,32.2 / 114,32.2 / 114
13295,AZ,Gold,M,72,73.9,98.9,135,36.9,37.0,36.9,135,37.0,135,49.4,49.5,36.9 / 135,37.0 / 135
13295,AZ,Tournament,M,72,72.9,97.6,133,36.3,36.6,36.3,132,36.6,133,48.6,49.0,36.3 / 132,36.6 / 133
13295,AZ,Blue,M,72,71.8,96.1,131,35.7,36.1,35.7,130,36.1,131,47.8,48.3,35.7 / 130,36.1 / 131
13295,AZ,Champions,M,72,70.8,94.5,128,35.4,35.4,35.4,127,35.4,128,47.2,47.3,35.4 / 127,35.4 / 128
13295,AZ,White,M,72,69.5,92.6,125,34.6,34.9,34.6,124,34.9,125,46.1,46.5,34.6 / 124,34.9 / 125
13295,AZ,White/Black,M,72,68.7,91.2,122,34.4,34.3,34.4,122,34.3,121,45.7,45.5,34.4 / 122,34.3 / 121
13295,AZ,Black,M,72,68.1,90.5,121,34.0,34.1,34.0,121,34.1,121,45.2,45.3,34.0 / 121,34.1 / 121
13295,AZ,Black/Red,M,72,67.9,90.2,120,34.0,33.9,34.0,121,33.9,119,45.2,45.0,34.0 / 121,33.9 / 119
13295,AZ,Red,M,72,66.7,88.8,119,33.3,33.4,33.3,118,33.4,119,44.3,44.5,33.3 / 118,33.4 / 119
13295,AZ,Red/Yellow,M,72,63.8,84.8,113,31.8,32.0,31.8,113,32.0,113,42.3,42.5,31.8 / 113,32.0 / 113
13295,AZ,Yellow,M,72,62.3,82.0,106,31.0,31.3,31.0,105,31.3,107,40.8,41.2,31.0 / 105,31.3 / 107
13295,AZ,Blue,F,72,78.1,111.1,140,39.0,39.1,39.0,138,39.1,142,55.3,55.8,39.0 / 138,39.1 / 142
13295,AZ,Champions,F,72,76.6,108.3,135,38.4,38.2,38.4,133,38.2,136,54.1,54.2,38.4 / 133,38.2 / 136
13295,AZ,White,F,72,75.3,106.2,131,37.7,37.6,37.7,129,37.6,133,52.9,53.3,37.7 / 129,37.6 / 133
13295,AZ,White/Black,F,72,73.8,104.4,130,37.1,36.7,37.1,128,36.7,131,52.2,52.2,37.1 / 128,36.7 / 131
13295,AZ,Black,F,72,72.9,102.9,128,36.5,36.4,36.5,126,36.4,129,51.3,51.6,36.5 / 126,36.4 / 129
13295,AZ,Black/Red,F,72,72.6,102.3,126,36.4,36.2,36.4,125,36.2,127,51.1,51.2,36.4 / 125,36.2 / 127
13295,AZ,Red,F,72,71.6,100.7,124,35.8,35.8,35.8,122,35.8,125,50.2,50.5,35.8 / 122,35.8 / 125
13295,AZ,Red/Yellow,F,72,67.4,95.8,121,33.6,33.8,33.6,119,33.8,122,47.6,48.2,33.6 / 119,33.8 / 122
13295,AZ,Yellow,F,72,66.0,92.4,112,32.7,33.3,32.7,110,33.3,114,45.7,46.7,32.7 / 110,33.3 / 114
13082,AZ,Gold/Professional,M,72,73.3,99.5,141,37.0,36.3,37.0,142,36.3,140,50.2,49.3,37.0 / 142,36.3 / 140
13082,AZ,Players,M,72,72.1,97.3,136,36.1,36.0,36.1,136,36.0,136,48.7,48.6,36.1 / 136,36.0 / 136
13082,AZ,Green/Champ,M,72,70.7,95.5,134,35.4,35.3,35.4,134,35.3,134,47.8,47.7,35.4 / 134,35.3 / 134
13082,AZ,Green/White Combo,M,72,69.6,94.0,131,35.0,34.6,35.0,131,34.6,131,47.2,46.8,35.0 / 131,34.6 / 131
13082,AZ,White/Back,M,72,68.6,92.1,127,34.6,34.0,34.6,128,34.0,125,46.5,45.6,34.6 / 128,34.0 / 125
13082,AZ,Black/White,M,72,67.2,90.1,124,33.8,33.4,33.8,124,33.4,123,45.3,44.8,33.8 / 124,33.4 / 123
13082,AZ,Black/Middle,M,72,65.6,87.8,120,33.2,32.4,33.2,121,32.4,118,44.4,43.4,33.2 / 121,32.4 / 118
13082,AZ,White/Back,F,72,73.5,105.0,134,37.0,36.5,37.0,131,36.5,136,52.5,52.5,37.0 / 131,36.5 / 136
13082,AZ,Black/White,F,72,71.3,100.9,126,36.0,35.3,36.0,124,35.3,127,50.6,50.3,36.0 / 124,35.3 / 127
13082,AZ,Black/Middle,F,72,70.0,98.2,120,35.4,34.6,35.4,122,34.6,117,49.8,48.4,35.4 / 122,34.6 / 117
13082,AZ,Black/Silver,F,72,68.6,95.4,114,35.0,33.6,35.0,115,33.6,112,48.6,46.8,35.0 / 115,33.6 / 112
13082,AZ,Silver/Forward,F,72,65.8,91.3,109,33.9,31.9,33.9,114,31.9,103,47.3,44.0,33.9 / 114,31.9 / 103
13127,AZ,Black,M,72,71.6,95.4,128,36.2,35.4,36.2,129,35.4,127,48.2,47.2,36.2 / 129,35.4 / 127
13127,AZ,Gold,M,72,70.5,93.7,125,35.7,34.8,35.7,125,34.8,125,47.3,46.4,35.7 / 125,34.8 / 125
13127,AZ,Gold/Silver,M,72,69.2,91.4,120,34.9,34.3,34.9,118,34.3,121,45.9,45.5,34.9 / 118,34.3 / 121
13127,AZ,Tour,M,72,69.0,91.1,119,34.4,34.6,34.4,119,34.6,118,45.5,45.6,34.4 / 119,34.6 / 118
13127,AZ,Silver,M,72,68.3,90.3,118,34.4,33.9,34.4,117,33.9,119,45.3,45.0,34.4 / 117,33.9 / 119
13127,AZ,Silver,F,72,73.1,103.9,131,36.6,36.5,36.6,130,36.5,131,51.9,52.0,36.6 / 130,36.5 / 131
13128,AZ,Black,M,72,71.8,94.4,122,35.4,36.4,35.4,121,36.4,123,46.6,47.8,35.4 / 121,36.4 / 123
13128,AZ,Gold,M,72,69.3,90.6,115,34.3,35.0,34.3,110,35.0,119,44.5,46.1,34.3 / 110,35.0 / 119
13128,AZ,Silver,M,72,67.9,88.2,110,33.5,34.4,33.5,109,34.4,110,43.6,44.6,33.5 / 109,34.4 / 110
13128,AZ,Tour,M,72,67.5,87.8,109,33.6,33.9,33.6,104,33.9,114,43.3,44.5,33.6 / 104,33.9 / 114
13128,AZ,Silver/White,M,72,66.6,86.4,107,32.9,33.7,32.9,105,33.7,108,42.7,43.7,32.9 / 105,33.7 / 108
13128,AZ,White,M,72,65.8,85.2,105,32.6,33.2,32.6,101,33.2,108,42.0,43.2,32.6 / 101,33.2 / 108
13128,AZ,Silver,F,72,72.8,103.7,131,35.6,37.2,35.6,128,37.2,134,50.7,53.0,35.6 / 128,37.2 / 134
13128,AZ,Silver/White,F,72,71.4,100.8,125,35.4,36.0,35.4,124,36.0,126,50.0,50.8,35.4 / 124,36.0 / 126
13128,AZ,White,F,72,70.3,98.8,121,35.2,35.1,35.2,120,35.1,122,49.3,49.5,35.2 / 120,35.1 / 122
13121,AZ,Rocks,M,72,74.8,101.8,146,37.3,37.5,37.3,149,37.5,142,51.1,50.7,37.3 / 149,37.5 / 142
13121,AZ,Black,M,72,72.5,97.8,137,36.0,36.5,36.0,138,36.5,135,48.8,49.0,36.0 / 138,36.5 / 135
13121,AZ,Blue,M,72,71.3,96.4,135,35.6,35.7,35.6,138,35.7,132,48.4,48.0,35.6 / 138,35.7 / 132
13121,AZ,White,M,72,69.9,94.1,130,35.1,34.8,35.1,132,34.8,128,47.4,46.7,35.1 / 132,34.8 / 128
13121,AZ,W/G Combo,M,72,68.6,91.8,125,34.5,34.1,34.5,128,34.1,122,46.4,45.4,34.5 / 128,34.1 / 122
13121,AZ,Green,M,72,67.4,90.1,122,33.7,33.7,33.7,125,33.7,119,45.3,44.8,33.7 / 125,33.7 / 119
13121,AZ,Red,M,72,66.1,87.6,116,32.9,33.2,32.9,117,33.2,114,43.8,43.8,32.9 / 117,33.2 / 114
13121,AZ,Gold,M,72,64.8,85.7,113,32.1,32.7,32.1,113,32.7,112,42.6,43.1,32.1 / 113,32.7 / 112
13121,AZ,Cactus,M,72,59.4,78.0,100,29.7,29.7,29.7,101,29.7,99,39.1,38.9,29.7 / 101,29.7 / 99
13121,AZ,Blue,F,72,77.8,112.2,146,38.5,39.3,38.5,148,39.3,143,56.0,56.2,38.5 / 148,39.3 / 143
13121,AZ,White,F,72,75.9,109.0,140,37.6,38.3,37.6,143,38.3,137,54.5,54.5,37.6 / 143,38.3 / 137
13121,AZ,Green,F,72,73.0,104.3,133,36.4,36.6,36.4,134,36.6,131,52.2,52.1,36.4 / 134,36.6 / 131
13121,AZ,Red,F,72,71.3,100.7,125,35.5,35.8,35.5,122,35.8,127,49.9,50.8,35.5 / 122,35.8 / 127
13121,AZ,Gold,F,72,69.5,97.4,119,34.5,35.0,34.5,118,35.0,119,48.4,49.0,34.5 / 118,35.0 / 119
13121,AZ,Cactus,F,72,61.8,86.4,105,30.9,30.9,30.9,102,30.9,107,42.9,43.5,30.9 / 102,30.9 / 107
13122,AZ,Rocks,M,72,74.9,101.0,141,37.5,37.4,37.5,144,37.4,137,50.9,50.1,37.5 / 144,37.4 / 137
13122,AZ,Black,M,72,72.6,98.4,139,36.3,36.3,36.3,142,36.3,136,49.5,48.9,36.3 / 142,36.3 / 136
13122,AZ,Blue,M,72,71.3,96.7,137,35.7,35.6,35.7,138,35.6,136,48.5,48.2,35.7 / 138,35.6 / 136
13122,AZ,White,M,72,69.6,93.7,130,34.6,35.0,34.6,129,35.0,130,46.6,47.1,34.6 / 129,35.0 / 130
13122,AZ,W/G Combo,M,72,68.0,91.3,126,33.7,34.3,33.7,124,34.3,127,45.2,46.1,33.7 / 124,34.3 / 127
13122,AZ,Green,M,72,67.1,90.0,124,33.4,33.7,33.4,124,33.7,123,44.9,45.1,33.4 / 124,33.7 / 123
13122,AZ,Red,M,72,65.8,87.3,116,32.6,33.2,32.6,116,33.2,115,43.4,43.9,32.6 / 116,33.2 / 115
13122,AZ,Cactus,M,72,59.7,78.6,102,29.8,29.9,29.8,102,29.9,101,39.3,39.3,29.8 / 102,29.9 / 101
13122,AZ,Blue,F,72,78.1,112.7,147,38.9,39.2,38.9,147,39.2,147,56.2,56.5,38.9 / 147,39.2 / 147
13122,AZ,White,F,72,76.3,110.1,143,37.7,38.6,37.7,142,38.6,144,54.5,55.6,37.7 / 142,38.6 / 144
13122,AZ,W/G Combo,F,72,74.7,106.7,136,36.8,37.9,36.8,137,37.9,135,52.9,53.8,36.8 / 137,37.9 / 135
13122,AZ,Green,F,72,73.2,103.8,130,36.4,36.8,36.4,129,36.8,131,51.6,52.2,36.4 / 129,36.8 / 131
13122,AZ,Red,F,72,70.8,100.1,125,35.1,35.7,35.1,126,35.7,123,49.9,50.2,35.1 / 126,35.7 / 123
13122,AZ,Cactus,F,72,61.6,86.1,104,30.6,31.0,30.6,105,31.0,103,43.0,43.1,30.6 / 105,31.0 / 103
13123,AZ,Black,M,71,71.0,93.4,121,35.4,35.6,35.4,121,35.6,121,46.6,46.8,35.4 / 121,35.6 / 121
13123,AZ,Blue,M,71,69.0,90.7,117,34.4,34.6,34.4,116,34.6,117,45.2,45.5,34.4 / 116,34.6 / 117
13123,AZ,White,M,71,67.3,88.6,115,33.6,33.7,33.6,114,33.7,115,44.2,44.4,33.6 / 114,33.7 / 115
13123,AZ,Silver,M,71,65.8,86.5,112,32.7,33.1,32.7,111,33.1,112,43.0,43.5,32.7 / 111,33.1 / 112
13123,AZ,Red,M,71,64.6,84.9,110,32.2,32.4,32.2,110,32.4,109,42.4,42.5,32.2 / 110,32.4 / 109
13123,AZ,White,F,71,73.2,102.0,123,36.3,36.9,36.3,116,36.9,129,50.0,52.0,36.3 / 116,36.9 / 129
13123,AZ,Red,F,71,68.1,93.8,109,33.5,34.6,33.5,109,34.6,109,46.3,47.5,33.5 / 109,34.6 / 109
13124,AZ,Blue,M,71,67.9,88.0,109,33.1,34.8,33.1,107,34.8,110,43.0,45.0,33.1 / 107,34.8 / 110
13124,AZ,White,M,71,66.3,86.0,106,32.1,34.2,32.1,103,34.2,109,41.7,44.3,32.1 / 103,34.2 / 109
13124,AZ,Gold,M,71,64.6,83.8,103,31.3,33.3,31.3,101,33.3,105,40.7,43.1,31.3 / 101,33.3 / 105
13124,AZ,Red,M,71,63.9,82.3,99,31.0,32.9,31.0,97,32.9,101,40.0,42.3,31.0 / 97,32.9 / 101
13124,AZ,White,F,71,72.0,99.1,115,34.8,37.2,34.8,110,37.2,120,47.8,51.3,34.8 / 110,37.2 / 120
13124,AZ,Gold,F,71,69.9,96.1,111,33.9,36.0,33.9,106,36.0,116,46.4,49.7,33.9 / 106,36.0 / 116
13124,AZ,Red,F,71,69.0,94.4,108,33.3,35.7,33.3,103,35.7,112,45.5,48.9,33.3 / 103,35.7 / 112
13124,AZ,Green,F,69,63.2,86.4,99,31.0,32.2,31.0,97,32.2,100,42.4,44.0,31.0 / 97,32.2 / 100
13271,AZ,Black,M,71,72.0,95.8,128,35.6,36.4,35.6,124,36.4,132,47.1,48.7,35.6 / 124,36.4 / 132
13271,AZ,Black/White,M,71,70.1,93.2,125,34.6,35.5,34.6,121,35.5,128,45.8,47.4,34.6 / 121,35.5 / 128
13271,AZ,White,M,71,68.8,91.2,121,34.0,34.8,34.0,117,34.8,124,44.9,46.3,34.0 / 117,34.8 / 124
13271,AZ,White/Copper Combo,M,71,67.1,89.0,118,33.1,34.0,33.1,115,34.0,121,43.8,45.2,33.1 / 115,34.0 / 121
13271,AZ,Copper,M,71,65.6,86.4,112,32.3,33.3,32.3,109,33.3,115,42.4,44.0,32.3 / 109,33.3 / 115
13271,AZ,Copper/Green Combo,M,70,62.9,82.5,106,31.3,31.6,31.3,104,31.6,107,41.0,41.5,31.3 / 104,31.6 / 107
13271,AZ,Green,M,71,61.6,80.6,102,30.6,31.0,30.6,100,31.0,104,39.9,40.7,30.6 / 100,31.0 / 104
13271,AZ,Green Alt #18,M,70,61.3,80.0,101,30.6,30.7,30.6,100,30.7,101,39.9,40.1,30.6 / 100,30.7 / 101
13271,AZ,Black,F,71,78.2,110.8,138,38.7,39.5,38.7,134,39.5,142,54.5,56.3,38.7 / 134,39.5 / 142
13271,AZ,Black/White,F,71,76.2,107.7,134,37.7,38.5,37.7,130,38.5,137,53.0,54.7,37.7 / 130,38.5 / 137
13271,AZ,White,F,71,74.5,105.4,131,36.8,37.7,36.8,132,37.7,130,52.4,53.0,36.8 / 132,37.7 / 130
13271,AZ,White/Copper Combo,F,71,72.6,102.4,127,35.9,36.7,35.9,123,36.7,130,50.4,52.0,35.9 / 123,36.7 / 130
13271,AZ,Copper,F,71,70.7,99.5,123,34.9,35.8,34.9,119,35.8,126,48.9,50.6,34.9 / 119,35.8 / 126
13271,AZ,Copper/Green Combo,F,71,67.3,93.8,113,33.5,33.8,33.5,110,33.8,116,46.4,47.4,33.5 / 110,33.8 / 116
13271,AZ,Copper/Green Combo Alt#18,F,70,66.9,92.8,112,33.5,33.4,33.5,110,33.4,114,46.4,46.9,33.5 / 110,33.4 / 114
13271,AZ,Green,F,71,64.9,89.9,106,32.3,32.6,32.3,104,32.6,108,44.6,45.3,32.3 / 104,32.6 / 108
13271,AZ,Green Alt #18,F,70,64.6,89.4,105,32.3,32.3,32.3,104,32.3,106,44.6,44.8,32.3 / 104,32.3 / 106
13272,AZ,Black,M,71,69.7,92.8,124,33.7,36.0,33.7,119,36.0,129,44.8,48.0,33.7 / 119,36.0 / 129
13272,AZ,White,M,71,67.2,88.6,116,32.9,34.3,32.9,110,34.3,121,43.1,45.5,32.9 / 110,34.3 / 121
13272,AZ,Copper,M,71,64.9,85.5,111,31.9,33.0,31.9,107,33.0,115,41.8,43.7,31.9 / 107,33.0 / 115
13272,AZ,Green,M,71,62.7,81.2,100,31.3,31.4,31.3,96,31.4,103,40.2,41.0,31.3 / 96,31.4 / 103
13272,AZ,White,F,71,72.7,102.9,129,35.3,37.4,35.3,126,37.4,131,50.1,52.8,35.3 / 126,37.4 / 131
13272,AZ,Copper,F,71,70.0,98.1,119,34.3,35.7,34.3,116,35.7,122,48.0,50.1,34.3 / 116,35.7 / 122
13272,AZ,Green,F,71,66.8,92.7,110,32.8,34.0,32.8,108,34.0,112,45.5,47.2,32.8 / 108,34.0 / 112
13266,AZ,Black,M,72,71.4,93.0,116,35.6,35.8,35.6,115,35.8,117,46.3,46.7,35.6 / 115,35.8 / 117
13266,AZ,Blue,M,72,69.5,89.7,109,34.7,34.8,34.7,108,34.8,110,44.7,45.0,34.7 / 108,34.8 / 110
13266,AZ,White,M,72,67.3,87.0,106,33.5,33.8,33.5,105,33.8,107,43.3,43.7,33.5 / 105,33.8 / 107
13266,AZ,Red,M,72,63.3,81.4,98,31.5,31.8,31.5,96,31.8,99,40.4,41.0,31.5 / 96,31.8 / 99
13266,AZ,Blue,F,72,75.0,103.4,121,37.3,37.7,37.3,119,37.7,122,51.3,52.1,37.3 / 119,37.7 / 122
13266,AZ,White,F,72,73.1,100.5,117,36.3,36.8,36.3,113,36.8,120,49.6,50.9,36.3 / 113,36.8 / 120
13266,AZ,Red,F,72,68.0,92.9,106,33.8,34.2,33.8,104,34.2,107,46.1,46.8,33.8 / 104,34.2 / 107
13311,AZ,Blue,M,72,71.5,95.3,128,35.0,36.5,35.0,125,36.5,131,46.6,48.7,35.0 / 125,36.5 / 131
13311,AZ,Blue/White,M,72,70.7,94.1,126,34.6,36.1,34.6,123,36.1,129,46.0,48.1,34.6 / 123,36.1 / 129
13311,AZ,White,M,72,69.6,92.4,123,34.1,35.5,34.1,118,35.5,127,45.1,47.3,34.1 / 118,35.5 / 127
13311,AZ,White/Green,M,72,68.6,90.9,120,33.7,34.9,33.7,115,34.9,125,44.4,46.5,33.7 / 115,34.9 / 125
13311,AZ,Green,M,72,67.4,89.3,118,33.1,34.3,33.1,113,34.3,123,43.6,45.7,33.1 / 113,34.3 / 123
13311,AZ,Red,M,72,65.3,86.2,113,32.3,33.0,32.3,109,33.0,116,42.4,43.8,32.3 / 109,33.0 / 116
13311,AZ,Junior,M,72,55.5,72.2,90,27.9,27.6,27.9,86,27.6,94,35.9,36.3,27.9 / 86,27.6 / 94
13311,AZ,White,F,72,75.5,107.3,135,36.9,38.6,36.9,131,38.6,138,52.4,54.9,36.9 / 131,38.6 / 138
13311,AZ,White/Green,F,72,74.4,105.4,132,36.6,37.8,36.6,130,37.8,133,51.9,53.5,36.6 / 130,37.8 / 133
13311,AZ,Green,F,72,73.5,104.1,130,36.2,37.3,36.2,126,37.3,134,51.0,53.1,36.2 / 126,37.3 / 134
13311,AZ,Green/Red,F,72,71.2,99.6,121,35.0,36.2,35.0,118,36.2,123,48.9,50.7,35.0 / 118,36.2 / 123
13311,AZ,Red,F,72,70.1,97.8,118,34.4,35.7,34.4,115,35.7,120,48.0,49.8,34.4 / 115,35.7 / 120
13311,AZ,Cactus,F,72,64.5,89.1,105,32.4,32.1,32.4,103,32.1,106,44.5,44.6,32.4 / 103,32.1 / 106
13095,AZ,Black,M,71,68.2,91.0,123,35.2,33.0,35.2,129,33.0,116,47.2,43.8,35.2 / 129,33.0 / 116
13095,AZ,Blue,M,71,66.9,88.5,117,34.5,32.4,34.5,122,32.4,111,45.8,42.7,34.5 / 122,32.4 / 111
13095,AZ,White,M,71,65.0,85.8,112,33.5,31.5,33.5,116,31.5,108,44.3,41.5,33.5 / 116,31.5 / 108
13095,AZ,White,F,71,69.9,99.4,125,36.0,33.9,36.0,132,33.9,118,51.6,47.8,36.0 / 132,33.9 / 118
13095,AZ,Red,F,69,67.0,92.9,110,33.8,33.2,33.8,113,33.2,107,47.1,45.8,33.8 / 113,33.2 / 107
13147,AZ,Black,M,71,71.4,96.8,137,34.2,37.2,34.2,133,37.2,140,46.6,50.2,34.2 / 133,37.2 / 140
13147,AZ,Black/Blue,M,71,70.1,95.0,134,34.3,35.8,34.3,133,35.8,135,46.7,48.3,34.3 / 133,35.8 / 135
13147,AZ,Blue,M,71,68.9,93.4,132,33.1,35.8,33.1,128,35.8,136,45.0,48.4,33.1 / 128,35.8 / 136
13147,AZ,Blue/White,M,71,67.3,90.9,127,33.2,34.1,33.2,126,34.1,128,44.9,46.0,33.2 / 126,34.1 / 128
13147,AZ,White,M,71,65.8,88.8,124,31.9,33.9,31.9,119,33.9,128,43.0,45.8,31.9 / 119,33.9 / 128
13147,AZ,White/Teal,M,71,63.2,84.5,115,30.9,32.3,30.9,111,32.3,118,41.2,43.3,30.9 / 111,32.3 / 118
13147,AZ,Teal,M,71,62.0,81.5,105,30.6,31.4,30.6,100,31.4,110,39.9,41.6,30.6 / 100,31.4 / 110
13147,AZ,Black,F,72,77.8,112.4,147,37.2,40.6,37.2,142,40.6,151,54.0,58.4,37.2 / 142,40.6 / 151
13147,AZ,Black/Blue,F,72,76.4,110.3,144,37.3,39.1,37.3,142,39.1,145,54.1,56.2,37.3 / 142,39.1 / 145
13147,AZ,Blue,F,72,75.0,108.4,142,36.0,39.0,36.0,137,39.0,146,52.2,56.2,36.0 / 137,39.0 / 146
13147,AZ,Blue/White,F,72,73.0,105.3,137,36.0,37.0,36.0,138,37.0,136,52.3,53.0,36.0 / 138,37.0 / 136
13147,AZ,White,F,72,71.1,102.1,132,34.5,36.6,34.5,128,36.6,135,49.6,52.5,34.5 / 128,36.6 / 135
13147,AZ,White/Teal,F,72,69.1,98.6,125,33.8,35.3,33.8,123,35.3,127,48.3,50.3,33.8 / 123,35.3 / 127
13147,AZ,Teal,F,72,67.2,95.1,118,33.1,34.1,33.1,116,34.1,120,46.8,48.3,33.1 / 116,34.1 / 120
13326,AZ,Tips,M,70,68.2,89.0,112,33.7,34.5,33.7,110,34.5,114,43.9,45.1,33.7 / 110,34.5 / 114
13326,AZ,Copper,M,70,67.5,87.9,110,33.5,34.0,33.5,108,34.0,112,43.5,44.4,33.5 / 108,34.0 / 112
13326,AZ,Copper/White,M,70,66.0,85.7,106,32.8,33.2,32.8,103,33.2,109,42.4,43.3,32.8 / 103,33.2 / 109
13326,AZ,White,M,70,64.9,84.0,103,32.2,32.7,32.2,99,32.7,107,41.4,42.6,32.2 / 99,32.7 / 107
13326,AZ,Yellow,M,70,63.3,81.8,100,31.5,31.8,31.5,96,31.8,103,40.4,41.4,31.5 / 96,31.8 / 103
13326,AZ,Red/Yellow Combo,M,70,61.6,79.0,94,30.7,30.9,30.7,90,30.9,97,39.1,39.9,30.7 / 90,30.9 / 97
13326,AZ,Red,M,70,60.4,77.3,91,30.2,30.2,30.2,87,30.2,95,38.3,39.0,30.2 / 87,30.2 / 95
13326,AZ,White,F,70,69.7,96.6,114,34.5,35.2,34.5,114,35.2,114,48.0,48.6,34.5 / 114,35.2 / 114
13326,AZ,Yellow,F,70,67.6,93.6,110,33.4,34.2,33.4,110,34.2,110,46.4,47.2,33.4 / 110,34.2 / 110
13326,AZ,Red/Yellow Combo,F,70,65.0,89.6,104,32.2,32.8,32.2,104,32.8,104,44.5,45.1,32.2 / 104,32.8 / 104
13326,AZ,Red,F,70,63.3,86.1,97,31.6,31.7,31.6,95,31.7,98,42.8,43.3,31.6 / 95,31.7 / 98
13257,AZ,Black,M,72,72.3,97.1,134,36.4,35.9,36.4,132,35.9,135,48.7,48.4,36.4 / 132,35.9 / 135
13257,AZ,Black/Blue,M,72,71.3,95.5,130,35.8,35.5,35.8,130,35.5,130,47.9,47.6,35.8 / 130,35.5 / 130
13257,AZ,Blue,M,72,70.4,94.0,127,35.4,35.0,35.4,126,35.0,128,47.1,46.9,35.4 / 126,35.0 / 128
13257,AZ,Blue/White,M,72,68.9,92.0,125,34.7,34.2,34.7,124,34.2,125,46.2,45.8,34.7 / 124,34.2 / 125
13257,AZ,White,M,72,67.3,90.0,123,34.0,33.3,34.0,123,33.3,122,45.4,44.6,34.0 / 123,33.3 / 122
13257,AZ,White/Gold,M,72,65.9,88.0,119,33.6,32.3,33.6,119,32.3,118,44.7,43.3,33.6 / 119,32.3 / 118
13257,AZ,Gold,M,72,64.8,86.3,116,33.0,31.8,33.0,116,31.8,115,43.8,42.5,33.0 / 116,31.8 / 115
13257,AZ,Gold/Green,M,72,63.0,83.2,109,31.8,31.2,31.8,109,31.2,109,41.9,41.3,31.8 / 109,31.2 / 109
13257,AZ,Green,M,72,61.3,80.7,104,30.8,30.5,30.8,104,30.5,104,40.5,40.2,30.8 / 104,30.5 / 104
13257,AZ,Blue,F,72,76.0,109.0,140,37.9,38.1,37.9,141,38.1,139,54.5,54.5,37.9 / 141,38.1 / 139
13257,AZ,Blue/White,F,72,73.8,105.7,136,36.8,37.0,36.8,137,37.0,134,52.9,52.8,36.8 / 137,37.0 / 134
13257,AZ,White,F,72,72.3,103.5,133,36.3,36.0,36.3,135,36.0,130,52.2,51.3,36.3 / 135,36.0 / 130
13257,AZ,White/Gold,F,72,70.7,101.1,129,35.8,34.9,35.8,132,34.9,126,51.4,49.7,35.8 / 132,34.9 / 126
13257,AZ,Gold,F,72,69.5,99.4,127,35.2,34.3,35.2,129,34.3,125,50.4,49.0,35.2 / 129,34.3 / 125
13257,AZ,Gold/Green,F,72,66.5,95.0,121,33.2,33.3,33.2,122,33.3,120,47.6,47.4,33.2 / 122,33.3 / 120
13257,AZ,Green,F,72,63.8,90.6,114,31.9,31.9,31.9,114,31.9,113,45.4,45.2,31.9 / 114,31.9 / 113
13172,AZ,Gold,M,61,58.7,75.4,90,29.0,29.7,29.0,88,29.7,91,37.2,38.2,29.0 / 88,29.7 / 91
13172,AZ,White,M,61,56.6,71.6,81,27.4,29.2,27.4,76,29.2,85,34.5,37.1,27.4 / 76,29.2 / 85
13172,AZ,Gold,F,61,59.8,82.8,98,29.1,30.7,29.1,92,30.7,103,40.0,42.8,29.1 / 92,30.7 / 103
13172,AZ,White,F,61,56.9,77.8,89,27.5,29.4,27.5,82,29.4,95,37.2,40.6,27.5 / 82,29.4 / 95
13172,AZ,Purple,F,61,53.8,72.2,78,25.9,27.9,25.9,72,27.9,84,34.4,37.8,25.9 / 72,27.9 / 84
13180,AZ,Gold,M,71,71.3,93.5,120,35.0,36.3,35.0,118,36.3,121,46.0,47.5,35.0 / 118,36.3 / 121
13180,AZ,Blue,M,71,69.2,90.3,114,33.9,35.3,33.9,113,35.3,114,44.4,45.9,33.9 / 113,35.3 / 114
13180,AZ,White,M,71,67.0,87.2,109,32.5,34.5,32.5,104,34.5,113,42.2,45.0,32.5 / 104,34.5 / 113
13180,AZ,White/Red Combo,M,71,64.5,83.2,101,31.2,33.3,31.2,95,33.3,107,40.0,43.2,31.2 / 95,33.3 / 107
13180,AZ,Red,M,71,62.3,79.7,94,30.8,31.5,30.8,89,31.5,98,39.1,40.6,30.8 / 89,31.5 / 98
13180,AZ,White,F,71,73.6,102.9,124,35.6,38.0,35.6,121,38.0,127,49.9,53.0,35.6 / 121,38.0 / 127
13180,AZ,White/Red Combo,F,71,69.9,97.5,117,34.1,35.8,34.1,114,35.8,120,47.5,50.0,34.1 / 114,35.8 / 120
13180,AZ,Red,F,71,67.5,93.0,109,33.1,34.4,33.1,108,34.4,109,45.8,47.2,33.1 / 108,34.4 / 109
13179,AZ,Blue,M,59,57.2,72.3,82,28.5,28.7,28.5,81,28.7,82,36.0,36.3,28.5 / 81,28.7 / 82
13179,AZ,Red,M,59,54.0,67.3,72,27.0,27.0,27.0,71,27.0,72,33.6,33.7,27.0 / 71,27.0 / 72
13179,AZ,Blue,F,59,59.1,79.4,86,29.4,29.7,29.4,83,29.7,89,39.2,40.2,29.4 / 83,29.7 / 89
13179,AZ,Red,F,59,55.8,74.7,81,27.9,27.9,27.9,81,27.9,80,37.4,37.3,27.9 / 81,27.9 / 80
13324,AZ,Black,M,59,58.6,76.1,95,29.1,29.5,29.1,93,29.5,96,37.7,38.4,29.1 / 93,29.5 / 96
13324,AZ,White,M,59,57.4,74.3,91,28.6,28.8,28.6,89,28.8,93,36.9,37.4,28.6 / 89,28.8 / 93
13324,AZ,Black,F,60,59.1,81.9,97,29.2,29.9,29.2,95,29.9,98,40.4,41.5,29.2 / 95,29.9 / 98
13324,AZ,White,F,60,58.0,79.9,93,29.1,28.9,29.1,91,28.9,95,39.8,40.1,29.1 / 91,28.9 / 95
13181,AZ,Black,M,71,72.4,98.1,138,37.1,35.3,37.1,144,35.3,132,50.5,47.6,37.1 / 144,35.3 / 132
13181,AZ,Gold,M,71,70.8,95.1,131,36.2,34.6,36.2,136,34.6,126,48.8,46.3,36.2 / 136,34.6 / 126
13181,AZ,Silver,M,71,69.2,92.3,125,35.5,33.7,35.5,128,33.7,121,47.4,44.9,35.5 / 128,33.7 / 121
13181,AZ,White,M,71,66.9,89.1,120,34.4,32.5,34.4,123,32.5,116,45.8,43.3,34.4 / 123,32.5 / 116
13181,AZ,Scarlet,M,71,65.0,86.4,115,33.2,31.8,33.2,118,31.8,112,44.2,42.2,33.2 / 118,31.8 / 112
13181,AZ,White,F,71,71.9,104.1,137,37.1,34.8,37.1,143,34.8,130,54.0,50.1,37.1 / 143,34.8 / 130
13181,AZ,Scarlet,F,71,69.7,100.1,129,35.7,34.0,35.7,136,34.0,122,51.7,48.4,35.7 / 136,34.0 / 122
13152,AZ,Green,M,71,70.2,93.3,125,35.9,34.3,35.9,127,34.3,122,47.7,45.6,35.9 / 127,34.3 / 122
13152,AZ,White,M,71,68.4,90.6,120,34.8,33.6,34.8,122,33.6,117,46.1,44.5,34.8 / 122,33.6 / 117
13152,AZ,Black,M,71,66.5,88.2,117,33.4,33.1,33.4,121,33.1,113,44.6,43.6,33.4 / 121,33.1 / 113
13152,AZ,Red,M,71,64.3,85.1,112,32.2,32.1,32.2,114,32.1,110,42.8,42.3,32.2 / 114,32.1 / 110
13152,AZ,Youth Tee,M,71,59.1,78.0,102,30.0,29.1,30.0,103,29.1,100,39.6,38.4,30.0 / 103,29.1 / 100
13152,AZ,Black,F,71,71.8,103.0,133,36.3,35.5,36.3,136,35.5,129,52.3,50.7,36.3 / 136,35.5 / 129
13152,AZ,Red,F,71,69.0,99.3,129,34.6,34.4,34.6,130,34.4,127,49.9,49.4,34.6 / 130,34.4 / 127
13152,AZ,Youth Tee,F,71,62.5,88.1,109,31.9,30.6,31.9,109,30.6,108,44.8,43.3,31.9 / 109,30.6 / 108
13145,AZ,Black,M,72,73.2,98.7,138,37.2,36.0,37.2,137,36.0,138,49.9,48.8,37.2 / 137,36.0 / 138
13145,AZ,Black/Blue,M,72,71.2,96.0,134,36.0,35.2,36.0,135,35.2,132,48.5,47.5,36.0 / 135,35.2 / 132
13145,AZ,Blue,M,72,69.6,93.6,129,35.3,34.3,35.3,130,34.3,128,47.4,46.2,35.3 / 130,34.3 / 128
13145,AZ,Blue/White,M,72,67.7,90.5,123,34.0,33.7,34.0,122,33.7,124,45.3,45.2,34.0 / 122,33.7 / 124
13145,AZ,White,M,72,65.9,87.8,118,33.3,32.6,33.3,118,32.6,117,44.3,43.5,33.3 / 118,32.6 / 117
13145,AZ,White/Red,M,72,63.6,84.1,111,32.0,31.6,32.0,113,31.6,108,42.5,41.6,32.0 / 113,31.6 / 108
13145,AZ,Red,M,72,62.3,82.0,106,31.4,30.9,31.4,109,30.9,103,41.5,40.5,31.4 / 109,30.9 / 103
13145,AZ,Blue,F,72,75.6,109.5,144,38.3,37.3,38.3,147,37.3,141,55.6,53.9,38.3 / 147,37.3 / 141
13145,AZ,Blue/White,F,72,73.4,106.1,139,36.8,36.6,36.8,140,36.6,137,53.3,52.8,36.8 / 140,36.6 / 137
13145,AZ,White,F,72,71.1,102.7,134,35.8,35.3,35.8,136,35.3,132,51.8,50.9,35.8 / 136,35.3 / 132
13145,AZ,White/Red,F,72,68.1,96.2,119,34.2,33.9,34.2,117,33.9,121,48.0,48.2,34.2 / 117,33.9 / 121
13145,AZ,Red,F,72,66.7,93.1,112,33.7,33.0,33.7,109,33.0,115,46.5,46.6,33.7 / 109,33.0 / 115
20791,AZ,Black,M,72,74.1,100.8,144,36.6,37.5,36.6,144,37.5,143,50.0,50.8,36.6 / 144,37.5 / 143
20791,AZ,Blue,M,72,73.0,99.3,142,35.9,37.1,35.9,141,37.1,142,49.0,50.3,35.9 / 141,37.1 / 142
20791,AZ,Blue/White,M,72,71.7,97.0,137,35.5,36.2,35.5,136,36.2,137,48.1,48.9,35.5 / 136,36.2 / 137
20791,AZ,White,M,72,70.4,95.3,134,34.9,35.5,34.9,135,35.5,133,47.4,47.9,34.9 / 135,35.5 / 133
20791,AZ,White/Copper,M,72,69.2,92.6,126,34.6,34.6,34.6,124,34.6,128,46.1,46.5,34.6 / 124,34.6 / 128
20791,AZ,Copper,M,72,68.4,90.8,121,34.1,34.3,34.1,118,34.3,123,45.1,45.7,34.1 / 118,34.3 / 123
20791,AZ,Gold,M,72,65.3,86.6,115,32.5,32.8,32.5,113,32.8,116,43.0,43.6,32.5 / 113,32.8 / 116
20791,AZ,White,F,73,76.3,108.3,136,37.9,38.4,37.9,137,38.4,135,54.0,54.3,37.9 / 137,38.4 / 135
20791,AZ,Copper,F,72,73.7,104.6,131,36.5,37.2,36.5,131,37.2,131,52.0,52.6,36.5 / 131,37.2 / 131
20791,AZ,Gold,F,72,70.5,98.1,117,35.0,35.5,35.0,117,35.5,117,48.8,49.3,35.0 / 117,35.5 / 117
20791,AZ,Gold/Red Combo,F,72,69.6,96.3,113,34.9,34.7,34.9,114,34.7,112,48.4,47.9,34.9 / 114,34.7 / 112
20791,AZ,Red,F,72,68.6,94.9,112,34.5,34.1,34.5,114,34.1,109,48.0,46.9,34.5 / 114,34.1 / 109
20792,AZ,Black,M,72,72.4,98.5,141,35.8,36.6,35.8,137,36.6,144,48.5,50.0,35.8 / 137,36.6 / 144
20792,AZ,Blue,M,72,71.4,97.0,138,35.5,35.9,35.5,135,35.9,141,48.0,49.0,35.5 / 135,35.9 / 141
20792,AZ,Blue/White,M,72,70.4,95.2,134,34.9,35.5,34.9,131,35.5,136,47.1,48.1,34.9 / 131,35.5 / 136
20792,AZ,White,M,72,69.5,93.9,132,34.6,34.9,34.6,128,34.9,135,46.5,47.4,34.6 / 128,34.9 / 135
20792,AZ,White/Copper,M,72,69.0,92.0,124,34.4,34.6,34.4,124,34.6,124,45.9,46.1,34.4 / 124,34.6 / 124
20792,AZ,Copper,M,72,68.1,90.4,120,34.0,34.1,34.0,122,34.1,118,45.3,45.1,34.0 / 122,34.1 / 118
20792,AZ,Gold,M,72,65.7,86.9,114,33.2,32.5,33.2,115,32.5,113,43.9,43.0,33.2 / 115,32.5 / 113
20792,AZ,White,F,72,75.8,107.8,136,37.8,38.0,37.8,136,38.0,136,53.8,54.0,37.8 / 136,38.0 / 136
20792,AZ,Copper,F,72,73.2,104.8,134,36.7,36.5,36.7,137,36.5,131,52.9,51.9,36.7 / 137,36.5 / 131
20792,AZ,Gold,F,72,70.7,99.9,124,35.7,35.0,35.7,131,35.0,117,51.1,48.8,35.7 / 131,35.0 / 117
20792,AZ,Gold/Red,F,72,69.7,97.2,118,34.8,34.9,34.8,119,34.9,116,48.7,48.5,34.8 / 119,34.9 / 116
20792,AZ,Red,F,72,69.1,96.4,116,34.6,34.5,34.6,118,34.5,114,48.5,47.9,34.6 / 118,34.5 / 114
20793,AZ,Black,M,71,73.5,100.1,143,36.0,37.5,36.0,143,37.5,143,49.3,50.8,36.0 / 143,37.5 / 143
20793,AZ,Blue,M,71,73.0,99.5,143,35.9,37.1,35.9,143,37.1,142,49.2,50.3,35.9 / 143,37.1 / 142
20793,AZ,Blue/White,M,71,71.5,96.9,137,35.3,36.2,35.3,137,36.2,137,48.0,48.9,35.3 / 137,36.2 / 137
20793,AZ,White,M,71,70.5,95.4,134,35.0,35.5,35.0,135,35.5,133,47.5,47.9,35.0 / 135,35.5 / 133
20793,AZ,White/Copper,M,71,68.7,92.3,127,34.1,34.6,34.1,126,34.6,128,45.8,46.5,34.1 / 126,34.6 / 128
20793,AZ,Copper,M,71,67.8,90.4,122,33.5,34.3,33.5,121,34.3,123,44.7,45.7,33.5 / 121,34.3 / 123
20793,AZ,Gold,M,71,65.7,87.4,117,32.9,32.8,32.9,117,32.8,116,43.8,43.6,32.9 / 117,32.8 / 116
20793,AZ,White,F,72,76.3,108.1,135,37.9,38.4,37.9,135,38.4,135,53.8,54.3,37.9 / 135,38.4 / 135
20793,AZ,Copper,F,72,73.8,104.4,130,36.6,37.2,36.6,129,37.2,131,51.8,52.6,36.6 / 129,37.2 / 131
20793,AZ,Gold,F,72,71.1,99.2,119,35.6,35.5,35.6,121,35.5,117,49.9,49.3,35.6 / 121,35.5 / 117
20793,AZ,Gold/Red,F,72,68.7,95.4,113,34.0,34.7,34.0,114,34.7,112,47.5,47.9,34.0 / 114,34.7 / 112
20793,AZ,Red,F,72,67.8,94.1,112,33.7,34.1,33.7,114,34.1,109,47.1,47.0,33.7 / 114,34.1 / 109
20794,AZ,Black,M,71,71.8,97.8,140,36.0,35.8,36.0,143,35.8,137,49.3,48.5,36.0 / 143,35.8 / 137
20794,AZ,Blue,M,71,71.4,97.2,139,35.9,35.5,35.9,143,35.5,135,49.2,48.0,35.9 / 143,35.5 / 135
20794,AZ,Blue/White,M,71,70.2,95.1,134,35.3,34.9,35.3,137,34.9,131,48.0,47.1,35.3 / 137,34.9 / 131
20794,AZ,White,M,71,69.6,94.0,132,35.0,34.6,35.0,135,34.6,128,47.5,46.5,35.0 / 135,34.6 / 128
20794,AZ,White/Copper,M,71,68.5,91.7,125,34.1,34.4,34.1,126,34.4,124,45.8,45.9,34.1 / 126,34.4 / 124
20794,AZ,Copper,M,71,67.5,90.0,122,33.5,34.0,33.5,121,34.0,122,44.7,45.3,33.5 / 121,34.0 / 122
20794,AZ,Gold,M,71,66.1,87.7,116,32.9,33.2,32.9,117,33.2,115,43.8,43.9,32.9 / 117,33.2 / 115
20794,AZ,White,F,72,75.7,107.5,135,37.9,37.8,37.9,134,37.8,136,53.7,53.8,37.9 / 134,37.8 / 136
20794,AZ,Copper,F,72,73.3,104.6,133,36.6,36.7,36.6,129,36.7,137,51.8,52.8,36.6 / 129,36.7 / 137
20794,AZ,Gold,F,72,71.3,101.0,126,35.6,35.7,35.6,121,35.7,131,49.9,51.1,35.6 / 121,35.7 / 131
20794,AZ,Gold/Red,F,72,68.8,96.2,116,34.0,34.8,34.0,114,34.8,118,47.5,48.7,34.0 / 114,34.8 / 118
20794,AZ,Red,F,72,68.3,95.6,116,33.7,34.6,33.7,114,34.6,118,47.1,48.5,33.7 / 114,34.6 / 118
13125,AZ,Black,M,72,73.3,99.3,140,35.8,37.5,35.8,137,37.5,143,48.5,50.8,35.8 / 137,37.5 / 143
13125,AZ,Blue,M,72,72.6,98.3,139,35.5,37.1,35.5,135,37.1,142,48.0,50.3,35.5 / 135,37.1 / 142
13125,AZ,Blue/White,M,72,71.1,96.0,134,34.9,36.2,34.9,131,36.2,137,47.1,48.9,34.9 / 131,36.2 / 137
13125,AZ,White,M,72,70.1,94.4,131,34.6,35.5,34.6,128,35.5,133,46.5,47.9,34.6 / 128,35.5 / 133
13125,AZ,White/Copper,M,72,69.0,92.4,126,34.4,34.6,34.4,124,34.6,128,45.9,46.5,34.4 / 124,34.6 / 128
13125,AZ,Copper,M,72,68.3,91.0,123,34.0,34.3,34.0,122,34.3,123,45.3,45.7,34.0 / 122,34.3 / 123
13125,AZ,Gold,M,72,66.0,87.5,116,33.2,32.8,33.2,115,32.8,116,43.9,43.6,33.2 / 115,32.8 / 116
13125,AZ,White,F,72,76.2,110.0,143,37.8,38.4,37.8,143,38.4,143,54.7,55.3,37.8 / 143,38.4 / 143
13125,AZ,White/Copper,F,72,74.7,107.6,140,37.0,37.7,37.0,140,37.7,139,53.5,54.1,37.0 / 140,37.7 / 139
13125,AZ,Copper,F,72,73.7,106.1,137,36.6,37.1,36.6,137,37.1,137,52.8,53.3,36.6 / 137,37.1 / 137
13125,AZ,Gold,F,72,70.7,100.4,126,35.5,35.2,35.5,132,35.2,120,51.1,49.3,35.5 / 132,35.2 / 120
13125,AZ,Gold/Red,F,72,69.0,96.6,117,34.5,34.5,34.5,120,34.5,114,48.7,47.9,34.5 / 120,34.5 / 114
13125,AZ,Red,F,72,68.1,95.4,116,34.3,33.8,34.3,120,33.8,111,48.5,46.9,34.3 / 120,33.8 / 111
13126,AZ,Black,M,71,72.6,99.3,144,36.0,36.6,36.0,143,36.6,144,49.3,50.0,36.0 / 143,36.6 / 144
13126,AZ,Blue,M,71,71.8,98.2,142,35.9,35.9,35.9,143,35.9,141,49.2,49.0,35.9 / 143,35.9 / 141
13126,AZ,Blue/White,M,71,70.8,96.1,137,35.3,35.5,35.3,137,35.5,136,48.0,48.1,35.3 / 137,35.5 / 136
13126,AZ,White,M,71,69.9,94.9,135,35.0,34.9,35.0,135,34.9,135,47.5,47.4,35.0 / 135,34.9 / 135
13126,AZ,White/Copper,M,71,68.7,91.9,125,34.1,34.6,34.1,126,34.6,124,45.8,46.1,34.1 / 126,34.6 / 124
13126,AZ,Copper,M,71,67.6,89.8,120,33.5,34.1,33.5,121,34.1,118,44.7,45.1,33.5 / 121,34.1 / 118
13126,AZ,Gold,M,71,65.4,86.8,115,32.9,32.5,32.9,117,32.5,113,43.8,43.0,32.9 / 117,32.5 / 113
13126,AZ,White,F,72,75.3,107.7,138,37.6,37.7,37.6,137,37.7,138,53.7,54.0,37.6 / 137,37.7 / 138
13126,AZ,White/Copper,F,72,75.0,108.1,141,37.4,37.6,37.4,141,37.6,140,54.0,54.1,37.4 / 141,37.6 / 140
13126,AZ,Copper,F,72,74.1,106.2,136,37.1,37.0,37.1,134,37.0,138,52.9,53.3,37.1 / 134,37.0 / 138
13126,AZ,Gold,F,72,70.1,98.7,122,35.3,34.8,35.3,124,34.8,119,49.9,48.8,35.3 / 124,34.8 / 119
13126,AZ,Gold/Red,F,72,68.4,95.9,117,33.8,34.6,33.8,116,34.6,117,47.5,48.4,33.8 / 116,34.6 / 117
13126,AZ,Red,F,72,67.7,95.0,116,33.4,34.3,33.4,116,34.3,115,47.1,47.9,33.4 / 116,34.3 / 115
13303,AZ,Black,M,72,71.7,95.9,130,35.5,36.2,35.5,127,36.2,133,47.3,48.6,35.5 / 127,36.2 / 133
13303,AZ,Black/Burgundy,M,72,71.4,95.1,128,35.3,36.1,35.3,124,36.1,131,46.8,48.3,35.3 / 124,36.1 / 131
13303,AZ,Burgundy,M,72,70.1,93.6,127,34.7,35.4,34.7,124,35.4,129,46.2,47.4,34.7 / 124,35.4 / 129
13303,AZ,Burgundy/Tan,M,72,69.3,92.4,125,34.2,35.1,34.2,122,35.1,127,45.5,46.9,34.2 / 122,35.1 / 127
13303,AZ,Tan,M,72,68.6,91.4,123,33.8,34.8,33.8,121,34.8,125,45.0,46.4,33.8 / 121,34.8 / 125
13303,AZ,Tan/Teal,M,72,67.0,88.9,118,33.2,33.8,33.2,116,33.8,119,44.0,44.9,33.2 / 116,33.8 / 119
13303,AZ,Teal,M,72,65.5,86.7,114,32.5,33.0,32.5,113,33.0,115,43.0,43.7,32.5 / 113,33.0 / 115
13303,AZ,Gold,M,72,62.4,82.0,105,31.1,31.3,31.1,105,31.3,105,40.9,41.1,31.1 / 105,31.3 / 105
13303,AZ,Melvey Tee,M,72,58.6,76.9,99,29.2,29.4,29.2,99,29.4,98,38.4,38.5,29.2 / 99,29.4 / 98
13303,AZ,Burgundy,F,72,76.7,107.5,131,37.9,38.8,37.9,129,38.8,132,53.1,54.4,37.9 / 129,38.8 / 132
13303,AZ,Burgundy/Tan,F,72,75.2,106.1,131,37.2,38.0,37.2,130,38.0,132,52.5,53.6,37.2 / 130,38.0 / 132
13303,AZ,Tan,F,72,75.0,105.7,130,37.0,38.0,37.0,129,38.0,131,52.2,53.5,37.0 / 129,38.0 / 131
13303,AZ,Tan/Teal Combo,F,72,73.3,102.6,125,36.3,37.0,36.3,123,37.0,126,50.8,51.8,36.3 / 123,37.0 / 126
13303,AZ,Teal,F,72,71.3,100.1,122,35.2,36.1,35.2,121,36.1,122,49.6,50.5,35.2 / 121,36.1 / 122
13303,AZ,Teal/Gold Combo,F,72,68.1,95.9,118,33.9,34.2,33.9,116,34.2,120,47.6,48.3,33.9 / 116,34.2 / 120
13303,AZ,Gold,F,72,66.2,92.8,113,32.6,33.6,32.6,109,33.6,116,45.5,47.3,32.6 / 109,33.6 / 116
13303,AZ,Melvey Tee,F,72,60.5,83.9,100,29.8,30.7,29.8,98,30.7,101,41.3,42.6,29.8 / 98,30.7 / 101
13012,AZ,Black,M,72,74.2,99.8,138,36.9,37.3,36.9,135,37.3,141,49.4,50.4,36.9 / 135,37.3 / 141
13012,AZ,Verde,M,72,71.9,96.4,132,35.7,36.2,35.7,129,36.2,135,47.7,48.7,35.7 / 129,36.2 / 135
13012,AZ,Verde/Camel,M,72,70.4,94.2,128,35.2,35.2,35.2,129,35.2,127,47.2,47.0,35.2 / 129,35.2 / 127
13012,AZ,Camel,M,72,69.1,92.3,125,34.6,34.5,34.6,125,34.5,125,46.2,46.1,34.6 / 125,34.5 / 125
13012,AZ,Camel/Teal,M,72,67.6,90.0,121,33.9,33.7,33.9,121,33.7,121,45.1,44.9,33.9 / 121,33.7 / 121
13012,AZ,Teal,M,72,66.4,88.3,118,33.1,33.3,33.1,117,33.3,118,44.0,44.3,33.1 / 117,33.3 / 118
13012,AZ,Teal/Red,M,72,64.8,85.9,114,32.4,32.4,32.4,113,32.4,114,42.9,43.0,32.4 / 113,32.4 / 114
13012,AZ,Red,M,72,63.8,84.4,111,31.8,32.0,31.8,110,32.0,112,42.0,42.4,31.8 / 110,32.0 / 112
13012,AZ,Camel,F,72,75.2,106.9,135,37.8,37.4,37.8,139,37.4,130,54.2,52.7,37.8 / 139,37.4 / 130
13012,AZ,Camel/Teal,F,72,73.2,104.3,132,36.7,36.5,36.7,135,36.5,129,52.6,51.7,36.7 / 135,36.5 / 129
13012,AZ,Teal,F,72,71.9,102.4,130,35.8,36.1,35.8,130,36.1,129,51.1,51.3,35.8 / 130,36.1 / 129
13012,AZ,Teal/Red,F,72,69.8,98.8,123,34.6,35.2,34.6,124,35.2,122,49.2,49.6,34.6 / 124,35.2 / 122
13012,AZ,Red,F,72,68.5,96.6,119,34.1,34.4,34.1,117,34.4,121,47.9,48.7,34.1 / 117,34.4 / 121
13011,AZ,Black,M,72,72.2,96.4,130,36.3,35.9,36.3,128,35.9,132,48.2,48.2,36.3 / 128,35.9 / 132
13011,AZ,Black/White,M,72,71.0,94.4,126,35.6,35.4,35.6,125,35.4,127,47.2,47.2,35.6 / 125,35.4 / 127
13011,AZ,White,M,72,70.0,92.8,123,35.0,35.0,35.0,123,35.0,123,46.4,46.4,35.0 / 123,35.0 / 123
13011,AZ,White/Yellow,M,72,69.1,91.5,121,34.6,34.5,34.6,121,34.5,121,45.8,45.7,34.6 / 121,34.5 / 121
13011,AZ,Yellow,M,72,67.7,89.8,119,33.9,33.8,33.9,119,33.8,118,45.0,44.8,33.9 / 119,33.8 / 118
13011,AZ,Yellow/Orange,M,72,65.5,86.6,114,32.8,32.7,32.8,115,32.7,112,43.5,43.1,32.8 / 115,32.7 / 112
13011,AZ,Orange,M,72,64.1,84.6,111,32.0,32.1,32.0,112,32.1,109,42.4,42.2,32.0 / 112,32.1 / 109
13011,AZ,Black,F,72,78.9,112.5,143,39.9,39.0,39.9,145,39.0,140,57.0,55.5,39.9 / 145,39.0 / 140
13011,AZ,Black/White,F,72,77.6,110.4,139,39.1,38.5,39.1,140,38.5,138,55.6,54.8,39.1 / 140,38.5 / 138
13011,AZ,White,F,72,76.4,108.7,137,38.5,37.9,38.5,139,37.9,135,54.9,53.8,38.5 / 139,37.9 / 135
13011,AZ,White/Yellow,F,72,75.6,107.4,135,38.2,37.4,38.2,137,37.4,133,54.3,53.1,38.2 / 137,37.4 / 133
13011,AZ,Yellow,F,72,74.4,105.8,133,37.5,36.9,37.5,134,36.9,132,53.3,52.5,37.5 / 134,36.9 / 132
13011,AZ,Yellow/Orange,F,72,71.2,101.0,127,35.7,35.5,35.7,126,35.5,127,50.5,50.5,35.7 / 126,35.5 / 127
13011,AZ,Orange,F,72,68.6,97.1,121,34.1,34.5,34.1,119,34.5,123,48.1,49.0,34.1 / 119,34.5 / 123
13066,AZ,Oro,M,71,71.7,97.4,139,36.0,35.7,36.0,138,35.7,139,48.8,48.6,36.0 / 138,35.7 / 139
13066,AZ,Azul,M,71,68.6,92.9,131,34.3,34.3,34.3,130,34.3,131,46.4,46.5,34.3 / 130,34.3 / 131
13066,AZ,Verde,M,71,66.8,89.9,125,33.4,33.4,33.4,125,33.4,124,45.0,44.9,33.4 / 125,33.4 / 124
13066,AZ,Blanco,M,71,64.1,85.5,115,32.3,31.8,32.3,116,31.8,114,43.1,42.4,32.3 / 116,31.8 / 114
13066,AZ,Blanco/Rojo,M,71,62.5,82.4,108,31.4,31.1,31.4,108,31.1,107,41.4,41.0,31.4 / 108,31.1 / 107
13066,AZ,Rojo,M,71,61.9,81.2,104,31.1,30.8,31.1,104,30.8,103,40.8,40.4,31.1 / 104,30.8 / 103
13066,AZ,Forward,M,71,60.7,79.2,100,30.5,30.2,30.5,100,30.2,99,39.8,39.4,30.5 / 100,30.2 / 99
13066,AZ,Azul,F,71,73.9,107.2,142,36.6,37.3,36.6,142,37.3,141,53.3,53.9,36.6 / 142,37.3 / 141
13066,AZ,Verde,F,71,72.2,104.1,135,35.9,36.3,35.9,131,36.3,139,51.4,52.7,35.9 / 131,36.3 / 139
13066,AZ,Blanco,F,71,68.5,97.5,123,34.4,34.1,34.4,123,34.1,123,48.9,48.6,34.4 / 123,34.1 / 123
13066,AZ,Rojo/Blanco Combo,F,71,66.5,94.2,118,33.7,32.8,33.7,120,32.8,115,47.8,46.4,33.7 / 120,32.8 / 115
13066,AZ,Rojo,F,71,64.8,91.8,115,32.8,32.0,32.8,115,32.0,114,46.4,45.4,32.8 / 115,32.0 / 114
13066,AZ,Forward,F,71,63.7,90.0,112,31.9,31.8,31.9,112,31.8,111,45.1,44.9,31.9 / 112,31.8 / 111
23967,AZ,Black,M,71,71.6,97.3,139,35.2,36.4,35.2,136,36.4,141,47.8,49.5,35.2 / 136,36.4 / 141
23967,AZ,Black/Blue,M,71,70.3,95.6,137,34.9,35.4,34.9,135,35.4,138,47.4,48.2,34.9 / 135,35.4 / 138
23967,AZ,Blue,M,71,69.1,93.9,134,34.4,34.7,34.4,131,34.7,136,46.6,47.3,34.4 / 131,34.7 / 136
23967,AZ,Blue/White,M,71,68.0,92.3,131,33.9,34.1,33.9,130,34.1,131,46.0,46.3,33.9 / 130,34.1 / 131
23967,AZ,White,M,71,67.1,90.7,127,33.4,33.7,33.4,124,33.7,130,44.9,45.8,33.4 / 124,33.7 / 130
23967,AZ,White/Gray,M,71,64.7,86.7,119,32.5,32.2,32.5,116,32.2,121,43.3,43.4,32.5 / 116,32.2 / 121
23967,AZ,Gray,M,71,64.0,85.4,115,32.0,32.0,32.0,113,32.0,117,42.5,42.9,32.0 / 113,32.0 / 117
23967,AZ,Gray/Teal,M,71,63.6,84.2,111,32.0,31.6,32.0,109,31.6,113,42.1,42.1,32.0 / 109,31.6 / 113
23967,AZ,Teal,M,71,63.0,83.2,109,31.4,31.6,31.4,107,31.6,111,41.3,41.9,31.4 / 107,31.6 / 111
23967,AZ,White,F,71,72.2,106.7,146,35.9,36.3,35.9,144,36.3,148,52.9,53.8,35.9 / 144,36.3 / 148
23967,AZ,White/Gray,F,71,68.9,100.7,135,34.9,34.0,34.9,136,34.0,134,50.9,49.8,34.9 / 136,34.0 / 134
23967,AZ,Gray,F,71,68.3,99.7,133,34.5,33.8,34.5,133,33.8,133,50.2,49.5,34.5 / 133,33.8 / 133
23967,AZ,Gray/Teal,F,71,67.5,97.8,129,34.3,33.2,34.3,132,33.2,125,49.9,47.9,34.3 / 132,33.2 / 125
23967,AZ,Teal,F,71,66.2,95.6,125,33.2,33.0,33.2,126,33.0,124,48.0,47.6,33.2 / 126,33.0 / 124
13058,AZ,Championship,M,72,71.5,94.6,125,36.1,35.4,36.1,122,35.4,127,47.4,47.2,36.1 / 122,35.4 / 127
13058,AZ,Back Combo,M,72,70.1,92.1,118,35.3,34.8,35.3,119,34.8,117,46.4,45.7,35.3 / 119,34.8 / 117
13058,AZ,Regular,M,72,69.0,90.5,116,34.7,34.3,34.7,114,34.3,117,45.3,45.2,34.7 / 114,34.3 / 117
13058,AZ,Combo,M,72,67.4,88.4,113,33.8,33.6,33.8,113,33.6,113,44.3,44.1,33.8 / 113,33.6 / 113
13058,AZ,Red,M,72,65.9,85.8,107,33.2,32.7,33.2,109,32.7,105,43.3,42.5,33.2 / 109,32.7 / 105
13058,AZ,Regular,F,72,74.6,104.3,126,37.4,37.2,37.4,122,37.2,130,51.8,52.5,37.4 / 122,37.2 / 130
13058,AZ,Combo,F,72,73.2,102.3,124,36.7,36.5,36.7,120,36.5,127,50.8,51.5,36.7 / 120,36.5 / 127
13058,AZ,Red,F,72,71.6,99.9,120,36.0,35.6,36.0,116,35.6,124,49.7,50.2,36.0 / 116,35.6 / 124
13238,AZ,Black,M,72,71.7,95.9,130,35.2,36.5,35.2,127,36.5,133,47.0,48.9,35.2 / 127,36.5 / 133
13238,AZ,Black/Gold Combo,M,72,70.5,94.1,127,34.6,35.9,34.6,126,35.9,128,46.3,47.8,34.6 / 126,35.9 / 128
13238,AZ,Gold,M,72,69.4,92.8,126,34.1,35.3,34.1,125,35.3,127,45.7,47.1,34.1 / 125,35.3 / 127
13238,AZ,Gold/Silver Combo,M,72,68.3,90.8,122,33.7,34.6,33.7,121,34.6,122,44.9,45.9,33.7 / 121,34.6 / 122
13238,AZ,Silver,M,72,67.1,89.4,120,33.0,34.1,33.0,119,34.1,121,44.1,45.3,33.0 / 119,34.1 / 121
13238,AZ,Silver/Copper Combo,M,72,64.9,86.5,116,32.4,32.5,32.4,116,32.5,116,43.2,43.3,32.4 / 116,32.5 / 116
13238,AZ,Copper,M,72,63.7,85.1,115,31.6,32.1,31.6,114,32.1,116,42.2,42.9,31.6 / 114,32.1 / 116
13238,AZ,Silver,F,72,71.7,103.1,134,35.2,36.5,35.2,130,36.5,137,50.5,52.6,35.2 / 130,36.5 / 137
13238,AZ,Silver/Copper Combo,F,72,69.1,98.1,123,34.4,34.7,34.4,122,34.7,124,48.8,49.3,34.4 / 122,34.7 / 124
13238,AZ,Copper,F,72,68.2,96.7,121,33.7,34.5,33.7,120,34.5,122,47.8,48.9,33.7 / 120,34.5 / 122
13027,AZ,Blue/Blue,M,64,61.2,80.0,101,30.6,30.6,30.6,101,30.6,101,40.0,40.0,30.6 / 101,30.6 / 101
13027,AZ,Blue/Red,M,64,61.0,79.6,100,30.6,30.4,30.6,101,30.4,99,40.0,39.6,30.6 / 101,30.4 / 99
13027,AZ,Red/Red,M,64,60.8,79.2,99,30.4,30.4,30.4,99,30.4,99,39.6,39.6,30.4 / 99,30.4 / 99
13027,AZ,Blue,F,65,65.2,89.4,103,32.6,32.6,32.6,103,32.6,102,44.8,44.6,32.6 / 103,32.6 / 102
13218,AZ,Graham,M,72,74.0,100.7,144,36.4,37.6,36.4,143,37.6,144,49.7,51.0,36.4 / 143,37.6 / 144
13218,AZ,Panks,M,72,72.6,98.4,139,35.6,37.0,35.6,138,37.0,140,48.4,50.0,35.6 / 138,37.0 / 140
13218,AZ,1 Pine,M,72,71.1,95.9,134,34.9,36.2,34.9,132,36.2,135,47.2,48.7,34.9 / 132,36.2 / 135
13218,AZ,1 Pine/2 Pine,M,72,69.7,93.7,129,34.4,35.3,34.4,129,35.3,129,46.4,47.3,34.4 / 129,35.3 / 129
13218,AZ,2 Pine,M,72,69.0,92.1,125,34.3,34.7,34.3,124,34.7,125,45.8,46.3,34.3 / 124,34.7 / 125
13218,AZ,2 Pine/3 Pine,M,72,66.8,88.9,119,33.0,33.8,33.0,118,33.8,119,44.0,44.9,33.0 / 118,33.8 / 119
13218,AZ,3 Pine,M,72,65.4,87.0,116,32.3,33.1,32.3,115,33.1,117,43.0,44.0,32.3 / 115,33.1 / 117
13218,AZ,3 Pine Combo,M,72,61.2,81.3,108,30.3,30.9,30.3,105,30.9,111,40.1,41.2,30.3 / 105,30.9 / 111
13218,AZ,Graham,F,72,80.8,120.4,155,39.5,41.3,39.5,155,41.3,155,58.6,61.8,39.5 / 155,41.3 / 155
13218,AZ,Panks,F,72,79.4,117.3,154,38.5,40.9,38.5,153,40.9,155,56.6,60.7,38.5 / 153,40.9 / 155
13218,AZ,1 Pine,F,72,77.6,113.2,151,37.9,39.7,37.9,148,39.7,153,55.4,57.8,37.9 / 148,39.7 / 153
13218,AZ,1 Pine/2 Pine,F,72,75.5,110.3,148,37.1,38.4,37.1,145,38.4,150,54.2,56.1,37.1 / 145,38.4 / 150
13218,AZ,2 Pine,F,72,74.1,108.5,146,36.4,37.7,36.4,141,37.7,151,53.0,55.5,36.4 / 141,37.7 / 151
13218,AZ,2 Pine/3 Pine,F,72,71.5,103.5,136,34.9,36.6,34.9,133,36.6,138,50.6,52.9,34.9 / 133,36.6 / 138
13218,AZ,3 Pine,F,72,70.3,100.2,127,34.3,36.0,34.3,125,36.0,129,49.0,51.2,34.3 / 125,36.0 / 129
13218,AZ,3 Pine Combo,F,72,64.5,92.3,118,31.6,32.9,31.6,115,32.9,120,45.2,47.1,31.6 / 115,32.9 / 120
13218,AZ,4 Pines,F,72,57.5,79.3,93,28.3,29.2,28.3,90,29.2,95,38.9,40.4,28.3 / 90,29.2 / 95
13298,AZ,Black,M,72,71.9,95.9,129,35.9,36.0,35.9,130,36.0,128,48.0,47.9,35.9 / 130,36.0 / 128
13298,AZ,Black/Blue,M,72,70.9,94.5,127,35.4,35.5,35.4,128,35.5,126,47.3,47.2,35.4 / 128,35.5 / 126
13298,AZ,Blue,M,72,69.9,92.9,124,34.9,35.0,34.9,125,35.0,123,46.5,46.4,34.9 / 125,35.0 / 123
13298,AZ,Blue/White,M,72,68.7,91.0,120,34.3,34.4,34.3,121,34.4,119,45.5,45.5,34.3 / 121,34.4 / 119
13298,AZ,White,M,72,68.0,89.7,117,34.0,34.0,34.0,117,34.0,116,44.9,44.8,34.0 / 117,34.0 / 116
13298,AZ,White/Gold,M,72,66.4,87.6,114,33.2,33.2,33.2,114,33.2,114,43.8,43.8,33.2 / 114,33.2 / 114
13298,AZ,Gold,M,72,64.7,85.2,111,32.3,32.4,32.3,111,32.4,110,42.6,42.6,32.3 / 111,32.4 / 110
13298,AZ,Gold/Red,M,72,62.8,82.4,106,31.6,31.2,31.6,108,31.2,103,41.6,40.8,31.6 / 108,31.2 / 103
13298,AZ,Red,M,72,61.9,81.2,104,31.1,30.8,31.1,104,30.8,103,40.8,40.4,31.1 / 104,30.8 / 103
13298,AZ,Red/Orange,M,72,60.5,79.3,101,30.3,30.2,30.3,102,30.2,100,39.8,39.5,30.3 / 102,30.2 / 100
13298,AZ,Orange,M,72,59.1,77.4,99,29.5,29.6,29.5,98,29.6,99,38.6,38.8,29.5 / 98,29.6 / 99
13298,AZ,Black,F,72,77.9,110.1,137,38.8,39.1,38.8,137,39.1,137,54.9,55.2,38.8 / 137,39.1 / 137
13298,AZ,Black/Blue,F,72,77.0,108.6,134,38.4,38.6,38.4,135,38.6,133,54.3,54.3,38.4 / 135,38.6 / 133
13298,AZ,Blue,F,72,75.6,106.7,132,37.6,38.0,37.6,132,38.0,131,53.2,53.5,37.6 / 132,38.0 / 131
13298,AZ,Blue/White,F,72,74.6,104.9,129,37.2,37.4,37.2,129,37.4,128,52.4,52.5,37.2 / 129,37.4 / 128
13298,AZ,White,F,72,73.6,103.4,127,36.5,37.1,36.5,127,37.1,126,51.5,51.9,36.5 / 127,37.1 / 126
13298,AZ,White/Gold,F,72,71.8,100.4,121,35.7,36.1,35.7,122,36.1,120,50.1,50.3,35.7 / 122,36.1 / 120
13298,AZ,Gold,F,72,69.4,96.9,117,34.4,35.0,34.4,117,35.0,116,48.2,48.7,34.4 / 117,35.0 / 116
13298,AZ,Gold/Red,F,72,67.3,93.7,112,33.6,33.7,33.6,113,33.7,111,46.9,46.8,33.6 / 113,33.7 / 111
13298,AZ,Red,F,72,65.5,91.1,109,32.6,32.9,32.6,109,32.9,108,45.5,45.6,32.6 / 109,32.9 / 108
13298,AZ,Red/Orange,F,72,63.6,88.2,104,31.6,32.0,31.6,104,32.0,104,43.9,44.3,31.6 / 104,32.0 / 104
13298,AZ,Orange,F,72,61.7,85.6,102,30.5,31.2,30.5,101,31.2,102,42.4,43.2,30.5 / 101,31.2 / 102
23693,AZ,Mens,M,72,67.0,89.0,118,33.5,33.5,33.5,118,33.5,118,44.5,44.5,33.5 / 118,33.5 / 118
13200,AZ,White/Blue,M,72,69.1,90.1,113,35.1,34.0,35.1,112,34.0,114,45.5,44.6,35.1 / 112,34.0 / 114
13200,AZ,Yellow/Red,M,72,63.8,82.7,102,31.9,31.9,31.9,102,31.9,101,41.4,41.3,31.9 / 102,31.9 / 101
13200,AZ,White/Blue,F,72,75.3,105.0,126,38.1,37.2,38.1,130,37.2,122,53.4,51.6,38.1 / 130,37.2 / 122
13200,AZ,Yellow/Red,F,72,68.5,94.7,111,34.3,34.2,34.3,111,34.2,111,47.4,47.3,34.3 / 111,34.2 / 111
13182,AZ,Blue,M,73,67.2,87.6,110,33.0,34.2,33.0,108,34.2,112,43.0,44.6,33.0 / 108,34.2 / 112
13182,AZ,White,M,73,66.3,85.6,104,32.5,33.8,32.5,101,33.8,107,41.9,43.7,32.5 / 101,33.8 / 107
13182,AZ,Red,M,73,65.1,83.8,101,32.0,33.1,32.0,97,33.1,104,41.0,42.8,32.0 / 97,33.1 / 104
13182,AZ,Blue,F,73,72.1,99.8,118,35.6,36.5,35.6,113,36.5,122,48.9,50.9,35.6 / 113,36.5 / 122
13182,AZ,White,F,73,70.8,97.9,115,34.8,36.0,34.8,110,36.0,120,47.8,50.1,34.8 / 110,36.0 / 120
13182,AZ,Red,F,73,69.4,95.4,111,34.1,35.3,34.1,108,35.3,113,46.8,48.6,34.1 / 108,35.3 / 113
13014,AZ,Deep End,M,72,71.5,93.8,120,34.7,36.8,34.7,115,36.8,125,45.4,48.4,34.7 / 115,36.8 / 125
13014,AZ,Coldwater,M,72,69.7,90.7,113,34.3,35.4,34.3,107,35.4,119,44.2,46.5,34.3 / 107,35.4 / 119
13014,AZ,Vintage,M,72,67.0,87.1,108,33.2,33.8,33.2,105,33.8,111,43.0,44.1,33.2 / 105,33.8 / 111
13014,AZ,Deep End,F,72,78.1,108.7,130,37.7,40.4,37.7,125,40.4,135,52.4,56.3,37.7 / 125,40.4 / 135
13014,AZ,Coldwater,F,72,75.7,105.1,125,36.8,38.9,36.8,120,38.9,129,51.0,54.1,36.8 / 120,38.9 / 129
13014,AZ,Vintage,F,72,72.6,99.9,116,35.5,37.1,35.5,112,37.1,120,48.7,51.2,35.5 / 112,37.1 / 120
13014,AZ,Upstream,F,72,67.3,92.4,107,33.6,33.7,33.6,109,33.7,104,46.4,46.0,33.6 / 109,33.7 / 104
14967,AZ,White,M,72,68.4,91.5,125,34.3,34.1,34.3,124,34.1,125,45.8,45.7,34.3 / 124,34.1 / 125
14967,AZ,White (Back 9 Twice),M,72,68.2,91.4,125,34.1,34.1,34.1,125,34.1,125,45.7,45.7,34.1 / 125,34.1 / 125
14967,AZ,Gold,M,72,64.8,86.5,117,32.4,32.4,32.4,115,32.4,118,43.1,43.4,32.4 / 115,32.4 / 118
14967,AZ,White,F,73,73.9,108.0,145,37.2,36.7,37.2,144,36.7,145,54.2,53.8,37.2 / 144,36.7 / 145
14967,AZ,Gold,F,73,70.2,102.9,139,35.1,35.1,35.1,138,35.1,139,51.4,51.5,35.1 / 138,35.1 / 139
14967,AZ,Red,F,73,69.4,101.1,135,34.7,34.7,34.7,134,34.7,135,50.5,50.6,34.7 / 134,34.7 / 135
13016,AZ,Blue,M,60,58.4,74.3,86,29.2,29.2,29.2,87,29.2,84,37.3,37.0,29.2 / 87,29.2 / 84
13016,AZ,Forward,M,60,57.1,72.5,83,28.4,28.7,28.4,84,28.7,82,36.2,36.3,28.4 / 84,28.7 / 82
13016,AZ,Blue,F,60,59.8,81.0,90,30.0,29.8,30.0,89,29.8,91,40.5,40.5,30.0 / 89,29.8 / 91
13016,AZ,Forward,F,60,57.6,77.3,84,28.9,28.7,28.9,83,28.7,84,38.7,38.6,28.9 / 83,28.7 / 84
28436,AZ,Black,M,72,72.2,96.5,131,35.4,36.8,35.4,131,36.8,130,47.6,48.9,35.4 / 131,36.8 / 130
28436,AZ,Copper,M,72,70.0,93.5,127,34.3,35.7,34.3,127,35.7,126,46.1,47.4,34.3 / 127,35.7 / 126
28436,AZ,Copper/Silver,M,72,68.4,90.8,121,33.8,34.6,33.8,119,34.6,122,44.9,45.9,33.8 / 119,34.6 / 122
28436,AZ,Silver,M,72,67.1,88.3,114,33.2,33.9,33.2,114,33.9,114,43.8,44.5,33.2 / 114,33.9 / 114
28436,AZ,Silver/Jade,M,72,65.5,86.0,111,32.5,33.0,32.5,111,33.0,110,42.8,43.2,32.5 / 111,33.0 / 110
28436,AZ,Jade,M,72,64.1,83.5,104,31.8,32.3,31.8,103,32.3,105,41.4,42.1,31.8 / 103,32.3 / 105
28436,AZ,Gold,M,72,60.3,77.7,94,30.1,30.2,30.1,93,30.2,95,38.7,39.0,30.1 / 93,30.2 / 95
28436,AZ,Silver,F,72,72.7,102.0,125,35.7,37.0,35.7,123,37.0,126,50.2,51.8,35.7 / 123,37.0 / 126
28436,AZ,Silver/Jade,F,72,70.8,99.0,120,34.9,35.9,34.9,119,35.9,120,48.9,50.1,34.9 / 119,35.9 / 120
28436,AZ,Jade,F,72,68.8,96.1,116,33.8,35.0,33.8,112,35.0,120,47.0,49.1,33.8 / 112,35.0 / 120
28436,AZ,Gold,F,72,64.5,89.5,106,31.9,32.6,31.9,104,32.6,108,44.2,45.3,31.9 / 104,32.6 / 108
28437,AZ,Black,M,72,72.8,96.7,129,36.8,36.0,36.8,130,36.0,127,48.9,47.8,36.8 / 130,36.0 / 127
28437,AZ,Copper,M,72,70.4,93.4,124,35.7,34.7,35.7,126,34.7,122,47.4,46.0,35.7 / 126,34.7 / 122
28437,AZ,Copper/Silver,M,72,68.9,91.4,122,34.6,34.3,34.6,122,34.3,121,45.9,45.5,34.6 / 122,34.3 / 121
28437,AZ,Silver,M,72,67.4,88.8,115,33.9,33.5,33.9,114,33.5,116,44.5,44.3,33.9 / 114,33.5 / 116
28437,AZ,Silver/Jade,M,72,65.3,85.6,110,33.0,32.3,33.0,110,32.3,109,43.2,42.4,33.0 / 110,32.3 / 109
28437,AZ,Jade,M,72,64.0,83.4,104,32.3,31.7,32.3,105,31.7,103,42.1,41.3,32.3 / 105,31.7 / 103
28437,AZ,Gold,M,72,60.2,77.6,94,30.2,30.0,30.2,95,30.0,93,39.0,38.6,30.2 / 95,30.0 / 93
28437,AZ,Silver,F,72,73.2,102.7,126,37.0,36.2,37.0,126,36.2,125,51.8,50.9,37.0 / 126,36.2 / 125
28437,AZ,Silver/Jade,F,72,71.0,99.6,121,35.9,35.1,35.9,120,35.1,122,50.1,49.5,35.9 / 120,35.1 / 122
28437,AZ,Jade,F,72,69.1,97.3,120,35.0,34.1,35.0,120,34.1,120,49.1,48.2,35.0 / 120,34.1 / 120
28437,AZ,Gold,F,72,64.4,89.7,108,32.6,31.8,32.6,108,31.8,107,45.3,44.4,32.6 / 108,31.8 / 107
28438,AZ,Black,M,72,71.3,95.4,130,35.9,35.4,35.9,128,35.4,131,47.8,47.6,35.9 / 128,35.4 / 131
28438,AZ,Copper,M,72,69.0,92.1,125,34.7,34.3,34.7,122,34.3,127,46.0,46.1,34.7 / 122,34.3 / 127
28438,AZ,Copper/Silver,M,72,68.1,90.4,120,34.3,33.8,34.3,121,33.8,119,45.5,44.9,34.3 / 121,33.8 / 119
28438,AZ,Silver,M,72,66.5,87.9,115,33.4,33.1,33.4,116,33.1,114,44.2,43.7,33.4 / 116,33.1 / 114
28438,AZ,Silver/Jade,M,72,64.8,85.2,110,32.3,32.5,32.3,109,32.5,111,42.4,42.8,32.3 / 109,32.5 / 111
28438,AZ,Jade,M,72,63.5,82.7,103,31.7,31.8,31.7,103,31.8,103,41.3,41.4,31.7 / 103,31.8 / 103
28438,AZ,Gold,M,72,60.1,77.3,93,30.0,30.1,30.0,93,30.1,93,38.6,38.7,30.0 / 93,30.1 / 93
28438,AZ,Silver,F,72,71.9,101.1,124,36.2,35.7,36.2,125,35.7,123,50.9,50.2,36.2 / 125,35.7 / 123
28438,AZ,Silver/Jade,F,72,70.0,98.4,121,35.1,34.9,35.1,122,34.9,119,49.5,48.9,35.1 / 122,34.9 / 119
28438,AZ,Jade,F,72,67.9,95.2,116,34.1,33.8,34.1,120,33.8,112,48.2,47.0,34.1 / 120,33.8 / 112
28438,AZ,Gold,F,72,63.7,88.6,106,31.8,31.9,31.8,107,31.9,104,44.4,44.2,31.8 / 107,31.9 / 104
13030,AZ,Black,M,72,72.3,96.1,128,36.2,36.1,36.2,125,36.1,131,47.8,48.3,36.2 / 125,36.1 / 131
13030,AZ,Black/White,M,72,71.1,94.3,125,35.8,35.3,35.8,121,35.3,129,47.0,47.3,35.8 / 121,35.3 / 129
13030,AZ,White,M,72,69.8,92.5,122,35.2,34.6,35.2,119,34.6,125,46.3,46.2,35.2 / 119,34.6 / 125
13030,AZ,White/Copper,M,72,68.0,89.8,118,34.2,33.8,34.2,114,33.8,121,44.8,45.0,34.2 / 114,33.8 / 121
13030,AZ,Copper,M,72,66.5,87.4,113,33.7,32.8,33.7,110,32.8,115,43.9,43.5,33.7 / 110,32.8 / 115
13030,AZ,Copper/Red,M,72,65.0,85.2,109,32.4,32.6,32.4,104,32.6,113,42.1,43.1,32.4 / 104,32.6 / 113
13030,AZ,Red,M,72,63.8,83.3,105,31.9,31.9,31.9,101,31.9,109,41.3,42.0,31.9 / 101,31.9 / 109
13030,AZ,Red/Green,M,72,61.1,79.6,100,30.5,30.6,30.5,97,30.6,102,39.5,40.1,30.5 / 97,30.6 / 102
13030,AZ,Green,M,72,59.7,77.2,94,29.9,29.8,29.9,90,29.8,98,38.3,38.9,29.9 / 90,29.8 / 98
13030,AZ,White/Copper,F,72,74.9,105.5,130,37.6,37.3,37.6,129,37.3,131,52.8,52.7,37.6 / 129,37.3 / 131
13030,AZ,Copper,F,72,72.4,102.3,127,36.6,35.8,36.6,127,35.8,126,51.6,50.7,36.6 / 127,35.8 / 126
13030,AZ,Copper/Red,F,72,70.2,98.6,121,35.0,35.2,35.0,117,35.2,124,48.8,49.8,35.0 / 117,35.2 / 124
13030,AZ,Red,F,72,68.3,95.3,115,35.0,33.3,35.0,115,33.3,114,48.6,46.7,35.0 / 115,33.3 / 114
13030,AZ,Red/Green,F,72,65.9,91.8,110,33.2,32.7,33.2,108,32.7,112,45.9,45.9,33.2 / 108,32.7 / 112
13030,AZ,Green,F,72,64.1,89.0,106,32.3,31.8,32.3,103,31.8,108,44.5,44.5,32.3 / 103,31.8 / 108
13217,AZ,Black,M,72,71.8,95.4,127,36.7,35.1,36.7,129,35.1,125,48.7,46.7,36.7 / 129,35.1 / 125
13217,AZ,Blue,M,72,70.3,93.0,123,35.9,34.4,35.9,124,34.4,121,47.4,45.6,35.9 / 124,34.4 / 121
13217,AZ,White,M,72,67.9,89.6,117,34.5,33.4,34.5,116,33.4,117,45.3,44.3,34.5 / 116,33.4 / 117
13217,AZ,Green,M,72,65.3,86.0,112,33.2,32.1,33.2,111,32.1,112,43.5,42.5,33.2 / 111,32.1 / 112
13217,AZ,Gold,M,72,63.4,83.2,107,32.1,31.3,32.1,109,31.3,104,42.2,41.0,32.1 / 109,31.3 / 104
13217,AZ,White,F,72,73.1,102.6,125,37.2,35.9,37.2,126,35.9,124,52.1,50.5,37.2 / 126,35.9 / 124
13217,AZ,Green,F,72,70.4,98.3,118,35.9,34.5,35.9,121,34.5,115,50.2,48.1,35.9 / 121,34.5 / 115
13217,AZ,Gold,F,72,67.9,95.0,115,34.7,33.2,34.7,117,33.2,113,48.5,46.5,34.7 / 117,33.2 / 113
13313,AZ,Black,M,72,71.5,95.0,127,35.5,36.0,35.5,127,36.0,126,47.3,47.7,35.5 / 127,36.0 / 126
13313,AZ,Green,M,72,69.7,92.3,122,34.6,35.1,34.6,121,35.1,123,45.8,46.5,34.6 / 121,35.1 / 123
13313,AZ,Bronze,M,72,68.1,90.1,119,33.7,34.4,33.7,123,34.4,114,45.1,45.0,33.7 / 123,34.4 / 114
13313,AZ,Bronze/Silver,M,72,66.5,87.8,115,33.1,33.4,33.1,119,33.4,110,44.2,43.6,33.1 / 119,33.4 / 110
13313,AZ,Silver,M,72,64.4,84.6,109,31.9,32.5,31.9,112,32.5,105,42.3,42.3,31.9 / 112,32.5 / 105
13313,AZ,Silver/Gold,M,72,62.5,82.2,106,30.6,31.9,30.6,108,31.9,104,40.6,41.6,30.6 / 108,31.9 / 104
13313,AZ,Gold,M,72,60.3,78.7,99,30.1,30.2,30.1,104,30.2,94,39.8,38.9,30.1 / 104,30.2 / 94
13313,AZ,Bronze,F,72,73.9,104.3,129,36.4,37.5,36.4,126,37.5,132,51.2,53.1,36.4 / 126,37.5 / 132
13313,AZ,Bronze/Silver,F,72,72.3,101.8,125,35.5,36.8,35.5,121,36.8,129,49.8,52.0,35.5 / 121,36.8 / 129
13313,AZ,Silver,F,72,69.9,97.9,119,34.3,35.6,34.3,115,35.6,122,47.9,50.0,34.3 / 115,35.6 / 122
13313,AZ,Silver/Gold,F,72,67.9,95.0,115,33.0,34.9,33.0,112,34.9,118,46.2,48.8,33.0 / 112,34.9 / 118
13313,AZ,Gold,F,72,65.0,90.3,108,32.3,32.7,32.3,107,32.7,108,44.9,45.4,32.3 / 107,32.7 / 108
13320,AZ,Green,M,71,69.3,91.8,122,35.2,34.1,35.2,121,34.1,122,46.4,45.4,35.2 / 121,34.1 / 122
13320,AZ,Gold,M,71,67.4,89.5,119,34.1,33.3,34.1,119,33.3,118,45.2,44.3,34.1 / 119,33.3 / 118
13320,AZ,Gold/Black,M,71,66.1,87.3,114,33.6,32.5,33.6,116,32.5,112,44.4,42.9,33.6 / 116,32.5 / 112
13320,AZ,Black,M,71,65.2,85.9,112,33.3,31.9,33.3,114,31.9,109,43.9,42.0,33.3 / 114,31.9 / 109
13320,AZ,Silver,M,71,62.8,82.6,107,32.0,30.8,32.0,109,30.8,104,42.1,40.5,32.0 / 109,30.8 / 104
13320,AZ,Gold,F,71,72.8,102.5,126,37.1,35.7,37.1,127,35.7,125,52.1,50.4,37.1 / 127,35.7 / 125
13320,AZ,Black,F,71,70.3,98.6,120,35.9,34.4,35.9,120,34.4,120,50.1,48.5,35.9 / 120,34.4 / 120
13320,AZ,Black/Grey,F,71,69.3,95.8,112,34.9,34.4,34.9,114,34.4,110,48.4,47.4,34.9 / 114,34.4 / 110
13320,AZ,Grey,F,71,68.8,95.3,113,34.5,34.3,34.5,113,34.3,112,47.8,47.5,34.5 / 113,34.3 / 112
20830,AZ,Blue,M,66,61.6,81.2,105,30.8,30.8,30.8,105,30.8,105,40.6,40.6,30.8 / 105,30.8 / 105
20830,AZ,White/Blue,M,66,60.9,79.9,102,30.1,30.8,30.1,99,30.8,105,39.3,40.6,30.1 / 99,30.8 / 105
20830,AZ,White,M,66,60.2,78.6,99,30.1,30.1,30.1,99,30.1,99,39.3,39.3,30.1 / 99,30.1 / 99
20830,AZ,Short White,M,66,59.6,77.6,97,29.8,29.8,29.8,97,29.8,97,38.8,38.8,29.8 / 97,29.8 / 97
20830,AZ,Red/White,M,66,59.0,76.4,94,28.9,30.1,28.9,88,30.1,99,37.1,39.3,28.9 / 88,30.1 / 99
20830,AZ,Red,M,66,57.8,74.2,88,28.9,28.9,28.9,88,28.9,88,37.1,37.1,28.9 / 88,28.9 / 88
20830,AZ,Blue,F,66,64.4,89.8,108,32.2,32.2,32.2,108,32.2,108,44.9,44.9,32.2 / 108,32.2 / 108
20830,AZ,White,F,66,62.4,87.4,106,31.2,31.2,31.2,106,31.2,106,43.7,43.7,31.2 / 106,31.2 / 106
20830,AZ,Short White,F,66,60.4,83.4,98,30.2,30.2,30.2,98,30.2,98,41.7,41.7,30.2 / 98,30.2 / 98
20830,AZ,Red,F,66,59.0,80.6,92,29.5,29.5,29.5,92,29.5,92,40.3,40.3,29.5 / 92,29.5 / 92
13338,AZ,Blue,M,70,68.2,89.3,114,32.3,35.9,32.3,112,35.9,115,42.7,46.6,32.3 / 112,35.9 / 115
13338,AZ,White,M,70,65.3,85.2,107,31.2,34.1,31.2,102,34.1,112,40.7,44.5,31.2 / 102,34.1 / 112
13338,AZ,Red,M,70,62.7,80.6,96,30.4,32.3,30.4,91,32.3,101,38.9,41.7,30.4 / 91,32.3 / 101
13338,AZ,White,F,72,71.1,98.3,115,33.8,37.3,33.8,110,37.3,120,46.8,51.5,33.8 / 110,37.3 / 120
13338,AZ,Red,F,72,66.5,91.1,105,31.6,34.9,31.6,100,34.9,109,43.4,47.7,31.6 / 100,34.9 / 109
13250,AZ,Back,M,72,72.2,95.1,124,35.8,36.4,35.8,124,36.4,123,47.3,47.8,35.8 / 124,36.4 / 123
13250,AZ,Middle Combo,M,72,70.4,92.5,119,35.1,35.3,35.1,118,35.3,119,46.1,46.4,35.1 / 118,35.3 / 119
13250,AZ,Middle,M,72,68.3,89.7,115,33.8,34.5,33.8,115,34.5,115,44.5,45.2,33.8 / 115,34.5 / 115
13250,AZ,Forward Combo,M,72,65.7,85.6,108,32.3,33.4,32.3,107,33.4,108,42.2,43.4,32.3 / 107,33.4 / 108
13250,AZ,Forward,M,72,62.7,81.6,102,31.1,31.6,31.1,102,31.6,101,40.6,41.0,31.1 / 102,31.6 / 101
13250,AZ,White,F,72,75.0,104.3,125,37.1,37.9,37.1,125,37.9,124,51.8,52.5,37.1 / 125,37.9 / 124
13250,AZ,Yellow/White Combo,F,72,71.2,98.4,115,35.0,36.2,35.0,114,36.2,116,48.5,49.9,35.0 / 114,36.2 / 116
13250,AZ,Yellow,F,72,67.4,92.3,106,33.6,33.8,33.6,106,33.8,105,46.1,46.2,33.6 / 106,33.8 / 105
13083,AZ,Blue,M,72,69.7,91.5,117,34.8,34.9,34.8,119,34.9,115,45.9,45.6,34.8 / 119,34.9 / 115
13083,AZ,White,M,72,66.9,87.0,109,33.0,33.9,33.0,110,33.9,107,43.2,43.8,33.0 / 110,33.9 / 107
13083,AZ,Black,M,72,66.0,85.3,104,32.5,33.5,32.5,102,33.5,105,42.0,43.3,32.5 / 102,33.5 / 105
13083,AZ,Copper,M,72,63.2,81.3,98,32.1,31.1,32.1,100,31.1,95,41.4,39.9,32.1 / 100,31.1 / 95
13083,AZ,White,F,72,73.3,101.8,121,36.3,37.0,36.3,119,37.0,123,50.3,51.5,36.3 / 119,37.0 / 123
13083,AZ,Black,F,72,71.8,99.5,117,35.3,36.5,35.3,114,36.5,120,48.8,50.7,35.3 / 114,36.5 / 120
13083,AZ,Copper,F,72,67.4,93.5,111,34.3,33.1,34.3,112,33.1,109,47.5,46.0,34.3 / 112,33.1 / 109
13148,AZ,Black,M,71,73.1,98.6,138,36.4,36.7,36.4,135,36.7,140,48.9,49.7,36.4 / 135,36.7 / 140
13148,AZ,Black/Blue,M,71,71.6,96.5,134,35.5,36.1,35.5,132,36.1,136,47.8,48.7,35.5 / 132,36.1 / 136
13148,AZ,Blue,M,71,70.5,94.8,131,35.1,35.4,35.1,128,35.4,133,47.0,47.8,35.1 / 128,35.4 / 133
13148,AZ,Blue/White,M,71,69.6,93.0,126,34.6,35.0,34.6,123,35.0,129,46.0,47.0,34.6 / 123,35.0 / 129
13148,AZ,White,M,71,67.9,90.4,121,33.8,34.1,33.8,119,34.1,123,44.9,45.5,33.8 / 119,34.1 / 123
13148,AZ,White/Red,M,71,66.1,88.0,118,32.9,33.2,32.9,116,33.2,119,43.7,44.3,32.9 / 116,33.2 / 119
13148,AZ,Red,M,71,64.4,85.5,114,32.2,32.2,32.2,114,32.2,113,42.8,42.7,32.2 / 114,32.2 / 113
13148,AZ,Gold,M,71,60.5,78.7,98,30.2,30.3,30.2,99,30.3,97,39.4,39.3,30.2 / 99,30.3 / 97
13148,AZ,The Horseshoe,M,54,50.6,63.2,68,25.3,25.3,25.3,68,25.3,68,31.6,31.6,25.3 / 68,25.3 / 68
13148,AZ,Blue/White,F,71,75.0,107.8,139,37.2,37.8,37.2,135,37.8,143,53.1,54.7,37.2 / 135,37.8 / 143
13148,AZ,White,F,71,73.7,105.7,136,36.6,37.1,36.6,131,37.1,140,52.1,53.6,36.6 / 131,37.1 / 140
13148,AZ,Red/White,F,71,70.7,100.0,124,34.9,35.8,34.9,120,35.8,128,49.1,50.9,34.9 / 120,35.8 / 128
13148,AZ,Red,F,71,68.6,96.5,119,34.1,34.5,34.1,117,34.5,120,47.9,48.6,34.1 / 117,34.5 / 120
13148,AZ,Red/Gold,F,71,63.8,88.7,106,31.8,32.0,31.8,106,32.0,105,44.3,44.4,31.8 / 106,32.0 / 105
13148,AZ,Gold,F,71,61.6,85.2,100,31.0,30.6,31.0,102,30.6,98,43.0,42.2,31.0 / 102,30.6 / 98
13148,AZ,The Horseshoe,F,54,53.4,71.4,76,26.7,26.7,26.7,76,26.7,76,35.7,35.7,26.7 / 76,26.7 / 76
13282,AZ,Blue,M,72,70.5,93.1,122,35.0,35.5,35.0,119,35.5,124,46.1,47.0,35.0 / 119,35.5 / 124
13282,AZ,White,M,72,68.3,90.2,118,33.9,34.4,33.9,115,34.4,121,44.6,45.6,33.9 / 115,34.4 / 121
13282,AZ,Gold,M,72,66.6,87.4,112,33.1,33.5,33.1,109,33.5,115,43.2,44.2,33.1 / 109,33.5 / 115
13282,AZ,Red,M,72,64.3,84.2,107,31.9,32.4,31.9,104,32.4,110,41.6,42.6,31.9 / 104,32.4 / 110
13282,AZ,Green,M,72,61.0,79.5,100,30.4,30.6,30.4,98,30.6,101,39.5,40.0,30.4 / 98,30.6 / 101
13282,AZ,White,F,72,73.5,102.0,121,36.5,37.0,36.5,119,37.0,123,50.5,51.5,36.5 / 119,37.0 / 123
13282,AZ,Gold,F,72,71.1,98.4,116,35.3,35.8,35.3,114,35.8,118,48.7,49.7,35.3 / 114,35.8 / 118
13282,AZ,Red,F,72,69.2,95.2,110,34.3,34.9,34.3,106,34.9,114,46.8,48.4,34.3 / 106,34.9 / 114
13282,AZ,Green,F,72,64.4,88.1,101,31.9,32.5,31.9,102,32.5,99,43.9,44.2,31.9 / 102,32.5 / 99
13206,AZ,Black,M,72,73.1,99.2,141,37.0,36.1,37.0,144,36.1,137,50.4,48.8,37.0 / 144,36.1 / 137
13206,AZ,Black/Gold,M,72,71.9,97.6,139,36.4,35.5,36.4,142,35.5,135,49.6,48.0,36.4 / 142,35.5 / 135
13206,AZ,Gold,M,72,70.6,95.9,136,35.6,35.0,35.6,141,35.0,131,48.7,47.2,35.6 / 141,35.0 / 131
13206,AZ,Gold/Silver,M,72,69.5,94.5,135,34.9,34.6,34.9,138,34.6,131,47.7,46.8,34.9 / 138,34.6 / 131
13206,AZ,Silver,M,72,68.5,92.7,130,34.5,34.0,34.5,132,34.0,128,46.8,45.9,34.5 / 132,34.0 / 128
13206,AZ,Silver/Green,M,72,67.5,90.2,123,33.8,33.7,33.8,121,33.7,124,45.0,45.2,33.8 / 121,33.7 / 124
13206,AZ,Green,M,72,66.6,87.9,115,33.0,33.6,33.0,114,33.6,115,43.6,44.3,33.0 / 114,33.6 / 115
13206,AZ,Green/Tan,M,72,64.9,85.8,113,32.0,32.9,32.0,110,32.9,115,42.2,43.6,32.0 / 110,32.9 / 115
13206,AZ,Tan,M,72,63.9,84.5,111,31.5,32.4,31.5,109,32.4,113,41.6,42.9,31.5 / 109,32.4 / 113
13206,AZ,Green,F,72,71.5,102.7,132,35.5,36.0,35.5,131,36.0,133,51.0,51.7,35.5 / 131,36.0 / 133
13206,AZ,Green/Tan,F,72,69.9,99.0,124,34.3,35.6,34.3,119,35.6,128,48.3,50.7,34.3 / 119,35.6 / 128
13206,AZ,Tan,F,72,68.7,96.7,119,33.6,35.1,33.6,116,35.1,121,47.3,49.4,33.6 / 116,35.1 / 121
13216,AZ,Blue,M,70,70.3,93.3,124,34.8,35.5,34.8,122,35.5,126,46.1,47.2,34.8 / 122,35.5 / 126
13216,AZ,Blue/White Combo,M,70,68.5,90.7,120,34.1,34.4,34.1,121,34.4,118,45.3,45.4,34.1 / 121,34.4 / 118
13216,AZ,White,M,70,67.8,89.3,116,33.7,34.1,33.7,113,34.1,118,44.2,45.1,33.7 / 113,34.1 / 118
13216,AZ,White/Gold Combo,M,70,67.0,88.2,114,33.3,33.7,33.3,113,33.7,115,43.8,44.4,33.3 / 113,33.7 / 115
13216,AZ,Gold,M,70,66.6,87.4,112,33.1,33.5,33.1,111,33.5,113,43.4,44.0,33.1 / 111,33.5 / 113
13216,AZ,Gold/Red Combo,M,70,65.4,85.5,109,32.7,32.7,32.7,107,32.7,110,42.6,42.9,32.7 / 107,32.7 / 110
13216,AZ,Red,M,70,63.9,83.5,105,31.9,32.0,31.9,105,32.0,105,41.7,41.8,31.9 / 105,32.0 / 105
13216,AZ,White,F,70,73.6,104.5,131,36.4,37.2,36.4,127,37.2,135,51.4,53.1,36.4 / 127,37.2 / 135
13216,AZ,White/Gold,F,70,72.9,103.4,129,36.0,36.9,36.0,127,36.9,131,51.0,52.4,36.0 / 127,36.9 / 131
13216,AZ,Gold,F,70,71.8,101.4,126,35.6,36.2,35.6,121,36.2,130,49.9,51.5,35.6 / 121,36.2 / 130
13216,AZ,Gold/Red Combo,F,70,70.6,99.4,122,35.2,35.4,35.2,120,35.4,124,49.4,50.0,35.2 / 120,35.4 / 124
13216,AZ,Red,F,70,69.4,96.8,117,34.5,34.9,34.5,114,34.9,119,47.9,48.9,34.5 / 114,34.9 / 119
13013,AZ,Canyon,M,71,69.7,92.9,125,34.3,35.4,34.3,124,35.4,126,45.8,47.1,34.3 / 124,35.4 / 126
13013,AZ,Sky,M,71,69.0,91.8,123,34.0,35.0,34.0,122,35.0,124,45.3,46.5,34.0 / 122,35.0 / 124
13013,AZ,Sky/Cactus,M,71,68.6,91.2,122,33.8,34.8,33.8,121,34.8,123,45.0,46.2,33.8 / 121,34.8 / 123
13013,AZ,Cactus,M,71,67.3,89.7,121,33.3,34.0,33.3,121,34.0,121,44.5,45.2,33.3 / 121,34.0 / 121
13013,AZ,Cactus/Sun,M,71,65.4,86.2,112,32.5,32.9,32.5,110,32.9,114,42.7,43.5,32.5 / 110,32.9 / 114
13013,AZ,Sun,M,71,63.2,82.7,105,31.5,31.7,31.5,104,31.7,105,41.2,41.5,31.5 / 104,31.7 / 105
13013,AZ,Cactus (Middle),F,71,73.0,102.0,123,36.0,37.0,36.0,122,37.0,124,50.4,51.6,36.0 / 122,37.0 / 124
13013,AZ,Cactus/Sun,F,71,71.0,99.2,120,35.1,35.9,35.1,120,35.9,120,49.2,50.0,35.1 / 120,35.9 / 120
13013,AZ,Sun (forward),F,71,68.5,95.5,115,33.9,34.6,33.9,114,34.6,115,47.3,48.2,33.9 / 114,34.6 / 115
13318,AZ,Gold,M,72,75.2,102.4,146,37.9,37.3,37.9,147,37.3,145,51.6,50.8,37.9 / 147,37.3 / 145
13318,AZ,Blue,M,72,74.2,100.4,141,37.4,36.8,37.4,142,36.8,140,50.6,49.8,37.4 / 142,36.8 / 140
13318,AZ,Red,M,72,73.0,98.3,137,36.7,36.3,36.7,139,36.3,134,49.6,48.7,36.7 / 139,36.3 / 134
13318,AZ,Black,M,72,71.9,96.7,134,36.1,35.8,36.1,135,35.8,132,48.7,48.0,36.1 / 135,35.8 / 132
13318,AZ,Black/Silver,M,72,71.0,95.1,130,35.6,35.4,35.6,131,35.4,128,47.8,47.3,35.6 / 131,35.4 / 128
13318,AZ,Silver,M,72,70.2,93.7,127,35.2,35.0,35.2,129,35.0,124,47.2,46.5,35.2 / 129,35.0 / 124
13318,AZ,Green,M,72,68.0,90.7,123,34.0,34.0,34.0,124,34.0,121,45.5,45.2,34.0 / 124,34.0 / 121
13318,AZ,White,M,72,65.8,87.5,117,32.9,32.9,32.9,119,32.9,114,44.0,43.5,32.9 / 119,32.9 / 114
13318,AZ,Copper,M,72,64.2,85.6,115,32.4,31.8,32.4,117,31.8,113,43.3,42.3,32.4 / 117,31.8 / 113
13318,AZ,Gold,F,72,81.1,115.8,147,40.9,40.2,40.9,149,40.2,145,58.5,57.3,40.9 / 149,40.2 / 145
13318,AZ,Blue,F,72,79.3,112.8,142,40.0,39.3,40.0,144,39.3,140,57.0,55.8,40.0 / 144,39.3 / 140
13318,AZ,Black,F,72,77.5,110.1,138,39.0,38.5,39.0,139,38.5,137,55.4,54.7,39.0 / 139,38.5 / 137
13318,AZ,Black/Silver,F,72,76.1,108.2,136,38.2,37.9,38.2,138,37.9,134,54.5,53.7,38.2 / 138,37.9 / 134
13318,AZ,Silver,F,72,75.2,107.1,135,37.8,37.4,37.8,137,37.4,133,54.0,53.1,37.8 / 137,37.4 / 133
13318,AZ,Green,F,72,73.0,103.5,130,36.5,36.5,36.5,131,36.5,128,51.9,51.6,36.5 / 131,36.5 / 128
13318,AZ,White,F,72,70.9,100.7,127,35.6,35.3,35.6,128,35.3,125,50.7,50.0,35.6 / 128,35.3 / 125
13318,AZ,Copper,F,72,68.9,97.7,122,34.8,34.1,34.8,123,34.1,121,49.3,48.4,34.8 / 123,34.1 / 121
13073,AZ,Nicklaus,M,72,74.0,101.9,151,37.0,37.0,37.0,152,37.0,149,51.1,50.8,37.0 / 152,37.0 / 149
13073,AZ,Highlands,M,72,73.2,100.5,147,36.6,36.6,36.6,147,36.6,146,50.3,50.2,36.6 / 147,36.6 / 146
13073,AZ,Palmer,M,72,72.3,99.1,144,36.0,36.3,36.0,146,36.3,142,49.6,49.5,36.0 / 146,36.3 / 142
13073,AZ,Player(F) Palmer(B),M,72,71.5,97.0,137,35.2,36.3,35.2,132,36.3,142,47.5,49.5,35.2 / 132,36.3 / 142
13073,AZ,Member,M,72,71.4,96.8,137,35.6,35.8,35.6,139,35.8,135,48.5,48.3,35.6 / 139,35.8 / 135
13073,AZ,Player,M,72,70.5,95.0,132,35.2,35.3,35.2,132,35.3,131,47.5,47.5,35.2 / 132,35.3 / 131
13073,AZ,Gentlemen,M,72,69.2,93.0,128,34.7,34.5,34.7,128,34.5,128,46.6,46.4,34.7 / 128,34.5 / 128
13073,AZ,Watson,M,72,68.1,91.4,126,34.2,33.9,34.2,124,33.9,127,45.7,45.7,34.2 / 124,33.9 / 127
13073,AZ,Red,M,72,66.0,88.7,123,33.2,32.8,33.2,121,32.8,124,44.4,44.3,33.2 / 121,32.8 / 124
13073,AZ,Green,M,72,64.2,86.4,120,32.2,32.0,32.2,117,32.0,122,43.1,43.3,32.2 / 117,32.0 / 122
13073,AZ,Short Course,M,72,60.3,80.2,107,30.2,30.1,30.2,105,30.1,109,40.0,40.2,30.2 / 105,30.1 / 109
13073,AZ,White(W),F,72,77.0,111.7,148,38.8,38.2,38.8,147,38.2,148,56.1,55.6,38.8 / 147,38.2 / 148
13073,AZ,White/Gold,F,72,75.4,109.5,145,38.1,37.3,38.1,144,37.3,145,55.1,54.4,38.1 / 144,37.3 / 145
13073,AZ,Back (W),F,72,74.3,107.8,142,37.4,36.9,37.4,142,36.9,142,54.1,53.7,37.4 / 142,36.9 / 142
13073,AZ,Back Combo,F,72,72.5,104.9,138,36.6,35.9,36.6,137,35.9,138,52.7,52.2,36.6 / 137,35.9 / 138
13073,AZ,Middle (W),F,72,71.8,102.8,132,36.4,35.4,36.4,131,35.4,132,51.8,51.0,36.4 / 131,35.4 / 132
13073,AZ,Front Combo,F,72,70.6,100.6,128,35.9,34.7,35.9,126,34.7,129,50.7,49.9,35.9 / 126,34.7 / 129
13073,AZ,Forward (W),F,72,69.5,98.0,121,35.3,34.2,35.3,116,34.2,126,49.0,49.0,35.3 / 116,34.2 / 126
13073,AZ,Short Course,F,72,63.1,89.4,108,32.1,31.0,32.1,105,31.0,110,44.5,44.0,32.1 / 105,31.0 / 110
13254,AZ,Blue,M,72,71.5,95.6,130,35.9,35.6,35.9,129,35.6,130,47.9,47.7,35.9 / 129,35.6 / 130
13254,AZ,Blue/White,M,72,70.6,94.2,127,35.5,35.1,35.5,127,35.1,127,47.3,46.9,35.5 / 127,35.1 / 127
13254,AZ,White,M,72,70.0,93.0,124,35.2,34.8,35.2,125,34.8,123,46.8,46.2,35.2 / 125,34.8 / 123
13254,AZ,White/Gold,M,72,69.0,91.6,122,34.7,34.3,34.7,123,34.3,121,46.1,45.5,34.7 / 123,34.3 / 121
13254,AZ,Gold,M,72,68.3,90.7,121,34.4,33.9,34.4,123,33.9,118,45.8,44.9,34.4 / 123,33.9 / 118
13254,AZ,Gold/Silver,M,72,66.8,88.8,118,33.7,33.1,33.7,119,33.1,117,44.8,44.0,33.7 / 119,33.1 / 117
13254,AZ,Silver,M,72,65.6,86.7,114,33.1,32.5,33.1,114,32.5,113,43.7,43.0,33.1 / 114,32.5 / 113
13254,AZ,Silver/Turquoise,M,72,63.3,83.4,109,31.9,31.4,31.9,109,31.4,108,42.0,41.4,31.9 / 109,31.4 / 108
13254,AZ,Turquoise,M,72,60.7,80.1,105,30.8,29.9,30.8,107,29.9,102,40.7,39.4,30.8 / 107,29.9 / 102
13254,AZ,Gold,F,72,74.3,105.8,134,37.4,36.9,37.4,135,36.9,132,53.3,52.5,37.4 / 135,36.9 / 132
13254,AZ,Gold/Silver,F,72,72.7,103.3,130,36.7,36.0,36.7,131,36.0,128,52.2,51.1,36.7 / 131,36.0 / 128
13254,AZ,Silver,F,72,70.7,100.6,127,35.5,35.2,35.5,129,35.2,125,50.7,49.9,35.5 / 129,35.2 / 125
13254,AZ,Silver/Turquoise,F,72,67.6,96.0,121,33.9,33.7,33.9,122,33.7,119,48.3,47.7,33.9 / 122,33.7 / 119
13254,AZ,Turquoise,F,72,64.0,90.6,113,32.5,31.5,32.5,115,31.5,110,46.1,44.5,32.5 / 115,31.5 / 110
13260,AZ,Championship,M,72,72.2,94.6,121,35.8,36.4,35.8,117,36.4,124,46.7,47.9,35.8 / 117,36.4 / 124
13260,AZ,White,M,72,69.9,91.6,117,35.2,34.7,35.2,114,34.7,119,45.8,45.8,35.2 / 114,34.7 / 119
13260,AZ,Red,M,72,67.1,88.1,113,33.9,33.2,33.9,113,33.2,113,44.4,43.7,33.9 / 113,33.2 / 113
13260,AZ,Gold,M,72,64.3,83.3,102,32.6,31.7,32.6,104,31.7,100,42.3,41.0,32.6 / 104,31.7 / 100
13260,AZ,White,F,73,75.3,105.0,126,38.1,37.2,38.1,128,37.2,124,53.2,51.8,38.1 / 128,37.2 / 124
13260,AZ,Red,F,73,72.1,99.9,118,36.6,35.5,36.6,120,35.5,115,50.8,49.1,36.6 / 120,35.5 / 115
13260,AZ,Red/Gold,F,73,70.8,97.7,114,35.9,34.9,35.9,115,34.9,113,49.5,48.2,35.9 / 115,34.9 / 113
13260,AZ,Gold,F,73,68.7,94.6,110,34.8,33.9,34.8,113,33.9,107,48.1,46.5,34.8 / 113,33.9 / 107
13322,AZ,Black/Blue Combo,M,62,59.6,76.4,90,29.8,29.8,29.8,90,29.8,90,38.2,38.2,29.8 / 90,29.8 / 90
13322,AZ,Blue,M,62,58.4,74.6,87,29.2,29.2,29.2,87,29.2,87,37.3,37.3,29.2 / 87,29.2 / 87
13322,AZ,White,M,62,56.8,72.0,82,28.4,28.4,28.4,82,28.4,82,36.0,36.0,28.4 / 82,28.4 / 82
13322,AZ,Red,M,62,54.0,68.4,77,27.0,27.0,27.0,77,27.0,77,34.2,34.2,27.0 / 77,27.0 / 77
13322,AZ,Black/Blue Combo,F,62,63.0,85.6,96,31.5,31.5,31.5,96,31.5,96,42.8,42.8,31.5 / 96,31.5 / 96
13322,AZ,Blue,F,62,61.4,83.4,93,30.7,30.7,30.7,93,30.7,93,41.7,41.7,30.7 / 93,30.7 / 93
13322,AZ,White,F,62,58.8,79.8,89,29.4,29.4,29.4,89,29.4,89,39.9,39.9,29.4 / 89,29.4 / 89
13322,AZ,Red,F,62,56.6,76.0,82,28.3,28.3,28.3,82,28.3,82,38.0,38.0,28.3 / 82,28.3 / 82
13047,AZ,Golden Bear (Left #18),M,72,73.9,98.8,135,37.0,36.9,37.0,135,36.9,134,49.5,49.3,37.0 / 135,36.9 / 134
13047,AZ,Golden Bear,M,72,73.5,98.3,134,37.0,36.5,37.0,135,36.5,132,49.5,48.8,37.0 / 135,36.5 / 132
13047,AZ,Blue (Left #18),M,72,72.1,96.2,130,36.1,36.0,36.1,130,36.0,129,48.2,48.0,36.1 / 130,36.0 / 129
13047,AZ,Blue,M,72,71.7,95.6,129,36.1,35.6,36.1,130,35.6,127,48.2,47.4,36.1 / 130,35.6 / 127
13047,AZ,Blue/Copper (Left #18),M,72,70.8,94.6,128,35.5,35.3,35.5,129,35.3,127,47.5,47.1,35.5 / 129,35.3 / 127
13047,AZ,Blue/Copper,M,72,70.4,94.0,127,35.5,34.9,35.5,129,34.9,125,47.5,46.5,35.5 / 129,34.9 / 125
13047,AZ,Copper (Left #18),M,72,70.2,93.6,126,35.0,35.2,35.0,126,35.2,126,46.7,46.9,35.0 / 126,35.2 / 126
13047,AZ,Copper/White (Left #18),M,72,69.9,92.9,124,34.9,35.0,34.9,124,35.0,124,46.4,46.5,34.9 / 124,35.0 / 124
13047,AZ,Copper,M,72,69.8,93.0,125,35.0,34.8,35.0,126,34.8,124,46.7,46.3,35.0 / 126,34.8 / 124
13047,AZ,White (Left #18),M,72,69.6,92.2,122,34.8,34.8,34.8,123,34.8,121,46.2,46.0,34.8 / 123,34.8 / 121
13047,AZ,Copper/White,M,72,69.5,92.3,123,34.9,34.6,34.9,124,34.6,122,46.4,45.9,34.9 / 124,34.6 / 122
13047,AZ,White,M,72,69.2,91.5,120,34.8,34.4,34.8,123,34.4,117,46.2,45.3,34.8 / 123,34.4 / 117
13047,AZ,White/Red (Left #18),M,72,68.5,90.6,119,34.1,34.4,34.1,121,34.4,117,45.3,45.3,34.1 / 121,34.4 / 117
13047,AZ,White/Red,M,72,68.1,90.0,118,34.1,34.0,34.1,121,34.0,115,45.3,44.7,34.1 / 121,34.0 / 115
13047,AZ,Red (Left #18),M,72,66.5,88.1,116,33.2,33.3,33.2,118,33.3,114,44.2,43.9,33.2 / 118,33.3 / 114
13047,AZ,Red,M,72,66.1,87.5,115,33.2,32.9,33.2,118,32.9,112,44.2,43.3,33.2 / 118,32.9 / 112
13047,AZ,Red/Green (Left #18),M,72,64.5,85.7,114,32.0,32.5,32.0,116,32.5,112,42.8,42.9,32.0 / 116,32.5 / 112
13047,AZ,Red/Green,M,72,64.1,84.9,112,32.0,32.1,32.0,116,32.1,108,42.8,42.1,32.0 / 116,32.1 / 108
13047,AZ,Green (Left #18),M,72,62.5,82.9,110,31.2,31.3,31.2,114,31.3,105,41.8,41.1,31.2 / 114,31.3 / 105
13047,AZ,Green,M,72,62.1,82.4,109,31.2,30.9,31.2,114,30.9,104,41.8,40.6,31.2 / 114,30.9 / 104
13047,AZ,Copper (Left #18),F,72,76.0,108.6,138,38.0,38.0,38.0,137,38.0,139,54.2,54.4,38.0 / 137,38.0 / 139
13047,AZ,Copper,F,72,75.7,108.1,137,38.0,37.7,38.0,137,37.7,137,54.2,53.9,38.0 / 137,37.7 / 137
13047,AZ,Copper/White (Left #18),F,72,75.7,107.9,137,37.7,38.0,37.7,135,38.0,138,53.6,54.3,37.7 / 135,38.0 / 138
13047,AZ,Copper/White,F,72,75.4,107.3,136,37.7,37.7,37.7,135,37.7,136,53.6,53.7,37.7 / 135,37.7 / 136
13047,AZ,White (Left #18),F,72,74.5,106.0,134,37.5,37.0,37.5,133,37.0,134,53.2,52.8,37.5 / 133,37.0 / 134
13047,AZ,White,F,72,74.1,105.2,132,37.5,36.6,37.5,133,36.6,131,53.2,52.0,37.5 / 133,36.6 / 131
13047,AZ,White/Red (Left #18),F,72,72.7,103.1,129,36.2,36.5,36.2,129,36.5,129,51.4,51.7,36.2 / 129,36.5 / 129
13047,AZ,White/Red,F,72,72.3,102.3,128,36.2,36.1,36.2,129,36.1,126,51.4,50.9,36.2 / 129,36.1 / 126
13047,AZ,Red (Left #18),F,72,71.2,100.7,125,35.8,35.4,35.8,126,35.4,124,50.7,50.0,35.8 / 126,35.4 / 124
13047,AZ,Red,F,72,70.8,100.1,124,35.8,35.0,35.8,126,35.0,122,50.7,49.4,35.8 / 126,35.0 / 122
13047,AZ,Red/Green (Left #18),F,72,68.0,96.1,120,33.9,34.1,33.9,120,34.1,119,48.0,48.1,33.9 / 120,34.1 / 119
13047,AZ,Combo,F,72,67.8,95.7,119,33.9,33.9,33.9,120,33.9,117,48.0,47.7,33.9 / 120,33.9 / 117
13047,AZ,Red/Green,F,72,67.6,95.5,119,33.9,33.7,33.9,120,33.7,117,48.0,47.5,33.9 / 120,33.7 / 117
13047,AZ,Green (Left #18),F,72,65.9,92.6,113,33.0,32.9,33.0,115,32.9,111,46.6,46.0,33.0 / 115,32.9 / 111
13047,AZ,Green,F,72,65.5,92.0,112,33.0,32.5,33.0,115,32.5,109,46.6,45.4,33.0 / 115,32.5 / 109
13049,AZ,Golden Bear,M,72,74.6,101.8,147,36.9,37.7,36.9,141,37.7,152,50.0,51.8,36.9 / 141,37.7 / 152
13049,AZ,Blue,M,72,72.0,98.0,140,35.5,36.5,35.5,136,36.5,144,48.1,49.9,35.5 / 136,36.5 / 144
13049,AZ,Blue/Copper,M,72,70.2,95.8,138,35.0,35.2,35.0,135,35.2,141,47.5,48.3,35.0 / 135,35.2 / 141
13049,AZ,Copper,M,72,70.1,95.7,138,35.0,35.1,35.0,135,35.1,141,47.5,48.2,35.0 / 135,35.1 / 141
13049,AZ,Copper/White,M,72,69.8,95.2,137,34.8,35.0,34.8,133,35.0,140,47.2,48.0,34.8 / 133,35.0 / 140
13049,AZ,White,M,72,69.4,94.5,135,34.4,35.0,34.4,132,35.0,138,46.7,47.8,34.4 / 132,35.0 / 138
13049,AZ,White/Red,M,72,67.8,92.1,131,34.0,33.8,34.0,129,33.8,132,46.0,46.1,34.0 / 129,33.8 / 132
13049,AZ,Red,M,72,66.0,89.6,127,33.0,33.0,33.0,124,33.0,130,44.5,45.1,33.0 / 124,33.0 / 130
13049,AZ,Red/Green,M,72,65.3,88.4,125,32.9,32.4,32.9,122,32.4,127,44.2,44.2,32.9 / 122,32.4 / 127
13049,AZ,Green,M,72,63.4,85.4,119,31.6,31.8,31.6,114,31.8,123,42.2,43.2,31.6 / 114,31.8 / 123
13049,AZ,Copper,F,72,76.6,111.8,149,38.2,38.4,38.2,144,38.4,154,55.2,56.6,38.2 / 144,38.4 / 154
13049,AZ,Copper/White,F,72,76.4,111.3,148,38.0,38.4,38.0,143,38.4,153,54.9,56.4,38.0 / 143,38.4 / 153
13049,AZ,White,F,72,75.9,110.3,146,37.4,38.5,37.4,140,38.5,152,53.9,56.4,37.4 / 140,38.5 / 152
13049,AZ,White/Red,F,71,73.7,106.5,141,36.7,37.0,36.7,138,37.0,143,52.8,53.7,36.7 / 138,37.0 / 143
13049,AZ,Red,F,72,72.3,104.9,138,35.8,36.5,35.8,134,36.5,142,51.6,53.3,35.8 / 134,36.5 / 142
13049,AZ,Red/Green,F,72,70.0,100.4,129,34.9,35.1,34.9,128,35.1,130,50.0,50.4,34.9 / 128,35.1 / 130
13049,AZ,Green,F,72,68.7,98.5,127,34.3,34.4,34.3,125,34.4,128,49.0,49.5,34.3 / 125,34.4 / 128
35378,AZ,Golden Bear,M,34,35.9,48.9,140,35.9,,35.9,140,,,48.9,,35.9 / 140,/
35378,AZ,Blue,M,34,34.8,47.1,132,34.8,,34.8,132,,,47.1,,34.8 / 132,/
35378,AZ,Blue/Copper,M,34,34.0,46.0,129,34.0,,34.0,129,,,46.0,,34.0 / 129,/
35378,AZ,Copper,M,34,34.0,46.0,129,34.0,,34.0,129,,,46.0,,34.0 / 129,/
35378,AZ,Copper/White,M,34,34.0,46.0,129,34.0,,34.0,129,,,46.0,,34.0 / 129,/
35378,AZ,White,M,34,33.5,45.4,128,33.5,,33.5,128,,,45.4,,33.5 / 128,/
35378,AZ,White/Red,M,34,32.4,44.1,126,32.4,,32.4,126,,,44.1,,32.4 / 126,/
35378,AZ,Red,M,34,31.9,43.3,123,31.9,,31.9,123,,,43.3,,31.9 / 123,/
35378,AZ,Red/Green,M,34,31.4,42.5,119,31.4,,31.4,119,,,42.5,,31.4 / 119,/
35378,AZ,Green,M,34,30.7,41.5,116,30.7,,30.7,116,,,41.5,,30.7 / 116,/
35378,AZ,White,F,34,36.0,52.5,140,36.0,,36.0,140,,,52.5,,36.0 / 140,/
35378,AZ,White/Red,F,34,35.4,51.6,137,35.4,,35.4,137,,,51.6,,35.4 / 137,/
35378,AZ,Red,F,34,35.0,50.8,134,35.0,,35.0,134,,,50.8,,35.0 / 134,/
35378,AZ,Red/Green,F,34,33.8,49.0,129,33.8,,33.8,129,,,49.0,,33.8 / 129,/
35378,AZ,Green,F,34,33.0,47.6,124,33.0,,33.0,124,,,47.6,,33.0 / 124,/
13048,AZ,Golden Bear,M,72,72.8,99.4,143,36.8,36.0,36.8,144,36.0,142,50.2,49.2,36.8 / 144,36.0 / 142
13048,AZ,Blue,M,72,70.7,95.9,136,35.7,35.0,35.7,136,35.0,136,48.3,47.6,35.7 / 136,35.0 / 136
13048,AZ,Blue/Copper,M,72,70.1,95.0,134,35.3,34.8,35.3,135,34.8,133,47.8,47.2,35.3 / 135,34.8 / 133
13048,AZ,Copper,M,72,69.2,93.4,130,34.9,34.3,34.9,130,34.3,130,47.0,46.4,34.9 / 130,34.3 / 130
13048,AZ,Copper/White,M,72,68.7,92.3,127,34.4,34.3,34.4,127,34.3,127,46.2,46.1,34.4 / 127,34.3 / 127
13048,AZ,White,M,72,67.3,90.3,124,33.7,33.6,33.7,124,33.6,124,45.2,45.1,33.7 / 124,33.6 / 124
13048,AZ,White/Red,M,72,66.2,88.6,121,32.9,33.3,32.9,119,33.3,122,44.0,44.6,32.9 / 119,33.3 / 122
13048,AZ,Red,M,72,64.3,85.9,116,32.1,32.2,32.1,116,32.2,116,42.9,43.0,32.1 / 116,32.2 / 116
13048,AZ,Red/Green,M,72,62.9,83.5,111,31.4,31.5,31.4,111,31.5,111,41.7,41.8,31.4 / 111,31.5 / 111
13048,AZ,Green,M,72,61.3,80.8,105,30.6,30.7,30.6,104,30.7,105,40.3,40.5,30.6 / 104,30.7 / 105
13048,AZ,Copper,F,72,75.0,109.2,145,38.0,37.0,38.0,148,37.0,142,55.5,53.7,38.0 / 148,37.0 / 142
13048,AZ,Copper/White,F,72,73.8,107.3,142,37.2,36.6,37.2,145,36.6,139,54.3,53.0,37.2 / 145,36.6 / 139
13048,AZ,White,F,72,73.0,105.9,140,36.8,36.2,36.8,143,36.2,136,53.7,52.2,36.8 / 143,36.2 / 136
13048,AZ,White/Red,F,72,71.4,102.3,131,35.7,35.7,35.7,132,35.7,130,51.3,51.0,35.7 / 132,35.7 / 130
13048,AZ,Red,F,72,70.0,99.3,125,34.9,35.1,34.9,123,35.1,126,49.4,49.9,34.9 / 123,35.1 / 126
13048,AZ,Red/Green,F,72,66.7,94.7,119,33.2,33.5,33.2,115,33.5,122,46.8,47.9,33.2 / 115,33.5 / 122
13048,AZ,Green,F,72,64.9,91.5,113,32.6,32.3,32.6,107,32.3,119,45.2,46.3,32.6 / 107,32.3 / 119
13051,AZ,Golden Bear,M,72,74.8,102.1,147,37.7,37.1,37.7,149,37.1,145,51.5,50.6,37.7 / 149,37.1 / 145
13051,AZ,Blue,M,72,72.0,97.7,139,36.4,35.6,36.4,139,35.6,138,49.3,48.4,36.4 / 139,35.6 / 138
13051,AZ,Blue / Copper,M,72,71.0,95.9,134,35.7,35.3,35.7,135,35.3,133,48.2,47.7,35.7 / 135,35.3 / 133
13051,AZ,Copper,M,72,70.2,94.7,132,35.4,34.8,35.4,133,34.8,130,47.8,46.9,35.4 / 133,34.8 / 130
13051,AZ,Copper/White,M,72,69.2,93.1,129,34.9,34.3,34.9,130,34.3,127,47.0,46.1,34.9 / 130,34.3 / 127
13051,AZ,White,M,72,68.4,91.9,127,34.5,33.9,34.5,127,33.9,126,46.3,45.6,34.5 / 127,33.9 / 126
13051,AZ,White/Red,M,72,66.6,89.6,124,33.6,33.0,33.6,124,33.0,124,45.1,44.5,33.6 / 124,33.0 / 124
13051,AZ,Red,M,72,65.3,87.9,122,33.3,32.0,33.3,123,32.0,121,44.7,43.2,33.3 / 123,32.0 / 121
13051,AZ,Red/Green,M,72,62.7,84.4,117,31.5,31.2,31.5,117,31.2,116,42.4,42.0,31.5 / 117,31.2 / 116
13051,AZ,Green,M,72,61.3,82.2,113,30.9,30.4,30.9,113,30.4,112,41.4,40.8,30.9 / 113,30.4 / 112
13051,AZ,Copper,F,72,78.5,114.4,152,39.8,38.7,39.8,154,38.7,150,58.0,56.4,39.8 / 154,38.7 / 150
13051,AZ,Copper/White,F,72,77.1,112.2,149,39.0,38.1,39.0,151,38.1,147,56.8,55.4,39.0 / 151,38.1 / 147
13051,AZ,White,F,72,76.0,110.6,147,38.4,37.6,38.4,148,37.6,145,55.9,54.7,38.4 / 148,37.6 / 145
13051,AZ,White/Red,F,72,73.7,106.9,141,37.2,36.5,37.2,143,36.5,138,54.1,52.8,37.2 / 143,36.5 / 138
13051,AZ,Red,F,72,70.8,102.6,135,36.1,34.7,36.1,137,34.7,133,52.2,50.4,36.1 / 137,34.7 / 133
13051,AZ,Red/Green,F,72,67.5,97.2,126,33.9,33.6,33.9,127,33.6,125,48.9,48.3,33.9 / 127,33.6 / 125
13051,AZ,Green,F,72,65.9,94.4,121,33.2,32.7,33.2,123,32.7,119,47.7,46.7,33.2 / 123,32.7 / 119
13050,AZ,Golden Bear,M,72,74.7,102.4,149,38.1,36.6,38.1,147,36.6,151,51.8,50.6,38.1 / 147,36.6 / 151
13050,AZ,Blue,M,72,71.7,98.2,143,36.5,35.2,36.5,142,35.2,143,49.7,48.5,36.5 / 142,35.2 / 143
13050,AZ,Copper,M,72,70.6,96.8,141,36.1,34.5,36.1,141,34.5,141,49.2,47.6,36.1 / 141,34.5 / 141
13050,AZ,Copper/White,M,72,70.2,96.0,139,35.7,34.5,35.7,140,34.5,138,48.7,47.3,35.7 / 140,34.5 / 138
13050,AZ,White,M,72,69.3,94.2,134,35.5,33.8,35.5,136,33.8,132,48.1,46.1,35.5 / 136,33.8 / 132
13050,AZ,White/Red,M,72,67.0,91.2,130,34.1,32.9,34.1,131,32.9,129,46.3,44.9,34.1 / 131,32.9 / 129
13050,AZ,Red,M,72,65.3,88.4,125,33.4,31.9,33.4,127,31.9,122,45.2,43.2,33.4 / 127,31.9 / 122
13050,AZ,Red/Green,M,72,62.7,84.7,119,31.7,31.0,31.7,122,31.0,115,43.0,41.7,31.7 / 122,31.0 / 115
13050,AZ,Green,M,72,60.9,82.5,116,30.8,30.1,30.8,119,30.1,113,41.9,40.6,30.8 / 119,30.1 / 113
13050,AZ,Copper,F,72,77.4,113.6,153,39.6,37.8,39.6,155,37.8,151,58.0,55.6,39.6 / 155,37.8 / 151
13050,AZ,Copper/White,F,72,76.8,112.4,151,39.2,37.6,39.2,153,37.6,148,57.3,55.1,39.2 / 153,37.6 / 148
13050,AZ,White,F,72,76.0,111.0,149,39.0,37.0,39.0,152,37.0,145,56.9,54.1,39.0 / 152,37.0 / 145
13050,AZ,White/Red,F,72,72.4,105.4,140,37.0,35.4,37.0,141,35.4,139,53.6,51.8,37.0 / 141,35.4 / 139
13050,AZ,Red,F,72,70.6,101.2,130,36.2,34.4,36.2,130,34.4,130,51.5,49.7,36.2 / 130,34.4 / 130
13050,AZ,Red/Green,F,72,66.4,95.3,123,33.7,32.7,33.7,123,32.7,122,48.2,47.1,33.7 / 123,32.7 / 122
13050,AZ,Green,F,72,63.8,91.6,118,32.5,31.3,32.5,119,31.3,117,46.5,45.1,32.5 / 119,31.3 / 117
13053,AZ,Golden Bear (Gold Flags),M,72,77.8,105.5,150,39.0,38.8,39.0,149,38.8,150,52.8,52.7,39.0 / 149,38.8 / 150
13053,AZ,Tee 1 (Gold Flags),M,72,74.8,101.7,145,37.6,37.2,37.6,143,37.2,146,50.9,50.8,37.6 / 143,37.2 / 146
13053,AZ,Golden Bear (White Flags),M,72,73.9,100.4,143,37.0,36.9,37.0,143,36.9,142,50.3,50.1,37.0 / 143,36.9 / 142
13053,AZ,Tee 2 (Gold Flags),M,72,72.4,97.8,137,36.3,36.1,36.3,137,36.1,137,49.0,48.8,36.3 / 137,36.1 / 137
13053,AZ,Tee 1 (White Flags),M,72,71.0,95.9,134,35.3,35.7,35.3,133,35.7,134,47.7,48.2,35.3 / 133,35.7 / 134
13053,AZ,Tee 3 (Gold Flags),M,72,70.5,95.2,133,35.4,35.1,35.4,133,35.1,132,47.8,47.4,35.4 / 133,35.1 / 132
13053,AZ,Combo (White Flags),M,72,70.0,94.0,129,34.8,35.2,34.8,128,35.2,130,46.7,47.3,34.8 / 128,35.2 / 130
13053,AZ,Tee 2 (White Flags),M,72,69.5,92.6,125,34.6,34.9,34.6,124,34.9,125,46.1,46.5,34.6 / 124,34.9 / 125
13053,AZ,Tee 4 (Gold Flags),M,72,68.4,91.9,127,34.2,34.2,34.2,126,34.2,127,45.9,46.0,34.2 / 126,34.2 / 127
13053,AZ,Tee 3 (White Flags),M,72,67.2,89.3,119,33.5,33.7,33.5,118,33.7,120,44.5,44.8,33.5 / 118,33.7 / 120
13053,AZ,Tee 5 (Gold Flags),M,72,66.1,88.2,119,33.2,32.9,33.2,119,32.9,118,44.3,43.9,33.2 / 119,32.9 / 118
13053,AZ,Tee 4 (White Flags),M,72,65.0,86.0,113,32.4,32.6,32.4,111,32.6,115,42.7,43.3,32.4 / 111,32.6 / 115
13053,AZ,Tee 6 (Gold Flags),M,72,64.7,84.9,110,32.4,32.3,32.4,111,32.3,108,42.7,42.2,32.4 / 111,32.3 / 108
13053,AZ,Tee 5 (White Flags),M,72,62.8,82.3,105,31.2,31.6,31.2,103,31.6,107,40.8,41.5,31.2 / 103,31.6 / 107
13053,AZ,Tee 6 (White Flags),M,72,61.2,80.0,101,30.4,30.8,30.4,100,30.8,102,39.7,40.3,30.4 / 100,30.8 / 102
13053,AZ,Tee 4 (Gold Flags),F,72,74.5,108.4,144,37.7,36.8,37.7,145,36.8,142,54.8,53.6,37.7 / 145,36.8 / 142
13053,AZ,Tee 3 (White Flags),F,72,73.6,106.3,139,36.4,37.2,36.4,136,37.2,142,52.4,53.9,36.4 / 136,37.2 / 142
13053,AZ,Tee 5 (Gold Flags),F,72,71.8,104.9,141,36.2,35.6,36.2,142,35.6,139,52.9,52.0,36.2 / 142,35.6 / 139
13053,AZ,Tee 4 (White Flags),F,72,70.8,102.0,133,35.1,35.7,35.1,130,35.7,135,50.4,51.6,35.1 / 130,35.7 / 135
13053,AZ,Tee 6 (Gold Flags),F,72,68.9,99.5,130,34.4,34.5,34.4,132,34.5,127,50.0,49.5,34.4 / 132,34.5 / 127
13053,AZ,Tee 5 (White Flags),F,72,68.3,97.7,125,33.9,34.4,33.9,125,34.4,125,48.6,49.1,33.9 / 125,34.4 / 125
13053,AZ,Combo (White Flags),F,72,67.6,95.9,120,33.5,34.1,33.5,119,34.1,121,47.5,48.4,33.5 / 119,34.1 / 121
13053,AZ,Tee 6 (White Flags),F,72,65.8,93.5,117,32.5,33.3,32.5,114,33.3,120,46.0,47.5,32.5 / 114,33.3 / 120
28872,AZ,One,M,54,54.8,69.8,81,27.0,27.8,27.0,75,27.8,86,34.0,35.8,27.0 / 75,27.8 / 86
28872,AZ,Two,M,54,53.1,67.5,78,26.3,26.8,26.3,73,26.8,82,33.1,34.4,26.3 / 73,26.8 / 82
28872,AZ,Three,M,54,52.4,66.4,76,25.9,26.5,25.9,71,26.5,80,32.5,33.9,25.9 / 71,26.5 / 80
28872,AZ,Four,M,54,50.3,63.6,72,24.9,25.4,24.9,67,25.4,76,31.1,32.5,24.9 / 67,25.4 / 76
28872,AZ,One,F,54,57.1,77.8,88,28.2,28.9,28.2,81,28.9,94,37.8,40.0,28.2 / 81,28.9 / 94
28872,AZ,Two,F,54,55.7,75.2,83,27.7,28.0,27.7,77,28.0,88,36.8,38.4,27.7 / 77,28.0 / 88
28872,AZ,Three,F,54,55.1,74.2,81,27.4,27.7,27.4,75,27.7,86,36.3,37.9,27.4 / 75,27.7 / 86
28872,AZ,Four,F,54,52.8,70.7,76,26.1,26.7,26.1,70,26.7,81,34.4,36.3,26.1 / 70,26.7 / 81
13232,AZ,Black,M,72,72.1,95.1,124,35.7,36.4,35.7,122,36.4,126,47.0,48.1,35.7 / 122,36.4 / 126
13232,AZ,Black/Blue,M,72,71.2,93.7,121,35.5,35.7,35.5,119,35.7,123,46.6,47.1,35.5 / 119,35.7 / 123
13232,AZ,Blue,M,72,69.3,91.4,119,34.5,34.8,34.5,116,34.8,122,45.3,46.1,34.5 / 116,34.8 / 122
13232,AZ,Blue/White,M,72,67.7,89.1,115,33.7,34.0,33.7,115,34.0,115,44.4,44.7,33.7 / 115,34.0 / 115
13232,AZ,White,M,72,66.8,87.6,112,33.0,33.8,33.0,112,33.8,112,43.4,44.2,33.0 / 112,33.8 / 112
13232,AZ,White/Gold,M,72,65.5,85.2,106,32.4,33.1,32.4,105,33.1,107,42.2,43.0,32.4 / 105,33.1 / 107
13232,AZ,Gold,M,72,64.1,83.2,103,31.7,32.4,31.7,102,32.4,103,41.2,42.0,31.7 / 102,32.4 / 103
13232,AZ,Gold/Red,M,72,62.8,81.0,98,31.4,31.4,31.4,97,31.4,99,40.4,40.6,31.4 / 97,31.4 / 99
13232,AZ,Red,M,72,61.6,79.4,96,30.9,30.7,30.9,96,30.7,96,39.8,39.6,30.9 / 96,30.7 / 96
13232,AZ,Red/Orange,M,72,60.4,78.0,95,30.3,30.1,30.3,95,30.1,95,39.1,38.9,30.3 / 95,30.1 / 95
13232,AZ,Orange,M,72,59.5,76.7,93,29.8,29.7,29.8,93,29.7,93,38.4,38.3,29.8 / 93,29.7 / 93
13232,AZ,Black,F,72,78.2,110.5,137,38.7,39.5,38.7,135,39.5,139,54.6,55.9,38.7 / 135,39.5 / 139
13232,AZ,Black/Blue,F,72,77.0,108.7,134,38.5,38.5,38.5,131,38.5,137,54.0,54.7,38.5 / 131,38.5 / 137
13232,AZ,Blue,F,72,75.2,105.4,128,37.5,37.7,37.5,126,37.7,130,52.4,53.0,37.5 / 126,37.7 / 130
13232,AZ,Blue/White,F,72,73.9,103.2,125,36.9,37.0,36.9,123,37.0,126,51.4,51.8,36.9 / 123,37.0 / 126
13232,AZ,White,F,72,72.3,101.3,123,35.9,36.4,35.9,121,36.4,125,50.2,51.1,35.9 / 121,36.4 / 125
13232,AZ,White/Gold,F,72,70.5,98.3,118,34.9,35.6,34.9,115,35.6,120,48.5,49.8,34.9 / 115,35.6 / 120
13232,AZ,Gold,F,72,68.8,95.9,115,34.1,34.7,34.1,113,34.7,117,47.4,48.5,34.1 / 113,34.7 / 117
13232,AZ,Gold/Red,F,72,66.8,92.5,109,33.5,33.3,33.5,107,33.3,111,46.1,46.4,33.5 / 107,33.3 / 111
13232,AZ,Red,F,72,65.7,90.3,105,32.8,32.9,32.8,103,32.9,106,44.9,45.4,32.8 / 103,32.9 / 106
13232,AZ,Red/Orange,F,72,64.0,87.7,101,32.0,32.0,32.0,101,32.0,100,43.9,43.8,32.0 / 101,32.0 / 100
13232,AZ,Orange,F,72,62.1,85.2,98,31.2,30.9,31.2,97,30.9,99,42.6,42.6,31.2 / 97,30.9 / 99
13291,AZ,Blue,M,61,59.3,75.9,89,29.5,29.8,29.5,87,29.8,91,37.6,38.3,29.5 / 87,29.8 / 91
13291,AZ,White,M,61,58.2,74.1,86,28.9,29.3,28.9,85,29.3,86,36.8,37.3,28.9 / 85,29.3 / 86
13291,AZ,Red,M,61,56.2,71.0,80,28.0,28.2,28.0,77,28.2,82,35.2,35.8,28.0 / 77,28.2 / 82
13291,AZ,Red/Green,M,54,52.1,65.3,71,26.1,26.0,26.1,71,26.0,71,32.7,32.6,26.1 / 71,26.0 / 71
13291,AZ,Short Course,M,54,51.2,63.8,68,25.7,25.5,25.7,68,25.5,68,32.0,31.8,25.7 / 68,25.5 / 68
13291,AZ,White/Blue,F,61,61.8,84.4,96,31.2,30.6,31.2,102,30.6,90,43.2,41.2,31.2 / 102,30.6 / 90
13291,AZ,Blue,F,61,61.6,84.5,97,30.5,31.1,30.5,93,31.1,101,41.5,43.0,30.5 / 93,31.1 / 101
13291,AZ,White,F,61,59.8,81.5,92,29.7,30.1,29.7,89,30.1,95,40.2,41.3,29.7 / 89,30.1 / 95
13291,AZ,Red,F,61,57.1,76.3,82,28.4,28.7,28.4,79,28.7,84,37.7,38.6,28.4 / 79,28.7 / 84
13291,AZ,Red/Green,F,54,54.7,72.5,76,27.3,27.4,27.3,75,27.4,76,36.1,36.4,27.3 / 75,27.4 / 76
13291,AZ,Short Course,F,54,53.8,71.3,75,26.9,26.9,26.9,74,26.9,75,35.6,35.7,26.9 / 74,26.9 / 75
13277,AZ,Back,M,72,71.1,93.9,123,36.7,34.4,36.7,124,34.4,122,48.2,45.7,36.7 / 124,34.4 / 122
13277,AZ,DRGA Tournament Tee,M,72,70.4,92.8,121,36.2,34.2,36.2,122,34.2,119,47.5,45.3,36.2 / 122,34.2 / 119
13277,AZ,White,M,72,68.9,91.0,119,35.8,33.1,35.8,121,33.1,117,47.0,44.0,35.8 / 121,33.1 / 117
13277,AZ,Red,M,72,66.0,86.7,112,34.1,31.9,34.1,114,31.9,109,44.7,42.0,34.1 / 114,31.9 / 109
13277,AZ,White,F,72,74.7,104.9,128,39.1,35.6,39.1,131,35.6,125,54.6,50.3,39.1 / 131,35.6 / 125
13277,AZ,Red,F,72,71.8,100.4,122,37.3,34.5,37.3,123,34.5,120,51.8,48.6,37.3 / 123,34.5 / 120
13158,AZ,Back,M,62,58.9,75.9,92,29.7,29.2,29.7,90,29.2,93,38.1,37.8,29.7 / 90,29.2 / 93
13158,AZ,Forward,M,62,56.9,73.0,87,28.5,28.4,28.5,86,28.4,87,36.5,36.5,28.5 / 86,28.4 / 87
13158,AZ,Back,F,62,60.4,84.0,100,30.1,30.3,30.1,100,30.3,100,41.9,42.1,30.1 / 100,30.3 / 100
13158,AZ,Forward,F,62,57.5,79.2,92,28.7,28.8,28.7,90,28.8,94,39.3,39.9,28.7 / 90,28.8 / 94
13156,AZ,Blue,M,71,71.4,94.8,126,34.8,36.6,34.8,123,36.6,129,46.2,48.6,34.8 / 123,36.6 / 129
13156,AZ,Blue Front 9 Loop,M,70,69.6,92.4,123,34.8,34.8,34.8,123,34.8,123,46.2,46.2,34.8 / 123,34.8 / 123
13156,AZ,White Front 9/Blue Front 9,M,70,69.2,91.4,120,34.4,34.8,34.4,116,34.8,123,45.2,46.2,34.4 / 116,34.8 / 123
13156,AZ,White,M,71,68.9,90.8,118,34.4,34.5,34.4,116,34.5,119,45.2,45.6,34.4 / 116,34.5 / 119
13156,AZ,White Front 9 Loop,M,70,68.8,90.4,116,34.4,34.4,34.4,116,34.4,116,45.2,45.2,34.4 / 116,34.4 / 116
13156,AZ,Forward Front 9 Loop,F,70,71.0,98.0,114,35.5,35.5,35.5,114,35.5,114,49.0,49.0,35.5 / 114,35.5 / 114
13156,AZ,Forward,F,71,70.1,98.3,120,35.5,34.6,35.5,114,34.6,125,49.0,49.3,35.5 / 114,34.6 / 125
13348,AZ,Black,M,72,73.1,97.7,133,36.5,36.6,36.5,130,36.6,135,48.6,49.1,36.5 / 130,36.6 / 135
13348,AZ,Black/Gold,M,72,71.8,95.8,129,35.7,36.1,35.7,125,36.1,133,47.3,48.5,35.7 / 125,36.1 / 133
13348,AZ,Gold,M,72,70.2,93.2,124,35.3,34.9,35.3,124,34.9,124,46.8,46.4,35.3 / 124,34.9 / 124
13348,AZ,Gold/White,M,72,69.1,91.6,122,34.7,34.4,34.7,122,34.4,121,46.0,45.6,34.7 / 122,34.4 / 121
13348,AZ,White,M,72,67.8,89.7,118,33.9,33.9,33.9,121,33.9,115,45.1,44.6,33.9 / 121,33.9 / 115
13348,AZ,Green/White Combo,M,72,66.6,88.1,116,33.6,33.0,33.6,118,33.0,113,44.6,43.5,33.6 / 118,33.0 / 113
13348,AZ,Green,M,72,65.5,86.2,112,32.7,32.8,32.7,114,32.8,109,43.3,42.9,32.7 / 114,32.8 / 109
13348,AZ,White,F,72,73.0,101.8,122,36.7,36.3,36.7,120,36.3,124,50.9,50.9,36.7 / 120,36.3 / 124
13348,AZ,Green/White Combo,F,72,71.8,100.1,120,36.1,35.7,36.1,119,35.7,121,50.1,50.0,36.1 / 119,35.7 / 121
13348,AZ,Green,F,72,70.3,98.0,118,35.0,35.3,35.0,118,35.3,117,48.9,49.1,35.0 / 118,35.3 / 117
13139,AZ,Black,M,72,72.8,96.1,126,36.3,36.5,36.3,125,36.5,126,47.9,48.2,36.3 / 125,36.5 / 126
13139,AZ,Gold,M,72,70.5,92.9,121,35.2,35.3,35.2,119,35.3,122,46.3,46.6,35.2 / 119,35.3 / 122
13139,AZ,Gold/Silver,M,72,69.1,91.1,118,34.5,34.6,34.5,118,34.6,118,45.5,45.6,34.5 / 118,34.6 / 118
13139,AZ,Silver,M,72,67.4,88.5,114,33.5,33.9,33.5,114,33.9,113,44.1,44.4,33.5 / 114,33.9 / 113
13139,AZ,Silver/Copper,M,72,65.8,86.0,109,32.9,32.9,32.9,109,32.9,109,43.0,43.0,32.9 / 109,32.9 / 109
13139,AZ,Copper,M,72,63.7,83.0,104,31.6,32.1,31.6,102,32.1,105,41.1,41.9,31.6 / 102,32.1 / 105
13139,AZ,Silver,F,72,73.1,102.5,125,36.3,36.8,36.3,126,36.8,124,51.1,51.4,36.3 / 126,36.8 / 124
13139,AZ,Silver/Copper,F,72,71.3,98.9,117,35.6,35.7,35.6,117,35.7,117,49.4,49.5,35.6 / 117,35.7 / 117
13139,AZ,Copper,F,72,69.5,95.9,112,34.4,35.1,34.4,112,35.1,112,47.6,48.3,34.4 / 112,35.1 / 112
13025,AZ,Gold,M,71,71.4,96.2,134,35.7,35.7,35.7,132,35.7,135,48.0,48.2,35.7 / 132,35.7 / 135
13025,AZ,Green,M,71,69.1,92.7,127,34.7,34.4,34.7,124,34.4,130,46.2,46.5,34.7 / 124,34.4 / 130
13025,AZ,White,M,71,67.0,89.2,120,33.6,33.4,33.6,121,33.4,118,44.8,44.4,33.6 / 121,33.4 / 118
13025,AZ,Red,M,71,63.3,83.9,111,31.2,32.1,31.2,113,32.1,109,41.7,42.2,31.2 / 113,32.1 / 109
13025,AZ,White,F,71,72.6,103.2,130,36.5,36.1,36.5,126,36.1,134,51.3,51.9,36.5 / 126,36.1 / 134
13025,AZ,Red/White,F,71,69.8,99.0,124,34.7,35.1,34.7,119,35.1,129,48.7,50.3,34.7 / 119,35.1 / 129
13025,AZ,Red,F,71,68.0,95.8,118,33.8,34.2,33.8,114,34.2,121,47.3,48.5,33.8 / 114,34.2 / 121
13032,AZ,Black,M,72,72.5,96.5,129,36.4,36.1,36.4,130,36.1,128,48.5,48.0,36.4 / 130,36.1 / 128
13032,AZ,Black/Blue,M,72,70.9,94.5,127,35.6,35.3,35.6,127,35.3,127,47.4,47.1,35.6 / 127,35.3 / 127
13032,AZ,Blue,M,72,69.6,92.4,123,35.0,34.6,35.0,125,34.6,121,46.6,45.8,35.0 / 125,34.6 / 121
13032,AZ,Blue/White,M,72,68.5,90.3,117,34.4,34.1,34.4,118,34.1,116,45.4,44.9,34.4 / 118,34.1 / 116
13032,AZ,White,M,72,67.8,88.9,114,33.9,33.9,33.9,115,33.9,112,44.6,44.3,33.9 / 115,33.9 / 112
13032,AZ,White/Red,M,72,64.9,84.7,107,32.6,32.3,32.6,109,32.3,104,42.7,42.0,32.6 / 109,32.3 / 104
13032,AZ,Red,M,72,64.0,83.4,105,32.3,31.7,32.3,107,31.7,102,42.2,41.2,32.3 / 107,31.7 / 102
13032,AZ,Yellow,M,72,58.4,75.3,91,29.1,29.3,29.1,94,29.3,88,37.8,37.5,29.1 / 94,29.3 / 88
13032,AZ,Blue,F,72,75.1,107.7,139,38.0,37.1,38.0,140,37.1,137,54.5,53.2,38.0 / 140,37.1 / 137
13032,AZ,Blue/White,F,72,74.1,106.3,137,37.3,36.8,37.3,138,36.8,135,53.6,52.7,37.3 / 138,36.8 / 135
13032,AZ,White,F,72,73.1,104.3,133,36.8,36.3,36.8,135,36.3,130,52.7,51.6,36.8 / 135,36.3 / 130
13032,AZ,White/Red,F,72,69.8,97.5,118,34.9,34.9,34.9,118,34.9,117,48.8,48.7,34.9 / 118,34.9 / 117
13032,AZ,Red,F,72,68.8,95.8,115,34.5,34.3,34.5,116,34.3,113,48.2,47.6,34.5 / 116,34.3 / 113
13032,AZ,Yellow,F,72,62.0,85.7,101,31.2,30.8,31.2,102,30.8,99,43.2,42.5,31.2 / 102,30.8 / 99
13208,AZ,Blue,M,60,60.4,77.9,95,30.1,30.3,30.1,94,30.3,95,38.8,39.1,30.1 / 94,30.3 / 95
13208,AZ,White,M,60,58.3,74.8,89,29.1,29.2,29.1,88,29.2,89,37.3,37.5,29.1 / 88,29.2 / 89
13208,AZ,Red,M,60,54.9,70.2,83,28.1,26.8,28.1,84,26.8,81,35.9,34.3,28.1 / 84,26.8 / 81
13208,AZ,Red/Green,M,54,52.3,66.2,75,26.1,26.2,26.1,76,26.2,73,33.2,33.0,26.1 / 76,26.2 / 73
13208,AZ,Short Course,M,54,51.5,64.7,71,25.7,25.8,25.7,72,25.8,70,32.4,32.3,25.7 / 72,25.8 / 70
13208,AZ,Blue,F,60,62.6,85.3,96,31.1,31.5,31.1,98,31.5,94,42.7,42.6,31.1 / 98,31.5 / 94
13208,AZ,White,F,60,59.1,80.1,89,29.6,29.5,29.6,91,29.5,87,40.3,39.8,29.6 / 91,29.5 / 87
13208,AZ,Red,F,60,56.2,75.8,83,28.6,27.6,28.6,86,27.6,80,38.8,37.0,28.6 / 86,27.6 / 80
13208,AZ,Red/Green,F,54,53.7,71.7,77,26.9,26.8,26.9,79,26.8,74,36.2,35.5,26.9 / 79,26.8 / 74
13208,AZ,Short Course,F,54,52.9,70.0,73,26.5,26.4,26.5,73,26.4,72,35.1,34.9,26.5 / 73,26.4 / 72
13150,AZ,Black,M,72,71.7,96.4,133,35.8,35.9,35.8,132,35.9,133,48.1,48.3,35.8 / 132,35.9 / 133
13150,AZ,Blue,M,72,69.7,93.2,127,34.8,34.9,34.8,127,34.9,126,46.6,46.6,34.8 / 127,34.9 / 126
13150,AZ,Blue/White,M,72,68.8,92.1,126,34.5,34.3,34.5,126,34.3,125,46.2,45.9,34.5 / 126,34.3 / 125
13150,AZ,White,M,72,67.2,89.8,122,33.4,33.8,33.4,122,33.8,122,44.7,45.1,33.4 / 122,33.8 / 122
13150,AZ,White/Red,M,72,65.6,87.6,118,32.7,32.9,32.7,119,32.9,117,43.8,43.8,32.7 / 119,32.9 / 117
13150,AZ,Red,M,72,64.1,85.5,115,32.1,32.0,32.1,115,32.0,115,42.8,42.7,32.1 / 115,32.0 / 115
13150,AZ,White,F,72,73.0,103.8,131,35.9,37.1,35.9,132,37.1,129,51.5,52.3,35.9 / 132,37.1 / 129
13150,AZ,White/Red,F,72,71.0,100.6,126,35.1,35.9,35.1,126,35.9,125,50.0,50.6,35.1 / 126,35.9 / 125
13150,AZ,Red,F,72,69.6,98.3,122,34.6,35.0,34.6,123,35.0,120,49.1,49.2,34.6 / 123,35.0 / 120
13149,AZ,Black,M,71,72.2,96.2,129,35.4,36.8,35.4,128,36.8,130,47.3,48.9,35.4 / 128,36.8 / 130
13149,AZ,Blue,M,71,70.2,93.2,124,34.6,35.6,34.6,124,35.6,124,46.1,47.1,34.6 / 124,35.6 / 124
13149,AZ,Blue/White,M,71,68.8,91.5,123,34.0,34.8,34.0,121,34.8,124,45.2,46.3,34.0 / 121,34.8 / 124
13149,AZ,White,M,71,66.9,89.3,121,33.3,33.6,33.3,122,33.6,119,44.6,44.7,33.3 / 122,33.6 / 119
13149,AZ,White/Red,M,71,64.5,86.2,117,31.8,32.7,31.8,115,32.7,118,42.5,43.7,31.8 / 115,32.7 / 118
13149,AZ,Red,M,71,62.7,83.6,113,31.6,31.1,31.6,114,31.1,111,42.2,41.4,31.6 / 114,31.1 / 111
13149,AZ,White,F,71,72.0,102.7,130,35.8,36.2,35.8,128,36.2,132,50.9,51.8,35.8 / 128,36.2 / 132
13149,AZ,White/Red,F,71,69.4,98.8,125,34.5,34.9,34.5,122,34.9,127,48.9,49.9,34.5 / 122,34.9 / 127
13149,AZ,Red,F,71,67.8,96.3,121,34.2,33.6,34.2,120,33.6,122,48.3,48.0,34.2 / 120,33.6 / 122
13151,AZ,Blue,M,70,67.0,90.4,126,33.5,33.5,33.5,126,33.5,126,45.2,45.2,33.5 / 126,33.5 / 126
13151,AZ,White,M,70,65.0,87.4,121,32.5,32.5,32.5,121,32.5,121,43.7,43.7,32.5 / 121,32.5 / 121
13151,AZ,Red,M,70,62.4,84.0,116,31.2,31.2,31.2,116,31.2,116,42.0,42.0,31.2 / 116,31.2 / 116
13151,AZ,Blue,F,70,71.6,102.2,130,35.8,35.8,35.8,130,35.8,130,51.1,51.1,35.8 / 130,35.8 / 130
13151,AZ,White,F,70,70.0,100.2,128,35.0,35.0,35.0,128,35.0,128,50.1,50.1,35.0 / 128,35.0 / 128
13151,AZ,Red,F,70,66.6,95.6,123,33.3,33.3,33.3,123,33.3,123,47.8,47.8,33.3 / 123,33.3 / 123
13028,AZ,Gold,M,72,73.1,96.5,126,36.3,36.8,36.3,125,36.8,127,47.9,48.6,36.3 / 125,36.8 / 127
13028,AZ,Black,M,72,70.6,92.8,120,35.0,35.6,35.0,118,35.6,121,46.0,46.8,35.0 / 118,35.6 / 121
13028,AZ,Copper,M,72,67.7,88.8,114,33.5,34.2,33.5,113,34.2,114,44.0,44.8,33.5 / 113,34.2 / 114
13028,AZ,Teal,M,72,64.8,84.5,106,31.8,33.0,31.8,104,33.0,108,41.5,43.0,31.8 / 104,33.0 / 108
13028,AZ,Copper,F,72,73.6,103.6,128,36.5,37.1,36.5,126,37.1,129,51.3,52.3,36.5 / 126,37.1 / 129
13028,AZ,Teal,F,72,70.1,97.8,118,34.4,35.7,34.4,114,35.7,121,47.8,50.0,34.4 / 114,35.7 / 121
13264,AZ,Blue,M,70,69.4,92.3,124,34.7,34.7,34.7,122,34.7,125,46.0,46.3,34.7 / 122,34.7 / 125
13264,AZ,Blue/White Combo,M,70,68.2,90.6,121,34.0,34.2,34.0,121,34.2,121,45.2,45.4,34.0 / 121,34.2 / 121
13264,AZ,White,M,70,67.4,89.5,119,33.5,33.9,33.5,118,33.9,119,44.5,45.0,33.5 / 118,33.9 / 119
13264,AZ,White/Red Combo,M,70,66.1,87.4,115,32.9,33.2,32.9,113,33.2,116,43.4,44.0,32.9 / 113,33.2 / 116
13264,AZ,Red,M,70,64.1,84.6,111,32.0,32.1,32.0,110,32.1,111,42.2,42.4,32.0 / 110,32.1 / 111
13264,AZ,White,F,70,73.1,102.0,123,36.4,36.7,36.4,122,36.7,123,50.8,51.2,36.4 / 122,36.7 / 123
13264,AZ,White/Red Combo,F,70,71.7,99.7,119,35.6,36.1,35.6,118,36.1,120,49.5,50.2,35.6 / 118,36.1 / 120
13264,AZ,Red,F,70,69.1,95.6,113,34.2,34.9,34.2,113,34.9,112,47.5,48.1,34.2 / 113,34.9 / 112
13264,AZ,Silver,F,70,65.3,90.5,107,32.8,32.5,32.8,107,32.5,107,45.4,45.1,32.8 / 107,32.5 / 107
13190,AZ,Blue,M,72,70.8,94.9,130,34.9,35.9,34.9,126,35.9,133,46.6,48.3,34.9 / 126,35.9 / 133
13190,AZ,White,M,72,68.1,90.6,121,33.5,34.6,33.5,119,34.6,123,44.6,46.0,33.5 / 119,34.6 / 123
13190,AZ,Original 9,M,70,67.4,90.1,122,33.1,34.3,33.1,119,34.3,125,44.2,45.9,33.1 / 119,34.3 / 125
13190,AZ,Green/Yellow,M,72,65.0,86.0,113,31.9,33.1,31.9,108,33.1,118,41.9,44.1,31.9 / 108,33.1 / 118
13190,AZ,Green,M,72,62.6,82.7,108,30.4,32.2,30.4,101,32.2,115,39.8,42.9,30.4 / 101,32.2 / 115
13190,AZ,White,F,72,74.1,108.3,145,36.4,37.7,36.4,139,37.7,151,52.8,55.5,36.4 / 139,37.7 / 151
13190,AZ,White/Green,F,72,71.9,104.7,139,35.3,36.6,35.3,132,36.6,146,50.9,53.8,35.3 / 132,36.6 / 146
13190,AZ,Green/Yellow,F,72,70.0,100.8,131,34.3,35.7,34.3,126,35.7,135,49.2,51.6,34.3 / 126,35.7 / 135
13190,AZ,Original 9,F,70,68.0,97.2,124,34.0,34.0,34.0,124,34.0,124,48.6,48.6,34.0 / 124,34.0 / 124
13190,AZ,Green,F,72,67.0,96.2,124,32.1,34.9,32.1,118,34.9,130,46.0,50.2,32.1 / 118,34.9 / 130
13290,AZ,Sapphire,M,72,70.7,94.9,130,34.6,36.1,34.6,128,36.1,132,46.5,48.4,34.6 / 128,36.1 / 132
13290,AZ,Diamond,M,72,68.1,90.2,119,33.4,34.7,33.4,114,34.7,124,44.0,46.2,33.4 / 114,34.7 / 124
13290,AZ,Emerald,M,72,64.0,83.6,106,31.6,32.4,31.6,103,32.4,108,41.2,42.4,31.6 / 103,32.4 / 108
13290,AZ,Amethyst,M,71,62.4,81.1,101,31.2,31.2,31.2,100,31.2,101,40.5,40.6,31.2 / 100,31.2 / 101
13290,AZ,Diamond,F,72,72.8,102.6,127,35.4,37.4,35.4,123,37.4,130,49.9,52.7,35.4 / 123,37.4 / 130
13290,AZ,Amethyst/Diamond,F,71,69.3,96.0,113,34.5,34.8,34.5,112,34.8,114,47.7,48.3,34.5 / 112,34.8 / 114
13290,AZ,Emerald,F,72,68.7,95.1,112,33.8,34.9,33.8,105,34.9,119,46.2,48.9,33.8 / 105,34.9 / 119
13290,AZ,Amethyst,F,71,66.9,92.2,107,33.2,33.7,33.2,105,33.7,109,45.6,46.6,33.2 / 105,33.7 / 109
13010,AZ,Black,M,72,74.6,99.3,133,37.7,36.9,37.7,131,36.9,135,49.9,49.4,37.7 / 131,36.9 / 135
13010,AZ,Black/Burgundy,M,72,73.7,98.4,133,37.1,36.6,37.1,133,36.6,132,49.5,48.9,37.1 / 133,36.6 / 132
13010,AZ,Burgundy,M,72,73.2,97.4,130,36.9,36.3,36.9,128,36.3,132,48.8,48.6,36.9 / 128,36.3 / 132
13010,AZ,Green,M,72,70.6,93.8,125,35.0,35.6,35.0,122,35.6,128,46.3,47.5,35.0 / 122,35.6 / 128
13010,AZ,Green/White,M,72,69.8,92.5,123,35.0,34.8,35.0,121,34.8,124,46.2,46.3,35.0 / 121,34.8 / 124
13010,AZ,White,M,72,68.3,90.3,119,34.2,34.1,34.2,116,34.1,121,45.0,45.3,34.2 / 116,34.1 / 121
13010,AZ,White/Gold,M,72,66.9,88.2,115,33.5,33.4,33.5,116,33.4,113,44.3,43.9,33.5 / 116,33.4 / 113
13010,AZ,Gold,M,72,65.3,85.4,109,32.8,32.5,32.8,110,32.5,107,43.0,42.4,32.8 / 110,32.5 / 107
13010,AZ,Gold/Good Life,M,72,63.8,83.4,106,31.8,32.0,31.8,107,32.0,104,41.7,41.7,31.8 / 107,32.0 / 104
13010,AZ,Good Life,M,72,61.1,79.5,100,30.9,30.2,30.9,101,30.2,99,40.3,39.4,30.9 / 101,30.2 / 99
13010,AZ,Green,F,72,76.0,107.4,133,38.0,38.0,38.0,132,38.0,134,53.6,53.8,38.0 / 132,38.0 / 134
13010,AZ,Green/White,F,72,74.7,105.5,131,37.1,37.6,37.1,130,37.6,131,52.4,53.1,37.1 / 130,37.6 / 131
13010,AZ,White,F,72,72.3,101.7,125,36.0,36.3,36.0,124,36.3,126,50.6,51.1,36.0 / 124,36.3 / 126
13010,AZ,Gold,F,72,69.1,97.1,119,34.5,34.6,34.5,118,34.6,120,48.4,48.7,34.5 / 118,34.6 / 120
13010,AZ,Gold/Good Life,F,72,67.7,94.7,115,33.6,34.1,33.6,112,34.1,117,46.8,47.9,33.6 / 112,34.1 / 117
13010,AZ,Good Life,F,72,62.8,87.4,106,31.9,30.9,31.9,106,30.9,106,44.4,43.4,31.9 / 106,30.9 / 106
20881,AZ,Tips,M,70,70.0,91.2,114,34.7,35.3,34.7,116,35.3,112,45.5,45.7,34.7 / 116,35.3 / 112
20881,AZ,Blue,M,70,69.4,90.4,113,34.3,35.1,34.3,115,35.1,111,45.0,45.4,34.3 / 115,35.1 / 111
20881,AZ,White,M,70,68.3,88.9,111,33.9,34.4,33.9,113,34.4,109,44.4,44.5,33.9 / 113,34.4 / 109
20881,AZ,Red,M,70,66.3,86.2,108,32.9,33.4,32.9,107,33.4,108,42.8,43.4,32.9 / 107,33.4 / 108
20881,AZ,Executive Nine,M,60,57.2,72.0,80,28.6,28.6,28.6,80,28.6,80,36.0,36.0,28.6 / 80,28.6 / 80
20881,AZ,White,F,72,73.7,102.5,122,36.5,37.2,36.5,120,37.2,124,50.7,51.8,36.5 / 120,37.2 / 124
20881,AZ,Red,F,72,72.0,100.0,119,35.6,36.4,35.6,117,36.4,120,49.4,50.6,35.6 / 117,36.4 / 120
20881,AZ,Executive Course,F,60,57.7,76.8,81,28.9,28.8,28.9,81,28.8,81,38.4,38.4,28.9 / 81,28.8 / 81
13146,AZ,Gold,M,72,74.4,101.9,148,37.2,37.2,37.2,146,37.2,150,50.8,51.1,37.2 / 146,37.2 / 150
13146,AZ,Black,M,72,73.2,100.1,145,36.6,36.6,36.6,143,36.6,146,49.9,50.2,36.6 / 143,36.6 / 146
13146,AZ,Black/Blue Combo,M,72,72.4,98.5,141,36.3,36.1,36.3,140,36.1,141,49.3,49.2,36.3 / 140,36.1 / 141
13146,AZ,Blue,M,72,71.8,97.4,138,36.0,35.8,36.0,138,35.8,138,48.8,48.6,36.0 / 138,35.8 / 138
13146,AZ,Copper,M,72,70.0,94.1,130,35.1,34.9,35.1,129,34.9,130,47.1,47.0,35.1 / 129,34.9 / 130
13146,AZ,White,M,72,68.5,91.7,125,34.3,34.2,34.3,125,34.2,125,45.9,45.8,34.3 / 125,34.2 / 125
13146,AZ,Green,M,72,66.9,89.3,121,33.6,33.3,33.6,121,33.3,121,44.8,44.5,33.6 / 121,33.3 / 121
13146,AZ,Red,M,72,65.1,86.1,113,32.8,32.3,32.8,114,32.3,112,43.4,42.7,32.8 / 114,32.3 / 112
13146,AZ,Blue Diamond,M,72,60.3,80.0,106,30.1,30.2,30.1,105,30.2,107,39.9,40.1,30.1 / 105,30.2 / 107
13146,AZ,Gold,F,72,82.6,119.5,154,41.2,41.4,41.2,155,41.4,153,60.1,59.4,41.2 / 155,41.4 / 153
13146,AZ,Black,F,72,80.6,115.9,150,40.4,40.2,40.4,152,40.2,148,58.3,57.6,40.4 / 152,40.2 / 148
13146,AZ,Blue,F,72,78.9,113.4,146,39.6,39.3,39.6,149,39.3,143,57.2,56.2,39.6 / 149,39.3 / 143
13146,AZ,Copper,F,72,77.0,110.2,141,38.6,38.4,38.6,143,38.4,138,55.5,54.7,38.6 / 143,38.4 / 138
13146,AZ,White,F,72,74.7,107.6,140,37.5,37.2,37.5,141,37.2,138,54.1,53.5,37.5 / 141,37.2 / 138
13146,AZ,Green,F,72,73.0,104.1,132,36.7,36.3,36.7,133,36.3,131,52.4,51.7,36.7 / 133,36.3 / 131
13146,AZ,Red/Green Combo,F,72,71.0,100.9,127,35.4,35.6,35.4,128,35.6,126,50.5,50.4,35.4 / 128,35.6 / 126
13146,AZ,Red,F,72,70.1,99.5,125,35.3,34.8,35.3,127,34.8,122,50.3,49.2,35.3 / 127,34.8 / 122
13146,AZ,Blue Diamond,F,72,64.3,89.9,109,32.0,32.3,32.0,109,32.3,108,44.9,45.0,32.0 / 109,32.3 / 108
13153,AZ,Panther,M,71,71.0,94.3,126,35.5,35.5,35.5,126,35.5,125,47.2,47.1,35.5 / 126,35.5 / 125
13153,AZ,Viper,M,71,67.9,90.4,122,34.0,33.9,34.0,122,33.9,121,45.3,45.1,34.0 / 122,33.9 / 121
13153,AZ,Eagle,M,71,66.3,87.3,113,33.2,33.1,33.2,112,33.1,114,43.6,43.7,33.2 / 112,33.1 / 114
13153,AZ,Phantom,M,71,64.3,83.6,104,32.5,31.8,32.5,103,31.8,104,42.1,41.5,32.5 / 103,31.8 / 104
13153,AZ,Viper,F,71,74.5,105.7,132,37.5,37.0,37.5,132,37.0,132,53.1,52.6,37.5 / 132,37.0 / 132
13153,AZ,Eagle,F,71,71.2,100.1,123,35.7,35.5,35.7,124,35.5,121,50.3,49.8,35.7 / 124,35.5 / 121
13153,AZ,Phantom,F,71,68.3,95.4,115,34.3,34.0,34.3,111,34.0,119,47.4,48.0,34.3 / 111,34.0 / 119
13221,AZ,Black,M,72,73.4,98.9,138,36.3,37.1,36.3,136,37.1,139,48.9,50.0,36.3 / 136,37.1 / 139
13221,AZ,Black/Blue,M,72,72.3,97.2,134,35.9,36.4,35.9,133,36.4,135,48.3,48.9,35.9 / 133,36.4 / 135
13221,AZ,Blue,M,72,71.3,95.8,132,35.3,36.0,35.3,131,36.0,132,47.5,48.3,35.3 / 131,36.0 / 132
13221,AZ,Blue/White,M,72,69.8,94.2,131,34.7,35.1,34.7,131,35.1,131,46.9,47.3,34.7 / 131,35.1 / 131
13221,AZ,White,M,72,69.1,92.7,127,34.2,34.9,34.2,125,34.9,129,45.8,46.9,34.2 / 125,34.9 / 129
13221,AZ,White/Gold,M,72,67.9,90.8,124,33.7,34.2,33.7,122,34.2,125,45.0,45.8,33.7 / 122,34.2 / 125
13221,AZ,Gold,M,72,66.5,88.6,119,33.0,33.5,33.0,117,33.5,121,43.9,44.7,33.0 / 117,33.5 / 121
13221,AZ,Gold/Red,M,72,65.5,87.0,116,32.4,33.1,32.4,113,33.1,118,42.9,44.1,32.4 / 113,33.1 / 118
13221,AZ,Red,M,72,65.2,86.3,114,32.4,32.8,32.4,112,32.8,115,42.8,43.5,32.4 / 112,32.8 / 115
13221,AZ,Red/Green,M,72,63.9,84.2,110,31.8,32.1,31.8,111,32.1,108,42.1,42.1,31.8 / 111,32.1 / 108
13221,AZ,Green,M,72,62.8,82.7,108,31.2,31.6,31.2,108,31.6,107,41.2,41.5,31.2 / 108,31.6 / 107
13221,AZ,Short Course,M,60,56.3,72.8,89,27.9,28.4,27.9,89,28.4,88,36.2,36.6,27.9 / 89,28.4 / 88
13221,AZ,Par 3 Tee,M,54,51.7,66.4,80,26.0,25.7,26.0,80,25.7,79,33.4,33.0,26.0 / 80,25.7 / 79
13221,AZ,Black,F,72,80.1,115.5,151,39.4,40.7,39.4,148,40.7,153,56.8,58.7,39.4 / 148,40.7 / 153
13221,AZ,Black/Blue,F,72,78.8,113.6,148,39.0,39.8,39.0,147,39.8,148,56.3,57.3,39.0 / 147,39.8 / 148
13221,AZ,Blue,F,72,77.7,111.8,145,38.4,39.3,38.4,142,39.3,147,55.2,56.6,38.4 / 142,39.3 / 147
13221,AZ,Blue/White,F,72,76.5,110.0,142,37.8,38.7,37.8,141,38.7,143,54.4,55.6,37.8 / 141,38.7 / 143
13221,AZ,White,F,72,74.7,107.4,139,36.9,37.8,36.9,137,37.8,140,53.1,54.3,36.9 / 137,37.8 / 140
13221,AZ,White/Gold,F,72,73.8,105.8,136,36.4,37.4,36.4,134,37.4,137,52.2,53.6,36.4 / 134,37.4 / 137
13221,AZ,Gold,F,72,72.5,103.9,133,35.6,36.9,35.6,131,36.9,135,51.1,52.8,35.6 / 131,36.9 / 135
13221,AZ,Gold/Red,F,72,71.1,101.8,130,35.0,36.1,35.0,129,36.1,131,50.2,51.6,35.0 / 129,36.1 / 131
13221,AZ,Red,F,72,70.0,100.0,127,34.6,35.4,34.6,126,35.4,128,49.5,50.5,34.6 / 126,35.4 / 128
13221,AZ,Red/Green,F,72,69.1,98.2,124,34.0,35.1,34.0,123,35.1,124,48.5,49.7,34.0 / 123,35.1 / 124
13221,AZ,Green,F,72,67.7,94.9,115,33.4,34.3,33.4,115,34.3,115,47.0,47.9,33.4 / 115,34.3 / 115
13221,AZ,Short Course,F,60,58.5,80.8,95,28.9,29.6,28.9,94,29.6,95,40.0,40.8,28.9 / 94,29.6 / 95
13221,AZ,Par 3 Tee,F,54,53.7,73.4,84,26.8,26.9,26.8,83,26.9,84,36.6,36.8,26.8 / 83,26.9 / 84
13226,AZ,Black,M,72,73.9,100.5,143,36.7,37.2,36.7,146,37.2,140,50.3,50.2,36.7 / 146,37.2 / 140
13226,AZ,Black/Blue,M,72,72.8,98.4,138,36.3,36.5,36.3,138,36.5,138,49.1,49.3,36.3 / 138,36.5 / 138
13226,AZ,Blue,M,72,71.8,96.9,136,35.8,36.0,35.8,136,36.0,135,48.4,48.5,35.8 / 136,36.0 / 135
13226,AZ,Blue/Gold,M,72,70.2,94.8,132,35.0,35.2,35.0,133,35.2,131,47.4,47.4,35.0 / 133,35.2 / 131
13226,AZ,Gold,M,72,68.9,92.5,127,34.2,34.7,34.2,127,34.7,127,46.0,46.5,34.2 / 127,34.7 / 127
13226,AZ,Gold/Burgundy,M,72,67.4,90.3,124,33.7,33.7,33.7,124,33.7,123,45.2,45.1,33.7 / 124,33.7 / 123
13226,AZ,Burgundy,M,72,65.0,87.1,119,32.7,32.3,32.7,119,32.3,118,43.8,43.3,32.7 / 119,32.3 / 118
13226,AZ,White,M,72,62.7,83.3,111,31.4,31.3,31.4,112,31.3,110,41.8,41.5,31.4 / 112,31.3 / 110
13226,AZ,Gold,F,72,74.6,110.8,154,37.3,37.3,37.3,154,37.3,153,55.5,55.3,37.3 / 154,37.3 / 153
13226,AZ,Gold/Burgundy,F,72,72.5,107.4,148,36.6,35.9,36.6,150,35.9,146,54.3,53.1,36.6 / 150,35.9 / 146
13226,AZ,Burgundy,F,72,69.4,101.5,137,34.9,34.5,34.9,137,34.5,136,51.0,50.5,34.9 / 137,34.5 / 136
13226,AZ,White,F,72,67.1,98.1,132,33.6,33.5,33.6,132,33.5,131,49.2,48.9,33.6 / 132,33.5 / 131
13328,AZ,Black,M,68,64.0,82.4,99,32.0,32.0,32.0,99,32.0,99,41.2,41.2,32.0 / 99,32.0 / 99
13328,AZ,Copper,M,68,61.0,78.8,96,30.5,30.5,30.5,96,30.5,96,39.4,39.4,30.5 / 96,30.5 / 96
13328,AZ,Silver,M,68,60.6,78.0,94,30.3,30.3,30.3,94,30.3,94,39.0,39.0,30.3 / 94,30.3 / 94
13328,AZ,Silver,F,68,63.4,86.2,97,31.7,31.7,31.7,97,31.7,97,43.1,43.1,31.7 / 97,31.7 / 97
13328,AZ,Gold,F,68,59.4,80.0,87,29.7,29.7,29.7,87,29.7,87,40.0,40.0,29.7 / 87,29.7 / 87
13008,AZ,Black,M,72,72.7,96.8,130,35.7,37.0,35.7,126,37.0,133,47.4,49.4,35.7 / 126,37.0 / 133
13008,AZ,Blue,M,72,70.0,92.4,121,34.5,35.5,34.5,117,35.5,124,45.4,47.0,34.5 / 117,35.5 / 124
13008,AZ,Gold,M,72,68.1,89.6,116,33.5,34.6,33.5,113,34.6,118,44.0,45.6,33.5 / 113,34.6 / 118
13008,AZ,Silver,M,72,65.3,85.3,108,32.2,33.1,32.2,108,33.1,108,42.2,43.1,32.2 / 108,33.1 / 108
13008,AZ,Gold,F,72,74.0,104.6,130,36.3,37.7,36.3,126,37.7,133,51.2,53.4,36.3 / 126,37.7 / 133
13008,AZ,Silver,F,72,70.1,97.6,117,34.5,35.6,34.5,116,35.6,117,48.2,49.4,34.5 / 116,35.6 / 117
13093,AZ,Tips,M,71,73.0,99.6,144,36.1,36.9,36.1,137,36.9,150,48.8,50.8,36.1 / 137,36.9 / 150
13093,AZ,Green,M,71,72.7,99.2,143,36.0,36.7,36.0,136,36.7,150,48.6,50.6,36.0 / 136,36.7 / 150
13093,AZ,Brown,M,71,71.1,97.0,139,35.2,35.9,35.2,133,35.9,145,47.6,49.4,35.2 / 133,35.9 / 145
13093,AZ,Brown/White,M,71,70.4,95.5,135,35.0,35.4,35.0,130,35.4,140,47.1,48.4,35.0 / 130,35.4 / 140
13093,AZ,White,M,71,69.9,94.2,131,34.8,35.1,34.8,128,35.1,133,46.7,47.5,34.8 / 128,35.1 / 133
13093,AZ,White/Gold,M,71,67.9,91.6,128,34.0,33.9,34.0,127,33.9,128,45.8,45.8,34.0 / 127,33.9 / 128
13093,AZ,Gold,M,71,67.1,90.1,124,33.7,33.4,33.7,123,33.4,125,45.1,45.0,33.7 / 123,33.4 / 125
13093,AZ,Gold/Red,M,71,65.8,87.9,119,32.9,32.9,32.9,117,32.9,121,43.8,44.1,32.9 / 117,32.9 / 121
13093,AZ,Red,M,71,64.8,86.0,114,32.3,32.5,32.3,111,32.5,117,42.6,43.4,32.3 / 111,32.5 / 117
13093,AZ,Black,M,71,61.0,81.5,111,30.0,31.0,30.0,110,31.0,111,40.2,41.3,30.0 / 110,31.0 / 111
13093,AZ,Brown,F,71,78.2,114.7,154,38.2,40.0,38.2,153,40.0,155,56.2,58.5,38.2 / 153,40.0 / 155
13093,AZ,Brown/White,F,71,77.1,113.1,153,37.6,39.5,37.6,150,39.5,155,55.3,57.8,37.6 / 150,39.5 / 155
13093,AZ,White,F,71,76.2,111.7,151,37.3,38.9,37.3,148,38.9,153,54.8,56.9,37.3 / 148,38.9 / 153
13093,AZ,White/Gold,F,71,74.4,108.9,147,36.7,37.7,36.7,145,37.7,148,53.8,55.1,36.7 / 145,37.7 / 148
13093,AZ,Gold,F,71,73.3,106.5,141,36.7,36.6,36.7,138,36.6,143,53.0,53.5,36.7 / 138,36.6 / 143
13093,AZ,Gold/Red,F,71,71.1,103.8,139,35.3,35.8,35.3,135,35.8,142,51.2,52.6,35.3 / 135,35.8 / 142
13093,AZ,Red,F,71,69.1,100.7,134,34.3,34.8,34.3,130,34.8,138,49.6,51.1,34.3 / 130,34.8 / 138
13093,AZ,Black,F,71,63.9,93.4,125,31.5,32.4,31.5,123,32.4,127,46.0,47.4,31.5 / 123,32.4 / 127
13094,AZ,Green,M,72,74.3,100.8,143,36.8,37.5,36.8,144,37.5,141,50.2,50.6,36.8 / 144,37.5 / 141
13094,AZ,Brown,M,72,72.9,98.9,140,36.1,36.8,36.1,141,36.8,139,49.2,49.7,36.1 / 141,36.8 / 139
13094,AZ,Brown/White,M,72,71.6,96.9,137,35.6,36.0,35.6,138,36.0,135,48.4,48.5,35.6 / 138,36.0 / 135
13094,AZ,White,M,72,70.5,95.4,134,34.9,35.6,34.9,135,35.6,133,47.4,48.0,34.9 / 135,35.6 / 133
13094,AZ,White/Gold,M,72,69.1,93.1,129,34.5,34.6,34.5,127,34.6,131,46.3,46.8,34.5 / 127,34.6 / 131
13094,AZ,Gold,M,72,68.1,91.4,126,33.9,34.2,33.9,125,34.2,126,45.5,45.9,33.9 / 125,34.2 / 126
13094,AZ,Gold/Red,M,72,66.5,89.2,123,33.0,33.5,33.0,121,33.5,124,44.2,45.0,33.0 / 121,33.5 / 124
13094,AZ,Red,M,72,64.8,86.8,118,32.1,32.7,32.1,117,32.7,119,43.0,43.8,32.1 / 117,32.7 / 119
13094,AZ,Black,M,72,60.9,81.5,111,30.7,30.2,30.7,112,30.2,110,41.1,40.4,30.7 / 112,30.2 / 110
13094,AZ,Junior,M,72,57.9,77.4,105,28.9,29.0,28.9,103,29.0,107,38.5,38.9,28.9 / 103,29.0 / 107
13094,AZ,Brown,F,72,79.5,117.4,155,39.5,40.0,39.5,155,40.0,155,58.5,58.9,39.5 / 155,40.0 / 155
13094,AZ,Brown/White,F,72,77.9,114.8,155,38.7,39.2,38.7,155,39.2,155,57.3,57.5,38.7 / 155,39.2 / 155
13094,AZ,White,F,72,76.0,112.2,154,37.8,38.2,37.8,155,38.2,152,56.1,56.1,37.8 / 155,38.2 / 152
13094,AZ,White/Gold,F,72,74.6,110.0,151,37.2,37.4,37.2,153,37.4,148,55.2,54.8,37.2 / 153,37.4 / 148
13094,AZ,Gold,F,72,73.6,108.5,148,36.7,36.9,36.7,149,36.9,147,54.3,54.2,36.7 / 149,36.9 / 147
13094,AZ,Gold/Red,F,72,71.9,104.9,140,35.6,36.3,35.6,141,36.3,139,52.2,52.7,35.6 / 141,36.3 / 139
13094,AZ,Red,F,72,70.3,101.3,132,34.9,35.4,34.9,131,35.4,132,50.3,51.0,34.9 / 131,35.4 / 132
13094,AZ,Black,F,72,63.5,91.3,118,32.3,31.2,32.3,120,31.2,116,46.4,44.9,32.3 / 120,31.2 / 116
13094,AZ,Junior,F,72,61.5,86.6,107,30.7,30.8,30.7,105,30.8,108,43.1,43.5,30.7 / 105,30.8 / 108
13233,AZ,Blue,M,72,71.1,95.4,131,35.3,35.8,35.3,126,35.8,136,47.0,48.4,35.3 / 126,35.8 / 136
13233,AZ,Blue/White Combo,M,72,70.2,93.8,127,34.9,35.3,34.9,124,35.3,130,46.4,47.4,34.9 / 124,35.3 / 130
13233,AZ,White,M,72,69.1,91.8,122,34.3,34.8,34.3,119,34.8,125,45.4,46.4,34.3 / 119,34.8 / 125
13233,AZ,White/Green Combo,M,72,68.2,90.2,119,34.0,34.2,34.0,116,34.2,121,44.8,45.4,34.0 / 116,34.2 / 121
13233,AZ,Green,M,72,67.1,88.9,117,33.2,33.9,33.2,115,33.9,119,43.9,45.0,33.2 / 115,33.9 / 119
13233,AZ,Green/Red Combo,M,72,65.5,86.5,113,32.9,32.6,32.9,112,32.6,114,43.3,43.2,32.9 / 112,32.6 / 114
13233,AZ,Red,M,72,63.4,83.5,108,31.8,31.6,31.8,105,31.6,111,41.6,41.9,31.8 / 105,31.6 / 111
13233,AZ,White,F,72,75.1,107.4,137,37.1,38.0,37.1,136,38.0,138,53.1,54.3,37.1 / 136,38.0 / 138
13233,AZ,White/Green Combo,F,72,74.1,105.6,134,36.7,37.4,36.7,132,37.4,135,52.3,53.3,36.7 / 132,37.4 / 135
13233,AZ,Green,F,72,72.6,103.1,130,35.9,36.7,35.9,128,36.7,131,51.0,52.1,35.9 / 128,36.7 / 131
13233,AZ,Green/Red Combo,F,72,71.3,100.9,126,35.6,35.7,35.6,126,35.7,126,50.4,50.5,35.6 / 126,35.7 / 126
13233,AZ,Red,F,72,68.6,96.1,117,34.4,34.2,34.4,116,34.2,117,48.1,48.0,34.4 / 116,34.2 / 117
13299,AZ,Tips,M,63,60.3,77.7,94,29.5,30.8,29.5,90,30.8,97,37.9,39.8,29.5 / 90,30.8 / 97
13299,AZ,White,M,63,60.1,77.3,93,29.4,30.7,29.4,89,30.7,96,37.7,39.6,29.4 / 89,30.7 / 96
13299,AZ,Red,M,63,58.4,74.9,89,28.6,29.8,28.6,87,29.8,90,36.7,38.2,28.6 / 87,29.8 / 90
13299,AZ,Gold,M,63,54.7,69.5,80,26.4,28.3,26.4,76,28.3,83,33.5,36.0,26.4 / 76,28.3 / 83
13299,AZ,Red,F,63,60.0,82.4,95,29.0,31.0,29.0,88,31.0,102,39.4,43.0,29.0 / 88,31.0 / 102
13299,AZ,Gold,F,63,56.4,76.9,87,27.7,28.7,27.7,83,28.7,91,37.5,39.4,27.7 / 83,28.7 / 91
13281,AZ,Black,M,72,74.9,98.6,128,37.3,37.6,37.3,128,37.6,127,49.2,49.4,37.3 / 128,37.6 / 127
13281,AZ,Copper,M,72,72.8,95.5,123,36.3,36.5,36.3,123,36.5,122,47.7,47.8,36.3 / 123,36.5 / 122
13281,AZ,Blue,M,72,70.1,92.2,119,34.8,35.3,34.8,119,35.3,118,45.9,46.3,34.8 / 119,35.3 / 118
13281,AZ,Green,M,72,67.0,87.9,113,33.5,33.5,33.5,112,33.5,113,43.9,44.0,33.5 / 112,33.5 / 113
13281,AZ,Red,M,72,63.8,82.9,103,32.0,31.8,32.0,104,31.8,101,41.7,41.2,32.0 / 104,31.8 / 101
13281,AZ,Green,F,72,72.6,100.0,116,36.5,36.1,36.5,118,36.1,114,50.4,49.6,36.5 / 118,36.1 / 114
13281,AZ,Red,F,72,68.7,94.4,109,34.6,34.1,34.6,109,34.1,109,47.5,46.9,34.6 / 109,34.1 / 109
13219,AZ,Blue,M,72,71.4,95.4,130,35.4,36.0,35.4,131,36.0,128,47.6,47.8,35.4 / 131,36.0 / 128
13219,AZ,Blue/White,M,72,70.0,93.0,124,35.3,34.7,35.3,124,34.7,124,46.8,46.2,35.3 / 124,34.7 / 124
13219,AZ,White,M,72,68.6,90.7,120,34.1,34.5,34.1,120,34.5,119,45.2,45.5,34.1 / 120,34.5 / 119
13219,AZ,White/Gold,M,72,66.8,88.0,115,33.4,33.4,33.4,115,33.4,114,44.0,44.0,33.4 / 115,33.4 / 114
13219,AZ,Gold,M,72,65.8,86.7,113,32.8,33.0,32.8,114,33.0,111,43.4,43.3,32.8 / 114,33.0 / 111
13219,AZ,Gold/Red,M,72,64.8,85.2,110,32.3,32.5,32.3,112,32.5,108,42.7,42.5,32.3 / 112,32.5 / 108
13219,AZ,Red,M,72,63.2,82.6,105,31.7,31.5,31.7,106,31.5,103,41.5,41.1,31.7 / 106,31.5 / 103
13219,AZ,White,F,72,74.5,106.0,134,37.2,37.3,37.2,125,37.3,142,51.9,54.1,37.2 / 125,37.3 / 142
13219,AZ,White/Gold,F,72,72.4,103.3,131,36.1,36.3,36.1,122,36.3,140,50.5,52.8,36.1 / 122,36.3 / 140
13219,AZ,Gold,F,72,70.8,101.2,129,35.2,35.6,35.2,119,35.6,139,49.2,52.0,35.2 / 119,35.6 / 139
13219,AZ,Gold/Red,F,72,69.9,99.3,125,34.6,35.3,34.6,115,35.3,134,48.2,51.1,34.6 / 115,35.3 / 134
13219,AZ,Red,F,72,69.0,96.9,117,33.7,35.3,33.7,109,35.3,125,46.7,50.2,33.7 / 109,35.3 / 125
20812,AZ,Gold,M,72,72.2,97.0,133,36.1,36.1,36.1,133,36.1,133,48.5,48.5,36.1 / 133,36.1 / 133
20812,AZ,Gold/Green (Gainey),M,72,71.0,95.2,130,35.5,35.5,35.5,130,35.5,130,47.6,47.6,35.5 / 130,35.5 / 130
20812,AZ,Green,M,72,70.4,93.8,126,35.2,35.2,35.2,126,35.2,126,46.9,46.9,35.2 / 126,35.2 / 126
20812,AZ,Green/White (Ranch),M,72,69.4,92.4,124,34.7,34.7,34.7,124,34.7,124,46.2,46.2,34.7 / 124,34.7 / 124
20812,AZ,White,M,72,68.2,90.4,119,34.1,34.1,34.1,119,34.1,119,45.2,45.2,34.1 / 119,34.1 / 119
20812,AZ,Red,M,72,66.2,87.6,115,33.1,33.1,33.1,115,33.1,115,43.8,43.8,33.1 / 115,33.1 / 115
20812,AZ,Green,F,72,76.8,111.4,147,38.4,38.4,38.4,147,38.4,147,55.7,55.7,38.4 / 147,38.4 / 147
20812,AZ,White,F,72,74.6,107.8,141,37.3,37.3,37.3,141,37.3,141,53.9,53.9,37.3 / 141,37.3 / 141
20812,AZ,White/Red(Club),F,72,72.6,104.2,134,36.3,36.3,36.3,134,36.3,134,52.1,52.1,36.3 / 134,36.3 / 134
20812,AZ,Red,F,72,71.6,102.0,129,35.8,35.8,35.8,129,35.8,129,51.0,51.0,35.8 / 129,35.8 / 129
13060,AZ,Gold,M,72,72.3,96.5,130,36.1,36.2,36.1,133,36.2,127,48.5,48.0,36.1 / 133,36.2 / 127
13060,AZ,Gold/Green (Gainey),M,72,71.0,94.7,128,35.5,35.5,35.5,130,35.5,125,47.6,47.1,35.5 / 130,35.5 / 125
13060,AZ,Green,M,72,69.6,92.7,125,35.2,34.4,35.2,126,34.4,123,46.9,45.8,35.2 / 126,34.4 / 123
13060,AZ,Green/White (Ranch),M,72,68.4,91.0,122,34.7,33.7,34.7,124,33.7,119,46.2,44.8,34.7 / 124,33.7 / 119
13060,AZ,White,M,72,67.4,89.3,118,34.1,33.3,34.1,119,33.3,116,45.2,44.1,34.1 / 119,33.3 / 116
13060,AZ,Red,M,72,65.3,86.4,114,33.1,32.2,33.1,115,32.2,112,43.8,42.6,33.1 / 115,32.2 / 112
13060,AZ,Green,F,72,76.4,110.1,143,38.4,38.0,38.4,147,38.0,139,55.7,54.4,38.4 / 147,38.0 / 139
13060,AZ,White,F,72,73.6,106.2,139,37.3,36.3,37.3,141,36.3,136,53.9,52.3,37.3 / 141,36.3 / 136
13060,AZ,White/Red Combo,F,72,71.6,103.1,134,36.3,35.3,36.3,134,35.3,133,52.1,51.0,36.3 / 134,35.3 / 133
13060,AZ,Red,F,72,70.5,101.0,130,35.8,34.7,35.8,129,34.7,130,51.0,50.0,35.8 / 129,34.7 / 130
20813,AZ,Gold,M,72,70.4,94.4,129,35.2,35.2,35.2,129,35.2,129,47.2,47.2,35.2 / 129,35.2 / 129
20813,AZ,Gold/Green (Gainey),M,72,69.2,92.4,125,34.6,34.6,34.6,125,34.6,125,46.2,46.2,34.6 / 125,34.6 / 125
20813,AZ,Green,M,72,67.4,90.0,122,33.7,33.7,33.7,122,33.7,122,45.0,45.0,33.7 / 122,33.7 / 122
20813,AZ,Green/White (Ranch),M,72,66.2,87.6,115,33.1,33.1,33.1,115,33.1,115,43.8,43.8,33.1 / 115,33.1 / 115
20813,AZ,White,M,72,65.2,86.2,113,32.6,32.6,32.6,113,32.6,113,43.1,43.1,32.6 / 113,32.6 / 113
20813,AZ,Red,M,72,62.4,81.6,103,31.2,31.2,31.2,103,31.2,103,40.8,40.8,31.2 / 103,31.2 / 103
20813,AZ,Green,F,72,73.4,101.6,120,36.7,36.7,36.7,120,36.7,120,50.8,50.8,36.7 / 120,36.7 / 120
20813,AZ,White,F,72,71.2,98.6,116,35.6,35.6,35.6,116,35.6,116,49.3,49.3,35.6 / 116,35.6 / 116
20813,AZ,White/Red(Club),F,72,69.0,95.8,114,34.5,34.5,34.5,114,34.5,114,47.9,47.9,34.5 / 114,34.5 / 114
20813,AZ,Red,F,72,67.6,94.0,112,33.8,33.8,33.8,112,33.8,112,47.0,47.0,33.8 / 112,33.8 / 112
13062,AZ,Gold,M,72,71.3,95.7,131,35.2,36.1,35.2,129,36.1,133,47.2,48.5,35.2 / 129,36.1 / 133
13062,AZ,Gold/Green (Gainey),M,72,70.1,93.8,128,34.6,35.5,34.6,125,35.5,130,46.2,47.6,34.6 / 125,35.5 / 130
13062,AZ,Green,M,72,68.9,91.9,124,33.7,35.2,33.7,122,35.2,126,45.0,46.9,33.7 / 122,35.2 / 126
13062,AZ,Green/White (Ranch),M,72,67.8,90.0,120,33.1,34.7,33.1,115,34.7,124,43.8,46.2,33.1 / 115,34.7 / 124
13062,AZ,White,M,72,66.7,88.3,116,32.6,34.1,32.6,113,34.1,119,43.1,45.2,32.6 / 113,34.1 / 119
13062,AZ,Red,M,72,64.3,84.6,109,31.2,33.1,31.2,103,33.1,115,40.8,43.8,31.2 / 103,33.1 / 115
13062,AZ,Green,F,72,75.1,106.5,134,36.7,38.4,36.7,120,38.4,147,50.8,55.7,36.7 / 120,38.4 / 147
13062,AZ,White,F,72,72.9,103.2,129,35.6,37.3,35.6,116,37.3,141,49.3,53.9,35.6 / 116,37.3 / 141
13062,AZ,White/Red Combo,F,72,70.8,100.0,124,34.5,36.3,34.5,114,36.3,134,47.9,52.1,34.5 / 114,36.3 / 134
13062,AZ,Red,F,72,69.6,98.0,121,33.8,35.8,33.8,112,35.8,129,47.0,51.0,33.8 / 112,35.8 / 129
20814,AZ,Gold,M,72,72.4,96.0,127,36.2,36.2,36.2,127,36.2,127,48.0,48.0,36.2 / 127,36.2 / 127
20814,AZ,Gold/Green (Gainey),M,72,71.0,94.2,125,35.5,35.5,35.5,125,35.5,125,47.1,47.1,35.5 / 125,35.5 / 125
20814,AZ,Green,M,72,68.8,91.6,123,34.4,34.4,34.4,123,34.4,123,45.8,45.8,34.4 / 123,34.4 / 123
20814,AZ,Green/White (Ranch),M,72,67.4,89.6,119,33.7,33.7,33.7,119,33.7,119,44.8,44.8,33.7 / 119,33.7 / 119
20814,AZ,White,M,72,66.6,88.2,116,33.3,33.3,33.3,116,33.3,116,44.1,44.1,33.3 / 116,33.3 / 116
20814,AZ,Red,M,72,64.4,85.2,112,32.2,32.2,32.2,112,32.2,112,42.6,42.6,32.2 / 112,32.2 / 112
20814,AZ,Green,F,72,76.0,108.8,139,38.0,38.0,38.0,139,38.0,139,54.4,54.4,38.0 / 139,38.0 / 139
20814,AZ,White,F,72,72.6,104.6,136,36.3,36.3,36.3,136,36.3,136,52.3,52.3,36.3 / 136,36.3 / 136
20814,AZ,White/Red Club,F,72,70.6,102.0,133,35.3,35.3,35.3,133,35.3,133,51.0,51.0,35.3 / 133,35.3 / 133
20814,AZ,Red,F,72,69.4,100.0,130,34.7,34.7,34.7,130,34.7,130,50.0,50.0,34.7 / 130,34.7 / 130
13061,AZ,Gold,M,72,71.4,95.2,128,36.2,35.2,36.2,127,35.2,129,48.0,47.2,36.2 / 127,35.2 / 129
13061,AZ,Gold/Green (Gainey),M,72,70.1,93.3,125,35.5,34.6,35.5,125,34.6,125,47.1,46.2,35.5 / 125,34.6 / 125
13061,AZ,Green,M,72,68.1,90.8,123,34.4,33.7,34.4,123,33.7,122,45.8,45.0,34.4 / 123,33.7 / 122
13061,AZ,Green/White (Ranch),M,72,66.8,88.6,117,33.7,33.1,33.7,119,33.1,115,44.8,43.8,33.7 / 119,33.1 / 115
13061,AZ,White,M,72,65.9,87.2,115,33.3,32.6,33.3,116,32.6,113,44.1,43.1,33.3 / 116,32.6 / 113
13061,AZ,Red,M,72,63.4,83.4,108,32.2,31.2,32.2,112,31.2,103,42.6,40.8,32.2 / 112,31.2 / 103
13061,AZ,Green,F,72,74.7,105.2,130,38.0,36.7,38.0,139,36.7,120,54.4,50.8,38.0 / 139,36.7 / 120
13061,AZ,White,F,72,71.9,101.6,126,36.3,35.6,36.3,136,35.6,116,52.3,49.3,36.3 / 136,35.6 / 116
13061,AZ,White/Red Combo,F,72,69.8,98.9,124,35.3,34.5,35.3,133,34.5,114,51.0,47.9,35.3 / 133,34.5 / 114
13061,AZ,Red,F,72,68.5,97.0,121,34.7,33.8,34.7,130,33.8,112,50.0,47.0,34.7 / 130,33.8 / 112
20815,AZ,Ranch Junior,M,56,56.4,73.6,93,28.2,28.2,28.2,93,28.2,93,36.8,36.8,28.2 / 93,28.2 / 93
20816,AZ,Ranch Junior,M,54,57.4,75.8,99,28.7,28.7,28.7,100,28.7,98,38.0,37.8,28.7 / 100,28.7 / 98
13023,AZ,Dorado,M,72,74.0,100.6,143,37.2,36.8,37.2,146,36.8,140,50.8,49.8,37.2 / 146,36.8 / 140
13023,AZ,Dorado/Azul,M,72,72.7,98.3,138,36.5,36.2,36.5,141,36.2,135,49.6,48.7,36.5 / 141,36.2 / 135
13023,AZ,Azul,M,72,70.6,95.5,134,35.4,35.2,35.4,136,35.2,132,48.0,47.5,35.4 / 136,35.2 / 132
13023,AZ,Azul/Verde,M,72,69.3,93.4,130,34.7,34.6,34.7,129,34.6,130,46.7,46.7,34.7 / 129,34.6 / 130
13023,AZ,Verde,M,72,68.3,91.6,126,34.1,34.2,34.1,125,34.2,126,45.7,45.9,34.1 / 125,34.2 / 126
13023,AZ,Rojo,M,72,64.4,85.5,114,32.7,31.7,32.7,112,31.7,115,43.1,42.4,32.7 / 112,31.7 / 115
13023,AZ,Azul,F,72,78.0,113.2,150,38.8,39.2,38.8,148,39.2,151,56.2,57.0,38.8 / 148,39.2 / 151
13023,AZ,Verde,F,72,74.2,107.9,143,36.9,37.3,36.9,142,37.3,143,53.7,54.2,36.9 / 142,37.3 / 143
13023,AZ,Rojo,F,72,69.8,99.6,127,35.2,34.6,35.2,126,34.6,127,50.0,49.6,35.2 / 126,34.6 / 127
13023,AZ,Vino,F,72,64.6,91.8,116,32.7,31.9,32.7,114,31.9,117,46.1,45.7,32.7 / 114,31.9 / 117
13024,AZ,Dorado,M,72,74.5,101.4,145,37.0,37.5,37.0,142,37.5,147,50.2,51.2,37.0 / 142,37.5 / 147
13024,AZ,Dorado/Azul,M,72,72.8,98.8,140,36.4,36.4,36.4,140,36.4,140,49.4,49.4,36.4 / 140,36.4 / 140
13024,AZ,Azul,M,72,72.2,97.9,139,36.0,36.2,36.0,138,36.2,139,48.8,49.1,36.0 / 138,36.2 / 139
13024,AZ,Azul/Verde,M,72,70.4,94.6,130,35.1,35.3,35.1,128,35.3,132,47.0,47.6,35.1 / 128,35.3 / 132
13024,AZ,Verde,M,72,69.1,92.9,128,34.4,34.7,34.4,126,34.7,130,46.1,46.8,34.4 / 126,34.7 / 130
13024,AZ,Blanco,M,72,67.4,89.3,118,33.2,34.2,33.2,117,34.2,118,44.1,45.2,33.2 / 117,34.2 / 118
13024,AZ,Blanco/Rojo,M,72,66.3,88.0,117,33.0,33.3,33.0,118,33.3,115,44.0,44.0,33.0 / 118,33.3 / 115
13024,AZ,Rojo,M,72,64.7,85.5,112,31.9,32.8,31.9,111,32.8,113,42.2,43.3,31.9 / 111,32.8 / 113
13024,AZ,Azul,F,72,78.1,114.1,153,39.2,38.9,39.2,155,38.9,151,57.5,56.6,39.2 / 155,38.9 / 151
13024,AZ,Azul/Verde,F,72,76.5,112.2,151,38.2,38.3,38.2,151,38.3,150,56.1,56.1,38.2 / 151,38.3 / 150
13024,AZ,Verde,F,72,75.4,110.5,149,37.5,37.9,37.5,148,37.9,150,54.9,55.6,37.5 / 148,37.9 / 150
13024,AZ,Blanco,F,72,72.7,104.9,137,35.8,36.9,35.8,135,36.9,138,51.7,53.2,35.8 / 135,36.9 / 138
13024,AZ,Blanco/Rojo,F,72,71.1,101.5,129,35.5,35.6,35.5,131,35.6,127,50.9,50.6,35.5 / 131,35.6 / 127
13024,AZ,Rojo,F,72,69.2,97.9,122,34.1,35.1,34.1,118,35.1,126,48.0,49.9,34.1 / 118,35.1 / 126
13024,AZ,Vino,F,72,64.8,91.1,112,32.0,32.8,32.0,110,32.8,113,45.0,46.1,32.0 / 110,32.8 / 113
13117,AZ,Gold,M,70,71.9,98.8,145,36.4,35.5,36.4,144,35.5,145,49.8,49.0,36.4 / 144,35.5 / 145
13117,AZ,Black,M,70,70.1,95.4,137,35.7,34.4,35.7,136,34.4,137,48.3,47.1,35.7 / 136,34.4 / 137
13117,AZ,Black/Blue,M,70,68.6,93.2,132,35.1,33.5,35.1,131,33.5,133,47.3,45.9,35.1 / 131,33.5 / 133
13117,AZ,Blue,M,70,67.5,90.7,125,34.5,33.0,34.5,127,33.0,123,46.3,44.4,34.5 / 127,33.0 / 123
13117,AZ,Blue/White,M,70,66.3,88.9,122,33.8,32.5,33.8,124,32.5,119,45.3,43.6,33.8 / 124,32.5 / 119
13117,AZ,White,M,70,65.6,87.3,117,33.3,32.3,33.3,122,32.3,112,44.6,42.7,33.3 / 122,32.3 / 112
13117,AZ,Silver,M,70,64.6,86.0,115,32.7,31.9,32.7,117,31.9,113,43.6,42.4,32.7 / 117,31.9 / 113
13117,AZ,Silver/Copper,M,70,63.6,84.6,113,32.0,31.6,32.0,115,31.6,111,42.7,41.9,32.0 / 115,31.6 / 111
13117,AZ,Copper,M,70,62.4,82.8,110,31.2,31.2,31.2,112,31.2,108,41.6,41.2,31.2 / 112,31.2 / 108
13117,AZ,Blue,F,72,74.5,107.4,140,37.8,36.7,37.8,142,36.7,137,54.6,52.8,37.8 / 142,36.7 / 137
13117,AZ,White,F,72,71.6,102.0,129,36.2,35.4,36.2,132,35.4,126,51.8,50.2,36.2 / 132,35.4 / 126
13117,AZ,Silver,F,72,70.2,99.6,125,35.6,34.6,35.6,124,34.6,126,50.2,49.4,35.6 / 124,34.6 / 126
13117,AZ,Silver/Copper,F,72,69.0,98.0,123,34.6,34.4,34.6,124,34.4,122,49.2,48.8,34.6 / 124,34.4 / 122
13117,AZ,Copper,F,72,67.6,95.9,120,34.0,33.6,34.0,117,33.6,123,47.8,48.1,34.0 / 117,33.6 / 123
13116,AZ,Gold,M,71,72.0,96.8,134,35.2,36.8,35.2,130,36.8,137,47.3,49.5,35.2 / 130,36.8 / 137
13116,AZ,Black,M,71,69.9,93.9,129,34.1,35.8,34.1,127,35.8,131,45.9,48.0,34.1 / 127,35.8 / 131
13116,AZ,Black/Blue,M,71,68.7,92.1,126,33.4,35.3,33.4,123,35.3,129,44.8,47.3,33.4 / 123,35.3 / 129
13116,AZ,Blue,M,71,67.3,89.9,122,32.6,34.7,32.6,114,34.7,129,43.2,46.7,32.6 / 114,34.7 / 129
13116,AZ,Blue/White,M,71,66.1,88.0,118,31.7,34.4,31.7,114,34.4,122,42.3,45.7,31.7 / 114,34.4 / 122
13116,AZ,White,M,71,65.2,86.7,116,31.3,33.9,31.3,111,33.9,121,41.6,45.1,31.3 / 111,33.9 / 121
13116,AZ,White/Silver,M,71,64.8,86.0,114,31.4,33.4,31.4,109,33.4,119,41.5,44.5,31.4 / 109,33.4 / 119
13116,AZ,Silver,M,71,64.2,85.0,112,31.1,33.1,31.1,107,33.1,117,41.0,44.0,31.1 / 107,33.1 / 117
13116,AZ,Copper,M,71,61.5,81.3,107,29.5,32.0,29.5,102,32.0,111,39.0,42.3,29.5 / 102,32.0 / 111
13116,AZ,Blue,F,72,72.9,103.4,130,35.4,37.5,35.4,124,37.5,135,50.1,53.3,35.4 / 124,37.5 / 135
13116,AZ,White,F,72,70.1,98.6,121,33.6,36.5,33.6,117,36.5,125,47.4,51.2,33.6 / 117,36.5 / 125
13116,AZ,Silver,F,72,68.9,96.1,116,33.0,35.9,33.0,114,35.9,117,46.4,49.7,33.0 / 114,35.9 / 117
13116,AZ,Copper,F,72,66.5,92.9,112,31.7,34.8,31.7,105,34.8,119,44.1,48.8,31.7 / 105,34.8 / 119
13231,AZ,Blue,M,72,70.8,93.1,120,35.2,35.6,35.2,121,35.6,119,46.4,46.7,35.2 / 121,35.6 / 119
13231,AZ,White,M,72,69.0,90.5,116,34.1,34.9,34.1,117,34.9,114,45.0,45.5,34.1 / 117,34.9 / 114
13231,AZ,Yellow,M,72,66.6,87.3,112,32.9,33.7,32.9,112,33.7,111,43.3,44.0,32.9 / 112,33.7 / 111
13231,AZ,Red,M,72,64.2,84.1,107,32.0,32.2,32.0,110,32.2,104,42.2,41.9,32.0 / 110,32.2 / 104
13231,AZ,White,F,73,74.4,103.2,123,36.8,37.6,36.8,119,37.6,126,50.8,52.4,36.8 / 119,37.6 / 126
13231,AZ,Yellow,F,73,71.6,99.2,117,35.4,36.2,35.4,115,36.2,119,49.0,50.2,35.4 / 115,36.2 / 119
13231,AZ,Red,F,72,68.4,94.9,112,34.2,34.2,34.2,110,34.2,114,47.2,47.7,34.2 / 110,34.2 / 114
14994,AZ,Blue,M,72,74.2,101.5,147,37.2,37.0,37.2,151,37.0,143,51.2,50.3,37.2 / 151,37.0 / 143
14994,AZ,Blue/Copper,M,72,72.7,98.2,138,36.7,36.0,36.7,138,36.0,137,49.5,48.7,36.7 / 138,36.0 / 137
14994,AZ,Copper,M,72,71.4,95.6,130,35.7,35.7,35.7,128,35.7,132,47.6,48.0,35.7 / 128,35.7 / 132
14994,AZ,Copper/Yellow,M,72,70.1,94.1,129,35.1,35.0,35.1,129,35.0,129,47.1,47.0,35.1 / 129,35.0 / 129
14994,AZ,Yellow,M,72,69.1,92.7,127,34.6,34.5,34.6,126,34.5,128,46.3,46.4,34.6 / 126,34.5 / 128
14994,AZ,Saguaro Yellow/White+Wild Burro Yellow,M,72,68.1,91.2,125,33.6,34.5,33.6,121,34.5,128,44.8,46.4,33.6 / 121,34.5 / 128
14994,AZ,Saguaro White+Wild Burro Yellow/Green,M,72,66.4,88.9,121,32.9,33.5,32.9,119,33.5,123,44.0,44.9,32.9 / 119,33.5 / 123
14994,AZ,Saguaro White/Green+Wild Burro Green,M,72,64.7,86.8,119,32.5,32.2,32.5,119,32.2,118,43.6,43.2,32.5 / 119,32.2 / 118
14994,AZ,Green,M,72,64.2,86.0,117,32.0,32.2,32.0,116,32.2,118,42.8,43.2,32.0 / 116,32.2 / 118
14994,AZ,Saguaro Green/Red+Wild Burro Green,M,72,63.4,84.6,114,31.2,32.2,31.2,110,32.2,118,41.4,43.2,31.2 / 110,32.2 / 118
14994,AZ,Saguaro Red+Wild Burro Green,M,72,62.8,83.8,113,30.6,32.2,30.6,108,32.2,118,40.6,43.2,30.6 / 108,32.2 / 118
14994,AZ,Yellow,F,72,76.1,111.5,150,37.9,38.2,37.9,148,38.2,152,55.4,56.1,37.9 / 148,38.2 / 152
14994,AZ,Saguaro Yellow/White+Wild Burro Yellow,F,72,75.3,109.7,146,37.1,38.2,37.1,140,38.2,152,53.6,56.1,37.1 / 140,38.2 / 152
14994,AZ,Saguaro White+Wild Burro Yellow/Green,F,72,73.1,105.6,138,36.2,36.9,36.2,131,36.9,144,51.7,53.9,36.2 / 131,36.9 / 144
14994,AZ,Saguaro White/Green+Wild Burro Green,F,72,70.9,100.9,127,35.8,35.1,35.8,127,35.1,127,50.8,50.1,35.8 / 127,35.1 / 127
14994,AZ,Green,F,72,70.3,99.6,124,35.2,35.1,35.2,121,35.1,127,49.5,50.1,35.2 / 121,35.1 / 127
14994,AZ,Saguaro Green/Red+Wild Burro Green,F,72,69.4,98.2,122,34.3,35.1,34.3,117,35.1,127,48.1,50.1,34.3 / 117,35.1 / 127
14994,AZ,Saguaro Red+Wild Burro Green,F,72,68.6,96.9,120,33.5,35.1,33.5,113,35.1,127,46.8,50.1,33.5 / 113,35.1 / 127
14995,AZ,Blue,M,72,74.2,101.6,147,37.0,37.2,37.0,144,37.2,151,50.4,51.2,37.0 / 144,37.2 / 151
14995,AZ,Blue/Copper,M,72,73.1,98.7,138,36.4,36.7,36.4,138,36.7,138,49.2,49.5,36.4 / 138,36.7 / 138
14995,AZ,Copper,M,72,71.6,96.0,132,35.9,35.7,35.9,135,35.7,128,48.4,47.6,35.9 / 135,35.7 / 128
14995,AZ,Copper/Yellow,M,72,70.1,94.2,130,35.0,35.1,35.0,130,35.1,129,47.1,47.1,35.0 / 130,35.1 / 129
14995,AZ,Yellow,M,72,69.0,92.3,126,34.4,34.6,34.4,125,34.6,126,46.0,46.3,34.4 / 125,34.6 / 126
14995,AZ,Tortolita Yellow+Saguaro Yellow/White,M,72,68.0,90.8,123,34.4,33.6,34.4,125,33.6,121,46.0,44.8,34.4 / 125,33.6 / 121
14995,AZ,Tortolita Yellow/Green+Saguaro White,M,72,66.2,88.5,120,33.3,32.9,33.3,121,32.9,119,44.5,44.0,33.3 / 121,32.9 / 119
14995,AZ,Tortolita Green+Saguaro White/Green,M,72,64.9,86.8,118,32.4,32.5,32.4,116,32.5,119,43.2,43.6,32.4 / 116,32.5 / 119
14995,AZ,Green,M,72,64.4,86.0,116,32.4,32.0,32.4,116,32.0,116,43.2,42.8,32.4 / 116,32.0 / 116
14995,AZ,Tortolita Green+Saguaro Green/Red,M,72,63.6,84.6,113,32.4,31.2,32.4,116,31.2,110,43.2,41.4,32.4 / 116,31.2 / 110
14995,AZ,Tortolita Green+Saguaro Red,M,72,63.0,83.8,112,32.4,30.6,32.4,116,30.6,108,43.2,40.6,32.4 / 116,30.6 / 108
14995,AZ,Yellow,F,72,76.0,111.3,150,38.1,37.9,38.1,151,37.9,148,55.9,55.4,38.1 / 151,37.9 / 148
14995,AZ,Tortolita Yellow+Saguaro Yellow/White,F,72,75.2,109.5,146,38.1,37.1,38.1,151,37.1,140,55.9,53.6,38.1 / 151,37.1 / 140
14995,AZ,Tortolita Yellow/Green+Saguaro White,F,72,72.8,104.8,136,36.6,36.2,36.6,140,36.2,131,53.1,51.7,36.6 / 140,36.2 / 131
14995,AZ,Tortolita Green+Saguaro White/Green,F,72,71.1,102.4,133,35.3,35.8,35.3,138,35.8,127,51.6,50.8,35.3 / 138,35.8 / 127
14995,AZ,Green,F,72,70.5,101.1,130,35.3,35.2,35.3,138,35.2,121,51.6,49.5,35.3 / 138,35.2 / 121
14995,AZ,Tortolita Green+Saguaro Green/Red,F,72,69.6,99.7,128,35.3,34.3,35.3,138,34.3,117,51.6,48.1,35.3 / 138,34.3 / 117
14995,AZ,Tortolita Green+Saguaro Red,F,72,68.8,98.4,126,35.3,33.5,35.3,138,33.5,113,51.6,46.8,35.3 / 138,33.5 / 113
14996,AZ,Blue,M,72,74.0,100.7,144,37.0,37.0,37.0,143,37.0,144,50.3,50.4,37.0 / 143,37.0 / 144
14996,AZ,Blue/Copper,M,72,72.4,97.9,138,36.0,36.4,36.0,137,36.4,138,48.7,49.2,36.0 / 137,36.4 / 138
14996,AZ,Copper,M,72,71.6,96.4,134,35.7,35.9,35.7,132,35.9,135,48.0,48.4,35.7 / 132,35.9 / 135
14996,AZ,Copper/Yellow,M,72,70.0,94.1,130,35.0,35.0,35.0,129,35.0,130,47.0,47.1,35.0 / 129,35.0 / 130
14996,AZ,Yellow,M,72,68.9,92.4,127,34.5,34.4,34.5,128,34.4,125,46.4,46.0,34.5 / 128,34.4 / 125
14996,AZ,Yellow/Green,M,72,66.8,89.4,122,33.5,33.3,33.5,123,33.3,121,44.9,44.5,33.5 / 123,33.3 / 121
14996,AZ,Green,M,72,64.6,86.4,117,32.2,32.4,32.2,118,32.4,116,43.2,43.2,32.2 / 118,32.4 / 116
14996,AZ,Yellow,F,72,76.3,112.0,152,38.2,38.1,38.2,152,38.1,151,56.1,55.9,38.2 / 152,38.1 / 151
14996,AZ,Yellow/Green,F,72,73.3,107.1,144,36.7,36.6,36.7,147,36.6,140,54.0,53.1,36.7 / 147,36.6 / 140
14996,AZ,Green,F,72,70.4,101.7,133,35.1,35.3,35.1,127,35.3,138,50.1,51.6,35.1 / 127,35.3 / 138
13229,AZ,Black,M,72,73.1,98.9,139,36.4,36.7,36.4,139,36.7,139,49.3,49.6,36.4 / 139,36.7 / 139
13229,AZ,Black/Gold,M,72,71.9,96.8,134,35.9,36.0,35.9,135,36.0,133,48.4,48.4,35.9 / 135,36.0 / 133
13229,AZ,Gold,M,72,71.0,95.0,129,35.3,35.7,35.3,130,35.7,128,47.4,47.6,35.3 / 130,35.7 / 128
13229,AZ,Gold/Silver,M,72,69.3,92.5,125,34.5,34.8,34.5,125,34.8,125,46.1,46.4,34.5 / 125,34.8 / 125
13229,AZ,Silver,M,72,68.4,91.1,123,34.2,34.2,34.2,122,34.2,123,45.5,45.6,34.2 / 122,34.2 / 123
13229,AZ,Copper,M,72,65.9,87.5,116,32.9,33.0,32.9,116,33.0,116,43.7,43.8,32.9 / 116,33.0 / 116
13229,AZ,Jade,M,72,63.0,82.4,104,31.2,31.8,31.2,103,31.8,105,40.8,41.6,31.2 / 103,31.8 / 105
13229,AZ,Gold,F,72,77.5,111.1,142,38.7,38.8,38.7,142,38.8,142,55.5,55.6,38.7 / 142,38.8 / 142
13229,AZ,Silver,F,72,75.1,107.6,138,37.6,37.5,37.6,140,37.5,136,54.1,53.5,37.6 / 140,37.5 / 136
13229,AZ,Copper,F,72,72.1,101.4,124,35.9,36.2,35.9,127,36.2,121,50.9,50.5,35.9 / 127,36.2 / 121
13229,AZ,Jade,F,72,68.5,95.9,116,34.2,34.3,34.2,117,34.3,115,48.0,47.9,34.2 / 117,34.3 / 115
13080,AZ,Purple,M,71,74.3,99.3,135,37.6,36.7,37.6,135,36.7,135,50.1,49.2,37.6 / 135,36.7 / 135
13080,AZ,Black,M,71,71.5,95.2,128,36.0,35.5,36.0,127,35.5,128,47.8,47.4,36.0 / 127,35.5 / 128
13080,AZ,Black/White,M,71,69.8,92.6,123,34.9,34.9,34.9,122,34.9,124,46.2,46.4,34.9 / 122,34.9 / 124
13080,AZ,White,M,71,68.4,90.7,120,34.3,34.1,34.3,119,34.1,121,45.4,45.3,34.3 / 119,34.1 / 121
13080,AZ,Gray,M,71,66.5,87.9,115,33.5,33.0,33.5,118,33.0,112,44.5,43.4,33.5 / 118,33.0 / 112
13080,AZ,Red,M,71,63.6,83.5,107,32.3,31.3,32.3,112,31.3,102,42.7,40.8,32.3 / 112,31.3 / 102
13080,AZ,White,F,71,74.0,104.3,129,37.1,36.9,37.1,129,36.9,128,52.3,52.0,37.1 / 129,36.9 / 128
13080,AZ,Gray,F,71,71.7,100.7,123,36.2,35.5,36.2,125,35.5,121,50.9,49.8,36.2 / 125,35.5 / 121
13080,AZ,Red,F,71,68.2,95.2,115,34.6,33.6,34.6,116,33.6,113,48.3,46.9,34.6 / 116,33.6 / 113
20885,AZ,Blue,M,72,72.0,95.6,127,36.2,35.8,36.2,127,35.8,127,48.0,47.6,36.2 / 127,35.8 / 127
20885,AZ,White,M,72,69.9,92.7,123,34.9,35.0,34.9,124,35.0,122,46.4,46.3,34.9 / 124,35.0 / 122
20885,AZ,White/Gold,M,72,68.2,90.6,121,34.3,33.9,34.3,123,33.9,118,45.7,44.9,34.3 / 123,33.9 / 118
20885,AZ,Gold,M,72,66.8,88.5,117,33.6,33.2,33.6,118,33.2,115,44.6,43.9,33.6 / 118,33.2 / 115
20885,AZ,Red,M,72,65.8,87.1,115,33.0,32.8,33.0,117,32.8,112,43.9,43.2,33.0 / 117,32.8 / 112
20885,AZ,Green/Gold,M,72,62.8,82.7,108,31.5,31.3,31.5,107,31.3,108,41.4,41.3,31.5 / 107,31.3 / 108
20885,AZ,Green,M,72,60.8,80.4,106,30.5,30.3,30.5,108,30.3,103,40.5,39.9,30.5 / 108,30.3 / 103
20885,AZ,White,F,72,75.5,105.4,127,37.7,37.8,37.7,128,37.8,126,52.8,52.6,37.7 / 128,37.8 / 126
20885,AZ,Gold,F,72,72.5,100.9,121,36.5,36.0,36.5,122,36.0,119,50.9,50.0,36.5 / 122,36.0 / 119
20885,AZ,Red,F,72,71.4,98.6,115,35.8,35.6,35.8,116,35.6,114,49.5,49.1,35.8 / 116,35.6 / 114
20885,AZ,Red/Green,F,72,67.4,92.9,109,33.7,33.7,33.7,108,33.7,109,46.4,46.5,33.7 / 108,33.7 / 109
20885,AZ,Green,F,72,63.8,87.4,100,32.4,31.4,32.4,101,31.4,99,44.3,43.1,32.4 / 101,31.4 / 99
13243,AZ,Black-North,M,72,71.5,94.5,124,35.6,35.9,35.6,122,35.9,126,46.9,47.6,35.6 / 122,35.9 / 126
13243,AZ,Black/Blue-North,M,72,70.5,92.9,121,35.3,35.2,35.3,121,35.2,121,46.5,46.4,35.3 / 121,35.2 / 121
13243,AZ,Blue-North,M,72,69.0,91.0,118,34.5,34.5,34.5,117,34.5,119,45.4,45.6,34.5 / 117,34.5 / 119
13243,AZ,Blue/White-North,M,72,67.7,89.0,115,33.7,34.0,33.7,113,34.0,116,44.2,44.8,33.7 / 113,34.0 / 116
13243,AZ,White-North,M,72,66.7,87.4,112,33.3,33.4,33.3,110,33.4,113,43.5,43.9,33.3 / 110,33.4 / 113
13243,AZ,White/Gold-North,M,72,65.4,85.8,110,32.7,32.7,32.7,109,32.7,111,42.8,43.0,32.7 / 109,32.7 / 111
13243,AZ,Gold-North,M,72,64.7,84.7,108,32.3,32.4,32.3,105,32.4,110,42.1,42.6,32.3 / 105,32.4 / 110
13243,AZ,Gold/Red-North,M,72,62.9,82.0,103,31.5,31.4,31.5,100,31.4,105,40.8,41.2,31.5 / 100,31.4 / 105
13243,AZ,Red-North,M,72,62.4,80.9,100,31.3,31.1,31.3,98,31.1,101,40.4,40.5,31.3 / 98,31.1 / 101
13243,AZ,Red/Orange-North,M,72,60.9,79.1,98,30.7,30.2,30.7,96,30.2,100,39.6,39.5,30.7 / 96,30.2 / 100
13243,AZ,Orange-North,M,72,60.0,77.3,93,30.2,29.8,30.2,90,29.8,96,38.6,38.7,30.2 / 90,29.8 / 96
13243,AZ,Black-North,F,72,77.6,109.9,137,38.5,39.1,38.5,136,39.1,138,54.5,55.4,38.5 / 136,39.1 / 138
13243,AZ,Black/Blue-North,F,72,76.4,108.1,135,38.1,38.3,38.1,134,38.3,135,53.9,54.2,38.1 / 134,38.3 / 135
13243,AZ,Blue-North,F,72,75.6,106.9,133,37.6,38.0,37.6,132,38.0,133,53.2,53.7,37.6 / 132,38.0 / 133
13243,AZ,Blue/White-North,F,72,73.6,103.8,128,36.8,36.8,36.8,127,36.8,129,51.8,52.0,36.8 / 127,36.8 / 129
13243,AZ,White-North,F,72,72.5,102.2,126,36.1,36.4,36.1,125,36.4,127,50.8,51.4,36.1 / 125,36.4 / 127
13243,AZ,White/Gold-North,F,72,71.0,99.9,123,35.5,35.5,35.5,122,35.5,123,49.9,50.0,35.5 / 122,35.5 / 123
13243,AZ,Gold-North,F,72,69.8,98.3,121,34.7,35.1,34.7,120,35.1,121,48.9,49.4,34.7 / 120,35.1 / 121
13243,AZ,Gold/Red-North,F,72,67.7,94.5,114,33.7,34.0,33.7,113,34.0,114,47.0,47.5,33.7 / 113,34.0 / 114
13243,AZ,Red-North,F,72,66.7,92.6,110,33.2,33.5,33.2,110,33.5,109,46.2,46.4,33.2 / 110,33.5 / 109
13243,AZ,Red/Orange-North,F,72,64.6,89.1,104,32.4,32.2,32.4,105,32.2,103,44.8,44.3,32.4 / 105,32.2 / 103
13243,AZ,Orange North,F,72,63.2,87.2,102,31.6,31.6,31.6,103,31.6,100,43.8,43.4,31.6 / 103,31.6 / 100
13244,AZ,Black-South,M,72,71.6,94.2,122,35.7,35.9,35.7,121,35.9,123,46.9,47.3,35.7 / 121,35.9 / 123
13244,AZ,Black/Blue-South,M,72,70.7,92.9,120,35.4,35.3,35.4,118,35.3,121,46.4,46.5,35.4 / 118,35.3 / 121
13244,AZ,Blue-South,M,72,69.1,90.6,116,34.5,34.6,34.5,116,34.6,115,45.3,45.3,34.5 / 116,34.6 / 115
13244,AZ,Blue/White-South,M,72,68.3,89.0,112,34.1,34.2,34.1,111,34.2,112,44.4,44.6,34.1 / 111,34.2 / 112
13244,AZ,White-South,M,72,66.9,87.1,109,33.4,33.5,33.4,110,33.5,108,43.6,43.5,33.4 / 110,33.5 / 108
13244,AZ,White/Gold-South,M,72,65.5,85.3,107,32.8,32.7,32.8,108,32.7,105,42.8,42.5,32.8 / 108,32.7 / 105
13244,AZ,Gold-South,M,72,64.2,83.5,104,32.1,32.1,32.1,104,32.1,103,41.8,41.7,32.1 / 104,32.1 / 103
13244,AZ,Gold/Red-South,M,72,62.9,81.6,101,31.5,31.4,31.5,100,31.4,101,40.8,40.8,31.5 / 100,31.4 / 101
13244,AZ,Red-South,M,72,62.2,80.6,99,31.2,31.0,31.2,98,31.0,100,40.3,40.3,31.2 / 98,31.0 / 100
13244,AZ,Red/Orange-South,M,72,60.8,78.3,95,30.4,30.4,30.4,94,30.4,95,39.1,39.2,30.4 / 94,30.4 / 95
13244,AZ,Orange-South,M,72,60.2,77.0,90,30.2,30.0,30.2,89,30.0,91,38.5,38.5,30.2 / 89,30.0 / 91
13244,AZ,Black-South,F,72,78.1,109.9,135,38.9,39.2,38.9,137,39.2,133,55.0,54.9,38.9 / 137,39.2 / 133
13244,AZ,Black/Blue-South,F,72,76.7,107.7,132,38.4,38.3,38.4,133,38.3,130,54.1,53.6,38.4 / 133,38.3 / 130
13244,AZ,Blue-South,F,72,75.8,106.1,129,37.9,37.9,37.9,130,37.9,127,53.2,52.9,37.9 / 130,37.9 / 127
13244,AZ,Blue/White-South,F,72,73.7,103.3,126,36.9,36.8,36.9,128,36.8,123,52.0,51.3,36.9 / 128,36.8 / 123
13244,AZ,White-South,F,72,71.9,100.4,121,36.0,35.9,36.0,123,35.9,119,50.5,49.9,36.0 / 123,35.9 / 119
13244,AZ,White/Gold- South,F,72,70.6,98.3,118,35.4,35.2,35.4,120,35.2,115,49.5,48.8,35.4 / 120,35.2 / 115
13244,AZ,Gold-South,F,72,69.0,96.1,115,34.6,34.4,34.6,117,34.4,113,48.4,47.7,34.6 / 117,34.4 / 113
13244,AZ,Gold/Red-South,F,72,67.5,93.5,111,33.9,33.6,33.9,112,33.6,109,47.1,46.4,33.9 / 112,33.6 / 109
13244,AZ,Red-South,F,72,66.4,92.1,109,33.4,33.0,33.4,111,33.0,107,46.5,45.6,33.4 / 111,33.0 / 107
13244,AZ,Red/Orange-South,F,72,63.7,87.8,102,32.0,31.7,32.0,104,31.7,100,44.3,43.5,32.0 / 104,31.7 / 100
13244,AZ,Orange-South,F,72,62.4,85.2,97,31.3,31.1,31.3,99,31.1,94,43.0,42.2,31.3 / 99,31.1 / 94
20722,AZ,Sand,M,60,56.6,72.9,88,25.8,30.8,25.8,71,30.8,104,32.4,40.5,25.8 / 71,30.8 / 104
20722,AZ,Sun,M,60,55.1,70.2,82,25.5,29.6,25.5,67,29.6,96,31.7,38.5,25.5 / 67,29.6 / 96
20722,AZ,Grass,M,54,52.2,66.1,75,25.5,26.7,25.5,72,26.7,77,32.2,33.9,25.5 / 72,26.7 / 77
20722,AZ,Sand,F,60,59.2,80.8,92,26.8,32.4,26.8,76,32.4,107,35.8,45.0,26.8 / 76,32.4 / 107
20722,AZ,Sun,F,60,56.7,76.7,85,26.4,30.3,26.4,74,30.3,96,35.1,41.6,26.4 / 74,30.3 / 96
20722,AZ,Grass,F,54,54.5,72.6,77,26.6,27.9,26.6,74,27.9,80,35.3,37.3,26.6 / 74,27.9 / 80
13167,AZ,Raptor,M,72,74.7,101.0,142,37.1,37.6,37.1,139,37.6,144,50.0,51.0,37.1 / 139,37.6 / 144
13167,AZ,Raptor/Palo Verde,M,72,73.0,98.7,139,36.4,36.6,36.4,137,36.6,140,49.1,49.6,36.4 / 137,36.6 / 140
13167,AZ,Palo Verde,M,72,71.7,97.0,137,35.8,35.9,35.8,135,35.9,138,48.3,48.7,35.8 / 135,35.9 / 138
13167,AZ,Palo Verde/Terra Cotta,M,72,70.5,95.1,133,35.3,35.2,35.3,134,35.2,131,47.7,47.4,35.3 / 134,35.2 / 131
13167,AZ,Terra Cotta,M,72,69.5,93.6,130,34.9,34.6,34.9,131,34.6,128,47.1,46.5,34.9 / 131,34.6 / 128
13167,AZ,Terra Cotta/Heather,M,72,67.6,90.8,125,33.7,33.9,33.7,127,33.9,123,45.5,45.3,33.7 / 127,33.9 / 123
13167,AZ,Terra Cotta,F,72,75.6,108.0,138,38.0,37.6,38.0,135,37.6,140,53.9,54.1,38.0 / 135,37.6 / 140
13167,AZ,Terra Cotta/Heather,F,72,73.2,103.9,130,36.5,36.7,36.5,128,36.7,132,51.6,52.3,36.5 / 128,36.7 / 132
13167,AZ,Heather,F,72,70.6,99.4,122,35.2,35.4,35.2,124,35.4,120,49.8,49.6,35.2 / 124,35.4 / 120
13330,AZ,Talon,M,72,74.0,101.6,149,36.9,37.1,36.9,145,37.1,152,50.4,51.2,36.9 / 145,37.1 / 152
13330,AZ,Talon/Palo Verde,M,72,72.7,98.9,141,36.2,36.5,36.2,138,36.5,144,49.0,49.9,36.2 / 138,36.5 / 144
13330,AZ,Palo Verde,M,72,71.4,96.9,137,35.3,36.1,35.3,132,36.1,142,47.6,49.3,35.3 / 132,36.1 / 142
13330,AZ,Palo Verde/Terra Cotta,M,72,70.2,94.2,129,34.9,35.3,34.9,127,35.3,131,46.7,47.5,34.9 / 127,35.3 / 131
13330,AZ,Terra Cotta,M,72,68.8,91.8,124,34.2,34.6,34.2,121,34.6,127,45.4,46.4,34.2 / 121,34.6 / 127
13330,AZ,Terra Cotta/Heather,M,72,66.7,88.8,119,33.3,33.4,33.3,117,33.4,121,44.2,44.6,33.3 / 117,33.4 / 121
13330,AZ,Terra Cotta,F,72,74.0,106.3,137,36.6,37.4,36.6,130,37.4,144,51.9,54.4,36.6 / 130,37.4 / 144
13330,AZ,Terra Cotta/Heather,F,72,71.2,100.9,126,35.6,35.6,35.6,122,35.6,130,50.0,50.9,35.6 / 122,35.6 / 130
13330,AZ,Heather,F,72,70.0,98.4,121,35.1,34.9,35.1,119,34.9,122,49.1,49.3,35.1 / 119,34.9 / 122
13321,AZ,Black,M,72,72.1,95.3,125,35.3,36.8,35.3,123,36.8,127,46.7,48.6,35.3 / 123,36.8 / 127
13321,AZ,Copper,M,72,70.4,92.7,120,34.7,35.7,34.7,117,35.7,123,45.6,47.1,34.7 / 117,35.7 / 123
13321,AZ,White,M,72,68.3,90.1,117,33.7,34.6,33.7,115,34.6,119,44.4,45.7,33.7 / 115,34.6 / 119
13321,AZ,Yellow,M,72,66.6,87.3,112,33.1,33.5,33.1,110,33.5,113,43.3,44.0,33.1 / 110,33.5 / 113
13321,AZ,Red,M,72,65.0,85.0,108,32.5,32.5,32.5,107,32.5,109,42.4,42.6,32.5 / 107,32.5 / 109
13321,AZ,Silver,M,72,58.9,76.2,93,29.5,29.4,29.5,91,29.4,95,38.0,38.2,29.5 / 91,29.4 / 95
13321,AZ,White,F,72,73.9,104.3,129,36.7,37.2,36.7,126,37.2,132,51.5,52.8,36.7 / 126,37.2 / 132
13321,AZ,Yellow,F,72,71.2,100.3,124,35.3,35.9,35.3,120,35.9,127,49.4,50.9,35.3 / 120,35.9 / 127
13321,AZ,Red,F,72,69.2,97.2,119,34.4,34.8,34.4,115,34.8,122,48.0,49.2,34.4 / 115,34.8 / 122
13321,AZ,Silver,F,72,62.2,86.6,104,30.9,31.3,30.9,101,31.3,106,42.8,43.8,30.9 / 101,31.3 / 106
13275,AZ,White,M,62,57.4,72.9,84,29.0,28.4,29.0,85,28.4,82,36.9,36.0,29.0 / 85,28.4 / 82
13275,AZ,Red,M,62,55.1,69.5,78,28.1,27.0,28.1,80,27.0,75,35.5,34.0,28.1 / 80,27.0 / 75
13275,AZ,Blue,F,62,62.6,85.4,97,31.9,30.7,31.9,100,30.7,93,43.7,41.7,31.9 / 100,30.7 / 93
13275,AZ,White,F,62,59.0,79.7,88,29.9,29.1,29.9,91,29.1,85,40.6,39.1,29.9 / 91,29.1 / 85
13275,AZ,Red,F,62,56.7,75.9,82,28.8,27.9,28.8,86,27.9,77,38.9,37.0,28.8 / 86,27.9 / 77
13006,AZ,Men's,M,71,67.9,87.5,106,34.0,33.9,34.0,107,33.9,104,43.9,43.6,34.0 / 107,33.9 / 104
13005,AZ,Blue,M,72,71.6,94.3,123,36.1,35.5,36.1,122,35.5,123,47.4,46.9,36.1 / 122,35.5 / 123
13005,AZ,White,M,72,69.4,91.0,116,34.8,34.6,34.8,117,34.6,115,45.7,45.3,34.8 / 117,34.6 / 115
13005,AZ,Gold,M,72,66.2,86.5,110,32.8,33.4,32.8,108,33.4,111,42.8,43.7,32.8 / 108,33.4 / 111
13005,AZ,Red,M,72,62.7,82.1,104,31.2,31.5,31.2,103,31.5,105,40.8,41.3,31.2 / 103,31.5 / 105
13005,AZ,White,F,72,75.2,105.8,130,37.7,37.5,37.7,131,37.5,128,53.2,52.6,37.7 / 131,37.5 / 128
13005,AZ,Gold,F,72,71.1,99.5,121,35.2,35.9,35.2,121,35.9,120,49.5,50.0,35.2 / 121,35.9 / 120
13005,AZ,Red,F,72,67.5,95.2,118,33.7,33.8,33.7,118,33.8,117,47.6,47.6,33.7 / 118,33.8 / 117
20709,AZ,Regular,M,69,66.1,86.0,108,32.6,33.5,32.6,108,33.5,107,42.6,43.4,32.6 / 108,33.5 / 107
13285,AZ,Rattler,M,72,72.1,98.4,142,35.9,36.2,35.9,141,36.2,142,49.0,49.4,35.9 / 141,36.2 / 142
13285,AZ,Rattler/Javelina,M,72,71.3,97.2,140,35.6,35.7,35.6,138,35.7,141,48.4,48.8,35.6 / 138,35.7 / 141
13285,AZ,Javelina,M,72,70.4,96.0,138,34.9,35.5,34.9,136,35.5,140,47.5,48.5,34.9 / 136,35.5 / 140
13285,AZ,Combo,M,72,69.4,94.2,133,34.7,34.7,34.7,133,34.7,133,47.1,47.1,34.7 / 133,34.7 / 133
13285,AZ,Coyote,M,72,68.5,92.0,127,34.3,34.2,34.3,126,34.2,127,46.0,46.0,34.3 / 126,34.2 / 127
13285,AZ,Coyote/Roadrunner,M,72,67.2,90.0,123,33.5,33.7,33.5,121,33.7,125,44.7,45.3,33.5 / 121,33.7 / 125
13285,AZ,Roadrunner,M,72,66.3,88.2,118,33.3,33.0,33.3,117,33.0,118,44.2,44.0,33.3 / 117,33.0 / 118
13285,AZ,Roadrunner/Hummingbird,M,72,65.3,86.6,115,32.6,32.7,32.6,113,32.7,116,43.1,43.5,32.6 / 113,32.7 / 116
13285,AZ,Quail,M,72,65.2,86.4,114,32.9,32.3,32.9,115,32.3,113,43.6,42.8,32.9 / 115,32.3 / 113
13285,AZ,Tournament Quail,M,72,63.5,83.8,110,31.9,31.6,31.9,110,31.6,109,42.1,41.7,31.9 / 110,31.6 / 109
13285,AZ,Hummingbird,M,72,62.0,81.5,105,30.9,31.1,30.9,104,31.1,105,40.6,40.9,30.9 / 104,31.1 / 105
13285,AZ,Hummingbird/Gecko,M,72,60.4,79.1,101,30.1,30.3,30.1,98,30.3,103,39.2,39.9,30.1 / 98,30.3 / 103
13285,AZ,Gecko,M,72,59.3,77.5,98,29.6,29.7,29.6,95,29.7,101,38.4,39.1,29.6 / 95,29.7 / 101
13285,AZ,Roadrunner,F,72,71.7,102.5,131,35.9,35.8,35.9,133,35.8,128,51.6,50.9,35.9 / 133,35.8 / 128
13285,AZ,Quail,F,72,70.7,100.0,124,35.7,35.0,35.7,126,35.0,122,50.6,49.4,35.7 / 126,35.0 / 122
13285,AZ,RR/Humm Combo,F,72,70.1,99.7,126,35.0,35.1,35.0,127,35.1,124,50.0,49.7,35.0 / 127,35.1 / 124
13285,AZ,Tournament Quail,F,72,69.1,97.0,119,34.7,34.4,34.7,119,34.4,118,48.7,48.3,34.7 / 119,34.4 / 118
13285,AZ,Hummingbird,F,72,66.4,93.5,115,33.1,33.3,33.1,113,33.3,117,46.4,47.1,33.1 / 113,33.3 / 117
13285,AZ,Hummingbird/Gecko,F,72,64.0,89.9,110,31.9,32.1,31.9,108,32.1,112,44.6,45.3,31.9 / 108,32.1 / 112
13285,AZ,Gecko,F,72,61.9,86.3,104,30.8,31.1,30.8,101,31.1,106,42.7,43.6,30.8 / 101,31.1 / 106
13267,AZ,Black,M,72,72.2,95.3,125,35.6,36.6,35.6,123,36.6,126,47.0,48.3,35.6 / 123,36.6 / 126
13267,AZ,Blue,M,72,70.5,92.6,119,34.8,35.7,34.8,116,35.7,122,45.6,47.0,34.8 / 116,35.7 / 122
13267,AZ,White,M,72,68.8,89.9,114,33.9,34.9,33.9,111,34.9,116,44.2,45.7,33.9 / 111,34.9 / 116
13267,AZ,Gold,M,72,67.1,87.9,112,32.8,34.3,32.8,110,34.3,114,43.0,44.9,32.8 / 110,34.3 / 114
13267,AZ,Red,M,72,65.3,85.6,110,32.3,33.0,32.3,108,33.0,111,42.3,43.3,32.3 / 108,33.0 / 111
13267,AZ,White,F,72,75.1,104.3,124,37.3,37.8,37.3,118,37.8,130,51.2,53.1,37.3 / 118,37.8 / 130
13267,AZ,Gold,F,72,73.1,101.4,120,36.1,37.0,36.1,113,37.0,127,49.4,52.0,36.1 / 113,37.0 / 127
13267,AZ,Red,F,72,70.5,98.4,119,35.2,35.3,35.2,113,35.3,124,48.5,49.9,35.2 / 113,35.3 / 124
13251,AZ,Championship,M,72,70.2,92.5,120,35.1,35.1,35.1,121,35.1,119,46.3,46.2,35.1 / 121,35.1 / 119
13251,AZ,Middle,M,72,69.5,91.0,116,34.9,34.6,34.9,117,34.6,114,45.8,45.2,34.9 / 117,34.6 / 114
13251,AZ,Silver,M,72,65.4,84.9,105,32.9,32.5,32.9,104,32.5,105,42.6,42.3,32.9 / 104,32.5 / 105
13251,AZ,Green,M,72,64.7,83.6,102,32.5,32.2,32.5,102,32.2,101,42.0,41.6,32.5 / 102,32.2 / 101
13251,AZ,Silver,F,72,71.1,99.3,120,35.8,35.3,35.8,118,35.3,121,49.7,49.6,35.8 / 118,35.3 / 121
13251,AZ,Green,F,72,70.4,98.0,117,35.5,34.9,35.5,116,34.9,118,49.2,48.8,35.5 / 116,34.9 / 118
13214,AZ,Black,M,70,71.8,96.3,132,36.7,35.1,36.7,136,35.1,128,49.3,47.0,36.7 / 136,35.1 / 128
13214,AZ,Black/Blue,M,70,70.6,94.4,128,35.9,34.7,35.9,132,34.7,124,48.2,46.2,35.9 / 132,34.7 / 124
13214,AZ,Blue,M,70,69.7,93.1,126,35.4,34.3,35.4,130,34.3,122,47.5,45.6,35.4 / 130,34.3 / 122
13214,AZ,Blue/White,M,70,68.4,91.3,123,35.0,33.4,35.0,127,33.4,119,46.8,44.5,35.0 / 127,33.4 / 119
13214,AZ,White,M,70,67.7,89.9,120,34.6,33.1,34.6,124,33.1,115,46.1,43.8,34.6 / 124,33.1 / 115
13214,AZ,White/Gold,M,70,65.1,85.9,112,33.5,31.6,33.5,114,31.6,110,44.1,41.8,33.5 / 114,31.6 / 110
13214,AZ,Gold,M,70,63.7,83.8,108,32.4,31.3,32.4,111,31.3,105,42.7,41.1,32.4 / 111,31.3 / 105
13214,AZ,Blue,F,70,75.5,107.8,137,38.5,37.0,38.5,145,37.0,129,55.6,52.2,38.5 / 145,37.0 / 129
13214,AZ,Blue/White,F,70,74.3,105.9,134,38.0,36.3,38.0,142,36.3,126,54.8,51.1,38.0 / 142,36.3 / 126
13214,AZ,White,F,70,73.2,104.1,131,37.4,35.8,37.4,138,35.8,124,53.7,50.4,37.4 / 138,35.8 / 124
13214,AZ,White/Gold,F,70,70.2,99.6,125,36.1,34.1,36.1,131,34.1,118,51.6,48.0,36.1 / 131,34.1 / 118
13214,AZ,Gold,F,70,68.2,96.9,122,34.9,33.3,34.9,125,33.3,119,49.6,47.3,34.9 / 125,33.3 / 119
13192,AZ,Blue,M,67,63.4,82.5,103,31.5,31.9,31.5,101,31.9,104,40.9,41.6,31.5 / 101,31.9 / 104
13192,AZ,Blue/White,M,67,62.3,81.1,101,31.0,31.3,31.0,100,31.3,102,40.3,40.8,31.0 / 100,31.3 / 102
13192,AZ,White,M,67,61.3,79.6,99,30.6,30.7,30.6,98,30.7,99,39.7,39.9,30.6 / 98,30.7 / 99
13192,AZ,Black,M,67,60.2,77.5,93,30.1,30.1,30.1,90,30.1,96,38.5,39.0,30.1 / 90,30.1 / 96
13192,AZ,Yellow,M,67,59.2,75.7,89,29.7,29.5,29.7,86,29.5,91,37.7,38.0,29.7 / 86,29.5 / 91
13192,AZ,Yellow/Silver,M,67,58.4,74.5,87,29.3,29.1,29.3,84,29.1,89,37.1,37.4,29.3 / 84,29.1 / 89
13192,AZ,Blue,F,67,68.4,94.4,110,34.1,34.3,34.1,110,34.3,110,47.1,47.3,34.1 / 110,34.3 / 110
13192,AZ,White,F,67,64.8,89.3,104,32.3,32.5,32.3,105,32.5,103,44.7,44.6,32.3 / 105,32.5 / 103
13192,AZ,Black/yellow combo,F,67,62.6,86.6,102,31.4,31.2,31.4,102,31.2,102,43.4,43.2,31.4 / 102,31.2 / 102
13192,AZ,Yellow,F,67,61.0,83.8,97,30.6,30.4,30.6,97,30.4,97,42.0,41.8,30.6 / 97,30.4 / 97
13192,AZ,Yellow/Silver Combo,F,67,59.3,81.0,92,29.6,29.7,29.6,91,29.7,93,40.3,40.7,29.6 / 91,29.7 / 93
13140,AZ,Sierra,M,71,71.5,93.9,121,35.1,36.4,35.1,119,36.4,122,46.2,47.7,35.1 / 119,36.4 / 122
13140,AZ,Agua,M,71,69.8,91.6,117,34.2,35.6,34.2,116,35.6,118,45.0,46.6,34.2 / 116,35.6 / 118
13140,AZ,Blue/White Combo,M,71,68.7,90.0,115,33.9,34.8,33.9,115,34.8,114,44.6,45.4,33.9 / 115,34.8 / 114
13140,AZ,Salt,M,71,67.4,88.3,113,33.2,34.2,33.2,112,34.2,113,43.6,44.7,33.2 / 112,34.2 / 113
13140,AZ,Gila,M,71,64.5,83.9,104,32.3,32.2,32.3,105,32.2,103,42.1,41.8,32.3 / 105,32.2 / 103
13140,AZ,Estrella,M,71,62.2,80.6,99,31.1,31.1,31.1,100,31.1,98,40.4,40.2,31.1 / 100,31.1 / 98
13140,AZ,Salt,F,71,73.0,100.7,118,36.0,37.0,36.0,117,37.0,118,49.8,50.9,36.0 / 117,37.0 / 118
13140,AZ,Gila,F,71,70.0,96.1,111,34.9,35.1,34.9,109,35.1,113,47.7,48.4,34.9 / 109,35.1 / 113
13140,AZ,Estrella,F,71,67.2,92.6,108,33.5,33.7,33.5,109,33.7,107,46.3,46.3,33.5 / 109,33.7 / 107
13268,AZ,Tips,M,72,72.3,95.9,127,35.8,36.5,35.8,125,36.5,129,47.4,48.5,35.8 / 125,36.5 / 129
13268,AZ,Black,M,72,71.9,95.1,125,35.7,36.2,35.7,123,36.2,127,47.1,48.0,35.7 / 123,36.2 / 127
13268,AZ,Blue,M,72,70.4,92.9,121,35.0,35.4,35.0,119,35.4,123,46.1,46.8,35.0 / 119,35.4 / 123
13268,AZ,White,M,72,68.7,90.0,115,34.2,34.5,34.2,115,34.5,114,44.9,45.1,34.2 / 115,34.5 / 114
13268,AZ,Red,M,72,66.7,86.5,107,33.6,33.1,33.6,109,33.1,104,43.7,42.8,33.6 / 109,33.1 / 104
13268,AZ,White,F,73,74.5,104.7,129,37.2,37.3,37.2,131,37.3,126,52.6,52.1,37.2 / 131,37.3 / 126
13268,AZ,Red,F,73,71.6,100.3,122,36.0,35.6,36.0,126,35.6,118,50.8,49.5,36.0 / 126,35.6 / 118
14979,AZ,Cinder,M,72,72.5,96.0,127,36.1,36.4,36.1,127,36.4,126,47.9,48.1,36.1 / 127,36.4 / 126
14979,AZ,Copper,M,72,69.2,92.1,124,34.4,34.8,34.4,122,34.8,125,45.7,46.4,34.4 / 122,34.8 / 125
14979,AZ,Indigo,M,72,67.0,88.1,114,33.5,33.5,33.5,114,33.5,113,44.1,44.0,33.5 / 114,33.5 / 113
14979,AZ,Turquoise,M,72,65.7,86.1,110,33.2,32.5,33.2,112,32.5,108,43.6,42.5,33.2 / 112,32.5 / 108
14979,AZ,Lava,M,72,63.1,82.7,106,31.5,31.6,31.5,107,31.6,104,41.4,41.3,31.5 / 107,31.6 / 104
14979,AZ,Junior,M,72,56.8,73.8,92,28.5,28.3,28.5,89,28.3,94,36.8,37.0,28.5 / 89,28.3 / 94
14979,AZ,Indigo,F,72,72.2,101.8,126,36.1,36.1,36.1,126,36.1,125,51.0,50.8,36.1 / 126,36.1 / 125
14979,AZ,Turquoise,F,72,70.5,98.8,120,35.6,34.9,35.6,126,34.9,114,50.4,48.4,35.6 / 126,34.9 / 114
14979,AZ,Lava,F,72,67.4,94.0,113,33.5,33.9,33.5,119,33.9,107,47.5,46.5,33.5 / 119,33.9 / 107
14978,AZ,Cinder,M,72,72.8,96.5,128,36.7,36.1,36.7,128,36.1,127,48.6,47.9,36.7 / 128,36.1 / 127
14978,AZ,Copper,M,72,69.3,91.8,122,34.9,34.4,34.9,121,34.4,122,46.1,45.7,34.9 / 121,34.4 / 122
14978,AZ,Indigo,M,72,67.2,88.3,114,33.7,33.5,33.7,113,33.5,114,44.2,44.1,33.7 / 113,33.5 / 114
14978,AZ,Turquoise,M,72,66.3,86.9,111,33.1,33.2,33.1,110,33.2,112,43.3,43.6,33.1 / 110,33.2 / 112
14978,AZ,Lava,M,72,63.6,83.3,106,32.1,31.5,32.1,105,31.5,107,41.9,41.4,32.1 / 105,31.5 / 107
14978,AZ,Junior,M,72,57.2,73.6,88,28.7,28.5,28.7,87,28.5,89,36.8,36.8,28.7 / 87,28.5 / 89
14978,AZ,Indigo,F,72,72.3,102.1,126,36.2,36.1,36.2,126,36.1,126,51.1,51.0,36.2 / 126,36.1 / 126
14978,AZ,Turquoise,F,72,70.9,99.8,123,35.3,35.6,35.3,120,35.6,126,49.4,50.4,35.3 / 120,35.6 / 126
14978,AZ,Lava,F,72,67.3,95.0,118,33.8,33.5,33.8,116,33.5,119,47.5,47.5,33.8 / 116,33.5 / 119
14977,AZ,Cinder,M,72,73.1,96.7,127,36.4,36.7,36.4,126,36.7,128,48.1,48.6,36.4 / 126,36.7 / 128
14977,AZ,Copper,M,72,69.7,92.5,123,34.8,34.9,34.8,125,34.9,121,46.4,46.1,34.8 / 125,34.9 / 121
14977,AZ,Indigo,M,72,67.2,88.2,113,33.5,33.7,33.5,113,33.7,113,44.0,44.2,33.5 / 113,33.7 / 113
14977,AZ,Turquoise,M,72,65.6,85.8,109,32.5,33.1,32.5,108,33.1,110,42.5,43.3,32.5 / 108,33.1 / 110
14977,AZ,Lava,M,72,63.7,83.2,105,31.6,32.1,31.6,104,32.1,105,41.3,41.9,31.6 / 104,32.1 / 105
14977,AZ,Junior,M,72,57.0,73.8,91,28.3,28.7,28.3,94,28.7,87,37.0,36.8,28.3 / 94,28.7 / 87
14977,AZ,Indigo,F,72,72.3,101.9,126,36.1,36.2,36.1,125,36.2,126,50.8,51.1,36.1 / 125,36.2 / 126
14977,AZ,Turquoise,F,72,70.1,97.7,117,34.8,35.3,34.8,114,35.3,120,48.2,49.5,34.8 / 114,35.3 / 120
14977,AZ,Lava,F,72,67.7,94.0,112,33.9,33.8,33.9,107,33.8,116,46.5,47.5,33.9 / 107,33.8 / 116
13265,AZ,Black,M,72,72.1,97.1,135,36.0,36.1,36.0,136,36.1,133,48.6,48.5,36.0 / 136,36.1 / 133
13265,AZ,Gold,M,72,70.4,94.4,129,35.0,35.4,35.0,125,35.4,133,46.6,47.8,35.0 / 125,35.4 / 133
13265,AZ,Green,M,72,68.3,91.1,123,34.0,34.3,34.0,124,34.3,122,45.5,45.6,34.0 / 124,34.3 / 122
13265,AZ,Green,F,72,73.8,105.6,135,36.8,37.0,36.8,131,37.0,139,52.2,53.4,36.8 / 131,37.0 / 139
13265,AZ,Silver,F,72,69.1,97.8,122,34.5,34.6,34.5,122,34.6,121,48.9,48.9,34.5 / 122,34.6 / 121
13118,AZ,Black,M,72,72.7,99.9,147,36.8,35.9,36.8,149,35.9,144,50.6,49.3,36.8 / 149,35.9 / 144
13118,AZ,Long Combo,M,72,71.8,98.4,143,36.5,35.3,36.5,146,35.3,140,50.1,48.3,36.5 / 146,35.3 / 140
13118,AZ,Gold,M,72,70.7,96.7,140,36.0,34.7,36.0,143,34.7,137,49.3,47.4,36.0 / 143,34.7 / 137
13118,AZ,Member Tees,M,72,69.5,94.5,135,35.1,34.4,35.1,137,34.4,132,47.8,46.7,35.1 / 137,34.4 / 132
13118,AZ,Silver,M,72,68.1,92.1,129,34.2,33.9,34.2,131,33.9,127,46.4,45.7,34.2 / 131,33.9 / 127
13118,AZ,Short Combo,M,72,67.0,90.3,126,33.9,33.1,33.9,126,33.1,125,45.6,44.7,33.9 / 126,33.1 / 125
13118,AZ,Copper,M,72,66.2,89.3,125,33.4,32.8,33.4,126,32.8,123,45.1,44.2,33.4 / 126,32.8 / 123
13118,AZ,Ruby,M,72,65.3,88.0,123,33.2,32.1,33.2,123,32.1,122,44.6,43.4,33.2 / 123,32.1 / 122
13118,AZ,Jade,M,72,64.2,86.5,120,32.9,31.3,32.9,121,31.3,119,44.1,42.4,32.9 / 121,31.3 / 119
13118,AZ,Forward Combo,M,72,61.5,83.2,117,30.9,30.6,30.9,117,30.6,116,41.8,41.4,30.9 / 117,30.6 / 116
13118,AZ,Azul,M,72,60.3,81.8,116,30.2,30.1,30.2,117,30.1,114,41.1,40.7,30.2 / 117,30.1 / 114
13118,AZ,Black,F,72,80.1,117.6,155,40.5,39.6,40.5,155,39.6,155,59.1,58.5,40.5 / 155,39.6 / 155
13118,AZ,Long Combo,F,72,78.8,115.0,154,40.0,38.8,40.0,153,38.8,154,58.0,57.0,40.0 / 153,38.8 / 154
13118,AZ,Gold,F,72,77.0,112.6,151,39.4,37.6,39.4,152,37.6,150,57.3,55.3,39.4 / 152,37.6 / 150
13118,AZ,Member Tees,F,72,75.8,110.6,148,38.6,37.2,38.6,146,37.2,149,55.8,54.8,38.6 / 146,37.2 / 149
13118,AZ,Silver,F,72,74.3,108.2,144,37.5,36.8,37.5,140,36.8,148,54.0,54.2,37.5 / 140,36.8 / 148
13118,AZ,Short Combo,F,72,73.0,105.9,140,36.7,36.3,36.7,139,36.3,140,53.1,52.8,36.7 / 139,36.3 / 140
13118,AZ,Copper,F,72,72.3,104.7,138,36.6,35.7,36.6,135,35.7,140,52.5,52.2,36.6 / 135,35.7 / 140
13118,AZ,Ruby,F,72,71.2,102.7,134,36.1,35.1,36.1,135,35.1,132,52.0,50.7,36.1 / 135,35.1 / 132
13118,AZ,Jade,F,72,69.8,99.9,128,35.6,34.2,35.6,132,34.2,123,51.2,48.7,35.6 / 132,34.2 / 123
13118,AZ,Forward Combo,F,72,66.1,94.8,122,33.1,33.0,33.1,122,33.0,121,47.5,47.3,33.1 / 122,33.0 / 121
13118,AZ,Azul,F,72,64.2,92.2,119,31.9,32.3,31.9,120,32.3,117,46.1,46.1,31.9 / 120,32.3 / 117
13119,AZ,Black,M,72,72.0,99.6,149,35.9,36.1,35.9,144,36.1,153,49.3,50.3,35.9 / 144,36.1 / 153
13119,AZ,Long Combo,M,72,71.1,97.8,144,35.3,35.8,35.3,140,35.8,147,48.3,49.5,35.3 / 140,35.8 / 147
13119,AZ,Gold,M,72,70.1,96.1,140,34.7,35.4,34.7,137,35.4,143,47.4,48.7,34.7 / 137,35.4 / 143
13119,AZ,Member Tees,M,72,69.0,94.1,135,34.4,34.6,34.4,132,34.6,138,46.7,47.4,34.4 / 132,34.6 / 138
13119,AZ,Silver,M,72,67.7,91.9,130,33.9,33.8,33.9,127,33.8,133,45.7,46.2,33.9 / 127,33.8 / 133
13119,AZ,Short Combo,M,72,66.8,90.6,128,33.1,33.7,33.1,125,33.7,131,44.7,45.9,33.1 / 125,33.7 / 131
13119,AZ,Copper,M,72,66.3,89.8,127,32.8,33.5,32.8,123,33.5,130,44.2,45.6,32.8 / 123,33.5 / 130
13119,AZ,Ruby,M,72,64.8,87.7,124,32.1,32.7,32.1,122,32.7,125,43.4,44.3,32.1 / 122,32.7 / 125
13119,AZ,Jade,M,72,63.2,85.4,119,31.3,31.9,31.3,119,31.9,119,42.4,43.0,31.3 / 119,31.9 / 119
13119,AZ,Forward Combo,M,72,61.8,83.5,117,30.6,31.2,30.6,116,31.2,117,41.4,42.1,30.6 / 116,31.2 / 117
13119,AZ,Azul,M,72,60.5,81.8,115,30.1,30.4,30.1,114,30.4,115,40.7,41.1,30.1 / 114,30.4 / 115
13119,AZ,Black,F,72,79.4,116.7,155,39.6,39.8,39.6,155,39.8,155,58.5,58.2,39.6 / 155,39.8 / 155
13119,AZ,Long Combo,F,72,78.1,114.1,153,38.8,39.3,38.8,154,39.3,151,57.0,57.1,38.8 / 154,39.3 / 151
13119,AZ,Gold,F,72,76.4,111.6,149,37.6,38.8,37.6,150,38.8,148,55.3,56.3,37.6 / 150,38.8 / 148
13119,AZ,Member Tees,F,72,75.1,109.8,147,37.2,37.9,37.2,149,37.9,145,54.8,55.0,37.2 / 149,37.9 / 145
13119,AZ,Silver,F,72,73.6,107.7,145,36.8,36.8,36.8,148,36.8,142,54.2,53.5,36.8 / 148,36.8 / 142
13119,AZ,Short Combo,F,72,73.2,106.1,140,36.3,36.9,36.3,140,36.9,139,52.8,53.3,36.3 / 140,36.9 / 139
13119,AZ,Copper,F,72,72.2,105.0,139,35.7,36.5,35.7,140,36.5,138,52.2,52.8,35.7 / 140,36.5 / 138
13119,AZ,Ruby,F,72,70.2,101.2,132,35.1,35.1,35.1,132,35.1,131,50.7,50.5,35.1 / 132,35.1 / 131
13119,AZ,Jade,F,72,68.0,97.5,125,34.2,33.8,34.2,123,33.8,127,48.7,48.8,34.2 / 123,33.8 / 127
13119,AZ,Forward Combo,F,72,65.7,94.5,122,33.0,32.7,33.0,121,32.7,123,47.3,47.2,33.0 / 121,32.7 / 123
13119,AZ,Azul,F,72,63.7,91.8,119,32.3,31.4,32.3,117,31.4,121,46.1,45.7,32.3 / 117,31.4 / 121
13120,AZ,Black,M,72,72.9,100.9,151,36.1,36.8,36.1,153,36.8,149,50.3,50.6,36.1 / 153,36.8 / 149
13120,AZ,Long Combo,M,72,72.3,99.6,147,35.8,36.5,35.8,147,36.5,146,49.5,50.1,35.8 / 147,36.5 / 146
13120,AZ,Gold,M,72,71.4,98.0,143,35.4,36.0,35.4,143,36.0,143,48.7,49.3,35.4 / 143,36.0 / 143
13120,AZ,Member Tees,M,72,69.7,95.2,138,34.6,35.1,34.6,138,35.1,137,47.4,47.8,34.6 / 138,35.1 / 137
13120,AZ,Silver,M,72,68.0,92.6,132,33.8,34.2,33.8,133,34.2,131,46.2,46.4,33.8 / 133,34.2 / 131
13120,AZ,Short Combo,M,72,67.6,91.5,129,33.7,33.9,33.7,131,33.9,126,45.9,45.6,33.7 / 131,33.9 / 126
13120,AZ,Copper,M,72,66.9,90.7,128,33.5,33.4,33.5,130,33.4,126,45.6,45.1,33.5 / 130,33.4 / 126
13120,AZ,Ruby,M,72,65.9,88.9,124,32.7,33.2,32.7,125,33.2,123,44.3,44.6,32.7 / 125,33.2 / 123
13120,AZ,Jade,M,72,64.8,87.1,120,31.9,32.9,31.9,119,32.9,121,43.0,44.1,31.9 / 119,32.9 / 121
13120,AZ,Forward Combo,M,72,62.1,83.9,117,31.2,30.9,31.2,117,30.9,117,42.1,41.8,31.2 / 117,30.9 / 117
13120,AZ,Azul,M,72,60.6,82.2,116,30.4,30.2,30.4,115,30.2,117,41.1,41.1,30.4 / 115,30.2 / 117
13120,AZ,Black,F,72,80.3,117.3,155,39.8,40.5,39.8,155,40.5,155,58.2,59.1,39.8 / 155,40.5 / 155
13120,AZ,Long Combo,F,72,79.3,115.1,152,39.3,40.0,39.3,151,40.0,153,57.1,58.0,39.3 / 151,40.0 / 153
13120,AZ,Gold,F,72,78.2,113.6,150,38.8,39.4,38.8,148,39.4,152,56.3,57.3,38.8 / 148,39.4 / 152
13120,AZ,Member Tees,F,72,76.5,110.8,146,37.9,38.6,37.9,145,38.6,146,55.0,55.8,37.9 / 145,38.6 / 146
13120,AZ,Silver,F,72,74.3,107.5,141,36.8,37.5,36.8,142,37.5,140,53.5,54.0,36.8 / 142,37.5 / 140
13120,AZ,Short Combo,F,72,73.6,106.4,139,36.9,36.7,36.9,139,36.7,139,53.3,53.1,36.9 / 139,36.7 / 139
13120,AZ,Copper,F,72,73.1,105.3,137,36.5,36.6,36.5,138,36.6,135,52.8,52.5,36.5 / 138,36.6 / 135
13120,AZ,Ruby,F,72,71.2,102.5,133,35.1,36.1,35.1,131,36.1,135,50.5,52.0,35.1 / 131,36.1 / 135
13120,AZ,Jade,F,72,69.4,100.0,130,33.8,35.6,33.8,127,35.6,132,48.8,51.2,33.8 / 127,35.6 / 132
13120,AZ,Forward Combo,F,72,65.8,94.7,123,32.7,33.1,32.7,123,33.1,122,47.2,47.5,32.7 / 123,33.1 / 122
13120,AZ,Azul,F,72,63.3,91.8,121,31.4,31.9,31.4,121,31.9,120,45.7,46.1,31.4 / 121,31.9 / 120
13114,AZ,Gold,M,71,68.8,90.7,118,35.3,33.5,35.3,126,33.5,110,47.0,43.7,35.3 / 126,33.5 / 110
13114,AZ,Black,M,71,67.2,88.4,115,34.5,32.7,34.5,121,32.7,108,45.7,42.7,34.5 / 121,32.7 / 108
13114,AZ,Silver,M,71,64.0,83.5,105,32.5,31.5,32.5,110,31.5,100,42.7,40.8,32.5 / 110,31.5 / 100
13114,AZ,Green,M,71,61.0,78.9,97,30.8,30.2,30.8,99,30.2,94,40.0,38.9,30.8 / 99,30.2 / 94
13114,AZ,Blue,M,64,55.6,71.1,84,26.9,28.7,26.9,82,28.7,85,34.5,36.6,26.9 / 82,28.7 / 85
13114,AZ,Gold,F,71,73.9,103.8,127,38.1,35.8,38.1,129,35.8,125,53.3,50.5,38.1 / 129,35.8 / 125
13114,AZ,Black,F,71,72.0,100.9,123,37.0,35.0,37.0,124,35.0,121,51.6,49.3,37.0 / 124,35.0 / 121
13114,AZ,Silver,F,71,67.8,94.0,111,34.6,33.2,34.6,117,33.2,105,48.4,45.6,34.6 / 117,33.2 / 105
13114,AZ,Green,F,71,63.1,86.8,101,32.0,31.1,32.0,106,31.1,95,44.5,42.3,32.0 / 106,31.1 / 95
13114,AZ,Blue,F,64,57.2,76.9,84,28.3,28.9,28.3,83,28.9,84,38.1,38.8,28.3 / 83,28.9 / 84
13115,AZ,Gold,M,71,71.9,95.7,128,36.0,35.9,36.0,130,35.9,126,48.1,47.6,36.0 / 130,35.9 / 126
13115,AZ,Black,M,71,70.6,93.4,123,35.4,35.2,35.4,123,35.2,123,46.8,46.6,35.4 / 123,35.2 / 123
13115,AZ,Silver,M,71,68.1,90.0,118,34.3,33.8,34.3,119,33.8,116,45.4,44.6,34.3 / 119,33.8 / 116
13115,AZ,Green,M,71,63.5,83.6,108,32.1,31.4,32.1,112,31.4,104,42.5,41.1,32.1 / 112,31.4 / 104
13115,AZ,Black,F,71,76.9,108.9,136,38.6,38.3,38.6,133,38.3,138,54.3,54.6,38.6 / 133,38.3 / 138
13115,AZ,Silver,F,71,74.0,104.6,129,37.3,36.7,37.3,127,36.7,130,52.4,52.2,37.3 / 127,36.7 / 130
13115,AZ,Green,F,71,68.2,95.9,118,34.3,33.9,34.3,115,33.9,120,47.9,48.0,34.3 / 115,33.9 / 120
13253,AZ,Black,M,72,72.8,98.7,139,37.0,35.8,37.0,146,35.8,132,50.6,48.1,37.0 / 146,35.8 / 132
13253,AZ,Blue,M,72,70.3,94.6,131,35.7,34.6,35.7,137,34.6,125,48.4,46.2,35.7 / 137,34.6 / 125
13253,AZ,White,M,72,67.3,89.7,121,34.2,33.1,34.2,127,33.1,114,46.0,43.7,34.2 / 127,33.1 / 114
13253,AZ,Gold,M,72,64.8,85.8,113,32.8,32.0,32.8,117,32.0,109,43.7,42.1,32.8 / 117,32.0 / 109
13253,AZ,Red,M,72,62.4,82.6,109,31.3,31.1,31.3,112,31.1,105,41.7,40.9,31.3 / 112,31.1 / 105
13253,AZ,White,F,72,72.4,105.1,139,36.8,35.6,36.8,142,35.6,135,53.6,51.5,36.8 / 142,35.6 / 135
13253,AZ,Gold,F,72,70.7,100.7,128,35.8,34.9,35.8,130,34.9,125,51.1,49.6,35.8 / 130,34.9 / 125
13253,AZ,Red,F,72,69.2,97.4,120,34.8,34.4,34.8,121,34.4,118,49.1,48.3,34.8 / 121,34.4 / 118
13165,AZ,Black,M,72,73.1,96.6,127,35.5,37.6,35.5,122,37.6,131,46.8,49.8,35.5 / 122,37.6 / 131
13165,AZ,Quartz,M,72,70.3,92.5,120,34.1,36.2,34.1,116,36.2,123,44.9,47.6,34.1 / 116,36.2 / 123
13165,AZ,Copper,M,72,67.0,88.0,113,32.6,34.4,32.6,110,34.4,116,42.8,45.2,32.6 / 110,34.4 / 116
13165,AZ,Silver,M,72,63.9,83.4,105,31.1,32.8,31.1,101,32.8,109,40.5,42.9,31.1 / 101,32.8 / 109
13165,AZ,Quartz,F,72,75.0,105.1,129,36.7,38.3,36.7,123,38.3,134,51.1,54.0,36.7 / 123,38.3 / 134
13165,AZ,Copper,F,72,71.2,99.2,119,34.9,36.3,34.9,115,36.3,123,48.4,50.8,34.9 / 115,36.3 / 123
13165,AZ,Silver,F,72,67.3,92.6,107,32.8,34.5,32.8,100,34.5,114,44.7,47.9,32.8 / 100,34.5 / 114
13165,AZ,Gold,F,72,64.4,88.0,100,31.4,33.0,31.4,93,33.0,107,42.4,45.6,31.4 / 93,33.0 / 107
13068,AZ,Blue,M,71,70.0,92.5,122,35.3,34.7,35.3,121,34.7,122,46.5,46.0,35.3 / 121,34.7 / 122
13068,AZ,Blue/White,M,71,68.7,90.3,116,34.8,33.9,34.8,117,33.9,115,45.7,44.6,34.8 / 117,33.9 / 115
13068,AZ,White,M,71,66.9,86.9,108,33.6,33.3,33.6,110,33.3,105,43.8,43.1,33.6 / 110,33.3 / 105
13068,AZ,White/Yellow,M,71,65.1,84.5,104,32.6,32.5,32.6,105,32.5,103,42.4,42.1,32.6 / 105,32.5 / 103
13068,AZ,Yellow,M,71,62.4,80.4,97,31.4,31.0,31.4,95,31.0,99,40.2,40.2,31.4 / 95,31.0 / 99
13068,AZ,White,F,71,72.5,101.0,121,36.5,36.0,36.5,122,36.0,120,50.9,50.1,36.5 / 122,36.0 / 120
13068,AZ,White/Yellow,F,71,70.2,97.3,115,35.3,34.9,35.3,116,34.9,114,49.0,48.3,35.3 / 116,34.9 / 114
13068,AZ,Yellow,F,71,66.5,91.0,104,33.4,33.1,33.4,105,33.1,103,45.8,45.2,33.4 / 105,33.1 / 103
13197,AZ,Silver,M,72,73.3,99.4,141,37.0,36.3,37.0,141,36.3,140,50.1,49.3,37.0 / 141,36.3 / 140
13197,AZ,Black,M,72,72.2,97.5,137,36.6,35.6,36.6,138,35.6,135,49.4,48.1,36.6 / 138,35.6 / 135
13197,AZ,Gold,M,72,71.1,95.2,130,36.0,35.1,36.0,132,35.1,127,48.3,46.9,36.0 / 132,35.1 / 127
13197,AZ,Gold/Blue,M,72,70.2,93.7,127,35.7,34.5,35.7,128,34.5,125,47.6,46.1,35.7 / 128,34.5 / 125
13197,AZ,Blue,M,72,69.6,92.7,125,35.1,34.5,35.1,126,34.5,123,46.8,45.9,35.1 / 126,34.5 / 123
13197,AZ,Blue/White,M,72,67.6,90.2,122,34.1,33.5,34.1,123,33.5,121,45.5,44.7,34.1 / 123,33.5 / 121
13197,AZ,White,M,72,66.7,88.7,119,33.8,32.9,33.8,121,32.9,116,45.0,43.7,33.8 / 121,32.9 / 116
13197,AZ,Copper,M,72,65.2,85.9,113,33.3,31.9,33.3,113,31.9,112,43.7,42.2,33.3 / 113,31.9 / 112
13197,AZ,Blue,F,72,75.1,106.9,135,38.1,37.0,38.1,137,37.0,133,54.2,52.7,38.1 / 137,37.0 / 133
13197,AZ,White,F,72,72.6,102.6,127,36.9,35.7,36.9,126,35.7,128,51.8,50.8,36.9 / 126,35.7 / 128
13197,AZ,Copper,F,72,70.6,99.0,121,36.0,34.6,36.0,121,34.6,120,50.3,48.7,36.0 / 121,34.6 / 120
13015,AZ,Gold,M,72,73.6,100.2,143,36.5,37.1,36.5,141,37.1,145,49.6,50.6,36.5 / 141,37.1 / 145
13015,AZ,Zinc,M,72,71.4,96.8,137,35.3,36.1,35.3,136,36.1,138,47.9,48.9,35.3 / 136,36.1 / 138
13015,AZ,Silver,M,72,69.1,93.1,129,34.3,34.8,34.3,127,34.8,131,46.1,47.0,34.3 / 127,34.8 / 131
13015,AZ,Combo,M,72,65.1,87.4,120,32.6,32.5,32.6,119,32.5,121,43.7,43.7,32.6 / 119,32.5 / 121
13015,AZ,Copper,M,72,64.0,85.4,115,31.6,32.4,31.6,113,32.4,117,42.1,43.3,31.6 / 113,32.4 / 117
13015,AZ,Silver,F,72,75.1,107.7,138,37.4,37.7,37.4,139,37.7,137,53.8,53.9,37.4 / 139,37.7 / 137
13015,AZ,Combo,F,0,71.2,101.8,130,35.7,35.5,35.7,127,35.5,132,50.7,51.1,35.7 / 127,35.5 / 132
13015,AZ,Copper,F,72,68.8,97.1,120,34.1,34.7,34.1,116,34.7,124,47.8,49.3,34.1 / 116,34.7 / 124
13168,AZ,Copper,M,71,72.1,95.8,128,36.6,35.5,36.6,126,35.5,129,48.3,47.5,36.6 / 126,35.5 / 129
13168,AZ,Black,M,71,69.7,92.7,124,35.4,34.3,35.4,124,34.3,124,46.9,45.8,35.4 / 124,34.3 / 124
13168,AZ,White,M,71,67.4,88.7,115,34.3,33.1,34.3,116,33.1,113,45.1,43.6,34.3 / 116,33.1 / 113
13168,AZ,White/Purple,M,71,66.6,87.5,113,33.8,32.8,33.8,115,32.8,110,44.5,43.0,33.8 / 115,32.8 / 110
13168,AZ,Purple,M,71,65.3,85.3,108,33.2,32.1,33.2,109,32.1,107,43.3,42.0,33.2 / 109,32.1 / 107
13168,AZ,White,F,71,73.1,103.3,128,37.2,35.9,37.2,130,35.9,126,52.5,50.8,37.2 / 130,35.9 / 126
13168,AZ,Purple/White,F,71,71.7,100.9,124,36.5,35.2,36.5,126,35.2,122,51.3,49.6,36.5 / 126,35.2 / 122
13168,AZ,Purple,F,71,70.5,98.2,118,36.0,34.5,36.0,119,34.5,116,50.0,48.2,36.0 / 119,34.5 / 116
13045,AZ,Black,M,72,71.9,97.6,139,35.6,36.3,35.6,139,36.3,138,48.5,49.1,35.6 / 139,36.3 / 138
13045,AZ,Black/Silver,M,72,70.6,95.6,135,35.2,35.4,35.2,135,35.4,135,47.7,47.9,35.2 / 135,35.4 / 135
13045,AZ,Silver,M,72,69.3,93.5,130,34.5,34.8,34.5,129,34.8,131,46.5,47.0,34.5 / 129,34.8 / 131
13045,AZ,Silver/Copper,M,72,68.2,91.8,127,34.1,34.1,34.1,127,34.1,127,45.9,45.9,34.1 / 127,34.1 / 127
13045,AZ,Copper,M,72,67.7,90.7,124,33.8,33.9,33.8,123,33.9,125,45.2,45.5,33.8 / 123,33.9 / 125
13045,AZ,Copper/Sandstone,M,72,65.6,87.9,120,32.6,33.0,32.6,119,33.0,121,43.7,44.2,32.6 / 119,33.0 / 121
13045,AZ,Sandstone,M,72,64.6,86.1,116,32.0,32.6,32.0,118,32.6,113,43.0,43.1,32.0 / 118,32.6 / 113
13045,AZ,Sage,M,72,62.0,82.5,111,31.1,30.9,31.1,114,30.9,107,41.7,40.8,31.1 / 114,30.9 / 107
13045,AZ,Copper,F,72,74.3,108.7,146,36.8,37.5,36.8,145,37.5,147,53.9,54.8,36.8 / 145,37.5 / 147
13045,AZ,Copper/Sandstone (W),F,72,71.7,104.3,139,35.3,36.4,35.3,136,36.4,141,51.3,53.0,35.3 / 136,36.4 / 141
13045,AZ,Sandstone,F,72,70.4,102.0,134,34.5,35.9,34.5,131,35.9,137,49.9,52.1,34.5 / 131,35.9 / 137
13045,AZ,Sandstone/Sage,F,72,69.3,100.0,130,34.5,34.8,34.5,131,34.8,129,50.0,50.0,34.5 / 131,34.8 / 129
13045,AZ,Modified Combo,F,72,68.5,98.4,127,33.8,34.7,33.8,127,34.7,126,48.8,49.6,33.8 / 127,34.7 / 126
13045,AZ,Sage,F,72,67.3,95.2,118,33.4,33.9,33.4,116,33.9,120,47.1,48.1,33.4 / 116,33.9 / 120
13241,AZ,Blue,M,73,70.4,93.1,123,35.0,35.4,35.0,122,35.4,123,46.3,46.8,35.0 / 122,35.4 / 123
13241,AZ,Blue/White Combo,M,73,69.9,92.3,121,34.7,35.2,34.7,118,35.2,123,45.7,46.6,34.7 / 118,35.2 / 123
13241,AZ,White,M,73,68.7,90.6,118,34.1,34.6,34.1,116,34.6,119,44.9,45.7,34.1 / 116,34.6 / 119
13241,AZ,White/Red Combo,M,73,68.0,89.6,116,33.6,34.4,33.6,114,34.4,118,44.2,45.4,33.6 / 114,34.4 / 118
13241,AZ,Red,M,73,66.9,87.8,113,33.3,33.6,33.3,111,33.6,114,43.6,44.2,33.3 / 111,33.6 / 114
13241,AZ,Green,M,73,65.8,86.4,111,33.0,32.8,33.0,110,32.8,112,43.2,43.2,33.0 / 110,32.8 / 112
13241,AZ,Gold,M,73,61.6,80.7,103,30.5,31.1,30.5,102,31.1,103,40.0,40.7,30.5 / 102,31.1 / 103
13241,AZ,White,F,73,74.5,104.8,129,37.0,37.5,37.0,128,37.5,129,52.1,52.7,37.0 / 128,37.5 / 129
13241,AZ,Red,F,73,72.2,101.4,124,35.8,36.4,35.8,121,36.4,126,50.1,51.3,35.8 / 121,36.4 / 126
13241,AZ,Green,F,73,70.3,98.5,120,35.2,35.1,35.2,119,35.1,120,49.2,49.3,35.2 / 119,35.1 / 120
13241,AZ,Gold,F,73,64.8,89.6,105,31.8,33.0,31.8,106,33.0,104,44.3,45.3,31.8 / 106,33.0 / 104
13242,AZ,White-Front Nine Repeat,M,64,61.0,79.8,101,30.5,30.5,30.5,101,30.5,101,39.9,39.9,30.5 / 101,30.5 / 101
13242,AZ,White,M,62,60.0,78.5,100,30.5,29.5,30.5,101,29.5,98,39.9,38.6,30.5 / 101,29.5 / 98
13242,AZ,White-Back Nine Repeat,M,60,59.0,77.2,98,29.5,29.5,29.5,98,29.5,98,38.6,38.6,29.5 / 98,29.5 / 98
13242,AZ,Red,M,62,58.7,75.5,91,29.7,29.0,29.7,93,29.0,88,38.3,37.2,29.7 / 93,29.0 / 88
13242,AZ,White,F,62,62.1,86.0,102,32.1,30.0,32.1,107,30.0,96,44.7,41.3,32.1 / 107,30.0 / 96
13242,AZ,Red,F,62,59.2,82.2,98,30.2,29.0,30.2,101,29.0,94,42.1,40.1,30.2 / 101,29.0 / 94
13064,AZ,Tournament,M,71,72.4,95.1,123,36.1,36.3,36.1,121,36.3,124,47.3,47.8,36.1 / 121,36.3 / 124
13064,AZ,Black,M,71,72.1,94.6,121,36.0,36.1,36.0,119,36.1,123,47.1,47.5,36.0 / 119,36.1 / 123
13064,AZ,Blue,M,71,69.8,91.4,116,34.8,35.0,34.8,114,35.0,118,45.4,46.0,34.8 / 114,35.0 / 118
13064,AZ,Blue/White,M,71,68.7,89.8,114,34.3,34.4,34.3,113,34.4,114,44.8,45.0,34.3 / 113,34.4 / 114
13064,AZ,White,M,71,67.3,87.9,111,33.7,33.6,33.7,111,33.6,111,44.0,43.9,33.7 / 111,33.6 / 111
13064,AZ,Gold,M,71,65.4,85.0,106,32.8,32.6,32.8,107,32.6,104,42.7,42.3,32.8 / 107,32.6 / 104
13064,AZ,Red,M,71,63.3,81.9,100,31.8,31.5,31.8,102,31.5,98,41.3,40.6,31.8 / 102,31.5 / 98
13064,AZ,White,F,71,73.3,102.7,125,36.7,36.6,36.7,126,36.6,124,51.5,51.2,36.7 / 126,36.6 / 124
13064,AZ,Red/White Combo,F,71,70.8,97.9,115,35.7,35.1,35.7,118,35.1,112,49.6,48.3,35.7 / 118,35.1 / 112
13064,AZ,Red,F,71,68.1,93.9,110,34.4,33.7,34.4,111,33.7,108,47.5,46.4,34.4 / 111,33.7 / 108
13336,AZ,Black,M,71,73.3,98.4,136,36.3,37.0,36.3,135,37.0,136,48.8,49.6,36.3 / 135,37.0 / 136
13336,AZ,Green,M,71,70.6,94.5,129,35.0,35.6,35.0,128,35.6,129,46.9,47.6,35.0 / 128,35.6 / 129
13336,AZ,Green/White,M,71,69.0,92.0,124,34.1,34.9,34.1,122,34.9,126,45.4,46.6,34.1 / 122,34.9 / 126
13336,AZ,White,M,71,67.5,90.0,121,33.3,34.2,33.3,119,34.2,123,44.4,45.6,33.3 / 119,34.2 / 123
13336,AZ,White/Red,M,71,66.3,88.0,117,32.7,33.6,32.7,114,33.6,119,43.3,44.7,32.7 / 114,33.6 / 119
13336,AZ,Red,M,71,65.1,86.1,113,32.1,33.0,32.1,111,33.0,115,42.4,43.7,32.1 / 111,33.0 / 115
13336,AZ,Green,F,71,77.1,109.6,138,38.3,38.8,38.3,136,38.8,140,54.3,55.3,38.3 / 136,38.8 / 140
13336,AZ,Green/White,F,71,75.1,106.4,133,37.0,38.1,37.0,131,38.1,135,52.4,54.0,37.0 / 131,38.1 / 135
13336,AZ,White,F,71,73.5,104.2,130,36.2,37.3,36.2,128,37.3,132,51.3,52.9,36.2 / 128,37.3 / 132
13336,AZ,White/Red,F,71,70.9,101.0,128,34.9,36.0,34.9,126,36.0,130,49.7,51.3,34.9 / 126,36.0 / 130
13336,AZ,Red,F,71,69.8,98.6,123,34.4,35.4,34.4,120,35.4,125,48.5,50.1,34.4 / 120,35.4 / 125
13310,AZ,Blue,M,72,70.4,94.6,131,35.2,35.2,35.2,125,35.2,136,46.8,47.8,35.2 / 125,35.2 / 136
13310,AZ,Blue/White Combo,M,72,68.6,92.2,127,33.9,34.7,33.9,122,34.7,132,45.2,47.0,33.9 / 122,34.7 / 132
13310,AZ,White,M,72,67.6,90.6,124,33.6,34.0,33.6,118,34.0,129,44.6,46.0,33.6 / 118,34.0 / 129
13310,AZ,Gold,M,72,65.5,86.8,115,32.6,32.9,32.6,111,32.9,118,42.9,43.9,32.6 / 111,32.9 / 118
13310,AZ,White,F,72,74.7,107.8,141,36.8,37.9,36.8,136,37.9,145,52.8,55.0,36.8 / 136,37.9 / 145
13310,AZ,Gold,F,72,71.1,102.1,132,35.7,35.4,35.7,124,35.4,139,50.3,51.8,35.7 / 124,35.4 / 139
13310,AZ,Gold/Red Combo,F,72,67.8,96.2,121,34.4,33.4,34.4,117,33.4,124,48.2,48.0,34.4 / 117,33.4 / 124
13310,AZ,Red,F,72,65.6,93.1,117,33.2,32.4,33.2,114,32.4,119,46.7,46.4,33.2 / 114,32.4 / 119
13166,AZ,Iron,M,73,73.5,99.0,138,36.6,36.9,36.6,135,36.9,140,49.1,49.9,36.6 / 135,36.9 / 140
13166,AZ,Silver,M,73,71.6,96.4,134,36.0,35.6,36.0,132,35.6,135,48.3,48.1,36.0 / 132,35.6 / 135
13166,AZ,Silver/Brass,M,73,69.7,93.6,129,35.1,34.6,35.1,128,34.6,129,47.0,46.6,35.1 / 128,34.6 / 129
13166,AZ,Brass,M,73,68.7,92.1,126,34.4,34.3,34.4,126,34.3,126,46.1,46.0,34.4 / 126,34.3 / 126
13166,AZ,Brass/Copper,M,73,67.0,89.8,123,33.5,33.5,33.5,123,33.5,123,44.9,44.9,33.5 / 123,33.5 / 123
13166,AZ,Copper,M,73,65.6,87.7,119,32.7,32.9,32.7,117,32.9,121,43.6,44.1,32.7 / 117,32.9 / 121
13166,AZ,Turquoise,M,73,61.2,81.5,110,30.5,30.7,30.5,108,30.7,111,40.5,41.0,30.5 / 108,30.7 / 111
13166,AZ,Brass,F,73,74.9,107.3,138,37.4,37.5,37.4,137,37.5,138,53.5,53.8,37.4 / 137,37.5 / 138
13166,AZ,Brass/Copper,F,73,72.3,103.2,131,36.3,36.0,36.3,132,36.0,130,51.9,51.3,36.3 / 132,36.0 / 130
13166,AZ,Copper,F,73,71.0,101.4,129,35.3,35.7,35.3,129,35.7,129,50.5,50.9,35.3 / 129,35.7 / 129
13166,AZ,Turquoise,F,73,63.5,88.6,107,31.7,31.8,31.7,105,31.8,108,44.1,44.5,31.7 / 105,31.8 / 108
13169,AZ,Blue,M,72,72.0,96.2,130,36.3,35.7,36.3,131,35.7,129,48.5,47.7,36.3 / 131,35.7 / 129
13169,AZ,White,M,72,70.1,92.7,122,35.2,34.9,35.2,123,34.9,121,46.6,46.1,35.2 / 123,34.9 / 121
13169,AZ,Gold,M,72,67.0,88.6,116,34.0,33.0,34.0,117,33.0,115,44.9,43.7,34.0 / 117,33.0 / 115
13169,AZ,Red,M,72,63.4,83.0,106,32.5,30.9,32.5,108,30.9,103,42.5,40.5,32.5 / 108,30.9 / 103
13169,AZ,Gold,F,72,72.4,102.0,126,37.1,35.3,37.1,127,35.3,124,52.1,49.9,37.1 / 127,35.3 / 124
13169,AZ,Red/Gold,F,72,71.3,99.8,121,36.3,35.0,36.3,123,35.0,119,50.8,49.0,36.3 / 123,35.0 / 119
13169,AZ,Red,F,72,67.0,93.4,112,34.5,32.5,34.5,114,32.5,109,48.0,45.4,34.5 / 114,32.5 / 109
35855,AZ,Blue,M,72,74.1,98.7,132,36.8,37.3,36.8,133,37.3,131,49.2,49.5,36.8 / 133,37.3 / 131
35855,AZ,Blue/White Combo,M,72,72.0,95.8,128,35.9,36.1,35.9,127,36.1,129,47.7,48.1,35.9 / 127,36.1 / 129
35855,AZ,White,M,72,70.6,94.1,127,35.2,35.4,35.2,124,35.4,129,46.7,47.4,35.2 / 124,35.4 / 129
35855,AZ,White/Brown Combo,M,72,69.3,92.0,123,34.5,34.8,34.5,122,34.8,123,45.8,46.2,34.5 / 122,34.8 / 123
35855,AZ,Brown,M,72,68.4,90.6,119,34.0,34.4,34.0,119,34.4,119,45.1,45.5,34.0 / 119,34.4 / 119
35855,AZ,Red,M,72,64.9,86.1,114,32.5,32.4,32.5,111,32.4,117,42.8,43.3,32.5 / 111,32.4 / 117
35855,AZ,White,F,72,75.9,106.1,128,38.0,37.9,38.0,129,37.9,127,53.2,52.9,38.0 / 129,37.9 / 127
35855,AZ,White/Brown Combo,F,72,74.6,104.2,126,37.3,37.3,37.3,125,37.3,126,52.0,52.2,37.3 / 125,37.3 / 126
35855,AZ,Brown,F,72,73.6,102.7,124,36.8,36.8,36.8,124,36.8,123,51.4,51.3,36.8 / 124,36.8 / 123
35855,AZ,Red,F,72,69.9,97.3,117,35.1,34.8,35.1,119,34.8,114,49.1,48.2,35.1 / 119,34.8 / 114
36204,AZ,Blue,M,72,73.4,97.5,130,36.4,37.0,36.4,131,37.0,128,48.6,48.9,36.4 / 131,37.0 / 128
36204,AZ,Blue/White Combo,M,72,71.5,95.4,129,35.6,35.9,35.6,130,35.9,127,47.7,47.7,35.6 / 130,35.9 / 127
36204,AZ,White,M,72,70.0,93.6,127,34.9,35.1,34.9,129,35.1,125,46.9,46.7,34.9 / 129,35.1 / 125
36204,AZ,White/Brown Combo,M,72,69.0,91.7,123,34.3,34.7,34.3,123,34.7,122,45.7,46.0,34.3 / 123,34.7 / 122
36204,AZ,Brown,M,72,68.0,90.2,120,33.7,34.3,33.7,121,34.3,118,44.9,45.3,33.7 / 121,34.3 / 118
36204,AZ,Red,M,72,63.8,84.1,110,31.1,32.7,31.1,109,32.7,110,41.2,42.9,31.1 / 109,32.7 / 110
36204,AZ,White,F,72,75.4,106.0,130,37.4,38.0,37.4,128,38.0,131,52.5,53.5,37.4 / 128,38.0 / 131
36204,AZ,White/Brown Combo,F,72,74.4,104.5,128,36.8,37.6,36.8,127,37.6,128,51.8,52.7,36.8 / 127,37.6 / 128
36204,AZ,Brown,F,72,72.8,102.1,124,35.8,37.0,35.8,122,37.0,126,50.2,51.9,35.8 / 122,37.0 / 126
36204,AZ,Red,F,72,69.0,96.1,115,33.6,35.4,33.6,114,35.4,116,47.0,49.1,33.6 / 114,35.4 / 116
13287,AZ,Blue,M,72,73.2,97.8,132,36.4,36.8,36.4,131,36.8,133,48.6,49.2,36.4 / 131,36.8 / 133
13287,AZ,Blue/White Combo,M,72,71.5,95.4,129,35.6,35.9,35.6,130,35.9,127,47.7,47.7,35.6 / 130,35.9 / 127
13287,AZ,White,M,72,70.1,93.6,127,34.9,35.2,34.9,129,35.2,124,46.9,46.7,34.9 / 129,35.2 / 124
13287,AZ,White/Brown Combo,M,72,68.8,91.5,123,34.3,34.5,34.3,123,34.5,122,45.7,45.8,34.3 / 123,34.5 / 122
13287,AZ,Brown,M,72,67.7,90.0,120,33.7,34.0,33.7,121,34.0,119,44.9,45.1,33.7 / 121,34.0 / 119
13287,AZ,Red,M,72,63.6,84.0,110,31.1,32.5,31.1,109,32.5,111,41.2,42.8,31.1 / 109,32.5 / 111
13287,AZ,White,F,72,75.4,105.7,129,37.4,38.0,37.4,128,38.0,129,52.5,53.2,37.4 / 128,38.0 / 129
13287,AZ,White/Brown Combo,F,72,74.1,103.8,126,36.8,37.3,36.8,127,37.3,125,51.8,52.0,36.8 / 127,37.3 / 125
13287,AZ,Brown,F,72,72.6,101.6,123,35.8,36.8,35.8,122,36.8,124,50.2,51.4,35.8 / 122,36.8 / 124
13287,AZ,Red,F,72,68.7,96.1,117,33.6,35.1,33.6,114,35.1,119,47.0,49.1,33.6 / 114,35.1 / 119
13286,AZ,Blue,M,72,74.3,98.4,130,37.0,37.3,37.0,128,37.3,131,48.9,49.5,37.0 / 128,37.3 / 131
13286,AZ,Blue/White Combo,M,72,72.0,95.8,128,35.9,36.1,35.9,127,36.1,129,47.7,48.1,35.9 / 127,36.1 / 129
13286,AZ,White,M,72,70.5,94.1,127,35.1,35.4,35.1,125,35.4,129,46.7,47.4,35.1 / 125,35.4 / 129
13286,AZ,White/Brown Combo,M,72,69.5,92.2,123,34.7,34.8,34.7,122,34.8,123,46.0,46.2,34.7 / 122,34.8 / 123
13286,AZ,Brown,M,72,68.7,90.8,119,34.3,34.4,34.3,118,34.4,119,45.3,45.5,34.3 / 118,34.4 / 119
13286,AZ,Red,M,72,65.1,86.2,114,32.7,32.4,32.7,110,32.4,117,42.9,43.3,32.7 / 110,32.4 / 117
13286,AZ,White,F,72,75.9,106.4,129,38.0,37.9,38.0,131,37.9,127,53.5,52.9,38.0 / 131,37.9 / 127
13286,AZ,White/Brown Combo,F,72,74.9,104.9,127,37.6,37.3,37.6,128,37.3,126,52.7,52.2,37.6 / 128,37.3 / 126
13286,AZ,Brown,F,72,73.8,103.2,125,37.0,36.8,37.0,126,36.8,123,51.9,51.3,37.0 / 126,36.8 / 123
13286,AZ,Red,F,72,70.2,97.3,115,35.4,34.8,35.4,116,34.8,114,49.1,48.2,35.4 / 116,34.8 / 114
15033,AZ,Black,M,72,73.1,97.9,133,36.6,36.5,36.6,133,36.5,133,49.0,48.9,36.6 / 133,36.5 / 133
15033,AZ,Black/Gold,M,72,71.4,95.7,131,35.9,35.5,35.9,131,35.5,130,48.1,47.6,35.9 / 131,35.5 / 130
15033,AZ,Gold,M,72,70.3,94.1,128,35.3,35.0,35.3,129,35.0,127,47.3,46.8,35.3 / 129,35.0 / 127
15033,AZ,Gold/White,M,72,68.4,91.2,123,34.4,34.0,34.4,125,34.0,121,46.0,45.2,34.4 / 125,34.0 / 121
15033,AZ,White,M,72,66.7,88.0,115,33.3,33.4,33.3,117,33.4,112,44.2,43.8,33.3 / 117,33.4 / 112
15033,AZ,White/Red,M,72,64.8,85.1,110,32.7,32.1,32.7,111,32.1,108,43.0,42.1,32.7 / 111,32.1 / 108
15033,AZ,Red,M,72,62.7,82.6,107,31.4,31.3,31.4,110,31.3,104,41.6,41.0,31.4 / 110,31.3 / 104
15033,AZ,Junior,M,72,60.0,79.2,103,29.9,30.1,29.9,105,30.1,101,39.7,39.5,29.9 / 105,30.1 / 101
15033,AZ,White,F,72,72.2,101.8,126,36.0,36.2,36.0,124,36.2,127,50.6,51.2,36.0 / 124,36.2 / 127
15033,AZ,White/Red,F,72,69.5,97.9,121,34.9,34.6,34.9,121,34.6,120,49.2,48.7,34.9 / 121,34.6 / 120
15033,AZ,Red,F,72,67.5,94.2,113,33.9,33.6,33.9,112,33.6,114,47.1,47.1,33.9 / 112,33.6 / 114
15033,AZ,Junior,F,72,62.6,87.0,104,31.3,31.3,31.3,102,31.3,105,43.3,43.7,31.3 / 102,31.3 / 105
13164,AZ,Black,M,72,73.9,99.1,136,37.9,36.0,37.9,139,36.0,132,50.8,48.3,37.9 / 139,36.0 / 132
13164,AZ,Black/Blue Combo,M,72,73.3,98.2,134,37.5,35.8,37.5,137,35.8,131,50.2,48.0,37.5 / 137,35.8 / 131
13164,AZ,Blue,M,72,72.9,97.6,133,37.3,35.6,37.3,137,35.6,129,50.0,47.6,37.3 / 137,35.6 / 129
13164,AZ,Blue/White Combo,M,72,71.7,96.0,131,36.6,35.1,36.6,135,35.1,127,49.1,46.9,36.6 / 135,35.1 / 127
13164,AZ,White,M,72,70.7,94.5,128,35.9,34.8,35.9,130,34.8,126,48.0,46.5,35.9 / 130,34.8 / 126
13164,AZ,White/Gold Combo,M,72,69.7,93.0,126,35.3,34.4,35.3,128,34.4,123,47.2,45.8,35.3 / 128,34.4 / 123
13164,AZ,Gold,M,72,68.4,91.2,123,34.6,33.8,34.6,125,33.8,121,46.2,45.0,34.6 / 125,33.8 / 121
13164,AZ,Red,M,72,67.5,89.4,118,33.9,33.6,33.9,118,33.6,117,44.9,44.5,33.9 / 118,33.6 / 117
13164,AZ,Red/Teal Combo,M,72,67.1,88.9,117,33.9,33.2,33.9,118,33.2,116,44.9,44.0,33.9 / 118,33.2 / 116
13164,AZ,Teal,M,72,66.7,88.2,116,33.8,32.9,33.8,116,32.9,115,44.6,43.6,33.8 / 116,32.9 / 115
13164,AZ,White,F,73,77.8,110.4,138,39.4,38.4,39.4,138,38.4,138,55.7,54.7,39.4 / 138,38.4 / 138
13164,AZ,White/Gold Combo,F,73,76.7,108.5,135,38.8,37.9,38.8,135,37.9,135,54.7,53.8,38.8 / 135,37.9 / 135
13164,AZ,Gold,F,73,74.4,105.6,132,37.4,37.0,37.4,131,37.0,133,52.9,52.7,37.4 / 131,37.0 / 133
13164,AZ,Red,F,73,72.6,102.7,128,36.4,36.2,36.4,128,36.2,127,51.5,51.2,36.4 / 128,36.2 / 127
13164,AZ,Red/Teal Combo,F,73,72.2,102.1,127,36.6,35.6,36.6,129,35.6,125,51.8,50.3,36.6 / 129,35.6 / 125
13164,AZ,Teal,F,73,71.7,100.8,124,36.3,35.4,36.3,125,35.4,122,51.0,49.8,36.3 / 125,35.4 / 122
13261,AZ,Black,M,72,71.9,94.9,124,36.6,35.3,36.6,127,35.3,121,48.4,46.5,36.6 / 127,35.3 / 121
13261,AZ,Blue,M,72,70.2,92.4,120,35.5,34.7,35.5,122,34.7,117,46.8,45.6,35.5 / 122,34.7 / 117
13261,AZ,White,M,72,67.3,88.5,114,33.6,33.7,33.6,115,33.7,113,44.3,44.2,33.6 / 115,33.7 / 113
13261,AZ,White/Green,M,72,65.8,85.8,108,32.6,33.2,32.6,110,33.2,105,42.8,43.0,32.6 / 110,33.2 / 105
13261,AZ,Green,M,72,64.4,83.6,103,32.1,32.3,32.1,104,32.3,102,41.8,41.8,32.1 / 104,32.3 / 102
13261,AZ,Silver,M,72,61.2,79.3,98,30.5,30.7,30.5,98,30.7,97,39.6,39.7,30.5 / 98,30.7 / 97
13261,AZ,Blue,F,72,76.0,106.8,131,38.2,37.8,38.2,132,37.8,129,53.8,53.0,38.2 / 132,37.8 / 129
13261,AZ,White,F,72,72.9,102.2,124,36.5,36.4,36.5,126,36.4,122,51.4,50.8,36.5 / 126,36.4 / 122
13261,AZ,White/Green,F,72,70.8,99.3,121,34.9,35.9,34.9,121,35.9,120,49.2,50.1,34.9 / 121,35.9 / 120
13261,AZ,Green,F,72,69.0,96.5,117,34.2,34.8,34.2,117,34.8,116,48.0,48.5,34.2 / 117,34.8 / 116
13261,AZ,Silver,F,72,63.8,88.6,105,31.6,32.2,31.6,105,32.2,105,44.0,44.6,31.6 / 105,32.2 / 105
13315,AZ,Black,M,71,73.3,98.8,138,36.5,36.8,36.5,139,36.8,136,49.4,49.4,36.5 / 139,36.8 / 136
13315,AZ,Black/Copper,M,71,71.8,96.8,135,35.8,36.0,35.8,135,36.0,135,48.3,48.5,35.8 / 135,36.0 / 135
13315,AZ,Copper,M,71,70.7,95.4,133,35.3,35.4,35.3,133,35.4,132,47.7,47.7,35.3 / 133,35.4 / 132
13315,AZ,Copper/Silver,M,71,69.9,93.6,128,34.9,35.0,34.9,128,35.0,127,46.8,46.8,34.9 / 128,35.0 / 127
13315,AZ,Silver,M,71,69.0,92.2,125,34.3,34.7,34.3,126,34.7,124,46.0,46.2,34.3 / 126,34.7 / 124
13315,AZ,Silver/Maroon,M,71,67.9,90.6,123,34.0,33.9,34.0,123,33.9,122,45.4,45.2,34.0 / 123,33.9 / 122
13315,AZ,Maroon,M,71,66.4,88.7,120,33.2,33.2,33.2,122,33.2,118,44.5,44.2,33.2 / 122,33.2 / 118
13315,AZ,Maroon/Green,M,71,65.0,86.1,116,32.7,32.3,32.7,117,32.3,114,43.6,42.9,32.7 / 117,32.3 / 114
13315,AZ,Green,M,71,63.6,84.7,114,32.0,31.6,32.0,114,31.6,113,42.6,42.1,32.0 / 114,31.6 / 113
13315,AZ,Black,F,71,80.5,117.0,155,40.2,40.7,40.2,154,40.7,155,58.4,59.0,40.2 / 154,40.7 / 155
13315,AZ,Black/Copper,F,71,78.5,113.6,149,39.2,39.3,39.2,148,39.3,150,56.6,57.0,39.2 / 148,39.3 / 150
13315,AZ,Silver,F,72,75.5,109.3,144,37.5,38.0,37.5,142,38.0,145,54.2,55.1,37.5 / 142,38.0 / 145
13315,AZ,Silver/Maroon,F,71,74.0,106.5,138,36.9,37.1,36.9,137,37.1,138,53.1,53.4,36.9 / 137,37.1 / 138
13315,AZ,Maroon,F,71,72.4,103.9,134,36.2,36.2,36.2,133,36.2,134,51.9,52.0,36.2 / 133,36.2 / 134
13315,AZ,Maroon/Green,F,71,70.3,100.5,129,35.4,34.9,35.4,130,34.9,127,50.6,49.9,35.4 / 130,34.9 / 127
13315,AZ,Green,F,71,69.1,98.1,124,34.8,34.3,34.8,125,34.3,122,49.4,48.7,34.8 / 125,34.3 / 122
13194,AZ,Black,M,72,71.3,94.3,124,36.0,35.3,36.0,123,35.3,125,47.4,46.9,36.0 / 123,35.3 / 125
13194,AZ,Gold,M,72,69.1,90.4,115,34.7,34.4,34.7,114,34.4,115,45.3,45.1,34.7 / 114,34.4 / 115
13194,AZ,White/Gold,M,72,67.8,88.7,113,34.1,33.7,34.1,113,33.7,112,44.6,44.1,34.1 / 113,33.7 / 112
13194,AZ,White,M,72,66.5,87.1,111,33.5,33.0,33.5,113,33.0,109,44.0,43.1,33.5 / 113,33.0 / 109
13194,AZ,White/Red Combo,M,72,65.0,84.9,108,32.1,32.9,32.1,107,32.9,108,42.0,42.9,32.1 / 107,32.9 / 108
13194,AZ,Red/Silver,M,72,63.4,82.7,104,31.9,31.5,31.9,104,31.5,103,41.6,41.1,31.9 / 104,31.5 / 103
13194,AZ,Gold,F,72,74.4,104.1,126,37.6,36.8,37.6,124,36.8,128,52.2,51.9,37.6 / 124,36.8 / 128
13194,AZ,White/Gold,F,72,72.8,101.8,123,36.8,36.0,36.8,121,36.0,125,51.1,50.7,36.8 / 121,36.0 / 125
13194,AZ,White,F,72,71.1,99.4,120,36.1,35.0,36.1,119,35.0,121,50.1,49.3,36.1 / 119,35.0 / 121
13194,AZ,White/Red Combo,F,72,69.5,97.1,117,34.2,35.3,34.2,115,35.3,119,47.8,49.3,34.2 / 115,35.3 / 119
13194,AZ,Red/Silver,F,72,67.6,93.8,111,34.2,33.4,34.2,110,33.4,112,47.2,46.6,34.2 / 110,33.4 / 112
13089,AZ,Black,M,72,73.9,97.9,129,36.4,37.5,36.4,127,37.5,131,48.2,49.7,36.4 / 127,37.5 / 131
13089,AZ,Black/Blue,M,72,72.8,96.3,127,35.9,36.9,35.9,124,36.9,129,47.4,48.9,35.9 / 124,36.9 / 129
13089,AZ,Blue,M,72,71.0,94.0,124,35.0,36.0,35.0,122,36.0,126,46.3,47.7,35.0 / 122,36.0 / 126
13089,AZ,Blue/White,M,72,69.7,92.3,121,34.6,35.1,34.6,119,35.1,123,45.7,46.6,34.6 / 119,35.1 / 123
13089,AZ,White,M,72,68.3,90.3,119,33.8,34.5,33.8,116,34.5,121,44.6,45.7,33.8 / 116,34.5 / 121
13089,AZ,White/Red,M,72,67.0,88.2,114,33.1,33.9,33.1,112,33.9,116,43.5,44.7,33.1 / 112,33.9 / 116
13089,AZ,Red,M,72,65.1,85.3,109,32.2,32.9,32.2,107,32.9,111,42.1,43.2,32.2 / 107,32.9 / 111
13089,AZ,Moonwalk,M,54,49.8,61.2,61,25.0,24.8,25.0,62,24.8,60,30.8,30.4,25.0 / 62,24.8 / 60
13089,AZ,Blue,F,72,77.9,109.9,136,38.2,39.7,38.2,135,39.7,137,54.1,55.8,38.2 / 135,39.7 / 137
13089,AZ,Blue/White,F,72,76.3,107.8,134,37.7,38.6,37.7,132,38.6,135,53.3,54.5,37.7 / 132,38.6 / 135
13089,AZ,White,F,72,74.7,105.3,130,36.8,37.9,36.8,129,37.9,131,52.0,53.3,36.8 / 129,37.9 / 131
13089,AZ,White/Red,F,72,72.3,102.5,128,35.7,36.6,35.7,126,36.6,130,50.6,51.9,35.7 / 126,36.6 / 130
13089,AZ,Red,F,72,70.1,99.1,123,34.9,35.2,34.9,120,35.2,126,49.1,50.0,34.9 / 120,35.2 / 126
13089,AZ,Moonwalk,F,54,52.6,67.4,63,26.4,26.2,26.4,64,26.2,62,33.9,33.5,26.4 / 64,26.2 / 62
13246,AZ,Black,M,71,69.7,91.8,119,34.4,35.3,34.4,115,35.3,123,45.1,46.7,34.4 / 115,35.3 / 123
13246,AZ,Blue,M,71,67.9,88.7,112,33.3,34.6,33.3,108,34.6,116,43.3,45.4,33.3 / 108,34.6 / 116
13246,AZ,White,M,71,66.3,86.5,109,32.4,33.9,32.4,104,33.9,113,42.1,44.4,32.4 / 104,33.9 / 113
13246,AZ,White/Red,M,71,64.4,83.6,104,31.3,33.1,31.3,99,33.1,108,40.5,43.1,31.3 / 99,33.1 / 108
13246,AZ,Red,M,71,62.7,81.1,99,30.9,31.8,30.9,96,31.8,102,39.8,41.3,30.9 / 96,31.8 / 102
13246,AZ,White,F,72,71.4,100.0,121,34.6,36.8,34.6,116,36.8,126,48.3,51.7,34.6 / 116,36.8 / 126
13246,AZ,White/Red,F,72,68.8,95.0,112,33.6,35.2,33.6,109,35.2,114,46.4,48.6,33.6 / 109,35.2 / 114
13246,AZ,Red,F,72,66.6,91.8,107,32.7,33.9,32.7,106,33.9,108,45.2,46.6,32.7 / 106,33.9 / 108
33923,AZ,Back,M,54,53.7,70.1,88,27.0,26.7,27.0,90,26.7,86,35.4,34.7,27.0 / 90,26.7 / 86
33923,AZ,Middle,M,54,52.5,68.3,85,26.4,26.1,26.4,87,26.1,84,34.5,33.8,26.4 / 87,26.1 / 84
33923,AZ,Forward,M,54,51.1,66.3,82,25.7,25.4,25.7,84,25.4,80,33.5,32.8,25.7 / 84,25.4 / 80
33923,AZ,Back,F,54,57.0,78.4,91,28.8,28.2,28.8,92,28.2,90,39.6,38.8,28.8 / 92,28.2 / 90
33923,AZ,Middle,F,54,55.8,76.6,88,28.1,27.7,28.1,88,27.7,88,38.5,38.1,28.1 / 88,27.7 / 88
33923,AZ,Forward,F,54,54.4,74.4,85,27.6,26.8,27.6,85,26.8,85,37.6,36.8,27.6 / 85,26.8 / 85
13213,AZ,Orange,M,72,73.0,97.5,132,36.7,36.3,36.7,133,36.3,130,49.1,48.4,36.7 / 133,36.3 / 130
13213,AZ,Orange/Purple,M,72,72.6,96.7,130,36.4,36.2,36.4,131,36.2,128,48.6,48.1,36.4 / 131,36.2 / 128
13213,AZ,Purple,M,72,71.7,95.4,128,36.0,35.7,36.0,129,35.7,126,48.0,47.4,36.0 / 129,35.7 / 126
13213,AZ,Purple/Gold,M,72,70.4,93.6,125,35.2,35.2,35.2,126,35.2,124,46.9,46.7,35.2 / 126,35.2 / 124
13213,AZ,Gold,M,72,69.7,92.4,123,34.8,34.9,34.8,123,34.9,122,46.2,46.2,34.8 / 123,34.9 / 122
13213,AZ,Gold/Black,M,72,67.3,88.3,113,33.6,33.7,33.6,114,33.7,112,44.2,44.1,33.6 / 114,33.7 / 112
13213,AZ,Black,M,72,65.5,85.6,109,32.5,33.0,32.5,109,33.0,108,42.6,43.0,32.5 / 109,33.0 / 108
13213,AZ,Black/White,M,72,63.0,82.0,102,31.2,31.8,31.2,102,31.8,102,40.7,41.3,31.2 / 102,31.8 / 102
13213,AZ,White,M,72,60.7,78.7,97,30.6,30.1,30.6,98,30.1,96,39.7,39.0,30.6 / 98,30.1 / 96
13213,AZ,Gold,F,72,75.1,106.7,134,37.5,37.6,37.5,136,37.6,132,53.5,53.2,37.5 / 136,37.6 / 132
13213,AZ,Gold/Black,F,72,72.3,102.0,126,36.1,36.2,36.1,127,36.2,125,51.1,50.9,36.1 / 127,36.2 / 125
13213,AZ,Black,F,72,70.4,99.2,122,34.9,35.5,34.9,121,35.5,123,49.2,50.0,34.9 / 121,35.5 / 123
13213,AZ,Black/White,F,72,67.4,94.9,117,33.3,34.1,33.3,115,34.1,118,46.9,48.0,33.3 / 115,34.1 / 118
13213,AZ,White,F,72,64.2,89.2,106,32.4,31.8,32.4,107,31.8,105,45.0,44.2,32.4 / 107,31.8 / 105
13345,AZ,Black,M,72,71.4,96.4,135,35.7,35.7,35.7,135,35.7,135,48.2,48.2,35.7 / 135,35.7 / 135
13345,AZ,Black/Purple,M,72,69.5,93.1,127,35.1,34.4,35.1,127,34.4,127,46.9,46.2,35.1 / 127,34.4 / 127
13345,AZ,Purple,M,72,68.3,91.0,123,34.3,34.0,34.3,122,34.0,123,45.6,45.4,34.3 / 122,34.0 / 123
13345,AZ,Purple/Green,M,72,67.0,88.9,118,33.7,33.3,33.7,117,33.3,118,44.6,44.3,33.7 / 117,33.3 / 118
13345,AZ,Green,M,72,65.0,86.1,114,32.5,32.5,32.5,114,32.5,113,43.1,43.0,32.5 / 114,32.5 / 113
13345,AZ,Green/Red,M,72,64.3,84.4,109,32.1,32.2,32.1,110,32.2,107,42.3,42.1,32.1 / 110,32.2 / 107
13345,AZ,Red,M,72,63.2,82.4,103,31.6,31.6,31.6,104,31.6,102,41.3,41.1,31.6 / 104,31.6 / 102
13345,AZ,Red/Yellow,M,72,62.6,81.5,102,31.1,31.5,31.1,103,31.5,100,40.7,40.8,31.1 / 103,31.5 / 100
13345,AZ,Yellow,M,72,62.0,80.8,101,30.8,31.2,30.8,102,31.2,100,40.3,40.5,30.8 / 102,31.2 / 100
13345,AZ,Short Course,M,72,57.5,74.9,94,28.7,28.8,28.7,94,28.8,94,37.4,37.5,28.7 / 94,28.8 / 94
13345,AZ,Black/Purple,F,72,75.9,109.1,141,38.2,37.7,38.2,141,37.7,141,54.8,54.3,38.2 / 141,37.7 / 141
13345,AZ,Purple,F,72,73.9,106.8,140,37.1,36.8,37.1,140,36.8,139,53.6,53.2,37.1 / 140,36.8 / 139
13345,AZ,Purple/Green,F,72,72.6,104.6,136,36.4,36.2,36.4,136,36.2,136,52.4,52.2,36.4 / 136,36.2 / 136
13345,AZ,Green,F,72,70.6,101.9,133,35.3,35.3,35.3,132,35.3,133,50.9,51.0,35.3 / 132,35.3 / 133
13345,AZ,Green/Red,F,72,69.7,99.0,125,35.0,34.7,35.0,123,34.7,126,49.5,49.5,35.0 / 123,34.7 / 126
13345,AZ,Red,F,72,67.8,95.4,117,33.8,34.0,33.8,117,34.0,117,47.6,47.8,33.8 / 117,34.0 / 117
13345,AZ,Red/Yellow,F,72,66.5,93.0,113,33.3,33.2,33.3,111,33.2,114,46.4,46.6,33.3 / 111,33.2 / 114
13345,AZ,Yellow,F,72,65.5,91.0,109,32.8,32.7,32.8,108,32.7,109,45.5,45.5,32.8 / 108,32.7 / 109
13345,AZ,Short Course,F,72,59.4,83.0,100,29.7,29.7,29.7,99,29.7,101,41.4,41.6,29.7 / 99,29.7 / 101
13017,AZ,Obsidian,M,72,69.7,91.2,116,35.5,34.2,35.5,115,34.2,116,46.2,45.0,35.5 / 115,34.2 / 116
13017,AZ,Copper,M,72,68.3,88.8,111,34.7,33.6,34.7,111,33.6,110,45.0,43.8,34.7 / 111,33.6 / 110
13017,AZ,Silver,M,72,65.8,85.3,105,33.2,32.6,33.2,104,32.6,105,42.9,42.4,33.2 / 104,32.6 / 105
13017,AZ,Azurite,M,72,62.1,80.3,98,31.3,30.8,31.3,97,30.8,99,40.3,40.0,31.3 / 97,30.8 / 99
13017,AZ,Gold,M,72,60.1,77.3,93,30.1,30.0,30.1,91,30.0,94,38.6,38.7,30.1 / 91,30.0 / 94
13017,AZ,Obsidian,F,72,76.1,107.6,134,38.8,37.3,38.8,137,37.3,130,55.0,52.6,38.8 / 137,37.3 / 130
13017,AZ,Copper,F,72,74.8,105.3,130,38.3,36.5,38.3,133,36.5,126,54.0,51.3,38.3 / 133,36.5 / 126
13017,AZ,Silver,F,72,70.9,99.8,123,35.9,35.0,35.9,125,35.0,120,50.6,49.2,35.9 / 125,35.0 / 120
13017,AZ,Azurite,F,72,67.0,94.0,115,33.9,33.1,33.9,117,33.1,112,47.7,46.3,33.9 / 117,33.1 / 112
13017,AZ,Gold,F,72,63.5,88.7,107,31.9,31.6,31.9,108,31.6,106,44.6,44.1,31.9 / 108,31.6 / 106
13256,AZ,Black,M,72,72.0,96.8,134,36.1,35.9,36.1,132,35.9,135,48.4,48.4,36.1 / 132,35.9 / 135
13256,AZ,Blue,M,72,69.7,93.5,128,35.1,34.6,35.1,127,34.6,129,46.9,46.6,35.1 / 127,34.6 / 129
13256,AZ,White,M,72,67.7,90.5,123,34.1,33.6,34.1,123,33.6,123,45.5,45.0,34.1 / 123,33.6 / 123
13256,AZ,Gold,M,72,65.8,87.0,114,33.1,32.7,33.1,114,32.7,114,43.7,43.3,33.1 / 114,32.7 / 114
13256,AZ,Gold/Teal,M,72,63.5,83.9,109,32.3,31.5,32.3,109,31.5,108,42.4,41.5,32.3 / 109,31.5 / 108
13256,AZ,Teal,M,72,61.6,80.8,103,31.2,30.4,31.2,103,30.4,103,40.8,40.0,31.2 / 103,30.4 / 103
13256,AZ,White,F,72,73.3,105.4,137,37.2,36.1,37.2,137,36.1,136,53.3,52.1,37.2 / 137,36.1 / 136
13256,AZ,Gold,F,72,70.6,101.8,132,35.8,34.8,35.8,131,34.8,133,51.3,50.5,35.8 / 131,34.8 / 133
13256,AZ,Gold/Teal,F,72,68.1,97.7,126,34.7,33.4,34.7,127,33.4,124,49.7,48.0,34.7 / 127,33.4 / 124
13256,AZ,Teal,F,72,65.3,92.6,116,33.3,32.0,33.3,118,32.0,114,47.2,45.4,33.3 / 118,32.0 / 114
17889,AZ,Black,M,72,71.8,96.2,131,35.9,35.9,35.9,131,35.9,131,48.1,48.1,35.9 / 131,35.9 / 131
17889,AZ,Blue,M,72,69.6,93.8,130,34.8,34.8,34.8,130,34.8,130,46.9,46.9,34.8 / 130,34.8 / 130
17889,AZ,Blue/White,M,72,68.8,92.2,126,34.4,34.4,34.4,126,34.4,126,46.1,46.1,34.4 / 126,34.4 / 126
17889,AZ,White,M,72,67.6,90.8,125,33.8,33.8,33.8,125,33.8,125,45.4,45.4,33.8 / 125,33.8 / 125
17889,AZ,White/Yellow,M,72,66.0,88.2,119,33.0,33.0,33.0,119,33.0,119,44.1,44.1,33.0 / 119,33.0 / 119
17889,AZ,Yellow,M,72,65.4,86.0,111,32.7,32.7,32.7,111,32.7,111,43.0,43.0,32.7 / 111,32.7 / 111
17889,AZ,Yellow/Silver,M,72,63.6,83.4,107,31.8,31.8,31.8,107,31.8,107,41.7,41.7,31.8 / 107,31.8 / 107
17889,AZ,Silver,M,72,62.6,82.0,104,31.3,31.3,31.3,104,31.3,104,41.0,41.0,31.3 / 104,31.3 / 104
17889,AZ,Yellow,F,72,69.6,98.4,122,34.8,34.8,34.8,122,34.8,122,49.2,49.2,34.8 / 122,34.8 / 122
17889,AZ,Silver,F,72,66.0,92.6,113,33.0,33.0,33.0,113,33.0,113,46.3,46.3,33.0 / 113,33.0 / 113
13302,AZ,Black,M,72,71.3,95.6,131,35.9,35.4,35.9,131,35.4,130,48.1,47.5,35.9 / 131,35.4 / 130
13302,AZ,Black/Blue,M,72,70.3,94.1,128,35.3,35.0,35.3,130,35.0,126,47.4,46.7,35.3 / 130,35.0 / 126
13302,AZ,Blue,M,72,69.4,92.9,127,34.8,34.6,34.8,130,34.6,123,46.9,46.0,34.8 / 130,34.6 / 123
13302,AZ,Blue/White,M,72,68.5,91.4,124,34.4,34.1,34.4,126,34.1,121,46.1,45.3,34.4 / 126,34.1 / 121
13302,AZ,White,M,72,67.5,90.1,122,33.8,33.7,33.8,125,33.7,118,45.4,44.7,33.8 / 125,33.7 / 118
13302,AZ,White/Yellow,M,72,65.8,87.2,115,32.7,33.1,32.7,116,33.1,114,43.5,43.7,32.7 / 116,33.1 / 114
13302,AZ,Yellow,M,72,65.3,85.7,110,32.3,33.0,32.3,108,33.0,112,42.3,43.4,32.3 / 108,33.0 / 112
13302,AZ,Yellow/Silver,M,72,63.1,82.9,107,31.6,31.5,31.6,105,31.5,108,41.4,41.5,31.6 / 105,31.5 / 108
13302,AZ,Silver,M,72,61.8,81.2,104,30.9,30.9,30.9,103,30.9,105,40.5,40.7,30.9 / 103,30.9 / 105
13302,AZ,Blue,F,72,75.2,107.3,136,37.9,37.3,37.9,139,37.3,133,54.3,53.0,37.9 / 139,37.3 / 133
13302,AZ,White,F,72,72.6,103.0,129,36.1,36.5,36.1,131,36.5,127,51.5,51.5,36.1 / 131,36.5 / 127
13302,AZ,Yellow,F,72,70.6,99.6,123,34.8,35.8,34.8,122,35.8,124,49.2,50.4,34.8 / 122,35.8 / 124
13302,AZ,Yellow/Silver,F,72,67.9,95.4,117,34.0,33.9,34.0,118,33.9,115,47.9,47.5,34.0 / 118,33.9 / 115
13302,AZ,Silver,F,72,66.0,92.5,113,33.1,32.9,33.1,114,32.9,111,46.5,46.0,33.1 / 114,32.9 / 111
13335,AZ,Black,M,72,70.8,95.0,130,35.4,35.4,35.4,130,35.4,130,47.5,47.5,35.4 / 130,35.4 / 130
13335,AZ,Blue,M,72,69.2,92.0,123,34.6,34.6,34.6,123,34.6,123,46.0,46.0,34.6 / 123,34.6 / 123
13335,AZ,Blue/White,M,72,68.2,90.6,121,34.1,34.1,34.1,121,34.1,121,45.3,45.3,34.1 / 121,34.1 / 121
13335,AZ,White,M,72,67.4,89.4,118,33.7,33.7,33.7,118,33.7,118,44.7,44.7,33.7 / 118,33.7 / 118
13335,AZ,White/Yellow,M,72,66.2,87.4,114,33.1,33.1,33.1,114,33.1,114,43.7,43.7,33.1 / 114,33.1 / 114
13335,AZ,Yellow,M,72,66.0,86.8,112,33.0,33.0,33.0,112,33.0,112,43.4,43.4,33.0 / 112,33.0 / 112
13335,AZ,Yellow/Silver,M,72,63.0,82.9,108,31.5,31.5,31.5,108,31.5,107,41.5,41.4,31.5 / 108,31.5 / 107
13335,AZ,Silver,M,72,61.8,81.4,105,30.9,30.9,30.9,105,30.9,105,40.7,40.7,30.9 / 105,30.9 / 105
13335,AZ,Yellow,F,72,71.6,100.8,124,35.8,35.8,35.8,124,35.8,124,50.4,50.4,35.8 / 124,35.8 / 124
13335,AZ,Silver,F,72,65.6,91.4,109,32.8,32.8,32.8,109,32.8,109,45.7,45.7,32.8 / 109,32.8 / 109
13300,AZ,Black,M,72,70.9,94.1,125,35.4,35.5,35.4,130,35.5,119,47.5,46.6,35.4 / 130,35.5 / 119
13300,AZ,Black/Blue,M,72,70.0,92.6,122,35.0,35.0,35.0,126,35.0,117,46.7,45.9,35.0 / 126,35.0 / 117
13300,AZ,Blue,M,72,68.8,90.9,119,34.6,34.2,34.6,123,34.2,115,46.0,44.9,34.6 / 123,34.2 / 115
13300,AZ,Blue/White,M,72,67.7,89.2,116,34.1,33.6,34.1,121,33.6,111,45.3,43.9,34.1 / 121,33.6 / 111
13300,AZ,White,M,72,66.3,86.6,109,33.7,32.6,33.7,118,32.6,100,44.7,41.9,33.7 / 118,32.6 / 100
13300,AZ,White/Yellow,M,72,65.4,85.2,107,33.1,32.3,33.1,114,32.3,99,43.7,41.5,33.1 / 114,32.3 / 99
13300,AZ,Yellow,M,72,64.1,83.5,105,33.0,31.1,33.0,112,31.1,97,43.4,40.1,33.0 / 112,31.1 / 97
13300,AZ,Yellow/Silver,M,72,62.2,80.9,101,31.5,30.7,31.5,108,30.7,94,41.5,39.4,31.5 / 108,30.7 / 94
13300,AZ,Silver,M,72,61.1,79.5,99,30.9,30.2,30.9,105,30.2,93,40.7,38.8,30.9 / 105,30.2 / 93
13300,AZ,Blue,F,72,74.2,104.3,128,37.3,36.9,37.3,133,36.9,122,53.0,51.3,37.3 / 133,36.9 / 122
13300,AZ,White,F,72,71.4,99.8,121,36.5,34.9,36.5,127,34.9,114,51.5,48.3,36.5 / 127,34.9 / 114
13300,AZ,Plm Yellow/Snrn Wht,F,72,70.7,98.7,119,35.8,34.9,35.8,124,34.9,114,50.4,48.3,35.8 / 124,34.9 / 114
13300,AZ,Yellow,F,72,69.2,95.8,113,35.8,33.4,35.8,124,33.4,102,50.4,45.4,35.8 / 124,33.4 / 102
13300,AZ,Yellow/Silver,F,72,66.5,91.9,108,33.9,32.6,33.9,115,32.6,100,47.5,44.4,33.9 / 115,32.6 / 100
13300,AZ,Silver,F,72,64.8,89.5,105,32.9,31.9,32.9,111,31.9,98,46.0,43.5,32.9 / 111,31.9 / 98
17888,AZ,Black,M,72,71.0,93.2,119,35.5,35.5,35.5,119,35.5,119,46.6,46.6,35.5 / 119,35.5 / 119
17888,AZ,Blue,M,72,68.4,89.8,115,34.2,34.2,34.2,115,34.2,115,44.9,44.9,34.2 / 115,34.2 / 115
17888,AZ,Blue/White,M,72,67.2,87.8,111,33.6,33.6,33.6,111,33.6,111,43.9,43.9,33.6 / 111,33.6 / 111
17888,AZ,White,M,72,65.0,83.2,98,32.5,32.5,32.5,98,32.5,98,41.6,41.6,32.5 / 98,32.5 / 98
17888,AZ,White/Yellow,M,72,64.6,83.0,99,32.3,32.3,32.3,99,32.3,99,41.5,41.5,32.3 / 99,32.3 / 99
17888,AZ,Yellow,M,72,62.2,80.2,97,31.1,31.1,31.1,97,31.1,97,40.1,40.1,31.1 / 97,31.1 / 97
17888,AZ,Yellow/Silver,M,72,61.4,78.8,94,30.7,30.7,30.7,94,30.7,94,39.4,39.4,30.7 / 94,30.7 / 94
17888,AZ,Silver,M,72,60.4,77.6,93,30.2,30.2,30.2,93,30.2,93,38.8,38.8,30.2 / 93,30.2 / 93
17888,AZ,Yellow,F,72,66.8,90.8,102,33.4,33.4,33.4,102,33.4,102,45.4,45.4,33.4 / 102,33.4 / 102
17888,AZ,Yellow/Silver,F,72,65.2,88.8,100,32.6,32.6,32.6,100,32.6,100,44.4,44.4,32.6 / 100,32.6 / 100
17888,AZ,Silver,F,72,63.4,85.0,92,31.7,31.7,31.7,92,31.7,92,42.5,42.5,31.7 / 92,31.7 / 92
13301,AZ,Black,M,72,71.4,94.7,125,35.5,35.9,35.5,119,35.9,131,46.6,48.1,35.5 / 119,35.9 / 131
13301,AZ,Black/Blue,M,72,70.3,93.3,124,35.0,35.3,35.0,117,35.3,130,45.9,47.4,35.0 / 117,35.3 / 130
13301,AZ,Blue,M,72,69.0,91.8,123,34.2,34.8,34.2,115,34.8,130,44.9,46.9,34.2 / 115,34.8 / 130
13301,AZ,Blue/White,M,72,68.0,90.0,119,33.6,34.4,33.6,111,34.4,126,43.9,46.1,33.6 / 111,34.4 / 126
13301,AZ,White,M,72,66.4,87.3,113,32.6,33.8,32.6,100,33.8,125,41.9,45.4,32.6 / 100,33.8 / 125
13301,AZ,White/Yellow,M,72,65.0,85.0,108,32.3,32.7,32.3,99,32.7,116,41.5,43.5,32.3 / 99,32.7 / 116
13301,AZ,Yellow,M,72,63.4,82.4,103,31.1,32.3,31.1,97,32.3,108,40.1,42.3,31.1 / 97,32.3 / 108
13301,AZ,Yellow/Silver,M,72,62.3,80.8,100,30.7,31.6,30.7,94,31.6,105,39.4,41.4,30.7 / 94,31.6 / 105
13301,AZ,Silver,M,72,61.1,79.3,98,30.2,30.9,30.2,93,30.9,103,38.8,40.5,30.2 / 93,30.9 / 103
13301,AZ,Blue,F,72,74.8,105.6,131,36.9,37.9,36.9,122,37.9,139,51.3,54.3,36.9 / 122,37.9 / 139
13301,AZ,White,F,72,71.0,99.8,123,34.9,36.1,34.9,114,36.1,131,48.3,51.5,34.9 / 114,36.1 / 131
13301,AZ,Snrn Wh/Lakes Y,F,72,69.7,97.5,118,34.9,34.8,34.9,114,34.8,122,48.3,49.2,34.9 / 114,34.8 / 122
13301,AZ,Yellow,F,72,68.2,94.6,112,33.4,34.8,33.4,102,34.8,122,45.4,49.2,33.4 / 102,34.8 / 122
13301,AZ,Yellow/Silver,F,72,66.6,92.3,109,32.6,34.0,32.6,100,34.0,118,44.4,47.9,32.6 / 100,34.0 / 118
13301,AZ,Silver,F,72,65.0,90.1,106,31.9,33.1,31.9,98,33.1,114,43.5,46.6,31.9 / 98,33.1 / 114
13129,AZ,Gold,M,72,72.7,97.6,134,36.4,36.3,36.4,132,36.3,136,48.7,48.9,36.4 / 132,36.3 / 136
13129,AZ,Blue,M,72,70.7,94.2,127,35.6,35.1,35.6,126,35.1,127,47.3,46.9,35.6 / 126,35.1 / 127
13129,AZ,White,M,72,69.0,91.3,120,34.7,34.3,34.7,119,34.3,121,45.8,45.5,34.7 / 119,34.3 / 121
13129,AZ,White,F,72,75.5,105.5,127,38.2,37.3,38.2,122,37.3,132,52.6,52.9,38.2 / 122,37.3 / 132
13129,AZ,Red,F,72,70.0,97.4,116,35.2,34.8,35.2,110,34.8,122,48.2,49.2,35.2 / 110,34.8 / 122
13131,AZ,Gold,M,71,71.9,96.4,132,36.3,35.6,36.3,136,35.6,128,48.9,47.5,36.3 / 136,35.6 / 128
13131,AZ,Blue,M,71,70.0,93.1,125,35.1,34.9,35.1,127,34.9,122,46.9,46.2,35.1 / 127,34.9 / 122
13131,AZ,White,M,71,68.4,90.7,120,34.3,34.1,34.3,121,34.1,119,45.5,45.2,34.3 / 121,34.1 / 119
13131,AZ,White,F,71,73.2,103.5,129,37.3,35.9,37.3,132,35.9,125,52.9,50.6,37.3 / 132,35.9 / 125
13131,AZ,Red,F,71,69.3,96.9,117,34.8,34.5,34.8,122,34.5,112,49.2,47.7,34.8 / 122,34.5 / 112
13130,AZ,Gold,M,71,72.0,96.2,130,35.6,36.4,35.6,128,36.4,132,47.5,48.7,35.6 / 128,36.4 / 132
13130,AZ,Blue,M,71,70.5,93.5,124,34.9,35.6,34.9,122,35.6,126,46.2,47.3,34.9 / 122,35.6 / 126
13130,AZ,White,M,71,68.8,91.0,119,34.1,34.7,34.1,119,34.7,119,45.2,45.8,34.1 / 119,34.7 / 119
13130,AZ,White,F,71,74.1,103.2,124,35.9,38.2,35.9,125,38.2,122,50.6,52.6,35.9 / 125,38.2 / 122
13130,AZ,Red,F,71,69.7,95.9,111,34.5,35.2,34.5,112,35.2,110,47.7,48.2,34.5 / 112,35.2 / 110
13201,AZ,Blue,M,72,71.1,94.0,124,35.1,36.0,35.1,121,36.0,126,46.3,47.7,35.1 / 121,36.0 / 126
13201,AZ,White,M,72,69.3,91.4,119,34.4,34.9,34.4,117,34.9,121,45.3,46.1,34.4 / 117,34.9 / 121
13201,AZ,White/Copper Combo,M,72,67.7,89.2,116,33.5,34.2,33.5,113,34.2,118,44.0,45.2,33.5 / 113,34.2 / 118
13201,AZ,Copper,M,72,66.2,86.7,111,33.0,33.2,33.0,110,33.2,111,43.2,43.5,33.0 / 110,33.2 / 111
13201,AZ,Copper,F,72,71.8,100.1,120,35.8,36.0,35.8,120,36.0,120,49.9,50.2,35.8 / 120,36.0 / 120
13201,AZ,Copper/Orange Combo,F,72,68.5,96.0,117,34.2,34.3,34.2,114,34.3,119,47.7,48.3,34.2 / 114,34.3 / 119
13201,AZ,Orange,F,72,66.5,93.1,113,33.0,33.5,33.0,109,33.5,116,45.9,47.2,33.0 / 109,33.5 / 116
13248,AZ,Black,M,72,73.4,98.5,135,36.5,36.9,36.5,132,36.9,138,48.8,49.7,36.5 / 132,36.9 / 138
13248,AZ,Long Combo,M,72,72.1,96.8,133,35.9,36.2,35.9,129,36.2,137,47.9,48.9,35.9 / 129,36.2 / 137
13248,AZ,Blue,M,72,71.2,95.6,130,35.5,35.7,35.5,128,35.7,132,47.5,48.1,35.5 / 128,35.7 / 132
13248,AZ,Medium Combo,M,72,70.3,94.1,128,35.2,35.1,35.2,126,35.1,130,46.9,47.2,35.2 / 126,35.1 / 130
13248,AZ,White,M,72,69.6,92.8,125,34.9,34.7,34.9,123,34.7,127,46.3,46.5,34.9 / 123,34.7 / 127
13248,AZ,Short Combo,M,72,68.0,90.6,122,34.1,33.9,34.1,118,33.9,125,45.1,45.5,34.1 / 118,33.9 / 125
13248,AZ,Gold,M,72,66.6,88.7,119,33.4,33.2,33.4,115,33.2,123,44.1,44.6,33.4 / 115,33.2 / 123
13248,AZ,Forward Combo,M,72,65.1,86.6,116,32.4,32.7,32.4,113,32.7,118,42.9,43.7,32.4 / 113,32.7 / 118
13248,AZ,Orange,M,72,64.0,85.2,114,32.0,32.0,32.0,111,32.0,116,42.3,42.9,32.0 / 111,32.0 / 116
13248,AZ,Family,M,72,58.3,76.3,97,29.1,29.2,29.1,94,29.2,100,37.8,38.5,29.1 / 94,29.2 / 100
13248,AZ,Black,F,72,79.9,114.4,145,39.8,40.1,39.8,141,40.1,149,56.6,57.8,39.8 / 141,40.1 / 149
13248,AZ,Long Combo,F,72,79.2,112.5,141,39.5,39.7,39.5,137,39.7,145,55.7,56.8,39.5 / 137,39.7 / 145
13248,AZ,Blue,F,72,78.0,111.2,140,39.0,39.0,39.0,137,39.0,142,55.3,55.9,39.0 / 137,39.0 / 142
13248,AZ,Medium Combo,F,72,76.7,109.2,137,38.3,38.4,38.3,136,38.4,138,54.4,54.8,38.3 / 136,38.4 / 138
13248,AZ,White,F,72,75.8,107.9,136,38.0,37.8,38.0,134,37.8,137,53.9,54.0,38.0 / 134,37.8 / 137
13248,AZ,Short Combo,F,72,73.5,104.4,131,36.8,36.7,36.8,128,36.7,133,52.0,52.4,36.8 / 128,36.7 / 133
13248,AZ,Gold,F,72,72.1,102.2,128,36.0,36.1,36.0,126,36.1,129,50.9,51.3,36.0 / 126,36.1 / 129
13248,AZ,Forward Combo,F,72,70.2,99.2,123,34.9,35.3,34.9,122,35.3,124,49.3,49.9,34.9 / 122,35.3 / 124
13248,AZ,Orange,F,72,68.9,97.0,120,34.4,34.5,34.4,119,34.5,120,48.4,48.6,34.4 / 119,34.5 / 120
13248,AZ,Family,F,72,60.0,83.7,101,29.9,30.1,29.9,100,30.1,101,41.7,42.0,29.9 / 100,30.1 / 101
13202,AZ,Tip,M,70,66.6,87.1,111,35.1,31.5,35.1,114,31.5,107,45.7,41.4,35.1 / 114,31.5 / 107
13202,AZ,Blue,M,70,66.3,86.7,110,34.9,31.4,34.9,113,31.4,107,45.4,41.3,34.9 / 113,31.4 / 107
13202,AZ,White,M,70,64.5,84.0,105,33.9,30.6,33.9,110,30.6,100,44.1,39.9,33.9 / 110,30.6 / 100
13202,AZ,Gold,M,70,62.9,80.8,97,32.6,30.3,32.6,100,30.3,93,41.9,38.9,32.6 / 100,30.3 / 93
13202,AZ,Red,M,70,62.0,78.9,91,32.1,29.9,32.1,95,29.9,87,40.9,38.0,32.1 / 95,29.9 / 87
13202,AZ,White,F,70,68.7,94.9,111,36.6,32.1,36.6,120,32.1,102,50.8,44.1,36.6 / 120,32.1 / 102
13202,AZ,White/Red Combo,F,70,67.4,93.0,109,35.6,31.8,35.6,117,31.8,100,49.4,43.6,35.6 / 117,31.8 / 100
13202,AZ,Gold,F,70,65.9,91.8,110,34.8,31.1,34.8,114,31.1,105,48.3,43.5,34.8 / 114,31.1 / 105
13202,AZ,Red,F,70,64.7,89.0,103,34.4,30.3,34.4,111,30.3,95,47.5,41.5,34.4 / 111,30.3 / 95
28303,AZ,Gold,M,72,73.0,97.1,130,36.7,36.3,36.7,129,36.3,130,48.7,48.4,36.7 / 129,36.3 / 130
28303,AZ,Blue,M,72,71.2,94.5,126,35.7,35.5,35.7,125,35.5,126,47.3,47.2,35.7 / 125,35.5 / 126
28303,AZ,White,M,72,68.8,91.1,120,34.5,34.3,34.5,118,34.3,122,45.5,45.6,34.5 / 118,34.3 / 122
28303,AZ,Tee It Forward,M,72,66.3,87.1,112,33.1,33.2,33.1,111,33.2,113,43.4,43.7,33.1 / 111,33.2 / 113
28303,AZ,Red,M,72,65.0,84.5,105,32.5,32.5,32.5,105,32.5,104,42.3,42.2,32.5 / 105,32.5 / 104
28303,AZ,Green,M,72,60.8,77.3,89,30.2,30.6,30.2,85,30.6,93,38.1,39.2,30.2 / 85,30.6 / 93
28303,AZ,White,F,72,74.5,103.9,125,37.4,37.1,37.4,125,37.1,125,52.1,51.8,37.4 / 125,37.1 / 125
28303,AZ,Red/White Combo,F,72,71.2,99.1,119,35.7,35.5,35.7,118,35.5,119,49.6,49.5,35.7 / 118,35.5 / 119
28303,AZ,Red,F,72,70.0,97.1,115,35.2,34.8,35.2,117,34.8,113,49.0,48.1,35.2 / 117,34.8 / 113
28303,AZ,Green,F,72,63.4,87.1,101,31.8,31.6,31.8,103,31.6,98,43.9,43.2,31.8 / 103,31.6 / 98
28305,AZ,Gold,M,71,72.9,96.8,129,36.7,36.2,36.7,129,36.2,128,48.7,48.1,36.7 / 129,36.2 / 128
28305,AZ,Blue,M,71,71.0,94.1,125,35.7,35.3,35.7,125,35.3,124,47.3,46.8,35.7 / 125,35.3 / 124
28305,AZ,White,M,71,68.7,90.7,118,34.5,34.2,34.5,118,34.2,118,45.5,45.2,34.5 / 118,34.2 / 118
28305,AZ,Tee It Forward,M,71,66.3,86.8,111,33.1,33.2,33.1,111,33.2,110,43.4,43.4,33.1 / 111,33.2 / 110
28305,AZ,Red,M,71,65.1,84.7,105,32.5,32.6,32.5,105,32.6,105,42.3,42.4,32.5 / 105,32.6 / 105
28305,AZ,Green,M,71,60.7,77.6,91,30.2,30.5,30.2,85,30.5,97,38.1,39.5,30.2 / 85,30.5 / 97
28305,AZ,White,F,71,74.5,104.3,127,37.4,37.1,37.4,125,37.1,128,52.1,52.2,37.4 / 125,37.1 / 128
28305,AZ,Red/White Combo,F,71,71.5,99.9,121,35.7,35.8,35.7,118,35.8,123,49.6,50.3,35.7 / 118,35.8 / 123
28305,AZ,Red,F,71,70.2,98.1,119,35.2,35.0,35.2,117,35.0,120,49.0,49.1,35.2 / 117,35.0 / 120
28305,AZ,Green,F,71,63.8,88.9,107,31.8,32.0,31.8,103,32.0,110,43.9,45.0,31.8 / 103,32.0 / 110
28304,AZ,Gold,M,71,72.5,96.5,129,36.3,36.2,36.3,130,36.2,128,48.4,48.1,36.3 / 130,36.2 / 128
28304,AZ,Blue,M,71,70.8,94.0,125,35.5,35.3,35.5,126,35.3,124,47.2,46.8,35.5 / 126,35.3 / 124
28304,AZ,White,M,71,68.5,90.7,120,34.3,34.2,34.3,121,34.2,118,45.5,45.2,34.3 / 121,34.2 / 118
28304,AZ,Tee It Forward,M,71,66.4,87.1,112,33.2,33.2,33.2,113,33.2,110,43.7,43.4,33.2 / 113,33.2 / 110
28304,AZ,Red,M,71,65.1,84.6,105,32.5,32.6,32.5,104,32.6,105,42.2,42.4,32.5 / 104,32.6 / 105
28304,AZ,Green,M,71,61.1,78.7,95,30.6,30.5,30.6,93,30.5,97,39.2,39.5,30.6 / 93,30.5 / 97
28304,AZ,White,F,71,74.2,104.0,127,37.1,37.1,37.1,125,37.1,128,51.8,52.2,37.1 / 125,37.1 / 128
28304,AZ,Red/White Combo,F,71,71.3,99.8,121,35.5,35.8,35.5,119,35.8,123,49.5,50.3,35.5 / 119,35.8 / 123
28304,AZ,Red,F,71,69.8,97.2,117,34.8,35.0,34.8,113,35.0,120,48.1,49.1,34.8 / 113,35.0 / 120
28304,AZ,Green,F,71,63.6,88.2,104,31.6,32.0,31.6,98,32.0,110,43.2,45.0,31.6 / 98,32.0 / 110
13252,AZ,Gold,M,72,71.5,94.6,125,35.5,36.0,35.5,122,36.0,127,46.8,47.8,35.5 / 122,36.0 / 127
13252,AZ,Black,M,72,69.8,91.9,119,34.9,34.9,34.9,117,34.9,121,45.8,46.1,34.9 / 117,34.9 / 121
13252,AZ,Silver,M,72,68.9,90.2,115,34.5,34.4,34.5,113,34.4,116,45.0,45.2,34.5 / 113,34.4 / 116
13252,AZ,Silver/Navy,M,72,67.1,87.4,110,33.7,33.4,33.7,109,33.4,110,43.8,43.6,33.7 / 109,33.4 / 110
13252,AZ,Navy,M,72,65.4,85.3,108,32.9,32.5,32.9,107,32.5,108,42.8,42.5,32.9 / 107,32.5 / 108
13252,AZ,Navy/Copper,M,72,64.6,83.9,104,32.3,32.3,32.3,103,32.3,104,41.9,42.0,32.3 / 103,32.3 / 104
13252,AZ,Copper,M,72,63.4,81.6,98,31.7,31.7,31.7,99,31.7,97,40.9,40.7,31.7 / 99,31.7 / 97
13252,AZ,Navy,F,72,70.8,98.3,117,35.5,35.3,35.5,114,35.3,119,49.0,49.3,35.5 / 114,35.3 / 119
13252,AZ,Copper/Navy Combo,F,72,69.4,96.5,115,34.8,34.6,34.8,113,34.6,117,48.1,48.4,34.8 / 113,34.6 / 117
13252,AZ,Copper,F,72,67.9,94.2,112,34.0,33.9,34.0,110,33.9,113,47.0,47.2,34.0 / 110,33.9 / 113
13334,AZ,Blue,M,62,59.6,78.1,100,29.5,30.1,29.5,100,30.1,99,38.8,39.3,29.5 / 100,30.1 / 99
13334,AZ,White,M,62,58.4,75.8,94,28.8,29.6,28.8,93,29.6,95,37.4,38.4,28.8 / 93,29.6 / 95
13334,AZ,Red,M,62,56.2,71.7,84,27.7,28.5,27.7,79,28.5,88,35.0,36.7,27.7 / 79,28.5 / 88
13334,AZ,Blue,F,62,62.5,87.6,107,30.8,31.7,30.8,106,31.7,107,43.3,44.3,30.8 / 106,31.7 / 107
13334,AZ,White,F,62,60.8,84.5,101,29.6,31.2,29.6,99,31.2,102,41.3,43.2,29.6 / 99,31.2 / 102
13334,AZ,Red,F,62,58.2,79.6,91,28.6,29.6,28.6,88,29.6,93,39.0,40.6,28.6 / 88,29.6 / 93
13174,AZ,Back,M,60,57.4,72.2,80,28.7,28.7,28.7,80,28.7,80,36.1,36.1,28.7 / 80,28.7 / 80
13174,AZ,Back/Forward,M,60,57.0,71.6,79,28.7,28.3,28.7,80,28.3,77,36.1,35.5,28.7 / 80,28.3 / 77
13174,AZ,Forward,M,60,56.6,71.0,77,28.3,28.3,28.3,77,28.3,77,35.5,35.5,28.3 / 77,28.3 / 77
13174,AZ,Back,F,60,58.0,77.6,83,29.0,29.0,29.0,83,29.0,83,38.8,38.8,29.0 / 83,29.0 / 83
13174,AZ,Back/Forward,F,60,57.5,76.8,82,29.0,28.5,29.0,83,28.5,81,38.8,38.0,29.0 / 83,28.5 / 81
13174,AZ,Forward,F,60,57.0,76.0,81,28.5,28.5,28.5,81,28.5,81,38.0,38.0,28.5 / 81,28.5 / 81
13085,AZ,Black,M,72,75.0,99.2,130,37.8,37.2,37.8,131,37.2,129,50.0,49.2,37.8 / 131,37.2 / 129
13085,AZ,Black/Blue,M,72,73.2,96.7,127,37.0,36.2,37.0,127,36.2,126,48.8,47.9,37.0 / 127,36.2 / 126
13085,AZ,Blue,M,72,72.0,95.2,125,36.1,35.9,36.1,126,35.9,124,47.8,47.4,36.1 / 126,35.9 / 124
13085,AZ,Blue/White,M,72,71.0,93.8,123,35.7,35.3,35.7,124,35.3,122,47.2,46.6,35.7 / 124,35.3 / 122
13085,AZ,White,M,72,70.1,92.4,120,35.2,34.9,35.2,121,34.9,119,46.4,46.0,35.2 / 121,34.9 / 119
13085,AZ,White/Green,M,72,68.2,89.9,117,34.1,34.1,34.1,116,34.1,117,44.9,45.0,34.1 / 116,34.1 / 117
13085,AZ,Green,M,72,66.9,88.2,115,33.4,33.5,33.4,116,33.5,113,44.2,44.0,33.4 / 116,33.5 / 113
13085,AZ,Gold,M,72,65.0,85.5,111,32.3,32.7,32.3,112,32.7,109,42.7,42.8,32.3 / 112,32.7 / 109
13085,AZ,Blue,F,72,78.5,110.3,135,39.5,39.0,39.5,134,39.0,136,55.3,55.0,39.5 / 134,39.0 / 136
13085,AZ,Blue/White,F,72,77.1,108.2,132,38.9,38.2,38.9,131,38.2,133,54.3,53.9,38.9 / 131,38.2 / 133
13085,AZ,White,F,72,76.3,106.8,130,38.4,37.9,38.4,128,37.9,131,53.5,53.3,38.4 / 128,37.9 / 131
13085,AZ,Green,F,72,72.5,101.1,122,36.3,36.2,36.3,120,36.2,123,50.4,50.7,36.3 / 120,36.2 / 123
13085,AZ,Gold,F,72,69.9,97.6,118,34.8,35.1,34.8,115,35.1,120,48.4,49.2,34.8 / 115,35.1 / 120
13305,AZ,Black,M,72,73.3,98.2,134,36.3,37.0,36.3,136,37.0,132,48.9,49.3,36.3 / 136,37.0 / 132
13305,AZ,Black/Blue,M,72,71.8,96.1,131,35.4,36.4,35.4,130,36.4,131,47.5,48.6,35.4 / 130,36.4 / 131
13305,AZ,Blue,M,72,71.1,95.0,129,35.0,36.1,35.0,129,36.1,128,47.0,48.0,35.0 / 129,36.1 / 128
13305,AZ,Blue/White,M,72,69.6,92.6,124,34.6,35.0,34.6,123,35.0,125,46.0,46.6,34.6 / 123,35.0 / 125
13305,AZ,White,M,72,68.9,91.4,122,33.9,35.0,33.9,121,35.0,122,45.1,46.3,33.9 / 121,35.0 / 122
13305,AZ,White/Green,M,72,68.0,90.3,120,33.8,34.2,33.8,119,34.2,121,44.9,45.4,33.8 / 119,34.2 / 121
13305,AZ,Green,M,72,66.3,87.9,116,33.1,33.2,33.1,115,33.2,117,43.8,44.1,33.1 / 115,33.2 / 117
13305,AZ,Green/Yellow,M,72,65.1,86.1,113,32.3,32.8,32.3,112,32.8,114,42.7,43.4,32.3 / 112,32.8 / 114
13305,AZ,Blue,F,72,77.0,109.4,138,38.1,38.9,38.1,135,38.9,140,54.0,55.4,38.1 / 135,38.9 / 140
13305,AZ,Blue/White,F,72,75.2,106.7,134,37.2,38.0,37.2,131,38.0,136,52.7,54.0,37.2 / 131,38.0 / 136
13305,AZ,White,F,72,74.3,105.3,132,36.6,37.7,36.6,129,37.7,134,51.8,53.5,36.6 / 129,37.7 / 134
13305,AZ,White/Green,F,72,72.8,103.0,128,36.2,36.6,36.2,127,36.6,129,51.2,51.8,36.2 / 127,36.6 / 129
13305,AZ,Green,F,72,70.8,99.7,123,35.1,35.7,35.1,120,35.7,125,49.3,50.4,35.1 / 120,35.7 / 125
13305,AZ,Green/Yellow,F,72,69.2,97.2,119,34.7,34.5,34.7,118,34.5,120,48.6,48.6,34.7 / 118,34.5 / 120
13184,AZ,White,M,71,66.5,87.6,114,33.6,32.9,33.6,113,32.9,114,44.1,43.5,33.6 / 113,32.9 / 114
13184,AZ,Red,M,71,63.5,83.2,106,32.3,31.2,32.3,105,31.2,107,42.1,41.1,32.3 / 105,31.2 / 107
13184,AZ,White,F,71,72.6,104.4,135,36.8,35.8,36.8,131,35.8,138,52.3,52.1,36.8 / 131,35.8 / 138
13184,AZ,Red,F,71,68.2,96.7,121,35.0,33.2,35.0,122,33.2,120,49.4,47.3,35.0 / 122,33.2 / 120
13296,AZ,Blue,M,72,70.0,92.2,120,35.2,34.8,35.2,121,34.8,118,46.4,45.8,35.2 / 121,34.8 / 118
13296,AZ,White,M,72,68.6,90.2,116,34.3,34.3,34.3,118,34.3,114,45.3,44.9,34.3 / 118,34.3 / 114
13296,AZ,Gold,M,72,67.4,88.0,111,33.6,33.8,33.6,112,33.8,110,44.0,44.0,33.6 / 112,33.8 / 110
13296,AZ,Red,M,72,66.5,86.6,109,33.2,33.3,33.2,110,33.3,107,43.4,43.2,33.2 / 110,33.3 / 107
13296,AZ,Green,M,72,61.0,78.9,97,30.4,30.6,30.4,98,30.6,95,39.5,39.4,30.4 / 98,30.6 / 95
13296,AZ,White,F,72,74.5,103.9,125,37.4,37.1,37.4,125,37.1,125,52.1,51.8,37.4 / 125,37.1 / 125
13296,AZ,Gold,F,72,72.9,101.7,122,36.5,36.4,36.5,122,36.4,122,50.9,50.8,36.5 / 122,36.4 / 122
13296,AZ,Red,F,72,71.8,100.3,121,36.0,35.8,36.0,120,35.8,121,50.2,50.1,36.0 / 120,35.8 / 121
13296,AZ,Ladies Combo,F,72,68.1,94.5,112,34.5,33.6,34.5,112,33.6,112,47.7,46.8,34.5 / 112,33.6 / 112
13296,AZ,Green,F,72,64.3,89.0,105,32.2,32.1,32.2,103,32.1,106,44.4,44.6,32.2 / 103,32.1 / 106
13205,AZ,Blue,M,63,60.8,79.0,98,30.3,30.5,30.3,95,30.5,101,39.1,39.9,30.3 / 95,30.5 / 101
13205,AZ,White,M,63,59.2,76.3,92,29.5,29.7,29.5,91,29.7,93,38.0,38.3,29.5 / 91,29.7 / 93
13205,AZ,Red,M,63,57.4,72.7,83,28.6,28.8,28.6,83,28.8,82,36.4,36.3,28.6 / 83,28.8 / 82
13205,AZ,Blue,F,63,63.3,86.1,97,31.2,32.1,31.2,96,32.1,97,42.5,43.6,31.2 / 96,32.1 / 97
13205,AZ,White,F,63,60.7,83.1,95,30.1,30.6,30.1,92,30.6,97,41.0,42.1,30.1 / 92,30.6 / 97
13205,AZ,Red,F,63,57.7,77.8,86,28.8,28.9,28.8,87,28.9,84,39.0,38.8,28.8 / 87,28.9 / 84
26109,AZ,Players,M,71,70.5,94.2,128,35.7,34.8,35.7,123,34.8,132,47.1,47.1,35.7 / 123,34.8 / 132
26109,AZ,Member,M,71,69.4,92.5,125,35.0,34.4,35.0,121,34.4,128,46.2,46.3,35.0 / 121,34.4 / 128
26109,AZ,Phoenician,M,71,68.0,90.6,122,34.5,33.5,34.5,118,33.5,125,45.5,45.1,34.5 / 118,33.5 / 125
26109,AZ,Canyon,M,71,64.7,85.4,112,32.6,32.1,32.6,111,32.1,112,42.9,42.5,32.6 / 111,32.1 / 112
26109,AZ,Jokake,M,71,61.0,79.6,100,30.6,30.4,30.6,103,30.4,97,40.2,39.4,30.6 / 103,30.4 / 97
26109,AZ,Players,F,71,76.0,107.8,135,38.8,37.2,38.8,134,37.2,136,54.6,53.2,38.8 / 134,37.2 / 136
26109,AZ,Member,F,71,75.0,106.3,133,37.9,37.1,37.9,131,37.1,134,53.5,52.8,37.9 / 131,37.1 / 134
26109,AZ,Phoenician,F,71,73.9,104.9,132,37.4,36.5,37.4,130,36.5,133,52.7,52.2,37.4 / 130,36.5 / 133
26109,AZ,Canyon,F,71,70.0,99.0,123,35.2,34.8,35.2,121,34.8,125,49.5,49.5,35.2 / 121,34.8 / 125
26109,AZ,Jokake,F,71,64.7,90.4,109,32.7,32.0,32.7,108,32.0,110,45.4,45.0,32.7 / 108,32.0 / 110
13307,AZ,Black,M,71,73.2,98.3,135,36.7,36.5,36.7,130,36.5,140,48.8,49.5,36.7 / 130,36.5 / 140
13307,AZ,Black/White Combo,M,71,72.1,96.5,132,36.2,35.9,36.2,127,35.9,136,48.0,48.5,36.2 / 127,35.9 / 136
13307,AZ,White,M,71,71.0,94.9,129,35.7,35.3,35.7,126,35.3,131,47.4,47.5,35.7 / 126,35.3 / 131
13307,AZ,White/Blue Combo,M,71,68.9,92.0,125,34.3,34.6,34.3,125,34.6,124,45.9,46.1,34.3 / 125,34.6 / 124
13307,AZ,Blue,M,71,67.6,90.3,123,33.8,33.8,33.8,123,33.8,122,45.2,45.1,33.8 / 123,33.8 / 122
13307,AZ,Blue/Green Combo,M,71,66.1,88.1,119,33.1,33.0,33.1,116,33.0,121,43.9,44.2,33.1 / 116,33.0 / 121
13307,AZ,Green,M,71,65.0,86.7,117,32.5,32.5,32.5,114,32.5,119,43.1,43.6,32.5 / 114,32.5 / 119
13307,AZ,Black,F,71,79.3,111.4,137,40.0,39.3,40.0,136,39.3,137,56.0,55.4,40.0 / 136,39.3 / 137
13307,AZ,White,F,71,76.8,108.0,132,38.7,38.1,38.7,131,38.1,133,54.2,53.8,38.7 / 131,38.1 / 133
13307,AZ,Blue,F,71,73.1,102.4,125,36.6,36.5,36.6,123,36.5,126,51.1,51.3,36.6 / 123,36.5 / 126
13307,AZ,Green/Blue Mix,F,71,70.6,99.1,121,35.2,35.4,35.2,118,35.4,124,49.1,50.0,35.2 / 118,35.4 / 124
13307,AZ,Green,F,71,69.2,97.3,119,34.7,34.5,34.7,116,34.5,122,48.4,48.9,34.7 / 116,34.5 / 122
13188,AZ,Morrish,M,72,73.8,100.2,142,37.1,36.7,37.1,141,36.7,143,50.2,50.0,37.1 / 141,36.7 / 143
13188,AZ,Humphreys,M,72,72.5,97.8,137,36.4,36.1,36.4,137,36.1,136,49.1,48.7,36.4 / 137,36.1 / 136
13188,AZ,Humphreys/Agassiz,M,72,70.9,95.9,135,35.7,35.2,35.7,135,35.2,135,48.2,47.7,35.7 / 135,35.2 / 135
13188,AZ,Agassiz,M,72,69.8,94.5,133,35.0,34.8,35.0,133,34.8,132,47.4,47.1,35.0 / 133,34.8 / 132
13188,AZ,Agassiz/Aubineau,M,72,67.7,90.7,124,33.7,34.0,33.7,125,34.0,123,45.3,45.4,33.7 / 125,34.0 / 123
13188,AZ,Aubineau,M,72,65.6,88.0,121,32.6,33.0,32.6,121,33.0,121,43.8,44.2,32.6 / 121,33.0 / 121
13188,AZ,Aubineau/Rees,M,72,64.2,85.9,117,31.7,32.5,31.7,117,32.5,116,42.6,43.3,31.7 / 117,32.5 / 116
13188,AZ,Rees,M,72,63.1,84.2,114,31.1,32.0,31.1,113,32.0,114,41.6,42.6,31.1 / 113,32.0 / 114
13188,AZ,Aubineau,F,72,71.7,105.1,142,35.9,35.8,35.9,140,35.8,143,52.4,52.7,35.9 / 140,35.8 / 143
13188,AZ,Aubineau/Rees,F,72,69.8,101.9,136,34.7,35.1,34.7,132,35.1,140,50.3,51.6,34.7 / 132,35.1 / 140
13188,AZ,Rees,F,72,68.0,98.9,131,33.5,34.5,33.5,130,34.5,132,48.8,50.1,33.5 / 130,34.5 / 132
13222,AZ,Black,M,71,69.9,93.2,126,35.6,34.3,35.6,126,34.3,125,47.3,45.9,35.6 / 126,34.3 / 125
13222,AZ,Black/Bronze,M,71,68.2,90.5,120,34.7,33.5,34.7,121,33.5,119,45.9,44.6,34.7 / 121,33.5 / 119
13222,AZ,Bronze,M,71,67.5,89.1,116,34.5,33.0,34.5,117,33.0,115,45.4,43.7,34.5 / 117,33.0 / 115
13222,AZ,Bronze/Silver,M,71,65.8,86.7,113,33.6,32.2,33.6,113,32.2,112,44.1,42.6,33.6 / 113,32.2 / 112
13222,AZ,Silver,M,71,65.3,85.7,110,33.1,32.2,33.1,111,32.2,109,43.4,42.3,33.1 / 111,32.2 / 109
13222,AZ,Gold,M,71,64.8,85.0,109,32.8,32.0,32.8,110,32.0,108,43.0,42.0,32.8 / 110,32.0 / 108
13222,AZ,Green,M,71,60.2,79.2,102,30.6,29.6,30.6,104,29.6,100,40.3,38.9,30.6 / 104,29.6 / 100
13222,AZ,Black,F,72,76.0,109.0,140,38.6,37.4,38.6,141,37.4,139,55.2,53.8,38.6 / 141,37.4 / 139
13222,AZ,Bronze,F,72,73.2,104.5,133,37.4,35.8,37.4,133,35.8,132,53.1,51.4,37.4 / 133,35.8 / 132
13222,AZ,Silver,F,72,69.8,99.5,126,35.6,34.2,35.6,128,34.2,124,50.7,48.8,35.6 / 128,34.2 / 124
13222,AZ,Gold,F,72,69.4,98.6,124,35.2,34.2,35.2,126,34.2,121,50.1,48.5,35.2 / 126,34.2 / 121
13222,AZ,Gold/Green,F,72,66.3,93.9,117,33.8,32.5,33.8,119,32.5,115,47.8,46.1,33.8 / 119,32.5 / 115
13222,AZ,Green,F,72,63.2,89.6,112,32.5,30.7,32.5,112,30.7,112,45.7,43.9,32.5 / 112,30.7 / 112
13255,AZ,Blue,M,63,61.5,80.6,103,30.8,30.7,30.8,102,30.7,103,40.3,40.3,30.8 / 102,30.7 / 103
13255,AZ,White,M,63,60.4,78.7,99,30.2,30.2,30.2,99,30.2,98,39.4,39.3,30.2 / 99,30.2 / 98
13255,AZ,Combo,M,63,59.6,77.6,97,29.8,29.8,29.8,98,29.8,96,38.9,38.7,29.8 / 98,29.8 / 96
13255,AZ,Red,M,63,59.3,76.9,95,29.6,29.7,29.6,95,29.7,95,38.4,38.5,29.6 / 95,29.7 / 95
13255,AZ,White,F,63,63.1,87.7,105,31.5,31.6,31.5,103,31.6,106,43.6,44.1,31.5 / 103,31.6 / 106
13255,AZ,Red,F,63,60.9,85.1,103,30.3,30.6,30.3,99,30.6,106,42.0,43.1,30.3 / 99,30.6 / 106
13037,AZ,Elk,M,72,70.6,94.1,127,35.1,35.5,35.1,126,35.5,127,46.8,47.3,35.1 / 126,35.5 / 127
13037,AZ,Pine Cone,M,72,68.6,91.1,122,34.2,34.4,34.2,121,34.4,122,45.4,45.7,34.2 / 121,34.4 / 122
13037,AZ,Pine Cone/Coyote,M,72,67.3,88.9,116,33.6,33.7,33.6,115,33.7,117,44.3,44.6,33.6 / 115,33.7 / 117
13037,AZ,Coyote,M,72,66.4,87.2,112,33.0,33.4,33.0,112,33.4,112,43.4,43.8,33.0 / 112,33.4 / 112
13037,AZ,Pine Tree,M,72,64.6,84.4,107,32.3,32.3,32.3,108,32.3,105,42.3,42.1,32.3 / 108,32.3 / 105
13037,AZ,Deer,M,72,61.8,80.5,101,31.0,30.8,31.0,102,30.8,99,40.5,40.0,31.0 / 102,30.8 / 99
13037,AZ,Coyote,F,72,71.6,103.3,135,35.7,35.9,35.7,127,35.9,142,50.7,52.6,35.7 / 127,35.9 / 142
13037,AZ,Coyote/Pine Tree (73),F,73,70.1,100.3,128,35.1,35.0,35.1,124,35.0,132,49.7,50.6,35.1 / 124,35.0 / 132
13037,AZ,Pine Tree (73),F,73,69.7,99.3,126,34.8,34.9,34.8,123,34.9,128,49.3,50.0,34.8 / 123,34.9 / 128
13037,AZ,Pine Tree (72),F,72,69.2,98.7,125,34.8,34.4,34.8,123,34.4,127,49.3,49.4,34.8 / 123,34.4 / 127
13037,AZ,Deer,F,72,66.6,94.4,118,33.4,33.2,33.4,119,33.2,117,47.4,47.0,33.4 / 119,33.2 / 117
13037,AZ,Oak Tree,F,72,59.7,83.8,103,30.0,29.7,30.0,102,29.7,103,42.0,41.8,30.0 / 102,29.7 / 103
13054,AZ,Black,M,72,74.0,98.5,132,36.9,37.1,36.9,132,37.1,131,49.2,49.3,36.9 / 132,37.1 / 131
13054,AZ,Black/Blue,M,72,72.4,96.0,127,36.0,36.4,36.0,128,36.4,126,47.9,48.1,36.0 / 128,36.4 / 126
13054,AZ,Blue,M,72,71.6,94.9,126,35.6,36.0,35.6,126,36.0,125,47.3,47.6,35.6 / 126,36.0 / 125
13054,AZ,Blue/White,M,72,70.2,93.3,125,35.1,35.1,35.1,124,35.1,125,46.6,46.7,35.1 / 124,35.1 / 125
13054,AZ,White,M,72,69.2,91.9,123,34.5,34.7,34.5,122,34.7,123,45.8,46.1,34.5 / 122,34.7 / 123
13054,AZ,White/Green,M,72,67.8,90.3,122,34.0,33.8,34.0,121,33.8,122,45.2,45.1,34.0 / 121,33.8 / 122
13054,AZ,Green,M,72,66.8,89.0,120,33.4,33.4,33.4,118,33.4,121,44.4,44.6,33.4 / 118,33.4 / 121
13054,AZ,Green/Gold,M,72,64.6,85.7,114,32.2,32.4,32.2,111,32.4,116,42.5,43.2,32.2 / 111,32.4 / 116
13054,AZ,Gold,M,72,63.5,84.3,112,31.7,31.8,31.7,111,31.8,113,42.0,42.3,31.7 / 111,31.8 / 113
13054,AZ,White,F,72,76.0,108.0,136,37.8,38.2,37.8,135,38.2,137,53.7,54.3,37.8 / 135,38.2 / 137
13054,AZ,White/Green,F,72,73.8,104.8,132,37.1,36.7,37.1,131,36.7,132,52.5,52.3,37.1 / 131,36.7 / 132
13054,AZ,Green,F,72,72.7,102.9,128,36.2,36.5,36.2,125,36.5,131,50.9,52.0,36.2 / 125,36.5 / 131
13054,AZ,Green/Gold,F,72,69.1,97.8,122,34.6,34.5,34.6,119,34.5,125,48.6,49.2,34.6 / 119,34.5 / 125
13054,AZ,Gold,F,72,68.1,96.5,121,34.2,33.9,34.2,119,33.9,122,48.2,48.3,34.2 / 119,33.9 / 122
13063,AZ,Gold,M,72,73.8,97.4,127,36.8,37.0,36.8,127,37.0,127,48.6,48.8,36.8 / 127,37.0 / 127
13063,AZ,Black,M,72,71.8,94.6,123,35.9,35.9,35.9,123,35.9,123,47.3,47.3,35.9 / 123,35.9 / 123
13063,AZ,Black/White,M,72,70.5,92.9,121,35.4,35.1,35.4,121,35.1,121,46.6,46.3,35.4 / 121,35.1 / 121
13063,AZ,White,M,72,69.2,91.4,119,34.7,34.5,34.7,119,34.5,119,45.8,45.6,34.7 / 119,34.5 / 119
13063,AZ,White/Red,M,72,68.1,89.9,117,34.2,33.9,34.2,117,33.9,117,45.1,44.8,34.2 / 117,33.9 / 117
13063,AZ,MC Combo White/Red,M,72,67.9,89.6,117,33.4,34.5,33.4,114,34.5,119,44.0,45.6,33.4 / 114,34.5 / 119
13063,AZ,Red,M,72,67.1,88.1,113,33.6,33.5,33.6,112,33.5,114,44.0,44.1,33.6 / 112,33.5 / 114
13063,AZ,Red/Green,M,72,65.8,86.3,111,33.0,32.8,33.0,110,32.8,111,43.2,43.1,33.0 / 110,32.8 / 111
13063,AZ,MC Combo Red/Green,M,72,65.6,86.1,111,32.2,33.4,32.2,107,33.4,114,42.1,44.0,32.2 / 107,33.4 / 114
13063,AZ,Green,M,72,64.7,84.7,108,32.4,32.3,32.4,107,32.3,109,42.3,42.4,32.4 / 107,32.3 / 109
13063,AZ,White,F,72,76.0,106.7,130,38.1,37.9,38.1,126,37.9,134,53.0,53.7,38.1 / 126,37.9 / 134
13063,AZ,Red,F,72,73.0,102.4,125,36.5,36.5,36.5,121,36.5,128,50.8,51.6,36.5 / 121,36.5 / 128
13063,AZ,Green/Red,F,72,71.7,100.0,120,35.7,36.0,35.7,120,36.0,120,49.8,50.2,35.7 / 120,36.0 / 120
13063,AZ,Red/Green,F,72,71.4,99.8,121,35.8,35.6,35.8,120,35.6,121,49.9,49.9,35.8 / 120,35.6 / 121
13063,AZ,Green,F,72,70.1,97.3,116,34.9,35.2,34.9,117,35.2,114,48.7,48.6,34.9 / 117,35.2 / 114
13262,AZ,Black,M,71,71.5,95.7,130,35.6,35.9,35.6,127,35.9,133,47.4,48.3,35.6 / 127,35.9 / 133
13262,AZ,Black/Blue,M,71,70.7,94.0,126,35.2,35.5,35.2,123,35.5,128,46.6,47.4,35.2 / 123,35.5 / 128
13262,AZ,Blue,M,71,69.0,91.7,122,34.1,34.9,34.1,119,34.9,125,45.2,46.5,34.1 / 119,34.9 / 125
13262,AZ,Blue/White,M,71,67.6,89.7,119,33.4,34.2,33.4,117,34.2,121,44.3,45.4,33.4 / 117,34.2 / 121
13262,AZ,White,M,71,66.5,87.2,112,32.7,33.8,32.7,110,33.8,113,42.9,44.3,32.7 / 110,33.8 / 113
13262,AZ,Red/White Combo,M,71,64.4,84.3,108,31.8,32.6,31.8,108,32.6,107,41.8,42.5,31.8 / 108,32.6 / 107
13262,AZ,Red,M,71,63.0,82.6,106,30.8,32.2,30.8,107,32.2,104,40.7,41.9,30.8 / 107,32.2 / 104
13262,AZ,White,F,71,70.8,99.1,120,34.5,36.3,34.5,109,36.3,131,47.4,51.7,34.5 / 109,36.3 / 131
13262,AZ,Red/White Combo,F,71,68.4,95.2,114,33.3,35.1,33.3,109,35.1,119,46.1,49.1,33.3 / 109,35.1 / 119
13262,AZ,Red,F,71,66.6,92.9,112,32.2,34.4,32.2,105,34.4,118,44.6,48.3,32.2 / 105,34.4 / 118
13308,AZ,Blue,M,72,71.0,94.5,127,35.6,35.4,35.6,128,35.4,125,47.5,47.0,35.6 / 128,35.4 / 125
13308,AZ,Blue/White,M,72,70.1,93.0,124,35.1,35.0,35.1,125,35.0,122,46.7,46.3,35.1 / 125,35.0 / 122
13308,AZ,White,M,72,69.0,91.5,121,34.5,34.5,34.5,123,34.5,119,45.9,45.6,34.5 / 123,34.5 / 119
13308,AZ,Yellow,M,72,67.3,89.2,118,33.6,33.7,33.6,119,33.7,116,44.7,44.5,33.6 / 119,33.7 / 116
13308,AZ,Red,M,72,66.4,87.9,116,33.3,33.1,33.3,117,33.1,114,44.2,43.7,33.3 / 117,33.1 / 114
13308,AZ,White,F,72,74.5,105.8,133,37.1,37.4,37.1,135,37.4,131,53.0,52.8,37.1 / 135,37.4 / 131
13308,AZ,Yellow,F,72,72.4,102.5,128,36.3,36.1,36.3,128,36.1,127,51.4,51.1,36.3 / 128,36.1 / 127
13308,AZ,Red,F,72,71.1,100.5,125,35.7,35.4,35.7,126,35.4,123,50.6,49.9,35.7 / 126,35.4 / 123
13186,AZ,Black,M,72,72.1,97.6,138,36.1,36.0,36.1,139,36.0,136,49.0,48.6,36.1 / 139,36.0 / 136
13186,AZ,Black/Purple,M,72,71.4,95.8,131,35.8,35.6,35.8,133,35.6,129,48.2,47.6,35.8 / 133,35.6 / 129
13186,AZ,Purple,M,72,69.7,93.6,129,34.9,34.8,34.9,128,34.8,129,46.8,46.8,34.9 / 128,34.8 / 129
13186,AZ,Purple/Green,M,72,67.9,91.1,125,34.1,33.8,34.1,126,33.8,124,45.8,45.3,34.1 / 126,33.8 / 124
13186,AZ,Green,M,72,65.2,86.9,117,32.7,32.5,32.7,119,32.5,114,43.8,43.1,32.7 / 119,32.5 / 114
13186,AZ,Green/Red,M,72,63.9,84.5,111,32.2,31.7,32.2,110,31.7,112,42.4,42.1,32.2 / 110,31.7 / 112
13186,AZ,Red,M,72,62.9,83.0,109,31.4,31.5,31.4,108,31.5,109,41.4,41.6,31.4 / 108,31.5 / 109
13186,AZ,Red/Yellow,M,72,61.7,80.1,99,30.9,30.8,30.9,99,30.8,99,40.1,40.0,30.9 / 99,30.8 / 99
13186,AZ,Short Course,M,72,58.7,76.2,95,29.3,29.4,29.3,95,29.4,94,38.1,38.1,29.3 / 95,29.4 / 94
13186,AZ,Purple,F,72,76.9,110.0,141,38.4,38.5,38.4,135,38.5,146,54.3,55.7,38.4 / 135,38.5 / 146
13186,AZ,Purple/Green,F,72,74.8,105.8,132,37.6,37.2,37.6,126,37.2,137,52.4,53.4,37.6 / 126,37.2 / 137
13186,AZ,Green,F,72,70.6,100.3,126,35.8,34.8,35.8,121,34.8,131,50.1,50.2,35.8 / 121,34.8 / 131
13186,AZ,Green/Red,F,72,69.0,96.7,117,35.0,34.0,35.0,114,34.0,120,48.5,48.2,35.0 / 114,34.0 / 120
13186,AZ,Red,F,72,67.6,94.9,116,34.1,33.5,34.1,115,33.5,116,47.7,47.2,34.1 / 115,33.5 / 116
13186,AZ,Red/Yellow,F,72,65.1,92.3,115,32.3,32.8,32.3,114,32.8,116,45.8,46.5,32.3 / 114,32.8 / 116
13186,AZ,Short Course,F,72,60.8,85.1,103,30.4,30.4,30.4,104,30.4,102,42.7,42.4,30.4 / 104,30.4 / 102
13234,AZ,Blue,M,72,70.6,92.9,120,35.3,35.3,35.3,119,35.3,121,46.4,46.5,35.3 / 119,35.3 / 121
13234,AZ,White,M,72,68.7,90.3,116,34.1,34.6,34.1,117,34.6,115,45.0,45.3,34.1 / 117,34.6 / 115
13234,AZ,Red,M,72,66.7,87.2,111,33.0,33.7,33.0,108,33.7,113,43.0,44.2,33.0 / 108,33.7 / 113
13234,AZ,Gold,M,72,62.9,81.7,101,30.9,32.0,30.9,100,32.0,102,40.2,41.5,30.9 / 100,32.0 / 102
13234,AZ,Blue,F,72,76.3,105.4,124,37.7,38.6,37.7,125,38.6,122,52.4,53.0,37.7 / 125,38.6 / 122
13234,AZ,White,F,72,73.9,101.9,119,36.6,37.3,36.6,120,37.3,118,50.7,51.2,36.6 / 120,37.3 / 118
13234,AZ,Red,F,72,71.2,97.8,113,35.1,36.1,35.1,110,36.1,115,48.1,49.7,35.1 / 110,36.1 / 115
13234,AZ,Gold,F,72,66.1,90.4,103,32.2,33.9,32.2,101,33.9,105,44.1,46.3,32.2 / 101,33.9 / 105
27166,AZ,Black,M,72,73.0,97.4,131,36.5,36.5,36.5,131,36.5,131,48.7,48.7,36.5 / 131,36.5 / 131
27166,AZ,Gold,M,72,70.6,94.2,127,35.3,35.3,35.3,127,35.3,127,47.1,47.1,35.3 / 127,35.3 / 127
27166,AZ,Gold/Silver,M,72,69.0,91.6,122,34.5,34.5,34.5,122,34.5,122,45.8,45.8,34.5 / 122,34.5 / 122
27166,AZ,Silver,M,72,68.0,90.2,120,34.0,34.0,34.0,120,34.0,120,45.1,45.1,34.0 / 120,34.0 / 120
27166,AZ,Copper/Silver,M,72,66.6,88.2,116,33.3,33.3,33.3,116,33.3,116,44.1,44.1,33.3 / 116,33.3 / 116
27166,AZ,Copper,M,72,64.2,83.8,105,32.1,32.1,32.1,105,32.1,105,41.9,41.9,32.1 / 105,32.1 / 105
27166,AZ,Copper/Topaz,M,72,62.4,81.4,102,31.2,31.2,31.2,102,31.2,102,40.7,40.7,31.2 / 102,31.2 / 102
27166,AZ,Topaz,M,72,61.6,80.0,99,30.8,30.8,30.8,99,30.8,99,40.0,40.0,30.8 / 99,30.8 / 99
27166,AZ,Black-Unpublished,F,72,78.0,111.2,141,39.0,39.0,39.0,141,39.0,141,55.6,55.6,39.0 / 141,39.0 / 141
27166,AZ,Gold-Unpublished,F,72,75.4,107.2,135,37.7,37.7,37.7,135,37.7,135,53.6,53.6,37.7 / 135,37.7 / 135
27166,AZ,Gold/Silver-Unpublished,F,72,74.0,104.8,131,37.0,37.0,37.0,131,37.0,131,52.4,52.4,37.0 / 131,37.0 / 131
27166,AZ,Silver,F,72,73.4,103.8,129,36.7,36.7,36.7,129,36.7,129,51.9,51.9,36.7 / 129,36.7 / 129
27166,AZ,Copper/Silver,F,72,71.2,100.4,124,35.6,35.6,35.6,124,35.6,124,50.2,50.2,35.6 / 124,35.6 / 124
27166,AZ,Copper,F,72,69.2,97.0,118,34.6,34.6,34.6,118,34.6,118,48.5,48.5,34.6 / 118,34.6 / 118
27166,AZ,Copper/Topaz,F,72,65.8,92.8,114,32.9,32.9,32.9,114,32.9,114,46.4,46.4,32.9 / 114,32.9 / 114
27166,AZ,Topaz,F,72,64.8,91.0,111,32.4,32.4,32.4,111,32.4,111,45.5,45.5,32.4 / 111,32.4 / 111
13035,AZ,Black,M,72,72.6,97.2,132,36.5,36.1,36.5,131,36.1,133,48.7,48.5,36.5 / 131,36.1 / 133
13035,AZ,Gold,M,72,70.2,93.8,127,35.3,34.9,35.3,127,34.9,127,47.1,46.7,35.3 / 127,34.9 / 127
13035,AZ,Gold/Silver,M,72,68.9,91.5,122,34.5,34.4,34.5,122,34.4,122,45.8,45.7,34.5 / 122,34.4 / 122
13035,AZ,Silver,M,72,68.0,90.0,119,34.0,34.0,34.0,120,34.0,117,45.1,44.9,34.0 / 120,34.0 / 117
13035,AZ,Copper/Silver,M,72,66.8,88.1,115,33.3,33.5,33.3,116,33.5,113,44.1,44.0,33.3 / 116,33.5 / 113
13035,AZ,Copper,M,72,63.6,83.0,104,32.1,31.5,32.1,105,31.5,103,41.9,41.1,32.1 / 105,31.5 / 103
13035,AZ,Copper/Topaz,M,72,61.9,80.6,101,31.2,30.7,31.2,102,30.7,99,40.7,39.9,31.2 / 102,30.7 / 99
13035,AZ,Topaz,M,72,61.3,79.6,99,30.8,30.5,30.8,99,30.5,98,40.0,39.6,30.8 / 99,30.5 / 98
13035,AZ,Silver,F,72,73.0,103.5,130,36.7,36.3,36.7,129,36.3,130,51.9,51.6,36.7 / 129,36.3 / 130
13035,AZ,Copper/Silver,F,72,71.5,101.3,127,35.6,35.9,35.6,124,35.9,129,50.2,51.1,35.6 / 124,35.9 / 129
13035,AZ,Copper,F,72,69.0,97.2,120,34.6,34.4,34.6,118,34.4,121,48.5,48.7,34.6 / 118,34.4 / 121
13035,AZ,Copper/Topaz,F,72,65.6,92.9,116,32.9,32.7,32.9,114,32.7,117,46.4,46.5,32.9 / 114,32.7 / 117
13035,AZ,Topaz,F,72,64.9,91.5,113,32.4,32.5,32.4,111,32.5,114,45.5,46.0,32.4 / 111,32.5 / 114
27164,AZ,Black,M,72,71.6,95.6,129,35.8,35.8,35.8,129,35.8,129,47.8,47.8,35.8 / 129,35.8 / 129
27164,AZ,Gold,M,72,70.0,93.0,124,35.0,35.0,35.0,124,35.0,124,46.5,46.5,35.0 / 124,35.0 / 124
27164,AZ,Gold/Silver,M,72,69.2,91.4,119,34.6,34.6,34.6,119,34.6,119,45.7,45.7,34.6 / 119,34.6 / 119
27164,AZ,Silver,M,72,67.8,89.8,118,33.9,33.9,33.9,118,33.9,118,44.9,44.9,33.9 / 118,33.9 / 118
27164,AZ,Copper/Silver,M,72,66.4,87.0,111,33.2,33.2,33.2,111,33.2,111,43.5,43.5,33.2 / 111,33.2 / 111
27164,AZ,Copper Forward,M,72,65.4,85.2,107,32.7,32.7,32.7,107,32.7,107,42.6,42.6,32.7 / 107,32.7 / 107
27164,AZ,Copper,M,72,65.2,85.0,107,32.6,32.6,32.6,107,32.6,107,42.5,42.5,32.6 / 107,32.6 / 107
27164,AZ,Copper/Topaz,M,72,62.2,81.2,102,31.1,31.1,31.1,102,31.1,102,40.6,40.6,31.1 / 102,31.1 / 102
27164,AZ,Topaz,M,72,62.0,80.6,100,31.0,31.0,31.0,100,31.0,100,40.3,40.3,31.0 / 100,31.0 / 100
27164,AZ,Silver,F,72,73.0,102.4,125,36.5,36.5,36.5,125,36.5,125,51.2,51.2,36.5 / 125,36.5 / 125
27164,AZ,Copper/Silver,F,72,71.8,100.8,123,35.9,35.9,35.9,123,35.9,123,50.4,50.4,35.9 / 123,35.9 / 123
27164,AZ,Copper Forward,F,72,70.8,99.8,123,35.4,35.4,35.4,123,35.4,123,49.9,49.9,35.4 / 123,35.4 / 123
27164,AZ,Copper,F,72,70.8,99.6,122,35.4,35.4,35.4,122,35.4,122,49.8,49.8,35.4 / 122,35.4 / 122
27164,AZ,Copper/Topaz,F,72,67.4,94.8,116,33.7,33.7,33.7,116,33.7,116,47.4,47.4,33.7 / 116,33.7 / 116
27164,AZ,Topaz,F,72,66.4,93.6,115,33.2,33.2,33.2,115,33.2,115,46.8,46.8,33.2 / 115,33.2 / 115
13034,AZ,Black,M,72,72.3,96.5,130,35.8,36.5,35.8,129,36.5,131,47.8,48.7,35.8 / 129,36.5 / 131
13034,AZ,Gold,M,72,70.3,93.6,126,35.0,35.3,35.0,124,35.3,127,46.5,47.1,35.0 / 124,35.3 / 127
13034,AZ,Gold/Silver,M,72,69.1,91.5,121,34.6,34.5,34.6,119,34.5,122,45.7,45.8,34.6 / 119,34.5 / 122
13034,AZ,Silver,M,72,67.9,90.0,119,33.9,34.0,33.9,118,34.0,120,44.9,45.1,33.9 / 118,34.0 / 120
13034,AZ,Copper/Silver,M,72,66.5,87.6,114,33.2,33.3,33.2,111,33.3,116,43.5,44.1,33.2 / 111,33.3 / 116
13034,AZ,Copper,M,72,64.7,84.4,106,32.6,32.1,32.6,107,32.1,105,42.5,41.9,32.6 / 107,32.1 / 105
13034,AZ,Copper/Topaz,M,72,62.3,81.3,102,31.1,31.2,31.1,102,31.2,102,40.6,40.7,31.1 / 102,31.2 / 102
13034,AZ,Topaz,M,72,61.8,80.3,100,31.0,30.8,31.0,100,30.8,99,40.3,40.0,31.0 / 100,30.8 / 99
13034,AZ,Silver,F,72,73.2,103.1,127,36.5,36.7,36.5,125,36.7,129,51.2,51.9,36.5 / 125,36.7 / 129
13034,AZ,Copper/Silver,F,72,71.5,100.6,124,35.9,35.6,35.9,123,35.6,124,50.4,50.2,35.9 / 123,35.6 / 124
13034,AZ,Copper,F,72,70.0,98.3,120,35.4,34.6,35.4,122,34.6,118,49.8,48.5,35.4 / 122,34.6 / 118
13034,AZ,Copper/Topaz,F,72,66.6,93.8,115,33.7,32.9,33.7,116,32.9,114,47.4,46.4,33.7 / 116,32.9 / 114
13034,AZ,Topaz,F,72,65.6,92.3,113,33.2,32.4,33.2,115,32.4,111,46.8,45.5,33.2 / 115,32.4 / 111
27165,AZ,Black,M,72,72.2,97.0,133,36.1,36.1,36.1,133,36.1,133,48.5,48.5,36.1 / 133,36.1 / 133
27165,AZ,Gold,M,72,69.8,93.4,127,34.9,34.9,34.9,127,34.9,127,46.7,46.7,34.9 / 127,34.9 / 127
27165,AZ,Gold/Silver,M,72,68.8,91.4,122,34.4,34.4,34.4,122,34.4,122,45.7,45.7,34.4 / 122,34.4 / 122
27165,AZ,Silver,M,72,68.0,89.8,117,34.0,34.0,34.0,117,34.0,117,44.9,44.9,34.0 / 117,34.0 / 117
27165,AZ,Copper/Silver,M,72,67.0,88.0,113,33.5,33.5,33.5,113,33.5,113,44.0,44.0,33.5 / 113,33.5 / 113
27165,AZ,Copper,M,72,63.0,82.2,103,31.5,31.5,31.5,103,31.5,103,41.1,41.1,31.5 / 103,31.5 / 103
27165,AZ,Copper/Topaz,M,72,61.4,79.8,99,30.7,30.7,30.7,99,30.7,99,39.9,39.9,30.7 / 99,30.7 / 99
27165,AZ,Topaz,M,72,61.0,79.2,98,30.5,30.5,30.5,98,30.5,98,39.6,39.6,30.5 / 98,30.5 / 98
27165,AZ,Silver,F,72,72.6,103.2,130,36.3,36.3,36.3,130,36.3,130,51.6,51.6,36.3 / 130,36.3 / 130
27165,AZ,Copper/Silver,F,72,71.8,102.2,129,35.9,35.9,35.9,129,35.9,129,51.1,51.1,35.9 / 129,35.9 / 129
27165,AZ,Copper,F,72,68.8,97.4,121,34.4,34.4,34.4,121,34.4,121,48.7,48.7,34.4 / 121,34.4 / 121
27165,AZ,Copper/Topaz,F,72,65.4,93.0,117,32.7,32.7,32.7,117,32.7,117,46.5,46.5,32.7 / 117,32.7 / 117
27165,AZ,Topaz,F,72,65.2,92.0,114,32.6,32.6,32.6,114,32.6,114,46.0,46.0,32.6 / 114,32.6 / 114
13036,AZ,Black,M,72,71.9,96.3,131,36.1,35.8,36.1,133,35.8,129,48.5,47.8,36.1 / 133,35.8 / 129
13036,AZ,Gold,M,72,69.9,93.2,126,34.9,35.0,34.9,127,35.0,124,46.7,46.5,34.9 / 127,35.0 / 124
13036,AZ,Gold/Silver,M,72,69.0,91.4,121,34.4,34.6,34.4,122,34.6,119,45.7,45.7,34.4 / 122,34.6 / 119
13036,AZ,Silver,M,72,67.9,89.8,118,34.0,33.9,34.0,117,33.9,118,44.9,44.9,34.0 / 117,33.9 / 118
13036,AZ,Copper/Silver,M,72,66.7,87.5,112,33.5,33.2,33.5,113,33.2,111,44.0,43.5,33.5 / 113,33.2 / 111
13036,AZ,Copper,M,72,64.1,83.6,105,31.5,32.6,31.5,103,32.6,107,41.1,42.5,31.5 / 103,32.6 / 107
13036,AZ,Copper/Topaz,M,72,61.8,80.5,101,30.7,31.1,30.7,99,31.1,102,39.9,40.6,30.7 / 99,31.1 / 102
13036,AZ,Topaz,M,72,61.5,79.9,99,30.5,31.0,30.5,98,31.0,100,39.6,40.3,30.5 / 98,31.0 / 100
13036,AZ,Silver,F,72,72.8,102.8,128,36.3,36.5,36.3,130,36.5,125,51.6,51.2,36.3 / 130,36.5 / 125
13036,AZ,Copper/Silver,F,72,71.8,101.5,126,35.9,35.9,35.9,129,35.9,123,51.1,50.4,35.9 / 129,35.9 / 123
13036,AZ,Copper,F,72,69.8,98.5,122,34.4,35.4,34.4,121,35.4,122,48.7,49.8,34.4 / 121,35.4 / 122
13036,AZ,Copper/Topaz,F,72,66.4,93.9,117,32.7,33.7,32.7,117,33.7,116,46.5,47.4,32.7 / 117,33.7 / 116
13036,AZ,Topaz,F,72,65.7,92.8,115,32.5,33.2,32.5,114,33.2,115,46.0,46.8,32.5 / 114,33.2 / 115
20808,AZ,Blue,M,62,59.0,74.6,84,29.5,29.5,29.5,84,29.5,84,37.3,37.3,29.5 / 84,29.5 / 84
20808,AZ,White,M,62,58.0,73.2,82,29.0,29.0,29.0,82,29.0,82,36.6,36.6,29.0 / 82,29.0 / 82
20808,AZ,Red,M,62,57.2,71.8,79,28.6,28.6,28.6,79,28.6,79,35.9,35.9,28.6 / 79,28.6 / 79
20808,AZ,Yellow,M,62,55.4,69.4,75,27.7,27.7,27.7,75,27.7,75,34.7,34.7,27.7 / 75,27.7 / 75
20808,AZ,Blue,F,62,62.0,84.2,94,31.0,31.0,31.0,94,31.0,94,42.1,42.1,31.0 / 94,31.0 / 94
20808,AZ,White,F,62,60.6,81.8,90,30.3,30.3,30.3,90,30.3,90,40.9,40.9,30.3 / 90,30.3 / 90
20808,AZ,Red,F,62,59.0,79.6,87,29.5,29.5,29.5,87,29.5,87,39.8,39.8,29.5 / 87,29.5 / 87
20808,AZ,Yellow,F,62,57.4,76.8,82,28.7,28.7,28.7,82,28.7,82,38.4,38.4,28.7 / 82,28.7 / 82
13185,AZ,Blue,M,68,64.2,83.8,106,31.2,33.0,31.2,102,33.0,109,40.7,43.1,31.2 / 102,33.0 / 109
13185,AZ,Blue/White Combo,M,68,63.1,81.7,100,30.8,32.3,30.8,96,32.3,104,39.7,42.0,30.8 / 96,32.3 / 104
13185,AZ,White,M,68,61.9,80.0,98,30.5,31.4,30.5,95,31.4,100,39.3,40.7,30.5 / 95,31.4 / 100
13185,AZ,Blue/White/Red Combo,M,68,61.6,79.5,97,30.2,31.4,30.2,93,31.4,100,38.8,40.7,30.2 / 93,31.4 / 100
13185,AZ,White/Red Combo,M,68,60.7,78.3,95,30.0,30.7,30.0,91,30.7,98,38.5,39.8,30.0 / 91,30.7 / 98
13185,AZ,Red,M,68,59.9,77.2,93,29.6,30.3,29.6,89,30.3,97,37.9,39.3,29.6 / 89,30.3 / 97
13185,AZ,Blue,F,68,68.0,96.3,120,32.6,35.4,32.6,111,35.4,129,45.7,50.6,32.6 / 111,35.4 / 129
13185,AZ,White,F,68,65.9,93.2,116,32.0,33.9,32.0,109,33.9,122,44.9,48.3,32.0 / 109,33.9 / 122
13185,AZ,Combo,F,68,63.8,89.7,110,30.8,33.0,30.8,104,33.0,115,43.1,46.6,30.8 / 104,33.0 / 115
13185,AZ,Red,F,68,63.0,88.1,106,30.5,32.5,30.5,103,32.5,109,42.7,45.4,30.5 / 103,32.5 / 109
13209,AZ,Gold,M,71,71.1,96.2,135,35.7,35.4,35.7,131,35.4,139,47.9,48.3,35.7 / 131,35.4 / 139
13209,AZ,Black,M,71,68.8,92.3,127,34.5,34.3,34.5,123,34.3,130,45.9,46.4,34.5 / 123,34.3 / 130
13209,AZ,Silver,M,71,66.7,88.4,117,33.6,33.1,33.6,114,33.1,119,44.2,44.2,33.6 / 114,33.1 / 119
13209,AZ,Copper,M,71,63.8,84.4,111,32.2,31.6,32.2,107,31.6,115,42.1,42.3,32.2 / 107,31.6 / 115
13209,AZ,Silver,F,71,71.0,101.2,129,35.7,35.3,35.7,126,35.3,131,50.5,50.7,35.7 / 126,35.3 / 131
13209,AZ,Copper,F,71,68.3,97.3,123,34.4,33.9,34.4,121,33.9,125,48.7,48.6,34.4 / 121,33.9 / 125
13340,AZ,White,M,66,62.1,81.0,102,30.5,31.6,30.5,97,31.6,107,39.5,41.5,30.5 / 97,31.6 / 107
13340,AZ,Gold,M,66,59.1,77.5,99,29.1,30.0,29.1,94,30.0,104,37.8,39.7,29.1 / 94,30.0 / 104
13340,AZ,White,F,69,64.7,88.9,103,32.1,32.6,32.1,99,32.6,106,43.8,45.1,32.1 / 99,32.6 / 106
13340,AZ,Gold,F,69,62.8,85.8,98,31.0,31.8,31.0,97,31.8,98,42.4,43.4,31.0 / 97,31.8 / 98
13340,AZ,Red,F,69,62.1,84.4,94,31.0,31.1,31.0,88,31.1,101,41.4,43.0,31.0 / 88,31.1 / 101
13340,AZ,Green,F,69,61.1,82.0,89,30.4,30.7,30.4,86,30.7,91,40.6,41.4,30.4 / 86,30.7 / 91
13159,AZ,Black,M,72,74.9,102.1,146,37.8,37.1,37.8,147,37.1,145,51.5,50.6,37.8 / 147,37.1 / 145
13159,AZ,Black/Gold,M,72,73.8,100.6,144,37.1,36.7,37.1,145,36.7,143,50.6,50.0,37.1 / 145,36.7 / 143
13159,AZ,Gold,M,72,72.9,99.1,141,36.7,36.2,36.7,142,36.2,140,49.9,49.2,36.7 / 142,36.2 / 140
13159,AZ,Gold/Silver,M,72,71.7,97.4,139,36.0,35.7,36.0,138,35.7,139,48.8,48.6,36.0 / 138,35.7 / 139
13159,AZ,Silver,M,72,70.6,95.5,134,35.4,35.2,35.4,135,35.2,133,47.9,47.6,35.4 / 135,35.2 / 133
13159,AZ,Silver/Copper,M,72,69.5,93.8,131,34.8,34.7,34.8,131,34.7,130,47.0,46.8,34.8 / 131,34.7 / 130
13159,AZ,Copper,M,72,68.3,91.7,126,34.4,33.9,34.4,127,33.9,125,46.2,45.5,34.4 / 127,33.9 / 125
13159,AZ,Silver,F,72,78.4,114.3,151,39.3,39.1,39.3,155,39.1,146,58.0,56.3,39.3 / 155,39.1 / 146
13159,AZ,Silver/Copper,F,72,76.2,110.9,147,38.2,38.0,38.2,153,38.0,141,56.3,54.6,38.2 / 153,38.0 / 141
13159,AZ,Copper,F,72,74.1,106.6,138,37.0,37.1,37.0,141,37.1,135,53.6,53.0,37.0 / 141,37.1 / 135
13159,AZ,Jade/Copper,F,72,72.5,103.9,134,36.7,35.8,36.7,137,35.8,130,52.8,51.1,36.7 / 137,35.8 / 130
13159,AZ,Jade,F,72,70.6,99.5,123,35.5,35.1,35.5,120,35.1,126,49.6,49.9,35.5 / 120,35.1 / 126
13283,AZ,Blue,M,70,66.7,90.5,128,32.7,34.0,32.7,127,34.0,129,44.5,46.0,32.7 / 127,34.0 / 129
13283,AZ,White,M,70,64.0,86.2,119,31.3,32.7,31.3,119,32.7,119,42.4,43.8,31.3 / 119,32.7 / 119
13283,AZ,Red,M,70,61.0,80.9,107,30.1,30.9,30.1,109,30.9,105,40.2,40.7,30.1 / 109,30.9 / 105
13283,AZ,Blue,F,70,71.6,102.7,132,35.1,36.5,35.1,126,36.5,137,50.0,52.7,35.1 / 126,36.5 / 137
13283,AZ,White,F,70,68.5,98.0,125,33.6,34.9,33.6,117,34.9,133,47.4,50.6,33.6 / 117,34.9 / 133
13283,AZ,White/Red,F,70,65.8,93.8,119,32.5,33.3,32.5,113,33.3,125,45.8,48.0,32.5 / 113,33.3 / 125
13283,AZ,Red,F,70,63.7,90.5,114,31.5,32.2,31.5,109,32.2,119,44.3,46.2,31.5 / 109,32.2 / 119
13210,AZ,Blue,M,72,71.7,95.0,126,35.6,36.1,35.6,125,36.1,126,47.2,47.8,35.6 / 125,36.1 / 126
13210,AZ,Blue/White Combo,M,72,70.4,93.1,123,34.7,35.7,34.7,122,35.7,123,46.0,47.1,34.7 / 122,35.7 / 123
13210,AZ,White,M,72,69.8,92.1,120,34.3,35.5,34.3,118,35.5,122,45.3,46.8,34.3 / 118,35.5 / 122
13210,AZ,White/Gold Combo,M,72,68.3,90.0,117,33.8,34.5,33.8,116,34.5,117,44.6,45.4,33.8 / 116,34.5 / 117
13210,AZ,Gold,M,72,67.4,88.5,114,33.3,34.1,33.3,112,34.1,115,43.7,44.8,33.3 / 112,34.1 / 115
13210,AZ,Gold/Red Combo,M,72,65.9,86.3,110,32.1,33.8,32.1,105,33.8,114,41.9,44.4,32.1 / 105,33.8 / 114
13210,AZ,Red,M,72,64.2,83.9,106,31.3,32.9,31.3,101,32.9,111,40.7,43.2,31.3 / 101,32.9 / 111
13210,AZ,White,F,72,75.9,107.5,134,37.6,38.3,37.6,131,38.3,137,53.1,54.4,37.6 / 131,38.3 / 137
13210,AZ,White/Gold Combo,F,72,74.4,105.1,130,36.9,37.5,36.9,127,37.5,133,51.9,53.2,36.9 / 127,37.5 / 133
13210,AZ,Gold,F,72,73.3,103.3,127,36.4,36.9,36.4,127,36.9,127,51.4,51.9,36.4 / 127,36.9 / 127
13210,AZ,Ladies Day Combo,F,72,72.1,101.6,125,35.6,36.5,35.6,124,36.5,126,50.2,51.4,35.6 / 124,36.5 / 126
13210,AZ,Gold/Red Combo,F,72,71.6,100.9,124,35.0,36.6,35.0,122,36.6,126,49.4,51.5,35.0 / 122,36.6 / 126
13210,AZ,Red,F,72,69.7,97.8,119,34.2,35.5,34.2,117,35.5,121,48.0,49.8,34.2 / 117,35.5 / 121
13240,AZ,Tournament,M,72,73.2,97.8,132,36.9,36.3,36.9,131,36.3,133,49.1,48.7,36.9 / 131,36.3 / 133
13240,AZ,Silver,M,72,70.8,94.4,127,35.6,35.2,35.6,127,35.2,127,47.4,47.0,35.6 / 127,35.2 / 127
13240,AZ,Regular,M,72,68.3,90.7,121,34.5,33.8,34.5,123,33.8,118,45.9,44.8,34.5 / 123,33.8 / 118
13240,AZ,Forward,M,72,66.0,87.2,114,33.2,32.8,33.2,116,32.8,112,44.0,43.2,33.2 / 116,32.8 / 112
13240,AZ,White,F,72,74.2,104.0,127,37.5,36.7,37.5,133,36.7,120,53.2,50.8,37.5 / 133,36.7 / 120
13240,AZ,Gold,F,72,70.9,99.4,121,35.9,35.0,35.9,127,35.0,114,50.9,48.5,35.9 / 127,35.0 / 114
13056,AZ,Gold,M,72,72.8,100.1,147,36.8,36.0,36.8,147,36.0,146,50.5,49.6,36.8 / 147,36.0 / 146
13056,AZ,Gold/Blue,M,72,71.6,98.4,144,36.3,35.3,36.3,145,35.3,143,49.8,48.6,36.3 / 145,35.3 / 143
13056,AZ,Blue,M,72,69.9,95.2,137,35.3,34.6,35.3,137,34.6,136,48.0,47.2,35.3 / 137,34.6 / 136
13056,AZ,Blue/White,M,72,67.8,91.5,128,34.0,33.8,34.0,128,33.8,127,45.9,45.6,34.0 / 128,33.8 / 127
13056,AZ,White,M,72,66.7,89.4,123,33.6,33.1,33.6,123,33.1,122,45.0,44.4,33.6 / 123,33.1 / 122
13056,AZ,White/Red,M,72,65.8,88.1,120,33.0,32.8,33.0,121,32.8,119,44.2,43.9,33.0 / 121,32.8 / 119
13056,AZ,Red,M,72,64.6,86.1,116,32.2,32.4,32.2,116,32.4,115,43.0,43.1,32.2 / 116,32.4 / 115
13056,AZ,Red/Purple,M,72,62.8,83.2,110,31.6,31.2,31.6,111,31.2,109,41.9,41.3,31.6 / 111,31.2 / 109
13056,AZ,Blue,F,72,76.0,110.4,146,38.5,37.5,38.5,146,37.5,146,55.7,54.7,38.5 / 146,37.5 / 146
13056,AZ,Blue/White,F,72,73.7,106.8,141,37.2,36.5,37.2,140,36.5,141,53.7,53.1,37.2 / 140,36.5 / 141
13056,AZ,White,F,72,72.4,104.7,137,36.6,35.8,36.6,137,35.8,137,52.7,52.0,36.6 / 137,35.8 / 137
13056,AZ,White/Red,F,72,70.3,101.1,131,35.3,35.0,35.3,130,35.0,131,50.6,50.5,35.3 / 130,35.0 / 131
13056,AZ,Red,F,72,68.7,98.2,126,34.5,34.2,34.5,126,34.2,125,49.3,48.9,34.5 / 126,34.2 / 125
13056,AZ,Red/Purple,F,72,65.8,93.5,118,33.3,32.5,33.3,116,32.5,119,47.0,46.5,33.3 / 116,32.5 / 119
13220,AZ,Black,M,71,72.9,98.6,139,36.6,36.3,36.6,140,36.3,137,49.6,49.0,36.6 / 140,36.3 / 137
13220,AZ,Black/White,M,71,71.6,97.0,137,35.9,35.7,35.9,137,35.7,137,48.6,48.4,35.9 / 137,35.7 / 137
13220,AZ,White,M,71,70.2,95.1,134,35.3,34.9,35.3,135,34.9,133,47.8,47.3,35.3 / 135,34.9 / 133
13220,AZ,White/Gold,M,71,68.4,91.9,127,34.2,34.2,34.2,127,34.2,126,46.0,45.9,34.2 / 127,34.2 / 126
13220,AZ,Gold,M,71,67.4,89.7,120,34.0,33.4,34.0,123,33.4,117,45.4,44.3,34.0 / 123,33.4 / 117
13220,AZ,Gold/Red,M,71,65.8,87.3,116,33.3,32.5,33.3,119,32.5,112,44.4,42.9,33.3 / 119,32.5 / 112
13220,AZ,Red,M,71,64.4,85.2,112,32.7,31.7,32.7,114,31.7,110,43.3,41.9,32.7 / 114,31.7 / 110
13220,AZ,Family Tee,M,72,59.8,79.1,104,30.1,29.7,30.1,105,29.7,102,39.9,39.2,30.1 / 105,29.7 / 102
13220,AZ,White,F,71,76.3,110.9,147,38.6,37.7,38.6,151,37.7,142,56.4,54.5,38.6 / 151,37.7 / 142
13220,AZ,White/Gold,F,71,74.2,107.6,142,37.4,36.8,37.4,143,36.8,140,54.3,53.3,37.4 / 143,36.8 / 140
13220,AZ,Gold,F,71,72.2,104.5,137,36.7,35.5,36.7,141,35.5,133,53.3,51.2,36.7 / 141,35.5 / 133
13220,AZ,Red/Gold,F,71,69.7,100.7,132,35.5,34.2,35.5,136,34.2,127,51.5,49.2,35.5 / 136,34.2 / 127
13220,AZ,Red,F,71,68.7,98.1,125,35.2,33.5,35.2,128,33.5,121,50.3,47.8,35.2 / 128,33.5 / 121
13220,AZ,Family Tee,F,72,63.3,90.0,113,32.1,31.2,32.1,114,31.2,112,45.6,44.4,32.1 / 114,31.2 / 112
13220,AZ,Ladies Club 9 Holes 15-5,F,34,30.8,43.8,110,30.8,,30.8,110,,,43.8,,30.8 / 110,/
13091,AZ,Black,M,72,71.3,94.4,125,35.7,35.6,35.7,124,35.6,125,47.2,47.2,35.7 / 124,35.6 / 125
13091,AZ,Players,M,72,70.4,92.9,122,35.2,35.2,35.2,121,35.2,122,46.4,46.5,35.2 / 121,35.2 / 122
13091,AZ,Gold,M,72,69.3,91.4,119,34.7,34.6,34.7,118,34.6,119,45.7,45.7,34.7 / 118,34.6 / 119
13091,AZ,Gold/Silver,M,72,67.2,88.3,114,33.6,33.6,33.6,111,33.6,116,43.9,44.4,33.6 / 111,33.6 / 116
13091,AZ,Silver,M,72,66.3,87.1,112,33.3,33.0,33.3,111,33.0,113,43.6,43.5,33.3 / 111,33.0 / 113
13091,AZ,Silver/Copper,M,72,64.7,84.5,107,32.5,32.2,32.5,107,32.2,107,42.4,42.1,32.5 / 107,32.2 / 107
13091,AZ,Copper,M,72,63.2,82.7,105,31.8,31.4,31.8,105,31.4,104,41.6,41.1,31.8 / 105,31.4 / 104
13091,AZ,Roadrunner,M,54,52.1,66.6,78,26.0,26.1,26.0,77,26.1,79,33.2,33.4,26.0 / 77,26.1 / 79
13091,AZ,Gold/Silver,F,72,72.7,101.6,123,36.3,36.4,36.3,121,36.4,124,50.6,51.0,36.3 / 121,36.4 / 124
13091,AZ,Silver,F,72,70.7,98.5,118,35.4,35.3,35.4,115,35.3,120,49.0,49.5,35.4 / 115,35.3 / 120
13091,AZ,Silver/Copper,F,72,68.9,96.1,116,34.6,34.3,34.6,114,34.3,117,48.0,48.1,34.6 / 114,34.3 / 117
13091,AZ,Copper,F,72,67.9,94.8,114,34.0,33.9,34.0,113,33.9,115,47.3,47.5,34.0 / 113,33.9 / 115
13091,AZ,Roadrunner,F,54,55.3,74.4,81,27.5,27.8,27.5,80,27.8,82,36.9,37.5,27.5 / 80,27.8 / 82
28552,AZ,Black (#6-Par 3),M,70,69.7,92.4,122,34.1,35.6,34.1,119,35.6,125,45.2,47.2,34.1 / 119,35.6 / 125
28552,AZ,Players (#6-Par 3),M,70,68.9,91.1,120,33.7,35.2,33.7,117,35.2,122,44.6,46.5,33.7 / 117,35.2 / 122
28552,AZ,Gold (#6-Par 3),M,70,67.9,89.6,117,33.3,34.6,33.3,114,34.6,119,43.9,45.7,33.3 / 114,34.6 / 119
28552,AZ,Gold/Silver (#6-Par 3),M,70,65.8,86.5,112,32.2,33.6,32.2,107,33.6,116,42.1,44.4,32.2 / 107,33.6 / 116
28552,AZ,Silver (#6-Par 3),M,70,64.9,85.2,109,31.9,33.0,31.9,105,33.0,113,41.7,43.5,31.9 / 105,33.0 / 113
28552,AZ,Silver/Copper (#6-Par 3),M,70,63.3,82.8,105,31.1,32.2,31.1,103,32.2,107,40.7,42.1,31.1 / 103,32.2 / 107
28552,AZ,Copper (#6-Par 3),M,70,62.1,81.3,103,30.7,31.4,30.7,102,31.4,104,40.2,41.1,30.7 / 102,31.4 / 104
28552,AZ,Gold/Silver (#6-Par 3),F,70,71.1,99.5,121,34.7,36.4,34.7,117,36.4,124,48.5,51.0,34.7 / 117,36.4 / 124
28552,AZ,Silver (#6-Par3),F,70,69.2,96.5,116,33.9,35.3,33.9,111,35.3,120,47.0,49.5,33.9 / 111,35.3 / 120
28552,AZ,Silver/Copper (#6 - Par 3),F,70,67.6,94.4,114,33.3,34.3,33.3,110,34.3,117,46.3,48.1,33.3 / 110,34.3 / 117
28552,AZ,Copper (#6 - Par3),F,70,67.0,93.3,112,33.1,33.9,33.1,108,33.9,115,45.8,47.5,33.1 / 108,33.9 / 115
13092,AZ,Black,M,72,70.5,93.3,123,34.5,36.0,34.5,121,36.0,125,45.7,47.6,34.5 / 121,36.0 / 125
13092,AZ,Players,M,72,69.6,91.8,120,34.2,35.4,34.2,117,35.4,122,45.1,46.7,34.2 / 117,35.4 / 122
13092,AZ,Gold,M,72,67.9,89.8,118,33.0,34.9,33.0,116,34.9,119,43.8,46.0,33.0 / 116,34.9 / 119
13092,AZ,Gold/Silver,M,72,65.9,86.4,111,32.3,33.6,32.3,107,33.6,114,42.2,44.2,32.3 / 107,33.6 / 114
13092,AZ,Silver,M,72,64.3,84.2,107,31.6,32.7,31.6,103,32.7,111,41.2,43.0,31.6 / 103,32.7 / 111
13092,AZ,Silver/Copper,M,72,62.8,81.6,101,30.8,32.0,30.8,97,32.0,105,39.8,41.8,30.8 / 97,32.0 / 105
13092,AZ,Copper,M,72,61.8,80.1,99,30.5,31.3,30.5,96,31.3,101,39.4,40.7,30.5 / 96,31.3 / 101
13092,AZ,Gold,F,72,73.9,103.6,126,35.9,38.0,35.9,119,38.0,133,49.9,53.7,35.9 / 119,38.0 / 133
13092,AZ,Gold/Silver,F,72,71.9,100.6,122,35.4,36.5,35.4,116,36.5,127,49.1,51.5,35.4 / 116,36.5 / 127
13092,AZ,Silver,F,72,69.7,96.9,116,34.2,35.5,34.2,111,35.5,120,47.3,49.6,34.2 / 111,35.5 / 120
13092,AZ,Silver/Copper,F,72,67.9,94.7,114,33.1,34.8,33.1,109,34.8,119,45.9,48.8,33.1 / 109,34.8 / 119
13092,AZ,Copper,F,72,66.4,92.6,111,32.4,34.0,32.4,103,34.0,119,44.6,48.0,32.4 / 103,34.0 / 119
13090,AZ,Black,M,72,71.9,94.2,120,36.1,35.8,36.1,121,35.8,119,47.3,46.9,36.1 / 121,35.8 / 119
13090,AZ,Pine,M,72,69.5,91.3,117,34.8,34.7,34.8,118,34.7,116,45.8,45.5,34.8 / 118,34.7 / 116
13090,AZ,Pine/Rust,M,72,68.2,89.0,112,34.0,34.2,34.0,114,34.2,110,44.6,44.4,34.0 / 114,34.2 / 110
13090,AZ,Rust,M,72,67.0,87.0,108,33.5,33.5,33.5,110,33.5,105,43.7,43.3,33.5 / 110,33.5 / 105
13090,AZ,Rust/Plum,M,72,64.3,83.1,101,32.3,32.0,32.3,103,32.0,99,41.9,41.2,32.3 / 103,32.0 / 99
13090,AZ,Plum,M,72,62.8,80.5,96,31.5,31.3,31.5,97,31.3,94,40.5,40.0,31.5 / 97,31.3 / 94
13090,AZ,Silver,M,72,60.2,76.8,89,30.1,30.1,30.1,90,30.1,88,38.5,38.3,30.1 / 90,30.1 / 88
13090,AZ,Black,F,72,78.3,110.2,136,39.2,39.1,39.2,135,39.1,136,55.1,55.1,39.2 / 135,39.1 / 136
13090,AZ,Pine,F,72,75.6,105.9,129,37.9,37.7,37.9,128,37.7,129,53.0,52.9,37.9 / 128,37.7 / 129
13090,AZ,Pine/Rust,F,72,73.9,103.3,125,36.9,37.0,36.9,124,37.0,126,51.5,51.8,36.9 / 124,37.0 / 126
13090,AZ,Rust,F,72,72.6,101.1,121,36.4,36.2,36.4,120,36.2,122,50.5,50.6,36.4 / 120,36.2 / 122
13090,AZ,Rust/Plum Combo,F,72,69.4,96.0,113,34.8,34.6,34.8,111,34.6,114,47.9,48.1,34.8 / 111,34.6 / 114
13090,AZ,Plum,F,72,67.3,93.2,110,33.6,33.7,33.6,109,33.7,111,46.4,46.8,33.6 / 109,33.7 / 111
13090,AZ,Silver,F,72,62.6,86.3,101,31.2,31.4,31.2,99,31.4,102,42.9,43.4,31.2 / 99,31.4 / 102
20723,AZ,Back,M,63,60.6,79.2,100,29.6,31.0,29.6,98,31.0,102,38.7,40.5,29.6 / 98,31.0 / 102
20723,AZ,Forward,M,63,58.4,75.9,94,28.6,29.8,28.6,90,29.8,98,37.0,38.9,28.6 / 90,29.8 / 98
20723,AZ,Family,M,63,55.1,71.1,86,26.4,28.7,26.4,77,28.7,95,33.6,37.5,26.4 / 77,28.7 / 95
20723,AZ,Back,F,63,63.0,87.4,104,30.1,32.9,30.1,101,32.9,106,42.0,45.4,30.1 / 101,32.9 / 106
20723,AZ,Forward,F,63,60.2,83.9,101,29.0,31.2,29.0,95,31.2,106,40.2,43.7,29.0 / 95,31.2 / 106
20838,AZ,Blue,M,70,70.8,94.2,126,35.4,35.4,35.4,126,35.4,126,47.1,47.1,35.4 / 126,35.4 / 126
20838,AZ,Blue/White Combo,M,70,69.2,91.8,122,34.6,34.6,34.6,122,34.6,122,45.9,45.9,34.6 / 122,34.6 / 122
20838,AZ,White,M,70,68.0,90.0,118,34.0,34.0,34.0,118,34.0,118,45.0,45.0,34.0 / 118,34.0 / 118
20838,AZ,White/Yellow Combo,M,70,66.2,88.0,117,33.1,33.1,33.1,117,33.1,117,44.0,44.0,33.1 / 117,33.1 / 117
20838,AZ,Yellow,M,70,65.0,86.4,115,32.5,32.5,32.5,115,32.5,115,43.2,43.2,32.5 / 115,32.5 / 115
20838,AZ,Yellow/Red Combo,M,70,63.8,84.6,112,31.9,31.9,31.9,112,31.9,112,42.3,42.3,31.9 / 112,31.9 / 112
20838,AZ,Red,M,70,62.8,83.0,109,31.4,31.4,31.4,109,31.4,109,41.5,41.5,31.4 / 109,31.4 / 109
20838,AZ,Red/Aqua Combo,M,70,61.4,81.2,107,30.7,30.7,30.7,107,30.7,107,40.6,40.6,30.7 / 107,30.7 / 107
20838,AZ,Aqua,M,70,59.8,79.0,103,29.9,29.9,29.9,103,29.9,103,39.5,39.5,29.9 / 103,29.9 / 103
20838,AZ,White,F,70,72.6,103.4,131,36.3,36.3,36.3,131,36.3,131,51.7,51.7,36.3 / 131,36.3 / 131
20838,AZ,Yellow,F,70,69.4,98.2,122,34.7,34.7,34.7,122,34.7,122,49.1,49.1,34.7 / 122,34.7 / 122
20838,AZ,Yellow/Red Combo,F,70,68.0,96.6,121,34.0,34.0,34.0,121,34.0,121,48.3,48.3,34.0 / 121,34.0 / 121
20838,AZ,Red,F,70,66.8,94.8,119,33.4,33.4,33.4,119,33.4,119,47.4,47.4,33.4 / 119,33.4 / 119
20838,AZ,Red/Aqua Combo,F,70,64.4,90.8,112,32.2,32.2,32.2,112,32.2,112,45.4,45.4,32.2 / 112,32.2 / 112
20838,AZ,Aqua,F,70,62.4,87.6,107,31.2,31.2,31.2,107,31.2,107,43.8,43.8,31.2 / 107,31.2 / 107
13041,AZ,Blue,M,71,70.7,94.4,128,35.4,35.3,35.4,126,35.3,129,47.1,47.3,35.4 / 126,35.3 / 129
13041,AZ,Blue/White Combo,M,71,69.3,92.4,125,34.6,34.7,34.6,122,34.7,127,45.9,46.5,34.6 / 122,34.7 / 127
13041,AZ,White,M,71,68.3,91.0,122,34.0,34.3,34.0,118,34.3,126,45.0,46.0,34.0 / 118,34.3 / 126
13041,AZ,White/Yellow Combo,M,71,67.1,89.3,120,33.1,34.0,33.1,117,34.0,122,44.0,45.3,33.1 / 117,34.0 / 122
13041,AZ,Yellow,M,71,65.8,87.6,117,32.5,33.3,32.5,115,33.3,119,43.2,44.4,32.5 / 115,33.3 / 119
13041,AZ,Yellow/Red Combo,M,71,64.6,85.9,115,31.9,32.7,31.9,112,32.7,117,42.3,43.6,31.9 / 112,32.7 / 117
13041,AZ,Red,M,71,63.6,84.3,112,31.4,32.2,31.4,109,32.2,114,41.5,42.8,31.4 / 109,32.2 / 114
13041,AZ,Red/Aqua Combo,M,71,62.0,82.0,108,30.7,31.3,30.7,107,31.3,109,40.6,41.4,30.7 / 107,31.3 / 109
13041,AZ,Aqua,M,71,60.0,79.2,103,29.9,30.1,29.9,103,30.1,103,39.5,39.7,29.9 / 103,30.1 / 103
13041,AZ,White,F,71,73.4,104.5,132,36.3,37.1,36.3,131,37.1,133,51.7,52.8,36.3 / 131,37.1 / 133
13041,AZ,White/Yellow Combo,F,71,72.0,102.2,128,35.5,36.5,35.5,125,36.5,131,50.2,52.0,35.5 / 125,36.5 / 131
13041,AZ,Yellow,F,71,70.6,100.1,125,34.7,35.9,34.7,122,35.9,128,49.1,51.0,34.7 / 122,35.9 / 128
13041,AZ,Yellow/Red Combo,F,71,69.3,98.2,123,34.0,35.3,34.0,121,35.3,124,48.3,49.9,34.0 / 121,35.3 / 124
13041,AZ,Red,F,71,68.1,96.6,121,33.4,34.7,33.4,119,34.7,123,47.4,49.2,33.4 / 119,34.7 / 123
13041,AZ,Red/Aqua Combo,F,71,65.7,92.7,115,32.2,33.5,32.2,112,33.5,117,45.4,47.3,32.2 / 112,33.5 / 117
13041,AZ,Aqua,F,71,63.2,88.9,109,31.2,32.0,31.2,107,32.0,111,43.8,45.1,31.2 / 107,32.0 / 111
32277,AZ,Blue,M,71,71.0,94.2,125,36.1,34.9,36.1,125,34.9,125,47.7,46.5,36.1 / 125,34.9 / 125
32277,AZ,White,M,71,68.5,91.0,122,34.6,33.9,34.6,121,33.9,122,45.8,45.2,34.6 / 121,33.9 / 122
32277,AZ,White/Yellow Combo,M,71,67.6,89.9,120,33.9,33.7,33.9,118,33.7,122,44.9,45.0,33.9 / 118,33.7 / 122
32277,AZ,Yellow,M,71,66.1,87.9,117,33.1,33.0,33.1,116,33.0,118,43.9,44.0,33.1 / 116,33.0 / 118
32277,AZ,White,F,71,74.2,105.4,132,37.4,36.8,37.4,132,36.8,132,53.0,52.4,37.4 / 132,36.8 / 132
32277,AZ,Yellow,F,71,71.7,101.0,125,35.9,35.8,35.9,124,35.8,125,50.5,50.5,35.9 / 124,35.8 / 125
32277,AZ,Yellow/Red Combo,F,71,70.4,99.3,123,35.1,35.3,35.1,122,35.3,123,49.5,49.8,35.1 / 122,35.3 / 123
32277,AZ,Red,F,71,68.9,97.2,120,34.5,34.4,34.5,118,34.4,122,48.4,48.8,34.5 / 118,34.4 / 122
32277,AZ,Red/Aqua Combo,F,71,66.0,93.2,115,32.7,33.3,32.7,114,33.3,116,46.2,47.0,32.7 / 114,33.3 / 116
32277,AZ,Aqua,F,71,63.7,89.7,110,31.8,31.9,31.8,111,31.9,109,44.9,44.8,31.8 / 111,31.9 / 109
20839,AZ,Blue,M,72,70.6,94.6,129,35.3,35.3,35.3,129,35.3,129,47.3,47.3,35.3 / 129,35.3 / 129
20839,AZ,Blue/White Combo,M,72,69.4,93.0,127,34.7,34.7,34.7,127,34.7,127,46.5,46.5,34.7 / 127,34.7 / 127
20839,AZ,White,M,72,68.6,92.0,126,34.3,34.3,34.3,126,34.3,126,46.0,46.0,34.3 / 126,34.3 / 126
20839,AZ,White/Yellow Combo,M,72,68.0,90.6,122,34.0,34.0,34.0,122,34.0,122,45.3,45.3,34.0 / 122,34.0 / 122
20839,AZ,Yellow,M,72,66.6,88.8,119,33.3,33.3,33.3,119,33.3,119,44.4,44.4,33.3 / 119,33.3 / 119
20839,AZ,Yellow/Red Combo,M,72,65.4,87.2,117,32.7,32.7,32.7,117,32.7,117,43.6,43.6,32.7 / 117,32.7 / 117
20839,AZ,Red,M,72,64.4,85.6,114,32.2,32.2,32.2,114,32.2,114,42.8,42.8,32.2 / 114,32.2 / 114
20839,AZ,Red/Aqua Combo,M,72,62.6,82.8,109,31.3,31.3,31.3,109,31.3,109,41.4,41.4,31.3 / 109,31.3 / 109
20839,AZ,Aqua,M,72,60.2,79.4,103,30.1,30.1,30.1,103,30.1,103,39.7,39.7,30.1 / 103,30.1 / 103
20839,AZ,White,F,72,74.2,105.6,133,37.1,37.1,37.1,133,37.1,133,52.8,52.8,37.1 / 133,37.1 / 133
20839,AZ,Yellow,F,72,71.8,102.0,128,35.9,35.9,35.9,128,35.9,128,51.0,51.0,35.9 / 128,35.9 / 128
20839,AZ,Yellow/Red Combo,F,72,70.6,99.8,124,35.3,35.3,35.3,124,35.3,124,49.9,49.9,35.3 / 124,35.3 / 124
20839,AZ,Red,F,72,69.4,98.4,123,34.7,34.7,34.7,123,34.7,123,49.2,49.2,34.7 / 123,34.7 / 123
20839,AZ,Red/Aqua Combo,F,72,67.0,94.6,117,33.5,33.5,33.5,117,33.5,117,47.3,47.3,33.5 / 117,33.5 / 117
20839,AZ,Aqua,F,72,64.0,90.2,111,32.0,32.0,32.0,111,32.0,111,45.1,45.1,32.0 / 111,32.0 / 111
13040,AZ,Blue,M,72,71.3,95.7,131,35.3,36.0,35.3,129,36.0,133,47.3,48.4,35.3 / 129,36.0 / 133
13040,AZ,Blue/White Combo,M,72,69.8,93.6,128,34.7,35.1,34.7,127,35.1,129,46.5,47.1,34.7 / 127,35.1 / 129
13040,AZ,White,M,72,69.1,92.7,127,34.3,34.8,34.3,126,34.8,128,46.0,46.7,34.3 / 126,34.8 / 128
13040,AZ,White/Yellow Combo,M,72,68.0,90.8,123,34.0,34.0,34.0,122,34.0,124,45.3,45.5,34.0 / 122,34.0 / 124
13040,AZ,Yellow,M,72,66.9,89.4,121,33.3,33.6,33.3,119,33.6,123,44.4,45.0,33.3 / 119,33.6 / 123
13040,AZ,Yellow/Red Combo,M,72,65.8,87.9,119,32.7,33.1,32.7,117,33.1,121,43.6,44.3,32.7 / 117,33.1 / 121
13040,AZ,Red,M,72,65.0,86.7,117,32.2,32.8,32.2,114,32.8,119,42.8,43.9,32.2 / 114,32.8 / 119
13040,AZ,Red/Aqua Combo,M,72,62.8,83.7,113,31.3,31.5,31.3,109,31.5,116,41.4,42.3,31.3 / 109,31.5 / 116
13040,AZ,Aqua,M,72,61.0,81.1,108,30.1,30.9,30.1,103,30.9,113,39.7,41.4,30.1 / 103,30.9 / 113
13040,AZ,White,F,72,74.7,106.4,135,37.1,37.6,37.1,133,37.6,136,52.8,53.6,37.1 / 133,37.6 / 136
13040,AZ,White/Yellow Combo,F,72,73.3,104.5,132,36.5,36.8,36.5,131,36.8,133,52.0,52.5,36.5 / 131,36.8 / 133
13040,AZ,Yellow,F,72,72.0,102.7,130,35.9,36.1,35.9,128,36.1,132,51.0,51.7,35.9 / 128,36.1 / 132
13040,AZ,Yellow/Red Combo,F,72,70.5,99.8,125,35.3,35.2,35.3,124,35.2,125,49.9,49.9,35.3 / 124,35.2 / 125
13040,AZ,Red,F,72,69.5,98.7,124,34.7,34.8,34.7,123,34.8,125,49.2,49.5,34.7 / 123,34.8 / 125
13040,AZ,Red/Aqua Combo,F,72,66.9,94.5,117,33.5,33.4,33.5,117,33.4,117,47.3,47.2,33.5 / 117,33.4 / 117
13040,AZ,Aqua,F,72,64.6,91.0,112,32.0,32.6,32.0,111,32.6,113,45.1,45.9,32.0 / 111,32.6 / 113
20840,AZ,Blue,M,72,72.0,96.8,133,36.0,36.0,36.0,133,36.0,133,48.4,48.4,36.0 / 133,36.0 / 133
20840,AZ,Blue/White Combo,M,72,70.2,94.2,129,35.1,35.1,35.1,129,35.1,129,47.1,47.1,35.1 / 129,35.1 / 129
20840,AZ,White,M,72,69.6,93.4,128,34.8,34.8,34.8,128,34.8,128,46.7,46.7,34.8 / 128,34.8 / 128
20840,AZ,White/Yellow Combo,M,72,68.0,91.0,124,34.0,34.0,34.0,124,34.0,124,45.5,45.5,34.0 / 124,34.0 / 124
20840,AZ,Yellow,M,72,67.2,90.0,123,33.6,33.6,33.6,123,33.6,123,45.0,45.0,33.6 / 123,33.6 / 123
20840,AZ,Yellow/Red Combo,M,72,66.2,88.6,121,33.1,33.1,33.1,121,33.1,121,44.3,44.3,33.1 / 121,33.1 / 121
20840,AZ,Red,M,72,65.7,87.9,119,32.8,32.9,32.8,119,32.9,119,43.9,44.0,32.8 / 119,32.9 / 119
20840,AZ,Red/Aqua Combo,M,72,63.0,84.6,116,31.5,31.5,31.5,116,31.5,116,42.3,42.3,31.5 / 116,31.5 / 116
20840,AZ,Aqua,M,72,61.8,82.8,113,30.9,30.9,30.9,113,30.9,113,41.4,41.4,30.9 / 113,30.9 / 113
20840,AZ,White,F,72,75.2,107.2,136,37.6,37.6,37.6,136,37.6,136,53.6,53.6,37.6 / 136,37.6 / 136
20840,AZ,Yellow,F,72,72.2,103.4,132,36.1,36.1,36.1,132,36.1,132,51.7,51.7,36.1 / 132,36.1 / 132
20840,AZ,Yellow/Red Combo,F,72,70.4,99.8,125,35.2,35.2,35.2,125,35.2,125,49.9,49.9,35.2 / 125,35.2 / 125
20840,AZ,Red,F,72,69.6,99.0,125,34.8,34.8,34.8,125,34.8,125,49.5,49.5,34.8 / 125,34.8 / 125
20840,AZ,Red/Aqua,F,72,66.8,94.4,117,33.4,33.4,33.4,117,33.4,117,47.2,47.2,33.4 / 117,33.4 / 117
20840,AZ,Aqua,F,72,65.2,91.8,113,32.6,32.6,32.6,113,32.6,113,45.9,45.9,32.6 / 113,32.6 / 113
13042,AZ,Blue,M,71,71.4,95.5,130,36.0,35.4,36.0,133,35.4,126,48.4,47.1,36.0 / 133,35.4 / 126
13042,AZ,Blue/White Combo,M,71,69.7,93.0,126,35.1,34.6,35.1,129,34.6,122,47.1,45.9,35.1 / 129,34.6 / 122
13042,AZ,White,M,71,68.8,91.7,123,34.8,34.0,34.8,128,34.0,118,46.7,45.0,34.8 / 128,34.0 / 118
13042,AZ,White/Yellow Combo,M,71,67.1,89.5,121,34.0,33.1,34.0,124,33.1,117,45.5,44.0,34.0 / 124,33.1 / 117
13042,AZ,Yellow,M,71,66.1,88.2,119,33.6,32.5,33.6,123,32.5,115,45.0,43.2,33.6 / 123,32.5 / 115
13042,AZ,Yellow/Red Combo,M,71,65.0,86.6,117,33.1,31.9,33.1,121,31.9,112,44.3,42.3,33.1 / 121,31.9 / 112
13042,AZ,Red,M,71,64.2,85.4,114,32.8,31.4,32.8,119,31.4,109,43.9,41.5,32.8 / 119,31.4 / 109
13042,AZ,Red/Aqua Combo,M,71,62.2,82.9,112,31.5,30.7,31.5,116,30.7,107,42.3,40.6,31.5 / 116,30.7 / 107
13042,AZ,Aqua,M,71,60.8,80.9,108,30.9,29.9,30.9,113,29.9,103,41.4,39.5,30.9 / 113,29.9 / 103
13042,AZ,White,F,71,73.9,105.3,134,37.6,36.3,37.6,136,36.3,131,53.6,51.7,37.6 / 136,36.3 / 131
13042,AZ,White/Yellow Combo,F,71,72.3,102.7,129,36.8,35.5,36.8,133,35.5,125,52.5,50.2,36.8 / 133,35.5 / 125
13042,AZ,Yellow,F,71,70.8,100.8,127,36.1,34.7,36.1,132,34.7,122,51.7,49.1,36.1 / 132,34.7 / 122
13042,AZ,Yellow/Red Combo,F,71,69.2,98.2,123,35.2,34.0,35.2,125,34.0,121,49.9,48.3,35.2 / 125,34.0 / 121
13042,AZ,Red,F,71,68.2,96.9,122,34.8,33.4,34.8,125,33.4,119,49.5,47.4,34.8 / 125,33.4 / 119
13042,AZ,Red/Aqua Combo,F,71,65.6,92.6,115,33.4,32.2,33.4,117,32.2,112,47.2,45.4,33.4 / 117,32.2 / 112
13042,AZ,Aqua,F,71,63.8,89.7,110,32.6,31.2,32.6,113,31.2,107,45.9,43.8,32.6 / 113,31.2 / 107
13333,AZ,Blue,M,71,71.3,94.8,129,35.2,36.1,35.2,133,36.1,125,47.6,47.7,35.2 / 133,36.1 / 125
13333,AZ,White,M,71,68.8,92.0,125,34.2,34.6,34.2,129,34.6,121,46.2,45.8,34.2 / 129,34.6 / 121
13333,AZ,White/Yellow Combo,M,71,67.3,89.8,121,33.4,33.9,33.4,124,33.9,118,44.9,44.9,33.4 / 124,33.9 / 118
13333,AZ,Yellow,M,71,65.9,88.1,120,32.8,33.1,32.8,123,33.1,116,44.2,43.9,32.8 / 123,33.1 / 116
13333,AZ,White,F,71,74.7,105.3,130,37.3,37.4,37.3,127,37.4,132,52.3,53.0,37.3 / 127,37.4 / 132
13333,AZ,Yellow,F,71,71.4,100.6,124,35.5,35.9,35.5,124,35.9,124,50.1,50.5,35.5 / 124,35.9 / 124
13333,AZ,Yellow/Red Combo,F,71,69.4,97.7,120,34.3,35.1,34.3,119,35.1,121,48.3,49.4,34.3 / 119,35.1 / 121
13333,AZ,Red,F,71,68.2,95.7,117,33.7,34.5,33.7,115,34.5,118,47.3,48.4,33.7 / 115,34.5 / 118
13333,AZ,Red/Aqua Combo,F,71,66.0,92.8,114,33.3,32.7,33.3,113,32.7,114,46.6,46.2,33.3 / 113,32.7 / 114
13333,AZ,Aqua,F,71,63.7,89.7,110,31.9,31.8,31.9,108,31.8,111,44.6,44.9,31.9 / 108,31.8 / 111
13039,AZ,Black,M,72,71.4,94.9,127,35.4,36.0,35.4,125,36.0,128,47.0,47.9,35.4 / 125,36.0 / 128
13039,AZ,Black/Pine,M,72,70.5,93.5,124,34.8,35.7,34.8,122,35.7,126,46.1,47.4,34.8 / 122,35.7 / 126
13039,AZ,Pine,M,72,69.7,92.1,121,34.6,35.1,34.6,118,35.1,123,45.6,46.5,34.6 / 118,35.1 / 123
13039,AZ,Long Combo,M,72,68.5,90.5,119,34.0,34.5,34.0,116,34.5,121,44.8,45.7,34.0 / 116,34.5 / 121
13039,AZ,Pine/Rust,M,72,67.6,88.9,115,33.7,33.9,33.7,114,33.9,115,44.3,44.6,33.7 / 114,33.9 / 115
13039,AZ,Rust,M,72,65.7,85.7,108,32.7,33.0,32.7,108,33.0,108,42.7,43.0,32.7 / 108,33.0 / 108
13039,AZ,Rust/Plum,M,72,64.8,84.1,105,32.3,32.5,32.3,103,32.5,106,41.8,42.3,32.3 / 103,32.5 / 106
13039,AZ,Plum,M,72,63.4,81.8,100,31.4,32.0,31.4,99,32.0,100,40.6,41.2,31.4 / 99,32.0 / 100
13039,AZ,Plum/Gold,M,72,61.2,78.9,96,30.7,30.5,30.7,95,30.5,96,39.5,39.4,30.7 / 95,30.5 / 96
13039,AZ,Gold,M,72,59.9,76.6,90,30.0,29.9,30.0,89,29.9,90,38.3,38.3,30.0 / 89,29.9 / 90
13039,AZ,Pine,F,72,75.4,108.2,139,37.6,37.8,37.6,141,37.8,137,54.2,54.0,37.6 / 141,37.8 / 137
13039,AZ,Long Combo,F,72,74.3,105.3,132,37.0,37.3,37.0,134,37.3,129,52.8,52.5,37.0 / 134,37.3 / 129
13039,AZ,Pine/Rust,F,72,73.4,103.6,129,36.8,36.6,36.8,131,36.6,126,52.2,51.4,36.8 / 131,36.6 / 126
13039,AZ,Rust,F,72,70.8,98.9,120,35.2,35.6,35.2,119,35.6,120,49.2,49.7,35.2 / 119,35.6 / 120
13039,AZ,Rust/Plum,F,72,69.5,96.2,114,34.6,34.9,34.6,119,34.9,108,48.6,47.6,34.6 / 119,34.9 / 108
13039,AZ,Plum,F,72,68.6,94.1,110,34.1,34.5,34.1,110,34.5,109,46.9,47.2,34.1 / 110,34.5 / 109
13039,AZ,NEW Plum/Gold,F,72,65.7,90.2,104,32.4,33.3,32.4,103,33.3,104,44.6,45.6,32.4 / 103,33.3 / 104
13039,AZ,OLD Plum/Gold,F,72,65.7,90.2,104,32.7,33.0,32.7,107,33.0,101,45.3,44.9,32.7 / 107,33.0 / 101
13039,AZ,Gold,F,72,63.4,87.1,101,31.9,31.5,31.9,101,31.5,100,43.8,43.3,31.9 / 101,31.5 / 100
20810,AZ,Champion,M,72,71.0,93.0,118,34.8,36.2,34.8,118,36.2,118,45.8,47.2,34.8 / 118,36.2 / 118
20810,AZ,Regular,M,72,67.5,88.1,111,33.1,34.4,33.1,111,34.4,111,43.4,44.7,33.1 / 111,34.4 / 111
20810,AZ,Senior,M,72,65.5,85.3,107,32.3,33.2,32.3,107,33.2,107,42.2,43.1,32.3 / 107,33.2 / 107
20810,AZ,Forward,M,72,63.9,83.7,107,31.5,32.4,31.5,107,32.4,107,41.4,42.3,31.5 / 107,32.4 / 107
20810,AZ,Regular,F,72,70.8,98.2,116,34.7,36.1,34.7,116,36.1,116,48.4,49.8,34.7 / 116,36.1 / 116
20810,AZ,Forward,F,72,68.3,95.2,114,33.5,34.8,33.5,114,34.8,114,46.9,48.3,33.5 / 114,34.8 / 114
13176,AZ,Black,M,72,71.6,96.6,135,35.5,36.1,35.5,132,36.1,137,47.8,48.8,35.5 / 132,36.1 / 137
13176,AZ,Blue,M,72,69.7,92.9,125,34.6,35.1,34.6,124,35.1,126,46.1,46.8,34.6 / 124,35.1 / 126
13176,AZ,White,M,72,67.5,89.5,119,33.6,33.9,33.6,116,33.9,121,44.4,45.1,33.6 / 116,33.9 / 121
13176,AZ,Combo,M,72,65.7,87.0,115,32.7,33.0,32.7,112,33.0,117,43.1,43.9,32.7 / 112,33.0 / 117
13176,AZ,Red,M,72,64.1,84.5,110,31.8,32.3,31.8,110,32.3,110,42.0,42.5,31.8 / 110,32.3 / 110
13176,AZ,White,F,72,73.5,104.3,131,36.1,37.4,36.1,132,37.4,129,51.7,52.6,36.1 / 132,37.4 / 129
13176,AZ,Red/White Combo,F,72,71.2,100.6,125,35.0,36.2,35.0,122,36.2,127,49.4,51.2,35.0 / 122,36.2 / 127
13176,AZ,Red,F,72,69.9,98.6,122,34.5,35.4,34.5,117,35.4,126,48.3,50.3,34.5 / 117,35.4 / 126
13294,AZ,Black,M,72,71.6,94.3,123,36.3,35.3,36.3,124,35.3,121,47.8,46.5,36.3 / 124,35.3 / 121
13294,AZ,Blue,M,72,69.3,91.5,120,35.1,34.2,35.1,122,34.2,117,46.4,45.1,35.1 / 122,34.2 / 117
13294,AZ,White,M,72,67.8,89.5,117,34.0,33.8,34.0,118,33.8,115,45.0,44.5,34.0 / 118,33.8 / 115
13294,AZ,Red,M,72,65.3,86.2,113,32.7,32.6,32.7,114,32.6,111,43.3,42.9,32.7 / 114,32.6 / 111
13294,AZ,White,F,72,73.8,103.6,127,37.2,36.6,37.2,126,36.6,127,52.0,51.6,37.2 / 126,36.6 / 127
13294,AZ,Red,F,72,70.6,98.9,120,35.6,35.0,35.6,118,35.0,122,49.5,49.4,35.6 / 118,35.0 / 122
13228,AZ,Black,M,72,73.3,97.7,132,36.6,36.7,36.6,136,36.7,127,49.2,48.5,36.6 / 136,36.7 / 127
13228,AZ,Copper,M,72,70.7,94.3,127,35.4,35.3,35.4,128,35.3,126,47.3,47.0,35.4 / 128,35.3 / 126
13228,AZ,White,M,72,68.6,90.7,119,34.2,34.4,34.2,119,34.4,118,45.3,45.4,34.2 / 119,34.4 / 118
13228,AZ,Jade,M,72,66.3,87.7,115,33.0,33.3,33.0,115,33.3,115,43.7,44.0,33.0 / 115,33.3 / 115
13228,AZ,Silver,M,72,64.1,84.6,111,31.8,32.3,31.8,110,32.3,111,42.0,42.6,31.8 / 110,32.3 / 111
13228,AZ,Yellow,M,72,58.4,76.4,97,29.4,29.0,29.4,97,29.0,97,38.4,38.0,29.4 / 97,29.0 / 97
13228,AZ,Jade,F,72,70.9,100.4,125,35.1,35.8,35.1,124,35.8,126,49.7,50.7,35.1 / 124,35.8 / 126
13228,AZ,Silver,F,72,68.0,96.0,119,33.6,34.4,33.6,117,34.4,120,47.4,48.6,33.6 / 117,34.4 / 120
13228,AZ,Yellow,F,72,59.8,83.2,100,29.8,30.0,29.8,98,30.0,102,41.2,42.0,29.8 / 98,30.0 / 102
13292,AZ,Black,M,72,73.1,97.4,131,37.5,35.6,37.5,125,35.6,137,49.1,48.3,37.5 / 125,35.6 / 137
13292,AZ,Blue,M,72,70.6,93.4,123,36.1,34.5,36.1,118,34.5,127,47.1,46.3,36.1 / 118,34.5 / 127
13292,AZ,White,M,72,68.2,89.8,116,34.6,33.6,34.6,115,33.6,117,45.3,44.5,34.6 / 115,33.6 / 117
13292,AZ,White/Gold Combo,M,72,67.4,88.1,112,34.2,33.2,34.2,110,33.2,113,44.4,43.7,34.2 / 110,33.2 / 113
13292,AZ,Gold,M,72,66.1,85.7,106,33.3,32.8,33.3,104,32.8,107,43.0,42.7,33.3 / 104,32.8 / 107
13292,AZ,Red,M,72,64.9,84.0,103,32.7,32.2,32.7,102,32.2,103,42.2,41.8,32.7 / 102,32.2 / 103
13292,AZ,Red/Junior Combo,M,72,60.5,77.6,92,30.7,29.8,30.7,91,29.8,93,39.2,38.4,30.7 / 91,29.8 / 93
13292,AZ,Junior,M,72,57.5,73.4,86,29.2,28.3,29.2,85,28.3,86,37.1,36.3,29.2 / 85,28.3 / 86
13292,AZ,White,F,72,74.8,106.1,133,37.9,36.9,37.9,132,36.9,133,53.5,52.6,37.9 / 132,36.9 / 133
13292,AZ,White/Gold Combo,F,72,72.5,102.3,127,36.7,35.8,36.7,127,35.8,126,51.7,50.6,36.7 / 127,35.8 / 126
13292,AZ,Gold,F,72,70.7,99.1,121,35.6,35.1,35.6,121,35.1,120,49.9,49.2,35.6 / 121,35.1 / 120
13292,AZ,Red,F,72,69.6,96.8,116,35.0,34.6,35.0,114,34.6,117,48.4,48.4,35.0 / 114,34.6 / 117
13292,AZ,Red/Junior Combo,F,72,63.0,87.0,102,32.3,30.7,32.3,102,30.7,102,44.3,42.7,32.3 / 102,30.7 / 102
13292,AZ,Junior,F,72,59.1,81.1,93,30.0,29.1,30.0,92,29.1,94,40.9,40.2,30.0 / 92,29.1 / 94
13171,AZ,One,M,72,75.3,102.3,145,37.9,37.4,37.9,146,37.4,144,51.5,50.8,37.9 / 146,37.4 / 144
13171,AZ,One/Two,M,72,74.0,100.6,143,37.2,36.8,37.2,143,36.8,143,50.5,50.1,37.2 / 143,36.8 / 143
13171,AZ,Two,M,72,72.7,98.6,140,36.7,36.0,36.7,142,36.0,137,49.9,48.7,36.7 / 142,36.0 / 137
13171,AZ,Two/Three,M,72,71.4,96.8,137,35.8,35.6,35.8,139,35.6,135,48.7,48.1,35.8 / 139,35.6 / 135
13171,AZ,Three,M,72,70.2,94.7,132,35.2,35.0,35.2,133,35.0,130,47.6,47.1,35.2 / 133,35.0 / 130
13171,AZ,Three/Four,M,72,68.5,92.2,128,34.5,34.0,34.5,130,34.0,125,46.6,45.6,34.5 / 130,34.0 / 125
13171,AZ,Four,M,72,67.3,90.5,125,33.8,33.5,33.8,127,33.5,123,45.6,44.9,33.8 / 127,33.5 / 123
13171,AZ,Four/Five,M,72,65.4,87.9,121,32.9,32.5,32.9,123,32.5,119,44.3,43.6,32.9 / 123,32.5 / 119
13171,AZ,Five,M,72,63.9,85.9,119,32.3,31.6,32.3,121,31.6,116,43.5,42.4,32.3 / 121,31.6 / 116
13171,AZ,Five/Six,M,72,62.8,84.1,115,31.9,30.9,31.9,118,30.9,111,42.9,41.2,31.9 / 118,30.9 / 111
13171,AZ,Three,F,72,77.3,112.6,150,38.9,38.4,38.9,152,38.4,148,56.8,55.8,38.9 / 152,38.4 / 148
13171,AZ,Three/Four,F,72,75.0,108.9,144,37.6,37.4,37.6,144,37.4,143,54.6,54.3,37.6 / 144,37.4 / 143
13171,AZ,Four,F,72,73.9,106.8,140,37.1,36.8,37.1,140,36.8,139,53.6,53.2,37.1 / 140,36.8 / 139
13171,AZ,Four/Five,F,72,71.9,103.6,135,36.1,35.8,36.1,135,35.8,134,52.0,51.6,36.1 / 135,35.8 / 134
13171,AZ,Five,F,72,69.8,99.5,126,35.2,34.6,35.2,127,34.6,125,50.2,49.3,35.2 / 127,34.6 / 125
13171,AZ,Five/Six,F,72,67.7,96.1,121,34.9,32.8,34.9,125,32.8,116,49.6,46.5,34.9 / 125,32.8 / 116
26080,AZ,X-TEE,M,72,74.1,100.1,140,37.9,36.2,37.9,143,36.2,137,51.2,48.9,37.9 / 143,36.2 / 137
26080,AZ,ONE,M,72,73.3,98.5,136,37.1,36.2,37.1,138,36.2,133,49.9,48.6,37.1 / 138,36.2 / 133
26080,AZ,One/Two,M,72,72.1,97.0,134,36.2,35.9,36.2,137,35.9,131,48.9,48.1,36.2 / 137,35.9 / 131
26080,AZ,TWO,M,72,71.4,95.9,132,35.9,35.5,35.9,135,35.5,129,48.4,47.5,35.9 / 135,35.5 / 129
26080,AZ,Two/Three,M,72,69.7,93.4,128,35.0,34.7,35.0,132,34.7,123,47.3,46.1,35.0 / 132,34.7 / 123
26080,AZ,THREE,M,72,68.8,92.0,125,34.5,34.3,34.5,129,34.3,121,46.5,45.5,34.5 / 129,34.3 / 121
26080,AZ,Three/Four,M,72,67.8,90.4,122,34.3,33.5,34.3,126,33.5,117,46.0,44.4,34.3 / 126,33.5 / 117
26080,AZ,FOUR,M,72,66.3,88.2,118,33.2,33.1,33.2,121,33.1,115,44.4,43.8,33.2 / 121,33.1 / 115
26080,AZ,FIVE,M,72,63.1,83.5,110,31.6,31.5,31.6,109,31.5,111,41.7,41.8,31.6 / 109,31.5 / 111
26080,AZ,SIX,M,72,61.8,81.5,106,31.2,30.6,31.2,105,30.6,107,41.0,40.5,31.2 / 105,30.6 / 107
26080,AZ,ONE,F,72,80.3,114.7,146,40.4,39.9,40.4,149,39.9,142,58.0,56.7,40.4 / 149,39.9 / 142
26080,AZ,TWO,F,72,78.2,111.5,141,39.1,39.1,39.1,143,39.1,139,56.0,55.5,39.1 / 143,39.1 / 139
26080,AZ,THREE,F,72,75.2,107.1,135,37.8,37.4,37.8,138,37.4,132,54.1,53.0,37.8 / 138,37.4 / 132
26080,AZ,Three/Four,F,72,73.9,105.0,132,37.3,36.6,37.3,135,36.6,129,53.2,51.8,37.3 / 135,36.6 / 129
26080,AZ,Four,F,72,72.0,101.6,126,36.0,36.0,36.0,128,36.0,123,51.1,50.5,36.0 / 128,36.0 / 123
26080,AZ,Five,F,72,67.8,95.9,119,33.9,33.9,33.9,122,33.9,116,48.3,47.6,33.9 / 122,33.9 / 116
26080,AZ,SIX,F,72,66.4,93.6,116,33.4,33.0,33.4,122,33.0,109,47.8,45.8,33.4 / 122,33.0 / 109
13258,AZ,Gold,M,70,67.8,88.9,114,34.0,33.8,34.0,113,33.8,114,44.5,44.4,34.0 / 113,33.8 / 114
13258,AZ,White,M,70,65.3,84.9,106,32.7,32.6,32.7,103,32.6,108,42.3,42.6,32.7 / 103,32.6 / 108
13258,AZ,Green,M,70,63.7,82.6,102,32.0,31.7,32.0,99,31.7,104,41.2,41.4,32.0 / 99,31.7 / 104
13258,AZ,Red,M,70,62.4,80.3,97,31.3,31.1,31.3,96,31.1,97,40.2,40.1,31.3 / 96,31.1 / 97
13258,AZ,White,F,70,70.1,97.3,115,35.0,35.1,35.0,114,35.1,116,48.5,48.8,35.0 / 114,35.1 / 116
13258,AZ,Green,F,70,68.0,94.4,112,34.2,33.8,34.2,114,33.8,110,47.6,46.8,34.2 / 114,33.8 / 110
13258,AZ,Red,F,70,66.4,91.5,107,33.6,32.8,33.6,107,32.8,106,46.2,45.3,33.6 / 107,32.8 / 106
13081,AZ,Blue,M,71,70.8,95.3,132,36.7,34.1,36.7,133,34.1,130,49.1,46.2,36.7 / 133,34.1 / 130
13081,AZ,White,M,71,68.3,91.4,125,35.4,32.9,35.4,127,32.9,122,47.2,44.2,35.4 / 127,32.9 / 122
13081,AZ,Gold,M,71,66.3,88.2,118,34.1,32.2,34.1,122,32.2,114,45.4,42.8,34.1 / 122,32.2 / 114
13081,AZ,Red,M,71,64.0,84.8,112,32.9,31.1,32.9,115,31.1,109,43.6,41.2,32.9 / 115,31.1 / 109
13081,AZ,Family Tee,M,71,56.1,73.4,93,29.5,26.6,29.5,99,26.6,87,38.7,34.7,29.5 / 99,26.6 / 87
13081,AZ,White,F,71,75.1,108.0,140,39.2,35.9,39.2,146,35.9,133,56.4,51.6,39.2 / 146,35.9 / 133
13081,AZ,Gold,F,71,71.3,102.8,134,37.1,34.2,37.1,141,34.2,126,53.7,49.1,37.1 / 141,34.2 / 126
13081,AZ,Red,F,71,68.3,98.0,126,35.6,32.7,35.6,130,32.7,122,50.9,47.1,35.6 / 130,32.7 / 122
13081,AZ,Family,F,71,57.4,78.8,91,29.8,27.6,29.8,102,27.6,80,41.8,37.0,29.8 / 102,27.6 / 80
13033,AZ,Weiskopf,M,71,71.8,98.1,142,35.2,36.6,35.2,141,36.6,142,48.3,49.8,35.2 / 141,36.6 / 142
13033,AZ,Weiskopf/Member,M,71,70.6,96.4,139,34.7,35.9,34.7,140,35.9,138,47.7,48.7,34.7 / 140,35.9 / 138
13033,AZ,Member,M,71,70.0,95.3,136,34.4,35.6,34.4,133,35.6,139,46.8,48.5,34.4 / 133,35.6 / 139
13033,AZ,Member/Regular,M,71,68.6,93.0,131,33.9,34.7,33.9,130,34.7,132,46.0,47.0,33.9 / 130,34.7 / 132
13033,AZ,Regular,M,71,67.7,91.0,126,33.4,34.3,33.4,124,34.3,127,44.9,46.1,33.4 / 124,34.3 / 127
13033,AZ,Regular/Forward,M,71,65.2,87.4,120,32.6,32.6,32.6,121,32.6,118,43.8,43.6,32.6 / 121,32.6 / 118
13033,AZ,Forward,M,71,63.6,85.2,116,31.8,31.8,31.8,116,31.8,116,42.6,42.6,31.8 / 116,31.8 / 116
13033,AZ,Member,F,71,76.0,113.0,155,37.4,38.6,37.4,155,38.6,155,56.0,57.0,37.4 / 155,38.6 / 155
13033,AZ,Member/Regular,F,71,74.0,110.5,155,36.9,37.1,36.9,154,37.1,155,55.1,55.4,36.9 / 154,37.1 / 155
13033,AZ,Regular,F,71,72.5,107.7,150,35.9,36.6,35.9,148,36.6,151,53.3,54.4,35.9 / 148,36.6 / 151
13033,AZ,Forward/Regular,F,71,69.4,100.9,134,34.9,34.5,34.9,132,34.5,135,50.5,50.4,34.9 / 132,34.5 / 135
13033,AZ,Forward,F,71,67.8,96.9,124,34.0,33.8,34.0,123,33.8,124,48.5,48.4,34.0 / 123,33.8 / 124
13170,AZ,Black,M,72,72.5,95.2,123,36.6,35.9,36.6,122,35.9,123,47.9,47.3,36.6 / 122,35.9 / 123
13170,AZ,Black/Gold,M,72,71.4,93.7,120,36.1,35.3,36.1,119,35.3,121,47.2,46.5,36.1 / 119,35.3 / 121
13170,AZ,Gold,M,72,70.5,92.3,117,35.5,35.0,35.5,117,35.0,117,46.4,45.9,35.5 / 117,35.0 / 117
13170,AZ,Gold/Blue,M,72,69.5,90.7,114,35.0,34.5,35.0,113,34.5,115,45.5,45.2,35.0 / 113,34.5 / 115
13170,AZ,Blue,M,72,68.4,89.2,112,34.5,33.9,34.5,111,33.9,113,44.8,44.4,34.5 / 111,33.9 / 113
13170,AZ,Blue/White,M,72,67.5,87.8,110,34.1,33.4,34.1,108,33.4,111,44.1,43.7,34.1 / 108,33.4 / 111
13170,AZ,White,M,72,66.5,86.5,108,33.6,32.9,33.6,107,32.9,109,43.5,43.0,33.6 / 107,32.9 / 109
13170,AZ,White/Green,M,72,65.5,85.0,105,33.1,32.4,33.1,104,32.4,105,42.8,42.2,33.1 / 104,32.4 / 105
13170,AZ,Green,M,72,64.6,83.6,102,32.5,32.1,32.5,101,32.1,103,41.9,41.7,32.5 / 101,32.1 / 103
13170,AZ,Seve,M,72,58.0,74.8,91,29.2,28.8,29.2,93,28.8,88,37.8,37.0,29.2 / 93,28.8 / 88
13170,AZ,Blue,F,72,74.7,104.8,128,37.8,36.9,37.8,127,36.9,128,52.8,52.0,37.8 / 127,36.9 / 128
13170,AZ,Blue/White,F,72,73.6,103.1,126,37.4,36.2,37.4,125,36.2,126,52.1,51.0,37.4 / 125,36.2 / 126
13170,AZ,White,F,72,72.1,101.0,123,36.6,35.5,36.6,121,35.5,124,50.9,50.1,36.6 / 121,35.5 / 124
13170,AZ,White/Green,F,72,71.0,98.5,117,35.9,35.1,35.9,115,35.1,118,49.5,49.0,35.9 / 115,35.1 / 118
13170,AZ,Green,F,72,69.7,96.3,113,35.2,34.5,35.2,111,34.5,114,48.3,48.0,35.2 / 111,34.5 / 114
13170,AZ,Seve,F,72,59.6,81.4,93,29.8,29.8,29.8,91,29.8,94,40.5,40.9,29.8 / 91,29.8 / 94
23609,AZ,Onyx,M,72,73.6,98.9,137,36.0,37.6,36.0,136,37.6,137,48.6,50.3,36.0 / 136,37.6 / 137
23609,AZ,Ruby,M,72,71.0,95.6,132,34.8,36.2,34.8,132,36.2,132,47.1,48.5,34.8 / 132,36.2 / 132
23609,AZ,Ruby/Jade,M,72,69.9,93.3,126,34.6,35.3,34.6,124,35.3,128,46.1,47.2,34.6 / 124,35.3 / 128
23609,AZ,Jade,M,72,68.9,91.9,124,34.0,34.9,34.0,122,34.9,126,45.3,46.6,34.0 / 122,34.9 / 126
23609,AZ,Opal,M,72,66.3,87.5,114,32.6,33.7,32.6,112,33.7,116,43.0,44.5,32.6 / 112,33.7 / 116
23609,AZ,Opal/Copper,M,72,64.9,84.9,108,32.0,32.9,32.0,104,32.9,111,41.7,43.2,32.0 / 104,32.9 / 111
23609,AZ,Copper,M,72,63.0,82.0,102,31.0,32.0,31.0,101,32.0,103,40.4,41.6,31.0 / 101,32.0 / 103
23609,AZ,Ruby,F,72,77.0,111.8,148,37.7,39.3,37.7,146,39.3,149,54.9,56.9,37.7 / 146,39.3 / 149
23609,AZ,Ruby/Jade,F,72,75.2,109.0,144,37.1,38.1,37.1,142,38.1,145,53.8,55.2,37.1 / 142,38.1 / 145
23609,AZ,Jade,F,72,74.0,107.0,140,36.6,37.4,36.6,139,37.4,141,53.0,54.0,36.6 / 139,37.4 / 141
23609,AZ,Opal,F,72,71.5,103.2,135,35.2,36.3,35.2,131,36.3,138,50.6,52.6,35.2 / 131,36.3 / 138
23609,AZ,Opal/Copper,F,72,69.3,99.2,128,34.5,34.8,34.5,126,34.8,129,49.2,50.0,34.5 / 126,34.8 / 129
23609,AZ,Copper,F,72,67.3,95.3,119,33.2,34.1,33.2,115,34.1,122,46.8,48.5,33.2 / 115,34.1 / 122
13191,AZ,Blue,M,72,74.0,98.7,133,36.4,37.6,36.4,132,37.6,133,48.7,50.0,36.4 / 132,37.6 / 133
13191,AZ,Blue/White,M,72,72.9,97.0,130,36.0,36.9,36.0,129,36.9,130,48.0,49.0,36.0 / 129,36.9 / 130
13191,AZ,White,M,72,71.7,94.9,125,35.5,36.2,35.5,124,36.2,126,47.0,47.9,35.5 / 124,36.2 / 126
13191,AZ,Green,M,72,69.8,92.2,121,34.4,35.4,34.4,119,35.4,122,45.5,46.7,34.4 / 119,35.4 / 122
13191,AZ,Gold,M,72,67.7,89.5,117,33.3,34.4,33.3,117,34.4,117,44.2,45.3,33.3 / 117,34.4 / 117
13191,AZ,Red,M,72,67.4,88.9,116,33.2,34.2,33.2,115,34.2,116,43.9,45.0,33.2 / 115,34.2 / 116
13191,AZ,Silver,M,70,60.8,79.2,99,30.5,30.3,30.5,102,30.3,96,40.0,39.2,30.5 / 102,30.3 / 96
13191,AZ,White,F,74,79.1,113.0,144,39.1,40.0,39.1,143,40.0,144,56.0,57.0,39.1 / 143,40.0 / 144
13191,AZ,Green,F,74,76.8,109.1,137,37.7,39.1,37.7,135,39.1,139,53.6,55.5,37.7 / 135,39.1 / 139
13191,AZ,Gold,F,74,73.0,103.3,129,35.8,37.2,35.8,127,37.2,130,50.8,52.5,35.8 / 127,37.2 / 130
13191,AZ,Red,F,74,72.8,102.9,128,35.7,37.1,35.7,127,37.1,128,50.7,52.2,35.7 / 127,37.1 / 128
13191,AZ,Red/Silver,F,71,68.9,97.1,120,34.9,34.0,34.9,123,34.0,116,49.4,47.7,34.9 / 123,34.0 / 116
13191,AZ,Silver,F,70,63.4,89.6,111,32.6,30.8,32.6,116,30.8,106,46.3,43.3,32.6 / 116,30.8 / 106
13249,AZ,Blue,M,70,71.6,94.6,124,36.2,35.4,36.2,126,35.4,122,47.9,46.7,36.2 / 126,35.4 / 122
13249,AZ,Blue/White,M,70,70.3,93.0,123,35.3,35.0,35.3,123,35.0,122,46.7,46.3,35.3 / 123,35.0 / 122
13249,AZ,White,M,70,68.9,91.3,121,34.6,34.3,34.6,122,34.3,119,45.9,45.4,34.6 / 122,34.3 / 119
13249,AZ,White/Yellow,M,70,67.7,89.7,118,34.3,33.4,34.3,119,33.4,117,45.4,44.3,34.3 / 119,33.4 / 117
13249,AZ,Yellow,M,70,66.7,87.9,114,33.8,32.9,33.8,116,32.9,112,44.6,43.3,33.8 / 116,32.9 / 112
13249,AZ,Yellow/Red,M,70,65.4,85.7,110,33.2,32.2,33.2,112,32.2,107,43.6,42.1,33.2 / 112,32.2 / 107
13249,AZ,Red,M,70,63.7,83.2,105,32.4,31.3,32.4,107,31.3,103,42.3,40.9,32.4 / 107,31.3 / 103
13249,AZ,White,F,70,74.9,105.8,131,37.5,37.4,37.5,132,37.4,130,53.1,52.7,37.5 / 132,37.4 / 130
13249,AZ,White/Yellow,F,70,73.2,102.9,126,36.9,36.3,36.9,128,36.3,123,52.1,50.8,36.9 / 128,36.3 / 123
13249,AZ,Yellow,F,70,72.1,100.7,122,36.4,35.7,36.4,125,35.7,118,51.1,49.6,36.4 / 125,35.7 / 118
13249,AZ,Yellow/Red,F,70,71.2,99.0,118,35.8,35.4,35.8,119,35.4,117,49.8,49.2,35.8 / 119,35.4 / 117
13249,AZ,Red,F,70,68.6,95.0,112,34.9,33.7,34.9,117,33.7,107,48.7,46.3,34.9 / 117,33.7 / 107
13183,AZ,Pink,M,72,75.1,102.8,149,36.7,38.4,36.7,146,38.4,152,50.3,52.5,36.7 / 146,38.4 / 152
13183,AZ,Pink/Black,M,72,73.7,101.0,147,36.0,37.7,36.0,144,37.7,150,49.4,51.6,36.0 / 144,37.7 / 150
13183,AZ,Black,M,72,72.6,98.9,142,35.5,37.1,35.5,136,37.1,147,48.1,50.8,35.5 / 136,37.1 / 147
13183,AZ,Black/Blue,M,72,71.4,97.2,139,35.0,36.4,35.0,135,36.4,143,47.5,49.7,35.0 / 135,36.4 / 143
13183,AZ,Blue,M,72,70.3,95.7,137,34.3,36.0,34.3,131,36.0,142,46.5,49.2,34.3 / 131,36.0 / 142
13183,AZ,Blue/White,M,72,68.9,93.1,130,34.0,34.9,34.0,128,34.9,132,45.9,47.2,34.0 / 128,34.9 / 132
13183,AZ,White,M,72,67.6,91.1,127,33.4,34.2,33.4,124,34.2,129,44.9,46.2,33.4 / 124,34.2 / 129
13183,AZ,White/Red,M,72,65.9,87.8,118,32.4,33.5,32.4,118,33.5,117,43.4,44.4,32.4 / 118,33.5 / 117
13183,AZ,Red,M,72,64.6,85.3,112,31.7,32.9,31.7,113,32.9,110,42.2,43.1,31.7 / 113,32.9 / 110
13183,AZ,White,F,72,73.5,105.6,136,36.3,37.2,36.3,133,37.2,139,52.0,53.6,36.3 / 133,37.2 / 139
13183,AZ,White/Red,F,72,71.0,101.6,130,35.1,35.9,35.1,127,35.9,132,50.1,51.5,35.1 / 127,35.9 / 132
13183,AZ,Red,F,72,69.4,98.0,121,34.2,35.2,34.2,120,35.2,122,48.4,49.6,34.2 / 120,35.2 / 122
13004,AZ,Black,M,71,68.8,91.5,123,33.7,35.1,33.7,121,35.1,124,44.9,46.6,33.7 / 121,35.1 / 124
13004,AZ,Black/Blue,M,71,68.1,90.5,121,33.2,34.9,33.2,119,34.9,122,44.3,46.2,33.2 / 119,34.9 / 122
13004,AZ,Blue,M,71,67.2,89.1,118,33.0,34.2,33.0,117,34.2,118,43.9,45.2,33.0 / 117,34.2 / 118
13004,AZ,Blue/Silver,M,71,66.4,87.7,115,32.7,33.7,32.7,114,33.7,115,43.3,44.4,32.7 / 114,33.7 / 115
13004,AZ,Silver,M,71,64.8,85.4,111,31.7,33.1,31.7,109,33.1,113,41.8,43.6,31.7 / 109,33.1 / 113
13004,AZ,Gold,M,71,62.6,82.6,108,30.9,31.7,30.9,107,31.7,109,40.8,41.8,30.9 / 107,31.7 / 109
13004,AZ,Silver,F,72,70.3,100.3,128,34.4,35.9,34.4,126,35.9,129,49.2,51.1,34.4 / 126,35.9 / 129
13004,AZ,Combo,F,71,69.0,98.2,124,34.2,34.8,34.2,123,34.8,125,48.7,49.5,34.2 / 123,34.8 / 125
13004,AZ,Gold,F,71,67.9,95.4,117,33.7,34.2,33.7,114,34.2,119,47.2,48.2,33.7 / 114,34.2 / 119
20825,AZ,Blue,M,36,34.2,45.1,117,34.2,,34.2,117,,,45.1,,34.2 / 117,/
20825,AZ,White,M,36,33.3,43.4,109,33.3,,33.3,109,,,43.4,,33.3 / 109,/
20825,AZ,Red,M,36,31.6,40.4,95,31.6,,31.6,95,,,40.4,,31.6 / 95,/
20825,AZ,White,F,36,35.3,50.1,126,35.3,,35.3,126,,,50.1,,35.3 / 126,/
20825,AZ,Red,F,36,33.8,48.1,121,33.8,,33.8,121,,,48.1,,33.8 / 121,/
13230,AZ,Blue,M,72,67.9,89.8,118,33.1,34.8,33.1,116,34.8,119,43.9,45.9,33.1 / 116,34.8 / 119
13230,AZ,White,M,72,65.7,86.6,113,32.4,33.3,32.4,110,33.3,115,42.6,44.0,32.4 / 110,33.3 / 115
13230,AZ,Red,M,72,62.0,81.3,104,30.7,31.3,30.7,102,31.3,105,40.2,41.1,30.7 / 102,31.3 / 105
13230,AZ,White Combination,M,36,33.4,44.1,115,33.4,,33.4,115,,,44.1,,33.4 / 115,/
13230,AZ,White 9,F,72,71.0,100.6,126,35.5,35.5,35.5,126,35.5,126,50.3,50.3,35.5 / 126,35.5 / 126
13230,AZ,White,F,72,70.1,101.3,133,34.6,35.5,34.6,128,35.5,137,49.7,51.6,34.6 / 128,35.5 / 137
13230,AZ,Red 9,F,72,67.4,96.0,121,33.7,33.7,33.7,121,33.7,121,48.0,48.0,33.7 / 121,33.7 / 121
13230,AZ,Red,F,72,66.7,94.5,118,33.0,33.7,33.0,117,33.7,119,46.8,47.7,33.0 / 117,33.7 / 119
13230,AZ,Red/Yellow Combo,F,72,65.1,91.5,112,31.7,33.4,31.7,108,33.4,116,44.4,47.1,31.7 / 108,33.4 / 116
13055,AZ,Purple,M,61,60.3,78.0,96,30.8,29.5,30.8,95,29.5,96,39.6,38.4,30.8 / 95,29.5 / 96
13055,AZ,White,M,61,59.2,75.9,90,30.1,29.1,30.1,93,29.1,87,38.7,37.2,30.1 / 93,29.1 / 87
13055,AZ,Green,M,61,57.4,73.5,87,29.4,28.0,29.4,90,28.0,83,37.8,35.7,29.4 / 90,28.0 / 83
13055,AZ,Purple,F,61,63.2,86.6,99,32.7,30.5,32.7,105,30.5,93,45.1,41.5,32.7 / 105,30.5 / 93
13055,AZ,White,F,61,61.5,84.0,96,31.9,29.6,31.9,99,29.6,92,43.6,40.4,31.9 / 99,29.6 / 92
13055,AZ,Green,F,61,59.4,81.5,94,30.8,28.6,30.8,97,28.6,91,42.2,39.3,30.8 / 97,28.6 / 91
13196,AZ,Blue,M,60,60.3,77.7,94,29.8,30.5,29.8,94,30.5,94,38.5,39.2,29.8 / 94,30.5 / 94
13196,AZ,White,M,60,59.2,76.2,91,29.3,29.9,29.3,91,29.9,91,37.8,38.4,29.3 / 91,29.9 / 91
13196,AZ,Red,M,60,57.4,72.9,84,28.4,29.0,28.4,83,29.0,84,36.1,36.8,28.4 / 83,29.0 / 84
13196,AZ,Red/Green,M,54,53.5,66.9,72,26.6,26.9,26.6,73,26.9,71,33.4,33.5,26.6 / 73,26.9 / 71
13196,AZ,Short Course,M,54,52.9,65.9,70,26.3,26.6,26.3,71,26.6,69,32.9,33.0,26.3 / 71,26.6 / 69
13196,AZ,Blue,F,60,63.7,86.8,98,31.1,32.6,31.1,95,32.6,101,42.3,44.5,31.1 / 95,32.6 / 101
13196,AZ,White,F,60,61.8,83.8,94,30.3,31.5,30.3,90,31.5,97,40.9,42.9,30.3 / 90,31.5 / 97
13196,AZ,Red,F,60,59.0,79.2,86,29.0,30.0,29.0,81,30.0,90,38.6,40.6,29.0 / 81,30.0 / 90
13196,AZ,Red/Green,F,54,55.2,73.1,76,27.5,27.7,27.5,76,27.7,75,36.5,36.6,27.5 / 76,27.7 / 75
13196,AZ,Short Course,F,54,54.6,72.1,75,27.2,27.4,27.2,75,27.4,74,36.0,36.1,27.2 / 75,27.4 / 74
17791,AZ,Gold 2026,M,72,74.2,101.2,145,37.4,36.8,37.4,147,36.8,143,51.1,50.1,37.4 / 147,36.8 / 143
17791,AZ,Black 2026,M,72,73.3,99.4,141,36.8,36.5,36.8,142,36.5,139,50.0,49.4,36.8 / 142,36.5 / 139
17791,AZ,Silver 2026,M,72,70.5,95.7,136,35.4,35.1,35.4,138,35.1,133,48.2,47.5,35.4 / 138,35.1 / 133
17791,AZ,Blue 2026,M,72,68.2,91.6,126,34.4,33.8,34.4,128,33.8,124,46.3,45.3,34.4 / 128,33.8 / 124
17791,AZ,Red 2026,M,72,65.3,87.7,121,32.6,32.7,32.6,122,32.7,119,43.9,43.8,32.6 / 122,32.7 / 119
17791,AZ,Silver 2026,F,72,76.4,111.9,151,38.5,37.9,38.5,153,37.9,148,56.6,55.3,38.5 / 153,37.9 / 148
17791,AZ,Blue 2026,F,72,74.0,108.3,146,37.7,36.3,37.7,150,36.3,141,55.4,52.9,37.7 / 150,36.3 / 141
17791,AZ,Red 2026,F,72,70.8,103.1,137,35.5,35.3,35.5,140,35.3,134,52.0,51.1,35.5 / 140,35.3 / 134
13071,AZ,Gold 2026,M,70,72.3,99.1,144,34.9,37.4,34.9,141,37.4,147,48.0,51.1,34.9 / 141,37.4 / 147
13071,AZ,Black 2026,M,70,71.0,96.9,140,34.2,36.8,34.2,137,36.8,142,46.9,50.0,34.2 / 137,36.8 / 142
13071,AZ,Silver 2026,M,70,68.3,93.3,135,32.9,35.4,32.9,131,35.4,138,45.1,48.2,32.9 / 131,35.4 / 138
13071,AZ,Blue 2026,M,70,66.2,89.1,123,31.8,34.4,31.8,118,34.4,128,42.8,46.3,31.8 / 118,34.4 / 128
13071,AZ,Red 2026,M,70,63.3,84.8,116,30.7,32.6,30.7,110,32.6,122,40.9,43.9,30.7 / 110,32.6 / 122
13071,AZ,Silver 2026,F,70,74.1,109.1,148,35.6,38.5,35.6,143,38.5,153,52.5,56.6,35.6 / 143,38.5 / 153
13071,AZ,Blue 2026,F,70,72.4,106.2,144,34.7,37.7,34.7,137,37.7,150,50.8,55.4,34.7 / 137,37.7 / 150
13071,AZ,Red 2026,F,70,68.3,99.9,134,32.8,35.5,32.8,128,35.5,140,47.9,52.0,32.8 / 128,35.5 / 140
13072,AZ,Gold 2026,M,70,71.7,98.1,142,36.8,34.9,36.8,143,34.9,141,50.1,48.0,36.8 / 143,34.9 / 141
13072,AZ,Black 2026,M,70,70.7,96.3,138,36.5,34.2,36.5,139,34.2,137,49.4,46.9,36.5 / 139,34.2 / 137
13072,AZ,Silver 2026,M,70,68.0,92.6,132,35.1,32.9,35.1,133,32.9,131,47.5,45.1,35.1 / 133,32.9 / 131
13072,AZ,Blue 2026,M,70,65.6,88.1,121,33.8,31.8,33.8,124,31.8,118,45.3,42.8,33.8 / 124,31.8 / 118
13072,AZ,Red 2026,M,70,63.4,84.7,115,32.7,30.7,32.7,119,30.7,110,43.8,40.9,32.7 / 119,30.7 / 110
13072,AZ,Silver 2026,F,70,73.5,107.8,146,37.9,35.6,37.9,148,35.6,143,55.3,52.5,37.9 / 148,35.6 / 143
13072,AZ,Blue 2026,F,70,71.0,103.7,139,36.3,34.7,36.3,141,34.7,137,52.9,50.8,36.3 / 141,34.7 / 137
13072,AZ,Red 2026,F,70,68.1,99.0,131,35.3,32.8,35.3,134,32.8,128,51.1,47.9,35.3 / 134,32.8 / 128
30731,AZ,Black,M,72,74.0,98.4,132,37.3,36.7,37.3,128,36.7,135,49.2,49.2,37.3 / 128,36.7 / 135
30731,AZ,Black/Blue,M,72,72.2,95.9,128,36.2,36.0,36.2,125,36.0,130,47.8,48.1,36.2 / 125,36.0 / 130
30731,AZ,Blue,M,72,70.5,93.4,124,35.5,35.0,35.5,121,35.0,126,46.7,46.7,35.5 / 121,35.0 / 126
30731,AZ,Blue/White,M,72,68.9,91.2,120,34.7,34.2,34.7,116,34.2,124,45.5,45.7,34.7 / 116,34.2 / 124
30731,AZ,White,M,72,67.5,88.5,113,33.9,33.6,33.9,112,33.6,114,44.3,44.2,33.9 / 112,33.6 / 114
30731,AZ,White/Red,M,72,65.5,85.7,109,32.9,32.6,32.9,108,32.6,110,42.9,42.8,32.9 / 108,32.6 / 110
30731,AZ,Red,M,72,63.3,82.0,101,32.0,31.3,32.0,101,31.3,100,41.4,40.6,32.0 / 101,31.3 / 100
30731,AZ,Blue,F,72,76.4,107.9,134,38.3,38.1,38.3,133,38.1,134,54.0,53.9,38.3 / 133,38.1 / 134
30731,AZ,Blue/White,F,72,74.8,105.4,130,37.6,37.2,37.6,129,37.2,131,52.8,52.6,37.6 / 129,37.2 / 131
30731,AZ,White,F,72,73.0,102.5,125,36.6,36.4,36.6,124,36.4,126,51.2,51.3,36.6 / 124,36.4 / 126
30731,AZ,White/Red,F,72,70.1,98.1,119,35.1,35.0,35.1,118,35.0,120,49.0,49.1,35.1 / 118,35.0 / 120
30731,AZ,Red,F,72,67.3,93.6,112,34.0,33.3,34.0,111,33.3,112,47.1,46.5,34.0 / 111,33.3 / 112
13203,AZ,Copper,M,72,74.0,100.4,142,36.4,37.6,36.4,140,37.6,144,49.4,51.0,36.4 / 140,37.6 / 144
13203,AZ,Copper/Black,M,72,72.8,98.8,140,35.8,37.0,35.8,138,37.0,142,48.6,50.2,35.8 / 138,37.0 / 142
13203,AZ,Black,M,72,71.8,97.2,137,35.2,36.6,35.2,133,36.6,140,47.6,49.6,35.2 / 133,36.6 / 140
13203,AZ,Black/Blue,M,72,70.9,95.2,131,34.8,36.1,34.8,128,36.1,133,46.7,48.5,34.8 / 128,36.1 / 133
13203,AZ,Blue,M,72,70.4,94.0,127,34.4,36.0,34.4,125,36.0,129,46.0,48.0,34.4 / 125,36.0 / 129
13203,AZ,Blue/White,M,72,69.1,92.1,124,33.9,35.2,33.9,121,35.2,127,45.1,47.0,33.9 / 121,35.2 / 127
13203,AZ,White,M,72,68.1,90.8,122,33.5,34.6,33.5,119,34.6,125,44.6,46.2,33.5 / 119,34.6 / 125
13203,AZ,White/Red,M,72,66.0,87.9,118,32.9,33.1,32.9,117,33.1,118,43.8,44.1,32.9 / 117,33.1 / 118
13203,AZ,Red,M,72,64.9,86.2,115,32.2,32.7,32.2,115,32.7,114,42.9,43.3,32.2 / 115,32.7 / 114
13203,AZ,Junior,M,72,63.8,84.5,112,31.3,32.5,31.3,111,32.5,112,41.6,42.9,31.3 / 111,32.5 / 112
13203,AZ,Blue,F,72,76.7,109.5,139,37.4,39.3,37.4,138,39.3,140,53.7,55.8,37.4 / 138,39.3 / 140
13203,AZ,Blue/White,F,72,75.0,106.9,136,36.6,38.4,36.6,135,38.4,136,52.5,54.4,36.6 / 135,38.4 / 136
13203,AZ,White,F,72,73.9,105.2,133,36.0,37.9,36.0,134,37.9,131,51.8,53.4,36.0 / 134,37.9 / 131
13203,AZ,White/Red,F,72,71.0,100.8,127,35.2,35.8,35.2,128,35.8,125,50.3,50.5,35.2 / 128,35.8 / 125
13203,AZ,Red,F,72,69.9,98.3,121,34.6,35.3,34.6,121,35.3,120,48.9,49.4,34.6 / 121,35.3 / 120
13203,AZ,Junior,F,72,68.1,95.8,118,33.1,35.0,33.1,118,35.0,117,47.0,48.8,33.1 / 118,35.0 / 117
13245,AZ,Green,M,71,72.7,97.1,131,35.6,37.1,35.6,130,37.1,132,47.7,49.4,35.6 / 130,37.1 / 132
13245,AZ,Gold,M,71,69.9,93.8,129,34.3,35.6,34.3,129,35.6,128,46.3,47.5,34.3 / 129,35.6 / 128
13245,AZ,Black,M,71,68.1,91.4,125,33.1,35.0,33.1,124,35.0,126,44.7,46.7,33.1 / 124,35.0 / 126
13245,AZ,Combo,M,71,66.2,88.9,123,32.5,33.7,32.5,123,33.7,122,43.9,45.0,32.5 / 123,33.7 / 122
13245,AZ,Silver,M,71,64.3,86.3,118,31.6,32.7,31.6,119,32.7,117,42.7,43.6,31.6 / 119,32.7 / 117
13245,AZ,Black,F,71,73.7,104.8,132,35.8,37.9,35.8,129,37.9,135,51.0,53.8,35.8 / 129,37.9 / 135
13245,AZ,Combo,F,71,70.9,101.1,128,34.8,36.1,34.8,125,36.1,131,49.5,51.6,34.8 / 125,36.1 / 131
13245,AZ,Silver,F,71,68.8,97.5,122,34.0,34.8,34.0,115,34.8,128,47.6,49.9,34.0 / 115,34.8 / 128
13057,AZ,Black,M,72,72.5,99.0,143,35.9,36.6,35.9,139,36.6,146,48.8,50.2,35.9 / 139,36.6 / 146
13057,AZ,Black/Gold,M,72,71.3,96.9,138,35.5,35.8,35.5,133,35.8,142,47.9,49.0,35.5 / 133,35.8 / 142
13057,AZ,Tournament,M,72,69.1,93.8,133,34.5,34.6,34.5,129,34.6,137,46.5,47.3,34.5 / 129,34.6 / 137
13057,AZ,Regular,M,72,66.9,90.3,126,33.3,33.6,33.3,125,33.6,127,44.9,45.4,33.3 / 125,33.6 / 127
13057,AZ,White/Green,M,72,65.2,87.4,120,32.5,32.7,32.5,116,32.7,123,43.3,44.1,32.5 / 116,32.7 / 123
13057,AZ,Senior,M,72,64.1,85.6,116,32.2,31.9,32.2,111,31.9,121,42.5,43.1,32.2 / 111,31.9 / 121
13057,AZ,Tournament,F,72,74.8,109.8,149,37.5,37.3,37.5,142,37.3,155,54.2,55.6,37.5 / 142,37.3 / 155
13057,AZ,Regular,F,72,72.3,106.6,145,35.8,36.5,35.8,142,36.5,148,52.6,54.0,35.8 / 142,36.5 / 148
13057,AZ,White/Green,F,72,69.5,101.2,135,34.9,34.6,34.9,134,34.6,135,50.7,50.5,34.9 / 134,34.6 / 135
13057,AZ,Senior,F,72,68.2,99.3,132,34.7,33.5,34.7,131,33.5,133,50.1,49.2,34.7 / 131,33.5 / 133
13057,AZ,Forward,F,72,67.5,96.8,124,33.7,33.8,33.7,121,33.8,127,48.0,48.8,33.7 / 121,33.8 / 127
13288,AZ,Blue,M,72,68.7,90.8,119,34.2,34.5,34.2,121,34.5,117,45.4,45.4,34.2 / 121,34.5 / 117
13288,AZ,White,M,72,67.2,88.5,115,33.5,33.7,33.5,114,33.7,115,44.1,44.4,33.5 / 114,33.7 / 115
13288,AZ,Gold,M,72,65.3,85.1,107,32.5,32.8,32.5,104,32.8,109,42.2,42.9,32.5 / 104,32.8 / 109
13288,AZ,Red,M,72,64.1,83.4,104,31.7,32.4,31.7,102,32.4,105,41.2,42.2,31.7 / 102,32.4 / 105
13288,AZ,White,F,72,72.2,100.2,119,36.0,36.2,36.0,121,36.2,116,50.3,49.9,36.0 / 121,36.2 / 116
13288,AZ,Gold,F,72,70.0,96.5,113,34.6,35.4,34.6,112,35.4,113,47.8,48.7,34.6 / 112,35.4 / 113
13288,AZ,Red,F,72,67.5,92.7,107,33.6,33.9,33.6,107,33.9,107,46.2,46.5,33.6 / 107,33.9 / 107
13312,AZ,White,M,60,56.7,71.9,82,28.6,28.1,28.6,86,28.1,77,36.6,35.3,28.6 / 86,28.1 / 77
13312,AZ,Red,M,60,55.0,69.0,76,28.0,27.0,28.0,79,27.0,72,35.3,33.7,28.0 / 79,27.0 / 72
13312,AZ,Gold,M,60,51.6,64.1,68,25.9,25.7,25.9,68,25.7,67,32.2,31.9,25.9 / 68,25.7 / 67
13312,AZ,White,F,60,57.6,77.6,85,29.2,28.4,29.2,88,28.4,81,39.6,38.0,29.2 / 88,28.4 / 81
13312,AZ,Red,F,60,55.6,73.8,78,28.4,27.2,28.4,80,27.2,75,37.8,36.0,28.4 / 80,27.2 / 75
13312,AZ,Gold,F,60,52.6,69.4,71,26.5,26.1,26.5,71,26.1,71,34.9,34.5,26.5 / 71,26.1 / 71
13331,AZ,Blue,M,72,68.8,90.5,117,34.6,34.2,34.6,118,34.2,115,45.6,44.9,34.6 / 118,34.2 / 115
13331,AZ,White,M,72,67.8,88.5,112,34.0,33.8,34.0,113,33.8,110,44.5,44.0,34.0 / 113,33.8 / 110
13331,AZ,Red,M,72,66.0,85.9,107,33.0,33.0,33.0,105,33.0,109,42.8,43.1,33.0 / 105,33.0 / 109
13331,AZ,Yellow,M,72,62.0,80.0,97,31.1,30.9,31.1,95,30.9,99,39.9,40.1,31.1 / 95,30.9 / 99
13331,AZ,White,F,72,73.2,101.7,121,36.6,36.6,36.6,123,36.6,119,51.1,50.6,36.6 / 123,36.6 / 119
13331,AZ,Red,F,72,71.0,97.9,114,35.4,35.6,35.4,114,35.6,114,48.9,49.0,35.4 / 114,35.6 / 114
13331,AZ,Teal,F,72,69.1,95.1,110,34.5,34.6,34.5,111,34.6,109,47.6,47.5,34.5 / 111,34.6 / 109
13331,AZ,Yellow,F,72,66.3,90.9,105,33.0,33.3,33.0,102,33.3,107,45.0,45.9,33.0 / 102,33.3 / 107
13076,AZ,Blue,M,72,69.7,91.1,115,34.8,34.9,34.8,113,34.9,117,45.3,45.8,34.8 / 113,34.9 / 117
13076,AZ,White,M,72,68.4,89.1,112,34.3,34.1,34.3,111,34.1,112,44.6,44.5,34.3 / 111,34.1 / 112
13076,AZ,Red,M,72,65.8,85.4,106,33.2,32.6,33.2,110,32.6,101,43.4,42.0,33.2 / 110,32.6 / 101
13076,AZ,Yellow,M,72,62.5,80.9,99,31.7,30.8,31.7,101,30.8,97,41.1,39.8,31.7 / 101,30.8 / 97
13076,AZ,White,F,72,74.1,103.4,124,37.5,36.6,37.5,121,36.6,127,51.8,51.6,37.5 / 121,36.6 / 127
13076,AZ,Red,F,72,70.8,98.5,118,36.0,34.8,36.0,116,34.8,119,49.7,48.8,36.0 / 116,34.8 / 119
13076,AZ,Yellow,F,72,67.6,94.7,115,34.4,33.2,34.4,113,33.2,117,47.7,47.0,34.4 / 113,33.2 / 117
13270,AZ,Blue,M,72,69.8,91.8,119,34.5,35.3,34.5,116,35.3,121,45.3,46.5,34.5 / 116,35.3 / 121
13270,AZ,White,M,72,68.2,89.6,115,34.0,34.2,34.0,112,34.2,118,44.4,45.2,34.0 / 112,34.2 / 118
13270,AZ,Red,M,72,65.7,86.0,110,32.8,32.9,32.8,108,32.9,111,42.8,43.2,32.8 / 108,32.9 / 111
13270,AZ,Orange,M,72,64.1,83.5,104,32.1,32.0,32.1,102,32.0,106,41.6,41.9,32.1 / 102,32.0 / 106
13270,AZ,Yellow,M,72,62.2,80.7,100,31.2,31.0,31.2,99,31.0,100,40.4,40.3,31.2 / 99,31.0 / 100
13270,AZ,White,F,72,73.7,102.8,124,36.7,37.0,36.7,121,37.0,126,51.0,51.8,36.7 / 121,37.0 / 126
13270,AZ,Red,F,72,70.4,98.1,118,35.2,35.2,35.2,117,35.2,118,49.0,49.1,35.2 / 117,35.2 / 118
13270,AZ,Orange,F,72,68.0,94.7,113,34.1,33.9,34.1,110,33.9,116,47.1,47.6,34.1 / 110,33.9 / 116
13270,AZ,Yellow,F,72,65.9,91.3,108,33.3,32.6,33.3,105,32.6,110,45.7,45.6,33.3 / 105,32.6 / 110
13079,AZ,Black,M,72,71.7,93.6,118,35.8,35.9,35.8,117,35.9,118,46.7,46.9,35.8 / 117,35.9 / 118
13079,AZ,Blue,M,72,69.9,91.4,116,35.0,34.9,35.0,115,34.9,116,45.7,45.7,35.0 / 115,34.9 / 116
13079,AZ,White,M,72,67.8,88.8,113,33.8,34.0,33.8,113,34.0,113,44.3,44.5,33.8 / 113,34.0 / 113
13079,AZ,Red,M,72,65.4,85.2,107,32.6,32.8,32.6,108,32.8,105,42.6,42.6,32.6 / 108,32.8 / 105
13079,AZ,Yellow,M,72,63.6,82.6,102,31.8,31.8,31.8,104,31.8,100,41.5,41.1,31.8 / 104,31.8 / 100
13079,AZ,White,F,72,73.9,102.4,121,37.0,36.9,37.0,120,36.9,122,51.1,51.3,37.0 / 120,36.9 / 122
13079,AZ,Red,F,72,70.5,97.8,116,35.2,35.3,35.2,115,35.3,116,48.8,49.0,35.2 / 115,35.3 / 116
13079,AZ,Yellow,F,72,68.5,94.6,111,34.4,34.1,34.4,111,34.1,110,47.5,47.1,34.4 / 111,34.1 / 110
13195,AZ,Blue,M,60,58.9,77.3,99,29.5,29.4,29.5,99,29.4,99,38.7,38.6,29.5 / 99,29.4 / 99
13195,AZ,White,M,60,57.9,75.8,97,29.0,28.9,29.0,97,28.9,96,38.0,37.8,29.0 / 97,28.9 / 96
13195,AZ,Red,M,60,57.1,74.3,93,28.6,28.5,28.6,93,28.5,93,37.2,37.1,28.6 / 93,28.5 / 93
13195,AZ,White,F,60,59.5,82.3,97,29.9,29.6,29.9,97,29.6,97,41.3,41.0,29.9 / 97,29.6 / 97
13195,AZ,Red,F,60,57.8,79.7,93,29.1,28.7,29.1,92,28.7,94,39.9,39.8,29.1 / 92,28.7 / 94
36430,AZ,Blue,M,54,51.8,66.4,79,25.8,26.0,25.8,77,26.0,80,33.0,33.4,25.8 / 77,26.0 / 80
36430,AZ,White,M,54,51.0,65.2,76,25.5,25.5,25.5,75,25.5,77,32.5,32.7,25.5 / 75,25.5 / 77
36430,AZ,Red,M,54,50.4,63.8,72,25.4,25.0,25.4,72,25.0,72,32.1,31.7,25.4 / 72,25.0 / 72
36430,AZ,Blue,F,54,54.2,73.5,82,27.1,27.1,27.1,80,27.1,84,36.5,37.0,27.1 / 80,27.1 / 84
36430,AZ,White,F,54,53.5,71.8,78,26.8,26.7,26.8,76,26.7,79,35.8,36.0,26.8 / 76,26.7 / 79
36430,AZ,Red,F,54,52.8,70.1,74,26.6,26.2,26.6,73,26.2,74,35.2,34.9,26.6 / 73,26.2 / 74
13332,AZ,Blue,M,66,61.8,80.3,100,32.3,29.5,32.3,103,29.5,96,41.9,38.4,32.3 / 103,29.5 / 96
13332,AZ,Blue/White,M,66,61.2,79.4,98,31.9,29.3,31.9,100,29.3,96,41.2,38.2,31.9 / 100,29.3 / 96
13332,AZ,Red,M,66,59.6,76.6,92,30.9,28.7,30.9,97,28.7,86,39.9,36.7,30.9 / 97,28.7 / 86
13332,AZ,Green,M,66,57.4,73.6,88,29.8,27.6,29.8,94,27.6,81,38.5,35.1,29.8 / 94,27.6 / 81
13332,AZ,Yellow,M,63,56.8,72.7,86,28.3,28.5,28.3,86,28.5,85,36.3,36.4,28.3 / 86,28.5 / 85
13332,AZ,Blue,F,67,64.7,91.0,112,34.4,30.3,34.4,119,30.3,104,48.4,42.6,34.4 / 119,30.3 / 104
13332,AZ,Blue/White,F,67,63.9,89.7,109,33.7,30.2,33.7,114,30.2,104,47.2,42.5,33.7 / 114,30.2 / 104
13332,AZ,Red,F,67,61.0,83.9,97,32.3,28.7,32.3,103,28.7,91,44.5,39.4,32.3 / 103,28.7 / 91
13332,AZ,Green,F,67,58.5,80.0,92,30.7,27.8,30.7,97,27.8,86,42.1,37.9,30.7 / 97,27.8 / 86
13332,AZ,Yellow,F,63,57.2,78.1,89,28.5,28.7,28.5,86,28.7,91,38.7,39.4,28.5 / 86,28.7 / 91
13293,AZ,Black,M,72,73.1,97.9,133,36.0,37.1,36.0,133,37.1,133,48.4,49.5,36.0 / 133,37.1 / 133
13293,AZ,Blue,M,72,70.6,93.4,123,34.9,35.7,34.9,123,35.7,123,46.3,47.1,34.9 / 123,35.7 / 123
13293,AZ,Blue/Gray Combo,M,72,69.0,91.3,120,34.0,35.0,34.0,119,35.0,121,45.1,46.2,34.0 / 119,35.0 / 121
13293,AZ,Gray,M,72,68.1,89.6,116,33.4,34.7,33.4,115,34.7,116,44.1,45.5,33.4 / 115,34.7 / 116
13293,AZ,Teal,M,72,65.1,84.9,107,32.0,33.1,32.0,105,33.1,108,41.8,43.1,32.0 / 105,33.1 / 108
13293,AZ,Gray,F,72,74.1,105.1,132,36.4,37.7,36.4,131,37.7,132,51.8,53.3,36.4 / 131,37.7 / 132
13293,AZ,Teal,F,72,70.7,100.5,127,34.8,35.9,34.8,123,35.9,130,49.3,51.2,34.8 / 123,35.9 / 130
13344,AZ,Blue,M,63,60.0,76.9,91,29.9,30.1,29.9,91,30.1,90,38.4,38.5,29.9 / 91,30.1 / 90
13344,AZ,White,M,63,59.1,75.3,87,29.5,29.6,29.5,90,29.6,84,37.9,37.4,29.5 / 90,29.6 / 84
13344,AZ,Red,M,63,57.8,72.7,81,28.8,29.0,28.8,81,29.0,80,36.3,36.4,28.8 / 81,29.0 / 80
13344,AZ,Blue,F,63,63.2,85.3,94,31.3,31.9,31.3,92,31.9,96,42.1,43.2,31.3 / 92,31.9 / 96
13344,AZ,White,F,63,61.5,82.9,91,30.5,31.0,30.5,91,31.0,91,41.2,41.7,30.5 / 91,31.0 / 91
13344,AZ,Red,F,63,59.0,79.5,87,29.3,29.7,29.3,86,29.7,88,39.4,40.1,29.3 / 86,29.7 / 88
13343,AZ,Blue,M,64,61.0,78.3,93,31.1,29.9,31.1,95,29.9,91,39.9,38.4,31.1 / 95,29.9 / 91
13343,AZ,White,M,64,60.1,77.1,92,30.6,29.5,30.6,93,29.5,90,39.2,37.9,30.6 / 93,29.5 / 90
13343,AZ,Red,M,64,58.6,73.9,83,29.8,28.8,29.8,84,28.8,81,37.6,36.3,29.8 / 84,28.8 / 81
13343,AZ,Blue,F,64,64.7,87.1,95,33.4,31.3,33.4,98,31.3,92,45.0,42.1,33.4 / 98,31.3 / 92
13343,AZ,White,F,64,63.1,85.1,94,32.6,30.5,32.6,96,30.5,91,43.9,41.2,32.6 / 96,30.5 / 91
13343,AZ,Red,F,64,60.5,81.4,89,31.2,29.3,31.2,92,29.3,86,42.0,39.4,31.2 / 92,29.3 / 86
20829,AZ,Blue,M,65,61.2,78.4,93,30.1,31.1,30.1,90,31.1,95,38.5,39.9,30.1 / 90,31.1 / 95
20829,AZ,White,M,65,60.2,76.6,89,29.6,30.6,29.6,84,30.6,93,37.4,39.2,29.6 / 84,30.6 / 93
20829,AZ,Red,M,65,58.8,74.0,82,29.0,29.8,29.0,80,29.8,84,36.4,37.6,29.0 / 80,29.8 / 84
20829,AZ,Blue,F,65,65.3,88.2,97,31.9,33.4,31.9,96,33.4,98,43.2,45.0,31.9 / 96,33.4 / 98
20829,AZ,White,F,65,63.6,85.6,94,31.0,32.6,31.0,91,32.6,96,41.7,43.9,31.0 / 91,32.6 / 96
20829,AZ,Red,F,65,60.9,82.1,90,29.7,31.2,29.7,88,31.2,92,40.1,42.0,29.7 / 88,31.2 / 92
13306,AZ,White,M,62,58.7,75.4,90,29.5,29.2,29.5,91,29.2,88,38.0,37.4,29.5 / 91,29.2 / 88
13306,AZ,White,F,62,59.6,81.5,93,30.2,29.4,30.2,95,29.4,91,41.4,40.1,30.2 / 95,29.4 / 91
13306,AZ,Red,F,62,57.1,77.0,85,28.9,28.2,28.9,85,28.2,84,38.9,38.1,28.9 / 85,28.2 / 84
13007,AZ,Black,M,63,59.0,75.8,90,29.6,29.4,29.6,90,29.4,90,38.0,37.8,29.6 / 90,29.4 / 90
13007,AZ,Blue,M,63,58.2,74.5,88,29.1,29.1,29.1,87,29.1,88,37.2,37.3,29.1 / 87,29.1 / 88
13007,AZ,Forward,M,63,57.2,73.0,85,28.6,28.6,28.6,85,28.6,85,36.5,36.5,28.6 / 85,28.6 / 85
13007,AZ,Black,F,63,60.4,82.1,92,30.2,30.2,30.2,91,30.2,93,40.9,41.2,30.2 / 91,30.2 / 93
13007,AZ,Blue,F,63,59.4,80.3,89,29.8,29.6,29.8,87,29.6,90,40.1,40.2,29.8 / 87,29.6 / 90
13007,AZ,Forward,F,63,57.6,77.8,86,28.8,28.8,28.8,83,28.8,88,38.6,39.2,28.8 / 83,28.8 / 88
13274,AZ,Black,M,71,72.2,97.8,138,36.4,35.8,36.4,141,35.8,135,49.5,48.3,36.4 / 141,35.8 / 135
13274,AZ,Black/Gold,M,71,70.8,96.1,136,35.7,35.1,35.7,139,35.1,133,48.6,47.5,35.7 / 139,35.1 / 133
13274,AZ,Gold,M,71,70.0,94.5,132,35.1,34.9,35.1,133,34.9,130,47.5,47.0,35.1 / 133,34.9 / 130
13274,AZ,Gold/White Combo,M,71,69.2,93.0,128,34.7,34.5,34.7,128,34.5,128,46.6,46.4,34.7 / 128,34.5 / 128
13274,AZ,White,M,71,67.7,90.7,124,33.9,33.8,33.9,123,33.8,125,45.3,45.4,33.9 / 123,33.8 / 125
13274,AZ,White/Green Combo,M,72,66.2,88.5,120,33.1,33.1,33.1,120,33.1,119,44.3,44.2,33.1 / 120,33.1 / 119
13274,AZ,Green,M,72,64.6,85.5,113,31.6,33.0,31.6,111,33.0,114,41.9,43.6,31.6 / 111,33.0 / 114
13274,AZ,Black,F,71,79.4,115.0,151,40.4,39.0,40.4,153,39.0,148,58.5,56.5,40.4 / 153,39.0 / 148
13274,AZ,Black/Gold,F,71,78.2,113.0,148,39.7,38.5,39.7,150,38.5,145,57.4,55.6,39.7 / 150,38.5 / 145
13274,AZ,Gold,F,71,77.0,111.2,145,38.9,38.1,38.9,148,38.1,142,56.4,54.8,38.9 / 148,38.1 / 142
13274,AZ,Gold/White,F,71,75.9,109.6,143,38.3,37.6,38.3,146,37.6,140,55.5,54.1,38.3 / 146,37.6 / 140
13274,AZ,White,F,71,74.6,108.0,142,37.6,37.0,37.6,144,37.0,139,54.6,53.4,37.6 / 144,37.0 / 139
13274,AZ,White/Green Combo,F,72,71.8,103.1,133,36.5,35.3,36.5,136,35.3,130,52.5,50.6,36.5 / 136,35.3 / 130
13274,AZ,Green,F,72,70.0,99.3,124,35.0,35.0,35.0,120,35.0,128,49.2,50.1,35.0 / 120,35.0 / 128
13088,AZ,Nicklaus,M,72,74.3,100.4,141,37.2,37.1,37.2,139,37.1,142,50.1,50.3,37.2 / 139,37.1 / 142
13088,AZ,Nicklaus/Iron,M,72,73.3,98.7,137,36.8,36.5,36.8,136,36.5,138,49.4,49.3,36.8 / 136,36.5 / 138
13088,AZ,Iron,M,72,71.8,96.7,134,35.9,35.9,35.9,132,35.9,136,48.2,48.5,35.9 / 132,35.9 / 136
13088,AZ,Iron/Copper,M,72,70.6,94.9,131,35.7,34.9,35.7,130,34.9,131,47.8,47.1,35.7 / 130,34.9 / 131
13088,AZ,Copper,M,72,69.7,93.3,127,35.0,34.7,35.0,126,34.7,128,46.7,46.6,35.0 / 126,34.7 / 128
13088,AZ,Copper/Silver,M,72,67.1,89.6,121,33.6,33.5,33.6,123,33.5,119,45.0,44.6,33.6 / 123,33.5 / 119
13088,AZ,Silver,M,72,66.1,87.8,117,33.3,32.8,33.3,117,32.8,116,44.2,43.6,33.3 / 117,32.8 / 116
13088,AZ,Silver/Gold,M,72,65.3,86.5,114,32.8,32.5,32.8,116,32.5,112,43.6,42.9,32.8 / 116,32.5 / 112
13088,AZ,Gold,M,72,64.2,85.0,112,32.1,32.1,32.1,112,32.1,112,42.5,42.5,32.1 / 112,32.1 / 112
13088,AZ,Onyx,M,72,61.6,81.6,108,30.6,31.0,30.6,107,31.0,109,40.5,41.1,30.6 / 107,31.0 / 109
13088,AZ,Pyrite,M,72,55.6,72.2,90,26.8,28.8,26.8,86,28.8,93,34.8,37.4,26.8 / 86,28.8 / 93
13088,AZ,Nicklaus,F,72,82.1,119.5,154,41.3,40.8,41.3,155,40.8,153,60.6,58.9,41.3 / 155,40.8 / 153
13088,AZ,Nicklaus/Iron,F,72,80.4,116.2,152,40.5,39.9,40.5,153,39.9,150,58.6,57.6,40.5 / 153,39.9 / 150
13088,AZ,Iron,F,72,78.9,113.7,148,39.7,39.2,39.7,150,39.2,145,57.4,56.3,39.7 / 150,39.2 / 145
13088,AZ,Iron/Copper,F,72,77.7,111.6,144,39.4,38.3,39.4,148,38.3,139,56.9,54.7,39.4 / 148,38.3 / 139
13088,AZ,Copper,F,72,75.6,108.4,139,38.2,37.4,38.2,142,37.4,136,55.0,53.4,38.2 / 142,37.4 / 136
13088,AZ,Copper/Silver,F,72,73.8,105.8,136,37.2,36.6,37.2,137,36.6,135,53.3,52.5,37.2 / 137,36.6 / 135
13088,AZ,Silver,F,72,71.8,103.1,133,36.2,35.7,36.2,133,35.7,132,51.9,51.3,36.2 / 133,35.7 / 132
13088,AZ,Silver/Gold,F,72,70.4,101.2,131,35.3,35.1,35.3,131,35.1,131,50.7,50.5,35.3 / 131,35.1 / 131
13088,AZ,Gold,F,72,69.8,99.4,126,34.8,35.0,34.8,126,35.0,125,49.7,49.7,34.8 / 126,35.0 / 125
13088,AZ,Onyx,F,72,66.3,94.6,120,32.8,33.5,32.8,119,33.5,121,46.8,47.8,32.8 / 119,33.5 / 121
13088,AZ,Pyrite,F,72,58.2,82.8,104,28.5,29.7,28.5,103,29.7,105,40.7,42.1,28.5 / 103,29.7 / 105
13087,AZ,Nicklaus,M,72,73.4,98.7,136,37.4,36.0,37.4,140,36.0,132,50.4,48.3,37.4 / 140,36.0 / 132
13087,AZ,Nicklaus/Iron,M,72,72.7,97.6,134,36.8,35.9,36.8,133,35.9,135,49.2,48.4,36.8 / 133,35.9 / 135
13087,AZ,Iron,M,72,71.3,95.6,131,36.5,34.8,36.5,131,34.8,130,48.7,46.9,36.5 / 131,34.8 / 130
13087,AZ,Iron/Copper,M,72,70.3,93.8,127,36.1,34.2,36.1,126,34.2,127,47.8,46.0,36.1 / 126,34.2 / 127
13087,AZ,Copper,M,72,69.2,92.2,124,35.4,33.8,35.4,124,33.8,124,46.9,45.3,35.4 / 124,33.8 / 124
13087,AZ,Copper/Silver,M,72,67.2,89.5,120,33.9,33.3,33.9,119,33.3,121,45.0,44.5,33.9 / 119,33.3 / 121
13087,AZ,Silver,M,72,66.1,87.7,116,33.5,32.6,33.5,119,32.6,113,44.6,43.1,33.5 / 119,32.6 / 113
13087,AZ,Silver/Gold,M,72,65.6,86.7,114,33.5,32.1,33.5,118,32.1,109,44.5,42.2,33.5 / 118,32.1 / 109
13087,AZ,Gold,M,72,64.5,85.3,112,33.3,31.2,33.3,114,31.2,110,43.9,41.4,33.3 / 114,31.2 / 110
13087,AZ,Onyx,M,72,61.5,81.2,106,31.2,30.3,31.2,108,30.3,104,41.2,40.0,31.2 / 108,30.3 / 104
13087,AZ,Nicklaus,F,72,82.1,117.6,151,41.8,40.3,41.8,152,40.3,149,59.7,57.9,41.8 / 152,40.3 / 149
13087,AZ,Nicklaus/Iron,F,72,80.4,115.4,149,40.8,39.6,40.8,152,39.6,145,58.7,56.7,40.8 / 152,39.6 / 145
13087,AZ,Iron,F,72,79.3,113.2,144,40.5,38.8,40.5,148,38.8,140,57.9,55.3,40.5 / 148,38.8 / 140
13087,AZ,Iron/Copper,F,72,77.7,111.0,142,39.7,38.0,39.7,147,38.0,136,57.0,54.0,39.7 / 147,38.0 / 136
13087,AZ,Copper,F,72,76.8,109.5,139,39.2,37.6,39.2,142,37.6,135,56.0,53.5,39.2 / 142,37.6 / 135
13087,AZ,Copper/Silver,F,72,74.7,106.0,133,37.9,36.8,37.9,136,36.8,130,53.9,52.1,37.9 / 136,36.8 / 130
13087,AZ,Silver,F,72,72.8,103.3,129,37.0,35.8,37.0,131,35.8,127,52.5,50.8,37.0 / 131,35.8 / 127
13087,AZ,Silver/Gold,F,72,71.5,101.0,125,36.8,34.7,36.8,130,34.7,120,52.1,48.9,36.8 / 130,34.7 / 120
13087,AZ,Gold,F,72,70.0,98.2,120,36.2,33.8,36.2,122,33.8,117,50.6,47.6,36.2 / 122,33.8 / 117
13087,AZ,Onyx,F,72,65.1,90.8,109,33.4,31.7,33.4,112,31.7,106,46.6,44.2,33.4 / 112,31.7 / 106
26404,AZ,Nicklaus,M,72,73.8,99.1,137,37.0,36.8,37.0,136,36.8,137,49.6,49.5,37.0 / 136,36.8 / 137
26404,AZ,Nicklaus/Iron,M,72,72.8,97.5,133,36.6,36.2,36.6,132,36.2,133,48.9,48.6,36.6 / 132,36.2 / 133
26404,AZ,Iron,M,72,71.6,96.1,132,36.0,35.6,36.0,131,35.6,132,48.2,47.9,36.0 / 131,35.6 / 132
26404,AZ,Iron/Copper,M,72,70.3,94.0,128,35.4,34.9,35.4,126,34.9,129,47.1,46.9,35.4 / 126,34.9 / 129
26404,AZ,Copper,M,72,69.4,92.5,125,34.9,34.5,34.9,124,34.5,125,46.4,46.1,34.9 / 124,34.5 / 125
26404,AZ,Silver,M,72,67.4,89.7,120,33.7,33.7,33.7,121,33.7,119,44.9,44.8,33.7 / 121,33.7 / 119
26404,AZ,Gold,M,72,66.9,88.5,116,33.3,33.6,33.3,116,33.6,116,44.1,44.4,33.3 / 116,33.6 / 116
26404,AZ,Nicklaus,F,72,82.3,117.5,149,41.5,40.8,41.5,148,40.8,150,59.0,58.5,41.5 / 148,40.8 / 150
26404,AZ,Iron/Copper,F,72,77.6,110.5,139,39.4,38.2,39.4,140,38.2,138,55.9,54.5,39.4 / 140,38.2 / 138
26404,AZ,Copper,F,72,76.5,108.8,137,38.8,37.7,38.8,138,37.7,136,55.1,53.7,38.8 / 138,37.7 / 136
26404,AZ,Silver,F,72,72.6,104.1,134,36.6,36.0,36.6,132,36.0,135,52.2,51.9,36.6 / 132,36.0 / 135
26404,AZ,Gold,F,72,71.0,101.5,130,35.8,35.2,35.8,126,35.2,133,50.6,50.9,35.8 / 126,35.2 / 133
13204,AZ,Tips,M,72,73.2,97.1,129,36.8,36.4,36.8,126,36.4,131,48.5,48.6,36.8 / 126,36.4 / 131
13204,AZ,Championship,M,72,71.6,94.5,124,35.8,35.8,35.8,121,35.8,126,47.0,47.5,35.8 / 121,35.8 / 126
13204,AZ,Middle,M,72,68.4,90.7,120,33.8,34.6,33.8,118,34.6,122,44.8,45.9,33.8 / 118,34.6 / 122
13204,AZ,Front,M,72,65.6,86.2,111,32.5,33.1,32.5,110,33.1,112,42.7,43.5,32.5 / 110,33.1 / 112
13204,AZ,Black/Middle,F,72,76.8,109.3,138,38.4,38.4,38.4,137,38.4,138,54.6,54.7,38.4 / 137,38.4 / 138
13204,AZ,Silver/Forward,F,72,71.3,99.0,118,35.6,35.7,35.6,116,35.7,119,49.3,49.7,35.6 / 116,35.7 / 119
13046,AZ,Champion-Black,M,72,74.6,100.7,141,37.7,36.9,37.7,141,36.9,140,50.8,49.9,37.7 / 141,36.9 / 140
13046,AZ,Black/Blue Combo,M,72,73.2,98.7,138,37.0,36.2,37.0,138,36.2,137,49.8,48.9,37.0 / 138,36.2 / 137
13046,AZ,Members-Blue,M,72,71.6,96.5,134,36.2,35.4,36.2,135,35.4,133,48.7,47.8,36.2 / 135,35.4 / 133
13046,AZ,Big Talk-Mem/Guest,M,72,71.1,95.7,132,35.7,35.4,35.7,133,35.4,131,48.1,47.6,35.7 / 133,35.4 / 131
13046,AZ,Preferred-Yellow,M,72,69.9,94.1,130,35.4,34.5,35.4,131,34.5,129,47.6,46.5,35.4 / 131,34.5 / 129
13046,AZ,Heritage-Brown,M,72,68.7,92.3,127,34.6,34.1,34.6,129,34.1,125,46.6,45.7,34.6 / 129,34.1 / 125
13046,AZ,Trails- Green,M,72,66.4,88.9,121,33.5,32.9,33.5,123,32.9,119,44.9,44.0,33.5 / 123,32.9 / 119
13046,AZ,Spirit- Light Blue,M,72,64.8,86.3,116,32.7,32.1,32.7,118,32.1,113,43.7,42.6,32.7 / 118,32.1 / 113
13046,AZ,Forward- Black,M,72,63.7,84.9,114,32.2,31.5,32.2,116,31.5,112,43.0,41.9,32.2 / 116,31.5 / 112
13046,AZ,Trails-Green,F,72,71.4,102.4,132,36.1,35.3,36.1,133,35.3,130,51.8,50.6,36.1 / 133,35.3 / 130
13046,AZ,Spirit-Light Blue,F,72,69.9,100.1,128,35.4,34.5,35.4,130,34.5,126,50.7,49.4,35.4 / 130,34.5 / 126
13046,AZ,Forward-Black,F,72,68.6,98.3,126,34.7,33.9,34.7,128,33.9,124,49.8,48.5,34.7 / 128,33.9 / 124
13138,AZ,Black,M,70,72.6,95.6,124,35.9,36.7,35.9,124,36.7,124,47.4,48.2,35.9 / 124,36.7 / 124
13138,AZ,Gold,M,70,69.9,92.0,119,34.7,35.2,34.7,118,35.2,119,45.7,46.3,34.7 / 118,35.2 / 119
13138,AZ,Gold/Jade,M,70,67.0,88.5,116,33.0,34.0,33.0,114,34.0,117,43.6,44.9,33.0 / 114,34.0 / 117
13138,AZ,Jade,M,70,65.2,85.7,111,32.1,33.1,32.1,110,33.1,111,42.3,43.4,32.1 / 110,33.1 / 111
13138,AZ,Rust,M,70,61.4,80.8,105,30.8,30.6,30.8,107,30.6,102,40.7,40.1,30.8 / 107,30.6 / 102
13138,AZ,Gold,F,70,75.8,106.3,130,37.4,38.4,37.4,125,38.4,134,52.1,54.2,37.4 / 125,38.4 / 134
13138,AZ,Gold/Jade,F,70,72.6,101.5,123,35.6,37.0,35.6,117,37.0,128,49.4,52.1,35.6 / 117,37.0 / 128
13138,AZ,Jade,F,70,70.0,97.4,116,34.3,35.7,34.3,112,35.7,120,47.5,49.9,34.3 / 112,35.7 / 120
13138,AZ,Rust,F,70,66.4,92.2,110,32.9,33.5,32.9,108,33.5,111,45.6,46.6,32.9 / 108,33.5 / 111
13137,AZ,Black,M,71,72.0,95.4,126,35.9,36.1,35.9,124,36.1,128,47.4,48.0,35.9 / 124,36.1 / 128
13137,AZ,Gold,M,71,69.7,92.0,120,34.8,34.9,34.8,119,34.9,121,45.9,46.1,34.8 / 119,34.9 / 121
13137,AZ,Gold/Jade,M,71,67.4,89.2,117,33.5,33.9,33.5,116,33.9,118,44.3,44.9,33.5 / 116,33.9 / 118
13137,AZ,Jade,M,71,64.9,85.0,108,32.3,32.6,32.3,105,32.6,111,42.1,42.9,32.3 / 105,32.6 / 111
13137,AZ,Gold,F,71,75.7,106.0,129,37.7,38.0,37.7,125,38.0,132,52.4,53.6,37.7 / 125,38.0 / 132
13137,AZ,Gold/Jade,F,71,73.8,103.1,125,36.6,37.2,36.6,120,37.2,129,50.7,52.4,36.6 / 120,37.2 / 129
13137,AZ,Jade,F,71,69.6,97.4,118,34.8,34.8,34.8,113,34.8,123,48.1,49.3,34.8 / 113,34.8 / 123
13189,AZ,Green,M,72,71.6,95.5,129,35.5,36.1,35.5,126,36.1,131,47.2,48.3,35.5 / 126,36.1 / 131
13189,AZ,Blue,M,72,71.0,94.0,124,35.1,35.9,35.1,122,35.9,126,46.4,47.6,35.1 / 122,35.9 / 126
13189,AZ,Blue/Gold Combo,M,72,70.7,93.4,122,35.0,35.7,35.0,120,35.7,124,46.2,47.2,35.0 / 120,35.7 / 124
13189,AZ,Gold,M,72,70.2,92.2,118,34.7,35.5,34.7,117,35.5,119,45.6,46.6,34.7 / 117,35.5 / 119
13189,AZ,Gold/Black,M,72,68.6,89.7,114,34.1,34.5,34.1,113,34.5,114,44.6,45.1,34.1 / 113,34.5 / 114
13189,AZ,Black,M,72,67.8,88.1,110,33.7,34.1,33.7,109,34.1,110,43.8,44.3,33.7 / 109,34.1 / 110
13189,AZ,Copper,M,72,65.6,85.1,105,32.6,33.0,32.6,103,33.0,107,42.2,42.9,32.6 / 103,33.0 / 107
13189,AZ,Black,F,72,73.1,103.7,130,36.2,36.9,36.2,125,36.9,135,50.9,52.8,36.2 / 125,36.9 / 135
13189,AZ,Black/ Copper Combo,F,72,72.3,101.9,126,36.2,36.1,36.2,123,36.1,128,50.7,51.2,36.2 / 123,36.1 / 128
13189,AZ,Copper,F,72,70.4,98.2,118,34.8,35.6,34.8,114,35.6,122,48.2,50.0,34.8 / 114,35.6 / 122
13189,AZ,Copper/Silver,F,72,69.4,96.2,114,33.9,35.5,33.9,109,35.5,118,46.8,49.4,33.9 / 109,35.5 / 118
13189,AZ,Silver,F,72,69.0,95.3,112,33.9,35.1,33.9,107,35.1,116,46.5,48.8,33.9 / 107,35.1 / 116
13269,AZ,Black,M,72,73.1,99.9,144,36.3,36.8,36.3,143,36.8,145,49.6,50.3,36.3 / 143,36.8 / 145
13269,AZ,Players,M,72,72.1,98.1,140,35.9,36.2,35.9,139,36.2,141,48.8,49.3,35.9 / 139,36.2 / 141
13269,AZ,Blue,M,72,71.0,96.2,136,35.2,35.8,35.2,135,35.8,137,47.7,48.5,35.2 / 135,35.8 / 137
13269,AZ,Member,M,72,69.9,94.6,133,34.6,35.3,34.6,131,35.3,135,46.8,47.8,34.6 / 131,35.3 / 135
13269,AZ,White,M,72,68.7,92.7,129,34.1,34.6,34.1,128,34.6,130,46.0,46.7,34.1 / 128,34.6 / 130
13269,AZ,Club,M,72,66.8,90.4,127,33.2,33.6,33.2,127,33.6,127,45.0,45.4,33.2 / 127,33.6 / 127
13269,AZ,Burgundy,M,72,66.3,89.1,123,32.8,33.5,32.8,123,33.5,123,44.2,44.9,32.8 / 123,33.5 / 123
13269,AZ,Terravita,M,72,65.4,88.2,123,32.3,33.1,32.3,123,33.1,123,43.7,44.5,32.3 / 123,33.1 / 123
13269,AZ,Gold,M,72,64.5,86.8,120,31.8,32.7,31.8,119,32.7,121,42.9,43.9,31.8 / 119,32.7 / 121
13269,AZ,Green,M,72,62.8,84.2,115,31.2,31.6,31.2,114,31.6,116,41.8,42.4,31.2 / 114,31.6 / 116
13269,AZ,White,F,72,74.9,106.8,136,36.9,38.0,36.9,135,38.0,136,52.8,54.0,36.9 / 135,38.0 / 136
13269,AZ,Club,F,72,73.4,104.3,131,36.3,37.1,36.3,130,37.1,132,51.6,52.7,36.3 / 130,37.1 / 132
13269,AZ,Burgundy,F,72,72.6,103.2,130,35.7,36.9,35.7,130,36.9,130,51.0,52.2,35.7 / 130,36.9 / 130
13269,AZ,Terravita,F,72,72.1,102.2,128,35.7,36.4,35.7,128,36.4,127,50.8,51.4,35.7 / 128,36.4 / 127
13269,AZ,Gold,F,72,70.7,99.9,124,34.9,35.8,34.9,123,35.8,125,49.4,50.5,34.9 / 123,35.8 / 125
13269,AZ,Green,F,72,68.3,96.6,120,33.7,34.6,33.7,121,34.6,119,48.0,48.6,33.7 / 121,34.6 / 119
13227,AZ,Black Bear,M,72,72.9,98.2,137,36.1,36.8,36.1,138,36.8,135,48.9,49.3,36.1 / 138,36.8 / 135
13227,AZ,Eagle,M,72,71.5,96.0,132,35.3,36.2,35.3,134,36.2,130,47.7,48.3,35.3 / 134,36.2 / 130
13227,AZ,Cougar,M,72,70.9,95.1,129,35.0,35.9,35.0,131,35.9,128,47.3,47.8,35.0 / 131,35.9 / 128
13227,AZ,Bobcat,M,72,69.9,93.7,128,34.8,35.1,34.8,128,35.1,128,46.7,47.0,34.8 / 128,35.1 / 128
13227,AZ,Jaguar,M,72,69.5,93.1,127,34.7,34.8,34.7,127,34.8,127,46.5,46.6,34.7 / 127,34.8 / 127
13227,AZ,Antelope,M,72,69.3,92.8,127,34.1,35.2,34.1,127,35.2,126,45.9,46.9,34.1 / 127,35.2 / 126
13227,AZ,Lynx,M,72,67.5,90.2,123,33.5,34.0,33.5,121,34.0,124,44.7,45.5,33.5 / 121,34.0 / 124
13227,AZ,Coyote,M,72,66.5,87.9,115,33.2,33.3,33.2,114,33.3,116,43.8,44.1,33.2 / 114,33.3 / 116
13227,AZ,Jackrabbit,M,72,64.5,84.9,110,32.0,32.5,32.0,108,32.5,112,42.0,42.9,32.0 / 108,32.5 / 112
13227,AZ,Quail,M,72,62.5,82.4,107,31.0,31.5,31.0,107,31.5,108,40.9,41.5,31.0 / 107,31.5 / 108
13227,AZ,Roadrunner,M,72,61.5,80.8,103,30.5,31.0,30.5,103,31.0,104,40.2,40.6,30.5 / 103,31.0 / 104
13227,AZ,Antelope,F,72,75.1,110.0,148,37.4,37.7,37.4,151,37.7,145,55.2,54.8,37.4 / 151,37.7 / 145
13227,AZ,Coyote,F,72,72.0,104.8,139,35.9,36.1,35.9,144,36.1,134,52.9,51.9,35.9 / 144,36.1 / 134
13227,AZ,Jackrabbit,F,72,69.8,100.3,129,34.6,35.2,34.6,130,35.2,129,49.9,50.4,34.6 / 130,35.2 / 129
13227,AZ,Quail,F,72,66.7,96.2,125,33.2,33.5,33.2,125,33.5,126,47.9,48.3,33.2 / 125,33.5 / 126
13227,AZ,Roadrunner,F,72,65.9,94.2,120,32.7,33.2,32.7,120,33.2,120,46.9,47.3,32.7 / 120,33.2 / 120
13067,AZ,Palmer,M,72,73.2,96.3,125,36.6,36.6,36.6,124,36.6,125,48.1,48.2,36.6 / 124,36.6 / 125
13067,AZ,Blue,M,72,71.0,93.8,123,35.5,35.5,35.5,123,35.5,123,46.9,46.9,35.5 / 123,35.5 / 123
13067,AZ,Blue/White Combo,M,72,69.9,92.4,122,34.8,35.1,34.8,122,35.1,121,46.1,46.3,34.8 / 122,35.1 / 121
13067,AZ,White,M,72,69.3,91.6,120,35.0,34.3,35.0,121,34.3,119,46.2,45.4,35.0 / 121,34.3 / 119
13067,AZ,White/Red Combo,M,72,67.5,89.1,116,33.7,33.8,33.7,116,33.8,116,44.5,44.6,33.7 / 116,33.8 / 116
13067,AZ,Red,M,72,66.3,87.4,114,32.7,33.6,32.7,112,33.6,115,43.1,44.3,32.7 / 112,33.6 / 115
13067,AZ,White,F,72,76.2,107.4,132,38.0,38.2,38.0,132,38.2,132,53.6,53.8,38.0 / 132,38.2 / 132
13067,AZ,White/Red Combo,F,72,72.9,103.2,129,36.9,36.0,36.9,129,36.0,128,52.1,51.1,36.9 / 129,36.0 / 128
13067,AZ,Red,F,72,71.1,100.6,126,35.6,35.5,35.6,125,35.5,126,50.3,50.3,35.6 / 125,35.5 / 126
13309,AZ,Palmer,M,72,73.5,97.9,131,36.8,36.7,36.8,130,36.7,132,48.9,49.0,36.8 / 130,36.7 / 132
13309,AZ,Blue,M,72,71.1,94.2,125,35.6,35.5,35.6,124,35.5,125,47.1,47.1,35.6 / 124,35.5 / 125
13309,AZ,White,M,72,68.9,90.6,117,34.2,34.7,34.2,116,34.7,117,45.0,45.6,34.2 / 116,34.7 / 117
13309,AZ,White/Red Combo,M,72,67.1,88.3,114,33.6,33.5,33.6,113,33.5,115,44.1,44.2,33.6 / 113,33.5 / 115
13309,AZ,Red,M,72,64.8,85.2,110,32.2,32.6,32.2,110,32.6,110,42.4,42.8,32.2 / 110,32.6 / 110
13309,AZ,White,F,72,75.0,105.7,131,37.3,37.7,37.3,130,37.7,131,52.6,53.1,37.3 / 130,37.7 / 131
13309,AZ,White/Red Combo,F,72,73.1,102.8,126,36.6,36.5,36.6,127,36.5,125,51.6,51.2,36.6 / 127,36.5 / 125
13309,AZ,Red,F,72,70.8,99.2,121,35.2,35.6,35.2,120,35.6,121,49.3,49.9,35.2 / 120,35.6 / 121
13157,AZ,Black,M,72,72.2,97.1,134,36.4,35.8,36.4,136,35.8,132,49.0,48.1,36.4 / 136,35.8 / 132
13157,AZ,Black/Blue,M,72,71.7,96.0,131,35.9,35.8,35.9,133,35.8,128,48.3,47.7,35.9 / 133,35.8 / 128
13157,AZ,Blue,M,72,70.2,93.9,128,35.4,34.8,35.4,129,34.8,126,47.4,46.5,35.4 / 129,34.8 / 126
13157,AZ,Blue/Silver,M,72,68.5,91.8,126,34.6,33.9,34.6,128,33.9,123,46.5,45.3,34.6 / 128,33.9 / 123
13157,AZ,Silver,M,72,67.4,90.1,123,33.9,33.5,33.9,124,33.5,121,45.4,44.7,33.9 / 124,33.5 / 121
13157,AZ,Silver/White,M,72,66.3,88.1,118,33.1,33.2,33.1,121,33.2,114,44.3,43.8,33.1 / 121,33.2 / 114
13157,AZ,White,M,72,65.6,86.5,113,32.7,32.9,32.7,115,32.9,110,43.4,43.1,32.7 / 115,32.9 / 110
13157,AZ,White/Yellow,M,72,63.8,83.8,108,31.7,32.1,31.7,109,32.1,107,41.8,42.0,31.7 / 109,32.1 / 107
13157,AZ,Yellow,M,72,63.1,82.6,105,31.4,31.7,31.4,105,31.7,104,41.2,41.4,31.4 / 105,31.7 / 104
13157,AZ,Black,F,72,78.0,111.6,143,39.6,38.4,39.6,143,38.4,142,56.5,55.1,39.6 / 143,38.4 / 142
13157,AZ,Black/Blue,F,72,76.8,109.9,141,38.7,38.1,38.7,142,38.1,139,55.4,54.5,38.7 / 142,38.1 / 139
13157,AZ,Blue,F,72,75.2,107.8,139,38.2,37.0,38.2,140,37.0,137,54.7,53.1,38.2 / 140,37.0 / 137
13157,AZ,Blue/Silver,F,72,74.6,106.5,136,37.9,36.7,37.9,137,36.7,134,54.0,52.5,37.9 / 137,36.7 / 134
13157,AZ,Silver,F,72,72.8,103.8,132,36.8,36.0,36.8,134,36.0,129,52.6,51.2,36.8 / 134,36.0 / 129
13157,AZ,Silver/White,F,72,71.6,101.5,127,36.2,35.4,36.2,129,35.4,125,51.4,50.1,36.2 / 129,35.4 / 125
13157,AZ,White,F,72,70.6,99.3,122,35.3,35.3,35.3,123,35.3,120,49.8,49.5,35.3 / 123,35.3 / 120
13157,AZ,White/Yellow,F,72,68.6,96.1,117,34.1,34.5,34.1,116,34.5,117,47.8,48.3,34.1 / 116,34.5 / 117
13157,AZ,Yellow,F,72,68.2,95.2,115,34.1,34.1,34.1,114,34.1,115,47.5,47.7,34.1 / 114,34.1 / 115
13065,AZ,Blue,M,67,60.9,78.0,92,31.4,29.5,31.4,98,29.5,86,40.5,37.5,31.4 / 98,29.5 / 86
13065,AZ,White,M,67,59.5,75.5,86,30.5,29.0,30.5,91,29.0,81,39.0,36.5,30.5 / 91,29.0 / 81
13065,AZ,Blue,F,67,64.4,87.9,100,33.4,31.0,33.4,106,31.0,93,45.9,42.0,33.4 / 106,31.0 / 93
13065,AZ,White,F,67,62.3,84.7,95,32.2,30.1,32.2,100,30.1,90,44.0,40.7,32.2 / 100,30.1 / 90
13278,AZ,Tips,M,72,72.1,94.6,121,35.7,36.4,35.7,118,36.4,124,46.7,47.9,35.7 / 118,36.4 / 124
13278,AZ,Black,M,72,72.0,94.4,121,35.6,36.4,35.6,118,36.4,123,46.6,47.8,35.6 / 118,36.4 / 123
13278,AZ,Black/Gold,M,72,70.5,92.3,117,34.6,35.9,34.6,117,35.9,117,45.5,46.8,34.6 / 117,35.9 / 117
13278,AZ,Gold,M,72,69.5,90.9,115,34.2,35.3,34.2,114,35.3,116,44.8,46.1,34.2 / 114,35.3 / 116
13278,AZ,I GOT THIS- Black,M,72,67.0,87.3,110,32.8,34.2,32.8,108,34.2,111,42.8,44.5,32.8 / 108,34.2 / 111
13278,AZ,Silver,M,72,66.9,87.2,110,33.0,33.9,33.0,108,33.9,111,43.0,44.2,33.0 / 108,33.9 / 111
13278,AZ,I GOT THIS- Blue,M,72,65.5,85.3,107,32.2,33.3,32.2,104,33.3,109,41.9,43.4,32.2 / 104,33.3 / 109
13278,AZ,Jade,M,72,63.9,82.9,102,31.5,32.4,31.5,100,32.4,104,40.8,42.1,31.5 / 100,32.4 / 104
13278,AZ,Jade,F,72,68.7,94.1,108,34.3,34.4,34.3,107,34.4,109,46.9,47.2,34.3 / 107,34.4 / 109
13278,AZ,I GOT THIS- Pink,F,72,66.6,90.9,103,33.0,33.6,33.0,101,33.6,105,44.9,46.0,33.0 / 101,33.6 / 105
13278,AZ,I GOT THIS- Purple,F,72,64.4,87.4,98,32.2,32.2,32.2,96,32.2,99,43.5,43.9,32.2 / 96,32.2 / 99
13096,AZ,Black,M,72,72.1,96.3,130,36.3,35.8,36.3,130,35.8,130,48.4,47.9,36.3 / 130,35.8 / 130
13096,AZ,Blue,M,72,70.5,94.3,128,35.3,35.2,35.3,131,35.2,125,47.5,46.8,35.3 / 131,35.2 / 125
13096,AZ,Blue/White,M,72,69.3,92.4,125,34.6,34.7,34.6,125,34.7,124,46.2,46.2,34.6 / 125,34.7 / 124
13096,AZ,White,M,72,68.4,90.7,120,34.3,34.1,34.3,121,34.1,119,45.5,45.2,34.3 / 121,34.1 / 119
13096,AZ,Green/White,M,72,66.6,88.1,116,33.4,33.2,33.4,116,33.2,115,44.2,43.9,33.4 / 116,33.2 / 115
13096,AZ,Green,M,72,65.7,86.6,113,33.0,32.7,33.0,115,32.7,110,43.7,42.9,33.0 / 115,32.7 / 110
13096,AZ,Gold/Green,M,72,64.2,84.4,109,32.2,32.0,32.2,110,32.0,108,42.4,42.0,32.2 / 110,32.0 / 108
13096,AZ,Gold,M,72,63.1,82.8,106,31.9,31.2,31.9,107,31.2,105,41.8,41.0,31.9 / 107,31.2 / 105
13096,AZ,Gold/Silver,M,72,61.9,81.2,103,30.7,31.2,30.7,104,31.2,103,40.4,40.8,30.7 / 104,31.2 / 103
13096,AZ,Silver,M,72,59.0,77.0,97,29.7,29.3,29.7,98,29.3,96,38.8,38.2,29.7 / 98,29.3 / 96
13096,AZ,Black,F,72,78.7,112.5,143,39.4,39.3,39.4,142,39.3,144,56.2,56.3,39.4 / 142,39.3 / 144
13096,AZ,Blue,F,72,76.5,109.1,138,38.3,38.2,38.3,139,38.2,137,54.7,54.4,38.3 / 139,38.2 / 137
13096,AZ,Blue/White,F,72,75.4,107.4,136,37.5,37.9,37.5,137,37.9,135,53.6,53.8,37.5 / 137,37.9 / 135
13096,AZ,White,F,72,74.4,105.4,132,37.4,37.0,37.4,131,37.0,132,52.8,52.6,37.4 / 131,37.0 / 132
13096,AZ,Green/White,F,72,72.7,103.1,129,36.4,36.3,36.4,128,36.3,130,51.5,51.6,36.4 / 128,36.3 / 130
13096,AZ,Green,F,72,71.5,101.0,126,35.8,35.7,35.8,125,35.7,126,50.5,50.5,35.8 / 125,35.7 / 126
13096,AZ,Gold/Green,F,72,69.9,98.4,121,35.1,34.8,35.1,120,34.8,122,49.2,49.2,35.1 / 120,34.8 / 122
13096,AZ,Gold,F,72,68.4,95.5,115,34.6,33.8,34.6,114,33.8,115,48.1,47.4,34.6 / 114,33.8 / 115
13096,AZ,Gold/Silver,F,72,65.2,90.8,109,32.8,32.4,32.8,108,32.4,109,45.5,45.3,32.8 / 108,32.4 / 109
13096,AZ,Silver,F,72,61.7,85.7,102,31.1,30.6,31.1,98,30.6,105,42.7,43.0,31.1 / 98,30.6 / 105
13097,AZ,Black,M,72,73.4,98.6,136,36.5,36.9,36.5,135,36.9,137,49.0,49.6,36.5 / 135,36.9 / 137
13097,AZ,Blue,M,72,71.4,95.6,130,35.7,35.7,35.7,131,35.7,129,47.9,47.7,35.7 / 131,35.7 / 129
13097,AZ,Blue/White,M,72,70.7,94.4,128,35.1,35.6,35.1,129,35.6,126,47.1,47.3,35.1 / 129,35.6 / 126
13097,AZ,White,M,72,69.6,92.6,124,34.7,34.9,34.7,123,34.9,125,46.1,46.5,34.7 / 123,34.9 / 125
13097,AZ,Green/White,M,72,68.5,90.8,120,34.1,34.4,34.1,121,34.4,119,45.3,45.5,34.1 / 121,34.4 / 119
13097,AZ,Green,M,72,67.2,89.0,117,33.4,33.8,33.4,116,33.8,118,44.2,44.8,33.4 / 116,33.8 / 118
13097,AZ,Gold/Green,M,72,66.0,87.1,114,32.7,33.3,32.7,112,33.3,115,43.1,44.0,32.7 / 112,33.3 / 115
13097,AZ,Gold,M,72,64.7,84.9,109,32.3,32.4,32.3,109,32.4,109,42.4,42.5,32.3 / 109,32.4 / 109
13097,AZ,Gold/Silver,M,72,61.8,81.0,103,30.9,30.9,30.9,103,30.9,103,40.5,40.5,30.9 / 103,30.9 / 103
13097,AZ,Silver,M,72,60.2,78.6,99,29.9,30.3,29.9,98,30.3,100,39.0,39.6,29.9 / 98,30.3 / 100
13097,AZ,Black,F,72,80.2,115.0,148,39.8,40.4,39.8,150,40.4,145,57.5,57.5,39.8 / 150,40.4 / 145
13097,AZ,Blue,F,72,78.0,111.6,143,38.9,39.1,38.9,145,39.1,140,56.0,55.6,38.9 / 145,39.1 / 140
13097,AZ,Blue/White,F,72,76.9,110.0,141,38.1,38.8,38.1,144,38.8,137,55.1,54.9,38.1 / 144,38.8 / 137
13097,AZ,White,F,72,76.0,108.4,137,37.5,38.5,37.5,140,38.5,135,54.0,54.4,37.5 / 140,38.5 / 135
13097,AZ,Green/White,F,72,74.2,105.9,135,36.8,37.4,36.8,139,37.4,130,53.2,52.7,36.8 / 139,37.4 / 130
13097,AZ,Green,F,72,72.8,104.0,133,36.1,36.7,36.1,136,36.7,129,52.1,51.9,36.1 / 136,36.7 / 129
13097,AZ,Gold/Green,F,72,71.7,101.6,127,35.4,36.3,35.4,127,36.3,126,50.4,51.2,35.4 / 127,36.3 / 126
13097,AZ,Gold,F,72,70.8,99.7,123,35.3,35.5,35.3,123,35.5,122,49.8,49.9,35.3 / 123,35.5 / 122
13097,AZ,Gold/Silver,F,72,65.5,92.2,113,33.0,32.5,33.0,114,32.5,112,46.5,45.7,33.0 / 114,32.5 / 112
13097,AZ,Silver,F,72,62.9,86.9,102,31.5,31.4,31.5,101,31.4,103,43.4,43.5,31.5 / 101,31.4 / 103
13099,AZ,Black,M,72,74.2,100.9,144,37.5,36.7,37.5,145,36.7,142,51.0,49.9,37.5 / 145,36.7 / 142
13099,AZ,Blue,M,72,72.3,98.0,139,36.5,35.8,36.5,141,35.8,136,49.6,48.4,36.5 / 141,35.8 / 136
13099,AZ,Blue/White Combo,M,72,71.1,96.2,135,35.7,35.4,35.7,138,35.4,132,48.5,47.7,35.7 / 138,35.4 / 132
13099,AZ,White,M,72,69.7,94.2,132,35.2,34.5,35.2,133,34.5,130,47.6,46.6,35.2 / 133,34.5 / 130
13099,AZ,Gold,M,72,67.7,91.3,127,34.0,33.7,34.0,129,33.7,125,46.0,45.3,34.0 / 129,33.7 / 125
13099,AZ,Red,M,72,65.1,86.8,117,32.7,32.4,32.7,117,32.4,116,43.6,43.2,32.7 / 117,32.4 / 116
13099,AZ,Ponderosa,M,72,61.1,81.0,108,30.6,30.5,30.6,107,30.5,108,40.5,40.5,30.6 / 107,30.5 / 108
13099,AZ,White,F,72,76.3,111.3,149,38.4,37.9,38.4,150,37.9,147,56.1,55.2,38.4 / 150,37.9 / 147
13099,AZ,Gold,F,72,74.2,108.1,144,37.2,37.0,37.2,144,37.0,143,54.2,53.9,37.2 / 144,37.0 / 143
13099,AZ,Red,F,72,71.1,102.5,133,35.9,35.2,35.9,132,35.2,134,51.5,51.0,35.9 / 132,35.2 / 134
13099,AZ,Ponderosa,F,72,65.7,94.3,122,33.2,32.5,33.2,118,32.5,125,47.1,47.2,33.2 / 118,32.5 / 125
13098,AZ,Black,M,72,73.0,99.3,142,36.9,36.1,36.9,141,36.1,142,50.0,49.3,36.9 / 141,36.1 / 142
13098,AZ,Blue,M,72,71.1,96.7,138,35.7,35.4,35.7,139,35.4,137,48.6,48.1,35.7 / 139,35.4 / 137
13098,AZ,Blue/White Combo,M,72,69.7,94.9,136,35.0,34.7,35.0,136,34.7,136,47.6,47.3,35.0 / 136,34.7 / 136
13098,AZ,White,M,72,68.3,92.7,131,34.1,34.2,34.1,131,34.2,131,46.3,46.4,34.1 / 131,34.2 / 131
13098,AZ,Gold,M,72,66.9,90.2,126,33.3,33.6,33.3,126,33.6,125,45.0,45.2,33.3 / 126,33.6 / 125
13098,AZ,Red,M,72,64.2,85.3,114,31.7,32.5,31.7,115,32.5,112,42.4,42.9,31.7 / 115,32.5 / 112
13098,AZ,Ponderosa,M,72,60.0,79.5,105,30.2,29.8,30.2,105,29.8,104,40.0,39.5,30.2 / 105,29.8 / 104
13098,AZ,White,F,72,73.9,108.0,145,36.9,37.0,36.9,145,37.0,144,54.0,54.0,36.9 / 145,37.0 / 144
13098,AZ,Gold,F,72,73.2,106.4,141,36.4,36.8,36.4,142,36.8,139,53.2,53.2,36.4 / 142,36.8 / 139
13098,AZ,Red,F,72,68.6,98.6,128,34.1,34.5,34.1,129,34.5,126,49.3,49.3,34.1 / 129,34.5 / 126
13098,AZ,Ponderosa,F,72,62.5,89.0,112,31.8,30.7,31.8,114,30.7,110,45.3,43.7,31.8 / 114,30.7 / 110
13026,AZ,Oro,M,72,72.3,96.1,128,35.2,37.1,35.2,125,37.1,131,46.8,49.3,35.2 / 125,37.1 / 131
13026,AZ,Azul,M,72,69.9,93.0,125,33.9,36.0,33.9,122,36.0,127,45.2,47.8,33.9 / 122,36.0 / 127
13026,AZ,Verde,M,72,68.6,91.2,122,33.5,35.1,33.5,121,35.1,123,44.7,46.5,33.5 / 121,35.1 / 123
13026,AZ,Blanco,M,72,67.2,89.1,118,32.8,34.4,32.8,116,34.4,119,43.6,45.5,32.8 / 116,34.4 / 119
13026,AZ,Rojo,M,72,63.3,83.4,109,31.0,32.3,31.0,108,32.3,109,41.0,42.4,31.0 / 108,32.3 / 109
13026,AZ,Forward,M,72,61.4,80.8,104,30.4,31.0,30.4,105,31.0,103,40.2,40.6,30.4 / 105,31.0 / 103
13026,AZ,Blanco,F,72,72.4,102.9,130,35.4,37.0,35.4,125,37.0,134,50.1,52.8,35.4 / 125,37.0 / 134
13026,AZ,Rojo,F,72,68.4,96.8,120,33.4,35.0,33.4,114,35.0,126,46.9,49.9,33.4 / 114,35.0 / 126
13026,AZ,Forward,F,72,65.2,92.0,114,32.3,32.9,32.3,109,32.9,119,45.1,46.9,32.3 / 109,32.9 / 119
13100,AZ,Black,M,71,73.2,98.2,135,35.9,37.3,35.9,133,37.3,136,48.3,49.9,35.9 / 133,37.3 / 136
13100,AZ,Black/Blue,M,71,72.1,96.4,131,35.4,36.7,35.4,129,36.7,132,47.4,49.0,35.4 / 129,36.7 / 132
13100,AZ,Blue,M,71,71.1,95.1,129,34.7,36.4,34.7,128,36.4,130,46.6,48.5,34.7 / 128,36.4 / 130
13100,AZ,Blue/White,M,71,69.9,92.8,124,34.2,35.7,34.2,122,35.7,125,45.5,47.3,34.2 / 122,35.7 / 125
13100,AZ,White,M,71,68.6,90.9,120,33.6,35.0,33.6,119,35.0,121,44.7,46.2,33.6 / 119,35.0 / 121
13100,AZ,White/Red,M,71,66.8,88.5,117,32.5,34.3,32.5,115,34.3,118,43.2,45.3,32.5 / 115,34.3 / 118
13100,AZ,Red,M,71,64.8,85.9,114,31.5,33.3,31.5,112,33.3,115,41.9,44.0,31.5 / 112,33.3 / 115
13100,AZ,White,F,71,74.3,105.3,132,36.1,38.2,36.1,129,38.2,134,51.3,54.0,36.1 / 129,38.2 / 134
13100,AZ,White/Red,F,71,71.9,101.4,125,35.0,36.9,35.0,121,36.9,129,49.3,52.1,35.0 / 121,36.9 / 129
13100,AZ,Red,F,71,69.8,97.8,119,34.0,35.8,34.0,116,35.8,121,47.7,50.1,34.0 / 116,35.8 / 121
13101,AZ,Black,M,71,74.7,101.0,142,37.3,37.4,37.3,139,37.4,144,50.2,50.8,37.3 / 139,37.4 / 144
13101,AZ,Black/Blue Combo,M,71,72.7,97.8,135,36.1,36.6,36.1,133,36.6,137,48.5,49.3,36.1 / 133,36.6 / 137
13101,AZ,Blue,M,71,71.5,95.8,131,35.7,35.8,35.7,128,35.8,133,47.6,48.2,35.7 / 128,35.8 / 133
13101,AZ,Blue/White Combo,M,71,70.8,94.2,126,35.3,35.5,35.3,122,35.5,130,46.6,47.6,35.3 / 122,35.5 / 130
13101,AZ,White,M,71,68.9,91.6,123,34.4,34.5,34.4,121,34.5,124,45.6,46.0,34.4 / 121,34.5 / 124
13101,AZ,Red,M,71,66.2,87.3,114,32.7,33.5,32.7,112,33.5,115,43.1,44.2,32.7 / 112,33.5 / 115
13101,AZ,White,F,71,75.0,106.9,136,37.3,37.7,37.3,129,37.7,142,52.5,54.4,37.3 / 129,37.7 / 142
13101,AZ,Red,F,71,70.8,99.6,122,34.7,36.1,34.7,116,36.1,128,48.4,51.2,34.7 / 116,36.1 / 128
13069,AZ,Blue,M,72,71.2,94.9,128,35.1,36.1,35.1,123,36.1,132,46.5,48.4,35.1 / 123,36.1 / 132
13069,AZ,White,M,72,69.6,92.3,122,34.4,35.2,34.4,117,35.2,127,45.3,47.0,34.4 / 117,35.2 / 127
13069,AZ,Gold,M,72,66.7,88.1,115,33.5,33.2,33.5,111,33.2,119,43.8,44.3,33.5 / 111,33.2 / 119
13069,AZ,Red,M,72,66.1,87.0,113,33.2,32.9,33.2,109,32.9,116,43.3,43.7,33.2 / 109,32.9 / 116
13069,AZ,Green,M,72,61.4,80.5,103,30.4,31.0,30.4,102,31.0,103,39.9,40.6,30.4 / 102,31.0 / 103
13069,AZ,White,F,72,74.5,104.4,127,36.9,37.6,36.9,125,37.6,129,51.6,52.8,36.9 / 125,37.6 / 129
13069,AZ,Gold,F,72,71.8,99.5,118,36.0,35.8,36.0,118,35.8,117,49.9,49.6,36.0 / 118,35.8 / 117
13069,AZ,Red,F,72,70.6,98.1,117,35.3,35.3,35.3,116,35.3,117,49.0,49.1,35.3 / 116,35.3 / 117
13069,AZ,Green,F,72,62.8,87.2,104,31.3,31.5,31.3,102,31.5,105,43.3,43.9,31.3 / 102,31.5 / 105
13279,AZ,Tournament,M,72,73.4,98.4,135,36.4,37.0,36.4,136,37.0,133,49.0,49.4,36.4 / 136,37.0 / 133
13279,AZ,Trilogy,M,72,72.0,95.8,128,35.7,36.3,35.7,127,36.3,129,47.5,48.3,35.7 / 127,36.3 / 129
13279,AZ,Vistancia,M,72,70.4,93.4,124,35.1,35.3,35.1,123,35.3,125,46.5,46.9,35.1 / 123,35.3 / 125
13279,AZ,Vistancia/Verde,M,72,69.4,91.8,121,34.5,34.9,34.5,121,34.9,121,45.7,46.1,34.5 / 121,34.9 / 121
13279,AZ,Verde,M,72,68.7,90.9,120,34.2,34.5,34.2,121,34.5,118,45.4,45.5,34.2 / 121,34.5 / 118
13279,AZ,Verde/Forward,M,72,67.5,89.1,116,33.6,33.9,33.6,116,33.9,116,44.4,44.7,33.6 / 116,33.9 / 116
13279,AZ,Forward,M,72,66.5,87.3,112,32.6,33.9,32.6,109,33.9,115,42.7,44.6,32.6 / 109,33.9 / 115
13279,AZ,Tee it Forward,M,72,60.5,79.1,100,29.8,30.7,29.8,98,30.7,102,38.9,40.2,29.8 / 98,30.7 / 102
13279,AZ,Verde,F,72,75.0,107.1,136,37.1,37.9,37.1,137,37.9,135,53.3,53.8,37.1 / 137,37.9 / 135
13279,AZ,Verde/Forward,F,72,73.4,104.1,131,36.4,37.0,36.4,131,37.0,130,51.8,52.3,36.4 / 131,37.0 / 130
13279,AZ,Forward,F,72,71.7,101.4,126,35.1,36.6,35.1,127,36.6,125,50.1,51.3,35.1 / 127,36.6 / 125
13279,AZ,Tee it Forward,F,72,64.0,89.9,110,31.5,32.5,31.5,107,32.5,113,44.1,45.8,31.5 / 107,32.5 / 113
13280,AZ,Weiskopf,M,72,73.8,101.0,146,37.0,36.8,37.0,145,36.8,147,50.5,50.5,37.0 / 145,36.8 / 147
13280,AZ,Black,M,72,72.0,97.8,139,36.1,35.9,36.1,138,35.9,140,48.9,48.9,36.1 / 138,35.9 / 140
13280,AZ,Black/Blue,M,72,71.0,96.1,136,35.7,35.3,35.7,135,35.3,136,48.2,47.9,35.7 / 135,35.3 / 136
13280,AZ,Blue,M,72,70.2,94.4,130,35.3,34.9,35.3,129,34.9,131,47.3,47.1,35.3 / 129,34.9 / 131
13280,AZ,White,M,72,68.1,91.3,125,34.1,34.0,34.1,124,34.0,126,45.6,45.7,34.1 / 124,34.0 / 126
13280,AZ,White/Gold,M,72,66.4,89.2,123,33.4,33.0,33.4,122,33.0,124,44.7,44.5,33.4 / 122,33.0 / 124
13280,AZ,Gold,M,72,65.5,87.6,119,32.9,32.6,32.9,118,32.6,119,43.9,43.7,32.9 / 118,32.6 / 119
13280,AZ,Copper,M,72,63.1,83.9,112,31.5,31.6,31.5,110,31.6,114,41.7,42.2,31.5 / 110,31.6 / 114
13280,AZ,Blue,F,72,76.0,110.4,146,37.9,38.1,37.9,142,38.1,149,54.7,55.7,37.9 / 142,38.1 / 149
13280,AZ,White,F,72,74.0,106.7,139,36.9,37.1,36.9,137,37.1,141,53.0,53.7,36.9 / 137,37.1 / 141
13280,AZ,White/Gold,F,72,72.2,103.6,133,36.0,36.2,36.0,132,36.2,134,51.6,52.0,36.0 / 132,36.2 / 134
13280,AZ,Gold,F,72,70.4,100.7,129,35.2,35.2,35.2,127,35.2,130,50.2,50.5,35.2 / 127,35.2 / 130
13280,AZ,Copper,F,72,67.8,96.7,123,33.5,34.3,33.5,120,34.3,126,47.6,49.1,33.5 / 120,34.3 / 126
13177,AZ,Black,M,72,73.7,101.4,149,36.8,36.9,36.8,145,36.9,153,50.3,51.1,36.8 / 145,36.9 / 153
13177,AZ,Gold,M,72,72.5,98.8,142,36.2,36.3,36.2,140,36.3,143,49.2,49.6,36.2 / 140,36.3 / 143
13177,AZ,Silver,M,72,70.1,94.9,133,35.0,35.1,35.0,133,35.1,133,47.4,47.5,35.0 / 133,35.1 / 133
13177,AZ,Copper,M,72,68.8,92.6,128,34.2,34.6,34.2,128,34.6,128,46.1,46.5,34.2 / 128,34.6 / 128
13177,AZ,Copper/Jade,M,72,66.9,89.9,124,33.5,33.4,33.5,125,33.4,123,45.1,44.8,33.5 / 125,33.4 / 123
13177,AZ,Jade,M,72,65.3,87.6,120,32.8,32.5,32.8,119,32.5,121,43.9,43.7,32.8 / 119,32.5 / 121
13177,AZ,Express 9,M,54,56.2,72.0,85,28.1,28.1,28.1,85,28.1,85,36.0,36.0,28.1 / 85,28.1 / 85
13177,AZ,Silver,F,72,75.6,108.4,139,37.8,37.8,37.8,138,37.8,140,54.1,54.3,37.8 / 138,37.8 / 140
13177,AZ,Copper,F,72,73.2,104.6,133,36.5,36.7,36.5,132,36.7,134,52.1,52.5,36.5 / 132,36.7 / 134
13177,AZ,Copper/Jade,F,72,71.4,102.3,131,35.7,35.7,35.7,131,35.7,131,51.1,51.2,35.7 / 131,35.7 / 131
13177,AZ,Jade,F,72,68.9,97.7,122,34.6,34.3,34.6,120,34.3,124,48.8,48.9,34.6 / 120,34.3 / 124
13177,AZ,Express 9,F,54,58.4,80.0,92,29.2,29.2,29.2,92,29.2,92,40.0,40.0,29.2 / 92,29.2 / 92
35415,AZ,Black,M,72,73.5,100.5,145,36.8,36.7,36.8,145,36.7,145,50.3,50.2,36.8 / 145,36.7 / 145
35415,AZ,Gold,M,72,72.5,98.5,140,36.2,36.3,36.2,140,36.3,140,49.2,49.3,36.2 / 140,36.3 / 140
35415,AZ,Silver,M,72,70.0,94.7,133,35.0,35.0,35.0,133,35.0,132,47.4,47.3,35.0 / 133,35.0 / 132
35415,AZ,Copper,M,72,69.3,93.2,129,34.2,35.1,34.2,128,35.1,129,46.1,47.1,34.2 / 128,35.1 / 129
35415,AZ,Copper/Jade,M,72,66.8,89.9,125,33.5,33.3,33.5,125,33.3,124,45.1,44.8,33.5 / 125,33.3 / 124
35415,AZ,Jade,M,72,65.3,87.1,117,32.8,32.5,32.8,119,32.5,115,43.9,43.2,32.8 / 119,32.5 / 115
35415,AZ,Silver,F,72,76.0,109.3,141,37.8,38.2,37.8,138,38.2,144,54.1,55.2,37.8 / 138,38.2 / 144
35415,AZ,Copper,F,72,73.8,105.5,135,36.5,37.3,36.5,132,37.3,137,52.1,53.4,36.5 / 132,37.3 / 137
35415,AZ,Copper/Jade,F,72,71.1,101.8,131,35.7,35.4,35.7,131,35.4,130,51.1,50.7,35.7 / 131,35.4 / 130
35415,AZ,Jade,F,72,69.4,98.3,123,34.6,34.8,34.6,120,34.8,125,48.8,49.5,34.6 / 120,34.8 / 125
35343,AZ,Black,M,71,73.8,101.5,149,36.9,36.9,36.9,145,36.9,153,50.4,51.1,36.9 / 145,36.9 / 153
35343,AZ,Gold,M,71,72.5,98.8,142,36.2,36.3,36.2,140,36.3,143,49.2,49.6,36.2 / 140,36.3 / 143
35343,AZ,Silver,M,71,70.1,94.8,133,35.0,35.1,35.0,132,35.1,133,47.3,47.5,35.0 / 132,35.1 / 133
35343,AZ,Copper,M,71,69.0,92.8,128,34.4,34.6,34.4,128,34.6,128,46.3,46.5,34.4 / 128,34.6 / 128
35343,AZ,Copper/Jade,M,71,66.7,89.6,124,33.3,33.4,33.3,124,33.4,123,44.8,44.8,33.3 / 124,33.4 / 123
35343,AZ,Jade,M,71,64.9,86.9,119,32.4,32.5,32.4,116,32.5,121,43.2,43.7,32.4 / 116,32.5 / 121
35343,AZ,Silver,F,71,76.0,109.5,142,38.2,37.8,38.2,144,37.8,140,55.2,54.3,38.2 / 144,37.8 / 140
35343,AZ,Copper,F,71,73.5,105.3,135,36.8,36.7,36.8,136,36.7,134,52.8,52.5,36.8 / 136,36.7 / 134
35343,AZ,Copper/Jade,F,71,71.1,102.0,131,35.4,35.7,35.4,131,35.7,131,50.8,51.2,35.4 / 131,35.7 / 131
35343,AZ,Jade,F,71,68.9,98.0,124,34.6,34.3,34.6,123,34.3,124,49.1,48.9,34.6 / 123,34.3 / 124
13178,AZ,Black,M,71,73.5,101.0,148,36.7,36.8,36.7,150,36.8,146,50.6,50.4,36.7 / 150,36.8 / 146
13178,AZ,Gold,M,71,72.1,98.4,142,35.8,36.3,35.8,143,36.3,140,49.1,49.3,35.8 / 143,36.3 / 140
13178,AZ,Silver,M,71,70.1,94.8,133,35.1,35.0,35.1,133,35.0,132,47.5,47.3,35.1 / 133,35.0 / 132
13178,AZ,Copper,M,71,69.2,93.0,128,34.3,34.9,34.3,129,34.9,127,46.3,46.7,34.3 / 129,34.9 / 127
13178,AZ,Copper/Jade,M,71,66.0,88.9,124,32.7,33.3,32.7,123,33.3,124,44.1,44.8,32.7 / 123,33.3 / 124
13178,AZ,Jade,M,71,64.5,86.3,117,31.9,32.6,31.9,118,32.6,116,42.9,43.4,31.9 / 118,32.6 / 116
13178,AZ,Silver,F,71,75.3,108.2,140,37.1,38.2,37.1,135,38.2,144,53.0,55.2,37.1 / 135,38.2 / 144
13178,AZ,Copper,F,71,72.7,104.2,134,35.6,37.1,35.6,131,37.1,136,51.1,53.1,35.6 / 131,37.1 / 136
13178,AZ,Copper/Jade,F,71,70.0,99.8,127,34.5,35.5,34.5,123,35.5,130,49.0,50.8,34.5 / 123,35.5 / 130
13178,AZ,Jade,F,71,68.0,96.1,119,33.3,34.7,33.3,114,34.7,124,46.8,49.3,33.3 / 114,34.7 / 124
30370,AZ,Gold,M,71,70.1,94.1,129,35.1,35.0,35.1,126,35.0,132,46.8,47.3,35.1 / 126,35.0 / 132
30370,AZ,Blue,M,71,68.6,91.3,122,34.4,34.2,34.4,119,34.2,125,45.5,45.8,34.4 / 119,34.2 / 125
30370,AZ,Blue/White,M,71,67.5,89.5,119,33.8,33.7,33.8,116,33.7,121,44.6,44.9,33.8 / 116,33.7 / 121
30370,AZ,White,M,71,65.8,87.2,115,33.0,32.8,33.0,114,32.8,116,43.6,43.6,33.0 / 114,32.8 / 116
30370,AZ,White/Green,M,71,63.9,84.4,111,31.8,32.1,31.8,112,32.1,109,42.2,42.2,31.8 / 112,32.1 / 109
30370,AZ,Green,M,71,62.7,82.4,106,31.3,31.4,31.3,109,31.4,103,41.4,41.0,31.3 / 109,31.4 / 103
30370,AZ,Gold,F,71,77.0,111.0,144,38.5,38.5,38.5,145,38.5,143,55.6,55.4,38.5 / 145,38.5 / 143
30370,AZ,Blue,F,71,74.5,106.8,137,37.3,37.2,37.3,140,37.2,134,53.8,53.0,37.3 / 140,37.2 / 134
30370,AZ,Blue/White,F,71,73.0,104.1,132,36.6,36.4,36.6,133,36.4,131,52.3,51.8,36.6 / 133,36.4 / 131
30370,AZ,White,F,71,71.2,101.7,129,35.9,35.3,35.9,131,35.3,127,51.4,50.3,35.9 / 131,35.3 / 127
30370,AZ,White/Green,F,71,69.8,97.8,119,34.9,34.9,34.9,122,34.9,115,49.3,48.5,34.9 / 122,34.9 / 115
30370,AZ,Green,F,71,68.4,95.3,114,34.3,34.1,34.3,116,34.1,112,48.0,47.3,34.3 / 116,34.1 / 112
13224,AZ,Gold,M,71,72.6,96.9,131,35.1,37.5,35.1,126,37.5,136,46.8,50.1,35.1 / 126,37.5 / 136
13224,AZ,Blue,M,71,70.3,93.4,124,34.4,35.9,34.4,119,35.9,129,45.5,47.9,34.4 / 119,35.9 / 129
13224,AZ,Blue/White,M,71,68.2,90.6,121,33.8,34.4,33.8,116,34.4,125,44.6,46.0,33.8 / 116,34.4 / 125
13224,AZ,White,M,71,67.2,89.3,119,33.0,34.2,33.0,114,34.2,124,43.6,45.7,33.0 / 114,34.2 / 124
13224,AZ,White/Green,M,71,64.8,85.8,113,31.8,33.0,31.8,112,33.0,114,42.2,43.6,31.8 / 112,33.0 / 114
13224,AZ,Green,M,71,63.5,83.5,108,31.3,32.2,31.3,109,32.2,107,41.4,42.1,31.3 / 109,32.2 / 107
13224,AZ,Gold,F,71,79.5,114.7,149,38.5,41.0,38.5,145,41.0,153,55.6,59.1,38.5 / 145,41.0 / 153
13224,AZ,Blue,F,71,76.9,111.0,145,37.3,39.6,37.3,140,39.6,149,53.8,57.2,37.3 / 140,39.6 / 149
13224,AZ,Blue/White,F,71,74.1,106.4,137,36.6,37.5,36.6,133,37.5,141,52.3,54.1,36.6 / 133,37.5 / 141
13224,AZ,White,F,71,73.2,105.0,135,35.9,37.3,35.9,131,37.3,138,51.4,53.6,35.9 / 131,37.3 / 138
13224,AZ,White/Green,F,71,70.7,100.2,125,34.9,35.8,34.9,122,35.8,128,49.3,50.9,34.9 / 122,35.8 / 128
13224,AZ,Green,F,71,69.5,97.3,118,34.3,35.2,34.3,116,35.2,120,48.0,49.3,34.3 / 116,35.2 / 120
13225,AZ,Gold,M,71,70.1,94.1,129,35.0,35.1,35.0,132,35.1,126,47.3,46.8,35.0 / 132,35.1 / 126
13225,AZ,Blue,M,71,68.6,91.3,122,34.2,34.4,34.2,125,34.4,119,45.8,45.5,34.2 / 125,34.4 / 119
13225,AZ,Blue/White,M,71,67.5,89.5,119,33.7,33.8,33.7,121,33.8,116,44.9,44.6,33.7 / 121,33.8 / 116
13225,AZ,White,M,71,65.8,87.2,115,32.8,33.0,32.8,116,33.0,114,43.6,43.6,32.8 / 116,33.0 / 114
13225,AZ,White/Green,M,71,63.9,84.4,111,32.1,31.8,32.1,109,31.8,112,42.2,42.2,32.1 / 109,31.8 / 112
13225,AZ,Green,M,71,62.7,82.4,106,31.4,31.3,31.4,103,31.3,109,41.0,41.4,31.4 / 103,31.3 / 109
13225,AZ,Gold,F,71,77.0,111.0,144,38.5,38.5,38.5,143,38.5,145,55.4,55.6,38.5 / 143,38.5 / 145
13225,AZ,Blue,F,71,74.5,106.8,137,37.2,37.3,37.2,134,37.3,140,53.0,53.8,37.2 / 134,37.3 / 140
13225,AZ,Blue/White,F,71,73.0,104.1,132,36.4,36.6,36.4,131,36.6,133,51.8,52.3,36.4 / 131,36.6 / 133
13225,AZ,White,F,71,71.2,101.7,129,35.3,35.9,35.3,127,35.9,131,50.3,51.4,35.3 / 127,35.9 / 131
13225,AZ,White/Green,F,71,69.8,97.8,119,34.9,34.9,34.9,115,34.9,122,48.5,49.3,34.9 / 115,34.9 / 122
13225,AZ,Green,F,71,68.4,95.3,114,34.1,34.3,34.1,112,34.3,116,47.3,48.0,34.1 / 112,34.3 / 116
30368,AZ,Gold,M,72,72.5,97.4,134,35.0,37.5,35.0,132,37.5,136,47.3,50.1,35.0 / 132,37.5 / 136
30368,AZ,Blue,M,72,70.1,93.7,127,34.2,35.9,34.2,125,35.9,129,45.8,47.9,34.2 / 125,35.9 / 129
30368,AZ,Blue/White,M,72,68.1,90.9,123,33.7,34.4,33.7,121,34.4,125,44.9,46.0,33.7 / 121,34.4 / 125
30368,AZ,White,M,72,67.0,89.3,120,32.8,34.2,32.8,116,34.2,124,43.6,45.7,32.8 / 116,34.2 / 124
30368,AZ,White/Green,M,72,65.1,85.8,112,32.1,33.0,32.1,109,33.0,114,42.2,43.6,32.1 / 109,33.0 / 114
30368,AZ,Green,M,72,63.6,83.1,105,31.4,32.2,31.4,103,32.2,107,41.0,42.1,31.4 / 103,32.2 / 107
30368,AZ,Gold,F,72,79.5,114.5,148,38.5,41.0,38.5,143,41.0,153,55.4,59.1,38.5 / 143,41.0 / 153
30368,AZ,Blue,F,72,76.8,110.2,142,37.2,39.6,37.2,134,39.6,149,53.0,57.2,37.2 / 134,39.6 / 149
30368,AZ,Blue/White,F,72,73.9,105.9,136,36.4,37.5,36.4,131,37.5,141,51.8,54.1,36.4 / 131,37.5 / 141
30368,AZ,White,F,72,72.6,103.9,133,35.3,37.3,35.3,127,37.3,138,50.3,53.6,35.3 / 127,37.3 / 138
30368,AZ,White/Green,F,72,70.7,99.4,122,34.9,35.8,34.9,115,35.8,128,48.5,50.9,34.9 / 115,35.8 / 128
30368,AZ,Green,F,72,69.3,96.6,116,34.1,35.2,34.1,112,35.2,120,47.3,49.3,34.1 / 112,35.2 / 120
30369,AZ,Gold,M,71,72.6,96.9,131,37.5,35.1,37.5,136,35.1,126,50.1,46.8,37.5 / 136,35.1 / 126
30369,AZ,Blue,M,71,70.3,93.4,124,35.9,34.4,35.9,129,34.4,119,47.9,45.5,35.9 / 129,34.4 / 119
30369,AZ,Blue/White,M,71,68.2,90.6,121,34.4,33.8,34.4,125,33.8,116,46.0,44.6,34.4 / 125,33.8 / 116
30369,AZ,White,M,71,67.2,89.3,119,34.2,33.0,34.2,124,33.0,114,45.7,43.6,34.2 / 124,33.0 / 114
30369,AZ,White/Green,M,71,64.8,85.8,113,33.0,31.8,33.0,114,31.8,112,43.6,42.2,33.0 / 114,31.8 / 112
30369,AZ,Green,M,71,63.5,83.5,108,32.2,31.3,32.2,107,31.3,109,42.1,41.4,32.2 / 107,31.3 / 109
30369,AZ,Gold,F,71,79.5,114.7,149,41.0,38.5,41.0,153,38.5,145,59.1,55.6,41.0 / 153,38.5 / 145
30369,AZ,Blue,F,71,76.9,111.0,145,39.6,37.3,39.6,149,37.3,140,57.2,53.8,39.6 / 149,37.3 / 140
30369,AZ,Blue/White,F,71,74.1,106.4,137,37.5,36.6,37.5,141,36.6,133,54.1,52.3,37.5 / 141,36.6 / 133
30369,AZ,White,F,71,73.2,105.0,135,37.3,35.9,37.3,138,35.9,131,53.6,51.4,37.3 / 138,35.9 / 131
30369,AZ,White/Green,F,71,70.7,100.2,125,35.8,34.9,35.8,128,34.9,122,50.9,49.3,35.8 / 128,34.9 / 122
30369,AZ,Green,F,71,69.5,97.3,118,35.2,34.3,35.2,120,34.3,116,49.3,48.0,35.2 / 120,34.3 / 116
13223,AZ,Gold,M,72,72.5,97.4,134,37.5,35.0,37.5,136,35.0,132,50.1,47.3,37.5 / 136,35.0 / 132
13223,AZ,Blue,M,72,70.1,93.7,127,35.9,34.2,35.9,129,34.2,125,47.9,45.8,35.9 / 129,34.2 / 125
13223,AZ,Blue/White,M,72,68.1,90.9,123,34.4,33.7,34.4,125,33.7,121,46.0,44.9,34.4 / 125,33.7 / 121
13223,AZ,White,M,72,67.0,89.3,120,34.2,32.8,34.2,124,32.8,116,45.7,43.6,34.2 / 124,32.8 / 116
13223,AZ,White/Green,M,72,65.1,85.8,112,33.0,32.1,33.0,114,32.1,109,43.6,42.2,33.0 / 114,32.1 / 109
13223,AZ,Green,M,72,63.6,83.1,105,32.2,31.4,32.2,107,31.4,103,42.1,41.0,32.2 / 107,31.4 / 103
13223,AZ,Gold,F,72,79.5,114.5,148,41.0,38.5,41.0,153,38.5,143,59.1,55.4,41.0 / 153,38.5 / 143
13223,AZ,Blue,F,72,76.8,110.2,142,39.6,37.2,39.6,149,37.2,134,57.2,53.0,39.6 / 149,37.2 / 134
13223,AZ,Blue/White,F,72,73.9,106.0,136,37.5,36.4,37.5,141,36.4,131,54.1,51.9,37.5 / 141,36.4 / 131
13223,AZ,White,F,72,72.6,103.9,133,37.3,35.3,37.3,138,35.3,127,53.6,50.3,37.3 / 138,35.3 / 127
13223,AZ,White/Green,F,72,70.7,99.4,122,35.8,34.9,35.8,128,34.9,115,50.9,48.5,35.8 / 128,34.9 / 115
13223,AZ,Green,F,72,69.3,96.6,116,35.2,34.1,35.2,120,34.1,112,49.3,47.3,35.2 / 120,34.1 / 112
13102,AZ,Updegraff,M,72,76.2,101.0,133,38.5,37.7,38.5,133,37.7,133,50.9,50.1,38.5 / 133,37.7 / 133
13102,AZ,Updegraff/Black,M,72,74.8,98.9,130,37.7,37.1,37.7,129,37.1,130,49.7,49.2,37.7 / 129,37.1 / 130
13102,AZ,Black,M,72,73.8,97.4,127,37.1,36.7,37.1,126,36.7,128,48.8,48.6,37.1 / 126,36.7 / 128
13102,AZ,Black/Blue,M,72,72.5,95.4,125,36.6,35.9,36.6,124,35.9,125,48.1,47.5,36.6 / 124,35.9 / 125
13102,AZ,Blue,M,72,71.9,94.4,122,36.1,35.8,36.1,121,35.8,122,47.3,47.1,36.1 / 121,35.8 / 122
13102,AZ,Blue/White,M,72,70.2,92.3,119,35.4,34.8,35.4,119,34.8,118,46.5,45.8,35.4 / 119,34.8 / 118
13102,AZ,White,M,72,69.1,90.8,118,34.9,34.2,34.9,117,34.2,118,45.8,45.2,34.9 / 117,34.2 / 118
13102,AZ,White/Red,M,72,67.1,88.1,113,33.5,33.6,33.5,112,33.6,114,43.9,44.2,33.5 / 112,33.6 / 114
13102,AZ,Red,M,72,65.7,86.3,112,33.0,32.7,33.0,110,32.7,113,43.2,43.2,33.0 / 110,32.7 / 113
13102,AZ,Red/Gold,M,72,63.9,84.1,109,32.0,31.9,32.0,107,31.9,111,41.9,42.2,32.0 / 107,31.9 / 111
13102,AZ,Gold,M,72,62.9,82.4,107,31.5,31.4,31.5,102,31.4,112,41.0,41.8,31.5 / 102,31.4 / 112
13102,AZ,Black,F,72,80.5,115.4,146,40.6,39.9,40.6,144,39.9,148,57.6,57.4,40.6 / 144,39.9 / 148
13102,AZ,Black/Blue,F,72,78.9,112.4,142,39.8,39.1,39.8,140,39.1,144,56.3,56.1,39.8 / 140,39.1 / 144
13102,AZ,Blue,F,72,77.9,110.3,138,39.2,38.7,39.2,135,38.7,140,55.1,55.2,39.2 / 135,38.7 / 140
13102,AZ,Blue/White,F,72,76.3,108.0,135,38.6,37.7,38.6,131,37.7,138,54.0,54.0,38.6 / 131,37.7 / 138
13102,AZ,White,F,72,75.0,106.1,132,38.1,36.9,38.1,130,36.9,134,53.4,52.7,38.1 / 130,36.9 / 134
13102,AZ,White/Red,F,72,72.7,102.7,128,36.5,36.2,36.5,124,36.2,131,51.1,51.6,36.5 / 124,36.2 / 131
13102,AZ,Red,F,72,71.1,100.5,125,36.0,35.1,36.0,121,35.1,128,50.3,50.2,36.0 / 121,35.1 / 128
13102,AZ,Red/Gold,F,72,68.4,96.5,119,34.4,34.0,34.4,116,34.0,122,48.1,48.4,34.4 / 116,34.0 / 122
13102,AZ,Gold,F,72,67.5,95.0,117,33.9,33.6,33.9,113,33.6,120,47.2,47.8,33.9 / 113,33.6 / 120
13112,AZ,Blue,M,73,74.4,99.3,134,36.6,37.8,36.6,131,37.8,137,48.8,50.5,36.6 / 131,37.8 / 137
13112,AZ,Long Combo,M,73,72.7,97.1,132,35.7,37.0,35.7,129,37.0,134,47.7,49.4,35.7 / 129,37.0 / 134
13112,AZ,White,M,73,71.5,95.4,129,35.2,36.3,35.2,127,36.3,130,47.0,48.4,35.2 / 127,36.3 / 130
13112,AZ,RWB Combo,M,73,70.6,94.1,127,35.1,35.5,35.1,125,35.5,128,46.7,47.4,35.1 / 125,35.5 / 128
13112,AZ,Medium Combo,M,73,69.3,92.3,124,34.1,35.2,34.1,122,35.2,126,45.4,46.9,34.1 / 122,35.2 / 126
13112,AZ,Red,M,73,67.5,90.1,122,33.6,33.9,33.6,121,33.9,123,44.8,45.3,33.6 / 121,33.9 / 123
13112,AZ,Gold,M,73,65.7,87.8,119,32.5,33.2,32.5,117,33.2,121,43.4,44.4,32.5 / 117,33.2 / 121
13112,AZ,Gold/Purple,M,73,64.0,85.5,116,31.7,32.3,31.7,114,32.3,117,42.3,43.2,31.7 / 114,32.3 / 117
13112,AZ,Blue,F,73,80.6,115.3,147,39.9,40.7,39.9,145,40.7,149,57.0,58.3,39.9 / 145,40.7 / 149
13112,AZ,Long Combo,F,73,78.6,112.2,143,38.8,39.8,38.8,139,39.8,146,55.2,57.0,38.8 / 139,39.8 / 146
13112,AZ,White,F,73,77.0,110.2,141,38.1,38.9,38.1,138,38.9,143,54.4,55.8,38.1 / 138,38.9 / 143
13112,AZ,Medium Combo,F,73,74.6,106.4,135,36.7,37.9,36.7,132,37.9,137,52.3,54.1,36.7 / 132,37.9 / 137
13112,AZ,Red,F,73,72.4,103.2,131,36.0,36.4,36.0,130,36.4,131,51.3,51.9,36.0 / 130,36.4 / 131
13112,AZ,Gold,F,73,70.6,100.4,127,35.0,35.6,35.0,125,35.6,128,49.7,50.7,35.0 / 125,35.6 / 128
13112,AZ,Gold/Purple,F,73,68.4,96.3,121,33.9,34.6,33.9,119,34.6,122,47.9,49.0,33.9 / 119,34.6 / 122
13113,AZ,Blue,M,70,70.6,94.9,131,35.3,35.3,35.3,129,35.3,132,47.3,47.6,35.3 / 129,35.3 / 132
13113,AZ,Long Combo,M,70,69.0,92.5,127,34.5,34.5,34.5,126,34.5,127,46.2,46.3,34.5 / 126,34.5 / 127
13113,AZ,White,M,70,67.9,91.1,125,33.9,34.0,33.9,125,34.0,125,45.5,45.6,33.9 / 125,34.0 / 125
13113,AZ,Medium Combo,M,70,65.9,88.2,120,33.1,32.8,33.1,119,32.8,121,44.2,44.0,33.1 / 119,32.8 / 121
13113,AZ,Red,M,70,64.4,85.7,115,32.2,32.2,32.2,113,32.2,116,42.7,43.0,32.2 / 113,32.2 / 116
13113,AZ,Gold,M,70,61.9,81.5,106,31.1,30.8,31.1,103,30.8,108,40.7,40.8,31.1 / 103,30.8 / 108
13113,AZ,Blue,F,70,75.8,110.0,145,37.7,38.1,37.7,143,38.1,147,54.6,55.4,37.7 / 143,38.1 / 147
13113,AZ,Long Combo,F,70,74.4,107.1,139,37.2,37.2,37.2,138,37.2,139,53.5,53.6,37.2 / 138,37.2 / 139
13113,AZ,White,F,70,72.5,104.4,136,36.2,36.3,36.2,135,36.3,136,52.1,52.3,36.2 / 135,36.3 / 136
13113,AZ,Medium Combo,F,70,69.7,99.8,128,35.0,34.7,35.0,127,34.7,128,50.0,49.8,35.0 / 127,34.7 / 128
13113,AZ,Red,F,70,68.1,96.6,121,33.9,34.2,33.9,120,34.2,121,48.1,48.5,33.9 / 120,34.2 / 121
13113,AZ,Gold,F,70,64.8,91.8,115,32.4,32.4,32.4,115,32.4,114,46.0,45.8,32.4 / 115,32.4 / 114
13104,AZ,Black,M,72,70.4,93.0,122,34.7,35.7,34.7,119,35.7,124,45.8,47.2,34.7 / 119,35.7 / 124
13104,AZ,Black/Blue Combo,M,72,68.8,90.7,118,34.0,34.8,34.0,115,34.8,121,44.7,46.0,34.0 / 115,34.8 / 121
13104,AZ,Blue,M,72,67.5,88.9,115,33.3,34.2,33.3,112,34.2,118,43.7,45.2,33.3 / 112,34.2 / 118
13104,AZ,Blue/White Combo,M,72,65.9,85.8,107,32.5,33.4,32.5,103,33.4,111,42.1,43.7,32.5 / 103,33.4 / 111
13104,AZ,White,M,72,64.8,83.7,102,32.0,32.8,32.0,97,32.8,107,41.0,42.7,32.0 / 97,32.8 / 107
13104,AZ,White/Red Combo,M,72,63.6,82.1,100,31.8,31.8,31.8,97,31.8,102,40.8,41.3,31.8 / 97,31.8 / 102
13104,AZ,Red,M,72,61.7,79.2,94,30.7,31.0,30.7,90,31.0,98,39.1,40.1,30.7 / 90,31.0 / 98
13104,AZ,Yellow,M,72,58.7,75.4,90,29.3,29.4,29.3,87,29.4,93,37.4,38.0,29.3 / 87,29.4 / 93
13104,AZ,Blue/White Combo,F,72,71.2,99.3,119,34.7,36.5,34.7,117,36.5,121,48.5,50.8,34.7 / 117,36.5 / 121
13104,AZ,White,F,72,70.0,97.2,116,34.3,35.7,34.3,114,35.7,117,47.7,49.5,34.3 / 114,35.7 / 117
13104,AZ,White/Red Combo,F,72,68.4,94.7,112,34.0,34.4,34.0,112,34.4,111,47.2,47.5,34.0 / 112,34.4 / 111
13104,AZ,Red,F,72,65.7,89.7,102,32.3,33.4,32.3,102,33.4,102,44.3,45.4,32.3 / 102,33.4 / 102
13104,AZ,Yellow,F,72,60.4,82.2,93,30.0,30.4,30.0,88,30.4,97,40.4,41.8,30.0 / 88,30.4 / 97
28294,AZ,Black,M,72,71.3,94.8,127,35.7,35.6,35.7,123,35.6,130,47.1,47.7,35.7 / 123,35.6 / 130
28294,AZ,Black/Blue Combo,M,72,69.8,92.8,124,35.0,34.8,35.0,119,34.8,128,46.1,46.7,35.0 / 119,34.8 / 128
28294,AZ,Blue,M,72,68.5,91.0,121,34.3,34.2,34.3,117,34.2,125,45.2,45.8,34.3 / 117,34.2 / 125
28294,AZ,Blue/White Combo,M,72,67.5,89.3,118,33.7,33.8,33.7,113,33.8,122,44.2,45.1,33.7 / 113,33.8 / 122
28294,AZ,White,M,72,66.4,87.4,113,33.1,33.3,33.1,108,33.3,118,43.1,44.3,33.1 / 108,33.3 / 118
28294,AZ,White/Red Combo,M,72,64.7,84.6,107,32.1,32.6,32.1,99,32.6,115,41.3,43.3,32.1 / 99,32.6 / 115
28294,AZ,Red,M,72,63.0,82.7,106,31.1,31.9,31.1,99,31.9,113,40.3,42.4,31.1 / 99,31.9 / 113
28294,AZ,Yellow,M,72,59.5,77.3,96,29.6,29.9,29.6,94,29.9,98,38.3,39.0,29.6 / 94,29.9 / 98
28294,AZ,Blue/White Combo,F,72,73.0,102.1,124,36.2,36.8,36.2,116,36.8,131,49.9,52.2,36.2 / 116,36.8 / 131
28294,AZ,White,F,72,71.7,100.0,120,35.3,36.4,35.3,112,36.4,128,48.5,51.5,35.3 / 112,36.4 / 128
28294,AZ,White/Red Combo,F,72,69.2,96.9,118,34.2,35.0,34.2,111,35.0,124,47.3,49.6,34.2 / 111,35.0 / 124
28294,AZ,Red,F,72,67.4,94.3,114,33.4,34.0,33.4,108,34.0,120,46.1,48.2,33.4 / 108,34.0 / 120
28294,AZ,Yellow,F,72,61.2,83.3,94,30.8,30.4,30.8,91,30.4,97,41.5,41.8,30.8 / 91,30.4 / 97
13155,AZ,White/Blue,M,72,69.6,90.4,112,34.3,35.3,34.3,109,35.3,115,44.4,46.0,34.3 / 109,35.3 / 115
13155,AZ,Red/White,M,72,66.6,86.2,106,32.3,34.3,32.3,102,34.3,109,41.8,44.4,32.3 / 102,34.3 / 109
13155,AZ,Red/White,F,72,71.9,101.5,126,35.2,36.7,35.2,120,36.7,131,49.4,52.1,35.2 / 120,36.7 / 131
13059,AZ,Black,M,72,72.5,95.8,126,36.1,36.4,36.1,121,36.4,130,47.3,48.5,36.1 / 121,36.4 / 130
13059,AZ,Blue,M,72,71.1,93.9,123,35.4,35.7,35.4,118,35.7,127,46.4,47.5,35.4 / 118,35.7 / 127
13059,AZ,White,M,72,68.9,90.4,116,34.4,34.5,34.4,115,34.5,116,45.1,45.3,34.4 / 115,34.5 / 116
13059,AZ,Green,M,72,67.4,88.2,112,33.6,33.8,33.6,113,33.8,111,44.1,44.1,33.6 / 113,33.8 / 111
13059,AZ,Red,M,72,65.4,85.4,108,32.7,32.7,32.7,109,32.7,107,42.8,42.6,32.7 / 109,32.7 / 107
13059,AZ,Gold,M,72,60.9,79.1,98,30.8,30.1,30.8,100,30.1,96,40.1,39.0,30.8 / 100,30.1 / 96
13059,AZ,White,F,73,75.2,105.0,127,37.3,37.9,37.3,123,37.9,130,51.8,53.2,37.3 / 123,37.9 / 130
13059,AZ,Green,F,73,72.0,100.0,119,36.1,35.9,36.1,115,35.9,122,49.7,50.3,36.1 / 115,35.9 / 122
13059,AZ,Red,F,73,70.4,97.6,116,35.1,35.3,35.1,111,35.3,120,48.2,49.4,35.1 / 111,35.3 / 120
13059,AZ,Gold,F,73,64.9,88.7,101,33.1,31.8,33.1,100,31.8,102,44.9,43.8,33.1 / 100,31.8 / 102
13239,AZ,Blue,M,72,68.6,90.5,118,34.5,34.1,34.5,118,34.1,117,45.5,45.0,34.5 / 118,34.1 / 117
13239,AZ,White,M,72,67.1,88.0,113,33.6,33.5,33.6,113,33.5,112,44.1,43.9,33.6 / 113,33.5 / 112
13239,AZ,Red,M,72,65.6,85.9,110,32.9,32.7,32.9,110,32.7,109,43.1,42.8,32.9 / 110,32.7 / 109
13239,AZ,Yellow,M,72,62.4,81.0,100,31.3,31.1,31.3,101,31.1,99,40.7,40.3,31.3 / 101,31.1 / 99
13239,AZ,White,F,72,72.9,103.4,130,36.5,36.4,36.5,130,36.4,129,51.8,51.6,36.5 / 130,36.4 / 129
13239,AZ,Red,F,72,71.1,100.3,124,35.6,35.5,35.6,125,35.5,123,50.3,50.0,35.6 / 125,35.5 / 123
13239,AZ,Yellow,F,72,67.8,94.9,115,34.0,33.8,34.0,116,33.8,114,47.7,47.2,34.0 / 116,33.8 / 114
13044,AZ,Black,M,72,72.1,97.4,137,35.8,36.3,35.8,135,36.3,138,48.3,49.1,35.8 / 135,36.3 / 138
13044,AZ,Green,M,72,71.1,96.2,135,35.5,35.6,35.5,133,35.6,137,47.9,48.3,35.5 / 133,35.6 / 137
13044,AZ,Gold,M,72,70.2,94.7,132,35.0,35.2,35.0,130,35.2,133,47.1,47.6,35.0 / 130,35.2 / 133
13044,AZ,Shootout Black,M,72,69.5,93.6,130,34.8,34.7,34.8,129,34.7,130,46.8,46.8,34.8 / 129,34.7 / 130
13044,AZ,Blue,M,72,68.6,92.4,128,34.1,34.5,34.1,127,34.5,129,45.9,46.5,34.1 / 127,34.5 / 129
13044,AZ,Silver,M,72,68.0,91.1,125,33.8,34.2,33.8,124,34.2,125,45.3,45.8,33.8 / 124,34.2 / 125
13044,AZ,Shootout Silver,M,72,68.0,91.1,125,33.9,34.1,33.9,124,34.1,125,45.4,45.7,33.9 / 124,34.1 / 125
13044,AZ,Turquoise,M,72,66.3,88.7,121,32.9,33.4,32.9,119,33.4,122,44.0,44.7,32.9 / 119,33.4 / 122
13044,AZ,Coral,M,72,65.2,87.1,118,32.2,33.0,32.2,116,33.0,119,43.0,44.1,32.2 / 116,33.0 / 119
13044,AZ,Copper,M,72,64.1,85.2,114,31.8,32.3,31.8,112,32.3,115,42.2,43.0,31.8 / 112,32.3 / 115
13044,AZ,Black,F,72,79.5,115.3,152,39.5,40.0,39.5,150,40.0,153,57.2,58.1,39.5 / 150,40.0 / 153
13044,AZ,Green,F,72,77.9,113.1,150,39.0,38.9,39.0,148,38.9,151,56.4,56.7,39.0 / 148,38.9 / 151
13044,AZ,Gold,F,72,76.7,111.4,147,38.1,38.6,38.1,145,38.6,149,55.2,56.2,38.1 / 145,38.6 / 149
13044,AZ,Blue,F,72,74.6,108.2,143,37.1,37.5,37.1,140,37.5,145,53.6,54.6,37.1 / 140,37.5 / 145
13044,AZ,Silver,F,72,73.8,106.4,139,36.6,37.2,36.6,136,37.2,141,52.6,53.8,36.6 / 136,37.2 / 141
13044,AZ,Turquoise,F,72,71.8,103.9,136,35.7,36.1,35.7,134,36.1,138,51.5,52.4,35.7 / 134,36.1 / 138
13044,AZ,Coral,F,72,71.2,101.3,128,35.3,35.9,35.3,124,35.9,131,49.9,51.4,35.3 / 124,35.9 / 131
13044,AZ,Copper,F,72,69.3,98.4,124,34.3,35.0,34.3,122,35.0,125,48.7,49.7,34.3 / 122,35.0 / 125
34364,AZ,Black,M,72,72.4,97.8,137,35.8,36.6,35.8,135,36.6,139,48.3,49.5,35.8 / 135,36.6 / 139
34364,AZ,Green,M,72,71.0,96.0,135,35.5,35.5,35.5,133,35.5,136,47.9,48.1,35.5 / 133,35.5 / 136
34364,AZ,Gold,M,72,70.0,94.6,133,35.0,35.0,35.0,130,35.0,135,47.1,47.5,35.0 / 130,35.0 / 135
34364,AZ,Blue,M,72,68.7,92.9,130,34.1,34.6,34.1,127,34.6,133,45.9,47.0,34.1 / 127,34.6 / 133
34364,AZ,Silver,M,72,67.5,90.8,126,33.8,33.7,33.8,124,33.7,127,45.3,45.5,33.8 / 124,33.7 / 127
34364,AZ,Turquoise,M,72,65.8,88.1,120,32.9,32.9,32.9,119,32.9,121,44.0,44.1,32.9 / 119,32.9 / 121
34364,AZ,Coral,M,72,64.7,86.5,117,32.2,32.5,32.2,116,32.5,118,43.0,43.5,32.2 / 116,32.5 / 118
34364,AZ,Copper,M,72,63.4,84.6,114,31.8,31.6,31.8,112,31.6,116,42.2,42.4,31.8 / 112,31.6 / 116
34364,AZ,Gold,F,72,76.2,110.5,146,38.1,38.1,38.1,145,38.1,146,55.2,55.3,38.1 / 145,38.1 / 146
34364,AZ,Blue,F,72,74.5,107.5,140,37.1,37.4,37.1,140,37.4,140,53.6,53.9,37.1 / 140,37.4 / 140
34364,AZ,Silver,F,72,73.2,105.2,136,36.6,36.6,36.6,136,36.6,136,52.6,52.6,36.6 / 136,36.6 / 136
34364,AZ,Turquoise,F,72,71.2,102.8,134,35.7,35.5,35.7,134,35.5,134,51.5,51.3,35.7 / 134,35.5 / 134
34364,AZ,Coral,F,72,70.4,100.3,127,35.3,35.1,35.3,124,35.1,130,49.9,50.4,35.3 / 124,35.1 / 130
34364,AZ,Copper,F,72,68.1,97.2,124,34.3,33.8,34.3,122,33.8,125,48.7,48.5,34.3 / 122,33.8 / 125
36626,AZ,Black,M,72,72.6,98.7,141,36.3,36.3,36.3,138,36.3,143,49.1,49.6,36.3 / 138,36.3 / 143
36626,AZ,Green,M,72,71.4,96.9,138,35.6,35.8,35.6,137,35.8,138,48.3,48.6,35.6 / 137,35.8 / 138
36626,AZ,Gold,M,72,70.4,95.5,135,35.2,35.2,35.2,133,35.2,137,47.6,47.9,35.2 / 133,35.2 / 137
36626,AZ,Blue,M,72,68.7,92.8,130,34.5,34.2,34.5,129,34.2,130,46.5,46.3,34.5 / 129,34.2 / 130
36626,AZ,Silver,M,72,67.9,91.2,126,34.2,33.7,34.2,125,33.7,126,45.8,45.4,34.2 / 125,33.7 / 126
36626,AZ,Turquoise,M,72,66.2,88.5,120,33.4,32.8,33.4,122,32.8,118,44.7,43.8,33.4 / 122,32.8 / 118
36626,AZ,Coral,M,72,65.0,86.8,117,33.0,32.0,33.0,119,32.0,115,44.1,42.7,33.0 / 119,32.0 / 115
36626,AZ,Copper,M,72,63.9,85.1,114,32.3,31.6,32.3,115,31.6,113,43.0,42.1,32.3 / 115,31.6 / 113
36626,AZ,Black,F,72,79.8,115.5,151,40.0,39.8,40.0,153,39.8,149,58.1,57.4,40.0 / 153,39.8 / 149
36626,AZ,Green,F,72,77.9,113.1,150,38.9,39.0,38.9,151,39.0,148,56.7,56.4,38.9 / 151,39.0 / 148
36626,AZ,Gold,F,72,77.0,111.7,147,38.6,38.4,38.6,149,38.4,145,56.2,55.5,38.6 / 149,38.4 / 145
36626,AZ,Blue,F,72,74.4,107.8,142,37.5,36.9,37.5,145,36.9,138,54.6,53.2,37.5 / 145,36.9 / 138
36626,AZ,Silver,F,72,73.6,106.1,138,37.2,36.4,37.2,141,36.4,135,53.8,52.3,37.2 / 141,36.4 / 135
36626,AZ,Turquoise,F,72,71.4,103.1,135,36.1,35.3,36.1,138,35.3,131,52.4,50.7,36.1 / 138,35.3 / 131
36626,AZ,Coral,F,72,70.3,100.6,129,35.9,34.4,35.9,131,34.4,126,51.4,49.2,35.9 / 131,34.4 / 126
36626,AZ,Copper,F,72,68.6,97.6,123,35.0,33.6,35.0,125,33.6,121,49.7,47.9,35.0 / 125,33.6 / 121
13043,AZ,Black,M,72,72.9,99.1,141,36.6,36.3,36.6,139,36.3,143,49.5,49.6,36.6 / 139,36.3 / 143
13043,AZ,Green,M,72,71.3,96.7,137,35.5,35.8,35.5,136,35.8,138,48.1,48.6,35.5 / 136,35.8 / 138
13043,AZ,Gold,M,72,70.2,95.4,136,35.0,35.2,35.0,134,35.2,137,47.5,47.9,35.0 / 134,35.2 / 137
13043,AZ,Shootout Black,M,72,70.0,95.0,135,34.8,35.2,34.8,133,35.2,136,47.2,47.8,34.8 / 133,35.2 / 136
13043,AZ,Blue,M,72,68.8,93.3,132,34.6,34.2,34.6,133,34.2,130,47.0,46.3,34.6 / 133,34.2 / 130
13043,AZ,Shootout Silver,M,72,68.2,92.3,130,34.1,34.1,34.1,131,34.1,128,46.3,46.0,34.1 / 131,34.1 / 128
13043,AZ,Silver,M,72,67.4,90.9,127,33.7,33.7,33.7,127,33.7,126,45.5,45.4,33.7 / 127,33.7 / 126
13043,AZ,Turquoise,M,72,65.7,87.9,120,32.9,32.8,32.9,121,32.8,118,44.1,43.8,32.9 / 121,32.8 / 118
13043,AZ,Coral,M,72,64.5,86.2,117,32.5,32.0,32.5,118,32.0,115,43.5,42.7,32.5 / 118,32.0 / 115
13043,AZ,Copper,M,72,63.2,84.5,115,31.6,31.6,31.6,116,31.6,113,42.4,42.1,31.6 / 116,31.6 / 113
13043,AZ,Black,F,72,79.9,115.4,151,40.1,39.8,40.1,152,39.8,149,58.0,57.4,40.1 / 152,39.8 / 149
13043,AZ,Green,F,72,77.7,112.8,149,38.7,39.0,38.7,150,39.0,148,56.4,56.4,38.7 / 150,39.0 / 148
13043,AZ,Gold,F,72,76.5,110.8,146,38.1,38.4,38.1,146,38.4,145,55.3,55.5,38.1 / 146,38.4 / 145
13043,AZ,Blue,F,72,74.3,107.1,139,37.4,36.9,37.4,140,36.9,138,53.9,53.2,37.4 / 140,36.9 / 138
13043,AZ,Silver,F,72,73.0,104.9,136,36.6,36.4,36.6,136,36.4,135,52.6,52.3,36.6 / 136,36.4 / 135
13043,AZ,Turquoise,F,72,70.8,102.0,133,35.5,35.3,35.5,134,35.3,131,51.3,50.7,35.5 / 134,35.3 / 131
13043,AZ,Coral,F,72,69.5,99.6,128,35.1,34.4,35.1,130,34.4,126,50.4,49.2,35.1 / 130,34.4 / 126
13043,AZ,Copper,F,72,67.4,96.4,123,33.8,33.6,33.8,125,33.6,121,48.5,47.9,33.8 / 125,33.6 / 121
36627,AZ,Black,M,72,72.9,98.6,139,36.6,36.3,36.6,139,36.3,138,49.5,49.1,36.6 / 139,36.3 / 138
36627,AZ,Green,M,72,71.1,96.4,137,35.5,35.6,35.5,136,35.6,137,48.1,48.3,35.5 / 136,35.6 / 137
36627,AZ,Gold,M,72,70.2,95.1,134,35.0,35.2,35.0,134,35.2,133,47.5,47.6,35.0 / 134,35.2 / 133
36627,AZ,Blue,M,72,69.1,93.5,131,34.6,34.5,34.6,133,34.5,129,47.0,46.5,34.6 / 133,34.5 / 129
36627,AZ,Silver,M,72,67.9,91.3,126,33.7,34.2,33.7,127,34.2,125,45.5,45.8,33.7 / 127,34.2 / 125
36627,AZ,Turquoise,M,72,66.3,88.8,122,32.9,33.4,32.9,121,33.4,122,44.1,44.7,32.9 / 121,33.4 / 122
36627,AZ,Coral,M,72,65.5,87.6,119,32.5,33.0,32.5,118,33.0,119,43.5,44.1,32.5 / 118,33.0 / 119
36627,AZ,Copper,M,72,63.9,85.4,116,31.6,32.3,31.6,116,32.3,115,42.4,43.0,31.6 / 116,32.3 / 115
36627,AZ,Black,F,72,80.1,116.1,153,40.1,40.0,40.1,152,40.0,153,58.0,58.1,40.1 / 152,40.0 / 153
36627,AZ,Green,F,72,77.6,113.1,151,38.7,38.9,38.7,150,38.9,151,56.4,56.7,38.7 / 150,38.9 / 151
36627,AZ,Gold,F,72,76.7,111.5,148,38.1,38.6,38.1,146,38.6,149,55.3,56.2,38.1 / 146,38.6 / 149
36627,AZ,Blue,F,72,74.9,108.5,143,37.4,37.5,37.4,140,37.5,145,53.9,54.6,37.4 / 140,37.5 / 145
36627,AZ,Silver,F,72,73.8,106.4,139,36.6,37.2,36.6,136,37.2,141,52.6,53.8,36.6 / 136,37.2 / 141
36627,AZ,Turquoise,F,72,71.6,103.7,136,35.5,36.1,35.5,134,36.1,138,51.3,52.4,35.5 / 134,36.1 / 138
36627,AZ,Coral,F,72,71.0,101.8,131,35.1,35.9,35.1,130,35.9,131,50.4,51.4,35.1 / 130,35.9 / 131
36627,AZ,Copper,F,72,68.8,98.2,125,33.8,35.0,33.8,125,35.0,125,48.5,49.7,33.8 / 125,35.0 / 125
34597,AZ,Black,M,72,72.1,97.9,139,36.3,35.8,36.3,143,35.8,135,49.6,48.3,36.3 / 143,35.8 / 135
34597,AZ,Green,M,72,71.3,96.5,136,35.8,35.5,35.8,138,35.5,133,48.6,47.9,35.8 / 138,35.5 / 133
34597,AZ,Gold,M,72,70.2,95.0,134,35.2,35.0,35.2,137,35.0,130,47.9,47.1,35.2 / 137,35.0 / 130
34597,AZ,Blue,M,72,68.8,92.0,125,34.2,34.1,34.2,130,34.1,127,46.3,45.9,34.2 / 130,34.1 / 127
34597,AZ,Silver,M,72,68.3,91.3,124,33.7,33.8,33.7,126,33.8,124,45.4,45.3,33.7 / 126,33.8 / 124
34597,AZ,Turquoise,M,72,65.7,87.8,119,32.8,32.9,32.8,118,32.9,119,43.8,44.0,32.8 / 118,32.9 / 119
34597,AZ,Coral,M,72,64.9,86.7,117,32.0,32.9,32.0,115,32.9,119,42.7,44.0,32.0 / 115,32.9 / 119
34597,AZ,Copper,M,72,63.4,84.3,113,31.6,31.8,31.6,113,31.8,112,42.1,42.2,31.6 / 113,31.8 / 112
34597,AZ,Gold,F,72,76.5,110.7,145,38.4,38.1,38.4,145,38.1,145,55.5,55.2,38.4 / 145,38.1 / 145
34597,AZ,Blue,F,72,74.0,106.8,139,36.9,37.1,36.9,138,37.1,140,53.2,53.6,36.9 / 138,37.1 / 140
34597,AZ,Silver,F,72,73.0,104.9,136,36.4,36.6,36.4,135,36.6,136,52.3,52.6,36.4 / 135,36.6 / 136
34597,AZ,Turquoise,F,72,71.0,102.2,133,35.3,35.7,35.3,131,35.7,134,50.7,51.5,35.3 / 131,35.7 / 134
34597,AZ,Coral,F,72,69.7,99.1,125,34.4,35.3,34.4,126,35.3,124,49.2,49.9,34.4 / 126,35.3 / 124
34597,AZ,Copper,F,72,67.9,96.6,122,33.6,34.3,33.6,121,34.3,122,47.9,48.7,33.6 / 121,34.3 / 122
13247,AZ,Gold,M,72,73.1,98.8,139,36.1,37.0,36.1,135,37.0,142,48.6,50.2,36.1 / 135,37.0 / 142
13247,AZ,Players Combo,M,72,71.6,96.3,133,35.7,35.9,35.7,133,35.9,132,48.1,48.2,35.7 / 133,35.9 / 132
13247,AZ,Silver,M,72,70.4,94.3,129,34.9,35.5,34.9,128,35.5,129,46.8,47.5,34.9 / 128,35.5 / 129
13247,AZ,Silver/Copper,M,72,69.2,92.3,125,34.5,34.7,34.5,122,34.7,127,45.8,46.5,34.5 / 122,34.7 / 127
13247,AZ,Copper,M,72,68.0,90.1,119,33.9,34.1,33.9,118,34.1,119,44.9,45.2,33.9 / 118,34.1 / 119
13247,AZ,Forward Combo,M,72,65.8,86.7,113,32.4,33.4,32.4,113,33.4,112,42.9,43.8,32.4 / 113,33.4 / 112
13247,AZ,Teal,M,72,63.2,83.3,109,31.1,32.1,31.1,108,32.1,109,41.1,42.2,31.1 / 108,32.1 / 109
13247,AZ,Silver,F,72,77.2,109.2,136,38.1,39.1,38.1,137,39.1,134,54.3,54.9,38.1 / 137,39.1 / 134
13247,AZ,Silver/Copper,F,72,75.7,107.2,134,37.3,38.4,37.3,134,38.4,133,53.1,54.1,37.3 / 134,38.4 / 133
13247,AZ,Copper,F,72,74.3,105.0,130,36.7,37.6,36.7,131,37.6,129,52.2,52.8,36.7 / 131,37.6 / 129
13247,AZ,Copper/Teal Mix,F,72,72.1,101.5,125,35.4,36.7,35.4,126,36.7,123,50.3,51.2,35.4 / 126,36.7 / 123
13247,AZ,Teal,F,72,69.1,97.5,121,34.1,35.0,34.1,117,35.0,124,47.9,49.6,34.1 / 117,35.0 / 124
13193,AZ,Black,M,72,73.5,98.5,135,36.8,36.7,36.8,136,36.7,133,49.4,49.1,36.8 / 136,36.7 / 133
13193,AZ,Black/Silver,M,72,72.3,96.4,130,36.4,35.9,36.4,132,35.9,127,48.7,47.7,36.4 / 132,35.9 / 127
13193,AZ,Silver,M,72,71.2,94.8,127,35.7,35.5,35.7,129,35.5,125,47.7,47.1,35.7 / 129,35.5 / 125
13193,AZ,Silver/White,M,72,70.3,93.4,125,35.3,35.0,35.3,127,35.0,122,47.1,46.3,35.3 / 127,35.0 / 122
13193,AZ,White,M,72,68.8,91.0,120,34.5,34.3,34.5,122,34.3,117,45.8,45.2,34.5 / 122,34.3 / 117
13193,AZ,White/Blue,M,72,68.1,90.1,119,34.2,33.9,34.2,121,33.9,116,45.4,44.7,34.2 / 121,33.9 / 116
13193,AZ,White/Gold,M,72,66.7,88.1,115,33.4,33.3,33.4,117,33.3,113,44.3,43.8,33.4 / 117,33.3 / 113
13193,AZ,Gold,M,72,65.3,85.7,110,32.6,32.7,32.6,110,32.7,110,42.8,42.9,32.6 / 110,32.7 / 110
13193,AZ,Forward,M,72,64.0,83.9,108,31.9,32.1,31.9,107,32.1,108,41.8,42.1,31.9 / 107,32.1 / 108
13193,AZ,White,F,72,74.1,105.4,133,37.2,36.9,37.2,126,36.9,139,52.1,53.3,37.2 / 126,36.9 / 139
13193,AZ,White/Gold Combo,F,72,71.4,99.4,119,36.1,35.3,36.1,116,35.3,121,49.8,49.6,36.1 / 116,35.3 / 121
13193,AZ,Gold,F,72,70.0,97.4,116,35.0,35.0,35.0,115,35.0,117,48.6,48.8,35.0 / 115,35.0 / 117
13193,AZ,Forward,F,72,68.5,95.0,112,34.0,34.5,34.0,114,34.5,110,47.5,47.5,34.0 / 114,34.5 / 110
26105,AZ,Black,M,72,73.6,99.2,138,36.7,36.9,36.7,140,36.9,136,49.7,49.5,36.7 / 140,36.9 / 136
26105,AZ,Black/Silver Combo,M,72,71.5,96.0,132,35.7,35.8,35.7,133,35.8,130,48.1,47.9,35.7 / 133,35.8 / 130
26105,AZ,Silver,M,72,70.3,93.2,124,35.1,35.2,35.1,125,35.2,122,46.7,46.5,35.1 / 125,35.2 / 122
26105,AZ,Silver/White Combo,M,72,68.8,91.3,121,34.2,34.6,34.2,123,34.6,119,45.6,45.7,34.2 / 123,34.6 / 119
26105,AZ,White,M,72,67.5,88.8,115,34.0,33.5,34.0,116,33.5,113,44.8,44.0,34.0 / 116,33.5 / 113
26105,AZ,White/Gold Combo,M,72,66.1,86.5,110,33.4,32.7,33.4,112,32.7,108,43.8,42.7,33.4 / 112,32.7 / 108
26105,AZ,Gold,M,72,64.9,84.8,108,32.9,32.0,32.9,108,32.0,107,42.9,41.9,32.9 / 108,32.0 / 107
26105,AZ,Gold/Green Combo,M,72,62.8,81.2,99,31.8,31.0,31.8,102,31.0,96,41.3,39.9,31.8 / 102,31.0 / 96
26105,AZ,Green,M,72,61.7,79.4,96,31.0,30.7,31.0,96,30.7,95,39.9,39.5,31.0 / 96,30.7 / 95
26105,AZ,WHITE,F,72,73.5,102.8,125,37.2,36.3,37.2,126,36.3,123,52.0,50.8,37.2 / 126,36.3 / 123
26105,AZ,White/Gold Combo,F,72,71.7,99.9,120,36.3,35.4,36.3,119,35.4,120,50.3,49.6,36.3 / 119,35.4 / 120
26105,AZ,GOLD,F,72,70.2,98.0,118,35.6,34.6,35.6,120,34.6,116,49.7,48.3,35.6 / 120,34.6 / 116
26105,AZ,Green/Gold Combo,F,72,67.3,92.9,109,34.1,33.2,34.1,111,33.2,106,47.2,45.7,34.1 / 111,33.2 / 106
26105,AZ,GREEN,F,72,65.6,90.5,106,33.1,32.5,33.1,109,32.5,103,45.9,44.6,33.1 / 109,32.5 / 103
13074,AZ,Champion,M,71,69.2,90.9,117,34.5,34.7,34.5,117,34.7,116,45.4,45.5,34.5 / 117,34.7 / 116
13074,AZ,Regular,M,71,66.4,87.4,113,32.9,33.5,32.9,113,33.5,113,43.4,44.0,32.9 / 113,33.5 / 113
13074,AZ,Senior,M,71,64.5,83.9,104,32.0,32.5,32.0,104,32.5,104,41.7,42.2,32.0 / 104,32.5 / 104
13074,AZ,Red,M,71,62.2,80.6,99,30.9,31.3,30.9,99,31.3,99,40.1,40.5,30.9 / 99,31.3 / 99
13074,AZ,Regular,F,71,72.0,100.9,123,35.7,36.3,35.7,123,36.3,122,50.2,50.7,35.7 / 123,36.3 / 122
13074,AZ,Senior,F,71,69.8,97.8,119,34.6,35.2,34.6,119,35.2,119,48.6,49.2,34.6 / 119,35.2 / 119
13074,AZ,Red,F,71,67.1,94.1,115,33.4,33.7,33.4,113,33.7,116,46.7,47.4,33.4 / 113,33.7 / 116
34249,AZ,Yellow,M,54,51.6,65.2,73,25.8,25.8,25.8,73,25.8,73,32.6,32.6,25.8 / 73,25.8 / 73
34249,AZ,Red,M,54,50.8,64.2,72,25.4,25.4,25.4,72,25.4,72,32.1,32.1,25.4 / 72,25.4 / 72
34249,AZ,Yellow,F,54,54.0,72.6,79,27.0,27.0,27.0,79,27.0,79,36.3,36.3,27.0 / 79,27.0 / 79
34249,AZ,Red,F,54,53.2,71.4,77,26.6,26.6,26.6,77,26.6,77,35.7,35.7,26.6 / 77,26.6 / 77
13212,AZ,Cholla,M,72,74.0,100.0,140,37.2,36.8,37.2,141,36.8,139,50.3,49.7,37.2 / 141,36.8 / 139
13212,AZ,Purple,M,72,71.7,96.7,135,36.0,35.7,36.0,135,35.7,135,48.5,48.2,36.0 / 135,35.7 / 135
13212,AZ,Composite,M,72,70.3,94.2,129,35.3,35.0,35.3,129,35.0,128,47.3,46.9,35.3 / 129,35.0 / 128
13212,AZ,White,M,72,68.6,91.1,122,34.4,34.2,34.4,121,34.2,122,45.6,45.5,34.4 / 121,34.2 / 122
13212,AZ,Green,M,72,64.7,85.9,114,32.1,32.6,32.1,114,32.6,114,42.7,43.2,32.1 / 114,32.6 / 114
13212,AZ,White,F,72,74.6,106.4,135,37.4,37.2,37.4,136,37.2,134,53.4,53.0,37.4 / 136,37.2 / 134
13212,AZ,Green,F,72,70.0,99.9,127,35.0,35.0,35.0,128,35.0,126,50.1,49.8,35.0 / 128,35.0 / 126
13211,AZ,Saguaro,M,71,72.0,97.4,137,35.9,36.1,35.9,132,36.1,141,48.2,49.2,35.9 / 132,36.1 / 141
13211,AZ,Purple,M,71,70.2,94.7,132,34.7,35.5,34.7,130,35.5,133,46.8,47.9,34.7 / 130,35.5 / 133
13211,AZ,White,M,71,68.8,91.9,125,34.2,34.6,34.2,123,34.6,126,45.6,46.3,34.2 / 123,34.6 / 126
13211,AZ,Composite,M,71,66.9,89.2,120,33.0,33.9,33.0,118,33.9,122,44.0,45.2,33.0 / 118,33.9 / 122
13211,AZ,Green,M,71,63.8,84.6,112,31.6,32.2,31.6,111,32.2,113,41.9,42.7,31.6 / 111,32.2 / 113
13211,AZ,Composite Ladies,F,71,72.0,102.2,128,35.6,36.4,35.6,126,36.4,130,50.5,51.7,35.6 / 126,36.4 / 130
13211,AZ,Green,F,71,67.0,92.6,109,33.5,33.5,33.5,104,33.5,113,45.8,46.8,33.5 / 104,33.5 / 113
13106,AZ,Black,M,71,70.2,92.8,122,35.2,35.0,35.2,125,35.0,119,46.8,46.0,35.2 / 125,35.0 / 119
13106,AZ,Black/Blue,M,71,69.2,91.2,119,34.6,34.6,34.6,122,34.6,115,45.9,45.3,34.6 / 122,34.6 / 115
13106,AZ,Blue,M,71,68.5,90.2,117,34.1,34.4,34.1,119,34.4,114,45.2,45.0,34.1 / 119,34.4 / 114
13106,AZ,Blue/White,M,71,67.6,88.8,114,33.8,33.8,33.8,116,33.8,112,44.6,44.2,33.8 / 116,33.8 / 112
13106,AZ,White,M,71,67.1,88.1,113,33.4,33.7,33.4,115,33.7,111,44.1,44.0,33.4 / 115,33.7 / 111
13106,AZ,White/Red,M,71,66.6,87.0,110,33.0,33.6,33.0,110,33.6,110,43.2,43.8,33.0 / 110,33.6 / 110
13106,AZ,Red,M,71,66.2,86.1,107,32.7,33.5,32.7,105,33.5,109,42.5,43.6,32.7 / 105,33.5 / 109
13106,AZ,Red/Gold,M,71,63.4,82.4,102,31.4,32.0,31.4,101,32.0,103,40.8,41.6,31.4 / 101,32.0 / 103
13106,AZ,Gold,M,71,61.9,80.0,98,30.7,31.2,30.7,97,31.2,98,39.7,40.3,30.7 / 97,31.2 / 98
13106,AZ,Black,F,71,75.2,105.5,129,37.7,37.5,37.7,128,37.5,129,52.8,52.7,37.7 / 128,37.5 / 129
13106,AZ,Black/Blue,F,71,74.1,103.6,126,37.2,36.9,37.2,126,36.9,125,52.0,51.6,37.2 / 126,36.9 / 125
13106,AZ,Blue,F,71,72.9,102.1,124,36.5,36.4,36.5,123,36.4,125,51.0,51.1,36.5 / 123,36.4 / 125
13106,AZ,Blue/White,F,71,72.0,100.4,120,36.2,35.8,36.2,120,35.8,120,50.4,50.0,36.2 / 120,35.8 / 120
13106,AZ,White,F,71,71.3,99.2,119,36.0,35.3,36.0,119,35.3,118,50.0,49.2,36.0 / 119,35.3 / 118
13106,AZ,White/Red,F,71,70.4,97.9,117,35.5,34.9,35.5,117,34.9,116,49.3,48.6,35.5 / 117,34.9 / 116
13106,AZ,Red,F,71,69.7,96.9,115,34.9,34.8,34.9,115,34.8,115,48.5,48.4,34.9 / 115,34.8 / 115
13106,AZ,Red/Gold,F,71,67.2,92.8,109,33.7,33.5,33.7,109,33.5,108,46.6,46.2,33.7 / 109,33.5 / 108
13106,AZ,Gold,F,71,65.2,89.8,104,32.6,32.6,32.6,104,32.6,104,44.9,44.9,32.6 / 104,32.6 / 104
13107,AZ,Black,M,72,69.2,91.2,118,34.8,34.4,34.8,119,34.4,117,45.9,45.3,34.8 / 119,34.4 / 117
13107,AZ,Black/Blue,M,72,68.4,89.6,114,34.3,34.1,34.3,114,34.1,114,44.9,44.7,34.3 / 114,34.1 / 114
13107,AZ,Blue,M,72,67.5,88.3,112,34.0,33.5,34.0,112,33.5,112,44.4,43.9,34.0 / 112,33.5 / 112
13107,AZ,Blue/White,M,72,66.9,87.5,111,33.5,33.4,33.5,111,33.4,111,43.8,43.7,33.5 / 111,33.4 / 111
13107,AZ,White,M,72,66.3,86.3,108,33.3,33.0,33.3,107,33.0,109,43.2,43.1,33.3 / 107,33.0 / 109
13107,AZ,White/Red,M,72,65.2,84.9,106,32.7,32.5,32.7,104,32.5,108,42.4,42.5,32.7 / 104,32.5 / 108
13107,AZ,Red,M,72,64.0,83.3,104,32.2,31.8,32.2,103,31.8,104,41.8,41.5,32.2 / 103,31.8 / 104
13107,AZ,Red/Gold,M,72,61.9,80.4,100,30.9,31.0,30.9,99,31.0,100,40.1,40.3,30.9 / 99,31.0 / 100
13107,AZ,Gold,M,72,60.6,78.2,95,30.5,30.1,30.5,94,30.1,96,39.2,39.0,30.5 / 94,30.1 / 96
13107,AZ,Black,F,72,74.8,103.8,123,37.4,37.4,37.4,124,37.4,122,52.0,51.8,37.4 / 124,37.4 / 122
13107,AZ,Black/Blue,F,72,73.8,102.4,121,36.9,36.9,36.9,122,36.9,120,51.3,51.1,36.9 / 122,36.9 / 120
13107,AZ,Blue,F,72,72.8,100.7,119,36.5,36.3,36.5,119,36.3,118,50.5,50.2,36.5 / 119,36.3 / 118
13107,AZ,Blue/White,F,72,71.8,99.4,117,35.9,35.9,35.9,118,35.9,116,49.8,49.6,35.9 / 118,35.9 / 116
13107,AZ,White,F,72,71.0,98.3,116,35.6,35.4,35.6,116,35.4,115,49.3,49.0,35.6 / 116,35.4 / 115
13107,AZ,White/Red,F,72,70.1,96.6,113,35.1,35.0,35.1,114,35.0,111,48.5,48.1,35.1 / 114,35.0 / 111
13107,AZ,Red,F,72,68.7,94.7,110,34.5,34.2,34.5,110,34.2,110,47.5,47.2,34.5 / 110,34.2 / 110
13107,AZ,Red/Gold,F,72,66.0,90.5,104,33.0,33.0,33.0,103,33.0,104,45.2,45.3,33.0 / 103,33.0 / 104
13107,AZ,Gold,F,72,63.6,86.6,98,32.3,31.3,32.3,98,31.3,97,43.9,42.7,32.3 / 98,31.3 / 97
12997,AZ,Championship,M,72,70.3,93.0,122,34.4,35.9,34.4,119,35.9,125,45.5,47.5,34.4 / 119,35.9 / 125
12997,AZ,Men's Club,M,72,69.3,91.3,118,33.9,35.4,33.9,117,35.4,119,44.8,46.5,33.9 / 117,35.4 / 119
12997,AZ,Middle,M,72,68.1,89.0,113,33.2,34.9,33.2,110,34.9,115,43.4,45.6,33.2 / 110,34.9 / 115
12997,AZ,Forward,M,72,65.3,84.7,105,31.6,33.7,31.6,101,33.7,108,41.0,43.7,31.6 / 101,33.7 / 108
12997,AZ,Middle,F,72,74.0,103.0,123,36.0,38.0,36.0,117,38.0,129,49.8,53.2,36.0 / 117,38.0 / 129
12997,AZ,Forward,F,72,70.6,98.2,117,34.1,36.5,34.1,112,36.5,122,47.3,50.9,34.1 / 112,36.5 / 122
12999,AZ,Black,M,72,73.7,98.1,131,36.2,37.5,36.2,129,37.5,133,48.2,49.9,36.2 / 129,37.5 / 133
12999,AZ,Gold,M,72,71.0,94.5,127,34.9,36.1,34.9,123,36.1,130,46.3,48.2,34.9 / 123,36.1 / 130
12999,AZ,Gold/Silver,M,72,70.0,93.1,125,34.6,35.4,34.6,121,35.4,128,45.8,47.3,34.6 / 121,35.4 / 128
12999,AZ,Silver,M,72,69.2,92.0,123,34.1,35.1,34.1,119,35.1,126,45.2,46.8,34.1 / 119,35.1 / 126
12999,AZ,Silver/Copper,M,72,68.0,90.2,120,33.6,34.4,33.6,115,34.4,124,44.3,45.9,33.6 / 115,34.4 / 124
12999,AZ,Copper,M,72,67.0,88.3,115,32.9,34.1,32.9,111,34.1,118,43.2,45.1,32.9 / 111,34.1 / 118
12999,AZ,Copper/Jade,M,72,66.4,87.3,113,32.7,33.7,32.7,108,33.7,117,42.7,44.6,32.7 / 108,33.7 / 117
12999,AZ,Jade,M,72,64.8,85.2,110,31.8,33.0,31.8,107,33.0,113,41.7,43.5,31.8 / 107,33.0 / 113
12999,AZ,Copper,F,72,73.0,103.1,128,35.7,37.3,35.7,126,37.3,129,50.6,52.5,35.7 / 126,37.3 / 129
12999,AZ,Jade,F,72,70.3,98.6,120,34.7,35.6,34.7,116,35.6,124,48.4,50.2,34.7 / 116,35.6 / 124
13000,AZ,Black,M,72,72.7,96.3,127,35.9,36.8,35.9,128,36.8,126,47.8,48.5,35.9 / 128,36.8 / 126
13000,AZ,Gold,M,72,70.3,93.1,123,35.0,35.3,35.0,123,35.3,123,46.4,46.7,35.0 / 123,35.3 / 123
13000,AZ,Gold/Silver,M,72,69.3,91.8,122,34.5,34.8,34.5,122,34.8,121,45.8,46.0,34.5 / 122,34.8 / 121
13000,AZ,Silver,M,72,68.1,90.3,119,34.1,34.0,34.1,119,34.0,119,45.2,45.1,34.1 / 119,34.0 / 119
13000,AZ,Silver/Copper,M,72,66.6,87.7,114,33.2,33.4,33.2,112,33.4,115,43.6,44.1,33.2 / 112,33.4 / 115
13000,AZ,Copper,M,72,65.4,85.9,111,32.7,32.7,32.7,111,32.7,110,43.0,42.9,32.7 / 111,32.7 / 110
13000,AZ,Silver,F,72,74.7,105.3,130,37.4,37.3,37.4,136,37.3,124,53.4,51.9,37.4 / 136,37.3 / 124
13000,AZ,Copper,F,72,71.6,101.2,126,35.9,35.7,35.9,129,35.7,122,51.1,50.1,35.9 / 129,35.7 / 122
13133,AZ,Lefty,M,72,75.6,103.2,149,37.8,37.8,37.8,146,37.8,151,51.4,51.8,37.8 / 146,37.8 / 151
13133,AZ,Champ (Black),M,72,74.3,101.2,145,37.3,37.0,37.3,143,37.0,146,50.6,50.6,37.3 / 143,37.0 / 146
13133,AZ,Member (Rust),M,72,71.9,98.1,141,35.9,36.0,35.9,140,36.0,142,48.9,49.2,35.9 / 140,36.0 / 142
13133,AZ,Combo,M,72,70.3,94.9,132,35.3,35.0,35.3,132,35.0,132,47.6,47.3,35.3 / 132,35.0 / 132
13133,AZ,Middle (White),M,72,68.8,92.4,127,34.6,34.2,34.6,128,34.2,126,46.5,45.9,34.6 / 128,34.2 / 126
13133,AZ,M/F Combo,M,72,67.6,90.3,123,34.1,33.5,34.1,122,33.5,123,45.4,44.9,34.1 / 122,33.5 / 123
13133,AZ,Forward (Green),M,72,65.3,85.9,111,32.8,32.5,32.8,111,32.5,111,43.1,42.8,32.8 / 111,32.5 / 111
13133,AZ,Middle (White),F,72,74.9,107.7,139,37.5,37.4,37.5,140,37.4,138,54.0,53.7,37.5 / 140,37.4 / 138
13133,AZ,M/F Combo,F,72,73.4,104.8,133,37.0,36.4,37.0,133,36.4,133,52.7,52.1,37.0 / 133,36.4 / 133
13133,AZ,Forward (Green),F,72,71.3,100.2,123,35.7,35.6,35.7,122,35.6,123,50.1,50.1,35.7 / 122,35.6 / 123
13132,AZ,Rock,M,72,75.9,103.1,146,38.1,37.8,38.1,145,37.8,147,51.6,51.5,38.1 / 145,37.8 / 147
13132,AZ,Champ (Black),M,72,74.5,100.8,142,37.5,37.0,37.5,140,37.0,143,50.5,50.3,37.5 / 140,37.0 / 143
13132,AZ,Member (Rust),M,72,72.0,97.1,136,36.2,35.8,36.2,135,35.8,136,48.7,48.4,36.2 / 135,35.8 / 136
13132,AZ,Combo,M,72,70.6,94.9,131,35.3,35.3,35.3,130,35.3,131,47.4,47.5,35.3 / 130,35.3 / 131
13132,AZ,Middle (White),M,72,69.5,92.6,125,34.7,34.8,34.7,124,34.8,125,46.2,46.4,34.7 / 124,34.8 / 125
13132,AZ,M/F Combo,M,72,67.9,90.5,122,34.0,33.9,34.0,121,33.9,123,45.2,45.3,34.0 / 121,33.9 / 123
13132,AZ,Forward (Green),M,72,65.8,87.4,116,32.9,32.9,32.9,115,32.9,117,43.6,43.8,32.9 / 115,32.9 / 117
13132,AZ,Middle (White),F,72,76.5,109.5,140,38.1,38.4,38.1,141,38.4,139,54.7,54.8,38.1 / 141,38.4 / 139
13132,AZ,M/F Combo,F,72,73.4,105.3,136,36.7,36.7,36.7,136,36.7,135,52.7,52.6,36.7 / 136,36.7 / 135
13132,AZ,Forward (Green),F,72,71.8,102.7,131,35.7,36.1,35.7,132,36.1,130,51.3,51.4,35.7 / 132,36.1 / 130
14896,AZ,Black,M,72,70.2,93.0,123,36.1,34.1,36.1,126,34.1,119,47.8,45.2,36.1 / 126,34.1 / 119
14896,AZ,Black/Blue Combo,M,72,69.7,92.1,121,35.9,33.8,35.9,124,33.8,117,47.4,44.7,35.9 / 124,33.8 / 117
14896,AZ,Blue,M,72,69.1,91.3,119,35.6,33.5,35.6,123,33.5,115,47.0,44.3,35.6 / 123,33.5 / 115
14896,AZ,Blue/White Combo,M,72,67.4,88.4,113,34.6,32.8,34.6,115,32.8,111,45.3,43.1,34.6 / 115,32.8 / 111
14896,AZ,White,M,72,66.1,86.6,111,33.6,32.5,33.6,111,32.5,110,43.9,42.7,33.6 / 111,32.5 / 110
14896,AZ,White/Green Combo,M,72,64.2,83.8,105,32.6,31.6,32.6,105,31.6,105,42.4,41.4,32.6 / 105,31.6 / 105
14896,AZ,Green,M,72,62.7,81.2,100,31.8,30.9,31.8,100,30.9,99,41.1,40.1,31.8 / 100,30.9 / 99
14896,AZ,Junior Tee,M,72,55.2,71.2,86,27.7,27.5,27.7,86,27.5,86,35.7,35.5,27.7 / 86,27.5 / 86
14896,AZ,Blue,F,72,75.2,108.5,142,39.1,36.1,39.1,152,36.1,131,57.0,51.5,39.1 / 152,36.1 / 131
14896,AZ,Blue/White Combo,F,72,73.2,105.4,137,38.0,35.2,38.0,147,35.2,126,55.3,50.1,38.0 / 147,35.2 / 126
14896,AZ,White,F,72,71.6,102.4,131,36.8,34.8,36.8,137,34.8,125,52.9,49.5,36.8 / 137,34.8 / 125
14896,AZ,White/Green Combo,F,72,69.4,99.1,126,35.6,33.8,35.6,132,33.8,120,51.2,47.9,35.6 / 132,33.8 / 120
14896,AZ,Green,F,72,68.2,97.3,124,34.8,33.4,34.8,129,33.4,118,50.0,47.3,34.8 / 129,33.4 / 118
14896,AZ,Junior Tee,F,72,57.9,80.2,95,29.1,28.8,29.1,96,28.8,93,40.4,39.8,29.1 / 96,28.8 / 93
13162,AZ,Blue,M,71,70.6,94.5,129,35.5,35.1,35.5,132,35.1,125,47.8,46.7,35.5 / 132,35.1 / 125
13162,AZ,Blue/White Combo,M,71,68.1,91.8,127,34.1,34.0,34.1,123,34.0,130,45.6,46.2,34.1 / 123,34.0 / 130
13162,AZ,White,M,71,67.4,90.1,123,34.0,33.4,34.0,122,33.4,123,45.3,44.8,34.0 / 122,33.4 / 123
13162,AZ,White/Silver Combo,M,71,66.3,88.6,120,33.6,32.7,33.6,125,32.7,115,45.2,43.4,33.6 / 125,32.7 / 115
13162,AZ,Red,M,71,63.0,82.6,106,31.7,31.3,31.7,110,31.3,101,41.9,40.7,31.7 / 110,31.3 / 101
13162,AZ,White,F,71,71.5,102.7,133,35.9,35.6,35.9,140,35.6,125,52.4,50.3,35.9 / 140,35.6 / 125
13162,AZ,Red,F,71,67.0,92.9,110,34.4,32.6,34.4,109,32.6,110,47.3,45.6,34.4 / 109,32.6 / 110
23847,AZ,Black,M,71,73.5,100.7,147,37.1,36.4,37.1,152,36.4,141,51.2,49.5,37.1 / 152,36.4 / 141
23847,AZ,Black/Blue Combo,M,71,72.0,98.5,143,36.4,35.6,36.4,149,35.6,137,50.2,48.3,36.4 / 149,35.6 / 137
23847,AZ,Blue,M,71,71.0,96.9,139,35.7,35.3,35.7,145,35.3,133,49.2,47.7,35.7 / 145,35.3 / 133
23847,AZ,Blue/White Combo,M,71,69.6,94.8,136,35.2,34.4,35.2,142,34.4,129,48.4,46.4,35.2 / 142,34.4 / 129
23847,AZ,White,M,71,68.9,93.2,131,34.9,34.0,34.9,135,34.0,127,47.4,45.8,34.9 / 135,34.0 / 127
23847,AZ,White/Gold Combo,M,71,67.0,90.3,126,33.8,33.2,33.8,130,33.2,121,45.9,44.4,33.8 / 130,33.2 / 121
23847,AZ,Gold,M,71,66.6,89.0,121,33.4,33.2,33.4,125,33.2,116,45.0,44.0,33.4 / 125,33.2 / 116
23847,AZ,Gold/Red Combo,M,71,64.9,86.6,117,32.8,32.1,32.8,118,32.1,115,43.8,42.8,32.8 / 118,32.1 / 115
23847,AZ,Red,M,71,64.0,85.1,114,32.2,31.8,32.2,115,31.8,112,42.9,42.2,32.2 / 115,31.8 / 112
23847,AZ,Red/Green Combo,M,71,61.6,81.5,107,31.3,30.3,31.3,109,30.3,105,41.4,40.1,31.3 / 109,30.3 / 105
23847,AZ,Green,M,71,59.7,78.4,101,30.5,29.2,30.5,104,29.2,97,40.2,38.2,30.5 / 104,29.2 / 97
23847,AZ,White,F,71,75.0,109.7,147,37.9,37.1,37.9,151,37.1,143,55.7,54.0,37.9 / 151,37.1 / 143
23847,AZ,White/Gold Combo,F,71,73.3,106.9,143,37.2,36.1,37.2,147,36.1,138,54.5,52.4,37.2 / 147,36.1 / 138
23847,AZ,Gold,F,71,72.3,105.2,140,36.4,35.9,36.4,144,35.9,135,53.4,51.8,36.4 / 144,35.9 / 135
23847,AZ,Gold/Red Combo,F,71,70.7,101.6,131,35.5,35.2,35.5,136,35.2,126,51.5,50.1,35.5 / 136,35.2 / 126
23847,AZ,Red,F,71,69.6,99.0,125,35.1,34.5,35.1,126,34.5,124,49.9,49.1,35.1 / 126,34.5 / 124
23847,AZ,Red/Green Combo,F,71,66.0,93.6,117,33.5,32.5,33.5,118,32.5,116,47.4,46.2,33.5 / 118,32.5 / 116
23847,AZ,Green,F,71,63.4,89.7,112,32.4,31.0,32.4,115,31.0,108,46.0,43.7,32.4 / 115,31.0 / 108
13002,AZ,Jones Combo,M,70,70.4,94.3,129,36.5,33.9,36.5,133,33.9,124,48.9,45.4,36.5 / 133,33.9 / 124
13002,AZ,Jones,M,70,69.4,92.5,125,35.8,33.6,35.8,128,33.6,121,47.7,44.8,35.8 / 128,33.6 / 121
13002,AZ,Championship,M,70,67.6,89.6,119,35.1,32.5,35.1,122,32.5,115,46.4,43.2,35.1 / 122,32.5 / 115
13002,AZ,Club,M,70,66.0,87.4,115,34.0,32.0,34.0,119,32.0,111,45.1,42.3,34.0 / 119,32.0 / 111
13002,AZ,Forward,M,70,64.3,85.2,113,33.4,30.9,33.4,116,30.9,109,44.2,41.0,33.4 / 116,30.9 / 109
13002,AZ,Jones,F,70,74.0,104.0,128,38.4,35.6,38.4,131,35.6,124,53.8,50.2,38.4 / 131,35.6 / 124
13002,AZ,Championship,F,70,71.7,100.8,124,37.4,34.3,37.4,128,34.3,119,52.5,48.3,37.4 / 128,34.3 / 119
13002,AZ,Club,F,70,69.9,98.1,120,36.6,33.3,36.6,124,33.3,115,51.2,46.9,36.6 / 124,33.3 / 115
13002,AZ,Forward,F,70,67.5,94.9,116,35.6,31.9,35.6,120,31.9,112,49.8,45.1,35.6 / 120,31.9 / 112
13003,AZ,Jones,M,72,75.0,100.4,137,37.8,37.2,37.8,135,37.2,139,50.3,50.1,37.8 / 135,37.2 / 139
13003,AZ,Combo,M,72,73.3,98.0,133,36.9,36.4,36.9,131,36.4,135,49.1,48.9,36.9 / 131,36.4 / 135
13003,AZ,Championship,M,72,72.4,96.5,130,36.5,35.9,36.5,128,35.9,131,48.4,48.1,36.5 / 128,35.9 / 131
13003,AZ,Blue/Orange Combo,M,72,71.2,94.9,128,35.9,35.3,35.9,126,35.3,129,47.6,47.3,35.9 / 126,35.3 / 129
13003,AZ,Club,M,72,70.3,93.5,125,35.3,35.0,35.3,125,35.0,125,46.9,46.6,35.3 / 125,35.0 / 125
13003,AZ,Forward,M,72,67.9,90.2,120,34.1,33.8,34.1,119,33.8,121,45.2,45.0,34.1 / 119,33.8 / 121
13003,AZ,Forward Combo,M,72,65.4,86.7,115,32.6,32.8,32.6,114,32.8,115,43.2,43.5,32.6 / 114,32.8 / 115
13003,AZ,Teal,M,72,63.1,84.1,113,31.5,31.6,31.5,113,31.6,113,42.0,42.1,31.5 / 113,31.6 / 113
13003,AZ,Championship,F,72,79.4,112.6,141,40.1,39.3,40.1,140,39.3,142,56.6,56.0,40.1 / 140,39.3 / 142
13003,AZ,Club,F,72,76.6,108.1,134,38.5,38.1,38.5,132,38.1,135,54.1,54.0,38.5 / 132,38.1 / 135
13003,AZ,Forward,F,72,74.1,103.8,126,37.2,36.9,37.2,125,36.9,127,51.9,51.9,37.2 / 125,36.9 / 127
13003,AZ,Forward Combo,F,72,71.5,100.0,121,35.5,36.0,35.5,119,36.0,123,49.5,50.5,35.5 / 119,36.0 / 123
13003,AZ,Teal,F,72,69.3,97.1,118,34.5,34.8,34.5,117,34.8,119,48.3,48.8,34.5 / 117,34.8 / 119
13001,AZ,Championship,M,72,72.0,95.1,125,35.7,36.3,35.7,124,36.3,125,47.2,47.9,35.7 / 124,36.3 / 125
13001,AZ,Club,M,72,69.4,91.4,118,34.5,34.9,34.5,118,34.9,118,45.5,45.9,34.5 / 118,34.9 / 118
13001,AZ,Combo,M,72,66.9,87.4,111,33.2,33.7,33.2,112,33.7,109,43.6,43.8,33.2 / 112,33.7 / 109
13001,AZ,Forward,M,72,65.9,85.9,108,32.9,33.0,32.9,108,33.0,108,42.9,43.0,32.9 / 108,33.0 / 108
13001,AZ,Club,F,72,75.2,105.2,128,37.2,38.0,37.2,126,38.0,129,52.0,53.2,37.2 / 126,38.0 / 129
13001,AZ,Combo,F,72,72.1,100.8,122,35.9,36.2,35.9,120,36.2,124,50.0,50.8,35.9 / 120,36.2 / 124
13001,AZ,Forward,F,72,71.2,99.2,119,35.6,35.6,35.6,114,35.6,123,49.1,50.1,35.6 / 114,35.6 / 123
13134,AZ,Black,M,71,72.2,96.8,132,35.4,36.8,35.4,126,36.8,138,47.1,49.7,35.4 / 126,36.8 / 138
13134,AZ,Blue,M,71,70.5,93.8,126,34.6,35.9,34.6,122,35.9,129,45.9,47.9,34.6 / 122,35.9 / 129
13134,AZ,Blue/White,M,71,69.2,92.0,123,34.1,35.1,34.1,121,35.1,125,45.3,46.7,34.1 / 121,35.1 / 125
13134,AZ,White,M,71,67.7,89.7,118,33.3,34.4,33.3,117,34.4,119,44.2,45.5,33.3 / 117,34.4 / 119
13134,AZ,White/Red,M,71,65.4,86.7,115,32.3,33.1,32.3,113,33.1,116,42.8,43.9,32.3 / 113,33.1 / 116
13134,AZ,Red,M,71,64.8,85.7,113,31.9,32.9,31.9,111,32.9,114,42.2,43.5,31.9 / 111,32.9 / 114
13134,AZ,Blue,F,71,76.9,108.0,132,37.4,39.5,37.4,131,39.5,132,52.9,55.1,37.4 / 131,39.5 / 132
13134,AZ,Blue/White,F,71,75.3,105.5,128,36.8,38.5,36.8,129,38.5,127,52.0,53.5,36.8 / 129,38.5 / 127
13134,AZ,White,F,71,74.4,104.2,126,36.2,38.2,36.2,126,38.2,126,51.1,53.1,36.2 / 126,38.2 / 126
13134,AZ,White/Red,F,71,71.3,99.9,122,34.7,36.6,34.7,123,36.6,120,49.2,50.7,34.7 / 123,36.6 / 120
13134,AZ,Red,F,71,70.0,97.4,116,34.0,36.0,34.0,116,36.0,116,47.7,49.7,34.0 / 116,36.0 / 116
13135,AZ,Black,M,72,72.7,99.0,142,36.4,36.3,36.4,143,36.3,140,49.7,49.3,36.4 / 143,36.3 / 140
13135,AZ,Blue,M,72,70.4,94.8,131,35.3,35.1,35.3,132,35.1,130,47.6,47.2,35.3 / 132,35.1 / 130
13135,AZ,Blue/White,M,72,69.4,92.8,126,34.7,34.7,34.7,126,34.7,126,46.4,46.4,34.7 / 126,34.7 / 126
13135,AZ,White,M,72,68.1,90.7,122,33.8,34.3,33.8,124,34.3,119,45.3,45.4,33.8 / 124,34.3 / 119
13135,AZ,White/Red,M,72,66.5,87.7,114,33.2,33.3,33.2,116,33.3,112,44.0,43.7,33.2 / 116,33.3 / 112
13135,AZ,Red,M,72,64.8,85.0,109,32.1,32.7,32.1,108,32.7,110,42.1,42.9,32.1 / 108,32.7 / 110
13135,AZ,Red/Brown,M,72,63.3,82.4,103,31.3,32.0,31.3,102,32.0,103,40.8,41.6,31.3 / 102,32.0 / 103
13135,AZ,Brown,M,72,62.2,80.5,99,30.9,31.3,30.9,98,31.3,99,40.0,40.5,30.9 / 98,31.3 / 99
13135,AZ,Blue,F,72,77.4,108.5,132,38.6,38.8,38.6,132,38.8,131,54.2,54.3,38.6 / 132,38.8 / 131
13135,AZ,Blue/White,F,72,74.6,104.5,127,37.2,37.4,37.2,127,37.4,126,52.2,52.3,37.2 / 127,37.4 / 126
13135,AZ,White,F,72,74.0,103.6,126,37.0,37.0,37.0,126,37.0,125,51.9,51.7,37.0 / 126,37.0 / 125
13135,AZ,White/Red,F,72,71.9,100.9,123,35.8,36.1,35.8,123,36.1,123,50.3,50.6,35.8 / 123,36.1 / 123
13135,AZ,Red,F,72,70.6,98.5,118,35.3,35.3,35.3,120,35.3,116,49.5,49.0,35.3 / 120,35.3 / 116
13135,AZ,Red/Brown,F,72,69.6,97.0,116,34.6,35.0,34.6,114,35.0,118,48.1,48.9,34.6 / 114,35.0 / 118
13135,AZ,Brown,F,72,68.5,93.8,107,34.4,34.1,34.4,103,34.1,111,46.6,47.2,34.4 / 103,34.1 / 111
13323,AZ,White,M,60,58.6,75.0,88,29.6,29.0,29.6,89,29.0,87,37.9,37.1,29.6 / 89,29.0 / 87
13323,AZ,Red,M,60,57.3,73.2,86,28.9,28.4,28.9,88,28.4,83,37.1,36.1,28.9 / 88,28.4 / 83
13323,AZ,Yellow,M,60,54.0,68.3,77,26.9,27.1,26.9,80,27.1,74,34.3,34.0,26.9 / 80,27.1 / 74
13323,AZ,White,F,60,60.7,82.3,92,30.7,30.0,30.7,95,30.0,88,41.9,40.4,30.7 / 95,30.0 / 88
13323,AZ,Red,F,60,58.9,80.0,90,29.8,29.1,29.8,95,29.1,84,41.0,39.0,29.8 / 95,29.1 / 84
13323,AZ,Yellow,F,60,56.9,76.8,85,28.5,28.4,28.5,89,28.4,80,39.0,37.8,28.5 / 89,28.4 / 80
13175,AZ,Blue,M,72,69.5,92.0,122,35.1,34.4,35.1,121,34.4,122,46.3,45.7,35.1 / 121,34.4 / 122
13175,AZ,White,M,72,68.0,89.5,116,34.3,33.7,34.3,116,33.7,115,45.1,44.4,34.3 / 116,33.7 / 115
13175,AZ,Red,M,72,65.5,85.8,110,32.9,32.6,32.9,109,32.6,110,43.0,42.8,32.9 / 109,32.6 / 110
13175,AZ,Yellow,M,72,62.3,80.8,100,31.2,31.1,31.2,98,31.1,101,40.3,40.5,31.2 / 98,31.1 / 101
13175,AZ,White,F,72,73.9,103.2,125,37.3,36.6,37.3,125,36.6,124,52.0,51.2,37.3 / 125,36.6 / 124
13175,AZ,Red,F,72,70.2,97.4,116,35.1,35.1,35.1,117,35.1,114,48.9,48.5,35.1 / 117,35.1 / 114
13175,AZ,Yellow,F,72,66.8,92.3,108,33.6,33.2,33.6,109,33.2,107,46.5,45.8,33.6 / 109,33.2 / 107
13316,AZ,Champion,M,72,72.1,95.3,125,36.3,35.8,36.3,127,35.8,123,48.1,47.2,36.3 / 127,35.8 / 123
13316,AZ,Advanced,M,72,70.7,93.3,122,35.4,35.3,35.4,123,35.3,121,46.8,46.5,35.4 / 123,35.3 / 121
13316,AZ,Members,M,72,69.3,91.4,119,34.6,34.7,34.6,119,34.7,118,45.7,45.7,34.6 / 119,34.7 / 118
13316,AZ,Forward,M,72,66.0,86.4,110,32.8,33.2,32.8,110,33.2,110,43.0,43.4,32.8 / 110,33.2 / 110
13316,AZ,Gold,M,72,63.3,82.7,104,31.6,31.7,31.6,104,31.7,104,41.3,41.4,31.6 / 104,31.7 / 104
13316,AZ,Advanced,F,72,77.3,108.5,132,38.4,38.9,38.4,133,38.9,131,54.1,54.4,38.4 / 133,38.9 / 131
13316,AZ,Members,F,72,76.0,106.0,127,37.7,38.3,37.7,128,38.3,126,52.8,53.2,37.7 / 128,38.3 / 126
13316,AZ,Forward,F,72,71.4,99.6,120,35.6,35.8,35.6,122,35.8,117,50.0,49.6,35.6 / 122,35.8 / 117
13316,AZ,Gold,F,72,68.4,95.3,114,34.1,34.3,34.1,115,34.3,113,47.7,47.6,34.1 / 115,34.3 / 113
