course_id,state,tee_name,gender,par,course_rating,bogey_rating,slope_rating,rating_f9,rating_b9,front9_rating,front9_slope,back9_rating,back9_slope,bogey_f9,bogey_b9,front9_raw,back9_raw
5417,PA,Blue,M,72,70.7,95.0,131,35.1,35.6,35.1,136,35.6,126,47.7,47.3,35.1 / 136,35.6 / 126
5417,PA,White,M,72,68.7,92.3,127,34.2,34.5,34.2,131,34.5,123,46.4,45.9,34.2 / 131,34.5 / 123
5417,PA,White/Gold,M,72,66.7,89.5,123,32.9,33.8,32.9,128,33.8,117,44.8,44.7,32.9 / 128,33.8 / 117
5417,PA,Gold,M,72,65.4,87.8,121,32.4,33.0,32.4,126,33.0,115,44.1,43.7,32.4 / 126,33.0 / 115
5417,PA,Red,M,72,63.9,85.8,118,31.8,32.1,31.8,123,32.1,113,43.2,42.6,31.8 / 123,32.1 / 113
5417,PA,Red Hybrid,M,71,63.1,84.6,116,31.1,32.0,31.1,118,32.0,113,42.1,42.5,31.1 / 118,32.0 / 113
5417,PA,Blue,F,72,76.1,107.9,135,37.7,38.4,37.7,136,38.4,134,53.7,54.2,37.7 / 136,38.4 / 134
5417,PA,White,F,72,73.5,104.1,130,36.6,36.9,36.6,131,36.9,128,52.1,52.0,36.6 / 131,36.9 / 128
5417,PA,White/Gold,F,72,71.8,101.2,125,35.6,36.2,35.6,124,36.2,126,50.2,51.0,35.6 / 124,36.2 / 126
5417,PA,Gold,F,72,70.3,98.9,121,35.4,34.9,35.4,121,34.9,121,49.7,49.2,35.4 / 121,34.9 / 121
5417,PA,Red,F,72,68.7,96.5,118,34.2,34.5,34.2,118,34.5,118,48.1,48.4,34.2 / 118,34.5 / 118
5417,PA,Red Hybrid,F,71,67.5,94.6,115,33.0,34.5,33.0,113,34.5,117,46.3,48.3,33.0 / 113,34.5 / 117
5353,PA,Black,M,72,72.2,96.4,130,35.3,36.9,35.3,128,36.9,132,47.2,49.2,35.3 / 128,36.9 / 132
5353,PA,Gold,M,72,70.2,93.6,126,34.6,35.6,34.6,124,35.6,128,46.1,47.5,34.6 / 124,35.6 / 128
5353,PA,Silver,M,72,66.0,88.0,118,33.1,32.9,33.1,118,32.9,118,44.1,43.9,33.1 / 118,32.9 / 118
5353,PA,Red,M,72,62.1,81.5,105,31.0,31.1,31.0,108,31.1,101,41.0,40.5,31.0 / 108,31.1 / 101
5353,PA,Black,F,72,77.7,108.9,133,37.9,39.8,37.9,129,39.8,136,53.1,55.8,37.9 / 129,39.8 / 136
5353,PA,Gold,F,72,75.6,105.7,128,37.3,38.3,37.3,126,38.3,129,52.2,53.5,37.3 / 126,38.3 / 129
5353,PA,Silver,F,72,70.6,98.2,117,35.5,35.1,35.5,119,35.1,115,49.5,48.7,35.5 / 119,35.1 / 115
5353,PA,Red,F,72,64.0,88.3,103,31.9,32.1,31.9,104,32.1,102,44.2,44.1,31.9 / 104,32.1 / 102
5437,PA,Black,M,70,72.2,96.8,133,35.1,37.1,35.1,138,37.1,127,47.9,48.9,35.1 / 138,37.1 / 127
5437,PA,Allegheny,M,70,70.8,94.8,130,34.6,36.2,34.6,136,36.2,123,47.2,47.6,34.6 / 136,36.2 / 123
5437,PA,Blue,M,70,70.1,94.0,129,34.2,35.9,34.2,135,35.9,123,46.7,47.3,34.2 / 135,35.9 / 123
5437,PA,Blue/White,M,70,68.4,91.7,126,34.2,34.2,34.2,135,34.2,116,46.7,45.0,34.2 / 135,34.2 / 116
5437,PA,White,M,70,67.4,90.2,123,33.2,34.2,33.2,130,34.2,115,45.3,44.9,33.2 / 130,34.2 / 115
5437,PA,Red,M,70,65.2,87.3,119,31.8,33.4,31.8,125,33.4,113,43.4,43.9,31.8 / 125,33.4 / 113
5437,PA,Black,F,71,78.4,111.6,141,38.1,40.3,38.1,141,40.3,141,54.7,56.9,38.1 / 141,40.3 / 141
5437,PA,Allegheny,F,71,76.8,109.4,138,37.5,39.3,37.5,138,39.3,138,53.8,55.6,37.5 / 138,39.3 / 138
5437,PA,Blue,F,71,75.9,107.9,136,37.0,38.9,37.0,136,38.9,136,53.0,54.9,37.0 / 136,38.9 / 136
5437,PA,Blue/White,F,71,73.8,105.0,132,37.0,36.8,37.0,137,36.8,127,53.2,51.8,37.0 / 137,36.8 / 127
5437,PA,White,F,71,73.1,103.5,129,36.3,36.8,36.3,129,36.8,129,51.5,52.0,36.3 / 129,36.8 / 129
5437,PA,Red,F,71,70.0,98.8,123,34.2,35.8,34.2,120,35.8,125,48.3,50.5,34.2 / 120,35.8 / 125
3245,PA,Black,M,72,72.2,96.1,129,36.0,36.2,36.0,130,36.2,127,48.1,48.0,36.0 / 130,36.2 / 127
3245,PA,Blue,M,72,70.9,94.2,126,35.3,35.6,35.3,126,35.6,125,47.0,47.2,35.3 / 126,35.6 / 125
3245,PA,White,M,72,68.6,91.1,122,34.1,34.5,34.1,122,34.5,121,45.4,45.7,34.1 / 122,34.5 / 121
3245,PA,White/Gold,M,72,67.2,88.9,117,33.4,33.8,33.4,116,33.8,117,44.2,44.7,33.4 / 116,33.8 / 117
3245,PA,Gold,M,72,65.4,86.5,114,32.4,33.0,32.4,114,33.0,113,43.0,43.5,32.4 / 114,33.0 / 113
3245,PA,Red,M,72,62.9,82.9,108,31.1,31.8,31.1,108,31.8,108,41.1,41.8,31.1 / 108,31.8 / 108
3245,PA,Short,M,72,55.7,72.0,88,27.7,28.0,27.7,88,28.0,87,35.9,36.1,27.7 / 88,28.0 / 87
3245,PA,Blue,F,72,77.5,109.6,136,38.6,38.9,38.6,137,38.9,135,54.8,54.8,38.6 / 137,38.9 / 135
3245,PA,White,F,72,74.7,105.6,131,37.1,37.6,37.1,132,37.6,130,52.7,52.9,37.1 / 132,37.6 / 130
3245,PA,White/Gold,F,72,72.9,102.7,126,36.0,36.9,36.0,126,36.9,126,50.9,51.8,36.0 / 126,36.9 / 126
3245,PA,Gold,F,72,70.7,99.5,122,34.9,35.8,34.9,122,35.8,122,49.3,50.2,34.9 / 122,35.8 / 122
3245,PA,Red,F,72,67.3,94.8,117,32.9,34.4,32.9,116,34.4,117,46.6,48.2,32.9 / 116,34.4 / 117
3245,PA,Short,F,70,57.9,79.4,92,28.7,29.2,28.7,92,29.2,91,39.5,39.9,28.7 / 92,29.2 / 91
23762,PA,Gold,M,74,71.8,95.2,126,36.6,35.2,36.6,129,35.2,123,48.6,46.6,36.6 / 129,35.2 / 123
23762,PA,Blue,M,74,71.1,94.1,124,36.1,35.0,36.1,128,35.0,119,48.0,46.1,36.1 / 128,35.0 / 119
23762,PA,Red,M,74,68.2,90.8,122,34.5,33.7,34.5,123,33.7,121,45.9,44.9,34.5 / 123,33.7 / 121
23762,PA,Silver,M,74,65.7,87.3,116,33.1,32.6,33.1,117,32.6,115,44.0,43.3,33.1 / 117,32.6 / 115
23762,PA,White,M,74,64.9,86.1,114,32.9,32.0,32.9,116,32.0,112,43.7,42.4,32.9 / 116,32.0 / 112
23762,PA,Gold,F,74,78.1,109.9,135,39.9,38.2,39.9,138,38.2,131,56.2,53.7,39.9 / 138,38.2 / 131
23762,PA,Blue,F,74,77.2,108.4,133,39.2,38.0,39.2,135,38.0,130,55.1,53.3,39.2 / 135,38.0 / 130
23762,PA,Red,F,74,74.4,104.2,127,37.7,36.7,37.7,128,36.7,125,52.8,51.4,37.7 / 128,36.7 / 125
23762,PA,Silver,F,74,71.5,100.4,123,36.0,35.5,36.0,124,35.5,121,50.6,49.8,36.0 / 124,35.5 / 121
23762,PA,White,F,74,70.1,98.6,121,35.7,34.4,35.7,124,34.4,118,50.3,48.3,35.7 / 124,34.4 / 118
5441,PA,Blue,M,71,69.2,90.0,112,35.2,34.0,35.2,114,34.0,110,45.8,44.2,35.2 / 114,34.0 / 110
5441,PA,White,M,71,68.2,88.4,110,34.8,33.4,34.8,111,33.4,109,45.0,43.4,34.8 / 111,33.4 / 109
5441,PA,Gold,M,71,64.9,84.4,105,33.0,31.9,33.0,107,31.9,103,42.9,41.5,33.0 / 107,31.9 / 103
5441,PA,Red,M,72,63.0,81.8,101,32.3,30.7,32.3,103,30.7,99,41.9,39.9,32.3 / 103,30.7 / 99
5441,PA,Blue,F,72,75.3,104.0,122,38.4,36.9,38.4,124,36.9,120,53.0,51.0,38.4 / 124,36.9 / 120
5441,PA,White,F,72,73.9,102.0,119,37.8,36.1,37.8,121,36.1,117,52.1,49.9,37.8 / 121,36.1 / 117
5441,PA,Gold,F,72,69.9,96.0,111,35.7,34.2,35.7,113,34.2,109,49.0,47.0,35.7 / 113,34.2 / 109
5441,PA,Red,F,72,67.7,92.8,107,35.1,32.6,35.1,112,32.6,101,48.3,44.5,35.1 / 112,32.6 / 101
3135,PA,Black,M,71,73.6,98.6,135,36.7,36.9,36.7,136,36.9,133,49.3,49.3,36.7 / 136,36.9 / 133
3135,PA,Composite,M,71,71.7,95.8,131,35.8,35.9,35.8,132,35.9,130,48.1,47.9,35.8 / 132,35.9 / 130
3135,PA,Orange,M,71,70.6,94.4,128,35.3,35.3,35.3,130,35.3,126,47.4,47.0,35.3 / 130,35.3 / 126
3135,PA,Yellow,M,71,68.4,91.4,124,34.5,33.9,34.5,126,33.9,122,46.2,45.2,34.5 / 126,33.9 / 122
3135,PA,Forward Composite,M,71,66.5,88.7,120,33.3,33.2,33.3,122,33.2,117,44.6,44.1,33.3 / 122,33.2 / 117
3135,PA,White,M,71,64.2,85.8,116,32.3,31.9,32.3,118,31.9,114,43.3,42.5,32.3 / 118,31.9 / 114
3135,PA,Orange,F,71,76.2,108.4,137,38.4,37.8,38.4,137,37.8,137,54.5,53.9,38.4 / 137,37.8 / 137
3135,PA,Yellow,F,71,73.6,104.4,131,37.4,36.2,37.4,131,36.2,130,52.9,51.5,37.4 / 131,36.2 / 130
3135,PA,Forward Composite,F,71,71.1,100.8,126,35.9,35.2,35.9,126,35.2,126,50.7,50.1,35.9 / 126,35.2 / 126
3135,PA,White,F,71,68.4,96.6,120,34.8,33.6,34.8,120,33.6,119,49.0,47.6,34.8 / 120,33.6 / 119
3664,PA,Black,M,72,73.5,99.9,142,35.8,37.7,35.8,138,37.7,146,48.6,51.3,35.8 / 138,37.7 / 146
3664,PA,Black/Gold Combo,M,72,72.2,98.1,140,35.0,37.2,35.0,135,37.2,144,47.5,50.6,35.0 / 135,37.2 / 144
3664,PA,Gold,M,72,70.8,96.3,137,34.4,36.4,34.4,133,36.4,141,46.8,49.5,34.4 / 133,36.4 / 141
3664,PA,Gold/Blue Combo,M,72,69.7,94.6,134,34.0,35.7,34.0,130,35.7,138,46.1,48.5,34.0 / 130,35.7 / 138
3664,PA,Blue,M,72,68.8,93.4,133,33.6,35.2,33.6,128,35.2,137,45.5,47.9,33.6 / 128,35.2 / 137
3664,PA,Blue/Green Combo,M,72,66.6,88.6,119,32.3,34.3,32.3,114,34.3,123,42.9,45.7,32.3 / 114,34.3 / 123
3664,PA,Green,M,72,65.9,86.6,111,31.8,34.1,31.8,105,34.1,117,41.6,45.0,31.8 / 105,34.1 / 117
3664,PA,Blue,F,72,75.2,108.9,143,36.5,38.7,36.5,137,38.7,148,52.7,56.2,36.5 / 137,38.7 / 148
3664,PA,Blue/Green Combo,F,72,72.4,103.7,133,35.2,37.2,35.2,123,37.2,142,49.7,54.0,35.2 / 123,37.2 / 142
3664,PA,Green,F,72,71.1,101.4,129,34.4,36.7,34.4,118,36.7,139,48.3,53.1,34.4 / 118,36.7 / 139
3664,PA,Green/Purple Combo,F,72,70.0,99.9,127,33.8,36.2,33.8,116,36.2,137,47.5,52.4,33.8 / 116,36.2 / 137
13546,PA,Blue,M,70,67.7,89.5,118,33.4,34.3,33.4,112,34.3,123,43.8,45.7,33.4 / 112,34.3 / 123
13546,PA,White,M,70,66.3,87.5,115,32.7,33.6,32.7,108,33.6,121,42.7,44.8,32.7 / 108,33.6 / 121
13546,PA,Gold,M,70,64.8,85.1,109,32.2,32.6,32.2,105,32.6,113,42.0,43.1,32.2 / 105,32.6 / 113
13546,PA,Red,F,70,67.3,93.6,112,33.5,33.8,33.5,114,33.8,109,46.9,46.7,33.5 / 114,33.8 / 109
3109,PA,Black,M,70,75.5,102.3,144,37.4,38.1,37.4,144,38.1,144,50.8,51.5,37.4 / 144,38.1 / 144
3109,PA,Black/Blue,M,70,73.4,99.4,140,36.6,36.8,36.6,142,36.8,138,49.8,49.6,36.6 / 142,36.8 / 138
3109,PA,Blue,M,70,71.9,97.3,137,35.8,36.1,35.8,138,36.1,136,48.6,48.7,35.8 / 138,36.1 / 136
3109,PA,Blue/White,M,70,70.5,95.4,134,35.1,35.4,35.1,135,35.4,133,47.6,47.8,35.1 / 135,35.4 / 133
3109,PA,White,M,70,69.3,93.6,131,34.4,34.9,34.4,130,34.9,131,46.5,47.1,34.4 / 130,34.9 / 131
3109,PA,White/Red,M,70,68.0,91.7,128,33.9,34.1,33.9,128,34.1,127,45.8,45.9,33.9 / 128,34.1 / 127
3109,PA,Red,M,70,66.3,89.1,123,33.1,33.2,33.1,124,33.2,122,44.6,44.5,33.1 / 124,33.2 / 122
3109,PA,Green,M,70,63.2,85.0,117,31.4,31.8,31.4,117,31.8,117,42.3,42.7,31.4 / 117,31.8 / 117
3109,PA,Blue,F,72,78.4,112.4,144,39.1,39.3,39.1,144,39.3,144,56.1,56.3,39.1 / 144,39.3 / 144
3109,PA,Blue/White,F,72,76.9,110.0,141,38.4,38.5,38.4,140,38.5,141,54.9,55.1,38.4 / 140,38.5 / 141
3109,PA,White,F,72,75.5,107.9,138,37.5,38.0,37.5,137,38.0,138,53.6,54.3,37.5 / 137,38.0 / 138
3109,PA,White/Red,F,72,74.0,105.7,135,37.0,37.0,37.0,135,37.0,134,52.9,52.8,37.0 / 135,37.0 / 134
3109,PA,Red,F,72,72.1,102.8,131,36.1,36.0,36.1,131,36.0,130,51.5,51.3,36.1 / 131,36.0 / 130
3109,PA,Green,F,72,67.9,97.2,125,33.5,34.4,33.5,123,34.4,126,48.0,49.2,33.5 / 123,34.4 / 126
5338,PA,Blue,M,71,72.4,95.2,123,36.5,35.9,36.5,121,35.9,125,47.7,47.5,36.5 / 121,35.9 / 125
5338,PA,White,M,71,69.3,90.9,116,34.8,34.5,34.8,113,34.5,119,45.3,45.6,34.8 / 113,34.5 / 119
5338,PA,Red,M,71,63.1,83.0,107,32.0,31.1,32.0,102,31.1,112,41.5,41.5,32.0 / 102,31.1 / 112
5338,PA,Blue,F,72,77.9,109.2,133,39.9,38.0,39.9,130,38.0,136,55.2,54.0,39.9 / 130,38.0 / 136
5338,PA,White,F,72,74.2,103.7,125,37.9,36.3,37.9,121,36.3,129,52.2,51.5,37.9 / 121,36.3 / 129
5338,PA,Red,F,72,66.7,92.1,108,34.4,32.3,34.4,108,32.3,108,47.1,45.0,34.4 / 108,32.3 / 108
14902,PA,Position 4,M,70,71.0,95.7,133,35.6,35.4,35.6,136,35.4,130,48.2,47.5,35.6 / 136,35.4 / 130
14902,PA,Position 3,M,70,69.9,94.3,132,35.2,34.7,35.2,135,34.7,128,47.7,46.6,35.2 / 135,34.7 / 128
14902,PA,Position 1,M,70,66.0,88.7,122,33.3,32.7,33.3,126,32.7,118,45.0,43.7,33.3 / 126,32.7 / 118
14902,PA,Position 4,F,70,77.3,109.8,138,38.7,38.6,38.7,136,38.6,140,54.7,55.1,38.7 / 136,38.6 / 140
14902,PA,Position 3,F,70,76.0,107.6,134,38.3,37.7,38.3,133,37.7,135,54.0,53.6,38.3 / 133,37.7 / 135
14902,PA,Position 1,F,70,71.1,100.5,125,35.8,35.3,35.8,124,35.3,126,50.4,50.1,35.8 / 124,35.3 / 126
5383,PA,Position 4,M,72,73.0,98.3,136,37.0,36.0,37.0,141,36.0,131,50.1,48.2,37.0 / 141,36.0 / 131
5383,PA,Position 3,M,72,71.8,95.8,129,36.2,35.6,36.2,139,35.6,119,49.1,46.7,36.2 / 139,35.6 / 119
5383,PA,Position 2,M,71,67.3,90.0,122,33.9,33.4,33.9,126,33.4,118,45.6,44.4,33.9 / 126,33.4 / 118
5383,PA,Position 1,M,72,67.3,89.7,121,33.6,33.7,33.6,124,33.7,117,45.1,44.6,33.6 / 124,33.7 / 117
5383,PA,Position 4 (W),F,72,79.4,111.9,138,40.1,39.3,40.1,141,39.3,135,56.7,55.2,40.1 / 141,39.3 / 135
5383,PA,Position 3 (W),F,72,77.7,109.4,135,39.1,38.6,39.1,137,38.6,132,55.2,54.2,39.1 / 137,38.6 / 132
5383,PA,Position 1 (W),F,72,71.6,98.9,116,35.5,36.1,35.5,119,36.1,113,49.5,49.4,35.5 / 119,36.1 / 113
5383,PA,Position 2 (W),F,71,71.5,99.0,117,35.7,35.8,35.7,120,35.8,114,49.8,49.2,35.7 / 120,35.8 / 114
3126,PA,Blue,M,68,66.3,90.3,129,32.9,33.4,32.9,125,33.4,133,44.5,45.8,32.9 / 125,33.4 / 133
3126,PA,White,M,68,65.4,89.1,128,32.4,33.0,32.4,123,33.0,132,43.8,45.3,32.4 / 123,33.0 / 132
3126,PA,Red,M,68,64.3,87.5,125,31.9,32.4,31.9,122,32.4,128,43.2,44.3,31.9 / 122,32.4 / 128
3126,PA,Yellow,M,68,62.6,84.9,120,31.3,31.3,31.3,121,31.3,119,42.5,42.4,31.3 / 121,31.3 / 119
3126,PA,Blue,F,68,71.1,102.0,131,35.0,36.1,35.0,131,36.1,131,50.4,51.6,35.0 / 131,36.1 / 131
3126,PA,White,F,68,70.5,101.0,130,34.7,35.8,34.7,129,35.8,130,49.9,51.1,34.7 / 129,35.8 / 130
3126,PA,Red,F,68,68.9,98.5,126,34.0,34.9,34.0,126,34.9,126,48.8,49.7,34.0 / 126,34.9 / 126
3126,PA,Yellow,F,68,65.1,92.9,118,31.9,33.2,31.9,118,33.2,118,45.8,47.1,31.9 / 118,33.2 / 118
5452,PA,Blue,M,71,70.3,94.5,130,34.7,35.6,34.7,131,35.6,129,46.9,47.6,34.7 / 131,35.6 / 129
5452,PA,White,M,71,67.7,91.1,126,33.4,34.3,33.4,130,34.3,122,45.5,45.6,33.4 / 130,34.3 / 122
5452,PA,Red,M,71,63.8,85.9,119,31.4,32.4,31.4,123,32.4,115,42.8,43.1,31.4 / 123,32.4 / 115
5452,PA,Gold,M,71,62.7,83.9,114,30.9,31.8,30.9,115,31.8,113,41.6,42.3,30.9 / 115,31.8 / 113
5452,PA,Red,F,72,67.9,96.5,121,33.2,34.7,33.2,121,34.7,121,47.5,49.0,33.2 / 121,34.7 / 121
5452,PA,Gold,F,72,66.2,93.4,115,32.4,33.8,32.4,115,33.8,115,46.0,47.4,32.4 / 115,33.8 / 115
5337,PA,Black,M,72,70.8,94.4,127,36.5,34.3,36.5,131,34.3,123,48.7,45.7,36.5 / 131,34.3 / 123
5337,PA,White,M,72,70.0,93.1,124,36.0,34.0,36.0,129,34.0,119,48.0,45.1,36.0 / 129,34.0 / 119
5337,PA,Red,M,72,66.8,88.4,116,33.9,32.9,33.9,118,32.9,114,44.9,43.5,33.9 / 118,32.9 / 114
5337,PA,Gold,M,72,66.3,87.7,115,33.4,32.9,33.4,118,32.9,112,44.4,43.3,33.4 / 118,32.9 / 112
5337,PA,Black,F,73,76.3,107.9,134,39.4,36.9,39.4,139,36.9,129,55.8,52.1,39.4 / 139,36.9 / 129
5337,PA,White,F,73,75.2,106.1,131,38.8,36.4,38.8,136,36.4,126,54.8,51.3,38.8 / 136,36.4 / 126
5337,PA,Red,F,73,71.6,100.9,124,36.5,35.1,36.5,126,35.1,122,51.4,49.5,36.5 / 126,35.1 / 122
5337,PA,Gold,F,73,71.1,99.6,121,36.0,35.1,36.0,122,35.1,120,50.4,49.2,36.0 / 122,35.1 / 120
5405,PA,Medal,M,72,73.7,99.7,140,37.7,36.0,37.7,143,36.0,137,51.0,48.7,37.7 / 143,36.0 / 137
5405,PA,Ross,M,72,72.0,97.4,137,36.9,35.1,36.9,139,35.1,135,49.8,47.6,36.9 / 139,35.1 / 135
5405,PA,Tillinghast,M,72,70.2,94.4,130,35.7,34.5,35.7,131,34.5,129,47.9,46.5,35.7 / 131,34.5 / 129
5405,PA,Hybrid,M,72,67.4,89.8,121,34.4,33.0,34.4,121,33.0,121,45.6,44.2,34.4 / 121,33.0 / 121
5405,PA,Oldham,M,72,66.2,88.0,117,33.5,32.7,33.5,117,32.7,117,44.4,43.6,33.5 / 117,32.7 / 117
5405,PA,Ross,F,72,78.2,112.4,145,40.3,37.9,40.3,151,37.9,139,58.1,54.3,40.3 / 151,37.9 / 139
5405,PA,Tillinghast,F,72,76.0,108.8,139,38.9,37.1,38.9,142,37.1,136,55.7,53.1,38.9 / 142,37.1 / 136
5405,PA,Hybrid (W),F,72,72.5,103.6,132,37.1,35.4,37.1,136,35.4,128,53.1,50.5,37.1 / 136,35.4 / 128
5405,PA,Oldham (W),F,72,70.8,101.3,130,35.8,35.0,35.8,131,35.0,128,51.2,50.1,35.8 / 131,35.0 / 128
20873,PA,White,M,72,70.0,93.8,128,35.0,35.0,35.0,127,35.0,129,46.8,47.0,35.0 / 127,35.0 / 129
20873,PA,Gold,M,72,65.3,86.3,113,32.5,32.8,32.5,110,32.8,116,42.7,43.6,32.5 / 110,32.8 / 116
20873,PA,White,F,73,75.4,106.6,132,37.6,37.8,37.6,132,37.8,132,53.2,53.4,37.6 / 132,37.8 / 132
20873,PA,Red,F,73,69.7,98.3,121,34.7,35.0,34.7,121,35.0,121,49.0,49.3,34.7 / 121,35.0 / 121
13475,PA,Blue,M,70,68.0,91.0,124,33.1,34.9,33.1,122,34.9,126,44.4,46.6,33.1 / 122,34.9 / 126
13475,PA,White,M,70,66.4,88.9,121,32.4,34.0,32.4,118,34.0,124,43.4,45.5,32.4 / 118,34.0 / 124
13475,PA,Gold,M,70,64.7,86.1,115,31.7,33.0,31.7,113,33.0,117,42.2,43.9,31.7 / 113,33.0 / 117
13475,PA,Red,M,70,62.6,83.4,112,31.0,31.6,31.0,112,31.6,112,41.4,42.0,31.0 / 112,31.6 / 112
13475,PA,Blue,F,70,73.3,103.1,126,35.5,37.8,35.5,120,37.8,132,49.7,53.4,35.5 / 120,37.8 / 132
13475,PA,White,F,70,71.4,99.7,120,34.6,36.8,34.6,115,36.8,125,48.2,51.5,34.6 / 115,36.8 / 125
13475,PA,Gold,F,70,69.3,96.2,114,33.8,35.5,33.8,109,35.5,119,46.7,49.5,33.8 / 109,35.5 / 119
13475,PA,Red,F,70,66.7,92.6,110,33.0,33.7,33.0,107,33.7,113,45.6,47.0,33.0 / 107,33.7 / 113
13465,PA,Blue,M,70,70.0,94.7,133,35.2,34.8,35.2,135,34.8,131,47.7,47.0,35.2 / 135,34.8 / 131
13465,PA,White,M,70,68.5,92.6,130,34.4,34.1,34.4,131,34.1,128,46.6,46.0,34.4 / 131,34.1 / 128
13465,PA,White/Gold,M,70,66.6,90.1,127,33.5,33.1,33.5,128,33.1,125,45.4,44.7,33.5 / 128,33.1 / 125
13465,PA,Gold,M,70,65.3,88.1,123,33.0,32.3,33.0,125,32.3,121,44.6,43.5,33.0 / 125,32.3 / 121
13465,PA,White,F,70,73.6,105.6,136,37.3,36.3,37.3,134,36.3,137,53.1,52.5,37.3 / 134,36.3 / 137
13465,PA,White/Gold,F,70,71.4,102.4,132,36.2,35.2,36.2,131,35.2,132,51.6,50.8,36.2 / 131,35.2 / 132
13465,PA,Gold,F,70,69.6,99.7,128,35.5,34.1,35.5,127,34.1,128,50.5,49.2,35.5 / 127,34.1 / 128
13465,PA,Red,F,70,67.6,96.6,123,34.5,33.1,34.5,122,33.1,124,48.9,47.7,34.5 / 122,33.1 / 124
13798,PA,Blue,M,72,72.5,97.4,134,36.5,36.0,36.5,135,36.0,133,49.0,48.4,36.5 / 135,36.0 / 133
13798,PA,White,M,72,71.1,95.5,131,35.6,35.5,35.6,131,35.5,131,47.8,47.7,35.6 / 131,35.5 / 131
13798,PA,Gold,M,72,66.0,87.0,113,33.0,33.0,33.0,115,33.0,111,43.7,43.3,33.0 / 115,33.0 / 111
13798,PA,Red,M,72,65.0,85.6,111,32.5,32.5,32.5,113,32.5,109,43.0,42.6,32.5 / 113,32.5 / 109
13798,PA,Orange/Yellow,M,72,60.9,79.7,101,30.4,30.5,30.4,102,30.5,100,39.9,39.8,30.4 / 102,30.5 / 100
13798,PA,Gold,F,72,71.0,100.2,124,35.4,35.6,35.4,124,35.6,124,50.0,50.2,35.4 / 124,35.6 / 124
13798,PA,Red,F,72,69.7,98.3,121,34.8,34.9,34.8,120,34.9,122,49.0,49.3,34.8 / 120,34.9 / 122
13798,PA,Orange/Yellow,F,72,63.8,89.6,110,31.8,32.0,31.8,109,32.0,110,44.6,45.0,31.8 / 109,32.0 / 110
3210,PA,Dog (Black),M,71,72.2,97.8,138,37.0,35.2,37.0,143,35.2,132,50.3,47.5,37.0 / 143,35.2 / 132
3210,PA,Wood (Gold),M,71,71.4,96.6,136,36.2,35.2,36.2,139,35.2,132,49.1,47.5,36.2 / 139,35.2 / 132
3210,PA,Eagle (Green),M,71,68.6,92.9,131,35.1,33.5,35.1,136,33.5,126,47.7,45.2,35.1 / 136,33.5 / 126
3210,PA,Belle (Grey),M,70,66.2,89.5,125,34.3,31.9,34.3,132,31.9,118,46.6,42.9,34.3 / 132,31.9 / 118
3210,PA,Family Tee (Red),M,71,59.2,78.5,104,30.0,29.2,30.0,103,29.2,104,39.6,38.9,30.0 / 103,29.2 / 104
3210,PA,Eagle (Green),F,71,74.3,106.1,135,38.1,36.2,38.1,142,36.2,127,54.9,51.2,38.1 / 142,36.2 / 127
3210,PA,Belle (Grey),F,71,71.2,101.3,128,36.9,34.3,36.9,137,34.3,119,53.0,48.3,36.9 / 137,34.3 / 119
3210,PA,Family Tee (Red),F,71,61.4,86.7,108,31.0,30.4,31.0,112,30.4,103,44.2,42.5,31.0 / 112,30.4 / 103
3182,PA,Blue,M,70,70.0,92.9,123,34.5,35.5,34.5,117,35.5,129,45.4,47.5,34.5 / 117,35.5 / 129
3182,PA,White,M,70,68.4,90.7,120,33.5,34.9,33.5,114,34.9,126,44.1,46.6,33.5 / 114,34.9 / 126
3182,PA,Gold,M,70,65.6,86.6,113,32.3,33.3,32.3,105,33.3,121,42.1,44.5,32.3 / 105,33.3 / 121
3182,PA,Blue,F,70,76.1,107.1,132,37.4,38.7,37.4,126,38.7,137,52.3,54.8,37.4 / 126,38.7 / 137
3182,PA,White,F,70,74.0,104.1,128,36.2,37.8,36.2,121,37.8,134,50.5,53.6,36.2 / 121,37.8 / 134
3182,PA,Gold,F,70,70.7,99.3,121,34.6,36.1,34.6,114,36.1,128,48.1,51.2,34.6 / 114,36.1 / 128
3182,PA,Red,F,70,70.1,98.3,120,34.3,35.8,34.3,113,35.8,126,47.6,50.7,34.3 / 113,35.8 / 126
3203,PA,Black,M,71,72.8,99.5,144,36.4,36.4,36.4,142,36.4,145,49.6,49.9,36.4 / 142,36.4 / 145
3203,PA,Laurel Pond,M,71,71.3,97.3,140,35.5,35.8,35.5,138,35.8,142,48.3,49.0,35.5 / 138,35.8 / 142
3203,PA,Blue,M,71,70.4,95.6,136,34.9,35.5,34.9,137,35.5,135,47.6,48.0,34.9 / 137,35.5 / 135
3203,PA,Blue/White,M,71,69.0,93.5,132,34.2,34.8,34.2,136,34.8,128,46.8,46.7,34.2 / 136,34.8 / 128
3203,PA,White,M,71,68.6,92.5,129,34.0,34.6,34.0,135,34.6,123,46.5,46.0,34.0 / 135,34.6 / 123
3203,PA,White/Green,M,71,67.2,90.4,125,33.2,34.0,33.2,128,34.0,122,45.1,45.3,33.2 / 128,34.0 / 122
3203,PA,Green,M,71,66.5,89.1,122,32.8,33.7,32.8,123,33.7,121,44.2,44.9,32.8 / 123,33.7 / 121
3203,PA,Red,M,71,65.1,87.1,118,32.0,33.1,32.0,119,33.1,117,43.1,44.0,32.0 / 119,33.1 / 117
3203,PA,Yellow,M,71,63.5,84.8,115,31.2,32.3,31.2,115,32.3,114,41.9,42.9,31.2 / 115,32.3 / 114
3203,PA,Blue,F,71,76.7,111.3,147,37.9,38.8,37.9,150,38.8,143,55.6,55.7,37.9 / 150,38.8 / 143
3203,PA,White,F,71,74.3,107.7,142,36.9,37.4,36.9,145,37.4,138,54.0,53.7,36.9 / 145,37.4 / 138
3203,PA,Green,F,71,71.6,103.7,136,35.1,36.5,35.1,137,36.5,135,51.3,52.4,35.1 / 137,36.5 / 135
3203,PA,Red,F,71,70.0,100.1,128,34.4,35.6,34.4,126,35.6,130,49.2,50.9,34.4 / 126,35.6 / 130
3203,PA,Red/Yellow,F,71,68.9,98.5,126,33.8,35.1,33.8,122,35.1,129,48.2,50.3,33.8 / 122,35.1 / 129
3203,PA,Yellow,F,71,67.8,97.0,124,33.2,34.6,33.2,120,34.6,128,47.3,49.7,33.2 / 120,34.6 / 128
3233,PA,Blue,M,72,72.0,96.7,133,35.1,36.9,35.1,133,36.9,132,47.5,49.2,35.1 / 133,36.9 / 132
3233,PA,White,M,72,70.0,94.8,133,34.4,35.6,34.4,133,35.6,133,46.8,48.0,34.4 / 133,35.6 / 133
3233,PA,Gold,M,72,66.2,89.0,123,32.4,33.8,32.4,122,33.8,124,43.7,45.3,32.4 / 122,33.8 / 124
3233,PA,Red,M,71,64.1,86.5,121,31.7,32.4,31.7,122,32.4,119,43.0,43.5,31.7 / 122,32.4 / 119
3233,PA,White,F,73,76.7,109.4,139,39.3,37.4,39.3,142,37.4,135,56.1,53.3,39.3 / 142,37.4 / 135
3233,PA,Red,F,74,71.6,101.8,128,36.9,34.7,36.9,134,34.7,122,52.7,49.1,36.9 / 134,34.7 / 122
23622,PA,Blue,M,72,71.0,93.4,121,35.5,35.5,35.5,121,35.5,121,46.7,46.7,35.5 / 121,35.5 / 121
23622,PA,White/Blue,M,70,69.3,91.1,118,33.8,35.5,33.8,114,35.5,121,44.4,46.7,33.8 / 114,35.5 / 121
23622,PA,White,M,70,67.6,88.8,114,33.8,33.8,33.8,114,33.8,114,44.4,44.4,33.8 / 114,33.8 / 114
23622,PA,Gold/White,M,70,64.8,85.1,109,31.0,33.8,31.0,104,33.8,114,40.7,44.4,31.0 / 104,33.8 / 114
23622,PA,Gold,M,72,62.0,81.6,105,31.0,31.0,31.0,105,31.0,105,40.8,40.8,31.0 / 105,31.0 / 105
23622,PA,Red/Gold,M,71,61.8,81.2,104,30.8,31.0,30.8,103,31.0,105,40.4,40.8,30.8 / 103,31.0 / 105
23622,PA,Red,M,72,61.6,80.8,103,30.8,30.8,30.8,103,30.8,103,40.4,40.4,30.8 / 103,30.8 / 103
23622,PA,Blue,F,72,76.4,106.2,126,38.2,38.2,38.2,126,38.2,126,53.1,53.1,38.2 / 126,38.2 / 126
23622,PA,White/Blue,F,71,74.5,103.3,122,36.3,38.2,36.3,118,38.2,126,50.2,53.1,36.3 / 118,38.2 / 126
23622,PA,White,F,70,72.6,100.4,118,36.3,36.3,36.3,118,36.3,118,50.2,50.2,36.3 / 118,36.3 / 118
23622,PA,Gold/White,F,71,69.7,95.9,111,33.4,36.3,33.4,104,36.3,118,45.7,50.2,33.4 / 104,36.3 / 118
23622,PA,Gold,F,72,67.1,92.4,107,33.4,33.7,33.4,104,33.7,110,45.7,46.7,33.4 / 104,33.7 / 110
23622,PA,Red/Gold,F,71,66.9,92.9,110,33.2,33.7,33.2,110,33.7,110,46.2,46.7,33.2 / 110,33.7 / 110
23622,PA,Red,F,70,66.4,92.4,110,33.2,33.2,33.2,110,33.2,110,46.2,46.2,33.2 / 110,33.2 / 110
3191,PA,Blue,M,71,71.8,97.0,136,35.5,36.3,35.5,139,36.3,132,48.4,48.6,35.5 / 139,36.3 / 132
3191,PA,White,M,71,70.5,95.0,132,34.9,35.6,34.9,136,35.6,128,47.5,47.5,34.9 / 136,35.6 / 128
3191,PA,Composite,M,71,70.3,95.0,133,34.6,35.7,34.6,137,35.7,129,47.3,47.7,34.6 / 137,35.7 / 129
3191,PA,Gold,M,71,67.2,89.3,119,33.0,34.2,33.0,119,34.2,118,44.1,45.2,33.0 / 119,34.2 / 118
3191,PA,Red,M,71,66.5,88.3,117,32.8,33.7,32.8,118,33.7,116,43.8,44.5,32.8 / 118,33.7 / 116
3191,PA,Silver,M,71,66.0,87.6,116,32.7,33.3,32.7,118,33.3,114,43.7,43.9,32.7 / 118,33.3 / 114
3191,PA,White,F,73,76.1,108.4,137,37.6,38.5,37.6,137,38.5,137,53.7,54.7,37.6 / 137,38.5 / 137
3191,PA,Gold,F,73,72.4,102.9,130,35.6,36.8,35.6,128,36.8,131,50.7,52.2,35.6 / 128,36.8 / 131
3191,PA,Red,F,73,71.5,101.7,128,35.3,36.2,35.3,127,36.2,129,50.3,51.4,35.3 / 127,36.2 / 129
3191,PA,Silver,F,73,70.9,100.6,126,35.2,35.7,35.2,126,35.7,126,50.1,50.5,35.2 / 126,35.7 / 126
23920,PA,Black,M,71,71.0,94.7,128,35.6,35.4,35.6,126,35.4,129,47.3,47.4,35.6 / 126,35.4 / 129
23920,PA,Blue,M,71,70.6,94.1,127,35.4,35.2,35.4,125,35.2,128,47.0,47.1,35.4 / 125,35.2 / 128
23920,PA,White,M,71,69.9,92.8,123,34.9,35.0,34.9,122,35.0,124,46.3,46.5,34.9 / 122,35.0 / 124
23920,PA,Green,M,71,66.8,88.9,119,33.6,33.2,33.6,118,33.2,119,44.6,44.3,33.6 / 118,33.2 / 119
23920,PA,Gold,M,71,64.8,86.2,115,32.6,32.2,32.6,114,32.2,116,43.2,43.0,32.6 / 114,32.2 / 116
23920,PA,Red,M,71,63.8,84.8,113,32.3,31.5,32.3,111,31.5,115,42.6,42.2,32.3 / 111,31.5 / 115
23920,PA,Green,F,71,71.8,101.3,126,36.6,35.2,36.6,126,35.2,125,51.4,49.9,36.6 / 126,35.2 / 125
23920,PA,Gold,F,71,69.2,97.5,120,35.1,34.1,35.1,120,34.1,120,49.2,48.3,35.1 / 120,34.1 / 120
23920,PA,Red,F,71,68.0,95.6,117,34.2,33.8,34.2,117,33.8,117,48.0,47.6,34.2 / 117,33.8 / 117
13578,PA,Blue,M,71,72.3,96.0,128,36.2,36.1,36.2,128,36.1,127,48.1,47.9,36.2 / 128,36.1 / 127
13578,PA,White,M,71,70.0,93.2,125,35.1,34.9,35.1,129,34.9,121,47.1,46.1,35.1 / 129,34.9 / 121
13578,PA,Green,M,71,67.9,90.5,122,34.2,33.7,34.2,124,33.7,119,45.7,44.8,34.2 / 124,33.7 / 119
13578,PA,Green,F,71,73.3,103.0,126,37.1,36.2,37.1,129,36.2,123,52.3,50.7,37.1 / 129,36.2 / 123
13578,PA,Gold,F,71,69.4,97.2,118,35.5,33.9,35.5,122,33.9,114,49.9,47.3,35.5 / 122,33.9 / 114
13558,PA,Men,M,68,62.8,82.1,104,31.1,31.7,31.1,102,31.7,105,40.6,41.5,31.1 / 102,31.7 / 105
13558,PA,Women,F,68,67.8,93.9,111,33.4,34.4,33.4,109,34.4,113,46.2,47.7,33.4 / 109,34.4 / 113
13501,PA,Gold,M,72,74.4,99.8,137,37.0,37.4,37.0,133,37.4,140,49.4,50.4,37.0 / 133,37.4 / 140
13501,PA,Black,M,72,72.8,98.0,136,36.3,36.5,36.3,135,36.5,137,48.8,49.2,36.3 / 135,36.5 / 137
13501,PA,Blue,M,72,70.6,94.4,128,35.0,35.6,35.0,126,35.6,130,46.7,47.7,35.0 / 126,35.6 / 130
13501,PA,White,M,72,69.2,92.3,125,34.0,35.2,34.0,123,35.2,126,45.4,46.9,34.0 / 123,35.2 / 126
13501,PA,Black,F,72,79.7,113.5,143,40.0,39.7,40.0,143,39.7,143,56.9,56.6,40.0 / 143,39.7 / 143
13501,PA,Blue,F,72,76.3,108.7,137,38.2,38.1,38.2,137,38.1,137,54.4,54.3,38.2 / 137,38.1 / 137
13501,PA,White,F,72,73.6,104.5,131,36.9,36.7,36.9,131,36.7,131,52.4,52.1,36.9 / 131,36.7 / 131
13501,PA,Red,F,72,68.8,98.1,125,34.2,34.6,34.2,126,34.6,123,49.0,49.1,34.2 / 126,34.6 / 123
13566,PA,White,M,72,68.3,89.5,114,33.4,34.9,33.4,111,34.9,117,43.7,45.8,33.4 / 111,34.9 / 117
13566,PA,Blue,M,72,66.9,86.4,105,32.6,34.3,32.6,101,34.3,109,42.0,44.4,32.6 / 101,34.3 / 109
13566,PA,Gold,M,72,63.7,82.1,99,31.2,32.5,31.2,96,32.5,102,40.1,42.0,31.2 / 96,32.5 / 102
13566,PA,Green,M,72,61.0,79.0,97,30.3,30.7,30.3,93,30.7,101,38.9,40.1,30.3 / 93,30.7 / 101
13566,PA,White,F,72,73.6,101.6,119,36.2,37.4,36.2,120,37.4,118,50.3,51.3,36.2 / 120,37.4 / 118
13566,PA,Blue,F,72,71.3,98.2,114,35.0,36.3,35.0,114,36.3,114,48.5,49.7,35.0 / 114,36.3 / 114
13566,PA,Gold,F,72,68.5,94.4,110,33.5,35.0,33.5,112,35.0,108,46.7,47.7,33.5 / 112,35.0 / 108
13566,PA,Gold/Green,F,72,65.7,90.2,104,32.5,33.2,32.5,110,33.2,98,45.5,44.7,32.5 / 110,33.2 / 98
13566,PA,Green,F,72,64.0,88.0,102,31.8,32.2,31.8,107,32.2,97,44.4,43.6,31.8 / 107,32.2 / 97
30050,PA,White,M,72,68.0,88.8,112,33.4,34.6,33.4,111,34.6,113,43.7,45.1,33.4 / 111,34.6 / 113
30050,PA,Blue,M,72,65.6,85.4,107,32.6,33.0,32.6,101,33.0,112,42.0,43.4,32.6 / 101,33.0 / 112
30050,PA,Gold,M,72,62.8,80.5,96,31.2,31.6,31.2,96,31.6,95,40.1,40.4,31.2 / 96,31.6 / 95
30050,PA,Green,M,72,60.8,77.9,92,30.3,30.5,30.3,93,30.5,91,38.9,39.0,30.3 / 93,30.5 / 91
30050,PA,White,F,72,73.7,102.1,121,36.2,37.5,36.2,120,37.5,121,50.3,51.8,36.2 / 120,37.5 / 121
30050,PA,Blue,F,72,70.9,98.0,115,35.0,35.9,35.0,114,35.9,115,48.5,49.5,35.0 / 114,35.9 / 115
30050,PA,Gold,F,72,66.9,93.1,111,33.5,33.4,33.5,112,33.4,110,46.7,46.4,33.5 / 112,33.4 / 110
30050,PA,Green,F,72,63.4,87.4,102,31.8,31.6,31.8,107,31.6,97,44.4,43.0,31.8 / 107,31.6 / 97
30056,PA,White,M,72,68.5,89.3,112,33.4,35.1,33.4,111,35.1,113,43.7,45.6,33.4 / 111,35.1 / 113
30056,PA,Blue,M,72,66.5,86.3,107,32.6,33.9,32.6,101,33.9,112,42.0,44.3,32.6 / 101,33.9 / 112
30056,PA,Gold,M,72,64.1,82.4,99,31.2,32.9,31.2,96,32.9,101,40.1,42.3,31.2 / 96,32.9 / 101
30056,PA,Green,M,72,61.0,78.6,95,30.3,30.7,30.3,93,30.7,97,38.9,39.7,30.3 / 93,30.7 / 97
30056,PA,White,F,72,73.7,102.8,124,36.2,37.5,36.2,120,37.5,127,50.3,52.5,36.2 / 120,37.5 / 127
30056,PA,Blue,F,72,71.1,98.9,118,35.0,36.1,35.0,114,36.1,121,48.5,50.4,35.0 / 114,36.1 / 121
30056,PA,Gold,F,72,68.0,94.7,113,33.5,34.5,33.5,112,34.5,114,46.7,48.0,33.5 / 112,34.5 / 114
30056,PA,Green,F,72,63.7,88.4,105,31.8,31.9,31.8,107,31.9,103,44.4,44.0,31.8 / 107,31.9 / 103
30057,PA,White,M,72,69.5,90.9,115,34.9,34.6,34.9,117,34.6,113,45.8,45.1,34.9 / 117,34.6 / 113
30057,PA,Blue,M,72,67.3,87.8,111,34.3,33.0,34.3,109,33.0,112,44.4,43.4,34.3 / 109,33.0 / 112
30057,PA,Gold,M,72,64.1,82.4,99,32.5,31.6,32.5,102,31.6,95,42.0,40.4,32.5 / 102,31.6 / 95
30057,PA,Green,M,72,61.4,79.8,99,30.7,30.7,30.7,101,30.7,97,40.1,39.7,30.7 / 101,30.7 / 97
30057,PA,White,F,72,74.9,103.1,120,37.4,37.5,37.4,118,37.5,121,51.3,51.8,37.4 / 118,37.5 / 121
30057,PA,Blue,F,72,72.2,99.2,115,36.3,35.9,36.3,114,35.9,115,49.7,49.5,36.3 / 114,35.9 / 115
30057,PA,Gold,F,72,68.4,94.1,109,35.0,33.4,35.0,108,33.4,110,47.7,46.4,35.0 / 108,33.4 / 110
30057,PA,Green,F,72,63.8,86.6,97,32.2,31.6,32.2,97,31.6,97,43.6,43.0,32.2 / 97,31.6 / 97
30058,PA,White,M,72,70.0,91.4,115,34.9,35.1,34.9,117,35.1,113,45.8,45.6,34.9 / 117,35.1 / 113
30058,PA,Blue,M,72,68.2,88.7,111,34.3,33.9,34.3,109,33.9,112,44.4,44.3,34.3 / 109,33.9 / 112
30058,PA,Gold,M,72,65.4,84.3,102,32.5,32.9,32.5,102,32.9,101,42.0,42.3,32.5 / 102,32.9 / 101
30058,PA,Green,M,72,61.4,79.8,99,30.7,30.7,30.7,101,30.7,97,40.1,39.7,30.7 / 101,30.7 / 97
30058,PA,White,F,72,74.9,103.8,123,37.4,37.5,37.4,118,37.5,127,51.3,52.5,37.4 / 118,37.5 / 127
30058,PA,Blue,F,72,72.4,100.1,118,36.3,36.1,36.3,114,36.1,121,49.7,50.4,36.3 / 114,36.1 / 121
30058,PA,Gold,F,72,69.5,95.7,111,35.0,34.5,35.0,108,34.5,114,47.7,48.0,35.0 / 108,34.5 / 114
30058,PA,Green,F,72,64.1,87.6,100,32.2,31.9,32.2,97,31.9,103,43.6,44.0,32.2 / 97,31.9 / 103
13567,PA,White,M,72,69.7,90.7,113,34.6,35.1,34.6,113,35.1,113,45.1,45.6,34.6 / 113,35.1 / 113
13567,PA,Blue,M,72,66.9,87.7,112,33.0,33.9,33.0,112,33.9,112,43.4,44.3,33.0 / 112,33.9 / 112
13567,PA,Gold,M,72,64.5,82.7,98,31.6,32.9,31.6,95,32.9,101,40.4,42.3,31.6 / 95,32.9 / 101
13567,PA,Green,M,72,61.2,78.7,94,30.5,30.7,30.5,91,30.7,97,39.0,39.7,30.5 / 91,30.7 / 97
13567,PA,White,F,72,75.0,104.3,124,37.5,37.5,37.5,121,37.5,127,51.8,52.5,37.5 / 121,37.5 / 127
13567,PA,Blue,F,72,72.0,99.9,118,35.9,36.1,35.9,115,36.1,121,49.5,50.4,35.9 / 115,36.1 / 121
13567,PA,Gold,F,72,67.9,94.4,112,33.4,34.5,33.4,110,34.5,114,46.4,48.0,33.4 / 110,34.5 / 114
13567,PA,Gold/Green,F,72,66.4,92.1,109,32.4,34.0,32.4,105,34.0,113,44.8,47.3,32.4 / 105,34.0 / 113
13567,PA,Green,F,72,63.5,87.0,100,31.6,31.9,31.6,97,31.9,103,43.0,44.0,31.6 / 97,31.9 / 103
24033,PA,Blue,M,70,70.5,94.0,127,34.9,35.6,34.9,126,35.6,127,46.6,47.4,34.9 / 126,35.6 / 127
24033,PA,White,M,70,68.9,91.5,122,34.1,34.8,34.1,121,34.8,123,45.3,46.2,34.1 / 121,34.8 / 123
24033,PA,Gold,M,70,63.1,82.6,105,31.6,31.5,31.6,101,31.5,109,41.0,41.6,31.6 / 101,31.5 / 109
24033,PA,Red,M,70,61.9,81.0,103,31.1,30.8,31.1,100,30.8,105,40.4,40.6,31.1 / 100,30.8 / 105
24033,PA,Blue,F,70,76.4,108.3,136,37.9,38.5,37.9,131,38.5,140,53.3,55.0,37.9 / 131,38.5 / 140
24033,PA,White,F,70,74.5,105.6,132,37.0,37.5,37.0,127,37.5,137,52.0,53.6,37.0 / 127,37.5 / 137
24033,PA,Gold,F,70,67.5,95.2,118,33.7,33.8,33.7,114,33.8,121,47.1,48.1,33.7 / 114,33.8 / 121
24033,PA,Red,F,70,65.5,91.5,110,32.8,32.7,32.8,107,32.7,112,45.5,46.0,32.8 / 107,32.7 / 112
3118,PA,Black,M,71,73.3,99.2,140,37.1,36.2,37.1,138,36.2,141,49.9,49.3,37.1 / 138,36.2 / 141
3118,PA,Blue,M,71,71.7,97.0,137,36.2,35.5,36.2,136,35.5,137,48.8,48.2,36.2 / 136,35.5 / 137
3118,PA,White,M,71,70.2,95.0,134,35.5,34.7,35.5,132,34.7,135,47.8,47.2,35.5 / 132,34.7 / 135
3118,PA,White/Green,M,71,68.9,93.1,130,34.6,34.3,34.6,128,34.3,132,46.5,46.6,34.6 / 128,34.3 / 132
3118,PA,Green,M,71,67.7,91.6,129,34.1,33.6,34.1,126,33.6,131,45.8,45.8,34.1 / 126,33.6 / 131
3118,PA,Green/Purple,M,71,66.0,89.2,125,33.2,32.8,33.2,123,32.8,127,44.6,44.6,33.2 / 123,32.8 / 127
3118,PA,Purple,M,71,64.4,87.0,122,32.3,32.1,32.3,119,32.1,124,43.4,43.6,32.3 / 119,32.1 / 124
3118,PA,White,F,71,75.6,108.0,138,38.7,36.9,38.7,139,36.9,136,55.1,52.9,38.7 / 139,36.9 / 136
3118,PA,White/Green,F,71,74.0,105.7,135,37.6,36.4,37.6,136,36.4,133,53.6,52.1,37.6 / 136,36.4 / 133
3118,PA,Green,F,71,72.5,103.2,131,36.9,35.6,36.9,131,35.6,130,52.3,50.9,36.9 / 131,35.6 / 130
3118,PA,Green/Purple,F,71,70.5,100.0,126,35.9,34.6,35.9,126,34.6,125,50.7,49.3,35.9 / 126,34.6 / 125
3118,PA,Purple,F,71,68.6,97.5,123,34.8,33.8,34.8,122,33.8,123,49.2,48.3,34.8 / 122,33.8 / 123
35532,PA,Blue,M,72,71.4,96.2,134,35.1,36.3,35.1,127,36.3,140,46.9,49.3,35.1 / 127,36.3 / 140
35532,PA,White,M,71,69.3,93.4,130,34.2,35.1,34.2,124,35.1,136,45.7,47.7,34.2 / 124,35.1 / 136
35635,PA,Blue,M,72,71.6,97.4,139,35.5,36.1,35.5,138,36.1,140,48.3,49.1,35.5 / 138,36.1 / 140
35635,PA,White,M,72,69.4,94.5,136,34.5,34.9,34.5,135,34.9,136,47.0,47.5,34.5 / 135,34.9 / 136
35634,PA,Blue,M,72,70.4,95.4,135,34.9,35.5,34.9,133,35.5,136,47.3,48.1,34.9 / 133,35.5 / 136
35634,PA,White,M,71,69.0,92.7,127,34.2,34.8,34.2,124,34.8,129,45.7,46.8,34.2 / 124,34.8 / 129
3254,PA,Green,M,71,71.2,95.7,132,36.4,34.8,36.4,133,34.8,130,48.8,46.9,36.4 / 133,34.8 / 130
3254,PA,Green/Gold,M,71,69.0,92.7,128,35.1,33.9,35.1,133,33.9,122,47.5,45.2,35.1 / 133,33.9 / 122
3254,PA,Gold,M,71,66.8,88.1,115,34.0,32.8,34.0,121,32.8,109,45.2,42.9,34.0 / 121,32.8 / 109
3254,PA,Red,M,71,63.6,84.3,112,32.1,31.5,32.1,114,31.5,109,42.7,41.6,32.1 / 114,31.5 / 109
3254,PA,Green,F,71,77.2,108.7,134,39.3,37.9,39.3,139,37.9,128,55.7,53.0,39.3 / 139,37.9 / 128
3254,PA,Green/Gold,F,71,74.2,104.3,128,37.8,36.4,37.8,133,36.4,122,53.5,50.8,37.8 / 133,36.4 / 122
3254,PA,Gold,F,71,71.5,100.3,122,36.6,34.9,36.6,128,34.9,116,51.7,48.6,36.6 / 128,34.9 / 116
3254,PA,Red,F,70,67.7,95.8,119,34.4,33.3,34.4,123,33.3,115,48.9,46.9,34.4 / 123,33.3 / 115
15036,PA,Blue,M,72,71.8,94.6,123,35.9,35.9,35.9,124,35.9,122,47.4,47.2,35.9 / 124,35.9 / 122
15036,PA,White,M,72,70.5,92.6,119,35.4,35.1,35.4,121,35.1,117,46.6,46.0,35.4 / 121,35.1 / 117
15036,PA,Gold,M,72,66.7,87.7,113,32.9,33.8,32.9,119,33.8,107,44.0,43.7,32.9 / 119,33.8 / 107
15036,PA,White,F,73,76.5,107.4,131,38.3,38.2,38.3,133,38.2,129,54.0,53.4,38.3 / 133,38.2 / 129
15036,PA,Gold,F,73,71.5,99.8,120,35.6,35.9,35.6,121,35.9,119,49.9,49.9,35.6 / 121,35.9 / 119
15036,PA,Red,F,73,71.4,99.7,120,35.4,36.0,35.4,120,36.0,120,49.5,50.2,35.4 / 120,36.0 / 120
3101,PA,Black,M,71,72.5,96.9,132,36.7,35.8,36.7,139,35.8,124,49.6,47.3,36.7 / 139,35.8 / 124
3101,PA,Black/Blue,M,71,71.8,95.8,130,36.3,35.5,36.3,136,35.5,123,48.9,46.9,36.3 / 136,35.5 / 123
3101,PA,Blue,M,71,70.7,94.1,126,35.7,35.0,35.7,130,35.0,122,47.8,46.3,35.7 / 130,35.0 / 122
3101,PA,Blue/Gold,M,71,69.3,92.5,125,34.8,34.5,34.8,129,34.5,121,46.8,45.7,34.8 / 129,34.5 / 121
3101,PA,Gold,M,71,68.5,91.3,123,34.4,34.1,34.4,126,34.1,119,46.1,45.2,34.4 / 126,34.1 / 119
3101,PA,Red,M,71,66.7,88.9,120,33.4,33.3,33.4,123,33.3,116,44.8,44.1,33.4 / 123,33.3 / 116
3101,PA,Forward 1,M,71,59.8,80.2,110,30.1,29.7,30.1,111,29.7,109,40.4,39.8,30.1 / 111,29.7 / 109
3101,PA,Forward 2,M,71,51.7,69.3,95,25.7,26.0,25.7,95,26.0,95,34.5,34.8,25.7 / 95,26.0 / 95
3101,PA,Gold,F,71,73.7,104.0,129,37.8,35.9,37.8,135,35.9,122,53.7,50.3,37.8 / 135,35.9 / 122
3101,PA,Red,F,71,71.8,100.8,123,36.4,35.4,36.4,125,35.4,121,51.1,49.7,36.4 / 125,35.4 / 121
3101,PA,Forward 1,F,71,61.7,86.3,104,31.3,30.4,31.3,105,30.4,103,43.7,42.6,31.3 / 105,30.4 / 103
3101,PA,Forward 2,F,71,54.1,75.1,89,26.9,27.2,26.9,90,27.2,88,37.5,37.6,26.9 / 90,27.2 / 88
5439,PA,Bob 9 - Black,M,68,64.4,82.8,99,32.2,32.2,32.2,99,32.2,99,41.4,41.4,32.2 / 99,32.2 / 99
5439,PA,Men,M,67,63.3,82.9,105,32.4,30.9,32.4,105,30.9,105,42.2,40.7,32.4 / 105,30.9 / 105
5439,PA,Bob 9 - Gold,M,68,62.8,80.8,97,31.4,31.4,31.4,97,31.4,97,40.4,40.4,31.4 / 97,31.4 / 97
5439,PA,Level 4 (150 Yards),M,54,55.0,69.2,76,27.5,27.5,27.5,76,27.5,76,34.6,34.6,27.5 / 76,27.5 / 76
5439,PA,Bob 9 - Black (W),F,68,68.2,93.5,108,34.1,34.1,34.1,108,34.1,107,46.8,46.7,34.1 / 108,34.1 / 107
5439,PA,Women,F,67,67.2,93.1,110,34.7,32.5,34.7,122,32.5,98,49.1,44.0,34.7 / 122,32.5 / 98
5439,PA,Bob 9 - Gold (W),F,68,65.4,89.2,102,32.7,32.7,32.7,102,32.7,101,44.6,44.6,32.7 / 102,32.7 / 101
5439,PA,Level 4 (150 Yards),F,54,57.2,77.4,86,28.6,28.6,28.6,86,28.6,86,38.7,38.7,28.6 / 86,28.6 / 86
35241,PA,Level 3 (100 Yards),M,54,51.6,64.8,71,25.8,25.8,25.8,71,25.8,71,32.4,32.4,25.8 / 71,25.8 / 71
35241,PA,Level 3 (100 Yards),F,54,54.0,72.6,79,27.0,27.0,27.0,79,27.0,79,36.3,36.3,27.0 / 79,27.0 / 79
7858,PA,Blue,M,71,71.5,96.4,134,35.7,35.8,35.7,137,35.8,131,48.4,48.0,35.7 / 137,35.8 / 131
7858,PA,White,M,71,69.6,93.5,129,34.6,35.0,34.6,129,35.0,128,46.6,46.9,34.6 / 129,35.0 / 128
7858,PA,Hybrid,M,71,66.9,89.5,122,32.5,34.4,32.5,117,34.4,126,43.4,46.1,32.5 / 117,34.4 / 126
7858,PA,Green,M,71,64.3,85.8,116,31.7,32.6,31.7,113,32.6,118,42.2,43.6,31.7 / 113,32.6 / 118
7858,PA,Blue,F,71,77.9,110.8,140,38.8,39.1,38.8,141,39.1,138,55.4,55.4,38.8 / 141,39.1 / 138
7858,PA,White,F,71,75.8,107.6,135,37.6,38.2,37.6,136,38.2,134,53.6,54.0,37.6 / 136,38.2 / 134
7858,PA,Hybrid,F,71,72.8,103.0,129,35.2,37.6,35.2,126,37.6,131,50.0,53.0,35.2 / 126,37.6 / 131
7858,PA,Green,F,71,68.9,97.7,122,33.9,35.0,33.9,122,35.0,122,48.3,49.4,33.9 / 122,35.0 / 122
7859,PA,Black,M,72,73.0,97.5,132,37.1,35.9,37.1,136,35.9,128,49.7,47.8,37.1 / 136,35.9 / 128
7859,PA,Blue,M,72,71.7,95.8,130,36.2,35.5,36.2,132,35.5,127,48.5,47.3,36.2 / 132,35.5 / 127
7859,PA,White,M,72,69.4,92.3,124,34.9,34.5,34.9,124,34.5,123,46.4,45.9,34.9 / 124,34.5 / 123
7859,PA,Gold,M,72,65.4,86.5,114,33.0,32.4,33.0,113,32.4,114,43.5,43.0,33.0 / 113,32.4 / 114
7859,PA,Red,M,72,63.2,83.5,110,31.8,31.4,31.8,109,31.4,110,41.9,41.6,31.8 / 109,31.4 / 110
7859,PA,White,F,72,75.1,106.5,133,37.9,37.2,37.9,131,37.2,135,53.4,53.1,37.9 / 131,37.2 / 135
7859,PA,Gold,F,72,70.6,99.7,124,35.7,34.9,35.7,121,34.9,126,50.0,49.7,35.7 / 121,34.9 / 126
7859,PA,Red,F,72,68.0,95.8,118,34.3,33.7,34.3,115,33.7,120,47.9,47.9,34.3 / 115,33.7 / 120
28252,PA,Black,M,72,71.2,95.6,131,35.6,35.6,35.6,131,35.6,131,47.8,47.8,35.6 / 131,35.6 / 131
28252,PA,Blue,M,72,69.2,92.8,127,34.6,34.6,34.6,127,34.6,127,46.4,46.4,34.6 / 127,34.6 / 127
28252,PA,Gold,M,72,66.4,89.2,123,33.2,33.2,33.2,123,33.2,123,44.6,44.6,33.2 / 123,33.2 / 123
28252,PA,Red,M,72,62.8,84.0,114,31.4,31.4,31.4,114,31.4,114,42.0,42.0,31.4 / 114,31.4 / 114
28252,PA,Black,F,72,77.0,111.0,144,38.5,38.5,38.5,144,38.5,144,55.5,55.5,38.5 / 144,38.5 / 144
28252,PA,Blue,F,72,74.6,107.2,138,37.3,37.3,37.3,138,37.3,138,53.6,53.6,37.3 / 138,37.3 / 138
28252,PA,Gold,F,72,71.4,102.4,131,35.7,35.7,35.7,131,35.7,131,51.2,51.2,35.7 / 131,35.7 / 131
28252,PA,Red,F,72,67.0,93.6,113,33.5,33.5,33.5,113,33.5,113,46.8,46.8,33.5 / 113,33.5 / 113
3176,PA,Black,M,72,73.4,99.1,139,36.7,36.7,36.7,139,36.7,138,49.6,49.5,36.7 / 139,36.7 / 138
3176,PA,Blue,M,72,71.6,96.8,136,35.8,35.8,35.8,137,35.8,135,48.5,48.3,35.8 / 137,35.8 / 135
3176,PA,White,M,72,70.3,94.8,132,35.3,35.0,35.3,133,35.0,130,47.7,47.1,35.3 / 133,35.0 / 130
3176,PA,Lime,M,72,68.2,91.9,128,34.4,33.8,34.4,130,33.8,125,46.5,45.4,34.4 / 130,33.8 / 125
3176,PA,Yellow,M,72,67.0,90.3,126,33.6,33.4,33.6,127,33.4,124,45.4,44.9,33.6 / 127,33.4 / 124
3176,PA,White,F,72,75.8,106.7,131,38.2,37.6,38.2,133,37.6,129,53.9,52.8,38.2 / 133,37.6 / 129
3176,PA,Lime,F,72,73.2,102.8,126,37.1,36.1,37.1,128,36.1,123,52.2,50.6,37.1 / 128,36.1 / 123
3176,PA,Yellow,F,72,72.2,101.3,124,36.4,35.8,36.4,126,35.8,121,51.2,50.1,36.4 / 126,35.8 / 121
3176,PA,Red,F,72,70.9,99.2,120,35.5,35.4,35.5,121,35.4,119,49.8,49.4,35.5 / 121,35.4 / 119
3270,PA,Blue,M,72,72.8,98.7,140,36.1,36.7,36.1,143,36.7,136,49.4,49.3,36.1 / 143,36.7 / 136
3270,PA,Blue/White,M,72,71.9,97.4,137,35.8,36.1,35.8,141,36.1,133,48.9,48.5,35.8 / 141,36.1 / 133
3270,PA,White,M,72,71.1,96.2,135,35.5,35.6,35.5,140,35.6,130,48.5,47.7,35.5 / 140,35.6 / 130
3270,PA,White/Green,M,72,69.8,94.5,133,34.7,35.1,34.7,137,35.1,129,47.4,47.1,34.7 / 137,35.1 / 129
3270,PA,Green,M,72,68.2,92.3,130,34.1,34.1,34.1,135,34.1,125,46.6,45.7,34.1 / 135,34.1 / 125
3270,PA,Red,M,72,65.6,88.8,125,33.4,32.2,33.4,131,32.2,118,45.6,43.2,33.4 / 131,32.2 / 118
3270,PA,Yellow,M,72,62.8,84.9,119,31.8,31.0,31.8,125,31.0,113,43.4,41.5,31.8 / 125,31.0 / 113
3270,PA,Green,F,72,73.3,104.5,133,36.5,36.8,36.5,135,36.8,130,52.4,52.1,36.5 / 135,36.8 / 130
3270,PA,Red,F,72,70.2,100.1,127,35.6,34.6,35.6,132,34.6,121,51.2,48.9,35.6 / 132,34.6 / 121
3270,PA,Yellow,F,72,66.4,94.2,118,33.5,32.9,33.5,122,32.9,114,47.9,46.3,33.5 / 122,32.9 / 114
3100,PA,Black,M,71,71.9,96.9,136,36.3,35.6,36.3,133,35.6,138,48.6,48.3,36.3 / 133,35.6 / 138
3100,PA,Blue,M,71,70.8,95.9,134,35.7,35.1,35.7,130,35.1,138,47.9,48.0,35.7 / 130,35.1 / 138
3100,PA,White,M,71,68.2,92.4,130,34.6,33.6,34.6,127,33.6,133,46.4,46.0,34.6 / 127,33.6 / 133
3100,PA,Green/White,M,71,66.1,89.7,127,33.4,32.7,33.4,122,32.7,132,44.7,45.0,33.4 / 122,32.7 / 132
3100,PA,Green,M,71,64.4,87.2,122,32.4,32.0,32.4,118,32.0,126,43.4,43.8,32.4 / 118,32.0 / 126
3100,PA,Orange,M,71,60.1,80.4,110,30.2,29.9,30.2,108,29.9,111,40.2,40.2,30.2 / 108,29.9 / 111
3100,PA,Black,F,73,78.0,110.8,139,39.8,38.2,39.8,143,38.2,135,56.7,54.1,39.8 / 143,38.2 / 135
3100,PA,Blue,F,73,76.9,109.5,139,39.0,37.9,39.0,141,37.9,136,55.6,53.9,39.0 / 141,37.9 / 136
3100,PA,White,F,73,73.8,104.6,131,37.7,36.1,37.7,135,36.1,126,53.6,51.0,37.7 / 135,36.1 / 126
3100,PA,Green/White,F,73,71.4,101.1,126,36.2,35.2,36.2,130,35.2,122,51.5,49.6,36.2 / 130,35.2 / 122
3100,PA,Green,F,73,69.1,97.9,123,35.0,34.1,35.0,126,34.1,119,49.8,48.1,35.0 / 126,34.1 / 119
3100,PA,Orange,F,73,62.6,88.2,109,31.7,30.9,31.7,111,30.9,106,44.8,43.4,31.7 / 111,30.9 / 106
30393,PA,Black,M,34,35.4,47.3,128,35.4,,35.4,128,,,47.3,,35.4 / 128,/
30393,PA,White,M,34,34.7,46.2,124,34.7,,34.7,124,,,46.2,,34.7 / 124,/
30393,PA,Gold,M,34,33.3,44.2,117,33.3,,33.3,117,,,44.2,,33.3 / 117,/
30393,PA,Red,M,34,31.8,42.2,112,31.8,,31.8,112,,,42.2,,31.8 / 112,/
30393,PA,Gold,F,35,36.1,51.6,131,36.1,,36.1,131,,,51.6,,36.1 / 131,/
30393,PA,Red,F,35,34.3,48.9,124,34.3,,34.3,124,,,48.9,,34.3 / 124,/
21163,PA,Blue,M,70,69.4,92.8,126,35.6,33.8,35.6,131,33.8,121,47.8,45.0,35.6 / 131,33.8 / 121
21163,PA,White,M,70,68.4,91.1,122,34.8,33.6,34.8,126,33.6,118,46.5,44.6,34.8 / 126,33.6 / 118
21163,PA,Gold,M,70,65.5,86.7,114,33.3,32.2,33.3,115,32.2,113,44.0,42.7,33.3 / 115,32.2 / 113
21163,PA,Red,M,70,64.2,84.8,111,32.5,31.7,32.5,112,31.7,110,42.9,41.9,32.5 / 112,31.7 / 110
21163,PA,Green,M,70,60.7,80.3,105,30.4,30.3,30.4,105,30.3,105,40.2,40.1,30.4 / 105,30.3 / 105
21163,PA,Blue,F,70,75.2,107.7,138,38.6,36.6,38.6,146,36.6,130,55.8,51.9,38.6 / 146,36.6 / 130
21163,PA,White,F,70,73.8,105.7,135,37.6,36.2,37.6,142,36.2,128,54.4,51.3,37.6 / 142,36.2 / 128
21163,PA,Gold,F,70,70.5,100.6,128,35.8,34.7,35.8,133,34.7,122,51.5,49.1,35.8 / 133,34.7 / 122
21163,PA,Red,F,70,68.8,97.7,123,34.8,34.0,34.8,127,34.0,118,49.8,47.9,34.8 / 127,34.0 / 118
21163,PA,Green,F,70,63.6,90.2,113,31.8,31.8,31.8,115,31.8,110,45.4,44.8,31.8 / 115,31.8 / 110
21164,PA,Blue,M,70,69.5,92.5,124,33.8,35.7,33.8,121,35.7,127,45.0,47.5,33.8 / 121,35.7 / 127
21164,PA,White,M,70,68.6,91.2,122,33.6,35.0,33.6,118,35.0,125,44.6,46.6,33.6 / 118,35.0 / 125
21164,PA,Gold,M,70,65.3,86.6,115,32.2,33.1,32.2,113,33.1,116,42.7,43.9,32.2 / 113,33.1 / 116
21164,PA,Red,M,70,64.1,84.8,112,31.7,32.4,31.7,110,32.4,113,41.9,42.9,31.7 / 110,32.4 / 113
21164,PA,Green,M,70,60.7,80.2,105,30.3,30.4,30.3,105,30.4,104,40.1,40.1,30.3 / 105,30.4 / 104
21164,PA,Blue,F,70,75.7,107.3,134,36.6,39.1,36.6,130,39.1,138,51.9,55.4,36.6 / 130,39.1 / 138
21164,PA,White,F,70,74.5,105.5,132,36.2,38.3,36.2,128,38.3,135,51.3,54.2,36.2 / 128,38.3 / 135
21164,PA,Gold,F,70,70.8,100.1,124,34.7,36.1,34.7,122,36.1,126,49.1,51.0,34.7 / 122,36.1 / 126
21164,PA,Red,F,70,69.2,97.6,121,34.0,35.2,34.0,118,35.2,123,47.9,49.7,34.0 / 118,35.2 / 123
21164,PA,Green,F,70,64.2,90.3,111,31.8,32.4,31.8,110,32.4,111,44.8,45.5,31.8 / 110,32.4 / 111
21162,PA,Blue,M,72,71.3,95.3,129,35.7,35.6,35.7,127,35.6,131,47.5,47.8,35.7 / 127,35.6 / 131
21162,PA,Blue/White,M,72,70.3,94.0,128,35.2,35.1,35.2,126,35.1,129,46.9,47.1,35.2 / 126,35.1 / 129
21162,PA,White,M,72,69.8,93.1,126,35.0,34.8,35.0,125,34.8,126,46.6,46.5,35.0 / 125,34.8 / 126
21162,PA,White/Gold,M,72,67.3,89.4,119,33.7,33.6,33.7,119,33.6,118,44.8,44.6,33.7 / 119,33.6 / 118
21162,PA,Gold,M,72,66.4,87.9,116,33.1,33.3,33.1,116,33.3,115,43.9,44.0,33.1 / 116,33.3 / 115
21162,PA,Red,M,72,64.9,85.8,113,32.4,32.5,32.4,113,32.5,112,42.9,42.9,32.4 / 113,32.5 / 112
21162,PA,Green,M,72,60.8,80.3,105,30.4,30.4,30.4,104,30.4,105,40.1,40.2,30.4 / 104,30.4 / 105
21162,PA,Blue,F,72,77.7,111.2,142,39.1,38.6,39.1,138,38.6,146,55.4,55.8,39.1 / 138,38.6 / 146
21162,PA,White,F,72,75.9,108.6,139,38.3,37.6,38.3,135,37.6,142,54.2,54.4,38.3 / 135,37.6 / 142
21162,PA,Gold,F,72,71.9,102.5,130,36.1,35.8,36.1,126,35.8,133,51.0,51.5,36.1 / 126,35.8 / 133
21162,PA,Red,F,72,70.0,99.5,125,35.2,34.8,35.2,123,34.8,127,49.7,49.8,35.2 / 123,34.8 / 127
21162,PA,Green/Red,F,72,67.8,96.1,120,34.2,33.6,34.2,118,33.6,122,48.1,48.0,34.2 / 118,33.6 / 122
21162,PA,Green,F,72,64.2,90.9,113,32.4,31.8,32.4,111,31.8,115,45.5,45.4,32.4 / 111,31.8 / 115
13790,PA,Blue,M,70,70.7,95.0,131,36.6,34.1,36.6,130,34.1,131,48.7,46.3,36.6 / 130,34.1 / 131
13790,PA,Orange,M,70,69.4,93.1,128,36.0,33.4,36.0,128,33.4,127,47.9,45.2,36.0 / 128,33.4 / 127
13790,PA,Green,M,70,65.7,88.2,121,33.6,32.1,33.6,129,32.1,113,45.6,42.6,33.6 / 129,32.1 / 113
13790,PA,Cream,M,70,64.1,85.2,114,32.7,31.4,32.7,117,31.4,110,43.6,41.6,32.7 / 117,31.4 / 110
13790,PA,Silver,M,70,59.7,77.5,96,30.4,29.3,30.4,93,29.3,99,39.0,38.5,30.4 / 93,29.3 / 99
13790,PA,Orange,F,71,74.3,104.7,129,38.1,36.2,38.1,136,36.2,122,54.1,50.6,38.1 / 136,36.2 / 122
13790,PA,Green,F,71,70.4,98.5,119,36.0,34.4,36.0,123,34.4,115,50.5,48.0,36.0 / 123,34.4 / 115
13790,PA,Cream,F,70,67.5,95.6,119,34.9,32.6,34.9,123,32.6,115,49.4,46.2,34.9 / 123,32.6 / 115
13790,PA,Silver,F,71,60.6,86.2,109,31.2,29.4,31.2,110,29.4,107,44.2,42.0,31.2 / 110,29.4 / 107
13450,PA,Blue,M,71,72.0,96.2,130,35.6,36.4,35.6,130,36.4,130,47.7,48.5,35.6 / 130,36.4 / 130
13450,PA,White,M,71,70.4,93.8,126,34.8,35.6,34.8,126,35.6,126,46.5,47.3,34.8 / 126,35.6 / 126
13450,PA,Gold,M,71,66.0,87.6,116,32.9,33.1,32.9,116,33.1,116,43.7,43.9,32.9 / 116,33.1 / 116
13450,PA,White,F,72,75.7,105.8,128,37.7,38.0,37.7,126,38.0,130,52.5,53.3,37.7 / 126,38.0 / 130
13450,PA,Gold,F,72,70.8,99.3,121,35.4,35.4,35.4,120,35.4,122,49.5,49.8,35.4 / 120,35.4 / 122
13450,PA,Red,F,72,69.5,97.1,117,35.2,34.3,35.2,119,34.3,115,49.2,47.9,35.2 / 119,34.3 / 115
35900,PA,Cardinal,M,70,67.6,87.2,105,33.8,33.8,33.8,105,33.8,105,43.6,43.6,33.8 / 105,33.8 / 105
35900,PA,Two,M,70,64.8,83.4,100,32.4,32.4,32.4,100,32.4,100,41.7,41.7,32.4 / 100,32.4 / 100
35900,PA,One,M,70,62.6,80.4,96,31.3,31.3,31.3,96,31.3,96,40.2,40.2,31.3 / 96,31.3 / 96
35900,PA,Junior,M,70,60.2,77.0,90,30.1,30.1,30.1,90,30.1,90,38.5,38.5,30.1 / 90,30.1 / 90
35900,PA,Cardinal,F,70,73.2,100.6,116,36.6,36.6,36.6,116,36.6,116,50.3,50.3,36.6 / 116,36.6 / 116
35900,PA,Two,F,70,69.8,95.4,109,34.9,34.9,34.9,109,34.9,109,47.7,47.7,34.9 / 109,34.9 / 109
35900,PA,One,F,70,67.0,91.2,103,33.5,33.5,33.5,103,33.5,103,45.6,45.6,33.5 / 103,33.5 / 103
35900,PA,Junior,F,70,63.2,85.6,95,31.6,31.6,31.6,95,31.6,95,42.8,42.8,31.6 / 95,31.6 / 95
5335,PA,Blue,M,70,74.3,99.0,133,36.7,37.6,36.7,130,37.6,136,48.8,50.2,36.7 / 130,37.6 / 136
5335,PA,Blue/White,M,70,73.1,96.9,128,36.3,36.8,36.3,125,36.8,131,47.9,49.0,36.3 / 125,36.8 / 131
5335,PA,White,M,71,72.2,95.8,127,35.6,36.6,35.6,124,36.6,130,47.1,48.7,35.6 / 124,36.6 / 130
5335,PA,White/Gold,M,71,70.6,93.7,124,34.6,36.0,34.6,119,36.0,129,45.7,48.0,34.6 / 119,36.0 / 129
5335,PA,Gold,M,71,68.9,91.0,119,34.0,34.9,34.0,116,34.9,122,44.8,46.2,34.0 / 116,34.9 / 122
5335,PA,Red,M,71,66.1,87.5,115,32.9,33.2,32.9,114,33.2,116,43.5,44.0,32.9 / 114,33.2 / 116
5335,PA,PGA Jr. Tee,M,71,58.2,75.8,95,29.0,29.2,29.0,95,29.2,95,37.8,38.0,29.0 / 95,29.2 / 95
5335,PA,Blue,F,72,80.8,113.8,141,40.2,40.9,40.2,137,40.9,144,56.3,57.9,40.2 / 137,40.9 / 144
5335,PA,Blue/White,F,72,79.3,111.8,138,39.7,39.6,39.7,136,39.6,140,55.7,56.1,39.7 / 136,39.6 / 140
5335,PA,White,F,72,78.1,110.1,136,38.9,39.2,38.9,133,39.2,138,54.6,55.5,38.9 / 133,39.2 / 138
5335,PA,White/Gold,F,72,76.4,107.7,133,37.8,38.6,37.8,130,38.6,136,53.1,54.6,37.8 / 130,38.6 / 136
5335,PA,Gold,F,72,74.5,104.8,129,37.0,37.5,37.0,126,37.5,131,51.9,52.9,37.0 / 126,37.5 / 131
5335,PA,Red,F,72,71.1,99.9,122,35.4,35.7,35.4,120,35.7,124,49.6,50.3,35.4 / 120,35.7 / 124
5335,PA,PGA Jr. Tee,F,72,59.1,81.2,94,29.3,29.8,29.3,90,29.8,98,39.9,41.3,29.3 / 90,29.8 / 98
13519,PA,Blue,M,72,71.6,95.6,129,35.3,36.3,35.3,129,36.3,129,47.3,48.3,35.3 / 129,36.3 / 129
13519,PA,White,M,72,70.1,93.4,126,34.8,35.3,34.8,126,35.3,125,46.5,46.9,34.8 / 126,35.3 / 125
13519,PA,Gold,M,72,66.0,87.8,117,32.5,33.5,32.5,116,33.5,118,43.3,44.5,32.5 / 116,33.5 / 118
13519,PA,Red (M),M,72,64.8,86.0,114,32.2,32.6,32.2,114,32.6,114,42.8,43.2,32.2 / 114,32.6 / 114
13519,PA,Blue (W),F,72,78.1,110.1,136,38.4,39.7,38.4,135,39.7,137,54.3,55.8,38.4 / 135,39.7 / 137
13519,PA,White (W),F,72,76.3,107.3,131,37.8,38.5,37.8,131,38.5,131,53.3,54.0,37.8 / 131,38.5 / 131
13519,PA,Gold (W),F,72,71.2,99.7,121,34.9,36.3,34.9,120,36.3,122,49.0,50.7,34.9 / 120,36.3 / 122
13519,PA,Red,F,72,69.7,97.5,118,34.5,35.2,34.5,118,35.2,118,48.4,49.1,34.5 / 118,35.2 / 118
23582,PA,Blue,M,72,70.2,93.0,123,34.7,35.5,34.7,124,35.5,122,46.2,46.8,34.7 / 124,35.5 / 122
23582,PA,White,M,72,69.3,91.7,121,34.2,35.1,34.2,122,35.1,119,45.5,46.2,34.2 / 122,35.1 / 119
23582,PA,Gold,M,72,64.7,85.5,112,32.6,32.1,32.6,114,32.1,110,43.2,42.3,32.6 / 114,32.1 / 110
23582,PA,Red,M,72,64.2,84.6,110,32.3,31.9,32.3,112,31.9,108,42.7,41.9,32.3 / 112,31.9 / 108
23582,PA,Blue,F,72,75.9,107.2,133,37.7,38.2,37.7,130,38.2,136,53.0,54.2,37.7 / 130,38.2 / 136
23582,PA,White,F,72,74.9,105.6,130,37.2,37.7,37.2,126,37.7,134,52.1,53.5,37.2 / 126,37.7 / 134
23582,PA,Gold,F,72,69.5,98.0,121,35.3,34.2,35.3,118,34.2,124,49.2,48.8,35.3 / 118,34.2 / 124
23582,PA,Red,F,72,68.8,96.4,117,34.9,33.9,34.9,116,33.9,118,48.6,47.8,34.9 / 116,33.9 / 118
13525,PA,ORANGE,M,72,70.1,93.1,124,35.1,35.0,35.1,126,35.0,122,46.8,46.3,35.1 / 126,35.0 / 122
13525,PA,WHITE,M,72,68.1,90.1,118,33.8,34.3,33.8,117,34.3,119,44.7,45.4,33.8 / 117,34.3 / 119
13525,PA,GREEN,M,72,63.4,82.7,104,31.5,31.9,31.5,109,31.9,99,41.6,41.1,31.5 / 109,31.9 / 99
13525,PA,RED,M,72,62.3,80.8,100,30.9,31.4,30.9,100,31.4,99,40.2,40.6,30.9 / 100,31.4 / 99
13525,PA,RED,F,72,67.4,94.2,114,33.3,34.1,33.3,114,34.1,113,46.8,47.4,33.3 / 114,34.1 / 113
13565,PA,Black,M,72,72.7,96.9,130,36.5,36.2,36.5,131,36.2,129,48.7,48.2,36.5 / 131,36.2 / 129
13565,PA,Blue,M,72,71.0,94.2,125,35.6,35.4,35.6,124,35.4,126,47.1,47.1,35.6 / 124,35.4 / 126
13565,PA,White,M,72,68.3,91.3,124,34.1,34.2,34.1,121,34.2,127,45.3,46.0,34.1 / 121,34.2 / 127
13565,PA,Gold,M,72,65.1,85.5,110,32.7,32.4,32.7,112,32.4,108,43.1,42.4,32.7 / 112,32.4 / 108
13565,PA,Red,M,72,62.8,82.3,105,31.4,31.4,31.4,107,31.4,103,41.3,41.0,31.4 / 107,31.4 / 103
13565,PA,Green,M,72,60.7,79.5,101,30.3,30.4,30.3,102,30.4,100,39.8,39.7,30.3 / 102,30.4 / 100
13565,PA,Black,F,72,79.3,112.1,139,39.7,39.6,39.7,141,39.6,137,56.3,55.8,39.7 / 141,39.6 / 137
13565,PA,Blue,F,72,77.0,108.8,135,38.5,38.5,38.5,136,38.5,134,54.5,54.3,38.5 / 136,38.5 / 134
13565,PA,White,F,72,74.1,104.3,128,36.8,37.3,36.8,128,37.3,128,51.9,52.4,36.8 / 128,37.3 / 128
13565,PA,Gold,F,72,69.7,98.0,120,35.1,34.6,35.1,119,34.6,121,49.1,48.9,35.1 / 119,34.6 / 121
13565,PA,Red,F,72,66.9,93.1,111,33.4,33.5,33.4,110,33.5,112,46.4,46.7,33.4 / 110,33.5 / 112
13565,PA,Green,F,72,63.6,88.4,105,31.7,31.9,31.7,104,31.9,106,44.0,44.4,31.7 / 104,31.9 / 106
7861,PA,Blue,M,72,70.8,93.0,120,35.2,35.6,35.2,123,35.6,116,46.6,46.4,35.2 / 123,35.6 / 116
7861,PA,White,M,72,69.8,91.8,118,34.3,35.5,34.3,119,35.5,116,45.4,46.4,34.3 / 119,35.5 / 116
7861,PA,Gold,M,72,66.5,87.1,111,33.1,33.4,33.1,114,33.4,108,43.7,43.4,33.1 / 114,33.4 / 108
7861,PA,Red,M,72,64.3,84.0,106,32.2,32.1,32.2,110,32.1,102,42.4,41.6,32.2 / 110,32.1 / 102
7861,PA,White,F,72,74.7,104.0,125,36.9,37.8,36.9,119,37.8,130,50.9,53.1,36.9 / 119,37.8 / 130
7861,PA,Gold,F,72,71.0,98.8,118,35.6,35.4,35.6,114,35.4,121,49.1,49.7,35.6 / 114,35.4 / 121
7861,PA,Red,F,72,68.2,94.6,112,34.4,33.8,34.4,109,33.8,114,47.3,47.3,34.4 / 109,33.8 / 114
13998,PA,Blue,M,71,70.6,94.3,128,34.8,35.8,34.8,122,35.8,133,46.1,48.2,34.8 / 122,35.8 / 133
13998,PA,Blue/White,M,71,69.9,93.2,125,34.6,35.3,34.6,119,35.3,131,45.7,47.5,34.6 / 119,35.3 / 131
13998,PA,White,M,71,69.2,92.3,124,34.2,35.0,34.2,118,35.0,130,45.2,47.1,34.2 / 118,35.0 / 130
13998,PA,White/Gold,M,71,67.4,89.8,121,33.4,34.0,33.4,115,34.0,126,44.1,45.7,33.4 / 115,34.0 / 126
13998,PA,Gold,M,71,66.5,88.6,119,33.2,33.3,33.2,115,33.3,123,43.9,44.7,33.2 / 115,33.3 / 123
13998,PA,Red,M,71,64.6,86.0,115,32.4,32.2,32.4,112,32.2,118,42.8,43.2,32.4 / 112,32.2 / 118
13998,PA,White,F,72,74.7,105.7,132,36.8,37.9,36.8,126,37.9,137,51.7,54.0,36.8 / 126,37.9 / 137
13998,PA,White/Gold,F,71,72.4,102.2,126,35.8,36.6,35.8,121,36.6,131,50.1,52.1,35.8 / 121,36.6 / 131
13998,PA,Gold,F,71,71.4,100.7,124,35.6,35.8,35.6,121,35.8,127,49.9,50.8,35.6 / 121,35.8 / 127
13998,PA,Gold/Red,F,71,70.2,98.9,122,35.0,35.2,35.0,118,35.2,126,48.9,50.0,35.0 / 118,35.2 / 126
13998,PA,Red,F,72,69.0,97.2,120,34.6,34.4,34.6,117,34.4,122,48.4,48.8,34.6 / 117,34.4 / 122
23779,PA,White,M,70,66.2,87.3,114,35.3,30.9,35.3,121,30.9,107,46.5,40.8,35.3 / 121,30.9 / 107
23779,PA,Gold,M,70,63.5,83.4,107,33.2,30.3,33.2,111,30.3,103,43.5,39.9,33.2 / 111,30.3 / 103
23779,PA,Red,F,70,66.5,92.2,109,35.5,31.0,35.5,114,31.0,104,48.9,43.3,35.5 / 114,31.0 / 104
13504,PA,Blue,M,71,71.5,94.4,124,35.6,35.9,35.6,123,35.9,124,47.0,47.4,35.6 / 123,35.9 / 124
13504,PA,White,M,71,70.1,92.5,121,35.0,35.1,35.0,121,35.1,121,46.2,46.3,35.0 / 121,35.1 / 121
13504,PA,Gold,M,71,65.7,86.5,112,32.6,33.1,32.6,111,33.1,113,42.9,43.6,32.6 / 111,33.1 / 113
13504,PA,Gold,F,72,70.3,98.5,120,34.8,35.5,34.8,118,35.5,121,48.7,49.8,34.8 / 118,35.5 / 121
13504,PA,Red,F,72,67.1,93.7,113,33.5,33.6,33.5,113,33.6,113,46.8,46.9,33.5 / 113,33.6 / 113
5336,PA,Blue,M,72,71.1,94.1,124,35.3,35.8,35.3,122,35.8,126,46.6,47.5,35.3 / 122,35.8 / 126
5336,PA,White,M,72,70.3,93.0,123,34.9,35.4,34.9,121,35.4,124,46.1,46.9,34.9 / 121,35.4 / 124
5336,PA,Gold,M,72,68.1,89.5,115,34.1,34.0,34.1,112,34.0,118,44.5,45.0,34.1 / 112,34.0 / 118
5336,PA,Red,M,72,67.1,87.9,112,33.1,34.0,33.1,108,34.0,116,43.1,44.8,33.1 / 108,34.0 / 116
5336,PA,Blue,F,72,77.0,107.4,129,38.1,38.9,38.1,127,38.9,131,53.1,54.3,38.1 / 127,38.9 / 131
5336,PA,White,F,72,75.9,105.8,127,37.5,38.4,37.5,125,38.4,129,52.2,53.6,37.5 / 125,38.4 / 129
5336,PA,Gold,F,72,73.4,101.9,121,36.5,36.9,36.5,120,36.9,122,50.6,51.3,36.5 / 120,36.9 / 122
5336,PA,Red,F,72,72.8,100.7,118,36.0,36.8,36.0,115,36.8,121,49.6,51.1,36.0 / 115,36.8 / 121
3222,PA,Black,M,72,74.0,99.0,135,36.7,37.3,36.7,135,37.3,135,49.2,49.8,36.7 / 135,37.3 / 135
3222,PA,Black/Blue,M,72,72.9,97.5,132,36.2,36.7,36.2,133,36.7,131,48.6,48.9,36.2 / 133,36.7 / 131
3222,PA,Blue,M,72,71.9,96.0,130,35.8,36.1,35.8,131,36.1,129,48.0,48.1,35.8 / 131,36.1 / 129
3222,PA,Blue/White,M,72,70.9,95.1,130,35.3,35.6,35.3,132,35.6,128,47.6,47.5,35.3 / 132,35.6 / 128
3222,PA,White,M,72,69.3,93.0,128,34.5,34.8,34.5,130,34.8,125,46.6,46.4,34.5 / 130,34.8 / 125
3222,PA,White/Orange,M,72,67.6,90.7,125,33.6,34.0,33.6,127,34.0,122,45.4,45.3,33.6 / 127,34.0 / 122
3222,PA,Orange,M,72,66.0,87.7,117,32.8,33.2,32.8,116,33.2,117,43.6,44.1,32.8 / 116,33.2 / 117
3222,PA,Orange/Yellow,M,72,63.4,83.7,110,31.7,31.7,31.7,107,31.7,112,41.6,42.1,31.7 / 107,31.7 / 112
3222,PA,Yellow,M,72,61.4,80.7,104,31.0,30.4,31.0,101,30.4,107,40.4,40.3,31.0 / 101,30.4 / 107
3222,PA,White,F,73,74.8,106.3,134,37.1,37.7,37.1,133,37.7,134,52.8,53.5,37.1 / 133,37.7 / 134
3222,PA,White/Orange,F,73,72.7,103.1,129,36.0,36.7,36.0,129,36.7,129,51.2,51.9,36.0 / 129,36.7 / 129
3222,PA,Orange,F,73,70.7,100.2,126,35.0,35.7,35.0,125,35.7,126,49.7,50.5,35.0 / 125,35.7 / 126
3222,PA,Orange/Yellow,F,73,67.1,95.2,120,33.5,33.6,33.5,119,33.6,120,47.5,47.7,33.5 / 119,33.6 / 120
3222,PA,Yellow,F,73,64.0,90.3,112,32.5,31.5,32.5,113,31.5,110,45.8,44.5,32.5 / 113,31.5 / 110
5435,PA,Black,M,72,73.4,97.8,132,35.9,37.5,35.9,127,37.5,136,47.7,50.1,35.9 / 127,37.5 / 136
5435,PA,Black/Blue Combo,M,72,72.5,97.1,133,35.7,36.8,35.7,126,36.8,139,47.4,49.7,35.7 / 126,36.8 / 139
5435,PA,Blue,M,72,71.4,95.5,130,34.9,36.5,34.9,122,36.5,138,46.2,49.3,34.9 / 122,36.5 / 138
5435,PA,Blue/White Combo,M,72,70.6,94.3,128,34.7,35.9,34.7,121,35.9,135,45.9,48.4,34.7 / 121,35.9 / 135
5435,PA,White,M,72,69.9,93.3,126,34.2,35.7,34.2,118,35.7,133,45.2,48.1,34.2 / 118,35.7 / 133
5435,PA,White/Gold Combo,M,72,68.8,92.1,125,33.9,34.9,33.9,118,34.9,132,44.9,47.2,33.9 / 118,34.9 / 132
5435,PA,Gold,M,72,66.3,88.4,119,32.3,34.0,32.3,111,34.0,127,42.6,45.8,32.3 / 111,34.0 / 127
5435,PA,Red,M,72,65.5,87.4,118,31.9,33.6,31.9,110,33.6,126,42.1,45.3,31.9 / 110,33.6 / 126
5435,PA,Black,F,72,79.4,113.1,143,38.5,40.9,38.5,137,40.9,148,54.7,58.4,38.5 / 137,40.9 / 148
5435,PA,Black/Blue Combo (F),F,72,78.4,111.8,142,38.2,40.2,38.2,137,40.2,146,54.4,57.4,38.2 / 137,40.2 / 146
5435,PA,Blue,F,72,77.2,109.8,138,37.4,39.8,37.4,132,39.8,144,53.0,56.8,37.4 / 132,39.8 / 144
5435,PA,Blue/White Combo (F),F,72,76.5,108.3,135,37.1,39.4,37.1,131,39.4,138,52.6,55.7,37.1 / 131,39.4 / 138
5435,PA,White,F,72,75.6,107.0,133,36.5,39.1,36.5,129,39.1,137,51.7,55.3,36.5 / 129,39.1 / 137
5435,PA,White/Gold Combo (F),F,72,74.5,106.0,134,36.2,38.3,36.2,131,38.3,137,51.6,54.4,36.2 / 131,38.3 / 137
5435,PA,Gold,F,72,71.8,100.9,124,34.8,37.0,34.8,119,37.0,128,48.8,52.1,34.8 / 119,37.0 / 128
5435,PA,Red,F,72,70.8,99.7,123,34.3,36.5,34.3,118,36.5,127,48.2,51.5,34.3 / 118,36.5 / 127
5434,PA,Black,M,71,70.0,94.4,132,34.1,35.9,34.1,126,35.9,137,45.8,48.6,34.1 / 126,35.9 / 137
5434,PA,Black/Blue Combo,M,69,69.4,93.3,129,34.0,35.4,34.0,124,35.4,133,45.5,47.8,34.0 / 124,35.4 / 133
5434,PA,Blue,M,71,68.5,92.5,130,33.4,35.1,33.4,123,35.1,136,44.8,47.7,33.4 / 123,35.1 / 136
5434,PA,Blue/White Combo,M,71,67.5,91.0,127,32.8,34.7,32.8,123,34.7,130,44.2,46.8,32.8 / 123,34.7 / 130
5434,PA,White,M,71,66.4,89.1,122,32.4,34.0,32.4,118,34.0,126,43.4,45.7,32.4 / 118,34.0 / 126
5434,PA,White/Gold Combo,M,71,64.1,85.5,115,31.0,33.1,31.0,111,33.1,119,41.3,44.2,31.0 / 111,33.1 / 119
5434,PA,Gold,M,71,63.1,83.9,112,30.5,32.6,30.5,109,32.6,115,40.6,43.3,30.5 / 109,32.6 / 115
5434,PA,Red,M,71,62.6,83.1,111,30.5,32.1,30.5,108,32.1,113,40.5,42.6,30.5 / 108,32.1 / 113
5434,PA,Black,F,71,75.2,106.7,134,36.5,38.7,36.5,131,38.7,137,51.9,54.8,36.5 / 131,38.7 / 137
5434,PA,Black/Blue Combo (F),F,71,74.0,104.8,131,36.1,37.9,36.1,128,37.9,133,51.2,53.6,36.1 / 128,37.9 / 133
5434,PA,Blue,F,71,72.9,103.0,128,35.3,37.6,35.3,125,37.6,131,50.0,53.0,35.3 / 125,37.6 / 131
5434,PA,Blue/White Combo (F),F,71,72.0,101.8,127,34.9,37.1,34.9,123,37.1,130,49.4,52.4,34.9 / 123,37.1 / 130
5434,PA,White,F,71,71.2,100.5,124,34.5,36.7,34.5,121,36.7,127,48.8,51.7,34.5 / 121,36.7 / 127
5434,PA,White/Gold Combo (F),F,71,69.0,96.9,119,33.2,35.8,33.2,113,35.8,124,46.5,50.4,33.2 / 113,35.8 / 124
5434,PA,Gold,F,71,67.8,95.0,115,32.7,35.1,32.7,109,35.1,121,45.6,49.4,32.7 / 109,35.1 / 121
5434,PA,Red,F,71,66.9,93.8,115,32.2,34.7,32.2,109,34.7,120,45.0,48.8,32.2 / 109,34.7 / 120
5332,PA,Blue,M,71,71.8,96.3,132,34.8,37.0,34.8,127,37.0,137,46.6,49.7,34.8 / 127,37.0 / 137
5332,PA,White,M,71,70.4,94.5,130,34.3,36.1,34.3,125,36.1,135,45.9,48.6,34.3 / 125,36.1 / 135
5332,PA,Green,M,71,68.5,91.9,126,33.4,35.1,33.4,122,35.1,130,44.7,47.2,33.4 / 122,35.1 / 130
5332,PA,Gold,M,71,67.2,90.2,124,32.9,34.3,32.9,121,34.3,127,44.1,46.1,32.9 / 121,34.3 / 127
5332,PA,Red,M,71,65.4,88.3,123,32.5,32.9,32.5,118,32.9,127,43.5,44.7,32.5 / 118,32.9 / 127
5332,PA,Silver,M,71,63.0,84.8,117,31.5,31.5,31.5,116,31.5,118,42.3,42.5,31.5 / 116,31.5 / 118
5332,PA,White,F,73,75.7,107.6,135,36.6,39.1,36.6,132,39.1,138,52.2,55.4,36.6 / 132,39.1 / 138
5332,PA,Green,F,73,73.5,104.1,130,35.5,38.0,35.5,127,38.0,132,50.5,53.6,35.5 / 127,38.0 / 132
5332,PA,Gold,F,73,71.9,101.8,127,34.9,37.0,34.9,125,37.0,129,49.6,52.2,34.9 / 125,37.0 / 129
5332,PA,Red,F,73,70.3,99.2,123,34.5,35.8,34.5,124,35.8,121,49.1,50.1,34.5 / 124,35.8 / 121
5332,PA,Silver,F,73,67.1,95.1,119,33.0,34.1,33.0,121,34.1,116,47.3,47.8,33.0 / 121,34.1 / 116
5333,PA,Blue,M,72,73.7,98.5,133,37.2,36.5,37.2,134,36.5,132,49.7,48.8,37.2 / 134,36.5 / 132
5333,PA,White,M,72,71.4,95.6,130,36.1,35.3,36.1,132,35.3,128,48.4,47.2,36.1 / 132,35.3 / 128
5333,PA,Green,M,72,69.4,92.6,125,35.1,34.3,35.1,128,34.3,122,47.1,45.5,35.1 / 128,34.3 / 122
5333,PA,Gold,M,72,67.8,90.4,121,34.2,33.6,34.2,124,33.6,118,45.8,44.6,34.2 / 124,33.6 / 118
5333,PA,Red,M,72,65.3,87.4,119,32.7,32.6,32.7,124,32.6,114,44.2,43.2,32.7 / 124,32.6 / 114
5333,PA,Silver,M,72,62.1,83.2,114,31.5,30.6,31.5,118,30.6,110,42.5,40.7,31.5 / 118,30.6 / 110
5333,PA,White,F,73,77.2,109.3,136,39.1,38.1,39.1,137,38.1,135,55.3,54.0,39.1 / 137,38.1 / 135
5333,PA,Green,F,73,75.3,106.6,132,38.2,37.1,38.2,132,37.1,132,53.9,52.7,38.2 / 132,37.1 / 132
5333,PA,Gold,F,73,73.5,103.9,129,37.2,36.3,37.2,129,36.3,129,52.4,51.5,37.2 / 129,36.3 / 129
5333,PA,Red,F,73,70.7,100.1,125,35.6,35.1,35.6,125,35.1,125,50.3,49.8,35.6 / 125,35.1 / 125
5333,PA,Silver,F,73,66.3,93.0,113,34.1,32.2,34.1,121,32.2,105,48.4,44.6,34.1 / 121,32.2 / 105
3278,PA,Blue,M,72,73.0,97.6,132,36.5,36.5,36.5,132,36.5,132,48.8,48.8,36.5 / 132,36.5 / 132
3278,PA,White,M,72,70.6,94.4,128,35.3,35.3,35.3,128,35.3,128,47.2,47.2,35.3 / 128,35.3 / 128
3278,PA,Green,M,72,68.6,91.2,122,34.3,34.3,34.3,122,34.3,122,45.6,45.6,34.3 / 122,34.3 / 122
3278,PA,Gold,M,72,67.2,89.2,118,33.6,33.6,33.6,118,33.6,118,44.6,44.6,33.6 / 118,33.6 / 118
3278,PA,Red,M,72,65.2,86.4,114,32.6,32.6,32.6,114,32.6,114,43.2,43.2,32.6 / 114,32.6 / 114
3278,PA,Silver,M,72,61.2,81.6,110,30.6,30.6,30.6,110,30.6,110,40.8,40.8,30.6 / 110,30.6 / 110
3278,PA,White,F,72,76.2,108.0,135,38.1,38.1,38.1,135,38.1,135,54.0,54.0,38.1 / 135,38.1 / 135
3278,PA,Green,F,72,74.2,104.8,131,37.1,37.1,37.1,131,37.1,131,52.4,52.4,37.1 / 131,37.1 / 131
3278,PA,Gold,F,72,72.6,103.0,129,36.3,36.3,36.3,129,36.3,129,51.5,51.5,36.3 / 129,36.3 / 129
3278,PA,Red,F,72,70.2,99.6,125,35.1,35.1,35.1,125,35.1,125,49.8,49.8,35.1 / 125,35.1 / 125
3278,PA,Silver,F,72,64.4,89.2,105,32.2,32.2,32.2,105,32.2,105,44.6,44.6,32.2 / 105,32.2 / 105
3250,PA,Black,M,73,73.7,98.2,134,36.8,36.9,36.8,127,36.9,141,48.6,50.0,36.8 / 127,36.9 / 141
3250,PA,Blue,M,73,72.6,97.2,132,36.3,36.3,36.3,125,36.3,138,47.8,49.1,36.3 / 125,36.3 / 138
3250,PA,White,M,73,70.2,94.1,128,34.9,35.3,34.9,123,35.3,133,46.3,47.7,34.9 / 123,35.3 / 133
3250,PA,White/Gold,M,73,67.9,90.7,123,33.6,34.3,33.6,121,34.3,125,44.8,45.9,33.6 / 121,34.3 / 125
3250,PA,Gold,M,73,66.5,88.3,117,33.2,33.3,33.2,115,33.3,119,43.9,44.4,33.2 / 115,33.3 / 119
3250,PA,Red,M,73,64.8,85.1,109,32.7,32.1,32.7,113,32.1,105,43.2,41.9,32.7 / 113,32.1 / 105
3250,PA,Red/Green,M,73,63.4,82.9,105,31.4,32.0,31.4,107,32.0,103,41.3,41.6,31.4 / 107,32.0 / 103
3250,PA,Green,M,73,61.7,80.5,101,30.2,31.5,30.2,99,31.5,103,39.4,41.1,30.2 / 99,31.5 / 103
3250,PA,Black,F,73,80.4,113.9,142,40.0,40.4,40.0,142,40.4,142,56.8,57.1,40.0 / 142,40.4 / 142
3250,PA,Blue,F,74,79.2,112.1,140,39.4,39.8,39.4,141,39.8,138,56.0,56.1,39.4 / 141,39.8 / 138
3250,PA,White,F,73,76.4,108.0,134,37.9,38.5,37.9,135,38.5,133,53.8,54.2,37.9 / 135,38.5 / 133
3250,PA,White/Gold,F,73,73.7,103.9,128,36.5,37.2,36.5,129,37.2,127,51.7,52.2,36.5 / 129,37.2 / 127
3250,PA,Gold,F,73,72.0,101.3,126,35.9,36.1,35.9,126,36.1,125,50.7,50.8,35.9 / 126,36.1 / 125
3250,PA,Red,F,73,69.5,98.5,123,35.3,34.2,35.3,122,34.2,123,49.7,48.7,35.3 / 122,34.2 / 123
3250,PA,Red/Green,F,73,67.8,95.1,116,33.8,34.0,33.8,113,34.0,119,47.1,48.0,33.8 / 113,34.0 / 119
3250,PA,Green,F,73,65.1,91.0,110,31.7,33.4,31.7,108,33.4,112,44.4,46.6,31.7 / 108,33.4 / 112
5451,PA,Blue,M,71,72.6,97.3,133,36.5,36.1,36.5,131,36.1,135,48.7,48.6,36.5 / 131,36.1 / 135
5451,PA,White,M,71,70.0,93.6,127,35.2,34.8,35.2,129,34.8,125,47.2,46.4,35.2 / 129,34.8 / 125
5451,PA,Gold,M,71,68.8,92.2,126,34.6,34.2,34.6,129,34.2,123,46.6,45.6,34.6 / 129,34.2 / 123
5451,PA,Red,M,71,65.7,87.8,119,33.2,32.5,33.2,124,32.5,114,44.7,43.1,33.2 / 124,32.5 / 114
5451,PA,Blue,F,73,78.5,111.1,138,39.5,39.0,39.5,139,39.0,137,55.9,55.2,39.5 / 139,39.0 / 137
5451,PA,White,F,73,75.8,107.2,133,38.2,37.6,38.2,134,37.6,132,54.0,53.2,38.2 / 134,37.6 / 132
5451,PA,Gold,F,73,74.4,104.8,129,37.5,36.9,37.5,130,36.9,128,52.8,52.0,37.5 / 130,36.9 / 128
5451,PA,Red,F,73,71.2,99.7,121,36.1,35.1,36.1,125,35.1,117,50.8,48.9,36.1 / 125,35.1 / 117
3256,PA,Blue,M,70,69.5,93.8,131,35.5,34.0,35.5,130,34.0,131,47.6,46.2,35.5 / 130,34.0 / 131
3256,PA,White,M,70,67.2,90.4,125,34.5,32.7,34.5,125,32.7,125,46.1,44.3,34.5 / 125,32.7 / 125
3256,PA,Gold,M,70,64.1,86.3,120,32.7,31.4,32.7,118,31.4,121,43.7,42.6,32.7 / 118,31.4 / 121
3256,PA,Red,F,70,65.2,91.9,114,33.4,31.8,33.4,118,31.8,109,47.3,44.6,33.4 / 118,31.8 / 109
5347,PA,Burgundy,M,70,72.4,98.2,139,36.6,35.8,36.6,138,35.8,140,49.4,48.8,36.6 / 138,35.8 / 140
5347,PA,Park,M,70,71.4,96.7,136,36.1,35.3,36.1,133,35.3,139,48.5,48.2,36.1 / 133,35.3 / 139
5347,PA,Blue,M,70,70.2,95.1,134,35.3,34.9,35.3,131,34.9,137,47.5,47.6,35.3 / 131,34.9 / 137
5347,PA,Hills,M,70,68.9,93.6,133,34.5,34.4,34.5,130,34.4,136,46.6,47.0,34.5 / 130,34.4 / 136
5347,PA,White,M,70,67.5,91.3,128,33.9,33.6,33.9,127,33.6,129,45.7,45.6,33.9 / 127,33.6 / 129
5347,PA,Green,M,70,64.3,87.3,124,31.7,32.6,31.7,124,32.6,124,43.2,44.1,31.7 / 124,32.6 / 124
5347,PA,Family Tees,M,70,62.9,85.7,123,31.1,31.8,31.1,121,31.8,125,42.3,43.4,31.1 / 121,31.8 / 125
5347,PA,Orange,M,70,62.3,84.9,122,31.0,31.3,31.0,122,31.3,122,42.3,42.6,31.0 / 122,31.3 / 122
5347,PA,Burgundy,F,70,78.5,112.7,145,39.8,38.7,39.8,146,38.7,144,57.0,55.7,39.8 / 146,38.7 / 144
5347,PA,Park,F,70,77.3,111.0,143,39.0,38.3,39.0,144,38.3,142,56.0,55.0,39.0 / 144,38.3 / 142
5347,PA,Blue,F,70,76.2,109.2,140,38.4,37.8,38.4,141,37.8,139,55.0,54.2,38.4 / 141,37.8 / 139
5347,PA,Hills,F,70,74.6,107.0,137,37.4,37.2,37.4,137,37.2,137,53.6,53.4,37.4 / 137,37.2 / 137
5347,PA,White,F,70,73.4,104.6,132,36.9,36.5,36.9,132,36.5,132,52.5,52.1,36.9 / 132,36.5 / 132
5347,PA,Green,F,70,69.6,98.6,123,34.4,35.2,34.4,121,35.2,125,48.7,49.9,34.4 / 121,35.2 / 125
5347,PA,Family Tees,F,70,67.9,95.4,117,33.2,34.7,33.2,117,34.7,117,46.9,48.5,33.2 / 117,34.7 / 117
5347,PA,Orange,F,70,66.5,93.4,114,32.8,33.7,32.8,114,33.7,114,46.3,47.1,32.8 / 114,33.7 / 114
3102,PA,Blue,M,70,72.7,98.1,137,35.8,36.9,35.8,136,36.9,138,48.4,49.7,35.8 / 136,36.9 / 138
3102,PA,Blue/White,M,70,71.7,96.7,135,35.4,36.3,35.4,135,36.3,135,47.9,48.8,35.4 / 135,36.3 / 135
3102,PA,White,M,70,70.6,95.2,132,34.8,35.8,34.8,131,35.8,133,47.0,48.2,34.8 / 131,35.8 / 133
3102,PA,Green,M,70,69.0,93.1,130,34.3,34.7,34.3,130,34.7,129,46.4,46.7,34.3 / 130,34.7 / 129
3102,PA,Green/Gold,M,70,68.3,92.2,129,33.9,34.4,33.9,129,34.4,128,45.9,46.3,33.9 / 129,34.4 / 128
3102,PA,Gold,M,70,67.7,91.3,127,33.8,33.9,33.8,128,33.9,126,45.7,45.6,33.8 / 128,33.9 / 126
3102,PA,Gold/Red,M,70,67.0,90.3,126,33.4,33.6,33.4,127,33.6,124,45.2,45.1,33.4 / 127,33.6 / 124
3102,PA,Red,M,70,65.0,87.5,122,32.4,32.6,32.4,122,32.6,121,43.7,43.8,32.4 / 122,32.6 / 121
3102,PA,White,F,70,77.1,110.1,140,38.0,39.1,38.0,139,39.1,141,54.4,55.7,38.0 / 139,39.1 / 141
3102,PA,Gold,F,70,73.6,104.8,132,36.8,36.8,36.8,134,36.8,130,52.7,52.1,36.8 / 134,36.8 / 130
3102,PA,Gold/Red,F,70,72.7,103.5,131,36.3,36.4,36.3,132,36.4,129,51.9,51.6,36.3 / 132,36.4 / 129
3102,PA,Red,F,70,70.3,99.9,126,35.0,35.3,35.0,126,35.3,125,49.9,50.0,35.0 / 126,35.3 / 125
35525,PA,The Railyard,M,54,50.7,64.1,72,25.5,25.2,25.5,74,25.2,70,32.4,31.7,25.5 / 74,25.2 / 70
35525,PA,The Railyard,F,54,53.4,70.7,73,26.9,26.5,26.9,75,26.5,71,35.8,34.9,26.9 / 75,26.5 / 71
5400,PA,Blue,M,71,69.9,93.7,128,35.0,34.9,35.0,129,34.9,127,47.0,46.7,35.0 / 129,34.9 / 127
5400,PA,White,M,71,68.6,92.0,126,34.3,34.3,34.3,127,34.3,125,46.1,45.9,34.3 / 127,34.3 / 125
5400,PA,Gold,M,71,67.2,90.1,124,33.7,33.5,33.7,126,33.5,121,45.4,44.7,33.7 / 126,33.5 / 121
5400,PA,Red,M,71,65.0,86.8,117,32.4,32.6,32.4,117,32.6,117,43.3,43.5,32.4 / 117,32.6 / 117
5400,PA,Blue,F,71,75.6,106.6,132,37.9,37.7,37.9,132,37.7,132,53.5,53.3,37.9 / 132,37.7 / 132
5400,PA,White,F,71,73.8,104.2,129,37.0,36.8,37.0,129,36.8,129,52.2,52.0,37.0 / 129,36.8 / 129
5400,PA,Gold,F,71,72.3,102.0,126,36.4,35.9,36.4,127,35.9,125,51.4,50.6,36.4 / 127,35.9 / 125
5400,PA,Red,F,71,69.5,97.1,117,34.6,34.9,34.6,117,34.9,117,48.4,48.7,34.6 / 117,34.9 / 117
5401,PA,Blue,M,72,73.1,98.2,136,36.5,36.6,36.5,139,36.6,132,49.3,48.9,36.5 / 139,36.6 / 132
5401,PA,White,M,72,70.6,94.4,128,35.0,35.6,35.0,128,35.6,128,46.9,47.5,35.0 / 128,35.6 / 128
5401,PA,Gold,M,72,69.2,91.6,121,34.4,34.8,34.4,121,34.8,121,45.6,46.0,34.4 / 121,34.8 / 121
5401,PA,Red,M,72,67.0,88.0,113,33.2,33.8,33.2,114,33.8,112,43.8,44.2,33.2 / 114,33.8 / 112
5401,PA,Blue,F,72,79.1,113.3,145,39.3,39.8,39.3,146,39.8,144,56.5,56.8,39.3 / 146,39.8 / 144
5401,PA,White,F,72,76.3,109.1,139,37.9,38.4,37.9,139,38.4,139,54.3,54.8,37.9 / 139,38.4 / 139
5401,PA,Gold,F,72,74.1,105.7,134,36.7,37.4,36.7,135,37.4,133,52.6,53.1,36.7 / 135,37.4 / 133
5401,PA,Red,F,72,71.4,101.1,126,35.3,36.1,35.3,127,36.1,125,50.3,50.8,35.3 / 127,36.1 / 125
13447,PA,Blue,M,70,69.4,92.1,122,34.7,34.7,34.7,118,34.7,126,45.7,46.4,34.7 / 118,34.7 / 126
13447,PA,White,M,70,67.6,90.1,121,33.6,34.0,33.6,117,34.0,125,44.5,45.6,33.6 / 117,34.0 / 125
13447,PA,Gold,M,70,65.1,85.9,112,32.2,32.9,32.2,112,32.9,112,42.6,43.3,32.2 / 112,32.9 / 112
13447,PA,Red,M,70,62.5,82.2,106,30.5,32.0,30.5,103,32.0,109,40.1,42.1,30.5 / 103,32.0 / 109
13447,PA,Blue,F,70,74.4,103.9,125,37.3,37.1,37.3,123,37.1,127,51.8,52.1,37.3 / 123,37.1 / 127
13447,PA,White,F,70,70.8,98.5,118,34.4,36.4,34.4,112,36.4,124,47.6,51.0,34.4 / 112,36.4 / 124
13447,PA,Gold,F,70,69.3,96.2,114,34.3,35.0,34.3,110,35.0,118,47.3,48.9,34.3 / 110,35.0 / 118
13447,PA,Red,F,70,65.6,91.0,108,31.8,33.8,31.8,102,33.8,114,43.8,47.2,31.8 / 102,33.8 / 114
23707,PA,Black,M,70,69.8,94.5,133,34.8,35.0,34.8,135,35.0,131,47.3,47.2,34.8 / 135,35.0 / 131
23707,PA,White,M,69,66.5,89.7,125,33.2,33.3,33.2,127,33.3,123,45.0,44.7,33.2 / 127,33.3 / 123
23707,PA,Gold,M,68,63.6,83.6,108,31.7,31.9,31.7,107,31.9,109,41.6,42.0,31.7 / 107,31.9 / 109
23707,PA,Red,F,68,66.0,92.4,112,32.5,33.5,32.5,107,33.5,117,45.1,47.3,32.5 / 107,33.5 / 117
29529,PA,White,M,72,70.7,92.4,117,36.0,34.7,36.0,123,34.7,111,47.4,45.0,36.0 / 123,34.7 / 111
29529,PA,Gold,M,72,65.4,85.3,107,33.1,32.3,33.1,113,32.3,101,43.6,41.7,33.1 / 113,32.3 / 101
29529,PA,Red,M,72,63.3,82.4,103,31.6,31.7,31.6,108,31.7,98,41.6,40.8,31.6 / 108,31.7 / 98
29529,PA,Silver,M,72,62.2,80.9,101,31.5,30.7,31.5,107,30.7,95,41.4,39.5,31.5 / 107,30.7 / 95
29529,PA,White,F,72,75.2,104.5,124,37.9,37.3,37.9,127,37.3,121,52.9,51.6,37.9 / 127,37.3 / 121
29529,PA,Gold,F,72,70.2,97.8,117,35.3,34.9,35.3,120,34.9,114,49.4,48.4,35.3 / 120,34.9 / 114
29529,PA,Red,F,72,67.3,92.7,108,33.2,34.1,33.2,107,34.1,109,45.8,46.9,33.2 / 107,34.1 / 109
29529,PA,Silver,F,72,64.8,88.8,102,32.1,32.7,32.1,102,32.7,102,44.1,44.7,32.1 / 102,32.7 / 102
5384,PA,Grey,M,71,72.8,98.6,139,36.4,36.4,36.4,139,36.4,139,49.3,49.3,36.4 / 139,36.4 / 139
5384,PA,White/Blue,M,71,70.6,95.7,135,34.7,35.9,34.7,133,35.9,137,47.1,48.6,34.7 / 133,35.9 / 137
5384,PA,Green/White,M,71,69.1,92.7,127,33.5,35.6,33.5,122,35.6,132,44.8,47.9,33.5 / 122,35.6 / 132
5384,PA,Red/Yellow,M,71,65.6,87.2,116,32.8,32.8,32.8,118,32.8,114,43.8,43.4,32.8 / 118,32.8 / 114
5384,PA,Pink/Black,M,71,64.6,85.8,114,32.5,32.1,32.5,116,32.1,112,43.3,42.5,32.5 / 116,32.1 / 112
5384,PA,Purple/Black,M,71,62.0,82.2,109,30.3,31.7,30.3,111,31.7,107,40.6,41.6,30.3 / 111,31.7 / 107
5384,PA,Grey,F,71,79.0,112.5,142,39.8,39.2,39.8,140,39.2,144,56.3,56.2,39.8 / 140,39.2 / 144
5384,PA,White/Blue,F,71,76.7,109.1,137,38.0,38.7,38.0,132,38.7,142,53.6,55.5,38.0 / 132,38.7 / 142
5384,PA,Green/White,F,71,74.7,106.0,133,36.5,38.2,36.5,125,38.2,141,51.2,54.8,36.5 / 125,38.2 / 141
5384,PA,Red/Yellow,F,71,70.2,99.3,123,35.4,34.8,35.4,120,34.8,126,49.6,49.7,35.4 / 120,34.8 / 126
5384,PA,Pink/Black,F,71,68.7,97.2,121,34.6,34.1,34.6,118,34.1,124,48.5,48.7,34.6 / 118,34.1 / 124
5384,PA,Purple/Black,F,71,67.1,94.7,117,34.6,32.5,34.6,118,32.5,116,48.5,46.2,34.6 / 118,32.5 / 116
13797,PA,Blue,M,73,72.7,96.9,130,36.5,36.2,36.5,133,36.2,127,48.9,48.0,36.5 / 133,36.2 / 127
13797,PA,White,M,73,71.3,94.7,126,35.7,35.6,35.7,129,35.6,123,47.7,47.0,35.7 / 129,35.6 / 123
13797,PA,White/Gold,M,73,69.5,92.4,123,34.5,35.0,34.5,127,35.0,119,46.3,46.1,34.5 / 127,35.0 / 119
13797,PA,Gold,M,73,68.2,90.5,120,34.2,34.0,34.2,125,34.0,115,45.8,44.7,34.2 / 125,34.0 / 115
13797,PA,Red,M,73,66.5,88.4,118,33.4,33.1,33.4,123,33.1,113,44.8,43.6,33.4 / 123,33.1 / 113
13797,PA,White/Gold,F,73,75.3,106.3,132,37.3,38.0,37.3,136,38.0,127,53.3,53.0,37.3 / 136,38.0 / 127
13797,PA,Gold,F,73,73.8,103.8,127,36.9,36.9,36.9,133,36.9,121,52.6,51.2,36.9 / 133,36.9 / 121
13797,PA,Red,F,73,71.7,100.8,124,35.9,35.8,35.9,130,35.8,117,51.2,49.6,35.9 / 130,35.8 / 117
5386,PA,Men's Tee,M,64,60.4,79.2,101,30.2,30.2,30.2,101,30.2,101,39.6,39.6,30.2 / 101,30.2 / 101
5386,PA,Women's Tee,F,64,60.6,84.2,100,30.3,30.3,30.3,100,30.3,100,42.1,42.1,30.3 / 100,30.3 / 100
13453,PA,Blue,M,71,69.7,93.3,127,35.2,34.5,35.2,131,34.5,123,47.4,45.9,35.2 / 131,34.5 / 123
13453,PA,White,M,71,67.9,90.4,121,34.2,33.7,34.2,127,33.7,115,46.0,44.4,34.2 / 127,33.7 / 115
13453,PA,Yellow,M,71,65.0,86.6,116,32.6,32.4,32.6,119,32.4,113,43.7,42.9,32.6 / 119,32.4 / 113
13453,PA,Red,M,71,63.0,83.7,111,31.9,31.1,31.9,113,31.1,109,42.5,41.2,31.9 / 113,31.1 / 109
13453,PA,Blue,F,71,74.5,104.0,125,38.0,36.5,38.0,128,36.5,122,53.1,50.9,38.0 / 128,36.5 / 122
13453,PA,White,F,71,72.5,101.1,122,36.8,35.7,36.8,124,35.7,119,51.4,49.7,36.8 / 124,35.7 / 119
13453,PA,Yellow,F,71,69.4,96.4,115,35.3,34.1,35.3,117,34.1,112,49.1,47.3,35.3 / 117,34.1 / 112
13453,PA,Red,F,71,67.8,95.1,116,34.5,33.3,34.5,118,33.3,114,48.4,46.7,34.5 / 118,33.3 / 114
3166,PA,Blue,M,71,70.8,94.5,128,34.5,36.3,34.5,130,36.3,125,46.6,47.9,34.5 / 130,36.3 / 125
3166,PA,White,M,71,69.6,92.9,126,33.9,35.7,33.9,127,35.7,124,45.7,47.2,33.9 / 127,35.7 / 124
3166,PA,Gold,M,71,67.7,90.3,122,33.0,34.7,33.0,124,34.7,119,44.5,45.8,33.0 / 124,34.7 / 119
3166,PA,Gold/Green,M,71,65.7,87.5,118,32.1,33.6,32.1,121,33.6,114,43.3,44.2,32.1 / 121,33.6 / 114
3166,PA,Green,M,71,63.7,84.7,113,31.3,32.4,31.3,115,32.4,111,42.0,42.7,31.3 / 115,32.4 / 111
3166,PA,White,F,71,75.4,107.0,134,36.9,38.5,36.9,127,38.5,141,51.9,55.1,36.9 / 127,38.5 / 141
3166,PA,Gold,F,71,73.0,103.8,131,35.8,37.2,35.8,124,37.2,137,50.4,53.4,35.8 / 124,37.2 / 137
3166,PA,Gold/Green,F,71,70.5,100.0,125,34.7,35.8,34.7,119,35.8,131,48.7,51.3,34.7 / 119,35.8 / 131
3166,PA,Green,F,71,68.1,96.1,119,33.7,34.4,33.7,113,34.4,125,47.0,49.1,33.7 / 113,34.4 / 125
35979,PA,Quattrone,M,27,25.1,31.9,73,25.1,,25.1,73,,,31.9,,25.1 / 73,/
35979,PA,Quattrone,F,27,26.4,34.9,72,26.4,,26.4,72,,,34.9,,26.4 / 72,/
3221,PA,Black,M,72,72.8,96.7,129,36.0,36.8,36.0,125,36.8,132,47.6,49.1,36.0 / 125,36.8 / 132
3221,PA,Blue,M,72,71.6,95.0,126,35.3,36.3,35.3,123,36.3,129,46.7,48.3,35.3 / 123,36.3 / 129
3221,PA,White,M,72,70.6,93.6,124,35.0,35.6,35.0,121,35.6,127,46.2,47.4,35.0 / 121,35.6 / 127
3221,PA,White/Green,M,72,69.2,91.7,121,34.4,34.8,34.4,118,34.8,124,45.4,46.3,34.4 / 118,34.8 / 124
3221,PA,Green,M,72,67.8,89.8,119,33.7,34.1,33.7,116,34.1,121,44.5,45.3,33.7 / 116,34.1 / 121
3221,PA,Green/Gold,M,72,66.3,87.6,115,33.0,33.3,33.0,113,33.3,116,43.5,44.1,33.0 / 113,33.3 / 116
3221,PA,Gold,M,72,65.0,86.0,113,32.4,32.6,32.4,111,32.6,115,42.7,43.3,32.4 / 111,32.6 / 115
3221,PA,Family,M,72,61.0,80.4,104,30.5,30.5,30.5,103,30.5,105,40.1,40.3,30.5 / 103,30.5 / 105
3221,PA,Green,F,72,73.1,103.4,129,36.2,36.9,36.2,129,36.9,128,51.4,52.0,36.2 / 129,36.9 / 128
3221,PA,Red/Green,F,72,71.3,100.5,124,35.5,35.8,35.5,124,35.8,124,50.1,50.4,35.5 / 124,35.8 / 124
3221,PA,Red,F,72,69.7,98.2,121,34.7,35.0,34.7,121,35.0,120,49.0,49.2,34.7 / 121,35.0 / 120
3221,PA,Family,F,72,63.8,89.3,108,32.0,31.8,32.0,109,31.8,107,44.9,44.4,32.0 / 109,31.8 / 107
3161,PA,Black,M,71,75.3,102.5,147,37.4,37.9,37.4,140,37.9,153,50.4,52.1,37.4 / 140,37.9 / 153
3161,PA,Blue,M,71,73.9,100.7,145,36.7,37.2,36.7,137,37.2,152,49.4,51.3,36.7 / 137,37.2 / 152
3161,PA,Member,M,71,72.5,98.7,141,36.1,36.4,36.1,135,36.4,147,48.6,50.1,36.1 / 135,36.4 / 147
3161,PA,Green,M,71,71.9,97.8,139,35.8,36.1,35.8,133,36.1,145,48.2,49.6,35.8 / 133,36.1 / 145
3161,PA,White,M,71,70.9,96.4,137,35.4,35.5,35.4,131,35.5,143,47.6,48.8,35.4 / 131,35.5 / 143
3161,PA,Yellow,M,71,69.4,94.6,136,34.5,34.9,34.5,129,34.9,142,46.5,48.1,34.5 / 129,34.9 / 142
3161,PA,Orange,M,71,68.0,92.6,133,33.7,34.3,33.7,125,34.3,140,45.3,47.3,33.7 / 125,34.3 / 140
3161,PA,Red,M,71,66.7,90.7,130,33.0,33.7,33.0,123,33.7,136,44.4,46.3,33.0 / 123,33.7 / 136
3161,PA,Green,F,74,78.1,112.5,146,39.2,38.9,39.2,144,38.9,148,56.2,56.3,39.2 / 144,38.9 / 148
3161,PA,White,F,73,76.9,110.7,143,38.7,38.2,38.7,142,38.2,144,55.5,55.2,38.7 / 142,38.2 / 144
3161,PA,Yellow,F,73,75.1,108.1,140,37.6,37.5,37.6,138,37.5,142,53.9,54.2,37.6 / 138,37.5 / 142
3161,PA,Orange,F,73,73.4,105.8,138,36.6,36.8,36.6,136,36.8,139,52.6,53.2,36.6 / 136,36.8 / 139
3161,PA,Red,F,73,71.8,103.8,136,35.8,36.0,35.8,133,36.0,138,51.5,52.3,35.8 / 133,36.0 / 138
3080,PA,Black,M,71,73.8,99.6,139,36.4,37.4,36.4,133,37.4,144,48.8,50.8,36.4 / 133,37.4 / 144
3080,PA,Black/Blue,M,71,72.2,97.7,137,35.7,36.5,35.7,132,36.5,142,48.0,49.7,35.7 / 132,36.5 / 142
3080,PA,Blue,M,71,70.8,96.1,136,34.9,35.9,34.9,131,35.9,141,47.1,49.0,34.9 / 131,35.9 / 141
3080,PA,Blue/White,M,71,68.5,93.2,133,33.8,34.7,33.8,131,34.7,135,46.0,47.2,33.8 / 131,34.7 / 135
3080,PA,White,M,71,67.3,91.3,129,33.1,34.2,33.1,129,34.2,129,45.1,46.2,33.1 / 129,34.2 / 129
3080,PA,White/Orange,M,71,66.5,90.1,127,33.0,33.5,33.0,127,33.5,127,44.8,45.3,33.0 / 127,33.5 / 127
3080,PA,Orange,M,71,63.8,85.2,115,31.7,32.1,31.7,113,32.1,117,42.2,43.0,31.7 / 113,32.1 / 117
3080,PA,PGA Family,M,71,57.2,75.4,98,28.4,28.8,28.4,99,28.8,97,37.6,37.8,28.4 / 99,28.8 / 97
3080,PA,Black,F,74,79.4,112.3,140,38.9,40.5,38.9,135,40.5,144,54.8,57.5,38.9 / 135,40.5 / 144
3080,PA,Black/Blue,F,74,78.4,112.0,143,38.6,39.8,38.6,136,39.8,149,54.6,57.4,38.6 / 136,39.8 / 149
3080,PA,Blue,F,74,77.4,112.5,149,38.2,39.2,38.2,146,39.2,152,55.4,57.1,38.2 / 146,39.2 / 152
3080,PA,Blue/White,F,74,74.8,108.6,144,37.0,37.8,37.0,141,37.8,146,53.6,55.0,37.0 / 141,37.8 / 146
3080,PA,White,F,74,73.0,105.9,140,35.9,37.1,35.9,137,37.1,142,52.0,53.9,35.9 / 137,37.1 / 142
3080,PA,White/Orange,F,74,72.1,104.7,139,35.8,36.3,35.8,135,36.3,142,51.7,53.0,35.8 / 135,36.3 / 142
3080,PA,Orange,F,74,69.2,99.4,129,34.3,34.9,34.3,126,34.9,131,49.1,50.3,34.3 / 126,34.9 / 131
3080,PA,PGA Family,F,73,59.0,82.4,99,29.3,29.7,29.3,98,29.7,100,40.9,41.5,29.3 / 98,29.7 / 100
3259,PA,Black,M,70,70.8,94.9,130,35.2,35.6,35.2,129,35.6,130,47.2,47.7,35.2 / 129,35.6 / 130
3259,PA,Blue,M,70,69.3,92.8,127,34.5,34.8,34.5,126,34.8,127,46.2,46.6,34.5 / 126,34.8 / 127
3259,PA,Blue/Gold,M,70,67.3,90.1,123,33.9,33.4,33.9,124,33.4,122,45.4,44.7,33.9 / 124,33.4 / 122
3259,PA,Gold,M,70,66.7,89.2,122,33.5,33.2,33.5,122,33.2,121,44.8,44.4,33.5 / 122,33.2 / 121
3259,PA,Gold/Green,M,70,63.8,85.2,115,31.4,32.4,31.4,114,32.4,116,42.0,43.2,31.4 / 114,32.4 / 116
3259,PA,Green,M,70,62.2,83.0,112,30.7,31.5,30.7,111,31.5,113,41.0,42.0,30.7 / 111,31.5 / 113
3259,PA,Black,F,72,77.0,109.4,138,38.5,38.5,38.5,135,38.5,140,54.4,55.0,38.5 / 135,38.5 / 140
3259,PA,Gold,F,72,72.8,101.6,122,36.9,35.9,36.9,124,35.9,120,51.5,50.1,36.9 / 124,35.9 / 120
3259,PA,Red,F,72,70.9,100.2,124,35.5,35.4,35.5,122,35.4,126,49.9,50.3,35.5 / 122,35.4 / 126
3259,PA,Red/Green,F,72,67.7,95.5,118,33.2,34.5,33.2,113,34.5,123,46.5,49.0,33.2 / 113,34.5 / 123
3259,PA,Green,F,72,65.4,92.0,113,32.3,33.1,32.3,109,33.1,117,45.1,46.9,32.3 / 109,33.1 / 117
5457,PA,Blue,M,71,73.5,98.6,135,36.1,37.4,36.1,133,37.4,137,48.5,50.1,36.1 / 133,37.4 / 137
5457,PA,White,M,71,72.4,97.0,132,35.6,36.8,35.6,132,36.8,132,47.9,49.1,35.6 / 132,36.8 / 132
5457,PA,Gold,M,71,68.2,91.8,127,34.2,34.0,34.2,125,34.0,129,45.8,46.0,34.2 / 125,34.0 / 129
5457,PA,Red,M,71,68.0,91.2,125,33.7,34.3,33.7,124,34.3,126,45.2,46.0,33.7 / 124,34.3 / 126
5457,PA,Green,M,71,65.4,88.2,123,32.3,33.1,32.3,122,33.1,124,43.6,44.6,32.3 / 122,33.1 / 124
5457,PA,Silver,M,71,61.8,83.4,116,30.7,31.1,30.7,115,31.1,117,41.4,42.0,30.7 / 115,31.1 / 117
5457,PA,Blue,F,73,79.2,114.3,149,39.0,40.2,39.0,146,40.2,152,56.2,58.1,39.0 / 146,40.2 / 152
5457,PA,White,F,73,78.2,112.4,145,38.5,39.7,38.5,143,39.7,147,55.4,57.0,38.5 / 143,39.7 / 147
5457,PA,Gold,F,73,73.7,105.8,136,36.5,37.2,36.5,135,37.2,137,52.4,53.4,36.5 / 135,37.2 / 137
5457,PA,Red,F,73,73.4,105.0,134,36.2,37.2,36.2,134,37.2,134,52.0,53.0,36.2 / 134,37.2 / 134
5457,PA,Green,F,73,71.3,101.5,128,35.0,36.3,35.0,130,36.3,126,50.3,51.2,35.0 / 130,36.3 / 126
5457,PA,Silver,F,73,66.6,93.0,112,33.1,33.5,33.1,110,33.5,114,46.1,46.9,33.1 / 110,33.5 / 114
13517,PA,Blue,M,71,69.5,93.1,127,34.6,34.9,34.6,127,34.9,127,46.4,46.7,34.6 / 127,34.9 / 127
13517,PA,White,M,71,68.6,91.8,125,34.0,34.6,34.0,125,34.6,125,45.6,46.2,34.0 / 125,34.6 / 125
13517,PA,Gold,M,71,64.7,86.3,116,31.6,33.1,31.6,114,33.1,118,42.2,44.1,31.6 / 114,33.1 / 118
13517,PA,Gold,F,71,69.0,97.6,121,33.7,35.3,33.7,120,35.3,122,47.9,49.7,33.7 / 120,35.3 / 122
13517,PA,Red,F,71,67.9,95.7,118,33.3,34.6,33.3,120,34.6,116,47.4,48.3,33.3 / 120,34.6 / 116
5359,PA,Blue,M,71,71.3,94.5,125,35.6,35.7,35.6,127,35.7,123,47.4,47.1,35.6 / 127,35.7 / 123
5359,PA,Blue/White,M,71,70.3,93.3,124,35.2,35.1,35.2,127,35.1,121,47.0,46.3,35.2 / 127,35.1 / 121
5359,PA,White,M,71,68.7,91.1,121,34.3,34.4,34.3,121,34.4,121,45.5,45.6,34.3 / 121,34.4 / 121
5359,PA,White/Gold,M,71,67.3,89.5,119,33.6,33.7,33.6,119,33.7,119,44.7,44.8,33.6 / 119,33.7 / 119
5359,PA,Gold,M,71,65.8,87.5,117,32.7,33.1,32.7,115,33.1,118,43.4,44.1,32.7 / 115,33.1 / 118
5359,PA,Red,M,71,65.2,86.0,112,32.3,32.9,32.3,114,32.9,110,42.9,43.1,32.3 / 114,32.9 / 110
5359,PA,Red/Green,M,71,64.3,84.7,110,31.8,32.5,31.8,111,32.5,109,42.1,42.6,31.8 / 111,32.5 / 109
5359,PA,Blue,F,71,75.9,107.9,136,38.2,37.7,38.2,137,37.7,134,54.4,53.5,38.2 / 137,37.7 / 134
5359,PA,Blue/White,F,71,74.8,106.4,134,37.7,37.1,37.7,134,37.1,134,53.5,52.9,37.7 / 134,37.1 / 134
5359,PA,White,F,71,73.3,104.2,131,36.7,36.6,36.7,131,36.6,131,52.2,52.0,36.7 / 131,36.6 / 131
5359,PA,White/Gold,F,71,71.5,101.4,127,36.0,35.5,36.0,128,35.5,126,51.1,50.3,36.0 / 128,35.5 / 126
5359,PA,Gold,F,71,69.7,98.7,123,34.8,34.9,34.8,123,34.9,123,49.3,49.4,34.8 / 123,34.9 / 123
5359,PA,Red,F,71,68.9,97.2,120,34.4,34.5,34.4,121,34.5,119,48.7,48.5,34.4 / 121,34.5 / 119
5359,PA,Red/Green,F,71,67.8,95.4,117,33.8,34.0,33.8,117,34.0,117,47.6,47.8,33.8 / 117,34.0 / 117
7857,PA,Blue,M,71,71.3,94.9,127,36.2,35.1,36.2,129,35.1,125,48.2,46.7,36.2 / 129,35.1 / 125
7857,PA,White,M,70,69.5,92.9,126,35.6,33.9,35.6,128,33.9,124,47.5,45.4,35.6 / 128,33.9 / 124
7857,PA,Gold,M,70,67.5,90.1,122,34.7,32.8,34.7,124,32.8,119,46.2,43.9,34.7 / 124,32.8 / 119
7857,PA,Gold/Red,M,70,64.9,87.1,120,32.6,32.3,32.6,122,32.3,117,43.9,43.2,32.6 / 122,32.3 / 117
7857,PA,Red,M,70,63.9,85.8,118,32.1,31.8,32.1,121,31.8,115,43.3,42.5,32.1 / 121,31.8 / 115
7857,PA,Gold,F,71,73.0,103.1,128,37.9,35.1,37.9,131,35.1,125,53.3,49.8,37.9 / 131,35.1 / 125
7857,PA,Gold/Red,F,71,69.5,98.4,123,35.0,34.5,35.0,126,34.5,120,49.8,48.6,35.0 / 126,34.5 / 120
7857,PA,Red,F,71,68.1,96.0,119,34.3,33.8,34.3,124,33.8,113,48.9,47.1,34.3 / 124,33.8 / 113
13796,PA,Blue,M,72,71.0,94.0,124,35.8,35.2,35.8,128,35.2,119,47.7,46.3,35.8 / 128,35.2 / 119
13796,PA,White,M,72,69.8,92.4,122,35.0,34.8,35.0,126,34.8,117,46.7,45.7,35.0 / 126,34.8 / 117
13796,PA,Yellow,M,72,66.1,87.3,114,33.2,32.9,33.2,118,32.9,110,44.2,43.1,33.2 / 118,32.9 / 110
13796,PA,Red,M,72,63.7,84.1,110,31.9,31.8,31.9,113,31.8,107,42.4,41.7,31.9 / 113,31.8 / 107
13796,PA,Orange,M,72,62.0,81.9,107,30.8,31.2,30.8,109,31.2,105,40.9,41.0,30.8 / 109,31.2 / 105
13796,PA,Blue,F,72,76.8,108.8,136,38.8,38.0,38.8,139,38.0,132,55.2,53.6,38.8 / 139,38.0 / 132
13796,PA,White,F,72,75.4,106.7,133,37.9,37.5,37.9,136,37.5,130,53.9,52.8,37.9 / 136,37.5 / 130
13796,PA,Yellow,F,72,71.0,100.1,123,35.7,35.3,35.7,126,35.3,120,50.6,49.5,35.7 / 126,35.3 / 120
13796,PA,Red,F,72,68.3,96.3,119,34.0,34.3,34.0,120,34.3,118,48.1,48.2,34.0 / 120,34.3 / 118
13796,PA,Orange,F,72,65.4,91.6,111,32.1,33.3,32.1,110,33.3,112,45.1,46.5,32.1 / 110,33.3 / 112
20877,PA,White/Blue,M,70,69.5,93.7,130,35.1,34.4,35.1,127,34.4,133,46.9,46.8,35.1 / 127,34.4 / 133
20877,PA,Red/Gold,M,70,64.9,87.4,121,32.7,32.2,32.7,116,32.2,126,43.5,43.9,32.7 / 116,32.2 / 126
20877,PA,White/Blue,F,70,74.7,105.4,130,37.7,37.0,37.7,132,37.0,128,53.3,52.1,37.7 / 132,37.0 / 128
20877,PA,Red/Gold,F,70,69.1,97.0,118,34.8,34.3,34.8,120,34.3,116,49.0,48.0,34.8 / 120,34.3 / 116
5453,PA,White,M,71,69.3,92.3,124,34.0,35.3,34.0,123,35.3,125,45.4,46.9,34.0 / 123,35.3 / 125
5453,PA,Gold,M,71,66.0,86.0,108,32.5,33.5,32.5,108,33.5,108,42.5,43.5,32.5 / 108,33.5 / 108
5453,PA,Red,M,71,63.3,82.8,105,31.4,31.9,31.4,107,31.9,103,41.3,41.5,31.4 / 107,31.9 / 103
5453,PA,White,F,71,74.7,103.2,121,37.0,37.7,37.0,119,37.7,123,51.0,52.2,37.0 / 119,37.7 / 123
5453,PA,Gold,F,71,70.7,97.3,113,35.1,35.6,35.1,112,35.6,114,48.3,49.0,35.1 / 112,35.6 / 114
5453,PA,Red,F,71,67.5,92.9,108,33.8,33.7,33.8,108,33.7,108,46.5,46.4,33.8 / 108,33.7 / 108
3244,PA,Blue,M,71,71.4,95.5,130,35.4,36.0,35.4,128,36.0,131,47.3,48.2,35.4 / 128,36.0 / 131
3244,PA,Blue/White,M,71,70.2,94.1,129,34.9,35.3,34.9,127,35.3,130,46.7,47.4,34.9 / 127,35.3 / 130
3244,PA,White,M,71,69.4,93.3,129,34.3,35.1,34.3,127,35.1,130,46.1,47.2,34.3 / 127,35.1 / 130
3244,PA,White/Yellow,M,71,67.0,89.9,124,33.1,33.9,33.1,122,33.9,125,44.4,45.5,33.1 / 122,33.9 / 125
3244,PA,Yellow,M,71,65.5,87.8,120,32.1,33.4,32.1,116,33.4,124,42.9,44.9,32.1 / 116,33.4 / 124
3244,PA,Red,M,71,64.7,86.3,116,31.7,33.0,31.7,114,33.0,118,42.3,44.0,31.7 / 114,33.0 / 118
3244,PA,White,F,71,74.6,106.3,135,36.9,37.7,36.9,132,37.7,137,52.5,53.8,36.9 / 132,37.7 / 137
3244,PA,Yellow,F,71,69.9,99.3,125,34.1,35.8,34.1,120,35.8,129,48.3,51.0,34.1 / 120,35.8 / 129
3244,PA,Red,F,71,68.9,97.8,123,33.7,35.2,33.7,120,35.2,126,47.8,50.0,33.7 / 120,35.2 / 126
3244,PA,Pink,F,71,68.2,96.7,121,33.7,34.5,33.7,120,34.5,122,47.8,48.9,33.7 / 120,34.5 / 122
20978,PA,Black,M,71,73.0,97.9,134,36.4,36.6,36.4,127,36.6,141,48.2,49.7,36.4 / 127,36.6 / 141
20978,PA,Gold,M,71,72.4,96.3,129,36.0,36.4,36.0,127,36.4,130,47.8,48.5,36.0 / 127,36.4 / 130
20978,PA,Blue,M,71,70.9,94.6,128,35.6,35.3,35.6,125,35.3,130,47.2,47.4,35.6 / 125,35.3 / 130
20978,PA,White,M,71,68.9,92.0,125,34.6,34.3,34.6,121,34.3,128,45.8,46.2,34.6 / 121,34.3 / 128
20978,PA,Green,M,71,66.1,87.9,117,33.3,32.8,33.3,115,32.8,119,44.0,43.9,33.3 / 115,32.8 / 119
20978,PA,Silver,M,71,64.5,85.7,114,32.6,31.9,32.6,112,31.9,116,43.0,42.7,32.6 / 112,31.9 / 116
20978,PA,Granite,M,71,60.5,80.2,106,30.5,30.0,30.5,103,30.0,109,40.1,40.1,30.5 / 103,30.0 / 109
20978,PA,Green,F,71,71.4,100.5,123,35.7,35.7,35.7,120,35.7,126,49.9,50.6,35.7 / 120,35.7 / 126
20978,PA,Silver,F,71,69.2,97.5,120,34.8,34.4,34.8,117,34.4,123,48.6,48.9,34.8 / 117,34.4 / 123
20978,PA,Granite,F,71,62.8,88.1,107,31.5,31.3,31.5,103,31.3,111,43.7,44.4,31.5 / 103,31.3 / 111
35496,PA,Black,M,69,71.6,95.6,129,36.4,35.2,36.4,127,35.2,131,48.2,47.4,36.4 / 127,35.2 / 131
35496,PA,Gold,M,69,70.8,94.3,127,36.0,34.8,36.0,127,34.8,126,47.8,46.5,36.0 / 127,34.8 / 126
35496,PA,Blue,M,69,69.4,92.7,126,35.6,33.8,35.6,125,33.8,126,47.2,45.5,35.6 / 125,33.8 / 126
35496,PA,White,M,69,67.5,90.1,122,34.6,32.9,34.6,121,32.9,123,45.8,44.3,34.6 / 121,32.9 / 123
35496,PA,Green,M,69,64.8,86.1,115,33.3,31.5,33.3,115,31.5,114,44.0,42.1,33.3 / 115,31.5 / 114
35496,PA,Silver,M,69,63.4,84.2,112,32.5,30.9,32.5,112,30.9,112,42.9,41.3,32.5 / 112,30.9 / 112
35496,PA,Green,F,69,69.6,97.9,120,35.7,33.9,35.7,120,33.9,120,49.9,48.0,35.7 / 120,33.9 / 120
35496,PA,Silver,F,69,67.6,95.0,116,34.8,32.8,34.8,117,32.8,115,48.6,46.4,34.8 / 117,32.8 / 115
20977,PA,Black,M,72,74.7,100.7,140,36.6,38.1,36.6,141,38.1,139,49.7,51.0,36.6 / 141,38.1 / 139
20977,PA,Gold,M,72,74.0,99.1,135,36.4,37.6,36.4,130,37.6,140,48.5,50.6,36.4 / 130,37.6 / 140
20977,PA,Blue,M,72,71.7,96.5,134,35.3,36.4,35.3,130,36.4,137,47.4,49.1,35.3 / 130,36.4 / 137
20977,PA,White,M,72,70.0,94.0,129,34.3,35.7,34.3,128,35.7,130,46.2,47.8,34.3 / 128,35.7 / 130
20977,PA,Green,M,72,67.6,90.3,122,32.8,34.8,32.8,119,34.8,125,43.9,46.4,32.8 / 119,34.8 / 125
20977,PA,Silver,M,72,65.6,87.7,119,31.9,33.7,31.9,116,33.7,122,42.7,45.0,31.9 / 116,33.7 / 122
20977,PA,Granite,M,72,61.1,81.5,110,30.0,31.1,30.0,109,31.1,111,40.1,41.4,30.0 / 109,31.1 / 111
20977,PA,Green,F,72,72.9,104.0,132,35.7,37.2,35.7,126,37.2,137,50.6,53.4,35.7 / 126,37.2 / 137
20977,PA,Silver,F,70,70.9,100.6,126,34.4,36.5,34.4,123,36.5,129,48.9,51.7,34.4 / 123,36.5 / 129
20977,PA,Granite,F,72,64.3,90.8,113,31.3,33.0,31.3,111,33.0,114,44.4,46.4,31.3 / 111,33.0 / 114
20979,PA,Black,M,73,74.5,99.2,133,38.1,36.4,38.1,139,36.4,127,51.0,48.2,38.1 / 139,36.4 / 127
20979,PA,Gold,M,73,73.6,98.1,132,37.6,36.0,37.6,138,36.0,126,50.4,47.7,37.6 / 138,36.0 / 126
20979,PA,Blue,M,73,72.0,96.3,131,36.4,35.6,36.4,137,35.6,125,49.1,47.2,36.4 / 137,35.6 / 125
20979,PA,White,M,73,70.3,93.6,126,35.7,34.6,35.7,130,34.6,121,47.8,45.8,35.7 / 130,34.6 / 121
20979,PA,Green,M,73,68.1,90.4,120,34.8,33.3,34.8,125,33.3,115,46.4,44.0,34.8 / 125,33.3 / 115
20979,PA,Silver,M,73,66.3,88.0,117,33.7,32.6,33.7,122,32.6,112,45.0,43.0,33.7 / 122,32.6 / 112
20979,PA,Granite,M,73,61.6,81.5,107,31.1,30.5,31.1,111,30.5,103,41.4,40.1,31.1 / 111,30.5 / 103
20979,PA,Green,F,73,72.9,103.3,129,37.2,35.7,37.2,137,35.7,120,53.4,49.9,37.2 / 137,35.7 / 120
20979,PA,Silver,F,71,71.3,100.3,123,36.5,34.8,36.5,129,34.8,117,51.7,48.6,36.5 / 129,34.8 / 117
20979,PA,Granite,F,73,64.5,90.1,109,33.0,31.5,33.0,114,31.5,103,46.4,43.7,33.0 / 114,31.5 / 103
3239,PA,I,M,72,74.1,99.4,136,37.6,36.5,37.6,142,36.5,130,50.8,48.6,37.6 / 142,36.5 / 130
3239,PA,II,M,72,71.9,96.3,131,36.1,35.8,36.1,133,35.8,129,48.5,47.8,36.1 / 133,35.8 / 129
3239,PA,III,M,72,69.7,93.4,128,34.5,35.2,34.5,128,35.2,127,46.4,47.0,34.5 / 128,35.2 / 127
3239,PA,IV,M,72,68.2,91.6,126,33.9,34.3,33.9,128,34.3,124,45.8,45.8,33.9 / 128,34.3 / 124
3239,PA,V,M,72,61.1,82.3,114,30.9,30.2,30.9,117,30.2,111,41.8,40.5,30.9 / 117,30.2 / 111
3239,PA,II,F,72,78.0,110.6,138,39.4,38.6,39.4,143,38.6,133,56.3,54.3,39.4 / 143,38.6 / 133
3239,PA,III,F,72,75.4,106.6,133,37.5,37.9,37.5,135,37.9,130,53.4,53.2,37.5 / 135,37.9 / 130
3239,PA,IV,F,73,73.5,104.0,129,36.6,36.9,36.6,132,36.9,126,52.2,51.8,36.6 / 132,36.9 / 126
3239,PA,V,F,73,63.7,89.8,111,32.6,31.1,32.6,113,31.1,109,45.9,43.9,32.6 / 113,31.1 / 109
5362,PA,Green,M,70,71.3,95.3,129,35.9,35.4,35.9,129,35.4,129,47.9,47.4,35.9 / 129,35.4 / 129
5362,PA,White,M,70,69.0,92.0,124,34.1,34.9,34.1,122,34.9,126,45.4,46.6,34.1 / 122,34.9 / 126
5362,PA,Gold,M,70,67.0,87.8,112,33.2,33.8,33.2,111,33.8,113,43.5,44.3,33.2 / 111,33.8 / 113
5362,PA,Red,M,70,62.4,82.8,110,31.1,31.3,31.1,108,31.3,112,41.1,41.7,31.1 / 108,31.3 / 112
5362,PA,Green,F,70,76.1,106.8,130,37.9,38.2,37.9,127,38.2,133,52.9,53.9,37.9 / 127,38.2 / 133
5362,PA,White,F,70,73.4,102.7,124,36.3,37.1,36.3,120,37.1,128,50.5,52.2,36.3 / 120,37.1 / 128
5362,PA,Gold,F,70,70.2,97.8,117,34.8,35.4,34.8,114,35.4,120,48.2,49.6,34.8 / 114,35.4 / 120
5362,PA,Red,F,70,66.2,91.0,105,32.8,33.4,32.8,105,33.4,105,45.2,45.8,32.8 / 105,33.4 / 105
21020,PA,Blue,M,70,70.9,95.1,130,35.5,35.4,35.5,129,35.4,131,47.5,47.6,35.5 / 129,35.4 / 131
21020,PA,White,M,70,69.4,93.2,128,34.8,34.6,34.8,127,34.6,129,46.6,46.6,34.8 / 127,34.6 / 129
21020,PA,Red,F,72,69.6,97.3,118,34.7,34.9,34.7,119,34.9,116,48.7,48.6,34.7 / 119,34.9 / 116
32248,PA,Blue,M,36,35.2,46.7,124,35.2,,35.2,124,,,46.7,,35.2 / 124,/
32248,PA,White,M,36,34.8,46.1,122,34.8,,34.8,122,,,46.1,,34.8 / 122,/
32248,PA,Red,F,36,34.5,48.6,120,34.5,,34.5,120,,,48.6,,34.5 / 120,/
3279,PA,Blue,M,72,70.0,93.1,125,34.8,35.2,34.8,121,35.2,128,46.0,47.1,34.8 / 121,35.2 / 128
3279,PA,White,M,72,68.2,90.9,122,33.8,34.4,33.8,118,34.4,126,44.8,46.1,33.8 / 118,34.4 / 126
3279,PA,Gold,M,72,64.5,85.1,111,32.5,32.0,32.5,108,32.0,114,42.5,42.6,32.5 / 108,32.0 / 114
3279,PA,Forward,M,72,64.0,84.3,110,32.2,31.8,32.2,108,31.8,111,42.2,42.1,32.2 / 108,31.8 / 111
3279,PA,White,F,72,72.0,102.6,130,36.2,35.8,36.2,124,35.8,136,50.8,51.8,36.2 / 124,35.8 / 136
3279,PA,Gold,F,72,67.2,95.2,119,34.4,32.8,34.4,116,32.8,121,48.1,47.1,34.4 / 116,32.8 / 121
3279,PA,Forward,F,72,66.4,94.2,118,34.0,32.4,34.0,114,32.4,121,47.5,46.7,34.0 / 114,32.4 / 121
5354,PA,Blue,M,72,73.3,97.3,129,37.1,36.2,37.1,130,36.2,128,49.2,48.1,37.1 / 130,36.2 / 128
5354,PA,Blue/White,M,72,72.1,95.5,126,36.3,35.8,36.3,126,35.8,126,48.0,47.5,36.3 / 126,35.8 / 126
5354,PA,White,M,72,71.4,94.2,123,36.0,35.4,36.0,125,35.4,121,47.6,46.6,36.0 / 125,35.4 / 121
5354,PA,Red,M,72,66.4,87.2,112,33.3,33.1,33.3,112,33.1,112,43.7,43.5,33.3 / 112,33.1 / 112
5354,PA,White,F,72,77.3,108.2,131,39.1,38.2,39.1,131,38.2,131,54.5,53.7,39.1 / 131,38.2 / 131
5354,PA,Red,F,72,71.6,99.9,120,36.0,35.6,36.0,120,35.6,120,50.1,49.8,36.0 / 120,35.6 / 120
3262,PA,Black,M,72,73.2,98.2,135,36.6,36.6,36.6,133,36.6,136,49.0,49.2,36.6 / 133,36.6 / 136
3262,PA,Blue,M,72,71.7,96.0,131,35.8,35.9,35.8,129,35.9,132,47.8,48.2,35.8 / 129,35.9 / 132
3262,PA,White,M,72,69.8,93.2,126,34.7,35.1,34.7,123,35.1,129,46.1,47.1,34.7 / 123,35.1 / 129
3262,PA,Gold,M,72,66.1,88.0,118,32.8,33.3,32.8,114,33.3,122,43.4,44.6,32.8 / 114,33.3 / 122
3262,PA,Red,M,72,65.4,87.3,118,32.5,32.9,32.5,116,32.9,119,43.3,44.0,32.5 / 116,32.9 / 119
3262,PA,White,F,72,75.5,106.9,133,37.2,38.3,37.2,131,38.3,135,52.7,54.2,37.2 / 131,38.3 / 135
3262,PA,Gold,F,72,70.7,100.3,126,34.9,35.8,34.9,121,35.8,130,49.2,51.1,34.9 / 121,35.8 / 130
3262,PA,Red,F,72,69.8,98.9,124,34.6,35.2,34.6,119,35.2,128,48.6,50.3,34.6 / 119,35.2 / 128
33694,PA,White,M,72,67.1,88.3,114,33.1,34.0,33.1,109,34.0,119,43.2,45.1,33.1 / 109,34.0 / 119
33694,PA,Gold,M,72,64.3,84.4,108,31.9,32.4,31.9,103,32.4,113,41.5,42.9,31.9 / 103,32.4 / 113
33694,PA,Red,M,72,61.7,80.6,102,30.7,31.0,30.7,97,31.0,107,39.7,40.9,30.7 / 97,31.0 / 107
33694,PA,White,F,72,71.8,99.5,118,35.2,36.6,35.2,116,36.6,119,48.9,50.6,35.2 / 116,36.6 / 119
33694,PA,Gold,F,72,68.6,94.7,111,33.9,34.7,33.9,110,34.7,111,46.9,47.8,33.9 / 110,34.7 / 111
33694,PA,Red,F,72,64.5,88.5,102,31.8,32.7,31.8,102,32.7,102,43.8,44.7,31.8 / 102,32.7 / 102
5372,PA,I,M,71,73.4,98.8,137,35.8,37.6,35.8,133,37.6,140,48.2,50.6,35.8 / 133,37.6 / 140
5372,PA,I/II,M,71,72.2,97.1,134,35.4,36.8,35.4,128,36.8,140,47.3,49.8,35.4 / 128,36.8 / 140
5372,PA,II,M,71,72.0,96.6,133,35.3,36.7,35.3,126,36.7,140,47.0,49.7,35.3 / 126,36.7 / 140
5372,PA,II/III,M,71,71.5,96.2,133,35.1,36.4,35.1,124,36.4,142,46.6,49.6,35.1 / 124,36.4 / 142
5372,PA,III,M,71,70.7,95.2,132,34.6,36.1,34.6,123,36.1,141,46.0,49.2,34.6 / 123,36.1 / 141
5372,PA,III/IV,M,71,68.5,91.9,126,33.5,35.0,33.5,118,35.0,133,44.5,47.4,33.5 / 118,35.0 / 133
5372,PA,IV,M,71,67.4,90.1,122,32.7,34.7,32.7,116,34.7,128,43.5,46.6,32.7 / 116,34.7 / 128
5372,PA,IV/V,M,71,65.3,87.5,120,31.8,33.5,31.8,121,33.5,118,43.0,44.5,31.8 / 121,33.5 / 118
5372,PA,V,M,71,64.7,86.1,115,31.5,33.2,31.5,114,33.2,116,42.1,44.0,31.5 / 114,33.2 / 116
5372,PA,I,F,72,79.2,113.1,144,38.4,40.8,38.4,140,40.8,148,54.9,58.2,38.4 / 140,40.8 / 148
5372,PA,I/II,F,72,78.0,110.6,138,38.0,40.0,38.0,132,40.0,144,53.6,57.0,38.0 / 132,40.0 / 144
5372,PA,II,F,72,77.5,109.9,137,37.6,39.9,37.6,132,39.9,142,53.2,56.7,37.6 / 132,39.9 / 142
5372,PA,II/III,F,72,76.0,108.0,136,37.0,39.0,37.0,131,39.0,140,52.5,55.5,37.0 / 131,39.0 / 140
5372,PA,III,F,72,75.2,106.8,134,36.5,38.7,36.5,130,38.7,138,51.8,55.0,36.5 / 130,38.7 / 138
5372,PA,III/IV,F,72,73.3,104.8,134,35.5,37.8,35.5,130,37.8,137,50.8,54.0,35.5 / 130,37.8 / 137
5372,PA,IV,F,72,72.3,102.7,129,35.0,37.3,35.0,124,37.3,134,49.6,53.1,35.0 / 124,37.3 / 134
5372,PA,IV/V,F,72,71.1,100.2,124,34.5,36.6,34.5,120,36.6,127,48.6,51.6,34.5 / 120,36.6 / 127
5372,PA,V,F,72,70.7,99.4,122,34.3,36.4,34.3,118,36.4,126,48.2,51.2,34.3 / 118,36.4 / 126
5389,PA,Blue,M,72,72.3,95.9,127,36.2,36.1,36.2,125,36.1,129,47.8,48.1,36.2 / 125,36.1 / 129
5389,PA,White,M,72,70.6,93.6,124,35.2,35.4,35.2,123,35.4,125,46.6,47.0,35.2 / 123,35.4 / 125
5389,PA,Gold,M,72,67.0,87.8,112,33.2,33.8,33.2,109,33.8,115,43.3,44.5,33.2 / 109,33.8 / 115
5389,PA,Red,M,72,64.3,83.7,104,32.2,32.1,32.2,105,32.1,103,42.0,41.7,32.2 / 105,32.1 / 103
5389,PA,Blue,F,72,78.5,110.5,136,39.2,39.3,39.2,137,39.3,135,55.3,55.2,39.2 / 137,39.3 / 135
5389,PA,White,F,72,76.5,107.4,131,38.0,38.5,38.0,131,38.5,131,53.5,53.9,38.0 / 131,38.5 / 131
5389,PA,Gold,F,72,72.0,100.8,122,35.4,36.6,35.4,122,36.6,122,49.8,51.0,35.4 / 122,36.6 / 122
5389,PA,Red,F,72,69.0,96.6,117,34.4,34.6,34.4,118,34.6,116,48.3,48.3,34.4 / 118,34.6 / 116
17977,PA,Blue,M,72,73.8,97.4,127,36.6,37.2,36.6,125,37.2,129,48.2,49.2,36.6 / 125,37.2 / 129
17977,PA,White,M,72,70.8,93.6,123,35.3,35.5,35.3,122,35.5,124,46.6,47.0,35.3 / 122,35.5 / 124
17977,PA,Hybrid,M,72,69.4,90.0,111,34.5,34.9,34.5,110,34.9,112,44.7,45.3,34.5 / 110,34.9 / 112
17977,PA,Super Hyrbid,M,72,67.2,87.2,108,33.3,33.9,33.3,107,33.9,109,43.2,44.0,33.3 / 107,33.9 / 109
17977,PA,Yellow,M,72,66.7,88.1,115,33.4,33.3,33.4,112,33.3,118,43.8,44.3,33.4 / 112,33.3 / 118
17977,PA,Orange,M,72,63.6,84.0,110,31.8,31.8,31.8,109,31.8,111,41.9,42.1,31.8 / 109,31.8 / 111
17977,PA,Green,M,72,60.7,79.5,101,30.2,30.5,30.2,98,30.5,104,39.3,40.2,30.2 / 98,30.5 / 104
17977,PA,Blue,F,72,80.6,112.7,136,39.9,40.7,39.9,132,40.7,140,55.5,57.2,39.9 / 132,40.7 / 140
17977,PA,White,F,72,77.2,107.7,129,38.6,38.6,38.6,126,38.6,132,53.5,54.2,38.6 / 126,38.6 / 132
17977,PA,Yellow,F,72,72.3,100.2,118,36.1,36.2,36.1,115,36.2,121,49.7,50.5,36.1 / 115,36.2 / 121
17977,PA,Orange,F,72,68.7,94.8,111,34.5,34.2,34.5,108,34.2,114,47.2,47.6,34.5 / 108,34.2 / 114
17977,PA,Green,F,72,64.4,88.2,101,32.2,32.2,32.2,98,32.2,104,43.7,44.5,32.2 / 98,32.2 / 104
3170,PA,I,M,72,71.8,97.1,137,35.9,35.9,35.9,136,35.9,137,48.5,48.6,35.9 / 136,35.9 / 137
3170,PA,II,M,72,70.0,94.5,132,35.2,34.8,35.2,132,34.8,131,47.5,47.0,35.2 / 132,34.8 / 131
3170,PA,III,M,72,68.1,91.9,128,34.5,33.6,34.5,130,33.6,126,46.6,45.3,34.5 / 130,33.6 / 126
3170,PA,IV,M,72,65.4,88.1,123,33.0,32.4,33.0,123,32.4,122,44.4,43.7,33.0 / 123,32.4 / 122
3170,PA,III,F,72,73.3,104.6,133,37.1,36.2,37.1,134,36.2,131,52.9,51.7,37.1 / 134,36.2 / 131
3170,PA,IV,F,72,70.2,99.9,126,35.4,34.8,35.4,126,34.8,126,50.3,49.6,35.4 / 126,34.8 / 126
3170,PA,V,F,72,68.4,97.0,122,34.6,33.8,34.6,123,33.8,120,49.1,47.9,34.6 / 123,33.8 / 120
3204,PA,Black,M,72,72.0,97.7,139,36.1,35.9,36.1,141,35.9,136,49.2,48.5,36.1 / 141,35.9 / 136
3204,PA,Green,M,72,70.7,95.8,135,35.5,35.2,35.5,138,35.2,132,48.3,47.5,35.5 / 138,35.2 / 132
3204,PA,Blue,M,72,67.5,91.7,130,33.8,33.7,33.8,132,33.7,128,46.1,45.6,33.8 / 132,33.7 / 128
3204,PA,Forward/Red,M,72,66.8,90.5,128,33.5,33.3,33.5,130,33.3,125,45.6,44.9,33.5 / 130,33.3 / 125
3204,PA,Blue,F,72,73.2,104.1,131,36.7,36.5,36.7,133,36.5,129,52.4,51.7,36.7 / 133,36.5 / 129
3204,PA,Forward/Red,F,72,71.8,102.2,129,36.1,35.7,36.1,131,35.7,126,51.6,50.6,36.1 / 131,35.7 / 126
5403,PA,Blue,M,72,72.0,96.2,130,35.1,36.9,35.1,128,36.9,132,47.0,49.2,35.1 / 128,36.9 / 132
5403,PA,White,M,72,70.7,94.7,129,34.6,36.1,34.6,128,36.1,130,46.5,48.2,34.6 / 128,36.1 / 130
5403,PA,Gold,M,72,67.5,89.6,119,33.4,34.1,33.4,122,34.1,116,44.7,44.9,33.4 / 122,34.1 / 116
5403,PA,Red,M,72,66.0,87.8,117,32.7,33.3,32.7,119,33.3,115,43.8,44.0,32.7 / 119,33.3 / 115
5403,PA,Orange,M,74,60.4,80.3,107,29.9,30.5,29.9,110,30.5,104,40.1,40.2,29.9 / 110,30.5 / 104
5403,PA,Blue,F,74,78.0,109.6,134,37.8,40.2,37.8,131,40.2,137,53.2,56.4,37.8 / 131,40.2 / 137
5403,PA,White,F,74,76.6,107.7,132,37.6,39.0,37.6,130,39.0,134,52.9,54.8,37.6 / 130,39.0 / 134
5403,PA,Gold,F,74,72.9,102.4,125,36.0,36.9,36.0,126,36.9,124,50.9,51.5,36.0 / 126,36.9 / 124
5403,PA,Red,F,74,71.6,100.2,121,35.6,36.0,35.6,121,36.0,121,49.9,50.3,35.6 / 121,36.0 / 121
5403,PA,Orange,F,74,62.4,86.7,103,30.8,31.6,30.8,103,31.6,103,42.9,43.8,30.8 / 103,31.6 / 103
5363,PA,Blue,M,72,71.1,95.4,131,35.0,36.1,35.0,128,36.1,133,46.9,48.5,35.0 / 128,36.1 / 133
5363,PA,White,M,72,69.9,93.7,128,34.4,35.5,34.4,126,35.5,130,46.1,47.6,34.4 / 126,35.5 / 130
5363,PA,White/Gold,M,72,68.8,91.7,123,33.8,35.0,33.8,118,35.0,128,44.8,46.9,33.8 / 118,35.0 / 128
5363,PA,Gold,M,72,67.0,87.7,111,32.5,34.5,32.5,105,34.5,117,42.3,45.4,32.5 / 105,34.5 / 117
5363,PA,Red,M,72,64.8,84.7,107,31.2,33.6,31.2,101,33.6,113,40.6,44.1,31.2 / 101,33.6 / 113
5363,PA,Blue,F,74,78.2,111.5,142,38.2,40.0,38.2,136,40.0,147,54.2,57.3,38.2 / 136,40.0 / 147
5363,PA,White,F,74,76.3,108.6,137,37.1,39.2,37.1,131,39.2,143,52.5,56.1,37.1 / 131,39.2 / 143
5363,PA,White/Gold,F,74,74.8,105.8,132,36.3,38.5,36.3,126,38.5,137,51.2,54.6,36.3 / 126,38.5 / 137
5363,PA,Gold,F,74,72.1,102.2,128,34.6,37.5,34.6,123,37.5,132,49.1,53.1,34.6 / 123,37.5 / 132
5363,PA,Red,F,74,69.2,98.3,124,32.7,36.5,32.7,116,36.5,131,46.4,51.9,32.7 / 116,36.5 / 131
14863,PA,Gold,M,72,74.2,98.9,133,37.3,36.9,37.3,139,36.9,127,50.2,48.7,37.3 / 139,36.9 / 127
14863,PA,Blue,M,72,72.1,96.0,129,36.2,35.9,36.2,135,35.9,123,48.7,47.3,36.2 / 135,35.9 / 123
14863,PA,White,M,72,69.8,92.8,124,34.9,34.9,34.9,129,34.9,118,46.9,45.9,34.9 / 129,34.9 / 118
14863,PA,Green,M,72,66.7,88.7,119,33.6,33.1,33.6,124,33.1,113,45.1,43.6,33.6 / 124,33.1 / 113
14863,PA,Red,M,71,64.8,85.3,111,32.3,32.5,32.3,112,32.5,109,42.7,42.6,32.3 / 112,32.5 / 109
14863,PA,White,F,72,74.6,104.6,127,37.1,37.5,37.1,128,37.5,126,52.2,52.4,37.1 / 128,37.5 / 126
14863,PA,Green,F,72,71.5,100.8,125,36.0,35.5,36.0,130,35.5,119,51.3,49.5,36.0 / 130,35.5 / 119
14863,PA,Red,F,72,69.9,98.5,121,35.0,34.9,35.0,126,34.9,116,49.9,48.6,35.0 / 126,34.9 / 116
26694,PA,Back,M,34,31.6,41.7,109,31.6,,31.6,109,,,41.7,,31.6 / 109,/
26694,PA,Middle,M,34,30.9,40.8,107,30.9,,30.9,107,,,40.8,,30.9 / 107,/
26694,PA,Forward,M,34,30.5,40.3,105,30.5,,30.5,105,,,40.3,,30.5 / 105,/
26694,PA,Back,F,34,33.7,47.1,114,33.7,,33.7,114,,,47.1,,33.7 / 114,/
26694,PA,Middle,F,34,32.4,45.2,109,32.4,,32.4,109,,,45.2,,32.4 / 109,/
26694,PA,Forward,F,34,31.5,44.0,106,31.5,,31.5,106,,,44.0,,31.5 / 106,/
26506,PA,Blue,M,72,71.7,97.9,141,35.5,36.2,35.5,138,36.2,144,48.3,49.6,35.5 / 138,36.2 / 144
26506,PA,White,M,72,70.5,96.3,139,34.7,35.8,34.7,136,35.8,142,47.3,49.0,34.7 / 136,35.8 / 142
26506,PA,Gold,M,72,66.7,89.2,121,32.7,34.0,32.7,117,34.0,125,43.6,45.6,32.7 / 117,34.0 / 125
26506,PA,Red,F,72,69.3,98.3,123,33.5,35.8,33.5,118,35.8,128,47.4,50.9,33.5 / 118,35.8 / 128
3266,PA,Black,M,71,69.3,92.0,122,35.6,33.7,35.6,126,33.7,118,47.3,44.7,35.6 / 126,33.7 / 118
3266,PA,Blue,M,71,68.3,90.6,120,34.9,33.4,34.9,123,33.4,117,46.3,44.3,34.9 / 123,33.4 / 117
3266,PA,Green,M,71,66.2,87.9,117,33.7,32.5,33.7,118,32.5,115,44.7,43.2,33.7 / 118,32.5 / 115
3266,PA,White,M,71,64.1,84.7,111,32.1,32.0,32.1,111,32.0,111,42.4,42.3,32.1 / 111,32.0 / 111
3266,PA,Green,F,71,70.7,100.4,126,36.0,34.7,36.0,129,34.7,123,51.2,49.2,36.0 / 129,34.7 / 123
3266,PA,White,F,71,68.9,97.7,122,34.5,34.4,34.5,122,34.4,122,48.9,48.8,34.5 / 122,34.4 / 122
28996,PA,Black,M,36,35.1,46.9,127,35.1,,35.1,127,,,46.9,,35.1 / 127,/
28996,PA,Blue,M,36,34.8,46.5,126,34.8,,34.8,126,,,46.5,,34.8 / 126,/
28996,PA,Green,M,36,33.9,45.2,122,33.9,,33.9,122,,,45.2,,33.9 / 122,/
28996,PA,White,M,36,32.5,43.3,116,32.5,,32.5,116,,,43.3,,32.5 / 116,/
28996,PA,Green,F,36,36.1,51.4,130,36.1,,36.1,130,,,51.4,,36.1 / 130,/
28996,PA,White,F,36,34.8,49.4,124,34.8,,34.8,124,,,49.4,,34.8 / 124,/
5459,PA,Black,M,71,70.5,94.3,128,35.9,34.6,35.9,140,34.6,116,48.9,45.4,35.9 / 140,34.6 / 116
5459,PA,Combo,M,71,69.3,92.2,124,35.0,34.3,35.0,135,34.3,112,47.5,44.7,35.0 / 135,34.3 / 112
5459,PA,Gold,M,71,68.2,89.9,117,34.8,33.4,34.8,125,33.4,109,46.4,43.5,34.8 / 125,33.4 / 109
5459,PA,Red,M,71,65.3,86.4,114,33.1,32.2,33.1,121,32.2,107,44.3,42.1,33.1 / 121,32.2 / 107
5459,PA,Silver,M,71,60.0,79.9,107,30.4,29.6,30.4,110,29.6,104,40.6,39.3,30.4 / 110,29.6 / 104
5459,PA,Black,F,73,76.5,107.9,134,38.9,37.6,38.9,137,37.6,130,55.0,52.9,38.9 / 137,37.6 / 130
5459,PA,Combo,F,73,75.2,105.9,130,38.0,37.2,38.0,132,37.2,128,53.6,52.3,38.0 / 132,37.2 / 128
5459,PA,Gold,F,73,73.2,103.0,127,37.3,35.9,37.3,129,35.9,124,52.5,50.5,37.3 / 129,35.9 / 124
5459,PA,Red,F,73,70.0,98.1,119,35.6,34.4,35.6,121,34.4,117,49.9,48.2,35.6 / 121,34.4 / 117
5459,PA,Silver,F,73,62.6,87.1,104,31.7,30.9,31.7,108,30.9,100,44.4,42.7,31.7 / 108,30.9 / 100
5341,PA,Blue,M,71,72.0,97.6,138,35.1,36.9,35.1,126,36.9,150,46.8,50.8,35.1 / 126,36.9 / 150
5341,PA,White,M,71,70.5,95.8,136,34.7,35.8,34.7,125,35.8,147,46.3,49.5,34.7 / 125,35.8 / 147
5341,PA,Black,M,71,68.4,91.8,126,33.7,34.7,33.7,122,34.7,130,45.0,46.8,33.7 / 122,34.7 / 130
5341,PA,Green/Black,M,72,67.3,89.1,117,33.0,34.3,33.0,116,34.3,118,43.8,45.3,33.0 / 116,34.3 / 118
5341,PA,Green,M,71,65.7,87.3,116,32.8,32.9,32.8,118,32.9,114,43.8,43.5,32.8 / 118,32.9 / 114
5341,PA,Red (M),M,71,63.5,84.5,113,31.6,31.9,31.6,116,31.9,110,42.4,42.1,31.6 / 116,31.9 / 110
5341,PA,Blue (W),F,71,77.2,109.5,137,37.3,39.9,37.3,130,39.9,144,52.6,56.9,37.3 / 130,39.9 / 144
5341,PA,White (W),F,72,75.6,107.0,133,36.9,38.7,36.9,128,38.7,138,52.0,55.0,36.9 / 128,38.7 / 138
5341,PA,Black (W),F,71,72.7,103.4,130,35.7,37.0,35.7,122,37.0,138,50.1,53.3,35.7 / 122,37.0 / 138
5341,PA,Green (W),F,71,69.7,98.7,123,34.5,35.2,34.5,118,35.2,128,48.4,50.3,34.5 / 118,35.2 / 128
5341,PA,Red,F,71,66.8,94.6,118,32.8,34.0,32.8,114,34.0,122,46.2,48.4,32.8 / 114,34.0 / 122
5371,PA,Blue,M,71,72.7,97.3,133,36.8,35.9,36.8,135,35.9,130,49.3,48.0,36.8 / 135,35.9 / 130
5371,PA,White,M,71,71.1,95.3,131,35.8,35.3,35.8,135,35.3,126,48.3,47.0,35.8 / 135,35.3 / 126
5371,PA,White/Gold,M,71,69.2,92.6,126,34.3,34.9,34.3,127,34.9,125,46.1,46.5,34.3 / 127,34.9 / 125
5371,PA,Gold,M,71,67.5,90.5,124,33.7,33.8,33.7,125,33.8,123,45.3,45.2,33.7 / 125,33.8 / 123
5371,PA,Red,M,71,66.3,88.8,121,33.5,32.8,33.5,124,32.8,118,45.0,43.8,33.5 / 124,32.8 / 118
5371,PA,Blue,F,71,79.4,113.0,143,40.1,39.3,40.1,147,39.3,138,57.4,55.6,40.1 / 147,39.3 / 138
5371,PA,White,F,71,77.5,109.9,138,39.0,38.5,39.0,140,38.5,135,55.5,54.4,39.0 / 140,38.5 / 135
5371,PA,White/Gold,F,71,75.1,106.5,133,37.1,38.0,37.1,134,38.0,132,52.9,53.6,37.1 / 134,38.0 / 132
5371,PA,Gold,F,71,73.1,103.8,130,36.4,36.7,36.4,133,36.7,127,52.1,51.7,36.4 / 133,36.7 / 127
5371,PA,Red,F,71,71.5,101.4,127,36.0,35.5,36.0,132,35.5,121,51.6,49.8,36.0 / 132,35.5 / 121
21062,PA,Blue,M,72,72.4,96.1,128,36.3,36.1,36.3,127,36.1,128,48.1,48.0,36.3 / 127,36.1 / 128
21062,PA,White,M,72,70.6,93.3,122,34.9,35.7,34.9,117,35.7,127,45.8,47.5,34.9 / 117,35.7 / 127
21062,PA,Gold,M,72,66.7,87.8,114,33.3,33.4,33.3,112,33.4,115,43.7,44.1,33.3 / 112,33.4 / 115
21062,PA,Red,M,72,64.8,85.2,110,32.4,32.4,32.4,107,32.4,113,42.3,42.9,32.4 / 107,32.4 / 113
21062,PA,Green,M,72,61.1,80.1,102,30.6,30.5,30.6,101,30.5,103,40.0,40.1,30.6 / 101,30.5 / 103
21062,PA,Gold,F,72,71.4,99.4,119,35.9,35.5,35.9,120,35.5,117,50.1,49.3,35.9 / 120,35.5 / 117
21062,PA,Red,F,72,70.1,97.2,115,35.0,35.1,35.0,115,35.1,114,48.6,48.6,35.0 / 115,35.1 / 114
21062,PA,Green,F,72,62.7,86.3,100,31.3,31.4,31.3,100,31.4,100,43.1,43.2,31.3 / 100,31.4 / 100
13800,PA,Blue,M,72,72.1,97.7,138,36.2,35.9,36.2,138,35.9,138,49.0,48.7,36.2 / 138,35.9 / 138
13800,PA,White,M,72,70.1,95.0,134,35.2,34.9,35.2,135,34.9,133,47.7,47.3,35.2 / 135,34.9 / 133
13800,PA,Gold,M,72,66.6,90.1,127,33.3,33.3,33.3,126,33.3,127,45.0,45.1,33.3 / 126,33.3 / 127
13800,PA,Green,M,72,64.7,87.7,124,32.5,32.2,32.5,124,32.2,124,44.0,43.7,32.5 / 124,32.2 / 124
13800,PA,Gold,F,72,72.3,101.4,124,36.2,36.1,36.2,124,36.1,123,50.8,50.6,36.2 / 124,36.1 / 123
13800,PA,Green,F,72,70.2,98.2,119,35.3,34.9,35.3,120,34.9,118,49.4,48.8,35.3 / 120,34.9 / 118
13800,PA,Red,F,72,68.8,96.1,116,34.6,34.2,34.6,116,34.2,115,48.3,47.8,34.6 / 116,34.2 / 115
23840,PA,Blue,M,34,33.1,43.9,116,33.1,,33.1,116,,,43.9,,33.1 / 116,/
23840,PA,Red,F,34,33.5,45.9,105,33.5,,33.5,105,,,45.9,,33.5 / 105,/
23718,PA,Blue,M,70,67.4,89.4,119,31.3,36.1,31.3,107,36.1,130,41.2,48.2,31.3 / 107,36.1 / 130
23718,PA,White,M,70,66.0,87.5,116,30.9,35.1,30.9,105,35.1,126,40.7,46.8,30.9 / 105,35.1 / 126
23718,PA,Gold,M,70,64.6,85.6,113,30.5,34.1,30.5,104,34.1,122,40.2,45.4,30.5 / 104,34.1 / 122
23718,PA,Red,F,70,67.0,92.9,110,31.5,35.5,31.5,98,35.5,121,43.1,49.8,31.5 / 98,35.5 / 121
5358,PA,Blue,M,72,70.8,95.3,132,35.0,35.8,35.0,127,35.8,137,46.8,48.5,35.0 / 127,35.8 / 137
5358,PA,White,M,72,69.3,92.7,126,34.2,35.1,34.2,121,35.1,131,45.4,47.3,34.2 / 121,35.1 / 131
5358,PA,White/Gold,M,72,67.9,90.2,120,33.8,34.1,33.8,118,34.1,122,44.8,45.4,33.8 / 118,34.1 / 122
5358,PA,Gold,M,72,65.2,86.2,113,32.4,32.8,32.4,109,32.8,117,42.5,43.7,32.4 / 109,32.8 / 117
5358,PA,Red,M,72,63.2,83.6,110,31.6,31.6,31.6,108,31.6,112,41.6,42.0,31.6 / 108,31.6 / 112
5358,PA,Blue,F,72,76.9,108.5,134,38.1,38.8,38.1,130,38.8,138,53.4,55.1,38.1 / 130,38.8 / 138
5358,PA,White,F,72,75.0,105.7,130,37.0,38.0,37.0,126,38.0,134,51.9,53.8,37.0 / 126,38.0 / 134
5358,PA,White/Gold,F,72,72.9,102.6,126,36.3,36.6,36.3,123,36.6,129,50.8,51.8,36.3 / 123,36.6 / 129
5358,PA,Gold,F,72,69.2,96.4,115,34.5,34.7,34.5,114,34.7,116,48.0,48.4,34.5 / 114,34.7 / 116
5358,PA,Red,F,72,68.5,94.3,109,34.4,34.1,34.4,104,34.1,114,46.8,47.5,34.4 / 104,34.1 / 114
13568,PA,Blue,M,71,69.1,92.4,126,35.3,33.8,35.3,126,33.8,125,47.0,45.4,35.3 / 126,33.8 / 125
13568,PA,White,M,71,67.3,89.8,122,34.3,33.0,34.3,122,33.0,121,45.6,44.2,34.3 / 122,33.0 / 121
13568,PA,Gold,M,71,64.1,83.9,107,32.7,31.4,32.7,109,31.4,104,42.8,41.1,32.7 / 109,31.4 / 104
13568,PA,Blue,F,73,74.3,103.2,123,38.2,36.1,38.2,127,36.1,118,53.2,50.0,38.2 / 127,36.1 / 118
13568,PA,White,F,72,72.3,100.4,119,37.1,35.2,37.1,124,35.2,114,51.7,48.7,37.1 / 124,35.2 / 114
13568,PA,Gold,F,72,68.1,94.7,113,34.9,33.2,34.9,116,33.2,109,48.6,46.1,34.9 / 116,33.2 / 109
24272,PA,White,M,65,62.4,81.7,104,31.2,31.2,31.2,103,31.2,104,40.8,40.9,31.2 / 103,31.2 / 104
24272,PA,Red,M,65,60.8,79.5,101,30.4,30.4,30.4,99,30.4,102,39.6,39.9,30.4 / 99,30.4 / 102
24272,PA,White,F,65,65.4,91.3,110,32.5,32.9,32.5,110,32.9,109,45.5,45.8,32.5 / 110,32.9 / 109
24272,PA,Red,F,65,62.4,86.7,104,30.9,31.5,30.9,104,31.5,104,43.1,43.6,30.9 / 104,31.5 / 104
3163,PA,Black,M,71,71.9,96.2,131,35.7,36.2,35.7,130,36.2,131,47.8,48.4,35.7 / 130,36.2 / 131
3163,PA,Black/Blue Combo,M,71,71.1,95.2,130,35.3,35.8,35.3,129,35.8,130,47.3,47.9,35.3 / 129,35.8 / 130
3163,PA,Blue,M,71,70.3,94.0,128,35.0,35.3,35.0,127,35.3,128,46.8,47.2,35.0 / 127,35.3 / 128
3163,PA,White,M,71,68.3,91.4,125,33.8,34.5,33.8,123,34.5,126,45.2,46.2,33.8 / 123,34.5 / 126
3163,PA,Green,M,71,66.1,88.4,120,32.8,33.3,32.8,119,33.3,121,43.9,44.5,32.8 / 119,33.3 / 121
3163,PA,Gold,M,71,65.6,87.5,118,32.5,33.1,32.5,117,33.1,118,43.4,44.1,32.5 / 117,33.1 / 118
3163,PA,Blue,F,71,76.3,108.7,137,38.0,38.3,38.0,132,38.3,142,53.6,55.1,38.0 / 132,38.3 / 142
3163,PA,White,F,71,74.0,105.1,132,36.6,37.4,36.6,126,37.4,138,51.4,53.7,36.6 / 126,37.4 / 138
3163,PA,Green,F,71,71.3,101.0,126,35.4,35.9,35.4,120,35.9,131,49.6,51.4,35.4 / 120,35.9 / 131
3163,PA,Gold,F,71,70.6,100.1,125,35.0,35.6,35.0,120,35.6,130,49.1,51.0,35.0 / 120,35.6 / 130
35450,PA,Blue,M,71,72.1,96.2,130,36.9,35.2,36.9,130,35.2,129,49.0,47.2,36.9 / 130,35.2 / 129
35450,PA,White,M,71,69.9,93.3,126,35.7,34.2,35.7,126,34.2,126,47.4,45.9,35.7 / 126,34.2 / 126
35450,PA,Gold,M,71,67.1,89.3,119,34.4,32.7,34.4,119,32.7,119,45.5,43.8,34.4 / 119,32.7 / 119
35450,PA,Red,M,71,65.5,87.4,118,33.8,31.7,33.8,118,31.7,117,44.8,42.6,33.8 / 118,31.7 / 117
35450,PA,Gold,F,71,72.2,101.1,123,37.1,35.1,37.1,130,35.1,115,52.4,48.7,37.1 / 130,35.1 / 115
35450,PA,Red,F,71,70.4,98.4,119,36.4,34.0,36.4,127,34.0,110,51.4,47.0,36.4 / 127,34.0 / 110
3127,PA,White/Blue,M,70,67.7,89.9,120,33.7,34.0,33.7,122,34.0,117,45.0,44.9,33.7 / 122,34.0 / 117
3127,PA,Red/Yellow,M,70,63.1,83.2,109,31.4,31.7,31.4,107,31.7,110,41.3,41.9,31.4 / 107,31.7 / 110
3127,PA,White/Blue,F,70,73.9,105.2,133,36.8,37.1,36.8,133,37.1,132,52.5,52.7,36.8 / 133,37.1 / 132
3127,PA,Red/Yellow,F,70,68.4,96.0,117,34.0,34.4,34.0,115,34.4,119,47.6,48.4,34.0 / 115,34.4 / 119
13498,PA,Blue,M,70,68.3,90.6,120,34.3,34.0,34.3,118,34.0,122,45.3,45.3,34.3 / 118,34.0 / 122
13498,PA,White,M,70,66.1,87.5,115,33.0,33.1,33.0,112,33.1,118,43.4,44.1,33.0 / 112,33.1 / 118
13498,PA,White,F,70,70.7,99.4,122,35.3,35.4,35.3,120,35.4,124,49.4,50.0,35.3 / 120,35.4 / 124
13498,PA,Red,F,70,67.7,94.9,116,33.7,34.0,33.7,113,34.0,118,47.0,47.9,33.7 / 113,34.0 / 118
13541,PA,Blue,M,70,70.5,93.9,126,35.2,35.3,35.2,122,35.3,130,46.5,47.4,35.2 / 122,35.3 / 130
13541,PA,White,M,70,68.9,92.1,125,34.5,34.4,34.5,119,34.4,130,45.6,46.5,34.5 / 119,34.4 / 130
13541,PA,Gold,M,70,67.4,89.6,120,33.5,33.9,33.5,115,33.9,124,44.2,45.4,33.5 / 115,33.9 / 124
13541,PA,Blue (W),F,70,76.5,108.2,134,38.3,38.2,38.3,131,38.2,137,53.8,54.4,38.3 / 131,38.2 / 137
13541,PA,White (W),F,70,74.8,104.7,127,37.5,37.3,37.5,124,37.3,130,52.1,52.6,37.5 / 124,37.3 / 130
13541,PA,Gold (W),F,70,72.9,102.6,126,36.2,36.7,36.2,122,36.7,130,50.6,52.0,36.2 / 122,36.7 / 130
13541,PA,Gold/Red,F,70,72.2,101.5,124,36.0,36.2,36.0,121,36.2,127,50.3,51.2,36.0 / 121,36.2 / 127
13541,PA,Red,F,70,71.9,100.4,121,35.8,36.1,35.8,120,36.1,122,49.9,50.5,35.8 / 120,36.1 / 122
13588,PA,Blue,M,72,70.1,92.8,122,34.5,35.6,34.5,119,35.6,125,45.6,47.2,34.5 / 119,35.6 / 125
13588,PA,White,M,72,69.1,91.4,120,34.0,35.1,34.0,117,35.1,123,44.9,46.5,34.0 / 117,35.1 / 123
13588,PA,Gold,M,72,66.3,87.1,112,32.6,33.7,32.6,110,33.7,114,42.8,44.3,32.6 / 110,33.7 / 114
13588,PA,Red,M,72,64.2,84.4,109,31.6,32.6,31.6,107,32.6,111,41.5,42.9,31.6 / 107,32.6 / 111
13588,PA,Blue,F,72,75.8,107.5,135,37.3,38.5,37.3,130,38.5,139,52.6,54.9,37.3 / 130,38.5 / 139
13588,PA,White,F,72,74.4,104.9,129,36.6,37.8,36.6,126,37.8,132,51.5,53.4,36.6 / 126,37.8 / 132
13588,PA,Gold,F,72,71.1,100.1,123,35.0,36.1,35.0,119,36.1,127,49.0,51.1,35.0 / 119,36.1 / 127
13588,PA,Red,F,72,68.5,95.9,116,33.7,34.8,33.7,112,34.8,120,46.9,49.0,33.7 / 112,34.8 / 120
5426,PA,Black,M,70,73.3,98.6,137,36.6,36.7,36.6,135,36.7,138,49.1,49.5,36.6 / 135,36.7 / 138
5426,PA,Blue,M,70,71.1,95.6,132,35.5,35.6,35.5,129,35.6,135,47.5,48.1,35.5 / 129,35.6 / 135
5426,PA,White,M,70,69.4,93.4,129,35.0,34.4,35.0,127,34.4,131,46.8,46.6,35.0 / 127,34.4 / 131
5426,PA,Green,M,70,68.0,91.0,124,34.3,33.8,34.3,122,33.8,126,45.6,45.4,34.3 / 122,33.8 / 126
5426,PA,Red,M,70,66.1,88.4,120,33.3,32.8,33.3,121,32.8,119,44.5,43.9,33.3 / 121,32.8 / 119
5426,PA,Yellow,M,70,64.3,86.1,117,32.7,31.6,32.7,119,31.6,115,43.8,42.3,32.7 / 119,31.6 / 115
5426,PA,Gold,M,70,62.4,83.8,115,30.9,31.5,30.9,115,31.5,115,41.6,42.2,30.9 / 115,31.5 / 115
5426,PA,Navy,M,70,58.2,78.2,108,29.3,28.9,29.3,109,28.9,107,39.4,38.8,29.3 / 109,28.9 / 107
5426,PA,Black,F,73,79.8,114.0,145,39.9,39.9,39.9,145,39.9,145,57.0,57.0,39.9 / 145,39.9 / 145
5426,PA,Blue,F,73,77.7,110.3,138,38.7,39.0,38.7,139,39.0,137,55.1,55.2,38.7 / 139,39.0 / 137
5426,PA,White,F,73,75.8,107.6,135,38.1,37.7,38.1,137,37.7,133,54.2,53.4,38.1 / 137,37.7 / 133
5426,PA,Green,F,73,74.1,105.0,131,37.2,36.9,37.2,133,36.9,129,52.9,52.1,37.2 / 133,36.9 / 129
5426,PA,Red,F,73,71.8,101.5,126,36.3,35.5,36.3,127,35.5,125,51.3,50.2,36.3 / 127,35.5 / 125
5426,PA,Yellow,F,73,70.1,98.2,119,35.8,34.3,35.8,121,34.3,117,50.1,48.1,35.8 / 121,34.3 / 117
5426,PA,Gold,F,73,67.0,93.5,112,33.0,34.0,33.0,109,34.0,115,45.9,47.6,33.0 / 109,34.0 / 115
5426,PA,Navy,F,73,59.6,83.5,101,30.1,29.5,30.1,104,29.5,98,42.4,41.1,30.1 / 104,29.5 / 98
3234,PA,Black,M,71,72.6,97.4,134,36.1,36.5,36.1,131,36.5,136,48.3,49.1,36.1 / 131,36.5 / 136
3234,PA,Blue,M,71,71.8,96.5,133,35.9,35.9,35.9,130,35.9,136,48.0,48.5,35.9 / 130,35.9 / 136
3234,PA,Orange,M,71,70.6,95.0,132,35.3,35.3,35.3,128,35.3,135,47.2,47.8,35.3 / 128,35.3 / 135
3234,PA,Orange/Green Blend,M,71,69.5,93.7,130,35.0,34.5,35.0,128,34.5,132,46.9,46.8,35.0 / 128,34.5 / 132
3234,PA,Green,M,71,68.1,91.2,125,34.1,34.0,34.1,124,34.0,125,45.6,45.6,34.1 / 124,34.0 / 125
3234,PA,Green/Red Combo,M,71,67.1,90.2,124,33.8,33.3,33.8,118,33.3,130,44.8,45.4,33.8 / 118,33.3 / 130
3234,PA,Red,M,71,66.2,88.9,122,33.3,32.9,33.3,116,32.9,128,44.1,44.8,33.3 / 116,32.9 / 128
3234,PA,Gold,M,71,62.5,82.5,108,31.3,31.2,31.3,105,31.2,110,41.1,41.4,31.3 / 105,31.2 / 110
3234,PA,Green,F,73,73.8,103.3,126,37.0,36.8,37.0,126,36.8,125,51.8,51.5,37.0 / 126,36.8 / 125
3234,PA,Green/Red Combo,F,73,72.6,101.3,122,36.5,36.1,36.5,123,36.1,120,51.0,50.3,36.5 / 123,36.1 / 120
3234,PA,Red,F,73,71.3,99.5,120,35.8,35.5,35.8,120,35.5,119,50.0,49.5,35.8 / 120,35.5 / 119
3234,PA,Gold,F,73,66.4,93.7,116,33.2,33.2,33.2,120,33.2,112,47.3,46.4,33.2 / 120,33.2 / 112
13457,PA,Blue,M,71,70.2,93.0,123,35.0,35.2,35.0,130,35.2,115,47.1,45.9,35.0 / 130,35.2 / 115
13457,PA,White,M,71,68.5,90.5,120,35.3,33.2,35.3,110,33.2,129,45.4,45.1,35.3 / 110,33.2 / 129
13457,PA,Gold,M,71,67.5,89.6,120,33.9,33.6,33.9,123,33.6,117,45.2,44.4,33.9 / 123,33.6 / 117
13457,PA,Red,F,71,67.0,94.9,118,33.6,33.4,33.6,124,33.4,112,48.2,46.7,33.6 / 124,33.4 / 112
35722,PA,Blue,M,71,70.1,92.2,120,36.0,34.1,36.0,123,34.1,116,47.4,44.8,36.0 / 123,34.1 / 116
35722,PA,White,M,72,68.3,89.9,116,35.1,33.2,35.1,119,33.2,113,46.2,43.7,35.1 / 119,33.2 / 113
35722,PA,Gold,M,72,65.2,85.6,110,33.0,32.2,33.0,112,32.2,108,43.4,42.2,33.0 / 112,32.2 / 108
35722,PA,Red,M,72,61.7,80.4,100,31.1,30.6,31.1,100,30.6,100,40.5,39.9,31.1 / 100,30.6 / 100
35722,PA,Silver,M,72,57.6,74.1,89,28.9,28.7,28.9,89,28.7,89,37.1,37.0,28.9 / 89,28.7 / 89
35722,PA,Blue,F,72,75.5,105.4,127,38.7,36.8,38.7,129,36.8,125,53.9,51.5,38.7 / 129,36.8 / 125
35722,PA,White,F,72,73.3,102.1,123,37.6,35.7,37.6,126,35.7,120,52.3,49.8,37.6 / 126,35.7 / 120
35722,PA,Gold,F,72,69.7,96.7,114,35.1,34.6,35.1,114,34.6,114,48.6,48.1,35.1 / 114,34.6 / 114
35722,PA,Red,F,72,65.0,89.9,106,32.6,32.4,32.6,106,32.4,106,45.1,44.8,32.6 / 106,32.4 / 106
35722,PA,Silver,F,72,59.4,81.4,93,29.7,29.7,29.7,93,29.7,93,40.7,40.7,29.7 / 93,29.7 / 93
5412,PA,White/Blue,M,68,65.9,88.0,119,32.7,33.2,32.7,116,33.2,122,43.5,44.5,32.7 / 116,33.2 / 122
5412,PA,Red/Gold,M,68,62.4,81.8,104,31.4,31.0,31.4,105,31.0,103,41.2,40.6,31.4 / 105,31.0 / 103
5412,PA,White/Blue,F,70,70.7,98.6,118,35.0,35.7,35.0,116,35.7,120,48.7,49.9,35.0 / 116,35.7 / 120
5412,PA,Red/Gold,F,70,65.8,93.4,117,33.0,32.8,33.0,115,32.8,119,46.6,46.8,33.0 / 115,32.8 / 119
23682,PA,Black,M,72,71.9,96.2,131,35.1,36.8,35.1,125,36.8,137,46.7,49.5,35.1 / 125,36.8 / 137
23682,PA,Blue,M,72,69.4,92.9,127,33.7,35.7,33.7,122,35.7,131,45.0,47.9,33.7 / 122,35.7 / 131
23682,PA,Blue/White,M,72,68.6,91.8,125,33.1,35.5,33.1,119,35.5,130,44.2,47.6,33.1 / 119,35.5 / 130
23682,PA,White,M,72,67.4,90.2,123,32.5,34.9,32.5,116,34.9,129,43.3,46.9,32.5 / 116,34.9 / 129
23682,PA,White/Gold,M,37,65.2,87.2,119,31.0,34.2,31.0,111,34.2,126,41.3,45.9,31.0 / 111,34.2 / 126
23682,PA,Gold,M,0,63.4,84.6,114,30.9,32.5,30.9,110,32.5,118,41.1,43.5,30.9 / 110,32.5 / 118
23682,PA,Red,M,72,63.3,84.5,114,30.9,32.4,30.9,110,32.4,118,41.1,43.4,30.9 / 110,32.4 / 118
23682,PA,Black,F,72,78.2,111.3,141,38.1,40.1,38.1,136,40.1,145,54.1,57.2,38.1 / 136,40.1 / 145
23682,PA,Blue,F,72,75.2,106.8,134,36.5,38.7,36.5,129,38.7,139,51.7,55.1,36.5 / 129,38.7 / 139
23682,PA,Blue/White,F,72,74.1,105.3,132,35.7,38.4,35.7,126,38.4,138,50.6,54.7,35.7 / 126,38.4 / 138
23682,PA,White,F,72,72.8,103.3,130,35.1,37.7,35.1,124,37.7,135,49.7,53.6,35.1 / 124,37.7 / 135
23682,PA,White/Gold,F,72,69.8,99.0,124,33.0,36.8,33.0,117,36.8,131,46.8,52.2,33.0 / 117,36.8 / 131
23682,PA,Gold,F,72,67.8,96.2,121,32.7,35.1,32.7,113,35.1,128,46.0,50.2,32.7 / 113,35.1 / 128
23682,PA,Red,F,72,67.7,96.0,120,32.7,35.0,32.7,113,35.0,127,46.0,50.0,32.7 / 113,35.0 / 127
3088,PA,Championship,M,71,73.2,98.7,138,36.0,37.2,36.0,135,37.2,140,48.5,50.2,36.0 / 135,37.2 / 140
3088,PA,Gold,M,71,72.2,97.4,136,35.6,36.6,35.6,133,36.6,138,48.0,49.4,35.6 / 133,36.6 / 138
3088,PA,Blue,M,71,71.1,95.8,133,35.2,35.9,35.2,130,35.9,136,47.3,48.5,35.2 / 130,35.9 / 136
3088,PA,Blue/White,M,71,69.3,93.3,129,34.3,35.0,34.3,127,35.0,131,46.1,47.2,34.3 / 127,35.0 / 131
3088,PA,White,M,71,68.1,91.6,126,33.5,34.6,33.5,124,34.6,128,45.0,46.6,33.5 / 124,34.6 / 128
3088,PA,Green,M,71,65.8,88.7,124,32.5,33.3,32.5,121,33.3,126,43.7,45.0,32.5 / 121,33.3 / 126
3088,PA,Blue,F,71,76.2,108.4,137,37.7,38.5,37.7,139,38.5,134,54.1,54.3,37.7 / 139,38.5 / 134
3088,PA,Blue/White,F,71,74.2,105.3,132,36.8,37.4,36.8,135,37.4,129,52.7,52.6,36.8 / 135,37.4 / 129
3088,PA,White,F,70,72.7,104.0,133,35.8,36.9,35.8,133,36.9,132,51.5,52.5,35.8 / 133,36.9 / 132
3088,PA,Green,F,70,69.8,99.6,127,34.6,35.2,34.6,129,35.2,124,49.8,49.8,34.6 / 129,35.2 / 124
3088,PA,Red,F,70,68.4,97.5,124,33.9,34.5,33.9,126,34.5,121,48.7,48.8,33.9 / 126,34.5 / 121
17816,PA,Purple,M,72,72.8,98.1,136,36.6,36.2,36.6,132,36.2,140,48.9,49.2,36.6 / 132,36.2 / 140
17816,PA,Orange,M,72,71.3,95.9,133,35.7,35.6,35.7,128,35.6,137,47.6,48.3,35.7 / 128,35.6 / 137
17816,PA,Black,M,72,70.0,93.8,128,35.0,35.0,35.0,127,35.0,129,46.8,47.0,35.0 / 127,35.0 / 129
17816,PA,White,M,72,66.7,88.8,119,33.0,33.7,33.0,121,33.7,117,44.2,44.6,33.0 / 121,33.7 / 117
17816,PA,Blue,M,72,65.7,87.2,116,32.8,32.9,32.8,117,32.9,114,43.7,43.5,32.8 / 117,32.9 / 114
17816,PA,Family Tee,M,56,55.6,73.2,95,27.8,27.8,27.8,94,27.8,96,36.5,36.7,27.8 / 94,27.8 / 96
17816,PA,Orange,F,72,78.4,111.2,139,39.1,39.3,39.1,138,39.3,140,55.4,55.8,39.1 / 138,39.3 / 140
17816,PA,Black,F,72,76.8,108.8,136,38.4,38.4,38.4,135,38.4,137,54.3,54.5,38.4 / 135,38.4 / 137
17816,PA,White,F,73,72.6,102.5,127,36.0,36.6,36.0,125,36.6,129,50.7,51.8,36.0 / 125,36.6 / 129
17816,PA,Blue,F,73,71.3,100.4,124,35.7,35.6,35.7,121,35.6,126,50.0,50.4,35.7 / 121,35.6 / 126
17816,PA,Family Tee,F,58,58.4,81.6,99,29.1,29.3,29.1,97,29.3,100,40.5,41.1,29.1 / 97,29.3 / 100
3121,PA,Blue,M,72,69.2,92.8,127,35.0,34.2,35.0,123,34.2,131,46.4,46.4,35.0 / 123,34.2 / 131
3121,PA,White,M,72,67.5,90.4,123,34.4,33.1,34.4,119,33.1,127,45.5,44.9,34.4 / 119,33.1 / 127
3121,PA,Gold,M,73,65.1,87.0,118,33.2,31.9,33.2,115,31.9,121,43.9,43.1,33.2 / 115,31.9 / 121
3121,PA,Red,F,71,68.9,97.2,120,35.5,33.4,35.5,123,33.4,117,50.0,47.2,35.5 / 123,33.4 / 117
13489,PA,Grey,M,71,70.8,94.3,127,34.5,36.3,34.5,123,36.3,130,45.9,48.4,34.5 / 123,36.3 / 130
13489,PA,Blue,M,71,69.3,92.2,123,33.8,35.5,33.8,119,35.5,127,44.9,47.3,33.8 / 119,35.5 / 127
13489,PA,White,M,71,66.6,88.3,117,32.9,33.7,32.9,112,33.7,122,43.3,45.0,32.9 / 112,33.7 / 122
13489,PA,Red,M,71,62.7,82.1,105,31.3,31.4,31.3,107,31.4,102,41.2,40.9,31.3 / 107,31.4 / 102
13489,PA,Green,M,71,59.1,77.4,99,29.3,29.8,29.3,96,29.8,101,38.2,39.2,29.3 / 96,29.8 / 101
13489,PA,Red,F,71,68.2,95.6,116,33.9,34.3,33.9,114,34.3,118,47.3,48.3,33.9 / 114,34.3 / 118
13489,PA,GREEN,F,71,59.4,82.2,97,29.4,30.0,29.4,95,30.0,98,40.6,41.6,29.4 / 95,30.0 / 98
21128,PA,Blue,M,72,71.4,95.5,130,35.9,35.5,35.9,129,35.5,130,47.9,47.6,35.9 / 129,35.5 / 130
21128,PA,White,M,72,69.9,93.7,128,35.3,34.6,35.3,127,34.6,129,47.1,46.6,35.3 / 127,34.6 / 129
21128,PA,Gold,M,72,66.6,89.4,123,33.3,33.3,33.3,122,33.3,124,44.6,44.8,33.3 / 122,33.3 / 124
21128,PA,Red,M,72,64.5,86.5,118,32.1,32.4,32.1,117,32.4,119,43.0,43.5,32.1 / 117,32.4 / 119
21128,PA,Light Blue,M,72,62.5,83.7,114,31.4,31.1,31.4,114,31.1,114,42.0,41.7,31.4 / 114,31.1 / 114
21128,PA,Gold,F,72,71.6,101.8,128,35.6,36.0,35.6,124,36.0,132,50.2,51.6,35.6 / 124,36.0 / 132
21128,PA,Red,F,72,69.0,98.0,123,34.2,34.8,34.2,118,34.8,128,48.1,49.9,34.2 / 118,34.8 / 128
21128,PA,Light Blue,F,72,65.6,92.9,116,32.9,32.7,32.9,112,32.7,120,46.1,46.8,32.9 / 112,32.7 / 120
3223,PA,Gold,M,72,71.6,96.9,136,34.9,36.7,34.9,129,36.7,143,46.9,50.0,34.9 / 129,36.7 / 143
3223,PA,Gold/Blue,M,72,71.2,96.3,135,34.7,36.5,34.7,129,36.5,141,46.7,49.6,34.7 / 129,36.5 / 141
3223,PA,Blue,M,72,70.0,94.6,133,34.1,35.9,34.1,126,35.9,139,45.8,48.8,34.1 / 126,35.9 / 139
3223,PA,Blue/White,M,72,68.6,92.7,130,33.6,35.0,33.6,124,35.0,136,45.1,47.6,33.6 / 124,35.0 / 136
3223,PA,White,M,72,67.2,90.8,127,32.9,34.3,32.9,122,34.3,132,44.2,46.6,32.9 / 122,34.3 / 132
3223,PA,Green,M,72,64.0,86.4,121,31.7,32.3,31.7,116,32.3,125,42.5,43.9,31.7 / 116,32.3 / 125
3223,PA,Red,F,73,72.2,102.8,130,35.4,36.8,35.4,131,36.8,128,50.9,51.9,35.4 / 131,36.8 / 128
3223,PA,Green,F,73,68.6,97.4,123,33.9,34.7,33.9,126,34.7,119,48.7,48.7,33.9 / 126,34.7 / 119
5334,PA,Blue,M,70,69.6,92.8,125,34.1,35.5,34.1,125,35.5,125,45.7,47.1,34.1 / 125,35.5 / 125
5334,PA,White,M,70,68.9,91.5,122,33.5,35.4,33.5,122,35.4,122,44.8,46.7,33.5 / 122,35.4 / 122
5334,PA,Gold,M,70,64.3,85.1,112,30.6,33.7,30.6,112,33.7,112,41.0,44.1,30.6 / 112,33.7 / 112
5334,PA,Blue,F,70,75.6,107.4,135,37.2,38.4,37.2,130,38.4,140,52.5,54.9,37.2 / 130,38.4 / 140
5334,PA,White,F,70,74.2,105.3,132,36.2,38.0,36.2,125,38.0,139,50.9,54.4,36.2 / 125,38.0 / 139
5334,PA,Gold,F,70,67.8,95.9,119,32.1,35.7,32.1,115,35.7,123,45.7,50.2,32.1 / 115,35.7 / 123
5334,PA,Red,F,70,66.4,93.8,116,31.5,34.9,31.5,111,34.9,121,44.6,49.2,31.5 / 111,34.9 / 121
3258,PA,White/Blue,M,54,56.4,74.9,100,28.0,28.4,28.0,100,28.4,99,37.3,37.6,28.0 / 100,28.4 / 99
3258,PA,Red/Gold,M,54,54.7,72.5,96,27.2,27.5,27.2,94,27.5,98,35.9,36.6,27.2 / 94,27.5 / 98
3258,PA,White/Blue,F,54,59.3,80.8,92,29.5,29.8,29.5,91,29.8,92,40.2,40.6,29.5 / 91,29.8 / 92
3258,PA,Red/Gold,F,54,56.8,78.0,90,28.2,28.6,28.2,90,28.6,90,38.8,39.2,28.2 / 90,28.6 / 90
3226,PA,Black,M,71,72.9,99.8,149,36.3,36.6,36.3,146,36.6,152,49.9,50.7,36.3 / 146,36.6 / 152
3226,PA,Blue,M,71,70.4,96.2,144,35.1,35.3,35.1,142,35.3,146,48.3,48.9,35.1 / 142,35.3 / 146
3226,PA,Member,M,71,69.0,94.4,141,34.4,34.6,34.4,139,34.6,143,47.3,47.9,34.4 / 139,34.6 / 143
3226,PA,Green,M,71,66.6,91.1,136,33.2,33.4,33.2,133,33.4,139,45.6,46.3,33.2 / 133,33.4 / 139
3226,PA,Orange,M,71,65.1,88.9,133,32.3,32.8,32.3,131,32.8,135,44.5,45.3,32.3 / 131,32.8 / 135
3226,PA,Family,M,71,58.5,80.4,118,28.7,29.8,28.7,114,29.8,122,39.3,41.1,28.7 / 114,29.8 / 122
3226,PA,Orange,F,71,70.0,100.0,128,34.6,35.4,34.6,125,35.4,130,49.3,50.7,34.6 / 125,35.4 / 130
3226,PA,Red,F,71,67.5,96.3,123,33.2,34.3,33.2,120,34.3,125,47.3,49.0,33.2 / 120,34.3 / 125
3226,PA,Family,F,71,59.9,85.9,110,29.4,30.5,29.4,105,30.5,115,41.8,44.1,29.4 / 105,30.5 / 115
3198,PA,Green,M,72,73.1,98.1,135,36.6,36.5,36.6,135,36.5,135,49.1,49.0,36.6 / 135,36.5 / 135
3198,PA,Gold,M,72,71.0,95.2,130,35.6,35.4,35.6,131,35.4,129,47.8,47.4,35.6 / 131,35.4 / 129
3198,PA,Black,M,72,68.5,91.7,125,34.4,34.1,34.4,128,34.1,122,46.3,45.4,34.4 / 128,34.1 / 122
3198,PA,Silver,M,72,65.8,86.8,113,33.1,32.7,33.1,115,32.7,111,43.8,43.0,33.1 / 115,32.7 / 111
3198,PA,Burgundy,M,72,64.0,84.3,110,32.2,31.8,32.2,112,31.8,107,42.6,41.7,32.2 / 112,31.8 / 107
3198,PA,Silver,F,72,70.7,99.0,120,35.6,35.1,35.6,125,35.1,115,50.3,48.7,35.6 / 125,35.1 / 115
3198,PA,Burgundy,F,72,68.5,95.7,116,34.5,34.0,34.5,120,34.0,111,48.6,47.1,34.5 / 120,34.0 / 111
13547,PA,Black,M,70,70.0,94.2,130,34.3,35.7,34.3,127,35.7,133,46.1,48.1,34.3 / 127,35.7 / 133
13547,PA,Silver,M,70,67.5,90.1,122,32.9,34.6,32.9,118,34.6,125,43.9,46.2,32.9 / 118,34.6 / 125
13547,PA,Gold,M,70,66.0,88.0,119,32.3,33.7,32.3,114,33.7,123,42.9,45.1,32.3 / 114,33.7 / 123
13547,PA,Gold,F,70,69.0,96.7,118,33.5,35.5,33.5,115,35.5,120,47.1,49.6,33.5 / 115,35.5 / 120
13547,PA,Copper,F,70,67.0,93.7,113,32.7,34.3,32.7,111,34.3,115,45.8,47.9,32.7 / 111,34.3 / 115
3115,PA,Black,M,71,73.3,99.7,142,36.9,36.4,36.9,143,36.4,141,50.2,49.5,36.9 / 143,36.4 / 141
3115,PA,Gold,M,71,71.5,97.2,139,36.1,35.4,36.1,140,35.4,137,49.1,48.1,36.1 / 140,35.4 / 137
3115,PA,Blue,M,71,69.8,94.9,135,35.3,34.5,35.3,137,34.5,133,48.0,46.9,35.3 / 137,34.5 / 133
3115,PA,White,M,71,68.3,92.9,132,34.4,33.9,34.4,133,33.9,131,46.8,46.1,34.4 / 133,33.9 / 131
3115,PA,Red,M,71,64.9,88.3,126,33.2,31.7,33.2,128,31.7,124,45.1,43.2,33.2 / 128,31.7 / 124
3115,PA,Gold,F,71,77.0,109.7,139,38.9,38.1,38.9,144,38.1,133,55.9,53.8,38.9 / 144,38.1 / 133
3115,PA,Blue,F,71,74.9,106.5,134,37.9,37.0,37.9,140,37.0,128,54.4,52.1,37.9 / 140,37.0 / 128
3115,PA,White,F,71,73.2,103.9,131,36.9,36.3,36.9,136,36.3,125,52.9,51.0,36.9 / 136,36.3 / 125
3115,PA,Red,F,71,69.0,98.4,125,35.3,33.7,35.3,130,33.7,120,50.6,47.8,35.3 / 130,33.7 / 120
3212,PA,Blue,M,72,71.3,94.0,123,36.3,35.0,36.3,121,35.0,124,47.5,46.5,36.3 / 121,35.0 / 124
3212,PA,White,M,72,70.4,92.5,119,35.7,34.7,35.7,117,34.7,121,46.6,45.9,35.7 / 117,34.7 / 121
3212,PA,Gold,M,72,67.0,88.9,118,33.9,33.1,33.9,122,33.1,114,45.2,43.7,33.9 / 122,33.1 / 114
3212,PA,Red,M,72,64.8,85.6,112,32.5,32.3,32.5,113,32.3,111,43.0,42.6,32.5 / 113,32.3 / 111
3212,PA,Blue,F,72,77.8,110.0,137,39.4,38.4,39.4,139,38.4,134,55.8,54.2,39.4 / 139,38.4 / 134
3212,PA,White,F,72,76.5,108.0,134,38.7,37.8,38.7,135,37.8,132,54.6,53.4,38.7 / 135,37.8 / 132
3212,PA,Gold,F,72,72.5,101.6,124,36.5,36.0,36.5,126,36.0,121,51.3,50.3,36.5 / 126,36.0 / 121
3212,PA,Red,F,72,69.5,96.5,115,35.1,34.4,35.1,120,34.4,109,49.2,47.3,35.1 / 120,34.4 / 109
13952,PA,Blue,M,71,70.9,95.1,130,35.3,35.6,35.3,129,35.6,131,47.3,47.8,35.3 / 129,35.6 / 131
13952,PA,White,M,71,68.1,91.2,125,33.6,34.5,33.6,122,34.5,127,44.9,46.3,33.6 / 122,34.5 / 127
13952,PA,Gold,M,71,67.2,90.0,123,33.4,33.8,33.4,122,33.8,124,44.7,45.3,33.4 / 122,33.8 / 124
13952,PA,Red,M,71,65.3,87.6,120,32.1,33.2,32.1,115,33.2,125,42.8,44.8,32.1 / 115,33.2 / 125
13952,PA,Blue,F,72,76.9,108.7,135,38.2,38.7,38.2,134,38.7,136,54.0,54.7,38.2 / 134,38.7 / 136
13952,PA,White,F,72,73.7,104.2,129,36.3,37.4,36.3,126,37.4,132,51.2,53.0,36.3 / 126,37.4 / 132
13952,PA,Gold,F,72,72.6,102.5,127,36.1,36.5,36.1,126,36.5,128,50.9,51.6,36.1 / 126,36.5 / 128
13952,PA,Red,F,72,70.6,99.5,123,34.5,36.1,34.5,119,36.1,126,48.5,51.0,34.5 / 119,36.1 / 126
5445,PA,Black,M,71,71.7,96.0,131,36.1,35.6,36.1,136,35.6,126,48.7,47.3,36.1 / 136,35.6 / 126
5445,PA,Blue,M,71,71.3,95.3,129,36.0,35.3,36.0,133,35.3,125,48.4,46.9,36.0 / 133,35.3 / 125
5445,PA,White,M,71,70.2,94.0,128,35.3,34.9,35.3,132,34.9,124,47.6,46.4,35.3 / 132,34.9 / 124
5445,PA,White/Green,M,71,67.5,90.0,121,33.6,33.9,33.6,118,33.9,124,44.6,45.4,33.6 / 118,33.9 / 124
5445,PA,Green,M,71,65.7,87.8,119,33.3,32.4,33.3,116,32.4,122,44.1,43.7,33.3 / 116,32.4 / 122
5445,PA,Forward,M,71,61.1,82.3,114,30.4,30.7,30.4,113,30.7,115,40.9,41.3,30.4 / 113,30.7 / 115
5445,PA,Black,F,72,78.4,110.2,135,39.6,38.8,39.6,141,38.8,129,56.2,54.0,39.6 / 141,38.8 / 129
5445,PA,Blue,F,72,77.9,109.3,133,39.5,38.4,39.5,140,38.4,126,56.0,53.3,39.5 / 140,38.4 / 126
5445,PA,White,F,72,76.5,107.3,131,38.6,37.9,38.6,137,37.9,125,54.7,52.6,38.6 / 137,37.9 / 125
5445,PA,White/Green,F,72,73.2,102.7,125,36.4,36.8,36.4,130,36.8,120,51.7,51.0,36.4 / 130,36.8 / 120
5445,PA,Green,F,72,71.3,99.7,121,36.0,35.3,36.0,127,35.3,114,51.0,48.7,36.0 / 127,35.3 / 114
5445,PA,Forward,F,72,63.9,89.3,108,31.6,32.3,31.6,114,32.3,102,45.0,44.3,31.6 / 114,32.3 / 102
13544,PA,Blue,M,71,71.2,95.9,133,36.2,35.0,36.2,130,35.0,136,48.3,47.6,36.2 / 130,35.0 / 136
13544,PA,White,M,71,69.4,93.4,129,35.5,33.9,35.5,127,33.9,131,47.3,46.1,35.5 / 127,33.9 / 131
13544,PA,Gold,M,71,67.3,90.1,123,34.6,32.7,34.6,125,32.7,120,46.2,43.9,34.6 / 125,32.7 / 120
13544,PA,Red,M,72,66.2,88.8,122,33.7,32.5,33.7,124,32.5,119,45.2,43.6,33.7 / 124,32.5 / 119
13544,PA,Red,F,72,71.5,101.8,129,36.7,34.8,36.7,129,34.8,128,51.9,49.9,36.7 / 129,34.8 / 128
3113,PA,Blue,M,71,72.8,98.1,137,36.8,36.0,36.8,138,36.0,135,49.6,48.5,36.8 / 138,36.0 / 135
3113,PA,Blue/White Combo,M,71,72.1,97.2,135,36.4,35.7,36.4,138,35.7,132,49.2,48.0,36.4 / 138,35.7 / 132
3113,PA,White,M,71,70.8,95.4,133,35.9,34.9,35.9,135,34.9,130,48.4,47.0,35.9 / 135,34.9 / 130
3113,PA,White/Gold,M,71,69.4,93.5,130,35.2,34.2,35.2,132,34.2,127,47.5,46.0,35.2 / 132,34.2 / 127
3113,PA,Gold,M,71,68.0,91.5,127,34.6,33.4,34.6,129,33.4,124,46.6,44.9,34.6 / 129,33.4 / 124
3113,PA,Gold/Red Combo,M,71,65.5,88.0,121,33.3,32.2,33.3,124,32.2,118,44.8,43.2,33.3 / 124,32.2 / 118
3113,PA,Red,M,71,64.0,86.2,120,32.5,31.5,32.5,122,31.5,117,43.8,42.4,32.5 / 122,31.5 / 117
3113,PA,White,F,71,76.4,109.1,139,38.7,37.7,38.7,141,37.7,137,55.3,53.8,38.7 / 141,37.7 / 137
3113,PA,Gold,F,71,72.9,103.9,132,37.1,35.8,37.1,134,35.8,129,52.9,51.0,37.1 / 134,35.8 / 129
3113,PA,Gold/Red,F,71,70.0,99.5,125,35.5,34.5,35.5,127,34.5,123,50.5,49.0,35.5 / 127,34.5 / 123
3113,PA,Red,F,71,68.3,96.9,122,34.6,33.7,34.6,124,33.7,120,49.2,47.7,34.6 / 124,33.7 / 120
17703,PA,Blue,M,72,74.0,99.2,136,36.6,37.4,36.6,136,37.4,136,49.2,50.0,36.6 / 136,37.4 / 136
17703,PA,White,M,72,71.7,96.1,131,35.4,36.3,35.4,132,36.3,130,47.7,48.4,35.4 / 132,36.3 / 130
17703,PA,Gold,M,72,69.8,93.4,127,34.4,35.4,34.4,126,35.4,128,46.1,47.3,34.4 / 126,35.4 / 128
17703,PA,Red,M,70,66.4,88.7,120,32.6,33.8,32.6,118,33.8,122,43.6,45.1,32.6 / 118,33.8 / 122
17703,PA,Family,M,68,61.2,82.5,115,30.7,30.5,30.7,115,30.5,114,41.4,41.1,30.7 / 115,30.5 / 114
17703,PA,Gold,F,72,75.0,106.6,134,37.0,38.0,37.0,133,38.0,135,52.7,53.9,37.0 / 133,38.0 / 135
17703,PA,Red,F,72,70.9,100.5,126,34.7,36.2,34.7,125,36.2,126,49.4,51.1,34.7 / 125,36.2 / 126
17703,PA,Family,F,71,63.9,89.8,110,32.1,31.8,32.1,114,31.8,106,45.5,44.3,32.1 / 114,31.8 / 106
5346,PA,White/Blue,M,72,71.8,97.4,138,35.7,36.1,35.7,136,36.1,140,48.3,49.1,35.7 / 136,36.1 / 140
5346,PA,Green/Grey,M,72,69.0,93.1,130,34.5,34.5,34.5,128,34.5,131,46.4,46.7,34.5 / 128,34.5 / 131
5346,PA,Red/Yellow,M,72,63.5,83.8,110,31.6,31.9,31.6,108,31.9,111,41.6,42.2,31.6 / 108,31.9 / 111
5346,PA,White/Blue,F,72,77.1,108.5,134,38.3,38.8,38.3,131,38.8,136,53.7,54.8,38.3 / 131,38.8 / 136
5346,PA,Green/Grey,F,72,74.5,105.4,131,37.0,37.5,37.0,131,37.5,131,52.4,53.0,37.0 / 131,37.5 / 131
5346,PA,Red/Yellow,F,72,69.0,97.0,119,34.1,34.9,34.1,117,34.9,120,47.9,49.1,34.1 / 117,34.9 / 120
5415,PA,Blue,M,70,72.6,97.6,135,35.7,36.9,35.7,133,36.9,136,48.1,49.5,35.7 / 133,36.9 / 136
5415,PA,White,M,70,71.4,95.8,132,35.0,36.4,35.0,128,36.4,135,46.9,48.9,35.0 / 128,36.4 / 135
5415,PA,Green,M,70,69.3,93.1,128,34.2,35.1,34.2,124,35.1,132,45.7,47.4,34.2 / 124,35.1 / 132
5415,PA,Gold,M,70,67.1,90.0,123,32.8,34.3,32.8,119,34.3,127,43.9,46.1,32.8 / 119,34.3 / 127
5415,PA,Red,M,70,65.1,87.9,123,31.0,34.1,31.0,119,34.1,126,42.1,45.8,31.0 / 119,34.1 / 126
5415,PA,Blue,F,72,78.7,110.3,134,39.1,39.6,39.1,129,39.6,139,54.3,56.0,39.1 / 129,39.6 / 139
5415,PA,White,F,72,76.6,107.9,132,37.7,38.9,37.7,131,38.9,134,53.2,54.7,37.7 / 131,38.9 / 134
5415,PA,Green,F,72,74.3,105.3,131,36.3,38.0,36.3,131,38.0,132,51.7,53.6,36.3 / 131,38.0 / 132
5415,PA,Gold,F,72,72.7,101.9,123,35.9,36.8,35.9,120,36.8,126,50.0,51.6,35.9 / 120,36.8 / 126
5415,PA,Red,F,72,69.8,98.9,124,33.2,36.6,33.2,120,36.6,127,47.3,51.6,33.2 / 120,36.6 / 127
35713,PA,Black,M,34,33.1,43.0,107,33.1,,33.1,107,,,43.0,,33.1 / 107,/
35713,PA,White,M,34,32.3,42.1,105,32.3,,32.3,105,,,42.1,,32.3 / 105,/
35713,PA,Red,M,34,30.6,39.8,99,30.6,,30.6,99,,,39.8,,30.6 / 99,/
35713,PA,Black,F,34,35.5,48.9,114,35.5,,35.5,114,,,48.9,,35.5 / 114,/
35713,PA,White,F,34,34.8,47.7,109,34.8,,34.8,109,,,47.7,,34.8 / 109,/
35713,PA,Red,F,34,32.4,44.1,99,32.4,,32.4,99,,,44.1,,32.4 / 99,/
5345,PA,Blue,M,72,72.8,97.5,133,36.3,36.5,36.3,131,36.5,135,48.5,49.0,36.3 / 131,36.5 / 135
5345,PA,Blue/White,M,72,72.0,96.3,131,36.0,36.0,36.0,128,36.0,134,47.9,48.4,36.0 / 128,36.0 / 134
5345,PA,White,M,72,71.1,95.1,129,35.7,35.4,35.7,126,35.4,132,47.4,47.7,35.7 / 126,35.4 / 132
5345,PA,White/Gold,M,72,69.4,92.8,126,34.9,34.5,34.9,124,34.5,128,46.4,46.4,34.9 / 124,34.5 / 128
5345,PA,Gold,M,72,68.3,90.9,122,34.5,33.8,34.5,122,33.8,122,45.8,45.1,34.5 / 122,33.8 / 122
5345,PA,Red/Gold,M,72,67.2,89.3,119,34.2,33.0,34.2,121,33.0,117,45.4,43.9,34.2 / 121,33.0 / 117
5345,PA,Red,M,72,65.7,86.9,114,33.8,31.9,33.8,116,31.9,112,44.6,42.3,33.8 / 116,31.9 / 112
5345,PA,Blue,F,72,79.1,112.3,140,39.3,39.8,39.3,138,39.8,142,55.6,56.7,39.3 / 138,39.8 / 142
5345,PA,Blue/White,F,72,78.1,110.6,138,39.0,39.1,39.0,136,39.1,140,55.0,55.6,39.0 / 136,39.1 / 140
5345,PA,White,F,72,77.0,109.1,136,38.6,38.4,38.6,134,38.4,138,54.4,54.7,38.6 / 134,38.4 / 138
5345,PA,White/Gold,F,72,75.1,106.3,132,37.8,37.3,37.8,132,37.3,132,53.4,52.9,37.8 / 132,37.3 / 132
5345,PA,Gold,F,72,73.6,104.2,130,37.3,36.3,37.3,131,36.3,129,52.7,51.5,37.3 / 131,36.3 / 129
5345,PA,Red/Gold,F,72,72.0,101.7,126,36.9,35.1,36.9,128,35.1,124,52.0,49.7,36.9 / 128,35.1 / 124
5345,PA,Red,F,72,70.8,100.1,124,36.6,34.2,36.6,128,34.2,120,51.7,48.4,36.6 / 128,34.2 / 120
3199,PA,Championship,M,71,73.0,98.4,137,36.4,36.6,36.4,138,36.6,136,49.2,49.2,36.4 / 138,36.6 / 136
3199,PA,Blue,M,71,72.3,97.5,136,36.1,36.2,36.1,138,36.2,133,48.9,48.6,36.1 / 138,36.2 / 133
3199,PA,White,M,71,70.9,95.4,132,35.3,35.6,35.3,135,35.6,129,47.8,47.6,35.3 / 135,35.6 / 129
3199,PA,White/Yellow,M,71,69.3,93.3,129,34.4,34.9,34.4,131,34.9,127,46.6,46.7,34.4 / 131,34.9 / 127
3199,PA,Yellow,M,71,68.0,91.4,126,33.6,34.4,33.6,128,34.4,124,45.5,45.9,33.6 / 128,34.4 / 124
3199,PA,Red,M,71,65.9,88.4,121,33.1,32.8,33.1,124,32.8,118,44.6,43.8,33.1 / 124,32.8 / 118
3199,PA,Family Gold,M,71,62.7,84.1,115,31.3,31.4,31.3,116,31.4,114,42.1,42.0,31.3 / 116,31.4 / 114
3199,PA,Family Blue,M,71,60.1,80.6,111,30.2,29.9,30.2,111,29.9,110,40.5,40.1,30.2 / 111,29.9 / 110
3199,PA,White,F,74,76.4,109.6,141,37.9,38.5,37.9,143,38.5,138,54.8,54.8,37.9 / 143,38.5 / 138
3199,PA,Yellow,F,74,73.5,104.6,132,36.3,37.2,36.3,133,37.2,131,52.0,52.6,36.3 / 133,37.2 / 131
3199,PA,Red,F,74,71.0,100.9,127,35.6,35.4,35.6,131,35.4,123,51.0,49.9,35.6 / 131,35.4 / 123
3199,PA,Family Gold,F,74,65.2,92.3,115,32.7,32.5,32.7,117,32.5,112,46.6,45.7,32.7 / 117,32.5 / 112
3199,PA,Family Blue,F,74,61.0,85.3,103,30.9,30.1,30.9,108,30.1,98,43.6,41.7,30.9 / 108,30.1 / 98
5428,PA,Gold,M,70,72.6,96.7,130,37.0,35.6,37.0,137,35.6,123,49.7,47.0,37.0 / 137,35.6 / 123
5428,PA,Blue,M,70,70.5,94.1,127,35.7,34.8,35.7,132,34.8,122,48.0,46.1,35.7 / 132,34.8 / 122
5428,PA,Blue/White,M,71,68.1,91.5,126,34.2,33.9,34.2,136,33.9,116,46.8,44.7,34.2 / 136,33.9 / 116
5428,PA,White,M,71,67.0,90.3,125,34.0,33.0,34.0,133,33.0,117,46.4,43.9,34.0 / 133,33.0 / 117
5428,PA,Green,M,71,63.3,85.1,118,31.6,31.7,31.6,123,31.7,112,43.0,42.1,31.6 / 123,31.7 / 112
5428,PA,Gold,F,72,78.6,110.9,137,40.1,38.5,40.1,141,38.5,133,56.7,54.2,40.1 / 141,38.5 / 133
5428,PA,Blue,F,72,76.5,107.6,132,38.8,37.7,38.8,136,37.7,128,54.8,52.8,38.8 / 136,37.7 / 128
5428,PA,Blue/White,F,73,73.8,103.5,126,37.3,36.5,37.3,129,36.5,123,52.5,51.0,37.3 / 129,36.5 / 123
5428,PA,White,F,73,72.7,101.9,124,37.0,35.7,37.0,128,35.7,120,52.1,49.8,37.0 / 128,35.7 / 120
5428,PA,Green,F,73,67.6,94.9,116,33.6,34.0,33.6,118,34.0,114,47.5,47.4,33.6 / 118,34.0 / 114
35449,PA,Carts Gold,M,70,73.6,99.2,138,36.8,36.8,36.8,138,36.8,138,49.6,49.6,36.8 / 138,36.8 / 138
35449,PA,Walking Gold,M,70,71.8,93.8,118,35.9,35.9,35.9,118,35.9,118,46.9,46.9,35.9 / 118,35.9 / 118
35449,PA,Carts Blue,M,70,70.6,96.0,137,35.3,35.3,35.3,137,35.3,137,48.0,48.0,35.3 / 137,35.3 / 137
35449,PA,Walking Blue,M,70,70.2,91.6,115,35.1,35.1,35.1,115,35.1,115,45.8,45.8,35.1 / 115,35.1 / 115
35449,PA,Walking Blue/White,M,72,68.4,89.8,115,34.2,34.2,34.2,115,34.2,115,44.9,44.9,34.2 / 115,34.2 / 115
35449,PA,Carts Blue/White,M,70,68.0,93.0,135,34.0,34.0,34.0,135,34.0,135,46.5,46.5,34.0 / 135,34.0 / 135
35449,PA,Carts White,M,70,67.4,92.0,132,33.7,33.7,33.7,132,33.7,132,46.0,46.0,33.7 / 132,33.7 / 132
35449,PA,Walking White,M,72,66.6,88.6,118,33.3,33.3,33.3,118,33.3,118,44.3,44.3,33.3 / 118,33.3 / 118
35449,PA,Walking Green,M,72,65.4,87.0,116,32.7,32.7,32.7,116,32.7,116,43.5,43.5,32.7 / 116,32.7 / 116
35449,PA,Carts Green,M,70,63.0,86.0,124,31.5,31.5,31.5,124,31.5,124,43.0,43.0,31.5 / 124,31.5 / 124
35449,PA,Walking Green,F,76,70.4,98.4,119,35.2,35.2,35.2,119,35.2,119,49.2,49.2,35.2 / 119,35.2 / 119
35449,PA,Carts Green,F,70,66.8,94.8,119,33.4,33.4,33.4,119,33.4,119,47.4,47.4,33.4 / 119,33.4 / 119
7848,PA,Black,M,71,71.6,96.5,134,35.9,35.7,35.9,138,35.7,130,48.7,47.8,35.9 / 138,35.7 / 130
7848,PA,Blue,M,71,70.1,94.3,130,35.2,34.9,35.2,133,34.9,127,47.6,46.7,35.2 / 133,34.9 / 127
7848,PA,Blue/White,M,71,68.6,92.2,127,34.3,34.3,34.3,130,34.3,124,46.4,45.8,34.3 / 130,34.3 / 124
7848,PA,Green,M,71,66.6,89.6,124,33.2,33.4,33.2,122,33.4,126,44.5,45.1,33.2 / 122,33.4 / 126
7848,PA,White,M,71,66.3,89.2,124,33.3,33.0,33.3,126,33.0,121,45.0,44.2,33.3 / 126,33.0 / 121
7848,PA,White/Red,M,71,65.8,88.4,122,33.1,32.7,33.1,125,32.7,118,44.7,43.7,33.1 / 125,32.7 / 118
7848,PA,Red,M,71,64.4,86.6,120,31.8,32.6,31.8,121,32.6,118,43.0,43.6,31.8 / 121,32.6 / 118
7848,PA,Blue,F,71,75.5,107.1,134,37.7,37.8,37.7,137,37.8,131,53.8,53.3,37.7 / 137,37.8 / 131
7848,PA,Blue/White,F,71,73.5,104.2,130,36.4,37.1,36.4,131,37.1,129,51.9,52.3,36.4 / 131,37.1 / 129
7848,PA,Green,F,71,71.3,100.7,125,35.1,36.2,35.1,126,36.2,124,49.9,50.8,35.1 / 126,36.2 / 124
7848,PA,White,F,71,70.8,100.0,124,35.2,35.6,35.2,126,35.6,122,50.0,50.0,35.2 / 126,35.6 / 122
7848,PA,White/Red,F,71,70.1,99.0,123,34.9,35.2,34.9,125,35.2,120,49.6,49.4,34.9 / 125,35.2 / 120
7848,PA,Red,F,71,68.8,96.9,120,33.7,35.1,33.7,119,35.1,120,47.7,49.2,33.7 / 119,35.1 / 120
5377,PA,Black,M,72,71.2,96.4,136,35.6,35.6,35.6,136,35.6,136,48.2,48.2,35.6 / 136,35.6 / 136
5377,PA,Gold,M,72,69.4,94.0,132,34.7,34.7,34.7,132,34.7,132,47.0,47.0,34.7 / 132,34.7 / 132
5377,PA,Silver,M,72,66.4,88.0,116,33.2,33.2,33.2,116,33.2,116,44.0,44.0,33.2 / 116,33.2 / 116
5377,PA,Bronze,M,72,64.0,84.2,109,32.0,32.0,32.0,109,32.0,109,42.1,42.1,32.0 / 109,32.0 / 109
5377,PA,Level II,M,72,62.0,81.4,104,31.0,31.0,31.0,104,31.0,104,40.7,40.7,31.0 / 104,31.0 / 104
5377,PA,Level I,M,72,57.6,75.8,98,28.8,28.8,28.8,98,28.8,98,37.9,37.9,28.8 / 98,28.8 / 98
5377,PA,Black,F,72,77.2,110.6,142,38.6,38.6,38.6,142,38.6,142,55.3,55.3,38.6 / 142,38.6 / 142
5377,PA,Gold,F,72,75.0,107.2,137,37.5,37.5,37.5,137,37.5,137,53.6,53.6,37.5 / 137,37.5 / 137
5377,PA,Silver,F,72,70.8,101.0,128,35.4,35.4,35.4,128,35.4,128,50.5,50.5,35.4 / 128,35.4 / 128
5377,PA,Bronze,F,72,68.2,94.6,112,34.1,34.1,34.1,112,34.1,112,47.3,47.3,34.1 / 112,34.1 / 112
5377,PA,Level II,F,72,64.6,89.4,105,32.3,32.3,32.3,105,32.3,105,44.7,44.7,32.3 / 105,32.3 / 105
5377,PA,Level I,F,72,59.4,82.0,96,29.7,29.7,29.7,96,29.7,96,41.0,41.0,29.7 / 96,29.7 / 96
3219,PA,Fazio,M,72,74.0,100.2,141,36.7,37.3,36.7,140,37.3,142,49.7,50.5,36.7 / 140,37.3 / 142
3219,PA,Black,M,72,71.3,97.1,139,35.5,35.8,35.5,138,35.8,140,48.3,48.8,35.5 / 138,35.8 / 140
3219,PA,Black/White,M,72,70.1,95.3,136,35.0,35.1,35.0,135,35.1,137,47.5,47.8,35.0 / 135,35.1 / 137
3219,PA,White,M,72,68.9,93.3,131,34.1,34.8,34.1,129,34.8,135,46.1,47.3,34.1 / 129,34.8 / 135
3219,PA,White/Green,M,72,67.7,91.7,129,33.7,34.0,33.7,125,34.0,133,45.3,46.4,33.7 / 125,34.0 / 133
3219,PA,Green,M,72,67.3,91.3,129,33.5,33.8,33.5,125,33.8,133,45.1,46.2,33.5 / 125,33.8 / 133
3219,PA,Green/Blue,M,72,66.1,89.6,127,33.1,33.0,33.1,123,33.0,130,44.5,45.1,33.1 / 123,33.0 / 130
3219,PA,Blue,M,72,65.1,88.2,125,32.5,32.6,32.5,121,32.6,128,43.7,44.5,32.5 / 121,32.6 / 128
3219,PA,White,F,72,75.0,108.2,141,37.2,37.8,37.2,140,37.8,142,53.7,54.5,37.2 / 140,37.8 / 142
3219,PA,Green,F,72,72.9,104.5,134,36.3,36.6,36.3,134,36.6,134,52.1,52.4,36.3 / 134,36.6 / 134
3219,PA,Green/Blue,F,72,71.4,101.8,129,35.8,35.6,35.8,131,35.6,126,51.3,50.5,35.8 / 131,35.6 / 126
3219,PA,Blue,F,72,70.2,99.7,125,35.0,35.2,35.0,126,35.2,124,49.9,49.8,35.0 / 126,35.2 / 124
3162,PA,Black,M,70,71.9,97.6,138,34.4,37.5,34.4,129,37.5,147,46.4,51.2,34.4 / 129,37.5 / 147
3162,PA,Blue,M,70,70.0,95.0,135,33.6,36.4,33.6,127,36.4,142,45.4,49.6,33.6 / 127,36.4 / 142
3162,PA,Blue/White,M,70,68.9,93.5,133,33.1,35.8,33.1,125,35.8,140,44.7,48.8,33.1 / 125,35.8 / 140
3162,PA,White,M,70,68.0,92.2,131,32.7,35.3,32.7,123,35.3,138,44.1,48.1,32.7 / 123,35.3 / 138
3162,PA,Gold,M,70,67.1,91.0,129,32.3,34.8,32.3,122,34.8,136,43.6,47.4,32.3 / 122,34.8 / 136
3162,PA,Red,M,70,64.9,88.0,124,30.9,34.0,30.9,116,34.0,132,41.7,46.3,30.9 / 116,34.0 / 132
3162,PA,White,F,72,73.5,104.8,133,35.0,38.5,35.0,130,38.5,136,50.3,54.5,35.0 / 130,38.5 / 136
3162,PA,Gold,F,72,72.3,103.2,131,34.5,37.8,34.5,128,37.8,134,49.6,53.6,34.5 / 128,37.8 / 134
3162,PA,Red,F,71,69.7,99.1,125,32.8,36.9,32.8,120,36.9,129,47.0,52.1,32.8 / 120,36.9 / 129
21038,PA,Blue,M,68,67.8,90.0,119,33.9,33.9,33.9,119,33.9,119,45.0,45.0,33.9 / 119,33.9 / 119
21038,PA,White,M,68,66.0,87.8,117,33.0,33.0,33.0,117,33.0,117,43.9,43.9,33.0 / 117,33.0 / 117
21038,PA,Gold,M,68,62.4,82.6,109,31.2,31.2,31.2,109,31.2,109,41.3,41.3,31.2 / 109,31.2 / 109
21038,PA,Blue,F,68,72.4,102.8,129,36.2,36.2,36.2,129,36.2,129,51.4,51.4,36.2 / 129,36.2 / 129
21038,PA,White,F,68,70.4,99.8,125,35.2,35.2,35.2,125,35.2,125,49.9,49.9,35.2 / 125,35.2 / 125
21038,PA,Gold,F,68,65.8,93.2,116,32.9,32.9,32.9,116,32.9,116,46.6,46.6,32.9 / 116,32.9 / 116
21038,PA,Red,F,68,65.0,91.8,114,32.5,32.5,32.5,114,32.5,114,45.9,45.9,32.5 / 114,32.5 / 114
7853,PA,Blue,M,71,71.8,96.6,134,36.0,35.8,36.0,128,35.8,139,47.9,48.7,36.0 / 128,35.8 / 139
7853,PA,Blue/White,M,71,71.1,95.6,132,35.7,35.4,35.7,127,35.4,137,47.5,48.1,35.7 / 127,35.4 / 137
7853,PA,White,M,71,69.7,93.8,130,35.0,34.7,35.0,125,34.7,135,46.6,47.2,35.0 / 125,34.7 / 135
7853,PA,White/Gold,M,71,68.1,91.4,126,34.2,33.9,34.2,121,33.9,130,45.4,46.0,34.2 / 121,33.9 / 130
7853,PA,Gold,M,71,66.6,89.4,123,33.2,33.4,33.2,117,33.4,128,44.1,45.3,33.2 / 117,33.4 / 128
7853,PA,Red,M,72,64.5,86.4,118,32.4,32.1,32.4,114,32.1,122,43.0,43.4,32.4 / 114,32.1 / 122
7853,PA,White,F,72,75.4,107.0,134,37.5,37.9,37.5,134,37.9,134,53.3,53.7,37.5 / 134,37.9 / 134
7853,PA,Gold,F,72,71.5,101.3,127,35.2,36.3,35.2,126,36.3,127,50.0,51.3,35.2 / 126,36.3 / 127
7853,PA,Red,F,72,69.0,97.5,121,34.4,34.6,34.4,120,34.6,121,48.6,48.9,34.4 / 120,34.6 / 121
23770,PA,Black,M,71,74.3,98.7,132,37.4,36.9,37.4,136,36.9,127,50.0,48.7,37.4 / 136,36.9 / 127
23770,PA,Black/Blue,M,71,71.7,95.5,129,36.5,35.2,36.5,135,35.2,122,49.0,46.5,36.5 / 135,35.2 / 122
23770,PA,Blue,M,71,70.8,94.4,127,36.0,34.8,36.0,133,34.8,121,48.4,46.0,36.0 / 133,34.8 / 121
23770,PA,Blue/White,M,71,70.1,93.5,126,35.4,34.7,35.4,132,34.7,120,47.7,45.8,35.4 / 132,34.7 / 120
23770,PA,White,M,71,68.9,91.9,124,34.7,34.2,34.7,128,34.2,119,46.6,45.3,34.7 / 128,34.2 / 119
23770,PA,White/Yellow,M,71,66.4,88.5,119,33.4,33.0,33.4,119,33.0,118,44.5,44.0,33.4 / 119,33.0 / 118
23770,PA,Yellow,M,71,63.3,83.4,108,31.7,31.6,31.7,105,31.6,111,41.5,41.9,31.7 / 105,31.6 / 111
23770,PA,Yellow/Family,M,71,61.6,81.5,107,31.0,30.6,31.0,104,30.6,110,40.7,40.8,31.0 / 104,30.6 / 110
23770,PA,Family,M,71,60.2,79.7,105,30.4,29.8,30.4,102,29.8,108,39.9,39.8,30.4 / 102,29.8 / 108
23770,PA,White,F,71,74.6,103.7,124,37.4,37.2,37.4,123,37.2,124,51.9,51.8,37.4 / 123,37.2 / 124
23770,PA,White/Yellow,F,71,71.8,99.4,117,35.9,35.9,35.9,116,35.9,118,49.6,49.8,35.9 / 116,35.9 / 118
23770,PA,Yellow,F,71,67.7,94.1,112,33.9,33.8,33.9,109,33.8,114,46.8,47.3,33.9 / 109,33.8 / 114
23770,PA,Yellow/Family,F,71,63.8,88.4,104,31.7,32.1,31.7,103,32.1,105,43.9,44.5,31.7 / 103,32.1 / 105
23770,PA,Family,F,71,62.1,86.2,102,31.1,31.0,31.1,101,31.0,103,43.0,43.2,31.1 / 101,31.0 / 103
34312,PA,White,M,33,30.4,39.5,98,30.4,,30.4,98,,,39.5,,30.4 / 98,/
34312,PA,Gold,M,33,28.6,37.0,90,28.6,,28.6,90,,,37.0,,28.6 / 90,/
34312,PA,White,F,33,32.3,45.5,112,32.3,,32.3,112,,,45.5,,32.3 / 112,/
34312,PA,Gold,F,33,30.0,40.5,89,30.0,,30.0,89,,,40.5,,30.0 / 89,/
23814,PA,Blue,M,73,72.7,98.4,139,36.3,36.4,36.3,139,36.4,138,49.2,49.2,36.3 / 139,36.4 / 138
23814,PA,Blue/White,M,73,71.7,97.2,138,35.6,36.1,35.6,138,36.1,137,48.4,48.8,35.6 / 138,36.1 / 137
23814,PA,White,M,73,71.0,96.2,136,35.3,35.7,35.3,136,35.7,136,47.9,48.3,35.3 / 136,35.7 / 136
23814,PA,White/Yellow,M,73,66.4,89.4,124,33.3,33.1,33.3,122,33.1,126,44.6,44.8,33.3 / 122,33.1 / 126
23814,PA,Yellow,M,73,65.5,87.7,120,32.7,32.8,32.7,114,32.8,125,43.3,44.4,32.7 / 114,32.8 / 125
23814,PA,Silver,M,73,60.0,80.0,108,29.9,30.1,29.9,103,30.1,112,39.5,40.5,29.9 / 103,30.1 / 112
23814,PA,White,F,73,77.8,110.6,139,38.5,39.3,38.5,134,39.3,144,54.3,56.3,38.5 / 134,39.3 / 144
23814,PA,White/Yellow,F,73,72.0,101.9,127,35.9,36.1,35.9,123,36.1,131,50.4,51.5,35.9 / 123,36.1 / 131
23814,PA,Yellow,F,73,70.8,100.1,125,35.1,35.7,35.1,120,35.7,129,49.2,50.9,35.1 / 120,35.7 / 129
23814,PA,Yellow/Silver,F,73,64.3,90.2,110,31.3,33.0,31.3,108,33.0,112,44.0,46.2,31.3 / 108,33.0 / 112
23814,PA,Silver,F,73,62.9,87.8,106,30.9,32.0,30.9,105,32.0,106,43.3,44.5,30.9 / 105,32.0 / 106
3144,PA,Black,M,71,71.8,96.3,132,36.1,35.7,36.1,131,35.7,132,48.3,48.0,36.1 / 131,35.7 / 132
3144,PA,Blue,M,71,70.3,94.2,129,35.5,34.8,35.5,130,34.8,127,47.6,46.6,35.5 / 130,34.8 / 127
3144,PA,Silver,M,71,68.8,92.4,127,34.8,34.0,34.8,128,34.0,126,46.7,45.7,34.8 / 128,34.0 / 126
3144,PA,Tan,M,71,67.0,89.3,120,34.2,32.8,34.2,124,32.8,116,45.7,43.6,34.2 / 124,32.8 / 116
3144,PA,Maroon,M,71,65.3,86.3,113,33.3,32.0,33.3,114,32.0,112,43.9,42.4,33.3 / 114,32.0 / 112
3144,PA,Green,M,71,63.9,83.9,108,32.9,31.0,32.9,112,31.0,103,43.3,40.6,32.9 / 112,31.0 / 103
3144,PA,Tan,F,71,72.6,102.8,129,37.0,35.6,37.0,131,35.6,126,52.4,50.4,37.0 / 131,35.6 / 126
3144,PA,Maroon,F,71,70.7,100.0,125,35.8,34.9,35.8,126,34.9,123,50.6,49.4,35.8 / 126,34.9 / 123
3144,PA,Green,F,71,68.8,97.1,120,35.1,33.7,35.1,122,33.7,118,49.5,47.6,35.1 / 122,33.7 / 118
5349,PA,Blue,M,72,72.4,96.9,130,35.9,36.5,35.9,134,36.5,128,48.4,48.5,35.9 / 134,36.5 / 128
5349,PA,White,M,72,70.8,94.0,125,34.9,36.0,34.9,123,36.0,126,46.3,47.7,34.9 / 123,36.0 / 126
5349,PA,Gold,M,72,68.1,90.6,121,33.4,34.8,33.4,117,34.8,124,44.3,46.3,33.4 / 117,34.8 / 124
5349,PA,Red,M,72,65.0,86.1,114,31.8,33.2,31.8,110,33.2,117,42.0,44.1,31.8 / 110,33.2 / 117
5349,PA,Blue,F,72,77.5,111.3,144,38.7,38.8,38.7,139,38.8,148,55.1,56.2,38.7 / 139,38.8 / 148
5349,PA,White,F,72,75.4,108.1,139,37.2,38.2,37.2,132,38.2,145,52.8,55.3,37.2 / 132,38.2 / 145
5349,PA,Gold,F,72,72.8,104.2,133,35.8,37.0,35.8,126,37.0,140,50.7,53.5,35.8 / 126,37.0 / 140
5349,PA,Red,F,72,69.0,97.5,121,33.8,35.2,33.8,117,35.2,124,47.7,49.8,33.8 / 117,35.2 / 124
3129,PA,Championship,M,71,71.4,95.2,128,36.0,35.4,36.0,133,35.4,123,48.4,46.8,36.0 / 133,35.4 / 123
3129,PA,Tournament,M,71,69.9,92.7,123,35.4,34.5,35.4,126,34.5,119,47.1,45.6,35.4 / 126,34.5 / 119
3129,PA,Players,M,71,65.9,86.8,113,32.9,33.0,32.9,112,33.0,113,43.3,43.5,32.9 / 112,33.0 / 113
3129,PA,Forward,M,70,65.1,86.0,113,32.3,32.8,32.3,112,32.8,113,42.7,43.3,32.3 / 112,32.8 / 113
3129,PA,Championship,F,71,77.8,109.1,133,39.6,38.2,39.6,132,38.2,133,55.2,53.9,39.6 / 132,38.2 / 133
3129,PA,Tournament,F,72,75.7,106.0,129,38.6,37.1,38.6,128,37.1,129,53.7,52.3,38.6 / 128,37.1 / 129
3129,PA,Players,F,72,71.1,99.1,119,35.9,35.2,35.9,117,35.2,120,49.7,49.4,35.9 / 117,35.2 / 120
3129,PA,Forward,F,72,70.4,98.1,118,35.5,34.9,35.5,115,34.9,120,49.1,49.0,35.5 / 115,34.9 / 120
17763,PA,Championship,M,72,72.9,98.9,140,35.8,37.1,35.8,143,37.1,137,49.1,49.8,35.8 / 143,37.1 / 137
17763,PA,Tournament,M,72,70.6,95.7,135,34.9,35.7,34.9,140,35.7,130,47.9,47.8,34.9 / 140,35.7 / 130
17763,PA,Players,M,72,67.6,90.1,121,33.7,33.9,33.7,130,33.9,112,45.8,44.3,33.7 / 130,33.9 / 112
17763,PA,Forward,M,72,65.6,87.6,119,32.6,33.0,32.6,126,33.0,111,44.3,43.3,32.6 / 126,33.0 / 111
17763,PA,Tournament,F,72,76.7,109.4,139,38.0,38.7,38.0,142,38.7,136,54.7,54.7,38.0 / 142,38.7 / 136
17763,PA,Players,F,72,73.0,103.8,131,36.6,36.4,36.6,136,36.4,126,52.6,51.2,36.6 / 136,36.4 / 126
17763,PA,Forward,F,72,70.7,100.4,126,35.2,35.5,35.2,130,35.5,122,50.5,49.9,35.2 / 130,35.5 / 122
13559,PA,Blue,M,72,70.0,92.3,120,36.1,33.9,36.1,122,33.9,118,47.4,44.9,36.1 / 122,33.9 / 118
13559,PA,White,M,72,68.5,90.4,118,35.1,33.4,35.1,118,33.4,117,46.1,44.3,35.1 / 118,33.4 / 117
13559,PA,Gold,M,72,65.6,86.3,112,33.6,32.0,33.6,112,32.0,111,44.0,42.3,33.6 / 112,32.0 / 111
13559,PA,Green,M,72,64.1,84.2,109,32.9,31.2,32.9,109,31.2,108,43.0,41.2,32.9 / 109,31.2 / 108
13559,PA,Gold,F,72,70.9,99.2,120,35.9,35.0,35.9,120,35.0,120,50.0,49.2,35.9 / 120,35.0 / 120
13559,PA,Green,F,72,68.8,96.1,116,34.9,33.9,34.9,116,33.9,115,48.6,47.5,34.9 / 116,33.9 / 115
5418,PA,Blue,M,72,72.9,98.5,138,35.6,37.3,35.6,132,37.3,143,47.9,50.6,35.6 / 132,37.3 / 143
5418,PA,White,M,72,70.5,95.0,132,34.3,36.2,34.3,125,36.2,139,45.9,49.1,34.3 / 125,36.2 / 139
5418,PA,Gold,M,72,67.4,90.8,126,32.3,35.1,32.3,121,35.1,131,43.5,47.3,32.3 / 121,35.1 / 131
5418,PA,Red,M,72,65.4,88.4,124,31.5,33.9,31.5,121,33.9,127,42.7,45.7,31.5 / 121,33.9 / 127
5418,PA,Blue,F,72,78.9,112.8,144,38.4,40.5,38.4,134,40.5,153,54.2,58.6,38.4 / 134,40.5 / 153
5418,PA,White,F,72,76.1,108.7,138,36.9,39.2,36.9,128,39.2,148,52.0,56.7,36.9 / 128,39.2 / 148
5418,PA,Gold,F,72,72.4,103.2,131,34.5,37.9,34.5,120,37.9,142,48.6,54.6,34.5 / 120,37.9 / 142
5418,PA,Red,F,72,69.9,99.6,126,33.4,36.5,33.4,117,36.5,135,47.2,52.4,33.4 / 117,36.5 / 135
20879,PA,Blue,M,71,73.0,98.2,136,36.4,36.6,36.4,137,36.6,135,49.1,49.1,36.4 / 137,36.6 / 135
20879,PA,White,M,71,71.2,95.6,131,35.4,35.8,35.4,133,35.8,129,47.8,47.8,35.4 / 133,35.8 / 129
20879,PA,Gold,M,71,66.1,87.8,117,32.7,33.4,32.7,112,33.4,122,43.1,44.7,32.7 / 112,33.4 / 122
20879,PA,Red,M,71,65.5,87.0,116,32.3,33.2,32.3,111,33.2,121,42.6,44.4,32.3 / 111,33.2 / 121
20879,PA,Blue,F,71,78.6,110.4,135,39.3,39.3,39.3,137,39.3,133,55.4,55.0,39.3 / 137,39.3 / 133
20879,PA,White,F,71,76.5,107.2,130,38.2,38.3,38.2,132,38.3,128,53.8,53.4,38.2 / 132,38.3 / 128
20879,PA,Gold,F,71,70.9,99.5,121,35.0,35.9,35.0,120,35.9,122,49.2,50.3,35.0 / 120,35.9 / 122
20879,PA,Red,F,71,69.9,97.9,119,34.3,35.6,34.3,118,35.6,120,48.2,49.7,34.3 / 118,35.6 / 120
17961,PA,Black,M,71,71.8,96.0,130,35.5,36.3,35.5,133,36.3,127,47.9,48.1,35.5 / 133,36.3 / 127
17961,PA,Blue,M,71,70.3,94.1,128,34.6,35.7,34.6,132,35.7,124,46.9,47.2,34.6 / 132,35.7 / 124
17961,PA,White,M,71,69.4,92.7,126,34.2,35.2,34.2,126,35.2,125,45.9,46.8,34.2 / 126,35.2 / 125
17961,PA,Silver,M,71,66.5,87.9,115,32.4,34.1,32.4,116,34.1,114,43.2,44.7,32.4 / 116,34.1 / 114
17961,PA,Gold,M,71,64.1,83.8,106,31.5,32.6,31.5,104,32.6,108,41.2,42.6,31.5 / 104,32.6 / 108
17961,PA,Silver,F,71,72.0,101.1,124,35.2,36.8,35.2,124,36.8,123,49.8,51.3,35.2 / 124,36.8 / 123
17961,PA,Gold,F,71,68.9,97.1,120,33.9,35.0,33.9,119,35.0,120,47.9,49.2,33.9 / 119,35.0 / 120
5443,PA,Blue,M,71,70.6,95.7,135,34.8,35.8,34.8,137,35.8,133,47.5,48.2,34.8 / 137,35.8 / 133
5443,PA,White,M,71,69.6,94.2,133,34.2,35.4,34.2,135,35.4,130,46.7,47.5,34.2 / 135,35.4 / 130
5443,PA,Hybrid,M,71,67.2,90.4,125,33.1,34.1,33.1,127,34.1,123,44.9,45.5,33.1 / 127,34.1 / 123
5443,PA,Gold,M,71,66.3,88.9,122,32.6,33.7,32.6,124,33.7,119,44.1,44.8,32.6 / 124,33.7 / 119
5443,PA,Red,M,71,65.8,88.1,120,32.5,33.3,32.5,123,33.3,117,43.9,44.2,32.5 / 123,33.3 / 117
5443,PA,Blue,F,73,76.2,109.2,140,37.6,38.6,37.6,143,38.6,137,54.5,54.7,37.6 / 143,38.6 / 137
5443,PA,White,F,73,75.0,107.4,138,37.0,38.0,37.0,141,38.0,134,53.6,53.8,37.0 / 141,38.0 / 134
5443,PA,Hybrid,F,73,72.2,102.6,129,35.7,36.5,35.7,131,36.5,126,51.2,51.4,35.7 / 131,36.5 / 126
5443,PA,Gold,F,73,70.9,100.8,127,35.0,35.9,35.0,126,35.9,128,49.8,51.0,35.0 / 126,35.9 / 128
5443,PA,Red,F,73,70.2,99.3,123,34.8,35.4,34.8,126,35.4,120,49.7,49.6,34.8 / 126,35.4 / 120
35719,PA,Blue,M,65,62.7,82.3,106,31.2,31.5,31.2,104,31.5,107,40.9,41.4,31.2 / 104,31.5 / 107
35719,PA,White,M,65,61.7,80.9,103,30.7,31.0,30.7,102,31.0,104,40.2,40.7,30.7 / 102,31.0 / 104
35719,PA,Gold,M,65,60.7,79.6,102,30.1,30.6,30.1,101,30.6,102,39.5,40.1,30.1 / 101,30.6 / 102
35719,PA,Red,M,65,59.2,77.5,99,29.4,29.8,29.4,98,29.8,99,38.5,39.0,29.4 / 98,29.8 / 99
35719,PA,Blue,F,65,66.5,92.5,110,32.9,33.6,32.9,109,33.6,111,45.8,46.7,32.9 / 109,33.6 / 111
35719,PA,White,F,65,64.9,90.0,107,32.1,32.8,32.1,106,32.8,107,44.6,45.4,32.1 / 106,32.8 / 107
35719,PA,Gold,F,65,63.3,87.7,104,31.2,32.1,31.2,103,32.1,104,43.3,44.4,31.2 / 103,32.1 / 104
35719,PA,Red,F,65,60.9,84.1,99,30.1,30.8,30.1,98,30.8,99,41.6,42.5,30.1 / 98,30.8 / 99
23584,PA,White,M,70,67.3,89.8,121,33.5,33.8,33.5,124,33.8,118,45.0,44.8,33.5 / 124,33.8 / 118
23584,PA,Gold,M,70,66.6,88.7,119,32.9,33.7,32.9,121,33.7,117,44.1,44.6,32.9 / 121,33.7 / 117
23584,PA,Red,F,72,70.1,99.5,125,35.0,35.1,35.0,123,35.1,126,49.5,50.0,35.0 / 123,35.1 / 126
23584,PA,Blended (Womens),F,72,68.3,96.3,119,34.1,34.2,34.1,117,34.2,120,47.9,48.4,34.1 / 117,34.2 / 120
7854,PA,I,M,72,72.6,96.6,130,36.6,36.0,36.6,133,36.0,127,48.9,47.7,36.6 / 133,36.0 / 127
7854,PA,II,M,72,71.0,94.8,128,35.9,35.1,35.9,130,35.1,126,48.0,46.8,35.9 / 130,35.1 / 126
7854,PA,III,M,72,68.9,91.3,121,34.6,34.3,34.6,123,34.3,118,46.0,45.3,34.6 / 123,34.3 / 118
7854,PA,III/IV Hybrid,M,72,67.2,89.1,117,33.8,33.4,33.8,116,33.4,118,44.7,44.4,33.8 / 116,33.4 / 118
7854,PA,IV,M,72,66.3,87.6,115,33.1,33.2,33.1,116,33.2,113,43.9,43.7,33.1 / 116,33.2 / 113
7854,PA,V,M,72,63.0,83.1,109,31.5,31.5,31.5,110,31.5,107,41.7,41.4,31.5 / 110,31.5 / 107
7854,PA,IV,F,72,70.7,99.6,123,35.3,35.4,35.3,120,35.4,125,49.5,50.1,35.3 / 120,35.4 / 125
7854,PA,V,F,72,66.4,93.1,113,33.1,33.3,33.1,111,33.3,115,46.2,46.9,33.1 / 111,33.3 / 115
3211,PA,6,M,70,69.6,92.9,126,35.0,34.6,35.0,128,34.6,123,46.9,46.0,35.0 / 128,34.6 / 123
3211,PA,5.5,M,70,68.3,91.1,123,34.5,33.8,34.5,125,33.8,121,46.1,45.0,34.5 / 125,33.8 / 121
3211,PA,5,M,70,67.3,89.7,121,34.1,33.2,34.1,123,33.2,118,45.5,44.2,34.1 / 123,33.2 / 118
3211,PA,4.5,M,70,65.8,87.4,116,33.4,32.4,33.4,118,32.4,114,44.4,43.0,33.4 / 118,32.4 / 114
3211,PA,4,M,70,63.8,84.6,112,32.4,31.4,32.4,114,31.4,110,43.0,41.6,32.4 / 114,31.4 / 110
3211,PA,3.5,M,70,62.3,82.7,110,31.4,30.9,31.4,112,30.9,108,41.8,40.9,31.4 / 112,30.9 / 108
3211,PA,3,M,70,61.5,81.7,109,31.0,30.5,31.0,112,30.5,105,41.4,40.3,31.0 / 112,30.5 / 105
3211,PA,2.5,M,70,60.2,79.8,106,30.2,30.0,30.2,107,30.0,104,40.1,39.7,30.2 / 107,30.0 / 104
3211,PA,2,M,70,59.2,78.4,103,29.7,29.5,29.7,104,29.5,102,39.4,39.0,29.7 / 104,29.5 / 102
3211,PA,1,M,70,57.3,75.7,99,28.6,28.7,28.6,100,28.7,98,37.9,37.8,28.6 / 100,28.7 / 98
3211,PA,6,F,70,75.8,107.1,133,38.2,37.6,38.2,135,37.6,131,54.1,53.0,38.2 / 135,37.6 / 131
3211,PA,5.5,F,70,74.2,104.7,129,37.6,36.6,37.6,131,36.6,127,53.1,51.6,37.6 / 131,36.6 / 127
3211,PA,5,F,70,73.0,102.8,127,37.1,35.9,37.1,129,35.9,124,52.3,50.5,37.1 / 129,35.9 / 124
3211,PA,4.5,F,70,71.0,99.9,123,36.1,34.9,36.1,126,34.9,120,50.9,49.0,36.1 / 126,34.9 / 120
3211,PA,4,F,70,68.5,96.1,117,34.8,33.7,34.8,120,33.7,114,48.9,47.2,34.8 / 120,33.7 / 114
3211,PA,3.5,F,70,66.7,93.4,113,33.8,32.9,33.8,115,32.9,111,47.4,46.0,33.8 / 115,32.9 / 111
3211,PA,3,F,70,65.6,91.7,111,33.4,32.2,33.4,113,32.2,109,46.7,45.0,33.4 / 113,32.2 / 109
3211,PA,2.5,F,70,63.4,88.5,107,31.9,31.5,31.9,108,31.5,105,44.6,43.9,31.9 / 108,31.5 / 105
3211,PA,2,F,70,61.7,85.9,103,31.1,30.6,31.1,103,30.6,102,43.3,42.6,31.1 / 103,30.6 / 102
3211,PA,1,F,70,59.5,82.5,98,29.8,29.7,29.8,98,29.7,98,41.3,41.2,29.8 / 98,29.7 / 98
5438,PA,Blue,M,71,71.4,95.6,130,35.0,36.4,35.0,127,36.4,133,46.8,48.8,35.0 / 127,36.4 / 133
5438,PA,White,M,71,68.3,91.4,124,33.5,34.8,33.5,118,34.8,130,44.5,46.9,33.5 / 118,34.8 / 130
5438,PA,Gold,M,71,64.8,86.4,116,32.6,32.2,32.6,113,32.2,119,43.1,43.3,32.6 / 113,32.2 / 119
5438,PA,Red,M,71,61.8,82.6,112,31.0,30.8,31.0,105,30.8,118,40.8,41.8,31.0 / 105,30.8 / 118
5438,PA,Blue,F,71,77.1,109.1,136,37.3,39.8,37.3,136,39.8,136,53.3,55.8,37.3 / 136,39.8 / 136
5438,PA,White,F,71,73.8,104.2,129,35.6,38.2,35.6,129,38.2,129,50.8,53.4,35.6 / 129,38.2 / 129
5438,PA,Gold,F,71,69.9,98.1,120,34.7,35.2,34.7,121,35.2,118,49.0,49.1,34.7 / 121,35.2 / 118
5438,PA,Red,F,71,65.5,91.7,111,32.6,32.9,32.6,109,32.9,113,45.5,46.2,32.6 / 109,32.9 / 113
3096,PA,Green,M,70,75.4,102.7,147,38.1,37.3,38.1,149,37.3,145,51.9,50.8,38.1 / 149,37.3 / 145
3096,PA,Red,M,70,73.1,99.5,142,36.9,36.2,36.9,144,36.2,140,50.3,49.2,36.9 / 144,36.2 / 140
3096,PA,Red/Black,M,70,71.9,97.7,139,36.2,35.7,36.2,140,35.7,138,49.2,48.5,36.2 / 140,35.7 / 138
3096,PA,Black,M,70,69.9,95.1,136,34.7,35.2,34.7,136,35.2,136,47.3,47.8,34.7 / 136,35.2 / 136
3096,PA,White,M,70,66.5,90.1,127,32.9,33.6,32.9,123,33.6,131,44.3,45.8,32.9 / 123,33.6 / 131
3096,PA,Gold,M,70,63.9,86.8,124,32.0,31.9,32.0,122,31.9,125,43.3,43.5,32.0 / 122,31.9 / 125
3096,PA,Black,F,71,75.7,108.5,139,37.7,38.0,37.7,136,38.0,142,53.7,54.8,37.7 / 136,38.0 / 142
3096,PA,White,F,71,72.3,102.6,129,35.5,36.8,35.5,127,36.8,130,50.5,52.1,35.5 / 127,36.8 / 130
3096,PA,Gold,F,71,68.6,97.8,124,34.6,34.0,34.6,123,34.0,125,49.1,48.7,34.6 / 123,34.0 / 125
3095,PA,Green,M,70,75.6,103.5,151,37.5,38.1,37.5,152,38.1,149,51.6,51.9,37.5 / 152,38.1 / 149
3095,PA,Red,M,70,73.6,100.2,143,36.7,36.9,36.7,142,36.9,144,49.9,50.3,36.7 / 142,36.9 / 144
3095,PA,Red/Black,M,70,72.1,98.1,140,35.9,36.2,35.9,140,36.2,140,48.9,49.2,35.9 / 140,36.2 / 140
3095,PA,Black,M,70,70.2,95.7,138,35.5,34.7,35.5,139,34.7,136,48.4,47.3,35.5 / 139,34.7 / 136
3095,PA,White,M,70,66.9,90.9,130,34.0,32.9,34.0,136,32.9,123,46.6,44.3,34.0 / 136,32.9 / 123
3095,PA,Gold,M,70,64.4,87.8,126,32.4,32.0,32.4,130,32.0,122,44.5,43.3,32.4 / 130,32.0 / 122
3095,PA,Black,F,72,76.4,109.5,141,38.7,37.7,38.7,145,37.7,136,55.8,53.7,38.7 / 145,37.7 / 136
3095,PA,White,F,72,72.9,104.2,133,37.4,35.5,37.4,138,35.5,127,53.7,50.5,37.4 / 138,35.5 / 127
3095,PA,Gold,F,72,69.4,99.1,126,34.8,34.6,34.8,129,34.6,123,50.0,49.1,34.8 / 129,34.6 / 123
3097,PA,Green,M,70,74.8,102.4,149,37.3,37.5,37.3,145,37.5,152,50.8,51.6,37.3 / 145,37.5 / 152
3097,PA,Red,M,70,72.9,99.1,141,36.2,36.7,36.2,140,36.7,142,49.2,49.9,36.2 / 140,36.7 / 142
3097,PA,Red/Black,M,70,71.6,97.4,139,35.7,35.9,35.7,138,35.9,140,48.5,48.9,35.7 / 138,35.9 / 140
3097,PA,Black,M,70,70.7,96.2,138,35.2,35.5,35.2,136,35.5,139,47.8,48.4,35.2 / 136,35.5 / 139
3097,PA,Black/White,M,70,69.1,94.3,136,34.4,34.7,34.4,133,34.7,138,46.8,47.5,34.4 / 133,34.7 / 138
3097,PA,White,M,70,67.6,92.4,134,33.6,34.0,33.6,131,34.0,136,45.8,46.6,33.6 / 131,34.0 / 136
3097,PA,White/Gold,M,70,65.8,89.8,129,32.6,33.2,32.6,127,33.2,131,44.4,45.4,32.6 / 127,33.2 / 131
3097,PA,Gold,M,70,64.3,88.0,128,31.9,32.4,31.9,125,32.4,130,43.5,44.5,31.9 / 125,32.4 / 130
3097,PA,Black,F,73,76.7,110.6,144,38.0,38.7,38.0,142,38.7,145,54.8,55.8,38.0 / 142,38.7 / 145
3097,PA,White,F,73,74.2,105.8,134,36.8,37.4,36.8,130,37.4,138,52.1,53.7,36.8 / 130,37.4 / 138
3097,PA,White/Gold,F,73,71.0,101.5,129,35.0,36.0,35.0,127,36.0,131,50.0,51.5,35.0 / 127,36.0 / 131
3097,PA,Gold,F,73,68.8,98.7,127,34.0,34.8,34.0,125,34.8,129,48.7,50.0,34.0 / 125,34.8 / 129
3251,PA,Black,M,72,75.3,101.9,143,37.5,37.8,37.5,146,37.8,140,51.1,50.8,37.5 / 146,37.8 / 140
3251,PA,Gold,M,72,73.4,99.5,141,36.7,36.7,36.7,142,36.7,139,49.9,49.6,36.7 / 142,36.7 / 139
3251,PA,Green,M,72,72.0,96.8,134,36.1,35.9,36.1,131,35.9,136,48.3,48.5,36.1 / 131,35.9 / 136
3251,PA,White,M,72,70.4,95.0,133,35.0,35.4,35.0,127,35.4,138,46.8,48.2,35.0 / 127,35.4 / 138
3251,PA,Silver,M,72,67.4,90.8,126,33.7,33.7,33.7,121,33.7,131,44.9,45.9,33.7 / 121,33.7 / 131
3251,PA,Red,M,72,66.6,89.5,124,33.0,33.6,33.0,122,33.6,125,44.3,45.2,33.0 / 122,33.6 / 125
3251,PA,Blue,M,72,60.3,81.1,112,29.7,30.6,29.7,112,30.6,112,40.1,41.0,29.7 / 112,30.6 / 112
3251,PA,White,F,72,76.5,109.2,139,38.0,38.5,38.0,138,38.5,139,54.3,54.9,38.0 / 138,38.5 / 139
3251,PA,Red,F,72,72.7,103.1,129,36.0,36.7,36.0,130,36.7,128,51.3,51.8,36.0 / 130,36.7 / 128
3251,PA,Red/Blue Combo,F,70,69.4,98.1,122,34.9,34.5,34.9,126,34.5,118,49.7,48.4,34.9 / 126,34.5 / 118
3251,PA,Blue,F,72,61.7,84.7,98,30.6,31.1,30.6,95,31.1,100,41.8,42.9,30.6 / 95,31.1 / 100
14693,PA,Black,M,72,72.3,94.9,122,36.2,36.1,36.2,122,36.1,122,47.5,47.4,36.2 / 122,36.1 / 122
14693,PA,White/Red,M,72,70.1,91.9,117,34.9,35.2,34.9,117,35.2,117,45.8,46.1,34.9 / 117,35.2 / 117
14693,PA,Yellow,M,72,63.4,82.2,101,31.7,31.7,31.7,101,31.7,101,41.1,41.1,31.7 / 101,31.7 / 101
14693,PA,Black,F,72,79.8,113.6,143,39.9,39.9,39.9,143,39.9,143,56.8,56.8,39.9 / 143,39.9 / 143
14693,PA,White/Red,F,72,77.1,109.6,138,38.3,38.8,38.3,137,38.8,139,54.4,55.2,38.3 / 137,38.8 / 139
14693,PA,Yellow,F,72,67.2,93.4,111,33.6,33.6,33.6,111,33.6,111,46.7,46.7,33.6 / 111,33.6 / 111
14459,PA,Blue,M,72,72.7,98.6,140,36.2,36.5,36.2,136,36.5,143,48.8,49.8,36.2 / 136,36.5 / 143
14459,PA,White,M,72,71.6,97.2,138,35.6,36.0,35.6,135,36.0,141,48.1,49.1,35.6 / 135,36.0 / 141
14459,PA,Yellow,M,72,67.4,92.0,133,33.5,33.9,33.5,128,33.9,137,45.4,46.6,33.5 / 128,33.9 / 137
14459,PA,White,F,72,77.0,109.9,140,38.5,38.5,38.5,138,38.5,141,54.8,55.1,38.5 / 138,38.5 / 141
14459,PA,Yellow,F,72,72.0,102.3,129,36.0,36.0,36.0,126,36.0,131,50.9,51.4,36.0 / 126,36.0 / 131
14459,PA,Red,F,72,65.1,92.0,114,32.7,32.4,32.7,113,32.4,115,46.0,46.0,32.7 / 113,32.4 / 115
13464,PA,BLUE,M,71,70.2,93.3,125,35.0,35.2,35.0,126,35.2,123,46.7,46.6,35.0 / 126,35.2 / 123
13464,PA,WHITE,M,71,68.0,90.5,121,34.1,33.9,34.1,123,33.9,119,45.5,45.0,34.1 / 123,33.9 / 119
13464,PA,GOLD,M,71,65.1,86.2,114,32.3,32.8,32.3,114,32.8,113,42.9,43.3,32.3 / 114,32.8 / 113
13464,PA,Red,M,71,63.4,83.9,111,31.5,31.9,31.5,111,31.9,110,41.8,42.1,31.5 / 111,31.9 / 110
13464,PA,Blue,F,72,76.2,106.7,130,38.1,38.1,38.1,126,38.1,133,52.9,53.8,38.1 / 126,38.1 / 133
13464,PA,White,F,72,73.6,102.7,124,37.1,36.5,37.1,121,36.5,126,51.4,51.3,37.1 / 121,36.5 / 126
13464,PA,Gold,F,72,70.1,97.4,116,34.9,35.2,34.9,112,35.2,120,48.1,49.3,34.9 / 112,35.2 / 120
13464,PA,RED,F,71,68.0,94.7,113,33.9,34.1,33.9,109,34.1,117,46.8,47.9,33.9 / 109,34.1 / 117
3171,PA,Black,M,72,73.3,99.0,139,36.7,36.6,36.7,138,36.6,139,49.5,49.5,36.7 / 138,36.6 / 139
3171,PA,Blue,M,72,71.7,97.0,137,36.0,35.7,36.0,137,35.7,136,48.7,48.3,36.0 / 137,35.7 / 136
3171,PA,Green,M,72,70.5,95.2,133,35.5,35.0,35.5,133,35.0,132,47.9,47.3,35.5 / 133,35.0 / 132
3171,PA,White,M,72,68.8,92.9,130,34.7,34.1,34.7,130,34.1,129,46.8,46.1,34.7 / 130,34.1 / 129
3171,PA,Red,M,72,68.3,92.2,129,34.4,33.9,34.4,128,33.9,129,46.3,45.9,34.4 / 128,33.9 / 129
3171,PA,White,F,72,74.5,105.5,132,37.8,36.7,37.8,136,36.7,127,53.8,51.7,37.8 / 136,36.7 / 127
3171,PA,Red,F,72,73.9,104.5,130,37.4,36.5,37.4,134,36.5,126,53.2,51.3,37.4 / 134,36.5 / 126
3171,PA,Orange,F,72,71.0,100.2,124,35.7,35.3,35.7,127,35.3,120,50.7,49.5,35.7 / 127,35.3 / 120
3171,PA,Yellow,F,72,69.6,98.1,121,35.3,34.3,35.3,125,34.3,117,50.0,48.1,35.3 / 125,34.3 / 117
5394,PA,Tee 4,M,71,72.0,96.9,135,36.3,35.8,36.3,133,35.8,137,48.7,48.5,36.3 / 133,35.8 / 137
5394,PA,Tee 3,M,71,70.1,94.1,130,35.2,34.9,35.2,130,34.9,130,47.3,47.0,35.2 / 130,34.9 / 130
5394,PA,Tee 1,M,71,66.6,88.1,116,33.7,32.8,33.7,119,32.8,113,44.8,43.3,33.7 / 119,32.8 / 113
5394,PA,Tee 2,M,71,66.2,87.9,118,33.8,32.8,33.8,122,32.8,114,45.1,43.4,33.8 / 122,32.8 / 114
5394,PA,Silver,M,71,62.7,82.9,109,31.6,31.1,31.6,111,31.1,107,41.9,41.0,31.6 / 111,31.1 / 107
5394,PA,Tee 4,F,72,78.1,110.7,138,39.4,38.7,39.4,138,38.7,138,55.7,55.0,39.4 / 138,38.7 / 138
5394,PA,Tee 3,F,72,75.8,107.1,133,38.2,37.6,38.2,133,37.6,133,53.9,53.3,38.2 / 133,37.6 / 133
5394,PA,Tee 2,F,72,71.5,100.3,125,36.4,35.1,36.4,126,35.1,124,51.3,49.7,36.4 / 126,35.1 / 124
5394,PA,Tee 1,F,72,71.5,100.8,124,36.2,35.3,36.2,125,35.3,123,50.9,49.8,36.2 / 125,35.3 / 123
5394,PA,Silver,F,72,66.1,92.6,112,33.4,32.7,33.4,114,32.7,110,46.9,45.7,33.4 / 114,32.7 / 110
13514,PA,Blue,M,68,64.6,87.1,121,31.5,33.1,31.5,112,33.1,130,41.9,45.2,31.5 / 112,33.1 / 130
13514,PA,White,M,68,62.8,84.5,117,30.8,32.0,30.8,110,32.0,124,41.0,43.5,30.8 / 110,32.0 / 124
13514,PA,Red,M,68,60.9,82.0,114,29.9,31.0,29.9,105,31.0,122,39.7,42.3,29.9 / 105,31.0 / 122
13514,PA,Blue,F,68,69.8,99.4,126,34.0,35.8,34.0,118,35.8,133,47.9,51.5,34.0 / 118,35.8 / 133
13514,PA,White,F,68,67.2,95.6,121,32.8,34.4,32.8,113,34.4,128,46.1,49.5,32.8 / 113,34.4 / 128
13514,PA,Red,F,68,64.2,91.1,114,31.3,32.9,31.3,107,32.9,121,43.9,47.2,31.3 / 107,32.9 / 121
3086,PA,Black,M,70,71.9,96.5,133,35.5,36.4,35.5,122,36.4,143,46.8,49.7,35.5 / 122,36.4 / 143
3086,PA,Gold,M,70,70.1,94.0,129,34.5,35.6,34.5,117,35.6,140,45.4,48.6,34.5 / 117,35.6 / 140
3086,PA,Green,M,70,68.6,91.9,126,33.8,34.8,33.8,114,34.8,137,44.4,47.5,33.8 / 114,34.8 / 137
3086,PA,Blue,M,70,65.5,87.7,120,32.6,32.9,32.6,110,32.9,129,42.8,44.9,32.6 / 110,32.9 / 129
3086,PA,White,M,70,63.6,85.1,116,31.7,31.9,31.7,105,31.9,126,41.5,43.6,31.7 / 105,31.9 / 126
3086,PA,Forward,F,70,68.8,97.4,122,34.4,34.4,34.4,119,34.4,124,48.4,49.0,34.4 / 119,34.4 / 124
3282,PA,Black,M,72,71.9,96.9,135,36.1,35.8,36.1,135,35.8,135,48.6,48.3,36.1 / 135,35.8 / 135
3282,PA,Black/Green,M,72,71.3,96.2,134,35.8,35.5,35.8,133,35.5,135,48.2,48.0,35.8 / 133,35.5 / 135
3282,PA,Green,M,72,70.9,95.6,133,35.5,35.4,35.5,132,35.4,133,47.8,47.8,35.5 / 132,35.4 / 133
3282,PA,Green/Yellow,M,72,70.3,94.9,132,35.2,35.1,35.2,132,35.1,132,47.5,47.4,35.2 / 132,35.1 / 132
3282,PA,Yellow,M,72,69.5,93.9,131,34.9,34.6,34.9,132,34.6,130,47.2,46.7,34.9 / 132,34.6 / 130
3282,PA,Yellow/White,M,72,68.4,92.2,128,34.2,34.2,34.2,128,34.2,128,46.1,46.1,34.2 / 128,34.2 / 128
3282,PA,White,M,72,67.1,90.6,127,33.5,33.6,33.5,126,33.6,127,45.2,45.4,33.5 / 126,33.6 / 127
3282,PA,Red,M,72,66.6,89.4,123,33.2,33.4,33.2,121,33.4,125,44.4,45.0,33.2 / 121,33.4 / 125
3282,PA,Purple,M,72,62.9,84.9,118,31.3,31.6,31.3,118,31.6,118,42.3,42.6,31.3 / 118,31.6 / 118
3282,PA,Yellow,F,75,75.5,106.1,130,38.0,37.5,38.0,131,37.5,129,53.4,52.7,38.0 / 131,37.5 / 129
3282,PA,White,F,75,72.6,101.6,123,36.3,36.3,36.3,122,36.3,124,50.7,50.9,36.3 / 122,36.3 / 124
3282,PA,Red,F,75,71.6,100.1,121,35.6,36.0,35.6,120,36.0,122,49.7,50.4,35.6 / 120,36.0 / 122
3282,PA,Purple,F,74,66.3,92.2,110,32.8,33.5,32.8,108,33.5,112,45.5,46.7,32.8 / 108,33.5 / 112
5376,PA,Blue,M,72,72.2,95.6,126,36.2,36.0,36.2,121,36.0,131,47.4,48.2,36.2 / 121,36.0 / 131
5376,PA,White,M,72,70.6,93.1,121,35.3,35.3,35.3,119,35.3,123,46.4,46.7,35.3 / 119,35.3 / 123
5376,PA,Gold,M,72,68.2,89.6,115,34.1,34.1,34.1,114,34.1,116,44.7,44.9,34.1 / 114,34.1 / 116
5376,PA,Red,M,67,65.9,86.5,111,33.7,32.2,33.7,109,32.2,113,43.8,42.7,33.7 / 109,32.2 / 113
5376,PA,Blue,F,72,78.0,108.7,130,38.7,39.3,38.7,123,39.3,137,53.2,55.5,38.7 / 123,39.3 / 137
5376,PA,White,F,72,75.4,105.1,126,37.4,38.0,37.4,121,38.0,131,51.7,53.4,37.4 / 121,38.0 / 131
5376,PA,Gold,F,72,73.3,102.5,124,36.6,36.7,36.6,120,36.7,128,50.7,51.8,36.6 / 120,36.7 / 128
5376,PA,Red,F,71,70.8,98.6,118,36.1,34.7,36.1,118,34.7,118,50.0,48.6,36.1 / 118,34.7 / 118
13513,PA,BLACK,M,72,72.9,98.1,136,36.5,36.4,36.5,138,36.4,133,49.3,48.8,36.5 / 138,36.4 / 133
13513,PA,BLUE,M,72,72.2,97.0,134,36.1,36.1,36.1,135,36.1,132,48.6,48.4,36.1 / 135,36.1 / 132
13513,PA,WHITE,M,72,69.8,94.1,131,35.1,34.7,35.1,132,34.7,129,47.4,46.7,35.1 / 132,34.7 / 129
13513,PA,GOLD,M,72,66.4,88.5,119,33.3,33.1,33.3,113,33.1,125,43.8,44.7,33.3 / 113,33.1 / 125
13513,PA,Gold,F,72,69.9,97.7,118,34.8,35.1,34.8,112,35.1,124,48.0,49.7,34.8 / 112,35.1 / 124
13513,PA,RED,F,72,67.4,94.7,116,33.3,34.1,33.3,109,34.1,122,46.2,48.5,33.3 / 109,34.1 / 122
13520,PA,White,M,70,66.5,88.1,115,33.0,33.5,33.0,113,33.5,117,43.6,44.5,33.0 / 113,33.5 / 117
13520,PA,Gold,M,70,62.1,80.7,100,31.1,31.0,31.1,100,31.0,100,40.4,40.3,31.1 / 100,31.0 / 100
13520,PA,White,F,70,72.6,103.5,131,36.1,36.5,36.1,133,36.5,129,51.7,51.8,36.1 / 133,36.5 / 129
13520,PA,Red,F,70,65.2,91.0,109,33.3,31.9,33.3,117,31.9,100,47.2,43.8,33.3 / 117,31.9 / 100
21247,PA,Gold,M,72,74.2,99.5,137,37.3,36.9,37.3,138,36.9,135,50.1,49.4,37.3 / 138,36.9 / 135
21247,PA,Black,M,72,72.1,97.2,136,36.0,36.1,36.0,135,36.1,136,48.5,48.7,36.0 / 135,36.1 / 136
21247,PA,White,M,72,69.6,94.0,131,34.8,34.8,34.8,131,34.8,131,47.0,47.0,34.8 / 131,34.8 / 131
21247,PA,Blue,M,72,67.4,89.5,119,33.9,33.5,33.9,121,33.5,117,45.1,44.4,33.9 / 121,33.5 / 117
21247,PA,Blue,F,72,71.8,101.2,125,36.1,35.7,36.1,126,35.7,124,50.9,50.3,36.1 / 126,35.7 / 124
21247,PA,Green,F,72,69.5,97.9,121,34.7,34.8,34.7,120,34.8,121,48.8,49.1,34.7 / 120,34.8 / 121
5468,PA,Blue,M,71,70.2,91.9,117,34.4,35.8,34.4,114,35.8,119,45.0,46.9,34.4 / 114,35.8 / 119
5468,PA,White,M,71,68.6,89.9,115,33.9,34.7,33.9,110,34.7,119,44.1,45.8,33.9 / 110,34.7 / 119
5468,PA,Gold,M,71,65.4,85.9,111,31.8,33.6,31.8,108,33.6,113,41.8,44.1,31.8 / 108,33.6 / 113
5468,PA,Red,M,71,64.1,84.0,107,31.7,32.4,31.7,105,32.4,109,41.5,42.5,31.7 / 105,32.4 / 109
5468,PA,Silver,M,71,62.1,81.4,104,30.8,31.3,30.8,107,31.3,101,40.7,40.7,30.8 / 107,31.3 / 101
5468,PA,Blue,F,71,76.2,106.1,127,37.4,38.8,37.4,119,38.8,135,51.4,54.7,37.4 / 119,38.8 / 135
5468,PA,White,F,71,74.5,103.5,123,36.8,37.7,36.8,116,37.7,130,50.5,53.0,36.8 / 116,37.7 / 130
5468,PA,Gold,F,71,70.3,97.6,116,34.2,36.1,34.2,107,36.1,125,46.8,50.8,34.2 / 107,36.1 / 125
5468,PA,Red,F,71,68.9,95.3,112,34.1,34.8,34.1,105,34.8,119,46.5,48.8,34.1 / 105,34.8 / 119
5468,PA,Silver,F,71,66.3,91.5,107,32.9,33.4,32.9,103,33.4,111,45.0,46.5,32.9 / 103,33.4 / 111
3190,PA,Yellow,M,70,70.9,96.0,135,34.9,36.0,34.9,131,36.0,139,47.1,48.9,34.9 / 131,36.0 / 139
3190,PA,Green,M,70,68.9,93.7,134,34.1,34.8,34.1,130,34.8,137,46.2,47.5,34.1 / 130,34.8 / 137
3190,PA,Green/White,M,70,67.1,91.4,131,33.5,33.6,33.5,129,33.6,132,45.5,45.9,33.5 / 129,33.6 / 132
3190,PA,White,M,70,65.3,87.1,118,33.1,32.2,33.1,114,32.2,121,43.7,43.4,33.1 / 114,32.2 / 121
3190,PA,Yellow,F,70,77.6,110.3,139,38.6,39.0,38.6,137,39.0,141,54.7,55.6,38.6 / 137,39.0 / 141
3190,PA,Green,F,70,75.4,106.9,134,37.5,37.9,37.5,132,37.9,135,53.1,53.8,37.5 / 132,37.9 / 135
3190,PA,Green/White,F,70,73.3,103.7,129,36.9,36.4,36.9,129,36.4,129,52.1,51.6,36.9 / 129,36.4 / 129
3190,PA,White,F,70,70.7,99.9,124,35.8,34.9,35.8,125,34.9,123,50.5,49.4,35.8 / 125,34.9 / 123
3209,PA,Gold,M,72,73.8,99.4,138,36.4,37.4,36.4,132,37.4,143,48.7,50.7,36.4 / 132,37.4 / 143
3209,PA,Blue,M,72,71.9,96.9,135,35.5,36.4,35.5,130,36.4,139,47.6,49.3,35.5 / 130,36.4 / 139
3209,PA,Blue/White Combo,M,72,70.6,95.1,132,35.1,35.5,35.1,128,35.5,136,47.0,48.1,35.1 / 128,35.5 / 136
3209,PA,White,M,72,69.6,93.7,130,34.4,35.2,34.4,126,35.2,133,46.1,47.6,34.4 / 126,35.2 / 133
3209,PA,Black,M,72,67.3,90.4,125,33.4,33.9,33.4,121,33.9,128,44.6,45.8,33.4 / 121,33.9 / 128
3209,PA,Blue/White Combo,F,72,77.0,108.6,134,37.9,39.1,37.9,132,39.1,136,53.5,55.1,37.9 / 132,39.1 / 136
3209,PA,White,F,72,75.8,106.7,131,37.1,38.7,37.1,128,38.7,134,52.2,54.5,37.1 / 128,38.7 / 134
3209,PA,Black,F,72,72.8,102.2,125,35.8,37.0,35.8,123,37.0,126,50.3,51.9,35.8 / 123,37.0 / 126
3209,PA,Red,F,72,70.7,99.2,121,34.5,36.2,34.5,118,36.2,124,48.4,50.8,34.5 / 118,36.2 / 124
7843,PA,Blue,M,67,65.2,86.8,117,32.1,33.1,32.1,112,33.1,121,42.5,44.3,32.1 / 112,33.1 / 121
7843,PA,White,M,67,63.6,84.6,113,31.6,32.0,31.6,110,32.0,116,41.8,42.8,31.6 / 110,32.0 / 116
7843,PA,Red,M,67,60.8,80.9,108,30.2,30.6,30.2,105,30.6,111,40.0,40.9,30.2 / 105,30.6 / 111
7843,PA,Blue,F,67,69.3,97.4,120,33.8,35.5,33.8,114,35.5,125,47.2,50.2,33.8 / 114,35.5 / 125
7843,PA,White,F,66,66.4,93.0,113,32.2,34.2,32.2,107,34.2,119,44.8,48.2,32.2 / 107,34.2 / 119
7843,PA,Red,F,67,62.2,86.6,104,30.5,31.7,30.5,98,31.7,109,42.1,44.5,30.5 / 98,31.7 / 109
5408,PA,White,M,70,68.5,90.4,118,34.4,34.1,34.4,114,34.1,122,45.0,45.4,34.4 / 114,34.1 / 122
5408,PA,Gold,M,70,64.2,83.7,105,32.6,31.6,32.6,107,31.6,103,42.5,41.2,32.6 / 107,31.6 / 103
5408,PA,Red (M),M,70,62.5,81.6,103,31.3,31.2,31.3,103,31.2,102,40.9,40.7,31.3 / 103,31.2 / 102
5408,PA,White (W),F,70,73.6,101.5,118,36.9,36.7,36.9,116,36.7,120,50.6,50.9,36.9 / 116,36.7 / 120
5408,PA,Gold (W),F,70,68.8,94.5,109,34.9,33.9,34.9,109,33.9,109,47.7,46.8,34.9 / 109,33.9 / 109
5408,PA,Red,F,70,66.8,91.4,105,33.5,33.3,33.5,103,33.3,106,45.6,45.8,33.5 / 103,33.3 / 106
3172,PA,Black,M,71,71.3,95.5,130,35.2,36.1,35.2,130,36.1,130,47.3,48.2,35.2 / 130,36.1 / 130
3172,PA,Black/Blue,M,71,70.8,94.8,129,35.0,35.8,35.0,129,35.8,129,47.0,47.8,35.0 / 129,35.8 / 129
3172,PA,Blue,M,71,70.0,93.7,128,34.5,35.5,34.5,127,35.5,128,46.3,47.4,34.5 / 127,35.5 / 128
3172,PA,Blue/White,M,71,68.7,91.9,125,33.8,34.9,33.8,124,34.9,126,45.3,46.6,33.8 / 124,34.9 / 126
3172,PA,White,M,71,67.5,90.3,123,33.0,34.5,33.0,122,34.5,124,44.3,46.0,33.0 / 122,34.5 / 124
3172,PA,Red,M,71,66.4,88.7,120,32.5,33.9,32.5,119,33.9,121,43.6,45.1,32.5 / 119,33.9 / 121
3172,PA,Blue,F,71,75.8,106.5,130,37.4,38.4,37.4,126,38.4,134,52.3,54.2,37.4 / 126,38.4 / 134
3172,PA,Blue/White,F,71,74.0,103.8,127,36.4,37.6,36.4,123,37.6,130,50.9,52.9,36.4 / 123,37.6 / 130
3172,PA,White,F,71,72.6,101.6,123,35.6,37.0,35.6,119,37.0,127,49.6,52.0,35.6 / 119,37.0 / 127
3172,PA,Red,F,71,71.4,99.8,121,35.0,36.4,35.0,116,36.4,125,48.7,51.1,35.0 / 116,36.4 / 125
5348,PA,Blue,M,71,67.6,89.3,117,32.9,34.7,32.9,112,34.7,122,43.3,46.0,32.9 / 112,34.7 / 122
5348,PA,White,M,71,65.6,85.9,109,31.8,33.8,31.8,105,33.8,113,41.6,44.3,31.8 / 105,33.8 / 113
5348,PA,Gold,M,71,63.3,82.8,105,30.5,32.8,30.5,101,32.8,109,39.9,42.9,30.5 / 101,32.8 / 109
5348,PA,Red,M,71,60.8,79.4,100,30.0,30.8,30.0,98,30.8,102,39.1,40.3,30.0 / 98,30.8 / 102
5348,PA,Blue,F,71,73.3,101.8,121,35.5,37.8,35.5,116,37.8,126,49.2,52.6,35.5 / 116,37.8 / 126
5348,PA,White,F,71,70.3,98.5,120,34.0,36.3,34.0,114,36.3,126,47.4,51.1,34.0 / 114,36.3 / 126
5348,PA,Gold,F,71,67.5,94.6,115,32.5,35.0,32.5,110,35.0,120,45.5,49.1,32.5 / 110,35.0 / 120
5348,PA,Red,F,71,64.2,88.5,103,31.1,33.1,31.1,100,33.1,106,42.9,45.6,31.1 / 100,33.1 / 106
20788,PA,Championship,M,70,70.4,92.9,121,34.7,35.7,34.7,124,35.7,118,46.2,46.7,34.7 / 124,35.7 / 118
20788,PA,Blue,M,70,69.3,91.5,120,34.0,35.3,34.0,122,35.3,117,45.3,46.2,34.0 / 122,35.3 / 117
20788,PA,Blue/White,M,70,68.8,90.7,118,33.6,35.2,33.6,119,35.2,116,44.7,46.0,33.6 / 119,35.2 / 116
20788,PA,White,M,70,68.1,89.8,117,33.2,34.9,33.2,118,34.9,115,44.2,45.6,33.2 / 118,34.9 / 115
20788,PA,White/Gold,M,70,65.6,86.3,112,31.6,34.0,31.6,112,34.0,111,42.0,44.3,31.6 / 112,34.0 / 111
20788,PA,Gold,M,70,63.3,83.2,107,31.2,32.1,31.2,111,32.1,103,41.5,41.7,31.2 / 111,32.1 / 103
20788,PA,Red,M,70,62.8,82.5,106,31.0,31.8,31.0,110,31.8,102,41.2,41.3,31.0 / 110,31.8 / 102
20788,PA,Championship,F,70,76.2,106.4,128,37.7,38.5,37.7,125,38.5,131,52.4,54.0,37.7 / 125,38.5 / 131
20788,PA,Blue,F,70,74.9,104.6,126,36.9,38.0,36.9,122,38.0,130,51.3,53.3,36.9 / 122,38.0 / 130
20788,PA,Blue/White,F,70,74.3,103.5,124,36.4,37.9,36.4,120,37.9,128,50.5,53.0,36.4 / 120,37.9 / 128
20788,PA,White,F,70,73.4,102.3,123,35.9,37.5,35.9,118,37.5,127,49.8,52.5,35.9 / 118,37.5 / 127
20788,PA,White/Gold,F,70,70.4,98.1,118,34.0,36.4,34.0,113,36.4,122,47.3,50.8,34.0 / 113,36.4 / 122
20788,PA,Gold,F,70,67.6,94.0,112,33.5,34.1,33.5,112,34.1,112,46.7,47.3,33.5 / 112,34.1 / 112
20788,PA,Red,F,70,66.8,93.0,111,33.1,33.7,33.1,111,33.7,111,46.2,46.8,33.1 / 111,33.7 / 111
5447,PA,Blue,M,72,70.2,92.3,119,35.2,35.0,35.2,123,35.0,115,46.6,45.7,35.2 / 123,35.0 / 115
5447,PA,White,M,72,68.9,90.4,116,34.5,34.4,34.5,122,34.4,110,45.8,44.6,34.5 / 122,34.4 / 110
5447,PA,Green,M,72,63.9,83.9,108,32.0,31.9,32.0,108,31.9,108,42.0,41.9,32.0 / 108,31.9 / 108
5447,PA,Red,M,72,63.5,83.2,106,31.8,31.7,31.8,105,31.7,107,41.6,41.6,31.8 / 105,31.7 / 107
5447,PA,Blue,F,72,76.0,105.8,126,38.8,37.2,38.8,132,37.2,120,54.4,51.4,38.8 / 132,37.2 / 120
5447,PA,White,F,72,74.1,103.1,123,37.7,36.4,37.7,128,36.4,118,52.8,50.3,37.7 / 128,36.4 / 118
5447,PA,Green,F,72,68.9,95.3,112,35.0,33.9,35.0,117,33.9,107,48.8,46.5,35.0 / 117,33.9 / 107
5447,PA,Red,F,72,68.5,94.7,111,34.8,33.7,34.8,116,33.7,106,48.5,46.2,34.8 / 116,33.7 / 106
5446,PA,White/Blue,M,71,70.5,94.5,129,35.6,34.9,35.6,131,34.9,127,47.8,46.7,35.6 / 131,34.9 / 127
5446,PA,W&G,M,71,69.0,93.2,130,34.8,34.2,34.8,132,34.2,128,47.1,46.1,34.8 / 132,34.2 / 128
5446,PA,Green/Black,M,71,67.4,90.3,123,34.1,33.3,34.1,127,33.3,119,45.9,44.4,34.1 / 127,33.3 / 119
5446,PA,G&R,M,71,65.9,87.7,118,33.4,32.5,33.4,124,32.5,111,44.9,42.8,33.4 / 124,32.5 / 111
5446,PA,Red/Yellow,M,71,65.7,86.9,114,33.5,32.2,33.5,118,32.2,110,44.5,42.4,33.5 / 118,32.2 / 110
5446,PA,White/Blue,F,73,76.0,107.4,133,38.7,37.3,38.7,133,37.3,133,54.4,53.0,38.7 / 133,37.3 / 133
5446,PA,Green/Black,F,73,72.0,101.4,125,36.8,35.2,36.8,126,35.2,124,51.6,49.8,36.8 / 126,35.2 / 124
5446,PA,Red/Yellow,F,72,70.6,99.3,122,36.1,34.5,36.1,124,34.5,120,50.7,48.6,36.1 / 124,34.5 / 120
21215,PA,Blue,M,71,68.3,89.4,114,35.3,33.0,35.3,128,33.0,99,47.2,42.2,35.3 / 128,33.0 / 99
21215,PA,White,M,71,66.6,86.7,109,34.3,32.3,34.3,123,32.3,94,45.7,41.0,34.3 / 123,32.3 / 94
21215,PA,Gold,M,71,63.8,83.1,104,32.9,30.9,32.9,118,30.9,89,43.9,39.2,32.9 / 118,30.9 / 89
21215,PA,Red,M,71,61.7,80.2,100,31.3,30.4,31.3,113,30.4,86,41.8,38.4,31.3 / 113,30.4 / 86
21215,PA,Orange,M,71,53.5,68.7,82,27.2,26.3,27.2,94,26.3,70,35.9,32.8,27.2 / 94,26.3 / 70
21215,PA,Gold,F,71,67.8,94.0,112,35.3,32.5,35.3,125,32.5,98,50.0,44.0,35.3 / 125,32.5 / 98
21215,PA,Red,F,71,64.9,89.5,104,33.3,31.6,33.3,116,31.6,92,47.0,42.5,33.3 / 116,31.6 / 92
21215,PA,Orange,F,71,55.5,75.5,85,28.4,27.1,28.4,95,27.1,75,39.6,35.9,28.4 / 95,27.1 / 75
13531,PA,Black,M,72,73.2,98.1,134,36.2,37.0,36.2,133,37.0,135,48.6,49.5,36.2 / 133,37.0 / 135
13531,PA,Blue,M,72,71.4,95.5,130,35.3,36.1,35.3,127,36.1,133,47.0,48.5,35.3 / 127,36.1 / 133
13531,PA,White,M,72,69.9,93.3,126,34.4,35.5,34.4,126,35.5,126,46.1,47.2,34.4 / 126,35.5 / 126
13531,PA,Gold,M,72,65.9,86.8,113,33.0,32.9,33.0,117,32.9,108,43.9,42.9,33.0 / 117,32.9 / 108
13531,PA,Red,F,72,69.6,97.7,120,34.6,35.0,34.6,119,35.0,120,48.6,49.1,34.6 / 119,35.0 / 120
5357,PA,Black,M,72,72.8,98.0,136,36.2,36.6,36.2,136,36.6,136,48.8,49.2,36.2 / 136,36.6 / 136
5357,PA,Blue,M,72,71.4,96.2,133,35.6,35.8,35.6,132,35.8,134,47.9,48.3,35.6 / 132,35.8 / 134
5357,PA,Blue/White,M,72,70.3,94.1,128,35.1,35.2,35.1,126,35.2,130,46.8,47.3,35.1 / 126,35.2 / 130
5357,PA,White,M,72,69.0,92.6,127,34.6,34.4,34.6,125,34.4,129,46.2,46.4,34.6 / 125,34.4 / 129
5357,PA,White/Green,M,72,67.9,91.1,125,34.2,33.7,34.2,125,33.7,125,45.8,45.3,34.2 / 125,33.7 / 125
5357,PA,Green,M,72,67.3,90.1,123,33.9,33.4,33.9,124,33.4,122,45.4,44.7,33.9 / 124,33.4 / 122
5357,PA,Green/Purple,M,72,63.5,84.9,115,31.8,31.7,31.8,115,31.7,115,42.5,42.4,31.8 / 115,31.7 / 115
5357,PA,Purple,M,72,62.4,83.6,114,31.3,31.1,31.3,114,31.1,114,41.9,41.7,31.3 / 114,31.1 / 114
5357,PA,Black,F,72,78.7,111.1,137,39.5,39.2,39.5,137,39.2,137,55.7,55.4,39.5 / 137,39.2 / 137
5357,PA,Blue,F,72,76.9,108.7,135,38.6,38.3,38.6,136,38.3,134,54.6,54.1,38.6 / 136,38.3 / 134
5357,PA,Blue/White,F,72,75.5,106.5,131,37.9,37.6,37.9,131,37.6,131,53.4,53.1,37.9 / 131,37.6 / 131
5357,PA,White,F,72,74.5,104.9,129,37.6,36.9,37.6,130,36.9,128,52.9,52.0,37.6 / 130,36.9 / 128
5357,PA,White/Green,F,72,72.7,102.5,127,37.0,35.8,37.0,129,35.8,125,52.2,50.5,37.0 / 129,35.8 / 125
5357,PA,Green,F,72,72.2,101.5,124,36.7,35.5,36.7,127,35.5,121,51.7,49.8,36.7 / 127,35.5 / 121
5357,PA,Green/Purple,F,72,67.0,93.7,113,34.0,33.0,34.0,115,33.0,111,47.6,46.1,34.0 / 115,33.0 / 111
5357,PA,Purple,F,72,65.3,91.2,110,33.1,32.2,33.1,110,32.2,109,46.1,45.1,33.1 / 110,32.2 / 109
5380,PA,Course #1,M,72,73.0,97.8,133,36.9,36.1,36.9,133,36.1,133,49.3,48.5,36.9 / 133,36.1 / 133
5380,PA,Course #2,M,72,71.5,96.1,132,36.3,35.2,36.3,132,35.2,132,48.6,47.5,36.3 / 132,35.2 / 132
5380,PA,Course #3,M,72,70.2,94.2,129,35.4,34.8,35.4,128,34.8,130,47.3,46.9,35.4 / 128,34.8 / 130
5380,PA,Course #4,M,72,68.8,92.2,126,35.0,33.8,35.0,128,33.8,124,46.9,45.3,35.0 / 128,33.8 / 124
5380,PA,Course #5,M,72,67.9,90.9,124,34.2,33.7,34.2,125,33.7,123,45.8,45.1,34.2 / 125,33.7 / 123
5380,PA,Course #6,M,72,66.9,89.5,122,33.7,33.2,33.7,123,33.2,121,45.1,44.4,33.7 / 123,33.2 / 121
5380,PA,Course #7,M,72,61.8,81.5,106,30.9,30.9,30.9,105,30.9,107,40.7,40.8,30.9 / 105,30.9 / 107
5380,PA,Course #1,F,73,79.5,113.3,143,40.4,39.1,40.4,142,39.1,144,57.2,56.1,40.4 / 142,39.1 / 144
5380,PA,Course #2,F,73,77.7,110.7,140,39.6,38.1,39.6,140,38.1,140,56.1,54.6,39.6 / 140,38.1 / 140
5380,PA,Course #3,F,73,76.0,108.0,136,38.4,37.6,38.4,135,37.6,137,54.2,53.8,38.4 / 135,37.6 / 137
5380,PA,Course #4/#6,F,73,74.2,105.1,131,37.4,36.8,37.4,127,36.8,135,52.4,52.7,37.4 / 127,36.8 / 135
5380,PA,Course #4,F,73,74.2,105.4,132,37.9,36.3,37.9,131,36.3,133,53.4,52.0,37.9 / 131,36.3 / 133
5380,PA,Course #5,F,73,73.1,103.8,130,36.9,36.2,36.9,128,36.2,132,52.0,51.8,36.9 / 128,36.2 / 132
5380,PA,Course #6,F,73,72.0,102.1,128,36.3,35.7,36.3,125,35.7,131,51.0,51.1,36.3 / 125,35.7 / 131
5380,PA,Course #7,F,73,65.2,92.8,117,32.5,32.7,32.5,117,32.7,117,46.3,46.5,32.5 / 117,32.7 / 117
3151,PA,Black,M,70,73.5,99.0,137,37.5,36.0,37.5,141,36.0,133,50.6,48.4,37.5 / 141,36.0 / 133
3151,PA,Blue,M,70,71.7,95.8,130,36.6,35.1,36.6,130,35.1,129,48.7,47.1,36.6 / 130,35.1 / 129
3151,PA,Combo B/W,M,70,70.4,94.0,127,36.1,34.3,36.1,128,34.3,126,48.0,46.0,36.1 / 128,34.3 / 126
3151,PA,Green,M,70,69.5,92.7,125,35.6,33.9,35.6,126,33.9,124,47.3,45.4,35.6 / 126,33.9 / 124
3151,PA,White,M,70,67.4,90.0,122,34.4,33.0,34.4,123,33.0,121,45.8,44.2,34.4 / 123,33.0 / 121
3151,PA,Gold,M,70,66.3,88.3,118,33.4,32.9,33.4,117,32.9,119,44.3,44.0,33.4 / 117,32.9 / 119
3151,PA,Silver,M,70,63.5,84.5,113,32.3,31.2,32.3,113,31.2,113,42.8,41.7,32.3 / 113,31.2 / 113
3151,PA,Blue,F,74,77.3,109.2,136,40.0,37.3,40.0,141,37.3,130,56.6,52.6,40.0 / 141,37.3 / 130
3151,PA,Green,F,73,74.6,105.1,130,38.8,35.8,38.8,136,35.8,123,54.8,50.3,38.8 / 136,35.8 / 123
3151,PA,White,F,73,71.9,102.4,130,37.7,34.3,37.7,135,34.3,123,53.6,48.8,37.7 / 135,34.3 / 123
3151,PA,Orange,F,73,70.6,100.2,126,36.4,34.3,36.4,127,34.3,123,51.4,48.8,36.4 / 127,34.3 / 123
3151,PA,Silver,F,73,67.0,94.6,117,34.4,32.6,34.4,117,32.6,117,48.2,46.4,34.4 / 117,32.6 / 117
3152,PA,Black,M,70,72.5,98.1,138,36.0,36.5,36.0,133,36.5,142,48.4,49.7,36.0 / 133,36.5 / 142
3152,PA,Blue,M,70,70.7,95.2,132,35.1,35.6,35.1,129,35.6,135,47.1,48.1,35.1 / 129,35.6 / 135
3152,PA,Green,M,70,68.4,91.9,127,33.9,34.5,33.9,124,34.5,129,45.4,46.5,33.9 / 124,34.5 / 129
3152,PA,White,M,70,66.5,89.5,124,33.0,33.5,33.0,121,33.5,127,44.2,45.3,33.0 / 121,33.5 / 127
3152,PA,Gold,M,70,66.1,88.8,122,32.9,33.2,32.9,119,33.2,125,44.0,44.8,32.9 / 119,33.2 / 125
3152,PA,Silver,M,70,62.1,83.7,116,31.2,30.9,31.2,113,30.9,119,41.7,42.0,31.2 / 113,30.9 / 119
3152,PA,Blue,F,72,75.4,106.6,133,37.3,38.1,37.3,130,38.1,135,52.6,54.0,37.3 / 130,38.1 / 135
3152,PA,Green,F,71,72.5,102.3,127,35.8,36.7,35.8,123,36.7,130,50.3,52.0,35.8 / 123,36.7 / 130
3152,PA,White,F,71,70.4,101.0,130,34.3,36.1,34.3,123,36.1,137,48.8,52.2,34.3 / 123,36.1 / 137
3152,PA,Orange,F,71,68.6,98.4,127,34.3,34.4,34.3,122,34.4,130,48.7,49.7,34.3 / 122,34.4 / 130
3152,PA,Silver,F,71,65.4,93.7,120,32.6,32.8,32.6,117,32.8,123,46.4,47.3,32.6 / 117,32.8 / 123
3153,PA,Black,M,70,74.0,100.3,141,36.5,37.5,36.5,141,37.5,141,49.7,50.6,36.5 / 141,37.5 / 141
3153,PA,Blue,M,70,72.1,96.7,133,35.6,36.5,35.6,135,36.5,130,48.1,48.6,35.6 / 135,36.5 / 130
3153,PA,Green,M,70,70.1,93.8,128,34.5,35.6,34.5,129,35.6,126,46.5,47.3,34.5 / 129,35.6 / 126
3153,PA,White,M,70,67.9,91.1,125,33.5,34.4,33.5,127,34.4,123,45.3,45.8,33.5 / 127,34.4 / 123
3153,PA,Gold,M,70,66.6,89.1,121,33.2,33.4,33.2,125,33.4,117,44.8,44.3,33.2 / 125,33.4 / 117
3153,PA,Silver,M,70,63.4,85.0,116,31.1,32.3,31.1,119,32.3,113,42.2,42.8,31.1 / 119,32.3 / 113
3153,PA,Blue,F,74,78.1,110.6,138,38.1,40.0,38.1,135,40.0,141,54.0,56.6,38.1 / 135,40.0 / 141
3153,PA,Green,F,74,75.5,106.8,137,36.7,38.8,36.7,130,38.8,136,52.0,54.8,36.7 / 130,38.8 / 136
3153,PA,White,F,74,73.8,105.8,136,36.1,37.7,36.1,137,37.7,135,52.2,53.6,36.1 / 137,37.7 / 135
3153,PA,Orange,F,74,70.8,101.1,129,34.4,36.4,34.4,130,36.4,127,49.7,51.4,34.4 / 130,36.4 / 127
3153,PA,Silver,F,74,67.2,95.5,120,32.8,34.4,32.8,123,34.4,117,47.3,48.2,32.8 / 123,34.4 / 117
23887,PA,Blue,M,70,68.9,92.4,127,34.9,34.0,34.9,127,34.0,126,46.7,45.7,34.9 / 127,34.0 / 126
23887,PA,White,M,70,67.1,90.0,123,33.9,33.2,33.9,119,33.2,127,45.0,45.0,33.9 / 119,33.2 / 127
23887,PA,Yellow,M,70,63.9,83.9,108,32.5,31.4,32.5,109,31.4,107,42.6,41.3,32.5 / 109,31.4 / 107
23887,PA,Red,M,70,62.3,82.0,106,31.4,30.9,31.4,104,30.9,108,41.1,40.9,31.4 / 104,30.9 / 108
23887,PA,Yellow,F,70,68.7,96.2,117,35.3,33.4,35.3,120,33.4,114,49.4,46.8,35.3 / 120,33.4 / 114
23887,PA,Red,F,70,66.7,93.3,113,34.0,32.7,34.0,114,32.7,111,47.5,45.8,34.0 / 114,32.7 / 111
5416,PA,Green,M,72,72.5,98.1,138,36.0,36.5,36.0,137,36.5,139,48.7,49.4,36.0 / 137,36.5 / 139
5416,PA,White,M,72,70.8,95.6,133,35.2,35.6,35.2,133,35.6,133,47.6,48.0,35.2 / 133,35.6 / 133
5416,PA,Gold,M,72,68.0,91.8,128,34.0,34.0,34.0,127,34.0,129,45.8,46.0,34.0 / 127,34.0 / 129
5416,PA,Gold/Red,M,72,65.6,88.8,125,33.1,32.5,33.1,126,32.5,124,44.8,44.0,33.1 / 126,32.5 / 124
5416,PA,Red,M,72,64.4,86.9,122,32.5,31.9,32.5,121,31.9,122,43.7,43.2,32.5 / 121,31.9 / 122
5416,PA,Blue,M,72,60.8,81.4,111,30.6,30.2,30.6,108,30.2,114,40.6,40.8,30.6 / 108,30.2 / 114
5416,PA,Green,F,72,78.5,112.1,143,39.2,39.3,39.2,145,39.3,140,56.3,55.8,39.2 / 145,39.3 / 140
5416,PA,White,F,72,76.4,108.8,137,38.2,38.2,38.2,140,38.2,134,54.7,54.1,38.2 / 140,38.2 / 134
5416,PA,Gold,F,72,72.0,102.5,129,36.2,35.8,36.2,131,35.8,127,51.7,50.8,36.2 / 131,35.8 / 127
5416,PA,Gold/Red,F,72,68.9,98.2,124,35.1,33.8,35.1,126,33.8,122,50.0,48.2,35.1 / 126,33.8 / 122
5416,PA,Red,F,72,68.0,96.3,120,34.4,33.6,34.4,124,33.6,116,49.0,47.3,34.4 / 124,33.6 / 116
5416,PA,Blue,F,72,63.3,88.1,106,31.7,31.6,31.7,109,31.6,102,44.5,43.6,31.7 / 109,31.6 / 102
5472,PA,Black,M,72,71.1,94.9,128,36.0,35.1,36.0,127,35.1,129,47.8,47.1,36.0 / 127,35.1 / 129
5472,PA,White,M,72,70.0,93.2,125,35.2,34.8,35.2,126,34.8,124,46.9,46.3,35.2 / 126,34.8 / 124
5472,PA,Silver,M,72,67.0,89.0,119,33.6,33.4,33.6,116,33.4,122,44.4,44.7,33.6 / 116,33.4 / 122
5472,PA,Gold,M,72,64.7,85.8,113,32.7,32.0,32.7,114,32.0,112,43.3,42.4,32.7 / 114,32.0 / 112
5472,PA,Black,F,72,76.8,109.3,138,38.8,38.0,38.8,140,38.0,136,55.3,54.0,38.8 / 140,38.0 / 136
5472,PA,White,F,72,75.5,106.9,134,38.1,37.3,38.1,136,37.3,132,54.1,52.9,38.1 / 136,37.3 / 132
5472,PA,Silver,F,72,71.8,101.7,127,36.1,35.7,36.1,128,35.7,126,51.2,50.6,36.1 / 128,35.7 / 126
5472,PA,Gold,F,72,69.5,99.1,125,35.0,34.5,35.0,125,34.5,125,49.8,49.3,35.0 / 125,34.5 / 125
5464,PA,Pink,M,72,76.4,102.4,140,38.3,38.1,38.3,141,38.1,139,51.4,51.0,38.3 / 141,38.1 / 139
5464,PA,Blue,M,72,73.1,98.2,136,36.4,36.7,36.4,136,36.7,135,49.0,49.2,36.4 / 136,36.7 / 135
5464,PA,White,M,72,71.5,95.1,127,35.8,35.7,35.8,128,35.7,126,47.7,47.4,35.8 / 128,35.7 / 126
5464,PA,Green,M,72,69.2,92.2,124,34.5,34.7,34.5,125,34.7,123,46.1,46.1,34.5 / 125,34.7 / 123
5464,PA,Red,M,72,66.4,88.9,121,33.4,33.0,33.4,119,33.0,123,44.5,44.4,33.4 / 119,33.0 / 123
5464,PA,White,F,72,77.6,110.1,138,39.0,38.6,39.0,136,38.6,140,55.0,55.1,39.0 / 136,38.6 / 140
5464,PA,Green,F,72,74.6,106.0,133,37.4,37.2,37.4,134,37.2,132,53.2,52.8,37.4 / 134,37.2 / 132
5464,PA,Red,F,72,71.8,101.8,128,36.2,35.6,36.2,129,35.6,126,51.4,50.4,36.2 / 129,35.6 / 126
5381,PA,Black,M,72,73.5,98.5,135,36.5,37.0,36.5,135,37.0,135,49.0,49.5,36.5 / 135,37.0 / 135
5381,PA,Blue,M,72,71.6,96.0,131,35.6,36.0,35.6,129,36.0,133,47.6,48.4,35.6 / 129,36.0 / 133
5381,PA,Blue/White,M,72,71.1,95.3,130,35.4,35.7,35.4,128,35.7,132,47.3,48.0,35.4 / 128,35.7 / 132
5381,PA,White,M,72,70.3,94.1,128,35.1,35.2,35.1,127,35.2,129,46.9,47.2,35.1 / 127,35.2 / 129
5381,PA,White/Gold,M,72,68.2,91.8,127,33.9,34.3,33.9,127,34.3,127,45.7,46.1,33.9 / 127,34.3 / 127
5381,PA,Gold,M,72,66.9,89.5,122,33.0,33.9,33.0,121,33.9,123,44.2,45.3,33.0 / 121,33.9 / 123
5381,PA,Red,M,72,63.3,84.9,116,31.3,32.0,31.3,116,32.0,116,42.1,42.8,31.3 / 116,32.0 / 116
5381,PA,Black,F,72,79.1,111.9,139,39.3,39.8,39.3,134,39.8,144,55.1,56.8,39.3 / 134,39.8 / 144
5381,PA,Blue,F,72,76.3,107.9,134,37.9,38.4,37.9,129,38.4,139,53.1,54.8,37.9 / 129,38.4 / 139
5381,PA,Blue/White,F,36,75.4,106.6,132,37.4,38.0,37.4,127,38.0,137,52.4,54.2,37.4 / 127,38.0 / 137
5381,PA,White,F,72,74.4,105.0,130,37.0,37.4,37.0,125,37.4,135,51.7,53.3,37.0 / 125,37.4 / 135
5381,PA,White/Gold,F,72,73.3,103.5,128,36.4,36.9,36.4,122,36.9,134,50.8,52.7,36.4 / 122,36.9 / 134
5381,PA,Gold,F,72,72.2,102.0,126,35.8,36.4,35.8,120,36.4,132,50.0,52.0,35.8 / 120,36.4 / 132
5381,PA,Red,F,72,67.5,95.3,118,33.7,33.8,33.7,114,33.8,122,47.1,48.2,33.7 / 114,33.8 / 122
9356,PA,Blue,M,72,72.1,98.3,141,35.9,36.2,35.9,139,36.2,143,48.8,49.5,35.9 / 139,36.2 / 143
9356,PA,White,M,72,71.3,97.1,139,35.4,35.9,35.4,137,35.9,141,48.1,49.0,35.4 / 137,35.9 / 141
9356,PA,White/Green,M,72,69.9,95.3,137,34.9,35.0,34.9,136,35.0,138,47.5,47.8,34.9 / 136,35.0 / 138
9356,PA,Green,M,72,68.5,93.3,134,34.0,34.5,34.0,131,34.5,136,46.2,47.1,34.0 / 131,34.5 / 136
9356,PA,Green/Bronze,M,72,67.1,91.4,131,33.7,33.4,33.7,130,33.4,131,45.8,45.6,33.7 / 130,33.4 / 131
9356,PA,Bronze,M,72,65.0,88.6,127,32.7,32.3,32.7,126,32.3,128,44.4,44.2,32.7 / 126,32.3 / 128
9356,PA,Family,M,72,59.9,81.1,114,29.8,30.1,29.8,112,30.1,116,40.2,40.9,29.8 / 112,30.1 / 116
9356,PA,Blue,F,73,78.0,111.9,144,38.9,39.1,38.9,142,39.1,145,55.7,56.2,38.9 / 142,39.1 / 145
9356,PA,White,F,72,76.9,110.3,142,38.3,38.6,38.3,140,38.6,143,54.8,55.5,38.3 / 140,38.6 / 143
9356,PA,White/Green,F,72,75.2,107.8,138,37.7,37.5,37.7,137,37.5,139,53.9,53.9,37.7 / 137,37.5 / 139
9356,PA,Green,F,72,73.5,105.2,135,36.6,36.9,36.6,132,36.9,137,52.2,53.0,36.6 / 132,36.9 / 137
9356,PA,Green/Bronze,F,72,71.8,102.6,131,36.2,35.6,36.2,131,35.6,131,51.6,51.0,36.2 / 131,35.6 / 131
9356,PA,Bronze,F,72,69.3,98.8,126,35.0,34.3,35.0,126,34.3,125,49.8,49.0,35.0 / 126,34.3 / 125
9356,PA,Family,F,72,61.4,87.0,109,30.6,30.8,30.6,107,30.8,110,43.2,43.8,30.6 / 107,30.8 / 110
3187,PA,Black,M,71,73.3,99.4,141,36.1,37.2,36.1,139,37.2,142,49.0,50.4,36.1 / 139,37.2 / 142
3187,PA,Blue,M,71,71.4,97.1,139,35.1,36.3,35.1,139,36.3,138,48.0,49.1,35.1 / 139,36.3 / 138
3187,PA,Green,M,71,69.6,94.5,134,34.0,35.6,34.0,131,35.6,137,46.2,48.3,34.0 / 131,35.6 / 137
3187,PA,Orange,M,71,65.9,89.4,127,33.0,32.9,33.0,128,32.9,125,44.9,44.5,33.0 / 128,32.9 / 125
3187,PA,White,M,71,63.2,85.7,122,31.3,31.9,31.3,122,31.9,121,42.6,43.1,31.3 / 122,31.9 / 121
3187,PA,Gold,M,71,59.9,80.9,113,29.4,30.5,29.4,112,30.5,114,39.8,41.1,29.4 / 112,30.5 / 114
3187,PA,Green,F,71,75.0,106.8,135,37.6,37.4,37.6,131,37.4,138,53.1,53.7,37.6 / 131,37.4 / 138
3187,PA,Orange,F,71,69.9,98.1,120,35.0,34.9,35.0,116,34.9,123,48.7,49.4,35.0 / 116,34.9 / 123
3187,PA,White,F,71,66.3,92.7,112,32.6,33.7,32.6,107,33.7,117,45.2,47.5,32.6 / 107,33.7 / 117
3119,PA,Rock,M,72,75.3,103.1,150,37.8,37.5,37.8,146,37.5,153,51.4,51.7,37.8 / 146,37.5 / 153
3119,PA,Rock/Blue,M,72,74.0,100.9,145,37.2,36.8,37.2,145,36.8,144,50.7,50.2,37.2 / 145,36.8 / 144
3119,PA,Blue,M,72,73.2,99.9,144,36.7,36.5,36.7,144,36.5,143,50.1,49.8,36.7 / 144,36.5 / 143
3119,PA,Blue/Green,M,72,72.2,98.4,141,36.2,36.0,36.2,142,36.0,140,49.4,49.0,36.2 / 142,36.0 / 140
3119,PA,Green,M,72,71.4,97.4,140,35.8,35.6,35.8,141,35.6,139,48.9,48.5,35.8 / 141,35.6 / 139
3119,PA,Green/White,M,72,69.7,95.0,137,34.9,34.8,34.9,137,34.8,136,47.6,47.4,34.9 / 137,34.8 / 136
3119,PA,White,M,72,69.0,94.2,136,34.6,34.4,34.6,137,34.4,135,47.3,46.9,34.6 / 137,34.4 / 135
3119,PA,Black,M,72,68.4,93.3,134,34.5,33.9,34.5,137,33.9,131,47.2,46.1,34.5 / 137,33.9 / 131
3119,PA,White/Gold,M,72,67.8,92.6,134,34.2,33.6,34.2,136,33.6,131,46.8,45.8,34.2 / 136,33.6 / 131
3119,PA,Purple,M,72,65.4,89.2,128,32.4,33.0,32.4,128,33.0,128,44.3,44.9,32.4 / 128,33.0 / 128
3119,PA,Gold,M,72,64.6,88.0,126,32.2,32.4,32.2,126,32.4,126,43.9,44.1,32.2 / 126,32.4 / 126
3119,PA,White,F,74,74.8,106.9,136,37.5,37.3,37.5,135,37.3,137,53.4,53.5,37.5 / 135,37.3 / 137
3119,PA,Black,F,74,74.0,105.8,135,37.4,36.6,37.4,135,36.6,135,53.3,52.5,37.4 / 135,36.6 / 135
3119,PA,Purple,F,74,70.4,100.3,127,34.9,35.5,34.9,123,35.5,131,49.4,50.9,34.9 / 123,35.5 / 131
3119,PA,Gold,F,73,68.2,97.1,123,34.5,33.7,34.5,122,33.7,124,48.9,48.3,34.5 / 122,33.7 / 124
3173,PA,Black,M,70,73.0,97.2,130,37.0,36.0,37.0,132,36.0,128,49.3,47.9,37.0 / 132,36.0 / 128
3173,PA,Black/Blue,M,70,72.4,96.5,130,36.7,35.7,36.7,131,35.7,128,48.9,47.6,36.7 / 131,35.7 / 128
3173,PA,Blue,M,70,70.9,94.6,128,35.9,35.0,35.9,126,35.0,129,47.6,47.0,35.9 / 126,35.0 / 129
3173,PA,Blue/White,M,70,69.1,92.1,124,34.9,34.2,34.9,123,34.2,125,46.3,45.8,34.9 / 123,34.2 / 125
3173,PA,White,M,70,68.0,90.4,121,34.2,33.8,34.2,118,33.8,123,45.2,45.2,34.2 / 118,33.8 / 123
3173,PA,White/Gold,M,70,66.9,89.1,120,33.6,33.3,33.6,116,33.3,123,44.4,44.7,33.6 / 116,33.3 / 123
3173,PA,Gold,M,70,66.1,87.9,117,33.4,32.7,33.4,115,32.7,119,44.1,43.8,33.4 / 115,32.7 / 119
3173,PA,Gold/Green,M,70,63.7,84.8,114,32.3,31.4,32.3,112,31.4,115,42.7,42.1,32.3 / 112,31.4 / 115
3173,PA,Green,M,70,62.1,82.5,110,31.2,30.9,31.2,108,30.9,112,41.2,41.3,31.2 / 108,30.9 / 112
3173,PA,Black,F,70,79.4,113.9,146,40.1,39.3,40.1,149,39.3,143,57.7,56.2,40.1 / 149,39.3 / 143
3173,PA,Black/Blue,F,70,78.8,112.8,145,39.8,39.0,39.8,147,39.0,142,57.1,55.7,39.8 / 147,39.0 / 142
3173,PA,Blue,F,70,77.0,110.2,141,38.8,38.2,38.8,143,38.2,138,55.7,54.5,38.8 / 143,38.2 / 138
3173,PA,Blue/White,F,70,74.7,106.9,137,37.6,37.1,37.6,138,37.1,135,53.9,53.0,37.6 / 138,37.1 / 135
3173,PA,White,F,70,73.3,104.7,133,36.7,36.6,36.7,134,36.6,132,52.5,52.2,36.7 / 134,36.6 / 132
3173,PA,White/Gold,F,70,72.2,102.9,131,36.0,36.2,36.0,131,36.2,130,51.4,51.5,36.0 / 131,36.2 / 130
3173,PA,Gold,F,70,71.1,101.4,129,35.7,35.4,35.7,131,35.4,126,51.1,50.3,35.7 / 131,35.4 / 126
3173,PA,Gold/Green,F,70,68.1,97.1,123,34.4,33.7,34.4,126,33.7,120,49.3,47.8,34.4 / 126,33.7 / 120
3173,PA,Green,F,70,65.7,93.3,117,32.8,32.9,32.8,120,32.9,114,46.9,46.4,32.8 / 120,32.9 / 114
14464,PA,WHITE,M,68,62.0,80.6,100,31.0,31.0,31.0,100,31.0,100,40.3,40.3,31.0 / 100,31.0 / 100
14464,PA,GOLD,M,68,61.2,79.6,99,30.6,30.6,30.6,99,30.6,99,39.8,39.8,30.6 / 99,30.6 / 99
14464,PA,RED,F,68,63.6,87.8,103,31.8,31.8,31.8,103,31.8,103,43.9,43.9,31.8 / 103,31.8 / 103
15195,PA,Blue,M,72,72.3,95.4,124,36.7,35.6,36.7,121,35.6,127,48.0,47.4,36.7 / 121,35.6 / 127
15195,PA,White,M,72,71.1,93.8,122,36.1,35.0,36.1,119,35.0,125,47.2,46.6,36.1 / 119,35.0 / 125
15195,PA,Purple,M,72,68.9,91.3,121,34.9,34.0,34.9,118,34.0,123,45.9,45.4,34.9 / 118,34.0 / 123
15195,PA,Gold,M,72,66.1,87.6,116,33.2,32.9,33.2,115,32.9,116,43.9,43.7,33.2 / 115,32.9 / 116
15195,PA,Red,M,72,65.0,85.9,113,32.4,32.6,32.4,111,32.6,114,42.7,43.2,32.4 / 111,32.6 / 114
15195,PA,Green,M,72,62.5,82.5,108,31.4,31.1,31.4,107,31.1,109,41.3,41.2,31.4 / 107,31.1 / 109
15195,PA,Red,F,72,70.0,97.6,117,35.0,35.0,35.0,111,35.0,123,48.1,49.5,35.0 / 111,35.0 / 123
15195,PA,Green,F,72,66.7,92.5,110,33.7,33.0,33.7,105,33.0,114,46.1,46.4,33.7 / 105,33.0 / 114
3220,PA,Blue,M,63,59.8,79.0,103,29.8,30.0,29.8,103,30.0,103,39.4,39.6,29.8 / 103,30.0 / 103
3220,PA,White,M,63,59.3,78.2,102,29.6,29.7,29.6,101,29.7,102,39.0,39.2,29.6 / 101,29.7 / 102
3220,PA,Red,F,60,54.9,75.7,89,27.9,27.0,27.9,91,27.0,86,38.6,37.1,27.9 / 91,27.0 / 86
5368,PA,Blue,M,70,71.4,94.3,126,35.8,35.6,35.8,122,35.6,125,47.1,47.2,35.8 / 122,35.6 / 125
5368,PA,Green,M,70,69.4,91.8,122,34.7,34.9,34.7,114,34.9,125,45.3,46.5,34.7 / 114,34.9 / 125
5368,PA,Green/White,M,70,67.7,90.3,120,33.4,34.6,33.4,117,34.6,123,44.3,46.0,33.4 / 117,34.6 / 123
5368,PA,White,M,70,66.9,89.1,118,33.2,34.0,33.2,112,34.0,124,43.6,45.5,33.2 / 112,34.0 / 124
5368,PA,White/Red,M,70,66.0,87.4,116,33.0,33.0,33.0,112,33.0,118,43.4,44.0,33.0 / 112,33.0 / 118
5368,PA,Red,M,70,65.6,85.9,113,32.2,32.7,32.2,109,32.7,117,42.3,43.6,32.2 / 109,32.7 / 117
5368,PA,Red/Orange,M,70,60.5,80.0,106,30.0,30.4,30.0,103,30.4,108,39.6,40.4,30.0 / 103,30.4 / 108
5368,PA,Orange,M,70,58.3,76.9,103,28.8,29.3,28.8,97,29.3,105,37.8,39.1,28.8 / 97,29.3 / 105
5368,PA,Blue,F,73,77.3,108.8,134,38.8,38.5,38.8,133,38.5,134,54.5,54.3,38.8 / 133,38.5 / 134
5368,PA,Green,F,72,74.9,105.5,130,37.7,37.2,37.7,126,37.2,133,52.6,52.9,37.7 / 126,37.2 / 133
5368,PA,Green/White,F,72,72.2,101.8,126,35.8,36.4,35.8,122,36.4,129,50.2,51.6,35.8 / 122,36.4 / 129
5368,PA,White,F,72,71.0,99.5,121,35.2,35.8,35.2,117,35.8,125,49.0,50.5,35.2 / 117,35.8 / 125
5368,PA,White/Red,F,72,69.7,98.2,121,35.0,34.7,35.0,116,34.7,126,48.7,49.5,35.0 / 116,34.7 / 126
5368,PA,Red,F,72,69.5,96.9,120,34.4,35.1,34.4,111,35.1,121,47.5,49.4,34.4 / 111,35.1 / 121
5368,PA,Red/Orange,F,72,62.5,87.5,107,31.1,31.4,31.1,102,31.4,110,43.1,44.4,31.1 / 102,31.4 / 110
5368,PA,Orange,F,72,60.4,84.0,103,29.8,30.6,29.8,96,30.6,104,41.1,42.9,29.8 / 96,30.6 / 104
23758,PA,Black,M,73,72.0,95.8,128,36.5,35.5,36.5,130,35.5,126,48.6,47.2,36.5 / 130,35.5 / 126
23758,PA,Blue,M,73,71.1,94.5,126,36.0,35.1,36.0,128,35.1,124,47.9,46.6,36.0 / 128,35.1 / 124
23758,PA,White,M,73,69.8,92.2,121,35.2,34.6,35.2,119,34.6,122,46.3,45.9,35.2 / 119,34.6 / 122
23758,PA,Gold,M,73,66.2,86.7,111,33.7,32.5,33.7,112,32.5,109,44.1,42.6,33.7 / 112,32.5 / 109
23758,PA,Red,F,77,69.3,96.7,117,35.4,33.9,35.4,120,33.9,113,49.5,47.2,35.4 / 120,33.9 / 113
23798,PA,Black,M,72,71.2,95.7,132,35.4,35.8,35.4,128,35.8,136,47.3,48.4,35.4 / 128,35.8 / 136
23798,PA,Blue,M,72,70.3,94.5,130,35.0,35.3,35.0,126,35.3,134,46.7,47.8,35.0 / 126,35.3 / 134
23798,PA,White,M,72,67.7,91.3,127,34.0,33.7,34.0,124,33.7,130,45.5,45.8,34.0 / 124,33.7 / 130
23798,PA,Gold,M,72,65.7,88.3,122,33.2,32.5,33.2,120,32.5,124,44.3,44.0,33.2 / 120,32.5 / 124
23798,PA,Red,M,72,63.5,84.5,113,32.0,31.5,32.0,114,31.5,112,42.6,41.9,32.0 / 114,31.5 / 112
23798,PA,Blue,F,72,75.8,107.1,133,37.8,38.0,37.8,130,38.0,136,53.1,54.0,37.8 / 130,38.0 / 136
23798,PA,White,F,72,72.9,103.3,129,36.6,36.3,36.6,128,36.3,130,51.7,51.6,36.6 / 128,36.3 / 130
23798,PA,Gold,F,72,71.0,99.9,123,35.7,35.3,35.7,126,35.3,120,50.5,49.4,35.7 / 126,35.3 / 120
23798,PA,Red,F,72,68.1,95.4,116,34.2,33.9,34.2,118,33.9,114,48.1,47.3,34.2 / 118,33.9 / 114
23799,PA,Black,M,72,72.8,97.3,132,37.0,35.8,37.0,128,35.8,136,48.9,48.4,37.0 / 128,35.8 / 136
23799,PA,Blue,M,72,71.4,95.6,130,36.1,35.3,36.1,126,35.3,134,47.8,47.8,36.1 / 126,35.3 / 134
23799,PA,White,M,72,68.5,91.9,126,34.8,33.7,34.8,122,33.7,130,46.1,45.8,34.8 / 122,33.7 / 130
23799,PA,Gold,M,72,66.4,88.9,121,33.9,32.5,33.9,118,32.5,124,44.9,44.0,33.9 / 118,32.5 / 124
23799,PA,Red,M,72,64.7,85.9,114,33.2,31.5,33.2,116,31.5,112,44.0,41.9,33.2 / 116,31.5 / 112
23799,PA,Blue,F,72,77.3,109.3,136,39.3,38.0,39.3,136,38.0,136,55.3,54.0,39.3 / 136,38.0 / 136
23799,PA,White,F,72,74.1,104.7,130,37.8,36.3,37.8,130,36.3,130,53.1,51.6,37.8 / 130,36.3 / 130
23799,PA,Gold,F,72,71.9,101.0,123,36.6,35.3,36.6,126,35.3,120,51.5,49.5,36.6 / 126,35.3 / 120
23799,PA,Red,F,72,68.9,96.7,118,35.0,33.9,35.0,122,33.9,114,49.4,47.3,35.0 / 122,33.9 / 114
23800,PA,Black,M,72,72.4,96.2,128,37.0,35.4,37.0,128,35.4,128,48.9,47.3,37.0 / 128,35.4 / 128
23800,PA,Blue,M,72,71.1,94.5,126,36.1,35.0,36.1,126,35.0,126,47.8,46.7,36.1 / 126,35.0 / 126
23800,PA,White,M,72,68.8,91.6,123,34.8,34.0,34.8,122,34.0,124,46.1,45.5,34.8 / 122,34.0 / 124
23800,PA,Gold,M,72,67.1,89.2,119,33.9,33.2,33.9,118,33.2,120,44.9,44.3,33.9 / 118,33.2 / 120
23800,PA,Red,M,72,65.2,86.6,115,33.2,32.0,33.2,116,32.0,114,44.0,42.6,33.2 / 116,32.0 / 114
23800,PA,Blue,F,72,77.1,108.4,133,39.3,37.8,39.3,136,37.8,130,55.3,53.1,39.3 / 136,37.8 / 130
23800,PA,White,F,72,74.4,104.8,129,37.8,36.6,37.8,130,36.6,128,53.1,51.7,37.8 / 130,36.6 / 128
23800,PA,Gold,F,72,72.3,102.0,126,36.6,35.7,36.6,126,35.7,126,51.5,50.5,36.6 / 126,35.7 / 126
23800,PA,Red,F,72,69.2,97.5,120,35.0,34.2,35.0,122,34.2,118,49.4,48.1,35.0 / 122,34.2 / 118
21121,PA,Blue,M,71,68.1,90.5,121,33.6,34.5,33.6,118,34.5,123,44.6,45.9,33.6 / 118,34.5 / 123
21121,PA,White,M,71,66.2,87.7,116,33.0,33.2,33.0,115,33.2,116,43.7,44.0,33.0 / 115,33.2 / 116
21121,PA,Yellow,M,71,63.8,83.6,107,31.9,31.9,31.9,109,31.9,104,42.0,41.6,31.9 / 109,31.9 / 104
21121,PA,Red,M,71,63.3,83.0,106,31.5,31.8,31.5,108,31.8,104,41.5,41.5,31.5 / 108,31.8 / 104
21121,PA,Blue,F,71,73.3,102.7,125,36.2,37.1,36.2,123,37.1,126,50.7,52.0,36.2 / 123,37.1 / 126
21121,PA,White,F,69,70.9,99.2,120,35.4,35.5,35.4,120,35.5,120,49.5,49.7,35.4 / 120,35.5 / 120
21121,PA,Yellow,F,71,68.0,94.9,114,34.0,34.0,34.0,114,34.0,114,47.5,47.4,34.0 / 114,34.0 / 114
21121,PA,Red,F,71,67.0,93.6,113,33.5,33.5,33.5,113,33.5,113,46.8,46.8,33.5 / 113,33.5 / 113
31538,PA,Blue,M,71,73.6,99.6,140,36.8,36.8,36.8,142,36.8,138,50.0,49.6,36.8 / 142,36.8 / 138
31538,PA,White,M,71,71.1,96.2,136,35.4,35.7,35.4,135,35.7,136,47.9,48.3,35.4 / 135,35.7 / 136
31538,PA,Yellow,M,71,68.7,92.1,126,34.1,34.6,34.1,128,34.6,124,46.0,46.1,34.1 / 128,34.6 / 124
31538,PA,Yellow,F,73,74.4,105.5,132,36.9,37.5,36.9,131,37.5,132,52.4,53.1,36.9 / 131,37.5 / 132
31538,PA,Red,F,73,72.5,102.6,128,36.4,36.1,36.4,129,36.1,126,51.6,51.0,36.4 / 129,36.1 / 126
3188,PA,Blue,M,71,73.5,100.1,143,37.9,35.6,37.9,146,35.6,140,51.5,48.6,37.9 / 146,35.6 / 140
3188,PA,Orange,M,71,72.1,98.0,140,37.2,34.9,37.2,143,34.9,136,50.5,47.5,37.2 / 143,34.9 / 136
3188,PA,White,M,71,70.6,96.0,137,36.3,34.3,36.3,140,34.3,133,49.3,46.7,36.3 / 140,34.3 / 133
3188,PA,White/Yellow,M,71,69.8,94.9,135,35.8,34.0,35.8,138,34.0,132,48.6,46.3,35.8 / 138,34.0 / 132
3188,PA,Yellow,M,71,68.4,93.0,133,35.2,33.2,35.2,137,33.2,128,47.9,45.1,35.2 / 137,33.2 / 128
3188,PA,Yellow/Red,M,71,66.3,90.1,128,33.8,32.5,33.8,129,32.5,127,45.8,44.3,33.8 / 129,32.5 / 127
3188,PA,Red,M,71,64.9,88.2,126,32.4,32.5,32.4,124,32.5,127,43.9,44.3,32.4 / 124,32.5 / 127
3188,PA,White,F,73,77.0,110.0,140,39.7,37.3,39.7,143,37.3,137,56.6,53.4,39.7 / 143,37.3 / 137
3188,PA,White/Yellow,F,73,76.0,108.5,138,39.1,36.9,39.1,140,36.9,136,55.6,52.9,39.1 / 140,36.9 / 136
3188,PA,Yellow,F,73,74.3,106.0,134,38.4,35.9,38.4,137,35.9,131,54.6,51.4,38.4 / 137,35.9 / 131
3188,PA,Yellow/Red,F,73,72.0,102.4,129,36.6,35.4,36.6,129,35.4,129,51.8,50.6,36.6 / 129,35.4 / 129
3188,PA,Red,F,73,70.0,99.1,124,34.8,35.2,34.8,120,35.2,127,48.9,50.2,34.8 / 120,35.2 / 127
30130,PA,Black,M,72,72.2,96.9,133,36.1,36.1,36.1,137,36.1,129,48.8,48.1,36.1 / 137,36.1 / 129
30130,PA,Blue,M,72,71.1,95.1,130,35.5,35.6,35.5,131,35.6,128,47.7,47.4,35.5 / 131,35.6 / 128
30130,PA,White,M,72,68.2,91.0,123,34.0,34.2,34.0,123,34.2,123,45.4,45.6,34.0 / 123,34.2 / 123
30130,PA,Yellow,M,72,68.1,90.6,121,34.0,34.1,34.0,121,34.1,121,45.2,45.4,34.0 / 121,34.1 / 121
30130,PA,Red,F,72,70.9,101.3,129,35.6,35.3,35.6,133,35.3,125,51.3,50.0,35.6 / 133,35.3 / 125
5449,PA,Blue,M,72,72.1,97.5,137,36.0,36.1,36.0,140,36.1,133,49.0,48.5,36.0 / 140,36.1 / 133
5449,PA,White,M,72,70.6,95.5,134,35.7,34.9,35.7,135,34.9,133,48.2,47.3,35.7 / 135,34.9 / 133
5449,PA,Gold,M,72,67.3,90.2,123,33.6,33.7,33.6,119,33.7,127,44.7,45.5,33.6 / 119,33.7 / 127
5449,PA,Red,M,72,65.9,88.2,120,33.0,32.9,33.0,116,32.9,124,43.8,44.4,33.0 / 116,32.9 / 124
5449,PA,Family Tee,M,72,62.3,83.0,111,31.0,31.3,31.0,105,31.3,117,40.8,42.2,31.0 / 105,31.3 / 117
5449,PA,Blue,F,72,77.4,110.8,142,38.6,38.8,38.6,147,38.8,137,55.9,54.9,38.6 / 147,38.8 / 137
5449,PA,White,F,72,75.9,108.4,138,37.7,38.2,37.7,141,38.2,135,54.3,54.1,37.7 / 141,38.2 / 135
5449,PA,Gold,F,72,72.2,103.1,131,35.7,36.5,35.7,134,36.5,128,51.5,51.6,35.7 / 134,36.5 / 128
5449,PA,Red,F,72,70.8,100.0,124,35.3,35.5,35.3,125,35.5,123,50.0,50.0,35.3 / 125,35.5 / 123
5449,PA,Family Tee,F,72,66.1,91.1,106,32.4,33.7,32.4,106,33.7,106,44.9,46.2,32.4 / 106,33.7 / 106
5444,PA,Black,M,70,73.8,100.0,140,37.2,36.6,37.2,150,36.6,130,51.2,48.8,37.2 / 150,36.6 / 130
5444,PA,Blue,M,70,72.4,98.1,138,36.6,35.8,36.6,147,35.8,129,50.3,47.8,36.6 / 147,35.8 / 129
5444,PA,Blue/White,M,70,71.4,97.0,138,35.9,35.5,35.9,147,35.5,128,49.6,47.4,35.9 / 147,35.5 / 128
5444,PA,White,M,70,70.9,96.0,135,35.6,35.3,35.6,144,35.3,126,49.0,47.0,35.6 / 144,35.3 / 126
5444,PA,White/Gold,M,70,69.8,94.6,134,34.9,34.9,34.9,142,34.9,125,48.1,46.5,34.9 / 142,34.9 / 125
5444,PA,Gold,M,70,68.9,93.6,133,34.6,34.3,34.6,142,34.3,124,47.8,45.8,34.6 / 142,34.3 / 124
5444,PA,Red,M,70,67.6,91.8,131,33.9,33.7,33.9,140,33.7,121,46.9,44.9,33.9 / 140,33.7 / 121
5444,PA,Red/Green,M,70,64.7,86.7,119,31.8,32.9,31.8,123,32.9,114,43.2,43.5,31.8 / 123,32.9 / 114
5444,PA,Green,M,70,64.2,85.9,117,31.7,32.5,31.7,123,32.5,111,43.1,42.8,31.7 / 123,32.5 / 111
5444,PA,Blue,F,72,78.1,111.1,140,39.8,38.3,39.8,142,38.3,137,56.6,54.5,39.8 / 142,38.3 / 137
5444,PA,Blue/White,F,72,76.9,109.4,138,38.9,38.0,38.9,140,38.0,136,55.4,54.0,38.9 / 140,38.0 / 136
5444,PA,White,F,72,76.2,108.3,136,38.5,37.7,38.5,138,37.7,134,54.8,53.5,38.5 / 138,37.7 / 134
5444,PA,White/Gold,F,72,74.8,106.3,134,37.6,37.2,37.6,135,37.2,132,53.5,52.8,37.6 / 135,37.2 / 132
5444,PA,Gold,F,72,73.9,104.8,131,37.3,36.6,37.3,133,36.6,129,53.0,51.8,37.3 / 133,36.6 / 129
5444,PA,Red,F,72,72.3,102.5,128,36.5,35.8,36.5,130,35.8,126,51.8,50.7,36.5 / 130,35.8 / 126
5444,PA,Red/Green,F,72,68.9,96.5,117,34.0,34.9,34.0,114,34.9,120,47.5,49.0,34.0 / 114,34.9 / 120
5444,PA,Green,F,72,68.1,95.4,116,33.7,34.4,33.7,114,34.4,118,47.1,48.3,33.7 / 114,34.4 / 118
3196,PA,Black,M,72,73.1,99.4,142,36.2,36.9,36.2,145,36.9,138,49.7,49.7,36.2 / 145,36.9 / 138
3196,PA,Purple,M,72,72.2,98.0,139,36.0,36.2,36.0,143,36.2,135,49.3,48.7,36.0 / 143,36.2 / 135
3196,PA,Blue,M,72,71.0,96.4,137,35.3,35.7,35.3,141,35.7,132,48.4,48.0,35.3 / 141,35.7 / 132
3196,PA,Azure,M,72,69.9,95.0,135,34.9,35.0,34.9,140,35.0,130,47.9,47.1,34.9 / 140,35.0 / 130
3196,PA,Silver,M,72,69.0,93.7,133,34.6,34.4,34.6,138,34.4,128,47.4,46.3,34.6 / 138,34.4 / 128
3196,PA,Bronze,M,72,66.8,90.8,129,33.2,33.6,33.2,133,33.6,125,45.6,45.2,33.2 / 133,33.6 / 125
3196,PA,Gold,M,72,65.4,88.5,125,32.7,32.7,32.7,128,32.7,121,44.6,43.9,32.7 / 128,32.7 / 121
3196,PA,Level 2,M,72,60.2,78.8,100,29.9,30.3,29.9,105,30.3,95,39.7,39.1,29.9 / 105,30.3 / 95
3196,PA,Level 1,M,72,54.6,72.0,94,27.3,27.3,27.3,93,27.3,95,35.9,36.1,27.3 / 93,27.3 / 95
3196,PA,Blue,F,72,77.3,110.6,142,38.3,39.0,38.3,142,39.0,141,55.0,55.6,38.3 / 142,39.0 / 141
3196,PA,Azure,F,72,76.1,108.7,139,37.9,38.2,37.9,140,38.2,137,54.4,54.3,37.9 / 140,38.2 / 137
3196,PA,Silver,F,72,74.9,107.1,137,37.4,37.5,37.4,139,37.5,134,53.8,53.3,37.4 / 139,37.5 / 134
3196,PA,Bronze,F,72,72.3,103.1,131,35.6,36.7,35.6,131,36.7,131,51.0,52.1,35.6 / 131,36.7 / 131
3196,PA,Gold,F,72,70.4,100.3,127,34.9,35.5,34.9,128,35.5,126,50.0,50.3,34.9 / 128,35.5 / 126
3196,PA,Level 2,F,72,62.1,86.8,105,30.9,31.2,30.9,103,31.2,106,43.1,43.7,30.9 / 103,31.2 / 106
3196,PA,Level 1,F,72,57.0,79.7,96,28.4,28.6,28.4,98,28.6,94,40.0,39.7,28.4 / 98,28.6 / 94
3249,PA,Blue,M,72,71.7,96.6,134,35.5,36.2,35.5,132,36.2,136,47.8,48.8,35.5 / 132,36.2 / 136
3249,PA,White,M,72,70.0,94.1,130,34.7,35.3,34.7,125,35.3,135,46.3,47.8,34.7 / 125,35.3 / 135
3249,PA,Nye,M,72,67.4,89.8,121,33.2,34.2,33.2,116,34.2,125,44.0,45.8,33.2 / 116,34.2 / 125
3249,PA,Bronze,M,72,65.7,87.5,117,32.3,33.4,32.3,115,33.4,119,43.0,44.5,32.3 / 115,33.4 / 119
3249,PA,Red,M,72,63.7,84.9,114,31.8,31.9,31.8,113,31.9,115,42.3,42.6,31.8 / 113,31.9 / 115
3249,PA,Green,M,72,62.0,82.4,110,30.4,31.6,30.4,108,31.6,112,40.4,42.0,30.4 / 108,31.6 / 112
3249,PA,Junior,M,72,57.6,75.8,98,28.8,28.8,28.8,100,28.8,96,38.1,37.7,28.8 / 100,28.8 / 96
3249,PA,Blue,F,72,77.8,110.4,139,38.5,39.3,38.5,137,39.3,140,54.6,55.8,38.5 / 137,39.3 / 140
3249,PA,White,F,72,75.8,107.3,134,37.5,38.3,37.5,131,38.3,136,53.0,54.3,37.5 / 131,38.3 / 136
3249,PA,Bronze,F,72,71.0,100.1,123,35.0,36.0,35.0,120,36.0,126,49.2,50.9,35.0 / 120,36.0 / 126
3249,PA,Brewster,F,72,68.5,96.8,120,33.5,35.0,33.5,117,35.0,123,47.3,49.5,33.5 / 117,35.0 / 123
3249,PA,Red,F,72,68.4,96.4,119,34.1,34.3,34.1,120,34.3,118,48.2,48.2,34.1 / 120,34.3 / 118
3249,PA,Green,F,72,65.5,91.4,110,31.8,33.7,31.8,106,33.7,114,44.3,47.1,31.8 / 106,33.7 / 114
3249,PA,Junior,F,72,59.8,82.6,97,29.9,29.9,29.9,98,29.9,96,41.4,41.2,29.9 / 98,29.9 / 96
13791,PA,Black,M,71,70.6,93.1,121,34.8,35.8,34.8,124,35.8,118,46.3,46.8,34.8 / 124,35.8 / 118
13791,PA,White,M,71,69.2,91.2,119,34.1,35.1,34.1,121,35.1,116,45.3,45.9,34.1 / 121,35.1 / 116
13791,PA,Blue,M,71,67.2,88.5,115,33.6,33.6,33.6,113,33.6,116,44.1,44.4,33.6 / 113,33.6 / 116
13791,PA,Gold,M,71,65.4,86.1,112,33.0,32.4,33.0,107,32.4,116,42.9,43.2,33.0 / 107,32.4 / 116
13791,PA,Red,M,71,63.5,82.5,103,31.9,31.6,31.9,96,31.6,109,40.8,41.7,31.9 / 96,31.6 / 109
13791,PA,Green,M,71,61.5,79.8,99,30.9,30.6,30.9,97,30.6,100,39.9,39.9,30.9 / 97,30.6 / 100
13791,PA,Gold,F,71,70.1,97.0,114,35.2,34.9,35.2,116,34.9,112,48.9,48.1,35.2 / 116,34.9 / 112
13791,PA,Red,F,71,68.6,95.0,112,34.3,34.3,34.3,114,34.3,109,47.8,47.2,34.3 / 114,34.3 / 109
13791,PA,Green,F,71,64.6,88.3,101,32.5,32.1,32.5,103,32.1,98,44.7,43.6,32.5 / 103,32.1 / 98
3200,PA,Red,M,71,73.4,98.1,133,36.7,36.7,36.7,127,36.7,139,48.5,49.6,36.7 / 127,36.7 / 139
3200,PA,Red/Black Combo,M,71,72.2,96.5,131,36.0,36.2,36.0,125,36.2,137,47.6,48.9,36.0 / 125,36.2 / 137
3200,PA,Black,M,71,71.1,94.9,129,35.4,35.7,35.4,122,35.7,135,46.7,48.2,35.4 / 122,35.7 / 135
3200,PA,Black/White Combo,M,71,69.6,92.9,125,34.7,34.9,34.7,118,34.9,132,45.7,47.2,34.7 / 118,34.9 / 132
3200,PA,White,M,71,68.5,91.5,124,34.1,34.4,34.1,117,34.4,130,45.0,46.5,34.1 / 117,34.4 / 130
3200,PA,White/Green Combo,M,71,66.8,89.1,120,33.1,33.7,33.1,113,33.7,127,43.6,45.5,33.1 / 113,33.7 / 127
3200,PA,Green,M,71,64.9,86.4,116,32.2,32.7,32.2,109,32.7,123,42.3,44.1,32.2 / 109,32.7 / 123
3200,PA,Black,F,72,77.0,110.2,141,38.4,38.6,38.4,135,38.6,147,54.3,55.9,38.4 / 135,38.6 / 147
3200,PA,Black/White Combo,F,72,75.1,107.6,138,37.4,37.7,37.4,132,37.7,143,53.0,54.6,37.4 / 132,37.7 / 143
3200,PA,White,F,72,73.9,105.7,135,36.8,37.1,36.8,130,37.1,140,52.1,53.6,36.8 / 130,37.1 / 140
3200,PA,White/Green Combo,F,72,71.8,102.5,131,35.6,36.2,35.6,124,36.2,137,50.2,52.3,35.6 / 124,36.2 / 137
3200,PA,Green,F,72,69.4,99.0,126,34.4,35.0,34.4,120,35.0,131,48.5,50.5,34.4 / 120,35.0 / 131
7846,PA,Blue,M,71,70.3,93.8,127,36.0,34.3,36.0,130,34.3,123,48.1,45.7,36.0 / 130,34.3 / 123
7846,PA,White,M,71,69.1,92.1,124,35.6,33.5,35.6,128,33.5,119,47.5,44.6,35.6 / 128,33.5 / 119
7846,PA,Green,M,71,67.1,89.4,120,34.3,32.8,34.3,123,32.8,117,45.7,43.7,34.3 / 123,32.8 / 117
7846,PA,Gold,M,71,65.7,87.4,117,33.4,32.3,33.4,119,32.3,114,44.5,42.9,33.4 / 119,32.3 / 114
7846,PA,Gold,F,71,70.3,99.3,123,35.8,34.5,35.8,126,34.5,120,50.6,48.7,35.8 / 126,34.5 / 120
7846,PA,Red,F,71,68.0,95.9,118,34.8,33.2,34.8,122,33.2,114,49.2,46.7,34.8 / 122,33.2 / 114
13564,PA,Blue,M,72,70.4,94.3,129,34.9,35.5,34.9,125,35.5,132,46.5,47.8,34.9 / 125,35.5 / 132
13564,PA,White,M,72,69.0,92.5,127,34.1,34.9,34.1,122,34.9,131,45.4,47.1,34.1 / 122,34.9 / 131
13564,PA,Gold,M,72,65.7,87.9,120,32.8,32.9,32.8,116,32.9,123,43.6,44.3,32.8 / 116,32.9 / 123
13564,PA,Red,M,72,63.3,84.6,115,31.5,31.8,31.5,111,31.8,118,41.8,42.8,31.5 / 111,31.8 / 118
13564,PA,White,F,72,74.5,105.2,130,36.8,37.7,36.8,128,37.7,132,51.9,53.3,36.8 / 128,37.7 / 132
13564,PA,Gold,F,72,70.4,99.1,122,35.2,35.2,35.2,121,35.2,122,49.5,49.6,35.2 / 121,35.2 / 122
13564,PA,Red,F,72,67.3,94.6,116,33.5,33.8,33.5,114,33.8,117,47.0,47.6,33.5 / 114,33.8 / 117
13564,PA,Purple,F,72,61.4,85.7,103,29.9,31.5,29.9,99,31.5,107,41.6,44.1,29.9 / 99,31.5 / 107
13438,PA,Blue,M,70,68.7,92.1,126,34.2,34.5,34.2,121,34.5,131,45.4,46.7,34.2 / 121,34.5 / 131
13438,PA,White,M,70,67.1,90.2,124,33.3,33.8,33.3,119,33.8,129,44.4,45.8,33.3 / 119,33.8 / 129
13438,PA,White/Gold,M,70,65.7,88.2,121,33.0,32.7,33.0,117,32.7,125,43.9,44.3,33.0 / 117,32.7 / 125
13438,PA,Gold,M,70,65.1,87.5,121,32.6,32.5,32.6,115,32.5,126,43.3,44.2,32.6 / 115,32.5 / 126
13438,PA,Red,M,70,62.9,84.6,117,31.4,31.5,31.4,112,31.5,122,41.8,42.8,31.4 / 112,31.5 / 122
13438,PA,Blue,F,70,73.8,104.2,129,37.0,36.8,37.0,125,36.8,133,51.7,52.5,37.0 / 125,36.8 / 133
13438,PA,White,F,70,71.9,101.3,125,36.1,35.8,36.1,120,35.8,130,50.2,51.1,36.1 / 120,35.8 / 130
13438,PA,White/Gold,F,70,68.8,96.7,119,34.7,34.1,34.7,114,34.1,123,48.1,48.6,34.7 / 114,34.1 / 123
13438,PA,Gold,F,70,67.0,94.1,115,34.0,33.0,34.0,112,33.0,118,47.2,46.9,34.0 / 112,33.0 / 118
13438,PA,Red,F,70,66.1,92.8,113,33.6,32.5,33.6,110,32.5,116,46.6,46.2,33.6 / 110,32.5 / 116
3154,PA,Black,M,72,74.5,99.4,134,37.1,37.4,37.1,133,37.4,135,49.5,49.9,37.1 / 133,37.4 / 135
3154,PA,Black/Blue,M,72,73.0,97.3,131,36.2,36.8,36.2,130,36.8,131,48.3,49.0,36.2 / 130,36.8 / 131
3154,PA,Blue,M,72,72.2,96.2,129,35.9,36.3,35.9,129,36.3,129,47.9,48.3,35.9 / 129,36.3 / 129
3154,PA,Blue/White,M,72,70.8,94.3,127,35.1,35.7,35.1,126,35.7,127,46.8,47.5,35.1 / 126,35.7 / 127
3154,PA,White,M,72,69.9,93.2,126,34.7,35.2,34.7,125,35.2,126,46.3,46.9,34.7 / 125,35.2 / 126
3154,PA,White/Gold,M,72,68.6,91.3,123,34.1,34.5,34.1,122,34.5,123,45.4,45.9,34.1 / 122,34.5 / 123
3154,PA,Gold,M,72,67.8,90.1,120,33.7,34.1,33.7,119,34.1,121,44.8,45.3,33.7 / 119,34.1 / 121
3154,PA,Red,M,72,65.6,87.2,116,32.8,32.8,32.8,116,32.8,116,43.6,43.6,32.8 / 116,32.8 / 116
3154,PA,White,F,72,74.9,106.6,135,37.4,37.5,37.4,133,37.5,136,53.1,53.5,37.4 / 133,37.5 / 136
3154,PA,White/Gold,F,72,73.3,104.1,131,36.7,36.6,36.7,130,36.6,131,52.0,52.1,36.7 / 130,36.6 / 131
3154,PA,Gold,F,72,72.2,102.6,129,36.1,36.1,36.1,128,36.1,130,51.2,51.4,36.1 / 128,36.1 / 130
3154,PA,Red,F,72,69.6,98.6,123,35.1,34.5,35.1,123,34.5,123,49.6,49.0,35.1 / 123,34.5 / 123
23744,PA,Blue,M,72,71.8,95.1,126,36.2,35.6,36.2,124,35.6,127,47.7,47.4,36.2 / 124,35.6 / 127
23744,PA,White,M,72,70.4,93.2,123,35.4,35.0,35.4,122,35.0,124,46.7,46.5,35.4 / 122,35.0 / 124
23744,PA,Gold,M,72,66.8,87.9,114,33.4,33.4,33.4,112,33.4,115,43.8,44.1,33.4 / 112,33.4 / 115
23744,PA,Red,M,72,65.4,86.0,111,33.0,32.4,33.0,110,32.4,112,43.2,42.8,33.0 / 110,32.4 / 112
23744,PA,Silver,M,72,61.1,80.4,104,31.0,30.1,31.0,102,30.1,105,40.5,39.9,31.0 / 102,30.1 / 105
23744,PA,White,F,72,76.8,106.0,124,38.6,38.2,38.6,129,38.2,119,53.8,52.2,38.6 / 129,38.2 / 119
23744,PA,Gold,F,72,72.8,100.2,116,36.3,36.5,36.3,121,36.5,111,50.6,49.6,36.3 / 121,36.5 / 111
23744,PA,Red,F,72,71.0,97.7,114,35.7,35.3,35.7,120,35.3,107,49.8,47.9,35.7 / 120,35.3 / 107
23744,PA,Silver,F,72,64.6,88.5,102,33.0,31.6,33.0,107,31.6,96,45.6,42.9,33.0 / 107,31.6 / 96
35274,PA,Blue,M,71,72.6,94.6,119,36.6,36.0,36.6,116,36.0,121,47.4,47.2,36.6 / 116,36.0 / 121
35274,PA,White,M,71,70.2,91.4,114,35.6,34.6,35.6,111,34.6,117,45.9,45.5,35.6 / 111,34.6 / 117
35274,PA,Gold,M,71,66.0,85.7,106,33.5,32.5,33.5,103,32.5,109,43.1,42.6,33.5 / 103,32.5 / 109
35274,PA,Red,M,71,64.4,83.4,102,32.9,31.5,32.9,102,31.5,102,42.4,41.0,32.9 / 102,31.5 / 102
35274,PA,White,F,71,75.6,105.5,127,38.5,37.1,38.5,124,37.1,130,53.1,52.4,38.5 / 124,37.1 / 130
35274,PA,Gold,F,71,71.2,98.8,117,36.3,34.9,36.3,114,34.9,120,49.7,49.1,36.3 / 114,34.9 / 120
35274,PA,Red,F,71,69.3,95.9,113,35.5,33.8,35.5,112,33.8,114,48.7,47.2,35.5 / 112,33.8 / 114
14871,PA,Blue,M,70,66.5,88.6,119,34.7,31.8,34.7,126,31.8,112,46.4,42.2,34.7 / 126,31.8 / 112
14871,PA,White,M,70,65.0,86.7,117,33.8,31.2,33.8,121,31.2,113,45.0,41.7,33.8 / 121,31.2 / 113
14871,PA,Gold,M,70,63.2,84.2,113,32.5,30.7,32.5,115,30.7,111,43.2,41.0,32.5 / 115,30.7 / 111
14871,PA,Blue,F,70,71.7,100.5,122,37.5,34.2,37.5,128,34.2,116,52.6,47.9,37.5 / 128,34.2 / 116
14871,PA,White,F,70,69.9,97.9,119,36.5,33.4,36.5,125,33.4,113,51.2,46.7,36.5 / 125,33.4 / 113
14871,PA,Red,F,70,67.4,94.1,113,34.9,32.5,34.9,116,32.5,110,48.6,45.5,34.9 / 116,32.5 / 110
13545,PA,Blue,M,72,68.1,89.3,114,33.5,34.6,33.5,110,34.6,118,43.7,45.6,33.5 / 110,34.6 / 118
13545,PA,White,M,72,67.3,88.1,112,33.2,34.1,33.2,108,34.1,116,43.2,44.9,33.2 / 108,34.1 / 116
13545,PA,Gold,M,72,64.9,84.8,107,32.3,32.6,32.3,104,32.6,110,42.0,42.8,32.3 / 104,32.6 / 110
13545,PA,Blue,F,72,73.8,102.8,123,36.2,37.6,36.2,118,37.6,128,50.1,52.7,36.2 / 118,37.6 / 128
13545,PA,White,F,72,72.7,101.0,120,35.7,37.0,35.7,114,37.0,126,49.2,51.8,35.7 / 114,37.0 / 126
13545,PA,Red,F,72,69.9,96.8,114,34.7,35.2,34.7,111,35.2,117,47.8,49.0,34.7 / 111,35.2 / 117
3174,PA,Black Upper,M,72,73.3,98.5,136,35.3,38.0,35.3,127,38.0,144,47.1,51.4,35.3 / 127,38.0 / 144
3174,PA,Black Lower,M,71,72.8,97.9,135,35.3,37.5,35.3,127,37.5,143,47.1,50.8,35.3 / 127,37.5 / 143
3174,PA,Blue Upper,M,72,72.1,96.8,133,34.9,37.2,34.9,123,37.2,143,46.3,50.5,34.9 / 123,37.2 / 143
3174,PA,Blue Lower,M,71,71.6,96.1,132,34.9,36.7,34.9,123,36.7,141,46.3,49.8,34.9 / 123,36.7 / 141
3174,PA,White Upper,M,72,69.8,93.9,130,33.8,36.0,33.8,121,36.0,139,45.0,48.9,33.8 / 121,36.0 / 139
3174,PA,White Lower,M,71,69.4,93.3,129,33.8,35.6,33.8,121,35.6,137,45.0,48.3,33.8 / 121,35.6 / 137
3174,PA,Green Upper,M,72,68.0,91.5,127,32.9,35.1,32.9,117,35.1,136,43.8,47.7,32.9 / 117,35.1 / 136
3174,PA,Green Lower,M,71,67.6,90.9,125,32.9,34.7,32.9,117,34.7,133,43.8,47.1,32.9 / 117,34.7 / 133
3174,PA,Red Upper,M,72,66.8,89.8,124,32.5,34.3,32.5,115,34.3,132,43.2,46.6,32.5 / 115,34.3 / 132
3174,PA,Red Lower,M,71,66.4,89.2,123,32.5,33.9,32.5,115,33.9,130,43.2,46.0,32.5 / 115,33.9 / 130
3174,PA,Blue Upper,F,75,79.5,115.1,149,38.2,41.3,38.2,142,41.3,155,54.9,60.2,38.2 / 142,41.3 / 155
3174,PA,Blue Lower,F,74,78.9,114.1,149,38.2,40.7,38.2,142,40.7,155,54.9,59.2,38.2 / 142,40.7 / 155
3174,PA,White Upper,F,75,75.7,108.2,138,36.3,39.4,36.3,131,39.4,145,51.7,56.5,36.3 / 131,39.4 / 145
3174,PA,White Lower,F,74,75.2,107.6,138,36.3,38.9,36.3,131,38.9,144,51.7,55.9,36.3 / 131,38.9 / 144
3174,PA,Green Upper,F,75,73.7,105.3,134,35.4,38.3,35.4,127,38.3,141,50.4,54.9,35.4 / 127,38.3 / 141
3174,PA,Green Lower,F,74,73.2,104.6,133,35.4,37.8,35.4,127,37.8,139,50.4,54.2,35.4 / 127,37.8 / 139
3174,PA,Red Upper,F,75,71.9,103.0,132,34.7,37.2,34.7,126,37.2,137,49.6,53.4,34.7 / 126,37.2 / 137
3174,PA,Red Lower,F,74,71.5,102.2,130,34.7,36.8,34.7,126,36.8,134,49.6,52.6,34.7 / 126,36.8 / 134
28352,PA,Blue,M,71,70.0,93.3,125,35.5,34.5,35.5,132,34.5,118,47.8,45.5,35.5 / 132,34.5 / 118
28352,PA,White,M,71,68.0,90.3,120,34.6,33.4,34.6,126,33.4,114,46.3,44.0,34.6 / 126,33.4 / 114
28352,PA,Gold,M,71,65.7,87.4,117,33.7,32.0,33.7,121,32.0,113,44.9,42.5,33.7 / 121,32.0 / 113
28352,PA,Red,F,72,67.8,94.4,113,34.7,33.1,34.7,116,33.1,109,48.4,46.0,34.7 / 116,33.1 / 109
3145,PA,Back,M,66,62.9,84.9,119,31.2,31.7,31.2,123,31.7,114,42.6,42.3,31.2 / 123,31.7 / 114
3145,PA,Middle,M,66,61.9,83.8,118,30.8,31.1,30.8,122,31.1,114,42.1,41.7,30.8 / 122,31.1 / 114
3145,PA,Front,M,66,61.1,83.0,117,30.5,30.6,30.5,120,30.6,114,41.7,41.3,30.5 / 120,30.6 / 114
3145,PA,Middle,F,66,64.5,91.7,116,31.7,32.8,31.7,119,32.8,112,45.7,46.0,31.7 / 119,32.8 / 112
3145,PA,Front,F,68,63.3,89.7,112,31.3,32.0,31.3,116,32.0,108,45.0,44.7,31.3 / 116,32.0 / 108
3139,PA,Blue,M,71,69.6,93.5,129,34.3,35.3,34.3,125,35.3,132,45.9,47.6,34.3 / 125,35.3 / 132
3139,PA,White,M,71,68.6,91.7,125,33.9,34.7,33.9,121,34.7,128,45.1,46.6,33.9 / 121,34.7 / 128
3139,PA,Gold,M,71,66.1,88.7,122,32.9,33.2,32.9,119,33.2,124,44.0,44.7,32.9 / 119,33.2 / 124
3139,PA,Combo,M,71,63.3,84.9,116,31.7,31.6,31.7,115,31.6,117,42.4,42.5,31.7 / 115,31.6 / 117
3139,PA,Silver,M,71,62.1,83.1,113,30.7,31.4,30.7,110,31.4,116,40.9,42.2,30.7 / 110,31.4 / 116
3139,PA,Blue,F,72,76.2,107.2,132,37.6,38.6,37.6,128,38.6,135,52.7,54.5,37.6 / 128,38.6 / 135
3139,PA,White,F,72,75.4,106.0,130,37.4,38.0,37.4,126,38.0,133,52.3,53.7,37.4 / 126,38.0 / 133
3139,PA,Gold,F,71,71.7,101.3,126,35.7,36.0,35.7,122,36.0,129,50.1,51.2,35.7 / 122,36.0 / 129
3139,PA,Combo,F,71,68.0,95.7,118,34.3,33.7,34.3,117,33.7,118,48.1,47.6,34.3 / 117,33.7 / 118
3139,PA,Silver,F,71,65.3,91.6,112,32.0,33.3,32.0,107,33.3,116,44.6,47.0,32.0 / 107,33.3 / 116
35872,PA,Blue,M,72,70.0,94.2,130,35.6,34.4,35.6,131,34.4,129,47.8,46.4,35.6 / 131,34.4 / 129
35872,PA,White,M,72,68.8,92.6,128,34.9,33.9,34.9,128,33.9,128,46.8,45.8,34.9 / 128,33.9 / 128
35872,PA,Gold,M,72,66.1,88.7,122,33.5,32.6,33.5,122,32.6,122,44.8,43.9,33.5 / 122,32.6 / 122
35872,PA,Red,M,72,64.4,86.4,118,32.7,31.7,32.7,118,31.7,118,43.7,42.7,32.7 / 118,31.7 / 118
35872,PA,Blue,F,72,76.1,107.1,132,38.8,37.3,38.8,133,37.3,130,54.5,52.6,38.8 / 133,37.3 / 130
35872,PA,White,F,72,74.7,105.0,129,37.9,36.8,37.9,131,36.8,126,53.3,51.7,37.9 / 131,36.8 / 126
35872,PA,Gold,F,72,71.3,99.8,121,36.2,35.1,36.2,122,35.1,120,50.6,49.2,36.2 / 122,35.1 / 120
35872,PA,Red,F,72,69.2,96.7,117,35.2,34.0,35.2,118,34.0,115,49.1,47.6,35.2 / 118,34.0 / 115
20715,PA,White,M,70,67.6,89.7,119,33.6,34.0,33.6,117,34.0,121,44.5,45.2,33.6 / 117,34.0 / 121
20715,PA,Gold,M,70,64.0,85.4,115,32.2,31.8,32.2,113,31.8,117,42.7,42.7,32.2 / 113,31.8 / 117
20715,PA,Red,M,70,62.5,83.3,112,31.5,31.0,31.5,111,31.0,113,41.8,41.5,31.5 / 111,31.0 / 113
20715,PA,White,F,71,73.9,103.9,127,36.7,37.2,36.7,127,37.2,127,51.7,52.2,36.7 / 127,37.2 / 127
20715,PA,Gold,F,71,69.8,97.0,115,34.9,34.9,34.9,116,34.9,114,48.6,48.4,34.9 / 116,34.9 / 114
20715,PA,Red,F,71,67.4,93.3,110,34.0,33.4,34.0,112,33.4,108,47.2,46.1,34.0 / 112,33.4 / 108
23820,PA,White,M,72,70.7,93.4,122,35.5,35.2,35.5,118,35.2,126,46.5,46.9,35.5 / 118,35.2 / 126
23820,PA,Gold,M,72,66.6,88.2,116,34.1,32.5,34.1,116,32.5,116,44.9,43.3,34.1 / 116,32.5 / 116
23820,PA,Red,M,72,65.7,87.1,115,33.4,32.3,33.4,115,32.3,115,44.1,43.0,33.4 / 115,32.3 / 115
23820,PA,White,F,72,76.1,107.7,134,38.3,37.8,38.3,128,37.8,140,53.4,54.3,38.3 / 128,37.8 / 140
23820,PA,Gold,F,72,71.2,100.7,125,36.6,34.6,36.6,124,34.6,126,51.2,49.5,36.6 / 124,34.6 / 126
23820,PA,Red,F,72,70.4,99.1,122,36.0,34.4,36.0,119,34.4,125,50.0,49.1,36.0 / 119,34.4 / 125
3090,PA,Championship,M,70,75.1,103.6,151,38.6,36.5,38.6,155,36.5,146,53.5,50.1,38.6 / 155,36.5 / 146
3090,PA,Back,M,70,73.8,101.9,150,37.8,36.0,37.8,155,36.0,144,52.5,49.4,37.8 / 155,36.0 / 144
3090,PA,Back-Middle,M,70,72.2,99.6,148,36.9,35.3,36.9,154,35.3,141,51.2,48.4,36.9 / 154,35.3 / 141
3090,PA,Middle,M,70,71.4,98.3,145,36.4,35.0,36.4,151,35.0,139,50.4,47.9,36.4 / 151,35.0 / 139
3090,PA,Middle-Forward,M,70,70.5,97.0,143,36.1,34.4,36.1,146,34.4,139,49.7,47.3,36.1 / 146,34.4 / 139
3090,PA,Forward,M,70,69.5,95.0,138,35.4,34.1,35.4,139,34.1,136,48.3,46.7,35.4 / 139,34.1 / 136
3090,PA,Forward-Green,M,70,67.1,91.6,132,34.4,32.7,34.4,135,32.7,129,46.9,44.7,34.4 / 135,32.7 / 129
3090,PA,Middle,F,74,77.1,112.8,152,39.6,37.5,39.6,155,37.5,148,57.8,55.0,39.6 / 155,37.5 / 148
3090,PA,Middle-Forward,F,74,76.1,111.4,149,39.4,36.7,39.4,153,36.7,144,57.6,53.8,39.4 / 153,36.7 / 144
3090,PA,Forward,F,74,74.8,109.5,147,38.4,36.4,38.4,151,36.4,143,56.1,53.4,38.4 / 151,36.4 / 143
3090,PA,Forward-Green,F,74,71.6,104.6,140,37.1,34.5,37.1,145,34.5,135,54.1,50.5,37.1 / 145,34.5 / 135
3091,PA,Back,M,70,69.9,93.8,129,35.1,34.8,35.1,125,34.8,132,46.7,47.1,35.1 / 125,34.8 / 132
3091,PA,Middle,M,70,68.6,92.0,126,34.3,34.3,34.3,123,34.3,129,45.7,46.3,34.3 / 123,34.3 / 129
3091,PA,Front,M,70,66.8,89.5,122,33.4,33.4,33.4,118,33.4,126,44.4,45.1,33.4 / 118,33.4 / 126
3091,PA,Short Course,M,70,61.6,82.3,112,30.9,30.7,30.9,109,30.7,114,41.0,41.3,30.9 / 109,30.7 / 114
3091,PA,Back,F,74,75.7,108.1,137,37.8,37.9,37.8,137,37.9,137,54.0,54.1,37.8 / 137,37.9 / 137
3091,PA,Middle,F,74,74.1,105.8,135,36.9,37.2,36.9,134,37.2,135,52.7,53.1,36.9 / 134,37.2 / 135
3091,PA,Forward,F,74,72.0,102.6,130,35.8,36.2,35.8,130,36.2,130,51.1,51.5,35.8 / 130,36.2 / 130
3091,PA,Short Course,F,74,63.5,90.1,113,31.5,32.0,31.5,114,32.0,112,44.9,45.2,31.5 / 114,32.0 / 112
3132,PA,Back,M,69,69.1,91.9,123,34.7,34.4,34.7,128,34.4,117,46.6,45.3,34.7 / 128,34.4 / 117
3132,PA,Middle,M,69,67.2,89.2,119,33.6,33.6,33.6,123,33.6,114,45.0,44.2,33.6 / 123,33.6 / 114
3132,PA,Forward,M,69,64.8,86.0,114,32.4,32.4,32.4,117,32.4,111,43.3,42.7,32.4 / 117,32.4 / 111
3132,PA,Back,F,69,74.7,106.3,134,37.6,37.1,37.6,134,37.1,134,53.4,52.9,37.6 / 134,37.1 / 134
3132,PA,Middle,F,70,72.4,102.5,128,36.2,36.2,36.2,126,36.2,129,51.1,51.4,36.2 / 126,36.2 / 129
3132,PA,Forward,F,73,69.5,98.5,123,34.7,34.8,34.7,122,34.8,124,49.1,49.4,34.7 / 122,34.8 / 124
13575,PA,Blue,M,72,70.9,94.3,126,34.8,36.1,34.8,119,36.1,132,45.9,48.4,34.8 / 119,36.1 / 132
13575,PA,White,M,72,69.6,92.5,123,33.9,35.7,33.9,118,35.7,128,44.9,47.6,33.9 / 118,35.7 / 128
13575,PA,White/Gold,M,72,68.3,90.4,119,33.1,35.2,33.1,115,35.2,123,43.8,46.6,33.1 / 115,35.2 / 123
13575,PA,Gold,M,72,66.7,88.3,117,32.4,34.3,32.4,111,34.3,122,42.7,45.6,32.4 / 111,34.3 / 122
13575,PA,Red,M,72,64.3,84.7,110,30.9,33.4,30.9,105,33.4,114,40.7,44.0,30.9 / 105,33.4 / 114
13575,PA,Blue,F,72,77.8,110.1,137,37.7,40.1,37.7,133,40.1,141,53.4,56.7,37.7 / 133,40.1 / 141
13575,PA,White,F,72,76.1,107.6,134,36.8,39.3,36.8,130,39.3,137,52.1,55.5,36.8 / 130,39.3 / 137
13575,PA,White/Gold,F,72,74.2,104.8,130,35.8,38.4,35.8,126,38.4,134,50.6,54.2,35.8 / 126,38.4 / 134
13575,PA,Gold,F,72,72.0,101.4,125,34.6,37.4,34.6,120,37.4,129,48.8,52.6,34.6 / 120,37.4 / 129
13575,PA,Red,F,72,69.1,96.6,117,33.4,35.7,33.4,109,35.7,125,46.2,50.4,33.4 / 109,35.7 / 125
23665,PA,White/Blue,M,72,70.0,93.6,128,34.8,35.2,34.8,125,35.2,131,46.3,47.3,34.8 / 125,35.2 / 131
23665,PA,Silver/Gold,M,72,67.0,89.9,123,33.5,33.5,33.5,118,33.5,128,44.5,45.4,33.5 / 118,33.5 / 128
23665,PA,Silver/Gold,F,72,71.1,100.2,123,35.1,36.0,35.1,126,36.0,120,50.0,50.2,35.1 / 126,36.0 / 120
5420,PA,Black,M,72,73.0,99.0,141,36.2,36.8,36.2,144,36.8,137,49.6,49.5,36.2 / 144,36.8 / 137
5420,PA,Black/Blue,M,72,72.0,97.4,137,35.9,36.1,35.9,140,36.1,133,48.9,48.5,35.9 / 140,36.1 / 133
5420,PA,Blue,M,72,70.3,94.8,133,35.0,35.3,35.0,136,35.3,130,47.6,47.4,35.0 / 136,35.3 / 130
5420,PA,Blue/Yellow,M,72,69.0,93.3,130,34.2,34.8,34.2,130,34.8,130,46.3,46.9,34.2 / 130,34.8 / 130
5420,PA,Yellow,M,72,67.5,90.0,122,33.5,34.0,33.5,121,34.0,122,44.7,45.3,33.5 / 121,34.0 / 122
5420,PA,Yellow/Green,M,72,66.1,88.1,118,32.4,33.7,32.4,118,33.7,118,43.4,44.7,32.4 / 118,33.7 / 118
5420,PA,Green,M,72,65.0,86.1,114,32.1,32.9,32.1,118,32.9,109,43.1,43.0,32.1 / 118,32.9 / 109
5420,PA,Green/Red,M,72,62.7,83.4,112,31.4,31.3,31.4,114,31.3,109,42.0,41.4,31.4 / 114,31.3 / 109
5420,PA,Red,M,72,62.2,82.8,111,31.2,31.0,31.2,113,31.0,109,41.7,41.1,31.2 / 113,31.0 / 109
5420,PA,Forward Tee 2,M,72,60.8,80.6,106,30.4,30.4,30.4,107,30.4,105,40.3,40.2,30.4 / 107,30.4 / 105
5420,PA,Forward Tee 1,M,72,57.5,76.0,99,28.7,28.8,28.7,99,28.8,99,37.9,38.0,28.7 / 99,28.8 / 99
5420,PA,Black,F,72,77.8,110.8,140,38.5,39.3,38.5,142,39.3,138,55.2,55.6,38.5 / 142,39.3 / 138
5420,PA,Blue,F,72,74.8,106.2,134,37.1,37.7,37.1,136,37.7,131,53.1,53.1,37.1 / 136,37.7 / 131
5420,PA,Blue/Yellow,F,72,73.3,104.2,131,36.2,37.1,36.2,133,37.1,129,51.9,52.3,36.2 / 133,37.1 / 129
5420,PA,Yellow,F,72,71.9,101.8,127,35.6,36.3,35.6,131,36.3,123,51.0,50.8,35.6 / 131,36.3 / 123
5420,PA,Yellow/Green,F,72,70.6,100.0,125,34.7,35.9,34.7,126,35.9,124,49.5,50.5,34.7 / 126,35.9 / 124
5420,PA,Green,F,72,69.2,98.3,124,34.2,35.0,34.2,125,35.0,123,48.9,49.5,34.2 / 125,35.0 / 123
5420,PA,Green/Red,F,72,67.1,95.0,120,33.7,33.4,33.7,120,33.4,120,47.9,47.5,33.7 / 120,33.4 / 120
5420,PA,Red,F,72,66.7,94.3,119,33.3,33.4,33.3,120,33.4,118,47.5,47.3,33.3 / 120,33.4 / 118
5420,PA,Forward Tee 2,F,72,64.2,91.3,115,32.0,32.2,32.0,120,32.2,109,46.1,45.0,32.0 / 120,32.2 / 109
5420,PA,Forward Tee 1,F,72,59.7,84.3,105,29.7,30.0,29.7,110,30.0,100,42.7,41.8,29.7 / 110,30.0 / 100
15072,PA,Blue,M,72,68.5,90.4,118,33.8,34.7,33.8,111,34.7,125,44.1,46.3,33.8 / 111,34.7 / 125
15072,PA,White,M,72,66.8,88.5,117,33.0,33.8,33.0,110,33.8,124,43.2,45.3,33.0 / 110,33.8 / 124
15072,PA,Red,M,72,64.0,83.6,106,31.6,32.4,31.6,99,32.4,112,40.8,42.8,31.6 / 99,32.4 / 112
15072,PA,Blue,F,72,74.1,103.4,124,36.9,37.2,36.9,126,37.2,122,51.8,51.6,36.9 / 126,37.2 / 122
15072,PA,White,F,72,70.1,97.8,119,35.4,34.7,35.4,123,34.7,114,49.8,48.0,35.4 / 123,34.7 / 114
15072,PA,Red,F,72,68.6,95.0,113,33.8,34.8,33.8,113,34.8,113,47.0,48.0,33.8 / 113,34.8 / 113
3150,PA,Green,M,71,71.9,96.6,133,35.6,36.3,35.6,136,36.3,130,48.2,48.4,35.6 / 136,36.3 / 130
3150,PA,White,M,71,70.1,93.7,127,34.6,35.5,34.6,127,35.5,127,46.4,47.3,34.6 / 127,35.5 / 127
3150,PA,White/Gold,M,71,67.7,90.0,120,33.5,34.2,33.5,118,34.2,122,44.5,45.5,33.5 / 118,34.2 / 122
3150,PA,Gold,M,71,65.5,86.8,115,32.5,33.0,32.5,114,33.0,115,43.1,43.7,32.5 / 114,33.0 / 115
3150,PA,Red,M,71,64.6,85.6,113,31.9,32.7,31.9,112,32.7,114,42.3,43.3,31.9 / 112,32.7 / 114
3150,PA,Green,F,71,78.3,111.5,141,38.5,39.8,38.5,140,39.8,142,55.0,56.5,38.5 / 140,39.8 / 142
3150,PA,White,F,71,75.9,107.9,136,37.1,38.8,37.1,134,38.8,137,52.9,55.0,37.1 / 134,38.8 / 137
3150,PA,White/Gold,F,71,73.3,103.9,130,36.0,37.3,36.0,128,37.3,131,51.1,52.8,36.0 / 128,37.3 / 131
3150,PA,Gold,F,71,70.7,100.1,125,34.8,35.9,34.8,124,35.9,126,49.4,50.7,34.8 / 124,35.9 / 126
3150,PA,Red,F,71,69.7,98.6,123,34.1,35.6,34.1,120,35.6,125,48.3,50.3,34.1 / 120,35.6 / 125
3108,PA,Green,M,70,73.1,98.2,136,36.2,36.9,36.2,135,36.9,136,48.7,49.5,36.2 / 135,36.9 / 136
3108,PA,Blue,M,70,71.6,96.2,132,35.5,36.1,35.5,132,36.1,132,47.8,48.4,35.5 / 132,36.1 / 132
3108,PA,Blue/White,M,70,70.7,94.9,130,35.1,35.6,35.1,130,35.6,130,47.2,47.7,35.1 / 130,35.6 / 130
3108,PA,White,M,70,69.1,92.8,128,34.3,34.8,34.3,128,34.8,127,46.2,46.6,34.3 / 128,34.8 / 127
3108,PA,Yellow,M,70,67.4,90.4,124,33.5,33.9,33.5,124,33.9,124,45.0,45.4,33.5 / 124,33.9 / 124
3108,PA,Yellow/Black,M,70,64.3,86.1,117,31.9,32.4,31.9,117,32.4,117,42.8,43.3,31.9 / 117,32.4 / 117
3108,PA,Black,M,70,61.3,82.0,112,30.3,31.0,30.3,111,31.0,112,40.6,41.4,30.3 / 111,31.0 / 112
3108,PA,White,F,73,75.8,108.8,140,37.9,37.9,37.9,145,37.9,135,55.0,53.8,37.9 / 145,37.9 / 135
3108,PA,Yellow,F,73,73.7,105.8,136,36.9,36.8,36.9,141,36.8,131,53.5,52.3,36.9 / 141,36.8 / 131
3108,PA,Yellow/Black,F,73,69.9,99.9,127,34.9,35.0,34.9,132,35.0,122,50.5,49.4,34.9 / 132,35.0 / 122
3108,PA,Black,F,73,64.4,91.7,116,31.9,32.5,31.9,120,32.5,112,46.0,45.7,31.9 / 120,32.5 / 112
23916,PA,Blue,M,71,72.1,97.3,136,37.3,34.8,37.3,135,34.8,137,49.8,47.5,37.3 / 135,34.8 / 137
23916,PA,White,M,71,70.2,94.8,132,36.2,34.0,36.2,131,34.0,133,48.4,46.4,36.2 / 131,34.0 / 133
23916,PA,Gold,M,71,68.4,92.1,128,34.9,33.5,34.9,128,33.5,127,46.8,45.3,34.9 / 128,33.5 / 127
23916,PA,Red,F,71,71.7,101.8,128,36.7,35.0,36.7,128,35.0,127,51.8,50.0,36.7 / 128,35.0 / 127
23894,PA,Championship,M,72,72.2,96.3,130,36.0,36.2,36.0,125,36.2,135,47.6,48.7,36.0 / 125,36.2 / 135
23894,PA,Middle,M,72,69.3,92.1,123,34.6,34.7,34.6,118,34.7,127,45.6,46.5,34.6 / 118,34.7 / 127
23894,PA,Silver,M,72,66.4,88.2,118,33.0,33.4,33.0,112,33.4,123,43.4,44.8,33.0 / 112,33.4 / 123
23894,PA,Forward,M,72,65.0,86.4,116,32.0,33.0,32.0,109,33.0,122,42.1,44.3,32.0 / 109,33.0 / 122
23894,PA,Middle,F,72,75.0,105.1,128,37.5,37.5,37.5,128,37.5,127,52.6,52.5,37.5 / 128,37.5 / 127
23894,PA,Silver,F,72,71.5,99.8,120,35.6,35.9,35.6,120,35.9,120,49.7,50.1,35.6 / 120,35.9 / 120
23894,PA,Forward,F,72,69.9,97.5,117,34.4,35.5,34.4,115,35.5,119,48.0,49.5,34.4 / 115,35.5 / 119
35592,PA,Gold,M,72,73.0,97.9,134,36.2,36.8,36.2,131,36.8,137,48.4,49.5,36.2 / 131,36.8 / 137
35592,PA,Gold/Blue,M,72,71.8,96.2,131,35.6,36.2,35.6,129,36.2,133,47.6,48.6,35.6 / 129,36.2 / 133
35592,PA,Blue,M,72,70.7,94.7,129,35.1,35.6,35.1,127,35.6,131,46.9,47.8,35.1 / 127,35.6 / 131
35592,PA,Blue/White,M,72,69.8,93.5,128,34.7,35.1,34.7,126,35.1,129,46.4,47.1,34.7 / 126,35.1 / 129
35592,PA,White,M,72,69.0,92.5,127,34.3,34.7,34.3,125,34.7,128,45.9,46.6,34.3 / 125,34.7 / 128
35592,PA,White/Red,M,72,66.7,89.2,121,33.1,33.6,33.1,118,33.6,124,44.1,45.1,33.1 / 118,33.6 / 124
35592,PA,Red,M,72,65.3,87.2,118,32.6,32.7,32.6,115,32.7,121,43.3,43.9,32.6 / 115,32.7 / 121
35592,PA,Green,M,72,61.6,81.9,110,30.6,31.0,30.6,107,31.0,112,40.5,41.4,30.6 / 107,31.0 / 112
35592,PA,Blue,F,72,76.9,109.1,137,38.4,38.5,38.4,136,38.5,137,54.4,54.7,38.4 / 136,38.5 / 137
35592,PA,White,F,72,74.8,106.3,134,37.4,37.4,37.4,134,37.4,133,53.2,53.1,37.4 / 134,37.4 / 133
35592,PA,White/Red,F,72,71.9,101.9,127,35.9,36.0,35.9,127,36.0,127,50.9,51.0,35.9 / 127,36.0 / 127
35592,PA,Red,F,72,70.3,99.3,123,35.3,35.0,35.3,123,35.0,123,49.8,49.5,35.3 / 123,35.0 / 123
35592,PA,Green,F,72,64.7,90.8,111,32.3,32.4,32.3,110,32.4,111,45.3,45.5,32.3 / 110,32.4 / 111
35593,PA,Gold,M,72,71.8,97.2,137,36.0,35.8,36.0,132,35.8,141,48.3,48.9,36.0 / 132,35.8 / 141
35593,PA,Gold/Blue,M,72,70.9,95.9,135,35.6,35.3,35.6,130,35.3,139,47.7,48.2,35.6 / 130,35.3 / 139
35593,PA,Blue,M,72,70.2,95.0,134,35.4,34.8,35.4,129,34.8,138,47.4,47.6,35.4 / 129,34.8 / 138
35593,PA,Blue/White,M,72,68.9,93.2,131,34.8,34.1,34.8,126,34.1,136,46.5,46.7,34.8 / 126,34.1 / 136
35593,PA,White,M,72,67.9,91.9,129,34.4,33.5,34.4,126,33.5,132,46.1,45.8,34.4 / 126,33.5 / 132
35593,PA,White/Red,M,72,65.7,88.8,124,32.9,32.8,32.9,119,32.8,129,44.0,44.8,32.9 / 119,32.8 / 129
35593,PA,Red,M,72,64.2,86.7,121,32.2,32.0,32.2,115,32.0,127,42.9,43.8,32.2 / 115,32.0 / 127
35593,PA,Green,M,72,61.9,83.4,116,30.8,31.1,30.8,110,31.1,122,41.0,42.4,30.8 / 110,31.1 / 122
35593,PA,Blue,F,72,75.7,110.5,148,38.2,37.5,38.2,148,37.5,148,55.6,54.9,38.2 / 148,37.5 / 148
35593,PA,White,F,72,73.0,106.2,141,37.1,35.9,37.1,142,35.9,140,53.8,52.4,37.1 / 142,35.9 / 140
35593,PA,White/Red,F,72,70.2,102.1,136,35.2,35.0,35.2,134,35.0,137,51.0,51.1,35.2 / 134,35.0 / 137
35593,PA,Red,F,72,68.4,99.3,131,34.4,34.0,34.4,130,34.0,132,49.7,49.6,34.4 / 130,34.0 / 132
35593,PA,Green,F,72,64.6,93.7,124,32.2,32.4,32.2,121,32.4,126,46.5,47.2,32.2 / 121,32.4 / 126
13576,PA,Blue,M,71,70.2,94.2,129,33.9,36.3,33.9,125,36.3,133,45.5,48.7,33.9 / 125,36.3 / 133
13576,PA,White,M,71,69.0,92.4,126,33.1,35.9,33.1,122,35.9,130,44.4,48.0,33.1 / 122,35.9 / 130
13576,PA,Hybrid-Green,M,71,65.8,88.0,120,31.9,33.9,31.9,117,33.9,122,42.8,45.2,31.9 / 117,33.9 / 122
13576,PA,Gold,M,71,64.8,86.8,119,31.8,33.0,31.8,116,33.0,121,42.6,44.2,31.8 / 116,33.0 / 121
13576,PA,Red,M,71,63.3,84.8,116,30.9,32.4,30.9,114,32.4,117,41.5,43.3,30.9 / 114,32.4 / 117
13576,PA,White,F,71,73.9,105.2,133,35.2,38.7,35.2,126,38.7,139,50.1,55.1,35.2 / 126,38.7 / 139
13576,PA,Gold,F,71,68.8,97.6,123,33.5,35.3,33.5,120,35.3,125,47.6,50.0,33.5 / 120,35.3 / 125
13576,PA,Red,F,71,66.4,93.9,117,31.9,34.5,31.9,112,34.5,121,45.1,48.8,31.9 / 112,34.5 / 121
13576,PA,Pink,F,71,62.3,87.6,107,30.1,32.2,30.1,103,32.2,111,42.3,45.3,30.1 / 103,32.2 / 111
13492,PA,Blue,M,69,69.2,90.2,113,34.6,34.6,34.6,113,34.6,113,45.1,45.1,34.6 / 113,34.6 / 113
13492,PA,White,M,68,67.8,88.6,112,33.9,33.9,33.9,112,33.9,112,44.3,44.3,33.9 / 112,33.9 / 112
13492,PA,Gold,M,68,65.4,85.0,105,32.7,32.7,32.7,105,32.7,105,42.5,42.5,32.7 / 105,32.7 / 105
13492,PA,Red,M,68,65.2,84.8,105,32.6,32.6,32.6,105,32.6,105,42.4,42.4,32.6 / 105,32.6 / 105
13492,PA,Blue,F,74,74.6,103.0,120,37.3,37.3,37.3,120,37.3,120,51.5,51.5,37.3 / 120,37.3 / 120
13492,PA,White,F,74,72.8,100.4,117,36.4,36.4,36.4,117,36.4,117,50.2,50.2,36.4 / 117,36.4 / 117
13492,PA,Gold,F,74,70.4,96.8,112,35.3,35.1,35.3,112,35.1,112,48.5,48.3,35.3 / 112,35.1 / 112
13492,PA,Red,F,74,70.2,96.4,111,35.1,35.1,35.1,111,35.1,111,48.2,48.2,35.1 / 111,35.1 / 111
5340,PA,Blue,M,70,66.5,87.3,111,34.4,32.1,34.4,111,32.1,110,44.7,42.3,34.4 / 111,32.1 / 110
5340,PA,White,M,70,65.3,85.4,109,33.8,31.5,33.8,110,31.5,107,44.0,41.4,33.8 / 110,31.5 / 107
5340,PA,Gold,M,70,63.3,82.2,101,32.8,30.5,32.8,104,30.5,99,42.5,39.7,32.8 / 104,30.5 / 99
5340,PA,Red,M,70,63.0,82.1,101,32.4,30.6,32.4,102,30.6,100,41.9,39.9,32.4 / 102,30.6 / 100
5340,PA,Blue,F,72,71.6,99.7,117,37.2,34.4,37.2,119,34.4,114,51.2,47.8,37.2 / 119,34.4 / 114
5340,PA,White,F,71,71.0,99.0,119,36.7,34.3,36.7,121,34.3,116,51.0,48.0,36.7 / 121,34.3 / 116
5340,PA,Gold,F,72,68.8,96.0,115,35.5,33.3,35.5,116,33.3,114,49.2,46.8,35.5 / 116,33.3 / 114
5340,PA,Red,F,72,68.3,95.3,114,35.3,33.0,35.3,114,33.0,114,48.8,46.5,35.3 / 114,33.0 / 114
5375,PA,Black,M,70,73.0,97.7,133,37.8,35.2,37.8,137,35.2,129,50.5,47.2,37.8 / 137,35.2 / 129
5375,PA,Black/White,M,72,72.1,96.4,131,37.3,34.8,37.3,135,34.8,127,49.8,46.6,37.3 / 135,34.8 / 127
5375,PA,White,M,72,71.2,95.2,129,37.1,34.1,37.1,133,34.1,125,49.5,45.7,37.1 / 133,34.1 / 125
5375,PA,White/Blue,M,72,69.4,92.8,126,36.1,33.3,36.1,128,33.3,124,48.0,44.8,36.1 / 128,33.3 / 124
5375,PA,Blue,M,72,67.1,89.9,123,34.8,32.3,34.8,124,32.3,122,46.3,43.6,34.8 / 124,32.3 / 122
5375,PA,Green,M,72,66.1,88.4,120,34.4,31.7,34.4,122,31.7,118,45.7,42.7,34.4 / 122,31.7 / 118
5375,PA,Black,F,72,79.2,112.7,142,41.1,38.1,41.1,146,38.1,138,58.3,54.4,41.1 / 146,38.1 / 138
5375,PA,Black/White,F,72,78.1,111.1,140,40.5,37.6,40.5,143,37.6,137,57.4,53.7,40.5 / 143,37.6 / 137
5375,PA,White,F,72,76.8,109.3,138,40.2,36.6,40.2,142,36.6,133,57.0,52.3,40.2 / 142,36.6 / 133
5375,PA,White/Blue,F,72,74.9,106.3,133,39.1,35.8,39.1,137,35.8,129,55.3,51.0,39.1 / 137,35.8 / 129
5375,PA,Blue,F,72,72.1,102.6,130,37.5,34.6,37.5,133,34.6,126,53.2,49.4,37.5 / 133,34.6 / 126
5375,PA,Green,F,72,70.7,100.3,126,36.9,33.8,36.9,129,33.8,122,52.1,48.2,36.9 / 129,33.8 / 122
13703,PA,Championship,M,72,76.8,103.9,146,38.4,38.4,38.4,142,38.4,150,51.6,52.3,38.4 / 142,38.4 / 150
13703,PA,Blue,M,72,73.8,99.7,140,36.8,37.0,36.8,136,37.0,143,49.4,50.3,36.8 / 136,37.0 / 143
13703,PA,White,M,72,71.4,96.4,135,35.4,36.0,35.4,131,36.0,138,47.6,48.8,35.4 / 131,36.0 / 138
13703,PA,Gold,M,72,68.2,92.3,130,33.8,34.4,33.8,128,34.4,131,45.7,46.6,33.8 / 128,34.4 / 131
13703,PA,Red,M,72,64.5,87.3,123,31.8,32.7,31.8,118,32.7,127,42.8,44.5,31.8 / 118,32.7 / 127
13703,PA,Blue,F,72,80.2,114.3,145,39.7,40.5,39.7,145,40.5,144,56.8,57.5,39.7 / 145,40.5 / 144
13703,PA,White,F,72,77.3,110.1,139,38.1,39.2,38.1,139,39.2,139,54.5,55.6,38.1 / 139,39.2 / 139
13703,PA,Gold,F,72,73.9,104.9,132,36.6,37.3,36.6,132,37.3,131,52.2,52.7,36.6 / 132,37.3 / 131
13703,PA,Red,F,72,69.2,98.8,126,34.0,35.2,34.0,126,35.2,126,48.8,50.0,34.0 / 126,35.2 / 126
26314,PA,Championship,M,72,75.4,102.4,146,39.0,36.4,39.0,152,36.4,139,53.1,49.3,39.0 / 152,36.4 / 139
26314,PA,Blue,M,72,72.4,98.1,138,37.4,35.0,37.4,144,35.0,132,50.8,47.3,37.4 / 144,35.0 / 132
26314,PA,White,M,72,70.0,94.6,133,36.0,34.0,36.0,137,34.0,128,48.7,45.9,36.0 / 137,34.0 / 128
26314,PA,Gold,M,72,67.6,91.7,130,34.9,32.7,34.9,131,32.7,128,47.1,44.6,34.9 / 131,32.7 / 128
26314,PA,Red,M,72,65.4,88.0,122,33.4,32.0,33.4,123,32.0,121,44.8,43.2,33.4 / 123,32.0 / 121
26314,PA,Blue,F,72,78.5,112.1,143,40.9,37.6,40.9,151,37.6,134,58.7,53.4,40.9 / 151,37.6 / 134
26314,PA,White,F,72,75.5,107.7,137,39.1,36.4,39.1,144,36.4,129,56.1,51.6,39.1 / 144,36.4 / 129
26314,PA,Gold,F,72,72.7,103.4,130,37.7,35.0,37.7,137,35.0,123,53.9,49.5,37.7 / 137,35.0 / 123
26314,PA,Red,F,72,70.0,98.7,122,36.0,34.0,36.0,127,34.0,116,51.0,47.7,36.0 / 127,34.0 / 116
13529,PA,White,M,70,68.1,89.8,117,35.3,32.8,35.3,122,32.8,112,46.6,43.2,35.3 / 122,32.8 / 112
13529,PA,Gold,M,70,64.7,85.8,114,33.6,31.1,33.6,119,31.1,108,44.7,41.1,33.6 / 119,31.1 / 108
13529,PA,Red,M,70,62.6,82.0,105,32.2,30.4,32.2,112,30.4,97,42.6,39.4,32.2 / 112,30.4 / 97
13529,PA,White,F,70,73.7,103.8,128,38.3,35.4,38.3,136,35.4,120,54.3,49.5,38.3 / 136,35.4 / 120
13529,PA,Gold,F,70,69.8,97.7,119,36.5,33.3,36.5,125,33.3,112,51.2,46.5,36.5 / 125,33.3 / 112
13529,PA,Red,F,70,66.9,93.9,115,34.9,32.0,34.9,122,32.0,107,49.3,44.6,34.9 / 122,32.0 / 107
17682,PA,Men's,M,72,69.3,91.4,119,34.8,34.5,34.8,121,34.5,117,46.0,45.4,34.8 / 121,34.5 / 117
17682,PA,Senior Men's,M,72,65.1,85.5,110,32.6,32.5,32.6,111,32.5,109,42.9,42.6,32.6 / 111,32.5 / 109
17682,PA,Women's,F,75,70.1,97.2,115,35.2,34.9,35.2,115,34.9,114,48.8,48.4,35.2 / 115,34.9 / 114
3177,PA,Blue,M,71,72.3,98.2,139,36.0,36.3,36.0,133,36.3,145,48.4,49.8,36.0 / 133,36.3 / 145
3177,PA,White,M,71,70.9,96.2,136,35.1,35.8,35.1,129,35.8,143,47.1,49.1,35.1 / 129,35.8 / 143
3177,PA,White/Gold,M,71,69.2,94.0,134,34.2,35.0,34.2,126,35.0,141,45.9,48.1,34.2 / 126,35.0 / 141
3177,PA,Gold,M,71,67.6,91.5,129,33.7,33.9,33.7,124,33.9,133,45.2,46.3,33.7 / 124,33.9 / 133
3177,PA,Green,M,71,66.5,90.2,128,33.2,33.3,33.2,122,33.3,133,44.5,45.7,33.2 / 122,33.3 / 133
3177,PA,White,F,71,76.9,110.3,142,38.0,38.9,38.0,141,38.9,142,54.6,55.7,38.0 / 141,38.9 / 142
3177,PA,White/Gold,F,71,75.1,107.5,138,37.0,38.1,37.0,137,38.1,138,53.1,54.4,37.0 / 137,38.1 / 138
3177,PA,Gold,F,71,73.2,104.8,134,36.3,36.9,36.3,134,36.9,134,52.1,52.7,36.3 / 134,36.9 / 134
3177,PA,Green,F,71,71.6,102.2,130,35.7,35.9,35.7,131,35.9,129,51.1,51.1,35.7 / 131,35.9 / 129
13538,PA,Blue,M,72,71.5,94.3,123,35.7,35.8,35.7,128,35.8,117,47.6,46.7,35.7 / 128,35.8 / 117
13538,PA,White,M,72,70.0,92.0,119,34.9,35.1,34.9,124,35.1,113,46.4,45.6,34.9 / 124,35.1 / 113
13538,PA,Gold,M,72,64.2,84.2,108,31.9,32.3,31.9,110,32.3,105,42.1,42.1,31.9 / 110,32.3 / 105
13538,PA,Red,M,72,63.9,83.5,106,31.5,32.4,31.5,107,32.4,104,41.4,42.1,31.5 / 107,32.4 / 104
13538,PA,Blue,F,73,78.0,108.6,130,39.2,38.8,39.2,135,38.8,125,55.1,53.5,39.2 / 135,38.8 / 125
13538,PA,White,F,72,76.0,105.3,125,38.1,37.9,38.1,125,37.9,124,52.8,52.5,38.1 / 125,37.9 / 124
13538,PA,Red,F,72,70.0,96.1,111,34.6,35.4,34.6,114,35.4,108,48.0,48.1,34.6 / 114,35.4 / 108
13538,PA,Gold,F,72,69.7,96.2,113,34.7,35.0,34.7,118,35.0,107,48.6,47.6,34.7 / 118,35.0 / 107
3147,PA,Blue,M,72,72.3,96.7,131,36.2,36.1,36.2,129,36.1,133,48.2,48.5,36.2 / 129,36.1 / 133
3147,PA,White,M,72,70.6,94.5,129,35.3,35.3,35.3,127,35.3,130,47.1,47.4,35.3 / 127,35.3 / 130
3147,PA,White/Gold,M,72,69.4,92.8,126,34.6,34.8,34.6,123,34.8,129,46.0,46.8,34.6 / 123,34.8 / 129
3147,PA,Gold,M,72,67.9,90.8,124,33.8,34.1,33.8,121,34.1,126,45.0,45.8,33.8 / 121,34.1 / 126
3147,PA,Red,M,72,66.0,88.0,119,32.8,33.2,32.8,115,33.2,122,43.5,44.5,32.8 / 115,33.2 / 122
3147,PA,White,F,72,76.9,108.9,136,38.9,38.0,38.9,133,38.0,138,54.6,54.3,38.9 / 133,38.0 / 138
3147,PA,Gold,F,72,73.6,104.0,129,36.8,36.8,36.8,124,36.8,134,51.4,52.6,36.8 / 124,36.8 / 134
3147,PA,Red,F,72,71.3,100.4,124,35.8,35.5,35.8,120,35.5,127,49.9,50.5,35.8 / 120,35.5 / 127
13477,PA,Blue,M,70,70.6,93.9,126,34.8,35.8,34.8,123,35.8,128,46.2,47.7,34.8 / 123,35.8 / 128
13477,PA,Blue/White,M,70,69.9,92.8,124,34.5,35.4,34.5,121,35.4,126,45.7,47.1,34.5 / 121,35.4 / 126
13477,PA,White,M,70,69.2,91.9,122,34.2,35.0,34.2,119,35.0,125,45.3,46.6,34.2 / 119,35.0 / 125
13477,PA,White/Gold,M,70,67.3,89.2,118,33.4,33.9,33.4,115,33.9,121,44.1,45.1,33.4 / 115,33.9 / 121
13477,PA,Gold,M,70,65.4,86.6,114,32.5,32.9,32.5,112,32.9,116,42.9,43.7,32.5 / 112,32.9 / 116
13477,PA,Red,F,70,68.3,95.2,114,34.0,34.3,34.0,111,34.3,117,47.1,48.1,34.0 / 111,34.3 / 117
26339,PA,Blue,M,72,70.4,93.0,122,35.0,35.4,35.0,122,35.4,122,46.3,46.7,35.0 / 122,35.4 / 122
26339,PA,White,M,72,69.3,91.6,120,34.3,35.0,34.3,121,35.0,119,45.5,46.1,34.3 / 121,35.0 / 119
26339,PA,Gold,M,72,65.3,86.3,113,32.5,32.8,32.5,114,32.8,112,43.1,43.2,32.5 / 114,32.8 / 112
26339,PA,Red,M,72,65.1,85.9,112,32.3,32.8,32.3,113,32.8,111,42.8,43.1,32.3 / 113,32.8 / 111
26339,PA,Blue,F,72,76.0,107.4,133,37.7,38.3,37.7,133,38.3,133,53.4,54.0,37.7 / 133,38.3 / 133
26339,PA,White,F,72,74.8,105.4,130,37.0,37.8,37.0,130,37.8,130,52.3,53.1,37.0 / 130,37.8 / 130
26339,PA,Gold,F,72,70.5,99.1,121,34.9,35.6,34.9,121,35.6,121,49.2,49.9,34.9 / 121,35.6 / 121
26339,PA,Red,F,72,70.1,98.4,120,34.6,35.5,34.6,120,35.5,120,48.7,49.7,34.6 / 120,35.5 / 120
13526,PA,Blue,M,72,71.4,95.6,131,35.4,36.0,35.4,121,36.0,140,46.6,49.0,35.4 / 121,36.0 / 140
13526,PA,White,M,72,70.1,93.7,127,34.6,35.5,34.6,117,35.5,137,45.5,48.2,34.6 / 117,35.5 / 137
13526,PA,Gold,M,72,66.1,87.8,117,32.9,33.2,32.9,111,33.2,123,43.2,44.6,32.9 / 111,33.2 / 123
13526,PA,Red,M,72,64.0,84.5,110,31.8,32.2,31.8,104,32.2,116,41.5,43.0,31.8 / 104,32.2 / 116
13526,PA,Blue,F,72,77.4,109.4,136,38.3,39.1,38.3,129,39.1,142,53.5,55.9,38.3 / 129,39.1 / 142
13526,PA,White,F,72,75.9,107.1,133,37.5,38.4,37.5,125,38.4,140,52.2,54.9,37.5 / 125,38.4 / 140
13526,PA,Gold,F,72,71.1,99.9,122,35.5,35.6,35.5,116,35.6,128,49.2,50.7,35.5 / 116,35.6 / 128
13526,PA,Red,F,72,68.3,96.1,118,33.9,34.4,33.9,111,34.4,125,47.0,49.1,33.9 / 111,34.4 / 125
36332,PA,Men,M,66,62.2,81.2,102,31.1,31.1,31.1,102,31.1,102,40.6,40.6,31.1 / 102,31.1 / 102
36332,PA,Women,F,68,66.0,91.5,109,32.9,33.1,32.9,109,33.1,109,45.7,45.9,32.9 / 109,33.1 / 109
5382,PA,Green,M,71,72.6,98.2,138,35.6,37.0,35.6,135,37.0,141,48.1,50.1,35.6 / 135,37.0 / 141
5382,PA,White,M,71,71.0,95.9,134,34.8,36.2,34.8,131,36.2,137,47.0,48.9,34.8 / 131,36.2 / 137
5382,PA,Gold,M,71,65.9,88.4,121,32.4,33.5,32.4,119,33.5,123,43.5,44.9,32.4 / 119,33.5 / 123
5382,PA,Red,M,71,64.3,85.7,115,31.7,32.6,31.7,116,32.6,114,42.5,43.2,31.7 / 116,32.6 / 114
5382,PA,Green,F,71,78.8,112.6,143,38.2,40.6,38.2,138,40.6,148,54.5,58.1,38.2 / 138,40.6 / 148
5382,PA,White,F,71,76.9,110.1,141,37.4,39.5,37.4,136,39.5,146,53.4,56.7,37.4 / 136,39.5 / 146
5382,PA,Gold,F,71,71.0,101.1,128,34.8,36.2,34.8,126,36.2,130,49.6,51.5,34.8 / 126,36.2 / 130
5382,PA,Red,F,71,68.9,97.9,123,34.0,34.9,34.0,121,34.9,125,48.3,49.6,34.0 / 121,34.9 / 125
23796,PA,Blue,M,71,70.6,92.8,119,34.6,36.0,34.6,119,36.0,119,45.7,47.1,34.6 / 119,36.0 / 119
23796,PA,White,M,71,69.0,91.0,118,34.0,35.0,34.0,118,35.0,118,45.0,46.0,34.0 / 118,35.0 / 118
23796,PA,Gold,M,71,66.8,86.9,108,33.5,33.3,33.5,104,33.3,112,43.2,43.7,33.5 / 104,33.3 / 112
23796,PA,Red,M,71,64.2,83.4,103,32.4,31.8,32.4,101,31.8,105,41.8,41.6,32.4 / 101,31.8 / 105
23796,PA,Blue,F,72,76.3,106.7,129,37.3,39.0,37.3,128,39.0,130,52.4,54.3,37.3 / 128,39.0 / 130
23796,PA,White,F,72,74.4,104.1,126,36.6,37.8,36.6,126,37.8,126,51.5,52.6,36.6 / 126,37.8 / 126
23796,PA,Gold,F,72,72.1,99.7,117,35.7,36.4,35.7,117,36.4,117,49.5,50.2,35.7 / 117,36.4 / 117
23796,PA,Red,F,72,68.4,94.8,112,34.1,34.3,34.1,115,34.3,109,47.7,47.1,34.1 / 115,34.3 / 109
23786,PA,Blue,M,71,72.1,94.9,123,35.6,36.5,35.6,118,36.5,127,46.6,48.3,35.6 / 118,36.5 / 127
23786,PA,White,M,72,69.4,91.8,121,34.4,35.0,34.4,115,35.0,126,45.1,46.7,34.4 / 115,35.0 / 126
23786,PA,Gold,M,72,65.7,86.2,111,32.6,33.1,32.6,109,33.1,112,42.7,43.5,32.6 / 109,33.1 / 112
23786,PA,Red,F,72,67.6,94.0,112,33.7,33.9,33.7,109,33.9,115,46.5,47.5,33.7 / 109,33.9 / 115
5396,PA,Championship,M,70,77.6,104.0,143,39.1,38.5,39.1,145,38.5,139,52.6,51.4,39.1 / 145,38.5 / 139
5396,PA,Green,M,70,76.3,102.3,140,38.3,38.0,38.3,143,38.0,137,51.6,50.7,38.3 / 143,38.0 / 137
5396,PA,Blue,M,71,74.2,99.5,136,37.2,37.0,37.2,139,37.0,133,50.1,49.4,37.2 / 139,37.0 / 133
5396,PA,White,M,71,72.2,96.6,131,36.2,36.0,36.2,132,36.0,130,48.5,48.1,36.2 / 132,36.0 / 130
5396,PA,Brown,M,71,69.8,93.6,129,35.2,34.6,35.2,130,34.6,126,47.3,46.3,35.2 / 130,34.6 / 126
5396,PA,Gold,M,71,67.7,90.9,125,33.9,33.8,33.9,126,33.8,124,45.6,45.3,33.9 / 126,33.8 / 124
5396,PA,Fairway Tees,M,71,63.7,84.9,114,31.8,31.9,31.8,114,31.9,114,42.4,42.5,31.8 / 114,31.9 / 114
5396,PA,Blue,F,71,80.6,115.3,147,40.4,40.2,40.4,148,40.2,146,57.9,57.4,40.4 / 148,40.2 / 146
5396,PA,White,F,71,78.1,111.6,142,39.1,39.0,39.1,144,39.0,140,56.1,55.5,39.1 / 144,39.0 / 140
5396,PA,Brown,F,71,75.4,107.3,135,37.9,37.5,37.9,137,37.5,133,54.1,53.2,37.9 / 137,37.5 / 133
5396,PA,Gold,F,71,72.3,102.9,130,36.1,36.2,36.1,130,36.2,130,51.4,51.5,36.1 / 130,36.2 / 130
5396,PA,Fairway Tees,F,71,68.1,96.7,121,34.2,33.9,34.2,116,33.9,126,47.9,48.8,34.2 / 116,33.9 / 126
3146,PA,Black,M,71,72.9,97.5,133,36.6,36.3,36.6,140,36.3,125,49.6,47.9,36.6 / 140,36.3 / 125
3146,PA,Grey,M,71,72.0,96.2,131,35.9,36.1,35.9,137,36.1,124,48.6,47.6,35.9 / 137,36.1 / 124
3146,PA,White,M,71,71.0,94.9,129,35.5,35.5,35.5,135,35.5,123,48.0,46.9,35.5 / 135,35.5 / 123
3146,PA,Green/White,M,71,70.0,93.4,126,34.9,35.1,34.9,130,35.1,122,47.0,46.4,34.9 / 130,35.1 / 122
3146,PA,Green,M,71,68.3,91.0,122,34.7,33.6,34.7,128,33.6,116,46.6,44.4,34.7 / 128,33.6 / 116
3146,PA,Red/Green,M,71,67.5,89.8,120,34.3,33.2,34.3,126,33.2,114,46.0,43.8,34.3 / 126,33.2 / 114
3146,PA,Red,M,71,66.3,88.1,118,33.6,32.7,33.6,123,32.7,112,45.0,43.1,33.6 / 123,32.7 / 112
3146,PA,Family Tee,M,71,52.3,70.0,96,26.2,26.1,26.2,97,26.1,94,35.2,34.8,26.2 / 97,26.1 / 94
3146,PA,White,F,72,76.5,109.6,141,38.5,38.0,38.5,145,38.0,136,55.6,54.0,38.5 / 145,38.0 / 136
3146,PA,Green,F,72,73.2,104.7,134,37.2,36.0,37.2,140,36.0,127,53.7,51.0,37.2 / 140,36.0 / 127
3146,PA,Red/Green,F,72,72.2,103.5,133,36.8,35.4,36.8,139,35.4,126,53.2,50.3,36.8 / 139,35.4 / 126
3146,PA,Red,F,72,70.8,101.3,130,36.0,34.8,36.0,135,34.8,124,51.9,49.4,36.0 / 135,34.8 / 124
3146,PA,Family Tee,F,72,55.2,76.3,90,27.9,27.3,27.9,91,27.3,88,38.6,37.7,27.9 / 91,27.3 / 88
34647,PA,Gold,M,27,26.3,33.6,79,26.3,,26.3,79,,,33.6,,26.3 / 79,/
34647,PA,Gold,F,27,27.6,37.2,81,27.6,,27.6,81,,,37.2,,27.6 / 81,/
20847,PA,Trailblazer,M,72,73.5,99.4,140,37.3,36.2,37.3,143,36.2,136,50.6,48.8,37.3 / 143,36.2 / 136
20847,PA,Pioneer,M,72,72.1,97.5,137,36.6,35.5,36.6,137,35.5,137,49.3,48.2,36.6 / 137,35.5 / 137
20847,PA,Homesteader,M,72,69.3,94.1,134,35.1,34.2,35.1,140,34.2,127,48.1,46.0,35.1 / 140,34.2 / 127
20847,PA,Settler,M,72,66.5,89.1,122,33.7,32.8,33.7,127,32.8,116,45.5,43.6,33.7 / 127,32.8 / 116
20847,PA,Frontiersman,M,72,64.6,86.5,118,33.0,31.6,33.0,125,31.6,111,44.6,41.9,33.0 / 125,31.6 / 111
20847,PA,Homesteader,F,72,75.6,108.9,141,38.5,37.1,38.5,145,37.1,137,55.6,53.3,38.5 / 145,37.1 / 137
20847,PA,Settler,F,72,72.1,103.7,134,36.5,35.6,36.5,137,35.6,131,52.7,51.0,36.5 / 137,35.6 / 131
20847,PA,Frontiersman,F,72,69.7,99.1,125,35.6,34.1,35.6,133,34.1,116,51.3,47.8,35.6 / 133,34.1 / 116
5391,PA,Grey,M,70,74.2,101.8,149,37.2,37.0,37.2,150,37.0,147,51.1,50.7,37.2 / 150,37.0 / 147
5391,PA,Black,M,70,72.3,99.3,145,36.2,36.1,36.2,147,36.1,143,49.9,49.4,36.2 / 147,36.1 / 143
5391,PA,White,M,70,70.2,96.8,143,35.3,34.9,35.3,144,34.9,142,48.7,48.1,35.3 / 144,34.9 / 142
5391,PA,Gold,M,70,68.2,93.3,135,34.1,34.1,34.1,137,34.1,133,46.8,46.5,34.1 / 137,34.1 / 133
5391,PA,Red,M,70,65.7,89.9,130,33.1,32.6,33.1,132,32.6,128,45.4,44.5,33.1 / 132,32.6 / 128
5391,PA,Black,F,70,78.9,113.1,145,39.5,39.4,39.5,145,39.4,145,56.6,56.5,39.5 / 145,39.4 / 145
5391,PA,White,F,70,76.5,109.0,138,38.3,38.2,38.3,141,38.2,135,54.9,54.1,38.3 / 141,38.2 / 135
5391,PA,Gold,F,70,73.8,105.1,133,36.9,36.9,36.9,136,36.9,130,52.9,52.2,36.9 / 136,36.9 / 130
5391,PA,Red,F,70,70.9,100.4,125,35.6,35.3,35.6,130,35.3,120,50.9,49.5,35.6 / 130,35.3 / 120
7865,PA,Black,M,72,74.1,99.3,136,37.7,36.4,37.7,131,36.4,140,49.9,49.4,37.7 / 131,36.4 / 140
7865,PA,Black/White,M,72,72.4,97.3,134,36.7,35.7,36.7,129,35.7,139,48.7,48.6,36.7 / 129,35.7 / 139
7865,PA,White,M,72,71.2,95.6,131,35.9,35.3,35.9,129,35.3,133,47.9,47.7,35.9 / 129,35.3 / 133
7865,PA,White/Blue,M,72,70.1,94.1,129,35.5,34.6,35.5,127,34.6,131,47.3,46.8,35.5 / 127,34.6 / 131
7865,PA,Blue,M,72,69.1,92.7,127,34.9,34.2,34.9,125,34.2,129,46.5,46.2,34.9 / 125,34.2 / 129
7865,PA,Green,M,72,66.1,88.3,120,33.3,32.8,33.3,123,32.8,116,44.7,43.6,33.3 / 123,32.8 / 116
7865,PA,Gold,M,72,60.6,80.4,107,30.3,30.3,30.3,102,30.3,111,39.8,40.6,30.3 / 102,30.3 / 111
7865,PA,Family Blue 1,M,72,56.9,75.3,99,28.5,28.4,28.5,96,28.4,102,37.4,37.9,28.5 / 96,28.4 / 102
7865,PA,Blue,F,72,74.6,106.0,134,37.4,37.2,37.4,130,37.2,137,52.7,53.3,37.4 / 130,37.2 / 137
7865,PA,Green,F,72,71.2,100.7,125,35.7,35.5,35.7,122,35.5,128,50.1,50.6,35.7 / 122,35.5 / 128
7865,PA,Red,F,72,69.8,99.0,124,35.0,34.8,35.0,121,34.8,126,49.3,49.7,35.0 / 121,34.8 / 126
7865,PA,Red/Gold,F,72,66.5,93.9,116,33.5,33.0,33.5,118,33.0,114,47.4,46.5,33.5 / 118,33.0 / 114
7865,PA,Gold,F,72,63.3,89.2,110,31.3,32.0,31.3,109,32.0,110,44.2,45.0,31.3 / 109,32.0 / 110
7865,PA,Family Blue 1,F,72,59.2,82.1,98,29.6,29.6,29.6,97,29.6,98,41.0,41.1,29.6 / 97,29.6 / 98
3111,PA,Black,M,70,72.6,97.2,132,37.0,35.6,37.0,133,35.6,131,49.4,47.8,37.0 / 133,35.6 / 131
3111,PA,Black/Blue,M,70,71.8,95.9,130,36.6,35.2,36.6,130,35.2,129,48.7,47.2,36.6 / 130,35.2 / 129
3111,PA,Blue,M,70,71.0,94.7,128,36.1,34.9,36.1,127,34.9,128,47.9,46.8,36.1 / 127,34.9 / 128
3111,PA,Blue/White,M,70,69.2,92.5,126,35.2,34.0,35.2,124,34.0,127,46.7,45.8,35.2 / 124,34.0 / 127
3111,PA,White,M,70,68.1,91.1,124,34.8,33.3,34.8,124,33.3,124,46.3,44.8,34.8 / 124,33.3 / 124
3111,PA,Red,M,70,65.5,88.0,121,33.1,32.4,33.1,119,32.4,123,44.2,43.8,33.1 / 119,32.4 / 123
3111,PA,Green,M,70,64.0,86.0,119,32.3,31.7,32.3,116,31.7,121,43.1,42.9,32.3 / 116,31.7 / 121
3111,PA,Black,F,70,79.3,113.5,145,40.6,38.7,40.6,144,38.7,146,57.6,55.9,40.6 / 144,38.7 / 146
3111,PA,Blue,F,70,77.6,110.8,141,39.6,38.0,39.6,140,38.0,142,56.1,54.7,39.6 / 140,38.0 / 142
3111,PA,White,F,70,74.4,106.0,134,38.0,36.4,38.0,133,36.4,135,53.7,52.3,38.0 / 133,36.4 / 135
3111,PA,Red,F,70,70.8,100.3,126,35.8,35.0,35.8,126,35.0,125,50.6,49.7,35.8 / 126,35.0 / 125
3111,PA,Green,F,70,68.9,97.5,121,34.7,34.2,34.7,122,34.2,120,49.1,48.4,34.7 / 122,34.2 / 120
3231,PA,Black,M,70,70.5,94.0,127,35.2,35.3,35.2,124,35.3,129,46.7,47.3,35.2 / 124,35.3 / 129
3231,PA,White,M,70,68.4,91.4,124,34.1,34.3,34.1,121,34.3,127,45.3,46.1,34.1 / 121,34.3 / 127
3231,PA,Gold,M,70,64.3,86.5,117,32.3,32.0,32.3,117,32.0,119,43.3,43.1,32.3 / 117,32.0 / 119
3231,PA,Red,M,72,62.8,84.0,114,31.3,31.5,31.3,112,31.5,116,41.7,42.3,31.3 / 112,31.5 / 116
3231,PA,Black,F,70,75.5,107.0,134,37.7,37.8,37.7,132,37.8,135,53.3,53.7,37.7 / 132,37.8 / 135
3231,PA,White,F,72,73.3,103.7,129,36.5,36.8,36.5,127,36.8,131,51.5,52.2,36.5 / 127,36.8 / 131
3231,PA,Gold,F,72,69.0,97.7,120,34.5,34.5,34.5,120,34.5,121,48.7,48.8,34.5 / 120,34.5 / 121
3231,PA,Red,F,72,66.8,94.0,116,33.0,33.8,33.0,113,33.8,118,46.3,47.7,33.0 / 113,33.8 / 118
23919,PA,Black,M,72,73.3,97.6,131,36.7,36.6,36.7,130,36.6,131,48.8,48.8,36.7 / 130,36.6 / 131
23919,PA,Blue,M,72,70.1,93.2,125,35.5,34.6,35.5,125,34.6,124,47.1,46.1,35.5 / 125,34.6 / 124
23919,PA,White,M,72,67.2,89.2,118,34.0,33.2,34.0,119,33.2,117,45.1,44.1,34.0 / 119,33.2 / 117
23919,PA,Gold,M,72,64.4,85.4,113,32.5,31.9,32.5,114,31.9,112,43.1,42.3,32.5 / 114,31.9 / 112
23919,PA,Red,M,72,61.9,81.8,108,31.2,30.7,31.2,108,30.7,107,41.2,40.6,31.2 / 108,30.7 / 107
23919,PA,Blue,F,72,75.6,107.0,134,38.3,37.3,38.3,137,37.3,130,54.4,52.6,38.3 / 137,37.3 / 130
23919,PA,White,F,72,72.0,101.6,126,36.5,35.5,36.5,129,35.5,122,51.7,49.9,36.5 / 129,35.5 / 122
23919,PA,Gold,F,72,68.7,96.6,118,34.7,34.0,34.7,121,34.0,115,49.0,47.6,34.7 / 121,34.0 / 115
23919,PA,Red,F,72,65.3,91.4,111,33.0,32.3,33.0,114,32.3,108,46.4,45.0,33.0 / 114,32.3 / 108
5474,PA,Blue,M,71,70.2,94.3,130,35.0,35.2,35.0,131,35.2,128,47.2,47.1,35.0 / 131,35.2 / 128
5474,PA,White,M,70,68.1,91.9,128,34.3,33.8,34.3,130,33.8,126,46.4,45.5,34.3 / 130,33.8 / 126
5474,PA,Gold,M,70,64.3,86.0,117,32.7,31.6,32.7,118,31.6,115,43.7,42.3,32.7 / 118,31.6 / 115
5474,PA,Red,M,70,63.9,85.7,117,32.4,31.5,32.4,117,31.5,117,43.3,42.4,32.4 / 117,31.5 / 117
5474,PA,Blue,F,70,75.7,109.2,142,37.8,37.9,37.8,140,37.9,144,54.3,54.9,37.8 / 140,37.9 / 144
5474,PA,White,F,70,73.4,105.4,136,37.0,36.4,37.0,136,36.4,136,53.0,52.4,37.0 / 136,36.4 / 136
5474,PA,Gold,F,70,68.9,98.7,126,35.0,33.9,35.0,126,33.9,126,49.9,48.8,35.0 / 126,33.9 / 126
5474,PA,Red,F,70,67.6,96.6,123,34.7,32.9,34.7,126,32.9,120,49.5,47.1,34.7 / 126,32.9 / 120
14462,PA,CHAMPIONSHIP - Black,M,71,72.0,96.8,134,36.7,35.3,36.7,129,35.3,138,48.7,48.1,36.7 / 129,35.3 / 138
14462,PA,MIDDLE - Blue,M,71,70.9,95.3,132,36.1,34.8,36.1,127,34.8,136,47.9,47.4,36.1 / 127,34.8 / 136
14462,PA,FORWARD - White,M,71,67.7,91.2,127,34.3,33.4,34.3,125,33.4,128,45.9,45.3,34.3 / 125,33.4 / 128
14462,PA,Red,M,71,65.5,88.4,124,33.2,32.3,33.2,123,32.3,124,44.6,43.8,33.2 / 123,32.3 / 124
14462,PA,CHAMPIONSHIP - Black,F,71,76.8,109.2,138,39.3,37.5,39.3,137,37.5,138,55.4,53.8,39.3 / 137,37.5 / 138
14462,PA,MIDDLE - Blue,F,71,75.3,106.9,134,38.4,36.9,38.4,133,36.9,135,54.1,52.8,38.4 / 133,36.9 / 135
14462,PA,FORWARD - White,F,71,72.1,102.1,128,36.7,35.4,36.7,126,35.4,129,51.5,50.6,36.7 / 126,35.4 / 129
14462,PA,FORWARD - Red,F,72,70.3,100.5,128,35.7,34.6,35.7,126,34.6,130,50.6,49.9,35.7 / 126,34.6 / 130
3131,PA,Blue,M,71,67.7,90.1,121,33.1,34.6,33.1,112,34.6,129,43.5,46.6,33.1 / 112,34.6 / 129
3131,PA,White,M,71,66.4,88.3,118,32.5,33.9,32.5,110,33.9,126,42.7,45.6,32.5 / 110,33.9 / 126
3131,PA,Gold,M,71,64.1,85.4,115,31.1,33.0,31.1,107,33.0,123,41.0,44.4,31.1 / 107,33.0 / 123
3131,PA,2026 9 Hole Gold,M,36,32.5,42.9,112,32.5,,32.5,112,,,42.9,,32.5 / 112,/
3131,PA,Blue,F,72,73.0,103.1,128,35.6,37.4,35.6,120,37.4,136,49.7,53.4,35.6 / 120,37.4 / 136
3131,PA,White,F,72,71.3,100.6,124,34.8,36.5,34.8,116,36.5,132,48.5,52.1,34.8 / 116,36.5 / 132
3131,PA,Gold,F,72,68.2,96.1,119,32.8,35.4,32.8,109,35.4,128,45.6,50.5,32.8 / 109,35.4 / 128
3131,PA,Red,F,72,67.5,94.9,117,32.7,34.8,32.7,108,34.8,125,45.4,49.5,32.7 / 108,34.8 / 125
5427,PA,Black,M,72,74.4,100.5,141,37.0,37.4,37.0,144,37.4,137,50.4,50.1,37.0 / 144,37.4 / 137
5427,PA,Blue,M,72,72.6,97.8,136,36.0,36.6,36.0,135,36.6,137,48.5,49.3,36.0 / 135,36.6 / 137
5427,PA,Blue/White,M,72,71.7,96.5,133,35.7,36.0,35.7,133,36.0,133,48.1,48.4,35.7 / 133,36.0 / 133
5427,PA,White,M,72,70.6,94.6,129,35.3,35.3,35.3,131,35.3,127,47.5,47.1,35.3 / 131,35.3 / 127
5427,PA,White/Gold,M,72,69.3,92.7,126,34.4,34.9,34.4,129,34.9,123,46.4,46.3,34.4 / 129,34.9 / 123
5427,PA,Gold,M,72,67.8,90.6,123,33.3,34.5,33.3,125,34.5,121,44.9,45.7,33.3 / 125,34.5 / 121
5427,PA,Green,M,72,66.0,88.2,120,32.6,33.4,32.6,124,33.4,115,44.1,44.1,32.6 / 124,33.4 / 115
5427,PA,Blue,F,72,78.3,112.3,144,38.6,39.7,38.6,143,39.7,145,55.5,56.8,38.6 / 143,39.7 / 145
5427,PA,Blue/White,F,72,77.2,111.0,143,38.3,38.9,38.3,143,38.9,143,55.2,55.8,38.3 / 143,38.9 / 143
5427,PA,White,F,72,75.8,109.0,141,37.7,38.1,37.7,141,38.1,141,54.3,54.7,37.7 / 141,38.1 / 141
5427,PA,White/Gold,F,72,74.6,106.9,137,37.0,37.6,37.0,136,37.6,138,53.0,53.9,37.0 / 136,37.6 / 138
5427,PA,Gold,F,72,72.9,104.5,134,35.8,37.1,35.8,132,37.1,136,51.4,53.1,35.8 / 132,37.1 / 136
5427,PA,Green,F,72,71.3,101.3,127,35.3,36.0,35.3,128,36.0,126,50.4,50.9,35.3 / 128,36.0 / 126
5469,PA,Blue,M,72,73.2,98.6,137,36.8,36.4,36.8,136,36.4,138,49.4,49.2,36.8 / 136,36.4 / 138
5469,PA,Dark Green,M,72,71.0,95.6,132,35.6,35.4,35.6,131,35.4,133,47.8,47.8,35.6 / 131,35.4 / 133
5469,PA,Dark Green/Grey Hybrid,M,72,69.1,93.1,129,34.7,34.4,34.7,127,34.4,131,46.5,46.6,34.7 / 127,34.4 / 131
5469,PA,Grey,M,72,68.0,91.7,128,34.2,33.8,34.2,126,33.8,129,45.9,45.8,34.2 / 126,33.8 / 129
5469,PA,Light Green,M,72,66.0,88.8,123,32.9,33.1,32.9,121,33.1,125,44.1,44.7,32.9 / 121,33.1 / 125
5469,PA,Forward Mix,M,72,63.4,85.2,118,31.6,31.8,31.6,114,31.8,121,42.2,43.0,31.6 / 114,31.8 / 121
5469,PA,Forward Tee 2,M,72,61.1,82.2,114,30.5,30.6,30.5,111,30.6,116,40.8,41.4,30.5 / 111,30.6 / 116
5469,PA,Forward Tee 1,M,72,58.4,78.5,109,29.3,29.1,29.3,107,29.1,110,39.2,39.3,29.3 / 107,29.1 / 110
5469,PA,Grey,F,72,73.9,104.5,130,37.0,36.9,37.0,131,36.9,129,52.4,52.1,37.0 / 131,36.9 / 129
5469,PA,Light Green,F,72,71.4,100.7,125,35.4,36.0,35.4,124,36.0,125,50.0,50.7,35.4 / 124,36.0 / 125
5469,PA,Forward Mix,F,72,68.1,95.8,118,33.6,34.5,33.6,117,34.5,118,47.4,48.4,33.6 / 117,34.5 / 118
5469,PA,Forward Tee 2,F,72,63.9,89.5,109,31.5,32.4,31.5,108,32.4,109,44.2,45.3,31.5 / 108,32.4 / 109
5469,PA,Forward Tee 1,F,72,59.6,83.0,99,29.7,29.9,29.7,100,29.9,98,41.5,41.5,29.7 / 100,29.9 / 98
20872,PA,Black,M,72,72.6,96.9,131,36.4,36.2,36.4,135,36.2,127,48.9,48.0,36.4 / 135,36.2 / 127
20872,PA,Blue,M,72,70.9,94.5,127,35.6,35.3,35.6,132,35.3,122,47.9,46.6,35.6 / 132,35.3 / 122
20872,PA,White,M,72,69.5,92.7,125,34.9,34.6,34.9,129,34.6,121,46.9,45.8,34.9 / 129,34.6 / 121
20872,PA,Gold,M,72,68.1,90.6,121,34.1,34.0,34.1,125,34.0,117,45.7,44.9,34.1 / 125,34.0 / 117
20872,PA,Gold/Red,M,72,66.4,88.3,118,33.3,33.1,33.3,122,33.1,114,44.6,43.7,33.3 / 122,33.1 / 114
20872,PA,Red,M,72,64.6,85.9,115,32.6,32.0,32.6,119,32.0,110,43.7,42.2,32.6 / 119,32.0 / 110
20872,PA,Forward Mix,M,72,62.5,82.9,110,31.3,31.2,31.3,114,31.2,105,41.9,41.0,31.3 / 114,31.2 / 105
20872,PA,Forward Tee 2,M,72,60.6,80.4,107,30.1,30.5,30.1,110,30.5,103,40.3,40.1,30.1 / 110,30.5 / 103
20872,PA,Forward Tee 1,M,72,57.9,76.7,101,28.8,29.1,28.8,104,29.1,98,38.5,38.2,28.8 / 104,29.1 / 98
20872,PA,Gold,F,72,73.5,102.7,124,36.9,36.6,36.9,123,36.6,125,51.4,51.3,36.9 / 123,36.6 / 125
20872,PA,Gold/Red,F,72,71.4,99.6,120,35.9,35.5,35.9,119,35.5,120,49.9,49.7,35.9 / 119,35.5 / 120
20872,PA,Red,F,72,69.4,96.4,114,35.2,34.2,35.2,114,34.2,114,48.7,47.7,35.2 / 114,34.2 / 114
20872,PA,Forward Mix,F,72,66.5,92.2,109,33.5,33.0,33.5,108,33.0,110,46.2,46.0,33.5 / 108,33.0 / 110
20872,PA,Forward Tee 2,F,72,62.9,86.8,101,31.3,31.6,31.3,98,31.6,104,42.9,43.9,31.3 / 98,31.6 / 104
20872,PA,Forward Tee 1,F,72,58.5,80.1,92,29.2,29.3,29.2,90,29.3,93,39.8,40.3,29.2 / 90,29.3 / 93
3134,PA,Musket,M,71,72.8,98.6,139,36.1,36.7,36.1,140,36.7,138,49.1,49.5,36.1 / 140,36.7 / 138
3134,PA,Crown,M,71,71.2,96.5,137,35.4,35.8,35.4,138,35.8,135,48.2,48.3,35.4 / 138,35.8 / 135
3134,PA,William Penn,M,71,70.1,95.0,134,34.9,35.2,34.9,136,35.2,132,47.5,47.5,34.9 / 136,35.2 / 132
3134,PA,Cannon,M,71,68.0,92.0,129,33.5,34.5,33.5,129,34.5,129,45.5,46.5,33.5 / 129,34.5 / 129
3134,PA,Liberty Bell,M,71,65.5,88.7,125,32.7,32.9,32.7,126,32.9,123,44.4,44.3,32.7 / 126,32.9 / 123
3134,PA,William Penn,F,71,75.6,107.4,135,37.3,38.3,37.3,131,38.3,138,52.8,54.6,37.3 / 131,38.3 / 138
3134,PA,Cannon,F,71,73.3,104.0,130,36.0,37.3,36.0,126,37.3,134,50.8,53.1,36.0 / 126,37.3 / 134
3134,PA,Liberty Bell,F,71,70.3,99.4,124,34.9,35.4,34.9,121,35.4,126,49.2,50.2,34.9 / 121,35.4 / 126
3134,PA,Forward Tee,F,71,66.7,93.9,116,32.6,34.1,32.6,111,34.1,120,45.7,48.2,32.6 / 111,34.1 / 120
5350,PA,Black,M,72,75.0,100.3,136,37.8,37.2,37.8,140,37.2,132,50.8,49.5,37.8 / 140,37.2 / 132
5350,PA,Blue,M,72,72.2,96.4,130,36.5,35.7,36.5,135,35.7,126,49.0,47.4,36.5 / 135,35.7 / 126
5350,PA,White,M,72,71.0,94.8,129,35.9,35.1,35.9,135,35.1,122,48.4,46.4,35.9 / 135,35.1 / 122
5350,PA,Gold,M,72,68.2,91.8,127,34.3,33.9,34.3,131,33.9,123,46.5,45.3,34.3 / 131,33.9 / 123
5350,PA,Red,M,72,65.0,86.9,118,32.0,33.0,32.0,118,33.0,117,43.0,43.9,32.0 / 118,33.0 / 117
5350,PA,Green,M,72,60.4,80.8,110,30.3,30.1,30.3,109,30.1,111,40.4,40.4,30.3 / 109,30.1 / 111
5350,PA,Blue,F,72,78.5,111.3,139,39.5,39.0,39.5,137,39.0,141,55.7,55.6,39.5 / 137,39.0 / 141
5350,PA,White,F,72,76.9,109.0,136,38.7,38.2,38.7,134,38.2,138,54.5,54.5,38.7 / 134,38.2 / 138
5350,PA,Gold,F,72,73.8,104.2,129,37.1,36.7,37.1,127,36.7,131,52.1,52.1,37.1 / 127,36.7 / 131
5350,PA,Red,F,72,69.8,99.0,124,34.5,35.3,34.5,125,35.3,123,49.2,49.8,34.5 / 125,35.3 / 123
5350,PA,Green,F,72,63.5,90.0,112,32.1,31.4,32.1,112,31.4,112,45.4,44.6,32.1 / 112,31.4 / 112
5351,PA,Blue,M,72,71.3,95.5,131,36.0,35.3,36.0,135,35.3,126,48.5,47.0,36.0 / 135,35.3 / 126
5351,PA,White,M,72,70.3,94.8,132,35.5,34.8,35.5,133,34.8,130,47.9,46.9,35.5 / 133,34.8 / 130
5351,PA,Gold,M,72,68.1,91.7,127,34.0,34.1,34.0,127,34.1,127,45.8,45.9,34.0 / 127,34.1 / 127
5351,PA,Red,M,72,64.9,86.5,116,32.5,32.4,32.5,116,32.4,116,43.3,43.2,32.5 / 116,32.4 / 116
5351,PA,Green,M,72,61.0,80.8,107,30.5,30.5,30.5,107,30.5,107,40.4,40.4,30.5 / 107,30.5 / 107
5351,PA,Blue,F,72,77.0,109.0,136,38.9,38.1,38.9,137,38.1,134,55.1,53.9,38.9 / 137,38.1 / 134
5351,PA,White,F,72,75.9,107.4,133,38.4,37.5,38.4,135,37.5,132,54.3,53.1,38.4 / 135,37.5 / 132
5351,PA,Gold,F,72,73.5,103.9,129,36.7,36.8,36.7,129,36.8,129,51.9,52.0,36.7 / 129,36.8 / 129
5351,PA,Red,F,72,69.9,99.3,124,35.1,34.8,35.1,126,34.8,123,50.0,49.3,35.1 / 126,34.8 / 123
5351,PA,Green,F,72,63.8,90.2,112,32.0,31.8,32.0,113,31.8,111,45.3,44.9,32.0 / 113,31.8 / 111
5470,PA,Blue,M,72,72.2,96.8,133,35.5,36.7,35.5,137,36.7,128,48.2,48.6,35.5 / 137,36.7 / 128
5470,PA,White,M,72,69.8,93.2,126,34.2,35.6,34.2,129,35.6,123,46.2,47.0,34.2 / 129,35.6 / 123
5470,PA,Gold,M,72,66.6,88.9,120,33.1,33.5,33.1,124,33.5,116,44.6,44.3,33.1 / 124,33.5 / 116
5470,PA,Red,M,72,64.7,86.2,116,31.8,32.9,31.8,118,32.9,113,42.8,43.4,31.8 / 118,32.9 / 113
5470,PA,Blue,F,72,78.3,110.6,137,38.6,39.7,38.6,140,39.7,134,55.1,55.5,38.6 / 140,39.7 / 134
5470,PA,White,F,72,75.5,106.2,130,37.1,38.4,37.1,133,38.4,127,52.8,53.4,37.1 / 133,38.4 / 127
5470,PA,Gold,F,72,71.5,100.3,123,35.7,35.8,35.7,125,35.8,120,50.4,49.9,35.7 / 125,35.8 / 120
5470,PA,Red,F,72,69.1,95.9,114,34.3,34.8,34.3,114,34.8,114,47.7,48.2,34.3 / 114,34.8 / 114
3271,PA,Black,M,68,68.6,90.4,117,34.3,34.3,34.3,117,34.3,117,45.2,45.2,34.3 / 117,34.3 / 117
3271,PA,Blue,M,68,67.2,88.6,115,33.6,33.6,33.6,115,33.6,115,44.3,44.3,33.6 / 115,33.6 / 115
3271,PA,White,M,68,65.6,86.2,111,32.8,32.8,32.8,111,32.8,111,43.1,43.1,32.8 / 111,32.8 / 111
3271,PA,Green,M,68,63.6,83.6,108,31.8,31.8,31.8,108,31.8,108,41.8,41.8,31.8 / 108,31.8 / 108
3271,PA,Gold,M,68,61.8,80.8,102,30.9,30.9,30.9,102,30.9,102,40.4,40.4,30.9 / 102,30.9 / 102
3271,PA,White,F,68,70.6,100.6,127,35.3,35.3,35.3,127,35.3,127,50.3,50.3,35.3 / 127,35.3 / 127
3271,PA,Green,F,68,68.2,96.8,121,34.1,34.1,34.1,121,34.1,121,48.4,48.4,34.1 / 121,34.1 / 121
3271,PA,Gold,F,68,64.6,91.2,113,32.3,32.3,32.3,113,32.3,113,45.6,45.6,32.3 / 113,32.3 / 113
3094,PA,Black,M,69,72.1,96.1,130,37.8,34.3,37.8,142,34.3,117,51.0,45.1,37.8 / 142,34.3 / 117
3094,PA,Blue,M,69,70.4,93.9,127,36.8,33.6,36.8,138,33.6,115,49.6,44.3,36.8 / 138,33.6 / 115
3094,PA,White,M,69,68.5,91.4,124,35.7,32.8,35.7,136,32.8,111,48.3,43.1,35.7 / 136,32.8 / 111
3094,PA,Green,M,69,65.6,87.9,120,33.8,31.8,33.8,132,31.8,108,46.1,41.8,33.8 / 132,31.8 / 108
3094,PA,Gold,M,69,63.2,84.4,114,32.3,30.9,32.3,126,30.9,102,44.0,40.4,32.3 / 126,30.9 / 102
3094,PA,White,F,71,74.5,106.3,135,39.2,35.3,39.2,142,35.3,127,56.0,50.3,39.2 / 142,35.3 / 127
3094,PA,Green,F,71,71.2,101.4,128,37.1,34.1,37.1,135,34.1,121,53.0,48.4,37.1 / 135,34.1 / 121
3094,PA,Gold,F,71,67.6,95.4,118,35.3,32.3,35.3,123,32.3,113,49.8,45.6,35.3 / 123,32.3 / 113
3093,PA,Black,M,70,71.6,95.7,130,37.3,34.3,37.3,142,34.3,117,50.5,45.2,37.3 / 142,34.3 / 117
3093,PA,Blue,M,70,69.8,93.3,127,36.2,33.6,36.2,138,33.6,115,49.0,44.3,36.2 / 138,33.6 / 115
3093,PA,White/Blue,M,70,69.0,92.3,126,35.4,33.6,35.4,136,33.6,115,48.0,44.3,35.4 / 136,33.6 / 115
3093,PA,White,M,70,68.2,91.1,124,35.4,32.8,35.4,136,32.8,111,48.0,43.1,35.4 / 136,32.8 / 111
3093,PA,Green/White,M,70,67.3,90.0,122,34.5,32.8,34.5,133,32.8,111,46.9,43.1,34.5 / 133,32.8 / 111
3093,PA,Green,M,70,65.7,87.8,119,33.9,31.8,33.9,130,31.8,108,46.0,41.8,33.9 / 130,31.8 / 108
3093,PA,Gold,M,70,63.3,83.8,110,32.4,30.9,32.4,118,30.9,102,43.4,40.4,32.4 / 118,30.9 / 102
3093,PA,White,F,71,73.8,105.4,134,38.5,35.3,38.5,141,35.3,127,55.1,50.3,38.5 / 141,35.3 / 127
3093,PA,Green,F,71,70.8,100.8,127,36.7,34.1,36.7,133,34.1,121,52.4,48.4,36.7 / 133,34.1 / 121
3093,PA,Gold/Green,F,71,69.9,99.5,126,35.8,34.1,35.8,130,34.1,121,51.1,48.4,35.8 / 130,34.1 / 121
3093,PA,Gold,F,71,67.2,95.2,119,34.9,32.3,34.9,125,32.3,113,49.6,45.6,34.9 / 125,32.3 / 113
3092,PA,Black,M,71,75.1,101.5,142,37.3,37.8,37.3,142,37.8,142,50.5,51.0,37.3 / 142,37.8 / 142
3092,PA,Black/Blue,M,71,74.1,100.2,141,36.7,37.4,36.7,140,37.4,141,49.7,50.5,36.7 / 140,37.4 / 141
3092,PA,Blue,M,71,73.0,98.6,138,36.2,36.8,36.2,138,36.8,138,49.0,49.6,36.2 / 138,36.8 / 138
3092,PA,Blue/White,M,71,72.2,97.6,137,35.9,36.3,35.9,137,36.3,137,48.6,49.0,35.9 / 137,36.3 / 137
3092,PA,White,M,71,71.1,96.3,136,35.4,35.7,35.4,136,35.7,136,48.0,48.3,35.4 / 136,35.7 / 136
3092,PA,White/Green,M,71,69.6,94.6,134,34.6,35.0,34.6,134,35.0,134,47.1,47.5,34.6 / 134,35.0 / 134
3092,PA,Green,M,71,67.7,92.1,131,33.9,33.8,33.9,130,33.8,132,46.0,46.1,33.9 / 130,33.8 / 132
3092,PA,Gold,M,71,64.7,87.4,122,32.4,32.3,32.4,118,32.3,126,43.4,44.0,32.4 / 118,32.3 / 126
3092,PA,White,F,74,77.7,111.1,142,38.5,39.2,38.5,141,39.2,142,55.1,56.0,38.5 / 141,39.2 / 142
3092,PA,Green,F,74,73.8,105.4,134,36.7,37.1,36.7,133,37.1,135,52.4,53.0,36.7 / 133,37.1 / 135
3092,PA,Green/Gold,F,74,71.9,102.6,131,35.8,36.1,35.8,131,36.1,130,51.2,51.4,35.8 / 131,36.1 / 130
3092,PA,Gold,F,74,70.2,99.4,124,34.9,35.3,34.9,125,35.3,123,49.6,49.8,34.9 / 125,35.3 / 123
3073,PA,I,M,72,74.9,100.8,140,37.6,37.3,37.6,142,37.3,137,50.8,50.0,37.6 / 142,37.3 / 137
3073,PA,I & II Combo,M,72,73.8,99.2,137,37.1,36.7,37.1,140,36.7,133,50.1,49.1,37.1 / 140,36.7 / 133
3073,PA,II,M,72,72.9,98.1,136,36.6,36.3,36.6,139,36.3,132,49.5,48.6,36.6 / 139,36.3 / 132
3073,PA,II & III Combo,M,72,71.4,96.0,133,35.8,35.6,35.8,136,35.6,129,48.4,47.6,35.8 / 136,35.6 / 129
3073,PA,III,M,72,70.1,94.1,129,35.1,35.0,35.1,132,35.0,126,47.4,46.7,35.1 / 132,35.0 / 126
3073,PA,III & IV Combo,M,72,68.0,91.3,126,34.3,33.7,34.3,128,33.7,123,46.2,45.1,34.3 / 128,33.7 / 123
3073,PA,IV,M,72,66.6,89.5,123,33.6,33.0,33.6,127,33.0,119,45.4,44.1,33.6 / 127,33.0 / 119
3073,PA,III,F,72,76.0,107.4,133,38.2,37.8,38.2,129,37.8,137,53.4,54.0,38.2 / 129,37.8 / 137
3073,PA,III & IV Combo,F,72,73.2,103.1,127,37.0,36.2,37.0,123,36.2,131,51.5,51.6,37.0 / 123,36.2 / 131
3073,PA,IV,F,72,71.6,100.5,123,36.3,35.3,36.3,119,35.3,126,50.3,50.2,36.3 / 119,35.3 / 126
3074,PA,I,M,35,33.3,45.3,129,33.3,,33.3,129,,,45.3,,33.3 / 129,/
3074,PA,II,M,35,32.0,43.6,125,32.0,,32.0,125,,,43.6,,32.0 / 125,/
3074,PA,I,F,35,36.0,50.4,122,36.0,,36.0,122,,,50.4,,36.0 / 122,/
3074,PA,II,F,35,34.3,47.9,115,34.3,,34.3,115,,,47.9,,34.3 / 115,/
3075,PA,I,M,70,74.7,100.4,138,36.9,37.8,36.9,144,37.8,132,50.3,50.1,36.9 / 144,37.8 / 132
3075,PA,I & II Combo,M,70,73.8,99.0,136,36.5,37.3,36.5,142,37.3,129,49.7,49.3,36.5 / 142,37.3 / 129
3075,PA,II,M,70,72.7,97.6,134,35.9,36.8,35.9,140,36.8,128,48.9,48.7,35.9 / 140,36.8 / 128
3075,PA,II & III Combo,M,70,71.6,96.2,132,35.5,36.1,35.5,133,36.1,131,47.9,48.3,35.5 / 133,36.1 / 131
3075,PA,III,M,70,70.4,94.9,132,35.1,35.3,35.1,135,35.3,129,47.6,47.3,35.1 / 135,35.3 / 129
3075,PA,III & IV Combo,M,70,68.3,92.6,131,34.3,34.0,34.3,131,34.0,130,46.5,46.1,34.3 / 131,34.0 / 130
3075,PA,IV,M,70,66.9,90.4,127,33.6,33.3,33.6,124,33.3,129,45.1,45.3,33.6 / 124,33.3 / 129
3075,PA,III,F,74,76.5,109.8,142,38.2,38.3,38.2,146,38.3,137,55.4,54.4,38.2 / 146,38.3 / 137
3075,PA,III & IV Combo,F,74,74.2,106.6,138,37.3,36.9,37.3,145,36.9,130,54.4,52.2,37.3 / 145,36.9 / 130
3075,PA,IV,F,74,72.3,104.0,135,36.2,36.1,36.2,141,36.1,128,52.8,51.2,36.2 / 141,36.1 / 128
5448,PA,Black/Silver,M,71,69.0,93.2,130,34.6,34.4,34.6,130,34.4,130,46.7,46.5,34.6 / 130,34.4 / 130
5448,PA,White/Blue,M,70,67.7,91.7,129,33.8,33.9,33.8,129,33.9,129,45.8,45.9,33.8 / 129,33.9 / 129
5448,PA,Red/Yellow,M,70,64.6,87.0,121,32.5,32.1,32.5,121,32.1,121,43.7,43.3,32.5 / 121,32.1 / 121
5448,PA,Yellow,M,70,64.4,86.8,121,32.2,32.2,32.2,121,32.2,121,43.4,43.4,32.2 / 121,32.2 / 121
5448,PA,Black/Silver,F,72,75.0,107.0,136,37.8,37.2,37.8,136,37.2,136,53.8,53.2,37.8 / 136,37.2 / 136
5448,PA,White/Blue,F,72,73.1,104.0,131,36.7,36.4,36.7,131,36.4,131,52.1,51.9,36.7 / 131,36.4 / 131
5448,PA,Yellow,F,72,69.6,98.8,124,34.9,34.7,34.9,124,34.7,124,49.5,49.3,34.9 / 124,34.7 / 124
5448,PA,Red/Yellow,F,72,69.4,98.4,123,35.0,34.4,35.0,123,34.4,123,49.5,48.9,35.0 / 123,34.4 / 123
3184,PA,Blue,M,70,72.3,98.5,141,36.2,36.1,36.2,137,36.1,145,48.9,49.6,36.2 / 137,36.1 / 145
3184,PA,Blue/White Combo,M,70,71.7,97.6,140,36.0,35.7,36.0,136,35.7,143,48.6,49.0,36.0 / 136,35.7 / 143
3184,PA,White,M,70,70.8,96.2,137,35.5,35.3,35.5,135,35.3,139,48.0,48.2,35.5 / 135,35.3 / 139
3184,PA,White/Gold Combo,M,70,69.1,93.9,134,34.7,34.4,34.7,132,34.4,135,47.0,46.9,34.7 / 132,34.4 / 135
3184,PA,Gold,M,70,67.7,91.6,129,34.4,33.3,34.4,131,33.3,126,46.6,45.0,34.4 / 131,33.3 / 126
3184,PA,White,F,74,77.2,110.9,143,38.8,38.4,38.8,148,38.4,138,56.2,54.7,38.8 / 148,38.4 / 138
3184,PA,Red,F,74,73.6,105.5,136,37.5,36.1,37.5,142,36.1,129,54.2,51.3,37.5 / 142,36.1 / 129
3205,PA,Middle,M,70,68.7,93.2,132,34.2,34.5,34.2,131,34.5,132,46.4,46.8,34.2 / 131,34.5 / 132
3205,PA,Front,M,70,66.8,90.6,128,33.0,33.8,33.0,128,33.8,128,44.9,45.7,33.0 / 128,33.8 / 128
3205,PA,Middle,F,72,74.3,105.9,134,36.9,37.4,36.9,133,37.4,135,52.6,53.3,36.9 / 133,37.4 / 135
3205,PA,Front,F,72,71.8,102.1,129,35.5,36.3,35.5,126,36.3,131,50.4,51.7,35.5 / 126,36.3 / 131
3140,PA,Blue,M,72,71.5,96.4,134,36.0,35.5,36.0,131,35.5,137,48.2,48.2,36.0 / 131,35.5 / 137
3140,PA,White,M,72,69.9,94.0,130,35.2,34.7,35.2,128,34.7,131,47.1,46.9,35.2 / 128,34.7 / 131
3140,PA,Gold,M,72,67.7,90.1,121,34.2,33.5,34.2,122,33.5,119,45.5,44.6,34.2 / 122,33.5 / 119
3140,PA,Red,M,72,64.9,86.3,115,32.8,32.1,32.8,116,32.1,114,43.6,42.7,32.8 / 116,32.1 / 114
3140,PA,White,F,72,76.0,106.9,131,38.4,37.6,38.4,131,37.6,131,53.9,53.0,38.4 / 131,37.6 / 131
3140,PA,Gold,F,72,72.9,102.3,125,36.9,36.0,36.9,126,36.0,124,51.7,50.6,36.9 / 126,36.0 / 124
3140,PA,Red,F,72,69.3,97.5,120,35.1,34.2,35.1,120,34.2,120,49.2,48.3,35.1 / 120,34.2 / 120
5455,PA,Men,M,64,60.0,80.0,108,30.0,30.0,30.0,108,30.0,108,40.0,40.0,30.0 / 108,30.0 / 108
5455,PA,Women,F,64,60.0,82.8,97,30.0,30.0,30.0,97,30.0,97,41.4,41.4,30.0 / 97,30.0 / 97
3112,PA,Blue,M,72,71.8,97.2,137,35.9,35.9,35.9,138,35.9,136,48.7,48.5,35.9 / 138,35.9 / 136
3112,PA,White,M,72,69.9,94.6,133,34.9,35.0,34.9,133,35.0,132,47.3,47.3,34.9 / 133,35.0 / 132
3112,PA,White/Gold,M,72,67.9,92.0,130,33.8,34.1,33.8,130,34.1,129,45.9,46.1,33.8 / 130,34.1 / 129
3112,PA,Gold,M,72,65.6,88.7,125,32.9,32.7,32.9,126,32.7,123,44.6,44.1,32.9 / 126,32.7 / 123
3112,PA,Red,M,72,62.1,82.4,110,31.2,30.9,31.2,111,30.9,108,41.5,40.9,31.2 / 111,30.9 / 108
3112,PA,White,F,72,76.3,108.3,136,37.9,38.4,37.9,134,38.4,137,53.7,54.6,37.9 / 134,38.4 / 137
3112,PA,White/Gold,F,72,73.9,104.7,131,36.6,37.3,36.6,128,37.3,133,51.7,53.0,36.6 / 128,37.3 / 133
3112,PA,Gold,F,72,72.6,102.5,127,35.5,37.1,35.5,124,37.1,130,50.1,52.4,35.5 / 124,37.1 / 130
3112,PA,Red,F,72,69.1,97.6,121,33.7,35.4,33.7,117,35.4,125,47.5,50.1,33.7 / 117,35.4 / 125
5387,PA,Blue,M,72,71.7,95.8,130,36.2,35.5,36.2,127,35.5,132,48.0,47.8,36.2 / 127,35.5 / 132
5387,PA,White,M,72,70.8,94.4,127,35.8,35.0,35.8,126,35.0,128,47.5,46.9,35.8 / 126,35.0 / 128
5387,PA,Gold,M,72,68.1,90.4,120,34.4,33.7,34.4,118,33.7,122,45.4,45.0,34.4 / 118,33.7 / 122
5387,PA,Red,M,72,64.5,85.5,113,32.3,32.2,32.3,110,32.2,116,42.5,43.0,32.3 / 110,32.2 / 116
5387,PA,Level Two,M,72,61.1,81.4,109,30.8,30.3,30.8,104,30.3,114,40.5,40.9,30.8 / 104,30.3 / 114
5387,PA,Level One,M,72,57.3,75.9,100,28.8,28.5,28.8,96,28.5,104,37.7,38.2,28.8 / 96,28.5 / 104
5387,PA,Blue,F,72,78.0,109.6,134,39.4,38.6,39.4,136,38.6,132,55.4,54.2,39.4 / 136,38.6 / 132
5387,PA,White,F,72,76.7,108.0,133,38.8,37.9,38.8,135,37.9,131,54.7,53.3,38.8 / 135,37.9 / 131
5387,PA,Gold,F,72,73.3,102.8,125,37.0,36.3,37.0,126,36.3,124,51.9,50.9,37.0 / 126,36.3 / 124
5387,PA,Red,F,72,68.8,96.4,117,34.5,34.3,34.5,118,34.3,116,48.4,48.0,34.5 / 118,34.3 / 116
5387,PA,Level Two,F,72,64.4,89.8,108,32.5,31.9,32.5,109,31.9,107,45.3,44.5,32.5 / 109,31.9 / 107
5387,PA,Level One,F,72,58.9,81.3,95,29.6,29.3,29.6,95,29.3,95,40.8,40.5,29.6 / 95,29.3 / 95
36217,PA,White,M,72,67.7,88.2,110,33.2,34.5,33.2,104,34.5,116,42.9,45.3,33.2 / 104,34.5 / 116
36217,PA,Red,M,72,64.3,83.3,103,31.8,32.5,31.8,97,32.5,108,40.8,42.5,31.8 / 97,32.5 / 108
36217,PA,White,F,72,73.3,101.5,120,35.7,37.6,35.7,114,37.6,125,49.2,52.3,35.7 / 114,37.6 / 125
36217,PA,Red,F,72,69.1,95.0,110,34.0,35.1,34.0,106,35.1,114,46.5,48.5,34.0 / 106,35.1 / 114
3238,PA,Black,M,72,71.8,95.4,127,35.7,36.1,35.7,117,36.1,137,46.6,48.8,35.7 / 117,36.1 / 137
3238,PA,Blue,M,72,69.9,92.3,121,34.9,35.0,34.9,113,35.0,128,45.4,46.9,34.9 / 113,35.0 / 128
3238,PA,White,M,72,68.7,90.8,119,34.3,34.4,34.3,113,34.4,125,44.8,46.0,34.3 / 113,34.4 / 125
3238,PA,Gold,M,72,64.4,84.4,108,32.2,32.2,32.2,107,32.2,109,42.1,42.3,32.2 / 107,32.2 / 109
3238,PA,Red,M,72,62.9,82.6,106,31.6,31.3,31.6,104,31.3,108,41.3,41.3,31.6 / 104,31.3 / 108
3238,PA,Black,F,72,77.8,109.8,136,38.8,39.0,38.8,136,39.0,136,54.8,55.0,38.8 / 136,39.0 / 136
3238,PA,Blue,F,72,75.9,107.1,132,37.7,38.2,37.7,131,38.2,133,53.2,53.9,37.7 / 131,38.2 / 133
3238,PA,White,F,72,74.3,104.5,128,36.9,37.4,36.9,128,37.4,128,52.0,52.5,36.9 / 128,37.4 / 128
3238,PA,Gold,F,72,69.6,97.6,119,34.9,34.7,34.9,120,34.7,118,49.0,48.6,34.9 / 120,34.7 / 118
3238,PA,Red,F,72,67.2,93.6,112,33.9,33.3,33.9,113,33.3,111,47.2,46.4,33.9 / 113,33.3 / 111
5454,PA,Black,M,70,69.1,91.5,121,34.5,34.6,34.5,121,34.6,121,45.7,45.8,34.5 / 121,34.6 / 121
5454,PA,White,M,70,67.9,90.1,119,33.9,34.0,33.9,119,34.0,119,45.0,45.1,33.9 / 119,34.0 / 119
5454,PA,White / Gold,M,70,66.5,88.1,116,33.2,33.3,33.2,116,33.3,116,44.0,44.1,33.2 / 116,33.3 / 116
5454,PA,Gold,M,70,66.0,87.2,114,33.0,33.0,33.0,114,33.0,114,43.6,43.6,33.0 / 114,33.0 / 114
5454,PA,Red/Gold,M,70,65.2,85.7,111,32.8,32.4,32.8,113,32.4,108,43.3,42.4,32.8 / 113,32.4 / 108
5454,PA,Red,M,70,64.8,85.2,110,32.9,31.9,32.9,113,31.9,107,43.4,41.8,32.9 / 113,31.9 / 107
5454,PA,Forward,M,70,60.3,79.2,102,30.3,30.0,30.3,100,30.0,103,39.6,39.6,30.3 / 100,30.0 / 103
5454,PA,Black,F,72,74.5,105.3,131,37.3,37.2,37.3,131,37.2,130,52.8,52.5,37.3 / 131,37.2 / 130
5454,PA,White,F,72,73.2,102.9,126,36.7,36.5,36.7,127,36.5,125,51.7,51.2,36.7 / 127,36.5 / 125
5454,PA,White / Gold,F,73,71.6,100.8,124,35.7,35.9,35.7,124,35.9,124,50.3,50.5,35.7 / 124,35.9 / 124
5454,PA,Gold,F,73,71.0,99.6,122,35.5,35.5,35.5,123,35.5,120,50.0,49.6,35.5 / 123,35.5 / 120
5454,PA,Red/Gold,F,73,70.0,98.0,119,35.4,34.6,35.4,121,34.6,116,49.7,48.3,35.4 / 121,34.6 / 116
5454,PA,Red,F,73,69.4,97.0,117,35.3,34.1,35.3,122,34.1,112,49.7,47.3,35.3 / 122,34.1 / 112
5454,PA,Foward,F,72,62.1,86.7,104,31.2,30.9,31.2,105,30.9,103,43.6,43.1,31.2 / 105,30.9 / 103
13961,PA,Blue,M,70,69.7,95.1,137,34.7,35.0,34.7,137,35.0,137,47.4,47.7,34.7 / 137,35.0 / 137
13961,PA,White,M,70,67.1,91.8,133,33.4,33.7,33.4,127,33.7,139,45.2,46.6,33.4 / 127,33.7 / 139
13961,PA,Gold,M,70,65.1,86.4,115,32.3,32.8,32.3,115,32.8,114,43.0,43.4,32.3 / 115,32.8 / 114
13961,PA,Gold,F,70,69.0,97.7,122,34.3,34.7,34.3,119,34.7,125,48.3,49.4,34.3 / 119,34.7 / 125
13961,PA,Red,F,70,67.6,95.7,119,33.6,34.0,33.6,116,34.0,122,47.3,48.4,33.6 / 116,34.0 / 122
20635,PA,Black,M,72,71.4,95.7,131,36.0,35.4,36.0,127,35.4,135,47.8,47.9,36.0 / 127,35.4 / 135
20635,PA,Blue,M,72,69.8,93.6,128,35.3,34.5,35.3,125,34.5,131,46.9,46.7,35.3 / 125,34.5 / 131
20635,PA,White,M,72,68.0,90.7,122,34.5,33.5,34.5,118,33.5,126,45.5,45.2,34.5 / 118,33.5 / 126
20635,PA,White/Green,M,72,66.6,88.9,120,34.0,32.6,34.0,116,32.6,124,44.8,44.1,34.0 / 116,32.6 / 124
20635,PA,Green,M,72,65.4,87.4,119,33.2,32.2,33.2,115,32.2,122,43.9,43.5,33.2 / 115,32.2 / 122
20635,PA,Red,M,72,63.0,84.0,113,31.8,31.2,31.8,108,31.2,118,41.8,42.2,31.8 / 108,31.2 / 118
20635,PA,Black,F,72,76.8,108.5,135,39.0,37.8,39.0,136,37.8,133,55.0,53.5,39.0 / 136,37.8 / 133
20635,PA,Blue,F,72,75.0,105.6,130,38.2,36.8,38.2,131,36.8,128,53.7,51.9,38.2 / 131,36.8 / 128
20635,PA,White,F,72,72.5,101.9,125,37.0,35.5,37.0,127,35.5,122,52.0,49.9,37.0 / 127,35.5 / 122
20635,PA,White/Green,F,72,71.1,99.8,122,36.6,34.5,36.6,126,34.5,118,51.4,48.4,36.6 / 126,34.5 / 118
20635,PA,Green,F,72,69.2,96.9,117,35.6,33.6,35.6,120,33.6,114,49.8,47.1,35.6 / 120,33.6 / 114
20635,PA,Red,F,72,65.0,90.7,109,33.3,31.7,33.3,112,31.7,106,46.5,44.2,33.3 / 112,31.7 / 106
5411,PA,Gold,M,71,73.2,98.5,136,37.0,36.2,37.0,133,36.2,139,49.4,49.1,37.0 / 133,36.2 / 139
5411,PA,Black,M,71,72.6,97.5,134,36.7,35.9,36.7,133,35.9,135,49.1,48.4,36.7 / 133,35.9 / 135
5411,PA,Blue,M,71,71.0,95.6,132,36.0,35.0,36.0,131,35.0,133,48.2,47.4,36.0 / 131,35.0 / 133
5411,PA,White,M,71,69.0,92.8,128,34.9,34.1,34.9,127,34.1,129,46.7,46.1,34.9 / 127,34.1 / 129
5411,PA,Green,M,71,65.5,88.1,122,33.3,32.2,33.3,122,32.2,122,44.6,43.5,33.3 / 122,32.2 / 122
5411,PA,Black,F,73,79.3,113.0,143,40.0,39.3,40.0,142,39.3,144,56.7,56.3,40.0 / 142,39.3 / 144
5411,PA,Blue,F,73,77.1,109.8,139,39.1,38.0,39.1,137,38.0,141,55.2,54.6,39.1 / 137,38.0 / 141
5411,PA,White,F,73,74.6,106.0,134,37.7,36.9,37.7,130,36.9,137,53.0,53.0,37.7 / 130,36.9 / 137
5411,PA,Green,F,73,70.4,100.1,126,35.8,34.6,35.8,128,34.6,124,50.9,49.2,35.8 / 128,34.6 / 124
5393,PA,Black,M,72,73.8,98.9,135,36.7,37.1,36.7,130,37.1,140,48.8,50.1,36.7 / 130,37.1 / 140
5393,PA,Blue,M,72,72.0,96.9,133,35.6,36.4,35.6,128,36.4,138,47.5,49.2,35.6 / 128,36.4 / 138
5393,PA,White,M,72,70.0,93.9,129,34.5,35.5,34.5,122,35.5,136,45.8,48.1,34.5 / 122,35.5 / 136
5393,PA,Gold,M,72,67.1,90.0,123,33.2,33.9,33.2,118,33.9,128,44.2,45.8,33.2 / 118,33.9 / 128
5393,PA,Red,M,72,63.1,84.7,117,31.3,31.8,31.3,112,31.8,122,41.7,43.1,31.3 / 112,31.8 / 122
5393,PA,Blue,F,72,78.3,110.1,135,38.7,39.6,38.7,133,39.6,137,54.4,55.7,38.7 / 133,39.6 / 137
5393,PA,White,F,72,75.9,106.6,130,37.4,38.5,37.4,127,38.5,133,52.4,54.2,37.4 / 127,38.5 / 133
5393,PA,Gold,F,72,73.0,102.2,124,36.1,36.9,36.1,122,36.9,126,50.5,51.7,36.1 / 122,36.9 / 126
5393,PA,Red,F,72,67.7,94.8,115,33.4,34.3,33.4,112,34.3,118,46.6,48.2,33.4 / 112,34.3 / 118
13481,PA,Black,M,72,73.1,96.4,125,35.7,37.4,35.7,119,37.4,131,46.8,49.6,35.7 / 119,37.4 / 131
13481,PA,White,M,72,70.0,92.8,123,33.9,36.1,33.9,114,36.1,131,44.5,48.3,33.9 / 114,36.1 / 131
13481,PA,Gold,M,72,66.2,87.4,115,32.0,34.2,32.0,108,34.2,121,42.0,45.4,32.0 / 108,34.2 / 121
13481,PA,Red,F,73,68.0,95.6,117,32.2,35.8,32.2,110,35.8,124,45.2,50.4,32.2 / 110,35.8 / 124
21022,PA,Black,M,70,67.4,90.6,125,33.7,33.7,33.7,125,33.7,125,45.3,45.3,33.7 / 125,33.7 / 125
21022,PA,Silver,M,70,65.6,88.0,121,32.8,32.8,32.8,121,32.8,121,44.0,44.0,32.8 / 121,32.8 / 121
7847,PA,Blue,M,72,69.8,90.7,113,35.2,34.6,35.2,117,34.6,108,46.1,44.6,35.2 / 117,34.6 / 108
7847,PA,White,M,72,69.1,89.5,110,34.7,34.4,34.7,114,34.4,105,45.3,44.2,34.7 / 114,34.4 / 105
7847,PA,Yellow,M,72,65.2,84.6,105,32.8,32.4,32.8,107,32.4,102,42.7,41.9,32.8 / 107,32.4 / 102
7847,PA,Red,F,72,69.3,95.8,112,34.6,34.7,34.6,114,34.7,110,48.1,47.7,34.6 / 114,34.7 / 110
7847,PA,Gold,F,72,61.7,84.3,96,29.6,32.1,29.6,95,32.1,97,40.8,43.5,29.6 / 95,32.1 / 97
5373,PA,Blue,M,70,69.7,93.9,130,34.5,35.2,34.5,132,35.2,128,46.8,47.1,34.5 / 132,35.2 / 128
5373,PA,White,M,70,68.7,92.5,128,34.2,34.5,34.2,130,34.5,126,46.3,46.2,34.2 / 130,34.5 / 126
5373,PA,Gold,M,70,65.7,88.6,123,32.8,32.9,32.8,128,32.9,118,44.7,43.9,32.8 / 128,32.9 / 118
5373,PA,Red,M,70,63.2,85.7,121,31.4,31.8,31.4,125,31.8,117,43.0,42.7,31.4 / 125,31.8 / 117
5373,PA,Orange,M,70,61.5,83.6,119,30.7,30.8,30.7,122,30.8,116,42.0,41.6,30.7 / 122,30.8 / 116
5373,PA,Blue,F,71,74.0,105.6,134,36.8,37.2,36.8,134,37.2,134,52.6,53.0,36.8 / 134,37.2 / 134
5373,PA,White,F,71,72.8,104.0,132,36.4,36.4,36.4,133,36.4,131,52.1,51.9,36.4 / 133,36.4 / 131
5373,PA,Gold,F,71,70.0,99.4,125,35.2,34.8,35.2,125,34.8,125,49.9,49.5,35.2 / 125,34.8 / 125
5373,PA,Red,F,71,65.8,92.9,115,32.5,33.3,32.5,110,33.3,120,45.5,47.4,32.5 / 110,33.3 / 120
5373,PA,Orange,F,71,64.0,90.4,112,32.4,31.6,32.4,108,31.6,116,45.1,45.3,32.4 / 108,31.6 / 116
21061,PA,Black,M,72,72.0,96.1,130,35.5,36.5,35.5,124,36.5,136,47.0,49.1,35.5 / 124,36.5 / 136
21061,PA,Blue,M,72,70.5,94.2,128,34.8,35.7,34.8,123,35.7,132,46.2,48.0,34.8 / 123,35.7 / 132
21061,PA,Blue/White,M,72,69.2,92.3,124,34.3,34.9,34.3,119,34.9,129,45.4,46.9,34.3 / 119,34.9 / 129
21061,PA,White,M,72,68.5,91.3,123,34.0,34.5,34.0,118,34.5,127,45.0,46.3,34.0 / 118,34.5 / 127
21061,PA,White/Red,M,72,67.7,90.3,122,33.6,34.1,33.6,117,34.1,126,44.5,45.8,33.6 / 117,34.1 / 126
21061,PA,Red,M,72,65.7,87.6,118,32.7,33.0,32.7,114,33.0,122,43.3,44.3,32.7 / 114,33.0 / 122
21061,PA,Red/Silver,M,72,62.6,83.2,111,31.3,31.3,31.3,108,31.3,114,41.3,41.9,31.3 / 108,31.3 / 114
21061,PA,Silver,M,72,61.8,82.0,109,30.8,31.0,30.8,105,31.0,112,40.6,41.4,30.8 / 105,31.0 / 112
21061,PA,White,F,72,74.0,104.9,131,36.4,37.6,36.4,131,37.6,131,51.8,53.1,36.4 / 131,37.6 / 131
21061,PA,White/Red,F,72,73.1,103.6,130,36.1,37.0,36.1,130,37.0,129,51.4,52.2,36.1 / 130,37.0 / 129
21061,PA,Red,F,72,71.8,101.5,126,35.1,36.7,35.1,125,36.7,127,49.8,51.7,35.1 / 125,36.7 / 127
21061,PA,Red/Silver,F,72,66.1,93.1,114,32.7,33.4,32.7,114,33.4,114,46.2,46.9,32.7 / 114,33.4 / 114
21061,PA,Silver,F,72,64.5,90.7,111,31.8,32.7,31.8,112,32.7,110,45.0,45.7,31.8 / 112,32.7 / 110
36952,PA,Blue,M,71,67.8,90.9,124,33.3,34.5,33.3,116,34.5,132,44.1,46.8,33.3 / 116,34.5 / 132
36952,PA,White,M,71,66.6,89.2,122,32.5,34.1,32.5,114,34.1,129,43.1,46.1,32.5 / 114,34.1 / 129
36952,PA,Red,M,71,62.6,83.6,113,30.8,31.8,30.8,105,31.8,121,40.6,43.0,30.8 / 105,31.8 / 121
36952,PA,Blue,F,71,73.1,103.3,128,36.0,37.1,36.0,124,37.1,132,50.6,52.7,36.0 / 124,37.1 / 132
36952,PA,White,F,71,71.4,100.7,124,35.1,36.3,35.1,120,36.3,128,49.3,51.4,35.1 / 120,36.3 / 128
36952,PA,Red,F,71,65.4,91.4,110,32.4,33.0,32.4,110,33.0,110,45.4,46.0,32.4 / 110,33.0 / 110
3252,PA,Blue,M,72,68.6,90.0,115,33.6,35.0,33.6,114,35.0,116,44.2,45.8,33.6 / 114,35.0 / 116
3252,PA,White,M,72,67.3,88.4,114,33.1,34.2,33.1,112,34.2,115,43.5,44.9,33.1 / 112,34.2 / 115
3252,PA,Green,M,72,63.1,82.7,105,31.4,31.7,31.4,105,31.7,105,41.2,41.5,31.4 / 105,31.7 / 105
3252,PA,Red,M,72,62.5,81.4,102,31.3,31.2,31.3,100,31.2,103,40.6,40.8,31.3 / 100,31.2 / 103
3252,PA,Blue,F,72,73.5,103.9,129,35.6,37.9,35.6,126,37.9,132,50.4,53.5,35.6 / 126,37.9 / 132
3252,PA,White,F,72,72.1,101.8,126,35.0,37.1,35.0,123,37.1,129,49.5,52.3,35.0 / 123,37.1 / 129
3252,PA,Green,F,72,66.9,93.9,115,32.8,34.1,32.8,114,34.1,115,46.2,47.7,32.8 / 114,34.1 / 115
3252,PA,Red,F,72,66.7,94.0,116,32.9,33.8,32.9,114,33.8,117,46.4,47.6,32.9 / 114,33.8 / 117
13437,PA,Blue,M,71,71.2,94.3,125,35.5,35.7,35.5,125,35.7,124,47.1,47.2,35.5 / 125,35.7 / 124
13437,PA,White,M,71,69.4,92.4,124,34.5,34.9,34.5,124,34.9,124,46.0,46.4,34.5 / 124,34.9 / 124
13437,PA,Gold,M,71,64.0,84.5,111,31.6,32.4,31.6,109,32.4,112,41.7,42.8,31.6 / 109,32.4 / 112
13437,PA,Red,F,73,68.7,96.3,117,33.9,34.8,33.9,119,34.8,115,47.9,48.4,33.9 / 119,34.8 / 115
5360,PA,Blue,M,72,72.7,98.3,138,36.6,36.1,36.6,140,36.1,136,49.6,48.7,36.6 / 140,36.1 / 136
5360,PA,White,M,72,71.3,96.7,137,35.8,35.5,35.8,139,35.5,135,48.7,48.0,35.8 / 139,35.5 / 135
5360,PA,White/Gold,M,72,69.3,94.2,134,34.8,34.5,34.8,135,34.5,133,47.3,46.9,34.8 / 135,34.5 / 133
5360,PA,Gold,M,72,67.0,91.0,129,33.8,33.2,33.8,129,33.2,129,45.8,45.2,33.8 / 129,33.2 / 129
5360,PA,Red,M,72,63.4,83.6,109,31.9,31.5,31.9,111,31.5,107,42.2,41.4,31.9 / 111,31.5 / 107
5360,PA,Blue,F,72,78.5,112.6,145,39.9,38.6,39.9,146,38.6,143,57.1,55.5,39.9 / 146,38.6 / 143
5360,PA,White,F,72,77.1,108.7,134,39.0,38.1,39.0,136,38.1,132,55.0,53.7,39.0 / 136,38.1 / 132
5360,PA,White/Gold,F,72,74.5,106.7,137,37.6,36.9,37.6,137,36.9,137,53.7,53.0,37.6 / 137,36.9 / 137
5360,PA,Gold,F,72,71.5,102.1,130,36.3,35.2,36.3,131,35.2,129,51.7,50.4,36.3 / 131,35.2 / 129
5360,PA,Red,F,72,68.5,97.9,125,34.6,33.9,34.6,125,33.9,125,49.3,48.6,34.6 / 125,33.9 / 125
2911,PA,Maroon,M,72,73.7,100.2,143,36.3,37.4,36.3,143,37.4,142,49.6,50.6,36.3 / 143,37.4 / 142
2911,PA,Black,M,72,72.3,98.1,139,35.7,36.6,35.7,140,36.6,138,48.7,49.4,35.7 / 140,36.6 / 138
2911,PA,White,M,72,70.7,95.9,136,35.0,35.7,35.0,137,35.7,135,47.7,48.2,35.0 / 137,35.7 / 135
2911,PA,Gold,M,72,68.1,91.8,128,34.1,34.0,34.1,122,34.0,133,45.4,46.4,34.1 / 122,34.0 / 133
2911,PA,Green,M,72,65.2,87.8,122,32.7,32.5,32.7,116,32.5,127,43.5,44.3,32.7 / 116,32.5 / 127
2911,PA,White,F,72,76.4,109.2,139,37.9,38.5,37.9,141,38.5,137,54.5,54.7,37.9 / 141,38.5 / 137
2911,PA,Gold,F,72,73.3,104.4,132,36.4,36.9,36.4,133,36.9,131,52.1,52.3,36.4 / 133,36.9 / 131
2911,PA,Green,F,72,70.0,99.0,123,34.9,35.1,34.9,124,35.1,122,49.5,49.5,34.9 / 124,35.1 / 122
13443,PA,Black,M,72,74.6,100.1,137,37.4,37.2,37.4,141,37.2,133,50.5,49.6,37.4 / 141,37.2 / 133
13443,PA,White,M,72,72.6,97.1,132,36.2,36.4,36.2,139,36.4,125,49.1,48.0,36.2 / 139,36.4 / 125
13443,PA,Gold,M,72,67.8,90.4,122,34.0,33.8,34.0,128,33.8,115,45.9,44.5,34.0 / 128,33.8 / 115
13443,PA,Red,F,72,69.6,98.1,121,34.7,34.9,34.7,122,34.9,120,49.1,49.0,34.7 / 122,34.9 / 120
3081,PA,Blue,M,72,73.1,98.7,138,36.6,36.5,36.6,141,36.5,135,49.7,49.0,36.6 / 141,36.5 / 135
3081,PA,Blue/White,M,72,72.3,97.6,136,36.2,36.1,36.2,139,36.1,133,49.1,48.5,36.2 / 139,36.1 / 133
3081,PA,White,M,72,71.3,96.2,134,35.6,35.7,35.6,137,35.7,131,48.3,47.9,35.6 / 137,35.7 / 131
3081,PA,White/Gold,M,72,70.1,94.5,132,35.2,34.9,35.2,135,34.9,128,47.7,46.8,35.2 / 135,34.9 / 128
3081,PA,Gold,M,72,69.5,93.7,130,34.8,34.7,34.8,133,34.7,127,47.2,46.5,34.8 / 133,34.7 / 127
3081,PA,Gold/Red,M,72,68.4,92.1,128,34.2,34.2,34.2,130,34.2,125,46.3,45.8,34.2 / 130,34.2 / 125
3081,PA,Red,M,72,67.8,91.2,127,33.8,34.0,33.8,129,34.0,123,45.8,45.4,33.8 / 129,34.0 / 123
3081,PA,Red/Green,M,72,66.0,89.0,124,33.0,33.0,33.0,127,33.0,121,44.8,44.2,33.0 / 127,33.0 / 121
3081,PA,White,F,73,77.2,111.0,143,38.5,38.7,38.5,144,38.7,142,55.5,55.5,38.5 / 144,38.7 / 142
3081,PA,White/Gold,F,73,75.7,108.7,140,37.9,37.8,37.9,142,37.8,137,54.7,54.0,37.9 / 142,37.8 / 137
3081,PA,Gold,F,73,75.0,107.7,139,37.5,37.5,37.5,141,37.5,137,54.1,53.6,37.5 / 141,37.5 / 137
3081,PA,Gold/Red,F,73,73.6,105.6,136,36.7,36.9,36.7,137,36.9,135,52.8,52.8,36.7 / 137,36.9 / 135
3081,PA,Red,F,73,72.8,104.4,135,36.2,36.6,36.2,135,36.6,133,52.1,52.3,36.2 / 135,36.6 / 133
3081,PA,Red/Green,F,73,70.8,101.5,130,35.3,35.5,35.3,131,35.5,129,50.8,50.7,35.3 / 131,35.5 / 129
3217,PA,Black,M,70,72.3,98.9,143,36.0,36.3,36.0,142,36.3,144,49.2,49.7,36.0 / 142,36.3 / 144
3217,PA,Black/Blue,M,70,71.3,97.5,141,35.6,35.7,35.6,141,35.7,141,48.7,48.8,35.6 / 141,35.7 / 141
3217,PA,Blue,M,70,70.7,96.6,140,35.4,35.3,35.4,140,35.3,139,48.4,48.2,35.4 / 140,35.3 / 139
3217,PA,Blue/White,M,70,69.2,94.6,137,34.7,34.5,34.7,138,34.5,136,47.5,47.1,34.7 / 138,34.5 / 136
3217,PA,White,M,70,68.0,93.1,136,34.2,33.8,34.2,136,33.8,135,46.8,46.3,34.2 / 136,33.8 / 135
3217,PA,White/Red,M,70,66.4,90.0,127,33.3,33.1,33.3,127,33.1,127,45.1,44.9,33.3 / 127,33.1 / 127
3217,PA,Red,M,70,65.9,88.3,121,32.9,33.0,32.9,124,33.0,117,44.4,43.9,32.9 / 124,33.0 / 117
3217,PA,Black,F,70,78.3,112.6,146,38.8,39.5,38.8,147,39.5,144,56.1,56.5,38.8 / 147,39.5 / 144
3217,PA,Black/Blue,F,71,77.0,110.8,144,38.3,38.7,38.3,145,38.7,142,55.4,55.4,38.3 / 145,38.7 / 142
3217,PA,Blue,F,71,76.2,109.6,142,38.0,38.2,38.0,144,38.2,139,55.0,54.6,38.0 / 144,38.2 / 139
3217,PA,Blue/White,F,70,74.5,107.1,139,37.3,37.2,37.3,141,37.2,136,53.9,53.2,37.3 / 141,37.2 / 136
3217,PA,White,F,70,73.0,105.0,136,36.6,36.4,36.6,138,36.4,135,52.9,52.2,36.6 / 138,36.4 / 135
3217,PA,White/Red,F,71,71.0,101.8,130,35.5,35.5,35.5,133,35.5,127,51.3,50.5,35.5 / 133,35.5 / 127
3217,PA,Red,F,71,69.9,100.1,129,35.0,34.9,35.0,131,34.9,126,50.4,49.7,35.0 / 131,34.9 / 126
7864,PA,Blue,M,71,71.1,95.4,131,35.4,35.7,35.4,129,35.7,132,47.4,48.0,35.4 / 129,35.7 / 132
7864,PA,White,M,71,68.5,91.8,126,34.1,34.4,34.1,123,34.4,128,45.5,46.3,34.1 / 123,34.4 / 128
7864,PA,Gold,M,71,65.1,87.2,119,32.2,32.9,32.2,116,32.9,122,43.0,44.2,32.2 / 116,32.9 / 122
7864,PA,Red/Gold,M,71,64.1,85.8,117,31.7,32.4,31.7,114,32.4,119,42.3,43.5,31.7 / 114,32.4 / 119
7864,PA,Red,M,71,63.6,85.2,116,31.6,32.0,31.6,114,32.0,118,42.2,43.0,31.6 / 114,32.0 / 118
7864,PA,Blue,F,71,77.0,109.3,137,38.5,38.5,38.5,132,38.5,142,54.1,55.2,38.5 / 132,38.5 / 142
7864,PA,White,F,71,74.0,104.7,131,36.9,37.1,36.9,126,37.1,135,51.7,53.0,36.9 / 126,37.1 / 135
7864,PA,Gold,F,71,69.8,98.4,121,34.6,35.2,34.6,115,35.2,127,48.2,50.2,34.6 / 115,35.2 / 127
7864,PA,Red/Gold,F,71,68.4,96.5,120,33.9,34.5,33.9,114,34.5,125,47.3,49.2,33.9 / 114,34.5 / 125
7864,PA,Red,F,71,67.9,95.7,118,33.8,34.1,33.8,113,34.1,123,47.1,48.6,33.8 / 113,34.1 / 123
3098,PA,Black,M,71,71.5,96.6,135,35.5,36.0,35.5,138,36.0,132,48.3,48.3,35.5 / 138,36.0 / 132
3098,PA,Blue,M,71,70.2,94.8,133,35.1,35.1,35.1,136,35.1,129,47.7,47.1,35.1 / 136,35.1 / 129
3098,PA,White,M,71,68.2,92.0,128,34.2,34.0,34.2,132,34.0,124,46.5,45.5,34.2 / 132,34.0 / 124
3098,PA,Yellow,M,71,64.7,87.1,121,32.6,32.1,32.6,125,32.1,116,44.2,42.9,32.6 / 125,32.1 / 116
3098,PA,Yellow,F,71,69.2,97.3,120,35.2,34.0,35.2,122,34.0,117,49.5,47.8,35.2 / 122,34.0 / 117
3098,PA,Red,F,71,67.8,95.5,118,34.3,33.5,34.3,119,33.5,116,48.3,47.2,34.3 / 119,33.5 / 116
5392,PA,Blue,M,70,70.8,93.8,124,35.3,35.5,35.3,124,35.5,124,46.8,47.0,35.3 / 124,35.5 / 124
5392,PA,White,M,70,69.3,91.7,121,34.7,34.6,34.7,118,34.6,123,45.7,46.0,34.7 / 118,34.6 / 123
5392,PA,Gold,M,70,66.8,88.5,117,33.1,33.7,33.1,113,33.7,121,43.6,44.9,33.1 / 113,33.7 / 121
5392,PA,Green,M,70,64.9,85.9,113,32.2,32.7,32.2,110,32.7,116,42.4,43.5,32.2 / 110,32.7 / 116
5392,PA,Red,M,70,63.3,83.9,111,31.0,32.3,31.0,107,32.3,115,40.9,43.0,31.0 / 107,32.3 / 115
5392,PA,Blue,F,70,76.3,107.9,134,38.2,38.1,38.2,137,38.1,131,54.3,53.6,38.2 / 137,38.1 / 131
5392,PA,White,F,70,74.4,105.2,131,37.4,37.0,37.4,134,37.0,127,53.2,52.0,37.4 / 134,37.0 / 127
5392,PA,Gold,F,70,71.7,101.0,124,35.6,36.1,35.6,126,36.1,122,50.5,50.5,35.6 / 126,36.1 / 122
5392,PA,Green,F,70,69.5,97.6,119,34.6,34.9,34.6,121,34.9,117,48.9,48.7,34.6 / 121,34.9 / 117
5392,PA,Red,F,70,67.6,94.8,115,33.2,34.4,33.2,115,34.4,115,46.8,48.0,33.2 / 115,34.4 / 115
3141,PA,Blue,M,70,70.0,94.7,133,34.1,35.9,34.1,129,35.9,137,46.1,48.6,34.1 / 129,35.9 / 137
3141,PA,Nelson,M,70,69.0,93.4,132,33.4,35.6,33.4,126,35.6,137,45.1,48.3,33.4 / 126,35.6 / 137
3141,PA,White,M,70,68.4,92.5,130,33.2,35.2,33.2,124,35.2,136,44.7,47.8,33.2 / 124,35.2 / 136
3141,PA,Gold,M,70,65.4,88.6,125,31.9,33.5,31.9,121,33.5,129,43.1,45.5,31.9 / 121,33.5 / 129
3141,PA,Hybrid 1,M,70,64.4,87.3,123,31.2,33.2,31.2,118,33.2,128,42.2,45.1,31.2 / 118,33.2 / 128
3141,PA,Hybrid 2,M,70,63.6,86.2,122,31.0,32.6,31.0,117,32.6,126,41.9,44.3,31.0 / 117,32.6 / 126
3141,PA,Silver,M,70,61.5,83.3,118,30.1,31.4,30.1,114,31.4,121,40.7,42.6,30.1 / 114,31.4 / 121
3141,PA,Blue,F,70,76.6,109.4,139,37.3,39.3,37.3,132,39.3,146,52.9,56.5,37.3 / 132,39.3 / 146
3141,PA,White,F,70,74.4,106.1,135,36.2,38.2,36.2,128,38.2,141,51.3,54.8,36.2 / 128,38.2 / 141
3141,PA,Gold,F,70,70.1,99.6,125,34.2,35.9,34.2,121,35.9,129,48.5,51.1,34.2 / 121,35.9 / 129
3141,PA,Hybrid 1,F,70,68.7,97.4,122,33.1,35.6,33.1,116,35.6,127,46.8,50.6,33.1 / 116,35.6 / 127
3141,PA,Hybrid 2,F,70,67.5,95.6,119,32.6,34.9,32.6,114,34.9,124,46.1,49.5,32.6 / 114,34.9 / 124
3141,PA,Silver,F,70,63.9,89.8,110,31.0,32.9,31.0,106,32.9,114,43.5,46.3,31.0 / 106,32.9 / 114
7855,PA,Blue - Mens,M,72,71.2,95.2,129,35.4,35.8,35.4,126,35.8,132,47.1,48.1,35.4 / 126,35.8 / 132
7855,PA,Hybrid - Mens,M,72,69.4,92.8,126,34.5,34.9,34.5,123,34.9,129,45.9,46.9,34.5 / 123,34.9 / 129
7855,PA,White - Mens,M,72,67.8,90.8,124,33.6,34.2,33.6,119,34.2,128,44.7,46.1,33.6 / 119,34.2 / 128
7855,PA,Gold - Mens,M,72,64.9,86.4,116,32.1,32.8,32.1,112,32.8,119,42.5,43.9,32.1 / 112,32.8 / 119
7855,PA,White-Women,F,72,72.6,103.4,131,35.9,36.7,35.9,130,36.7,131,51.2,52.2,35.9 / 130,36.7 / 131
7855,PA,Gold-Women,F,72,69.2,98.0,122,34.1,35.1,34.1,120,35.1,124,48.3,49.7,34.1 / 120,35.1 / 124
7855,PA,Gold/Red,F,72,67.5,95.6,120,33.6,33.9,33.6,119,33.9,120,47.6,48.0,33.6 / 119,33.9 / 120
7855,PA,Red - Women,F,72,65.8,93.1,116,32.6,33.2,32.6,114,33.2,117,46.1,47.0,32.6 / 114,33.2 / 117
36552,PA,Blue,M,70,66.0,87.5,116,33.0,33.0,33.0,118,33.0,113,44.0,43.5,33.0 / 118,33.0 / 113
36552,PA,White,M,70,64.7,85.9,114,32.4,32.3,32.4,117,32.3,111,43.3,42.6,32.4 / 117,32.3 / 111
36552,PA,Gold,M,70,62.6,82.9,110,31.3,31.3,31.3,112,31.3,107,41.7,41.2,31.3 / 112,31.3 / 107
36552,PA,Red,M,70,61.3,81.1,107,30.7,30.6,30.7,109,30.6,104,40.8,40.3,30.7 / 109,30.6 / 104
36552,PA,Blue,F,70,71.0,99.4,121,35.6,35.4,35.6,122,35.4,119,50.0,49.4,35.6 / 122,35.4 / 119
36552,PA,White,F,70,69.5,97.1,117,34.9,34.6,34.9,120,34.6,114,49.0,48.1,34.9 / 120,34.6 / 114
36552,PA,Gold,F,70,66.8,93.2,112,33.5,33.3,33.5,114,33.3,110,46.9,46.3,33.5 / 114,33.3 / 110
36552,PA,Red,F,70,64.7,89.9,107,32.4,32.3,32.4,109,32.3,105,45.2,44.7,32.4 / 109,32.3 / 105
21173,PA,Blue,M,71,69.3,91.6,120,34.0,35.3,34.0,113,35.3,127,44.5,47.1,34.0 / 113,35.3 / 127
21173,PA,White,M,71,67.3,88.0,112,33.2,34.1,33.2,108,34.1,115,43.2,44.8,33.2 / 108,34.1 / 115
21173,PA,Gold,M,71,66.4,87.0,111,32.0,34.4,32.0,105,34.4,116,41.8,45.2,32.0 / 105,34.4 / 116
21173,PA,Red,F,72,67.2,94.3,115,34.0,33.2,34.0,115,33.2,114,47.6,46.7,34.0 / 115,33.2 / 114
5404,PA,Black,M,71,70.2,95.8,138,34.4,35.8,34.4,138,35.8,138,47.2,48.6,34.4 / 138,35.8 / 138
5404,PA,Blue,M,71,69.2,94.3,135,34.2,35.0,34.2,137,35.0,133,46.9,47.4,34.2 / 137,35.0 / 133
5404,PA,White,M,71,67.2,90.2,124,33.5,33.7,33.5,123,33.7,125,44.9,45.3,33.5 / 123,33.7 / 125
5404,PA,Red,M,71,64.8,86.5,117,32.3,32.5,32.3,113,32.5,121,42.8,43.7,32.3 / 113,32.5 / 121
5404,PA,White,F,72,71.7,102.1,129,35.8,35.9,35.8,127,35.9,131,50.8,51.3,35.8 / 127,35.9 / 131
5404,PA,Red,F,72,69.3,97.8,121,34.8,34.5,34.8,125,34.5,117,49.5,48.3,34.8 / 125,34.5 / 117
13572,PA,Blue,M,72,70.8,94.2,126,35.3,35.5,35.3,126,35.5,126,47.0,47.2,35.3 / 126,35.5 / 126
13572,PA,White,M,72,69.4,92.1,123,34.7,34.7,34.7,121,34.7,124,45.9,46.2,34.7 / 121,34.7 / 124
13572,PA,Gold,M,72,66.7,88.1,115,33.9,32.8,33.9,115,32.8,115,44.6,43.5,33.9 / 115,32.8 / 115
13572,PA,Green,M,72,64.7,84.9,109,33.0,31.7,33.0,109,31.7,109,43.1,41.8,33.0 / 109,31.7 / 109
13572,PA,Red,F,72,67.8,94.2,112,34.7,33.1,34.7,118,33.1,106,48.6,45.6,34.7 / 118,33.1 / 106
3164,PA,Black,M,71,73.3,100.2,145,36.6,36.7,36.6,147,36.7,142,50.3,49.9,36.6 / 147,36.7 / 142
3164,PA,Blue,M,71,70.5,95.8,136,35.2,35.3,35.2,139,35.3,133,48.1,47.7,35.2 / 139,35.3 / 133
3164,PA,White,M,71,68.9,93.7,134,34.5,34.4,34.5,137,34.4,130,47.2,46.5,34.5 / 137,34.4 / 130
3164,PA,Green,M,71,67.0,91.1,130,33.6,33.4,33.6,133,33.4,126,46.0,45.1,33.6 / 133,33.4 / 126
3164,PA,Red,M,71,65.2,88.7,127,32.9,32.3,32.9,130,32.3,123,45.0,43.7,32.9 / 130,32.3 / 123
3164,PA,Gold,M,71,63.0,85.5,121,31.5,31.5,31.5,124,31.5,118,43.0,42.5,31.5 / 124,31.5 / 118
3164,PA,White,F,72,74.5,105.8,133,37.3,37.2,37.3,133,37.2,132,53.0,52.8,37.3 / 133,37.2 / 132
3164,PA,Green,F,72,72.2,102.4,128,36.1,36.1,36.1,129,36.1,127,51.3,51.1,36.1 / 129,36.1 / 127
3164,PA,Red,F,72,69.9,99.1,124,35.3,34.6,35.3,126,34.6,122,50.1,49.0,35.3 / 126,34.6 / 122
3164,PA,Red/Gold,F,72,68.4,96.6,120,34.2,34.2,34.2,120,34.2,120,48.3,48.3,34.2 / 120,34.2 / 120
3164,PA,Gold,F,72,66.5,93.8,116,33.1,33.4,33.1,115,33.4,116,46.7,47.1,33.1 / 115,33.4 / 116
13524,PA,Blue,M,71,71.0,94.8,128,35.4,35.6,35.4,124,35.6,132,46.9,47.9,35.4 / 124,35.6 / 132
13524,PA,White,M,71,69.3,92.5,125,34.7,34.6,34.7,122,34.6,128,46.0,46.5,34.7 / 122,34.6 / 128
13524,PA,Gold,M,72,64.8,85.6,112,32.9,31.9,32.9,112,31.9,112,43.3,42.3,32.9 / 112,31.9 / 112
13524,PA,Red,M,72,64.8,85.6,112,32.9,31.9,32.9,112,31.9,112,43.3,42.3,32.9 / 112,31.9 / 112
13524,PA,Blue,F,71,76.3,107.4,132,38.2,38.1,38.2,130,38.1,134,53.5,53.9,38.2 / 130,38.1 / 134
13524,PA,White,F,71,74.6,104.8,128,37.3,37.3,37.3,126,37.3,130,52.2,52.6,37.3 / 126,37.3 / 130
13524,PA,Red,F,72,69.8,97.6,118,35.3,34.5,35.3,118,34.5,118,49.2,48.4,35.3 / 118,34.5 / 118
13524,PA,Gold,F,72,69.8,97.6,118,35.3,34.5,35.3,118,34.5,118,49.2,48.4,35.3 / 118,34.5 / 118
3158,PA,Black,M,72,71.4,94.8,126,35.4,36.0,35.4,121,36.0,131,46.6,48.2,35.4 / 121,36.0 / 131
3158,PA,Blue,M,72,70.4,93.3,123,34.8,35.6,34.8,118,35.6,128,45.8,47.5,34.8 / 118,35.6 / 128
3158,PA,White,M,72,69.2,91.8,122,34.3,34.9,34.3,117,34.9,126,45.2,46.6,34.3 / 117,34.9 / 126
3158,PA,Gold,M,72,65.9,86.6,112,32.5,33.4,32.5,110,33.4,113,42.7,43.9,32.5 / 110,33.4 / 113
3158,PA,Burgundy,M,72,65.3,85.7,110,32.1,33.2,32.1,108,33.2,112,42.1,43.6,32.1 / 108,33.2 / 112
3158,PA,Black,F,72,77.3,109.9,138,38.3,39.0,38.3,132,39.0,144,53.9,56.0,38.3 / 132,39.0 / 144
3158,PA,Blue,F,72,76.1,108.1,136,37.6,38.5,37.6,129,38.5,142,52.8,55.3,37.6 / 129,38.5 / 142
3158,PA,White,F,72,74.7,106.0,133,37.0,37.7,37.0,126,37.7,139,51.9,54.1,37.0 / 126,37.7 / 139
3158,PA,Gold,F,72,70.7,99.8,124,35.2,35.5,35.2,118,35.5,129,49.1,50.7,35.2 / 118,35.5 / 129
3158,PA,Burgundy,F,72,69.8,98.6,122,34.6,35.2,34.6,116,35.2,128,48.3,50.3,34.6 / 116,35.2 / 128
28887,PA,Blue/Black,M,70,67.8,89.3,116,34.0,33.8,34.0,116,33.8,115,44.8,44.5,34.0 / 116,33.8 / 115
28887,PA,Green/White,M,70,66.7,87.8,114,33.6,33.1,33.6,114,33.1,113,44.2,43.6,33.6 / 114,33.1 / 113
28887,PA,Silver/Gold,M,70,63.5,83.3,107,31.6,31.9,31.6,105,31.9,108,41.4,41.9,31.6 / 105,31.9 / 108
28887,PA,Blue/Black,F,70,73.3,103.4,128,36.8,36.5,36.8,128,36.5,127,51.9,51.5,36.8 / 128,36.5 / 127
28887,PA,Green/White,F,70,72.0,101.4,125,36.3,35.7,36.3,126,35.7,124,51.1,50.3,36.3 / 126,35.7 / 124
28887,PA,Silver/Gold,F,70,68.0,95.4,116,33.8,34.2,33.8,115,34.2,117,47.4,48.0,33.8 / 115,34.2 / 117
5466,PA,Blue,M,70,67.4,89.2,117,30.7,36.7,30.7,104,36.7,130,40.4,48.8,30.7 / 104,36.7 / 130
5466,PA,White,M,70,65.3,85.8,110,30.3,35.0,30.3,101,35.0,119,39.7,46.1,30.3 / 101,35.0 / 119
5466,PA,Red,M,70,62.6,81.7,103,29.7,32.9,29.7,94,32.9,112,38.4,43.3,29.7 / 94,32.9 / 112
5466,PA,Gold,M,70,62.0,80.6,100,28.5,33.5,28.5,89,33.5,111,36.8,43.8,28.5 / 89,33.5 / 111
5466,PA,Blue,F,70,72.2,102.9,130,32.5,39.7,32.5,116,39.7,144,46.2,56.7,32.5 / 116,39.7 / 144
5466,PA,White,F,70,69.5,98.8,124,31.9,37.6,31.9,115,37.6,133,45.5,53.3,31.9 / 115,37.6 / 133
5466,PA,Gold,F,70,67.2,94.8,117,30.8,36.4,30.8,105,36.4,129,43.2,51.6,30.8 / 105,36.4 / 129
5466,PA,Red,F,70,66.0,92.4,112,30.6,35.4,30.6,104,35.4,120,42.9,49.5,30.6 / 104,35.4 / 120
17979,PA,Blue,M,70,67.8,91.2,126,33.0,34.8,33.0,122,34.8,130,44.3,46.9,33.0 / 122,34.8 / 130
17979,PA,White,M,70,66.6,89.1,121,32.4,34.2,32.4,118,34.2,124,43.4,45.7,32.4 / 118,34.2 / 124
17979,PA,Gold,M,70,64.2,86.1,118,31.4,32.8,31.4,114,32.8,122,42.0,44.1,31.4 / 114,32.8 / 122
17979,PA,Silver,M,70,63.0,84.5,116,31.0,32.0,31.0,112,32.0,119,41.4,43.1,31.0 / 112,32.0 / 119
17979,PA,Red (M),M,70,60.4,81.0,111,29.5,30.9,29.5,108,30.9,114,39.5,41.5,29.5 / 108,30.9 / 114
17979,PA,Blue (W),F,70,72.1,100.9,122,35.3,36.8,35.3,118,36.8,126,49.2,51.7,35.3 / 118,36.8 / 126
17979,PA,White (W),F,70,70.5,98.3,118,34.5,36.0,34.5,114,36.0,122,47.9,50.4,34.5 / 114,36.0 / 122
17979,PA,Gold (W),F,70,67.6,94.1,112,33.2,34.4,33.2,109,34.4,115,46.1,48.0,33.2 / 109,34.4 / 115
17979,PA,Silver (W),F,70,64.9,90.6,109,32.0,32.9,32.0,104,32.9,114,44.3,46.3,32.0 / 104,32.9 / 114
17979,PA,Red,F,70,60.8,84.5,101,30.0,30.8,30.0,99,30.8,102,41.7,42.8,30.0 / 99,30.8 / 102
3085,PA,Championship,M,70,75.0,102.2,147,38.2,36.8,38.2,151,36.8,142,52.2,50.0,38.2 / 151,36.8 / 142
3085,PA,Black,M,70,74.3,101.1,145,38.1,36.2,38.1,150,36.2,139,52.0,49.1,38.1 / 150,36.2 / 139
3085,PA,Gold,M,71,73.0,99.5,143,37.1,35.9,37.1,147,35.9,138,50.8,48.7,37.1 / 147,35.9 / 138
3085,PA,Gold/Green,M,71,72.4,98.3,139,36.9,35.5,36.9,146,35.5,132,50.5,47.8,36.9 / 146,35.5 / 132
3085,PA,Green,M,71,71.1,96.3,136,36.3,34.8,36.3,143,34.8,128,49.6,46.7,36.3 / 143,34.8 / 128
3085,PA,Green/White,M,71,70.2,95.1,134,35.7,34.5,35.7,141,34.5,127,48.8,46.3,35.7 / 141,34.5 / 127
3085,PA,White,M,71,68.6,92.9,131,35.0,33.6,35.0,138,33.6,124,47.8,45.1,35.0 / 138,33.6 / 124
3085,PA,Silver,M,71,65.4,88.5,124,33.2,32.2,33.2,131,32.2,117,45.4,43.1,33.2 / 131,32.2 / 117
3085,PA,Orange,M,71,64.1,86.0,118,32.1,32.0,32.1,124,32.0,112,43.6,42.4,32.1 / 124,32.0 / 112
3085,PA,Green,F,71,77.0,111.2,145,39.3,37.7,39.3,148,37.7,142,56.8,54.4,39.3 / 148,37.7 / 142
3085,PA,Green/White,F,71,76.0,109.7,143,38.6,37.4,38.6,145,37.4,141,55.7,54.0,38.6 / 145,37.4 / 141
3085,PA,White,F,71,74.1,106.8,139,37.7,36.4,37.7,142,36.4,136,54.4,52.4,37.7 / 142,36.4 / 136
3085,PA,Silver,F,71,70.2,100.9,130,35.6,34.6,35.6,132,34.6,128,51.2,49.7,35.6 / 132,34.6 / 128
3085,PA,Orange,F,71,67.3,96.6,125,34.1,33.2,34.1,126,33.2,123,48.9,47.7,34.1 / 126,33.2 / 123
23900,PA,Blue,M,72,67.0,88.0,113,32.7,34.3,32.7,107,34.3,119,42.6,45.4,32.7 / 107,34.3 / 119
23900,PA,White,M,72,66.4,87.1,111,32.7,33.7,32.7,105,33.7,117,42.5,44.6,32.7 / 105,33.7 / 117
23900,PA,Red,F,72,67.2,93.5,112,34.3,32.9,34.3,115,32.9,108,47.9,45.6,34.3 / 115,32.9 / 108
5385,PA,Blue,M,70,70.4,95.6,136,35.0,35.4,35.0,136,35.4,136,47.6,48.0,35.0 / 136,35.4 / 136
5385,PA,White,M,70,68.7,92.7,129,34.6,34.1,34.6,133,34.1,125,47.0,45.7,34.6 / 133,34.1 / 125
5385,PA,Green/White,M,70,66.4,89.2,123,33.4,33.0,33.4,123,33.0,123,44.8,44.4,33.4 / 123,33.0 / 123
5385,PA,Green,M,70,66.2,87.8,116,33.6,32.6,33.6,114,32.6,118,44.2,43.6,33.6 / 114,32.6 / 118
5385,PA,Red,M,70,64.9,85.9,113,33.0,31.9,33.0,112,31.9,114,43.4,42.5,33.0 / 112,31.9 / 114
5385,PA,Black,M,70,59.8,80.2,110,30.3,29.5,30.3,112,29.5,108,40.7,39.5,30.3 / 112,29.5 / 108
5385,PA,Blue,F,71,75.9,106.3,129,37.8,38.1,37.8,132,38.1,126,53.4,52.9,37.8 / 132,38.1 / 126
5385,PA,White,F,71,73.4,102.8,125,37.0,36.4,37.0,130,36.4,120,52.3,50.5,37.0 / 130,36.4 / 120
5385,PA,Green/White,F,71,71.9,101.7,126,36.2,35.7,36.2,126,35.7,126,51.1,50.6,36.2 / 126,35.7 / 126
5385,PA,Green,F,71,71.0,100.0,123,35.9,35.1,35.9,125,35.1,121,50.6,49.4,35.9 / 125,35.1 / 121
5385,PA,Red,F,71,69.7,98.5,122,35.3,34.4,35.3,124,34.4,120,49.9,48.6,35.3 / 124,34.4 / 120
5385,PA,Black,F,70,62.5,88.6,111,31.9,30.6,31.9,113,30.6,109,45.2,43.4,31.9 / 113,30.6 / 109
5471,PA,White,M,68,65.4,86.4,113,32.7,32.7,32.7,113,32.7,113,43.2,43.2,32.7 / 113,32.7 / 113
5471,PA,Gold,M,68,61.0,81.0,108,30.5,30.5,30.5,108,30.5,108,40.5,40.5,30.5 / 108,30.5 / 108
5471,PA,Red,F,70,68.4,93.4,106,34.2,34.2,34.2,106,34.2,106,46.7,46.7,34.2 / 106,34.2 / 106
5471,PA,Gold,F,69,65.0,88.2,98,32.5,32.5,32.5,98,32.5,98,44.1,44.1,32.5 / 98,32.5 / 98
13419,PA,Blue,M,72,73.8,98.9,135,36.9,36.9,36.9,137,36.9,133,49.6,49.3,36.9 / 137,36.9 / 133
13419,PA,Hybrid BL / WH,M,72,72.4,96.9,132,36.3,36.1,36.3,133,36.1,130,48.7,48.2,36.3 / 133,36.1 / 130
13419,PA,White,M,72,71.0,95.0,129,35.3,35.7,35.3,130,35.7,128,47.4,47.6,35.3 / 130,35.7 / 128
13419,PA,Gold,M,72,67.4,90.1,123,33.6,33.8,33.6,124,33.8,121,45.1,45.0,33.6 / 124,33.8 / 121
13419,PA,Gold,F,72,71.9,101.4,125,35.5,36.4,35.5,120,36.4,130,49.7,51.7,35.5 / 120,36.4 / 130
13419,PA,Red,F,72,69.2,97.3,119,34.1,35.1,34.1,114,35.1,124,47.6,49.7,34.1 / 114,35.1 / 124
23815,PA,Blue,M,71,71.1,95.1,129,35.5,35.6,35.5,129,35.6,129,47.5,47.6,35.5 / 129,35.6 / 129
23815,PA,White,M,71,69.2,91.9,123,34.6,34.6,34.6,124,34.6,121,46.1,45.8,34.6 / 124,34.6 / 121
23815,PA,Yellow,M,71,65.9,87.6,117,33.0,32.9,33.0,117,32.9,116,43.9,43.7,33.0 / 117,32.9 / 116
23815,PA,Red,M,71,63.6,84.3,112,31.8,31.8,31.8,111,31.8,112,42.1,42.2,31.8 / 111,31.8 / 112
23815,PA,Blue,F,71,77.2,109.3,136,38.6,38.6,38.6,139,38.6,133,55.0,54.3,38.6 / 139,38.6 / 133
23815,PA,White,F,71,74.7,105.5,131,37.5,37.2,37.5,134,37.2,127,53.3,52.2,37.5 / 134,37.2 / 127
23815,PA,Yellow,F,71,70.8,99.3,121,35.5,35.3,35.5,120,35.3,121,49.7,49.6,35.5 / 120,35.3 / 121
23815,PA,Red,F,71,67.7,94.9,115,34.0,33.7,34.0,114,33.7,116,47.5,47.4,34.0 / 114,33.7 / 116
3110,PA,I,M,72,72.2,96.9,133,36.0,36.2,36.0,132,36.2,133,48.3,48.6,36.0 / 132,36.2 / 133
3110,PA,I/II,M,72,71.2,95.6,131,35.4,35.8,35.4,131,35.8,131,47.6,48.0,35.4 / 131,35.8 / 131
3110,PA,II,M,72,70.6,94.7,130,35.1,35.5,35.1,130,35.5,129,47.2,47.5,35.1 / 130,35.5 / 129
3110,PA,II/III,M,72,69.4,93.1,128,34.7,34.7,34.7,128,34.7,127,46.6,46.5,34.7 / 128,34.7 / 127
3110,PA,III,M,72,68.6,91.9,126,34.4,34.2,34.4,126,34.2,125,46.1,45.8,34.4 / 126,34.2 / 125
3110,PA,III/IV Combo,M,72,67.3,90.2,124,33.7,33.6,33.7,124,33.6,123,45.2,45.0,33.7 / 124,33.6 / 123
3110,PA,IV/III,M,72,66.6,89.3,123,33.2,33.4,33.2,123,33.4,122,44.6,44.7,33.2 / 123,33.4 / 122
3110,PA,IV,M,72,65.9,88.3,121,33.1,32.8,33.1,123,32.8,118,44.5,43.8,33.1 / 123,32.8 / 118
3110,PA,I,F,72,79.5,114.1,147,40.0,39.5,40.0,146,39.5,148,57.2,56.9,40.0 / 146,39.5 / 148
3110,PA,I/II,F,72,78.2,112.3,145,39.3,38.9,39.3,143,38.9,146,56.2,56.1,39.3 / 143,38.9 / 146
3110,PA,II,F,72,77.5,111.1,143,38.9,38.6,38.9,142,38.6,143,55.6,55.5,38.9 / 142,38.6 / 143
3110,PA,II/III,F,72,76.0,108.9,140,38.4,37.6,38.4,139,37.6,140,54.8,54.1,38.4 / 139,37.6 / 140
3110,PA,III,F,72,75.0,107.4,137,38.0,37.0,38.0,137,37.0,137,54.2,53.2,38.0 / 137,37.0 / 137
3110,PA,III/IV Combo,F,72,73.5,105.2,135,37.2,36.3,37.2,134,36.3,135,53.0,52.2,37.2 / 134,36.3 / 135
3110,PA,IV/III,F,72,72.7,104.0,133,36.6,36.1,36.6,132,36.1,133,52.2,51.8,36.6 / 132,36.1 / 133
3110,PA,IV,F,72,71.8,102.6,131,36.5,35.3,36.5,131,35.3,130,52.0,50.6,36.5 / 131,35.3 / 130
3155,PA,Black,M,72,73.9,99.8,140,37.2,36.7,37.2,136,36.7,143,49.8,50.0,37.2 / 136,36.7 / 143
3155,PA,Black/Blue,M,72,73.0,98.6,138,36.7,36.3,36.7,135,36.3,141,49.2,49.4,36.7 / 135,36.3 / 141
3155,PA,Blue,M,72,72.1,97.1,135,36.3,35.8,36.3,131,35.8,138,48.5,48.6,36.3 / 131,35.8 / 138
3155,PA,Blue/White,M,72,71.4,96.2,134,35.9,35.5,35.9,130,35.5,137,48.0,48.2,35.9 / 130,35.5 / 137
3155,PA,White,M,72,70.2,94.8,133,35.3,34.9,35.3,129,34.9,136,47.3,47.5,35.3 / 129,34.9 / 136
3155,PA,White/Green,M,72,68.9,92.7,128,34.8,34.1,34.8,126,34.1,130,46.5,46.2,34.8 / 126,34.1 / 130
3155,PA,Green,M,72,67.4,90.7,126,33.8,33.6,33.8,122,33.6,129,45.1,45.6,33.8 / 122,33.6 / 129
3155,PA,Gold,M,72,65.8,88.6,123,32.6,33.2,32.6,117,33.2,128,43.5,45.1,32.6 / 117,33.2 / 128
3155,PA,Forward,M,72,63.4,85.2,118,31.6,31.8,31.6,113,31.8,122,42.1,43.1,31.6 / 113,31.8 / 122
3155,PA,Black,F,72,80.7,115.9,149,40.6,40.1,40.6,150,40.1,148,58.3,57.6,40.6 / 150,40.1 / 148
3155,PA,Black/Blue,F,72,79.5,114.2,148,40.0,39.5,40.0,148,39.5,147,57.4,56.8,40.0 / 148,39.5 / 147
3155,PA,Blue,F,72,78.6,112.8,145,39.6,39.0,39.6,145,39.0,145,56.7,56.1,39.6 / 145,39.0 / 145
3155,PA,Blue/White,F,72,77.7,111.5,143,39.1,38.6,39.1,143,38.6,143,56.0,55.5,39.1 / 143,38.6 / 143
3155,PA,White,F,72,76.4,109.5,141,38.4,38.0,38.4,141,38.0,140,55.0,54.5,38.4 / 141,38.0 / 140
3155,PA,White/Green,F,72,74.7,107.0,137,37.8,36.9,37.8,138,36.9,136,54.1,52.9,37.8 / 138,36.9 / 136
3155,PA,Green,F,72,72.9,104.2,133,36.6,36.3,36.6,132,36.3,133,52.2,52.0,36.6 / 132,36.3 / 133
3155,PA,Gold,F,72,71.0,101.4,129,35.1,35.9,35.1,126,35.9,131,50.0,51.4,35.1 / 126,35.9 / 131
3155,PA,Family,F,72,67.8,96.5,122,33.7,34.1,33.7,120,34.1,123,47.9,48.6,33.7 / 120,34.1 / 123
28956,PA,Black,M,36,37.5,50.3,138,37.5,,37.5,138,,,50.3,,37.5 / 138,/
28956,PA,Black/Blue,M,36,36.9,49.5,136,36.9,,36.9,136,,,49.5,,36.9 / 136,/
28956,PA,Blue,M,36,36.5,48.8,132,36.5,,36.5,132,,,48.8,,36.5 / 132,/
28956,PA,Blue/White,M,36,36.1,48.3,131,36.1,,36.1,131,,,48.3,,36.1 / 131,/
28956,PA,White,M,36,35.3,47.4,130,35.3,,35.3,130,,,47.4,,35.3 / 130,/
28956,PA,Green,M,36,34.0,45.5,124,34.0,,34.0,124,,,45.5,,34.0 / 124,/
28956,PA,Forward,M,36,31.6,42.1,113,31.6,,31.6,113,,,42.1,,31.6 / 113,/
28956,PA,White,F,36,38.6,55.1,140,38.6,,38.6,140,,,55.1,,38.6 / 140,/
28956,PA,Green,F,36,36.9,52.5,132,36.9,,36.9,132,,,52.5,,36.9 / 132,/
28956,PA,Forward,F,36,33.9,48.0,120,33.9,,33.9,120,,,48.0,,33.9 / 120,/
28958,PA,Black,M,36,36.4,49.6,142,36.4,,36.4,142,,,49.6,,36.4 / 142,/
28958,PA,Black/Blue,M,36,36.1,49.2,141,36.1,,36.1,141,,,49.2,,36.1 / 141,/
28958,PA,Blue,M,36,35.6,48.3,137,35.6,,35.6,137,,,48.3,,35.6 / 137,/
28958,PA,Blue/White,M,36,35.3,47.9,136,35.3,,35.3,136,,,47.9,,35.3 / 136,/
28958,PA,White,M,36,34.9,47.4,135,34.9,,34.9,135,,,47.4,,34.9 / 135,/
28958,PA,Green,M,36,33.4,45.3,128,33.4,,33.4,128,,,45.3,,33.4 / 128,/
28958,PA,Forward,M,36,31.8,43.1,122,31.8,,31.8,122,,,43.1,,31.8 / 122,/
28958,PA,White,F,36,37.8,54.5,142,37.8,,37.8,142,,,54.5,,37.8 / 142,/
28958,PA,Green,F,36,36.0,51.8,134,36.0,,36.0,134,,,51.8,,36.0 / 134,/
28958,PA,Forward,F,36,33.9,48.5,124,33.9,,33.9,124,,,48.5,,33.9 / 124,/
3156,PA,Black,M,71,74.5,100.4,140,38.0,36.5,38.0,140,36.5,139,51.0,49.4,38.0 / 140,36.5 / 139
3156,PA,Black/Blue,M,71,73.7,99.2,138,37.5,36.2,37.5,138,36.2,137,50.3,48.9,37.5 / 138,36.2 / 137
3156,PA,Blue,M,71,73.0,97.9,134,37.0,36.0,37.0,136,36.0,132,49.6,48.3,37.0 / 136,36.0 / 132
3156,PA,Blue/White,M,71,71.9,96.5,133,36.5,35.4,36.5,135,35.4,130,49.0,47.5,36.5 / 135,35.4 / 130
3156,PA,White,M,71,71.0,94.9,129,36.1,34.9,36.1,133,34.9,124,48.5,46.4,36.1 / 133,34.9 / 124
3156,PA,White/Green,M,71,68.6,91.8,125,35.1,33.5,35.1,130,33.5,119,47.2,44.6,35.1 / 130,33.5 / 119
3156,PA,Green,M,71,68.0,90.5,121,34.8,33.2,34.8,124,33.2,118,46.3,44.2,34.8 / 124,33.2 / 118
3156,PA,Green/Gold,M,71,66.6,88.6,119,34.0,32.6,34.0,121,32.6,116,45.2,43.4,34.0 / 121,32.6 / 116
3156,PA,Gold,M,71,65.5,87.1,116,33.4,32.1,33.4,118,32.1,114,44.4,42.7,33.4 / 118,32.1 / 114
3156,PA,Forward,M,71,62.7,83.3,111,31.7,31.0,31.7,112,31.0,110,42.1,41.2,31.7 / 112,31.0 / 110
3156,PA,Black,F,71,81.7,117.3,151,41.9,39.8,41.9,153,39.8,148,60.0,57.3,41.9 / 153,39.8 / 148
3156,PA,Black/Blue,F,71,80.7,115.8,149,41.3,39.4,41.3,151,39.4,147,59.1,56.7,41.3 / 151,39.4 / 147
3156,PA,Blue,F,71,79.9,114.4,146,40.8,39.1,40.8,148,39.1,144,58.3,56.1,40.8 / 148,39.1 / 144
3156,PA,Blue/White,F,71,78.6,112.5,144,40.2,38.4,40.2,146,38.4,142,57.4,55.1,40.2 / 146,38.4 / 142
3156,PA,White,F,71,77.6,111.1,142,39.6,38.0,39.6,143,38.0,141,56.5,54.6,39.6 / 143,38.0 / 141
3156,PA,White/Green,F,71,74.7,106.7,136,38.4,36.3,38.4,138,36.3,133,54.7,52.0,38.4 / 138,36.3 / 133
3156,PA,Green,F,71,73.4,105.5,136,37.4,36.0,37.4,141,36.0,131,54.0,51.5,37.4 / 141,36.0 / 131
3156,PA,Green/Gold,F,71,71.9,103.1,133,36.6,35.3,36.6,137,35.3,128,52.7,50.4,36.6 / 137,35.3 / 128
3156,PA,Gold,F,71,70.9,101.1,128,35.8,35.1,35.8,131,35.1,125,51.3,49.8,35.8 / 131,35.1 / 125
3156,PA,Forward,F,71,66.9,95.6,122,33.8,33.1,33.8,125,33.1,119,48.5,47.1,33.8 / 125,33.1 / 119
3157,PA,Black,M,72,74.5,102.4,151,37.4,37.1,37.4,149,37.1,152,51.2,51.2,37.4 / 149,37.1 / 152
3157,PA,Black/Blue,M,72,73.8,100.8,146,36.9,36.9,36.9,140,36.9,151,49.9,50.9,36.9 / 140,36.9 / 151
3157,PA,Blue,M,72,72.7,98.9,141,36.5,36.2,36.5,139,36.2,143,49.4,49.5,36.5 / 139,36.2 / 143
3157,PA,Blue/White,M,72,72.2,98.2,140,36.3,35.9,36.3,138,35.9,142,49.1,49.1,36.3 / 138,35.9 / 142
3157,PA,White,M,72,71.7,97.5,139,36.1,35.6,36.1,137,35.6,141,48.8,48.7,36.1 / 137,35.6 / 141
3157,PA,White/Green,M,72,69.7,94.5,134,35.3,34.4,35.3,132,34.4,135,47.6,46.9,35.3 / 132,34.4 / 135
3157,PA,Green,M,72,67.5,91.3,128,34.0,33.5,34.0,126,33.5,130,45.7,45.6,34.0 / 126,33.5 / 130
3157,PA,Green/Gold,M,72,67.1,90.5,126,34.0,33.1,34.0,125,33.1,126,45.6,44.8,34.0 / 125,33.1 / 126
3157,PA,Gold,M,72,66.5,89.6,125,33.5,33.0,33.5,124,33.0,125,45.0,44.6,33.5 / 124,33.0 / 125
3157,PA,Forward,M,72,60.9,81.8,113,30.5,30.4,30.5,112,30.4,113,40.9,40.9,30.5 / 112,30.4 / 113
3157,PA,Black,F,72,81.7,117.5,152,41.1,40.6,41.1,153,40.6,150,59.2,58.3,41.1 / 153,40.6 / 150
3157,PA,Blue,F,72,79.5,114.1,147,40.0,39.5,40.0,148,39.5,145,57.5,56.6,40.0 / 148,39.5 / 145
3157,PA,White,F,72,78.3,112.3,144,39.5,38.8,39.5,146,38.8,142,56.7,55.6,39.5 / 146,38.8 / 142
3157,PA,White/Green,F,72,75.8,108.5,139,38.5,37.3,38.5,142,37.3,136,55.2,53.3,38.5 / 142,37.3 / 136
3157,PA,Green,F,72,73.2,104.7,134,36.8,36.4,36.8,136,36.4,131,52.8,51.9,36.8 / 136,36.4 / 131
3157,PA,Green/Gold,F,72,72.5,103.5,132,36.8,35.7,36.8,136,35.7,127,52.8,50.7,36.8 / 136,35.7 / 127
3157,PA,Gold,F,72,71.9,102.4,129,36.3,35.6,36.3,132,35.6,126,51.9,50.5,36.3 / 132,35.6 / 126
3157,PA,Forward,F,72,64.0,90.5,112,32.0,32.0,32.0,115,32.0,109,45.6,44.9,32.0 / 115,32.0 / 109
36185,PA,White,M,68,60.8,77.6,90,30.4,30.4,30.4,90,30.4,90,38.8,38.8,30.4 / 90,30.4 / 90
36185,PA,Red,M,68,58.4,74.4,86,29.2,29.2,29.2,86,29.2,86,37.2,37.2,29.2 / 86,29.2 / 86
36185,PA,White,F,68,64.0,86.6,96,32.0,32.0,32.0,96,32.0,96,43.3,43.3,32.0 / 96,32.0 / 96
36185,PA,Red,F,68,60.4,81.2,88,30.2,30.2,30.2,88,30.2,88,40.6,40.6,30.2 / 88,30.2 / 88
36184,PA,Blue,M,72,70.1,91.7,117,35.5,34.6,35.5,121,34.6,112,46.7,45.0,35.5 / 121,34.6 / 112
36184,PA,White,M,72,68.1,89.1,113,34.3,33.8,34.3,116,33.8,110,45.1,44.0,34.3 / 116,33.8 / 110
36184,PA,Red/Gold,M,72,64.3,83.8,105,32.7,31.6,32.7,110,31.6,100,42.9,40.9,32.7 / 110,31.6 / 100
36184,PA,Blue,F,72,76.2,105.7,125,38.8,37.4,38.8,127,37.4,123,53.8,51.9,38.8 / 127,37.4 / 123
36184,PA,White,F,72,73.8,102.1,120,37.4,36.4,37.4,121,36.4,119,51.7,50.4,37.4 / 121,36.4 / 119
36184,PA,Red/Gold,F,72,69.1,95.2,111,35.4,33.7,35.4,114,33.7,108,48.8,46.4,35.4 / 114,33.7 / 108
35268,PA,Long Course,M,54,53.0,67.0,75,26.5,26.5,26.5,75,26.5,75,33.5,33.5,26.5 / 75,26.5 / 75
35268,PA,Short Course,M,54,51.6,65.0,72,25.8,25.8,25.8,72,25.8,72,32.5,32.5,25.8 / 72,25.8 / 72
35268,PA,Long Course,F,54,55.2,74.0,80,27.6,27.6,27.6,80,27.6,80,37.0,37.0,27.6 / 80,27.6 / 80
35268,PA,Short Course,F,54,54.0,71.8,75,27.0,27.0,27.0,75,27.0,75,35.9,35.9,27.0 / 75,27.0 / 75
3083,PA,Black,M,72,73.1,97.4,131,36.5,36.6,36.5,131,36.6,130,48.7,48.7,36.5 / 131,36.6 / 130
3083,PA,White,M,72,71.4,94.9,127,35.6,35.8,35.6,125,35.8,128,47.2,47.7,35.6 / 125,35.8 / 128
3083,PA,Yellow,M,72,68.8,91.9,125,34.2,34.6,34.2,126,34.6,123,45.9,46.0,34.2 / 126,34.6 / 123
3083,PA,Green,M,72,67.6,90.3,122,33.8,33.8,33.8,125,33.8,119,45.4,44.9,33.8 / 125,33.8 / 119
3083,PA,Red,M,72,65.5,88.1,122,33.1,32.4,33.1,124,32.4,119,44.6,43.5,33.1 / 124,32.4 / 119
3083,PA,Green,F,72,72.6,102.8,128,36.4,36.2,36.4,130,36.2,126,51.7,51.1,36.4 / 130,36.2 / 126
3083,PA,Red,F,72,69.5,98.0,121,35.2,34.3,35.2,125,34.3,117,49.9,48.1,35.2 / 125,34.3 / 117
5421,PA,Black,M,72,73.9,99.0,135,38.2,35.7,38.2,140,35.7,130,51.2,47.8,38.2 / 140,35.7 / 130
5421,PA,Blue,M,72,71.6,96.5,134,37.0,34.6,37.0,139,34.6,129,49.9,46.6,37.0 / 139,34.6 / 129
5421,PA,White,M,72,69.2,93.2,129,35.4,33.8,35.4,131,33.8,127,47.6,45.6,35.4 / 131,33.8 / 127
5421,PA,Purple,M,72,67.9,91.1,125,35.0,32.9,35.0,129,32.9,121,47.0,44.1,35.0 / 129,32.9 / 121
5421,PA,Green,M,72,66.8,89.5,122,34.4,32.4,34.4,126,32.4,118,46.1,43.4,34.4 / 126,32.4 / 118
5421,PA,Red,M,72,63.1,84.9,117,32.3,30.8,32.3,118,30.8,116,43.3,41.6,32.3 / 118,30.8 / 116
5421,PA,Blue,F,72,77.8,110.8,140,40.3,37.5,40.3,142,37.5,138,57.0,53.8,40.3 / 142,37.5 / 138
5421,PA,White,F,72,75.0,106.6,134,38.6,36.4,38.6,135,36.4,133,54.5,52.1,38.6 / 135,36.4 / 133
5421,PA,Purple,F,72,73.0,103.4,129,37.7,35.3,37.7,131,35.3,127,53.1,50.3,37.7 / 131,35.3 / 127
5421,PA,Green,F,72,71.4,100.8,125,36.8,34.6,36.8,125,34.6,125,51.5,49.3,36.8 / 125,34.6 / 125
5421,PA,Red,F,72,67.1,94.4,116,34.5,32.6,34.5,118,32.6,114,48.4,46.0,34.5 / 118,32.6 / 114
23934,PA,Black,M,33,30.1,39.5,101,30.1,,30.1,101,,,39.5,,30.1 / 101,/
23934,PA,Red,M,33,28.8,37.5,94,28.8,,28.8,94,,,37.5,,28.8 / 94,/
23934,PA,Black,F,33,31.3,44.0,108,31.3,,31.3,108,,,44.0,,31.3 / 108,/
23934,PA,Red,F,33,29.7,41.1,97,29.7,,29.7,97,,,41.1,,29.7 / 97,/
18037,PA,Blue,M,71,69.2,92.1,124,35.5,33.7,35.5,126,33.7,121,47.2,44.9,35.5 / 126,33.7 / 121
18037,PA,White,M,71,68.1,90.5,121,34.6,33.5,34.6,124,33.5,117,46.1,44.4,34.6 / 124,33.5 / 117
18037,PA,Gold,M,71,62.4,81.2,101,31.2,31.2,31.2,101,31.2,101,40.6,40.6,31.2 / 101,31.2 / 101
18037,PA,Red,F,71,65.1,91.4,112,32.8,32.3,32.8,114,32.3,109,46.3,45.1,32.8 / 114,32.3 / 109
13440,PA,Blue,M,72,70.6,93.4,123,34.9,35.7,34.9,123,35.7,123,46.3,47.1,34.9 / 123,35.7 / 123
13440,PA,White,M,72,69.7,92.1,121,34.4,35.3,34.4,121,35.3,121,45.6,46.5,34.4 / 121,35.3 / 121
13440,PA,Yellow,M,72,65.1,85.8,112,32.2,32.9,32.2,112,32.9,111,42.6,43.2,32.2 / 112,32.9 / 111
13440,PA,White,F,72,75.3,105.7,129,37.1,38.2,37.1,129,38.2,129,52.3,53.4,37.1 / 129,38.2 / 129
13440,PA,Yellow,F,72,69.8,97.6,118,34.5,35.3,34.5,118,35.3,118,48.4,49.2,34.5 / 118,35.3 / 118
13440,PA,Red,F,72,67.3,93.8,113,33.3,34.0,33.3,113,34.0,112,46.6,47.2,33.3 / 113,34.0 / 112
5395,PA,Blue,M,72,73.8,100.2,142,36.8,37.0,36.8,139,37.0,145,49.7,50.5,36.8 / 139,37.0 / 145
5395,PA,White,M,72,72.7,98.3,138,36.1,36.6,36.1,138,36.6,138,48.9,49.4,36.1 / 138,36.6 / 138
5395,PA,White/Red,M,72,71.9,97.5,138,35.6,36.3,35.6,142,36.3,133,48.8,48.7,35.6 / 142,36.3 / 133
5395,PA,Red,M,72,70.3,95.2,134,34.9,35.4,34.9,135,35.4,133,47.4,47.8,34.9 / 135,35.4 / 133
5395,PA,Red/Green,M,72,69.6,93.5,129,34.6,35.0,34.6,129,35.0,128,46.6,46.9,34.6 / 129,35.0 / 128
5395,PA,Green,M,72,67.9,91.5,127,33.4,34.5,33.4,126,34.5,128,45.1,46.4,33.4 / 126,34.5 / 128
5395,PA,Gold,M,72,63.4,85.5,119,31.3,32.1,31.3,119,32.1,118,42.4,43.1,31.3 / 119,32.1 / 118
5395,PA,White,F,72,79.2,112.9,143,39.4,39.8,39.4,139,39.8,147,55.8,57.1,39.4 / 139,39.8 / 147
5395,PA,White/Red,F,72,78.1,111.5,142,38.8,39.3,38.8,137,39.3,147,54.9,56.6,38.8 / 137,39.3 / 147
5395,PA,Red,F,72,76.2,108.6,137,37.8,38.4,37.8,132,38.4,142,53.4,55.2,37.8 / 132,38.4 / 142
5395,PA,Red/Green,F,72,74.8,106.7,136,37.3,37.5,37.3,131,37.5,140,52.7,54.0,37.3 / 131,37.5 / 140
5395,PA,Green,F,72,73.0,104.2,132,36.2,36.8,36.2,127,36.8,137,51.2,53.0,36.2 / 127,36.8 / 137
5395,PA,Gold,F,72,66.7,94.6,119,32.5,34.2,32.5,111,34.2,126,45.6,49.0,32.5 / 111,34.2 / 126
5410,PA,Championship,M,72,75.3,101.7,142,37.2,38.1,37.2,138,38.1,146,50.0,51.7,37.2 / 138,38.1 / 146
5410,PA,Championship/Heights,M,72,75.0,101.0,140,36.9,38.1,36.9,136,38.1,144,49.5,51.5,36.9 / 136,38.1 / 144
5410,PA,Heights,M,72,73.9,99.4,137,36.4,37.5,36.4,132,37.5,142,48.7,50.7,36.4 / 132,37.5 / 142
5410,PA,Heights/Middle,M,72,73.0,97.2,131,36.0,37.0,36.0,125,37.0,136,47.6,49.6,36.0 / 125,37.0 / 136
5410,PA,Middle,M,72,71.5,95.8,131,35.4,36.1,35.4,124,36.1,138,46.9,48.9,35.4 / 124,36.1 / 138
5410,PA,Middle/Semple,M,72,69.9,93.7,128,34.5,35.4,34.5,123,35.4,133,45.9,47.8,34.5 / 123,35.4 / 133
5410,PA,Semple,M,72,68.6,92.0,126,34.0,34.6,34.0,121,34.6,131,45.2,46.8,34.0 / 121,34.6 / 131
5410,PA,Semple/Forward,M,72,66.9,90.2,125,32.9,34.0,32.9,122,34.0,128,44.3,45.9,32.9 / 122,34.0 / 128
5410,PA,Forward,M,72,65.1,88.0,123,32.0,33.1,32.0,119,33.1,127,43.1,44.9,32.0 / 119,33.1 / 127
5410,PA,Championship,F,72,82.2,115.4,141,40.4,41.8,40.4,141,41.8,141,57.0,58.4,40.4 / 141,41.8 / 141
5410,PA,Championship/Heights,F,72,81.6,114.6,140,39.9,41.7,39.9,140,41.7,140,56.4,58.2,39.9 / 140,41.7 / 140
5410,PA,Heights,F,72,80.3,112.8,138,39.3,41.0,39.3,137,41.0,139,55.4,57.4,39.3 / 137,41.0 / 139
5410,PA,Heights/Middle,F,72,78.7,110.1,133,38.5,40.2,38.5,132,40.2,134,54.1,56.0,38.5 / 132,40.2 / 134
5410,PA,Middle,F,72,77.0,107.9,131,37.8,39.2,37.8,130,39.2,132,53.1,54.8,37.8 / 130,39.2 / 132
5410,PA,Middle/Semple,F,72,75.2,105.2,127,36.8,38.4,36.8,126,38.4,128,51.7,53.5,36.8 / 126,38.4 / 128
5410,PA,Semple,F,72,74.0,103.2,124,36.1,37.9,36.1,122,37.9,126,50.5,52.7,36.1 / 122,37.9 / 126
5410,PA,Semple/Forward,F,72,72.1,100.8,121,35.2,36.9,35.2,121,36.9,121,49.6,51.2,35.2 / 121,36.9 / 121
5410,PA,Forward,F,72,70.7,98.7,119,34.6,36.1,34.6,118,36.1,120,48.5,50.2,34.6 / 118,36.1 / 120
13788,PA,Blue,M,72,71.6,94.5,124,35.7,35.9,35.7,122,35.9,125,47.0,47.5,35.7 / 122,35.9 / 125
13788,PA,White,M,72,70.5,93.0,121,35.0,35.5,35.0,119,35.5,123,46.1,46.9,35.0 / 119,35.5 / 123
13788,PA,Green,M,72,68.2,89.7,116,33.9,34.3,33.9,115,34.3,116,44.6,45.1,33.9 / 115,34.3 / 116
13788,PA,Gold,M,72,66.3,86.8,111,32.5,33.8,32.5,110,33.8,111,42.7,44.1,32.5 / 110,33.8 / 111
13788,PA,Red,M,72,64.8,85.4,111,32.2,32.6,32.2,107,32.6,115,42.1,43.3,32.2 / 107,32.6 / 115
13788,PA,Silver,M,72,59.6,77.9,99,29.5,30.1,29.5,95,30.1,102,38.3,39.6,29.5 / 95,30.1 / 102
13788,PA,Red,F,72,69.1,95.9,114,34.3,34.8,34.3,111,34.8,116,47.4,48.5,34.3 / 111,34.8 / 116
13788,PA,Silver,F,72,61.2,83.5,95,30.2,31.0,30.2,92,31.0,98,41.0,42.5,30.2 / 92,31.0 / 98
13482,PA,Blue,M,71,70.0,92.8,123,36.7,33.3,36.7,131,33.3,114,48.9,43.9,36.7 / 131,33.3 / 114
13482,PA,White,M,71,68.3,90.6,120,35.8,32.5,35.8,128,32.5,112,47.7,42.9,35.8 / 128,32.5 / 112
13482,PA,Yellow,M,71,66.1,88.0,118,34.6,31.5,34.6,127,31.5,109,46.4,41.6,34.6 / 127,31.5 / 109
13482,PA,White,F,71,73.1,103.0,127,38.7,34.4,38.7,133,34.4,120,54.4,48.6,38.7 / 133,34.4 / 120
13482,PA,Yellow,F,71,70.1,98.6,121,37.4,32.7,37.4,128,32.7,114,52.5,46.1,37.4 / 128,32.7 / 114
13482,PA,Red,F,71,68.0,95.5,117,36.0,32.0,36.0,122,32.0,111,50.4,45.1,36.0 / 122,32.0 / 111
13985,PA,Blue,M,71,71.1,96.0,134,35.5,35.6,35.5,129,35.6,139,47.5,48.5,35.5 / 129,35.6 / 139
13985,PA,Green,M,71,70.4,95.1,133,35.2,35.2,35.2,129,35.2,137,47.2,47.9,35.2 / 129,35.2 / 137
13985,PA,White,M,71,69.6,93.9,131,34.8,34.8,34.8,128,34.8,133,46.7,47.2,34.8 / 128,34.8 / 133
13985,PA,Yellow,M,71,67.7,91.5,128,33.9,33.8,33.9,126,33.8,130,45.6,45.9,33.9 / 126,33.8 / 130
13985,PA,Red,M,71,66.1,89.7,127,33.6,32.5,33.6,125,32.5,129,45.2,44.5,33.6 / 125,32.5 / 129
13985,PA,Orange,M,71,65.1,88.4,126,32.8,32.3,32.8,122,32.3,129,44.1,44.3,32.8 / 122,32.3 / 129
13985,PA,Blue,F,72,77.6,110.7,141,38.8,38.8,38.8,139,38.8,142,55.2,55.5,38.8 / 139,38.8 / 142
13985,PA,Green,F,72,76.7,109.4,139,38.4,38.3,38.4,137,38.3,141,54.5,54.9,38.4 / 137,38.3 / 141
13985,PA,White,F,72,75.6,108.1,138,37.9,37.7,37.9,137,37.7,139,54.0,54.1,37.9 / 137,37.7 / 139
13985,PA,Yellow,F,72,73.0,104.2,132,36.6,36.4,36.6,131,36.4,133,52.1,52.1,36.6 / 131,36.4 / 133
13985,PA,Red,F,72,71.2,101.3,128,36.2,35.0,36.2,129,35.0,126,51.4,49.9,36.2 / 129,35.0 / 126
13985,PA,Orange,F,72,70.0,99.5,126,35.2,34.8,35.2,125,34.8,126,49.9,49.6,35.2 / 125,34.8 / 126
18010,PA,Blue,M,72,71.9,94.6,123,36.2,35.7,36.2,122,35.7,123,47.5,47.1,36.2 / 122,35.7 / 123
18010,PA,White,M,72,70.1,92.7,122,35.5,34.6,35.5,124,34.6,119,47.0,45.7,35.5 / 124,34.6 / 119
18010,PA,Yellow,M,72,67.8,89.6,117,33.9,33.9,33.9,117,33.9,117,44.8,44.8,33.9 / 117,33.9 / 117
18010,PA,Green,M,72,66.9,88.3,115,33.3,33.6,33.3,115,33.6,115,44.0,44.3,33.3 / 115,33.6 / 115
18010,PA,Green,F,72,71.8,100.7,123,35.8,36.0,35.8,121,36.0,124,50.1,50.6,35.8 / 121,36.0 / 124
18008,PA,Blue,M,72,71.2,94.2,124,35.7,35.5,35.7,123,35.5,125,47.1,47.1,35.7 / 123,35.5 / 125
18008,PA,White,M,72,69.4,91.8,121,34.6,34.8,34.6,119,34.8,122,45.7,46.1,34.6 / 119,34.8 / 122
18008,PA,Yellow,M,72,67.9,89.8,118,33.9,34.0,33.9,117,34.0,118,44.8,45.0,33.9 / 117,34.0 / 118
18008,PA,Green,M,72,66.3,87.5,114,33.6,32.7,33.6,115,32.7,113,44.3,43.2,33.6 / 115,32.7 / 113
18008,PA,Green,F,72,70.8,98.6,118,36.0,34.8,36.0,124,34.8,112,50.6,48.0,36.0 / 124,34.8 / 112
18009,PA,Blue,M,72,71.5,93.9,121,35.5,36.0,35.5,121,36.0,121,46.7,47.2,35.5 / 121,36.0 / 121
18009,PA,White,M,72,70.0,92.6,122,34.8,35.2,34.8,122,35.2,122,46.1,46.5,34.8 / 122,35.2 / 122
18009,PA,Yellow,M,72,67.9,89.8,118,34.0,33.9,34.0,118,33.9,117,45.0,44.8,34.0 / 118,33.9 / 117
18009,PA,Green,M,72,65.9,87.1,114,32.7,33.2,32.7,113,33.2,115,43.2,43.9,32.7 / 113,33.2 / 115
18009,PA,Green,F,72,70.5,97.9,116,34.8,35.7,34.8,112,35.7,120,48.0,49.9,34.8 / 112,35.7 / 120
13442,PA,BLUE,M,69,69.7,92.0,120,34.0,35.7,34.0,118,35.7,122,45.0,47.0,34.0 / 118,35.7 / 122
13442,PA,WHITE,M,70,67.1,88.5,115,32.7,34.4,32.7,114,34.4,116,43.3,45.2,32.7 / 114,34.4 / 116
13442,PA,Gold,M,70,65.2,85.9,112,32.1,33.1,32.1,112,33.1,111,42.5,43.4,32.1 / 112,33.1 / 111
13442,PA,Red,M,70,64.0,84.2,109,31.5,32.5,31.5,109,32.5,109,41.6,42.6,31.5 / 109,32.5 / 109
13442,PA,RED,F,72,68.1,95.2,115,33.5,34.6,33.5,111,34.6,119,46.6,48.6,33.5 / 111,34.6 / 119
5344,PA,Blue,M,72,75.0,100.1,135,37.7,37.3,37.7,133,37.3,137,50.1,50.0,37.7 / 133,37.3 / 137
5344,PA,White,M,72,71.8,96.6,133,36.0,35.8,36.0,133,35.8,133,48.4,48.2,36.0 / 133,35.8 / 133
5344,PA,Gold,M,72,66.8,90.2,126,33.9,32.9,33.9,125,32.9,127,45.5,44.7,33.9 / 125,32.9 / 127
5344,PA,Red,M,72,66.4,89.1,122,33.6,32.8,33.6,119,32.8,125,44.7,44.4,33.6 / 119,32.8 / 125
5344,PA,Blue,F,77,80.6,114.6,144,40.6,40.0,40.6,145,40.0,143,57.7,56.9,40.6 / 145,40.0 / 143
5344,PA,White,F,72,77.7,110.2,138,39.2,38.5,39.2,138,38.5,137,55.5,54.7,39.2 / 138,38.5 / 137
5344,PA,Gold,F,72,72.2,102.1,127,36.5,35.7,36.5,127,35.7,126,51.5,50.6,36.5 / 127,35.7 / 126
5344,PA,Red,F,72,71.5,100.7,124,36.0,35.5,36.0,124,35.5,124,50.6,50.1,36.0 / 124,35.5 / 124
3128,PA,Blue,M,70,68.0,90.7,122,34.2,33.8,34.2,119,33.8,125,45.3,45.4,34.2 / 119,33.8 / 125
3128,PA,White,M,70,66.6,88.4,117,33.5,33.1,33.5,117,33.1,117,44.4,44.0,33.5 / 117,33.1 / 117
3128,PA,Yellow,M,70,63.6,84.2,111,32.0,31.6,32.0,113,31.6,109,42.5,41.7,32.0 / 113,31.6 / 109
3128,PA,Blue,F,70,73.6,103.4,127,37.0,36.6,37.0,124,36.6,129,51.6,51.8,37.0 / 124,36.6 / 129
3128,PA,White,F,70,71.6,100.2,122,36.3,35.3,36.3,120,35.3,123,50.4,49.8,36.3 / 120,35.3 / 123
3128,PA,Yellow,F,70,66.5,91.5,106,33.3,33.2,33.3,106,33.2,106,45.8,45.7,33.3 / 106,33.2 / 106
3232,PA,Blue,M,72,72.6,96.3,128,37.0,35.6,37.0,126,35.6,129,48.7,47.6,37.0 / 126,35.6 / 129
3232,PA,Blue/White Combo,M,72,72.0,95.5,127,36.5,35.5,36.5,126,35.5,128,48.2,47.4,36.5 / 126,35.5 / 128
3232,PA,White,M,72,71.4,94.6,125,36.3,35.1,36.3,123,35.1,127,47.7,46.9,36.3 / 123,35.1 / 127
3232,PA,White/Red Combo,M,72,69.9,92.5,123,35.5,34.4,35.5,127,34.4,124,47.3,45.9,35.5 / 127,34.4 / 124
3232,PA,Red,M,72,67.8,90.1,120,34.6,33.2,34.6,119,33.2,121,45.7,44.4,34.6 / 119,33.2 / 121
3232,PA,White,F,73,77.1,107.8,131,39.1,38.0,39.1,131,38.0,130,54.5,53.3,39.1 / 131,38.0 / 130
3232,PA,White/Red Combo,F,73,75.2,105.0,126,38.0,37.2,38.0,126,37.2,126,52.9,52.1,38.0 / 126,37.2 / 126
3232,PA,Red,F,73,72.9,101.5,121,37.1,35.8,37.1,122,35.8,120,51.5,50.0,37.1 / 122,35.8 / 120
24008,PA,Black,M,72,73.0,100.2,146,35.7,37.3,35.7,146,37.3,146,49.3,50.9,35.7 / 146,37.3 / 146
24008,PA,Blue,M,72,71.9,98.5,143,35.3,36.6,35.3,142,36.6,144,48.5,50.0,35.3 / 142,36.6 / 144
24008,PA,White,M,72,68.5,92.7,130,33.3,35.2,33.3,129,35.2,131,45.3,47.4,33.3 / 129,35.2 / 131
24008,PA,White/Green,M,72,66.6,90.4,128,32.8,33.8,32.8,126,33.8,130,44.5,45.9,32.8 / 126,33.8 / 130
24008,PA,Green,M,72,65.6,88.0,121,32.4,33.2,32.4,117,33.2,124,43.3,44.7,32.4 / 117,33.2 / 124
24008,PA,Red,M,72,63.3,85.1,118,31.4,31.9,31.4,114,31.9,121,42.0,43.1,31.4 / 114,31.9 / 121
24008,PA,Black,F,72,79.4,113.8,146,39.0,40.4,39.0,138,40.4,153,55.3,58.5,39.0 / 138,40.4 / 153
24008,PA,Blue,F,72,78.3,112.1,144,38.3,40.0,38.3,135,40.0,152,54.2,57.9,38.3 / 135,40.0 / 152
24008,PA,White,F,72,74.5,106.5,136,36.4,38.1,36.4,127,38.1,144,51.4,55.1,36.4 / 127,38.1 / 144
24008,PA,White/Green,F,72,72.4,103.4,132,35.5,36.9,35.5,125,36.9,138,50.2,53.2,35.5 / 125,36.9 / 138
24008,PA,Green,F,72,71.0,101.2,128,34.8,36.2,34.8,120,36.2,136,49.0,52.2,34.8 / 120,36.2 / 136
24008,PA,Red,F,72,68.2,96.8,121,33.4,34.8,33.4,114,34.8,128,46.9,49.9,33.4 / 114,34.8 / 128
5339,PA,Black,M,70,70.2,92.5,120,35.2,35.0,35.2,112,35.0,128,45.6,46.9,35.2 / 112,35.0 / 128
5339,PA,White,M,70,68.7,90.4,117,34.5,34.2,34.5,110,34.2,124,44.7,45.7,34.5 / 110,34.2 / 124
5339,PA,Gold,M,70,66.3,87.3,113,32.9,33.4,32.9,104,33.4,122,42.6,44.7,32.9 / 104,33.4 / 122
5339,PA,Red,M,70,64.6,84.9,109,32.5,32.1,32.5,102,32.1,116,42.0,42.9,32.5 / 102,32.1 / 116
5339,PA,Black,F,70,75.8,107.2,133,37.9,37.9,37.9,133,37.9,133,53.6,53.6,37.9 / 133,37.9 / 133
5339,PA,White,F,70,73.4,102.6,124,36.9,36.5,36.9,126,36.5,122,51.7,50.9,36.9 / 126,36.5 / 122
5339,PA,Gold,F,70,70.7,98.5,118,35.0,35.7,35.0,116,35.7,120,48.7,49.8,35.0 / 116,35.7 / 120
5339,PA,Red,F,70,68.5,95.9,116,34.4,34.1,34.4,114,34.1,118,47.9,48.0,34.4 / 114,34.1 / 118
14774,PA,Men,M,72,71.0,94.6,127,35.7,35.3,35.7,127,35.3,127,47.5,47.1,35.7 / 127,35.3 / 127
14774,PA,Senior,M,72,67.8,90.2,121,34.4,33.4,34.4,121,33.4,121,45.6,44.6,34.4 / 121,33.4 / 121
14774,PA,Women,F,74,73.2,103.1,127,35.7,37.5,35.7,125,37.5,129,50.4,52.7,35.7 / 125,37.5 / 129
5390,PA,Blue,M,72,71.7,95.5,128,35.9,35.8,35.9,129,35.8,127,47.9,47.6,35.9 / 129,35.8 / 127
5390,PA,White,M,72,70.5,93.7,125,35.4,35.1,35.4,126,35.1,124,47.1,46.6,35.4 / 126,35.1 / 124
5390,PA,White/Gold,M,72,68.0,89.8,117,34.5,33.5,34.5,118,33.5,116,45.5,44.3,34.5 / 118,33.5 / 116
5390,PA,Gold,M,72,66.5,87.7,114,33.6,32.9,33.6,118,32.9,110,44.6,43.1,33.6 / 118,32.9 / 110
5390,PA,Red,M,72,64.5,84.6,108,32.4,32.1,32.4,113,32.1,103,42.9,41.7,32.4 / 113,32.1 / 103
5390,PA,Blue,F,72,77.8,109.0,132,39.1,38.7,39.1,132,38.7,132,54.7,54.3,39.1 / 132,38.7 / 132
5390,PA,White,F,72,76.4,106.6,128,38.6,37.8,38.6,128,37.8,128,53.7,52.9,38.6 / 128,37.8 / 128
5390,PA,White/Gold,F,72,72.7,101.1,121,37.0,35.7,37.0,121,35.7,120,51.3,49.8,37.0 / 121,35.7 / 120
5390,PA,Gold,F,72,70.6,98.4,118,36.0,34.6,36.0,119,34.6,117,50.0,48.4,36.0 / 119,34.6 / 117
5390,PA,Red,F,72,68.6,95.9,116,34.6,34.0,34.6,118,34.0,114,48.5,47.4,34.6 / 118,34.0 / 114
5364,PA,Blue,M,71,72.1,96.6,132,36.7,35.4,36.7,135,35.4,129,49.2,47.4,36.7 / 135,35.4 / 129
5364,PA,Green,M,71,71.2,95.5,130,36.3,34.9,36.3,132,34.9,128,48.6,46.8,36.3 / 132,34.9 / 128
5364,PA,White,M,71,70.0,93.8,128,35.8,34.2,35.8,129,34.2,127,47.8,46.0,35.8 / 129,34.2 / 127
5364,PA,Gold,M,71,67.1,89.9,123,33.9,33.2,33.9,125,33.2,121,45.5,44.4,33.9 / 125,33.2 / 121
5364,PA,Orange,M,71,65.9,87.9,118,32.7,33.2,32.7,118,33.2,118,43.7,44.2,32.7 / 118,33.2 / 118
5364,PA,Red,M,71,64.9,86.7,117,31.7,33.2,31.7,117,33.2,117,42.6,44.1,31.7 / 117,33.2 / 117
5364,PA,Red/Gold,M,71,64.8,86.6,118,32.5,32.3,32.5,121,32.3,114,43.7,42.9,32.5 / 121,32.3 / 114
5364,PA,Blue,F,72,78.0,109.7,134,39.6,38.4,39.6,137,38.4,131,55.8,53.9,39.6 / 137,38.4 / 131
5364,PA,Green,F,71,77.0,107.9,131,39.3,37.7,39.3,134,37.7,128,55.1,52.8,39.3 / 134,37.7 / 128
5364,PA,White,F,71,75.6,105.7,128,38.5,37.1,38.5,130,37.1,126,53.8,51.9,38.5 / 130,37.1 / 126
5364,PA,Gold,F,71,72.5,101.5,123,36.6,35.9,36.6,125,35.9,121,51.3,50.2,36.6 / 125,35.9 / 121
5364,PA,Red/Gold,F,71,69.8,97.4,117,35.1,34.7,35.1,117,34.7,117,48.9,48.5,35.1 / 117,34.7 / 117
5364,PA,Orange,F,71,69.7,96.9,115,35.2,34.5,35.2,115,34.5,115,48.8,48.1,35.2 / 115,34.5 / 115
5364,PA,Red,F,71,68.9,95.6,113,34.6,34.3,34.6,111,34.3,115,47.7,47.9,34.6 / 111,34.3 / 115
7851,PA,Blue,M,71,70.6,93.5,123,36.1,34.5,36.1,131,34.5,115,48.3,45.2,36.1 / 131,34.5 / 115
7851,PA,White,M,71,69.2,91.7,121,35.5,33.7,35.5,129,33.7,113,47.5,44.2,35.5 / 129,33.7 / 113
7851,PA,Gold,M,71,67.0,88.7,117,34.1,32.9,34.1,124,32.9,110,45.6,43.1,34.1 / 124,32.9 / 110
7851,PA,Green,M,71,63.9,84.4,110,32.5,31.4,32.5,116,31.4,104,43.3,41.1,32.5 / 116,31.4 / 104
7851,PA,Red,M,71,62.5,82.3,107,32.0,30.5,32.0,114,30.5,99,42.6,39.7,32.0 / 114,30.5 / 99
7851,PA,Purple,M,71,61.5,81.1,106,31.3,30.2,31.3,112,30.2,99,41.7,39.4,31.3 / 112,30.2 / 99
7851,PA,White,F,71,74.5,104.9,129,38.3,36.2,38.3,137,36.2,121,54.4,50.5,38.3 / 137,36.2 / 121
7851,PA,Gold,F,71,71.9,101.0,124,36.7,35.2,36.7,129,35.2,118,51.9,49.1,36.7 / 129,35.2 / 118
7851,PA,Green,F,71,68.2,95.3,115,34.7,33.5,34.7,120,33.5,109,48.9,46.4,34.7 / 120,33.5 / 109
7851,PA,Red,F,71,66.1,92.3,111,34.1,32.0,34.1,119,32.0,103,48.1,44.2,34.1 / 119,32.0 / 103
7851,PA,Purple,F,71,64.0,89.2,107,32.9,31.1,32.9,114,31.1,100,46.3,42.9,32.9 / 114,31.1 / 100
7849,PA,Blue,M,72,71.3,95.3,129,36.1,35.2,36.1,131,35.2,127,48.3,47.0,36.1 / 131,35.2 / 127
7849,PA,White,M,72,69.6,93.1,127,35.5,34.1,35.5,129,34.1,124,47.5,45.6,35.5 / 129,34.1 / 124
7849,PA,Gold,M,72,66.7,89.1,121,34.1,32.6,34.1,124,32.6,117,45.6,43.5,34.1 / 124,32.6 / 117
7849,PA,Red,M,72,63.2,84.4,114,32.6,30.6,32.6,117,30.6,111,43.5,40.9,32.6 / 117,30.6 / 111
7849,PA,Purple,M,72,61.3,81.7,110,31.3,30.0,31.3,112,30.0,108,41.7,40.0,31.3 / 112,30.0 / 108
7849,PA,White,F,72,75.1,106.6,134,38.3,36.8,38.3,137,36.8,131,54.4,52.2,38.3 / 137,36.8 / 131
7849,PA,Gold,F,72,71.6,101.4,127,36.7,34.9,36.7,129,34.9,124,51.9,49.5,36.7 / 129,34.9 / 124
7849,PA,Red,F,72,67.1,94.6,117,34.8,32.3,34.8,121,32.3,112,49.1,45.5,34.8 / 121,32.3 / 112
7849,PA,Purple,F,72,64.0,90.1,111,32.9,31.1,32.9,114,31.1,108,46.3,43.8,32.9 / 114,31.1 / 108
7850,PA,Blue,M,71,69.7,92.2,121,34.5,35.2,34.5,115,35.2,127,45.2,47.0,34.5 / 115,35.2 / 127
7850,PA,White,M,71,67.8,89.8,119,33.7,34.1,33.7,113,34.1,124,44.2,45.6,33.7 / 113,34.1 / 124
7850,PA,Gold,M,71,65.5,86.6,114,32.9,32.6,32.9,110,32.6,117,43.1,43.5,32.9 / 110,32.6 / 117
7850,PA,Red,M,71,62.4,82.4,108,31.8,30.6,31.8,104,30.6,111,41.5,40.9,31.8 / 104,30.6 / 111
7850,PA,Purple,M,71,60.2,79.4,104,30.2,30.0,30.2,99,30.0,108,39.4,40.0,30.2 / 99,30.0 / 108
7850,PA,White,F,71,73.0,102.7,126,36.2,36.8,36.2,121,36.8,131,50.5,52.2,36.2 / 121,36.8 / 131
7850,PA,Gold,F,71,70.1,98.6,121,35.2,34.9,35.2,118,34.9,124,49.1,49.5,35.2 / 118,34.9 / 124
7850,PA,Red,F,71,66.2,92.5,112,33.9,32.3,33.9,111,32.3,112,47.0,45.5,33.9 / 111,32.3 / 112
7850,PA,Purple,F,71,62.2,86.7,104,31.1,31.1,31.1,100,31.1,108,42.9,43.8,31.1 / 100,31.1 / 108
13573,PA,Blue,M,72,72.1,95.3,125,35.9,36.2,35.9,128,36.2,122,47.8,47.5,35.9 / 128,36.2 / 122
13573,PA,White,M,72,70.6,93.1,121,35.3,35.3,35.3,124,35.3,118,46.8,46.3,35.3 / 124,35.3 / 118
13573,PA,Gold,M,72,68.1,89.5,115,34.2,33.9,34.2,118,33.9,112,45.2,44.3,34.2 / 118,33.9 / 112
13573,PA,Red,M,72,67.1,88.1,113,33.8,33.3,33.8,116,33.3,110,44.6,43.5,33.8 / 116,33.3 / 110
13573,PA,Blue,F,73,78.2,108.9,130,38.7,39.5,38.7,134,39.5,126,54.5,54.4,38.7 / 134,39.5 / 126
13573,PA,White,F,73,76.2,106.1,127,37.9,38.3,37.9,131,38.3,123,53.3,52.8,37.9 / 131,38.3 / 123
13573,PA,Gold,F,73,72.9,101.2,120,36.4,36.5,36.4,125,36.5,115,51.1,50.1,36.4 / 125,36.5 / 115
13573,PA,Red,F,72,71.7,99.2,117,36.0,35.7,36.0,120,35.7,114,50.1,49.1,36.0 / 120,35.7 / 114
13574,PA,Blue,M,72,68.0,89.6,116,34.0,34.0,34.0,116,34.0,116,44.8,44.8,34.0 / 116,34.0 / 116
13574,PA,White,M,72,67.0,88.2,114,33.5,33.5,33.5,114,33.5,114,44.1,44.1,33.5 / 114,33.5 / 114
13574,PA,Gold,M,72,65.6,86.6,113,32.8,32.8,32.8,113,32.8,113,43.3,43.3,32.8 / 113,32.8 / 113
13574,PA,Red,M,72,65.2,86.0,112,32.6,32.6,32.6,112,32.6,112,43.0,43.0,32.6 / 112,32.6 / 112
13574,PA,Blue,F,72,74.0,101.0,114,37.0,37.0,37.0,114,37.0,114,50.5,50.5,37.0 / 114,37.0 / 114
13574,PA,White,F,72,72.8,99.4,113,36.4,36.4,36.4,113,36.4,113,49.7,49.7,36.4 / 113,36.4 / 113
13574,PA,Gold,F,72,71.4,97.4,110,35.7,35.7,35.7,110,35.7,110,48.7,48.7,35.7 / 110,35.7 / 110
13574,PA,Red,F,72,70.8,96.4,109,35.4,35.4,35.4,109,35.4,109,48.2,48.2,35.4 / 109,35.4 / 109
13552,PA,Blue,M,71,69.4,92.3,123,35.1,34.3,35.1,130,34.3,116,47.2,45.1,35.1 / 130,34.3 / 116
13552,PA,White,M,71,68.0,90.2,120,34.4,33.6,34.4,126,33.6,113,46.1,44.1,34.4 / 126,33.6 / 113
13552,PA,Gold,M,71,65.3,86.6,115,32.9,32.4,32.9,121,32.4,109,44.1,42.5,32.9 / 121,32.4 / 109
13552,PA,Gold/Red,M,71,63.4,83.8,110,32.0,31.4,32.0,116,31.4,103,42.8,41.0,32.0 / 116,31.4 / 103
13552,PA,Red,M,71,62.8,83.0,109,31.5,31.3,31.5,115,31.3,102,42.2,40.8,31.5 / 115,31.3 / 102
13552,PA,Gold,F,71,69.8,97.9,119,35.3,34.5,35.3,126,34.5,112,50.2,47.7,35.3 / 126,34.5 / 112
13552,PA,Red,F,71,66.8,93.3,113,33.6,33.2,33.6,119,33.2,106,47.6,45.7,33.6 / 119,33.2 / 106
13552,PA,Green,F,71,64.7,90.1,108,32.8,31.9,32.8,115,31.9,100,46.4,43.7,32.8 / 115,31.9 / 100
5422,PA,Blue,M,72,75.1,102.2,146,37.4,37.7,37.4,143,37.7,149,50.7,51.5,37.4 / 143,37.7 / 149
5422,PA,Blue/White Combo,M,72,73.7,100.4,144,36.7,37.0,36.7,141,37.0,146,49.8,50.6,36.7 / 141,37.0 / 146
5422,PA,White,M,72,72.6,98.8,141,36.3,36.3,36.3,139,36.3,143,49.2,49.6,36.3 / 139,36.3 / 143
5422,PA,White/Gold Combo,M,72,71.5,96.4,134,35.8,35.7,35.8,137,35.7,131,48.5,47.9,35.8 / 137,35.7 / 131
5422,PA,Gold,M,72,70.0,95.2,136,34.9,35.1,34.9,137,35.1,135,47.6,47.6,34.9 / 137,35.1 / 135
5422,PA,Gold/Green Combo,M,72,68.2,92.7,132,34.1,34.1,34.1,133,34.1,130,46.5,46.2,34.1 / 133,34.1 / 130
5422,PA,Green,M,72,65.7,87.8,119,33.0,32.7,33.0,116,32.7,122,43.8,44.0,33.0 / 116,32.7 / 122
5422,PA,Blue,F,72,81.5,117.2,152,40.7,40.8,40.7,152,40.8,151,58.6,58.6,40.7 / 152,40.8 / 151
5422,PA,Blue/White Combo,F,72,79.9,114.9,148,39.9,40.0,39.9,148,40.0,148,57.4,57.5,39.9 / 148,40.0 / 148
5422,PA,White,F,72,78.4,112.6,145,39.3,39.1,39.3,146,39.1,144,56.5,56.1,39.3 / 146,39.1 / 144
5422,PA,White/Gold Combo,F,72,76.5,109.8,141,38.7,37.8,38.7,142,37.8,140,55.5,54.3,38.7 / 142,37.8 / 140
5422,PA,Gold,F,72,75.3,108.0,139,37.8,37.5,37.8,140,37.5,137,54.3,53.7,37.8 / 140,37.5 / 137
5422,PA,Gold/Green Combo,F,72,72.9,104.4,134,36.9,36.0,36.9,136,36.0,131,52.9,51.5,36.9 / 136,36.0 / 131
5422,PA,Green,F,72,70.8,101.3,130,35.5,35.3,35.5,131,35.3,128,50.9,50.4,35.5 / 131,35.3 / 128
3125,PA,Black,M,72,72.6,99.2,143,36.4,36.2,36.4,145,36.2,141,49.9,49.3,36.4 / 145,36.2 / 141
3125,PA,Blue,M,72,71.2,97.5,142,35.8,35.4,35.8,143,35.4,140,49.1,48.4,35.8 / 143,35.4 / 140
3125,PA,White,M,72,69.5,94.9,137,34.8,34.7,34.8,138,34.7,136,47.6,47.3,34.8 / 138,34.7 / 136
3125,PA,Gold,M,72,67.5,92.2,133,34.1,33.4,34.1,136,33.4,130,46.7,45.5,34.1 / 136,33.4 / 130
3125,PA,Green,M,72,65.6,90.3,133,33.3,32.3,33.3,131,32.3,135,45.5,44.8,33.3 / 131,32.3 / 135
3125,PA,Red,M,72,64.4,87.8,126,32.5,31.9,32.5,129,31.9,123,44.5,43.3,32.5 / 129,31.9 / 123
3125,PA,Silver,M,72,62.9,85.7,123,31.5,31.4,31.5,125,31.4,121,43.1,42.6,31.5 / 125,31.4 / 121
3125,PA,Black,F,73,79.0,113.7,147,39.6,39.4,39.6,144,39.4,150,56.6,57.1,39.6 / 144,39.4 / 150
3125,PA,Blue,F,73,77.4,111.0,143,38.8,38.6,38.8,142,38.6,143,55.5,55.5,38.8 / 142,38.6 / 143
3125,PA,White,F,73,75.1,107.5,138,37.5,37.6,37.5,136,37.6,139,53.5,54.0,37.5 / 136,37.6 / 139
3125,PA,Gold,F,73,72.7,104.1,133,36.7,36.0,36.7,133,36.0,133,52.4,51.7,36.7 / 133,36.0 / 133
3125,PA,Green,F,73,70.5,100.3,126,35.8,34.7,35.8,126,34.7,126,50.7,49.6,35.8 / 126,34.7 / 126
3125,PA,Red,F,73,68.8,98.2,125,34.9,33.9,34.9,123,33.9,126,49.4,48.8,34.9 / 123,33.9 / 126
3125,PA,Silver,F,73,65.8,94.0,120,33.0,32.8,33.0,116,32.8,123,46.7,47.3,33.0 / 116,32.8 / 123
23933,PA,Blue,M,70,67.0,88.8,118,34.1,32.9,34.1,121,32.9,114,45.3,43.5,34.1 / 121,32.9 / 114
23933,PA,White,M,70,65.8,87.0,114,33.4,32.4,33.4,117,32.4,111,44.3,42.7,33.4 / 117,32.4 / 111
23933,PA,Gold,M,70,63.3,83.6,110,31.9,31.4,31.9,112,31.4,107,42.3,41.3,31.9 / 112,31.4 / 107
23933,PA,White,F,70,70.2,98.6,121,35.7,34.5,35.7,125,34.5,116,50.4,48.2,35.7 / 125,34.5 / 116
23933,PA,Gold,F,70,67.7,94.7,115,34.2,33.5,34.2,117,33.5,112,48.0,46.7,34.2 / 117,33.5 / 112
23933,PA,Red,F,70,64.8,90.3,108,33.1,31.7,33.1,112,31.7,104,46.3,44.0,33.1 / 112,31.7 / 104
3124,PA,Black,M,72,75.3,100.6,136,37.6,37.7,37.6,133,37.7,139,50.0,50.6,37.6 / 133,37.7 / 139
3124,PA,Black/Blue,M,72,74.0,98.8,134,37.1,36.9,37.1,131,36.9,136,49.3,49.5,37.1 / 131,36.9 / 136
3124,PA,Blue,M,72,72.6,96.8,130,36.2,36.4,36.2,127,36.4,133,48.0,48.8,36.2 / 127,36.4 / 133
3124,PA,Blue/White,M,72,71.3,95.0,128,35.5,35.8,35.5,125,35.8,130,47.1,47.9,35.5 / 125,35.8 / 130
3124,PA,White,M,72,70.5,94.0,127,35.1,35.4,35.1,124,35.4,129,46.6,47.4,35.1 / 124,35.4 / 129
3124,PA,Gold,M,72,66.2,89.4,125,33.0,33.2,33.0,123,33.2,127,44.4,45.0,33.0 / 123,33.2 / 127
3124,PA,White,F,72,76.3,108.3,136,38.0,38.3,38.0,134,38.3,137,53.8,54.5,38.0 / 134,38.3 / 137
3124,PA,Red,F,72,72.2,102.3,128,36.1,36.1,36.1,126,36.1,129,51.0,51.3,36.1 / 126,36.1 / 129
13487,PA,WHITE,M,72,67.6,87.1,105,34.9,32.7,34.9,108,32.7,102,44.9,42.2,34.9 / 108,32.7 / 102
13487,PA,Gold,M,72,63.9,82.1,98,32.7,31.2,32.7,98,31.2,98,41.8,40.3,32.7 / 98,31.2 / 98
13487,PA,Red,M,72,62.5,80.5,97,31.9,30.6,31.9,98,30.6,96,41.0,39.5,31.9 / 98,30.6 / 96
13487,PA,Green,M,72,61.0,78.6,95,31.0,30.0,31.0,95,30.0,95,39.8,38.8,31.0 / 95,30.0 / 95
13487,PA,White,F,72,71.7,99.5,118,36.9,34.8,36.9,122,34.8,114,51.3,48.2,36.9 / 122,34.8 / 114
13487,PA,Gold,F,72,67.4,93.1,109,34.6,32.8,34.6,112,32.8,106,47.8,45.3,34.6 / 112,32.8 / 106
13487,PA,RED,F,72,65.5,90.3,105,33.8,31.7,33.8,110,31.7,100,46.8,43.5,33.8 / 110,31.7 / 100
13487,PA,Green,F,72,63.2,86.8,100,32.6,30.6,32.6,104,30.6,96,44.9,41.9,32.6 / 104,30.6 / 96
32012,PA,Blue,M,70,69.3,93.1,128,35.0,34.3,35.0,128,34.3,128,46.9,46.2,35.0 / 128,34.3 / 128
32012,PA,White,M,70,67.6,90.6,124,34.3,33.3,34.3,126,33.3,122,46.0,44.6,34.3 / 126,33.3 / 122
32012,PA,Red,M,70,63.8,85.2,115,32.7,31.1,32.7,118,31.1,112,43.7,41.5,32.7 / 118,31.1 / 112
32012,PA,Blue,F,71,74.4,106.0,134,37.7,36.7,37.7,137,36.7,131,53.8,52.2,37.7 / 137,36.7 / 131
32012,PA,White,F,71,72.6,103.3,130,36.9,35.7,36.9,133,35.7,127,52.6,50.7,36.9 / 133,35.7 / 127
32012,PA,Red,F,71,67.3,95.3,119,34.9,32.4,34.9,125,32.4,113,49.6,45.7,34.9 / 125,32.4 / 113
3168,PA,Black,M,70,73.1,98.3,136,36.4,36.7,36.4,135,36.7,137,48.9,49.4,36.4 / 135,36.7 / 137
3168,PA,Silver,M,70,71.6,96.3,133,35.4,36.2,35.4,131,36.2,135,47.6,48.7,35.4 / 131,36.2 / 135
3168,PA,Blue,M,70,69.9,94.0,130,34.5,35.4,34.5,127,35.4,132,46.3,47.7,34.5 / 127,35.4 / 132
3168,PA,Blue/White,M,70,68.3,92.0,128,33.8,34.5,33.8,126,34.5,129,45.5,46.5,33.8 / 126,34.5 / 129
3168,PA,White,M,70,66.7,89.3,122,33.1,33.6,33.1,121,33.6,123,44.3,45.0,33.1 / 121,33.6 / 123
3168,PA,Gold,M,70,61.7,82.2,111,30.7,31.0,30.7,109,31.0,112,40.8,41.4,30.7 / 109,31.0 / 112
5355,PA,V,M,72,74.8,100.6,139,37.0,37.8,37.0,138,37.8,140,49.8,50.8,37.0 / 138,37.8 / 140
5355,PA,IV,M,72,72.7,97.6,134,35.8,36.9,35.8,132,36.9,136,48.1,49.5,35.8 / 132,36.9 / 136
5355,PA,III,M,72,71.0,95.4,131,35.2,35.8,35.2,130,35.8,132,47.3,48.1,35.2 / 130,35.8 / 132
5355,PA,III / II,M,72,69.3,93.1,128,34.5,34.8,34.5,126,34.8,130,46.2,46.9,34.5 / 126,34.8 / 130
5355,PA,II,M,72,67.6,90.8,125,33.6,34.0,33.6,122,34.0,128,44.9,45.9,33.6 / 122,34.0 / 128
5355,PA,I,M,72,65.0,86.9,118,32.0,33.0,32.0,117,33.0,118,42.9,44.0,32.0 / 117,33.0 / 118
5355,PA,Fairway Tee,M,72,62.4,84.2,117,32.0,30.4,32.0,118,30.4,116,43.0,41.2,32.0 / 118,30.4 / 116
5355,PA,V,F,72,82.6,117.4,148,41.2,41.4,41.2,143,41.4,152,58.1,59.3,41.2 / 143,41.4 / 152
5355,PA,IV,F,72,79.6,112.8,141,39.5,40.1,39.5,136,40.1,146,55.5,57.3,39.5 / 136,40.1 / 146
5355,PA,III,F,72,77.7,110.0,137,38.8,38.9,38.8,132,38.9,142,54.4,55.6,38.8 / 132,38.9 / 142
5355,PA,III / II,F,72,75.8,106.9,132,38.0,37.8,38.0,128,37.8,136,53.1,53.8,38.0 / 128,37.8 / 136
5355,PA,II,F,72,73.7,104.2,129,36.7,37.0,36.7,126,37.0,132,51.6,52.6,36.7 / 126,37.0 / 132
5355,PA,II / I,F,72,72.3,102.4,128,36.0,36.3,36.0,126,36.3,130,50.8,51.6,36.0 / 126,36.3 / 130
5355,PA,I,F,72,70.1,99.4,124,34.7,35.4,34.7,120,35.4,128,48.9,50.5,34.7 / 120,35.4 / 128
5355,PA,Fairway Tee,F,72,65.9,93.0,115,34.3,31.6,34.3,118,31.6,112,48.2,44.8,34.3 / 118,31.6 / 112
5356,PA,III/IV,M,68,66.1,87.7,116,33.2,32.9,33.2,117,32.9,115,44.1,43.6,33.2 / 117,32.9 / 115
5356,PA,I,M,68,64.0,84.8,112,32.0,32.0,32.0,112,32.0,112,42.4,42.4,32.0 / 112,32.0 / 112
5356,PA,Jr. Gold,M,68,61.2,81.4,109,30.6,30.6,30.6,109,30.6,109,40.7,40.7,30.6 / 109,30.6 / 109
5356,PA,III/IV,F,70,70.4,99.6,124,35.4,35.0,35.4,125,35.0,123,50.1,49.5,35.4 / 125,35.0 / 123
5356,PA,I,F,70,67.6,95.4,118,33.8,33.8,33.8,118,33.8,118,47.7,47.7,33.8 / 118,33.8 / 118
5356,PA,Jr. Gold,F,70,62.8,88.4,109,31.4,31.4,31.4,109,31.4,109,44.2,44.2,31.4 / 109,31.4 / 109
3192,PA,Black,M,70,72.3,97.4,135,36.3,36.0,36.3,133,36.0,137,48.7,48.7,36.3 / 133,36.0 / 137
3192,PA,Silver,M,70,70.9,95.6,133,35.6,35.3,35.6,130,35.3,136,47.7,47.9,35.6 / 130,35.3 / 136
3192,PA,Silver/Gold Combo,M,70,68.9,93.3,131,34.7,34.2,34.7,129,34.2,133,46.7,46.6,34.7 / 129,34.2 / 133
3192,PA,Gold,M,70,67.6,91.3,128,33.9,33.7,33.9,126,33.7,129,45.6,45.7,33.9 / 126,33.7 / 129
3192,PA,Gold/Green Combo,M,70,65.4,88.0,122,33.0,32.4,33.0,121,32.4,123,44.2,43.8,33.0 / 121,32.4 / 123
3192,PA,Green,M,70,63.8,85.4,116,32.3,31.5,32.3,115,31.5,117,43.0,42.4,32.3 / 115,31.5 / 117
3192,PA,Silver,F,70,77.7,110.4,139,39.1,38.6,39.1,140,38.6,137,55.6,54.8,39.1 / 140,38.6 / 137
3192,PA,Silver/Gold Combo,F,70,75.5,107.2,135,38.0,37.5,38.0,136,37.5,133,54.0,53.2,38.0 / 136,37.5 / 133
3192,PA,Gold,F,70,74.0,104.8,131,37.1,36.9,37.1,131,36.9,130,52.6,52.2,37.1 / 131,36.9 / 130
3192,PA,Gold/Green Combo,F,70,71.6,101.6,128,36.2,35.4,36.2,131,35.4,124,51.6,50.0,36.2 / 131,35.4 / 124
3192,PA,Green,F,70,69.9,99.1,124,35.4,34.5,35.4,128,34.5,120,50.5,48.6,35.4 / 128,34.5 / 120
3180,PA,Silver,M,72,74.1,99.5,137,36.9,37.2,36.9,136,37.2,138,49.5,50.0,36.9 / 136,37.2 / 138
3180,PA,Blue,M,72,72.5,97.4,134,36.2,36.3,36.2,132,36.3,136,48.5,48.9,36.2 / 132,36.3 / 136
3180,PA,White,M,72,71.4,95.7,131,35.5,35.9,35.5,130,35.9,131,47.6,48.1,35.5 / 130,35.9 / 131
3180,PA,White/Gold #1,M,72,70.1,93.9,128,35.0,35.1,35.0,127,35.1,129,46.8,47.1,35.0 / 127,35.1 / 129
3180,PA,White/Gold #2,M,72,68.8,92.2,126,34.3,34.5,34.3,126,34.5,126,46.0,46.2,34.3 / 126,34.5 / 126
3180,PA,Gold,M,72,66.9,89.2,120,33.5,33.4,33.5,121,33.4,119,44.7,44.5,33.5 / 121,33.4 / 119
3180,PA,Gold/Red,M,72,66.2,88.4,119,33.2,33.0,33.2,119,33.0,119,44.3,44.1,33.2 / 119,33.0 / 119
3180,PA,White,F,72,76.6,107.2,136,38.2,38.4,38.2,132,38.4,129,53.6,53.6,38.2 / 132,38.4 / 129
3180,PA,Gold,F,72,71.5,99.6,119,35.9,35.6,35.9,121,35.6,117,50.2,49.4,35.9 / 121,35.6 / 117
3180,PA,Gold/Red,F,72,70.8,98.5,118,35.6,35.2,35.6,120,35.2,115,49.7,48.8,35.6 / 120,35.2 / 115
3180,PA,Red,F,72,70.0,97.3,116,35.1,34.9,35.1,117,34.9,114,48.9,48.4,35.1 / 117,34.9 / 114
3180,PA,C1,F,72,66.0,92.1,111,32.7,33.3,32.7,111,33.3,110,45.8,46.3,32.7 / 111,33.3 / 110
3180,PA,C2,F,72,64.1,89.0,106,32.1,32.0,32.1,107,32.0,104,44.7,44.3,32.1 / 107,32.0 / 104
3180,PA,Yellow,F,72,63.5,87.7,103,31.9,31.6,31.9,104,31.6,101,44.2,43.5,31.9 / 104,31.6 / 101
30190,PA,Silver,M,72,74.1,99.4,137,36.7,37.4,36.7,137,37.4,136,49.4,50.0,36.7 / 137,37.4 / 136
30190,PA,Blue,M,72,72.5,97.4,134,36.0,36.5,36.0,135,36.5,133,48.5,48.9,36.0 / 135,36.5 / 133
30190,PA,White,M,72,71.4,95.7,131,35.6,35.8,35.6,130,35.8,131,47.7,48.0,35.6 / 130,35.8 / 131
30190,PA,White/Gold #1,M,72,70.1,93.9,128,34.7,35.4,34.7,128,35.4,128,46.6,47.3,34.7 / 128,35.4 / 128
30190,PA,White/Gold #2,M,72,68.8,92.1,126,34.1,34.7,34.1,125,34.7,126,45.7,46.4,34.1 / 125,34.7 / 126
30190,PA,Gold,M,72,66.9,89.2,120,32.9,34.0,32.9,117,34.0,123,43.8,45.4,32.9 / 117,34.0 / 123
30190,PA,Gold/Red,M,72,66.2,88.4,119,32.5,33.7,32.5,119,33.7,119,43.6,44.8,32.5 / 119,33.7 / 119
30190,PA,Gold,F,72,71.5,99.6,119,35.0,36.5,35.0,115,36.5,123,48.6,51.0,35.0 / 115,36.5 / 123
30190,PA,Gold/Red,F,72,70.8,98.5,118,34.7,36.1,34.7,113,36.1,122,48.0,50.5,34.7 / 113,36.1 / 122
30190,PA,Red,F,72,70.0,97.3,116,34.1,35.9,34.1,111,35.9,120,47.2,50.1,34.1 / 111,35.9 / 120
23937,PA,Blue,M,71,72.0,96.8,134,36.2,35.8,36.2,130,35.8,137,48.3,48.5,36.2 / 130,35.8 / 137
23937,PA,Blue/White Combo,M,71,71.3,95.8,132,35.9,35.4,35.9,129,35.4,135,47.9,47.9,35.9 / 129,35.4 / 135
23937,PA,White,M,71,70.0,94.0,129,35.5,34.5,35.5,127,34.5,131,47.3,46.7,35.5 / 127,34.5 / 131
23937,PA,White/Gold Combo,M,71,68.3,91.6,126,34.5,33.8,34.5,123,33.8,128,45.9,45.7,34.5 / 123,33.8 / 128
23937,PA,Gold,M,71,67.5,90.5,124,34.3,33.2,34.3,122,33.2,126,45.6,44.9,34.3 / 122,33.2 / 126
23937,PA,White,F,71,75.7,107.2,134,38.4,37.3,38.4,138,37.3,129,54.7,52.5,38.4 / 138,37.3 / 129
23937,PA,White/Gold Combo,F,71,73.7,104.2,130,37.2,36.5,37.2,134,36.5,125,53.0,51.2,37.2 / 134,36.5 / 125
23937,PA,Gold,F,71,72.6,102.6,127,36.9,35.7,36.9,132,35.7,122,52.5,50.1,36.9 / 132,35.7 / 122
23937,PA,Gold/Red Combo,F,71,70.5,99.4,123,36.4,34.1,36.4,131,34.1,114,51.8,47.6,36.4 / 131,34.1 / 114
23937,PA,Red,F,71,69.3,97.6,120,35.6,33.7,35.6,127,33.7,113,50.6,47.0,35.6 / 127,33.7 / 113
3143,PA,Black,M,70,73.2,98.6,137,36.6,36.6,36.6,132,36.6,141,48.9,49.7,36.6 / 132,36.6 / 141
3143,PA,Blue,M,70,70.2,94.8,133,34.8,35.4,34.8,129,35.4,136,46.8,48.0,34.8 / 129,35.4 / 136
3143,PA,Blue/White Hybrid,M,70,68.9,92.9,130,34.2,34.7,34.2,122,34.7,137,45.5,47.4,34.2 / 122,34.7 / 137
3143,PA,White,M,70,67.9,92.0,130,33.7,34.2,33.7,126,34.2,133,45.4,46.6,33.7 / 126,34.2 / 133
3143,PA,Green,M,70,64.7,87.5,123,32.2,32.5,32.2,116,32.5,129,43.0,44.5,32.2 / 116,32.5 / 129
3143,PA,Blue,F,70,76.6,110.0,142,38.0,38.6,38.0,137,38.6,147,54.1,55.9,38.0 / 137,38.6 / 147
3143,PA,Blue/White,F,70,75.1,107.9,139,37.2,,37.2,134,,,53.0,,37.2 / 134,/
3143,PA,Blue/White Hybrid,F,70,75.1,107.9,139,37.2,37.9,37.2,134,37.9,144,53.0,54.9,37.2 / 134,37.9 / 144
3143,PA,White,F,70,74.1,106.2,137,36.7,37.4,36.7,131,37.4,142,52.1,54.1,36.7 / 131,37.4 / 142
3143,PA,Green,F,70,69.7,99.2,125,34.6,35.1,34.6,119,35.1,131,48.6,50.6,34.6 / 119,35.1 / 131
3142,PA,Black,M,70,73.9,100.3,142,36.2,37.7,36.2,144,37.7,140,49.6,50.7,36.2 / 144,37.7 / 140
3142,PA,Blue,M,70,71.3,97.2,140,35.2,36.1,35.2,142,36.1,137,48.4,48.8,35.2 / 142,36.1 / 137
3142,PA,Blue/White Hybrid,M,70,69.2,94.7,137,33.9,35.3,33.9,141,35.3,133,47.0,47.7,33.9 / 141,35.3 / 133
3142,PA,White,M,70,68.1,93.0,134,33.6,34.5,33.6,138,34.5,130,46.4,46.6,33.6 / 138,34.5 / 130
3142,PA,Green,M,70,66.0,90.0,129,32.7,33.3,32.7,133,33.3,125,45.1,44.9,32.7 / 133,33.3 / 125
3142,PA,Blue,F,70,78.2,112.0,144,38.5,39.7,38.5,147,39.7,140,55.8,56.2,38.5 / 147,39.7 / 140
3142,PA,Blue/White Hybrid,F,70,75.8,108.4,139,37.0,38.8,37.0,141,38.8,136,53.6,54.8,37.0 / 141,38.8 / 136
3142,PA,White,F,70,74.4,106.4,136,36.6,37.8,36.6,139,37.8,132,53.0,53.4,36.6 / 139,37.8 / 132
3142,PA,Green,F,70,71.2,102.2,132,35.2,36.0,35.2,135,36.0,128,51.1,51.1,35.2 / 135,36.0 / 128
13497,PA,BLUE,M,72,69.7,91.3,116,35.5,34.2,35.5,118,34.2,114,46.5,44.8,35.5 / 118,34.2 / 114
13497,PA,WHITE,M,72,68.1,89.3,114,34.5,33.6,34.5,116,33.6,112,45.3,44.0,34.5 / 116,33.6 / 112
13497,PA,Gold,M,72,65.1,84.8,106,32.7,32.4,32.7,110,32.4,102,42.9,41.9,32.7 / 110,32.4 / 102
13497,PA,Red,M,72,63.0,81.5,100,31.7,31.3,31.7,101,31.3,98,41.1,40.4,31.7 / 101,31.3 / 98
13497,PA,Blue,F,72,74.9,104.3,125,38.3,36.6,38.3,130,36.6,120,53.6,50.7,38.3 / 130,36.6 / 120
13497,PA,White,F,72,73.0,101.3,120,37.2,35.8,37.2,124,35.8,116,51.8,49.5,37.2 / 124,35.8 / 116
13497,PA,Gold,F,72,69.3,95.7,112,34.9,34.4,34.9,114,34.4,110,48.3,47.4,34.9 / 114,34.4 / 110
13497,PA,RED,F,72,67.2,92.7,108,34.0,33.2,34.0,110,33.2,106,47.0,45.7,34.0 / 110,33.2 / 106
13549,PA,Black,M,70,71.4,95.0,127,36.2,35.2,36.2,127,35.2,127,48.0,47.0,36.2 / 127,35.2 / 127
13549,PA,Blue,M,70,69.6,92.7,125,35.1,34.5,35.1,121,34.5,128,46.3,46.4,35.1 / 121,34.5 / 128
13549,PA,White,M,70,67.3,89.3,119,33.8,33.5,33.8,115,33.5,122,44.5,44.8,33.8 / 115,33.5 / 122
13549,PA,Gold,M,70,63.8,83.6,107,32.1,31.7,32.1,107,31.7,107,42.0,41.6,32.1 / 107,31.7 / 107
13549,PA,Red,F,70,66.7,94.5,118,33.4,33.3,33.4,119,33.3,117,47.4,47.1,33.4 / 119,33.3 / 117
5465,PA,Blue,M,72,72.5,98.3,139,35.3,37.2,35.3,136,37.2,142,47.9,50.4,35.3 / 136,37.2 / 142
5465,PA,White,M,72,71.1,95.7,132,34.9,36.2,34.9,131,36.2,133,47.1,48.6,34.9 / 131,36.2 / 133
5465,PA,Silver,M,72,69.0,92.1,124,34.1,34.9,34.1,129,34.9,119,46.1,46.0,34.1 / 129,34.9 / 119
5465,PA,Gold,M,72,67.4,90.0,122,33.1,34.3,33.1,121,34.3,123,44.3,45.7,33.1 / 121,34.3 / 123
5465,PA,Red,M,72,66.6,88.4,117,32.8,33.8,32.8,119,33.8,115,43.9,44.5,32.8 / 119,33.8 / 115
5465,PA,Orange,M,72,62.2,82.1,107,30.7,31.5,30.7,111,31.5,103,41.0,41.1,30.7 / 111,31.5 / 103
5465,PA,White,F,72,76.6,109.3,139,37.5,39.1,37.5,136,39.1,142,53.5,55.8,37.5 / 136,39.1 / 142
5465,PA,Silver,F,72,74.1,105.4,133,36.7,37.4,36.7,131,37.4,134,52.2,53.2,36.7 / 131,37.4 / 134
5465,PA,Gold,F,72,72.2,102.9,130,35.3,36.9,35.3,129,36.9,131,50.5,52.4,35.3 / 129,36.9 / 131
5465,PA,Red,F,72,71.1,101.3,128,35.1,36.0,35.1,128,36.0,128,50.2,51.1,35.1 / 128,36.0 / 128
5465,PA,Orange,F,72,65.0,91.9,114,32.1,32.9,32.1,116,32.9,112,45.8,46.1,32.1 / 116,32.9 / 112
13493,PA,Blue,M,72,72.1,95.9,128,35.4,36.7,35.4,127,36.7,129,47.2,48.7,35.4 / 127,36.7 / 129
13493,PA,White,M,72,71.0,94.2,125,35.0,36.0,35.0,125,36.0,125,46.6,47.6,35.0 / 125,36.0 / 125
13493,PA,Gold,M,72,66.6,88.4,117,33.0,33.6,33.0,118,33.6,116,44.0,44.4,33.0 / 118,33.6 / 116
13493,PA,Red,F,72,70.5,98.7,120,35.2,35.3,35.2,120,35.3,120,49.3,49.4,35.2 / 120,35.3 / 120
5423,PA,Gold,M,70,73.9,98.5,133,37.4,36.5,37.4,133,36.5,132,49.7,48.8,37.4 / 133,36.5 / 132
5423,PA,Black,M,70,71.0,94.9,129,35.9,35.1,35.9,131,35.1,126,48.1,46.8,35.9 / 131,35.1 / 126
5423,PA,Blue,M,70,69.4,93.2,128,35.1,34.3,35.1,131,34.3,125,47.3,45.9,35.1 / 131,34.3 / 125
5423,PA,Blue/White,M,70,67.7,90.6,123,34.4,33.3,34.4,129,33.3,117,46.4,44.2,34.4 / 129,33.3 / 117
5423,PA,White,M,70,67.1,89.2,120,34.1,33.0,34.1,124,33.0,114,45.6,43.6,34.1 / 124,33.0 / 114
5423,PA,Green,M,70,62.1,83.3,115,31.0,31.1,31.0,118,31.1,111,42.0,41.4,31.0 / 118,31.1 / 111
5423,PA,Black,F,74,77.1,108.8,135,39.0,38.1,39.0,139,38.1,130,55.4,53.4,39.0 / 139,38.1 / 130
5423,PA,Blue,F,74,75.7,106.6,132,38.2,37.5,38.2,137,37.5,126,54.3,52.3,38.2 / 137,37.5 / 126
5423,PA,Blue/White,F,74,73.2,102.8,126,37.4,35.8,37.4,131,35.8,120,52.9,49.9,37.4 / 131,35.8 / 120
5423,PA,White,F,74,72.3,101.6,125,36.9,35.4,36.9,130,35.4,119,52.2,49.4,36.9 / 130,35.4 / 119
5423,PA,Green,F,74,66.4,91.4,110,33.0,33.4,33.0,114,33.4,106,46.5,45.9,33.0 / 114,33.4 / 106
3122,PA,Black,M,72,75.0,101.1,141,37.5,37.5,37.5,140,37.5,141,50.5,50.6,37.5 / 140,37.5 / 141
3122,PA,Black/Blue,M,72,73.3,99.0,139,36.5,36.8,36.5,138,36.8,139,49.3,49.7,36.5 / 138,36.8 / 139
3122,PA,Blue,M,72,72.3,97.8,138,36.1,36.2,36.1,137,36.2,138,48.8,49.0,36.1 / 137,36.2 / 138
3122,PA,Blue/White,M,72,70.6,95.8,136,35.3,35.3,35.3,135,35.3,137,47.8,48.0,35.3 / 135,35.3 / 137
3122,PA,White,M,72,69.5,94.4,134,34.8,34.7,34.8,133,34.7,135,47.2,47.2,34.8 / 133,34.7 / 135
3122,PA,White/Gold,M,72,67.5,91.5,129,33.8,33.7,33.8,128,33.7,130,45.7,45.8,33.8 / 128,33.7 / 130
3122,PA,Gold,M,72,66.9,89.8,124,33.3,33.6,33.3,122,33.6,125,44.6,45.2,33.3 / 122,33.6 / 125
3122,PA,Green,M,72,64.4,86.0,116,31.9,32.5,31.9,115,32.5,117,42.6,43.4,31.9 / 115,32.5 / 117
3122,PA,White,F,72,75.9,108.0,136,38.0,37.9,38.0,134,37.9,138,53.8,54.2,38.0 / 134,37.9 / 138
3122,PA,White/Gold,F,72,73.8,105.1,133,37.2,36.6,37.2,131,36.6,134,52.7,52.4,37.2 / 131,36.6 / 134
3122,PA,Gold,F,72,72.5,103.0,129,36.1,36.4,36.1,126,36.4,132,51.0,52.0,36.1 / 126,36.4 / 132
3122,PA,Green,F,72,68.7,98.2,125,34.3,34.4,34.3,122,34.4,128,48.7,49.5,34.3 / 122,34.4 / 128
24355,PA,Blue,M,71,70.2,93.8,127,35.2,35.0,35.2,125,35.0,129,46.8,47.0,35.2 / 125,35.0 / 129
24355,PA,White,M,71,68.2,91.6,126,33.9,34.3,33.9,121,34.3,131,45.1,46.5,33.9 / 121,34.3 / 131
24355,PA,Gold,M,71,65.1,85.4,109,32.3,32.8,32.3,104,32.8,114,42.0,43.4,32.3 / 104,32.8 / 114
24355,PA,Red,F,71,68.7,94.9,111,34.5,34.2,34.5,108,34.2,114,47.2,47.7,34.5 / 108,34.2 / 114
13789,PA,Blue,M,70,70.3,93.3,124,34.3,36.0,34.3,118,36.0,129,45.3,48.0,34.3 / 118,36.0 / 129
13789,PA,White,M,70,69.2,91.9,122,33.8,35.4,33.8,118,35.4,126,44.8,47.1,33.8 / 118,35.4 / 126
13789,PA,Gold,M,70,66.4,88.0,117,32.2,34.2,32.2,111,34.2,122,42.5,45.5,32.2 / 111,34.2 / 122
13789,PA,Red,M,70,64.8,85.8,113,31.5,33.3,31.5,108,33.3,118,41.5,44.3,31.5 / 108,33.3 / 118
13789,PA,White,F,73,74.6,104.2,126,36.2,38.4,36.2,118,38.4,133,50.1,54.1,36.2 / 118,38.4 / 133
13789,PA,Gold,F,73,71.2,99.2,119,34.2,37.0,34.2,110,37.0,127,47.2,52.0,34.2 / 110,37.0 / 127
13789,PA,Red,F,70,69.1,95.9,114,33.1,36.0,33.1,105,36.0,122,45.5,50.4,33.1 / 105,36.0 / 122
14952,PA,White/Blue,M,71,70.4,93.0,122,35.3,35.1,35.3,118,35.1,125,46.3,46.7,35.3 / 118,35.1 / 125
14952,PA,Red/Gold,M,70,67.5,88.1,111,33.7,33.8,33.7,111,33.8,111,44.0,44.1,33.7 / 111,33.8 / 111
14952,PA,Black 18 Holes,M,70,62.6,81.2,100,31.3,31.3,31.3,100,31.3,100,40.6,40.6,31.3 / 100,31.3 / 100
14952,PA,White,M,35,35.3,46.3,118,35.3,,35.3,118,,,46.3,,35.3 / 118,/
14952,PA,Blue,M,36,35.1,46.7,125,35.1,,35.1,125,,,46.7,,35.1 / 125,/
14952,PA,Gold,M,35,33.8,44.1,111,33.8,,33.8,111,,,44.1,,33.8 / 111,/
14952,PA,Red,M,35,33.7,44.0,111,33.7,,33.7,111,,,44.0,,33.7 / 111,/
14952,PA,Black,M,35,31.5,40.9,101,31.5,,31.5,101,,,40.9,,31.5 / 101,/
14952,PA,White/Blue,F,70,76.2,105.5,125,37.9,38.3,37.9,124,38.3,125,52.5,53.0,37.9 / 124,38.3 / 125
14952,PA,Red/Gold,F,71,72.6,100.0,116,36.3,36.3,36.3,116,36.3,116,50.0,50.0,36.3 / 116,36.3 / 116
14952,PA,Black 18 Holes,F,72,65.0,90.8,109,32.5,32.5,32.5,109,32.5,109,45.4,45.4,32.5 / 109,32.5 / 109
14952,PA,Blue,F,35,38.3,53.0,125,38.3,,38.3,125,,,53.0,,38.3 / 125,/
14952,PA,White,F,35,37.9,52.5,124,37.9,,37.9,124,,,52.5,,37.9 / 124,/
14952,PA,Red,F,36,36.3,50.0,116,36.3,,36.3,116,,,50.0,,36.3 / 116,/
14952,PA,Gold,F,35,36.3,50.0,116,36.3,,36.3,116,,,50.0,,36.3 / 116,/
14952,PA,Black,F,36,32.5,45.4,109,32.5,,32.5,109,,,45.4,,32.5 / 109,/
3077,PA,Black,M,71,73.3,99.9,144,35.5,37.8,35.5,137,37.8,150,48.2,51.7,35.5 / 137,37.8 / 150
3077,PA,Black/Gold,M,71,72.1,98.2,141,35.2,36.9,35.2,136,36.9,145,47.8,50.4,35.2 / 136,36.9 / 145
3077,PA,Gold,M,71,71.4,97.3,140,34.8,36.6,34.8,135,36.6,144,47.3,50.0,34.8 / 135,36.6 / 144
3077,PA,Tournament,M,71,69.4,95.0,138,34.1,35.3,34.1,132,35.3,143,46.4,48.6,34.1 / 132,35.3 / 143
3077,PA,Blue,M,71,68.7,93.9,136,33.7,35.0,33.7,130,35.0,141,45.8,48.1,33.7 / 130,35.0 / 141
3077,PA,Blue/White,M,71,67.2,92.1,134,33.2,34.0,33.2,128,34.0,140,45.1,47.0,33.2 / 128,34.0 / 140
3077,PA,White,M,71,66.0,90.4,132,32.8,33.2,32.8,127,33.2,136,44.6,45.8,32.8 / 127,33.2 / 136
3077,PA,White/Green,M,71,64.2,87.8,127,31.8,32.4,31.8,123,32.4,131,43.2,44.6,31.8 / 123,32.4 / 131
3077,PA,Green,M,71,63.1,86.3,125,31.2,31.9,31.2,119,31.9,130,42.3,44.0,31.2 / 119,31.9 / 130
3077,PA,Black,F,71,79.5,115.8,152,38.6,40.9,38.6,148,40.9,155,56.1,59.7,38.6 / 148,40.9 / 155
3077,PA,Black/Gold,F,71,78.1,113.6,151,38.3,39.8,38.3,147,39.8,154,55.6,58.0,38.3 / 147,39.8 / 154
3077,PA,Gold,F,71,77.2,112.2,149,37.7,39.5,37.7,145,39.5,152,54.8,57.4,37.7 / 145,39.5 / 152
3077,PA,Blue,F,71,74.4,107.9,142,36.5,37.9,36.5,138,37.9,146,52.8,55.1,36.5 / 138,37.9 / 146
3077,PA,Blue/White,F,71,72.3,104.8,138,35.8,36.5,35.8,137,36.5,138,52.0,52.8,35.8 / 137,36.5 / 138
3077,PA,White,F,71,70.8,102.4,134,35.2,35.6,35.2,134,35.6,134,51.0,51.4,35.2 / 134,35.6 / 134
3077,PA,White/Green,F,71,68.7,99.8,132,34.1,34.6,34.1,131,34.6,133,49.5,50.3,34.1 / 131,34.6 / 133
3077,PA,Green,F,71,66.9,96.5,126,33.1,33.8,33.1,120,33.8,131,47.2,49.3,33.1 / 120,33.8 / 131
32847,PA,Blue,M,70,66.9,88.5,116,33.2,33.7,33.2,117,33.7,115,44.1,44.4,33.2 / 117,33.7 / 115
32847,PA,White,M,70,65.8,87.0,114,32.5,33.3,32.5,115,33.3,113,43.2,43.8,32.5 / 115,33.3 / 113
32847,PA,Gold,M,70,63.1,83.4,110,31.2,31.9,31.2,109,31.9,110,41.3,42.1,31.2 / 109,31.9 / 110
32847,PA,Red,M,70,62.0,81.9,108,30.7,31.3,30.7,108,31.3,107,40.7,41.2,30.7 / 108,31.3 / 107
32847,PA,Blue,F,70,71.8,100.5,122,35.7,36.1,35.7,121,36.1,122,50.0,50.5,35.7 / 121,36.1 / 122
32847,PA,White,F,70,70.4,98.5,120,34.8,35.6,34.8,119,35.6,120,48.8,49.7,34.8 / 119,35.6 / 120
32847,PA,Gold,F,70,67.1,93.5,112,33.1,34.0,33.1,110,34.0,114,46.1,47.4,33.1 / 110,34.0 / 114
32847,PA,Red,F,70,65.2,90.7,109,32.3,32.9,32.3,108,32.9,109,45.0,45.7,32.3 / 108,32.9 / 109
13476,PA,Green,M,72,70.1,92.4,120,35.7,34.4,35.7,124,34.4,116,47.2,45.2,35.7 / 124,34.4 / 116
13476,PA,White,M,72,68.3,90.1,117,35.1,33.2,35.1,118,33.2,116,46.1,44.0,35.1 / 118,33.2 / 116
13476,PA,Gold,M,72,65.5,86.1,111,33.4,32.1,33.4,114,32.1,108,44.0,42.1,33.4 / 114,32.1 / 108
13476,PA,Red,M,72,63.4,82.8,105,32.0,31.4,32.0,107,31.4,102,41.9,40.9,32.0 / 107,31.4 / 102
13476,PA,Youth Tees,M,72,59.5,77.3,96,30.1,29.4,30.1,97,29.4,95,39.1,38.2,30.1 / 97,29.4 / 95
13476,PA,Green,F,72,76.4,106.3,127,39.2,37.2,39.2,128,37.2,126,54.3,52.0,39.2 / 128,37.2 / 126
13476,PA,White,F,72,73.6,102.8,124,37.7,35.9,37.7,125,35.9,123,52.4,50.4,37.7 / 125,35.9 / 123
13476,PA,Gold,F,72,70.9,98.5,117,36.4,34.5,36.4,118,34.5,116,50.3,48.2,36.4 / 118,34.5 / 116
13476,PA,Red,F,72,68.4,94.4,110,34.7,33.7,34.7,111,33.7,109,47.8,46.6,34.7 / 111,33.7 / 109
13476,PA,Youth Tees,F,72,61.8,84.8,98,31.7,30.1,31.7,98,30.1,98,43.2,41.6,31.7 / 98,30.1 / 98
3225,PA,Blue,M,72,70.5,92.3,117,35.4,35.1,35.4,118,35.1,116,46.4,45.9,35.4 / 118,35.1 / 116
3225,PA,Silver,M,72,68.9,90.1,114,34.6,34.3,34.6,114,34.3,114,45.2,44.9,34.6 / 114,34.3 / 114
3225,PA,Silver/Gold,M,72,67.4,88.1,112,33.6,33.8,33.6,112,33.8,111,44.0,44.1,33.6 / 112,33.8 / 111
3225,PA,Gold,M,72,65.6,85.9,110,33.0,32.6,33.0,109,32.6,110,43.1,42.8,33.0 / 109,32.6 / 110
3225,PA,Red,M,72,64.4,83.9,105,32.5,31.9,32.5,107,31.9,103,42.4,41.5,32.5 / 107,31.9 / 103
3225,PA,Gold,F,72,70.8,100.1,124,35.6,35.2,35.6,121,35.2,127,49.9,50.2,35.6 / 121,35.2 / 127
3225,PA,Red,F,72,68.7,96.8,119,34.7,34.0,34.7,117,34.0,121,48.5,48.3,34.7 / 117,34.0 / 121
14456,PA,White,M,72,69.4,90.6,114,34.7,34.7,34.7,114,34.7,114,45.3,45.3,34.7 / 114,34.7 / 114
14456,PA,Yellow,M,72,66.0,86.8,112,33.0,33.0,33.0,112,33.0,112,43.4,43.4,33.0 / 112,33.0 / 112
14456,PA,Red,M,72,63.4,83.4,108,31.7,31.7,31.7,108,31.7,108,41.7,41.7,31.7 / 108,31.7 / 108
14456,PA,White,F,72,75.8,105.2,125,37.9,37.9,37.9,125,37.9,125,52.6,52.6,37.9 / 125,37.9 / 125
14456,PA,Yellow,F,72,71.4,99.2,118,35.7,35.7,35.7,118,35.7,118,49.6,49.6,35.7 / 118,35.7 / 118
14456,PA,Red,F,72,68.4,94.6,111,34.2,34.2,34.2,111,34.2,111,47.3,47.3,34.2 / 111,34.2 / 111
3215,PA,Black,M,70,73.2,97.6,131,36.5,36.7,36.5,130,36.7,132,48.6,49.0,36.5 / 130,36.7 / 132
3215,PA,Black/White,M,70,71.5,95.3,128,35.8,35.7,35.8,127,35.7,129,47.6,47.7,35.8 / 127,35.7 / 129
3215,PA,White,M,70,70.7,94.2,127,35.3,35.4,35.3,126,35.4,127,47.0,47.2,35.3 / 126,35.4 / 127
3215,PA,White/Gold,M,70,69.1,92.0,124,34.3,34.8,34.3,122,34.8,125,45.6,46.4,34.3 / 122,34.8 / 125
3215,PA,Gold,M,70,67.7,90.0,120,33.9,33.8,33.9,121,33.8,119,45.1,44.9,33.9 / 121,33.8 / 119
3215,PA,Red,M,70,65.5,86.9,115,32.6,32.9,32.6,114,32.9,116,43.2,43.7,32.6 / 114,32.9 / 116
3215,PA,White,F,72,77.1,110.1,140,38.5,38.6,38.5,137,38.6,143,54.6,55.5,38.5 / 137,38.6 / 143
3215,PA,White/Gold,F,72,75.3,107.3,136,37.3,38.0,37.3,131,38.0,140,52.8,54.5,37.3 / 131,38.0 / 140
3215,PA,Gold,F,72,73.6,104.8,133,36.8,36.8,36.8,130,36.8,135,52.1,52.7,36.8 / 130,36.8 / 135
3215,PA,Red,F,72,70.2,98.6,121,35.1,35.1,35.1,123,35.1,118,49.6,49.0,35.1 / 123,35.1 / 118
7844,PA,Blue,M,72,72.6,96.5,129,36.8,35.8,36.8,128,35.8,129,48.7,47.8,36.8 / 128,35.8 / 129
7844,PA,White,M,72,70.6,93.8,125,35.8,34.8,35.8,125,34.8,125,47.4,46.4,35.8 / 125,34.8 / 125
7844,PA,Gold,M,72,67.2,89.0,117,34.0,33.2,34.0,116,33.2,118,44.8,44.2,34.0 / 116,33.2 / 118
7844,PA,Red,M,72,65.3,86.5,114,32.9,32.4,32.9,113,32.4,115,43.4,43.1,32.9 / 113,32.4 / 115
7844,PA,White,F,72,76.4,107.0,130,38.7,37.7,38.7,129,37.7,131,53.9,53.1,38.7 / 129,37.7 / 131
7844,PA,Gold,F,72,72.2,100.7,121,36.5,35.7,36.5,119,35.7,123,50.5,50.2,36.5 / 119,35.7 / 123
7844,PA,Red,F,72,70.0,97.5,117,35.2,34.8,35.2,114,34.8,119,48.7,48.8,35.2 / 114,34.8 / 119
3189,PA,Blue,M,70,69.3,93.1,128,35.5,33.8,35.5,130,33.8,126,47.6,45.5,35.5 / 130,33.8 / 126
3189,PA,White,M,70,68.0,91.4,126,34.7,33.3,34.7,129,33.3,123,46.7,44.7,34.7 / 129,33.3 / 123
3189,PA,Yellow,M,70,65.4,87.5,118,32.9,32.5,32.9,118,32.5,118,43.9,43.6,32.9 / 118,32.5 / 118
3189,PA,Red,M,70,64.1,85.5,115,32.3,31.8,32.3,116,31.8,114,43.1,42.4,32.3 / 116,31.8 / 114
3189,PA,White,F,72,73.1,104.0,131,37.5,35.6,37.5,133,35.6,129,53.2,50.8,37.5 / 133,35.6 / 129
3189,PA,Gold,F,72,71.1,101.0,127,36.0,35.1,36.0,127,35.1,126,51.0,50.0,36.0 / 127,35.1 / 126
3189,PA,Red,F,72,68.9,97.5,121,35.0,33.9,35.0,122,33.9,120,49.4,48.1,35.0 / 122,33.9 / 120
5388,PA,Nicklaus,M,72,74.2,99.7,137,36.8,37.4,36.8,139,37.4,136,49.7,50.0,36.8 / 139,37.4 / 136
5388,PA,Nicklaus/Blue,M,72,73.2,98.3,135,36.4,36.8,36.4,137,36.8,133,49.1,49.2,36.4 / 137,36.8 / 133
5388,PA,Blue,M,72,72.6,97.5,134,36.0,36.6,36.0,135,36.6,133,48.5,49.0,36.0 / 135,36.6 / 133
5388,PA,Blue/White,M,72,70.9,95.0,130,35.2,35.7,35.2,132,35.7,127,47.5,47.5,35.2 / 132,35.7 / 127
5388,PA,White,M,72,70.2,94.0,128,34.8,35.4,34.8,130,35.4,126,46.9,47.1,34.8 / 130,35.4 / 126
5388,PA,White/Green,M,72,68.7,91.6,123,34.1,34.6,34.1,124,34.6,123,45.6,46.0,34.1 / 124,34.6 / 123
5388,PA,Green,M,72,67.3,89.4,118,33.2,34.1,33.2,118,34.1,118,44.2,45.1,33.2 / 118,34.1 / 118
5388,PA,Green/Red,M,72,65.9,87.4,115,32.6,33.3,32.6,117,33.3,114,43.5,43.9,32.6 / 117,33.3 / 114
5388,PA,Red,M,72,64.8,85.9,113,32.0,32.8,32.0,114,32.8,113,42.6,43.3,32.0 / 114,32.8 / 113
5388,PA,Red/Purple,M,72,62.3,82.7,110,31.2,31.1,31.2,112,31.1,108,41.6,41.1,31.2 / 112,31.1 / 108
5388,PA,Purple,M,72,61.1,81.2,107,30.3,30.8,30.3,111,30.8,105,40.6,40.6,30.3 / 111,30.8 / 105
5388,PA,White,F,72,76.9,109.8,140,38.3,38.6,38.3,138,38.6,141,54.6,55.2,38.3 / 138,38.6 / 141
5388,PA,White/Green,F,72,74.8,106.5,135,37.2,37.6,37.2,133,37.6,136,52.9,53.6,37.2 / 133,37.6 / 136
5388,PA,Green,F,72,72.8,103.6,131,35.9,36.9,35.9,129,36.9,132,51.1,52.5,35.9 / 129,36.9 / 132
5388,PA,Green/Red,F,72,71.8,100.9,124,35.6,36.2,35.6,119,36.2,128,49.6,51.3,35.6 / 119,36.2 / 128
5388,PA,Red,F,72,70.3,98.8,121,34.7,35.6,34.7,116,35.6,126,48.4,50.4,34.7 / 116,35.6 / 126
5388,PA,Red/Purple,F,72,66.7,93.5,114,33.5,33.2,33.5,112,33.2,116,46.7,46.9,33.5 / 112,33.2 / 116
5388,PA,Purple,F,72,64.8,90.8,110,32.3,32.5,32.3,106,32.5,114,44.8,46.0,32.3 / 106,32.5 / 114
5407,PA,Blue,M,72,72.1,97.9,139,35.7,36.4,35.7,139,36.4,139,48.6,49.3,35.7 / 139,36.4 / 139
5407,PA,White,M,72,70.7,95.6,134,35.2,35.5,35.2,136,35.5,132,47.8,47.8,35.2 / 136,35.5 / 132
5407,PA,White/Gold,M,72,68.9,92.5,127,34.3,34.6,34.3,127,34.6,127,46.1,46.4,34.3 / 127,34.6 / 127
5407,PA,Gold,M,72,65.8,88.1,120,33.2,32.6,33.2,122,32.6,118,44.5,43.6,33.2 / 122,32.6 / 118
5407,PA,Red,M,72,65.5,87.3,117,32.8,32.7,32.8,118,32.7,116,43.8,43.5,32.8 / 118,32.7 / 116
5407,PA,Blue,F,72,78.9,111.4,138,39.0,39.9,39.0,137,39.9,139,55.1,56.3,39.0 / 137,39.9 / 139
5407,PA,White,F,72,77.0,108.4,133,38.3,38.7,38.3,133,38.7,133,54.0,54.4,38.3 / 133,38.7 / 133
5407,PA,Gold,F,72,71.4,100.3,123,36.3,35.1,36.3,126,35.1,120,51.1,49.2,36.3 / 126,35.1 / 120
5407,PA,Red,F,72,70.5,99.2,122,35.5,35.0,35.5,125,35.0,119,50.2,49.0,35.5 / 125,35.0 / 119
13959,PA,Blue,M,70,69.5,91.8,120,34.5,35.0,34.5,116,35.0,124,45.3,46.5,34.5 / 116,35.0 / 124
13959,PA,White,M,70,68.7,90.6,117,34.0,34.7,34.0,115,34.7,119,44.8,45.8,34.0 / 115,34.7 / 119
13959,PA,Gold,M,70,65.9,86.6,112,32.4,33.5,32.4,111,33.5,112,42.7,43.9,32.4 / 111,33.5 / 112
13959,PA,White,F,70,73.4,101.3,119,36.3,37.1,36.3,117,37.1,120,50.1,51.2,36.3 / 117,37.1 / 120
13959,PA,Red,F,70,69.6,97.1,117,34.1,35.5,34.1,112,35.5,121,47.3,49.8,34.1 / 112,35.5 / 121
13959,PA,Gold,F,70,69.2,95.0,110,33.9,35.3,33.9,107,35.3,112,46.5,48.5,33.9 / 107,35.3 / 112
27037,PA,Black,M,70,65.6,87.6,118,32.8,32.8,32.8,118,32.8,118,43.8,43.8,32.8 / 118,32.8 / 118
27037,PA,Blue,M,70,64.6,86.0,115,32.3,32.3,32.3,115,32.3,115,43.0,43.0,32.3 / 115,32.3 / 115
27037,PA,White,M,70,63.6,84.8,114,31.8,31.8,31.8,114,31.8,114,42.4,42.4,31.8 / 114,31.8 / 114
27037,PA,Yellow,M,70,61.6,82.0,110,30.8,30.8,30.8,110,30.8,110,41.0,41.0,30.8 / 110,30.8 / 110
27037,PA,Red,M,70,60.6,80.6,108,30.3,30.3,30.3,108,30.3,108,40.3,40.3,30.3 / 108,30.3 / 108
27037,PA,Blue,F,70,68.8,98.0,124,34.4,34.4,34.4,124,34.4,124,49.0,49.0,34.4 / 124,34.4 / 124
27037,PA,White,F,70,67.4,95.8,120,33.7,33.7,33.7,120,33.7,120,47.9,47.9,33.7 / 120,33.7 / 120
27037,PA,Yellow,F,70,63.4,89.8,112,31.7,31.7,31.7,112,31.7,112,44.9,44.9,31.7 / 112,31.7 / 112
27037,PA,Red,F,70,61.6,87.2,109,30.8,30.8,30.8,109,30.8,109,43.6,43.6,30.8 / 109,30.8 / 109
5458,PA,Blue,M,72,72.2,96.8,133,36.7,35.5,36.7,136,35.5,129,49.3,47.5,36.7 / 136,35.5 / 129
5458,PA,White,M,72,70.7,94.7,130,35.9,34.8,35.9,135,34.8,124,48.4,46.3,35.9 / 135,34.8 / 124
5458,PA,Green,M,72,68.7,91.9,125,34.8,33.9,34.8,129,33.9,121,46.8,45.1,34.8 / 129,33.9 / 121
5458,PA,Gold,M,72,66.7,89.2,121,34.2,32.5,34.2,123,32.5,119,45.6,43.6,34.2 / 123,32.5 / 119
5458,PA,Red,M,72,64.9,86.3,116,33.2,31.7,33.2,122,31.7,109,44.5,41.8,33.2 / 122,31.7 / 109
5458,PA,Orange,M,71,58.9,77.3,99,30.1,28.8,30.1,98,28.8,100,39.2,38.1,30.1 / 98,28.8 / 100
5458,PA,Blue,F,72,78.8,112.5,143,39.9,38.9,39.9,146,38.9,140,57.1,55.4,39.9 / 146,38.9 / 140
5458,PA,White,F,72,76.4,108.4,136,38.8,37.6,38.8,136,37.6,136,54.8,53.6,38.8 / 136,37.6 / 136
5458,PA,Gold,F,72,71.5,101.8,129,36.7,34.8,36.7,131,34.8,126,52.1,49.7,36.7 / 131,34.8 / 126
5458,PA,Red,F,72,71.2,101.1,127,36.1,35.1,36.1,129,35.1,125,51.3,49.8,36.1 / 129,35.1 / 125
5458,PA,Orange,F,72,61.0,85.5,104,31.2,29.8,31.2,105,29.8,103,43.6,41.9,31.2 / 105,29.8 / 103
3089,PA,Black,M,71,71.9,98.5,143,36.5,35.4,36.5,145,35.4,141,50.0,48.5,36.5 / 145,35.4 / 141
3089,PA,Blue,M,71,69.7,95.4,139,35.5,34.2,35.5,142,34.2,135,48.7,46.7,35.5 / 142,34.2 / 135
3089,PA,White,M,71,67.6,92.3,133,34.7,32.9,34.7,138,32.9,128,47.5,44.8,34.7 / 138,32.9 / 128
3089,PA,Green,M,71,64.9,87.9,124,33.1,31.8,33.1,128,31.8,119,45.0,42.9,33.1 / 128,31.8 / 119
3089,PA,Red,M,71,63.2,85.5,120,31.8,31.4,31.8,122,31.4,118,43.1,42.4,31.8 / 122,31.4 / 118
3089,PA,Black,F,71,77.8,111.8,144,39.5,38.3,39.5,142,38.3,146,56.3,55.5,39.5 / 142,38.3 / 146
3089,PA,Blue,F,71,75.5,108.3,139,38.4,37.1,38.4,137,37.1,141,54.6,53.7,38.4 / 137,37.1 / 141
3089,PA,White,F,71,72.7,104.2,134,37.3,35.4,37.3,133,35.4,134,53.0,51.2,37.3 / 133,35.4 / 134
3089,PA,Green,F,71,69.6,99.5,127,35.6,34.0,35.6,126,34.0,128,50.4,49.1,35.6 / 126,34.0 / 128
3089,PA,Red,F,71,67.1,95.6,121,34.0,33.1,34.0,119,33.1,123,48.0,47.6,34.0 / 119,33.1 / 123
31304,PA,V,M,72,71.0,94.8,128,35.5,35.5,35.5,128,35.5,128,47.4,47.4,35.5 / 128,35.5 / 128
31304,PA,I / V,M,72,69.9,93.5,127,34.4,35.5,34.4,126,35.5,128,46.1,47.4,34.4 / 126,35.5 / 128
31304,PA,I,M,72,68.8,92.2,126,34.4,34.4,34.4,126,34.4,126,46.1,46.1,34.4 / 126,34.4 / 126
31304,PA,I / II,M,72,67.6,90.1,121,34.4,33.2,34.4,126,33.2,116,46.1,44.0,34.4 / 126,33.2 / 116
31304,PA,II,M,72,66.4,88.0,116,33.2,33.2,33.2,116,33.2,116,44.0,44.0,33.2 / 116,33.2 / 116
31304,PA,III / II,M,72,64.2,84.5,109,31.0,33.2,31.0,102,33.2,116,40.5,44.0,31.0 / 102,33.2 / 116
31304,PA,III,M,72,62.0,81.0,102,31.0,31.0,31.0,102,31.0,102,40.5,40.5,31.0 / 102,31.0 / 102
31304,PA,IV / III,M,72,61.3,79.9,100,30.3,31.0,30.3,98,31.0,102,39.4,40.5,30.3 / 98,31.0 / 102
31304,PA,IV,M,72,60.6,78.8,98,30.3,30.3,30.3,98,30.3,98,39.4,39.4,30.3 / 98,30.3 / 98
31304,PA,V,F,72,76.6,108.6,136,38.3,38.3,38.3,136,38.3,136,54.3,54.3,38.3 / 136,38.3 / 136
31304,PA,V / I,F,72,75.4,107.0,134,38.3,37.1,38.3,136,37.1,132,54.3,52.7,38.3 / 136,37.1 / 132
31304,PA,I,F,72,74.2,105.4,132,37.1,37.1,37.1,132,37.1,132,52.7,52.7,37.1 / 132,37.1 / 132
31304,PA,I / II,F,72,72.6,103.1,129,37.1,35.5,37.1,132,35.5,126,52.7,50.4,37.1 / 132,35.5 / 126
31304,PA,II,F,72,71.0,100.8,126,35.5,35.5,35.5,126,35.5,126,50.4,50.4,35.5 / 126,35.5 / 126
31304,PA,III / II,F,72,68.8,97.6,122,33.3,35.5,33.3,118,35.5,126,47.2,50.4,33.3 / 118,35.5 / 126
31304,PA,III,F,72,66.6,94.4,118,33.3,33.3,33.3,118,33.3,118,47.2,47.2,33.3 / 118,33.3 / 118
31304,PA,IV / III,F,72,64.9,92.2,116,31.6,33.3,31.6,114,33.3,118,45.0,47.2,31.6 / 114,33.3 / 118
31304,PA,IV,F,72,63.2,90.0,114,31.6,31.6,31.6,114,31.6,114,45.0,45.0,31.6 / 114,31.6 / 114
5370,PA,Black,M,72,72.7,97.9,136,36.7,36.0,36.7,136,36.0,136,49.3,48.6,36.7 / 136,36.0 / 136
5370,PA,Blue,M,72,70.9,95.5,132,35.6,35.3,35.6,131,35.3,133,47.8,47.7,35.6 / 131,35.3 / 133
5370,PA,White,M,72,68.9,93.1,130,34.5,34.4,34.5,128,34.4,132,46.4,46.7,34.5 / 128,34.4 / 132
5370,PA,White/Green,M,72,67.2,90.6,126,33.9,33.3,33.9,125,33.3,127,45.5,45.1,33.9 / 125,33.3 / 127
5370,PA,Green,M,72,66.1,88.4,120,33.2,32.9,33.2,119,32.9,121,44.3,44.1,33.2 / 119,32.9 / 121
5370,PA,Family,M,72,57.4,75.4,97,28.6,28.8,28.6,96,28.8,98,37.5,37.9,28.6 / 96,28.8 / 98
5370,PA,Black,F,72,79.3,112.4,140,39.9,39.4,39.9,138,39.4,142,56.2,56.2,39.9 / 138,39.4 / 142
5370,PA,Blue,F,72,77.1,109.0,135,38.6,38.5,38.6,132,38.5,138,54.2,54.8,38.6 / 132,38.5 / 138
5370,PA,White,F,72,74.8,105.5,130,37.4,37.4,37.4,128,37.4,132,52.5,53.0,37.4 / 128,37.4 / 132
5370,PA,White/Green,F,72,72.5,102.1,125,36.6,35.9,36.6,124,35.9,127,51.2,50.9,36.6 / 124,35.9 / 127
5370,PA,Green,F,72,72.1,102.1,127,36.3,35.8,36.3,126,35.8,128,51.2,50.9,36.3 / 126,35.8 / 128
5370,PA,Family,F,72,58.6,80.5,93,29.3,29.3,29.3,92,29.3,94,40.1,40.4,29.3 / 92,29.3 / 94
1836,PA,Gold,M,72,73.9,99.8,139,38.0,35.9,38.0,146,35.9,132,51.6,48.2,38.0 / 146,35.9 / 132
1836,PA,Blue,M,72,72.1,97.5,137,36.8,35.3,36.8,142,35.3,131,50.0,47.5,36.8 / 142,35.3 / 131
1836,PA,White,M,72,70.2,94.9,133,35.7,34.5,35.7,138,34.5,128,48.5,46.4,35.7 / 138,34.5 / 128
1836,PA,Member,M,72,68.0,91.8,129,34.9,33.1,34.9,135,33.1,122,47.4,44.4,34.9 / 135,33.1 / 122
1836,PA,Green,M,72,67.3,91.0,128,34.7,32.6,34.7,135,32.6,121,47.2,43.8,34.7 / 135,32.6 / 121
1836,PA,Red,M,72,63.9,86.4,121,31.0,32.9,31.0,114,32.9,128,41.6,44.8,31.0 / 114,32.9 / 128
1836,PA,White,F,73,75.9,107.6,135,38.6,37.3,38.6,138,37.3,131,54.9,52.7,38.6 / 138,37.3 / 131
1836,PA,Green,F,72,72.4,102.3,127,37.4,35.0,37.4,133,35.0,120,53.1,49.2,37.4 / 133,35.0 / 120
1836,PA,Red,F,72,68.3,96.5,120,35.3,33.0,35.3,124,33.0,115,49.9,46.6,35.3 / 124,33.0 / 115
5379,PA,Blue,M,70,72.3,97.0,133,36.2,36.1,36.2,130,36.1,136,48.3,48.7,36.2 / 130,36.1 / 136
5379,PA,White,M,72,71.8,96.0,130,36.0,35.8,36.0,128,35.8,132,47.9,48.1,36.0 / 128,35.8 / 132
5379,PA,Gold,M,72,69.6,92.6,124,35.0,34.6,35.0,123,34.6,125,46.4,46.2,35.0 / 123,34.6 / 125
5379,PA,Green,M,72,66.2,88.5,120,33.0,33.2,33.0,118,33.2,122,44.0,44.5,33.0 / 118,33.2 / 122
5379,PA,Red,M,72,65.4,87.4,118,32.6,32.8,32.6,117,32.8,119,43.5,43.9,32.6 / 117,32.8 / 119
5379,PA,Blue,F,72,78.5,111.3,139,39.1,39.4,39.1,144,39.4,134,56.1,55.2,39.1 / 144,39.4 / 134
5379,PA,White,F,72,77.6,110.0,137,38.8,38.8,38.8,142,38.8,132,55.6,54.4,38.8 / 142,38.8 / 132
5379,PA,Gold,F,72,74.0,104.1,128,37.1,36.9,37.1,130,36.9,126,52.4,51.7,37.1 / 130,36.9 / 126
5379,PA,Green,F,72,70.4,99.6,124,34.9,35.5,34.9,124,35.5,124,49.5,50.1,34.9 / 124,35.5 / 124
5379,PA,Red,F,72,69.3,98.1,122,34.3,35.0,34.3,122,35.0,122,48.7,49.4,34.3 / 122,35.0 / 122
5374,PA,Black,M,72,73.6,98.8,136,36.8,36.8,36.8,138,36.8,133,49.6,49.2,36.8 / 138,36.8 / 133
5374,PA,Blue,M,72,71.5,95.9,132,35.7,35.8,35.7,133,35.8,131,48.1,48.0,35.7 / 133,35.8 / 131
5374,PA,White,M,72,69.9,93.5,128,34.7,35.2,34.7,128,35.2,128,46.6,47.1,34.7 / 128,35.2 / 128
5374,PA,White/Gold,M,72,67.9,91.1,125,33.5,34.4,33.5,125,34.4,125,45.1,46.0,33.5 / 125,34.4 / 125
5374,PA,Gold,M,72,67.1,89.5,122,33.2,33.9,33.2,122,33.9,122,44.5,45.2,33.2 / 122,33.9 / 122
5374,PA,Red,M,72,65.1,86.6,117,32.2,32.9,32.2,118,32.9,116,43.2,43.7,32.2 / 118,32.9 / 116
5374,PA,Black,F,72,79.7,113.2,142,40.2,39.5,40.2,142,39.5,142,57.0,56.3,40.2 / 142,39.5 / 142
5374,PA,Blue,F,72,78.0,110.9,140,39.6,38.4,39.6,140,38.4,139,56.1,54.8,39.6 / 140,38.4 / 139
5374,PA,White,F,72,75.6,106.8,134,37.9,37.7,37.9,133,37.7,135,53.6,53.6,37.9 / 133,37.7 / 135
5374,PA,White/Gold,F,72,73.8,104.0,128,36.6,37.2,36.6,129,37.2,127,51.8,52.2,36.6 / 129,37.2 / 127
5374,PA,Gold,F,72,72.0,101.5,126,36.0,36.0,36.0,125,36.0,127,50.7,51.0,36.0 / 125,36.0 / 127
5374,PA,Red,F,72,69.7,97.5,119,34.8,34.9,34.8,120,34.9,118,48.9,48.8,34.8 / 120,34.9 / 118
21216,PA,White/Blue,M,68,68.9,91.3,121,34.2,34.7,34.2,119,34.7,122,45.3,46.0,34.2 / 119,34.7 / 122
21216,PA,Gold,M,68,64.8,86.6,117,32.4,32.4,32.4,117,32.4,117,43.3,43.3,32.4 / 117,32.4 / 117
21216,PA,Red,F,68,68.6,96.2,117,34.3,34.3,34.3,117,34.3,117,48.1,48.1,34.3 / 117,34.3 / 117
5419,PA,Blue,M,71,72.2,96.7,132,35.3,36.9,35.3,130,36.9,134,47.4,49.3,35.3 / 130,36.9 / 134
5419,PA,White,M,71,70.4,94.4,129,34.7,35.7,34.7,127,35.7,131,46.5,47.9,34.7 / 127,35.7 / 131
5419,PA,Green,M,71,68.8,92.4,127,34.0,34.8,34.0,125,34.8,129,45.6,46.8,34.0 / 125,34.8 / 129
5419,PA,Gold,M,71,67.2,88.6,115,33.2,34.0,33.2,114,34.0,116,43.8,44.8,33.2 / 114,34.0 / 116
5419,PA,Red,M,71,65.0,86.7,117,32.6,32.4,32.6,113,32.4,121,43.1,43.6,32.6 / 113,32.4 / 121
5419,PA,Blue,F,71,78.0,110.1,136,38.6,39.4,38.6,133,39.4,139,54.3,55.8,38.6 / 133,39.4 / 139
5419,PA,White,F,71,76.1,107.5,134,37.9,38.2,37.9,131,38.2,136,53.3,54.2,37.9 / 131,38.2 / 136
5419,PA,Green,F,71,74.6,105.7,132,37.1,37.5,37.1,129,37.5,135,52.3,53.4,37.1 / 129,37.5 / 135
5419,PA,Gold,F,71,72.2,101.5,124,35.9,36.3,35.9,122,36.3,126,50.3,51.2,35.9 / 122,36.3 / 126
5419,PA,Red,F,71,70.3,99.1,123,35.2,35.1,35.2,120,35.1,125,49.3,49.8,35.2 / 120,35.1 / 125
36583,PA,Blue,M,70,70.0,94.3,131,35.1,34.9,35.1,125,34.9,137,46.7,47.6,35.1 / 125,34.9 / 137
36583,PA,White,M,70,68.5,92.6,130,34.2,34.3,34.2,125,34.3,135,45.8,46.8,34.2 / 125,34.3 / 135
36583,PA,Gold,M,70,66.0,89.5,127,32.8,33.2,32.8,125,33.2,128,44.4,45.1,32.8 / 125,33.2 / 128
36583,PA,Orange,M,66,58.5,78.3,107,28.3,30.2,28.3,95,30.2,118,37.1,41.2,28.3 / 95,30.2 / 118
36583,PA,Red,F,70,67.9,95.1,116,34.2,33.7,34.2,114,33.7,117,47.6,47.5,34.2 / 114,33.7 / 117
36583,PA,Orange,F,66,60.6,84.8,103,29.4,31.2,29.4,92,31.2,114,40.2,44.6,29.4 / 92,31.2 / 114
31240,PA,Black,M,71,70.9,94.0,125,35.0,35.9,35.0,123,35.9,126,46.4,47.6,35.0 / 123,35.9 / 126
31240,PA,Blue,M,71,69.0,91.3,120,34.1,34.9,34.1,118,34.9,122,45.1,46.2,34.1 / 118,34.9 / 122
31240,PA,Green,M,71,65.9,87.3,115,32.6,33.3,32.6,114,33.3,116,43.2,44.1,32.6 / 114,33.3 / 116
31240,PA,White,M,71,65.0,86.0,113,31.6,33.4,31.6,111,33.4,115,41.9,44.1,31.6 / 111,33.4 / 115
31240,PA,Yellow,M,71,61.6,81.3,106,30.6,31.0,30.6,105,31.0,107,40.4,40.9,30.6 / 105,31.0 / 107
31240,PA,Black,F,71,77.0,108.1,132,38.0,39.0,38.0,127,39.0,137,53.0,55.1,38.0 / 127,39.0 / 137
31240,PA,Blue,F,71,74.6,104.4,127,36.8,37.8,36.8,122,37.8,131,51.2,53.2,36.8 / 122,37.8 / 131
31240,PA,Green,F,71,71.0,99.3,120,35.1,35.9,35.1,115,35.9,125,48.7,50.6,35.1 / 115,35.9 / 125
31240,PA,White,F,71,69.5,97.1,117,33.6,35.9,33.6,110,35.9,124,46.6,50.5,33.6 / 110,35.9 / 124
31240,PA,Yellow,F,71,64.0,88.7,105,31.7,32.3,31.7,102,32.3,108,43.7,45.0,31.7 / 102,32.3 / 108
3194,PA,1896 (Black),M,70,71.7,95.7,129,36.0,35.7,36.0,128,35.7,130,47.9,47.8,36.0 / 128,35.7 / 130
3194,PA,Rawlins (Blue),M,70,70.0,93.4,126,35.1,34.9,35.1,125,34.9,127,46.7,46.7,35.1 / 125,34.9 / 127
3194,PA,Butler (Silver),M,70,66.5,88.5,118,33.4,33.1,33.4,117,33.1,119,44.3,44.2,33.4 / 117,33.1 / 119
3194,PA,Dixon (White),M,70,65.2,86.7,116,32.4,32.8,32.4,113,32.8,118,42.9,43.8,32.4 / 113,32.8 / 118
3194,PA,Rawlins (Blue),F,71,76.3,108.4,136,38.2,38.1,38.2,138,38.1,134,54.5,53.9,38.2 / 138,38.1 / 134
3194,PA,Butler (Silver),F,71,72.5,102.5,127,35.9,36.6,35.9,126,36.6,128,50.8,51.7,35.9 / 126,36.6 / 128
3194,PA,Dixon (White),F,71,70.4,99.4,123,34.9,35.5,34.9,123,35.5,123,49.4,50.0,34.9 / 123,35.5 / 123
3268,PA,Blue (9),M,34,33.6,44.9,122,33.6,,33.6,122,,,44.9,,33.6 / 122,/
3268,PA,White (9),M,34,32.4,43.1,115,32.4,,32.4,115,,,43.1,,32.4 / 115,/
3268,PA,Red (9),M,34,31.7,42.2,113,31.7,,31.7,113,,,42.2,,31.7 / 113,/
3268,PA,Blue (9),F,34,36.2,51.2,127,36.2,,36.2,127,,,51.2,,36.2 / 127,/
3268,PA,White (9),F,34,34.6,48.9,121,34.6,,34.6,121,,,48.9,,34.6 / 121,/
3268,PA,Red (9),F,34,33.6,47.4,117,33.6,,33.6,117,,,47.4,,33.6 / 117,/
17875,PA,Black,M,72,74.8,99.5,133,37.5,37.3,37.5,135,37.3,131,50.0,49.5,37.5 / 135,37.3 / 131
17875,PA,Blue,M,72,73.1,97.3,130,36.4,36.7,36.4,132,36.7,128,48.7,48.6,36.4 / 132,36.7 / 128
17875,PA,White,M,72,71.1,94.8,128,35.2,35.9,35.2,122,35.9,133,46.5,48.3,35.2 / 122,35.9 / 133
17875,PA,Gold/White Combo Tee,M,72,69.5,93.7,131,34.3,35.2,34.3,126,35.2,135,46.0,47.7,34.3 / 126,35.2 / 135
17875,PA,Gold,M,72,67.7,90.0,120,33.7,34.0,33.7,119,34.0,121,44.8,45.2,33.7 / 119,34.0 / 121
17875,PA,Red (M),M,72,65.1,87.1,119,32.3,32.8,32.3,116,32.8,121,43.1,44.0,32.3 / 116,32.8 / 121
17875,PA,Black (W),F,72,80.7,113.7,140,40.4,40.3,40.4,140,40.3,140,56.9,56.8,40.4 / 140,40.3 / 140
17875,PA,Blue (W),F,72,78.7,111.0,137,39.1,39.6,39.1,136,39.6,138,55.1,55.9,39.1 / 136,39.6 / 138
17875,PA,White (W),F,72,76.6,107.8,133,37.8,38.8,37.8,130,38.8,135,53.1,54.7,37.8 / 130,38.8 / 135
17875,PA,Gold/White Combo (W),F,72,74.6,105.2,130,36.8,37.8,36.8,127,37.8,132,51.8,53.4,36.8 / 127,37.8 / 132
17875,PA,Gold,F,72,72.6,101.8,124,36.1,36.5,36.1,123,36.5,125,50.6,51.2,36.1 / 123,36.5 / 125
17875,PA,Red,F,72,70.5,98.6,119,35.1,35.4,35.1,118,35.4,120,49.0,49.6,35.1 / 118,35.4 / 120
5460,PA,Black,M,72,75.8,101.6,139,37.9,37.9,37.9,138,37.9,140,50.7,50.9,37.9 / 138,37.9 / 140
5460,PA,Blue,M,72,72.6,97.1,132,36.2,36.4,36.2,129,36.4,135,48.2,48.9,36.2 / 129,36.4 / 135
5460,PA,White,M,72,70.2,94.0,128,35.0,35.2,35.0,127,35.2,129,46.8,47.2,35.0 / 127,35.2 / 129
5460,PA,White/Gold,M,72,68.1,91.7,127,34.4,33.7,34.4,127,33.7,127,46.2,45.5,34.4 / 127,33.7 / 127
5460,PA,Gold,M,72,66.9,89.6,123,33.6,33.3,33.6,121,33.3,124,44.8,44.8,33.6 / 121,33.3 / 124
5460,PA,Green,M,72,64.8,86.0,114,32.5,32.3,32.5,112,32.3,116,42.9,43.1,32.5 / 112,32.3 / 116
5460,PA,Blue,F,72,78.7,112.7,144,39.2,39.5,39.2,142,39.5,146,56.0,56.7,39.2 / 142,39.5 / 146
5460,PA,White,F,72,76.1,108.7,138,37.9,38.2,37.9,137,38.2,139,54.1,54.6,37.9 / 137,38.2 / 139
5460,PA,White/Gold,F,72,73.9,105.5,134,37.2,36.7,37.2,134,36.7,134,53.0,52.5,37.2 / 134,36.7 / 134
5460,PA,Gold,F,72,72.2,103.0,131,36.3,35.9,36.3,131,35.9,131,51.7,51.3,36.3 / 131,35.9 / 131
5460,PA,Green,F,72,69.9,98.7,122,35.4,34.5,35.4,124,34.5,120,50.0,48.7,35.4 / 124,34.5 / 120
23637,PA,Blue,M,71,70.1,92.4,120,34.4,35.7,34.4,119,35.7,121,45.5,46.9,34.4 / 119,35.7 / 121
23637,PA,White,M,71,69.2,91.1,118,33.9,35.3,33.9,117,35.3,118,44.8,46.3,33.9 / 117,35.3 / 118
23637,PA,Gold,M,71,66.4,87.1,112,32.7,33.7,32.7,115,33.7,108,43.4,43.7,32.7 / 115,33.7 / 108
23637,PA,Red,F,73,68.6,95.9,116,33.8,34.8,33.8,119,34.8,113,47.8,48.1,33.8 / 119,34.8 / 113
5342,PA,Gold,M,72,71.9,96.1,130,35.7,36.2,35.7,128,36.2,132,47.6,48.5,35.7 / 128,36.2 / 132
5342,PA,Blue,M,72,70.4,93.8,126,35.0,35.4,35.0,124,35.4,128,46.5,47.3,35.0 / 124,35.4 / 128
5342,PA,White,M,72,69.2,92.2,124,34.4,34.8,34.4,123,34.8,125,45.8,46.4,34.4 / 123,34.8 / 125
5342,PA,Red,M,72,66.4,88.2,117,32.9,33.5,32.9,115,33.5,119,43.6,44.6,32.9 / 115,33.5 / 119
5342,PA,Green,M,72,62.1,83.7,116,31.3,30.8,31.3,113,30.8,119,41.8,41.9,31.3 / 113,30.8 / 119
5342,PA,Blue,F,73,75.8,107.0,132,37.6,38.2,37.6,132,38.2,132,53.2,53.8,37.6 / 132,38.2 / 132
5342,PA,White,F,73,74.4,104.8,129,37.0,37.4,37.0,129,37.4,129,52.2,52.6,37.0 / 129,37.4 / 129
5342,PA,Red,F,73,70.7,99.5,122,35.1,35.6,35.1,121,35.6,123,49.4,50.1,35.1 / 121,35.6 / 123
5342,PA,Green,F,73,66.1,92.5,112,33.2,32.9,33.2,112,32.9,112,46.4,46.1,33.2 / 112,32.9 / 112
5343,PA,Silver,M,72,73.6,97.7,130,37.1,36.5,37.1,124,36.5,136,48.6,49.1,37.1 / 124,36.5 / 136
5343,PA,Blue,M,72,71.9,95.2,125,36.3,35.6,36.3,119,35.6,131,47.4,47.8,36.3 / 119,35.6 / 131
5343,PA,White,M,72,69.8,92.3,121,35.4,34.4,35.4,118,34.4,124,46.4,45.9,35.4 / 118,34.4 / 124
5343,PA,Red,M,72,67.8,89.9,119,34.5,33.3,34.5,116,33.3,122,45.3,44.6,34.5 / 116,33.3 / 122
5343,PA,Green,M,72,63.2,83.6,110,31.9,31.3,31.9,108,31.3,112,41.9,41.7,31.9 / 108,31.3 / 112
5343,PA,Blue,F,75,77.6,109.4,135,39.1,38.5,39.1,135,38.5,135,55.0,54.4,39.1 / 135,38.5 / 135
5343,PA,White,F,75,75.3,106.2,131,38.1,37.2,38.1,131,37.2,131,53.5,52.7,38.1 / 131,37.2 / 131
5343,PA,Red,F,75,73.2,103.0,126,37.1,36.1,37.1,126,36.1,126,52.0,51.0,37.1 / 126,36.1 / 126
5343,PA,Green,F,74,67.3,94.2,114,34.1,33.2,34.1,114,33.2,114,47.5,46.7,34.1 / 114,33.2 / 114
5430,PA,Gold,M,72,74.5,101.5,145,37.6,36.9,37.6,146,36.9,144,51.2,50.3,37.6 / 146,36.9 / 144
5430,PA,Gold/Blue,M,72,73.4,100.2,144,37.0,36.4,37.0,145,36.4,143,50.5,49.7,37.0 / 145,36.4 / 143
5430,PA,Blue,M,72,72.0,98.2,141,36.2,35.8,36.2,142,35.8,140,49.4,48.8,36.2 / 142,35.8 / 140
5430,PA,Blue/White,M,72,70.7,96.3,138,35.5,35.2,35.5,140,35.2,136,48.5,47.8,35.5 / 140,35.2 / 136
5430,PA,White,M,72,69.9,94.8,134,35.2,34.7,35.2,138,34.7,130,48.0,46.8,35.2 / 138,34.7 / 130
5430,PA,White/Silver,M,72,68.2,91.8,127,34.1,34.1,34.1,127,34.1,127,45.9,45.9,34.1 / 127,34.1 / 127
5430,PA,Silver,M,72,66.2,88.4,119,33.4,32.8,33.4,122,32.8,117,44.7,43.7,33.4 / 122,32.8 / 117
5430,PA,Bronze,M,72,64.7,86.5,117,32.3,32.4,32.3,117,32.4,117,43.2,43.3,32.3 / 117,32.4 / 117
5430,PA,Blue,F,72,79.0,112.1,141,39.6,39.4,39.6,142,39.4,139,56.3,55.8,39.6 / 142,39.4 / 139
5430,PA,Blue/White,F,72,77.2,109.3,136,38.8,38.4,38.8,137,38.4,135,55.0,54.3,38.8 / 137,38.4 / 135
5430,PA,White,F,72,75.9,107.5,134,38.3,37.6,38.3,136,37.6,132,54.3,53.2,38.3 / 136,37.6 / 132
5430,PA,White/Silver,F,72,72.6,103.0,129,36.4,36.2,36.4,128,36.2,130,51.5,51.5,36.4 / 128,36.2 / 130
5430,PA,Silver,F,72,70.0,98.4,120,35.5,34.5,35.5,118,34.5,123,49.4,49.0,35.5 / 118,34.5 / 123
5430,PA,Bronze,F,72,68.1,95.9,119,34.3,33.8,34.3,118,33.8,120,48.2,47.9,34.3 / 118,33.8 / 120
5431,PA,Gold,M,72,73.8,100.5,144,36.9,36.9,36.9,144,36.9,143,50.3,50.2,36.9 / 144,36.9 / 143
5431,PA,Gold/Blue,M,72,72.8,99.1,142,36.4,36.4,36.4,143,36.4,140,49.7,49.4,36.4 / 143,36.4 / 140
5431,PA,Blue,M,72,71.7,97.2,138,35.8,35.9,35.8,140,35.9,135,48.8,48.4,35.8 / 140,35.9 / 135
5431,PA,Blue/White,M,72,70.3,95.0,133,35.2,35.1,35.2,136,35.1,130,47.8,47.2,35.2 / 136,35.1 / 130
5431,PA,White,M,72,69.4,93.2,128,34.7,34.7,34.7,130,34.7,126,46.8,46.4,34.7 / 130,34.7 / 126
5431,PA,White/Silver,M,72,68.1,90.9,123,34.1,34.0,34.1,127,34.0,118,45.9,45.0,34.1 / 127,34.0 / 118
5431,PA,Silver,M,72,66.3,87.9,116,32.8,33.5,32.8,117,33.5,115,43.7,44.2,32.8 / 117,33.5 / 115
5431,PA,Bronze,M,72,64.2,85.2,112,32.4,31.8,32.4,117,31.8,109,43.3,41.9,32.4 / 117,31.8 / 109
5431,PA,Blue,F,72,78.2,111.6,142,39.4,38.8,39.4,139,38.8,144,55.8,55.8,39.4 / 139,38.8 / 144
5431,PA,Blue/White,F,72,76.2,108.5,137,38.4,37.8,38.4,135,37.8,139,54.3,54.2,38.4 / 135,37.8 / 139
5431,PA,White,F,72,74.8,106.6,135,37.6,37.2,37.6,132,37.2,137,53.2,53.4,37.6 / 132,37.2 / 137
5431,PA,White/Silver,F,72,72.5,103.3,131,36.2,36.3,36.2,130,36.3,131,51.5,51.8,36.2 / 130,36.3 / 131
5431,PA,Silver,F,72,69.5,98.0,121,34.5,35.0,34.5,123,35.0,119,49.0,49.0,34.5 / 123,35.0 / 119
5431,PA,Bronze,F,72,66.8,94.3,117,33.8,33.0,33.8,120,33.0,114,47.9,46.4,33.8 / 120,33.0 / 114
5432,PA,Gold,M,72,74.5,101.4,145,36.9,37.6,36.9,143,37.6,146,50.2,51.2,36.9 / 143,37.6 / 146
5432,PA,Gold/Blue,M,72,73.4,99.9,143,36.4,37.0,36.4,140,37.0,145,49.4,50.5,36.4 / 140,37.0 / 145
5432,PA,Blue,M,72,72.1,97.8,139,35.9,36.2,35.9,135,36.2,142,48.4,49.4,35.9 / 135,36.2 / 142
5432,PA,Blue/White,M,72,70.6,95.7,135,35.1,35.5,35.1,130,35.5,140,47.2,48.5,35.1 / 130,35.5 / 140
5432,PA,White,M,72,69.9,94.4,132,34.7,35.2,34.7,126,35.2,138,46.4,48.0,34.7 / 126,35.2 / 138
5432,PA,White/Silver,M,72,68.1,90.9,123,34.0,34.1,34.0,118,34.1,127,45.0,45.9,34.0 / 118,34.1 / 127
5432,PA,Silver,M,72,66.9,88.9,117,33.5,33.4,33.5,115,33.4,122,44.2,44.7,33.5 / 115,33.4 / 122
5432,PA,Bronze,M,72,64.1,85.1,113,31.8,32.3,31.8,109,32.3,117,41.9,43.2,31.8 / 109,32.3 / 117
5432,PA,Blue,F,72,78.4,112.1,143,38.8,39.6,38.8,144,39.6,142,55.8,56.3,38.8 / 144,39.6 / 142
5432,PA,Blue/White,F,72,76.6,109.2,138,37.8,38.8,37.8,139,38.8,137,54.2,55.0,37.8 / 139,38.8 / 137
5432,PA,White,F,72,75.5,107.7,137,37.2,38.3,37.2,137,38.3,136,53.4,54.3,37.2 / 137,38.3 / 136
5432,PA,White/Silver,F,72,72.7,103.3,130,36.3,36.4,36.3,131,36.4,128,51.8,51.5,36.3 / 131,36.4 / 128
5432,PA,Silver,F,72,70.5,98.4,119,35.0,35.5,35.0,119,35.5,118,49.0,49.4,35.0 / 119,35.5 / 118
5432,PA,Bronze,F,72,67.3,94.6,116,33.0,34.3,33.0,114,34.3,118,46.4,48.2,33.0 / 114,34.3 / 118
3265,PA,Gold,M,72,72.4,96.3,129,36.5,35.9,36.5,127,35.9,130,48.3,48.0,36.5 / 127,35.9 / 130
3265,PA,Blue,M,72,70.6,93.8,125,35.6,35.0,35.6,126,35.0,124,47.3,46.5,35.6 / 126,35.0 / 124
3265,PA,White,M,72,67.7,89.8,119,34.1,33.6,34.1,117,33.6,121,45.0,44.8,34.1 / 117,33.6 / 121
3265,PA,Red,M,72,64.7,85.5,112,32.4,32.3,32.4,109,32.3,115,42.5,43.0,32.4 / 109,32.3 / 115
3265,PA,White,F,72,73.5,103.7,128,37.1,36.4,37.1,130,36.4,126,52.4,51.3,37.1 / 130,36.4 / 126
3265,PA,Red,F,72,69.1,96.8,118,34.6,34.5,34.6,117,34.5,118,48.4,48.4,34.6 / 117,34.5 / 118
35240,PA,Championship,M,54,50.4,62.2,63,25.2,25.2,25.2,63,25.2,63,31.1,31.1,25.2 / 63,25.2 / 63
35240,PA,Regular,M,54,49.8,61.5,63,24.9,24.9,24.9,62,24.9,63,30.7,30.8,24.9 / 62,24.9 / 63
35240,PA,Championship,F,54,52.6,69.0,70,26.3,26.3,26.3,70,26.3,70,34.5,34.5,26.3 / 70,26.3 / 70
35240,PA,Regular,F,54,52.2,68.4,69,26.1,26.1,26.1,69,26.1,69,34.2,34.2,26.1 / 69,26.1 / 69
13562,PA,White,M,36,34.9,45.8,117,34.9,,34.9,117,,,45.8,,34.9 / 117,/
13562,PA,Gold,M,36,33.6,44.3,115,33.6,,33.6,115,,,44.3,,33.6 / 115,/
13562,PA,Red,M,36,33.0,43.4,112,33.0,,33.0,112,,,43.4,,33.0 / 112,/
13562,PA,Junior,M,36,30.7,40.2,102,30.7,,30.7,102,,,40.2,,30.7 / 102,/
13562,PA,White,F,36,37.7,52.7,127,37.7,,37.7,127,,,52.7,,37.7 / 127,/
13562,PA,Gold,F,36,36.2,50.5,121,36.2,,36.2,121,,,50.5,,36.2 / 121,/
13562,PA,Red,F,36,35.6,49.6,119,35.6,,35.6,119,,,49.6,,35.6 / 119,/
13562,PA,Junior,F,36,32.3,44.6,104,32.3,,32.3,104,,,44.6,,32.3 / 104,/
13802,PA,Blue,M,71,70.8,94.5,128,34.9,35.9,34.9,131,35.9,124,47.1,47.4,34.9 / 131,35.9 / 124
13802,PA,White,M,71,69.2,92.2,124,34.1,35.1,34.1,128,35.1,119,46.0,46.2,34.1 / 128,35.1 / 119
13802,PA,Gold,M,71,66.0,88.0,119,32.4,33.6,32.4,123,33.6,114,43.8,44.2,32.4 / 123,33.6 / 114
13802,PA,Red,M,71,63.6,83.8,109,31.4,32.2,31.4,110,32.2,108,41.6,42.2,31.4 / 110,32.2 / 108
13802,PA,Orange,M,71,60.0,78.6,100,29.2,30.8,29.2,99,30.8,101,38.4,40.2,29.2 / 99,30.8 / 101
13802,PA,Gold,F,71,70.5,99.4,123,34.7,35.8,34.7,121,35.8,124,49.0,50.4,34.7 / 121,35.8 / 124
13802,PA,Red,F,71,67.9,95.5,117,33.9,34.0,33.9,117,34.0,117,47.7,47.8,33.9 / 117,34.0 / 117
13802,PA,Orange,F,71,61.9,86.6,105,30.0,31.9,30.0,103,31.9,107,42.1,44.5,30.0 / 103,31.9 / 107
33770,PA,Main,M,27,25.7,33.2,81,25.7,,25.7,81,,,33.2,,25.7 / 81,/
33770,PA,Main,F,27,27.0,36.7,82,27.0,,27.0,82,,,36.7,,27.0 / 82,/
33773,PA,Main,M,27,25.9,33.5,82,25.9,,25.9,82,,,33.5,,25.9 / 82,/
33773,PA,Main,F,27,27.1,36.9,83,27.1,,27.1,83,,,36.9,,27.1 / 83,/
3114,PA,Black,M,70,72.4,98.6,141,36.3,36.1,36.3,143,36.1,139,49.6,49.0,36.3 / 143,36.1 / 139
3114,PA,Black/Blue,M,70,71.3,97.1,139,35.6,35.7,35.6,140,35.7,138,48.6,48.5,35.6 / 140,35.7 / 138
3114,PA,Blue,M,70,70.7,96.3,138,35.3,35.4,35.3,139,35.4,137,48.2,48.1,35.3 / 139,35.4 / 137
3114,PA,Blue/White,M,70,69.5,94.6,136,34.6,34.9,34.6,136,34.9,135,47.2,47.4,34.6 / 136,34.9 / 135
3114,PA,White,M,70,68.1,92.7,132,33.7,34.4,33.7,132,34.4,132,46.0,46.7,33.7 / 132,34.4 / 132
3114,PA,White/Green,M,70,65.8,89.5,128,32.4,33.4,32.4,127,33.4,128,44.2,45.3,32.4 / 127,33.4 / 128
3114,PA,Green,M,70,64.4,87.6,125,31.8,32.6,31.8,124,32.6,126,43.3,44.3,31.8 / 124,32.6 / 126
3114,PA,White,F,70,74.1,107.3,141,36.7,37.4,36.7,142,37.4,139,53.5,53.8,36.7 / 142,37.4 / 139
3114,PA,White/Green,F,70,70.8,102.1,133,34.8,36.0,34.8,132,36.0,133,50.4,51.7,34.8 / 132,36.0 / 133
3114,PA,Green,F,70,69.5,100.2,131,34.3,35.2,34.3,131,35.2,130,49.7,50.5,34.3 / 131,35.2 / 130
3087,PA,Black,M,72,75.8,102.2,142,37.2,38.6,37.2,138,38.6,146,50.0,52.2,37.2 / 138,38.6 / 146
3087,PA,Blue,M,72,74.0,99.9,140,36.4,37.6,36.4,136,37.6,143,49.0,50.9,36.4 / 136,37.6 / 143
3087,PA,Blue/White,M,72,73.3,98.8,137,36.1,37.2,36.1,133,37.2,141,48.5,50.3,36.1 / 133,37.2 / 141
3087,PA,White,M,72,72.3,97.5,136,35.7,36.6,35.7,132,36.6,139,48.0,49.5,35.7 / 132,36.6 / 139
3087,PA,White/Green,M,72,71.5,96.2,133,35.2,36.3,35.2,129,36.3,137,47.2,49.0,35.2 / 129,36.3 / 137
3087,PA,Green,M,72,70.4,94.7,131,34.7,35.7,34.7,127,35.7,135,46.5,48.2,34.7 / 127,35.7 / 135
3087,PA,Green/Silver,M,72,68.7,92.4,128,34.1,34.6,34.1,125,34.6,130,45.7,46.7,34.1 / 125,34.6 / 130
3087,PA,Silver,M,72,67.1,90.2,125,33.4,33.7,33.4,122,33.7,127,44.7,45.5,33.4 / 122,33.7 / 127
3087,PA,Gold,M,72,66.1,88.8,122,32.7,33.4,32.7,119,33.4,125,43.8,45.0,32.7 / 119,33.4 / 125
3087,PA,Green,F,72,76.6,109.0,138,37.5,39.1,37.5,134,39.1,141,53.3,55.7,37.5 / 134,39.1 / 141
3087,PA,Green/Silver,F,72,74.6,106.0,134,36.8,37.8,36.8,131,37.8,136,52.2,53.8,36.8 / 131,37.8 / 136
3087,PA,Silver,F,72,72.6,103.1,129,35.9,36.7,35.9,127,36.7,131,50.9,52.2,35.9 / 127,36.7 / 131
3087,PA,Gold,F,72,71.3,101.1,127,35.1,36.2,35.1,124,36.2,129,49.7,51.4,35.1 / 124,36.2 / 129
5424,PA,Blue,M,71,70.1,94.8,133,35.0,35.1,35.0,131,35.1,135,47.2,47.6,35.0 / 131,35.1 / 135
5424,PA,White,M,71,69.4,93.3,129,34.6,34.8,34.6,126,34.8,131,46.3,47.0,34.6 / 126,34.8 / 131
5424,PA,Gold,M,71,67.5,90.7,125,33.7,33.8,33.7,125,33.8,125,45.3,45.4,33.7 / 125,33.8 / 125
5424,PA,Red,M,71,66.7,89.6,124,33.2,33.5,33.2,122,33.5,125,44.5,45.1,33.2 / 122,33.5 / 125
5424,PA,Blue,F,71,75.4,107.2,135,37.7,37.7,37.7,133,37.7,137,53.4,53.8,37.7 / 133,37.7 / 137
5424,PA,White,F,71,74.3,105.6,133,37.2,37.1,37.2,131,37.1,134,52.7,52.9,37.2 / 131,37.1 / 134
5424,PA,Gold,F,71,72.1,102.1,127,36.3,35.8,36.3,127,35.8,127,51.3,50.8,36.3 / 127,35.8 / 127
5424,PA,Red,F,71,69.1,98.0,123,33.5,35.6,33.5,118,35.6,127,47.4,50.6,33.5 / 118,35.6 / 127
5367,PA,Green,M,72,74.0,99.4,137,37.0,37.0,37.0,137,37.0,137,49.7,49.7,37.0 / 137,37.0 / 137
5367,PA,Blue,M,72,72.2,97.2,135,36.1,36.1,36.1,135,36.1,135,48.6,48.6,36.1 / 135,36.1 / 135
5367,PA,Blue/Gray,M,72,71.4,96.2,134,35.7,35.7,35.7,134,35.7,134,48.1,48.1,35.7 / 134,35.7 / 134
5367,PA,Gray,M,72,71.0,95.6,132,35.5,35.5,35.5,132,35.5,132,47.8,47.8,35.5 / 132,35.5 / 132
5367,PA,Gray/Stone,M,72,70.0,94.2,130,35.0,35.0,35.0,130,35.0,130,47.1,47.1,35.0 / 130,35.0 / 130
5367,PA,Stone,M,72,69.2,93.0,128,34.6,34.6,34.6,128,34.6,128,46.5,46.5,34.6 / 128,34.6 / 128
5367,PA,Red,M,72,66.4,89.4,124,33.2,33.2,33.2,124,33.2,124,44.7,44.7,33.2 / 124,33.2 / 124
5367,PA,Blue,F,72,78.2,112.0,143,39.1,39.1,39.1,143,39.1,143,56.0,56.0,39.1 / 143,39.1 / 143
5367,PA,Blue/Gray,F,72,77.2,110.4,141,38.6,38.6,38.6,141,38.6,141,55.2,55.2,38.6 / 141,38.6 / 141
5367,PA,Gray,F,72,76.8,109.6,139,38.4,38.4,38.4,139,38.4,139,54.8,54.8,38.4 / 139,38.4 / 139
5367,PA,Gray/Stone,F,72,75.0,107.2,137,37.5,37.5,37.5,137,37.5,137,53.6,53.6,37.5 / 137,37.5 / 137
5367,PA,Stone,F,72,73.8,105.6,135,36.9,36.9,36.9,135,36.9,135,52.8,52.8,36.9 / 135,36.9 / 135
5367,PA,Red,F,72,71.4,101.0,126,35.7,35.7,35.7,126,35.7,126,50.5,50.5,35.7 / 126,35.7 / 126
5367,PA,Pink,F,72,66.7,93.9,116,33.2,33.5,33.2,115,33.5,115,46.8,47.1,33.2 / 115,33.5 / 115
5365,PA,Green,M,72,74.0,99.2,137,37.0,37.0,37.0,137,37.0,137,49.6,49.6,37.0 / 137,37.0 / 137
5365,PA,Blue,M,72,72.2,97.2,135,36.1,36.1,36.1,135,36.1,135,48.6,48.6,36.1 / 135,36.1 / 135
5365,PA,Blue/Gray,M,72,71.4,96.2,134,35.7,35.7,35.7,134,35.7,134,48.1,48.1,35.7 / 134,35.7 / 134
5365,PA,Gray,M,72,71.0,95.6,132,35.5,35.5,35.5,132,35.5,132,47.8,47.8,35.5 / 132,35.5 / 132
5365,PA,Gray/Stone,M,72,70.0,94.2,130,35.0,35.0,35.0,130,35.0,130,47.1,47.1,35.0 / 130,35.0 / 130
5365,PA,Stone,M,72,69.2,93.0,128,34.6,34.6,34.6,128,34.6,128,46.5,46.5,34.6 / 128,34.6 / 128
5365,PA,Red,M,72,66.4,89.4,124,33.2,33.2,33.2,124,33.2,124,44.7,44.7,33.2 / 124,33.2 / 124
5365,PA,Blue,F,72,78.2,112.0,143,39.1,39.1,39.1,143,39.1,143,56.0,56.0,39.1 / 143,39.1 / 143
5365,PA,Blue/Gray,F,72,77.2,110.4,141,38.6,38.6,38.6,141,38.6,141,55.2,55.2,38.6 / 141,38.6 / 141
5365,PA,Gray,F,72,76.8,109.6,139,38.4,38.4,38.4,139,38.4,139,54.8,54.8,38.4 / 139,38.4 / 139
5365,PA,Gray/Stone,F,72,75.0,107.2,137,37.5,37.5,37.5,137,37.5,137,53.6,53.6,37.5 / 137,37.5 / 137
5365,PA,Stone,F,72,73.8,105.6,135,36.9,36.9,36.9,135,36.9,135,52.8,52.8,36.9 / 135,36.9 / 135
5365,PA,Red,F,72,71.4,101.0,126,35.7,35.7,35.7,126,35.7,126,50.5,50.5,35.7 / 126,35.7 / 126
5365,PA,Pink,F,72,66.0,93.2,115,33.5,32.5,33.5,115,32.5,115,47.1,46.1,33.5 / 115,32.5 / 115
5366,PA,Green,M,72,74.0,99.4,137,37.0,37.0,37.0,137,37.0,137,49.7,49.7,37.0 / 137,37.0 / 137
5366,PA,Blue,M,72,72.2,97.2,135,36.1,36.1,36.1,135,36.1,135,48.6,48.6,36.1 / 135,36.1 / 135
5366,PA,Blue/Gray,M,72,71.4,96.2,134,35.7,35.7,35.7,134,35.7,134,48.1,48.1,35.7 / 134,35.7 / 134
5366,PA,Gray,M,72,71.0,95.6,132,35.5,35.5,35.5,132,35.5,132,47.8,47.8,35.5 / 132,35.5 / 132
5366,PA,Gray/Stone,M,72,70.0,94.2,130,35.0,35.0,35.0,130,35.0,130,47.1,47.1,35.0 / 130,35.0 / 130
5366,PA,Stone,M,72,69.2,93.0,128,34.6,34.6,34.6,128,34.6,128,46.5,46.5,34.6 / 128,34.6 / 128
5366,PA,Red,M,72,66.4,89.4,124,33.2,33.2,33.2,124,33.2,124,44.7,44.7,33.2 / 124,33.2 / 124
5366,PA,Blue,F,72,78.2,112.1,143,39.1,39.1,39.1,143,39.1,143,56.0,56.0,39.1 / 143,39.1 / 143
5366,PA,Blue/Gray,F,72,77.2,110.4,141,38.6,38.6,38.6,141,38.6,141,55.2,55.2,38.6 / 141,38.6 / 141
5366,PA,Gray,F,72,76.8,109.6,139,38.4,38.4,38.4,139,38.4,139,54.8,54.8,38.4 / 139,38.4 / 139
5366,PA,Gray/Stone,F,72,75.0,107.4,137,37.5,37.5,37.5,137,37.5,137,53.7,53.7,37.5 / 137,37.5 / 137
5366,PA,Stone,F,72,73.8,105.6,135,36.9,36.9,36.9,135,36.9,135,52.8,52.8,36.9 / 135,36.9 / 135
5366,PA,Red,F,72,71.4,101.0,126,35.7,35.7,35.7,126,35.7,126,50.5,50.5,35.7 / 126,35.7 / 126
5366,PA,Pink,F,72,65.7,92.9,118,32.5,33.2,32.5,115,33.2,115,46.1,46.8,32.5 / 115,33.2 / 115
23736,PA,Green,M,71,70.6,94.7,130,34.7,35.9,34.7,130,35.9,129,46.8,47.9,34.7 / 130,35.9 / 129
23736,PA,Brown,M,71,67.8,91.0,125,33.8,34.0,33.8,124,34.0,126,45.3,45.7,33.8 / 124,34.0 / 126
23736,PA,Beige,M,71,64.8,87.2,121,31.9,32.9,31.9,119,32.9,122,43.0,44.2,31.9 / 119,32.9 / 122
23736,PA,Green,F,71,74.7,104.2,125,36.7,38.0,36.7,124,38.0,126,51.3,52.9,36.7 / 124,38.0 / 126
23736,PA,Brown,F,71,71.9,100.0,120,35.8,36.1,35.8,120,36.1,119,49.9,50.1,35.8 / 120,36.1 / 119
23736,PA,Beige,F,71,69.1,97.0,119,34.0,35.1,34.0,119,35.1,118,48.0,49.0,34.0 / 119,35.1 / 118
13556,PA,Blue,M,71,68.7,91.4,122,33.1,35.6,33.1,116,35.6,128,43.9,47.5,33.1 / 116,35.6 / 128
13556,PA,White,M,71,67.4,89.2,118,32.7,34.7,32.7,113,34.7,122,43.2,46.0,32.7 / 113,34.7 / 122
13556,PA,Gold,M,71,63.6,83.3,106,31.2,32.4,31.2,103,32.4,109,40.8,42.5,31.2 / 103,32.4 / 109
13556,PA,Gold,F,71,68.2,96.0,118,33.3,34.9,33.3,114,34.9,122,46.7,49.3,33.3 / 114,34.9 / 122
13556,PA,Red,F,71,66.9,94.1,116,32.6,34.3,32.6,111,34.3,120,45.7,48.4,32.6 / 111,34.3 / 120
5461,PA,White/Blue,M,72,69.7,92.1,121,34.7,35.0,34.7,121,35.0,121,45.9,46.2,34.7 / 121,35.0 / 121
5461,PA,Gold,M,70,64.1,84.3,109,31.9,32.2,31.9,108,32.2,110,41.9,42.4,31.9 / 108,32.2 / 110
5461,PA,Red,F,70,67.9,94.6,113,33.5,34.4,33.5,112,34.4,114,46.7,47.9,33.5 / 112,34.4 / 114
23795,PA,Black,M,71,69.8,91.6,117,34.9,34.9,34.9,116,34.9,118,45.7,45.9,34.9 / 116,34.9 / 118
23795,PA,Blue,M,71,68.6,90.0,115,34.3,34.3,34.3,115,34.3,115,45.0,45.0,34.3 / 115,34.3 / 115
23795,PA,White,M,71,66.3,86.7,110,33.2,33.1,33.2,110,33.1,110,43.4,43.3,33.2 / 110,33.1 / 110
23795,PA,Green,M,71,64.1,82.7,100,32.4,31.7,32.4,105,31.7,95,42.2,40.5,32.4 / 105,31.7 / 95
23795,PA,Red,M,71,62.5,80.3,95,31.5,31.0,31.5,100,31.0,90,40.8,39.5,31.5 / 100,31.0 / 90
23795,PA,Red/Forward,M,71,60.8,78.2,94,30.6,30.2,30.6,98,30.2,90,39.6,38.6,30.6 / 98,30.2 / 90
23795,PA,Black,F,71,74.7,103.5,122,37.4,37.3,37.4,122,37.3,122,51.8,51.7,37.4 / 122,37.3 / 122
23795,PA,Blue,F,71,73.2,101.2,119,36.7,36.5,36.7,119,36.5,119,50.7,50.5,36.7 / 119,36.5 / 119
23795,PA,White,F,71,70.4,97.0,113,35.4,35.0,35.4,113,35.0,113,48.7,48.3,35.4 / 113,35.0 / 113
23795,PA,Green,F,71,68.6,95.0,112,34.9,33.7,34.9,112,33.7,112,48.1,46.9,34.9 / 112,33.7 / 112
23795,PA,Red,F,71,66.5,91.8,108,33.8,32.7,33.8,109,32.7,107,46.6,45.3,33.8 / 109,32.7 / 107
23795,PA,Red/Forward,F,71,64.2,87.5,103,32.5,31.7,32.5,103,31.7,103,44.6,43.9,32.5 / 103,31.7 / 103
13542,PA,Blue,M,71,70.1,92.2,119,35.5,34.6,35.5,122,34.6,116,46.8,45.4,35.5 / 122,34.6 / 116
13542,PA,White,M,71,68.3,90.2,118,34.7,33.6,34.7,121,33.6,115,45.9,44.3,34.7 / 121,33.6 / 115
13542,PA,Gold,M,71,65.4,86.2,112,33.0,32.4,33.0,114,32.4,110,43.6,42.6,33.0 / 114,32.4 / 110
13542,PA,Red,M,71,64.0,84.4,110,32.2,31.8,32.2,111,31.8,109,42.5,41.9,32.2 / 111,31.8 / 109
13542,PA,Blue,F,71,75.4,105.9,129,38.2,37.2,38.2,131,37.2,127,53.7,52.2,38.2 / 131,37.2 / 127
13542,PA,White,F,71,73.3,102.8,125,37.3,36.0,37.3,127,36.0,123,52.3,50.5,37.3 / 127,36.0 / 123
13542,PA,Gold,F,71,69.7,97.7,119,35.1,34.6,35.1,120,34.6,118,49.2,48.5,35.1 / 120,34.6 / 118
13542,PA,Red,F,71,68.2,95.8,117,34.2,34.0,34.2,118,34.0,116,48.1,47.7,34.2 / 118,34.0 / 116
23735,PA,Blue,M,62,61.2,81.0,107,30.8,30.4,30.8,107,30.4,107,40.7,40.3,30.8 / 107,30.4 / 107
23735,PA,White,M,62,60.7,80.3,105,30.5,30.2,30.5,105,30.2,105,40.3,40.0,30.5 / 105,30.2 / 105
23735,PA,Red,M,62,60.0,79.4,104,30.1,29.9,30.1,104,29.9,104,39.8,39.6,30.1 / 104,29.9 / 104
23735,PA,Blue,F,62,64.7,89.6,106,32.7,32.0,32.7,104,32.0,107,45.0,44.6,32.7 / 104,32.0 / 107
23735,PA,White,F,62,63.9,88.3,104,32.3,31.6,32.3,102,31.6,105,44.3,44.0,32.3 / 102,31.6 / 105
23735,PA,Red,F,62,62.4,86.2,101,31.4,31.0,31.4,99,31.0,103,43.1,43.1,31.4 / 99,31.0 / 103
5414,PA,White,M,72,69.5,91.8,120,34.7,34.8,34.7,124,34.8,116,46.2,45.6,34.7 / 124,34.8 / 116
5414,PA,White/Gold,M,72,68.3,89.5,114,34.2,34.1,34.2,117,34.1,111,45.1,44.4,34.2 / 117,34.1 / 111
5414,PA,Gold,M,72,65.9,86.9,113,33.0,32.9,33.0,115,32.9,111,43.7,43.2,33.0 / 115,32.9 / 111
5414,PA,Gold/Red,M,72,64.5,85.5,113,32.3,32.2,32.3,118,32.2,108,43.3,42.2,32.3 / 118,32.2 / 108
5414,PA,Red,M,72,62.4,82.8,110,31.1,31.3,31.1,113,31.3,107,41.6,41.2,31.1 / 113,31.3 / 107
5414,PA,White,F,72,75.0,105.2,128,37.7,37.3,37.7,130,37.3,126,53.0,52.2,37.7 / 130,37.3 / 126
5414,PA,Brass,F,72,74.6,104.7,128,37.5,37.1,37.5,130,37.1,126,52.8,51.9,37.5 / 130,37.1 / 126
5414,PA,White/Gold,F,72,72.7,102.0,124,36.6,36.1,36.6,128,36.1,120,51.7,50.3,36.6 / 128,36.1 / 120
5414,PA,Gold,F,72,70.9,99.2,120,35.8,35.1,35.8,123,35.1,117,50.3,48.9,35.8 / 123,35.1 / 117
5414,PA,Gold/Red,F,72,69.1,96.7,117,34.9,34.2,34.9,121,34.2,113,49.2,47.5,34.9 / 121,34.2 / 113
5414,PA,Red,F,72,66.7,93.1,112,33.6,33.1,33.6,115,33.1,109,47.2,45.9,33.6 / 115,33.1 / 109
5369,PA,White/Blue,M,71,69.6,92.6,124,34.7,34.9,34.7,125,34.9,123,46.3,46.3,34.7 / 125,34.9 / 123
5369,PA,Green,M,71,67.7,89.3,116,34.0,33.7,34.0,116,33.7,116,44.8,44.5,34.0 / 116,33.7 / 116
5369,PA,Red/Yellow,M,71,64.7,84.9,109,31.8,32.9,31.8,109,32.9,109,41.9,43.0,31.8 / 109,32.9 / 109
5369,PA,White/Blue,F,73,75.5,107.1,134,37.6,37.9,37.6,132,37.9,136,53.2,53.9,37.6 / 132,37.9 / 136
5369,PA,Green,F,73,72.9,103.1,128,36.6,36.3,36.6,127,36.3,129,51.6,51.5,36.6 / 127,36.3 / 129
5369,PA,Red/Yellow,F,73,69.5,98.7,124,34.1,35.4,34.1,122,35.4,126,48.5,50.2,34.1 / 122,35.4 / 126
3237,PA,Mount,M,72,72.9,97.1,130,36.7,36.2,36.7,130,36.2,130,48.8,48.3,36.7 / 130,36.2 / 130
3237,PA,Blue,M,72,72.0,96.2,130,36.0,36.0,36.0,127,36.0,133,47.8,48.4,36.0 / 127,36.0 / 133
3237,PA,White,M,72,70.9,94.6,128,35.4,35.5,35.4,125,35.5,130,47.0,47.6,35.4 / 125,35.5 / 130
3237,PA,White/Gold,M,72,69.3,93.0,128,34.5,34.8,34.5,125,34.8,130,46.1,46.9,34.5 / 125,34.8 / 130
3237,PA,Gold,M,72,67.5,90.1,122,33.7,33.8,33.7,119,33.8,124,44.8,45.3,33.7 / 119,33.8 / 124
3237,PA,Green,M,72,66.0,88.1,119,32.8,33.2,32.8,115,33.2,123,43.5,44.6,32.8 / 115,33.2 / 123
3237,PA,Green/Red,M,72,63.5,84.6,114,31.9,31.6,31.9,112,31.6,115,42.3,42.3,31.9 / 112,31.6 / 115
3237,PA,Red,M,72,61.8,82.2,110,30.9,30.9,30.9,108,30.9,112,40.9,41.3,30.9 / 108,30.9 / 112
3237,PA,Gold,F,72,72.7,101.6,123,36.5,36.2,36.5,124,36.2,121,51.1,50.5,36.5 / 124,36.2 / 121
3237,PA,Green,F,72,71.0,99.0,119,35.4,35.6,35.4,120,35.6,118,49.5,49.5,35.4 / 120,35.6 / 118
3237,PA,Green/Red,F,72,67.8,94.2,112,34.4,33.4,34.4,115,33.4,109,48.0,46.2,34.4 / 115,33.4 / 109
3237,PA,Red,F,72,65.1,90.1,106,32.8,32.3,32.8,109,32.3,103,45.6,44.5,32.8 / 109,32.3 / 103
3137,PA,Gold,M,71,74.4,99.8,137,37.0,37.4,37.0,136,37.4,138,49.6,50.2,37.0 / 136,37.4 / 138
3137,PA,Black,M,71,72.4,97.0,132,36.0,36.4,36.0,131,36.4,133,48.2,48.8,36.0 / 131,36.4 / 133
3137,PA,Blue,M,71,71.1,95.0,129,35.7,35.4,35.7,128,35.4,129,47.6,47.4,35.7 / 128,35.4 / 129
3137,PA,Blue/White,M,71,70.2,93.8,127,35.3,34.9,35.3,126,34.9,128,47.0,46.8,35.3 / 126,34.9 / 128
3137,PA,White,M,71,69.4,92.6,125,34.6,34.8,34.6,123,34.8,127,46.0,46.6,34.6 / 123,34.8 / 127
3137,PA,White/Green,M,71,67.8,90.5,123,33.8,34.0,33.8,121,34.0,124,45.0,45.5,33.8 / 121,34.0 / 124
3137,PA,Green,M,71,66.6,89.0,121,33.2,33.4,33.2,119,33.4,122,44.3,44.7,33.2 / 119,33.4 / 122
3137,PA,Silver,M,71,63.0,84.1,114,31.6,31.4,31.6,113,31.4,114,42.1,42.0,31.6 / 113,31.4 / 114
3137,PA,Junior Gold,M,73,59.1,76.2,92,29.5,29.6,29.5,89,29.6,95,37.8,38.4,29.5 / 89,29.6 / 95
3137,PA,White,F,73,74.6,106.1,134,37.0,37.6,37.0,131,37.6,137,52.4,53.7,37.0 / 131,37.6 / 137
3137,PA,White/Green,F,73,73.2,104.3,132,36.3,36.9,36.3,129,36.9,135,51.5,52.8,36.3 / 129,36.9 / 135
3137,PA,Green,F,73,72.2,102.5,129,35.9,36.3,35.9,128,36.3,129,51.0,51.5,35.9 / 128,36.3 / 129
3137,PA,Green/Alt,F,73,71.1,100.9,127,35.4,35.7,35.4,126,35.7,127,50.2,50.7,35.4 / 126,35.7 / 127
3137,PA,Silver,F,73,67.5,95.5,119,33.8,33.7,33.8,119,33.7,119,47.8,47.7,33.8 / 119,33.7 / 119
3137,PA,Junior Gold,F,73,61.8,87.3,109,30.9,30.9,30.9,103,30.9,114,43.0,44.3,30.9 / 103,30.9 / 114
24167,PA,Championship,M,71,68.2,91.0,123,33.4,34.8,33.4,121,34.8,125,44.6,46.4,33.4 / 121,34.8 / 125
13506,PA,Blue,M,70,68.5,91.5,124,34.2,34.3,34.2,126,34.3,122,45.9,45.6,34.2 / 126,34.3 / 122
13506,PA,White,M,70,66.5,88.8,120,33.0,33.5,33.0,122,33.5,118,44.3,44.5,33.0 / 122,33.5 / 118
13506,PA,Gold,M,70,63.6,83.9,110,31.7,31.9,31.7,108,31.9,111,41.7,42.2,31.7 / 108,31.9 / 111
13506,PA,Blue,F,70,74.2,105.4,133,37.0,37.2,37.0,137,37.2,128,53.1,52.3,37.0 / 137,37.2 / 128
13506,PA,White,F,70,72.0,101.8,127,35.6,36.4,35.6,131,36.4,122,51.0,50.8,35.6 / 131,36.4 / 122
13506,PA,Gold,F,70,68.3,95.9,117,33.8,34.5,33.8,120,34.5,114,47.9,48.0,33.8 / 120,34.5 / 114
13507,PA,Blue,M,71,67.9,91.8,129,33.7,34.2,33.7,131,34.2,126,45.9,45.9,33.7 / 131,34.2 / 126
13507,PA,White,M,71,65.8,89.0,125,32.8,33.0,32.8,128,33.0,122,44.7,44.3,32.8 / 128,33.0 / 122
13507,PA,Gold,M,71,63.0,82.7,106,31.3,31.7,31.3,104,31.7,108,41.0,41.7,31.3 / 104,31.7 / 108
13507,PA,Blue,F,71,73.3,104.9,134,36.3,37.0,36.3,131,37.0,137,51.8,53.1,36.3 / 131,37.0 / 137
13507,PA,White,F,71,70.9,101.3,129,35.3,35.6,35.3,127,35.6,131,50.3,51.0,35.3 / 127,35.6 / 131
13507,PA,Gold,F,71,67.2,95.0,118,33.4,33.8,33.4,116,33.8,120,47.1,47.9,33.4 / 116,33.8 / 120
13505,PA,Blue,M,71,68.0,91.2,125,33.7,34.3,33.7,128,34.3,122,45.6,45.6,33.7 / 128,34.3 / 122
13505,PA,White,M,71,66.3,88.9,122,32.8,33.5,32.8,125,33.5,118,44.4,44.5,32.8 / 125,33.5 / 118
13505,PA,Gold,M,71,63.1,83.4,110,31.3,31.8,31.3,108,31.8,111,41.3,42.1,31.3 / 108,31.8 / 111
13505,PA,Blue,F,71,73.7,104.0,129,36.3,37.4,36.3,131,37.4,126,51.8,52.2,36.3 / 131,37.4 / 126
13505,PA,White,F,71,71.7,101.1,125,35.3,36.4,35.3,127,36.4,122,50.3,50.8,35.3 / 127,36.4 / 122
13505,PA,Gold,F,71,67.9,95.1,115,33.4,34.5,33.4,116,34.5,114,47.1,48.0,33.4 / 116,34.5 / 114
30041,PA,Blue,M,72,67.6,87.6,108,33.8,33.8,33.8,108,33.8,108,43.8,43.8,33.8 / 108,33.8 / 108
30041,PA,White,M,72,66.0,85.4,104,33.0,33.0,33.0,104,33.0,104,42.7,42.7,33.0 / 104,33.0 / 104
30041,PA,Gold,M,72,64.0,82.8,101,32.0,32.0,32.0,101,32.0,101,41.4,41.4,32.0 / 101,32.0 / 101
30041,PA,Gold,F,72,68.6,94.2,109,34.3,34.3,34.3,109,34.3,109,47.1,47.1,34.3 / 109,34.3 / 109
30041,PA,Red,F,72,64.0,87.2,98,32.0,32.0,32.0,98,32.0,98,43.6,43.6,32.0 / 98,32.0 / 98
3169,PA,Blue/Gold,M,70,67.6,91.1,127,33.6,34.0,33.6,127,34.0,126,45.4,45.7,33.6 / 127,34.0 / 126
3169,PA,Red/White,M,72,65.0,87.5,122,32.5,32.6,32.5,122,32.6,121,43.8,43.8,32.5 / 122,32.6 / 121
3169,PA,Blue/Gold,F,72,73.1,104.5,133,36.5,36.6,36.5,132,36.6,134,52.1,52.4,36.5 / 132,36.6 / 134
3169,PA,Red/White,F,72,70.0,99.6,126,35.1,34.9,35.1,126,34.9,126,49.9,49.8,35.1 / 126,34.9 / 126
3213,PA,Blue,M,72,72.9,98.4,138,36.5,36.4,36.5,139,36.4,136,49.4,49.0,36.5 / 139,36.4 / 136
3213,PA,Blue/White,M,72,71.4,96.5,136,35.8,35.6,35.8,137,35.6,134,48.5,48.0,35.8 / 137,35.6 / 134
3213,PA,White,M,72,70.3,95.1,134,35.2,35.1,35.2,135,35.1,132,47.7,47.4,35.2 / 135,35.1 / 132
3213,PA,White/Gold,M,72,68.7,92.1,126,34.3,34.4,34.3,127,34.4,125,46.1,46.0,34.3 / 127,34.4 / 125
3213,PA,Gold,M,72,67.1,89.0,118,33.8,33.3,33.8,119,33.3,116,44.9,44.1,33.8 / 119,33.3 / 116
3213,PA,Family,M,67,59.5,79.7,109,29.7,29.8,29.7,112,29.8,105,40.1,39.6,29.7 / 112,29.8 / 105
3213,PA,White,F,72,76.4,108.7,137,38.1,38.3,38.1,138,38.3,136,54.4,54.3,38.1 / 138,38.3 / 136
3213,PA,White/Gold,F,72,74.3,105.5,133,36.9,37.4,36.9,134,37.4,131,52.7,52.8,36.9 / 134,37.4 / 131
3213,PA,Gold,F,72,72.0,102.0,128,36.1,35.9,36.1,130,35.9,125,51.4,50.6,36.1 / 130,35.9 / 125
3213,PA,Red,F,72,70.6,99.8,124,35.4,35.2,35.4,126,35.2,121,50.3,49.5,35.4 / 126,35.2 / 121
3213,PA,Family,F,72,60.1,83.6,100,30.0,30.1,30.0,100,30.1,99,41.8,41.8,30.0 / 100,30.1 / 99
20874,PA,Black,M,71,73.1,98.0,134,37.2,35.9,37.2,140,35.9,128,50.2,47.8,37.2 / 140,35.9 / 128
20874,PA,Blue,M,71,72.3,96.8,132,36.8,35.5,36.8,137,35.5,127,49.5,47.3,36.8 / 137,35.5 / 127
20874,PA,White,M,71,70.8,95.1,131,35.8,35.0,35.8,136,35.0,126,48.4,46.7,35.8 / 136,35.0 / 126
20874,PA,White/Gold,M,71,69.1,93.3,130,35.0,34.1,35.0,133,34.1,127,47.4,45.9,35.0 / 133,34.1 / 127
20874,PA,Gold,M,71,68.3,91.7,126,34.5,33.8,34.5,126,33.8,126,46.2,45.5,34.5 / 126,33.8 / 126
20874,PA,Gold/Teal,M,71,65.8,88.0,119,33.3,32.5,33.3,119,32.5,119,44.4,43.6,33.3 / 119,32.5 / 119
20874,PA,Teal,M,71,64.4,85.8,115,32.7,31.7,32.7,115,31.7,115,43.4,42.4,32.7 / 115,31.7 / 115
20874,PA,Black,F,72,79.1,112.3,141,40.4,38.7,40.4,148,38.7,134,57.8,54.5,40.4 / 148,38.7 / 134
20874,PA,Blue,F,72,78.2,111.2,140,39.9,38.3,39.9,145,38.3,135,57.0,54.2,39.9 / 145,38.3 / 135
20874,PA,White,F,72,76.2,108.1,136,38.5,37.7,38.5,142,37.7,129,55.2,52.9,38.5 / 142,37.7 / 129
20874,PA,White/Gold,F,72,74.5,105.0,130,37.8,36.7,37.8,136,36.7,123,53.8,51.2,37.8 / 136,36.7 / 123
20874,PA,Gold,F,72,73.8,104.7,132,37.3,36.5,37.3,137,36.5,126,53.4,51.3,37.3 / 137,36.5 / 126
20874,PA,Gold/Teal,F,72,70.6,100.2,126,35.8,34.8,35.8,129,34.8,122,51.0,49.2,35.8 / 129,34.8 / 122
20874,PA,Teal,F,72,68.5,97.2,122,34.9,33.6,34.9,126,33.6,118,49.7,47.5,34.9 / 126,33.6 / 118
3241,PA,Blue,M,70,69.2,92.4,125,35.8,33.4,35.8,127,33.4,123,47.6,44.8,35.8 / 127,33.4 / 123
3241,PA,White,M,70,67.5,90.1,122,34.8,32.7,34.8,124,32.7,119,46.3,43.8,34.8 / 124,32.7 / 119
3241,PA,Gold,M,70,64.9,86.4,116,33.5,31.4,33.5,117,31.4,114,44.4,42.0,33.5 / 117,31.4 / 114
3241,PA,Red,M,69,63.5,84.5,113,32.6,30.9,32.6,114,30.9,112,43.2,41.3,32.6 / 114,30.9 / 112
3241,PA,Blue,F,70,74.6,106.3,135,38.8,35.8,38.8,139,35.8,130,55.2,51.1,38.8 / 139,35.8 / 130
3241,PA,White,F,70,72.5,103.0,130,37.6,34.9,37.6,134,34.9,125,53.4,49.6,37.6 / 134,34.9 / 125
3241,PA,Gold,F,70,68.9,97.5,121,36.0,32.9,36.0,126,32.9,116,50.9,46.6,36.0 / 126,32.9 / 116
3241,PA,Red,F,69,67.4,95.5,119,35.2,32.2,35.2,124,32.2,114,49.8,45.7,35.2 / 124,32.2 / 114
5440,PA,Blue,M,72,69.9,94.3,132,36.8,33.1,36.8,141,33.1,122,49.9,44.4,36.8 / 141,33.1 / 122
5440,PA,White,M,72,68.3,91.5,125,36.1,32.2,36.1,136,32.2,114,48.7,42.8,36.1 / 136,32.2 / 114
5440,PA,Gold,M,72,65.5,87.2,117,34.3,31.2,34.3,126,31.2,108,46.0,41.2,34.3 / 126,31.2 / 108
5440,PA,Red,M,72,62.8,82.8,108,32.0,30.8,32.0,113,30.8,102,42.5,40.3,32.0 / 113,30.8 / 102
5440,PA,Blue,F,72,75.1,107.2,136,39.9,35.2,39.9,148,35.2,124,57.4,49.8,39.9 / 148,35.2 / 124
5440,PA,White,F,72,73.7,104.9,132,39.2,34.5,39.2,143,34.5,121,56.1,48.8,39.2 / 143,34.5 / 121
5440,PA,Gold,F,72,70.2,99.7,125,37.2,33.0,37.2,134,33.0,116,53.0,46.7,37.2 / 134,33.0 / 116
5440,PA,Red,F,72,68.0,96.6,121,34.9,33.1,34.9,126,33.1,116,49.8,46.8,34.9 / 126,33.1 / 116
14931,PA,White,M,72,69.7,93.1,126,35.4,34.3,35.4,135,34.3,117,47.9,45.2,35.4 / 135,34.3 / 117
14931,PA,Blue,M,72,69.0,91.4,121,35.3,33.7,35.3,132,33.7,109,47.6,43.8,35.3 / 132,33.7 / 109
14931,PA,Gold,M,72,63.8,83.1,104,31.5,32.3,31.5,111,32.3,97,41.8,41.3,31.5 / 111,32.3 / 97
14931,PA,Red,F,72,67.0,92.4,108,33.5,33.5,33.5,113,33.5,103,46.8,45.6,33.5 / 113,33.5 / 103
5409,PA,Black,M,72,74.0,100.9,145,36.3,37.7,36.3,141,37.7,149,49.4,51.5,36.3 / 141,37.7 / 149
5409,PA,Blue,M,72,72.2,98.4,141,35.4,36.8,35.4,139,36.8,143,48.3,50.1,35.4 / 139,36.8 / 143
5409,PA,White,M,72,70.3,95.8,137,34.7,35.6,34.7,133,35.6,141,47.1,48.7,34.7 / 133,35.6 / 141
5409,PA,Orange,M,72,69.2,93.9,133,34.1,35.1,34.1,128,35.1,138,46.0,47.9,34.1 / 128,35.1 / 138
5409,PA,Gold,M,72,67.1,90.5,126,33.1,34.0,33.1,122,34.0,130,44.4,46.1,33.1 / 122,34.0 / 130
5409,PA,Red,M,72,64.8,87.3,121,31.8,33.0,31.8,117,33.0,125,42.7,44.6,31.8 / 117,33.0 / 125
5409,PA,Black,F,72,78.3,110.6,137,38.5,39.8,38.5,134,39.8,140,54.3,56.3,38.5 / 134,39.8 / 140
5409,PA,Blue,F,72,76.5,108.0,134,37.6,38.9,37.6,131,38.9,137,53.0,55.0,37.6 / 131,38.9 / 137
5409,PA,White,F,72,75.6,106.5,131,37.6,38.0,37.6,127,38.0,135,52.6,53.9,37.6 / 127,38.0 / 135
5409,PA,Orange,F,72,74.1,105.1,132,36.8,37.3,36.8,130,37.3,134,52.1,53.1,36.8 / 130,37.3 / 134
5409,PA,Gold,F,72,71.9,102.1,128,35.5,36.4,35.5,123,36.4,133,50.0,52.1,35.5 / 123,36.4 / 133
5409,PA,Red,F,72,68.9,97.4,121,33.8,35.1,33.8,117,35.1,125,47.6,49.8,33.8 / 117,35.1 / 125
3227,PA,Blue,M,69,66.0,87.2,114,31.1,34.9,31.1,114,34.9,114,41.7,45.5,31.1 / 114,34.9 / 114
3227,PA,White,M,69,64.1,83.9,107,30.0,34.1,30.0,102,34.1,111,39.5,44.4,30.0 / 102,34.1 / 111
3227,PA,Red,M,69,61.6,80.5,102,29.2,32.4,29.2,99,32.4,104,38.4,42.1,29.2 / 99,32.4 / 104
3227,PA,Blue,F,69,71.3,99.0,118,33.5,37.8,33.5,109,37.8,126,46.4,52.6,33.5 / 109,37.8 / 126
3227,PA,White,F,69,69.1,95.7,113,32.2,36.9,32.2,103,36.9,122,44.4,51.3,32.2 / 103,36.9 / 122
3227,PA,Red,F,69,65.3,89.9,104,30.3,35.0,30.3,94,35.0,114,41.4,48.5,30.3 / 94,35.0 / 114
34363,PA,White,M,33,30.6,39.3,94,30.6,,30.6,94,,,39.3,,30.6 / 94,/
34363,PA,Red,M,33,30.3,39.0,94,30.3,,30.3,94,,,39.0,,30.3 / 94,/
34363,PA,White,F,33,32.2,44.1,101,32.2,,32.2,101,,,44.1,,32.2 / 101,/
34363,PA,Red,F,33,31.8,43.5,99,31.8,,31.8,99,,,43.5,,31.8 / 99,/
29938,PA,Blue,M,72,71.1,95.8,133,35.2,35.9,35.2,136,35.9,130,47.8,48.0,35.2 / 136,35.9 / 130
29938,PA,White,M,72,68.9,92.7,128,34.0,34.9,34.0,130,34.9,126,46.1,46.6,34.0 / 130,34.9 / 126
29938,PA,Gold,M,72,66.5,89.3,123,33.0,33.5,33.0,125,33.5,121,44.6,44.7,33.0 / 125,33.5 / 121
29938,PA,Red,F,72,67.1,94.3,116,33.1,34.0,33.1,118,34.0,113,47.0,47.3,33.1 / 118,34.0 / 113
29976,PA,Blue,M,72,70.0,92.8,123,34.9,35.1,34.9,119,35.1,126,46.0,46.8,34.9 / 119,35.1 / 126
29976,PA,White,M,72,68.1,90.3,120,33.9,34.2,33.9,116,34.2,123,44.7,45.6,33.9 / 116,34.2 / 123
29976,PA,Gold,M,72,65.6,87.2,116,32.5,33.1,32.5,114,33.1,118,43.1,44.1,32.5 / 114,33.1 / 118
29976,PA,Red,F,72,67.1,93.9,114,33.0,34.1,33.0,110,34.1,117,46.0,47.9,33.0 / 110,34.1 / 117
13803,PA,Blue Heritage,M,72,70.6,94.7,130,34.7,35.9,34.7,125,35.9,135,46.3,48.4,34.7 / 125,35.9 / 135
13803,PA,Blue Vintage,M,72,69.8,91.6,117,34.7,35.1,34.7,117,35.1,117,45.6,46.0,34.7 / 117,35.1 / 117
13803,PA,White Heritage,M,72,68.3,91.7,126,33.4,34.9,33.4,122,34.9,130,44.7,47.0,33.4 / 122,34.9 / 130
13803,PA,White Vintage,M,72,68.1,88.9,112,33.9,34.2,33.9,109,34.2,115,44.0,44.9,33.9 / 109,34.2 / 115
13803,PA,Gold Heritage,M,72,66.2,87.2,113,32.7,33.5,32.7,109,33.5,117,42.8,44.4,32.7 / 109,33.5 / 117
13803,PA,Gold Vintage,M,72,65.4,85.1,106,32.2,33.2,32.2,103,33.2,109,41.8,43.3,32.2 / 103,33.2 / 109
13803,PA,Red Vintage,F,72,67.0,92.8,110,33.0,34.0,33.0,106,34.0,113,45.5,47.3,33.0 / 106,34.0 / 113
13803,PA,Red Heritage,F,72,66.7,92.9,111,32.8,33.9,32.8,105,33.9,117,45.2,47.7,32.8 / 105,33.9 / 117
3130,PA,Silver,M,71,74.6,102.0,148,37.0,37.6,37.0,141,37.6,154,50.1,51.9,37.0 / 141,37.6 / 154
3130,PA,Bronze,M,71,73.0,98.6,138,36.1,36.9,36.1,133,36.9,142,48.5,50.1,36.1 / 133,36.9 / 142
3130,PA,Bronze/Black Combo,M,71,71.7,96.8,135,35.5,36.2,35.5,130,36.2,139,47.7,49.1,35.5 / 130,36.2 / 139
3130,PA,Black,M,71,71.1,95.7,133,35.1,36.0,35.1,126,36.0,139,46.8,48.9,35.1 / 126,36.0 / 139
3130,PA,Black/Green,M,71,69.7,93.6,129,34.4,35.3,34.4,121,35.3,137,45.7,47.9,34.4 / 121,35.3 / 137
3130,PA,Green,M,71,68.0,91.0,124,33.7,34.3,33.7,117,34.3,130,44.6,46.4,33.7 / 117,34.3 / 130
3130,PA,Black,F,72,76.9,110.2,142,37.6,39.3,37.6,142,39.3,142,54.3,55.9,37.6 / 142,39.3 / 142
3130,PA,Black/Green,F,72,75.5,108.2,139,37.3,38.2,37.3,138,38.2,139,53.5,54.7,37.3 / 138,38.2 / 139
3130,PA,Green,F,72,73.7,105.4,135,36.5,37.2,36.5,134,37.2,135,52.3,53.1,36.5 / 134,37.2 / 135
3130,PA,Blue-Green,F,72,72.3,103.3,132,36.0,36.3,36.0,132,36.3,131,51.4,51.9,36.0 / 132,36.3 / 131
3130,PA,Blue,F,72,70.2,100.3,128,34.7,35.5,34.7,127,35.5,128,49.6,50.7,34.7 / 127,35.5 / 128
23572,PA,Blue,M,71,68.5,91.2,122,33.6,34.9,33.6,116,34.9,128,44.4,46.8,33.6 / 116,34.9 / 128
23572,PA,White,M,71,66.7,87.9,114,32.7,34.0,32.7,113,34.0,115,43.2,44.7,32.7 / 113,34.0 / 115
23572,PA,Gold,M,71,63.7,84.7,113,31.7,32.0,31.7,112,32.0,114,42.1,42.6,31.7 / 112,32.0 / 114
23572,PA,Red,M,71,62.5,82.7,109,31.3,31.2,31.3,109,31.2,109,41.4,41.3,31.3 / 109,31.2 / 109
23572,PA,Blue,F,71,73.6,102.9,124,36.1,37.5,36.1,117,37.5,131,49.9,53.0,36.1 / 117,37.5 / 131
23572,PA,White,F,71,71.4,99.9,121,35.3,36.1,35.3,114,36.1,128,48.7,51.2,35.3 / 114,36.1 / 128
23572,PA,Gold,F,71,68.0,93.7,109,33.5,34.5,33.5,109,34.5,109,46.3,47.4,33.5 / 109,34.5 / 109
23572,PA,Red,F,71,66.4,90.6,103,33.2,33.2,33.2,103,33.2,103,45.3,45.3,33.2 / 103,33.2 / 103
3138,PA,Black,M,72,74.0,100.0,140,37.4,36.6,37.4,137,36.6,143,50.1,49.9,37.4 / 137,36.6 / 143
3138,PA,Black/White,M,72,72.8,98.6,139,36.8,36.0,36.8,136,36.0,142,49.4,49.2,36.8 / 136,36.0 / 142
3138,PA,White,M,72,72.1,97.2,135,36.3,35.8,36.3,131,35.8,139,48.5,48.7,36.3 / 131,35.8 / 139
3138,PA,White/Green,M,72,70.8,95.2,132,35.5,35.3,35.5,128,35.3,135,47.4,47.8,35.5 / 128,35.3 / 135
3138,PA,Green,M,72,70.3,94.3,129,35.2,35.1,35.2,127,35.1,131,47.0,47.3,35.2 / 127,35.1 / 131
3138,PA,Green/Gold,M,72,69.1,92.2,125,34.4,34.7,34.4,124,34.7,125,45.9,46.3,34.4 / 124,34.7 / 125
3138,PA,Gold,M,72,68.4,90.6,119,34.2,34.2,34.2,120,34.2,118,45.4,45.2,34.2 / 120,34.2 / 118
3138,PA,Red,M,72,66.3,88.4,118,32.9,33.4,32.9,118,33.4,117,44.0,44.4,32.9 / 118,33.4 / 117
3138,PA,Junior,M,72,60.1,79.0,102,29.8,30.3,29.8,103,30.3,100,39.4,39.6,29.8 / 103,30.3 / 100
3138,PA,Green,F,72,75.8,107.6,135,38.1,37.7,38.1,131,37.7,138,53.6,54.0,38.1 / 131,37.7 / 138
3138,PA,Gold,F,72,74.1,106.0,135,37.5,36.6,37.5,131,36.6,139,53.0,53.0,37.5 / 131,36.6 / 139
3138,PA,Red,F,72,71.1,101.7,130,35.6,35.5,35.6,130,35.5,130,50.9,50.8,35.6 / 130,35.5 / 130
3138,PA,Junior,F,72,62.5,88.1,109,31.5,31.0,31.5,110,31.0,107,44.5,43.6,31.5 / 110,31.0 / 107
21256,PA,Black,M,36,37.2,50.5,143,37.2,,37.2,143,,,50.5,,37.2 / 143,/
21256,PA,White,M,36,36.0,49.1,141,36.0,,36.0,141,,,49.1,,36.0 / 141,/
21256,PA,Blue,M,36,35.4,48.0,136,35.4,,35.4,136,,,48.0,,35.4 / 136,/
21256,PA,Green,M,36,34.7,46.4,126,34.7,,34.7,126,,,46.4,,34.7 / 126,/
21256,PA,Yellow,M,36,34.5,46.2,126,34.5,,34.5,126,,,46.2,,34.5 / 126,/
21256,PA,Red,M,36,33.3,44.6,122,33.3,,33.3,122,,,44.6,,33.3 / 122,/
21256,PA,White,F,36,38.8,55.7,143,38.8,,38.8,143,,,55.7,,38.8 / 143,/
21256,PA,Yellow,F,36,37.8,53.9,137,37.8,,37.8,137,,,53.9,,37.8 / 137,/
21256,PA,Red,F,36,35.4,51.0,132,35.4,,35.4,132,,,51.0,,35.4 / 132,/
31306,PA,Black,M,72,73.5,100.5,145,36.4,37.1,36.4,145,37.1,145,49.9,50.6,36.4 / 145,37.1 / 145
31306,PA,Blue,M,72,71.3,97.7,142,35.4,35.9,35.4,142,35.9,142,48.6,49.1,35.4 / 142,35.9 / 142
31306,PA,White,M,72,71.0,97.0,140,35.3,35.7,35.3,140,35.7,140,48.3,48.7,35.3 / 140,35.7 / 140
31306,PA,Gold,M,72,68.1,93.3,136,33.8,34.3,33.8,136,34.3,136,46.4,46.9,33.8 / 136,34.3 / 136
31306,PA,Red,M,72,65.5,89.5,129,32.5,33.0,32.5,129,33.0,129,44.5,45.0,32.5 / 129,33.0 / 129
31306,PA,Blue,F,72,78.7,112.4,143,39.4,39.3,39.4,137,39.3,149,55.5,56.9,39.4 / 137,39.3 / 149
31306,PA,White,F,72,78.1,111.6,142,39.2,38.9,39.2,136,38.9,148,55.2,56.4,39.2 / 136,38.9 / 148
31306,PA,Gold,F,72,74.6,106.4,135,37.4,37.2,37.4,129,37.2,141,52.6,53.8,37.4 / 129,37.2 / 141
31306,PA,Red,F,72,71.4,101.6,128,35.9,35.5,35.9,121,35.5,135,50.2,51.4,35.9 / 121,35.5 / 135
3078,PA,Wheat,M,72,73.4,99.7,142,37.0,36.4,37.0,141,36.4,142,50.1,49.6,37.0 / 141,36.4 / 142
3078,PA,Wheat/Navy,M,72,72.5,98.4,140,36.7,35.8,36.7,139,35.8,140,49.6,48.8,36.7 / 139,35.8 / 140
3078,PA,Navy,M,72,71.4,97.0,138,36.1,35.3,36.1,137,35.3,138,48.8,48.2,36.1 / 137,35.3 / 138
3078,PA,Navy/White,M,72,70.2,95.6,137,35.5,34.7,35.5,136,34.7,137,48.1,47.5,35.5 / 136,34.7 / 137
3078,PA,White,M,72,69.1,93.3,131,34.8,34.3,34.8,126,34.3,135,46.5,46.8,34.8 / 126,34.3 / 135
3078,PA,White/Blue,M,72,66.9,90.3,126,33.6,33.3,33.6,121,33.3,131,44.8,45.5,33.6 / 121,33.3 / 131
3078,PA,Blue,M,72,64.5,87.0,121,32.4,32.1,32.4,116,32.1,126,43.2,43.8,32.4 / 116,32.1 / 126
3078,PA,Green,M,71,62.6,84.5,118,31.4,31.2,31.4,113,31.2,123,41.9,42.6,31.4 / 113,31.2 / 123
3078,PA,Navy,F,72,78.2,111.4,141,39.6,38.6,39.6,140,38.6,142,56.1,55.3,39.6 / 140,38.6 / 142
3078,PA,Navy/White,F,72,76.7,109.2,138,38.7,38.0,38.7,137,38.0,139,54.8,54.4,38.7 / 137,38.0 / 139
3078,PA,White,F,72,75.1,106.7,134,37.8,37.3,37.8,132,37.3,136,53.4,53.3,37.8 / 132,37.3 / 136
3078,PA,White/Blue,F,72,72.4,102.8,129,36.4,36.0,36.4,130,36.0,128,51.7,51.1,36.4 / 130,36.0 / 128
3078,PA,Blue,F,72,70.0,98.4,120,35.2,34.8,35.2,120,34.8,120,49.4,49.0,35.2 / 120,34.8 / 120
3078,PA,Green,F,71,67.3,94.3,114,33.9,33.4,33.9,114,33.4,114,47.4,46.9,33.9 / 114,33.4 / 114
5450,PA,Blue,M,72,73.1,98.4,136,35.8,37.3,35.8,132,37.3,140,48.1,50.3,35.8 / 132,37.3 / 140
5450,PA,White,M,72,70.8,95.6,134,34.5,36.3,34.5,128,36.3,139,46.4,49.2,34.5 / 128,36.3 / 139
5450,PA,Silver,M,72,69.0,92.3,125,33.5,35.5,33.5,118,35.5,132,44.5,47.8,33.5 / 118,35.5 / 132
5450,PA,Red,M,72,68.2,91.1,123,33.3,34.9,33.3,116,34.9,130,44.1,47.0,33.3 / 116,34.9 / 130
5450,PA,Green,M,71,64.5,85.9,115,31.9,32.6,31.9,115,32.6,115,42.6,43.3,31.9 / 115,32.6 / 115
5450,PA,Blue,F,72,79.7,112.0,137,39.0,40.7,39.0,136,40.7,138,55.0,57.0,39.0 / 136,40.7 / 138
5450,PA,White,F,72,77.6,108.7,132,37.8,39.8,37.8,130,39.8,134,53.1,55.6,37.8 / 130,39.8 / 134
5450,PA,Silver,F,72,73.9,103.9,127,35.8,38.1,35.8,126,38.1,128,50.7,53.2,35.8 / 126,38.1 / 128
5450,PA,Red,F,72,72.7,102.0,124,35.3,37.4,35.3,120,37.4,128,49.5,52.5,35.3 / 120,37.4 / 128
5450,PA,Green,F,71,68.6,95.4,114,34.2,34.4,34.2,108,34.4,120,46.9,48.5,34.2 / 108,34.4 / 120
14460,PA,Blue,M,72,73.6,98.3,133,36.5,37.1,36.5,127,37.1,139,48.3,50.0,36.5 / 127,37.1 / 139
14460,PA,White,M,72,71.8,95.9,130,35.6,36.2,35.6,125,36.2,135,47.2,48.7,35.6 / 125,36.2 / 135
14460,PA,Gold,M,72,69.7,93.1,126,34.6,35.1,34.6,124,35.1,128,46.1,47.0,34.6 / 124,35.1 / 128
14460,PA,Red,F,72,69.8,98.4,121,34.9,34.9,34.9,116,34.9,126,48.6,49.8,34.9 / 116,34.9 / 126
13795,PA,Blue,M,71,71.5,95.2,128,36.6,34.9,36.6,126,34.9,129,48.3,46.9,36.6 / 126,34.9 / 129
13795,PA,White,M,71,69.9,92.9,124,36.0,33.9,36.0,123,33.9,125,47.4,45.5,36.0 / 123,33.9 / 125
13795,PA,White/Gold,M,71,68.8,91.3,121,35.4,33.4,35.4,119,33.4,123,46.5,44.8,35.4 / 119,33.4 / 123
13795,PA,Gold,M,71,67.3,89.4,119,34.8,32.5,34.8,117,32.5,121,45.7,43.7,34.8 / 117,32.5 / 121
13795,PA,Red,M,71,66.3,88.0,117,34.2,32.1,34.2,115,32.1,118,44.9,43.1,34.2 / 115,32.1 / 118
13795,PA,Green,M,71,62.4,82.7,110,32.0,30.4,32.0,107,30.4,112,41.9,40.8,32.0 / 107,30.4 / 112
13795,PA,White,F,73,75.4,106.0,130,39.0,36.4,39.0,132,36.4,127,54.6,51.4,39.0 / 132,36.4 / 127
13795,PA,White/Gold,F,73,73.9,103.8,127,38.1,35.8,38.1,130,35.8,124,53.4,50.4,38.1 / 130,35.8 / 124
13795,PA,Gold,F,73,72.1,101.2,123,37.4,34.7,37.4,126,34.7,120,52.3,48.9,37.4 / 126,34.7 / 120
13795,PA,Red,F,73,71.0,99.4,121,36.8,34.2,36.8,123,34.2,118,51.3,48.1,36.8 / 123,34.2 / 118
13795,PA,Green,F,73,65.6,91.3,109,34.3,31.3,34.3,112,31.3,106,47.5,43.8,34.3 / 112,31.3 / 106
30097,PA,Blue,M,70,65.2,82.8,95,32.6,32.6,32.6,95,32.6,95,41.4,41.4,32.6 / 95,32.6 / 95
30097,PA,White,M,70,63.2,80.0,90,31.6,31.6,31.6,90,31.6,90,40.0,40.0,31.6 / 90,31.6 / 90
30097,PA,Gold,M,70,61.0,77.0,86,30.5,30.5,30.5,86,30.5,86,38.5,38.5,30.5 / 86,30.5 / 86
30097,PA,Red,M,70,59.6,75.0,83,29.8,29.8,29.8,83,29.8,83,37.5,37.5,29.8 / 83,29.8 / 83
30097,PA,Blue,F,70,70.2,95.4,107,35.1,35.1,35.1,107,35.1,107,47.7,47.7,35.1 / 107,35.1 / 107
30097,PA,White,F,70,67.6,91.8,103,33.8,33.8,33.8,103,33.8,103,45.9,45.9,33.8 / 103,33.8 / 103
30097,PA,Gold,F,70,64.4,87.0,96,32.2,32.2,32.2,96,32.2,96,43.5,43.5,32.2 / 96,32.2 / 96
30097,PA,Red,F,70,62.4,83.8,91,31.2,31.2,31.2,91,31.2,91,41.9,41.9,31.2 / 91,31.2 / 91
21129,PA,Back,M,70,64.9,85.1,109,30.9,34.0,30.9,102,34.0,115,40.4,44.7,30.9 / 102,34.0 / 115
21129,PA,Middle,M,70,63.8,83.5,106,30.3,33.5,30.3,99,33.5,113,39.5,44.0,30.3 / 99,33.5 / 113
21129,PA,Front,M,70,61.1,79.7,101,29.2,31.9,29.2,94,31.9,107,37.9,41.8,29.2 / 94,31.9 / 107
21129,PA,Back,F,70,69.0,95.7,113,32.6,36.4,32.6,103,36.4,123,44.8,50.9,32.6 / 103,36.4 / 123
21129,PA,Middle,F,70,67.7,94.1,112,31.7,36.0,31.7,102,36.0,122,43.7,50.4,31.7 / 102,36.0 / 122
21129,PA,Front,F,70,63.5,87.8,103,29.5,34.0,29.5,93,34.0,113,40.5,47.3,29.5 / 93,34.0 / 113
5361,PA,Black,M,72,73.5,98.7,136,36.9,36.6,36.9,137,36.6,135,49.6,49.1,36.9 / 137,36.6 / 135
5361,PA,Blue,M,72,71.5,96.1,132,35.9,35.6,35.9,132,35.6,132,48.2,47.9,35.9 / 132,35.6 / 132
5361,PA,White,M,72,68.9,92.9,129,34.8,34.1,34.8,129,34.1,129,46.8,46.1,34.8 / 129,34.1 / 129
5361,PA,Hybrid,M,72,67.3,89.9,122,33.8,33.5,33.8,124,33.5,119,45.3,44.6,33.8 / 124,33.5 / 119
5361,PA,Gold,M,72,66.4,88.8,121,33.4,33.0,33.4,124,33.0,117,44.9,43.9,33.4 / 124,33.0 / 117
5361,PA,Red,M,72,65.3,87.6,120,33.0,32.3,33.0,123,32.3,117,44.4,43.2,33.0 / 123,32.3 / 117
5361,PA,Blue,F,72,77.7,110.8,141,39.0,38.7,39.0,145,38.7,136,56.1,54.7,39.0 / 145,38.7 / 136
5361,PA,White,F,72,74.9,106.2,133,37.9,37.0,37.9,140,37.0,126,54.4,51.8,37.9 / 140,37.0 / 126
5361,PA,Hybrid,F,72,72.6,102.4,126,36.6,36.0,36.6,131,36.0,121,52.1,50.3,36.6 / 131,36.0 / 121
5361,PA,Gold,F,72,71.9,100.8,123,36.2,35.7,36.2,124,35.7,121,50.8,50.0,36.2 / 124,35.7 / 121
5361,PA,Red,F,72,70.4,98.9,121,35.6,34.8,35.6,122,34.8,120,50.0,48.9,35.6 / 122,34.8 / 120
5413,PA,Championship,M,72,73.1,98.5,137,36.6,36.5,36.6,137,36.5,137,49.3,49.2,36.6 / 137,36.5 / 137
5413,PA,Championship / Blue,M,72,72.3,97.3,135,36.0,36.3,36.0,133,36.3,136,48.4,48.9,36.0 / 133,36.3 / 136
5413,PA,Blue,M,72,71.2,96.0,133,35.3,35.9,35.3,133,35.9,133,47.7,48.3,35.3 / 133,35.9 / 133
5413,PA,Blue / White,M,72,69.6,94.0,131,34.6,35.0,34.6,131,35.0,131,46.8,47.2,34.6 / 131,35.0 / 131
5413,PA,White,M,72,68.8,92.8,129,34.4,34.4,34.4,129,34.4,129,46.4,46.4,34.4 / 129,34.4 / 129
5413,PA,White/Green,M,72,66.7,89.7,124,33.5,33.2,33.5,124,33.2,124,45.0,44.7,33.5 / 124,33.2 / 124
5413,PA,Green,M,72,65.2,87.2,118,32.8,32.4,32.8,118,32.4,118,43.8,43.4,32.8 / 118,32.4 / 118
5413,PA,Gold,M,72,64.2,85.8,116,32.1,32.1,32.1,116,32.1,116,42.9,42.9,32.1 / 116,32.1 / 116
5413,PA,Red,M,72,59.8,80.1,110,29.9,29.9,29.9,107,29.9,112,39.8,40.3,29.9 / 107,29.9 / 112
5413,PA,Championship,F,72,80.1,113.3,141,40.2,39.9,40.2,141,39.9,141,56.8,56.5,40.2 / 141,39.9 / 141
5413,PA,Championship / Blue,F,72,79.1,111.5,138,39.5,39.6,39.5,136,39.6,139,55.5,56.0,39.5 / 136,39.6 / 139
5413,PA,Blue,F,72,77.5,109.3,135,38.4,39.1,38.4,134,39.1,136,54.2,55.1,38.4 / 134,39.1 / 136
5413,PA,Blue / White,F,72,75.6,106.4,131,37.7,37.9,37.7,130,37.9,131,53.0,53.4,37.7 / 130,37.9 / 131
5413,PA,White,F,72,74.7,104.9,128,37.4,37.3,37.4,128,37.3,128,52.5,52.4,37.4 / 128,37.3 / 128
5413,PA,White / Green,F,72,72.1,100.9,123,36.2,35.9,36.2,126,35.9,119,51.0,49.9,36.2 / 126,35.9 / 119
5413,PA,Green,F,72,69.7,97.5,118,35.2,34.5,35.2,118,34.5,118,49.1,48.4,35.2 / 118,34.5 / 118
5413,PA,Gold,F,72,68.5,95.5,115,34.6,33.9,34.6,117,33.9,112,48.4,47.1,34.6 / 117,33.9 / 112
5413,PA,Red,F,72,61.9,85.9,102,31.0,30.9,31.0,102,30.9,102,43.0,42.9,31.0 / 102,30.9 / 102
3228,PA,Gold,M,72,72.0,97.2,136,36.1,35.9,36.1,132,35.9,139,48.4,48.8,36.1 / 132,35.9 / 139
3228,PA,Black,M,72,70.1,94.1,129,35.5,34.6,35.5,128,34.6,130,47.4,46.7,35.5 / 128,34.6 / 130
3228,PA,Green,M,72,68.6,91.9,126,34.6,34.0,34.6,123,34.0,128,46.0,45.9,34.6 / 123,34.0 / 128
3228,PA,White,M,72,64.3,86.1,117,32.7,31.6,32.7,115,31.6,119,43.4,42.7,32.7 / 115,31.6 / 119
3228,PA,PGA Family Tees-Gold,M,73,59.6,79.6,108,30.4,29.2,30.4,105,29.2,110,40.2,39.4,30.4 / 105,29.2 / 110
3228,PA,PGA Family Tees-Blue,M,73,50.7,67.1,88,25.6,25.1,25.6,85,25.1,91,33.5,33.6,25.6 / 85,25.1 / 91
3228,PA,Green,F,72,73.4,104.3,131,37.1,36.3,37.1,131,36.3,131,52.5,51.8,37.1 / 131,36.3 / 131
3228,PA,White,F,72,68.1,96.2,119,34.8,33.3,34.8,120,33.3,118,49.0,47.2,34.8 / 120,33.3 / 118
3228,PA,PGA Family Tee-Gold,F,73,60.5,84.8,103,30.8,29.7,30.8,104,29.7,102,43.1,41.7,30.8 / 104,29.7 / 102
3228,PA,PGA Family Tee-Blue,F,73,52.0,72.1,85,26.2,25.8,26.2,84,25.8,86,36.1,36.0,26.2 / 84,25.8 / 86
3159,PA,Ash,M,72,73.5,99.3,139,36.6,36.9,36.6,141,36.9,137,49.7,49.6,36.6 / 141,36.9 / 137
3159,PA,Hickory,M,72,72.1,97.2,135,35.9,36.2,35.9,137,36.2,133,48.6,48.6,35.9 / 137,36.2 / 133
3159,PA,Oak,M,72,70.8,95.6,134,35.2,35.6,35.2,137,35.6,130,47.9,47.7,35.2 / 137,35.6 / 130
3159,PA,Walnut,M,72,70.0,94.4,131,34.8,35.2,34.8,133,35.2,129,47.2,47.2,34.8 / 133,35.2 / 129
3159,PA,Maple,M,72,68.6,92.7,130,34.3,34.3,34.3,132,34.3,127,46.6,46.1,34.3 / 132,34.3 / 127
3159,PA,Willow,M,73,67.9,91.2,126,34.7,33.2,34.7,128,33.2,123,46.6,44.6,34.7 / 128,33.2 / 123
3159,PA,Pine,M,72,65.8,88.8,124,32.9,32.9,32.9,127,32.9,121,44.7,44.1,32.9 / 127,32.9 / 121
3159,PA,Oak,F,72,76.7,109.5,139,38.1,38.6,38.1,141,38.6,137,54.7,54.8,38.1 / 141,38.6 / 137
3159,PA,Walnut,F,72,75.4,107.6,137,37.3,38.1,37.3,137,38.1,137,53.4,54.2,37.3 / 137,38.1 / 137
3159,PA,Maple,F,72,73.9,105.3,133,36.9,37.0,36.9,135,37.0,131,52.8,52.5,36.9 / 135,37.0 / 131
3159,PA,Willow,F,72,71.6,101.5,127,36.0,35.6,36.0,127,35.6,126,51.0,50.5,36.0 / 127,35.6 / 126
3159,PA,Pine,F,72,70.3,99.9,126,35.1,35.2,35.1,128,35.2,124,50.1,49.8,35.1 / 128,35.2 / 124
3159,PA,Cedar,F,72,68.7,97.6,123,34.2,34.5,34.2,124,34.5,121,48.8,48.8,34.2 / 124,34.5 / 121
13462,PA,Blue,M,70,67.2,88.2,113,33.6,33.6,33.6,113,33.6,113,44.1,44.1,33.6 / 113,33.6 / 113
13462,PA,White,M,70,64.6,85.2,111,32.3,32.3,32.3,111,32.3,111,42.6,42.6,32.3 / 111,32.3 / 111
13462,PA,Gold,M,70,61.6,80.8,103,30.8,30.8,30.8,103,30.8,103,40.4,40.4,30.8 / 103,30.8 / 103
13462,PA,Red,M,70,61.2,80.2,102,30.6,30.6,30.6,102,30.6,102,40.1,40.1,30.6 / 102,30.6 / 102
13462,PA,Blue,F,70,72.0,100.8,122,36.0,36.0,36.0,122,36.0,122,50.4,50.4,36.0 / 122,36.0 / 122
13462,PA,White,F,70,69.0,96.6,117,34.5,34.5,34.5,117,34.5,117,48.3,48.3,34.5 / 117,34.5 / 117
13462,PA,Gold,F,70,64.4,89.6,107,32.2,32.2,32.2,107,32.2,107,44.8,44.8,32.2 / 107,32.2 / 107
13462,PA,Red,F,70,63.8,88.6,105,31.9,31.9,31.9,105,31.9,105,44.3,44.3,31.9 / 105,31.9 / 105
13462,PA,Pink,F,70,58.2,80.0,92,29.1,29.1,29.1,92,29.1,92,40.0,40.0,29.1 / 92,29.1 / 92
3116,PA,Black,M,72,74.6,99.5,134,37.2,37.4,37.2,133,37.4,135,49.6,49.9,37.2 / 133,37.4 / 135
3116,PA,Blue,M,72,72.9,97.2,131,36.1,36.8,36.1,130,36.8,131,48.2,49.0,36.1 / 130,36.8 / 131
3116,PA,White,M,72,70.5,93.9,126,34.9,35.6,34.9,125,35.6,127,46.5,47.4,34.9 / 125,35.6 / 127
3116,PA,Gold,M,72,67.6,89.8,119,33.7,33.9,33.7,119,33.9,119,44.8,45.0,33.7 / 119,33.9 / 119
3116,PA,Gold,F,72,73.1,103.3,129,36.5,36.6,36.5,131,36.6,126,51.9,51.4,36.5 / 131,36.6 / 126
13794,PA,White,M,71,69.5,91.8,120,33.9,35.6,33.9,117,35.6,123,44.8,47.0,33.9 / 117,35.6 / 123
13794,PA,Gold,M,71,64.9,84.8,107,32.1,32.8,32.1,109,32.8,105,42.2,42.6,32.1 / 109,32.8 / 105
13794,PA,Red,M,71,63.7,83.2,105,31.6,32.1,31.6,105,32.1,104,41.4,41.8,31.6 / 105,32.1 / 104
13794,PA,Red,F,71,68.1,94.0,110,33.7,34.4,33.7,104,34.4,115,46.0,48.0,33.7 / 104,34.4 / 115
21057,PA,Blue,M,71,70.8,94.6,128,35.2,35.6,35.2,126,35.6,130,46.9,47.7,35.2 / 126,35.6 / 130
21057,PA,White,M,71,69.5,92.7,125,34.8,34.7,34.8,124,34.7,126,46.3,46.4,34.8 / 124,34.7 / 126
21057,PA,Gold,M,71,66.5,88.7,119,33.4,33.1,33.4,119,33.1,119,44.5,44.2,33.4 / 119,33.1 / 119
21057,PA,White,F,73,74.9,104.2,124,37.5,37.4,37.5,120,37.4,128,51.7,52.5,37.5 / 120,37.4 / 128
21057,PA,Gold,F,73,71.2,98.9,117,35.8,35.4,35.8,114,35.4,120,49.3,49.6,35.8 / 114,35.4 / 120
21057,PA,Red,F,73,70.7,97.8,115,35.5,35.2,35.5,112,35.2,118,48.7,49.1,35.5 / 112,35.2 / 118
21057,PA,Crystal,F,73,63.5,87.3,101,31.8,31.7,31.8,98,31.7,103,43.4,43.9,31.8 / 98,31.7 / 103
3183,PA,Blue,M,72,70.6,95.1,132,34.9,35.7,34.9,132,35.7,131,47.2,47.9,34.9 / 132,35.7 / 131
3183,PA,White,M,72,69.2,93.3,130,34.4,34.8,34.4,131,34.8,128,46.6,46.7,34.4 / 131,34.8 / 128
3183,PA,Green,M,72,67.6,91.1,127,33.6,34.0,33.6,127,34.0,126,45.4,45.7,33.6 / 127,34.0 / 126
3183,PA,Gold,M,72,66.0,89.0,124,32.7,33.3,32.7,125,33.3,123,44.3,44.7,32.7 / 125,33.3 / 123
3183,PA,Blue,F,73,76.9,109.0,136,38.4,38.5,38.4,134,38.5,138,54.2,54.8,38.4 / 134,38.5 / 138
3183,PA,White,F,73,75.4,107.1,134,37.6,37.8,37.6,131,37.8,137,53.1,54.0,37.6 / 131,37.8 / 137
3183,PA,Red,F,73,70.9,100.1,124,35.3,35.6,35.3,121,35.6,126,49.6,50.5,35.3 / 121,35.6 / 126
5433,PA,Blue,M,72,71.3,96.6,136,35.1,36.2,35.1,130,36.2,142,47.2,49.4,35.1 / 130,36.2 / 142
5433,PA,White,M,72,70.3,95.2,134,34.6,35.7,34.6,128,35.7,140,46.5,48.7,34.6 / 128,35.7 / 140
5433,PA,White / Gold,M,72,68.9,93.1,131,34.1,34.8,34.1,124,34.8,137,45.6,47.5,34.1 / 124,34.8 / 137
5433,PA,Gold,M,72,67.9,91.4,126,33.8,34.1,33.8,119,34.1,133,44.9,46.5,33.8 / 119,34.1 / 133
5433,PA,Red,M,72,67.5,90.4,123,33.4,34.1,33.4,116,34.1,130,44.2,46.2,33.4 / 116,34.1 / 130
5433,PA,Silver,M,72,67.4,90.1,122,33.3,34.1,33.3,114,34.1,130,43.9,46.2,33.3 / 114,34.1 / 130
5433,PA,Junior,M,72,59.3,77.7,99,29.6,29.7,29.6,99,29.7,99,38.8,38.9,29.6 / 99,29.7 / 99
5433,PA,Blue,F,72,77.2,110.7,142,38.0,39.2,38.0,139,39.2,145,54.4,56.3,38.0 / 139,39.2 / 145
5433,PA,White,F,72,75.9,108.7,139,37.4,38.5,37.4,136,38.5,142,53.4,55.3,37.4 / 136,38.5 / 142
5433,PA,Gold,F,72,73.2,104.9,135,36.2,37.0,36.2,132,37.0,138,51.8,53.1,36.2 / 132,37.0 / 138
5433,PA,Red,F,72,72.8,104.5,134,35.9,36.9,35.9,131,36.9,137,51.3,53.2,35.9 / 131,36.9 / 137
5433,PA,Silver,F,72,72.5,104.2,134,35.6,36.9,35.6,131,36.9,137,51.0,53.2,35.6 / 131,36.9 / 137
5433,PA,Pink,F,71,69.6,100.2,130,34.5,35.1,34.5,126,35.1,133,49.4,50.8,34.5 / 126,35.1 / 133
5433,PA,Junior,F,72,60.2,84.8,104,30.1,30.1,30.1,104,30.1,104,42.4,42.4,30.1 / 104,30.1 / 104
