course_id,state,tee_name,gender,par,course_rating,bogey_rating,slope_rating,rating_f9,rating_b9,front9_rating,front9_slope,back9_rating,back9_slope,bogey_f9,bogey_b9,front9_raw,back9_raw
8468,NE,Blue,M,72,70.8,92.6,117,35.4,35.4,35.4,117,35.4,117,46.3,46.3,35.4 / 117,35.4 / 117
8468,NE,White,M,72,69.2,90.4,114,34.6,34.6,34.6,114,34.6,114,45.2,45.2,34.6 / 114,34.6 / 114
8468,NE,Red,F,72,69.0,95.8,114,34.5,34.5,34.5,114,34.5,114,47.9,47.9,34.5 / 114,34.5 / 114
20802,NE,Blue,M,72,70.6,94.2,127,35.3,35.3,35.3,127,35.3,127,47.1,47.1,35.3 / 127,35.3 / 127
20802,NE,White,M,72,69.4,92.2,123,34.7,34.7,34.7,123,34.7,123,46.1,46.1,34.7 / 123,34.7 / 123
20802,NE,Red,M,72,64.6,84.4,107,32.3,32.3,32.3,107,32.3,107,42.2,42.2,32.3 / 107,32.3 / 107
20802,NE,Red,F,72,68.6,96.0,116,34.3,34.3,34.3,116,34.3,116,48.0,48.0,34.3 / 116,34.3 / 116
8430,NE,Blue,M,72,69.2,90.8,116,34.6,34.6,34.6,116,34.6,116,45.4,45.4,34.6 / 116,34.6 / 116
8430,NE,Gold,M,72,68.2,89.4,114,34.1,34.1,34.1,114,34.1,114,44.7,44.7,34.1 / 114,34.1 / 114
8430,NE,White/Red,M,72,63.0,82.4,104,31.5,31.5,31.5,104,31.5,104,41.2,41.2,31.5 / 104,31.5 / 104
8430,NE,Red,F,72,67.2,92.8,109,33.6,33.6,33.6,109,33.6,109,46.4,46.4,33.6 / 109,33.6 / 109
8549,NE,Blue,M,72,69.8,93.0,125,34.9,34.9,34.9,125,34.9,125,46.5,46.5,34.9 / 125,34.9 / 125
8549,NE,White,M,72,69.0,90.8,117,34.5,34.5,34.5,117,34.5,117,45.4,45.4,34.5 / 117,34.5 / 117
8549,NE,Green,M,72,67.4,87.8,110,33.7,33.7,33.7,110,33.7,110,43.9,43.9,33.7 / 110,33.7 / 110
8549,NE,Gold,M,72,65.0,84.0,102,32.5,32.5,32.5,102,32.5,102,42.0,42.0,32.5 / 102,32.5 / 102
8549,NE,Red,M,72,63.6,82.0,99,31.8,31.8,31.8,99,31.8,99,41.0,41.0,31.8 / 99,31.8 / 99
8549,NE,White,F,72,74.2,102.8,121,37.1,37.1,37.1,121,37.1,121,51.4,51.4,37.1 / 121,37.1 / 121
8549,NE,Green,F,72,72.0,99.8,118,36.0,36.0,36.0,118,36.0,118,49.9,49.9,36.0 / 118,36.0 / 118
8549,NE,Gold,F,72,69.8,96.4,113,34.9,34.9,34.9,113,34.9,113,48.2,48.2,34.9 / 113,34.9 / 113
8549,NE,Red,F,72,68.0,93.4,108,34.0,34.0,34.0,108,34.0,108,46.7,46.7,34.0 / 108,34.0 / 108
8465,NE,Black,M,72,75.4,101.5,141,37.6,37.8,37.6,142,37.8,139,50.8,50.7,37.6 / 142,37.8 / 139
8465,NE,White,M,72,73.5,99.0,138,36.6,36.9,36.6,139,36.9,136,49.5,49.5,36.6 / 139,36.9 / 136
8465,NE,Member,M,72,72.1,97.1,135,36.1,36.0,36.1,138,36.0,131,48.9,48.2,36.1 / 138,36.0 / 131
8465,NE,Green,M,72,71.5,96.1,132,35.9,35.6,35.9,131,35.6,133,48.1,48.0,35.9 / 131,35.6 / 133
8465,NE,Yellow,M,72,69.7,92.4,122,34.9,34.8,34.9,126,34.8,118,46.6,45.8,34.9 / 126,34.8 / 118
8465,NE,Yellow,F,72,74.6,106.0,134,37.4,37.2,37.4,131,37.2,136,52.8,53.2,37.4 / 131,37.2 / 136
8465,NE,Yellow/Red Combo,F,72,72.4,101.8,125,35.8,36.6,35.8,127,36.6,122,50.8,51.0,35.8 / 127,36.6 / 122
8465,NE,Red,F,72,71.2,99.3,119,35.3,35.9,35.3,122,35.9,116,49.7,49.6,35.3 / 122,35.9 / 116
31255,NE,Blue,M,72,68.6,89.0,110,34.3,34.3,34.3,110,34.3,110,44.5,44.5,34.3 / 110,34.3 / 110
31255,NE,White,M,72,65.0,85.2,109,32.5,32.5,32.5,109,32.5,109,42.6,42.6,32.5 / 109,32.5 / 109
31255,NE,Red,F,72,64.6,91.0,112,32.3,32.3,32.3,112,32.3,112,45.5,45.5,32.3 / 112,32.3 / 112
8403,NE,Blue,M,72,72.8,95.4,122,36.4,36.4,36.4,122,36.4,122,47.7,47.7,36.4 / 122,36.4 / 122
8403,NE,White,M,72,71.8,94.0,119,35.9,35.9,35.9,119,35.9,119,47.0,47.0,35.9 / 119,35.9 / 119
8403,NE,Gold,M,72,68.0,88.8,112,34.0,34.0,34.0,112,34.0,112,44.4,44.4,34.0 / 112,34.0 / 112
8403,NE,Red,F,72,68.6,93.8,107,34.3,34.3,34.3,107,34.3,107,46.9,46.9,34.3 / 107,34.3 / 107
8473,NE,Black,M,71,69.9,93.1,125,35.2,34.7,35.2,126,34.7,124,46.9,46.2,35.2 / 126,34.7 / 124
8473,NE,White,M,71,68.5,91.0,122,34.4,34.1,34.4,121,34.1,122,45.6,45.4,34.4 / 121,34.1 / 122
8473,NE,Gold,M,71,66.9,88.4,116,33.7,33.2,33.7,114,33.2,117,44.3,44.1,33.7 / 114,33.2 / 117
8473,NE,Red,M,71,62.9,82.7,107,31.8,31.1,31.8,110,31.1,103,42.0,40.7,31.8 / 110,31.1 / 103
8473,NE,Black,F,71,75.9,106.7,131,38.2,37.7,38.2,132,37.7,129,53.8,52.9,38.2 / 132,37.7 / 129
8473,NE,White,F,71,74.2,104.0,127,37.3,36.9,37.3,127,36.9,126,52.3,51.7,37.3 / 127,36.9 / 126
8473,NE,Gold,F,71,72.2,101.0,123,36.4,35.8,36.4,125,35.8,120,51.1,49.9,36.4 / 125,35.8 / 120
8473,NE,Red,F,71,67.8,94.6,114,34.3,33.5,34.3,114,33.5,113,47.8,46.8,34.3 / 114,33.5 / 113
8399,NE,White,M,72,68.2,90.2,118,34.1,34.1,34.1,118,34.1,118,45.1,45.1,34.1 / 118,34.1 / 118
8399,NE,Red,M,72,66.8,87.8,113,33.4,33.4,33.4,113,33.4,113,43.9,43.9,33.4 / 113,33.4 / 113
8399,NE,Red,F,78,71.8,100.8,123,35.9,35.9,35.9,123,35.9,123,50.4,50.4,35.9 / 123,35.9 / 123
33006,NE,White,M,70,67.8,90.0,119,33.9,33.9,33.9,119,33.9,119,45.0,45.0,33.9 / 119,33.9 / 119
33006,NE,Gold,M,70,64.4,83.8,104,32.2,32.2,32.2,104,32.2,104,41.9,41.9,32.2 / 104,32.2 / 104
33006,NE,Red,M,70,64.2,83.4,103,32.1,32.1,32.1,103,32.1,103,41.7,41.7,32.1 / 103,32.1 / 103
33006,NE,White,F,76,73.4,102.2,122,36.7,36.7,36.7,122,36.7,122,51.1,51.1,36.7 / 122,36.7 / 122
33006,NE,Gold,F,76,69.4,95.6,111,34.7,34.7,34.7,111,34.7,111,47.8,47.8,34.7 / 111,34.7 / 111
33006,NE,Red,F,76,69.0,95.2,111,34.5,34.5,34.5,111,34.5,111,47.6,47.6,34.5 / 111,34.5 / 111
8455,NE,Blue,M,72,71.4,95.3,129,35.7,35.7,35.7,126,35.7,131,47.4,47.9,35.7 / 126,35.7 / 131
8455,NE,White,M,72,70.0,92.6,122,35.1,34.9,35.1,122,34.9,122,46.4,46.2,35.1 / 122,34.9 / 122
8455,NE,Gold,M,72,67.9,90.9,124,33.8,34.1,33.8,125,34.1,123,45.4,45.5,33.8 / 125,34.1 / 123
8455,NE,Red,M,72,64.5,84.7,109,32.4,32.1,32.4,110,32.1,108,42.6,42.1,32.4 / 110,32.1 / 108
8455,NE,White,F,72,75.8,106.3,130,37.8,38.0,37.8,126,38.0,133,52.6,53.7,37.8 / 126,38.0 / 133
8455,NE,Gold,F,72,73.2,102.6,125,36.0,37.2,36.0,119,37.2,131,50.0,52.6,36.0 / 119,37.2 / 131
8455,NE,Red,F,72,68.4,95.1,113,34.4,34.0,34.4,106,34.0,120,46.9,48.2,34.4 / 106,34.0 / 120
8412,NE,Black,M,72,71.5,97.1,138,34.8,36.7,34.8,129,36.7,146,46.8,50.3,34.8 / 129,36.7 / 146
8412,NE,Blue,M,72,69.4,94.2,134,33.7,35.7,33.7,124,35.7,143,45.2,49.0,33.7 / 124,35.7 / 143
8412,NE,White,M,72,67.8,91.2,126,33.1,34.7,33.1,119,34.7,132,44.2,47.0,33.1 / 119,34.7 / 132
8412,NE,Gold,M,72,65.3,86.5,114,31.8,33.5,31.8,109,33.5,119,41.9,44.6,31.8 / 109,33.5 / 119
8412,NE,Red,M,72,62.2,82.4,109,30.5,31.7,30.5,104,31.7,113,40.2,42.2,30.5 / 104,31.7 / 113
8412,NE,White,F,72,73.1,106.7,143,35.4,37.7,35.4,134,37.7,151,51.2,55.5,35.4 / 134,37.7 / 151
8412,NE,Gold,F,72,70.1,99.6,125,34.0,36.1,34.0,119,36.1,131,48.0,51.6,34.0 / 119,36.1 / 131
8412,NE,Red,F,72,64.7,90.7,111,31.5,33.2,31.5,108,33.2,113,44.2,46.5,31.5 / 108,33.2 / 113
8518,NE,Black,M,72,75.6,102.4,144,37.7,37.9,37.7,143,37.9,145,51.0,51.4,37.7 / 143,37.9 / 145
8518,NE,Orange,M,72,73.6,99.7,141,36.4,37.2,36.4,138,37.2,143,49.2,50.5,36.4 / 138,37.2 / 143
8518,NE,Blue,M,72,71.7,97.5,139,35.6,36.1,35.6,138,36.1,140,48.4,49.1,35.6 / 138,36.1 / 140
8518,NE,White,M,72,69.4,93.7,131,34.5,34.9,34.5,132,34.9,129,46.8,46.9,34.5 / 132,34.9 / 129
8518,NE,Red,M,72,65.4,88.3,124,32.3,33.1,32.3,124,33.1,123,43.8,44.5,32.3 / 124,33.1 / 123
8518,NE,Forward,M,72,61.7,83.2,116,30.4,31.3,30.4,116,31.3,115,41.2,42.0,30.4 / 116,31.3 / 115
8518,NE,White,F,72,75.1,107.3,137,37.3,37.8,37.3,139,37.8,134,53.7,53.6,37.3 / 139,37.8 / 134
8518,NE,Red,F,72,69.8,100.0,128,34.5,35.3,34.5,123,35.3,133,49.0,51.0,34.5 / 123,35.3 / 133
8518,NE,Forward,F,72,64.1,91.5,116,31.5,32.6,31.5,110,32.6,122,44.5,47.0,31.5 / 110,32.6 / 122
8493,NE,Blue,M,72,70.8,93.4,122,35.4,35.4,35.4,122,35.4,122,46.7,46.7,35.4 / 122,35.4 / 122
8493,NE,White,M,72,68.2,89.2,113,34.1,34.1,34.1,113,34.1,113,44.6,44.6,34.1 / 113,34.1 / 113
8493,NE,Red,F,72,69.2,96.2,114,34.6,34.6,34.6,114,34.6,114,48.1,48.1,34.6 / 114,34.6 / 114
17925,NE,Blue,M,72,72.2,95.1,124,36.2,36.0,36.2,123,36.0,124,47.6,47.5,36.2 / 123,36.0 / 124
17925,NE,White,M,72,70.3,92.7,121,35.3,35.0,35.3,121,35.0,121,46.5,46.2,35.3 / 121,35.0 / 121
17925,NE,Gold,M,72,66.7,86.6,108,33.3,33.4,33.3,108,33.4,107,43.3,43.3,33.3 / 108,33.4 / 107
17925,NE,Red,M,72,65.2,84.9,106,32.7,32.5,32.7,103,32.5,109,42.3,42.6,32.7 / 103,32.5 / 109
17925,NE,Gold,F,72,71.5,99.7,120,35.9,35.6,35.9,120,35.6,120,50.0,49.7,35.9 / 120,35.6 / 120
17925,NE,Red,F,72,69.5,97.0,117,34.8,34.7,34.8,117,34.7,116,48.6,48.4,34.8 / 117,34.7 / 116
8428,NE,White,M,72,69.2,91.0,117,34.6,34.6,34.6,117,34.6,117,45.5,45.5,34.6 / 117,34.6 / 117
8428,NE,Gold,M,72,66.6,86.8,109,33.3,33.3,33.3,109,33.3,109,43.4,43.4,33.3 / 109,33.3 / 109
8428,NE,Red,M,72,64.0,83.6,105,32.0,32.0,32.0,105,32.0,105,41.8,41.8,32.0 / 105,32.0 / 105
8428,NE,White,F,72,74.8,105.2,129,37.4,37.4,37.4,129,37.4,129,52.6,52.6,37.4 / 129,37.4 / 129
8428,NE,Gold,F,72,71.2,99.8,121,35.6,35.6,35.6,121,35.6,121,49.9,49.9,35.6 / 121,35.6 / 121
8428,NE,Red,F,72,68.6,95.8,115,34.3,34.3,34.3,115,34.3,115,47.9,47.9,34.3 / 115,34.3 / 115
8414,NE,White,M,72,68.6,89.6,113,34.3,34.3,34.3,113,34.3,113,44.8,44.8,34.3 / 113,34.3 / 113
8414,NE,Red,M,72,65.8,85.6,107,32.9,32.9,32.9,107,32.9,107,42.8,42.8,32.9 / 107,32.9 / 107
8414,NE,Red,F,72,70.4,97.2,114,35.2,35.2,35.2,114,35.2,114,48.6,48.6,35.2 / 114,35.2 / 114
31738,NE,I,M,71,73.9,100.4,143,37.0,36.9,37.0,138,36.9,147,49.8,50.6,37.0 / 138,36.9 / 147
31738,NE,II,M,71,72.1,98.0,140,35.9,36.2,35.9,136,36.2,143,48.5,49.5,35.9 / 136,36.2 / 143
31738,NE,II/III Combo,M,71,71.4,96.8,137,35.6,35.8,35.6,135,35.8,139,48.1,48.7,35.6 / 135,35.8 / 139
31738,NE,III,M,71,70.2,94.8,132,35.2,35.0,35.2,131,35.0,133,47.4,47.4,35.2 / 131,35.0 / 133
31738,NE,III/IV Combo,M,71,68.8,93.0,131,34.2,34.6,34.2,125,34.6,136,45.8,47.2,34.2 / 125,34.6 / 136
31738,NE,IV,M,71,67.4,90.2,123,33.4,34.0,33.4,118,34.0,127,44.4,45.8,33.4 / 118,34.0 / 127
31738,NE,IV,F,71,73.6,105.6,136,36.2,37.4,36.2,131,37.4,141,51.6,54.0,36.2 / 131,37.4 / 141
31738,NE,V,F,71,67.5,94.7,115,33.6,33.9,33.6,110,33.9,120,46.6,48.1,33.6 / 110,33.9 / 120
36589,NE,Blue,M,72,70.2,92.0,117,35.1,35.1,35.1,117,35.1,117,46.0,46.0,35.1 / 117,35.1 / 117
36589,NE,White,M,72,68.4,89.6,114,34.2,34.2,34.2,114,34.2,114,44.8,44.8,34.2 / 114,34.2 / 114
36589,NE,Yellow,M,72,64.6,84.4,107,32.3,32.3,32.3,107,32.3,107,42.2,42.2,32.3 / 107,32.3 / 107
36589,NE,Red,M,72,63.2,82.6,104,31.6,31.6,31.6,104,31.6,104,41.3,41.3,31.6 / 104,31.6 / 104
36589,NE,White,F,72,74.2,102.6,120,37.1,37.1,37.1,120,37.1,120,51.3,51.3,37.1 / 120,37.1 / 120
36589,NE,Yellow,F,72,69.6,96.4,114,34.8,34.8,34.8,114,34.8,114,48.2,48.2,34.8 / 114,34.8 / 114
36589,NE,Red,F,72,67.8,93.8,110,33.9,33.9,33.9,110,33.9,110,46.9,46.9,33.9 / 110,33.9 / 110
8451,NE,Blue,M,72,73.6,97.2,127,36.1,37.5,36.1,121,37.5,133,47.3,49.9,36.1 / 121,37.5 / 133
8451,NE,White,M,72,71.0,92.9,118,34.9,36.1,34.9,114,36.1,122,45.5,47.4,34.9 / 114,36.1 / 122
8451,NE,Gold,M,72,67.9,88.3,110,33.2,34.7,33.2,105,34.7,114,43.0,45.3,33.2 / 105,34.7 / 114
8451,NE,White,F,72,76.7,107.2,129,37.6,39.1,37.6,127,39.1,131,52.6,54.6,37.6 / 127,39.1 / 131
8451,NE,Gold,F,72,73.3,102.1,122,35.7,37.6,35.7,120,37.6,124,49.9,52.2,35.7 / 120,37.6 / 124
8451,NE,Red,F,72,71.1,98.6,117,34.6,36.5,34.6,114,36.5,120,48.0,50.6,34.6 / 114,36.5 / 120
8421,NE,Black,M,72,75.0,101.2,141,36.9,38.1,36.9,140,38.1,142,49.9,51.3,36.9 / 140,38.1 / 142
8421,NE,Black/Blue Combo,M,72,73.6,99.3,139,36.4,37.2,36.4,138,37.2,139,49.2,50.1,36.4 / 138,37.2 / 139
8421,NE,Blue,M,72,72.4,97.7,137,35.8,36.6,35.8,136,36.6,137,48.4,49.3,35.8 / 136,36.6 / 137
8421,NE,Blue/White Combo,M,72,71.2,96.0,134,35.3,35.9,35.3,132,35.9,135,47.6,48.4,35.3 / 132,35.9 / 135
8421,NE,White,M,72,70.4,93.3,124,34.9,35.5,34.9,125,35.5,122,46.5,46.8,34.9 / 125,35.5 / 122
8421,NE,White/Yellow Combo,M,72,69.1,92.1,124,34.2,34.9,34.2,127,34.9,121,46.0,46.1,34.2 / 127,34.9 / 121
8421,NE,Yellow,M,72,68.0,90.8,123,33.6,34.4,33.6,126,34.4,119,45.3,45.5,33.6 / 126,34.4 / 119
8421,NE,Yellow/Red Combo,M,72,66.8,89.3,121,33.0,33.8,33.0,125,33.8,117,44.6,44.7,33.0 / 125,33.8 / 117
8421,NE,Red,M,72,64.9,87.0,119,32.4,32.5,32.4,124,32.5,114,43.9,43.1,32.4 / 124,32.5 / 114
8421,NE,Blue,F,72,78.9,112.2,141,39.1,39.8,39.1,137,39.8,145,55.3,56.9,39.1 / 137,39.8 / 145
8421,NE,Blue/White Combo,F,72,77.4,110.1,139,38.4,39.0,38.4,135,39.0,142,54.3,55.8,38.4 / 135,39.0 / 142
8421,NE,White,F,72,75.9,107.9,136,37.7,38.2,37.7,132,38.2,139,53.3,54.6,37.7 / 132,38.2 / 139
8421,NE,White/Yellow Combo,F,72,74.5,105.8,133,37.0,37.5,37.0,129,37.5,137,52.2,53.6,37.0 / 129,37.5 / 137
8421,NE,Yellow,F,72,73.6,104.3,130,36.6,37.0,36.6,126,37.0,134,51.5,52.8,36.6 / 126,37.0 / 134
8421,NE,Yellow/Red Combo,F,72,71.8,101.6,127,35.7,36.1,35.7,124,36.1,129,50.3,51.3,35.7 / 124,36.1 / 129
8421,NE,Red,F,72,69.6,97.9,120,34.8,34.8,34.8,120,34.8,120,49.0,48.9,34.8 / 120,34.8 / 120
8522,NE,Blue,M,72,70.6,93.8,125,35.3,35.3,35.3,125,35.3,125,46.9,46.9,35.3 / 125,35.3 / 125
8522,NE,White,M,72,68.6,90.4,117,34.3,34.3,34.3,117,34.3,117,45.2,45.2,34.3 / 117,34.3 / 117
8522,NE,Yellow,M,72,65.4,85.8,110,32.7,32.7,32.7,110,32.7,110,42.9,42.9,32.7 / 110,32.7 / 110
8522,NE,Red,M,72,64.8,85.0,109,32.4,32.4,32.4,109,32.4,109,42.5,42.5,32.4 / 109,32.4 / 109
8522,NE,Yellow,F,72,70.2,99.8,126,35.1,35.1,35.1,126,35.1,126,49.9,49.9,35.1 / 126,35.1 / 126
8522,NE,Red,F,72,69.4,98.6,124,34.7,34.7,34.7,124,34.7,124,49.3,49.3,34.7 / 124,34.7 / 124
23998,NE,Blue,M,72,71.8,93.0,114,35.9,35.9,35.9,114,35.9,114,46.5,46.5,35.9 / 114,35.9 / 114
23998,NE,White,M,72,69.2,89.4,109,34.6,34.6,34.6,109,34.6,109,44.7,44.7,34.6 / 109,34.6 / 109
23998,NE,Gold,M,72,65.6,84.2,100,32.8,32.8,32.8,100,32.8,100,42.1,42.1,32.8 / 100,32.8 / 100
23998,NE,Red,F,72,69.2,95.0,109,34.6,34.6,34.6,109,34.6,109,47.5,47.5,34.6 / 109,34.6 / 109
8537,NE,Blue,M,72,67.8,88.8,113,33.9,33.9,33.9,113,33.9,113,44.4,44.4,33.9 / 113,33.9 / 113
8537,NE,White,M,72,66.4,86.6,109,33.2,33.2,33.2,109,33.2,109,43.3,43.3,33.2 / 109,33.2 / 109
8537,NE,Red,F,72,68.0,95.8,118,34.0,34.0,34.0,118,34.0,118,47.9,47.9,34.0 / 118,34.0 / 118
8529,NE,Black,M,72,73.1,98.2,135,36.1,37.0,36.1,139,37.0,131,49.0,49.2,36.1 / 139,37.0 / 131
8529,NE,Black/White,M,72,71.9,96.9,135,35.4,36.5,35.4,139,36.5,130,48.3,48.6,35.4 / 139,36.5 / 130
8529,NE,White,M,72,71.1,95.8,133,35.2,35.9,35.2,137,35.9,129,47.9,47.9,35.2 / 137,35.9 / 129
8529,NE,White/Silver,M,72,69.3,93.1,129,34.9,34.4,34.9,135,34.4,122,47.4,45.7,34.9 / 135,34.4 / 122
8529,NE,Silver,M,72,67.7,90.3,122,33.9,33.8,33.9,123,33.8,121,45.3,45.0,33.9 / 123,33.8 / 121
8529,NE,Silver/Gold,M,72,65.1,85.8,112,32.8,32.3,32.8,115,32.3,108,43.5,42.3,32.8 / 115,32.3 / 108
8529,NE,Gold,M,72,64.2,83.9,106,32.0,32.2,32.0,104,32.2,108,41.7,42.2,32.0 / 104,32.2 / 108
8529,NE,White,F,72,76.6,108.4,135,37.9,38.7,37.9,139,38.7,131,54.3,54.1,37.9 / 139,38.7 / 131
8529,NE,White/Silver,F,72,74.4,105.0,130,37.4,37.0,37.4,137,37.0,122,53.6,51.4,37.4 / 137,37.0 / 122
8529,NE,Silver,F,72,72.5,102.3,127,36.2,36.3,36.2,133,36.3,120,51.9,50.4,36.2 / 133,36.3 / 120
8529,NE,Silver/Gold,F,72,69.6,98.4,122,35.1,34.5,35.1,126,34.5,118,50.0,48.4,35.1 / 126,34.5 / 118
8529,NE,Gold,F,72,68.4,96.3,119,34.0,34.4,34.0,120,34.4,117,48.1,48.2,34.0 / 120,34.4 / 117
8475,NE,Blue,M,72,68.0,87.8,107,34.0,34.0,34.0,107,34.0,107,43.9,43.9,34.0 / 107,34.0 / 107
8475,NE,White,M,72,66.4,85.2,101,33.2,33.2,33.2,101,33.2,101,42.6,42.6,33.2 / 101,33.2 / 101
8475,NE,Gold,M,72,63.4,80.4,91,31.7,31.7,31.7,91,31.7,91,40.2,40.2,31.7 / 91,31.7 / 91
8475,NE,Red,F,72,67.2,91.8,104,33.6,33.6,33.6,104,33.6,104,45.9,45.9,33.6 / 104,33.6 / 104
23701,NE,Blue,M,72,69.2,91.8,122,34.6,34.6,34.6,122,34.6,122,45.9,45.9,34.6 / 122,34.6 / 122
23701,NE,White/Blue,M,72,68.8,91.3,122,34.2,34.6,34.2,121,34.6,122,45.4,45.9,34.2 / 121,34.6 / 122
23701,NE,White,M,72,68.4,90.8,121,34.2,34.2,34.2,121,34.2,121,45.4,45.4,34.2 / 121,34.2 / 121
23701,NE,Red,M,70,63.8,83.2,104,31.9,31.9,31.9,104,31.9,104,41.6,41.6,31.9 / 104,31.9 / 104
23701,NE,White,F,72,74.6,104.0,125,37.3,37.3,37.3,125,37.3,125,52.0,52.0,37.3 / 125,37.3 / 125
23701,NE,Red,F,72,68.2,95.6,116,34.1,34.1,34.1,116,34.1,116,47.8,47.8,34.1 / 116,34.1 / 116
8483,NE,Blue,M,71,69.3,91.5,119,35.4,33.9,35.4,119,33.9,119,46.5,45.0,35.4 / 119,33.9 / 119
8483,NE,White,M,71,66.9,87.2,110,34.3,32.6,34.3,112,32.6,107,44.7,42.5,34.3 / 112,32.6 / 107
8483,NE,Red/Gold,M,71,63.6,82.7,103,32.7,30.9,32.7,105,30.9,100,42.5,40.2,32.7 / 105,30.9 / 100
8483,NE,White,F,71,71.8,101.6,127,37.0,34.8,37.0,128,34.8,125,52.1,49.5,37.0 / 128,34.8 / 125
8483,NE,Red/Gold,F,71,67.8,95.0,115,35.5,32.3,35.5,120,32.3,110,49.7,45.3,35.5 / 120,32.3 / 110
8484,NE,Blue,M,72,70.1,92.2,119,34.1,36.0,34.1,109,36.0,129,44.2,48.0,34.1 / 109,36.0 / 129
8484,NE,White,M,72,67.9,88.3,110,33.4,34.5,33.4,107,34.5,113,43.3,45.0,33.4 / 107,34.5 / 113
8484,NE,Red,M,72,64.5,82.9,99,31.4,33.1,31.4,97,33.1,101,40.4,42.5,31.4 / 97,33.1 / 101
8484,NE,White,F,73,73.7,103.0,125,36.4,37.3,36.4,119,37.3,130,50.4,52.6,36.4 / 119,37.3 / 130
8484,NE,Red,F,73,70.0,97.6,117,34.3,35.7,34.3,109,35.7,125,47.2,50.4,34.3 / 109,35.7 / 125
8481,NE,White,M,72,71.4,93.2,117,35.7,35.7,35.7,117,35.7,117,46.6,46.6,35.7 / 117,35.7 / 117
8481,NE,Red,M,72,65.0,84.0,102,32.5,32.5,32.5,102,32.5,102,42.0,42.0,32.5 / 102,32.5 / 102
8481,NE,Red,F,72,69.8,97.0,115,34.9,34.9,34.9,115,34.9,115,48.5,48.5,34.9 / 115,34.9 / 115
8401,NE,Blue,M,72,70.4,93.0,122,35.2,35.2,35.2,122,35.2,122,46.5,46.5,35.2 / 122,35.2 / 122
8401,NE,White,M,72,67.6,88.6,113,33.8,33.8,33.8,113,33.8,113,44.3,44.3,33.8 / 113,33.8 / 113
8401,NE,Red,F,72,67.8,94.4,113,33.9,33.9,33.9,113,33.9,113,47.2,47.2,33.9 / 113,33.9 / 113
8530,NE,Blue,M,72,72.7,96.1,126,36.0,36.7,36.0,125,36.7,127,47.6,48.5,36.0 / 125,36.7 / 127
8530,NE,White,M,72,69.6,92.1,121,34.5,35.1,34.5,115,35.1,127,45.2,46.9,34.5 / 115,35.1 / 127
8530,NE,Gold,M,72,67.1,88.1,113,33.1,34.0,33.1,112,34.0,114,43.5,44.6,33.1 / 112,34.0 / 114
8530,NE,Gold,F,72,72.1,100.6,121,35.8,36.3,35.8,120,36.3,121,50.0,50.6,35.8 / 120,36.3 / 121
8530,NE,Red,F,72,68.8,96.2,116,34.2,34.6,34.2,114,34.6,118,47.7,48.5,34.2 / 114,34.6 / 118
8410,NE,Blue,M,72,74.9,98.4,127,37.2,37.7,37.2,125,37.7,128,48.8,49.6,37.2 / 125,37.7 / 128
8410,NE,White,M,72,72.9,95.5,122,36.3,36.6,36.3,121,36.6,123,47.5,48.0,36.3 / 121,36.6 / 123
8410,NE,Gold,M,72,69.8,90.9,114,34.9,34.9,34.9,114,34.9,113,45.5,45.4,34.9 / 114,34.9 / 113
8410,NE,Red,M,72,66.2,85.7,105,33.2,33.0,33.2,107,33.0,103,43.1,42.6,33.2 / 107,33.0 / 103
8410,NE,Red,F,72,70.8,97.5,113,35.6,35.2,35.6,116,35.2,110,49.3,48.2,35.6 / 116,35.2 / 110
8511,NE,White,M,68,66.2,86.0,107,33.1,33.1,33.1,107,33.1,107,43.0,43.0,33.1 / 107,33.1 / 107
8511,NE,Red,M,68,64.8,84.6,107,32.4,32.4,32.4,107,32.4,107,42.3,42.3,32.4 / 107,32.4 / 107
8511,NE,White,F,74,71.4,100.0,121,35.7,35.7,35.7,121,35.7,121,50.0,50.0,35.7 / 121,35.7 / 121
8511,NE,Red,F,74,70.2,98.2,119,35.1,35.1,35.1,119,35.1,119,49.1,49.1,35.1 / 119,35.1 / 119
26294,NE,Back,M,71,73.5,98.5,135,37.1,36.4,37.1,129,36.4,140,49.1,49.4,37.1 / 129,36.4 / 140
26294,NE,Middle,M,71,69.9,93.6,128,35.6,34.3,35.6,123,34.3,132,47.0,46.6,35.6 / 123,34.3 / 132
26294,NE,Forward,M,71,63.7,85.1,116,32.2,31.5,32.2,109,31.5,122,42.3,42.8,32.2 / 109,31.5 / 122
26294,NE,Forward,F,71,67.3,94.2,114,33.9,33.4,33.9,115,33.4,113,47.5,46.7,33.9 / 115,33.4 / 113
8450,NE,Back,M,72,75.6,102.7,146,37.6,38.0,37.6,145,38.0,146,51.1,51.6,37.6 / 145,38.0 / 146
8450,NE,Middle,M,72,71.6,97.3,139,35.4,36.2,35.4,137,36.2,140,48.1,49.2,35.4 / 137,36.2 / 140
8450,NE,Forward,M,72,65.3,88.3,124,32.6,32.7,32.6,123,32.7,125,44.0,44.3,32.6 / 123,32.7 / 125
8450,NE,Forward,F,72,69.4,98.2,123,34.6,34.8,34.6,119,34.8,126,48.6,49.6,34.6 / 119,34.8 / 126
8452,NE,Black,M,72,71.7,95.0,125,35.3,36.4,35.3,117,36.4,133,46.2,48.8,35.3 / 117,36.4 / 133
8452,NE,White,M,72,69.4,91.3,118,34.4,35.0,34.4,112,35.0,124,44.8,46.5,34.4 / 112,35.0 / 124
8452,NE,Gold,M,72,66.5,86.5,108,32.9,33.6,32.9,101,33.6,114,42.3,44.2,32.9 / 101,33.6 / 114
8452,NE,Red,M,72,63.2,82.0,102,31.5,31.7,31.5,96,31.7,107,40.4,41.6,31.5 / 96,31.7 / 107
8452,NE,Gold,F,72,70.9,98.5,117,35.1,35.8,35.1,116,35.8,118,48.8,49.7,35.1 / 116,35.8 / 118
8452,NE,Red,F,72,67.6,93.1,108,33.6,34.0,33.6,105,34.0,111,46.0,47.1,33.6 / 105,34.0 / 111
8532,NE,Blue,M,72,72.8,96.0,125,37.2,35.6,37.2,129,35.6,121,49.2,46.8,37.2 / 129,35.6 / 121
8532,NE,White,M,72,70.4,92.3,118,36.1,34.3,36.1,122,34.3,114,47.4,44.9,36.1 / 122,34.3 / 114
8532,NE,Gold,M,72,68.1,88.9,112,35.0,33.1,35.0,112,33.1,112,45.4,43.5,35.0 / 112,33.1 / 112
8532,NE,Red,M,72,67.0,87.4,110,34.7,32.3,34.7,111,32.3,109,45.0,42.4,34.7 / 111,32.3 / 109
8532,NE,Gold,F,72,73.2,101.0,118,37.6,35.6,37.6,122,35.6,114,52.0,49.0,37.6 / 122,35.6 / 114
8532,NE,Red,F,72,71.9,98.9,115,37.2,34.7,37.2,120,34.7,109,51.4,47.5,37.2 / 120,34.7 / 109
8405,NE,Blue,M,72,72.0,94.4,121,36.0,36.0,36.0,121,36.0,121,47.2,47.2,36.0 / 121,36.0 / 121
8405,NE,White,M,72,69.6,91.0,115,34.8,34.8,34.8,115,34.8,115,45.5,45.5,34.8 / 115,34.8 / 115
8405,NE,Red,F,72,72.2,98.8,113,36.1,36.1,36.1,113,36.1,113,49.4,49.4,36.1 / 113,36.1 / 113
8442,NE,Blue,M,70,67.0,87.2,109,33.5,33.5,33.5,109,33.5,109,43.6,43.6,33.5 / 109,33.5 / 109
8442,NE,White,M,70,66.2,86.0,107,33.1,33.1,33.1,107,33.1,107,43.0,43.0,33.1 / 107,33.1 / 107
8442,NE,Gold,M,70,63.4,82.2,101,31.7,31.7,31.7,101,31.7,101,41.1,41.1,31.7 / 101,31.7 / 101
8442,NE,Red,F,70,66.8,91.6,105,33.4,33.4,33.4,105,33.4,105,45.8,45.8,33.4 / 105,33.4 / 105
8445,NE,Blue,M,72,72.5,93.9,115,35.6,36.9,35.6,115,36.9,115,46.3,47.6,35.6 / 115,36.9 / 115
8445,NE,White,M,72,70.1,90.9,112,34.5,35.6,34.5,112,35.6,112,44.9,46.0,34.5 / 112,35.6 / 112
8445,NE,Black,M,72,67.2,86.4,104,32.7,34.5,32.7,98,34.5,109,41.8,44.6,32.7 / 98,34.5 / 109
8445,NE,Red,F,72,70.2,96.4,111,34.0,36.2,34.0,103,36.2,119,46.2,50.2,34.0 / 103,36.2 / 119
8466,NE,Blue,M,72,72.3,95.0,122,35.9,36.4,35.9,116,36.4,128,46.7,48.3,35.9 / 116,36.4 / 128
8466,NE,White,M,72,70.2,92.5,120,35.0,35.2,35.0,115,35.2,125,45.7,46.8,35.0 / 115,35.2 / 125
8466,NE,Gold,M,72,68.2,89.6,115,34.5,33.7,34.5,111,33.7,119,44.8,44.8,34.5 / 111,33.7 / 119
8466,NE,Red,M,72,66.5,86.8,109,33.1,33.4,33.1,105,33.4,113,42.9,43.9,33.1 / 105,33.4 / 113
8466,NE,Gold,F,72,73.5,102.6,124,37.1,36.4,37.1,124,36.4,123,51.7,50.9,37.1 / 124,36.4 / 123
8466,NE,Red,F,72,71.1,99.1,119,35.4,35.7,35.4,115,35.7,122,49.0,50.1,35.4 / 115,35.7 / 122
35761,NE,Blue,M,58,55.0,69.6,79,27.5,27.5,27.5,79,27.5,79,34.8,34.8,27.5 / 79,27.5 / 79
35761,NE,Red,M,58,53.4,67.4,75,26.7,26.7,26.7,75,26.7,75,33.7,33.7,26.7 / 75,26.7 / 75
35761,NE,Blue,F,58,57.4,77.0,83,28.7,28.7,28.7,83,28.7,83,38.5,38.5,28.7 / 83,28.7 / 83
35761,NE,Red,F,58,56.0,74.4,78,28.0,28.0,28.0,78,28.0,78,37.2,37.2,28.0 / 78,28.0 / 78
8467,NE,Blue,M,68,64.1,83.5,105,32.0,32.1,32.0,109,32.1,100,42.1,41.4,32.0 / 109,32.1 / 100
8467,NE,Red,F,68,64.1,87.7,100,31.6,32.5,31.6,99,32.5,101,43.3,44.4,31.6 / 99,32.5 / 101
31251,NE,Blue,M,72,71.4,93.4,118,35.7,35.7,35.7,118,35.7,118,46.7,46.7,35.7 / 118,35.7 / 118
31251,NE,White,M,72,69.4,89.8,110,34.7,34.7,34.7,110,34.7,110,44.9,44.9,34.7 / 110,34.7 / 110
31251,NE,Red,M,72,63.2,81.2,97,31.6,31.6,31.6,97,31.6,97,40.6,40.6,31.6 / 97,31.6 / 97
31251,NE,Red,F,72,68.2,94.2,110,34.1,34.1,34.1,110,34.1,110,47.1,47.1,34.1 / 110,34.1 / 110
8488,NE,Blue,M,72,70.6,92.3,117,35.2,35.4,35.2,119,35.4,114,46.3,46.0,35.2 / 119,35.4 / 114
8488,NE,White,M,72,68.8,90.4,116,34.6,34.2,34.6,116,34.2,116,45.4,45.0,34.6 / 116,34.2 / 116
8488,NE,Gold,M,72,66.5,85.2,101,33.4,33.1,33.4,104,33.1,97,43.1,42.1,33.4 / 104,33.1 / 97
8488,NE,Red,M,72,65.2,83.6,99,33.0,32.2,33.0,102,32.2,96,42.5,41.1,33.0 / 102,32.2 / 96
8488,NE,Gold,F,72,71.3,97.9,113,35.9,35.4,35.9,115,35.4,110,49.5,48.4,35.9 / 115,35.4 / 110
8488,NE,Red,F,72,70.0,95.8,110,35.4,34.6,35.4,113,34.6,106,48.7,47.1,35.4 / 113,34.6 / 106
8469,NE,Blue,M,70,70.8,94.8,129,35.4,35.4,35.4,129,35.4,129,47.4,47.4,35.4 / 129,35.4 / 129
8469,NE,White,M,70,70.0,93.6,127,35.0,35.0,35.0,127,35.0,127,46.8,46.8,35.0 / 127,35.0 / 127
8469,NE,Red,F,70,67.8,94.4,113,33.9,33.9,33.9,113,33.9,113,47.2,47.2,33.9 / 113,33.9 / 113
28454,NE,Black,M,72,71.0,95.6,132,35.5,35.5,35.5,132,35.5,132,47.8,47.8,35.5 / 132,35.5 / 132
28454,NE,White,M,72,68.8,91.8,124,34.4,34.4,34.4,124,34.4,124,45.9,45.9,34.4 / 124,34.4 / 124
28454,NE,Gold,M,72,66.0,85.4,104,33.0,33.0,33.0,104,33.0,104,42.7,42.7,33.0 / 104,33.0 / 104
28454,NE,Gold,F,72,69.8,99.6,126,34.9,34.9,34.9,126,34.9,126,49.8,49.8,34.9 / 126,34.9 / 126
28454,NE,Red,F,72,67.2,93.8,113,33.6,33.6,33.6,113,33.6,113,46.9,46.9,33.6 / 113,33.6 / 113
8523,NE,White/Blue,M,71,68.6,89.4,112,33.4,35.2,33.4,109,35.2,115,43.5,45.9,33.4 / 109,35.2 / 115
8523,NE,Green/Black,M,71,65.1,83.9,102,31.7,33.4,31.7,96,33.4,107,40.6,43.3,31.7 / 96,33.4 / 107
8523,NE,Red/Yellow,M,71,62.0,79.4,94,30.8,31.2,30.8,90,31.2,97,39.2,40.2,30.8 / 90,31.2 / 97
8523,NE,Green/Black,F,72,70.3,97.6,116,34.1,36.2,34.1,111,36.2,120,47.2,50.4,34.1 / 111,36.2 / 120
8523,NE,Red/Yellow,F,72,65.7,90.7,106,32.4,33.3,32.4,103,33.3,109,44.6,46.1,32.4 / 103,33.3 / 109
8423,NE,Black,M,67,65.6,86.0,110,34.6,31.0,34.6,116,31.0,103,45.4,40.6,34.6 / 116,31.0 / 103
8423,NE,Green,M,67,63.8,84.1,109,33.4,30.4,33.4,116,30.4,102,44.2,39.9,33.4 / 116,30.4 / 102
8423,NE,Black,F,68,70.2,97.9,118,37.2,33.0,37.2,128,33.0,107,52.3,45.6,37.2 / 128,33.0 / 107
8423,NE,Green,F,68,67.4,93.2,110,35.6,31.8,35.6,118,31.8,101,49.5,43.7,35.6 / 118,31.8 / 101
8480,NE,Thorns,M,71,75.2,102.9,149,38.1,37.1,38.1,147,37.1,151,51.8,51.1,38.1 / 147,37.1 / 151
8480,NE,Green,M,71,73.3,100.0,144,37.2,36.1,37.2,141,36.1,146,50.3,49.7,37.2 / 141,36.1 / 146
8480,NE,Green/Gold,M,71,72.5,98.4,140,36.8,35.7,36.8,139,35.7,140,49.7,48.7,36.8 / 139,35.7 / 140
8480,NE,Gold,M,71,71.6,96.8,136,36.1,35.5,36.1,135,35.5,137,48.6,48.2,36.1 / 135,35.5 / 137
8480,NE,Gold/Blue,M,71,70.6,95.7,135,35.5,35.1,35.5,133,35.1,137,47.9,47.8,35.5 / 133,35.1 / 137
8480,NE,Blue,M,71,69.4,94.2,133,34.9,34.5,34.9,133,34.5,133,47.3,46.9,34.9 / 133,34.5 / 133
8480,NE,White,M,71,67.4,90.6,125,33.9,33.5,33.9,125,33.5,125,45.5,45.1,33.9 / 125,33.5 / 125
8480,NE,White,F,71,72.6,103.9,133,36.4,36.2,36.4,136,36.2,130,52.4,51.5,36.4 / 136,36.2 / 130
8480,NE,Red,F,71,69.6,98.2,121,34.8,34.8,34.8,120,34.8,122,49.0,49.2,34.8 / 120,34.8 / 122
34385,NE,Gold,M,54,56.6,74.6,97,28.3,28.3,28.3,97,28.3,97,37.3,37.3,28.3 / 97,28.3 / 97
34385,NE,Blue,M,54,55.4,72.8,94,27.7,27.7,27.7,94,27.7,94,36.4,36.4,27.7 / 94,27.7 / 94
34385,NE,Red,M,54,53.4,70.2,90,26.7,26.7,26.7,90,26.7,90,35.1,35.1,26.7 / 90,26.7 / 90
34385,NE,Gold,F,54,58.2,80.2,93,29.1,29.1,29.1,93,29.1,93,40.1,40.1,29.1 / 93,29.1 / 93
34385,NE,Blue,F,54,57.0,78.6,92,28.5,28.5,28.5,92,28.5,92,39.3,39.3,28.5 / 92,28.5 / 92
34385,NE,Red,F,54,55.4,76.0,87,27.7,27.7,27.7,87,27.7,87,38.0,38.0,27.7 / 87,27.7 / 87
8508,NE,Silver,M,72,73.2,96.4,125,35.9,37.3,35.9,124,37.3,126,47.4,49.0,35.9 / 124,37.3 / 126
8508,NE,Black,M,72,71.3,93.8,121,34.7,36.6,34.7,118,36.6,124,45.7,48.1,34.7 / 118,36.6 / 124
8508,NE,Blue,M,72,70.2,91.6,115,34.1,36.1,34.1,111,36.1,119,44.4,47.2,34.1 / 111,36.1 / 119
8508,NE,White,M,72,67.8,88.6,112,33.1,34.7,33.1,108,34.7,116,43.1,45.5,33.1 / 108,34.7 / 116
8508,NE,Red,M,72,65.8,86.7,113,32.0,33.8,32.0,110,33.8,115,42.2,44.5,32.0 / 110,33.8 / 115
8508,NE,White,F,72,73.3,103.9,130,35.7,37.6,35.7,126,37.6,134,50.5,53.4,35.7 / 126,37.6 / 134
8508,NE,Red,F,72,71.6,100.6,123,34.9,36.7,34.9,121,36.7,125,49.2,51.4,34.9 / 121,36.7 / 125
8546,NE,Black,M,72,71.8,94.2,121,35.9,35.9,35.9,121,35.9,121,47.1,47.1,35.9 / 121,35.9 / 121
8546,NE,Blue,M,72,68.2,89.8,116,34.1,34.1,34.1,116,34.1,116,44.9,44.9,34.1 / 116,34.1 / 116
8546,NE,White,M,72,65.2,83.6,99,32.6,32.6,32.6,99,32.6,99,41.8,41.8,32.6 / 99,32.6 / 99
8546,NE,Red,M,72,61.6,78.8,93,30.8,30.8,30.8,93,30.8,93,39.4,39.4,30.8 / 93,30.8 / 93
8546,NE,White,F,72,69.6,95.6,110,34.8,34.8,34.8,110,34.8,110,47.8,47.8,34.8 / 110,34.8 / 110
8546,NE,Red,F,72,64.6,88.4,101,32.3,32.3,32.3,101,32.3,101,44.2,44.2,32.3 / 101,32.3 / 101
8524,NE,Blue,M,70,70.0,93.2,125,35.0,35.0,35.0,125,35.0,125,46.6,46.6,35.0 / 125,35.0 / 125
8524,NE,White,M,70,67.6,90.4,123,33.8,33.8,33.8,123,33.8,123,45.2,45.2,33.8 / 123,33.8 / 123
8524,NE,Red,M,70,63.8,85.4,116,31.9,31.9,31.9,116,31.9,116,42.7,42.7,31.9 / 116,31.9 / 116
8524,NE,White,F,72,74.0,102.0,119,37.0,37.0,37.0,119,37.0,119,51.0,51.0,37.0 / 119,37.0 / 119
8524,NE,Red,F,72,68.6,95.8,115,34.3,34.3,34.3,115,34.3,115,47.9,47.9,34.3 / 115,34.3 / 115
26295,NE,Blue,M,72,72.2,96.8,132,36.1,36.1,36.1,132,36.1,132,48.4,48.4,36.1 / 132,36.1 / 132
26295,NE,White,M,72,69.4,92.6,125,34.7,34.7,34.7,125,34.7,125,46.3,46.3,34.7 / 125,34.7 / 125
26295,NE,Gold,M,72,65.6,86.6,113,32.8,32.8,32.8,113,32.8,113,43.3,43.3,32.8 / 113,32.8 / 113
26295,NE,Red,M,72,62.6,82.4,107,31.3,31.3,31.3,107,31.3,107,41.2,41.2,31.3 / 107,31.3 / 107
26295,NE,Gold,F,72,71.2,98.6,116,35.6,35.6,35.6,116,35.6,116,49.3,49.3,35.6 / 116,35.6 / 116
26295,NE,Red,F,72,66.4,91.8,108,33.2,33.2,33.2,108,33.2,108,45.9,45.9,33.2 / 108,33.2 / 108
8425,NE,Black,M,71,72.2,96.6,132,35.9,36.3,35.9,136,36.3,127,48.5,48.1,35.9 / 136,36.3 / 127
8425,NE,Blue,M,71,70.8,94.8,129,35.1,35.7,35.1,133,35.7,125,47.5,47.3,35.1 / 133,35.7 / 125
8425,NE,White,M,71,68.8,92.4,127,34.2,34.6,34.2,129,34.6,125,46.2,46.2,34.2 / 129,34.6 / 125
8425,NE,White/Red,M,71,67.7,90.1,121,33.6,34.1,33.6,122,34.1,119,44.9,45.2,33.6 / 122,34.1 / 119
8425,NE,Red,M,71,65.1,86.7,116,32.6,32.5,32.6,118,32.5,114,43.6,43.1,32.6 / 118,32.5 / 114
8425,NE,White,F,71,74.7,105.8,132,37.0,37.7,37.0,128,37.7,136,52.1,53.7,37.0 / 128,37.7 / 136
8425,NE,White/Red,F,71,73.2,104.3,132,36.1,37.1,36.1,130,37.1,134,51.4,52.9,36.1 / 130,37.1 / 134
8425,NE,Red,F,71,70.0,99.3,125,35.2,34.8,35.2,126,34.8,123,50.0,49.3,35.2 / 126,34.8 / 123
20705,NE,Blue,M,72,72.4,95.0,122,36.2,36.2,36.2,122,36.2,122,47.5,47.5,36.2 / 122,36.2 / 122
20705,NE,White,M,72,70.6,92.8,119,35.3,35.3,35.3,119,35.3,119,46.4,46.4,35.3 / 119,35.3 / 119
20705,NE,Gold,M,72,66.6,88.0,115,33.3,33.3,33.3,115,33.3,115,44.0,44.0,33.3 / 115,33.3 / 115
20705,NE,Red,M,72,62.4,82.2,107,31.2,31.2,31.2,107,31.2,107,41.1,41.1,31.2 / 107,31.2 / 107
20705,NE,Gold,F,72,72.4,100.8,120,36.2,36.2,36.2,120,36.2,120,50.4,50.4,36.2 / 120,36.2 / 120
20705,NE,Red,F,72,65.6,91.0,108,32.8,32.8,32.8,108,32.8,108,45.5,45.5,32.8 / 108,32.8 / 108
8385,NE,White,M,68,64.4,85.0,111,32.2,32.2,32.2,111,32.2,111,42.5,42.5,32.2 / 111,32.2 / 111
8385,NE,Red,F,72,67.8,93.2,108,33.9,33.9,33.9,108,33.9,108,46.6,46.6,33.9 / 108,33.9 / 108
15198,NE,Black,M,72,70.2,92.0,117,35.1,35.1,35.1,117,35.1,117,46.0,46.0,35.1 / 117,35.1 / 117
15198,NE,Blue,M,72,68.0,89.4,115,34.0,34.0,34.0,115,34.0,115,44.7,44.7,34.0 / 115,34.0 / 115
15198,NE,Red,M,72,64.8,84.4,105,32.4,32.4,32.4,105,32.4,105,42.2,42.2,32.4 / 105,32.4 / 105
15198,NE,Red,F,74,69.8,97.8,119,34.9,34.9,34.9,119,34.9,119,48.9,48.9,34.9 / 119,34.9 / 119
34621,NE,Bulls,M,72,74.2,98.0,128,37.1,37.1,37.1,129,37.1,127,49.1,48.9,37.1 / 129,37.1 / 127
34621,NE,Stallions,M,72,71.9,94.8,124,35.9,36.0,35.9,124,36.0,123,47.4,47.4,35.9 / 124,36.0 / 123
34621,NE,Stallions/Owls,M,72,70.5,93.0,121,35.4,35.1,35.4,126,35.1,116,47.1,45.9,35.4 / 126,35.1 / 116
34621,NE,Owls,M,72,69.3,90.9,117,34.6,34.7,34.6,122,34.7,111,45.9,45.0,34.6 / 122,34.7 / 111
34621,NE,Meadowlarks,M,72,63.9,83.7,107,31.7,32.2,31.7,109,32.2,104,41.8,41.9,31.7 / 109,32.2 / 104
34621,NE,Owls,F,72,75.3,105.3,128,37.8,37.5,37.8,129,37.5,126,53.0,52.3,37.8 / 129,37.5 / 126
34621,NE,Meadowlarks,F,72,69.3,96.6,116,34.7,34.6,34.7,117,34.6,114,48.5,48.1,34.7 / 117,34.6 / 114
8464,NE,Gold,M,71,74.1,98.7,133,36.5,37.6,36.5,130,37.6,135,48.6,50.1,36.5 / 130,37.6 / 135
8464,NE,Green,M,71,72.7,96.7,129,35.7,37.0,35.7,127,37.0,131,47.5,49.2,35.7 / 127,37.0 / 131
8464,NE,Blue,M,71,71.0,94.8,128,35.1,35.9,35.1,125,35.9,131,46.7,48.1,35.1 / 125,35.9 / 131
8464,NE,Blue/White,M,71,69.4,92.3,127,34.5,34.9,34.5,126,34.9,128,46.2,46.8,34.5 / 126,34.9 / 128
8464,NE,White,M,71,67.5,90.2,125,33.6,34.2,33.6,124,34.2,125,45.1,45.8,33.6 / 124,34.2 / 125
8464,NE,Red,M,71,65.5,87.1,116,32.6,32.9,32.6,119,32.9,113,43.7,43.4,32.6 / 119,32.9 / 113
8464,NE,Blue,F,72,77.2,109.0,135,38.1,39.1,38.1,126,39.1,144,52.9,56.1,38.1 / 126,39.1 / 144
8464,NE,Blue/White,F,72,75.5,106.5,132,37.4,38.1,37.4,125,38.1,138,52.1,54.4,37.4 / 125,38.1 / 138
8464,NE,White,F,72,73.7,103.9,128,36.5,37.2,36.5,120,37.2,136,50.7,53.2,36.5 / 120,37.2 / 136
8464,NE,Red,F,72,70.8,100.0,124,35.3,35.5,35.3,126,35.5,122,50.1,49.9,35.3 / 126,35.5 / 122
8515,NE,White,M,72,68.8,90.6,117,34.4,34.4,34.4,117,34.4,117,45.3,45.3,34.4 / 117,34.4 / 117
8515,NE,Red,M,72,65.6,85.4,107,32.8,32.8,32.8,107,32.8,107,42.7,42.7,32.8 / 107,32.8 / 107
8515,NE,White,F,72,75.0,103.4,120,37.5,37.5,37.5,120,37.5,120,51.7,51.7,37.5 / 120,37.5 / 120
8515,NE,Red,F,72,70.0,96.4,112,35.0,35.0,35.0,112,35.0,112,48.2,48.2,35.0 / 112,35.0 / 112
8516,NE,White,M,70,68.4,88.2,107,34.2,34.2,34.2,107,34.2,107,44.1,44.1,34.2 / 107,34.2 / 107
8516,NE,Red,M,70,64.8,83.2,99,32.4,32.4,32.4,99,32.4,99,41.6,41.6,32.4 / 99,32.4 / 99
8516,NE,White,F,70,74.2,101.4,115,37.1,37.1,37.1,115,37.1,115,50.7,50.7,37.1 / 115,37.1 / 115
8516,NE,Red,F,70,69.8,94.8,106,34.9,34.9,34.9,106,34.9,106,47.4,47.4,34.9 / 106,34.9 / 106
8406,NE,Blue,M,72,74.6,99.9,136,36.5,38.1,36.5,131,38.1,141,48.7,51.2,36.5 / 131,38.1 / 141
8406,NE,White,M,72,72.4,96.9,132,35.6,36.8,35.6,128,36.8,136,47.5,49.4,35.6 / 128,36.8 / 136
8406,NE,White/Green,M,72,71.6,96.1,132,35.4,36.2,35.4,128,36.2,136,47.3,48.8,35.4 / 128,36.2 / 136
8406,NE,Green,M,72,70.5,94.7,131,34.5,36.0,34.5,125,36.0,136,46.1,48.6,34.5 / 125,36.0 / 136
8406,NE,Gold,M,72,68.9,90.8,118,33.8,35.1,33.8,119,35.1,116,44.9,45.9,33.8 / 119,35.1 / 116
8406,NE,Red,M,72,66.1,86.6,111,31.9,34.2,31.9,110,34.2,111,42.1,44.5,31.9 / 110,34.2 / 111
8406,NE,White,F,72,78.3,110.1,135,38.4,39.9,38.4,132,39.9,137,54.0,56.1,38.4 / 132,39.9 / 137
8406,NE,Green,F,72,76.5,108.4,135,37.1,39.4,37.1,132,39.4,138,52.7,55.7,37.1 / 132,39.4 / 138
8406,NE,Gold,F,72,74.0,104.8,131,36.1,37.9,36.1,128,37.9,133,51.2,53.6,36.1 / 128,37.9 / 133
8406,NE,Red,F,72,71.1,99.8,122,34.3,36.8,34.3,114,36.8,130,47.7,52.1,34.3 / 114,36.8 / 130
30147,NE,Blue,M,72,70.8,92.8,118,35.4,35.4,35.4,118,35.4,118,46.4,46.4,35.4 / 118,35.4 / 118
30147,NE,White/Blue,M,72,69.7,91.2,116,34.3,35.4,34.3,113,35.4,118,44.8,46.4,34.3 / 113,35.4 / 118
30147,NE,White,M,72,68.6,89.6,113,34.3,34.3,34.3,113,34.3,113,44.8,44.8,34.3 / 113,34.3 / 113
30147,NE,Red,M,72,63.8,82.8,102,31.9,31.9,31.9,102,31.9,102,41.4,41.4,31.9 / 102,31.9 / 102
30147,NE,Red,F,72,68.4,94.0,109,34.2,34.2,34.2,109,34.2,109,47.0,47.0,34.2 / 109,34.2 / 109
8391,NE,Blue,M,71,69.9,92.8,124,34.2,35.7,34.2,122,35.7,125,45.5,47.3,34.2 / 122,35.7 / 125
8391,NE,White,M,71,68.9,91.4,122,33.7,35.2,33.7,122,35.2,121,45.0,46.4,33.7 / 122,35.2 / 121
8391,NE,Gold,M,71,65.0,85.1,108,32.3,32.7,32.3,111,32.7,105,42.6,42.5,32.3 / 111,32.7 / 105
8391,NE,Red,F,72,68.1,94.8,113,33.6,34.5,33.6,116,34.5,110,47.3,47.5,33.6 / 116,34.5 / 110
8539,NE,Blue,M,72,72.4,95.8,126,36.2,36.2,36.2,126,36.2,126,47.9,47.9,36.2 / 126,36.2 / 126
8539,NE,White,M,72,71.0,94.0,124,35.5,35.5,35.5,124,35.5,124,47.0,47.0,35.5 / 124,35.5 / 124
8539,NE,Red,M,72,67.6,89.0,115,33.8,33.8,33.8,115,33.8,115,44.5,44.5,33.8 / 115,33.8 / 115
8539,NE,Gold,M,72,63.2,82.8,105,31.6,31.6,31.6,105,31.6,105,41.4,41.4,31.6 / 105,31.6 / 105
8539,NE,Red,F,72,72.8,100.8,119,36.4,36.4,36.4,119,36.4,119,50.4,50.4,36.4 / 119,36.4 / 119
8539,NE,Gold,F,72,66.2,92.0,109,33.1,33.1,33.1,109,33.1,109,46.0,46.0,33.1 / 109,33.1 / 109
8413,NE,Blue,M,70,70.3,93.1,123,35.7,34.6,35.7,130,34.6,115,47.8,45.3,35.7 / 130,34.6 / 115
8413,NE,White,M,70,69.1,91.3,120,35.0,34.1,35.0,124,34.1,115,46.5,44.8,35.0 / 124,34.1 / 115
8413,NE,Yellow,M,70,63.7,83.4,106,31.9,31.8,31.9,112,31.8,100,42.3,41.1,31.9 / 112,31.8 / 100
8413,NE,Red,M,70,62.6,81.8,104,31.1,31.5,31.1,109,31.5,98,41.2,40.6,31.1 / 109,31.5 / 98
8413,NE,Yellow,F,70,68.5,95.5,115,34.8,33.7,34.8,117,33.7,112,48.6,46.9,34.8 / 117,33.7 / 112
8413,NE,Red,F,70,66.8,92.3,109,33.6,33.2,33.6,109,33.2,108,46.4,45.9,33.6 / 109,33.2 / 108
8424,NE,Gold,M,72,74.2,98.3,130,36.9,37.3,36.9,130,37.3,129,49.0,49.3,36.9 / 130,37.3 / 129
8424,NE,Black,M,72,72.0,95.1,125,35.7,36.3,35.7,124,36.3,125,47.2,47.9,35.7 / 124,36.3 / 125
8424,NE,Blue/Black,M,72,70.7,93.5,123,35.2,35.5,35.2,122,35.5,124,46.5,47.0,35.2 / 122,35.5 / 124
8424,NE,Blue,M,72,69.9,91.9,119,34.5,35.4,34.5,116,35.4,121,45.3,46.6,34.5 / 116,35.4 / 121
8424,NE,White/Blue,M,72,68.1,89.6,116,33.9,34.2,33.9,111,34.2,121,44.2,45.4,33.9 / 111,34.2 / 121
8424,NE,White,M,72,66.6,87.2,111,33.0,33.6,33.0,105,33.6,116,42.8,44.4,33.0 / 105,33.6 / 116
8424,NE,Yellow,M,72,65.2,85.5,109,32.3,32.9,32.3,102,32.9,116,41.8,43.7,32.3 / 102,32.9 / 116
8424,NE,Green,M,72,62.3,81.5,104,31.4,30.9,31.4,99,30.9,108,40.6,40.9,31.4 / 99,30.9 / 108
8424,NE,Blue,F,72,75.4,105.2,127,37.1,38.3,37.1,124,38.3,129,51.7,53.5,37.1 / 124,38.3 / 129
8424,NE,White/Blue,F,72,73.3,101.9,122,36.2,37.1,36.2,119,37.1,124,50.2,51.7,36.2 / 119,37.1 / 124
8424,NE,White,F,72,71.4,99.3,118,35.1,36.3,35.1,114,36.3,122,48.6,50.7,35.1 / 114,36.3 / 122
8424,NE,Yellow,F,72,69.9,97.0,115,34.3,35.6,34.3,111,35.6,119,47.4,49.6,34.3 / 111,35.6 / 119
8424,NE,Green,F,72,65.2,90.0,105,32.6,32.6,32.6,104,32.6,106,44.9,45.1,32.6 / 104,32.6 / 106
8471,NE,Blue,M,72,73.9,96.7,123,37.2,36.7,37.2,116,36.7,129,48.0,48.7,37.2 / 116,36.7 / 129
8471,NE,White,M,72,71.8,94.1,120,36.3,35.5,36.3,115,35.5,125,47.0,47.1,36.3 / 115,35.5 / 125
8471,NE,White/Gold,M,72,70.9,92.6,117,35.7,35.2,35.7,112,35.2,122,46.1,46.5,35.7 / 112,35.2 / 122
8471,NE,Gold,M,72,70.4,92.3,118,35.5,34.9,35.5,116,34.9,119,46.3,46.0,35.5 / 116,34.9 / 119
8471,NE,Gold/Red,M,72,68.7,90.0,115,34.7,34.0,34.7,112,34.0,117,45.1,44.9,34.7 / 112,34.0 / 117
8471,NE,Red,M,72,66.5,87.2,112,33.4,33.1,33.4,110,33.1,113,43.6,43.6,33.4 / 110,33.1 / 113
8471,NE,Red/Forward,M,72,63.7,83.3,106,32.2,31.5,32.2,104,31.5,107,41.9,41.4,32.2 / 104,31.5 / 107
8471,NE,Forward,M,72,61.5,80.4,102,30.8,30.7,30.8,100,30.7,103,40.1,40.3,30.8 / 100,30.7 / 103
8471,NE,White,F,72,77.5,108.6,132,39.1,38.4,39.1,131,38.4,132,54.6,54.0,39.1 / 131,38.4 / 132
8471,NE,Gold,F,72,75.7,105.9,128,38.2,37.5,38.2,127,37.5,129,53.2,52.7,38.2 / 127,37.5 / 129
8471,NE,Gold/Red,F,72,73.8,102.9,124,37.2,36.6,37.2,123,36.6,124,51.7,51.2,37.2 / 123,36.6 / 124
8471,NE,Red,F,72,71.5,99.4,119,35.8,35.7,35.8,117,35.7,120,49.6,49.8,35.8 / 117,35.7 / 120
8471,NE,Red/Forward,F,72,67.8,94.0,111,34.3,33.5,34.3,111,33.5,111,47.4,46.6,34.3 / 111,33.5 / 111
8471,NE,Forward,F,72,64.5,88.9,104,32.3,32.2,32.3,102,32.2,105,44.3,44.6,32.3 / 102,32.2 / 105
8435,NE,Blue,M,72,73.2,95.5,120,36.5,36.7,36.5,123,36.7,117,47.9,47.6,36.5 / 123,36.7 / 117
8435,NE,Blue/Green,M,72,71.3,93.5,120,35.8,35.5,35.8,121,35.5,118,47.0,46.5,35.8 / 121,35.5 / 118
8435,NE,Green,M,72,69.6,91.6,118,35.0,34.6,35.0,118,34.6,118,46.0,45.6,35.0 / 118,34.6 / 118
8435,NE,White,M,72,67.3,88.2,113,33.8,33.5,33.8,112,33.5,113,44.2,44.0,33.8 / 112,33.5 / 113
8435,NE,Gold,M,72,64.0,83.4,105,31.5,32.5,31.5,99,32.5,110,40.7,42.7,31.5 / 99,32.5 / 110
8435,NE,Red,M,72,62.6,81.4,102,30.9,31.7,30.9,96,31.7,107,39.8,41.6,30.9 / 96,31.7 / 107
8435,NE,White,F,72,72.6,103.1,130,36.7,35.9,36.7,128,35.9,131,51.8,51.3,36.7 / 128,35.9 / 131
8435,NE,Gold,F,72,68.8,97.4,121,33.9,34.9,33.9,116,34.9,126,47.6,49.8,33.9 / 116,34.9 / 126
8435,NE,Red,F,72,67.1,94.7,117,33.1,34.0,33.1,113,34.0,121,46.4,48.3,33.1 / 113,34.0 / 121
8540,NE,Blue,M,72,70.4,92.6,119,35.2,35.2,35.2,119,35.2,119,46.3,46.3,35.2 / 119,35.2 / 119
8540,NE,White,M,72,69.4,91.0,116,34.7,34.7,34.7,116,34.7,116,45.5,45.5,34.7 / 116,34.7 / 116
8540,NE,Red,M,72,66.2,86.0,107,33.1,33.1,33.1,107,33.1,107,43.0,43.0,33.1 / 107,33.1 / 107
8540,NE,White,F,72,75.8,105.4,126,37.9,37.9,37.9,126,37.9,126,52.7,52.7,37.9 / 126,37.9 / 126
8540,NE,Red,F,72,71.8,99.4,117,35.9,35.9,35.9,117,35.9,117,49.7,49.7,35.9 / 117,35.9 / 117
8498,NE,Blue,M,72,70.3,94.1,128,35.3,35.0,35.3,126,35.0,130,47.0,47.1,35.3 / 126,35.0 / 130
8498,NE,White,M,72,69.3,92.5,125,34.6,34.7,34.6,125,34.7,125,46.2,46.3,34.6 / 125,34.7 / 125
8498,NE,Red,M,72,65.4,85.7,109,32.6,32.8,32.6,105,32.8,113,42.4,43.3,32.6 / 105,32.8 / 113
8498,NE,Yellow,M,72,59.9,78.0,98,30.0,29.9,30.0,94,29.9,101,38.7,39.3,30.0 / 94,29.9 / 101
8498,NE,White,F,72,74.6,104.3,126,37.4,37.2,37.4,123,37.2,129,51.9,52.4,37.4 / 123,37.2 / 129
8498,NE,Red,F,72,70.3,97.8,117,34.9,35.4,34.9,112,35.4,121,48.1,49.7,34.9 / 112,35.4 / 121
8498,NE,Yellow,F,72,61.0,83.9,97,30.4,30.6,30.4,93,30.6,101,41.4,42.5,30.4 / 93,30.6 / 101
17926,NE,Black,M,72,72.5,94.7,120,36.1,36.4,36.1,118,36.4,121,47.1,47.6,36.1 / 118,36.4 / 121
17926,NE,Blue,M,72,70.9,92.6,117,35.3,35.6,35.3,115,35.6,118,46.0,46.6,35.3 / 115,35.6 / 118
17926,NE,White,M,72,68.3,88.3,108,34.3,34.0,34.3,111,34.0,104,44.6,43.7,34.3 / 111,34.0 / 104
17926,NE,Yellow,M,72,63.7,82.0,99,32.1,31.6,32.1,101,31.6,96,41.5,40.5,32.1 / 101,31.6 / 96
17926,NE,Green,M,72,61.5,79.2,96,30.6,30.9,30.6,97,30.9,94,39.6,39.6,30.6 / 97,30.9 / 94
17926,NE,Blue,F,72,77.3,106.7,125,38.2,39.1,38.2,125,39.1,125,52.9,53.8,38.2 / 125,39.1 / 125
17926,NE,White,F,72,73.8,101.8,119,37.1,36.7,37.1,120,36.7,117,51.3,50.5,37.1 / 120,36.7 / 117
17926,NE,Yellow,F,72,67.5,93.3,110,33.9,33.6,33.9,112,33.6,107,47.1,46.2,33.9 / 112,33.6 / 107
17926,NE,Green,F,72,64.3,88.4,102,31.9,32.4,31.9,101,32.4,103,43.8,44.6,31.9 / 101,32.4 / 103
8398,NE,Blue,M,70,65.4,87.2,117,32.7,32.7,32.7,117,32.7,117,43.6,43.6,32.7 / 117,32.7 / 117
8398,NE,Blue,F,70,71.6,99.8,120,35.8,35.8,35.8,120,35.8,120,49.9,49.9,35.8 / 120,35.8 / 120
8398,NE,Red,F,70,66.2,93.8,117,33.1,33.1,33.1,117,33.1,117,46.9,46.9,33.1 / 117,33.1 / 117
8439,NE,Blue,M,71,71.3,93.5,120,34.9,36.4,34.9,116,36.4,123,45.7,47.8,34.9 / 116,36.4 / 123
8439,NE,White,M,71,69.7,91.6,118,33.8,35.9,33.8,116,35.9,119,44.6,47.0,33.8 / 116,35.9 / 119
8439,NE,Gold,M,71,66.9,87.5,111,32.9,34.0,32.9,109,34.0,113,43.0,44.5,32.9 / 109,34.0 / 113
8439,NE,White,F,73,75.5,106.2,130,36.4,39.1,36.4,120,39.1,140,50.6,55.6,36.4 / 120,39.1 / 140
8439,NE,Gold,F,73,72.1,101.0,123,35.2,36.9,35.2,114,36.9,131,48.7,52.3,35.2 / 114,36.9 / 131
8439,NE,Red,F,73,71.7,100.3,121,35.4,36.3,35.4,115,36.3,127,49.0,51.3,35.4 / 115,36.3 / 127
8443,NE,Tournament,M,72,71.9,94.5,122,36.0,35.9,36.0,125,35.9,118,47.6,46.9,36.0 / 125,35.9 / 118
8443,NE,Club,M,72,70.8,93.0,120,35.3,35.5,35.3,123,35.5,116,46.7,46.3,35.3 / 123,35.5 / 116
8443,NE,Gold,M,72,68.0,88.9,113,33.9,34.1,33.9,113,34.1,112,44.4,44.5,33.9 / 113,34.1 / 112
8443,NE,Red,M,72,67.4,88.2,112,33.6,33.8,33.6,112,33.8,112,44.0,44.2,33.6 / 112,33.8 / 112
8443,NE,Gold,F,72,73.0,100.9,119,36.3,36.7,36.3,120,36.7,117,50.4,50.5,36.3 / 120,36.7 / 117
8443,NE,Red,F,72,72.7,100.4,118,36.1,36.6,36.1,119,36.6,116,50.1,50.3,36.1 / 119,36.6 / 116
8420,NE,Black,M,71,71.6,96.7,135,35.6,36.0,35.6,124,36.0,146,47.1,49.6,35.6 / 124,36.0 / 146
8420,NE,Gold,M,71,69.8,94.2,132,34.5,35.3,34.5,124,35.3,139,46.0,48.2,34.5 / 124,35.3 / 139
8420,NE,Blue,M,71,67.4,87.4,108,33.5,33.9,33.5,105,33.9,110,43.3,44.1,33.5 / 105,33.9 / 110
8420,NE,White,M,71,64.9,84.6,106,32.1,32.8,32.1,105,32.8,107,41.9,42.7,32.1 / 105,32.8 / 107
8420,NE,Gold,F,71,75.7,106.5,131,37.3,38.4,37.3,126,38.4,135,52.2,54.3,37.3 / 126,38.4 / 135
8420,NE,Blue,F,71,73.3,102.9,126,36.1,37.2,36.1,122,37.2,129,50.5,52.4,36.1 / 122,37.2 / 129
8420,NE,White,F,70,70.0,98.0,119,34.6,35.4,34.6,116,35.4,121,48.3,49.7,34.6 / 116,35.4 / 121
8420,NE,Red,F,70,66.7,92.6,110,33.3,33.4,33.3,111,33.4,109,46.4,46.2,33.3 / 111,33.4 / 109
8417,NE,Blue,M,72,71.5,93.2,117,35.6,35.9,35.6,118,35.9,115,46.6,46.6,35.6 / 118,35.9 / 115
8417,NE,White,M,72,69.9,91.2,115,35.0,34.9,35.0,115,34.9,114,45.7,45.5,35.0 / 115,34.9 / 114
8417,NE,Black,M,72,66.1,85.6,105,33.1,33.0,33.1,105,33.0,104,42.9,42.7,33.1 / 105,33.0 / 104
8417,NE,Red,M,72,65.4,84.7,104,32.7,32.7,32.7,103,32.7,104,42.3,42.4,32.7 / 103,32.7 / 104
8417,NE,Green,M,72,64.5,83.3,101,32.2,32.3,32.2,102,32.3,100,41.7,41.6,32.2 / 102,32.3 / 100
8417,NE,Gold,M,72,61.1,78.6,95,30.6,30.5,30.6,95,30.5,94,39.4,39.2,30.6 / 95,30.5 / 94
8417,NE,Blue,F,72,78.0,107.8,127,38.9,39.1,38.9,125,39.1,128,53.6,54.2,38.9 / 125,39.1 / 128
8417,NE,White,F,72,76.0,104.9,123,38.0,38.0,38.0,121,38.0,124,52.3,52.6,38.0 / 121,38.0 / 124
8417,NE,Black,F,72,71.9,98.6,114,36.0,35.9,36.0,113,35.9,114,49.3,49.3,36.0 / 113,35.9 / 114
8417,NE,Red,F,72,70.8,97.2,112,35.5,35.3,35.5,111,35.3,113,48.6,48.6,35.5 / 111,35.3 / 113
8417,NE,Green,F,72,69.7,95.9,111,34.9,34.8,34.9,111,34.8,111,48.0,47.9,34.9 / 111,34.8 / 111
8417,NE,Gold,F,72,64.9,88.4,100,32.7,32.2,32.7,99,32.2,100,44.4,44.0,32.7 / 99,32.2 / 100
35975,NE,White,M,54,53.8,68.0,76,26.9,26.9,26.9,76,26.9,76,34.0,34.0,26.9 / 76,26.9 / 76
35975,NE,Yellow,M,54,52.4,65.6,71,26.2,26.2,26.2,71,26.2,71,32.8,32.8,26.2 / 71,26.2 / 71
35975,NE,White,F,54,56.0,74.6,79,28.0,28.0,28.0,79,28.0,79,37.3,37.3,28.0 / 79,28.0 / 79
35975,NE,Yellow,F,54,54.4,72.0,75,27.2,27.2,27.2,75,27.2,75,36.0,36.0,27.2 / 75,27.2 / 75
8432,NE,Blue,M,72,73.2,96.8,127,36.4,36.8,36.4,131,36.8,123,48.6,48.2,36.4 / 131,36.8 / 123
8432,NE,White,M,72,71.5,94.5,124,35.7,35.8,35.7,126,35.8,122,47.4,47.1,35.7 / 126,35.8 / 122
8432,NE,Gold,M,72,68.3,89.9,116,34.4,33.9,34.4,116,33.9,116,45.2,44.7,34.4 / 116,33.9 / 116
8432,NE,Red,M,72,63.7,83.6,107,32.3,31.4,32.3,109,31.4,105,42.4,41.2,32.3 / 109,31.4 / 105
8432,NE,White,F,72,78.0,109.5,134,39.1,38.9,39.1,137,38.9,131,55.2,54.3,39.1 / 137,38.9 / 131
8432,NE,Gold,F,72,73.9,103.4,125,37.2,36.7,37.2,129,36.7,121,52.4,51.0,37.2 / 129,36.7 / 121
8432,NE,Red,F,72,68.4,95.1,114,34.9,33.5,34.9,119,33.5,108,48.9,46.2,34.9 / 119,33.5 / 108
8513,NE,Blue,M,71,70.2,94.1,129,34.9,35.3,34.9,130,35.3,127,47.0,47.1,34.9 / 130,35.3 / 127
8513,NE,White,M,71,68.4,90.4,118,33.9,34.5,33.9,117,34.5,119,44.8,45.6,33.9 / 117,34.5 / 119
8513,NE,Red,M,71,65.3,85.7,110,32.2,33.1,32.2,108,33.1,112,42.2,43.5,32.2 / 108,33.1 / 112
8513,NE,Gold,M,71,61.6,80.9,104,30.5,31.1,30.5,103,31.1,104,40.1,40.8,30.5 / 103,31.1 / 104
8513,NE,Blue,F,72,76.0,107.5,134,37.8,38.2,37.8,131,38.2,137,53.2,54.3,37.8 / 131,38.2 / 137
8513,NE,White,F,72,73.8,104.2,129,36.6,37.2,36.6,126,37.2,132,51.4,52.8,36.6 / 126,37.2 / 132
8513,NE,Red,F,72,69.9,97.9,119,34.4,35.5,34.4,114,35.5,123,47.9,50.0,34.4 / 114,35.5 / 123
8513,NE,Gold,F,72,64.3,90.7,112,32.0,32.3,32.0,109,32.3,114,44.9,45.8,32.0 / 109,32.3 / 114
17931,NE,Blue,M,72,72.2,95.0,123,36.1,36.1,36.1,123,36.1,123,47.5,47.5,36.1 / 123,36.1 / 123
17931,NE,Blue/Gold,M,72,71.0,93.3,120,36.1,34.9,36.1,123,34.9,117,47.5,45.8,36.1 / 123,34.9 / 117
17931,NE,White,M,72,69.8,91.0,114,34.9,34.9,34.9,114,34.9,114,45.5,45.5,34.9 / 114,34.9 / 114
17931,NE,Gold,M,72,69.8,91.6,117,34.9,34.9,34.9,117,34.9,117,45.8,45.8,34.9 / 117,34.9 / 117
17931,NE,White/Gold,M,72,69.8,91.3,116,34.9,34.9,34.9,114,34.9,117,45.5,45.8,34.9 / 114,34.9 / 117
17931,NE,Red/Gold,M,72,67.9,88.5,111,33.0,34.9,33.0,104,34.9,117,42.7,45.8,33.0 / 104,34.9 / 117
17931,NE,Red,M,72,66.0,85.4,104,33.0,33.0,33.0,104,33.0,104,42.7,42.7,33.0 / 104,33.0 / 104
17931,NE,Red,F,72,71.4,99.4,119,35.7,35.7,35.7,119,35.7,119,49.7,49.7,35.7 / 119,35.7 / 119
8459,NE,Blue,M,71,70.7,94.0,126,35.2,35.5,35.2,123,35.5,128,46.6,47.4,35.2 / 123,35.5 / 128
8459,NE,White,M,71,69.1,92.3,125,34.3,34.8,34.3,125,34.8,125,45.9,46.4,34.3 / 125,34.8 / 125
8459,NE,Gold,M,71,67.2,90.0,123,33.2,34.0,33.2,123,34.0,123,44.6,45.4,33.2 / 123,34.0 / 123
8459,NE,Red,M,71,65.4,87.5,119,32.4,33.0,32.4,119,33.0,118,43.5,44.0,32.4 / 119,33.0 / 118
8459,NE,White,F,71,74.6,105.6,132,37.2,37.4,37.2,131,37.4,132,52.6,53.0,37.2 / 131,37.4 / 132
8459,NE,Gold,F,71,72.3,101.8,125,35.9,36.4,35.9,123,36.4,127,50.4,51.4,35.9 / 123,36.4 / 127
8459,NE,Red,F,71,70.0,98.2,120,34.9,35.1,34.9,118,35.1,121,48.8,49.4,34.9 / 118,35.1 / 121
8440,NE,Blue,M,72,73.6,97.6,130,36.7,36.9,36.7,135,36.9,124,49.2,48.4,36.7 / 135,36.9 / 124
8440,NE,Blue/White,M,72,71.2,94.8,127,35.6,35.6,35.6,133,35.6,121,48.0,46.8,35.6 / 133,35.6 / 121
8440,NE,White,M,72,69.1,91.4,120,34.5,34.6,34.5,128,34.6,112,46.4,45.0,34.5 / 128,34.6 / 112
8440,NE,Green,M,72,65.2,86.2,113,32.6,32.6,32.6,115,32.6,111,43.3,42.9,32.6 / 115,32.6 / 111
8440,NE,Red,M,72,62.8,82.9,108,31.4,31.4,31.4,112,31.4,104,41.8,41.1,31.4 / 112,31.4 / 104
8440,NE,Orange,M,72,58.7,77.7,103,29.3,29.4,29.3,107,29.4,98,39.2,38.5,29.3 / 107,29.4 / 98
8440,NE,White,F,72,75.0,105.6,130,37.6,37.4,37.6,129,37.4,131,52.8,52.8,37.6 / 129,37.4 / 131
8440,NE,Green,F,72,70.1,98.5,121,34.8,35.3,34.8,120,35.3,121,48.9,49.6,34.8 / 120,35.3 / 121
8440,NE,Red,F,72,66.9,93.5,113,33.2,33.7,33.2,111,33.7,114,46.3,47.2,33.2 / 111,33.7 / 114
8440,NE,Orange,F,72,59.5,82.9,100,29.7,29.8,29.7,98,29.8,101,41.2,41.7,29.7 / 98,29.8 / 101
8449,NE,Black,M,72,68.6,90.6,118,34.3,34.3,34.3,118,34.3,118,45.3,45.3,34.3 / 118,34.3 / 118
8449,NE,White,M,72,65.6,86.2,111,32.8,32.8,32.8,111,32.8,111,43.1,43.1,32.8 / 111,32.8 / 111
8449,NE,Gold,F,72,66.6,92.0,108,33.3,33.3,33.3,108,33.3,108,46.0,46.0,33.3 / 108,33.3 / 108
8479,NE,Black,M,72,71.1,93.4,120,35.8,35.3,35.8,119,35.3,121,46.9,46.5,35.8 / 119,35.3 / 121
8479,NE,White,M,72,70.2,92.2,118,35.4,34.8,35.4,118,34.8,118,46.4,45.8,35.4 / 118,34.8 / 118
8479,NE,Gold,M,72,68.0,89.4,115,34.1,33.9,34.1,113,33.9,117,44.6,44.8,34.1 / 113,33.9 / 117
8479,NE,Red,F,72,70.5,97.4,114,35.0,35.5,35.0,113,35.5,115,48.3,49.1,35.0 / 113,35.5 / 115
32164,NE,Red,M,73,74.7,99.8,135,36.4,38.3,36.4,133,38.3,137,48.8,51.0,36.4 / 133,38.3 / 137
32164,NE,White,M,73,72.8,97.3,132,35.7,37.1,35.7,130,37.1,133,47.8,49.5,35.7 / 130,37.1 / 133
32164,NE,Green,M,73,71.3,95.4,130,34.9,36.4,34.9,127,36.4,132,46.7,48.7,34.9 / 127,36.4 / 132
32164,NE,Yellow,M,73,69.4,92.8,126,33.9,35.5,33.9,126,35.5,126,45.6,47.2,33.9 / 126,35.5 / 126
32164,NE,Black,M,73,66.9,87.9,113,33.0,33.9,33.0,111,33.9,115,43.3,44.6,33.0 / 111,33.9 / 115
32164,NE,Yellow,F,73,74.2,103.6,125,36.3,37.9,36.3,125,37.9,125,51.0,52.6,36.3 / 125,37.9 / 125
32164,NE,Black,F,73,70.9,98.7,118,34.9,36.0,34.9,119,36.0,117,48.9,49.8,34.9 / 119,36.0 / 117
8431,NE,Green,M,72,73.9,97.7,128,36.7,37.2,36.7,125,37.2,131,48.3,49.4,36.7 / 125,37.2 / 131
8431,NE,Black,M,72,71.8,94.8,124,35.7,36.1,35.7,121,36.1,127,46.9,47.9,35.7 / 121,36.1 / 127
8431,NE,Black/Blue,M,72,70.2,93.0,123,34.7,35.5,34.7,119,35.5,126,45.8,47.2,34.7 / 119,35.5 / 126
8431,NE,Blue,M,72,68.8,90.8,119,34.0,34.8,34.0,115,34.8,122,44.7,46.1,34.0 / 115,34.8 / 122
8431,NE,Blue/White,M,72,67.8,88.9,114,33.5,34.3,33.5,110,34.3,117,43.7,45.2,33.5 / 110,34.3 / 117
8431,NE,White,M,72,64.6,84.4,107,32.3,32.3,32.3,107,32.3,107,42.2,42.2,32.3 / 107,32.3 / 107
8431,NE,Black,F,72,77.7,109.6,135,38.6,39.1,38.6,131,39.1,139,54.1,55.5,38.6 / 131,39.1 / 139
8431,NE,Blue,F,72,74.5,104.2,126,36.7,37.8,36.7,126,37.8,126,51.6,52.6,36.7 / 126,37.8 / 126
8431,NE,Blue/White,F,72,73.1,102.4,124,36.0,37.1,36.0,122,37.1,126,50.4,52.0,36.0 / 122,37.1 / 126
8431,NE,White,F,72,69.3,97.5,120,34.7,34.6,34.7,117,34.6,122,48.5,49.0,34.7 / 117,34.6 / 122
8542,NE,Blue,M,72,68.6,90.4,117,34.3,34.3,34.3,117,34.3,117,45.2,45.2,34.3 / 117,34.3 / 117
8542,NE,White,M,72,67.8,89.0,114,33.9,33.9,33.9,114,33.9,114,44.5,44.5,33.9 / 114,33.9 / 114
8542,NE,Red,F,72,71.0,98.6,117,35.5,35.5,35.5,117,35.5,117,49.3,49.3,35.5 / 117,35.5 / 117
32295,NE,OTR,M,71,76.0,103.6,149,37.7,38.3,37.7,152,38.3,145,51.8,51.8,37.7 / 152,38.3 / 145
32295,NE,I,M,71,74.6,101.7,146,37.1,37.5,37.1,149,37.5,143,50.9,50.8,37.1 / 149,37.5 / 143
32295,NE,I/II,M,71,73.6,100.0,142,36.6,37.0,36.6,143,37.0,141,49.9,50.1,36.6 / 143,37.0 / 141
32295,NE,II,M,71,72.3,98.0,139,36.2,36.1,36.2,137,36.1,140,48.9,49.1,36.2 / 137,36.1 / 140
32295,NE,II/III,M,71,71.1,96.4,137,35.6,35.5,35.6,137,35.5,136,48.3,48.1,35.6 / 137,35.5 / 136
32295,NE,III,M,71,70.2,95.6,137,35.0,35.2,35.0,141,35.2,132,48.1,47.5,35.0 / 141,35.2 / 132
32295,NE,III/IV,M,71,69.2,93.5,131,34.6,34.6,34.6,139,34.6,123,47.5,46.0,34.6 / 139,34.6 / 123
32295,NE,IV,M,71,67.8,91.2,126,33.8,34.0,33.8,131,34.0,121,46.0,45.2,33.8 / 131,34.0 / 121
32295,NE,IV/V,M,71,65.6,88.4,123,32.3,33.3,32.3,124,33.3,122,43.8,44.6,32.3 / 124,33.3 / 122
32295,NE,V,M,71,64.5,87.7,125,31.5,33.0,31.5,129,33.0,121,43.5,44.2,31.5 / 129,33.0 / 121
32295,NE,III,F,71,76.1,109.7,143,38.0,38.1,38.0,141,38.1,144,54.6,55.1,38.0 / 141,38.1 / 144
32295,NE,IV,F,71,73.5,105.9,138,36.7,36.8,36.7,136,36.8,139,52.7,53.2,36.7 / 136,36.8 / 139
32295,NE,V,F,71,68.7,97.4,122,33.5,35.2,33.5,113,35.2,131,46.8,50.6,33.5 / 113,35.2 / 131
8426,NE,Black,M,70,70.4,92.3,118,35.5,34.9,35.5,122,34.9,114,46.8,45.5,35.5 / 122,34.9 / 114
8426,NE,Blue,M,70,68.4,89.5,114,34.5,33.9,34.5,117,33.9,110,45.4,44.1,34.5 / 117,33.9 / 110
8426,NE,White,M,70,66.4,86.7,109,33.5,32.9,33.5,113,32.9,105,44.0,42.7,33.5 / 113,32.9 / 105
8426,NE,Yellow,M,70,63.0,81.9,102,31.8,31.2,31.8,105,31.2,98,41.6,40.3,31.8 / 105,31.2 / 98
8426,NE,Green,M,70,61.1,79.4,99,30.6,30.5,30.6,101,30.5,96,40.0,39.4,30.6 / 101,30.5 / 96
8426,NE,Blue,F,70,74.3,102.9,122,37.6,36.7,37.6,124,36.7,119,52.2,50.7,37.6 / 124,36.7 / 119
8426,NE,White,F,70,72.0,99.5,117,36.4,35.6,36.4,119,35.6,114,50.4,49.1,36.4 / 119,35.6 / 114
8426,NE,Yellow,F,70,67.3,92.4,107,34.1,33.2,34.1,108,33.2,105,46.8,45.6,34.1 / 108,33.2 / 105
8426,NE,Green,F,70,64.4,88.4,102,32.3,32.1,32.3,103,32.1,101,44.4,44.0,32.3 / 103,32.1 / 101
8415,NE,Black,M,71,71.8,96.2,131,36.5,35.3,36.5,132,35.3,130,48.8,47.4,36.5 / 132,35.3 / 130
8415,NE,White,M,71,69.1,92.5,126,35.0,34.1,35.0,129,34.1,123,47.0,45.5,35.0 / 129,34.1 / 123
8415,NE,Gold,M,71,66.0,87.0,113,33.3,32.7,33.3,115,32.7,111,44.0,43.0,33.3 / 115,32.7 / 111
8415,NE,Red,M,72,64.2,84.4,109,32.5,31.7,32.5,111,31.7,107,42.8,41.6,32.5 / 111,31.7 / 107
8415,NE,Gold,F,72,71.0,100.8,127,35.8,35.2,35.8,126,35.2,127,50.6,50.2,35.8 / 126,35.2 / 127
8415,NE,Red,F,72,68.7,97.3,121,34.8,33.9,34.8,122,33.9,120,49.2,48.1,34.8 / 122,33.9 / 120
8444,NE,Black,M,70,70.2,92.8,122,35.1,35.1,35.1,122,35.1,122,46.4,46.4,35.1 / 122,35.1 / 122
8444,NE,White,M,72,65.0,86.2,114,32.5,32.5,32.5,114,32.5,114,43.1,43.1,32.5 / 114,32.5 / 114
8444,NE,Red,F,72,69.6,97.0,116,34.8,34.8,34.8,116,34.8,116,48.5,48.5,34.8 / 116,34.8 / 116
8419,NE,Black,M,70,71.1,93.5,121,35.4,35.7,35.4,125,35.7,116,47.0,46.5,35.4 / 125,35.7 / 116
8419,NE,Blue,M,70,69.2,91.0,117,34.6,34.6,34.6,118,34.6,116,45.6,45.4,34.6 / 118,34.6 / 116
8419,NE,White,M,70,67.6,88.9,115,33.7,33.9,33.7,114,33.9,115,44.3,44.6,33.7 / 114,33.9 / 115
8419,NE,Gold,M,70,65.5,86.3,112,32.9,32.6,32.9,112,32.6,112,43.3,43.0,32.9 / 112,32.6 / 112
8419,NE,Red,M,70,64.4,84.5,109,32.1,32.3,32.1,109,32.3,108,42.2,42.3,32.1 / 109,32.3 / 108
8419,NE,Blue,F,70,75.2,104.6,125,37.5,37.7,37.5,127,37.7,122,52.5,52.1,37.5 / 127,37.7 / 122
8419,NE,White,F,70,73.3,101.7,121,36.5,36.8,36.5,122,36.8,119,50.9,50.8,36.5 / 122,36.8 / 119
8419,NE,Gold,F,70,70.6,97.4,114,35.4,35.2,35.4,115,35.2,112,49.0,48.4,35.4 / 115,35.2 / 112
8419,NE,Red,F,70,69.1,95.1,110,34.5,34.6,34.5,111,34.6,109,47.6,47.5,34.5 / 111,34.6 / 109
8437,NE,Gold,M,72,72.0,95.2,125,35.8,36.2,35.8,122,36.2,128,47.1,48.1,35.8 / 122,36.2 / 128
8437,NE,Blue,M,72,69.4,91.7,120,34.5,34.9,34.5,121,34.9,119,45.7,46.0,34.5 / 121,34.9 / 119
8437,NE,White,M,72,66.5,87.2,112,33.5,33.0,33.5,108,33.0,115,43.5,43.7,33.5 / 108,33.0 / 115
8437,NE,Red,M,72,63.0,82.4,105,31.7,31.3,31.7,101,31.3,108,41.1,41.3,31.7 / 101,31.3 / 108
8437,NE,Family Gold,M,72,60.2,78.3,98,30.3,29.9,30.3,94,29.9,101,39.0,39.3,30.3 / 94,29.9 / 101
8437,NE,(Executive) Family Gold,M,58,60.2,78.3,98,30.3,29.9,30.3,94,29.9,101,39.0,39.3,30.3 / 94,29.9 / 101
8437,NE,Family Blue,M,72,57.5,74.6,92,28.9,28.6,28.9,88,28.6,96,37.1,37.5,28.9 / 88,28.6 / 96
8437,NE,(Executive) Family Blue,M,58,57.5,74.6,92,28.9,28.6,28.9,88,28.6,96,37.1,37.5,28.9 / 88,28.6 / 96
8437,NE,Blue,F,72,74.7,105.8,132,37.2,37.5,37.2,131,37.5,132,52.7,53.1,37.2 / 131,37.5 / 132
8437,NE,White,F,72,71.3,100.3,123,35.6,35.7,35.6,121,35.7,125,49.9,50.4,35.6 / 121,35.7 / 125
8437,NE,Red,F,72,67.5,94.9,116,33.8,33.7,33.8,115,33.7,117,47.4,47.5,33.8 / 115,33.7 / 117
8437,NE,Family Gold,F,72,62.2,87.3,107,31.1,31.1,31.1,106,31.1,107,43.6,43.7,31.1 / 106,31.1 / 107
8437,NE,(Executive) Family Gold,F,58,62.2,87.3,107,31.1,31.1,31.1,106,31.1,107,43.6,43.7,31.1 / 106,31.1 / 107
8437,NE,Family Blue,F,72,58.0,81.0,98,29.0,29.0,29.0,97,29.0,98,40.4,40.6,29.0 / 97,29.0 / 98
8437,NE,(Executive) Family Blue,F,58,58.0,81.0,98,29.0,29.0,29.0,97,29.0,98,40.4,40.6,29.0 / 97,29.0 / 98
14748,NE,Black,M,72,72.8,96.4,127,36.7,36.1,36.7,131,36.1,123,48.9,47.5,36.7 / 131,36.1 / 123
14748,NE,Blue,M,72,69.3,91.6,120,34.9,34.4,34.9,125,34.4,115,46.5,45.1,34.9 / 125,34.4 / 115
14748,NE,Gold,M,72,66.0,86.6,111,33.3,32.7,33.3,112,32.7,110,43.7,42.9,33.3 / 112,32.7 / 110
14748,NE,Red,M,72,62.7,82.0,104,31.6,31.1,31.6,104,31.1,103,41.3,40.7,31.6 / 104,31.1 / 103
14748,NE,Blue,F,72,75.0,106.2,132,37.9,37.1,37.9,131,37.1,133,53.4,52.8,37.9 / 131,37.1 / 133
14748,NE,Gold,F,72,71.0,100.0,123,36.0,35.0,36.0,122,35.0,124,50.4,49.6,36.0 / 122,35.0 / 124
14748,NE,Red,F,72,66.5,92.9,112,33.7,32.8,33.7,115,32.8,109,47.3,45.6,33.7 / 115,32.8 / 109
8489,NE,I,M,72,73.4,97.8,131,36.7,36.7,36.7,133,36.7,129,49.1,48.7,36.7 / 133,36.7 / 129
8489,NE,II,M,72,71.4,94.8,126,35.9,35.5,35.9,126,35.5,126,47.6,47.2,35.9 / 126,35.5 / 126
8489,NE,II/III,M,72,69.8,92.6,123,35.4,34.4,35.4,121,34.4,125,46.6,46.0,35.4 / 121,34.4 / 125
8489,NE,III,M,72,68.3,90.3,118,34.4,33.9,34.4,118,33.9,118,45.4,44.9,34.4 / 118,33.9 / 118
8489,NE,III/IV,M,72,67.1,88.7,116,33.6,33.5,33.6,116,33.5,116,44.4,44.3,33.6 / 116,33.5 / 116
8489,NE,IV,M,72,64.9,85.6,112,32.3,32.6,32.3,110,32.6,113,42.5,43.1,32.3 / 110,32.6 / 113
8489,NE,III,F,72,73.5,102.3,123,36.9,36.6,36.9,125,36.6,120,51.6,50.7,36.9 / 125,36.6 / 120
8489,NE,III/IV,F,72,72.4,100.7,120,36.3,36.1,36.3,120,36.1,120,50.5,50.2,36.3 / 120,36.1 / 120
8489,NE,IV,F,72,70.2,98.3,120,34.9,35.3,34.9,119,35.3,120,48.9,49.4,34.9 / 119,35.3 / 120
8528,NE,Blue,M,70,67.7,87.5,107,33.2,34.5,33.2,101,34.5,112,42.6,44.9,33.2 / 101,34.5 / 112
8528,NE,White,M,70,66.1,85.2,103,32.4,33.7,32.4,98,33.7,108,41.5,43.7,32.4 / 98,33.7 / 108
8528,NE,Red,M,70,63.6,81.4,96,31.6,32.0,31.6,91,32.0,100,40.1,41.3,31.6 / 91,32.0 / 100
8528,NE,Blue,F,70,73.4,101.0,117,35.6,37.8,35.6,114,37.8,120,49.0,52.0,35.6 / 114,37.8 / 120
8528,NE,White,F,70,71.4,98.1,113,34.6,36.8,34.6,109,36.8,117,47.5,50.6,34.6 / 109,36.8 / 117
8528,NE,Red,F,70,67.7,92.8,107,33.1,34.6,33.1,105,34.6,108,45.5,47.3,33.1 / 105,34.6 / 108
8499,NE,Blue,M,72,72.4,94.6,120,36.2,36.2,36.2,120,36.2,120,47.3,47.3,36.2 / 120,36.2 / 120
8499,NE,White,M,72,69.0,91.2,119,34.5,34.5,34.5,119,34.5,119,45.6,45.6,34.5 / 119,34.5 / 119
8499,NE,Gold,M,72,66.2,87.4,114,33.1,33.1,33.1,114,33.1,114,43.7,43.7,33.1 / 114,33.1 / 114
8499,NE,Red,M,72,63.4,83.4,108,31.7,31.7,31.7,108,31.7,108,41.7,41.7,31.7 / 108,31.7 / 108
8499,NE,Red,F,72,67.8,94.6,114,33.9,33.9,33.9,114,33.9,114,47.3,47.3,33.9 / 114,33.9 / 114
8502,NE,Black Shirts,M,36,36.0,48.6,136,36.0,,36.0,136,,,48.6,,36.0 / 136,/
8502,NE,Varsity,M,36,34.8,47.0,131,34.8,,34.8,131,,,47.0,,34.8 / 131,/
8502,NE,Javees,M,36,33.3,44.5,121,33.3,,33.3,121,,,44.5,,33.3 / 121,/
8502,NE,Frosh,F,36,34.0,48.0,119,34.0,,34.0,119,,,48.0,,34.0 / 119,/
8503,NE,Black Shirts,M,36,34.2,45.1,117,34.2,,34.2,117,,,45.1,,34.2 / 117,/
8503,NE,Varsity,M,36,33.5,44.1,114,33.5,,33.5,114,,,44.1,,33.5 / 114,/
8503,NE,Javees,M,36,31.9,41.8,107,31.9,,31.9,107,,,41.8,,31.9 / 107,/
8503,NE,Frosh,F,36,32.5,45.5,110,32.5,,32.5,110,,,45.5,,32.5 / 110,/
30200,NE,Black Shirts,M,72,71.8,96.4,132,36.2,35.6,36.2,132,35.6,132,48.5,47.9,36.2 / 132,35.6 / 132
30200,NE,Varsity,M,72,69.7,92.9,125,35.2,34.5,35.2,127,34.5,123,47.0,45.9,35.2 / 127,34.5 / 123
30200,NE,Javees,M,72,66.0,87.0,113,33.5,32.5,33.5,119,32.5,107,44.6,42.4,33.5 / 119,32.5 / 107
30200,NE,Frosh,F,72,66.4,93.4,115,33.9,32.5,33.9,120,32.5,109,48.0,45.4,33.9 / 120,32.5 / 109
8520,NE,Blue,M,72,75.2,98.0,123,37.6,37.6,37.6,123,37.6,123,49.0,49.0,37.6 / 123,37.6 / 123
8520,NE,White,M,72,72.8,94.6,117,36.4,36.4,36.4,117,36.4,117,47.3,47.3,36.4 / 117,36.4 / 117
8520,NE,Gold,M,72,70.4,92.0,116,35.2,35.2,35.2,116,35.2,116,46.0,46.0,35.2 / 116,35.2 / 116
8520,NE,Red,M,72,67.2,86.6,104,33.6,33.6,33.6,104,33.6,104,43.3,43.3,33.6 / 104,33.6 / 104
8520,NE,Gold,F,73,76.2,105.6,125,38.1,38.1,38.1,125,38.1,125,52.8,52.8,38.1 / 125,38.1 / 125
8520,NE,Red,F,72,72.4,100.0,117,36.2,36.2,36.2,117,36.2,117,50.0,50.0,36.2 / 117,36.2 / 117
8476,NE,Gold,M,71,72.1,96.7,132,36.3,35.8,36.3,133,35.8,131,48.7,48.0,36.3 / 133,35.8 / 131
8476,NE,Oak,M,71,70.8,95.1,131,35.7,35.1,35.7,133,35.1,128,48.1,47.0,35.7 / 133,35.1 / 128
8476,NE,Blue,M,71,69.9,93.8,129,35.1,34.8,35.1,131,34.8,126,47.3,46.5,35.1 / 131,34.8 / 126
8476,NE,Legacy,M,71,68.3,91.7,126,34.5,33.8,34.5,129,33.8,123,46.5,45.2,34.5 / 129,33.8 / 123
8476,NE,White,M,71,67.2,89.5,120,33.8,33.4,33.8,121,33.4,119,45.0,44.5,33.8 / 121,33.4 / 119
8476,NE,Red,M,71,64.7,86.2,116,32.6,32.0,32.6,115,32.0,116,43.3,42.8,32.6 / 115,32.0 / 116
8476,NE,Gold,F,71,78.3,111.4,141,39.5,38.8,39.5,142,38.8,139,56.2,55.2,39.5 / 142,38.8 / 139
8476,NE,Blue,F,71,75.9,107.8,136,38.1,37.8,38.1,136,37.8,135,54.1,53.7,38.1 / 136,37.8 / 135
8476,NE,White,F,71,72.6,102.9,129,36.5,36.1,36.5,129,36.1,128,51.7,51.2,36.5 / 129,36.1 / 128
8476,NE,Hills,F,71,72.1,102.3,128,36.0,36.1,36.0,128,36.1,128,51.1,51.2,36.0 / 128,36.1 / 128
8476,NE,Red,F,71,69.7,97.9,120,35.2,34.5,35.2,120,34.5,119,49.4,48.5,35.2 / 120,34.5 / 119
8476,NE,Green,F,71,68.5,96.2,117,35.2,33.3,35.2,120,33.3,114,49.4,46.8,35.2 / 120,33.3 / 114
8446,NE,Walnut Black,M,72,73.5,96.9,126,36.5,37.0,36.5,122,37.0,130,47.8,49.1,36.5 / 122,37.0 / 130
8446,NE,Ash Brown,M,72,70.9,93.7,123,35.4,35.5,35.4,125,35.5,121,47.0,46.7,35.4 / 125,35.5 / 121
8446,NE,Oak Orange,M,72,68.8,90.9,119,34.3,34.5,34.3,118,34.5,119,45.3,45.6,34.3 / 118,34.5 / 119
8446,NE,Maple Blue,M,72,66.6,88.0,115,33.5,33.1,33.5,113,33.1,117,44.0,44.0,33.5 / 113,33.1 / 117
8446,NE,Linden Yellow,M,72,62.0,81.4,105,30.8,31.2,30.8,102,31.2,107,40.3,41.1,30.8 / 102,31.2 / 107
8446,NE,Birch Green,M,72,59.1,77.4,99,29.3,29.8,29.3,96,29.8,101,38.2,39.2,29.3 / 96,29.8 / 101
8446,NE,Oak Orange,F,72,74.7,104.3,126,37.2,37.5,37.2,122,37.5,129,51.6,52.7,37.2 / 122,37.5 / 129
8446,NE,Maple Blue,F,72,72.1,100.8,122,36.0,36.1,36.0,120,36.1,123,50.2,50.6,36.0 / 120,36.1 / 123
8446,NE,Linden Yellow,F,72,66.1,90.1,102,32.8,33.3,32.8,98,33.3,105,44.4,45.7,32.8 / 98,33.3 / 105
8446,NE,Birch Green,F,72,60.7,83.1,95,30.2,30.5,30.2,90,30.5,100,40.8,42.3,30.2 / 90,30.5 / 100
17681,NE,Blue,M,70,72.2,92.8,111,36.1,36.1,36.1,111,36.1,111,46.4,46.4,36.1 / 111,36.1 / 111
17681,NE,White,M,70,70.2,90.0,107,35.1,35.1,35.1,107,35.1,107,45.0,45.0,35.1 / 107,35.1 / 107
17681,NE,Red,F,70,70.4,96.8,112,35.2,35.2,35.2,112,35.2,112,48.4,48.4,35.2 / 112,35.2 / 112
8463,NE,Black,M,71,75.0,99.4,131,37.4,37.6,37.4,129,37.6,133,49.4,50.0,37.4 / 129,37.6 / 133
8463,NE,Black/Gold,M,71,73.9,97.9,129,36.8,37.1,36.8,125,37.1,133,48.4,49.5,36.8 / 125,37.1 / 133
8463,NE,Gold,M,71,72.7,96.4,128,36.4,36.3,36.4,121,36.3,135,47.6,48.8,36.4 / 121,36.3 / 135
8463,NE,Maxwell,M,71,71.8,95.5,128,36.1,35.7,36.1,123,35.7,132,47.5,48.0,36.1 / 123,35.7 / 132
8463,NE,Blue,M,71,70.3,93.9,127,35.2,35.1,35.2,125,35.1,129,46.8,47.1,35.2 / 125,35.1 / 129
8463,NE,Blue/White,M,71,68.5,91.6,125,34.3,34.2,34.3,125,34.2,124,45.9,45.7,34.3 / 125,34.2 / 124
8463,NE,White,M,71,67.5,90.5,124,33.8,33.7,33.8,125,33.7,123,45.4,45.1,33.8 / 125,33.7 / 123
8463,NE,White/Green,M,71,66.6,89.2,122,33.5,33.1,33.5,126,33.1,117,45.2,44.0,33.5 / 126,33.1 / 117
8463,NE,Green,M,71,65.9,88.1,120,33.0,32.9,33.0,124,32.9,115,44.5,43.6,33.0 / 124,32.9 / 115
8463,NE,Gold,F,71,78.6,110.3,135,39.4,39.2,39.4,133,39.2,136,55.1,55.2,39.4 / 133,39.2 / 136
8463,NE,Gold/Blue,F,71,77.2,108.2,132,38.6,38.6,38.6,131,38.6,132,54.0,54.2,38.6 / 131,38.6 / 132
8463,NE,Blue,F,71,75.9,106.3,129,38.0,37.9,38.0,128,37.9,130,53.1,53.2,38.0 / 128,37.9 / 130
8463,NE,Blue/White,F,71,74.2,103.6,125,37.2,37.0,37.2,124,37.0,126,51.8,51.8,37.2 / 124,37.0 / 126
8463,NE,White,F,71,72.9,101.8,123,36.5,36.4,36.5,121,36.4,124,50.8,51.0,36.5 / 121,36.4 / 124
8463,NE,White/Green,F,71,72.0,100.0,119,36.3,35.7,36.3,120,35.7,118,50.4,49.6,36.3 / 120,35.7 / 118
8463,NE,Green,F,71,71.1,98.7,117,35.7,35.4,35.7,118,35.4,116,49.6,49.1,35.7 / 118,35.4 / 116
8495,NE,Blue,M,66,64.2,84.0,107,32.1,32.1,32.1,107,32.1,107,42.0,42.0,32.1 / 107,32.1 / 107
8495,NE,White,M,66,63.0,82.2,103,31.5,31.5,31.5,103,31.5,103,41.1,41.1,31.5 / 103,31.5 / 103
8495,NE,White,F,72,67.2,93.0,109,33.6,33.6,33.6,109,33.6,109,46.5,46.5,33.6 / 109,33.6 / 109
8495,NE,Red,F,72,65.4,90.8,108,32.7,32.7,32.7,108,32.7,108,45.4,45.4,32.7 / 108,32.7 / 108
8521,NE,Blue,M,72,71.2,92.8,116,35.6,35.6,35.6,116,35.6,116,46.4,46.4,35.6 / 116,35.6 / 116
8521,NE,White,M,72,69.0,90.2,114,34.5,34.5,34.5,114,34.5,114,45.1,45.1,34.5 / 114,34.5 / 114
8521,NE,Gold,M,72,66.0,85.4,104,33.0,33.0,33.0,104,33.0,104,42.7,42.7,33.0 / 104,33.0 / 104
8521,NE,Red,M,72,64.8,83.6,101,32.4,32.4,32.4,101,32.4,101,41.8,41.8,32.4 / 101,32.4 / 101
8521,NE,White,F,72,74.6,102.6,119,37.3,37.3,37.3,119,37.3,119,51.3,51.3,37.3 / 119,37.3 / 119
8521,NE,Gold,F,72,71.0,97.2,111,35.5,35.5,35.5,111,35.5,111,48.6,48.6,35.5 / 111,35.5 / 111
8521,NE,Red,F,72,69.8,95.2,108,34.9,34.9,34.9,108,34.9,108,47.6,47.6,34.9 / 108,34.9 / 108
8538,NE,Tournament,M,72,72.6,94.2,116,36.3,36.3,36.3,116,36.3,116,47.1,47.1,36.3 / 116,36.3 / 116
8538,NE,Blue,M,72,71.8,93.2,115,35.9,35.9,35.9,115,35.9,115,46.6,46.6,35.9 / 115,35.9 / 115
8538,NE,White,M,72,70.6,91.6,113,35.3,35.3,35.3,113,35.3,113,45.8,45.8,35.3 / 113,35.3 / 113
8538,NE,Buzzards,M,72,64.4,81.8,94,32.2,32.2,32.2,94,32.2,94,40.9,40.9,32.2 / 94,32.2 / 94
8538,NE,Red,F,72,68.0,94.2,111,34.0,34.0,34.0,111,34.0,111,47.1,47.1,34.0 / 111,34.0 / 111
8536,NE,White,M,70,68.4,89.2,112,34.2,34.2,34.2,112,34.2,112,44.6,44.6,34.2 / 112,34.2 / 112
8536,NE,Red,F,76,70.8,97.0,111,35.4,35.4,35.4,111,35.4,111,48.5,48.5,35.4 / 111,35.4 / 111
8396,NE,Blue,M,70,69.7,92.2,122,34.6,35.1,34.6,122,35.1,121,45.9,46.3,34.6 / 122,35.1 / 121
8396,NE,White,M,70,67.3,89.5,119,33.6,33.7,33.6,119,33.7,119,44.7,44.8,33.6 / 119,33.7 / 119
8396,NE,Gold,M,70,65.0,85.4,110,32.4,32.6,32.4,111,32.6,109,42.7,42.7,32.4 / 111,32.6 / 109
8396,NE,Red,M,70,62.2,81.6,105,30.8,31.4,30.8,107,31.4,102,40.7,40.9,30.8 / 107,31.4 / 102
8396,NE,White,F,70,72.8,102.2,125,36.1,36.7,36.1,122,36.7,127,50.5,51.7,36.1 / 122,36.7 / 127
8396,NE,Gold,F,70,69.4,97.3,119,34.6,34.8,34.6,120,34.8,117,48.7,48.6,34.6 / 120,34.8 / 117
8396,NE,Red,F,70,65.3,91.0,109,32.3,33.0,32.3,110,33.0,108,45.3,45.7,32.3 / 110,33.0 / 108
8429,NE,Blue,M,72,70.2,90.4,109,35.1,35.1,35.1,109,35.1,109,45.2,45.2,35.1 / 109,35.1 / 109
8429,NE,White,M,72,68.0,87.6,105,34.0,34.0,34.0,105,34.0,105,43.8,43.8,34.0 / 105,34.0 / 105
8429,NE,Red,F,72,70.2,96.8,113,35.1,35.1,35.1,113,35.1,113,48.4,48.4,35.1 / 113,35.1 / 113
8531,NE,Blue,M,72,66.2,86.0,107,33.1,33.1,33.1,107,33.1,107,43.0,43.0,33.1 / 107,33.1 / 107
8531,NE,Red,F,72,63.6,87.8,103,31.8,31.8,31.8,103,31.8,103,43.9,43.9,31.8 / 103,31.8 / 103
8494,NE,Blue,M,72,70.4,93.0,122,35.2,35.2,35.2,122,35.2,122,46.5,46.5,35.2 / 122,35.2 / 122
8494,NE,White,M,72,67.8,88.6,112,33.9,33.9,33.9,112,33.9,112,44.3,44.3,33.9 / 112,33.9 / 112
8494,NE,Red,F,72,68.4,95.4,114,34.2,34.2,34.2,114,34.2,114,47.7,47.7,34.2 / 114,34.2 / 114
8544,NE,Blue,M,72,70.8,92.0,114,35.4,35.4,35.4,114,35.4,114,46.0,46.0,35.4 / 114,35.4 / 114
8544,NE,White,M,72,69.6,90.6,113,34.8,34.8,34.8,113,34.8,113,45.3,45.3,34.8 / 113,34.8 / 113
8544,NE,Red,M,72,64.4,83.6,103,32.2,32.2,32.2,103,32.2,103,41.8,41.8,32.2 / 103,32.2 / 103
8544,NE,Red,F,72,69.2,95.0,109,34.6,34.6,34.6,109,34.6,109,47.5,47.5,34.6 / 109,34.6 / 109
8422,NE,Black,M,71,71.0,93.1,119,36.0,35.0,36.0,123,35.0,115,47.4,45.7,36.0 / 123,35.0 / 115
8422,NE,Blue,M,71,69.4,90.5,114,35.4,34.0,35.4,117,34.0,110,46.3,44.2,35.4 / 117,34.0 / 110
8422,NE,White,M,71,66.5,86.6,109,33.8,32.7,33.8,110,32.7,107,44.0,42.6,33.8 / 110,32.7 / 107
8422,NE,Yellow,M,71,63.8,82.8,102,32.4,31.4,32.4,102,31.4,102,41.9,40.9,32.4 / 102,31.4 / 102
8422,NE,Green,M,71,61.3,78.5,93,30.8,30.5,30.8,94,30.5,91,39.5,39.0,30.8 / 94,30.5 / 91
8422,NE,White,F,71,72.0,100.4,121,36.7,35.3,36.7,125,35.3,116,51.4,49.0,36.7 / 125,35.3 / 116
8422,NE,Yellow,F,71,68.6,95.5,114,34.9,33.7,34.9,118,33.7,110,48.8,46.7,34.9 / 118,33.7 / 110
8422,NE,Green,F,71,63.6,85.7,94,31.9,31.7,31.9,93,31.7,94,42.9,42.8,31.9 / 93,31.7 / 94
8427,NE,Blue,M,72,67.2,87.4,109,33.6,33.6,33.6,109,33.6,109,43.7,43.7,33.6 / 109,33.6 / 109
8427,NE,White,M,72,64.6,84.8,109,32.3,32.3,32.3,109,32.3,109,42.4,42.4,32.3 / 109,32.3 / 109
8427,NE,Red,M,72,63.6,83.4,107,31.8,31.8,31.8,107,31.8,107,41.7,41.7,31.8 / 107,31.8 / 107
8427,NE,White,F,72,69.0,97.8,122,34.5,34.5,34.5,122,34.5,122,48.9,48.9,34.5 / 122,34.5 / 122
8427,NE,Red,F,72,68.2,95.4,115,34.1,34.1,34.1,115,34.1,115,47.7,47.7,34.1 / 115,34.1 / 115
8433,NE,Blue,M,72,73.2,98.3,135,36.1,37.1,36.1,130,37.1,140,48.2,50.1,36.1 / 130,37.1 / 140
8433,NE,Tournament,M,72,72.1,97.0,134,35.5,36.6,35.5,129,36.6,139,47.5,49.5,35.5 / 129,36.6 / 139
8433,NE,White,M,72,71.2,95.9,133,35.0,36.2,35.0,129,36.2,137,47.0,48.9,35.0 / 129,36.2 / 137
8433,NE,Gold,M,72,67.8,90.2,121,33.8,34.0,33.8,113,34.0,128,44.3,45.9,33.8 / 113,34.0 / 128
8433,NE,Red,M,72,66.6,88.6,119,33.0,33.6,33.0,113,33.6,124,43.5,45.1,33.0 / 113,33.6 / 124
8433,NE,Blue,F,73,79.3,112.0,139,39.0,40.3,39.0,133,40.3,144,54.7,57.3,39.0 / 133,40.3 / 144
8433,NE,Tournament,F,73,77.9,109.8,136,38.3,39.6,38.3,131,39.6,140,53.7,56.1,38.3 / 131,39.6 / 140
8433,NE,White,F,73,77.1,108.8,135,37.8,39.3,37.8,128,39.3,141,52.9,55.9,37.8 / 128,39.3 / 141
8433,NE,Gold,F,73,73.0,102.6,126,36.1,36.9,36.1,121,36.9,130,50.4,52.2,36.1 / 121,36.9 / 130
8433,NE,Red,F,73,71.6,100.8,124,35.4,36.2,35.4,118,36.2,130,49.3,51.5,35.4 / 118,36.2 / 130
8411,NE,Blue,M,70,70.2,92.0,117,35.1,35.1,35.1,117,35.1,117,46.0,46.0,35.1 / 117,35.1 / 117
8411,NE,White,M,70,68.4,89.8,115,34.2,34.2,34.2,115,34.2,115,44.9,44.9,34.2 / 115,34.2 / 115
8411,NE,Red,F,72,68.0,93.8,109,34.0,34.0,34.0,109,34.0,109,46.9,46.9,34.0 / 109,34.0 / 109
8512,NE,Blue,M,72,74.2,97.8,127,37.3,36.9,37.3,128,36.9,126,49.2,48.6,37.3 / 128,36.9 / 126
8512,NE,Gold,M,72,72.2,95.1,124,36.2,36.0,36.2,125,36.0,122,47.8,47.3,36.2 / 125,36.0 / 122
8512,NE,White,M,72,69.7,91.9,120,35.0,34.7,35.0,122,34.7,117,46.3,45.6,35.0 / 122,34.7 / 117
8512,NE,Black,M,72,68.1,89.3,114,34.0,34.1,34.0,117,34.1,111,44.9,44.4,34.0 / 117,34.1 / 111
8512,NE,White,F,72,75.3,105.2,127,37.8,37.5,37.8,126,37.5,127,52.7,52.5,37.8 / 126,37.5 / 127
8512,NE,Black,F,72,72.6,101.3,122,36.3,36.3,36.3,120,36.3,123,50.5,50.8,36.3 / 120,36.3 / 123
8512,NE,Red,F,72,70.3,97.7,116,35.0,35.3,35.0,118,35.3,114,48.9,48.8,35.0 / 118,35.3 / 114
8553,NE,I,M,72,75.9,102.6,144,37.3,38.6,37.3,142,38.6,145,50.5,52.1,37.3 / 142,38.6 / 145
8553,NE,II,M,72,73.0,98.9,140,35.9,37.1,35.9,138,37.1,141,48.7,50.2,35.9 / 138,37.1 / 141
8553,NE,III,M,72,70.7,94.7,129,34.9,35.8,34.9,129,35.8,129,46.9,47.8,34.9 / 129,35.8 / 129
8553,NE,IV,M,72,64.8,86.7,118,32.0,32.8,32.0,117,32.8,118,42.9,43.8,32.0 / 117,32.8 / 118
8553,NE,III,F,72,75.9,107.7,135,37.4,38.5,37.4,132,38.5,137,53.0,54.7,37.4 / 132,38.5 / 137
8553,NE,IV,F,72,68.6,96.8,120,33.6,35.0,33.6,117,35.0,122,47.4,49.4,33.6 / 117,35.0 / 122
8470,NE,Blue,M,72,69.2,89.8,111,34.6,34.6,34.6,111,34.6,111,44.9,44.9,34.6 / 111,34.6 / 111
8470,NE,White,M,72,67.0,87.0,108,33.5,33.5,33.5,108,33.5,108,43.5,43.5,33.5 / 108,33.5 / 108
8470,NE,Red,M,72,62.4,80.8,99,31.2,31.2,31.2,99,31.2,99,40.4,40.4,31.2 / 99,31.2 / 99
8470,NE,Red,F,72,66.0,91.0,106,33.0,33.0,33.0,106,33.0,106,45.5,45.5,33.0 / 106,33.0 / 106
8535,NE,Blue,M,72,70.2,91.4,114,35.1,35.1,35.1,114,35.1,114,45.7,45.7,35.1 / 114,35.1 / 114
8535,NE,Gold,M,72,66.0,85.2,103,33.0,33.0,33.0,103,33.0,103,42.6,42.6,33.0 / 103,33.0 / 103
8535,NE,White,M,72,64.0,81.4,94,32.0,32.0,32.0,94,32.0,94,40.7,40.7,32.0 / 94,32.0 / 94
8535,NE,Red,M,72,63.0,80.2,93,31.5,31.5,31.5,93,31.5,93,40.1,40.1,31.5 / 93,31.5 / 93
8535,NE,Gold,F,72,71.2,97.8,113,35.6,35.6,35.6,113,35.6,113,48.9,48.9,35.6 / 113,35.6 / 113
8535,NE,White,F,72,67.8,92.6,105,33.9,33.9,33.9,105,33.9,105,46.3,46.3,33.9 / 105,33.9 / 105
8535,NE,Red,F,72,66.4,90.8,103,33.2,33.2,33.2,103,33.2,103,45.4,45.4,33.2 / 103,33.2 / 103
8534,NE,Blue,M,72,73.0,97.6,132,36.5,36.5,36.5,132,36.5,132,48.8,48.8,36.5 / 132,36.5 / 132
8534,NE,White/Blue,M,72,72.0,96.1,130,35.5,36.5,35.5,127,36.5,132,47.3,48.8,35.5 / 127,36.5 / 132
8534,NE,White,M,72,71.0,94.6,127,35.5,35.5,35.5,127,35.5,127,47.3,47.3,35.5 / 127,35.5 / 127
8534,NE,Gold,M,72,66.8,88.0,114,33.4,33.4,33.4,114,33.4,114,44.0,44.0,33.4 / 114,33.4 / 114
8534,NE,Gold,F,74,72.4,101.6,124,36.2,36.2,36.2,124,36.2,124,50.8,50.8,36.2 / 124,36.2 / 124
8534,NE,Red,F,74,71.8,100.4,121,35.9,35.9,35.9,121,35.9,121,50.2,50.2,35.9 / 121,35.9 / 121
8460,NE,Blue,M,72,72.2,95.9,128,35.8,36.4,35.8,126,36.4,129,47.5,48.4,35.8 / 126,36.4 / 129
8460,NE,White,M,72,70.3,93.6,126,35.0,35.3,35.0,123,35.3,128,46.4,47.2,35.0 / 123,35.3 / 128
8460,NE,Gold,M,72,66.2,86.7,111,32.9,33.3,32.9,107,33.3,114,42.8,43.9,32.9 / 107,33.3 / 114
8460,NE,Red,M,72,65.4,85.8,110,32.4,33.0,32.4,105,33.0,114,42.2,43.6,32.4 / 105,33.0 / 114
8460,NE,Gold,F,72,71.5,100.2,122,35.6,35.9,35.6,117,35.9,126,49.4,50.8,35.6 / 117,35.9 / 126
8460,NE,Red,F,72,70.6,98.9,120,35.0,35.6,35.0,115,35.6,125,48.6,50.3,35.0 / 115,35.6 / 125
8441,NE,Blue,M,71,69.7,92.4,122,35.1,34.6,35.1,129,34.6,115,47.1,45.3,35.1 / 129,34.6 / 115
8441,NE,White,M,71,68.7,91.0,120,34.8,33.9,34.8,125,33.9,115,46.4,44.6,34.8 / 125,33.9 / 115
8441,NE,Yellow,M,71,65.3,85.4,109,33.1,32.2,33.1,110,32.2,107,43.3,42.1,33.1 / 110,32.2 / 107
8441,NE,Red,M,71,63.9,83.4,105,32.5,31.4,32.5,108,31.4,102,42.5,40.9,32.5 / 108,31.4 / 102
8441,NE,Yellow,F,71,70.7,99.7,123,35.7,35.0,35.7,129,35.0,117,50.9,48.8,35.7 / 129,35.0 / 117
8441,NE,Red,F,71,68.2,95.6,116,34.5,33.7,34.5,121,33.7,111,48.8,46.8,34.5 / 121,33.7 / 111
8395,NE,Blue,M,72,73.0,96.9,129,37.2,35.8,37.2,130,35.8,127,49.3,47.6,37.2 / 130,35.8 / 127
8395,NE,White,M,72,71.9,95.2,126,36.8,35.1,36.8,126,35.1,125,48.5,46.7,36.8 / 126,35.1 / 125
8395,NE,Green,M,72,69.6,92.2,122,35.5,34.1,35.5,123,34.1,121,46.9,45.3,35.5 / 123,34.1 / 121
8395,NE,Gold,M,72,67.0,88.4,115,34.1,32.9,34.1,114,32.9,116,44.7,43.7,34.1 / 114,32.9 / 116
8395,NE,Red,M,72,65.5,86.3,112,33.2,32.3,33.2,110,32.3,114,43.4,42.9,33.2 / 110,32.3 / 114
8395,NE,Orange,M,72,61.1,80.3,104,30.8,30.3,30.8,100,30.3,107,40.1,40.2,30.8 / 100,30.3 / 107
8395,NE,Family,M,72,57.0,74.1,92,28.9,28.1,28.9,89,28.1,95,37.2,36.9,28.9 / 89,28.1 / 95
8395,NE,White,F,72,77.7,109.4,135,39.8,37.9,39.8,139,37.9,130,56.2,53.2,39.8 / 139,37.9 / 130
8395,NE,Green,F,72,74.0,103.2,124,38.0,36.0,38.0,127,36.0,120,53.0,50.2,38.0 / 127,36.0 / 120
8395,NE,Gold,F,72,71.8,100.7,123,36.8,35.0,36.8,126,35.0,119,51.7,49.0,36.8 / 126,35.0 / 119
8395,NE,Red,F,72,69.9,97.7,118,35.6,34.3,35.6,122,34.3,114,50.0,47.7,35.6 / 122,34.3 / 114
8395,NE,Orange,F,72,63.1,87.5,104,32.1,31.0,32.1,107,31.0,100,44.7,42.8,32.1 / 107,31.0 / 100
8395,NE,Family,F,72,58.6,79.7,90,29.7,28.9,29.7,93,28.9,86,40.7,39.0,29.7 / 93,28.9 / 86
8541,NE,Blue,M,70,68.8,90.9,119,34.2,34.6,34.2,123,34.6,115,45.6,45.3,34.2 / 123,34.6 / 115
8541,NE,White,M,70,67.8,89.6,118,33.8,34.0,33.8,121,34.0,114,45.0,44.6,33.8 / 121,34.0 / 114
8541,NE,Red,M,70,64.9,85.0,108,32.2,32.7,32.2,105,32.7,111,42.0,43.0,32.2 / 105,32.7 / 111
8541,NE,White,F,70,73.9,103.5,126,36.6,37.3,36.6,129,37.3,122,51.8,51.7,36.6 / 129,37.3 / 122
8541,NE,Red,F,70,70.4,98.3,118,34.7,35.7,34.7,121,35.7,115,49.0,49.3,34.7 / 121,35.7 / 115
8472,NE,Blue,M,72,70.2,91.2,113,35.1,35.1,35.1,113,35.1,113,45.6,45.6,35.1 / 113,35.1 / 113
8472,NE,White/Blue,M,72,69.6,90.9,115,34.5,35.1,34.5,116,35.1,113,45.3,45.6,34.5 / 116,35.1 / 113
8472,NE,White,M,72,69.0,90.6,116,34.5,34.5,34.5,116,34.5,116,45.3,45.3,34.5 / 116,34.5 / 116
8472,NE,Red,M,72,64.2,83.4,103,32.1,32.1,32.1,103,32.1,103,41.7,41.7,32.1 / 103,32.1 / 103
8472,NE,Red,F,72,69.6,98.2,121,34.8,34.8,34.8,121,34.8,121,49.1,49.1,34.8 / 121,34.8 / 121
8397,NE,White,M,66,65.8,85.4,105,32.9,32.9,32.9,105,32.9,105,42.7,42.7,32.9 / 105,32.9 / 105
8397,NE,Grey,M,66,64.6,84.0,104,32.3,32.3,32.3,104,32.3,104,42.0,42.0,32.3 / 104,32.3 / 104
8397,NE,Red,F,72,68.2,93.2,106,34.1,34.1,34.1,106,34.1,106,46.6,46.6,34.1 / 106,34.1 / 106
8507,NE,Blue,M,72,69.8,91.0,114,34.9,34.9,34.9,114,34.9,114,45.5,45.5,34.9 / 114,34.9 / 114
8507,NE,White,M,72,68.0,89.2,114,34.0,34.0,34.0,114,34.0,114,44.6,44.6,34.0 / 114,34.0 / 114
8507,NE,Red,M,72,65.6,85.4,107,32.8,32.8,32.8,107,32.8,107,42.7,42.7,32.8 / 107,32.8 / 107
8507,NE,Red,F,72,71.2,98.8,117,35.6,35.6,35.6,117,35.6,117,49.4,49.4,35.6 / 117,35.6 / 117
8509,NE,Blue,M,72,73.0,96.2,125,36.5,36.5,36.5,125,36.5,125,48.1,48.1,36.5 / 125,36.5 / 125
8509,NE,White/Blue,M,72,72.1,94.8,122,35.6,36.5,35.6,119,36.5,125,46.7,48.1,35.6 / 119,36.5 / 125
8509,NE,White,M,72,71.2,93.4,119,35.6,35.6,35.6,119,35.6,119,46.7,46.7,35.6 / 119,35.6 / 119
8509,NE,Gold,M,72,66.0,84.6,100,33.0,33.0,33.0,100,33.0,100,42.3,42.3,33.0 / 100,33.0 / 100
8509,NE,Red,M,72,65.4,83.8,99,32.7,32.7,32.7,99,32.7,99,41.9,41.9,32.7 / 99,32.7 / 99
8509,NE,Gold,F,72,70.2,98.6,120,35.1,35.1,35.1,120,35.1,120,49.3,49.3,35.1 / 120,35.1 / 120
8509,NE,Red,F,72,69.4,97.4,119,34.7,34.7,34.7,119,34.7,119,48.7,48.7,34.7 / 119,34.7 / 119
8436,NE,Black,M,72,73.5,97.3,128,36.9,36.6,36.9,131,36.6,125,49.1,48.2,36.9 / 131,36.6 / 125
8436,NE,Blue,M,72,70.9,93.7,123,35.6,35.3,35.6,125,35.3,121,47.2,46.5,35.6 / 125,35.3 / 121
8436,NE,White,M,72,69.5,91.8,120,34.8,34.7,34.8,124,34.7,116,46.3,45.5,34.8 / 124,34.7 / 116
8436,NE,Red,M,72,66.2,87.6,116,33.4,32.8,33.4,121,32.8,110,44.6,43.0,33.4 / 121,32.8 / 110
8436,NE,Silver,M,72,62.1,82.3,109,31.3,30.8,31.3,112,30.8,105,41.7,40.6,31.3 / 112,30.8 / 105
8436,NE,Blue,F,72,76.8,108.4,134,38.6,38.2,38.6,136,38.2,132,54.6,53.8,38.6 / 136,38.2 / 132
8436,NE,White,F,72,75.2,105.4,128,37.7,37.5,37.7,130,37.5,126,53.0,52.4,37.7 / 130,37.5 / 126
8436,NE,Red,F,72,71.1,99.4,120,36.0,35.1,36.0,124,35.1,116,50.6,48.8,36.0 / 124,35.1 / 116
8436,NE,Silver,F,72,65.3,92.2,114,33.0,32.3,33.0,118,32.3,110,46.9,45.3,33.0 / 118,32.3 / 110
8448,NE,Black,M,70,72.2,94.6,121,36.1,36.1,36.1,121,36.1,121,47.3,47.3,36.1 / 121,36.1 / 121
8448,NE,White,M,70,70.8,92.6,117,35.4,35.4,35.4,117,35.4,117,46.3,46.3,35.4 / 117,35.4 / 117
8448,NE,Yellow,M,70,64.6,85.2,111,32.3,32.3,32.3,111,32.3,111,42.6,42.6,32.3 / 111,32.3 / 111
8448,NE,Yellow,F,70,69.0,95.0,110,34.5,34.5,34.5,110,34.5,110,47.5,47.5,34.5 / 110,34.5 / 110
8448,NE,Red,F,70,68.6,94.2,109,34.3,34.3,34.3,109,34.3,109,47.1,47.1,34.3 / 109,34.3 / 109
8526,NE,#1,M,72,74.6,99.4,133,37.6,37.0,37.6,133,37.0,133,50.0,49.4,37.6 / 133,37.0 / 133
8526,NE,#1/2,M,72,73.3,97.5,130,36.8,36.5,36.8,129,36.5,131,48.8,48.7,36.8 / 129,36.5 / 131
8526,NE,#2,M,72,72.2,96.1,129,36.1,36.1,36.1,128,36.1,129,48.0,48.1,36.1 / 128,36.1 / 129
8526,NE,#2/3,M,72,70.5,94.1,127,35.1,35.4,35.1,125,35.4,129,46.7,47.4,35.1 / 125,35.4 / 129
8526,NE,#3,M,72,68.7,91.2,122,34.2,34.5,34.2,121,34.5,122,45.4,45.8,34.2 / 121,34.5 / 122
8526,NE,#4,M,72,64.2,84.9,112,31.8,32.4,31.8,111,32.4,112,42.1,42.8,31.8 / 111,32.4 / 112
8526,NE,#3,F,72,74.4,104.5,128,37.1,37.3,37.1,126,37.3,129,52.0,52.5,37.1 / 126,37.3 / 129
8526,NE,#4,F,72,68.3,96.2,119,33.8,34.5,33.8,118,34.5,119,47.7,48.5,33.8 / 118,34.5 / 119
8510,NE,Blue,M,72,71.7,94.4,122,36.0,35.7,36.0,117,35.7,127,46.9,47.5,36.0 / 117,35.7 / 127
8510,NE,White,M,72,70.5,92.8,120,35.3,35.2,35.3,116,35.2,124,46.1,46.7,35.3 / 116,35.2 / 124
8510,NE,Split,M,72,67.1,87.2,109,33.4,33.7,33.4,107,33.7,110,43.3,43.9,33.4 / 107,33.7 / 110
8510,NE,Gold,M,72,65.3,84.4,103,32.7,32.6,32.7,103,32.6,102,42.3,42.1,32.7 / 103,32.6 / 102
8510,NE,Split,F,72,72.6,101.4,123,36.2,36.4,36.2,120,36.4,125,50.3,51.1,36.2 / 120,36.4 / 125
8510,NE,Red,F,72,70.3,98.0,118,35.3,35.0,35.3,119,35.0,116,49.3,48.7,35.3 / 119,35.0 / 116
8418,NE,Black,M,72,70.2,93.0,123,34.9,35.3,34.9,128,35.3,117,46.8,46.2,34.9 / 128,35.3 / 117
8418,NE,Blue,M,72,68.9,90.9,119,34.3,34.6,34.3,123,34.6,114,45.7,45.2,34.3 / 123,34.6 / 114
8418,NE,White,M,72,65.7,85.1,104,32.9,32.8,32.9,103,32.8,105,42.5,42.6,32.9 / 103,32.8 / 105
8418,NE,Red,M,72,64.5,83.6,103,31.9,32.6,31.9,101,32.6,104,41.3,42.3,31.9 / 101,32.6 / 104
8418,NE,Black,F,72,76.9,107.2,129,38.2,38.7,38.2,134,38.7,123,54.0,53.2,38.2 / 134,38.7 / 123
8418,NE,Blue,F,72,75.1,104.6,126,37.3,37.8,37.3,131,37.8,120,52.7,51.9,37.3 / 131,37.8 / 120
8418,NE,White,F,72,70.5,97.6,115,34.8,35.7,34.8,120,35.7,110,48.9,48.7,34.8 / 120,35.7 / 110
8418,NE,Red,F,72,69.8,96.1,112,34.3,35.5,34.3,114,35.5,109,47.7,48.4,34.3 / 114,35.5 / 109
35814,NE,Tee,M,66,59.6,76.6,91,29.8,29.8,29.8,91,29.8,91,38.3,38.3,29.8 / 91,29.8 / 91
35814,NE,Tee,F,66,61.6,85.2,100,30.8,30.8,30.8,100,30.8,100,42.6,42.6,30.8 / 100,30.8 / 100
8496,NE,White,M,72,67.2,87.6,110,33.6,33.6,33.6,110,33.6,110,43.8,43.8,33.6 / 110,33.6 / 110
8496,NE,Blue,M,72,66.6,86.4,107,33.3,33.3,33.3,107,33.3,107,43.2,43.2,33.3 / 107,33.3 / 107
8496,NE,Gold,M,72,64.6,83.6,102,32.3,32.3,32.3,102,32.3,102,41.8,41.8,32.3 / 102,32.3 / 102
8496,NE,Red,M,72,64.0,82.8,101,32.0,32.0,32.0,101,32.0,101,41.4,41.4,32.0 / 101,32.0 / 101
8496,NE,White,F,74,72.8,101.2,120,36.4,36.4,36.4,120,36.4,120,50.6,50.6,36.4 / 120,36.4 / 120
8496,NE,Blue,F,74,71.8,99.6,118,35.9,35.9,35.9,118,35.9,118,49.8,49.8,35.9 / 118,35.9 / 118
8496,NE,Gold,F,74,69.6,96.4,114,34.8,34.8,34.8,114,34.8,114,48.2,48.2,34.8 / 114,34.8 / 114
8496,NE,Red,F,74,69.0,95.4,112,34.5,34.5,34.5,112,34.5,112,47.7,47.7,34.5 / 112,34.5 / 112
35682,NE,Back,M,54,54.4,69.0,79,27.2,27.2,27.2,79,27.2,79,34.5,34.5,27.2 / 79,27.2 / 79
35682,NE,Forward,M,54,52.8,66.8,75,26.4,26.4,26.4,75,26.4,75,33.4,33.4,26.4 / 75,26.4 / 75
35682,NE,Back,F,54,56.4,75.2,80,28.2,28.2,28.2,80,28.2,80,37.6,37.6,28.2 / 80,28.2 / 80
35682,NE,Forward,F,54,55.0,72.8,75,27.5,27.5,27.5,75,27.5,75,36.4,36.4,27.5 / 75,27.5 / 75
8407,NE,Black,M,72,70.7,93.6,124,35.5,35.2,35.5,124,35.2,123,47.0,46.6,35.5 / 124,35.2 / 123
8407,NE,Blue,M,72,69.4,91.2,117,34.8,34.6,34.8,116,34.6,118,45.6,45.6,34.8 / 116,34.6 / 118
8407,NE,White,M,72,66.0,86.0,108,33.1,32.9,33.1,107,32.9,109,43.0,43.0,33.1 / 107,32.9 / 109
8407,NE,Red,M,72,63.1,82.3,103,31.7,31.4,31.7,102,31.4,104,41.2,41.1,31.7 / 102,31.4 / 104
8407,NE,White,F,72,71.0,98.5,117,35.5,35.5,35.5,114,35.5,119,49.0,49.5,35.5 / 114,35.5 / 119
8407,NE,Red,F,72,67.3,93.5,111,34.0,33.3,34.0,109,33.3,113,46.9,46.6,34.0 / 109,33.3 / 113
8408,NE,Black,M,72,70.3,93.3,124,35.2,35.1,35.2,123,35.1,125,46.6,46.7,35.2 / 123,35.1 / 125
8408,NE,Blue,M,72,68.6,90.6,118,34.6,34.0,34.6,118,34.0,118,45.6,45.0,34.6 / 118,34.0 / 118
8408,NE,White,M,72,65.5,85.4,107,32.9,32.6,32.9,109,32.6,105,43.0,42.4,32.9 / 109,32.6 / 105
8408,NE,Red,M,72,62.9,81.8,102,31.4,31.5,31.4,104,31.5,99,41.1,40.7,31.4 / 104,31.5 / 99
8408,NE,White,F,72,70.6,98.1,117,35.5,35.1,35.5,119,35.1,114,49.5,48.6,35.5 / 119,35.1 / 114
8408,NE,Red,F,72,66.8,92.7,110,33.3,33.5,33.3,113,33.5,107,46.6,46.1,33.3 / 113,33.5 / 107
8409,NE,Black,M,72,70.6,93.7,125,35.1,35.5,35.1,125,35.5,124,46.7,47.0,35.1 / 125,35.5 / 124
8409,NE,Blue,M,72,68.8,90.6,117,34.0,34.8,34.0,118,34.8,116,45.0,45.6,34.0 / 118,34.8 / 116
8409,NE,White,M,72,65.7,85.4,106,32.6,33.1,32.6,105,33.1,107,42.4,43.0,32.6 / 105,33.1 / 107
8409,NE,Red,M,72,63.2,81.9,101,31.5,31.7,31.5,99,31.7,102,40.7,41.2,31.5 / 99,31.7 / 102
8409,NE,White,F,72,70.6,97.6,114,35.1,35.5,35.1,114,35.5,114,48.6,49.0,35.1 / 114,35.5 / 114
8409,NE,Red,F,72,67.5,93.0,108,33.5,34.0,33.5,107,34.0,109,46.1,46.9,33.5 / 107,34.0 / 109
8519,NE,Blue,M,72,69.2,91.8,122,34.6,34.6,34.6,122,34.6,122,45.9,45.9,34.6 / 122,34.6 / 122
8519,NE,White,M,72,67.4,89.4,118,33.7,33.7,33.7,118,33.7,118,44.7,44.7,33.7 / 118,33.7 / 118
8519,NE,Red,M,72,64.8,83.4,100,32.4,32.4,32.4,100,32.4,100,41.7,41.7,32.4 / 100,32.4 / 100
8519,NE,White,F,72,73.0,101.8,122,36.5,36.5,36.5,122,36.5,122,50.9,50.9,36.5 / 122,36.5 / 122
8519,NE,Red,F,72,68.6,94.4,109,34.3,34.3,34.3,109,34.3,109,47.2,47.2,34.3 / 109,34.3 / 109
8478,NE,Black,M,72,70.8,94.0,125,35.4,35.4,35.4,125,35.4,125,47.0,47.0,35.4 / 125,35.4 / 125
8478,NE,White,F,72,72.2,102.0,126,36.1,36.1,36.1,126,36.1,126,51.0,51.0,36.1 / 126,36.1 / 126
8388,NE,White,M,70,67.6,88.0,110,33.8,33.8,33.8,110,33.8,110,44.0,44.0,33.8 / 110,33.8 / 110
8388,NE,Red,M,70,64.4,83.4,102,32.2,32.2,32.2,102,32.2,102,41.7,41.7,32.2 / 102,32.2 / 102
8388,NE,Red,F,70,70.2,96.2,110,35.1,35.1,35.1,110,35.1,110,48.1,48.1,35.1 / 110,35.1 / 110
8517,NE,Black,M,70,70.3,93.4,125,34.9,35.4,34.9,124,35.4,125,46.4,47.0,34.9 / 124,35.4 / 125
8517,NE,White,M,70,67.9,90.1,120,33.9,34.0,33.9,115,34.0,124,44.6,45.5,33.9 / 115,34.0 / 124
8517,NE,Gold,M,70,66.1,87.3,114,33.4,32.7,33.4,113,32.7,115,43.9,43.4,33.4 / 113,32.7 / 115
8517,NE,Red,M,70,64.6,85.4,112,32.9,31.7,32.9,112,31.7,112,43.3,42.1,32.9 / 112,31.7 / 112
8517,NE,Black,F,70,76.6,107.1,130,37.7,38.9,37.7,128,38.9,131,52.8,54.3,37.7 / 128,38.9 / 131
8517,NE,White,F,70,73.7,102.7,123,36.5,37.2,36.5,122,37.2,124,50.9,51.8,36.5 / 122,37.2 / 124
8517,NE,Gold,F,70,71.0,99.0,119,35.7,35.3,35.7,121,35.3,116,50.0,49.0,35.7 / 121,35.3 / 116
8517,NE,Red,F,70,68.8,95.5,114,35.2,33.6,35.2,119,33.6,108,49.2,46.3,35.2 / 119,33.6 / 108
23950,NE,Black,M,72,76.2,102.4,141,38.1,38.1,38.1,136,38.1,146,50.7,51.7,38.1 / 136,38.1 / 146
23950,NE,Blue,M,72,74.5,100.1,138,37.3,37.2,37.3,131,37.2,144,49.5,50.6,37.3 / 131,37.2 / 144
23950,NE,White,M,72,72.8,97.8,135,36.2,36.6,36.2,128,36.6,141,48.1,49.7,36.2 / 128,36.6 / 141
23950,NE,Green,M,72,70.9,94.2,126,35.3,35.6,35.3,121,35.6,130,46.5,47.7,35.3 / 121,35.6 / 130
23950,NE,Gold,M,72,68.0,89.8,118,33.9,34.1,33.9,114,34.1,121,44.5,45.3,33.9 / 114,34.1 / 121
23950,NE,Red,M,72,64.1,84.5,110,32.2,31.9,32.2,108,31.9,112,42.2,42.3,32.2 / 108,31.9 / 112
23950,NE,Yellow,F,72,72.9,103.0,128,36.3,36.6,36.3,126,36.6,130,51.1,51.9,36.3 / 126,36.6 / 130
23950,NE,Red,F,72,67.9,93.8,110,34.4,33.5,34.4,110,33.5,109,47.4,46.4,34.4 / 110,33.5 / 109
32425,NE,White,M,72,68.4,89.2,112,34.2,34.2,34.2,112,34.2,112,44.6,44.6,34.2 / 112,34.2 / 112
32425,NE,Red,M,72,64.0,82.8,101,32.0,32.0,32.0,101,32.0,101,41.4,41.4,32.0 / 101,32.0 / 101
32425,NE,White,F,76,73.8,102.6,122,36.9,36.9,36.9,122,36.9,122,51.3,51.3,36.9 / 122,36.9 / 122
32425,NE,Red,F,76,68.2,94.6,112,34.1,34.1,34.1,112,34.1,112,47.3,47.3,34.1 / 112,34.1 / 112
8457,NE,Champ,M,72,76.7,104.4,150,38.5,38.2,38.5,149,38.2,150,52.3,52.1,38.5 / 149,38.2 / 150
8457,NE,Combo Champ/Back,M,72,74.2,100.7,143,37.4,36.8,37.4,144,36.8,141,50.8,49.9,37.4 / 144,36.8 / 141
8457,NE,Back,M,72,72.9,98.9,140,36.7,36.2,36.7,141,36.2,139,49.8,49.1,36.7 / 141,36.2 / 139
8457,NE,Combo Middle/Back,M,72,71.3,96.4,135,35.8,35.5,35.8,132,35.5,138,48.1,48.3,35.8 / 132,35.5 / 138
8457,NE,Middle,M,72,70.1,94.3,131,35.5,34.6,35.5,125,34.6,136,47.1,47.2,35.5 / 125,34.6 / 136
8457,NE,Combo Forward/Middle,M,72,68.0,91.6,127,34.0,34.0,34.0,122,34.0,132,45.3,46.3,34.0 / 122,34.0 / 132
8457,NE,Forward,M,72,66.0,88.7,122,32.9,33.1,32.9,115,33.1,129,43.6,45.1,32.9 / 115,33.1 / 129
8457,NE,Middle,F,72,75.8,108.3,138,38.0,37.8,38.0,136,37.8,140,54.0,54.3,38.0 / 136,37.8 / 140
8457,NE,Combo Forward/Middle,F,72,73.3,103.6,129,36.5,36.8,36.5,129,36.8,128,51.7,51.9,36.5 / 129,36.8 / 128
8457,NE,Forward,F,72,70.9,98.7,118,35.4,35.5,35.4,120,35.5,115,49.6,49.1,35.4 / 120,35.5 / 115
8456,NE,Champ,M,72,76.0,102.4,143,38.2,37.8,38.2,150,37.8,135,52.1,50.3,38.2 / 150,37.8 / 135
8456,NE,Combo Champ/Back,M,72,74.0,99.5,137,36.8,37.2,36.8,141,37.2,133,49.9,49.6,36.8 / 141,37.2 / 133
8456,NE,Back,M,72,72.6,97.5,134,36.2,36.4,36.2,139,36.4,129,49.1,48.4,36.2 / 139,36.4 / 129
8456,NE,Combo Middle/Back,M,72,71.1,96.2,135,35.5,35.6,35.5,138,35.6,132,48.3,47.9,35.5 / 138,35.6 / 132
8456,NE,Middle,M,72,69.5,94.3,134,34.6,34.9,34.6,136,34.9,131,47.2,47.1,34.6 / 136,34.9 / 131
8456,NE,Combo Forward/Middle,M,72,67.8,91.8,129,34.0,33.8,34.0,132,33.8,126,46.3,45.5,34.0 / 132,33.8 / 126
8456,NE,Forward,M,72,66.0,89.0,124,33.1,32.9,33.1,129,32.9,118,45.1,43.9,33.1 / 129,32.9 / 118
8456,NE,Middle,F,72,75.5,107.9,138,37.8,37.7,37.8,140,37.7,135,54.3,53.6,37.8 / 140,37.7 / 135
8456,NE,Combo Forward/Middle,F,72,73.3,103.3,127,36.8,36.5,36.8,128,36.5,126,51.9,51.4,36.8 / 128,36.5 / 126
8456,NE,Forward,F,72,70.6,98.4,118,35.5,35.1,35.5,115,35.1,120,49.1,49.3,35.5 / 115,35.1 / 120
8458,NE,Champ,M,72,76.3,102.6,142,37.8,38.5,37.8,135,38.5,149,50.3,52.3,37.8 / 135,38.5 / 149
8458,NE,Combo Champ/Back,M,72,74.6,100.4,139,37.2,37.4,37.2,133,37.4,144,49.6,50.8,37.2 / 133,37.4 / 144
8458,NE,Back,M,72,73.1,98.2,135,36.4,36.7,36.4,129,36.7,141,48.4,49.8,36.4 / 129,36.7 / 141
8458,NE,Combo Middle/Back,M,72,71.4,96.0,132,35.6,35.8,35.6,132,35.8,132,47.9,48.1,35.6 / 132,35.8 / 132
8458,NE,Middle,M,72,70.4,94.2,128,34.9,35.5,34.9,131,35.5,125,47.1,47.1,34.9 / 131,35.5 / 125
8458,NE,Combo Forward/Middle,M,72,67.8,90.8,124,33.8,34.0,33.8,126,34.0,122,45.5,45.3,33.8 / 126,34.0 / 122
8458,NE,Forward,M,72,65.8,87.5,117,32.9,32.9,32.9,118,32.9,115,43.9,43.6,32.9 / 118,32.9 / 115
8458,NE,Middle,F,72,75.7,107.6,136,37.7,38.0,37.7,135,38.0,136,53.6,54.0,37.7 / 135,38.0 / 136
8458,NE,Combo Forward/Middle,F,72,73.0,103.1,128,36.5,36.5,36.5,126,36.5,129,51.4,51.7,36.5 / 126,36.5 / 129
8458,NE,Forward,F,72,70.5,98.9,120,35.1,35.4,35.1,120,35.4,120,49.3,49.6,35.1 / 120,35.4 / 120
8461,NE,Blue,M,71,71.0,93.0,118,36.2,34.8,36.2,117,34.8,119,47.1,45.9,36.2 / 117,34.8 / 119
8461,NE,White,M,71,68.0,88.6,111,34.3,33.7,34.3,109,33.7,113,44.4,44.2,34.3 / 109,33.7 / 113
8461,NE,Gray,M,71,65.3,84.0,101,32.7,32.6,32.7,98,32.6,103,41.8,42.2,32.7 / 98,32.6 / 103
8461,NE,Yellow,M,71,64.0,82.3,99,32.4,31.6,32.4,97,31.6,100,41.4,40.9,32.4 / 97,31.6 / 100
8461,NE,Red,M,71,61.9,79.6,96,31.3,30.6,31.3,95,30.6,96,40.1,39.5,31.3 / 95,30.6 / 96
8461,NE,White,F,71,73.6,102.2,122,37.2,36.4,37.2,123,36.4,120,51.7,50.5,37.2 / 123,36.4 / 120
8461,NE,Gray,F,71,70.0,97.2,116,35.0,35.0,35.0,113,35.0,118,48.3,48.9,35.0 / 113,35.0 / 118
8461,NE,Yellow,F,71,68.4,94.8,112,34.6,33.8,34.6,111,33.8,113,47.7,47.1,34.6 / 111,33.8 / 113
8461,NE,Red,F,71,66.0,90.4,104,33.7,32.3,33.7,103,32.3,104,45.8,44.6,33.7 / 103,32.3 / 104
8416,NE,Blue,M,72,72.0,95.8,128,36.0,36.0,36.0,128,36.0,128,47.9,47.9,36.0 / 128,36.0 / 128
8416,NE,White,M,72,69.0,90.4,115,34.5,34.5,34.5,115,34.5,115,45.2,45.2,34.5 / 115,34.5 / 115
8416,NE,Red,F,72,66.6,92.8,111,33.3,33.3,33.3,111,33.3,111,46.4,46.4,33.3 / 111,33.3 / 111
8477,NE,Black,M,72,72.6,96.0,126,36.1,36.5,36.1,124,36.5,128,47.6,48.4,36.1 / 124,36.5 / 128
8477,NE,Green,M,72,71.2,94.2,124,35.5,35.7,35.5,123,35.7,125,46.9,47.3,35.5 / 123,35.7 / 125
8477,NE,Green/Yellow,M,72,69.3,91.9,122,34.6,34.7,34.6,121,34.7,123,45.8,46.1,34.6 / 121,34.7 / 123
8477,NE,Yellow,M,72,67.9,89.6,117,34.4,33.5,34.4,117,33.5,116,45.3,44.3,34.4 / 117,33.5 / 116
8477,NE,Orange,M,72,66.0,86.6,111,33.4,32.6,33.4,112,32.6,110,43.8,42.8,33.4 / 112,32.6 / 110
8477,NE,Blue/Orange,M,72,63.1,82.6,105,31.6,31.5,31.6,105,31.5,104,41.4,41.2,31.6 / 105,31.5 / 104
8477,NE,Green,F,72,77.4,108.1,131,38.8,38.6,38.8,131,38.6,130,54.2,53.9,38.8 / 131,38.6 / 130
8477,NE,Green/Yellow,F,72,75.5,105.1,126,37.9,37.6,37.9,126,37.6,125,52.8,52.3,37.9 / 126,37.6 / 125
8477,NE,Yellow,F,72,73.6,102.2,122,37.3,36.3,37.3,123,36.3,120,51.8,50.4,37.3 / 123,36.3 / 120
8477,NE,Orange,F,72,71.0,98.7,118,36.1,34.9,36.1,118,34.9,117,50.0,48.7,36.1 / 118,34.9 / 117
8477,NE,Blue/Orange,F,72,67.4,93.2,109,33.9,33.5,33.9,109,33.5,109,46.8,46.4,33.9 / 109,33.5 / 109
17915,NE,Palmer,M,71,73.2,98.3,135,37.3,35.9,37.3,140,35.9,130,50.3,48.0,37.3 / 140,35.9 / 130
17915,NE,Tournament,M,71,71.2,95.0,129,36.2,35.0,36.2,135,35.0,122,48.7,46.3,36.2 / 135,35.0 / 122
17915,NE,Combo,M,71,70.3,93.4,124,35.9,34.4,35.9,131,34.4,117,48.1,45.3,35.9 / 131,34.4 / 117
17915,NE,Championship,M,71,69.3,92.1,123,35.6,33.7,35.6,132,33.7,113,47.9,44.2,35.6 / 132,33.7 / 113
17915,NE,Medalist,M,71,67.9,89.5,117,35.0,32.9,35.0,123,32.9,110,46.4,43.1,35.0 / 123,32.9 / 110
17915,NE,Forward,M,71,66.4,87.2,112,34.3,32.1,34.3,117,32.1,107,45.2,42.0,34.3 / 117,32.1 / 107
17915,NE,Championship,F,71,74.0,104.8,131,38.1,35.9,38.1,137,35.9,125,54.2,50.6,38.1 / 137,35.9 / 125
17915,NE,Medalist,F,71,72.0,101.7,126,37.2,34.8,37.2,131,34.8,120,52.7,49.0,37.2 / 131,34.8 / 120
17915,NE,Forward,F,71,70.5,99.4,123,36.7,33.8,36.7,129,33.8,116,51.9,47.5,36.7 / 129,33.8 / 116
17913,NE,Palmer,M,71,74.3,100.3,140,37.0,37.3,37.0,140,37.3,140,50.0,50.3,37.0 / 140,37.3 / 140
17913,NE,Tournament,M,71,72.0,96.9,134,35.8,36.2,35.8,133,36.2,135,48.2,48.7,35.8 / 133,36.2 / 135
17913,NE,Combo,M,71,71.0,95.2,130,35.1,35.9,35.1,129,35.9,131,47.1,48.1,35.1 / 129,35.9 / 131
17913,NE,Championship,M,71,70.1,93.9,128,34.5,35.6,34.5,124,35.6,132,46.0,47.9,34.5 / 124,35.6 / 132
17913,NE,Medalist,M,71,68.6,91.1,121,33.6,35.0,33.6,119,35.0,123,44.7,46.4,33.6 / 119,35.0 / 123
17913,NE,Forward,M,71,66.8,88.4,116,32.5,34.3,32.5,115,34.3,117,43.2,45.2,32.5 / 115,34.3 / 117
17913,NE,Championship,F,71,75.2,106.0,131,37.1,38.1,37.1,125,38.1,137,51.8,54.2,37.1 / 125,38.1 / 137
17913,NE,Medalist,F,71,73.3,103.0,126,36.1,37.2,36.1,120,37.2,131,50.3,52.7,36.1 / 120,37.2 / 131
17913,NE,Forward,F,71,71.9,100.8,123,35.2,36.7,35.2,116,36.7,129,48.9,51.9,35.2 / 116,36.7 / 129
17914,NE,Palmer,M,70,72.9,98.0,135,35.9,37.0,35.9,130,37.0,140,48.0,50.0,35.9 / 130,37.0 / 140
17914,NE,Tournament,M,70,70.8,94.5,128,35.0,35.8,35.0,122,35.8,133,46.3,48.2,35.0 / 122,35.8 / 133
17914,NE,Combo,M,70,69.5,92.4,123,34.4,35.1,34.4,117,35.1,129,45.3,47.1,34.4 / 117,35.1 / 129
17914,NE,Championship,M,70,68.2,90.2,119,33.7,34.5,33.7,113,34.5,124,44.2,46.0,33.7 / 113,34.5 / 124
17914,NE,Medalist,M,70,66.5,87.8,115,32.9,33.6,32.9,110,33.6,119,43.1,44.7,32.9 / 110,33.6 / 119
17914,NE,Forward,M,70,64.6,85.2,111,32.1,32.5,32.1,107,32.5,115,42.0,43.2,32.1 / 107,32.5 / 115
17914,NE,Championship,F,70,73.0,102.4,125,35.9,37.1,35.9,125,37.1,125,50.6,51.8,35.9 / 125,37.1 / 125
17914,NE,Medalist,F,70,70.9,99.3,120,34.8,36.1,34.8,120,36.1,120,49.0,50.3,34.8 / 120,36.1 / 120
17914,NE,Forward,F,70,69.0,96.4,116,33.8,35.2,33.8,116,35.2,116,47.5,48.9,33.8 / 116,35.2 / 116
8394,NE,Black,M,73,75.5,100.2,133,37.5,38.0,37.5,132,38.0,133,49.8,50.4,37.5 / 132,38.0 / 133
8394,NE,Blue,M,73,72.6,96.1,127,36.2,36.4,36.2,127,36.4,126,48.0,48.1,36.2 / 127,36.4 / 126
8394,NE,Blue/White,M,73,71.0,93.7,123,35.1,35.9,35.1,122,35.9,123,46.4,47.3,35.1 / 122,35.9 / 123
8394,NE,White,M,73,68.9,90.4,116,34.1,34.8,34.1,113,34.8,118,44.6,45.8,34.1 / 113,34.8 / 118
8394,NE,White/Green,M,73,67.7,88.7,113,33.2,34.5,33.2,109,34.5,117,43.3,45.4,33.2 / 109,34.5 / 117
8394,NE,White,F,73,74.2,104.7,130,36.8,37.4,36.8,129,37.4,130,52.0,52.7,36.8 / 129,37.4 / 130
8394,NE,White/Green,F,73,72.7,101.9,124,35.7,37.0,35.7,121,37.0,126,50.0,51.9,35.7 / 121,37.0 / 126
8394,NE,Green,F,73,69.3,96.7,116,34.7,34.6,34.7,117,34.6,115,48.5,48.2,34.7 / 117,34.6 / 115
8393,NE,Black,M,73,74.6,98.5,129,36.8,37.8,36.8,122,37.8,136,48.1,50.4,36.8 / 122,37.8 / 136
8393,NE,Blue,M,73,71.9,94.8,123,35.3,36.6,35.3,116,36.6,130,46.1,48.7,35.3 / 116,36.6 / 130
8393,NE,Blue/White,M,73,69.8,91.2,115,34.2,35.6,34.2,112,35.6,118,44.6,46.6,34.2 / 112,35.6 / 118
8393,NE,White,M,73,68.4,89.0,111,33.6,34.8,33.6,110,34.8,112,43.8,45.2,33.6 / 110,34.8 / 112
8393,NE,White/Green,M,73,66.1,85.7,106,32.5,33.6,32.5,104,33.6,107,42.2,43.5,32.5 / 104,33.6 / 107
8393,NE,White,F,73,73.8,103.2,125,36.2,37.6,36.2,121,37.6,128,50.5,52.7,36.2 / 121,37.6 / 128
8393,NE,White/Green,F,73,71.2,99.4,120,35.0,36.2,35.0,116,36.2,123,48.7,50.7,35.0 / 116,36.2 / 123
8393,NE,Green,F,73,69.7,97.0,116,34.1,35.6,34.1,112,35.6,120,47.3,49.7,34.1 / 112,35.6 / 120
8390,NE,Blue,M,72,70.8,93.4,122,35.4,35.4,35.4,122,35.4,122,46.7,46.7,35.4 / 122,35.4 / 122
8390,NE,White,M,72,69.2,91.4,119,34.6,34.6,34.6,119,34.6,119,45.7,45.7,34.6 / 119,34.6 / 119
8390,NE,Red,F,72,71.4,100.2,122,35.7,35.7,35.7,122,35.7,122,50.1,50.1,35.7 / 122,35.7 / 122
8447,NE,Gold,M,72,73.9,98.4,132,37.1,36.8,37.1,130,36.8,133,49.2,49.2,37.1 / 130,36.8 / 133
8447,NE,Black,M,72,71.8,95.8,129,36.1,35.7,36.1,126,35.7,132,47.8,48.0,36.1 / 126,35.7 / 132
8447,NE,Silver,M,72,70.0,93.2,125,35.1,34.9,35.1,124,34.9,126,46.6,46.6,35.1 / 124,34.9 / 126
8447,NE,Green,M,72,66.3,86.9,111,33.0,33.3,33.0,111,33.3,111,43.3,43.6,33.0 / 111,33.3 / 111
8447,NE,Red,M,72,64.1,84.1,108,32.0,32.1,32.0,108,32.1,108,42.0,42.1,32.0 / 108,32.1 / 108
8447,NE,Black,F,72,77.5,110.3,139,38.9,38.6,38.9,137,38.6,141,55.1,55.2,38.9 / 137,38.6 / 141
8447,NE,Silver,F,72,75.3,107.0,135,37.8,37.5,37.8,132,37.5,137,53.4,53.6,37.8 / 132,37.5 / 137
8447,NE,Green,F,72,71.2,100.9,126,35.7,35.5,35.7,124,35.5,128,50.3,50.6,35.7 / 124,35.5 / 128
8447,NE,Red,F,72,68.8,96.4,117,34.7,34.1,34.7,117,34.1,117,48.5,47.9,34.7 / 117,34.1 / 117
23605,NE,Gold,M,72,73.4,98.0,132,36.8,36.6,36.8,133,36.6,131,49.2,48.8,36.8 / 133,36.6 / 131
23605,NE,Black,M,72,71.3,95.1,128,35.7,35.6,35.7,132,35.6,124,48.0,47.1,35.7 / 132,35.6 / 124
23605,NE,Silver,M,72,69.6,92.4,123,34.9,34.7,34.9,126,34.7,119,46.6,45.8,34.9 / 126,34.7 / 119
23605,NE,Green,M,72,67.4,88.1,112,33.3,34.1,33.3,111,34.1,112,43.6,44.5,33.3 / 111,34.1 / 112
23605,NE,Red,M,72,65.2,85.1,108,32.1,33.1,32.1,108,33.1,107,42.1,43.0,32.1 / 108,33.1 / 107
23605,NE,Black,F,72,76.7,108.3,134,38.6,38.1,38.6,141,38.1,127,55.2,53.1,38.6 / 141,38.1 / 127
23605,NE,Silver,F,72,74.5,105.0,130,37.5,37.0,37.5,137,37.0,122,53.6,51.4,37.5 / 137,37.0 / 122
23605,NE,Green,F,72,71.7,100.9,124,35.5,36.2,35.5,128,36.2,120,50.6,50.3,35.5 / 128,36.2 / 120
23605,NE,Red,F,72,68.9,96.0,115,34.1,34.8,34.1,117,34.8,113,47.9,48.1,34.1 / 117,34.8 / 113
23606,NE,Gold,M,72,73.7,98.0,131,36.6,37.1,36.6,131,37.1,130,48.8,49.2,36.6 / 131,37.1 / 130
23606,NE,Black,M,72,71.7,94.9,125,35.6,36.1,35.6,124,36.1,126,47.1,47.8,35.6 / 124,36.1 / 126
23606,NE,Silver,M,72,69.8,92.4,122,34.7,35.1,34.7,119,35.1,124,45.8,46.6,34.7 / 119,35.1 / 124
23606,NE,Green,M,72,67.1,87.8,112,34.1,33.0,34.1,112,33.0,111,44.5,43.3,34.1 / 112,33.0 / 111
23606,NE,Red,M,72,65.1,85.0,108,33.1,32.0,33.1,107,32.0,108,43.0,42.0,33.1 / 107,32.0 / 108
23606,NE,Black,F,72,77.0,108.2,132,38.1,38.9,38.1,127,38.9,137,53.1,55.1,38.1 / 127,38.9 / 137
23606,NE,Silver,F,72,74.8,104.8,127,37.0,37.8,37.0,122,37.8,132,51.4,53.4,37.0 / 122,37.8 / 132
23606,NE,Green,F,72,71.9,100.6,122,36.2,35.7,36.2,120,35.7,124,50.3,50.3,36.2 / 120,35.7 / 124
23606,NE,Red,F,72,69.5,96.6,115,34.8,34.7,34.8,113,34.7,117,48.1,48.5,34.8 / 113,34.7 / 117
8453,NE,Gold,M,71,72.3,96.5,130,36.4,35.9,36.4,127,35.9,133,48.2,48.3,36.4 / 127,35.9 / 133
8453,NE,Blue,M,71,69.4,92.7,126,34.8,34.6,34.8,123,34.6,128,46.2,46.5,34.8 / 123,34.6 / 128
8453,NE,White,M,71,65.9,86.9,113,32.8,33.1,32.8,113,33.1,113,43.3,43.6,32.8 / 113,33.1 / 113
8453,NE,Red,M,71,63.0,83.3,110,31.3,31.7,31.3,110,31.7,109,41.5,41.8,31.3 / 110,31.7 / 109
8453,NE,White,F,71,71.0,99.9,123,35.3,35.7,35.3,121,35.7,124,49.6,50.3,35.3 / 121,35.7 / 124
8453,NE,Red,F,71,66.4,93.4,115,33.0,33.4,33.0,113,33.4,116,46.3,47.1,33.0 / 113,33.4 / 116
8500,NE,Blue,M,72,71.6,93.2,116,35.8,35.8,35.8,116,35.8,116,46.6,46.6,35.8 / 116,35.8 / 116
8500,NE,White,M,72,68.2,88.8,111,34.1,34.1,34.1,111,34.1,111,44.4,44.4,34.1 / 111,34.1 / 111
8500,NE,Red,M,72,64.4,83.2,101,32.2,32.2,32.2,101,32.2,101,41.6,41.6,32.2 / 101,32.2 / 101
8500,NE,White,F,72,74.6,104.0,125,37.3,37.3,37.3,125,37.3,125,52.0,52.0,37.3 / 125,37.3 / 125
8500,NE,Red,F,72,69.4,95.6,111,34.7,34.7,34.7,111,34.7,111,47.8,47.8,34.7 / 111,34.7 / 111
24002,NE,Blue,M,72,70.4,92.2,117,35.2,35.2,35.2,117,35.2,117,46.1,46.1,35.2 / 117,35.2 / 117
24002,NE,Gold,M,72,65.4,85.6,109,32.7,32.7,32.7,109,32.7,109,42.8,42.8,32.7 / 109,32.7 / 109
24002,NE,Red,M,72,64.8,84.4,105,32.4,32.4,32.4,105,32.4,105,42.2,42.2,32.4 / 105,32.4 / 105
24002,NE,Gold,F,72,70.2,97.8,117,35.1,35.1,35.1,117,35.1,117,48.9,48.9,35.1 / 117,35.1 / 117
24002,NE,Red,F,72,69.4,96.6,115,34.7,34.7,34.7,115,34.7,115,48.3,48.3,34.7 / 115,34.7 / 115
35681,NE,Back,M,54,54.8,69.0,76,27.4,27.4,27.4,76,27.4,76,34.5,34.5,27.4 / 76,27.4 / 76
35681,NE,Forward,M,54,53.4,67.2,74,26.7,26.7,26.7,74,26.7,74,33.6,33.6,26.7 / 74,26.7 / 74
35681,NE,Back,F,54,56.8,76.2,82,28.4,28.4,28.4,82,28.4,82,38.1,38.1,28.4 / 82,28.4 / 82
35681,NE,Forward,F,54,55.8,74.6,80,27.9,27.9,27.9,80,27.9,80,37.3,37.3,27.9 / 80,27.9 / 80
8392,NE,Blue,M,72,71.2,94.0,123,34.6,36.6,34.6,116,36.6,129,45.4,48.6,34.6 / 116,36.6 / 129
8392,NE,White,M,72,69.8,91.8,119,34.2,35.6,34.2,114,35.6,123,44.8,47.0,34.2 / 114,35.6 / 123
8392,NE,Red,M,72,66.3,86.3,108,32.7,33.6,32.7,105,33.6,110,42.5,43.8,32.7 / 105,33.6 / 110
8392,NE,Red,F,72,71.2,98.4,116,35.2,36.0,35.2,114,36.0,117,48.6,49.8,35.2 / 114,36.0 / 117
35680,NE,White,M,54,54.0,68.0,75,27.0,27.0,27.0,75,27.0,75,34.0,34.0,27.0 / 75,27.0 / 75
35680,NE,Red,M,54,52.6,66.2,73,26.3,26.3,26.3,73,26.3,73,33.1,33.1,26.3 / 73,26.3 / 73
35680,NE,White,F,54,55.8,73.8,76,27.9,27.9,27.9,76,27.9,76,36.9,36.9,27.9 / 76,27.9 / 76
35680,NE,Red,F,54,54.8,72.0,73,27.4,27.4,27.4,73,27.4,73,36.0,36.0,27.4 / 73,27.4 / 73
8504,NE,Tips,M,72,73.9,99.9,140,36.8,37.1,36.8,143,37.1,137,50.1,49.8,36.8 / 143,37.1 / 137
8504,NE,Gold,M,72,73.1,98.7,138,36.3,36.8,36.3,140,36.8,136,49.3,49.4,36.3 / 140,36.8 / 136
8504,NE,Black,M,72,70.7,95.4,133,35.4,35.3,35.4,130,35.3,136,47.5,47.9,35.4 / 130,35.3 / 136
8504,NE,Black/Silver,M,72,68.3,91.5,125,34.5,33.8,34.5,125,33.8,125,46.1,45.4,34.5 / 125,33.8 / 125
8504,NE,Silver,M,72,66.4,87.3,113,33.3,33.1,33.3,111,33.1,114,43.6,43.7,33.3 / 111,33.1 / 114
8504,NE,Green,M,72,63.0,82.7,106,31.4,31.6,31.4,104,31.6,108,41.1,41.6,31.4 / 104,31.6 / 108
8504,NE,Silver,F,72,71.5,102.1,130,35.7,35.8,35.7,131,35.8,129,51.1,51.0,35.7 / 131,35.8 / 129
8504,NE,Green,F,72,67.3,93.7,112,33.4,33.9,33.4,108,33.9,116,46.1,47.6,33.4 / 108,33.9 / 116
15048,NE,Black,M,62,59.6,77.0,94,29.8,29.8,29.8,94,29.8,94,38.5,38.5,29.8 / 94,29.8 / 94
15048,NE,Gold,M,60,57.0,72.6,84,28.5,28.5,28.5,84,28.5,84,36.3,36.3,28.5 / 84,28.5 / 84
15048,NE,White,M,62,53.8,68.8,81,26.9,26.9,26.9,81,26.9,81,34.4,34.4,26.9 / 81,26.9 / 81
15048,NE,Black,F,62,61.8,84.0,94,30.9,30.9,30.9,94,30.9,94,42.0,42.0,30.9 / 94,30.9 / 94
15048,NE,Gold,F,62,59.2,79.6,86,29.6,29.6,29.6,86,29.6,86,39.8,39.8,29.6 / 86,29.6 / 86
15048,NE,White,F,60,56.8,75.6,80,28.4,28.4,28.4,80,28.4,80,37.8,37.8,28.4 / 80,28.4 / 80
8454,NE,Black,M,71,74.9,99.9,135,37.9,37.0,37.9,135,37.0,135,50.4,49.5,37.9 / 135,37.0 / 135
8454,NE,Black/Blue,M,71,73.3,98.0,133,36.9,36.4,36.9,133,36.4,132,49.3,48.7,36.9 / 133,36.4 / 132
8454,NE,Blue,M,71,72.0,96.1,130,36.4,35.6,36.4,130,35.6,129,48.5,47.6,36.4 / 130,35.6 / 129
8454,NE,Blue/Gold,M,71,70.4,93.8,126,35.5,34.9,35.5,125,34.9,127,47.1,46.7,35.5 / 125,34.9 / 127
8454,NE,Gold,M,71,69.1,92.0,124,34.9,34.2,34.9,123,34.2,124,46.3,45.7,34.9 / 123,34.2 / 124
8454,NE,Gold/White,M,71,67.1,89.5,121,33.7,33.4,33.7,119,33.4,122,44.8,44.7,33.7 / 119,33.4 / 122
8454,NE,White,M,71,65.5,87.3,117,33.0,32.5,33.0,116,32.5,118,43.8,43.5,33.0 / 116,32.5 / 118
8454,NE,Black,F,71,81.6,116.2,147,41.3,40.3,41.3,145,40.3,148,58.4,57.8,41.3 / 145,40.3 / 148
8454,NE,Black/Blue,F,71,80.1,114.1,144,40.4,39.7,40.4,142,39.7,146,57.2,56.9,40.4 / 142,39.7 / 146
8454,NE,Blue,F,71,78.3,111.3,140,39.6,38.7,39.6,138,38.7,142,55.9,55.4,39.6 / 138,38.7 / 142
8454,NE,Blue/Gold,F,71,76.9,109.1,137,38.7,38.2,38.7,134,38.2,139,54.5,54.6,38.7 / 134,38.2 / 139
8454,NE,Gold,F,71,75.3,106.8,134,38.0,37.3,38.0,131,37.3,136,53.5,53.3,38.0 / 131,37.3 / 136
8454,NE,Gold/White,F,71,72.3,101.6,125,36.0,36.3,36.0,123,36.3,126,50.5,51.1,36.0 / 123,36.3 / 126
8454,NE,White,F,71,70.3,97.7,117,35.1,35.2,35.1,114,35.2,119,48.5,49.2,35.1 / 114,35.2 / 119
8474,NE,Black,M,72,73.6,98.3,133,37.0,36.6,37.0,137,36.6,129,49.7,48.6,37.0 / 137,36.6 / 129
8474,NE,Blue,M,72,70.4,93.7,126,35.5,34.9,35.5,129,34.9,122,47.5,46.2,35.5 / 129,34.9 / 122
8474,NE,White,M,72,69.0,91.6,122,34.8,34.2,34.8,125,34.2,118,46.4,45.2,34.8 / 125,34.2 / 118
8474,NE,Green,M,72,66.1,87.0,113,33.1,33.0,33.1,114,33.0,111,43.7,43.3,33.1 / 114,33.0 / 111
8474,NE,White,F,72,74.5,105.3,131,37.7,36.8,37.7,135,36.8,126,53.6,51.7,37.7 / 135,36.8 / 126
8474,NE,Green,F,72,70.9,100.2,124,35.6,35.3,35.6,128,35.3,120,50.7,49.5,35.6 / 128,35.3 / 120
8438,NE,Black,M,71,73.3,98.2,134,36.4,36.9,36.4,131,36.9,137,48.6,49.6,36.4 / 131,36.9 / 137
8438,NE,Gray,M,71,71.4,95.6,130,35.3,36.1,35.3,127,36.1,133,47.1,48.5,35.3 / 127,36.1 / 133
8438,NE,White,M,71,69.7,93.3,127,34.4,35.3,34.4,124,35.3,130,45.9,47.4,34.4 / 124,35.3 / 130
8438,NE,Gold,M,71,66.7,89.0,120,32.8,33.9,32.8,115,33.9,125,43.5,45.5,32.8 / 115,33.9 / 125
8438,NE,Red,M,71,64.7,86.0,115,32.2,32.5,32.2,111,32.5,118,42.5,43.5,32.2 / 111,32.5 / 118
8438,NE,White,F,71,75.1,105.5,129,36.9,38.2,36.9,124,38.2,134,51.5,54.0,36.9 / 124,38.2 / 134
8438,NE,Gold,F,71,71.4,99.3,119,34.9,36.5,34.9,112,36.5,125,48.1,51.2,34.9 / 112,36.5 / 125
8438,NE,Red,F,71,69.4,96.6,116,34.6,34.8,34.6,113,34.8,118,47.9,48.7,34.6 / 113,34.8 / 118
8387,NE,Black,M,70,70.6,93.3,123,35.2,35.4,35.2,123,35.4,122,46.6,46.7,35.2 / 123,35.4 / 122
8387,NE,Black/Blue,M,70,69.0,91.7,122,34.7,34.4,34.7,119,34.4,122,45.8,45.7,34.7 / 119,34.4 / 122
8387,NE,Blue,M,70,67.8,90.1,120,34.1,33.7,34.1,118,33.7,122,45.1,45.0,34.1 / 118,33.7 / 122
8387,NE,Blue/Green,M,70,67.2,89.2,119,33.7,33.5,33.7,115,33.5,122,44.4,44.8,33.7 / 115,33.5 / 122
8387,NE,Green,M,70,65.2,86.2,113,32.2,33.0,32.2,112,33.0,114,42.6,43.6,32.2 / 112,33.0 / 114
8387,NE,Green/Gold,M,70,64.2,84.8,111,31.2,33.0,31.2,108,33.0,114,41.2,43.6,31.2 / 108,33.0 / 114
8387,NE,Gold,M,70,62.6,82.7,109,31.0,31.6,31.0,107,31.6,110,40.9,41.8,31.0 / 107,31.6 / 110
8387,NE,Black,F,70,76.1,107.1,132,37.9,38.2,37.9,133,38.2,130,53.6,53.5,37.9 / 133,38.2 / 130
8387,NE,Black/Blue,F,70,74.5,104.7,129,37.3,37.2,37.3,131,37.2,126,52.7,52.0,37.3 / 131,37.2 / 126
8387,NE,Blue,F,70,73.4,103.2,127,36.8,36.6,36.8,128,36.6,125,51.9,51.3,36.8 / 128,36.6 / 125
8387,NE,Blue/Green,F,70,72.6,101.9,124,36.3,36.3,36.3,126,36.3,122,51.2,50.7,36.3 / 126,36.3 / 122
8387,NE,Green,F,70,69.6,97.4,118,34.5,35.1,34.5,115,35.1,120,48.1,49.3,34.5 / 115,35.1 / 120
8387,NE,Green/Gold,F,70,68.6,95.9,116,33.5,35.1,33.5,111,35.1,120,46.6,49.3,33.5 / 111,35.1 / 120
8387,NE,Gold,F,70,66.6,92.8,112,32.9,33.7,32.9,109,33.7,114,45.7,47.1,32.9 / 109,33.7 / 114
