course_id,state,tee_name,gender,par,course_rating,bogey_rating,slope_rating,rating_f9,rating_b9,front9_rating,front9_slope,back9_rating,back9_slope,bogey_f9,bogey_b9,front9_raw,back9_raw
9346,NY,Black,M,70,67.8,88.6,112,33.3,34.5,33.3,112,34.5,112,43.7,44.9,33.3 / 112,34.5 / 112
9346,NY,Bronze,M,70,66.2,86.7,111,33.0,33.2,33.0,113,33.2,108,43.5,43.2,33.0 / 113,33.2 / 108
9346,NY,Silver,M,70,64.8,84.9,108,32.4,32.4,32.4,111,32.4,105,42.7,42.2,32.4 / 111,32.4 / 105
9346,NY,Gold,M,70,61.4,78.9,94,30.5,30.9,30.5,91,30.9,97,39.0,39.9,30.5 / 91,30.9 / 97
9346,NY,Bronze,F,70,70.7,98.1,116,35.1,35.6,35.1,117,35.6,115,48.9,49.2,35.1 / 117,35.6 / 115
9346,NY,Silver,F,70,68.7,95.4,113,33.8,34.9,33.8,114,34.9,112,47.3,48.1,33.8 / 114,34.9 / 112
9346,NY,Gold,F,70,64.3,88.3,102,31.6,32.7,31.6,101,32.7,103,43.5,44.8,31.6 / 101,32.7 / 103
3777,NY,Blue,M,35,34.6,46.6,129,34.6,,34.6,129,,,46.6,,34.6 / 129,/
3777,NY,White,M,35,33.9,45.8,128,33.9,,33.9,128,,,45.8,,33.9 / 128,/
3777,NY,Gold,M,35,32.0,42.3,111,32.0,,32.0,111,,,42.3,,32.0 / 111,/
3777,NY,Red,F,35,34.0,48.4,122,34.0,,34.0,122,,,48.4,,34.0 / 122,/
3880,NY,Blue,M,72,71.0,94.3,126,36.1,34.9,36.1,123,34.9,128,47.5,46.8,36.1 / 123,34.9 / 128
3880,NY,White,M,72,69.0,91.8,123,34.8,34.2,34.8,118,34.2,127,45.8,46.0,34.8 / 118,34.2 / 127
3880,NY,Gold,M,71,64.2,84.2,108,32.0,32.2,32.0,104,32.2,111,41.7,42.5,32.0 / 104,32.2 / 111
3880,NY,Gold,F,71,68.5,97.0,121,34.0,34.5,34.0,118,34.5,124,47.9,49.1,34.0 / 118,34.5 / 124
3880,NY,Red,F,71,66.8,93.5,113,33.6,33.2,33.6,115,33.2,111,47.2,46.3,33.6 / 115,33.2 / 111
36407,NY,White,M,60,57.2,73.6,88,28.6,28.6,28.6,88,28.6,88,36.8,36.8,28.6 / 88,28.6 / 88
36407,NY,Red,M,60,55.6,71.2,84,27.8,27.8,27.8,84,27.8,84,35.6,35.6,27.8 / 84,27.8 / 84
36407,NY,White,F,60,59.8,80.6,88,29.9,29.9,29.9,88,29.9,88,40.3,40.3,29.9 / 88,29.9 / 88
36407,NY,Red,F,60,58.6,78.6,85,29.3,29.3,29.3,85,29.3,85,39.3,39.3,29.3 / 85,29.3 / 85
10164,NY,Oak,M,72,73.5,98.2,133,36.8,36.7,36.8,133,36.7,132,49.2,49.0,36.8 / 133,36.7 / 132
10164,NY,Oak/Spruce,M,72,72.4,97.3,134,36.1,36.3,36.1,136,36.3,132,48.7,48.6,36.1 / 136,36.3 / 132
10164,NY,Spruce,M,72,71.7,96.1,131,35.7,36.0,35.7,132,36.0,130,48.0,48.1,35.7 / 132,36.0 / 130
10164,NY,Spruce/Pine,M,72,70.9,95.2,131,35.4,35.5,35.4,133,35.5,128,47.8,47.4,35.4 / 133,35.5 / 128
10164,NY,Pine,M,72,70.4,93.8,126,35.0,35.4,35.0,125,35.4,127,46.6,47.2,35.0 / 125,35.4 / 127
10164,NY,Linden,M,72,68.6,91.2,122,33.8,34.8,33.8,121,34.8,123,45.0,46.2,33.8 / 121,34.8 / 123
10164,NY,ROB,M,72,67.6,90.4,123,33.9,33.7,33.9,127,33.7,118,45.7,44.7,33.9 / 127,33.7 / 118
10164,NY,Walnut,M,72,66.2,88.6,121,32.8,33.4,32.8,122,33.4,119,44.1,44.5,32.8 / 122,33.4 / 119
10164,NY,Cherry,M,72,63.4,83.9,111,31.2,32.2,31.2,109,32.2,112,41.3,42.6,31.2 / 109,32.2 / 112
10164,NY,Linden,F,73,74.6,105.9,133,36.6,38.0,36.6,131,38.0,135,52.0,53.9,36.6 / 131,38.0 / 135
10164,NY,Walnut,F,73,72.1,101.9,127,36.0,36.1,36.0,124,36.1,129,50.6,51.3,36.0 / 124,36.1 / 129
10164,NY,Cherry,F,73,68.2,97.2,123,33.5,34.7,33.5,120,34.7,126,47.6,49.6,33.5 / 120,34.7 / 126
6911,NY,Black,M,70,69.9,95.0,135,34.8,35.1,34.8,128,35.1,142,46.7,48.3,34.8 / 128,35.1 / 142
6911,NY,Gold,M,70,67.9,91.7,128,34.1,33.8,34.1,124,33.8,132,45.6,46.1,34.1 / 124,33.8 / 132
6911,NY,Gold/White,M,70,65.0,87.5,122,32.5,32.5,32.5,122,32.5,121,43.8,43.7,32.5 / 122,32.5 / 121
6911,NY,White,M,70,63.3,84.2,113,31.7,31.6,31.7,113,31.6,112,42.2,42.0,31.7 / 113,31.6 / 112
6911,NY,Black,F,71,75.7,108.4,139,37.8,37.9,37.8,138,37.9,139,54.1,54.3,37.8 / 138,37.9 / 139
6911,NY,Gold,F,70,74.5,105.7,132,37.7,36.8,37.7,136,36.8,128,53.8,51.9,37.7 / 136,36.8 / 128
6911,NY,Gold/White,F,70,70.3,99.9,126,35.4,34.9,35.4,131,34.9,120,50.8,49.1,35.4 / 131,34.9 / 120
6911,NY,White,F,70,67.8,96.5,122,34.3,33.5,34.3,124,33.5,120,48.9,47.6,34.3 / 124,33.5 / 120
3723,NY,Black - 4 Upper,M,71,71.2,93.8,122,36.4,34.8,36.4,129,34.8,114,48.4,45.4,36.4 / 129,34.8 / 114
3723,NY,Black - 4 Lower,M,71,71.0,93.2,120,36.2,34.8,36.2,125,34.8,114,47.8,45.4,36.2 / 125,34.8 / 114
3723,NY,Blue - 4 Upper,M,71,70.4,92.3,118,36.0,34.4,36.0,125,34.4,111,47.6,44.7,36.0 / 125,34.4 / 111
3723,NY,Blue - 4 Lower,M,71,70.1,91.7,117,35.7,34.4,35.7,122,34.4,111,47.0,44.7,35.7 / 122,34.4 / 111
3723,NY,Blue/White Upper,M,71,66.6,88.7,119,33.8,32.8,33.8,124,32.8,114,45.3,43.4,33.8 / 124,32.8 / 114
3723,NY,Blue/White Lower,M,71,66.3,88.1,118,33.5,32.8,33.5,121,32.8,114,44.7,43.4,33.5 / 121,32.8 / 114
3723,NY,White - 4 Upper,M,71,65.4,87.2,118,33.3,32.1,33.3,121,32.1,114,44.5,42.7,33.3 / 121,32.1 / 114
3723,NY,White - 4 Lower,M,71,65.0,86.7,117,32.9,32.1,32.9,119,32.1,114,44.0,42.7,32.9 / 119,32.1 / 114
3723,NY,Gold - 4 Upper,M,71,63.9,85.1,114,32.8,31.1,32.8,118,31.1,110,43.8,41.3,32.8 / 118,31.1 / 110
3723,NY,Gold - 4 Lower,M,71,63.6,84.7,114,32.5,31.1,32.5,117,31.1,110,43.4,41.3,32.5 / 117,31.1 / 110
3723,NY,White - 4 Upper,F,73,70.9,99.1,120,36.0,34.9,36.0,124,34.9,115,50.6,48.5,36.0 / 124,34.9 / 115
3723,NY,White - 4 Lower,F,73,70.5,98.5,119,35.6,34.9,35.6,122,34.9,115,50.0,48.5,35.6 / 122,34.9 / 115
3723,NY,Gold - 4 Upper,F,73,69.0,96.2,115,35.3,33.7,35.3,121,33.7,109,49.6,46.6,35.3 / 121,33.7 / 109
3723,NY,Gold - 4 Lower,F,73,68.7,95.6,114,35.0,33.7,35.0,119,33.7,109,49.0,46.6,35.0 / 119,33.7 / 109
23669,NY,Black,M,72,74.3,101.0,144,37.3,37.0,37.3,147,37.0,140,51.0,50.0,37.3 / 147,37.0 / 140
23669,NY,Blue,M,72,72.3,98.3,140,36.2,36.1,36.2,143,36.1,137,49.5,48.8,36.2 / 143,36.1 / 137
23669,NY,Blue/White,M,72,71.4,97.0,138,35.7,35.7,35.7,138,35.7,138,48.5,48.5,35.7 / 138,35.7 / 138
23669,NY,White,M,72,70.9,96.2,136,35.3,35.6,35.3,139,35.6,133,48.2,48.0,35.3 / 139,35.6 / 133
23669,NY,White/Green,M,72,69.6,93.9,131,34.4,35.2,34.4,133,35.2,128,46.8,47.1,34.4 / 133,35.2 / 128
23669,NY,Green,M,72,68.2,91.6,126,33.7,34.5,33.7,129,34.5,123,45.7,45.9,33.7 / 129,34.5 / 123
23669,NY,White,F,73,76.7,111.2,147,38.0,38.7,38.0,147,38.7,146,55.3,55.9,38.0 / 147,38.7 / 146
23669,NY,Green,F,72,73.5,106.2,139,36.4,37.1,36.4,139,37.1,138,52.8,53.4,36.4 / 139,37.1 / 138
23669,NY,Red,F,72,68.5,96.6,119,34.3,34.2,34.3,126,34.2,112,49.2,47.4,34.3 / 126,34.2 / 112
3669,NY,Blue,M,71,70.6,95.1,132,36.3,34.3,36.3,132,34.3,131,48.6,46.5,36.3 / 132,34.3 / 131
3669,NY,White,M,71,69.7,93.8,130,35.9,33.8,35.9,129,33.8,130,47.9,45.9,35.9 / 129,33.8 / 130
3669,NY,Gray,M,71,66.9,90.0,125,34.3,32.6,34.3,127,32.6,122,46.1,43.9,34.3 / 127,32.6 / 122
3669,NY,Red,M,71,65.0,87.8,123,33.0,32.0,33.0,124,32.0,121,44.6,43.2,33.0 / 124,32.0 / 121
3669,NY,Red,F,71,70.3,97.9,117,35.7,34.6,35.7,118,34.6,116,49.6,48.3,35.7 / 118,34.6 / 116
33523,NY,Blue,M,71,65.7,86.8,114,33.7,32.0,33.7,115,32.0,112,44.4,42.4,33.7 / 115,32.0 / 112
33523,NY,White,M,71,64.9,85.8,113,33.4,31.5,33.4,115,31.5,110,44.1,41.7,33.4 / 115,31.5 / 110
33523,NY,Gold,M,71,62.4,81.7,104,32.0,30.4,32.0,107,30.4,101,41.9,39.8,32.0 / 107,30.4 / 101
33523,NY,Red,M,71,62.2,81.2,102,31.8,30.4,31.8,104,30.4,100,41.5,39.7,31.8 / 104,30.4 / 100
33523,NY,Blue,F,72,71.1,100.7,126,36.7,34.4,36.7,129,34.4,122,51.9,48.8,36.7 / 129,34.4 / 122
33523,NY,White,F,72,70.1,99.3,124,36.2,33.9,36.2,127,33.9,120,51.2,48.1,36.2 / 127,33.9 / 120
33523,NY,Gold,F,72,66.3,93.2,114,34.5,31.8,34.5,117,31.8,111,48.3,44.9,34.5 / 117,31.8 / 111
33523,NY,Red,F,72,66.0,92.6,113,34.2,31.8,34.2,117,31.8,109,48.0,44.6,34.2 / 117,31.8 / 109
6674,NY,Red,M,72,73.4,100.6,147,36.5,36.9,36.5,144,36.9,149,49.9,50.7,36.5 / 144,36.9 / 149
6674,NY,Knowles,M,72,72.2,99.0,144,36.1,36.1,36.1,143,36.1,145,49.4,49.6,36.1 / 143,36.1 / 145
6674,NY,Green,M,72,71.6,97.9,142,35.6,36.0,35.6,139,36.0,144,48.5,49.4,35.6 / 139,36.0 / 144
6674,NY,Hotchkiss,M,72,70.6,95.4,134,35.2,35.4,35.2,135,35.4,132,47.7,47.7,35.2 / 135,35.4 / 132
6674,NY,White,M,72,68.8,93.1,131,34.2,34.6,34.2,133,34.6,128,46.6,46.5,34.2 / 133,34.6 / 128
6674,NY,WSGA White,M,72,68.3,92.5,130,34.2,34.1,34.2,133,34.1,127,46.6,45.9,34.2 / 133,34.1 / 127
6674,NY,Yellow,M,72,65.3,88.3,124,33.0,32.3,33.0,128,32.3,119,44.9,43.4,33.0 / 128,32.3 / 119
6674,NY,Family Red,M,72,62.1,83.3,114,31.2,30.9,31.2,118,30.9,110,42.2,41.1,31.2 / 118,30.9 / 110
6674,NY,Family Blue,M,72,57.5,76.7,104,28.8,28.7,28.8,107,28.7,100,38.7,38.0,28.8 / 107,28.7 / 100
6674,NY,Red,F,73,80.4,115.6,149,40.1,40.3,40.1,149,40.3,149,57.7,57.9,40.1 / 149,40.3 / 149
6674,NY,Green,F,73,78.3,112.6,146,39.0,39.3,39.0,145,39.3,146,56.1,56.5,39.0 / 145,39.3 / 146
6674,NY,White,F,73,75.1,107.7,138,37.5,37.6,37.5,138,37.6,138,53.8,53.9,37.5 / 138,37.6 / 138
6674,NY,Choate,F,73,73.8,105.8,136,36.7,37.1,36.7,137,37.1,135,52.8,53.0,36.7 / 137,37.1 / 135
6674,NY,Yellow,F,73,71.0,101.0,127,35.9,35.1,35.9,131,35.1,123,51.4,49.6,35.9 / 131,35.1 / 123
6674,NY,Family Red,F,72,66.1,93.8,118,33.4,32.7,33.4,121,32.7,114,47.7,46.1,33.4 / 121,32.7 / 114
6674,NY,Family Blue,F,72,60.4,84.2,101,30.2,30.2,30.2,103,30.2,99,42.3,41.9,30.2 / 103,30.2 / 99
14193,NY,Blue,M,71,72.3,97.0,133,35.8,36.5,35.8,128,36.5,137,47.7,49.3,35.8 / 128,36.5 / 137
14193,NY,White,M,71,70.7,94.8,130,35.4,35.3,35.4,127,35.3,132,47.2,47.6,35.4 / 127,35.3 / 132
14193,NY,Gold,M,71,67.1,89.5,121,33.6,33.5,33.6,118,33.5,124,44.5,45.0,33.6 / 118,33.5 / 124
14193,NY,Gold,F,71,71.2,97.5,112,34.6,36.6,34.6,109,36.6,115,47.4,50.1,34.6 / 109,36.6 / 115
14193,NY,Red,F,71,67.9,93.2,108,32.9,35.0,32.9,107,35.0,108,45.5,47.7,32.9 / 107,35.0 / 108
14192,NY,Blue,M,71,72.0,97.4,137,36.5,35.5,36.5,137,35.5,137,49.2,48.2,36.5 / 137,35.5 / 137
14192,NY,White,M,71,70.1,94.6,132,35.3,34.8,35.3,132,34.8,131,47.6,47.0,35.3 / 132,34.8 / 131
14192,NY,Gold,M,71,66.3,89.0,122,33.5,32.8,33.5,124,32.8,120,45.0,44.0,33.5 / 124,32.8 / 120
14192,NY,Gold,F,71,71.2,97.8,113,36.5,34.7,36.5,115,34.7,110,50.1,47.7,36.5 / 115,34.7 / 110
14192,NY,Red,F,71,68.2,93.4,107,35.0,33.2,35.0,108,33.2,106,47.7,45.7,35.0 / 108,33.2 / 106
14194,NY,Blue,M,70,71.3,96.0,133,35.5,35.8,35.5,137,35.8,128,48.3,47.7,35.5 / 137,35.8 / 128
14194,NY,White,M,70,70.2,94.2,129,34.8,35.4,34.8,131,35.4,127,47.0,47.2,34.8 / 131,35.4 / 127
14194,NY,Gold,M,70,66.4,88.5,119,32.8,33.6,32.8,120,33.6,118,43.9,44.6,32.8 / 120,33.6 / 118
14194,NY,Gold,F,70,69.3,95.0,110,34.7,34.6,34.7,110,34.6,109,47.7,47.3,34.7 / 110,34.6 / 109
14194,NY,Red,F,70,66.1,91.2,107,33.2,32.9,33.2,106,32.9,107,45.7,45.5,33.2 / 106,32.9 / 107
6626,NY,Back,M,71,73.2,98.9,141,37.0,36.2,37.0,141,36.2,140,50.1,49.2,37.0 / 141,36.2 / 140
6626,NY,Middle,M,71,72.4,97.8,137,36.6,35.8,36.6,135,35.8,139,49.1,48.7,36.6 / 135,35.8 / 139
6626,NY,Senior,M,71,70.1,94.1,129,35.5,34.6,35.5,128,34.6,130,47.4,46.7,35.5 / 128,34.6 / 130
6626,NY,Back,F,72,79.4,114.1,147,40.4,39.0,40.4,149,39.0,145,58.0,56.1,40.4 / 149,39.0 / 145
6626,NY,Middle,F,72,78.5,112.7,145,39.9,38.6,39.9,147,38.6,143,57.2,55.5,39.9 / 147,38.6 / 143
6626,NY,Forward,F,72,71.6,102.5,131,36.2,35.4,36.2,132,35.4,130,51.8,50.7,36.2 / 132,35.4 / 130
6626,NY,Senior,F,72,70.5,100.3,125,35.7,34.8,35.7,130,34.8,120,51.2,49.1,35.7 / 130,34.8 / 120
9343,NY,Blue,M,72,71.5,96.8,137,35.5,36.0,35.5,138,36.0,135,48.3,48.5,35.5 / 138,36.0 / 135
9343,NY,White,M,72,69.6,93.8,130,34.6,35.0,34.6,130,35.0,130,46.7,47.1,34.6 / 130,35.0 / 130
9343,NY,Gold,M,72,67.0,89.0,119,33.2,33.8,33.2,116,33.8,121,44.0,45.0,33.2 / 116,33.8 / 121
9343,NY,Red,M,72,64.4,84.8,110,32.1,32.3,32.1,105,32.3,114,41.9,42.9,32.1 / 105,32.3 / 114
9343,NY,White,F,72,76.1,108.8,139,37.6,38.5,37.6,137,38.5,141,53.7,55.1,37.6 / 137,38.5 / 141
9343,NY,Gold,F,72,72.3,103.6,133,35.8,36.5,35.8,134,36.5,131,51.6,52.0,35.8 / 134,36.5 / 131
9343,NY,Red,F,72,69.0,98.0,123,34.2,34.8,34.2,122,34.8,124,48.6,49.4,34.2 / 122,34.8 / 124
6677,NY,Black,M,72,75.0,101.8,144,37.5,37.5,37.5,144,37.5,144,50.9,50.9,37.5 / 144,37.5 / 144
6677,NY,Black Willow,M,72,73.5,99.7,142,37.0,36.5,37.0,142,36.5,141,50.2,49.5,37.0 / 142,36.5 / 141
6677,NY,Blue,M,72,72.7,98.8,141,36.5,36.2,36.5,141,36.2,140,49.6,49.2,36.5 / 141,36.2 / 140
6677,NY,Founder's,M,72,71.3,96.3,135,35.9,35.4,35.9,137,35.4,132,48.6,47.7,35.9 / 137,35.4 / 132
6677,NY,Gray,M,72,70.8,95.5,133,35.7,35.1,35.7,136,35.1,130,48.3,47.2,35.7 / 136,35.1 / 130
6677,NY,Governor's,M,72,67.7,91.2,127,34.3,33.4,34.3,130,33.4,123,46.4,44.8,34.3 / 130,33.4 / 123
6677,NY,Green,M,72,66.8,89.9,125,33.8,33.0,33.8,128,33.0,121,45.7,44.2,33.8 / 128,33.0 / 121
6677,NY,Gray,F,72,76.3,109.8,142,38.4,37.9,38.4,143,37.9,141,55.3,54.5,38.4 / 143,37.9 / 141
6677,NY,Governor's,F,72,72.3,103.0,130,36.7,35.6,36.7,133,35.6,127,52.4,50.6,36.7 / 133,35.6 / 127
6677,NY,Green,F,72,71.1,101.2,128,35.9,35.2,35.9,131,35.2,125,51.3,49.9,35.9 / 131,35.2 / 125
10150,NY,Blue,M,72,70.0,92.0,118,35.0,35.0,35.0,118,35.0,118,46.0,46.0,35.0 / 118,35.0 / 118
10150,NY,Blue-White,M,71,68.0,88.8,112,35.0,33.0,35.0,118,33.0,105,46.0,42.8,35.0 / 118,33.0 / 105
10150,NY,White,M,70,66.0,85.6,105,33.0,33.0,33.0,105,33.0,105,42.8,42.8,33.0 / 105,33.0 / 105
10150,NY,Red,M,70,64.8,84.0,103,32.4,32.4,32.4,103,32.4,103,42.0,42.0,32.4 / 103,32.4 / 103
10150,NY,Blue,F,74,76.4,108.2,135,38.2,38.2,38.2,135,38.2,135,54.1,54.1,38.2 / 135,38.2 / 135
10150,NY,White,F,72,70.8,100.4,126,35.4,35.4,35.4,126,35.4,126,50.2,50.2,35.4 / 126,35.4 / 126
10150,NY,Red-White Combo,F,72,70.1,99.3,124,34.7,35.4,34.7,122,35.4,126,49.1,50.2,34.7 / 122,35.4 / 126
10150,NY,Red,F,72,69.4,98.2,122,34.7,34.7,34.7,122,34.7,122,49.1,49.1,34.7 / 122,34.7 / 122
9321,NY,White,M,71,70.9,93.3,121,35.3,35.6,35.3,114,35.6,127,45.9,47.4,35.3 / 114,35.6 / 127
9321,NY,White / Gold,M,71,68.9,90.7,118,34.5,34.4,34.5,111,34.4,124,44.8,45.9,34.5 / 111,34.4 / 124
9321,NY,Gold,M,71,67.2,87.9,111,33.5,33.7,33.5,105,33.7,117,43.3,44.6,33.5 / 105,33.7 / 117
9321,NY,Red,M,71,62.6,80.8,98,31.2,31.4,31.2,97,31.4,99,40.2,40.6,31.2 / 97,31.4 / 99
9321,NY,White,F,72,77.3,108.3,132,38.3,39.0,38.3,128,39.0,135,53.4,54.9,38.3 / 128,39.0 / 135
9321,NY,White / Gold,F,72,75.5,106.0,130,37.3,38.2,37.3,124,38.2,135,51.9,54.1,37.3 / 124,38.2 / 135
9321,NY,Gold,F,72,74.0,103.8,127,36.4,37.6,36.4,119,37.6,134,50.4,53.4,36.4 / 119,37.6 / 134
9321,NY,Red,F,72,67.2,93.1,110,33.5,33.7,33.5,109,33.7,110,46.4,46.7,33.5 / 109,33.7 / 110
3754,NY,White,M,66,63.2,86.2,124,31.5,31.7,31.5,124,31.7,124,43.0,43.2,31.5 / 124,31.7 / 124
3754,NY,Red,M,66,62.1,83.9,117,30.8,31.3,30.8,115,31.3,119,41.5,42.4,30.8 / 115,31.3 / 119
3754,NY,White,F,69,67.0,97.5,130,33.3,33.7,33.3,129,33.7,130,48.5,49.0,33.3 / 129,33.7 / 130
3754,NY,Red,F,69,65.3,94.0,122,32.2,33.1,32.2,122,33.1,121,46.6,47.4,32.2 / 122,33.1 / 121
6686,NY,Blue,M,72,73.8,99.6,139,37.1,36.7,37.1,135,36.7,143,49.6,50.0,37.1 / 135,36.7 / 143
6686,NY,Blue/White,M,72,73.1,98.6,138,36.8,36.3,36.8,136,36.3,139,49.4,49.2,36.8 / 136,36.3 / 139
6686,NY,White,M,72,72.1,97.1,135,36.1,36.0,36.1,135,36.0,135,48.6,48.5,36.1 / 135,36.0 / 135
6686,NY,Green,M,72,69.7,94.0,130,35.2,34.5,35.2,129,34.5,131,47.3,46.7,35.2 / 129,34.5 / 131
6686,NY,Gold,M,72,67.8,91.2,126,34.3,33.5,34.3,125,33.5,127,45.9,45.3,34.3 / 125,33.5 / 127
6686,NY,Silver,M,72,64.2,86.9,123,32.2,32.0,32.2,118,32.0,126,43.2,43.7,32.2 / 118,32.0 / 126
6686,NY,Green,F,72,75.0,107.0,135,37.9,37.1,37.9,138,37.1,133,54.2,52.8,37.9 / 138,37.1 / 133
6686,NY,Gold,F,72,72.9,103.5,130,37.0,35.9,37.0,133,35.9,128,52.6,50.9,37.0 / 133,35.9 / 128
6686,NY,Silver,F,72,67.0,95.1,119,33.7,33.3,33.7,120,33.3,118,47.8,47.3,33.7 / 120,33.3 / 118
10168,NY,Blue,M,71,70.6,94.5,129,34.8,35.8,34.8,125,35.8,132,46.4,48.1,34.8 / 125,35.8 / 132
10168,NY,White,M,71,68.8,92.3,127,33.9,34.9,33.9,127,34.9,126,45.7,46.6,33.9 / 127,34.9 / 126
10168,NY,Gold,M,71,67.2,89.1,118,32.9,34.3,32.9,118,34.3,117,43.9,45.2,32.9 / 118,34.3 / 117
10168,NY,White,F,74,74.1,105.5,133,36.5,37.6,36.5,129,37.6,137,51.7,53.8,36.5 / 129,37.6 / 137
10168,NY,Red,F,74,71.9,101.5,126,35.4,36.5,35.4,120,36.5,131,49.6,51.9,35.4 / 120,36.5 / 131
23742,NY,Black,M,71,76.1,102.3,141,37.9,38.2,37.9,139,38.2,143,50.8,51.5,37.9 / 139,38.2 / 143
23742,NY,Gold,M,72,73.8,99.1,137,36.6,37.2,36.6,133,37.2,140,48.9,50.2,36.6 / 133,37.2 / 140
23742,NY,Blue,M,71,71.7,96.0,131,35.6,36.1,35.6,129,36.1,132,47.6,48.4,35.6 / 129,36.1 / 132
23742,NY,White,M,71,69.8,94.0,131,34.7,35.1,34.7,131,35.1,130,46.8,47.2,34.7 / 131,35.1 / 130
23742,NY,White,F,72,75.8,107.6,135,37.7,38.1,37.7,131,38.1,138,53.2,54.4,37.7 / 131,38.1 / 138
23742,NY,Green,F,72,71.4,100.5,124,35.5,35.9,35.5,123,35.9,124,50.0,50.5,35.5 / 123,35.9 / 124
23742,NY,Red,F,72,71.3,100.5,124,35.4,35.9,35.4,124,35.9,124,50.0,50.5,35.4 / 124,35.9 / 124
3778,NY,Blue,M,72,72.0,95.5,126,35.0,37.0,35.0,119,37.0,133,46.1,49.4,35.0 / 119,37.0 / 133
3778,NY,White,M,72,70.5,93.6,124,34.5,36.0,34.5,116,36.0,132,45.3,48.3,34.5 / 116,36.0 / 132
3778,NY,Gold,M,72,67.5,89.7,120,33.2,34.3,33.2,114,34.3,125,43.8,45.9,33.2 / 114,34.3 / 125
3778,NY,Gold,F,72,72.5,101.3,122,35.6,36.9,35.6,117,36.9,127,49.4,51.9,35.6 / 117,36.9 / 127
3778,NY,Red,F,72,68.1,94.8,114,34.4,33.7,34.4,109,33.7,118,47.2,47.6,34.4 / 109,33.7 / 118
3792,NY,Championship/Blue,M,72,73.1,98.1,135,36.3,36.8,36.3,135,36.8,135,48.8,49.3,36.3 / 135,36.8 / 135
3792,NY,Regular/White,M,72,69.9,93.8,129,34.7,35.2,34.7,129,35.2,128,46.7,47.1,34.7 / 129,35.2 / 128
3792,NY,Senior/Gold,M,72,65.9,87.6,117,32.7,33.2,32.7,114,33.2,119,43.3,44.3,32.7 / 114,33.2 / 119
3792,NY,Red,M,72,64.5,85.9,115,32.1,32.4,32.1,112,32.4,118,42.5,43.4,32.1 / 112,32.4 / 118
3792,NY,Senior/Gold,F,72,70.7,100.1,125,35.0,35.7,35.0,122,35.7,127,49.4,50.7,35.0 / 122,35.7 / 127
3792,NY,Red,F,72,68.9,97.2,120,34.3,34.6,34.3,117,34.6,123,48.1,49.1,34.3 / 117,34.6 / 123
9314,NY,Black,M,70,72.1,97.2,135,36.1,36.0,36.1,139,36.0,131,49.0,48.2,36.1 / 139,36.0 / 131
9314,NY,Grey,M,70,71.1,96.2,135,35.7,35.4,35.7,139,35.4,131,48.6,47.6,35.7 / 139,35.4 / 131
9314,NY,Bronze,M,70,67.8,91.0,125,33.8,34.0,33.8,126,34.0,124,45.5,45.5,33.8 / 126,34.0 / 124
9314,NY,Green,M,70,65.1,87.2,119,32.3,32.8,32.3,117,32.8,121,43.2,44.0,32.3 / 117,32.8 / 121
9314,NY,White,M,70,63.0,83.2,109,31.8,31.2,31.8,105,31.2,112,41.6,41.6,31.8 / 105,31.2 / 112
9314,NY,Grey,F,71,77.4,110.7,142,39.0,38.4,39.0,142,38.4,141,55.7,55.0,39.0 / 142,38.4 / 141
9314,NY,Bronze,F,71,73.6,104.9,133,36.8,36.8,36.8,132,36.8,133,52.4,52.5,36.8 / 132,36.8 / 133
9314,NY,Green,F,71,70.8,99.0,120,35.1,35.7,35.1,117,35.7,122,48.9,50.1,35.1 / 117,35.7 / 122
9314,NY,White,F,71,66.8,93.8,115,33.3,33.5,33.3,116,33.5,113,47.0,46.8,33.3 / 116,33.5 / 113
3315,NY,Blue,M,72,74.7,98.5,128,38.2,36.5,38.2,131,36.5,125,50.4,48.1,38.2 / 131,36.5 / 125
3315,NY,White,M,72,71.6,94.9,126,35.4,36.2,35.4,127,36.2,124,47.2,47.7,35.4 / 127,36.2 / 124
3315,NY,Gold,M,72,68.8,91.4,122,34.3,34.5,34.3,119,34.5,124,45.4,46.0,34.3 / 119,34.5 / 124
3315,NY,Silver,M,72,66.7,87.5,112,33.0,33.7,33.0,109,33.7,115,43.1,44.4,33.0 / 109,33.7 / 115
3315,NY,Red,M,72,65.6,85.5,108,32.9,32.7,32.9,107,32.7,108,42.8,42.7,32.9 / 107,32.7 / 108
3315,NY,Gold,F,72,74.9,104.9,127,37.3,37.6,37.3,127,37.6,127,52.3,52.6,37.3 / 127,37.6 / 127
3315,NY,Silver,F,72,72.2,101.3,124,35.8,36.4,35.8,122,36.4,125,50.2,51.1,35.8 / 122,36.4 / 125
3315,NY,Red,F,72,70.8,99.8,123,35.7,35.1,35.7,122,35.1,124,50.1,49.7,35.7 / 122,35.1 / 124
3879,NY,Blue,M,71,70.7,94.9,130,35.4,35.3,35.4,132,35.3,128,47.7,47.2,35.4 / 132,35.3 / 128
3879,NY,White,M,71,68.9,91.9,124,34.6,34.3,34.6,123,34.3,125,46.0,45.9,34.6 / 123,34.3 / 125
3879,NY,Gold,M,71,64.9,86.0,114,32.1,32.8,32.1,114,32.8,113,42.7,43.3,32.1 / 114,32.8 / 113
3879,NY,Silver,M,71,58.9,76.5,95,29.6,29.3,29.6,97,29.3,93,38.6,37.9,29.6 / 97,29.3 / 93
3879,NY,Red,F,72,69.9,98.6,122,34.6,35.3,34.6,119,35.3,125,48.6,50.0,34.6 / 119,35.3 / 125
3879,NY,Silver,F,71,59.4,82.5,98,29.9,29.5,29.9,98,29.5,98,41.4,41.1,29.9 / 98,29.5 / 98
30271,NY,White / Blue,M,70,68.9,91.9,124,34.6,34.3,34.6,125,34.3,123,46.2,45.7,34.6 / 125,34.3 / 123
30271,NY,Black / Silver,M,70,66.1,87.3,114,33.1,33.0,33.1,115,33.0,113,43.8,43.5,33.1 / 115,33.0 / 113
30271,NY,Red / Yellow,F,70,68.8,96.6,118,34.7,34.1,34.7,122,34.1,114,49.1,47.5,34.7 / 122,34.1 / 114
3721,NY,Blue,M,72,69.0,90.7,117,33.8,35.2,33.8,113,35.2,121,44.3,46.4,33.8 / 113,35.2 / 121
3721,NY,White,M,72,67.7,88.6,113,33.1,34.6,33.1,108,34.6,117,43.1,45.5,33.1 / 108,34.6 / 117
3721,NY,Gold,M,72,63.5,82.2,101,31.0,32.5,31.0,96,32.5,105,39.9,42.3,31.0 / 96,32.5 / 105
3721,NY,White,F,72,73.5,102.2,122,35.7,37.8,35.7,119,37.8,125,49.7,52.5,35.7 / 119,37.8 / 125
3721,NY,Red,F,72,67.4,93.9,113,32.4,35.0,32.4,105,35.0,120,44.8,49.1,32.4 / 105,35.0 / 120
3721,NY,Gold,F,72,67.4,93.9,113,32.4,35.0,32.4,105,35.0,120,44.8,49.1,32.4 / 105,35.0 / 120
9352,NY,White,M,72,71.4,94.3,124,36.5,34.9,36.5,125,34.9,122,48.1,46.2,36.5 / 125,34.9 / 122
9352,NY,Yellow,M,72,68.6,90.7,119,34.7,33.9,34.7,123,33.9,115,46.1,44.6,34.7 / 123,33.9 / 115
9352,NY,Red,F,72,75.0,104.9,127,38.1,36.9,38.1,130,36.9,124,53.4,51.5,38.1 / 130,36.9 / 124
9352,NY,Yellow,F,72,74.4,104.3,127,37.8,36.6,37.8,129,36.6,125,53.0,51.3,37.8 / 129,36.6 / 125
3737,NY,Black,M,72,72.9,97.3,131,36.9,36.0,36.9,132,36.0,130,49.2,48.1,36.9 / 132,36.0 / 130
3737,NY,Blue - Black,M,72,72.0,96.1,130,36.5,35.5,36.5,129,35.5,130,48.5,47.6,36.5 / 129,35.5 / 130
3737,NY,Blue,M,72,71.1,94.9,128,36.1,35.0,36.1,128,35.0,128,48.0,46.9,36.1 / 128,35.0 / 128
3737,NY,White - Blue,M,72,70.1,94.0,129,35.7,34.4,35.7,128,34.4,129,47.6,46.4,35.7 / 128,34.4 / 129
3737,NY,White,M,72,69.5,92.9,126,35.2,34.3,35.2,124,34.3,128,46.7,46.2,35.2 / 124,34.3 / 128
3737,NY,Gold - White,M,72,68.6,91.4,123,34.6,34.0,34.6,121,34.0,125,45.8,45.6,34.6 / 121,34.0 / 125
3737,NY,Gold,M,72,67.0,89.2,120,33.6,33.4,33.6,117,33.4,122,44.5,44.7,33.6 / 117,33.4 / 122
3737,NY,Green - Gold,M,72,65.8,86.9,114,32.9,32.9,32.9,112,32.9,115,43.3,43.6,32.9 / 112,32.9 / 115
3737,NY,Green,M,72,64.5,84.8,109,32.3,32.2,32.3,113,32.2,105,42.8,42.0,32.3 / 113,32.2 / 105
3737,NY,White,F,72,75.5,107.4,136,38.2,37.3,38.2,135,37.3,136,54.1,53.3,38.2 / 135,37.3 / 136
3737,NY,Gold - White,F,72,74.2,105.4,133,37.4,36.8,37.4,134,36.8,131,53.2,52.2,37.4 / 134,36.8 / 131
3737,NY,Gold,F,72,72.3,102.8,130,36.3,36.0,36.3,130,36.0,129,51.6,51.2,36.3 / 130,36.0 / 129
3737,NY,Green - Gold,F,72,71.0,100.7,126,35.5,35.5,35.5,126,35.5,126,50.4,50.3,35.5 / 126,35.5 / 126
3737,NY,Green,F,72,69.6,98.7,124,35.0,34.6,35.0,125,34.6,122,49.7,49.0,35.0 / 125,34.6 / 122
6684,NY,Black,M,71,72.8,99.4,142,36.5,36.3,36.5,144,36.3,140,50.0,49.4,36.5 / 144,36.3 / 140
6684,NY,Blue,M,72,71.9,98.0,140,35.9,36.0,35.9,141,36.0,139,49.0,49.0,35.9 / 141,36.0 / 139
6684,NY,White,M,72,70.3,95.5,135,35.3,35.0,35.3,136,35.0,134,48.0,47.5,35.3 / 136,35.0 / 134
6684,NY,Green,M,72,68.1,91.8,129,34.4,33.7,34.4,133,33.7,124,46.7,45.1,34.4 / 133,33.7 / 124
6684,NY,Red,M,72,66.8,89.7,124,33.9,32.9,33.9,128,32.9,119,45.8,43.9,33.9 / 128,32.9 / 119
6684,NY,Yellow,M,72,63.6,84.4,112,31.6,32.0,31.6,116,32.0,108,42.4,42.0,31.6 / 116,32.0 / 108
6684,NY,White,F,73,77.9,112.5,147,39.4,38.5,39.4,150,38.5,143,57.1,55.4,39.4 / 150,38.5 / 143
6684,NY,Red,F,73,72.6,104.4,135,37.2,35.4,37.2,139,35.4,131,53.6,50.8,37.2 / 139,35.4 / 131
6684,NY,Red Alternate,F,72,72.2,103.7,134,36.8,35.4,36.8,137,35.4,131,52.9,50.8,36.8 / 137,35.4 / 131
6684,NY,Yellow,F,73,68.5,96.8,120,34.1,34.4,34.1,121,34.4,119,48.4,48.4,34.1 / 121,34.4 / 119
14181,NY,Blue,M,72,71.2,93.8,122,35.7,35.5,35.7,123,35.5,121,47.1,46.7,35.7 / 123,35.5 / 121
14181,NY,White,M,72,69.0,91.7,123,34.3,34.7,34.3,127,34.7,118,46.1,45.6,34.3 / 127,34.7 / 118
14181,NY,Gold,M,72,65.3,85.3,108,32.9,32.4,32.9,109,32.4,107,43.0,42.3,32.9 / 109,32.4 / 107
14181,NY,Red,M,72,63.7,83.5,107,31.8,31.9,31.8,107,31.9,106,41.7,41.8,31.8 / 107,31.9 / 106
14181,NY,White,F,72,74.5,104.0,126,37.6,36.9,37.6,131,36.9,120,53.0,51.0,37.6 / 131,36.9 / 120
14181,NY,Red,F,72,69.0,96.3,116,34.7,34.3,34.7,120,34.3,111,48.9,47.4,34.7 / 120,34.3 / 111
14183,NY,Blue,M,72,72.0,95.5,127,36.4,35.6,36.4,126,35.6,127,48.1,47.4,36.4 / 126,35.6 / 127
14183,NY,White,M,72,69.5,92.4,124,35.2,34.3,35.2,124,34.3,123,46.7,45.7,35.2 / 124,34.3 / 123
14183,NY,Gold,M,72,66.4,87.8,116,33.4,33.0,33.4,123,33.0,109,44.8,43.0,33.4 / 123,33.0 / 109
14183,NY,Red,M,72,65.1,86.1,113,32.6,32.5,32.6,113,32.5,113,43.1,43.0,32.6 / 113,32.5 / 113
14183,NY,White,F,72,75.9,107.0,132,38.1,37.8,38.1,131,37.8,133,53.5,53.5,38.1 / 131,37.8 / 133
14183,NY,Red,F,72,70.3,98.8,121,35.6,34.7,35.6,122,34.7,120,50.0,48.8,35.6 / 122,34.7 / 120
14182,NY,Blue,M,72,71.8,94.8,124,35.5,36.3,35.5,121,36.3,127,46.7,48.1,35.5 / 121,36.3 / 127
14182,NY,White,M,72,69.9,92.4,121,34.7,35.2,34.7,117,35.2,125,45.6,46.8,34.7 / 117,35.2 / 125
14182,NY,Gold,M,72,65.8,87.1,115,32.4,33.4,32.4,107,33.4,123,42.3,44.8,32.4 / 107,33.4 / 123
14182,NY,Red,M,72,64.8,85.2,110,32.4,32.4,32.4,110,32.4,110,42.6,42.6,32.4 / 110,32.4 / 110
14182,NY,White,F,72,74.9,104.3,125,36.9,38.0,36.9,120,38.0,129,51.1,53.2,36.9 / 120,38.0 / 129
14182,NY,Red,F,72,69.9,97.4,117,34.3,35.6,34.3,111,35.6,122,47.4,50.0,34.3 / 111,35.6 / 122
3733,NY,Blue,M,71,72.7,98.1,137,35.9,36.8,35.9,133,36.8,140,48.3,49.8,35.9 / 133,36.8 / 140
3733,NY,Blue/White Combo,M,71,71.7,97.3,138,35.2,36.5,35.2,135,36.5,141,47.7,49.6,35.2 / 135,36.5 / 141
3733,NY,White,M,71,71.2,96.0,133,34.9,36.3,34.9,133,36.3,133,47.3,48.7,34.9 / 133,36.3 / 133
3733,NY,White/Gold Combo,M,71,69.9,94.6,133,34.1,35.8,34.1,132,35.8,133,46.4,48.2,34.1 / 132,35.8 / 133
3733,NY,Gold,M,71,68.2,91.9,128,33.2,35.0,33.2,126,35.0,129,44.9,47.0,33.2 / 126,35.0 / 129
3733,NY,Gold/Red Combo,M,71,66.7,90.2,127,33.0,33.7,33.0,124,33.7,129,44.5,45.7,33.0 / 124,33.7 / 129
3733,NY,Red,M,71,65.8,89.3,127,32.4,33.4,32.4,125,33.4,128,44.0,45.3,32.4 / 125,33.4 / 128
3733,NY,Red/Green Combo,M,71,62.4,83.7,115,31.1,31.3,31.1,112,31.3,117,41.5,42.2,31.1 / 112,31.3 / 117
3733,NY,Green,M,71,60.8,80.1,104,30.4,30.4,30.4,104,30.4,103,40.1,40.0,30.4 / 104,30.4 / 103
3733,NY,White,F,72,77.1,110.7,143,37.9,39.2,37.9,139,39.2,146,54.3,56.4,37.9 / 139,39.2 / 146
3733,NY,White/Gold Combo,F,72,75.8,108.3,138,36.9,38.9,36.9,134,38.9,142,52.7,55.6,36.9 / 134,38.9 / 142
3733,NY,Gold,F,72,74.1,105.8,135,36.0,38.1,36.0,128,38.1,141,51.1,54.7,36.0 / 128,38.1 / 141
3733,NY,Gold/Red Combo,F,72,72.3,103.5,132,35.7,36.6,35.7,131,36.6,133,51.2,52.3,35.7 / 131,36.6 / 133
3733,NY,Red,F,72,71.1,101.9,131,34.9,36.2,34.9,129,36.2,132,50.1,51.8,34.9 / 129,36.2 / 132
3733,NY,Red/Green Combo,F,72,66.0,93.2,116,32.7,33.3,32.7,114,33.3,117,46.1,47.1,32.7 / 114,33.3 / 117
3733,NY,Green,F,72,63.1,89.1,111,31.5,31.6,31.5,113,31.6,108,44.8,44.3,31.5 / 113,31.6 / 108
6852,NY,Back,M,71,71.1,95.5,132,35.5,35.6,35.5,127,35.6,136,47.3,48.2,35.5 / 127,35.6 / 136
6852,NY,Middle/Back,M,71,70.0,93.8,128,35.0,35.0,35.0,124,35.0,132,46.5,47.3,35.0 / 124,35.0 / 132
6852,NY,Middle,M,71,68.8,91.9,125,34.5,34.3,34.5,122,34.3,127,45.8,46.1,34.5 / 122,34.3 / 127
6852,NY,Forward/Middle,M,71,66.3,88.7,121,33.1,33.2,33.1,122,33.2,119,44.4,44.3,33.1 / 122,33.2 / 119
6852,NY,Forward,M,71,64.4,85.4,113,32.5,31.9,32.5,116,31.9,110,43.3,42.1,32.5 / 116,31.9 / 110
6852,NY,Short,M,71,61.1,79.4,99,30.6,30.5,30.6,96,30.5,101,39.5,39.9,30.6 / 96,30.5 / 101
6852,NY,Back,F,71,77.5,111.9,146,38.7,38.8,38.7,142,38.8,150,55.4,56.5,38.7 / 142,38.8 / 150
6852,NY,Middle/Back,F,71,76.1,109.7,143,38.1,38.0,38.1,138,38.0,147,54.4,55.3,38.1 / 138,38.0 / 147
6852,NY,Middle,F,71,75.0,108.0,140,37.6,37.4,37.6,137,37.4,143,53.7,54.3,37.6 / 137,37.4 / 143
6852,NY,Forward/Middle,F,71,72.1,104.0,135,36.2,35.9,36.2,131,35.9,139,51.7,52.3,36.2 / 131,35.9 / 139
6852,NY,Forward,F,71,69.8,100.0,128,35.5,34.3,35.5,128,34.3,128,50.6,49.4,35.5 / 128,34.3 / 128
6852,NY,Short,F,71,64.1,89.5,108,32.3,31.8,32.3,110,31.8,105,45.3,44.2,32.3 / 110,31.8 / 105
35577,NY,Blue,M,35,34.2,44.9,115,34.2,,34.2,115,,,44.9,,34.2 / 115,/
35577,NY,White,M,35,33.3,43.9,114,33.3,,33.3,114,,,43.9,,33.3 / 114,/
35577,NY,Red,M,35,32.0,42.2,110,32.0,,32.0,110,,,42.2,,32.0 / 110,/
35577,NY,Gold,M,35,31.2,41.3,109,31.2,,31.2,109,,,41.3,,31.2 / 109,/
35577,NY,Blue,F,38,37.0,52.3,130,37.0,,37.0,130,,,52.3,,37.0 / 130,/
35577,NY,White,F,36,36.0,50.7,125,36.0,,36.0,125,,,50.7,,36.0 / 125,/
35577,NY,Red,F,36,34.4,48.0,115,34.4,,34.4,115,,,48.0,,34.4 / 115,/
35577,NY,Gold,F,36,33.4,46.3,109,33.4,,33.4,109,,,46.3,,33.4 / 109,/
14914,NY,Blue,M,71,78.0,108.1,155,38.8,39.2,38.8,155,39.2,155,54.2,53.9,38.8 / 155,39.2 / 155
14914,NY,White,M,71,74.6,102.3,149,37.1,37.5,37.1,151,37.5,147,51.1,51.2,37.1 / 151,37.5 / 147
14914,NY,Yellow,M,71,72.0,98.7,144,35.8,36.2,35.8,144,36.2,143,49.2,49.5,35.8 / 144,36.2 / 143
14914,NY,White,F,71,81.8,120.7,155,40.5,41.3,40.5,155,41.3,155,59.4,61.3,40.5 / 155,41.3 / 155
14914,NY,Yellow,F,71,78.3,115.7,155,38.7,39.6,38.7,155,39.6,155,57.1,58.6,38.7 / 155,39.6 / 155
14918,NY,Blue,M,72,71.8,95.8,129,36.6,35.2,36.6,130,35.2,128,48.7,47.1,36.6 / 130,35.2 / 128
14918,NY,White,M,72,70.7,94.0,126,36.0,34.7,36.0,126,34.7,125,47.7,46.3,36.0 / 126,34.7 / 125
14918,NY,Yellow,M,72,67.3,89.6,120,33.8,33.5,33.8,119,33.5,121,44.9,44.7,33.8 / 119,33.5 / 121
14918,NY,Blue,F,72,78.3,111.1,139,39.7,38.6,39.7,145,38.6,133,56.8,54.3,39.7 / 145,38.6 / 133
14918,NY,White,F,72,76.9,108.9,136,39.0,37.9,39.0,142,37.9,130,55.7,53.2,39.0 / 142,37.9 / 130
14918,NY,Yellow,F,72,72.9,102.8,127,36.7,36.2,36.7,131,36.2,123,52.1,50.7,36.7 / 131,36.2 / 123
14917,NY,Blue,M,71,70.5,94.1,128,35.6,34.9,35.6,128,34.9,127,47.5,46.6,35.6 / 128,34.9 / 127
14917,NY,White,M,71,69.4,92.6,125,35.1,34.3,35.1,126,34.3,124,46.8,45.8,35.1 / 126,34.3 / 124
14917,NY,Yellow,M,71,67.7,90.1,121,34.7,33.0,34.7,124,33.0,117,46.2,43.9,34.7 / 124,33.0 / 117
14917,NY,Blue,F,71,76.7,108.8,136,38.7,38.0,38.7,135,38.0,137,54.6,54.2,38.7 / 135,38.0 / 137
14917,NY,White,F,71,75.2,106.5,133,38.0,37.2,38.0,132,37.2,133,53.6,52.9,38.0 / 132,37.2 / 133
14917,NY,Yellow,F,71,73.1,103.1,128,37.4,35.7,37.4,129,35.7,126,52.6,50.5,37.4 / 129,35.7 / 126
14916,NY,Blue,M,70,73.7,97.5,128,36.5,37.2,36.5,131,37.2,125,48.7,48.8,36.5 / 131,37.2 / 125
14916,NY,White,M,70,71.8,95.2,126,35.5,36.3,35.5,130,36.3,122,47.6,47.6,35.5 / 130,36.3 / 122
14916,NY,Yellow,M,70,67.9,89.7,118,33.9,34.0,33.9,123,34.0,112,45.3,44.4,33.9 / 123,34.0 / 112
14916,NY,White,F,70,78.1,111.1,140,38.9,39.2,38.9,141,39.2,139,55.5,55.6,38.9 / 141,39.2 / 139
14916,NY,Yellow,F,70,73.2,103.7,129,36.8,36.4,36.8,132,36.4,126,52.4,51.3,36.8 / 132,36.4 / 126
14915,NY,Blue,M,71,70.1,93.5,126,34.7,35.4,34.7,127,35.4,125,46.5,47.0,34.7 / 127,35.4 / 125
14915,NY,White,M,71,68.8,91.9,124,34.2,34.6,34.2,125,34.6,124,45.8,46.1,34.2 / 125,34.6 / 124
14915,NY,Yellow,M,71,65.7,87.4,117,32.7,33.0,32.7,118,33.0,115,43.7,43.7,32.7 / 118,33.0 / 115
14915,NY,Blue,F,71,76.4,107.4,132,37.9,38.5,37.9,130,38.5,133,53.2,54.2,37.9 / 130,38.5 / 133
14915,NY,White,F,71,74.7,105.1,129,37.1,37.6,37.1,128,37.6,130,52.2,52.9,37.1 / 128,37.6 / 130
14915,NY,Yellow,F,71,70.9,99.1,120,35.4,35.5,35.4,117,35.5,122,49.2,49.9,35.4 / 117,35.5 / 122
3846,NY,Black,M,70,69.2,92.7,127,34.6,34.6,34.6,122,34.6,131,45.9,46.8,34.6 / 122,34.6 / 131
3846,NY,White,M,70,66.9,88.9,119,33.7,33.2,33.7,114,33.2,123,44.3,44.6,33.7 / 114,33.2 / 123
3846,NY,Yellow,M,70,64.1,84.7,111,32.5,31.6,32.5,113,31.6,109,43.0,41.7,32.5 / 113,31.6 / 109
3846,NY,Red,M,70,63.3,83.3,108,32.1,31.2,32.1,113,31.2,102,42.6,40.7,32.1 / 113,31.2 / 102
3846,NY,White,F,70,71.7,101.5,127,36.1,35.6,36.1,125,35.6,128,50.8,50.7,36.1 / 125,35.6 / 128
3846,NY,Yellow,F,70,68.5,96.2,118,35.0,33.5,35.0,117,33.5,118,48.8,47.4,35.0 / 117,33.5 / 118
3846,NY,Red,F,70,67.3,94.4,115,34.3,33.0,34.3,116,33.0,114,48.0,46.4,34.3 / 116,33.0 / 114
3805,NY,Black,M,71,71.7,96.7,135,35.8,35.9,35.8,136,35.9,133,48.4,48.3,35.8 / 136,35.9 / 133
3805,NY,Blue,M,71,70.4,94.8,131,35.1,35.3,35.1,133,35.3,129,47.5,47.3,35.1 / 133,35.3 / 129
3805,NY,Green,M,71,67.0,90.5,127,33.3,33.7,33.3,128,33.7,125,45.2,45.3,33.3 / 128,33.7 / 125
3805,NY,White,M,71,65.8,88.7,124,32.6,33.2,32.6,125,33.2,122,44.2,44.5,32.6 / 125,33.2 / 122
3805,NY,Gold,M,71,64.7,86.7,119,32.3,32.4,32.3,121,32.4,116,43.5,43.2,32.3 / 121,32.4 / 116
3805,NY,Green,F,71,72.7,103.3,130,36.2,36.5,36.2,131,36.5,129,51.6,51.7,36.2 / 131,36.5 / 129
3805,NY,White,F,71,71.0,100.9,127,35.3,35.7,35.3,127,35.7,126,50.3,50.6,35.3 / 127,35.7 / 126
3805,NY,Gold,F,71,69.5,99.1,126,34.8,34.7,34.8,126,34.7,125,49.7,49.4,34.8 / 126,34.7 / 125
9299,NY,Black,M,70,68.2,92.0,128,34.1,34.1,34.1,128,34.1,128,46.0,46.0,34.1 / 128,34.1 / 128
9299,NY,White / Black,M,70,68.1,91.6,127,34.0,34.1,34.0,125,34.1,128,45.6,46.0,34.0 / 125,34.1 / 128
9299,NY,White,M,70,68.0,91.2,125,34.0,34.0,34.0,125,34.0,125,45.6,45.6,34.0 / 125,34.0 / 125
9299,NY,Gold,M,70,65.0,85.2,109,32.5,32.5,32.5,109,32.5,109,42.6,42.6,32.5 / 109,32.5 / 109
9299,NY,Red,F,70,67.6,96.4,122,33.8,33.8,33.8,122,33.8,122,48.2,48.2,33.8 / 122,33.8 / 122
32252,NY,White,M,32,31.0,40.4,101,31.0,,31.0,101,,,40.4,,31.0 / 101,/
32252,NY,Yellow,M,32,30.2,39.3,98,30.2,,30.2,98,,,39.3,,30.2 / 98,/
32252,NY,Red,M,32,30.0,39.2,99,30.0,,30.0,99,,,39.2,,30.0 / 99,/
32252,NY,White,F,32,32.4,45.0,107,32.4,,32.4,107,,,45.0,,32.4 / 107,/
32252,NY,Yellow,F,32,31.1,43.4,104,31.1,,31.1,104,,,43.4,,31.1 / 104,/
32252,NY,Red,F,32,30.9,43.1,103,30.9,,30.9,103,,,43.1,,30.9 / 103,/
6883,NY,Black,M,71,72.8,97.3,132,37.0,35.8,37.0,132,35.8,131,49.3,48.0,37.0 / 132,35.8 / 131
6883,NY,Blue,M,71,71.2,94.9,128,36.0,35.2,36.0,126,35.2,129,47.7,47.2,36.0 / 126,35.2 / 129
6883,NY,White,M,71,69.8,93.2,126,35.0,34.8,35.0,125,34.8,127,46.6,46.6,35.0 / 125,34.8 / 127
6883,NY,White/Green,M,71,67.4,90.1,123,33.7,33.7,33.7,123,33.7,122,45.1,45.0,33.7 / 123,33.7 / 122
6883,NY,Green,M,71,66.1,88.1,118,33.2,32.9,33.2,118,32.9,118,44.2,43.9,33.2 / 118,32.9 / 118
6883,NY,White,F,71,75.5,106.9,134,38.0,37.5,38.0,137,37.5,130,54.1,52.8,38.0 / 137,37.5 / 130
6883,NY,Green,F,71,70.8,99.9,123,35.7,35.1,35.7,126,35.1,120,50.6,49.3,35.7 / 126,35.1 / 120
3357,NY,BLUE,M,71,72.3,96.6,131,36.0,36.3,36.0,130,36.3,131,48.1,48.5,36.0 / 130,36.3 / 131
3357,NY,WHITE/BLUE,M,70,71.2,95.1,129,35.2,36.0,35.2,127,36.0,130,47.0,48.1,35.2 / 127,36.0 / 130
3357,NY,WHITE,M,70,70.4,94.0,127,35.2,35.2,35.2,127,35.2,127,47.0,47.0,35.2 / 127,35.2 / 127
3357,NY,GOLD/WHITE,M,70,69.7,92.9,125,34.5,35.2,34.5,123,35.2,127,45.9,47.0,34.5 / 123,35.2 / 127
3357,NY,GOLD,M,70,69.0,91.8,123,34.5,34.5,34.5,123,34.5,123,45.9,45.9,34.5 / 123,34.5 / 123
3357,NY,RED/GOLD,M,70,67.3,89.8,121,32.8,34.5,32.8,119,34.5,123,43.9,45.9,32.8 / 119,34.5 / 123
3357,NY,RED,M,70,65.6,87.8,119,32.8,32.8,32.8,119,32.8,119,43.9,43.9,32.8 / 119,32.8 / 119
3357,NY,GOLD,F,70,74.0,104.8,131,37.0,37.0,37.0,131,37.0,131,52.4,52.4,37.0 / 131,37.0 / 131
3357,NY,RED/GOLD,F,71,71.7,101.3,126,36.1,35.6,36.1,125,35.6,126,50.8,50.5,36.1 / 125,35.6 / 126
3357,NY,RED,F,70,71.2,101.0,126,35.6,35.6,35.6,126,35.6,126,50.5,50.5,35.6 / 126,35.6 / 126
24200,NY,White,F,37,37.8,53.0,129,37.8,,37.8,129,,,53.0,,37.8 / 129,/
24200,NY,Gold,F,36,36.2,51.0,126,36.2,,36.2,126,,,51.0,,36.2 / 126,/
24200,NY,Red,F,36,34.9,48.7,117,34.9,,34.9,117,,,48.7,,34.9 / 117,/
6642,NY,Black,M,72,71.1,94.0,124,35.4,35.7,35.4,126,35.7,121,47.1,46.9,35.4 / 126,35.7 / 121
6642,NY,Blue,M,72,70.6,93.2,122,35.1,35.5,35.1,125,35.5,118,46.7,46.5,35.1 / 125,35.5 / 118
6642,NY,White,M,72,69.3,90.9,116,34.5,34.8,34.5,117,34.8,115,45.4,45.5,34.5 / 117,34.8 / 115
6642,NY,Gold,M,72,67.4,86.9,105,33.6,33.8,33.6,102,33.8,107,43.2,43.7,33.6 / 102,33.8 / 107
6642,NY,White,F,72,74.8,105.8,132,37.8,37.0,37.8,129,37.0,134,53.0,52.8,37.8 / 129,37.0 / 134
6642,NY,Gold,F,72,72.0,102.3,129,36.2,35.8,36.2,126,35.8,131,51.0,51.3,36.2 / 126,35.8 / 131
6642,NY,Red,F,72,70.2,98.8,122,34.9,35.3,34.9,117,35.3,126,48.7,50.1,34.9 / 117,35.3 / 126
24201,NY,White,F,37,37.0,52.8,134,37.0,,37.0,134,,,52.8,,37.0 / 134,/
24201,NY,Gold,F,37,35.8,51.3,131,35.8,,35.8,131,,,51.3,,35.8 / 131,/
24201,NY,Red,F,37,35.3,50.2,126,35.3,,35.3,126,,,50.2,,35.3 / 126,/
6643,NY,Black,M,72,70.8,93.9,125,35.7,35.1,35.7,120,35.1,130,46.8,47.1,35.7 / 120,35.1 / 130
6643,NY,Blue,M,72,70.2,93.2,124,35.6,34.6,35.6,118,34.6,129,46.5,46.7,35.6 / 118,34.6 / 129
6643,NY,White,M,72,68.8,91.2,121,34.8,34.0,34.8,115,34.0,127,45.4,45.8,34.8 / 115,34.0 / 127
6643,NY,Gold,M,72,65.8,86.3,111,33.8,32.0,33.8,107,32.0,114,43.7,42.6,33.8 / 107,32.0 / 114
6643,NY,White,F,72,73.8,104.7,131,36.9,36.9,36.9,135,36.9,127,52.8,51.9,36.9 / 135,36.9 / 127
6643,NY,Gold,F,72,70.3,99.9,126,35.8,34.5,35.8,131,34.5,120,51.3,48.6,35.8 / 131,34.5 / 120
6643,NY,Red,F,72,69.3,97.4,120,35.3,34.0,35.3,125,34.0,114,50.0,47.4,35.3 / 125,34.0 / 114
24202,NY,White,F,36,37.0,51.9,126,37.0,,37.0,126,,,51.9,,37.0 / 126,/
24202,NY,Gold,F,35,34.5,48.6,120,34.5,,34.5,120,,,48.6,,34.5 / 120,/
24202,NY,Red,F,34,34.0,47.5,114,34.0,,34.0,114,,,47.5,,34.0 / 114,/
6644,NY,Black,M,72,70.5,94.2,128,35.1,35.4,35.1,130,35.4,126,47.2,47.0,35.1 / 130,35.4 / 126
6644,NY,Blue,M,72,69.8,93.4,127,34.7,35.1,34.7,129,35.1,125,46.7,46.7,34.7 / 129,35.1 / 125
6644,NY,White,M,72,68.5,91.1,122,34.0,34.5,34.0,127,34.5,116,45.8,45.3,34.0 / 127,34.5 / 116
6644,NY,Gold,M,72,65.8,85.9,108,32.0,33.8,32.0,114,33.8,102,42.6,43.3,32.0 / 114,33.8 / 102
6644,NY,White,F,72,74.7,104.9,128,36.9,37.8,36.9,127,37.8,129,51.9,53.0,36.9 / 127,37.8 / 129
6644,NY,Gold,F,72,70.6,99.6,123,34.5,36.1,34.5,120,36.1,126,48.6,51.0,34.5 / 120,36.1 / 126
6644,NY,Red,F,72,68.8,96.0,116,34.0,34.8,34.0,114,34.8,117,47.4,48.6,34.0 / 114,34.8 / 117
3711,NY,White,M,71,69.6,93.2,127,34.1,35.5,34.1,125,35.5,129,45.7,47.5,34.1 / 125,35.5 / 129
3711,NY,White/Gold Combo,M,73,67.9,91.3,126,33.4,34.5,33.4,123,34.5,129,44.8,46.5,33.4 / 123,34.5 / 129
3711,NY,Red/Gold,M,73,64.6,85.7,114,32.1,32.5,32.1,112,32.5,115,42.5,43.2,32.1 / 112,32.5 / 115
3711,NY,Red,F,73,69.7,98.9,124,34.7,35.0,34.7,124,35.0,124,49.3,49.6,34.7 / 124,35.0 / 124
3882,NY,White,M,72,68.8,93.3,132,34.6,34.2,34.6,133,34.2,130,47.0,46.3,34.6 / 133,34.2 / 130
3882,NY,Gold,M,72,65.7,87.7,118,33.1,32.6,33.1,118,32.6,118,44.1,43.6,33.1 / 118,32.6 / 118
3882,NY,Red,F,72,68.8,97.7,123,34.5,34.3,34.5,124,34.3,121,49.1,48.6,34.5 / 124,34.3 / 121
6722,NY,Blue,M,71,71.7,97.7,140,35.5,36.2,35.5,138,36.2,143,48.2,49.5,35.5 / 138,36.2 / 143
6722,NY,Blue/White,M,71,71.2,96.9,137,35.1,36.1,35.1,136,36.1,139,47.8,49.0,35.1 / 136,36.1 / 139
6722,NY,White,M,71,69.9,94.6,134,34.5,35.4,34.5,134,35.4,133,46.9,47.7,34.5 / 134,35.4 / 133
6722,NY,White/Green,M,71,68.4,92.8,130,33.7,34.7,33.7,132,34.7,130,46.0,46.8,33.7 / 132,34.7 / 130
6722,NY,Green,M,71,66.9,90.2,126,33.3,33.6,33.3,130,33.6,121,45.4,44.8,33.3 / 130,33.6 / 121
6722,NY,White,F,74,75.0,107.6,137,37.3,37.7,37.3,136,37.7,138,53.5,54.1,37.3 / 136,37.7 / 138
6722,NY,White/Green,F,74,74.1,105.9,134,36.8,37.3,36.8,132,37.3,136,52.4,53.5,36.8 / 132,37.3 / 136
6722,NY,Green,F,73,72.3,103.1,130,36.2,36.1,36.2,129,36.1,130,51.5,51.6,36.2 / 129,36.1 / 130
6722,NY,Green/Gold,F,73,70.1,98.7,122,35.7,34.4,35.7,124,34.4,119,50.3,48.4,35.7 / 124,34.4 / 119
6722,NY,Gold,F,73,66.9,94.1,116,33.6,33.3,33.6,116,33.3,116,47.2,46.9,33.6 / 116,33.3 / 116
6636,NY,Black,M,72,74.0,100.3,142,36.6,37.4,36.6,143,37.4,140,49.9,50.4,36.6 / 143,37.4 / 140
6636,NY,Black/Blue,M,72,73.2,99.4,141,36.4,36.8,36.4,142,36.8,140,49.6,49.8,36.4 / 142,36.8 / 140
6636,NY,Blue,M,72,72.5,98.4,140,36.1,36.4,36.1,140,36.4,139,49.1,49.3,36.1 / 140,36.4 / 139
6636,NY,Blue/White,M,72,71.3,96.7,137,35.5,35.8,35.5,138,35.8,136,48.3,48.4,35.5 / 138,35.8 / 136
6636,NY,White,M,72,70.7,95.5,134,35.2,35.5,35.2,138,35.5,129,48.0,47.5,35.2 / 138,35.5 / 129
6636,NY,White/Green,M,72,69.2,93.5,131,34.5,34.7,34.5,135,34.7,127,47.0,46.5,34.5 / 135,34.7 / 127
6636,NY,Green,M,72,68.3,92.1,128,34.0,34.3,34.0,130,34.3,126,46.1,46.0,34.0 / 130,34.3 / 126
6636,NY,White,F,73,76.4,109.4,140,38.2,38.2,38.2,140,38.2,140,54.7,54.7,38.2 / 140,38.2 / 140
6636,NY,Red,F,73,73.2,104.5,133,36.3,36.9,36.3,132,36.9,133,51.9,52.6,36.3 / 132,36.9 / 133
3296,NY,White/Blue,M,69,67.3,88.6,115,33.2,34.1,33.2,114,34.1,115,43.8,44.8,33.2 / 114,34.1 / 115
3296,NY,Yellow/White,M,68,64.5,84.6,108,31.3,33.2,31.3,102,33.2,114,40.8,43.8,31.3 / 102,33.2 / 114
3296,NY,Red,M,68,61.0,79.4,99,30.5,30.5,30.5,99,30.5,99,39.7,39.7,30.5 / 99,30.5 / 99
3296,NY,Yellow / White,F,72,70.0,97.4,117,33.7,36.3,33.7,113,36.3,120,47.0,50.4,33.7 / 113,36.3 / 120
3296,NY,Red,F,70,65.2,90.6,108,32.6,32.6,32.6,108,32.6,108,45.3,45.3,32.6 / 108,32.6 / 108
3320,NY,Blue,M,72,73.4,99.1,139,37.0,36.4,37.0,140,36.4,137,50.0,49.1,37.0 / 140,36.4 / 137
3320,NY,White,M,72,71.3,96.2,134,36.0,35.3,36.0,137,35.3,131,48.7,47.5,36.0 / 137,35.3 / 131
3320,NY,Gold,M,72,68.0,90.3,120,34.4,33.6,34.4,121,33.6,119,45.6,44.7,34.4 / 121,33.6 / 119
3320,NY,Red,M,72,66.0,87.3,115,33.5,32.5,33.5,115,32.5,114,44.2,43.1,33.5 / 115,32.5 / 114
3320,NY,Red-Grey,M,72,63.3,83.3,108,32.2,31.1,32.2,112,31.1,103,42.6,40.7,32.2 / 112,31.1 / 103
3320,NY,Grey,M,72,60.4,78.8,99,30.8,29.6,30.8,102,29.6,96,40.3,38.5,30.8 / 102,29.6 / 96
3320,NY,Gold,F,72,73.7,104.4,130,37.1,36.6,37.1,131,36.6,129,52.6,51.8,37.1 / 131,36.6 / 129
3320,NY,Red,F,72,71.1,100.6,125,36.1,35.0,36.1,126,35.0,124,51.0,49.6,36.1 / 126,35.0 / 124
3320,NY,Red-Grey,F,72,68.0,95.8,118,34.8,33.2,34.8,119,33.2,117,48.8,47.0,34.8 / 119,33.2 / 117
3320,NY,Grey,F,72,63.6,88.3,105,32.7,30.9,32.7,109,30.9,101,45.5,42.8,32.7 / 109,30.9 / 101
9312,NY,White,M,72,67.4,86.6,104,34.3,33.1,34.3,109,33.1,98,44.4,42.2,34.3 / 109,33.1 / 98
9312,NY,Gold,M,72,63.9,81.5,95,32.1,31.8,32.1,95,31.8,95,40.9,40.6,32.1 / 95,31.8 / 95
9312,NY,Red,M,72,63.2,80.4,93,31.8,31.4,31.8,94,31.4,91,40.5,39.9,31.8 / 94,31.4 / 91
9312,NY,White,F,72,73.0,102.5,125,37.4,35.6,37.4,128,35.6,122,52.5,50.0,37.4 / 128,35.6 / 122
9312,NY,Gold,F,72,69.2,95.5,112,34.9,34.3,34.9,110,34.3,113,47.9,47.6,34.9 / 110,34.3 / 113
9312,NY,Red,F,72,68.3,93.9,109,34.4,33.9,34.4,110,33.9,107,47.4,46.5,34.4 / 110,33.9 / 107
6845,NY,Blue,M,72,69.6,92.8,125,34.9,34.7,34.9,125,34.7,125,46.5,46.3,34.9 / 125,34.7 / 125
6845,NY,White,M,72,67.8,90.3,121,34.1,33.7,34.1,124,33.7,118,45.6,44.7,34.1 / 124,33.7 / 118
6845,NY,Gold,F,72,70.4,98.8,121,35.2,35.2,35.2,119,35.2,122,49.2,49.6,35.2 / 119,35.2 / 122
6845,NY,Forward,F,72,69.4,97.2,118,34.5,34.9,34.5,116,34.9,120,48.2,49.0,34.5 / 116,34.9 / 120
13758,NY,Back,M,60,61.2,80.8,105,30.6,30.6,30.6,105,30.6,105,40.4,40.4,30.6 / 105,30.6 / 105
13758,NY,Middle,M,60,60.4,79.8,104,30.2,30.2,30.2,104,30.2,104,39.9,39.9,30.2 / 104,30.2 / 104
13758,NY,Senior Gold,M,60,56.8,74.8,97,28.4,28.4,28.4,97,28.4,97,37.4,37.4,28.4 / 97,28.4 / 97
13758,NY,Back,F,60,63.0,88.4,108,31.5,31.5,31.5,108,31.5,108,44.2,44.2,31.5 / 108,31.5 / 108
13758,NY,Middle,F,60,61.8,86.6,105,30.9,30.9,30.9,105,30.9,105,43.3,43.3,30.9 / 105,30.9 / 105
13758,NY,Forward,F,60,60.0,83.4,99,30.0,30.0,30.0,99,30.0,99,41.7,41.7,30.0 / 99,30.0 / 99
13758,NY,Senior Gold,F,60,58.8,81.6,97,29.4,29.4,29.4,97,29.4,97,40.8,40.8,29.4 / 97,29.4 / 97
13765,NY,Blue,M,70,69.6,93.8,130,34.8,34.8,34.8,130,34.8,130,46.9,46.9,34.8 / 130,34.8 / 130
13765,NY,White,M,70,68.6,92.6,129,34.3,34.3,34.3,129,34.3,129,46.3,46.3,34.3 / 129,34.3 / 129
13765,NY,White/Green,M,70,67.2,90.2,124,33.6,33.6,33.6,124,33.6,124,45.1,45.1,33.6 / 124,33.6 / 124
13765,NY,Green,M,70,66.4,88.8,121,33.2,33.2,33.2,121,33.2,121,44.4,44.4,33.2 / 121,33.2 / 121
13765,NY,Red,M,70,65.8,88.2,120,32.9,32.9,32.9,120,32.9,120,44.1,44.1,32.9 / 120,32.9 / 120
13765,NY,Ocean,M,72,60.6,80.0,105,30.3,30.3,30.3,105,30.3,105,40.0,40.0,30.3 / 105,30.3 / 105
13765,NY,Waves Adult,M,54,54.2,71.0,90,27.1,27.1,27.1,90,27.1,90,35.5,35.5,27.1 / 90,27.1 / 90
13765,NY,Waves Juniors,M,72,54.2,71.0,90,27.1,27.1,27.1,90,27.1,90,35.5,35.5,27.1 / 90,27.1 / 90
13765,NY,Blue,F,72,75.8,107.8,136,37.9,37.9,37.9,136,37.9,136,53.9,53.9,37.9 / 136,37.9 / 136
13765,NY,Blue/White,F,72,74.8,107.4,138,37.4,37.4,37.4,138,37.4,138,53.7,53.7,37.4 / 138,37.4 / 138
13765,NY,White,F,72,74.2,105.8,133,37.1,37.1,37.1,133,37.1,133,52.9,52.9,37.1 / 133,37.1 / 133
13765,NY,White/Green,F,72,73.2,104.6,133,36.6,36.6,36.6,131,36.6,131,52.0,52.0,36.6 / 131,36.6 / 131
13765,NY,Green,F,72,71.8,102.4,129,35.9,35.9,35.9,129,35.9,129,51.2,51.2,35.9 / 129,35.9 / 129
13765,NY,Red,F,72,71.2,101.2,126,35.6,35.6,35.6,126,35.6,126,50.6,50.6,35.6 / 126,35.6 / 126
13765,NY,Ocean,F,72,61.8,86.8,107,30.9,30.9,30.9,107,30.9,107,43.4,43.4,30.9 / 107,30.9 / 107
13765,NY,Waves Adult,F,54,56.4,77.0,87,28.2,28.2,28.2,87,28.2,87,38.5,38.5,28.2 / 87,28.2 / 87
13765,NY,Waves Juniors,F,72,56.4,77.0,87,28.2,28.2,28.2,87,28.2,87,38.5,38.5,28.2 / 87,28.2 / 87
9331,NY,Blue,M,72,71.7,95.4,128,35.6,36.1,35.6,128,36.1,127,47.5,47.9,35.6 / 128,36.1 / 127
9331,NY,White,M,72,70.5,93.8,126,35.2,35.3,35.2,126,35.3,125,46.9,46.9,35.2 / 126,35.3 / 125
9331,NY,Gold,M,72,66.8,88.4,116,32.9,33.9,32.9,114,33.9,118,43.5,44.9,32.9 / 114,33.9 / 118
9331,NY,Black,M,72,62.9,81.9,102,31.3,31.6,31.3,102,31.6,102,40.8,41.1,31.3 / 102,31.6 / 102
9331,NY,Red,F,72,72.9,102.3,125,36.1,36.8,36.1,120,36.8,130,50.2,52.1,36.1 / 120,36.8 / 130
9331,NY,Gold,F,72,72.4,101.7,125,35.6,36.8,35.6,119,36.8,130,49.6,52.1,35.6 / 119,36.8 / 130
9331,NY,Black,F,72,67.3,94.7,117,33.4,33.9,33.4,113,33.9,120,46.7,48.0,33.4 / 113,33.9 / 120
13736,NY,Blue,M,70,70.8,95.0,130,35.4,35.4,35.4,130,35.4,130,47.5,47.5,35.4 / 130,35.4 / 130
13736,NY,Blue/White,M,70,70.4,94.4,129,35.4,35.0,35.4,130,35.0,128,47.5,46.9,35.4 / 130,35.0 / 128
13736,NY,White,M,70,70.0,93.8,128,35.0,35.0,35.0,128,35.0,128,46.9,46.9,35.0 / 128,35.0 / 128
13736,NY,Gold,M,70,63.2,83.4,109,31.6,31.6,31.6,109,31.6,109,41.7,41.7,31.6 / 109,31.6 / 109
13736,NY,Red,F,70,67.0,94.8,118,33.5,33.5,33.5,118,33.5,118,47.4,47.4,33.5 / 118,33.5 / 118
3321,NY,Black,M,72,73.7,98.7,135,36.9,36.8,36.9,133,36.8,136,49.3,49.4,36.9 / 133,36.8 / 136
3321,NY,Blue,M,72,71.6,96.2,132,35.7,35.9,35.7,133,35.9,131,48.1,48.1,35.7 / 133,35.9 / 131
3321,NY,Blue/White,M,72,70.4,94.8,131,35.2,35.2,35.2,133,35.2,129,47.6,47.2,35.2 / 133,35.2 / 129
3321,NY,White,M,72,69.3,93.1,128,34.5,34.8,34.5,130,34.8,126,46.6,46.5,34.5 / 130,34.8 / 126
3321,NY,Gold,M,72,66.6,89.5,124,33.2,33.4,33.2,123,33.4,124,44.6,44.9,33.2 / 123,33.4 / 124
3321,NY,Green/Gold,M,72,63.5,85.8,120,31.8,31.7,31.8,116,31.7,124,42.6,43.2,31.8 / 116,31.7 / 124
3321,NY,Green,M,72,62.5,84.0,116,30.8,31.7,30.8,108,31.7,124,40.8,43.2,30.8 / 108,31.7 / 124
3321,NY,Blue,F,73,78.4,113.8,150,39.3,39.1,39.3,146,39.1,154,56.5,57.3,39.3 / 146,39.1 / 154
3321,NY,Blue/White,F,73,76.9,111.0,145,38.7,38.2,38.7,142,38.2,147,55.5,55.5,38.7 / 142,38.2 / 147
3321,NY,White,F,73,75.4,107.8,138,37.8,37.6,37.8,134,37.6,141,53.6,54.2,37.8 / 134,37.6 / 141
3321,NY,Gold,F,73,72.5,103.1,130,36.3,36.2,36.3,133,36.2,126,52.0,51.1,36.3 / 133,36.2 / 126
3321,NY,Green/Gold,F,73,69.1,98.9,127,34.6,34.5,34.6,127,34.5,126,49.6,49.3,34.6 / 127,34.5 / 126
3321,NY,Green,F,73,67.5,96.8,125,33.0,34.5,33.0,123,34.5,126,47.5,49.3,33.0 / 123,34.5 / 126
9317,NY,Blue,M,72,74.3,101.8,148,38.0,36.3,38.0,150,36.3,146,51.9,49.9,38.0 / 150,36.3 / 146
9317,NY,Blue/White Combo,M,72,72.6,99.5,145,36.7,35.9,36.7,140,35.9,150,49.7,49.8,36.7 / 140,35.9 / 150
9317,NY,White,M,72,71.2,96.3,135,35.9,35.3,35.9,132,35.3,138,48.2,48.1,35.9 / 132,35.3 / 138
9317,NY,White/Silver Combo,M,72,70.3,94.5,131,35.1,35.2,35.1,135,35.2,126,47.6,46.9,35.1 / 135,35.2 / 126
9317,NY,Silver,M,72,69.2,92.4,125,34.8,34.4,34.8,129,34.4,121,46.8,45.6,34.8 / 129,34.4 / 121
9317,NY,Yellow,M,72,66.6,89.2,122,33.1,33.5,33.1,121,33.5,123,44.3,44.9,33.1 / 121,33.5 / 123
9317,NY,Red,M,72,65.1,86.5,115,32.6,32.5,32.6,119,32.5,111,43.7,42.8,32.6 / 119,32.5 / 111
9317,NY,Silver,F,72,74.8,106.3,134,37.7,37.1,37.7,137,37.1,131,53.8,52.5,37.7 / 137,37.1 / 131
9317,NY,Yellow,F,72,72.2,102.1,127,35.8,36.4,35.8,128,36.4,126,50.9,51.2,35.8 / 128,36.4 / 126
9317,NY,Red,F,72,70.2,99.3,124,35.5,34.7,35.5,121,34.7,126,49.8,49.5,35.5 / 121,34.7 / 126
3843,NY,Blue,M,71,72.2,95.5,126,37.0,35.2,37.0,127,35.2,124,48.8,46.7,37.0 / 127,35.2 / 124
3843,NY,White,M,71,71.3,93.7,121,36.5,34.8,36.5,124,34.8,117,48.0,45.7,36.5 / 124,34.8 / 117
3843,NY,Gold,M,71,67.8,89.8,119,34.6,33.2,34.6,123,33.2,114,46.0,43.8,34.6 / 123,33.2 / 114
3843,NY,Red,M,70,64.7,83.7,103,33.6,31.1,33.6,109,31.1,96,43.7,40.0,33.6 / 109,31.1 / 96
3843,NY,Gold,F,71,73.5,104.5,132,37.8,35.7,37.8,137,35.7,126,53.9,50.6,37.8 / 137,35.7 / 126
3843,NY,Red,F,70,69.1,95.8,114,36.2,32.9,36.2,119,32.9,108,50.2,45.6,36.2 / 119,32.9 / 108
6874,NY,Black,M,71,71.9,96.2,131,35.3,36.6,35.3,128,36.6,133,47.2,49.0,35.3 / 128,36.6 / 133
6874,NY,Black/White,M,71,71.1,95.0,129,35.1,36.0,35.1,127,36.0,130,46.9,48.1,35.1 / 127,36.0 / 130
6874,NY,White,M,71,70.5,94.1,127,34.6,35.9,34.6,124,35.9,130,46.1,48.0,34.6 / 124,35.9 / 130
6874,NY,Gold,M,71,67.9,91.2,125,33.6,34.3,33.6,125,34.3,126,45.2,46.0,33.6 / 125,34.3 / 126
6874,NY,Gold,F,72,73.5,104.3,131,36.7,36.8,36.7,131,36.8,130,52.2,52.1,36.7 / 131,36.8 / 130
6874,NY,Green,F,72,72.1,102.0,127,35.8,36.3,35.8,130,36.3,124,51.1,50.9,35.8 / 130,36.3 / 124
23699,NY,Black,M,72,74.6,97.1,122,37.3,37.3,37.3,122,37.3,121,48.6,48.5,37.3 / 122,37.3 / 121
23699,NY,Gold,M,72,72.8,95.1,120,36.4,36.4,36.4,123,36.4,117,47.8,47.3,36.4 / 123,36.4 / 117
23699,NY,Blue,M,72,70.3,92.0,117,35.3,35.0,35.3,121,35.0,113,46.5,45.5,35.3 / 121,35.0 / 113
23699,NY,White,M,72,67.9,88.7,112,34.3,33.6,34.3,114,33.6,110,44.9,43.8,34.3 / 114,33.6 / 110
23699,NY,White,F,72,73.5,101.1,117,37.1,36.4,37.1,117,36.4,118,50.9,50.3,37.1 / 117,36.4 / 118
23699,NY,Red,F,72,66.7,91.7,106,33.6,33.1,33.6,108,33.1,104,46.3,45.4,33.6 / 108,33.1 / 104
3734,NY,Blue,M,72,71.6,96.1,132,35.6,36.0,35.6,137,36.0,127,48.3,47.8,35.6 / 137,36.0 / 127
3734,NY,White,M,72,69.3,93.0,128,34.5,34.8,34.5,136,34.8,119,47.1,45.9,34.5 / 136,34.8 / 119
3734,NY,Green,M,72,67.7,90.4,122,34.0,33.7,34.0,127,33.7,117,45.8,44.6,34.0 / 127,33.7 / 117
3734,NY,Gold,M,72,66.6,88.3,117,33.1,33.5,33.1,121,33.5,113,44.3,44.0,33.1 / 121,33.5 / 113
3734,NY,White,F,72,72.8,103.5,131,37.2,35.6,37.2,137,35.6,124,53.3,50.2,37.2 / 137,35.6 / 124
3734,NY,Red,F,72,70.3,99.8,125,35.0,35.3,35.0,127,35.3,123,50.0,49.8,35.0 / 127,35.3 / 123
9303,NY,Blue,M,72,71.9,93.7,117,35.6,36.3,35.6,119,36.3,115,46.7,47.0,35.6 / 119,36.3 / 115
9303,NY,White,M,72,69.0,89.9,113,34.4,34.6,34.4,116,34.6,109,45.2,44.7,34.4 / 116,34.6 / 109
9303,NY,Gold,M,72,65.9,85.4,105,33.0,32.9,33.0,108,32.9,102,43.0,42.4,33.0 / 108,32.9 / 102
9303,NY,Red,F,72,67.2,92.8,109,33.7,33.5,33.7,109,33.5,109,46.5,46.3,33.7 / 109,33.5 / 109
3317,NY,Blue,M,72,71.6,95.0,126,34.8,36.8,34.8,125,36.8,127,46.4,48.6,34.8 / 125,36.8 / 127
3317,NY,White,M,72,70.0,93.0,124,34.0,36.0,34.0,123,36.0,125,45.4,47.6,34.0 / 123,36.0 / 125
3317,NY,White/Gold,M,72,68.9,91.9,124,33.8,35.1,33.8,123,35.1,125,45.2,46.7,33.8 / 123,35.1 / 125
3317,NY,Gold,M,72,68.3,90.9,122,33.5,34.8,33.5,121,34.8,123,44.7,46.2,33.5 / 121,34.8 / 123
3317,NY,Silver,M,72,65.9,87.0,114,32.2,33.7,32.2,110,33.7,117,42.4,44.6,32.2 / 110,33.7 / 117
3317,NY,Combo Silver-Green,M,72,63.6,83.0,105,31.0,32.6,31.0,101,32.6,108,40.4,42.6,31.0 / 101,32.6 / 108
3317,NY,Green,M,72,61.3,79.8,100,30.4,30.9,30.4,96,30.9,103,39.3,40.5,30.4 / 96,30.9 / 103
3317,NY,Gold,F,72,74.1,103.5,125,36.5,37.6,36.5,122,37.6,127,50.9,52.6,36.5 / 122,37.6 / 127
3317,NY,Silver,F,72,71.2,100.4,124,34.7,36.5,34.7,122,36.5,126,49.1,51.3,34.7 / 122,36.5 / 126
3317,NY,Combo Silver-Green,F,72,68.1,95.7,117,33.1,35.0,33.1,114,35.0,120,46.5,49.2,33.1 / 114,35.0 / 120
3317,NY,Green,F,72,64.3,89.9,109,31.5,32.8,31.5,105,32.8,112,43.9,46.0,31.5 / 105,32.8 / 112
3714,NY,Blue,M,72,70.9,95.2,131,35.0,35.9,35.0,128,35.9,133,46.9,48.3,35.0 / 128,35.9 / 133
3714,NY,Blue/White,M,72,69.7,93.7,129,34.4,35.3,34.4,127,35.3,131,46.2,47.5,34.4 / 127,35.3 / 131
3714,NY,White,M,72,69.4,93.3,129,34.3,35.1,34.3,126,35.1,131,46.0,47.3,34.3 / 126,35.1 / 131
3714,NY,White/Gold,M,72,66.7,89.7,124,33.1,33.6,33.1,126,33.6,122,44.8,44.9,33.1 / 126,33.6 / 122
3714,NY,Gold,M,72,65.9,87.7,118,32.8,33.1,32.8,122,33.1,113,44.1,43.6,32.8 / 122,33.1 / 113
3714,NY,Red,F,73,70.9,100.1,124,35.4,35.5,35.4,126,35.5,122,50.2,49.9,35.4 / 126,35.5 / 122
3901,NY,Blue,M,71,68.5,90.7,120,35.2,33.3,35.2,126,33.3,113,46.9,43.8,35.2 / 126,33.3 / 113
3901,NY,White,M,71,67.2,88.7,116,34.0,33.2,34.0,121,33.2,111,45.2,43.5,34.0 / 121,33.2 / 111
3901,NY,Gold,M,71,63.7,83.7,108,31.9,31.8,31.9,105,31.8,110,41.7,42.0,31.9 / 105,31.8 / 110
3901,NY,Red,M,72,63.0,82.8,107,31.2,31.8,31.2,107,31.8,107,41.1,41.7,31.2 / 107,31.8 / 107
3901,NY,Red,F,72,68.2,95.6,116,33.6,34.6,33.6,117,34.6,115,47.4,48.2,33.6 / 117,34.6 / 115
3294,NY,Blue,M,71,71.2,94.8,127,35.3,35.9,35.3,124,35.9,130,46.8,48.0,35.3 / 124,35.9 / 130
3294,NY,Blue-White,M,71,69.6,93.1,126,34.3,35.3,34.3,123,35.3,129,45.7,47.4,34.3 / 123,35.3 / 129
3294,NY,White,M,71,68.4,91.4,124,33.6,34.8,33.6,122,34.8,126,44.9,46.5,33.6 / 122,34.8 / 126
3294,NY,Red-White,M,71,66.6,88.2,116,32.6,34.0,32.6,113,34.0,119,43.1,45.1,32.6 / 113,34.0 / 119
3294,NY,Red,M,71,64.6,85.9,115,31.9,32.7,31.9,112,32.7,117,42.3,43.6,31.9 / 112,32.7 / 117
3294,NY,White,F,71,74.0,105.2,133,36.4,37.6,36.4,129,37.6,136,51.6,53.6,36.4 / 129,37.6 / 136
3294,NY,Red-White,F,71,71.7,102.1,129,35.0,36.7,35.0,126,36.7,132,49.8,52.3,35.0 / 126,36.7 / 132
3294,NY,Red,F,71,69.7,98.7,123,34.2,35.5,34.2,123,35.5,123,48.7,50.0,34.2 / 123,35.5 / 123
3812,NY,Blue,M,71,69.1,91.5,121,35.6,33.5,35.6,127,33.5,114,47.4,44.1,35.6 / 127,33.5 / 114
3812,NY,White,M,71,68.7,90.3,117,35.3,33.4,35.3,123,33.4,110,46.7,43.6,35.3 / 123,33.4 / 110
3812,NY,Gold,M,71,64.0,82.6,100,32.5,31.5,32.5,104,31.5,96,42.2,40.4,32.5 / 104,31.5 / 96
3812,NY,Red,M,71,63.7,82.4,101,32.3,31.4,32.3,103,31.4,98,41.9,40.5,32.3 / 103,31.4 / 98
3812,NY,White,F,72,73.8,104.9,132,38.2,35.6,38.2,134,35.6,130,54.0,50.9,38.2 / 134,35.6 / 130
3812,NY,Gold,F,71,68.0,95.3,116,34.5,33.5,34.5,118,33.5,114,48.4,46.9,34.5 / 118,33.5 / 114
3812,NY,Red,F,71,67.4,94.1,113,34.0,33.4,34.0,116,33.4,110,47.7,46.4,34.0 / 116,33.4 / 110
34214,NY,White,M,60,58.6,74.6,86,29.3,29.3,29.3,86,29.3,86,37.3,37.3,29.3 / 86,29.3 / 86
34214,NY,Red,F,60,58.4,78.4,85,29.2,29.2,29.2,85,29.2,85,39.2,39.2,29.2 / 85,29.2 / 85
3772,NY,Blue,M,71,70.5,94.2,128,33.8,36.7,33.8,124,36.7,131,45.3,48.9,33.8 / 124,36.7 / 131
3772,NY,White,M,71,68.0,91.1,124,32.9,35.1,32.9,118,35.1,130,43.9,47.2,32.9 / 118,35.1 / 130
3772,NY,Yellow,M,71,65.8,87.0,115,31.9,33.9,31.9,108,33.9,121,41.9,45.1,31.9 / 108,33.9 / 121
3772,NY,Red,F,71,68.8,96.7,119,33.3,35.5,33.3,114,35.5,123,46.7,50.0,33.3 / 114,35.5 / 123
21207,NY,White,M,72,69.1,90.5,115,34.6,34.5,34.6,118,34.5,112,45.6,44.9,34.6 / 118,34.5 / 112
21207,NY,Gold,M,72,66.0,85.9,107,32.9,33.1,32.9,110,33.1,104,43.1,42.8,32.9 / 110,33.1 / 104
21207,NY,Red,M,72,64.9,84.2,104,32.5,32.4,32.5,104,32.4,103,42.2,42.0,32.5 / 104,32.4 / 103
21207,NY,Red,F,72,69.9,96.6,113,34.9,35.0,34.9,112,35.0,114,48.1,48.5,34.9 / 112,35.0 / 114
29163,NY,Blue,M,72,70.4,93.8,126,34.6,35.8,34.6,119,35.8,132,45.7,48.1,34.6 / 119,35.8 / 132
29163,NY,White,M,72,68.1,91.0,124,33.3,34.8,33.3,123,34.8,124,44.7,46.3,33.3 / 123,34.8 / 124
29163,NY,Gold,M,72,65.0,85.6,111,31.8,33.2,31.8,105,33.2,116,41.6,44.0,31.8 / 105,33.2 / 116
29163,NY,Red,M,72,63.5,83.1,105,31.0,32.5,31.0,105,32.5,105,40.8,42.3,31.0 / 105,32.5 / 105
29163,NY,Gold,F,72,69.7,97.3,117,34.0,35.7,34.0,114,35.7,120,47.5,49.8,34.0 / 114,35.7 / 120
29163,NY,Red,F,72,67.1,94.0,114,32.4,34.7,32.4,109,34.7,119,45.3,48.7,32.4 / 109,34.7 / 119
13599,NY,Blue,M,71,66.9,88.2,115,34.4,32.5,34.4,124,32.5,105,45.9,42.3,34.4 / 124,32.5 / 105
13599,NY,White,M,71,65.9,86.1,109,34.0,31.9,34.0,114,31.9,103,44.6,41.5,34.0 / 114,31.9 / 103
13599,NY,Red,F,71,64.3,90.1,109,32.9,31.4,32.9,115,31.4,103,46.5,43.6,32.9 / 115,31.4 / 103
13746,NY,Blue,M,72,71.4,96.4,135,35.1,36.3,35.1,137,36.3,132,47.8,48.6,35.1 / 137,36.3 / 132
13746,NY,White,M,72,69.1,93.0,129,34.3,34.8,34.3,130,34.8,127,46.4,46.6,34.3 / 130,34.8 / 127
13746,NY,Gold,M,72,65.1,87.3,120,32.2,32.9,32.2,113,32.9,126,42.7,44.6,32.2 / 113,32.9 / 126
13746,NY,Gold,F,72,70.2,99.3,123,34.6,35.6,34.6,126,35.6,120,49.5,49.8,34.6 / 126,35.6 / 120
13746,NY,Red,F,72,68.8,97.2,121,34.1,34.7,34.1,124,34.7,117,48.7,48.5,34.1 / 124,34.7 / 117
18087,NY,Blue,M,70,64.4,86.0,116,32.2,32.2,32.2,116,32.2,116,43.0,43.0,32.2 / 116,32.2 / 116
18087,NY,SiIver/Blue,M,70,64.3,85.8,116,32.1,32.2,32.1,115,32.2,116,42.8,43.0,32.1 / 115,32.2 / 116
18087,NY,Silver,M,70,64.2,85.6,115,32.1,32.1,32.1,115,32.1,115,42.8,42.8,32.1 / 115,32.1 / 115
18087,NY,Red,M,70,62.4,82.2,107,31.2,31.2,31.2,107,31.2,107,41.1,41.1,31.2 / 107,31.2 / 107
18087,NY,Blue,F,70,68.6,99.4,131,34.3,34.3,34.3,131,34.3,131,49.7,49.7,34.3 / 131,34.3 / 131
18087,NY,Silver/Blue,F,70,68.6,99.2,130,34.3,34.3,34.3,129,34.3,131,49.5,49.7,34.3 / 129,34.3 / 131
18087,NY,Silver,F,70,68.6,99.0,129,34.3,34.3,34.3,129,34.3,129,49.5,49.5,34.3 / 129,34.3 / 129
18087,NY,Red,F,70,65.8,94.0,120,32.9,32.9,32.9,120,32.9,120,47.0,47.0,32.9 / 120,32.9 / 120
3694,NY,Blue - 9,M,36,35.9,47.2,122,35.9,,35.9,122,,,47.2,,35.9 / 122,/
3694,NY,White - 9,M,36,34.6,45.2,114,34.6,,34.6,114,,,45.2,,34.6 / 114,/
3694,NY,Blended-9,M,36,33.3,43.5,110,33.3,,33.3,110,,,43.5,,33.3 / 110,/
3694,NY,Gold - 9,M,36,32.2,41.8,103,32.2,,32.2,103,,,41.8,,32.2 / 103,/
3694,NY,Red - 9,M,36,31.7,41.1,101,31.7,,31.7,101,,,41.1,,31.7 / 101,/
3694,NY,White - 9,F,36,37.2,53.3,137,37.2,,37.2,137,,,53.3,,37.2 / 137,/
3694,NY,Blended-9,F,36,35.6,49.8,120,35.6,,35.6,120,,,49.8,,35.6 / 120,/
3694,NY,Gold - 9,F,36,34.4,48.2,117,34.4,,34.4,117,,,48.2,,34.4 / 117,/
3694,NY,Red - 9,F,36,34.4,47.8,114,34.4,,34.4,114,,,47.8,,34.4 / 114,/
3818,NY,Black,M,72,72.3,97.0,133,35.8,36.5,35.8,131,36.5,135,48.0,49.0,35.8 / 131,36.5 / 135
3818,NY,Black / Gold,M,72,71.4,96.0,132,35.4,36.0,35.4,131,36.0,133,47.6,48.4,35.4 / 131,36.0 / 133
3818,NY,Gold,M,72,70.7,94.7,129,35.1,35.6,35.1,126,35.6,132,46.8,47.9,35.1 / 126,35.6 / 132
3818,NY,White,M,72,67.9,90.8,124,34.1,33.8,34.1,123,33.8,124,45.5,45.3,34.1 / 123,33.8 / 124
3818,NY,White / Blue,M,72,66.4,88.6,120,33.4,33.0,33.4,122,33.0,117,44.7,43.9,33.4 / 122,33.0 / 117
3818,NY,Blue,M,72,64.9,85.8,113,32.3,32.6,32.3,112,32.6,113,42.7,43.1,32.3 / 112,32.6 / 113
3818,NY,Blue / Orange,M,72,63.1,82.7,106,31.4,31.7,31.4,101,31.7,110,40.8,41.9,31.4 / 101,31.7 / 110
3818,NY,Orange,M,72,61.5,80.7,103,30.8,30.7,30.8,102,30.7,104,40.3,40.4,30.8 / 102,30.7 / 104
3818,NY,Family Gold,M,72,60.6,79.3,101,30.4,30.2,30.4,101,30.2,100,39.8,39.5,30.4 / 101,30.2 / 100
3818,NY,Family Blue,M,72,56.0,73.2,93,29.2,26.8,29.2,99,26.8,86,38.4,34.8,29.2 / 99,26.8 / 86
3818,NY,Black,F,72,78.7,113.0,146,38.8,39.9,38.8,141,39.9,150,55.4,57.6,38.8 / 141,39.9 / 150
3818,NY,Black / Gold,F,72,77.6,111.3,143,38.5,39.1,38.5,138,39.1,148,54.8,56.5,38.5 / 138,39.1 / 148
3818,NY,Gold,F,72,76.7,110.1,142,37.9,38.8,37.9,137,38.8,146,54.1,56.0,37.9 / 137,38.8 / 146
3818,NY,White,F,72,73.6,105.5,135,37.0,36.6,37.0,133,36.6,137,52.7,52.8,37.0 / 133,36.6 / 137
3818,NY,Blue / White,F,72,71.8,102.1,129,36.1,35.7,36.1,128,35.7,129,51.2,50.9,36.1 / 128,35.7 / 129
3818,NY,Blue,F,72,70.0,99.7,126,34.8,35.2,34.8,126,35.2,126,49.7,50.0,34.8 / 126,35.2 / 126
3818,NY,Blue / Orange,F,72,68.0,95.9,119,33.7,34.3,33.7,120,34.3,117,47.8,48.1,33.7 / 120,34.3 / 117
3818,NY,Orange,F,72,64.8,90.9,111,32.5,32.3,32.5,115,32.3,106,46.1,44.8,32.5 / 115,32.3 / 106
3818,NY,Family Gold,F,73,62.4,86.5,102,31.4,31.0,31.4,103,31.0,101,43.6,42.9,31.4 / 103,31.0 / 101
3818,NY,Family Blue,F,73,57.5,78.5,89,29.6,27.9,29.6,87,27.9,91,39.9,38.6,29.6 / 87,27.9 / 91
3665,NY,Blue,M,71,71.5,96.4,134,35.1,36.4,35.1,133,36.4,135,47.5,48.9,35.1 / 133,36.4 / 135
3665,NY,White,M,71,70.5,94.1,127,34.4,36.1,34.4,127,36.1,127,46.2,47.9,34.4 / 127,36.1 / 127
3665,NY,Red,M,71,68.4,90.8,121,33.2,35.2,33.2,117,35.2,124,44.1,46.7,33.2 / 117,35.2 / 124
3665,NY,Gold,M,71,67.0,89.5,121,32.9,34.1,32.9,119,34.1,123,44.0,45.5,32.9 / 119,34.1 / 123
3665,NY,Silver,M,71,62.9,84.1,114,31.0,31.9,31.0,113,31.9,115,41.5,42.6,31.0 / 113,31.9 / 115
3665,NY,White,F,74,75.4,109.0,143,36.9,38.5,36.9,139,38.5,146,53.3,55.7,36.9 / 139,38.5 / 146
3665,NY,Red,F,74,73.5,104.6,132,35.8,37.7,35.8,128,37.7,136,50.9,53.7,35.8 / 128,37.7 / 136
3665,NY,Gold,F,74,72.2,102.6,129,35.8,36.4,35.8,130,36.4,128,51.1,51.5,35.8 / 130,36.4 / 128
3665,NY,Silver,F,74,67.7,96.3,122,33.2,34.5,33.2,117,34.5,126,47.0,49.3,33.2 / 117,34.5 / 126
6925,NY,White/Red,M,70,69.0,90.7,117,34.9,34.1,34.9,114,34.1,119,45.5,45.2,34.9 / 114,34.1 / 119
6925,NY,Yellow/Yellow,M,74,63.8,83.6,107,31.9,31.9,31.9,107,31.9,107,41.8,41.8,31.9 / 107,31.9 / 107
6925,NY,White/Red,F,73,73.8,104.8,132,37.2,36.6,37.2,133,36.6,130,52.9,51.9,37.2 / 133,36.6 / 130
6925,NY,Yellow/Yellow,F,74,68.0,96.4,120,34.0,34.0,34.0,120,34.0,120,48.2,48.2,34.0 / 120,34.0 / 120
21166,NY,White,M,72,69.8,92.6,123,34.9,34.9,34.9,123,34.9,123,46.3,46.3,34.9 / 123,34.9 / 123
21166,NY,Blue,M,72,67.4,87.6,109,33.7,33.7,33.7,109,33.7,109,43.8,43.8,33.7 / 109,33.7 / 109
21166,NY,Red,M,72,66.2,86.0,107,33.1,33.1,33.1,107,33.1,107,43.0,43.0,33.1 / 107,33.1 / 107
21166,NY,White,F,72,76.6,107.0,129,38.3,38.3,38.3,129,38.3,129,53.5,53.5,38.3 / 129,38.3 / 129
21166,NY,Blue,F,72,72.2,100.4,120,36.1,36.1,36.1,120,36.1,120,50.2,50.2,36.1 / 120,36.1 / 120
21166,NY,Red,F,72,71.2,98.4,115,35.6,35.6,35.6,115,35.6,115,49.2,49.2,35.6 / 115,35.6 / 115
3732,NY,Blue,M,72,72.3,97.3,135,36.4,35.9,36.4,136,35.9,133,49.0,48.3,36.4 / 136,35.9 / 133
3732,NY,Green,M,72,71.1,95.7,133,35.7,35.4,35.7,135,35.4,130,48.2,47.5,35.7 / 135,35.4 / 130
3732,NY,Gold,M,72,67.9,91.3,126,34.4,33.5,34.4,126,33.5,126,46.1,45.2,34.4 / 126,33.5 / 126
3732,NY,Red,M,72,66.3,88.2,118,33.0,33.3,33.0,113,33.3,123,43.5,44.7,33.0 / 113,33.3 / 123
3732,NY,Orange,M,72,62.3,81.9,106,30.8,31.5,30.8,104,31.5,107,40.5,41.4,30.8 / 104,31.5 / 107
3732,NY,Green,F,72,77.2,109.3,136,39.0,38.2,39.0,140,38.2,132,55.5,53.8,39.0 / 140,38.2 / 132
3732,NY,Gold,F,72,73.3,103.5,128,36.9,36.4,36.9,132,36.4,124,52.5,51.0,36.9 / 132,36.4 / 124
3732,NY,Red,F,72,71.1,99.6,121,35.1,36.0,35.1,118,36.0,124,49.0,50.6,35.1 / 118,36.0 / 124
3732,NY,Orange,F,72,65.4,91.3,110,32.3,33.1,32.3,100,33.1,120,44.1,47.2,32.3 / 100,33.1 / 120
34684,NY,Blue,M,54,52.6,66.8,76,26.3,26.3,26.3,76,26.3,76,33.4,33.4,26.3 / 76,26.3 / 76
34684,NY,Red,F,54,53.8,72.4,79,26.9,26.9,26.9,79,26.9,79,36.2,36.2,26.9 / 79,26.9 / 79
14957,NY,Black,M,72,74.8,102.1,147,37.2,37.6,37.2,145,37.6,149,50.7,51.4,37.2 / 145,37.6 / 149
14957,NY,Blue,M,72,72.4,98.9,143,36.2,36.2,36.2,142,36.2,143,49.4,49.5,36.2 / 142,36.2 / 143
14957,NY,Blue/White,M,72,71.0,96.7,139,35.3,35.7,35.3,138,35.7,139,48.1,48.6,35.3 / 138,35.7 / 139
14957,NY,White,M,72,69.4,93.9,132,34.4,35.0,34.4,136,35.0,128,47.0,46.9,34.4 / 136,35.0 / 128
14957,NY,White/Red,M,72,67.3,91.0,128,33.4,33.9,33.4,131,33.9,124,45.6,45.4,33.4 / 131,33.9 / 124
14957,NY,Blue/White,F,72,77.8,110.1,137,38.9,38.9,38.9,131,38.9,143,54.3,55.8,38.9 / 131,38.9 / 143
14957,NY,White,F,72,75.5,106.6,132,37.8,37.7,37.8,126,37.7,137,52.7,53.9,37.8 / 126,37.7 / 137
14957,NY,White/Red,F,72,73.0,102.9,127,36.6,36.4,36.6,121,36.4,132,50.9,52.0,36.6 / 121,36.4 / 132
14957,NY,Red,F,72,71.6,100.9,125,35.9,35.7,35.9,119,35.7,130,49.9,51.0,35.9 / 119,35.7 / 130
14958,NY,Black,M,72,74.3,100.3,140,37.1,37.2,37.1,135,37.2,145,49.6,50.7,37.1 / 135,37.2 / 145
14958,NY,Blue,M,72,71.9,97.2,136,35.7,36.2,35.7,130,36.2,142,47.8,49.4,35.7 / 130,36.2 / 142
14958,NY,Blue/White,M,72,70.2,94.8,133,34.9,35.3,34.9,127,35.3,138,46.7,48.1,34.9 / 127,35.3 / 138
14958,NY,White,M,72,68.7,92.8,130,34.3,34.4,34.3,124,34.4,136,45.8,47.0,34.3 / 124,34.4 / 136
14958,NY,White/Red,M,72,66.8,90.2,126,33.4,33.4,33.4,121,33.4,131,44.6,45.6,33.4 / 121,33.4 / 131
14958,NY,Blue/White,F,72,76.8,108.8,136,37.9,38.9,37.9,141,38.9,131,54.5,54.3,37.9 / 141,38.9 / 131
14958,NY,White,F,72,75.0,106.0,132,37.2,37.8,37.2,137,37.8,126,53.3,52.7,37.2 / 137,37.8 / 126
14958,NY,White/Red,F,72,72.7,102.7,127,36.1,36.6,36.1,133,36.6,121,51.8,50.9,36.1 / 133,36.6 / 121
14958,NY,Red,F,72,71.4,100.8,125,35.5,35.9,35.5,131,35.9,119,50.9,49.9,35.5 / 131,35.9 / 119
14956,NY,Black,M,72,74.7,101.0,142,37.1,37.6,37.1,135,37.6,149,49.6,51.4,37.1 / 135,37.6 / 149
14956,NY,Blue,M,72,71.9,97.3,137,35.7,36.2,35.7,130,36.2,143,47.8,49.5,35.7 / 130,36.2 / 143
14956,NY,Blue/White,M,72,70.6,95.3,133,34.9,35.7,34.9,127,35.7,139,46.7,48.6,34.9 / 127,35.7 / 139
14956,NY,White,M,72,69.3,92.7,126,34.3,35.0,34.3,124,35.0,128,45.8,46.9,34.3 / 124,35.0 / 128
14956,NY,White/Red,M,72,67.3,90.0,123,33.4,33.9,33.4,121,33.9,124,44.6,45.4,33.4 / 121,33.9 / 124
14956,NY,Blue/White,F,72,76.8,110.3,142,37.9,38.9,37.9,141,38.9,143,54.5,55.8,37.9 / 141,38.9 / 143
14956,NY,White,F,72,74.9,107.2,137,37.2,37.7,37.2,137,37.7,137,53.3,53.9,37.2 / 137,37.7 / 137
14956,NY,White/Red,F,72,72.5,103.8,133,36.1,36.4,36.1,133,36.4,132,51.8,52.0,36.1 / 133,36.4 / 132
14956,NY,Red,F,72,71.2,101.9,131,35.5,35.7,35.5,131,35.7,130,50.9,51.0,35.5 / 131,35.7 / 130
3322,NY,Blue,M,72,72.2,95.6,126,35.9,36.3,35.9,119,36.3,132,47.0,48.6,35.9 / 119,36.3 / 132
3322,NY,White,M,72,70.3,93.0,122,35.0,35.3,35.0,118,35.3,126,46.0,47.0,35.0 / 118,35.3 / 126
3322,NY,Gold,M,72,66.3,87.1,112,33.2,33.1,33.2,109,33.1,115,43.3,43.8,33.2 / 109,33.1 / 115
3322,NY,Red,M,72,64.2,83.4,103,31.8,32.4,31.8,102,32.4,104,41.3,42.1,31.8 / 102,32.4 / 104
3322,NY,Gold,F,72,71.9,100.8,123,36.0,35.9,36.0,120,35.9,125,50.2,50.6,36.0 / 120,35.9 / 125
3322,NY,Red,F,72,69.3,96.4,115,34.5,34.8,34.5,113,34.8,117,47.8,48.6,34.5 / 113,34.8 / 117
6723,NY,Black,M,71,74.8,100.7,140,37.0,37.8,37.0,139,37.8,140,49.9,50.8,37.0 / 139,37.8 / 140
6723,NY,Blue,M,71,73.4,98.7,137,36.3,37.1,36.3,136,37.1,137,48.9,49.8,36.3 / 136,37.1 / 137
6723,NY,White,M,71,71.7,96.6,134,35.7,36.0,35.7,133,36.0,135,48.1,48.5,35.7 / 133,36.0 / 135
6723,NY,Gold,M,71,70.0,94.2,130,34.9,35.1,34.9,133,35.1,127,47.3,46.9,34.9 / 133,35.1 / 127
6723,NY,Red,M,71,67.4,90.6,125,33.3,34.1,33.3,126,34.1,124,45.0,45.6,33.3 / 126,34.1 / 124
6723,NY,Gold,F,74,75.9,107.8,136,37.8,38.1,37.8,136,38.1,135,53.8,54.0,37.8 / 136,38.1 / 135
6723,NY,Red,F,73,72.1,102.8,130,35.4,36.7,35.4,128,36.7,132,50.5,52.3,35.4 / 128,36.7 / 132
11511,NY,Blue,M,66,65.8,89.0,125,32.9,32.9,32.9,125,32.9,125,44.5,44.5,32.9 / 125,32.9 / 125
11511,NY,White/Blue,M,66,64.4,86.9,121,31.5,32.9,31.5,117,32.9,125,42.4,44.5,31.5 / 117,32.9 / 125
11511,NY,White,M,66,63.0,84.8,117,31.5,31.5,31.5,117,31.5,117,42.4,42.4,31.5 / 117,31.5 / 117
11511,NY,Gold/White,M,66,62.1,83.0,113,30.6,31.5,30.6,108,31.5,117,40.6,42.4,30.6 / 108,31.5 / 117
11511,NY,Gold,M,66,61.2,81.2,108,30.6,30.6,30.6,108,30.6,108,40.6,40.6,30.6 / 108,30.6 / 108
11511,NY,Red/Gold,M,66,60.9,80.7,107,30.3,30.6,30.3,105,30.6,108,40.1,40.6,30.3 / 105,30.6 / 108
11511,NY,Red,M,66,60.6,80.2,105,30.3,30.3,30.3,105,30.3,105,40.1,40.1,30.3 / 105,30.3 / 105
11511,NY,White,F,66,68.4,99.4,131,34.2,34.2,34.2,131,34.2,131,49.7,49.7,34.2 / 131,34.2 / 131
11511,NY,Gold/White,F,66,66.4,95.4,123,32.2,34.2,32.2,114,34.2,131,45.7,49.7,32.2 / 114,34.2 / 131
11511,NY,Gold,F,66,64.4,91.4,114,32.2,32.2,32.2,114,32.2,114,45.7,45.7,32.2 / 114,32.2 / 114
11511,NY,Red/Gold,F,66,63.6,90.2,113,31.4,32.2,31.4,111,32.2,114,44.5,45.7,31.4 / 111,32.2 / 114
11511,NY,Red,F,66,62.8,89.0,111,31.4,31.4,31.4,111,31.4,111,44.5,44.5,31.4 / 111,31.4 / 111
9341,NY,Blue,M,72,72.1,98.9,144,36.1,36.0,36.1,142,36.0,146,49.3,49.6,36.1 / 142,36.0 / 146
9341,NY,White,M,72,70.1,94.8,133,35.2,34.9,35.2,130,34.9,136,47.3,47.5,35.2 / 130,34.9 / 136
9341,NY,White/Gold,M,72,67.8,91.1,126,33.5,34.3,33.5,122,34.3,129,44.8,46.3,33.5 / 122,34.3 / 129
9341,NY,Gold,M,72,66.8,89.1,120,32.9,33.9,32.9,117,33.9,123,43.8,45.3,32.9 / 117,33.9 / 123
9341,NY,Red,M,72,65.0,86.3,115,31.8,33.2,31.8,110,33.2,119,42.0,44.3,31.8 / 110,33.2 / 119
9341,NY,Silver,M,72,62.7,82.7,108,30.6,32.1,30.6,105,32.1,110,40.4,42.3,30.6 / 105,32.1 / 110
9341,NY,Red/Silver,M,72,62.7,82.7,108,30.7,32.0,30.7,104,32.0,111,40.4,42.3,30.7 / 104,32.0 / 111
9341,NY,White,F,72,76.2,108.6,138,38.3,37.9,38.3,134,37.9,141,54.1,54.5,38.3 / 134,37.9 / 141
9341,NY,White/Gold,F,72,73.3,103.9,130,36.2,37.1,36.2,127,37.1,132,51.2,52.7,36.2 / 127,37.1 / 132
9341,NY,Gold,F,72,71.7,102.1,129,35.3,36.4,35.3,128,36.4,130,50.4,51.7,35.3 / 128,36.4 / 130
9341,NY,Red,F,72,69.9,99.1,124,34.1,35.8,34.1,123,35.8,125,48.6,50.5,34.1 / 123,35.8 / 125
9341,NY,Red/Silver,F,72,66.7,94.0,116,32.7,34.0,32.7,112,34.0,120,45.9,48.1,32.7 / 112,34.0 / 120
9341,NY,Silver,F,72,66.6,94.0,117,32.6,34.0,32.6,113,34.0,120,45.9,48.1,32.6 / 113,34.0 / 120
9340,NY,Blue,M,72,71.9,97.0,135,35.1,36.8,35.1,129,36.8,141,47.1,49.9,35.1 / 129,36.8 / 141
9340,NY,White,M,72,70.4,94.4,129,34.2,36.2,34.2,119,36.2,139,45.3,49.1,34.2 / 119,36.2 / 139
9340,NY,White/Gold,M,72,68.0,91.2,125,33.1,34.9,33.1,121,34.9,129,44.3,46.9,33.1 / 121,34.9 / 129
9340,NY,Gold,M,72,66.2,88.0,118,32.1,34.1,32.1,114,34.1,121,42.7,45.3,32.1 / 114,34.1 / 121
9340,NY,Red,M,72,65.2,86.3,114,31.6,33.6,31.6,110,33.6,117,41.8,44.5,31.6 / 110,33.6 / 117
9340,NY,Silver,M,72,62.5,82.6,109,30.9,31.6,30.9,109,31.6,108,41.0,41.6,30.9 / 109,31.6 / 108
9340,NY,Red/Silver,M,72,62.5,82.6,109,30.9,31.6,30.9,109,31.6,108,41.0,41.6,30.9 / 109,31.6 / 108
9340,NY,White,F,72,76.4,109.4,140,37.0,39.4,37.0,134,39.4,146,52.8,56.6,37.0 / 134,39.4 / 146
9340,NY,White/Gold,F,72,73.6,104.4,131,35.8,37.8,35.8,125,37.8,137,50.5,53.9,35.8 / 125,37.8 / 137
9340,NY,Gold,F,72,71.5,100.8,124,34.8,36.7,34.8,120,36.7,128,49.0,51.8,34.8 / 120,36.7 / 128
9340,NY,Red,F,72,70.1,99.0,123,34.0,36.1,34.0,119,36.1,126,48.0,51.0,34.0 / 119,36.1 / 126
9340,NY,Silver,F,72,66.7,94.0,116,32.7,34.0,32.7,114,34.0,117,46.2,47.8,32.7 / 114,34.0 / 117
9340,NY,Red/Silver,F,72,66.6,94.0,116,32.7,33.9,32.7,114,33.9,118,46.2,47.8,32.7 / 114,33.9 / 118
3788,NY,Blue,M,72,71.4,96.7,136,35.3,36.1,35.3,133,36.1,139,47.7,49.0,35.3 / 133,36.1 / 139
3788,NY,White,M,72,69.7,93.4,128,34.6,35.1,34.6,125,35.1,130,46.2,47.2,34.6 / 125,35.1 / 130
3788,NY,Gold,M,72,66.3,88.9,122,33.0,33.3,33.0,118,33.3,125,44.0,44.9,33.0 / 118,33.3 / 125
3788,NY,Red,M,72,65.6,87.2,116,32.7,32.9,32.7,113,32.9,119,43.2,44.0,32.7 / 113,32.9 / 119
3788,NY,White,F,72,75.2,107.7,138,37.2,38.0,37.2,137,38.0,139,53.3,54.4,37.2 / 137,38.0 / 139
3788,NY,Gold,F,72,71.6,102.2,130,35.9,35.7,35.9,126,35.7,133,50.8,51.4,35.9 / 126,35.7 / 133
3788,NY,Red,F,72,70.3,100.4,128,35.0,35.3,35.0,125,35.3,131,49.7,50.7,35.0 / 125,35.3 / 131
13748,NY,Blue,M,73,73.9,98.5,133,37.0,36.9,37.0,129,36.9,136,49.0,49.5,37.0 / 129,36.9 / 136
13748,NY,White,M,73,70.9,94.5,127,35.4,35.5,35.4,124,35.5,130,46.9,47.6,35.4 / 124,35.5 / 130
13748,NY,Yellow,M,73,68.6,91.8,125,34.3,34.3,34.3,123,34.3,127,45.7,46.1,34.3 / 123,34.3 / 127
13748,NY,Yellow,F,73,74.7,106.1,133,37.3,37.4,37.3,129,37.4,137,52.5,53.6,37.3 / 129,37.4 / 137
13748,NY,Red,F,73,71.5,100.8,124,35.6,35.9,35.6,121,35.9,127,49.9,50.9,35.6 / 121,35.9 / 127
6893,NY,Gold,M,72,73.6,98.8,136,37.6,36.0,37.6,141,36.0,130,50.7,48.1,37.6 / 141,36.0 / 130
6893,NY,Gold/Blue,M,72,72.5,97.3,134,37.0,35.5,37.0,139,35.5,128,49.9,47.4,37.0 / 139,35.5 / 128
6893,NY,Blue,M,72,71.8,96.1,132,36.6,35.2,36.6,137,35.2,126,49.3,46.8,36.6 / 137,35.2 / 126
6893,NY,Blue/White,M,72,70.5,94.3,128,36.0,34.5,36.0,132,34.5,124,48.3,46.0,36.0 / 132,34.5 / 124
6893,NY,White,M,72,69.8,93.3,126,35.6,34.2,35.6,131,34.2,122,47.8,45.5,35.6 / 131,34.2 / 122
6893,NY,Red,M,72,67.2,89.7,121,33.9,33.3,33.9,124,33.3,118,45.4,44.3,33.9 / 124,33.3 / 118
6893,NY,Red/Green,M,72,66.2,88.0,118,33.7,32.5,33.7,121,32.5,114,44.9,43.1,33.7 / 121,32.5 / 114
6893,NY,Blue,F,72,78.1,111.1,140,39.9,38.2,39.9,148,38.2,131,57.4,53.7,39.9 / 148,38.2 / 131
6893,NY,Blue/White,F,72,76.6,108.9,137,39.1,37.5,39.1,145,37.5,129,56.2,52.7,39.1 / 145,37.5 / 129
6893,NY,White,F,72,75.8,107.6,135,38.7,37.1,38.7,142,37.1,127,55.5,52.1,38.7 / 142,37.1 / 127
6893,NY,Red,F,72,72.2,102.0,127,36.7,35.5,36.7,131,35.5,122,52.1,49.9,36.7 / 131,35.5 / 122
9337,NY,Blue,M,72,72.0,94.2,121,36.5,35.5,36.5,122,35.5,119,47.7,46.5,36.5 / 122,35.5 / 119
9337,NY,White,M,72,71.0,92.9,120,35.9,35.1,35.9,121,35.1,118,47.0,45.9,35.9 / 121,35.1 / 118
9337,NY,Green,M,72,68.5,86.8,114,34.8,33.7,34.8,115,33.7,112,44.1,42.7,34.8 / 115,33.7 / 112
9337,NY,Red,F,72,71.4,98.5,117,36.3,35.1,36.3,119,35.1,114,50.2,48.3,36.3 / 119,35.1 / 114
3673,NY,Black,M,72,75.4,100.4,135,37.3,38.1,37.3,129,38.1,140,49.3,51.1,37.3 / 129,38.1 / 140
3673,NY,Blue,M,72,72.6,97.5,134,35.8,36.8,35.8,129,36.8,139,47.8,49.7,35.8 / 129,36.8 / 139
3673,NY,White,M,72,69.5,93.8,131,34.3,35.2,34.3,129,35.2,132,46.3,47.5,34.3 / 129,35.2 / 132
3673,NY,Gold,M,72,65.7,87.8,119,32.4,33.3,32.4,111,33.3,127,42.7,45.1,32.4 / 111,33.3 / 127
3673,NY,White - Valley,M,34,31.0,40.6,103,31.0,,31.0,103,,,40.6,,31.0 / 103,/
3673,NY,Red,F,72,67.7,95.9,120,33.2,34.5,33.2,114,34.5,125,46.7,49.2,33.2 / 114,34.5 / 125
3673,NY,Yellow,F,72,60.8,83.7,98,29.8,31.0,29.8,92,31.0,103,40.6,43.1,29.8 / 92,31.0 / 103
3673,NY,Red - Valley,F,34,30.2,41.7,98,30.2,,30.2,98,,,41.7,,30.2 / 98,/
34215,NY,White,M,60,57.2,73.4,87,28.6,28.6,28.6,87,28.6,87,36.7,36.7,28.6 / 87,28.6 / 87
34215,NY,White,F,60,59.2,81.4,94,29.6,29.6,29.6,94,29.6,94,40.7,40.7,29.6 / 94,29.6 / 94
13329,NY,Blue,M,72,71.6,94.6,124,35.9,35.7,35.9,122,35.7,126,47.2,47.4,35.9 / 122,35.7 / 126
13329,NY,White,M,72,69.5,91.5,118,35.4,34.1,35.4,118,34.1,118,46.4,45.1,35.4 / 118,34.1 / 118
13329,NY,White/Gold,M,72,67.2,88.4,114,33.8,33.4,33.8,117,33.4,111,44.7,43.7,33.8 / 117,33.4 / 111
13329,NY,Gold/Red,M,72,64.9,85.0,108,32.7,32.2,32.7,111,32.2,105,43.0,42.0,32.7 / 111,32.2 / 105
13329,NY,Gold/Red,F,74,69.3,95.8,113,34.7,34.6,34.7,113,34.6,112,48.0,47.8,34.7 / 113,34.6 / 112
35293,NY,Blue - East(10-18)/West,M,72,71.1,94.1,124,35.6,35.5,35.6,127,35.5,121,47.4,46.7,35.6 / 127,35.5 / 121
35293,NY,White - East(10-18)/West,M,72,68.9,90.7,117,34.1,34.8,34.1,117,34.8,117,45.0,45.7,34.1 / 117,34.8 / 117
35293,NY,Gold/Red - East(10-18)/West,M,72,64.0,83.0,102,32.2,31.8,32.2,105,31.8,99,42.0,41.0,32.2 / 105,31.8 / 99
35293,NY,White - East(10-18)/West,F,72,74.4,104.3,127,36.5,37.9,36.5,125,37.9,129,51.2,53.1,36.5 / 125,37.9 / 129
35293,NY,Gold/Red - East(10-18)/West,F,72,68.6,94.7,111,34.6,34.0,34.6,111,34.0,110,47.7,47.0,34.6 / 111,34.0 / 110
30250,NY,Blue,M,72,71.4,93.9,122,35.9,35.5,35.9,122,35.5,121,47.2,46.7,35.9 / 122,35.5 / 121
30250,NY,White,M,72,70.2,92.1,118,35.4,34.8,35.4,118,34.8,117,46.4,45.7,35.4 / 118,34.8 / 117
30250,NY,Gold/Red,M,72,64.1,83.4,104,32.3,31.8,32.3,109,31.8,99,42.4,41.0,32.3 / 109,31.8 / 99
30250,NY,Gold/Red,F,74,68.8,95.0,111,34.7,34.1,34.7,113,34.1,109,48.0,47.0,34.7 / 113,34.1 / 109
13351,NY,Blue West,M,36,35.5,46.7,121,35.5,,35.5,121,,,46.7,,35.5 / 121,/
13351,NY,White West,M,36,34.8,45.7,117,34.8,,34.8,117,,,45.7,,34.8 / 117,/
13351,NY,White/Gold West,M,36,33.1,43.3,110,33.1,,33.1,110,,,43.3,,33.1 / 110,/
13351,NY,Gold/Red West,M,36,31.8,41.0,99,31.8,,31.8,99,,,41.0,,31.8 / 99,/
13351,NY,Gold/Red West,F,0,34.1,47.0,109,34.1,,34.1,109,,,47.0,,34.1 / 109,/
13725,NY,Blue,M,70,69.9,91.9,120,35.4,34.5,35.4,123,34.5,116,46.7,45.2,35.4 / 123,34.5 / 116
13725,NY,White,M,70,68.8,90.6,118,34.8,34.0,34.8,121,34.0,114,46.0,44.6,34.8 / 121,34.0 / 114
13725,NY,Red,M,70,63.8,84.2,110,32.3,31.5,32.3,111,31.5,109,42.6,41.6,32.3 / 111,31.5 / 109
13725,NY,Red,F,70,68.1,94.7,113,34.5,33.6,34.5,116,33.6,109,48.2,46.5,34.5 / 116,33.6 / 109
3311,NY,Blue,M,71,71.9,96.7,134,36.0,35.9,36.0,137,35.9,130,48.7,48.0,36.0 / 137,35.9 / 130
3311,NY,White,M,71,69.9,94.4,132,35.1,34.8,35.1,133,34.8,130,47.5,46.9,35.1 / 133,34.8 / 130
3311,NY,Silver,M,71,68.0,91.7,128,34.1,33.9,34.1,129,33.9,126,46.1,45.6,34.1 / 129,33.9 / 126
3311,NY,Gold,M,72,66.5,87.7,115,33.3,33.2,33.3,121,33.2,108,44.5,43.2,33.3 / 121,33.2 / 108
3311,NY,Green,M,72,65.9,86.3,110,32.9,33.0,32.9,114,33.0,105,43.5,42.8,32.9 / 114,33.0 / 105
3311,NY,Silver,F,72,73.9,105.0,132,37.0,36.9,37.0,134,36.9,130,52.8,52.2,37.0 / 134,36.9 / 130
3311,NY,Gold,F,72,71.5,102.2,130,36.0,35.5,36.0,133,35.5,127,51.7,50.5,36.0 / 133,35.5 / 127
3311,NY,Green,F,72,70.3,100.6,129,35.2,35.1,35.2,131,35.1,126,50.6,50.0,35.2 / 131,35.1 / 126
23702,NY,Green,M,72,74.7,100.5,139,37.6,37.1,37.6,140,37.1,138,50.6,49.9,37.6 / 140,37.1 / 138
23702,NY,Gold,M,72,72.9,98.0,135,36.6,36.3,36.6,133,36.3,137,49.0,49.0,36.6 / 133,36.3 / 137
23702,NY,White,M,72,71.3,96.0,133,35.8,35.5,35.8,132,35.5,133,48.1,47.9,35.8 / 132,35.5 / 133
23702,NY,Silver,M,72,68.2,91.7,127,34.2,34.0,34.2,125,34.0,128,45.8,45.9,34.2 / 125,34.0 / 128
23702,NY,Red,M,72,66.1,87.8,117,33.2,32.9,33.2,113,32.9,121,43.7,44.1,33.2 / 113,32.9 / 121
23702,NY,White,F,72,77.9,110.8,140,39.0,38.9,39.0,142,38.9,137,55.7,55.1,39.0 / 142,38.9 / 137
23702,NY,Silver,F,72,74.6,106.1,134,37.5,37.1,37.5,136,37.1,131,53.5,52.6,37.5 / 136,37.1 / 131
23702,NY,Red,F,72,71.7,102.1,129,36.0,35.7,36.0,132,35.7,126,51.6,50.5,36.0 / 132,35.7 / 126
3899,NY,Blue/White,M,70,68.6,91.6,124,34.5,34.1,34.5,127,34.1,121,46.3,45.3,34.5 / 127,34.1 / 121
3899,NY,Gold/Gold,M,70,64.6,85.4,112,32.3,32.3,32.3,112,32.3,112,42.7,42.7,32.3 / 112,32.3 / 112
3899,NY,Red/Red,F,71,67.3,94.4,115,34.0,33.3,34.0,117,33.3,113,47.8,46.6,34.0 / 117,33.3 / 113
3299,NY,Black,M,72,75.0,102.1,146,37.0,38.0,37.0,140,38.0,152,50.0,52.1,37.0 / 140,38.0 / 152
3299,NY,Championship,M,70,75.0,102.1,146,37.0,38.0,37.0,140,38.0,152,50.0,52.1,37.0 / 140,38.0 / 152
3299,NY,Blue,M,72,72.6,99.1,143,35.9,36.7,35.9,139,36.7,146,48.8,50.3,35.9 / 139,36.7 / 146
3299,NY,Gray,M,72,71.8,97.5,139,35.6,36.2,35.6,136,36.2,141,48.2,49.3,35.6 / 136,36.2 / 141
3299,NY,White,M,72,70.7,95.7,135,35.0,35.7,35.0,135,35.7,135,47.5,48.2,35.0 / 135,35.7 / 135
3299,NY,White/Gold,M,72,69.6,94.1,132,34.6,35.0,34.6,130,35.0,133,46.7,47.4,34.6 / 130,35.0 / 133
3299,NY,Gold,M,72,68.4,91.9,127,33.9,34.5,33.9,125,34.5,128,45.5,46.4,33.9 / 125,34.5 / 128
3299,NY,Red,M,72,65.8,88.2,121,32.7,33.1,32.7,121,33.1,121,43.9,44.3,32.7 / 121,33.1 / 121
3299,NY,Green,M,72,62.8,83.8,113,31.0,31.8,31.0,108,31.8,118,41.0,42.8,31.0 / 108,31.8 / 118
3299,NY,Gray,F,72,77.5,114.1,154,38.4,39.1,38.4,153,39.1,155,56.4,57.7,38.4 / 153,39.1 / 155
3299,NY,White,F,72,76.1,112.1,153,37.7,38.4,37.7,151,38.4,154,55.5,56.6,37.7 / 151,38.4 / 154
3299,NY,White/Gold,F,72,75.3,109.4,145,37.4,37.9,37.4,142,37.9,148,54.1,55.3,37.4 / 142,37.9 / 148
3299,NY,Gold,F,72,73.9,106.6,139,36.6,37.3,36.6,136,37.3,142,52.6,54.0,36.6 / 136,37.3 / 142
3299,NY,Gold/Red,F,72,72.4,104.5,137,35.8,36.6,35.8,131,36.6,142,51.2,53.3,35.8 / 131,36.6 / 142
3299,NY,Red,F,72,71.2,102.4,133,35.3,35.9,35.3,128,35.9,137,50.4,52.0,35.3 / 128,35.9 / 137
3299,NY,Red/Green,F,72,67.8,96.6,123,33.1,34.7,33.1,120,34.7,125,47.2,49.4,33.1 / 120,34.7 / 125
3299,NY,Green,F,72,66.7,94.9,120,32.5,34.2,32.5,118,34.2,121,46.4,48.5,32.5 / 118,34.2 / 121
10162,NY,Blue,M,70,69.1,92.8,128,34.7,34.4,34.7,131,34.4,124,46.9,45.9,34.7 / 131,34.4 / 124
10162,NY,White,M,71,67.6,90.8,125,34.1,33.5,34.1,126,33.5,124,45.8,45.0,34.1 / 126,33.5 / 124
10162,NY,Silver,M,71,64.9,85.5,111,33.4,31.5,33.4,115,31.5,107,44.1,41.4,33.4 / 115,31.5 / 107
10162,NY,Red,M,72,64.5,84.5,108,33.1,31.4,33.1,115,31.4,100,43.8,40.7,33.1 / 115,31.4 / 100
10162,NY,White,F,71,73.4,104.0,130,37.2,36.2,37.2,137,36.2,122,53.4,50.6,37.2 / 137,36.2 / 122
10162,NY,Silver,F,71,69.4,98.0,121,35.7,33.7,35.7,128,33.7,114,50.8,47.2,35.7 / 128,33.7 / 114
10162,NY,Red,F,72,68.8,96.8,119,35.4,33.4,35.4,126,33.4,112,50.2,46.6,35.4 / 126,33.4 / 112
6703,NY,Blue,M,71,72.4,97.3,134,37.2,35.2,37.2,128,35.2,140,49.1,48.2,37.2 / 128,35.2 / 140
6703,NY,Blue/White,M,71,71.9,96.5,133,36.7,35.2,36.7,136,35.2,129,49.3,47.2,36.7 / 136,35.2 / 129
6703,NY,White,M,71,71.2,95.6,131,35.8,35.4,35.8,133,35.4,129,48.2,47.4,35.8 / 133,35.4 / 129
6703,NY,White/Gold,M,71,67.7,91.3,127,35.2,32.5,35.2,132,32.5,122,47.5,43.8,35.2 / 132,32.5 / 122
6703,NY,Gold,M,71,66.7,90.0,125,34.3,32.4,34.3,127,32.4,123,46.1,43.9,34.3 / 127,32.4 / 123
6703,NY,White,F,73,76.4,108.5,136,39.2,37.2,39.2,140,37.2,132,55.7,52.8,39.2 / 140,37.2 / 132
6703,NY,Black,F,73,73.7,105.4,134,37.8,35.9,37.8,137,35.9,131,54.0,51.4,37.8 / 137,35.9 / 131
6703,NY,Red/Black,F,73,72.1,102.7,130,37.0,35.1,37.0,130,35.1,130,52.3,50.4,37.0 / 130,35.1 / 130
6703,NY,Red,F,73,71.0,101.5,130,36.3,34.7,36.3,129,34.7,130,51.5,50.0,36.3 / 129,34.7 / 130
6703,NY,Family 2,F,63,63.2,88.6,108,31.6,31.6,31.6,102,31.6,114,43.6,45.0,31.6 / 102,31.6 / 114
6703,NY,Family 1,F,59,58.1,80.5,95,28.9,29.2,28.9,94,29.2,96,40.0,40.5,28.9 / 94,29.2 / 96
3826,NY,Blue,M,72,72.2,97.3,136,36.1,36.1,36.1,135,36.1,136,48.6,48.7,36.1 / 135,36.1 / 136
3826,NY,White,M,72,70.0,94.7,133,35.0,35.0,35.0,133,35.0,132,47.4,47.3,35.0 / 133,35.0 / 132
3826,NY,Gold,M,72,66.3,87.5,114,33.4,32.9,33.4,119,32.9,109,44.5,43.0,33.4 / 119,32.9 / 109
3826,NY,Red,M,72,65.0,85.1,108,33.0,32.0,33.0,115,32.0,101,43.7,41.4,33.0 / 115,32.0 / 101
3826,NY,Silver,M,72,62.3,82.2,107,31.7,30.6,31.7,112,30.6,102,42.1,40.1,31.7 / 112,30.6 / 102
3826,NY,White,F,72,76.3,108.0,135,38.3,38.0,38.3,139,38.0,130,54.7,53.3,38.3 / 139,38.0 / 130
3826,NY,Gold,F,72,71.6,101.6,127,36.1,35.5,36.1,128,35.5,126,51.2,50.4,36.1 / 128,35.5 / 126
3826,NY,Red,F,72,69.8,99.0,124,35.6,34.2,35.6,126,34.2,122,50.4,48.6,35.6 / 126,34.2 / 122
3826,NY,Silver,F,72,66.2,92.4,111,33.5,32.7,33.5,119,32.7,103,47.5,44.9,33.5 / 119,32.7 / 103
23709,NY,Blue,M,68,64.4,85.2,112,32.2,32.2,32.2,112,32.2,112,42.6,42.6,32.2 / 112,32.2 / 112
23709,NY,White,M,68,62.8,83.0,109,31.4,31.4,31.4,109,31.4,109,41.5,41.5,31.4 / 109,31.4 / 109
23709,NY,Red,M,68,61.6,81.2,105,30.8,30.8,30.8,105,30.8,105,40.6,40.6,30.8 / 105,30.8 / 105
23709,NY,Blue,F,68,69.8,97.0,115,34.9,34.9,34.9,115,34.9,115,48.5,48.5,34.9 / 115,34.9 / 115
23709,NY,White,F,68,67.8,94.2,112,33.9,33.9,33.9,112,33.9,112,47.1,47.1,33.9 / 112,33.9 / 112
23709,NY,Red,F,68,66.0,91.4,108,33.0,33.0,33.0,108,33.0,108,45.7,45.7,33.0 / 108,33.0 / 108
3827,NY,White,M,70,65.2,85.6,110,32.6,32.6,32.6,110,32.6,110,42.8,42.8,32.6 / 110,32.6 / 110
3827,NY,Gold,M,70,62.8,81.6,101,31.4,31.4,31.4,101,31.4,101,40.8,40.8,31.4 / 101,31.4 / 101
3827,NY,Red,F,70,62.8,88.6,109,31.4,31.4,31.4,109,31.4,109,44.3,44.3,31.4 / 109,31.4 / 109
3833,NY,Blue,M,72,70.5,94.8,131,35.5,35.0,35.5,133,35.0,128,47.9,46.9,35.5 / 133,35.0 / 128
3833,NY,White,M,72,68.3,91.5,125,34.3,34.0,34.3,126,34.0,124,46.0,45.5,34.3 / 126,34.0 / 124
3833,NY,Gold,M,72,65.2,86.6,115,33.1,32.1,33.1,116,32.1,114,43.9,42.7,33.1 / 116,32.1 / 114
3833,NY,Red,F,72,66.9,93.4,112,33.5,33.4,33.5,114,33.4,110,47.0,46.4,33.5 / 114,33.4 / 110
17712,NY,Gold,M,72,74.0,100.9,145,36.4,37.6,36.4,138,37.6,152,49.2,51.7,36.4 / 138,37.6 / 152
17712,NY,Gold/Blue,M,72,73.4,100.0,144,36.1,37.3,36.1,137,37.3,150,48.8,51.2,36.1 / 137,37.3 / 150
17712,NY,Blue,M,72,72.4,98.6,141,35.6,36.8,35.6,135,36.8,147,48.1,50.5,35.6 / 135,36.8 / 147
17712,NY,Blue/White,M,72,71.1,96.7,138,35.3,35.8,35.3,133,35.8,142,47.7,49.0,35.3 / 133,35.8 / 142
17712,NY,White,M,72,70.2,95.1,134,35.0,35.2,35.0,128,35.2,140,46.9,48.2,35.0 / 128,35.2 / 140
17712,NY,White/Green,M,72,68.0,92.1,131,33.8,34.2,33.8,125,34.2,136,45.3,46.8,33.8 / 125,34.2 / 136
17712,NY,Green,M,72,67.0,90.8,129,33.2,33.8,33.2,122,33.8,135,44.5,46.3,33.2 / 122,33.8 / 135
17712,NY,White,F,72,76.0,109.0,140,38.1,37.9,38.1,139,37.9,141,54.5,54.5,38.1 / 139,37.9 / 141
17712,NY,Green,F,72,73.6,105.4,135,35.9,37.7,35.9,130,37.7,140,51.2,54.2,35.9 / 130,37.7 / 140
17712,NY,Red,F,72,71.1,100.9,127,35.5,35.6,35.5,126,35.6,127,50.3,50.6,35.5 / 126,35.6 / 127
17711,NY,Gold,M,72,74.5,101.3,144,37.5,37.0,37.5,147,37.0,141,51.2,50.1,37.5 / 147,37.0 / 141
17711,NY,Gold/Blue,M,72,73.8,100.4,143,37.3,36.5,37.3,143,36.5,143,50.6,49.8,37.3 / 143,36.5 / 143
17711,NY,Blue,M,72,72.7,98.9,141,36.6,36.1,36.6,144,36.1,138,50.0,48.9,36.6 / 144,36.1 / 138
17711,NY,Blue/White,M,72,71.4,97.0,138,35.8,35.6,35.8,137,35.6,139,48.5,48.5,35.8 / 137,35.6 / 139
17711,NY,White,M,72,70.4,95.7,136,35.2,35.2,35.2,140,35.2,132,48.2,47.5,35.2 / 140,35.2 / 132
17711,NY,White/Green,M,72,69.1,93.7,133,34.7,34.4,34.7,130,34.4,135,46.8,46.9,34.7 / 130,34.4 / 135
17711,NY,Green,M,72,68.1,92.4,131,34.9,33.2,34.9,123,33.2,139,46.3,46.1,34.9 / 123,33.2 / 139
17711,NY,White,F,72,75.9,109.1,141,37.9,38.0,37.9,139,38.0,142,54.3,54.8,37.9 / 139,38.0 / 142
17711,NY,Green,F,72,72.6,105.6,136,36.3,36.3,36.3,136,36.3,136,52.5,52.3,36.3 / 136,36.3 / 136
17711,NY,Red,F,72,70.9,101.6,130,35.6,35.3,35.6,129,35.3,131,50.8,50.8,35.6 / 129,35.3 / 131
17710,NY,Gold,M,72,73.4,100.2,145,37.0,36.4,37.0,151,36.4,138,51.0,49.2,37.0 / 151,36.4 / 138
17710,NY,Gold/Blue,M,72,72.6,99.1,143,36.5,36.1,36.5,149,36.1,137,50.3,48.8,36.5 / 149,36.1 / 137
17710,NY,Blue,M,72,71.7,98.0,142,36.1,35.6,36.1,147,35.6,136,49.8,48.2,36.1 / 147,35.6 / 136
17710,NY,Blue/White,M,72,70.9,96.7,139,35.6,35.3,35.6,144,35.3,133,49.0,47.7,35.6 / 144,35.3 / 133
17710,NY,White,M,72,70.2,95.3,135,35.2,35.0,35.2,142,35.0,128,48.4,46.9,35.2 / 142,35.0 / 128
17710,NY,White/Green,M,72,67.9,92.2,131,34.1,33.8,34.1,138,33.8,124,46.9,45.3,34.1 / 138,33.8 / 124
17710,NY,Green,M,72,66.7,90.6,129,33.5,33.2,33.5,136,33.2,122,46.1,44.5,33.5 / 136,33.2 / 122
17710,NY,White,F,72,76.1,109.5,142,38.0,38.1,38.0,144,38.1,139,55.0,54.5,38.0 / 144,38.1 / 139
17710,NY,Green,F,72,72.2,104.0,135,36.3,35.9,36.3,140,35.9,130,52.8,51.2,36.3 / 140,35.9 / 130
17710,NY,Red,F,72,70.8,101.6,131,35.3,35.5,35.3,133,35.5,128,51.0,50.6,35.3 / 133,35.5 / 128
3670,NY,Black,M,72,74.7,100.0,136,37.1,37.6,37.1,132,37.6,140,49.4,50.6,37.1 / 132,37.6 / 140
3670,NY,Blue,M,72,72.1,96.8,133,36.0,36.1,36.0,130,36.1,136,48.1,48.7,36.0 / 130,36.1 / 136
3670,NY,White,M,72,69.9,93.8,129,34.8,35.1,34.8,129,35.1,128,46.8,47.0,34.8 / 129,35.1 / 128
3670,NY,Green,M,72,67.5,90.6,125,33.9,33.6,33.9,124,33.6,125,45.4,45.2,33.9 / 124,33.6 / 125
3670,NY,Green/Yellow,M,72,63.6,84.4,112,32.2,31.4,32.2,116,31.4,108,43.0,41.4,32.2 / 116,31.4 / 108
3670,NY,White,F,72,75.9,107.3,133,38.3,37.6,38.3,129,37.6,137,53.5,53.8,38.3 / 129,37.6 / 137
3670,NY,Green,F,72,73.2,103.2,128,37.0,36.2,37.0,125,36.2,130,51.7,51.5,37.0 / 125,36.2 / 130
3670,NY,Green/Yellow,F,72,68.5,96.3,118,34.8,33.7,34.8,119,33.7,117,48.8,47.5,34.8 / 119,33.7 / 117
10163,NY,Black,M,70,70.7,95.5,134,35.0,35.7,35.0,132,35.7,135,47.3,48.2,35.0 / 132,35.7 / 135
10163,NY,Black / White,M,70,69.7,94.0,131,34.9,34.8,34.9,129,34.8,132,46.9,47.1,34.9 / 129,34.8 / 132
10163,NY,White,M,70,69.3,93.4,130,34.6,34.7,34.6,129,34.7,130,46.6,46.8,34.6 / 129,34.7 / 130
10163,NY,White / Green,M,70,67.7,91.1,126,34.3,33.4,34.3,126,33.4,126,46.0,45.1,34.3 / 126,33.4 / 126
10163,NY,Green,M,70,65.1,87.6,121,32.4,32.7,32.4,118,32.7,124,43.4,44.2,32.4 / 118,32.7 / 124
10163,NY,White,F,70,75.6,107.0,133,37.5,38.1,37.5,133,38.1,133,53.2,53.8,37.5 / 133,38.1 / 133
10163,NY,White / Green,F,70,73.7,103.7,128,37.1,36.6,37.1,130,36.6,125,52.4,51.3,37.1 / 130,36.6 / 125
10163,NY,Green,F,70,70.9,99.7,122,34.7,36.2,34.7,121,36.2,123,49.0,50.7,34.7 / 121,36.2 / 123
9319,NY,Blue,M,71,69.8,92.3,121,34.4,35.4,34.4,115,35.4,127,45.1,47.2,34.4 / 115,35.4 / 127
9319,NY,White,M,71,68.0,89.2,114,34.0,34.0,34.0,112,34.0,116,44.4,44.8,34.0 / 112,34.0 / 116
9319,NY,Gold,M,71,63.8,83.0,103,32.1,31.7,32.1,105,31.7,101,41.9,41.1,32.1 / 105,31.7 / 101
9319,NY,Red,F,71,67.3,93.1,110,34.0,33.3,34.0,108,33.3,111,46.7,46.4,34.0 / 108,33.3 / 111
3339,NY,Blue,M,71,71.1,94.9,128,35.1,36.0,35.1,128,36.0,128,47.0,47.9,35.1 / 128,36.0 / 128
3339,NY,White,M,71,69.3,91.7,121,33.9,35.4,33.9,122,35.4,119,45.2,46.5,33.9 / 122,35.4 / 119
3339,NY,Gold,M,71,65.7,86.0,110,32.5,33.2,32.5,108,33.2,111,42.5,43.5,32.5 / 108,33.2 / 111
3339,NY,Red,M,71,64.6,84.1,105,31.7,32.9,31.7,102,32.9,108,41.2,42.9,31.7 / 102,32.9 / 108
3339,NY,White,F,74,75.1,105.2,128,36.8,38.3,36.8,124,38.3,131,51.4,53.8,36.8 / 124,38.3 / 131
3339,NY,Gold,F,74,70.6,99.3,122,34.8,35.8,34.8,118,35.8,126,48.7,50.6,34.8 / 118,35.8 / 126
3339,NY,Red,F,74,69.1,96.6,117,33.6,35.5,33.6,110,35.5,123,46.6,50.0,33.6 / 110,35.5 / 123
20803,NY,Blue,M,72,71.7,96.9,136,36.0,35.7,36.0,132,35.7,139,48.3,48.6,36.0 / 132,35.7 / 139
20803,NY,White,M,72,68.4,91.0,122,34.1,34.3,34.1,113,34.3,130,44.6,46.4,34.1 / 113,34.3 / 130
20803,NY,Gold,M,72,65.3,85.5,109,32.9,32.4,32.9,105,32.4,112,42.7,42.8,32.9 / 105,32.4 / 112
20803,NY,Gold,F,72,70.2,97.0,114,35.1,35.1,35.1,114,35.1,114,48.5,48.5,35.1 / 114,35.1 / 114
20803,NY,Red,F,72,67.0,93.2,111,33.5,33.5,33.5,111,33.5,111,46.6,46.6,33.5 / 111,33.5 / 111
3830,NY,Green,M,72,71.1,95.6,132,35.6,35.5,35.6,136,35.5,128,48.2,47.4,35.6 / 136,35.5 / 128
3830,NY,White,M,72,67.9,90.8,124,34.9,33.0,34.9,125,33.0,122,46.5,44.3,34.9 / 125,33.0 / 122
3830,NY,Gold,M,72,67.2,88.9,117,34.4,32.8,34.4,116,32.8,117,45.2,43.7,34.4 / 116,32.8 / 117
3830,NY,FAMILY - 1,M,72,57.7,75.9,98,28.7,29.0,28.7,99,29.0,97,37.9,38.0,28.7 / 99,29.0 / 97
3830,NY,White,F,73,73.6,104.5,131,37.7,35.9,37.7,141,35.9,121,54.3,50.2,37.7 / 141,35.9 / 121
3830,NY,Gold,F,73,72.4,102.6,128,36.8,35.6,36.8,139,35.6,117,53.2,49.4,36.8 / 139,35.6 / 117
3830,NY,FAMILY - 1,F,73,60.2,82.8,96,30.1,30.1,30.1,97,30.1,95,41.5,41.3,30.1 / 97,30.1 / 95
3796,NY,Blue,M,70,70.4,93.9,127,34.8,35.6,34.8,124,35.6,129,46.3,47.6,34.8 / 124,35.6 / 129
3796,NY,White,M,70,69.2,92.3,124,34.1,35.1,34.1,119,35.1,129,45.2,47.1,34.1 / 119,35.1 / 129
3796,NY,Silver,M,70,67.7,90.4,122,33.6,34.1,33.6,117,34.1,127,44.5,45.9,33.6 / 117,34.1 / 127
3796,NY,Red,M,70,66.9,88.1,114,33.0,33.9,33.0,113,33.9,115,43.5,44.6,33.0 / 113,33.9 / 115
3796,NY,Gold,M,70,66.8,87.7,113,33.0,33.8,33.0,110,33.8,115,43.2,44.5,33.0 / 110,33.8 / 115
3796,NY,Green,M,70,61.9,81.1,103,30.9,31.0,30.9,102,31.0,104,40.4,40.7,30.9 / 102,31.0 / 104
3796,NY,White,F,74,75.4,107.4,136,37.2,38.2,37.2,133,38.2,138,52.9,54.5,37.2 / 133,38.2 / 138
3796,NY,Silver,F,74,73.9,103.7,127,36.5,37.4,36.5,124,37.4,129,51.1,52.6,36.5 / 124,37.4 / 129
3796,NY,Red,F,74,72.3,101.7,125,35.9,36.4,35.9,120,36.4,130,50.0,51.7,35.9 / 120,36.4 / 130
3796,NY,Gold,F,74,71.9,101.2,125,35.6,36.3,35.6,119,36.3,130,49.6,51.6,35.6 / 119,36.3 / 130
3796,NY,Red Green Combo,F,74,70.1,98.8,122,35.3,34.8,35.3,119,34.8,125,49.3,49.5,35.3 / 119,34.8 / 125
3796,NY,Green,F,74,65.7,92.2,113,32.8,32.9,32.8,113,32.9,112,46.1,46.1,32.8 / 113,32.9 / 112
3791,NY,Blue,M,72,71.1,94.9,128,35.1,36.0,35.1,125,36.0,131,46.7,48.2,35.1 / 125,36.0 / 131
3791,NY,White,M,72,68.8,92.3,127,34.5,34.3,34.5,122,34.3,131,45.8,46.5,34.5 / 122,34.3 / 131
3791,NY,Gold,M,72,66.9,88.3,115,33.4,33.5,33.4,113,33.5,117,43.9,44.4,33.4 / 113,33.5 / 117
3791,NY,Red,M,72,66.9,88.3,115,33.4,33.5,33.4,113,33.5,117,43.9,44.4,33.4 / 113,33.5 / 117
3791,NY,Green,M,72,62.3,80.8,100,31.2,31.1,31.2,99,31.1,100,40.4,40.4,31.2 / 99,31.1 / 100
3791,NY,Blue,F,72,77.0,109.4,137,38.0,39.0,38.0,137,39.0,137,54.2,55.2,38.0 / 137,39.0 / 137
3791,NY,White,F,72,74.6,105.2,130,37.2,37.4,37.2,130,37.4,130,52.5,52.7,37.2 / 130,37.4 / 130
3791,NY,Red,F,72,71.9,101.1,124,35.8,36.1,35.8,123,36.1,125,50.3,50.8,35.8 / 123,36.1 / 125
3791,NY,Gold,F,72,71.9,101.1,124,35.8,36.1,35.8,123,36.1,125,50.3,50.8,35.8 / 123,36.1 / 125
3791,NY,Green,F,72,65.8,92.2,112,32.9,32.9,32.9,110,32.9,114,45.9,46.3,32.9 / 110,32.9 / 114
9333,NY,Black,M,70,73.4,97.8,132,36.5,36.9,36.5,128,36.9,135,48.4,49.4,36.5 / 128,36.9 / 135
9333,NY,Black / Blue,M,70,71.8,95.9,130,35.8,36.0,35.8,128,36.0,131,47.7,48.2,35.8 / 128,36.0 / 131
9333,NY,Blue,M,70,71.1,94.7,127,35.4,35.7,35.4,124,35.7,130,46.9,47.8,35.4 / 124,35.7 / 130
9333,NY,White,M,70,68.5,91.7,125,34.3,34.2,34.3,123,34.2,127,45.7,46.0,34.3 / 123,34.2 / 127
9333,NY,Green,M,70,66.5,89.0,121,33.3,33.2,33.3,119,33.2,123,44.4,44.6,33.3 / 119,33.2 / 123
9333,NY,White,F,70,75.0,106.0,132,37.5,37.5,37.5,129,37.5,134,52.7,53.3,37.5 / 129,37.5 / 134
9333,NY,Gold,F,70,69.8,98.4,122,34.8,35.0,34.8,120,35.0,123,48.9,49.5,34.8 / 120,35.0 / 123
9333,NY,Red,F,70,67.7,95.1,116,33.8,33.9,33.8,114,33.9,118,47.3,47.8,33.8 / 114,33.9 / 118
3351,NY,Black,M,70,73.7,99.1,137,36.8,36.9,36.8,136,36.9,138,49.4,49.7,36.8 / 136,36.9 / 138
3351,NY,Blue,M,70,71.2,96.5,137,35.7,35.5,35.7,135,35.5,138,48.2,48.3,35.7 / 135,35.5 / 138
3351,NY,Blue-White,M,70,69.8,94.8,135,34.9,34.9,34.9,135,34.9,135,47.4,47.4,34.9 / 135,34.9 / 135
3351,NY,White,M,70,68.3,92.7,131,33.7,34.6,33.7,131,34.6,131,45.9,46.8,33.7 / 131,34.6 / 131
3351,NY,Gold,M,70,66.1,89.3,125,33.1,33.0,33.1,123,33.0,127,44.5,44.8,33.1 / 123,33.0 / 127
3351,NY,Blue,F,72,77.2,112.2,149,38.5,38.7,38.5,147,38.7,150,55.8,56.4,38.5 / 147,38.7 / 150
3351,NY,Blue-White,F,72,76.0,109.8,143,38.0,38.0,38.0,142,38.0,144,54.8,55.0,38.0 / 142,38.0 / 144
3351,NY,White,F,72,74.5,107.1,139,36.9,37.6,36.9,137,37.6,140,53.0,54.1,36.9 / 137,37.6 / 140
3351,NY,Gold,F,72,71.7,103.0,133,35.8,35.9,35.8,137,35.9,129,51.9,51.1,35.8 / 137,35.9 / 129
10165,NY,Black,M,71,73.0,98.0,135,36.7,36.3,36.7,138,36.3,131,49.5,48.5,36.7 / 138,36.3 / 131
10165,NY,Blue,M,71,71.6,96.4,134,36.1,35.5,36.1,137,35.5,130,48.8,47.6,36.1 / 137,35.5 / 130
10165,NY,Green,M,71,69.8,94.1,131,35.1,34.7,35.1,133,34.7,128,47.5,46.6,35.1 / 133,34.7 / 128
10165,NY,Gold,M,71,66.7,90.0,126,33.5,33.2,33.5,125,33.2,126,45.1,44.9,33.5 / 125,33.2 / 126
10165,NY,Gold/White,M,71,64.9,86.7,118,33.0,31.9,33.0,121,31.9,114,44.2,42.5,33.0 / 121,31.9 / 114
10165,NY,White,M,71,64.4,85.8,116,32.9,31.5,32.9,121,31.5,110,44.1,41.7,32.9 / 121,31.5 / 110
10165,NY,Red,M,71,59.4,77.5,98,29.5,29.9,29.5,97,29.9,98,38.5,39.0,29.5 / 97,29.9 / 98
10165,NY,Green,F,71,76.5,107.7,132,38.5,38.0,38.5,133,38.0,131,54.2,53.5,38.5 / 133,38.0 / 131
10165,NY,Gold,F,71,73.1,102.8,126,36.8,36.3,36.8,127,36.3,125,51.8,51.0,36.8 / 127,36.3 / 125
10165,NY,Gold/White,F,71,71.0,100.4,125,36.2,34.8,36.2,126,34.8,124,51.0,49.4,36.2 / 126,34.8 / 124
10165,NY,White,F,71,70.0,99.1,124,35.8,34.2,35.8,124,34.2,123,50.4,48.7,35.8 / 124,34.2 / 123
10165,NY,Red,F,71,62.1,86.3,103,30.7,31.4,30.7,101,31.4,104,42.6,43.7,30.7 / 101,31.4 / 104
6795,NY,Blue,M,72,71.6,96.2,132,35.4,36.2,35.4,133,36.2,131,47.8,48.4,35.4 / 133,36.2 / 131
6795,NY,White,M,72,69.8,94.1,130,34.6,35.2,34.6,131,35.2,129,46.8,47.2,34.6 / 131,35.2 / 129
6795,NY,Silver,M,72,66.9,89.9,123,32.9,34.0,32.9,122,34.0,125,44.3,45.6,32.9 / 122,34.0 / 125
6795,NY,Blue,F,72,78.6,110.8,137,38.9,39.7,38.9,137,39.7,137,55.0,55.8,38.9 / 137,39.7 / 137
6795,NY,White,F,72,76.5,107.7,132,38.0,38.5,38.0,132,38.5,132,53.6,54.1,38.0 / 132,38.5 / 132
6795,NY,Silver,F,72,72.9,102.3,126,35.9,37.0,35.9,125,37.0,126,50.5,51.8,35.9 / 125,37.0 / 126
9336,NY,Black,M,72,76.5,103.9,148,37.9,38.6,37.9,144,38.6,151,51.3,52.6,37.9 / 144,38.6 / 151
9336,NY,Gold,M,72,74.1,99.5,137,36.7,37.4,36.7,139,37.4,135,49.6,49.9,36.7 / 139,37.4 / 135
9336,NY,Blue Gold Combo,M,72,72.7,97.8,135,36.3,36.4,36.3,139,36.4,131,49.2,48.6,36.3 / 139,36.4 / 131
9336,NY,Blue,M,72,72.3,96.9,133,35.9,36.4,35.9,137,36.4,128,48.6,48.3,35.9 / 137,36.4 / 128
9336,NY,Blue White Combo,M,72,69.7,94.0,131,34.9,34.8,34.9,128,34.8,133,46.8,47.2,34.9 / 128,34.8 / 133
9336,NY,White,M,72,68.9,93.5,133,34.5,34.4,34.5,130,34.4,135,46.6,46.9,34.5 / 130,34.4 / 135
9336,NY,Red,M,72,67.3,90.7,126,33.4,33.9,33.4,123,33.9,129,44.8,45.9,33.4 / 123,33.9 / 129
9336,NY,Black,F,72,83.6,123.0,155,41.5,42.1,41.5,155,42.1,155,61.3,61.7,41.5 / 155,42.1 / 155
9336,NY,Gold,F,72,81.2,119.4,155,40.4,40.8,40.4,155,40.8,155,59.7,59.7,40.4 / 155,40.8 / 155
9336,NY,Blue Gold Combo,F,72,79.7,117.3,155,39.9,39.8,39.9,155,39.8,155,59.0,58.3,39.9 / 155,39.8 / 155
9336,NY,Blue,F,72,78.6,115.6,155,39.2,39.4,39.2,155,39.4,155,57.9,57.7,39.2 / 155,39.4 / 155
9336,NY,Blue White Combo,F,72,76.4,110.2,144,38.2,38.2,38.2,145,38.2,142,55.3,54.9,38.2 / 145,38.2 / 142
9336,NY,White,F,72,75.5,108.2,139,37.7,37.8,37.7,138,37.8,139,54.0,54.2,37.7 / 138,37.8 / 139
9336,NY,Red,F,72,73.6,105.0,133,36.5,37.1,36.5,131,37.1,135,52.0,53.0,36.5 / 131,37.1 / 135
3340,NY,Blue,M,72,71.2,95.9,133,35.5,35.7,35.5,131,35.7,135,47.7,48.2,35.5 / 131,35.7 / 135
3340,NY,White,M,72,69.9,94.1,130,34.7,35.2,34.7,128,35.2,132,46.6,47.5,34.7 / 128,35.2 / 132
3340,NY,Gold,M,72,66.4,87.4,113,32.3,34.1,32.3,110,34.1,116,42.5,44.9,32.3 / 110,34.1 / 116
3340,NY,Red,M,72,65.5,85.7,109,32.2,33.3,32.2,102,33.3,115,41.7,44.0,32.2 / 102,33.3 / 115
3340,NY,White,F,72,75.6,107.0,133,37.4,38.2,37.4,129,38.2,137,52.6,54.4,37.4 / 129,38.2 / 137
3340,NY,Gold,F,72,71.2,100.5,124,34.8,36.4,34.8,121,36.4,127,49.1,51.4,34.8 / 121,36.4 / 127
3340,NY,Red,F,72,69.9,98.9,123,34.3,35.6,34.3,120,35.6,126,48.4,50.5,34.3 / 120,35.6 / 126
3886,NY,Blue,M,72,72.6,98.5,139,37.2,35.4,37.2,145,35.4,133,50.7,47.8,37.2 / 145,35.4 / 133
3886,NY,White,M,72,71.1,96.1,135,36.3,34.8,36.3,137,34.8,132,49.0,47.1,36.3 / 137,34.8 / 132
3886,NY,Gold,M,72,66.2,88.8,122,33.9,32.3,33.9,127,32.3,116,45.7,43.1,33.9 / 127,32.3 / 116
3886,NY,Red,F,72,69.5,100.6,132,35.5,34.0,35.5,131,34.0,133,50.9,49.7,35.5 / 131,34.0 / 133
17832,NY,Blue,M,72,72.8,97.3,132,36.2,36.6,36.2,137,36.6,127,48.9,48.4,36.2 / 137,36.6 / 127
17832,NY,Black,M,72,70.7,94.5,128,35.4,35.3,35.4,133,35.3,123,47.8,46.7,35.4 / 133,35.3 / 123
17832,NY,Gold,M,72,68.1,89.9,117,34.0,34.1,34.0,117,34.1,117,44.9,45.0,34.0 / 117,34.1 / 117
17832,NY,Silver,M,72,66.3,86.8,111,32.9,33.4,32.9,112,33.4,109,43.3,43.5,32.9 / 112,33.4 / 109
17832,NY,Red,M,72,66.1,86.6,111,32.8,33.3,32.8,111,33.3,110,43.1,43.5,32.8 / 111,33.3 / 110
17832,NY,Blue,F,72,79.6,113.0,142,39.7,39.9,39.7,143,39.9,140,56.6,56.4,39.7 / 143,39.9 / 140
17832,NY,Black,F,72,77.3,110.2,140,38.7,38.6,38.7,144,38.6,135,55.7,54.5,38.7 / 144,38.6 / 135
17832,NY,Gold,F,72,73.6,104.8,133,36.6,37.0,36.6,135,37.0,130,52.5,52.3,36.6 / 135,37.0 / 130
17832,NY,Silver,F,72,71.7,100.8,123,35.7,36.0,35.7,126,36.0,120,50.6,50.2,35.7 / 126,36.0 / 120
17832,NY,Red,F,72,71.0,100.2,124,35.3,35.7,35.3,127,35.7,120,50.3,49.9,35.3 / 127,35.7 / 120
3785,NY,White,M,70,67.2,89.4,120,34.9,32.3,34.9,125,32.3,114,46.5,42.9,34.9 / 125,32.3 / 114
3785,NY,Gold,M,70,65.8,86.8,113,34.0,31.8,34.0,115,31.8,111,44.7,42.1,34.0 / 115,31.8 / 111
3785,NY,Red,F,71,68.0,95.2,115,35.0,33.0,35.0,116,33.0,114,48.7,46.5,35.0 / 116,33.0 / 114
23921,NY,Blue,M,72,71.8,95.3,127,36.0,35.8,36.0,126,35.8,127,47.7,47.6,36.0 / 126,35.8 / 127
23921,NY,White,M,72,70.7,93.7,124,35.4,35.3,35.4,123,35.3,125,46.8,46.9,35.4 / 123,35.3 / 125
23921,NY,Gold,M,72,67.4,88.4,113,33.6,33.8,33.6,111,33.8,115,43.9,44.5,33.6 / 111,33.8 / 115
23921,NY,Red,M,72,65.3,85.6,109,32.6,32.7,32.6,105,32.7,113,42.4,43.2,32.6 / 105,32.7 / 113
23921,NY,Gold,F,72,73.0,102.0,123,36.4,36.6,36.4,120,36.6,126,50.5,51.5,36.4 / 120,36.6 / 126
23921,NY,Red,F,72,70.3,98.0,117,35.2,35.1,35.2,114,35.1,120,48.7,49.3,35.2 / 114,35.1 / 120
21126,NY,White,M,72,68.5,90.7,120,34.3,34.2,34.3,117,34.2,122,45.2,45.5,34.3 / 117,34.2 / 122
21126,NY,Gold,M,72,63.8,81.8,97,32.4,31.4,32.4,94,31.4,100,41.1,40.7,32.4 / 94,31.4 / 100
21126,NY,Red,M,72,63.1,80.9,96,31.9,31.2,31.9,91,31.2,100,40.4,40.5,31.9 / 91,31.2 / 100
21126,NY,White,F,72,74.8,105.0,128,37.6,37.2,37.6,120,37.2,136,51.8,53.2,37.6 / 120,37.2 / 136
21126,NY,Gold,F,72,67.8,94.8,115,34.4,33.4,34.4,110,33.4,119,47.4,47.4,34.4 / 110,33.4 / 119
21126,NY,Red,F,72,67.0,93.7,114,33.8,33.2,33.8,108,33.2,119,46.5,47.2,33.8 / 108,33.2 / 119
6587,NY,Black,M,70,73.7,98.2,132,36.5,37.2,36.5,129,37.2,135,48.5,49.7,36.5 / 129,37.2 / 135
6587,NY,Blue,M,70,71.9,95.8,128,35.7,36.2,35.7,128,36.2,129,47.6,48.2,35.7 / 128,36.2 / 129
6587,NY,White,M,70,70.3,93.3,124,34.8,35.5,34.8,122,35.5,126,46.1,47.2,34.8 / 122,35.5 / 126
6587,NY,Orange,M,70,68.1,90.2,119,33.5,34.6,33.5,118,34.6,119,44.5,45.7,33.5 / 118,34.6 / 119
6587,NY,Red,M,68,65.6,86.5,113,32.2,33.4,32.2,111,33.4,114,42.5,44.0,32.2 / 111,33.4 / 114
6587,NY,White,F,70,75.1,106.4,133,37.2,37.9,37.2,131,37.9,135,52.6,53.8,37.2 / 131,37.9 / 135
6587,NY,Orange,F,70,72.0,102.0,127,35.2,36.8,35.2,127,36.8,127,50.2,51.8,35.2 / 127,36.8 / 127
6587,NY,Red,F,70,69.6,98.2,121,33.7,35.9,33.7,120,35.9,122,47.9,50.3,33.7 / 120,35.9 / 122
27168,NY,Black,M,36,37.7,51.1,144,37.7,,37.7,144,,,51.1,,37.7 / 144,/
27168,NY,Blue,M,36,37.0,50.4,144,37.0,,37.0,144,,,50.4,,37.0 / 144,/
27168,NY,White,M,36,35.7,48.3,136,35.7,,35.7,136,,,48.3,,35.7 / 136,/
27168,NY,Yellow,M,36,33.5,44.8,122,33.5,,33.5,122,,,44.8,,33.5 / 122,/
27168,NY,Green,M,36,33.2,44.5,122,33.2,,33.2,122,,,44.5,,33.2 / 122,/
27168,NY,White,F,36,38.6,55.7,145,38.6,,38.6,145,,,55.7,,38.6 / 145,/
27168,NY,Yellow,F,36,35.9,51.2,130,35.9,,35.9,130,,,51.2,,35.9 / 130,/
27168,NY,Green,F,36,35.6,50.8,129,35.6,,35.6,129,,,50.8,,35.6 / 129,/
27172,NY,Black,M,36,37.2,50.1,139,37.2,,37.2,139,,,50.1,,37.2 / 139,/
27172,NY,Blue,M,36,36.5,48.7,131,36.5,,36.5,131,,,48.7,,36.5 / 131,/
27172,NY,White,M,36,35.6,47.1,124,35.6,,35.6,124,,,47.1,,35.6 / 124,/
27172,NY,Yellow,M,36,33.1,43.9,116,33.1,,33.1,116,,,43.9,,33.1 / 116,/
27172,NY,Green,M,36,32.4,43.1,115,32.4,,32.4,115,,,43.1,,32.4 / 115,/
27172,NY,White,F,36,38.4,55.9,148,38.4,,38.4,148,,,55.9,,38.4 / 148,/
27172,NY,Yellow,F,36,35.7,51.4,133,35.7,,35.7,133,,,51.4,,35.7 / 133,/
27172,NY,Green,F,36,34.9,49.9,127,34.9,,34.9,127,,,49.9,,34.9 / 127,/
27167,NY,Blue,M,36,35.1,46.6,124,35.1,,35.1,124,,,46.6,,35.1 / 124,/
27167,NY,White,M,36,34.5,45.7,121,34.5,,34.5,121,,,45.7,,34.5 / 121,/
27167,NY,Yellow,M,36,32.8,43.2,112,32.8,,32.8,112,,,43.2,,32.8 / 112,/
27167,NY,Green,M,37,32.4,42.6,110,32.4,,32.4,110,,,42.6,,32.4 / 110,/
27167,NY,White,F,36,37.3,52.7,131,37.3,,37.3,131,,,52.7,,37.3 / 131,/
27167,NY,Yellow,F,36,35.6,50.5,126,35.6,,35.6,126,,,50.5,,35.6 / 126,/
27167,NY,Green,F,37,34.9,49.3,122,34.9,,34.9,122,,,49.3,,34.9 / 122,/
17817,NY,Blue,M,72,72.1,97.0,134,37.0,35.1,37.0,144,35.1,124,50.4,46.6,37.0 / 144,35.1 / 124
17817,NY,White,M,72,70.2,94.0,129,35.7,34.5,35.7,136,34.5,121,48.3,45.7,35.7 / 136,34.5 / 121
17817,NY,Yellow,M,72,66.3,88.0,117,33.5,32.8,33.5,122,32.8,112,44.8,43.2,33.5 / 122,32.8 / 112
17817,NY,Green,M,72,65.6,87.1,116,33.2,32.4,33.2,122,32.4,110,44.5,42.6,33.2 / 122,32.4 / 110
17817,NY,White,F,72,75.9,108.4,138,38.6,37.3,38.6,145,37.3,131,55.7,52.7,38.6 / 145,37.3 / 131
17817,NY,Yellow,F,72,71.5,101.7,128,35.9,35.6,35.9,130,35.6,126,51.2,50.5,35.9 / 130,35.6 / 126
17817,NY,Green,F,73,70.5,100.1,126,35.6,34.9,35.6,129,34.9,122,50.8,49.3,35.6 / 129,34.9 / 122
3343,NY,Black,M,72,74.9,101.2,142,37.7,37.2,37.7,144,37.2,139,51.1,50.1,37.7 / 144,37.2 / 139
3343,NY,Blue,M,72,73.5,99.1,138,37.0,36.5,37.0,144,36.5,131,50.4,48.7,37.0 / 144,36.5 / 131
3343,NY,White,M,72,71.3,95.4,130,35.7,35.6,35.7,136,35.6,124,48.3,47.1,35.7 / 136,35.6 / 124
3343,NY,Yellow,M,72,66.5,88.6,119,33.5,33.0,33.5,122,33.0,116,44.8,43.8,33.5 / 122,33.0 / 116
3343,NY,Green,M,72,65.6,87.6,119,33.2,32.4,33.2,122,32.4,115,44.5,43.1,33.2 / 122,32.4 / 115
3343,NY,White,F,72,77.0,111.6,147,38.6,38.4,38.6,145,38.4,148,55.7,55.9,38.6 / 145,38.4 / 148
3343,NY,Yellow,F,72,71.6,102.6,132,35.9,35.7,35.9,130,35.7,133,51.2,51.4,35.9 / 130,35.7 / 133
3343,NY,Green,F,72,70.5,100.7,128,35.6,34.9,35.6,129,34.9,127,50.8,49.9,35.6 / 129,34.9 / 127
17818,NY,Blue,M,72,71.6,95.3,128,36.5,35.1,36.5,131,35.1,124,48.7,46.6,36.5 / 131,35.1 / 124
17818,NY,White,M,72,70.1,92.8,123,35.6,34.5,35.6,124,34.5,121,47.1,45.7,35.6 / 124,34.5 / 121
17818,NY,Yellow,M,72,65.8,87.0,114,33.0,32.8,33.0,116,32.8,112,43.8,43.2,33.0 / 116,32.8 / 112
17818,NY,Green,M,72,64.8,85.7,113,32.4,32.4,32.4,115,32.4,110,43.1,42.6,32.4 / 115,32.4 / 110
17818,NY,White,F,72,75.7,108.6,140,38.4,37.3,38.4,148,37.3,131,55.9,52.7,38.4 / 148,37.3 / 131
17818,NY,Yellow,F,72,71.3,101.9,130,35.7,35.6,35.7,133,35.6,126,51.4,50.5,35.7 / 133,35.6 / 126
17818,NY,Green,F,73,69.8,99.2,125,34.9,34.9,34.9,127,34.9,122,49.9,49.3,34.9 / 127,34.9 / 122
9307,NY,Blue,M,72,71.9,94.5,121,35.9,36.0,35.9,121,36.0,121,47.2,47.3,35.9 / 121,36.0 / 121
9307,NY,White,M,72,70.8,93.1,120,35.4,35.4,35.4,119,35.4,121,46.5,46.6,35.4 / 119,35.4 / 121
9307,NY,Yellow,M,72,68.1,88.8,112,34.1,34.0,34.1,117,34.0,106,45.0,43.8,34.1 / 117,34.0 / 106
9307,NY,Red,F,72,69.5,96.2,113,34.6,34.9,34.6,110,34.9,116,47.6,48.6,34.6 / 110,34.9 / 116
9308,NY,Blue,M,72,70.4,92.5,118,35.8,34.6,35.8,119,34.6,117,46.9,45.6,35.8 / 119,34.6 / 117
9308,NY,White,M,72,69.2,90.8,116,35.3,33.9,35.3,117,33.9,115,46.2,44.6,35.3 / 117,33.9 / 115
9308,NY,Yellow,M,72,68.1,88.8,113,34.2,33.9,34.2,109,33.9,116,44.2,44.6,34.2 / 109,33.9 / 116
9308,NY,Red,F,72,68.9,95.7,114,34.6,34.3,34.6,109,34.3,118,47.5,48.2,34.6 / 109,34.3 / 118
9309,NY,Blue,M,72,70.6,92.7,119,36.0,34.6,36.0,119,34.6,118,47.1,45.6,36.0 / 119,34.6 / 118
9309,NY,White,M,72,69.2,90.9,117,35.3,33.9,35.3,119,33.9,114,46.4,44.5,35.3 / 119,33.9 / 114
9309,NY,Yellow,M,72,67.9,88.4,111,34.0,33.9,34.0,106,33.9,116,43.8,44.6,34.0 / 106,33.9 / 116
9309,NY,Red,F,72,69.2,96.6,116,34.9,34.3,34.9,114,34.3,118,48.4,48.2,34.9 / 114,34.3 / 118
26349,NY,Creme,M,70,66.9,85.6,101,33.3,33.6,33.3,101,33.6,100,42.8,42.8,33.3 / 101,33.6 / 100
26349,NY,White,F,70,65.5,89.1,100,32.8,32.7,32.8,98,32.7,102,44.4,44.7,32.8 / 98,32.7 / 102
9315,NY,Black,M,72,74.1,98.5,131,37.3,36.8,37.3,131,36.8,131,49.5,49.0,37.3 / 131,36.8 / 131
9315,NY,Gold,M,72,72.5,96.2,128,36.6,35.9,36.6,126,35.9,129,48.3,47.9,36.6 / 126,35.9 / 129
9315,NY,Green,M,72,69.7,92.5,123,35.1,34.6,35.1,123,34.6,123,46.5,46.0,35.1 / 123,34.6 / 123
9315,NY,Silver,M,72,67.3,89.2,118,33.7,33.6,33.7,118,33.6,118,44.6,44.6,33.7 / 118,33.6 / 118
9315,NY,Silver,F,72,72.4,101.3,123,36.7,35.7,36.7,126,35.7,120,51.5,49.8,36.7 / 126,35.7 / 120
9315,NY,Burgundy,F,72,69.1,96.5,117,35.0,34.1,35.0,120,34.1,113,49.1,47.4,35.0 / 120,34.1 / 113
36660,NY,White,M,70,67.6,89.2,117,32.2,35.4,32.2,110,35.4,123,42.4,46.8,32.2 / 110,35.4 / 123
36660,NY,Gold,M,70,61.9,80.1,98,30.7,31.2,30.7,97,31.2,99,39.7,40.4,30.7 / 97,31.2 / 99
36660,NY,Red,F,70,65.7,91.3,109,32.2,33.5,32.2,107,33.5,110,44.8,46.5,32.2 / 107,33.5 / 110
13754,NY,White,F,64,61.6,84.5,98,30.8,30.8,30.8,98,30.8,97,42.3,42.2,30.8 / 98,30.8 / 97
13754,NY,Red,F,64,61.0,84.4,99,30.5,30.5,30.5,99,30.5,99,42.2,42.2,30.5 / 99,30.5 / 99
13742,NY,White/Blue,M,72,69.7,90.4,112,34.4,35.3,34.4,110,35.3,113,44.6,45.8,34.4 / 110,35.3 / 113
13742,NY,White/White,F,74,75.3,104.1,122,37.6,37.7,37.6,122,37.7,122,52.0,52.1,37.6 / 122,37.7 / 122
13742,NY,Red/White,F,72,73.3,100.7,116,35.6,37.7,35.6,110,37.7,122,48.6,52.1,35.6 / 110,37.7 / 122
13742,NY,Red/Red,F,70,71.2,97.3,111,35.6,35.6,35.6,111,35.6,110,48.7,48.6,35.6 / 111,35.6 / 110
13776,NY,Black,M,67,65.2,85.9,112,34.0,31.2,34.0,111,31.2,112,44.3,41.6,34.0 / 111,31.2 / 112
13776,NY,Blue,M,67,64.2,84.6,110,33.5,30.7,33.5,109,30.7,110,43.7,40.9,33.5 / 109,30.7 / 110
13776,NY,Blue,F,67,68.6,95.7,116,35.6,33.0,35.6,123,33.0,109,50.0,45.7,35.6 / 123,33.0 / 109
13776,NY,Red,F,67,64.7,90.3,109,33.2,31.5,33.2,117,31.5,100,47.0,43.3,33.2 / 117,31.5 / 100
3739,NY,Blue,M,71,71.2,95.2,129,36.1,35.1,36.1,125,35.1,133,47.7,47.5,36.1 / 125,35.1 / 133
3739,NY,White,M,71,69.6,92.7,124,34.8,34.8,34.8,119,34.8,129,45.9,46.8,34.8 / 119,34.8 / 129
3739,NY,Grey,M,71,67.7,90.4,122,33.9,33.8,33.9,118,33.8,126,44.9,45.5,33.9 / 118,33.8 / 126
3739,NY,Gold,M,71,66.5,88.6,119,33.2,33.3,33.2,117,33.3,121,44.1,44.5,33.2 / 117,33.3 / 121
3739,NY,Orange,M,71,64.6,85.6,113,32.5,32.1,32.5,115,32.1,111,43.2,42.4,32.5 / 115,32.1 / 111
3739,NY,White,F,71,75.5,106.1,130,37.5,38.0,37.5,129,38.0,131,52.7,53.4,37.5 / 129,38.0 / 131
3739,NY,Gold,F,71,71.8,101.7,127,35.7,36.1,35.7,126,36.1,128,50.5,51.2,35.7 / 126,36.1 / 128
3739,NY,Orange,F,71,69.2,97.9,122,34.8,34.4,34.8,121,34.4,122,49.1,48.8,34.8 / 121,34.4 / 122
3787,NY,Blue,M,70,67.8,89.4,116,34.2,33.6,34.2,118,33.6,114,45.2,44.2,34.2 / 118,33.6 / 114
3787,NY,Orange,M,70,62.4,80.6,98,31.2,31.2,31.2,96,31.2,100,40.1,40.5,31.2 / 96,31.2 / 100
3787,NY,Blue,F,70,73.8,102.8,123,37.2,36.6,37.2,126,36.6,120,52.1,50.7,37.2 / 126,36.6 / 120
3787,NY,Orange,F,70,65.2,90.3,107,32.2,33.0,32.2,108,33.0,105,44.9,45.4,32.2 / 108,33.0 / 105
6810,NY,Black,M,70,67.4,89.3,120,34.4,33.0,34.4,124,33.0,115,45.8,43.6,34.4 / 124,33.0 / 115
6810,NY,Blue,M,70,65.5,86.7,115,33.1,32.4,33.1,118,32.4,112,44.0,42.7,33.1 / 118,32.4 / 112
6810,NY,Green,M,69,62.5,82.0,106,31.6,30.9,31.6,109,30.9,102,41.7,40.3,31.6 / 109,30.9 / 102
6810,NY,Black,F,72,72.3,102.3,127,37.0,35.3,37.0,132,35.3,122,52.6,49.7,37.0 / 132,35.3 / 122
6810,NY,Blue,F,72,70.3,99.3,123,35.8,34.5,35.8,126,34.5,120,50.7,48.6,35.8 / 126,34.5 / 120
6810,NY,Green,F,72,66.6,93.6,115,33.9,32.7,33.9,118,32.7,111,47.8,45.8,33.9 / 118,32.7 / 111
3326,NY,Blue,M,70,70.1,93.3,125,35.3,34.8,35.3,126,34.8,124,47.0,46.3,35.3 / 126,34.8 / 124
3326,NY,White,M,70,69.0,91.4,121,34.8,34.2,34.8,119,34.2,122,45.9,45.5,34.8 / 119,34.2 / 122
3326,NY,Gold,M,70,66.9,87.6,112,33.7,33.2,33.7,111,33.2,112,44.0,43.6,33.7 / 111,33.2 / 112
3326,NY,Red,M,70,65.9,86.4,111,33.2,32.7,33.2,111,32.7,110,43.5,42.9,33.2 / 111,32.7 / 110
3326,NY,Blue,F,72,75.6,108.4,139,38.1,37.5,38.1,140,37.5,138,54.6,53.8,38.1 / 140,37.5 / 138
3326,NY,White,F,72,74.0,106.5,138,37.3,36.7,37.3,140,36.7,136,53.8,52.7,37.3 / 140,36.7 / 136
3326,NY,Gold,F,72,71.6,102.1,130,35.9,35.7,35.9,130,35.7,129,51.2,50.9,35.9 / 130,35.7 / 129
3326,NY,Red,F,72,70.6,100.3,126,35.4,35.2,35.4,124,35.2,128,50.0,50.3,35.4 / 124,35.2 / 128
3863,NY,Blue,M,71,71.9,94.6,123,35.7,36.2,35.7,123,36.2,122,47.1,47.5,35.7 / 123,36.2 / 122
3863,NY,White,M,71,69.7,92.4,122,34.6,35.1,34.6,125,35.1,119,46.2,46.2,34.6 / 125,35.1 / 119
3863,NY,Gold,M,71,66.1,87.9,117,32.9,33.2,32.9,118,33.2,116,43.9,44.0,32.9 / 118,33.2 / 116
3863,NY,Red,M,71,63.9,84.3,110,32.0,31.9,32.0,113,31.9,107,42.5,41.8,32.0 / 113,31.9 / 107
3863,NY,Silver,M,71,61.8,79.2,94,30.6,31.2,30.6,97,31.2,90,39.6,39.6,30.6 / 97,31.2 / 90
3863,NY,White,F,71,76.0,106.0,127,37.9,38.1,37.9,128,38.1,126,53.0,53.0,37.9 / 128,38.1 / 126
3863,NY,Gold,F,71,71.8,100.5,122,35.7,36.1,35.7,127,36.1,116,50.7,49.8,35.7 / 127,36.1 / 116
3863,NY,Red,F,71,68.8,96.7,118,34.3,34.5,34.3,120,34.5,116,48.5,48.2,34.3 / 120,34.5 / 116
3863,NY,Silver,F,71,64.4,90.4,111,32.2,32.2,32.2,112,32.2,109,45.4,45.0,32.2 / 112,32.2 / 109
27054,NY,Blue,M,35,32.7,42.6,107,32.7,,32.7,107,,,42.6,,32.7 / 107,/
27054,NY,White,M,35,31.5,40.4,96,31.5,,31.5,96,,,40.4,,31.5 / 96,/
27054,NY,Red,F,35,31.8,43.6,100,31.8,,31.8,100,,,43.6,,31.8 / 100,/
13760,NY,White,M,68,62.4,80.6,98,31.5,30.9,31.5,101,30.9,95,40.9,39.7,31.5 / 101,30.9 / 95
13760,NY,Yellow/Blue,F,62,60.9,83.3,95,30.6,30.3,30.6,95,30.3,95,41.8,41.5,30.6 / 95,30.3 / 95
6663,NY,Back,M,71,70.5,93.0,122,35.3,35.2,35.3,123,35.2,120,46.7,46.3,35.3 / 123,35.2 / 120
6663,NY,Middle,M,71,69.3,91.3,119,34.7,34.6,34.7,121,34.6,116,45.9,45.4,34.7 / 121,34.6 / 116
6663,NY,Forward,M,71,65.6,85.9,111,33.3,32.3,33.3,112,32.3,109,43.6,42.3,33.3 / 112,32.3 / 109
6663,NY,Grey,F,72,70.7,98.2,117,35.9,34.8,35.9,120,34.8,114,50.0,48.2,35.9 / 120,34.8 / 114
34213,NY,Blue,M,54,52.8,67.2,77,26.4,26.4,26.4,77,26.4,77,33.6,33.6,26.4 / 77,26.4 / 77
34213,NY,White,M,54,51.8,65.8,75,25.9,25.9,25.9,75,25.9,75,32.9,32.9,25.9 / 75,25.9 / 75
34213,NY,White,F,54,54.0,72.4,78,27.0,27.0,27.0,78,27.0,78,36.2,36.2,27.0 / 78,27.0 / 78
10166,NY,Black,M,72,72.6,96.2,127,36.0,36.6,36.0,123,36.6,131,47.4,48.8,36.0 / 123,36.6 / 131
10166,NY,Gold,M,72,70.5,93.7,125,35.3,35.2,35.3,121,35.2,129,46.5,47.2,35.3 / 121,35.2 / 129
10166,NY,Blue,M,72,69.3,91.3,119,34.7,34.6,34.7,116,34.6,121,45.5,45.8,34.7 / 116,34.6 / 121
10166,NY,White,M,72,66.0,85.9,107,33.0,33.0,33.0,103,33.0,111,42.6,43.3,33.0 / 103,33.0 / 111
10166,NY,White,F,72,71.8,100.9,124,35.7,36.1,35.7,122,36.1,125,50.1,50.8,35.7 / 122,36.1 / 125
10166,NY,Red,F,72,68.6,96.3,118,34.4,34.2,34.4,117,34.2,118,48.2,48.1,34.4 / 117,34.2 / 118
3349,NY,Gold,M,72,72.8,97.8,135,36.0,36.8,36.0,127,36.8,142,47.8,50.0,36.0 / 127,36.8 / 142
3349,NY,Blue,M,72,71.5,95.4,129,35.5,36.0,35.5,124,36.0,133,47.0,48.4,35.5 / 124,36.0 / 133
3349,NY,White,M,72,70.8,94.1,126,35.1,35.7,35.1,122,35.7,129,46.4,47.7,35.1 / 122,35.7 / 129
3349,NY,Green,M,72,69.2,91.8,122,34.2,35.0,34.2,116,35.0,127,45.0,46.8,34.2 / 116,35.0 / 127
3349,NY,Red,M,72,68.0,90.4,121,33.7,34.3,33.7,116,34.3,125,44.5,45.9,33.7 / 116,34.3 / 125
3349,NY,White,F,72,76.6,108.9,137,38.0,38.6,38.0,136,38.6,138,54.0,54.9,38.0 / 136,38.6 / 138
3349,NY,Green,F,72,74.7,105.4,130,37.0,37.7,37.0,128,37.7,132,52.1,53.3,37.0 / 128,37.7 / 132
3349,NY,Red,F,72,73.4,103.5,128,36.5,36.9,36.5,126,36.9,130,51.3,52.2,36.5 / 126,36.9 / 130
14890,NY,Blue,M,71,71.6,95.9,131,35.2,36.4,35.2,124,36.4,138,46.7,49.2,35.2 / 124,36.4 / 138
14890,NY,White,M,71,71.0,94.8,128,35.0,36.0,35.0,119,36.0,137,46.1,48.7,35.0 / 119,36.0 / 137
14890,NY,Yellow,M,71,68.7,90.4,117,33.9,34.8,33.9,114,34.8,119,44.5,45.9,33.9 / 114,34.8 / 119
14890,NY,Red,M,71,65.6,86.6,113,32.1,33.5,32.1,112,33.5,114,42.5,44.1,32.1 / 112,33.5 / 114
14890,NY,Blue,F,73,77.8,111.5,143,38.4,39.4,38.4,139,39.4,147,54.8,56.7,38.4 / 139,39.4 / 147
14890,NY,White,F,73,76.4,109.1,139,37.6,38.8,37.6,136,38.8,142,53.6,55.5,37.6 / 136,38.8 / 142
14890,NY,Yellow,F,73,73.4,104.2,131,36.4,37.0,36.4,125,37.0,137,51.1,53.1,36.4 / 125,37.0 / 137
14890,NY,Red,F,73,70.3,99.3,123,34.7,35.6,34.7,118,35.6,128,48.6,50.7,34.7 / 118,35.6 / 128
6588,NY,Blue,M,71,70.7,96.5,138,36.3,34.4,36.3,142,34.4,134,49.6,46.9,36.3 / 142,34.4 / 134
6588,NY,Blue/White,M,71,69.2,94.3,135,35.5,33.7,35.5,138,33.7,132,48.3,46.0,35.5 / 138,33.7 / 132
6588,NY,White,M,71,68.0,92.3,131,34.5,33.5,34.5,131,33.5,130,46.7,45.6,34.5 / 131,33.5 / 130
6588,NY,Green,M,71,63.2,85.6,121,32.2,31.0,32.2,123,31.0,118,43.6,42.0,32.2 / 123,31.0 / 118
6588,NY,White,F,71,72.7,104.0,133,37.3,35.4,37.3,133,35.4,132,53.0,51.0,37.3 / 133,35.4 / 132
6588,NY,Green,F,71,66.1,93.6,118,34.3,31.8,34.3,122,31.8,113,48.6,45.0,34.3 / 122,31.8 / 113
17736,NY,Blue,M,72,71.9,95.8,129,36.0,35.9,36.0,128,35.9,129,47.9,47.9,36.0 / 128,35.9 / 129
17736,NY,White,M,72,70.5,94.2,128,35.4,35.1,35.4,126,35.1,129,47.1,47.1,35.4 / 126,35.1 / 129
17736,NY,Green,M,72,69.2,92.4,125,34.6,34.6,34.6,123,34.6,127,46.0,46.4,34.6 / 123,34.6 / 127
17736,NY,Gold,M,72,67.8,90.5,123,34.2,33.6,34.2,121,33.6,124,45.4,45.1,34.2 / 121,33.6 / 124
17736,NY,Yellow,M,72,66.5,88.7,120,33.3,33.2,33.3,117,33.2,122,44.2,44.5,33.3 / 117,33.2 / 122
17736,NY,Red,M,72,66.4,88.4,119,33.3,33.1,33.3,116,33.1,121,44.1,44.3,33.3 / 116,33.1 / 121
17736,NY,Red,F,72,71.1,99.6,121,35.6,35.5,35.6,124,35.5,118,50.2,49.4,35.6 / 124,35.5 / 118
17736,NY,Silver,F,72,67.8,94.6,114,33.8,34.0,33.8,116,34.0,111,47.5,47.1,33.8 / 116,34.0 / 111
17736,NY,Forward,F,72,62.6,86.9,103,31.3,31.3,31.3,106,31.3,100,43.8,43.1,31.3 / 106,31.3 / 100
3676,NY,Blue,M,72,72.8,97.3,132,36.0,36.8,36.0,128,36.8,136,47.9,49.4,36.0 / 128,36.8 / 136
3676,NY,White,M,72,71.2,94.8,127,35.4,35.8,35.4,126,35.8,128,47.1,47.7,35.4 / 126,35.8 / 128
3676,NY,Green,M,72,69.2,92.1,124,34.6,34.6,34.6,123,34.6,124,46.0,46.1,34.6 / 123,34.6 / 124
3676,NY,Gold,M,72,68.1,90.3,120,34.2,33.9,34.2,121,33.9,118,45.4,44.9,34.2 / 121,33.9 / 118
3676,NY,Yellow,M,72,66.7,88.4,117,33.3,33.4,33.3,117,33.4,116,44.2,44.2,33.3 / 117,33.4 / 116
3676,NY,Red,M,72,66.6,88.2,116,33.3,33.3,33.3,116,33.3,116,44.1,44.1,33.3 / 116,33.3 / 116
3676,NY,Red,F,72,71.2,99.9,122,35.6,35.6,35.6,124,35.6,120,50.2,49.7,35.6 / 124,35.6 / 120
3676,NY,Silver,F,72,67.9,94.8,114,33.8,34.1,33.8,116,34.1,112,47.5,47.3,33.8 / 116,34.1 / 112
3676,NY,Forward,F,72,63.3,87.9,105,31.3,32.0,31.3,106,32.0,103,43.8,44.1,31.3 / 106,32.0 / 103
35622,NY,Blue,M,72,71.9,95.8,129,35.9,36.0,35.9,129,36.0,128,47.9,47.9,35.9 / 129,36.0 / 128
35622,NY,White,M,72,70.5,94.2,128,35.1,35.4,35.1,129,35.4,126,47.1,47.1,35.1 / 129,35.4 / 126
35622,NY,Green,M,72,69.2,92.4,125,34.6,34.6,34.6,127,34.6,123,46.4,46.0,34.6 / 127,34.6 / 123
35622,NY,Gold,M,72,67.8,90.5,123,33.6,34.2,33.6,124,34.2,121,45.1,45.4,33.6 / 124,34.2 / 121
35622,NY,Yellow,M,72,66.5,88.7,120,33.2,33.3,33.2,122,33.3,117,44.5,44.2,33.2 / 122,33.3 / 117
35622,NY,Red,M,71,66.4,88.4,119,33.1,33.3,33.1,121,33.3,116,44.3,44.1,33.1 / 121,33.3 / 116
35622,NY,Red,F,72,71.1,99.6,121,35.5,35.6,35.5,118,35.6,124,49.4,50.2,35.5 / 118,35.6 / 124
35622,NY,Silver,F,72,67.8,94.6,114,34.0,33.8,34.0,111,33.8,116,47.1,47.5,34.0 / 111,33.8 / 116
35622,NY,Forward,F,72,62.6,86.9,103,31.3,31.3,31.3,100,31.3,106,43.1,43.8,31.3 / 100,31.3 / 106
3677,NY,Blue,M,72,72.7,97.3,133,35.9,36.8,35.9,129,36.8,136,47.9,49.4,35.9 / 129,36.8 / 136
3677,NY,White,M,72,70.9,94.8,129,35.1,35.8,35.1,129,35.8,128,47.1,47.7,35.1 / 129,35.8 / 128
3677,NY,Green,M,72,69.2,92.5,126,34.6,34.6,34.6,127,34.6,124,46.4,46.1,34.6 / 127,34.6 / 124
3677,NY,Gold,M,72,67.5,90.0,121,33.6,33.9,33.6,124,33.9,118,45.1,44.9,33.6 / 124,33.9 / 118
3677,NY,Yellow,M,72,66.6,88.7,119,33.2,33.4,33.2,122,33.4,116,44.5,44.2,33.2 / 122,33.4 / 116
3677,NY,Red,M,72,66.4,88.4,119,33.1,33.3,33.1,121,33.3,116,44.3,44.1,33.1 / 121,33.3 / 116
3677,NY,Red,F,72,71.1,99.1,119,35.5,35.6,35.5,118,35.6,120,49.4,49.7,35.5 / 118,35.6 / 120
3677,NY,Silver,F,72,68.1,94.4,112,34.0,34.1,34.0,111,34.1,112,47.1,47.3,34.0 / 111,34.1 / 112
3677,NY,Forward,F,72,63.3,87.2,102,31.3,32.0,31.3,100,32.0,103,43.1,44.1,31.3 / 100,32.0 / 103
35633,NY,Blue,M,72,72.8,97.3,132,36.8,36.0,36.8,136,36.0,128,49.4,47.9,36.8 / 136,36.0 / 128
35633,NY,White,M,72,71.2,94.8,127,35.8,35.4,35.8,128,35.4,126,47.7,47.1,35.8 / 128,35.4 / 126
35633,NY,Green,M,72,69.2,92.1,124,34.6,34.6,34.6,124,34.6,123,46.1,46.0,34.6 / 124,34.6 / 123
35633,NY,Gold,M,72,68.1,90.3,120,33.9,34.2,33.9,118,34.2,121,44.9,45.4,33.9 / 118,34.2 / 121
35633,NY,Yellow,M,72,66.9,88.7,117,33.4,33.5,33.4,116,33.5,118,44.2,44.5,33.4 / 116,33.5 / 118
35633,NY,Red,M,71,66.6,88.3,117,33.3,33.3,33.3,116,33.3,117,44.1,44.2,33.3 / 116,33.3 / 117
35633,NY,Red,F,72,71.2,99.9,122,35.6,35.6,35.6,120,35.6,124,49.7,50.2,35.6 / 120,35.6 / 124
35633,NY,Silver,F,72,67.9,94.8,114,34.1,33.8,34.1,112,33.8,116,47.3,47.5,34.1 / 112,33.8 / 116
35633,NY,Forward,F,72,63.3,87.9,105,32.0,31.3,32.0,103,31.3,106,44.1,43.8,32.0 / 103,31.3 / 106
35636,NY,Blue,M,72,72.7,97.3,133,36.8,35.9,36.8,136,35.9,129,49.4,47.9,36.8 / 136,35.9 / 129
35636,NY,White,M,72,70.9,94.8,129,35.8,35.1,35.8,128,35.1,129,47.7,47.1,35.8 / 128,35.1 / 129
35636,NY,Green,M,72,69.2,92.5,126,34.6,34.6,34.6,124,34.6,127,46.1,46.4,34.6 / 124,34.6 / 127
35636,NY,Gold,M,72,67.5,90.0,121,33.9,33.6,33.9,118,33.6,124,44.9,45.1,33.9 / 118,33.6 / 124
35636,NY,Yellow,M,72,66.6,88.7,119,33.4,33.2,33.4,116,33.2,122,44.2,44.5,33.4 / 116,33.2 / 122
35636,NY,Red,M,72,66.4,88.4,119,33.3,33.1,33.3,116,33.1,121,44.1,44.3,33.3 / 116,33.1 / 121
35636,NY,Red,F,72,71.1,99.1,119,35.6,35.5,35.6,120,35.5,118,49.7,49.4,35.6 / 120,35.5 / 118
35636,NY,Silver,F,72,68.1,94.4,112,34.1,34.0,34.1,112,34.0,111,47.3,47.1,34.1 / 112,34.0 / 111
35636,NY,Forward,F,72,63.3,87.2,102,32.0,31.3,32.0,103,31.3,100,44.1,43.1,32.0 / 103,31.3 / 100
6634,NY,Blue,M,72,68.3,90.0,117,34.2,34.1,34.2,114,34.1,119,44.8,45.2,34.2 / 114,34.1 / 119
6634,NY,White,M,72,67.0,88.3,115,33.5,33.5,33.5,115,33.5,115,44.2,44.1,33.5 / 115,33.5 / 115
6634,NY,White,F,72,73.2,101.5,120,36.4,36.8,36.4,119,36.8,121,50.4,51.1,36.4 / 119,36.8 / 121
6634,NY,Red,F,72,67.4,94.2,114,33.7,33.7,33.7,113,33.7,114,47.0,47.2,33.7 / 113,33.7 / 114
6830,NY,Blue,M,72,74.0,98.9,135,37.0,37.0,37.0,134,37.0,135,49.4,49.5,37.0 / 134,37.0 / 135
6830,NY,White,M,72,70.9,95.0,130,35.1,35.8,35.1,128,35.8,131,47.0,48.0,35.1 / 128,35.8 / 131
6830,NY,Gold,M,72,67.0,89.3,120,33.1,33.9,33.1,118,33.9,122,44.1,45.2,33.1 / 118,33.9 / 122
6830,NY,Red,M,72,66.0,88.0,119,32.4,33.6,32.4,115,33.6,122,43.1,44.9,32.4 / 115,33.6 / 122
6830,NY,White,F,72,77.2,109.4,137,38.2,39.0,38.2,134,39.0,139,54.0,55.4,38.2 / 134,39.0 / 139
6830,NY,Gold,F,72,72.6,102.5,127,35.7,36.9,35.7,125,36.9,129,50.4,52.1,35.7 / 125,36.9 / 129
6830,NY,Red,F,72,71.6,101.0,125,35.0,36.6,35.0,123,36.6,126,49.5,51.5,35.0 / 123,36.6 / 126
6886,NY,Blue,M,72,73.4,97.5,130,36.2,37.2,36.2,129,37.2,130,48.2,49.3,36.2 / 129,37.2 / 130
6886,NY,White,M,72,71.6,95.1,127,35.5,36.1,35.5,127,36.1,126,47.3,47.8,35.5 / 127,36.1 / 126
6886,NY,Gold,M,72,68.1,90.7,122,33.9,34.2,33.9,119,34.2,124,45.0,45.7,33.9 / 119,34.2 / 124
6886,NY,White,F,72,77.8,108.5,130,38.6,39.2,38.6,134,39.2,126,54.4,54.1,38.6 / 134,39.2 / 126
6886,NY,Gold,F,72,73.9,102.8,123,36.8,37.1,36.8,126,37.1,119,51.7,51.1,36.8 / 126,37.1 / 119
6886,NY,Red,F,72,70.4,97.9,117,35.8,34.6,35.8,118,34.6,115,49.7,48.2,35.8 / 118,34.6 / 115
9304,NY,#1,M,70,69.2,91.4,120,34.4,34.8,34.4,116,34.8,123,45.2,46.2,34.4 / 116,34.8 / 123
9304,NY,#2,M,70,68.3,90.1,118,34.0,34.3,34.0,114,34.3,121,44.6,45.5,34.0 / 114,34.3 / 121
9304,NY,#3,M,70,67.0,88.1,114,33.3,33.7,33.3,113,33.7,114,43.8,44.3,33.3 / 113,33.7 / 114
9304,NY,#4,M,70,63.6,83.1,105,31.6,32.0,31.6,103,32.0,107,41.2,41.9,31.6 / 103,32.0 / 107
9304,NY,#5,M,70,61.6,80.5,102,30.8,30.8,30.8,101,30.8,102,40.2,40.3,30.8 / 101,30.8 / 102
9304,NY,#3,F,70,71.8,99.2,116,35.7,36.1,35.7,118,36.1,114,49.6,49.6,35.7 / 118,36.1 / 114
9304,NY,#4,F,70,68.1,93.9,110,33.8,34.3,33.8,112,34.3,107,47.0,46.9,33.8 / 112,34.3 / 107
9304,NY,#5,F,70,64.7,88.9,103,32.3,32.4,32.3,105,32.4,100,44.7,44.2,32.3 / 105,32.4 / 100
3869,NY,Blue,M,71,68.7,90.7,119,33.3,35.4,33.3,107,35.4,130,43.2,47.5,33.3 / 107,35.4 / 130
3869,NY,White,M,71,67.0,88.5,116,32.8,34.2,32.8,105,34.2,126,42.6,45.9,32.8 / 105,34.2 / 126
3869,NY,Gold,M,71,63.3,81.8,100,31.1,32.2,31.1,95,32.2,104,39.9,41.9,31.1 / 95,32.2 / 104
3869,NY,Red,F,74,66.4,91.2,105,32.8,33.6,32.8,100,33.6,110,44.6,46.6,32.8 / 100,33.6 / 110
21187,NY,Black,M,70,71.5,95.2,128,35.8,35.7,35.8,124,35.7,131,47.3,47.9,35.8 / 124,35.7 / 131
21187,NY,White,M,70,70.0,92.8,123,35.0,35.0,35.0,123,35.0,123,46.4,46.4,35.0 / 123,35.0 / 123
21187,NY,White/Gold,M,71,67.3,89.3,118,33.6,33.7,33.6,117,33.7,119,44.5,44.8,33.6 / 117,33.7 / 119
21187,NY,Gold,M,72,65.6,85.9,110,33.0,32.6,33.0,111,32.6,108,43.3,42.6,33.0 / 111,32.6 / 108
21187,NY,Red,F,71,68.6,96.2,117,34.5,34.1,34.5,118,34.1,116,48.4,47.8,34.5 / 118,34.1 / 116
3666,NY,Black,M,72,73.7,98.7,135,36.7,37.0,36.7,130,37.0,139,48.8,49.9,36.7 / 130,37.0 / 139
3666,NY,White,M,72,71.4,95.5,130,35.2,36.2,35.2,129,36.2,130,47.2,48.3,35.2 / 129,36.2 / 130
3666,NY,Gold,M,72,67.0,89.5,121,33.3,33.7,33.3,124,33.7,118,44.8,44.7,33.3 / 124,33.7 / 118
3666,NY,Gold/Red Combo,M,72,66.1,88.3,120,33.0,33.1,33.0,123,33.1,116,44.4,43.9,33.0 / 123,33.1 / 116
3666,NY,Red,M,72,63.2,84.0,112,31.2,32.0,31.2,116,32.0,108,42.0,42.0,31.2 / 116,32.0 / 108
3666,NY,Gold,F,74,72.2,102.0,127,35.8,36.4,35.8,125,36.4,128,50.5,51.5,35.8 / 125,36.4 / 128
3666,NY,Gold/Red Combo,F,74,70.8,100.4,126,35.3,35.5,35.3,125,35.5,126,50.0,50.4,35.3 / 125,35.5 / 126
3666,NY,Red,F,74,67.4,94.5,115,32.9,34.5,32.9,111,34.5,119,46.0,48.5,32.9 / 111,34.5 / 119
3715,NY,Blue,M,70,69.2,92.4,125,34.1,35.1,34.1,127,35.1,123,45.9,46.5,34.1 / 127,35.1 / 123
3715,NY,White,M,70,66.9,89.6,123,33.3,33.6,33.3,124,33.6,121,44.8,44.8,33.3 / 124,33.6 / 121
3715,NY,Gold,M,70,64.8,85.8,113,32.2,32.6,32.2,114,32.6,112,42.8,43.0,32.2 / 114,32.6 / 112
3715,NY,Red,M,70,63.4,84.1,112,31.6,31.8,31.6,112,31.8,111,42.0,42.1,31.6 / 112,31.8 / 111
3715,NY,White,F,71,72.5,102.4,127,36.1,36.4,36.1,126,36.4,127,51.0,51.4,36.1 / 126,36.4 / 127
3715,NY,Gold,F,71,69.7,98.8,124,34.7,35.0,34.7,123,35.0,124,49.2,49.6,34.7 / 123,35.0 / 124
3715,NY,Red,F,71,68.0,96.2,120,33.8,34.2,33.8,117,34.2,122,47.6,48.6,33.8 / 117,34.2 / 122
32630,NY,Blue,M,71,67.8,90.5,122,32.4,35.4,32.4,118,35.4,126,43.4,47.1,32.4 / 118,35.4 / 126
32630,NY,White,M,71,66.5,88.4,118,32.1,34.4,32.1,116,34.4,119,42.9,45.5,32.1 / 116,34.4 / 119
32630,NY,Gold,M,71,63.2,83.0,107,31.0,32.2,31.0,102,32.2,111,40.5,42.5,31.0 / 102,32.2 / 111
32630,NY,Red,M,71,62.8,82.1,104,30.9,31.9,30.9,99,31.9,109,40.1,42.0,30.9 / 99,31.9 / 109
32630,NY,Black,M,71,56.4,73.4,92,26.7,29.7,26.7,81,29.7,102,34.2,39.2,26.7 / 81,29.7 / 102
32630,NY,White,F,73,72.3,100.7,121,35.0,37.3,35.0,116,37.3,125,48.7,52.0,35.0 / 116,37.3 / 125
32630,NY,Gold,F,73,67.9,94.1,111,33.0,34.9,33.0,105,34.9,117,45.4,48.7,33.0 / 105,34.9 / 117
32630,NY,Red,F,73,67.1,92.8,109,32.8,34.3,32.8,103,34.3,115,44.9,47.9,32.8 / 103,34.3 / 115
32630,NY,Black,F,73,58.2,78.8,88,27.9,30.3,27.9,77,30.3,98,37.0,41.8,27.9 / 77,30.3 / 98
3675,NY,Black,M,72,73.4,99.5,140,37.7,35.7,37.7,147,35.7,133,51.4,48.1,37.7 / 147,35.7 / 133
3675,NY,Blue,M,72,71.8,97.2,137,36.7,35.1,36.7,142,35.1,131,49.9,47.3,36.7 / 142,35.1 / 131
3675,NY,White,M,72,69.9,94.6,133,35.8,34.1,35.8,136,34.1,130,48.4,46.2,35.8 / 136,34.1 / 130
3675,NY,Gold,M,72,66.5,89.1,122,34.1,32.4,34.1,124,32.4,119,45.6,43.5,34.1 / 124,32.4 / 119
3675,NY,Red,M,72,64.9,86.6,117,33.1,31.8,33.1,122,31.8,112,44.4,42.2,33.1 / 122,31.8 / 112
3675,NY,Silver,M,72,61.2,80.0,101,30.9,30.3,30.9,103,30.3,99,40.5,39.5,30.9 / 103,30.3 / 99
3675,NY,Gold,F,72,72.2,103.1,131,36.9,35.3,36.9,132,35.3,130,52.5,50.6,36.9 / 132,35.3 / 130
3675,NY,Red,F,72,70.1,99.6,125,35.8,34.3,35.8,127,34.3,123,50.8,48.8,35.8 / 127,34.3 / 123
3675,NY,Silver,F,72,64.1,90.0,110,32.7,31.4,32.7,114,31.4,106,46.1,43.9,32.7 / 114,31.4 / 106
3797,NY,Gold,M,72,74.8,100.2,137,37.6,37.2,37.6,142,37.2,131,50.8,49.4,37.6 / 142,37.2 / 131
3797,NY,Blue,M,72,71.0,94.7,128,35.9,35.1,35.9,132,35.1,123,48.2,46.5,35.9 / 132,35.1 / 123
3797,NY,White,M,72,68.6,90.6,119,34.7,33.9,34.7,122,33.9,115,46.0,44.6,34.7 / 122,33.9 / 115
3797,NY,Green,M,72,66.6,87.9,115,33.6,33.0,33.6,119,33.0,110,44.7,43.2,33.6 / 119,33.0 / 110
3797,NY,Green,F,75,70.9,100.4,125,35.9,35.0,35.9,130,35.0,120,51.2,49.2,35.9 / 130,35.0 / 120
3797,NY,Red,F,75,69.2,97.4,120,35.1,34.1,35.1,126,34.1,114,49.9,47.5,35.1 / 126,34.1 / 114
6816,NY,Black,M,71,72.9,98.2,136,36.2,36.7,36.2,132,36.7,140,48.5,49.7,36.2 / 132,36.7 / 140
6816,NY,Strong,M,71,72.0,96.9,134,35.7,36.3,35.7,132,36.3,136,48.0,48.9,35.7 / 132,36.3 / 136
6816,NY,Blue,M,71,71.2,95.7,132,35.4,35.8,35.4,130,35.8,133,47.5,48.2,35.4 / 130,35.8 / 133
6816,NY,Emmet,M,71,70.5,94.6,130,35.0,35.5,35.0,128,35.5,131,46.9,47.7,35.0 / 128,35.5 / 131
6816,NY,White,M,71,70.3,94.3,129,34.9,35.4,34.9,127,35.4,130,46.7,47.6,34.9 / 127,35.4 / 130
6816,NY,Gold Tribute,M,71,68.8,90.7,118,34.0,34.8,34.0,116,34.8,119,44.8,45.9,34.0 / 116,34.8 / 119
6816,NY,Gold,M,71,67.0,89.4,121,33.1,33.9,33.1,121,33.9,121,44.3,45.1,33.1 / 121,33.9 / 121
6816,NY,White,F,71,76.6,109.2,138,37.8,38.8,37.8,134,38.8,142,53.6,55.6,37.8 / 134,38.8 / 142
6816,NY,Gold,F,71,72.7,103.3,130,35.7,37.0,35.7,124,37.0,136,50.3,53.0,35.7 / 124,37.0 / 136
6816,NY,Green,F,71,70.4,100.2,127,34.9,35.5,34.9,124,35.5,129,49.5,50.7,34.9 / 124,35.5 / 129
3738,NY,Blue,M,71,72.4,98.2,139,36.7,35.7,36.7,141,35.7,137,49.8,48.4,36.7 / 141,35.7 / 137
3738,NY,White,M,71,69.2,94.1,134,34.6,34.6,34.6,132,34.6,136,46.9,47.2,34.6 / 132,34.6 / 136
3738,NY,Gold,M,71,66.0,88.0,118,32.9,33.1,32.9,118,33.1,118,43.9,44.1,32.9 / 118,33.1 / 118
3738,NY,Red,M,71,63.5,84.2,112,31.9,31.6,31.9,111,31.6,112,42.2,42.0,31.9 / 111,31.6 / 112
3738,NY,White,F,71,75.8,108.6,139,37.8,38.0,37.8,138,38.0,140,54.1,54.5,37.8 / 138,38.0 / 140
3738,NY,Gold,F,71,71.1,101.5,129,35.5,35.6,35.5,126,35.6,131,50.4,51.1,35.5 / 126,35.6 / 131
3738,NY,Red,F,71,67.8,95.6,118,34.3,33.5,34.3,117,33.5,119,48.1,47.5,34.3 / 117,33.5 / 119
3717,NY,Black,M,72,70.2,93.8,127,35.5,34.7,35.5,130,34.7,124,47.6,46.2,35.5 / 130,34.7 / 124
3717,NY,White,M,72,68.2,91.1,124,34.5,33.7,34.5,124,33.7,123,46.0,45.1,34.5 / 124,33.7 / 123
3717,NY,Gold,M,72,65.3,85.9,111,32.8,32.5,32.8,111,32.5,111,43.1,42.8,32.8 / 111,32.5 / 111
3717,NY,White,F,72,73.7,104.1,129,37.3,36.4,37.3,130,36.4,128,52.6,51.5,37.3 / 130,36.4 / 128
3717,NY,Gold,F,72,70.4,99.4,123,35.5,34.9,35.5,126,34.9,120,50.3,49.1,35.5 / 126,34.9 / 120
3717,NY,Red,F,72,66.4,92.0,109,33.5,32.9,33.5,113,32.9,104,46.8,45.2,33.5 / 113,32.9 / 104
3319,NY,Blue,M,72,71.8,96.6,134,36.8,35.0,36.8,125,35.0,142,48.4,48.2,36.8 / 125,35.0 / 142
3319,NY,White,M,72,69.0,91.5,122,35.6,33.4,35.6,122,33.4,121,46.9,44.6,35.6 / 122,33.4 / 121
3319,NY,Green,M,73,66.7,87.6,113,33.9,32.8,33.9,116,32.8,109,44.7,42.9,33.9 / 116,32.8 / 109
3319,NY,Red,M,73,64.6,84.8,109,32.7,31.9,32.7,110,31.9,108,42.9,41.9,32.7 / 110,31.9 / 108
3319,NY,White,F,73,75.2,107.6,137,39.1,36.1,39.1,137,36.1,137,55.3,52.3,39.1 / 137,36.1 / 137
3319,NY,Green,F,73,71.2,101.4,128,36.5,34.7,36.5,130,34.7,126,51.8,49.6,36.5 / 130,34.7 / 126
3319,NY,Red,F,73,68.2,95.8,117,35.1,33.1,35.1,120,33.1,114,49.2,46.6,35.1 / 120,33.1 / 114
20797,NY,Black,M,70,73.4,98.9,138,36.5,36.9,36.5,136,36.9,139,49.1,49.8,36.5 / 136,36.9 / 139
20797,NY,Blue,M,70,71.7,96.9,136,35.6,36.1,35.6,136,36.1,136,48.2,48.7,35.6 / 136,36.1 / 136
20797,NY,Green,M,70,70.5,95.1,133,35.0,35.5,35.0,133,35.5,133,47.3,47.8,35.0 / 133,35.5 / 133
20797,NY,Tillie,M,70,68.4,92.3,130,33.5,34.9,33.5,129,34.9,130,45.4,46.9,33.5 / 129,34.9 / 130
20797,NY,Yellow,M,70,67.6,91.3,128,33.3,34.3,33.3,128,34.3,127,45.2,46.1,33.3 / 128,34.3 / 127
20797,NY,White,M,70,65.5,88.9,126,32.8,32.7,32.8,126,32.7,126,44.5,44.4,32.8 / 126,32.7 / 126
20797,NY,Green,F,73,75.5,108.1,139,37.2,38.3,37.2,137,38.3,140,53.3,54.8,37.2 / 137,38.3 / 140
20797,NY,Yellow,F,73,72.2,103.1,131,35.4,36.8,35.4,129,36.8,133,50.6,52.5,35.4 / 129,36.8 / 133
20797,NY,White,F,73,70.2,99.6,125,34.9,35.3,34.9,126,35.3,123,49.8,49.8,34.9 / 126,35.3 / 123
3768,NY,White,M,71,67.8,90.1,120,33.1,34.7,33.1,123,34.7,117,44.5,45.6,33.1 / 123,34.7 / 117
3768,NY,Gold,M,71,63.0,84.2,114,31.1,31.9,31.1,109,31.9,119,41.2,43.0,31.1 / 109,31.9 / 119
3768,NY,Red,M,71,61.8,82.0,109,30.8,31.0,30.8,107,31.0,111,40.7,41.3,30.8 / 107,31.0 / 111
3768,NY,White,F,71,73.6,104.3,130,36.1,37.5,36.1,131,37.5,129,51.6,52.7,36.1 / 131,37.5 / 129
3768,NY,Gold,F,71,68.0,96.0,119,33.3,34.7,33.3,117,34.7,120,47.1,48.9,33.3 / 117,34.7 / 120
3768,NY,Red,F,71,65.0,91.8,114,32.1,32.9,32.1,114,32.9,114,45.5,46.3,32.1 / 114,32.9 / 114
6727,NY,Black,M,70,72.8,99.5,144,36.5,36.3,36.5,143,36.3,144,49.8,49.7,36.5 / 143,36.3 / 144
6727,NY,Blue,M,70,72.4,98.8,142,36.1,36.3,36.1,143,36.3,141,49.4,49.4,36.1 / 143,36.3 / 141
6727,NY,White,M,70,69.5,93.9,131,34.8,34.7,34.8,133,34.7,129,47.2,46.7,34.8 / 133,34.7 / 129
6727,NY,Gold,M,70,67.9,91.4,127,34.0,33.9,34.0,126,33.9,127,45.7,45.7,34.0 / 126,33.9 / 127
6727,NY,Green,M,70,61.5,82.0,111,30.5,31.0,30.5,110,31.0,111,40.7,41.3,30.5 / 110,31.0 / 111
6727,NY,White,F,72,75.8,109.5,143,37.5,38.3,37.5,142,38.3,143,54.3,55.2,37.5 / 142,38.3 / 143
6727,NY,Gold,F,72,73.5,106.1,138,36.6,36.9,36.6,138,36.9,138,52.9,53.2,36.6 / 138,36.9 / 138
6727,NY,Red,F,72,70.7,101.0,129,35.1,35.6,35.1,127,35.6,130,50.1,50.9,35.1 / 127,35.6 / 130
6727,NY,Combo,F,72,68.6,97.0,121,34.0,34.6,34.0,119,34.6,122,48.0,49.0,34.0 / 119,34.6 / 122
6727,NY,Green,F,72,64.3,90.5,112,31.6,32.7,31.6,109,32.7,114,44.4,46.1,31.6 / 109,32.7 / 114
13770,NY,Blue,M,70,68.4,90.1,117,33.2,35.2,33.2,116,35.2,117,44.0,46.1,33.2 / 116,35.2 / 117
13770,NY,White,M,70,66.5,87.3,112,32.1,34.4,32.1,111,34.4,113,42.4,44.9,32.1 / 111,34.4 / 113
13770,NY,Red,M,70,64.9,84.7,107,31.2,33.7,31.2,104,33.7,109,40.9,43.8,31.2 / 104,33.7 / 109
13770,NY,White,F,70,71.9,101.4,125,34.4,37.5,34.4,119,37.5,131,48.4,53.0,34.4 / 119,37.5 / 131
13770,NY,Red,F,70,68.9,96.1,115,32.9,36.0,32.9,109,36.0,121,45.8,50.3,32.9 / 109,36.0 / 121
3752,NY,Blue,M,71,70.1,93.5,126,33.8,36.3,33.8,126,36.3,126,45.5,48.0,33.8 / 126,36.3 / 126
3752,NY,White,M,71,68.6,91.1,122,33.0,35.6,33.0,121,35.6,122,44.2,46.9,33.0 / 121,35.6 / 122
3752,NY,Gold,M,71,65.1,86.2,114,31.5,33.6,31.5,113,33.6,114,42.0,44.2,31.5 / 113,33.6 / 114
3752,NY,Green-Boys,M,71,53.4,69.5,87,26.7,26.7,26.7,89,26.7,84,35.0,34.5,26.7 / 89,26.7 / 84
3752,NY,Red,F,71,68.6,95.8,116,33.8,34.8,33.8,117,34.8,114,47.6,48.2,33.8 / 117,34.8 / 114
3752,NY,Green-Girls,F,71,55.9,76.9,89,27.9,28.0,27.9,93,28.0,85,38.9,38.0,27.9 / 93,28.0 / 85
9344,NY,Black,M,72,71.8,97.0,136,36.0,35.8,36.0,137,35.8,135,48.7,48.3,36.0 / 137,35.8 / 135
9344,NY,Blue,M,72,70.1,94.7,132,35.2,34.9,35.2,132,34.9,132,47.5,47.2,35.2 / 132,34.9 / 132
9344,NY,White,M,72,68.1,90.9,123,34.2,33.9,34.2,124,33.9,122,45.7,45.2,34.2 / 124,33.9 / 122
9344,NY,Red,M,72,64.9,85.7,112,32.4,32.5,32.4,109,32.5,115,42.5,43.2,32.4 / 109,32.5 / 115
9344,NY,Blue,F,72,75.7,110.6,148,37.9,37.8,37.9,148,37.8,148,55.4,55.2,37.9 / 148,37.8 / 148
9344,NY,White,F,72,73.1,106.8,143,36.7,36.4,36.7,142,36.4,143,53.5,53.3,36.7 / 142,36.4 / 143
9344,NY,Red,F,72,69.4,98.8,125,34.5,34.9,34.5,121,34.9,128,48.8,50.0,34.5 / 121,34.9 / 128
3851,NY,Blue,M,72,72.9,98.8,140,36.2,36.7,36.2,140,36.7,139,49.2,49.6,36.2 / 140,36.7 / 139
3851,NY,White,M,72,71.0,95.6,132,35.0,36.0,35.0,133,36.0,131,47.4,48.2,35.0 / 133,36.0 / 131
3851,NY,White / Yellow,M,72,69.6,93.6,129,34.4,35.2,34.4,126,35.2,132,46.1,47.5,34.4 / 126,35.2 / 132
3851,NY,Yellow,M,72,68.1,91.5,126,33.9,34.2,33.9,124,34.2,128,45.4,46.1,33.9 / 124,34.2 / 128
3851,NY,Yellow / Red,M,72,66.5,88.6,119,33.1,33.4,33.1,115,33.4,123,43.8,44.8,33.1 / 115,33.4 / 123
3851,NY,Red,M,72,64.6,85.7,114,32.1,32.5,32.1,111,32.5,116,42.4,43.3,32.1 / 111,32.5 / 116
3851,NY,White,F,72,77.3,109.7,138,38.3,39.0,38.3,136,39.0,139,54.3,55.4,38.3 / 136,39.0 / 139
3851,NY,White / Yellow,F,72,75.7,107.3,134,37.3,38.4,37.3,132,38.4,136,52.9,54.4,37.3 / 132,38.4 / 136
3851,NY,Yellow,F,72,73.7,105.1,133,36.5,37.2,36.5,133,37.2,133,52.2,52.9,36.5 / 133,37.2 / 133
3851,NY,Yellow / Red,F,72,71.8,101.8,127,35.6,36.2,35.6,127,36.2,127,50.6,51.2,35.6 / 127,36.2 / 127
3851,NY,Red,F,72,69.6,98.9,125,34.5,35.1,34.5,124,35.1,125,49.1,49.8,34.5 / 124,35.1 / 125
6926,NY,Blue,M,71,69.1,92.3,125,33.8,35.3,33.8,119,35.3,130,44.9,47.4,33.8 / 119,35.3 / 130
6926,NY,White,M,71,67.5,89.9,121,33.3,34.2,33.3,117,34.2,124,44.2,45.7,33.3 / 117,34.2 / 124
6926,NY,Gold,M,71,64.4,84.8,110,31.8,32.6,31.8,107,32.6,113,41.7,43.1,31.8 / 107,32.6 / 113
6926,NY,Red,M,71,62.7,82.0,104,31.0,31.7,31.0,102,31.7,105,40.5,41.5,31.0 / 102,31.7 / 105
6926,NY,White,F,72,73.2,101.2,119,36.2,37.0,36.2,113,37.0,125,49.5,51.7,36.2 / 113,37.0 / 125
6926,NY,Gold,F,72,69.2,95.5,112,34.0,35.2,34.0,109,35.2,114,46.8,48.7,34.0 / 109,35.2 / 114
6926,NY,Red,F,72,67.4,92.5,107,33.0,34.4,33.0,103,34.4,110,45.1,47.4,33.0 / 103,34.4 / 110
6589,NY,Championship,M,70,73.3,98.9,138,37.0,36.3,37.0,132,36.3,143,49.3,49.6,37.0 / 132,36.3 / 143
6589,NY,Black,M,70,72.7,98.1,137,36.7,36.0,36.7,132,36.0,141,49.0,49.1,36.7 / 132,36.0 / 141
6589,NY,Black/Blue,M,70,71.7,96.5,134,36.1,35.6,36.1,129,35.6,138,48.1,48.4,36.1 / 129,35.6 / 138
6589,NY,Blue,M,70,71.0,95.7,133,35.7,35.3,35.7,131,35.3,135,47.9,47.8,35.7 / 131,35.3 / 135
6589,NY,Blue/White,M,70,69.8,94.3,131,35.0,34.8,35.0,131,34.8,132,47.2,47.1,35.0 / 131,34.8 / 132
6589,NY,White,M,70,69.1,93.1,129,34.7,34.4,34.7,129,34.4,129,46.7,46.4,34.7 / 129,34.4 / 129
6589,NY,Red,M,70,67.7,90.8,125,33.9,33.8,33.9,124,33.8,125,45.4,45.4,33.9 / 124,33.8 / 125
6589,NY,White,F,73,74.9,106.9,136,37.8,37.1,37.8,136,37.1,136,53.8,53.1,37.8 / 136,37.1 / 136
6589,NY,Red,F,73,73.1,104.6,134,36.8,36.3,36.8,134,36.3,133,52.6,52.0,36.8 / 134,36.3 / 133
6589,NY,Forward,F,74,71.2,101.7,130,36.4,34.8,36.4,130,34.8,129,51.7,50.0,36.4 / 130,34.8 / 129
6879,NY,Back,M,71,74.7,101.1,142,37.4,37.3,37.4,138,37.3,146,50.2,50.9,37.4 / 138,37.3 / 146
6879,NY,Composite,M,71,73.4,99.3,140,36.8,36.6,36.8,136,36.6,143,49.4,49.9,36.8 / 136,36.6 / 143
6879,NY,Member,M,71,71.6,96.9,137,36.0,35.6,36.0,137,35.6,136,48.7,48.2,36.0 / 137,35.6 / 136
6879,NY,Short,M,71,70.2,94.9,133,35.1,35.1,35.1,138,35.1,128,47.9,47.0,35.1 / 138,35.1 / 128
6879,NY,Forward,M,71,66.0,89.2,125,32.8,33.2,32.8,128,33.2,122,44.7,44.5,32.8 / 128,33.2 / 122
6879,NY,Short,F,72,76.0,108.8,139,37.8,38.2,37.8,140,38.2,138,54.3,54.5,37.8 / 140,38.2 / 138
6879,NY,Forward,F,71,70.5,100.1,126,34.8,35.7,34.8,120,35.7,131,49.0,51.1,34.8 / 120,35.7 / 131
6590,NY,Black,M,70,71.9,96.2,131,35.8,36.1,35.8,135,36.1,127,48.3,47.9,35.8 / 135,36.1 / 127
6590,NY,Black/Gold,M,70,71.2,95.1,129,35.3,35.9,35.3,131,35.9,126,47.5,47.6,35.3 / 131,35.9 / 126
6590,NY,Gold,M,70,70.5,94.0,127,35.0,35.5,35.0,130,35.5,123,47.1,46.9,35.0 / 130,35.5 / 123
6590,NY,Gold/Blue,M,70,69.4,92.5,124,34.1,35.3,34.1,130,35.3,118,46.2,46.3,34.1 / 130,35.3 / 118
6590,NY,Blue,M,70,68.3,90.9,122,33.5,34.8,33.5,125,34.8,118,45.1,45.8,33.5 / 125,34.8 / 118
6590,NY,Black Temp 9,M,34,34.8,46.1,122,34.8,,34.8,122,,,46.1,,34.8 / 122,/
6590,NY,Gold Temp 9,M,34,34.1,44.9,116,34.1,,34.1,116,,,44.9,,34.1 / 116,/
6590,NY,Blue Temp 9,M,34,33.1,43.6,113,33.1,,33.1,113,,,43.6,,33.1 / 113,/
6590,NY,Gold,F,71,76.4,108.9,138,37.8,38.6,37.8,136,38.6,140,53.7,55.2,37.8 / 136,38.6 / 140
6590,NY,Blue,F,71,73.9,105.3,133,36.2,37.7,36.2,128,37.7,138,51.3,54.0,36.2 / 128,37.7 / 138
6590,NY,Blue/Green,F,71,72.8,103.8,132,35.7,37.1,35.7,128,37.1,135,50.8,53.0,35.7 / 128,37.1 / 135
6590,NY,Green,F,71,71.6,101.8,128,35.0,36.6,35.0,124,36.6,132,49.6,52.2,35.0 / 124,36.6 / 132
6590,NY,Blue Temp 9,F,34,35.7,50.8,128,35.7,,35.7,128,,,50.8,,35.7 / 128,/
6590,NY,Green Temp 9,F,34,34.8,49.3,123,34.8,,34.8,123,,,49.3,,34.8 / 123,/
13809,NY,Back,M,73,74.0,100.2,141,37.0,37.0,37.0,141,37.0,141,50.1,50.1,37.0 / 141,37.0 / 141
13809,NY,Hybrid,M,73,72.6,98.6,140,36.2,36.4,36.2,141,36.4,139,49.3,49.3,36.2 / 141,36.4 / 139
13809,NY,Middle,M,73,71.0,97.0,140,35.3,35.7,35.3,140,35.7,140,48.3,48.7,35.3 / 140,35.7 / 140
13809,NY,Middle/Front,M,73,68.2,91.3,125,33.8,34.4,33.8,121,34.4,128,45.0,46.3,33.8 / 121,34.4 / 128
13809,NY,Front,M,73,65.7,86.6,112,32.8,32.9,32.8,110,32.9,114,43.0,43.6,32.8 / 110,32.9 / 114
13732,NY,Blue,M,70,72.3,96.8,132,35.6,36.7,35.6,133,36.7,130,48.0,48.8,35.6 / 133,36.7 / 130
13732,NY,Blue/White,M,70,71.0,95.1,130,34.7,36.3,34.7,129,36.3,130,46.7,48.4,34.7 / 129,36.3 / 130
13732,NY,White,M,70,70.1,93.7,127,34.2,35.9,34.2,125,35.9,129,45.8,47.9,34.2 / 125,35.9 / 129
13732,NY,White/Gold,M,70,68.2,91.8,127,33.2,35.0,33.2,123,35.0,131,44.6,47.2,33.2 / 123,35.0 / 131
13732,NY,White/Red,M,70,66.8,88.9,119,32.5,34.3,32.5,119,34.3,118,43.6,45.3,32.5 / 119,34.3 / 118
13732,NY,Gold,M,70,66.1,88.5,121,32.3,33.8,32.3,118,33.8,123,43.3,45.2,32.3 / 118,33.8 / 123
13732,NY,Gold/Red,M,70,65.0,87.1,119,32.1,32.9,32.1,118,32.9,119,43.1,44.0,32.1 / 118,32.9 / 119
13732,NY,Red,M,70,63.6,85.3,117,31.4,32.2,31.4,116,32.2,117,42.2,43.1,31.4 / 116,32.2 / 117
13732,NY,Red/Silver,M,70,62.2,83.3,114,30.7,31.5,30.7,114,31.5,113,41.3,42.0,30.7 / 114,31.5 / 113
13732,NY,Silver,M,70,60.3,80.4,107,29.5,30.8,29.5,110,30.8,104,39.8,40.6,29.5 / 110,30.8 / 104
13732,NY,Blue,F,70,78.2,111.3,140,38.4,39.8,38.4,138,39.8,142,54.7,56.6,38.4 / 138,39.8 / 142
13732,NY,Blue/White,F,70,77.6,110.3,139,37.9,39.7,37.9,135,39.7,142,53.8,56.5,37.9 / 135,39.7 / 142
13732,NY,White,F,70,76.5,108.6,136,37.3,39.2,37.3,133,39.2,139,53.0,55.6,37.3 / 133,39.2 / 139
13732,NY,White/Gold,F,70,73.6,103.6,128,36.0,37.6,36.0,129,37.6,126,51.2,52.4,36.0 / 129,37.6 / 126
13732,NY,White/Red,F,70,72.8,103.1,129,35.4,37.4,35.4,125,37.4,132,50.1,53.0,35.4 / 125,37.4 / 132
13732,NY,Gold,F,70,71.0,99.6,122,34.9,36.1,34.9,124,36.1,119,49.5,50.1,34.9 / 124,36.1 / 119
13732,NY,Gold/Red,F,70,70.2,98.6,121,34.6,35.6,34.6,121,35.6,120,48.9,49.7,34.6 / 121,35.6 / 120
13732,NY,Red,F,70,68.9,97.2,120,33.9,35.0,33.9,119,35.0,121,47.9,49.3,33.9 / 119,35.0 / 121
13732,NY,Red/Silver,F,70,66.6,93.8,116,32.9,33.7,32.9,114,33.7,117,46.3,47.5,32.9 / 114,33.7 / 117
13732,NY,Silver,F,70,64.0,90.4,112,31.2,32.8,31.2,109,32.8,115,44.0,46.4,31.2 / 109,32.8 / 115
3786,NY,Blue,M,71,69.2,91.4,120,33.5,35.7,33.5,122,35.7,117,44.8,46.6,33.5 / 122,35.7 / 117
3786,NY,White,M,71,66.1,86.4,110,32.0,34.1,32.0,108,34.1,111,42.0,44.4,32.0 / 108,34.1 / 111
3786,NY,Gold,M,71,63.6,81.7,98,31.0,32.6,31.0,95,32.6,100,39.8,41.9,31.0 / 95,32.6 / 100
3786,NY,Red,F,71,65.8,90.3,104,31.9,33.9,31.9,103,33.9,105,44.0,46.3,31.9 / 103,33.9 / 105
3324,NY,Blue,M,71,70.6,92.4,118,34.8,35.8,34.8,113,35.8,122,45.3,47.1,34.8 / 113,35.8 / 122
3324,NY,White,M,71,69.2,89.7,111,34.0,35.2,34.0,107,35.2,114,43.9,45.8,34.0 / 107,35.2 / 114
3324,NY,Gold,M,71,66.3,86.5,109,32.4,33.9,32.4,105,33.9,112,42.2,44.3,32.4 / 105,33.9 / 112
3324,NY,Red,M,71,65.7,85.6,107,32.0,33.7,32.0,102,33.7,112,41.5,44.1,32.0 / 102,33.7 / 112
3324,NY,White,F,71,74.9,104.8,127,36.8,38.1,36.8,125,38.1,129,51.5,53.3,36.8 / 125,38.1 / 129
3324,NY,Gold,F,71,71.6,99.5,118,35.0,36.6,35.0,114,36.6,122,48.5,51.0,35.0 / 114,36.6 / 122
3324,NY,Red,F,71,71.0,98.5,117,34.5,36.5,34.5,112,36.5,121,47.7,50.8,34.5 / 112,36.5 / 121
3325,NY,White,M,67,65.2,85.4,109,33.8,31.4,33.8,113,31.4,104,44.3,41.1,33.8 / 113,31.4 / 104
3325,NY,Red,M,67,62.4,81.3,102,32.0,30.4,32.0,108,30.4,96,42.0,39.3,32.0 / 108,30.4 / 96
3325,NY,White,F,67,70.4,97.1,113,36.5,33.9,36.5,120,33.9,106,50.7,46.4,36.5 / 120,33.9 / 106
3325,NY,Red,F,67,66.6,91.2,105,34.7,31.9,34.7,111,31.9,98,47.8,43.4,34.7 / 111,31.9 / 98
3366,NY,Blue/White,M,71,70.0,93.4,126,35.2,34.8,35.2,124,34.8,128,46.7,46.7,35.2 / 124,34.8 / 128
3366,NY,Yellow/Red,M,71,66.2,88.5,120,33.6,32.6,33.6,121,32.6,119,44.8,43.7,33.6 / 121,32.6 / 119
3366,NY,Blue/White,F,73,75.7,106.5,131,37.9,37.8,37.9,133,37.8,128,53.6,52.9,37.9 / 133,37.8 / 128
3366,NY,Yellow/Red,F,72,72.2,101.2,123,36.6,35.6,36.6,125,35.6,121,51.3,49.9,36.6 / 125,35.6 / 121
26157,NY,Blue-Blue,M,72,68.4,89.0,111,34.2,34.2,34.2,111,34.2,111,44.5,44.5,34.2 / 111,34.2 / 111
26157,NY,White-White,M,72,66.4,86.8,110,33.2,33.2,33.2,110,33.2,110,43.4,43.4,33.2 / 110,33.2 / 110
26157,NY,Gold-Gold,M,72,63.4,83.0,105,31.7,31.7,31.7,105,31.7,105,41.5,41.5,31.7 / 105,31.7 / 105
26157,NY,Blue,M,36,34.2,44.5,111,34.2,,34.2,111,,,44.5,,34.2 / 111,/
26157,NY,White,M,36,33.2,43.4,110,33.2,,33.2,110,,,43.4,,33.2 / 110,/
26157,NY,Gold,M,36,31.7,41.5,105,31.7,,31.7,105,,,41.5,,31.7 / 105,/
26157,NY,Red-Red,F,72,67.6,92.8,107,33.8,33.8,33.8,107,33.8,107,46.4,46.4,33.8 / 107,33.8 / 107
26157,NY,Red,F,36,33.8,46.4,107,33.8,,33.8,107,,,46.4,,33.8 / 107,/
6853,NY,Blue,M,67,65.3,87.3,118,33.1,32.2,33.1,119,32.2,117,44.2,43.1,33.1 / 119,32.2 / 117
6853,NY,White/Gold,M,67,62.9,83.3,110,31.6,31.3,31.6,107,31.3,113,41.5,41.8,31.6 / 107,31.3 / 113
6853,NY,White,M,67,62.4,82.5,108,31.3,31.1,31.3,105,31.1,111,41.1,41.4,31.3 / 105,31.1 / 111
6853,NY,Blue,F,71,69.2,97.9,122,35.6,33.6,35.6,120,33.6,123,49.8,48.1,35.6 / 120,33.6 / 123
6853,NY,White/Gold,F,67,66.6,93.8,116,33.7,32.9,33.7,118,32.9,113,47.6,46.2,33.7 / 118,32.9 / 113
6853,NY,White,F,67,65.9,92.7,114,33.3,32.6,33.3,114,32.6,113,46.8,45.9,33.3 / 114,32.6 / 113
6853,NY,Red,F,66,63.3,88.8,108,32.4,30.9,32.4,112,30.9,104,45.6,43.2,32.4 / 112,30.9 / 104
6707,NY,Black,M,71,72.6,98.5,140,36.2,36.4,36.2,140,36.4,139,49.2,49.3,36.2 / 140,36.4 / 139
6707,NY,Blue,M,71,72.1,97.7,138,36.2,35.9,36.2,141,35.9,135,49.3,48.4,36.2 / 141,35.9 / 135
6707,NY,Blue/White,M,71,71.4,96.8,137,35.8,35.6,35.8,140,35.6,133,48.8,48.0,35.8 / 140,35.6 / 133
6707,NY,White,M,71,70.9,96.1,136,35.5,35.4,35.5,139,35.4,132,48.4,47.7,35.5 / 139,35.4 / 132
6707,NY,Silver,M,71,68.9,93.0,129,34.4,34.5,34.4,131,34.5,127,46.6,46.4,34.4 / 131,34.5 / 127
6707,NY,Silver,F,74,74.5,107.4,139,37.2,37.3,37.2,136,37.3,142,53.2,54.2,37.2 / 136,37.3 / 142
6707,NY,Red,F,74,71.7,102.9,133,35.2,36.5,35.2,128,36.5,137,50.3,52.6,35.2 / 128,36.5 / 137
6707,NY,Gold,F,74,71.0,101.7,130,35.2,35.8,35.2,128,35.8,132,50.3,51.4,35.2 / 128,35.8 / 132
13944,NY,Tee #1,M,72,75.4,101.7,142,37.4,38.0,37.4,135,38.0,149,49.9,51.8,37.4 / 135,38.0 / 149
13944,NY,Tee #2,M,72,72.8,98.1,136,36.2,36.6,36.2,129,36.6,143,48.2,49.9,36.2 / 129,36.6 / 143
13944,NY,Tee #3,M,72,70.4,94.0,127,35.2,35.2,35.2,122,35.2,132,46.5,47.5,35.2 / 122,35.2 / 132
13944,NY,Tee #4,M,72,67.7,89.6,118,33.6,34.1,33.6,113,34.1,123,44.1,45.5,33.6 / 113,34.1 / 123
13944,NY,Tee #5,M,72,64.4,85.2,112,32.0,32.4,32.0,107,32.4,117,41.9,43.3,32.0 / 107,32.4 / 117
13944,NY,Tee #6,M,72,62.2,80.9,101,30.8,31.4,30.8,96,31.4,105,39.7,41.2,30.8 / 96,31.4 / 105
13944,NY,Tee #7,M,72,60.0,78.4,99,29.7,30.3,29.7,95,30.3,103,38.5,39.9,29.7 / 95,30.3 / 103
13944,NY,Tee #8,M,72,58.1,75.6,94,28.8,29.3,28.8,91,29.3,97,37.3,38.3,28.8 / 91,29.3 / 97
13944,NY,Tee #4,F,72,73.0,103.2,128,36.4,36.6,36.4,120,36.6,136,50.6,52.6,36.4 / 120,36.6 / 136
13944,NY,Tee #5,F,72,69.3,97.2,118,34.4,34.9,34.4,116,34.9,120,48.1,49.1,34.4 / 116,34.9 / 120
13944,NY,Tee #6,F,72,65.3,91.9,113,32.4,32.9,32.4,103,32.9,123,44.5,47.4,32.4 / 103,32.9 / 123
13944,NY,Tee #7,F,72,61.6,87.0,108,30.5,31.1,30.5,98,31.1,117,42.1,44.9,30.5 / 98,31.1 / 117
13944,NY,Tee #8,F,72,58.4,82.8,104,28.9,29.5,28.9,97,29.5,110,40.3,42.5,28.9 / 97,29.5 / 110
31603,NY,Black,M,72,75.2,101.2,140,37.6,37.6,37.6,140,37.6,140,50.6,50.6,37.6 / 140,37.6 / 140
31603,NY,White,M,72,68.6,92.4,128,34.3,34.3,34.3,128,34.3,128,46.2,46.2,34.3 / 128,34.3 / 128
31603,NY,Red,F,72,71.2,100.4,124,35.6,35.6,35.6,124,35.6,124,50.2,50.2,35.6 / 124,35.6 / 124
6759,NY,Black,M,72,74.8,100.6,139,37.6,37.2,37.6,140,37.2,138,50.6,50.0,37.6 / 140,37.2 / 138
6759,NY,Black/Blue,M,72,73.8,99.4,137,36.9,36.9,36.9,138,36.9,136,49.8,49.6,36.9 / 138,36.9 / 136
6759,NY,Blue,M,72,72.3,97.3,135,36.1,36.2,36.1,135,36.2,134,48.6,48.7,36.1 / 135,36.2 / 134
6759,NY,Blue/White,M,72,69.9,94.4,133,35.0,34.9,35.0,132,34.9,133,47.2,47.2,35.0 / 132,34.9 / 133
6759,NY,White,M,72,69.0,93.1,130,34.3,34.7,34.3,128,34.7,131,46.2,46.9,34.3 / 128,34.7 / 131
6759,NY,White/Red,M,72,67.4,91.3,129,33.6,33.8,33.6,126,33.8,131,45.3,46.0,33.6 / 126,33.8 / 131
6759,NY,Red,M,72,65.9,89.2,126,32.9,33.0,32.9,123,33.0,128,44.3,44.9,32.9 / 123,33.0 / 128
6759,NY,White,F,72,75.0,106.4,133,37.2,37.8,37.2,133,37.8,133,52.9,53.5,37.2 / 133,37.8 / 133
6759,NY,White/Red,F,72,72.8,104.0,132,36.3,36.5,36.3,133,36.5,131,52.0,52.0,36.3 / 133,36.5 / 131
6759,NY,Red,F,72,71.0,101.0,128,35.6,35.4,35.6,126,35.4,129,50.4,50.6,35.6 / 126,35.4 / 129
31604,NY,Black,M,72,74.4,100.0,138,37.2,37.2,37.2,138,37.2,138,50.0,50.0,37.2 / 138,37.2 / 138
31604,NY,Blue,M,72,72.4,97.2,134,36.2,36.2,36.2,134,36.2,134,48.6,48.6,36.2 / 134,36.2 / 134
31604,NY,White,M,72,69.4,93.8,131,34.7,34.7,34.7,131,34.7,131,46.9,46.9,34.7 / 131,34.7 / 131
31604,NY,White,F,72,75.6,107.0,133,37.8,37.8,37.8,133,37.8,133,53.5,53.5,37.8 / 133,37.8 / 133
31604,NY,Red,F,72,70.8,101.2,129,35.4,35.4,35.4,129,35.4,129,50.6,50.6,35.4 / 129,35.4 / 129
6761,NY,Black,M,72,74.5,99.8,137,37.2,37.3,37.2,138,37.3,135,50.0,49.8,37.2 / 138,37.3 / 135
6761,NY,Black/Blue,M,72,73.5,98.6,135,36.9,36.6,36.9,138,36.6,132,49.7,48.9,36.9 / 138,36.6 / 132
6761,NY,Blue,M,72,72.0,96.6,132,36.2,35.8,36.2,134,35.8,130,48.7,47.9,36.2 / 134,35.8 / 130
6761,NY,Blue/White,M,72,69.8,93.9,130,34.9,34.9,34.9,133,34.9,126,47.3,46.6,34.9 / 133,34.9 / 126
6761,NY,White,M,72,69.1,93.0,129,34.7,34.4,34.7,131,34.4,126,46.9,46.1,34.7 / 131,34.4 / 126
6761,NY,White/Red,M,72,67.7,91.1,126,33.8,33.9,33.8,131,33.9,121,46.0,45.1,33.8 / 131,33.9 / 121
6761,NY,Red,M,71,66.2,88.9,122,33.0,33.2,33.0,128,33.2,116,44.9,44.0,33.0 / 128,33.2 / 116
6761,NY,White,F,72,74.9,106.0,132,37.8,37.1,37.8,133,37.1,131,53.5,52.5,37.8 / 133,37.1 / 131
6761,NY,White/Red,F,72,72.9,103.9,131,36.5,36.4,36.5,131,36.4,131,52.0,51.9,36.5 / 131,36.4 / 131
6761,NY,Red,F,72,71.4,101.3,127,35.4,36.0,35.4,129,36.0,125,50.6,50.7,35.4 / 129,36.0 / 125
31605,NY,Black,M,72,74.6,99.6,135,37.3,37.3,37.3,135,37.3,135,49.8,49.8,37.3 / 135,37.3 / 135
31605,NY,Blue,M,72,71.6,95.8,130,35.8,35.8,35.8,130,35.8,130,47.9,47.9,35.8 / 130,35.8 / 130
31605,NY,White,M,72,68.8,92.2,126,34.4,34.4,34.4,126,34.4,126,46.1,46.1,34.4 / 126,34.4 / 126
31605,NY,White,F,72,74.2,105.0,131,37.1,37.1,37.1,131,37.1,131,52.5,52.5,37.1 / 131,37.1 / 131
31605,NY,Red,F,72,72.0,101.4,125,36.0,36.0,36.0,125,36.0,125,50.7,50.7,36.0 / 125,36.0 / 125
6760,NY,Black,M,72,74.9,100.4,138,37.3,37.6,37.3,135,37.6,140,49.8,50.6,37.3 / 135,37.6 / 140
6760,NY,Black/Blue,M,72,73.5,98.9,137,36.6,36.9,36.6,132,36.9,141,48.9,50.0,36.6 / 132,36.9 / 141
6760,NY,Blue,M,72,71.9,96.5,133,35.8,36.1,35.8,130,36.1,135,47.9,48.6,35.8 / 130,36.1 / 135
6760,NY,Blue/White,M,72,70.3,94.6,131,34.9,35.4,34.9,127,35.4,135,46.7,47.9,34.9 / 127,35.4 / 135
6760,NY,White,M,72,68.7,92.2,127,34.4,34.3,34.4,126,34.3,128,46.0,46.2,34.4 / 126,34.3 / 128
6760,NY,White/Red,M,72,67.5,90.4,124,33.9,33.6,33.9,121,33.6,126,45.1,45.3,33.9 / 121,33.6 / 126
6760,NY,Red,M,71,66.1,88.3,120,33.2,32.9,33.2,116,32.9,123,44.0,44.3,33.2 / 116,32.9 / 123
6760,NY,White,F,72,74.3,105.8,134,37.1,37.2,37.1,134,37.2,134,52.9,53.0,37.1 / 134,37.2 / 134
6760,NY,White/Red,F,72,72.8,103.9,132,36.5,36.3,36.5,131,36.3,133,51.9,52.0,36.5 / 131,36.3 / 133
6760,NY,Red,F,72,71.0,100.6,126,35.4,35.6,35.4,127,35.6,124,50.4,50.2,35.4 / 127,35.6 / 124
6895,NY,Black,M,72,74.2,101.2,141,38.1,36.2,38.1,142,36.2,138,51.4,49.1,38.1 / 142,36.2 / 138
6895,NY,Blue,M,72,72.1,97.3,136,37.0,35.1,37.0,138,35.1,134,49.8,47.5,37.0 / 138,35.1 / 134
6895,NY,Players,M,72,70.4,94.8,133,36.0,34.4,36.0,132,34.4,133,48.2,46.7,36.0 / 132,34.4 / 133
6895,NY,White,M,72,69.1,93.3,131,35.1,34.0,35.1,130,34.0,131,47.2,46.1,35.1 / 130,34.0 / 131
6895,NY,Green,M,71,66.1,89.4,124,33.9,32.2,33.9,123,32.2,126,45.4,44.0,33.9 / 123,32.2 / 126
6895,NY,White,F,72,74.9,106.5,137,38.0,36.9,38.0,138,36.9,135,54.3,52.8,38.0 / 138,36.9 / 135
6895,NY,Green,F,72,71.4,101.2,129,36.5,34.9,36.5,132,34.9,125,51.9,49.6,36.5 / 132,34.9 / 125
3878,NY,Blue,M,71,72.4,97.5,136,35.8,36.6,35.8,136,36.6,135,48.4,49.1,35.8 / 136,36.6 / 135
3878,NY,Blue/White,M,71,71.3,95.7,131,35.6,35.7,35.6,133,35.7,129,48.0,47.7,35.6 / 133,35.7 / 129
3878,NY,White,M,71,70.5,94.5,129,35.2,35.3,35.2,128,35.3,130,47.1,47.4,35.2 / 128,35.3 / 130
3878,NY,White/Green,M,71,68.1,92.0,129,33.9,34.2,33.9,128,34.2,129,45.8,46.2,33.9 / 128,34.2 / 129
3878,NY,Gold,M,71,67.5,90.1,122,33.5,34.0,33.5,119,34.0,124,44.6,45.5,33.5 / 119,34.0 / 124
3878,NY,Green,M,71,66.0,88.3,120,33.0,33.0,33.0,122,33.0,118,44.3,44.0,33.0 / 122,33.0 / 118
3878,NY,Gold/Red,M,71,65.1,86.7,116,32.1,33.0,32.1,117,33.0,115,43.0,43.7,32.1 / 117,33.0 / 115
3878,NY,Red,M,71,63.9,85.2,115,31.8,32.1,31.8,117,32.1,112,42.7,42.5,31.8 / 117,32.1 / 112
3878,NY,White,F,73,76.2,108.3,136,38.0,38.2,38.0,139,38.2,133,54.4,53.9,38.0 / 139,38.2 / 133
3878,NY,White/Green,F,73,73.7,104.1,129,36.4,37.3,36.4,130,37.3,128,51.7,52.4,36.4 / 130,37.3 / 128
3878,NY,Gold,F,73,72.4,102.4,127,35.7,36.7,35.7,128,36.7,126,50.8,51.6,35.7 / 128,36.7 / 126
3878,NY,Green,F,73,70.8,100.6,127,35.2,35.6,35.2,124,35.6,129,49.8,50.8,35.2 / 124,35.6 / 129
3878,NY,Gold/Red,F,73,69.5,97.9,121,34.2,35.3,34.2,117,35.3,124,48.0,49.9,34.2 / 117,35.3 / 124
3878,NY,Red,F,73,68.4,96.4,119,33.8,34.6,33.8,114,34.6,123,47.3,49.1,33.8 / 114,34.6 / 123
6892,NY,Championship,M,72,75.3,102.7,148,37.2,38.1,37.2,146,38.1,149,50.8,51.9,37.2 / 146,38.1 / 149
6892,NY,I,M,72,74.0,100.7,144,36.8,37.2,36.8,144,37.2,143,50.2,50.5,36.8 / 144,37.2 / 143
6892,NY,I/II,M,72,72.8,98.8,140,36.4,36.4,36.4,141,36.4,139,49.5,49.3,36.4 / 141,36.4 / 139
6892,NY,II,M,72,72.0,97.6,138,36.0,36.0,36.0,139,36.0,137,48.9,48.7,36.0 / 139,36.0 / 137
6892,NY,II/III,M,72,70.8,95.8,135,35.4,35.4,35.4,136,35.4,133,48.0,47.8,35.4 / 136,35.4 / 133
6892,NY,III,M,72,69.4,94.2,133,34.6,34.8,34.6,133,34.8,133,47.0,47.2,34.6 / 133,34.8 / 133
6892,NY,III/IV,M,72,67.9,92.1,130,33.9,34.0,33.9,130,34.0,130,46.0,46.1,33.9 / 130,34.0 / 130
6892,NY,IV,M,72,67.2,91.0,128,33.5,33.7,33.5,128,33.7,128,45.4,45.6,33.5 / 128,33.7 / 128
6892,NY,IV/V,M,72,65.1,88.3,125,32.5,32.6,32.5,125,32.6,125,44.1,44.2,32.5 / 125,32.6 / 125
6892,NY,V,M,72,63.8,86.1,120,31.9,31.9,31.9,119,31.9,121,43.0,43.1,31.9 / 119,31.9 / 121
6892,NY,II,F,72,78.3,111.5,141,39.2,39.1,39.2,147,39.1,135,56.5,55.0,39.2 / 147,39.1 / 135
6892,NY,II/III,F,72,76.7,109.3,138,38.4,38.3,38.4,144,38.3,132,55.4,53.9,38.4 / 144,38.3 / 132
6892,NY,III,F,72,75.5,107.4,136,37.6,37.9,37.6,140,37.9,131,54.1,53.3,37.6 / 140,37.9 / 131
6892,NY,III/IV,F,72,73.8,104.9,132,36.9,36.9,36.9,137,36.9,126,53.1,51.8,36.9 / 137,36.9 / 126
6892,NY,IV,F,72,72.9,103.5,130,36.3,36.6,36.3,135,36.6,125,52.2,51.3,36.3 / 135,36.6 / 125
6892,NY,IV/V,F,72,70.8,100.4,126,35.4,35.4,35.4,128,35.4,123,50.5,49.9,35.4 / 128,35.4 / 123
6892,NY,V,F,72,69.3,98.0,122,34.7,34.6,34.7,125,34.6,119,49.4,48.6,34.7 / 125,34.6 / 119
3713,NY,White/Blue,M,72,70.5,92.8,120,35.2,35.3,35.2,119,35.3,121,46.3,46.5,35.2 / 119,35.3 / 121
3713,NY,Brown/Beige,M,72,66.2,87.5,115,33.1,33.1,33.1,111,33.1,118,43.4,44.1,33.1 / 111,33.1 / 118
3713,NY,Red/Yellow,M,72,63.2,82.2,102,31.6,31.6,31.6,99,31.6,105,40.8,41.4,31.6 / 99,31.6 / 105
3713,NY,Brown/Beige,F,72,71.8,100.3,121,35.7,36.1,35.7,120,36.1,121,49.9,50.4,35.7 / 120,36.1 / 121
3713,NY,Red/Yellow,F,72,68.1,94.1,111,34.0,34.1,34.0,109,34.1,112,46.8,47.3,34.0 / 109,34.1 / 112
9354,NY,Blue,M,72,71.8,98.0,141,35.9,35.9,35.9,143,35.9,139,49.2,48.8,35.9 / 143,35.9 / 139
9354,NY,White,M,72,70.7,95.9,136,35.4,35.3,35.4,138,35.3,133,48.2,47.7,35.4 / 138,35.3 / 133
9354,NY,Blended W/R,M,72,68.6,92.5,129,34.0,34.6,34.0,129,34.6,128,46.0,46.5,34.0 / 129,34.6 / 128
9354,NY,Red,M,72,67.3,90.2,124,33.2,34.1,33.2,122,34.1,125,44.5,45.7,33.2 / 122,34.1 / 125
9354,NY,Yellow,M,72,65.0,86.6,116,32.7,32.3,32.7,119,32.3,113,43.8,42.8,32.7 / 119,32.3 / 113
9354,NY,White,F,72,76.9,110.5,143,38.6,38.3,38.6,138,38.3,147,54.9,55.6,38.6 / 138,38.3 / 147
9354,NY,Blended W/R,F,72,74.3,106.2,135,36.9,37.4,36.9,131,37.4,139,52.4,53.8,36.9 / 131,37.4 / 139
9354,NY,Red,F,72,72.4,103.1,131,35.8,36.6,35.8,125,36.6,136,50.5,52.6,35.8 / 125,36.6 / 136
9354,NY,Yellow,F,72,69.5,98.2,122,35.4,34.1,35.4,120,34.1,123,49.6,48.6,35.4 / 120,34.1 / 123
3678,NY,Black,M,71,70.5,94.6,130,35.2,35.3,35.2,129,35.3,130,47.2,47.4,35.2 / 129,35.3 / 130
3678,NY,Blue,M,71,69.2,92.7,127,34.7,34.5,34.7,126,34.5,127,46.4,46.3,34.7 / 126,34.5 / 127
3678,NY,Green,M,71,66.2,88.7,121,33.5,32.7,33.5,123,32.7,119,44.9,43.8,33.5 / 123,32.7 / 119
3678,NY,Gold,M,71,63.7,85.6,118,31.8,31.9,31.8,117,31.9,118,42.7,42.9,31.8 / 117,31.9 / 118
3678,NY,Green,F,75,71.3,100.8,125,36.1,35.2,36.1,126,35.2,124,51.0,49.8,36.1 / 126,35.2 / 124
3678,NY,Gold,F,75,68.3,95.9,117,34.1,34.2,34.1,118,34.2,116,48.0,47.9,34.1 / 118,34.2 / 116
33254,NY,Blue,M,71,67.4,89.9,121,33.0,34.4,33.0,114,34.4,128,43.6,46.3,33.0 / 114,34.4 / 128
33254,NY,White,M,71,67.1,89.2,119,32.9,34.2,32.9,111,34.2,127,43.2,46.0,32.9 / 111,34.2 / 127
33254,NY,Gold,M,71,63.9,85.0,114,31.0,32.9,31.0,105,32.9,122,40.8,44.2,31.0 / 105,32.9 / 122
33254,NY,Red,F,71,67.4,95.3,118,32.5,34.9,32.5,115,34.9,121,46.1,49.2,32.5 / 115,34.9 / 121
3735,NY,Blue,M,71,66.4,87.8,115,32.9,33.5,32.9,113,33.5,117,43.4,44.4,32.9 / 113,33.5 / 117
3735,NY,White,M,71,64.5,84.0,105,32.3,32.3,32.3,108,32.3,101,42.3,41.7,32.3 / 108,32.3 / 101
3735,NY,Gold,M,71,62.4,80.5,98,31.1,31.3,31.1,97,31.3,98,40.1,40.4,31.1 / 97,31.3 / 98
3735,NY,Red,F,71,65.2,90.4,107,32.5,32.8,32.5,106,32.8,107,45.0,45.4,32.5 / 106,32.8 / 107
3824,NY,Blue,M,71,68.4,89.1,112,34.4,34.0,34.4,113,34.0,110,44.9,44.2,34.4 / 113,34.0 / 110
3824,NY,White,M,71,67.4,87.8,110,33.9,33.5,33.9,111,33.5,109,44.2,43.6,33.9 / 111,33.5 / 109
3824,NY,Gold,M,71,63.6,82.4,101,32.4,31.2,32.4,100,31.2,102,41.7,40.7,32.4 / 100,31.2 / 102
3824,NY,Red,M,71,61.7,79.6,97,31.5,30.2,31.5,95,30.2,98,40.3,39.3,31.5 / 95,30.2 / 98
3824,NY,White,F,71,71.9,99.9,119,36.4,35.5,36.4,120,35.5,117,50.6,49.3,36.4 / 120,35.5 / 117
3824,NY,Gold,F,71,67.7,93.5,110,34.6,33.1,34.6,112,33.1,107,47.8,45.7,34.6 / 112,33.1 / 107
3824,NY,Red,F,71,64.9,89.4,104,33.3,31.6,33.3,107,31.6,101,45.9,43.5,33.3 / 107,31.6 / 101
3819,NY,Blue,M,71,70.9,93.6,122,35.4,35.5,35.4,118,35.5,126,46.4,47.2,35.4 / 118,35.5 / 126
3819,NY,White,M,71,69.6,91.4,117,35.0,34.6,35.0,116,34.6,118,45.8,45.6,35.0 / 116,34.6 / 118
3819,NY,Gold,M,71,66.0,85.7,106,33.4,32.6,33.4,110,32.6,102,43.6,42.1,33.4 / 110,32.6 / 102
3819,NY,Red,M,71,63.7,82.5,101,32.0,31.7,32.0,103,31.7,99,41.6,40.9,32.0 / 103,31.7 / 99
3819,NY,White,F,71,75.2,104.6,125,37.9,37.3,37.9,124,37.3,126,52.5,52.1,37.9 / 124,37.3 / 126
3819,NY,Gold,F,71,70.8,97.8,115,36.1,34.7,36.1,115,34.7,114,49.7,48.1,36.1 / 115,34.7 / 114
3819,NY,Red,F,71,67.9,93.5,109,34.3,33.6,34.3,108,33.6,109,47.0,46.5,34.3 / 108,33.6 / 109
9300,NY,White,M,69,66.5,86.3,107,34.0,32.5,34.0,107,32.5,107,43.9,42.4,34.0 / 107,32.5 / 107
9300,NY,Red,M,69,64.1,82.6,100,32.6,31.5,32.6,100,31.5,99,41.9,40.7,32.6 / 100,31.5 / 99
9300,NY,White,F,72,71.8,99.9,119,36.7,35.1,36.7,121,35.1,117,51.0,48.9,36.7 / 121,35.1 / 117
9300,NY,Red,F,72,68.9,94.6,109,35.1,33.8,35.1,109,33.8,109,47.9,46.7,35.1 / 109,33.8 / 109
6699,NY,White/Blue,M,70,65.2,86.0,112,32.3,32.9,32.3,111,32.9,113,42.6,43.4,32.3 / 111,32.9 / 113
6699,NY,Red,M,68,64.0,84.4,110,32.0,32.0,32.0,110,32.0,110,42.2,42.2,32.0 / 110,32.0 / 110
6699,NY,Blue,M,34,32.9,43.3,112,32.9,,32.9,112,,,43.3,,32.9 / 112,/
6699,NY,White,M,34,32.3,42.6,111,32.3,,32.3,111,,,42.6,,32.3 / 111,/
6699,NY,White/Blue,F,70,69.4,96.4,114,34.7,34.7,34.7,114,34.7,114,48.2,48.2,34.7 / 114,34.7 / 114
6699,NY,Red,F,70,66.4,93.6,114,33.2,33.2,33.2,114,33.2,114,46.8,46.8,33.2 / 114,33.2 / 114
3801,NY,Blue,M,72,70.3,93.9,127,34.6,35.7,34.6,127,35.7,127,46.4,47.5,34.6 / 127,35.7 / 127
3801,NY,White,M,72,69.1,92.1,124,33.8,35.3,33.8,123,35.3,125,45.2,46.9,33.8 / 123,35.3 / 125
3801,NY,Gold,M,72,65.4,86.0,111,32.8,32.6,32.8,111,32.6,111,43.1,42.9,32.8 / 111,32.6 / 111
3801,NY,Purple,M,72,63.4,83.0,106,31.6,31.8,31.6,103,31.8,108,41.2,41.8,31.6 / 103,31.8 / 108
3801,NY,Purple,F,72,68.1,94.8,114,33.7,34.4,33.7,113,34.4,114,47.0,47.8,33.7 / 113,34.4 / 114
3801,NY,Orange,F,72,60.5,82.3,93,30.4,30.1,30.4,89,30.1,96,40.9,41.4,30.4 / 89,30.1 / 96
6675,NY,Black,M,70,72.1,97.7,138,35.9,36.2,35.9,138,36.2,138,48.7,49.0,35.9 / 138,36.2 / 138
6675,NY,Black/Navy,M,70,71.1,96.2,136,35.5,35.6,35.5,135,35.6,136,48.0,48.2,35.5 / 135,35.6 / 136
6675,NY,Navy,M,70,70.7,95.7,135,35.3,35.4,35.3,133,35.4,136,47.7,48.0,35.3 / 133,35.4 / 136
6675,NY,Navy/Gold,M,70,69.3,93.4,130,34.5,34.8,34.5,126,34.8,133,46.2,47.2,34.5 / 126,34.8 / 133
6675,NY,Gold,M,70,68.3,92.2,129,33.9,34.4,33.9,127,34.4,130,45.7,46.5,33.9 / 127,34.4 / 130
6675,NY,Gold,F,72,73.1,106.3,137,36.1,37.0,36.1,133,37.0,138,51.8,53.3,36.1 / 133,37.0 / 138
6675,NY,Silver,F,72,69.9,99.7,126,34.3,35.6,34.3,126,35.6,126,49.2,50.5,34.3 / 126,35.6 / 126
6768,NY,Blue,M,71,71.6,95.5,129,34.9,36.7,34.9,118,36.7,139,45.9,49.6,34.9 / 118,36.7 / 139
6768,NY,White,M,71,70.3,93.9,127,34.3,36.0,34.3,117,36.0,137,45.2,48.7,34.3 / 117,36.0 / 137
6768,NY,Combo,M,71,67.0,89.6,122,32.3,34.7,32.3,115,34.7,128,43.0,46.6,32.3 / 115,34.7 / 128
6768,NY,Yellow,M,71,66.1,88.3,120,32.3,33.8,32.3,114,33.8,125,42.9,45.4,32.3 / 114,33.8 / 125
6768,NY,Yellow,F,72,71.6,101.0,125,35.0,36.5,35.0,120,36.5,130,49.2,51.8,35.0 / 120,36.5 / 130
6768,NY,Red,F,72,69.2,97.3,120,33.9,35.3,33.9,114,35.3,125,47.3,50.0,33.9 / 114,35.3 / 125
6762,NY,Black,M,71,74.6,102.3,148,36.5,38.1,36.5,150,38.1,146,50.5,51.8,36.5 / 150,38.1 / 146
6762,NY,Blue,M,71,73.6,100.8,146,36.1,37.5,36.1,148,37.5,144,49.9,50.9,36.1 / 148,37.5 / 144
6762,NY,White,M,71,72.1,97.7,138,35.1,37.0,35.1,139,37.0,137,48.0,49.7,35.1 / 139,37.0 / 137
6762,NY,White/Gold,M,71,70.8,96.8,135,34.5,36.3,34.5,137,36.3,132,47.2,48.6,34.5 / 137,36.3 / 132
6762,NY,Gold,M,71,66.7,88.1,115,32.3,34.4,32.3,110,34.4,120,42.5,45.6,32.3 / 110,34.4 / 120
6762,NY,Red,F,72,70.0,99.6,125,34.0,36.0,34.0,120,36.0,130,48.1,51.5,34.0 / 120,36.0 / 130
20751,NY,Black,M,72,74.7,102.1,148,38.1,36.6,38.1,149,36.6,146,51.9,50.2,38.1 / 149,36.6 / 146
20751,NY,Blue,M,72,72.7,98.2,137,36.8,35.9,36.8,132,35.9,142,49.1,49.1,36.8 / 132,35.9 / 142
20751,NY,White,M,72,69.6,92.6,124,35.3,34.3,35.3,122,34.3,126,46.6,46.0,35.3 / 122,34.3 / 126
20751,NY,Gold,M,71,66.8,88.1,115,33.1,33.7,33.1,118,33.7,111,44.1,44.0,33.1 / 118,33.7 / 111
20751,NY,Red,F,72,69.0,96.4,116,34.9,34.1,34.9,120,34.1,112,49.1,47.3,34.9 / 120,34.1 / 112
20751,NY,Silver,F,72,63.8,87.7,102,31.9,31.9,31.9,102,31.9,101,43.9,43.8,31.9 / 102,31.9 / 101
6923,NY,Black,M,72,73.3,98.6,137,36.9,36.4,36.9,136,36.4,137,49.5,49.1,36.9 / 136,36.4 / 137
6923,NY,White,M,72,70.7,94.9,131,35.8,34.9,35.8,137,34.9,124,48.5,46.4,35.8 / 137,34.9 / 124
6923,NY,White/Green,M,72,70.0,93.8,129,35.2,34.8,35.2,135,34.8,122,47.7,46.1,35.2 / 135,34.8 / 122
6923,NY,Green,M,72,68.6,92.0,126,34.7,33.9,34.7,131,33.9,121,46.9,45.1,34.7 / 131,33.9 / 121
6923,NY,Gold,M,72,66.9,89.7,123,33.7,33.2,33.7,128,33.2,117,45.6,44.1,33.7 / 128,33.2 / 117
6923,NY,White,F,72,77.2,110.0,139,39.3,37.9,39.3,141,37.9,137,55.9,54.1,39.3 / 141,37.9 / 137
6923,NY,Gold,F,72,72.6,103.0,129,36.7,35.9,36.7,130,35.9,128,52.0,51.0,36.7 / 130,35.9 / 128
6923,NY,Red,F,72,69.1,97.4,120,34.6,34.5,34.6,118,34.5,122,48.5,48.9,34.6 / 118,34.5 / 122
13777,NY,White,M,62,59.0,76.4,94,29.5,29.5,29.5,94,29.5,94,38.2,38.2,29.5 / 94,29.5 / 94
13777,NY,Red,M,62,55.6,73.0,93,27.8,27.8,27.8,93,27.8,93,36.5,36.5,27.8 / 93,27.8 / 93
13777,NY,White,F,62,61.2,85.2,102,30.6,30.6,30.6,102,30.6,102,42.6,42.6,30.6 / 102,30.6 / 102
13777,NY,Red,F,62,58.6,79.6,89,29.3,29.3,29.3,89,29.3,89,39.8,39.8,29.3 / 89,29.3 / 89
6800,NY,Gold,M,71,72.0,97.8,138,34.5,37.5,34.5,132,37.5,145,46.8,51.0,34.5 / 132,37.5 / 145
6800,NY,Gold/Blue,M,71,70.6,95.7,135,34.0,36.6,34.0,128,36.6,142,45.9,49.8,34.0 / 128,36.6 / 142
6800,NY,Blue,M,71,70.0,95.4,133,33.6,36.4,33.6,124,36.4,142,45.0,49.6,33.6 / 124,36.4 / 142
6800,NY,Blue/Silver,M,71,69.1,93.7,129,32.9,36.2,32.9,122,36.2,137,44.3,48.9,32.9 / 122,36.2 / 137
6800,NY,Silver,M,71,67.1,90.1,123,31.9,35.2,31.9,120,35.2,126,43.0,46.9,31.9 / 120,35.2 / 126
6800,NY,Family,M,73,56.8,76.1,104,27.4,29.4,27.4,103,29.4,104,37.0,39.1,27.4 / 103,29.4 / 104
6800,NY,Blue,F,72,75.9,108.1,137,36.5,39.4,36.5,128,39.4,145,51.6,56.5,36.5 / 128,39.4 / 145
6800,NY,Silver,F,72,72.3,102.6,129,34.7,37.6,34.7,120,37.6,137,48.9,53.7,34.7 / 120,37.6 / 137
6800,NY,Silver/Red,F,72,68.2,96.4,120,32.9,35.3,32.9,111,35.3,128,46.0,50.4,32.9 / 111,35.3 / 128
6800,NY,Family,F,73,59.4,83.0,100,29.0,30.4,29.0,96,30.4,104,40.3,42.7,29.0 / 96,30.4 / 104
3689,NY,Blue,M,72,70.7,93.6,123,34.2,36.5,34.2,119,36.5,127,45.3,48.3,34.2 / 119,36.5 / 127
3689,NY,White,M,72,67.2,88.9,117,32.4,34.8,32.4,110,34.8,124,42.6,46.3,32.4 / 110,34.8 / 124
3689,NY,Gold,M,72,61.8,80.8,102,30.7,31.1,30.7,99,31.1,105,39.9,40.9,30.7 / 99,31.1 / 105
3689,NY,White,F,72,72.6,102.9,129,35.0,37.6,35.0,123,37.6,134,49.5,53.4,35.0 / 123,37.6 / 134
3689,NY,Gold,F,72,65.8,91.3,108,32.3,33.5,32.3,103,33.5,113,44.5,46.8,32.3 / 103,33.5 / 113
9306,NY,Black,M,72,74.1,98.0,130,36.8,37.3,36.8,128,37.3,131,48.6,49.4,36.8 / 128,37.3 / 131
9306,NY,Gold,M,72,70.9,93.9,125,35.2,35.7,35.2,119,35.7,130,46.2,47.7,35.2 / 119,35.7 / 130
9306,NY,Silver,M,72,68.0,89.9,119,34.0,34.0,34.0,118,34.0,119,44.9,45.0,34.0 / 118,34.0 / 119
9306,NY,Bronze,F,72,69.1,97.1,119,34.4,34.7,34.4,115,34.7,122,48.0,49.1,34.4 / 115,34.7 / 122
9306,NY,Blue,F,72,65.7,91.1,108,32.7,33.0,32.7,107,33.0,109,45.3,45.8,32.7 / 107,33.0 / 109
13779,NY,White,M,68,68.2,90.4,120,34.1,34.1,34.1,120,34.1,120,45.2,45.2,34.1 / 120,34.1 / 120
13779,NY,Red,M,68,66.6,87.2,111,33.2,33.4,33.2,111,33.4,111,43.5,43.7,33.2 / 111,33.4 / 111
13779,NY,White,F,76,73.8,105.1,133,36.8,37.0,36.8,132,37.0,133,52.4,52.7,36.8 / 132,37.0 / 133
13779,NY,Red,F,76,71.4,100.2,122,35.7,35.7,35.7,122,35.7,122,50.1,50.1,35.7 / 122,35.7 / 122
36424,NY,Blue,M,54,53.6,69.0,83,26.8,26.8,26.8,83,26.8,83,34.5,34.5,26.8 / 83,26.8 / 83
36424,NY,Red,M,54,51.8,66.2,77,25.9,25.9,25.9,77,25.9,77,33.1,33.1,25.9 / 77,25.9 / 77
36424,NY,Blue,F,54,55.6,75.4,84,27.8,27.8,27.8,84,27.8,84,37.7,37.7,27.8 / 84,27.8 / 84
36424,NY,Red,F,54,53.8,72.4,79,26.9,26.9,26.9,79,26.9,79,36.2,36.2,26.9 / 79,26.9 / 79
6792,NY,Black,M,72,72.9,97.9,135,37.2,35.7,37.2,135,35.7,135,49.7,48.2,37.2 / 135,35.7 / 135
6792,NY,Blue,M,72,71.6,96.2,132,36.4,35.2,36.4,132,35.2,132,48.7,47.5,36.4 / 132,35.2 / 132
6792,NY,White,M,72,69.5,92.9,126,35.0,34.5,35.0,126,34.5,126,46.7,46.2,35.0 / 126,34.5 / 126
6792,NY,White/Red,F,74,73.3,103.7,129,37.2,36.1,37.2,134,36.1,124,53.0,50.7,37.2 / 134,36.1 / 124
6792,NY,Red,F,74,71.5,101.3,127,36.5,35.0,36.5,131,35.0,122,51.9,49.4,36.5 / 131,35.0 / 122
6792,NY,Family Gold,F,64,63.4,88.4,106,32.0,31.4,32.0,104,31.4,108,44.3,44.1,32.0 / 104,31.4 / 108
6792,NY,Family Blue,F,57,59.5,81.6,94,29.9,29.6,29.9,91,29.6,97,40.6,41.0,29.9 / 91,29.6 / 97
31711,NY,Blue,M,36,36.2,48.0,127,36.2,,36.2,127,,,48.0,,36.2 / 127,/
31711,NY,White,M,36,35.5,47.0,124,35.5,,35.5,124,,,47.0,,35.5 / 124,/
31711,NY,Gold,M,36,33.5,44.3,116,33.5,,33.5,116,,,44.3,,33.5 / 116,/
31711,NY,White,F,36,38.5,54.4,135,38.5,,38.5,135,,,54.4,,38.5 / 135,/
31711,NY,Gold,F,36,36.2,50.5,121,36.2,,36.2,121,,,50.5,,36.2 / 121,/
31711,NY,Red,F,36,35.5,49.5,119,35.5,,35.5,119,,,49.5,,35.5 / 119,/
13711,NY,Blue,M,72,73.6,97.3,128,36.4,37.2,36.4,125,37.2,130,48.0,49.3,36.4 / 125,37.2 / 130
13711,NY,White,M,72,71.2,94.8,127,35.4,35.8,35.4,127,35.8,127,47.2,47.6,35.4 / 127,35.8 / 127
3742,NY,Blue,M,62,59.9,76.6,90,30.1,29.8,30.1,94,29.8,86,38.8,37.8,30.1 / 94,29.8 / 86
3742,NY,White,M,62,59.2,75.5,88,29.7,29.5,29.7,89,29.5,86,38.0,37.5,29.7 / 89,29.5 / 86
3742,NY,Gold,M,62,57.4,72.6,82,28.7,28.7,28.7,83,28.7,81,36.4,36.2,28.7 / 83,28.7 / 81
3742,NY,Red,F,62,56.7,76.6,85,28.0,28.7,28.0,86,28.7,83,38.1,38.5,28.0 / 86,28.7 / 83
3333,NY,Blue,M,72,71.6,96.0,132,35.5,36.1,35.5,124,36.1,139,47.0,49.0,35.5 / 124,36.1 / 139
3333,NY,White,M,72,70.0,93.0,124,34.4,35.6,34.4,119,35.6,128,45.5,47.5,34.4 / 119,35.6 / 128
3333,NY,Gold,M,72,66.9,87.5,111,32.2,34.7,32.2,109,34.7,113,42.3,45.2,32.2 / 109,34.7 / 113
3333,NY,Red,M,72,65.8,85.6,107,31.5,34.3,31.5,103,34.3,110,41.1,44.5,31.5 / 103,34.3 / 110
3333,NY,Orange,M,72,62.5,81.3,102,30.8,31.7,30.8,94,31.7,109,39.5,41.8,30.8 / 94,31.7 / 109
3333,NY,White,F,73,76.0,108.7,139,37.3,38.7,37.3,133,38.7,144,53.0,55.7,37.3 / 133,38.7 / 144
3333,NY,Gold,F,73,71.6,100.8,124,34.6,37.0,34.6,115,37.0,132,48.2,52.6,34.6 / 115,37.0 / 132
3333,NY,Red,F,73,70.0,98.4,121,33.5,36.5,33.5,113,36.5,128,46.8,51.6,33.5 / 113,36.5 / 128
3333,NY,Orange,F,73,66.3,91.2,106,32.2,34.1,32.2,105,34.1,106,44.6,46.6,32.2 / 105,34.1 / 106
14726,NY,White,M,72,68.1,91.5,126,34.1,34.0,34.1,125,34.0,127,45.7,45.8,34.1 / 125,34.0 / 127
14726,NY,Gold,M,72,64.8,85.8,113,32.2,32.6,32.2,110,32.6,116,42.4,43.4,32.2 / 110,32.6 / 116
14726,NY,Red,M,72,63.6,82.9,104,31.4,32.2,31.4,100,32.2,108,40.7,42.2,31.4 / 100,32.2 / 108
14726,NY,White,F,72,74.1,104.3,128,37.0,37.1,37.0,132,37.1,124,52.6,51.7,37.0 / 132,37.1 / 124
14726,NY,Gold,F,72,69.9,98.8,123,34.7,35.2,34.7,123,35.2,122,49.2,49.6,34.7 / 123,35.2 / 122
14726,NY,Red,F,72,68.2,95.7,117,33.4,34.8,33.4,111,34.8,122,46.5,49.2,33.4 / 111,34.8 / 122
3883,NY,Blue,M,72,69.5,92.0,122,33.7,35.8,33.7,122,35.8,121,45.0,47.0,33.7 / 122,35.8 / 121
3883,NY,White,M,72,67.6,88.5,113,33.0,34.6,33.0,112,34.6,113,43.4,45.1,33.0 / 112,34.6 / 113
3883,NY,Gold,M,72,64.8,83.7,102,31.9,32.9,31.9,99,32.9,104,41.1,42.6,31.9 / 99,32.9 / 104
3883,NY,Red,F,72,69.4,97.5,119,34.1,35.3,34.1,116,35.3,122,47.8,49.7,34.1 / 116,35.3 / 122
3704,NY,Blue,M,71,72.2,97.3,136,36.2,36.0,36.2,135,36.0,136,48.7,48.6,36.2 / 135,36.0 / 136
3704,NY,White,M,71,70.8,95.2,131,35.3,35.5,35.3,130,35.5,132,47.4,47.8,35.3 / 130,35.5 / 132
3704,NY,White/Gold Combo,M,71,68.6,92.2,127,33.9,34.7,33.9,125,34.7,129,45.5,46.7,33.9 / 125,34.7 / 129
3704,NY,Gold,M,71,67.2,90.5,126,33.4,33.8,33.4,124,33.8,127,44.9,45.6,33.4 / 124,33.8 / 127
3704,NY,Red,M,71,65.4,87.9,121,32.9,32.5,32.9,119,32.5,123,44.0,43.9,32.9 / 119,32.5 / 123
3704,NY,Green/Red Combo,M,71,62.7,82.2,105,31.5,31.2,31.5,105,31.2,104,41.3,40.9,31.5 / 105,31.2 / 104
3704,NY,Green,M,71,62.0,80.8,101,30.8,31.2,30.8,99,31.2,103,40.0,40.8,30.8 / 99,31.2 / 103
3704,NY,White,F,72,76.5,109.7,141,38.3,38.2,38.3,135,38.2,147,54.2,55.5,38.3 / 135,38.2 / 147
3704,NY,Red,F,72,70.3,99.7,125,35.4,34.9,35.4,125,34.9,125,50.1,49.6,35.4 / 125,34.9 / 125
3704,NY,Green/Red Combo,F,72,65.8,93.5,118,33.2,32.6,33.2,120,32.6,115,47.3,46.2,33.2 / 120,32.6 / 115
3704,NY,Green,F,72,64.0,90.2,111,31.8,32.2,31.8,108,32.2,114,44.5,45.7,31.8 / 108,32.2 / 114
13743,NY,White/Blue,M,66,63.2,84.0,112,31.5,31.7,31.5,112,31.7,112,41.9,42.1,31.5 / 112,31.7 / 112
13743,NY,Red/White,F,68,65.0,92.1,115,31.7,33.3,31.7,111,33.3,119,44.8,47.3,31.7 / 111,33.3 / 119
13743,NY,Red/Red,F,68,63.4,89.6,111,31.7,31.7,31.7,111,31.7,111,44.8,44.8,31.7 / 111,31.7 / 111
3895,NY,Blue,M,72,72.9,97.6,133,36.4,36.5,36.4,137,36.5,129,49.1,48.5,36.4 / 137,36.5 / 129
3895,NY,White,M,72,70.7,94.9,131,35.2,35.5,35.2,138,35.5,123,48.0,46.9,35.2 / 138,35.5 / 123
3895,NY,Gold,M,72,65.7,86.9,114,32.8,32.9,32.8,111,32.9,117,43.1,43.8,32.8 / 111,32.9 / 117
3895,NY,Red,F,72,70.0,99.0,123,34.7,35.3,34.7,124,35.3,122,49.3,49.7,34.7 / 124,35.3 / 122
3806,NY,Blue,M,70,68.0,90.9,124,33.5,34.5,33.5,123,34.5,124,44.9,46.0,33.5 / 123,34.5 / 124
3806,NY,White,M,70,66.7,89.0,120,32.9,33.8,32.9,118,33.8,122,43.9,45.1,32.9 / 118,33.8 / 122
3806,NY,White/Yellow Combo,M,70,65.7,87.3,116,32.4,33.3,32.4,114,33.3,118,43.0,44.3,32.4 / 114,33.3 / 118
3806,NY,Yellow,M,70,64.2,85.2,113,31.8,32.4,31.8,111,32.4,115,42.1,43.1,31.8 / 111,32.4 / 115
3806,NY,Yelow/Red Combo,M,70,63.9,84.5,111,31.7,32.2,31.7,111,32.2,111,42.0,42.5,31.7 / 111,32.2 / 111
3806,NY,Red,M,70,63.2,83.8,111,31.6,31.6,31.6,109,31.6,113,41.7,42.1,31.6 / 109,31.6 / 113
3806,NY,Green,M,70,59.6,75.8,87,29.5,30.1,29.5,88,30.1,86,37.7,38.1,29.5 / 88,30.1 / 86
3806,NY,White,F,72,72.6,102.3,126,35.7,36.9,35.7,126,36.9,126,50.6,51.7,35.7 / 126,36.9 / 126
3806,NY,Yellow,F,72,68.9,97.3,120,34.1,34.8,34.1,120,34.8,120,48.3,49.0,34.1 / 120,34.8 / 120
3806,NY,Red,F,72,67.7,95.4,118,33.7,34.0,33.7,118,34.0,117,47.6,47.8,33.7 / 118,34.0 / 117
3806,NY,Red/Green Combo,F,72,62.5,85.8,99,31.1,31.4,31.1,98,31.4,100,42.6,43.2,31.1 / 98,31.4 / 100
3806,NY,Green,F,72,62.2,85.5,99,30.8,31.4,30.8,94,31.4,103,41.9,43.6,30.8 / 94,31.4 / 103
13739,NY,Blue,M,71,69.6,92.5,125,35.1,34.5,35.1,126,34.5,123,46.7,45.8,35.1 / 126,34.5 / 123
13739,NY,White,M,71,68.3,90.9,122,34.7,33.6,34.7,125,33.6,118,46.3,44.6,34.7 / 125,33.6 / 118
13739,NY,White,F,71,73.9,105.3,133,37.7,36.2,37.7,139,36.2,127,54.1,51.2,37.7 / 139,36.2 / 127
13739,NY,Red,F,71,67.0,94.4,117,34.0,33.0,34.0,123,33.0,110,48.5,45.9,34.0 / 123,33.0 / 110
9316,NY,Double Black,M,70,72.8,96.7,130,36.1,36.7,36.1,125,36.7,134,47.6,49.1,36.1 / 125,36.7 / 134
9316,NY,Black,M,70,70.7,93.7,125,35.2,35.5,35.2,120,35.5,129,46.3,47.4,35.2 / 120,35.5 / 129
9316,NY,Blue,M,70,67.0,88.2,115,32.8,34.2,32.8,118,34.2,112,43.7,44.5,32.8 / 118,34.2 / 112
9316,NY,Green,M,70,63.1,83.6,112,31.4,31.7,31.4,111,31.7,112,41.6,42.0,31.4 / 111,31.7 / 112
9316,NY,Forward,M,70,60.8,80.0,103,29.8,31.0,29.8,102,31.0,104,39.3,40.7,29.8 / 102,31.0 / 104
9316,NY,Blue,F,71,71.0,99.4,121,35.2,35.8,35.2,120,35.8,121,49.3,50.1,35.2 / 120,35.8 / 121
9316,NY,Green,F,71,69.4,97.7,119,34.4,35.0,34.4,118,35.0,120,48.4,49.3,34.4 / 118,35.0 / 120
9316,NY,Forward,F,71,63.3,89.2,110,30.8,32.5,30.8,103,32.5,116,43.0,46.2,30.8 / 103,32.5 / 116
6782,NY,Black,M,71,73.1,100.1,145,36.1,37.0,36.1,146,37.0,144,49.7,50.4,36.1 / 146,37.0 / 144
6782,NY,Black/Blue,M,71,72.2,98.8,143,35.6,36.6,35.6,145,36.6,141,49.1,49.7,35.6 / 145,36.6 / 141
6782,NY,Blue,M,71,70.9,97.2,142,34.8,36.1,34.8,145,36.1,138,48.3,48.9,34.8 / 145,36.1 / 138
6782,NY,Blue/White,M,71,70.3,95.9,138,34.5,35.8,34.5,139,35.8,137,47.4,48.5,34.5 / 139,35.8 / 137
6782,NY,White,M,71,69.1,94.1,135,34.2,34.9,34.2,136,34.9,133,46.8,47.3,34.2 / 136,34.9 / 133
6782,NY,Gold,M,71,68.4,93.1,133,34.0,34.4,34.0,133,34.4,132,46.4,46.7,34.0 / 133,34.4 / 132
6782,NY,Gold,F,71,74.4,105.2,131,36.9,37.5,36.9,128,37.5,133,52.0,53.2,36.9 / 128,37.5 / 133
6782,NY,Red,F,71,68.4,96.2,118,33.3,35.1,33.3,113,35.1,123,46.6,49.6,33.3 / 113,35.1 / 123
3760,NY,White/Blue,M,68,66.1,88.4,120,33.1,33.0,33.1,122,33.0,118,44.4,44.0,33.1 / 122,33.0 / 118
3760,NY,Red/Yellow,M,68,62.5,84.0,116,31.1,31.4,31.1,117,31.4,114,42.0,42.0,31.1 / 117,31.4 / 114
3760,NY,Red/Yellow,F,68,64.7,89.8,107,32.0,32.7,32.0,99,32.7,114,43.7,46.1,32.0 / 99,32.7 / 114
3804,NY,Black,M,72,71.9,95.1,125,35.1,36.8,35.1,124,36.8,126,46.6,48.5,35.1 / 124,36.8 / 126
3804,NY,Blue,M,72,70.4,92.4,118,34.5,35.9,34.5,117,35.9,119,45.4,47.0,34.5 / 117,35.9 / 119
3804,NY,White,M,72,67.0,88.3,115,32.7,34.3,32.7,112,34.3,117,43.1,45.2,32.7 / 112,34.3 / 117
3804,NY,Gold,M,72,63.9,83.4,105,30.9,33.0,30.9,102,33.0,108,40.4,43.0,30.9 / 102,33.0 / 108
3804,NY,Red,M,72,61.3,79.3,97,30.3,31.0,30.3,93,31.0,101,38.9,40.4,30.3 / 93,31.0 / 101
3804,NY,White,F,72,72.3,99.9,117,35.2,37.1,35.2,116,37.1,118,48.9,51.0,35.2 / 116,37.1 / 118
3804,NY,Gold,F,72,68.6,94.0,108,33.0,35.6,33.0,103,35.6,112,45.2,48.8,33.0 / 103,35.6 / 112
3804,NY,Red,F,72,64.7,89.9,107,31.7,33.0,31.7,103,33.0,111,43.8,46.1,31.7 / 103,33.0 / 111
6824,NY,Black,M,71,74.0,99.3,136,35.8,38.2,35.8,133,38.2,139,48.2,51.1,35.8 / 133,38.2 / 139
6824,NY,Green,M,71,71.2,95.4,130,34.4,36.8,34.4,129,36.8,131,46.4,49.0,34.4 / 129,36.8 / 131
6824,NY,Blue,M,71,67.8,90.6,123,33.1,34.7,33.1,124,34.7,122,44.6,46.0,33.1 / 124,34.7 / 122
6824,NY,Gold,M,71,65.4,87.3,118,31.6,33.8,31.6,118,33.8,117,42.6,44.7,31.6 / 118,33.8 / 117
6824,NY,Blue,F,71,74.6,104.7,128,35.9,38.7,35.9,124,38.7,131,50.5,54.2,35.9 / 124,38.7 / 131
6824,NY,Gold,F,71,70.7,100.5,127,34.2,36.5,34.2,124,36.5,129,48.8,51.7,34.2 / 124,36.5 / 129
6628,NY,Black,M,70,76.4,104.6,147,39.0,37.4,39.0,150,37.4,143,52.9,50.7,39.0 / 150,37.4 / 143
6628,NY,Blue,M,70,75.1,101.7,144,38.6,36.5,38.6,147,36.5,139,52.3,49.4,38.6 / 147,36.5 / 139
6628,NY,Blue/White,M,71,73.4,99.6,141,37.4,36.0,37.4,143,36.0,138,50.7,48.9,37.4 / 143,36.0 / 138
6628,NY,White,M,71,72.4,98.2,139,36.9,35.5,36.9,140,35.5,137,50.0,48.2,36.9 / 140,35.5 / 137
6628,NY,White/Gold,M,71,71.1,96.2,136,36.6,34.5,36.6,139,34.5,132,49.5,46.7,36.6 / 139,34.5 / 132
6628,NY,Gold,M,71,69.9,95.5,133,35.8,34.1,35.8,136,34.1,131,48.5,46.4,35.8 / 136,34.1 / 131
6628,NY,Red,M,71,65.3,88.2,124,33.4,31.9,33.4,126,31.9,121,45.1,43.1,33.4 / 126,31.9 / 121
6628,NY,White,F,72,78.6,112.5,144,40.3,38.3,40.3,152,38.3,136,58.2,54.3,40.3 / 152,38.3 / 136
6628,NY,White/Gold,F,72,77.1,110.4,141,39.9,37.2,39.9,151,37.2,131,57.7,52.7,39.9 / 151,37.2 / 131
6628,NY,Gold,F,72,75.8,108.4,139,38.9,36.9,38.9,147,36.9,130,56.2,52.2,38.9 / 147,36.9 / 130
6628,NY,Gold/Red,F,71,72.7,103.8,132,37.6,35.1,37.6,141,35.1,123,54.2,49.6,37.6 / 141,35.1 / 123
6628,NY,Red,F,71,70.2,100.1,127,36.1,34.1,36.1,135,34.1,119,52.0,48.1,36.1 / 135,34.1 / 119
6596,NY,Gold,M,70,71.4,95.0,127,35.3,36.1,35.3,131,36.1,123,47.5,47.5,35.3 / 131,36.1 / 123
6596,NY,Gold/Blue,M,70,70.4,93.7,126,34.9,35.5,34.9,130,35.5,121,47.0,46.7,34.9 / 130,35.5 / 121
6596,NY,Blue,M,70,69.8,92.9,124,34.6,35.2,34.6,129,35.2,119,46.6,46.3,34.6 / 129,35.2 / 119
6596,NY,White,M,70,66.0,88.0,119,33.4,32.6,33.4,121,32.6,116,44.6,43.4,33.4 / 121,32.6 / 116
6596,NY,Red,F,73,72.1,101.5,125,36.1,36.0,36.1,128,36.0,121,51.2,50.3,36.1 / 128,36.0 / 121
6596,NY,White,F,73,71.1,100.1,123,36.3,34.8,36.3,129,34.8,117,51.5,48.6,36.3 / 129,34.8 / 117
6597,NY,Blue,M,70,71.6,95.7,130,36.4,35.2,36.4,132,35.2,127,48.7,47.0,36.4 / 132,35.2 / 127
6597,NY,White,M,70,69.8,93.5,128,35.5,34.3,35.5,130,34.3,125,47.6,45.9,35.5 / 130,34.3 / 125
6597,NY,White/Yellow,M,70,67.0,89.7,124,33.7,33.3,33.7,122,33.3,125,44.9,44.8,33.7 / 122,33.3 / 125
6597,NY,Yellow,M,70,66.1,88.7,122,33.3,32.8,33.3,121,32.8,123,44.5,44.2,33.3 / 121,32.8 / 123
6597,NY,White,F,71,76.3,108.5,137,38.8,37.5,38.8,139,37.5,134,55.2,53.3,38.8 / 139,37.5 / 134
6597,NY,Red,F,71,71.8,101.8,127,36.1,35.7,36.1,128,35.7,126,51.2,50.6,36.1 / 128,35.7 / 126
24124,NY,Blue,M,70,69.9,93.2,126,35.9,34.0,35.9,129,34.0,122,47.9,45.3,35.9 / 129,34.0 / 122
24124,NY,White,M,70,68.7,91.5,123,35.4,33.3,35.4,127,33.3,118,47.2,44.3,35.4 / 127,33.3 / 118
24124,NY,Yellow/White Combo,M,70,66.2,87.9,117,34.2,32.0,34.2,121,32.0,113,45.4,42.5,34.2 / 121,32.0 / 113
24124,NY,Yellow,M,70,64.8,85.2,110,33.0,31.8,33.0,116,31.8,103,43.8,41.4,33.0 / 116,31.8 / 103
24124,NY,Yellow,F,70,69.7,98.1,121,35.6,34.1,35.6,121,34.1,120,49.9,48.2,35.6 / 121,34.1 / 120
24124,NY,Red,F,70,69.3,97.5,120,35.5,33.8,35.5,120,33.8,119,49.7,47.8,35.5 / 120,33.8 / 119
24139,NY,White,M,35,34.3,46.3,129,34.3,,34.3,129,,,46.3,,34.3 / 129,/
24139,NY,Senior,M,35,31.6,41.8,110,31.6,,31.6,110,,,41.8,,31.6 / 110,/
24139,NY,White,F,37,37.6,53.9,138,37.6,,37.6,138,,,53.9,,37.6 / 138,/
24139,NY,Red,F,37,34.3,48.4,120,34.3,,34.3,120,,,48.4,,34.3 / 120,/
3857,NY,Black,M,72,72.9,98.9,140,35.8,37.1,35.8,141,37.1,139,48.9,50.0,35.8 / 141,37.1 / 139
3857,NY,Black/Blue,M,72,71.9,97.5,138,35.5,36.4,35.5,138,36.4,138,48.3,49.2,35.5 / 138,36.4 / 138
3857,NY,Blue,M,72,71.2,96.4,135,35.1,36.1,35.1,136,36.1,134,47.8,48.6,35.1 / 136,36.1 / 134
3857,NY,Blue/White,M,72,69.0,93.7,133,34.3,34.7,34.3,135,34.7,131,46.8,46.9,34.3 / 135,34.7 / 131
3857,NY,White,M,72,68.6,92.7,130,34.1,34.5,34.1,133,34.5,126,46.5,46.2,34.1 / 133,34.5 / 126
3857,NY,White/Gold,M,72,67.4,89.8,121,33.1,34.3,33.1,124,34.3,117,44.6,45.2,33.1 / 124,34.3 / 117
3857,NY,Gold,M,72,66.1,88.0,118,32.9,33.2,32.9,121,33.2,115,44.1,43.9,32.9 / 121,33.2 / 115
3857,NY,White,F,73,74.1,106.2,136,37.0,37.1,37.0,133,37.1,139,52.7,53.5,37.0 / 133,37.1 / 139
3857,NY,White/Gold,F,73,71.7,102.5,131,35.6,36.1,35.6,130,36.1,131,50.9,51.6,35.6 / 130,36.1 / 131
3857,NY,Gold,F,73,70.4,101.0,130,35.3,35.1,35.3,128,35.1,131,50.4,50.6,35.3 / 128,35.1 / 131
23715,NY,Blue,M,72,71.7,97.0,137,36.4,35.3,36.4,138,35.3,135,49.2,47.8,36.4 / 138,35.3 / 135
23715,NY,White,M,72,70.8,94.8,129,35.7,35.1,35.7,133,35.1,125,48.1,46.7,35.7 / 133,35.1 / 125
23715,NY,Gold,M,72,67.1,89.1,119,33.5,33.6,33.5,122,33.6,115,44.8,44.3,33.5 / 122,33.6 / 115
23715,NY,Red,M,72,64.8,84.6,107,32.6,32.2,32.6,109,32.2,104,42.7,41.9,32.6 / 109,32.2 / 104
23715,NY,White,F,73,76.7,109.0,137,38.9,37.8,38.9,139,37.8,135,55.3,53.7,38.9 / 139,37.8 / 135
23715,NY,Gold,F,73,72.5,102.4,127,36.3,36.2,36.3,131,36.2,123,51.7,50.7,36.3 / 131,36.2 / 123
23715,NY,Red,F,72,69.1,98.2,124,34.8,34.3,34.8,127,34.3,120,49.8,48.4,34.8 / 127,34.3 / 120
6598,NY,Blue,M,72,71.0,93.8,123,36.0,35.0,36.0,125,35.0,121,47.6,46.2,36.0 / 125,35.0 / 121
6598,NY,White,M,72,68.8,90.7,118,34.9,33.9,34.9,115,33.9,121,45.6,45.1,34.9 / 115,33.9 / 121
6598,NY,Gold,M,72,67.4,88.5,114,34.2,33.2,34.2,111,33.2,116,44.5,44.0,34.2 / 111,33.2 / 116
6598,NY,Red,M,72,66.2,86.8,111,33.4,32.8,33.4,108,32.8,114,43.4,43.4,33.4 / 108,32.8 / 114
6598,NY,Gold,F,72,73.0,103.0,128,37.1,35.9,37.1,130,35.9,125,52.4,50.6,37.1 / 130,35.9 / 125
6598,NY,Red,F,72,71.5,100.6,124,36.2,35.3,36.2,124,35.3,123,50.8,49.8,36.2 / 124,35.3 / 123
3845,NY,White,M,71,69.8,94.5,133,33.7,36.1,33.7,129,36.1,137,45.7,48.8,33.7 / 129,36.1 / 137
3845,NY,Gold,M,71,64.8,86.5,117,31.5,33.3,31.5,118,33.3,115,42.5,44.0,31.5 / 118,33.3 / 115
3845,NY,White,F,72,75.7,109.2,142,36.5,39.2,36.5,137,39.2,147,52.7,56.5,36.5 / 137,39.2 / 147
3845,NY,Red,F,72,69.4,99.1,126,33.9,35.5,33.9,122,35.5,130,48.3,50.8,33.9 / 122,35.5 / 130
31283,NY,Gold,M,72,71.4,95.8,132,35.7,35.7,35.7,132,35.7,132,47.9,47.9,35.7 / 132,35.7 / 132
31283,NY,Green,M,72,68.4,91.8,127,34.2,34.2,34.2,127,34.2,127,45.9,45.9,34.2 / 127,34.2 / 127
31283,NY,White,M,72,65.6,87.4,118,32.8,32.8,32.8,118,32.8,118,43.7,43.7,32.8 / 118,32.8 / 118
31283,NY,Orange,M,72,62.4,82.6,110,31.2,31.2,31.2,110,31.2,110,41.3,41.3,31.2 / 110,31.2 / 110
31283,NY,White,F,72,70.2,98.8,122,35.1,35.1,35.1,122,35.1,122,49.4,49.4,35.1 / 122,35.1 / 122
31283,NY,Orange,F,72,66.2,92.8,113,33.1,33.1,33.1,113,33.1,113,46.4,46.4,33.1 / 113,33.1 / 113
6599,NY,Blue,M,71,72.4,97.2,133,37.0,35.4,37.0,138,35.4,128,49.8,47.4,37.0 / 138,35.4 / 128
6599,NY,White,M,72,71.3,95.6,131,36.3,35.0,36.3,136,35.0,125,48.9,46.7,36.3 / 136,35.0 / 125
6599,NY,White/Green,M,72,70.2,94.1,129,36.1,34.1,36.1,132,34.1,125,48.4,45.7,36.1 / 132,34.1 / 125
6599,NY,Green,M,72,68.6,91.5,124,35.2,33.4,35.2,124,33.4,123,46.7,44.8,35.2 / 124,33.4 / 123
6599,NY,Green,F,72,74.2,105.3,132,37.9,36.3,37.9,137,36.3,127,54.0,51.3,37.9 / 137,36.3 / 127
6599,NY,Red,F,72,71.9,101.9,128,36.4,35.5,36.4,130,35.5,125,51.7,50.2,36.4 / 130,35.5 / 125
6599,NY,Gold,F,72,69.9,99.1,124,35.5,34.4,35.5,127,34.4,120,50.5,48.6,35.5 / 127,34.4 / 120
3303,NY,Black,M,72,73.5,100.4,145,35.7,37.8,35.7,140,37.8,150,48.7,51.7,35.7 / 140,37.8 / 150
3303,NY,Blue,M,72,71.9,96.9,135,35.2,36.7,35.2,129,36.7,140,47.2,49.7,35.2 / 129,36.7 / 140
3303,NY,Blue/White,M,72,71.2,96.1,134,34.8,36.4,34.8,127,36.4,141,46.6,49.5,34.8 / 127,36.4 / 141
3303,NY,White,M,72,69.9,94.4,132,34.4,35.5,34.4,124,35.5,140,45.9,48.5,34.4 / 124,35.5 / 140
3303,NY,White/Gold,M,72,68.2,91.5,125,33.5,34.7,33.5,119,34.7,131,44.6,46.9,33.5 / 119,34.7 / 131
3303,NY,Gold,M,72,67.0,89.1,119,32.7,34.3,32.7,114,34.3,124,43.3,45.8,32.7 / 114,34.3 / 124
3303,NY,Green,M,72,63.8,85.7,118,31.3,32.5,31.3,113,32.5,123,41.8,43.9,31.3 / 113,32.5 / 123
3303,NY,Family Gold,M,72,61.6,81.3,106,30.3,31.3,30.3,100,31.3,112,39.6,41.7,30.3 / 100,31.3 / 112
3303,NY,Family Blue,M,72,56.9,74.4,94,27.2,29.7,27.2,87,29.7,101,35.3,39.1,27.2 / 87,29.7 / 101
3303,NY,White,F,74,75.5,108.7,141,36.9,38.6,36.9,136,38.6,146,52.9,55.8,36.9 / 136,38.6 / 146
3303,NY,Gold,F,74,71.7,102.5,131,35.2,36.5,35.2,123,36.5,138,49.7,52.8,35.2 / 123,36.5 / 138
3303,NY,Green,F,74,68.2,96.6,120,33.2,35.0,33.2,114,35.0,126,46.7,49.9,33.2 / 114,35.0 / 126
3303,NY,Family Gold,F,72,64.1,90.9,114,31.2,32.9,31.2,105,32.9,122,43.6,47.3,31.2 / 105,32.9 / 122
3303,NY,Family Blue,F,72,58.5,81.5,98,28.4,30.1,28.4,94,30.1,101,39.5,42.0,28.4 / 94,30.1 / 101
9323,NY,1,M,72,70.4,92.8,121,35.6,34.8,35.6,123,34.8,118,47.0,45.8,35.6 / 123,34.8 / 118
9323,NY,2,M,72,68.4,88.4,108,34.6,33.8,34.6,107,33.8,109,44.5,43.9,34.6 / 107,33.8 / 109
9323,NY,3,M,72,63.8,82.6,101,32.0,31.8,32.0,100,31.8,102,41.3,41.3,32.0 / 100,31.8 / 102
9323,NY,4,M,72,63.4,82.2,101,32.0,31.4,32.0,97,31.4,105,41.0,41.2,32.0 / 97,31.4 / 105
9323,NY,2,F,72,73.6,104.0,129,37.2,36.4,37.2,128,36.4,130,52.3,51.7,37.2 / 128,36.4 / 130
9323,NY,3,F,72,69.0,95.9,114,34.6,34.4,34.6,117,34.4,111,48.4,47.5,34.6 / 117,34.4 / 111
9323,NY,4,F,72,68.5,95.1,113,34.3,34.2,34.3,116,34.2,109,48.0,47.1,34.3 / 116,34.2 / 109
6600,NY,Blue,M,72,72.2,96.1,129,35.2,37.0,35.2,122,37.0,136,46.5,49.6,35.2 / 122,37.0 / 136
6600,NY,White,M,72,70.8,94.3,127,34.6,36.2,34.6,122,36.2,131,45.9,48.4,34.6 / 122,36.2 / 131
6600,NY,Gold,M,72,65.4,85.3,106,32.3,33.1,32.3,104,33.1,108,42.1,43.2,32.3 / 104,33.1 / 108
6600,NY,Family Tee,M,72,63.0,83.4,110,30.6,32.4,30.6,105,32.4,114,40.4,43.0,30.6 / 105,32.4 / 114
6600,NY,Gold,F,72,70.9,99.1,120,34.6,36.3,34.6,116,36.3,123,48.3,50.8,34.6 / 116,36.3 / 123
6600,NY,Red,F,72,68.4,95.8,116,33.0,35.4,33.0,110,35.4,121,46.1,49.7,33.0 / 110,35.4 / 121
6600,NY,Family Tee,F,72,65.8,92.1,112,31.7,34.1,31.7,107,34.1,116,44.3,47.8,31.7 / 107,34.1 / 116
13768,NY,Blue,M,72,72.7,95.5,124,35.3,37.4,35.3,116,37.4,131,46.0,49.5,35.3 / 116,37.4 / 131
13768,NY,White,M,71,70.8,93.5,122,34.4,36.4,34.4,113,36.4,131,44.9,48.6,34.4 / 113,36.4 / 131
13768,NY,Gold,M,71,66.4,87.3,113,32.3,34.1,32.3,111,34.1,114,42.6,44.7,32.3 / 111,34.1 / 114
13768,NY,Red,F,71,70.3,97.8,117,34.2,36.1,34.2,110,36.1,123,47.2,50.6,34.2 / 110,36.1 / 123
3695,NY,Black,M,72,72.5,97.1,132,36.1,36.4,36.1,131,36.4,133,48.3,48.8,36.1 / 131,36.4 / 133
3695,NY,Blue,M,72,70.9,95.0,130,35.2,35.7,35.2,127,35.7,132,47.0,48.0,35.2 / 127,35.7 / 132
3695,NY,Silver,M,72,69.3,92.3,124,34.5,34.8,34.5,119,34.8,128,45.6,46.7,34.5 / 119,34.8 / 128
3695,NY,White,M,72,66.8,88.8,118,33.9,32.9,33.9,118,32.9,118,44.9,43.9,33.9 / 118,32.9 / 118
3695,NY,Red,M,72,65.2,86.5,115,33.0,32.2,33.0,114,32.2,115,43.6,42.9,33.0 / 114,32.2 / 115
3695,NY,White,F,73,71.8,102.3,130,36.3,35.5,36.3,131,35.5,128,51.7,50.6,36.3 / 131,35.5 / 128
3695,NY,Red,F,73,70.1,99.3,124,35.2,34.9,35.2,127,34.9,120,50.2,49.1,35.2 / 127,34.9 / 120
3695,NY,Gold,F,73,67.2,94.8,117,33.3,33.9,33.3,120,33.9,114,47.5,47.3,33.3 / 120,33.9 / 114
13735,NY,Black,M,64,61.6,80.9,104,31.0,30.6,31.0,105,30.6,102,40.8,40.1,31.0 / 105,30.6 / 102
13735,NY,Blue,M,64,60.8,79.9,102,30.6,30.2,30.6,103,30.2,100,40.3,39.6,30.6 / 103,30.2 / 100
13735,NY,Blue,F,64,63.9,88.1,103,32.5,31.4,32.5,103,31.4,102,44.7,43.4,32.5 / 103,31.4 / 102
13735,NY,Red,F,64,62.6,86.6,102,31.9,30.7,31.9,103,30.7,101,44.0,42.6,31.9 / 103,30.7 / 101
33286,NY,Blue,M,70,67.3,89.5,119,33.9,33.4,33.9,119,33.4,119,45.0,44.5,33.9 / 119,33.4 / 119
33286,NY,White,M,70,65.3,86.4,114,32.9,32.4,32.9,116,32.4,111,43.7,42.7,32.9 / 116,32.4 / 111
33286,NY,Red,M,70,61.9,80.5,100,30.6,31.3,30.6,95,31.3,105,39.4,41.1,30.6 / 95,31.3 / 105
33286,NY,Blue,F,70,72.6,103.1,130,36.9,35.7,36.9,126,35.7,133,51.7,51.4,36.9 / 126,35.7 / 133
33286,NY,White,F,70,70.0,98.7,122,35.5,34.5,35.5,120,34.5,124,49.6,49.1,35.5 / 120,34.5 / 124
33286,NY,Red,F,70,64.8,91.8,115,32.1,32.7,32.1,106,32.7,123,44.6,47.2,32.1 / 106,32.7 / 123
23673,NY,Blue,M,71,72.4,97.6,136,36.5,35.9,36.5,138,35.9,133,49.3,48.3,36.5 / 138,35.9 / 133
23673,NY,White,M,71,70.6,95.1,132,35.8,34.8,35.8,133,34.8,130,48.2,46.9,35.8 / 133,34.8 / 130
23673,NY,Gold,M,71,68.1,91.7,127,34.2,33.9,34.2,126,33.9,128,45.9,45.8,34.2 / 126,33.9 / 128
23673,NY,White,F,72,77.1,110.4,141,39.2,37.9,39.2,143,37.9,142,56.1,54.6,39.2 / 143,37.9 / 142
23673,NY,Red,F,72,73.9,105.6,134,37.1,36.8,37.1,135,36.8,133,53.0,52.6,37.1 / 135,36.8 / 133
6900,NY,Blue,M,72,72.3,95.3,124,37.1,35.2,37.1,124,35.2,124,48.6,46.7,37.1 / 124,35.2 / 124
6900,NY,White,M,72,70.6,93.2,122,36.0,34.6,36.0,121,34.6,123,47.2,46.0,36.0 / 121,34.6 / 123
6900,NY,Orange,M,72,68.2,90.1,118,34.6,33.6,34.6,117,33.6,118,45.5,44.6,34.6 / 117,33.6 / 118
6900,NY,Red,M,72,66.2,87.6,114,33.5,32.7,33.5,114,32.7,114,44.2,43.4,33.5 / 114,32.7 / 114
6900,NY,Red,F,72,72.1,100.7,122,36.7,35.4,36.7,125,35.4,118,51.4,49.3,36.7 / 125,35.4 / 118
23672,NY,Blue,M,70,68.8,90.7,119,33.7,35.1,33.7,117,35.1,120,44.5,46.2,33.7 / 117,35.1 / 120
23672,NY,White,M,70,68.5,90.1,116,33.5,35.0,33.5,114,35.0,118,44.1,46.0,33.5 / 114,35.0 / 118
23672,NY,Gold,M,70,64.0,85.0,113,31.5,32.5,31.5,114,32.5,112,42.1,42.9,31.5 / 114,32.5 / 112
23672,NY,White,F,72,73.8,104.4,131,36.3,37.5,36.3,127,37.5,134,51.1,53.3,36.3 / 127,37.5 / 134
23672,NY,Red,F,72,70.4,99.6,125,34.3,36.1,34.3,120,36.1,129,48.3,51.3,34.3 / 120,36.1 / 129
23672,NY,Gold,F,70,68.4,96.7,120,33.6,34.8,33.6,114,34.8,126,47.0,49.7,33.6 / 114,34.8 / 126
3811,NY,Gold,M,71,74.3,101.5,147,37.1,37.2,37.1,139,37.2,154,50.0,51.5,37.1 / 139,37.2 / 154
3811,NY,Blue,M,71,71.1,96.2,136,35.6,35.5,35.6,136,35.5,135,48.2,48.0,35.6 / 136,35.5 / 135
3811,NY,Blue/White Combo,M,71,68.8,93.1,131,34.8,34.0,34.8,132,34.0,129,47.1,46.0,34.8 / 132,34.0 / 129
3811,NY,White,M,71,66.2,88.9,123,33.2,33.0,33.2,123,33.0,122,44.6,44.3,33.2 / 123,33.0 / 122
3811,NY,Green,M,71,62.6,82.9,109,31.3,31.3,31.3,114,31.3,104,41.9,41.0,31.3 / 114,31.3 / 104
3811,NY,Gold,F,71,81.5,119.4,155,40.4,41.1,40.4,155,41.1,155,59.4,60.0,40.4 / 155,41.1 / 155
3811,NY,Blue,F,71,77.6,112.8,149,38.9,38.7,38.9,148,38.7,150,56.4,56.4,38.9 / 148,38.7 / 150
3811,NY,Blue/White Combo,F,71,74.8,108.2,142,37.9,36.9,37.9,144,36.9,139,54.9,53.3,37.9 / 144,36.9 / 139
3811,NY,White,F,71,71.6,102.1,130,35.9,35.7,35.9,130,35.7,129,51.2,50.9,35.9 / 130,35.7 / 129
3811,NY,Green,F,71,67.4,94.9,117,33.8,33.6,33.8,120,33.6,114,47.9,47.0,33.8 / 120,33.6 / 114
3814,NY,Gold,M,70,72.8,99.1,142,35.8,37.0,35.8,141,37.0,142,48.9,50.2,35.8 / 141,37.0 / 142
3814,NY,Blue,M,70,69.2,93.7,132,34.4,34.8,34.4,137,34.8,127,47.1,46.6,34.4 / 137,34.8 / 127
3814,NY,White,M,70,65.4,88.4,124,32.7,32.7,32.7,124,32.7,124,44.2,44.2,32.7 / 124,32.7 / 124
3814,NY,Green,M,70,62.9,83.2,110,31.4,31.5,31.4,107,31.5,112,41.3,41.9,31.4 / 107,31.5 / 112
3814,NY,Gold,F,70,79.8,114.3,146,39.5,40.3,39.5,144,40.3,148,56.5,57.8,39.5 / 144,40.3 / 148
3814,NY,Blue,F,70,75.7,107.8,137,37.9,37.8,37.9,136,37.8,137,53.9,53.9,37.9 / 136,37.8 / 137
3814,NY,White,F,70,70.5,99.2,122,35.3,35.2,35.3,124,35.2,120,49.9,49.3,35.3 / 124,35.2 / 120
3814,NY,Green,F,70,66.8,94.4,117,33.3,33.5,33.3,117,33.5,117,47.1,47.3,33.3 / 117,33.5 / 117
23787,NY,Gold,M,29,28.8,37.7,96,28.8,,28.8,96,,,37.7,,28.8 / 96,/
23787,NY,Gold,F,29,29.9,41.3,97,29.9,,29.9,97,,,41.3,,29.9 / 97,/
30522,NY,White,M,70,66.7,87.0,110,33.5,33.2,33.5,108,33.2,111,43.5,43.5,33.5 / 108,33.2 / 111
30522,NY,Red,F,73,68.3,95.1,114,34.3,34.0,34.3,114,34.0,113,47.8,47.3,34.3 / 114,34.0 / 113
3365,NY,Orange,M,71,70.8,93.8,124,34.5,36.3,34.5,123,36.3,125,45.9,47.9,34.5 / 123,36.3 / 125
3365,NY,Blue/Gold,M,71,69.3,91.4,119,33.7,35.6,33.7,118,35.6,119,44.7,46.7,33.7 / 118,35.6 / 119
3365,NY,Blue,M,71,68.6,90.1,116,33.4,35.2,33.4,115,35.2,116,44.1,46.0,33.4 / 115,35.2 / 116
3365,NY,White,M,71,66.5,87.5,113,32.5,34.0,32.5,111,34.0,115,42.8,44.7,32.5 / 111,34.0 / 115
3365,NY,Red,M,71,64.6,84.8,109,31.2,33.4,31.2,108,33.4,110,41.2,43.6,31.2 / 108,33.4 / 110
3365,NY,White,F,73,71.6,100.5,123,35.0,36.6,35.0,120,36.6,125,49.2,51.3,35.0 / 120,36.6 / 125
3365,NY,Red,F,73,69.8,97.2,117,33.8,36.0,33.8,114,36.0,119,47.2,50.0,33.8 / 114,36.0 / 119
30129,NY,Blue,M,32,30.0,38.8,95,30.0,,30.0,95,,,38.8,,30.0 / 95,/
30129,NY,Orange,F,32,29.7,40.7,93,29.7,,29.7,93,,,40.7,,29.7 / 93,/
3693,NY,Blue,M,72,71.8,96.9,136,36.2,35.6,36.2,135,35.6,136,48.7,48.2,36.2 / 135,35.6 / 136
3693,NY,White,M,72,70.3,94.8,132,35.6,34.7,35.6,133,34.7,130,48.0,46.8,35.6 / 133,34.7 / 130
3693,NY,White/Gold,M,72,69.2,93.1,129,34.5,34.7,34.5,129,34.7,128,46.5,46.6,34.5 / 129,34.7 / 128
3693,NY,Gold,M,72,68.0,90.8,123,34.4,33.6,34.4,124,33.6,122,45.9,44.9,34.4 / 124,33.6 / 122
3693,NY,Green,M,72,67.2,88.7,116,33.8,33.4,33.8,113,33.4,118,44.3,44.4,33.8 / 113,33.4 / 118
3693,NY,Gold,F,72,73.2,104.9,135,37.1,36.1,37.1,136,36.1,133,53.1,51.8,37.1 / 136,36.1 / 133
3693,NY,Green,F,72,72.2,102.9,130,36.5,35.7,36.5,128,35.7,132,51.6,51.3,36.5 / 128,35.7 / 132
3693,NY,Combo,F,72,68.6,97.8,124,34.8,33.8,34.8,126,33.8,121,49.7,48.1,34.8 / 126,33.8 / 121
6766,NY,Black,M,70,71.1,95.6,132,35.4,35.7,35.4,130,35.7,133,47.5,48.1,35.4 / 130,35.7 / 133
6766,NY,Black/Blue,M,70,70.8,95.1,131,35.3,35.5,35.3,130,35.5,131,47.4,47.7,35.3 / 130,35.5 / 131
6766,NY,Blue,M,70,70.0,94.0,129,34.8,35.2,34.8,128,35.2,130,46.7,47.3,34.8 / 128,35.2 / 130
6766,NY,Blue/White,M,70,69.0,92.9,129,34.4,34.6,34.4,129,34.6,128,46.4,46.5,34.4 / 129,34.6 / 128
6766,NY,White,M,70,68.3,91.9,128,33.9,34.4,33.9,127,34.4,128,45.6,46.3,33.9 / 127,34.4 / 128
6766,NY,Red,M,70,66.8,89.0,120,32.7,34.1,32.7,117,34.1,122,43.7,45.3,32.7 / 117,34.1 / 122
6766,NY,Gold,M,70,65.7,87.3,116,32.5,33.2,32.5,114,33.2,117,43.2,44.1,32.5 / 114,33.2 / 117
6766,NY,White,F,73,73.1,104.0,132,35.8,37.3,35.8,129,37.3,135,50.9,53.1,35.8 / 129,37.3 / 135
6766,NY,Red,F,73,71.8,102.0,129,35.1,36.7,35.1,126,36.7,132,49.8,52.2,35.1 / 126,36.7 / 132
6766,NY,Gold,F,73,70.2,99.3,125,34.6,35.6,34.6,122,35.6,127,48.9,50.4,34.6 / 122,35.6 / 127
3367,NY,Blue,M,72,72.3,96.6,131,35.5,36.8,35.5,132,36.8,129,47.8,48.8,35.5 / 132,36.8 / 129
3367,NY,White,M,72,70.5,94.5,129,35.0,35.5,35.0,131,35.5,127,47.2,47.3,35.0 / 131,35.5 / 127
3367,NY,Green,M,72,68.4,91.1,123,34.0,34.4,34.0,123,34.4,122,45.4,45.7,34.0 / 123,34.4 / 122
3367,NY,Gold,M,72,65.8,86.7,113,32.5,33.3,32.5,112,33.3,113,42.9,43.8,32.5 / 112,33.3 / 113
3367,NY,Red,M,72,64.3,84.8,111,31.8,32.5,31.8,111,32.5,110,42.1,42.7,31.8 / 111,32.5 / 110
3367,NY,Forward,M,72,61.0,79.6,100,30.5,30.5,30.5,102,30.5,98,40.0,39.6,30.5 / 102,30.5 / 98
3367,NY,White,F,72,76.5,108.7,137,38.2,38.3,38.2,141,38.3,132,54.8,53.9,38.2 / 141,38.3 / 132
3367,NY,Green,F,71,73.8,104.2,129,36.7,37.1,36.7,131,37.1,126,52.2,52.0,36.7 / 131,37.1 / 126
3367,NY,Gold,F,72,70.7,100.2,125,34.9,35.8,34.9,129,35.8,121,50.1,50.1,34.9 / 129,35.8 / 121
3367,NY,Red,F,72,69.3,98.4,124,34.4,34.9,34.4,124,34.9,123,49.0,49.4,34.4 / 124,34.9 / 123
3367,NY,Forward,F,72,63.3,88.5,107,31.7,31.6,31.7,108,31.6,106,44.4,44.1,31.7 / 108,31.6 / 106
9310,NY,Blue,M,72,73.5,100.0,143,36.5,37.0,36.5,140,37.0,145,49.5,50.5,36.5 / 140,37.0 / 145
9310,NY,White,M,72,72.2,98.0,139,35.9,36.3,35.9,133,36.3,144,48.3,49.7,35.9 / 133,36.3 / 144
9310,NY,White/Gold,M,72,71.4,95.8,132,35.5,35.9,35.5,126,35.9,137,47.2,48.6,35.5 / 126,35.9 / 137
9310,NY,Gold,M,72,69.9,93.5,127,34.5,35.4,34.5,125,35.4,129,46.1,47.4,34.5 / 125,35.4 / 129
9310,NY,Red,M,72,67.2,89.9,122,33.1,34.1,33.1,118,34.1,126,44.1,45.8,33.1 / 118,34.1 / 126
9310,NY,Silver,M,72,64.0,84.8,112,31.7,32.3,31.7,110,32.3,114,41.9,42.9,31.7 / 110,32.3 / 114
9310,NY,Kistner Memorial #2,M,74,60.9,79.4,100,30.3,30.6,30.3,99,30.6,100,39.5,39.9,30.3 / 99,30.6 / 100
9310,NY,Kistner Memorial #1,M,74,57.1,74.7,95,28.3,28.8,28.3,93,28.8,97,36.9,37.8,28.3 / 93,28.8 / 97
9310,NY,Cayuga Cradle,M,54,52.6,68.8,87,26.6,26.0,26.6,89,26.0,85,34.9,33.9,26.6 / 89,26.0 / 85
9310,NY,Blue,F,74,79.7,113.8,145,39.5,40.2,39.5,142,40.2,148,56.2,57.6,39.5 / 142,40.2 / 148
9310,NY,White,F,74,78.0,111.3,141,38.7,39.3,38.7,138,39.3,144,55.0,56.3,38.7 / 138,39.3 / 144
9310,NY,White/Gold,F,74,76.9,109.6,139,38.2,38.7,38.2,136,38.7,142,54.2,55.4,38.2 / 136,38.7 / 142
9310,NY,Gold,F,74,75.3,107.2,135,37.3,38.0,37.3,132,38.0,138,52.9,54.3,37.3 / 132,38.0 / 138
9310,NY,Red,F,74,72.7,103.7,132,36.1,36.6,36.1,133,36.6,130,51.8,51.9,36.1 / 133,36.6 / 130
9310,NY,Silver,F,74,68.7,96.0,116,34.1,34.6,34.1,116,34.6,115,47.8,48.2,34.1 / 116,34.6 / 115
9310,NY,Kistner Memorial #2,F,74,63.8,89.3,109,31.6,32.2,31.6,109,32.2,108,44.4,44.9,31.6 / 109,32.2 / 108
9310,NY,Kistner Memorial Tee #1,F,74,59.1,80.9,92,29.2,29.9,29.2,92,29.9,92,40.1,40.8,29.2 / 92,29.9 / 92
9310,NY,Cayuga Cradle,F,54,55.3,76.4,90,27.9,27.4,27.9,91,27.4,88,38.6,37.8,27.9 / 91,27.4 / 88
6602,NY,Red,M,71,74.9,100.8,141,38.4,36.5,38.4,141,36.5,140,51.5,49.5,38.4 / 141,36.5 / 140
6602,NY,Black,M,71,73.8,99.5,139,37.6,36.2,37.6,138,36.2,139,50.4,49.1,37.6 / 138,36.2 / 139
6602,NY,Green,M,71,72.2,97.2,135,36.9,35.3,36.9,136,35.3,133,49.5,47.7,36.9 / 136,35.3 / 133
6602,NY,Blue/Green,M,71,71.0,96.0,134,35.7,35.3,35.7,135,35.3,133,48.3,47.7,35.7 / 135,35.3 / 133
6602,NY,Blue,M,71,70.3,95.2,133,35.7,34.6,35.7,135,34.6,132,48.3,46.9,35.7 / 135,34.6 / 132
6602,NY,Founders,M,71,68.6,92.8,130,34.0,34.6,34.0,128,34.6,132,45.9,46.9,34.0 / 128,34.6 / 132
6602,NY,Yellow,M,71,67.6,91.2,127,34.1,33.5,34.1,127,33.5,127,45.9,45.3,34.1 / 127,33.5 / 127
6602,NY,White,M,71,65.6,88.5,124,33.2,32.4,33.2,123,32.4,124,44.6,43.9,33.2 / 123,32.4 / 124
6602,NY,Family Tee 2,M,65,60.5,81.1,111,30.4,30.1,30.4,109,30.1,113,40.5,40.6,30.4 / 109,30.1 / 113
6602,NY,Family Tee 1,M,57,58.2,77.7,105,29.0,29.2,29.0,103,29.2,107,38.6,39.1,29.0 / 103,29.2 / 107
6602,NY,Yellow,F,71,73.4,105.0,135,37.4,36.0,37.4,136,36.0,132,53.4,51.6,37.4 / 136,36.0 / 132
6602,NY,White,F,71,70.6,100.7,128,36.2,34.4,36.2,129,34.4,126,51.4,49.3,36.2 / 129,34.4 / 126
6602,NY,Family Tee 2,F,65,63.9,90.1,111,32.7,31.2,32.7,118,31.2,104,46.6,43.5,32.7 / 118,31.2 / 104
6602,NY,Family Tee 1,F,57,60.6,84.4,102,30.6,30.0,30.6,103,30.0,101,42.6,41.8,30.6 / 103,30.0 / 101
6839,NY,Blue,M,70,71.3,95.9,132,35.8,35.5,35.8,131,35.5,133,48.0,47.9,35.8 / 131,35.5 / 133
6839,NY,Blue/White,M,70,70.7,95.1,131,35.6,35.1,35.6,130,35.1,132,47.7,47.4,35.6 / 130,35.1 / 132
6839,NY,White,M,70,69.8,93.9,130,35.1,34.7,35.1,128,34.7,131,47.0,46.9,35.1 / 128,34.7 / 131
6839,NY,Gold,M,70,66.9,88.6,117,33.4,33.5,33.4,118,33.5,115,44.4,44.2,33.4 / 118,33.5 / 115
6839,NY,White,F,71,75.8,109.6,141,37.9,37.5,37.9,135,37.5,136,53.8,53.5,37.9 / 135,37.5 / 136
6839,NY,Gold,F,71,72.0,102.8,132,36.3,35.7,36.3,132,35.7,130,51.8,51.0,36.3 / 132,35.7 / 130
6839,NY,Red,F,71,71.5,102.0,130,36.1,35.4,36.1,131,35.4,128,51.5,50.5,36.1 / 131,35.4 / 128
3892,NY,Green,M,72,71.7,97.5,139,35.8,35.9,35.8,140,35.9,138,48.8,48.7,35.8 / 140,35.9 / 138
3892,NY,White,M,72,70.1,95.5,137,34.9,35.2,34.9,138,35.2,136,47.7,47.8,34.9 / 138,35.2 / 136
3892,NY,Silver,M,72,66.8,89.7,124,33.0,33.8,33.0,123,33.8,124,44.4,45.3,33.0 / 123,33.8 / 124
3892,NY,Red,M,72,65.8,88.0,120,32.5,33.3,32.5,122,33.3,117,43.8,44.2,32.5 / 122,33.3 / 117
3892,NY,White,F,72,76.1,109.3,141,37.9,38.2,37.9,137,38.2,145,54.0,55.3,37.9 / 137,38.2 / 145
3892,NY,Silver,F,72,71.8,103.1,133,35.5,36.3,35.5,132,36.3,133,51.1,52.0,35.5 / 132,36.3 / 133
3892,NY,Red,F,72,70.5,100.6,128,34.7,35.8,34.7,130,35.8,126,50.0,50.6,34.7 / 130,35.8 / 126
32385,NY,Black,M,72,71.1,93.6,121,34.3,36.8,34.3,114,36.8,128,44.9,48.7,34.3 / 114,36.8 / 128
32385,NY,White,M,72,66.7,87.4,112,32.5,34.2,32.5,110,34.2,113,42.7,44.7,32.5 / 110,34.2 / 113
32385,NY,Red,M,72,63.5,81.1,95,31.1,32.4,31.1,89,32.4,100,39.4,41.7,31.1 / 89,32.4 / 100
32385,NY,Gold,M,72,61.5,78.4,91,30.4,31.1,30.4,86,31.1,96,38.4,40.0,30.4 / 86,31.1 / 96
32385,NY,White,F,74,72.0,99.5,117,34.9,37.1,34.9,112,37.1,121,48.1,51.4,34.9 / 112,37.1 / 121
32385,NY,Red,F,74,67.6,93.3,109,32.9,34.7,32.9,103,34.7,114,45.1,48.2,32.9 / 103,34.7 / 114
32385,NY,Gold,F,74,64.8,89.0,103,31.8,33.0,31.8,99,33.0,106,43.5,45.5,31.8 / 99,33.0 / 106
6770,NY,Black,M,70,72.8,99.1,142,35.6,37.2,35.6,141,37.2,142,48.8,50.3,35.6 / 141,37.2 / 142
6770,NY,Black/Blue,M,70,72.1,98.3,141,35.3,36.8,35.3,141,36.8,141,48.4,49.9,35.3 / 141,36.8 / 141
6770,NY,Blue,M,70,71.7,97.9,141,35.1,36.6,35.1,140,36.6,141,48.2,49.7,35.1 / 140,36.6 / 141
6770,NY,White,M,70,70.2,95.8,138,34.9,35.3,34.9,136,35.3,140,47.6,48.2,34.9 / 136,35.3 / 140
6770,NY,Green,M,70,67.4,91.8,131,33.5,33.9,33.5,129,33.9,133,45.6,46.2,33.5 / 129,33.9 / 133
6770,NY,Bambino,M,73,58.9,79.9,113,29.6,29.3,29.6,108,29.3,118,39.7,40.2,29.6 / 108,29.3 / 118
6770,NY,White,F,71,75.9,109.1,141,37.5,38.4,37.5,138,38.4,144,53.7,55.4,37.5 / 138,38.4 / 144
6770,NY,Green,F,71,72.7,104.5,134,36.0,36.7,36.0,131,36.7,138,51.5,53.0,36.0 / 131,36.7 / 138
6770,NY,Red,F,71,71.9,103.4,133,35.7,36.2,35.7,130,36.2,137,51.1,52.3,35.7 / 130,36.2 / 137
6770,NY,Bambino,F,73,61.5,88.2,113,30.8,30.7,30.8,111,30.7,115,43.9,44.3,30.8 / 111,30.7 / 115
3328,NY,Blue,M,72,70.8,94.4,127,34.8,36.0,34.8,125,36.0,129,46.4,48.0,34.8 / 125,36.0 / 129
3328,NY,White,M,72,68.6,91.1,122,33.9,34.7,33.9,121,34.7,122,45.1,46.0,33.9 / 121,34.7 / 122
3328,NY,Red,M,72,64.6,85.6,113,32.9,31.7,32.9,114,31.7,112,43.5,42.1,32.9 / 114,31.7 / 112
3328,NY,White,F,72,74.5,105.9,134,36.9,37.6,36.9,130,37.6,137,52.2,53.7,36.9 / 130,37.6 / 137
3328,NY,Red,F,72,69.9,98.6,122,35.5,34.4,35.5,127,34.4,116,50.5,48.1,35.5 / 127,34.4 / 116
6603,NY,Yellow,M,71,71.7,95.3,127,35.4,36.3,35.4,128,36.3,126,47.3,48.0,35.4 / 128,36.3 / 126
6603,NY,Blue,M,72,70.5,93.6,125,34.8,35.7,34.8,126,35.7,123,46.5,47.1,34.8 / 126,35.7 / 123
6603,NY,White,M,72,68.5,90.8,120,33.8,34.7,33.8,121,34.7,119,45.0,45.8,33.8 / 121,34.7 / 119
6603,NY,Red,M,70,64.6,85.4,112,32.2,32.4,32.2,113,32.4,111,42.7,42.7,32.2 / 113,32.4 / 111
6603,NY,Yellow,F,72,77.4,110.4,139,38.1,39.3,38.1,138,39.3,140,54.5,55.9,38.1 / 138,39.3 / 140
6603,NY,Blue,F,72,76.1,108.4,136,37.5,38.6,37.5,134,38.6,138,53.4,55.0,37.5 / 134,38.6 / 138
6603,NY,White,F,72,73.4,103.5,131,36.1,37.3,36.1,131,37.3,132,51.6,53.0,36.1 / 131,37.3 / 132
6603,NY,Red,F,72,68.8,97.9,121,34.2,34.6,34.2,122,34.6,121,48.7,49.0,34.2 / 122,34.6 / 121
3305,NY,Blue,M,72,71.3,94.8,127,35.0,36.3,35.0,126,36.3,127,46.7,48.1,35.0 / 126,36.3 / 127
3305,NY,White,M,72,68.3,90.1,117,33.7,34.6,33.7,116,34.6,118,44.5,45.6,33.7 / 116,34.6 / 118
3305,NY,Gold,M,72,64.3,83.7,104,31.6,32.7,31.6,104,32.7,104,41.3,42.4,31.6 / 104,32.7 / 104
3305,NY,Red,M,72,63.3,82.0,101,30.8,32.5,30.8,98,32.5,103,39.9,42.1,30.8 / 98,32.5 / 103
3305,NY,White,F,73,74.0,103.7,126,36.7,37.3,36.7,123,37.3,129,51.2,52.5,36.7 / 123,37.3 / 129
3305,NY,Gold,F,73,69.3,96.4,115,34.2,35.1,34.2,114,35.1,115,47.7,48.7,34.2 / 114,35.1 / 115
3305,NY,Red,F,73,67.7,94.2,112,33.0,34.7,33.0,110,34.7,114,46.0,48.2,33.0 / 110,34.7 / 114
3304,NY,Blue,M,72,69.9,94.0,130,34.9,35.0,34.9,127,35.0,132,46.7,47.3,34.9 / 127,35.0 / 132
3304,NY,White,M,72,68.5,90.8,120,34.3,34.2,34.3,117,34.2,123,45.2,45.6,34.3 / 117,34.2 / 123
3304,NY,Gold,M,72,64.7,86.1,115,32.2,32.5,32.2,116,32.5,114,43.0,43.1,32.2 / 116,32.5 / 114
3304,NY,Red,M,72,62.3,81.5,104,31.1,31.2,31.1,108,31.2,99,41.1,40.4,31.1 / 108,31.2 / 99
3304,NY,White,F,72,74.0,105.5,134,36.9,37.1,36.9,132,37.1,135,52.5,53.0,36.9 / 132,37.1 / 135
3304,NY,Gold,F,72,69.6,97.9,120,34.8,34.8,34.8,118,34.8,122,48.7,49.2,34.8 / 118,34.8 / 122
3304,NY,Red,F,72,66.0,92.1,111,33.1,32.9,33.1,114,32.9,108,46.5,45.6,33.1 / 114,32.9 / 108
3842,NY,Gold,M,72,74.6,99.7,136,37.1,37.5,37.1,135,37.5,136,49.6,50.1,37.1 / 135,37.5 / 136
3842,NY,Blue,M,72,72.7,97.2,132,36.4,36.3,36.4,132,36.3,131,48.7,48.5,36.4 / 132,36.3 / 131
3842,NY,White,M,72,70.4,94.4,129,35.1,35.3,35.1,130,35.3,128,47.2,47.2,35.1 / 130,35.3 / 128
3842,NY,Green,M,72,68.3,90.9,122,34.1,34.2,34.1,123,34.2,121,45.5,45.4,34.1 / 123,34.2 / 121
3842,NY,Black,M,72,64.8,86.4,116,32.4,32.4,32.4,117,32.4,115,43.3,43.1,32.4 / 117,32.4 / 115
3842,NY,Green,F,72,73.7,104.1,129,37.1,36.6,37.1,128,36.6,130,52.2,51.9,37.1 / 128,36.6 / 130
3842,NY,Black,F,72,69.3,97.6,120,34.8,34.5,34.8,119,34.5,121,48.8,48.8,34.8 / 119,34.5 / 121
13727,NY,Black,M,71,71.5,94.4,124,35.3,36.2,35.3,122,36.2,125,46.6,47.8,35.3 / 122,36.2 / 125
13727,NY,Green,M,71,70.3,93.0,122,34.9,35.4,34.9,118,35.4,126,45.9,47.1,34.9 / 118,35.4 / 126
13727,NY,Gold,M,71,65.8,85.6,107,32.1,33.7,32.1,101,33.7,112,41.5,44.1,32.1 / 101,33.7 / 112
9301,NY,Black,M,72,73.1,98.5,137,36.4,36.7,36.4,132,36.7,141,48.7,49.8,36.4 / 132,36.7 / 141
9301,NY,Green,M,72,72.0,96.8,134,36.1,35.9,36.1,132,35.9,135,48.4,48.4,36.1 / 132,35.9 / 135
9301,NY,Blue,M,72,70.9,95.1,130,35.7,35.2,35.7,127,35.2,133,47.5,47.6,35.7 / 127,35.2 / 133
9301,NY,White,M,72,68.0,91.1,125,34.5,33.5,34.5,126,33.5,123,46.2,44.9,34.5 / 126,33.5 / 123
9301,NY,White,F,72,73.3,104.4,132,37.3,36.0,37.3,136,36.0,128,53.3,51.1,37.3 / 136,36.0 / 128
9301,NY,Red,F,72,69.7,99.0,124,35.3,34.4,35.3,127,34.4,121,50.3,48.7,35.3 / 127,34.4 / 121
3364,NY,Green,M,72,73.5,99.9,142,35.6,37.9,35.6,132,37.9,152,47.9,52.0,35.6 / 132,37.9 / 152
3364,NY,White,M,72,71.4,96.6,136,34.8,36.6,34.8,126,36.6,145,46.5,50.1,34.8 / 126,36.6 / 145
3364,NY,Blue/White,M,72,69.6,93.4,128,34.0,35.6,34.0,119,35.6,137,45.1,48.3,34.0 / 119,35.6 / 137
3364,NY,Blue,M,72,68.8,92.4,127,33.4,35.4,33.4,116,35.4,138,44.2,48.2,33.4 / 116,35.4 / 138
3364,NY,Gold,M,72,66.6,89.4,123,32.9,33.7,32.9,116,33.7,129,43.7,45.7,32.9 / 116,33.7 / 129
3364,NY,White,F,74,77.9,112.2,145,37.6,40.3,37.6,142,40.3,148,54.4,57.8,37.6 / 142,40.3 / 148
3364,NY,Blue/White,F,74,76.0,108.6,138,36.7,39.3,36.7,133,39.3,143,52.4,56.2,36.7 / 133,39.3 / 143
3364,NY,Blue,F,74,75.4,108.0,138,36.2,39.2,36.2,132,39.2,144,51.8,56.2,36.2 / 132,39.2 / 144
3364,NY,Gold,F,74,72.9,104.8,136,35.8,37.1,35.8,129,37.1,142,51.0,53.8,35.8 / 129,37.1 / 142
6604,NY,Black,M,71,74.8,101.5,144,36.8,38.0,36.8,140,38.0,147,49.8,51.7,36.8 / 140,38.0 / 147
6604,NY,Hybrid,M,71,73.4,99.3,140,36.0,37.4,36.0,136,37.4,143,48.6,50.7,36.0 / 136,37.4 / 143
6604,NY,Blue,M,71,71.5,96.7,136,35.2,36.3,35.2,135,36.3,137,47.7,49.0,35.2 / 135,36.3 / 137
6604,NY,Blue/White,M,71,69.9,94.5,132,34.5,35.4,34.5,132,35.4,132,46.8,47.7,34.5 / 132,35.4 / 132
6604,NY,White,M,71,67.9,91.4,127,33.0,34.9,33.0,123,34.9,130,44.4,47.0,33.0 / 123,34.9 / 130
6604,NY,White,F,72,74.0,104.6,130,35.9,38.1,35.9,125,38.1,135,50.6,54.0,35.9 / 125,38.1 / 135
6604,NY,White/Red,F,72,72.3,102.1,126,35.4,36.9,35.4,121,36.9,131,49.7,52.4,35.4 / 121,36.9 / 131
6604,NY,Red,F,72,70.9,100.0,123,34.5,36.4,34.5,115,36.4,131,48.1,51.9,34.5 / 115,36.4 / 131
13762,NY,White,M,72,69.3,92.8,127,34.4,34.9,34.4,123,34.9,130,45.8,47.0,34.4 / 123,34.9 / 130
13762,NY,Silver,M,72,66.8,88.7,118,32.9,33.9,32.9,118,33.9,117,43.9,44.8,32.9 / 118,33.9 / 117
13762,NY,Red,F,72,68.7,96.0,116,34.4,34.3,34.4,120,34.3,111,48.6,47.4,34.4 / 120,34.3 / 111
6851,NY,Black,M,70,72.7,97.7,135,36.3,36.4,36.3,138,36.4,131,49.1,48.6,36.3 / 138,36.4 / 131
6851,NY,Black/Blue,M,70,71.5,96.0,132,35.5,36.0,35.5,135,36.0,129,48.0,48.0,35.5 / 135,36.0 / 129
6851,NY,Blue,M,70,70.7,94.8,130,35.1,35.6,35.1,132,35.6,127,47.4,47.4,35.1 / 132,35.6 / 127
6851,NY,Blue/Silver,M,70,69.0,92.7,128,34.2,34.8,34.2,128,34.8,127,46.1,46.6,34.2 / 128,34.8 / 127
6851,NY,Silver,M,70,67.3,90.1,123,33.3,34.0,33.3,122,34.0,124,44.6,45.5,33.3 / 122,34.0 / 124
6851,NY,Silver/Green,M,70,66.1,88.5,121,32.6,33.5,32.6,119,33.5,122,43.7,44.8,32.6 / 119,33.5 / 122
6851,NY,Green,M,70,64.9,86.9,118,32.3,32.6,32.3,118,32.6,118,43.3,43.6,32.3 / 118,32.6 / 118
6851,NY,Silver,F,72,72.7,103.7,132,35.8,36.9,35.8,126,36.9,137,50.7,53.0,35.8 / 126,36.9 / 137
6851,NY,Silver/Green,F,72,71.3,101.6,129,35.0,36.3,35.0,123,36.3,134,49.5,52.1,35.0 / 123,36.3 / 134
6851,NY,Green,F,72,70.0,99.5,125,34.7,35.3,34.7,121,35.3,129,49.0,50.5,34.7 / 121,35.3 / 129
6827,NY,Blue,M,34,33.3,43.9,114,33.3,,33.3,114,,,43.9,,33.3 / 114,/
6827,NY,Blue,F,72,71.5,100.4,123,35.7,35.8,35.7,123,35.8,122,50.2,50.2,35.7 / 123,35.8 / 122
6827,NY,Red,F,68,69.0,96.8,118,34.5,34.5,34.5,118,34.5,118,48.4,48.4,34.5 / 118,34.5 / 118
6826,NY,Gold,M,72,74.0,100.0,140,37.0,37.0,37.0,140,37.0,140,50.1,49.9,37.0 / 140,37.0 / 140
6826,NY,Blue,M,72,72.4,98.1,138,36.0,36.4,36.0,138,36.4,138,48.8,49.3,36.0 / 138,36.4 / 138
6826,NY,Member - Temp,M,72,71.0,96.0,135,35.5,35.5,35.5,133,35.5,136,47.9,48.1,35.5 / 133,35.5 / 136
6826,NY,White,M,72,70.3,94.7,131,34.7,35.6,34.7,133,35.6,129,47.1,47.6,34.7 / 133,35.6 / 129
6826,NY,Green,M,72,67.5,90.9,126,33.4,34.1,33.4,132,34.1,120,45.7,45.2,33.4 / 132,34.1 / 120
6826,NY,Green / Red,M,72,66.1,88.5,121,32.8,33.3,32.8,123,33.3,118,44.2,44.3,32.8 / 123,33.3 / 118
6826,NY,Red,M,72,65.2,87.6,121,32.4,32.8,32.4,124,32.8,117,43.9,43.7,32.4 / 124,32.8 / 117
6826,NY,Blue,F,72,78.9,113.6,148,39.0,39.9,39.0,147,39.9,148,56.3,57.3,39.0 / 147,39.9 / 148
6826,NY,White,F,72,76.2,109.8,142,37.7,38.5,37.7,142,38.5,142,54.5,55.3,37.7 / 142,38.5 / 142
6826,NY,Green,F,72,72.8,104.3,134,36.2,36.6,36.2,134,36.6,133,52.0,52.3,36.2 / 134,36.6 / 133
6826,NY,Green / Red,F,72,71.0,101.2,128,35.2,35.8,35.2,127,35.8,129,50.2,51.0,35.2 / 127,35.8 / 129
6826,NY,Red,F,72,69.1,97.0,119,34.4,34.7,34.4,122,34.7,115,48.8,48.2,34.4 / 122,34.7 / 115
6826,NY,Red / Yellow,F,72,68.9,96.7,118,34.2,34.7,34.2,121,34.7,115,48.5,48.2,34.2 / 121,34.7 / 115
21186,NY,Blue,M,36,36.7,49.4,137,36.7,,36.7,137,,,49.4,,36.7 / 137,/
21186,NY,White,M,35,35.1,47.5,133,35.1,,35.1,133,,,47.5,,35.1 / 133,/
21186,NY,Green,M,34,33.5,44.8,122,33.5,,33.5,122,,,44.8,,33.5 / 122,/
21186,NY,White,F,36,37.6,53.6,136,37.6,,37.6,136,,,53.6,,37.6 / 136,/
21186,NY,Green,F,36,36.2,52.2,136,36.2,,36.2,136,,,52.2,,36.2 / 136,/
21186,NY,Red,F,36,34.9,49.8,126,34.9,,34.9,126,,,49.8,,34.9 / 126,/
3828,NY,Blue,M,72,72.0,98.0,140,35.0,37.0,35.0,139,37.0,141,47.9,50.1,35.0 / 139,37.0 / 141
3828,NY,White,M,72,70.0,95.3,137,34.6,35.4,34.6,135,35.4,138,47.1,48.2,34.6 / 135,35.4 / 138
3828,NY,Gold,M,72,66.3,89.2,124,33.1,33.2,33.1,121,33.2,126,44.3,44.9,33.1 / 121,33.2 / 126
3828,NY,Red,M,72,64.9,86.9,119,31.8,33.1,31.8,112,33.1,125,42.2,44.7,31.8 / 112,33.1 / 125
3828,NY,Gold,F,72,71.8,103.3,134,35.7,36.1,35.7,134,36.1,133,51.5,51.8,35.7 / 134,36.1 / 133
3828,NY,Red,F,73,70.1,100.2,128,34.1,36.0,34.1,126,36.0,130,48.9,51.3,34.1 / 126,36.0 / 130
3829,NY,Blue,M,71,72.7,98.9,141,35.9,36.8,35.9,140,36.8,142,48.9,50.0,35.9 / 140,36.8 / 142
3829,NY,White,M,71,69.8,95.3,138,34.1,35.7,34.1,136,35.7,139,46.7,48.6,34.1 / 136,35.7 / 139
3829,NY,Gold,M,71,66.1,89.7,127,32.7,33.4,32.7,125,33.4,129,44.3,45.4,32.7 / 125,33.4 / 129
3829,NY,Red,M,71,64.7,86.7,118,32.3,32.4,32.3,118,32.4,118,43.3,43.4,32.3 / 118,32.4 / 118
3829,NY,White,F,72,76.1,109.7,143,37.2,38.9,37.2,137,38.9,148,53.4,56.3,37.2 / 137,38.9 / 148
3829,NY,Gold,F,72,72.0,102.3,129,35.7,36.3,35.7,123,36.3,134,50.2,52.1,35.7 / 123,36.3 / 134
3829,NY,Red,F,72,69.8,100.1,129,35.0,34.8,35.0,123,34.8,134,49.5,50.6,35.0 / 123,34.8 / 134
6837,NY,Black,M,72,75.3,103.3,151,37.4,37.9,37.4,153,37.9,149,51.6,51.7,37.4 / 153,37.9 / 149
6837,NY,Black/Gold,M,72,75.2,103.0,150,37.6,37.6,37.6,149,37.6,151,51.4,51.6,37.6 / 149,37.6 / 151
6837,NY,Gold,M,72,73.7,101.0,147,36.9,36.8,36.9,152,36.8,142,51.0,50.0,36.9 / 152,36.8 / 142
6837,NY,Gold/Blue,M,72,73.4,100.0,143,36.9,36.5,36.9,142,36.5,144,50.1,49.9,36.9 / 142,36.5 / 144
6837,NY,BLUE,M,72,71.6,98.0,141,35.8,35.8,35.8,144,35.8,138,49.3,48.7,35.8 / 144,35.8 / 138
6837,NY,Blue/White,M,72,70.2,96.3,141,35.4,34.8,35.4,140,34.8,141,48.4,47.9,35.4 / 140,34.8 / 141
6837,NY,White,M,72,69.0,94.0,135,34.8,34.2,34.8,128,34.2,141,46.7,47.3,34.8 / 128,34.2 / 141
6837,NY,Jade,M,72,65.0,88.3,126,32.6,32.4,32.6,123,32.4,128,44.0,44.3,32.6 / 123,32.4 / 128
6837,NY,White,F,72,74.4,107.5,141,37.1,37.3,37.1,145,37.3,136,54.2,53.3,37.1 / 145,37.3 / 136
6837,NY,White/Jade,F,72,72.5,104.3,135,36.2,36.3,36.2,138,36.3,131,52.5,51.8,36.2 / 138,36.3 / 131
6837,NY,Jade,F,72,70.7,101.9,133,35.4,35.3,35.4,132,35.3,133,50.9,51.0,35.4 / 132,35.3 / 133
6908,NY,Tour,M,72,74.9,101.8,145,36.5,38.4,36.5,145,38.4,144,50.0,51.8,36.5 / 145,38.4 / 144
6908,NY,Championship,M,72,72.6,98.5,140,35.4,37.2,35.4,136,37.2,143,48.0,50.5,35.4 / 136,37.2 / 143
6908,NY,Combination,M,72,71.9,97.7,139,35.2,36.7,35.2,138,36.7,140,48.0,49.7,35.2 / 138,36.7 / 140
6908,NY,Players,M,72,71.0,96.6,138,34.8,36.2,34.8,137,36.2,139,47.5,49.1,34.8 / 137,36.2 / 139
6908,NY,Resort,M,72,68.9,93.5,132,33.7,35.2,33.7,131,35.2,133,45.9,47.6,33.7 / 131,35.2 / 133
6908,NY,Gold,M,65,61.6,80.2,100,31.2,30.4,31.2,99,30.4,101,40.4,39.8,31.2 / 99,30.4 / 101
6908,NY,Players,F,72,75.8,108.6,139,37.4,38.4,37.4,133,38.4,145,53.1,55.5,37.4 / 133,38.4 / 145
6908,NY,Resort,F,72,72.3,103.0,130,35.4,36.9,35.4,126,36.9,134,50.3,52.7,35.4 / 126,36.9 / 134
6908,NY,Combo,F,72,70.6,100.2,126,35.1,35.5,35.1,125,35.5,126,49.8,50.4,35.1 / 125,35.5 / 126
6908,NY,Mansion,F,72,67.7,95.5,118,34.1,33.6,34.1,117,33.6,119,47.9,47.6,34.1 / 117,33.6 / 119
33712,NY,Blue,M,70,71.3,95.7,132,35.4,35.9,35.4,128,35.9,135,47.3,48.4,35.4 / 128,35.9 / 135
33712,NY,White,M,70,68.5,92.1,127,33.8,34.7,33.8,125,34.7,129,45.4,46.7,33.8 / 125,34.7 / 129
33712,NY,Gold,M,70,64.8,86.6,117,32.5,32.3,32.5,116,32.3,118,43.3,43.3,32.5 / 116,32.3 / 118
33712,NY,Red,M,70,62.7,83.2,110,31.6,31.1,31.6,105,31.1,115,41.4,41.8,31.6 / 105,31.1 / 115
33712,NY,White,F,70,74.6,105.5,131,36.8,37.8,36.8,128,37.8,134,51.9,53.6,36.8 / 128,37.8 / 134
33712,NY,Gold,F,70,70.0,99.0,123,34.9,35.1,34.9,126,35.1,120,49.8,49.2,34.9 / 126,35.1 / 120
33712,NY,Red,F,70,66.7,93.9,116,33.2,33.5,33.2,119,33.5,112,47.2,46.7,33.2 / 119,33.5 / 112
23670,NY,Blue,M,71,71.2,95.1,130,36.5,34.7,36.5,130,34.7,129,48.5,46.6,36.5 / 130,34.7 / 129
23670,NY,White,M,71,69.6,93.0,126,35.6,34.0,35.6,128,34.0,124,47.5,45.5,35.6 / 128,34.0 / 124
23670,NY,Gold,M,71,65.7,87.5,117,33.1,32.6,33.1,119,32.6,115,44.2,43.3,33.1 / 119,32.6 / 115
23670,NY,Blue,F,73,77.0,109.1,136,39.4,37.6,39.4,137,37.6,135,55.6,53.5,39.4 / 137,37.6 / 135
23670,NY,White,F,74,75.1,106.3,133,38.4,36.7,38.4,134,36.7,131,54.2,52.1,38.4 / 134,36.7 / 131
23670,NY,Gold,F,74,71.0,100.1,124,35.8,35.2,35.8,122,35.2,125,50.2,49.9,35.8 / 122,35.2 / 125
21210,NY,Blue,M,70,68.2,91.4,125,34.3,33.9,34.3,132,33.9,117,46.6,44.8,34.3 / 132,33.9 / 117
21210,NY,White,M,70,67.2,89.1,118,33.4,33.8,33.4,121,33.8,115,44.6,44.5,33.4 / 121,33.8 / 115
21210,NY,Gold,M,70,63.2,82.6,104,31.7,31.5,31.7,105,31.5,103,41.5,41.1,31.7 / 105,31.5 / 103
21210,NY,Red,M,70,63.0,82.3,104,31.5,31.5,31.5,103,31.5,104,41.1,41.2,31.5 / 103,31.5 / 104
21210,NY,Blue,F,70,73.7,107.1,142,37.3,36.4,37.3,150,36.4,133,55.0,52.1,37.3 / 150,36.4 / 133
21210,NY,White,F,70,72.6,105.0,137,36.4,36.2,36.4,143,36.2,131,53.3,51.7,36.4 / 143,36.2 / 131
21210,NY,Gold,F,70,67.2,95.3,119,33.3,33.9,33.3,122,33.9,116,47.7,47.6,33.3 / 122,33.9 / 116
21210,NY,Red,F,70,66.5,93.6,115,32.9,33.6,32.9,119,33.6,111,46.9,46.7,32.9 / 119,33.6 / 111
13744,NY,Blue,M,72,73.1,97.3,130,36.0,37.1,36.0,130,37.1,130,48.1,49.2,36.0 / 130,37.1 / 130
13744,NY,White,M,72,71.0,94.1,125,34.9,36.1,34.9,124,36.1,125,46.4,47.7,34.9 / 124,36.1 / 125
13744,NY,Gold,M,71,67.7,89.5,117,33.2,34.5,33.2,116,34.5,118,44.0,45.5,33.2 / 116,34.5 / 118
13744,NY,Red,M,71,63.6,83.5,108,31.4,32.2,31.4,108,32.2,107,41.4,42.1,31.4 / 108,32.2 / 107
13744,NY,Gold,F,72,72.1,100.1,119,35.5,36.6,35.5,116,36.6,121,49.2,50.9,35.5 / 116,36.6 / 121
13744,NY,Red,F,72,67.2,93.4,111,33.3,33.9,33.3,109,33.9,113,46.2,47.2,33.3 / 109,33.9 / 113
3859,NY,Blue,M,72,73.1,98.5,137,36.6,36.5,36.6,136,36.5,138,49.2,49.3,36.6 / 136,36.5 / 138
3859,NY,White,M,72,71.2,95.7,132,35.3,35.9,35.3,129,35.9,135,47.3,48.4,35.3 / 129,35.9 / 135
3859,NY,Gold,M,72,66.3,89.3,124,33.1,33.2,33.1,122,33.2,126,44.4,44.9,33.1 / 122,33.2 / 126
3859,NY,Red,M,72,64.4,87.0,122,32.3,32.1,32.3,119,32.1,124,43.4,43.6,32.3 / 119,32.1 / 124
3859,NY,Black,M,72,60.9,81.6,112,30.5,30.4,30.5,110,30.4,113,40.7,40.9,30.5 / 110,30.4 / 113
3859,NY,Gold,F,72,71.7,101.9,128,35.7,36.0,35.7,126,36.0,130,50.6,51.3,35.7 / 126,36.0 / 130
3859,NY,Red,F,72,69.6,99.3,126,34.8,34.8,34.8,124,34.8,128,49.4,49.9,34.8 / 124,34.8 / 128
3859,NY,Black,F,72,64.8,92.0,116,32.4,32.4,32.4,112,32.4,119,45.6,46.4,32.4 / 112,32.4 / 119
6841,NY,Blue,M,72,71.5,94.9,126,35.2,36.3,35.2,130,36.3,122,47.3,47.6,35.2 / 130,36.3 / 122
6841,NY,White,M,72,69.7,92.3,122,34.5,35.2,34.5,125,35.2,118,46.1,46.2,34.5 / 125,35.2 / 118
6841,NY,Gold,M,72,67.6,89.3,117,33.5,34.1,33.5,118,34.1,115,44.5,44.8,33.5 / 118,34.1 / 115
6841,NY,White,F,72,74.8,104.0,124,37.2,37.6,37.2,124,37.6,124,51.8,52.2,37.2 / 124,37.6 / 124
6841,NY,Gold,F,72,71.8,100.4,122,35.8,36.0,35.8,126,36.0,117,50.6,49.8,35.8 / 126,36.0 / 117
6841,NY,Red,F,72,70.4,98.0,117,35.0,35.4,35.0,119,35.4,115,49.0,49.0,35.0 / 119,35.4 / 115
3834,NY,Blue,M,70,69.8,94.1,131,34.7,35.1,34.7,128,35.1,133,46.6,47.5,34.7 / 128,35.1 / 133
3834,NY,White,M,70,68.0,91.0,124,33.6,34.4,33.6,121,34.4,127,44.8,46.2,33.6 / 121,34.4 / 127
3834,NY,Gold,M,70,66.2,87.3,114,33.4,32.8,33.4,115,32.8,112,44.1,43.2,33.4 / 115,32.8 / 112
3834,NY,Red,F,72,69.8,98.3,121,35.5,34.3,35.5,121,34.3,120,49.8,48.5,35.5 / 121,34.3 / 120
3688,NY,Gold,M,72,72.2,96.7,132,36.6,35.6,36.6,136,35.6,128,49.2,47.5,36.6 / 136,35.6 / 128
3688,NY,White,M,72,70.9,94.8,129,36.0,34.9,36.0,131,34.9,126,48.2,46.6,36.0 / 131,34.9 / 126
3688,NY,White/Green,M,72,68.9,92.7,128,34.9,34.0,34.9,129,34.0,127,46.9,45.8,34.9 / 129,34.0 / 127
3688,NY,Green,M,72,67.2,89.4,120,34.3,32.9,34.3,116,32.9,123,45.1,44.3,34.3 / 116,32.9 / 123
3688,NY,White,F,72,76.3,108.8,138,38.7,37.6,38.7,141,37.6,135,55.3,53.5,38.7 / 141,37.6 / 135
3688,NY,White/Green,F,72,73.9,105.2,133,37.4,36.5,37.4,136,36.5,130,53.4,51.8,37.4 / 136,36.5 / 130
3688,NY,Green,F,72,71.5,101.6,128,36.3,35.2,36.3,131,35.2,125,51.7,49.9,36.3 / 131,35.2 / 125
3688,NY,Red,F,72,68.9,97.5,122,35.1,33.8,35.1,125,33.8,118,49.8,47.7,35.1 / 125,33.8 / 118
6710,NY,Blue,M,72,75.3,102.0,143,38.0,37.3,38.0,141,37.3,145,51.1,50.9,38.0 / 141,37.3 / 145
6710,NY,Blue Comp.,M,72,73.3,99.5,140,36.9,36.4,36.9,139,36.4,141,49.9,49.6,36.9 / 139,36.4 / 141
6710,NY,Red,M,72,72.8,98.2,138,36.7,36.1,36.7,136,36.1,139,49.2,49.0,36.7 / 136,36.1 / 139
6710,NY,Red Comp.,M,72,70.9,96.1,136,35.4,35.5,35.4,137,35.5,135,48.1,48.0,35.4 / 137,35.5 / 135
6710,NY,Gold,M,72,70.0,94.5,132,35.1,34.9,35.1,130,34.9,133,47.2,47.3,35.1 / 130,34.9 / 133
6710,NY,Gold Comp.,M,72,68.8,92.8,129,34.1,34.7,34.1,130,34.7,128,46.2,46.6,34.1 / 130,34.7 / 128
6710,NY,White,M,72,67.0,89.8,123,33.3,33.7,33.3,122,33.7,124,44.6,45.2,33.3 / 122,33.7 / 124
6710,NY,Gold,F,72,76.3,109.3,139,38.1,38.2,38.1,141,38.2,137,54.9,54.4,38.1 / 141,38.2 / 137
6710,NY,White/Gold,F,72,74.9,107.1,137,37.3,37.6,37.3,137,37.6,136,53.5,53.6,37.3 / 137,37.6 / 136
6710,NY,White,F,72,72.5,102.8,129,36.1,36.4,36.1,128,36.4,129,51.2,51.6,36.1 / 128,36.4 / 129
3726,NY,White/Red,M,72,72.3,96.6,131,36.5,35.8,36.5,133,35.8,128,48.9,47.7,36.5 / 133,35.8 / 128
3726,NY,Green/Orange,M,72,66.9,88.9,119,33.3,33.6,33.3,121,33.6,116,44.5,44.4,33.3 / 121,33.6 / 116
3726,NY,Yellow/Yellow,M,72,65.4,86.4,113,32.7,32.7,32.7,113,32.7,113,43.2,43.2,32.7 / 113,32.7 / 113
3726,NY,Green/Orange,F,72,71.7,101.3,126,35.7,36.0,35.7,126,36.0,125,50.6,50.7,35.7 / 126,36.0 / 125
3726,NY,Yellow/Yellow,F,72,69.0,98.0,123,34.5,34.5,34.5,123,34.5,123,49.0,49.0,34.5 / 123,34.5 / 123
3894,NY,White/Blue,M,72,70.0,94.8,134,35.0,35.0,35.0,135,35.0,132,47.5,47.3,35.0 / 135,35.0 / 132
3894,NY,Green/Yellow,M,72,66.8,89.8,124,33.5,33.3,33.5,123,33.3,125,44.9,44.9,33.5 / 123,33.3 / 125
3894,NY,Green/Yellow,F,72,71.8,102.2,129,36.0,35.8,36.0,126,35.8,131,50.9,51.3,36.0 / 126,35.8 / 131
3313,NY,Blue,M,71,73.1,98.1,135,35.2,37.9,35.2,131,37.9,138,47.4,50.7,35.2 / 131,37.9 / 138
3313,NY,White,M,71,71.8,96.5,133,34.8,37.0,34.8,128,37.0,138,46.7,49.8,34.8 / 128,37.0 / 138
3313,NY,White/Gold Combo,M,72,69.5,93.8,131,34.4,35.1,34.4,125,35.1,137,46.0,47.8,34.4 / 125,35.1 / 137
3313,NY,Gold,M,72,67.4,90.7,126,33.3,34.1,33.3,121,34.1,130,44.5,46.2,33.3 / 121,34.1 / 130
3313,NY,Red,M,72,66.3,88.8,121,32.9,33.4,32.9,119,33.4,123,44.0,44.8,32.9 / 119,33.4 / 123
3313,NY,Red/Green,M,72,64.1,85.8,117,31.8,32.3,31.8,111,32.3,123,42.1,43.7,31.8 / 111,32.3 / 123
3313,NY,Green,M,72,62.8,83.6,112,30.8,32.0,30.8,103,32.0,121,40.4,43.2,30.8 / 103,32.0 / 121
3313,NY,White/Gold Combo,F,73,75.9,108.5,139,37.3,38.6,37.3,141,38.6,136,53.9,54.6,37.3 / 141,38.6 / 136
3313,NY,Gold,F,73,73.1,104.6,134,36.0,37.1,36.0,131,37.1,136,51.5,53.1,36.0 / 131,37.1 / 136
3313,NY,Red,F,73,71.7,103.1,134,35.7,36.0,35.7,131,36.0,136,51.1,52.0,35.7 / 131,36.0 / 136
3313,NY,Red/Green,F,73,68.6,99.1,130,34.2,34.4,34.2,125,34.4,134,48.9,50.2,34.2 / 125,34.4 / 134
3313,NY,Green,F,73,66.6,95.1,121,32.7,33.9,32.7,112,33.9,130,45.9,49.2,32.7 / 112,33.9 / 130
13733,NY,Blue,M,72,71.0,94.2,125,35.5,35.5,35.5,125,35.5,125,47.1,47.1,35.5 / 125,35.5 / 125
13733,NY,White,M,72,69.4,91.8,121,34.7,34.7,34.7,121,34.7,121,45.9,45.9,34.7 / 121,34.7 / 121
13733,NY,Red,M,72,67.8,89.6,117,33.9,33.9,33.9,117,33.9,117,44.8,44.8,33.9 / 117,33.9 / 117
13733,NY,Blue,F,72,77.4,108.4,131,38.7,38.7,38.7,131,38.7,131,54.2,54.2,38.7 / 131,38.7 / 131
13733,NY,White,F,72,75.4,105.2,126,37.7,37.7,37.7,126,37.7,126,52.6,52.6,37.7 / 126,37.7 / 126
13733,NY,Red,F,72,73.4,102.4,123,36.7,36.7,36.7,123,36.7,123,51.2,51.2,36.7 / 123,36.7 / 123
6813,NY,Black,M,70,73.6,99.1,138,36.4,37.2,36.4,138,37.2,137,49.2,49.9,36.4 / 138,37.2 / 137
6813,NY,Blue,M,71,72.5,97.5,135,35.6,36.9,35.6,134,36.9,135,48.1,49.4,35.6 / 134,36.9 / 135
6813,NY,Member,M,71,70.7,95.2,132,34.8,35.9,34.8,131,35.9,132,47.0,48.2,34.8 / 131,35.9 / 132
6813,NY,Gold,M,71,70.2,94.3,130,34.7,35.5,34.7,131,35.5,128,46.9,47.4,34.7 / 131,35.5 / 128
6813,NY,White,M,71,67.6,91.0,125,33.4,34.2,33.4,128,34.2,122,45.4,45.6,33.4 / 128,34.2 / 122
6813,NY,Gold,F,71,74.8,107.6,139,37.1,37.7,37.1,139,37.7,139,53.5,54.1,37.1 / 139,37.7 / 139
6813,NY,White,F,71,72.9,104.4,134,36.1,36.8,36.1,133,36.8,134,51.8,52.6,36.1 / 133,36.8 / 134
6813,NY,White/Green,F,71,71.7,102.3,130,35.0,36.7,35.0,125,36.7,135,49.7,52.6,35.0 / 125,36.7 / 135
6813,NY,Green,F,71,69.7,99.2,125,34.2,35.5,34.2,124,35.5,126,48.8,50.4,34.2 / 124,35.5 / 126
17809,NY,Blue,M,72,72.5,97.9,137,36.4,36.1,36.4,136,36.1,138,49.0,48.9,36.4 / 136,36.1 / 138
17809,NY,White,M,72,70.9,95.8,134,35.3,35.6,35.3,131,35.6,137,47.5,48.3,35.3 / 131,35.6 / 137
17809,NY,Gold,M,72,67.3,90.8,127,34.0,33.3,34.0,126,33.3,127,45.7,45.1,34.0 / 126,33.3 / 127
17809,NY,Red,M,72,64.5,86.8,120,32.0,32.5,32.0,119,32.5,121,43.1,43.7,32.0 / 119,32.5 / 121
17809,NY,Gold,F,72,72.8,103.7,131,37.0,35.8,37.0,133,35.8,129,52.7,51.0,37.0 / 133,35.8 / 129
17809,NY,Red,F,72,71.2,100.2,123,35.6,35.6,35.6,118,35.6,128,49.5,50.7,35.6 / 118,35.6 / 128
17810,NY,Blue,M,71,73.3,98.5,136,36.1,37.2,36.1,138,37.2,133,48.9,49.6,36.1 / 138,37.2 / 133
17810,NY,White,M,71,71.3,95.6,131,35.6,35.7,35.6,137,35.7,125,48.3,47.3,35.6 / 137,35.7 / 125
17810,NY,Gold,M,71,67.8,90.7,123,33.3,34.5,33.3,127,34.5,119,45.1,45.6,33.3 / 127,34.5 / 119
17810,NY,Red,M,71,65.5,88.1,122,32.5,33.0,32.5,121,33.0,123,43.7,44.4,32.5 / 121,33.0 / 123
17810,NY,Gold,F,71,73.2,104.0,131,35.8,37.4,35.8,129,37.4,132,51.0,53.0,35.8 / 129,37.4 / 132
17810,NY,Red,F,71,70.8,100.6,127,35.6,35.2,35.6,128,35.2,125,50.7,49.9,35.6 / 128,35.2 / 125
17808,NY,Blue,M,71,73.6,98.6,135,37.2,36.4,37.2,133,36.4,136,49.6,49.0,37.2 / 133,36.4 / 136
17808,NY,White,M,71,71.0,94.8,128,35.7,35.3,35.7,125,35.3,131,47.3,47.5,35.7 / 125,35.3 / 131
17808,NY,Gold,M,71,68.5,91.3,123,34.5,34.0,34.5,119,34.0,126,45.6,45.7,34.5 / 119,34.0 / 126
17808,NY,Red,M,71,65.9,87.8,118,32.9,33.0,32.9,113,33.0,123,43.4,44.4,32.9 / 113,33.0 / 123
17808,NY,Gold,F,71,74.4,105.7,133,37.4,37.0,37.4,132,37.0,133,53.0,52.7,37.4 / 132,37.0 / 133
17808,NY,Red,F,71,70.8,99.4,122,35.2,35.6,35.2,125,35.6,118,49.9,49.5,35.2 / 125,35.6 / 118
3354,NY,BLACK,M,72,72.6,98.4,139,36.3,36.3,36.3,143,36.3,135,49.6,48.8,36.3 / 143,36.3 / 135
3354,NY,BLACK/BLUE,M,72,71.7,96.7,135,35.9,35.8,35.9,135,35.8,135,48.4,48.3,35.9 / 135,35.8 / 135
3354,NY,BLUE,M,72,71.0,95.4,131,35.5,35.5,35.5,130,35.5,132,47.6,47.8,35.5 / 130,35.5 / 132
3354,NY,BLUE/WHITE,M,72,69.2,92.7,127,35.2,34.0,35.2,129,34.0,124,47.2,45.5,35.2 / 129,34.0 / 124
3354,NY,WHITE,M,72,67.9,90.5,122,34.6,33.3,34.6,127,33.3,116,46.4,44.1,34.6 / 127,33.3 / 116
3354,NY,GREEN,M,72,66.7,88.2,116,34.1,32.6,34.1,123,32.6,109,45.5,42.7,34.1 / 123,32.6 / 109
3354,NY,GREEN/YELLOW,M,72,64.5,84.9,110,32.6,31.9,32.6,116,31.9,103,43.4,41.5,32.6 / 116,31.9 / 103
3354,NY,YELLOW,M,72,62.7,82.3,106,31.3,31.4,31.3,113,31.4,98,41.8,40.5,31.3 / 113,31.4 / 98
3354,NY,WHITE,F,74,74.0,106.7,139,37.9,36.1,37.9,140,36.1,137,54.4,52.3,37.9 / 140,36.1 / 137
3354,NY,GREEN,F,74,72.6,103.2,130,37.4,35.2,37.4,137,35.2,122,53.6,49.6,37.4 / 137,35.2 / 122
3354,NY,GREEN/YELLOW,F,74,69.4,98.9,125,35.2,34.2,35.2,133,34.2,117,50.9,48.0,35.2 / 133,34.2 / 117
3354,NY,YELLOW,F,74,66.8,93.5,114,33.6,33.2,33.6,120,33.2,107,47.7,45.8,33.6 / 120,33.2 / 107
3297,NY,Black,M,71,73.7,99.3,138,37.1,36.6,37.1,139,36.6,137,50.0,49.3,37.1 / 139,36.6 / 137
3297,NY,Blue,M,71,71.9,96.4,132,36.3,35.6,36.3,132,35.6,131,48.6,47.8,36.3 / 132,35.6 / 131
3297,NY,White,M,71,69.6,93.3,128,35.1,34.5,35.1,129,34.5,126,47.1,46.2,35.1 / 129,34.5 / 126
3297,NY,Silver,M,71,66.1,87.7,116,33.2,32.9,33.2,115,32.9,117,43.9,43.8,33.2 / 115,32.9 / 117
3297,NY,Gold,M,71,63.3,82.8,105,32.0,31.3,32.0,109,31.3,101,42.1,40.7,32.0 / 109,31.3 / 101
3297,NY,White,F,71,76.3,110.2,144,38.6,37.7,38.6,145,37.7,142,55.7,54.5,38.6 / 145,37.7 / 142
3297,NY,Silver,F,71,72.3,103.5,132,36.5,35.8,36.5,132,35.8,132,52.1,51.4,36.5 / 132,35.8 / 132
3297,NY,Gold,F,71,68.5,97.6,124,34.6,33.9,34.6,123,33.9,124,49.1,48.5,34.6 / 123,33.9 / 124
6797,NY,Blue,M,70,70.5,94.0,127,35.1,35.4,35.1,122,35.4,131,46.4,47.6,35.1 / 122,35.4 / 131
6797,NY,White,M,70,68.8,91.5,122,34.3,34.5,34.3,118,34.5,126,45.3,46.2,34.3 / 118,34.5 / 126
6797,NY,Gold,M,70,64.7,85.9,114,32.4,32.3,32.4,114,32.3,114,43.0,42.9,32.4 / 114,32.3 / 114
6797,NY,White,F,70,72.5,102.0,125,36.1,36.4,36.1,128,36.4,122,51.2,50.8,36.1 / 128,36.4 / 122
6797,NY,Gold,F,70,69.4,96.0,113,34.5,34.9,34.5,115,34.9,110,48.1,47.9,34.5 / 115,34.9 / 110
6797,NY,Red,F,70,68.1,94.6,113,33.8,34.3,33.8,116,34.3,109,47.5,47.1,33.8 / 116,34.3 / 109
6682,NY,Black,M,72,72.9,98.9,141,36.5,36.4,36.5,137,36.4,143,49.2,49.7,36.5 / 137,36.4 / 143
6682,NY,Black/Blue,M,72,71.5,97.0,138,35.9,35.6,35.9,136,35.6,139,48.5,48.5,35.9 / 136,35.6 / 139
6682,NY,Blue,M,72,70.8,96.0,136,35.5,35.3,35.5,135,35.3,137,48.0,48.0,35.5 / 135,35.3 / 137
6682,NY,Blue/White,M,72,68.4,92.5,130,34.4,34.0,34.4,127,34.0,132,46.2,46.3,34.4 / 127,34.0 / 132
6682,NY,White,M,72,68.0,91.9,129,34.2,33.8,34.2,126,33.8,131,45.9,46.0,34.2 / 126,33.8 / 131
6682,NY,Junior,M,72,61.0,81.8,112,31.0,30.0,31.0,111,30.0,113,41.3,40.5,31.0 / 111,30.0 / 113
6682,NY,White,F,72,73.3,104.2,131,37.1,36.2,37.1,131,36.2,131,52.6,51.6,37.1 / 131,36.2 / 131
6682,NY,Red,F,73,72.1,102.4,129,36.4,35.7,36.4,130,35.7,127,51.7,50.7,36.4 / 130,35.7 / 127
6682,NY,Junior,F,73,64.1,90.4,112,33.1,31.0,33.1,115,31.0,108,46.7,43.7,33.1 / 115,31.0 / 108
13714,NY,White/Black,M,71,70.2,95.2,135,34.9,35.3,34.9,137,35.3,132,47.6,47.6,34.9 / 137,35.3 / 132
13714,NY,White/Blue,M,71,69.1,93.9,133,34.9,34.2,34.9,133,34.2,133,47.3,46.6,34.9 / 133,34.2 / 133
13714,NY,Blue/Green,M,71,66.7,90.6,129,34.2,32.5,34.2,133,32.5,124,46.6,44.0,34.2 / 133,32.5 / 124
13714,NY,Silver/Green,M,72,64.3,87.0,123,31.8,32.5,31.8,121,32.5,124,43.0,44.0,31.8 / 121,32.5 / 124
13714,NY,Silver/Green,F,72,69.2,97.7,121,34.2,35.0,34.2,120,35.0,122,48.3,49.4,34.2 / 120,35.0 / 122
13714,NY,Red/Gold,F,72,68.4,96.6,120,34.2,34.2,34.2,120,34.2,120,48.3,48.3,34.2 / 120,34.2 / 120
3766,NY,Blue,M,70,69.1,90.5,115,34.6,34.5,34.6,116,34.5,114,45.4,45.1,34.6 / 116,34.5 / 114
3766,NY,White,M,70,67.2,87.3,109,33.9,33.3,33.9,109,33.3,108,44.0,43.3,33.9 / 109,33.3 / 108
3766,NY,Gold,M,70,64.7,84.2,105,33.1,31.6,33.1,107,31.6,103,43.0,41.2,33.1 / 107,31.6 / 103
3766,NY,Red,F,70,68.4,93.9,109,34.9,33.5,34.9,108,33.5,109,47.6,46.3,34.9 / 108,33.5 / 109
6605,NY,Back,M,70,72.5,97.1,133,36.3,36.2,36.3,136,36.2,129,48.9,48.2,36.3 / 136,36.2 / 129
6605,NY,Middle,M,70,71.2,95.4,131,35.7,35.5,35.7,133,35.5,128,48.0,47.4,35.7 / 133,35.5 / 128
6605,NY,Middle/Forward,M,70,69.4,93.2,128,34.7,34.7,34.7,130,34.7,126,46.8,46.4,34.7 / 130,34.7 / 126
6605,NY,Forward,M,70,67.4,90.0,122,33.9,33.5,33.9,123,33.5,121,45.3,44.7,33.9 / 123,33.5 / 121
6605,NY,Play It Forward,M,72,59.9,79.7,107,30.2,29.7,30.2,108,29.7,105,40.2,39.5,30.2 / 108,29.7 / 105
6605,NY,Middle,F,72,77.6,110.2,139,38.7,38.9,38.7,141,38.9,136,55.3,54.9,38.7 / 141,38.9 / 136
6605,NY,Forward,F,72,73.0,103.2,128,36.6,36.4,36.6,131,36.4,125,52.1,51.1,36.6 / 131,36.4 / 125
6605,NY,Play It Forward,F,72,63.4,88.8,108,31.8,31.6,31.8,111,31.6,105,44.9,43.9,31.8 / 111,31.6 / 105
3672,NY,Black,M,71,72.9,98.2,137,37.3,35.6,37.3,137,35.6,136,50.0,48.2,37.3 / 137,35.6 / 136
3672,NY,Blue,M,71,70.6,95.7,136,35.9,34.7,35.9,136,34.7,135,48.5,47.2,35.9 / 136,34.7 / 135
3672,NY,Blue/White Combo,M,71,70.1,95.1,135,35.7,34.4,35.7,136,34.4,133,48.3,46.8,35.7 / 136,34.4 / 133
3672,NY,White,M,71,69.6,94.2,133,35.5,34.1,35.5,135,34.1,130,48.0,46.2,35.5 / 135,34.1 / 130
3672,NY,Mohawk,M,71,68.1,92.2,130,34.9,33.2,34.9,135,33.2,125,47.4,44.8,34.9 / 135,33.2 / 125
3672,NY,Green,M,71,67.0,90.1,125,34.3,32.7,34.3,127,32.7,122,46.1,44.0,34.3 / 127,32.7 / 122
3672,NY,Copper,M,71,64.7,86.1,115,33.0,31.7,33.0,115,31.7,115,43.7,42.4,33.0 / 115,31.7 / 115
3672,NY,Silver,M,71,63.3,84.5,114,31.7,31.6,31.7,114,31.6,114,42.3,42.2,31.7 / 114,31.6 / 114
3672,NY,Green,F,73,72.5,102.4,127,37.1,35.4,37.1,126,35.4,127,52.0,50.4,37.1 / 126,35.4 / 127
3672,NY,Copper,F,72,69.5,98.4,123,35.5,34.0,35.5,126,34.0,120,50.3,48.1,35.5 / 126,34.0 / 120
3672,NY,Silver,F,71,68.1,96.3,120,34.2,33.9,34.2,120,33.9,119,48.4,47.9,34.2 / 120,33.9 / 119
3853,NY,BLUE,M,73,74.1,98.1,129,37.8,36.3,37.8,129,36.3,129,49.8,48.3,37.8 / 129,36.3 / 129
3853,NY,WHITE,M,73,71.3,94.6,126,36.1,35.2,36.1,122,35.2,129,47.4,47.2,36.1 / 122,35.2 / 129
3853,NY,Gold,M,73,64.7,84.6,107,32.3,32.4,32.3,104,32.4,110,42.0,42.6,32.3 / 104,32.4 / 110
3853,NY,Red,M,73,62.8,82.5,106,31.6,31.2,31.6,103,31.2,109,41.2,41.3,31.6 / 103,31.2 / 109
3853,NY,Gold,F,73,69.5,96.7,115,34.7,34.8,34.7,116,34.8,114,48.4,48.3,34.7 / 116,34.8 / 114
3853,NY,RED,F,73,67.5,93.6,111,33.9,33.6,33.9,111,33.6,110,47.0,46.6,33.9 / 111,33.6 / 110
6747,NY,Green,M,70,66.4,87.4,113,33.2,33.2,33.2,113,33.2,113,43.7,43.7,33.2 / 113,33.2 / 113
6747,NY,White,M,66,63.2,82.2,102,31.6,31.6,31.6,102,31.6,102,41.1,41.1,31.6 / 102,31.6 / 102
6747,NY,Blue,F,72,70.8,98.9,120,35.4,35.4,35.4,119,35.4,120,49.4,49.5,35.4 / 119,35.4 / 120
6747,NY,Blue/White,F,71,68.7,95.9,116,33.3,35.4,33.3,111,35.4,120,46.4,49.5,33.3 / 111,35.4 / 120
6747,NY,White,F,70,66.6,92.8,111,33.3,33.3,33.3,111,33.3,111,46.4,46.4,33.3 / 111,33.3 / 111
6747,NY,White/Red,F,70,66.0,92.0,110,32.7,33.3,32.7,109,33.3,111,45.6,46.4,32.7 / 109,33.3 / 111
6747,NY,Red,F,70,65.5,91.1,109,32.7,32.8,32.7,109,32.8,108,45.6,45.5,32.7 / 109,32.8 / 108
13761,NY,White/Blue,M,70,67.0,89.4,121,33.7,33.3,33.7,123,33.3,118,45.1,44.3,33.7 / 123,33.3 / 118
13761,NY,Red/Gold,F,72,69.7,97.2,117,35.8,33.9,35.8,120,33.9,113,50.0,47.2,35.8 / 120,33.9 / 113
3318,NY,Black,M,70,74.6,101.0,142,37.7,36.9,37.7,139,36.9,145,50.6,50.4,37.7 / 139,36.9 / 145
3318,NY,Blue,M,72,72.2,97.3,135,36.0,36.2,36.0,133,36.2,137,48.4,48.9,36.0 / 133,36.2 / 137
3318,NY,Blue/Green,M,72,70.7,95.1,131,35.2,35.5,35.2,131,35.5,131,47.4,47.7,35.2 / 131,35.5 / 131
3318,NY,Green,M,72,69.6,93.6,129,34.6,35.0,34.6,128,35.0,130,46.5,47.1,34.6 / 128,35.0 / 130
3318,NY,Green/White,M,72,68.1,91.2,125,34.0,34.1,34.0,124,34.1,125,45.5,45.7,34.0 / 124,34.1 / 125
3318,NY,White,M,72,66.6,89.1,121,33.0,33.6,33.0,119,33.6,123,44.1,45.0,33.0 / 119,33.6 / 123
3318,NY,White/Maroon,M,72,64.1,85.7,116,32.1,32.0,32.1,118,32.0,114,43.1,42.6,32.1 / 118,32.0 / 114
3318,NY,Maroon,M,72,62.6,84.1,116,31.3,31.3,31.3,117,31.3,114,42.2,41.9,31.3 / 117,31.3 / 114
3318,NY,Blue,F,72,79.3,115.2,152,39.4,39.9,39.4,148,39.9,155,56.9,58.3,39.4 / 148,39.9 / 155
3318,NY,Blue/Green,F,72,77.3,112.3,149,38.4,38.9,38.4,145,38.9,152,55.5,56.8,38.4 / 145,38.9 / 152
3318,NY,Green,F,72,75.8,110.3,146,37.6,38.2,37.6,144,38.2,148,54.6,55.7,37.6 / 144,38.2 / 148
3318,NY,Green/White,F,72,74.1,106.4,137,36.9,37.2,36.9,137,37.2,137,53.1,53.3,36.9 / 137,37.2 / 137
3318,NY,White,F,72,72.5,103.9,133,36.0,36.5,36.0,132,36.5,134,51.6,52.3,36.0 / 132,36.5 / 134
3318,NY,White/Maroon,F,72,69.1,99.0,127,34.8,34.3,34.8,128,34.3,126,49.9,49.1,34.8 / 128,34.3 / 126
3318,NY,Maroon,F,72,66.9,94.8,118,33.4,33.5,33.4,121,33.5,115,47.7,47.1,33.4 / 121,33.5 / 115
14150,NY,Black,M,72,75.9,102.6,144,38.0,37.9,38.0,142,37.9,145,51.2,51.4,38.0 / 142,37.9 / 145
14150,NY,Blue,M,72,74.0,100.1,141,37.2,36.8,37.2,140,36.8,141,50.2,49.9,37.2 / 140,36.8 / 141
14150,NY,White,M,72,71.5,96.7,136,35.8,35.7,35.8,137,35.7,135,48.5,48.2,35.8 / 137,35.7 / 135
14150,NY,White/Red,M,72,69.8,94.7,134,34.9,34.9,34.9,137,34.9,131,47.6,47.1,34.9 / 137,34.9 / 131
14150,NY,Red,M,72,68.6,92.8,130,34.2,34.4,34.2,130,34.4,130,46.3,46.5,34.2 / 130,34.4 / 130
14150,NY,White,F,72,77.8,112.2,146,39.2,38.6,39.2,143,38.6,148,56.1,56.1,39.2 / 143,38.6 / 148
14150,NY,Red,F,72,74.1,106.9,139,37.2,36.9,37.2,133,36.9,145,52.9,54.0,37.2 / 133,36.9 / 145
9355,NY,Course #1,M,72,73.6,101.2,149,36.6,37.0,36.6,149,37.0,149,50.4,50.8,36.6 / 149,37.0 / 149
9355,NY,Course #2,M,72,72.3,99.7,148,36.0,36.3,36.0,144,36.3,151,49.4,50.3,36.0 / 144,36.3 / 151
9355,NY,Course #3,M,72,70.4,95.4,135,35.2,35.2,35.2,132,35.2,137,47.5,47.9,35.2 / 132,35.2 / 137
9355,NY,Course #4,M,72,68.3,92.0,128,34.6,33.7,34.6,131,33.7,124,46.8,45.2,34.6 / 131,33.7 / 124
9355,NY,Course #5,M,72,66.5,89.3,123,33.1,33.4,33.1,123,33.4,123,44.5,44.8,33.1 / 123,33.4 / 123
9355,NY,Course #1,F,74,81.0,119.4,155,40.2,40.8,40.2,155,40.8,155,59.3,60.1,40.2 / 155,40.8 / 155
9355,NY,Course #2,F,74,79.4,116.8,155,39.5,39.9,39.5,155,39.9,155,58.1,58.7,39.5 / 155,39.9 / 155
9355,NY,Course #3,F,74,76.9,111.9,149,38.4,38.5,38.4,150,38.5,147,56.1,55.8,38.4 / 150,38.5 / 147
9355,NY,Course #4,F,74,74.4,107.8,142,37.8,36.6,37.8,147,36.6,137,55.1,52.7,37.8 / 147,36.6 / 137
9355,NY,Course #5,F,74,72.4,103.9,134,36.2,36.2,36.2,133,36.2,134,51.9,52.0,36.2 / 133,36.2 / 134
6731,NY,Blue,M,71,73.8,99.6,140,35.9,37.8,35.9,139,37.8,140,48.8,50.8,35.9 / 139,37.8 / 140
6731,NY,White,M,71,71.5,96.4,135,35.3,36.2,35.3,136,36.2,132,47.9,48.5,35.3 / 136,36.2 / 132
6731,NY,White,F,72,76.3,107.7,134,38.0,38.4,38.0,134,38.4,134,53.8,54.2,38.0 / 134,38.4 / 134
6731,NY,Red,F,72,71.3,100.7,125,35.0,36.3,35.0,125,36.3,125,49.7,51.0,35.0 / 125,36.3 / 125
3323,NY,Blue,M,72,72.7,98.1,137,36.2,36.5,36.2,135,36.5,139,48.7,49.4,36.2 / 135,36.5 / 139
3323,NY,White,M,72,70.2,94.4,130,35.1,35.1,35.1,127,35.1,133,46.9,47.5,35.1 / 127,35.1 / 133
3323,NY,Green-White,M,72,66.2,88.1,118,32.7,33.5,32.7,109,33.5,127,42.8,45.3,32.7 / 109,33.5 / 127
3323,NY,Green,M,72,64.0,83.7,106,31.6,32.4,31.6,101,32.4,111,41.0,42.7,31.6 / 101,32.4 / 111
3323,NY,White,F,72,76.1,108.4,137,38.1,38.0,38.1,137,38.0,137,54.3,54.1,38.1 / 137,38.0 / 137
3323,NY,Green-White,F,72,71.9,101.0,124,35.6,36.3,35.6,121,36.3,126,49.9,51.1,35.6 / 121,36.3 / 126
3323,NY,Green,F,72,68.7,95.7,115,34.1,34.6,34.1,109,34.6,120,47.0,48.7,34.1 / 109,34.6 / 120
35256,NY,Blue,M,65,62.4,81.6,103,30.7,31.7,30.7,102,31.7,104,40.2,41.4,30.7 / 102,31.7 / 104
35256,NY,Red,M,65,59.8,78.3,100,29.6,30.2,29.6,98,30.2,101,38.7,39.6,29.6 / 98,30.2 / 101
35256,NY,Blue,F,66,66.6,94.1,117,32.7,33.9,32.7,110,33.9,123,45.7,48.4,32.7 / 110,33.9 / 123
35256,NY,Red,F,65,63.4,89.2,109,31.0,32.4,31.0,104,32.4,114,43.3,45.9,31.0 / 104,32.4 / 114
6861,NY,Blue,M,64,62.8,82.6,107,31.4,31.4,31.4,107,31.4,107,41.3,41.3,31.4 / 107,31.4 / 107
6861,NY,Blue/White,M,64,62.3,82.0,106,31.4,30.9,31.4,107,30.9,105,41.3,40.7,31.4 / 107,30.9 / 105
6861,NY,White,M,64,61.8,81.4,105,30.9,30.9,30.9,105,30.9,105,40.7,40.7,30.9 / 105,30.9 / 105
6861,NY,Red,M,64,59.2,76.8,95,29.6,29.6,29.6,95,29.6,95,38.4,38.4,29.6 / 95,29.6 / 95
6861,NY,Red/Junior,M,59,58.3,75.5,93,29.6,28.7,29.6,95,28.7,90,38.4,37.1,29.6 / 95,28.7 / 90
6861,NY,Junior,M,58,57.4,74.2,90,28.7,28.7,28.7,90,28.7,90,37.1,37.1,28.7 / 90,28.7 / 90
6861,NY,Blue,F,64,67.2,93.0,109,33.6,33.6,33.6,109,33.6,109,46.5,46.5,33.6 / 109,33.6 / 109
6861,NY,White,F,64,65.4,90.2,105,32.7,32.7,32.7,105,32.7,105,45.1,45.1,32.7 / 105,32.7 / 105
6861,NY,Red,F,64,62.0,86.2,103,31.0,31.0,31.0,103,31.0,103,43.1,43.1,31.0 / 103,31.0 / 103
23875,NY,Blue,M,71,71.6,97.0,142,35.2,36.4,35.2,140,36.4,142,48.3,49.7,35.2 / 140,36.4 / 142
23875,NY,White,M,71,70.3,96.1,138,34.6,35.7,34.6,138,35.7,138,47.5,48.6,34.6 / 138,35.7 / 138
23875,NY,Gold,M,71,68.1,92.3,130,33.4,34.7,33.4,133,34.7,127,45.8,46.5,33.4 / 133,34.7 / 127
23875,NY,White,F,73,76.2,108.0,134,37.6,38.6,37.6,135,38.6,133,53.6,54.4,37.6 / 135,38.6 / 133
23875,NY,Gold,F,73,73.9,104.7,129,36.4,37.5,36.4,131,37.5,128,52.0,52.7,36.4 / 131,37.5 / 128
23875,NY,Red,F,73,71.6,101.8,127,35.6,36.0,35.6,127,36.0,127,50.7,51.1,35.6 / 127,36.0 / 127
6920,NY,Black,M,71,71.6,96.3,133,35.1,36.5,35.1,135,36.5,131,47.6,48.7,35.1 / 135,36.5 / 131
6920,NY,Blue,M,71,69.5,93.5,129,34.3,35.2,34.3,131,35.2,127,46.5,47.0,34.3 / 131,35.2 / 127
6920,NY,White,M,71,68.1,91.7,127,33.7,34.4,33.7,130,34.4,124,45.8,45.9,33.7 / 130,34.4 / 124
6920,NY,Blue,F,73,75.5,107.5,136,37.4,38.1,37.4,136,38.1,136,53.4,54.1,37.4 / 136,38.1 / 136
6920,NY,White,F,72,73.8,105.1,132,36.7,37.1,36.7,133,37.1,130,52.5,52.6,36.7 / 133,37.1 / 130
6920,NY,Red,F,72,71.9,102.4,130,35.4,36.5,35.4,130,36.5,129,50.7,51.7,35.4 / 130,36.5 / 129
3809,NY,Blue,M,71,71.1,94.7,127,35.2,35.9,35.2,126,35.9,128,46.9,47.8,35.2 / 126,35.9 / 128
3809,NY,White,M,71,69.4,92.5,124,34.8,34.6,34.8,119,34.6,129,45.9,46.6,34.8 / 119,34.6 / 129
3809,NY,Gold,M,71,65.7,87.6,118,32.8,32.9,32.8,114,32.9,122,43.4,44.2,32.8 / 114,32.9 / 122
3809,NY,Red,M,71,64.6,85.2,111,31.9,32.7,31.9,102,32.7,119,41.4,43.8,31.9 / 102,32.7 / 119
3809,NY,White,F,72,75.7,107.1,133,37.9,37.8,37.9,140,37.8,126,54.4,52.7,37.9 / 140,37.8 / 126
3809,NY,Gold,F,72,71.4,100.3,123,35.5,35.9,35.5,123,35.9,122,50.0,50.3,35.5 / 123,35.9 / 122
3809,NY,Red,F,72,70.0,98.5,121,34.2,35.8,34.2,123,35.8,119,48.7,49.8,34.2 / 123,35.8 / 119
6836,NY,Gold,M,70,75.1,101.1,140,37.4,37.7,37.4,140,37.7,140,50.4,50.7,37.4 / 140,37.7 / 140
6836,NY,Black,M,70,72.7,97.2,132,36.4,36.3,36.4,131,36.3,132,48.6,48.6,36.4 / 131,36.3 / 132
6836,NY,Brown,M,70,70.7,94.8,130,35.3,35.4,35.3,129,35.4,130,47.3,47.5,35.3 / 129,35.4 / 130
6836,NY,Green,M,70,67.9,91.2,126,34.1,33.8,34.1,128,33.8,123,46.0,45.2,34.1 / 128,33.8 / 123
6836,NY,Family Level 2,M,62,60.9,78.8,96,30.7,30.2,30.7,101,30.2,91,40.1,38.7,30.7 / 101,30.2 / 91
6836,NY,Family Level 1,M,56,57.4,74.2,91,28.9,28.5,28.9,95,28.5,86,37.7,36.5,28.9 / 95,28.5 / 86
6836,NY,Brown,F,70,77.0,110.1,141,38.6,38.4,38.6,141,38.4,140,55.2,54.9,38.6 / 141,38.4 / 140
6836,NY,Green,F,70,73.4,104.6,133,36.9,36.5,36.9,134,36.5,131,52.7,51.9,36.9 / 134,36.5 / 131
6836,NY,Red,F,70,71.0,101.1,128,35.5,35.5,35.5,128,35.5,127,50.6,50.5,35.5 / 128,35.5 / 127
6836,NY,Family - Level 2,F,66,63.6,88.3,105,32.0,31.6,32.0,109,31.6,101,44.8,43.5,32.0 / 109,31.6 / 101
6836,NY,Family - Level 1,F,58,58.7,79.7,90,29.6,29.1,29.6,91,29.1,88,40.2,39.5,29.6 / 91,29.1 / 88
6665,NY,Red,M,72,73.9,99.8,140,36.3,37.6,36.3,138,37.6,141,49.1,50.7,36.3 / 138,37.6 / 141
6665,NY,Green,M,72,71.6,96.5,134,35.4,36.2,35.4,133,36.2,135,47.7,48.8,35.4 / 133,36.2 / 135
6665,NY,White,M,72,68.0,90.6,122,33.5,34.5,33.5,119,34.5,125,44.6,46.0,33.5 / 119,34.5 / 125
6665,NY,Green,F,72,77.5,110.8,145,38.3,39.2,38.3,147,39.2,142,55.6,56.0,38.3 / 147,39.2 / 142
6665,NY,White,F,72,73.2,105.5,137,36.0,37.2,36.0,140,37.2,134,52.5,53.0,36.0 / 140,37.2 / 134
13724,NY,Blue,M,72,73.4,97.1,128,36.7,36.7,36.7,129,36.7,126,48.7,48.4,36.7 / 129,36.7 / 126
13724,NY,White,M,72,71.7,95.2,127,35.9,35.8,35.9,128,35.8,125,47.8,47.4,35.9 / 128,35.8 / 125
13724,NY,Red,F,72,70.2,98.8,121,35.1,35.1,35.1,121,35.1,121,49.4,49.4,35.1 / 121,35.1 / 121
6867,NY,Blue,M,72,71.4,96.4,134,35.9,35.5,35.9,134,35.5,134,48.4,48.0,35.9 / 134,35.5 / 134
6867,NY,White,M,72,69.5,93.5,130,34.7,34.8,34.7,130,34.8,129,46.8,46.7,34.7 / 130,34.8 / 129
6867,NY,Red,M,72,66.3,88.3,119,33.1,33.2,33.1,117,33.2,121,43.9,44.4,33.1 / 117,33.2 / 121
6867,NY,White,F,72,73.6,105.1,134,37.2,36.4,37.2,134,36.4,133,53.0,52.1,37.2 / 134,36.4 / 133
6867,NY,Red,F,72,71.3,101.4,128,36.3,35.0,36.3,130,35.0,126,51.6,49.8,36.3 / 130,35.0 / 126
3820,NY,White/Black,M,72,71.3,95.5,130,35.6,35.8,35.6,132,35.8,127,47.9,47.6,35.6 / 132,35.8 / 127
3820,NY,Yellow/Yellow,M,72,68.4,90.4,118,34.2,34.2,34.2,118,34.2,118,45.2,45.2,34.2 / 118,34.2 / 118
3820,NY,Red/Yellow,F,72,70.8,99.8,123,34.6,36.2,34.6,120,36.2,126,48.7,51.1,34.6 / 120,36.2 / 126
3877,NY,Pro,M,72,72.7,97.9,136,36.2,36.5,36.2,143,36.5,128,49.5,48.4,36.2 / 143,36.5 / 128
3877,NY,Long,M,72,71.6,96.3,133,35.9,35.7,35.9,137,35.7,129,48.6,47.7,35.9 / 137,35.7 / 129
3877,NY,Regular,M,72,68.8,92.7,129,34.4,34.4,34.4,130,34.4,127,46.5,46.2,34.4 / 130,34.4 / 127
3877,NY,Short,M,72,64.7,85.5,112,32.0,32.7,32.0,107,32.7,117,41.9,43.6,32.0 / 107,32.7 / 117
3877,NY,Front,M,72,63.6,84.0,110,31.8,31.8,31.8,107,31.8,113,41.7,42.3,31.8 / 107,31.8 / 113
3877,NY,Regular,F,72,73.3,103.8,130,36.6,36.7,36.6,130,36.7,129,51.9,51.9,36.6 / 130,36.7 / 129
3877,NY,Short,F,72,69.1,98.8,126,34.2,34.9,34.2,124,34.9,128,48.8,50.0,34.2 / 124,34.9 / 128
3877,NY,Front,F,72,68.1,97.2,124,34.0,34.1,34.0,122,34.1,125,48.4,48.8,34.0 / 122,34.1 / 125
3342,NY,Blue,M,72,71.4,94.9,127,35.4,36.0,35.4,130,36.0,123,47.5,47.4,35.4 / 130,36.0 / 123
3342,NY,White,M,72,70.4,93.5,124,34.9,35.5,34.9,129,35.5,119,46.9,46.6,34.9 / 129,35.5 / 119
3342,NY,White/Gold,M,72,68.7,91.7,124,34.3,34.4,34.3,127,34.4,119,46.1,45.5,34.3 / 127,34.4 / 119
3342,NY,Gold,M,72,66.6,88.9,120,33.1,33.5,33.1,124,33.5,116,44.6,44.3,33.1 / 124,33.5 / 116
3342,NY,Red,M,72,65.3,86.7,115,32.5,32.8,32.5,115,32.8,115,43.2,43.5,32.5 / 115,32.8 / 115
3342,NY,Gold,F,72,71.6,101.7,128,35.4,36.2,35.4,131,36.2,124,50.9,50.8,35.4 / 131,36.2 / 124
3342,NY,Red,F,72,69.6,98.9,124,34.6,35.0,34.6,127,35.0,121,49.6,49.3,34.6 / 127,35.0 / 121
9325,NY,Blue,M,72,70.1,92.0,118,35.1,35.0,35.1,116,35.0,119,45.9,46.1,35.1 / 116,35.0 / 119
9325,NY,White,M,72,66.8,87.9,114,33.6,33.2,33.6,114,33.2,113,44.2,43.7,33.6 / 114,33.2 / 113
9325,NY,Red,M,72,64.5,84.3,107,32.0,32.5,32.0,109,32.5,104,42.1,42.2,32.0 / 109,32.5 / 104
9325,NY,White,F,73,72.5,101.0,121,36.5,36.0,36.5,126,36.0,116,51.3,49.7,36.5 / 126,36.0 / 116
9325,NY,Red,F,73,69.5,96.0,113,34.6,34.9,34.6,113,34.9,112,47.9,48.1,34.6 / 113,34.9 / 112
9320,NY,Green,M,70,73.9,100.1,141,37.2,36.7,37.2,140,36.7,142,50.2,49.9,37.2 / 140,36.7 / 142
9320,NY,Blue,M,70,71.5,96.5,135,36.0,35.5,36.0,132,35.5,137,48.3,48.2,36.0 / 132,35.5 / 137
9320,NY,White/Blue,M,70,70.1,94.4,131,35.2,34.9,35.2,129,34.9,132,47.2,47.2,35.2 / 129,34.9 / 132
9320,NY,White,M,70,68.0,91.5,127,34.2,33.8,34.2,127,33.8,126,46.0,45.5,34.2 / 127,33.8 / 126
9320,NY,Red,M,70,65.7,88.4,123,33.0,32.7,33.0,123,32.7,122,44.4,44.0,33.0 / 123,32.7 / 122
9320,NY,White,F,71,73.3,105.0,134,37.1,36.2,37.1,131,36.2,137,52.6,52.4,37.1 / 131,36.2 / 137
9320,NY,Red,F,71,70.2,100.2,127,35.5,34.7,35.5,123,34.7,131,50.0,50.2,35.5 / 123,34.7 / 131
9339,NY,Blue,M,71,71.9,97.2,137,36.4,35.5,36.4,135,35.5,138,48.9,48.3,36.4 / 135,35.5 / 138
9339,NY,Blue/White Combo,M,71,70.8,95.8,135,35.9,34.9,35.9,132,34.9,137,48.2,47.6,35.9 / 132,34.9 / 137
9339,NY,White,M,71,69.9,94.1,130,35.6,34.3,35.6,129,34.3,131,47.6,46.5,35.6 / 129,34.3 / 131
9339,NY,White/Gold Combo,M,71,67.7,91.7,129,34.1,33.6,34.1,127,33.6,131,45.9,45.8,34.1 / 127,33.6 / 131
9339,NY,Gold,M,71,66.6,89.1,122,33.4,33.2,33.4,121,33.2,122,44.6,44.5,33.4 / 121,33.2 / 122
9339,NY,Red,M,71,64.7,86.2,116,32.6,32.1,32.6,115,32.1,116,43.3,42.9,32.6 / 115,32.1 / 116
9339,NY,Gold,F,71,71.8,102.2,129,36.4,35.4,36.4,129,35.4,129,51.6,50.6,36.4 / 129,35.4 / 129
9339,NY,Red,F,71,69.7,98.3,121,35.2,34.5,35.2,122,34.5,120,49.6,48.7,35.2 / 122,34.5 / 120
3696,NY,Black,M,70,67.0,88.6,117,34.2,32.8,34.2,121,32.8,112,45.4,43.2,34.2 / 121,32.8 / 112
3696,NY,Yellow,M,70,64.3,84.7,110,32.7,31.6,32.7,113,31.6,107,43.2,41.5,32.7 / 113,31.6 / 107
3696,NY,Yellow,F,70,69.3,96.4,115,35.4,33.9,35.4,120,33.9,110,49.5,46.9,35.4 / 120,33.9 / 110
3696,NY,Red,F,70,67.4,94.1,113,34.2,33.2,34.2,114,33.2,112,47.7,46.4,34.2 / 114,33.2 / 112
20631,NY,Blue,M,72,73.9,99.3,137,36.7,37.2,36.7,135,37.2,139,49.2,50.1,36.7 / 135,37.2 / 139
20631,NY,Blue/White,M,72,72.6,97.6,135,36.2,36.4,36.2,133,36.4,136,48.6,49.0,36.2 / 133,36.4 / 136
20631,NY,White,M,72,71.6,96.3,133,35.6,36.0,35.6,131,36.0,135,47.8,48.5,35.6 / 131,36.0 / 135
20631,NY,White/Gold,M,72,70.0,94.0,130,35.0,35.0,35.0,128,35.0,130,46.9,47.1,35.0 / 128,35.0 / 130
20631,NY,Gold,M,72,69.1,92.9,128,34.6,34.5,34.6,128,34.5,128,46.5,46.4,34.6 / 128,34.5 / 128
20631,NY,Gold/Red,M,72,68.0,91.4,126,34.1,33.9,34.1,125,33.9,127,45.7,45.7,34.1 / 125,33.9 / 127
20631,NY,Red,M,72,66.9,89.7,123,33.7,33.2,33.7,123,33.2,123,45.1,44.6,33.7 / 123,33.2 / 123
20631,NY,White,F,72,78.1,112.6,147,39.2,38.9,39.2,141,38.9,152,55.8,56.8,39.2 / 141,38.9 / 152
20631,NY,White/Gold,F,72,76.3,110.0,143,38.4,37.9,38.4,138,37.9,148,54.7,55.3,38.4 / 138,37.9 / 148
20631,NY,Gold,F,72,75.4,108.6,141,38.0,37.4,38.0,136,37.4,146,54.0,54.6,38.0 / 136,37.4 / 146
20631,NY,Red,F,72,72.7,104.3,134,36.9,35.8,36.9,131,35.8,137,52.4,51.9,36.9 / 131,35.8 / 137
3697,NY,Black,M,70,72.3,97.2,134,36.6,35.7,36.6,135,35.7,133,49.1,48.1,36.6 / 135,35.7 / 133
3697,NY,Blue,M,70,70.6,95.2,133,35.7,34.9,35.7,128,34.9,137,47.6,47.6,35.7 / 128,34.9 / 137
3697,NY,White,M,70,69.5,94.2,133,34.8,34.7,34.8,130,34.7,136,46.9,47.3,34.8 / 130,34.7 / 136
3697,NY,White / Green Combo,M,70,68.0,92.4,132,33.8,34.2,33.8,128,34.2,135,45.7,46.7,33.8 / 128,34.2 / 135
3697,NY,Green,M,70,66.3,89.5,125,33.2,33.1,33.2,125,33.1,125,44.8,44.7,33.2 / 125,33.1 / 125
3697,NY,WHITE,F,72,75.6,109.0,142,38.1,37.5,38.1,139,37.5,144,54.5,54.5,38.1 / 139,37.5 / 144
3697,NY,White / Green Combo,F,72,73.3,104.1,131,36.8,36.5,36.8,127,36.5,134,51.8,52.3,36.8 / 127,36.5 / 134
3697,NY,GREEN,F,72,71.4,100.8,125,36.2,35.2,36.2,125,35.2,125,50.9,49.9,36.2 / 125,35.2 / 125
3815,NY,Blue,M,72,71.0,95.0,129,35.6,35.4,35.6,128,35.4,130,47.5,47.5,35.6 / 128,35.4 / 130
3815,NY,White,M,72,69.5,92.2,122,34.8,34.7,34.8,117,34.7,127,45.7,46.5,34.8 / 117,34.7 / 127
3815,NY,Gold,M,72,66.8,87.8,113,33.4,33.4,33.4,115,33.4,111,44.1,43.7,33.4 / 115,33.4 / 111
3815,NY,Green,M,72,63.8,83.3,105,31.9,31.9,31.9,104,31.9,105,41.6,41.7,31.9 / 104,31.9 / 105
3815,NY,Orange,M,72,57.6,74.5,91,28.5,29.1,28.5,85,29.1,97,36.4,38.1,28.5 / 85,29.1 / 97
3815,NY,Gold,F,72,71.6,101.0,125,36.0,35.6,36.0,122,35.6,127,50.4,50.6,36.0 / 122,35.6 / 127
3815,NY,Red,F,72,68.6,96.3,118,34.5,34.1,34.5,117,34.1,118,48.3,48.0,34.5 / 117,34.1 / 118
3815,NY,Green,F,72,68.6,96.3,118,34.5,34.1,34.5,117,34.1,118,48.3,48.0,34.5 / 117,34.1 / 118
3815,NY,Orange,F,72,59.4,81.7,95,29.4,30.0,29.4,92,30.0,97,40.3,41.4,29.4 / 92,30.0 / 97
6850,NY,Blue Old 9/New 9,M,71,71.2,94.8,128,35.2,36.0,35.2,122,36.0,132,46.5,48.3,35.2 / 122,36.0 / 132
6850,NY,Blue,M,71,71.2,94.9,128,34.9,36.3,34.9,121,36.3,135,46.1,48.8,34.9 / 121,36.3 / 135
6850,NY,White Old 9/New 9,M,71,70.0,92.8,124,34.7,35.3,34.7,120,35.3,127,45.8,47.0,34.7 / 120,35.3 / 127
6850,NY,White,M,71,70.0,92.8,124,34.3,35.7,34.3,120,35.7,127,45.4,47.4,34.3 / 120,35.7 / 127
6850,NY,White/Gold,M,71,68.7,91.2,122,33.7,35.0,33.7,120,35.0,124,44.8,46.4,33.7 / 120,35.0 / 124
6850,NY,Gold Old 9/New 9,M,71,67.4,89.8,121,33.1,34.3,33.1,122,34.3,119,44.4,45.4,33.1 / 122,34.3 / 119
6850,NY,Gold,M,71,67.4,89.8,121,33.0,34.4,33.0,117,34.4,124,43.9,45.9,33.0 / 117,34.4 / 124
6850,NY,Red Old 9/New 9,M,71,65.7,87.5,118,32.0,33.7,32.0,118,33.7,117,42.9,44.6,32.0 / 118,33.7 / 117
6850,NY,Red,M,71,65.7,87.5,118,31.9,33.8,31.9,112,33.8,123,42.3,45.2,31.9 / 112,33.8 / 123
6850,NY,Orange,M,71,62.7,83.5,112,30.5,32.2,30.5,109,32.2,115,40.6,42.9,30.5 / 109,32.2 / 115
6850,NY,Orange Old 9/New 9,M,71,62.7,83.4,112,30.8,31.9,30.8,111,31.9,112,41.1,42.3,30.8 / 111,31.9 / 112
6850,NY,White,F,72,75.5,107.6,136,37.1,38.4,37.1,135,38.4,137,53.0,54.6,37.1 / 135,38.4 / 137
6850,NY,Gold,F,72,73.2,104.2,132,35.9,37.3,35.9,126,37.3,137,50.8,53.4,35.9 / 126,37.3 / 137
6850,NY,Gold Old 9/New 9,F,72,73.2,104.2,132,36.1,37.1,36.1,127,37.1,136,51.1,53.1,36.1 / 127,37.1 / 136
6850,NY,Red,F,72,71.1,101.5,129,34.4,36.7,34.4,122,36.7,136,48.8,52.7,34.4 / 122,36.7 / 136
6850,NY,Red Old 9/New 9,F,72,71.1,101.6,129,34.9,36.2,34.9,122,36.2,137,49.3,52.3,34.9 / 122,36.2 / 137
6850,NY,Red/Orange,F,72,68.7,97.9,124,33.5,35.2,33.5,118,35.2,130,47.4,50.5,33.5 / 118,35.2 / 130
6850,NY,Orange,F,72,67.3,95.8,121,32.6,34.7,32.6,114,34.7,127,46.1,49.7,32.6 / 114,34.7 / 127
6850,NY,Orange Old 9/New 9,F,72,67.3,95.9,121,32.9,34.4,32.9,115,34.4,127,46.5,49.4,32.9 / 115,34.4 / 127
6666,NY,Gold,M,70,71.3,95.9,133,34.9,36.4,34.9,135,36.4,130,47.4,48.5,34.9 / 135,36.4 / 130
6666,NY,Blue,M,70,69.2,93.1,129,33.7,35.5,33.7,130,35.5,127,45.8,47.3,33.7 / 130,35.5 / 127
6666,NY,White,M,70,68.5,91.7,126,33.6,34.9,33.6,127,34.9,123,45.4,46.3,33.6 / 127,34.9 / 123
6666,NY,Red,M,70,65.2,87.2,119,32.0,33.2,32.0,121,33.2,116,43.2,44.0,32.0 / 121,33.2 / 116
6666,NY,White,F,70,75.0,107.2,136,36.9,38.1,36.9,132,38.1,139,52.6,54.6,36.9 / 132,38.1 / 139
6666,NY,Red,F,70,70.7,100.4,126,34.8,35.9,34.8,127,35.9,125,49.8,50.6,34.8 / 127,35.9 / 125
6798,NY,Black,M,72,73.6,99.0,138,37.0,36.6,37.0,141,36.6,133,50.1,48.9,37.0 / 141,36.6 / 133
6798,NY,Black/Blue,M,72,72.8,98.2,137,36.6,36.2,36.6,140,36.2,133,49.6,48.6,36.6 / 140,36.2 / 133
6798,NY,Blue,M,72,72.1,97.5,136,36.3,35.8,36.3,140,35.8,132,49.3,48.2,36.3 / 140,35.8 / 132
6798,NY,Blue/White,M,72,71.6,96.4,134,36.1,35.5,36.1,138,35.5,129,48.9,47.5,36.1 / 138,35.5 / 129
6798,NY,White,M,72,71.0,95.3,131,35.7,35.3,35.7,133,35.3,128,48.1,47.2,35.7 / 133,35.3 / 128
6798,NY,White/Gold,M,72,69.3,92.9,127,35.0,34.3,35.0,130,34.3,124,47.1,45.8,35.0 / 130,34.3 / 124
6798,NY,Gold,M,72,68.5,91.7,125,34.7,33.8,34.7,128,33.8,122,46.6,45.1,34.7 / 128,33.8 / 122
6798,NY,White,F,72,76.8,109.3,138,38.8,38.0,38.8,138,38.0,137,55.1,54.2,38.8 / 138,38.0 / 137
6798,NY,White/Gold,F,72,74.7,106.2,134,38.0,36.7,38.0,133,36.7,134,53.7,52.5,38.0 / 133,36.7 / 134
6798,NY,Gold,F,72,73.4,104.3,131,37.4,36.0,37.4,132,36.0,130,53.0,51.3,37.4 / 132,36.0 / 130
6846,NY,Black,M,71,71.5,96.8,136,35.6,35.9,35.6,130,35.9,142,47.7,49.1,35.6 / 130,35.9 / 142
6846,NY,Blue,M,71,70.2,94.9,133,34.6,35.6,34.6,127,35.6,139,46.4,48.5,34.6 / 127,35.6 / 139
6846,NY,White,M,71,68.6,92.6,129,33.8,34.8,33.8,125,34.8,133,45.4,47.2,33.8 / 125,34.8 / 133
6846,NY,White/Green,M,71,66.8,90.3,127,33.0,33.8,33.0,123,33.8,130,44.4,45.9,33.0 / 123,33.8 / 130
6846,NY,Green,M,71,64.8,87.5,122,31.7,33.1,31.7,117,33.1,127,42.6,44.9,31.7 / 117,33.1 / 127
6846,NY,White,F,72,74.0,106.3,137,36.4,37.6,36.4,132,37.6,142,52.0,54.3,36.4 / 132,37.6 / 142
6846,NY,White/Green,F,72,72.1,103.0,131,35.6,36.5,35.6,127,36.5,135,50.6,52.4,35.6 / 127,36.5 / 135
6846,NY,Green,F,72,70.1,99.5,127,34.1,36.0,34.1,122,36.0,131,48.4,51.3,34.1 / 122,36.0 / 131
13745,NY,Black,M,70,66.9,88.6,117,33.2,33.7,33.2,117,33.7,116,44.1,44.5,33.2 / 117,33.7 / 116
13745,NY,Black/White,M,70,66.0,87.4,115,32.9,33.1,32.9,114,33.1,116,43.5,43.9,32.9 / 114,33.1 / 116
13745,NY,White,M,70,65.3,85.8,111,32.6,32.7,32.6,110,32.7,111,42.8,43.0,32.6 / 110,32.7 / 111
13745,NY,Green,M,70,62.9,82.9,108,31.0,31.9,31.0,108,31.9,108,41.0,41.9,31.0 / 108,31.9 / 108
13745,NY,Black,F,70,72.0,102.5,130,35.6,36.4,35.6,130,36.4,129,50.9,51.6,35.6 / 130,36.4 / 129
13745,NY,White,F,70,69.8,99.3,126,34.5,35.3,34.5,126,35.3,125,49.3,50.0,34.5 / 126,35.3 / 125
13745,NY,Green,F,69,67.2,95.2,119,32.8,34.4,32.8,116,34.4,121,46.5,48.7,32.8 / 116,34.4 / 121
3751,NY,Blue,M,71,71.2,95.1,129,35.8,35.4,35.8,130,35.4,127,47.9,47.2,35.8 / 130,35.4 / 127
3751,NY,White,M,71,68.9,91.5,122,34.5,34.4,34.5,121,34.4,123,45.7,45.8,34.5 / 121,34.4 / 123
3751,NY,Gold,M,71,65.6,86.7,114,32.2,33.4,32.2,111,33.4,116,42.5,44.2,32.2 / 111,33.4 / 116
3751,NY,Red,M,71,63.5,83.7,109,31.5,32.0,31.5,108,32.0,110,41.5,42.2,31.5 / 108,32.0 / 110
3751,NY,White,F,71,75.2,106.2,132,37.4,37.8,37.4,132,37.8,131,53.0,53.2,37.4 / 132,37.8 / 131
3751,NY,Gold,F,71,71.0,100.3,124,34.8,36.2,34.8,122,36.2,126,49.2,51.1,34.8 / 122,36.2 / 126
3751,NY,Red,F,71,68.7,96.1,116,33.9,34.8,33.9,116,34.8,116,47.6,48.5,33.9 / 116,34.8 / 116
6732,NY,Black,M,72,75.5,102.5,145,37.2,38.3,37.2,145,38.3,145,50.7,51.8,37.2 / 145,38.3 / 145
6732,NY,Black/Blue,M,72,73.9,100.3,142,36.6,37.3,36.6,143,37.3,141,49.9,50.4,36.6 / 143,37.3 / 141
6732,NY,Blue,M,72,73.0,99.0,140,36.1,36.9,36.1,141,36.9,139,49.2,49.8,36.1 / 141,36.9 / 139
6732,NY,Blue/White,M,72,72.4,98.0,138,35.7,36.7,35.7,138,36.7,138,48.5,49.5,35.7 / 138,36.7 / 138
6732,NY,White,M,72,71.3,96.5,136,35.5,35.8,35.5,135,35.8,137,48.0,48.5,35.5 / 135,35.8 / 137
6732,NY,White/Gold,M,72,69.4,94.0,134,34.7,34.7,34.7,132,34.7,132,47.0,47.0,34.7 / 132,34.7 / 132
6732,NY,Gold,M,72,67.8,91.7,128,33.9,33.9,33.9,128,33.9,128,45.9,45.8,33.9 / 128,33.9 / 128
6732,NY,Red,M,72,66.9,90.2,126,33.5,33.4,33.5,126,33.4,125,45.2,45.0,33.5 / 126,33.4 / 125
6732,NY,White,F,72,77.2,111.1,144,38.5,38.7,38.5,145,38.7,142,55.7,55.4,38.5 / 145,38.7 / 142
6732,NY,Gold,F,72,73.0,105.2,137,36.7,36.3,36.7,139,36.3,134,53.1,52.1,36.7 / 139,36.3 / 134
6732,NY,Red,F,72,71.8,103.0,133,36.1,35.7,36.1,136,35.7,129,52.1,50.9,36.1 / 136,35.7 / 129
3337,NY,Championship,M,70,77.7,106.8,155,39.1,38.6,39.1,155,38.6,155,53.8,53.0,39.1 / 155,38.6 / 155
3337,NY,Black,M,71,75.8,103.5,150,38.2,37.6,38.2,150,37.6,149,52.1,51.4,38.2 / 150,37.6 / 149
3337,NY,Blue,M,71,73.8,100.8,145,37.1,36.7,37.1,147,36.7,143,50.8,50.0,37.1 / 147,36.7 / 143
3337,NY,Blue-White,M,71,73.1,99.8,144,36.4,36.7,36.4,147,36.7,140,50.1,49.7,36.4 / 147,36.7 / 140
3337,NY,White,M,71,71.7,97.9,141,35.6,36.1,35.6,143,36.1,139,48.9,49.0,35.6 / 143,36.1 / 139
3337,NY,Gold,M,71,69.2,93.9,133,34.5,34.7,34.5,129,34.7,137,46.5,47.4,34.5 / 129,34.7 / 137
3337,NY,Green,M,71,67.9,91.9,129,34.1,33.8,34.1,127,33.8,131,45.9,46.0,34.1 / 127,33.8 / 131
3337,NY,Blue,F,0,80.9,117.5,155,40.6,40.3,40.6,155,40.3,154,59.0,58.5,40.6 / 155,40.3 / 154
3337,NY,Blue-White,F,72,79.7,116.2,154,39.9,39.8,39.9,153,39.8,155,58.0,58.2,39.9 / 153,39.8 / 155
3337,NY,White,F,72,78.0,113.6,151,38.9,39.1,38.9,148,39.1,153,56.4,57.2,38.9 / 148,39.1 / 153
3337,NY,Gold,F,72,74.6,108.7,145,37.0,37.6,37.0,140,37.6,149,53.5,55.2,37.0 / 140,37.6 / 149
3337,NY,Green,F,72,72.9,105.8,140,36.4,36.5,36.4,137,36.5,142,52.5,53.3,36.4 / 137,36.5 / 142
3338,NY,Black,M,70,73.3,98.6,136,36.3,37.0,36.3,140,37.0,132,49.3,49.3,36.3 / 140,37.0 / 132
3338,NY,Blue,M,70,71.2,95.9,133,35.3,35.9,35.3,135,35.9,131,47.8,48.1,35.3 / 135,35.9 / 131
3338,NY,Blue-White,M,70,69.7,94.1,132,34.7,35.0,34.7,135,35.0,128,47.2,46.9,34.7 / 135,35.0 / 128
3338,NY,White,M,70,68.2,92.2,129,33.9,34.3,33.9,128,34.3,130,45.8,46.4,33.9 / 128,34.3 / 130
3338,NY,Gold,M,70,67.8,91.7,129,33.9,33.9,33.9,128,33.9,129,45.8,45.9,33.9 / 128,33.9 / 129
3338,NY,Green,M,70,66.4,89.5,125,33.0,33.4,33.0,124,33.4,125,44.5,45.0,33.0 / 124,33.4 / 125
3338,NY,Family,M,71,60.2,78.8,100,30.3,29.9,30.3,100,29.9,100,39.6,39.2,30.3 / 100,29.9 / 100
3338,NY,Blue,F,72,78.1,113.1,149,38.9,39.2,38.9,147,39.2,150,56.2,56.9,38.9 / 147,39.2 / 150
3338,NY,Blue-White,F,72,76.1,109.6,142,38.3,37.8,38.3,143,37.8,141,55.2,54.4,38.3 / 143,37.8 / 141
3338,NY,White,F,72,74.2,106.5,137,36.9,37.3,36.9,137,37.3,137,53.0,53.5,36.9 / 137,37.3 / 137
3338,NY,Gold,F,72,73.6,106.0,137,36.8,36.8,36.8,137,36.8,137,53.0,53.0,36.8 / 137,36.8 / 137
3338,NY,Green,F,72,72.1,103.0,131,35.8,36.3,35.8,129,36.3,133,51.0,52.0,35.8 / 129,36.3 / 133
3338,NY,Family,F,71,61.7,86.6,106,30.8,30.9,30.8,105,30.9,106,43.2,43.4,30.8 / 105,30.9 / 106
3358,NY,BLUE,M,72,72.4,96.3,129,36.5,35.9,36.5,128,35.9,129,48.4,47.9,36.5 / 128,35.9 / 129
3358,NY,WHITE,M,72,70.2,93.3,125,35.2,35.0,35.2,128,35.0,121,47.1,46.2,35.2 / 128,35.0 / 121
3358,NY,GOLD,M,72,66.0,86.6,111,33.4,32.6,33.4,110,32.6,112,43.6,43.0,33.4 / 110,32.6 / 112
3358,NY,RED,M,72,64.7,84.6,107,32.8,31.9,32.8,105,31.9,109,42.6,42.0,32.8 / 105,31.9 / 109
3358,NY,GOLD,F,72,71.9,102.2,129,36.5,35.4,36.5,131,35.4,126,51.9,50.3,36.5 / 131,35.4 / 126
3358,NY,RED,F,72,70.4,100.2,127,35.7,34.7,35.7,127,34.7,126,50.7,49.5,35.7 / 127,34.7 / 126
23872,NY,BLACK,M,70,74.0,100.4,143,37.3,36.7,37.3,144,36.7,141,50.6,49.8,37.3 / 144,36.7 / 141
23872,NY,BLUE,M,70,72.1,98.1,141,36.2,35.9,36.2,144,35.9,137,49.5,48.6,36.2 / 144,35.9 / 137
23872,NY,WHITE,M,70,71.1,96.2,136,35.9,35.2,35.9,140,35.2,131,48.9,47.3,35.9 / 140,35.2 / 131
23872,NY,GREEN,M,70,69.1,94.0,134,34.5,34.6,34.5,138,34.6,130,47.3,46.7,34.5 / 138,34.6 / 130
23872,NY,Green,F,70,73.3,105.5,137,37.2,36.1,37.2,137,36.1,136,53.4,52.1,37.2 / 137,36.1 / 136
23872,NY,Red,F,72,72.2,103.4,133,36.4,35.8,36.4,130,35.8,135,51.7,51.7,36.4 / 130,35.8 / 135
13710,NY,Black,M,72,75.0,102.8,150,37.5,37.5,37.5,150,37.5,150,51.4,51.4,37.5 / 150,37.5 / 150
13710,NY,Gold,M,72,73.4,100.6,146,36.7,36.7,36.7,146,36.7,146,50.3,50.3,36.7 / 146,36.7 / 146
13710,NY,Blue/Gold,M,72,72.4,99.4,144,36.2,36.2,36.2,144,36.2,144,49.7,49.7,36.2 / 144,36.2 / 144
13710,NY,Blue,M,72,71.6,98.2,142,35.8,35.8,35.8,142,35.8,142,49.1,49.1,35.8 / 142,35.8 / 142
13710,NY,Blue/White,M,72,71.6,97.4,139,35.8,35.8,35.8,139,35.8,139,48.7,48.7,35.8 / 139,35.8 / 139
13710,NY,White,M,72,71.6,96.6,136,35.8,35.8,35.8,136,35.8,136,48.3,48.3,35.8 / 136,35.8 / 136
13710,NY,White / Red,M,72,70.6,94.8,130,35.3,35.3,35.3,130,35.3,130,47.4,47.4,35.3 / 130,35.3 / 130
13710,NY,Red,F,72,71.0,100.2,124,35.5,35.5,35.5,124,35.5,124,50.1,50.1,35.5 / 124,35.5 / 124
13710,NY,White/Red,F,72,69.8,100.8,131,34.9,34.9,34.9,131,34.9,131,50.4,50.4,34.9 / 131,34.9 / 131
14178,NY,Black,M,72,74.9,101.7,145,37.4,37.5,37.4,149,37.5,140,51.3,50.4,37.4 / 149,37.5 / 140
14178,NY,Gold,M,72,73.6,99.9,142,36.7,36.9,36.7,146,36.9,137,50.4,49.5,36.7 / 146,36.9 / 137
14178,NY,Gold/Blue,M,72,72.5,98.4,140,36.2,36.3,36.2,144,36.3,135,49.5,48.9,36.2 / 144,36.3 / 135
14178,NY,Blue,M,72,71.9,97.6,138,35.8,36.1,35.8,142,36.1,134,49.1,48.5,35.8 / 142,36.1 / 134
14178,NY,Blue/White,M,72,70.6,95.3,133,35.2,35.4,35.2,138,35.4,128,48.0,47.3,35.2 / 138,35.4 / 128
14178,NY,White,M,72,69.6,93.9,131,34.8,34.8,34.8,135,34.8,127,47.3,46.6,34.8 / 135,34.8 / 127
14178,NY,White/Red,M,72,67.3,91.3,129,33.8,33.5,33.8,139,33.5,118,46.8,44.5,33.8 / 139,33.5 / 118
14178,NY,White,F,72,75.1,106.3,132,37.5,37.6,37.5,133,37.6,131,53.2,53.1,37.5 / 133,37.6 / 131
14178,NY,White/Red,F,72,71.5,101.3,126,35.7,35.8,35.7,126,35.8,126,50.6,50.7,35.7 / 126,35.8 / 126
14178,NY,Red,F,72,69.2,98.3,124,34.4,34.8,34.4,122,34.8,125,48.8,49.5,34.4 / 122,34.8 / 125
14179,NY,Black,M,72,75.2,101.9,145,37.5,37.7,37.5,140,37.7,149,50.4,51.5,37.5 / 140,37.7 / 149
14179,NY,Gold,M,72,73.6,99.6,141,36.9,36.7,36.9,137,36.7,144,49.5,50.1,36.9 / 137,36.7 / 144
14179,NY,Gold/Blue,M,72,72.6,98.2,139,36.3,36.3,36.3,135,36.3,142,48.8,49.4,36.3 / 135,36.3 / 142
14179,NY,Blue,M,72,72.1,97.6,137,36.1,36.0,36.1,134,36.0,140,48.5,49.1,36.1 / 134,36.0 / 140
14179,NY,Blue/White,M,72,70.2,95.1,134,35.4,34.8,35.4,128,34.8,140,47.3,47.8,35.4 / 128,34.8 / 140
14179,NY,White,M,72,69.6,93.7,130,34.9,34.7,34.9,128,34.7,131,46.8,46.9,34.9 / 128,34.7 / 131
14179,NY,White/Red,M,72,66.4,89.3,123,33.5,32.9,33.5,118,32.9,128,44.5,44.8,33.5 / 118,32.9 / 128
14179,NY,White,F,72,73.6,104.0,129,37.3,36.3,37.3,130,36.3,128,52.6,51.4,37.3 / 130,36.3 / 128
14179,NY,White/Red,F,72,70.7,99.8,123,35.8,34.9,35.8,126,34.9,120,50.7,49.1,35.8 / 126,34.9 / 120
14179,NY,Red,F,72,68.9,97.6,122,34.8,34.1,34.8,125,34.1,119,49.5,48.1,34.8 / 125,34.1 / 119
13708,NY,Black,M,72,75.4,103.0,149,37.7,37.7,37.7,149,37.7,149,51.5,51.5,37.7 / 149,37.7 / 149
13708,NY,Gold,M,72,73.4,100.2,144,36.7,36.7,36.7,144,36.7,144,50.1,50.1,36.7 / 144,36.7 / 144
13708,NY,Blue/Gold,M,72,72.6,99.2,142,36.3,36.3,36.3,142,36.3,142,49.6,49.6,36.3 / 142,36.3 / 142
13708,NY,Blue,M,72,72.0,98.2,140,36.0,36.0,36.0,140,36.0,140,49.1,49.1,36.0 / 140,36.0 / 140
13708,NY,Blue/White,M,72,69.6,94.4,133,34.8,34.8,34.8,133,34.8,133,47.2,47.2,34.8 / 133,34.8 / 133
13708,NY,White,M,72,68.8,92.2,125,34.4,34.4,34.4,125,34.4,125,46.1,46.1,34.4 / 125,34.4 / 125
13708,NY,White/Red,M,72,67.6,90.0,122,33.8,33.8,33.8,122,33.8,122,45.0,45.0,33.8 / 122,33.8 / 122
13708,NY,Red,F,72,70.8,100.0,124,35.4,35.4,35.4,124,35.4,124,50.0,50.0,35.4 / 124,35.4 / 124
13708,NY,White/Red,F,72,70.4,99.6,124,35.2,35.2,35.2,124,35.2,124,49.8,49.8,35.2 / 124,35.2 / 124
14180,NY,Black,M,72,75.1,102.8,149,37.7,37.4,37.7,149,37.4,149,51.5,51.3,37.7 / 149,37.4 / 149
14180,NY,Gold,M,72,73.4,100.5,145,36.7,36.7,36.7,144,36.7,146,50.1,50.4,36.7 / 144,36.7 / 146
14180,NY,Gold/Blue,M,72,72.5,98.9,143,36.3,36.2,36.3,142,36.2,144,49.4,49.5,36.3 / 142,36.2 / 144
14180,NY,Blue,M,72,71.8,98.1,141,36.0,35.8,36.0,140,35.8,142,49.1,49.0,36.0 / 140,35.8 / 142
14180,NY,Blue/White,M,72,70.1,95.9,139,34.8,35.3,34.8,140,35.3,138,47.8,48.1,34.8 / 140,35.3 / 138
14180,NY,White,M,72,68.9,93.7,134,34.2,34.7,34.2,129,34.7,138,46.2,47.5,34.2 / 129,34.7 / 138
14180,NY,White/Red,M,72,67.2,91.8,133,33.4,33.8,33.4,125,33.8,140,45.0,46.8,33.4 / 125,33.8 / 140
14180,NY,White,F,72,74.6,105.7,132,37.2,37.4,37.2,131,37.4,133,52.6,53.1,37.2 / 131,37.4 / 133
14180,NY,White/Red,F,72,70.9,100.1,124,35.2,35.7,35.2,121,35.7,126,49.5,50.6,35.2 / 121,35.7 / 126
14180,NY,Red,F,72,68.5,96.9,121,34.1,34.4,34.1,119,34.4,122,48.1,48.8,34.1 / 119,34.4 / 122
3793,NY,Black,M,72,75.0,98.7,128,37.2,37.8,37.2,129,37.8,126,49.2,49.5,37.2 / 129,37.8 / 126
3793,NY,Green,M,72,73.4,96.8,126,36.3,37.1,36.3,124,37.1,128,47.8,49.0,36.3 / 124,37.1 / 128
3793,NY,Blue,M,72,71.8,95.3,127,35.7,36.1,35.7,118,36.1,135,46.7,48.6,35.7 / 118,36.1 / 135
3793,NY,White,M,72,68.8,91.1,120,34.2,34.6,34.2,114,34.6,126,44.8,46.3,34.2 / 114,34.6 / 126
3793,NY,Gold,M,72,66.7,87.2,111,33.1,33.6,33.1,107,33.6,114,43.0,44.2,33.1 / 107,33.6 / 114
3793,NY,Red,M,72,64.8,83.9,103,32.5,32.3,32.5,102,32.3,103,42.0,41.9,32.5 / 102,32.3 / 103
3793,NY,Gold,F,72,72.4,100.8,121,35.9,36.5,35.9,118,36.5,123,49.8,51.0,35.9 / 118,36.5 / 123
3793,NY,Red,F,72,70.4,97.9,117,35.0,35.4,35.0,116,35.4,117,48.7,49.2,35.0 / 116,35.4 / 117
33721,NY,Black,M,72,72.7,96.4,128,36.6,36.1,36.6,128,36.1,127,48.5,47.9,36.6 / 128,36.1 / 127
33721,NY,Blue,M,72,71.8,95.1,126,36.1,35.7,36.1,126,35.7,125,47.8,47.3,36.1 / 126,35.7 / 125
33721,NY,White,M,72,70.1,92.9,123,35.2,34.9,35.2,124,34.9,122,46.7,46.2,35.2 / 124,34.9 / 122
33721,NY,Gold,M,72,65.7,86.8,114,33.1,32.6,33.1,114,32.6,113,43.7,43.1,33.1 / 114,32.6 / 113
33721,NY,Red,M,72,63.6,83.8,109,32.4,31.2,32.4,111,31.2,107,42.7,41.1,32.4 / 111,31.2 / 107
33721,NY,White,F,72,76.1,107.2,132,38.2,37.9,38.2,130,37.9,134,53.5,53.7,38.2 / 130,37.9 / 134
33721,NY,Gold,F,72,70.6,99.2,122,35.5,35.1,35.5,123,35.1,120,50.0,49.2,35.5 / 123,35.1 / 120
33721,NY,Red,F,72,69.2,96.5,116,35.1,34.1,35.1,119,34.1,113,49.1,47.4,35.1 / 119,34.1 / 113
3821,NY,Blue,M,71,71.2,94.8,127,35.5,35.7,35.5,128,35.7,126,47.4,47.4,35.5 / 128,35.7 / 126
3821,NY,White,M,71,70.0,93.1,125,34.9,35.1,34.9,125,35.1,124,46.5,46.6,34.9 / 125,35.1 / 124
3821,NY,Gold,M,71,66.6,87.7,114,32.8,33.8,32.8,115,33.8,112,43.5,44.2,32.8 / 115,33.8 / 112
3821,NY,Red,M,71,65.8,86.6,112,32.9,32.9,32.9,113,32.9,111,43.4,43.2,32.9 / 113,32.9 / 111
3821,NY,Orange,M,71,61.8,80.6,101,31.0,30.8,31.0,101,30.8,101,40.4,40.2,31.0 / 101,30.8 / 101
3821,NY,Pink,M,71,59.4,76.6,93,29.5,29.9,29.5,95,29.9,90,38.3,38.3,29.5 / 95,29.9 / 90
3821,NY,White,F,72,75.8,108.5,139,37.7,38.1,37.7,137,38.1,140,53.9,54.6,37.7 / 137,38.1 / 140
3821,NY,Gold,F,72,71.4,101.4,128,35.3,36.1,35.3,124,36.1,131,49.9,51.5,35.3 / 124,36.1 / 131
3821,NY,Red,F,72,71.3,99.3,119,35.7,35.6,35.7,119,35.6,119,49.7,49.6,35.7 / 119,35.6 / 119
3821,NY,Orange,F,72,65.1,90.6,108,32.6,32.5,32.6,111,32.5,105,45.7,44.9,32.6 / 111,32.5 / 105
3821,NY,Pink,F,72,61.9,85.5,100,30.3,31.6,30.3,98,31.6,102,41.9,43.6,30.3 / 98,31.6 / 102
3832,NY,Blue - 18 Right,M,72,70.9,95.0,130,35.5,35.4,35.5,128,35.4,131,47.4,47.6,35.5 / 128,35.4 / 131
3832,NY,Blue - 18 Left,M,72,70.8,94.7,129,35.5,35.3,35.5,128,35.3,129,47.4,47.3,35.5 / 128,35.3 / 129
3832,NY,White - 18 Right,M,72,69.6,93.2,127,34.8,34.8,34.8,126,34.8,128,46.5,46.7,34.8 / 126,34.8 / 128
3832,NY,White - 18 Left,M,72,69.4,92.9,127,34.8,34.6,34.8,126,34.6,127,46.5,46.4,34.8 / 126,34.6 / 127
3832,NY,White/Gold - 18 Right,M,72,68.1,90.8,122,33.9,34.2,33.9,127,34.2,117,45.7,45.1,33.9 / 127,34.2 / 117
3832,NY,White/Gold - 18 Left,M,72,67.8,90.4,122,33.9,33.9,33.9,127,33.9,116,45.7,44.7,33.9 / 127,33.9 / 116
3832,NY,Gold - 18 Right,M,72,66.4,88.2,117,32.9,33.5,32.9,119,33.5,115,44.0,44.2,32.9 / 119,33.5 / 115
3832,NY,Gold - 18 Left,M,72,66.1,87.6,116,32.9,33.2,32.9,119,33.2,112,44.0,43.6,32.9 / 119,33.2 / 112
3832,NY,Red - 18 Right,M,72,65.3,85.9,111,32.6,32.7,32.6,113,32.7,109,43.1,42.8,32.6 / 113,32.7 / 109
3832,NY,Red - 18 Left,M,72,65.2,85.7,111,32.6,32.6,32.6,113,32.6,108,43.1,42.6,32.6 / 113,32.6 / 108
3832,NY,Gold - 18 Right,F,73,71.0,100.3,125,35.3,35.7,35.3,125,35.7,124,50.0,50.3,35.3 / 125,35.7 / 124
3832,NY,Gold - 18 Left,F,73,70.8,99.7,123,35.3,35.5,35.3,125,35.5,120,50.0,49.7,35.3 / 125,35.5 / 120
3832,NY,Red - 18 Right,F,73,69.6,98.5,123,34.9,34.7,34.9,118,34.7,127,48.8,49.7,34.9 / 118,34.7 / 127
3832,NY,Red - 18 Left,F,73,69.5,98.1,122,34.9,34.6,34.9,118,34.6,125,48.8,49.3,34.9 / 118,34.6 / 125
3692,NY,Blue,M,71,72.1,96.8,133,35.9,36.2,35.9,131,36.2,135,48.1,48.7,35.9 / 131,36.2 / 135
3692,NY,Blue White Combo,M,71,71.1,95.7,132,35.4,35.7,35.4,131,35.7,133,47.6,48.1,35.4 / 131,35.7 / 133
3692,NY,White,M,71,70.2,94.2,129,34.5,35.7,34.5,126,35.7,132,46.2,48.0,34.5 / 126,35.7 / 132
3692,NY,White Gold Combo,M,71,68.1,91.7,127,33.5,34.6,33.5,127,34.6,127,45.3,46.4,33.5 / 127,34.6 / 127
3692,NY,Gold,M,71,66.6,89.7,125,32.9,33.7,32.9,124,33.7,125,44.4,45.3,32.9 / 124,33.7 / 125
3692,NY,Gold Red Combo,M,71,64.8,86.7,118,31.8,33.0,31.8,115,33.0,121,42.5,44.2,31.8 / 115,33.0 / 121
3692,NY,Red,M,71,63.9,85.3,115,31.3,32.6,31.3,115,32.6,115,42.0,43.3,31.3 / 115,32.6 / 115
3692,NY,White,F,71,76.5,109.2,139,37.5,39.0,37.5,137,39.0,141,53.6,55.6,37.5 / 137,39.0 / 141
3692,NY,White Gold Combo,F,71,74.0,105.0,132,36.7,37.3,36.7,129,37.3,134,51.9,53.1,36.7 / 129,37.3 / 134
3692,NY,Gold,F,71,72.3,102.7,129,35.9,36.4,35.9,126,36.4,131,50.8,51.9,35.9 / 126,36.4 / 131
3692,NY,Gold Red Combo,F,71,69.6,99.6,128,34.2,35.4,34.2,124,35.4,131,48.8,50.8,34.2 / 124,35.4 / 131
3692,NY,Red,F,71,68.3,97.2,123,33.5,34.8,33.5,119,34.8,126,47.5,49.7,33.5 / 119,34.8 / 126
3371,NY,Black,M,72,72.9,97.1,130,36.7,36.2,36.7,129,36.2,131,48.7,48.4,36.7 / 129,36.2 / 131
3371,NY,Blue,M,72,71.3,95.2,129,36.0,35.3,36.0,129,35.3,128,48.0,47.2,36.0 / 129,35.3 / 128
3371,NY,White,M,72,69.2,92.3,125,34.7,34.5,34.7,126,34.5,123,46.4,45.9,34.7 / 126,34.5 / 123
3371,NY,Green,M,72,66.5,87.4,113,33.5,33.0,33.5,112,33.0,113,43.9,43.5,33.5 / 112,33.0 / 113
3371,NY,Gold,M,72,63.7,82.5,101,32.1,31.6,32.1,103,31.6,99,41.7,40.8,32.1 / 103,31.6 / 99
3371,NY,White,F,72,75.4,106.5,132,38.0,37.4,38.0,131,37.4,132,53.5,53.0,38.0 / 131,37.4 / 132
3371,NY,Green,F,72,72.0,101.6,126,36.0,36.0,36.0,127,36.0,124,51.0,50.6,36.0 / 127,36.0 / 124
3371,NY,Gold,F,72,68.2,95.1,114,34.4,33.8,34.4,109,33.8,119,47.3,47.8,34.4 / 109,33.8 / 119
3769,NY,Blue/White,M,70,68.2,90.9,123,34.6,33.6,34.6,124,33.6,122,46.0,44.9,34.6 / 124,33.6 / 122
3769,NY,Green/Green,M,70,64.2,86.2,118,32.3,31.9,32.3,117,31.9,119,43.2,43.0,32.3 / 117,31.9 / 119
3769,NY,Red/Red,M,70,63.4,85.1,117,31.8,31.6,31.8,116,31.6,117,42.6,42.5,31.8 / 116,31.6 / 117
3769,NY,Blue,M,35,34.6,46.1,124,34.6,,34.6,124,,,46.1,,34.6 / 124,/
3769,NY,White,M,35,33.6,44.9,122,33.6,,33.6,122,,,44.9,,33.6 / 122,/
3769,NY,Green (Front),M,35,32.3,43.2,117,32.3,,32.3,117,,,43.2,,32.3 / 117,/
3769,NY,Green (Back),M,35,31.9,43.0,119,31.9,,31.9,119,,,43.0,,31.9 / 119,/
3769,NY,Red (Front),M,35,31.8,42.6,116,31.8,,31.8,116,,,42.6,,31.8 / 116,/
3769,NY,Red (Back),M,35,31.6,42.5,117,31.6,,31.6,117,,,42.5,,31.6 / 117,/
3769,NY,Red/Red,F,70,67.4,96.3,123,33.9,33.5,33.9,123,33.5,122,48.4,47.9,33.9 / 123,33.5 / 122
3769,NY,Red (Front),F,35,33.9,48.4,123,33.9,,33.9,123,,,48.4,,33.9 / 123,/
3769,NY,Red (Back),F,35,33.5,47.9,122,33.5,,33.5,122,,,47.9,,33.5 / 122,/
3885,NY,Blue,M,71,72.1,96.5,132,36.6,35.5,36.6,137,35.5,126,49.3,47.2,36.6 / 137,35.5 / 126
3885,NY,Green,M,71,70.0,93.8,128,35.4,34.6,35.4,133,34.6,123,47.8,46.0,35.4 / 133,34.6 / 123
3885,NY,Gold,M,70,66.3,88.1,118,33.0,33.3,33.0,124,33.3,111,44.5,43.6,33.0 / 124,33.3 / 111
3885,NY,Red,M,70,63.7,84.0,110,31.7,32.0,31.7,109,32.0,110,41.8,42.2,31.7 / 109,32.0 / 110
3885,NY,Gold,F,70,71.4,100.9,125,35.8,35.6,35.8,128,35.6,122,50.9,50.0,35.8 / 128,35.6 / 122
3885,NY,Red,F,70,68.3,96.7,121,33.9,34.4,33.9,119,34.4,122,47.9,48.8,33.9 / 119,34.4 / 122
24041,NY,Blue,M,72,71.6,94.6,124,36.3,35.3,36.3,127,35.3,121,48.1,46.5,36.3 / 127,35.3 / 121
24041,NY,Blue-White Combo,M,72,69.5,92.3,123,35.0,34.5,35.0,124,34.5,122,46.5,45.8,35.0 / 124,34.5 / 122
24041,NY,White,M,72,68.2,90.9,123,34.3,33.9,34.3,121,33.9,124,45.5,45.4,34.3 / 121,33.9 / 124
24041,NY,Green,M,72,65.3,86.8,116,32.0,33.3,32.0,113,33.3,118,42.5,44.3,32.0 / 113,33.3 / 118
24041,NY,Green,F,72,69.8,98.6,123,34.1,35.7,34.1,119,35.7,126,48.1,50.5,34.1 / 119,35.7 / 126
3784,NY,White,M,71,68.3,91.0,123,34.2,34.1,34.2,121,34.1,124,45.4,45.6,34.2 / 121,34.1 / 124
3784,NY,Yellow,M,71,64.1,83.2,103,32.0,32.1,32.0,103,32.1,102,41.6,41.6,32.0 / 103,32.1 / 102
3784,NY,Red,M,71,63.7,82.3,100,31.8,31.9,31.8,98,31.9,102,40.9,41.4,31.8 / 98,31.9 / 102
3784,NY,White,F,71,74.2,103.4,124,36.9,37.3,36.9,127,37.3,120,51.9,51.5,36.9 / 127,37.3 / 120
3784,NY,Yellow,F,71,68.3,95.6,116,34.0,34.3,34.0,117,34.3,114,47.8,47.8,34.0 / 117,34.3 / 114
3784,NY,Red,F,71,67.7,95.0,116,33.7,34.0,33.7,114,34.0,117,47.2,47.8,33.7 / 114,34.0 / 117
6733,NY,Blue,M,72,71.4,96.2,134,35.1,36.3,35.1,126,36.3,141,46.8,49.4,35.1 / 126,36.3 / 141
6733,NY,White,M,72,69.6,93.8,130,34.3,35.3,34.3,123,35.3,138,45.7,48.1,34.3 / 123,35.3 / 138
6733,NY,Red/Gold,M,72,66.3,88.5,121,32.6,33.7,32.6,112,33.7,127,43.0,45.5,32.6 / 112,33.7 / 127
6733,NY,White,F,72,75.5,107.1,134,37.0,38.5,37.0,127,38.5,141,52.0,55.1,37.0 / 127,38.5 / 141
6733,NY,Red,F,72,72.0,101.6,126,35.1,36.9,35.1,119,36.9,132,49.1,52.5,35.1 / 119,36.9 / 132
3873,NY,Blue,M,71,71.4,95.9,132,35.2,36.2,35.2,130,36.2,133,47.3,48.6,35.2 / 130,36.2 / 133
3873,NY,Blue / White,M,71,70.7,94.9,130,35.1,35.6,35.1,127,35.6,133,46.9,48.0,35.1 / 127,35.6 / 133
3873,NY,White,M,71,70.0,94.0,129,34.7,35.3,34.7,125,35.3,133,46.3,47.7,34.7 / 125,35.3 / 133
3873,NY,White / Gold,M,71,68.1,91.6,127,33.8,34.3,33.8,117,34.3,136,44.7,46.9,33.8 / 117,34.3 / 136
3873,NY,Gold,M,71,66.9,88.9,119,33.1,33.8,33.1,113,33.8,124,43.6,45.3,33.1 / 113,33.8 / 124
3873,NY,Red,F,71,71.4,100.8,125,35.0,36.4,35.0,122,36.4,127,49.4,51.4,35.0 / 122,36.4 / 127
6781,NY,Blue,M,72,73.6,99.6,141,36.7,36.9,36.7,144,36.9,137,50.1,49.5,36.7 / 144,36.9 / 137
6781,NY,White,M,72,71.4,97.0,138,35.7,35.7,35.7,139,35.7,137,48.6,48.4,35.7 / 139,35.7 / 137
6781,NY,Yellow,M,72,69.1,93.5,132,34.5,34.6,34.5,136,34.6,127,47.1,46.4,34.5 / 136,34.6 / 127
6781,NY,Green,M,66,63.9,86.6,123,32.2,31.7,32.2,125,31.7,121,43.7,42.9,32.2 / 125,31.7 / 121
6781,NY,White,F,72,77.6,109.8,137,39.0,38.6,39.0,141,38.6,132,55.6,54.2,39.0 / 141,38.6 / 132
6781,NY,Yellow,F,72,75.6,106.9,133,38.0,37.6,38.0,137,37.6,128,54.2,52.7,38.0 / 137,37.6 / 128
6781,NY,Red,F,72,70.6,101.0,129,35.5,35.1,35.5,128,35.1,130,50.6,50.4,35.5 / 128,35.1 / 130
6781,NY,Green,F,72,67.6,95.2,117,34.5,33.1,34.5,117,33.1,117,48.3,46.9,34.5 / 117,33.1 / 117
21097,NY,Blue,M,70,66.6,87.6,113,32.7,33.9,32.7,112,33.9,114,43.1,44.5,32.7 / 112,33.9 / 114
21097,NY,White,M,70,64.8,85.1,110,31.9,32.9,31.9,111,32.9,108,42.2,42.9,31.9 / 111,32.9 / 108
21097,NY,Gold,M,70,62.4,82.1,106,31.3,31.1,31.3,108,31.1,104,41.3,40.8,31.3 / 108,31.1 / 104
21097,NY,Red,M,70,60.6,79.2,100,29.8,30.8,29.8,98,30.8,102,38.9,40.3,29.8 / 98,30.8 / 102
21097,NY,Blue,F,70,72.1,101.3,124,35.5,36.6,35.5,117,36.6,131,49.3,52.0,35.5 / 117,36.6 / 131
21097,NY,White,F,70,70.4,98.5,119,34.8,35.6,34.8,116,35.6,122,48.5,50.0,34.8 / 116,35.6 / 122
21097,NY,Gold,F,70,66.7,93.3,113,33.7,33.0,33.7,113,33.0,113,47.0,46.3,33.7 / 113,33.0 / 113
21097,NY,Red,F,70,63.5,88.7,107,31.7,31.8,31.7,107,31.8,107,44.3,44.4,31.7 / 107,31.8 / 107
17788,NY,White-Yellow,M,71,71.0,95.2,130,35.7,35.3,35.7,132,35.3,128,48.0,47.2,35.7 / 132,35.3 / 128
17788,NY,Red-Blue,M,71,66.1,89.3,125,33.5,32.6,33.5,128,32.6,122,45.4,43.9,33.5 / 128,32.6 / 122
17788,NY,Silver-Gold,M,71,65.3,88.1,123,33.2,32.1,33.2,127,32.1,118,45.0,43.1,33.2 / 127,32.1 / 118
17788,NY,Red-Blue,F,75,71.9,103.2,133,36.5,35.4,36.5,135,35.4,131,52.4,50.8,36.5 / 135,35.4 / 131
17788,NY,Silver-Gold,F,75,70.4,101.0,130,36.0,34.4,36.0,131,34.4,128,51.5,49.5,36.0 / 131,34.4 / 128
6763,NY,Blue,M,70,70.2,95.1,134,34.0,36.2,34.0,133,36.2,135,46.4,48.7,34.0 / 133,36.2 / 135
6763,NY,Blue/White,M,70,68.7,92.3,127,33.3,35.4,33.3,125,35.4,129,44.9,47.4,33.3 / 125,35.4 / 129
6763,NY,White,M,70,67.8,90.6,123,32.9,34.9,32.9,122,34.9,124,44.2,46.4,32.9 / 122,34.9 / 124
6763,NY,White/Gold,M,70,65.4,87.3,118,31.6,33.8,31.6,116,33.8,119,42.4,44.9,31.6 / 116,33.8 / 119
6763,NY,Gold,M,70,64.3,85.8,116,30.9,33.4,30.9,113,33.4,118,41.4,44.4,30.9 / 113,33.4 / 118
6763,NY,White,F,70,73.6,106.1,138,35.8,37.8,35.8,132,37.8,143,51.4,54.7,35.8 / 132,37.8 / 143
6763,NY,White/Gold,F,70,70.7,101.2,130,34.3,36.4,34.3,123,36.4,136,48.8,52.4,34.3 / 123,36.4 / 136
6763,NY,Gold,F,70,69.4,99.0,126,33.4,36.0,33.4,117,36.0,134,47.2,51.8,33.4 / 117,36.0 / 134
6763,NY,Red,F,70,68.2,97.0,122,33.1,35.1,33.1,116,35.1,128,46.8,50.2,33.1 / 116,35.1 / 128
6838,NY,Black,M,70,73.2,97.2,130,36.4,36.8,36.4,129,36.8,130,48.4,48.8,36.4 / 129,36.8 / 130
6838,NY,Hybrid,M,70,71.6,95.3,128,35.9,35.7,35.9,127,35.7,128,47.7,47.6,35.9 / 127,35.7 / 128
6838,NY,Blue,M,70,70.8,94.0,125,35.4,35.4,35.4,123,35.4,127,46.8,47.2,35.4 / 123,35.4 / 127
6838,NY,Blue / Silver,M,70,68.8,91.5,123,34.7,34.1,34.7,124,34.1,121,46.2,45.3,34.7 / 124,34.1 / 121
6838,NY,Silver,M,70,68.3,90.9,122,33.6,34.7,33.6,128,34.7,115,45.5,45.4,33.6 / 128,34.7 / 115
6838,NY,Silver,F,73,73.6,103.5,127,37.1,36.5,37.1,126,36.5,128,51.9,51.6,37.1 / 126,36.5 / 128
6838,NY,Combo,F,73,72.4,101.8,125,36.4,36.0,36.4,124,36.0,126,51.0,50.8,36.4 / 124,36.0 / 126
6838,NY,Green,F,72,69.5,97.7,121,35.1,34.4,35.1,121,34.4,120,49.3,48.4,35.1 / 121,34.4 / 120
9322,NY,Black,M,71,73.9,99.9,140,37.3,36.6,37.3,137,36.6,143,50.0,49.9,37.3 / 137,36.6 / 143
9322,NY,Black/Blue Combo,M,71,72.7,98.3,138,36.8,35.9,36.8,136,35.9,140,49.4,48.9,36.8 / 136,35.9 / 140
9322,NY,Blue,M,71,70.9,95.9,135,35.8,35.1,35.8,135,35.1,135,48.3,47.6,35.8 / 135,35.1 / 135
9322,NY,Blue - White Combo,M,71,69.9,94.8,134,35.4,34.5,35.4,136,34.5,132,48.0,46.8,35.4 / 136,34.5 / 132
9322,NY,White,M,71,69.0,92.8,128,34.8,34.2,34.8,128,34.2,128,46.7,46.1,34.8 / 128,34.2 / 128
9322,NY,Gold,M,71,66.0,88.8,123,33.0,33.0,33.0,121,33.0,125,44.2,44.6,33.0 / 121,33.0 / 125
9322,NY,Red,M,71,63.9,84.7,112,32.3,31.6,32.3,114,31.6,110,42.9,41.8,32.3 / 114,31.6 / 110
9322,NY,White,F,71,74.6,106.3,135,37.5,37.1,37.5,135,37.1,134,53.4,52.9,37.5 / 135,37.1 / 134
9322,NY,Gold,F,71,71.4,101.6,128,35.8,35.6,35.8,128,35.6,128,50.9,50.7,35.8 / 128,35.6 / 128
9322,NY,Red,F,71,68.5,97.3,122,34.7,33.8,34.7,126,33.8,118,49.6,47.7,34.7 / 126,33.8 / 118
3363,NY,Black,M,72,72.1,96.0,129,36.6,35.5,36.6,129,35.5,128,48.6,47.4,36.6 / 129,35.5 / 128
3363,NY,Blue,M,72,70.5,93.7,125,35.7,34.8,35.7,124,34.8,126,47.2,46.5,35.7 / 124,34.8 / 126
3363,NY,Blue/White,M,72,68.5,91.4,124,34.2,34.3,34.2,121,34.3,126,45.4,46.0,34.2 / 121,34.3 / 126
3363,NY,White,M,72,67.1,88.5,115,33.6,33.5,33.6,113,33.5,117,44.1,44.4,33.6 / 113,33.5 / 117
3363,NY,Gold,M,72,64.6,84.8,109,32.7,31.9,32.7,111,31.9,107,43.0,41.8,32.7 / 111,31.9 / 107
3363,NY,White,F,72,72.3,102.3,127,36.0,36.3,36.0,123,36.3,131,50.5,51.8,36.0 / 123,36.3 / 131
3363,NY,Gold,F,72,69.6,97.4,118,35.3,34.3,35.3,115,34.3,120,48.9,48.5,35.3 / 115,34.3 / 120
3889,NY,Blue,M,72,72.0,96.4,132,36.2,35.8,36.2,127,35.8,136,48.0,48.4,36.2 / 127,35.8 / 136
3889,NY,White,M,72,70.4,94.3,129,35.3,35.1,35.3,127,35.1,130,47.1,47.2,35.3 / 127,35.1 / 130
3889,NY,Gold,M,72,66.8,87.4,111,33.7,33.1,33.7,110,33.1,112,43.9,43.5,33.7 / 110,33.1 / 112
3889,NY,Red,M,72,65.5,86.0,111,33.1,32.4,33.1,110,32.4,111,43.3,42.7,33.1 / 110,32.4 / 111
3889,NY,Orange,M,72,60.0,77.9,97,30.0,30.0,30.0,97,30.0,96,39.0,38.9,30.0 / 97,30.0 / 96
3889,NY,Gold,F,72,71.9,101.0,123,36.1,35.8,36.1,126,35.8,120,51.0,50.0,36.1 / 126,35.8 / 120
3889,NY,Red,F,72,70.6,98.6,119,35.5,35.1,35.5,121,35.1,116,49.8,48.8,35.5 / 121,35.1 / 116
3889,NY,Orange,F,72,62.9,86.8,102,31.5,31.4,31.5,101,31.4,102,43.4,43.4,31.5 / 101,31.4 / 102
6858,NY,Gold,M,71,72.1,97.3,136,35.8,36.3,35.8,130,36.3,141,47.9,49.4,35.8 / 130,36.3 / 141
6858,NY,Blue,M,71,70.4,95.2,134,35.0,35.4,35.0,128,35.4,139,46.9,48.3,35.0 / 128,35.4 / 139
6858,NY,White,M,71,68.0,91.7,128,33.8,34.2,33.8,125,34.2,130,45.4,46.3,33.8 / 125,34.2 / 130
6858,NY,White,F,71,72.7,103.0,129,36.0,36.7,36.0,126,36.7,131,50.8,52.2,36.0 / 126,36.7 / 131
6858,NY,Red,F,71,69.8,98.7,123,34.6,35.2,34.6,116,35.2,129,48.3,50.4,34.6 / 116,35.2 / 129
6667,NY,White/Blue,M,68,63.8,84.8,113,31.8,32.0,31.8,110,32.0,116,42.0,42.8,31.8 / 110,32.0 / 116
6667,NY,White - Blue,F,72,68.8,97.3,121,34.2,34.6,34.2,123,34.6,119,48.7,48.6,34.2 / 123,34.6 / 119
6667,NY,Red - Gold,F,72,66.6,93.3,114,33.3,33.3,33.3,108,33.3,119,46.0,47.3,33.3 / 108,33.3 / 119
6799,NY,Blue,M,71,70.7,93.6,124,35.3,35.4,35.3,121,35.4,126,46.5,47.1,35.3 / 121,35.4 / 126
6799,NY,White,M,71,69.5,91.8,120,34.8,34.7,34.8,117,34.7,123,45.7,46.1,34.8 / 117,34.7 / 123
6799,NY,Gray,M,71,65.8,86.5,112,32.8,33.0,32.8,111,33.0,112,43.1,43.4,32.8 / 111,33.0 / 112
6799,NY,White,F,73,74.9,105.9,132,37.3,37.6,37.3,130,37.6,133,52.6,53.3,37.3 / 130,37.6 / 133
6799,NY,Gray,F,73,70.7,99.6,123,35.3,35.4,35.3,121,35.4,124,49.6,50.0,35.3 / 121,35.4 / 124
6809,NY,Black 2021 (M),M,71,71.4,96.1,133,36.0,35.4,36.0,133,35.4,132,48.4,47.7,36.0 / 133,35.4 / 132
6809,NY,Blue,M,71,70.5,94.9,131,35.5,35.0,35.5,133,35.0,129,47.9,47.0,35.5 / 133,35.0 / 129
6809,NY,White,M,71,69.0,92.8,129,34.7,34.3,34.7,132,34.3,125,47.0,45.8,34.7 / 132,34.3 / 125
6809,NY,Green,M,71,65.7,87.6,118,33.6,32.1,33.6,123,32.1,113,45.0,42.6,33.6 / 123,32.1 / 113
6809,NY,Blue,F,71,74.5,105.9,134,37.7,36.8,37.7,137,36.8,131,53.8,52.1,37.7 / 137,36.8 / 131
6809,NY,Green,F,71,70.7,100.5,128,36.4,34.3,36.4,132,34.3,123,51.8,48.7,36.4 / 132,34.3 / 123
9338,NY,Blue,M,72,72.7,96.4,128,36.7,36.0,36.7,126,36.0,129,48.4,48.0,36.7 / 126,36.0 / 129
9338,NY,White,M,72,71.0,94.4,126,35.9,35.1,35.9,123,35.1,129,47.3,47.1,35.9 / 123,35.1 / 129
9338,NY,White/Gold,M,72,68.4,90.0,116,34.4,34.0,34.4,114,34.0,118,45.0,45.0,34.4 / 114,34.0 / 118
9338,NY,Gold,M,72,67.3,88.2,113,33.7,33.6,33.7,112,33.6,113,44.1,44.1,33.7 / 112,33.6 / 113
9338,NY,Red,F,72,70.3,98.1,118,35.2,35.1,35.2,114,35.1,121,48.7,49.4,35.2 / 114,35.1 / 121
9338,NY,Green,F,72,67.7,94.4,113,33.8,33.9,33.8,109,33.9,117,46.7,47.7,33.8 / 109,33.9 / 117
3369,NY,BLUE,M,71,72.9,97.5,133,36.2,36.7,36.2,128,36.7,137,48.1,49.4,36.2 / 128,36.7 / 137
3369,NY,WHITE,M,71,71.3,95.5,130,35.4,35.9,35.4,127,35.9,133,47.2,48.3,35.4 / 127,35.9 / 133
3369,NY,WHITE/GOLD,M,71,69.9,93.6,128,34.5,35.4,34.5,123,35.4,132,45.9,47.7,34.5 / 123,35.4 / 132
3369,NY,GOLD,M,71,68.8,92.2,126,34.0,34.8,34.0,122,34.8,130,45.3,46.9,34.0 / 122,34.8 / 130
3369,NY,GOLD/RED,M,71,67.8,90.7,124,33.6,34.2,33.6,121,34.2,126,44.8,45.9,33.6 / 121,34.2 / 126
3369,NY,RED,M,71,66.8,89.3,121,33.3,33.5,33.3,119,33.5,123,44.4,44.9,33.3 / 119,33.5 / 123
3369,NY,RED/GRAY,M,71,65.2,86.9,117,32.4,32.8,32.4,116,32.8,117,43.2,43.7,32.4 / 116,32.8 / 117
3369,NY,GRAY,M,71,63.0,83.0,108,31.3,31.7,31.3,105,31.7,110,41.1,41.9,31.3 / 105,31.7 / 110
3369,NY,WHITE,F,73,77.9,113.3,151,38.8,39.1,38.8,148,39.1,153,56.2,57.1,38.8 / 148,39.1 / 153
3369,NY,WHITE/GOLD,F,73,76.1,109.3,141,37.6,38.5,37.6,139,38.5,142,54.0,55.3,37.6 / 139,38.5 / 142
3369,NY,GOLD,F,73,74.8,107.2,138,36.9,37.9,36.9,137,37.9,138,53.0,54.2,36.9 / 137,37.9 / 138
3369,NY,GOLD/RED,F,73,73.9,105.6,135,36.5,37.4,36.5,134,37.4,135,52.3,53.3,36.5 / 134,37.4 / 135
3369,NY,RED,F,73,72.8,103.8,131,36.2,36.6,36.2,131,36.6,131,51.7,52.1,36.2 / 131,36.6 / 131
3369,NY,RED/GRAY,F,73,70.7,100.4,126,35.0,35.7,35.0,128,35.7,124,50.1,50.3,35.0 / 128,35.7 / 124
3369,NY,GRAY,F,73,66.9,94.8,119,33.1,33.8,33.1,120,33.8,117,47.2,47.6,33.1 / 120,33.8 / 117
13716,NY,Blue,M,74,72.2,95.8,127,36.1,36.1,36.1,127,36.1,127,47.9,47.9,36.1 / 127,36.1 / 127
13716,NY,White,M,74,69.6,92.2,122,34.8,34.8,34.8,122,34.8,122,46.1,46.1,34.8 / 122,34.8 / 122
13716,NY,Red,F,74,73.2,103.2,127,36.6,36.6,36.6,127,36.6,127,51.6,51.6,36.6 / 127,36.6 / 127
26416,NY,Blue,M,35,34.1,44.1,108,34.1,,34.1,108,,,44.1,,34.1 / 108,/
26416,NY,White,M,35,33.5,42.8,100,33.5,,33.5,100,,,42.8,,33.5 / 100,/
26416,NY,Red,M,35,31.4,40.8,101,31.4,,31.4,101,,,40.8,,31.4 / 101,/
26416,NY,Gold,M,35,30.8,39.0,88,30.8,,30.8,88,,,39.0,,30.8 / 88,/
26416,NY,White,F,35,36.2,50.5,121,36.2,,36.2,121,,,50.5,,36.2 / 121,/
26416,NY,Red,F,35,34.3,46.2,101,34.3,,34.3,101,,,46.2,,34.3 / 101,/
26416,NY,Gold,F,35,32.9,44.9,102,32.9,,32.9,102,,,44.9,,32.9 / 102,/
6881,NY,Blue,M,72,71.9,96.4,132,35.2,36.7,35.2,125,36.7,139,46.8,49.6,35.2 / 125,36.7 / 139
6881,NY,Blue/White,M,72,71.5,95.8,132,35.1,36.4,35.1,124,36.4,139,46.6,49.2,35.1 / 124,36.4 / 139
6881,NY,White,M,72,70.4,94.3,129,34.3,36.1,34.3,122,36.1,136,45.6,48.7,34.3 / 122,36.1 / 136
6881,NY,Gold,M,72,67.9,91.0,124,33.3,34.6,33.3,117,34.6,131,44.2,46.8,33.3 / 117,34.6 / 131
6881,NY,Red/White,M,72,65.3,86.8,116,31.6,33.7,31.6,116,33.7,115,42.4,44.4,31.6 / 116,33.7 / 115
6881,NY,White,F,72,75.9,106.0,128,36.6,39.3,36.6,116,39.3,139,50.3,55.7,36.6 / 116,39.3 / 139
6881,NY,Gold,F,72,72.1,101.7,126,35.1,37.0,35.1,117,37.0,134,48.9,52.8,35.1 / 117,37.0 / 134
6881,NY,Red,F,70,68.3,96.2,119,32.3,36.0,32.3,108,36.0,130,45.0,51.2,32.3 / 108,36.0 / 130
13731,NY,Blue,M,73,71.2,95.0,128,36.2,35.0,36.2,133,35.0,123,48.6,46.4,36.2 / 133,35.0 / 123
13731,NY,White,M,73,68.4,91.5,124,34.9,33.5,34.9,129,33.5,119,46.9,44.6,34.9 / 129,33.5 / 119
13731,NY,Red,M,73,65.6,87.3,117,33.5,32.1,33.5,123,32.1,111,44.9,42.4,33.5 / 123,32.1 / 111
13731,NY,Blue,F,73,77.1,109.7,138,39.4,37.7,39.4,142,37.7,134,56.2,53.5,39.4 / 142,37.7 / 134
13731,NY,White,F,73,74.3,105.4,132,38.1,36.2,38.1,137,36.2,127,54.2,51.2,38.1 / 137,36.2 / 127
13731,NY,Red,F,73,70.8,100.1,125,36.2,34.6,36.2,130,34.6,119,51.5,48.6,36.2 / 130,34.6 / 119
20632,NY,Navy,M,71,73.4,98.9,138,37.2,36.2,37.2,138,36.2,137,50.0,48.9,37.2 / 138,36.2 / 137
20632,NY,Navy/White,M,71,72.0,97.2,136,36.6,35.4,36.6,137,35.4,135,49.3,47.9,36.6 / 137,35.4 / 135
20632,NY,White,M,71,70.9,95.8,135,36.2,34.7,36.2,136,34.7,132,48.8,47.0,36.2 / 136,34.7 / 132
20632,NY,White/Green,M,71,69.5,94.0,132,35.4,34.1,35.4,134,34.1,129,47.9,46.1,35.4 / 134,34.1 / 129
20632,NY,Green,M,71,67.9,91.7,129,34.8,33.1,34.8,136,33.1,121,47.4,44.3,34.8 / 136,33.1 / 121
20632,NY,Short Course,M,71,59.0,79.0,108,29.8,29.2,29.8,112,29.2,103,40.2,38.8,29.8 / 112,29.2 / 103
20632,NY,Green,F,71,73.7,104.6,131,37.7,36.0,37.7,135,36.0,127,53.6,51.0,37.7 / 135,36.0 / 127
20632,NY,Carolina,F,71,72.6,102.9,129,37.0,35.6,37.0,133,35.6,124,52.7,50.2,37.0 / 133,35.6 / 124
20632,NY,Short Course,F,71,61.7,86.9,107,31.2,30.5,31.2,111,30.5,103,44.3,42.6,31.2 / 111,30.5 / 103
6772,NY,Black,M,70,72.1,96.6,133,35.6,36.5,35.6,129,36.5,136,47.6,49.0,35.6 / 129,36.5 / 136
6772,NY,Blue,M,70,69.7,93.5,128,34.3,35.4,34.3,125,35.4,130,46.0,47.5,34.3 / 125,35.4 / 130
6772,NY,Mixed,M,70,68.8,91.9,124,33.7,35.1,33.7,119,35.1,128,44.8,47.1,33.7 / 119,35.1 / 128
6772,NY,White,M,70,67.5,89.6,120,33.1,34.4,33.1,114,34.4,125,43.6,46.0,33.1 / 114,34.4 / 125
6772,NY,Red,M,70,63.7,83.8,108,31.8,31.9,31.8,102,31.9,114,41.3,42.5,31.8 / 102,31.9 / 114
6772,NY,White,F,70,72.2,100.9,122,35.4,36.8,35.4,114,36.8,129,48.9,52.0,35.4 / 114,36.8 / 129
6772,NY,Red,F,70,68.1,94.4,112,33.7,34.4,33.7,108,34.4,115,46.5,47.9,33.7 / 108,34.4 / 115
3825,NY,Black,M,71,71.8,95.5,128,35.5,36.3,35.5,128,36.3,127,47.4,48.1,35.5 / 128,36.3 / 127
3825,NY,Blue,M,71,70.3,93.8,127,34.8,35.5,34.8,127,35.5,126,46.6,47.2,34.8 / 127,35.5 / 126
3825,NY,Blue-White,M,71,69.3,92.5,125,34.4,34.9,34.4,126,34.9,124,46.1,46.4,34.4 / 126,34.9 / 124
3825,NY,White,M,71,68.4,90.9,122,34.1,34.3,34.1,121,34.3,122,45.3,45.6,34.1 / 121,34.3 / 122
3825,NY,Green,M,71,66.7,88.4,117,33.5,33.2,33.5,116,33.2,117,44.3,44.1,33.5 / 116,33.2 / 117
3825,NY,Red,M,71,63.7,84.3,111,31.6,32.1,31.6,110,32.1,112,41.8,42.5,31.6 / 110,32.1 / 112
3825,NY,Gold,M,71,61.0,80.2,103,30.8,30.2,30.8,104,30.2,102,40.5,39.7,30.8 / 104,30.2 / 102
3825,NY,Blue,F,72,75.9,107.3,133,37.7,38.2,37.7,131,38.2,135,53.2,54.1,37.7 / 131,38.2 / 135
3825,NY,Blue-White,F,72,74.8,105.7,131,37.3,37.5,37.3,130,37.5,132,52.6,53.1,37.3 / 130,37.5 / 132
3825,NY,White,F,72,73.6,103.8,128,36.6,37.0,36.6,126,37.0,130,51.5,52.3,36.6 / 126,37.0 / 130
3825,NY,Green,F,72,72.0,101.5,125,36.1,35.9,36.1,124,35.9,126,50.7,50.8,36.1 / 124,35.9 / 126
3825,NY,Red,F,72,68.8,96.4,117,34.1,34.7,34.1,114,34.7,120,47.5,48.9,34.1 / 114,34.7 / 120
3825,NY,Gold,F,72,64.6,89.9,108,32.8,31.8,32.8,108,31.8,107,45.5,44.4,32.8 / 108,31.8 / 107
3368,NY,White (F) - Blue (B),M,70,68.3,89.9,116,33.7,34.6,33.7,113,34.6,119,44.2,45.7,33.7 / 113,34.6 / 119
3368,NY,Yellow (F) - White (B),M,70,65.5,85.7,109,31.8,33.7,31.8,104,33.7,113,41.5,44.2,31.8 / 104,33.7 / 113
3368,NY,Yellow (F) - White (B),F,72,70.4,98.6,120,34.0,36.4,34.0,110,36.4,129,47.0,51.6,34.0 / 110,36.4 / 129
3753,NY,Blue,M,70,65.7,85.2,105,32.8,32.9,32.8,97,32.9,113,41.8,43.4,32.8 / 97,32.9 / 113
3753,NY,White,M,70,64.6,83.6,103,32.3,32.3,32.3,98,32.3,108,41.4,42.2,32.3 / 98,32.3 / 108
3753,NY,Yellow,M,70,61.2,80.3,102,30.5,30.7,30.5,102,30.7,102,40.0,40.3,30.5 / 102,30.7 / 102
3753,NY,Red,M,70,60.9,79.7,101,30.4,30.5,30.4,102,30.5,100,39.9,39.8,30.4 / 102,30.5 / 100
3753,NY,Yellow,F,70,65.9,90.4,104,33.1,32.8,33.1,97,32.8,111,44.5,45.9,33.1 / 97,32.8 / 111
3753,NY,Red,F,70,64.3,88.0,100,32.2,32.1,32.2,92,32.1,108,43.1,44.9,32.2 / 92,32.1 / 108
6832,NY,Championship,M,71,73.8,98.6,134,36.7,37.1,36.7,129,37.1,138,48.7,49.9,36.7 / 129,37.1 / 138
6832,NY,Gold,M,71,73.2,97.6,132,36.4,36.8,36.4,128,36.8,135,48.3,49.3,36.4 / 128,36.8 / 135
6832,NY,Gold/Blue,M,71,71.8,95.7,129,35.8,36.0,35.8,127,36.0,130,47.6,48.1,35.8 / 127,36.0 / 130
6832,NY,Blue,M,71,70.9,94.8,129,35.3,35.6,35.3,127,35.6,130,47.1,47.7,35.3 / 127,35.6 / 130
6832,NY,Macdonald,M,71,70.3,94.0,128,35.2,35.1,35.2,127,35.1,128,47.0,47.0,35.2 / 127,35.1 / 128
6832,NY,Blue/White,M,71,70.1,93.7,127,34.9,35.2,34.9,127,35.2,127,46.7,47.0,34.9 / 127,35.2 / 127
6832,NY,White,M,71,69.0,92.3,126,34.2,34.8,34.2,123,34.8,128,45.6,46.7,34.2 / 123,34.8 / 128
6832,NY,Red/White,M,71,67.8,90.6,123,33.7,34.1,33.7,121,34.1,125,44.9,45.7,33.7 / 121,34.1 / 125
6832,NY,Red,M,71,67.0,89.6,122,33.3,33.7,33.3,119,33.7,124,44.4,45.2,33.3 / 119,33.7 / 124
6832,NY,Red/Yellow,M,71,65.9,88.0,119,33.0,32.9,33.0,117,32.9,121,43.9,44.1,33.0 / 117,32.9 / 121
6832,NY,Yellow,M,71,65.2,87.0,117,32.4,32.8,32.4,115,32.8,119,43.1,43.9,32.4 / 115,32.8 / 119
6832,NY,Blue,F,71,76.7,108.8,136,38.3,38.4,38.3,135,38.4,137,54.2,54.6,38.3 / 135,38.4 / 137
6832,NY,Blue/White,F,71,75.7,107.3,134,37.8,37.9,37.8,132,37.9,136,53.4,53.9,37.8 / 132,37.9 / 136
6832,NY,White,F,71,74.3,105.3,132,36.8,37.5,36.8,130,37.5,133,52.1,53.2,36.8 / 130,37.5 / 133
6832,NY,Red/White,F,71,72.6,102.9,129,36.1,36.5,36.1,126,36.5,131,51.0,51.9,36.1 / 126,36.5 / 131
6832,NY,Red,F,71,71.7,101.6,127,35.7,36.0,35.7,125,36.0,129,50.4,51.2,35.7 / 125,36.0 / 129
6832,NY,Red/Yellow,F,71,70.3,99.6,125,35.3,35.0,35.3,123,35.0,126,49.8,49.8,35.3 / 123,35.0 / 126
6832,NY,Yellow,F,71,69.3,98.2,123,34.5,34.8,34.5,120,34.8,125,48.7,49.5,34.5 / 120,34.8 / 125
6668,NY,Black,M,71,72.0,97.3,137,36.4,35.6,36.4,134,35.6,139,48.8,48.5,36.4 / 134,35.6 / 139
6668,NY,Gold,M,71,71.6,96.5,135,36.2,35.4,36.2,136,35.4,133,48.8,47.7,36.2 / 136,35.4 / 133
6668,NY,Blue,M,71,70.1,94.4,131,35.5,34.6,35.5,132,34.6,129,47.8,46.6,35.5 / 132,34.6 / 129
6668,NY,Blue/Green,M,71,68.2,92.0,128,34.6,33.6,34.6,131,33.6,125,46.8,45.2,34.6 / 131,33.6 / 125
6668,NY,Green,M,71,66.5,89.5,124,33.4,33.1,33.4,125,33.1,123,45.0,44.5,33.4 / 125,33.1 / 123
6668,NY,Red,F,72,70.6,100.9,129,35.4,35.2,35.4,130,35.2,127,50.7,50.2,35.4 / 130,35.2 / 127
6863,NY,White/Red,M,64,62.2,85.1,124,31.0,31.2,31.0,124,31.2,123,42.5,42.6,31.0 / 124,31.2 / 123
6863,NY,White/Red,F,68,65.6,93.1,117,32.7,32.9,32.7,116,32.9,117,46.4,46.7,32.7 / 116,32.9 / 117
3730,NY,Black,M,72,72.2,96.2,129,35.1,37.1,35.1,128,37.1,130,47.0,49.2,35.1 / 128,37.1 / 130
3730,NY,Blue,M,72,70.7,93.8,125,34.4,36.3,34.4,121,36.3,128,45.6,48.2,34.4 / 121,36.3 / 128
3730,NY,White,M,72,69.0,91.4,121,34.0,35.0,34.0,117,35.0,124,44.9,46.5,34.0 / 117,35.0 / 124
3730,NY,Gold,M,72,65.8,87.0,114,32.3,33.5,32.3,112,33.5,116,42.7,44.3,32.3 / 112,33.5 / 116
3730,NY,Red,M,72,64.4,84.5,109,31.4,33.0,31.4,108,33.0,109,41.4,43.1,31.4 / 108,33.0 / 109
3730,NY,Gold,F,73,71.0,99.3,120,34.8,36.2,34.8,117,36.2,123,48.6,50.7,34.8 / 117,36.2 / 123
3730,NY,Red,F,73,69.4,97.1,118,33.6,35.8,33.6,114,35.8,121,47.0,50.1,33.6 / 114,35.8 / 121
33120,NY,Black,M,72,68.6,89.8,114,34.4,34.2,34.4,119,34.2,109,45.5,44.3,34.4 / 119,34.2 / 109
33120,NY,Blue,M,72,66.7,87.2,111,33.2,33.5,33.2,114,33.5,107,43.8,43.4,33.2 / 114,33.5 / 107
33120,NY,White,M,72,63.9,84.0,108,31.9,32.0,31.9,113,32.0,103,42.4,41.6,31.9 / 113,32.0 / 103
33120,NY,Gold,M,72,62.5,81.9,104,31.2,31.3,31.2,105,31.3,103,41.0,40.9,31.2 / 105,31.3 / 103
33120,NY,Black,F,72,73.9,104.4,130,37.2,36.7,37.2,133,36.7,126,52.9,51.5,37.2 / 133,36.7 / 126
33120,NY,Blue,F,72,71.7,101.1,125,36.0,35.7,36.0,124,35.7,126,50.6,50.5,36.0 / 124,35.7 / 126
33120,NY,White,F,72,68.6,95.4,114,34.7,33.9,34.7,114,33.9,114,48.1,47.3,34.7 / 114,33.9 / 114
33120,NY,Gold,F,72,66.2,91.9,109,33.2,33.0,33.2,113,33.0,105,46.5,45.4,33.2 / 113,33.0 / 105
6669,NY,Blue,M,72,72.2,97.2,135,35.8,36.4,35.8,133,36.4,136,48.2,49.0,35.8 / 133,36.4 / 136
6669,NY,White,M,72,71.1,95.5,132,35.3,35.8,35.3,130,35.8,134,47.3,48.2,35.3 / 130,35.8 / 134
6669,NY,Green,M,72,69.4,93.3,129,34.6,34.8,34.6,127,34.8,130,46.4,46.9,34.6 / 127,34.8 / 130
6669,NY,Gold,M,72,66.5,88.6,119,33.1,33.4,33.1,117,33.4,121,44.0,44.6,33.1 / 117,33.4 / 121
6669,NY,White,F,72,77.0,109.3,137,38.2,38.8,38.2,135,38.8,139,54.1,55.2,38.2 / 135,38.8 / 139
6669,NY,Gold,F,72,72.0,101.7,126,36.0,36.0,36.0,125,36.0,127,50.7,51.0,36.0 / 125,36.0 / 127
6669,NY,Red,F,72,70.8,100.7,127,35.0,35.8,35.0,126,35.8,127,49.9,50.8,35.0 / 126,35.8 / 127
6669,NY,Black,F,72,65.2,92.0,114,32.0,33.2,32.0,113,33.2,114,45.3,46.7,32.0 / 113,33.2 / 114
3861,NY,Blue,M,72,72.7,98.3,138,36.2,36.5,36.2,143,36.5,132,49.5,48.8,36.2 / 143,36.5 / 132
3861,NY,White,M,72,70.8,95.6,134,35.3,35.5,35.3,138,35.5,129,48.1,47.5,35.3 / 138,35.5 / 129
3861,NY,Gold,M,72,66.8,88.8,119,33.3,33.5,33.3,113,33.5,124,43.8,45.0,33.3 / 113,33.5 / 124
3861,NY,Red,M,72,64.2,84.6,110,31.9,32.3,31.9,103,32.3,116,41.5,43.1,31.9 / 103,32.3 / 116
3861,NY,Gold,F,72,71.8,101.8,127,35.7,36.1,35.7,128,36.1,126,50.8,51.0,35.7 / 128,36.1 / 126
3861,NY,Red,F,72,68.7,96.9,120,33.8,34.9,33.8,119,34.9,120,47.8,49.1,33.8 / 119,34.9 / 120
23680,NY,Black,M,72,75.9,103.3,148,37.6,38.3,37.6,145,38.3,150,51.1,52.2,37.6 / 145,38.3 / 150
23680,NY,Oak,M,72,74.2,100.9,144,36.8,37.4,36.8,142,37.4,145,50.0,50.9,36.8 / 142,37.4 / 145
23680,NY,Pound,M,72,72.4,98.1,138,36.2,36.2,36.2,132,36.2,144,48.5,49.6,36.2 / 132,36.2 / 144
23680,NY,Granite,M,72,71.7,97.2,138,35.8,35.9,35.8,135,35.9,140,48.3,48.9,35.8 / 135,35.9 / 140
23680,NY,Ridge,M,72,70.2,95.1,132,35.3,34.9,35.3,125,34.9,138,46.9,47.7,35.3 / 125,34.9 / 138
23680,NY,Sand,M,72,68.3,92.7,132,34.2,34.1,34.2,129,34.1,134,46.1,46.6,34.2 / 129,34.1 / 134
23680,NY,Granite,F,72,78.0,113.3,150,38.7,39.3,38.7,147,39.3,153,56.0,57.3,38.7 / 147,39.3 / 153
23680,NY,Sand,F,72,73.3,105.5,137,36.4,36.9,36.4,133,36.9,140,52.1,53.4,36.4 / 133,36.9 / 140
23680,NY,Pine,F,72,70.1,100.5,129,35.3,34.8,35.3,126,34.8,132,50.1,50.4,35.3 / 126,34.8 / 132
6624,NY,White,M,70,70.6,95.1,132,34.9,35.7,34.9,130,35.7,133,47.0,48.1,34.9 / 130,35.7 / 133
6624,NY,White/Gold,M,70,69.1,93.0,129,34.1,35.0,34.1,126,35.0,131,45.8,47.2,34.1 / 126,35.0 / 131
6624,NY,Gold,M,70,67.8,90.4,122,33.4,34.4,33.4,128,34.4,115,45.3,45.1,33.4 / 128,34.4 / 115
6624,NY,White,F,72,76.8,109.3,138,37.7,39.1,37.7,133,39.1,142,53.4,55.9,37.7 / 133,39.1 / 142
6624,NY,Red,F,72,71.2,101.3,128,35.5,35.7,35.5,120,35.7,135,49.7,51.6,35.5 / 120,35.7 / 135
36559,NY,White,M,60,56.0,72.6,89,28.0,28.0,28.0,89,28.0,89,36.3,36.3,28.0 / 89,28.0 / 89
36559,NY,Red,F,60,56.2,76.8,87,28.1,28.1,28.1,87,28.1,87,38.4,38.4,28.1 / 87,28.1 / 87
13751,NY,Blue,M,72,72.4,96.6,130,35.7,36.7,35.7,132,36.7,128,48.0,48.6,35.7 / 132,36.7 / 128
13751,NY,White,M,72,70.5,93.9,127,35.0,35.5,35.0,126,35.5,127,46.6,47.3,35.0 / 126,35.5 / 127
13751,NY,Gold,M,72,68.1,90.0,118,33.7,34.4,33.7,116,34.4,119,44.5,45.5,33.7 / 116,34.4 / 119
13751,NY,White,F,72,76.7,107.9,132,37.7,39.0,37.7,133,39.0,131,53.4,54.5,37.7 / 133,39.0 / 131
13751,NY,Gold,F,72,73.5,103.0,126,36.4,37.1,36.4,124,37.1,127,50.9,52.1,36.4 / 124,37.1 / 127
13751,NY,Red,F,72,72.8,102.5,126,36.1,36.7,36.1,126,36.7,126,50.9,51.6,36.1 / 126,36.7 / 126
6878,NY,Sarazen,M,70,70.3,94.9,134,35.2,35.1,35.2,137,35.1,130,47.9,47.2,35.2 / 137,35.1 / 130
6878,NY,Thomas,M,70,67.1,90.6,125,33.6,33.5,33.6,130,33.5,123,45.7,44.9,33.6 / 130,33.5 / 123
6878,NY,Sarazen,F,74,76.3,108.2,137,38.2,38.1,38.2,138,38.1,135,54.3,53.9,38.2 / 138,38.1 / 135
6878,NY,Thomas,F,74,72.3,102.2,128,36.2,36.1,36.2,129,36.1,126,51.4,50.8,36.2 / 129,36.1 / 126
6878,NY,Blue/White 2016,F,70,70.4,102.4,136,35.1,35.3,35.1,136,35.3,136,51.1,51.3,35.1 / 136,35.3 / 136
6729,NY,Black,M,70,74.9,101.4,143,37.5,37.4,37.5,145,37.4,140,51.0,50.4,37.5 / 145,37.4 / 140
6729,NY,Black/Blue,M,70,73.7,99.9,141,37.0,36.7,37.0,144,36.7,138,50.4,49.5,37.0 / 144,36.7 / 138
6729,NY,Blue,M,70,72.3,97.9,138,36.3,36.0,36.3,141,36.0,135,49.4,48.5,36.3 / 141,36.0 / 135
6729,NY,Blue/White,M,70,71.5,96.7,136,35.8,35.7,35.8,138,35.7,133,48.6,48.1,35.8 / 138,35.7 / 133
6729,NY,White,M,70,70.8,95.9,135,35.5,35.3,35.5,137,35.3,133,48.2,47.7,35.5 / 137,35.3 / 133
6729,NY,White/Green,M,70,69.2,93.7,132,35.1,34.1,35.1,135,34.1,129,47.6,46.1,35.1 / 135,34.1 / 129
6729,NY,Green,M,70,68.3,92.6,131,34.5,33.8,34.5,136,33.8,126,47.1,45.5,34.5 / 136,33.8 / 126
6729,NY,Green/Gold,M,70,66.9,90.7,128,33.9,33.0,33.9,133,33.0,123,46.3,44.4,33.9 / 133,33.0 / 123
6729,NY,Gold,M,70,65.5,88.8,126,33.2,32.3,33.2,130,32.3,121,45.3,43.5,33.2 / 130,32.3 / 121
6729,NY,Red,M,70,61.5,82.7,114,31.3,30.2,31.3,118,30.2,110,42.3,40.4,31.3 / 118,30.2 / 110
6729,NY,Blue,F,70,78.9,113.8,148,39.6,39.3,39.6,146,39.3,150,56.8,57.0,39.6 / 146,39.3 / 150
6729,NY,White,F,70,77.4,111.2,144,38.8,38.6,38.8,142,38.6,146,55.5,55.7,38.8 / 142,38.6 / 146
6729,NY,White/Green,F,73,76.1,109.3,141,38.2,37.9,38.2,139,37.9,143,54.6,54.7,38.2 / 139,37.9 / 143
6729,NY,Green,F,73,74.3,106.7,138,37.6,36.7,37.6,137,36.7,138,53.7,53.0,37.6 / 137,36.7 / 138
6729,NY,Green/Gold,F,71,71.8,103.3,134,36.4,35.4,36.4,133,35.4,134,52.1,51.2,36.4 / 133,35.4 / 134
6729,NY,Gold,F,71,70.6,101.7,132,35.8,34.8,35.8,130,34.8,134,51.1,50.6,35.8 / 130,34.8 / 134
6729,NY,Red,F,70,64.6,92.5,119,33.0,31.6,33.0,117,31.6,120,46.8,45.7,33.0 / 117,31.6 / 120
6729,NY,Junior,F,73,59.8,81.6,93,30.0,29.8,30.0,93,29.8,92,41.0,40.6,30.0 / 93,29.8 / 92
3852,NY,Blue,M,70,67.5,90.0,121,34.0,33.5,34.0,117,33.5,125,44.9,45.1,34.0 / 117,33.5 / 125
3852,NY,White,M,70,65.2,86.3,114,32.9,32.3,32.9,114,32.3,113,43.5,42.8,32.9 / 114,32.3 / 113
3852,NY,Red,M,70,62.6,81.2,100,31.7,30.9,31.7,98,30.9,102,40.8,40.4,31.7 / 98,30.9 / 102
3852,NY,Blue,F,70,73.3,103.8,129,37.0,36.3,37.0,131,36.3,127,52.5,51.3,37.0 / 131,36.3 / 127
3852,NY,White,F,70,70.5,100.2,126,35.5,35.0,35.5,128,35.0,124,50.6,49.6,35.5 / 128,35.0 / 124
3852,NY,Red,F,70,66.4,93.1,113,33.8,32.6,33.8,114,32.6,112,47.3,45.8,33.8 / 114,32.6 / 112
9342,NY,White,M,62,59.6,77.5,97,30.1,29.5,30.1,98,29.5,95,39.2,38.3,30.1 / 98,29.5 / 95
9342,NY,Red,F,62,61.8,84.7,97,31.6,30.2,31.6,99,30.2,95,43.3,41.4,31.6 / 99,30.2 / 95
6873,NY,Back,M,72,72.6,97.2,132,36.3,36.3,36.3,132,36.3,132,48.6,48.6,36.3 / 132,36.3 / 132
6873,NY,Black/Orange,M,72,69.8,92.3,121,35.1,34.7,35.1,124,34.7,118,46.6,45.7,35.1 / 124,34.7 / 118
6873,NY,White/Red,M,71,65.2,85.7,111,32.9,32.3,32.9,112,32.3,109,43.3,42.4,32.9 / 112,32.3 / 109
6873,NY,Family,M,72,59.0,77.0,97,29.5,29.5,29.5,97,29.5,97,38.5,38.5,29.5 / 97,29.5 / 97
6873,NY,White/Red,F,72,70.8,100.8,128,35.6,35.2,35.6,131,35.2,124,51.0,49.8,35.6 / 131,35.2 / 124
6873,NY,Family,F,72,61.4,86.6,107,30.7,30.7,30.7,107,30.7,107,43.3,43.3,30.7 / 107,30.7 / 107
3868,NY,Blue,M,72,74.9,99.9,135,37.4,37.5,37.4,132,37.5,137,49.7,50.2,37.4 / 132,37.5 / 137
3868,NY,White,M,72,71.6,95.4,128,35.7,35.9,35.7,128,35.9,128,47.6,47.8,35.7 / 128,35.9 / 128
3868,NY,Gold,M,72,69.5,93.1,127,34.5,35.0,34.5,129,35.0,125,46.5,46.6,34.5 / 129,35.0 / 125
3868,NY,Red,M,72,67.3,90.2,124,33.2,34.1,33.2,126,34.1,121,44.9,45.3,33.2 / 126,34.1 / 121
3868,NY,Green,M,72,61.6,81.6,108,30.4,31.2,30.4,109,31.2,107,40.5,41.1,30.4 / 109,31.2 / 107
3868,NY,Orange,M,72,58.9,78.5,106,29.1,29.8,29.1,103,29.8,108,38.7,39.8,29.1 / 103,29.8 / 108
3868,NY,White,F,73,77.8,111.0,141,38.5,39.3,38.5,143,39.3,138,55.4,55.6,38.5 / 143,39.3 / 138
3868,NY,Gold,F,73,75.6,107.2,134,37.4,38.2,37.4,131,38.2,137,52.9,54.3,37.4 / 131,38.2 / 137
3868,NY,Red,F,73,73.3,104.0,130,36.0,37.3,36.0,123,37.3,136,50.5,53.5,36.0 / 123,37.3 / 136
3868,NY,Green,F,73,64.2,89.9,109,31.6,32.6,31.6,104,32.6,114,43.9,46.0,31.6 / 104,32.6 / 114
3868,NY,Orange,F,73,59.7,84.6,106,29.5,30.2,29.5,98,30.2,113,41.1,43.5,29.5 / 98,30.2 / 113
3729,NY,Blue,M,71,69.9,93.8,129,33.6,36.3,33.6,115,36.3,142,44.3,49.5,33.6 / 115,36.3 / 142
3729,NY,White,M,71,68.4,90.6,120,32.8,35.6,32.8,110,35.6,129,43.0,47.6,32.8 / 110,35.6 / 129
3729,NY,Green,M,71,66.0,86.1,108,31.6,34.4,31.6,102,34.4,114,41.1,45.0,31.6 / 102,34.4 / 114
3729,NY,Red,M,71,62.9,81.7,101,30.3,32.6,30.3,97,32.6,105,39.3,42.4,30.3 / 97,32.6 / 105
3729,NY,White,F,71,74.1,105.9,135,35.1,39.0,35.1,124,39.0,146,49.7,56.2,35.1 / 124,39.0 / 146
3729,NY,Green,F,71,70.4,100.6,128,33.7,36.7,33.7,123,36.7,133,48.2,52.4,33.7 / 123,36.7 / 133
3729,NY,Red,F,71,66.6,90.8,103,31.7,34.9,31.7,99,34.9,106,43.4,47.4,31.7 / 99,34.9 / 106
3705,NY,Blue,M,72,72.2,96.8,133,35.7,36.5,35.7,135,36.5,130,48.2,48.6,35.7 / 135,36.5 / 130
3705,NY,White,M,72,70.9,94.6,128,35.0,35.9,35.0,128,35.9,127,46.9,47.7,35.0 / 128,35.9 / 127
3705,NY,Gold,M,72,68.2,89.7,116,34.1,34.1,34.1,114,34.1,117,44.7,45.0,34.1 / 114,34.1 / 117
3705,NY,Green,M,72,66.7,88.0,115,32.9,33.8,32.9,116,33.8,113,43.7,44.3,32.9 / 116,33.8 / 113
3705,NY,Red,M,72,64.7,85.1,110,32.8,31.9,32.8,111,31.9,109,43.1,42.0,32.8 / 111,31.9 / 109
3705,NY,White,F,73,76.8,109.4,138,37.8,39.0,37.8,139,39.0,137,54.2,55.2,37.8 / 139,39.0 / 137
3705,NY,Gold,F,73,73.0,104.0,132,36.3,36.7,36.3,134,36.7,129,52.1,51.9,36.3 / 134,36.7 / 129
3705,NY,Green,F,73,71.4,101.7,129,35.4,36.0,35.4,125,36.0,132,50.1,51.6,35.4 / 125,36.0 / 132
3705,NY,Red,F,72,68.6,96.9,120,34.7,33.9,34.7,119,33.9,121,48.7,48.2,34.7 / 119,33.9 / 121
3316,NY,Burgundy,M,72,73.9,99.6,139,36.4,37.5,36.4,136,37.5,141,49.0,50.6,36.4 / 136,37.5 / 141
3316,NY,Black,M,72,71.6,96.5,134,35.5,36.1,35.5,131,36.1,137,47.7,48.8,35.5 / 131,36.1 / 137
3316,NY,Blue,M,72,69.8,93.6,128,34.6,35.2,34.6,129,35.2,127,46.6,47.0,34.6 / 129,35.2 / 127
3316,NY,Silver,M,72,66.7,89.1,121,33.0,33.7,33.0,118,33.7,123,44.0,45.1,33.0 / 118,33.7 / 123
3316,NY,Gold,M,72,63.9,82.7,101,31.7,32.2,31.7,99,32.2,103,40.9,41.8,31.7 / 99,32.2 / 103
3316,NY,Blue,F,72,75.6,108.7,141,37.6,38.0,37.6,141,38.0,140,54.2,54.5,37.6 / 141,38.0 / 140
3316,NY,Silver,F,72,72.6,103.7,132,35.9,36.7,35.9,129,36.7,135,51.1,52.6,35.9 / 129,36.7 / 135
3316,NY,Gold,F,72,68.5,96.7,120,33.9,34.6,33.9,120,34.6,120,48.0,48.7,33.9 / 120,34.6 / 120
13715,NY,Black,M,72,71.8,96.2,132,36.4,35.4,36.4,132,35.4,131,48.7,47.5,36.4 / 132,35.4 / 131
13715,NY,Blue,M,72,69.6,93.1,127,35.1,34.5,35.1,128,34.5,125,47.0,46.1,35.1 / 128,34.5 / 125
13715,NY,White,M,72,66.4,88.1,117,33.1,33.3,33.1,115,33.3,118,43.8,44.3,33.1 / 115,33.3 / 118
13715,NY,Pewter,M,72,64.0,84.4,110,32.0,32.0,32.0,109,32.0,111,42.1,42.3,32.0 / 109,32.0 / 111
13715,NY,Green,M,72,59.4,78.5,103,29.7,29.7,29.7,102,29.7,103,39.2,39.3,29.7 / 102,29.7 / 103
13715,NY,Black,F,72,77.3,108.6,134,39.1,38.2,39.1,135,38.2,132,55.0,53.6,39.1 / 135,38.2 / 132
13715,NY,Blue,F,72,74.8,105.1,129,37.8,37.0,37.8,129,37.0,128,53.0,52.1,37.8 / 129,37.0 / 128
13715,NY,White,F,72,71.5,101.0,125,35.8,35.7,35.8,123,35.7,127,50.3,50.7,35.8 / 123,35.7 / 127
13715,NY,Pewter,F,72,69.4,97.8,121,34.8,34.6,34.8,118,34.6,123,48.7,49.1,34.8 / 118,34.6 / 123
13715,NY,Green,F,72,61.6,85.5,101,31.0,30.6,31.0,99,30.6,103,42.7,42.8,31.0 / 99,30.6 / 103
3295,NY,Blue,M,71,71.4,95.5,130,34.8,36.6,34.8,125,36.6,135,46.4,49.1,34.8 / 125,36.6 / 135
3295,NY,Blue/White,M,71,69.3,92.8,127,33.9,35.4,33.9,123,35.4,130,45.3,47.5,33.9 / 123,35.4 / 130
3295,NY,White,M,71,67.9,90.4,121,32.8,35.1,32.8,117,35.1,125,43.7,46.7,32.8 / 117,35.1 / 125
3295,NY,White/Yellow,M,71,66.4,87.9,116,32.3,34.1,32.3,116,34.1,115,43.1,44.8,32.3 / 116,34.1 / 115
3295,NY,Yellow,M,71,65.2,86.0,112,31.9,33.3,31.9,112,33.3,112,42.3,43.7,31.9 / 112,33.3 / 112
3295,NY,White,F,71,73.2,104.4,132,35.3,37.9,35.3,126,37.9,138,50.2,54.2,35.3 / 126,37.9 / 138
3295,NY,White/Yellow,F,71,71.9,101.9,127,34.9,37.0,34.9,122,37.0,132,49.3,52.6,34.9 / 122,37.0 / 132
3295,NY,Yellow,F,71,70.0,98.7,122,34.2,35.8,34.2,115,35.8,128,47.8,50.9,34.2 / 115,35.8 / 128
6573,NY,Black,M,72,74.2,100.1,140,35.5,38.7,35.5,137,38.7,142,48.2,51.9,35.5 / 137,38.7 / 142
6573,NY,Maroon,M,72,71.9,96.8,134,34.5,37.4,34.5,130,37.4,138,46.6,50.2,34.5 / 130,37.4 / 138
6573,NY,Maroon/Gold,M,72,69.3,92.6,126,33.6,35.7,33.6,123,35.7,128,45.0,47.6,33.6 / 123,35.7 / 128
6573,NY,Gold,M,72,68.3,90.8,121,32.7,35.6,32.7,118,35.6,124,43.7,47.1,32.7 / 118,35.6 / 124
6573,NY,Silver,M,72,67.0,89.0,119,31.9,35.1,31.9,115,35.1,122,42.6,46.4,31.9 / 115,35.1 / 122
6573,NY,Family,M,71,59.5,78.8,104,29.1,30.4,29.1,102,30.4,105,38.6,40.2,29.1 / 102,30.4 / 105
6573,NY,Maroon,F,72,78.5,113.4,146,37.5,41.0,37.5,137,41.0,155,53.7,59.7,37.5 / 137,41.0 / 155
6573,NY,Gold,F,72,73.6,106.0,138,35.1,38.5,35.1,127,38.5,148,50.1,55.9,35.1 / 127,38.5 / 148
6573,NY,Silver,F,72,72.0,104.0,136,34.3,37.7,34.3,126,37.7,145,49.2,54.8,34.3 / 126,37.7 / 145
6573,NY,Family,F,72,61.8,88.9,115,30.3,31.5,30.3,109,31.5,121,43.1,45.8,30.3 / 109,31.5 / 121
3336,NY,BLACK,M,72,73.2,99.2,140,36.4,36.8,36.4,132,36.8,147,48.7,50.5,36.4 / 132,36.8 / 147
3336,NY,BLUE,M,72,71.3,95.9,132,35.6,35.7,35.6,132,35.7,132,47.9,48.0,35.6 / 132,35.7 / 132
3336,NY,SILVER,M,72,69.6,92.9,126,34.8,34.8,34.8,124,34.8,127,46.3,46.6,34.8 / 124,34.8 / 127
3336,NY,WHITE,M,72,66.1,88.4,120,33.4,32.7,33.4,118,32.7,122,44.4,44.0,33.4 / 118,32.7 / 122
3336,NY,GOLD,M,72,64.0,85.6,116,31.8,32.2,31.8,118,32.2,113,42.8,42.7,31.8 / 118,32.2 / 113
3336,NY,RED,M,72,62.8,83.0,109,31.1,31.7,31.1,107,31.7,111,41.0,42.0,31.1 / 107,31.7 / 111
3336,NY,BLUE,F,73,76.8,109.9,141,38.4,38.4,38.4,136,38.4,145,54.4,55.5,38.4 / 136,38.4 / 145
3336,NY,SILVER,F,73,74.3,107.6,141,37.1,37.2,37.1,136,37.2,145,53.1,54.3,37.1 / 136,37.2 / 145
3336,NY,WHITE NEW,F,73,71.5,102.7,133,35.7,35.8,35.7,136,35.8,129,51.7,51.0,35.7 / 136,35.8 / 129
3336,NY,GOLD,F,73,68.9,97.7,122,34.4,34.5,34.4,123,34.5,121,48.9,48.8,34.4 / 123,34.5 / 121
3336,NY,RED,F,73,66.7,94.5,118,33.0,33.7,33.0,117,33.7,119,46.8,47.7,33.0 / 117,33.7 / 119
3799,NY,Blue/White,M,72,68.6,91.4,123,34.5,34.1,34.5,124,34.1,122,46.0,45.4,34.5 / 124,34.1 / 122
3799,NY,Gold,M,72,65.4,87.8,121,32.7,32.7,32.7,122,32.7,119,44.0,43.8,32.7 / 122,32.7 / 119
3799,NY,Blue / White,F,74,74.0,104.8,131,37.2,36.8,37.2,131,36.8,130,52.7,52.1,37.2 / 131,36.8 / 130
3799,NY,Gold,F,72,70.8,99.7,123,35.4,35.4,35.4,122,35.4,123,49.8,49.9,35.4 / 122,35.4 / 123
3799,NY,Red/Green,F,72,69.8,98.4,122,35.2,34.6,35.2,124,34.6,119,49.8,48.6,35.2 / 124,34.6 / 119
3719,NY,Blue,M,71,71.1,94.1,124,36.2,34.9,36.2,122,34.9,126,47.5,46.6,36.2 / 122,34.9 / 126
3719,NY,White,M,71,70.3,92.6,120,35.9,34.4,35.9,114,34.4,126,46.5,46.1,35.9 / 114,34.4 / 126
3719,NY,Black/White,M,71,67.2,88.9,117,34.3,32.9,34.3,118,32.9,115,45.3,43.6,34.3 / 118,32.9 / 115
3719,NY,Black,M,71,65.6,86.7,114,33.5,32.1,33.5,113,32.1,114,44.0,42.7,33.5 / 113,32.1 / 114
3719,NY,Red,F,71,69.6,96.4,114,35.4,34.2,35.4,111,34.2,116,48.5,47.9,35.4 / 111,34.2 / 116
23698,NY,Gold,M,72,75.0,98.9,130,37.9,37.1,37.9,127,37.1,132,49.6,49.3,37.9 / 127,37.1 / 132
23698,NY,Blue,M,72,72.3,96.2,128,36.4,35.9,36.4,125,35.9,130,47.9,47.9,36.4 / 125,35.9 / 130
23698,NY,White,M,72,70.8,93.5,123,35.7,35.1,35.7,121,35.1,124,46.9,46.6,35.7 / 121,35.1 / 124
23698,NY,Green,M,72,68.2,89.5,116,34.2,34.0,34.2,115,34.0,116,44.8,44.7,34.2 / 115,34.0 / 116
23698,NY,Red,F,72,70.3,97.5,117,35.3,35.0,35.3,115,35.0,118,48.7,48.8,35.3 / 115,35.0 / 118
3331,NY,Black,M,72,73.8,98.2,131,36.9,36.9,36.9,131,36.9,131,49.1,49.1,36.9 / 131,36.9 / 131
3331,NY,Blue,M,72,71.6,96.0,131,35.8,35.8,35.8,131,35.8,131,48.0,48.0,35.8 / 131,35.8 / 131
3331,NY,White,M,72,70.4,93.4,124,35.2,35.2,35.2,124,35.2,124,46.7,46.7,35.2 / 124,35.2 / 124
3331,NY,Gold,M,72,66.6,88.6,118,33.3,33.3,33.3,118,33.3,118,44.3,44.3,33.3 / 118,33.3 / 118
3331,NY,Green,M,72,61.4,79.8,99,30.7,30.7,30.7,99,30.7,99,39.9,39.9,30.7 / 99,30.7 / 99
3331,NY,White,F,74,76.2,109.2,140,38.1,38.1,38.1,140,38.1,140,54.6,54.6,38.1 / 140,38.1 / 140
3331,NY,Gold,F,74,71.8,101.2,125,35.9,35.9,35.9,125,35.9,125,50.6,50.6,35.9 / 125,35.9 / 125
3331,NY,Green,F,72,65.2,91.2,110,32.6,32.6,32.6,110,32.6,110,45.6,45.6,32.6 / 110,32.6 / 110
3876,NY,Red,M,72,74.2,99.7,138,37.5,36.7,37.5,135,36.7,140,50.0,49.7,37.5 / 135,36.7 / 140
3876,NY,Blue,M,72,72.0,97.4,137,36.1,35.9,36.1,137,35.9,137,48.8,48.6,36.1 / 137,35.9 / 137
3876,NY,White,M,72,70.2,95.1,134,35.2,35.0,35.2,129,35.0,139,47.2,47.9,35.2 / 129,35.0 / 139
3876,NY,Green,M,72,67.7,91.1,126,34.0,33.7,34.0,122,33.7,130,45.3,45.8,34.0 / 122,33.7 / 130
3876,NY,Gold,M,72,64.6,85.2,111,32.8,31.8,32.8,113,31.8,109,43.3,41.9,32.8 / 113,31.8 / 109
3876,NY,White,F,72,76.3,108.6,137,38.2,38.1,38.2,138,38.1,136,54.5,54.1,38.2 / 138,38.1 / 136
3876,NY,Gold,F,72,70.4,100.5,128,35.7,34.7,35.7,126,34.7,130,50.5,50.0,35.7 / 126,34.7 / 130
6756,NY,Black,M,71,73.6,98.3,133,36.1,37.5,36.1,131,37.5,135,48.3,50.0,36.1 / 131,37.5 / 135
6756,NY,Blue,M,71,70.8,95.0,130,34.5,36.3,34.5,129,36.3,130,46.5,48.5,34.5 / 129,36.3 / 130
6756,NY,White,M,71,68.2,91.4,125,33.3,34.9,33.3,123,34.9,127,44.7,46.7,33.3 / 123,34.9 / 127
6756,NY,Senior,M,71,64.8,85.6,112,31.6,33.2,31.6,112,33.2,112,42.0,43.6,31.6 / 112,33.2 / 112
6756,NY,White,F,72,74.4,104.7,129,36.0,38.4,36.0,121,38.4,136,50.3,54.4,36.0 / 121,38.4 / 136
6756,NY,Red,F,72,70.2,99.0,123,34.2,36.0,34.2,119,36.0,127,48.1,50.9,34.2 / 119,36.0 / 127
37088,NY,Men's,M,55,49.9,61.1,60,24.6,25.3,24.6,59,25.3,61,30.1,31.0,24.6 / 59,25.3 / 61
37088,NY,Women's,F,55,52.8,67.4,62,26.1,26.7,26.1,61,26.7,63,33.3,34.1,26.1 / 61,26.7 / 63
6807,NY,Black,M,70,72.6,97.4,133,36.1,36.5,36.1,133,36.5,133,48.5,48.9,36.1 / 133,36.5 / 133
6807,NY,Blue,M,70,71.4,95.8,131,35.5,35.9,35.5,131,35.9,131,47.7,48.1,35.5 / 131,35.9 / 131
6807,NY,Combo,M,70,70.1,94.0,129,35.1,35.0,35.1,129,35.0,128,47.1,46.9,35.1 / 129,35.0 / 128
6807,NY,White,M,70,68.9,92.3,126,34.6,34.3,34.6,126,34.3,126,46.3,46.0,34.6 / 126,34.3 / 126
6807,NY,Red,M,70,67.2,89.7,122,33.9,33.3,33.9,121,33.3,122,45.1,44.6,33.9 / 121,33.3 / 122
6807,NY,Gold Family,M,59,60.5,80.5,108,30.2,30.3,30.2,105,30.3,110,40.0,40.5,30.2 / 105,30.3 / 110
6807,NY,Gold Family 2007,M,59,57.9,69.1,114,29.9,28.0,29.9,113,28.0,114,34.1,35.0,29.9 / 113,28.0 / 114
6807,NY,White,F,70,75.2,106.6,134,37.7,37.5,37.7,134,37.5,133,53.5,53.1,37.7 / 134,37.5 / 133
6807,NY,Red,F,70,73.0,103.4,130,36.9,36.1,36.9,131,36.1,128,52.3,51.1,36.9 / 131,36.1 / 128
6844,NY,Black,M,71,72.9,99.3,142,35.5,37.4,35.5,138,37.4,146,48.3,51.0,35.5 / 138,37.4 / 146
6844,NY,Silver,M,71,72.2,98.4,141,35.1,37.1,35.1,137,37.1,145,47.8,50.6,35.1 / 137,37.1 / 145
6844,NY,Blue,M,71,71.4,97.2,139,34.8,36.6,34.8,136,36.6,142,47.4,49.8,34.8 / 136,36.6 / 142
6844,NY,White,M,71,70.0,95.0,135,33.8,36.2,33.8,128,36.2,141,45.7,49.3,33.8 / 128,36.2 / 141
6844,NY,Green,M,71,68.4,92.7,131,33.5,34.9,33.5,127,34.9,135,45.3,47.4,33.5 / 127,34.9 / 135
6844,NY,White,F,73,75.3,107.3,136,36.4,38.9,36.4,132,38.9,139,52.0,55.3,36.4 / 132,38.9 / 139
6844,NY,Green,F,73,73.2,104.2,132,36.0,37.2,36.0,131,37.2,132,51.4,52.8,36.0 / 131,37.2 / 132
6844,NY,Yellow,F,71,70.4,99.9,125,34.0,36.4,34.0,122,36.4,128,48.4,51.5,34.0 / 122,36.4 / 128
13717,NY,Blue,M,72,73.8,97.8,129,37.0,36.8,37.0,129,36.8,129,49.0,48.8,37.0 / 129,36.8 / 129
13717,NY,White,M,72,71.0,95.0,129,35.6,35.4,35.6,129,35.4,129,47.6,47.4,35.6 / 129,35.4 / 129
13717,NY,Red,F,72,72.0,101.1,124,36.2,35.8,36.2,125,35.8,122,50.9,50.2,36.2 / 125,35.8 / 122
6725,NY,Blue,M,72,71.7,97.2,137,35.9,35.8,35.9,141,35.8,133,49.0,48.2,35.9 / 141,35.8 / 133
6725,NY,White,M,72,69.8,94.8,135,34.9,34.9,34.9,137,34.9,132,47.6,47.2,34.9 / 137,34.9 / 132
6725,NY,White,F,73,74.8,107.1,137,37.7,37.1,37.7,139,37.1,135,54.1,53.0,37.7 / 139,37.1 / 135
6725,NY,Red,F,73,71.5,100.9,125,36.0,35.5,36.0,123,35.5,126,50.5,50.4,36.0 / 123,35.5 / 126
3686,NY,Blue,M,71,71.9,96.0,130,36.4,35.5,36.4,133,35.5,126,48.8,47.2,36.4 / 133,35.5 / 126
3686,NY,White,M,71,69.4,92.1,122,35.4,34.0,35.4,125,34.0,119,47.0,45.1,35.4 / 125,34.0 / 119
3686,NY,Gold,M,71,66.6,87.2,111,33.9,32.7,33.9,115,32.7,107,44.6,42.6,33.9 / 115,32.7 / 107
3686,NY,Red,F,73,71.6,100.4,122,36.8,34.8,36.8,121,34.8,123,51.1,49.3,36.8 / 121,34.8 / 123
3687,NY,Blue,M,71,70.1,93.3,125,35.3,34.8,35.3,129,34.8,121,47.3,46.0,35.3 / 129,34.8 / 121
3687,NY,White,M,71,67.5,89.9,121,33.4,34.1,33.4,124,34.1,117,44.9,45.0,33.4 / 124,34.1 / 117
3687,NY,Gold,M,73,64.4,85.1,112,31.9,32.5,31.9,112,32.5,111,42.3,42.8,31.9 / 112,32.5 / 111
3687,NY,Red,F,73,68.6,95.8,116,34.0,34.6,34.0,120,34.6,111,48.1,47.7,34.0 / 120,34.6 / 111
3680,NY,Blue,M,72,72.5,97.0,132,35.6,36.9,35.6,130,36.9,133,47.7,49.3,35.6 / 130,36.9 / 133
3680,NY,White,M,72,70.2,93.4,125,34.6,35.6,34.6,119,35.6,130,45.7,47.7,34.6 / 119,35.6 / 130
3680,NY,Gold/White,M,72,68.7,90.5,117,34.7,34.0,34.7,118,34.0,116,45.7,44.8,34.7 / 118,34.0 / 116
3680,NY,Gold,M,72,66.7,87.8,114,33.1,33.6,33.1,104,33.6,123,42.8,45.0,33.1 / 104,33.6 / 123
3680,NY,Gold,F,72,71.6,100.3,122,35.7,35.9,35.7,114,35.9,129,49.2,51.1,35.7 / 114,35.9 / 129
3680,NY,Red,F,71,68.5,96.2,117,34.6,33.9,34.6,114,33.9,120,48.1,48.1,34.6 / 114,33.9 / 120
33059,NY,Blue,M,72,72.1,95.8,128,36.1,36.0,36.1,127,36.0,128,47.9,47.9,36.1 / 127,36.0 / 128
33059,NY,White,M,72,70.3,93.5,125,35.0,35.3,35.0,124,35.3,126,46.5,47.0,35.0 / 124,35.3 / 126
33059,NY,Gold,M,72,67.4,89.5,119,33.5,33.9,33.5,118,33.9,119,44.5,45.0,33.5 / 118,33.9 / 119
33059,NY,Red,F,72,70.1,98.2,120,34.8,35.3,34.8,119,35.3,120,48.8,49.4,34.8 / 119,35.3 / 120
9330,NY,Black,M,72,70.2,92.5,120,35.1,35.1,35.1,122,35.1,118,46.4,46.1,35.1 / 122,35.1 / 118
9330,NY,Silver,M,72,67.1,88.3,114,33.1,34.0,33.1,114,34.0,114,43.7,44.6,33.1 / 114,34.0 / 114
9330,NY,Bronze,M,72,64.1,84.0,108,31.7,32.4,31.7,108,32.4,107,41.7,42.3,31.7 / 108,32.4 / 107
9330,NY,Red,F,72,73.0,101.1,119,35.5,37.5,35.5,115,37.5,123,49.1,52.0,35.5 / 115,37.5 / 123
9328,NY,Black,M,72,71.1,93.0,118,36.0,35.1,36.0,114,35.1,122,46.6,46.4,36.0 / 114,35.1 / 122
9328,NY,Silver,M,72,67.0,87.4,110,33.9,33.1,33.9,105,33.1,114,43.7,43.7,33.9 / 105,33.1 / 114
9328,NY,Bronze,M,72,64.0,83.2,104,32.3,31.7,32.3,99,31.7,108,41.5,41.7,32.3 / 99,31.7 / 108
9328,NY,Red,F,72,72.6,100.1,117,37.1,35.5,37.1,118,35.5,115,51.0,49.1,37.1 / 118,35.5 / 115
9329,NY,Black,M,72,71.1,92.7,116,36.0,35.1,36.0,114,35.1,118,46.6,46.1,36.0 / 114,35.1 / 118
9329,NY,Silver,M,72,67.9,88.3,110,33.9,34.0,33.9,105,34.0,114,43.7,44.6,33.9 / 105,34.0 / 114
9329,NY,Bronze,M,72,64.7,83.8,103,32.3,32.4,32.3,99,32.4,107,41.5,42.3,32.3 / 99,32.4 / 107
9329,NY,Red,F,72,74.6,103.0,121,37.1,37.5,37.1,118,37.5,123,51.0,52.0,37.1 / 118,37.5 / 123
23873,NY,Blue,M,71,71.3,95.8,132,36.4,34.9,36.4,132,34.9,131,48.7,47.1,36.4 / 132,34.9 / 131
23873,NY,Blue/White,M,71,70.0,93.5,126,35.6,34.4,35.6,125,34.4,127,47.2,46.3,35.6 / 125,34.4 / 127
23873,NY,White,M,71,69.3,92.7,126,35.3,34.0,35.3,127,34.0,125,47.1,45.6,35.3 / 127,34.0 / 125
23873,NY,White/Gold,M,71,67.2,90.0,123,34.3,32.9,34.3,122,32.9,124,45.6,44.4,34.3 / 122,32.9 / 124
23873,NY,Gold,M,71,66.4,88.6,120,33.9,32.5,33.9,121,32.5,118,45.1,43.5,33.9 / 121,32.5 / 118
23873,NY,White,F,72,75.2,105.8,130,38.0,37.2,38.0,129,37.2,131,53.2,52.6,38.0 / 129,37.2 / 131
23873,NY,White/Gold,F,72,72.6,102.3,126,37.0,35.6,37.0,123,35.6,129,51.5,50.8,37.0 / 123,35.6 / 129
23873,NY,Gold,F,72,71.7,100.9,124,36.5,35.2,36.5,121,35.2,126,50.8,50.1,36.5 / 121,35.2 / 126
23873,NY,Red,F,72,70.7,99.4,122,35.9,34.8,35.9,119,34.8,125,49.9,49.5,35.9 / 119,34.8 / 125
3779,NY,Black,M,70,69.2,90.9,117,34.8,34.4,34.8,117,34.4,116,45.7,45.2,34.8 / 117,34.4 / 116
3779,NY,Red,F,71,71.7,100.7,123,35.9,35.8,35.9,126,35.8,120,50.8,49.9,35.9 / 126,35.8 / 120
13781,NY,White,M,70,66.4,89.6,125,33.2,33.2,33.2,125,33.2,125,44.8,44.8,33.2 / 125,33.2 / 125
13781,NY,Gold,M,70,63.0,85.2,119,31.5,31.5,31.5,119,31.5,119,42.6,42.6,31.5 / 119,31.5 / 119
13781,NY,Red,M,70,61.8,82.8,113,30.9,30.9,30.9,113,30.9,113,41.4,41.4,30.9 / 113,30.9 / 113
13781,NY,White,F,70,71.6,100.8,124,35.8,35.8,35.8,124,35.8,124,50.4,50.4,35.8 / 124,35.8 / 124
13781,NY,Gold,F,70,68.0,96.6,121,34.0,34.0,34.0,121,34.0,121,48.3,48.3,34.0 / 121,34.0 / 121
13781,NY,Red,F,70,65.8,93.4,117,32.9,32.9,32.9,117,32.9,117,46.7,46.7,32.9 / 117,32.9 / 117
10167,NY,Blue,M,70,74.5,100.3,139,37.1,37.4,37.1,137,37.4,141,49.8,50.5,37.1 / 137,37.4 / 141
10167,NY,White,M,70,72.0,97.2,136,35.8,36.2,35.8,133,36.2,138,48.2,49.0,35.8 / 133,36.2 / 138
10167,NY,Gold,M,70,69.0,92.9,129,34.7,34.3,34.7,130,34.3,127,46.8,46.1,34.7 / 130,34.3 / 127
10167,NY,Red,M,70,66.3,88.4,119,33.4,32.9,33.4,122,32.9,116,44.7,43.7,33.4 / 122,32.9 / 116
10167,NY,Gold,F,70,74.6,106.9,137,37.6,37.0,37.6,139,37.0,135,54.0,52.9,37.6 / 139,37.0 / 135
10167,NY,Red,F,70,70.9,101.8,131,35.7,35.2,35.7,131,35.2,131,51.2,50.6,35.7 / 131,35.2 / 131
23876,NY,Blue,M,72,73.4,99.5,141,36.5,36.9,36.5,137,36.9,144,49.2,50.3,36.5 / 137,36.9 / 144
23876,NY,White,M,72,72.0,97.9,140,35.8,36.2,35.8,135,36.2,144,48.3,49.6,35.8 / 135,36.2 / 144
23876,NY,White/Gold,M,72,70.3,96.0,137,35.2,35.1,35.2,132,35.1,142,47.6,48.4,35.2 / 132,35.1 / 142
23876,NY,Gold,M,72,68.4,92.6,131,34.1,34.3,34.1,124,34.3,137,45.6,47.0,34.1 / 124,34.3 / 137
23876,NY,Gold,F,74,74.3,105.8,134,37.0,37.3,37.0,128,37.3,139,52.1,53.7,37.0 / 128,37.3 / 139
23876,NY,Red,F,73,73.6,105.0,132,36.4,37.2,36.4,127,37.2,138,51.4,53.6,36.4 / 127,37.2 / 138
3327,NY,White,M,72,70.1,92.0,118,35.8,34.3,35.8,123,34.3,113,47.2,44.8,35.8 / 123,34.3 / 113
3327,NY,Gold,M,72,66.0,87.3,115,34.1,31.9,34.1,117,31.9,112,45.0,42.3,34.1 / 117,31.9 / 112
3327,NY,Green,M,72,62.6,82.2,106,32.0,30.6,32.0,107,30.6,104,41.9,40.3,32.0 / 107,30.6 / 104
3327,NY,Red,F,72,71.6,99.6,119,36.5,35.1,36.5,121,35.1,116,50.8,48.8,36.5 / 121,35.1 / 116
3327,NY,Green,F,72,66.7,93.8,115,34.0,32.7,34.0,119,32.7,111,48.0,45.8,34.0 / 119,32.7 / 111
6848,NY,Black,M,71,72.2,97.8,138,35.3,36.9,35.3,132,36.9,143,47.6,50.2,35.3 / 132,36.9 / 143
6848,NY,Black/Blue,M,71,71.3,96.3,135,35.0,36.3,35.0,130,36.3,139,47.1,49.2,35.0 / 130,36.3 / 139
6848,NY,Blue,M,71,70.4,95.2,134,34.3,36.1,34.3,130,36.1,138,46.3,48.9,34.3 / 130,36.1 / 138
6848,NY,White,M,71,69.7,94.3,133,34.0,35.7,34.0,128,35.7,138,45.8,48.5,34.0 / 128,35.7 / 138
6848,NY,White/Gold,M,71,67.1,90.9,128,32.6,34.5,32.6,123,34.5,133,44.0,46.9,32.6 / 123,34.5 / 133
6848,NY,Gold,M,71,65.2,88.2,124,31.7,33.5,31.7,118,33.5,129,42.7,45.5,31.7 / 118,33.5 / 129
6848,NY,White,F,72,74.9,107.2,137,36.3,38.6,36.3,134,38.6,140,52.1,55.1,36.3 / 134,38.6 / 140
6848,NY,Red,F,72,69.9,99.6,126,33.9,36.0,33.9,124,36.0,128,48.5,51.1,33.9 / 124,36.0 / 128
34456,NY,Blue,M,27,26.2,33.4,77,26.2,,26.2,77,,,33.4,,26.2 / 77,/
34456,NY,White,M,27,25.8,32.7,74,25.8,,25.8,74,,,32.7,,25.8 / 74,/
34456,NY,Red,M,27,25.4,32.1,72,25.4,,25.4,72,,,32.1,,25.4 / 72,/
34456,NY,Blue,F,27,27.5,37.6,86,27.5,,27.5,86,,,37.6,,27.5 / 86,/
34456,NY,White,F,27,27.1,37.1,85,27.1,,27.1,85,,,37.1,,27.1 / 85,/
34456,NY,Red,F,27,26.7,36.2,81,26.7,,26.7,81,,,36.2,,26.7 / 81,/
6678,NY,Black,M,71,73.0,96.9,130,38.0,35.0,38.0,136,35.0,124,50.5,46.4,38.0 / 136,35.0 / 124
6678,NY,Blue,M,71,71.0,94.8,128,37.1,33.9,37.1,131,33.9,124,49.4,45.4,37.1 / 131,33.9 / 124
6678,NY,Gold,M,71,69.7,92.9,126,36.4,33.3,36.4,127,33.3,124,48.2,44.7,36.4 / 127,33.3 / 124
6678,NY,Red,M,71,67.7,89.9,120,34.9,32.8,34.9,121,32.8,118,46.1,43.8,34.9 / 121,32.8 / 118
6678,NY,Red,F,71,73.1,102.7,126,38.2,34.9,38.2,132,34.9,119,53.8,48.9,38.2 / 132,34.9 / 119
3837,NY,Gold,M,72,71.8,95.7,129,35.7,36.1,35.7,126,36.1,131,47.4,48.3,35.7 / 126,36.1 / 131
3837,NY,Blue,M,72,70.6,94.0,126,35.0,35.6,35.0,124,35.6,128,46.5,47.5,35.0 / 124,35.6 / 128
3837,NY,Blue/White Combo,M,72,68.1,91.5,126,33.9,34.2,33.9,118,34.2,133,44.9,46.6,33.9 / 118,34.2 / 133
3837,NY,White,M,72,66.1,88.0,118,32.9,33.2,32.9,112,33.2,124,43.3,44.7,32.9 / 112,33.2 / 124
3837,NY,Red,F,72,69.3,97.2,119,34.3,35.0,34.3,120,35.0,117,48.4,48.8,34.3 / 120,35.0 / 117
36234,NY,White - White,M,72,70.0,92.8,123,35.0,35.0,35.0,123,35.0,123,46.4,46.4,35.0 / 123,35.0 / 123
36234,NY,White - Yellow,M,71,68.9,91.2,120,35.0,33.9,35.0,123,33.9,117,46.4,44.8,35.0 / 123,33.9 / 117
36234,NY,Yellow - Yellow,M,70,67.8,89.6,117,33.9,33.9,33.9,117,33.9,117,44.8,44.8,33.9 / 117,33.9 / 117
36234,NY,White - Red,M,71,67.2,89.3,119,35.0,32.2,35.0,123,32.2,115,46.4,42.9,35.0 / 123,32.2 / 115
36234,NY,Yellow - Red,M,70,66.1,87.7,116,33.9,32.2,33.9,117,32.2,115,44.8,42.9,33.9 / 117,32.2 / 115
36234,NY,Red - Yellow,M,70,66.1,87.7,116,32.2,33.9,32.2,115,33.9,117,42.9,44.8,32.2 / 115,33.9 / 117
36234,NY,Red - Red,M,70,64.4,85.8,115,32.2,32.2,32.2,115,32.2,115,42.9,42.9,32.2 / 115,32.2 / 115
36234,NY,White,M,36,35.0,46.4,123,35.0,,35.0,123,,,46.4,,35.0 / 123,/
36234,NY,Yellow,M,35,33.9,44.8,117,33.9,,33.9,117,,,44.8,,33.9 / 117,/
36234,NY,Red,M,35,32.2,42.9,115,32.2,,32.2,115,,,42.9,,32.2 / 115,/
36234,NY,White - White,F,74,75.4,109.2,143,37.7,37.7,37.7,143,37.7,143,54.6,54.6,37.7 / 143,37.7 / 143
36234,NY,White - Yellow,F,73,74.4,107.0,138,37.7,36.7,37.7,143,36.7,133,54.6,52.4,37.7 / 143,36.7 / 133
36234,NY,Yellow - White,F,73,74.4,107.0,138,36.7,37.7,36.7,133,37.7,143,52.4,54.6,36.7 / 133,37.7 / 143
36234,NY,Yellow - Yellow,F,72,73.4,104.8,133,36.7,36.7,36.7,133,36.7,133,52.4,52.4,36.7 / 133,36.7 / 133
36234,NY,White - Red,F,73,72.5,104.4,135,37.7,34.8,37.7,143,34.8,127,54.6,49.8,37.7 / 143,34.8 / 127
36234,NY,Red - White,F,73,72.5,104.4,135,34.8,37.7,34.8,127,37.7,143,49.8,54.6,34.8 / 127,37.7 / 143
36234,NY,Yellow - Red,F,72,71.5,102.2,130,36.7,34.8,36.7,133,34.8,127,52.4,49.8,36.7 / 133,34.8 / 127
36234,NY,Red - Yellow,F,72,71.5,102.2,130,34.8,36.7,34.8,127,36.7,133,49.8,52.4,34.8 / 127,36.7 / 133
36234,NY,Red - Red,F,72,69.6,99.6,127,34.8,34.8,34.8,127,34.8,127,49.8,49.8,34.8 / 127,34.8 / 127
36234,NY,White,F,37,37.7,54.6,143,37.7,,37.7,143,,,54.6,,37.7 / 143,/
36234,NY,Yellow,F,36,36.7,52.4,133,36.7,,36.7,133,,,52.4,,36.7 / 133,/
36234,NY,Red,F,36,34.8,49.8,127,34.8,,34.8,127,,,49.8,,34.8 / 127,/
3871,NY,Black/Blue,M,70,70.1,92.8,123,35.1,35.0,35.1,123,35.0,122,46.5,46.3,35.1 / 123,35.0 / 122
3871,NY,White/Gold,M,70,65.6,87.4,117,32.3,33.3,32.3,116,33.3,118,43.1,44.3,32.3 / 116,33.3 / 118
3871,NY,Green,M,35,30.5,40.1,103,30.5,,30.5,103,,,40.1,,30.5 / 103,/
3871,NY,Black/Blue,F,72,75.5,107.5,136,37.8,37.7,37.8,134,37.7,137,53.6,53.9,37.8 / 134,37.7 / 137
3871,NY,White/Gold,F,72,70.9,100.1,124,35.0,35.9,35.0,123,35.9,125,49.5,50.6,35.0 / 123,35.9 / 125
3871,NY,Green,F,35,31.5,43.8,104,31.5,,31.5,104,,,43.8,,31.5 / 104,/
3870,NY,Black,M,72,71.3,96.7,137,35.0,36.3,35.0,132,36.3,141,47.3,49.4,35.0 / 132,36.3 / 141
3870,NY,White,M,72,69.5,93.6,130,34.2,35.3,34.2,127,35.3,132,46.0,47.6,34.2 / 127,35.3 / 132
3870,NY,Gold,M,72,66.0,88.4,121,33.1,32.9,33.1,115,32.9,126,43.8,44.6,33.1 / 115,32.9 / 126
3870,NY,Red,M,72,64.1,84.9,112,32.4,31.7,32.4,110,31.7,114,42.6,42.3,32.4 / 110,31.7 / 114
3870,NY,White,F,72,74.9,107.5,138,36.9,38.0,36.9,134,38.0,142,52.7,54.8,36.9 / 134,38.0 / 142
3870,NY,Gold,F,72,71.4,100.9,125,35.6,35.8,35.6,122,35.8,128,50.0,50.9,35.6 / 122,35.8 / 128
3870,NY,Red,F,72,67.4,93.9,113,34.0,33.4,34.0,107,33.4,118,46.6,47.3,34.0 / 107,33.4 / 118
3789,NY,Professional,M,72,75.3,102.1,144,37.7,37.6,37.7,144,37.6,144,51.1,51.0,37.7 / 144,37.6 / 144
3789,NY,Black/Blue,M,72,74.1,100.2,141,37.3,36.8,37.3,143,36.8,138,50.6,49.6,37.3 / 143,36.8 / 138
3789,NY,Championship,M,72,72.7,98.4,139,36.6,36.1,36.6,141,36.1,136,49.7,48.7,36.6 / 141,36.1 / 136
3789,NY,Blue/Gold,M,72,71.7,97.0,137,36.1,35.6,36.1,138,35.6,135,48.9,48.1,36.1 / 138,35.6 / 135
3789,NY,Preferred,M,72,70.3,94.6,131,35.3,35.0,35.3,133,35.0,128,47.7,46.9,35.3 / 133,35.0 / 128
3789,NY,Gold/Silver,M,72,69.2,92.7,127,34.7,34.5,34.7,128,34.5,125,46.6,46.1,34.7 / 128,34.5 / 125
3789,NY,Preferred Plus,M,72,67.7,90.3,122,33.9,33.8,33.9,125,33.8,118,45.5,44.8,33.9 / 125,33.8 / 118
3789,NY,Silver/Green,M,72,66.1,87.3,114,33.3,32.8,33.3,118,32.8,110,44.3,43.0,33.3 / 118,32.8 / 110
3789,NY,Forward,M,72,65.1,85.1,108,33.0,32.1,33.0,112,32.1,103,43.4,41.7,33.0 / 112,32.1 / 103
3789,NY,Preferred,F,72,75.5,108.4,140,37.7,37.8,37.7,139,37.8,140,54.1,54.3,37.7 / 139,37.8 / 140
3789,NY,Preferred Plus,F,72,70.2,100.6,129,35.4,34.8,35.4,131,34.8,126,50.9,49.7,35.4 / 131,34.8 / 126
3789,NY,Forward,F,72,68.2,96.6,121,34.2,34.0,34.2,125,34.0,116,48.9,47.7,34.2 / 125,34.0 / 116
3807,NY,Black,M,72,74.8,99.8,135,37.5,37.3,37.5,139,37.3,130,50.4,49.4,37.5 / 139,37.3 / 130
3807,NY,Blue,M,72,73.2,97.6,131,36.6,36.6,36.6,131,36.6,131,48.8,48.8,36.6 / 131,36.6 / 131
3807,NY,White,M,72,70.3,94.3,129,35.2,35.1,35.2,130,35.1,128,47.3,47.0,35.2 / 130,35.1 / 128
3807,NY,Gold,M,72,67.0,88.9,118,33.3,33.7,33.3,114,33.7,122,43.9,45.0,33.3 / 114,33.7 / 122
3807,NY,Red,M,72,61.6,80.9,104,30.7,30.9,30.7,107,30.9,101,40.6,40.3,30.7 / 107,30.9 / 101
3807,NY,Gold,F,72,71.9,102.6,130,35.7,36.2,35.7,132,36.2,128,51.3,51.3,35.7 / 132,36.2 / 128
3807,NY,Red,F,72,64.9,90.8,110,32.3,32.6,32.3,106,32.6,114,44.8,46.0,32.3 / 106,32.6 / 114
6849,NY,Blue Winter,M,72,71.4,95.9,126,34.9,35.9,34.9,124,35.9,128,46.4,47.8,34.9 / 124,35.9 / 128
6849,NY,Blue Summer,M,71,70.2,93.5,125,34.1,36.1,34.1,118,36.1,132,45.1,48.4,34.1 / 118,36.1 / 132
6849,NY,White Winter,M,72,70.2,93.4,125,34.7,35.5,34.7,128,35.5,122,46.6,46.8,34.7 / 128,35.5 / 122
6849,NY,White Summer,M,71,69.6,92.7,124,33.9,35.7,33.9,118,35.7,130,44.9,47.8,33.9 / 118,35.7 / 130
6849,NY,Red Winter,M,71,67.4,89.8,121,33.1,34.3,33.1,118,34.3,123,44.1,45.7,33.1 / 118,34.3 / 123
6849,NY,Red Summer,M,71,66.5,88.4,118,32.3,34.2,32.3,111,34.2,125,42.6,45.8,32.3 / 111,34.2 / 125
6849,NY,White,F,73,76.3,108.6,137,37.6,38.7,37.6,132,38.7,142,53.2,55.4,37.6 / 132,38.7 / 142
6849,NY,White Summer,F,72,75.5,107.3,135,36.8,38.7,36.8,128,38.7,142,51.9,55.4,36.8 / 128,38.7 / 142
6849,NY,Green,F,73,72.7,103.2,130,36.2,36.5,36.2,124,36.5,135,50.8,52.4,36.2 / 124,36.5 / 135
6849,NY,Green Summer,F,72,72.0,102.1,128,35.5,36.5,35.5,120,36.5,135,49.7,52.4,35.5 / 120,36.5 / 135
23678,NY,BLUE 2019,M,71,71.9,97.6,139,36.0,35.9,36.0,140,35.9,137,49.0,48.6,36.0 / 140,35.9 / 137
23678,NY,WHITE,M,71,70.3,95.3,136,34.9,35.4,34.9,134,35.4,137,47.3,48.0,34.9 / 134,35.4 / 137
23678,NY,SLATE,M,71,66.4,89.6,124,33.1,33.3,33.1,123,33.3,125,44.6,45.0,33.1 / 123,33.3 / 125
23678,NY,WHITE,F,73,75.9,108.5,139,38.0,37.9,38.0,140,37.9,137,54.5,54.0,38.0 / 140,37.9 / 137
23678,NY,SLATE,F,73,71.5,102.4,130,35.7,35.8,35.7,132,35.8,128,51.4,51.0,35.7 / 132,35.8 / 128
23678,NY,RED/SLATE,F,73,68.6,97.2,122,34.1,34.5,34.1,123,34.5,120,48.6,48.6,34.1 / 123,34.5 / 120
23678,NY,RED,F,73,67.2,94.9,117,33.2,34.0,33.2,117,34.0,117,47.1,47.8,33.2 / 117,34.0 / 117
3808,NY,Black,M,72,71.1,95.0,129,35.3,35.8,35.3,131,35.8,126,47.5,47.5,35.3 / 131,35.8 / 126
3808,NY,Black/Silver,M,72,69.9,93.0,124,34.8,35.1,34.8,131,35.1,117,47.0,46.0,34.8 / 131,35.1 / 117
3808,NY,Silver,M,72,68.5,90.4,118,34.1,34.4,34.1,122,34.4,114,45.4,45.0,34.1 / 122,34.4 / 114
3808,NY,Silver/Green,M,72,67.4,87.8,110,33.8,33.6,33.8,115,33.6,104,44.5,43.3,33.8 / 115,33.6 / 104
3808,NY,Gold,M,72,65.1,85.8,112,32.6,32.5,32.6,115,32.5,108,43.3,42.5,32.6 / 115,32.5 / 108
3808,NY,Green,M,72,63.7,83.8,108,32.0,31.7,32.0,115,31.7,101,42.7,41.1,32.0 / 115,31.7 / 101
3808,NY,Silver,F,72,73.6,105.0,133,36.8,36.8,36.8,137,36.8,129,53.0,52.0,36.8 / 137,36.8 / 129
3808,NY,Silver/Green,F,72,72.1,101.6,125,36.2,35.9,36.2,130,35.9,120,51.5,50.1,36.2 / 130,35.9 / 120
3808,NY,Gold,F,72,70.0,98.2,120,35.2,34.8,35.2,120,34.8,120,49.3,48.9,35.2 / 120,34.8 / 120
3808,NY,Green,F,72,68.6,96.0,116,34.5,34.1,34.5,118,34.1,114,48.4,47.6,34.5 / 118,34.1 / 114
3810,NY,White-Blue,M,72,70.1,94.1,130,34.3,35.8,34.3,123,35.8,136,45.7,48.4,34.3 / 123,35.8 / 136
3810,NY,Gold-Gold,M,72,65.6,86.8,114,32.8,32.8,32.8,114,32.8,114,43.4,43.4,32.8 / 114,32.8 / 114
3810,NY,Red-Red,M,72,63.2,82.2,102,31.6,31.6,31.6,102,31.6,102,41.1,41.1,31.6 / 102,31.6 / 102
3810,NY,White-Blue,F,72,75.8,108.4,139,36.8,39.0,36.8,131,39.0,146,52.2,56.2,36.8 / 131,39.0 / 146
3810,NY,Gold-Gold,F,72,70.2,100.8,130,35.1,35.1,35.1,130,35.1,130,50.4,50.4,35.1 / 130,35.1 / 130
3810,NY,Red-Red,F,72,66.5,95.1,121,33.3,33.2,33.3,121,33.2,121,47.6,47.5,33.3 / 121,33.2 / 121
3759,NY,Black,M,72,73.0,97.5,132,37.6,35.4,37.6,139,35.4,125,50.5,47.0,37.6 / 139,35.4 / 125
3759,NY,Blue,M,72,71.5,95.4,129,36.7,34.8,36.7,137,34.8,121,49.4,46.0,36.7 / 137,34.8 / 121
3759,NY,Schuyler,M,72,69.1,92.6,127,35.4,33.7,35.4,131,33.7,122,47.6,45.0,35.4 / 131,33.7 / 122
3759,NY,White,M,72,66.1,87.5,115,33.9,32.2,33.9,117,32.2,113,44.8,42.7,33.9 / 117,32.2 / 113
3759,NY,Meadows,M,72,64.4,84.9,111,33.2,31.2,33.2,114,31.2,107,43.8,41.1,33.2 / 114,31.2 / 107
3759,NY,Green,M,72,63.5,83.1,106,33.0,30.5,33.0,112,30.5,99,43.4,39.7,33.0 / 112,30.5 / 99
3759,NY,Schuyler,F,72,75.3,106.3,132,38.7,36.6,38.7,136,36.6,127,54.7,51.6,38.7 / 136,36.6 / 127
3759,NY,White,F,72,71.3,101.2,127,36.7,34.6,36.7,132,34.6,121,52.3,48.9,36.7 / 132,34.6 / 121
3759,NY,Meadows,F,72,69.3,98.6,125,36.0,33.3,36.0,129,33.3,120,51.2,47.4,36.0 / 129,33.3 / 120
3759,NY,Green,F,72,68.2,96.3,119,35.6,32.6,35.6,126,32.6,112,50.5,45.8,35.6 / 126,32.6 / 112
6671,NY,Black,M,72,74.1,100.8,144,36.4,37.7,36.4,140,37.7,147,49.4,51.4,36.4 / 140,37.7 / 147
6671,NY,Blue,M,72,72.3,98.2,139,35.8,36.5,35.8,132,36.5,146,48.1,50.1,35.8 / 132,36.5 / 146
6671,NY,Blue/White,M,72,71.4,96.9,137,35.6,35.8,35.6,132,35.8,142,47.9,49.0,35.6 / 132,35.8 / 142
6671,NY,White,M,72,70.9,96.1,136,35.3,35.6,35.3,130,35.6,141,47.4,48.7,35.3 / 130,35.6 / 141
6671,NY,White/Gold,M,72,69.2,93.9,133,34.7,34.5,34.7,129,34.5,137,46.7,47.2,34.7 / 129,34.5 / 137
6671,NY,Gold,M,72,68.5,92.7,130,34.4,34.1,34.4,127,34.1,133,46.2,46.5,34.4 / 127,34.1 / 133
6671,NY,White,F,73,77.2,110.7,142,38.4,38.8,38.4,139,38.8,145,54.8,55.9,38.4 / 139,38.8 / 145
6671,NY,Gold,F,72,74.2,106.3,136,37.3,36.9,37.3,135,36.9,137,53.2,53.1,37.3 / 135,36.9 / 137
6671,NY,Red,F,72,72.5,103.6,132,36.4,36.1,36.4,129,36.1,135,51.6,52.0,36.4 / 129,36.1 / 135
6690,NY,Black,M,72,77.5,105.4,151,38.1,39.4,38.1,149,39.4,152,51.9,53.5,38.1 / 149,39.4 / 152
6690,NY,Black/Blue,M,72,76.0,103.7,149,37.4,38.6,37.4,145,38.6,153,50.9,52.8,37.4 / 145,38.6 / 153
6690,NY,Blue,M,72,74.9,102.0,146,36.8,38.1,36.8,143,38.1,149,50.1,51.9,36.8 / 143,38.1 / 149
6690,NY,Blue/White,M,72,73.3,99.7,142,36.2,37.1,36.2,138,37.1,146,49.0,50.7,36.2 / 138,37.1 / 146
6690,NY,White,M,72,72.5,97.9,137,35.7,36.8,35.7,135,36.8,139,48.2,49.7,35.7 / 135,36.8 / 139
6690,NY,White/Green,M,72,70.4,95.1,133,34.8,35.6,34.8,131,35.6,135,47.0,48.1,34.8 / 131,35.6 / 135
6690,NY,Green,M,72,67.6,91.3,128,33.4,34.2,33.4,126,34.2,129,45.1,46.2,33.4 / 126,34.2 / 129
6690,NY,White,F,72,79.1,112.9,144,38.8,40.3,38.8,142,40.3,145,55.5,57.4,38.8 / 142,40.3 / 145
6690,NY,White/Green,F,72,77.4,110.3,140,37.8,39.6,37.8,137,39.6,142,54.0,56.3,37.8 / 137,39.6 / 142
6690,NY,Green,F,72,74.8,106.6,135,36.3,38.5,36.3,132,38.5,137,51.9,54.7,36.3 / 132,38.5 / 137
6690,NY,Red/Green,F,72,73.2,104.3,132,35.7,37.5,35.7,129,37.5,135,50.9,53.4,35.7 / 129,37.5 / 135
6690,NY,Red,F,72,69.0,98.1,124,33.7,35.3,33.7,118,35.3,129,47.6,50.5,33.7 / 118,35.3 / 129
6615,NY,Blue/White,M,70,70.2,92.4,120,34.7,35.5,34.7,122,35.5,117,46.0,46.4,34.7 / 122,35.5 / 117
6615,NY,Green,F,68,68.6,95.4,114,34.3,34.3,34.3,114,34.3,114,47.7,47.7,34.3 / 114,34.3 / 114
6615,NY,Green/Red,F,69,68.3,95.7,116,34.0,34.3,34.0,118,34.3,114,47.9,47.8,34.0 / 118,34.3 / 114
6615,NY,Red,F,68,67.8,95.4,117,33.9,33.9,33.9,117,33.9,117,47.7,47.7,33.9 / 117,33.9 / 117
3822,NY,Blue,M,72,70.8,94.1,126,35.2,35.6,35.2,125,35.6,126,46.8,47.3,35.2 / 125,35.6 / 126
3822,NY,White,M,72,69.4,91.8,121,34.4,35.0,34.4,121,35.0,121,45.6,46.2,34.4 / 121,35.0 / 121
3822,NY,Gold,M,72,65.2,86.2,113,32.2,33.0,32.2,109,33.0,117,42.3,43.9,32.2 / 109,33.0 / 117
3822,NY,Green,M,72,64.7,85.0,109,31.9,32.8,31.9,102,32.8,116,41.4,43.6,31.9 / 102,32.8 / 116
3822,NY,Orange,M,72,60.8,78.5,95,30.4,30.4,30.4,91,30.4,99,38.9,39.6,30.4 / 91,30.4 / 99
3822,NY,White,F,73,75.2,105.6,129,37.4,37.8,37.4,125,37.8,133,52.1,53.5,37.4 / 125,37.8 / 133
3822,NY,Gold,F,73,70.5,99.6,124,34.8,35.7,34.8,121,35.7,126,49.1,50.5,34.8 / 121,35.7 / 126
3822,NY,Green,F,73,69.8,98.4,122,34.3,35.5,34.3,120,35.5,123,48.4,50.0,34.3 / 120,35.5 / 123
3822,NY,Orange,F,73,64.1,88.2,103,32.0,32.1,32.0,98,32.1,107,43.5,44.7,32.0 / 98,32.1 / 107
23620,NY,Black,M,72,74.4,100.7,142,37.5,36.9,37.5,145,36.9,138,51.0,49.7,37.5 / 145,36.9 / 138
23620,NY,Blue,M,72,72.3,98.1,139,36.3,36.0,36.3,140,36.0,138,49.3,48.8,36.3 / 140,36.0 / 138
23620,NY,White,M,72,70.7,95.8,135,35.4,35.3,35.4,133,35.3,137,47.8,48.0,35.4 / 133,35.3 / 137
23620,NY,Green,M,72,68.6,92.8,130,34.3,34.3,34.3,132,34.3,128,46.6,46.2,34.3 / 132,34.3 / 128
23620,NY,Red,M,72,66.2,88.3,119,33.1,33.1,33.1,117,33.1,121,44.0,44.3,33.1 / 117,33.1 / 121
23620,NY,Green,F,72,74.6,108.2,143,37.3,37.3,37.3,143,37.3,142,54.2,54.0,37.3 / 143,37.3 / 142
23620,NY,Red,F,72,71.5,102.3,131,35.5,36.0,35.5,131,36.0,130,51.0,51.3,35.5 / 131,36.0 / 130
24176,NY,New Rating 2026,M,71,74.9,100.5,138,37.2,37.7,37.2,136,37.7,140,49.8,50.7,37.2 / 136,37.7 / 140
24176,NY,DM Test,M,71,74.7,100.1,137,37.1,37.6,37.1,135,37.6,139,49.6,50.5,37.1 / 135,37.6 / 139
3690,NY,Black,M,72,75.5,102.5,145,38.4,37.1,38.4,146,37.1,144,52.0,50.5,38.4 / 146,37.1 / 144
3690,NY,Blue,M,72,73.3,99.4,141,37.2,36.1,37.2,140,36.1,141,50.2,49.2,37.2 / 140,36.1 / 141
3690,NY,Maroon,M,72,72.0,97.2,136,36.4,35.6,36.4,136,35.6,136,49.0,48.2,36.4 / 136,35.6 / 136
3690,NY,Maroon/White Combo,M,72,70.0,94.5,132,35.2,34.8,35.2,136,34.8,128,47.8,46.7,35.2 / 136,34.8 / 128
3690,NY,White,M,72,67.9,90.9,124,34.0,33.9,34.0,132,33.9,115,46.3,44.6,34.0 / 132,33.9 / 115
3690,NY,Grey,M,72,66.1,87.9,117,33.0,33.1,33.0,118,33.1,116,44.0,43.9,33.0 / 118,33.1 / 116
3690,NY,Maroon,F,72,76.2,106.2,127,38.6,37.6,38.6,126,37.6,128,53.5,52.7,38.6 / 126,37.6 / 128
3690,NY,White,F,72,73.2,104.1,131,37.0,36.2,37.0,131,36.2,131,52.4,51.7,37.0 / 131,36.2 / 131
3690,NY,Grey,F,72,71.3,101.5,128,35.6,35.7,35.6,129,35.7,127,50.8,50.7,35.6 / 129,35.7 / 127
23717,NY,Red/White,M,31,29.7,38.3,93,29.7,,29.7,93,,,38.3,,29.7 / 93,/
23717,NY,Red/White,F,32,30.5,41.8,96,30.5,,30.5,96,,,41.8,,30.5 / 96,/
3300,NY,Blue,M,71,68.6,90.4,118,34.4,34.2,34.4,122,34.2,113,45.7,44.7,34.4 / 122,34.2 / 113
3300,NY,White,M,71,67.2,88.1,113,33.6,33.6,33.6,113,33.6,112,44.1,44.0,33.6 / 113,33.6 / 112
3300,NY,Gold,M,71,64.5,84.2,106,32.5,32.0,32.5,108,32.0,104,42.5,41.7,32.5 / 108,32.0 / 104
3300,NY,White,F,72,72.3,101.8,125,36.2,36.1,36.2,127,36.1,123,51.2,50.6,36.2 / 127,36.1 / 123
3300,NY,Gold,F,72,68.9,97.0,119,34.8,34.1,34.8,120,34.1,118,49.0,48.0,34.8 / 120,34.1 / 118
10161,NY,Black,M,71,73.9,100.1,141,37.6,36.3,37.6,143,36.3,139,50.9,49.2,37.6 / 143,36.3 / 139
10161,NY,Blue,M,71,71.2,96.6,137,36.3,34.9,36.3,142,34.9,131,49.5,47.1,36.3 / 142,34.9 / 131
10161,NY,Blue/White,M,71,70.1,95.4,137,35.8,34.3,35.8,138,34.3,135,48.6,46.8,35.8 / 138,34.3 / 135
10161,NY,White,M,71,69.4,94.3,134,35.5,33.9,35.5,137,33.9,131,48.2,46.1,35.5 / 137,33.9 / 131
10161,NY,Green,M,71,67.4,91.5,130,34.3,33.1,34.3,131,33.1,128,46.5,45.0,34.3 / 131,33.1 / 128
10161,NY,Red,M,71,66.5,89.0,121,33.6,32.9,33.6,125,32.9,117,45.2,43.8,33.6 / 125,32.9 / 117
10161,NY,Silver,M,71,64.8,86.6,117,32.4,32.4,32.4,119,32.4,115,43.5,43.1,32.4 / 119,32.4 / 115
10161,NY,White,F,72,74.9,106.2,133,38.3,36.6,38.3,137,36.6,129,54.4,51.8,38.3 / 137,36.6 / 129
10161,NY,Green,F,72,72.8,103.2,129,37.1,35.7,37.1,128,35.7,130,52.2,51.0,37.1 / 128,35.7 / 130
10161,NY,Red,F,72,71.5,101.3,126,36.3,35.2,36.3,126,35.2,126,51.2,50.1,36.3 / 126,35.2 / 126
10161,NY,Silver,F,72,67.9,96.3,120,33.7,34.2,33.7,120,34.2,120,47.9,48.4,33.7 / 120,34.2 / 120
3720,NY,Blue,M,70,68.8,89.1,109,34.8,34.0,34.8,113,34.0,105,45.3,43.8,34.8 / 113,34.0 / 105
3720,NY,White,M,70,67.3,87.5,109,34.0,33.3,34.0,113,33.3,104,44.5,43.0,34.0 / 113,33.3 / 104
3720,NY,Green/Gold Combo,M,70,64.4,84.6,109,32.6,31.8,32.6,113,31.8,104,43.1,41.5,32.6 / 113,31.8 / 104
3720,NY,Gold,M,70,62.6,82.3,106,31.4,31.2,31.4,109,31.2,103,41.5,40.8,31.4 / 109,31.2 / 103
3720,NY,Gold,F,70,66.3,91.2,106,33.8,32.5,33.8,105,32.5,106,46.2,45.0,33.8 / 105,32.5 / 106
28798,NY,Blue,M,72,71.2,94.5,126,35.8,35.4,35.8,122,35.4,129,47.1,47.4,35.8 / 122,35.4 / 129
28798,NY,Gold,M,72,67.7,89.5,117,33.9,33.8,33.9,116,33.8,118,44.7,44.8,33.9 / 116,33.8 / 118
28798,NY,Red,F,75,69.7,96.4,114,34.6,35.0,34.6,112,35.0,115,47.8,48.6,34.6 / 112,35.0 / 115
6872,NY,Black,M,68,67.6,90.4,123,33.8,33.8,33.8,123,33.8,123,45.2,45.2,33.8 / 123,33.8 / 123
6872,NY,White/Black,M,67,67.0,89.4,121,33.2,33.8,33.2,118,33.8,123,44.2,45.2,33.2 / 118,33.8 / 123
6872,NY,White,M,66,66.4,88.4,118,33.2,33.2,33.2,118,33.2,118,44.2,44.2,33.2 / 118,33.2 / 118
6872,NY,Red/Gold,M,66,61.8,82.2,110,30.9,30.9,30.9,110,30.9,110,41.1,41.1,30.9 / 110,30.9 / 110
6872,NY,White/Black,F,69,69.8,97.2,116,34.6,35.2,34.6,115,35.2,117,48.2,49.0,34.6 / 115,35.2 / 117
6872,NY,Red /Gold,F,66,65.4,90.2,105,32.3,33.1,32.3,104,33.1,106,44.6,45.6,32.3 / 104,33.1 / 106
9305,NY,Black,M,72,73.1,98.6,138,36.5,36.6,36.5,138,36.6,137,49.3,49.3,36.5 / 138,36.6 / 137
9305,NY,Blue,M,72,71.3,96.6,137,35.7,35.6,35.7,136,35.6,137,48.3,48.3,35.7 / 136,35.6 / 137
9305,NY,Blue/White,M,72,70.2,95.0,134,35.3,34.9,35.3,131,34.9,136,47.5,47.5,35.3 / 131,34.9 / 136
9305,NY,White,M,72,69.4,93.1,128,35.0,34.4,35.0,126,34.4,129,46.7,46.4,35.0 / 126,34.4 / 129
9305,NY,White/Red,M,74,66.8,88.9,119,33.6,33.2,33.6,116,33.2,122,44.4,44.5,33.6 / 116,33.2 / 122
9305,NY,Red,M,72,65.3,86.2,113,33.1,32.2,33.1,114,32.2,111,43.7,42.5,33.1 / 114,32.2 / 111
9305,NY,White,F,75,74.9,106.7,135,37.7,37.2,37.7,137,37.2,132,53.9,52.8,37.7 / 137,37.2 / 132
9305,NY,White/Red,F,75,72.0,103.0,131,36.2,35.8,36.2,131,35.8,131,51.7,51.3,36.2 / 131,35.8 / 131
9305,NY,Red,F,75,69.9,100.1,128,35.5,34.4,35.5,128,34.4,128,50.6,49.5,35.5 / 128,34.4 / 128
14154,NY,White,M,64,64.4,84.0,105,32.2,32.2,32.2,105,32.2,105,42.0,42.0,32.2 / 105,32.2 / 105
14154,NY,Yellow,M,64,61.0,77.8,90,30.5,30.5,30.5,90,30.5,90,38.9,38.9,30.5 / 90,30.5 / 90
14154,NY,Red,M,64,60.6,77.0,88,30.3,30.3,30.3,88,30.3,88,38.5,38.5,30.3 / 88,30.3 / 88
14154,NY,White,F,64,68.4,93.2,106,34.2,34.2,34.2,106,34.2,106,46.6,46.6,34.2 / 106,34.2 / 106
14154,NY,Yellow,F,64,64.0,87.6,100,32.0,32.0,32.0,100,32.0,100,43.8,43.8,32.0 / 100,32.0 / 100
14154,NY,Red,F,64,63.0,86.0,98,31.5,31.5,31.5,98,31.5,98,43.0,43.0,31.5 / 98,31.5 / 98
3679,NY,Black,M,72,70.8,94.4,127,35.8,35.0,35.8,128,35.0,126,47.7,46.7,35.8 / 128,35.0 / 126
3679,NY,Blue,M,72,70.4,93.8,126,36.0,34.4,36.0,129,34.4,123,48.0,45.8,36.0 / 129,34.4 / 123
3679,NY,White,M,72,69.1,90.9,117,35.0,34.1,35.0,117,34.1,117,45.9,45.0,35.0 / 117,34.1 / 117
3679,NY,Gold,M,74,66.9,87.7,112,33.7,33.2,33.7,114,33.2,110,44.3,43.4,33.7 / 114,33.2 / 110
3679,NY,White,F,72,74.0,104.4,129,37.7,36.3,37.7,130,36.3,128,53.0,51.4,37.7 / 130,36.3 / 128
3679,NY,Gold,F,74,71.2,100.3,124,35.9,35.3,35.9,124,35.3,123,50.5,49.8,35.9 / 124,35.3 / 123
9332,NY,Blue,M,71,72.5,96.3,128,36.1,36.4,36.1,125,36.4,131,47.7,48.6,36.1 / 125,36.4 / 131
9332,NY,White,M,71,71.3,94.7,126,35.6,35.7,35.6,124,35.7,128,47.1,47.6,35.6 / 124,35.7 / 128
9332,NY,Club Tee,M,71,69.4,92.5,125,34.5,34.9,34.5,126,34.9,123,46.2,46.3,34.5 / 126,34.9 / 123
9332,NY,Red,M,70,66.9,88.2,115,33.6,33.3,33.6,117,33.3,112,44.5,43.7,33.6 / 117,33.3 / 112
9332,NY,Gold,M,71,66.4,87.4,113,33.0,33.4,33.0,115,33.4,111,43.7,43.7,33.0 / 115,33.4 / 111
9332,NY,Red,F,73,72.0,102.1,128,36.4,35.6,36.4,128,35.6,127,51.5,50.6,36.4 / 128,35.6 / 127
9332,NY,Gold,F,74,71.1,101.0,127,35.6,35.5,35.6,126,35.5,128,50.4,50.6,35.6 / 126,35.5 / 128
9332,NY,Ladies Club,F,73,69.7,98.4,122,35.6,34.1,35.6,126,34.1,118,50.4,48.0,35.6 / 126,34.1 / 118
6616,NY,Red,M,70,74.7,101.7,145,37.7,37.0,37.7,139,37.0,152,50.6,51.1,37.7 / 139,37.0 / 152
6616,NY,Green,M,70,72.5,98.6,140,36.5,36.0,36.5,138,36.0,142,49.3,49.3,36.5 / 138,36.0 / 142
6616,NY,Blue,M,70,70.8,95.8,135,35.5,35.3,35.5,135,35.3,135,48.0,47.8,35.5 / 135,35.3 / 135
6616,NY,Blue/White,M,70,68.4,92.5,130,34.5,33.9,34.5,130,33.9,129,46.6,45.9,34.5 / 130,33.9 / 129
6616,NY,White,M,70,67.4,91.1,128,33.9,33.5,33.9,128,33.5,127,45.8,45.3,33.9 / 128,33.5 / 127
6616,NY,Blue,F,70,76.9,110.9,145,38.5,38.4,38.5,147,38.4,142,55.8,55.1,38.5 / 147,38.4 / 142
6616,NY,Blue/White,F,70,73.8,104.8,132,37.0,36.8,37.0,134,36.8,129,52.8,52.0,37.0 / 134,36.8 / 129
6616,NY,White,F,70,72.8,104.7,135,36.6,36.2,36.6,138,36.2,132,52.9,51.8,36.6 / 138,36.2 / 132
35588,NY,Back,M,27,25.8,32.9,76,25.8,,25.8,76,,,32.9,,25.8 / 76,/
35588,NY,Forward,M,27,25.4,32.2,73,25.4,,25.4,73,,,32.2,,25.4 / 73,/
35588,NY,Back,F,27,27.0,36.4,80,27.0,,27.0,80,,,36.4,,27.0 / 80,/
35588,NY,Forward,F,27,26.7,35.6,75,26.7,,26.7,75,,,35.6,,26.7 / 75,/
12996,NY,Blue,M,72,71.5,93.8,120,35.8,35.7,35.8,121,35.7,119,47.0,46.8,35.8 / 121,35.7 / 119
12996,NY,White,M,72,70.5,92.2,117,35.5,35.0,35.5,118,35.0,115,46.5,45.7,35.5 / 118,35.0 / 115
12996,NY,Black,M,72,68.5,89.6,114,34.4,34.1,34.4,113,34.1,114,44.9,44.7,34.4 / 113,34.1 / 114
12996,NY,Gold,M,72,66.3,86.1,107,33.5,32.8,33.5,105,32.8,108,43.3,42.8,33.5 / 105,32.8 / 108
12996,NY,Gold,F,72,72.2,102.2,128,36.4,35.8,36.4,129,35.8,126,51.6,50.6,36.4 / 129,35.8 / 126
12996,NY,Red,F,72,70.8,100.0,124,34.9,35.9,34.9,124,35.9,124,49.5,50.5,34.9 / 124,35.9 / 124
12996,NY,Green,F,72,66.9,94.2,116,33.3,33.6,33.3,117,33.6,114,47.1,47.1,33.3 / 117,33.6 / 114
3755,NY,Blue/White,M,72,69.4,93.0,127,34.5,34.9,34.5,128,34.9,126,46.4,46.6,34.5 / 128,34.9 / 126
3755,NY,Orange/Black,M,72,64.5,84.3,107,32.4,32.1,32.4,104,32.1,109,42.1,42.2,32.4 / 104,32.1 / 109
3755,NY,Red/Yellow,M,72,64.0,82.8,101,32.0,32.0,32.0,102,32.0,100,41.5,41.3,32.0 / 102,32.0 / 100
3755,NY,White,M,36,34.9,46.6,126,34.9,,34.9,126,,,46.6,,34.9 / 126,/
3755,NY,Blue,M,36,34.5,46.4,128,34.5,,34.5,128,,,46.4,,34.5 / 128,/
3755,NY,Orange,M,36,32.4,42.1,104,32.4,,32.4,104,,,42.1,,32.4 / 104,/
3755,NY,Black,M,36,32.1,42.2,109,32.1,,32.1,109,,,42.2,,32.1 / 109,/
3755,NY,Red,M,36,32.0,41.5,102,32.0,,32.0,102,,,41.5,,32.0 / 102,/
3755,NY,Yellow,M,36,32.0,41.3,100,32.0,,32.0,100,,,41.3,,32.0 / 100,/
3755,NY,Orange/Black,F,72,69.0,98.1,123,34.7,34.3,34.7,126,34.3,120,49.6,48.5,34.7 / 126,34.3 / 120
3755,NY,Red/Yellow,F,72,68.3,97.1,122,34.2,34.1,34.2,124,34.1,120,48.8,48.3,34.2 / 124,34.1 / 120
3755,NY,Orange,F,36,34.7,49.6,126,34.7,,34.7,126,,,49.6,,34.7 / 126,/
3755,NY,Black,F,36,34.3,48.5,120,34.3,,34.3,120,,,48.5,,34.3 / 120,/
3755,NY,Red,F,36,34.2,48.8,124,34.2,,34.2,124,,,48.8,,34.2 / 124,/
3755,NY,Yellow,F,36,34.1,48.3,120,34.1,,34.1,120,,,48.3,,34.1 / 120,/
6842,NY,Birds,M,71,74.4,101.3,146,37.5,36.9,37.5,147,36.9,144,51.1,50.2,37.5 / 147,36.9 / 144
6842,NY,B/I,M,71,73.3,99.7,143,37.0,36.3,37.0,144,36.3,140,50.4,49.3,37.0 / 144,36.3 / 140
6842,NY,I,M,71,72.5,98.4,141,36.5,36.0,36.5,143,36.0,138,49.7,48.7,36.5 / 143,36.0 / 138
6842,NY,I/II,M,71,71.0,96.5,138,35.8,35.2,35.8,140,35.2,135,48.8,47.7,35.8 / 140,35.2 / 135
6842,NY,II,M,71,70.2,95.2,135,35.2,35.0,35.2,137,35.0,132,47.9,47.3,35.2 / 137,35.0 / 132
6842,NY,II/III,M,71,69.2,93.3,132,34.7,34.5,34.7,132,34.5,127,47.0,46.3,34.7 / 132,34.5 / 127
6842,NY,III,M,71,67.9,91.9,130,34.1,33.8,34.1,130,33.8,129,46.1,45.8,34.1 / 130,33.8 / 129
6842,NY,IV,M,71,62.5,84.0,116,31.9,30.6,31.9,118,30.6,113,42.9,41.1,31.9 / 118,30.6 / 113
6842,NY,II,F,71,76.0,109.8,144,38.2,37.8,38.2,145,37.8,142,55.3,54.5,38.2 / 145,37.8 / 142
6842,NY,III,F,71,72.9,105.8,140,37.0,35.9,37.0,141,35.9,138,53.6,52.2,37.0 / 141,35.9 / 138
6842,NY,IV,F,71,69.9,98.8,123,35.4,34.5,35.4,127,34.5,118,50.4,48.4,35.4 / 127,34.5 / 118
3683,NY,Blue,M,71,68.9,92.3,126,33.6,35.3,33.6,121,35.3,131,44.8,47.5,33.6 / 121,35.3 / 131
3683,NY,White,M,71,67.8,89.8,118,33.1,34.7,33.1,117,34.7,119,44.0,45.8,33.1 / 117,34.7 / 119
3683,NY,Yellow,M,71,63.7,82.0,99,31.4,32.3,31.4,94,32.3,103,40.1,41.9,31.4 / 94,32.3 / 103
3683,NY,Red,F,72,66.3,92.5,111,32.5,33.8,32.5,102,33.8,120,44.5,48.0,32.5 / 102,33.8 / 120
3312,NY,Blue,M,70,69.3,92.2,124,34.7,34.6,34.7,122,34.6,125,46.0,46.2,34.7 / 122,34.6 / 125
3312,NY,White,M,70,67.6,89.8,120,33.9,33.7,33.9,118,33.7,121,44.9,44.9,33.9 / 118,33.7 / 121
3312,NY,Green,M,70,64.7,85.3,111,32.2,32.5,32.2,113,32.5,109,42.7,42.6,32.2 / 113,32.5 / 109
3312,NY,Gold,M,70,59.6,77.5,97,29.5,30.1,29.5,96,30.1,97,38.4,39.1,29.5 / 96,30.1 / 97
3312,NY,Blue,F,70,75.8,107.3,134,37.8,38.0,37.8,133,38.0,134,53.5,53.8,37.8 / 133,38.0 / 134
3312,NY,White,F,70,73.2,103.3,128,36.7,36.5,36.7,131,36.5,125,52.1,51.2,36.7 / 131,36.5 / 125
3312,NY,Green,F,70,69.5,97.3,118,34.9,34.6,34.9,113,34.6,123,48.2,49.1,34.9 / 113,34.6 / 123
3312,NY,Gold,F,70,62.1,85.6,100,30.5,31.6,30.5,98,31.6,101,42.1,43.5,30.5 / 98,31.6 / 101
6901,NY,Black,M,70,70.4,92.4,119,34.7,35.7,34.7,114,35.7,123,45.3,47.1,34.7 / 114,35.7 / 123
6901,NY,Blue,M,70,67.5,88.7,114,32.9,34.6,32.9,109,34.6,119,43.0,45.7,32.9 / 109,34.6 / 119
6901,NY,Silver,M,69,65.6,87.0,110,32.0,33.6,32.0,107,33.6,113,42.4,44.6,32.0 / 107,33.6 / 113
6901,NY,Blue,F,72,73.9,104.9,132,35.9,38.0,35.9,123,38.0,140,50.4,54.5,35.9 / 123,38.0 / 140
6901,NY,Silver,F,72,71.2,100.1,123,35.1,36.1,35.1,119,36.1,126,49.1,51.0,35.1 / 119,36.1 / 126
6831,NY,Plate,M,70,73.4,100.4,144,36.7,36.7,36.7,142,36.7,146,50.0,50.4,36.7 / 142,36.7 / 146
6831,NY,Black,M,71,72.2,98.1,140,36.0,36.2,36.0,139,36.2,140,48.9,49.2,36.0 / 139,36.2 / 140
6831,NY,Black/White,M,71,71.4,96.9,137,35.7,35.7,35.7,135,35.7,138,48.3,48.6,35.7 / 135,35.7 / 138
6831,NY,White,M,71,70.5,95.2,134,35.1,35.4,35.1,132,35.4,135,47.3,47.9,35.1 / 132,35.4 / 135
6831,NY,White/Green,M,71,69.3,93.7,131,34.4,34.9,34.4,129,34.9,133,46.4,47.3,34.4 / 129,34.9 / 133
6831,NY,Green,M,71,67.7,91.8,129,33.6,34.1,33.6,127,34.1,131,45.4,46.4,33.6 / 127,34.1 / 131
6831,NY,Green/Red,M,71,66.1,89.9,128,32.9,33.2,32.9,127,33.2,129,44.7,45.2,32.9 / 127,33.2 / 129
6831,NY,Red,M,71,64.4,87.4,124,32.3,32.1,32.3,123,32.1,125,43.7,43.7,32.3 / 123,32.1 / 125
6831,NY,White,F,72,76.5,108.6,136,38.0,38.5,38.0,142,38.5,130,54.8,53.8,38.0 / 142,38.5 / 130
6831,NY,Green,F,71,73.1,103.6,130,36.3,36.8,36.3,134,36.8,125,52.1,51.5,36.3 / 134,36.8 / 125
6831,NY,Green/Red,F,71,71.4,101.0,126,35.7,35.7,35.7,130,35.7,121,51.0,50.0,35.7 / 130,35.7 / 121
6831,NY,Red,F,71,68.9,97.3,121,34.7,34.2,34.7,123,34.2,118,49.2,48.1,34.7 / 123,34.2 / 118
3731,NY,Black,M,71,71.7,97.2,138,36.5,35.2,36.5,139,35.2,136,49.4,47.8,36.5 / 139,35.2 / 136
3731,NY,Inner-Outer Black,M,71,71.7,97.2,138,36.5,35.2,36.5,139,35.2,136,49.4,47.8,36.5 / 139,35.2 / 136
3731,NY,Blue,M,71,70.6,95.8,136,35.9,34.7,35.9,140,34.7,131,48.9,46.9,35.9 / 140,34.7 / 131
3731,NY,Inner-Outer Blue,M,71,70.6,95.8,136,35.9,34.7,35.9,140,34.7,131,48.9,46.9,35.9 / 140,34.7 / 131
3731,NY,Blue-Green,M,71,68.7,93.0,131,34.8,33.9,34.8,135,33.9,127,47.3,45.7,34.8 / 135,33.9 / 127
3731,NY,Inner-Outer Blue/Green,M,71,68.7,93.0,131,34.8,33.9,34.8,135,33.9,127,47.3,45.7,34.8 / 135,33.9 / 127
3731,NY,Green,M,71,67.1,90.9,128,33.9,33.2,33.9,130,33.2,126,46.0,44.9,33.9 / 130,33.2 / 126
3731,NY,Inner-Outer Green,M,71,67.1,90.9,128,33.9,33.2,33.9,130,33.2,126,46.0,44.9,33.9 / 130,33.2 / 126
3731,NY,White,M,71,65.4,88.0,122,32.9,32.5,32.9,119,32.5,124,44.0,44.0,32.9 / 119,32.5 / 124
3731,NY,Inner-Outer White,M,71,65.4,88.0,122,32.9,32.5,32.9,119,32.5,124,44.0,44.0,32.9 / 119,32.5 / 124
3731,NY,Red,M,71,64.2,86.5,120,32.3,31.9,32.3,118,31.9,122,43.3,43.2,32.3 / 118,31.9 / 122
3731,NY,Inner-Outer Red,M,71,64.2,86.5,120,32.3,31.9,32.3,118,31.9,122,43.3,43.2,32.3 / 118,31.9 / 122
3731,NY,Silver,M,71,58.3,77.3,102,29.3,29.0,29.3,103,29.0,101,38.9,38.4,29.3 / 103,29.0 / 101
3731,NY,Inner-Outer Silver,M,71,58.3,77.3,102,29.3,29.0,29.3,103,29.0,101,38.9,38.4,29.3 / 103,29.0 / 101
3731,NY,Blue,F,71,76.3,109.6,142,39.0,37.3,39.0,142,37.3,141,55.7,53.9,39.0 / 142,37.3 / 141
3731,NY,Inner-Outer Blue,F,71,76.3,109.6,142,39.0,37.3,39.0,142,37.3,141,55.7,53.9,39.0 / 142,37.3 / 141
3731,NY,Blue-Green,F,71,74.0,104.9,131,37.9,36.1,37.9,132,36.1,130,53.5,51.4,37.9 / 132,36.1 / 130
3731,NY,Inner-Outer Blue/Green,F,71,74.0,104.9,131,37.9,36.1,37.9,132,36.1,130,53.5,51.4,37.9 / 132,36.1 / 130
3731,NY,Green,F,71,72.4,103.1,130,36.9,35.5,36.9,132,35.5,128,52.5,50.6,36.9 / 132,35.5 / 128
3731,NY,Inner-Outer Green,F,71,72.4,103.1,130,36.9,35.5,36.9,132,35.5,128,52.5,50.6,36.9 / 132,35.5 / 128
3731,NY,White,F,71,70.4,100.0,126,35.4,35.0,35.4,125,35.0,126,50.1,49.9,35.4 / 125,35.0 / 126
3731,NY,Inner-Outer White,F,71,70.4,100.0,126,35.4,35.0,35.4,125,35.0,126,50.1,49.9,35.4 / 125,35.0 / 126
3731,NY,Red,F,71,68.3,98.1,127,34.3,34.0,34.3,125,34.0,128,49.0,49.1,34.3 / 125,34.0 / 128
3731,NY,Inner-Outer Red,F,71,68.3,98.1,127,34.3,34.0,34.3,125,34.0,128,49.0,49.1,34.3 / 125,34.0 / 128
3731,NY,Silver,F,71,60.1,82.8,97,30.3,29.8,30.3,97,29.8,96,41.7,41.1,30.3 / 97,29.8 / 96
3731,NY,Inner-Outer Silver,F,71,60.1,82.8,97,30.3,29.8,30.3,97,29.8,96,41.7,41.1,30.3 / 97,29.8 / 96
3762,NY,Blue,M,72,72.5,97.4,134,36.0,36.5,36.0,129,36.5,139,48.0,49.4,36.0 / 129,36.5 / 139
3762,NY,White,M,72,71.1,95.3,131,35.0,36.1,35.0,125,36.1,137,46.6,48.7,35.0 / 125,36.1 / 137
3762,NY,Black,M,72,69.3,93.2,129,34.1,35.2,34.1,124,35.2,133,45.6,47.6,34.1 / 124,35.2 / 133
3762,NY,Gold,M,72,68.1,90.9,123,33.8,34.3,33.8,121,34.3,125,45.0,45.9,33.8 / 121,34.3 / 125
3762,NY,Red,F,75,70.2,98.6,121,35.2,35.0,35.2,121,35.0,120,49.5,49.1,35.2 / 121,35.0 / 120
3762,NY,Orange,F,75,67.5,94.7,116,33.1,34.4,33.1,112,34.4,119,46.3,48.4,33.1 / 112,34.4 / 119
3725,NY,Blue,M,72,72.1,94.4,120,36.2,35.9,36.2,119,35.9,121,47.3,47.1,36.2 / 119,35.9 / 121
3725,NY,White,M,72,69.9,91.0,114,35.0,34.9,35.0,113,34.9,114,45.5,45.5,35.0 / 113,34.9 / 114
3725,NY,Gold,M,72,66.7,86.8,108,33.9,32.8,33.9,111,32.8,105,44.2,42.6,33.9 / 111,32.8 / 105
3725,NY,Red,F,73,70.2,97.4,115,35.7,34.5,35.7,121,34.5,109,50.0,47.4,35.7 / 121,34.5 / 109
23879,NY,White,M,31,30.5,40.7,110,30.5,,30.5,110,,,40.7,,30.5 / 110,/
23879,NY,Lower 9,F,31,31.9,44.5,107,31.9,,31.9,107,,,44.5,,31.9 / 107,/
23878,NY,Black,M,70,74.0,99.9,140,36.9,37.1,36.9,137,37.1,142,49.6,50.3,36.9 / 137,37.1 / 142
23878,NY,Blue,M,70,72.6,98.0,137,36.0,36.6,36.0,133,36.6,140,48.4,49.6,36.0 / 133,36.6 / 140
23878,NY,White,M,70,71.3,96.0,133,35.5,35.8,35.5,130,35.8,136,47.6,48.4,35.5 / 130,35.8 / 136
23878,NY,White/Green,M,70,70.4,94.6,130,35.1,35.3,35.1,128,35.3,132,47.0,47.6,35.1 / 128,35.3 / 132
23878,NY,Green,M,70,68.1,91.8,128,34.2,33.9,34.2,127,33.9,128,46.0,45.8,34.2 / 127,33.9 / 128
23878,NY,Red,M,70,67.2,90.6,126,34.0,33.2,34.0,127,33.2,125,45.8,44.8,34.0 / 127,33.2 / 125
23878,NY,Blue,F,72,79.2,114.7,151,39.2,40.0,39.2,148,40.0,153,56.7,58.0,39.2 / 148,40.0 / 153
23878,NY,White,F,72,77.5,111.8,146,38.4,39.1,38.4,143,39.1,148,55.3,56.5,38.4 / 143,39.1 / 148
23878,NY,Green,F,72,73.6,106.4,139,36.9,36.7,36.9,140,36.7,138,53.4,53.0,36.9 / 140,36.7 / 138
23878,NY,Red,F,72,72.4,104.7,137,36.7,35.7,36.7,139,35.7,135,53.1,51.6,36.7 / 139,35.7 / 135
6758,NY,Blue,M,72,69.5,92.9,126,35.0,34.5,35.0,125,34.5,127,46.6,46.3,35.0 / 125,34.5 / 127
6758,NY,White,M,72,68.5,91.5,124,34.4,34.1,34.4,124,34.1,124,45.9,45.6,34.4 / 124,34.1 / 124
6758,NY,Blue/White/Red,M,72,68.2,91.4,124,34.2,34.0,34.2,123,34.0,125,45.7,45.7,34.2 / 123,34.0 / 125
6758,NY,Red/White/Blue,M,72,68.1,91.0,124,34.1,34.0,34.1,123,34.0,124,45.5,45.5,34.1 / 123,34.0 / 124
6758,NY,Gold,M,72,67.0,89.8,122,33.7,33.3,33.7,121,33.3,123,45.0,44.8,33.7 / 121,33.3 / 123
6758,NY,Red,M,72,65.8,88.1,120,32.8,33.0,32.8,117,33.0,123,43.7,44.4,32.8 / 117,33.0 / 123
6758,NY,Red,F,72,70.6,99.0,121,35.2,35.4,35.2,119,35.4,122,49.2,49.8,35.2 / 119,35.4 / 122
3722,NY,Eagle,M,71,74.4,100.6,141,36.3,38.1,36.3,138,38.1,144,49.1,51.5,36.3 / 138,38.1 / 144
3722,NY,Blue,M,71,72.5,97.8,137,35.4,37.1,35.4,135,37.1,138,47.9,49.9,35.4 / 135,37.1 / 138
3722,NY,White,M,71,70.1,94.6,132,34.0,36.1,34.0,132,36.1,131,46.3,48.3,34.0 / 132,36.1 / 131
3722,NY,Gold,M,71,66.1,88.4,120,32.4,33.7,32.4,119,33.7,121,43.5,44.9,32.4 / 119,33.7 / 121
3722,NY,Red,M,71,62.0,81.7,106,30.6,31.4,30.6,107,31.4,105,40.5,41.2,30.6 / 107,31.4 / 105
3722,NY,Gold,F,71,70.8,101.3,130,34.9,35.9,34.9,130,35.9,129,50.2,51.1,34.9 / 130,35.9 / 129
3722,NY,Red,F,71,64.8,91.0,111,31.9,32.9,31.9,110,32.9,112,44.9,46.1,31.9 / 110,32.9 / 112
3355,NY,Black,M,72,73.1,98.8,139,36.2,36.9,36.2,135,36.9,142,48.7,50.1,36.2 / 135,36.9 / 142
3355,NY,Blue,M,72,71.8,96.5,133,35.6,36.2,35.6,127,36.2,139,47.4,49.1,35.6 / 127,36.2 / 139
3355,NY,White,M,72,70.3,93.7,126,35.2,35.1,35.2,119,35.1,132,46.3,47.4,35.2 / 119,35.1 / 132
3355,NY,Gold,M,72,67.7,89.0,115,34.2,33.5,34.2,114,33.5,115,44.8,44.2,34.2 / 114,33.5 / 115
3355,NY,Red,M,72,64.0,85.2,114,32.5,31.5,32.5,114,31.5,114,43.1,42.1,32.5 / 114,31.5 / 114
3355,NY,Blue,F,74,77.9,111.3,142,38.7,39.2,38.7,142,39.2,142,55.4,55.9,38.7 / 142,39.2 / 142
3355,NY,White,F,74,76.1,108.6,138,37.9,38.2,37.9,137,38.2,138,54.1,54.5,37.9 / 137,38.2 / 138
3355,NY,Gold,F,74,72.4,103.1,130,36.6,35.8,36.6,128,35.8,132,51.7,51.4,36.6 / 128,35.8 / 132
3355,NY,Red,F,74,68.8,97.2,121,34.8,34.0,34.8,121,34.0,120,49.1,48.1,34.8 / 121,34.0 / 120
23671,NY,Blue,M,72,71.4,95.9,132,35.9,35.5,35.9,140,35.5,124,48.9,47.0,35.9 / 140,35.5 / 124
23671,NY,White,M,71,69.8,93.7,129,35.0,34.8,35.0,137,34.8,121,47.7,46.0,35.0 / 137,34.8 / 121
23671,NY,Gold,M,72,67.5,90.6,125,34.2,33.3,34.2,128,33.3,121,46.1,44.5,34.2 / 128,33.3 / 121
23671,NY,White,F,72,75.0,106.3,133,37.6,37.4,37.6,137,37.4,129,53.7,52.6,37.6 / 137,37.4 / 129
23671,NY,Gold,F,72,72.5,102.6,128,36.3,36.2,36.3,133,36.2,122,52.0,50.6,36.3 / 133,36.2 / 122
23671,NY,Red,F,72,69.3,97.5,120,34.2,35.1,34.2,124,35.1,115,48.8,48.7,34.2 / 124,35.1 / 115
9313,NY,Blue,M,72,70.3,93.4,125,35.2,35.1,35.2,121,35.1,128,46.4,47.0,35.2 / 121,35.1 / 128
9313,NY,White,M,72,67.7,88.5,112,33.9,33.8,33.9,109,33.8,115,44.0,44.5,33.9 / 109,33.8 / 115
9313,NY,Gold,M,72,65.1,85.0,107,32.5,32.6,32.5,111,32.6,103,42.8,42.2,32.5 / 111,32.6 / 103
9313,NY,White,F,72,72.8,100.6,118,36.3,36.5,36.3,118,36.5,118,50.2,50.4,36.3 / 118,36.5 / 118
9313,NY,Gold,F,72,69.9,96.0,111,34.9,35.0,34.9,111,35.0,110,48.0,48.0,34.9 / 111,35.0 / 110
9313,NY,Red,F,72,69.3,95.2,110,34.3,35.0,34.3,109,35.0,110,47.2,48.0,34.3 / 109,35.0 / 110
26282,NY,White 18,M,70,67.0,85.0,97,33.5,33.5,33.5,97,33.5,97,42.5,42.5,33.5 / 97,33.5 / 97
26282,NY,White,M,35,33.5,42.4,96,33.5,,33.5,96,,,42.4,,33.5 / 96,/
26282,NY,Red,F,70,69.2,91.8,96,34.6,34.6,34.6,96,34.6,96,45.9,45.9,34.6 / 96,34.6 / 96
6899,NY,Blue,M,72,70.0,92.7,123,35.1,34.9,35.1,122,34.9,123,46.4,46.3,35.1 / 122,34.9 / 123
6899,NY,White,M,72,67.8,89.6,117,34.0,33.8,34.0,117,33.8,117,44.9,44.7,34.0 / 117,33.8 / 117
6899,NY,White,F,72,73.9,104.6,131,37.2,36.7,37.2,135,36.7,126,53.1,51.5,37.2 / 135,36.7 / 126
6899,NY,Red,F,72,69.4,98.0,121,35.1,34.3,35.1,122,34.3,120,49.5,48.5,35.1 / 122,34.3 / 120
6811,NY,Raynor,M,70,71.9,97.0,135,35.6,36.3,35.6,130,36.3,140,47.7,49.3,35.6 / 130,36.3 / 140
6811,NY,Red,M,70,71.0,95.7,133,35.4,35.6,35.4,129,35.6,137,47.4,48.3,35.4 / 129,35.6 / 137
6811,NY,Gold,M,70,69.6,93.8,130,34.5,35.1,34.5,127,35.1,133,46.3,47.5,34.5 / 127,35.1 / 133
6811,NY,Green,M,70,68.1,91.7,127,33.6,34.5,33.6,127,34.5,127,45.4,46.3,33.6 / 127,34.5 / 127
6811,NY,White,M,70,65.4,87.6,120,32.5,32.9,32.5,124,32.9,115,44.0,43.6,32.5 / 124,32.9 / 115
6811,NY,Blue,M,70,61.8,82.5,112,30.5,31.3,30.5,115,31.3,108,41.2,41.3,30.5 / 115,31.3 / 108
6811,NY,Green,F,70,73.5,105.4,135,36.3,37.2,36.3,132,37.2,138,51.9,53.5,36.3 / 132,37.2 / 138
6811,NY,White,F,70,70.6,101.0,129,35.1,35.5,35.1,126,35.5,131,50.0,51.0,35.1 / 126,35.5 / 131
6811,NY,White/Blue,F,70,68.4,97.2,123,33.5,34.9,33.5,120,34.9,125,47.6,49.6,33.5 / 120,34.9 / 125
6811,NY,Blue,F,70,65.7,93.4,118,32.3,33.4,32.3,118,33.4,117,46.2,47.2,32.3 / 118,33.4 / 117
6847,NY,White/Blue,M,70,68.4,92.3,129,34.2,34.2,34.2,128,34.2,129,46.1,46.2,34.2 / 128,34.2 / 129
6847,NY,Gold/Gold,M,70,65.2,88.0,123,32.6,32.6,32.6,123,32.6,123,44.0,44.0,32.6 / 123,32.6 / 123
6847,NY,Red/Gold,M,70,64.9,87.6,122,32.3,32.6,32.3,122,32.6,122,43.6,44.0,32.3 / 122,32.6 / 122
6847,NY,White/Blue,F,71,74.3,105.1,131,37.1,37.2,37.1,131,37.2,131,52.5,52.6,37.1 / 131,37.2 / 131
6847,NY,Gold/Gold,F,70,70.5,99.3,122,35.2,35.3,35.2,122,35.3,122,49.6,49.7,35.2 / 122,35.3 / 122
6847,NY,Red/Gold,F,70,70.2,98.8,121,34.9,35.3,34.9,120,35.3,122,49.1,49.7,34.9 / 120,35.3 / 122
3309,NY,Blue-Black,M,65,61.7,80.3,100,30.6,31.1,30.6,100,31.1,100,39.9,40.4,30.6 / 100,31.1 / 100
3309,NY,Gold-Orange,M,65,59.9,77.1,93,29.8,30.1,29.8,93,30.1,93,38.4,38.7,29.8 / 93,30.1 / 93
3309,NY,Aqua,M,64,58.0,73.4,83,29.0,29.0,29.0,83,29.0,83,36.7,36.7,29.0 / 83,29.0 / 83
3309,NY,Blue-Black,F,65,65.9,90.3,104,32.6,33.3,32.6,102,33.3,105,44.6,45.7,32.6 / 102,33.3 / 105
3309,NY,Gold-Orange,F,65,62.2,85.1,97,30.9,31.3,30.9,96,31.3,98,42.2,42.9,30.9 / 96,31.3 / 98
3309,NY,Aqua,F,64,58.8,80.0,90,29.4,29.4,29.4,90,29.4,90,40.0,40.0,29.4 / 90,29.4 / 90
6672,NY,Blue,M,71,71.8,97.4,138,35.0,36.8,35.0,135,36.8,141,47.5,49.9,35.0 / 135,36.8 / 141
6672,NY,Green,M,71,70.2,94.5,131,34.2,36.0,34.2,122,36.0,140,45.5,49.0,34.2 / 122,36.0 / 140
6672,NY,White,M,71,68.9,92.7,128,33.6,35.3,33.6,119,35.3,137,44.7,48.0,33.6 / 119,35.3 / 137
6672,NY,Gold,M,71,67.1,90.2,124,33.0,34.1,33.0,116,34.1,132,43.8,46.4,33.0 / 116,34.1 / 132
6672,NY,White,F,72,75.1,107.4,137,36.5,38.6,36.5,131,38.6,142,52.0,55.4,36.5 / 131,38.6 / 142
6672,NY,Gold,F,72,72.6,103.2,130,35.6,37.0,35.6,126,37.0,134,50.4,52.8,35.6 / 126,37.0 / 134
13740,NY,Blue,M,70,72.0,96.0,129,36.4,35.6,36.4,130,35.6,128,48.5,47.5,36.4 / 130,35.6 / 128
13740,NY,White,M,70,70.4,93.3,124,35.4,35.0,35.4,125,35.0,122,47.0,46.3,35.4 / 125,35.0 / 122
13740,NY,White/ Gray,M,70,68.7,91.0,120,34.7,34.0,34.7,119,34.0,121,45.8,45.2,34.7 / 119,34.0 / 121
13740,NY,Gray,M,70,65.1,86.2,114,32.6,32.5,32.6,115,32.5,112,43.3,42.9,32.6 / 115,32.5 / 112
13740,NY,White,F,70,76.2,107.2,132,38.1,38.1,38.1,130,38.1,133,53.4,53.8,38.1 / 130,38.1 / 133
13740,NY,Gray,F,70,70.3,97.9,117,35.1,35.2,35.1,117,35.2,117,48.9,49.0,35.1 / 117,35.2 / 117
6618,NY,Blue,M,72,72.9,97.9,135,36.5,36.4,36.5,136,36.4,133,49.1,48.8,36.5 / 136,36.4 / 133
6618,NY,White,M,72,70.4,94.3,129,35.4,35.0,35.4,130,35.0,127,47.5,46.8,35.4 / 130,35.0 / 127
6618,NY,Gold,M,72,67.4,90.0,122,34.0,33.4,34.0,123,33.4,121,45.4,44.6,34.0 / 123,33.4 / 121
6618,NY,Red,M,72,64.0,85.5,116,31.9,32.1,31.9,115,32.1,116,42.6,42.9,31.9 / 115,32.1 / 116
6618,NY,White,F,72,76.6,108.8,137,38.4,38.2,38.4,134,38.2,139,54.2,54.6,38.4 / 134,38.2 / 139
6618,NY,Gold,F,72,72.9,103.1,128,36.8,36.1,36.8,126,36.1,130,51.7,51.4,36.8 / 126,36.1 / 130
6618,NY,Red,F,72,68.8,97.5,122,34.3,34.5,34.3,119,34.5,125,48.3,49.2,34.3 / 119,34.5 / 125
6734,NY,BLUE,M,70,68.7,91.9,125,33.1,35.6,33.1,117,35.6,133,43.9,48.0,33.1 / 117,35.6 / 133
6734,NY,WHITE,M,70,67.3,88.8,116,32.4,34.9,32.4,109,34.9,123,42.5,46.3,32.4 / 109,34.9 / 123
6734,NY,GOLD,M,70,64.0,82.1,98,31.5,32.5,31.5,96,32.5,99,40.4,41.7,31.5 / 96,32.5 / 99
6734,NY,White,F,72,72.5,102.5,128,34.6,37.9,34.6,119,37.9,136,48.6,53.9,34.6 / 119,37.9 / 136
6734,NY,Gold,F,71,67.4,95.2,118,32.8,34.6,32.8,109,34.6,127,45.6,49.6,32.8 / 109,34.6 / 127
6734,NY,Red,F,71,66.8,93.6,114,32.6,34.2,32.6,105,34.2,122,45.0,48.6,32.6 / 105,34.2 / 122
13723,NY,Black,M,72,69.4,93.4,129,34.7,34.7,34.7,129,34.7,129,46.7,46.7,34.7 / 129,34.7 / 129
13723,NY,Blue,M,72,67.6,90.4,123,33.8,33.8,33.8,123,33.8,123,45.2,45.2,33.8 / 123,33.8 / 123
13723,NY,White,M,72,65.4,87.0,116,32.7,32.7,32.7,116,32.7,116,43.5,43.5,32.7 / 116,32.7 / 116
13723,NY,Red,M,70,62.8,83.8,113,31.4,31.4,31.4,113,31.4,113,41.9,41.9,31.4 / 113,31.4 / 113
13723,NY,White,F,72,70.2,99.0,122,35.1,35.1,35.1,122,35.1,122,49.5,49.5,35.1 / 122,35.1 / 122
13723,NY,Red,F,72,67.4,95.0,117,33.7,33.7,33.7,117,33.7,117,47.5,47.5,33.7 / 117,33.7 / 117
13722,NY,Black,M,72,72.6,96.6,129,36.3,36.3,36.3,131,36.3,127,48.5,48.1,36.3 / 131,36.3 / 127
13722,NY,Blue 2015,M,72,70.7,93.9,125,35.1,35.6,35.1,124,35.6,126,46.6,47.3,35.1 / 124,35.6 / 126
13722,NY,Blue,M,72,70.4,93.6,125,35.1,35.3,35.1,127,35.3,123,46.9,46.7,35.1 / 127,35.3 / 123
13722,NY,White,M,72,68.3,90.1,117,34.2,34.1,34.2,116,34.1,118,45.0,45.1,34.2 / 116,34.1 / 118
13722,NY,White/Red,M,72,66.6,87.7,114,33.4,33.2,33.4,113,33.2,114,43.9,43.8,33.4 / 113,33.2 / 114
13722,NY,Red,M,72,64.9,85.5,111,32.5,32.4,32.5,110,32.4,112,42.7,42.8,32.5 / 110,32.4 / 112
13722,NY,White,F,72,74.0,103.6,126,37.1,36.9,37.1,126,36.9,126,51.9,51.7,37.1 / 126,36.9 / 126
13722,NY,White/Red,F,72,71.8,100.4,121,36.1,35.7,36.1,121,35.7,121,50.4,50.0,36.1 / 121,35.7 / 121
13722,NY,Red,F,72,69.9,97.4,117,35.1,34.8,35.1,116,34.8,117,48.8,48.6,35.1 / 116,34.8 / 117
30467,NY,Blue,M,72,69.5,92.5,124,35.6,33.9,35.6,126,33.9,122,47.3,45.2,35.6 / 126,33.9 / 122
3761,NY,Blue,M,71,68.2,90.9,122,32.8,35.4,32.8,114,35.4,130,43.4,47.5,32.8 / 114,35.4 / 130
3761,NY,Orange,M,71,65.9,86.7,112,31.6,34.3,31.6,104,34.3,119,41.3,45.4,31.6 / 104,34.3 / 119
3761,NY,Green,M,71,63.4,82.1,101,30.8,32.6,30.8,99,32.6,102,40.0,42.1,30.8 / 99,32.6 / 102
3761,NY,Red,M,71,62.5,81.1,100,30.7,31.8,30.7,100,31.8,100,40.0,41.1,30.7 / 100,31.8 / 100
3761,NY,Blue,F,71,73.9,105.2,133,35.3,38.6,35.3,126,38.6,139,50.2,55.0,35.3 / 126,38.6 / 139
3761,NY,Orange,F,71,71.0,100.3,124,33.8,37.2,33.8,116,37.2,132,47.5,52.8,33.8 / 116,37.2 / 132
3761,NY,Green,F,71,67.3,93.6,112,32.2,35.1,32.2,104,35.1,119,44.5,49.1,32.2 / 104,35.1 / 119
3761,NY,Red,F,71,66.1,91.7,109,31.9,34.2,31.9,102,34.2,115,43.9,47.8,31.9 / 102,34.2 / 115
9311,NY,Gold,M,71,70.8,94.1,126,35.7,35.1,35.7,127,35.1,124,47.5,46.6,35.7 / 127,35.1 / 124
9311,NY,Blue/Gold,M,71,69.7,93.2,127,35.1,34.6,35.1,128,34.6,125,47.0,46.2,35.1 / 128,34.6 / 125
9311,NY,Blue,M,71,69.2,92.2,124,35.0,34.2,35.0,124,34.2,124,46.5,45.7,35.0 / 124,34.2 / 124
9311,NY,Blue/White,M,71,67.0,89.0,118,33.5,33.5,33.5,119,33.5,117,44.6,44.4,33.5 / 119,33.5 / 117
9311,NY,White,M,71,66.7,88.5,117,33.4,33.3,33.4,118,33.3,116,44.4,44.1,33.4 / 118,33.3 / 116
9311,NY,Red/White,M,71,65.7,87.0,115,33.3,32.4,33.3,117,32.4,112,44.2,42.8,33.3 / 117,32.4 / 112
9311,NY,Red,M,71,64.4,85.2,112,32.6,31.8,32.6,113,31.8,111,43.1,42.1,32.6 / 113,31.8 / 111
9311,NY,Red/Green,M,71,62.5,83.0,111,31.3,31.2,31.3,112,31.2,109,41.7,41.3,31.3 / 112,31.2 / 109
9311,NY,Gold,F,71,77.3,111.0,143,39.0,38.3,39.0,141,38.3,145,55.6,55.4,39.0 / 141,38.3 / 145
9311,NY,Blue/Gold,F,71,76.3,109.4,140,38.4,37.9,38.4,138,37.9,142,54.7,54.7,38.4 / 138,37.9 / 142
9311,NY,Blue,F,71,75.6,108.3,139,38.2,37.4,38.2,137,37.4,140,54.4,53.9,38.2 / 137,37.4 / 140
9311,NY,Blue/White,F,71,73.2,103.7,129,36.9,36.3,36.9,127,36.3,131,51.9,51.8,36.9 / 127,36.3 / 131
9311,NY,White,F,71,72.5,102.6,128,36.6,35.9,36.6,126,35.9,129,51.5,51.1,36.6 / 126,35.9 / 129
9311,NY,White/Red,F,71,71.6,101.1,125,36.5,35.1,36.5,127,35.1,123,51.5,49.6,36.5 / 127,35.1 / 123
9311,NY,Red,F,71,70.0,98.2,120,35.5,34.5,35.5,124,34.5,115,50.1,48.1,35.5 / 124,34.5 / 115
9311,NY,Red/Green,F,71,67.6,94.3,113,34.0,33.6,34.0,112,33.6,114,47.2,47.1,34.0 / 112,33.6 / 114
13730,NY,Blue,M,72,65.2,85.2,108,32.6,32.6,32.6,108,32.6,108,42.6,42.6,32.6 / 108,32.6 / 108
13730,NY,Blue/White,M,72,63.5,82.6,103,32.6,31.0,32.6,108,31.0,98,42.6,40.0,32.6 / 108,31.0 / 98
13730,NY,White,M,72,62.0,80.2,98,31.0,31.0,31.0,98,31.0,98,40.1,40.1,31.0 / 98,31.0 / 98
13730,NY,Red,M,72,60.4,77.4,91,30.2,30.2,30.2,91,30.2,91,38.7,38.7,30.2 / 91,30.2 / 91
13730,NY,Blue,F,72,70.8,99.6,122,35.4,35.4,35.4,122,35.4,122,49.8,49.8,35.4 / 122,35.4 / 122
13730,NY,White,F,72,67.2,94.6,116,33.6,33.6,33.6,116,33.6,116,47.3,47.3,33.6 / 116,33.6 / 116
13730,NY,White/Red,F,72,65.8,91.8,110,33.6,32.2,33.6,116,32.2,104,47.3,44.5,33.6 / 116,32.2 / 104
13730,NY,Red,F,72,64.4,89.0,104,32.2,32.2,32.2,104,32.2,104,44.5,44.5,32.2 / 104,32.2 / 104
13718,NY,Championship,M,70,70.8,95.5,134,36.2,34.6,36.2,133,34.6,134,48.5,47.0,36.2 / 133,34.6 / 134
13718,NY,Blue,M,70,70.2,94.5,132,35.8,34.4,35.8,132,34.4,131,48.0,46.5,35.8 / 132,34.4 / 131
13718,NY,Tournament,M,70,69.4,93.6,130,35.4,34.0,35.4,131,34.0,129,47.6,46.0,35.4 / 131,34.0 / 129
13718,NY,Tournament/White,M,70,67.7,90.9,125,34.9,32.8,34.9,126,32.8,124,46.6,44.3,34.9 / 126,32.8 / 124
13718,NY,White,M,70,66.4,89.2,123,34.4,32.0,34.4,124,32.0,122,45.9,43.3,34.4 / 124,32.0 / 122
13718,NY,Red,F,71,71.3,102.5,132,37.1,34.2,37.1,133,34.2,131,52.8,49.7,37.1 / 133,34.2 / 131
13718,NY,Red/Green Tournament,F,71,69.9,99.7,127,36.3,33.6,36.3,127,33.6,126,51.3,48.4,36.3 / 127,33.6 / 126
13718,NY,Red/Green,F,71,68.8,98.1,125,35.5,33.3,35.5,124,33.3,125,50.1,48.0,35.5 / 124,33.3 / 125
9302,NY,White,M,72,67.0,87.8,112,33.5,33.5,33.5,112,33.5,112,43.9,43.9,33.5 / 112,33.5 / 112
9302,NY,Red,F,72,68.0,94.0,110,34.0,34.0,34.0,110,34.0,110,47.0,47.0,34.0 / 110,34.0 / 110
3727,NY,Black,M,72,73.1,96.7,127,36.5,36.6,36.5,124,36.6,130,48.0,48.7,36.5 / 124,36.6 / 130
3727,NY,White,M,72,71.0,94.2,125,35.6,35.4,35.6,121,35.4,129,46.8,47.4,35.6 / 121,35.4 / 129
3727,NY,Brown,M,72,68.7,91.4,122,34.1,34.6,34.1,116,34.6,128,44.9,46.5,34.1 / 116,34.6 / 128
3727,NY,Red,M,72,65.7,86.8,114,33.1,32.6,33.1,109,32.6,118,43.2,43.6,33.1 / 109,32.6 / 118
3727,NY,Purple,M,72,62.9,82.8,107,31.8,31.1,31.8,103,31.1,111,41.4,41.4,31.8 / 103,31.1 / 111
3727,NY,Red,F,72,70.9,97.4,113,35.8,35.1,35.8,111,35.1,114,48.9,48.5,35.8 / 111,35.1 / 114
3727,NY,Purple,F,72,66.6,91.7,107,33.9,32.7,33.9,104,32.7,109,46.2,45.5,33.9 / 104,32.7 / 109
3856,NY,Blue,M,71,69.1,89.8,111,33.7,35.4,33.7,105,35.4,117,43.5,46.3,33.7 / 105,35.4 / 117
3856,NY,White,M,71,67.4,87.4,108,32.8,34.6,32.8,100,34.6,115,42.1,45.3,32.8 / 100,34.6 / 115
3856,NY,Red,M,71,64.6,83.1,100,31.6,33.0,31.6,94,33.0,105,40.3,42.8,31.6 / 94,33.0 / 105
3856,NY,Yellow,M,71,60.0,76.1,87,29.7,30.3,29.7,83,30.3,90,37.4,38.7,29.7 / 83,30.3 / 90
3856,NY,Red,F,71,69.5,95.1,109,34.0,35.5,34.0,108,35.5,109,46.7,48.4,34.0 / 108,35.5 / 109
3856,NY,Yellow,F,71,63.0,85.3,95,30.8,32.2,30.8,90,32.2,99,41.4,43.9,30.8 / 90,32.2 / 99
3298,NY,Black,M,72,72.2,97.8,138,36.1,36.1,36.1,139,36.1,137,49.0,48.8,36.1 / 139,36.1 / 137
3298,NY,Blue,M,72,71.0,96.1,135,35.5,35.5,35.5,137,35.5,133,48.2,47.9,35.5 / 137,35.5 / 133
3298,NY,White,M,72,69.2,92.9,128,34.9,34.3,34.9,129,34.3,126,46.9,46.0,34.9 / 129,34.3 / 126
3298,NY,Green,M,72,67.8,90.3,121,34.0,33.8,34.0,124,33.8,118,45.5,44.8,34.0 / 124,33.8 / 118
3298,NY,Green-Yellow,M,72,66.0,87.4,115,33.0,33.0,33.0,111,33.0,119,43.3,44.1,33.0 / 111,33.0 / 119
3298,NY,Yellow,M,72,63.3,83.7,110,31.4,31.9,31.4,110,31.9,110,41.6,42.1,31.4 / 110,31.9 / 110
3298,NY,White,F,72,75.0,106.8,135,38.0,37.0,38.0,131,37.0,138,53.5,53.3,38.0 / 131,37.0 / 138
3298,NY,Green,F,72,73.2,104.0,131,37.1,36.1,37.1,128,36.1,133,52.2,51.8,37.1 / 128,36.1 / 133
3298,NY,Green-Yellow,F,72,70.8,100.9,128,35.2,35.6,35.2,126,35.6,130,50.0,50.9,35.2 / 126,35.6 / 130
3298,NY,Yellow,F,72,67.0,95.0,119,33.2,33.8,33.2,117,33.8,120,47.0,48.0,33.2 / 117,33.8 / 120
24009,NY,Blue,M,70,70.2,93.6,126,34.6,35.6,34.6,119,35.6,132,45.7,47.9,34.6 / 119,35.6 / 132
24009,NY,White,M,70,67.6,90.2,122,33.4,34.2,33.4,115,34.2,128,44.1,46.1,33.4 / 115,34.2 / 128
24009,NY,Green,M,70,63.4,82.5,103,31.1,32.3,31.1,102,32.3,103,40.6,41.9,31.1 / 102,32.3 / 103
24009,NY,White,F,70,72.9,103.6,130,36.2,36.7,36.2,120,36.7,140,50.4,53.2,36.2 / 120,36.7 / 140
24009,NY,Green,F,70,67.6,95.2,117,33.2,34.4,33.2,109,34.4,125,46.1,49.1,33.2 / 109,34.4 / 125
3767,NY,Blue,M,70,66.8,87.9,114,33.1,33.7,33.1,119,33.7,108,44.2,43.7,33.1 / 119,33.7 / 108
3767,NY,White,M,70,64.8,84.4,106,31.8,33.0,31.8,107,33.0,104,41.7,42.7,31.8 / 107,33.0 / 104
3767,NY,Green,M,70,62.8,81.7,102,31.0,31.8,31.0,103,31.8,100,40.6,41.1,31.0 / 103,31.8 / 100
3767,NY,Green,F,70,66.6,91.7,107,32.7,33.9,32.7,111,33.9,102,45.8,45.9,32.7 / 111,33.9 / 102
13756,NY,Blue,M,72,70.7,95.4,133,35.4,35.3,35.4,133,35.3,132,47.8,47.6,35.4 / 133,35.3 / 132
13756,NY,White,M,72,68.8,92.6,128,34.4,34.4,34.4,128,34.4,128,46.3,46.3,34.4 / 128,34.4 / 128
13756,NY,Gold,M,72,64.4,85.4,113,32.2,32.2,32.2,113,32.2,113,42.7,42.7,32.2 / 113,32.2 / 113
13756,NY,Red,F,72,67.6,94.3,113,33.9,33.7,33.9,112,33.7,114,47.1,47.2,33.9 / 112,33.7 / 114
6903,NY,Blue,M,70,71.4,97.0,138,35.4,36.0,35.4,137,36.0,139,48.1,48.9,35.4 / 137,36.0 / 139
6903,NY,White,M,70,70.0,95.1,135,34.5,35.5,34.5,133,35.5,137,46.9,48.2,34.5 / 133,35.5 / 137
6903,NY,Silver,M,70,64.7,86.5,116,31.8,32.9,31.8,115,32.9,117,42.6,43.9,31.8 / 115,32.9 / 117
6903,NY,Red,M,70,63.7,85.0,115,31.2,32.5,31.2,113,32.5,116,41.7,43.3,31.2 / 113,32.5 / 116
6903,NY,White,F,70,73.9,104.0,127,36.8,37.1,36.8,122,37.1,132,51.3,52.7,36.8 / 122,37.1 / 132
6903,NY,Red,F,70,67.7,94.8,115,33.2,34.5,33.2,109,34.5,120,46.1,48.7,33.2 / 109,34.5 / 120
3749,NY,Blue,M,72,71.0,93.5,121,35.7,35.3,35.7,124,35.3,118,47.2,46.3,35.7 / 124,35.3 / 118
3749,NY,White,M,72,69.5,91.9,121,34.9,34.6,34.9,121,34.6,121,46.1,45.8,34.9 / 121,34.6 / 121
3749,NY,Yellow,M,72,65.5,85.6,109,32.9,32.6,32.9,109,32.6,108,43.0,42.6,32.9 / 109,32.6 / 108
3749,NY,Red,F,73,68.9,97.1,120,34.7,34.2,34.7,123,34.2,116,49.2,47.9,34.7 / 123,34.2 / 116
13719,NY,Blue,M,72,71.7,95.0,126,36.2,35.5,36.2,125,35.5,126,47.8,47.2,36.2 / 125,35.5 / 126
13719,NY,White,M,72,70.4,93.5,124,35.3,35.1,35.3,125,35.1,123,47.0,46.5,35.3 / 125,35.1 / 123
6631,NY,Black,M,72,72.4,98.2,139,35.2,37.2,35.2,139,37.2,139,48.1,50.1,35.2 / 139,37.2 / 139
6631,NY,Blue,M,72,70.8,95.9,135,34.0,36.8,34.0,132,36.8,138,46.3,49.6,34.0 / 132,36.8 / 138
6631,NY,White,M,71,66.2,89.2,124,31.5,34.7,31.5,119,34.7,128,42.6,46.6,31.5 / 119,34.7 / 128
6631,NY,Blue,F,72,77.4,110.9,142,37.0,40.4,37.0,137,40.4,147,53.2,57.7,37.0 / 137,40.4 / 147
6631,NY,White,F,72,71.9,102.6,131,34.0,37.9,34.0,125,37.9,136,48.7,53.9,34.0 / 125,37.9 / 136
13638,NY,Blue,M,72,68.1,90.9,123,34.1,34.0,34.1,122,34.0,124,45.4,45.5,34.1 / 122,34.0 / 124
13638,NY,White,M,72,67.0,89.1,119,33.4,33.6,33.4,116,33.6,122,44.2,44.9,33.4 / 116,33.6 / 122
13638,NY,Gold,M,72,64.0,84.3,110,32.0,32.0,32.0,108,32.0,111,42.0,42.3,32.0 / 108,32.0 / 111
13638,NY,Red,F,72,66.1,91.3,107,33.0,33.1,33.0,104,33.1,109,45.3,46.0,33.0 / 104,33.1 / 109
13780,NY,Blue,M,68,69.6,92.2,122,34.8,34.8,34.8,122,34.8,122,46.1,46.1,34.8 / 122,34.8 / 122
13780,NY,White,M,68,65.2,87.0,117,32.6,32.6,32.6,117,32.6,117,43.5,43.5,32.6 / 117,32.6 / 117
13780,NY,Red,M,68,62.6,83.0,110,31.3,31.3,31.3,110,31.3,110,41.5,41.5,31.3 / 110,31.3 / 110
13780,NY,Blue,F,68,73.8,103.4,126,36.9,36.9,36.9,126,36.9,126,51.7,51.7,36.9 / 126,36.9 / 126
13780,NY,White,F,68,70.6,98.6,119,35.3,35.3,35.3,119,35.3,119,49.3,49.3,35.3 / 119,35.3 / 119
13780,NY,Red,F,68,67.2,93.4,111,33.6,33.6,33.6,111,33.6,111,46.7,46.7,33.6 / 111,33.6 / 111
13774,NY,Black,M,71,71.0,95.3,131,36.9,34.1,36.9,133,34.1,128,49.3,46.0,36.9 / 133,34.1 / 128
13774,NY,Blue,M,71,69.3,93.0,128,35.9,33.4,35.9,130,33.4,125,48.0,45.0,35.9 / 130,33.4 / 125
13774,NY,White,M,71,67.7,90.9,125,35.3,32.4,35.3,127,32.4,123,47.1,43.8,35.3 / 127,32.4 / 123
13774,NY,Green,M,71,64.5,86.1,117,32.8,31.7,32.8,126,31.7,107,44.5,41.6,32.8 / 126,31.7 / 107
13774,NY,White,F,71,72.9,104.4,134,38.2,34.7,38.2,137,34.7,130,54.4,50.0,38.2 / 137,34.7 / 130
13774,NY,Green,F,71,68.4,96.7,120,35.1,33.3,35.1,125,33.3,115,49.8,46.9,35.1 / 125,33.3 / 115
15006,NY,Blue,M,70,69.2,91.0,117,34.6,34.6,34.6,117,34.6,117,45.5,45.5,34.6 / 117,34.6 / 117
15006,NY,White,M,70,68.0,89.4,115,34.0,34.0,34.0,115,34.0,115,44.7,44.7,34.0 / 115,34.0 / 115
15006,NY,Red,M,70,62.6,82.6,108,31.3,31.3,31.3,108,31.3,108,41.3,41.3,31.3 / 108,31.3 / 108
15006,NY,White,F,35,36.7,50.5,117,36.7,,36.7,117,,,50.5,,36.7 / 117,/
15006,NY,Red,F,35,34.8,48.1,113,34.8,,34.8,113,,,48.1,,34.8 / 113,/
6576,NY,Blue,M,71,70.1,92.5,120,34.6,35.5,34.6,117,35.5,123,45.6,46.9,34.6 / 117,35.5 / 123
6576,NY,White,M,71,68.7,90.5,117,34.0,34.7,34.0,115,34.7,119,44.7,45.8,34.0 / 115,34.7 / 119
6576,NY,Red,M,71,64.1,85.0,112,31.3,32.8,31.3,108,32.8,116,41.4,43.6,31.3 / 108,32.8 / 116
6576,NY,White,F,71,74.0,102.5,121,36.7,37.3,36.7,117,37.3,125,50.5,52.0,36.7 / 117,37.3 / 125
6576,NY,Red,F,71,70.2,97.5,116,34.8,35.4,34.8,113,35.4,118,48.2,49.3,34.8 / 113,35.4 / 118
15007,NY,Blue,M,72,71.0,93.6,123,35.5,35.5,35.5,123,35.5,123,46.8,46.8,35.5 / 123,35.5 / 123
15007,NY,White,M,72,69.4,91.6,119,34.7,34.7,34.7,119,34.7,119,45.8,45.8,34.7 / 119,34.7 / 119
15007,NY,Red,M,72,65.4,87.0,116,32.7,32.7,32.7,116,32.7,116,43.5,43.5,32.7 / 116,32.7 / 116
15007,NY,White,F,36,37.3,52.2,125,37.3,,37.3,125,,,52.2,,37.3 / 125,/
15007,NY,Red,F,36,35.4,49.3,118,35.4,,35.4,118,,,49.3,,35.4 / 118,/
15005,NY,Blue,M,72,69.4,91.6,119,34.7,34.7,34.7,119,34.7,119,45.8,45.8,34.7 / 119,34.7 / 119
15005,NY,White,M,72,68.2,90.0,116,34.1,34.1,34.1,116,34.1,116,45.0,45.0,34.1 / 116,34.1 / 116
15005,NY,Red,M,72,65.4,86.4,113,32.7,32.7,32.7,113,32.7,113,43.2,43.2,32.7 / 113,32.7 / 113
15005,NY,White,F,36,37.0,51.7,125,37.0,,37.0,125,,,51.7,,37.0 / 125,/
15005,NY,Red,F,36,35.1,49.1,118,35.1,,35.1,118,,,49.1,,35.1 / 118,/
6574,NY,Blue,M,71,69.3,91.3,118,34.7,34.6,34.7,119,34.6,117,45.8,45.5,34.7 / 119,34.6 / 117
6574,NY,White,M,71,68.1,89.5,116,34.1,34.0,34.1,116,34.0,115,44.9,44.6,34.1 / 116,34.0 / 115
6574,NY,Red,M,71,64.0,84.5,111,32.7,31.3,32.7,113,31.3,108,43.2,41.3,32.7 / 113,31.3 / 108
6574,NY,White,F,71,73.7,102.2,121,37.0,36.7,37.0,125,36.7,117,51.7,50.5,37.0 / 125,36.7 / 117
6574,NY,Red,F,71,69.9,97.1,116,35.1,34.8,35.1,118,34.8,113,49.0,48.1,35.1 / 118,34.8 / 113
6575,NY,Blue,M,72,70.2,92.7,121,34.7,35.5,34.7,119,35.5,123,45.8,46.9,34.7 / 119,35.5 / 123
6575,NY,White,M,72,68.8,90.7,118,34.1,34.7,34.1,116,34.7,119,44.9,45.8,34.1 / 116,34.7 / 119
6575,NY,Red,M,72,65.4,86.7,115,32.7,32.7,32.7,113,32.7,116,43.2,43.5,32.7 / 113,32.7 / 116
6575,NY,White,F,72,74.3,103.7,125,37.0,37.3,37.0,125,37.3,125,51.7,52.0,37.0 / 125,37.3 / 125
6575,NY,Red,F,72,70.5,98.3,118,35.1,35.4,35.1,118,35.4,118,49.0,49.3,35.1 / 118,35.4 / 118
6635,NY,Black,M,70,73.7,98.6,134,37.3,36.4,37.3,140,36.4,128,50.3,48.3,37.3 / 140,36.4 / 128
6635,NY,Blue,M,71,72.6,97.1,132,36.7,35.9,36.7,138,35.9,126,49.5,47.6,36.7 / 138,35.9 / 126
6635,NY,Blue/White,M,71,71.2,95.0,129,36.0,35.2,36.0,134,35.2,124,48.5,46.7,36.0 / 134,35.2 / 124
6635,NY,White,M,71,70.2,94.0,128,35.2,35.0,35.2,133,35.0,123,47.6,46.4,35.2 / 133,35.0 / 123
6635,NY,Gold,M,71,68.6,91.7,124,34.5,34.1,34.5,130,34.1,118,46.6,45.1,34.5 / 130,34.1 / 118
6635,NY,Short Course,M,72,60.5,80.6,108,30.4,30.1,30.4,113,30.1,103,40.9,39.7,30.4 / 113,30.1 / 103
6635,NY,White,F,73,75.9,108.3,137,38.0,37.9,38.0,137,37.9,137,54.2,54.1,38.0 / 137,37.9 / 137
6635,NY,Gold,F,72,73.9,105.1,132,37.1,36.8,37.1,132,36.8,132,52.7,52.4,37.1 / 132,36.8 / 132
6635,NY,Gold/Red,F,72,72.4,103.0,130,36.3,36.1,36.3,131,36.1,129,51.7,51.3,36.3 / 131,36.1 / 129
6635,NY,Red,F,72,70.9,100.8,127,35.5,35.4,35.5,129,35.4,125,50.7,50.1,35.5 / 129,35.4 / 125
6635,NY,Short Course,F,72,63.5,89.5,110,31.7,31.8,31.7,111,31.8,109,44.8,44.7,31.7 / 111,31.8 / 109
14953,NY,Black,M,72,72.2,96.7,132,36.3,35.9,36.3,128,35.9,136,48.2,48.5,36.3 / 128,35.9 / 136
14953,NY,Green,M,72,70.0,93.1,125,35.1,34.9,35.1,126,34.9,123,46.8,46.3,35.1 / 126,34.9 / 123
14953,NY,Gold,M,72,65.7,86.3,111,33.0,32.7,33.0,111,32.7,111,43.3,43.0,33.0 / 111,32.7 / 111
14953,NY,Red,F,72,68.4,94.8,112,34.6,33.8,34.6,114,33.8,110,48.0,46.8,34.6 / 114,33.8 / 110
6803,NY,Blue,M,72,73.1,96.9,128,37.3,35.8,37.3,128,35.8,128,49.2,47.7,37.3 / 128,35.8 / 128
6803,NY,White,M,72,70.6,93.4,123,36.0,34.6,36.0,122,34.6,123,47.3,46.1,36.0 / 122,34.6 / 123
6803,NY,Gold,M,72,68.4,90.6,119,34.8,33.6,34.8,125,33.6,112,46.5,44.1,34.8 / 125,33.6 / 112
6803,NY,Red,M,72,63.9,83.1,104,33.0,30.9,33.0,110,30.9,97,43.2,39.9,33.0 / 110,30.9 / 97
6803,NY,Gold,F,72,74.4,104.3,127,37.9,36.5,37.9,126,36.5,128,52.7,51.6,37.9 / 126,36.5 / 128
6803,NY,Red,F,72,70.7,98.7,119,35.9,34.8,35.9,118,34.8,120,49.8,48.9,35.9 / 118,34.8 / 120
3750,NY,Blue,M,71,71.5,95.6,130,35.2,36.3,35.2,125,36.3,135,46.8,48.8,35.2 / 125,36.3 / 135
3750,NY,White,M,71,69.7,92.0,120,34.4,35.3,34.4,116,35.3,124,45.2,46.8,34.4 / 116,35.3 / 124
3750,NY,Gold,M,71,66.5,87.6,114,32.4,34.1,32.4,111,34.1,116,42.7,44.9,32.4 / 111,34.1 / 116
3750,NY,Red,F,72,71.5,100.8,124,34.7,36.8,34.7,122,36.8,126,49.1,51.7,34.7 / 122,36.8 / 126
3345,NY,Blue,M,71,69.4,91.2,118,34.2,35.2,34.2,111,35.2,124,44.5,46.7,34.2 / 111,35.2 / 124
3345,NY,White,M,71,68.5,89.1,111,33.7,34.8,33.7,104,34.8,117,43.4,45.7,33.7 / 104,34.8 / 117
3345,NY,Gold,M,71,64.1,83.2,103,31.7,32.4,31.7,103,32.4,102,41.3,41.9,31.7 / 103,32.4 / 102
3345,NY,White,F,72,74.1,104.4,129,36.3,37.8,36.3,119,37.8,138,50.3,54.1,36.3 / 119,37.8 / 138
3345,NY,Red,F,72,68.8,94.0,107,34.1,34.7,34.1,107,34.7,107,46.7,47.3,34.1 / 107,34.7 / 107
31172,NY,Blue,M,70,66.6,88.2,116,33.2,33.4,33.2,117,33.4,115,44.1,44.1,33.2 / 117,33.4 / 115
31172,NY,White,M,70,65.7,86.0,110,32.7,33.0,32.7,108,33.0,111,42.7,43.3,32.7 / 108,33.0 / 111
31172,NY,Gold,M,70,63.0,81.5,100,31.6,31.4,31.6,103,31.4,96,41.2,40.3,31.6 / 103,31.4 / 96
31172,NY,Gold,F,70,66.9,93.1,112,33.5,33.4,33.5,109,33.4,114,46.3,46.8,33.5 / 109,33.4 / 114
31172,NY,Red,F,70,65.0,90.2,107,32.4,32.6,32.4,109,32.6,104,45.3,44.9,32.4 / 109,32.6 / 104
24027,NY,Blue,M,72,68.7,90.8,119,34.6,34.1,34.6,116,34.1,122,45.4,45.4,34.6 / 116,34.1 / 122
24027,NY,White,M,72,67.7,88.8,114,34.1,33.6,34.1,109,33.6,118,44.2,44.6,34.1 / 109,33.6 / 118
24027,NY,Gold,M,72,64.4,83.5,103,32.1,32.3,32.1,100,32.3,105,41.4,42.1,32.1 / 100,32.3 / 105
24027,NY,Red,M,72,63.6,82.3,101,31.7,31.9,31.7,99,31.9,102,40.9,41.4,31.7 / 99,31.9 / 102
24027,NY,White,F,72,73.4,103.1,126,36.8,36.6,36.8,128,36.6,124,51.9,51.2,36.8 / 128,36.6 / 124
24027,NY,Gold,F,72,68.8,96.2,116,34.5,34.3,34.5,110,34.3,122,47.5,48.7,34.5 / 110,34.3 / 122
24027,NY,Red,F,72,68.1,94.3,111,34.1,34.0,34.1,106,34.0,116,46.6,47.7,34.1 / 106,34.0 / 116
13734,NY,Black,M,72,73.8,98.4,133,36.9,36.9,36.9,130,36.9,135,49.0,49.4,36.9 / 130,36.9 / 135
13734,NY,Green,M,72,71.6,95.0,126,35.9,35.7,35.9,123,35.7,129,47.3,47.7,35.9 / 123,35.7 / 129
13734,NY,Gold,M,72,68.6,91.4,123,34.7,33.9,34.7,125,33.9,121,46.3,45.1,34.7 / 125,33.9 / 121
13734,NY,Senior,M,72,62.5,81.5,102,31.3,31.2,31.3,103,31.2,101,40.9,40.6,31.3 / 103,31.2 / 101
27050,NY,White,M,35,32.0,41.7,104,32.0,,32.0,104,,,41.7,,32.0 / 104,/
27050,NY,Red,F,35,32.7,44.7,102,32.7,,32.7,102,,,44.7,,32.7 / 102,/
3308,NY,Blue,M,72,68.7,90.4,117,33.9,34.8,33.9,116,34.8,117,44.7,45.7,33.9 / 116,34.8 / 117
3308,NY,White,M,72,67.3,88.4,114,33.4,33.9,33.4,115,33.9,112,44.1,44.3,33.4 / 115,33.9 / 112
3308,NY,Gold,M,72,64.5,84.3,107,32.5,32.0,32.5,108,32.0,105,42.5,41.8,32.5 / 108,32.0 / 105
3308,NY,Red,M,72,63.7,82.9,103,32.1,31.6,32.1,104,31.6,102,41.8,41.1,32.1 / 104,31.6 / 102
3308,NY,White,F,72,72.5,102.6,128,36.2,36.3,36.2,132,36.3,123,51.8,50.8,36.2 / 132,36.3 / 123
3308,NY,Gold,F,72,69.2,97.3,120,34.7,34.5,34.7,119,34.5,120,48.7,48.6,34.7 / 119,34.5 / 120
3308,NY,Red,F,72,68.6,95.8,115,34.4,34.2,34.4,116,34.2,114,48.1,47.7,34.4 / 116,34.2 / 114
3307,NY,Blue,M,72,69.3,91.3,118,34.8,34.5,34.8,117,34.5,119,45.7,45.6,34.8 / 117,34.5 / 119
3307,NY,White,M,72,67.8,88.9,114,33.9,33.9,33.9,112,33.9,115,44.3,44.6,33.9 / 112,33.9 / 115
3307,NY,Gold,M,72,64.2,83.8,105,32.0,32.2,32.0,105,32.2,105,41.8,42.0,32.0 / 105,32.2 / 105
3307,NY,Red,M,72,63.4,82.5,103,31.6,31.8,31.6,102,31.8,103,41.1,41.4,31.6 / 102,31.8 / 103
3307,NY,White,F,72,72.8,101.2,121,36.3,36.5,36.3,123,36.5,118,50.8,50.4,36.3 / 123,36.5 / 118
3307,NY,Gold,F,72,69.3,97.2,119,34.5,34.8,34.5,120,34.8,117,48.6,48.6,34.5 / 120,34.8 / 117
3307,NY,Red,F,72,68.5,95.7,115,34.2,34.3,34.2,114,34.3,116,47.7,48.0,34.2 / 114,34.3 / 116
3306,NY,Blue,M,72,68.4,90.3,118,34.5,33.9,34.5,119,33.9,116,45.6,44.7,34.5 / 119,33.9 / 116
3306,NY,White,M,72,67.3,88.7,115,33.9,33.4,33.9,115,33.4,115,44.6,44.1,33.9 / 115,33.4 / 115
3306,NY,Gold,M,72,64.7,84.5,107,32.2,32.5,32.2,105,32.5,108,42.0,42.5,32.2 / 105,32.5 / 108
3306,NY,Red,M,72,63.9,83.2,104,31.8,32.1,31.8,103,32.1,104,41.4,41.8,31.8 / 103,32.1 / 104
3306,NY,White,F,72,72.7,102.2,125,36.5,36.2,36.5,118,36.2,132,50.4,51.8,36.5 / 118,36.2 / 132
3306,NY,Gold,F,72,69.5,97.3,118,34.8,34.7,34.8,117,34.7,119,48.6,48.7,34.8 / 117,34.7 / 119
3306,NY,Red,F,72,68.7,96.1,116,34.3,34.4,34.3,116,34.4,116,48.0,48.1,34.3 / 116,34.4 / 116
3850,NY,Ross Championship,M,70,72.6,97.8,136,36.3,36.3,36.3,139,36.3,132,49.2,48.6,36.3 / 139,36.3 / 132
3850,NY,Blue,M,70,71.9,96.7,134,36.0,35.9,36.0,137,35.9,130,48.7,48.0,36.0 / 137,35.9 / 130
3850,NY,White,M,70,70.0,94.7,133,35.1,34.9,35.1,132,34.9,133,47.4,47.3,35.1 / 132,34.9 / 133
3850,NY,Gold,M,72,66.4,89.5,125,33.9,32.5,33.9,128,32.5,121,45.8,43.7,33.9 / 128,32.5 / 121
3850,NY,Red,M,72,64.8,86.2,116,32.9,31.9,32.9,121,31.9,110,44.1,42.1,32.9 / 121,31.9 / 110
3850,NY,Orange,M,72,62.3,82.5,109,31.3,31.0,31.3,108,31.0,110,41.3,41.2,31.3 / 108,31.0 / 110
3850,NY,White,F,72,76.8,109.9,140,38.4,38.4,38.4,138,38.4,142,54.7,55.2,38.4 / 138,38.4 / 142
3850,NY,Gold,F,72,72.0,102.2,129,36.7,35.3,36.7,131,35.3,126,52.1,50.1,36.7 / 131,35.3 / 126
3850,NY,Red,F,72,69.9,99.9,127,35.5,34.4,35.5,132,34.4,122,51.1,48.8,35.5 / 132,34.4 / 122
3850,NY,Orange,F,72,66.7,94.6,119,33.5,33.2,33.5,120,33.2,117,47.6,47.0,33.5 / 120,33.2 / 117
6788,NY,Checkered,M,72,76.4,103.8,148,38.7,37.7,38.7,145,37.7,150,52.2,51.6,38.7 / 145,37.7 / 150
6788,NY,Black,M,72,74.0,100.5,143,37.5,36.5,37.5,141,36.5,144,50.6,49.9,37.5 / 141,36.5 / 144
6788,NY,Blue,M,72,71.1,96.4,136,35.9,35.2,35.9,139,35.2,133,48.8,47.6,35.9 / 139,35.2 / 133
6788,NY,White,M,72,68.3,92.4,130,34.5,33.8,34.5,133,33.8,126,46.9,45.5,34.5 / 133,33.8 / 126
6788,NY,Red/White,M,72,66.4,89.9,127,33.2,33.2,33.2,128,33.2,125,45.1,44.8,33.2 / 128,33.2 / 125
6788,NY,White,F,72,73.9,104.8,131,37.1,36.8,37.1,131,36.8,131,52.6,52.2,37.1 / 131,36.8 / 131
6788,NY,Red/White,F,72,71.4,100.7,125,35.3,36.1,35.3,123,36.1,126,49.8,50.9,35.3 / 123,36.1 / 126
6788,NY,Red,F,72,70.0,98.7,122,35.1,34.9,35.1,121,34.9,122,49.4,49.3,35.1 / 121,34.9 / 122
6688,NY,Silver,M,70,73.0,99.2,142,36.6,36.4,36.6,143,36.4,141,49.8,49.4,36.6 / 143,36.4 / 141
6688,NY,Silver/Red,M,70,71.7,97.2,139,35.9,35.8,35.9,141,35.8,136,48.9,48.3,35.9 / 141,35.8 / 136
6688,NY,Red,M,70,70.4,95.7,136,35.2,35.2,35.2,140,35.2,132,48.2,47.5,35.2 / 140,35.2 / 132
6688,NY,Red/Blue,M,70,69.5,94.5,134,34.9,34.6,34.9,138,34.6,130,47.7,46.8,34.9 / 138,34.6 / 130
6688,NY,Blue,M,70,68.3,92.6,131,34.1,34.2,34.1,132,34.2,129,46.4,46.2,34.1 / 132,34.2 / 129
6688,NY,Blue/White,M,70,66.9,90.6,128,33.3,33.6,33.3,129,33.6,126,45.3,45.3,33.3 / 129,33.6 / 126
6688,NY,White,M,70,65.8,88.8,125,32.8,33.0,32.8,126,33.0,124,44.4,44.4,32.8 / 126,33.0 / 124
6688,NY,Green,M,69,63.9,86.4,121,31.7,32.2,31.7,123,32.2,119,43.1,43.3,31.7 / 123,32.2 / 119
6688,NY,Silver,F,70,79.6,113.7,145,39.9,39.7,39.9,145,39.7,144,57.0,56.7,39.9 / 145,39.7 / 144
6688,NY,Silver/Red,F,70,78.3,111.8,142,39.1,39.2,39.1,142,39.2,142,55.9,55.9,39.1 / 142,39.2 / 142
6688,NY,Red,F,70,77.0,109.8,139,38.5,38.5,38.5,140,38.5,138,55.0,54.8,38.5 / 140,38.5 / 138
6688,NY,Red/Blue,F,70,75.9,108.0,137,38.1,37.8,38.1,137,37.8,135,54.3,53.7,38.1 / 137,37.8 / 135
6688,NY,Blue,F,70,74.6,106.2,134,37.3,37.3,37.3,134,37.3,134,53.1,53.1,37.3 / 134,37.3 / 134
6688,NY,Blue/White,F,70,72.8,103.5,130,36.3,36.5,36.3,130,36.5,130,51.6,51.9,36.3 / 130,36.5 / 130
6688,NY,White,F,70,70.0,100.9,127,34.9,35.1,34.9,126,35.1,127,49.8,50.1,34.9 / 126,35.1 / 127
6688,NY,Green,F,70,67.8,97.6,123,33.7,34.1,33.7,125,34.1,120,48.4,48.3,33.7 / 125,34.1 / 120
13713,NY,Blue,M,70,65.8,86.4,110,32.9,32.9,32.9,110,32.9,110,43.2,43.2,32.9 / 110,32.9 / 110
13713,NY,White,M,72,65.6,85.6,107,32.8,32.8,32.8,107,32.8,107,42.8,42.8,32.8 / 107,32.8 / 107
6796,NY,Blue,M,72,72.2,96.4,131,36.4,35.8,36.4,130,35.8,131,48.5,47.9,36.4 / 130,35.8 / 131
6796,NY,White,M,72,70.4,94.0,127,35.3,35.1,35.3,125,35.1,129,46.9,47.1,35.3 / 125,35.1 / 129
6796,NY,Gold,M,72,68.5,91.2,123,34.4,34.1,34.4,121,34.1,124,45.6,45.6,34.4 / 121,34.1 / 124
6796,NY,Gold,F,72,74.3,105.6,133,37.2,37.1,37.2,132,37.1,133,52.8,52.8,37.2 / 132,37.1 / 133
6796,NY,Red,F,72,70.2,99.5,125,35.1,35.1,35.1,123,35.1,126,49.6,49.9,35.1 / 123,35.1 / 126
3667,NY,Blue,M,72,68.7,91.0,120,35.8,32.9,35.8,125,32.9,115,47.4,43.6,35.8 / 125,32.9 / 115
3667,NY,White,M,72,66.7,87.3,111,34.6,32.1,34.6,117,32.1,104,45.5,41.8,34.6 / 117,32.1 / 104
3667,NY,Yellow,M,72,63.8,82.2,99,32.8,31.0,32.8,102,31.0,96,42.3,39.9,32.8 / 102,31.0 / 96
3667,NY,Red,M,72,61.9,79.5,95,31.9,30.0,31.9,102,30.0,87,41.4,38.1,31.9 / 102,30.0 / 87
3667,NY,White,F,72,71.9,102.1,129,37.8,34.1,37.8,131,34.1,126,53.2,48.9,37.8 / 131,34.1 / 126
3667,NY,Yellow,F,72,68.0,94.4,112,35.5,32.5,35.5,118,32.5,106,49.4,45.0,35.5 / 118,32.5 / 106
3667,NY,Red,F,72,65.5,88.0,95,34.4,31.1,34.4,104,31.1,86,46.7,41.3,34.4 / 104,31.1 / 86
13729,NY,Amethyst,M,60,59.7,77.7,97,29.7,30.0,29.7,96,30.0,98,38.6,39.1,29.7 / 96,30.0 / 98
13729,NY,Jade,M,60,58.3,76.1,95,28.9,29.4,28.9,94,29.4,96,37.7,38.4,28.9 / 94,29.4 / 96
13729,NY,Jade,F,60,60.0,81.6,92,30.0,30.0,30.0,92,30.0,92,40.8,40.8,30.0 / 92,30.0 / 92
13729,NY,Onyx,F,59,57.1,77.1,85,28.6,28.5,28.6,88,28.5,81,39.0,38.1,28.6 / 88,28.5 / 81
35506,NY,Championship,M,72,76.1,104.2,152,37.8,38.3,37.8,150,38.3,153,51.7,52.5,37.8 / 150,38.3 / 153
35506,NY,I,M,72,73.8,101.2,148,36.8,37.0,36.8,146,37.0,149,50.4,50.8,36.8 / 146,37.0 / 149
35506,NY,I/II,M,72,72.5,99.3,145,36.2,36.3,36.2,143,36.3,146,49.5,49.8,36.2 / 143,36.3 / 146
35506,NY,II,M,72,71.7,98.1,142,35.7,36.0,35.7,141,36.0,143,48.8,49.3,35.7 / 141,36.0 / 143
35506,NY,III,M,72,69.0,94.1,136,34.5,34.5,34.5,135,34.5,136,47.0,47.1,34.5 / 135,34.5 / 136
35506,NY,IV,M,70,65.7,89.6,129,32.8,32.9,32.8,128,32.9,129,44.7,44.9,32.8 / 128,32.9 / 129
35506,NY,III,F,72,74.0,106.5,138,37.0,37.0,37.0,137,37.0,138,53.2,53.3,37.0 / 137,37.0 / 138
35506,NY,IV,F,72,69.9,99.9,128,34.9,35.0,34.9,124,35.0,131,49.5,50.4,34.9 / 124,35.0 / 131
3360,NY,Championship,M,72,75.6,102.3,144,38.0,37.6,38.0,146,37.6,141,51.6,50.7,38.0 / 146,37.6 / 141
3360,NY,Blue,M,72,72.4,97.9,138,36.4,36.0,36.4,135,36.0,140,48.9,49.0,36.4 / 135,36.0 / 140
3360,NY,White,M,72,70.2,94.2,129,34.9,35.3,34.9,133,35.3,125,47.3,46.9,34.9 / 133,35.3 / 125
3360,NY,Gold,M,72,66.9,88.8,118,33.1,33.8,33.1,118,33.8,117,44.1,44.7,33.1 / 118,33.8 / 117
3360,NY,Green,M,72,64.4,85.8,115,31.8,32.6,31.8,113,32.6,117,42.3,43.5,31.8 / 113,32.6 / 117
3360,NY,White,F,72,76.0,109.3,141,37.7,38.3,37.7,139,38.3,143,54.1,55.2,37.7 / 139,38.3 / 143
3360,NY,Gold,F,72,71.9,102.8,131,35.5,36.4,35.5,128,36.4,134,50.6,52.2,35.5 / 128,36.4 / 134
3360,NY,Green,F,72,69.5,98.6,124,34.1,35.4,34.1,125,35.4,122,48.8,49.8,34.1 / 125,35.4 / 122
9326,NY,Blue,M,72,74.2,99.3,135,37.3,36.9,37.3,141,36.9,129,50.4,48.9,37.3 / 141,36.9 / 129
9326,NY,White,M,72,71.6,95.4,128,35.9,35.7,35.9,131,35.7,125,48.1,47.3,35.9 / 131,35.7 / 125
9326,NY,White/Gold,M,72,70.0,93.5,127,35.1,34.9,35.1,131,34.9,122,47.3,46.2,35.1 / 131,34.9 / 122
9326,NY,Gold,M,72,68.1,90.8,123,34.3,33.8,34.3,123,33.8,122,45.7,45.1,34.3 / 123,33.8 / 122
9326,NY,Gold / Red,M,72,66.4,87.6,114,33.4,33.0,33.4,110,33.0,118,43.6,44.0,33.4 / 110,33.0 / 118
9326,NY,Red,M,72,65.3,85.5,109,33.0,32.3,33.0,107,32.3,111,42.9,42.6,33.0 / 107,32.3 / 111
9326,NY,Gold,F,72,74.0,104.2,128,37.3,36.7,37.3,129,36.7,127,52.5,51.7,37.3 / 129,36.7 / 127
9326,NY,Gold / Red,F,72,71.8,101.3,126,35.9,35.9,35.9,125,35.9,126,50.6,50.7,35.9 / 125,35.9 / 126
9326,NY,Red,F,72,70.1,98.8,122,35.2,34.9,35.2,121,34.9,122,49.5,49.3,35.2 / 121,34.9 / 122
6753,NY,5 Black,M,72,73.5,97.8,134,36.2,37.2,36.2,135,37.2,133,48.7,49.6,36.2 / 135,37.2 / 133
6753,NY,4 Blue,M,72,72.0,95.6,130,35.5,36.5,35.5,132,36.5,128,47.8,48.4,35.5 / 132,36.5 / 128
6753,NY,Combo,M,72,70.7,94.1,127,35.0,35.7,35.0,127,35.7,126,46.8,47.3,35.0 / 127,35.7 / 126
6753,NY,3 White,M,72,69.9,93.2,126,34.4,35.5,34.4,126,35.5,125,46.1,47.1,34.4 / 126,35.5 / 125
6753,NY,2 Gold,M,72,67.6,90.1,121,33.9,33.7,33.9,124,33.7,118,45.4,44.7,33.9 / 124,33.7 / 118
6753,NY,1 Red,M,72,65.8,87.4,116,32.7,33.1,32.7,118,33.1,114,43.7,43.7,32.7 / 118,33.1 / 114
6753,NY,3 White,F,72,75.1,106.2,132,37.0,38.1,37.0,132,38.1,131,52.7,53.5,37.0 / 132,38.1 / 131
6753,NY,2 Gold,F,72,72.5,102.9,129,36.4,36.1,36.4,130,36.1,129,51.7,51.2,36.4 / 130,36.1 / 129
6753,NY,1 Red,F,72,70.3,99.4,123,35.1,35.2,35.1,125,35.2,122,49.7,49.7,35.1 / 125,35.2 / 122
35392,NY,Center,M,54,52.8,67.4,79,26.4,26.4,26.4,79,26.4,79,33.7,33.7,26.4 / 79,26.4 / 79
35392,NY,Center,F,54,55.4,76.4,89,27.7,27.7,27.7,89,27.7,89,38.2,38.2,27.7 / 89,27.7 / 89
14980,NY,White,M,35,33.0,43.1,109,33.0,,33.0,109,,,43.1,,33.0 / 109,/
14980,NY,Red,M,35,32.2,42.2,108,32.2,,32.2,108,,,42.2,,32.2 / 108,/
14980,NY,White,F,35,35.1,49.4,121,35.1,,35.1,121,,,49.4,,35.1 / 121,/
14980,NY,Red,F,35,34.5,47.9,114,34.5,,34.5,114,,,47.9,,34.5 / 114,/
20798,NY,M,M,72,75.8,102.3,143,38.0,37.8,38.0,140,37.8,145,51.0,51.3,38.0 / 140,37.8 / 145
20798,NY,V,M,72,73.5,99.2,139,36.7,36.8,36.7,136,36.8,141,49.3,49.9,36.7 / 136,36.8 / 141
20798,NY,IV,M,72,71.8,96.4,133,36.0,35.8,36.0,129,35.8,136,48.0,48.4,36.0 / 129,35.8 / 136
20798,NY,III,M,72,69.1,92.9,128,34.5,34.6,34.5,125,34.6,131,46.1,46.8,34.5 / 125,34.6 / 131
20798,NY,II,M,72,67.0,89.9,123,33.4,33.6,33.4,118,33.6,128,44.4,45.5,33.4 / 118,33.6 / 128
20798,NY,I,M,72,65.4,87.8,121,32.8,32.6,32.8,117,32.6,124,43.7,44.1,32.8 / 117,32.6 / 124
20798,NY,III,F,72,74.9,105.9,132,37.4,37.5,37.4,129,37.5,134,52.6,53.3,37.4 / 129,37.5 / 134
20798,NY,II,F,72,72.3,102.0,126,35.9,36.4,35.9,123,36.4,129,50.4,51.6,35.9 / 123,36.4 / 129
20798,NY,I,F,72,70.4,99.6,124,35.3,35.1,35.3,120,35.1,127,49.5,50.1,35.3 / 120,35.1 / 127
23577,NY,Blue,M,35,34.1,46.1,129,34.1,,34.1,129,,,46.1,,34.1 / 129,/
23577,NY,White,M,35,33.7,45.2,124,33.7,,33.7,124,,,45.2,,33.7 / 124,/
23577,NY,Yellow,M,35,32.1,42.4,111,32.1,,32.1,111,,,42.4,,32.1 / 111,/
23577,NY,Red,M,35,31.7,42.1,112,31.7,,31.7,112,,,42.1,,31.7 / 112,/
23577,NY,Blue,F,35,37.1,52.4,130,37.1,,37.1,130,,,52.4,,37.1 / 130,/
23577,NY,White,F,35,36.3,51.1,126,36.3,,36.3,126,,,51.1,,36.3 / 126,/
23577,NY,Yellow,F,35,34.4,49.3,126,34.4,,34.4,126,,,49.3,,34.4 / 126,/
23577,NY,Red,F,35,33.8,48.1,121,33.8,,33.8,121,,,48.1,,33.8 / 121,/
23597,NY,Blue,M,73,71.8,96.4,133,34.1,37.7,34.1,129,37.7,136,46.1,50.3,34.1 / 129,37.7 / 136
23597,NY,White,M,73,71.0,95.0,130,33.7,37.3,33.7,124,37.3,135,45.2,49.8,33.7 / 124,37.3 / 135
23597,NY,Yellow,M,73,66.8,88.7,118,32.1,34.7,32.1,111,34.7,125,42.4,46.3,32.1 / 111,34.7 / 125
23597,NY,Red,M,73,64.8,85.1,110,31.7,33.1,31.7,112,33.1,107,42.1,43.0,31.7 / 112,33.1 / 107
23597,NY,Blue,F,73,78.2,111.5,142,37.1,41.1,37.1,130,41.1,153,52.4,59.1,37.1 / 130,41.1 / 153
23597,NY,White,F,73,77.2,109.2,136,36.3,40.9,36.3,126,40.9,146,51.1,58.1,36.3 / 126,40.9 / 146
23597,NY,Yellow,F,73,72.4,102.9,129,34.4,38.0,34.4,126,38.0,132,49.3,53.6,34.4 / 126,38.0 / 132
23597,NY,Red,F,73,69.0,97.8,122,33.8,35.2,33.8,121,35.2,123,48.1,49.7,33.8 / 121,35.2 / 123
23576,NY,Blue,M,36,34.9,46.4,124,34.9,,34.9,124,,,46.4,,34.9 / 124,/
23576,NY,White,M,36,34.4,45.6,121,34.4,,34.4,121,,,45.6,,34.4 / 121,/
23576,NY,Yellow,M,36,32.6,43.5,117,32.6,,32.6,117,,,43.5,,32.6 / 117,/
23576,NY,Red,M,36,31.4,41.2,105,31.4,,31.4,105,,,41.2,,31.4 / 105,/
23576,NY,Blue,F,36,37.6,53.9,138,37.6,,37.6,138,,,53.9,,37.6 / 138,/
23576,NY,White,F,36,36.8,52.4,132,36.8,,36.8,132,,,52.4,,36.8 / 132,/
23576,NY,Yellow,F,36,35.3,49.7,122,35.3,,35.3,122,,,49.7,,35.3 / 122,/
23576,NY,Red,F,36,33.3,46.4,111,33.3,,33.3,111,,,46.4,,33.3 / 111,/
23596,NY,Blue,M,71,69.0,92.5,127,34.9,34.1,34.9,124,34.1,129,46.4,46.1,34.9 / 124,34.1 / 129
23596,NY,White,M,71,68.1,90.8,123,34.4,33.7,34.4,121,33.7,124,45.6,45.2,34.4 / 121,33.7 / 124
23596,NY,Yellow,M,71,64.7,85.9,114,32.6,32.1,32.6,117,32.1,111,43.5,42.4,32.6 / 117,32.1 / 111
23596,NY,Red,M,71,63.1,83.3,109,31.4,31.7,31.4,105,31.7,112,41.2,42.1,31.4 / 105,31.7 / 112
23596,NY,Blue,F,71,74.7,106.3,134,37.6,37.1,37.6,138,37.1,130,53.9,52.4,37.6 / 138,37.1 / 130
23596,NY,White,F,71,73.1,103.5,129,36.8,36.3,36.8,132,36.3,126,52.4,51.1,36.8 / 132,36.3 / 126
23596,NY,Yellow,F,71,69.7,99.0,124,35.3,34.4,35.3,122,34.4,126,49.7,49.3,35.3 / 122,34.4 / 126
23596,NY,Red,F,71,67.1,94.5,116,33.3,33.8,33.3,111,33.8,121,46.4,48.1,33.3 / 111,33.8 / 121
23598,NY,Blue,M,74,72.6,96.7,130,34.9,37.7,34.9,124,37.7,136,46.4,50.3,34.9 / 124,37.7 / 136
23598,NY,White,M,74,71.7,95.4,128,34.4,37.3,34.4,121,37.3,135,45.6,49.8,34.4 / 121,37.3 / 135
23598,NY,Yellow,M,74,67.3,89.8,121,32.6,34.7,32.6,117,34.7,125,43.5,46.3,32.6 / 117,34.7 / 125
23598,NY,Red,M,74,64.5,84.2,106,31.4,33.1,31.4,105,33.1,107,41.2,43.0,31.4 / 105,33.1 / 107
23598,NY,Blue,F,74,78.7,113.0,146,37.6,41.1,37.6,138,41.1,153,53.9,59.1,37.6 / 138,41.1 / 153
23598,NY,White,F,74,77.7,110.5,139,36.8,40.9,36.8,132,40.9,146,52.4,58.1,36.8 / 132,40.9 / 146
23598,NY,Yellow,F,74,73.3,103.3,127,35.3,38.0,35.3,122,38.0,132,49.7,53.6,35.3 / 122,38.0 / 132
23598,NY,Red,F,74,68.5,96.1,117,33.3,35.2,33.3,111,35.2,123,46.4,49.7,33.3 / 111,35.2 / 123
23578,NY,Blue,M,38,37.7,50.3,136,37.7,,37.7,136,,,50.3,,37.7 / 136,/
23578,NY,White,M,38,37.3,49.8,135,37.3,,37.3,135,,,49.8,,37.3 / 135,/
23578,NY,Yellow,M,38,34.7,46.3,125,34.7,,34.7,125,,,46.3,,34.7 / 125,/
23578,NY,Red,M,38,33.1,43.0,107,33.1,,33.1,107,,,43.0,,33.1 / 107,/
23578,NY,Blue,F,38,41.1,59.1,153,41.1,,41.1,153,,,59.1,,41.1 / 153,/
23578,NY,White,F,38,40.9,58.1,146,40.9,,40.9,146,,,58.1,,40.9 / 146,/
23578,NY,Yellow,F,38,38.0,53.6,132,38.0,,38.0,132,,,53.6,,38.0 / 132,/
23578,NY,Red,F,38,35.2,49.7,123,35.2,,35.2,123,,,49.7,,35.2 / 123,/
13720,NY,Championship,M,71,70.2,95.0,133,35.1,35.1,35.1,133,35.1,133,47.5,47.5,35.1 / 133,35.1 / 133
13720,NY,Blue,M,71,68.5,91.9,126,34.3,34.2,34.3,126,34.2,126,46.0,45.9,34.3 / 126,34.2 / 126
13720,NY,White,M,71,66.4,88.8,121,33.2,33.2,33.2,121,33.2,121,44.4,44.4,33.2 / 121,33.2 / 121
13720,NY,White,F,71,71.6,101.6,128,35.7,35.9,35.7,124,35.9,131,50.3,51.3,35.7 / 124,35.9 / 131
13720,NY,Red,F,71,69.3,98.7,125,34.6,34.7,34.6,123,34.7,126,49.1,49.6,34.6 / 123,34.7 / 126
6843,NY,Championship,M,71,73.0,99.9,145,36.8,36.2,36.8,149,36.2,141,50.6,49.3,36.8 / 149,36.2 / 141
6843,NY,Championship/Member,M,71,72.1,98.7,143,36.5,35.6,36.5,147,35.6,139,50.2,48.5,36.5 / 147,35.6 / 139
6843,NY,Member,M,71,71.2,97.2,140,36.0,35.2,36.0,144,35.2,136,49.4,47.8,36.0 / 144,35.2 / 136
6843,NY,Middle,M,71,68.6,93.7,136,34.8,33.8,34.8,141,33.8,131,47.8,45.9,34.8 / 141,33.8 / 131
6843,NY,Middle/Forward,M,71,67.0,90.7,128,33.7,33.3,33.7,129,33.3,126,45.7,45.0,33.7 / 129,33.3 / 126
6843,NY,Forward,M,71,66.4,89.5,124,33.4,33.0,33.4,127,33.0,121,45.3,44.2,33.4 / 127,33.0 / 121
6843,NY,Member,F,71,77.3,111.4,145,38.9,38.4,38.9,148,38.4,141,56.4,55.0,38.9 / 148,38.4 / 141
6843,NY,Middle,F,71,74.6,107.4,139,37.6,37.0,37.6,143,37.0,135,54.5,52.9,37.6 / 143,37.0 / 135
6843,NY,Middle/Forward,F,71,72.0,104.5,137,35.9,36.1,35.9,139,36.1,135,52.4,52.1,35.9 / 139,36.1 / 135
6843,NY,Forward,F,71,70.5,102.3,135,35.3,35.2,35.3,137,35.2,132,51.5,50.8,35.3 / 137,35.2 / 132
13712,NY,Blue,M,70,71.0,94.5,126,34.8,36.2,34.8,117,36.2,135,45.7,48.8,34.8 / 117,36.2 / 135
13712,NY,White,M,70,68.7,91.5,123,33.8,34.9,33.8,114,34.9,131,44.4,47.1,33.8 / 114,34.9 / 131
13712,NY,Gold,M,70,65.5,86.5,113,32.6,32.9,32.6,110,32.9,116,42.8,43.7,32.6 / 110,32.9 / 116
13712,NY,Red,M,70,64.0,84.8,112,32.0,32.0,32.0,112,32.0,112,42.4,42.4,32.0 / 112,32.0 / 112
13712,NY,Red,F,70,68.1,95.6,117,34.1,34.0,34.1,117,34.0,116,47.9,47.7,34.1 / 117,34.0 / 116
6771,NY,Back,M,70,69.9,93.8,128,35.7,34.2,35.7,130,34.2,126,47.9,45.9,35.7 / 130,34.2 / 126
6771,NY,Middle,M,70,65.5,87.6,119,33.4,32.1,33.4,123,32.1,115,44.8,42.8,33.4 / 123,32.1 / 115
6771,NY,Forward,M,70,63.9,85.4,116,32.4,31.5,32.4,118,31.5,113,43.4,42.0,32.4 / 118,31.5 / 113
6771,NY,Back,F,70,73.3,104.2,131,37.3,36.0,37.3,131,36.0,131,52.8,51.4,37.3 / 131,36.0 / 131
6771,NY,Middle,F,70,70.6,100.1,125,36.0,34.6,36.0,126,34.6,124,50.9,49.2,36.0 / 126,34.6 / 124
6771,NY,Forward,F,70,68.3,96.4,119,34.9,33.4,34.9,121,33.4,117,49.2,47.2,34.9 / 121,33.4 / 117
6739,NY,Black,M,70,72.2,97.0,134,36.2,36.0,36.2,132,36.0,135,48.5,48.5,36.2 / 132,36.0 / 135
6739,NY,Blue,M,70,70.2,93.9,129,35.2,35.0,35.2,128,35.0,127,47.1,46.8,35.2 / 128,35.0 / 127
6739,NY,White,M,70,68.8,91.8,124,34.9,33.9,34.9,126,33.9,122,46.6,45.2,34.9 / 126,33.9 / 122
6739,NY,Red,F,71,70.4,98.8,121,35.8,34.6,35.8,124,34.6,117,50.4,48.4,35.8 / 124,34.6 / 117
6739,NY,Gold,F,71,69.1,96.2,115,35.3,33.8,35.3,117,33.8,113,49.1,47.1,35.3 / 117,33.8 / 113
13737,NY,Blue,M,71,71.4,96.3,134,35.0,36.4,35.0,132,36.4,136,47.3,49.0,35.0 / 132,36.4 / 136
13737,NY,White,M,71,70.5,94.9,132,34.5,36.0,34.5,130,36.0,133,46.5,48.4,34.5 / 130,36.0 / 133
13737,NY,Yellow,M,71,67.9,91.3,126,33.5,34.4,33.5,125,34.4,127,45.1,46.2,33.5 / 125,34.4 / 127
13737,NY,Yellow,F,71,73.1,104.0,131,36.0,37.1,36.0,129,37.1,133,51.2,52.8,36.0 / 129,37.1 / 133
13737,NY,Red,F,71,69.3,98.4,124,34.1,35.2,34.1,122,35.2,125,48.5,49.9,34.1 / 122,35.2 / 125
3813,NY,Blue,M,72,70.5,94.6,130,34.8,35.7,34.8,122,35.7,138,46.1,48.5,34.8 / 122,35.7 / 138
3813,NY,White,M,72,69.7,92.7,124,34.4,35.3,34.4,116,35.3,131,45.2,47.5,34.4 / 116,35.3 / 131
3813,NY,Gold,M,72,67.0,89.2,120,33.5,33.5,33.5,121,33.5,118,44.7,44.5,33.5 / 121,33.5 / 118
3813,NY,Silver,M,72,64.5,84.7,109,32.1,32.4,32.1,109,32.4,109,42.2,42.5,32.1 / 109,32.4 / 109
3813,NY,Green,M,72,61.1,79.4,99,30.6,30.5,30.6,93,30.5,104,39.2,40.2,30.6 / 93,30.5 / 104
3813,NY,white,F,72,75.8,107.2,134,37.3,38.5,37.3,130,38.5,137,52.6,54.6,37.3 / 130,38.5 / 137
3813,NY,Gold,F,72,72.4,101.9,126,36.2,36.2,36.2,126,36.2,125,51.0,50.9,36.2 / 126,36.2 / 125
3813,NY,Silver,F,72,68.9,97.8,123,34.5,34.4,34.5,120,34.4,125,48.7,49.1,34.5 / 120,34.4 / 125
3813,NY,Green,F,72,64.3,89.5,107,31.9,32.4,31.9,103,32.4,110,44.1,45.4,31.9 / 103,32.4 / 110
3855,NY,Blue,M,72,69.5,92.4,124,33.7,35.8,33.7,122,35.8,125,45.0,47.4,33.7 / 122,35.8 / 125
3855,NY,White,M,72,67.2,88.8,117,32.7,34.5,32.7,112,34.5,121,43.1,45.7,32.7 / 112,34.5 / 121
3855,NY,Gold,M,72,64.3,84.4,108,31.5,32.8,31.5,112,32.8,104,41.9,42.5,31.5 / 112,32.8 / 104
3855,NY,Red,M,72,63.1,82.7,106,31.1,32.0,31.1,109,32.0,102,41.2,41.5,31.1 / 109,32.0 / 102
3855,NY,White,F,72,72.6,102.0,125,35.1,37.5,35.1,120,37.5,130,49.2,52.8,35.1 / 120,37.5 / 130
3855,NY,Gold,F,72,68.7,96.6,119,33.7,35.0,33.7,114,35.0,123,47.1,49.5,33.7 / 114,35.0 / 123
3855,NY,Red,F,72,67.0,94.2,115,32.9,34.1,32.9,110,34.1,120,45.9,48.3,32.9 / 110,34.1 / 120
15013,NY,Blue,M,68,64.0,83.5,105,32.4,31.6,32.4,103,31.6,107,42.0,41.5,32.4 / 103,31.6 / 107
15013,NY,White,M,68,63.1,82.1,102,31.9,31.2,31.9,100,31.2,104,41.2,40.9,31.9 / 100,31.2 / 104
15013,NY,Red,M,68,60.2,77.9,96,30.4,29.8,30.4,93,29.8,98,39.0,38.9,30.4 / 93,29.8 / 98
15013,NY,Red,F,68,62.2,86.3,102,31.7,30.5,31.7,104,30.5,100,44.0,42.3,31.7 / 104,30.5 / 100
15014,NY,Blue,M,71,71.3,94.8,127,37.5,33.8,37.5,129,33.8,124,49.5,45.3,37.5 / 129,33.8 / 124
15014,NY,White,M,71,69.4,92.3,124,36.1,33.3,36.1,124,33.3,123,47.6,44.7,36.1 / 124,33.3 / 123
15014,NY,Gold,M,71,65.9,87.7,118,34.0,31.9,34.0,122,31.9,113,45.3,42.4,34.0 / 122,31.9 / 113
15014,NY,Red,M,71,63.3,83.0,106,32.3,31.0,32.3,108,31.0,104,42.3,40.7,32.3 / 108,31.0 / 104
15014,NY,Gold,F,71,71.0,99.2,120,36.6,34.4,36.6,122,34.4,117,51.0,48.2,36.6 / 122,34.4 / 117
15014,NY,Red,F,71,67.7,94.2,112,34.9,32.8,34.9,114,32.8,110,48.4,45.8,34.9 / 114,32.8 / 110
29206,NY,Championship,M,70,72.5,97.8,136,38.1,34.4,38.1,144,34.4,128,51.5,46.3,38.1 / 144,34.4 / 128
29206,NY,Middle,M,70,69.4,93.5,130,36.4,33.0,36.4,138,33.0,122,49.2,44.3,36.4 / 138,33.0 / 122
29206,NY,Forward 2023 (W),F,71,71.3,102.4,132,37.8,33.5,37.8,142,33.5,122,54.5,47.9,37.8 / 142,33.5 / 122
3748,NY,Blue,M,72,71.7,94.8,125,36.1,35.6,36.1,127,35.6,122,47.9,46.9,36.1 / 127,35.6 / 122
3748,NY,White,M,72,69.6,91.8,120,35.1,34.5,35.1,123,34.5,116,46.5,45.3,35.1 / 123,34.5 / 116
3748,NY,Gold,M,72,65.8,85.9,108,33.3,32.5,33.3,114,32.5,102,43.9,42.0,33.3 / 114,32.5 / 102
3748,NY,Red,F,72,69.5,96.2,114,35.3,34.2,35.3,119,34.2,108,49.3,46.9,35.3 / 119,34.2 / 108
3823,NY,Blue,M,72,71.4,95.2,129,35.1,36.3,35.1,122,36.3,135,46.4,48.8,35.1 / 122,36.3 / 135
3823,NY,White,M,72,69.7,93.1,126,34.4,35.3,34.4,123,35.3,129,45.8,47.3,34.4 / 123,35.3 / 129
3823,NY,Gold,M,72,67.2,89.9,122,33.9,33.3,33.9,115,33.3,129,44.6,45.3,33.9 / 115,33.3 / 129
3823,NY,Red,F,72,67.8,93.6,110,34.0,33.8,34.0,108,33.8,111,46.7,46.9,34.0 / 108,33.8 / 111
3668,NY,Gold,M,72,76.3,102.9,143,38.1,38.2,38.1,142,38.2,144,51.3,51.6,38.1 / 142,38.2 / 144
3668,NY,Blue,M,72,72.3,98.5,140,36.2,36.1,36.2,139,36.1,141,49.2,49.3,36.2 / 139,36.1 / 141
3668,NY,Blue/Green Combo,M,72,71.6,97.0,137,35.9,35.7,35.9,135,35.7,139,48.4,48.6,35.9 / 135,35.7 / 139
3668,NY,Green,M,72,69.5,94.5,135,34.9,34.6,34.9,131,34.6,138,47.1,47.4,34.9 / 131,34.6 / 138
3668,NY,Green/Black Combo,M,72,67.6,92.4,134,34.0,33.6,34.0,130,33.6,137,46.1,46.3,34.0 / 130,33.6 / 137
3668,NY,Black,M,72,66.2,90.1,129,33.1,33.1,33.1,124,33.1,133,44.6,45.5,33.1 / 124,33.1 / 133
3668,NY,Red,M,72,64.3,87.3,124,32.1,32.2,32.1,121,32.2,127,43.3,44.0,32.1 / 121,32.2 / 127
3668,NY,Green,F,72,75.0,107.1,136,37.5,37.5,37.5,139,37.5,133,53.9,53.2,37.5 / 139,37.5 / 133
3668,NY,Green / Black Combo,F,72,73.2,104.3,132,36.6,36.6,36.6,135,36.6,129,52.5,51.8,36.6 / 135,36.6 / 129
3668,NY,Black,F,72,71.6,102.0,129,35.7,35.9,35.7,131,35.9,126,51.2,50.8,35.7 / 131,35.9 / 126
3668,NY,Red,F,72,68.5,97.4,123,34.1,34.4,34.1,126,34.4,120,48.9,48.5,34.1 / 126,34.4 / 120
6856,NY,Blue,M,72,72.0,95.6,127,36.6,35.4,36.6,130,35.4,124,48.7,46.9,36.6 / 130,35.4 / 124
6856,NY,White,M,72,70.5,93.6,124,36.0,34.5,36.0,127,34.5,122,47.8,45.8,36.0 / 127,34.5 / 122
6856,NY,Gold,M,72,68.3,90.6,120,34.6,33.7,34.6,122,33.7,116,46.0,44.6,34.6 / 122,33.7 / 116
6856,NY,White,F,72,76.0,106.8,131,38.7,37.3,38.7,134,37.3,127,54.5,52.3,38.7 / 134,37.3 / 127
6856,NY,Red,F,72,70.8,98.9,119,35.7,35.1,35.7,121,35.1,117,50.0,48.9,35.7 / 121,35.1 / 117
6854,NY,Blue,M,72,72.8,97.4,132,36.2,36.6,36.2,135,36.6,130,48.7,48.7,36.2 / 135,36.6 / 130
6854,NY,Blue/White,M,72,71.5,95.4,128,35.5,36.0,35.5,129,36.0,128,47.5,47.9,35.5 / 129,36.0 / 128
6854,NY,White,M,72,71.1,94.5,126,35.1,36.0,35.1,125,36.0,127,46.7,47.8,35.1 / 125,36.0 / 127
6854,NY,Gold,M,72,68.8,91.2,120,34.2,34.6,34.2,119,34.6,122,45.3,45.9,34.2 / 119,34.6 / 122
6854,NY,White,F,72,76.6,108.0,133,37.9,38.7,37.9,132,38.7,134,53.5,54.5,37.9 / 132,38.7 / 134
6854,NY,Red,F,72,70.9,99.5,121,35.2,35.7,35.2,121,35.7,121,49.5,50.0,35.2 / 121,35.7 / 121
6855,NY,Blue,M,72,71.6,95.6,129,36.2,35.4,36.2,135,35.4,124,48.7,46.9,36.2 / 135,35.4 / 124
6855,NY,White,M,72,69.6,92.6,123,35.1,34.5,35.1,125,34.5,122,46.8,45.8,35.1 / 125,34.5 / 122
6855,NY,Gold,M,72,67.9,90.0,118,34.2,33.7,34.2,116,33.7,116,45.3,44.7,34.2 / 116,33.7 / 116
6855,NY,White,F,72,75.2,105.8,130,37.9,37.3,37.9,132,37.3,127,53.5,52.3,37.9 / 132,37.3 / 127
6855,NY,Red,F,72,70.3,98.4,119,35.2,35.1,35.2,121,35.1,117,49.5,48.9,35.2 / 121,35.1 / 117
3341,NY,Blue,M,70,70.5,94.4,129,35.1,35.4,35.1,125,35.4,132,46.7,47.7,35.1 / 125,35.4 / 132
3341,NY,White,M,70,67.4,89.3,118,33.8,33.6,33.8,121,33.6,115,45.0,44.3,33.8 / 121,33.6 / 115
3341,NY,Gold,M,71,64.4,84.4,108,32.9,31.5,32.9,105,31.5,110,42.7,41.7,32.9 / 105,31.5 / 110
3341,NY,Red,M,71,63.8,83.4,106,32.5,31.3,32.5,103,31.3,108,42.1,41.3,32.5 / 103,31.3 / 108
3341,NY,White,F,71,73.4,105.0,134,37.1,36.3,37.1,131,36.3,137,52.5,52.5,37.1 / 131,36.3 / 137
3341,NY,Gold,F,71,68.6,97.1,121,35.0,33.6,35.0,121,33.6,120,49.3,47.8,35.0 / 121,33.6 / 120
3341,NY,Red,F,71,67.8,95.9,120,34.5,33.3,34.5,120,33.3,119,48.6,47.3,34.5 / 120,33.3 / 119
3712,NY,Blue,M,71,68.3,90.4,119,34.7,33.6,34.7,122,33.6,116,46.0,44.4,34.7 / 122,33.6 / 116
3712,NY,White,M,71,66.3,86.9,111,33.8,32.5,33.8,114,32.5,108,44.4,42.5,33.8 / 114,32.5 / 108
3712,NY,Red,F,72,66.2,91.6,108,34.0,32.2,34.0,114,32.2,101,47.5,44.1,34.0 / 114,32.2 / 101
24109,NY,Blue,M,36,36.0,47.7,126,36.0,,36.0,126,,,47.7,,36.0 / 126,/
24109,NY,White,M,36,34.9,45.8,117,34.9,,34.9,117,,,45.8,,34.9 / 117,/
24109,NY,Gold,M,36,34.1,44.7,114,34.1,,34.1,114,,,44.7,,34.1 / 114,/
24109,NY,Red,F,36,36.2,51.1,126,36.2,,36.2,126,,,51.1,,36.2 / 126,/
3743,NY,Blue,M,72,71.3,95.4,130,36.0,35.3,36.0,126,35.3,133,47.7,47.7,36.0 / 126,35.3 / 133
3743,NY,White,M,72,69.6,92.7,124,34.9,34.7,34.9,117,34.7,131,45.8,46.9,34.9 / 117,34.7 / 131
3743,NY,Gold,M,72,68.2,90.5,120,34.1,34.1,34.1,114,34.1,126,44.7,45.8,34.1 / 114,34.1 / 126
3743,NY,Red,F,72,71.6,101.0,125,36.2,35.4,36.2,126,35.4,123,51.1,49.9,36.2 / 126,35.4 / 123
24111,NY,Blue,M,36,35.3,47.7,133,35.3,,35.3,133,,,47.7,,35.3 / 133,/
24111,NY,White,M,36,34.7,46.9,131,34.7,,34.7,131,,,46.9,,34.7 / 131,/
24111,NY,Gold,M,36,34.1,45.8,126,34.1,,34.1,126,,,45.8,,34.1 / 126,/
24111,NY,Red,F,36,35.4,49.9,123,35.4,,35.4,123,,,49.9,,35.4 / 123,/
3746,NY,Blue,M,72,70.9,95.4,132,35.3,35.6,35.3,133,35.6,130,47.7,47.7,35.3 / 133,35.6 / 130
3746,NY,White,M,72,69.6,93.4,128,34.7,34.9,34.7,131,34.9,125,46.9,46.5,34.7 / 131,34.9 / 125
3746,NY,Gold,M,72,67.7,89.8,119,34.1,33.6,34.1,126,33.6,112,45.8,44.0,34.1 / 126,33.6 / 112
3746,NY,Red,F,72,70.9,99.4,121,35.4,35.5,35.4,123,35.5,119,49.9,49.5,35.4 / 123,35.5 / 119
24108,NY,Blue,M,36,35.6,47.7,130,35.6,,35.6,130,,,47.7,,35.6 / 130,/
24108,NY,White,M,36,34.9,46.5,125,34.9,,34.9,125,,,46.5,,34.9 / 125,/
24108,NY,Gold,M,36,33.6,44.0,112,33.6,,33.6,112,,,44.0,,33.6 / 112,/
24108,NY,Red,F,36,35.5,49.5,119,35.5,,35.5,119,,,49.5,,35.5 / 119,/
3744,NY,Blue,M,72,72.3,96.5,130,35.6,36.7,35.6,130,36.7,130,47.7,48.8,35.6 / 130,36.7 / 130
3744,NY,White,M,72,70.0,93.6,127,34.9,35.1,34.9,125,35.1,128,46.5,47.1,34.9 / 125,35.1 / 128
3744,NY,Gold,M,72,67.8,89.5,118,33.6,34.2,33.6,112,34.2,123,44.0,45.5,33.6 / 112,34.2 / 123
3744,NY,Red,F,72,71.8,100.6,123,35.5,36.3,35.5,119,36.3,126,49.5,51.1,35.5 / 119,36.3 / 126
24110,NY,Blue,M,36,36.7,48.8,130,36.7,,36.7,130,,,48.8,,36.7 / 130,/
24110,NY,White,M,36,35.1,47.0,128,35.1,,35.1,128,,,47.0,,35.1 / 128,/
24110,NY,Gold,M,36,34.2,45.6,123,34.2,,34.2,123,,,45.6,,34.2 / 123,/
24110,NY,Red,F,36,36.3,51.1,126,36.3,,36.3,126,,,51.1,,36.3 / 126,/
3745,NY,Blue,M,72,72.7,96.5,128,36.7,36.0,36.7,130,36.0,126,48.8,47.7,36.7 / 130,36.0 / 126
3745,NY,White,M,72,70.0,92.9,123,35.1,34.9,35.1,128,34.9,117,47.1,45.8,35.1 / 128,34.9 / 117
3745,NY,Gold,M,72,68.3,90.3,119,34.2,34.1,34.2,123,34.1,114,45.6,44.7,34.2 / 123,34.1 / 114
3745,NY,Red,F,72,72.5,102.2,126,36.3,36.2,36.3,126,36.2,126,51.1,51.1,36.3 / 126,36.2 / 126
3703,NY,Blue,M,70,70.6,95.5,134,34.2,36.4,34.2,131,36.4,137,46.4,49.1,34.2 / 131,36.4 / 137
3703,NY,White,M,70,68.7,92.8,130,33.4,35.3,33.4,129,35.3,130,45.4,47.4,33.4 / 129,35.3 / 130
3703,NY,Yellow,M,72,65.1,86.0,113,31.7,33.4,31.7,111,33.4,114,42.0,44.0,31.7 / 111,33.4 / 114
3703,NY,Red,M,72,64.6,84.6,108,31.5,33.1,31.5,105,33.1,110,41.3,43.3,31.5 / 105,33.1 / 110
3703,NY,Green,M,72,62.1,81.1,102,30.5,31.6,30.5,99,31.6,105,39.7,41.4,30.5 / 99,31.6 / 105
3703,NY,Orange,M,72,58.7,76.2,95,29.2,29.5,29.2,95,29.5,94,38.0,38.2,29.2 / 95,29.5 / 94
3703,NY,Yellow,F,72,69.5,97.9,121,33.5,36.0,33.5,116,36.0,125,47.2,50.7,33.5 / 116,36.0 / 125
3703,NY,Red,F,72,68.9,97.1,120,33.3,35.6,33.3,119,35.6,120,47.3,49.8,33.3 / 119,35.6 / 120
3703,NY,Green,F,72,65.0,90.3,107,31.4,33.6,31.4,105,33.6,109,43.8,46.5,31.4 / 105,33.6 / 109
3703,NY,Orange,F,72,59.2,81.8,96,29.3,29.9,29.3,95,29.9,97,40.5,41.3,29.3 / 95,29.9 / 97
9350,NY,Black,M,71,72.6,95.8,125,36.6,36.0,36.6,130,36.0,119,48.7,47.1,36.6 / 130,36.0 / 119
9350,NY,Blue,M,71,70.9,93.6,122,35.6,35.3,35.6,129,35.3,115,47.6,46.0,35.6 / 129,35.3 / 115
9350,NY,Silver,M,71,69.0,92.2,125,34.7,34.3,34.7,131,34.3,118,46.9,45.3,34.7 / 131,34.3 / 118
9350,NY,White,M,71,67.5,89.7,120,34.0,33.5,34.0,123,33.5,116,45.4,44.3,34.0 / 123,33.5 / 116
9350,NY,Green,M,71,65.5,86.8,115,33.0,32.5,33.0,114,32.5,115,43.6,43.2,33.0 / 114,32.5 / 115
9350,NY,Red,M,71,64.4,85.4,113,32.5,31.9,32.5,112,31.9,114,42.9,42.5,32.5 / 112,31.9 / 114
9350,NY,SIlver,F,72,75.1,105.4,129,37.8,37.3,37.8,131,37.3,126,53.3,52.1,37.8 / 131,37.3 / 126
9350,NY,White,F,72,72.9,101.9,123,36.5,36.4,36.5,125,36.4,121,51.2,50.7,36.5 / 125,36.4 / 121
9350,NY,Green,F,72,70.6,99.1,121,35.2,35.4,35.2,124,35.4,118,49.8,49.3,35.2 / 124,35.4 / 118
9350,NY,Red,F,72,69.5,97.4,118,34.7,34.8,34.7,121,34.8,115,49.0,48.4,34.7 / 121,34.8 / 115
9335,NY,Blue,M,72,73.1,98.9,139,36.0,37.1,36.0,138,37.1,140,48.8,50.1,36.0 / 138,37.1 / 140
9335,NY,White,M,72,71.9,97.0,135,35.5,36.4,35.5,129,36.4,141,47.5,49.5,35.5 / 129,36.4 / 141
9335,NY,White/Gold Combo,M,72,68.3,92.1,128,34.1,34.2,34.1,123,34.2,133,45.5,46.6,34.1 / 123,34.2 / 133
9335,NY,Gold,M,72,66.6,88.7,119,32.6,34.0,32.6,115,34.0,123,43.3,45.4,32.6 / 115,34.0 / 123
9335,NY,Red,M,72,64.2,86.0,118,31.8,32.4,31.8,114,32.4,121,42.4,43.6,31.8 / 114,32.4 / 121
9335,NY,Blue,F,72,79.4,114.1,147,38.6,40.8,38.6,143,40.8,151,55.5,58.6,38.6 / 143,40.8 / 151
9335,NY,White,F,72,77.8,112.9,149,37.9,39.9,37.9,147,39.9,151,55.2,57.7,37.9 / 147,39.9 / 151
9335,NY,White/Gold Combo,F,72,73.7,106.1,138,36.8,36.9,36.8,139,36.9,136,53.2,52.9,36.8 / 139,36.9 / 136
9335,NY,Gold,F,72,71.9,102.2,129,35.5,36.4,35.5,128,36.4,129,50.6,51.6,35.5 / 128,36.4 / 129
9335,NY,Red,F,72,69.0,97.6,121,34.5,34.5,34.5,114,34.5,128,48.0,49.6,34.5 / 114,34.5 / 128
28718,NY,Blue,M,72,70.5,93.8,126,35.4,35.1,35.4,129,35.1,122,47.4,46.4,35.4 / 129,35.1 / 122
28718,NY,White,M,72,69.0,91.8,123,34.5,34.5,34.5,127,34.5,118,46.3,45.5,34.5 / 127,34.5 / 118
28718,NY,Gold,M,72,65.7,86.7,113,33.1,32.6,33.1,121,32.6,105,44.3,42.4,33.1 / 121,32.6 / 105
28718,NY,Red,F,72,68.4,96.1,118,35.0,33.4,35.0,117,33.4,118,48.8,47.3,35.0 / 117,33.4 / 118
6815,NY,Gold,M,72,77.3,104.7,147,38.4,38.9,38.4,147,38.9,147,52.1,52.6,38.4 / 147,38.9 / 147
6815,NY,Black,M,72,72.9,99.2,142,36.5,36.4,36.5,142,36.4,141,49.7,49.5,36.5 / 142,36.4 / 141
6815,NY,Blue,M,72,71.5,97.3,139,35.7,35.8,35.7,138,35.8,140,48.5,48.8,35.7 / 138,35.8 / 140
6815,NY,Blue/White,M,72,70.9,96.3,137,35.4,35.5,35.4,135,35.5,139,47.9,48.4,35.4 / 135,35.5 / 139
6815,NY,White,M,72,70.1,95.2,135,35.0,35.1,35.0,133,35.1,137,47.4,47.8,35.0 / 133,35.1 / 137
6815,NY,Green,M,72,67.2,91.1,129,33.6,33.6,33.6,125,33.6,132,45.2,45.9,33.6 / 125,33.6 / 132
6815,NY,White,F,72,75.6,108.9,142,37.9,37.7,37.9,141,37.7,142,54.5,54.4,37.9 / 141,37.7 / 142
6815,NY,Green,F,72,72.0,103.6,134,36.1,35.9,36.1,134,35.9,134,51.9,51.7,36.1 / 134,35.9 / 134
6815,NY,Green/Red,F,72,70.2,100.1,127,35.2,35.0,35.2,126,35.0,128,50.0,50.1,35.2 / 126,35.0 / 128
6815,NY,Red,F,72,69.0,98.1,124,34.3,34.7,34.3,122,34.7,125,48.7,49.4,34.3 / 122,34.7 / 125
6629,NY,Black,M,72,76.0,103.6,149,38.1,37.9,38.1,147,37.9,150,51.8,51.8,38.1 / 147,37.9 / 150
6629,NY,Blue,M,72,73.5,100.0,143,36.8,36.7,36.8,140,36.7,145,49.8,50.2,36.8 / 140,36.7 / 145
6629,NY,Blue/White,M,72,72.2,98.0,139,35.9,36.3,35.9,137,36.3,141,48.6,49.4,35.9 / 137,36.3 / 141
6629,NY,White,M,72,71.8,97.1,136,35.9,35.9,35.9,135,35.9,137,48.4,48.7,35.9 / 135,35.9 / 137
6629,NY,Gold,M,72,68.4,92.6,130,34.4,34.0,34.4,131,34.0,129,46.6,46.0,34.4 / 131,34.0 / 129
6629,NY,White,F,72,77.7,112.4,148,38.9,38.8,38.9,147,38.8,148,56.2,56.2,38.9 / 147,38.8 / 148
6629,NY,Gold,F,72,73.2,105.9,139,36.8,36.4,36.8,139,36.4,138,53.2,52.7,36.8 / 139,36.4 / 138
6629,NY,Red,F,72,72.0,103.5,134,36.7,35.3,36.7,135,35.3,132,52.6,50.9,36.7 / 135,35.3 / 132
6629,NY,Family,F,61,60.5,83.9,100,30.1,30.4,30.1,96,30.4,103,41.4,42.5,30.1 / 96,30.4 / 103
3881,NY,Blue,M,71,69.9,94.0,130,34.3,35.6,34.3,127,35.6,132,46.1,47.9,34.3 / 127,35.6 / 132
3881,NY,Blue TEMP,M,70,68.8,92.6,128,34.3,34.5,34.3,127,34.5,129,46.1,46.5,34.3 / 127,34.5 / 129
3881,NY,Blue / White,M,71,68.1,91.4,126,33.6,34.5,33.6,124,34.5,127,45.1,46.3,33.6 / 124,34.5 / 127
3881,NY,Blue / White Temp,M,70,67.2,90.0,123,33.6,33.6,33.6,124,33.6,122,45.1,44.9,33.6 / 124,33.6 / 122
3881,NY,White,M,71,65.8,88.5,122,32.5,33.3,32.5,119,33.3,125,43.6,44.9,32.5 / 119,33.3 / 125
3881,NY,White TEMP,M,70,64.9,87.2,120,32.5,32.4,32.5,119,32.4,121,43.6,43.6,32.5 / 119,32.4 / 121
3881,NY,Red,M,71,63.9,85.9,119,31.8,32.2,31.8,114,32.2,122,42.4,43.5,31.8 / 114,32.2 / 122
3881,NY,Red TEMP,M,70,63.1,84.8,117,31.8,31.4,31.8,114,31.4,117,42.4,42.3,31.8 / 114,31.4 / 117
3881,NY,Red,F,71,68.9,99.5,130,33.9,35.0,33.9,123,35.0,137,48.4,51.1,33.9 / 123,35.0 / 137
3881,NY,Red TEMP,F,70,67.8,98.1,129,33.9,33.9,33.9,123,33.9,134,48.4,49.7,33.9 / 123,33.9 / 134
9351,NY,Blue,M,70,69.2,90.2,113,34.6,34.6,34.6,113,34.6,113,45.1,45.1,34.6 / 113,34.6 / 113
9351,NY,White,M,70,67.8,88.4,111,33.9,33.9,33.9,111,33.9,111,44.2,44.2,33.9 / 111,33.9 / 111
9351,NY,Red,F,72,68.0,91.8,101,34.0,34.0,34.0,101,34.0,101,45.9,45.9,34.0 / 101,34.0 / 101
3724,NY,Black,M,72,75.7,100.8,135,37.8,37.9,37.8,131,37.9,139,50.0,50.8,37.8 / 131,37.9 / 139
3724,NY,Blue,M,72,74.3,98.6,131,37.1,37.2,37.1,126,37.2,136,48.8,49.8,37.1 / 126,37.2 / 136
3724,NY,White,M,72,71.6,95.8,130,35.6,36.0,35.6,127,36.0,133,47.4,48.4,35.6 / 127,36.0 / 133
3724,NY,Gold,M,72,69.3,92.5,125,34.6,34.7,34.6,124,34.7,126,46.1,46.4,34.6 / 124,34.7 / 126
3724,NY,Red,M,72,64.8,86.1,115,32.6,32.2,32.6,114,32.2,115,43.2,42.9,32.6 / 114,32.2 / 115
3724,NY,Black,F,72,82.5,117.0,146,40.8,41.7,40.8,142,41.7,150,57.6,59.4,40.8 / 142,41.7 / 150
3724,NY,Blue,F,72,80.7,114.4,143,39.9,40.8,39.9,139,40.8,147,56.3,58.1,39.9 / 139,40.8 / 147
3724,NY,White,F,72,78.0,110.8,139,38.7,39.3,38.7,136,39.3,142,54.7,56.1,38.7 / 136,39.3 / 142
3724,NY,Gold,F,72,75.2,106.0,131,37.8,37.4,37.8,127,37.4,134,52.8,53.2,37.8 / 127,37.4 / 134
3724,NY,Red,F,72,69.6,97.7,119,35.3,34.3,35.3,118,34.3,120,49.2,48.5,35.3 / 118,34.3 / 120
3764,NY,Black,M,72,75.2,102.1,145,37.5,37.7,37.5,144,37.7,145,50.9,51.2,37.5 / 144,37.7 / 145
3764,NY,Blue,M,72,73.2,99.7,143,36.4,36.8,36.4,144,36.8,141,49.8,49.9,36.4 / 144,36.8 / 141
3764,NY,White,M,72,71.0,96.0,135,35.4,35.6,35.4,139,35.6,130,48.3,47.7,35.4 / 139,35.6 / 130
3764,NY,Gold,M,72,69.4,92.6,125,34.5,34.9,34.5,130,34.9,119,46.6,46.0,34.5 / 130,34.9 / 119
3764,NY,Red,M,72,67.1,89.9,123,33.4,33.7,33.4,122,33.7,124,44.7,45.2,33.4 / 122,33.7 / 124
3764,NY,White,F,72,77.3,110.7,142,38.7,38.6,38.7,143,38.6,140,55.6,55.1,38.7 / 143,38.6 / 140
3764,NY,Gold,F,72,74.3,106.3,136,37.3,37.0,37.3,136,37.0,136,53.3,53.0,37.3 / 136,37.0 / 136
3764,NY,Red,F,72,72.1,102.4,129,35.9,36.2,35.9,131,36.2,126,51.3,51.1,35.9 / 131,36.2 / 126
23810,NY,Blue,M,72,71.0,93.2,119,35.5,35.5,35.5,119,35.5,119,46.6,46.6,35.5 / 119,35.5 / 119
23810,NY,Blue / White,M,72,70.3,92.1,117,35.5,34.8,35.5,119,34.8,115,46.6,45.5,35.5 / 119,34.8 / 115
23810,NY,White,M,72,69.6,91.0,115,34.8,34.8,34.8,115,34.8,115,45.5,45.5,34.8 / 115,34.8 / 115
23810,NY,Gold,M,72,65.4,85.2,107,32.7,32.7,32.7,107,32.7,107,42.6,42.6,32.7 / 107,32.7 / 107
23810,NY,Red,M,72,65.2,84.6,104,32.6,32.6,32.6,104,32.6,104,42.3,42.3,32.6 / 104,32.6 / 104
23810,NY,Blue,F,72,77.4,109.4,136,38.7,38.7,38.7,136,38.7,136,54.7,54.7,38.7 / 136,38.7 / 136
23810,NY,White,F,72,75.2,106.4,132,37.6,37.6,37.6,132,37.6,132,53.2,53.2,37.6 / 132,37.6 / 132
23810,NY,Gold,F,72,70.6,97.6,114,35.3,35.3,35.3,114,35.3,114,48.8,48.8,35.3 / 114,35.3 / 114
23810,NY,Red,F,72,70.2,97.0,114,35.1,35.1,35.1,114,35.1,114,48.5,48.5,35.1 / 114,35.1 / 114
36685,NY,Black,M,27,28.4,37.7,100,28.4,,28.4,100,,,37.7,,28.4 / 100,/
36685,NY,White,M,27,27.1,35.7,93,27.1,,27.1,93,,,35.7,,27.1 / 93,/
36685,NY,Red,M,27,25.9,33.3,80,25.9,,25.9,80,,,33.3,,25.9 / 80,/
36685,NY,Black,F,27,29.6,41.6,102,29.6,,29.6,102,,,41.6,,29.6 / 102,/
36685,NY,White,F,27,28.4,40.0,98,28.4,,28.4,98,,,40.0,,28.4 / 98,/
36685,NY,Red,F,27,27.3,36.9,81,27.3,,27.3,81,,,36.9,,27.3 / 81,/
3763,NY,Black,M,72,74.2,100.2,140,37.0,37.2,37.0,138,37.2,142,49.8,50.4,37.0 / 138,37.2 / 142
3763,NY,Blue,M,72,71.5,95.8,131,35.9,35.6,35.9,130,35.6,131,48.0,47.8,35.9 / 130,35.6 / 131
3763,NY,White,M,72,69.9,93.7,128,35.1,34.8,35.1,127,34.8,129,46.9,46.8,35.1 / 127,34.8 / 129
3763,NY,Gold,M,72,67.2,90.3,125,33.6,33.6,33.6,126,33.6,123,45.3,45.0,33.6 / 126,33.6 / 123
3763,NY,Red,M,72,64.7,85.3,111,32.2,32.5,32.2,109,32.5,113,42.3,43.0,32.2 / 109,32.5 / 113
3763,NY,White,F,72,75.5,108.9,142,38.0,37.5,38.0,138,37.5,145,54.3,54.6,38.0 / 138,37.5 / 145
3763,NY,Gold,F,72,72.0,102.4,129,36.1,35.9,36.1,128,35.9,130,51.2,51.2,36.1 / 128,35.9 / 130
3763,NY,Red,F,72,68.9,96.8,118,34.4,34.5,34.4,116,34.5,120,48.1,48.7,34.4 / 116,34.5 / 120
3747,NY,Black,M,71,69.8,94.0,130,35.4,34.4,35.4,130,34.4,130,47.5,46.5,35.4 / 130,34.4 / 130
3747,NY,Black/Blue Combo,M,71,68.9,92.6,128,34.9,34.0,34.9,128,34.0,127,46.8,45.8,34.9 / 128,34.0 / 127
3747,NY,Blue,M,71,68.5,91.7,125,34.7,33.8,34.7,127,33.8,123,46.5,45.2,34.7 / 127,33.8 / 123
3747,NY,Blue/White Combo,M,71,66.7,88.6,118,33.3,33.4,33.3,117,33.4,118,44.2,44.4,33.3 / 117,33.4 / 118
3747,NY,White,M,71,65.6,86.8,114,32.9,32.7,32.9,114,32.7,114,43.5,43.3,32.9 / 114,32.7 / 114
3747,NY,White/Yellow Combo,M,71,63.1,83.1,108,31.5,31.6,31.5,109,31.6,107,41.6,41.5,31.5 / 109,31.6 / 107
3747,NY,Yellow,M,71,61.0,80.1,103,30.4,30.6,30.4,101,30.6,104,39.8,40.3,30.4 / 101,30.6 / 104
3747,NY,Blue,F,72,74.6,106.3,135,38.1,36.5,38.1,133,36.5,136,53.8,52.5,38.1 / 133,36.5 / 136
3747,NY,Blue/White Combo,F,72,72.5,103.7,132,36.7,35.8,36.7,131,35.8,133,52.2,51.5,36.7 / 131,35.8 / 133
3747,NY,White,F,72,70.2,100.1,127,35.4,34.8,35.4,124,34.8,130,50.0,50.1,35.4 / 124,34.8 / 130
3747,NY,White/Yellow Combo,F,72,66.8,93.4,113,33.5,33.3,33.5,109,33.3,116,46.4,47.0,33.5 / 109,33.3 / 116
3747,NY,Yellow,F,72,63.8,88.6,105,31.9,31.9,31.9,101,31.9,109,43.8,44.8,31.9 / 101,31.9 / 109
6736,NY,Black,M,71,73.6,99.7,141,36.7,36.9,36.7,140,36.9,141,49.7,50.0,36.7 / 140,36.9 / 141
6736,NY,Black/Green,M,71,72.6,98.5,140,36.2,36.4,36.2,139,36.4,140,49.1,49.4,36.2 / 139,36.4 / 140
6736,NY,Green,M,71,71.4,96.8,137,35.5,35.9,35.5,136,35.9,138,48.1,48.7,35.5 / 136,35.9 / 138
6736,NY,Green/White,M,71,70.8,95.8,136,35.3,35.5,35.3,134,35.5,137,47.7,48.1,35.3 / 134,35.5 / 137
6736,NY,White,M,71,70.0,94.8,133,34.7,35.3,34.7,132,35.3,134,47.0,47.8,34.7 / 132,35.3 / 134
6736,NY,Yellow,M,71,67.0,90.4,126,33.2,33.8,33.2,125,33.8,127,44.8,45.6,33.2 / 125,33.8 / 127
6736,NY,Gold Family,M,71,61.3,83.0,117,30.2,31.1,30.2,115,31.1,118,40.9,42.1,30.2 / 115,31.1 / 118
6736,NY,Blue Family,M,71,57.6,77.8,109,28.7,28.9,28.7,110,28.9,108,38.9,38.9,28.7 / 110,28.9 / 108
6736,NY,White,F,73,75.3,107.2,136,37.3,38.0,37.3,135,38.0,137,53.2,54.0,37.3 / 135,38.0 / 137
6736,NY,Yellow,F,73,71.5,101.6,128,35.6,35.9,35.6,126,35.9,129,50.5,51.1,35.6 / 126,35.9 / 129
6736,NY,Red,F,73,69.4,98.9,126,34.5,34.9,34.5,125,34.9,126,49.2,49.7,34.5 / 125,34.9 / 126
6736,NY,Gold Family,F,73,64.0,90.8,114,31.6,32.4,31.6,111,32.4,116,44.7,46.1,31.6 / 111,32.4 / 116
6736,NY,Blue Family,F,71,59.4,83.7,103,29.6,29.8,29.6,103,29.8,103,41.7,42.0,29.6 / 103,29.8 / 103
13766,NY,White/Blue,M,70,68.6,90.9,120,34.0,34.6,34.0,123,34.6,117,45.4,45.5,34.0 / 123,34.6 / 117
13766,NY,Red / Yellow,M,70,64.9,86.8,117,32.6,32.3,32.6,116,32.3,118,43.5,43.3,32.6 / 116,32.3 / 118
13766,NY,White / Blue,F,70,73.3,104.0,131,36.6,36.7,36.6,130,36.7,131,51.9,52.1,36.6 / 130,36.7 / 131
13766,NY,Red / Yellow,F,70,67.9,96.0,119,34.5,33.4,34.5,118,33.4,120,48.4,47.6,34.5 / 118,33.4 / 120
3718,NY,Blue,M,72,70.6,93.0,121,35.0,35.6,35.0,116,35.6,125,45.8,47.2,35.0 / 116,35.6 / 125
3718,NY,White,M,72,69.1,90.6,116,34.3,34.8,34.3,114,34.8,117,44.9,45.7,34.3 / 114,34.8 / 117
3718,NY,Gold,M,72,64.7,85.0,109,32.6,32.1,32.6,104,32.1,114,42.3,42.7,32.6 / 104,32.1 / 114
3718,NY,Red,M,72,64.1,83.7,106,32.2,31.9,32.2,104,31.9,107,41.9,41.8,32.2 / 104,31.9 / 107
3718,NY,Red,F,72,68.2,94.8,113,34.4,33.8,34.4,114,33.8,112,47.8,47.0,34.4 / 114,33.8 / 112
3344,NY,Black,M,71,69.4,92.6,125,35.9,33.5,35.9,130,33.5,119,48.0,44.6,35.9 / 130,33.5 / 119
3344,NY,Blue,M,71,68.0,89.1,114,34.9,33.1,34.9,118,33.1,109,45.9,43.2,34.9 / 118,33.1 / 109
3344,NY,White,M,71,66.9,87.7,112,34.4,32.5,34.4,114,32.5,110,45.0,42.7,34.4 / 114,32.5 / 110
3344,NY,Yellow,M,71,62.6,81.1,100,31.7,30.9,31.7,100,30.9,100,41.0,40.2,31.7 / 100,30.9 / 100
3344,NY,Blue,F,71,73.4,104.2,131,37.9,35.5,37.9,137,35.5,124,54.1,50.1,37.9 / 137,35.5 / 124
3344,NY,White,F,71,71.9,102.0,128,37.1,34.8,37.1,135,34.8,120,53.0,49.0,37.1 / 135,34.8 / 120
3344,NY,Yellow,F,71,66.4,92.5,111,33.9,32.5,33.9,116,32.5,105,47.6,44.9,33.9 / 116,32.5 / 105
3710,NY,Blue,M,70,69.0,90.8,117,34.6,34.4,34.6,115,34.4,119,45.3,45.5,34.6 / 115,34.4 / 119
3710,NY,White,M,70,67.3,88.7,115,33.8,33.5,33.8,112,33.5,118,44.2,44.5,33.8 / 112,33.5 / 118
3710,NY,Gold,M,70,63.7,83.4,106,31.7,32.0,31.7,100,32.0,112,41.0,42.4,31.7 / 100,32.0 / 112
3710,NY,Red,F,70,66.7,92.5,110,33.2,33.5,33.2,107,33.5,112,45.8,46.7,33.2 / 107,33.5 / 112
3795,NY,White/Black,M,65,57.1,74.0,91,28.4,28.7,28.4,93,28.7,89,37.0,37.0,28.4 / 93,28.7 / 89
3795,NY,Red/Black,M,65,56.8,72.6,85,28.1,28.7,28.1,81,28.7,89,35.6,37.0,28.1 / 81,28.7 / 89
3795,NY,Red/White,M,64,56.5,72.6,87,28.1,28.4,28.1,81,28.4,93,35.6,37.0,28.1 / 81,28.4 / 93
3795,NY,White / Black,F,66,59.7,80.7,89,29.7,30.0,29.7,90,30.0,88,40.3,40.4,29.7 / 90,30.0 / 88
3795,NY,Red/Black,F,65,59.2,80.1,89,29.2,30.0,29.2,89,30.0,88,39.7,40.4,29.2 / 89,30.0 / 88
3795,NY,Red/White,F,65,58.9,80.0,90,29.2,29.7,29.2,89,29.7,90,39.7,40.3,29.2 / 89,29.7 / 90
6876,NY,Blue,M,64,60.8,76.6,85,30.4,30.4,30.4,85,30.4,85,38.3,38.3,30.4 / 85,30.4 / 85
6876,NY,White/Blue,M,64,60.5,77.0,88,30.1,30.4,30.1,86,30.4,89,38.2,38.8,30.1 / 86,30.4 / 89
6876,NY,White,M,64,60.2,75.8,84,30.1,30.1,30.1,84,30.1,84,37.9,37.9,30.1 / 84,30.1 / 84
6876,NY,Red,M,64,59.2,74.6,83,29.6,29.6,29.6,83,29.6,83,37.3,37.3,29.6 / 83,29.6 / 83
6876,NY,Red/White,F,62,61.6,85.0,99,30.4,31.2,30.4,96,31.2,102,41.7,43.3,30.4 / 96,31.2 / 102
35519,NY,Blue,M,71,71.5,96.3,134,36.8,34.7,36.8,137,34.7,130,49.5,46.8,36.8 / 137,34.7 / 130
35519,NY,White,M,71,69.4,93.3,129,35.4,34.0,35.4,133,34.0,124,47.8,45.5,35.4 / 133,34.0 / 124
35519,NY,Gold,M,71,65.0,85.4,110,33.3,31.7,33.3,115,31.7,104,44.0,41.4,33.3 / 115,31.7 / 104
35519,NY,Red,M,71,64.2,83.9,106,32.6,31.6,32.6,110,31.6,102,42.8,41.1,32.6 / 110,31.6 / 102
35519,NY,White,F,73,75.9,107.5,134,38.9,37.0,38.9,137,37.0,131,55.1,52.4,38.9 / 137,37.0 / 131
35519,NY,Gold,F,73,69.7,99.1,125,35.7,34.0,35.7,131,34.0,118,51.2,47.9,35.7 / 131,34.0 / 118
35519,NY,Red,F,73,68.3,96.9,121,34.7,33.6,34.7,127,33.6,115,49.7,47.2,34.7 / 127,33.6 / 115
6691,NY,Black,M,70,68.5,90.7,120,35.0,33.5,35.0,126,33.5,113,46.7,44.0,35.0 / 126,33.5 / 113
6691,NY,Blue,M,70,66.7,88.5,118,34.1,32.6,34.1,121,32.6,114,45.3,43.2,34.1 / 121,32.6 / 114
6691,NY,Red,F,70,66.8,93.3,113,33.7,33.1,33.7,113,33.1,112,47.0,46.3,33.7 / 113,33.1 / 112
33833,NY,Black,M,37,37.1,48.5,123,37.1,,37.1,123,,,48.5,,37.1 / 123,/
33833,NY,White,M,37,36.5,47.7,121,36.5,,36.5,121,,,47.7,,36.5 / 121,/
33833,NY,SIlver,M,37,33.8,43.7,107,33.8,,33.8,107,,,43.7,,33.8 / 107,/
33833,NY,White,F,37,39.3,55.3,136,39.3,,39.3,136,,,55.3,,39.3 / 136,/
33833,NY,SIlver,F,37,36.5,51.0,123,36.5,,36.5,123,,,51.0,,36.5 / 123,/
33837,NY,Black,M,73,72.9,95.9,124,37.1,35.8,37.1,123,35.8,125,48.5,47.4,37.1 / 123,35.8 / 125
33837,NY,White,M,73,71.4,93.5,119,36.5,34.9,36.5,121,34.9,117,47.7,45.8,36.5 / 121,34.9 / 117
33837,NY,Silver,M,73,66.6,86.5,108,33.8,32.8,33.8,107,32.8,108,43.7,42.8,33.8 / 107,32.8 / 108
33837,NY,White,F,73,77.2,109.0,135,39.3,37.9,39.3,136,37.9,134,55.3,53.7,39.3 / 136,37.9 / 134
33837,NY,SIlver,F,73,71.6,99.8,120,36.5,35.1,36.5,123,35.1,116,51.0,48.8,36.5 / 123,35.1 / 116
33831,NY,Black,M,36,35.8,47.4,125,35.8,,35.8,125,,,47.4,,35.8 / 125,/
33831,NY,White,M,36,34.9,45.8,117,34.9,,34.9,117,,,45.8,,34.9 / 117,/
33831,NY,Silver,M,36,32.8,42.8,108,32.8,,32.8,108,,,42.8,,32.8 / 108,/
33831,NY,White,F,36,37.9,53.7,134,37.9,,37.9,134,,,53.7,,37.9 / 134,/
33831,NY,Silver,F,36,35.1,48.8,116,35.1,,35.1,116,,,48.8,,35.1 / 116,/
33835,NY,Black,M,72,71.1,94.7,127,35.8,35.3,35.8,125,35.3,129,47.4,47.3,35.8 / 125,35.3 / 129
33835,NY,White,M,72,69.1,91.7,122,34.9,34.2,34.9,117,34.2,126,45.8,45.9,34.9 / 117,34.2 / 126
33835,NY,Silver,M,72,64.8,85.2,110,32.8,32.0,32.8,108,32.0,112,42.8,42.4,32.8 / 108,32.0 / 112
33835,NY,White,F,72,75.0,107.0,136,37.9,37.1,37.9,134,37.1,137,53.7,53.3,37.9 / 134,37.1 / 137
33835,NY,SIlver,F,72,69.4,97.2,118,35.1,34.3,35.1,116,34.3,120,48.8,48.4,35.1 / 116,34.3 / 120
33832,NY,Black,M,36,35.3,47.3,129,35.3,,35.3,129,,,47.3,,35.3 / 129,/
33832,NY,White,M,36,34.2,45.9,126,34.2,,34.2,126,,,45.9,,34.2 / 126,/
33832,NY,Silver,M,36,32.0,42.4,112,32.0,,32.0,112,,,42.4,,32.0 / 112,/
33832,NY,White,F,36,37.1,53.3,137,37.1,,37.1,137,,,53.3,,37.1 / 137,/
33832,NY,Silver,F,36,34.3,48.4,120,34.3,,34.3,120,,,48.4,,34.3 / 120,/
33836,NY,Black,M,73,72.4,95.8,126,35.3,37.1,35.3,129,37.1,123,47.3,48.5,35.3 / 129,37.1 / 123
33836,NY,White,M,73,70.7,93.6,124,34.2,36.5,34.2,126,36.5,121,45.9,47.7,34.2 / 126,36.5 / 121
33836,NY,Silver,M,73,65.8,86.1,110,32.0,33.8,32.0,112,33.8,107,42.4,43.7,32.0 / 112,33.8 / 107
33836,NY,White,F,73,76.4,108.6,137,37.1,39.3,37.1,137,39.3,136,53.3,55.3,37.1 / 137,39.3 / 136
33836,NY,SIlver,F,73,70.8,99.4,122,34.3,36.5,34.3,120,36.5,123,48.4,51.0,34.3 / 120,36.5 / 123
3757,NY,Back: White/Blue,M,72,71.2,95.5,131,35.5,35.7,35.5,128,35.7,133,47.4,48.1,35.5 / 128,35.7 / 133
3757,NY,Middle: Black/Green,M,72,68.2,92.1,129,34.2,34.0,34.2,131,34.0,126,46.4,45.7,34.2 / 131,34.0 / 126
3757,NY,Front: Yellow/Red,M,72,65.8,87.8,119,32.9,32.9,32.9,116,32.9,121,43.7,44.1,32.9 / 116,32.9 / 121
3757,NY,Back: White/Blue,F,72,78.0,112.1,145,39.0,39.0,39.0,146,39.0,143,56.2,55.9,39.0 / 146,39.0 / 143
3757,NY,Middle: Black/Green,F,72,74.4,106.5,136,37.4,37.0,37.4,135,37.0,137,53.3,53.2,37.4 / 135,37.0 / 137
3757,NY,Front: Yellow/Red,F,72,71.7,101.6,127,35.7,36.0,35.7,123,36.0,131,50.2,51.4,35.7 / 123,36.0 / 131
6814,NY,White,M,68,63.8,83.4,105,31.9,31.9,31.9,105,31.9,105,41.7,41.7,31.9 / 105,31.9 / 105
6814,NY,Forward,F,68,64.8,90.2,108,32.4,32.4,32.4,108,32.4,108,45.1,45.1,32.4 / 108,32.4 / 108
3780,NY,Blue,M,72,72.8,97.4,133,36.5,36.3,36.5,129,36.3,136,48.5,48.9,36.5 / 129,36.3 / 136
3780,NY,White,M,72,69.8,93.8,129,34.6,35.2,34.6,126,35.2,132,46.3,47.5,34.6 / 126,35.2 / 132
3780,NY,Yellow,M,72,64.5,85.8,115,32.2,32.3,32.2,118,32.3,111,43.2,42.6,32.2 / 118,32.3 / 111
3780,NY,Red,F,74,69.0,96.8,118,34.8,34.2,34.8,119,34.2,117,48.8,48.0,34.8 / 119,34.2 / 117
3330,NY,Blue,M,71,70.5,94.8,131,35.8,34.7,35.8,128,34.7,133,47.7,47.1,35.8 / 128,34.7 / 133
3330,NY,White,M,71,68.3,91.4,125,34.7,33.6,34.7,128,33.6,121,46.6,44.8,34.7 / 128,33.6 / 121
3330,NY,Gold,M,71,66.7,87.9,114,33.6,33.1,33.6,115,33.1,113,44.3,43.6,33.6 / 115,33.1 / 113
3330,NY,Red,M,71,64.6,85.3,112,32.1,32.5,32.1,112,32.5,111,42.5,42.8,32.1 / 112,32.5 / 111
3330,NY,Orange,M,71,62.1,81.9,107,31.3,30.8,31.3,107,30.8,107,41.2,40.7,31.3 / 107,30.8 / 107
3330,NY,White,F,71,73.9,105.4,134,37.4,36.5,37.4,131,36.5,136,52.9,52.5,37.4 / 131,36.5 / 136
3330,NY,Gold,F,71,70.9,100.3,125,35.7,35.2,35.7,127,35.2,122,50.7,49.6,35.7 / 127,35.2 / 122
3330,NY,Red,F,71,69.1,96.4,116,34.6,34.5,34.6,116,34.5,115,48.3,48.1,34.6 / 116,34.5 / 115
3330,NY,Orange,F,71,65.3,90.9,109,32.9,32.4,32.9,114,32.4,103,46.3,44.6,32.9 / 114,32.4 / 103
3329,NY,Blue,M,72,72.4,97.8,137,37.0,35.4,37.0,140,35.4,133,50.0,47.8,37.0 / 140,35.4 / 133
3329,NY,White,M,72,70.5,94.9,132,35.9,34.6,35.9,136,34.6,127,48.5,46.4,35.9 / 136,34.6 / 127
3329,NY,Gold,M,72,67.1,89.8,122,34.2,32.9,34.2,130,32.9,114,46.3,43.5,34.2 / 130,32.9 / 114
3329,NY,Red,M,72,65.2,86.2,113,32.9,32.3,32.9,121,32.3,105,44.1,42.1,32.9 / 121,32.3 / 105
3329,NY,White,F,72,76.4,110.1,143,39.1,37.3,39.1,143,37.3,142,56.0,54.1,39.1 / 143,37.3 / 142
3329,NY,Gold,F,72,72.2,102.9,130,37.3,34.9,37.3,131,34.9,129,52.8,50.1,37.3 / 131,34.9 / 129
3329,NY,Red,F,72,69.0,97.7,122,35.3,33.7,35.3,121,33.7,122,49.6,48.1,35.3 / 121,33.7 / 122
3301,NY,Blue,M,72,71.4,96.8,137,35.3,36.1,35.3,138,36.1,136,48.1,48.7,35.3 / 138,36.1 / 136
3301,NY,White,M,72,69.8,94.0,130,34.7,35.1,34.7,130,35.1,130,46.8,47.2,34.7 / 130,35.1 / 130
3301,NY,Gold,M,72,67.1,89.5,121,33.2,33.9,33.2,121,33.9,121,44.4,45.1,33.2 / 121,33.9 / 121
3301,NY,Red,M,72,64.1,85.2,114,31.7,32.4,31.7,113,32.4,114,42.2,43.0,31.7 / 113,32.4 / 114
3301,NY,Gold,F,72,72.3,103.1,131,35.6,36.7,35.6,132,36.7,129,51.2,51.9,35.6 / 132,36.7 / 129
3301,NY,Red,F,72,69.6,98.9,125,34.3,35.3,34.3,126,35.3,123,49.1,49.8,34.3 / 126,35.3 / 123
6659,NY,Championship,M,72,72.4,96.9,132,35.4,37.0,35.4,124,37.0,140,46.9,50.0,35.4 / 124,37.0 / 140
6659,NY,Back,M,72,69.9,93.6,127,33.9,36.0,33.9,122,36.0,133,45.2,48.4,33.9 / 122,36.0 / 133
6659,NY,Middle,M,72,67.1,89.1,119,33.0,34.1,33.0,113,34.1,124,43.5,45.6,33.0 / 113,34.1 / 124
6659,NY,Forward,M,72,64.2,85.1,113,31.3,32.9,31.3,107,32.9,118,41.2,43.9,31.3 / 107,32.9 / 118
6659,NY,Blue,F,72,75.5,106.5,132,36.5,39.0,36.5,123,39.0,140,51.0,55.5,36.5 / 123,39.0 / 140
6659,NY,Middle,F,72,72.4,102.1,126,35.3,37.1,35.3,120,37.1,131,49.5,52.6,35.3 / 120,37.1 / 131
6659,NY,Forward,F,72,69.1,96.5,116,33.4,35.7,33.4,110,35.7,122,46.4,50.1,33.4 / 110,35.7 / 122
6717,NY,Black,M,71,71.8,96.5,133,36.8,35.0,36.8,136,35.0,130,49.4,47.1,36.8 / 136,35.0 / 130
6717,NY,Blue,M,71,70.9,95.4,132,36.3,34.6,36.3,135,34.6,129,48.8,46.6,36.3 / 135,34.6 / 129
6717,NY,Blue/White,M,71,70.2,94.1,129,36.1,34.1,36.1,130,34.1,127,48.2,45.9,36.1 / 130,34.1 / 127
6717,NY,White,M,71,69.4,93.0,127,35.6,33.8,35.6,127,33.8,127,47.4,45.6,35.6 / 127,33.8 / 127
6717,NY,White/Yellow,M,71,68.0,91.4,126,34.9,33.1,34.9,125,33.1,127,46.5,44.9,34.9 / 125,33.1 / 127
6717,NY,Yellow,M,71,66.7,89.7,124,34.4,32.3,34.4,123,32.3,125,45.8,43.9,34.4 / 123,32.3 / 125
6717,NY,White,F,73,74.8,106.2,133,38.6,36.2,38.6,137,36.2,129,54.8,51.4,38.6 / 137,36.2 / 129
6717,NY,Yellow,F,72,72.2,101.7,125,37.5,34.7,37.5,130,34.7,120,52.8,48.9,37.5 / 130,34.7 / 120
6717,NY,Green,F,72,69.9,98.6,122,36.3,33.6,36.3,125,33.6,119,51.0,47.6,36.3 / 125,33.6 / 119
3684,NY,Black,M,70,68.4,88.4,108,34.0,34.4,34.0,111,34.4,104,44.3,44.1,34.0 / 111,34.4 / 104
3684,NY,Blue,M,70,67.5,87.0,105,33.6,33.9,33.6,108,33.9,102,43.6,43.4,33.6 / 108,33.9 / 102
3684,NY,White,M,70,65.7,85.0,104,32.8,32.9,32.8,107,32.9,101,42.7,42.3,32.8 / 107,32.9 / 101
3684,NY,Green,M,70,60.7,79.6,102,30.2,30.5,30.2,108,30.5,96,40.2,39.4,30.2 / 108,30.5 / 96
3684,NY,White,F,74,69.9,96.8,114,34.8,35.1,34.8,114,35.1,114,48.3,48.5,34.8 / 114,35.1 / 114
3684,NY,Red,F,74,68.5,94.4,110,34.0,34.5,34.0,110,34.5,109,47.0,47.4,34.0 / 110,34.5 / 109
3684,NY,Green,F,74,63.7,87.3,100,31.9,31.8,31.9,101,31.8,99,43.8,43.5,31.9 / 101,31.8 / 99
23674,NY,Black,M,70,71.7,95.7,130,34.6,37.1,34.6,124,37.1,135,46.1,49.6,34.6 / 124,37.1 / 135
23674,NY,Blue,M,70,70.6,94.3,128,34.1,36.5,34.1,124,36.5,131,45.6,48.7,34.1 / 124,36.5 / 131
23674,NY,White/Blue,M,70,69.7,93.0,126,33.9,35.8,33.9,121,35.8,130,45.1,47.9,33.9 / 121,35.8 / 130
23674,NY,White,M,70,68.8,91.8,124,33.4,35.4,33.4,119,35.4,128,44.5,47.3,33.4 / 119,35.4 / 128
23674,NY,Red,M,70,66.6,88.8,120,32.1,34.5,32.1,114,34.5,125,42.7,46.1,32.1 / 114,34.5 / 125
23674,NY,Family Yellow,M,71,60.3,79.7,105,29.7,30.6,29.7,102,30.6,107,39.2,40.5,29.7 / 102,30.6 / 107
23674,NY,Family Blue,M,71,56.3,74.2,97,27.8,28.5,27.8,96,28.5,97,36.7,37.5,27.8 / 96,28.5 / 97
23674,NY,White,F,73,74.5,105.7,133,36.2,38.3,36.2,130,38.3,135,51.5,54.2,36.2 / 130,38.3 / 135
23674,NY,Red,F,73,71.8,101.7,127,34.7,37.1,34.7,125,37.1,129,49.4,52.3,34.7 / 125,37.1 / 129
23674,NY,Family Yellow,F,71,63.0,88.5,108,31.1,31.9,31.1,109,31.9,107,44.0,44.5,31.1 / 109,31.9 / 107
23674,NY,Family Blue,F,71,58.5,81.7,99,29.1,29.4,29.1,101,29.4,96,41.0,40.7,29.1 / 101,29.4 / 96
6625,NY,Blue,M,72,72.0,95.4,126,36.5,35.5,36.5,123,35.5,129,47.9,47.5,36.5 / 123,35.5 / 129
6625,NY,White,M,72,70.6,93.0,121,35.7,34.9,35.7,120,34.9,121,46.9,46.1,35.7 / 120,34.9 / 121
6625,NY,Gold,M,72,67.5,88.2,112,34.0,33.5,34.0,116,33.5,108,44.7,43.5,34.0 / 116,33.5 / 108
6625,NY,White,F,72,74.6,105.8,133,38.1,36.5,38.1,131,36.5,134,53.5,52.3,38.1 / 131,36.5 / 134
6625,NY,Gold,F,72,71.6,100.9,125,36.4,35.2,36.4,124,35.2,125,51.0,49.9,36.4 / 124,35.2 / 125
6625,NY,Red,F,72,69.6,96.6,115,34.8,34.8,34.8,115,34.8,114,48.4,48.2,34.8 / 115,34.8 / 114
9334,NY,Black,M,72,75.1,102.3,147,37.1,38.0,37.1,141,38.0,152,50.2,52.1,37.1 / 141,38.0 / 152
9334,NY,Black/Blue Combo,M,72,73.9,99.8,140,36.5,37.4,36.5,136,37.4,143,49.1,50.7,36.5 / 136,37.4 / 143
9334,NY,Blue,M,72,72.9,98.8,140,36.2,36.7,36.2,138,36.7,141,49.0,49.8,36.2 / 138,36.7 / 141
9334,NY,Blue/White Combo,M,71,71.8,96.3,132,35.7,36.1,35.7,130,36.1,133,47.8,48.5,35.7 / 130,36.1 / 133
9334,NY,White,M,72,70.1,94.2,130,34.8,35.3,34.8,127,35.3,132,46.6,47.6,34.8 / 127,35.3 / 132
9334,NY,White/Gold Combo,M,72,68.6,92.0,126,34.5,34.1,34.5,124,34.1,128,46.0,46.0,34.5 / 124,34.1 / 128
9334,NY,Gold,M,72,66.9,90.8,129,33.2,33.7,33.2,126,33.7,131,44.9,45.9,33.2 / 126,33.7 / 131
9334,NY,Green,M,72,64.7,85.9,114,32.3,32.4,32.3,112,32.4,116,42.7,43.2,32.3 / 112,32.4 / 116
9334,NY,Blue,F,72,79.2,114.1,148,39.4,39.8,39.4,143,39.8,153,56.3,57.8,39.4 / 143,39.8 / 153
9334,NY,White,F,72,76.0,108.8,139,37.7,38.3,37.7,134,38.3,144,53.5,55.3,37.7 / 134,38.3 / 144
9334,NY,Gold,F,72,72.3,103.2,131,36.0,36.3,36.0,129,36.3,133,51.2,52.0,36.0 / 129,36.3 / 133
9334,NY,Gold/Green Combo,F,72,70.8,101.6,131,35.2,35.6,35.2,129,35.6,132,50.4,51.2,35.2 / 129,35.6 / 132
9334,NY,Green,F,72,69.3,99.3,128,34.5,34.8,34.5,126,34.8,129,49.3,50.0,34.5 / 126,34.8 / 129
20795,NY,White/Blue,M,71,68.7,91.9,125,34.2,34.5,34.2,124,34.5,126,45.7,46.2,34.2 / 124,34.5 / 126
20795,NY,Green/Black,M,71,65.5,86.8,115,32.5,33.0,32.5,116,33.0,113,43.3,43.5,32.5 / 116,33.0 / 113
20795,NY,Green/Black,F,73,70.6,100.3,126,35.2,35.4,35.2,125,35.4,127,49.9,50.4,35.2 / 125,35.4 / 127
20795,NY,Red/Yellow,F,73,69.0,97.8,122,34.5,34.5,34.5,122,34.5,122,48.9,48.9,34.5 / 122,34.5 / 122
3310,NY,Gold,M,72,73.7,99.1,137,36.8,36.9,36.8,140,36.9,133,49.8,49.3,36.8 / 140,36.9 / 133
3310,NY,Blue,M,72,72.5,97.9,137,36.3,36.2,36.3,140,36.2,133,49.3,48.6,36.3 / 140,36.2 / 133
3310,NY,White,M,72,70.8,94.2,126,35.2,35.6,35.2,128,35.6,124,47.1,47.1,35.2 / 128,35.6 / 124
3310,NY,White/Black Hybrid,M,72,68.5,91.6,125,34.4,34.1,34.4,124,34.1,125,45.9,45.7,34.4 / 124,34.1 / 125
3310,NY,Black,M,72,67.6,90.3,123,33.9,33.7,33.9,122,33.7,123,45.2,45.1,33.9 / 122,33.7 / 123
3310,NY,Silver,M,72,65.2,86.0,112,32.6,32.6,32.6,117,32.6,107,43.5,42.5,32.6 / 117,32.6 / 107
3310,NY,White,F,72,77.0,110.1,141,38.2,38.8,38.2,142,38.8,139,54.9,55.2,38.2 / 142,38.8 / 139
3310,NY,White/Black Hybrid,F,72,74.1,105.5,133,37.0,37.1,37.0,135,37.1,131,52.9,52.6,37.0 / 135,37.1 / 131
3310,NY,Black,F,72,72.9,103.5,130,36.2,36.7,36.2,131,36.7,128,51.7,51.8,36.2 / 131,36.7 / 128
3310,NY,Silver,F,72,70.4,99.1,122,35.2,35.2,35.2,125,35.2,119,49.9,49.2,35.2 / 125,35.2 / 119
3362,NY,Black,M,71,74.3,99.5,136,37.1,37.2,37.1,137,37.2,135,49.8,49.7,37.1 / 137,37.2 / 135
3362,NY,Blue,M,72,72.2,97.1,134,35.9,36.3,35.9,133,36.3,135,48.3,48.8,35.9 / 133,36.3 / 135
3362,NY,White,M,72,70.1,93.7,127,35.1,35.0,35.1,126,35.0,128,46.8,46.9,35.1 / 126,35.0 / 128
3362,NY,Gold,M,72,68.1,90.2,119,33.8,34.3,33.8,116,34.3,122,44.6,45.6,33.8 / 116,34.3 / 122
3362,NY,Red,M,72,66.7,88.1,115,33.4,33.3,33.4,114,33.3,116,44.0,44.1,33.4 / 114,33.3 / 116
3362,NY,White,F,73,76.2,108.1,136,38.1,38.1,38.1,136,38.1,135,54.1,54.0,38.1 / 136,38.1 / 135
3362,NY,Gold,F,73,73.7,104.3,130,36.5,37.2,36.5,125,37.2,135,51.2,53.1,36.5 / 125,37.2 / 135
3362,NY,Red,F,73,71.9,101.6,126,36.1,35.8,36.1,123,35.8,129,50.6,51.0,36.1 / 123,35.8 / 129
31149,NY,White / Blue,M,72,70.2,92.7,121,34.9,35.3,34.9,119,35.3,123,46.0,46.7,34.9 / 119,35.3 / 123
31149,NY,Gold,M,72,66.2,87.0,112,33.1,33.1,33.1,112,33.1,112,43.5,43.5,33.1 / 112,33.1 / 112
31149,NY,Red,F,72,67.8,94.8,114,33.9,33.9,33.9,114,33.9,114,47.4,47.4,33.9 / 114,33.9 / 114
9345,NY,Blue,M,71,71.0,94.5,127,36.3,34.7,36.3,125,34.7,128,47.9,46.6,36.3 / 125,34.7 / 128
9345,NY,White,M,71,69.8,93.1,126,35.8,34.0,35.8,125,34.0,126,47.4,45.7,35.8 / 125,34.0 / 126
9345,NY,Yellow,M,71,67.2,89.5,120,34.9,32.3,34.9,122,32.3,118,46.2,43.3,34.9 / 122,32.3 / 118
9345,NY,Yellow,F,71,72.4,100.5,119,37.7,34.7,37.7,126,34.7,112,52.6,47.9,37.7 / 126,34.7 / 112
9345,NY,Red,F,71,70.6,98.5,118,36.5,34.1,36.5,122,34.1,114,50.9,47.6,36.5 / 122,34.1 / 114
9345,NY,Silver,F,71,66.6,92.1,108,34.4,32.2,34.4,111,32.2,105,47.5,44.6,34.4 / 111,32.2 / 105
6572,NY,Black,M,72,72.4,97.4,135,36.3,36.1,36.3,133,36.1,136,48.7,48.7,36.3 / 133,36.1 / 136
6572,NY,Blue,M,72,70.8,94.9,131,35.4,35.4,35.4,129,35.4,132,47.3,47.6,35.4 / 129,35.4 / 132
6572,NY,White,M,72,67.8,91.0,124,33.7,34.1,33.7,122,34.1,126,45.1,45.9,33.7 / 122,34.1 / 126
6572,NY,White/Red,F,72,71.8,102.4,130,36.2,35.6,36.2,132,35.6,127,51.8,50.6,36.2 / 132,35.6 / 127
6572,NY,Red,F,72,71.0,101.3,129,35.6,35.4,35.6,131,35.4,126,51.0,50.3,35.6 / 131,35.4 / 126
6572,NY,White,F,0,70.2,99.2,124,34.4,35.8,34.4,123,35.8,124,48.8,50.4,34.4 / 123,35.8 / 124
6683,NY,Black,M,70,70.0,94.9,134,35.5,34.5,35.5,138,34.5,130,48.3,46.6,35.5 / 138,34.5 / 130
6683,NY,Gray,M,70,68.0,92.0,130,34.4,33.6,34.4,135,33.6,124,46.9,45.1,34.4 / 135,33.6 / 124
6683,NY,White,M,70,63.6,85.6,119,32.1,31.5,32.1,128,31.5,109,44.0,41.6,32.1 / 128,31.5 / 109
6683,NY,Gold,M,70,62.4,83.3,113,31.6,30.8,31.6,124,30.8,101,43.1,40.2,31.6 / 124,30.8 / 101
6683,NY,Gray,F,70,73.5,104.5,132,37.1,36.4,37.1,135,36.4,128,53.0,51.5,37.1 / 135,36.4 / 128
6683,NY,White,F,67,68.7,97.4,122,34.7,34.0,34.7,126,34.0,118,49.5,47.9,34.7 / 126,34.0 / 118
6683,NY,Gold,F,67,67.0,95.1,120,33.8,33.2,33.8,125,33.2,114,48.5,46.6,33.8 / 125,33.2 / 114
13728,NY,Blue,M,72,72.2,96.3,130,36.3,35.9,36.3,130,35.9,129,48.4,47.9,36.3 / 130,35.9 / 129
13728,NY,White,M,72,69.3,92.9,127,34.7,34.6,34.7,127,34.6,127,46.5,46.4,34.7 / 127,34.6 / 127
13728,NY,Gold,M,72,66.5,89.5,123,33.6,32.9,33.6,124,32.9,121,45.1,44.1,33.6 / 124,32.9 / 121
13728,NY,Red,M,72,65.7,88.5,120,33.2,32.5,33.2,122,32.5,118,44.5,43.5,33.2 / 122,32.5 / 118
13728,NY,White,F,72,74.7,106.5,135,37.5,37.2,37.5,136,37.2,134,53.5,53.0,37.5 / 136,37.2 / 134
13728,NY,Gold,F,72,71.4,101.9,129,36.2,35.2,36.2,131,35.2,126,51.6,50.0,36.2 / 131,35.2 / 126
13728,NY,Red,F,72,70.3,99.9,126,35.7,34.6,35.7,128,34.6,123,50.8,49.1,35.7 / 128,34.6 / 123
34469,NY,Par 3 Tee,M,54,51.8,66.0,76,25.9,25.9,25.9,76,25.9,76,33.0,33.0,25.9 / 76,25.9 / 76
34469,NY,Par 3 Tee,F,54,54.8,73.6,80,27.4,27.4,27.4,80,27.4,80,36.8,36.8,27.4 / 80,27.4 / 80
23877,NY,Blue,M,71,73.2,98.1,134,37.7,35.5,37.7,138,35.5,130,50.5,47.6,37.7 / 138,35.5 / 130
23877,NY,Blue/White,M,71,72.0,96.5,132,36.8,35.2,36.8,133,35.2,130,49.2,47.3,36.8 / 133,35.2 / 130
23877,NY,White,M,71,70.6,94.4,128,36.1,34.5,36.1,128,34.5,128,48.0,46.4,36.1 / 128,34.5 / 128
23877,NY,Silver,M,71,68.6,91.6,124,34.9,33.7,34.9,124,33.7,124,46.4,45.2,34.9 / 124,33.7 / 124
23877,NY,Red,M,71,67.0,89.4,121,34.3,32.7,34.3,121,32.7,121,45.5,43.9,34.3 / 121,32.7 / 121
23877,NY,Yellow,M,71,65.1,86.9,118,32.1,33.0,32.1,122,33.0,113,43.4,43.5,32.1 / 122,33.0 / 113
23877,NY,White,F,72,76.3,108.9,138,39.0,37.3,39.0,144,37.3,132,56.0,52.9,39.0 / 144,37.3 / 132
23877,NY,Silver,F,72,73.9,105.3,133,37.7,36.2,37.7,139,36.2,127,54.1,51.2,37.7 / 139,36.2 / 127
23877,NY,Red,F,72,72.1,103.2,132,36.9,35.2,36.9,136,35.2,128,52.9,50.3,36.9 / 136,35.2 / 128
23877,NY,Yellow,F,72,69.8,99.0,124,35.7,34.1,35.7,126,34.1,121,50.6,48.4,35.7 / 126,34.1 / 121
35583,NY,Blue Upper/Lower Loop,M,71,73.2,98.0,134,36.7,36.5,36.7,133,36.5,135,49.0,49.0,36.7 / 133,36.5 / 135
35583,NY,Blue/White Upper/Lower Loop,M,71,72.0,96.6,132,36.1,35.9,36.1,131,35.9,133,48.3,48.3,36.1 / 131,35.9 / 133
35583,NY,White Upper/Lower Loop,M,71,70.6,94.4,128,35.5,35.1,35.5,130,35.1,126,47.6,46.8,35.5 / 130,35.1 / 126
35583,NY,Silver Upper/Lower Loop,M,71,68.6,91.6,124,34.4,34.2,34.4,124,34.2,124,45.9,45.7,34.4 / 124,34.2 / 124
35583,NY,Red Upper/Lower Loop,F,72,72.1,103.1,132,36.8,35.3,36.8,136,35.3,127,52.8,50.3,36.8 / 136,35.3 / 127
35583,NY,Yellow Upper/Lower Loop,F,72,69.8,98.9,124,35.7,34.1,35.7,129,34.1,117,50.9,48.0,35.7 / 129,34.1 / 117
6750,NY,Black,M,72,74.2,101.1,145,37.0,37.2,37.0,144,37.2,145,50.4,50.7,37.0 / 144,37.2 / 145
6750,NY,Black/Blue,M,72,73.1,99.3,142,36.3,36.8,36.3,140,36.8,143,49.2,50.1,36.3 / 140,36.8 / 143
6750,NY,Blue,M,72,72.3,98.3,141,36.0,36.3,36.0,139,36.3,142,48.9,49.4,36.0 / 139,36.3 / 142
6750,NY,Blue/White,M,72,71.5,96.8,137,35.5,36.0,35.5,136,36.0,138,48.0,48.8,35.5 / 136,36.0 / 138
6750,NY,White,M,72,71.0,96.0,135,35.2,35.8,35.2,134,35.8,135,47.7,48.3,35.2 / 134,35.8 / 135
6750,NY,White/Green,M,72,68.3,92.5,131,33.9,34.4,33.9,126,34.4,135,45.6,46.9,33.9 / 126,34.4 / 135
6750,NY,Blue/White,F,73,77.8,114.1,154,38.9,38.9,38.9,153,38.9,154,57.0,57.1,38.9 / 153,38.9 / 154
6750,NY,White,F,73,77.2,112.1,149,38.6,38.6,38.6,145,38.6,152,55.7,56.4,38.6 / 145,38.6 / 152
6750,NY,White/Green,F,73,74.3,107.5,141,37.2,37.1,37.2,138,37.1,143,53.5,54.0,37.2 / 138,37.1 / 143
6730,NY,Black,M,70,70.0,94.1,130,35.6,34.4,35.6,132,34.4,127,47.9,46.2,35.6 / 132,34.4 / 127
6730,NY,Black/White,M,70,69.2,92.9,128,35.2,34.0,35.2,129,34.0,126,47.2,45.7,35.2 / 129,34.0 / 126
6730,NY,White,M,70,68.7,92.1,126,34.9,33.8,34.9,128,33.8,124,46.8,45.3,34.9 / 128,33.8 / 124
6730,NY,White/Gold,M,70,66.8,89.8,124,33.8,33.0,33.8,125,33.0,123,45.4,44.4,33.8 / 125,33.0 / 123
6730,NY,Gold,M,70,64.7,86.4,117,32.9,31.8,32.9,115,31.8,118,43.6,42.8,32.9 / 115,31.8 / 118
6730,NY,Gold/Green,M,70,64.0,85.4,116,32.6,31.4,32.6,115,31.4,116,43.2,42.2,32.6 / 115,31.4 / 116
6730,NY,Green,M,70,63.6,84.8,114,32.6,31.0,32.6,113,31.0,115,43.1,41.7,32.6 / 113,31.0 / 115
6730,NY,White,F,71,74.8,106.6,135,37.7,37.1,37.7,138,37.1,131,54.0,52.6,37.7 / 138,37.1 / 131
6730,NY,White/Gold,F,71,72.5,103.1,130,36.3,36.2,36.3,131,36.2,128,51.8,51.3,36.3 / 131,36.2 / 128
6730,NY,Gold,F,71,70.9,101.0,127,35.5,35.4,35.5,131,35.4,123,51.0,50.0,35.5 / 131,35.4 / 123
6730,NY,Gold/Green,F,71,69.9,99.1,125,35.2,34.7,35.2,125,34.7,123,49.9,49.2,35.2 / 125,34.7 / 123
6730,NY,Green,F,71,68.6,97.7,124,35.3,33.3,35.3,128,33.3,118,50.4,47.3,35.3 / 128,33.3 / 118
3700,NY,Black,M,72,71.5,96.8,137,35.0,36.5,35.0,136,36.5,137,47.6,49.2,35.0 / 136,36.5 / 137
3700,NY,Green,M,72,69.7,94.0,131,34.3,35.4,34.3,132,35.4,129,46.6,47.4,34.3 / 132,35.4 / 129
3700,NY,Gold,M,72,67.8,91.2,126,33.7,34.1,33.7,131,34.1,121,45.9,45.3,33.7 / 131,34.1 / 121
3700,NY,Silver,M,72,65.7,88.3,122,32.7,33.0,32.7,124,33.0,119,44.2,44.1,32.7 / 124,33.0 / 119
3700,NY,Orange / Silver,M,72,63.2,84.0,112,31.6,31.6,31.6,113,31.6,111,42.1,41.9,31.6 / 113,31.6 / 111
3700,NY,Gold,F,72,73.8,104.7,131,36.9,36.9,36.9,131,36.9,131,52.4,52.4,36.9 / 131,36.9 / 131
3700,NY,Silver,F,72,70.8,100.2,125,35.3,35.5,35.3,126,35.5,124,50.1,50.1,35.3 / 126,35.5 / 124
3700,NY,Orange / Silver,F,72,67.1,95.5,121,33.3,33.8,33.3,123,33.8,118,47.8,47.7,33.3 / 123,33.8 / 118
3699,NY,Black,M,72,71.3,96.3,135,36.5,34.8,36.5,137,34.8,132,49.2,47.1,36.5 / 137,34.8 / 132
3699,NY,Green,M,72,69.5,93.3,128,35.4,34.1,35.4,129,34.1,127,47.4,45.9,35.4 / 129,34.1 / 127
3699,NY,Gold,M,72,67.4,89.8,121,34.1,33.3,34.1,121,33.3,121,45.3,44.5,34.1 / 121,33.3 / 121
3699,NY,Silver,M,72,65.3,86.9,116,33.0,32.3,33.0,119,32.3,113,44.1,42.8,33.0 / 119,32.3 / 113
3699,NY,Orange / SIlver,M,72,63.0,83.0,108,31.6,31.4,31.6,111,31.4,104,41.9,41.1,31.6 / 111,31.4 / 104
3699,NY,Gold,F,72,72.4,103.0,130,36.9,35.5,36.9,131,35.5,129,52.3,50.7,36.9 / 131,35.5 / 129
3699,NY,Silver,F,72,70.2,99.8,126,35.5,34.7,35.5,125,34.7,126,50.2,49.6,35.5 / 125,34.7 / 126
3699,NY,Orange / Silver,F,72,67.1,95.2,119,33.8,33.3,33.8,118,33.3,120,47.7,47.5,33.8 / 118,33.3 / 120
3701,NY,Black,M,72,69.8,94.7,134,34.8,35.0,34.8,132,35.0,136,47.1,47.6,34.8 / 132,35.0 / 136
3701,NY,Green,M,72,68.4,92.5,130,34.1,34.3,34.1,127,34.3,132,45.9,46.6,34.1 / 127,34.3 / 132
3701,NY,Gold,M,72,67.0,90.4,126,33.3,33.7,33.3,121,33.7,131,44.5,45.9,33.3 / 121,33.7 / 131
3701,NY,Silver,M,72,65.0,87.0,119,32.3,32.7,32.3,113,32.7,124,42.8,44.2,32.3 / 113,32.7 / 124
3701,NY,Orange / Silver,M,72,63.0,83.2,109,31.4,31.6,31.4,104,31.6,113,41.1,42.1,31.4 / 104,31.6 / 113
3701,NY,Gold,F,72,72.4,103.1,130,35.5,36.9,35.5,129,36.9,131,50.7,52.4,35.5 / 129,36.9 / 131
3701,NY,Silver,F,72,70.0,99.7,126,34.7,35.3,34.7,126,35.3,126,49.6,50.1,34.7 / 126,35.3 / 126
3701,NY,Orange / Silver,F,72,66.6,95.3,122,33.3,33.3,33.3,120,33.3,123,47.5,47.8,33.3 / 120,33.3 / 123
6823,NY,Black,M,70,73.2,100.0,140,37.0,36.2,37.0,142,36.2,138,50.2,49.0,37.0 / 142,36.2 / 138
6823,NY,Red,M,70,72.3,98.2,137,36.5,35.8,36.5,140,35.8,136,49.5,48.4,36.5 / 140,35.8 / 136
6823,NY,Red/White,M,70,71.5,96.8,136,36.1,35.4,36.1,138,35.4,135,48.9,47.9,36.1 / 138,35.4 / 135
6823,NY,White,M,70,70.9,96.6,135,35.8,35.1,35.8,137,35.1,133,48.5,47.5,35.8 / 137,35.1 / 133
6823,NY,White/Blue,M,70,68.4,92.5,129,34.5,33.9,34.5,130,33.9,129,46.6,45.9,34.5 / 130,33.9 / 129
6823,NY,Blue,M,70,67.2,90.6,125,33.7,33.5,33.7,124,33.5,126,45.3,45.3,33.7 / 124,33.5 / 126
6823,NY,Green,M,68,65.7,88.3,122,33.2,32.5,33.2,120,32.5,124,44.3,44.0,33.2 / 120,32.5 / 124
6823,NY,Blue,F,72,72.1,103.6,134,35.9,36.2,35.9,130,36.2,137,51.2,52.4,35.9 / 130,36.2 / 137
6823,NY,Green,F,72,70.3,100.1,127,35.3,35.0,35.3,126,35.0,127,50.1,50.0,35.3 / 126,35.0 / 127
3736,NY,Green,M,72,72.1,98.1,140,36.1,36.0,36.1,139,36.0,141,49.0,49.1,36.1 / 139,36.0 / 141
3736,NY,White,M,72,70.5,95.6,135,35.2,35.3,35.2,132,35.3,138,47.5,48.1,35.2 / 132,35.3 / 138
3736,NY,Gold,M,72,67.5,90.0,122,33.8,33.7,33.8,122,33.7,121,45.1,44.9,33.8 / 122,33.7 / 121
3736,NY,Red,F,72,69.7,99.4,126,35.4,34.3,35.4,128,34.3,124,50.5,48.9,35.4 / 128,34.3 / 124
6808,NY,Black,M,72,73.7,98.0,131,36.3,37.4,36.3,130,37.4,131,48.4,49.6,36.3 / 130,37.4 / 131
6808,NY,Blue,M,72,72.1,95.9,128,35.4,36.7,35.4,128,36.7,128,47.3,48.6,35.4 / 128,36.7 / 128
6808,NY,Blue/White,M,72,71.4,94.8,126,35.1,36.3,35.1,126,36.3,126,46.8,48.0,35.1 / 126,36.3 / 126
6808,NY,White,M,72,70.9,93.9,124,34.7,36.2,34.7,124,36.2,124,46.2,47.7,34.7 / 124,36.2 / 124
6808,NY,Yellow,M,72,68.1,90.2,119,33.0,35.1,33.0,118,35.1,119,44.0,46.2,33.0 / 118,35.1 / 119
6808,NY,White,F,72,76.7,108.8,136,37.5,39.2,37.5,133,39.2,139,53.2,55.6,37.5 / 133,39.2 / 139
6808,NY,Yellow,F,72,73.3,103.8,130,35.6,37.7,35.6,125,37.7,134,50.3,53.5,35.6 / 125,37.7 / 134
6808,NY,Red,F,72,70.6,100.1,125,34.6,36.0,34.6,122,36.0,128,49.0,51.1,34.6 / 122,36.0 / 128
13706,NY,Black,M,71,73.7,100.8,146,36.8,36.9,36.8,152,36.9,140,50.9,49.9,36.8 / 152,36.9 / 140
13706,NY,Blue,M,71,72.4,98.9,143,36.3,36.1,36.3,149,36.1,137,50.1,48.8,36.3 / 149,36.1 / 137
13706,NY,White,M,71,70.7,96.5,139,35.5,35.2,35.5,142,35.2,136,48.7,47.8,35.5 / 142,35.2 / 136
13706,NY,Green,M,71,69.0,94.0,135,34.8,34.2,34.8,132,34.2,137,47.1,46.9,34.8 / 132,34.2 / 137
13706,NY,Green/Red,M,71,68.5,93.3,133,34.6,33.9,34.6,132,33.9,134,46.9,46.4,34.6 / 132,33.9 / 134
13706,NY,Red,M,71,66.0,89.2,125,33.2,32.8,33.2,124,32.8,126,44.7,44.5,33.2 / 124,32.8 / 126
13706,NY,Yellow,M,71,62.9,84.7,117,31.7,31.2,31.7,116,31.2,118,42.5,42.2,31.7 / 116,31.2 / 118
13706,NY,White,F,71,77.0,112.0,148,38.3,38.7,38.3,148,38.7,148,55.8,56.2,38.3 / 148,38.7 / 148
13706,NY,Green,F,71,75.0,109.0,144,37.6,37.4,37.6,144,37.4,144,54.6,54.4,37.6 / 144,37.4 / 144
13706,NY,Green/Red,F,71,73.1,106.1,140,36.7,36.4,36.7,140,36.4,140,53.2,52.9,36.7 / 140,36.4 / 140
13706,NY,Red,F,71,71.3,103.6,137,35.6,35.7,35.6,137,35.7,137,51.7,51.9,35.6 / 137,35.7 / 137
13706,NY,Red/Yellow,F,71,68.9,99.0,128,34.7,34.2,34.7,132,34.2,123,50.3,48.7,34.7 / 132,34.2 / 123
13706,NY,Yellow,F,71,67.2,96.4,124,33.9,33.3,33.9,127,33.3,120,48.9,47.5,33.9 / 127,33.3 / 120
3783,NY,Blue,M,71,71.0,95.7,133,35.3,35.7,35.3,131,35.7,135,47.5,48.2,35.3 / 131,35.7 / 135
3783,NY,White,M,71,70.0,94.1,130,34.9,35.1,34.9,126,35.1,133,46.6,47.5,34.9 / 126,35.1 / 133
3783,NY,Gold,M,71,67.0,89.6,122,33.1,33.9,33.1,117,33.9,126,44.0,45.6,33.1 / 117,33.9 / 126
3783,NY,Red,M,71,65.4,87.5,119,32.6,32.8,32.6,114,32.8,124,43.2,44.3,32.6 / 114,32.8 / 124
3783,NY,White,F,71,75.5,108.9,142,37.4,38.1,37.4,137,38.1,147,53.5,55.4,37.4 / 137,38.1 / 147
3783,NY,Gold,F,71,71.6,102.8,133,35.6,36.0,35.6,128,36.0,137,50.7,52.1,35.6 / 128,36.0 / 137
3783,NY,Red,F,71,70.0,100.7,130,34.9,35.1,34.9,128,35.1,132,50.0,50.7,34.9 / 128,35.1 / 132
3332,NY,BLACK,M,71,71.9,97.4,137,36.4,35.5,36.4,130,35.5,144,48.5,48.9,36.4 / 130,35.5 / 144
3332,NY,BLUE,M,71,70.2,94.6,131,35.8,34.4,35.8,129,34.4,133,47.8,46.8,35.8 / 129,34.4 / 133
3332,NY,BLUE-WHITE,M,71,69.1,92.3,125,34.9,34.2,34.9,125,34.2,125,46.5,45.8,34.9 / 125,34.2 / 125
3332,NY,WHITE,M,71,68.0,90.3,120,34.3,33.7,34.3,121,33.7,119,45.5,44.8,34.3 / 121,33.7 / 119
3332,NY,Red,M,71,66.3,87.9,116,33.6,32.7,33.6,118,32.7,114,44.6,43.3,33.6 / 118,32.7 / 114
3332,NY,GOLD,M,71,63.3,83.1,107,32.5,30.8,32.5,113,30.8,100,43.0,40.1,32.5 / 113,30.8 / 100
3332,NY,WHITE,F,72,73.4,105.5,137,37.1,36.3,37.1,131,36.3,142,52.5,53.0,37.1 / 131,36.3 / 142
3332,NY,Red,F,72,71.7,102.9,133,36.3,35.4,36.3,131,35.4,134,51.7,51.2,36.3 / 131,35.4 / 134
3332,NY,GOLD,F,72,68.1,96.1,119,35.3,32.8,35.3,126,32.8,112,50.1,46.0,35.3 / 126,32.8 / 112
6769,NY,Black,M,71,71.0,95.8,134,35.2,35.8,35.2,128,35.8,139,47.1,48.7,35.2 / 128,35.8 / 139
6769,NY,Blue,M,71,69.5,93.8,131,34.4,35.1,34.4,124,35.1,138,45.9,47.9,34.4 / 124,35.1 / 138
6769,NY,White,M,71,68.1,91.8,128,33.9,34.2,33.9,121,34.2,135,45.1,46.7,33.9 / 121,34.2 / 135
6769,NY,Yellow,M,71,65.8,88.7,123,33.0,32.8,33.0,117,32.8,129,43.9,44.8,33.0 / 117,32.8 / 129
6769,NY,Blue,F,71,74.6,107.0,138,37.1,37.5,37.1,136,37.5,139,53.1,53.9,37.1 / 136,37.5 / 139
6769,NY,White,F,71,73.1,104.6,134,36.5,36.6,36.5,132,36.6,135,52.1,52.5,36.5 / 132,36.6 / 135
6769,NY,Yellow,F,71,70.1,100.2,128,35.3,34.8,35.3,128,34.8,127,50.4,49.8,35.3 / 128,34.8 / 127
6769,NY,Orange 2022 (W),F,71,68.3,97.4,124,34.4,33.9,34.4,126,33.9,121,49.2,48.2,34.4 / 126,33.9 / 121
3817,NY,Blue,M,71,67.8,89.8,119,33.4,34.4,33.4,116,34.4,121,44.2,45.6,33.4 / 116,34.4 / 121
3817,NY,White,M,71,65.3,86.4,114,32.1,33.2,32.1,109,33.2,118,42.2,44.2,32.1 / 109,33.2 / 118
3817,NY,Gold,M,71,60.6,78.8,98,30.3,30.3,30.3,101,30.3,95,39.7,39.1,30.3 / 101,30.3 / 95
3817,NY,Red,F,71,67.2,94.2,115,33.2,34.0,33.2,113,34.0,116,46.5,47.7,33.2 / 113,34.0 / 116
23959,NY,Black,M,72,72.0,96.0,130,36.7,35.3,36.7,130,35.3,129,48.8,47.2,36.7 / 130,35.3 / 129
23959,NY,Green,M,72,70.7,94.3,127,36.0,34.7,36.0,125,34.7,128,47.6,46.7,36.0 / 125,34.7 / 128
23959,NY,White,M,72,69.1,91.1,118,35.1,34.0,35.1,118,34.0,118,46.1,45.0,35.1 / 118,34.0 / 118
23959,NY,Yellow,M,72,65.9,86.6,112,33.6,32.3,33.6,112,32.3,111,44.0,42.6,33.6 / 112,32.3 / 111
23959,NY,White,F,72,73.2,103.6,129,37.3,35.9,37.3,129,35.9,129,52.5,51.1,37.3 / 129,35.9 / 129
23959,NY,Yellow,F,72,69.2,97.6,121,35.4,33.8,35.4,121,33.8,120,49.7,47.9,35.4 / 121,33.8 / 120
23961,NY,Black,M,71,71.9,95.7,128,36.7,35.2,36.7,130,35.2,126,48.8,46.9,36.7 / 130,35.2 / 126
23961,NY,Green,M,71,70.7,93.7,124,36.0,34.7,36.0,125,34.7,123,47.6,46.1,36.0 / 125,34.7 / 123
23961,NY,White,M,71,68.4,90.4,118,35.1,33.3,35.1,118,33.3,118,46.1,44.3,35.1 / 118,33.3 / 118
23961,NY,Yellow,M,71,65.3,86.0,112,33.6,31.7,33.6,112,31.7,111,44.0,42.0,33.6 / 112,31.7 / 111
23961,NY,White,F,71,73.7,102.9,125,37.3,36.4,37.3,129,36.4,120,52.5,50.4,37.3 / 129,36.4 / 120
23961,NY,Yellow,F,71,69.4,97.8,120,35.4,34.0,35.4,121,34.0,119,49.7,48.1,35.4 / 121,34.0 / 119
23960,NY,Black,M,71,70.5,94.1,128,35.3,35.2,35.3,129,35.2,126,47.2,46.9,35.3 / 129,35.2 / 126
23960,NY,Green,M,71,69.4,92.8,126,34.7,34.7,34.7,128,34.7,123,46.7,46.1,34.7 / 128,34.7 / 123
23960,NY,White,M,71,67.3,89.3,118,34.0,33.3,34.0,118,33.3,118,45.0,44.3,34.0 / 118,33.3 / 118
23960,NY,Yellow,M,71,64.0,84.6,111,32.3,31.7,32.3,111,31.7,111,42.6,42.0,32.3 / 111,31.7 / 111
23960,NY,White,F,71,72.3,101.5,125,35.9,36.4,35.9,129,36.4,120,51.1,50.4,35.9 / 129,36.4 / 120
23960,NY,Yellow,F,71,67.8,96.0,120,33.8,34.0,33.8,120,34.0,119,47.9,48.1,33.8 / 120,34.0 / 119
24067,NY,Blue,M,36,36.6,48.6,129,36.6,,36.6,129,,,48.6,,36.6 / 129,/
24067,NY,White,M,36,35.5,47.3,127,35.5,,35.5,127,,,47.3,,35.5 / 127,/
24067,NY,Gold,M,36,33.4,44.4,118,33.4,,33.4,118,,,44.4,,33.4 / 118,/
24067,NY,Red,M,36,32.7,43.0,111,32.7,,32.7,111,,,43.0,,32.7 / 111,/
24067,NY,Black,M,36,30.3,39.2,96,30.3,,30.3,96,,,39.2,,30.3 / 96,/
24067,NY,Gold,F,36,35.9,50.7,126,35.9,,35.9,126,,,50.7,,35.9 / 126,/
24067,NY,Red,F,36,35.2,49.8,124,35.2,,35.2,124,,,49.8,,35.2 / 124,/
24067,NY,Black,F,36,31.7,44.0,104,31.7,,31.7,104,,,44.0,,31.7 / 104,/
3781,NY,Blue,M,36,35.7,47.4,126,35.7,,35.7,126,,,47.4,,35.7 / 126,/
3781,NY,White,M,36,35.3,46.8,124,35.3,,35.3,124,,,46.8,,35.3 / 124,/
3781,NY,Gold,M,36,33.5,44.0,113,33.5,,33.5,113,,,44.0,,33.5 / 113,/
3781,NY,Red,M,36,32.9,42.9,108,32.9,,32.9,108,,,42.9,,32.9 / 108,/
3781,NY,Black,M,36,29.9,38.6,94,29.9,,29.9,94,,,38.6,,29.9 / 94,/
3781,NY,Gold,F,36,36.0,50.5,123,36.0,,36.0,123,,,50.5,,36.0 / 123,/
3781,NY,Red,F,36,35.6,49.9,121,35.6,,35.6,121,,,49.9,,35.6 / 121,/
3781,NY,Black,F,36,31.4,43.3,101,31.4,,31.4,101,,,43.3,,31.4 / 101,/
24115,NY,Blue,M,72,72.3,96.0,128,35.7,36.6,35.7,126,36.6,129,47.4,48.6,35.7 / 126,36.6 / 129
24115,NY,White,M,72,70.8,94.1,126,35.3,35.5,35.3,124,35.5,127,46.8,47.3,35.3 / 124,35.5 / 127
24115,NY,Gold,M,72,66.9,88.4,116,33.5,33.4,33.5,113,33.4,118,44.0,44.4,33.5 / 113,33.4 / 118
24115,NY,Red,M,72,65.6,85.9,110,32.9,32.7,32.9,108,32.7,111,42.9,43.0,32.9 / 108,32.7 / 111
24115,NY,Black,M,72,60.2,77.8,95,29.9,30.3,29.9,94,30.3,96,38.6,39.2,29.9 / 94,30.3 / 96
24115,NY,Gold,F,72,71.9,101.2,125,36.0,35.9,36.0,123,35.9,126,50.5,50.7,36.0 / 123,35.9 / 126
24115,NY,Red,F,72,70.8,99.7,123,35.6,35.2,35.6,121,35.2,124,49.9,49.8,35.6 / 121,35.2 / 124
24115,NY,Black,F,72,63.1,87.3,103,31.4,31.7,31.4,101,31.7,104,43.3,44.0,31.4 / 101,31.7 / 104
35560,NY,Blue,M,36,71.3,93.6,120,36.1,35.1,36.1,122,35.1,121,47.4,46.3,36.1 / 122,35.1 / 121
35560,NY,White,M,72,70.3,91.6,115,35.6,34.2,35.6,119,34.2,110,46.7,44.4,35.6 / 119,34.2 / 110
35560,NY,Gold,M,72,65.1,84.3,104,33.2,31.9,33.2,111,31.9,99,43.4,41.1,33.2 / 111,31.9 / 99
35560,NY,Red,F,73,69.4,95.3,110,35.4,33.5,35.4,116,33.5,103,49.1,45.7,35.4 / 116,33.5 / 103
35560,NY,Black,F,73,61.5,84.1,96,32.1,29.6,32.1,100,29.6,92,43.9,40.5,32.1 / 100,29.6 / 92
23988,NY,Blue,M,36,34.7,46.1,123,34.7,,34.7,123,,,46.1,,34.7 / 123,/
23988,NY,White,M,36,34.2,44.8,114,34.2,,34.2,114,,,44.8,,34.2 / 114,/
23988,NY,Gold,M,36,32.0,40.6,93,32.0,,32.0,93,,,40.6,,32.0 / 93,/
23988,NY,Red,M,36,31.6,40.1,91,31.6,,31.6,91,,,40.1,,31.6 / 91,/
23988,NY,Black,M,36,28.4,35.9,81,28.4,,28.4,81,,,35.9,,28.4 / 81,/
23988,NY,Gold,F,37,34.1,47.2,111,34.1,,34.1,111,,,47.2,,34.1 / 111,/
23988,NY,Red,F,37,33.7,46.4,108,33.7,,33.7,108,,,46.4,,33.7 / 108,/
23988,NY,Black,F,37,29.5,40.7,95,29.5,,29.5,95,,,40.7,,29.5 / 95,/
35561,NY,Blue,M,72,72.2,94.5,120,35.1,37.1,35.1,121,37.1,122,46.3,48.4,35.1 / 121,37.1 / 122
35561,NY,White,M,72,70.9,92.4,116,34.2,36.2,34.2,110,36.2,121,44.4,47.4,34.2 / 110,36.2 / 121
35561,NY,Gold,M,72,65.5,84.5,102,31.9,33.6,31.9,99,33.6,108,41.1,43.6,31.9 / 99,33.6 / 108
35561,NY,Red,F,73,70.5,96.5,110,33.5,36.5,33.5,103,36.5,116,45.7,50.2,33.5 / 103,36.5 / 116
35561,NY,Black,F,73,62.7,85.4,97,29.6,33.3,29.6,92,33.3,101,40.5,45.2,29.6 / 92,33.3 / 101
6632,NY,Black,M,72,73.2,97.7,132,36.7,36.5,36.7,132,36.5,131,49.0,48.7,36.7 / 132,36.5 / 131
6632,NY,Blue,M,72,72.2,95.8,128,35.9,36.3,35.9,126,36.3,129,47.5,48.3,35.9 / 126,36.3 / 129
6632,NY,White,M,72,69.6,92.7,125,34.3,35.3,34.3,117,35.3,132,45.2,47.5,34.3 / 117,35.3 / 132
6632,NY,Gold,M,72,67.6,90.4,123,34.3,33.3,34.3,123,33.3,123,45.7,44.7,34.3 / 123,33.3 / 123
6632,NY,White,F,74,76.2,107.7,134,38.3,37.9,38.3,132,37.9,135,53.9,53.8,38.3 / 132,37.9 / 135
6632,NY,Red,F,74,73.3,103.0,125,37.2,36.1,37.2,131,36.1,119,52.8,50.2,37.2 / 131,36.1 / 119
6802,NY,Black,M,72,72.2,98.3,138,36.5,35.7,36.5,139,35.7,138,49.5,48.6,36.5 / 139,35.7 / 138
6802,NY,Blue,M,72,71.3,96.7,136,36.0,35.3,36.0,137,35.3,136,48.7,48.0,36.0 / 137,35.3 / 136
6802,NY,White,M,72,70.2,95.2,135,35.5,34.7,35.5,135,34.7,135,48.0,47.2,35.5 / 135,34.7 / 135
6802,NY,Red,M,72,65.5,88.6,124,33.4,32.1,33.4,122,32.1,125,44.7,43.7,33.4 / 122,32.1 / 125
6802,NY,White,F,73,75.5,108.3,139,38.1,37.4,38.1,139,37.4,139,54.5,53.8,38.1 / 139,37.4 / 139
6802,NY,Red,F,72,70.0,99.8,127,36.0,34.0,36.0,129,34.0,124,51.2,48.6,36.0 / 129,34.0 / 124
3685,NY,Blue,M,72,70.5,94.6,130,35.3,35.2,35.3,131,35.2,128,47.5,47.1,35.3 / 131,35.2 / 128
3685,NY,White,M,72,68.0,91.2,125,34.2,33.8,34.2,130,33.8,119,46.3,44.9,34.2 / 130,33.8 / 119
3685,NY,Gold,M,72,64.4,84.8,110,32.7,31.7,32.7,110,31.7,110,42.9,41.9,32.7 / 110,31.7 / 110
3685,NY,Red,M,72,64.1,84.3,109,32.5,31.6,32.5,109,31.6,109,42.6,41.7,32.5 / 109,31.6 / 109
3685,NY,White,F,72,73.9,106.0,136,37.1,36.8,37.1,138,36.8,134,53.4,52.6,37.1 / 138,36.8 / 134
3685,NY,Gold,F,71,68.7,96.8,119,35.1,33.6,35.1,124,33.6,114,49.7,47.1,35.1 / 124,33.6 / 114
3685,NY,Red,F,72,67.6,95.5,118,34.7,32.9,34.7,122,32.9,114,49.1,46.4,34.7 / 122,32.9 / 114
6820,NY,Blue,M,72,73.6,99.4,140,37.4,36.2,37.4,142,36.2,137,50.5,48.9,37.4 / 142,36.2 / 137
6820,NY,White,M,72,72.2,97.4,136,36.6,35.6,36.6,139,35.6,132,49.5,47.9,36.6 / 139,35.6 / 132
6820,NY,Hybrid,M,72,70.7,95.2,132,35.7,35.0,35.7,133,35.0,130,48.1,47.1,35.7 / 133,35.0 / 130
6820,NY,Green,M,72,70.0,94.2,130,35.3,34.7,35.3,131,34.7,129,47.5,46.7,35.3 / 131,34.7 / 129
6820,NY,Gold,M,72,67.3,90.4,124,34.2,33.1,34.2,124,33.1,124,45.8,44.6,34.2 / 124,33.1 / 124
6820,NY,Green,F,73,74.8,106.4,134,37.8,37.0,37.8,135,37.0,133,53.7,52.7,37.8 / 135,37.0 / 133
6820,NY,Gold,F,73,72.9,101.9,123,37.2,35.7,37.2,121,35.7,124,51.5,50.4,37.2 / 121,35.7 / 124
6840,NY,BLUE,M,72,76.4,102.4,140,37.9,38.5,37.9,137,38.5,142,50.7,51.7,37.9 / 137,38.5 / 142
6840,NY,BLACK,M,72,74.3,99.1,134,36.8,37.5,36.8,132,37.5,135,49.1,50.0,36.8 / 132,37.5 / 135
6840,NY,WHITE,M,72,72.2,96.8,132,35.7,36.5,35.7,131,36.5,133,47.9,48.9,35.7 / 131,36.5 / 133
6840,NY,HYBRID,M,72,70.7,95.2,131,35.0,35.7,35.0,131,35.7,131,47.2,48.0,35.0 / 131,35.7 / 131
6840,NY,GREEN,M,72,69.8,93.8,130,34.6,35.2,34.6,129,35.2,130,46.5,47.3,34.6 / 129,35.2 / 130
6840,NY,GOLD,M,72,67.4,90.3,124,33.4,34.0,33.4,123,34.0,125,44.8,45.5,33.4 / 123,34.0 / 125
6840,NY,White,F,73,79.5,113.6,145,39.6,39.9,39.6,140,39.9,149,56.1,57.5,39.6 / 140,39.9 / 149
6840,NY,Green,F,73,76.0,108.0,136,37.5,38.2,37.5,132,38.2,139,53.1,54.6,37.5 / 132,38.2 / 139
6840,NY,Gold,F,73,72.6,103.3,129,36.1,36.5,36.1,127,36.5,131,51.2,52.1,36.1 / 127,36.5 / 131
3776,NY,Blue,M,70,69.9,93.2,126,35.1,34.8,35.1,125,34.8,127,46.6,46.6,35.1 / 125,34.8 / 127
3776,NY,White,M,70,68.1,91.0,124,34.0,34.1,34.0,124,34.1,123,45.5,45.5,34.0 / 124,34.1 / 123
3776,NY,Gold,M,70,65.7,87.2,116,33.4,32.3,33.4,121,32.3,111,44.6,42.6,33.4 / 121,32.3 / 111
3776,NY,White,F,70,74.3,105.3,132,37.0,37.3,37.0,131,37.3,132,52.4,52.9,37.0 / 131,37.3 / 132
3776,NY,Gold,F,70,71.3,100.6,125,36.3,35.0,36.3,126,35.0,123,51.1,49.5,36.3 / 126,35.0 / 123
3776,NY,Red,F,70,69.5,98.1,121,35.0,34.5,35.0,121,34.5,121,49.3,48.8,35.0 / 121,34.5 / 121
3841,NY,Blue,M,70,69.6,93.5,129,35.0,34.6,35.0,131,34.6,126,47.2,46.3,35.0 / 131,34.6 / 126
3841,NY,White,M,70,68.1,90.8,123,34.3,33.8,34.3,124,33.8,121,45.8,45.0,34.3 / 124,33.8 / 121
3841,NY,Gold/Red,M,70,64.4,85.1,112,32.3,32.1,32.3,112,32.1,111,42.7,42.4,32.3 / 112,32.1 / 111
3841,NY,White,F,70,73.2,104.4,133,36.9,36.3,36.9,131,36.3,134,52.3,52.1,36.9 / 131,36.3 / 134
3841,NY,Gold/Red,F,70,69.0,98.4,125,34.4,34.6,34.4,124,34.6,126,49.0,49.4,34.4 / 124,34.6 / 126
3773,NY,Blue,M,70,68.2,90.5,120,35.0,33.2,35.0,123,33.2,117,46.4,44.1,35.0 / 123,33.2 / 117
3773,NY,White,M,70,66.1,87.8,117,34.1,32.0,34.1,119,32.0,114,45.2,42.6,34.1 / 119,32.0 / 114
3773,NY,Gold,M,70,63.6,83.4,107,32.1,31.5,32.1,104,31.5,109,41.8,41.6,32.1 / 104,31.5 / 109
3773,NY,Gold,F,70,66.6,92.0,108,34.1,32.5,34.1,109,32.5,106,47.0,45.0,34.1 / 109,32.5 / 106
3773,NY,Red,F,70,65.6,89.6,102,33.8,31.8,33.8,109,31.8,95,46.6,43.0,33.8 / 109,31.8 / 95
21149,NY,Blue,M,68,66.5,87.5,113,33.2,33.3,33.2,113,33.3,113,43.7,43.8,33.2 / 113,33.3 / 113
21149,NY,White,M,68,63.9,84.0,109,31.9,32.0,31.9,109,32.0,108,42.0,42.0,31.9 / 109,32.0 / 108
21149,NY,Gold,M,68,62.0,80.2,98,31.0,31.0,31.0,98,31.0,98,40.1,40.1,31.0 / 98,31.0 / 98
21149,NY,Red,F,68,65.0,90.0,106,32.5,32.5,32.5,106,32.5,106,45.0,45.0,32.5 / 106,32.5 / 106
3314,NY,Blue,M,70,72.3,98.0,138,35.5,36.8,35.5,131,36.8,145,47.7,50.3,35.5 / 131,36.8 / 145
3314,NY,White,M,70,69.9,93.5,127,34.8,35.1,34.8,122,35.1,132,46.1,47.4,34.8 / 122,35.1 / 132
3314,NY,Gold,M,70,65.8,88.3,121,32.6,33.2,32.6,118,33.2,124,43.6,44.7,32.6 / 118,33.2 / 124
3314,NY,Red,F,70,67.9,95.1,116,34.9,33.0,34.9,117,33.0,114,48.7,46.4,34.9 / 117,33.0 / 114
6676,NY,Blue,M,72,71.9,98.1,141,36.2,35.7,36.2,141,35.7,141,49.3,48.8,36.2 / 141,35.7 / 141
6676,NY,White,M,72,69.9,95.2,138,35.2,34.7,35.2,137,34.7,138,47.8,47.4,35.2 / 137,34.7 / 138
6676,NY,Green,M,72,68.4,93.0,133,34.2,34.2,34.2,130,34.2,136,46.3,46.7,34.2 / 130,34.2 / 136
6676,NY,Gold,M,72,67.3,91.3,130,33.8,33.5,33.8,127,33.5,132,45.5,45.8,33.8 / 127,33.5 / 132
6676,NY,Blue,F,72,78.0,111.1,141,39.8,38.2,39.8,141,38.2,140,56.4,54.7,39.8 / 141,38.2 / 140
6676,NY,White,F,72,75.6,107.7,137,38.6,37.0,38.6,137,37.0,136,54.7,53.0,38.6 / 137,37.0 / 136
6676,NY,Gold,F,72,72.1,102.3,128,36.6,35.5,36.6,128,35.5,128,51.7,50.6,36.6 / 128,35.5 / 128
6676,NY,Red,F,72,69.6,98.1,121,35.3,34.3,35.3,120,34.3,122,49.4,48.7,35.3 / 120,34.3 / 122
6676,NY,Purple,F,72,68.7,96.7,119,34.7,34.0,34.7,117,34.0,120,48.5,48.2,34.7 / 117,34.0 / 120
13726,NY,White/Black,M,70,68.1,91.3,125,34.2,33.9,34.2,123,33.9,127,45.6,45.7,34.2 / 123,33.9 / 127
13726,NY,Gold/Silver,M,70,64.5,85.6,115,32.2,32.3,32.2,119,32.3,110,43.2,42.4,32.2 / 119,32.3 / 110
13726,NY,White/Black,F,70,73.0,103.0,128,36.6,36.4,36.6,130,36.4,125,51.9,51.1,36.6 / 130,36.4 / 125
13726,NY,Gold/Silver,F,70,70.0,99.1,123,35.4,34.7,35.4,125,34.7,121,50.1,49.0,35.4 / 125,34.7 / 121
23883,NY,Blue,M,72,73.0,99.2,141,37.6,35.4,37.6,145,35.4,137,51.1,48.1,37.6 / 145,35.4 / 137
23883,NY,White,M,72,71.0,96.6,138,36.6,34.4,36.6,143,34.4,132,49.9,46.7,36.6 / 143,34.4 / 132
23883,NY,Green,M,72,69.7,94.2,132,36.0,33.7,36.0,136,33.7,128,48.6,45.6,36.0 / 136,33.7 / 128
23883,NY,Red,M,72,68.4,91.6,125,35.1,33.3,35.1,129,33.3,121,47.1,44.5,35.1 / 129,33.3 / 121
23883,NY,White,F,73,78.3,112.8,147,40.5,37.8,40.5,153,37.8,140,58.5,54.3,40.5 / 153,37.8 / 140
23883,NY,Red,F,73,74.2,106.5,137,38.1,36.1,38.1,142,36.1,132,54.8,51.7,38.1 / 142,36.1 / 132
23883,NY,Gold,F,74,71.9,103.0,132,37.4,34.5,37.4,137,34.5,127,53.5,49.5,37.4 / 137,34.5 / 127
35488,NY,Blue,M,72,73.0,99.2,141,37.4,35.6,37.4,143,35.6,135,51.1,48.1,37.4 / 143,35.6 / 135
35488,NY,White,M,72,71.0,96.6,138,36.5,34.5,36.5,146,34.5,125,50.0,46.6,36.5 / 146,34.5 / 125
35488,NY,Green,M,72,69.6,94.2,133,35.8,33.8,35.8,136,33.8,129,48.4,45.8,35.8 / 136,33.8 / 129
35488,NY,Red,M,72,68.4,91.7,125,35.2,33.2,35.2,131,33.2,119,47.4,44.3,35.2 / 131,33.2 / 119
35488,NY,White,F,73,78.3,112.9,147,40.5,37.8,40.5,149,37.8,144,58.1,54.8,40.5 / 149,37.8 / 144
35488,NY,Red,F,73,74.2,106.5,137,38.4,35.8,38.4,141,35.8,133,55.0,51.5,38.4 / 141,35.8 / 133
35488,NY,Gold,F,74,71.9,103.0,132,36.9,35.0,36.9,133,35.0,131,52.6,50.4,36.9 / 133,35.0 / 131
3681,NY,Black,M,71,73.9,100.3,142,37.2,36.7,37.2,142,36.7,142,50.4,49.9,37.2 / 142,36.7 / 142
3681,NY,Gold,M,71,71.9,97.5,138,35.9,36.0,35.9,138,36.0,138,48.7,48.8,35.9 / 138,36.0 / 138
3681,NY,Gold-White,M,71,70.1,95.1,135,34.8,35.3,34.8,129,35.3,140,46.8,48.3,34.8 / 129,35.3 / 140
3681,NY,White,M,71,68.7,92.6,129,34.0,34.7,34.0,125,34.7,132,45.6,47.0,34.0 / 125,34.7 / 132
3681,NY,White-Red,M,71,66.6,89.0,121,33.1,33.5,33.1,121,33.5,121,44.3,44.7,33.1 / 121,33.5 / 121
3681,NY,Red,M,71,65.9,87.9,118,32.8,33.1,32.8,119,33.1,117,43.9,44.0,32.8 / 119,33.1 / 117
3681,NY,Orange,M,71,60.9,80.0,103,30.4,30.5,30.4,110,30.5,96,40.6,39.4,30.4 / 110,30.5 / 96
3681,NY,White,F,73,74.0,106.3,137,36.5,37.5,36.5,140,37.5,134,53.0,53.3,36.5 / 140,37.5 / 134
3681,NY,White-Red,F,73,71.8,101.6,127,35.7,36.1,35.7,126,36.1,127,50.5,51.1,35.7 / 126,36.1 / 127
3681,NY,Red,F,73,71.0,100.6,126,35.4,35.6,35.4,125,35.6,126,50.1,50.5,35.4 / 125,35.6 / 126
3681,NY,Orange,F,73,63.2,88.6,108,31.6,31.6,31.6,113,31.6,103,44.9,43.7,31.6 / 113,31.6 / 103
