course_id,state,tee_name,gender,par,course_rating,bogey_rating,slope_rating,rating_f9,rating_b9,front9_rating,front9_slope,back9_rating,back9_slope,bogey_f9,bogey_b9,front9_raw,back9_raw
4219,TX,Black,M,71,72.7,97.5,134,36.8,35.9,36.8,140,35.9,127,49.8,47.7,36.8 / 140,35.9 / 127
4219,TX,White,M,71,70.4,94.5,130,35.6,34.8,35.6,137,34.8,123,48.3,46.2,35.6 / 137,34.8 / 123
4219,TX,Gold,M,71,67.6,91.0,126,33.9,33.7,33.9,125,33.7,127,45.5,45.5,33.9 / 125,33.7 / 127
4219,TX,Green,M,71,65.1,87.7,122,32.7,32.4,32.7,121,32.4,123,43.9,43.8,32.7 / 121,32.4 / 123
4219,TX,Blue,M,70,62.5,84.3,117,31.3,31.2,31.3,115,31.2,119,42.0,42.3,31.3 / 115,31.2 / 119
4219,TX,Black,F,73,79.4,113.7,146,40.1,39.3,40.1,148,39.3,143,57.5,56.2,40.1 / 148,39.3 / 143
4219,TX,White,F,71,76.7,109.6,140,38.7,38.0,38.7,142,38.0,137,55.4,54.2,38.7 / 142,38.0 / 137
4219,TX,Gold,F,71,73.3,104.5,133,36.9,36.4,36.9,134,36.4,131,52.7,51.8,36.9 / 134,36.4 / 131
4219,TX,Green,F,71,70.5,99.4,123,35.6,34.9,35.6,124,34.9,121,50.2,49.2,35.6 / 124,34.9 / 121
4219,TX,Blue,F,71,67.0,94.2,115,33.7,33.3,33.7,115,33.3,115,47.3,46.9,33.7 / 115,33.3 / 115
4220,TX,Black,M,72,75.8,101.1,137,37.5,38.3,37.5,135,38.3,138,50.0,51.1,37.5 / 135,38.3 / 138
4220,TX,Black/White,M,72,74.5,99.3,134,37.0,37.5,37.0,132,37.5,135,49.3,50.0,37.0 / 132,37.5 / 135
4220,TX,White,M,72,73.4,97.7,131,36.4,37.0,36.4,129,37.0,132,48.4,49.3,36.4 / 129,37.0 / 132
4220,TX,White/Gold,M,72,71.0,94.8,128,35.2,35.8,35.2,126,35.8,130,46.9,47.9,35.2 / 126,35.8 / 130
4220,TX,Gold,M,72,69.4,93.0,127,34.3,35.1,34.3,125,35.1,129,45.9,47.1,34.3 / 125,35.1 / 129
4220,TX,Gold/Green,M,72,68.1,91.2,125,34.1,34.0,34.1,123,34.0,126,45.5,45.7,34.1 / 123,34.0 / 126
4220,TX,Green,M,72,67.4,90.5,125,33.7,33.7,33.7,123,33.7,126,45.1,45.4,33.7 / 123,33.7 / 126
4220,TX,Green/Blue,M,72,65.3,87.8,121,32.9,32.4,32.9,118,32.4,124,43.9,43.9,32.9 / 118,32.4 / 124
4220,TX,Blue,M,72,63.2,84.9,117,31.7,31.5,31.7,114,31.5,119,42.3,42.6,31.7 / 114,31.5 / 119
4220,TX,Black,F,72,82.7,118.1,150,41.1,41.6,41.1,146,41.6,154,58.3,59.8,41.1 / 146,41.6 / 154
4220,TX,Black/White,F,72,81.1,115.8,147,40.5,40.6,40.5,143,40.6,151,57.4,58.4,40.5 / 143,40.6 / 151
4220,TX,White,F,72,79.7,113.8,145,39.7,40.0,39.7,141,40.0,148,56.3,57.5,39.7 / 141,40.0 / 148
4220,TX,White/Gold,F,72,77.2,109.9,139,38.4,38.8,38.4,135,38.8,142,54.3,55.6,38.4 / 135,38.8 / 142
4220,TX,Gold,F,72,75.4,107.1,135,37.4,38.0,37.4,130,38.0,139,52.7,54.4,37.4 / 130,38.0 / 139
4220,TX,Gold/Green,F,72,74.0,104.2,128,37.1,36.9,37.1,129,36.9,127,52.3,51.9,37.1 / 129,36.9 / 127
4220,TX,Green,F,72,73.3,103.1,126,36.7,36.6,36.7,126,36.6,126,51.6,51.5,36.7 / 126,36.6 / 126
4220,TX,Green/Blue,F,72,71.1,100.4,124,35.7,35.4,35.7,122,35.4,126,50.1,50.3,35.7 / 122,35.4 / 126
4220,TX,Blue,F,72,68.4,95.7,116,34.5,33.9,34.5,113,33.9,119,47.8,47.9,34.5 / 113,33.9 / 119
4059,TX,Blue,M,71,69.8,93.8,129,35.6,34.2,35.6,131,34.2,127,47.8,46.0,35.6 / 131,34.2 / 127
4059,TX,White,M,71,67.3,90.0,123,34.5,32.8,34.5,124,32.8,121,46.0,44.0,34.5 / 124,32.8 / 121
4059,TX,Gold,M,71,65.0,87.1,119,33.1,31.9,33.1,118,31.9,119,44.1,43.0,33.1 / 118,31.9 / 119
4059,TX,Red,M,71,64.0,85.7,117,32.6,31.4,32.6,115,31.4,118,43.3,42.4,32.6 / 115,31.4 / 118
4059,TX,Blue,F,71,75.6,107.4,135,38.5,37.1,38.5,134,37.1,136,54.3,53.1,38.5 / 134,37.1 / 136
4059,TX,White,F,71,72.5,102.9,130,37.0,35.5,37.0,130,35.5,130,52.2,50.7,37.0 / 130,35.5 / 130
4059,TX,Gold,F,71,69.6,99.0,125,35.6,34.0,35.6,124,34.0,126,50.2,48.8,35.6 / 124,34.0 / 126
4059,TX,Red,F,71,67.9,96.2,120,34.7,33.2,34.7,120,33.2,120,48.8,47.4,34.7 / 120,33.2 / 120
4261,TX,Blue,M,72,74.5,99.7,136,37.2,37.3,37.2,132,37.3,139,49.5,50.2,37.2 / 132,37.3 / 139
4261,TX,White,M,72,71.4,94.5,125,35.5,35.9,35.5,126,35.9,123,47.2,47.3,35.5 / 126,35.9 / 123
4261,TX,Gold,M,72,69.4,91.3,118,34.8,34.6,34.8,116,34.6,119,45.6,45.7,34.8 / 116,34.6 / 119
4261,TX,Red,M,72,66.7,87.5,112,33.4,33.3,33.4,109,33.3,115,43.5,44.0,33.4 / 109,33.3 / 115
4261,TX,Blue,F,72,81.7,116.2,147,40.9,40.8,40.9,141,40.8,152,57.5,58.7,40.9 / 141,40.8 / 152
4261,TX,White,F,72,78.9,112.0,140,39.3,39.6,39.3,138,39.6,142,55.6,56.4,39.3 / 138,39.6 / 142
4261,TX,Gold,F,72,75.9,107.4,134,37.9,38.0,37.9,137,38.0,130,54.1,53.3,37.9 / 137,38.0 / 130
4261,TX,Red,F,72,72.9,101.2,120,36.4,36.5,36.4,124,36.5,116,51.0,50.2,36.4 / 124,36.5 / 116
4255,TX,Blue,M,72,74.1,98.9,134,37.3,36.8,37.3,135,36.8,132,49.8,49.1,37.3 / 135,36.8 / 132
4255,TX,White,M,72,71.0,94.7,128,35.7,35.3,35.7,128,35.3,127,47.6,47.1,35.7 / 128,35.3 / 127
4255,TX,Gold,M,72,68.9,92.0,125,34.5,34.4,34.5,126,34.4,123,46.2,45.8,34.5 / 126,34.4 / 123
4255,TX,Red,M,72,66.5,88.6,119,33.2,33.3,33.2,121,33.3,117,44.4,44.2,33.2 / 121,33.3 / 117
4255,TX,Blue,F,72,81.0,114.9,144,40.7,40.3,40.7,144,40.3,143,57.7,57.2,40.7 / 144,40.3 / 143
4255,TX,White,F,72,77.3,109.3,136,38.8,38.5,38.8,136,38.5,136,54.8,54.5,38.8 / 136,38.5 / 136
4255,TX,Gold,F,72,73.9,105.2,133,37.0,36.9,37.0,132,36.9,133,52.6,52.6,37.0 / 132,36.9 / 133
4255,TX,Red,F,72,71.7,100.3,121,35.8,35.9,35.8,120,35.9,122,50.0,50.3,35.8 / 120,35.9 / 122
26768,TX,Blue,M,72,72.3,94.8,122,36.4,35.9,36.4,121,35.9,122,47.6,47.2,36.4 / 121,35.9 / 122
26768,TX,White,M,72,70.2,92.5,120,35.3,34.9,35.3,121,34.9,119,46.5,46.0,35.3 / 121,34.9 / 119
26768,TX,Gold,M,72,67.1,87.9,112,33.7,33.4,33.7,111,33.4,113,44.0,43.9,33.7 / 111,33.4 / 113
26768,TX,Red,M,72,64.4,84.1,106,32.5,31.9,32.5,105,31.9,107,42.3,41.8,32.5 / 105,31.9 / 107
26768,TX,Blue,F,72,79.4,111.2,135,40.0,39.4,40.0,131,39.4,138,55.5,55.7,40.0 / 131,39.4 / 138
26768,TX,White,F,72,77.0,107.5,129,38.6,38.4,38.6,127,38.4,131,53.6,53.9,38.6 / 127,38.4 / 131
26768,TX,Gold,F,72,72.9,101.9,123,36.6,36.3,36.6,121,36.3,125,50.9,51.0,36.6 / 121,36.3 / 125
26768,TX,Red,F,72,69.8,97.3,117,35.1,34.7,35.1,114,34.7,120,48.5,48.8,35.1 / 114,34.7 / 120
4242,TX,Black,M,72,73.9,99.0,135,36.8,37.1,36.8,137,37.1,133,49.5,49.5,36.8 / 137,37.1 / 133
4242,TX,Blue,M,72,71.5,96.0,132,35.7,35.8,35.7,133,35.8,130,48.1,47.9,35.7 / 133,35.8 / 130
4242,TX,White,M,72,69.4,92.6,125,34.8,34.6,34.8,126,34.6,124,46.5,46.1,34.8 / 126,34.6 / 124
4242,TX,Gold,M,72,67.5,89.6,119,33.6,33.9,33.6,122,33.9,116,44.9,44.7,33.6 / 122,33.9 / 116
4242,TX,Red,M,72,64.9,85.9,113,32.2,32.7,32.2,116,32.7,110,43.0,42.9,32.2 / 116,32.7 / 110
4242,TX,Black,F,72,80.3,114.2,144,40.1,40.2,40.1,142,40.2,146,56.8,57.4,40.1 / 142,40.2 / 146
4242,TX,Blue,F,72,77.4,110.3,140,38.8,38.6,38.8,137,38.6,142,55.0,55.3,38.8 / 137,38.6 / 142
4242,TX,White,F,72,74.6,106.1,134,37.5,37.1,37.5,132,37.1,135,53.1,53.0,37.5 / 132,37.1 / 135
4242,TX,Gold,F,72,71.8,101.2,125,36.0,35.8,36.0,126,35.8,124,50.8,50.4,36.0 / 126,35.8 / 124
4242,TX,Red,F,72,69.1,97.3,120,34.5,34.6,34.5,120,34.6,120,48.6,48.7,34.5 / 120,34.6 / 120
4260,TX,Black,M,72,72.6,98.8,141,36.3,36.3,36.3,140,36.3,142,49.3,49.5,36.3 / 140,36.3 / 142
4260,TX,Blue,M,72,70.6,96.0,137,35.5,35.1,35.5,138,35.1,136,48.3,47.7,35.5 / 138,35.1 / 136
4260,TX,White,M,72,69.2,90.9,117,34.4,34.8,34.4,115,34.8,118,45.1,45.8,34.4 / 115,34.8 / 118
4260,TX,Green,M,72,66.4,87.1,112,32.8,33.6,32.8,110,33.6,113,43.0,44.1,32.8 / 110,33.6 / 113
4260,TX,Red,M,72,62.2,81.1,102,30.9,31.3,30.9,98,31.3,105,40.0,41.1,30.9 / 98,31.3 / 105
4260,TX,Black,F,72,79.4,111.2,135,39.4,40.0,39.4,134,40.0,136,55.2,56.0,39.4 / 134,40.0 / 136
4260,TX,Blue,F,72,76.8,107.6,133,38.4,38.4,38.4,133,38.4,132,54.0,53.9,38.4 / 133,38.4 / 132
4260,TX,White,F,72,74.7,105.6,130,37.2,37.5,37.2,130,37.5,130,52.7,52.9,37.2 / 130,37.5 / 130
4260,TX,Green,F,72,71.4,100.7,125,35.4,36.0,35.4,123,36.0,126,49.9,50.8,35.4 / 123,36.0 / 126
4260,TX,Red,F,72,66.7,92.8,111,33.1,33.6,33.1,110,33.6,111,46.1,46.7,33.1 / 110,33.6 / 111
34291,TX,Back,M,27,25.4,32.0,71,25.4,,25.4,71,,,32.0,,25.4 / 71,/
34291,TX,Back,F,27,26.8,36.0,78,26.8,,26.8,78,,,36.0,,26.8 / 78,/
4455,TX,Blue,M,72,73.8,97.8,129,36.9,36.9,36.9,129,36.9,129,48.9,48.9,36.9 / 129,36.9 / 129
4455,TX,White,M,72,71.5,93.9,121,35.7,35.8,35.7,123,35.8,118,47.1,46.8,35.7 / 123,35.8 / 118
4455,TX,Gold,M,72,69.9,91.4,116,35.0,34.9,35.0,117,34.9,114,45.9,45.5,35.0 / 117,34.9 / 114
4455,TX,Red,M,72,63.6,82.9,104,31.9,31.7,31.9,102,31.7,105,41.4,41.5,31.9 / 102,31.7 / 105
4455,TX,Blue,F,72,80.7,114.3,143,40.5,40.2,40.5,141,40.2,144,57.1,57.2,40.5 / 141,40.2 / 144
4455,TX,White,F,72,77.7,109.5,135,38.8,38.9,38.8,133,38.9,137,54.5,55.0,38.8 / 133,38.9 / 137
4455,TX,Gold,F,72,75.6,106.5,131,37.8,37.8,37.8,129,37.8,133,53.0,53.5,37.8 / 129,37.8 / 133
4455,TX,Red,F,72,69.7,96.7,115,34.8,34.9,34.8,116,34.9,113,48.5,48.2,34.8 / 116,34.9 / 113
4077,TX,Black,M,70,63.8,84.0,109,31.9,31.9,31.9,109,31.9,109,42.0,42.0,31.9 / 109,31.9 / 109
4077,TX,White,M,70,63.6,83.0,104,31.8,31.8,31.8,104,31.8,104,41.5,41.5,31.8 / 104,31.8 / 104
4077,TX,Gold,M,70,62.0,80.6,100,31.0,31.0,31.0,100,31.0,100,40.3,40.3,31.0 / 100,31.0 / 100
4077,TX,Red,M,70,61.6,79.8,98,30.8,30.8,30.8,98,30.8,98,39.9,39.9,30.8 / 98,30.8 / 98
4077,TX,Blue,M,70,59.4,77.2,96,29.7,29.7,29.7,96,29.7,96,38.6,38.6,29.7 / 96,29.7 / 96
4077,TX,White,F,70,66.4,92.8,112,33.2,33.2,33.2,112,33.2,112,46.4,46.4,33.2 / 112,33.2 / 112
4077,TX,Gold,F,70,63.8,89.0,107,31.9,31.9,31.9,107,31.9,107,44.5,44.5,31.9 / 107,31.9 / 107
4077,TX,Red,F,70,62.8,87.4,104,31.4,31.4,31.4,104,31.4,104,43.7,43.7,31.4 / 104,31.4 / 104
4077,TX,Blue,F,70,60.2,83.8,100,30.1,30.1,30.1,100,30.1,100,41.9,41.9,30.1 / 100,30.1 / 100
4604,TX,White/Blue,M,71,70.4,92.1,117,35.2,35.2,35.2,115,35.2,118,45.9,46.2,35.2 / 115,35.2 / 118
4604,TX,Black,M,71,67.2,87.8,111,33.3,33.9,33.3,110,33.9,112,43.5,44.3,33.3 / 110,33.9 / 112
4604,TX,Red,M,71,63.3,82.4,103,31.3,32.0,31.3,100,32.0,105,40.6,41.8,31.3 / 100,32.0 / 105
4604,TX,White/Blue,F,71,76.5,106.0,126,38.2,38.3,38.2,125,38.3,126,52.9,53.1,38.2 / 125,38.3 / 126
4604,TX,Black,F,71,73.1,100.2,115,36.2,36.9,36.2,113,36.9,117,49.5,50.7,36.2 / 113,36.9 / 117
4604,TX,Red,F,71,67.9,92.7,105,33.5,34.4,33.5,104,34.4,106,45.8,46.9,33.5 / 104,34.4 / 106
4463,TX,Blue/White,M,72,71.7,94.1,121,36.4,35.3,36.4,118,35.3,123,47.4,46.7,36.4 / 118,35.3 / 123
4463,TX,Gold,M,72,66.7,87.8,114,33.7,33.0,33.7,115,33.0,112,44.4,43.4,33.7 / 115,33.0 / 112
4463,TX,Red,M,72,66.1,86.9,112,33.0,33.1,33.0,112,33.1,112,43.4,43.5,33.0 / 112,33.1 / 112
4463,TX,Blue/White,F,72,77.7,108.5,131,39.4,38.3,39.4,133,38.3,128,55.1,53.4,39.4 / 133,38.3 / 128
4463,TX,Gold,F,72,72.5,100.8,120,36.7,35.8,36.7,122,35.8,118,51.1,49.7,36.7 / 122,35.8 / 118
4463,TX,Red,F,72,71.8,99.6,118,35.9,35.9,35.9,118,35.9,118,49.8,49.8,35.9 / 118,35.9 / 118
4410,TX,Red/Red,M,70,66.7,85.9,103,33.5,33.2,33.5,102,33.2,104,43.0,42.9,33.5 / 102,33.2 / 104
4410,TX,Red/Blue,M,70,66.1,85.4,104,33.1,33.0,33.1,99,33.0,109,42.3,43.1,33.1 / 99,33.0 / 109
4410,TX,Black,M,70,64.1,82.2,98,32.2,31.9,32.2,97,31.9,98,41.2,41.0,32.2 / 97,31.9 / 98
4410,TX,White/White,M,70,61.0,78.6,95,30.5,30.5,30.5,95,30.5,95,39.3,39.3,30.5 / 95,30.5 / 95
4410,TX,White/Yellow,M,70,59.8,76.5,90,29.7,30.1,29.7,89,30.1,90,38.0,38.5,29.7 / 89,30.1 / 90
4410,TX,Red/Blue,F,70,73.0,103.2,128,36.4,36.6,36.4,126,36.6,130,51.3,51.9,36.4 / 126,36.6 / 130
4410,TX,Red/Red,F,70,71.4,100.3,123,35.8,35.6,35.8,122,35.6,123,50.2,50.1,35.8 / 122,35.6 / 123
4410,TX,Black,F,70,68.4,96.4,119,34.3,34.1,34.3,118,34.1,120,48.2,48.2,34.3 / 118,34.1 / 120
4410,TX,White/Yellow,F,70,65.7,91.1,108,32.2,33.5,32.2,104,33.5,111,44.5,46.6,32.2 / 104,33.5 / 111
4410,TX,White/White,F,70,65.1,88.3,98,32.6,32.5,32.6,98,32.5,98,44.2,44.1,32.6 / 98,32.5 / 98
35941,TX,Blue,M,70,67.7,89.9,120,33.1,34.6,33.1,115,34.6,124,43.8,46.1,33.1 / 115,34.6 / 124
35941,TX,White,M,70,65.1,86.1,113,31.9,33.2,31.9,112,33.2,114,42.3,43.8,31.9 / 112,33.2 / 114
35941,TX,Red,M,70,63.9,83.8,107,31.8,32.1,31.8,104,32.1,110,41.5,42.3,31.8 / 104,32.1 / 110
35941,TX,Blue,F,70,72.8,102.9,128,35.6,37.2,35.6,126,37.2,130,50.4,52.5,35.6 / 126,37.2 / 130
35941,TX,White,F,70,70.8,100.4,126,34.7,36.1,34.7,122,36.1,129,49.1,51.3,34.7 / 122,36.1 / 129
35941,TX,Red,F,70,67.8,93.8,111,33.3,34.5,33.3,108,34.5,113,46.0,47.8,33.3 / 108,34.5 / 113
4105,TX,Black,M,71,70.2,93.3,125,34.8,35.4,34.8,126,35.4,123,46.5,46.8,34.8 / 126,35.4 / 123
4105,TX,Blue,M,71,68.1,90.2,119,33.4,34.7,33.4,115,34.7,123,44.1,46.1,33.4 / 115,34.7 / 123
4105,TX,Gold,M,71,65.5,86.1,111,32.0,33.5,32.0,108,33.5,114,42.0,44.1,32.0 / 108,33.5 / 114
4105,TX,Red,M,71,63.1,82.4,104,31.1,32.0,31.1,100,32.0,108,40.4,42.0,31.1 / 100,32.0 / 108
4105,TX,Gold,F,71,71.3,101.8,129,34.9,36.4,34.9,126,36.4,132,49.8,52.0,34.9 / 126,36.4 / 132
4105,TX,Red,F,71,68.4,95.1,113,33.3,35.1,33.3,111,35.1,115,46.4,48.7,33.3 / 111,35.1 / 115
4445,TX,Black,M,71,73.9,98.6,134,36.2,37.7,36.2,130,37.7,137,48.3,50.3,36.2 / 130,37.7 / 137
4445,TX,Blue,M,71,71.9,95.9,130,35.4,36.5,35.4,127,36.5,132,47.2,48.7,35.4 / 127,36.5 / 132
4445,TX,White,M,71,69.6,93.3,127,34.2,35.4,34.2,125,35.4,128,45.9,47.4,34.2 / 125,35.4 / 128
4445,TX,Red,M,71,64.3,85.4,114,31.3,33.0,31.3,109,33.0,118,41.4,44.0,31.3 / 109,33.0 / 118
4445,TX,Covey,M,71,60.6,80.8,109,29.6,31.0,29.6,102,31.0,115,39.1,41.7,29.6 / 102,31.0 / 115
4445,TX,Black,F,71,80.6,115.7,150,39.5,41.1,39.5,146,41.1,153,56.7,59.0,39.5 / 146,41.1 / 153
4445,TX,Blue,F,71,78.5,112.5,145,38.5,40.0,38.5,142,40.0,147,55.2,57.3,38.5 / 142,40.0 / 147
4445,TX,White,F,71,75.7,108.5,140,37.2,38.5,37.2,137,38.5,142,53.3,55.2,37.2 / 137,38.5 / 142
4445,TX,Red,F,71,69.3,99.2,127,33.5,35.8,33.5,122,35.8,131,47.9,51.3,33.5 / 122,35.8 / 131
4445,TX,Covey,F,71,64.1,90.8,114,30.9,33.2,30.9,107,33.2,120,43.5,47.3,30.9 / 107,33.2 / 120
4465,TX,Blue,M,70,70.3,92.4,119,34.9,35.4,34.9,118,35.4,119,45.9,46.5,34.9 / 118,35.4 / 119
4465,TX,White,M,70,67.2,88.1,113,33.6,33.6,33.6,113,33.6,112,44.1,44.0,33.6 / 113,33.6 / 112
4465,TX,Red,M,70,64.4,84.4,108,32.1,32.3,32.1,109,32.3,107,42.2,42.2,32.1 / 109,32.3 / 107
4465,TX,Green,M,70,60.5,78.9,99,30.2,30.3,30.2,100,30.3,98,39.5,39.4,30.2 / 100,30.3 / 98
4465,TX,White,F,72,72.6,101.9,125,36.3,36.3,36.3,124,36.3,125,50.9,51.0,36.3 / 124,36.3 / 125
4465,TX,Red,F,72,69.2,96.8,117,34.5,34.7,34.5,116,34.7,118,48.2,48.6,34.5 / 116,34.7 / 118
4465,TX,Green,F,70,62.9,87.5,104,31.5,31.4,31.5,103,31.4,105,43.7,43.8,31.5 / 103,31.4 / 105
34415,TX,Blue,M,71,68.6,89.1,111,34.5,34.1,34.5,113,34.1,108,45.0,44.1,34.5 / 113,34.1 / 108
34415,TX,White,M,71,65.2,84.5,104,33.0,32.2,33.0,104,32.2,103,42.7,41.8,33.0 / 104,32.2 / 103
34415,TX,Red,M,71,63.4,82.6,103,31.8,31.6,31.8,103,31.6,103,41.4,41.2,31.8 / 103,31.6 / 103
34415,TX,Blue,F,71,74.3,104.8,130,37.4,36.9,37.4,133,36.9,126,53.1,51.7,37.4 / 133,36.9 / 126
34415,TX,White,F,71,70.4,98.6,120,35.6,34.8,35.6,123,34.8,116,50.1,48.5,35.6 / 123,34.8 / 116
34415,TX,Red,F,71,68.4,94.3,110,34.3,34.1,34.3,111,34.1,109,47.4,46.9,34.3 / 111,34.1 / 109
4294,TX,Blue,M,68,68.7,91.4,123,36.8,31.7,36.8,140,31.7,107,49.8,41.6,36.8 / 140,31.7 / 107
4294,TX,White,M,68,67.5,89.1,116,36.5,31.0,36.5,131,31.0,101,48.7,40.4,36.5 / 131,31.0 / 101
4294,TX,Red,M,68,65.0,85.4,110,35.1,29.9,35.1,122,29.9,98,46.4,39.0,35.1 / 122,29.9 / 98
4294,TX,Gold,M,68,62.1,81.0,102,33.5,28.6,33.5,113,28.6,90,44.0,37.0,33.5 / 113,28.6 / 90
4294,TX,Blue,F,68,73.9,105.3,134,40.2,34.0,40.2,153,34.0,114,58.2,47.4,40.2 / 153,34.0 / 114
4294,TX,White,F,68,72.7,103.9,132,39.5,33.2,39.5,149,33.2,115,57.1,46.8,39.5 / 149,33.2 / 115
4294,TX,Red,F,68,69.5,98.3,123,37.6,31.9,37.6,137,31.9,108,53.7,44.6,37.6 / 137,31.9 / 108
4294,TX,Gold,F,68,64.9,89.9,106,35.8,29.1,35.8,126,29.1,86,50.6,39.3,35.8 / 126,29.1 / 86
4295,TX,Blue,M,67,66.7,89.0,120,31.7,34.9,31.7,107,34.9,135,41.6,47.4,31.7 / 107,34.9 / 135
4295,TX,White,M,67,65.0,86.1,114,31.0,33.9,31.0,101,33.9,126,40.4,45.6,31.0 / 101,33.9 / 126
4295,TX,Red,M,67,62.8,82.9,106,29.9,32.9,29.9,98,32.9,114,39.0,43.5,29.9 / 98,32.9 / 114
4295,TX,Gold,M,67,60.7,79.0,99,28.6,32.1,28.6,90,32.1,107,37.0,42.0,28.6 / 90,32.1 / 107
4295,TX,Blue,F,67,72.6,103.6,132,34.0,38.6,34.0,114,38.6,148,47.4,56.1,34.0 / 114,38.6 / 148
4295,TX,White,F,67,70.2,100.5,129,33.2,37.0,33.2,115,37.0,141,46.8,53.6,33.2 / 115,37.0 / 141
4295,TX,Red,F,67,67.2,95.2,119,31.9,35.3,31.9,108,35.3,129,44.6,50.5,31.9 / 108,35.3 / 129
4295,TX,Gold,F,67,63.1,88.3,107,29.1,34.0,29.1,86,34.0,126,39.3,48.9,29.1 / 86,34.0 / 126
4293,TX,Blue,M,71,71.7,97.2,138,34.9,36.8,34.9,135,36.8,140,47.4,49.8,34.9 / 135,36.8 / 140
4293,TX,White,M,71,70.4,94.2,129,33.9,36.5,33.9,126,36.5,131,45.6,48.7,33.9 / 126,36.5 / 131
4293,TX,Red,M,71,68.0,89.6,118,32.9,35.1,32.9,114,35.1,122,43.5,46.4,32.9 / 114,35.1 / 122
4293,TX,Gold,M,71,65.6,86.0,110,32.1,33.5,32.1,107,33.5,113,42.0,44.0,32.1 / 107,33.5 / 113
4293,TX,Blue,F,71,78.8,114.3,151,38.6,40.2,38.6,148,40.2,153,56.1,58.2,38.6 / 148,40.2 / 153
4293,TX,White,F,71,76.5,110.6,145,37.0,39.5,37.0,141,39.5,149,53.6,57.1,37.0 / 141,39.5 / 149
4293,TX,Red,F,71,72.9,103.8,133,35.3,37.6,35.3,129,37.6,137,50.5,53.7,35.3 / 129,37.6 / 137
4293,TX,Gold,F,71,69.8,99.5,126,34.0,35.8,34.0,126,35.8,126,48.9,50.6,34.0 / 126,35.8 / 126
4273,TX,Blue,M,71,72.0,93.9,118,35.6,36.4,35.6,112,36.4,124,46.0,47.9,35.6 / 112,36.4 / 124
4273,TX,White,M,71,70.0,91.2,115,34.4,35.6,34.4,108,35.6,121,44.4,46.8,34.4 / 108,35.6 / 121
4273,TX,Yellow,M,71,66.8,86.8,108,33.2,33.6,33.2,105,33.6,110,43.0,43.8,33.2 / 105,33.6 / 110
4273,TX,Red,M,71,65.9,85.4,105,33.0,32.9,33.0,103,32.9,107,42.6,42.8,33.0 / 103,32.9 / 107
4273,TX,Orange,M,71,62.2,81.3,103,31.0,31.2,31.0,103,31.2,102,40.6,40.7,31.0 / 103,31.2 / 102
4273,TX,Blue,F,71,77.9,108.4,129,38.3,39.6,38.3,127,39.6,131,53.3,55.1,38.3 / 127,39.6 / 131
4273,TX,White,F,71,75.6,104.9,124,36.9,38.7,36.9,121,38.7,127,51.2,53.7,36.9 / 121,38.7 / 127
4273,TX,Yellow,F,71,71.8,99.2,116,35.5,36.3,35.5,115,36.3,117,49.1,50.1,35.5 / 115,36.3 / 117
4273,TX,Red,F,71,70.8,97.7,114,35.3,35.5,35.3,114,35.5,114,48.8,48.9,35.3 / 114,35.5 / 114
4273,TX,Orange,F,71,66.0,90.6,104,32.8,33.2,32.8,104,33.2,104,45.1,45.5,32.8 / 104,33.2 / 104
20682,TX,Blue,M,62,58.8,75.4,89,29.4,29.4,29.4,89,29.4,89,37.7,37.7,29.4 / 89,29.4 / 89
20682,TX,White,M,62,58.6,75.2,89,29.3,29.3,29.3,89,29.3,89,37.6,37.6,29.3 / 89,29.3 / 89
20682,TX,Red,M,62,57.6,74.0,88,28.8,28.8,28.8,88,28.8,88,37.0,37.0,28.8 / 88,28.8 / 88
20682,TX,White,F,62,60.4,82.2,92,30.2,30.2,30.2,92,30.2,92,41.1,41.1,30.2 / 92,30.2 / 92
20682,TX,Red,F,62,59.6,81.0,91,29.8,29.8,29.8,91,29.8,91,40.5,40.5,29.8 / 91,29.8 / 91
20683,TX,Black,M,72,73.7,98.2,132,36.7,37.0,36.7,130,37.0,133,48.8,49.4,36.7 / 130,37.0 / 133
20683,TX,Gold,M,72,71.2,95.0,127,35.5,35.7,35.5,126,35.7,128,47.2,47.6,35.5 / 126,35.7 / 128
20683,TX,Silver,M,72,68.6,91.8,125,34.1,34.5,34.1,121,34.5,122,45.3,45.9,34.1 / 121,34.5 / 122
20683,TX,Bronze,M,72,63.6,84.7,112,31.6,32.0,31.6,111,32.0,113,41.9,42.5,31.6 / 111,32.0 / 113
20683,TX,Black,F,72,79.5,111.5,137,39.6,39.9,39.6,136,39.9,138,55.6,56.2,39.6 / 136,39.9 / 138
20683,TX,Gold,F,72,76.7,107.2,130,38.3,38.4,38.3,128,38.4,131,53.4,53.8,38.3 / 128,38.4 / 131
20683,TX,Silver,F,72,73.8,103.5,126,37.0,36.8,37.0,125,36.8,127,51.7,51.8,37.0 / 125,36.8 / 127
20683,TX,Bronze,F,72,68.1,95.1,115,34.1,34.0,34.1,114,34.0,115,47.5,47.6,34.1 / 114,34.0 / 115
20684,TX,Black,M,72,73.8,98.9,135,36.8,37.0,36.8,131,37.0,139,49.0,49.9,36.8 / 131,37.0 / 139
20684,TX,Gold,M,72,71.8,96.0,130,35.8,36.0,35.8,127,36.0,133,47.6,48.4,35.8 / 127,36.0 / 133
20684,TX,Green,M,72,70.7,93.9,125,35.5,35.2,35.5,119,35.2,130,46.6,47.3,35.5 / 119,35.2 / 130
20684,TX,Burgundy,M,72,65.9,87.0,114,33.1,32.8,33.1,110,32.8,117,43.3,43.7,33.1 / 110,32.8 / 117
20684,TX,Green,F,72,76.2,109.0,139,38.1,38.1,38.1,140,38.1,138,54.6,54.4,38.1 / 140,38.1 / 138
20684,TX,Burgundy,F,72,70.8,99.9,124,35.4,35.4,35.4,124,35.4,123,50.0,49.9,35.4 / 124,35.4 / 123
20684,TX,Burgundy / Orange,F,72,66.5,94.4,119,33.4,33.1,33.4,120,33.1,117,47.5,46.9,33.4 / 120,33.1 / 117
4466,TX,Blue,M,71,73.1,97.6,132,36.0,37.1,36.0,131,37.1,132,48.2,49.4,36.0 / 131,37.1 / 132
4466,TX,White,M,71,71.6,95.8,130,35.2,36.4,35.2,129,36.4,131,47.2,48.6,35.2 / 129,36.4 / 131
4466,TX,Green,M,71,69.6,92.6,124,34.1,35.5,34.1,121,35.5,127,45.3,47.3,34.1 / 121,35.5 / 127
4466,TX,Red,M,71,67.4,88.5,114,33.4,34.0,33.4,115,34.0,112,44.1,44.4,33.4 / 115,34.0 / 112
4466,TX,Green,F,71,75.2,105.7,130,36.9,38.3,36.9,125,38.3,134,51.6,54.1,36.9 / 125,38.3 / 134
4466,TX,Red,F,71,72.9,102.5,126,36.1,36.8,36.1,122,36.8,129,50.5,52.0,36.1 / 122,36.8 / 129
4467,TX,Blue,M,71,73.2,97.9,133,37.1,36.1,37.1,132,36.1,133,49.4,48.5,37.1 / 132,36.1 / 133
4467,TX,White,M,71,72.0,96.4,131,36.4,35.6,36.4,131,35.6,131,48.6,47.8,36.4 / 131,35.6 / 131
4467,TX,Green,M,71,69.8,93.1,126,35.5,34.3,35.5,127,34.3,124,47.3,45.8,35.5 / 127,34.3 / 124
4467,TX,Red,M,71,67.0,87.0,108,34.0,33.0,34.0,112,33.0,103,44.4,42.6,34.0 / 112,33.0 / 103
4467,TX,Green,F,71,75.1,106.3,133,38.3,36.8,38.3,134,36.8,131,54.1,52.2,38.3 / 134,36.8 / 131
4467,TX,Red,F,71,72.0,101.4,125,36.8,35.2,36.8,129,35.2,120,52.0,49.4,36.8 / 129,35.2 / 120
4468,TX,Blue,M,70,72.1,96.7,132,36.1,36.0,36.1,133,36.0,131,48.5,48.2,36.1 / 133,36.0 / 131
4468,TX,White,M,70,70.8,95.0,130,35.6,35.2,35.6,131,35.2,129,47.8,47.2,35.6 / 131,35.2 / 129
4468,TX,Green,M,70,68.4,91.1,123,34.3,34.1,34.3,124,34.1,121,45.8,45.3,34.3 / 124,34.1 / 121
4468,TX,Red,M,70,66.4,86.7,109,33.0,33.4,33.0,103,33.4,115,42.6,44.1,33.0 / 103,33.4 / 115
4468,TX,Green,F,70,73.7,103.8,128,36.8,36.9,36.8,131,36.9,125,52.2,51.6,36.8 / 131,36.9 / 125
4468,TX,Red,F,70,71.3,99.9,121,35.2,36.1,35.2,120,36.1,122,49.4,50.5,35.2 / 120,36.1 / 122
4341,TX,Blue,M,71,68.8,91.2,121,34.6,34.2,34.6,124,34.2,117,46.1,45.1,34.6 / 124,34.2 / 117
4341,TX,White,M,71,66.6,88.0,115,33.5,33.1,33.5,117,33.1,115,44.4,43.8,33.5 / 117,33.1 / 115
4341,TX,Gold,M,71,65.1,85.1,108,32.3,32.8,32.3,112,32.8,103,42.7,42.4,32.3 / 112,32.8 / 103
4341,TX,Red,M,71,64.1,83.9,107,32.1,32.0,32.1,110,32.0,103,42.3,41.6,32.1 / 110,32.0 / 103
4341,TX,Blue,F,72,74.7,105.4,131,37.8,36.9,37.8,131,36.9,130,53.2,52.2,37.8 / 131,36.9 / 130
4341,TX,White,F,72,72.7,102.9,128,36.5,36.2,36.5,125,36.2,131,51.2,51.7,36.5 / 125,36.2 / 131
4341,TX,Gold,F,72,69.6,98.3,122,34.9,34.7,34.9,117,34.7,126,48.7,49.6,34.9 / 117,34.7 / 126
4341,TX,Red,F,72,68.3,96.2,118,34.6,33.7,34.6,116,33.7,120,48.3,47.9,34.6 / 116,33.7 / 120
4617,TX,Professional,M,72,74.2,98.8,132,37.2,37.0,37.2,133,37.0,131,49.6,49.2,37.2 / 133,37.0 / 131
4617,TX,Masters,M,72,71.4,94.6,125,35.8,35.6,35.8,127,35.6,123,47.6,47.0,35.8 / 127,35.6 / 123
4617,TX,Members,M,72,70.0,92.1,119,35.1,34.9,35.1,119,34.9,118,46.2,45.9,35.1 / 119,34.9 / 118
4617,TX,Forward,M,72,67.5,88.9,115,33.8,33.7,33.8,115,33.7,115,44.5,44.4,33.8 / 115,33.7 / 115
4617,TX,Forward,F,72,73.3,103.5,128,36.6,36.7,36.6,130,36.7,126,51.9,51.6,36.6 / 130,36.7 / 126
4617,TX,First,F,72,69.5,97.5,119,34.6,34.9,34.6,119,34.9,119,48.6,48.9,34.6 / 119,34.9 / 119
4023,TX,Blue,M,72,70.0,91.8,117,35.0,35.0,35.0,117,35.0,117,45.9,45.9,35.0 / 117,35.0 / 117
4023,TX,White/Blue Combo,M,72,68.7,90.0,115,33.7,35.0,33.7,112,35.0,117,44.1,45.9,33.7 / 112,35.0 / 117
4023,TX,White,M,72,67.4,88.2,112,33.7,33.7,33.7,112,33.7,112,44.1,44.1,33.7 / 112,33.7 / 112
4023,TX,Red,M,72,64.8,84.0,103,32.4,32.4,32.4,103,32.4,103,42.0,42.0,32.4 / 103,32.4 / 103
4023,TX,Blue,F,74,75.2,104.0,122,37.6,37.6,37.6,122,37.6,122,52.0,52.0,37.6 / 122,37.6 / 122
4023,TX,White/Blue Combo,F,74,73.8,101.8,119,36.2,37.6,36.2,115,37.6,122,49.8,52.0,36.2 / 115,37.6 / 122
4023,TX,White,F,74,72.4,99.6,115,36.2,36.2,36.2,115,36.2,115,49.8,49.8,36.2 / 115,36.2 / 115
4023,TX,Red,F,74,69.2,94.8,109,34.6,34.6,34.6,109,34.6,109,47.4,47.4,34.6 / 109,34.6 / 109
4088,TX,Harvey,M,72,74.7,102.5,150,37.0,37.7,37.0,151,37.7,149,51.0,51.5,37.0 / 151,37.7 / 149
4088,TX,Hancock,M,72,73.0,100.3,147,36.1,36.9,36.1,147,36.9,146,49.8,50.5,36.1 / 147,36.9 / 146
4088,TX,Tee #1,M,72,72.1,99.0,145,35.6,36.5,35.6,145,36.5,144,49.1,49.9,35.6 / 145,36.5 / 144
4088,TX,Riverside,M,72,70.9,97.0,141,35.0,35.9,35.0,141,35.9,140,48.1,48.9,35.0 / 141,35.9 / 140
4088,TX,Tee #2,M,72,69.9,95.2,137,34.5,35.4,34.5,138,35.4,135,47.3,47.9,34.5 / 138,35.4 / 135
4088,TX,Davenport,M,72,67.6,91.9,131,33.4,34.2,33.4,132,34.2,129,45.7,46.2,33.4 / 132,34.2 / 129
4088,TX,Tee #3,M,72,65.2,88.9,128,32.3,32.9,32.3,130,32.9,125,44.4,44.5,32.3 / 130,32.9 / 125
4088,TX,Harvey,F,72,81.6,117.1,151,40.5,41.1,40.5,146,41.1,155,57.7,59.4,40.5 / 146,41.1 / 155
4088,TX,Hancock,F,72,80.3,115.3,148,39.7,40.6,39.7,143,40.6,153,56.6,58.7,39.7 / 143,40.6 / 153
4088,TX,Tee #1,F,72,78.9,113.2,146,39.0,39.9,39.0,141,39.9,150,55.6,57.6,39.0 / 141,39.9 / 150
4088,TX,Riverside,F,72,77.3,110.7,142,38.2,39.1,38.2,137,39.1,146,54.4,56.3,38.2 / 137,39.1 / 146
4088,TX,Tee #2,F,72,75.9,108.5,138,37.5,38.4,37.5,133,38.4,143,53.2,55.3,37.5 / 133,38.4 / 143
4088,TX,Davenport,F,72,72.8,104.3,134,36.0,36.8,36.0,129,36.8,138,51.2,53.1,36.0 / 129,36.8 / 138
4088,TX,Tee #3,F,72,70.5,100.9,129,35.1,35.4,35.1,126,35.4,132,49.9,51.0,35.1 / 126,35.4 / 132
4061,TX,Back,M,70,74.0,99.1,136,36.6,37.4,36.6,135,37.4,136,49.1,50.0,36.6 / 135,37.4 / 136
4061,TX,Middle,M,70,71.6,95.6,129,35.5,36.1,35.5,129,36.1,129,47.5,48.1,35.5 / 129,36.1 / 129
4061,TX,Sheriff,M,70,69.6,93.2,127,34.5,35.1,34.5,128,35.1,126,46.4,46.8,34.5 / 128,35.1 / 126
4061,TX,Forward,M,70,67.8,90.5,123,33.8,34.0,33.8,123,34.0,122,45.2,45.3,33.8 / 123,34.0 / 122
4061,TX,Forward,F,70,73.0,103.4,129,36.5,36.5,36.5,131,36.5,127,51.9,51.5,36.5 / 131,36.5 / 127
4351,TX,Black,M,72,74.7,100.3,138,37.7,37.0,37.7,145,37.0,130,51.2,49.1,37.7 / 145,37.0 / 130
4351,TX,Gold,M,72,72.4,97.9,137,36.8,35.6,36.8,143,35.6,131,50.1,47.8,36.8 / 143,35.6 / 131
4351,TX,Member,M,72,71.6,96.7,135,36.4,35.2,36.4,141,35.2,129,49.5,47.2,36.4 / 141,35.2 / 129
4351,TX,Blue,M,72,71.0,95.3,131,36.0,35.0,36.0,139,35.0,123,48.9,46.4,36.0 / 139,35.0 / 123
4351,TX,White/Blue,M,72,69.9,93.7,128,34.9,35.0,34.9,133,35.0,123,47.3,46.4,34.9 / 133,35.0 / 123
4351,TX,White,M,72,68.9,92.1,125,34.9,34.0,34.9,133,34.0,116,47.3,44.8,34.9 / 133,34.0 / 116
4351,TX,Green,M,72,65.4,87.2,118,33.1,32.3,33.1,126,32.3,109,44.8,42.4,33.1 / 126,32.3 / 109
4351,TX,Black,F,72,82.2,117.2,148,41.6,40.6,41.6,153,40.6,143,59.7,57.5,41.6 / 153,40.6 / 143
4351,TX,Gold,F,72,79.3,113.1,144,40.3,39.0,40.3,150,39.0,137,58.0,55.1,40.3 / 150,39.0 / 137
4351,TX,Member,F,72,78.3,111.4,141,39.8,38.5,39.8,147,38.5,134,57.1,54.3,39.8 / 147,38.5 / 134
4351,TX,Blue,F,72,77.3,109.8,138,39.3,38.0,39.3,144,38.0,131,56.3,53.5,39.3 / 144,38.0 / 131
4351,TX,White,F,72,74.5,106.0,134,37.8,36.7,37.8,141,36.7,126,54.4,51.6,37.8 / 141,36.7 / 126
4351,TX,Green,F,72,69.8,99.2,125,35.3,34.5,35.3,132,34.5,117,50.9,48.3,35.3 / 132,34.5 / 117
4024,TX,Black,M,70,69.3,90.6,115,34.6,34.7,34.6,110,34.7,119,44.8,45.8,34.6 / 110,34.7 / 119
4024,TX,Blue,M,70,68.0,88.8,112,33.8,34.2,33.8,107,34.2,117,43.7,45.1,33.8 / 107,34.2 / 117
4024,TX,White,M,70,66.3,86.6,109,33.1,33.2,33.1,104,33.2,114,42.8,43.8,33.1 / 104,33.2 / 114
4024,TX,Green,M,70,63.2,82.3,103,31.4,31.8,31.4,98,31.8,108,40.5,41.8,31.4 / 98,31.8 / 108
4024,TX,Black,F,70,75.7,106.2,130,37.9,37.8,37.9,125,37.8,134,52.6,53.6,37.9 / 125,37.8 / 134
4024,TX,Blue,F,70,74.2,103.8,126,37.0,37.2,37.0,120,37.2,131,51.2,52.6,37.0 / 120,37.2 / 131
4024,TX,White,F,70,72.3,100.6,120,36.1,36.2,36.1,115,36.2,125,49.7,50.9,36.1 / 115,36.2 / 125
4024,TX,Green,F,70,67.9,94.9,114,33.9,34.0,33.9,114,34.0,114,47.4,47.5,33.9 / 114,34.0 / 114
4428,TX,Tournament,M,72,76.0,102.8,144,37.5,38.5,37.5,143,38.5,145,50.8,52.0,37.5 / 143,38.5 / 145
4428,TX,Black,M,72,74.9,101.0,141,37.1,37.8,37.1,141,37.8,140,50.2,50.8,37.1 / 141,37.8 / 140
4428,TX,Gold,M,72,72.8,98.3,138,36.1,36.7,36.1,138,36.7,137,48.9,49.4,36.1 / 138,36.7 / 137
4428,TX,Blue,M,72,71.7,96.7,135,35.5,36.2,35.5,136,36.2,133,48.1,48.6,35.5 / 136,36.2 / 133
4428,TX,White,M,72,69.8,93.7,129,34.7,35.1,34.7,130,35.1,127,46.8,46.9,34.7 / 130,35.1 / 127
4428,TX,Red,M,72,65.6,88.2,122,32.5,33.1,32.5,125,33.1,118,44.1,44.1,32.5 / 125,33.1 / 118
4428,TX,Orange,M,72,62.4,83.5,114,31.3,31.1,31.3,114,31.1,113,41.9,41.6,31.3 / 114,31.1 / 113
4428,TX,Tournament,F,72,84.1,120.1,153,41.5,42.6,41.5,152,42.6,153,59.4,60.7,41.5 / 152,42.6 / 153
4428,TX,Black,F,72,82.7,118.0,150,41.0,41.7,41.0,150,41.7,149,58.7,59.3,41.0 / 150,41.7 / 149
4428,TX,Gold,F,72,80.2,114.2,144,39.8,40.4,39.8,145,40.4,143,56.9,57.3,39.8 / 145,40.4 / 143
4428,TX,Blue,F,72,78.4,111.2,139,39.1,39.3,39.1,140,39.3,138,55.6,55.6,39.1 / 140,39.3 / 138
4428,TX,White,F,72,75.8,107.3,134,38.0,37.8,38.0,135,37.8,132,53.9,53.4,38.0 / 135,37.8 / 132
4428,TX,Red,F,72,70.9,100.4,125,35.5,35.4,35.5,128,35.4,122,50.6,49.8,35.5 / 128,35.4 / 122
4428,TX,Orange,F,72,66.7,93.8,115,33.7,33.0,33.7,119,33.0,111,47.7,46.1,33.7 / 119,33.0 / 111
4429,TX,Gold,M,71,71.5,96.6,135,35.7,35.8,35.7,128,35.8,142,47.6,49.0,35.7 / 128,35.8 / 142
4429,TX,Green,M,71,70.3,95.1,134,35.1,35.2,35.1,125,35.2,142,46.7,48.4,35.1 / 125,35.2 / 142
4429,TX,Blue,M,71,69.3,92.2,123,34.5,34.8,34.5,117,34.8,129,45.4,46.8,34.5 / 117,34.8 / 129
4429,TX,White,M,71,66.9,88.9,119,33.3,33.6,33.3,112,33.6,125,43.7,45.2,33.3 / 112,33.6 / 125
4429,TX,Red,M,71,63.5,82.7,103,32.2,31.3,32.2,101,31.3,105,41.6,41.1,32.2 / 101,31.3 / 105
4429,TX,Orange,M,71,61.2,80.6,105,30.9,30.3,30.9,101,30.3,108,40.3,40.3,30.9 / 101,30.3 / 108
4429,TX,Gold,F,72,79.0,113.4,146,39.2,39.8,39.2,137,39.8,155,55.3,58.1,39.2 / 137,39.8 / 155
4429,TX,Green,F,72,77.6,111.2,143,38.5,39.1,38.5,132,39.1,153,54.1,57.1,38.5 / 132,39.1 / 153
4429,TX,Blue,F,72,76.1,108.7,138,38.0,38.1,38.0,128,38.1,148,53.1,55.6,38.0 / 128,38.1 / 148
4429,TX,White,F,72,73.2,104.0,131,36.5,36.7,36.5,122,36.7,139,50.9,53.1,36.5 / 122,36.7 / 139
4429,TX,Red,F,72,67.3,93.6,112,34.4,32.9,34.4,109,32.9,114,47.2,46.4,34.4 / 109,32.9 / 114
4429,TX,Orange,F,72,64.2,88.6,104,32.5,31.7,32.5,103,31.7,104,44.6,44.0,32.5 / 103,31.7 / 104
4430,TX,Black,M,72,75.3,101.5,141,37.5,37.8,37.5,140,37.8,142,50.5,51.0,37.5 / 140,37.8 / 142
4430,TX,Gold,M,72,73.4,99.1,139,36.5,36.9,36.5,137,36.9,140,49.2,49.9,36.5 / 137,36.9 / 140
4430,TX,Blue,M,72,71.8,96.7,134,35.7,36.1,35.7,130,36.1,138,47.8,48.9,35.7 / 130,36.1 / 138
4430,TX,White,M,72,70.0,94.3,131,34.6,35.4,34.6,129,35.4,132,46.6,47.7,34.6 / 129,35.4 / 132
4430,TX,Red,M,72,66.7,89.0,120,33.0,33.7,33.0,121,33.7,119,44.2,44.8,33.0 / 121,33.7 / 119
4430,TX,Orange,M,72,64.0,85.6,116,31.8,32.2,31.8,118,32.2,114,42.8,42.8,31.8 / 118,32.2 / 114
4430,TX,Black,F,72,82.1,117.1,148,41.3,40.8,41.3,148,40.8,148,58.8,58.3,41.3 / 148,40.8 / 148
4430,TX,Gold,F,72,80.1,114.6,146,40.0,40.1,40.0,144,40.1,148,57.0,57.6,40.0 / 144,40.1 / 148
4430,TX,Blue,F,72,78.0,111.5,142,39.0,39.0,39.0,140,39.0,144,55.5,56.0,39.0 / 140,39.0 / 144
4430,TX,White,F,72,75.2,107.5,137,37.4,37.8,37.4,134,37.8,140,53.2,54.3,37.4 / 134,37.8 / 140
4430,TX,Red,F,72,71.3,100.9,126,35.4,35.9,35.4,123,35.9,128,49.9,51.0,35.4 / 123,35.9 / 128
4430,TX,Orange,F,72,68.0,96.3,120,34.2,33.8,34.2,119,33.8,121,48.2,48.1,34.2 / 119,33.8 / 121
4427,TX,Black,M,71,72.8,99.4,144,37.0,35.8,37.0,151,35.8,136,51.0,48.4,37.0 / 151,35.8 / 136
4427,TX,Gold,M,71,71.4,97.5,141,36.3,35.1,36.3,149,35.1,132,50.1,47.4,36.3 / 149,35.1 / 132
4427,TX,Blue,M,71,69.2,91.8,122,35.2,34.0,35.2,125,34.0,118,46.8,45.0,35.2 / 125,34.0 / 118
4427,TX,Green,M,71,68.5,91.0,121,34.9,33.6,34.9,125,33.6,117,46.5,44.5,34.9 / 125,33.6 / 117
4427,TX,White,M,71,67.1,89.1,119,34.1,33.0,34.1,124,33.0,113,45.6,43.5,34.1 / 124,33.0 / 113
4427,TX,Red,M,71,64.5,85.3,112,32.6,31.9,32.6,117,31.9,107,43.5,41.8,32.6 / 117,31.9 / 107
4427,TX,Orange,M,71,62.2,81.7,105,31.3,30.9,31.3,107,30.9,103,41.2,40.5,31.3 / 107,30.9 / 103
4427,TX,Black,F,71,80.1,117.3,155,41.0,39.1,41.0,155,39.1,155,59.7,57.6,41.0 / 155,39.1 / 155
4427,TX,Gold,F,71,78.8,114.8,152,40.2,38.6,40.2,155,38.6,148,58.7,56.1,40.2 / 155,38.6 / 148
4427,TX,Blue,F,71,74.9,107.7,139,38.1,36.8,38.1,147,36.8,131,55.4,52.3,38.1 / 147,36.8 / 131
4427,TX,Green,F,71,73.5,105.7,137,37.2,36.3,37.2,142,36.3,131,54.0,51.7,37.2 / 142,36.3 / 131
4427,TX,White,F,71,72.4,104.0,134,36.8,35.6,36.8,140,35.6,128,53.3,50.7,36.8 / 140,35.6 / 128
4427,TX,Red,F,71,70.2,98.9,122,35.2,35.0,35.2,122,35.0,121,49.6,49.3,35.2 / 122,35.0 / 121
4427,TX,Orange,F,71,65.0,92.0,115,32.8,32.2,32.8,119,32.2,110,46.8,45.2,32.8 / 119,32.2 / 110
4347,TX,Blue,M,72,71.3,96.0,133,35.3,36.0,35.3,129,36.0,137,47.3,48.7,35.3 / 129,36.0 / 137
4347,TX,White,M,72,69.7,93.6,129,34.5,35.2,34.5,128,35.2,129,46.4,47.2,34.5 / 128,35.2 / 129
4347,TX,Green,M,72,66.1,88.7,122,33.4,32.7,33.4,124,32.7,119,44.9,43.8,33.4 / 124,32.7 / 119
4347,TX,Green,F,72,71.6,99.5,118,35.7,35.9,35.7,120,35.9,116,49.9,49.6,35.7 / 120,35.9 / 116
4347,TX,Red,F,72,68.9,96.8,118,34.8,34.1,34.8,120,34.1,116,49.0,47.8,34.8 / 120,34.1 / 116
4313,TX,Black,M,72,74.0,99.3,136,37.0,37.0,37.0,130,37.0,142,49.1,50.2,37.0 / 130,37.0 / 142
4313,TX,Gold,M,72,71.1,95.2,130,35.6,35.5,35.6,124,35.5,136,47.1,48.1,35.6 / 124,35.5 / 136
4313,TX,Blue,M,72,67.2,89.3,119,33.9,33.3,33.9,119,33.3,118,45.0,44.3,33.9 / 119,33.3 / 118
4313,TX,White,M,72,63.6,84.6,113,32.0,31.6,32.0,113,31.6,113,42.5,42.1,32.0 / 113,31.6 / 113
4313,TX,Black,F,72,80.7,115.8,149,40.4,40.3,40.4,148,40.3,149,57.9,57.9,40.4 / 148,40.3 / 149
4313,TX,Gold,F,72,77.2,111.0,144,38.7,38.5,38.7,145,38.5,142,55.8,55.2,38.7 / 145,38.5 / 142
4313,TX,Blue,F,72,72.8,104.8,136,36.6,36.2,36.6,140,36.2,131,53.1,51.7,36.6 / 140,36.2 / 131
4313,TX,White,F,72,68.7,97.1,121,34.5,34.2,34.5,122,34.2,119,48.9,48.2,34.5 / 122,34.2 / 119
4470,TX,Gold,M,72,71.1,94.9,128,35.5,35.6,35.5,129,35.6,127,47.5,47.4,35.5 / 129,35.6 / 127
4470,TX,Gold/Blue,M,72,70.1,93.3,125,35.5,34.6,35.5,129,34.6,121,47.5,45.8,35.5 / 129,34.6 / 121
4470,TX,Blue,M,72,69.0,91.5,122,34.4,34.6,34.4,122,34.6,121,45.7,45.8,34.4 / 122,34.6 / 121
4470,TX,Blue/White,M,72,68.3,90.1,118,34.4,33.9,34.4,122,33.9,113,45.7,44.4,34.4 / 122,33.9 / 113
4470,TX,White,M,72,67.7,88.7,113,33.8,33.9,33.8,113,33.9,113,44.3,44.4,33.8 / 113,33.9 / 113
4470,TX,Red,M,71,63.8,82.7,102,31.8,32.0,31.8,102,32.0,101,41.3,41.4,31.8 / 102,32.0 / 101
4470,TX,Gold,F,72,78.0,111.4,142,38.9,39.1,38.9,142,39.1,142,55.6,55.8,38.9 / 142,39.1 / 142
4470,TX,Gold/Blue,F,72,76.6,109.3,139,38.9,37.7,38.9,142,37.7,136,55.6,53.7,38.9 / 142,37.7 / 136
4470,TX,Blue,F,72,75.2,107.3,137,37.5,37.7,37.5,137,37.7,136,53.6,53.7,37.5 / 137,37.7 / 136
4470,TX,Blue/White,F,72,74.1,105.5,134,37.5,36.6,37.5,137,36.6,130,53.6,51.9,37.5 / 137,36.6 / 130
4470,TX,White,F,72,73.0,103.1,128,36.4,36.6,36.4,126,36.6,130,51.2,51.9,36.4 / 126,36.6 / 130
4470,TX,Red,F,72,68.9,95.0,111,34.4,34.5,34.4,112,34.5,109,47.6,47.4,34.4 / 112,34.5 / 109
4382,TX,Blue,M,72,73.9,99.7,139,35.6,38.3,35.6,131,38.3,146,47.8,51.9,35.6 / 131,38.3 / 146
4382,TX,White,M,72,71.1,95.4,131,34.3,36.8,34.3,121,36.8,141,45.5,49.9,34.3 / 121,36.8 / 141
4382,TX,Gold,M,72,68.2,90.5,120,33.1,35.1,33.1,109,35.1,131,43.2,47.3,33.1 / 109,35.1 / 131
4382,TX,Red,M,72,65.5,85.3,107,32.1,33.4,32.1,102,33.4,111,41.6,43.7,32.1 / 102,33.4 / 111
4382,TX,Blue,F,72,81.5,118.7,149,39.0,42.5,39.0,143,42.5,155,55.9,62.8,39.0 / 143,42.5 / 155
4382,TX,White,F,72,77.9,113.8,146,37.2,40.7,37.2,137,40.7,155,53.3,60.5,37.2 / 137,40.7 / 155
4382,TX,Gold,F,72,73.8,107.6,144,35.5,38.3,35.5,137,38.3,150,51.6,56.0,35.5 / 137,38.3 / 150
4382,TX,Red,F,72,71.0,100.7,126,34.6,36.4,34.6,120,36.4,131,48.8,51.9,34.6 / 120,36.4 / 131
4471,TX,Tournament,M,72,75.0,100.9,140,37.7,37.3,37.7,139,37.3,140,50.6,50.3,37.7 / 139,37.3 / 140
4471,TX,Gold/Blue,M,72,73.3,99.1,139,37.0,36.3,37.0,138,36.3,140,49.8,49.3,37.0 / 138,36.3 / 140
4471,TX,Championship,M,72,72.6,97.7,136,36.7,35.9,36.7,136,35.9,135,49.3,48.4,36.7 / 136,35.9 / 135
4471,TX,Blue/White,M,72,71.1,95.0,129,36.0,35.1,36.0,130,35.1,127,48.1,46.9,36.0 / 130,35.1 / 127
4471,TX,Regular,M,72,70.1,93.2,125,35.5,34.6,35.5,128,34.6,121,47.4,45.8,35.5 / 128,34.6 / 121
4471,TX,White/Red,M,72,68.1,90.1,119,34.3,33.8,34.3,124,33.8,113,45.8,44.3,34.3 / 124,33.8 / 113
4471,TX,Forward,M,72,66.8,88.0,114,33.4,33.4,33.4,116,33.4,112,44.2,43.8,33.4 / 116,33.4 / 112
4471,TX,Family,M,72,57.5,73.8,88,28.7,28.8,28.7,86,28.8,89,36.7,37.1,28.7 / 86,28.8 / 89
4471,TX,Tournament,F,72,82.1,118.3,154,41.2,40.9,41.2,154,40.9,153,59.4,58.9,41.2 / 154,40.9 / 153
4471,TX,Gold/Blue,F,72,80.5,116.3,152,40.6,39.9,40.6,153,39.9,151,58.6,57.7,40.6 / 153,39.9 / 151
4471,TX,Championship,F,72,79.5,114.8,150,40.0,39.5,40.0,153,39.5,146,58.1,56.7,40.0 / 153,39.5 / 146
4471,TX,Blue/White,F,72,77.9,111.6,143,39.4,38.5,39.4,144,38.5,142,56.4,55.2,39.4 / 144,38.5 / 142
4471,TX,Regular,F,72,76.5,109.8,141,38.9,37.6,38.9,144,37.6,138,55.9,53.9,38.9 / 144,37.6 / 138
4471,TX,White/Red,F,72,74.0,105.3,133,37.5,36.5,37.5,135,36.5,131,53.4,51.9,37.5 / 135,36.5 / 131
4471,TX,Forward,F,72,72.2,102.4,128,36.3,35.9,36.3,128,35.9,128,51.4,51.0,36.3 / 128,35.9 / 128
4471,TX,Family,F,72,59.8,82.3,95,29.8,30.0,29.8,92,30.0,98,40.7,41.6,29.8 / 92,30.0 / 98
29505,TX,White/Gold,M,71,68.8,92.2,126,34.8,34.0,34.8,124,34.0,128,46.3,45.9,34.8 / 124,34.0 / 128
29505,TX,Red/Pink,M,72,65.1,85.7,111,32.9,32.2,32.9,111,32.2,111,43.2,42.5,32.9 / 111,32.2 / 111
29505,TX,Red/Pink,F,72,70.0,100.3,129,35.4,34.6,35.4,130,34.6,127,50.7,49.6,35.4 / 130,34.6 / 127
14467,TX,Blue,M,71,69.5,90.5,113,35.8,33.7,35.8,114,33.7,112,46.4,44.1,35.8 / 114,33.7 / 112
14467,TX,White,M,71,68.3,89.3,113,35.1,33.2,35.1,116,33.2,110,45.9,43.4,35.1 / 116,33.2 / 110
14467,TX,Gold,M,71,65.4,85.9,111,33.1,32.3,33.1,114,32.3,107,43.7,42.2,33.1 / 114,32.3 / 107
14467,TX,Red,M,71,64.6,84.8,109,32.7,31.9,32.7,112,31.9,105,43.1,41.7,32.7 / 112,31.9 / 105
14467,TX,Blue,F,71,75.5,105.7,129,38.9,36.6,38.9,131,36.6,126,54.3,51.4,38.9 / 131,36.6 / 126
14467,TX,White,F,71,74.3,104.3,127,38.3,36.0,38.3,131,36.0,123,53.8,50.5,38.3 / 131,36.0 / 123
14467,TX,Gold,F,71,71.0,99.1,119,36.4,34.6,36.4,120,34.6,118,50.6,48.5,36.4 / 120,34.6 / 118
14467,TX,Red,F,71,70.2,97.9,117,35.7,34.5,35.7,120,34.5,114,49.9,48.0,35.7 / 120,34.5 / 114
9413,TX,Blue,M,72,72.5,95.3,123,36.1,36.4,36.1,123,36.4,123,47.5,47.8,36.1 / 123,36.4 / 123
9413,TX,White,M,72,70.7,93.0,120,35.4,35.3,35.4,119,35.3,121,46.5,46.5,35.4 / 119,35.3 / 121
9413,TX,Gold,M,72,68.8,90.8,118,34.3,34.5,34.3,118,34.5,118,45.3,45.5,34.3 / 118,34.5 / 118
9413,TX,Red,M,72,66.0,86.9,113,32.6,33.4,32.6,110,33.4,115,42.8,44.1,32.6 / 110,33.4 / 115
9413,TX,White,F,73,75.5,106.2,130,38.1,37.4,38.1,134,37.4,126,53.9,52.3,38.1 / 134,37.4 / 126
9413,TX,Gold,F,73,73.6,103.3,126,36.9,36.7,36.9,129,36.7,123,52.1,51.2,36.9 / 129,36.7 / 123
9413,TX,Red,F,73,71.3,99.9,121,35.4,35.9,35.4,115,35.9,127,49.0,50.9,35.4 / 115,35.9 / 127
20638,TX,Gold,M,72,73.8,100.5,144,36.4,37.4,36.4,139,37.4,149,49.3,51.2,36.4 / 139,37.4 / 149
20638,TX,Blue,M,72,71.6,97.1,138,35.7,35.9,35.7,135,35.9,140,48.2,48.9,35.7 / 135,35.9 / 140
20638,TX,White,M,72,68.4,92.3,129,34.0,34.4,34.0,125,34.4,132,45.6,46.7,34.0 / 125,34.4 / 132
20638,TX,Red,M,72,64.6,85.9,115,32.2,32.4,32.2,117,32.4,112,43.1,42.8,32.2 / 117,32.4 / 112
20638,TX,Gold,F,72,80.7,117.4,153,39.7,41.0,39.7,151,41.0,155,57.5,59.9,39.7 / 151,41.0 / 155
20638,TX,Blue,F,72,78.2,113.1,148,38.9,39.3,38.9,142,39.3,153,55.7,57.4,38.9 / 142,39.3 / 153
20638,TX,White,F,72,74.1,106.9,139,36.9,37.2,36.9,136,37.2,142,52.9,54.0,36.9 / 136,37.2 / 142
20638,TX,Red,F,72,69.3,99.4,128,34.6,34.7,34.6,125,34.7,131,49.3,50.1,34.6 / 125,34.7 / 131
4258,TX,Black,M,72,73.6,99.3,139,37.0,36.6,37.0,142,36.6,135,50.2,49.1,37.0 / 142,36.6 / 135
4258,TX,Blue,M,72,72.0,96.8,134,36.1,35.9,36.1,137,35.9,130,48.8,48.0,36.1 / 137,35.9 / 130
4258,TX,Silver,M,72,69.3,93.0,128,34.7,34.6,34.7,131,34.6,124,46.9,46.1,34.7 / 131,34.6 / 124
4258,TX,Red,M,72,69.0,92.3,126,34.5,34.5,34.5,129,34.5,122,46.5,45.8,34.5 / 129,34.5 / 122
4258,TX,Blue,F,72,78.6,112.4,143,39.6,39.0,39.6,149,39.0,137,57.2,55.2,39.6 / 149,39.0 / 137
4258,TX,Silver,F,72,75.1,106.3,132,37.5,37.6,37.5,138,37.6,126,53.8,52.5,37.5 / 138,37.6 / 126
4258,TX,Red,F,72,74.7,105.4,131,37.3,37.4,37.3,136,37.4,125,53.3,52.1,37.3 / 136,37.4 / 125
4259,TX,Black,M,72,73.7,99.6,140,37.2,36.5,37.2,142,36.5,137,50.4,49.2,37.2 / 142,36.5 / 137
4259,TX,Blue,M,72,71.5,96.9,137,36.3,35.2,36.3,141,35.2,132,49.4,47.5,36.3 / 141,35.2 / 132
4259,TX,Silver,M,72,67.9,90.7,123,33.9,34.0,33.9,123,34.0,123,45.3,45.4,33.9 / 123,34.0 / 123
4259,TX,Red,M,72,67.7,90.3,122,33.9,33.8,33.9,122,33.8,122,45.2,45.1,33.9 / 122,33.8 / 122
4259,TX,Blue,F,72,77.6,111.3,143,39.2,38.4,39.2,144,38.4,142,56.2,55.1,39.2 / 144,38.4 / 142
4259,TX,Silver,F,72,74.3,106.2,136,37.2,37.1,37.2,135,37.1,136,53.1,53.1,37.2 / 135,37.1 / 136
4259,TX,Red,F,72,73.9,105.6,135,37.0,36.9,37.0,136,36.9,133,53.0,52.6,37.0 / 136,36.9 / 133
4621,TX,Silver,M,72,76.0,101.5,137,38.1,37.9,38.1,131,37.9,143,50.3,51.2,38.1 / 131,37.9 / 143
4621,TX,Black,M,72,74.4,99.3,134,37.4,37.0,37.4,128,37.0,140,49.3,50.0,37.4 / 128,37.0 / 140
4621,TX,Gold,M,72,72.5,96.6,130,36.3,36.2,36.3,124,36.2,136,47.8,48.8,36.3 / 124,36.2 / 136
4621,TX,Blue,M,72,70.7,93.7,124,35.3,35.4,35.3,119,35.4,128,46.4,47.3,35.3 / 119,35.4 / 128
4621,TX,White,M,72,68.3,89.7,115,34.4,33.9,34.4,114,33.9,116,45.0,44.7,34.4 / 114,33.9 / 116
4621,TX,Green,M,72,66.0,86.5,111,33.0,33.0,33.0,108,33.0,113,43.0,43.5,33.0 / 108,33.0 / 113
4621,TX,Blue,F,72,76.7,108.3,134,38.4,38.3,38.4,130,38.3,138,53.7,54.6,38.4 / 130,38.3 / 138
4621,TX,White,F,72,73.5,103.4,127,37.0,36.5,37.0,124,36.5,130,51.6,51.8,37.0 / 124,36.5 / 130
4621,TX,Green,F,72,70.6,99.2,122,35.2,35.4,35.2,117,35.4,126,49.0,50.2,35.2 / 117,35.4 / 126
4158,TX,Black,M,71,74.3,99.9,138,36.5,37.8,36.5,138,37.8,138,49.3,50.6,36.5 / 138,37.8 / 138
4158,TX,Blue,M,71,72.6,97.3,133,35.8,36.8,35.8,132,36.8,133,48.1,49.2,35.8 / 132,36.8 / 133
4158,TX,Gold,M,71,70.1,92.7,122,34.4,35.7,34.4,118,35.7,125,45.4,47.3,34.4 / 118,35.7 / 125
4158,TX,Green,M,71,67.4,88.8,115,33.1,34.3,33.1,112,34.3,118,43.5,45.3,33.1 / 112,34.3 / 118
4158,TX,Black,F,71,80.6,114.5,144,39.5,41.1,39.5,141,41.1,147,56.1,58.4,39.5 / 141,41.1 / 147
4158,TX,Blue,F,71,78.5,111.4,140,38.5,40.0,38.5,137,40.0,142,54.7,56.7,38.5 / 137,40.0 / 142
4158,TX,Gold,F,71,75.3,106.6,133,36.8,38.5,36.8,130,38.5,136,52.1,54.5,36.8 / 130,38.5 / 136
4158,TX,Green,F,71,72.1,101.8,126,35.2,36.9,35.2,123,36.9,129,49.7,52.1,35.2 / 123,36.9 / 129
4002,TX,Black,M,71,72.7,96.4,128,36.2,36.5,36.2,127,36.5,128,48.0,48.4,36.2 / 127,36.5 / 128
4002,TX,Blue,M,71,70.2,93.8,127,35.1,35.1,35.1,128,35.1,126,47.0,46.8,35.1 / 128,35.1 / 126
4002,TX,White,M,71,66.8,88.2,115,33.5,33.3,33.5,119,33.3,111,44.6,43.6,33.5 / 119,33.3 / 111
4002,TX,Gold,M,71,65.5,85.7,109,32.8,32.7,32.8,113,32.7,104,43.3,42.4,32.8 / 113,32.7 / 104
4002,TX,White,F,71,72.3,102.4,128,36.3,36.0,36.3,131,36.0,125,51.7,50.7,36.3 / 131,36.0 / 125
4002,TX,Gold,F,71,70.7,100.2,125,35.5,35.2,35.5,128,35.2,122,50.6,49.6,35.5 / 128,35.2 / 122
4474,TX,White / Blue,M,72,70.7,94.8,130,35.2,35.5,35.2,129,35.5,130,47.2,47.6,35.2 / 129,35.5 / 130
4474,TX,Red / Gold,M,72,64.5,86.1,116,32.2,32.3,32.2,116,32.3,116,43.0,43.1,32.2 / 116,32.3 / 116
4474,TX,White / Blue,F,72,77.0,108.2,132,38.3,38.7,38.3,131,38.7,133,53.8,54.4,38.3 / 131,38.7 / 133
4474,TX,Red / Gold,F,72,71.5,98.5,114,35.7,35.8,35.7,114,35.8,114,49.2,49.3,35.7 / 114,35.8 / 114
26773,TX,Men's,M,72,69.6,92.5,124,34.5,35.1,34.5,123,35.1,124,45.9,46.6,34.5 / 123,35.1 / 124
26773,TX,Senior's 65+,M,72,67.3,89.1,118,32.8,34.5,32.8,112,34.5,123,43.2,45.9,32.8 / 112,34.5 / 123
26773,TX,Senior's 70+,M,72,65.6,86.4,112,32.8,32.8,32.8,112,32.8,112,43.2,43.2,32.8 / 112,32.8 / 112
26773,TX,Ladies,F,72,67.6,94.1,113,33.9,33.7,33.9,116,33.7,109,47.6,46.5,33.9 / 116,33.7 / 109
4070,TX,One Tee,M,71,75.1,101.4,142,37.8,37.3,37.8,140,37.3,143,50.8,50.6,37.8 / 140,37.3 / 143
4070,TX,One - Nine Combo,M,71,74.0,100.0,140,37.2,36.8,37.2,139,36.8,141,50.1,49.9,37.2 / 139,36.8 / 141
4070,TX,Nine Tee,M,71,73.0,98.6,138,36.7,36.3,36.7,137,36.3,139,49.4,49.2,36.7 / 137,36.3 / 139
4070,TX,Nine - Seven Combo,M,71,71.6,96.6,135,36.0,35.6,36.0,133,35.6,136,48.4,48.2,36.0 / 133,35.6 / 136
4070,TX,Seven Tee,M,71,70.4,94.9,132,35.3,35.1,35.3,130,35.1,133,47.4,47.5,35.3 / 130,35.1 / 133
4070,TX,Seven - Two Combo,M,71,68.8,92.8,129,34.0,34.8,34.0,127,34.8,131,45.8,47.0,34.0 / 127,34.8 / 131
4070,TX,Two Tee,M,71,67.3,90.3,125,33.3,34.0,33.3,122,34.0,127,44.6,45.7,33.3 / 122,34.0 / 127
4070,TX,Seven Tee,F,71,76.4,109.4,140,38.3,38.1,38.3,140,38.1,140,54.8,54.6,38.3 / 140,38.1 / 140
4070,TX,Seven - Two Combo,F,71,74.9,106.8,136,37.1,37.8,37.1,134,37.8,137,52.9,53.9,37.1 / 134,37.8 / 137
4070,TX,Two Tee,F,71,73.0,104.4,134,36.1,36.9,36.1,131,36.9,136,51.5,52.9,36.1 / 131,36.9 / 136
4476,TX,Black,M,72,75.2,101.9,144,37.4,37.8,37.4,144,37.8,143,50.8,51.1,37.4 / 144,37.8 / 143
4476,TX,Grand Combo,M,72,74.1,100.5,142,36.9,37.2,36.9,143,37.2,141,50.2,50.3,36.9 / 143,37.2 / 141
4476,TX,Blue,M,72,73.4,99.4,140,36.6,36.8,36.6,141,36.8,139,49.7,49.7,36.6 / 141,36.8 / 139
4476,TX,Pines Combo,M,72,72.2,97.6,137,36.0,36.2,36.0,138,36.2,136,48.8,48.8,36.0 / 138,36.2 / 136
4476,TX,White,M,72,71.2,95.3,130,35.6,35.6,35.6,131,35.6,128,47.8,47.5,35.6 / 131,35.6 / 128
4476,TX,Osprey Combo,M,72,69.5,91.7,120,34.4,35.1,34.4,121,35.1,118,45.6,46.1,34.4 / 121,35.1 / 118
4476,TX,Red,M,72,67.6,89.6,118,33.4,34.2,33.4,118,34.2,118,44.4,45.2,33.4 / 118,34.2 / 118
4476,TX,Lodge Combo,M,72,64.6,85.7,114,31.8,32.8,31.8,113,32.8,114,42.3,43.4,31.8 / 113,32.8 / 114
4476,TX,Black,F,72,82.0,116.9,148,40.5,41.5,40.5,149,41.5,147,58.1,58.8,40.5 / 149,41.5 / 147
4476,TX,Grand Combo,F,72,80.7,114.9,145,39.9,40.8,39.9,146,40.8,144,57.1,57.8,39.9 / 146,40.8 / 144
4476,TX,Blue,F,72,79.9,113.6,143,39.6,40.3,39.6,144,40.3,142,56.6,57.0,39.6 / 144,40.3 / 142
4476,TX,Pines Combo,F,72,77.9,110.7,139,38.5,39.4,38.5,140,39.4,138,55.0,55.7,38.5 / 140,39.4 / 138
4476,TX,White,F,72,76.7,108.6,136,38.0,38.7,38.0,137,38.7,134,54.1,54.5,38.0 / 137,38.7 / 134
4476,TX,Osprey Combo,F,72,74.5,105.7,132,36.9,37.6,36.9,133,37.6,131,52.6,53.1,36.9 / 133,37.6 / 131
4476,TX,Red,F,72,72.1,101.4,125,35.8,36.3,35.8,126,36.3,123,50.6,50.8,35.8 / 126,36.3 / 123
4476,TX,Lodge Combo,F,72,68.3,95.8,117,33.7,34.6,33.7,118,34.6,115,47.6,48.2,33.7 / 118,34.6 / 115
3981,TX,Gold,M,0,73.8,98.8,135,37.2,36.6,37.2,129,36.6,140,49.2,49.6,37.2 / 129,36.6 / 140
3981,TX,Gold/Blue,M,0,72.5,97.1,133,36.6,35.9,36.6,127,35.9,138,48.4,48.7,36.6 / 127,35.9 / 138
3981,TX,Blue,M,0,71.7,95.9,131,36.2,35.5,36.2,125,35.5,136,47.8,48.1,36.2 / 125,35.5 / 136
3981,TX,Blue/White,M,0,70.5,93.9,126,35.6,34.9,35.6,122,34.9,130,46.9,47.0,35.6 / 122,34.9 / 130
3981,TX,White,M,0,70.0,92.6,122,35.4,34.6,35.4,117,34.6,126,46.3,46.3,35.4 / 117,34.6 / 126
3981,TX,White/Red,M,0,68.7,90.6,118,34.7,34.0,34.7,116,34.0,119,45.5,45.1,34.7 / 116,34.0 / 119
3981,TX,Red,M,0,67.8,89.3,116,34.2,33.6,34.2,116,33.6,115,45.0,44.3,34.2 / 116,33.6 / 115
3981,TX,Silver,M,0,64.6,84.9,110,32.6,32.0,32.6,111,32.0,108,42.9,42.0,32.6 / 111,32.0 / 108
3981,TX,White,F,0,75.2,106.3,132,38.2,37.0,38.2,134,37.0,130,54.0,52.3,38.2 / 134,37.0 / 130
3981,TX,Red,F,0,72.6,102.5,127,36.9,35.7,36.9,128,35.7,126,52.0,50.5,36.9 / 128,35.7 / 126
3981,TX,Silver,F,0,68.9,95.5,113,35.1,33.8,35.1,113,33.8,113,48.4,47.1,35.1 / 113,33.8 / 113
4475,TX,Gold,M,72,73.4,99.0,138,36.6,36.8,36.6,136,36.8,140,49.2,49.8,36.6 / 136,36.8 / 140
4475,TX,Gold/Blue,M,72,72.1,97.2,135,35.9,36.2,35.9,132,36.2,138,48.2,49.0,35.9 / 132,36.2 / 138
4475,TX,Blue,M,72,71.0,95.8,134,35.3,35.7,35.3,130,35.7,137,47.4,48.4,35.3 / 130,35.7 / 137
4475,TX,Blue/White,M,72,70.4,94.9,132,35.1,35.3,35.1,129,35.3,135,47.1,47.8,35.1 / 129,35.3 / 135
4475,TX,White,M,72,69.6,93.8,130,34.7,34.9,34.7,128,34.9,132,46.6,47.2,34.7 / 128,34.9 / 132
4475,TX,White/Red,M,72,68.3,91.5,125,34.1,34.2,34.1,124,34.2,126,45.6,45.9,34.1 / 124,34.2 / 126
4475,TX,Red,M,72,67.7,90.7,124,33.6,34.1,33.6,123,34.1,125,45.0,45.7,33.6 / 123,34.1 / 125
4475,TX,Silver,M,72,66.3,87.8,116,32.9,33.4,32.9,113,33.4,118,43.4,44.4,32.9 / 113,33.4 / 118
4475,TX,White,F,72,75.7,108.1,138,37.9,37.8,37.9,135,37.8,140,53.8,54.3,37.9 / 135,37.8 / 140
4475,TX,Red,F,72,73.2,104.2,132,36.4,36.8,36.4,129,36.8,134,51.6,52.6,36.4 / 129,36.8 / 134
4475,TX,Silver,F,72,70.7,99.6,123,35.1,35.6,35.1,120,35.6,126,49.2,50.4,35.1 / 120,35.6 / 126
4454,TX,Gold,M,72,74.1,99.2,136,36.6,37.5,36.6,137,37.5,134,49.3,49.9,36.6 / 137,37.5 / 134
4454,TX,Gold/Blue,M,72,73.1,98.4,137,36.4,36.7,36.4,138,36.7,135,49.2,49.2,36.4 / 138,36.7 / 135
4454,TX,Blue,M,72,72.6,97.2,132,35.9,36.7,35.9,133,36.7,131,48.3,48.9,35.9 / 133,36.7 / 131
4454,TX,Blue/White,M,72,71.1,96.3,136,35.4,35.7,35.4,135,35.7,137,47.9,48.4,35.4 / 135,35.7 / 137
4454,TX,White,M,72,70.8,94.9,130,35.1,35.7,35.1,129,35.7,130,47.1,47.8,35.1 / 129,35.7 / 130
4454,TX,White/Green,M,72,67.2,89.3,119,33.6,33.6,33.6,117,33.6,121,44.5,44.8,33.6 / 117,33.6 / 121
4454,TX,Green,M,72,66.6,89.7,125,33.4,33.2,33.4,124,33.2,125,44.9,44.8,33.4 / 124,33.2 / 125
4454,TX,Red,M,72,66.2,88.4,119,33.1,33.1,33.1,119,33.1,119,44.2,44.2,33.1 / 119,33.1 / 119
4454,TX,Red/Purple,M,72,63.5,83.6,109,31.8,31.7,31.8,109,31.7,108,41.9,41.7,31.8 / 109,31.7 / 108
4454,TX,Purple,M,72,61.6,82.8,114,30.7,30.9,30.7,114,30.9,114,41.3,41.5,30.7 / 114,30.9 / 114
4454,TX,Gold,F,72,80.8,115.1,146,40.2,40.6,40.2,144,40.6,147,57.2,57.9,40.2 / 144,40.6 / 147
4454,TX,Gold/Blue,F,72,79.8,114.0,145,39.8,40.0,39.8,144,40.0,146,56.8,57.2,39.8 / 144,40.0 / 146
4454,TX,Blue,F,72,79.0,112.6,143,39.4,39.6,39.4,141,39.6,144,56.0,56.6,39.4 / 141,39.6 / 144
4454,TX,Blue/White,F,72,77.3,109.8,138,38.7,38.6,38.7,142,38.6,133,55.5,54.3,38.7 / 142,38.6 / 133
4454,TX,White,F,72,76.9,109.2,137,38.4,38.5,38.4,135,38.5,139,54.3,54.9,38.4 / 135,38.5 / 139
4454,TX,White/Green,F,72,72.9,103.3,129,36.5,36.4,36.5,131,36.4,127,51.9,51.4,36.5 / 131,36.4 / 127
4454,TX,Green,F,72,71.9,103.0,132,36.4,35.5,36.4,131,35.5,132,51.9,51.1,36.4 / 131,35.5 / 132
4454,TX,Red,F,72,71.2,100.8,126,35.9,35.3,35.9,125,35.3,126,50.6,50.2,35.9 / 125,35.3 / 126
4454,TX,Red/Purple,F,72,68.3,97.6,125,34.2,34.1,34.2,124,34.1,125,48.8,48.8,34.2 / 124,34.1 / 125
4454,TX,Purple,F,72,64.2,91.6,116,32.0,32.2,32.0,115,32.2,117,45.6,46.0,32.0 / 115,32.2 / 117
4441,TX,Gold,M,72,72.1,96.3,130,36.1,36.0,36.1,131,36.0,129,48.3,48.0,36.1 / 131,36.0 / 129
4441,TX,Blue,M,72,70.0,93.7,128,34.9,35.1,34.9,126,35.1,129,46.6,47.1,34.9 / 126,35.1 / 129
4441,TX,Blue - White Combo,M,72,68.1,90.6,121,33.7,34.4,33.7,118,34.4,124,44.7,45.9,33.7 / 118,34.4 / 124
4441,TX,White,M,72,67.1,89.0,118,33.1,34.0,33.1,113,34.0,123,43.6,45.4,33.1 / 113,34.0 / 123
4441,TX,White - Red Combo,M,72,66.3,87.8,116,32.7,33.6,32.7,111,33.6,121,43.0,44.8,32.7 / 111,33.6 / 121
4441,TX,Red,M,72,64.7,85.8,114,31.6,33.1,31.6,108,33.1,119,41.6,44.2,31.6 / 108,33.1 / 119
4441,TX,Blue,F,72,75.7,107.2,134,37.6,38.1,37.6,134,38.1,133,53.4,53.8,37.6 / 134,38.1 / 133
4441,TX,White,F,72,72.0,100.9,123,35.5,36.5,35.5,122,36.5,123,49.9,51.0,35.5 / 122,36.5 / 123
4441,TX,White - Red Combo,F,72,71.0,99.7,122,34.8,36.2,34.8,121,36.2,122,49.1,50.6,34.8 / 121,36.2 / 122
4441,TX,Red,F,72,70.0,98.2,120,34.1,35.9,34.1,119,35.9,120,48.1,50.1,34.1 / 119,35.9 / 120
30623,TX,Back,M,54,57.8,78.5,112,28.9,28.9,28.9,111,28.9,112,39.2,39.3,28.9 / 111,28.9 / 112
30623,TX,Middle,M,54,56.0,76.4,110,28.0,28.0,28.0,110,28.0,110,38.2,38.2,28.0 / 110,28.0 / 110
30623,TX,Front,M,54,52.8,70.2,94,26.4,26.4,26.4,94,26.4,94,35.1,35.1,26.4 / 94,26.4 / 94
30623,TX,Back,F,54,60.6,86.2,109,30.3,30.3,30.3,109,30.3,109,43.1,43.1,30.3 / 109,30.3 / 109
30623,TX,Middle,F,54,58.6,82.8,103,29.3,29.3,29.3,103,29.3,103,41.4,41.4,29.3 / 103,29.3 / 103
30623,TX,Front,F,54,55.8,78.5,97,27.9,27.9,27.9,97,27.9,96,39.3,39.2,27.9 / 97,27.9 / 96
32987,TX,Shed,M,72,77.9,107.2,155,38.7,39.2,38.7,155,39.2,155,53.4,53.8,38.7 / 155,39.2 / 155
32987,TX,Splits,M,72,75.9,104.6,154,37.8,38.1,37.8,154,38.1,154,52.1,52.5,37.8 / 154,38.1 / 154
32987,TX,Covey,M,72,74.9,103.3,153,37.3,37.6,37.3,152,37.6,154,51.4,51.9,37.3 / 152,37.6 / 154
32987,TX,Big Easy,M,72,72.7,98.8,141,36.1,36.6,36.1,143,36.6,138,49.4,49.4,36.1 / 143,36.6 / 138
32987,TX,Big Split,M,72,69.6,92.5,123,34.6,35.0,34.6,127,35.0,119,46.4,46.1,34.6 / 127,35.0 / 119
32987,TX,Flush,M,72,66.1,88.4,120,32.7,33.4,32.7,123,33.4,117,44.1,44.3,32.7 / 123,33.4 / 117
32987,TX,Shed,F,72,84.8,124.4,155,42.2,42.6,42.2,155,42.6,155,62.0,62.4,42.2 / 155,42.6 / 155
32987,TX,Splits,F,72,82.4,120.9,155,41.0,41.4,41.0,155,41.4,155,60.3,60.6,41.0 / 155,41.4 / 155
32987,TX,Covey,F,72,81.3,119.1,155,40.4,40.9,40.4,155,40.9,155,59.3,59.8,40.4 / 155,40.9 / 155
32987,TX,Big Easy,F,72,78.5,114.7,154,39.1,39.4,39.1,153,39.4,154,57.1,57.6,39.1 / 153,39.4 / 154
32987,TX,Big Split,F,72,74.9,108.2,142,37.1,37.8,37.1,141,37.8,142,53.7,54.5,37.1 / 141,37.8 / 142
32987,TX,Flush,F,72,71.8,101.9,128,35.6,36.2,35.6,130,36.2,126,50.9,51.0,35.6 / 130,36.2 / 126
4479,TX,Green/Black,M,72,70.6,94.2,127,35.1,35.5,35.1,123,35.5,131,46.5,47.7,35.1 / 123,35.5 / 131
4479,TX,Blue/White,M,72,69.0,92.0,124,34.1,34.9,34.1,117,34.9,130,45.0,47.0,34.1 / 117,34.9 / 130
4479,TX,Silver/Gray,M,72,66.4,88.7,120,32.7,33.7,32.7,117,33.7,123,43.6,45.1,32.7 / 117,33.7 / 123
4479,TX,Red/Gold,M,72,64.6,85.2,111,31.7,32.9,31.7,108,32.9,114,41.7,43.5,31.7 / 108,32.9 / 114
4479,TX,Green/Black,F,72,75.8,107.1,133,37.5,38.3,37.5,133,38.3,132,53.2,53.9,37.5 / 133,38.3 / 132
4479,TX,Blue/White,F,72,74.6,104.9,129,36.6,38.0,36.6,131,38.0,126,52.1,52.8,36.6 / 131,38.0 / 126
4479,TX,Silver/Gray,F,72,71.5,101.0,126,35.2,36.3,35.2,126,36.3,125,50.0,51.0,35.2 / 126,36.3 / 125
4479,TX,Red/Gold,F,72,68.6,96.2,117,33.4,35.2,33.4,113,35.2,121,46.7,49.5,33.4 / 113,35.2 / 121
4034,TX,Black,M,72,74.6,99.1,132,37.4,37.2,37.4,131,37.2,132,49.6,49.5,37.4 / 131,37.2 / 132
4034,TX,Gold,M,72,73.4,97.5,130,36.8,36.6,36.8,129,36.6,130,48.8,48.7,36.8 / 129,36.6 / 130
4034,TX,Blue/Gold Combo,M,72,72.1,95.8,128,36.3,35.8,36.3,128,35.8,127,48.2,47.6,36.3 / 128,35.8 / 127
4034,TX,Blue,M,72,71.4,94.8,126,36.1,35.3,36.1,126,35.3,126,47.8,47.0,36.1 / 126,35.3 / 126
4034,TX,White/Blue Combo,M,72,70.3,93.1,123,35.5,34.8,35.5,125,34.8,121,47.1,46.0,35.5 / 125,34.8 / 121
4034,TX,White,M,72,69.8,92.3,121,35.3,34.5,35.3,123,34.5,119,46.7,45.6,35.3 / 123,34.5 / 119
4034,TX,White/Green Combo,M,72,68.0,89.8,117,34.2,33.8,34.2,118,33.8,116,45.2,44.6,34.2 / 118,33.8 / 116
4034,TX,Green,M,72,66.8,88.1,115,33.7,33.1,33.7,115,33.1,114,44.4,43.7,33.7 / 115,33.1 / 114
4034,TX,White,F,72,75.3,106.8,134,38.0,37.3,38.0,136,37.3,131,54.0,52.8,38.0 / 136,37.3 / 131
4034,TX,White/Green Combo,F,72,73.2,103.6,129,36.8,36.4,36.8,131,36.4,127,52.2,51.4,36.8 / 131,36.4 / 127
4034,TX,Green,F,72,71.6,101.3,126,36.0,35.6,36.0,128,35.6,124,51.1,50.2,36.0 / 128,35.6 / 124
14719,TX,Black,M,72,74.5,99.3,134,38.0,36.5,38.0,136,36.5,131,50.6,48.7,38.0 / 136,36.5 / 131
14719,TX,Maroon,M,72,71.9,96.0,130,36.7,35.2,36.7,132,35.2,127,49.0,47.0,36.7 / 132,35.2 / 127
14719,TX,Gold,M,72,69.0,91.9,124,34.8,34.2,34.8,125,34.2,122,46.4,45.5,34.8 / 125,34.2 / 122
14719,TX,Rose,M,72,66.0,87.1,114,33.2,32.8,33.2,117,32.8,110,44.1,43.0,33.2 / 117,32.8 / 110
14719,TX,Black,F,72,81.6,117.6,151,41.9,39.7,41.9,155,39.7,147,60.6,57.0,41.9 / 155,39.7 / 147
14719,TX,Maroon,F,72,78.5,112.7,145,40.3,38.2,40.3,149,38.2,141,57.9,54.8,40.3 / 149,38.2 / 141
14719,TX,Gold,F,72,74.9,107.5,139,38.1,36.8,38.1,142,36.8,135,54.8,52.7,38.1 / 142,36.8 / 135
14719,TX,Rose,F,72,71.0,101.6,130,36.0,35.0,36.0,133,35.0,126,51.7,49.9,36.0 / 133,35.0 / 126
4601,TX,Big Jake,M,72,75.7,101.4,138,37.6,38.1,37.6,144,38.1,132,51.0,50.4,37.6 / 144,38.1 / 132
4601,TX,Black,M,72,74.7,99.6,134,37.1,37.6,37.1,140,37.6,128,50.1,49.5,37.1 / 140,37.6 / 128
4601,TX,Blue,M,72,72.7,97.1,132,36.2,36.5,36.2,139,36.5,124,49.1,48.0,36.2 / 139,36.5 / 124
4601,TX,White,M,72,71.1,93.9,123,35.5,35.6,35.5,129,35.6,116,47.5,46.4,35.5 / 129,35.6 / 116
4601,TX,Red,M,72,68.4,90.3,118,34.0,34.4,34.0,121,34.4,114,45.2,45.1,34.0 / 121,34.4 / 114
4601,TX,Green,M,72,65.7,86.9,114,32.7,33.0,32.7,117,33.0,111,43.6,43.3,32.7 / 117,33.0 / 111
4601,TX,Big Jake,F,72,83.2,118.2,149,41.7,41.5,41.7,148,41.5,149,59.1,59.1,41.7 / 148,41.5 / 149
4601,TX,Black,F,72,81.9,115.8,144,41.0,40.9,41.0,143,40.9,144,57.9,57.9,41.0 / 143,40.9 / 144
4601,TX,Blue,F,72,79.4,112.3,140,39.9,39.5,39.9,141,39.5,139,56.4,55.9,39.9 / 141,39.5 / 139
4601,TX,White,F,72,77.1,108.2,132,38.8,38.3,38.8,130,38.3,134,54.1,54.1,38.8 / 130,38.3 / 134
4601,TX,Red,F,72,74.0,103.9,127,37.1,36.9,37.1,124,36.9,130,51.7,52.2,37.1 / 124,36.9 / 130
4601,TX,Green,F,72,70.5,98.8,120,35.3,35.2,35.3,118,35.2,122,49.2,49.6,35.3 / 118,35.2 / 122
4602,TX,Big Jake,M,72,76.6,103.1,143,38.0,38.6,38.0,139,38.6,146,50.9,52.2,38.0 / 139,38.6 / 146
4602,TX,Black,M,72,74.9,101.4,142,37.5,37.4,37.5,140,37.4,145,50.5,50.9,37.5 / 140,37.4 / 145
4602,TX,Black/Blue Combo,M,72,73.8,99.6,142,36.8,37.0,36.8,144,37.0,136,50.2,49.6,36.8 / 144,37.0 / 136
4602,TX,Blue,M,72,71.8,98.0,141,36.2,35.6,36.2,137,35.6,145,48.9,49.1,36.2 / 137,35.6 / 145
4602,TX,Blue/White Combo,M,72,71.2,97.0,139,35.9,35.3,35.9,137,35.3,141,48.6,48.4,35.9 / 137,35.3 / 141
4602,TX,White,M,72,70.1,94.9,134,35.3,34.8,35.3,131,34.8,136,47.5,47.4,35.3 / 131,34.8 / 136
4602,TX,White/Red Combo,M,72,69.0,92.7,128,34.7,34.3,34.7,126,34.3,129,46.4,46.3,34.7 / 126,34.3 / 129
4602,TX,Red,M,72,67.0,89.5,121,33.7,33.3,33.7,119,33.3,123,44.8,44.7,33.7 / 119,33.3 / 123
4602,TX,Red/Green Combo,M,72,65.5,86.7,114,33.2,32.3,33.2,111,32.3,117,43.5,43.2,33.2 / 111,32.3 / 117
4602,TX,Green,M,72,64.1,84.7,111,32.3,31.8,32.3,110,31.8,112,42.5,42.2,32.3 / 110,31.8 / 112
4602,TX,Big Jake,F,72,83.4,121.8,155,41.4,42.0,41.4,155,42.0,155,59.9,61.9,41.4 / 155,42.0 / 155
4602,TX,Black,F,72,82.4,120.4,155,41.1,41.3,41.1,155,41.3,155,59.4,61.0,41.1 / 155,41.3 / 155
4602,TX,Black/Blue Combo,F,72,81.1,117.5,152,40.6,40.5,40.6,149,40.5,155,58.2,59.3,40.6 / 149,40.5 / 155
4602,TX,Blue,F,72,78.7,114.1,150,39.3,39.4,39.3,145,39.4,155,56.4,57.7,39.3 / 145,39.4 / 155
4602,TX,Blue/White Combo,F,72,77.8,112.3,147,39.2,38.6,39.2,141,38.6,152,55.8,56.5,39.2 / 141,38.6 / 152
4602,TX,White,F,72,76.2,109.9,143,38.4,37.8,38.4,136,37.8,150,54.4,55.5,38.4 / 136,37.8 / 150
4602,TX,White/Red Combo,F,72,74.5,108.2,140,37.5,37.0,37.5,135,37.0,148,53.4,54.5,37.5 / 135,37.0 / 148
4602,TX,Red,F,72,72.8,103.9,132,36.7,36.1,36.7,127,36.1,137,51.7,52.2,36.7 / 127,36.1 / 137
4602,TX,Red/Green Combo,F,72,70.7,100.1,125,35.9,34.8,35.9,124,34.8,126,50.5,49.6,35.9 / 124,34.8 / 126
4602,TX,Green,F,72,68.7,96.9,120,34.7,34.0,34.7,120,34.0,119,48.9,48.0,34.7 / 120,34.0 / 119
4413,TX,Blue,M,64,63.2,82.8,105,31.6,31.6,31.6,105,31.6,105,41.4,41.4,31.6 / 105,31.6 / 105
4413,TX,Blue/White,M,64,63.0,82.6,105,31.6,31.4,31.6,105,31.4,105,41.4,41.2,31.6 / 105,31.4 / 105
4413,TX,White,M,64,62.8,82.4,105,31.4,31.4,31.4,105,31.4,105,41.2,41.2,31.4 / 105,31.4 / 105
4413,TX,White/Green,M,64,62.3,81.7,104,31.4,30.9,31.4,105,30.9,103,41.2,40.5,31.4 / 105,30.9 / 103
4413,TX,Green,M,64,61.8,81.0,103,30.9,30.9,30.9,103,30.9,103,40.5,40.5,30.9 / 103,30.9 / 103
4413,TX,Green/Red,M,64,61.4,80.4,102,30.9,30.5,30.9,103,30.5,101,40.5,39.9,30.9 / 103,30.5 / 101
4413,TX,Red,M,64,61.0,79.8,101,30.5,30.5,30.5,101,30.5,101,39.9,39.9,30.5 / 101,30.5 / 101
4413,TX,Red/Gold,M,64,59.6,77.9,99,30.5,29.1,30.5,101,29.1,96,39.9,38.0,30.5 / 101,29.1 / 96
4413,TX,Blue,F,64,67.2,92.8,109,33.6,33.6,33.6,109,33.6,109,46.4,46.4,33.6 / 109,33.6 / 109
4413,TX,Blue/White,F,64,66.9,92.3,108,33.6,33.3,33.6,109,33.3,107,46.4,45.9,33.6 / 109,33.3 / 107
4413,TX,White,F,64,66.6,91.8,107,33.3,33.3,33.3,107,33.3,107,45.9,45.9,33.3 / 107,33.3 / 107
4413,TX,White/Green,F,64,65.6,90.3,105,33.3,32.3,33.3,107,32.3,103,45.9,44.4,33.3 / 107,32.3 / 103
4413,TX,Green,F,64,64.6,88.8,103,32.3,32.3,32.3,103,32.3,103,44.4,44.4,32.3 / 103,32.3 / 103
4413,TX,Green/Red,F,64,63.8,87.6,101,32.3,31.5,32.3,103,31.5,99,44.4,43.2,32.3 / 103,31.5 / 99
4413,TX,Red,F,64,63.0,86.4,99,31.5,31.5,31.5,99,31.5,99,43.2,43.2,31.5 / 99,31.5 / 99
4413,TX,Red/Gold,F,64,60.8,83.0,94,31.5,29.3,31.5,99,29.3,89,43.2,39.8,31.5 / 99,29.3 / 89
4628,TX,Tiger,M,72,75.8,100.9,135,38.1,37.7,38.1,131,37.7,139,50.3,50.6,38.1 / 131,37.7 / 139
4628,TX,I,M,72,73.1,97.1,129,36.7,36.4,36.7,125,36.4,133,48.3,48.8,36.7 / 125,36.4 / 133
4628,TX,Acorn,M,72,71.9,95.5,127,36.2,35.7,36.2,124,35.7,130,47.7,47.8,36.2 / 124,35.7 / 130
4628,TX,II,M,72,69.7,91.8,119,35.0,34.7,35.0,121,34.7,117,46.2,45.6,35.0 / 121,34.7 / 117
4628,TX,III,M,72,64.8,85.4,111,32.5,32.3,32.5,109,32.3,113,42.6,42.8,32.5 / 109,32.3 / 113
4628,TX,Tiger,F,72,82.9,118.2,150,41.5,41.4,41.5,149,41.4,150,59.1,59.1,41.5 / 149,41.4 / 150
4628,TX,I,F,72,79.7,113.2,142,39.8,39.9,39.8,142,39.9,142,56.5,56.7,39.8 / 142,39.9 / 142
4628,TX,Acorn,F,72,78.1,111.0,140,39.2,38.9,39.2,140,38.9,139,55.7,55.3,39.2 / 140,38.9 / 139
4628,TX,II,F,72,75.3,106.3,131,37.7,37.6,37.7,131,37.6,131,53.2,53.1,37.7 / 131,37.6 / 131
4628,TX,III,F,72,70.0,98.8,121,35.0,35.0,35.0,121,35.0,121,49.4,49.4,35.0 / 121,35.0 / 121
4303,TX,Men,M,72,70.3,92.6,120,34.6,35.7,34.6,117,35.7,123,45.5,47.1,34.6 / 117,35.7 / 123
4303,TX,Ladies,F,72,68.0,94.9,114,34.4,33.6,34.4,115,33.6,113,48.0,46.9,34.4 / 115,33.6 / 113
4329,TX,Tournament,M,72,75.9,104.0,152,37.0,38.9,37.0,149,38.9,154,50.8,53.2,37.0 / 149,38.9 / 154
4329,TX,Medal,M,72,73.6,100.8,147,35.9,37.7,35.9,144,37.7,149,49.3,51.5,35.9 / 144,37.7 / 149
4329,TX,Combo #1,M,72,72.2,99.2,144,35.4,36.8,35.4,140,36.8,151,48.4,50.8,35.4 / 140,36.8 / 151
4329,TX,Executive,M,72,71.2,97.0,139,35.0,36.2,35.0,136,36.2,142,47.6,49.4,35.0 / 136,36.2 / 142
4329,TX,Combo #2,M,72,68.6,92.7,128,33.6,35.0,33.6,124,35.0,136,45.1,47.6,33.6 / 124,35.0 / 136
4329,TX,Forward,M,72,65.6,88.6,122,31.5,34.1,31.5,116,34.1,131,42.3,46.3,31.5 / 116,34.1 / 131
4329,TX,Tournament,F,72,83.4,122.0,155,40.7,42.7,40.7,155,42.7,155,59.5,62.5,40.7 / 155,42.7 / 155
4329,TX,Medal,F,72,80.6,118.0,153,39.4,41.2,39.4,154,41.2,155,57.6,60.4,39.4 / 154,41.2 / 155
4329,TX,Combo #1,F,72,78.9,115.0,149,38.7,40.2,38.7,148,40.2,155,56.2,58.8,38.7 / 148,40.2 / 155
4329,TX,Executive,F,72,77.2,112.4,143,37.7,39.5,37.7,148,39.5,151,55.1,57.3,37.7 / 148,39.5 / 151
4329,TX,Combo #2,F,72,74.1,106.8,134,36.1,38.0,36.1,137,38.0,140,52.3,54.5,36.1 / 137,38.0 / 140
4329,TX,Forward,F,72,71.4,102.3,125,34.1,37.3,34.1,127,37.3,135,49.1,53.2,34.1 / 127,37.3 / 135
4518,TX,Black,M,72,70.8,92.4,117,35.0,35.8,35.0,112,35.8,121,45.4,47.0,35.0 / 112,35.8 / 121
4518,TX,Blue,M,72,69.2,90.5,115,34.4,34.8,34.4,112,34.8,117,44.8,45.7,34.4 / 112,34.8 / 117
4518,TX,Red,M,72,63.1,80.7,95,31.4,31.7,31.4,94,31.7,96,40.1,40.6,31.4 / 94,31.7 / 96
4518,TX,White,M,72,61.9,78.7,91,30.8,31.1,30.8,93,31.1,88,39.4,39.3,30.8 / 93,31.1 / 88
4518,TX,Black,F,72,77.8,109.7,135,38.3,39.5,38.3,131,39.5,139,53.8,55.9,38.3 / 131,39.5 / 139
4518,TX,Blue,F,72,75.9,106.2,129,37.6,38.3,37.6,128,38.3,129,52.7,53.5,37.6 / 128,38.3 / 129
4518,TX,Red,F,72,67.8,95.5,118,33.7,34.1,33.7,115,34.1,120,47.3,48.2,33.7 / 115,34.1 / 120
4518,TX,White,F,72,66.1,92.9,114,33.1,33.0,33.1,113,33.0,114,46.4,46.5,33.1 / 113,33.0 / 114
4301,TX,Blue,M,72,69.5,88.7,103,34.0,35.5,34.0,105,35.5,101,43.8,44.9,34.0 / 105,35.5 / 101
4301,TX,Red,M,72,67.4,86.3,102,33.4,34.0,33.4,102,34.0,101,42.9,43.4,33.4 / 102,34.0 / 101
4301,TX,Yellow,M,72,63.0,79.7,90,30.9,32.1,30.9,85,32.1,95,38.8,40.9,30.9 / 85,32.1 / 95
4301,TX,Yellow,F,72,67.8,93.1,108,32.9,34.9,32.9,107,34.9,108,45.5,47.6,32.9 / 107,34.9 / 108
4301,TX,White,F,72,66.5,91.3,105,32.5,34.0,32.5,106,34.0,104,45.0,46.3,32.5 / 106,34.0 / 104
4364,TX,Blue,M,72,69.7,91.9,120,34.8,34.9,34.8,120,34.9,120,45.9,46.0,34.8 / 120,34.9 / 120
4364,TX,White,M,72,68.2,89.8,116,34.1,34.1,34.1,116,34.1,116,44.9,44.9,34.1 / 116,34.1 / 116
4364,TX,Red,M,72,65.4,85.8,110,32.7,32.7,32.7,110,32.7,110,42.9,42.9,32.7 / 110,32.7 / 110
4364,TX,Senior,M,72,65.2,85.4,109,32.6,32.6,32.6,109,32.6,109,42.7,42.7,32.6 / 109,32.6 / 109
4364,TX,Blue,F,72,74.6,104.1,126,37.2,37.4,37.2,125,37.4,126,51.9,52.2,37.2 / 125,37.4 / 126
4364,TX,White,F,72,72.8,101.4,121,36.4,36.4,36.4,121,36.4,121,50.7,50.7,36.4 / 121,36.4 / 121
4364,TX,Red,F,72,69.4,96.2,114,34.7,34.7,34.7,114,34.7,114,48.1,48.1,34.7 / 114,34.7 / 114
4364,TX,Senior,F,72,69.0,95.6,113,34.5,34.5,34.5,113,34.5,113,47.8,47.8,34.5 / 113,34.5 / 113
4195,TX,Blue/Red,M,71,66.3,86.9,111,32.9,33.4,32.9,110,33.4,112,43.1,43.8,32.9 / 110,33.4 / 112
4195,TX,White/Black,M,71,64.2,83.4,103,32.3,31.9,32.3,104,31.9,102,42.0,41.4,32.3 / 104,31.9 / 102
4195,TX,White/Black,F,71,68.7,95.5,114,34.6,34.1,34.6,115,34.1,112,48.2,47.3,34.6 / 115,34.1 / 112
4195,TX,Pink/Purple,F,71,65.5,90.8,108,32.8,32.7,32.8,109,32.7,106,45.6,45.2,32.8 / 109,32.7 / 106
4100,TX,Black,M,72,74.9,102.4,148,37.4,37.5,37.4,151,37.5,145,51.4,51.0,37.4 / 151,37.5 / 145
4100,TX,Blue,M,72,74.1,101.2,146,37.0,37.1,37.0,149,37.1,143,50.8,50.4,37.0 / 149,37.1 / 143
4100,TX,Blue/White,M,72,72.4,98.5,141,36.2,36.2,36.2,143,36.2,138,49.5,49.0,36.2 / 143,36.2 / 138
4100,TX,White,M,72,71.4,95.9,132,35.8,35.6,35.8,132,35.6,131,48.1,47.8,35.8 / 132,35.6 / 131
4100,TX,White/Gold,M,72,69.9,93.6,128,35.2,34.7,35.2,129,34.7,126,47.2,46.4,35.2 / 129,34.7 / 126
4100,TX,Gold,M,72,69.1,91.7,122,34.9,34.2,34.9,124,34.2,119,46.4,45.3,34.9 / 124,34.2 / 119
4100,TX,Gold/Green,M,72,67.7,89.1,115,34.4,33.3,34.4,119,33.3,111,45.5,43.6,34.4 / 119,33.3 / 111
4100,TX,Green,M,72,66.2,86.9,112,33.6,32.6,33.6,114,32.6,109,44.2,42.7,33.6 / 114,32.6 / 109
4100,TX,Green/Silver,M,72,65.1,85.6,111,32.8,32.3,32.8,111,32.3,110,43.1,42.5,32.8 / 111,32.3 / 110
4100,TX,Silver,M,72,64.1,84.3,109,32.4,31.7,32.4,110,31.7,108,42.6,41.7,32.4 / 110,31.7 / 108
4100,TX,Blue,F,72,81.2,118.5,154,40.5,40.7,40.5,155,40.7,153,59.7,58.8,40.5 / 155,40.7 / 153
4100,TX,Blue/White,F,72,79.7,116.3,153,39.7,40.0,39.7,155,40.0,151,58.5,57.8,39.7 / 155,40.0 / 151
4100,TX,White,F,72,78.0,113.7,152,39.0,39.0,39.0,155,39.0,148,57.3,56.4,39.0 / 155,39.0 / 148
4100,TX,White/Gold,F,72,76.0,111.1,149,38.2,37.8,38.2,153,37.8,145,56.2,54.9,38.2 / 153,37.8 / 145
4100,TX,Gold,F,72,74.6,108.1,142,37.6,37.0,37.6,142,37.0,142,54.4,53.7,37.6 / 142,37.0 / 142
4100,TX,Gold/Green,F,72,72.8,104.6,135,36.6,36.2,36.6,140,36.2,130,53.1,51.5,36.6 / 140,36.2 / 130
4100,TX,Green,F,72,71.6,101.5,127,36.1,35.5,36.1,131,35.5,123,51.5,50.0,36.1 / 131,35.5 / 123
4100,TX,Green/Silver,F,72,70.2,98.6,121,35.3,34.9,35.3,121,34.9,120,49.6,49.0,35.3 / 121,34.9 / 120
4100,TX,Silver,F,72,69.0,97.2,120,34.7,34.3,34.7,120,34.3,119,48.9,48.3,34.7 / 120,34.3 / 119
20768,TX,YELLOW,M,70,68.6,89.8,114,34.4,34.2,34.4,114,34.2,114,45.0,44.8,34.4 / 114,34.2 / 114
20768,TX,WHITE,M,70,67.2,87.8,111,33.7,33.5,33.7,111,33.5,111,44.0,43.8,33.7 / 111,33.5 / 111
20768,TX,RED,M,70,64.8,83.4,100,32.3,32.5,32.3,100,32.5,100,41.6,41.8,32.3 / 100,32.5 / 100
20768,TX,RED,F,70,70.2,97.8,117,35.0,35.2,35.0,117,35.2,117,48.8,49.0,35.0 / 117,35.2 / 117
4408,TX,Green,M,72,72.4,97.4,135,36.9,35.5,36.9,137,35.5,132,49.6,47.8,36.9 / 137,35.5 / 132
4408,TX,White,M,72,70.2,93.2,124,35.7,34.5,35.7,125,34.5,123,47.3,45.9,35.7 / 125,34.5 / 123
4408,TX,Blue,M,72,68.2,89.7,116,34.5,33.7,34.5,114,33.7,117,45.1,44.6,34.5 / 114,33.7 / 117
4408,TX,Gold,M,72,63.6,82.7,103,31.7,31.9,31.7,104,31.9,101,41.4,41.3,31.7 / 104,31.9 / 101
4408,TX,Green,F,72,78.9,112.1,141,40.1,38.8,40.1,143,38.8,138,57.0,55.1,40.1 / 143,38.8 / 138
4408,TX,White,F,72,76.4,107.1,130,38.8,37.6,38.8,132,37.6,128,54.4,52.7,38.8 / 132,37.6 / 128
4408,TX,Blue,F,72,73.3,103.1,127,36.9,36.4,36.9,127,36.4,126,51.9,51.2,36.9 / 127,36.4 / 126
4408,TX,Gold,F,72,68.1,95.5,116,33.9,34.2,33.9,117,34.2,115,47.7,47.8,33.9 / 117,34.2 / 115
4198,TX,Black,M,72,74.4,99.8,137,37.0,37.4,37.0,139,37.4,135,49.9,49.9,37.0 / 139,37.4 / 135
4198,TX,Blue / Black Combo,M,72,72.9,96.8,131,36.4,36.5,36.4,131,36.5,126,48.6,48.2,36.4 / 131,36.5 / 126
4198,TX,Blue,M,72,71.9,95.8,129,35.8,36.1,35.8,131,36.1,126,48.0,47.8,35.8 / 131,36.1 / 126
4198,TX,White / Blue Combo,M,72,70.7,93.4,125,35.2,35.5,35.2,121,35.5,124,46.4,47.0,35.2 / 121,35.5 / 124
4198,TX,White,M,72,69.3,92.2,123,34.8,34.5,34.8,121,34.5,125,46.0,46.2,34.8 / 121,34.5 / 125
4198,TX,Red / White Combo,M,72,67.3,89.2,120,33.8,33.5,33.8,117,33.5,118,44.7,44.5,33.8 / 117,33.5 / 118
4198,TX,Red,M,72,65.5,87.4,118,33.1,32.4,33.1,119,32.4,116,44.2,43.2,33.1 / 119,32.4 / 116
4198,TX,Black,F,72,81.1,114.8,143,40.5,40.6,40.5,145,40.6,141,57.6,57.2,40.5 / 145,40.6 / 141
4198,TX,Blue / Black Combo,F,72,79.3,112.2,140,39.8,39.5,39.8,142,39.5,137,56.6,55.6,39.8 / 142,39.5 / 137
4198,TX,Blue,F,72,78.1,110.2,136,39.1,39.0,39.1,138,39.0,134,55.4,54.8,39.1 / 138,39.0 / 134
4198,TX,White / Blue Combo,F,72,76.8,108.2,134,38.4,38.4,38.4,135,38.4,131,54.3,53.9,38.4 / 135,38.4 / 131
4198,TX,White,F,72,75.4,106.7,133,37.9,37.5,37.9,136,37.5,130,53.9,52.8,37.9 / 136,37.5 / 130
4198,TX,Red / White Combo,F,72,73.1,102.7,126,36.7,36.4,36.7,128,36.4,123,51.8,50.9,36.7 / 128,36.4 / 123
4198,TX,Red,F,72,70.9,99.7,123,35.8,35.1,35.8,125,35.1,120,50.5,49.2,35.8 / 125,35.1 / 120
4287,TX,Red,M,72,74.7,99.7,135,37.3,37.4,37.3,136,37.4,133,49.9,49.8,37.3 / 136,37.4 / 133
4287,TX,Black,M,72,72.7,97.0,131,36.4,36.3,36.4,132,36.3,129,48.7,48.3,36.4 / 132,36.3 / 129
4287,TX,Black/White,M,72,71.3,94.9,127,35.7,35.6,35.7,129,35.6,125,47.7,47.2,35.7 / 129,35.6 / 125
4287,TX,White,M,72,70.1,92.8,123,35.3,34.8,35.3,123,34.8,122,46.7,46.1,35.3 / 123,34.8 / 122
4287,TX,White/Blue,M,72,68.6,90.5,118,34.7,33.9,34.7,121,33.9,115,45.9,44.6,34.7 / 121,33.9 / 115
4287,TX,Blue,M,72,67.2,88.0,112,33.9,33.3,33.9,114,33.3,110,44.5,43.5,33.9 / 114,33.3 / 110
4287,TX,Green,M,72,63.8,83.7,107,32.6,31.2,32.6,110,31.2,104,42.8,40.9,32.6 / 110,31.2 / 104
4287,TX,Red,F,72,81.9,116.5,147,41.0,40.9,41.0,149,40.9,144,58.6,57.9,41.0 / 149,40.9 / 144
4287,TX,Black,F,72,79.5,112.9,142,39.9,39.6,39.9,144,39.6,139,56.9,56.0,39.9 / 144,39.6 / 139
4287,TX,Black/White,F,72,77.8,110.0,137,39.1,38.7,39.1,139,38.7,134,55.5,54.5,39.1 / 139,38.7 / 134
4287,TX,White,F,72,75.9,107.4,134,38.1,37.8,38.1,137,37.8,131,54.2,53.2,38.1 / 137,37.8 / 131
4287,TX,White/Blue,F,72,73.8,104.5,130,37.3,36.5,37.3,134,36.5,126,53.1,51.4,37.3 / 134,36.5 / 126
4287,TX,Blue,F,72,72.0,101.9,127,36.4,35.6,36.4,129,35.6,125,51.6,50.3,36.4 / 129,35.6 / 125
4287,TX,Green,F,72,69.0,97.9,123,35.4,33.6,35.4,124,33.6,121,50.0,47.9,35.4 / 124,33.6 / 121
4380,TX,Tillinghast,M,70,75.2,100.9,139,37.6,37.6,37.6,142,37.6,135,50.8,50.1,37.6 / 142,37.6 / 135
4380,TX,I,M,70,74.6,99.9,137,37.3,37.3,37.3,138,37.3,135,50.1,49.8,37.3 / 138,37.3 / 135
4380,TX,II,M,70,71.9,95.6,128,36.1,35.8,36.1,127,35.8,128,47.9,47.7,36.1 / 127,35.8 / 128
4380,TX,III,M,70,69.5,92.9,126,34.7,34.8,34.7,125,34.8,127,46.3,46.6,34.7 / 125,34.8 / 127
4380,TX,IV,M,70,67.2,90.8,127,33.7,33.5,33.7,131,33.5,123,45.9,44.9,33.7 / 131,33.5 / 123
4380,TX,V,M,70,64.1,85.1,113,31.9,32.2,31.9,115,32.2,111,42.6,42.5,31.9 / 115,32.2 / 111
4380,TX,Tillinghast,F,70,81.6,116.4,148,41.0,40.6,41.0,146,40.6,149,58.2,58.2,41.0 / 146,40.6 / 149
4380,TX,I,F,70,80.9,116.1,150,40.7,40.2,40.7,151,40.2,148,58.5,57.6,40.7 / 151,40.2 / 148
4380,TX,II,F,70,78.4,112.2,143,39.2,39.2,39.2,143,39.2,143,56.1,56.1,39.2 / 143,39.2 / 143
4380,TX,III,F,70,75.8,109.0,141,38.0,37.8,38.0,145,37.8,137,55.1,53.9,38.0 / 145,37.8 / 137
4380,TX,IV,F,70,72.6,103.7,132,36.4,36.2,36.4,136,36.2,128,52.4,51.3,36.4 / 136,36.2 / 128
4380,TX,V,F,70,68.8,97.0,120,34.4,34.4,34.4,118,34.4,121,48.3,48.7,34.4 / 118,34.4 / 121
4081,TX,Black,M,72,72.3,96.8,132,36.0,36.3,36.0,131,36.3,132,48.2,48.6,36.0 / 131,36.3 / 132
4081,TX,Black/Silver,M,72,70.8,94.9,130,35.2,35.6,35.2,129,35.6,130,47.2,47.7,35.2 / 129,35.6 / 130
4081,TX,Silver,M,72,69.8,93.7,129,34.7,35.1,34.7,126,35.1,131,46.4,47.3,34.7 / 126,35.1 / 131
4081,TX,Silver/Bronze,M,72,68.3,91.5,125,34.1,34.2,34.1,124,34.2,126,45.6,45.9,34.1 / 124,34.2 / 126
4081,TX,Bronze,M,72,66.8,88.8,119,33.3,33.5,33.3,116,33.5,121,44.1,44.7,33.3 / 116,33.5 / 121
4081,TX,Black,F,73,79.1,112.4,141,39.6,39.5,39.6,138,39.5,144,55.9,56.5,39.6 / 138,39.5 / 144
4081,TX,Black/Silver,F,73,77.7,110.1,138,38.6,39.1,38.6,136,39.1,139,54.6,55.5,38.6 / 136,39.1 / 139
4081,TX,Silver,F,73,77.2,108.8,134,38.2,39.0,38.2,137,39.0,131,54.4,54.4,38.2 / 137,39.0 / 131
4081,TX,Silver/Bronze,F,73,75.1,105.9,131,37.4,37.7,37.4,137,37.7,125,53.5,52.4,37.4 / 137,37.7 / 125
4081,TX,Bronze,F,73,72.5,102.3,127,36.2,36.3,36.2,127,36.3,126,51.2,51.1,36.2 / 127,36.3 / 126
4080,TX,Black,M,72,74.2,100.3,141,36.6,37.6,36.6,140,37.6,141,49.6,50.7,36.6 / 140,37.6 / 141
4080,TX,Black/Silver,M,72,73.1,97.9,134,36.1,37.0,36.1,132,37.0,135,48.4,49.5,36.1 / 132,37.0 / 135
4080,TX,Silver,M,72,72.2,96.8,133,35.7,36.5,35.7,135,36.5,130,48.2,48.6,35.7 / 135,36.5 / 130
4080,TX,Silver/Bronze,M,72,71.6,95.5,129,35.4,36.2,35.4,128,36.2,129,47.3,48.2,35.4 / 128,36.2 / 129
4080,TX,Bronze,M,72,70.7,94.6,129,35.0,35.7,35.0,125,35.7,132,46.6,48.0,35.0 / 125,35.7 / 132
4080,TX,Bronze/Green,M,72,68.8,91.9,125,34.4,34.4,34.4,127,34.4,122,46.2,45.7,34.4 / 127,34.4 / 122
4080,TX,Green,M,72,67.6,90.0,121,33.8,33.8,33.8,126,33.8,115,45.5,44.5,33.8 / 126,33.8 / 115
4080,TX,Black,F,73,81.5,117.1,151,40.1,41.4,40.1,148,41.4,153,57.6,59.5,40.1 / 148,41.4 / 153
4080,TX,Black/Silver,F,73,80.4,115.4,149,39.5,40.9,39.5,147,40.9,150,56.8,58.6,39.5 / 147,40.9 / 150
4080,TX,Silver,F,73,79.6,114.2,147,39.2,40.4,39.2,145,40.4,148,56.3,57.9,39.2 / 145,40.4 / 148
4080,TX,Silver/Bronze,F,73,78.5,112.6,145,38.7,39.8,38.7,142,39.8,147,55.5,57.1,38.7 / 142,39.8 / 147
4080,TX,Bronze,F,73,77.8,111.0,141,38.5,39.3,38.5,138,39.3,143,54.8,56.2,38.5 / 138,39.3 / 143
4080,TX,Bronze/Green,F,73,75.5,107.0,134,37.9,37.6,37.9,134,37.6,133,53.7,53.3,37.9 / 134,37.6 / 133
4080,TX,Green,F,73,73.6,103.9,129,37.1,36.5,37.1,129,36.5,128,52.3,51.6,37.1 / 129,36.5 / 128
4082,TX,Black,M,68,63.0,83.3,109,31.4,31.6,31.4,105,31.6,113,41.2,42.1,31.4 / 105,31.6 / 113
4082,TX,Silver,M,68,62.1,80.6,100,31.2,30.9,31.2,98,30.9,101,40.3,40.3,31.2 / 98,30.9 / 101
4082,TX,Bronze,M,68,61.1,79.3,98,30.7,30.4,30.7,97,30.4,99,39.7,39.6,30.7 / 97,30.4 / 99
4082,TX,Black,F,68,66.9,94.6,118,33.2,33.7,33.2,114,33.7,121,46.6,48.0,33.2 / 114,33.7 / 121
4082,TX,Silver,F,68,64.5,90.5,111,32.3,32.2,32.3,112,32.2,109,45.5,45.0,32.3 / 112,32.2 / 109
4082,TX,Bronze,F,68,62.6,87.5,106,31.2,31.4,31.2,105,31.4,106,43.6,43.9,31.2 / 105,31.4 / 106
4632,TX,Blue,M,70,68.7,89.9,114,32.9,35.8,32.9,105,35.8,123,42.7,47.2,32.9 / 105,35.8 / 123
4632,TX,White,M,70,67.3,88.0,112,32.2,35.1,32.2,102,35.1,121,41.7,46.3,32.2 / 102,35.1 / 121
4632,TX,Yellow,M,70,65.4,84.9,106,32.0,33.4,32.0,100,33.4,111,41.2,43.7,32.0 / 100,33.4 / 111
4632,TX,Red,M,70,64.7,84.2,105,31.4,33.3,31.4,100,33.3,110,40.7,43.5,31.4 / 100,33.3 / 110
4632,TX,Blue,F,70,74.5,105.0,129,35.4,39.1,35.4,120,39.1,138,49.6,55.4,35.4 / 120,39.1 / 138
4632,TX,White,F,70,72.8,102.5,126,34.5,38.3,34.5,117,38.3,135,48.3,54.2,34.5 / 117,38.3 / 135
4632,TX,Yellow,F,70,70.6,99.1,121,34.1,36.5,34.1,111,36.5,131,47.2,51.9,34.1 / 111,36.5 / 131
4632,TX,Red,F,70,69.9,98.2,120,33.6,36.3,33.6,110,36.3,130,46.6,51.6,33.6 / 110,36.3 / 130
4197,TX,Blue,M,72,72.0,94.8,123,35.4,36.6,35.4,117,36.6,128,46.3,48.5,35.4 / 117,36.6 / 128
4197,TX,White,M,72,69.4,91.5,120,33.6,35.8,33.6,115,35.8,124,44.3,47.2,33.6 / 115,35.8 / 124
4197,TX,Gold,M,72,66.5,86.7,109,32.2,34.3,32.2,107,34.3,111,42.1,44.6,32.2 / 107,34.3 / 111
4197,TX,Red,M,72,63.8,82.8,102,31.3,32.5,31.3,102,32.5,102,40.8,42.0,31.3 / 102,32.5 / 102
4197,TX,Purple,M,72,59.1,76.6,94,29.3,29.8,29.3,91,29.8,97,37.8,38.8,29.3 / 91,29.8 / 97
4197,TX,Blue,F,72,77.9,108.8,131,38.2,39.7,38.2,130,39.7,132,53.5,55.3,38.2 / 130,39.7 / 132
4197,TX,White,F,72,75.0,104.4,125,36.4,38.6,36.4,121,38.6,128,50.7,53.7,36.4 / 121,38.6 / 128
4197,TX,Gold,F,72,71.1,98.6,117,34.5,36.6,34.5,114,36.6,120,47.9,50.7,34.5 / 114,36.6 / 120
4197,TX,Red,F,72,67.6,93.8,111,33.2,34.4,33.2,110,34.4,112,46.2,47.6,33.2 / 110,34.4 / 112
4197,TX,Purple,F,72,59.8,82.9,98,29.5,30.3,29.5,97,30.3,99,40.9,42.0,29.5 / 97,30.3 / 99
4196,TX,Forest,M,71,71.2,94.1,124,36.2,35.0,36.2,122,35.0,125,47.5,46.6,36.2 / 122,35.0 / 125
4196,TX,Blue,M,71,69.0,91.3,120,35.0,34.0,35.0,120,34.0,120,46.2,45.1,35.0 / 120,34.0 / 120
4196,TX,Stone,M,71,65.8,86.5,112,33.6,32.2,33.6,114,32.2,110,44.2,42.3,33.6 / 114,32.2 / 110
4196,TX,Stone/Copper,M,71,63.6,83.3,106,32.2,31.4,32.2,107,31.4,105,42.1,41.2,32.2 / 107,31.4 / 105
4196,TX,Copper,M,71,61.9,81.1,103,31.3,30.6,31.3,104,30.6,102,41.0,40.1,31.3 / 104,30.6 / 102
4196,TX,Forest,F,71,77.3,108.6,134,39.6,37.7,39.6,137,37.7,130,55.7,52.9,39.6 / 137,37.7 / 130
4196,TX,Blue,F,71,74.5,104.3,127,38.0,36.5,38.0,130,36.5,124,53.3,51.0,38.0 / 130,36.5 / 124
4196,TX,Stone,F,71,71.3,99.3,119,36.7,34.6,36.7,123,34.6,115,51.2,48.1,36.7 / 123,34.6 / 115
4196,TX,Stone/Copper,F,71,68.4,95.1,114,34.8,33.6,34.8,114,33.6,113,48.2,46.9,34.8 / 114,33.6 / 113
4196,TX,Copper,F,71,65.9,92.0,111,33.8,32.1,33.8,111,32.1,110,46.9,45.1,33.8 / 111,32.1 / 110
14888,TX,Gold,M,71,74.9,99.4,132,37.1,37.8,37.1,131,37.8,132,49.3,50.1,37.1 / 131,37.8 / 132
14888,TX,Blue,M,71,72.2,95.8,127,35.7,36.5,35.7,125,36.5,129,47.3,48.5,35.7 / 125,36.5 / 129
14888,TX,White,M,71,68.8,91.8,124,34.0,34.8,34.0,122,34.8,126,45.3,46.5,34.0 / 122,34.8 / 126
14888,TX,Green,M,71,66.1,87.0,113,32.6,33.5,32.6,112,33.5,113,43.0,44.0,32.6 / 112,33.5 / 113
14888,TX,Gold,F,71,81.3,115.5,145,40.4,40.9,40.4,142,40.9,148,57.2,58.3,40.4 / 142,40.9 / 148
14888,TX,Blue,F,71,78.1,110.6,138,38.7,39.4,38.7,135,39.4,141,54.6,56.0,38.7 / 135,39.4 / 141
14888,TX,White,F,71,74.6,105.3,130,36.9,37.7,36.9,127,37.7,133,51.9,53.4,36.9 / 127,37.7 / 133
14888,TX,Green,F,71,70.9,100.5,126,35.0,35.9,35.0,120,35.9,131,49.1,51.4,35.0 / 120,35.9 / 131
4799,TX,Iron,M,72,73.8,98.1,131,37.2,36.6,37.2,132,36.6,129,49.5,48.6,37.2 / 132,36.6 / 129
4799,TX,Gold,M,72,71.7,96.5,134,36.2,35.5,36.2,135,35.5,132,48.7,47.8,36.2 / 135,35.5 / 132
4799,TX,Silver,M,72,69.7,93.7,129,35.2,34.5,35.2,129,34.5,129,47.2,46.5,35.2 / 129,34.5 / 129
4799,TX,Copper,M,72,67.1,89.6,121,33.9,33.2,33.9,125,33.2,117,45.5,44.1,33.9 / 125,33.2 / 117
4799,TX,Copper,F,72,73.4,106.6,141,37.2,36.2,37.2,143,36.2,138,54.1,52.5,37.2 / 143,36.2 / 138
4799,TX,Bronze,F,72,68.5,98.6,128,34.8,33.7,34.8,132,33.7,123,50.4,48.2,34.8 / 132,33.7 / 123
4480,TX,Men's,M,70,68.0,89.5,116,34.3,33.7,34.3,117,33.7,114,45.2,44.3,34.3 / 117,33.7 / 114
4480,TX,Women's,F,70,70.4,98.1,118,35.5,34.9,35.5,120,34.9,115,49.6,48.5,35.5 / 120,34.9 / 115
9361,TX,Red/Blue,M,72,70.0,91.4,115,34.7,35.3,34.7,113,35.3,117,45.2,46.2,34.7 / 113,35.3 / 117
9361,TX,White,M,72,64.6,84.4,107,32.3,32.3,32.3,107,32.3,107,42.2,42.2,32.3 / 107,32.3 / 107
9361,TX,Red/Blue,F,72,75.7,106.1,129,37.5,38.2,37.5,127,38.2,131,52.5,53.6,37.5 / 127,38.2 / 131
9361,TX,White,F,72,69.6,97.0,116,34.8,34.8,34.8,116,34.8,116,48.5,48.5,34.8 / 116,34.8 / 116
4444,TX,Red/Blue,M,71,68.2,90.2,118,34.2,34.0,34.2,118,34.0,118,45.2,45.0,34.2 / 118,34.0 / 118
4444,TX,Black/Gold,M,71,66.4,88.2,117,33.3,33.1,33.3,117,33.1,117,44.2,44.0,33.3 / 117,33.1 / 117
4444,TX,Yellow/White,M,71,63.8,83.7,108,31.6,32.2,31.6,107,32.2,108,41.5,42.2,31.6 / 107,32.2 / 108
4444,TX,Red/Blue,F,72,74.6,105.7,132,37.6,37.0,37.6,131,37.0,133,53.0,52.7,37.6 / 131,37.0 / 133
4444,TX,Black/Gold,F,72,72.0,102.9,131,36.2,35.8,36.2,131,35.8,131,51.6,51.3,36.2 / 131,35.8 / 131
4444,TX,Yellow/White,F,72,69.1,97.3,120,34.4,34.7,34.4,114,34.7,125,47.9,49.4,34.4 / 114,34.7 / 125
4289,TX,1,M,72,75.3,99.9,132,37.6,37.7,37.6,132,37.7,132,49.9,50.0,37.6 / 132,37.7 / 132
4289,TX,1 / 2 combo,M,72,73.9,98.5,131,36.8,37.1,36.8,133,37.1,131,49.2,49.3,36.8 / 133,37.1 / 131
4289,TX,2,M,72,72.6,96.7,130,36.1,36.5,36.1,129,36.5,130,48.1,48.6,36.1 / 129,36.5 / 130
4289,TX,2 / 3 Combo,M,72,71.8,95.8,129,35.8,36.0,35.8,131,36.0,127,48.0,47.8,35.8 / 131,36.0 / 127
4289,TX,3,M,72,70.8,94.5,128,35.3,35.5,35.3,127,35.5,128,47.1,47.4,35.3 / 127,35.5 / 128
4289,TX,3 / 4 Combo,M,72,69.2,92.6,126,34.4,34.8,34.4,128,34.8,124,46.3,46.3,34.4 / 128,34.8 / 124
4289,TX,4,M,72,68.0,90.6,122,33.6,34.4,33.6,122,34.4,122,44.9,45.7,33.6 / 122,34.4 / 122
4289,TX,4 / 5 Combo,M,72,66.5,88.2,117,32.9,33.6,32.9,117,33.6,116,43.8,44.4,32.9 / 117,33.6 / 116
4289,TX,5,M,72,64.8,85.5,112,31.8,33.0,31.8,109,33.0,114,41.9,43.6,31.8 / 109,33.0 / 114
4289,TX,1,F,72,82.1,117.3,150,41.1,41.0,41.1,146,41.0,153,58.3,59.0,41.1 / 146,41.0 / 153
4289,TX,1 / 2 combo,F,72,80.7,115.3,147,40.5,40.2,40.5,143,40.2,150,57.4,57.9,40.5 / 143,40.2 / 150
4289,TX,2,F,72,79.1,112.9,144,39.6,39.5,39.6,140,39.5,147,56.1,56.8,39.6 / 140,39.5 / 147
4289,TX,2 / 3 Combo,F,72,78.3,111.6,142,39.2,39.1,39.2,137,39.1,146,55.3,56.3,39.2 / 137,39.1 / 146
4289,TX,3,F,72,77.3,110.1,139,38.6,38.7,38.6,134,38.7,144,54.4,55.7,38.6 / 134,38.7 / 144
4289,TX,3 / 4 Combo,F,72,75.4,107.2,135,37.5,37.9,37.5,129,37.9,141,52.7,54.5,37.5 / 129,37.9 / 141
4289,TX,4,F,72,73.7,104.3,130,36.3,37.4,36.3,122,37.4,137,50.7,53.6,36.3 / 122,37.4 / 137
4289,TX,4 / 5 Combo,F,72,71.3,100.6,124,35.2,36.1,35.2,120,36.1,128,49.4,51.2,35.2 / 120,36.1 / 128
4289,TX,5,F,72,69.1,97.5,121,34.0,35.1,34.0,117,35.1,124,47.8,49.7,34.0 / 117,35.1 / 124
4193,TX,Black,M,72,74.1,99.8,139,36.9,37.2,36.9,140,37.2,137,49.9,49.9,36.9 / 140,37.2 / 137
4193,TX,Blue,M,72,72.3,97.3,134,36.0,36.3,36.0,135,36.3,133,48.6,48.7,36.0 / 135,36.3 / 133
4193,TX,White,M,72,70.1,94.5,131,34.9,35.2,34.9,130,35.2,132,47.0,47.5,34.9 / 130,35.2 / 132
4193,TX,Gold,M,72,68.4,90.8,121,34.0,34.4,34.0,121,34.4,121,45.2,45.6,34.0 / 121,34.4 / 121
4193,TX,Red,M,72,65.6,86.1,111,32.5,33.1,32.5,109,33.1,112,42.6,43.5,32.5 / 109,33.1 / 112
4193,TX,Black,F,72,80.6,114.6,144,40.3,40.3,40.3,145,40.3,143,57.4,57.2,40.3 / 145,40.3 / 143
4193,TX,Blue,F,72,78.4,111.3,140,39.2,39.2,39.2,140,39.2,139,55.7,55.6,39.2 / 140,39.2 / 139
4193,TX,White,F,72,75.8,107.9,137,37.8,38.0,37.8,137,38.0,136,53.9,54.0,37.8 / 137,38.0 / 136
4193,TX,Gold,F,72,73.7,104.4,131,36.7,37.0,36.7,131,37.0,130,52.1,52.3,36.7 / 131,37.0 / 130
4193,TX,Red,F,72,70.6,98.5,119,35.2,35.4,35.2,120,35.4,117,49.3,49.2,35.2 / 120,35.4 / 117
4482,TX,Gold,M,72,72.1,97.0,134,35.7,36.4,35.7,127,36.4,141,47.5,49.5,35.7 / 127,36.4 / 141
4482,TX,Blue,M,72,70.3,94.2,129,34.9,35.4,34.9,122,35.4,136,46.2,48.0,34.9 / 122,35.4 / 136
4482,TX,White,M,72,68.1,90.8,122,33.7,34.4,33.7,114,34.4,130,44.3,46.5,33.7 / 114,34.4 / 130
4482,TX,Red,M,72,66.5,88.6,119,32.9,33.6,32.9,112,33.6,125,43.4,45.2,32.9 / 112,33.6 / 125
4482,TX,White,F,72,74.2,105.4,133,37.0,37.2,37.0,125,37.2,140,51.7,53.7,37.0 / 125,37.2 / 140
4482,TX,Red,F,72,72.1,101.1,123,35.9,36.2,35.9,115,36.2,131,49.5,51.6,35.9 / 115,36.2 / 131
4186,TX,Blue,M,72,71.4,94.6,125,35.1,36.3,35.1,127,36.3,123,46.9,47.7,35.1 / 127,36.3 / 123
4186,TX,White,M,72,69.8,91.5,117,34.3,35.5,34.3,117,35.5,116,45.2,46.3,34.3 / 117,35.5 / 116
4186,TX,Red,M,72,66.0,86.3,110,32.3,33.7,32.3,110,33.7,109,42.5,43.8,32.3 / 110,33.7 / 109
4186,TX,Blue,F,72,78.2,109.9,135,38.5,39.7,38.5,133,39.7,136,54.2,55.7,38.5 / 133,39.7 / 136
4186,TX,White,F,72,75.8,106.4,130,37.3,38.5,37.3,128,38.5,131,52.4,54.0,37.3 / 128,38.5 / 131
4186,TX,Red,F,72,71.1,99.4,120,34.8,36.3,34.8,119,36.3,121,48.8,50.6,34.8 / 119,36.3 / 121
4390,TX,Black,M,72,72.4,95.9,127,36.1,36.3,36.1,128,36.3,125,48.0,47.9,36.1 / 128,36.3 / 125
4390,TX,White,M,72,70.6,93.2,122,35.2,35.4,35.2,124,35.4,119,46.7,46.5,35.2 / 124,35.4 / 119
4390,TX,Gold,M,72,68.3,90.3,118,33.8,34.5,33.8,119,34.5,117,44.9,45.4,33.8 / 119,34.5 / 117
4390,TX,Red,M,72,66.5,87.7,114,32.9,33.6,32.9,115,33.6,113,43.6,44.1,32.9 / 115,33.6 / 113
4390,TX,Blue,M,72,62.3,81.9,105,30.8,31.5,30.8,105,31.5,105,40.6,41.3,30.8 / 105,31.5 / 105
4390,TX,Black,F,72,78.4,109.9,134,39.1,39.3,39.1,132,39.3,135,54.7,55.2,39.1 / 132,39.3 / 135
4390,TX,White,F,72,76.1,106.7,130,38.0,38.1,38.0,129,38.1,131,53.2,53.5,38.0 / 129,38.1 / 131
4390,TX,Gold,F,72,73.6,103.1,125,36.4,37.2,36.4,123,37.2,127,50.9,52.2,36.4 / 123,37.2 / 127
4390,TX,Red,F,72,71.3,99.4,119,35.2,36.1,35.2,118,36.1,120,49.1,50.3,35.2 / 118,36.1 / 120
4390,TX,Blue,F,72,65.7,91.2,108,32.4,33.3,32.4,106,33.3,110,44.9,46.3,32.4 / 106,33.3 / 110
4391,TX,Tournament,M,70,73.8,98.6,134,36.7,37.1,36.7,138,37.1,129,49.5,49.1,36.7 / 138,37.1 / 129
4391,TX,Black,M,70,73.2,97.7,132,36.3,36.9,36.3,137,36.9,127,49.0,48.7,36.3 / 137,36.9 / 127
4391,TX,Gold,M,71,70.8,95.7,134,35.3,35.5,35.3,131,35.5,137,47.5,48.2,35.3 / 131,35.5 / 137
4391,TX,Silver,M,71,69.1,92.2,125,34.5,34.6,34.5,123,34.6,126,45.9,46.3,34.5 / 123,34.6 / 126
4391,TX,Ruby,M,71,65.2,86.0,112,32.6,32.6,32.6,111,32.6,113,42.9,43.1,32.6 / 111,32.6 / 113
4391,TX,Black,F,70,79.7,113.0,141,39.4,40.3,39.4,139,40.3,143,55.8,57.2,39.4 / 139,40.3 / 143
4391,TX,Gold,F,71,77.1,109.1,136,38.4,38.7,38.4,134,38.7,137,54.2,54.9,38.4 / 134,38.7 / 137
4391,TX,Silver,F,71,74.6,105.5,131,37.4,37.2,37.4,131,37.2,131,52.8,52.7,37.4 / 131,37.2 / 131
4391,TX,Ruby,F,71,70.3,99.8,126,34.9,35.4,34.9,126,35.4,125,49.7,50.1,34.9 / 126,35.4 / 125
3993,TX,White/Red,M,72,70.4,93.8,126,35.6,34.8,35.6,130,34.8,122,47.7,46.1,35.6 / 130,34.8 / 122
3993,TX,Combo Tee,M,72,70.0,93.0,123,35.0,35.0,35.0,123,35.0,123,46.5,46.5,35.0 / 123,35.0 / 123
3993,TX,Senior,M,72,67.0,89.0,118,33.5,33.5,33.5,118,33.5,118,44.5,44.5,33.5 / 118,33.5 / 118
3993,TX,White/Red,F,72,76.5,108.4,136,38.8,37.7,38.8,140,37.7,131,55.3,53.1,38.8 / 140,37.7 / 131
3993,TX,Yellow,F,70,67.4,95.6,120,33.7,33.7,33.7,120,33.7,120,47.8,47.8,33.7 / 120,33.7 / 120
4433,TX,Black,M,72,73.8,99.3,138,37.3,36.5,37.3,139,36.5,136,50.2,49.1,37.3 / 139,36.5 / 136
4433,TX,Blue,M,72,72.0,96.5,132,36.0,36.0,36.0,130,36.0,133,48.1,48.4,36.0 / 130,36.0 / 133
4433,TX,White,M,72,69.2,92.1,124,34.8,34.4,34.8,121,34.4,126,46.0,46.1,34.8 / 121,34.4 / 126
4433,TX,Gold,M,72,64.7,84.7,108,33.0,31.7,33.0,105,31.7,110,42.8,41.9,33.0 / 105,31.7 / 110
4433,TX,Red,M,72,64.1,83.9,107,32.6,31.5,32.6,104,31.5,109,42.3,41.6,32.6 / 104,31.5 / 109
4433,TX,Black,F,72,80.6,113.3,139,40.6,40.0,40.6,139,40.0,138,57.0,56.3,40.6 / 139,40.0 / 138
4433,TX,Blue,F,72,78.4,110.0,134,39.2,39.2,39.2,131,39.2,137,54.7,55.3,39.2 / 131,39.2 / 137
4433,TX,White,F,72,75.0,105.7,131,37.8,37.2,37.8,130,37.2,131,53.1,52.6,37.8 / 130,37.2 / 131
4433,TX,Gold,F,72,70.0,96.6,113,35.6,34.4,35.6,114,34.4,112,49.0,47.6,35.6 / 114,34.4 / 112
4433,TX,Red,F,72,69.2,95.4,111,35.3,33.9,35.3,113,33.9,109,48.6,46.8,35.3 / 113,33.9 / 109
32970,TX,White / Blue,M,72,71.9,96.9,135,35.8,36.1,35.8,138,36.1,131,48.6,48.3,35.8 / 138,36.1 / 131
32970,TX,Black - White Mix,M,72,66.6,88.8,120,33.3,33.3,33.3,127,33.3,112,45.1,43.7,33.3 / 127,33.3 / 112
32970,TX,Red / Gold,F,72,71.3,100.4,124,35.0,36.3,35.0,125,36.3,122,49.7,50.7,35.0 / 125,36.3 / 122
4126,TX,Black,M,71,75.8,100.6,134,37.9,37.9,37.9,137,37.9,130,50.6,50.0,37.9 / 137,37.9 / 130
4126,TX,Silver,M,71,74.1,98.4,131,37.1,37.0,37.1,135,37.0,127,49.6,48.8,37.1 / 135,37.0 / 127
4126,TX,Gold,M,71,72.7,96.2,127,36.5,36.2,36.5,128,36.2,125,48.4,47.8,36.5 / 128,36.2 / 125
4126,TX,Combo,M,71,71.4,94.5,125,36.1,35.3,36.1,126,35.3,123,47.8,46.7,36.1 / 126,35.3 / 123
4126,TX,Green,M,71,70.0,92.6,122,35.3,34.7,35.3,123,34.7,121,46.7,45.9,35.3 / 123,34.7 / 121
4126,TX,White,M,71,67.8,89.5,117,34.0,33.8,34.0,118,33.8,115,45.0,44.5,34.0 / 118,33.8 / 115
4126,TX,Green,F,71,75.3,106.2,131,38.0,37.3,38.0,134,37.3,128,53.8,52.4,38.0 / 134,37.3 / 128
4126,TX,White,F,71,72.2,101.6,125,36.3,35.9,36.3,129,35.9,120,51.5,50.1,36.3 / 129,35.9 / 120
4127,TX,Black,M,71,74.4,99.9,138,37.7,36.7,37.7,138,36.7,137,50.5,49.4,37.7 / 138,36.7 / 137
4127,TX,Gold,M,71,72.1,96.9,134,36.5,35.6,36.5,135,35.6,132,49.0,47.9,36.5 / 135,35.6 / 132
4127,TX,Combo,M,71,70.3,94.2,129,35.5,34.8,35.5,132,34.8,125,47.8,46.4,35.5 / 132,34.8 / 125
4127,TX,Green,M,71,69.4,92.2,123,34.9,34.5,34.9,124,34.5,121,46.5,45.7,34.9 / 124,34.5 / 121
4127,TX,White,M,71,66.4,87.6,114,33.7,32.7,33.7,116,32.7,112,44.5,43.1,33.7 / 116,32.7 / 112
4127,TX,Black,F,71,81.5,116.7,149,41.1,40.4,41.1,149,40.4,149,58.7,58.0,41.1 / 149,40.4 / 149
4127,TX,Gold,F,71,78.7,112.5,143,39.7,39.0,39.7,143,39.0,143,56.6,55.9,39.7 / 143,39.0 / 143
4127,TX,Combo,F,71,76.7,109.4,139,38.8,37.9,38.8,139,37.9,138,55.2,54.2,38.8 / 139,37.9 / 138
4127,TX,Green,F,71,75.5,107.2,135,38.0,37.5,38.0,134,37.5,135,53.8,53.4,38.0 / 134,37.5 / 135
4127,TX,White,F,71,71.7,101.2,125,36.5,35.2,36.5,122,35.2,128,50.9,50.3,36.5 / 122,35.2 / 128
35529,TX,Blue Tee,M,71,70.6,95.2,132,34.9,35.8,34.9,136,35.8,128,47.5,47.7,34.9 / 136,35.8 / 128
35529,TX,White Tee,M,71,68.2,91.6,126,33.5,34.7,33.5,125,34.7,127,45.1,46.5,33.5 / 125,34.7 / 127
35529,TX,Green Tee,M,71,66.3,86.9,111,32.6,33.7,32.6,114,33.7,108,43.2,43.7,32.6 / 114,33.7 / 108
35529,TX,Red Tee,M,71,65.6,86.6,113,32.4,33.2,32.4,116,33.2,110,43.2,43.4,32.4 / 116,33.2 / 110
35529,TX,Blue Tees,F,73,76.8,109.2,138,37.9,38.9,37.9,137,38.9,138,54.0,55.2,37.9 / 137,38.9 / 138
35529,TX,White Tee,F,73,73.7,104.0,129,36.1,37.6,36.1,125,37.6,132,50.8,53.2,36.1 / 125,37.6 / 132
35529,TX,Green Tee,F,73,70.7,98.9,120,34.8,35.9,34.8,120,35.9,119,49.0,49.9,34.8 / 120,35.9 / 119
35529,TX,Red Tee,F,73,70.3,98.4,119,34.5,35.8,34.5,123,35.8,115,49.0,49.4,34.5 / 123,35.8 / 115
4487,TX,Gold,M,72,72.6,97.5,134,36.3,36.3,36.3,135,36.3,133,48.8,48.7,36.3 / 135,36.3 / 133
4487,TX,Blue,M,72,71.0,95.2,130,35.5,35.5,35.5,130,35.5,130,47.6,47.6,35.5 / 130,35.5 / 130
4487,TX,White,M,72,69.9,93.5,127,34.8,35.1,34.8,128,35.1,126,46.7,46.8,34.8 / 128,35.1 / 126
4487,TX,Silver,M,72,66.3,88.3,118,32.9,33.4,32.9,118,33.4,118,43.9,44.4,32.9 / 118,33.4 / 118
4487,TX,Gold,F,72,80.4,114.4,144,40.0,40.4,40.0,146,40.4,142,57.2,57.2,40.0 / 146,40.4 / 142
4487,TX,Blue,F,72,78.5,111.4,140,39.0,39.5,39.0,141,39.5,138,55.6,55.8,39.0 / 141,39.5 / 138
4487,TX,White,F,72,76.6,108.7,136,38.1,38.5,38.1,138,38.5,134,54.4,54.3,38.1 / 138,38.5 / 134
4487,TX,Silver,F,72,72.4,102.4,127,35.9,36.5,35.9,128,36.5,126,51.0,51.4,35.9 / 128,36.5 / 126
4312,TX,Bear,M,72,76.7,103.3,143,38.4,38.3,38.4,143,38.3,143,51.7,51.6,38.4 / 143,38.3 / 143
4312,TX,Outlaw/Bear,M,72,75.6,101.9,142,37.8,37.8,37.8,141,37.8,142,50.9,51.0,37.8 / 141,37.8 / 142
4312,TX,Outlaw,M,72,74.5,100.3,140,37.3,37.2,37.3,139,37.2,139,50.2,50.1,37.3 / 139,37.2 / 139
4312,TX,Outlaw/Cimarron,M,72,73.4,99.5,139,36.9,36.5,36.9,141,36.5,140,50.0,49.5,36.9 / 141,36.5 / 140
4312,TX,Cimarron,M,72,72.2,97.3,136,36.2,36.0,36.2,142,36.0,128,49.4,47.9,36.2 / 142,36.0 / 128
4312,TX,Cimarron/Legend,M,72,70.8,95.9,134,35.6,35.3,35.6,137,35.3,132,48.3,47.6,35.6 / 137,35.3 / 132
4312,TX,Legend,M,72,70.0,93.9,131,35.0,35.0,35.0,128,35.0,129,46.9,47.0,35.0 / 128,35.0 / 129
4312,TX,Champions,M,72,68.7,92.2,127,33.9,34.8,33.9,124,34.8,129,45.4,46.8,33.9 / 124,34.8 / 129
4312,TX,Rose,M,72,65.7,86.9,114,32.7,33.0,32.7,114,33.0,114,43.3,43.6,32.7 / 114,33.0 / 114
4312,TX,Outlaw,F,72,82.0,117.8,152,40.9,41.1,40.9,148,41.1,155,58.3,59.5,40.9 / 148,41.1 / 155
4312,TX,Outlaw/Cimarron,F,72,80.9,116.2,150,40.4,40.5,40.4,144,40.5,155,57.4,58.8,40.4 / 144,40.5 / 155
4312,TX,Cimarron,F,72,79.4,113.5,145,39.6,39.8,39.6,142,39.8,147,56.4,57.1,39.6 / 142,39.8 / 147
4312,TX,Cimarron/Legend,F,72,77.3,110.0,140,38.5,38.8,38.5,141,38.8,139,55.1,55.2,38.5 / 141,38.8 / 139
4312,TX,Legend,F,72,76.2,108.2,136,38.1,38.1,38.1,137,38.1,135,54.2,54.0,38.1 / 137,38.1 / 135
4312,TX,Champions,F,72,74.5,105.7,133,36.7,37.8,36.7,129,37.8,136,51.9,53.8,36.7 / 129,37.8 / 136
4312,TX,Rose,F,72,71.6,102.0,130,35.6,36.0,35.6,128,36.0,130,50.7,51.3,35.6 / 128,36.0 / 130
20992,TX,Blue,M,72,69.9,90.7,112,35.4,34.5,35.4,114,34.5,110,46.0,44.7,35.4 / 114,34.5 / 110
20992,TX,White,M,72,69.1,89.7,111,35.0,34.1,35.0,114,34.1,108,45.6,44.1,35.0 / 114,34.1 / 108
20992,TX,Gold,M,72,68.2,88.5,110,34.5,33.7,34.5,112,33.7,107,44.9,43.6,34.5 / 112,33.7 / 107
20992,TX,Red,M,72,62.7,80.8,98,31.3,31.4,31.3,100,31.4,95,40.6,40.2,31.3 / 100,31.4 / 95
20992,TX,Blue,F,72,76.2,106.0,127,38.6,37.6,38.6,131,37.6,122,54.0,52.0,38.6 / 131,37.6 / 122
20992,TX,White,F,72,75.2,104.5,124,38.1,37.1,38.1,128,37.1,120,53.2,51.3,38.1 / 128,37.1 / 120
20992,TX,Gold,F,72,74.2,103.0,122,37.6,36.6,37.6,126,36.6,118,52.5,50.5,37.6 / 126,36.6 / 118
20992,TX,Red,F,72,67.5,93.9,112,33.8,33.7,33.8,114,33.7,110,47.2,46.7,33.8 / 114,33.7 / 110
4151,TX,Blue,M,72,71.2,93.4,119,35.0,36.2,35.0,119,36.2,119,46.1,47.3,35.0 / 119,36.2 / 119
4151,TX,White,M,72,67.8,89.1,115,33.7,34.1,33.7,115,34.1,114,44.4,44.7,33.7 / 115,34.1 / 114
4151,TX,Gold,M,72,63.3,81.8,100,31.6,31.7,31.6,98,31.7,101,40.7,41.1,31.6 / 98,31.7 / 101
4151,TX,Red,M,72,62.5,80.8,99,31.2,31.3,31.2,97,31.3,100,40.2,40.6,31.2 / 97,31.3 / 100
4151,TX,Blue,F,72,76.6,106.6,127,38.0,38.6,38.0,126,38.6,128,52.9,53.7,38.0 / 126,38.6 / 128
4151,TX,White,F,72,73.0,101.3,120,36.6,36.4,36.6,120,36.4,120,50.8,50.5,36.6 / 120,36.4 / 120
4151,TX,Gold,F,72,67.5,94.6,115,33.6,33.9,33.6,114,33.9,115,47.1,47.5,33.6 / 114,33.9 / 115
4151,TX,Red,F,72,67.0,93.7,114,33.3,33.7,33.3,113,33.7,114,46.6,47.1,33.3 / 113,33.7 / 114
4233,TX,Black,M,72,73.8,96.7,124,36.2,37.6,36.2,121,37.6,126,47.4,49.3,36.2 / 121,37.6 / 126
4233,TX,Blue,M,72,71.1,95.1,129,35.1,36.0,35.1,127,36.0,131,46.9,48.2,35.1 / 127,36.0 / 131
4233,TX,White,M,72,68.5,90.7,120,33.7,34.8,33.7,116,34.8,123,44.5,46.2,33.7 / 116,34.8 / 123
4233,TX,Green,M,72,65.8,86.7,113,32.6,33.2,32.6,111,33.2,114,42.9,43.8,32.6 / 111,33.2 / 114
4233,TX,Red,M,72,64.9,85.5,111,32.0,32.9,32.0,109,32.9,113,42.1,43.4,32.0 / 109,32.9 / 113
4233,TX,Black,F,72,80.2,113.1,140,39.1,41.1,39.1,140,41.1,139,55.6,57.5,39.1 / 140,41.1 / 139
4233,TX,Blue,F,72,77.5,109.0,134,38.0,39.5,38.0,135,39.5,132,53.9,55.1,38.0 / 135,39.5 / 132
4233,TX,White,F,72,74.5,104.4,127,36.4,38.1,36.4,127,38.1,126,51.4,53.0,36.4 / 127,38.1 / 126
4233,TX,Green,F,72,71.9,99.4,117,35.6,36.3,35.6,115,36.3,118,49.2,50.2,35.6 / 115,36.3 / 118
4233,TX,Red,F,72,71.0,97.8,114,35.0,36.0,35.0,112,36.0,115,48.2,49.6,35.0 / 112,36.0 / 115
4232,TX,Black,M,71,72.4,95.3,124,36.1,36.3,36.1,123,36.3,124,47.5,47.8,36.1 / 123,36.3 / 124
4232,TX,Blue,M,71,70.5,92.7,119,35.2,35.3,35.2,119,35.3,119,46.3,46.4,35.2 / 119,35.3 / 119
4232,TX,White,M,71,69.1,90.6,116,34.4,34.7,34.4,116,34.7,115,45.2,45.4,34.4 / 116,34.7 / 115
4232,TX,Green,M,71,67.9,88.2,109,33.6,34.3,33.6,113,34.3,105,44.1,44.1,33.6 / 113,34.3 / 105
4232,TX,White,F,71,73.5,102.4,123,36.7,36.8,36.7,120,36.8,125,50.9,51.5,36.7 / 120,36.8 / 125
4232,TX,Green,F,71,72.4,100.3,118,36.2,36.2,36.2,116,36.2,120,49.9,50.4,36.2 / 116,36.2 / 120
4232,TX,Red,F,71,68.3,93.6,107,34.0,34.3,34.0,105,34.3,109,46.4,47.2,34.0 / 105,34.3 / 109
3982,TX,Blue,M,72,72.8,96.3,127,36.2,36.6,36.2,125,36.6,128,47.8,48.5,36.2 / 125,36.6 / 128
3982,TX,White,M,72,70.3,93.1,123,35.0,35.3,35.0,121,35.3,125,46.2,46.9,35.0 / 121,35.3 / 125
3982,TX,Gold,M,72,67.2,89.0,117,33.5,33.7,33.5,115,33.7,119,44.2,44.8,33.5 / 115,33.7 / 119
3982,TX,Red,M,72,65.8,85.6,107,32.8,33.0,32.8,105,33.0,108,42.6,43.0,32.8 / 105,33.0 / 108
3982,TX,Blue,F,76,77.3,111.1,144,38.1,39.2,38.1,142,39.2,145,54.8,56.3,38.1 / 142,39.2 / 145
3982,TX,White,F,74,75.0,106.5,134,37.1,37.9,37.1,132,37.9,135,52.7,53.8,37.1 / 132,37.9 / 135
3982,TX,Gold,F,72,72.6,102.6,127,35.9,36.7,35.9,126,36.7,128,50.8,51.8,35.9 / 126,36.7 / 128
3982,TX,Red,F,72,71.5,100.2,122,35.6,35.9,35.6,121,35.9,122,49.9,50.3,35.6 / 121,35.9 / 122
4021,TX,Black,M,72,73.7,97.4,128,37.0,36.7,37.0,127,36.7,128,48.8,48.6,37.0 / 127,36.7 / 128
4021,TX,Blue,M,72,71.8,94.8,124,36.0,35.8,36.0,124,35.8,124,47.5,47.3,36.0 / 124,35.8 / 124
4021,TX,White,M,72,69.5,91.3,117,34.7,34.8,34.7,118,34.8,116,45.7,45.6,34.7 / 118,34.8 / 116
4021,TX,Seniors,M,72,66.3,86.6,110,33.3,33.0,33.3,110,33.0,109,43.5,43.1,33.3 / 110,33.0 / 109
4021,TX,Red,M,72,65.8,85.8,108,33.0,32.8,33.0,108,32.8,108,43.0,42.8,33.0 / 108,32.8 / 108
4021,TX,Silver,M,54,54.9,69.7,80,27.8,27.1,27.8,81,27.1,79,35.3,34.4,27.8 / 81,27.1 / 79
4021,TX,White,F,72,75.3,105.3,128,37.6,37.7,37.6,130,37.7,125,52.9,52.4,37.6 / 130,37.7 / 125
4021,TX,Seniors,F,72,71.8,99.9,119,36.1,35.7,36.1,122,35.7,116,50.5,49.4,36.1 / 122,35.7 / 116
4021,TX,Red,F,72,71.3,99.1,118,35.8,35.5,35.8,121,35.5,114,50.1,49.0,35.8 / 121,35.5 / 114
4021,TX,Silver,F,54,57.3,76.5,82,28.9,28.4,28.9,84,28.4,79,38.8,37.7,28.9 / 84,28.4 / 79
4085,TX,Black,M,72,74.1,100.2,141,36.9,37.2,36.9,141,37.2,140,50.0,50.2,36.9 / 141,37.2 / 140
4085,TX,Black/Gold Combo,M,72,73.3,99.1,140,36.5,36.8,36.5,141,36.8,138,49.5,49.6,36.5 / 141,36.8 / 138
4085,TX,Gold,M,72,72.4,98.2,139,35.9,36.5,35.9,140,36.5,138,48.9,49.3,35.9 / 140,36.5 / 138
4085,TX,Gold/Blue Combo,M,72,71.6,96.8,136,35.5,36.1,35.5,139,36.1,132,48.4,48.4,35.5 / 139,36.1 / 132
4085,TX,Blue,M,72,70.6,94.6,129,34.9,35.7,34.9,129,35.7,129,46.9,47.7,34.9 / 129,35.7 / 129
4085,TX,Blue/White Combo,M,72,69.4,93.2,128,34.4,35.0,34.4,128,35.0,128,46.3,46.9,34.4 / 128,35.0 / 128
4085,TX,White,M,72,68.3,91.2,123,33.6,34.7,33.6,116,34.7,130,44.4,46.8,33.6 / 116,34.7 / 130
4085,TX,Red,M,72,64.9,85.7,112,32.1,32.8,32.1,108,32.8,116,42.1,43.6,32.1 / 108,32.8 / 116
4085,TX,Red/Orange Combo,M,72,62.1,81.4,104,31.0,31.1,31.0,98,31.1,110,40.1,41.3,31.0 / 98,31.1 / 110
4085,TX,Orange,M,72,58.8,76.9,98,29.2,29.6,29.2,96,29.6,99,38.1,38.8,29.2 / 96,29.6 / 99
4085,TX,Black,F,72,80.6,116.2,151,40.3,40.3,40.3,147,40.3,155,57.6,58.6,40.3 / 147,40.3 / 155
4085,TX,Black/Gold Combo,F,72,79.9,115.4,150,39.9,40.0,39.9,144,40.0,155,56.9,58.5,39.9 / 144,40.0 / 155
4085,TX,Gold,F,72,78.8,114.2,150,39.2,39.6,39.2,145,39.6,155,56.3,57.9,39.2 / 145,39.6 / 155
4085,TX,Gold/Blue Combo,F,72,78.2,112.2,144,38.9,39.3,38.9,145,39.3,143,56.0,56.2,38.9 / 145,39.3 / 143
4085,TX,Blue,F,72,77.0,110.1,140,38.1,38.9,38.1,142,38.9,138,54.9,55.2,38.1 / 142,38.9 / 138
4085,TX,Blue/White Combo,F,72,75.5,108.2,139,37.6,37.9,37.6,139,37.9,138,54.0,54.2,37.6 / 139,37.9 / 138
4085,TX,White,F,72,74.0,105.6,134,36.5,37.5,36.5,130,37.5,138,51.8,53.8,36.5 / 130,37.5 / 138
4085,TX,Red,F,72,70.1,99.7,126,34.6,35.5,34.6,121,35.5,130,48.9,50.8,34.6 / 121,35.5 / 130
4085,TX,Red/Orange Combo,F,72,65.7,92.0,112,32.6,33.1,32.6,109,33.1,114,45.4,46.6,32.6 / 109,33.1 / 114
4085,TX,Orange,F,72,61.2,84.5,99,30.5,30.7,30.5,97,30.7,101,41.9,42.6,30.5 / 97,30.7 / 101
4063,TX,V,M,70,76.5,101.7,137,38.1,38.4,38.1,135,38.4,137,50.6,51.1,38.1 / 135,38.4 / 137
4063,TX,IV,M,70,74.8,99.5,133,37.2,37.6,37.2,132,37.6,133,49.5,50.0,37.2 / 132,37.6 / 133
4063,TX,III/IV Combo,M,70,73.3,97.5,131,36.5,36.8,36.5,130,36.8,132,48.5,49.0,36.5 / 130,36.8 / 132
4063,TX,III,M,70,72.0,96.2,130,36.1,35.9,36.1,132,35.9,128,48.4,47.8,36.1 / 132,35.9 / 128
4063,TX,II/III /Combo,M,70,70.8,94.9,130,35.4,35.4,35.4,126,35.4,133,47.1,47.8,35.4 / 126,35.4 / 133
4063,TX,II,M,70,69.7,93.8,131,35.1,34.6,35.1,126,34.6,133,46.8,47.0,35.1 / 126,34.6 / 133
4063,TX,I,M,70,66.7,88.8,120,33.6,33.1,33.6,116,33.1,123,44.4,44.4,33.6 / 116,33.1 / 123
4063,TX,IV,F,70,81.5,117.9,153,40.6,40.9,40.6,150,40.9,155,58.3,59.6,40.6 / 150,40.9 / 155
4063,TX,III/IV Combo,F,70,80.2,115.9,150,40.0,40.2,40.0,145,40.2,155,57.1,58.8,40.0 / 145,40.2 / 155
4063,TX,III,F,70,79.6,114.5,147,39.8,39.8,39.8,138,39.8,155,56.1,58.4,39.8 / 138,39.8 / 155
4063,TX,II/III Combo,F,70,77.8,112.0,145,38.7,39.1,38.7,137,39.1,153,54.9,57.1,38.7 / 137,39.1 / 153
4063,TX,II,F,70,76.0,109.1,141,38.2,37.8,38.2,137,37.8,143,54.4,54.7,38.2 / 137,37.8 / 143
4063,TX,I,F,70,72.8,102.9,128,36.6,36.2,36.6,127,36.2,128,51.6,51.3,36.6 / 127,36.2 / 128
14482,TX,Gold,M,71,73.3,96.9,127,36.8,36.5,36.8,124,36.5,130,48.3,48.6,36.8 / 124,36.5 / 130
14482,TX,Blue,M,71,71.6,94.4,123,35.7,35.9,35.7,118,35.9,127,46.7,47.7,35.7 / 118,35.9 / 127
14482,TX,White,M,71,69.4,91.6,120,34.2,35.2,34.2,115,35.2,124,44.9,46.7,34.2 / 115,35.2 / 124
14482,TX,Green,M,71,66.4,87.3,113,32.9,33.5,32.9,111,33.5,114,43.2,44.1,32.9 / 111,33.5 / 114
14482,TX,Red,M,72,63.7,83.9,109,32.6,31.1,32.6,109,31.1,109,42.7,41.2,32.6 / 109,31.1 / 109
14482,TX,White,F,71,75.4,104.3,123,37.2,38.2,37.2,123,38.2,122,51.7,52.6,37.2 / 123,38.2 / 122
14482,TX,Green,F,71,71.6,98.6,115,35.5,36.1,35.5,115,36.1,114,49.1,49.5,35.5 / 115,36.1 / 114
14482,TX,Red,F,71,68.2,93.6,108,34.7,33.5,34.7,113,33.5,103,48.0,45.6,34.7 / 113,33.5 / 103
33467,TX,Blue / Red,M,71,67.4,91.1,128,35.0,32.4,35.0,131,32.4,124,47.2,43.9,35.0 / 131,32.4 / 124
33467,TX,Red / Gold,M,71,64.8,87.6,123,32.4,32.4,32.4,124,32.4,122,43.9,43.7,32.4 / 124,32.4 / 122
33467,TX,Gold / White,M,70,63.3,83.8,111,32.4,30.9,32.4,122,30.9,99,43.7,40.1,32.4 / 122,30.9 / 99
33467,TX,White/White,M,70,61.6,79.8,98,30.8,30.8,30.8,98,30.8,98,39.9,39.9,30.8 / 98,30.8 / 98
33467,TX,Blue / Red,F,71,73.6,106.0,138,36.9,36.7,36.9,129,36.7,146,52.1,53.9,36.9 / 129,36.7 / 146
33467,TX,Red / Gold,F,71,73.0,103.2,128,36.7,36.3,36.7,125,36.3,131,51.4,51.8,36.7 / 125,36.3 / 131
33467,TX,Gold / White,F,71,68.7,96.9,120,36.2,32.5,36.2,128,32.5,111,51.3,45.6,36.2 / 128,32.5 / 111
33467,TX,White/White,F,70,65.0,91.2,111,32.5,32.5,32.5,111,32.5,111,45.6,45.6,32.5 / 111,32.5 / 111
9359,TX,Black,M,72,72.5,96.9,132,36.1,36.4,36.1,124,36.4,139,47.6,49.3,36.1 / 124,36.4 / 139
9359,TX,Blue,M,72,70.2,94.0,129,34.9,35.3,34.9,121,35.3,136,46.1,47.9,34.9 / 121,35.3 / 136
9359,TX,Red,M,72,68.4,91.1,122,34.0,34.4,34.0,116,34.4,128,44.8,46.3,34.0 / 116,34.4 / 128
9359,TX,White,M,72,64.8,85.4,111,32.2,32.6,32.2,111,32.6,111,42.5,42.9,32.2 / 111,32.6 / 111
9359,TX,Black,F,72,79.2,113.6,146,39.5,39.7,39.5,143,39.7,148,56.4,57.2,39.5 / 143,39.7 / 148
9359,TX,Blue,F,72,76.3,109.5,141,38.0,38.3,38.0,138,38.3,143,54.3,55.2,38.0 / 138,38.3 / 143
9359,TX,Red,F,72,74.0,106.0,136,36.9,37.1,36.9,132,37.1,139,52.5,53.5,36.9 / 132,37.1 / 139
9359,TX,White,F,72,69.9,99.8,127,34.9,35.0,34.9,124,35.0,130,49.5,50.3,34.9 / 124,35.0 / 130
9360,TX,Black,M,72,74.1,98.3,130,36.6,37.5,36.6,131,37.5,129,48.8,49.5,36.6 / 131,37.5 / 129
9360,TX,Blue,M,72,72.2,95.3,125,35.7,36.5,35.7,126,36.5,123,47.4,47.9,35.7 / 126,36.5 / 123
9360,TX,Red,M,72,69.6,91.9,120,34.5,35.1,34.5,121,35.1,119,45.7,46.2,34.5 / 121,35.1 / 119
9360,TX,White,M,72,66.8,86.4,106,33.4,33.4,33.4,103,33.4,108,43.0,43.4,33.4 / 103,33.4 / 108
9360,TX,Black,F,72,81.1,115.5,146,40.1,41.0,40.1,144,41.0,148,57.1,58.4,40.1 / 144,41.0 / 148
9360,TX,Blue,F,72,78.6,111.9,141,38.9,39.7,38.9,140,39.7,142,55.4,56.5,38.9 / 140,39.7 / 142
9360,TX,Red,F,72,75.9,107.8,136,37.6,38.3,37.6,134,38.3,137,53.4,54.4,37.6 / 134,38.3 / 137
9360,TX,White,F,72,71.9,101.7,127,35.6,36.3,35.6,126,36.3,127,50.4,51.3,35.6 / 126,36.3 / 127
4084,TX,Blue,M,72,71.6,94.6,124,35.6,36.0,35.6,127,36.0,121,47.4,47.2,35.6 / 127,36.0 / 121
4084,TX,White,M,72,69.4,91.3,118,34.8,34.6,34.8,119,34.6,116,45.9,45.4,34.8 / 119,34.6 / 116
4084,TX,Senior,M,72,66.3,87.0,112,33.6,32.7,33.6,115,32.7,108,44.3,42.7,33.6 / 115,32.7 / 108
4084,TX,Senior,F,72,71.7,98.7,115,36.4,35.3,36.4,116,35.3,113,50.1,48.6,36.4 / 116,35.3 / 113
4084,TX,Lady,F,72,68.0,93.6,109,34.0,34.0,34.0,108,34.0,109,46.7,46.9,34.0 / 108,34.0 / 109
4366,TX,Black,M,72,73.4,98.8,137,36.7,36.7,36.7,137,36.7,137,49.4,49.4,36.7 / 137,36.7 / 137
4366,TX,Black/Blue Combo,M,72,72.8,99.2,136,36.4,36.4,36.4,136,36.4,137,49.1,49.2,36.4 / 136,36.4 / 137
4366,TX,Blue,M,72,72.2,97.2,135,36.1,36.1,36.1,135,36.1,135,48.6,48.6,36.1 / 135,36.1 / 135
4366,TX,Blue/White Combo,M,72,71.3,97.0,134,35.6,35.7,35.6,135,35.7,136,48.2,48.4,35.6 / 135,35.7 / 136
4366,TX,White,M,72,70.4,94.4,129,35.2,35.2,35.2,129,35.2,129,47.2,47.2,35.2 / 129,35.2 / 129
4366,TX,Oilies,M,72,68.8,92.0,125,34.4,34.4,34.4,125,34.4,125,46.0,46.0,34.4 / 125,34.4 / 125
4366,TX,Red,M,72,66.6,89.2,122,33.3,33.3,33.3,122,33.3,122,44.6,44.6,33.3 / 122,33.3 / 122
4366,TX,Black,F,72,78.8,113.2,146,39.4,39.4,39.4,146,39.4,146,56.6,56.6,39.4 / 146,39.4 / 146
4366,TX,Black/Blue Combo,F,72,78.0,112.4,145,39.0,39.0,39.0,146,39.0,145,56.2,56.2,39.0 / 146,39.0 / 145
4366,TX,Blue,F,72,77.2,110.8,142,38.6,38.6,38.6,142,38.6,142,55.4,55.4,38.6 / 142,38.6 / 142
4366,TX,Blue/White Combo,F,72,76.2,109.7,141,38.1,38.1,38.1,142,38.1,141,54.8,54.9,38.1 / 142,38.1 / 141
4366,TX,White,F,72,75.2,107.8,138,37.6,37.6,37.6,138,37.6,138,53.9,53.9,37.6 / 138,37.6 / 138
4366,TX,Oilies,F,72,73.2,104.8,134,36.6,36.6,36.6,134,36.6,134,52.4,52.4,36.6 / 134,36.6 / 134
4366,TX,Red,F,72,70.8,101.0,128,35.4,35.4,35.4,128,35.4,128,50.5,50.5,35.4 / 128,35.4 / 128
4773,TX,Blue (Men's),M,70,70.9,93.9,124,35.3,35.6,35.3,122,35.6,126,46.6,47.3,35.3 / 122,35.6 / 126
4773,TX,White (Men's),M,70,67.5,89.4,118,33.6,33.9,33.6,115,33.9,121,44.3,45.1,33.6 / 115,33.9 / 121
4773,TX,White/Gold Men,M,70,65.8,86.7,113,32.9,32.9,32.9,112,32.9,113,43.3,43.4,32.9 / 112,32.9 / 113
4773,TX,Red - Male,M,70,63.5,83.3,107,31.6,31.9,31.6,104,31.9,109,41.3,42.0,31.6 / 104,31.9 / 109
4773,TX,Blue - Female,F,73,78.0,111.2,141,38.8,39.2,38.8,141,39.2,141,55.4,55.8,38.8 / 141,39.2 / 141
4773,TX,White - Female,F,73,73.3,103.1,126,36.4,36.9,36.4,126,36.9,126,51.3,51.8,36.4 / 126,36.9 / 126
4773,TX,White (Female),F,73,73.3,103.1,126,36.4,36.9,36.4,126,36.9,126,51.3,51.8,36.4 / 126,36.9 / 126
4773,TX,White/Gold - Female,F,73,71.4,100.5,124,35.7,35.7,35.7,122,35.7,125,50.1,50.4,35.7 / 122,35.7 / 125
4773,TX,Red - Female,F,73,68.8,96.8,119,34.2,34.6,34.2,117,34.6,120,48.0,48.8,34.2 / 117,34.6 / 120
4237,TX,Gold,M,72,72.6,97.1,132,36.2,36.4,36.2,131,36.4,132,48.4,48.7,36.2 / 131,36.4 / 132
4237,TX,Gold / Blue,M,72,71.3,95.7,132,35.6,35.7,35.6,128,35.7,135,47.5,48.2,35.6 / 128,35.7 / 135
4237,TX,Blue,M,72,70.6,94.3,128,35.2,35.4,35.2,124,35.4,131,46.7,47.6,35.2 / 124,35.4 / 131
4237,TX,Blue / White,M,72,69.0,92.2,125,34.4,34.6,34.4,121,34.6,129,45.6,46.6,34.4 / 121,34.6 / 129
4237,TX,White,M,72,68.1,90.8,122,33.9,34.2,33.9,115,34.2,129,44.6,46.2,33.9 / 115,34.2 / 129
4237,TX,White / Red,M,72,66.2,88.0,118,33.2,33.0,33.2,113,33.0,122,43.7,44.3,33.2 / 113,33.0 / 122
4237,TX,Red,M,72,65.7,87.1,116,33.0,32.7,33.0,110,32.7,121,43.2,43.9,33.0 / 110,32.7 / 121
4237,TX,Red / Family,M,72,64.5,85.4,113,32.2,32.3,32.2,107,32.3,118,42.1,43.3,32.2 / 107,32.3 / 118
4237,TX,Family,M,72,62.4,82.7,109,31.1,31.3,31.1,103,31.3,115,40.7,42.0,31.1 / 103,31.3 / 115
4237,TX,Gold,F,72,79.3,113.7,146,39.1,40.2,39.1,143,40.2,148,56.0,57.7,39.1 / 143,40.2 / 148
4237,TX,Gold / Blue,F,72,78.1,111.9,144,38.7,39.4,38.7,142,39.4,145,55.4,56.5,38.7 / 142,39.4 / 145
4237,TX,Blue,F,72,76.9,110.0,140,38.0,38.9,38.0,137,38.9,143,54.2,55.8,38.0 / 137,38.9 / 143
4237,TX,Blue / White,F,72,75.1,106.8,135,37.3,37.8,37.3,135,37.8,134,53.2,53.6,37.3 / 135,37.8 / 134
4237,TX,White,F,72,74.1,104.3,128,36.7,37.4,36.7,129,37.4,127,51.9,52.4,36.7 / 129,37.4 / 127
4237,TX,White / Red,F,72,71.8,100.1,120,35.9,35.9,35.9,121,35.9,119,50.2,49.9,35.9 / 121,35.9 / 119
4237,TX,Red,F,72,71.0,99.7,122,35.6,35.4,35.6,119,35.4,125,49.6,50.1,35.6 / 119,35.4 / 125
4237,TX,Red / Family,F,72,69.1,96.8,118,34.3,34.8,34.3,114,34.8,121,47.7,49.1,34.3 / 114,34.8 / 121
4237,TX,Family,F,72,66.8,93.4,113,33.0,33.8,33.0,108,33.8,118,45.7,47.7,33.0 / 108,33.8 / 118
4333,TX,Blue,M,71,72.8,98.1,136,35.7,37.1,35.7,133,37.1,139,48.1,50.0,35.7 / 133,37.1 / 139
4333,TX,White,M,71,71.1,96.2,135,34.9,36.2,34.9,131,36.2,139,47.1,49.1,34.9 / 131,36.2 / 139
4333,TX,Gold,M,71,68.4,92.1,128,33.3,35.1,33.3,124,35.1,131,44.8,47.3,33.3 / 124,35.1 / 131
4333,TX,Green,M,71,66.0,88.8,123,32.4,33.6,32.4,122,33.6,124,43.7,45.1,32.4 / 122,33.6 / 124
4333,TX,Blue,F,71,79.5,115.0,151,38.7,40.8,38.7,149,40.8,152,56.3,58.7,38.7 / 149,40.8 / 152
4333,TX,White,F,71,77.6,111.3,143,37.7,39.9,37.7,137,39.9,148,53.9,57.4,37.7 / 137,39.9 / 148
4333,TX,Gold,F,71,74.1,105.9,135,35.7,38.4,35.7,131,38.4,139,51.1,54.8,35.7 / 131,38.4 / 139
4333,TX,Green,F,71,71.7,102.1,129,35.2,36.5,35.2,128,36.5,130,50.3,51.8,35.2 / 128,36.5 / 130
4183,TX,Gold,M,72,74.1,99.2,135,36.8,37.3,36.8,137,37.3,133,49.5,49.7,36.8 / 137,37.3 / 133
4183,TX,Blue,M,72,72.5,96.9,131,35.9,36.6,35.9,133,36.6,129,48.3,48.6,35.9 / 133,36.6 / 129
4183,TX,White,M,72,71.0,94.9,129,35.3,35.7,35.3,130,35.7,127,47.4,47.5,35.3 / 130,35.7 / 127
4183,TX,Black,M,72,69.2,92.4,125,34.4,34.8,34.4,127,34.8,123,46.2,46.2,34.4 / 127,34.8 / 123
4183,TX,Red,M,72,67.7,90.5,123,33.7,34.0,33.7,125,34.0,121,45.3,45.2,33.7 / 125,34.0 / 121
4183,TX,Green,M,72,63.6,84.8,114,31.7,31.9,31.7,116,31.9,112,42.5,42.3,31.7 / 116,31.9 / 112
4183,TX,Gold,F,72,81.4,115.1,143,40.4,41.0,40.4,142,41.0,144,57.1,58.0,40.4 / 142,41.0 / 144
4183,TX,Blue,F,72,79.4,112.2,139,39.3,40.1,39.3,138,40.1,140,55.6,56.6,39.3 / 138,40.1 / 140
4183,TX,White,F,72,77.5,109.5,136,38.5,39.0,38.5,135,39.0,137,54.4,55.1,38.5 / 135,39.0 / 137
4183,TX,Black,F,72,75.1,105.8,131,37.3,37.8,37.3,130,37.8,131,52.6,53.2,37.3 / 130,37.8 / 131
4183,TX,Red,F,72,73.4,103.6,128,36.5,36.9,36.5,128,36.9,128,51.6,52.0,36.5 / 128,36.9 / 128
4183,TX,Green,F,72,68.4,96.4,119,34.0,34.4,34.0,119,34.4,119,48.0,48.4,34.0 / 119,34.4 / 119
4666,TX,Black,M,73,73.8,99.3,138,36.2,37.6,36.2,135,37.6,140,48.7,50.6,36.2 / 135,37.6 / 140
4666,TX,White,M,72,69.6,93.2,127,34.3,35.3,34.3,125,35.3,129,45.9,47.3,34.3 / 125,35.3 / 129
4666,TX,Blue,M,69,65.5,87.2,117,31.5,34.0,31.5,117,34.0,116,42.4,44.8,31.5 / 117,34.0 / 116
4666,TX,Red,M,68,61.9,82.1,109,30.5,31.4,30.5,113,31.4,104,41.0,41.1,30.5 / 113,31.4 / 104
4666,TX,Blue,F,70,69.1,97.3,120,32.9,36.2,32.9,117,36.2,122,46.7,50.6,32.9 / 117,36.2 / 122
4666,TX,Red,F,71,64.5,91.4,114,31.8,32.7,31.8,112,32.7,116,45.0,46.4,31.8 / 112,32.7 / 116
34325,TX,Blue,M,54,54.4,70.1,85,27.1,27.3,27.1,84,27.3,85,34.9,35.2,27.1 / 84,27.3 / 85
34325,TX,Tournament,M,54,53.9,69.5,84,26.7,27.2,26.7,82,27.2,86,34.3,35.2,26.7 / 82,27.2 / 86
34325,TX,White,M,54,53.4,68.6,82,26.7,26.7,26.7,82,26.7,82,34.3,34.3,26.7 / 82,26.7 / 82
34325,TX,Red,M,54,52.6,67.2,79,26.3,26.3,26.3,79,26.3,79,33.6,33.6,26.3 / 79,26.3 / 79
34325,TX,Blue,F,54,57.0,78.5,91,28.6,28.4,28.6,93,28.4,89,39.6,38.9,28.6 / 93,28.4 / 89
34325,TX,Tournament,F,54,56.6,78.1,89,28.0,28.6,28.0,88,28.6,94,38.4,39.7,28.0 / 88,28.6 / 94
34325,TX,White,F,54,56.0,76.7,88,28.0,28.0,28.0,88,28.0,87,38.4,38.3,28.0 / 88,28.0 / 87
34325,TX,Red,F,54,55.1,75.3,86,27.5,27.6,27.5,86,27.6,86,37.6,37.7,27.5 / 86,27.6 / 86
28329,TX,Black,M,70,70.5,93.8,126,35.4,35.1,35.4,125,35.1,126,47.0,46.8,35.4 / 125,35.1 / 126
28329,TX,Blue,M,70,69.2,91.8,122,34.7,34.5,34.7,123,34.5,121,46.1,45.7,34.7 / 123,34.5 / 121
28329,TX,White,M,70,67.4,87.9,111,33.8,33.6,33.8,111,33.6,110,44.1,43.8,33.8 / 111,33.6 / 110
28329,TX,Gold,M,70,65.6,85.3,106,33.2,32.4,33.2,107,32.4,105,43.1,42.2,33.2 / 107,32.4 / 105
28329,TX,White,F,70,69.7,98.3,122,34.8,34.9,34.8,123,34.9,120,49.3,49.0,34.8 / 123,34.9 / 120
28329,TX,Gold,F,70,68.1,95.9,118,34.0,34.1,34.0,118,34.1,118,47.9,48.0,34.0 / 118,34.1 / 118
28329,TX,Red,F,70,67.7,95.0,116,33.8,33.9,33.8,116,33.9,115,47.5,47.5,33.8 / 116,33.9 / 115
4092,TX,I,M,72,74.8,102.1,147,37.5,37.3,37.5,146,37.3,147,51.1,51.0,37.5 / 146,37.3 / 147
4092,TX,II,M,72,72.4,97.6,136,36.1,36.3,36.1,137,36.3,135,48.8,48.8,36.1 / 137,36.3 / 135
4092,TX,III,M,72,70.5,94.8,131,35.1,35.4,35.1,131,35.4,130,47.3,47.5,35.1 / 131,35.4 / 130
4092,TX,IV,M,72,63.8,85.1,115,32.1,31.7,32.1,111,31.7,118,42.4,42.7,32.1 / 111,31.7 / 118
4092,TX,I,F,72,81.4,118.3,155,40.7,40.7,40.7,155,40.7,154,59.4,58.9,40.7 / 155,40.7 / 154
4092,TX,II,F,72,78.7,113.4,147,39.3,39.4,39.3,146,39.4,148,56.5,56.9,39.3 / 146,39.4 / 148
4092,TX,III,F,72,76.5,109.9,142,38.4,38.1,38.4,142,38.1,142,55.1,54.8,38.4 / 142,38.1 / 142
4092,TX,IV,F,72,68.6,97.0,121,34.4,34.2,34.4,122,34.2,119,48.8,48.2,34.4 / 122,34.2 / 119
4222,TX,Black,M,72,74.5,101.0,143,37.3,37.2,37.3,138,37.2,147,50.1,50.9,37.3 / 138,37.2 / 147
4222,TX,Blue,M,72,71.6,96.9,136,36.0,35.6,36.0,132,35.6,140,48.3,48.6,36.0 / 132,35.6 / 140
4222,TX,White,M,72,70.1,94.5,131,35.2,34.9,35.2,129,34.9,133,47.2,47.3,35.2 / 129,34.9 / 133
4222,TX,Red,M,69,65.8,89.1,126,33.2,32.6,33.2,123,32.6,128,44.6,44.5,33.2 / 123,32.6 / 128
4222,TX,White,F,72,76.2,108.8,139,38.2,38.0,38.2,136,38.0,141,54.2,54.6,38.2 / 136,38.0 / 141
4222,TX,Red,F,72,70.7,101.3,130,35.7,35.0,35.7,128,35.0,131,50.8,50.5,35.7 / 128,35.0 / 131
4631,TX,White/Blue,M,72,68.1,88.2,108,34.3,33.8,34.3,112,33.8,104,44.7,43.5,34.3 / 112,33.8 / 104
4631,TX,Forward,M,72,62.6,80.1,95,31.6,31.0,31.6,94,31.0,95,40.3,39.8,31.6 / 94,31.0 / 95
4631,TX,White/Blue,F,72,73.9,101.7,118,37.4,36.5,37.4,121,36.5,114,51.7,50.0,37.4 / 121,36.5 / 114
4631,TX,Forward,F,72,67.2,90.8,100,34.2,33.0,34.2,104,33.0,96,46.5,44.3,34.2 / 104,33.0 / 96
4191,TX,Gold,M,72,73.6,97.2,127,37.2,36.4,37.2,126,36.4,128,48.9,48.3,37.2 / 126,36.4 / 128
4191,TX,Blue,M,72,72.1,95.1,124,36.3,35.8,36.3,124,35.8,124,47.8,47.3,36.3 / 124,35.8 / 124
4191,TX,White,M,72,70.1,92.4,120,35.2,34.9,35.2,118,34.9,122,46.2,46.2,35.2 / 118,34.9 / 122
4191,TX,Red,M,73,65.3,86.5,114,33.1,32.2,33.1,113,32.2,115,43.6,42.9,33.1 / 113,32.2 / 115
4191,TX,Gold,F,72,79.7,111.7,136,40.2,39.5,40.2,137,39.5,134,56.4,55.3,40.2 / 137,39.5 / 134
4191,TX,Blue,F,72,78.0,109.0,132,39.3,38.7,39.3,133,38.7,130,55.0,54.0,39.3 / 133,38.7 / 130
4191,TX,White,F,72,75.6,105.5,127,38.0,37.6,38.0,127,37.6,126,53.0,52.5,38.0 / 127,37.6 / 126
4191,TX,Red,F,73,70.4,98.0,117,35.5,34.9,35.5,117,34.9,117,49.3,48.7,35.5 / 117,34.9 / 117
4267,TX,Gold,M,72,72.9,97.5,133,36.6,36.3,36.6,135,36.3,130,49.1,48.4,36.6 / 135,36.3 / 130
4267,TX,Blue,M,72,71.1,94.4,126,35.7,35.4,35.7,129,35.4,122,47.7,46.7,35.7 / 129,35.4 / 122
4267,TX,White,M,72,69.8,92.6,123,34.9,34.9,34.9,126,34.9,119,46.6,46.0,34.9 / 126,34.9 / 119
4267,TX,Black,M,72,65.5,86.5,113,33.3,32.2,33.3,116,32.2,110,44.1,42.4,33.3 / 116,32.2 / 110
4267,TX,Gold,F,72,79.2,112.9,143,39.9,39.3,39.9,145,39.3,141,57.0,55.9,39.9 / 145,39.3 / 141
4267,TX,Blue,F,72,76.9,109.6,139,38.8,38.1,38.8,141,38.1,137,55.4,54.2,38.8 / 141,38.1 / 137
4267,TX,White,F,72,75.1,106.6,134,37.6,37.5,37.6,135,37.5,132,53.5,53.1,37.6 / 135,37.5 / 132
4267,TX,Red,F,72,69.7,99.3,126,35.5,34.2,35.5,128,34.2,123,50.6,48.7,35.5 / 128,34.2 / 123
4190,TX,Pine,M,72,74.4,102.2,150,37.1,37.3,37.1,145,37.3,154,50.6,51.6,37.1 / 145,37.3 / 154
4190,TX,Red Oak +,M,72,72.8,99.9,146,36.7,36.1,36.7,141,36.1,151,49.8,50.1,36.7 / 141,36.1 / 151
4190,TX,Red Oak,M,72,70.9,97.7,145,35.7,35.2,35.7,140,35.2,149,48.7,49.0,35.7 / 140,35.2 / 149
4190,TX,Walnut +,M,72,68.9,95.3,142,34.7,34.2,34.7,143,34.2,141,48.0,47.3,34.7 / 143,34.2 / 141
4190,TX,Walnut,M,72,67.6,92.5,134,34.0,33.6,34.0,138,33.6,130,46.8,45.7,34.0 / 138,33.6 / 130
4190,TX,Dogwood +,M,72,66.0,90.0,129,33.0,33.0,33.0,130,33.0,128,45.1,44.9,33.0 / 130,33.0 / 128
4190,TX,Dogwood,M,72,64.8,87.4,122,32.1,32.7,32.1,118,32.7,125,43.1,44.3,32.1 / 118,32.7 / 125
4190,TX,Junior Level 2 +,M,72,63.5,84.6,114,31.7,31.8,31.7,112,31.8,115,42.1,42.5,31.7 / 112,31.8 / 115
4190,TX,Junior Level 2,M,72,62.4,83.0,111,31.5,30.9,31.5,109,30.9,113,41.6,41.4,31.5 / 109,30.9 / 113
4190,TX,Junior Level 1 +,M,72,60.8,80.1,104,30.5,30.3,30.5,100,30.3,108,39.8,40.3,30.5 / 100,30.3 / 108
4190,TX,Junior Level 1,M,72,59.7,78.7,102,30.0,29.7,30.0,101,29.7,103,39.4,39.3,30.0 / 101,29.7 / 103
4190,TX,Par 3 Tees,M,54,52.2,69.1,91,25.9,26.3,25.9,86,26.3,96,33.9,35.2,25.9 / 86,26.3 / 96
4190,TX,Pine,F,72,81.6,120.5,155,41.0,40.6,41.0,155,40.6,155,60.1,60.4,41.0 / 155,40.6 / 155
4190,TX,Red Oak +,F,72,80.1,117.9,155,40.5,39.6,40.5,155,39.6,155,59.3,58.6,40.5 / 155,39.6 / 155
4190,TX,Red Oak,F,72,77.8,114.5,155,39.1,38.7,39.1,154,38.7,155,57.3,57.2,39.1 / 154,38.7 / 155
4190,TX,Walnut +,F,72,75.1,110.0,148,38.0,37.1,38.0,148,37.1,148,55.5,54.5,38.0 / 148,37.1 / 148
4190,TX,Walnut,F,72,73.1,106.5,142,36.9,36.2,36.9,140,36.2,143,53.4,53.1,36.9 / 140,36.2 / 143
4190,TX,Dogwood +,F,72,71.2,103.2,136,35.6,35.6,35.6,134,35.6,137,51.4,51.8,35.6 / 134,35.6 / 137
4190,TX,Dogwood,F,72,69.5,100.5,132,34.5,35.0,34.5,130,35.0,133,49.8,50.7,34.5 / 130,35.0 / 133
4190,TX,Junior Level 2 +,F,72,66.1,95.5,125,32.8,33.3,32.8,123,33.3,126,47.3,48.2,32.8 / 123,33.3 / 126
4190,TX,Junior Level 2,F,72,64.4,91.6,116,32.3,32.1,32.3,120,32.1,111,46.4,45.2,32.3 / 120,32.1 / 111
4190,TX,Junior Level 1 +,F,72,62.3,88.5,111,31.0,31.3,31.0,118,31.3,104,44.9,43.6,31.0 / 118,31.3 / 104
4190,TX,Junior Level 1,F,72,61.6,87.0,108,30.9,30.7,30.9,113,30.7,103,44.2,42.8,30.9 / 113,30.7 / 103
4190,TX,Par 3 Tees,F,54,55.3,78.3,98,27.6,27.7,27.6,97,27.7,98,39.0,39.3,27.6 / 97,27.7 / 98
4004,TX,Blue,M,72,73.7,99.4,135,37.6,36.1,37.6,139,36.1,131,50.6,48.4,37.6 / 139,36.1 / 131
4004,TX,White,M,72,71.8,95.4,130,35.8,36.0,35.8,129,36.0,130,47.9,48.1,35.8 / 129,36.0 / 130
4004,TX,Green,M,72,67.8,91.0,125,33.9,33.9,33.9,123,33.9,127,45.3,45.7,33.9 / 123,33.9 / 127
4004,TX,Red,M,72,66.6,88.0,122,33.4,33.2,33.4,121,33.2,123,44.6,44.6,33.4 / 121,33.2 / 123
4004,TX,White,F,72,76.2,107.9,134,38.5,37.7,38.5,131,37.7,136,54.1,53.7,38.5 / 131,37.7 / 136
4004,TX,Green,F,72,72.3,102.1,127,36.1,36.2,36.1,122,36.2,131,50.5,51.6,36.1 / 122,36.2 / 131
4004,TX,Red,F,72,70.7,98.1,123,35.4,35.3,35.4,120,35.3,126,49.5,50.1,35.4 / 120,35.3 / 126
4490,TX,White/Blue,M,72,69.1,88.9,107,34.2,34.9,34.2,105,34.9,108,44.0,44.9,34.2 / 105,34.9 / 108
4490,TX,Red/Yellow,M,72,64.0,82.2,98,31.8,32.2,31.8,97,32.2,99,40.8,41.4,31.8 / 97,32.2 / 99
4490,TX,Red/Yellow,F,73,69.5,95.9,112,34.5,35.0,34.5,112,35.0,112,47.7,48.2,34.5 / 112,35.0 / 112
4648,TX,Blue,M,72,73.9,99.6,139,36.7,37.2,36.7,139,37.2,138,49.6,50.0,36.7 / 139,37.2 / 138
4648,TX,White,M,72,71.8,96.1,131,35.6,36.2,35.6,131,36.2,130,47.8,48.3,35.6 / 131,36.2 / 130
4648,TX,Gold,M,72,70.2,93.0,123,34.9,35.3,34.9,119,35.3,126,46.0,47.0,34.9 / 119,35.3 / 126
4648,TX,Green,M,72,66.1,87.2,114,32.9,33.2,32.9,116,33.2,111,43.7,43.5,32.9 / 116,33.2 / 111
4648,TX,Blue,F,72,80.7,114.7,145,40.0,40.7,40.0,141,40.7,148,56.6,58.1,40.0 / 141,40.7 / 148
4648,TX,White,F,72,78.2,110.9,139,38.7,39.5,38.7,135,39.5,142,54.6,56.3,38.7 / 135,39.5 / 142
4648,TX,Gold,F,72,75.8,107.3,134,37.5,38.3,37.5,131,38.3,136,53.0,54.3,37.5 / 131,38.3 / 136
4648,TX,Green,F,72,71.5,101.5,127,35.6,35.9,35.6,128,35.9,126,50.7,50.8,35.6 / 128,35.9 / 126
4335,TX,Blue,M,72,74.1,98.1,129,37.1,37.0,37.1,127,37.0,131,48.9,49.2,37.1 / 127,37.0 / 131
4335,TX,Forest,M,72,70.5,93.3,123,35.0,35.5,35.0,124,35.5,122,46.5,46.8,35.0 / 124,35.5 / 122
4335,TX,Silver,M,72,67.6,89.5,118,33.9,33.7,33.9,119,33.7,116,45.0,44.5,33.9 / 119,33.7 / 116
4335,TX,Copper,M,72,63.7,84.6,113,31.8,31.9,31.8,114,31.9,111,42.4,42.2,31.8 / 114,31.9 / 111
4335,TX,Blue,F,72,80.2,112.6,138,40.3,39.9,40.3,135,39.9,140,56.2,56.4,40.3 / 135,39.9 / 140
4335,TX,Forest,F,72,76.0,107.0,132,37.9,38.1,37.9,128,38.1,135,53.0,54.0,37.9 / 128,38.1 / 135
4335,TX,Silver,F,72,73.0,103.1,128,36.7,36.3,36.7,125,36.3,131,51.4,51.7,36.7 / 125,36.3 / 131
4335,TX,Copper,F,72,67.9,95.4,117,33.9,34.0,33.9,116,34.0,117,47.6,47.8,33.9 / 116,34.0 / 117
4334,TX,Black,M,72,74.2,100.2,140,37.2,37.0,37.2,144,37.0,136,50.6,49.6,37.2 / 144,37.0 / 136
4334,TX,Blue,M,72,71.6,96.5,134,35.8,35.8,35.8,138,35.8,130,48.6,47.9,35.8 / 138,35.8 / 130
4334,TX,White,M,72,69.8,93.3,127,35.0,34.8,35.0,131,34.8,122,47.2,46.1,35.0 / 131,34.8 / 122
4334,TX,Silver,M,72,66.5,88.3,117,33.4,33.1,33.4,116,33.1,118,44.2,44.1,33.4 / 116,33.1 / 118
4334,TX,Copper,M,72,63.5,84.1,111,31.7,31.8,31.7,111,31.8,111,42.0,42.1,31.7 / 111,31.8 / 111
4334,TX,Black,F,72,81.1,115.0,144,40.6,40.5,40.6,147,40.5,141,57.9,57.1,40.6 / 147,40.5 / 141
4334,TX,Blue,F,72,77.9,110.8,140,38.9,39.0,38.9,141,39.0,138,55.5,55.3,38.9 / 141,39.0 / 138
4334,TX,White,F,72,75.3,106.2,131,37.8,37.5,37.8,132,37.5,130,53.4,52.8,37.8 / 132,37.5 / 130
4334,TX,Silver,F,72,71.3,99.8,121,35.7,35.6,35.7,121,35.6,120,50.0,49.8,35.7 / 121,35.6 / 120
4334,TX,Copper,F,72,67.7,94.8,115,33.9,33.8,33.9,116,33.8,114,47.6,47.2,33.9 / 116,33.8 / 114
34975,TX,White/Blue,M,72,68.8,92.8,129,33.8,35.0,33.8,125,35.0,133,45.4,47.4,33.8 / 125,35.0 / 133
34975,TX,Green/Yellow,M,72,65.1,84.3,103,32.3,32.8,32.3,103,32.8,103,41.9,42.4,32.3 / 103,32.8 / 103
34975,TX,Red/Green,M,72,63.7,81.7,97,31.2,32.5,31.2,90,32.5,103,39.6,42.1,31.2 / 90,32.5 / 103
34975,TX,White/Blue,F,72,76.5,108.6,137,37.4,39.1,37.4,136,39.1,137,53.4,55.2,37.4 / 136,39.1 / 137
34975,TX,Green/Yellow,F,72,69.5,98.0,121,34.4,35.1,34.4,119,35.1,123,48.4,49.6,34.4 / 119,35.1 / 123
34975,TX,Red/Green,F,72,68.0,95.6,117,33.3,34.7,33.3,115,34.7,119,46.9,48.7,33.3 / 115,34.7 / 119
4045,TX,Champs,M,72,74.6,101.2,143,37.2,37.4,37.2,145,37.4,141,50.7,50.5,37.2 / 145,37.4 / 141
4045,TX,One Star,M,72,72.0,97.5,138,35.8,36.2,35.8,139,36.2,136,48.7,48.8,35.8 / 139,36.2 / 136
4045,TX,Two Star,M,72,70.0,94.6,133,34.9,35.1,34.9,136,35.1,129,47.5,47.1,34.9 / 136,35.1 / 129
4045,TX,Three Star,M,72,67.8,91.4,127,33.9,33.9,33.9,127,33.9,127,45.7,45.7,33.9 / 127,33.9 / 127
4045,TX,Four Star,M,72,64.9,87.4,122,32.2,32.7,32.2,121,32.7,122,43.4,44.0,32.2 / 121,32.7 / 122
4045,TX,One Star,F,72,78.3,113.9,151,39.2,39.1,39.2,150,39.1,152,56.9,57.0,39.2 / 150,39.1 / 152
4045,TX,Two Star,F,72,75.6,109.6,144,38.0,37.6,38.0,143,37.6,145,54.9,54.7,38.0 / 143,37.6 / 145
4045,TX,Three Star,F,72,73.7,106.7,140,36.9,36.8,36.9,139,36.8,141,53.3,53.4,36.9 / 139,36.8 / 141
4045,TX,Four Star,F,72,71.3,101.9,130,35.7,35.6,35.7,131,35.6,129,51.1,50.8,35.7 / 131,35.6 / 129
4044,TX,Zero Star,M,72,75.0,101.6,143,37.3,37.7,37.3,131,37.7,155,49.5,52.1,37.3 / 131,37.7 / 155
4044,TX,One Star,M,72,73.4,99.1,138,36.4,37.0,36.4,129,37.0,147,48.4,50.7,36.4 / 129,37.0 / 147
4044,TX,Two Star,M,72,71.3,96.4,135,35.4,35.9,35.4,130,35.9,140,47.5,48.9,35.4 / 130,35.9 / 140
4044,TX,Three Star,M,72,68.0,90.7,122,33.6,34.4,33.6,117,34.4,127,44.5,46.2,33.6 / 117,34.4 / 127
4044,TX,Four Star,M,72,65.0,86.3,115,32.2,32.8,32.2,112,32.8,117,42.6,43.7,32.2 / 112,32.8 / 117
4044,TX,Zero Star,F,72,82.5,118.9,154,40.8,41.7,40.8,154,41.7,154,59.0,59.9,40.8 / 154,41.7 / 154
4044,TX,One Star,F,72,80.6,116.1,151,39.8,40.8,39.8,150,40.8,151,57.5,58.6,39.8 / 150,40.8 / 151
4044,TX,Two Star,F,72,77.7,111.1,142,38.6,39.1,38.6,137,39.1,146,54.8,56.3,38.6 / 137,39.1 / 146
4044,TX,Three Star,F,72,74.3,105.8,134,36.7,37.6,36.7,133,37.6,134,52.4,53.4,36.7 / 133,37.6 / 134
4044,TX,Four Star,F,72,70.2,100.5,129,34.6,35.6,34.6,124,35.6,133,49.2,51.3,34.6 / 124,35.6 / 133
4189,TX,Gold,M,70,72.7,97.6,134,36.7,36.0,36.7,133,36.0,135,49.1,48.5,36.7 / 133,36.0 / 135
4189,TX,Gold/Blue,M,70,71.7,96.3,132,36.3,35.4,36.3,132,35.4,132,48.6,47.7,36.3 / 132,35.4 / 132
4189,TX,Blue,M,70,70.8,95.0,130,35.7,35.1,35.7,130,35.1,130,47.8,47.2,35.7 / 130,35.1 / 130
4189,TX,Blue/White,M,70,69.6,93.5,129,35.2,34.4,35.2,128,34.4,129,47.1,46.4,35.2 / 128,34.4 / 129
4189,TX,White,M,70,68.6,92.1,127,34.5,34.1,34.5,125,34.1,128,46.1,46.0,34.5 / 125,34.1 / 128
4189,TX,Red,M,69,65.1,87.6,121,32.9,32.2,32.9,119,32.2,123,44.0,43.6,32.9 / 119,32.2 / 123
4189,TX,Gold,F,70,79.2,113.7,147,39.8,39.4,39.8,146,39.4,147,57.0,56.7,39.8 / 146,39.4 / 147
4189,TX,Gold/Blue,F,70,78.2,112.1,144,39.4,38.8,39.4,144,38.8,143,56.4,55.7,39.4 / 144,38.8 / 143
4189,TX,Blue,F,70,77.2,110.7,142,38.7,38.5,38.7,142,38.5,142,55.4,55.3,38.7 / 142,38.5 / 142
4189,TX,Blue/White,F,70,76.0,109.0,140,38.2,37.8,38.2,140,37.8,140,54.7,54.3,38.2 / 140,37.8 / 140
4189,TX,White,F,70,74.7,107.0,137,37.3,37.4,37.3,136,37.4,138,53.3,53.7,37.3 / 136,37.4 / 138
4189,TX,Red,F,70,69.8,100.4,130,35.3,34.5,35.3,129,34.5,131,50.5,49.9,35.3 / 129,34.5 / 131
4112,TX,Texas,M,72,77.9,107.4,155,38.6,39.3,38.6,155,39.3,155,53.0,54.4,38.6 / 155,39.3 / 155
4112,TX,TX/I,M,72,76.1,104.5,153,37.9,38.2,37.9,155,38.2,151,52.3,52.2,37.9 / 155,38.2 / 151
4112,TX,I,M,72,74.7,102.0,147,37.0,37.7,37.0,146,37.7,147,50.6,51.4,37.0 / 146,37.7 / 147
4112,TX,I/II,M,72,73.5,99.3,139,36.4,37.1,36.4,143,37.1,135,49.7,49.6,36.4 / 143,37.1 / 135
4112,TX,II,M,72,72.1,97.1,137,35.7,36.4,35.7,138,36.4,131,48.5,48.6,35.7 / 138,36.4 / 131
4112,TX,II/III,M,72,70.8,96.0,136,35.4,35.4,35.4,136,35.4,136,48.0,48.0,35.4 / 136,35.4 / 136
4112,TX,III,M,72,70.0,94.7,133,34.9,35.1,34.9,135,35.1,131,47.4,47.3,34.9 / 135,35.1 / 131
4112,TX,III/IV,M,72,68.2,91.4,125,34.1,34.1,34.1,122,34.1,128,45.4,46.0,34.1 / 122,34.1 / 128
4112,TX,IV,M,72,66.2,88.3,119,32.9,33.3,32.9,119,33.3,118,44.0,44.3,32.9 / 119,33.3 / 118
4112,TX,Texas,F,72,85.6,125.2,155,42.5,43.1,42.5,155,43.1,155,61.5,63.7,42.5 / 155,43.1 / 155
4112,TX,TX/I,F,72,83.2,121.8,155,41.5,41.7,41.5,155,41.7,155,60.2,61.6,41.5 / 155,41.7 / 155
4112,TX,I,F,72,81.8,119.6,155,40.6,41.2,40.6,154,41.2,155,58.8,60.8,40.6 / 154,41.2 / 155
4112,TX,I/II,F,72,80.2,116.6,153,39.7,40.5,39.7,150,40.5,155,57.4,59.2,39.7 / 150,40.5 / 155
4112,TX,II,F,72,78.2,112.9,147,38.7,39.5,38.7,146,39.5,148,55.9,57.0,38.7 / 146,39.5 / 148
4112,TX,II/III,F,72,76.5,110.9,146,38.2,38.3,38.2,146,38.3,146,55.4,55.5,38.2 / 146,38.3 / 146
4112,TX,III,F,72,75.5,108.9,142,37.8,37.7,37.8,144,37.7,139,54.8,54.1,37.8 / 144,37.7 / 139
4112,TX,III/IV,F,72,73.1,105.1,136,36.4,36.7,36.4,140,36.7,131,52.9,52.2,36.4 / 140,36.7 / 131
4112,TX,IV,F,72,70.7,100.5,127,35.1,35.6,35.1,126,35.6,127,49.9,50.6,35.1 / 126,35.6 / 127
34743,TX,Black,M,72,75.5,102.6,146,38.0,37.5,38.0,144,37.5,147,51.4,51.2,38.0 / 144,37.5 / 147
34743,TX,Yellow,M,72,74.3,100.7,142,37.8,36.5,37.8,144,36.5,140,51.2,49.5,37.8 / 144,36.5 / 140
34743,TX,Blue,M,72,71.6,97.1,138,36.5,35.1,36.5,139,35.1,136,49.4,47.7,36.5 / 139,35.1 / 136
34743,TX,White,M,72,69.2,92.4,125,35.2,34.0,35.2,126,34.0,124,46.9,45.5,35.2 / 126,34.0 / 124
34743,TX,Red,M,72,65.8,86.6,112,33.7,32.1,33.7,116,32.1,108,44.5,42.1,33.7 / 116,32.1 / 108
34743,TX,Black,F,72,83.3,121.6,155,41.7,41.6,41.7,155,41.6,155,61.1,60.5,41.7 / 155,41.6 / 155
34743,TX,Yellow,F,72,81.7,119.5,155,41.4,40.3,41.4,155,40.3,155,60.7,58.8,41.4 / 155,40.3 / 155
34743,TX,Blue,F,72,78.4,114.6,153,39.8,38.6,39.8,155,38.6,150,58.3,56.3,39.8 / 155,38.6 / 150
34743,TX,White,F,72,75.4,107.6,137,38.4,37.0,38.4,142,37.0,131,55.2,52.4,38.4 / 142,37.0 / 131
34743,TX,Red,F,72,71.7,99.2,117,36.5,35.2,36.5,126,35.2,108,51.3,47.9,36.5 / 126,35.2 / 108
4346,TX,Blue,M,70,71.0,94.2,125,36.0,35.0,36.0,128,35.0,122,47.9,46.3,36.0 / 128,35.0 / 122
4346,TX,White,M,70,70.2,92.5,120,35.4,34.8,35.4,121,34.8,119,46.6,45.9,35.4 / 121,34.8 / 119
4346,TX,Gold,M,70,66.2,87.0,112,33.5,32.7,33.5,116,32.7,108,44.3,42.7,33.5 / 116,32.7 / 108
4346,TX,Red,M,70,63.7,83.5,107,32.2,31.5,32.2,111,31.5,102,42.5,41.0,32.2 / 111,31.5 / 102
4346,TX,White,F,70,74.7,104.3,126,37.8,36.9,37.8,127,36.9,124,52.8,51.5,37.8 / 127,36.9 / 124
4346,TX,Gold,F,70,71.2,99.4,120,36.2,35.0,36.2,122,35.0,117,50.6,48.8,36.2 / 122,35.0 / 117
4346,TX,Red,F,70,68.2,94.6,112,34.7,33.5,34.7,115,33.5,109,48.3,46.3,34.7 / 115,33.5 / 109
4346,TX,Grey,F,70,63.8,88.4,105,32.6,31.2,32.6,109,31.2,100,45.4,43.0,32.6 / 109,31.2 / 100
36489,TX,Blue,M,72,69.0,90.8,117,34.5,34.5,34.5,117,34.5,117,45.4,45.4,34.5 / 117,34.5 / 117
36489,TX,White,M,72,68.2,89.8,116,34.1,34.1,34.1,116,34.1,116,44.9,44.9,34.1 / 116,34.1 / 116
36489,TX,Senior Black,M,72,64.6,84.2,105,32.3,32.3,32.3,105,32.3,105,42.1,42.1,32.3 / 105,32.3 / 105
36489,TX,Super Senior Gold,M,72,62.2,79.4,93,31.1,31.1,31.1,93,31.1,93,39.7,39.7,31.1 / 93,31.1 / 93
36489,TX,Blue,F,72,74.8,105.0,128,37.4,37.4,37.4,128,37.4,128,52.5,52.5,37.4 / 128,37.4 / 128
36489,TX,White,F,72,74.0,103.8,126,37.0,37.0,37.0,126,37.0,126,51.9,51.9,37.0 / 126,37.0 / 126
36489,TX,Senior Black,F,72,70.2,96.6,112,35.1,35.1,35.1,112,35.1,112,48.3,48.3,35.1 / 112,35.1 / 112
36489,TX,Ladies Red,F,72,66.6,91.2,104,33.3,33.3,33.3,104,33.3,104,45.6,45.6,33.3 / 104,33.3 / 104
4123,TX,Championship,M,72,72.0,93.4,116,36.2,35.8,36.2,122,35.8,109,47.5,45.9,36.2 / 122,35.8 / 109
4123,TX,Regular,M,72,69.3,89.6,110,34.8,34.5,34.8,107,34.5,112,44.7,44.9,34.8 / 107,34.5 / 112
4123,TX,Senior,M,72,66.6,86.6,108,33.4,33.2,33.4,107,33.2,109,43.3,43.3,33.4 / 107,33.2 / 109
4123,TX,Pink,M,70,63.5,82.4,102,32.0,31.5,32.0,101,31.5,102,41.4,41.0,32.0 / 101,31.5 / 102
4123,TX,Championship,F,72,78.5,109.4,131,39.6,38.9,39.6,130,38.9,132,54.9,54.5,39.6 / 130,38.9 / 132
4123,TX,Regular,F,72,76.2,106.0,127,38.3,37.9,38.3,125,37.9,128,53.0,53.0,38.3 / 125,37.9 / 128
4123,TX,Senior,F,72,72.6,99.9,116,36.1,36.5,36.1,114,36.5,118,49.5,50.4,36.1 / 114,36.5 / 118
4123,TX,Ladies',F,72,68.9,94.8,110,34.5,34.4,34.5,109,34.4,110,47.4,47.4,34.5 / 109,34.4 / 110
4385,TX,Black,M,72,76.2,101.3,135,38.0,38.2,38.0,140,38.2,130,51.0,50.3,38.0 / 140,38.2 / 130
4385,TX,Black/Green,M,72,74.5,99.2,133,37.0,37.5,37.0,138,37.5,128,49.8,49.4,37.0 / 138,37.5 / 128
4385,TX,Green,M,72,73.4,97.5,130,36.6,36.8,36.6,135,36.8,125,49.1,48.4,36.6 / 135,36.8 / 125
4385,TX,Green/White,M,72,72.6,96.4,128,36.2,36.4,36.2,132,36.4,124,48.5,47.9,36.2 / 132,36.4 / 124
4385,TX,White,M,72,71.7,95.2,127,35.7,36.0,35.7,130,36.0,123,47.8,47.4,35.7 / 130,36.0 / 123
4385,TX,Blue,M,72,70.0,92.6,122,34.9,35.1,34.9,125,35.1,118,46.5,46.1,34.9 / 125,35.1 / 118
4385,TX,Gold,M,72,68.6,90.4,118,34.1,34.5,34.1,120,34.5,115,45.2,45.2,34.1 / 120,34.5 / 115
4385,TX,Silver,M,60,61.4,80.6,104,30.5,30.9,30.5,107,30.9,100,40.4,40.2,30.5 / 107,30.9 / 100
4385,TX,Black,F,72,82.6,118.2,151,41.2,41.4,41.2,153,41.4,149,59.2,59.0,41.2 / 153,41.4 / 149
4385,TX,Black/Green,F,72,80.6,115.1,147,40.0,40.6,40.0,148,40.6,145,57.4,57.7,40.0 / 148,40.6 / 145
4385,TX,Green,F,72,79.3,113.1,144,39.5,39.8,39.5,145,39.8,142,56.6,56.5,39.5 / 145,39.8 / 142
4385,TX,Green/White,F,72,77.8,110.8,140,38.7,39.1,38.7,142,39.1,138,55.4,55.4,38.7 / 142,39.1 / 138
4385,TX,White,F,72,76.8,109.4,139,38.2,38.6,38.2,140,38.6,137,54.7,54.7,38.2 / 140,38.6 / 137
4385,TX,Blue,F,72,74.9,106.6,135,37.4,37.5,37.4,137,37.5,132,53.5,53.1,37.4 / 137,37.5 / 132
4385,TX,Gold,F,72,73.0,103.1,128,36.5,36.5,36.5,130,36.5,126,51.8,51.3,36.5 / 130,36.5 / 126
4385,TX,Silver,F,72,63.8,89.5,109,32.2,31.6,32.2,112,31.6,106,45.4,44.1,32.2 / 112,31.6 / 106
4056,TX,Black,M,72,72.7,96.4,128,36.8,35.9,36.8,129,35.9,126,48.8,47.6,36.8 / 129,35.9 / 126
4056,TX,Blue,M,72,70.9,93.5,122,36.1,34.8,36.1,123,34.8,121,47.5,46.0,36.1 / 123,34.8 / 121
4056,TX,White,M,72,68.5,89.5,113,34.9,33.6,34.9,109,33.6,117,45.0,44.5,34.9 / 109,33.6 / 117
4056,TX,Gold,M,72,66.4,86.7,109,33.7,32.7,33.7,105,32.7,113,43.5,43.2,33.7 / 105,32.7 / 113
4056,TX,Red,M,72,63.8,83.2,105,32.3,31.5,32.3,100,31.5,109,41.6,41.6,32.3 / 100,31.5 / 109
4056,TX,Black,F,72,79.8,111.5,135,40.4,39.4,40.4,137,39.4,132,56.5,55.0,40.4 / 137,39.4 / 132
4056,TX,Blue,F,72,77.0,107.1,128,39.1,37.9,39.1,131,37.9,124,54.6,52.5,39.1 / 131,37.9 / 124
4056,TX,White,F,72,74.0,102.7,123,37.5,36.5,37.5,125,36.5,120,52.2,50.5,37.5 / 125,36.5 / 120
4056,TX,Gold,F,72,71.6,99.2,117,36.2,35.4,36.2,119,35.4,115,50.2,49.0,36.2 / 119,35.4 / 115
4056,TX,Red,F,72,68.4,94.8,112,34.6,33.8,34.6,112,33.8,112,47.8,47.0,34.6 / 112,33.8 / 112
4423,TX,Black,M,71,72.6,98.2,138,35.9,36.7,35.9,135,36.7,141,48.4,49.8,35.9 / 135,36.7 / 141
4423,TX,Blue,M,71,70.8,95.9,135,35.0,35.8,35.0,130,35.8,140,47.1,48.8,35.0 / 130,35.8 / 140
4423,TX,Blue/Silver Combo,M,71,69.8,94.4,133,34.3,35.5,34.3,128,35.5,138,46.1,48.3,34.3 / 128,35.5 / 138
4423,TX,Silver,M,71,68.3,92.1,128,33.9,34.4,33.9,127,34.4,129,45.7,46.4,33.9 / 127,34.4 / 129
4423,TX,Green,M,71,65.4,87.7,120,32.1,33.3,32.1,119,33.3,121,43.2,44.5,32.1 / 119,33.3 / 121
4423,TX,Silver,F,72,73.4,104.8,133,36.5,36.9,36.5,132,36.9,134,52.1,52.7,36.5 / 132,36.9 / 134
4423,TX,Green,F,72,69.7,99.3,126,34.2,35.5,34.2,123,35.5,128,48.7,50.6,34.2 / 123,35.5 / 128
31575,TX,White/Blue,M,72,70.5,93.6,125,35.0,35.5,35.0,124,35.5,125,46.5,47.1,35.0 / 124,35.5 / 125
31575,TX,Yellow,M,72,69.4,91.7,120,34.3,35.1,34.3,122,35.1,118,45.6,46.1,34.3 / 122,35.1 / 118
31575,TX,Red,M,72,64.7,85.6,113,32.4,32.3,32.4,116,32.3,109,43.2,42.4,32.4 / 116,32.3 / 109
31575,TX,White/Blue,F,72,77.7,108.0,129,38.4,39.3,38.4,126,39.3,131,53.3,54.7,38.4 / 126,39.3 / 131
31575,TX,Yellow,F,72,76.0,105.7,126,37.6,38.4,37.6,125,38.4,127,52.3,53.4,37.6 / 125,38.4 / 127
31575,TX,Red,F,72,70.4,98.2,118,35.2,35.2,35.2,118,35.2,118,49.1,49.1,35.2 / 118,35.2 / 118
4499,TX,Black,M,72,72.8,96.5,128,36.6,36.2,36.6,129,36.2,126,48.6,47.9,36.6 / 129,36.2 / 126
4499,TX,Blue,M,72,72.0,95.4,126,36.2,35.8,36.2,127,35.8,125,48.0,47.4,36.2 / 127,35.8 / 125
4499,TX,Yellow,M,72,67.4,89.1,117,33.5,33.9,33.5,121,33.9,113,44.7,44.4,33.5 / 121,33.9 / 113
4499,TX,Red,M,72,64.2,84.7,111,32.0,32.2,32.0,114,32.2,107,42.6,42.1,32.0 / 114,32.2 / 107
4499,TX,Black,F,72,79.9,113.4,142,40.2,39.7,40.2,142,39.7,142,56.9,56.5,40.2 / 142,39.7 / 142
4499,TX,Blue,F,72,78.8,112.0,141,39.6,39.2,39.6,140,39.2,142,56.1,55.9,39.6 / 140,39.2 / 142
4499,TX,Yellow,F,72,73.8,104.2,129,36.8,37.0,36.8,126,37.0,131,51.7,52.5,36.8 / 126,37.0 / 131
4499,TX,Red,F,72,69.8,98.2,121,34.9,34.9,34.9,119,34.9,122,48.9,49.3,34.9 / 119,34.9 / 122
4228,TX,Black,M,70,72.5,96.5,130,35.4,37.1,35.4,124,37.1,135,46.9,49.6,35.4 / 124,37.1 / 135
4228,TX,Player's,M,70,71.8,95.3,127,35.0,36.8,35.0,122,36.8,131,46.3,49.0,35.0 / 122,36.8 / 131
4228,TX,Blue,M,70,71.3,94.5,124,34.8,36.5,34.8,119,36.5,129,45.9,48.6,34.8 / 119,36.5 / 129
4228,TX,White,M,70,69.5,91.9,121,34.1,35.4,34.1,116,35.4,125,44.9,47.0,34.1 / 116,35.4 / 125
4228,TX,Green,M,70,66.6,88.1,116,32.8,33.8,32.8,114,33.8,117,43.4,44.7,32.8 / 114,33.8 / 117
4228,TX,Red,M,70,64.6,85.2,111,31.6,33.0,31.6,109,33.0,113,41.7,43.5,31.6 / 109,33.0 / 113
4228,TX,Black,F,70,79.2,110.3,133,38.6,40.6,38.6,129,40.6,136,53.7,56.6,38.6 / 129,40.6 / 136
4228,TX,Player's,F,70,78.6,109.8,133,38.4,40.2,38.4,128,40.2,137,53.5,56.3,38.4 / 128,40.2 / 137
4228,TX,Blue,F,70,77.8,108.6,131,37.9,39.9,37.9,127,39.9,134,52.9,55.7,37.9 / 127,39.9 / 134
4228,TX,White,F,70,75.7,105.7,127,37.1,38.6,37.1,122,38.6,132,51.5,54.2,37.1 / 122,38.6 / 132
4228,TX,Green,F,70,72.3,100.7,121,35.5,36.8,35.5,118,36.8,123,49.4,51.3,35.5 / 118,36.8 / 123
4228,TX,Red,F,70,69.8,97.1,116,34.1,35.7,34.1,111,35.7,120,47.2,49.9,34.1 / 111,35.7 / 120
4086,TX,Gold,M,72,73.7,99.5,139,36.7,37.0,36.7,140,37.0,138,49.7,49.8,36.7 / 140,37.0 / 138
4086,TX,Blue,M,72,71.8,96.7,134,35.7,36.1,35.7,134,36.1,133,48.2,48.5,35.7 / 134,36.1 / 133
4086,TX,Dominion Tees,M,72,70.9,95.5,132,35.3,35.6,35.3,133,35.6,131,47.7,47.8,35.3 / 133,35.6 / 131
4086,TX,White,M,72,70.2,94.3,130,34.8,35.4,34.8,132,35.4,127,47.1,47.2,34.8 / 132,35.4 / 127
4086,TX,White/Green Combo,M,72,68.3,91.2,124,33.8,34.4,33.8,125,34.4,123,45.4,45.8,33.8 / 125,34.4 / 123
4086,TX,Green,M,72,67.6,90.3,123,33.6,34.0,33.6,124,34.0,121,45.1,45.2,33.6 / 124,34.0 / 121
4086,TX,Red,M,72,67.0,89.2,120,33.4,33.6,33.4,121,33.6,118,44.6,44.6,33.4 / 121,33.6 / 118
4086,TX,Gold,F,72,80.3,114.4,145,40.1,40.2,40.1,143,40.2,146,57.0,57.4,40.1 / 143,40.2 / 146
4086,TX,Blue,F,72,78.2,111.4,141,39.1,39.1,39.1,140,39.1,142,55.6,55.8,39.1 / 140,39.1 / 142
4086,TX,Dominion Tees,F,72,77.3,109.7,138,38.7,38.6,38.7,137,38.6,138,54.8,54.9,38.7 / 137,38.6 / 138
4086,TX,White,F,72,76.2,108.2,136,38.0,38.2,38.0,135,38.2,137,53.9,54.3,38.0 / 135,38.2 / 137
4086,TX,White/Green Combo,F,72,73.7,104.5,131,36.9,36.8,36.9,129,36.8,132,52.1,52.4,36.9 / 129,36.8 / 132
4086,TX,Green,F,72,73.2,103.6,129,36.7,36.5,36.7,128,36.5,130,51.8,51.8,36.7 / 128,36.5 / 130
4086,TX,Red,F,72,71.9,101.6,126,35.9,36.0,35.9,125,36.0,127,50.6,51.0,35.9 / 125,36.0 / 127
4247,TX,Black,M,72,73.2,98.1,134,36.3,36.9,36.3,130,36.9,138,48.4,49.7,36.3 / 130,36.9 / 138
4247,TX,Blue,M,72,70.3,94.7,132,34.7,35.6,34.7,126,35.6,137,46.4,48.3,34.7 / 126,35.6 / 137
4247,TX,White,M,72,67.2,90.5,126,33.4,33.8,33.4,121,33.8,130,44.6,45.9,33.4 / 121,33.8 / 130
4247,TX,Red,M,72,64.3,83.3,102,31.6,32.7,31.6,102,32.7,102,41.1,42.2,31.6 / 102,32.7 / 102
4247,TX,Black,F,72,79.3,112.8,142,38.9,40.4,38.9,139,40.4,145,55.3,57.5,38.9 / 139,40.4 / 145
4247,TX,Blue,F,72,76.0,108.0,136,37.2,38.8,37.2,131,38.8,140,52.7,55.3,37.2 / 131,38.8 / 140
4247,TX,White,F,72,72.6,100.2,117,35.8,36.8,35.8,120,36.8,114,49.9,50.3,35.8 / 120,36.8 / 114
4247,TX,Red,F,72,69.7,95.9,111,34.0,35.7,34.0,113,35.7,109,47.3,48.6,34.0 / 113,35.7 / 109
32166,TX,Skull,M,72,78.3,105.1,145,39.0,39.3,39.0,152,39.3,137,53.1,52.0,39.0 / 152,39.3 / 137
32166,TX,Midnight,M,72,76.4,102.7,142,38.1,38.3,38.1,149,38.3,135,51.9,50.8,38.1 / 149,38.3 / 135
32166,TX,Driftwood,M,72,74.3,99.5,136,37.2,37.1,37.2,138,37.1,133,50.0,49.5,37.2 / 138,37.1 / 133
32166,TX,Sage,M,72,72.1,96.7,133,35.9,36.2,35.9,139,36.2,126,48.8,47.9,35.9 / 139,36.2 / 126
32166,TX,Sunset,M,72,68.7,91.5,123,34.1,34.6,34.1,125,34.6,121,45.7,45.8,34.1 / 125,34.6 / 121
32166,TX,Sunrise,M,72,65.8,87.5,117,32.8,33.0,32.8,121,33.0,113,44.0,43.5,32.8 / 121,33.0 / 113
32166,TX,Midnight,F,72,84.0,119.5,151,41.9,42.1,41.9,152,42.1,149,59.8,59.7,41.9 / 152,42.1 / 149
32166,TX,Driftwood,F,72,81.7,115.9,145,40.9,40.8,40.9,147,40.8,143,58.2,57.7,40.9 / 147,40.8 / 143
32166,TX,Sage,F,72,78.7,111.6,140,39.2,39.5,39.2,141,39.5,138,55.8,55.8,39.2 / 141,39.5 / 138
32166,TX,Sunset,F,72,74.7,105.5,131,37.2,37.5,37.2,131,37.5,130,52.7,52.8,37.2 / 131,37.5 / 130
32166,TX,Sunrise,F,72,71.2,100.2,123,35.7,35.5,35.7,125,35.5,121,50.4,49.8,35.7 / 125,35.5 / 121
4539,TX,Black,M,71,71.9,94.8,123,36.2,35.7,36.2,119,35.7,127,47.3,47.5,36.2 / 119,35.7 / 127
4539,TX,White,M,71,69.5,91.6,119,35.2,34.3,35.2,117,34.3,121,46.1,45.5,35.2 / 117,34.3 / 121
4539,TX,Gold,M,71,66.5,86.7,109,34.1,32.4,34.1,108,32.4,110,44.1,42.6,34.1 / 108,32.4 / 110
4539,TX,Red,M,71,64.8,84.6,106,33.5,31.3,33.5,104,31.3,108,43.2,41.4,33.5 / 104,31.3 / 108
4539,TX,Black,F,71,78.2,109.8,134,39.3,38.9,39.3,132,38.9,136,54.9,54.9,39.3 / 132,38.9 / 136
4539,TX,White,F,71,75.8,106.2,129,38.3,37.5,38.3,127,37.5,131,53.3,52.9,38.3 / 127,37.5 / 131
4539,TX,Gold,F,71,71.7,100.2,121,36.6,35.1,36.6,121,35.1,120,50.9,49.3,36.6 / 121,35.1 / 120
4539,TX,Red,F,71,69.6,96.6,115,35.8,33.8,35.8,117,33.8,112,49.6,47.0,35.8 / 117,33.8 / 112
4493,TX,Blue-White,M,70,68.5,89.5,113,34.6,33.9,34.6,114,33.9,112,45.2,44.3,34.6 / 114,33.9 / 112
4493,TX,White-White,M,70,67.8,88.6,112,33.9,33.9,33.9,112,33.9,112,44.3,44.3,33.9 / 112,33.9 / 112
4493,TX,White - Gold,M,70,65.6,86.0,110,33.9,31.7,33.9,112,31.7,108,44.3,41.7,33.9 / 112,31.7 / 108
4493,TX,Gold-Gold,M,70,63.4,83.4,108,31.7,31.7,31.7,108,31.7,108,41.7,41.7,31.7 / 108,31.7 / 108
4493,TX,Red - Red,M,65,62.8,82.6,107,31.4,31.4,31.4,107,31.4,107,41.3,41.3,31.4 / 107,31.4 / 107
4493,TX,Gold-Gold,F,70,67.8,96.6,122,33.9,33.9,33.9,122,33.9,122,48.3,48.3,33.9 / 122,33.9 / 122
4493,TX,Red-Red,F,70,67.4,95.6,120,33.7,33.7,33.7,120,33.7,120,47.8,47.8,33.7 / 120,33.7 / 120
4363,TX,Black,M,70,72.1,96.0,129,33.8,38.3,33.8,113,38.3,144,44.3,51.7,33.8 / 113,38.3 / 144
4363,TX,Blue,M,70,69.7,92.4,123,32.8,36.9,32.8,110,36.9,135,43.0,49.4,32.8 / 110,36.9 / 135
4363,TX,Green,M,70,66.8,88.9,119,31.3,35.5,31.3,105,35.5,132,41.1,47.8,31.3 / 105,35.5 / 132
4363,TX,Red,M,70,64.0,84.3,109,30.5,33.5,30.5,103,33.5,115,40.1,44.2,30.5 / 103,33.5 / 115
4363,TX,Green,F,70,70.9,100.5,126,33.0,37.9,33.0,108,37.9,143,45.7,54.8,33.0 / 108,37.9 / 143
4363,TX,Red,F,70,67.2,94.3,115,31.2,36.0,31.2,99,36.0,131,42.9,51.4,31.2 / 99,36.0 / 131
4422,TX,Gold,M,71,76.1,106.2,155,38.1,38.0,38.1,155,38.0,155,53.2,53.0,38.1 / 155,38.0 / 155
4422,TX,Gold/Blue,M,71,74.2,103.2,154,37.4,36.8,37.4,155,36.8,153,52.2,51.0,37.4 / 155,36.8 / 153
4422,TX,Blue,M,71,72.5,100.0,148,36.3,36.2,36.3,147,36.2,149,50.0,50.0,36.3 / 147,36.2 / 149
4422,TX,Blue/White,M,71,71.0,97.6,143,36.0,35.0,36.0,142,35.0,144,49.2,48.4,36.0 / 142,35.0 / 144
4422,TX,White,M,71,69.8,94.7,134,35.7,34.1,35.7,130,34.1,138,47.8,46.9,35.7 / 130,34.1 / 138
4422,TX,Green,M,71,67.7,90.9,125,34.5,33.2,34.5,119,33.2,130,45.6,45.3,34.5 / 119,33.2 / 130
4422,TX,Red,M,71,66.4,88.2,123,33.8,32.6,33.8,121,32.6,125,45.0,44.2,33.8 / 121,32.6 / 125
4422,TX,Yellow,M,71,61.5,83.4,118,31.0,30.5,31.0,125,30.5,111,42.6,40.8,31.0 / 125,30.5 / 111
4422,TX,Gold,F,71,83.6,122.6,155,42.3,41.3,42.3,155,41.3,155,62.5,60.1,42.3 / 155,41.3 / 155
4422,TX,Gold/Blue,F,71,82.1,119.6,155,41.5,40.6,41.5,155,40.6,154,60.8,58.8,41.5 / 155,40.6 / 154
4422,TX,Blue,F,71,80.1,116.4,153,40.1,40.0,40.1,155,40.0,150,58.7,57.7,40.1 / 155,40.0 / 150
4422,TX,Blue/White,F,71,77.8,112.5,148,39.3,38.5,39.3,153,38.5,142,57.3,55.2,39.3 / 153,38.5 / 142
4422,TX,White,F,71,74.9,108.3,142,37.7,37.2,37.7,147,37.2,137,55.0,53.3,37.7 / 147,37.2 / 137
4422,TX,Green,F,71,72.4,104.6,137,36.5,35.9,36.5,145,35.9,128,53.6,51.0,36.5 / 145,35.9 / 128
4422,TX,Red,F,71,70.9,101.2,129,35.7,35.2,35.7,133,35.2,124,51.4,49.8,35.7 / 133,35.2 / 124
4422,TX,Yellow,F,71,63.8,88.8,106,32.2,31.6,32.2,110,31.6,102,45.2,43.6,32.2 / 110,31.6 / 102
33341,TX,Gold,M,69,68.8,89.8,113,34.9,33.9,34.9,116,33.9,110,45.7,44.1,34.9 / 116,33.9 / 110
33341,TX,Blue,M,69,67.0,86.7,106,34.0,33.0,34.0,110,33.0,102,44.2,42.5,34.0 / 110,33.0 / 102
33341,TX,Red,M,69,62.8,81.2,99,31.8,31.0,31.8,100,31.0,98,41.1,40.1,31.8 / 100,31.0 / 98
33341,TX,White,M,69,59.7,76.5,90,30.1,29.6,30.1,91,29.6,89,38.6,37.9,30.1 / 91,29.6 / 89
33341,TX,Gold,F,69,74.4,102.4,119,37.8,36.6,37.8,125,36.6,113,52.5,49.9,37.8 / 125,36.6 / 113
33341,TX,Blue,F,69,72.2,99.1,115,36.7,35.5,36.7,120,35.5,109,50.8,48.3,36.7 / 120,35.5 / 109
33341,TX,Red,F,69,67.6,91.5,101,34.3,33.3,34.3,104,33.3,98,46.6,44.9,34.3 / 104,33.3 / 98
33341,TX,White,F,69,62.2,84.2,94,31.5,30.7,31.5,95,30.7,92,42.7,41.5,31.5 / 95,30.7 / 92
23861,TX,Blue/White,M,72,69.6,91.1,116,34.7,34.9,34.7,115,34.9,116,45.4,45.7,34.7 / 115,34.9 / 116
23861,TX,Yellow / Yellow,M,72,66.1,86.0,108,33.0,33.1,33.0,107,33.1,108,42.9,43.1,33.0 / 107,33.1 / 108
23861,TX,Senior,M,72,65.9,85.5,105,32.9,33.0,32.9,105,33.0,105,42.7,42.8,32.9 / 105,33.0 / 105
23861,TX,Red / Red,M,72,64.5,83.7,103,32.2,32.3,32.2,103,32.3,103,41.8,41.9,32.2 / 103,32.3 / 103
23861,TX,Blue/White,F,72,75.8,105.5,126,37.8,38.0,37.8,127,38.0,125,52.8,52.7,37.8 / 127,38.0 / 125
23861,TX,Yellow / Yellow,F,72,71.7,99.2,117,35.8,35.9,35.8,116,35.9,117,49.5,49.7,35.8 / 116,35.9 / 117
23861,TX,Red / Red,F,72,69.7,96.6,114,34.8,34.9,34.8,114,34.9,114,48.2,48.4,34.8 / 114,34.9 / 114
4660,TX,Black,M,72,73.4,97.0,127,36.7,36.7,36.7,127,36.7,127,48.5,48.5,36.7 / 127,36.7 / 127
4660,TX,White,M,72,71.6,93.6,118,35.8,35.8,35.8,118,35.8,118,46.8,46.8,35.8 / 118,35.8 / 118
4660,TX,Gold,M,72,69.6,92.2,122,34.8,34.8,34.8,122,34.8,122,46.1,46.1,34.8 / 122,34.8 / 122
4660,TX,Red,M,72,66.4,87.4,113,33.2,33.2,33.2,113,33.2,113,43.7,43.7,33.2 / 113,33.2 / 113
4660,TX,Black,F,72,79.8,113.4,142,39.9,39.9,39.9,142,39.9,142,56.7,56.7,39.9 / 142,39.9 / 142
4660,TX,White,F,72,77.3,108.5,132,38.7,38.6,38.7,131,38.6,133,54.2,54.3,38.7 / 131,38.6 / 133
4660,TX,Gold,F,72,75.6,107.2,134,37.8,37.8,37.8,134,37.8,134,53.6,53.6,37.8 / 134,37.8 / 134
4660,TX,Red,F,72,71.8,101.6,126,35.9,35.9,35.9,126,35.9,126,50.8,50.8,35.9 / 126,35.9 / 126
4775,TX,Gold,M,71,71.5,98.0,130,36.3,35.2,36.3,128,35.2,132,48.2,47.5,36.3 / 128,35.2 / 132
4775,TX,Gold/Blue Combo,M,71,70.2,97.1,128,35.6,34.6,35.6,121,34.6,135,46.8,47.1,35.6 / 121,34.6 / 135
4775,TX,Blue,M,71,69.6,92.9,126,35.3,34.3,35.3,122,34.3,129,46.6,46.3,35.3 / 122,34.3 / 129
4775,TX,White,M,71,67.6,92.5,122,34.2,33.4,34.2,119,33.4,125,45.3,45.0,34.2 / 119,33.4 / 125
4775,TX,Red,M,71,65.3,87.3,119,33.1,32.2,33.1,116,32.2,121,43.9,43.4,33.1 / 116,32.2 / 121
4775,TX,Executive,M,71,58.4,78.7,117,29.2,29.2,29.2,113,29.2,121,39.7,40.4,29.2 / 113,29.2 / 121
4775,TX,White,F,71,73.5,106.5,142,37.2,36.3,37.2,139,36.3,144,53.6,53.3,37.2 / 139,36.3 / 144
4775,TX,Red,F,71,70.5,101.7,135,35.9,34.6,35.9,133,34.6,136,51.5,50.6,35.9 / 133,34.6 / 136
4775,TX,Executive,F,71,59.0,86.3,115,29.6,29.4,29.6,113,29.4,117,42.9,43.2,29.6 / 113,29.4 / 117
4109,TX,Black,M,72,73.5,99.0,137,36.5,37.0,36.5,131,37.0,143,48.7,50.3,36.5 / 131,37.0 / 143
4109,TX,Back Players,M,72,71.7,96.3,133,35.8,35.9,35.8,126,35.9,139,47.5,48.8,35.8 / 126,35.9 / 139
4109,TX,White,M,72,70.3,94.1,128,35.1,35.2,35.1,125,35.2,131,46.7,47.4,35.1 / 125,35.2 / 131
4109,TX,Forward Players,M,72,68.7,91.3,122,34.4,34.3,34.4,119,34.3,124,45.5,45.8,34.4 / 119,34.3 / 124
4109,TX,Green,M,72,66.9,88.7,117,33.2,33.7,33.2,116,33.7,118,44.0,44.7,33.2 / 116,33.7 / 118
4109,TX,Black,F,72,80.9,114.6,143,39.9,41.0,39.9,146,41.0,140,57.1,57.5,39.9 / 146,41.0 / 140
4109,TX,Back Players,F,72,78.6,111.3,139,39.0,39.6,39.0,138,39.6,139,55.3,56.0,39.0 / 138,39.6 / 139
4109,TX,White,F,72,77.1,108.0,131,38.2,38.9,38.2,128,38.9,134,53.3,54.7,38.2 / 128,38.9 / 134
4109,TX,Forward Players,F,72,74.3,104.8,130,36.9,37.4,36.9,126,37.4,133,51.7,53.1,36.9 / 126,37.4 / 133
4109,TX,Green,F,72,72.5,101.6,124,35.8,36.7,35.8,119,36.7,128,49.8,51.8,35.8 / 119,36.7 / 128
34997,TX,Blue,M,70,67.9,90.1,120,33.4,34.5,33.4,118,34.5,121,44.4,45.7,33.4 / 118,34.5 / 121
34997,TX,Blue/White,M,70,66.9,89.5,119,32.9,34.0,32.9,123,34.0,121,44.3,45.2,32.9 / 123,34.0 / 121
34997,TX,White,M,70,66.1,88.1,118,32.6,33.5,32.6,119,33.5,117,43.7,44.4,32.6 / 119,33.5 / 117
34997,TX,Red,M,70,62.5,81.0,100,31.2,31.3,31.2,97,31.3,102,40.2,40.8,31.2 / 97,31.3 / 102
34997,TX,Blue,F,70,73.9,104.2,129,36.7,37.2,36.7,123,37.2,134,51.2,53.0,36.7 / 123,37.2 / 134
34997,TX,Blue/White,F,70,72.9,102.3,125,36.1,36.8,36.1,122,36.8,127,50.5,51.8,36.1 / 122,36.8 / 127
34997,TX,White,F,70,71.7,100.6,123,35.6,36.1,35.6,121,36.1,124,49.9,50.7,35.6 / 121,36.1 / 124
34997,TX,Red,F,70,66.3,94.1,118,33.1,33.2,33.1,120,33.2,116,47.2,46.9,33.1 / 120,33.2 / 116
17867,TX,Gold,M,72,71.9,96.5,132,35.5,36.4,35.5,133,36.4,131,47.9,48.6,35.5 / 133,36.4 / 131
17867,TX,Blue,M,72,70.5,94.4,129,34.7,35.8,34.7,128,35.8,129,46.6,47.8,34.7 / 128,35.8 / 129
17867,TX,Combo,M,68,69.5,93.2,128,34.4,35.1,34.4,127,35.1,128,46.2,47.0,34.4 / 127,35.1 / 128
17867,TX,White,M,72,67.6,90.0,121,33.7,33.9,33.7,117,33.9,124,44.6,45.4,33.7 / 117,33.9 / 124
17867,TX,Red,M,72,66.0,87.6,116,33.1,32.9,33.1,114,32.9,118,43.7,43.9,33.1 / 114,32.9 / 118
17867,TX,Gold,F,73,78.2,111.9,143,38.6,39.6,38.6,142,39.6,143,55.4,56.5,38.6 / 142,39.6 / 143
17867,TX,Blue,F,73,76.3,109.1,139,37.6,38.7,37.6,139,38.7,139,54.0,55.1,37.6 / 139,38.7 / 139
17867,TX,Combo,F,73,75.2,107.4,137,37.4,37.8,37.4,137,37.8,136,53.6,53.8,37.4 / 137,37.8 / 136
17867,TX,White,F,73,72.9,103.9,132,36.6,36.3,36.6,134,36.3,129,52.4,51.5,36.6 / 134,36.3 / 129
17867,TX,Red,F,73,70.0,98.9,123,34.8,35.2,34.8,125,35.2,120,49.5,49.4,34.8 / 125,35.2 / 120
17868,TX,Gold,M,71,73.1,98.5,137,36.4,36.7,36.4,131,36.7,142,48.6,49.9,36.4 / 131,36.7 / 142
17868,TX,Blue,M,71,70.9,96.4,137,35.8,35.1,35.8,130,35.1,144,47.9,48.5,35.8 / 130,35.1 / 144
17868,TX,Combo,M,71,69.7,94.6,134,35.1,34.6,35.1,128,34.6,140,47.0,47.6,35.1 / 128,34.6 / 140
17868,TX,White,M,71,67.5,90.8,126,33.9,33.6,33.9,124,33.6,127,45.4,45.4,33.9 / 124,33.6 / 127
17868,TX,Red,M,71,64.5,86.9,121,32.9,31.6,32.9,118,31.6,123,43.9,43.0,32.9 / 118,31.6 / 123
17868,TX,Gold,F,72,79.7,113.9,145,39.6,40.1,39.6,143,40.1,147,56.5,57.4,39.6 / 143,40.1 / 147
17868,TX,Blue,F,72,77.0,110.4,142,38.7,38.3,38.7,139,38.3,144,55.1,55.3,38.7 / 139,38.3 / 144
17868,TX,Combo,F,72,75.6,108.2,139,37.8,37.8,37.8,136,37.8,141,53.8,54.4,37.8 / 136,37.8 / 141
17868,TX,White,F,72,72.9,104.1,133,36.3,36.6,36.3,129,36.6,136,51.5,52.6,36.3 / 129,36.6 / 136
17868,TX,Red,F,72,68.8,97.1,124,35.2,33.6,35.2,120,33.6,126,49.4,48.5,35.2 / 120,33.6 / 126
17869,TX,Gold,M,71,72.2,97.8,138,36.7,35.5,36.7,142,35.5,133,49.9,47.9,36.7 / 142,35.5 / 133
17869,TX,Blue,M,71,69.8,94.6,134,35.1,34.7,35.1,139,34.7,128,48.0,46.6,35.1 / 139,34.7 / 128
17869,TX,Combo,M,71,68.9,93.6,133,34.6,34.3,34.6,140,34.3,126,47.6,46.0,34.6 / 140,34.3 / 126
17869,TX,White,M,71,67.3,90.0,122,33.6,33.7,33.6,127,33.7,117,45.4,44.6,33.6 / 127,33.7 / 117
17869,TX,Red,M,71,64.7,86.7,119,31.6,33.1,31.6,123,33.1,114,43.0,43.7,31.6 / 123,33.1 / 114
17869,TX,Gold,F,71,78.7,112.8,145,40.1,38.6,40.1,147,38.6,142,57.4,55.4,40.1 / 147,38.6 / 142
17869,TX,Blue,F,71,75.9,109.3,142,38.3,37.6,38.3,144,37.6,139,55.3,54.0,38.3 / 144,37.6 / 139
17869,TX,Combo,F,71,75.2,107.9,139,37.8,37.4,37.8,141,37.4,137,54.4,53.5,37.8 / 141,37.4 / 137
17869,TX,White,F,71,73.2,105.0,135,36.6,36.6,36.6,136,36.6,134,52.6,52.4,36.6 / 136,36.6 / 134
17869,TX,Red,F,71,68.4,97.2,123,33.6,34.8,33.6,120,34.8,125,47.7,49.5,33.6 / 120,34.8 / 125
4497,TX,Black,M,71,71.9,94.8,123,35.4,36.5,35.4,117,36.5,129,46.3,48.5,35.4 / 117,36.5 / 129
4497,TX,Blue,M,71,71.1,93.6,121,35.1,36.0,35.1,115,36.0,127,45.8,47.8,35.1 / 115,36.0 / 127
4497,TX,Blue/White,M,71,69.4,91.6,120,34.2,35.2,34.2,114,35.2,125,44.8,46.8,34.2 / 114,35.2 / 125
4497,TX,White,M,71,67.7,89.7,119,33.1,34.6,33.1,113,34.6,124,43.6,46.1,33.1 / 113,34.6 / 124
4497,TX,White/Gold,M,71,66.4,87.6,114,32.7,33.7,32.7,111,33.7,117,43.0,44.6,32.7 / 111,33.7 / 117
4497,TX,Gold,M,71,66.0,86.1,109,32.9,33.1,32.9,107,33.1,110,42.8,43.3,32.9 / 107,33.1 / 110
4497,TX,White/Red,M,71,65.8,86.3,110,32.8,33.0,32.8,111,33.0,109,43.2,43.1,32.8 / 111,33.0 / 109
4497,TX,Red,M,71,65.4,85.2,107,32.6,32.8,32.6,105,32.8,108,42.4,42.8,32.6 / 105,32.8 / 108
4497,TX,Black,F,71,78.4,110.6,137,38.4,40.0,38.4,132,40.0,141,54.0,56.6,38.4 / 132,40.0 / 141
4497,TX,Blue,F,71,77.4,108.8,134,37.9,39.5,37.9,130,39.5,137,53.2,55.6,37.9 / 130,39.5 / 137
4497,TX,Blue/White,F,71,75.6,106.4,131,37.1,38.5,37.1,126,38.5,136,51.9,54.5,37.1 / 126,38.5 / 136
4497,TX,White,F,71,73.9,103.4,125,36.0,37.9,36.0,120,37.9,130,50.2,53.2,36.0 / 120,37.9 / 130
4497,TX,White/Gold,F,71,71.6,100.7,124,35.0,36.6,35.0,119,36.6,128,49.0,51.7,35.0 / 119,36.6 / 128
4497,TX,White/Red,F,71,70.0,98.4,121,34.7,35.3,34.7,119,35.3,122,48.7,49.7,34.7 / 119,35.3 / 122
4497,TX,Gold,F,71,69.6,97.9,120,34.0,35.6,34.0,118,35.6,122,47.9,50.0,34.0 / 118,35.6 / 122
4497,TX,Red,F,71,68.7,96.6,118,33.6,35.1,33.6,116,35.1,120,47.3,49.3,33.6 / 116,35.1 / 120
4005,TX,Tee 1,M,71,75.8,101.8,140,38.3,37.5,38.3,143,37.5,137,51.6,50.2,38.3 / 143,37.5 / 137
4005,TX,Tee 2,M,71,73.3,98.7,137,37.0,36.3,37.0,140,36.3,133,50.0,48.7,37.0 / 140,36.3 / 133
4005,TX,2/3 Combo,M,71,71.8,97.0,136,36.3,35.5,36.3,133,35.5,138,48.7,48.3,36.3 / 133,35.5 / 138
4005,TX,Tee 3,M,71,70.5,95.5,135,35.7,34.8,35.7,131,34.8,138,47.9,47.6,35.7 / 131,34.8 / 138
4005,TX,3/4 Combo,M,71,69.4,92.9,127,35.2,34.2,35.2,128,34.2,125,47.1,45.8,35.2 / 128,34.2 / 125
4005,TX,Tee 4,M,71,67.5,88.6,114,34.5,33.0,34.5,116,33.0,111,45.3,43.3,34.5 / 116,33.0 / 111
4005,TX,Tee 1,F,72,83.8,121.1,155,42.3,41.5,42.3,155,41.5,155,61.0,60.1,42.3 / 155,41.5 / 155
4005,TX,Tee 2,F,72,80.9,116.8,153,40.8,40.1,40.8,152,40.1,153,58.7,58.1,40.8 / 152,40.1 / 153
4005,TX,2/3 Combo,F,72,79.2,114.3,149,39.9,39.3,39.9,149,39.3,148,57.5,56.8,39.9 / 149,39.3 / 148
4005,TX,Tee 3,F,72,78.0,112.4,146,39.4,38.6,39.4,146,38.6,146,56.6,55.8,39.4 / 146,38.6 / 146
4005,TX,3/4 Combo,F,72,75.1,107.5,137,38.1,37.0,38.1,137,37.0,137,54.3,53.2,38.1 / 137,37.0 / 137
4005,TX,Tee 4,F,72,71.7,102.0,129,36.6,35.1,36.6,130,35.1,127,51.9,50.1,36.6 / 130,35.1 / 127
4278,TX,Gold,M,72,73.8,98.4,132,37.0,36.8,37.0,131,36.8,133,49.2,49.2,37.0 / 131,36.8 / 133
4278,TX,Ranch,M,72,72.4,96.5,130,36.3,36.1,36.3,126,36.1,133,48.0,48.5,36.3 / 126,36.1 / 133
4278,TX,Blue,M,72,71.7,95.4,128,36.1,35.6,36.1,125,35.6,130,47.7,47.7,36.1 / 125,35.6 / 130
4278,TX,Oaks,M,72,70.4,94.1,126,35.5,34.9,35.5,129,34.9,126,47.5,46.6,35.5 / 129,34.9 / 126
4278,TX,White,M,72,69.0,91.9,123,35.0,34.0,35.0,128,34.0,118,46.9,45.0,35.0 / 128,34.0 / 118
4278,TX,Mesquite,M,72,67.6,89.1,116,33.9,33.7,33.9,119,33.7,112,45.0,44.1,33.9 / 119,33.7 / 112
4278,TX,Copper,M,72,66.3,86.7,110,33.0,33.3,33.0,111,33.3,109,43.3,43.4,33.0 / 111,33.3 / 109
4278,TX,Copper/Black,M,72,65.3,85.3,108,32.7,32.6,32.7,110,32.6,105,42.9,42.4,32.7 / 110,32.6 / 105
4278,TX,Gold,F,72,82.2,117.9,152,41.3,40.9,41.3,151,40.9,152,59.1,58.8,41.3 / 151,40.9 / 152
4278,TX,Ranch,F,72,80.4,115.3,148,40.4,40.0,40.4,148,40.0,148,57.8,57.5,40.4 / 148,40.0 / 148
4278,TX,Blue,F,72,79.4,113.7,146,40.1,39.3,40.1,145,39.3,146,57.2,56.5,40.1 / 145,39.3 / 146
4278,TX,Oaks,F,72,77.6,110.8,141,39.1,38.5,39.1,138,38.5,143,55.4,55.4,39.1 / 138,38.5 / 143
4278,TX,White,F,72,75.6,107.3,134,38.1,37.5,38.1,131,37.5,137,53.6,53.7,38.1 / 131,37.5 / 137
4278,TX,Mesquite,F,72,73.5,103.9,129,36.8,36.7,36.8,132,36.7,126,52.4,51.5,36.8 / 132,36.7 / 126
4278,TX,Copper,F,72,71.8,102.0,128,35.8,36.0,35.8,126,36.0,130,50.7,51.3,35.8 / 126,36.0 / 130
4278,TX,Copper/Black,F,72,70.7,100.2,126,35.5,35.2,35.5,125,35.2,126,50.2,50.0,35.5 / 125,35.2 / 126
4279,TX,Gold,M,72,73.9,98.9,135,36.7,37.2,36.7,132,37.2,137,49.0,49.9,36.7 / 132,37.2 / 137
4279,TX,Ranch,M,72,72.5,96.5,129,36.0,36.5,36.0,127,36.5,131,47.8,48.7,36.0 / 127,36.5 / 131
4279,TX,Blue,M,72,71.4,95.2,128,35.4,36.0,35.4,125,36.0,131,47.0,48.2,35.4 / 125,36.0 / 131
4279,TX,Oaks,M,72,70.2,92.6,121,35.0,35.2,35.0,119,35.2,122,46.1,46.5,35.0 / 119,35.2 / 122
4279,TX,White,M,72,69.5,90.9,115,34.5,35.0,34.5,112,35.0,118,44.9,46.0,34.5 / 112,35.0 / 118
4279,TX,Mesquite,M,72,66.2,87.3,114,32.7,33.5,32.7,108,33.5,119,42.7,44.6,32.7 / 108,33.5 / 119
4279,TX,Copper,M,72,64.0,85.1,114,31.9,32.1,31.9,109,32.1,118,42.0,43.1,31.9 / 109,32.1 / 118
4279,TX,Copper/Black,M,72,63.5,84.5,113,31.8,31.7,31.8,109,31.7,117,41.9,42.6,31.8 / 109,31.7 / 117
4279,TX,Gold,F,72,81.8,117.2,151,40.5,41.3,40.5,148,41.3,153,57.9,59.3,40.5 / 148,41.3 / 153
4279,TX,Ranch,F,72,80.2,114.7,146,39.7,40.5,39.7,143,40.5,149,56.6,58.1,39.7 / 143,40.5 / 149
4279,TX,Blue,F,72,79.1,113.1,145,39.1,40.0,39.1,142,40.0,147,55.8,57.3,39.1 / 142,40.0 / 147
4279,TX,Oaks,F,72,77.2,111.0,143,38.5,38.7,38.5,142,38.7,144,55.3,55.7,38.5 / 142,38.7 / 144
4279,TX,White,F,72,75.9,109.3,142,37.7,38.2,37.7,139,38.2,144,54.1,55.2,37.7 / 139,38.2 / 144
4279,TX,Mesquite,F,72,72.7,104.3,134,36.0,36.7,36.0,130,36.7,138,51.3,53.0,36.0 / 130,36.7 / 138
4279,TX,Copper,F,72,70.4,100.0,126,35.0,35.4,35.0,123,35.4,128,49.5,50.5,35.0 / 123,35.4 / 128
4279,TX,Copper/Black,F,72,69.9,99.2,124,34.9,35.0,34.9,122,35.0,126,49.3,49.9,34.9 / 122,35.0 / 126
4609,TX,Black,M,72,75.7,101.1,137,37.8,37.9,37.8,136,37.9,138,50.4,50.7,37.8 / 136,37.9 / 138
4609,TX,Blue,M,72,72.5,97.2,133,36.4,36.1,36.4,130,36.1,136,48.5,48.7,36.4 / 130,36.1 / 136
4609,TX,White,M,72,69.9,92.8,124,35.1,34.8,35.1,121,34.8,126,46.3,46.5,35.1 / 121,34.8 / 126
4609,TX,Red,M,72,66.4,88.3,118,33.2,33.2,33.2,116,33.2,119,44.0,44.3,33.2 / 116,33.2 / 119
4609,TX,Black,F,72,82.9,117.6,148,41.3,41.6,41.3,148,41.6,147,58.7,58.9,41.3 / 148,41.6 / 147
4609,TX,Blue,F,72,79.1,111.8,139,39.6,39.5,39.6,140,39.5,137,56.1,55.7,39.6 / 140,39.5 / 137
4609,TX,White,F,72,75.8,106.8,132,38.0,37.8,38.0,133,37.8,130,53.7,53.1,38.0 / 133,37.8 / 130
4609,TX,Red,F,72,71.7,100.8,124,35.9,35.8,35.9,125,35.8,122,50.6,50.2,35.9 / 125,35.8 / 122
32927,TX,PGA Championship,M,72,77.8,106.0,150,39.2,38.6,39.2,155,38.6,145,53.9,52.1,39.2 / 155,38.6 / 145
32927,TX,I,M,72,77.1,105.1,150,38.8,38.3,38.8,155,38.3,144,53.4,51.7,38.8 / 155,38.3 / 144
32927,TX,II,M,72,75.6,102.6,146,37.9,37.7,37.9,152,37.7,139,52.0,50.6,37.9 / 152,37.7 / 139
32927,TX,II/III Combo,M,72,74.4,101.1,144,37.9,36.5,37.9,152,36.5,136,52.0,49.1,37.9 / 152,36.5 / 136
32927,TX,III,M,72,72.5,98.6,140,36.4,36.1,36.4,147,36.1,133,50.1,48.5,36.4 / 147,36.1 / 133
32927,TX,III/IV Combo,M,72,71.2,96.4,136,36.0,35.2,36.0,140,35.2,131,49.0,47.4,36.0 / 140,35.2 / 131
32927,TX,IV,M,72,68.8,93.2,131,34.6,34.2,34.6,131,34.2,131,46.8,46.4,34.6 / 131,34.2 / 131
32927,TX,IV/V Combo,M,72,67.8,91.9,130,34.5,33.3,34.5,133,33.3,126,46.9,45.0,34.5 / 133,33.3 / 126
32927,TX,V,M,72,63.9,85.7,117,31.8,32.1,31.8,116,32.1,118,42.6,43.1,31.8 / 116,32.1 / 118
32927,TX,II,F,72,82.7,121.8,155,41.7,41.0,41.7,155,41.0,155,61.5,60.3,41.7 / 155,41.0 / 155
32927,TX,II/III Combo,F,72,81.5,119.5,155,41.7,39.8,41.7,155,39.8,154,61.5,58.0,41.7 / 155,39.8 / 154
32927,TX,III,F,72,79.4,116.0,154,39.8,39.6,39.8,155,39.6,153,58.4,57.6,39.8 / 155,39.6 / 153
32927,TX,III/IV Combo,F,72,77.1,112.9,152,37.8,39.3,37.8,151,39.3,153,55.6,57.3,37.8 / 151,39.3 / 153
32927,TX,IV,F,72,75.0,108.6,143,37.5,37.5,37.5,148,37.5,137,54.9,53.7,37.5 / 148,37.5 / 137
32927,TX,IV/V Combo,F,72,73.1,105.5,138,36.0,37.1,36.0,139,37.1,136,52.4,53.1,36.0 / 139,37.1 / 136
32927,TX,V,F,72,69.1,98.3,124,34.1,35.0,34.1,127,35.0,120,49.1,49.2,34.1 / 127,35.0 / 120
32925,TX,I,M,72,76.1,102.4,140,39.4,36.7,39.4,155,36.7,125,54.1,48.3,39.4 / 155,36.7 / 125
32925,TX,II,M,72,72.6,98.4,139,37.3,35.3,37.3,146,35.3,131,50.9,47.5,37.3 / 146,35.3 / 131
32925,TX,II/III Combo,M,72,71.3,96.6,136,36.2,35.1,36.2,141,35.1,131,49.3,47.3,36.2 / 141,35.1 / 131
32925,TX,III,M,72,70.2,94.4,131,35.8,34.4,35.8,137,34.4,124,48.5,45.9,35.8 / 137,34.4 / 124
32925,TX,III/IV Combo,M,72,68.3,91.6,126,34.8,33.5,34.8,136,33.5,115,47.4,44.2,34.8 / 136,33.5 / 115
32925,TX,IV,M,72,66.8,88.8,119,34.0,32.8,34.0,126,32.8,111,45.7,43.1,34.0 / 126,32.8 / 111
32925,TX,IV/V Combo,M,72,64.6,85.6,113,33.0,31.6,33.0,116,31.6,110,43.8,41.8,33.0 / 116,31.6 / 110
32925,TX,V,M,72,62.8,83.4,111,31.9,30.9,31.9,113,30.9,109,42.4,41.0,31.9 / 113,30.9 / 109
32925,TX,VI,M,72,60.8,80.3,105,30.8,30.0,30.8,108,30.0,102,40.8,39.5,30.8 / 108,30.0 / 102
32925,TX,II,F,72,79.7,115.6,149,41.0,38.7,41.0,155,38.7,142,60.2,55.4,41.0 / 155,38.7 / 142
32925,TX,II/III Combo,F,72,78.2,113.3,148,39.7,38.5,39.7,155,38.5,141,58.2,55.1,39.7 / 155,38.5 / 141
32925,TX,III,F,72,76.7,111.1,146,39.3,37.4,39.3,155,37.4,137,57.6,53.5,39.3 / 155,37.4 / 137
32925,TX,III/IV Combo,F,72,74.2,106.8,138,37.9,36.3,37.9,144,36.3,132,54.9,51.9,37.9 / 144,36.3 / 132
32925,TX,IV,F,72,72.1,102.4,129,36.8,35.3,36.8,132,35.3,125,52.4,50.0,36.8 / 132,35.3 / 125
32925,TX,IV/V Combo,F,72,69.6,98.8,124,35.5,34.1,35.5,124,34.1,124,50.1,48.7,35.5 / 124,34.1 / 124
32925,TX,V,F,72,67.7,95.3,117,34.4,33.3,34.4,116,33.3,118,48.1,47.2,34.4 / 116,33.3 / 118
32925,TX,VI,F,72,64.2,88.2,102,32.5,31.7,32.5,107,31.7,97,45.1,43.1,32.5 / 107,31.7 / 97
17797,TX,Gold,M,72,73.7,98.2,133,36.6,37.1,36.6,131,37.1,134,48.7,49.5,36.6 / 131,37.1 / 134
17797,TX,Blue,M,72,71.8,95.8,129,35.5,36.3,35.5,127,36.3,131,47.2,48.6,35.5 / 127,36.3 / 131
17797,TX,White,M,72,68.6,91.4,123,34.1,34.5,34.1,117,34.5,128,45.0,46.4,34.1 / 117,34.5 / 128
17797,TX,Red,M,72,65.3,85.9,112,32.7,32.6,32.7,111,32.6,112,43.0,42.9,32.7 / 111,32.6 / 112
17797,TX,Gold,F,72,80.6,114.3,143,40.1,40.5,40.1,141,40.5,145,56.7,57.6,40.1 / 141,40.5 / 145
17797,TX,Blue,F,72,78.1,110.6,138,38.8,39.3,38.8,135,39.3,140,54.7,55.9,38.8 / 135,39.3 / 140
17797,TX,White,F,72,74.2,105.1,131,37.0,37.2,37.0,128,37.2,133,52.2,52.9,37.0 / 128,37.2 / 133
17797,TX,Red,F,72,69.8,97.8,119,35.2,34.6,35.2,119,34.6,119,49.2,48.6,35.2 / 119,34.6 / 119
3979,TX,Gold,M,72,74.4,98.7,131,37.0,37.4,37.0,129,37.4,132,49.0,49.7,37.0 / 129,37.4 / 132
3979,TX,Blue,M,72,71.8,95.4,127,35.9,35.9,35.9,126,35.9,128,47.6,47.8,35.9 / 126,35.9 / 128
3979,TX,White,M,72,70.0,92.7,122,34.9,35.1,34.9,120,35.1,124,46.1,46.6,34.9 / 120,35.1 / 124
3979,TX,Black,M,72,68.2,90.1,118,33.7,34.5,33.7,114,34.5,122,44.3,45.8,33.7 / 114,34.5 / 122
3979,TX,Red,M,72,67.0,88.1,114,33.2,33.8,33.2,113,33.8,114,43.7,44.4,33.2 / 113,33.8 / 114
3979,TX,Gold,F,72,81.4,116.0,147,40.4,41.0,40.4,147,41.0,147,57.7,58.3,40.4 / 147,41.0 / 147
3979,TX,Blue,F,72,78.8,112.4,143,39.3,39.5,39.3,140,39.5,145,55.8,56.6,39.3 / 140,39.5 / 145
3979,TX,White,F,72,76.1,108.5,138,37.9,38.2,37.9,134,38.2,141,53.7,54.8,37.9 / 134,38.2 / 141
3979,TX,Black,F,72,73.8,104.8,132,36.4,37.4,36.4,126,37.4,137,51.3,53.5,36.4 / 126,37.4 / 137
3979,TX,Red,F,72,72.0,101.6,126,35.9,36.1,35.9,121,36.1,130,50.2,51.4,35.9 / 121,36.1 / 130
17795,TX,Gold,M,71,72.4,96.5,130,37.1,35.3,37.1,134,35.3,126,49.5,47.0,37.1 / 134,35.3 / 126
17795,TX,Blue,M,71,70.9,94.6,127,36.3,34.6,36.3,131,34.6,123,48.6,46.0,36.3 / 131,34.6 / 123
17795,TX,White,M,71,67.9,90.8,123,34.5,33.4,34.5,128,33.4,118,46.4,44.4,34.5 / 128,33.4 / 118
17795,TX,Red,M,71,64.6,85.5,113,32.6,32.0,32.6,112,32.0,113,43.0,42.5,32.6 / 112,32.0 / 113
17795,TX,Gold,F,71,78.4,111.0,138,40.5,37.9,40.5,145,37.9,131,57.6,53.4,40.5 / 145,37.9 / 131
17795,TX,Blue,F,71,76.4,108.1,135,39.3,37.1,39.3,140,37.1,129,55.8,52.3,39.3 / 140,37.1 / 129
17795,TX,White,F,71,73.0,103.3,129,37.2,35.8,37.2,133,35.8,124,52.9,50.4,37.2 / 133,35.8 / 124
17795,TX,Red,F,71,68.8,96.5,118,34.6,34.2,34.6,119,34.2,116,48.6,47.9,34.6 / 119,34.2 / 116
3978,TX,Gold,M,71,72.2,96.3,130,36.5,35.7,36.5,127,35.7,132,48.3,48.0,36.5 / 127,35.7 / 132
3978,TX,Blue,M,71,70.6,94.3,128,35.7,34.9,35.7,125,34.9,130,47.3,47.0,35.7 / 125,34.9 / 130
3978,TX,White,M,71,68.8,91.9,125,34.7,34.1,34.7,121,34.1,128,45.9,46.0,34.7 / 121,34.1 / 128
3978,TX,Black,M,71,67.1,89.6,121,34.1,33.0,34.1,118,33.0,124,45.1,44.5,34.1 / 118,33.0 / 124
3978,TX,Red,M,71,65.6,86.8,114,33.3,32.3,33.3,114,32.3,114,43.9,42.9,33.3 / 114,32.3 / 114
3978,TX,Gold,F,71,79.5,113.0,142,40.2,39.3,40.2,140,39.3,144,56.7,56.3,40.2 / 140,39.3 / 144
3978,TX,Blue,F,71,77.6,110.2,139,39.2,38.4,39.2,136,38.4,141,55.2,55.0,39.2 / 136,38.4 / 141
3978,TX,White,F,71,75.2,106.7,134,37.9,37.3,37.9,131,37.3,137,53.3,53.4,37.9 / 131,37.3 / 137
3978,TX,Black,F,71,73.2,103.6,129,37.2,36.0,37.2,127,36.0,131,52.2,51.4,37.2 / 127,36.0 / 131
3978,TX,Red,F,71,70.8,99.7,123,35.9,34.9,35.9,126,34.9,120,50.7,49.0,35.9 / 126,34.9 / 120
17796,TX,Gold,M,71,71.9,95.7,129,35.3,36.6,35.3,126,36.6,131,46.9,48.8,35.3 / 126,36.6 / 131
17796,TX,Blue,M,71,70.1,93.2,125,34.6,35.5,34.6,123,35.5,127,45.9,47.3,34.6 / 123,35.5 / 127
17796,TX,White,M,71,67.5,89.3,118,33.4,34.1,33.4,118,34.1,117,44.3,45.0,33.4 / 118,34.1 / 117
17796,TX,Red,M,71,64.7,85.4,112,32.0,32.7,32.0,113,32.7,111,42.4,43.0,32.0 / 113,32.7 / 111
17796,TX,Gold,F,71,78.0,110.0,136,37.9,40.1,37.9,131,40.1,141,53.3,56.7,37.9 / 131,40.1 / 141
17796,TX,Blue,F,71,75.9,106.9,132,37.1,38.8,37.1,129,38.8,135,52.2,54.7,37.1 / 129,38.8 / 135
17796,TX,White,F,71,72.8,102.5,126,35.8,37.0,35.8,124,37.0,128,50.4,52.1,35.8 / 124,37.0 / 128
17796,TX,Red,F,71,69.4,97.0,118,34.2,35.2,34.2,116,35.2,119,47.8,49.2,34.2 / 116,35.2 / 119
4498,TX,White/Blue,M,72,69.9,91.7,117,34.8,35.1,34.8,117,35.1,117,45.7,46.0,34.8 / 117,35.1 / 117
4498,TX,Red/White,M,72,67.0,87.9,113,32.2,34.8,32.2,108,34.8,117,42.2,45.7,32.2 / 108,34.8 / 117
4498,TX,Red/Red,M,72,64.4,84.4,108,32.2,32.2,32.2,108,32.2,108,42.2,42.2,32.2 / 108,32.2 / 108
4498,TX,Yellow/Red,M,72,62.9,82.1,104,30.7,32.2,30.7,99,32.2,108,39.9,42.2,30.7 / 99,32.2 / 108
4498,TX,Yellow/Yellow,M,72,61.4,79.8,99,30.7,30.7,30.7,99,30.7,99,39.9,39.9,30.7 / 99,30.7 / 99
4498,TX,White/Blue,F,72,75.5,106.1,130,37.6,37.9,37.6,129,37.9,131,52.8,53.3,37.6 / 129,37.9 / 131
4498,TX,Red/White,F,72,72.2,101.2,123,34.6,37.6,34.6,117,37.6,129,48.4,52.8,34.6 / 117,37.6 / 129
4498,TX,Red/Red,F,72,69.2,96.8,117,34.6,34.6,34.6,117,34.6,117,48.4,48.4,34.6 / 117,34.6 / 117
4498,TX,Yellow/Red,F,72,66.6,92.3,109,32.0,34.6,32.0,101,34.6,117,43.9,48.4,32.0 / 101,34.6 / 117
4498,TX,Yellow/Yellow,F,72,64.0,87.8,101,32.0,32.0,32.0,101,32.0,101,43.9,43.9,32.0 / 101,32.0 / 101
4322,TX,Blue,M,72,71.9,94.8,124,35.8,36.1,35.8,125,36.1,122,47.4,47.4,35.8 / 125,36.1 / 122
4322,TX,White,M,72,70.0,92.5,121,34.8,35.2,34.8,123,35.2,119,46.2,46.3,34.8 / 123,35.2 / 119
4322,TX,Gold,M,72,66.5,87.7,114,32.7,33.8,32.7,115,33.8,113,43.4,44.3,32.7 / 115,33.8 / 113
4322,TX,Red,M,72,62.1,81.7,106,30.8,31.3,30.8,109,31.3,102,40.9,40.8,30.8 / 109,31.3 / 102
4322,TX,Blue,F,72,79.1,111.2,136,39.6,39.5,39.6,137,39.5,135,55.8,55.4,39.6 / 137,39.5 / 135
4322,TX,White,F,72,76.8,107.9,132,38.2,38.6,38.2,134,38.6,130,54.0,53.9,38.2 / 134,38.6 / 130
4322,TX,Gold,F,72,72.5,101.4,123,35.7,36.8,35.7,123,36.8,122,50.2,51.2,35.7 / 123,36.8 / 122
4322,TX,Red,F,72,66.3,92.5,111,32.9,33.4,32.9,109,33.4,113,45.8,46.7,32.9 / 109,33.4 / 113
4500,TX,Gold,M,72,74.8,100.5,139,37.2,37.6,37.2,140,37.6,137,50.2,50.3,37.2 / 140,37.6 / 137
4500,TX,Blue,M,72,72.2,96.8,132,35.9,36.3,35.9,133,36.3,131,48.3,48.5,35.9 / 133,36.3 / 131
4500,TX,White,M,72,70.4,93.6,125,35.2,35.2,35.2,125,35.2,125,46.8,46.8,35.2 / 125,35.2 / 125
4500,TX,Green,M,72,68.5,90.8,120,34.3,34.2,34.3,119,34.2,121,45.4,45.4,34.3 / 119,34.2 / 121
4500,TX,Red,M,72,65.2,86.1,113,32.8,32.4,32.8,111,32.4,114,43.1,43.0,32.8 / 111,32.4 / 114
4500,TX,White,F,72,75.6,108.0,138,37.7,37.9,37.7,139,37.9,136,54.1,53.9,37.7 / 139,37.9 / 136
4500,TX,Green,F,72,72.7,104.0,133,36.2,36.5,36.2,134,36.5,131,52.0,52.0,36.2 / 134,36.5 / 131
4500,TX,Red,F,72,68.5,97.0,121,34.1,34.4,34.1,121,34.4,120,48.4,48.6,34.1 / 121,34.4 / 120
4209,TX,Blue,M,70,67.5,88.0,111,33.5,34.0,33.5,109,34.0,112,43.6,44.4,33.5 / 109,34.0 / 112
4209,TX,White,M,70,66.1,85.8,106,32.6,33.5,32.6,102,33.5,110,42.1,43.7,32.6 / 102,33.5 / 110
4209,TX,Gold,M,70,64.9,84.2,104,32.0,32.9,32.0,101,32.9,107,41.4,42.8,32.0 / 101,32.9 / 107
4209,TX,Red,M,70,62.7,81.2,100,31.5,31.2,31.5,99,31.2,100,40.7,40.5,31.5 / 99,31.2 / 100
4209,TX,Blue,F,70,73.3,101.0,118,36.5,36.8,36.5,112,36.8,123,49.7,51.3,36.5 / 112,36.8 / 123
4209,TX,White,F,70,71.3,98.6,116,35.2,36.1,35.2,111,36.1,120,48.3,50.3,35.2 / 111,36.1 / 120
4209,TX,Gold,F,70,69.9,96.4,113,34.6,35.3,34.6,108,35.3,117,47.3,49.1,34.6 / 108,35.3 / 117
4209,TX,Red,F,70,66.5,91.5,106,33.9,32.6,33.9,105,32.6,107,46.3,45.2,33.9 / 105,32.6 / 107
4140,TX,Blue,M,71,72.8,96.6,128,36.4,36.4,36.4,125,36.4,131,48.0,48.6,36.4 / 125,36.4 / 131
4140,TX,White,M,71,70.7,93.6,123,35.2,35.5,35.2,123,35.5,122,46.7,46.9,35.2 / 123,35.5 / 122
4140,TX,Gold,M,71,66.9,88.6,117,33.7,33.2,33.7,119,33.2,114,44.8,43.8,33.7 / 119,33.2 / 114
4140,TX,Red,M,71,65.5,86.7,114,32.9,32.6,32.9,117,32.6,111,43.8,42.9,32.9 / 117,32.6 / 111
4140,TX,Blue,F,72,79.2,111.4,137,39.4,39.8,39.4,138,39.8,135,55.7,55.7,39.4 / 138,39.8 / 135
4140,TX,White,F,72,77.0,107.7,130,38.3,38.7,38.3,133,38.7,127,54.0,53.7,38.3 / 133,38.7 / 127
4140,TX,Gold,F,72,72.2,100.8,122,36.3,35.9,36.3,125,35.9,118,51.0,49.8,36.3 / 125,35.9 / 118
4140,TX,Red,F,72,70.3,98.1,118,35.3,35.0,35.3,121,35.0,114,49.6,48.5,35.3 / 121,35.0 / 114
4139,TX,Blue,M,72,72.6,96.3,128,36.4,36.2,36.4,127,36.2,128,48.2,48.1,36.4 / 127,36.2 / 128
4139,TX,White,M,72,70.6,93.7,125,35.7,34.9,35.7,124,34.9,125,47.2,46.5,35.7 / 124,34.9 / 125
4139,TX,Gold,M,72,67.5,89.3,118,34.2,33.3,34.2,114,33.3,121,44.8,44.5,34.2 / 114,33.3 / 121
4139,TX,Red,M,71,65.6,86.9,115,33.1,32.5,33.1,112,32.5,117,43.5,43.4,33.1 / 112,32.5 / 117
4139,TX,Blue,F,72,79.1,111.0,135,39.9,39.2,39.9,132,39.2,138,55.5,55.5,39.9 / 132,39.2 / 138
4139,TX,White,F,72,76.4,107.0,130,38.8,37.6,38.8,128,37.6,131,53.9,53.1,38.8 / 128,37.6 / 131
4139,TX,Gold,F,72,72.9,101.8,123,36.7,36.2,36.7,119,36.2,126,50.7,51.1,36.7 / 119,36.2 / 126
4139,TX,Red,F,71,70.7,98.5,118,35.5,35.2,35.5,114,35.2,122,48.9,49.6,35.5 / 114,35.2 / 122
4111,TX,Black,M,70,71.2,96.2,135,35.3,35.9,35.3,131,35.9,138,47.5,48.7,35.3 / 131,35.9 / 138
4111,TX,Blue,M,70,67.7,90.8,125,33.6,34.1,33.6,126,34.1,123,45.3,45.5,33.6 / 126,34.1 / 123
4111,TX,Blue/White Combo,M,70,66.1,87.8,117,33.0,33.1,33.0,114,33.1,119,43.6,44.2,33.0 / 114,33.1 / 119
4111,TX,White,M,70,65.1,86.0,113,32.4,32.7,32.4,109,32.7,116,42.5,43.5,32.4 / 109,32.7 / 116
4111,TX,White/Red Combo,M,70,63.1,83.3,109,31.3,31.8,31.3,109,31.8,109,41.4,41.9,31.3 / 109,31.8 / 109
4111,TX,Red,M,70,62.2,81.2,102,30.9,31.3,30.9,100,31.3,104,40.2,41.0,30.9 / 100,31.3 / 104
4111,TX,Black,F,70,78.2,111.2,140,38.6,39.6,38.6,136,39.6,144,54.6,56.6,38.6 / 136,39.6 / 144
4111,TX,Blue,F,70,73.7,105.6,135,36.6,37.1,36.6,131,37.1,139,52.1,53.5,36.6 / 131,37.1 / 139
4111,TX,Blue/White Combo,F,70,71.3,102.0,130,35.5,35.8,35.5,129,35.8,131,50.7,51.3,35.5 / 129,35.8 / 131
4111,TX,White,F,70,70.0,99.6,126,34.8,35.2,34.8,122,35.2,129,49.2,50.4,34.8 / 122,35.2 / 129
4111,TX,White/Red Combo,F,70,67.2,94.7,117,33.2,34.0,33.2,109,34.0,124,46.1,48.6,33.2 / 109,34.0 / 124
4111,TX,Red,F,70,65.1,91.7,113,31.8,33.3,31.8,106,33.3,120,44.3,47.4,31.8 / 106,33.3 / 120
4545,TX,Blue,M,72,71.3,94.5,125,35.4,35.9,35.4,126,35.9,124,47.1,47.4,35.4 / 126,35.9 / 124
4545,TX,White,M,72,68.8,90.7,118,34.3,34.5,34.3,121,34.5,115,45.5,45.2,34.3 / 121,34.5 / 115
4545,TX,Red/White Combo,M,72,67.0,87.2,109,33.4,33.6,33.4,110,33.6,108,43.6,43.6,33.4 / 110,33.6 / 108
4545,TX,Red,M,72,65.9,85.1,103,32.8,33.1,32.8,101,33.1,105,42.2,42.9,32.8 / 101,33.1 / 105
4545,TX,Blue,F,72,77.7,109.0,133,38.6,39.1,38.6,131,39.1,135,54.0,55.0,38.6 / 131,39.1 / 135
4545,TX,White,F,72,74.6,104.3,126,37.1,37.5,37.1,124,37.5,128,51.7,52.6,37.1 / 124,37.5 / 128
4545,TX,Red/White Combo,F,72,72.4,100.3,118,36.0,36.4,36.0,114,36.4,122,49.5,50.8,36.0 / 114,36.4 / 122
4545,TX,Red,F,72,70.6,97.5,114,34.7,35.9,34.7,112,35.9,116,47.9,49.6,34.7 / 112,35.9 / 116
4546,TX,Blue,M,69,70.7,93.5,123,36.6,34.1,36.6,129,34.1,116,48.6,44.9,36.6 / 129,34.1 / 116
4546,TX,White,M,69,68.2,89.6,115,35.3,32.9,35.3,116,32.9,114,46.1,43.5,35.3 / 116,32.9 / 114
4546,TX,Red,M,69,65.1,85.3,109,33.7,31.4,33.7,116,31.4,101,44.5,40.8,33.7 / 116,31.4 / 101
4546,TX,Gold,M,69,62.5,82.0,105,32.0,30.5,32.0,110,30.5,100,42.2,39.8,32.0 / 110,30.5 / 100
4546,TX,Blue,F,69,76.7,107.1,129,40.0,36.7,40.0,131,36.7,127,55.4,51.7,40.0 / 131,36.7 / 127
4546,TX,White,F,69,73.8,102.7,123,38.5,35.3,38.5,124,35.3,121,53.1,49.6,38.5 / 124,35.3 / 121
4546,TX,Red,F,69,70.3,97.5,116,36.9,33.4,36.9,117,33.4,114,50.7,46.8,36.9 / 117,33.4 / 114
4546,TX,Gold,F,69,66.2,91.5,107,34.4,31.8,34.4,110,31.8,104,47.4,44.1,34.4 / 110,31.8 / 104
12993,TX,Black,M,72,75.0,99.8,134,36.8,38.2,36.8,131,38.2,136,49.0,50.8,36.8 / 131,38.2 / 136
12993,TX,Blue,M,72,72.0,95.9,129,35.5,36.5,35.5,124,36.5,133,47.0,48.9,35.5 / 124,36.5 / 133
12993,TX,White,M,72,69.3,92.3,124,34.2,35.1,34.2,125,35.1,123,45.8,46.5,34.2 / 125,35.1 / 123
12993,TX,Red/White Combo,M,72,67.2,89.8,122,33.0,34.2,33.0,118,34.2,125,44.0,45.8,33.0 / 118,34.2 / 125
12993,TX,Red,M,72,66.0,88.1,119,32.2,33.8,32.2,118,33.8,119,43.2,44.9,32.2 / 118,33.8 / 119
12993,TX,Black,F,72,81.5,116.6,149,39.8,41.7,39.8,142,41.7,155,56.5,60.1,39.8 / 142,41.7 / 155
12993,TX,Blue,F,72,78.3,111.9,143,38.4,39.9,38.4,136,39.9,149,54.4,57.5,38.4 / 136,39.9 / 149
12993,TX,White,F,72,74.8,105.7,131,36.9,37.9,36.9,132,37.9,130,52.5,53.2,36.9 / 132,37.9 / 130
12993,TX,Red/White Combo,F,72,72.2,101.7,125,35.5,36.7,35.5,123,36.7,127,50.0,51.7,35.5 / 123,36.7 / 127
12993,TX,Red,F,72,70.2,98.5,120,34.5,35.7,34.5,113,35.7,127,47.8,50.7,34.5 / 113,35.7 / 127
20641,TX,Gold,M,71,72.6,96.1,127,36.7,35.9,36.7,130,35.9,123,48.8,47.3,36.7 / 130,35.9 / 123
20641,TX,Blue,M,71,70.5,93.3,123,35.4,35.1,35.4,129,35.1,116,47.4,45.9,35.4 / 129,35.1 / 116
20641,TX,White,M,71,69.2,91.5,120,34.8,34.4,34.8,126,34.4,114,46.5,45.0,34.8 / 126,34.4 / 114
20641,TX,Red,M,71,66.3,85.3,102,33.4,32.9,33.4,100,32.9,104,42.7,42.6,33.4 / 100,32.9 / 104
20641,TX,Gold,F,71,79.2,111.3,136,40.0,39.2,40.0,143,39.2,129,56.9,54.4,40.0 / 143,39.2 / 129
20641,TX,Blue,F,71,77.3,108.3,132,38.9,38.4,38.9,137,38.4,126,55.1,53.2,38.9 / 137,38.4 / 126
20641,TX,White,F,71,75.5,105.7,128,38.1,37.4,38.1,131,37.4,125,53.6,52.1,38.1 / 131,37.4 / 125
20641,TX,Red,F,71,71.2,99.7,121,35.6,35.6,35.6,126,35.6,115,50.5,49.2,35.6 / 126,35.6 / 115
36499,TX,Tips,M,72,77.6,106.3,148,37.7,39.9,37.7,140,39.9,155,50.7,55.6,37.7 / 140,39.9 / 155
36499,TX,I,M,72,76.5,103.7,147,37.0,39.5,37.0,142,39.5,151,50.2,53.5,37.0 / 142,39.5 / 151
36499,TX,II,M,72,74.5,100.7,141,36.0,38.5,36.0,135,38.5,147,48.5,52.2,36.0 / 135,38.5 / 147
36499,TX,III,M,72,70.1,94.7,133,33.8,36.3,33.8,126,36.3,139,45.5,49.2,33.8 / 126,36.3 / 139
36499,TX,IV,M,72,65.1,86.7,117,31.3,33.8,31.3,110,33.8,123,41.5,45.2,31.3 / 110,33.8 / 123
36499,TX,Tips,F,72,84.7,122.7,155,40.8,43.9,40.8,155,43.9,155,59.1,63.6,40.8 / 155,43.9 / 155
36499,TX,I,F,72,82.5,120.0,155,40.0,42.5,40.0,155,42.5,155,58.4,61.6,40.0 / 155,42.5 / 155
36499,TX,II,F,72,80.4,115.3,148,38.9,41.5,38.9,148,41.5,148,56.3,59.0,38.9 / 148,41.5 / 148
36499,TX,III,F,72,75.8,108.6,139,36.6,39.2,36.6,131,39.2,147,52.1,56.5,36.6 / 131,39.2 / 147
36499,TX,IV,F,72,69.6,98.5,123,33.4,36.2,33.4,118,36.2,127,47.3,51.2,33.4 / 118,36.2 / 127
4240,TX,The Wall,M,72,75.5,102.0,143,37.5,38.0,37.5,140,38.0,145,50.5,51.5,37.5 / 140,38.0 / 145
4240,TX,Harper's,M,72,74.1,99.9,139,36.7,37.4,36.7,136,37.4,142,49.3,50.6,36.7 / 136,37.4 / 142
4240,TX,The Falls,M,72,73.1,98.3,136,36.1,37.0,36.1,131,37.0,140,48.3,50.0,36.1 / 131,37.0 / 140
4240,TX,Whitewater,M,72,70.0,93.0,124,34.4,35.6,34.4,118,35.6,129,45.4,47.6,34.4 / 118,35.6 / 129
4240,TX,Baby Falls,M,72,66.7,87.9,114,33.0,33.7,33.0,110,33.7,118,43.2,44.7,33.0 / 110,33.7 / 118
4240,TX,The Wall,F,72,83.0,117.8,148,41.1,41.9,41.1,142,41.9,153,57.9,59.9,41.1 / 142,41.9 / 153
4240,TX,Harper's,F,72,81.3,115.1,143,40.2,41.1,40.2,138,41.1,148,56.5,58.6,40.2 / 138,41.1 / 148
4240,TX,The Falls,F,72,80.0,113.3,142,39.4,40.6,39.4,136,40.6,147,55.4,57.9,39.4 / 136,40.6 / 147
4240,TX,Whitewater,F,72,76.5,108.3,135,37.5,39.0,37.5,128,39.0,142,52.6,55.7,37.5 / 128,39.0 / 142
4240,TX,Baby Falls,F,72,71.1,100.1,123,35.0,36.1,35.0,119,36.1,127,49.0,51.1,35.0 / 119,36.1 / 127
3968,TX,White/Blue,M,72,70.6,92.4,117,35.1,35.5,35.1,115,35.5,119,45.8,46.6,35.1 / 115,35.5 / 119
3968,TX,Red/Black,M,72,65.9,86.4,111,31.9,34.0,31.9,107,34.0,114,41.8,44.6,31.9 / 107,34.0 / 114
3968,TX,White/Blue,F,72,76.2,106.2,128,37.9,38.3,37.9,125,38.3,130,52.6,53.6,37.9 / 125,38.3 / 130
3968,TX,Red/Black,F,72,69.9,97.5,117,33.4,36.5,33.4,114,36.5,120,46.8,50.7,33.4 / 114,36.5 / 120
4141,TX,Ghost,M,72,75.2,101.1,140,37.9,37.3,37.9,144,37.3,135,51.3,49.8,37.9 / 144,37.3 / 135
4141,TX,Black,M,72,73.2,97.6,132,36.9,36.3,36.9,135,36.3,128,49.4,48.2,36.9 / 135,36.3 / 128
4141,TX,Blue,M,72,70.9,94.8,129,35.7,35.2,35.7,131,35.2,126,47.9,46.9,35.7 / 131,35.2 / 126
4141,TX,White,M,72,68.6,90.5,118,34.5,34.1,34.5,123,34.1,113,45.9,44.6,34.5 / 123,34.1 / 113
4141,TX,Green,M,72,66.2,86.9,112,33.5,32.7,33.5,115,32.7,108,44.2,42.7,33.5 / 115,32.7 / 108
4141,TX,Green Short Tees,M,72,65.7,86.2,111,33.1,32.6,33.1,114,32.6,107,43.7,42.5,33.1 / 114,32.6 / 107
4141,TX,Ghost,F,72,82.7,118.2,149,41.5,41.2,41.5,155,41.2,142,60.2,58.0,41.5 / 155,41.2 / 142
4141,TX,Black,F,72,80.3,114.7,146,40.3,40.0,40.3,153,40.0,138,58.4,56.3,40.3 / 153,40.0 / 138
4141,TX,Blue,F,72,77.8,111.0,141,39.1,38.7,39.1,145,38.7,137,56.2,54.8,39.1 / 145,38.7 / 137
4141,TX,White,F,72,74.4,104.6,128,37.5,36.9,37.5,131,36.9,125,53.0,51.6,37.5 / 131,36.9 / 125
4141,TX,Green,F,72,71.2,100.0,122,35.9,35.3,35.9,126,35.3,118,50.8,49.2,35.9 / 126,35.3 / 118
4141,TX,Green Short Tees,F,72,70.6,99.1,121,35.5,35.1,35.5,124,35.1,118,50.1,49.0,35.5 / 124,35.1 / 118
35196,TX,Black,M,60,59.0,74.2,82,29.5,29.5,29.5,82,29.5,82,37.1,37.1,29.5 / 82,29.5 / 82
35196,TX,White,M,60,55.6,70.4,80,27.8,27.8,27.8,80,27.8,80,35.2,35.2,27.8 / 80,27.8 / 80
35196,TX,Orange,M,60,52.6,66.0,72,26.3,26.3,26.3,72,26.3,72,33.0,33.0,26.3 / 72,26.3 / 72
35196,TX,Black,F,60,61.0,81.6,87,30.5,30.5,30.5,87,30.5,87,40.8,40.8,30.5 / 87,30.5 / 87
35196,TX,White,F,60,57.4,77.0,83,28.7,28.7,28.7,83,28.7,83,38.5,38.5,28.7 / 83,28.7 / 83
35196,TX,Orange,F,60,54.6,71.8,73,27.3,27.3,27.3,73,27.3,73,35.9,35.9,27.3 / 73,27.3 / 73
4236,TX,Black,M,72,74.3,97.0,123,36.9,37.4,36.9,124,37.4,121,48.4,48.6,36.9 / 124,37.4 / 121
4236,TX,Forest,M,72,72.5,94.5,119,36.0,36.5,36.0,121,36.5,116,47.2,47.3,36.0 / 121,36.5 / 116
4236,TX,Blue,M,72,69.8,91.0,114,34.6,35.2,34.6,116,35.2,112,45.4,45.6,34.6 / 116,35.2 / 112
4236,TX,Stone,M,72,66.6,85.8,103,32.9,33.7,32.9,104,33.7,102,42.6,43.2,32.9 / 104,33.7 / 102
4236,TX,Copper,M,72,63.0,81.0,97,30.9,32.1,30.9,97,32.1,97,39.9,41.1,30.9 / 97,32.1 / 97
4236,TX,Blue,F,72,74.8,104.3,126,37.3,37.5,37.3,125,37.5,126,52.0,52.3,37.3 / 125,37.5 / 126
4236,TX,Stone,F,72,71.0,98.5,117,35.3,35.7,35.3,115,35.7,118,48.9,49.6,35.3 / 115,35.7 / 118
4236,TX,Copper,F,72,66.2,91.3,107,32.4,33.8,32.4,104,33.8,109,44.7,46.6,32.4 / 104,33.8 / 109
4541,TX,Forest,M,70,69.3,91.0,117,35.2,34.1,35.2,116,34.1,117,46.0,45.0,35.2 / 116,34.1 / 117
4541,TX,Blue,M,70,67.4,88.4,113,34.2,33.2,34.2,112,33.2,114,44.6,43.8,34.2 / 112,33.2 / 114
4541,TX,Stone,M,70,64.1,83.7,106,33.0,31.1,33.0,107,31.1,104,42.9,40.8,33.0 / 107,31.1 / 104
4541,TX,Copper,M,70,61.0,79.5,100,30.9,30.1,30.9,97,30.1,102,39.9,39.6,30.9 / 97,30.1 / 102
4541,TX,Forest,F,70,75.3,104.9,126,38.5,36.8,38.5,124,36.8,127,53.1,51.8,38.5 / 124,36.8 / 127
4541,TX,Blue,F,70,72.9,101.1,120,37.2,35.7,37.2,119,35.7,120,51.2,49.9,37.2 / 119,35.7 / 120
4541,TX,Stone,F,70,68.4,95.8,116,35.7,32.7,35.7,117,32.7,115,49.5,46.3,35.7 / 117,32.7 / 115
4541,TX,Copper,F,70,64.1,89.2,107,33.0,31.1,33.0,104,31.1,109,45.3,43.9,33.0 / 104,31.1 / 109
4083,TX,Black,M,72,70.4,92.6,120,35.3,35.1,35.3,123,35.1,116,46.7,45.9,35.3 / 123,35.1 / 116
4083,TX,Blue,M,72,68.8,90.1,115,35.0,33.8,35.0,118,33.8,111,46.0,44.1,35.0 / 118,33.8 / 111
4083,TX,White,M,72,66.6,87.5,112,33.6,33.0,33.6,119,33.0,105,44.7,42.8,33.6 / 119,33.0 / 105
4083,TX,Red,M,72,62.4,81.8,105,31.4,31.0,31.4,112,31.0,97,41.8,40.0,31.4 / 112,31.0 / 97
4083,TX,Black,F,72,76.2,108.1,135,38.2,38.0,38.2,138,38.0,132,54.5,53.6,38.2 / 138,38.0 / 132
4083,TX,Blue,F,72,74.2,105.0,131,37.7,36.5,37.7,136,36.5,126,53.7,51.3,37.7 / 136,36.5 / 126
4083,TX,White,F,72,71.7,101.3,126,36.2,35.5,36.2,130,35.5,121,51.5,49.8,36.2 / 130,35.5 / 121
4083,TX,Red,F,72,67.1,94.3,116,34.0,33.1,34.0,120,33.1,111,48.1,46.2,34.0 / 120,33.1 / 111
30197,TX,Blue,M,71,72.2,96.0,128,37.6,34.6,37.6,132,34.6,124,49.9,46.1,37.6 / 132,34.6 / 124
30197,TX,White,M,71,70.2,92.9,122,36.8,33.4,36.8,128,33.4,116,48.7,44.2,36.8 / 128,33.4 / 116
30197,TX,Yellow,M,71,66.7,87.5,112,35.0,31.7,35.0,113,31.7,111,45.5,42.0,35.0 / 113,31.7 / 111
30197,TX,Red,M,71,65.7,86.1,110,34.4,31.3,34.4,111,31.3,109,44.7,41.4,34.4 / 111,31.3 / 109
30197,TX,Yellow,F,74,71.6,101.2,126,37.7,33.9,37.7,135,33.9,116,53.6,47.6,37.7 / 135,33.9 / 116
30197,TX,Red,F,74,70.0,98.9,123,36.9,33.1,36.9,131,33.1,114,52.4,46.5,36.9 / 131,33.1 / 114
4386,TX,Tee 1,M,72,72.6,98.1,138,36.4,36.2,36.4,140,36.2,135,49.4,48.7,36.4 / 140,36.2 / 135
4386,TX,Tee 2,M,72,71.2,96.1,134,35.6,35.6,35.6,136,35.6,132,48.2,47.9,35.6 / 136,35.6 / 132
4386,TX,Tee 2/3,M,72,69.1,92.6,127,34.6,34.5,34.6,128,34.5,125,46.5,46.1,34.6 / 128,34.5 / 125
4386,TX,Tee 3,M,72,69.0,93.1,130,34.7,34.3,34.7,128,34.3,131,46.6,46.5,34.7 / 128,34.3 / 131
4386,TX,Tee 3/4,M,72,66.7,89.0,120,33.3,33.4,33.3,121,33.4,119,44.5,44.5,33.3 / 121,33.4 / 119
4386,TX,Tee 4,M,72,65.7,87.4,117,33.1,32.6,33.1,122,32.6,112,44.4,43.0,33.1 / 122,32.6 / 112
4386,TX,Tee 5,M,67,59.1,76.8,95,29.5,29.6,29.5,101,29.6,89,38.9,37.9,29.5 / 101,29.6 / 89
4386,TX,Tee 1,F,72,79.1,112.1,140,39.7,39.4,39.7,142,39.4,137,56.5,55.6,39.7 / 142,39.4 / 137
4386,TX,Tee 2,F,72,76.9,108.8,135,38.6,38.3,38.6,137,38.3,133,54.8,54.0,38.6 / 137,38.3 / 133
4386,TX,Tee 2/3,F,72,75.7,107.0,133,37.9,37.8,37.9,135,37.8,131,53.8,53.2,37.9 / 135,37.8 / 131
4386,TX,Tee 3,F,72,74.0,104.6,130,37.2,36.8,37.2,132,36.8,127,52.8,51.8,37.2 / 132,36.8 / 127
4386,TX,Tee 3/4,F,72,72.1,101.9,127,36.1,36.0,36.1,129,36.0,124,51.3,50.6,36.1 / 129,36.0 / 124
4386,TX,Tee 4,F,72,69.6,98.5,123,35.0,34.6,35.0,124,34.6,121,49.6,48.9,35.0 / 124,34.6 / 121
4386,TX,Tee 5,F,67,61.3,85.3,102,30.9,30.4,30.9,103,30.4,101,43.0,42.3,30.9 / 103,30.4 / 101
20645,TX,Blue,M,70,69.9,91.8,118,34.8,35.1,34.8,115,35.1,121,45.5,46.3,34.8 / 115,35.1 / 121
20645,TX,White,M,70,69.2,90.9,117,34.5,34.7,34.5,114,34.7,119,45.1,45.8,34.5 / 114,34.7 / 119
20645,TX,Gold,M,70,66.0,86.9,113,32.4,33.6,32.4,109,33.6,116,42.5,44.4,32.4 / 109,33.6 / 116
20645,TX,Black,M,70,63.3,83.1,107,31.3,32.0,31.3,103,32.0,110,40.9,42.2,31.3 / 103,32.0 / 110
20645,TX,Red,M,70,63.1,82.7,106,31.2,31.9,31.2,102,31.9,109,40.7,42.0,31.2 / 102,31.9 / 109
20645,TX,Blue,F,70,75.4,106.2,131,37.5,37.9,37.5,128,37.9,133,52.6,53.6,37.5 / 128,37.9 / 133
20645,TX,White,F,70,74.7,105.1,129,37.2,37.5,37.2,126,37.5,131,52.1,53.0,37.2 / 126,37.5 / 131
20645,TX,Gold,F,70,71.2,99.8,122,35.1,36.1,35.1,117,36.1,126,48.9,50.9,35.1 / 117,36.1 / 126
20645,TX,Black,F,70,67.6,94.4,114,33.5,34.1,33.5,110,34.1,117,46.5,47.9,33.5 / 110,34.1 / 117
20645,TX,Red,F,70,67.3,93.9,113,33.4,33.9,33.4,109,33.9,116,46.3,47.6,33.4 / 109,33.9 / 116
4028,TX,Blue,M,72,71.8,94.6,123,35.6,36.2,35.6,122,36.2,124,46.9,47.7,35.6 / 122,36.2 / 124
4028,TX,White,M,72,70.6,92.9,120,35.1,35.5,35.1,119,35.5,121,46.2,46.7,35.1 / 119,35.5 / 121
4028,TX,White/Gold Combo,M,72,68.4,90.3,118,34.2,34.2,34.2,115,34.2,121,44.9,45.4,34.2 / 115,34.2 / 121
4028,TX,Gold,M,72,67.0,88.0,113,33.6,33.4,33.6,113,33.4,113,44.1,43.9,33.6 / 113,33.4 / 113
4028,TX,Red,M,72,65.4,85.8,110,32.8,32.6,32.8,111,32.6,109,43.1,42.7,32.8 / 111,32.6 / 109
4028,TX,Gold,F,72,72.8,101.5,122,36.4,36.4,36.4,120,36.4,123,50.6,50.9,36.4 / 120,36.4 / 123
4028,TX,Red,F,72,70.9,98.5,117,35.5,35.4,35.5,116,35.4,118,49.2,49.3,35.5 / 116,35.4 / 118
4057,TX,Black,M,72,75.9,101.7,139,37.8,38.1,37.8,136,38.1,142,50.4,51.3,37.8 / 136,38.1 / 142
4057,TX,Black/Blue,M,72,74.7,100.0,136,37.1,37.6,37.1,132,37.6,140,49.4,50.6,37.1 / 132,37.6 / 140
4057,TX,Blue,M,72,73.6,98.6,135,36.7,36.9,36.7,131,36.9,138,48.9,49.7,36.7 / 131,36.9 / 138
4057,TX,Blue/White,M,72,72.2,96.8,133,35.8,36.4,35.8,129,36.4,136,47.8,49.0,35.8 / 129,36.4 / 136
4057,TX,White,M,72,70.5,94.5,129,35.2,35.3,35.2,128,35.3,130,47.1,47.4,35.2 / 128,35.3 / 130
4057,TX,Gold,M,72,69.0,93.2,130,34.5,34.5,34.5,132,34.5,128,46.8,46.4,34.5 / 132,34.5 / 128
4057,TX,White/Red,M,72,66.8,90.4,127,33.0,33.8,33.0,126,33.8,128,44.7,45.7,33.0 / 126,33.8 / 128
4057,TX,Red,M,72,64.9,87.0,119,32.0,32.9,32.0,117,32.9,121,42.9,44.1,32.0 / 117,32.9 / 121
4057,TX,Black,F,72,82.9,118.7,152,41.1,41.8,41.1,153,41.8,151,59.1,59.6,41.1 / 153,41.8 / 151
4057,TX,Black/Blue,F,72,81.4,116.5,149,40.2,41.2,40.2,149,41.2,148,57.8,58.7,40.2 / 149,41.2 / 148
4057,TX,Blue,F,72,80.0,114.5,147,39.7,40.3,39.7,147,40.3,146,57.0,57.5,39.7 / 147,40.3 / 146
4057,TX,Blue/White,F,72,78.4,112.6,145,38.7,39.7,38.7,145,39.7,145,55.8,56.8,38.7 / 145,39.7 / 145
4057,TX,White,F,72,76.8,110.2,142,38.1,38.7,38.1,142,38.7,141,54.9,55.3,38.1 / 142,38.7 / 141
4057,TX,Gold,F,72,74.9,107.4,138,37.2,37.7,37.2,139,37.7,137,53.6,53.8,37.2 / 139,37.7 / 137
4057,TX,White/Red,F,72,72.3,103.2,131,35.6,36.7,35.6,131,36.7,131,51.0,52.2,35.6 / 131,36.7 / 131
4057,TX,Red,F,72,70.0,99.4,125,34.4,35.6,34.4,125,35.6,125,49.1,50.3,34.4 / 125,35.6 / 125
4596,TX,Blue,M,70,68.5,92.1,127,34.9,33.6,34.9,130,33.6,124,47.0,45.1,34.9 / 130,33.6 / 124
4596,TX,Purple,M,70,67.5,90.7,125,34.5,33.0,34.5,128,33.0,122,46.4,44.3,34.5 / 128,33.0 / 122
4596,TX,White,M,70,66.9,89.9,124,34.1,32.8,34.1,127,32.8,121,45.9,44.0,34.1 / 127,32.8 / 121
4596,TX,Green,M,70,64.9,85.9,113,32.6,32.3,32.6,113,32.3,113,43.1,42.8,32.6 / 113,32.3 / 113
4596,TX,Gold,M,70,63.3,84.0,112,31.6,31.7,31.6,110,31.7,113,41.8,42.2,31.6 / 110,31.7 / 113
4596,TX,Red,M,70,62.0,82.2,109,31.3,30.7,31.3,109,30.7,109,41.4,40.8,31.3 / 109,30.7 / 109
4596,TX,Blue,F,70,73.3,105.5,137,37.4,35.9,37.4,144,35.9,129,54.4,51.1,37.4 / 144,35.9 / 129
4596,TX,Purple,F,70,72.1,103.6,134,36.9,35.2,36.9,142,35.2,126,53.6,50.0,36.9 / 142,35.2 / 126
4596,TX,White,F,70,71.3,102.6,133,36.4,34.9,36.4,140,34.9,126,52.9,49.7,36.4 / 140,34.9 / 126
4596,TX,Green,F,70,68.8,98.4,126,34.7,34.1,34.7,129,34.1,122,49.9,48.5,34.7 / 129,34.1 / 122
4596,TX,Gold,F,70,67.8,96.1,120,33.9,33.9,33.9,120,33.9,120,48.1,48.0,33.9 / 120,33.9 / 120
4596,TX,Red,F,70,65.9,93.1,116,33.6,32.3,33.6,119,32.3,112,47.6,45.5,33.6 / 119,32.3 / 112
28561,TX,Blue,M,70,65.6,87.4,117,32.8,32.8,32.8,117,32.8,117,43.7,43.7,32.8 / 117,32.8 / 117
28561,TX,White,M,70,64.6,85.8,114,32.3,32.3,32.3,114,32.3,114,42.9,42.9,32.3 / 114,32.3 / 114
28561,TX,Gold,M,70,62.4,82.8,110,31.2,31.2,31.2,110,31.2,110,41.4,41.4,31.2 / 110,31.2 / 110
28561,TX,Red,F,70,65.4,91.6,111,32.7,32.7,32.7,111,32.7,111,45.8,45.8,32.7 / 111,32.7 / 111
27041,TX,White/Black,M,72,69.9,92.6,122,34.5,35.4,34.5,117,35.4,127,45.4,47.2,34.5 / 117,35.4 / 127
27041,TX,Silver/Blue,M,72,67.4,88.0,111,33.4,34.0,33.4,108,34.0,114,43.4,44.6,33.4 / 108,34.0 / 114
27041,TX,Red/Yellow,M,72,64.0,82.9,102,31.9,32.1,31.9,103,32.1,100,41.5,41.4,31.9 / 103,32.1 / 100
27041,TX,White/Black,F,72,76.6,107.3,130,37.6,39.0,37.6,131,39.0,129,53.1,54.2,37.6 / 131,39.0 / 129
27041,TX,Silver/Blue,F,72,72.1,102.3,128,35.6,36.5,35.6,124,36.5,132,50.2,52.1,35.6 / 124,36.5 / 132
27041,TX,Red/Yellow,F,72,68.2,93.2,106,34.1,34.1,34.1,107,34.1,105,46.7,46.5,34.1 / 107,34.1 / 105
4591,TX,Professional,M,71,74.0,98.4,131,36.6,37.4,36.6,130,37.4,132,48.7,49.7,36.6 / 130,37.4 / 132
4591,TX,Masters,M,71,71.3,94.7,126,35.3,36.0,35.3,124,36.0,128,46.8,47.9,35.3 / 124,36.0 / 128
4591,TX,Member,M,71,68.8,91.2,121,33.8,35.0,33.8,114,35.0,127,44.4,46.8,33.8 / 114,35.0 / 127
4591,TX,Red,M,71,65.0,86.4,116,32.2,32.8,32.2,108,32.8,123,42.2,44.2,32.2 / 108,32.8 / 123
4591,TX,Members,F,71,74.3,104.9,130,36.4,37.9,36.4,127,37.9,132,51.4,53.5,36.4 / 127,37.9 / 132
4591,TX,Red,F,71,69.8,98.0,120,34.3,35.5,34.3,116,35.5,123,48.0,50.0,34.3 / 116,35.5 / 123
4593,TX,Professional,M,72,75.7,101.6,139,37.4,38.3,37.4,132,38.3,146,49.7,51.9,37.4 / 132,38.3 / 146
4593,TX,Masters,M,72,72.9,97.7,134,36.0,36.9,36.0,128,36.9,139,47.9,49.8,36.0 / 128,36.9 / 139
4593,TX,Members,M,72,70.2,94.3,130,35.0,35.2,35.0,127,35.2,132,46.8,47.5,35.0 / 127,35.2 / 132
4593,TX,Red,M,72,67.6,91.0,126,32.8,34.8,32.8,123,34.8,129,44.2,46.8,32.8 / 123,34.8 / 129
4593,TX,Members,F,72,75.7,107.4,135,37.9,37.8,37.9,132,37.8,137,53.5,53.9,37.9 / 132,37.8 / 137
4593,TX,Red,F,72,71.2,100.7,125,35.5,35.7,35.5,123,35.7,127,50.0,50.7,35.5 / 123,35.7 / 127
4592,TX,Professional,M,71,74.9,100.6,138,38.3,36.6,38.3,146,36.6,130,51.9,48.7,38.3 / 146,36.6 / 130
4592,TX,Masters,M,71,72.2,96.6,132,36.9,35.3,36.9,139,35.3,124,49.8,46.8,36.9 / 139,35.3 / 124
4592,TX,Members,M,71,69.0,91.9,123,35.2,33.8,35.2,132,33.8,114,47.5,44.4,35.2 / 132,33.8 / 114
4592,TX,Red,M,71,67.0,89.0,119,34.8,32.2,34.8,129,32.2,108,46.8,42.2,34.8 / 129,32.2 / 108
4592,TX,Members,F,71,74.2,105.4,132,37.8,36.4,37.8,137,36.4,127,54.0,51.4,37.8 / 137,36.4 / 127
4592,TX,Red,F,71,70.0,98.7,122,35.7,34.3,35.7,127,34.3,116,50.7,48.0,35.7 / 127,34.3 / 116
4348,TX,Black,M,72,74.7,101.3,143,37.8,36.9,37.8,146,36.9,140,51.4,49.9,37.8 / 146,36.9 / 140
4348,TX,Blue,M,72,72.2,98.1,140,36.5,35.7,36.5,142,35.7,137,49.7,48.4,36.5 / 142,35.7 / 137
4348,TX,Blue/White,M,72,70.8,96.1,137,35.8,35.0,35.8,138,35.0,135,48.6,47.5,35.8 / 138,35.0 / 135
4348,TX,White,M,72,69.8,94.8,135,35.4,34.4,35.4,137,34.4,133,48.0,46.8,35.4 / 137,34.4 / 133
4348,TX,White/Green,M,72,67.7,91.9,130,34.5,33.2,34.5,131,33.2,128,46.8,45.1,34.5 / 131,33.2 / 128
4348,TX,Green,M,72,66.6,89.5,124,33.8,32.8,33.8,122,32.8,125,45.1,44.4,33.8 / 122,32.8 / 125
4348,TX,Green/Red,M,72,65.2,87.6,121,33.2,32.0,33.2,117,32.0,124,44.1,43.5,33.2 / 117,32.0 / 124
4348,TX,Red,M,72,63.8,86.1,120,32.3,31.5,32.3,118,31.5,122,43.3,42.8,32.3 / 118,31.5 / 122
4348,TX,Black,F,72,81.4,118.6,155,41.2,40.2,41.2,155,40.2,155,60.1,58.5,41.2 / 155,40.2 / 155
4348,TX,Blue,F,72,78.5,113.9,150,39.7,38.8,39.7,152,38.8,148,57.6,56.3,39.7 / 152,38.8 / 148
4348,TX,Blue/White,F,72,76.8,111.7,147,38.9,37.9,38.9,149,37.9,145,56.6,55.1,38.9 / 149,37.9 / 145
4348,TX,White,F,72,75.4,109.6,145,38.4,37.0,38.4,147,37.0,142,55.9,53.7,38.4 / 147,37.0 / 142
4348,TX,White/Green,F,72,72.9,105.9,140,37.3,35.6,37.3,143,35.6,137,54.2,51.7,37.3 / 143,35.6 / 137
4348,TX,Green,F,72,71.0,103.0,136,35.8,35.2,35.8,137,35.2,134,52.0,51.0,35.8 / 137,35.2 / 134
4348,TX,Green/Red,F,72,69.2,100.5,133,35.0,34.2,35.0,133,34.2,132,50.7,49.8,35.0 / 133,34.2 / 132
4348,TX,Red,F,72,67.4,97.0,126,33.9,33.5,33.9,124,33.5,127,48.5,48.5,33.9 / 124,33.5 / 127
4349,TX,Black,M,71,74.6,100.7,141,38.4,36.2,38.4,140,36.2,141,51.4,49.3,38.4 / 140,36.2 / 141
4349,TX,Blue,M,71,71.7,96.8,136,36.7,35.0,36.7,135,35.0,136,49.2,47.6,36.7 / 135,35.0 / 136
4349,TX,Blue/White,M,71,71.1,95.7,132,36.3,34.8,36.3,131,34.8,133,48.5,47.2,36.3 / 131,34.8 / 133
4349,TX,White,M,71,69.6,93.3,128,35.1,34.5,35.1,129,34.5,126,47.1,46.2,35.1 / 129,34.5 / 126
4349,TX,White/Green,M,71,67.3,90.8,126,34.2,33.1,34.2,128,33.1,124,46.2,44.6,34.2 / 128,33.1 / 124
4349,TX,Green,M,71,66.3,89.4,125,33.4,32.9,33.4,126,32.9,123,45.1,44.3,33.4 / 126,32.9 / 123
4349,TX,Green / Red,M,70,65.2,87.8,122,33.0,32.2,33.0,124,32.2,119,44.5,43.3,33.0 / 124,32.2 / 119
4349,TX,White,F,71,74.8,108.2,142,37.9,36.9,37.9,143,36.9,140,54.8,53.4,37.9 / 143,36.9 / 140
4349,TX,White/Green,F,71,72.8,104.3,134,37.4,35.4,37.4,138,35.4,129,53.7,50.6,37.4 / 138,35.4 / 129
4349,TX,Green,F,71,71.8,102.4,130,36.5,35.3,36.5,131,35.3,128,52.0,50.4,36.5 / 131,35.3 / 128
4349,TX,Red,F,71,70.1,99.4,124,35.3,34.8,35.3,126,34.8,122,50.2,49.2,35.3 / 126,34.8 / 122
4349,TX,Green / Red,F,71,69.8,99.9,128,36.0,33.8,36.0,131,33.8,124,51.5,48.4,36.0 / 131,33.8 / 124
23719,TX,Black,M,72,76.5,102.2,138,39.6,36.9,39.6,144,36.9,132,53.0,49.2,39.6 / 144,36.9 / 132
23719,TX,Gold,M,72,74.5,99.4,134,38.6,35.9,38.6,140,35.9,128,51.6,47.8,38.6 / 140,35.9 / 128
23719,TX,Gold/Blue Combo,M,72,73.0,97.1,130,37.5,35.5,37.5,135,35.5,125,50.0,47.1,37.5 / 135,35.5 / 125
23719,TX,Blue,M,72,71.9,95.8,129,37.3,34.6,37.3,135,34.6,123,49.8,46.0,37.3 / 135,34.6 / 123
23719,TX,White,M,72,69.8,92.8,124,36.4,33.4,36.4,131,33.4,116,48.6,44.2,36.4 / 131,33.4 / 116
23719,TX,Red,M,72,67.6,88.7,114,34.7,32.9,34.7,119,32.9,108,45.8,42.9,34.7 / 119,32.9 / 108
23719,TX,White,F,72,74.5,105.3,131,39.3,35.2,39.3,134,35.2,127,55.1,50.2,39.3 / 134,35.2 / 127
23719,TX,Red,F,72,71.0,99.5,121,36.7,34.3,36.7,127,34.3,114,51.7,47.8,36.7 / 127,34.3 / 114
4026,TX,Tournament,M,72,76.4,103.9,148,38.0,38.4,38.0,149,38.4,147,51.8,52.1,38.0 / 149,38.4 / 147
4026,TX,Combo Black/Blue,M,72,73.8,100.4,143,36.7,37.1,36.7,144,37.1,142,50.1,50.3,36.7 / 144,37.1 / 142
4026,TX,Blue,M,72,72.5,98.5,140,36.1,36.4,36.1,141,36.4,139,49.2,49.3,36.1 / 141,36.4 / 139
4026,TX,Combo Blue/White,M,72,70.6,95.6,135,34.8,35.8,34.8,128,35.8,141,46.7,48.9,34.8 / 128,35.8 / 141
4026,TX,White,M,72,69.6,92.7,128,34.4,35.2,34.4,124,35.2,131,45.9,47.4,34.4 / 124,35.2 / 131
4026,TX,Combo White/Green,M,72,68.1,91.2,124,33.9,34.2,33.9,118,34.2,130,44.9,46.3,33.9 / 118,34.2 / 130
4026,TX,Green,M,72,66.6,88.5,118,33.1,33.5,33.1,111,33.5,125,43.4,45.1,33.1 / 111,33.5 / 125
4026,TX,Blue,F,72,78.4,112.0,143,39.1,39.3,39.1,145,39.3,140,56.2,55.8,39.1 / 145,39.3 / 140
4026,TX,Combo Blue/White,F,72,76.2,108.6,137,37.5,38.7,37.5,137,38.7,137,53.7,54.9,37.5 / 137,38.7 / 137
4026,TX,White,F,72,75.1,107.0,136,37.1,38.0,37.1,136,38.0,135,53.1,53.9,37.1 / 136,38.0 / 135
4026,TX,Combo White/Green,F,72,73.5,104.5,131,36.5,37.0,36.5,131,37.0,131,52.0,52.5,36.5 / 131,37.0 / 131
4026,TX,Green,F,72,71.9,101.9,128,35.6,36.3,35.6,126,36.3,129,50.4,51.5,35.6 / 126,36.3 / 129
4221,TX,Black,M,72,77.1,104.4,147,38.7,38.4,38.7,151,38.4,143,52.7,51.7,38.7 / 151,38.4 / 143
4221,TX,Black/Blue Combo,M,72,75.4,102.3,145,38.0,37.4,38.0,144,37.4,145,51.4,50.9,38.0 / 144,37.4 / 145
4221,TX,Blue,M,72,73.8,100.5,144,37.1,36.7,37.1,140,36.7,147,50.1,50.4,37.1 / 140,36.7 / 147
4221,TX,Blue/White Combo,M,72,72.6,98.7,141,36.7,35.9,36.7,139,35.9,142,49.6,49.1,36.7 / 139,35.9 / 142
4221,TX,White,M,72,72.0,97.4,137,36.3,35.7,36.3,137,35.7,137,49.0,48.4,36.3 / 137,35.7 / 137
4221,TX,White/Gold Combo,M,72,70.6,94.7,130,35.6,35.0,35.6,128,35.0,131,47.5,47.2,35.6 / 128,35.0 / 131
4221,TX,Gold,M,72,69.6,92.8,125,35.0,34.6,35.0,124,34.6,126,46.5,46.3,35.0 / 124,34.6 / 126
4221,TX,Gold/Green Combo,M,72,68.2,90.6,121,34.3,33.9,34.3,121,33.9,121,45.5,45.1,34.3 / 121,33.9 / 121
4221,TX,Green,M,72,66.2,87.3,114,32.9,33.3,32.9,114,33.3,113,43.5,43.8,32.9 / 114,33.3 / 113
4221,TX,Black,F,72,84.5,122.6,155,42.1,42.4,42.1,155,42.4,155,61.1,61.5,42.1 / 155,42.4 / 155
4221,TX,Black/Blue Combo,F,72,82.8,120.1,155,41.4,41.4,41.4,155,41.4,155,60.2,59.9,41.4 / 155,41.4 / 155
4221,TX,Blue,F,72,81.2,117.7,154,40.6,40.6,40.6,153,40.6,155,58.7,59.0,40.6 / 153,40.6 / 155
4221,TX,Blue/White Combo,F,72,79.5,115.0,151,40.0,39.5,40.0,153,39.5,148,58.0,57.0,40.0 / 153,39.5 / 148
4221,TX,White,F,72,78.4,113.3,148,39.3,39.1,39.3,151,39.1,145,57.1,56.2,39.3 / 151,39.1 / 145
4221,TX,White old,F,72,78.0,109.9,136,39.2,38.8,39.2,136,38.8,135,55.2,54.7,39.2 / 136,38.8 / 135
4221,TX,White/Gold Combo,F,72,77.0,109.8,139,38.6,38.4,38.6,140,38.4,138,55.1,54.7,38.6 / 140,38.4 / 138
4221,TX,Gold,F,72,75.3,107.6,137,37.9,37.4,37.9,134,37.4,140,53.7,53.9,37.9 / 134,37.4 / 140
4221,TX,Gold/Green Combo,F,72,73.4,104.3,131,37.0,36.4,37.0,132,36.4,130,52.6,51.7,37.0 / 132,36.4 / 130
4221,TX,Green,F,72,72.0,101.0,123,36.1,35.9,36.1,120,35.9,126,50.3,50.7,36.1 / 120,35.9 / 126
4643,TX,Blue / White,M,72,70.1,93.0,124,35.0,35.1,35.0,126,35.1,121,46.7,46.3,35.0 / 126,35.1 / 121
4643,TX,Red / White,M,72,67.3,87.4,108,32.2,35.1,32.2,97,35.1,119,41.2,46.2,32.2 / 97,35.1 / 119
4643,TX,Red / Yellow,M,72,64.3,82.5,98,32.2,32.1,32.2,97,32.1,99,41.2,41.3,32.2 / 97,32.1 / 99
4643,TX,Blue / White,F,72,76.5,106.9,129,38.3,38.2,38.3,129,38.2,129,53.5,53.4,38.3 / 129,38.2 / 129
4643,TX,Red / White,F,72,73.1,102.4,125,34.9,38.2,34.9,120,38.2,129,49.0,53.4,34.9 / 120,38.2 / 129
4643,TX,Red / Yellow,F,72,69.8,98.0,120,34.9,34.9,34.9,120,34.9,120,49.0,49.0,34.9 / 120,34.9 / 120
33554,TX,Men's Tee,M,70,66.2,86.7,111,32.8,33.4,32.8,109,33.4,112,42.9,43.8,32.8 / 109,33.4 / 112
33554,TX,Combo Tee,M,70,63.3,82.0,101,31.1,32.2,31.1,96,32.2,105,40.0,42.0,31.1 / 96,32.2 / 105
33554,TX,Senior Tee,M,70,62.2,80.0,96,31.1,31.1,31.1,96,31.1,96,40.0,40.0,31.1 / 96,31.1 / 96
33554,TX,Women's Tee,M,70,61.8,79.4,95,30.9,30.9,30.9,95,30.9,95,39.7,39.7,30.9 / 95,30.9 / 95
33554,TX,Men's Tee,F,70,70.9,99.8,123,35.0,35.9,35.0,122,35.9,123,49.4,50.4,35.0 / 122,35.9 / 123
33554,TX,Combo Tee,F,70,67.2,92.8,109,32.6,34.6,32.6,110,34.6,107,45.6,47.2,32.6 / 110,34.6 / 107
33554,TX,Senior Tee,F,70,65.2,90.4,107,32.6,32.6,32.6,107,32.6,107,45.2,45.2,32.6 / 107,32.6 / 107
33554,TX,Women's Tee,F,70,64.4,88.7,103,32.2,32.2,32.2,103,32.2,103,44.3,44.4,32.2 / 103,32.2 / 103
4409,TX,White,M,72,73.4,96.6,125,36.7,36.7,36.7,125,36.7,125,48.3,48.3,36.7 / 125,36.7 / 125
4409,TX,Red/White,M,72,71.9,95.0,124,35.7,36.2,35.7,125,36.2,124,47.3,47.7,35.7 / 125,36.2 / 124
4409,TX,Red,M,72,70.4,93.2,123,35.2,35.2,35.2,123,35.2,123,46.6,46.6,35.2 / 123,35.2 / 123
4409,TX,Red/Black Combo,M,72,68.5,90.3,117,34.5,34.0,34.5,119,34.0,115,45.6,44.7,34.5 / 119,34.0 / 115
4409,TX,Black,M,72,66.6,87.4,112,33.3,33.3,33.3,112,33.3,112,43.7,43.7,33.3 / 112,33.3 / 112
4409,TX,Blue,M,72,64.6,84.4,107,32.3,32.3,32.3,107,32.3,107,42.2,42.2,32.3 / 107,32.3 / 107
4409,TX,Blue/Yellow,M,72,63.5,82.9,104,31.5,32.0,31.5,104,32.0,104,41.2,41.7,31.5 / 104,32.0 / 104
4409,TX,Yellow,M,72,62.6,81.6,102,31.3,31.3,31.3,102,31.3,102,40.8,40.8,31.3 / 102,31.3 / 102
4409,TX,White,F,72,80.0,112.7,139,40.0,40.0,40.0,139,40.0,138,56.4,56.3,40.0 / 139,40.0 / 138
4409,TX,Red/White,F,72,78.3,109.8,134,38.8,39.5,38.8,132,39.5,135,54.4,55.4,38.8 / 132,39.5 / 135
4409,TX,Red,F,72,77.0,107.0,127,38.5,38.5,38.5,127,38.5,127,53.5,53.5,38.5 / 127,38.5 / 127
4409,TX,Red/Black Combo,F,72,74.5,103.8,125,37.5,37.0,37.5,126,37.0,122,52.4,51.4,37.5 / 126,37.0 / 122
4409,TX,Black,F,72,72.4,100.6,124,36.2,36.2,36.2,124,36.2,124,50.8,50.8,36.2 / 124,36.2 / 124
4409,TX,Blue,F,72,69.2,97.4,120,34.6,34.6,34.6,120,34.6,120,48.7,48.7,34.6 / 120,34.6 / 120
4409,TX,Blue/Yellow,F,72,68.4,95.6,115,33.9,34.5,33.9,114,34.5,116,47.4,48.2,33.9 / 114,34.5 / 116
4409,TX,Yellow,F,72,67.4,94.2,114,33.7,33.7,33.7,114,33.7,114,47.1,47.1,33.7 / 114,33.7 / 114
4503,TX,White/Blue,M,72,68.6,90.4,117,34.1,34.5,34.1,118,34.5,116,45.1,45.3,34.1 / 118,34.5 / 116
4503,TX,Red/Gold,M,72,62.6,82.2,105,31.3,31.3,31.3,105,31.3,105,41.1,41.1,31.3 / 105,31.3 / 105
4503,TX,White/Blue,F,72,74.5,103.4,123,37.0,37.5,37.0,122,37.5,123,51.4,52.0,37.0 / 122,37.5 / 123
4503,TX,Red/Gold,F,72,67.2,92.4,107,33.6,33.6,33.6,107,33.6,107,46.2,46.2,33.6 / 107,33.6 / 107
4290,TX,Gold,M,72,74.0,100.7,144,37.5,36.5,37.5,144,36.5,143,50.9,49.8,37.5 / 144,36.5 / 143
4290,TX,Blue,M,72,72.2,97.9,139,36.9,35.3,36.9,138,35.3,139,49.7,48.2,36.9 / 138,35.3 / 139
4290,TX,White,M,72,70.1,94.2,130,35.8,34.3,35.8,135,34.3,125,48.3,45.9,35.8 / 135,34.3 / 125
4290,TX,Red,M,72,66.9,88.3,115,34.0,32.9,34.0,112,32.9,118,44.4,43.9,34.0 / 112,32.9 / 118
4290,TX,Gold,F,72,81.2,119.3,155,41.2,40.0,41.2,155,40.0,155,60.2,59.1,41.2 / 155,40.0 / 155
4290,TX,Blue,F,72,79.2,114.8,151,40.3,38.9,40.3,153,38.9,148,58.4,56.4,40.3 / 153,38.9 / 148
4290,TX,White,F,72,76.4,111.7,150,39.1,37.3,39.1,153,37.3,147,57.1,54.6,39.1 / 153,37.3 / 147
4290,TX,Red,F,72,72.2,103.3,132,36.6,35.6,36.6,132,35.6,131,52.2,51.1,36.6 / 132,35.6 / 131
4257,TX,Black,M,72,72.9,96.2,126,37.0,35.9,37.0,129,35.9,122,49.0,47.2,37.0 / 129,35.9 / 122
4257,TX,Blue,M,72,70.9,93.7,123,35.8,35.1,35.8,124,35.1,122,47.3,46.4,35.8 / 124,35.1 / 122
4257,TX,White,M,72,68.5,90.7,119,34.4,34.1,34.4,119,34.1,119,45.5,45.2,34.4 / 119,34.1 / 119
4257,TX,Gold,M,72,66.1,87.5,115,33.1,33.0,33.1,116,33.0,114,43.9,43.6,33.1 / 116,33.0 / 114
4257,TX,Red,M,72,64.4,85.1,112,32.0,32.4,32.0,112,32.4,111,42.4,42.7,32.0 / 112,32.4 / 111
4257,TX,Black,F,72,79.4,111.8,138,40.0,39.4,40.0,139,39.4,136,56.4,55.4,40.0 / 139,39.4 / 136
4257,TX,Blue,F,72,76.8,108.0,132,38.5,38.3,38.5,133,38.3,131,54.2,53.8,38.5 / 133,38.3 / 131
4257,TX,White,F,72,73.8,103.4,126,36.8,37.0,36.8,126,37.0,126,51.6,51.8,36.8 / 126,37.0 / 126
4257,TX,Gold,F,72,70.8,99.1,120,35.3,35.5,35.3,120,35.5,120,49.4,49.7,35.3 / 120,35.5 / 120
4257,TX,Red,F,72,68.7,96.7,120,33.9,34.8,33.9,119,34.8,120,47.8,48.9,33.9 / 119,34.8 / 120
3987,TX,Black,M,72,73.5,97.7,130,36.7,36.8,36.7,133,36.8,127,49.1,48.6,36.7 / 133,36.8 / 127
3987,TX,Blue,M,72,71.4,94.9,127,35.7,35.7,35.7,130,35.7,123,47.8,47.1,35.7 / 130,35.7 / 123
3987,TX,White,M,72,69.5,92.3,123,34.7,34.8,34.7,127,34.8,118,46.5,45.8,34.7 / 127,34.8 / 118
3987,TX,Purple,M,72,64.9,86.1,114,32.2,32.7,32.2,117,32.7,111,43.1,43.0,32.2 / 117,32.7 / 111
3987,TX,Black,F,72,80.5,112.8,137,40.4,40.1,40.4,138,40.1,136,56.7,56.1,40.4 / 138,40.1 / 136
3987,TX,Blue,F,72,78.0,109.2,133,39.3,38.7,39.3,135,38.7,130,55.2,54.0,39.3 / 135,38.7 / 130
3987,TX,White,F,72,75.5,105.5,128,38.0,37.5,38.0,130,37.5,125,53.3,52.2,38.0 / 130,37.5 / 125
3987,TX,Purple,F,72,70.1,97.1,115,35.1,35.0,35.1,115,35.0,114,48.7,48.4,35.1 / 115,35.0 / 114
3988,TX,Black,M,72,74.4,99.1,133,37.6,36.8,37.6,139,36.8,127,50.5,48.6,37.6 / 139,36.8 / 127
3988,TX,Blue,M,72,72.1,95.8,128,36.4,35.7,36.4,132,35.7,123,48.7,47.1,36.4 / 132,35.7 / 123
3988,TX,White,M,72,70.3,93.1,123,35.5,34.8,35.5,127,34.8,118,47.3,45.8,35.5 / 127,34.8 / 118
3988,TX,Purple,M,72,66.2,87.5,115,33.5,32.7,33.5,118,32.7,111,44.5,43.0,33.5 / 118,32.7 / 111
3988,TX,Black,F,72,81.3,114.0,139,41.2,40.1,41.2,142,40.1,136,57.9,56.1,41.2 / 142,40.1 / 136
3988,TX,Blue,F,72,78.6,110.0,134,39.9,38.7,39.9,137,38.7,130,56.0,54.0,39.9 / 137,38.7 / 130
3988,TX,White,F,72,76.2,106.3,128,38.7,37.5,38.7,131,37.5,125,54.1,52.2,38.7 / 131,37.5 / 125
3988,TX,Purple,F,72,71.2,98.8,117,36.2,35.0,36.2,120,35.0,114,50.4,48.4,36.2 / 120,35.0 / 114
3986,TX,Black,M,72,74.3,99.6,136,37.6,36.7,37.6,139,36.7,133,50.5,49.1,37.6 / 139,36.7 / 133
3986,TX,Blue,M,72,72.1,96.5,131,36.4,35.7,36.4,132,35.7,130,48.7,47.8,36.4 / 132,35.7 / 130
3986,TX,White,M,72,70.2,93.8,127,35.5,34.7,35.5,127,34.7,127,47.3,46.5,35.5 / 127,34.7 / 127
3986,TX,Purple,M,72,65.7,87.6,118,33.5,32.2,33.5,118,32.2,117,44.5,43.1,33.5 / 118,32.2 / 117
3986,TX,Black,F,72,81.6,114.6,140,41.2,40.4,41.2,142,40.4,138,57.9,56.7,41.2 / 142,40.4 / 138
3986,TX,Blue,F,72,79.2,111.2,136,39.9,39.3,39.9,137,39.3,135,56.0,55.2,39.9 / 137,39.3 / 135
3986,TX,White,F,72,76.7,107.4,131,38.7,38.0,38.7,131,38.0,130,54.1,53.3,38.7 / 131,38.0 / 130
3986,TX,Purple,F,72,71.3,99.1,118,36.2,35.1,36.2,120,35.1,115,50.4,48.7,36.2 / 120,35.1 / 115
4449,TX,Blue,M,71,73.8,100.0,141,36.6,37.2,36.6,137,37.2,145,49.3,50.7,36.6 / 137,37.2 / 145
4449,TX,Blue/White Combo,M,71,72.3,97.9,138,35.6,36.7,35.6,132,36.7,143,47.9,50.0,35.6 / 132,36.7 / 143
4449,TX,White,M,71,71.0,96.5,137,35.1,35.9,35.1,131,35.9,142,47.4,49.1,35.1 / 131,35.9 / 142
4449,TX,Gold/White Combo,M,71,68.4,92.4,130,33.6,34.8,33.6,123,34.8,136,45.0,47.4,33.6 / 123,34.8 / 136
4449,TX,Gold,M,71,67.5,91.1,127,33.3,34.2,33.3,122,34.2,132,44.6,46.5,33.3 / 122,34.2 / 132
4449,TX,Red,M,71,64.5,87.2,122,31.9,32.6,31.9,117,32.6,127,42.8,44.4,31.9 / 117,32.6 / 127
4449,TX,Blue,F,72,80.2,115.4,149,39.7,40.5,39.7,145,40.5,153,56.8,58.6,39.7 / 145,40.5 / 153
4449,TX,Blue/White Combo,F,72,78.4,113.0,147,38.7,39.7,38.7,142,39.7,151,55.5,57.5,38.7 / 142,39.7 / 151
4449,TX,White,F,72,77.2,111.2,144,38.2,39.0,38.2,139,39.0,149,54.6,56.6,38.2 / 139,39.0 / 149
4449,TX,Gold/White Combo,F,72,73.8,106.4,138,36.3,37.5,36.3,132,37.5,144,51.9,54.5,36.3 / 132,37.5 / 144
4449,TX,Gold,F,72,73.0,104.5,134,36.0,37.0,36.0,128,37.0,139,51.1,53.4,36.0 / 128,37.0 / 139
4449,TX,Red,F,72,69.3,99.1,126,34.3,35.0,34.3,121,35.0,131,48.6,50.5,34.3 / 121,35.0 / 131
4505,TX,Black,M,72,74.1,100.4,142,37.2,36.9,37.2,142,36.9,141,50.4,50.0,37.2 / 142,36.9 / 141
4505,TX,Blue,M,72,72.0,98.0,140,36.2,35.8,36.2,142,35.8,138,49.4,48.6,36.2 / 142,35.8 / 138
4505,TX,White,M,72,70.3,95.5,136,35.4,34.9,35.4,139,34.9,132,48.3,47.2,35.4 / 139,34.9 / 132
4505,TX,Red,M,72,67.2,89.2,118,33.9,33.3,33.9,119,33.3,117,45.0,44.2,33.9 / 119,33.3 / 117
4505,TX,Black,F,72,81.6,116.6,148,41.2,40.4,41.2,143,40.4,153,58.1,58.5,41.2 / 143,40.4 / 153
4505,TX,Blue,F,72,78.7,113.3,147,39.7,39.0,39.7,143,39.0,150,56.6,56.7,39.7 / 143,39.0 / 150
4505,TX,White,F,72,76.3,109.9,142,38.5,37.8,38.5,142,37.8,142,55.3,54.6,38.5 / 142,37.8 / 142
4505,TX,Red,F,72,71.9,102.0,128,36.2,35.7,36.2,129,35.7,126,51.4,50.6,36.2 / 129,35.7 / 126
29696,TX,Gold,M,72,72.2,97.6,137,35.8,36.4,35.8,135,36.4,139,48.3,49.3,35.8 / 135,36.4 / 139
29696,TX,Blue,M,72,71.2,96.7,138,35.4,35.8,35.4,137,35.8,138,48.1,48.6,35.4 / 137,35.8 / 138
29696,TX,White,M,72,69.0,92.8,128,34.4,34.6,34.4,128,34.6,128,46.3,46.5,34.4 / 128,34.6 / 128
29696,TX,Red,M,72,66.1,89.3,125,33.3,32.8,33.3,127,32.8,123,45.1,44.2,33.3 / 127,32.8 / 123
29696,TX,White,F,72,75.6,107.8,137,38.0,37.6,38.0,136,37.6,138,54.1,53.7,38.0 / 136,37.6 / 138
29696,TX,Red,F,72,70.6,100.5,127,35.7,34.9,35.7,122,34.9,132,50.1,50.4,35.7 / 122,34.9 / 132
4310,TX,Black,M,71,72.6,95.8,125,36.1,36.5,36.1,126,36.5,124,47.8,48.0,36.1 / 126,36.5 / 124
4310,TX,Blue,M,71,70.9,93.5,122,35.4,35.5,35.4,123,35.5,121,46.8,46.7,35.4 / 123,35.5 / 121
4310,TX,Blue/White Combo,M,71,69.7,91.6,118,35.0,34.7,35.0,119,34.7,116,46.1,45.5,35.0 / 119,34.7 / 116
4310,TX,White,M,71,68.8,90.0,114,34.5,34.3,34.5,117,34.3,111,45.4,44.6,34.5 / 117,34.3 / 111
4310,TX,White/Gold Combo,M,71,67.5,88.5,113,33.9,33.6,33.9,116,33.6,110,44.7,43.8,33.9 / 116,33.6 / 110
4310,TX,Gold,M,71,65.9,86.3,110,33.0,32.9,33.0,114,32.9,105,43.6,42.7,33.0 / 114,32.9 / 105
4310,TX,Gold/Red Combo,M,71,64.8,84.8,108,32.6,32.2,32.6,111,32.2,104,42.9,41.9,32.6 / 111,32.2 / 104
4310,TX,Red,M,71,63.6,83.1,105,32.1,31.5,32.1,110,31.5,100,42.3,40.8,32.1 / 110,31.5 / 100
4310,TX,Black,F,71,78.8,112.0,141,39.2,39.6,39.2,141,39.6,141,55.8,56.2,39.2 / 141,39.6 / 141
4310,TX,Blue,F,71,76.7,108.8,137,38.3,38.4,38.3,137,38.4,136,54.4,54.4,38.3 / 137,38.4 / 136
4310,TX,Blue/White Combo,F,71,75.8,107.4,134,38.0,37.8,38.0,135,37.8,133,53.9,53.5,38.0 / 135,37.8 / 133
4310,TX,White,F,71,74.5,105.6,132,37.4,37.1,37.4,133,37.1,131,53.1,52.5,37.4 / 133,37.1 / 131
4310,TX,White/Gold Combo,F,71,73.1,103.4,129,36.7,36.4,36.7,130,36.4,127,52.0,51.4,36.7 / 130,36.4 / 127
4310,TX,Gold,F,71,71.2,100.6,125,35.6,35.6,35.6,126,35.6,124,50.4,50.2,35.6 / 126,35.6 / 124
4310,TX,Gold/Red Combo,F,71,69.8,98.5,122,35.0,34.8,35.0,123,34.8,120,49.5,49.0,35.0 / 123,34.8 / 120
4310,TX,Red,F,71,68.4,96.3,118,34.5,33.9,34.5,120,33.9,116,48.7,47.6,34.5 / 120,33.9 / 116
4311,TX,Black,M,70,72.8,96.7,129,36.5,36.3,36.5,124,36.3,133,48.0,48.7,36.5 / 124,36.3 / 133
4311,TX,Blue,M,70,71.0,94.3,126,35.5,35.5,35.5,121,35.5,130,46.7,47.6,35.5 / 121,35.5 / 130
4311,TX,Blue/White,M,70,69.6,92.2,122,34.7,34.9,34.7,116,34.9,127,45.5,46.7,34.7 / 116,34.9 / 127
4311,TX,White,M,70,68.5,90.5,119,34.3,34.2,34.3,111,34.2,126,44.6,45.9,34.3 / 111,34.2 / 126
4311,TX,White/Gold,M,70,66.9,88.5,117,33.6,33.3,33.6,110,33.3,123,43.8,44.7,33.6 / 110,33.3 / 123
4311,TX,Gold,M,70,66.0,86.6,111,32.9,33.1,32.9,105,33.1,116,42.7,43.9,32.9 / 105,33.1 / 116
4311,TX,Red/Gold,M,70,64.8,85.1,109,32.2,32.6,32.2,104,32.6,114,41.9,43.2,32.2 / 104,32.6 / 114
4311,TX,Red,M,70,63.2,83.0,107,31.5,31.7,31.5,100,31.7,113,40.8,42.2,31.5 / 100,31.7 / 113
4311,TX,Black,F,70,79.0,113.1,145,39.6,39.4,39.6,141,39.4,148,56.2,56.9,39.6 / 141,39.4 / 148
4311,TX,Blue,F,70,76.8,109.8,140,38.4,38.4,38.4,136,38.4,144,54.4,55.4,38.4 / 136,38.4 / 144
4311,TX,Blue/White,F,70,75.5,108.0,138,37.8,37.7,37.8,133,37.7,142,53.5,54.5,37.8 / 133,37.7 / 142
4311,TX,White,F,70,74.0,106.2,137,37.1,36.9,37.1,131,36.9,142,52.5,53.7,37.1 / 131,36.9 / 142
4311,TX,White/Gold,F,70,72.5,103.1,130,36.4,36.1,36.4,127,36.1,132,51.4,51.7,36.4 / 127,36.1 / 132
4311,TX,Gold,F,70,71.1,100.6,125,35.6,35.5,35.6,124,35.5,126,50.2,50.4,35.6 / 124,35.5 / 126
4311,TX,Red/Gold,F,70,69.8,98.5,122,34.8,35.0,34.8,120,35.0,123,49.0,49.5,34.8 / 120,35.0 / 123
4311,TX,Red,F,70,67.9,95.8,118,33.9,34.0,33.9,116,34.0,120,47.6,48.2,33.9 / 116,34.0 / 120
4309,TX,Black,M,71,72.6,96.5,129,36.3,36.3,36.3,133,36.3,124,48.7,47.8,36.3 / 133,36.3 / 124
4309,TX,Blue,M,71,71.0,94.4,126,35.5,35.5,35.5,130,35.5,122,47.6,46.8,35.5 / 130,35.5 / 122
4309,TX,Blue/White,M,71,69.9,92.8,123,34.9,35.0,34.9,127,35.0,119,46.7,46.1,34.9 / 127,35.0 / 119
4309,TX,White,M,71,68.7,91.3,122,34.2,34.5,34.2,126,34.5,117,45.9,45.4,34.2 / 126,34.5 / 117
4309,TX,White/Gold,M,71,67.2,89.4,120,33.3,33.9,33.3,123,33.9,116,44.7,44.7,33.3 / 123,33.9 / 116
4309,TX,Gold,M,71,66.1,87.6,116,33.1,33.0,33.1,117,33.0,114,44.0,43.6,33.1 / 117,33.0 / 114
4309,TX,Red/Gold,M,71,65.2,86.1,113,32.6,32.6,32.6,115,32.6,110,43.3,42.8,32.6 / 115,32.6 / 110
4309,TX,Red,M,71,63.7,83.9,109,31.7,32.0,31.7,114,32.0,103,42.3,41.6,31.7 / 114,32.0 / 103
4309,TX,Black,F,71,78.6,112.7,145,39.4,39.2,39.4,148,39.2,141,56.9,55.8,39.4 / 148,39.2 / 141
4309,TX,Blue,F,71,76.7,109.8,141,38.4,38.3,38.4,144,38.3,137,55.4,54.4,38.4 / 144,38.3 / 137
4309,TX,Blue/White,F,71,75.7,108.4,139,37.7,38.0,37.7,142,38.0,135,54.5,53.9,37.7 / 142,38.0 / 135
4309,TX,White,F,71,74.3,106.7,138,36.9,37.4,36.9,142,37.4,133,53.6,53.1,36.9 / 142,37.4 / 133
4309,TX,White/Gold,F,71,72.8,103.6,131,36.1,36.7,36.1,131,36.7,130,51.6,52.0,36.1 / 131,36.7 / 130
4309,TX,Gold,F,71,71.1,100.8,126,35.5,35.6,35.5,126,35.6,126,50.4,50.4,35.5 / 126,35.6 / 126
4309,TX,Red/Gold,F,71,70.1,99.0,123,35.1,35.0,35.1,122,35.0,123,49.5,49.5,35.1 / 122,35.0 / 123
4309,TX,Red,F,71,68.7,96.9,120,34.2,34.5,34.2,119,34.5,120,48.2,48.7,34.2 / 119,34.5 / 120
4269,TX,Gold,M,72,74.8,99.6,134,37.4,37.4,37.4,128,37.4,139,49.3,50.3,37.4 / 128,37.4 / 139
4269,TX,Gold/Blue,M,72,73.4,97.8,131,36.6,36.8,36.6,129,36.8,133,48.6,49.2,36.6 / 129,36.8 / 133
4269,TX,Blue,M,72,71.9,96.0,130,35.8,36.1,35.8,129,36.1,130,47.8,48.2,35.8 / 129,36.1 / 130
4269,TX,Blue/White,M,72,70.5,93.1,122,35.0,35.5,35.0,121,35.5,123,46.2,46.9,35.0 / 121,35.5 / 123
4269,TX,White,M,72,69.4,90.6,114,34.5,34.9,34.5,113,34.9,115,45.0,45.6,34.5 / 113,34.9 / 115
4269,TX,Red,M,72,66.8,87.3,111,33.3,33.5,33.3,108,33.5,113,43.3,44.0,33.3 / 108,33.5 / 113
4269,TX,Gold,F,72,81.6,115.9,146,40.6,41.0,40.6,143,41.0,148,57.5,58.4,40.6 / 143,41.0 / 148
4269,TX,Gold/Blue,F,72,80.1,113.7,143,39.8,40.3,39.8,141,40.3,144,56.4,57.3,39.8 / 141,40.3 / 144
4269,TX,Blue,F,72,78.8,111.7,140,39.2,39.6,39.2,137,39.6,142,55.4,56.3,39.2 / 137,39.6 / 142
4269,TX,Blue/White,F,72,76.9,108.6,135,38.2,38.7,38.2,131,38.7,138,53.6,55.0,38.2 / 131,38.7 / 138
4269,TX,White,F,72,74.9,106.2,133,37.2,37.7,37.2,130,37.7,136,52.5,53.7,37.2 / 130,37.7 / 136
4269,TX,Red,F,72,71.8,100.1,120,35.4,36.4,35.4,119,36.4,121,49.4,50.7,35.4 / 119,36.4 / 121
4613,TX,Blue,M,71,71.6,94.0,121,35.0,36.6,35.0,118,36.6,123,46.0,48.0,35.0 / 118,36.6 / 123
4613,TX,Blue-White Combo,M,71,69.7,92.0,120,34.1,35.6,34.1,115,35.6,125,44.8,47.2,34.1 / 115,35.6 / 125
4613,TX,White,M,71,68.6,90.3,117,33.8,34.8,33.8,111,34.8,123,44.1,46.2,33.8 / 111,34.8 / 123
4613,TX,White-Gold Combo,M,71,66.8,87.0,109,32.5,34.3,32.5,103,34.3,114,42.1,44.9,32.5 / 103,34.3 / 114
4613,TX,Gold,M,71,64.9,84.0,103,31.5,33.4,31.5,98,33.4,108,40.6,43.4,31.5 / 98,33.4 / 108
4613,TX,Red,M,71,63.7,82.4,101,30.9,32.8,30.9,96,32.8,105,39.8,42.6,30.9 / 96,32.8 / 105
4613,TX,Blue,F,71,78.1,109.6,134,37.9,40.2,37.9,126,40.2,141,52.8,56.8,37.9 / 126,40.2 / 141
4613,TX,Blue-White Combo,F,71,76.3,106.3,127,37.1,39.2,37.1,121,39.2,133,51.4,54.9,37.1 / 121,39.2 / 133
4613,TX,White,F,71,74.5,103.2,122,36.4,38.1,36.4,116,38.1,127,50.1,53.1,36.4 / 116,38.1 / 127
4613,TX,White-Gold Combo,F,71,72.7,99.7,115,35.5,37.2,35.5,109,37.2,120,48.3,51.4,35.5 / 109,37.2 / 120
4613,TX,Gold,F,71,70.8,97.2,112,34.7,36.1,34.7,106,36.1,118,47.2,50.0,34.7 / 106,36.1 / 118
4613,TX,Red,F,71,69.4,95.0,109,34.1,35.3,34.1,103,35.3,114,46.2,48.8,34.1 / 103,35.3 / 114
28409,TX,Back,M,71,71.2,94.5,126,36.2,35.0,36.2,127,35.0,124,48.0,46.5,36.2 / 127,35.0 / 124
28409,TX,Regular,M,71,69.6,92.0,121,35.5,34.1,35.5,122,34.1,119,46.8,45.2,35.5 / 122,34.1 / 119
28409,TX,Middle,M,71,67.1,89.0,118,34.4,32.7,34.4,119,32.7,116,45.5,43.5,34.4 / 119,32.7 / 116
28409,TX,Forward,M,71,64.0,84.9,113,32.6,31.4,32.6,113,31.4,112,43.1,41.8,32.6 / 113,31.4 / 112
28409,TX,Middle,F,71,72.0,101.1,124,36.9,35.1,36.9,125,35.1,122,51.6,49.5,36.9 / 125,35.1 / 122
28409,TX,Forward,F,71,68.2,95.4,116,34.9,33.3,34.9,117,33.3,114,48.7,46.7,34.9 / 117,33.3 / 114
4625,TX,Texas,M,72,74.2,99.4,136,37.8,36.4,37.8,135,36.4,137,50.3,49.1,37.8 / 135,36.4 / 137
4625,TX,Blue,M,72,72.4,97.1,133,36.7,35.7,36.7,131,35.7,135,48.9,48.2,36.7 / 131,35.7 / 135
4625,TX,White,M,72,71.3,95.6,131,36.0,35.3,36.0,132,35.3,129,48.3,47.3,36.0 / 132,35.3 / 129
4625,TX,Red,M,72,67.9,91.5,125,34.1,33.8,34.1,131,33.8,123,46.3,45.2,34.1 / 131,33.8 / 123
4625,TX,White,F,72,78.2,111.4,141,39.6,38.6,39.6,147,38.6,135,56.9,54.5,39.6 / 147,38.6 / 135
4625,TX,Red,F,72,72.7,103.3,130,36.8,35.9,36.8,131,35.9,128,52.3,51.0,36.8 / 131,35.9 / 128
29371,TX,Blue/Red,M,72,67.9,88.9,113,34.2,33.7,34.2,114,33.7,112,44.8,44.1,34.2 / 114,33.7 / 112
29371,TX,Red/Yellow,M,72,66.3,86.8,111,33.7,32.6,33.7,112,32.6,109,44.1,42.7,33.7 / 112,32.6 / 109
29371,TX,Yellow/White,M,70,64.5,84.3,107,32.6,31.9,32.6,109,31.9,104,42.7,41.6,32.6 / 109,31.9 / 104
29371,TX,White/White,F,72,68.0,95.0,114,34.0,34.0,34.0,114,34.0,114,47.5,47.5,34.0 / 114,34.0 / 114
32451,TX,Blue,M,70,65.8,86.8,113,32.9,32.9,32.9,113,32.9,113,43.4,43.4,32.9 / 113,32.9 / 113
32451,TX,Red,M,70,63.4,84.0,111,31.7,31.7,31.7,111,31.7,111,42.0,42.0,31.7 / 111,31.7 / 111
32451,TX,Blue,F,70,71.2,98.8,117,35.6,35.6,35.6,117,35.6,117,49.4,49.4,35.6 / 117,35.6 / 117
32451,TX,Red,F,70,69.0,95.6,113,34.5,34.5,34.5,113,34.5,113,47.8,47.8,34.5 / 113,34.5 / 113
4012,TX,Blue,M,72,69.1,91.0,118,34.5,34.6,34.5,123,34.6,113,45.9,45.1,34.5 / 123,34.6 / 113
4012,TX,White,M,72,66.1,86.3,108,32.6,33.5,32.6,105,33.5,111,42.4,43.9,32.6 / 105,33.5 / 111
4012,TX,Red,M,72,63.7,82.6,102,31.2,32.5,31.2,100,32.5,103,40.5,42.1,31.2 / 100,32.5 / 103
4012,TX,White,F,72,70.9,99.8,123,34.8,36.1,34.8,120,36.1,125,49.0,50.8,34.8 / 120,36.1 / 125
4012,TX,Red,F,72,68.1,95.6,117,33.2,34.9,33.2,114,34.9,120,46.6,49.0,33.2 / 114,34.9 / 120
3969,TX,Gold,M,72,74.8,99.4,133,37.1,37.7,37.1,130,37.7,135,49.2,50.2,37.1 / 130,37.7 / 135
3969,TX,Black,M,72,72.0,96.4,131,35.9,36.1,35.9,131,36.1,131,48.1,48.3,35.9 / 131,36.1 / 131
3969,TX,Black/Silver Combo,M,72,70.5,94.7,130,35.0,35.5,35.0,132,35.5,128,47.3,47.4,35.0 / 132,35.5 / 128
3969,TX,Silver,M,72,69.2,92.9,128,34.2,35.0,34.2,127,35.0,128,46.0,46.9,34.2 / 127,35.0 / 128
3969,TX,Blue,M,72,66.0,85.6,106,32.7,33.3,32.7,102,33.3,109,42.2,43.4,32.7 / 102,33.3 / 109
3969,TX,Silver,F,72,74.3,105.4,132,37.0,37.3,37.0,131,37.3,132,52.5,52.9,37.0 / 131,37.3 / 132
3969,TX,Blue,F,72,71.2,100.3,124,35.4,35.8,35.4,125,35.8,122,50.1,50.2,35.4 / 125,35.8 / 122
3971,TX,Black,M,72,71.8,95.3,127,35.7,36.1,35.7,128,36.1,125,47.6,47.7,35.7 / 128,36.1 / 125
3971,TX,Blue,M,72,70.4,93.4,124,35.0,35.4,35.0,126,35.4,122,46.7,46.7,35.0 / 126,35.4 / 122
3971,TX,Blue/White Combo,M,72,69.3,91.4,119,34.4,34.9,34.4,121,34.9,117,45.6,45.8,34.4 / 121,34.9 / 117
3971,TX,White,M,72,68.6,90.4,117,34.2,34.4,34.2,118,34.4,116,45.2,45.2,34.2 / 118,34.4 / 116
3971,TX,Red,M,72,65.2,85.8,111,32.5,32.7,32.5,112,32.7,110,42.9,42.9,32.5 / 112,32.7 / 110
3971,TX,Blue,F,72,76.3,107.1,131,37.9,38.4,37.9,131,38.4,131,53.3,53.8,37.9 / 131,38.4 / 131
3971,TX,Blue/White Combo,F,72,74.8,104.8,127,37.2,37.6,37.2,127,37.6,127,52.2,52.6,37.2 / 127,37.6 / 127
3971,TX,White,F,72,73.9,103.4,125,36.8,37.1,36.8,125,37.1,124,51.6,51.8,36.8 / 125,37.1 / 124
3971,TX,Red,F,72,69.7,97.3,117,34.7,35.0,34.7,117,35.0,117,48.5,48.8,34.7 / 117,35.0 / 117
4317,TX,Black,M,60,61.0,79.4,99,30.5,30.5,30.5,99,30.5,99,39.7,39.7,30.5 / 99,30.5 / 99
4317,TX,Blue,M,60,59.8,77.6,96,29.9,29.9,29.9,96,29.9,96,38.8,38.8,29.9 / 96,29.9 / 96
4317,TX,White,M,60,58.6,76.0,94,29.3,29.3,29.3,94,29.3,94,38.0,38.0,29.3 / 94,29.3 / 94
4317,TX,Green,M,60,52.8,68.8,86,26.4,26.4,26.4,86,26.4,86,34.4,34.4,26.4 / 86,26.4 / 86
4317,TX,Black,F,60,63.4,87.2,101,31.7,31.7,31.7,101,31.7,101,43.6,43.6,31.7 / 101,31.7 / 101
4317,TX,Blue,F,60,61.0,84.0,98,30.5,30.5,30.5,98,30.5,98,42.0,42.0,30.5 / 98,30.5 / 98
4317,TX,White,F,60,59.2,81.8,96,29.6,29.6,29.6,96,29.6,96,40.9,40.9,29.6 / 96,29.6 / 96
4317,TX,Green,F,60,55.4,76.6,90,27.7,27.7,27.7,90,27.7,90,38.3,38.3,27.7 / 90,27.7 / 90
4507,TX,White/Black,M,72,69.3,91.7,121,34.5,34.8,34.5,119,34.8,122,45.6,46.1,34.5 / 119,34.8 / 122
4507,TX,Red/White,M,72,68.8,90.5,117,34.3,34.5,34.3,114,34.5,119,44.9,45.6,34.3 / 114,34.5 / 119
4507,TX,Gold/Red,M,72,67.4,88.0,111,33.1,34.3,33.1,108,34.3,114,43.1,44.9,33.1 / 108,34.3 / 114
4507,TX,Gold/Gold,M,72,66.2,86.2,108,33.1,33.1,33.1,108,33.1,108,43.1,43.1,33.1 / 108,33.1 / 108
4507,TX,Yellow/Blue,F,72,68.3,94.8,112,34.4,33.9,34.4,114,33.9,110,47.9,46.9,34.4 / 114,33.9 / 110
4612,TX,Gold,M,72,74.0,98.9,134,36.2,37.8,36.2,135,37.8,133,48.7,50.2,36.2 / 135,37.8 / 133
4612,TX,Blue,M,72,72.3,96.6,131,35.4,36.9,35.4,131,36.9,130,47.6,49.0,35.4 / 131,36.9 / 130
4612,TX,White,M,72,69.7,93.0,126,34.1,35.6,34.1,127,35.6,124,45.9,47.1,34.1 / 127,35.6 / 124
4612,TX,Silver,M,72,66.6,88.4,117,32.6,34.0,32.6,116,34.0,118,43.4,45.0,32.6 / 116,34.0 / 118
4612,TX,Gold,F,72,80.8,115.4,147,39.4,41.4,39.4,142,41.4,151,56.2,59.2,39.4 / 142,41.4 / 151
4612,TX,Blue,F,72,78.6,112.2,143,38.4,40.2,38.4,139,40.2,146,54.8,57.4,38.4 / 139,40.2 / 146
4612,TX,White,F,72,76.0,108.3,137,37.1,38.9,37.1,133,38.9,141,52.8,55.5,37.1 / 133,38.9 / 141
4612,TX,Silver,F,72,72.7,103.3,130,35.3,37.4,35.3,126,37.4,134,50.1,53.2,35.3 / 126,37.4 / 134
20698,TX,Gold,M,71,73.1,97.1,129,36.3,36.8,36.3,125,36.8,133,47.9,49.2,36.3 / 125,36.8 / 133
20698,TX,Green,M,71,71.3,94.8,127,35.3,36.0,35.3,122,36.0,131,46.6,48.2,35.3 / 122,36.0 / 131
20698,TX,Silver,M,71,69.8,92.8,124,34.5,35.3,34.5,118,35.3,129,45.5,47.3,34.5 / 118,35.3 / 129
20698,TX,Black,M,71,66.1,87.8,117,32.7,33.4,32.7,113,33.4,121,43.2,44.6,32.7 / 113,33.4 / 121
20698,TX,Red,M,71,62.4,82.6,109,30.7,31.7,30.7,101,31.7,116,40.1,42.5,30.7 / 101,31.7 / 116
20698,TX,Gold,F,71,79.9,114.7,148,39.5,40.4,39.5,145,40.4,150,56.6,58.1,39.5 / 145,40.4 / 150
20698,TX,Green,F,71,78.0,111.6,143,38.5,39.5,38.5,140,39.5,145,55.0,56.6,38.5 / 140,39.5 / 145
20698,TX,Silver,F,71,76.0,108.0,136,37.4,38.6,37.4,131,38.6,140,52.9,55.1,37.4 / 131,38.6 / 140
20698,TX,Black,F,71,70.9,100.3,125,34.9,36.0,34.9,118,36.0,131,48.8,51.5,34.9 / 118,36.0 / 131
20698,TX,Red,F,71,65.1,92.1,115,31.6,33.5,31.6,108,33.5,121,44.3,47.8,31.6 / 108,33.5 / 121
20699,TX,Gold,M,71,73.0,97.0,129,36.8,36.2,36.8,133,36.2,125,49.2,47.8,36.8 / 133,36.2 / 125
20699,TX,Green,M,71,71.4,94.9,127,36.0,35.4,36.0,131,35.4,122,48.2,46.7,36.0 / 131,35.4 / 122
20699,TX,Silver,M,71,69.5,92.6,125,35.3,34.2,35.3,129,34.2,120,47.3,45.3,35.3 / 129,34.2 / 120
20699,TX,Black,M,71,66.2,88.2,119,33.4,32.8,33.4,121,32.8,116,44.6,43.6,33.4 / 121,32.8 / 116
20699,TX,Red,M,71,62.5,83.3,112,31.7,30.8,31.7,116,30.8,108,42.5,40.8,31.7 / 116,30.8 / 108
20699,TX,Gold,F,71,80.3,114.5,145,40.4,39.9,40.4,150,39.9,140,58.1,56.4,40.4 / 150,39.9 / 140
20699,TX,Green,F,71,78.3,111.2,140,39.5,38.8,39.5,145,38.8,134,56.6,54.6,39.5 / 145,38.8 / 134
20699,TX,Silver,F,71,76.0,107.6,134,38.6,37.4,38.6,140,37.4,128,55.1,52.5,38.6 / 140,37.4 / 128
20699,TX,Black,F,71,71.5,101.1,126,36.0,35.5,36.0,131,35.5,120,51.4,49.7,36.0 / 131,35.5 / 120
20699,TX,Red,F,71,66.0,93.4,116,33.5,32.5,33.5,121,32.5,111,47.8,45.6,33.5 / 121,32.5 / 111
20697,TX,Gold,M,70,72.5,95.7,125,36.2,36.3,36.2,125,36.3,125,47.8,47.9,36.2 / 125,36.3 / 125
20697,TX,Green,M,70,70.7,93.3,122,35.4,35.3,35.4,122,35.3,122,46.7,46.6,35.4 / 122,35.3 / 122
20697,TX,Silver,M,70,68.7,90.8,119,34.2,34.5,34.2,120,34.5,118,45.3,45.5,34.2 / 120,34.5 / 118
20697,TX,Black,M,70,65.5,86.8,115,32.8,32.7,32.8,116,32.7,113,43.6,43.2,32.8 / 116,32.7 / 113
20697,TX,Red,M,70,61.5,80.9,105,30.8,30.7,30.8,108,30.7,101,40.8,40.1,30.8 / 108,30.7 / 101
20697,TX,Gold,F,70,79.4,113.0,143,39.9,39.5,39.9,140,39.5,145,56.4,56.6,39.9 / 140,39.5 / 145
20697,TX,Green,F,70,77.3,109.6,137,38.8,38.5,38.8,134,38.5,140,54.6,55.0,38.8 / 134,38.5 / 140
20697,TX,Silver,F,70,74.8,105.4,130,37.4,37.4,37.4,128,37.4,131,52.5,52.9,37.4 / 128,37.4 / 131
20697,TX,Black,F,70,70.4,98.5,119,35.5,34.9,35.5,120,34.9,118,49.7,48.8,35.5 / 120,34.9 / 118
20697,TX,Red,F,70,64.1,89.9,110,32.5,31.6,32.5,111,31.6,108,45.6,44.3,32.5 / 111,31.6 / 108
30420,TX,Gold,M,72,74.6,100.4,139,37.2,37.4,37.2,138,37.4,140,50.0,50.4,37.2 / 138,37.4 / 140
30420,TX,Blue,M,72,71.8,96.9,136,35.7,36.1,35.7,135,36.1,136,48.2,48.7,35.7 / 135,36.1 / 136
30420,TX,White,M,72,69.0,90.8,117,34.4,34.6,34.4,116,34.6,118,45.2,45.6,34.4 / 116,34.6 / 118
30420,TX,Red,M,72,65.3,85.6,110,32.3,33.0,32.3,107,33.0,112,42.2,43.4,32.3 / 107,33.0 / 112
30420,TX,Gold,F,72,82.1,117.3,149,41.0,41.1,41.0,149,41.1,149,58.6,58.7,41.0 / 149,41.1 / 149
30420,TX,Blue,F,72,79.4,113.2,143,39.5,39.9,39.5,143,39.9,143,56.4,56.8,39.5 / 143,39.9 / 143
30420,TX,White,F,72,74.9,105.3,129,37.1,37.8,37.1,128,37.8,130,52.2,53.1,37.1 / 128,37.8 / 130
30420,TX,Red,F,72,70.8,99.7,123,35.1,35.7,35.1,120,35.7,126,49.2,50.5,35.1 / 120,35.7 / 126
4003,TX,Blue,M,72,73.4,97.5,130,36.2,37.2,36.2,125,37.2,135,47.8,49.7,36.2 / 125,37.2 / 135
4003,TX,White,M,72,70.2,92.7,121,34.6,35.6,34.6,115,35.6,127,45.3,47.4,34.6 / 115,35.6 / 127
4003,TX,Gold,M,72,66.1,86.7,111,32.9,33.2,32.9,107,33.2,115,42.8,43.9,32.9 / 107,33.2 / 115
4003,TX,Red,M,72,63.7,83.5,107,31.5,32.2,31.5,101,32.2,112,40.9,42.6,31.5 / 101,32.2 / 112
4003,TX,Gold,F,72,71.7,99.0,116,35.6,36.1,35.6,114,36.1,117,49.1,49.9,35.6 / 114,36.1 / 117
4003,TX,Red,F,72,68.7,95.1,112,33.9,34.8,33.9,109,34.8,114,46.8,48.3,33.9 / 109,34.8 / 114
4122,TX,Black,M,72,73.9,98.5,133,37.1,36.8,37.1,136,36.8,129,49.7,48.8,37.1 / 136,36.8 / 129
4122,TX,Blue,M,72,71.2,95.8,132,35.8,35.4,35.8,132,35.4,132,48.1,47.7,35.8 / 132,35.4 / 132
4122,TX,Blue/White Combo,M,72,70.3,94.6,131,35.3,35.0,35.3,132,35.0,129,47.6,47.0,35.3 / 132,35.0 / 129
4122,TX,White,M,72,69.4,93.4,129,34.8,34.6,34.8,129,34.6,129,46.8,46.6,34.8 / 129,34.6 / 129
4122,TX,White/Gold Combo,M,72,68.3,92.0,128,34.2,34.1,34.2,128,34.1,127,46.1,45.9,34.2 / 128,34.1 / 127
4122,TX,Gold,M,72,67.8,91.1,126,34.1,33.7,34.1,126,33.7,125,45.8,45.3,34.1 / 126,33.7 / 125
4122,TX,Gold/Red Combo,M,72,65.7,86.3,111,33.4,32.3,33.4,112,32.3,110,43.8,42.5,33.4 / 112,32.3 / 110
4122,TX,Red,M,72,64.3,84.1,107,32.7,31.6,32.7,108,31.6,105,42.7,41.4,32.7 / 108,31.6 / 105
4122,TX,Red/Green Combo,M,72,62.5,81.6,103,31.3,31.2,31.3,104,31.2,101,41.0,40.6,31.3 / 104,31.2 / 101
4122,TX,Green,M,72,61.1,79.4,99,30.7,30.4,30.7,102,30.4,95,40.2,39.2,30.7 / 102,30.4 / 95
4122,TX,Black,F,72,81.1,115.7,147,40.6,40.5,40.6,143,40.5,150,57.5,58.2,40.6 / 143,40.5 / 150
4122,TX,Blue,F,72,78.2,110.9,139,39.1,39.1,39.1,137,39.1,141,55.2,55.7,39.1 / 137,39.1 / 141
4122,TX,Blue/White Combo,F,72,76.9,109.0,136,38.5,38.4,38.5,134,38.4,138,54.3,54.7,38.5 / 134,38.4 / 138
4122,TX,White,F,72,75.4,106.5,132,37.6,37.8,37.6,130,37.8,134,52.9,53.6,37.6 / 130,37.8 / 134
4122,TX,White/Gold Combo,F,72,73.9,104.4,130,37.0,36.9,37.0,128,36.9,131,52.1,52.3,37.0 / 128,36.9 / 131
4122,TX,Gold,F,72,73.1,102.9,126,36.9,36.2,36.9,126,36.2,126,51.8,51.1,36.9 / 126,36.2 / 126
4122,TX,Gold/Red Combo,F,72,70.4,98.7,122,35.6,34.8,35.6,121,34.8,119,49.9,48.8,35.6 / 121,34.8 / 119
4122,TX,Red,F,72,69.0,97.4,121,34.9,34.1,34.9,121,34.1,120,49.2,48.2,34.9 / 121,34.1 / 120
4122,TX,Red/Green Combo,F,72,66.4,93.4,115,33.1,33.3,33.1,115,33.3,114,46.7,46.7,33.1 / 115,33.3 / 114
4122,TX,Green,F,72,63.7,88.6,106,32.2,31.5,32.2,105,31.5,106,44.6,44.0,32.2 / 105,31.5 / 106
14879,TX,Gold,M,70,69.7,93.5,128,34.4,35.3,34.4,128,35.3,128,46.3,47.2,34.4 / 128,35.3 / 128
14879,TX,Blue,M,70,67.0,89.6,122,32.9,34.1,32.9,122,34.1,122,44.2,45.4,32.9 / 122,34.1 / 122
14879,TX,White,M,70,64.3,84.8,111,31.9,32.4,31.9,110,32.4,111,42.1,42.7,31.9 / 110,32.4 / 111
14879,TX,Red,M,70,63.9,84.1,109,31.7,32.2,31.7,108,32.2,110,41.7,42.4,31.7 / 108,32.2 / 110
14879,TX,Gold,F,70,75.5,107.4,135,37.3,38.2,37.3,132,38.2,138,52.9,54.5,37.3 / 132,38.2 / 138
14879,TX,Blue,F,70,72.0,102.7,130,35.5,36.5,35.5,130,36.5,130,50.8,51.9,35.5 / 130,36.5 / 130
14879,TX,White,F,70,68.4,97.5,123,33.7,34.7,33.7,126,34.7,120,48.6,48.9,33.7 / 126,34.7 / 120
14879,TX,Red,F,70,67.6,96.1,120,33.3,34.3,33.3,122,34.3,118,47.8,48.3,33.3 / 122,34.3 / 118
20837,TX,Black,M,72,75.0,99.7,133,37.6,37.4,37.6,131,37.4,135,49.8,49.9,37.6 / 131,37.4 / 135
20837,TX,Blue,M,72,73.0,97.5,132,36.6,36.4,36.6,132,36.4,131,48.9,48.6,36.6 / 132,36.4 / 131
20837,TX,White,M,72,70.1,93.9,128,35.0,35.1,35.0,128,35.1,128,46.9,47.0,35.0 / 128,35.1 / 128
20837,TX,Silver,M,72,67.7,89.7,119,33.9,33.8,33.9,122,33.8,115,45.2,44.5,33.9 / 122,33.8 / 115
20837,TX,Red,M,72,66.7,88.1,115,33.6,33.1,33.6,117,33.1,113,44.5,43.6,33.6 / 117,33.1 / 113
20837,TX,Black,F,72,82.4,118.6,154,41.5,40.9,41.5,152,40.9,155,59.4,59.2,41.5 / 152,40.9 / 155
20837,TX,Blue,F,72,79.9,114.8,148,40.1,39.8,40.1,145,39.8,151,57.2,57.6,40.1 / 145,39.8 / 151
20837,TX,White,F,72,76.2,108.0,135,37.9,38.3,37.9,135,38.3,135,53.8,54.2,37.9 / 135,38.3 / 135
20837,TX,Silver,F,72,73.9,104.6,130,37.1,36.8,37.1,133,36.8,127,52.8,51.8,37.1 / 133,36.8 / 127
20837,TX,Red,F,72,72.1,101.5,125,36.4,35.7,36.4,127,35.7,122,51.4,50.1,36.4 / 127,35.7 / 122
4669,TX,Blue,M,72,72.4,95.5,125,35.7,36.7,35.7,121,36.7,128,46.9,48.6,35.7 / 121,36.7 / 128
4669,TX,White,M,72,70.2,92.5,120,35.0,35.2,35.0,117,35.2,123,45.9,46.6,35.0 / 117,35.2 / 123
4669,TX,Gold,M,72,68.8,90.7,118,34.3,34.5,34.3,115,34.5,121,45.0,45.7,34.3 / 115,34.5 / 121
4669,TX,Red,M,72,65.6,86.3,112,33.0,32.6,33.0,110,32.6,113,43.2,43.1,33.0 / 110,32.6 / 113
4669,TX,Grey,M,72,63.0,82.7,106,31.5,31.5,31.5,104,31.5,108,41.2,41.5,31.5 / 104,31.5 / 108
4669,TX,Blue,F,72,79.2,111.0,135,39.0,40.2,39.0,127,40.2,142,54.0,57.0,39.0 / 127,40.2 / 142
4669,TX,White,F,72,76.6,107.1,130,38.1,38.5,38.1,124,38.5,135,52.7,54.4,38.1 / 124,38.5 / 135
4669,TX,Gold,F,72,74.9,104.5,126,37.3,37.6,37.3,120,37.6,131,51.4,53.1,37.3 / 120,37.6 / 131
4669,TX,Red,F,72,71.0,98.3,116,35.7,35.3,35.7,114,35.3,118,49.1,49.2,35.7 / 114,35.3 / 118
4669,TX,Grey,F,72,67.4,94.0,112,33.8,33.6,33.8,109,33.6,115,46.7,47.3,33.8 / 109,33.6 / 115
4212,TX,Blue,M,71,71.2,93.9,122,34.9,36.3,34.9,116,36.3,128,45.7,48.2,34.9 / 116,36.3 / 128
4212,TX,White,M,69,69.1,90.9,118,33.7,35.4,33.7,109,35.4,126,43.8,47.1,33.7 / 109,35.4 / 126
4212,TX,Gold,M,69,67.1,88.5,116,32.9,34.2,32.9,107,34.2,124,42.8,45.7,32.9 / 107,34.2 / 124
4212,TX,Red,F,70,67.7,94.6,114,33.9,33.8,33.9,113,33.8,115,47.2,47.4,33.9 / 113,33.8 / 115
4357,TX,Blue,M,71,70.1,92.3,130,35.6,34.5,35.6,132,34.5,127,46.6,45.7,35.6 / 132,34.5 / 127
4357,TX,White,M,71,67.4,89.4,122,34.4,33.0,34.4,123,33.0,121,45.3,44.1,34.4 / 123,33.0 / 121
4357,TX,Gold,M,71,65.7,87.2,117,33.5,32.2,33.5,119,32.2,114,44.5,42.7,33.5 / 119,32.2 / 114
4357,TX,Red,M,71,64.4,84.4,109,32.4,32.0,32.4,111,32.0,106,42.6,41.8,32.4 / 111,32.0 / 106
4357,TX,Green,M,71,62.0,80.6,100,31.0,31.0,31.0,100,31.0,99,40.4,40.2,31.0 / 100,31.0 / 99
4357,TX,Red,F,71,69.0,94.6,122,34.9,34.1,34.9,122,34.1,121,47.8,46.8,34.9 / 122,34.1 / 121
4357,TX,Green,F,71,65.8,89.4,113,33.2,32.6,33.2,111,32.6,115,44.8,44.6,33.2 / 111,32.6 / 115
4355,TX,Blue,M,72,70.8,92.5,128,35.2,35.6,35.2,123,35.6,132,45.9,46.6,35.2 / 123,35.6 / 132
4355,TX,White,M,72,69.2,91.4,123,34.8,34.4,34.8,122,34.4,123,46.1,45.3,34.8 / 122,34.4 / 123
4355,TX,Gold,M,72,66.2,87.1,114,32.7,33.5,32.7,108,33.5,119,42.6,44.5,32.7 / 108,33.5 / 119
4355,TX,Red,M,72,65.0,85.0,109,32.6,32.4,32.6,106,32.4,111,42.4,42.6,32.6 / 106,32.4 / 111
4355,TX,Green,M,72,61.9,79.8,97,30.9,31.0,30.9,93,31.0,100,39.5,40.3,30.9 / 93,31.0 / 100
4355,TX,Red,F,72,69.3,94.7,120,34.4,34.9,34.4,118,34.9,122,47.6,47.1,34.4 / 118,34.9 / 122
4355,TX,Green,F,72,65.6,88.8,111,32.4,33.2,32.4,111,33.2,111,44.0,44.8,32.4 / 111,33.2 / 111
4356,TX,Blue,M,71,69.7,91.7,125,34.5,35.2,34.5,127,35.2,123,45.7,46.0,34.5 / 127,35.2 / 123
4356,TX,White,M,71,67.8,90.2,122,33.0,34.8,33.0,121,34.8,122,44.2,46.0,33.0 / 121,34.8 / 122
4356,TX,Gold,M,71,64.9,84.3,111,32.2,32.7,32.2,114,32.7,108,42.0,42.3,32.2 / 114,32.7 / 108
4356,TX,Red,M,71,64.6,84.2,106,32.0,32.6,32.0,106,32.6,106,41.8,42.4,32.0 / 106,32.6 / 106
4356,TX,Green,M,71,61.9,79.7,96,31.0,30.9,31.0,99,30.9,93,40.2,39.5,31.0 / 99,30.9 / 93
4356,TX,Red,F,71,68.5,94.4,120,34.1,34.4,34.1,121,34.4,118,46.9,47.5,34.1 / 121,34.4 / 118
4356,TX,Green,F,71,65.0,88.6,113,32.6,32.4,32.6,115,32.4,111,44.6,44.0,32.6 / 115,32.4 / 111
4030,TX,Medal,M,72,75.8,101.6,139,38.2,37.6,38.2,145,37.6,132,51.7,49.9,38.2 / 145,37.6 / 132
4030,TX,Gold,M,72,73.4,98.3,134,36.8,36.6,36.8,140,36.6,128,49.8,48.5,36.8 / 140,36.6 / 128
4030,TX,Gold/Green Combo,M,72,71.7,95.9,131,36.0,35.7,36.0,136,35.7,125,48.6,47.3,36.0 / 136,35.7 / 125
4030,TX,Green,M,72,70.4,93.4,124,35.2,35.2,35.2,128,35.2,119,47.1,46.3,35.2 / 128,35.2 / 119
4030,TX,White/Green Combo,M,72,68.9,91.7,123,34.7,34.2,34.7,128,34.2,117,46.6,45.1,34.7 / 128,34.2 / 117
4030,TX,White,M,72,67.6,89.6,119,34.0,33.6,34.0,122,33.6,115,45.3,44.3,34.0 / 122,33.6 / 115
4030,TX,White/Maroon Combo,M,72,66.2,87.7,116,33.2,33.0,33.2,118,33.0,113,44.2,43.5,33.2 / 118,33.0 / 113
4030,TX,Maroon,M,72,64.6,85.6,113,32.5,32.1,32.5,117,32.1,109,43.4,42.2,32.5 / 117,32.1 / 109
4030,TX,Green,F,72,76.1,107.4,133,38.0,38.1,38.0,136,38.1,130,54.0,53.4,38.0 / 136,38.1 / 130
4030,TX,White/Green Combo,F,72,74.6,105.1,130,37.5,37.1,37.5,133,37.1,126,53.2,51.9,37.5 / 133,37.1 / 126
4030,TX,White,F,72,72.6,102.1,125,36.2,36.4,36.2,127,36.4,123,51.2,50.9,36.2 / 127,36.4 / 123
4030,TX,White/Maroon Combo,F,72,70.8,99.4,122,35.3,35.5,35.3,125,35.5,118,50.0,49.4,35.3 / 125,35.5 / 118
4030,TX,Maroon,F,72,68.7,96.6,119,34.6,34.1,34.6,118,34.1,119,48.5,48.1,34.6 / 118,34.1 / 119
32684,TX,Professional,M,72,75.1,99.7,132,37.4,37.7,37.4,131,37.7,133,49.6,50.1,37.4 / 131,37.7 / 133
32684,TX,Masters,M,72,72.2,96.3,130,36.0,36.2,36.0,129,36.2,130,48.0,48.3,36.0 / 129,36.2 / 130
32684,TX,Members,M,72,69.3,92.4,124,34.7,34.6,34.7,119,34.6,129,45.8,46.6,34.7 / 119,34.6 / 129
32684,TX,Forward,M,72,67.1,88.9,118,33.2,33.9,33.2,113,33.9,122,43.7,45.2,33.2 / 113,33.9 / 122
32684,TX,First,M,72,64.1,84.8,112,31.7,32.4,31.7,109,32.4,114,41.8,43.0,31.7 / 109,32.4 / 114
32684,TX,Professional,F,72,81.4,114.7,141,40.7,40.7,40.7,139,40.7,143,57.1,57.6,40.7 / 139,40.7 / 143
32684,TX,Masters,F,72,78.1,109.8,135,39.0,39.1,39.0,132,39.1,137,54.6,55.2,39.0 / 132,39.1 / 137
32684,TX,Members,F,72,74.7,104.7,128,37.3,37.4,37.3,124,37.4,131,51.9,52.8,37.3 / 124,37.4 / 131
32684,TX,Forward,F,72,72.1,100.9,122,35.6,36.5,35.6,118,36.5,126,49.5,51.4,35.6 / 118,36.5 / 126
32684,TX,First,F,72,68.4,95.3,114,34.0,34.4,34.0,109,34.4,119,46.9,48.4,34.0 / 109,34.4 / 119
4406,TX,Black,M,72,74.4,100.0,138,37.4,37.0,37.4,142,37.0,133,50.6,49.4,37.4 / 142,37.0 / 133
4406,TX,Gold,M,72,72.2,96.9,133,36.4,35.8,36.4,138,35.8,128,49.2,47.7,36.4 / 138,35.8 / 128
4406,TX,Blue,M,72,70.7,94.8,130,35.6,35.1,35.6,133,35.1,126,48.0,46.8,35.6 / 133,35.1 / 126
4406,TX,White,M,72,68.4,92.4,129,34.6,33.8,34.6,131,33.8,127,46.8,45.6,34.6 / 131,33.8 / 127
4406,TX,Green,M,72,65.7,88.2,122,33.0,32.7,33.0,121,32.7,122,44.2,44.0,33.0 / 121,32.7 / 122
4406,TX,Red,M,72,64.8,87.0,119,32.6,32.2,32.6,119,32.2,119,43.7,43.3,32.6 / 119,32.2 / 119
4406,TX,Yellow,M,72,62.7,84.1,115,31.4,31.3,31.4,115,31.3,115,42.1,42.0,31.4 / 115,31.3 / 115
4406,TX,Black,F,72,81.7,117.0,150,41.2,40.5,41.2,148,40.5,151,58.7,58.3,41.2 / 148,40.5 / 151
4406,TX,Gold,F,72,78.9,112.8,144,39.9,39.0,39.9,143,39.0,144,56.8,56.0,39.9 / 143,39.0 / 144
4406,TX,Blue,F,72,77.1,110.1,140,38.9,38.2,38.9,139,38.2,141,55.3,54.8,38.9 / 139,38.2 / 141
4406,TX,White,F,72,74.7,106.5,135,37.7,37.0,37.7,134,37.0,136,53.5,53.0,37.7 / 134,37.0 / 136
4406,TX,Green,F,72,70.8,101.0,128,35.8,35.0,35.8,129,35.0,127,51.0,50.0,35.8 / 129,35.0 / 127
4406,TX,Red,F,72,69.8,99.5,126,35.4,34.4,35.4,127,34.4,125,50.4,49.1,35.4 / 127,34.4 / 125
4406,TX,Yellow,F,72,67.0,95.3,120,33.9,33.1,33.9,120,33.1,120,48.1,47.2,33.9 / 120,33.1 / 120
36021,TX,Red,M,33,30.6,40.1,102,30.6,,30.6,102,,,40.1,,30.6 / 102,/
36021,TX,White,M,33,30.3,39.3,97,30.3,,30.3,97,,,39.3,,30.3 / 97,/
36021,TX,Blue,M,33,29.7,38.1,90,29.7,,29.7,90,,,38.1,,29.7 / 90,/
36021,TX,Red,F,33,33.4,46.2,109,33.4,,33.4,109,,,46.2,,33.4 / 109,/
36021,TX,White,F,33,32.6,43.9,96,32.6,,32.6,96,,,43.9,,32.6 / 96,/
36021,TX,Blue,F,33,31.6,42.5,92,31.6,,31.6,92,,,42.5,,31.6 / 92,/
4614,TX,Blue,M,71,70.1,92.2,125,35.1,35.0,35.1,124,35.0,125,46.1,46.1,35.1 / 124,35.0 / 125
4614,TX,White,M,71,67.0,87.7,118,33.9,33.1,33.9,118,33.1,117,44.3,43.4,33.9 / 118,33.1 / 117
4614,TX,Gold,M,71,64.0,83.4,110,32.3,31.7,32.3,110,31.7,110,42.0,41.4,32.3 / 110,31.7 / 110
4614,TX,Gold,F,69,68.8,95.7,117,34.9,33.9,34.9,116,33.9,118,48.2,47.5,34.9 / 116,33.9 / 118
4614,TX,Red,F,71,67.3,93.8,112,34.0,33.3,34.0,110,33.3,114,47.0,46.8,34.0 / 110,33.3 / 114
32728,TX,White / Blue,M,70,66.7,86.5,107,32.7,34.0,32.7,103,34.0,110,42.3,44.2,32.7 / 103,34.0 / 110
32728,TX,Black / Green,M,70,63.7,81.1,94,31.7,32.0,31.7,95,32.0,93,40.5,40.6,31.7 / 95,32.0 / 93
32728,TX,White / Blue,F,70,70.8,99.3,121,35.0,35.8,35.0,126,35.8,115,49.9,49.4,35.0 / 126,35.8 / 115
32728,TX,Black / Green,F,70,65.9,91.8,110,32.6,33.3,32.6,109,33.3,111,45.4,46.4,32.6 / 109,33.3 / 111
32728,TX,Red / Yellow,F,70,64.7,89.9,107,32.1,32.6,32.1,105,32.6,109,44.5,45.4,32.1 / 105,32.6 / 109
3998,TX,Blue,M,72,71.6,95.0,126,35.8,35.8,35.8,128,35.8,124,47.7,47.3,35.8 / 128,35.8 / 124
3998,TX,White,M,72,70.0,93.0,124,35.3,34.7,35.3,124,34.7,124,46.8,46.2,35.3 / 124,34.7 / 124
3998,TX,Gold,M,72,67.7,90.2,121,33.9,33.8,33.9,119,33.8,123,45.0,45.2,33.9 / 119,33.8 / 123
3998,TX,Red,M,72,63.8,84.7,113,31.9,31.9,31.9,109,31.9,116,42.0,42.7,31.9 / 109,31.9 / 116
3998,TX,Gold,F,72,73.0,102.6,126,36.8,36.2,36.8,123,36.2,128,51.3,51.3,36.8 / 123,36.2 / 128
3998,TX,Red,F,72,68.4,95.6,116,34.3,34.1,34.3,112,34.1,119,47.5,48.1,34.3 / 112,34.1 / 119
4511,TX,Blue,M,71,70.3,94.1,128,35.0,35.3,35.0,132,35.3,124,47.3,46.8,35.0 / 132,35.3 / 124
4511,TX,White,M,71,68.8,92.2,126,34.4,34.4,34.4,128,34.4,124,46.3,45.9,34.4 / 128,34.4 / 124
4511,TX,Gold,M,71,66.9,88.1,114,33.3,33.6,33.3,111,33.6,117,43.6,44.5,33.3 / 111,33.6 / 117
4511,TX,Red,M,71,64.8,84.4,106,32.4,32.4,32.4,108,32.4,103,42.4,42.0,32.4 / 108,32.4 / 103
4511,TX,Blue,F,71,76.5,107.0,130,38.1,38.4,38.1,133,38.4,126,53.8,53.2,38.1 / 133,38.4 / 126
4511,TX,White,F,71,74.9,104.5,126,37.4,37.5,37.4,129,37.5,122,52.6,51.9,37.4 / 129,37.5 / 122
4511,TX,Gold,F,71,71.9,100.7,123,35.5,36.4,35.5,125,36.4,120,50.2,50.5,35.5 / 125,36.4 / 120
4511,TX,Red,F,71,69.6,96.8,116,35.0,34.6,35.0,118,34.6,113,48.9,47.9,35.0 / 118,34.6 / 113
4450,TX,Blue,M,72,72.6,95.7,125,36.5,36.1,36.5,126,36.1,123,48.2,47.5,36.5 / 126,36.1 / 123
4450,TX,White,M,72,70.3,92.2,118,35.7,34.6,35.7,116,34.6,119,46.5,45.7,35.7 / 116,34.6 / 119
4450,TX,Gold,M,72,67.1,88.2,114,33.5,33.6,33.5,113,33.6,114,44.0,44.2,33.5 / 113,33.6 / 114
4450,TX,Green,M,72,64.9,85.6,112,32.3,32.6,32.3,113,32.6,110,42.8,42.8,32.3 / 113,32.6 / 110
4450,TX,Red,M,72,64.5,84.2,106,32.2,32.3,32.2,104,32.3,108,41.9,42.3,32.2 / 104,32.3 / 108
4450,TX,Fairway,M,72,61.5,80.5,102,30.9,30.6,30.9,101,30.6,103,40.3,40.2,30.9 / 101,30.6 / 103
4450,TX,White,F,72,75.8,106.3,130,37.7,38.1,37.7,129,38.1,130,52.9,53.4,37.7 / 129,38.1 / 130
4450,TX,Gold,F,72,71.8,100.4,122,35.5,36.3,35.5,119,36.3,124,49.5,50.9,35.5 / 119,36.3 / 124
4450,TX,Green,F,72,69.7,97.5,118,34.4,35.3,34.4,116,35.3,120,48.1,49.4,34.4 / 116,35.3 / 120
4450,TX,Red,F,72,68.9,96.2,116,34.3,34.6,34.3,115,34.6,116,47.9,48.3,34.3 / 115,34.6 / 116
4450,TX,Fairway,F,72,65.0,90.2,107,32.3,32.7,32.3,106,32.7,108,44.8,45.4,32.3 / 106,32.7 / 108
4350,TX,Gold,M,72,74.2,99.4,136,37.1,37.1,37.1,136,37.1,136,49.7,49.7,37.1 / 136,37.1 / 136
4350,TX,Blue,M,72,72.4,96.7,131,36.0,36.4,36.0,131,36.4,130,48.2,48.5,36.0 / 131,36.4 / 130
4350,TX,Blue/White,M,72,71.1,95.2,130,35.6,35.5,35.6,130,35.5,129,47.7,47.5,35.6 / 130,35.5 / 129
4350,TX,White,M,72,70.2,94.1,129,35.1,35.1,35.1,129,35.1,128,47.1,47.0,35.1 / 129,35.1 / 128
4350,TX,Black,M,72,68.5,90.8,121,34.0,34.5,34.0,121,34.5,120,45.2,45.6,34.0 / 121,34.5 / 120
4350,TX,Red,M,72,66.7,88.7,118,32.8,33.9,32.8,118,33.9,118,43.8,44.9,32.8 / 118,33.9 / 118
4350,TX,Gold,F,72,80.1,115.7,151,40.1,40.0,40.1,152,40.0,150,58.0,57.7,40.1 / 152,40.0 / 150
4350,TX,Blue,F,72,78.0,112.9,148,38.9,39.1,38.9,148,39.1,148,56.4,56.5,38.9 / 148,39.1 / 148
4350,TX,Blue/White,F,72,76.6,110.4,143,38.4,38.2,38.4,143,38.2,143,55.3,55.1,38.4 / 143,38.2 / 143
4350,TX,White,F,72,75.6,109.0,142,37.8,37.8,37.8,142,37.8,142,54.5,54.5,37.8 / 142,37.8 / 142
4350,TX,Black,F,72,73.3,104.8,134,36.4,36.9,36.4,134,36.9,133,52.2,52.6,36.4 / 134,36.9 / 133
4350,TX,Red,F,72,71.1,101.7,130,34.7,36.4,34.7,129,36.4,131,49.9,51.8,34.7 / 129,36.4 / 131
24049,TX,Blue Tees,M,72,69.0,90.8,117,34.5,34.5,34.5,117,34.5,117,45.4,45.4,34.5 / 117,34.5 / 117
24049,TX,Blue/Gold,M,72,68.7,90.2,116,34.5,34.2,34.5,117,34.2,114,45.4,44.8,34.5 / 117,34.2 / 114
24049,TX,Gold Tees,M,72,68.4,89.6,114,34.2,34.2,34.2,114,34.2,114,44.8,44.8,34.2 / 114,34.2 / 114
24049,TX,Red,M,70,65.8,85.6,107,32.9,32.9,32.9,107,32.9,107,42.8,42.8,32.9 / 107,32.9 / 107
24049,TX,Gold Tees,F,72,72.0,100.4,120,36.0,36.0,36.0,120,36.0,120,50.2,50.2,36.0 / 120,36.0 / 120
24049,TX,Red,F,72,69.8,97.2,116,34.9,34.9,34.9,116,34.9,116,48.6,48.6,34.9 / 116,34.9 / 116
4785,TX,Black,M,70,72.6,96.3,128,36.4,36.2,36.4,124,36.2,131,47.9,48.4,36.4 / 124,36.2 / 131
4785,TX,Blue,M,70,70.2,93.9,128,34.9,35.3,34.9,124,35.3,131,46.4,47.5,34.9 / 124,35.3 / 131
4785,TX,White,M,70,68.5,92.1,127,33.9,34.6,33.9,124,34.6,130,45.4,46.7,33.9 / 124,34.6 / 130
4785,TX,4th of July,M,70,67.1,89.6,121,33.2,33.9,33.2,118,33.9,124,44.2,45.4,33.2 / 118,33.9 / 124
4785,TX,Silver,M,70,64.9,86.3,115,32.1,32.8,32.1,112,32.8,118,42.5,43.8,32.1 / 112,32.8 / 118
4785,TX,Red,M,70,62.6,82.3,106,31.1,31.5,31.1,102,31.5,110,40.6,41.7,31.1 / 102,31.5 / 110
4785,TX,White,F,70,74.6,106.6,136,36.9,37.7,36.9,129,37.7,142,52.1,54.5,36.9 / 129,37.7 / 142
4785,TX,Silver,F,70,70.1,99.9,127,34.8,35.3,34.8,122,35.3,131,49.2,50.7,34.8 / 122,35.3 / 131
4785,TX,Red,F,70,66.7,95.1,121,33.1,33.6,33.1,116,33.6,125,46.8,48.3,33.1 / 116,33.6 / 125
4275,TX,Championship,M,72,74.6,100.5,140,37.8,36.8,37.8,139,36.8,140,50.7,49.8,37.8 / 139,36.8 / 140
4275,TX,Championship/Regular Combo,M,72,73.4,99.0,138,37.2,36.2,37.2,138,36.2,138,50.0,49.0,37.2 / 138,36.2 / 138
4275,TX,Regular,M,72,72.3,97.3,135,36.5,35.8,36.5,136,35.8,133,49.1,48.2,36.5 / 136,35.8 / 133
4275,TX,Regular/Executive Combo,M,72,71.2,95.9,133,35.8,35.4,35.8,131,35.4,135,48.0,47.9,35.8 / 131,35.4 / 135
4275,TX,Executive,M,72,70.2,94.3,130,35.4,34.8,35.4,128,34.8,131,47.3,47.0,35.4 / 128,34.8 / 131
4275,TX,Executive/Forward Combo,M,72,69.4,93.4,129,34.9,34.5,34.9,131,34.5,127,47.1,46.3,34.9 / 131,34.5 / 127
4275,TX,Forward,M,72,67.9,91.4,127,34.2,33.7,34.2,127,33.7,126,46.0,45.4,34.2 / 127,33.7 / 126
4275,TX,Championship,F,72,81.0,116.1,149,41.1,39.9,41.1,155,39.9,142,59.4,56.7,41.1 / 155,39.9 / 142
4275,TX,Championship/Regular Combo,F,72,79.9,114.3,146,40.5,39.4,40.5,152,39.4,140,58.4,55.9,40.5 / 152,39.4 / 140
4275,TX,Regular,F,72,78.4,112.2,143,39.7,38.7,39.7,149,38.7,137,57.3,54.9,39.7 / 149,38.7 / 137
4275,TX,Regular/Executive Combo,F,72,76.9,109.9,140,38.9,38.0,38.9,145,38.0,135,56.0,53.9,38.9 / 145,38.0 / 135
4275,TX,Executive,F,72,75.9,108.1,137,38.4,37.5,38.4,142,37.5,131,55.1,53.0,38.4 / 142,37.5 / 131
4275,TX,Executive/Forward Combo,F,72,74.5,106.5,136,37.7,36.8,37.7,139,36.8,132,54.1,52.4,37.7 / 139,36.8 / 132
4275,TX,Forward,F,72,72.0,101.7,126,36.5,35.5,36.5,128,35.5,124,51.6,50.1,36.5 / 128,35.5 / 124
4275,TX,Forward/TIFR Combo,F,72,69.2,97.0,118,35.0,34.2,35.0,124,34.2,112,49.6,47.4,35.0 / 124,34.2 / 112
4275,TX,TIFR,F,72,67.8,95.1,116,34.2,33.6,34.2,121,33.6,110,48.6,46.6,34.2 / 121,33.6 / 110
4274,TX,Championship,M,71,75.2,101.0,139,38.3,36.9,38.3,140,36.9,138,51.3,49.7,38.3 / 140,36.9 / 138
4274,TX,#1 and #2 Combo,M,71,73.9,99.5,138,37.5,36.4,37.5,139,36.4,137,50.4,49.1,37.5 / 139,36.4 / 137
4274,TX,Regular,M,71,72.3,97.6,137,36.7,35.6,36.7,138,35.6,135,49.5,48.1,36.7 / 138,35.6 / 135
4274,TX,# 2 and #3 Combo,M,71,71.2,95.8,133,36.0,35.2,36.0,136,35.2,129,48.6,47.2,36.0 / 136,35.2 / 129
4274,TX,Executive,M,71,70.1,94.3,131,35.5,34.6,35.5,135,34.6,126,48.0,46.3,35.5 / 135,34.6 / 126
4274,TX,Executive/Forward Combo,M,71,69.0,92.6,127,35.2,33.8,35.2,124,33.8,130,46.7,45.9,35.2 / 124,33.8 / 130
4274,TX,Forward,M,71,67.3,90.4,125,34.3,33.0,34.3,128,33.0,121,46.2,44.2,34.3 / 128,33.0 / 121
4274,TX,Championship,F,71,80.9,117.3,153,41.0,39.9,41.0,155,39.9,150,59.7,57.6,41.0 / 155,39.9 / 150
4274,TX,#1 and #2 Combo,F,71,79.4,115.0,151,40.1,39.3,40.1,154,39.3,148,58.3,56.7,40.1 / 154,39.3 / 148
4274,TX,Regular,F,71,76.2,110.7,146,38.5,37.7,38.5,148,37.7,144,56.0,54.7,38.5 / 148,37.7 / 144
4274,TX,#2 and #3 Combo,F,71,76.1,110.7,145,38.4,37.7,38.4,149,37.7,144,56.0,54.7,38.4 / 149,37.7 / 144
4274,TX,Executive,F,71,75.3,108.3,140,37.9,37.4,37.9,142,37.4,138,54.6,53.7,37.9 / 142,37.4 / 138
4274,TX,Executive/Forward Combo,F,71,73.5,105.2,135,37.4,36.1,37.4,138,36.1,131,53.7,51.5,37.4 / 138,36.1 / 131
4274,TX,Forward,F,71,72.1,101.2,125,36.4,35.7,36.4,127,35.7,123,51.4,50.2,36.4 / 127,35.7 / 123
4274,TX,Forward/TIFR Combo,F,71,66.8,92.9,111,33.7,33.1,33.7,115,33.1,106,47.3,45.6,33.7 / 115,33.1 / 106
4274,TX,TIFR,F,71,62.6,86.4,101,31.1,31.5,31.1,101,31.5,101,43.0,43.4,31.1 / 101,31.5 / 101
4276,TX,Championship,M,72,73.2,98.1,134,36.3,36.9,36.3,135,36.9,133,48.8,49.3,36.3 / 135,36.9 / 133
4276,TX,Regular,M,72,71.4,95.9,132,35.5,35.9,35.5,132,35.9,131,47.8,48.1,35.5 / 132,35.9 / 131
4276,TX,Regular/Executive Combo,M,72,69.6,93.8,130,34.8,34.8,34.8,127,34.8,133,46.6,47.2,34.8 / 127,34.8 / 133
4276,TX,Executive,M,72,68.4,91.9,127,34.5,33.9,34.5,124,33.9,129,46.0,45.9,34.5 / 124,33.9 / 129
4276,TX,Forward,M,72,66.8,89.5,122,33.6,33.2,33.6,119,33.2,125,44.7,44.8,33.6 / 119,33.2 / 125
4276,TX,Championship,F,72,79.5,112.2,139,39.5,40.0,39.5,139,40.0,138,55.9,56.3,39.5 / 139,40.0 / 138
4276,TX,Regular,F,72,76.9,108.2,133,38.3,38.6,38.3,133,38.6,132,54.0,54.2,38.3 / 133,38.6 / 132
4276,TX,Regular/Executive Combo,F,72,75.3,105.8,130,37.6,37.7,37.6,130,37.7,129,52.9,52.9,37.6 / 130,37.7 / 129
4276,TX,Executive,F,72,73.7,103.4,126,37.1,36.6,37.1,128,36.6,124,52.2,51.2,37.1 / 128,36.6 / 124
4276,TX,Forward,F,72,71.6,100.5,123,36.1,35.5,36.1,125,35.5,120,50.8,49.7,36.1 / 125,35.5 / 120
4276,TX,Ladies Combo,F,72,68.5,95.9,117,34.6,33.9,34.6,119,33.9,114,48.6,47.3,34.6 / 119,33.9 / 114
4276,TX,Play It Forward,F,72,64.2,89.5,108,32.1,32.1,32.1,108,32.1,107,44.8,44.7,32.1 / 108,32.1 / 107
17706,TX,Bear,M,72,75.3,102.6,147,36.9,38.4,36.9,145,38.4,149,50.4,52.2,36.9 / 145,38.4 / 149
17706,TX,Nicklaus,M,72,73.5,99.8,142,36.1,37.4,36.1,141,37.4,142,49.2,50.6,36.1 / 141,37.4 / 142
17706,TX,Tournament,M,72,72.0,97.7,139,35.3,36.7,35.3,138,36.7,139,48.1,49.6,35.3 / 138,36.7 / 139
17706,TX,Golden Combo,M,72,70.6,95.7,136,34.8,35.8,34.8,135,35.8,136,47.3,48.4,34.8 / 135,35.8 / 136
17706,TX,Member,M,72,70.0,94.6,132,34.4,35.6,34.4,133,35.6,131,46.8,47.8,34.4 / 133,35.6 / 131
17706,TX,Bee Combo,M,72,68.0,90.8,123,33.8,34.2,33.8,127,34.2,118,45.6,45.2,33.8 / 127,34.2 / 118
17706,TX,Summit,M,72,65.2,87.0,117,32.0,33.2,32.0,119,33.2,115,43.1,43.9,32.0 / 119,33.2 / 115
17706,TX,Bear,F,72,82.9,119.1,153,40.4,42.5,40.4,150,42.5,155,58.1,61.0,40.4 / 150,42.5 / 155
17706,TX,Nicklaus,F,72,80.7,115.8,149,39.5,41.2,39.5,146,41.2,152,56.7,59.1,39.5 / 146,41.2 / 152
17706,TX,Tournament,F,72,78.9,113.2,145,38.5,40.4,38.5,142,40.4,148,55.3,57.9,38.5 / 142,40.4 / 148
17706,TX,Golden Combo,F,72,77.2,110.5,141,37.8,39.4,37.8,139,39.4,143,54.2,56.3,37.8 / 139,39.4 / 143
17706,TX,Member,F,72,75.6,108.2,138,37.3,38.3,37.3,137,38.3,139,53.5,54.7,37.3 / 137,38.3 / 139
17706,TX,Bee Combo,F,72,72.7,104.0,133,36.1,36.6,36.1,133,36.6,132,51.8,52.2,36.1 / 133,36.6 / 132
17706,TX,Summit,F,72,70.3,100.2,127,34.5,35.8,34.5,126,35.8,128,49.3,50.9,34.5 / 126,35.8 / 128
4155,TX,One Star,M,71,74.0,97.6,128,36.3,37.7,36.3,120,37.7,135,47.4,50.2,36.3 / 120,37.7 / 135
4155,TX,1/2 Star Combo,M,71,72.4,95.3,127,35.8,36.9,35.8,123,36.9,132,47.2,49.2,35.8 / 123,36.9 / 132
4155,TX,Two Star,M,71,71.8,95.2,126,35.5,36.3,35.5,121,36.3,131,46.7,48.5,35.5 / 121,36.3 / 131
4155,TX,2/3 Star Combo,M,71,70.0,92.7,122,34.7,35.3,34.7,122,35.3,123,46.0,46.7,34.7 / 122,35.3 / 123
4155,TX,Three Star,M,71,69.2,91.7,121,34.3,34.9,34.3,118,34.9,124,45.3,46.4,34.3 / 118,34.9 / 124
4155,TX,Four Star,M,71,67.0,88.6,116,32.9,34.1,32.9,116,34.1,116,43.7,44.9,32.9 / 116,34.1 / 116
4155,TX,Three Star,F,71,74.4,104.7,129,36.9,37.5,36.9,126,37.5,131,51.8,52.9,36.9 / 126,37.5 / 131
4155,TX,Four Star,F,71,72.4,101.9,125,35.6,36.8,35.6,121,36.8,129,49.9,52.0,35.6 / 121,36.8 / 129
4091,TX,National,M,72,75.4,101.5,141,37.6,37.8,37.6,138,37.8,143,50.4,51.1,37.6 / 138,37.8 / 143
4091,TX,Blue,M,72,73.0,98.6,138,36.4,36.6,36.4,136,36.6,140,49.0,49.6,36.4 / 136,36.6 / 140
4091,TX,White,M,72,70.4,94.6,130,35.3,35.1,35.3,129,35.1,131,47.3,47.3,35.3 / 129,35.1 / 131
4091,TX,Red,M,72,67.1,89.4,120,33.9,33.2,33.9,116,33.2,124,44.7,44.7,33.9 / 116,33.2 / 124
4091,TX,National,F,72,83.6,119.1,151,41.4,42.2,41.4,148,42.2,153,58.8,60.3,41.4 / 148,42.2 / 153
4091,TX,Blue,F,72,80.6,114.4,144,40.0,40.6,40.0,142,40.6,145,56.7,57.7,40.0 / 142,40.6 / 145
4091,TX,White,F,72,77.6,109.6,136,38.7,38.9,38.7,134,38.9,137,54.5,55.1,38.7 / 134,38.9 / 137
4091,TX,Red,F,72,73.1,103.1,128,36.7,36.4,36.7,124,36.4,131,51.3,51.8,36.7 / 124,36.4 / 131
23690,TX,Black,M,72,77.2,103.1,140,38.0,39.2,38.0,137,39.2,142,50.7,52.4,38.0 / 137,39.2 / 142
23690,TX,Blue,M,72,73.8,98.3,132,36.2,37.6,36.2,135,37.6,129,48.7,49.6,36.2 / 135,37.6 / 129
23690,TX,White,M,72,71.8,94.4,122,35.4,36.4,35.4,121,36.4,123,46.6,47.8,35.4 / 121,36.4 / 123
23690,TX,Gold,M,72,69.0,91.0,119,33.9,35.1,33.9,115,35.1,122,44.6,46.4,33.9 / 115,35.1 / 122
23690,TX,Red,M,72,66.5,87.3,112,32.9,33.6,32.9,103,33.6,121,42.5,44.8,32.9 / 103,33.6 / 121
23690,TX,Black,F,72,84.9,122.7,155,41.9,43.0,41.9,155,43.0,155,60.2,62.5,41.9 / 155,43.0 / 155
23690,TX,Blue,F,72,81.0,117.5,152,39.7,41.3,39.7,148,41.3,155,57.1,60.4,39.7 / 148,41.3 / 155
23690,TX,White,F,72,78.0,111.7,143,38.3,39.7,38.3,142,39.7,144,55.0,56.7,38.3 / 142,39.7 / 144
23690,TX,Gold,F,72,75.2,105.6,129,36.9,38.3,36.9,126,38.3,132,51.7,53.9,36.9 / 126,38.3 / 132
23690,TX,Red,F,72,72.1,100.3,120,35.4,36.7,35.4,114,36.7,125,48.9,51.4,35.4 / 114,36.7 / 125
20647,TX,Championship,M,71,74.0,99.0,135,36.6,37.4,36.6,133,37.4,136,49.0,50.0,36.6 / 133,37.4 / 136
20647,TX,Championship / Oaks Combo,M,71,73.2,98.0,134,36.2,37.0,36.2,131,37.0,136,48.4,49.6,36.2 / 131,37.0 / 136
20647,TX,Oaks,M,71,72.3,96.6,131,35.9,36.4,35.9,130,36.4,131,48.0,48.6,35.9 / 130,36.4 / 131
20647,TX,Oaks/Member Combo,M,71,71.3,95.4,130,35.3,36.0,35.3,130,36.0,129,47.4,48.0,35.3 / 130,36.0 / 129
20647,TX,Member,M,71,70.6,94.3,128,35.1,35.5,35.1,127,35.5,128,46.9,47.4,35.1 / 127,35.5 / 128
20647,TX,Club,M,71,69.3,92.5,125,34.4,34.9,34.4,125,34.9,125,46.0,46.5,34.4 / 125,34.9 / 125
20647,TX,Club/Forward Combo,M,71,66.5,88.5,118,32.7,33.8,32.7,119,33.8,117,43.8,44.7,32.7 / 119,33.8 / 117
20647,TX,Forward,M,71,66.0,87.2,114,32.5,33.5,32.5,115,33.5,113,43.2,44.0,32.5 / 115,33.5 / 113
20647,TX,Club,F,71,74.0,103.8,127,36.5,37.5,36.5,127,37.5,126,51.5,52.3,36.5 / 127,37.5 / 126
20647,TX,Club/Forward Combo,F,71,70.9,99.7,122,34.7,36.2,34.7,122,36.2,122,49.1,50.6,34.7 / 122,36.2 / 122
20647,TX,Forward,F,71,70.5,98.7,120,34.7,35.8,34.7,119,35.8,120,48.7,50.0,34.7 / 119,35.8 / 120
20647,TX,Forward/Acorn,F,71,66.2,92.5,112,32.8,33.4,32.8,109,33.4,114,45.7,46.8,32.8 / 109,33.4 / 114
20647,TX,Acorn,F,71,65.6,91.5,110,32.4,33.2,32.4,109,33.2,110,45.3,46.2,32.4 / 109,33.2 / 110
4414,TX,Black,M,72,74.3,97.8,127,36.8,37.5,36.8,126,37.5,127,48.5,49.3,36.8 / 126,37.5 / 127
4414,TX,Back Combo,M,72,73.1,96.2,125,36.3,36.8,36.3,124,36.8,125,47.8,48.4,36.3 / 124,36.8 / 125
4414,TX,White,M,72,72.1,94.9,123,35.8,36.3,35.8,122,36.3,124,47.1,47.8,35.8 / 122,36.3 / 124
4414,TX,Forward Combo,M,72,70.2,92.7,121,34.4,35.8,34.4,119,35.8,123,45.5,47.2,34.4 / 119,35.8 / 123
4414,TX,Gold,M,72,68.8,91.0,119,34.1,34.7,34.1,118,34.7,120,45.1,45.9,34.1 / 118,34.7 / 120
4414,TX,Red,M,72,65.2,86.0,112,32.2,33.0,32.2,108,33.0,116,42.2,43.8,32.2 / 108,33.0 / 116
4414,TX,Forward,M,72,62.6,82.3,106,31.2,31.4,31.2,102,31.4,110,40.7,41.6,31.2 / 102,31.4 / 110
4414,TX,Black,F,72,80.8,114.3,142,39.9,40.9,39.9,142,40.9,142,56.6,57.7,39.9 / 142,40.9 / 142
4414,TX,Back Combo,F,72,79.4,112.0,138,39.2,40.2,39.2,138,40.2,138,55.5,56.5,39.2 / 138,40.2 / 138
4414,TX,White,F,72,78.1,109.9,135,38.5,39.6,38.5,135,39.6,135,54.4,55.5,38.5 / 135,39.6 / 135
4414,TX,Forward Combo,F,72,76.2,106.8,130,37.2,39.0,37.2,128,39.0,131,52.3,54.5,37.2 / 128,39.0 / 131
4414,TX,Gold,F,72,74.3,104.2,127,36.8,37.5,36.8,127,37.5,126,51.8,52.4,36.8 / 127,37.5 / 126
4414,TX,Red,F,72,70.2,98.2,119,34.7,35.5,34.7,120,35.5,118,48.8,49.4,34.7 / 120,35.5 / 118
4414,TX,Forward,F,72,66.4,93.8,116,33.2,33.2,33.2,115,33.2,117,46.8,47.0,33.2 / 115,33.2 / 117
4373,TX,Black,M,72,72.1,96.3,131,35.7,36.4,35.7,124,36.4,135,47.2,48.9,35.7 / 124,36.4 / 135
4373,TX,Blue,M,72,70.4,94.4,129,34.7,35.7,34.7,124,35.7,131,46.2,47.9,34.7 / 124,35.7 / 131
4373,TX,White,M,72,67.0,89.1,119,33.1,33.9,33.1,110,33.9,128,43.3,45.8,33.1 / 110,33.9 / 128
4373,TX,Red,M,72,63.5,83.0,105,31.8,31.8,31.8,109,31.8,101,41.9,41.2,31.8 / 109,31.8 / 101
4373,TX,Black,F,72,79.0,112.5,142,39.0,40.0,39.0,133,40.0,153,54.7,58.0,39.0 / 133,40.0 / 153
4373,TX,Blue,F,72,77.1,109.5,138,37.9,39.2,37.9,128,39.2,147,53.0,56.5,37.9 / 128,39.2 / 147
4373,TX,White,F,72,73.0,103.9,131,35.8,37.2,35.8,123,37.2,139,50.3,53.6,35.8 / 123,37.2 / 139
4373,TX,Red,F,72,68.0,96.0,119,34.0,34.2,34.0,115,34.2,120,47.6,48.4,34.0 / 115,34.2 / 120
4375,TX,Black,M,72,72.5,95.8,126,36.8,35.7,36.8,127,35.7,124,48.6,47.2,36.8 / 127,35.7 / 124
4375,TX,Blue,M,72,70.4,94.1,125,35.7,34.7,35.7,125,34.7,124,47.3,46.2,35.7 / 125,34.7 / 124
4375,TX,White,M,72,67.2,88.7,116,34.1,33.1,34.1,122,33.1,110,45.4,43.3,34.1 / 122,33.1 / 110
4375,TX,Red,M,72,63.4,83.8,110,31.6,31.8,31.6,111,31.8,109,41.9,41.9,31.6 / 111,31.8 / 109
4375,TX,Black,F,72,79.5,113.0,142,40.5,39.0,40.5,151,39.0,133,58.3,54.7,40.5 / 151,39.0 / 133
4375,TX,Blue,F,72,76.8,108.9,136,38.9,37.9,38.9,144,37.9,128,55.9,53.0,38.9 / 144,37.9 / 128
4375,TX,White,F,72,72.8,103.1,129,37.0,35.8,37.0,134,35.8,123,52.8,50.3,37.0 / 134,35.8 / 123
4375,TX,Red,F,72,68.3,95.6,116,34.3,34.0,34.3,116,34.0,115,48.0,47.6,34.3 / 116,34.0 / 115
4374,TX,Black,M,72,73.2,97.4,131,36.8,36.4,36.8,127,36.4,135,48.5,48.9,36.8 / 127,36.4 / 135
4374,TX,Blue,M,72,71.4,95.5,130,35.7,35.7,35.7,125,35.7,131,47.3,47.9,35.7 / 125,35.7 / 131
4374,TX,White,M,72,68.0,91.2,125,34.1,33.9,34.1,122,33.9,128,45.4,45.8,34.1 / 122,33.9 / 128
4374,TX,Red,M,72,63.4,82.9,105,31.6,31.8,31.6,111,31.8,101,41.9,41.2,31.6 / 111,31.8 / 101
4374,TX,Black,F,72,80.5,116.2,152,40.5,40.0,40.5,151,40.0,153,58.3,58.0,40.5 / 151,40.0 / 153
4374,TX,Blue,F,72,78.1,112.2,145,38.9,39.2,38.9,144,39.2,147,55.9,56.5,38.9 / 144,39.2 / 147
4374,TX,White,F,72,74.2,106.4,137,37.0,37.2,37.0,134,37.2,139,52.8,53.6,37.0 / 134,37.2 / 139
4374,TX,Red,F,72,68.5,96.1,117,34.3,34.2,34.3,116,34.2,120,48.0,48.4,34.3 / 116,34.2 / 120
3970,TX,Black,M,72,72.6,96.4,128,36.0,36.6,36.0,129,36.6,127,48.0,48.4,36.0 / 129,36.6 / 127
3970,TX,White,M,72,70.7,94.0,126,35.0,35.7,35.0,125,35.7,126,46.6,47.4,35.0 / 125,35.7 / 126
3970,TX,Green,M,72,66.5,87.5,113,33.5,33.0,33.5,114,33.0,112,44.1,43.4,33.5 / 114,33.0 / 112
3970,TX,Maroon,M,72,65.1,85.6,111,32.7,32.4,32.7,111,32.4,110,43.0,42.6,32.7 / 111,32.4 / 110
3970,TX,Black,F,72,79.0,111.1,136,39.3,39.7,39.3,137,39.7,135,55.5,55.6,39.3 / 137,39.7 / 135
3970,TX,White,F,72,76.4,107.2,131,37.9,38.5,37.9,131,38.5,130,53.4,53.8,37.9 / 131,38.5 / 130
3970,TX,Green,F,72,71.9,100.5,122,36.1,35.8,36.1,124,35.8,119,50.7,49.8,36.1 / 124,35.8 / 119
3970,TX,Maroon,F,72,70.1,97.8,118,35.0,35.1,35.0,117,35.1,118,48.8,49.0,35.0 / 117,35.1 / 118
4296,TX,Black,M,72,75.4,101.3,140,37.3,38.1,37.3,141,38.1,138,50.4,50.9,37.3 / 141,38.1 / 138
4296,TX,Blue,M,72,73.2,98.4,136,36.3,36.9,36.3,136,36.9,136,48.9,49.5,36.3 / 136,36.9 / 136
4296,TX,White,M,72,70.0,93.8,128,34.7,35.3,34.7,127,35.3,129,46.5,47.3,34.7 / 127,35.3 / 129
4296,TX,Red,M,72,64.8,86.6,117,32.6,32.2,32.6,117,32.2,117,43.5,43.1,32.6 / 117,32.2 / 117
4296,TX,White,F,72,76.4,108.2,135,37.9,38.5,37.9,137,38.5,133,54.0,54.2,37.9 / 137,38.5 / 133
4296,TX,Red,F,72,69.6,96.6,115,34.9,34.7,34.9,117,34.7,112,48.7,47.9,34.9 / 117,34.7 / 112
4297,TX,Black,M,72,74.0,98.3,131,36.9,37.1,36.9,135,37.1,127,49.4,48.9,36.9 / 135,37.1 / 127
4297,TX,Blue,M,72,71.9,95.4,127,35.9,36.0,35.9,130,36.0,123,48.0,47.4,35.9 / 130,36.0 / 123
4297,TX,White,M,72,69.6,92.8,125,34.6,35.0,34.6,128,35.0,122,46.5,46.3,34.6 / 128,35.0 / 122
4297,TX,Red,M,72,66.4,87.9,116,32.9,33.5,32.9,116,33.5,115,43.7,44.2,32.9 / 116,33.5 / 115
4297,TX,White,F,72,75.4,106.5,132,37.8,37.6,37.8,130,37.6,134,53.1,53.4,37.8 / 130,37.6 / 134
4297,TX,Red,F,72,71.5,100.4,123,35.5,36.0,35.5,124,36.0,121,50.1,50.3,35.5 / 124,36.0 / 121
4659,TX,White/Blue,M,71,68.0,90.8,123,34.0,34.0,34.0,122,34.0,124,45.3,45.5,34.0 / 122,34.0 / 124
4659,TX,Red/Red,M,71,62.2,81.5,104,31.1,31.1,31.1,103,31.1,104,40.7,40.8,31.1 / 103,31.1 / 104
4659,TX,White/Blue,F,71,73.2,104.9,135,36.5,36.7,36.5,136,36.7,133,52.5,52.4,36.5 / 136,36.7 / 133
4659,TX,Red/Red,F,71,64.9,90.0,107,32.5,32.4,32.5,105,32.4,108,44.9,45.1,32.5 / 105,32.4 / 108
35403,TX,Blue,M,70,67.8,89.2,115,33.8,34.0,33.8,114,34.0,116,44.4,44.8,33.8 / 114,34.0 / 116
35403,TX,White,M,70,66.5,87.3,112,33.2,33.3,33.2,108,33.3,116,43.2,44.1,33.2 / 108,33.3 / 116
35403,TX,Red,M,70,61.4,79.6,98,31.0,30.4,31.0,97,30.4,99,40.0,39.6,31.0 / 97,30.4 / 99
35403,TX,Blue,F,70,73.6,103.0,125,36.9,36.7,36.9,120,36.7,130,51.0,52.0,36.9 / 120,36.7 / 130
35403,TX,White,F,70,71.9,100.4,121,35.9,36.0,35.9,118,36.0,124,49.8,50.6,35.9 / 118,36.0 / 124
35403,TX,Red,F,70,64.4,88.9,104,32.9,31.5,32.9,103,31.5,104,45.1,43.8,32.9 / 103,31.5 / 104
3967,TX,Red / Blue,M,72,69.7,92.3,122,34.5,35.2,34.5,119,35.2,124,45.6,46.7,34.5 / 119,35.2 / 124
3967,TX,Black / White,M,72,65.6,85.6,108,33.7,31.9,33.7,115,31.9,100,44.4,41.2,33.7 / 115,31.9 / 100
3967,TX,Red / Blue,F,72,76.8,107.7,131,38.0,38.8,38.0,129,38.8,133,53.2,54.5,38.0 / 129,38.8 / 133
3967,TX,Black / White,F,72,71.7,100.2,121,37.1,34.6,37.1,125,34.6,117,51.8,48.4,37.1 / 125,34.6 / 117
4011,TX,Black,M,70,73.5,98.0,132,36.3,37.2,36.3,131,37.2,132,48.5,49.5,36.3 / 131,37.2 / 132
4011,TX,Green,M,70,71.6,95.5,129,35.5,36.1,35.5,129,36.1,128,47.5,48.0,35.5 / 129,36.1 / 128
4011,TX,Horse Track,M,70,70.0,92.9,124,34.8,35.2,34.8,122,35.2,125,46.1,46.8,34.8 / 122,35.2 / 125
4011,TX,Blue,M,70,68.6,90.7,119,34.2,34.4,34.2,117,34.4,121,45.1,45.6,34.2 / 117,34.4 / 121
4011,TX,Silver,M,70,66.0,87.2,114,32.8,33.2,32.8,112,33.2,116,43.2,44.0,32.8 / 112,33.2 / 116
4011,TX,Red,M,70,63.1,83.0,107,31.4,31.7,31.4,105,31.7,109,41.2,41.8,31.4 / 105,31.7 / 109
4011,TX,Black,F,70,79.9,113.4,142,39.6,40.3,39.6,141,40.3,143,56.2,57.2,39.6 / 141,40.3 / 143
4011,TX,Green,F,70,77.6,109.9,137,38.6,39.0,38.6,136,39.0,138,54.6,55.3,38.6 / 136,39.0 / 138
4011,TX,Horse Track,F,70,76.0,107.6,134,37.7,38.3,37.7,133,38.3,135,53.4,54.2,37.7 / 133,38.3 / 135
4011,TX,Blue,F,70,74.5,105.3,131,37.1,37.4,37.1,131,37.4,131,52.5,52.8,37.1 / 131,37.4 / 131
4011,TX,Silver,F,70,71.1,99.8,122,35.3,35.8,35.3,122,35.8,121,49.7,50.1,35.3 / 122,35.8 / 121
4011,TX,Red,F,70,66.8,93.3,113,33.1,33.7,33.1,113,33.7,112,46.4,46.9,33.1 / 113,33.7 / 112
4172,TX,Black,M,71,71.8,95.3,127,36.3,35.5,36.3,125,35.5,128,47.9,47.4,36.3 / 125,35.5 / 128
4172,TX,Blue,M,71,69.4,91.7,120,34.9,34.5,34.9,116,34.5,124,45.7,46.0,34.9 / 116,34.5 / 124
4172,TX,White,M,71,67.5,89.1,116,34.0,33.5,34.0,114,33.5,118,44.6,44.5,34.0 / 114,33.5 / 118
4172,TX,Red,M,71,63.8,83.9,109,32.4,31.4,32.4,108,31.4,109,42.4,41.5,32.4 / 108,31.4 / 109
4172,TX,White,F,71,72.9,100.9,119,37.1,35.8,37.1,120,35.8,117,51.3,49.6,37.1 / 120,35.8 / 117
4172,TX,Red,F,71,68.4,94.6,112,35.2,33.2,35.2,114,33.2,109,48.6,46.0,35.2 / 114,33.2 / 109
4337,TX,Blue,M,70,72.6,97.4,134,35.5,37.1,35.5,130,37.1,137,47.6,49.8,35.5 / 130,37.1 / 137
4337,TX,White,M,70,70.6,94.6,129,34.2,36.4,34.2,125,36.4,133,45.8,48.8,34.2 / 125,36.4 / 133
4337,TX,Gold,M,70,68.7,91.2,122,33.0,35.7,33.0,121,35.7,122,44.2,47.0,33.0 / 121,35.7 / 122
4337,TX,Green,M,70,65.3,86.5,114,31.7,33.6,31.7,115,33.6,113,42.4,44.1,31.7 / 115,33.6 / 113
4337,TX,Yellow,M,70,61.4,80.8,104,29.9,31.5,29.9,105,31.5,103,39.7,41.1,29.9 / 105,31.5 / 103
4337,TX,Blue,F,70,79.0,113.1,145,38.4,40.6,38.4,143,40.6,146,55.3,57.8,38.4 / 143,40.6 / 146
4337,TX,White,F,70,77.0,110.0,140,37.2,39.8,37.2,138,39.8,142,53.5,56.5,37.2 / 138,39.8 / 142
4337,TX,Gold,F,70,74.2,105.2,132,35.8,38.4,35.8,130,38.4,133,51.1,54.1,35.8 / 130,38.4 / 133
4337,TX,Green,F,70,69.9,98.7,122,34.0,35.9,34.0,123,35.9,121,48.5,50.2,34.0 / 123,35.9 / 121
4337,TX,Yellow,F,70,63.4,88.9,108,30.6,32.8,30.6,107,32.8,109,43.2,45.7,30.6 / 107,32.8 / 109
32115,TX,Blue,M,72,70.0,91.6,116,35.0,35.0,35.0,116,35.0,116,45.8,45.8,35.0 / 116,35.0 / 116
32115,TX,White/Blue,M,72,69.1,90.4,115,34.1,35.0,34.1,113,35.0,116,44.6,45.8,34.1 / 113,35.0 / 116
32115,TX,White,M,72,68.2,89.2,113,34.1,34.1,34.1,113,34.1,113,44.6,44.6,34.1 / 113,34.1 / 113
32115,TX,Gold/White,M,72,66.6,86.4,107,32.5,34.1,32.5,100,34.1,113,41.8,44.6,32.5 / 100,34.1 / 113
32115,TX,Gold,M,72,65.0,83.6,100,32.5,32.5,32.5,100,32.5,100,41.8,41.8,32.5 / 100,32.5 / 100
32115,TX,Red,M,72,63.2,81.2,97,31.6,31.6,31.6,97,31.6,97,40.6,40.6,31.6 / 97,31.6 / 97
32115,TX,Blue,F,72,76.2,105.0,122,38.1,38.1,38.1,122,38.1,122,52.5,52.5,38.1 / 122,38.1 / 122
32115,TX,White/Blue,F,72,75.1,103.5,121,37.0,38.1,37.0,119,38.1,122,51.0,52.5,37.0 / 119,38.1 / 122
32115,TX,White,F,72,74.0,102.0,119,37.0,37.0,37.0,119,37.0,119,51.0,51.0,37.0 / 119,37.0 / 119
32115,TX,Gold/White,F,72,71.7,98.4,114,34.7,37.0,34.7,108,37.0,119,47.4,51.0,34.7 / 108,37.0 / 119
32115,TX,Gold,F,72,69.4,94.8,108,34.7,34.7,34.7,108,34.7,108,47.4,47.4,34.7 / 108,34.7 / 108
32115,TX,Red,F,72,67.2,92.2,106,33.6,33.6,33.6,106,33.6,106,46.1,46.1,33.6 / 106,33.6 / 106
4210,TX,Red,M,72,72.8,97.1,131,35.1,37.7,35.1,122,37.7,140,46.4,50.7,35.1 / 122,37.7 / 140
4210,TX,White,M,72,70.9,94.1,125,34.1,36.8,34.1,117,36.8,132,45.0,49.1,34.1 / 117,36.8 / 132
4210,TX,Yellow,M,72,68.0,89.2,114,32.6,35.4,32.6,111,35.4,117,42.9,46.3,32.6 / 111,35.4 / 117
4210,TX,Blue,M,72,65.7,85.7,108,31.6,34.1,31.6,107,34.1,109,41.5,44.2,31.6 / 107,34.1 / 109
4210,TX,Red,F,72,80.2,113.2,140,38.3,41.9,38.3,134,41.9,146,54.1,59.1,38.3 / 134,41.9 / 146
4210,TX,White,F,72,77.4,109.3,135,37.1,40.3,37.1,128,40.3,142,52.2,57.1,37.1 / 128,40.3 / 142
4210,TX,Yellow,F,72,73.4,103.4,128,35.2,38.2,35.2,118,38.2,137,49.1,54.3,35.2 / 118,38.2 / 137
4210,TX,Blue,F,72,70.8,98.1,116,34.2,36.6,34.2,109,36.6,122,47.1,51.0,34.2 / 109,36.6 / 122
31819,TX,Blue,M,70,67.8,89.8,118,33.9,33.9,33.9,118,33.9,118,44.9,44.9,33.9 / 118,33.9 / 118
31819,TX,White/Blue,M,70,66.4,88.1,117,32.5,33.9,32.5,115,33.9,118,43.2,44.9,32.5 / 115,33.9 / 118
31819,TX,White,M,70,65.0,86.4,115,32.5,32.5,32.5,115,32.5,115,43.2,43.2,32.5 / 115,32.5 / 115
31819,TX,Gold,M,70,62.4,82.6,109,31.2,31.2,31.2,109,31.2,109,41.3,41.3,31.2 / 109,31.2 / 109
31819,TX,Red/Gold,M,70,61.9,82.0,108,30.8,31.1,30.8,108,31.1,109,40.8,41.2,30.8 / 108,31.1 / 109
31819,TX,Red,M,70,61.8,81.6,107,30.9,30.9,30.9,107,30.9,107,40.8,40.8,30.9 / 107,30.9 / 107
31819,TX,Blue,F,70,72.6,102.8,128,36.3,36.3,36.3,128,36.3,128,51.4,51.4,36.3 / 128,36.3 / 128
31819,TX,White/Blue,F,70,71.2,100.7,125,34.9,36.3,34.9,122,36.3,128,49.3,51.4,34.9 / 122,36.3 / 128
31819,TX,White,F,70,69.8,98.6,122,34.9,34.9,34.9,122,34.9,122,49.3,49.3,34.9 / 122,34.9 / 122
31819,TX,Gold,F,70,65.8,93.2,116,32.9,32.9,32.9,116,32.9,116,46.6,46.6,32.9 / 116,32.9 / 116
31819,TX,Red,F,70,64.8,91.6,114,32.4,32.4,32.4,114,32.4,114,45.8,45.8,32.4 / 114,32.4 / 114
4314,TX,Black,M,72,72.7,96.3,127,36.4,36.3,36.4,130,36.3,124,48.5,47.8,36.4 / 130,36.3 / 124
4314,TX,Blue,M,72,70.5,93.4,123,35.3,35.2,35.3,128,35.2,118,47.2,46.2,35.3 / 128,35.2 / 118
4314,TX,White,M,72,68.7,90.1,115,34.4,34.3,34.4,115,34.3,115,45.1,45.0,34.4 / 115,34.3 / 115
4314,TX,Red,M,72,63.9,83.5,106,32.0,31.9,32.0,104,31.9,107,41.7,41.8,32.0 / 104,31.9 / 107
4314,TX,Black,F,72,79.0,111.2,137,39.6,39.4,39.6,136,39.4,137,55.6,55.6,39.6 / 136,39.4 / 137
4314,TX,Blue,F,72,76.4,107.3,131,38.3,38.1,38.3,130,38.1,132,53.6,53.7,38.3 / 130,38.1 / 132
4314,TX,White,F,72,73.9,103.3,125,36.9,37.0,36.9,123,37.0,126,51.4,51.9,36.9 / 123,37.0 / 126
4314,TX,Red,F,72,68.0,94.1,111,33.7,34.3,33.7,111,34.3,110,46.8,47.3,33.7 / 111,34.3 / 110
23867,TX,Blue,M,71,70.5,93.6,125,34.3,36.2,34.3,123,36.2,126,45.7,47.9,34.3 / 123,36.2 / 126
23867,TX,White,M,71,68.8,91.6,123,33.6,35.2,33.6,123,35.2,123,45.0,46.6,33.6 / 123,35.2 / 123
23867,TX,Gold,M,71,65.3,85.6,110,31.9,33.4,31.9,107,33.4,112,41.8,43.8,31.9 / 107,33.4 / 112
23867,TX,Red,M,71,61.2,78.6,94,30.5,30.7,30.5,95,30.7,93,39.3,39.3,30.5 / 95,30.7 / 93
23867,TX,Blue,F,71,77.2,108.8,134,37.6,39.6,37.6,125,39.6,143,52.3,56.5,37.6 / 125,39.6 / 143
23867,TX,White,F,71,75.3,105.7,129,36.6,38.7,36.6,124,38.7,134,51.2,54.5,36.6 / 124,38.7 / 134
23867,TX,Gold,F,71,70.2,98.1,119,34.5,35.7,34.5,113,35.7,124,47.8,50.3,34.5 / 113,35.7 / 124
23867,TX,Red,F,71,66.7,92.4,109,32.8,33.9,32.8,107,33.9,111,45.4,47.0,32.8 / 107,33.9 / 111
27112,TX,Back,M,72,71.4,98.0,143,35.6,35.8,35.6,144,35.8,142,49.0,49.0,35.6 / 144,35.8 / 142
27112,TX,Back/KT,M,72,69.9,94.9,135,35.1,34.8,35.1,140,34.8,129,48.1,46.8,35.1 / 140,34.8 / 129
27112,TX,KT,M,72,69.4,92.3,124,35.0,34.4,35.0,125,34.4,122,46.6,45.7,35.0 / 125,34.4 / 122
27112,TX,KT/Legends,M,72,68.1,90.6,121,34.3,33.8,34.3,123,33.8,119,45.7,44.9,34.3 / 123,33.8 / 119
27112,TX,Legends,M,72,66.9,88.8,118,33.6,33.3,33.6,119,33.3,116,44.7,44.1,33.6 / 119,33.3 / 116
27112,TX,Legends/Forward,M,72,66.4,86.7,110,33.3,33.1,33.3,111,33.1,108,43.6,43.1,33.3 / 111,33.1 / 108
27112,TX,Forward,M,72,65.1,83.8,101,32.4,32.7,32.4,101,32.7,100,41.8,42.0,32.4 / 101,32.7 / 100
27112,TX,Back,F,72,78.3,113.7,150,39.0,39.3,39.0,149,39.3,151,56.6,57.1,39.0 / 149,39.3 / 151
27112,TX,Back/KT,F,72,76.6,111.1,147,38.4,38.2,38.4,147,38.2,146,55.7,55.4,38.4 / 147,38.2 / 146
27112,TX,KT,F,72,75.5,109.6,145,37.7,37.8,37.7,143,37.8,146,54.6,55.0,37.7 / 143,37.8 / 146
27112,TX,KT/Legends,F,72,73.4,105.8,137,36.7,36.7,36.7,132,36.7,142,52.3,53.5,36.7 / 132,36.7 / 142
27112,TX,Legends,F,72,71.3,102.8,134,35.6,35.7,35.6,134,35.7,133,51.4,51.4,35.6 / 134,35.7 / 133
27112,TX,Legends/Forward,F,72,70.2,99.8,126,35.1,35.1,35.1,126,35.1,126,49.9,49.9,35.1 / 126,35.1 / 126
27112,TX,Forward,F,72,68.7,96.5,118,34.3,34.4,34.3,120,34.4,116,48.4,48.1,34.3 / 120,34.4 / 116
4203,TX,Black,M,72,73.8,100.1,142,36.8,37.0,36.8,146,37.0,137,50.4,49.7,36.8 / 146,37.0 / 137
4203,TX,Black/Gold,M,72,72.2,97.1,134,35.8,36.4,35.8,137,36.4,131,48.5,48.6,35.8 / 137,36.4 / 131
4203,TX,Gold,M,72,70.8,93.9,125,35.4,35.4,35.4,123,35.4,126,46.8,47.1,35.4 / 123,35.4 / 126
4203,TX,Silver,M,72,68.9,91.4,122,34.4,34.5,34.4,122,34.5,121,45.7,45.7,34.4 / 122,34.5 / 121
4203,TX,Silver/Jade,M,72,66.9,88.9,118,33.6,33.3,33.6,119,33.3,117,44.7,44.2,33.6 / 119,33.3 / 117
4203,TX,Jade,M,72,64.2,84.9,112,32.3,31.9,32.3,107,31.9,116,42.2,42.7,32.3 / 107,31.9 / 116
4203,TX,Black,F,72,80.1,114.3,145,39.8,40.3,39.8,144,40.3,146,56.8,57.5,39.8 / 144,40.3 / 146
4203,TX,Black/Gold,F,72,78.8,112.6,144,38.8,40.0,38.8,139,40.0,148,55.2,57.4,38.8 / 139,40.0 / 148
4203,TX,Gold,F,72,76.6,108.9,137,38.2,38.4,38.2,136,38.4,138,54.2,54.7,38.2 / 136,38.4 / 138
4203,TX,Silver,F,72,74.4,105.7,133,37.2,37.2,37.2,131,37.2,134,52.7,53.0,37.2 / 131,37.2 / 134
4203,TX,Silver/Jade,F,72,72.2,102.1,127,36.2,36.0,36.2,130,36.0,124,51.5,50.6,36.2 / 130,36.0 / 124
4203,TX,Jade,F,72,68.7,96.1,116,34.5,34.2,34.5,117,34.2,115,48.3,47.8,34.5 / 117,34.2 / 115
4457,TX,Black,M,71,72.2,95.8,127,36.4,35.8,36.4,129,35.8,125,48.4,47.4,36.4 / 129,35.8 / 125
4457,TX,Blue,M,71,70.2,93.3,124,35.4,34.8,35.4,126,34.8,122,47.2,46.1,35.4 / 126,34.8 / 122
4457,TX,White,M,71,68.0,90.5,121,34.4,33.6,34.4,123,33.6,119,45.8,44.7,34.4 / 123,33.6 / 119
4457,TX,Green,M,71,65.7,86.6,112,33.2,32.5,33.2,109,32.5,115,43.3,43.3,33.2 / 109,32.5 / 115
4457,TX,Red,M,71,62.9,83.1,108,31.4,31.5,31.4,104,31.5,112,41.1,42.0,31.4 / 104,31.5 / 112
4457,TX,Black,F,71,78.6,111.8,141,39.6,39.0,39.6,147,39.0,135,56.9,54.9,39.6 / 147,39.0 / 135
4457,TX,Blue,F,71,75.6,107.3,135,38.0,37.6,38.0,140,37.6,129,54.5,52.8,38.0 / 140,37.6 / 129
4457,TX,White,F,71,73.5,104.0,130,37.0,36.5,37.0,135,36.5,124,52.9,51.1,37.0 / 135,36.5 / 124
4457,TX,Green,F,71,70.7,99.5,122,35.6,35.1,35.6,126,35.1,118,50.5,49.0,35.6 / 126,35.1 / 118
4457,TX,Red,F,71,66.5,93.2,113,32.8,33.7,32.8,112,33.7,114,46.0,47.2,32.8 / 112,33.7 / 114
4201,TX,Gold,M,72,72.2,97.5,136,35.8,36.4,35.8,135,36.4,137,48.3,49.2,35.8 / 135,36.4 / 137
4201,TX,Blue,M,72,70.3,94.9,132,34.7,35.6,34.7,130,35.6,134,46.8,48.1,34.7 / 130,35.6 / 134
4201,TX,White,M,72,68.3,91.7,126,33.4,34.9,33.4,122,34.9,130,44.7,47.0,33.4 / 122,34.9 / 130
4201,TX,Silver,M,72,65.4,87.9,121,31.9,33.5,31.9,117,33.5,125,42.8,45.1,31.9 / 117,33.5 / 125
4201,TX,Gold,F,72,78.0,111.0,140,38.7,39.3,38.7,140,39.3,140,55.2,55.8,38.7 / 140,39.3 / 140
4201,TX,Blue,F,72,75.9,107.9,137,37.5,38.4,37.5,135,38.4,138,53.4,54.5,37.5 / 135,38.4 / 138
4201,TX,White,F,72,73.9,104.8,131,36.3,37.6,36.3,129,37.6,133,51.5,53.3,36.3 / 129,37.6 / 133
4201,TX,Red,F,72,70.4,99.7,124,34.5,35.9,34.5,121,35.9,127,48.8,50.9,34.5 / 121,35.9 / 127
4288,TX,Blue,M,72,68.6,89.1,111,33.4,35.2,33.4,113,35.2,108,43.9,45.2,33.4 / 113,35.2 / 108
4288,TX,White,M,72,67.3,87.0,106,32.7,34.6,32.7,110,34.6,102,42.9,44.1,32.7 / 110,34.6 / 102
4288,TX,Gold,M,72,63.8,82.1,99,31.1,32.7,31.1,99,32.7,98,40.3,41.8,31.1 / 99,32.7 / 98
4288,TX,Red,M,72,62.5,79.9,94,30.8,31.7,30.8,96,31.7,91,39.7,40.2,30.8 / 96,31.7 / 91
4288,TX,White,F,72,72.0,99.0,115,35.3,36.7,35.3,113,36.7,116,48.6,50.4,35.3 / 113,36.7 / 116
4288,TX,Gold,F,72,68.1,93.3,107,33.2,34.9,33.2,105,34.9,109,45.6,47.7,33.2 / 105,34.9 / 109
4288,TX,Red,F,72,66.4,90.4,102,32.6,33.8,32.6,100,33.8,103,44.4,46.0,32.6 / 100,33.8 / 103
4315,TX,Black,M,72,72.7,97.3,133,35.8,36.9,35.8,128,36.9,137,47.7,49.6,35.8 / 128,36.9 / 137
4315,TX,Green,M,72,70.8,94.4,127,34.9,35.9,34.9,128,35.9,126,46.8,47.6,34.9 / 128,35.9 / 126
4315,TX,Members,M,72,67.7,89.8,119,33.5,34.2,33.5,118,34.2,119,44.5,45.3,33.5 / 118,34.2 / 119
4315,TX,Silver,M,72,65.0,85.5,111,32.8,32.2,32.8,112,32.2,109,43.2,42.3,32.8 / 112,32.2 / 109
4315,TX,Silver Alternate,M,72,63.9,83.7,107,32.2,31.7,32.2,110,31.7,103,42.4,41.3,32.2 / 110,31.7 / 103
4315,TX,Yellow,M,72,59.8,77.4,95,30.0,29.8,30.0,99,29.8,90,39.2,38.2,30.0 / 99,29.8 / 90
4315,TX,Black,F,72,80.4,114.3,144,39.5,40.9,39.5,145,40.9,142,56.6,57.7,39.5 / 145,40.9 / 142
4315,TX,Green,F,72,77.9,110.9,140,38.2,39.7,38.2,137,39.7,143,54.3,56.6,38.2 / 137,39.7 / 143
4315,TX,Members,F,72,73.9,103.5,126,36.2,37.7,36.2,120,37.7,131,50.4,53.1,36.2 / 120,37.7 / 131
4315,TX,Silver,F,72,70.2,97.5,116,35.2,35.0,35.2,116,35.0,115,48.9,48.6,35.2 / 116,35.0 / 115
4315,TX,Silver Alternate,F,72,68.5,95.3,114,34.5,34.0,34.5,115,34.0,112,48.1,47.2,34.5 / 115,34.0 / 112
4315,TX,Yellow,F,72,60.7,84.2,100,30.4,30.3,30.4,101,30.3,98,42.3,41.9,30.4 / 101,30.3 / 98
37113,TX,Back,M,27,26.1,33.4,79,26.1,,26.1,79,,,33.4,,26.1 / 79,/
37113,TX,Mats,M,27,26.1,33.5,80,26.1,,26.1,80,,,33.5,,26.1 / 80,/
37113,TX,Forward,M,27,25.6,32.4,73,25.6,,25.6,73,,,32.4,,25.6 / 73,/
37113,TX,Mats,F,27,27.5,37.0,81,27.5,,27.5,81,,,37.0,,27.5 / 81,/
37113,TX,Back,F,27,27.4,36.9,81,27.4,,27.4,81,,,36.9,,27.4 / 81,/
37113,TX,Forward,F,27,26.8,35.8,76,26.8,,26.8,76,,,35.8,,26.8 / 76,/
4199,TX,BLUE,M,70,69.0,89.4,110,34.1,34.9,34.1,109,34.9,111,44.2,45.2,34.1 / 109,34.9 / 111
4199,TX,WHITE,M,70,67.2,86.7,105,33.2,34.0,33.2,104,34.0,105,42.9,43.8,33.2 / 104,34.0 / 105
4199,TX,Red,M,70,63.5,82.2,101,31.4,32.1,31.4,100,32.1,101,40.7,41.5,31.4 / 100,32.1 / 101
4199,TX,White,F,70,72.6,100.7,119,35.7,36.9,35.7,118,36.9,120,49.6,51.1,35.7 / 118,36.9 / 120
4199,TX,Red,F,70,68.3,94.3,110,33.6,34.7,33.6,109,34.7,111,46.5,47.8,33.6 / 109,34.7 / 111
35825,TX,Blue,M,54,54.4,68.6,77,26.7,27.7,26.7,73,27.7,80,33.5,35.1,26.7 / 73,27.7 / 80
35825,TX,White,M,54,52.9,66.2,72,26.2,26.7,26.2,69,26.7,74,32.6,33.6,26.2 / 69,26.7 / 74
35825,TX,Blue,F,54,56.6,74.8,77,27.9,28.7,27.9,75,28.7,79,36.8,38.0,27.9 / 75,28.7 / 79
35825,TX,White,F,54,55.3,72.9,75,27.4,27.9,27.4,75,27.9,74,36.3,36.6,27.4 / 75,27.9 / 74
26223,TX,Blue,M,72,71.9,95.8,129,36.0,35.9,36.0,125,35.9,132,47.6,48.2,36.0 / 125,35.9 / 132
26223,TX,White,M,72,69.4,92.4,124,34.6,34.8,34.6,119,34.8,128,45.7,46.7,34.6 / 119,34.8 / 128
26223,TX,Gold,M,71,67.3,89.5,120,33.5,33.8,33.5,114,33.8,125,44.1,45.4,33.5 / 114,33.8 / 125
26223,TX,Red,M,70,66.5,88.3,118,33.1,33.4,33.1,112,33.4,123,43.5,44.8,33.1 / 112,33.4 / 123
26223,TX,White,F,72,74.4,103.6,124,37.1,37.3,37.1,120,37.3,127,51.3,52.3,37.1 / 120,37.3 / 127
26223,TX,Gold,F,72,72.6,100.9,120,36.1,36.5,36.1,117,36.5,123,49.9,51.0,36.1 / 117,36.5 / 123
26223,TX,Red,F,72,71.5,99.2,117,35.5,36.0,35.5,114,36.0,120,49.0,50.2,35.5 / 114,36.0 / 120
4265,TX,Black,M,72,74.5,100.8,142,37.4,37.1,37.4,139,37.1,144,50.3,50.5,37.4 / 139,37.1 / 144
4265,TX,Black/Gold Combo,M,72,73.4,98.9,137,36.7,36.7,36.7,132,36.7,142,49.0,49.9,36.7 / 132,36.7 / 142
4265,TX,Gold,M,72,72.2,97.5,136,36.2,36.0,36.2,132,36.0,140,48.5,49.0,36.2 / 132,36.0 / 140
4265,TX,Gold/Blue Combo,M,72,70.8,95.8,135,35.6,35.2,35.6,130,35.2,139,47.7,48.1,35.6 / 130,35.2 / 139
4265,TX,Blue,M,72,69.9,93.6,128,35.0,34.9,35.0,126,34.9,129,46.7,46.9,35.0 / 126,34.9 / 129
4265,TX,Blue/White Combo,M,72,68.9,91.8,124,34.7,34.2,34.7,126,34.2,121,46.4,45.4,34.7 / 126,34.2 / 121
4265,TX,White,M,72,67.5,90.0,122,33.9,33.6,33.9,122,33.6,121,45.2,44.8,33.9 / 122,33.6 / 121
4265,TX,White/Green Combo,M,72,65.6,86.7,114,33.0,32.6,33.0,112,32.6,115,43.4,43.3,33.0 / 112,32.6 / 115
4265,TX,Green,M,72,64.5,84.5,108,32.4,32.1,32.4,105,32.1,110,42.2,42.3,32.4 / 105,32.1 / 110
4265,TX,Green/Orange Combo,M,72,61.9,80.4,100,31.1,30.8,31.1,97,30.8,102,40.1,40.3,31.1 / 97,30.8 / 102
4265,TX,Orange,M,72,61.0,79.0,97,30.7,30.3,30.7,94,30.3,100,39.4,39.6,30.7 / 94,30.3 / 100
4265,TX,Black,F,72,81.9,118.8,155,41.1,40.8,41.1,155,40.8,155,59.5,59.3,41.1 / 155,40.8 / 155
4265,TX,Black/Gold Combo,F,72,80.8,117.2,154,40.5,40.3,40.5,153,40.3,155,58.6,58.6,40.5 / 153,40.3 / 155
4265,TX,Gold,F,72,79.4,114.9,151,39.8,39.6,39.8,150,39.6,151,57.5,57.4,39.8 / 150,39.6 / 151
4265,TX,Gold/Blue Combo,F,72,77.4,111.4,144,38.8,38.6,38.8,142,38.6,146,55.6,55.8,38.8 / 142,38.6 / 146
4265,TX,Blue,F,72,75.7,108.5,139,38.0,37.7,38.0,138,37.7,140,54.3,54.2,38.0 / 138,37.7 / 140
4265,TX,Blue/White Combo,F,72,74.4,106.3,136,37.7,36.7,37.7,136,36.7,135,53.7,52.6,37.7 / 136,36.7 / 135
4265,TX,White,F,72,73.2,104.5,133,36.8,36.4,36.8,134,36.4,131,52.6,51.9,36.8 / 134,36.4 / 131
4265,TX,White/Green Combo,F,72,71.2,100.1,123,35.8,35.4,35.8,125,35.4,120,50.5,49.6,35.8 / 125,35.4 / 120
4265,TX,Green,F,72,69.4,98.5,124,34.8,34.6,34.8,121,34.6,126,49.1,49.4,34.8 / 121,34.6 / 126
4265,TX,Green/Orange Combo,F,72,64.9,91.4,112,32.5,32.4,32.5,109,32.4,115,45.4,46.0,32.5 / 109,32.4 / 115
4265,TX,Orange,F,72,63.7,88.6,106,32.1,31.6,32.1,104,31.6,107,44.4,44.2,32.1 / 104,31.6 / 107
4336,TX,I,M,71,73.3,99.3,140,36.6,36.7,36.6,139,36.7,141,49.5,49.8,36.6 / 139,36.7 / 141
4336,TX,II,M,71,71.2,96.1,134,35.6,35.6,35.6,135,35.6,133,48.1,48.0,35.6 / 135,35.6 / 133
4336,TX,III,M,71,69.6,93.6,129,34.9,34.7,34.9,127,34.7,131,46.7,46.9,34.9 / 127,34.7 / 131
4336,TX,IV,M,71,66.7,89.6,124,33.5,33.2,33.5,125,33.2,122,45.1,44.5,33.5 / 125,33.2 / 122
4336,TX,V,M,70,64.0,85.9,118,32.1,31.9,32.1,119,31.9,116,43.2,42.7,32.1 / 119,31.9 / 116
4336,TX,I,F,71,79.5,114.0,147,39.9,39.6,39.9,145,39.6,148,57.0,57.0,39.9 / 145,39.6 / 148
4336,TX,II,F,71,76.9,110.1,141,38.7,38.2,38.7,140,38.2,142,55.2,54.9,38.7 / 140,38.2 / 142
4336,TX,III,F,71,74.7,106.7,136,37.7,37.0,37.7,135,37.0,137,53.6,53.1,37.7 / 135,37.0 / 137
4336,TX,IV,F,71,71.9,102.6,131,36.3,35.6,36.3,130,35.6,131,51.6,51.0,36.3 / 130,35.6 / 131
4336,TX,V,F,71,68.5,97.4,123,34.7,33.8,34.7,122,33.8,123,49.1,48.3,34.7 / 122,33.8 / 123
4304,TX,Blue,M,72,73.0,98.0,135,36.1,36.9,36.1,136,36.9,133,48.7,49.3,36.1 / 136,36.9 / 133
4304,TX,White,M,72,70.9,95.1,130,35.3,35.6,35.3,128,35.6,132,47.2,47.9,35.3 / 128,35.6 / 132
4304,TX,Gold,M,72,68.1,88.7,111,33.7,34.4,33.7,105,34.4,116,43.5,45.2,33.7 / 105,34.4 / 116
4304,TX,Red,M,72,66.4,86.6,108,33.0,33.4,33.0,103,33.4,113,42.7,43.9,33.0 / 103,33.4 / 113
4304,TX,Green,M,72,62.9,81.9,102,31.3,31.6,31.3,100,31.6,104,40.6,41.3,31.3 / 100,31.6 / 104
4304,TX,Blue,F,72,79.5,114.5,149,39.4,40.1,39.4,151,40.1,146,57.2,57.3,39.4 / 151,40.1 / 146
4304,TX,White,F,72,76.8,109.9,141,38.1,38.7,38.1,144,38.7,137,55.1,54.8,38.1 / 144,38.7 / 137
4304,TX,Gold,F,72,73.4,104.4,132,35.8,37.6,35.8,132,37.6,131,51.4,53.0,35.8 / 132,37.6 / 131
4304,TX,Red,F,72,71.7,101.2,126,35.3,36.4,35.3,126,36.4,125,50.1,51.1,35.3 / 126,36.4 / 125
4304,TX,Green,F,72,66.9,94.5,117,32.9,34.0,32.9,120,34.0,114,47.0,47.5,32.9 / 120,34.0 / 114
4437,TX,Championship,M,72,75.1,100.7,138,37.9,37.2,37.9,135,37.2,141,50.4,50.3,37.9 / 135,37.2 / 141
4437,TX,Championship par 70,M,70,75.1,100.7,138,37.9,37.2,37.9,135,37.2,141,50.4,50.3,37.9 / 135,37.2 / 141
4437,TX,Green,M,72,74.9,100.0,135,37.8,37.1,37.8,132,37.1,138,50.1,49.9,37.8 / 132,37.1 / 138
4437,TX,Green / Gold,M,72,73.5,98.2,133,36.9,36.6,36.9,132,36.6,133,49.2,49.0,36.9 / 132,36.6 / 133
4437,TX,Gold,M,72,72.4,96.8,131,36.4,36.0,36.4,131,36.0,131,48.6,48.2,36.4 / 131,36.0 / 131
4437,TX,Gold/Blue,M,72,70.0,93.6,127,35.3,34.7,35.3,127,34.7,127,47.1,46.5,35.3 / 127,34.7 / 127
4437,TX,Blue,M,72,67.6,89.2,117,33.9,33.7,33.9,122,33.7,111,45.2,44.0,33.9 / 122,33.7 / 111
4437,TX,Blue/White,M,72,65.5,86.8,115,32.5,33.0,32.5,118,33.0,111,43.5,43.3,32.5 / 118,33.0 / 111
4437,TX,White,M,72,63.9,84.8,113,31.9,32.0,31.9,114,32.0,111,42.5,42.3,31.9 / 114,32.0 / 111
4437,TX,Championship,F,72,82.0,119.3,155,41.0,41.0,41.0,155,41.0,155,59.8,59.5,41.0 / 155,41.0 / 155
4437,TX,Green,F,72,81.7,118.8,155,40.8,40.9,40.8,155,40.9,155,59.5,59.3,40.8 / 155,40.9 / 155
4437,TX,Gold,F,72,78.9,113.9,149,39.6,39.3,39.6,148,39.3,149,57.0,56.9,39.6 / 148,39.3 / 149
4437,TX,Gold/Blue,F,72,76.5,109.5,140,38.5,38.0,38.5,140,38.0,140,55.0,54.5,38.5 / 140,38.0 / 140
4437,TX,Blue,F,72,73.1,103.9,131,37.0,36.1,37.0,134,36.1,127,52.8,51.1,37.0 / 134,36.1 / 127
4437,TX,Blue/White,F,72,70.5,99.4,123,35.2,35.3,35.2,122,35.3,123,49.6,49.8,35.2 / 122,35.3 / 123
4437,TX,White,F,72,68.9,96.4,117,34.5,34.4,34.5,116,34.4,117,48.2,48.2,34.5 / 116,34.4 / 117
4001,TX,Gold,M,72,73.9,97.8,129,36.9,37.0,36.9,123,37.0,135,48.3,49.5,36.9 / 123,37.0 / 135
4001,TX,Blue,M,72,72.1,95.5,126,36.2,35.9,36.2,121,35.9,131,47.4,48.1,36.2 / 121,35.9 / 131
4001,TX,Combo,M,72,69.4,92.4,124,34.8,34.6,34.8,120,34.6,127,46.0,46.4,34.8 / 120,34.6 / 127
4001,TX,Copper,M,72,68.7,91.0,120,34.5,34.2,34.5,118,34.2,122,45.5,45.5,34.5 / 118,34.2 / 122
4001,TX,Silver,M,72,67.7,89.6,118,34.0,33.7,34.0,116,33.7,119,44.8,44.8,34.0 / 116,33.7 / 119
4001,TX,Gold,F,72,81.1,113.5,138,40.7,40.4,40.7,136,40.4,140,56.7,56.8,40.7 / 136,40.4 / 140
4001,TX,Blue,F,72,78.9,110.6,135,39.8,39.1,39.8,133,39.1,137,55.4,55.2,39.8 / 133,39.1 / 137
4001,TX,Combo,F,72,76.0,106.0,128,38.4,37.6,38.4,125,37.6,130,53.1,52.9,38.4 / 125,37.6 / 130
4001,TX,Copper,F,72,74.6,104.0,125,37.5,37.1,37.5,123,37.1,127,52.0,52.0,37.5 / 123,37.1 / 127
4001,TX,Silver,F,72,73.5,102.1,122,37.0,36.5,37.0,120,36.5,123,51.1,51.0,37.0 / 120,36.5 / 123
4000,TX,Gold,M,72,72.5,97.5,135,36.1,36.4,36.1,133,36.4,136,48.5,49.0,36.1 / 133,36.4 / 136
4000,TX,Blue,M,72,70.1,94.4,131,35.2,34.9,35.2,126,34.9,136,46.9,47.5,35.2 / 126,34.9 / 136
4000,TX,Combo,M,72,67.6,91.0,126,34.1,33.5,34.1,125,33.5,127,45.7,45.3,34.1 / 125,33.5 / 127
4000,TX,Copper,M,72,66.3,88.9,122,33.4,32.9,33.4,124,32.9,119,44.9,44.0,33.4 / 124,32.9 / 119
4000,TX,Silver,M,72,65.1,86.6,116,32.9,32.2,32.9,117,32.2,114,43.8,42.8,32.9 / 117,32.2 / 114
4000,TX,Blue,F,72,75.8,107.4,134,38.0,37.8,38.0,137,37.8,131,54.2,53.2,38.0 / 137,37.8 / 131
4000,TX,Copper,F,72,72.0,101.1,124,36.2,35.8,36.2,123,35.8,124,50.7,50.4,36.2 / 123,35.8 / 124
4000,TX,Silver,F,72,70.8,99.4,121,35.6,35.2,35.6,121,35.2,121,49.9,49.5,35.6 / 121,35.2 / 121
37128,TX,Bell,M,71,75.2,100.8,138,37.4,37.8,37.4,139,37.8,137,50.3,50.5,37.4 / 139,37.8 / 137
37128,TX,1912,M,71,74.1,98.4,131,36.8,37.3,36.8,133,37.3,128,49.2,49.2,36.8 / 133,37.3 / 128
37128,TX,I,M,71,71.5,95.5,129,35.8,35.7,35.8,130,35.7,128,47.9,47.6,35.8 / 130,35.7 / 128
37128,TX,II,M,71,69.1,92.7,127,34.8,34.3,34.8,126,34.3,128,46.5,46.2,34.8 / 126,34.3 / 128
37128,TX,III,M,71,65.8,88.2,121,32.8,33.0,32.8,124,33.0,117,44.3,43.9,32.8 / 124,33.0 / 117
37128,TX,IV,M,71,63.7,85.8,119,31.9,31.8,31.9,125,31.8,113,43.5,42.3,31.9 / 125,31.8 / 113
37128,TX,Bell,F,71,82.3,118.5,153,41.1,41.2,41.1,155,41.2,150,59.6,58.9,41.1 / 155,41.2 / 150
37128,TX,1912,F,71,80.2,115.4,150,40.0,40.2,40.0,153,40.2,146,58.0,57.4,40.0 / 153,40.2 / 146
37128,TX,I,F,71,78.2,111.8,143,39.0,39.2,39.0,141,39.2,144,55.6,56.2,39.0 / 141,39.2 / 144
37128,TX,II,F,71,75.4,107.4,136,37.8,37.6,37.8,141,37.6,131,54.4,53.0,37.8 / 141,37.6 / 131
37128,TX,III,F,71,71.5,100.8,125,35.8,35.7,35.8,124,35.7,125,50.4,50.4,35.8 / 124,35.7 / 125
37128,TX,IV,F,71,68.9,97.4,121,34.7,34.2,34.7,120,34.2,122,48.8,48.6,34.7 / 120,34.2 / 122
4522,TX,Black,M,71,70.5,94.4,129,36.4,34.1,36.4,137,34.1,121,49.1,45.3,36.4 / 137,34.1 / 121
4522,TX,Gold,M,71,68.0,89.4,116,35.0,33.0,35.0,121,33.0,110,46.2,43.2,35.0 / 121,33.0 / 110
4522,TX,Green,M,71,66.2,86.6,110,34.2,32.0,34.2,111,32.0,109,44.5,42.1,34.2 / 111,32.0 / 109
4522,TX,Red,M,71,63.5,82.0,100,32.8,30.7,32.8,101,30.7,98,42.2,39.8,32.8 / 101,30.7 / 98
4522,TX,Black,F,71,77.0,109.4,138,39.9,37.1,39.9,146,37.1,129,57.1,52.3,39.9 / 146,37.1 / 129
4522,TX,Gold,F,71,74.0,104.9,131,37.8,36.2,37.8,136,36.2,126,53.8,51.1,37.8 / 136,36.2 / 126
4522,TX,Green,F,71,70.8,100.1,125,36.5,34.3,36.5,130,34.3,119,51.8,48.3,36.5 / 130,34.3 / 119
4522,TX,Red,F,71,67.3,94.3,115,34.7,32.6,34.7,120,32.6,109,48.9,45.4,34.7 / 120,32.6 / 109
3989,TX,Black,M,72,73.9,98.6,133,37.1,36.8,37.1,132,36.8,133,49.4,49.2,37.1 / 132,36.8 / 133
3989,TX,Lantana,M,72,73.0,97.3,131,36.6,36.4,36.6,129,36.4,132,48.6,48.7,36.6 / 129,36.4 / 132
3989,TX,Blue,M,72,71.2,95.0,128,35.8,35.4,35.8,126,35.4,130,47.5,47.5,35.8 / 126,35.4 / 130
3989,TX,Member,M,72,69.9,92.9,124,35.2,34.7,35.2,124,34.7,124,46.7,46.2,35.2 / 124,34.7 / 124
3989,TX,White,M,72,68.3,90.3,118,34.1,34.2,34.1,119,34.2,117,45.2,45.1,34.1 / 119,34.2 / 117
3989,TX,White/Red Combo,M,72,66.5,88.1,116,33.4,33.1,33.4,117,33.1,115,44.3,43.8,33.4 / 117,33.1 / 115
3989,TX,Red,M,72,64.5,85.2,112,32.4,32.1,32.4,113,32.1,110,42.9,42.3,32.4 / 113,32.1 / 110
3989,TX,Black,F,72,80.4,115.7,150,40.1,40.3,40.1,154,40.3,145,58.3,57.4,40.1 / 154,40.3 / 145
3989,TX,Lantana,F,72,79.3,113.6,146,39.5,39.8,39.5,149,39.8,142,57.1,56.5,39.5 / 149,39.8 / 142
3989,TX,Blue,F,72,77.1,110.4,142,38.6,38.5,38.6,146,38.5,137,55.8,54.6,38.6 / 146,38.5 / 137
3989,TX,Member,F,72,75.4,107.5,137,37.8,37.6,37.8,141,37.6,132,54.4,53.1,37.8 / 141,37.6 / 132
3989,TX,White,F,72,73.5,105.2,135,36.6,36.9,36.6,138,36.9,131,52.9,52.3,36.6 / 138,36.9 / 131
3989,TX,White/Red Combo,F,72,71.6,102.2,130,35.7,35.9,35.7,134,35.9,126,51.5,50.7,35.7 / 134,35.9 / 126
3989,TX,Red,F,72,68.7,97.6,123,34.5,34.2,34.5,127,34.2,118,49.5,48.1,34.5 / 127,34.2 / 118
4069,TX,Black,M,72,75.0,100.6,136,37.7,37.3,37.7,142,37.3,133,50.9,49.7,37.7 / 142,37.3 / 133
4069,TX,Paloma,M,72,73.8,98.8,135,37.1,36.7,37.1,139,36.7,130,50.0,48.8,37.1 / 139,36.7 / 130
4069,TX,Blue,M,72,72.7,97.5,133,36.4,36.3,36.4,138,36.3,129,49.2,48.3,36.4 / 138,36.3 / 129
4069,TX,Venado,M,72,71.9,96.3,132,36.1,35.8,36.1,136,35.8,127,48.7,47.6,36.1 / 136,35.8 / 127
4069,TX,White,M,72,71.3,95.6,129,35.8,35.5,35.8,135,35.5,127,48.3,47.3,35.8 / 135,35.5 / 127
4069,TX,Javelina,M,72,69.7,93.2,127,35.0,34.7,35.0,129,34.7,124,47.0,46.2,35.0 / 129,34.7 / 124
4069,TX,Green,M,72,68.5,91.8,126,34.6,33.9,34.6,128,33.9,123,46.5,45.3,34.6 / 128,33.9 / 123
4069,TX,Red,M,72,66.2,88.4,120,33.3,32.9,33.3,122,32.9,117,44.6,43.8,33.3 / 122,32.9 / 117
4069,TX,Black,F,72,81.3,115.0,143,40.9,40.4,40.9,147,40.4,139,58.2,56.8,40.9 / 147,40.4 / 139
4069,TX,Blue,F,72,78.5,110.8,137,39.4,39.1,39.4,140,39.1,134,55.9,54.9,39.4 / 140,39.1 / 134
4069,TX,White,F,72,76.8,108.3,134,38.6,38.2,38.6,137,38.2,130,54.8,53.5,38.6 / 137,38.2 / 130
4069,TX,Javelina,F,72,74.9,105.6,130,37.7,37.2,37.7,134,37.2,126,53.5,52.1,37.7 / 134,37.2 / 126
4069,TX,Green,F,72,73.9,103.9,127,37.3,36.6,37.3,131,36.6,123,52.8,51.1,37.3 / 131,36.6 / 123
4069,TX,Red,F,72,70.9,99.5,122,35.6,35.3,35.6,125,35.3,118,50.3,49.2,35.6 / 125,35.3 / 118
4381,TX,Blue,M,71,74.4,100.0,138,37.6,36.8,37.6,139,36.8,137,50.5,49.5,37.6 / 139,36.8 / 137
4381,TX,Blue/White,M,71,72.9,97.8,134,36.8,36.1,36.8,136,36.1,132,49.4,48.4,36.8 / 136,36.1 / 132
4381,TX,White,M,71,71.5,96.0,132,36.5,35.0,36.5,135,35.0,129,49.0,47.0,36.5 / 135,35.0 / 129
4381,TX,White/Gold,M,71,69.8,93.8,129,35.3,34.5,35.3,132,34.5,126,47.6,46.2,35.3 / 132,34.5 / 126
4381,TX,White/Gold/Red,M,71,68.9,92.1,125,34.6,34.3,34.6,126,34.3,124,46.3,45.8,34.6 / 126,34.3 / 124
4381,TX,Gold,M,71,67.8,90.5,123,34.5,33.3,34.5,123,33.3,122,45.9,44.6,34.5 / 123,33.3 / 122
4381,TX,Gold/Red,M,71,66.6,88.5,118,33.8,32.8,33.8,121,32.8,115,45.0,43.5,33.8 / 121,32.8 / 115
4381,TX,Red,M,71,65.7,87.0,115,33.4,32.3,33.4,116,32.3,113,44.2,42.8,33.4 / 116,32.3 / 113
4381,TX,White,F,71,77.2,110.2,140,39.4,37.8,39.4,144,37.8,136,56.4,53.8,39.4 / 144,37.8 / 136
4381,TX,White/Gold,F,71,75.3,107.2,135,38.1,37.2,38.1,138,37.2,132,54.4,52.8,38.1 / 138,37.2 / 132
4381,TX,White/Gold/Red,F,71,74.2,105.4,132,37.0,37.2,37.0,132,37.2,132,52.6,52.8,37.0 / 132,37.2 / 132
4381,TX,Gold,F,71,72.9,103.3,129,36.7,36.2,36.7,131,36.2,127,52.1,51.2,36.7 / 131,36.2 / 127
4381,TX,Gold/Red,F,71,71.3,101.2,127,36.1,35.2,36.1,130,35.2,124,51.4,49.8,36.1 / 130,35.2 / 124
4381,TX,Red,F,71,70.1,99.3,124,35.6,34.5,35.6,130,34.5,118,50.9,48.4,35.6 / 130,34.5 / 118
4116,TX,Black,M,72,73.2,97.4,130,37.0,36.2,37.0,128,36.2,132,48.9,48.5,37.0 / 128,36.2 / 132
4116,TX,Blue,M,72,70.9,94.4,127,35.5,35.4,35.5,123,35.4,130,46.9,47.5,35.5 / 123,35.4 / 130
4116,TX,White,M,72,69.4,92.7,126,34.7,34.7,34.7,125,34.7,126,46.3,46.4,34.7 / 125,34.7 / 126
4116,TX,Gold,M,72,66.4,87.3,113,33.2,33.2,33.2,112,33.2,113,43.6,43.7,33.2 / 112,33.2 / 113
4116,TX,Red,M,72,65.0,84.5,105,32.2,32.8,32.2,103,32.8,107,41.8,42.7,32.2 / 103,32.8 / 107
4116,TX,Black,F,72,80.0,114.6,147,40.4,39.6,40.4,147,39.6,147,57.7,56.9,40.4 / 147,39.6 / 147
4116,TX,Blue,F,72,77.8,111.7,144,39.0,38.8,39.0,148,38.8,139,56.5,55.2,39.0 / 148,38.8 / 139
4116,TX,White,F,72,75.8,108.0,137,38.0,37.8,38.0,136,37.8,137,54.0,54.0,38.0 / 136,37.8 / 137
4116,TX,Gold,F,72,71.9,101.2,124,36.0,35.9,36.0,122,35.9,126,50.4,50.8,36.0 / 122,35.9 / 126
4116,TX,Red,F,72,69.7,96.9,115,34.7,35.0,34.7,109,35.0,121,47.6,49.3,34.7 / 109,35.0 / 121
4644,TX,Champion,M,72,74.7,99.7,135,37.4,37.3,37.4,132,37.3,137,49.7,50.0,37.4 / 132,37.3 / 137
4644,TX,Tournament,M,72,72.4,96.4,129,36.1,36.3,36.1,126,36.3,132,47.8,48.6,36.1 / 126,36.3 / 132
4644,TX,Regular,M,72,69.4,92.1,122,34.7,34.7,34.7,117,34.7,127,45.6,46.5,34.7 / 117,34.7 / 127
4644,TX,Ladies,M,72,65.2,86.5,115,32.5,32.7,32.5,109,32.7,121,42.6,43.9,32.5 / 109,32.7 / 121
4644,TX,Regular,F,72,73.8,103.2,125,36.8,37.0,36.8,124,37.0,126,51.4,51.8,36.8 / 124,37.0 / 126
4644,TX,Ladies,F,72,69.4,98.0,121,34.3,35.1,34.3,121,35.1,121,48.6,49.4,34.3 / 121,35.1 / 121
4376,TX,Blue,M,72,70.4,92.0,117,34.2,36.2,34.2,111,36.2,122,44.5,47.5,34.2 / 111,36.2 / 122
4376,TX,White,M,72,68.1,89.2,114,33.6,34.5,33.6,108,34.5,119,43.6,45.6,33.6 / 108,34.5 / 119
4376,TX,Gold,M,72,63.5,84.2,112,31.3,32.2,31.3,107,32.2,116,41.2,43.0,31.3 / 107,32.2 / 116
4376,TX,Red,M,72,62.1,82.5,110,30.8,31.3,30.8,107,31.3,113,40.7,41.8,30.8 / 107,31.3 / 113
4376,TX,Gold,F,72,68.1,94.2,111,33.5,34.6,33.5,104,34.6,117,45.8,48.4,33.5 / 104,34.6 / 117
4376,TX,Red,F,72,65.3,90.2,106,32.0,33.3,32.0,102,33.3,109,44.0,46.2,32.0 / 102,33.3 / 109
26062,TX,White/Blue,M,71,70.0,91.8,117,35.1,34.9,35.1,118,34.9,116,46.1,45.7,35.1 / 118,34.9 / 116
26062,TX,Gold,M,70,67.0,87.7,112,33.6,33.4,33.6,112,33.4,111,44.0,43.7,33.6 / 112,33.4 / 111
26062,TX,Red,M,68,66.2,86.3,109,33.3,32.9,33.3,110,32.9,107,43.5,42.8,33.3 / 110,32.9 / 107
26062,TX,Red,F,71,71.0,98.3,116,35.7,35.3,35.7,116,35.3,115,49.4,48.9,35.7 / 116,35.3 / 115
33068,TX,Black/Green,M,72,72.4,97.9,138,36.2,36.2,36.2,138,36.2,137,49.0,48.9,36.2 / 138,36.2 / 137
33068,TX,White / Blue,M,72,70.4,95.1,133,35.1,35.3,35.1,132,35.3,133,47.4,47.7,35.1 / 132,35.3 / 133
33068,TX,Gold / Yellow,M,72,67.5,90.9,126,33.6,33.9,33.6,124,33.9,128,45.1,45.8,33.6 / 124,33.9 / 128
33068,TX,Red / Pink,M,72,64.9,87.4,121,32.4,32.5,32.4,118,32.5,124,43.4,44.0,32.4 / 118,32.5 / 124
33068,TX,White / Blue,F,72,76.2,108.6,138,38.0,38.2,38.0,136,38.2,139,54.0,54.6,38.0 / 136,38.2 / 139
33068,TX,Gold / Yellow,F,72,73.2,104.5,133,36.2,37.0,36.2,131,37.0,135,51.6,52.9,36.2 / 131,37.0 / 135
33068,TX,Red / Pink,F,72,70.3,98.8,121,35.0,35.3,35.0,120,35.3,122,49.1,49.7,35.0 / 120,35.3 / 122
4543,TX,Gold,M,71,72.6,97.4,134,37.1,35.5,37.1,136,35.5,131,49.7,47.7,37.1 / 136,35.5 / 131
4543,TX,Blue,M,71,69.9,93.1,125,35.6,34.3,35.6,125,34.3,125,47.2,45.9,35.6 / 125,34.3 / 125
4543,TX,White,M,71,67.5,89.9,121,34.5,33.0,34.5,121,33.0,121,45.7,44.2,34.5 / 121,33.0 / 121
4543,TX,Red,M,71,64.6,85.8,114,32.8,31.8,32.8,116,31.8,112,43.6,42.2,32.8 / 116,31.8 / 112
4543,TX,Gold,F,71,78.9,112.8,144,40.4,38.5,40.4,145,38.5,142,57.5,55.3,40.4 / 145,38.5 / 142
4543,TX,Blue,F,71,75.6,107.8,137,38.4,37.2,38.4,138,37.2,135,54.7,53.1,38.4 / 138,37.2 / 135
4543,TX,White,F,71,73.0,104.3,133,37.1,35.9,37.1,134,35.9,131,52.9,51.4,37.1 / 134,35.9 / 131
4543,TX,Red,F,71,69.4,98.3,123,35.2,34.2,35.2,123,34.2,122,49.7,48.6,35.2 / 123,34.2 / 122
4323,TX,Blue,M,71,68.3,88.8,110,34.9,33.4,34.9,115,33.4,105,45.6,43.2,34.9 / 115,33.4 / 105
4323,TX,White,M,71,65.7,84.8,103,33.8,31.9,33.8,104,31.9,101,43.5,41.3,33.8 / 104,31.9 / 101
4323,TX,Red,M,71,62.5,80.5,97,31.9,30.6,31.9,97,30.6,97,40.9,39.6,31.9 / 97,30.6 / 97
4323,TX,Blue,F,71,74.1,104.6,130,38.2,35.9,38.2,125,35.9,134,52.9,51.7,38.2 / 125,35.9 / 134
4323,TX,White,F,71,70.1,97.8,118,35.9,34.2,35.9,123,34.2,112,50.4,47.4,35.9 / 123,34.2 / 112
4323,TX,Red,F,71,66.0,91.7,109,33.6,32.4,33.6,114,32.4,104,47.0,44.7,33.6 / 114,32.4 / 104
3974,TX,Blue,M,72,67.8,88.6,112,33.9,33.9,33.9,112,33.9,112,44.3,44.3,33.9 / 112,33.9 / 112
3974,TX,White,M,72,65.0,84.2,103,32.5,32.5,32.5,103,32.5,103,42.1,42.1,32.5 / 103,32.5 / 103
3974,TX,Red,M,72,61.6,79.6,97,30.8,30.8,30.8,97,30.8,97,39.8,39.8,30.8 / 97,30.8 / 97
3974,TX,Blue,F,72,73.6,102.6,123,36.8,36.8,36.8,123,36.8,123,51.3,51.3,36.8 / 123,36.8 / 123
3974,TX,White,F,72,70.6,98.0,116,35.3,35.3,35.3,116,35.3,116,49.0,49.0,35.3 / 116,35.3 / 116
3974,TX,Red,F,72,65.6,90.6,106,32.8,32.8,32.8,106,32.8,106,45.3,45.3,32.8 / 106,32.8 / 106
14487,TX,Black,M,71,73.7,98.6,134,36.1,37.6,36.1,132,37.6,136,48.4,50.2,36.1 / 132,37.6 / 136
14487,TX,White,M,71,71.4,95.8,131,35.1,36.3,35.1,130,36.3,132,47.2,48.6,35.1 / 130,36.3 / 132
14487,TX,Green,M,71,69.0,92.8,128,34.0,35.0,34.0,127,35.0,129,45.8,47.0,34.0 / 127,35.0 / 129
14487,TX,Gold,M,71,65.5,87.2,117,32.4,33.1,32.4,115,33.1,118,43.1,44.1,32.4 / 115,33.1 / 118
14487,TX,Black,F,71,81.0,114.6,143,39.7,41.3,39.7,137,41.3,148,55.8,58.8,39.7 / 137,41.3 / 148
14487,TX,White,F,71,78.5,110.6,136,38.6,39.9,38.6,130,39.9,142,53.9,56.7,38.6 / 130,39.9 / 142
14487,TX,Green,F,71,75.7,106.6,131,37.3,38.4,37.3,129,38.4,133,52.5,54.1,37.3 / 129,38.4 / 133
14487,TX,Gold,F,71,71.8,100.9,124,35.6,36.2,35.6,118,36.2,129,49.5,51.4,35.6 / 118,36.2 / 129
34994,TX,Black,M,36,37.0,49.4,133,37.0,,37.0,133,,,49.4,,37.0 / 133,/
34994,TX,Silver,M,36,36.0,47.7,126,36.0,,36.0,126,,,47.7,,36.0 / 126,/
34994,TX,Gold,M,36,35.1,46.6,124,35.1,,35.1,124,,,46.6,,35.1 / 124,/
34994,TX,White,M,36,32.8,43.5,115,32.8,,32.8,115,,,43.5,,32.8 / 115,/
34994,TX,Black,F,36,40.4,57.4,144,40.4,,40.4,144,,,57.4,,40.4 / 144,/
34994,TX,Silver,F,36,39.1,55.5,139,39.1,,39.1,139,,,55.5,,39.1 / 139,/
34994,TX,Gold,F,36,37.8,53.6,134,37.8,,37.8,134,,,53.6,,37.8 / 134,/
34994,TX,White,F,36,35.1,49.5,122,35.1,,35.1,122,,,49.5,,35.1 / 122,/
4027,TX,Blue,M,70,69.6,90.8,114,34.8,34.8,34.8,114,34.8,114,45.4,45.4,34.8 / 114,34.8 / 114
4027,TX,White/Blue,M,70,68.6,89.4,112,33.8,34.8,33.8,110,34.8,114,44.0,45.4,33.8 / 110,34.8 / 114
4027,TX,White,M,70,67.6,88.0,110,33.8,33.8,33.8,110,33.8,110,44.0,44.0,33.8 / 110,33.8 / 110
4027,TX,Red,M,70,63.6,82.8,103,31.8,31.8,31.8,103,31.8,103,41.4,41.4,31.8 / 103,31.8 / 103
4027,TX,Senior Men,M,66,63.6,83.6,108,31.8,31.8,31.8,108,31.8,108,41.8,41.8,31.8 / 108,31.8 / 108
4027,TX,Blue,F,70,74.8,104.8,127,37.4,37.4,37.4,127,37.4,127,52.4,52.4,37.4 / 127,37.4 / 127
4027,TX,White/Blue,F,70,73.6,103.0,125,36.2,37.4,36.2,122,37.4,127,50.6,52.4,36.2 / 122,37.4 / 127
4027,TX,White,F,70,72.4,101.2,122,36.2,36.2,36.2,122,36.2,122,50.6,50.6,36.2 / 122,36.2 / 122
4027,TX,Red,F,70,68.6,93.6,106,34.3,34.3,34.3,106,34.3,106,46.8,46.8,34.3 / 106,34.3 / 106
4319,TX,Blue,M,71,70.5,93.1,122,35.6,34.9,35.6,119,34.9,124,46.7,46.4,35.6 / 119,34.9 / 124
4319,TX,White,M,71,67.8,88.9,114,33.9,33.9,33.9,112,33.9,115,44.3,44.6,33.9 / 112,33.9 / 115
4319,TX,Gold,M,71,64.1,83.0,102,32.4,31.7,32.4,99,31.7,104,41.6,41.4,32.4 / 99,31.7 / 104
4319,TX,Red,M,71,63.2,81.8,100,31.9,31.3,31.9,98,31.3,102,41.0,40.8,31.9 / 98,31.3 / 102
4319,TX,Blue,F,71,77.0,107.2,129,38.8,38.2,38.8,131,38.2,126,54.2,53.0,38.8 / 131,38.2 / 126
4319,TX,White,F,71,72.9,101.3,121,36.4,36.5,36.4,119,36.5,122,50.4,50.9,36.4 / 119,36.5 / 122
4319,TX,Gold,F,71,69.1,95.0,110,34.9,34.2,34.9,109,34.2,110,47.8,47.2,34.9 / 109,34.2 / 110
4319,TX,Red,F,71,67.6,93.0,108,34.1,33.5,34.1,107,33.5,109,46.7,46.3,34.1 / 107,33.5 / 109
4131,TX,Back,M,72,74.3,99.6,136,36.5,37.8,36.5,132,37.8,140,48.8,50.8,36.5 / 132,37.8 / 140
4131,TX,Back/Middle,M,72,73.2,98.0,134,35.9,37.3,35.9,131,37.3,136,48.1,49.9,35.9 / 131,37.3 / 136
4131,TX,Middle,M,72,71.9,96.5,133,35.3,36.6,35.3,130,36.6,135,47.4,49.1,35.3 / 130,36.6 / 135
4131,TX,Middle/Front,M,72,70.8,94.9,130,34.9,35.9,34.9,128,35.9,131,46.8,48.1,34.9 / 128,35.9 / 131
4131,TX,Front,M,72,69.6,93.0,126,34.3,35.3,34.3,124,35.3,128,45.8,47.2,34.3 / 124,35.3 / 128
4131,TX,Emeritus,M,72,67.1,88.8,118,33.2,33.9,33.2,115,33.9,120,43.8,45.0,33.2 / 115,33.9 / 120
4786,TX,Black,M,71,70.6,95.3,128,35.0,35.6,35.0,131,35.6,124,47.2,47.1,35.0 / 131,35.6 / 124
4786,TX,Blue,M,71,69.4,92.9,127,34.4,35.0,34.4,128,35.0,125,46.3,46.6,34.4 / 128,35.0 / 125
4786,TX,White,M,71,67.8,90.8,124,33.8,34.0,33.8,126,34.0,122,45.5,45.3,33.8 / 126,34.0 / 122
4786,TX,Silver (M),M,71,65.4,86.0,111,32.9,32.5,32.9,114,32.5,108,43.5,42.5,32.9 / 114,32.5 / 108
4786,TX,Red (M),M,71,61.9,81.3,105,31.1,30.8,31.1,108,30.8,101,41.1,40.2,31.1 / 108,30.8 / 101
4786,TX,Silver (F),F,71,70.7,100.5,127,35.8,34.9,35.8,133,34.9,120,51.5,49.0,35.8 / 133,34.9 / 120
4786,TX,Red (F),F,71,65.4,91.5,111,33.2,32.2,33.2,118,32.2,103,47.1,44.4,33.2 / 118,32.2 / 103
36063,TX,Loraloma,M,72,75.1,101.4,142,38.0,37.1,38.0,143,37.1,140,51.3,50.1,38.0 / 143,37.1 / 140
36063,TX,Sky,M,72,72.1,96.8,133,36.2,35.9,36.2,133,35.9,132,48.6,48.2,36.2 / 133,35.9 / 132
36063,TX,Limestone,M,72,68.9,92.7,128,34.3,34.6,34.3,127,34.6,129,46.1,46.6,34.3 / 127,34.6 / 129
36063,TX,Gold,M,72,64.9,85.3,110,32.5,32.4,32.5,107,32.4,113,42.4,42.9,32.5 / 107,32.4 / 113
36063,TX,Sunset,M,72,61.7,80.0,99,31.1,30.6,31.1,99,30.6,98,40.3,39.7,31.1 / 99,30.6 / 98
36063,TX,Loraloma,F,72,82.2,118.5,152,41.2,41.0,41.2,155,41.0,148,60.0,58.5,41.2 / 155,41.0 / 148
36063,TX,Sky,F,72,78.5,113.0,146,39.0,39.5,39.0,150,39.5,142,56.7,56.3,39.0 / 150,39.5 / 142
36063,TX,Limestone,F,72,75.0,107.8,139,37.2,37.8,37.2,142,37.8,136,54.0,53.8,37.2 / 142,37.8 / 136
36063,TX,Gold,F,72,69.7,97.4,118,34.8,34.9,34.8,117,34.9,118,48.6,48.8,34.8 / 117,34.9 / 118
36063,TX,Sunset,F,72,66.8,91.7,106,33.9,32.9,33.9,106,32.9,105,46.4,45.3,33.9 / 106,32.9 / 105
4599,TX,Black,M,72,75.5,100.9,137,37.7,37.8,37.7,141,37.8,132,50.8,50.1,37.7 / 141,37.8 / 132
4599,TX,Blue,M,72,73.6,98.4,134,36.8,36.8,36.8,138,36.8,129,49.6,48.8,36.8 / 138,36.8 / 129
4599,TX,White,M,72,70.4,93.7,126,35.5,34.9,35.5,127,34.9,124,47.3,46.4,35.5 / 127,34.9 / 124
4599,TX,Yellow,M,72,67.5,89.0,116,34.2,33.3,34.2,118,33.3,113,45.2,43.8,34.2 / 118,33.3 / 113
4599,TX,White,F,72,77.1,109.0,135,39.0,38.1,39.0,137,38.1,133,55.2,53.8,39.0 / 137,38.1 / 133
4599,TX,Red,F,72,73.4,103.6,128,37.1,36.3,37.1,130,36.3,126,52.4,51.2,37.1 / 130,36.3 / 126
4599,TX,Yellow,F,72,73.0,102.8,127,37.3,35.7,37.3,130,35.7,123,52.6,50.2,37.3 / 130,35.7 / 123
4318,TX,Black,M,72,76.1,102.9,144,38.4,37.7,38.4,142,37.7,146,51.6,51.3,38.4 / 142,37.7 / 146
4318,TX,Black/Blue,M,72,75.3,102.9,149,37.9,37.4,37.9,147,37.4,150,51.6,51.3,37.9 / 147,37.4 / 150
4318,TX,Blue,M,72,74.4,100.2,139,37.5,36.9,37.5,138,36.9,140,50.3,49.9,37.5 / 138,36.9 / 140
4318,TX,Blue/White,M,72,72.8,99.8,137,36.5,36.3,36.5,143,36.3,135,49.8,48.8,36.5 / 143,36.3 / 135
4318,TX,White,M,72,72.2,97.3,133,36.3,35.9,36.3,133,35.9,133,48.7,48.2,36.3 / 133,35.9 / 133
4318,TX,White/Green,M,72,70.2,94.8,132,35.1,35.0,35.1,132,35.0,132,47.4,47.4,35.1 / 132,35.0 / 132
4318,TX,Green,M,72,68.8,92.1,126,34.7,34.1,34.7,127,34.1,124,46.5,45.6,34.7 / 127,34.1 / 124
4318,TX,Red,M,72,65.8,88.0,119,33.0,32.8,33.0,119,32.8,119,44.1,43.9,33.0 / 119,32.8 / 119
4318,TX,White,F,72,77.0,108.5,136,39.0,38.0,39.0,135,38.0,137,54.9,54.1,39.0 / 135,38.0 / 137
4318,TX,Green,F,72,73.7,105.5,135,37.4,36.3,37.4,135,36.3,135,53.3,52.2,37.4 / 135,36.3 / 135
4318,TX,Red,F,72,70.5,100.8,129,35.3,35.2,35.3,126,35.2,131,50.2,50.6,35.3 / 126,35.2 / 131
4402,TX,Black,M,72,75.5,102.0,140,37.2,38.3,37.2,137,38.3,143,49.9,51.6,37.2 / 137,38.3 / 143
4402,TX,Black/Gold Combo,M,72,74.6,100.6,138,37.0,37.6,37.0,134,37.6,141,49.5,50.7,37.0 / 134,37.6 / 141
4402,TX,Gold,M,72,74.2,100.0,137,36.9,37.3,36.9,133,37.3,140,49.3,50.3,36.9 / 133,37.3 / 140
4402,TX,Blue,M,72,72.6,98.1,134,36.2,36.4,36.2,132,36.4,136,48.5,49.0,36.2 / 132,36.4 / 136
4402,TX,Blue/White Combo,M,72,71.5,96.9,133,35.7,35.8,35.7,131,35.8,134,47.9,48.2,35.7 / 131,35.8 / 134
4402,TX,White,M,72,70.5,95.3,131,35.2,35.3,35.2,130,35.3,131,47.3,47.5,35.2 / 130,35.3 / 131
4402,TX,White/Red Combo,M,72,67.8,91.6,129,33.5,34.3,33.5,128,34.3,130,45.4,46.4,33.5 / 128,34.3 / 130
4402,TX,Red,M,72,66.6,89.7,123,33.0,33.6,33.0,123,33.6,122,44.4,44.9,33.0 / 123,33.6 / 122
4402,TX,White,F,72,76.7,109.4,135,38.2,38.5,38.2,135,38.5,134,54.1,54.3,38.2 / 135,38.5 / 134
4402,TX,White/Red Combo,F,72,73.7,104.7,132,36.4,37.3,36.4,131,37.3,132,51.8,52.9,36.4 / 131,37.3 / 132
4402,TX,Red,F,72,72.3,102.8,128,35.9,36.4,35.9,127,36.4,128,50.9,51.5,35.9 / 127,36.4 / 128
4271,TX,White / Blue,M,70,67.3,88.0,112,33.1,34.2,33.1,110,34.2,113,43.3,44.7,33.1 / 110,34.2 / 113
4271,TX,Gold,M,70,62.6,81.2,100,31.2,31.4,31.2,100,31.4,100,40.5,40.7,31.2 / 100,31.4 / 100
4271,TX,Red,M,72,61.1,76.6,84,30.5,30.6,30.5,83,30.6,84,38.2,38.4,30.5 / 83,30.6 / 84
4271,TX,White / Blue,F,70,72.8,100.5,117,35.8,37.0,35.8,114,37.0,120,49.3,51.2,35.8 / 114,37.0 / 120
4271,TX,Gold,F,70,67.9,94.9,115,33.9,34.0,33.9,115,34.0,114,47.5,47.4,33.9 / 115,34.0 / 114
4271,TX,Red,F,72,63.7,88.4,105,31.8,31.9,31.8,104,31.9,105,44.1,44.3,31.8 / 104,31.9 / 105
4549,TX,Blue,M,72,71.7,97.6,140,35.5,36.2,35.5,135,36.2,144,48.0,49.6,35.5 / 135,36.2 / 144
4549,TX,White,M,72,69.8,94.7,134,34.4,35.4,34.4,131,35.4,137,46.6,48.1,34.4 / 131,35.4 / 137
4549,TX,Gold,M,72,66.5,89.1,122,33.2,33.3,33.2,117,33.3,126,44.1,45.0,33.2 / 117,33.3 / 126
4549,TX,Red,M,72,65.4,87.8,121,32.6,32.8,32.6,117,32.8,124,43.5,44.3,32.6 / 117,32.8 / 124
4549,TX,Pink,M,72,62.7,84.2,116,30.7,32.0,30.7,118,32.0,113,41.7,42.5,30.7 / 118,32.0 / 113
4549,TX,Teal,M,54,54.1,72.4,99,27.0,27.1,27.0,95,27.1,102,35.8,36.6,27.0 / 95,27.1 / 102
4549,TX,Blue,F,72,78.9,114.3,150,38.9,40.0,38.9,146,40.0,154,56.1,58.2,38.9 / 146,40.0 / 154
4549,TX,White,F,72,76.1,109.6,142,37.4,38.7,37.4,141,38.7,143,54.0,55.6,37.4 / 141,38.7 / 143
4549,TX,Gold,F,72,71.8,102.7,131,35.5,36.3,35.5,131,36.3,131,51.0,51.7,35.5 / 131,36.3 / 131
4549,TX,Red,F,72,70.3,100.1,127,34.9,35.4,34.9,131,35.4,122,50.3,49.8,34.9 / 131,35.4 / 122
4549,TX,Pink,F,72,66.0,94.0,119,31.6,34.4,31.6,132,34.4,105,47.2,46.8,31.6 / 132,34.4 / 105
4549,TX,Teal,F,54,56.9,80.7,101,28.4,28.5,28.4,103,28.5,99,40.5,40.2,28.4 / 103,28.5 / 99
4041,TX,Blue,M,72,72.9,96.2,126,36.6,36.3,36.6,127,36.3,124,48.4,47.8,36.6 / 127,36.3 / 124
4041,TX,White,M,72,70.6,93.1,121,35.1,35.5,35.1,122,35.5,120,46.4,46.7,35.1 / 122,35.5 / 120
4041,TX,Yellow,M,72,68.2,90.2,118,34.0,34.2,34.0,119,34.2,117,45.1,45.1,34.0 / 119,34.2 / 117
4041,TX,Red,M,72,65.7,86.5,112,32.5,33.2,32.5,112,33.2,112,42.9,43.6,32.5 / 112,33.2 / 112
4041,TX,Blue,F,72,79.4,110.7,133,39.6,39.8,39.6,131,39.8,134,55.1,55.6,39.6 / 131,39.8 / 134
4041,TX,White,F,72,76.4,106.3,127,38.0,38.4,38.0,126,38.4,128,52.8,53.5,38.0 / 126,38.4 / 128
4041,TX,Yellow,F,72,73.5,102.3,122,36.7,36.8,36.7,122,36.8,122,51.1,51.2,36.7 / 122,36.8 / 122
4041,TX,Red,F,72,70.7,98.1,116,35.0,35.7,35.0,115,35.7,117,48.6,49.5,35.0 / 115,35.7 / 117
4281,TX,Vardon,M,72,75.1,100.2,135,37.3,37.8,37.3,133,37.8,137,49.7,50.5,37.3 / 133,37.8 / 137
4281,TX,Old Tom,M,72,72.3,95.7,126,35.7,36.6,35.7,123,36.6,129,47.1,48.6,35.7 / 123,36.6 / 129
4281,TX,Armour,M,72,71.5,94.5,124,35.6,35.9,35.6,121,35.9,127,46.8,47.7,35.6 / 121,35.9 / 127
4281,TX,Willie,M,72,70.2,92.6,121,34.5,35.7,34.5,120,35.7,121,45.7,46.9,34.5 / 120,35.7 / 121
4281,TX,Vare,M,72,66.5,86.8,110,33.0,33.5,33.0,109,33.5,110,43.1,43.7,33.0 / 109,33.5 / 110
4281,TX,Willie,F,72,75.9,108.1,137,37.7,38.2,37.7,131,38.2,142,53.1,55.0,37.7 / 131,38.2 / 142
4281,TX,Vare,F,72,72.0,100.8,123,35.5,36.5,35.5,119,36.5,126,49.5,51.3,35.5 / 119,36.5 / 126
4280,TX,Vardon,M,72,75.5,100.2,133,37.3,38.2,37.3,133,38.2,133,49.6,50.6,37.3 / 133,38.2 / 133
4280,TX,Old Tom,M,72,72.6,95.8,125,35.7,36.9,35.7,123,36.9,127,47.1,48.7,35.7 / 123,36.9 / 127
4280,TX,Armour,M,72,71.8,94.6,123,35.6,36.2,35.6,121,36.2,125,46.8,47.8,35.6 / 121,36.2 / 125
4280,TX,Willie,M,72,70.3,92.7,121,34.5,35.8,34.5,120,35.8,122,45.6,47.1,34.5 / 120,35.8 / 122
4280,TX,Vare,M,72,66.5,87.3,112,33.0,33.5,33.0,109,33.5,115,43.1,44.2,33.0 / 109,33.5 / 115
4280,TX,Willie,F,72,76.2,108.2,136,37.7,38.5,37.7,131,38.5,140,53.2,55.0,37.7 / 131,38.5 / 140
4280,TX,Vare,F,72,72.1,100.9,123,35.5,36.6,35.5,119,36.6,126,49.5,51.4,35.5 / 119,36.6 / 126
4282,TX,Vardon,M,72,76.0,101.1,135,38.2,37.8,38.2,133,37.8,137,50.6,50.5,38.2 / 133,37.8 / 137
4282,TX,Old Tom,M,72,73.5,97.3,128,36.9,36.6,36.9,127,36.6,129,48.7,48.6,36.9 / 127,36.6 / 129
4282,TX,Armour,M,72,72.1,95.5,126,36.2,35.9,36.2,125,35.9,127,47.8,47.7,36.2 / 125,35.9 / 127
4282,TX,Willie,M,72,71.5,94.0,122,35.8,35.7,35.8,122,35.7,121,47.1,46.9,35.8 / 122,35.7 / 121
4282,TX,Vare,M,72,67.0,87.9,113,33.5,33.5,33.5,115,33.5,110,44.2,43.7,33.5 / 115,33.5 / 110
4282,TX,Willie,F,72,76.7,110.0,141,38.5,38.2,38.5,140,38.2,142,55.0,55.0,38.5 / 140,38.2 / 142
4282,TX,Vare,F,72,73.1,102.7,126,36.6,36.5,36.6,126,36.5,126,51.4,51.3,36.6 / 126,36.5 / 126
4605,TX,Black,M,72,73.7,97.6,129,36.9,36.8,36.9,129,36.8,128,48.9,48.7,36.9 / 129,36.8 / 128
4605,TX,Gold,M,72,70.5,93.2,122,35.2,35.3,35.2,119,35.3,125,46.3,46.9,35.2 / 119,35.3 / 125
4605,TX,Silver,M,72,68.2,90.0,117,34.1,34.1,34.1,116,34.1,118,44.9,45.1,34.1 / 116,34.1 / 118
4605,TX,Red,M,72,65.8,86.6,112,32.8,33.0,32.8,111,33.0,113,43.1,43.5,32.8 / 111,33.0 / 113
4605,TX,Black,F,72,80.1,113.1,140,40.2,39.9,40.2,142,39.9,138,56.9,56.2,40.2 / 142,39.9 / 138
4605,TX,Gold,F,72,76.5,107.8,133,38.3,38.2,38.3,133,38.2,132,54.0,53.8,38.3 / 133,38.2 / 132
4605,TX,Silver,F,72,74.0,103.9,127,37.0,37.0,37.0,126,37.0,128,51.8,52.1,37.0 / 126,37.0 / 128
4605,TX,Red,F,72,70.8,99.3,121,35.3,35.5,35.3,121,35.5,120,49.6,49.7,35.3 / 121,35.5 / 120
8921,TX,Plates,M,72,79.6,109.0,155,38.8,40.8,38.8,154,40.8,155,53.1,55.9,38.8 / 154,40.8 / 155
8921,TX,Red,M,72,77.5,106.1,153,38.2,39.3,38.2,151,39.3,155,52.2,53.9,38.2 / 151,39.3 / 155
8921,TX,Hybrid I,M,72,76.2,104.0,150,37.4,38.8,37.4,149,38.8,151,51.2,52.8,37.4 / 149,38.8 / 151
8921,TX,Yellow,M,72,74.9,102.3,148,36.7,38.2,36.7,146,38.2,149,50.3,52.0,36.7 / 146,38.2 / 149
8921,TX,Hybrid II,M,72,73.4,100.2,144,36.1,37.3,36.1,141,37.3,147,49.2,51.0,36.1 / 141,37.3 / 147
8921,TX,White,M,72,71.9,98.0,141,34.9,37.0,34.9,138,37.0,143,47.7,50.3,34.9 / 138,37.0 / 143
8921,TX,Hybrid III,M,72,71.6,94.5,136,35.2,36.4,35.2,113,36.4,133,45.7,48.8,35.2 / 113,36.4 / 133
8921,TX,Black,M,72,67.5,91.8,131,32.4,35.1,32.4,130,35.1,131,44.5,47.3,32.4 / 130,35.1 / 131
8921,TX,Plates,F,72,87.8,128.4,155,42.7,45.1,42.7,155,45.1,155,62.2,66.2,42.7 / 155,45.1 / 155
8921,TX,Red,F,72,85.1,124.6,155,41.9,43.2,41.9,155,43.2,155,61.1,63.5,41.9 / 155,43.2 / 155
8921,TX,Hybrid I,F,72,83.6,122.3,155,41.0,42.6,41.0,155,42.6,155,59.7,62.6,41.0 / 155,42.6 / 155
8921,TX,Yellow,F,72,82.0,119.9,155,40.1,41.9,40.1,155,41.9,155,58.4,61.5,40.1 / 155,41.9 / 155
8921,TX,Hybrid II,F,72,79.9,116.7,153,39.1,40.8,39.1,150,40.8,155,56.8,59.9,39.1 / 150,40.8 / 155
8921,TX,White,F,72,78.1,113.8,149,37.6,40.5,37.6,144,40.5,154,54.6,58.7,37.6 / 144,40.5 / 154
8921,TX,Hybrid III,F,72,74.8,109.1,146,36.3,38.5,36.3,141,38.5,150,52.9,56.2,36.3 / 141,38.5 / 150
8921,TX,Black,F,72,72.6,105.4,140,35.2,37.4,35.2,137,37.4,142,51.4,54.0,35.2 / 137,37.4 / 142
4359,TX,Black/Blue,M,72,68.9,91.1,120,35.0,33.9,35.0,124,33.9,115,46.5,44.6,35.0 / 124,33.9 / 115
4359,TX,Red/White,M,72,64.4,82.5,98,32.3,32.1,32.3,98,32.1,97,41.4,41.1,32.3 / 98,32.1 / 97
4359,TX,Black/Blue,F,72,75.0,104.5,125,38.3,36.7,38.3,130,36.7,120,53.6,50.9,38.3 / 130,36.7 / 120
4359,TX,Red/White,F,72,68.7,95.4,114,34.5,34.2,34.5,114,34.2,113,47.9,47.5,34.5 / 114,34.2 / 113
35977,TX,Gold,M,27,27.0,35.1,87,27.0,,27.0,87,,,35.1,,27.0 / 87,/
35977,TX,Silver,M,27,26.4,34.2,84,26.4,,26.4,84,,,34.2,,26.4 / 84,/
35977,TX,Bronze,M,27,25.2,31.7,70,25.2,,25.2,70,,,31.7,,25.2 / 70,/
35977,TX,Gold,F,27,28.2,38.6,88,28.2,,28.2,88,,,38.6,,28.2 / 88,/
35977,TX,Silver,F,27,27.6,37.5,84,27.6,,27.6,84,,,37.5,,27.6 / 84,/
35977,TX,Bronze,F,27,26.5,35.4,75,26.5,,26.5,75,,,35.4,,26.5 / 75,/
20706,TX,Black,M,72,74.6,99.4,134,37.7,36.9,37.7,128,36.9,139,49.6,49.8,37.7 / 128,36.9 / 139
20706,TX,Blue,M,72,71.8,95.5,128,36.1,35.7,36.1,122,35.7,133,47.4,48.1,36.1 / 122,35.7 / 133
20706,TX,White,M,72,69.7,92.8,125,34.9,34.8,34.9,121,34.8,128,46.1,46.7,34.9 / 121,34.8 / 128
20706,TX,Gold,M,72,66.8,88.3,116,33.6,33.2,33.6,116,33.2,115,44.4,43.9,33.6 / 116,33.2 / 115
20706,TX,Red,M,72,64.0,84.6,111,32.0,32.0,32.0,112,32.0,110,42.4,42.2,32.0 / 112,32.0 / 110
20706,TX,Black,F,72,82.4,116.2,143,41.8,40.6,41.8,144,40.6,142,58.8,57.4,41.8 / 144,40.6 / 142
20706,TX,Blue,F,72,79.0,111.1,137,39.9,39.1,39.9,136,39.1,137,55.9,55.2,39.9 / 136,39.1 / 137
20706,TX,White,F,72,75.9,106.3,129,38.3,37.6,38.3,128,37.6,130,53.4,52.9,38.3 / 128,37.6 / 130
20706,TX,Gold,F,72,72.3,100.9,121,36.7,35.6,36.7,121,35.6,121,51.0,49.9,36.7 / 121,35.6 / 121
20706,TX,Red,F,72,68.5,95.8,116,34.8,33.7,34.8,114,33.7,117,48.3,47.5,34.8 / 114,33.7 / 117
4224,TX,Black,M,72,71.3,92.7,116,35.2,36.1,35.2,110,36.1,121,45.4,47.3,35.2 / 110,36.1 / 121
4224,TX,Blue,M,72,69.6,90.0,110,34.2,35.4,34.2,102,35.4,117,43.7,46.3,34.2 / 102,35.4 / 117
4224,TX,White,M,72,67.0,86.3,104,32.9,34.1,32.9,98,34.1,110,42.0,44.3,32.9 / 98,34.1 / 110
4224,TX,Gold,M,72,64.3,82.4,98,31.6,32.7,31.6,93,32.7,102,40.2,42.2,31.6 / 93,32.7 / 102
4224,TX,Silver,M,72,61.9,78.6,90,30.6,31.3,30.6,85,31.3,95,38.5,40.1,30.6 / 85,31.3 / 95
4224,TX,Black,F,72,79.0,110.1,132,39.0,40.0,39.0,129,40.0,135,54.2,55.9,39.0 / 129,40.0 / 135
4224,TX,Blue,F,72,76.9,107.1,129,37.9,39.0,37.9,126,39.0,131,52.7,54.4,37.9 / 126,39.0 / 131
4224,TX,White,F,72,73.6,102.2,122,36.1,37.5,36.1,118,37.5,125,50.0,52.2,36.1 / 118,37.5 / 125
4224,TX,Gold,F,72,70.1,96.6,113,34.3,35.8,34.3,109,35.8,116,47.1,49.5,34.3 / 109,35.8 / 116
4224,TX,Silver,F,72,67.2,92.8,109,33.1,34.1,33.1,104,34.1,113,45.4,47.4,33.1 / 104,34.1 / 113
4434,TX,Black,M,71,72.5,97.0,132,36.3,36.2,36.3,131,36.2,132,48.5,48.5,36.3 / 131,36.2 / 132
4434,TX,Black/White Combo,M,71,70.2,93.6,126,35.6,34.6,35.6,126,34.6,126,47.3,46.3,35.6 / 126,34.6 / 126
4434,TX,White 2021,M,71,68.9,92.0,125,35.2,33.7,35.2,124,33.7,125,46.7,45.3,35.2 / 124,33.7 / 125
4434,TX,White,M,71,68.4,91.2,123,34.9,33.5,34.9,121,33.5,125,46.1,45.1,34.9 / 121,33.5 / 125
4434,TX,Red,M,71,65.8,87.1,115,32.8,33.0,32.8,114,33.0,115,43.4,43.7,32.8 / 114,33.0 / 115
4434,TX,Family Gold,M,71,62.0,82.1,108,31.2,30.8,31.2,104,30.8,112,40.9,41.2,31.2 / 104,30.8 / 112
4434,TX,Family Blue,M,71,58.9,77.4,100,29.6,29.3,29.6,97,29.3,102,38.6,38.8,29.6 / 97,29.3 / 102
4434,TX,White,F,72,74.3,104.7,129,37.8,36.5,37.8,131,36.5,127,53.2,51.5,37.8 / 131,36.5 / 127
4434,TX,Red,F,72,71.1,100.2,124,35.5,35.6,35.5,122,35.6,125,49.9,50.3,35.5 / 122,35.6 / 125
4453,TX,Tournament,M,72,74.0,99.0,135,37.6,36.4,37.6,135,36.4,135,50.1,48.9,37.6 / 135,36.4 / 135
4453,TX,Championship,M,72,71.6,95.2,127,36.2,35.4,36.2,129,35.4,125,48.2,47.0,36.2 / 129,35.4 / 125
4453,TX,Blue/White Combo,M,72,70.1,93.1,124,35.4,34.7,35.4,128,34.7,119,47.3,45.8,35.4 / 128,34.7 / 119
4453,TX,Regular,M,72,69.0,91.5,121,35.0,34.0,35.0,127,34.0,115,46.8,44.7,35.0 / 127,34.0 / 115
4453,TX,Forward,M,72,64.4,85.5,114,32.3,32.1,32.3,119,32.1,108,43.4,42.1,32.3 / 119,32.1 / 108
4453,TX,Regular,F,72,74.0,105.7,135,37.8,36.2,37.8,140,36.2,129,54.3,51.4,37.8 / 140,36.2 / 129
4453,TX,Forward,F,72,68.5,96.0,117,34.6,33.9,34.6,119,33.9,114,48.6,47.4,34.6 / 119,33.9 / 114
4564,TX,White / Black,M,72,71.4,96.3,134,35.3,36.1,35.3,135,36.1,133,47.8,48.5,35.3 / 135,36.1 / 133
4564,TX,Silver / Blue,M,72,66.1,89.4,126,32.6,33.5,32.6,124,33.5,127,44.1,45.3,32.6 / 124,33.5 / 127
4564,TX,Yellow / Red,M,72,64.3,85.1,112,31.9,32.4,31.9,110,32.4,114,42.1,43.0,31.9 / 110,32.4 / 114
4564,TX,3s Tees,M,54,54.0,71.6,95,27.0,27.0,27.0,95,27.0,95,35.8,35.8,27.0 / 95,27.0 / 95
4564,TX,White / Black,F,72,78.7,112.4,143,39.1,39.6,39.1,142,39.6,143,55.9,56.5,39.1 / 142,39.6 / 143
4564,TX,Silver / Blue,F,72,72.8,102.9,128,35.9,36.9,35.9,126,36.9,130,50.7,52.2,35.9 / 126,36.9 / 130
4564,TX,Yellow / Red,F,72,68.7,97.8,124,34.0,34.7,34.0,122,34.7,125,48.4,49.4,34.0 / 122,34.7 / 125
4564,TX,3s Tees,F,54,57.2,78.0,88,28.6,28.6,28.6,88,28.6,88,39.0,39.0,28.6 / 88,28.6 / 88
4206,TX,Blue,M,72,71.7,94.1,121,35.8,35.9,35.8,113,35.9,128,46.3,47.8,35.8 / 113,35.9 / 128
4206,TX,White,M,72,70.5,92.4,118,35.2,35.3,35.2,111,35.3,125,45.5,46.9,35.2 / 111,35.3 / 125
4206,TX,Red,M,72,66.2,86.3,109,33.2,33.0,33.2,107,33.0,110,43.1,43.2,33.2 / 107,33.0 / 110
4206,TX,Gold,M,72,65.7,85.7,107,32.9,32.8,32.9,105,32.8,109,42.7,43.0,32.9 / 105,32.8 / 109
4206,TX,Blue,F,72,77.2,109.2,136,38.4,38.8,38.4,132,38.8,139,54.0,55.2,38.4 / 132,38.8 / 139
4206,TX,White,F,72,75.7,106.9,133,37.7,38.0,37.7,129,38.0,136,52.9,54.0,37.7 / 129,38.0 / 136
4206,TX,Red,F,72,71.6,100.6,123,36.0,35.6,36.0,121,35.6,125,50.3,50.3,36.0 / 121,35.6 / 125
4206,TX,Gold,F,72,70.7,99.4,122,35.4,35.3,35.4,120,35.3,124,49.5,49.9,35.4 / 120,35.3 / 124
31113,TX,Blue,M,70,70.9,93.3,121,36.0,34.9,36.0,125,34.9,116,47.6,45.7,36.0 / 125,34.9 / 116
31113,TX,White,M,70,69.8,91.8,119,35.6,34.2,35.6,123,34.2,114,47.0,44.8,35.6 / 123,34.2 / 114
31113,TX,Gold,M,70,64.8,85.2,110,32.2,32.6,32.2,114,32.6,105,42.8,42.4,32.2 / 114,32.6 / 105
31113,TX,Red,M,70,64.7,84.9,109,31.9,32.8,31.9,113,32.8,104,42.4,42.5,31.9 / 113,32.8 / 104
31113,TX,Blue,F,70,76.4,106.7,129,38.8,37.6,38.8,136,37.6,121,54.8,51.9,38.8 / 136,37.6 / 121
31113,TX,White,F,70,75.1,104.7,126,38.3,36.8,38.3,133,36.8,118,54.0,50.7,38.3 / 133,36.8 / 118
31113,TX,Gold,F,70,69.6,96.9,116,34.8,34.8,34.8,119,34.8,113,48.8,48.1,34.8 / 119,34.8 / 113
31113,TX,Red,F,70,69.3,96.4,115,34.5,34.8,34.5,118,34.8,112,48.4,48.0,34.5 / 118,34.8 / 112
4532,TX,Blue,M,72,74.2,97.9,128,36.8,37.4,36.8,130,37.4,125,48.9,49.0,36.8 / 130,37.4 / 125
4532,TX,White,M,72,71.1,93.5,121,35.6,35.5,35.6,125,35.5,116,47.2,46.3,35.6 / 125,35.5 / 116
4532,TX,Gold,M,72,68.0,89.3,115,33.8,34.2,33.8,116,34.2,113,44.6,44.7,33.8 / 116,34.2 / 113
4532,TX,Red,M,72,65.7,84.7,102,33.0,32.7,33.0,102,32.7,102,42.5,42.2,33.0 / 102,32.7 / 102
4532,TX,Pink,M,72,63.1,81.3,98,31.8,31.3,31.8,98,31.3,98,40.9,40.4,31.8 / 98,31.3 / 98
4532,TX,White,F,72,76.6,106.6,127,38.6,38.0,38.6,132,38.0,122,54.2,52.4,38.6 / 132,38.0 / 122
4532,TX,Gold,F,72,72.9,101.1,120,36.4,36.5,36.4,123,36.5,116,50.9,50.2,36.4 / 123,36.5 / 116
4532,TX,Red,F,72,70.6,98.1,117,35.4,35.2,35.4,120,35.2,113,49.6,48.5,35.4 / 120,35.2 / 113
4532,TX,Pink,F,72,67.3,93.5,111,34.3,33.0,34.3,115,33.0,107,47.9,45.6,34.3 / 115,33.0 / 107
4205,TX,Black,M,71,73.5,97.8,131,37.2,36.3,37.2,136,36.3,126,49.8,48.0,37.2 / 136,36.3 / 126
4205,TX,Gold,M,71,71.2,94.9,128,36.3,34.9,36.3,127,34.9,128,48.1,46.8,36.3 / 127,34.9 / 128
4205,TX,Blue,M,71,68.7,91.4,122,35.1,33.6,35.1,129,33.6,115,47.1,44.3,35.1 / 129,33.6 / 115
4205,TX,White,M,71,65.1,84.4,104,33.4,31.7,33.4,113,31.7,95,43.9,40.5,33.4 / 113,31.7 / 95
4205,TX,Black,F,71,81.0,114.4,142,41.3,39.7,41.3,141,39.7,142,57.9,56.5,41.3 / 141,39.7 / 142
4205,TX,Gold,F,71,78.3,109.9,134,40.0,38.3,40.0,134,38.3,134,55.8,54.1,40.0 / 134,38.3 / 134
4205,TX,Blue,F,71,74.1,105.0,131,38.1,36.0,38.1,133,36.0,129,53.8,51.2,38.1 / 133,36.0 / 129
4205,TX,White,F,71,68.8,96.1,116,35.5,33.3,35.5,121,33.3,110,49.8,46.3,35.5 / 121,33.3 / 110
4292,TX,Blue,M,72,73.2,95.9,122,36.6,36.6,36.6,127,36.6,117,48.4,47.5,36.6 / 127,36.6 / 117
4292,TX,White,M,72,71.6,93.7,119,35.7,35.9,35.7,124,35.9,114,47.2,46.5,35.7 / 124,35.9 / 114
4292,TX,Gold,M,72,68.1,89.1,113,33.9,34.2,33.9,118,34.2,108,44.9,44.2,33.9 / 118,34.2 / 108
4292,TX,Red,M,72,67.6,88.4,112,33.7,33.9,33.7,117,33.9,107,44.6,43.8,33.7 / 117,33.9 / 107
4292,TX,Green,M,72,61.1,79.4,99,30.6,30.5,30.6,104,30.5,93,40.3,39.1,30.6 / 104,30.5 / 93
4292,TX,Red,F,73,73.2,101.2,119,36.6,36.6,36.6,122,36.6,115,51.0,50.2,36.6 / 122,36.6 / 115
4292,TX,Green,F,72,64.6,88.7,103,32.6,32.0,32.6,107,32.0,98,45.2,43.5,32.6 / 107,32.0 / 98
4204,TX,Rust,M,72,76.1,100.4,131,38.0,38.1,38.0,131,38.1,130,50.2,50.2,38.0 / 131,38.1 / 130
4204,TX,Rust/Silver Combo,M,72,74.5,98.3,128,37.4,37.1,37.4,129,37.1,127,49.4,48.9,37.4 / 129,37.1 / 127
4204,TX,Silver,M,72,73.5,96.8,126,36.8,36.7,36.8,125,36.7,126,48.4,48.4,36.8 / 125,36.7 / 126
4204,TX,Silver/White Combo,M,72,71.8,94.7,124,36.2,35.6,36.2,125,35.6,122,47.8,46.9,36.2 / 125,35.6 / 122
4204,TX,White,M,72,70.4,93.0,122,35.3,35.1,35.3,123,35.1,121,46.7,46.3,35.3 / 123,35.1 / 121
4204,TX,White/Yellow Combo,M,72,68.4,90.3,118,34.7,33.7,34.7,122,33.7,114,46.0,44.3,34.7 / 122,33.7 / 114
4204,TX,Yellow,M,72,67.3,88.3,113,33.8,33.5,33.8,116,33.5,110,44.6,43.7,33.8 / 116,33.5 / 110
4204,TX,Red,M,72,63.6,83.3,106,31.9,31.7,31.9,107,31.7,105,41.8,41.5,31.9 / 107,31.7 / 105
4204,TX,White,F,72,76.7,107.7,132,38.3,38.4,38.3,126,38.4,137,53.2,54.5,38.3 / 126,38.4 / 137
4204,TX,White/Yellow Combo,F,72,74.5,104.3,127,37.6,36.9,37.6,123,36.9,130,52.1,52.2,37.6 / 123,36.9 / 130
4204,TX,Yellow,F,72,72.7,101.6,123,36.3,36.4,36.3,117,36.4,128,50.1,51.5,36.3 / 117,36.4 / 128
4204,TX,Red,F,72,68.5,95.9,117,34.2,34.3,34.2,119,34.3,114,48.2,47.7,34.2 / 119,34.3 / 114
13968,TX,Blue,M,71,71.6,96.3,133,35.9,35.7,35.9,133,35.7,132,48.3,48.0,35.9 / 133,35.7 / 132
13968,TX,White,M,71,69.6,93.2,127,35.0,34.6,35.0,129,34.6,125,47.0,46.2,35.0 / 129,34.6 / 125
13968,TX,Green,M,71,67.8,90.0,120,34.3,33.5,34.3,121,33.5,118,45.5,44.5,34.3 / 121,33.5 / 118
13968,TX,Red,M,71,65.8,87.2,115,33.2,32.6,33.2,117,32.6,113,44.1,43.1,33.2 / 117,32.6 / 113
13968,TX,Green,F,73,72.2,103.4,133,36.5,35.7,36.5,134,35.7,131,52.3,51.1,36.5 / 134,35.7 / 131
13968,TX,Red,F,73,70.7,100.0,124,35.9,34.8,35.9,126,34.8,122,50.8,49.2,35.9 / 126,34.8 / 122
28615,TX,Blue,M,70,71.3,95.5,130,35.9,35.4,35.9,133,35.4,127,48.3,47.2,35.9 / 133,35.4 / 127
28615,TX,White,M,70,69.1,92.4,126,35.0,34.1,35.0,129,34.1,122,47.0,45.4,35.0 / 129,34.1 / 122
28615,TX,Green,M,70,67.1,89.1,119,34.3,32.8,34.3,121,32.8,116,45.5,43.6,34.3 / 121,32.8 / 116
28615,TX,Red,M,70,65.5,87.9,121,33.2,32.3,33.2,127,32.3,114,45.0,42.9,33.2 / 127,32.3 / 114
28615,TX,Green,F,71,71.9,102.4,130,36.5,35.4,36.5,134,35.4,125,52.3,50.1,36.5 / 134,35.4 / 125
28615,TX,Red,F,71,70.6,99.9,125,35.9,34.7,35.9,130,34.7,119,51.2,48.7,35.9 / 130,34.7 / 119
28592,TX,Blue,M,69,71.1,95.2,130,35.7,35.4,35.7,132,35.4,127,48.0,47.2,35.7 / 132,35.4 / 127
28592,TX,White,M,69,68.7,91.6,124,34.6,34.1,34.6,125,34.1,122,46.2,45.4,34.6 / 125,34.1 / 122
28592,TX,Green,M,69,66.3,88.1,117,33.5,32.8,33.5,118,32.8,116,44.5,43.6,33.5 / 118,32.8 / 116
28592,TX,Red,M,69,64.5,85.7,114,32.4,32.1,32.4,117,32.1,111,43.3,42.4,32.4 / 117,32.1 / 111
28592,TX,Green,F,70,71.1,101.3,128,35.7,35.4,35.7,131,35.4,125,51.2,50.1,35.7 / 131,35.4 / 125
28592,TX,Red,F,70,69.1,97.3,120,34.6,34.5,34.6,121,34.5,118,48.9,48.4,34.6 / 121,34.5 / 118
4534,TX,White/Blue,M,71,69.4,92.2,123,33.9,35.5,33.9,121,35.5,125,45.1,47.1,33.9 / 121,35.5 / 125
4534,TX,Black/Silver,M,71,66.0,87.0,117,32.3,33.7,32.3,113,33.7,118,42.8,44.7,32.3 / 113,33.7 / 118
4534,TX,Gold/Black,M,71,64.4,85.5,115,31.3,33.1,31.3,113,33.1,116,41.8,43.9,31.3 / 113,33.1 / 116
4534,TX,Red/Gold,M,71,62.6,83.8,114,30.9,31.7,30.9,112,31.7,116,41.3,42.5,30.9 / 112,31.7 / 116
4534,TX,Red/Red,M,71,62.5,83.5,112,31.2,31.3,31.2,110,31.3,113,41.4,41.8,31.2 / 110,31.3 / 113
4534,TX,White/Blue,F,71,75.2,106.2,132,36.7,38.5,36.7,128,38.5,135,51.8,54.4,36.7 / 128,38.5 / 135
4534,TX,Black/Silver,F,71,70.8,99.0,120,34.6,36.2,34.6,111,36.2,128,47.7,51.3,34.6 / 111,36.2 / 128
4534,TX,Gold/Black,F,71,69.7,96.6,116,33.9,35.8,33.9,114,35.8,117,47.2,49.6,33.9 / 114,35.8 / 117
4534,TX,Red/Gold,F,71,68.1,95.2,115,33.1,35.0,33.1,115,35.0,114,46.7,48.5,33.1 / 115,35.0 / 114
4534,TX,Red/Red,F,71,67.0,94.7,113,33.1,33.9,33.1,112,33.9,114,46.3,47.4,33.1 / 112,33.9 / 114
4343,TX,Thistle,M,71,76.5,104.3,150,38.6,37.9,38.6,153,37.9,146,52.8,51.5,38.6 / 153,37.9 / 146
4343,TX,Thistle/1 Combo,M,71,75.5,103.2,149,38.0,37.5,38.0,151,37.5,147,52.0,51.2,38.0 / 151,37.5 / 147
4343,TX,1 Thistle,M,71,74.4,101.4,145,37.5,36.9,37.5,145,36.9,145,51.0,50.4,37.5 / 145,36.9 / 145
4343,TX,#1/2 Combo,M,71,73.3,99.2,141,36.8,36.5,36.8,136,36.5,143,49.4,49.8,36.8 / 136,36.5 / 143
4343,TX,2 Thistle,M,71,72.5,98.6,140,36.4,36.1,36.4,139,36.1,142,49.3,49.3,36.4 / 139,36.1 / 142
4343,TX,#2/3 Combo,M,71,70.8,96.2,137,35.4,35.4,35.4,135,35.4,139,47.9,48.3,35.4 / 135,35.4 / 139
4343,TX,3 Thistle,M,71,69.0,94.1,136,34.3,34.7,34.3,135,34.7,136,46.8,47.3,34.3 / 135,34.7 / 136
4343,TX,#3/4 Combo,M,71,67.2,91.3,130,33.5,33.7,33.5,129,33.7,130,45.5,45.8,33.5 / 129,33.7 / 130
4343,TX,4 Thistle,M,71,66.0,89.1,125,32.6,33.4,32.6,125,33.4,124,44.2,44.9,32.6 / 125,33.4 / 124
4343,TX,#4/5 Combo,M,71,64.6,86.2,116,32.0,32.6,32.0,115,32.6,117,42.7,43.5,32.0 / 115,32.6 / 117
4343,TX,5 Thistle,M,71,63.3,84.4,114,31.4,31.9,31.4,110,31.9,117,41.6,42.8,31.4 / 110,31.9 / 117
4343,TX,Thistle,F,71,83.3,121.6,155,41.7,41.6,41.7,155,41.6,155,61.2,60.4,41.7 / 155,41.6 / 155
4343,TX,Thistle/1 Combo,F,71,82.2,119.8,155,41.0,41.2,41.0,155,41.2,155,60.1,59.7,41.0 / 155,41.2 / 155
4343,TX,1 Thistle,F,71,81.1,118.1,154,40.6,40.5,40.6,155,40.5,153,59.5,58.6,40.6 / 155,40.5 / 153
4343,TX,#1/2 Combo,F,71,79.9,115.4,151,40.1,39.8,40.1,152,39.8,149,58.0,57.4,40.1 / 152,39.8 / 149
4343,TX,2 Thistle,F,71,79.1,114.4,150,39.8,39.3,39.8,148,39.3,151,57.3,57.1,39.8 / 148,39.3 / 151
4343,TX,#2/3 Combo,F,71,76.8,111.0,145,38.9,37.9,38.9,142,37.9,148,55.6,55.4,38.9 / 142,37.9 / 148
4343,TX,3 Thistle,F,71,74.7,107.8,140,37.5,37.2,37.5,138,37.2,142,53.8,54.0,37.5 / 138,37.2 / 142
4343,TX,#3/4 Combo,F,71,72.4,104.3,136,36.4,36.0,36.4,134,36.0,137,52.2,52.1,36.4 / 134,36.0 / 137
4343,TX,4 Thistle,F,71,70.9,101.7,131,35.3,35.6,35.3,128,35.6,133,50.4,51.3,35.3 / 128,35.6 / 133
4343,TX,#4/5 Combo,F,71,68.6,98.3,126,34.1,34.5,34.1,126,34.5,126,48.9,49.4,34.1 / 126,34.5 / 126
4343,TX,5 Thistle,F,71,66.3,94.8,121,33.1,33.2,33.1,122,33.2,120,47.5,47.3,33.1 / 122,33.2 / 120
4154,TX,Gold,M,72,75.0,101.5,143,37.7,37.3,37.7,144,37.3,141,51.1,50.4,37.7 / 144,37.3 / 141
4154,TX,Gold/Blue Combo,M,72,73.9,100.1,141,37.1,36.8,37.1,142,36.8,140,50.3,49.8,37.1 / 142,36.8 / 140
4154,TX,Blue,M,72,72.8,98.5,139,36.6,36.2,36.6,140,36.2,137,49.6,48.9,36.6 / 140,36.2 / 137
4154,TX,Blue/White Combo,M,72,70.7,96.0,137,35.6,35.1,35.6,138,35.1,135,48.4,47.6,35.6 / 138,35.1 / 135
4154,TX,White,M,72,69.2,94.2,135,34.9,34.3,34.9,136,34.3,133,47.5,46.7,34.9 / 136,34.3 / 133
4154,TX,Red/White Combo,M,72,66.9,90.8,129,33.7,33.2,33.7,127,33.2,130,45.5,45.3,33.7 / 127,33.2 / 130
4154,TX,Red,M,72,66.0,89.0,124,33.2,32.8,33.2,124,32.8,124,44.7,44.3,33.2 / 124,32.8 / 124
4154,TX,Gold,F,72,81.7,116.9,149,41.1,40.6,41.1,150,40.6,148,58.8,58.1,41.1 / 150,40.6 / 148
4154,TX,Gold/Blue Combo,F,72,80.4,114.9,147,40.4,40.0,40.4,147,40.0,146,57.7,57.2,40.4 / 147,40.0 / 146
4154,TX,Blue,F,72,78.9,112.7,143,39.7,39.2,39.7,144,39.2,142,56.7,56.0,39.7 / 144,39.2 / 142
4154,TX,Blue/White Combo,F,72,77.1,110.5,142,38.8,38.3,38.8,142,38.3,141,55.6,54.9,38.8 / 142,38.3 / 141
4154,TX,White,F,72,75.4,108.0,139,38.0,37.4,38.0,140,37.4,137,54.5,53.5,38.0 / 140,37.4 / 137
4154,TX,Red/White Combo,F,72,72.8,104.0,132,36.5,36.3,36.5,132,36.3,132,52.1,51.9,36.5 / 132,36.3 / 132
4154,TX,Red,F,72,71.0,101.2,128,35.5,35.5,35.5,128,35.5,128,50.6,50.6,35.5 / 128,35.5 / 128
4142,TX,Orange,M,72,73.0,97.9,134,36.3,36.7,36.3,129,36.7,139,48.3,49.6,36.3 / 129,36.7 / 139
4142,TX,Black,M,72,71.0,94.9,129,35.4,35.6,35.4,125,35.6,132,47.0,47.9,35.4 / 125,35.6 / 132
4142,TX,Gold,M,72,69.1,92.1,124,34.2,34.9,34.2,117,34.9,130,45.1,47.0,34.2 / 117,34.9 / 130
4142,TX,Green,M,72,67.0,88.8,118,33.2,33.8,33.2,111,33.8,124,43.5,45.3,33.2 / 111,33.8 / 124
4142,TX,Maroon,M,72,62.9,83.4,110,31.2,31.7,31.2,104,31.7,116,40.9,42.5,31.2 / 104,31.7 / 116
4142,TX,Orange,F,72,78.9,113.1,145,39.3,39.6,39.3,141,39.6,149,55.9,57.2,39.3 / 141,39.6 / 149
4142,TX,Black,F,72,76.5,109.4,140,38.2,38.3,38.2,136,38.3,143,54.2,55.2,38.2 / 136,38.3 / 143
4142,TX,Gold,F,72,74.2,106.1,136,36.8,37.4,36.8,130,37.4,141,52.1,54.0,36.8 / 130,37.4 / 141
4142,TX,Green,F,72,71.7,102.3,130,35.5,36.2,35.5,125,36.2,135,50.2,52.1,35.5 / 125,36.2 / 135
4142,TX,Maroon,F,72,66.6,93.1,113,32.9,33.7,32.9,108,33.7,117,45.6,47.5,32.9 / 108,33.7 / 117
4324,TX,Black,M,72,74.1,98.6,132,37.1,37.0,37.1,132,37.0,131,49.4,49.2,37.1 / 132,37.0 / 131
4324,TX,Blue,M,72,71.9,95.6,128,36.1,35.8,36.1,128,35.8,127,48.0,47.6,36.1 / 128,35.8 / 127
4324,TX,White,M,72,69.2,91.8,122,35.0,34.2,35.0,124,34.2,119,46.5,45.3,35.0 / 124,34.2 / 119
4324,TX,Green,M,72,66.4,88.1,117,33.6,32.8,33.6,121,32.8,113,44.8,43.3,33.6 / 121,32.8 / 113
4324,TX,Red,M,72,64.6,85.7,114,32.6,32.0,32.6,117,32.0,110,43.5,42.2,32.6 / 117,32.0 / 110
4324,TX,Black,F,72,82.1,115.5,142,41.0,41.1,41.0,147,41.1,137,58.3,57.2,41.0 / 147,41.1 / 137
4324,TX,Blue,F,72,79.5,111.1,134,39.8,39.7,39.8,137,39.7,131,56.0,55.1,39.8 / 137,39.7 / 131
4324,TX,White,F,72,76.2,106.6,129,38.5,37.7,38.5,136,37.7,122,54.5,52.1,38.5 / 136,37.7 / 122
4324,TX,Green,F,72,72.7,101.6,123,36.7,36.0,36.7,129,36.0,116,51.9,49.7,36.7 / 129,36.0 / 116
4324,TX,Red,F,72,70.7,98.5,118,35.7,35.0,35.7,124,35.0,112,50.3,48.2,35.7 / 124,35.0 / 112
4114,TX,Blue,M,71,70.6,93.3,122,35.4,35.2,35.4,128,35.2,116,47.3,46.0,35.4 / 128,35.2 / 116
4114,TX,White,M,71,68.7,90.4,117,34.2,34.5,34.2,122,34.5,112,45.5,44.9,34.2 / 122,34.5 / 112
4114,TX,Red,M,71,63.7,82.6,102,31.3,32.4,31.3,103,32.4,100,40.9,41.7,31.3 / 103,32.4 / 100
4114,TX,White,F,72,73.7,103.9,129,36.7,37.0,36.7,131,37.0,126,52.1,51.8,36.7 / 131,37.0 / 126
4114,TX,Red,F,72,68.4,95.9,117,33.8,34.6,33.8,119,34.6,114,47.8,48.1,33.8 / 119,34.6 / 114
4448,TX,Black,M,72,73.3,100.4,146,37.0,36.3,37.0,149,36.3,143,50.8,49.6,37.0 / 149,36.3 / 143
4448,TX,White,M,72,70.4,96.1,139,35.5,34.9,35.5,141,34.9,136,48.6,47.5,35.5 / 141,34.9 / 136
4448,TX,Gold,M,72,67.0,90.3,125,34.3,32.7,34.3,132,32.7,118,46.6,43.7,34.3 / 132,32.7 / 118
4448,TX,Red,M,72,63.8,84.3,110,32.0,31.8,32.0,119,31.8,101,43.1,41.2,32.0 / 119,31.8 / 101
4448,TX,Black,F,72,80.6,116.7,153,40.5,40.1,40.5,153,40.1,153,58.5,58.2,40.5 / 153,40.1 / 153
4448,TX,White,F,72,77.5,113.2,152,39.2,38.3,39.2,150,38.3,153,56.9,56.3,39.2 / 150,38.3 / 153
4448,TX,Gold,F,72,72.5,105.0,138,37.3,35.2,37.3,141,35.2,135,53.9,51.1,37.3 / 141,35.2 / 135
4448,TX,Red,F,72,67.2,95.4,120,34.1,33.1,34.1,124,33.1,115,48.7,46.7,34.1 / 124,33.1 / 115
4750,TX,Blue/Red,M,72,68.6,90.3,117,34.2,34.4,34.2,115,34.4,118,44.9,45.4,34.2 / 115,34.4 / 118
4750,TX,White/Yellow,M,72,64.9,83.9,102,32.2,32.7,32.2,101,32.7,103,41.6,42.3,32.2 / 101,32.7 / 103
4750,TX,Blue/Red,F,72,74.2,102.4,120,36.9,37.3,36.9,119,37.3,120,50.9,51.5,36.9 / 119,37.3 / 120
4750,TX,White/Yellow,F,72,69.2,95.0,110,34.3,34.9,34.3,108,34.9,111,47.0,48.0,34.3 / 108,34.9 / 111
32093,TX,White/Blue,M,70,66.8,89.2,121,33.0,33.8,33.0,118,33.8,123,44.0,45.2,33.0 / 118,33.8 / 123
32093,TX,Red,M,70,61.4,82.4,113,30.7,30.7,30.7,113,30.7,113,41.2,41.2,30.7 / 113,30.7 / 113
32093,TX,Senior,M,70,60.2,80.4,109,30.1,30.1,30.1,109,30.1,109,40.2,40.2,30.1 / 109,30.1 / 109
32093,TX,White/Blue,F,70,73.4,102.5,124,36.2,37.2,36.2,121,37.2,126,50.5,52.0,36.2 / 121,37.2 / 126
32093,TX,Red,F,70,66.2,93.4,115,33.1,33.1,33.1,115,33.1,115,46.7,46.7,33.1 / 115,33.1 / 115
32093,TX,Senior,F,70,63.2,89.4,111,31.6,31.6,31.6,111,31.6,111,44.7,44.7,31.6 / 111,31.6 / 111
4095,TX,Black,M,71,75.1,102.5,148,38.2,36.9,38.2,145,36.9,150,51.7,50.8,38.2 / 145,36.9 / 150
4095,TX,Blue,M,71,72.8,98.8,140,36.9,35.9,36.9,136,35.9,144,49.5,49.3,36.9 / 136,35.9 / 144
4095,TX,Blue/White,M,71,71.5,97.0,138,36.3,35.2,36.3,135,35.2,140,48.8,48.2,36.3 / 135,35.2 / 140
4095,TX,White,M,71,70.3,95.5,136,35.4,34.9,35.4,138,34.9,133,48.2,47.3,35.4 / 138,34.9 / 133
4095,TX,White/Green,M,71,68.6,92.0,126,34.8,33.8,34.8,129,33.8,123,46.8,45.2,34.8 / 129,33.8 / 123
4095,TX,Green,M,71,66.6,88.3,117,33.8,32.8,33.8,117,32.8,116,44.7,43.6,33.8 / 117,32.8 / 116
4095,TX,Black,F,71,82.4,122.0,155,41.9,40.5,41.9,155,40.5,155,62.2,59.8,41.9 / 155,40.5 / 155
4095,TX,Blue,F,71,79.5,115.8,154,40.5,39.0,40.5,153,39.0,155,58.5,57.3,40.5 / 153,39.0 / 155
4095,TX,Blue/White,F,71,77.8,113.5,151,39.5,38.3,39.5,148,38.3,154,57.0,56.5,39.5 / 148,38.3 / 154
4095,TX,White,F,71,76.2,110.2,144,38.5,37.7,38.5,142,37.7,146,55.3,54.9,38.5 / 142,37.7 / 146
4095,TX,White/Green,F,71,73.9,106.8,140,37.6,36.3,37.6,142,36.3,137,54.3,52.5,37.6 / 142,36.3 / 137
4095,TX,Green,F,71,71.3,102.4,132,36.2,35.1,36.2,131,35.1,133,51.6,50.8,36.2 / 131,35.1 / 133
4062,TX,Black,M,72,71.5,96.7,136,36.5,35.0,36.5,135,35.0,137,49.0,47.7,36.5 / 135,35.0 / 137
4062,TX,Blue,M,72,70.0,94.5,132,35.8,34.2,35.8,131,34.2,132,48.0,46.5,35.8 / 131,34.2 / 132
4062,TX,Blue/Yellow Combo,M,72,68.3,91.7,126,34.7,33.6,34.7,129,33.6,123,46.7,45.0,34.7 / 129,33.6 / 123
4062,TX,Yellow,M,72,66.0,88.1,120,33.7,32.3,33.7,121,32.3,118,44.9,43.2,33.7 / 121,32.3 / 118
4062,TX,White,M,72,64.2,85.3,114,32.4,31.8,32.4,116,31.8,111,43.2,42.1,32.4 / 116,31.8 / 111
4062,TX,Black,F,72,77.5,111.0,142,39.8,37.7,39.8,142,37.7,142,56.6,54.4,39.8 / 142,37.7 / 142
4062,TX,Blue,F,72,75.8,108.2,138,38.9,36.9,38.9,139,36.9,136,55.3,52.9,38.9 / 139,36.9 / 136
4062,TX,Blue/Yellow Combo,F,72,73.4,104.0,130,37.7,35.7,37.7,133,35.7,126,53.4,50.6,37.7 / 133,35.7 / 126
4062,TX,Yellow,F,72,70.6,100.3,126,36.5,34.1,36.5,129,34.1,123,51.7,48.6,36.5 / 129,34.1 / 123
4062,TX,Red,F,72,68.3,96.2,119,35.0,33.3,35.0,117,33.3,120,48.8,47.4,35.0 / 117,33.3 / 120
4387,TX,Blue,M,72,73.1,98.6,138,37.3,35.8,37.3,137,35.8,138,50.0,48.6,37.3 / 137,35.8 / 138
4387,TX,White,M,72,70.6,95.5,134,36.1,34.5,36.1,135,34.5,133,48.6,46.9,36.1 / 135,34.5 / 133
4387,TX,Gold,M,72,68.1,91.6,127,34.5,33.6,34.5,128,33.6,125,46.4,45.2,34.5 / 128,33.6 / 125
4387,TX,Red,M,72,65.0,87.3,120,33.4,31.6,33.4,124,31.6,116,44.9,42.4,33.4 / 124,31.6 / 116
4387,TX,Blue,F,72,80.6,113.9,141,41.1,39.5,41.1,145,39.5,137,58.2,55.7,41.1 / 145,39.5 / 137
4387,TX,White,F,72,77.8,109.6,135,39.7,38.1,39.7,139,38.1,131,56.1,53.5,39.7 / 139,38.1 / 131
4387,TX,Gold,F,72,74.6,104.9,129,37.6,37.0,37.6,131,37.0,126,53.0,51.9,37.6 / 131,37.0 / 126
4387,TX,Red,F,72,70.8,99.2,121,36.3,34.5,36.3,126,34.5,115,51.1,48.1,36.3 / 126,34.5 / 115
4087,TX,I,M,69,73.5,98.5,135,36.8,36.7,36.8,138,36.7,131,49.6,48.9,36.8 / 138,36.7 / 131
4087,TX,I/II,M,70,72.8,97.4,133,36.5,36.3,36.5,136,36.3,129,49.1,48.3,36.5 / 136,36.3 / 129
4087,TX,II,M,70,71.9,96.1,132,35.8,36.1,35.8,132,36.1,128,48.1,48.0,35.8 / 132,36.1 / 128
4087,TX,II/III,M,70,70.7,95.0,131,35.1,35.7,35.1,135,35.7,126,47.6,47.4,35.1 / 135,35.7 / 126
4087,TX,III,M,70,69.6,93.4,130,34.5,35.1,34.5,133,35.1,123,46.9,46.5,34.5 / 133,35.1 / 123
4087,TX,III/IV,M,70,68.3,92.3,129,33.9,34.4,33.9,129,34.4,129,45.9,46.4,33.9 / 129,34.4 / 129
4087,TX,IV,M,70,67.6,90.9,126,33.7,33.9,33.7,126,33.9,125,45.4,45.5,33.7 / 126,33.9 / 125
4087,TX,IV/V,M,70,66.4,89.2,123,33.3,33.1,33.3,125,33.1,121,44.9,44.3,33.3 / 125,33.1 / 121
4087,TX,V,M,70,64.7,86.9,120,32.1,32.6,32.1,121,32.6,118,43.3,43.6,32.1 / 121,32.6 / 118
4087,TX,I,F,69,80.0,115.1,149,40.1,39.9,40.1,153,39.9,144,58.2,56.9,40.1 / 153,39.9 / 144
4087,TX,I/II,F,70,79.1,113.8,147,39.7,39.4,39.7,152,39.4,142,57.6,56.2,39.7 / 152,39.4 / 142
4087,TX,II,F,70,78.0,112.1,145,38.8,39.2,38.8,148,39.2,141,56.3,55.8,38.8 / 148,39.2 / 141
4087,TX,II/III,F,70,76.5,109.9,142,38.1,38.4,38.1,145,38.4,138,55.2,54.7,38.1 / 145,38.4 / 138
4087,TX,III,F,70,75.5,108.5,140,37.5,38.0,37.5,143,38.0,137,54.4,54.1,37.5 / 143,38.0 / 137
4087,TX,III/IV,F,70,74.1,106.4,137,37.0,37.1,37.0,141,37.1,133,53.6,52.8,37.0 / 141,37.1 / 133
4087,TX,IV,F,70,73.0,104.7,135,36.4,36.6,36.4,138,36.6,131,52.7,52.0,36.4 / 138,36.6 / 131
4087,TX,IV/V,F,70,71.1,101.0,127,36.0,35.1,36.0,132,35.1,121,51.6,49.4,36.0 / 132,35.1 / 121
4087,TX,V,F,70,69.5,98.3,122,34.7,34.8,34.7,122,34.8,122,49.1,49.2,34.7 / 122,34.8 / 122
4262,TX,Black,M,72,73.9,98.6,133,36.7,37.2,36.7,133,37.2,132,49.1,49.5,36.7 / 133,37.2 / 132
4262,TX,Black/White Combo,M,72,72.4,97.1,130,36.2,36.2,36.2,130,36.2,131,48.3,48.4,36.2 / 130,36.2 / 131
4262,TX,White,M,72,70.9,93.9,124,35.4,35.5,35.4,122,35.5,126,46.7,47.2,35.4 / 122,35.5 / 126
4262,TX,White/Gold Combo,M,72,69.9,92.7,123,34.9,35.0,34.9,119,35.0,126,46.0,46.7,34.9 / 119,35.0 / 126
4262,TX,Gold,M,72,67.4,88.9,116,33.8,33.6,33.8,112,33.6,119,44.2,44.7,33.8 / 112,33.6 / 119
4262,TX,Red,M,72,65.6,85.9,110,32.8,32.8,32.8,109,32.8,110,42.9,43.0,32.8 / 109,32.8 / 110
4262,TX,Red/Blue Combo,M,72,64.2,83.1,106,32.0,32.2,32.0,107,32.2,104,41.9,41.8,32.0 / 107,32.2 / 104
4262,TX,Blue,M,72,61.4,80.5,103,30.6,30.8,30.6,103,30.8,102,40.2,40.3,30.6 / 103,30.8 / 102
4262,TX,Black,F,72,80.1,113.7,143,39.9,40.2,39.9,139,40.2,146,56.3,57.4,39.9 / 139,40.2 / 146
4262,TX,Black/White Combo,F,72,79.0,111.5,138,39.5,39.5,39.5,137,39.5,138,55.7,55.8,39.5 / 137,39.5 / 138
4262,TX,White,F,72,76.9,108.3,134,38.3,38.6,38.3,136,38.6,131,54.3,54.0,38.3 / 136,38.6 / 131
4262,TX,White/Gold Combo,F,72,75.5,106.4,131,37.6,37.9,37.6,132,37.9,130,53.2,53.2,37.6 / 132,37.9 / 130
4262,TX,Gold,F,72,72.8,102.4,126,36.3,36.5,36.3,123,36.5,128,50.8,51.6,36.3 / 123,36.5 / 128
4262,TX,Red,F,72,69.6,96.3,113,34.8,34.8,34.8,112,34.8,114,48.0,48.3,34.8 / 112,34.8 / 114
4262,TX,Red/Blue Combo,F,72,67.7,94.0,112,33.7,34.0,33.7,110,34.0,113,46.7,47.3,33.7 / 110,34.0 / 113
4262,TX,Blue,F,72,64.4,89.5,107,32.0,32.4,32.0,103,32.4,110,44.1,45.4,32.0 / 103,32.4 / 110
4538,TX,Men's,M,72,65.6,86.0,110,33.0,32.6,33.0,109,32.6,111,43.1,42.9,33.0 / 109,32.6 / 111
4538,TX,Senior's,M,72,63.0,80.2,93,31.5,31.5,31.5,93,31.5,93,40.1,40.1,31.5 / 93,31.5 / 93
4538,TX,Blue,M,36,33.0,43.1,109,33.0,,33.0,109,,,43.1,,33.0 / 109,/
4538,TX,White,M,36,32.6,42.9,111,32.6,,32.6,111,,,42.9,,32.6 / 111,/
4538,TX,Gold,M,36,31.5,40.1,93,31.5,,31.5,93,,,40.1,,31.5 / 93,/
4538,TX,Ladie's,F,72,64.6,87.8,98,32.3,32.3,32.3,98,32.3,98,43.9,43.9,32.3 / 98,32.3 / 98
4538,TX,Red,F,36,32.3,43.9,98,32.3,,32.3,98,,,43.9,,32.3 / 98,/
4595,TX,BLACK,M,72,73.5,97.9,132,36.9,36.6,36.9,128,36.6,135,48.8,49.1,36.9 / 128,36.6 / 135
4595,TX,GOLD,M,72,70.7,93.8,125,35.6,35.1,35.6,122,35.1,127,46.9,46.9,35.6 / 122,35.1 / 127
4595,TX,WHITE,M,72,68.2,90.6,121,34.2,34.0,34.2,118,34.0,123,45.2,45.4,34.2 / 118,34.0 / 123
4595,TX,GREEN,M,72,63.8,84.6,112,31.7,32.1,31.7,109,32.1,115,41.8,42.8,31.7 / 109,32.1 / 115
4595,TX,RED,M,72,58.8,77.6,101,29.4,29.4,29.4,98,29.4,104,38.5,39.1,29.4 / 98,29.4 / 104
4595,TX,Green,F,72,68.3,96.4,119,33.9,34.4,33.9,115,34.4,123,47.5,48.9,33.9 / 115,34.4 / 123
4595,TX,RED,F,72,59.7,83.7,102,29.8,29.9,29.8,99,29.9,104,41.5,42.2,29.8 / 99,29.9 / 104
3996,TX,Tillinghast,M,71,74.3,100.6,142,36.9,37.4,36.9,145,37.4,138,50.4,50.2,36.9 / 145,37.4 / 138
3996,TX,Oaks,M,71,73.5,99.2,139,36.5,37.0,36.5,142,37.0,135,49.7,49.5,36.5 / 142,37.0 / 135
3996,TX,Black,M,71,72.9,98.3,137,36.1,36.8,36.1,140,36.8,133,49.1,49.2,36.1 / 140,36.8 / 133
3996,TX,Hills,M,71,71.9,97.0,135,35.6,36.3,35.6,139,36.3,131,48.5,48.5,35.6 / 139,36.3 / 131
3996,TX,Blue,M,71,71.1,96.0,134,35.3,35.8,35.3,138,35.8,130,48.1,47.9,35.3 / 138,35.8 / 130
3996,TX,Acorn,M,71,69.9,94.3,132,34.9,35.0,34.9,133,35.0,130,47.2,47.1,34.9 / 133,35.0 / 130
3996,TX,Green,M,71,69.3,92.7,126,34.4,34.9,34.4,123,34.9,129,45.8,46.9,34.4 / 123,34.9 / 129
3996,TX,Senior Tournament,M,71,68.9,92.4,127,34.3,34.6,34.3,124,34.6,129,45.8,46.6,34.3 / 124,34.6 / 129
3996,TX,Gold,M,71,66.1,88.3,120,32.7,33.4,32.7,116,33.4,123,43.5,44.8,32.7 / 116,33.4 / 123
3996,TX,Black,F,71,78.5,111.7,141,38.9,39.6,38.9,139,39.6,142,55.3,56.4,38.9 / 139,39.6 / 142
3996,TX,Hills,F,71,77.3,109.8,138,38.3,39.0,38.3,137,39.0,139,54.4,55.4,38.3 / 137,39.0 / 139
3996,TX,Blue,F,71,76.4,108.5,136,37.9,38.5,37.9,135,38.5,137,53.8,54.7,37.9 / 135,38.5 / 137
3996,TX,Green,F,71,75.3,106.3,132,37.2,38.1,37.2,130,38.1,133,52.5,53.8,37.2 / 130,38.1 / 133
3996,TX,Acorn,F,71,74.9,106.2,133,37.3,37.6,37.3,132,37.6,134,52.9,53.3,37.3 / 132,37.6 / 134
3996,TX,Gold,F,71,71.5,100.4,123,35.3,36.2,35.3,120,36.2,126,49.4,51.0,35.3 / 120,36.2 / 126
24092,TX,Blue,M,70,73.0,96.7,128,36.5,36.5,36.5,130,36.5,125,48.6,48.1,36.5 / 130,36.5 / 125
24092,TX,White,M,70,69.5,91.9,121,34.4,35.1,34.4,123,35.1,118,45.8,46.1,34.4 / 123,35.1 / 118
24092,TX,Gold,M,70,65.5,85.6,109,32.7,32.8,32.7,108,32.8,109,42.7,42.9,32.7 / 108,32.8 / 109
24092,TX,Red,M,70,65.0,84.8,107,32.3,32.7,32.3,105,32.7,108,42.1,42.7,32.3 / 105,32.7 / 108
24092,TX,Blue,F,70,80.0,112.6,139,39.9,40.1,39.9,142,40.1,135,56.6,56.0,39.9 / 142,40.1 / 135
24092,TX,White,F,70,75.9,107.4,134,37.6,38.3,37.6,135,38.3,132,53.5,53.9,37.6 / 135,38.3 / 132
24092,TX,Gold,F,70,70.9,99.0,119,35.3,35.6,35.3,121,35.6,117,49.6,49.4,35.3 / 121,35.6 / 117
24092,TX,Red,F,70,70.3,97.8,117,34.8,35.5,34.8,118,35.5,115,48.7,49.1,34.8 / 118,35.5 / 115
20981,TX,Gold,M,72,72.7,98.3,138,36.0,36.7,36.0,137,36.7,139,48.7,49.6,36.0 / 137,36.7 / 139
20981,TX,Blue,M,72,70.5,95.1,133,35.0,35.5,35.0,130,35.5,135,47.1,48.0,35.0 / 130,35.5 / 135
20981,TX,White,M,72,68.4,91.5,125,33.9,34.5,33.9,123,34.5,126,45.3,46.2,33.9 / 123,34.5 / 126
20981,TX,Green,M,72,65.9,87.9,118,32.8,33.1,32.8,117,33.1,119,43.7,44.2,32.8 / 117,33.1 / 119
20981,TX,Red,M,72,65.1,86.6,116,32.4,32.7,32.4,114,32.7,117,43.0,43.6,32.4 / 114,32.7 / 117
20981,TX,Gold,F,72,79.7,113.1,142,39.4,40.3,39.4,142,40.3,141,56.2,56.9,39.4 / 142,40.3 / 141
20981,TX,Blue,F,72,77.1,109.5,137,38.1,39.0,38.1,137,39.0,137,54.3,55.2,38.1 / 137,39.0 / 137
20981,TX,White,F,72,74.4,105.3,131,36.7,37.7,36.7,131,37.7,131,52.2,53.1,36.7 / 131,37.7 / 131
20981,TX,Green,F,72,71.0,100.6,126,35.3,35.7,35.3,124,35.7,127,49.9,50.7,35.3 / 124,35.7 / 127
20981,TX,Red,F,72,70.0,99.0,123,34.8,35.2,34.8,121,35.2,125,49.1,49.9,34.8 / 121,35.2 / 125
35194,TX,Blue,M,70,67.8,89.2,115,33.9,33.9,33.9,115,33.9,115,44.6,44.6,33.9 / 115,33.9 / 115
35194,TX,White,M,70,67.2,88.4,114,33.6,33.6,33.6,114,33.6,114,44.2,44.2,33.6 / 114,33.6 / 114
35194,TX,Silver,M,70,63.8,83.0,103,31.9,31.9,31.9,103,31.9,103,41.5,41.5,31.9 / 103,31.9 / 103
35194,TX,Black,M,70,63.8,83.0,103,31.9,31.9,31.9,103,31.9,103,41.5,41.5,31.9 / 103,31.9 / 103
35194,TX,Yellow,M,70,62.4,81.0,100,31.2,31.2,31.2,100,31.2,100,40.5,40.5,31.2 / 100,31.2 / 100
35194,TX,Red,M,70,61.8,79.8,97,30.9,30.9,30.9,97,30.9,97,39.9,39.9,30.9 / 97,30.9 / 97
35194,TX,Blue,F,70,73.0,101.6,121,36.5,36.5,36.5,121,36.5,121,50.8,50.8,36.5 / 121,36.5 / 121
35194,TX,White,F,70,72.0,99.8,118,36.0,36.0,36.0,118,36.0,118,49.9,49.9,36.0 / 118,36.0 / 118
35194,TX,Silver,F,70,67.6,94.2,113,33.8,33.8,33.8,113,33.8,113,47.1,47.1,33.8 / 113,33.8 / 113
35194,TX,Black,F,70,67.6,94.0,112,33.8,33.8,33.8,112,33.8,112,47.0,47.0,33.8 / 112,33.8 / 112
35194,TX,Yellow,F,70,65.4,90.8,108,32.7,32.7,32.7,108,32.7,108,45.4,45.4,32.7 / 108,32.7 / 108
35194,TX,Red,F,70,65.0,90.0,106,32.5,32.5,32.5,106,32.5,106,45.0,45.0,32.5 / 106,32.5 / 106
4368,TX,Gold,M,72,72.8,97.4,133,36.4,36.4,36.4,127,36.4,138,48.2,49.2,36.4 / 127,36.4 / 138
4368,TX,Blue,M,72,70.9,94.9,130,35.6,35.3,35.6,124,35.3,135,47.1,47.8,35.6 / 124,35.3 / 135
4368,TX,Blue/White Combo,M,72,69.4,93.2,128,34.8,34.6,34.8,123,34.6,133,46.2,47.0,34.8 / 123,34.6 / 133
4368,TX,White,M,72,67.8,90.7,124,33.9,33.9,33.9,121,33.9,126,45.1,45.6,33.9 / 121,33.9 / 126
4368,TX,Red,M,72,64.3,86.1,117,32.2,32.1,32.2,115,32.1,119,42.9,43.2,32.2 / 115,32.1 / 119
4368,TX,Gold,F,72,79.3,112.5,141,39.6,39.7,39.6,135,39.7,147,55.5,57.0,39.6 / 135,39.7 / 147
4368,TX,Blue,F,72,77.0,109.5,138,38.6,38.4,38.6,131,38.4,144,54.1,55.4,38.6 / 131,38.4 / 144
4368,TX,Blue/White Combo,F,72,75.3,106.8,134,37.7,37.6,37.7,128,37.6,139,52.8,54.0,37.7 / 128,37.6 / 139
4368,TX,White,F,72,73.6,104.1,130,36.8,36.8,36.8,124,36.8,135,51.4,52.7,36.8 / 124,36.8 / 135
4368,TX,Red,F,72,69.4,97.6,120,34.5,34.9,34.5,117,34.9,122,48.3,49.3,34.5 / 117,34.9 / 122
4307,TX,Black,M,72,71.2,93.4,120,35.5,35.7,35.5,115,35.7,124,46.2,47.2,35.5 / 115,35.7 / 124
4307,TX,Blue,M,72,70.1,91.6,116,34.9,35.2,34.9,115,35.2,116,45.6,46.0,34.9 / 115,35.2 / 116
4307,TX,Blue/White,M,72,69.6,91.0,115,34.7,34.9,34.7,114,34.9,116,45.3,45.7,34.7 / 114,34.9 / 116
4307,TX,White,M,72,67.7,88.9,114,33.7,34.0,33.7,111,34.0,117,44.0,44.9,33.7 / 111,34.0 / 117
4307,TX,White/Gold,M,72,67.2,87.8,111,33.6,33.6,33.6,107,33.6,115,43.5,44.3,33.6 / 107,33.6 / 115
4307,TX,Gold,M,72,63.7,83.0,104,31.6,32.1,31.6,103,32.1,104,41.2,41.8,31.6 / 103,32.1 / 104
4307,TX,Black,F,72,79.8,112.2,138,39.8,40.0,39.8,138,40.0,137,56.1,56.1,39.8 / 138,40.0 / 137
4307,TX,Blue,F,72,77.1,108.5,134,38.4,38.7,38.4,136,38.7,131,54.4,54.1,38.4 / 136,38.7 / 131
4307,TX,Blue/White,F,72,75.9,107.0,132,37.7,38.2,37.7,135,38.2,129,53.6,53.4,37.7 / 135,38.2 / 129
4307,TX,White,F,72,73.3,104.0,130,37.4,35.9,37.4,134,35.9,126,53.2,50.8,37.4 / 134,35.9 / 126
4307,TX,White/Gold,F,72,72.6,101.5,123,36.2,36.4,36.2,124,36.4,121,50.8,50.7,36.2 / 124,36.4 / 121
4307,TX,Gold,F,72,71.0,98.9,119,35.2,35.8,35.2,119,35.8,118,49.2,49.7,35.2 / 119,35.8 / 118
4307,TX,Red,F,72,68.6,96.0,116,34.3,34.3,34.3,117,34.3,115,48.1,47.9,34.3 / 117,34.3 / 115
4308,TX,Black,M,72,72.2,94.9,123,36.0,36.2,36.0,123,36.2,122,47.4,47.5,36.0 / 123,36.2 / 122
4308,TX,Blue,M,72,70.7,92.6,118,35.3,35.4,35.3,118,35.4,117,46.3,46.3,35.3 / 118,35.4 / 117
4308,TX,Blue/White,M,72,69.5,91.5,117,34.7,34.8,34.7,117,34.8,117,45.7,45.8,34.7 / 117,34.8 / 117
4308,TX,White,M,72,68.4,89.9,116,34.3,34.1,34.3,115,34.1,116,45.0,44.9,34.3 / 115,34.1 / 116
4308,TX,White/Gold,M,72,65.8,86.3,111,32.8,33.0,32.8,109,33.0,112,42.9,43.4,32.8 / 109,33.0 / 112
4308,TX,Gold,M,72,64.1,83.7,105,32.1,32.0,32.1,105,32.0,105,41.9,41.8,32.1 / 105,32.0 / 105
4308,TX,Black,F,72,78.9,112.1,141,39.4,39.5,39.4,140,39.5,142,55.9,56.2,39.4 / 140,39.5 / 142
4308,TX,Blue,F,72,77.0,109.2,137,38.5,38.5,38.5,137,38.5,137,54.6,54.6,38.5 / 137,38.5 / 137
4308,TX,Blue/White,F,72,75.6,107.6,136,37.9,37.7,37.9,136,37.7,136,53.9,53.7,37.9 / 136,37.7 / 136
4308,TX,White,F,72,74.2,104.5,129,37.3,36.9,37.3,126,36.9,131,52.2,52.3,37.3 / 126,36.9 / 131
4308,TX,White/Gold,F,72,71.3,100.2,123,35.6,35.7,35.6,120,35.7,126,49.7,50.5,35.6 / 120,35.7 / 126
4308,TX,Gold,F,72,69.2,97.4,120,34.7,34.5,34.7,117,34.5,122,48.5,48.9,34.7 / 117,34.5 / 122
4308,TX,Red,F,72,69.0,96.7,118,34.6,34.4,34.6,115,34.4,120,48.2,48.5,34.6 / 115,34.4 / 120
21218,TX,1's,M,71,72.1,95.4,126,35.8,36.3,35.8,125,36.3,126,47.4,48.0,35.8 / 125,36.3 / 126
21218,TX,2's,M,71,70.0,92.0,119,35.0,35.0,35.0,123,35.0,114,46.4,45.6,35.0 / 123,35.0 / 114
21218,TX,3's,M,71,67.8,89.5,117,33.7,34.1,33.7,122,34.1,112,45.0,44.5,33.7 / 122,34.1 / 112
21218,TX,4's,M,71,64.6,84.2,106,32.5,32.1,32.5,107,32.1,104,42.4,41.8,32.5 / 107,32.1 / 104
21218,TX,1's,F,71,79.6,113.1,142,39.9,39.7,39.9,144,39.7,140,56.9,56.2,39.9 / 144,39.7 / 140
21218,TX,2's,F,71,76.5,107.6,132,38.2,38.3,38.2,131,38.3,132,53.7,53.9,38.2 / 131,38.3 / 132
21218,TX,3's,F,71,74.3,105.0,130,37.1,37.2,37.1,127,37.2,133,52.1,52.9,37.1 / 127,37.2 / 133
21218,TX,4's,F,71,69.5,97.6,119,34.8,34.7,34.8,128,34.7,110,49.9,47.7,34.8 / 128,34.7 / 110
3984,TX,Leonard,M,71,75.6,102.4,144,37.1,38.5,37.1,141,38.5,147,50.2,52.2,37.1 / 141,38.5 / 147
3984,TX,Green,M,71,74.4,100.9,143,36.6,37.8,36.6,146,37.8,140,50.2,50.8,36.6 / 146,37.8 / 140
3984,TX,Green/Blue,M,65,74.1,100.6,143,36.3,37.8,36.3,142,37.8,143,49.5,51.1,36.3 / 142,37.8 / 143
3984,TX,Blue,M,71,73.8,100.2,142,36.5,37.3,36.5,143,37.3,141,49.8,50.4,36.5 / 143,37.3 / 141
3984,TX,Blue/White,M,70,73.1,98.7,138,36.0,37.1,36.0,136,37.1,140,48.6,50.1,36.0 / 136,37.1 / 140
3984,TX,White,M,71,72.2,96.5,131,35.8,36.4,35.8,130,36.4,132,47.9,48.7,35.8 / 130,36.4 / 132
3984,TX,White/Red,M,65,69.4,94.1,129,34.5,34.9,34.5,126,34.9,131,46.2,47.1,34.5 / 126,34.9 / 131
3984,TX,Red,M,71,66.7,89.8,125,33.1,33.6,33.1,125,33.6,124,44.7,45.1,33.1 / 125,33.6 / 124
3984,TX,Leonard,F,71,83.1,119.6,152,40.6,42.5,40.6,148,42.5,155,58.1,61.5,40.6 / 148,42.5 / 155
3984,TX,Green,F,71,81.6,117.4,150,39.6,42.0,39.6,144,42.0,155,56.6,60.8,39.6 / 144,42.0 / 155
3984,TX,Green/Blue,F,71,81.4,117.0,150,39.6,41.8,39.6,144,41.8,155,56.6,60.4,39.6 / 144,41.8 / 155
3984,TX,Blue,F,71,81.2,116.5,149,40.0,41.2,40.0,145,41.2,153,57.1,59.3,40.0 / 145,41.2 / 153
3984,TX,Blue/White,F,65,79.9,114.9,148,39.0,40.9,39.0,143,40.9,153,55.9,59.0,39.0 / 143,40.9 / 153
3984,TX,White,F,71,79.0,113.6,147,38.9,40.1,38.9,143,40.1,151,55.8,57.9,38.9 / 143,40.1 / 151
3984,TX,White/Red,F,65,75.8,108.7,140,37.4,38.4,37.4,140,38.4,139,53.9,54.8,37.4 / 140,38.4 / 139
3984,TX,Red,F,71,72.3,102.8,130,35.7,36.6,35.7,128,36.6,131,50.8,52.1,35.7 / 128,36.6 / 131
24074,TX,Gold,M,71,70.8,94.3,127,35.3,35.5,35.3,128,35.5,125,47.2,47.1,35.3 / 128,35.5 / 125
24074,TX,Blue,M,71,69.5,92.2,122,34.5,35.0,34.5,125,35.0,119,46.1,46.1,34.5 / 125,35.0 / 119
24074,TX,White,M,71,66.9,88.5,116,33.9,33.0,33.9,119,33.0,113,45.0,43.5,33.9 / 119,33.0 / 113
24074,TX,Blue,F,71,74.8,105.1,129,37.1,37.7,37.1,130,37.7,127,52.4,52.7,37.1 / 130,37.7 / 127
24074,TX,White,F,71,72.3,101.4,124,36.4,35.9,36.4,128,35.9,119,51.5,49.9,36.4 / 128,35.9 / 119
24074,TX,Red,F,71,66.7,93.1,112,33.4,33.3,33.4,118,33.3,106,47.3,45.8,33.4 / 118,33.3 / 106
4540,TX,Red/White,M,72,70.0,91.7,117,35.4,34.6,35.4,117,34.6,116,46.3,45.4,35.4 / 117,34.6 / 116
4540,TX,Black,M,72,66.8,87.2,110,33.4,33.4,33.4,110,33.4,110,43.6,43.6,33.4 / 110,33.4 / 110
4540,TX,Blue,M,72,64.2,83.4,103,32.1,32.1,32.1,103,32.1,103,41.7,41.7,32.1 / 103,32.1 / 103
4540,TX,Red/White,F,72,75.6,105.0,125,38.3,37.3,38.3,126,37.3,123,53.2,51.8,38.3 / 126,37.3 / 123
4540,TX,Black,F,72,71.8,99.4,117,35.9,35.9,35.9,117,35.9,117,49.7,49.7,35.9 / 117,35.9 / 117
4540,TX,Blue,F,72,68.2,93.8,109,34.1,34.1,34.1,109,34.1,109,46.9,46.9,34.1 / 109,34.1 / 109
24127,TX,Men's Tee,M,72,68.9,90.2,115,34.0,34.9,34.0,112,34.9,117,44.4,45.8,34.0 / 112,34.9 / 117
24127,TX,Men's Tee Age 60+,M,72,65.2,84.2,102,32.6,32.6,32.6,102,32.6,102,42.1,42.1,32.6 / 102,32.6 / 102
24127,TX,Red - Red,M,72,63.6,81.8,98,31.8,31.8,31.8,98,31.8,98,40.9,40.9,31.8 / 98,31.8 / 98
24127,TX,Blue-White,F,72,75.2,105.5,129,37.1,38.1,37.1,126,38.1,131,51.9,53.6,37.1 / 126,38.1 / 131
24127,TX,Gold - Gold,F,72,70.2,97.8,117,35.1,35.1,35.1,117,35.1,117,48.9,48.9,35.1 / 117,35.1 / 117
24127,TX,Red - Red,F,72,68.6,95.6,114,34.3,34.3,34.3,114,34.3,114,47.8,47.8,34.3 / 114,34.3 / 114
4053,TX,Blue,M,71,73.4,98.1,133,36.7,36.7,36.7,140,36.7,126,49.7,48.4,36.7 / 140,36.7 / 126
4053,TX,White,M,71,71.4,95.3,129,35.8,35.6,35.8,137,35.6,121,48.5,46.8,35.8 / 137,35.6 / 121
4053,TX,Gold,M,71,67.6,90.2,122,33.5,34.1,33.5,126,34.1,117,45.2,45.0,33.5 / 126,34.1 / 117
4053,TX,Red,M,71,64.4,84.5,109,32.4,32.0,32.4,109,32.0,108,42.5,42.0,32.4 / 109,32.0 / 108
4053,TX,Blue,F,71,80.0,115.9,152,40.0,40.0,40.0,155,40.0,148,58.4,57.5,40.0 / 155,40.0 / 148
4053,TX,White,F,71,77.8,113.2,151,38.9,38.9,38.9,153,38.9,148,56.9,56.3,38.9 / 153,38.9 / 148
4053,TX,Gold,F,71,73.7,104.4,130,36.4,37.3,36.4,131,37.3,129,51.9,52.5,36.4 / 131,37.3 / 129
4053,TX,Red,F,71,68.8,97.1,120,34.3,34.5,34.3,125,34.5,115,49.0,48.1,34.3 / 125,34.5 / 115
4396,TX,Black,M,70,72.5,95.8,126,36.3,36.2,36.3,125,36.2,126,47.9,47.9,36.3 / 125,36.2 / 126
4396,TX,Blue,M,70,71.6,94.8,125,35.9,35.7,35.9,125,35.7,125,47.5,47.3,35.9 / 125,35.7 / 125
4396,TX,White,M,70,69.5,92.7,123,34.8,34.7,34.8,125,34.7,125,46.4,46.3,34.8 / 125,34.7 / 125
4396,TX,Gold,M,70,66.9,89.1,119,33.5,33.4,33.5,119,33.4,119,44.6,44.5,33.5 / 119,33.4 / 119
4396,TX,Red,M,70,63.4,81.2,96,31.8,31.6,31.8,96,31.6,96,40.7,40.5,31.8 / 96,31.6 / 96
4396,TX,Black,F,70,79.7,111.5,135,39.9,39.8,39.9,135,39.8,135,55.8,55.7,39.9 / 135,39.8 / 135
4396,TX,Blue,F,70,78.7,110.1,133,39.4,39.3,39.4,133,39.3,133,55.1,55.0,39.4 / 133,39.3 / 133
4396,TX,White,F,70,76.5,106.8,129,38.3,38.2,38.3,129,38.2,128,53.5,53.3,38.3 / 129,38.2 / 128
4396,TX,Gold,F,70,73.3,101.8,121,36.7,36.6,36.7,121,36.6,120,51.0,50.8,36.7 / 121,36.6 / 120
4396,TX,Red,F,70,67.9,95.6,118,34.0,33.9,34.0,118,33.9,117,47.9,47.7,34.0 / 118,33.9 / 117
4393,TX,Black,M,70,72.0,96.3,131,36.0,36.0,36.0,129,36.0,132,48.0,48.3,36.0 / 129,36.0 / 132
4393,TX,Blue,M,70,70.3,94.0,128,35.5,34.8,35.5,126,34.8,129,47.2,46.8,35.5 / 126,34.8 / 129
4393,TX,White,M,70,68.7,92.4,126,34.5,34.2,34.5,127,34.2,128,46.3,46.1,34.5 / 127,34.2 / 128
4393,TX,Gold,M,70,66.0,88.8,123,33.5,32.5,33.5,124,32.5,122,45.0,43.8,33.5 / 124,32.5 / 122
4393,TX,Red,M,70,64.0,83.2,103,31.9,32.1,31.9,102,32.1,104,41.4,41.8,31.9 / 102,32.1 / 104
4393,TX,Black,F,70,78.6,111.3,139,39.5,39.1,39.5,140,39.1,137,56.0,55.3,39.5 / 140,39.1 / 137
4393,TX,Blue,F,70,76.9,108.9,136,38.9,38.0,38.9,138,38.0,133,55.2,53.7,38.9 / 138,38.0 / 133
4393,TX,White,F,70,75.3,106.3,132,37.9,37.4,37.9,132,37.4,131,53.5,52.8,37.9 / 132,37.4 / 131
4393,TX,Gold,F,70,72.1,101.4,124,36.7,35.4,36.7,127,35.4,121,51.7,49.7,36.7 / 127,35.4 / 121
4393,TX,Red,F,70,68.5,97.4,123,34.3,34.2,34.3,117,34.2,128,48.1,49.3,34.3 / 117,34.2 / 128
4395,TX,Black,M,70,72.2,96.0,129,36.7,35.5,36.7,135,35.5,122,49.2,46.8,36.7 / 135,35.5 / 122
4395,TX,Blue,M,70,70.2,93.5,125,35.5,34.7,35.5,131,34.7,119,47.7,45.8,35.5 / 131,34.7 / 119
4395,TX,White,M,70,68.9,91.9,124,34.8,34.1,34.8,131,34.1,116,47.0,44.9,34.8 / 131,34.1 / 116
4395,TX,Gold,M,70,66.3,88.8,121,33.1,33.2,33.1,125,33.2,117,44.7,44.1,33.1 / 125,33.2 / 117
4395,TX,Red,M,70,65.2,85.4,109,32.7,32.5,32.7,108,32.5,110,42.7,42.7,32.7 / 108,32.5 / 110
4395,TX,Black,F,70,78.6,110.9,137,39.9,38.7,39.9,141,38.7,133,56.5,54.4,39.9 / 141,38.7 / 133
4395,TX,Blue,F,70,76.7,108.1,134,38.8,37.9,38.8,137,37.9,130,54.9,53.2,38.8 / 137,37.9 / 130
4395,TX,White,F,70,75.5,106.2,130,38.2,37.3,38.2,134,37.3,126,54.0,52.2,38.2 / 134,37.3 / 126
4395,TX,Gold,F,70,72.5,101.6,124,36.2,36.3,36.2,125,36.3,122,50.9,50.7,36.2 / 125,36.3 / 122
4395,TX,Red,F,70,70.4,99.4,123,34.9,35.5,34.9,127,35.5,119,49.9,49.5,34.9 / 127,35.5 / 119
4392,TX,Black,M,70,72.0,95.8,129,35.6,36.4,35.6,121,36.4,136,46.8,49.0,35.6 / 121,36.4 / 136
4392,TX,Blue,M,70,69.8,93.2,126,34.8,35.0,34.8,119,35.0,132,45.9,47.3,34.8 / 119,35.0 / 132
4392,TX,White,M,70,68.4,91.6,125,34.1,34.3,34.1,117,34.3,132,45.0,46.6,34.1 / 117,34.3 / 132
4392,TX,Gold,M,70,66.3,89.0,122,33.3,33.0,33.3,117,33.0,127,44.2,44.8,33.3 / 117,33.0 / 127
4392,TX,Red,M,70,65.3,86.0,112,32.5,32.8,32.5,110,32.8,113,42.7,43.3,32.5 / 110,32.8 / 113
4392,TX,Black,F,70,78.1,110.9,139,38.8,39.3,38.8,133,39.3,145,54.5,56.4,38.8 / 133,39.3 / 145
4392,TX,Blue,F,70,76.0,108.0,136,37.9,38.1,37.9,131,38.1,141,53.3,54.7,37.9 / 131,38.1 / 141
4392,TX,White,F,70,74.9,106.1,132,37.4,37.5,37.4,126,37.5,138,52.3,53.8,37.4 / 126,37.5 / 138
4392,TX,Gold,F,70,72.3,102.1,127,36.4,35.9,36.4,122,35.9,131,50.8,51.3,36.4 / 122,35.9 / 131
4392,TX,Red,F,70,70.5,99.7,124,35.5,35.0,35.5,120,35.0,128,49.6,50.1,35.5 / 120,35.0 / 128
36284,TX,Black,M,70,70.4,92.6,119,35.2,35.2,35.2,119,35.2,119,46.3,46.3,35.2 / 119,35.2 / 119
36284,TX,Blue,M,70,68.8,90.6,117,34.4,34.4,34.4,118,34.4,116,45.4,45.2,34.4 / 118,34.4 / 116
36284,TX,White,M,70,67.4,89.2,116,33.7,33.7,33.7,116,33.7,116,44.5,44.5,33.7 / 116,33.7 / 116
36284,TX,Gold,M,70,65.8,87.6,115,32.9,32.9,32.9,115,32.9,115,43.6,43.6,32.9 / 115,32.9 / 115
36284,TX,Red,M,70,64.6,84.4,107,32.3,32.3,32.3,107,32.3,107,42.2,42.2,32.3 / 107,32.3 / 107
36284,TX,Black,F,70,76.6,107.6,131,38.3,38.3,38.3,131,38.3,131,53.8,53.8,38.3 / 131,38.3 / 131
36284,TX,Blue,F,70,75.0,105.4,129,37.5,37.5,37.5,129,37.5,129,52.7,52.7,37.5 / 129,37.5 / 129
36284,TX,White,F,70,73.8,103.4,126,36.9,36.9,36.9,126,36.9,126,51.7,51.7,36.9 / 126,36.9 / 126
36284,TX,Gold,F,70,71.8,100.4,121,35.9,35.9,35.9,121,35.9,121,50.2,50.2,35.9 / 121,35.9 / 121
36284,TX,Red,F,70,70.1,97.7,117,35.1,35.0,35.1,117,35.0,117,48.9,48.8,35.1 / 117,35.0 / 117
23768,TX,Black,M,70,71.6,94.4,123,35.7,35.9,35.7,122,35.9,124,47.0,47.4,35.7 / 122,35.9 / 124
23768,TX,Blue,M,70,70.4,92.9,121,34.9,35.5,34.9,119,35.5,123,46.0,46.9,34.9 / 119,35.5 / 123
23768,TX,White,M,70,68.7,91.1,120,34.2,34.5,34.2,118,34.5,123,45.2,45.9,34.2 / 118,34.5 / 123
23768,TX,Gold,M,70,66.5,88.4,118,33.4,33.1,33.4,117,33.1,118,44.3,44.1,33.4 / 117,33.1 / 118
23768,TX,Red,M,70,64.0,82.9,102,32.6,31.4,32.6,111,31.4,93,42.9,40.0,32.6 / 111,31.4 / 93
23768,TX,Black,F,70,78.4,109.8,133,38.9,39.5,38.9,134,39.5,132,54.7,55.1,38.9 / 134,39.5 / 132
23768,TX,Blue,F,70,77.0,108.0,132,38.1,38.9,38.1,131,38.9,132,53.5,54.5,38.1 / 131,38.9 / 132
23768,TX,White,F,70,75.4,105.3,127,37.5,37.9,37.5,127,37.9,126,52.5,52.8,37.5 / 127,37.9 / 126
23768,TX,Gold,F,70,72.8,101.3,121,36.5,36.3,36.5,123,36.3,119,51.0,50.3,36.5 / 123,36.3 / 119
23768,TX,Red,F,70,69.2,97.0,118,35.7,33.5,35.7,120,33.5,116,49.8,47.2,35.7 / 120,33.5 / 116
4394,TX,Black,M,70,71.7,94.9,125,35.6,36.1,35.6,122,36.1,128,46.9,48.0,35.6 / 122,36.1 / 128
4394,TX,Blue,M,70,70.3,93.1,123,34.8,35.5,34.8,119,35.5,126,45.9,47.2,34.8 / 119,35.5 / 126
4394,TX,White,M,70,68.7,91.4,122,34.2,34.5,34.2,117,34.5,127,45.1,46.3,34.2 / 117,34.5 / 127
4394,TX,Gold,M,70,66.8,89.3,121,33.3,33.5,33.3,118,33.5,124,44.3,45.0,33.3 / 118,33.5 / 124
4394,TX,Red,M,70,64.5,84.2,106,32.6,31.9,32.6,110,31.9,102,42.8,41.4,32.6 / 110,31.9 / 102
4394,TX,Black,F,70,78.4,110.6,137,38.9,39.5,38.9,133,39.5,140,54.6,56.0,38.9 / 133,39.5 / 140
4394,TX,Blue,F,70,76.9,108.6,135,38.0,38.9,38.0,131,38.9,138,53.4,55.2,38.0 / 131,38.9 / 138
4394,TX,White,F,70,75.3,105.7,129,37.4,37.9,37.4,127,37.9,131,52.4,53.3,37.4 / 127,37.9 / 131
4394,TX,Gold,F,70,73.1,102.6,125,36.4,36.7,36.4,123,36.7,127,50.9,51.7,36.4 / 123,36.7 / 127
4394,TX,Red,F,70,69.9,97.8,119,35.6,34.3,35.6,120,34.3,117,49.7,48.1,35.6 / 120,34.3 / 117
4542,TX,Blue,M,71,69.2,90.8,116,34.6,34.6,34.6,116,34.6,116,45.4,45.4,34.6 / 116,34.6 / 116
4542,TX,White,M,71,67.2,87.8,111,33.6,33.6,33.6,111,33.6,111,43.9,43.9,33.6 / 111,33.6 / 111
4542,TX,Senior,M,71,63.4,82.6,103,31.7,31.7,31.7,103,31.7,103,41.3,41.3,31.7 / 103,31.7 / 103
4542,TX,Ladies,F,71,65.8,91.0,107,32.9,32.9,32.9,107,32.9,107,45.5,45.5,32.9 / 107,32.9 / 107
4716,TX,Black E/N,M,72,72.5,96.0,127,36.3,36.2,36.3,129,36.2,124,48.3,47.7,36.3 / 129,36.2 / 124
4716,TX,Blue E/N,M,72,70.4,93.1,122,35.3,35.1,35.3,126,35.1,118,47.0,46.1,35.3 / 126,35.1 / 118
4716,TX,White E/N,M,72,68.7,90.8,119,34.6,34.1,34.6,123,34.1,115,46.0,44.8,34.6 / 123,34.1 / 115
4716,TX,Gold E/N,M,72,67.7,89.0,115,33.6,34.1,33.6,114,34.1,115,44.2,44.8,33.6 / 114,34.1 / 115
4716,TX,White E/N,F,72,73.4,103.3,127,36.8,36.6,36.8,128,36.6,126,51.9,51.4,36.8 / 128,36.6 / 126
4716,TX,Gold E/N,F,72,71.1,99.9,122,35.8,35.3,35.8,122,35.3,122,50.2,49.7,35.8 / 122,35.3 / 122
4715,TX,Black E/W,M,72,72.8,97.1,131,36.3,36.5,36.3,129,36.5,132,48.3,48.8,36.3 / 129,36.5 / 132
4715,TX,Blue E/W,M,72,70.7,94.4,128,35.3,35.4,35.3,126,35.4,129,47.0,47.4,35.3 / 126,35.4 / 129
4715,TX,White E/W,M,72,69.4,92.6,125,34.6,34.8,34.6,123,34.8,127,46.0,46.6,34.6 / 123,34.8 / 127
4715,TX,Gold E/W,M,72,67.3,89.1,118,33.6,33.7,33.6,114,33.7,121,44.2,44.9,33.6 / 114,33.7 / 121
4715,TX,White E/W,F,72,74.1,104.3,128,36.8,37.3,36.8,128,37.3,128,51.9,52.4,36.8 / 128,37.3 / 128
4715,TX,Gold E/W,F,72,71.7,100.5,122,35.8,35.9,35.8,122,35.9,122,50.2,50.3,35.8 / 122,35.9 / 122
4717,TX,Black N/W,M,72,72.7,96.5,128,36.2,36.5,36.2,124,36.5,132,47.7,48.8,36.2 / 124,36.5 / 132
4717,TX,Blue N/W,M,72,70.5,93.5,124,35.1,35.4,35.1,118,35.4,129,46.1,47.4,35.1 / 118,35.4 / 129
4717,TX,White N/W,M,72,68.9,91.4,121,34.1,34.8,34.1,115,34.8,127,44.8,46.6,34.1 / 115,34.8 / 127
4717,TX,Gold N/W,M,72,67.8,89.7,118,34.1,33.7,34.1,115,33.7,121,44.8,44.9,34.1 / 115,33.7 / 121
4717,TX,White N/W,F,72,73.9,103.8,127,36.6,37.3,36.6,126,37.3,128,51.4,52.4,36.6 / 126,37.3 / 128
4717,TX,Gold N/W,F,72,71.2,100.0,122,35.3,35.9,35.3,122,35.9,122,49.7,50.3,35.3 / 122,35.9 / 122
4162,TX,Gold,M,72,73.4,96.3,124,37.2,36.2,37.2,123,36.2,124,48.6,47.7,37.2 / 123,36.2 / 124
4162,TX,Blue,M,72,71.0,93.3,120,35.4,35.6,35.4,123,35.6,117,46.8,46.5,35.4 / 123,35.6 / 117
4162,TX,White,M,72,68.0,90.0,119,34.0,34.0,34.0,122,34.0,115,45.3,44.7,34.0 / 122,34.0 / 115
4162,TX,Red,M,72,64.1,83.7,106,31.2,32.9,31.2,107,32.9,104,41.1,42.6,31.2 / 107,32.9 / 104
4162,TX,Gold,F,74,79.3,113.1,144,39.9,39.4,39.9,150,39.4,137,57.6,55.5,39.9 / 150,39.4 / 137
4162,TX,Blue,F,74,77.4,109.5,136,38.7,38.7,38.7,141,38.7,131,55.3,54.2,38.7 / 141,38.7 / 131
4162,TX,White,F,74,73.7,104.0,129,36.9,36.8,36.9,133,36.8,124,52.6,51.4,36.9 / 133,36.8 / 124
4162,TX,Red,F,74,69.1,96.9,118,33.6,35.5,33.6,116,35.5,120,47.3,49.6,33.6 / 116,35.5 / 120
3972,TX,Blue,M,71,70.7,93.5,123,35.0,35.7,35.0,126,35.7,119,46.7,46.8,35.0 / 126,35.7 / 119
3972,TX,White,M,71,69.4,91.7,120,34.4,35.0,34.4,123,35.0,117,45.8,45.9,34.4 / 123,35.0 / 117
3972,TX,Gold,M,71,66.4,87.2,112,32.7,33.7,32.7,114,33.7,110,43.3,43.9,32.7 / 114,33.7 / 110
3972,TX,Red,M,71,65.4,85.7,110,32.3,33.1,32.3,110,33.1,109,42.5,43.2,32.3 / 110,33.1 / 109
3972,TX,White,F,71,75.3,105.7,129,37.3,38.0,37.3,132,38.0,126,52.9,52.8,37.3 / 132,38.0 / 126
3972,TX,Gold,F,71,71.9,100.6,122,35.5,36.4,35.5,125,36.4,119,50.2,50.4,35.5 / 125,36.4 / 119
3972,TX,Red,F,71,70.9,99.0,119,35.0,35.9,35.0,122,35.9,116,49.4,49.6,35.0 / 122,35.9 / 116
4018,TX,Gold,M,72,73.6,98.2,138,36.8,37.2,36.8,132,37.2,135,49.1,49.7,36.8 / 132,37.2 / 135
4018,TX,Blue,M,72,71.7,96.7,135,35.0,36.2,35.0,136,36.2,135,47.7,48.7,35.0 / 136,36.2 / 135
4018,TX,White,M,72,70.7,94.9,130,34.7,35.5,34.7,130,35.5,132,46.8,47.8,34.7 / 130,35.5 / 132
4018,TX,Black,M,72,66.8,88.2,116,33.3,33.5,33.3,116,33.5,114,44.1,44.1,33.3 / 116,33.5 / 114
4018,TX,Red,M,72,64.4,85.0,109,32.3,32.1,32.3,110,32.1,110,42.5,42.3,32.3 / 110,32.1 / 110
4018,TX,Gold,F,72,80.5,117.6,148,38.2,40.7,38.2,154,40.7,147,59.6,58.0,38.2 / 154,40.7 / 147
4018,TX,Blue,F,72,78.9,113.8,142,40.5,40.0,40.5,139,40.0,141,56.9,56.6,40.5 / 139,40.0 / 141
4018,TX,White,F,72,76.4,109.8,130,38.8,38.7,38.8,136,38.7,136,54.7,54.7,38.8 / 136,38.7 / 136
4018,TX,Black,F,72,71.9,102.4,125,36.5,36.2,36.5,124,36.2,127,51.2,51.2,36.5 / 124,36.2 / 127
4018,TX,Red,F,72,69.4,98.3,123,34.3,34.4,34.3,127,34.4,125,49.3,49.0,34.3 / 127,34.4 / 125
4017,TX,Gold,M,72,72.9,97.5,137,36.1,36.8,36.1,139,36.8,132,49.0,49.1,36.1 / 139,36.8 / 132
4017,TX,Blue,M,72,70.0,95.9,134,35.2,35.0,35.2,133,35.0,136,47.6,47.6,35.2 / 133,35.0 / 136
4017,TX,White,M,72,69.6,94.2,131,34.8,34.7,34.8,133,34.7,130,47.2,46.8,34.8 / 133,34.7 / 130
4017,TX,Black,M,72,66.8,88.3,116,33.5,33.3,33.5,115,33.3,116,44.2,44.1,33.5 / 115,33.3 / 116
4017,TX,Red,M,72,64.8,86.0,111,32.9,32.3,32.9,114,32.3,110,43.4,42.6,32.9 / 114,32.3 / 110
4017,TX,Gold,F,72,79.9,115.1,147,39.7,38.2,39.7,140,38.2,154,56.2,57.8,39.7 / 140,38.2 / 154
4017,TX,Blue,F,72,77.0,111.8,135,39.0,40.5,39.0,135,40.5,139,54.9,56.9,39.0 / 135,40.5 / 139
4017,TX,White,F,72,76.1,108.6,130,38.2,38.8,38.2,129,38.8,136,53.4,54.8,38.2 / 129,38.8 / 136
4017,TX,Black,F,72,71.8,102.1,125,36.0,36.5,36.0,126,36.5,124,50.9,51.2,36.0 / 126,36.5 / 124
4017,TX,Red,F,72,70.5,99.2,126,35.2,34.3,35.2,125,34.3,127,49.9,49.3,35.2 / 125,34.3 / 127
4016,TX,Gold,M,72,73.3,98.7,137,37.2,36.1,37.2,135,36.1,139,49.7,49.0,37.2 / 135,36.1 / 139
4016,TX,Blue,M,72,71.4,97.0,134,36.2,35.2,36.2,135,35.2,133,48.7,47.6,36.2 / 135,35.2 / 133
4016,TX,White,M,72,70.3,96.0,129,35.5,34.8,35.5,132,34.8,133,47.8,47.2,35.5 / 132,34.8 / 133
4016,TX,Black,M,72,67.0,88.3,115,33.5,33.5,33.5,114,33.5,115,44.1,44.2,33.5 / 114,33.5 / 115
4016,TX,Red,M,72,65.0,85.8,112,32.1,32.9,32.1,110,32.9,114,42.3,43.5,32.1 / 110,32.9 / 114
4016,TX,Gold,F,72,79.5,114.2,142,40.7,39.7,40.7,147,39.7,140,58.0,56.2,40.7 / 147,39.7 / 140
4016,TX,Blue,F,72,78.8,111.5,138,40.0,39.0,40.0,141,39.0,135,56.6,54.9,40.0 / 141,39.0 / 135
4016,TX,White,F,72,76.9,108.9,131,38.7,38.2,38.7,136,38.2,129,54.8,53.5,38.7 / 136,38.2 / 129
4016,TX,Black,F,72,72.2,102.1,127,36.2,36.0,36.2,127,36.0,126,51.2,50.9,36.2 / 127,36.0 / 126
4016,TX,Red,F,72,69.6,99.0,125,34.4,35.2,34.4,125,35.2,125,49.1,49.9,34.4 / 125,35.2 / 125
24061,TX,Blue,M,72,68.0,88.4,110,34.5,33.5,34.5,105,33.5,114,44.3,44.1,34.5 / 105,33.5 / 114
24061,TX,White,M,72,65.1,83.7,100,32.9,32.2,32.9,98,32.2,102,42.0,41.7,32.9 / 98,32.2 / 102
24061,TX,Red,M,72,61.6,79.6,97,31.4,30.2,31.4,94,30.2,100,40.1,39.5,31.4 / 94,30.2 / 100
24061,TX,Blue,F,72,73.7,102.0,120,37.2,36.5,37.2,123,36.5,117,51.7,50.3,37.2 / 123,36.5 / 117
24061,TX,White,F,72,69.8,96.0,111,35.2,34.6,35.2,114,34.6,108,48.7,47.3,35.2 / 114,34.6 / 108
24061,TX,Red,F,72,65.5,89.5,102,33.6,31.9,33.6,108,31.9,96,46.3,43.2,33.6 / 108,31.9 / 96
4163,TX,Blue,M,70,70.1,93.5,126,34.2,35.9,34.2,126,35.9,126,45.9,47.6,34.2 / 126,35.9 / 126
4163,TX,White,M,70,68.1,90.7,122,33.3,34.8,33.3,121,34.8,123,44.5,46.2,33.3 / 121,34.8 / 123
4163,TX,Gold,M,70,66.4,88.3,118,32.6,33.8,32.6,115,33.8,121,43.3,45.0,32.6 / 115,33.8 / 121
4163,TX,Red,M,70,63.8,84.9,114,31.5,32.3,31.5,113,32.3,114,42.0,42.9,31.5 / 113,32.3 / 114
4163,TX,Blue,F,70,76.8,108.3,135,37.4,39.4,37.4,132,39.4,137,52.8,55.5,37.4 / 132,39.4 / 137
4163,TX,White,F,70,74.3,104.9,130,36.2,38.1,36.2,128,38.1,131,51.3,53.6,36.2 / 128,38.1 / 131
4163,TX,Gold,F,70,72.4,101.5,124,35.4,37.0,35.4,122,37.0,125,49.8,51.7,35.4 / 122,37.0 / 125
4163,TX,Red,F,72,68.9,96.9,119,34.1,34.8,34.1,118,34.8,120,48.0,48.9,34.1 / 118,34.8 / 120
27006,TX,Blue,M,72,72.2,96.2,129,36.0,36.2,36.0,130,36.2,128,48.1,48.1,36.0 / 130,36.2 / 128
27006,TX,White,M,72,70.4,93.1,123,35.1,35.3,35.1,123,35.3,122,46.5,46.6,35.1 / 123,35.3 / 122
27006,TX,Gold,M,72,67.1,88.6,116,33.6,33.5,33.6,117,33.5,114,44.5,44.1,33.6 / 117,33.5 / 114
27006,TX,Red,M,71,64.4,84.6,109,32.1,32.3,32.1,110,32.3,108,42.3,42.3,32.1 / 110,32.3 / 108
27006,TX,Gold,F,72,71.6,100.6,123,36.0,35.6,36.0,122,35.6,124,50.4,50.2,36.0 / 122,35.6 / 124
27006,TX,Red,F,72,69.0,97.0,119,34.3,34.7,34.3,117,34.7,120,48.1,48.9,34.3 / 117,34.7 / 120
14738,TX,Gold,M,72,72.8,97.0,131,35.8,37.0,35.8,124,37.0,137,47.3,49.7,35.8 / 124,37.0 / 137
14738,TX,Gold/Blue Combo,M,72,72.1,95.9,128,35.5,36.6,35.5,122,36.6,134,46.8,49.1,35.5 / 122,36.6 / 134
14738,TX,Blue,M,72,71.3,94.8,127,34.9,36.4,34.9,121,36.4,133,46.1,48.7,34.9 / 121,36.4 / 133
14738,TX,Blue/White Combo,M,72,70.3,93.0,122,34.5,35.8,34.5,116,35.8,128,45.3,47.7,34.5 / 116,35.8 / 128
14738,TX,White,M,72,69.2,91.7,121,33.9,35.3,33.9,115,35.3,127,44.6,47.1,33.9 / 115,35.3 / 127
14738,TX,Black,M,72,67.3,88.9,117,33.2,34.1,33.2,112,34.1,121,43.6,45.3,33.2 / 112,34.1 / 121
14738,TX,Red,M,72,65.0,85.6,111,32.0,33.0,32.0,108,33.0,114,42.0,43.6,32.0 / 108,33.0 / 114
14738,TX,Gold,F,72,79.0,112.3,142,38.7,40.3,38.7,137,40.3,146,54.8,57.5,38.7 / 137,40.3 / 146
14738,TX,Gold/Blue Combo,F,72,78.1,110.9,139,38.3,39.8,38.3,134,39.8,144,54.1,56.8,38.3 / 134,39.8 / 144
14738,TX,Blue,F,72,77.3,109.6,137,37.7,39.6,37.7,131,39.6,142,53.2,56.4,37.7 / 131,39.6 / 142
14738,TX,Blue/White Combo,F,72,76.1,107.9,135,37.3,38.8,37.3,130,38.8,140,52.6,55.3,37.3 / 130,38.8 / 140
14738,TX,White,F,71,74.7,105.8,132,36.5,38.2,36.5,126,38.2,137,51.4,54.4,36.5 / 126,38.2 / 137
14738,TX,Black,F,72,72.5,102.5,127,35.6,36.9,35.6,122,36.9,131,50.1,52.4,35.6 / 122,36.9 / 131
14738,TX,Red,F,72,70.0,98.1,119,34.5,35.5,34.5,115,35.5,123,48.1,50.0,34.5 / 115,35.5 / 123
4230,TX,Maroon,M,72,73.6,99.7,141,36.5,37.1,36.5,139,37.1,142,49.4,50.3,36.5 / 139,37.1 / 142
4230,TX,Maroon/Black,M,72,72.4,97.0,132,35.9,36.5,35.9,132,36.5,132,48.2,48.8,35.9 / 132,36.5 / 132
4230,TX,Black,M,72,71.4,94.7,126,35.4,36.0,35.4,126,36.0,125,47.1,47.6,35.4 / 126,36.0 / 125
4230,TX,White,M,72,69.2,90.7,116,34.5,34.7,34.5,117,34.7,114,45.4,45.3,34.5 / 117,34.7 / 114
4230,TX,White/Gold,M,72,67.1,87.5,110,33.5,33.6,33.5,110,33.6,110,43.7,43.8,33.5 / 110,33.6 / 110
4230,TX,Gold,M,72,65.4,85.5,108,32.8,32.6,32.8,104,32.6,112,42.5,43.0,32.8 / 104,32.6 / 112
4230,TX,Maroon,F,72,80.4,117.1,153,39.9,40.5,39.9,151,40.5,155,57.7,59.4,39.9 / 151,40.5 / 155
4230,TX,Maroon/Black,F,72,78.6,113.3,148,39.0,39.6,39.0,147,39.6,148,56.3,57.0,39.0 / 147,39.6 / 148
4230,TX,Black,F,72,77.3,111.2,144,38.5,38.8,38.5,141,38.8,147,55.1,56.1,38.5 / 141,38.8 / 147
4230,TX,White,F,72,74.2,105.2,131,37.2,37.0,37.2,131,37.0,131,52.7,52.5,37.2 / 131,37.0 / 131
4230,TX,White/Gold,F,72,72.5,101.8,125,36.5,36.0,36.5,119,36.0,130,50.5,51.3,36.5 / 119,36.0 / 130
4230,TX,Gold,F,72,70.6,98.4,118,35.4,35.2,35.4,114,35.2,122,48.8,49.6,35.4 / 114,35.2 / 122
4551,TX,Black,M,71,75.4,101.5,141,38.4,37.0,38.4,137,37.0,144,51.1,50.4,38.4 / 137,37.0 / 144
4551,TX,Blue,M,71,73.2,98.5,136,37.2,36.0,37.2,133,36.0,139,49.6,48.9,37.2 / 133,36.0 / 139
4551,TX,Silver,M,71,70.5,94.6,130,35.9,34.6,35.9,131,34.6,128,48.1,46.5,35.9 / 131,34.6 / 128
4551,TX,Gold,M,71,67.1,87.9,112,34.4,32.7,34.4,115,32.7,109,45.1,42.8,34.4 / 115,32.7 / 109
4551,TX,Red,M,71,64.8,84.7,107,32.8,32.0,32.8,109,32.0,105,42.9,41.8,32.8 / 109,32.0 / 105
4551,TX,Black,F,71,82.0,116.4,146,41.8,40.2,41.8,150,40.2,142,59.5,56.9,41.8 / 150,40.2 / 142
4551,TX,Blue,F,71,79.4,112.4,140,40.5,38.9,40.5,143,38.9,137,57.4,55.0,40.5 / 143,38.9 / 137
4551,TX,Silver,F,71,76.4,107.8,134,39.0,37.4,39.0,137,37.4,130,55.1,52.7,39.0 / 137,37.4 / 130
4551,TX,Gold,F,71,71.8,101.1,124,34.8,37.0,34.8,121,37.0,127,49.1,52.0,34.8 / 121,37.0 / 127
4551,TX,Red,F,71,68.9,96.2,116,34.9,34.0,34.9,117,34.0,114,48.7,47.5,34.9 / 117,34.0 / 114
4164,TX,Blue,M,72,74.0,98.9,134,36.7,37.3,36.7,132,37.3,136,49.0,49.9,36.7 / 132,37.3 / 136
4164,TX,White,M,72,71.1,95.0,129,35.3,35.8,35.3,126,35.8,131,47.0,48.0,35.3 / 126,35.8 / 131
4164,TX,Gold,M,72,68.3,90.5,120,33.9,34.4,33.9,118,34.4,121,44.9,45.6,33.9 / 118,34.4 / 121
4164,TX,Red,M,72,65.5,86.5,113,32.5,33.0,32.5,112,33.0,114,42.9,43.6,32.5 / 112,33.0 / 114
4164,TX,Blue,F,72,79.7,112.8,140,39.5,40.2,39.5,137,40.2,143,55.7,57.1,39.5 / 137,40.2 / 143
4164,TX,White,F,72,77.3,108.8,134,38.2,39.1,38.2,131,39.1,137,53.6,55.2,38.2 / 131,39.1 / 137
4164,TX,Gold,F,72,73.9,103.7,127,36.8,37.1,36.8,124,37.1,129,51.4,52.3,36.8 / 124,37.1 / 129
4164,TX,Red,F,72,70.0,97.6,117,34.8,35.2,34.8,118,35.2,116,48.7,48.9,34.8 / 118,35.2 / 116
4231,TX,Gold,M,72,72.5,97.0,132,36.2,36.3,36.2,135,36.3,129,48.7,48.3,36.2 / 135,36.3 / 129
4231,TX,Gold/Black,M,72,72.0,96.8,131,36.0,36.0,36.0,136,36.0,131,48.6,48.2,36.0 / 136,36.0 / 131
4231,TX,Black,M,72,71.5,95.2,129,35.8,35.7,35.8,132,35.7,125,48.0,47.2,35.8 / 132,35.7 / 125
4231,TX,Black/Blue,M,72,70.4,94.9,129,35.4,35.0,35.4,135,35.0,125,47.9,46.6,35.4 / 135,35.0 / 125
4231,TX,Blue,M,72,69.0,91.7,123,34.4,34.6,34.4,122,34.6,123,45.7,46.0,34.4 / 122,34.6 / 123
4231,TX,Blue/Silver,M,72,67.6,89.6,118,33.8,33.8,33.8,118,33.8,118,44.8,44.8,33.8 / 118,33.8 / 118
4231,TX,Silver,M,72,66.0,87.7,117,32.9,33.1,32.9,117,33.1,116,43.8,43.9,32.9 / 117,33.1 / 116
4231,TX,Green,M,72,63.1,83.9,112,31.8,31.3,31.8,112,31.3,112,42.2,41.7,31.8 / 112,31.3 / 112
4231,TX,Red,M,72,60.2,79.8,106,30.4,29.8,30.4,108,29.8,103,40.4,39.4,30.4 / 108,29.8 / 103
4231,TX,Gold,F,72,78.8,112.0,141,39.2,39.6,39.2,138,39.6,143,55.5,56.5,39.2 / 138,39.6 / 143
4231,TX,Gold/Black,F,72,78.2,111.0,140,38.9,39.3,38.9,137,39.3,142,55.0,56.0,38.9 / 137,39.3 / 142
4231,TX,Black,F,72,77.3,109.9,139,38.6,38.7,38.6,136,38.7,141,54.6,55.3,38.6 / 136,38.7 / 141
4231,TX,Black/Blue,F,72,76.2,108.2,136,38.2,38.0,38.2,134,38.0,137,54.0,54.2,38.2 / 134,38.0 / 137
4231,TX,Blue,F,72,74.3,105.2,131,36.7,37.6,36.7,127,37.6,135,51.7,53.5,36.7 / 127,37.6 / 135
4231,TX,Blue/Silver,F,72,72.5,102.5,128,36.0,36.5,36.0,124,36.5,131,50.6,51.9,36.0 / 124,36.5 / 131
4231,TX,Silver,F,72,70.7,99.9,124,35.0,35.7,35.0,120,35.7,127,49.2,50.7,35.0 / 120,35.7 / 127
4231,TX,Green,F,72,66.8,94.5,118,33.7,33.1,33.7,115,33.1,120,47.3,47.2,33.7 / 115,33.1 / 120
4231,TX,Red,F,72,62.2,87.5,107,31.6,30.6,31.6,103,30.6,111,43.8,43.7,31.6 / 103,30.6 / 111
4166,TX,GOLD,M,72,75.5,101.5,140,37.2,38.3,37.2,132,38.3,147,49.5,52.0,37.2 / 132,38.3 / 147
4166,TX,BLUE,M,72,74.0,99.0,135,36.8,37.2,36.8,133,37.2,136,49.2,49.8,36.8 / 133,37.2 / 136
4166,TX,WHITE,M,72,70.1,94.0,129,35.0,35.1,35.0,119,35.1,138,46.1,47.9,35.0 / 119,35.1 / 138
4166,TX,Red,M,72,67.4,90.1,122,33.8,33.6,33.8,114,33.6,130,44.4,45.7,33.8 / 114,33.6 / 130
4166,TX,Gold,F,72,81.9,118.4,154,40.6,41.3,40.6,153,41.3,155,58.6,59.8,40.6 / 153,41.3 / 155
4166,TX,Blue,F,72,76.2,108.5,137,37.2,39.0,37.2,137,39.0,137,53.4,55.1,37.2 / 137,39.0 / 137
4166,TX,White,F,72,75.5,106.9,134,37.7,37.8,37.7,126,37.8,141,52.5,54.4,37.7 / 126,37.8 / 141
4166,TX,Red,F,72,71.7,102.1,129,35.2,36.5,35.2,128,36.5,130,50.3,51.8,35.2 / 128,36.5 / 130
15015,TX,Blue,M,72,74.4,100.3,140,37.1,37.3,37.1,130,37.3,149,49.2,51.1,37.1 / 130,37.3 / 149
15015,TX,Blue/White Combo,M,72,73.3,98.8,138,36.8,36.5,36.8,135,36.5,140,49.3,49.5,36.8 / 135,36.5 / 140
15015,TX,White,M,72,72.3,97.6,137,36.2,36.1,36.2,135,36.1,138,48.7,48.9,36.2 / 135,36.1 / 138
15015,TX,White/Gold Combo,M,72,71.0,95.9,134,35.6,35.4,35.6,137,35.4,131,48.3,47.6,35.6 / 137,35.4 / 131
15015,TX,Gold,M,72,70.3,94.3,129,35.1,35.2,35.1,127,35.2,131,46.9,47.4,35.1 / 127,35.2 / 131
15015,TX,Silver,M,72,69.1,91.8,123,34.4,34.7,34.4,124,34.7,121,45.9,45.9,34.4 / 124,34.7 / 121
15015,TX,Silver/Green Combo,M,72,67.6,89.1,118,33.8,33.8,33.8,118,33.8,119,44.8,44.9,33.8 / 118,33.8 / 119
15015,TX,Green,M,72,65.9,87.6,117,33.1,32.8,33.1,114,32.8,119,43.7,43.9,33.1 / 114,32.8 / 119
15015,TX,Blue,F,72,81.0,116.6,151,40.5,40.5,40.5,147,40.5,155,57.8,58.8,40.5 / 147,40.5 / 155
15015,TX,Blue/White Combo,F,72,79.5,114.5,149,40.1,39.4,40.1,146,39.4,151,57.3,57.2,40.1 / 146,39.4 / 151
15015,TX,White,F,72,78.0,112.3,146,39.1,38.9,39.1,141,38.9,150,55.7,56.6,39.1 / 141,38.9 / 150
15015,TX,White/Gold Combo,F,72,77.0,110.8,144,38.7,38.3,38.7,140,38.3,147,55.2,55.6,38.7 / 140,38.3 / 147
15015,TX,Gold,F,72,76.3,109.6,142,38.1,38.2,38.1,137,38.2,146,54.2,55.4,38.1 / 137,38.2 / 146
15015,TX,Silver,F,72,74.0,105.6,134,37.0,37.0,37.0,134,37.0,134,52.8,52.8,37.0 / 134,37.0 / 134
15015,TX,Silver/Green Combo,F,72,72.0,102.5,130,36.1,35.9,36.1,129,35.9,130,51.3,51.2,36.1 / 129,35.9 / 130
15015,TX,Green,F,72,70.6,100.5,127,35.6,35.0,35.6,127,35.0,126,50.6,49.9,35.6 / 127,35.0 / 126
4168,TX,Blue,M,72,68.2,89.9,117,34.3,33.9,34.3,119,33.9,114,45.4,44.5,34.3 / 119,33.9 / 114
4168,TX,White,M,72,67.1,88.0,113,33.6,33.5,33.6,117,33.5,108,44.5,43.5,33.6 / 117,33.5 / 108
4168,TX,Gold,M,72,64.1,84.5,110,31.8,32.3,31.8,113,32.3,107,42.3,42.2,31.8 / 113,32.3 / 107
4168,TX,Red,M,72,62.1,81.8,106,31.1,31.0,31.1,111,31.0,101,41.4,40.4,31.1 / 111,31.0 / 101
4168,TX,Silver,M,72,60.1,79.0,102,29.8,30.3,29.8,104,30.3,99,39.5,39.5,29.8 / 104,30.3 / 99
4168,TX,Blue,F,72,73.6,103.2,126,37.0,36.6,37.0,127,36.6,124,52.0,51.2,37.0 / 127,36.6 / 124
4168,TX,White,F,72,72.6,101.6,123,36.5,36.1,36.5,125,36.1,121,51.2,50.4,36.5 / 125,36.1 / 121
4168,TX,Gold,F,72,69.1,96.5,116,34.4,34.7,34.4,117,34.7,115,48.2,48.3,34.4 / 117,34.7 / 115
4168,TX,Red,F,72,65.9,91.6,109,33.2,32.7,33.2,111,32.7,107,46.3,45.3,33.2 / 111,32.7 / 107
4168,TX,Silver,F,72,61.7,85.9,103,30.3,31.4,30.3,104,31.4,101,42.6,43.3,30.3 / 104,31.4 / 101
23668,TX,Blue,M,72,70.2,92.6,121,34.9,35.3,34.9,119,35.3,122,46.0,46.6,34.9 / 119,35.3 / 122
23668,TX,Blue/White Combo,M,72,68.6,90.3,117,34.1,34.5,34.1,114,34.5,119,44.7,45.6,34.1 / 114,34.5 / 119
23668,TX,White,M,72,67.1,88.1,113,33.1,34.0,33.1,108,34.0,118,43.1,45.0,33.1 / 108,34.0 / 118
23668,TX,Gold,M,72,63.3,82.1,101,31.5,31.8,31.5,98,31.8,104,40.6,41.5,31.5 / 98,31.8 / 104
23668,TX,Red,M,72,62.2,80.6,99,31.0,31.2,31.0,96,31.2,102,39.9,40.7,31.0 / 96,31.2 / 102
23668,TX,Blue,F,72,76.2,106.1,127,37.8,38.4,37.8,127,38.4,126,52.8,53.3,37.8 / 127,38.4 / 126
23668,TX,Blue/White Combo,F,72,74.3,103.2,123,36.8,37.5,36.8,122,37.5,123,51.2,52.0,36.8 / 122,37.5 / 123
23668,TX,White,F,72,72.4,100.8,121,35.5,36.9,35.5,119,36.9,122,49.5,51.3,35.5 / 119,36.9 / 122
23668,TX,Gold,F,72,67.5,93.6,111,33.5,34.0,33.5,111,34.0,110,46.6,47.0,33.5 / 111,34.0 / 110
23668,TX,Red,F,72,65.8,91.0,107,32.7,33.1,32.7,107,33.1,107,45.3,45.7,32.7 / 107,33.1 / 107
4645,TX,Championship,M,70,71.4,94.4,125,35.9,35.4,35.9,125,35.4,124,47.5,46.9,35.9 / 125,35.4 / 124
4645,TX,Maxwell,M,70,69.5,92.3,123,34.7,34.8,34.7,125,34.8,121,46.3,46.0,34.7 / 125,34.8 / 121
4645,TX,Middle,M,70,68.0,90.5,121,34.2,33.8,34.2,123,33.8,119,45.6,44.9,34.2 / 123,33.8 / 119
4645,TX,Goetz,M,70,65.3,86.5,114,32.7,32.6,32.7,114,32.6,114,43.3,43.2,32.7 / 114,32.6 / 114
4645,TX,Forward,M,70,64.1,84.8,112,32.2,31.9,32.2,112,31.9,111,42.6,42.2,32.2 / 112,31.9 / 111
4645,TX,Middle,F,72,73.7,102.6,123,36.9,36.8,36.9,121,36.8,124,51.2,51.4,36.9 / 121,36.8 / 124
4645,TX,Goetz,F,72,70.3,97.5,116,35.0,35.3,35.0,114,35.3,117,48.4,49.1,35.0 / 114,35.3 / 117
4645,TX,Forward,F,72,68.9,95.2,112,34.4,34.5,34.4,110,34.5,113,47.4,47.8,34.4 / 110,34.5 / 113
4633,TX,Blue,M,72,71.0,93.7,122,35.3,35.7,35.3,125,35.7,119,46.9,46.8,35.3 / 125,35.7 / 119
4633,TX,White,M,72,69.2,91.4,120,34.6,34.6,34.6,124,34.6,115,46.1,45.3,34.6 / 124,34.6 / 115
4633,TX,Gold,M,72,67.4,89.2,118,34.0,33.4,34.0,121,33.4,114,45.2,44.0,34.0 / 121,33.4 / 114
4633,TX,Red,M,72,66.0,87.3,115,33.2,32.8,33.2,117,32.8,112,44.1,43.2,33.2 / 117,32.8 / 112
4633,TX,Black,M,72,64.1,84.7,111,32.1,32.0,32.1,114,32.0,108,42.7,42.0,32.1 / 114,32.0 / 108
4633,TX,White,F,72,74.6,104.8,128,37.1,37.5,37.1,130,37.5,126,52.4,52.4,37.1 / 130,37.5 / 126
4633,TX,Gold,F,72,72.5,101.6,123,36.3,36.2,36.3,126,36.2,120,51.2,50.4,36.3 / 126,36.2 / 120
4633,TX,Red,F,72,70.8,99.0,120,35.3,35.5,35.3,122,35.5,117,49.7,49.3,35.3 / 122,35.5 / 117
4633,TX,Black,F,72,68.3,95.2,114,34.0,34.3,34.0,115,34.3,113,47.6,47.6,34.0 / 115,34.3 / 113
4550,TX,Black,M,71,71.5,94.1,122,35.2,36.3,35.2,123,36.3,121,46.6,47.5,35.2 / 123,36.3 / 121
4550,TX,Blue,M,71,70.4,92.4,119,34.4,36.0,34.4,116,36.0,121,45.2,47.2,34.4 / 116,36.0 / 121
4550,TX,White,M,71,66.6,88.0,115,32.6,34.0,32.6,113,34.0,117,43.1,44.9,32.6 / 113,34.0 / 117
4550,TX,Red,M,71,65.6,85.5,107,32.3,33.3,32.3,101,33.3,113,41.7,43.8,32.3 / 101,33.3 / 113
4550,TX,Black,F,71,77.8,108.3,130,38.1,39.7,38.1,125,39.7,134,52.8,55.5,38.1 / 125,39.7 / 134
4550,TX,Blue,F,71,76.7,107.0,129,37.2,39.5,37.2,126,39.5,131,52.1,54.9,37.2 / 126,39.5 / 131
4550,TX,White,F,71,72.0,99.4,117,35.2,36.8,35.2,114,36.8,119,48.6,50.8,35.2 / 114,36.8 / 119
4550,TX,Red,F,71,70.5,97.9,116,34.4,36.1,34.4,117,36.1,115,48.2,49.7,34.4 / 117,36.1 / 115
4598,TX,Blue,M,72,71.4,94.6,125,35.7,35.7,35.7,126,35.7,124,47.4,47.2,35.7 / 126,35.7 / 124
4598,TX,Red,M,72,69.8,92.2,121,35.0,34.8,35.0,119,34.8,122,46.1,46.1,35.0 / 119,34.8 / 122
4598,TX,Black,M,72,64.6,84.3,106,32.5,32.1,32.5,108,32.1,104,42.5,41.8,32.5 / 108,32.1 / 104
4598,TX,White,M,72,62.7,80.4,96,31.1,31.6,31.1,98,31.6,93,40.2,40.2,31.1 / 98,31.6 / 93
4598,TX,Blue,F,72,77.9,109.2,133,38.9,39.0,38.9,130,39.0,136,54.2,55.0,38.9 / 130,39.0 / 136
4598,TX,Red,F,72,76.1,105.8,126,38.1,38.0,38.1,128,38.0,124,53.2,52.6,38.1 / 128,38.0 / 124
4598,TX,Black,F,72,69.5,96.0,113,34.8,34.7,34.8,113,34.7,112,48.1,47.9,34.8 / 113,34.7 / 112
4598,TX,White,F,72,66.6,92.1,109,33.2,33.4,33.2,108,33.4,109,45.9,46.2,33.2 / 108,33.4 / 109
13633,TX,Gold,M,71,73.7,97.8,130,37.5,36.2,37.5,130,36.2,129,49.6,48.2,37.5 / 130,36.2 / 129
13633,TX,Forest,M,71,71.4,94.6,125,36.2,35.2,36.2,125,35.2,125,47.8,46.8,36.2 / 125,35.2 / 125
13633,TX,Blue,M,71,70.0,92.3,120,35.5,34.5,35.5,126,34.5,114,47.2,45.1,35.5 / 126,34.5 / 114
13633,TX,Stone,M,71,67.0,88.5,116,33.9,33.1,33.9,123,33.1,109,45.3,43.2,33.9 / 123,33.1 / 109
13633,TX,Copper,M,71,61.5,79.6,98,30.7,30.8,30.7,98,30.8,97,39.8,39.8,30.7 / 98,30.8 / 97
13633,TX,Gold,F,71,80.1,113.5,142,40.9,39.2,40.9,144,39.2,139,57.9,55.6,40.9 / 144,39.2 / 139
13633,TX,Forest,F,71,77.2,109.2,136,39.3,37.9,39.3,138,37.9,133,55.6,53.6,39.3 / 138,37.9 / 133
13633,TX,Blue,F,71,75.6,106.9,133,38.4,37.2,38.4,135,37.2,131,54.3,52.6,38.4 / 135,37.2 / 131
13633,TX,Stone,F,71,71.9,101.4,125,36.5,35.4,36.5,126,35.4,124,51.4,50.0,36.5 / 126,35.4 / 124
13633,TX,Copper,F,71,64.6,89.4,105,32.4,32.2,32.4,104,32.2,106,44.7,44.7,32.4 / 104,32.2 / 106
4121,TX,Black,M,72,70.6,93.6,124,35.3,35.3,35.3,124,35.3,124,46.8,46.8,35.3 / 124,35.3 / 124
4121,TX,Blue/Black Combo,M,72,70.5,93.4,124,35.2,35.3,35.2,123,35.3,124,46.6,46.8,35.2 / 123,35.3 / 124
4121,TX,Blue,M,72,70.4,93.2,123,35.2,35.2,35.2,123,35.2,123,46.6,46.6,35.2 / 123,35.2 / 123
4121,TX,White/Blue Combo,M,72,69.8,92.3,121,34.6,35.2,34.6,119,35.2,123,45.7,46.6,34.6 / 119,35.2 / 123
4121,TX,White,M,72,69.2,91.4,119,34.6,34.6,34.6,119,34.6,119,45.7,45.7,34.6 / 119,34.6 / 119
4121,TX,Gold/White Combo,M,72,68.0,89.3,115,33.4,34.6,33.4,110,34.6,119,43.6,45.7,33.4 / 110,34.6 / 119
4121,TX,Gold,M,72,66.8,87.2,110,33.4,33.4,33.4,110,33.4,110,43.6,43.6,33.4 / 110,33.4 / 110
4121,TX,Red/Gold Combo,M,72,66.3,85.9,106,32.9,33.4,32.9,101,33.4,110,42.3,43.6,32.9 / 101,33.4 / 110
4121,TX,Red,M,72,65.8,84.6,101,32.9,32.9,32.9,101,32.9,101,42.3,42.3,32.9 / 101,32.9 / 101
4121,TX,Silver/Red Combo,M,63,60.1,76.9,91,27.2,32.9,27.2,80,32.9,101,34.6,42.3,27.2 / 80,32.9 / 101
4121,TX,Silver,M,54,54.4,69.2,80,27.2,27.2,27.2,80,27.2,80,34.6,34.6,27.2 / 80,27.2 / 80
4121,TX,Black,F,72,78.0,108.6,130,39.0,39.0,39.0,130,39.0,130,54.3,54.3,39.0 / 130,39.0 / 130
4121,TX,Blue/Black Combo,F,72,77.6,108.2,130,38.6,39.0,38.6,130,39.0,130,53.9,54.3,38.6 / 130,39.0 / 130
4121,TX,Blue,F,72,77.2,107.8,130,38.6,38.6,38.6,130,38.6,130,53.9,53.9,38.6 / 130,38.6 / 130
4121,TX,White/Blue Combo,F,72,76.3,106.4,128,37.7,38.6,37.7,126,38.6,130,52.5,53.9,37.7 / 126,38.6 / 130
4121,TX,White,F,72,75.4,105.0,126,37.7,37.7,37.7,126,37.7,126,52.5,52.5,37.7 / 126,37.7 / 126
4121,TX,Gold/White Combo,F,72,73.7,102.5,123,36.0,37.7,36.0,119,37.7,126,50.0,52.5,36.0 / 119,37.7 / 126
4121,TX,Gold,F,72,72.0,100.0,119,36.0,36.0,36.0,119,36.0,119,50.0,50.0,36.0 / 119,36.0 / 119
4121,TX,Red/Gold Combo,F,72,70.9,98.0,115,34.9,36.0,34.9,111,36.0,119,48.0,50.0,34.9 / 111,36.0 / 119
4121,TX,Red,F,72,69.7,95.8,110,34.8,34.8,34.8,110,34.8,110,47.8,47.8,34.8 / 110,34.8 / 110
4121,TX,Silver/Red Combo,F,63,61.7,83.7,94,28.4,33.3,28.4,79,33.3,108,37.7,46.0,28.4 / 79,33.3 / 108
4121,TX,Silver,F,54,56.8,75.4,79,28.4,28.4,28.4,79,28.4,79,37.7,37.7,28.4 / 79,28.4 / 79
4285,TX,Blue,M,72,72.5,96.3,128,36.1,36.4,36.1,126,36.4,130,47.8,48.5,36.1 / 126,36.4 / 130
4285,TX,White,M,72,69.9,92.6,123,35.1,34.8,35.1,123,34.8,122,46.5,46.1,35.1 / 123,34.8 / 122
4285,TX,Black,M,72,66.6,87.5,113,33.5,33.1,33.5,112,33.1,113,43.9,43.6,33.5 / 112,33.1 / 113
4285,TX,Red,M,72,63.5,83.5,108,32.2,31.3,32.2,109,31.3,107,42.3,41.2,32.2 / 109,31.3 / 107
4285,TX,Blue,F,72,79.1,112.2,140,39.5,39.6,39.5,138,39.6,142,55.8,56.4,39.5 / 138,39.6 / 142
4285,TX,White,F,72,76.1,107.4,133,38.1,38.0,38.1,135,38.0,131,54.0,53.4,38.1 / 135,38.0 / 131
4285,TX,Black,F,72,72.0,102.6,130,36.1,35.9,36.1,127,35.9,132,51.1,51.5,36.1 / 127,35.9 / 132
4285,TX,Red,F,72,68.5,95.8,116,34.4,34.1,34.4,114,34.1,118,47.8,48.0,34.4 / 114,34.1 / 118
4284,TX,Blue,M,71,71.4,94.8,126,36.4,35.0,36.4,130,35.0,122,48.5,46.3,36.4 / 130,35.0 / 122
4284,TX,White,M,71,68.7,90.7,119,34.8,33.9,34.8,122,33.9,115,46.1,44.6,34.8 / 122,33.9 / 115
4284,TX,Black,M,71,65.2,85.5,109,33.1,32.1,33.1,113,32.1,105,43.6,41.9,33.1 / 113,32.1 / 105
4284,TX,Red,M,71,62.3,81.5,104,31.3,31.0,31.3,107,31.0,100,41.2,40.3,31.3 / 107,31.0 / 100
4284,TX,Blue,F,71,77.8,110.3,138,39.6,38.2,39.6,142,38.2,133,56.4,53.9,39.6 / 142,38.2 / 133
4284,TX,White,F,71,74.8,104.9,128,38.0,36.8,38.0,130,36.8,126,53.3,51.6,38.0 / 130,36.8 / 126
4284,TX,Black,F,71,70.6,99.6,123,35.9,34.7,35.9,132,34.7,114,51.5,48.1,35.9 / 132,34.7 / 114
4284,TX,Red,F,71,67.0,93.5,113,34.1,32.9,34.1,118,32.9,107,48.0,45.5,34.1 / 118,32.9 / 107
4283,TX,Blue,M,71,71.1,94.1,124,35.0,36.1,35.0,122,36.1,126,46.3,47.8,35.0 / 122,36.1 / 126
4283,TX,White,M,71,69.0,91.1,119,33.9,35.1,33.9,115,35.1,123,44.6,46.5,33.9 / 115,35.1 / 123
4283,TX,Black,M,71,65.6,85.8,109,32.1,33.5,32.1,105,33.5,112,41.9,43.9,32.1 / 105,33.5 / 112
4283,TX,Red,M,71,63.2,82.7,105,31.0,32.2,31.0,101,32.2,109,40.4,42.3,31.0 / 101,32.2 / 109
4283,TX,Blue,F,71,77.7,109.9,137,38.2,39.5,38.2,135,39.5,138,54.1,55.8,38.2 / 135,39.5 / 138
4283,TX,White,F,71,74.9,105.6,131,36.8,38.1,36.8,126,38.1,135,51.6,54.0,36.8 / 126,38.1 / 135
4283,TX,Black,F,71,70.8,99.2,121,34.7,36.1,34.7,114,36.1,127,48.1,51.1,34.7 / 114,36.1 / 127
4283,TX,Red,F,71,67.3,93.8,113,32.9,34.4,32.9,111,34.4,114,46.0,47.8,32.9 / 111,34.4 / 114
4036,TX,Nelson,M,72,75.6,101.2,138,37.8,37.8,37.8,137,37.8,139,50.5,50.7,37.8 / 137,37.8 / 139
4036,TX,1,M,72,73.4,98.5,135,36.9,36.5,36.9,132,36.5,138,49.2,49.3,36.9 / 132,36.5 / 138
4036,TX,2,M,72,71.5,95.9,131,36.2,35.3,36.2,132,35.3,130,48.5,47.4,36.2 / 132,35.3 / 130
4036,TX,3,M,72,68.2,91.6,126,34.8,33.4,34.8,128,33.4,124,46.7,44.9,34.8 / 128,33.4 / 124
4446,TX,White/Blue,M,72,68.8,90.5,117,34.2,34.6,34.2,114,34.6,119,44.8,45.7,34.2 / 114,34.6 / 119
4446,TX,Gold / White,M,72,67.8,89.3,116,33.6,34.2,33.6,117,34.2,114,44.5,44.8,33.6 / 117,34.2 / 114
4446,TX,Gold/Gold,M,72,67.2,89.0,115,33.6,33.6,33.6,115,33.6,115,44.3,44.3,33.6 / 115,33.6 / 115
4446,TX,Red / Red,M,72,63.2,81.5,100,31.6,31.6,31.6,98,31.6,99,40.7,40.8,31.6 / 98,31.6 / 99
4446,TX,White / Blue,F,72,74.2,105.2,130,36.9,37.3,36.9,129,37.3,134,52.1,53.1,36.9 / 129,37.3 / 134
4446,TX,Gold / White,F,72,72.9,102.7,127,36.0,36.9,36.0,124,36.9,129,50.6,52.1,36.0 / 124,36.9 / 129
4446,TX,Gold/Gold,F,72,72.0,101.2,124,36.0,36.0,36.0,124,36.0,124,50.6,50.6,36.0 / 124,36.0 / 124
4446,TX,Red / Red,F,72,66.6,92.5,110,33.3,33.3,33.3,109,33.3,110,46.2,46.3,33.3 / 109,33.3 / 110
4020,TX,Black,M,71,74.2,100.2,140,36.4,37.8,36.4,140,37.8,140,49.4,50.8,36.4 / 140,37.8 / 140
4020,TX,Blue,M,71,72.5,97.9,137,35.5,37.0,35.5,135,37.0,139,48.0,49.9,35.5 / 135,37.0 / 139
4020,TX,White,M,71,70.5,94.7,131,34.8,35.7,34.8,125,35.7,136,46.4,48.3,34.8 / 125,35.7 / 136
4020,TX,Gold,M,71,67.9,90.8,123,33.7,34.2,33.7,117,34.2,129,44.6,46.2,33.7 / 117,34.2 / 129
4020,TX,Red,M,71,65.3,87.1,118,32.4,32.9,32.4,112,32.9,123,42.8,44.3,32.4 / 112,32.9 / 123
4020,TX,Black,F,71,81.8,120.0,155,40.0,41.8,40.0,155,41.8,155,58.4,61.6,40.0 / 155,41.8 / 155
4020,TX,Blue,F,71,79.2,115.8,152,38.6,40.6,38.6,148,40.6,155,56.1,59.7,38.6 / 148,40.6 / 155
4020,TX,White,F,71,76.6,111.1,146,37.7,38.9,37.7,144,38.9,148,54.7,56.4,37.7 / 144,38.9 / 148
4020,TX,Gold,F,71,74.2,107.2,140,36.3,37.9,36.3,138,37.9,142,52.6,54.6,36.3 / 138,37.9 / 142
4020,TX,Red,F,71,70.8,101.2,129,35.0,35.8,35.0,126,35.8,132,49.8,51.4,35.0 / 126,35.8 / 132
4019,TX,Black,M,72,74.7,101.0,142,37.3,37.4,37.3,141,37.4,142,50.4,50.6,37.3 / 141,37.4 / 142
4019,TX,Blue,M,72,73.0,97.6,133,36.7,36.3,36.7,136,36.3,129,49.3,48.3,36.7 / 136,36.3 / 129
4019,TX,White,M,72,71.2,95.8,132,36.0,35.2,36.0,133,35.2,131,48.4,47.4,36.0 / 133,35.2 / 131
4019,TX,Gold,M,72,68.3,91.5,125,34.5,33.8,34.5,125,33.8,125,46.1,45.4,34.5 / 125,33.8 / 125
4019,TX,Red,M,72,65.4,87.1,117,33.4,32.0,33.4,118,32.0,115,44.4,42.7,33.4 / 118,32.0 / 115
4019,TX,Black,F,72,82.5,122.2,155,41.1,41.4,41.1,155,41.4,155,60.3,61.9,41.1 / 155,41.4 / 155
4019,TX,Blue,F,72,80.5,119.4,155,40.3,40.2,40.3,155,40.2,155,59.7,59.7,40.3 / 155,40.2 / 155
4019,TX,White,F,72,77.8,114.3,153,39.0,38.8,39.0,155,38.8,151,57.7,56.6,39.0 / 155,38.8 / 151
4019,TX,Gold,F,72,74.7,107.7,140,37.6,37.1,37.6,143,37.1,137,54.5,53.2,37.6 / 143,37.1 / 137
4019,TX,Red,F,72,71.3,101.2,127,36.3,35.0,36.3,124,35.0,130,50.9,50.3,36.3 / 124,35.0 / 130
4054,TX,Black,M,72,75.5,101.8,142,37.7,37.8,37.7,143,37.8,140,51.0,50.8,37.7 / 143,37.8 / 140
4054,TX,Gold,M,72,73.3,98.8,138,36.6,36.7,36.6,139,36.7,136,49.5,49.3,36.6 / 139,36.7 / 136
4054,TX,Blue,M,72,70.8,95.6,134,35.4,35.4,35.4,137,35.4,130,48.1,47.5,35.4 / 137,35.4 / 130
4054,TX,White,M,72,68.3,92.1,128,34.2,34.1,34.2,129,34.1,127,46.2,45.9,34.2 / 129,34.1 / 127
4054,TX,Silver,M,72,65.6,88.7,125,33.0,32.6,33.0,126,32.6,123,44.7,44.0,33.0 / 126,32.6 / 123
4054,TX,White,F,72,73.9,104.4,130,37.0,36.9,37.0,134,36.9,125,52.8,51.6,37.0 / 134,36.9 / 125
4054,TX,Silver,F,72,70.6,100.7,128,35.6,35.0,35.6,130,35.0,126,50.9,49.8,35.6 / 130,35.0 / 126
4054,TX,Red,F,72,70.0,99.5,125,35.3,34.7,35.3,127,34.7,123,50.3,49.2,35.3 / 127,34.7 / 123
4129,TX,Blue,M,70,72.0,95.3,125,36.5,35.5,36.5,124,35.5,125,48.1,47.2,36.5 / 124,35.5 / 125
4129,TX,White,M,70,69.4,92.0,122,35.2,34.2,35.2,123,34.2,121,46.6,45.4,35.2 / 123,34.2 / 121
4129,TX,Yellow,M,70,67.4,89.2,118,34.1,33.3,34.1,119,33.3,116,45.1,44.1,34.1 / 119,33.3 / 116
4129,TX,Red,M,70,65.9,87.6,117,33.1,32.8,33.1,116,32.8,117,43.9,43.7,33.1 / 116,32.8 / 117
4129,TX,White,F,71,75.6,106.6,132,38.5,37.1,38.5,132,37.1,131,54.1,52.5,38.5 / 132,37.1 / 131
4129,TX,Yellow,F,71,73.2,103.1,127,37.1,36.1,37.1,127,36.1,126,52.1,51.0,37.1 / 127,36.1 / 126
4129,TX,Red,F,71,71.5,100.4,123,35.9,35.6,35.9,121,35.6,124,50.2,50.2,35.9 / 121,35.6 / 124
4657,TX,Gold,M,72,74.1,99.0,134,37.2,36.9,37.2,136,36.9,132,49.8,49.2,37.2 / 136,36.9 / 132
4657,TX,Blue,M,72,72.5,97.2,133,36.3,36.2,36.3,136,36.2,130,48.9,48.3,36.3 / 136,36.2 / 130
4657,TX,White,M,72,69.3,91.9,122,34.7,34.6,34.7,125,34.6,118,46.3,45.6,34.7 / 125,34.6 / 118
4657,TX,Red,M,72,67.4,89.9,121,33.6,33.8,33.6,117,33.8,125,44.5,45.4,33.6 / 117,33.8 / 125
4657,TX,Blue,F,72,79.0,112.1,141,39.4,39.6,39.4,139,39.6,142,55.8,56.3,39.4 / 139,39.6 / 142
4657,TX,White,F,72,75.1,105.7,130,37.5,37.6,37.5,131,37.6,129,52.9,52.8,37.5 / 131,37.6 / 129
4657,TX,Red,F,74,72.8,102.4,126,36.4,36.4,36.4,125,36.4,126,51.1,51.3,36.4 / 125,36.4 / 126
4331,TX,Blue,M,72,74.1,97.2,124,36.5,37.6,36.5,129,37.6,119,48.5,48.7,36.5 / 129,37.6 / 119
4331,TX,White,M,72,72.4,94.6,120,35.7,36.7,35.7,123,36.7,116,47.1,47.5,35.7 / 123,36.7 / 116
4331,TX,Gold,M,72,68.3,90.0,117,33.7,34.6,33.7,111,34.6,123,44.0,46.0,33.7 / 111,34.6 / 123
4331,TX,Red,M,72,66.4,87.2,112,32.8,33.6,32.8,107,33.6,117,42.7,44.5,32.8 / 107,33.6 / 117
4331,TX,Gold,F,72,73.4,102.9,125,36.2,37.2,36.2,124,37.2,126,50.8,52.1,36.2 / 124,37.2 / 126
4331,TX,Red,F,72,71.1,99.1,119,35.1,36.0,35.1,123,36.0,114,49.6,49.5,35.1 / 123,36.0 / 114
36081,TX,Black,M,36,35.6,48.1,135,35.6,,35.6,135,,,48.1,,35.6 / 135,/
36081,TX,Blue,M,36,34.0,45.8,127,34.0,,34.0,127,,,45.8,,34.0 / 127,/
36081,TX,Gray,M,36,32.0,41.9,107,32.0,,32.0,107,,,41.9,,32.0 / 107,/
36081,TX,White,M,36,30.8,40.3,102,30.8,,30.8,102,,,40.3,,30.8 / 102,/
36081,TX,Black,F,36,38.4,55.1,142,38.4,,38.4,142,,,55.1,,38.4 / 142,/
36081,TX,Blue,F,36,36.4,52.2,134,36.4,,36.4,134,,,52.2,,36.4 / 134,/
36081,TX,Gray,F,36,34.5,49.4,126,34.5,,34.5,126,,,49.4,,34.5 / 126,/
36081,TX,White,F,36,32.9,46.9,119,32.9,,32.9,119,,,46.9,,32.9 / 119,/
4125,TX,Black,M,71,74.1,98.0,129,36.3,37.8,36.3,125,37.8,132,47.9,50.1,36.3 / 125,37.8 / 132
4125,TX,Blue,M,71,71.9,95.1,125,35.2,36.7,35.2,119,36.7,130,46.3,48.8,35.2 / 119,36.7 / 130
4125,TX,White,M,71,68.3,90.9,122,33.2,35.1,33.2,115,35.1,128,43.9,47.0,33.2 / 115,35.1 / 128
4125,TX,Red,M,71,64.0,83.5,105,31.4,32.6,31.4,103,32.6,107,41.0,42.5,31.4 / 103,32.6 / 107
4125,TX,Black,F,71,81.1,114.7,143,39.9,41.2,39.9,137,41.2,148,56.0,58.7,39.9 / 137,41.2 / 148
4125,TX,Blue,F,71,78.3,110.5,137,38.3,40.0,38.3,130,40.0,143,53.6,56.9,38.3 / 130,40.0 / 143
4125,TX,White,F,71,74.6,105.3,131,36.2,38.4,36.2,124,38.4,137,50.8,54.5,36.2 / 124,38.4 / 137
4125,TX,Red,F,71,68.9,96.6,118,33.9,35.0,33.9,113,35.0,122,47.2,49.4,33.9 / 113,35.0 / 122
14312,TX,Black,M,71,73.4,98.0,133,36.6,36.8,36.6,128,36.8,137,48.5,49.5,36.6 / 128,36.8 / 137
14312,TX,Blue,M,71,71.3,95.1,128,35.4,35.9,35.4,124,35.9,132,46.9,48.2,35.4 / 124,35.9 / 132
14312,TX,White,M,71,69.8,93.0,125,34.8,35.0,34.8,122,35.0,128,46.1,46.9,34.8 / 122,35.0 / 128
14312,TX,Red,M,71,66.7,88.9,120,33.6,33.1,33.6,121,33.1,118,44.8,44.1,33.6 / 121,33.1 / 118
14312,TX,Gold,M,71,64.6,85.8,114,32.6,32.0,32.6,116,32.0,112,43.4,42.4,32.6 / 116,32.0 / 112
14312,TX,Black,F,71,79.6,113.4,144,39.8,39.8,39.8,139,39.8,148,56.2,57.2,39.8 / 139,39.8 / 148
14312,TX,Blue,F,71,77.2,110.0,139,38.4,38.8,38.4,135,38.8,143,54.3,55.7,38.4 / 135,38.8 / 143
14312,TX,White,F,71,75.5,106.9,133,37.7,37.8,37.7,131,37.8,135,53.2,53.7,37.7 / 131,37.8 / 135
14312,TX,Red,F,71,71.9,102.5,130,36.2,35.7,36.2,126,35.7,133,51.1,51.4,36.2 / 126,35.7 / 133
14312,TX,Gold,F,71,68.9,98.4,125,34.8,34.1,34.8,121,34.1,129,49.1,49.3,34.8 / 121,34.1 / 129
34570,TX,White/Blue,M,72,67.5,87.2,106,33.5,34.0,33.5,104,34.0,108,43.2,44.0,33.5 / 104,34.0 / 108
34570,TX,Gold,M,72,63.2,79.8,89,31.6,31.6,31.6,89,31.6,89,39.9,39.9,31.6 / 89,31.6 / 89
34570,TX,Red,M,72,62.8,79.4,89,31.4,31.4,31.4,89,31.4,89,39.7,39.7,31.4 / 89,31.4 / 89
34570,TX,White/Blue,F,72,73.6,100.0,112,36.5,37.1,36.5,110,37.1,114,49.5,50.5,36.5 / 110,37.1 / 114
34570,TX,Gold,F,72,67.0,91.2,103,33.5,33.5,33.5,103,33.5,103,45.6,45.6,33.5 / 103,33.5 / 103
34570,TX,Red,F,72,66.6,90.8,103,33.3,33.3,33.3,103,33.3,103,45.4,45.4,33.3 / 103,33.3 / 103
4013,TX,Blue,M,72,73.8,98.4,133,36.5,37.3,36.5,124,37.3,141,48.0,50.4,36.5 / 124,37.3 / 141
4013,TX,White,M,72,72.0,96.2,131,35.5,36.5,35.5,124,36.5,137,47.0,49.2,35.5 / 124,36.5 / 137
4013,TX,Gold,M,72,67.0,89.6,122,32.5,34.5,32.5,118,34.5,125,43.5,46.1,32.5 / 118,34.5 / 125
4013,TX,Red,M,72,65.3,87.1,118,32.0,33.3,32.0,114,33.3,121,42.6,44.5,32.0 / 114,33.3 / 121
4013,TX,White,F,74,75.8,106.5,130,37.1,38.7,37.1,127,38.7,133,52.1,54.4,37.1 / 127,38.7 / 133
4013,TX,Gold,F,72,72.5,100.8,120,35.1,37.4,35.1,114,37.4,126,48.5,52.3,35.1 / 114,37.4 / 126
4013,TX,Red,F,72,70.9,98.6,118,34.5,36.4,34.5,112,36.4,123,47.7,50.9,34.5 / 112,36.4 / 123
34596,TX,I,M,72,75.5,101.9,142,38.3,37.2,38.3,141,37.2,143,51.4,50.5,38.3 / 141,37.2 / 143
34596,TX,II,M,72,72.4,98.0,138,36.4,36.0,36.4,142,36.0,133,49.6,48.4,36.4 / 142,36.0 / 133
34596,TX,III,M,72,69.5,93.8,131,35.3,34.2,35.3,135,34.2,127,47.8,46.0,35.3 / 135,34.2 / 127
34596,TX,IV,M,72,66.0,88.3,120,33.6,32.4,33.6,123,32.4,117,45.0,43.3,33.6 / 123,32.4 / 117
34596,TX,I,F,72,82.9,120.1,155,42.3,40.6,42.3,155,40.6,155,60.9,59.2,42.3 / 155,40.6 / 155
34596,TX,II,F,72,79.1,115.5,154,40.1,39.0,40.1,153,39.0,155,58.1,57.4,40.1 / 153,39.0 / 155
34596,TX,III,F,72,75.4,110.1,148,38.3,37.1,38.3,148,37.1,147,55.7,54.4,38.3 / 148,37.1 / 147
34596,TX,IV,F,72,71.3,101.5,128,36.1,35.2,36.1,131,35.2,125,51.6,49.9,36.1 / 131,35.2 / 125
4133,TX,Blue,M,72,74.9,101.5,144,37.5,37.4,37.5,136,37.4,151,50.1,51.4,37.5 / 136,37.4 / 151
4133,TX,White,M,72,72.5,97.7,136,36.0,36.5,36.0,131,36.5,140,48.2,49.5,36.0 / 131,36.5 / 140
4133,TX,Yellow,M,72,69.4,92.6,125,34.6,34.8,34.6,121,34.8,129,45.8,46.8,34.6 / 121,34.8 / 129
4133,TX,Red,M,72,68.0,90.5,121,33.9,34.1,33.9,116,34.1,126,44.7,45.8,33.9 / 116,34.1 / 126
4133,TX,Yellow,F,73,74.2,105.8,134,37.1,37.1,37.1,131,37.1,137,52.5,53.3,37.1 / 131,37.1 / 137
4133,TX,Red,F,73,72.7,103.1,129,36.2,36.5,36.2,125,36.5,133,50.9,52.2,36.2 / 125,36.5 / 133
20649,TX,Blue,M,72,71.4,93.9,122,35.5,35.9,35.5,122,35.9,121,46.8,47.1,35.5 / 122,35.9 / 121
20649,TX,White,M,72,69.3,90.7,115,34.5,34.8,34.5,114,34.8,116,45.1,45.6,34.5 / 114,34.8 / 116
20649,TX,Gold,M,72,64.8,84.4,106,32.3,32.5,32.3,102,32.5,109,41.8,42.6,32.3 / 102,32.5 / 109
20649,TX,Red,M,72,63.6,82.6,102,31.9,31.7,31.9,101,31.7,103,41.3,41.3,31.9 / 101,31.7 / 103
20649,TX,Blue,F,72,78.1,110.0,135,38.8,39.3,38.8,131,39.3,139,54.3,55.7,38.8 / 131,39.3 / 139
20649,TX,White,F,72,75.8,106.7,131,37.7,38.1,37.7,128,38.1,134,52.8,53.9,37.7 / 128,38.1 / 134
20649,TX,Gold,F,72,69.7,97.3,117,34.6,35.1,34.6,117,35.1,117,48.4,48.9,34.6 / 117,35.1 / 117
20649,TX,Red,F,72,68.4,95.1,113,34.2,34.2,34.2,115,34.2,111,47.8,47.3,34.2 / 115,34.2 / 111
23710,TX,Blue,M,72,71.9,93.2,115,35.8,36.1,35.8,110,36.1,119,46.0,47.2,35.8 / 110,36.1 / 119
23710,TX,White,M,72,68.8,88.1,104,34.3,34.5,34.3,103,34.5,104,43.9,44.2,34.3 / 103,34.5 / 104
23710,TX,Red,M,72,65.6,84.3,101,32.6,33.0,32.6,102,33.0,100,42.1,42.2,32.6 / 102,33.0 / 100
23710,TX,Yellow,M,72,65.1,83.8,99,32.4,32.7,32.4,102,32.7,99,41.9,41.9,32.4 / 102,32.7 / 99
23710,TX,Blue,F,72,78.3,109.4,132,38.9,39.4,38.9,130,39.4,134,54.2,55.2,38.9 / 130,39.4 / 134
23710,TX,White,F,72,74.8,104.1,124,37.3,37.5,37.3,122,37.5,126,51.7,52.4,37.3 / 122,37.5 / 126
23710,TX,Red,F,72,71.3,98.8,117,35.4,35.9,35.4,114,35.9,119,48.9,49.9,35.4 / 114,35.9 / 119
23710,TX,Yellow,F,72,70.7,97.9,115,35.2,35.5,35.2,114,35.5,117,48.6,49.3,35.2 / 114,35.5 / 117
4226,TX,Copper,M,72,74.5,100.0,138,36.8,37.7,36.8,136,37.7,139,49.4,50.6,36.8 / 136,37.7 / 139
4226,TX,Blue,M,72,72.2,96.8,132,35.8,36.4,35.8,131,36.4,133,48.0,48.8,35.8 / 131,36.4 / 133
4226,TX,White,M,72,70.6,94.6,129,35.0,35.6,35.0,127,35.6,131,46.8,47.8,35.0 / 127,35.6 / 131
4226,TX,Silver,M,72,66.8,88.3,116,33.3,33.5,33.3,115,33.5,116,44.0,44.3,33.3 / 115,33.5 / 116
4226,TX,White,F,72,76.0,107.4,133,37.7,38.3,37.7,133,38.3,133,53.4,54.0,37.7 / 133,38.3 / 133
4226,TX,Silver,F,72,71.5,100.7,124,35.5,36.0,35.5,124,36.0,124,50.1,50.6,35.5 / 124,36.0 / 124
4378,TX,Tee I,M,70,73.7,97.9,135,36.5,37.2,36.5,135,37.2,132,49.0,49.5,36.5 / 135,37.2 / 132
4378,TX,Tee II,M,70,71.3,96.0,133,35.5,35.8,35.5,137,35.8,129,48.2,47.8,35.5 / 137,35.8 / 129
4378,TX,Tee III,M,70,70.0,93.5,127,34.9,35.1,34.9,130,35.1,123,47.0,46.5,34.9 / 130,35.1 / 123
4378,TX,Tee IV,M,70,67.5,88.9,115,33.3,34.2,33.3,111,34.2,119,43.6,45.3,33.3 / 111,34.2 / 119
4378,TX,Tee V,M,70,65.2,85.8,111,32.2,33.0,32.2,107,33.0,115,42.1,43.7,32.2 / 107,33.0 / 115
4378,TX,Tee VI,M,70,64.1,84.1,108,31.7,32.4,31.7,103,32.4,112,41.3,42.8,31.7 / 103,32.4 / 112
4378,TX,Tee I,F,70,80.1,114.6,147,39.6,40.5,39.6,148,40.5,145,57.0,57.6,39.6 / 148,40.5 / 145
4378,TX,Tee II,F,70,78.3,111.8,142,39.0,39.3,39.0,145,39.3,139,56.1,55.7,39.0 / 145,39.3 / 139
4378,TX,Tee III,F,70,76.4,108.3,135,38.1,38.3,38.1,137,38.3,133,54.3,54.0,38.1 / 137,38.3 / 133
4378,TX,Tee IV,F,72,73.6,102.7,124,36.1,37.5,36.1,126,37.5,121,50.9,51.8,36.1 / 126,37.5 / 121
4378,TX,Tee V,F,72,70.9,98.6,118,34.8,36.1,34.8,120,36.1,115,48.9,49.7,34.8 / 120,36.1 / 115
4378,TX,Tee VI,F,72,69.2,96.1,114,33.9,35.3,33.9,115,35.3,113,47.5,48.6,33.9 / 115,35.3 / 113
4263,TX,Blue,M,71,72.2,97.8,138,36.5,35.7,36.5,141,35.7,135,49.6,48.2,36.5 / 141,35.7 / 135
4263,TX,Blue / White Combo,M,71,71.4,97.0,138,36.2,35.2,36.2,139,35.2,137,49.1,47.9,36.2 / 139,35.2 / 137
4263,TX,White,M,71,70.5,95.8,132,35.7,34.8,35.7,131,34.8,132,47.9,47.1,35.7 / 131,34.8 / 132
4263,TX,White/Red,M,71,68.9,93.7,131,34.8,34.1,34.8,132,34.1,132,47.2,46.4,34.8 / 132,34.1 / 132
4263,TX,Red,M,71,67.7,90.8,125,34.1,33.6,34.1,126,33.6,123,45.8,45.0,34.1 / 126,33.6 / 123
4263,TX,Gold,M,71,64.5,86.8,120,32.6,31.9,32.6,121,31.9,119,43.8,43.0,32.6 / 121,31.9 / 119
4263,TX,Blue,F,72,78.5,112.0,143,39.6,38.9,39.6,148,38.9,137,57.0,55.0,39.6 / 148,38.9 / 137
4263,TX,Blue / White Combo,F,72,77.5,110.6,141,39.2,38.3,39.2,146,38.3,135,56.4,54.2,39.2 / 146,38.3 / 135
4263,TX,White,F,72,76.4,109.0,138,38.6,37.8,38.6,143,37.8,133,55.5,53.5,38.6 / 143,37.8 / 133
4263,TX,White/Red,F,72,74.7,106.5,135,37.6,37.1,37.6,140,37.1,130,54.1,52.4,37.6 / 140,37.1 / 130
4263,TX,Red,F,72,73.3,104.2,132,37.0,36.3,37.0,137,36.3,126,53.1,51.1,37.0 / 137,36.3 / 126
4263,TX,Gold,F,72,69.4,98.1,122,35.1,34.3,35.1,127,34.3,116,50.1,48.0,35.1 / 127,34.3 / 116
4264,TX,Squirrel,M,72,75.8,101.1,136,38.0,37.8,38.0,142,37.8,130,51.2,49.9,38.0 / 142,37.8 / 130
4264,TX,Black,M,72,75.6,101.8,141,37.7,37.9,37.7,139,37.9,143,50.6,51.2,37.7 / 139,37.9 / 143
4264,TX,Blue,M,72,74.2,99.6,137,37.0,37.2,37.0,135,37.2,139,49.5,50.1,37.0 / 135,37.2 / 139
4264,TX,II,M,72,73.9,98.7,134,37.1,36.8,37.1,135,36.8,132,49.6,49.1,37.1 / 135,36.8 / 132
4264,TX,Blue / White Combo,M,72,73.3,100.1,135,36.4,36.9,36.4,134,36.9,137,48.9,49.7,36.4 / 134,36.9 / 137
4264,TX,White,M,72,72.7,97.5,134,36.2,36.5,36.2,130,36.5,137,48.3,49.2,36.2 / 130,36.5 / 137
4264,TX,III,M,72,72.0,95.7,128,36.2,35.8,36.2,129,35.8,126,48.2,47.5,36.2 / 129,35.8 / 126
4264,TX,White / Green,M,72,70.9,96.4,132,35.2,35.7,35.2,131,35.7,136,47.5,48.4,35.2 / 131,35.7 / 136
4264,TX,IV,M,72,69.7,92.7,124,34.7,35.0,34.7,127,35.0,121,46.5,46.2,34.7 / 127,35.0 / 121
4264,TX,Green,M,72,68.6,92.3,128,34.5,34.1,34.5,128,34.1,127,46.4,45.9,34.5 / 128,34.1 / 127
4264,TX,V,M,72,66.7,89.1,121,33.2,33.5,33.2,122,33.5,119,44.5,44.6,33.2 / 122,33.5 / 119
4264,TX,Squirrel,F,72,82.9,119.6,153,41.6,41.3,41.6,155,41.3,151,60.5,59.1,41.6 / 155,41.3 / 151
4264,TX,Black,F,72,82.7,117.5,148,41.2,41.5,41.2,144,41.5,151,58.2,59.3,41.2 / 144,41.5 / 151
4264,TX,II,F,72,81.1,116.9,151,40.8,40.3,40.8,155,40.3,147,59.3,57.6,40.8 / 155,40.3 / 147
4264,TX,Blue,F,72,80.9,115.4,147,40.3,40.6,40.3,140,40.6,153,56.8,58.6,40.3 / 140,40.6 / 153
4264,TX,Blue/White,F,72,79.5,113.7,145,39.5,40.0,39.5,138,40.0,152,55.8,57.9,39.5 / 138,40.0 / 152
4264,TX,White,F,72,78.6,112.2,143,39.2,39.4,39.2,138,39.4,147,55.5,56.7,39.2 / 138,39.4 / 147
4264,TX,III,F,72,78.6,113.2,147,39.5,39.1,39.5,151,39.1,142,57.3,55.9,39.5 / 151,39.1 / 142
4264,TX,White/Green,F,72,76.5,108.7,137,38.0,38.5,38.0,132,38.5,141,53.6,55.1,38.0 / 132,38.5 / 141
4264,TX,IV,F,72,75.2,107.2,136,37.5,37.7,37.5,136,37.7,136,53.5,53.7,37.5 / 136,37.7 / 136
4264,TX,Green,F,72,73.3,103.5,128,36.9,36.4,36.9,126,36.4,130,51.8,51.7,36.9 / 126,36.4 / 130
4264,TX,V,F,72,72.5,101.3,123,36.1,36.4,36.1,126,36.4,119,50.9,50.4,36.1 / 126,36.4 / 119
4557,TX,Gold,M,72,73.3,97.7,131,36.5,36.8,36.5,130,36.8,132,48.6,49.1,36.5 / 130,36.8 / 132
4557,TX,Blue,M,72,70.5,93.9,126,35.1,35.4,35.1,126,35.4,126,46.8,47.1,35.1 / 126,35.4 / 126
4557,TX,White,M,72,67.6,89.7,119,33.8,33.8,33.8,115,33.8,123,44.5,45.2,33.8 / 115,33.8 / 123
4557,TX,Red,M,72,64.7,85.5,112,32.5,32.2,32.5,111,32.2,113,42.8,42.7,32.5 / 111,32.2 / 113
4557,TX,Gold,F,72,78.7,111.3,139,39.0,39.7,39.0,136,39.7,141,55.0,56.3,39.0 / 136,39.7 / 141
4557,TX,Blue,F,72,75.6,106.8,133,37.4,38.2,37.4,130,38.2,135,52.7,54.1,37.4 / 130,38.2 / 135
4557,TX,White,F,72,72.6,102.3,126,36.1,36.5,36.1,124,36.5,128,50.7,51.6,36.1 / 124,36.5 / 128
4557,TX,Red,F,72,69.1,96.8,118,34.7,34.4,34.7,119,34.4,116,48.7,48.1,34.7 / 119,34.4 / 116
4277,TX,Black,M,72,73.1,96.9,128,36.6,36.5,36.6,127,36.5,129,48.4,48.5,36.6 / 127,36.5 / 129
4277,TX,White,M,72,71.5,93.8,120,35.5,36.0,35.5,119,36.0,121,46.6,47.2,35.5 / 119,36.0 / 121
4277,TX,Copper,M,72,68.0,88.5,111,33.9,34.1,33.9,109,34.1,112,44.0,44.5,33.9 / 109,34.1 / 112
4277,TX,Red,M,72,65.1,84.8,106,32.6,32.5,32.6,103,32.5,109,42.2,42.6,32.6 / 103,32.5 / 109
4277,TX,Copper,F,72,73.9,103.2,124,36.8,37.1,36.8,126,37.1,122,51.7,51.5,36.8 / 126,37.1 / 122
4277,TX,Red,F,72,70.4,98.1,117,35.2,35.2,35.2,120,35.2,114,49.4,48.7,35.2 / 120,35.2 / 114
4072,TX,Gold,M,72,71.8,94.7,123,35.8,36.0,35.8,127,36.0,119,47.6,47.1,35.8 / 127,36.0 / 119
4072,TX,Blue,M,72,69.4,91.2,118,34.3,35.1,34.3,121,35.1,114,45.5,45.7,34.3 / 121,35.1 / 114
4072,TX,White,M,72,66.3,87.3,113,32.8,33.5,32.8,113,33.5,113,43.3,44.0,32.8 / 113,33.5 / 113
4072,TX,Red,M,72,64.0,84.0,108,31.4,32.6,31.4,107,32.6,109,41.3,42.7,31.4 / 107,32.6 / 109
4072,TX,White,F,72,71.3,99.7,120,35.2,36.1,35.2,120,36.1,120,49.4,50.3,35.2 / 120,36.1 / 120
4072,TX,Red,F,72,68.0,94.2,111,33.1,34.9,33.1,109,34.9,113,46.0,48.2,33.1 / 109,34.9 / 113
4046,TX,Black,M,71,72.1,94.4,120,35.5,36.6,35.5,114,36.6,126,46.1,48.3,35.5 / 114,36.6 / 126
4046,TX,Blue,M,71,70.2,91.8,117,34.4,35.8,34.4,111,35.8,122,44.7,47.1,34.4 / 111,35.8 / 122
4046,TX,White,M,71,67.3,87.7,110,32.9,34.4,32.9,108,34.4,112,42.9,44.8,32.9 / 108,34.4 / 112
4046,TX,Green,M,71,64.2,83.5,104,31.6,32.6,31.6,103,32.6,104,41.2,42.3,31.6 / 103,32.6 / 104
4046,TX,White,F,71,72.8,102.4,126,35.6,37.2,35.6,119,37.2,132,49.6,52.8,35.6 / 119,37.2 / 132
4046,TX,Green,F,71,69.0,95.7,114,34.0,35.0,34.0,108,35.0,119,46.7,49.0,34.0 / 108,35.0 / 119
4149,TX,Black,M,70,72.1,97.5,137,36.4,35.7,36.4,139,35.7,135,49.3,48.2,36.4 / 139,35.7 / 135
4149,TX,Blue,M,70,70.3,95.2,134,35.6,34.7,35.6,136,34.7,132,48.2,47.0,35.6 / 136,34.7 / 132
4149,TX,Blue/White Combo,M,70,68.9,93.3,132,34.8,34.1,34.8,135,34.1,128,47.3,46.0,34.8 / 135,34.1 / 128
4149,TX,White,M,70,68.1,91.8,128,34.6,33.5,34.6,129,33.5,126,46.6,45.2,34.6 / 129,33.5 / 126
4149,TX,Gold,M,70,65.4,88.2,123,32.9,32.5,32.9,125,32.5,121,44.5,43.7,32.9 / 125,32.5 / 121
4149,TX,Blue,F,70,76.3,107.5,132,38.6,37.7,38.6,137,37.7,127,54.8,52.7,38.6 / 137,37.7 / 127
4149,TX,White,F,70,73.8,104.0,128,37.3,36.5,37.3,132,36.5,124,52.9,51.1,37.3 / 132,36.5 / 124
4149,TX,Gold,F,70,71.0,100.0,123,35.7,35.3,35.7,126,35.3,120,50.6,49.4,35.7 / 126,35.3 / 120
3995,TX,Black,M,72,73.3,98.6,137,36.4,36.9,36.4,135,36.9,138,48.9,49.7,36.4 / 135,36.9 / 138
3995,TX,Black/Gold Combo,M,72,72.4,97.5,135,36.0,36.4,36.0,133,36.4,137,48.4,49.1,36.0 / 133,36.4 / 137
3995,TX,Gold,M,72,71.5,96.3,134,35.4,36.1,35.4,132,36.1,135,47.7,48.6,35.4 / 132,36.1 / 135
3995,TX,Gold/Blue Combo,M,72,70.6,95.1,132,35.1,35.5,35.1,129,35.5,135,47.1,48.0,35.1 / 129,35.5 / 135
3995,TX,Blue,M,72,69.7,93.8,130,34.6,35.1,34.6,126,35.1,133,46.3,47.5,34.6 / 126,35.1 / 133
3995,TX,Green,M,72,68.6,92.2,127,34.1,34.5,34.1,124,34.5,130,45.6,46.6,34.1 / 124,34.5 / 130
3995,TX,Red,M,72,66.3,88.9,122,33.1,33.2,33.1,119,33.2,124,44.2,44.7,33.1 / 119,33.2 / 124
3995,TX,Blue,F,72,74.8,106.8,136,37.1,37.7,37.1,139,37.7,132,53.5,53.3,37.1 / 139,37.7 / 132
3995,TX,Green,F,72,73.4,104.7,133,36.6,36.8,36.6,137,36.8,129,52.7,52.0,36.6 / 137,36.8 / 129
3995,TX,Red,F,72,70.5,100.4,127,35.1,35.4,35.1,130,35.4,124,50.4,50.0,35.1 / 130,35.4 / 124
4558,TX,Black,M,70,69.8,93.3,127,35.1,34.7,35.1,127,34.7,126,46.9,46.4,35.1 / 127,34.7 / 126
4558,TX,White,M,70,68.2,90.6,121,34.2,34.0,34.2,117,34.0,124,45.1,45.5,34.2 / 117,34.0 / 124
4558,TX,Silver,M,70,64.7,85.7,113,33.3,31.4,33.3,116,31.4,110,44.1,41.6,33.3 / 116,31.4 / 110
4558,TX,Maroon,M,70,63.9,84.9,113,32.7,31.2,32.7,117,31.2,109,43.6,41.3,32.7 / 117,31.2 / 109
4558,TX,Black,F,70,75.3,107.1,135,37.9,37.4,37.9,136,37.4,134,53.9,53.2,37.9 / 136,37.4 / 134
4558,TX,White,F,70,73.3,103.4,128,36.7,36.6,36.7,126,36.6,130,51.5,51.9,36.7 / 126,36.6 / 130
4558,TX,Silver,F,70,69.1,96.8,118,35.7,33.4,35.7,121,33.4,114,50.0,46.8,35.7 / 121,33.4 / 114
4558,TX,Maroon,F,70,68.2,95.8,117,35.0,33.2,35.0,122,33.2,112,49.4,46.4,35.0 / 122,33.2 / 112
4050,TX,Tips,M,72,74.9,100.3,137,36.7,38.2,36.7,132,38.2,141,49.0,51.3,36.7 / 132,38.2 / 141
4050,TX,Black,M,72,74.4,99.5,135,36.6,37.8,36.6,131,37.8,139,48.8,50.7,36.6 / 131,37.8 / 139
4050,TX,Blue,M,72,72.6,98.0,133,35.7,36.9,35.7,130,36.9,136,47.8,49.5,35.7 / 130,36.9 / 136
4050,TX,Blue/White,M,72,71.5,96.2,132,35.3,36.2,35.3,130,36.2,135,47.4,48.8,35.3 / 130,36.2 / 135
4050,TX,White,M,72,70.5,94.3,128,34.8,35.7,34.8,126,35.7,130,46.5,47.8,34.8 / 126,35.7 / 130
4050,TX,Yellow,M,72,67.4,89.7,120,33.0,34.4,33.0,118,34.4,122,44.0,45.7,33.0 / 118,34.4 / 122
4050,TX,Yellow/Red,M,72,66.0,87.9,118,32.5,33.5,32.5,116,33.5,119,43.3,44.6,32.5 / 116,33.5 / 119
4050,TX,Red,M,72,64.8,86.0,114,31.8,33.0,31.8,114,33.0,114,42.4,43.6,31.8 / 114,33.0 / 114
4050,TX,Tips,F,72,81.2,115.4,145,39.6,41.6,39.6,138,41.6,152,55.9,59.5,39.6 / 138,41.6 / 152
4050,TX,Black,F,72,80.6,114.2,143,39.5,41.1,39.5,136,41.1,149,55.5,58.7,39.5 / 136,41.1 / 149
4050,TX,Blue,F,72,78.5,111.2,139,38.5,40.0,38.5,132,40.0,145,54.1,57.1,38.5 / 132,40.0 / 145
4050,TX,Blue/White,F,72,77.3,109.5,137,38.0,39.3,38.0,131,39.3,142,53.4,56.1,38.0 / 131,39.3 / 142
4050,TX,White,F,72,76.0,107.6,134,37.3,38.7,37.3,128,38.7,140,52.4,55.2,37.3 / 128,38.7 / 140
4050,TX,Yellow,F,72,72.6,102.5,127,35.5,37.1,35.5,120,37.1,133,49.7,52.8,35.5 / 120,37.1 / 133
4050,TX,Yellow/Red,F,72,70.8,99.7,123,34.9,35.9,34.9,119,35.9,126,48.9,50.8,34.9 / 119,35.9 / 126
4050,TX,Red,F,72,68.7,97.0,120,33.5,35.2,33.5,116,35.2,124,47.2,49.8,33.5 / 116,35.2 / 124
4416,TX,Black,M,71,72.1,97.8,139,36.0,36.1,36.0,139,36.1,138,48.9,48.9,36.0 / 139,36.1 / 138
4416,TX,Member,M,71,70.2,95.5,137,35.2,35.0,35.2,138,35.0,135,48.0,47.5,35.2 / 138,35.0 / 135
4416,TX,Bronze,M,71,69.3,94.5,135,34.6,34.7,34.6,137,34.7,133,47.4,47.1,34.6 / 137,34.7 / 133
4416,TX,Green,M,71,66.9,90.4,127,33.4,33.5,33.4,129,33.5,124,45.4,45.0,33.4 / 129,33.5 / 124
4416,TX,Red,M,71,63.1,85.3,120,31.7,31.4,31.7,123,31.4,116,43.1,42.2,31.7 / 123,31.4 / 116
4416,TX,Black,F,71,79.6,113.5,144,39.9,39.7,39.9,144,39.7,143,56.9,56.6,39.9 / 144,39.7 / 143
4416,TX,Member,F,71,77.7,111.0,142,39.0,38.7,39.0,142,38.7,141,55.7,55.3,39.0 / 142,38.7 / 141
4416,TX,Bronze,F,71,76.6,109.5,140,38.3,38.3,38.3,140,38.3,139,54.8,54.7,38.3 / 140,38.3 / 139
4416,TX,Green,F,71,73.7,104.7,132,36.9,36.8,36.9,132,36.8,131,52.5,52.2,36.9 / 132,36.8 / 131
4416,TX,Red,F,71,68.2,97.2,123,34.4,33.8,34.4,125,33.8,121,49.1,48.1,34.4 / 125,33.8 / 121
4622,TX,Black,M,72,73.8,98.8,135,37.1,36.7,37.1,140,36.7,129,50.1,48.7,37.1 / 140,36.7 / 129
4622,TX,Gold,M,72,70.9,94.6,128,35.6,35.3,35.6,130,35.3,125,47.7,46.9,35.6 / 130,35.3 / 125
4622,TX,White,M,72,68.8,90.6,118,34.5,34.3,34.5,122,34.3,113,45.8,44.8,34.5 / 122,34.3 / 113
4622,TX,Red,M,72,64.9,85.5,111,32.2,32.7,32.2,111,32.7,111,42.5,43.0,32.2 / 111,32.7 / 111
4622,TX,Black,F,72,81.3,115.4,145,41.0,40.3,41.0,149,40.3,140,58.6,56.8,41.0 / 149,40.3 / 140
4622,TX,Gold,F,72,77.6,110.1,138,38.8,38.8,38.8,143,38.8,132,55.7,54.4,38.8 / 143,38.8 / 132
4622,TX,White,F,72,74.8,104.9,128,37.6,37.2,37.6,130,37.2,126,52.9,52.0,37.6 / 130,37.2 / 126
4622,TX,Red,F,72,70.2,98.1,118,34.8,35.4,34.8,120,35.4,116,49.0,49.1,34.8 / 120,35.4 / 116
4156,TX,Black,M,71,73.4,97.6,130,36.0,37.4,36.0,131,37.4,129,48.2,49.4,36.0 / 131,37.4 / 129
4156,TX,Blue,M,71,70.7,93.5,123,34.7,36.0,34.7,125,36.0,121,46.3,47.2,34.7 / 125,36.0 / 121
4156,TX,White,M,71,68.1,90.0,118,33.3,34.8,33.3,119,34.8,116,44.4,45.6,33.3 / 119,34.8 / 116
4156,TX,Red,M,71,65.0,85.3,110,31.8,33.2,31.8,110,33.2,109,42.0,43.3,31.8 / 110,33.2 / 109
4156,TX,Black,F,71,79.7,112.5,139,38.9,40.8,38.9,136,40.8,142,54.9,57.6,38.9 / 136,40.8 / 142
4156,TX,Blue,F,71,76.6,107.8,133,37.5,39.1,37.5,129,39.1,136,52.7,55.1,37.5 / 129,39.1 / 136
4156,TX,White,F,71,73.4,104.1,130,35.8,37.6,35.8,126,37.6,134,50.7,53.4,35.8 / 126,37.6 / 134
4156,TX,Red,F,71,70.2,99.3,124,34.3,35.9,34.3,123,35.9,124,48.8,50.5,34.3 / 123,35.9 / 124
4029,TX,Gold,M,72,74.4,100.9,143,37.2,37.2,37.2,139,37.2,146,50.1,50.8,37.2 / 139,37.2 / 146
4029,TX,Gold/Blue,M,72,73.4,99.8,142,36.7,36.7,36.7,141,36.7,143,49.8,50.0,36.7 / 141,36.7 / 143
4029,TX,Blue,M,72,72.1,98.2,141,35.9,36.2,35.9,139,36.2,142,48.8,49.4,35.9 / 139,36.2 / 142
4029,TX,Blue/White,M,72,70.6,95.8,136,35.3,35.3,35.3,132,35.3,139,47.6,48.2,35.3 / 132,35.3 / 139
4029,TX,White,M,72,70.0,93.9,129,34.8,35.2,34.8,126,35.2,131,46.5,47.4,34.8 / 126,35.2 / 131
4029,TX,White/Red,M,72,68.5,92.4,129,34.2,34.3,34.2,126,34.3,131,45.9,46.5,34.2 / 126,34.3 / 131
4029,TX,Red,M,72,67.0,89.7,123,33.0,34.0,33.0,123,34.0,122,44.4,45.3,33.0 / 123,34.0 / 122
4029,TX,Red/Orange,M,72,64.1,85.7,116,31.9,32.2,31.9,117,32.2,115,42.8,42.9,31.9 / 117,32.2 / 115
4029,TX,Orange,M,72,62.7,83.5,112,31.0,31.7,31.0,115,31.7,109,41.7,41.8,31.0 / 115,31.7 / 109
4029,TX,Gold,F,72,81.6,119.2,155,40.6,41.0,40.6,155,41.0,155,59.1,60.1,40.6 / 155,41.0 / 155
4029,TX,Gold/Blue,F,72,80.5,117.4,154,40.1,40.4,40.1,153,40.4,155,58.2,59.2,40.1 / 153,40.4 / 155
4029,TX,Blue,F,72,79.3,115.8,154,39.4,39.9,39.4,152,39.9,155,57.3,58.5,39.4 / 152,39.9 / 155
4029,TX,Blue/White,F,72,77.2,112.0,148,38.5,38.7,38.5,147,38.7,148,55.8,56.2,38.5 / 147,38.7 / 148
4029,TX,White,F,72,75.9,109.9,144,37.7,38.2,37.7,144,38.2,144,54.7,55.2,37.7 / 144,38.2 / 144
4029,TX,White/Red,F,72,74.6,106.7,137,37.3,37.3,37.3,136,37.3,137,53.3,53.4,37.3 / 136,37.3 / 137
4029,TX,Red,F,72,72.7,103.4,131,36.0,36.7,36.0,126,36.7,135,50.8,52.6,36.0 / 126,36.7 / 135
4029,TX,Red/Orange,F,72,68.7,98.2,125,34.5,34.2,34.5,121,34.2,129,48.8,49.4,34.5 / 121,34.2 / 129
4029,TX,Orange,F,72,66.5,93.9,116,33.0,33.5,33.0,116,33.5,116,46.7,47.2,33.0 / 116,33.5 / 116
4361,TX,Back,M,71,72.4,96.8,131,36.4,36.0,36.4,129,36.0,133,48.4,48.4,36.4 / 129,36.0 / 133
4361,TX,Middle,M,71,69.8,93.5,128,34.8,35.0,34.8,128,35.0,127,46.7,46.8,34.8 / 128,35.0 / 127
4361,TX,Forward,M,71,65.6,86.5,113,32.7,32.9,32.7,112,32.9,113,43.1,43.4,32.7 / 112,32.9 / 113
4361,TX,Forward,F,71,70.5,98.4,118,35.3,35.2,35.3,120,35.2,116,49.5,48.9,35.3 / 120,35.2 / 116
4451,TX,Black,M,72,75.3,100.4,136,37.6,37.7,37.6,136,37.7,135,50.2,50.2,37.6 / 136,37.7 / 135
4451,TX,Tour,M,72,74.6,100.1,137,37.2,37.5,37.2,136,37.5,138,49.8,50.3,37.2 / 136,37.5 / 138
4451,TX,Blue,M,72,73.6,98.3,133,36.7,36.9,36.7,132,36.9,133,49.0,49.3,36.7 / 132,36.9 / 133
4451,TX,Nelson,M,72,72.8,97.1,131,36.2,36.6,36.2,133,36.6,128,48.6,48.5,36.2 / 133,36.6 / 128
4451,TX,White,M,72,72.4,96.5,130,36.1,36.3,36.1,129,36.3,130,48.1,48.4,36.1 / 129,36.3 / 130
4451,TX,Finger,M,72,70.8,95.4,133,35.4,35.4,35.4,129,35.4,136,47.4,48.0,35.4 / 129,35.4 / 136
4451,TX,Gold,M,72,69.3,93.8,132,34.7,34.6,34.7,130,34.6,133,46.8,47.0,34.7 / 130,34.6 / 133
4451,TX,Collins,M,72,67.6,90.7,125,33.9,33.7,33.9,125,33.7,124,45.5,45.2,33.9 / 125,33.7 / 124
4451,TX,Red,M,72,65.2,86.1,113,32.7,32.5,32.7,111,32.5,114,43.0,43.1,32.7 / 111,32.5 / 114
4451,TX,Green,M,72,61.6,80.7,103,30.7,30.9,30.7,99,30.9,107,39.9,40.8,30.7 / 99,30.9 / 107
4451,TX,Black,F,72,82.5,118.3,152,41.2,41.3,41.2,150,41.3,153,58.9,59.4,41.2 / 150,41.3 / 153
4451,TX,Blue,F,72,81.3,116.2,148,40.6,40.7,40.6,146,40.7,150,57.8,58.4,40.6 / 146,40.7 / 150
4451,TX,Nelson,F,72,79.9,114.6,147,39.7,40.2,39.7,140,40.2,154,56.2,58.4,39.7 / 140,40.2 / 154
4451,TX,White,F,72,78.4,112.1,143,39.0,39.4,39.0,137,39.4,149,55.1,57.0,39.0 / 137,39.4 / 149
4451,TX,Finger,F,72,76.9,110.0,141,38.3,38.6,38.3,137,38.6,144,54.4,55.6,38.3 / 137,38.6 / 144
4451,TX,Gold,F,72,75.5,107.4,135,37.8,37.7,37.8,133,37.7,137,53.5,53.9,37.8 / 133,37.7 / 137
4451,TX,Collins,F,72,73.8,104.8,132,36.7,37.1,36.7,131,37.1,132,52.1,52.7,36.7 / 131,37.1 / 132
4451,TX,Red,F,72,71.0,100.2,124,35.3,35.7,35.3,125,35.7,123,50.0,50.2,35.3 / 125,35.7 / 123
4451,TX,Green,F,72,64.8,91.3,112,31.9,32.9,31.9,109,32.9,115,44.8,46.5,31.9 / 109,32.9 / 115
4668,TX,Black,M,72,74.1,98.3,131,37.9,36.2,37.9,133,36.2,128,50.3,48.0,37.9 / 133,36.2 / 128
4668,TX,Blue,M,72,71.2,94.9,128,36.2,35.0,36.2,131,35.0,124,48.4,46.5,36.2 / 131,35.0 / 124
4668,TX,White,M,72,69.0,91.2,120,35.1,33.9,35.1,121,33.9,118,46.3,44.9,35.1 / 121,33.9 / 118
4668,TX,Silver,M,72,67.0,89.0,118,33.6,33.4,33.6,119,33.4,117,44.7,44.3,33.6 / 119,33.4 / 117
4668,TX,White,F,72,75.2,104.8,126,38.1,37.1,38.1,125,37.1,126,52.8,52.0,38.1 / 125,37.1 / 126
4668,TX,Silver,F,72,72.4,101.2,122,36.5,35.9,36.5,124,35.9,120,51.1,50.1,36.5 / 124,35.9 / 120
4668,TX,Red,F,72,70.8,99.0,120,35.7,35.1,35.7,121,35.1,118,50.0,49.0,35.7 / 121,35.1 / 118
4560,TX,Blue,M,72,71.7,94.7,124,35.8,35.9,35.8,121,35.9,127,47.0,47.7,35.8 / 121,35.9 / 127
4560,TX,Yellow,M,72,70.4,93.0,122,35.2,35.2,35.2,116,35.2,127,46.0,47.0,35.2 / 116,35.2 / 127
4560,TX,White,M,72,68.2,89.0,112,33.9,34.3,33.9,104,34.3,119,43.6,45.4,33.9 / 104,34.3 / 119
4560,TX,Red,M,72,63.9,82.9,102,31.6,32.3,31.6,102,32.3,102,41.1,41.8,31.6 / 102,32.3 / 102
4560,TX,Blue,F,72,78.4,110.0,134,39.0,39.4,39.0,132,39.4,136,54.6,55.4,39.0 / 132,39.4 / 136
4560,TX,Yellow,F,72,76.5,107.1,130,38.1,38.4,38.1,128,38.4,131,53.2,53.9,38.1 / 128,38.4 / 131
4560,TX,White,F,72,73.5,102.3,122,36.3,37.2,36.3,120,37.2,124,50.5,51.8,36.3 / 120,37.2 / 124
4560,TX,Red,F,72,68.3,93.9,109,33.9,34.4,33.9,104,34.4,113,46.2,47.7,33.9 / 104,34.4 / 113
14875,TX,Black,M,72,75.3,101.9,143,37.3,38.0,37.3,141,38.0,145,50.4,51.5,37.3 / 141,38.0 / 145
14875,TX,Gold,M,72,72.9,98.4,137,36.3,36.6,36.3,132,36.6,142,48.6,49.8,36.3 / 132,36.6 / 142
14875,TX,Blue,M,72,71.2,96.5,136,35.5,35.7,35.5,128,35.7,144,47.4,49.1,35.5 / 128,35.7 / 144
14875,TX,White,M,72,68.7,92.8,130,34.1,34.6,34.1,124,34.6,136,45.6,47.2,34.1 / 124,34.6 / 136
14875,TX,White/Red Combo,M,72,66.8,89.7,123,33.2,33.6,33.2,115,33.6,131,43.9,45.8,33.2 / 115,33.6 / 131
14875,TX,Red,M,72,65.0,85.9,113,32.7,32.3,32.7,111,32.3,114,43.0,42.9,32.7 / 111,32.3 / 114
14875,TX,Black,F,72,82.1,118.5,154,40.6,41.5,40.6,153,41.5,155,58.7,59.8,40.6 / 153,41.5 / 155
14875,TX,Gold,F,72,79.8,115.5,150,39.6,40.2,39.6,144,40.2,155,56.6,58.9,39.6 / 144,40.2 / 155
14875,TX,Blue,F,72,77.9,112.0,145,38.7,39.2,38.7,140,39.2,149,55.2,56.8,38.7 / 140,39.2 / 149
14875,TX,White,F,72,73.7,106.1,138,36.8,36.9,36.8,128,36.9,147,51.9,54.2,36.8 / 128,36.9 / 147
14875,TX,White/Red Combo,F,72,72.0,104.2,137,35.9,36.1,35.9,128,36.1,145,51.0,53.2,35.9 / 128,36.1 / 145
14875,TX,Red,F,72,68.7,97.9,124,35.0,33.7,35.0,124,33.7,124,49.6,48.3,35.0 / 124,33.7 / 124
4665,TX,Blue,M,71,72.5,96.9,132,35.1,37.4,35.1,126,37.4,137,46.8,50.1,35.1 / 126,37.4 / 137
4665,TX,White,M,71,69.0,92.7,128,33.3,35.7,33.3,120,35.7,135,44.5,48.2,33.3 / 120,35.7 / 135
4665,TX,Gold,M,71,66.3,87.9,117,32.1,34.2,32.1,112,34.2,121,42.5,45.4,32.1 / 112,34.2 / 121
4665,TX,Red,M,71,64.8,85.4,111,31.6,33.2,31.6,105,33.2,116,41.4,44.0,31.6 / 105,33.2 / 116
4665,TX,Silver,M,71,62.3,82.0,106,30.4,31.9,30.4,100,31.9,112,39.7,42.3,30.4 / 100,31.9 / 112
4665,TX,Blue,F,71,78.7,112.3,143,37.9,40.8,37.9,140,40.8,145,54.4,57.9,37.9 / 140,40.8 / 145
4665,TX,White,F,71,74.6,106.8,137,35.9,38.7,35.9,132,38.7,141,51.5,55.3,35.9 / 132,38.7 / 141
4665,TX,Gold,F,71,71.1,100.4,125,34.6,36.5,34.6,119,36.5,130,48.6,51.8,34.6 / 119,36.5 / 130
4665,TX,Red,F,71,68.4,97.3,123,33.3,35.1,33.3,118,35.1,127,47.2,50.1,33.3 / 118,35.1 / 127
4665,TX,Silver,F,71,64.8,90.5,109,31.3,33.5,31.3,103,33.5,115,43.4,47.1,31.3 / 103,33.5 / 115
4652,TX,Gold,M,72,76.9,102.6,139,38.6,38.3,38.6,142,38.3,135,51.8,50.8,38.6 / 142,38.3 / 135
4652,TX,Blue,M,72,74.8,99.9,135,37.5,37.3,37.5,137,37.3,133,50.2,49.7,37.5 / 137,37.3 / 133
4652,TX,Heron - Blue/White,M,72,73.1,97.8,133,36.5,36.6,36.5,130,36.6,136,48.6,49.2,36.5 / 130,36.6 / 136
4652,TX,White,M,72,72.6,96.9,131,36.1,36.5,36.1,129,36.5,132,48.1,48.8,36.1 / 129,36.5 / 132
4652,TX,Hubbard - White/Silver,M,72,69.5,93.3,128,34.9,34.6,34.9,128,34.6,128,46.8,46.5,34.9 / 128,34.6 / 128
4652,TX,Silver,M,72,68.1,90.8,123,34.1,34.0,34.1,122,34.0,123,45.4,45.4,34.1 / 122,34.0 / 123
4652,TX,Gold,F,72,84.3,121.0,154,42.4,41.9,42.4,155,41.9,152,61.2,59.8,42.4 / 155,41.9 / 152
4652,TX,Blue,F,72,81.7,117.0,150,40.9,40.8,40.9,153,40.8,147,58.9,58.1,40.9 / 153,40.8 / 147
4652,TX,Heron - Blue/White,F,72,79.3,112.9,143,39.6,39.7,39.6,143,39.7,142,56.5,56.4,39.6 / 143,39.7 / 142
4652,TX,White,F,72,77.8,110.9,140,38.8,39.0,38.8,142,39.0,138,55.6,55.3,38.8 / 142,39.0 / 138
4652,TX,Hubbard - White/Silver,F,72,75.4,107.5,136,37.8,37.6,37.8,137,37.6,135,54.0,53.5,37.8 / 137,37.6 / 135
4652,TX,Silver,F,72,74.0,104.7,130,37.0,37.0,37.0,128,37.0,132,52.1,52.6,37.0 / 128,37.0 / 132
4078,TX,Black,M,72,73.6,97.6,129,37.0,36.6,37.0,125,36.6,133,48.6,49.0,37.0 / 125,36.6 / 133
4078,TX,Blue,M,72,70.9,93.7,123,35.6,35.3,35.6,119,35.3,126,46.7,47.0,35.6 / 119,35.3 / 126
4078,TX,Red,M,72,68.9,91.1,119,34.7,34.2,34.7,117,34.2,121,45.7,45.4,34.7 / 117,34.2 / 121
4078,TX,Yellow,M,72,67.3,88.3,113,33.9,33.4,33.9,113,33.4,113,44.4,43.9,33.9 / 113,33.4 / 113
4078,TX,White,M,72,65.0,85.0,108,32.7,32.3,32.7,108,32.3,108,42.7,42.3,32.7 / 108,32.3 / 108
4078,TX,Black,F,72,80.6,114.8,145,40.5,40.1,40.5,146,40.1,144,57.7,57.1,40.5 / 146,40.1 / 144
4078,TX,Blue,F,72,77.4,110.0,138,38.9,38.5,38.9,139,38.5,137,55.3,54.7,38.9 / 139,38.5 / 137
4078,TX,Red,F,72,74.9,106.3,133,37.7,37.2,37.7,134,37.2,132,53.5,52.8,37.7 / 134,37.2 / 132
4078,TX,Yellow,F,72,72.7,103.1,129,36.7,36.0,36.7,131,36.0,127,52.1,51.0,36.7 / 131,36.0 / 127
4078,TX,White,F,72,69.9,98.6,122,35.2,34.7,35.2,122,34.7,121,49.6,49.0,35.2 / 122,34.7 / 121
4079,TX,Black,M,72,73.5,97.7,130,36.3,37.2,36.3,129,37.2,131,48.3,49.4,36.3 / 129,37.2 / 131
4079,TX,Blue,M,72,71.5,95.1,127,35.4,36.1,35.4,126,36.1,128,47.1,48.0,35.4 / 126,36.1 / 128
4079,TX,Red,M,72,70.0,92.7,123,35.0,35.0,35.0,122,35.0,123,46.3,46.4,35.0 / 122,35.0 / 123
4079,TX,Yellow,M,72,66.5,88.1,116,33.3,33.2,33.3,115,33.2,117,44.0,44.1,33.3 / 115,33.2 / 117
4079,TX,White,M,72,65.2,85.9,112,32.5,32.7,32.5,109,32.7,114,42.6,43.3,32.5 / 109,32.7 / 114
4079,TX,Black,F,72,80.2,113.6,142,39.6,40.6,39.6,138,40.6,145,55.9,57.7,39.6 / 138,40.6 / 145
4079,TX,Blue,F,72,77.9,109.8,135,38.6,39.3,38.6,132,39.3,138,54.2,55.6,38.6 / 132,39.3 / 138
4079,TX,Red,F,72,76.0,106.9,131,38.0,38.0,38.0,130,38.0,132,53.3,53.6,38.0 / 130,38.0 / 132
4079,TX,Yellow,F,72,71.8,100.9,124,35.9,35.9,35.9,122,35.9,125,50.3,50.6,35.9 / 122,35.9 / 125
4079,TX,White,F,72,70.2,98.8,121,34.8,35.4,34.8,120,35.4,122,49.0,49.8,34.8 / 120,35.4 / 122
4432,TX,Oaks,M,71,76.0,102.4,142,37.9,38.1,37.9,141,38.1,143,51.0,51.4,37.9 / 141,38.1 / 143
4432,TX,Oaks/I,M,71,74.5,100.3,139,37.1,37.4,37.1,137,37.4,141,49.8,50.5,37.1 / 137,37.4 / 141
4432,TX,I,M,71,73.0,98.3,137,36.4,36.6,36.4,136,36.6,137,49.0,49.3,36.4 / 136,36.6 / 137
4432,TX,I/II,M,71,71.7,96.1,131,35.7,36.0,35.7,130,36.0,132,47.8,48.3,35.7 / 130,36.0 / 132
4432,TX,II,M,71,70.9,94.6,128,35.4,35.5,35.4,127,35.5,128,47.2,47.4,35.4 / 127,35.5 / 128
4432,TX,II/III,M,71,69.7,93.3,127,34.6,35.1,34.6,127,35.1,127,46.4,46.9,34.6 / 127,35.1 / 127
4432,TX,III,M,71,68.4,90.7,120,34.3,34.1,34.3,121,34.1,119,45.5,45.2,34.3 / 121,34.1 / 119
4432,TX,IV,M,71,66.0,87.8,117,32.3,33.7,32.3,117,33.7,117,43.2,44.6,32.3 / 117,33.7 / 117
4432,TX,Oaks,F,73,84.0,120.6,154,41.9,42.1,41.9,153,42.1,155,60.0,60.6,41.9 / 153,42.1 / 155
4432,TX,Oaks/I,F,73,82.2,117.9,152,40.9,41.3,40.9,150,41.3,153,58.6,59.3,40.9 / 150,41.3 / 153
4432,TX,I,F,73,80.5,115.2,147,40.2,40.3,40.2,146,40.3,148,57.4,57.8,40.2 / 146,40.3 / 148
4432,TX,I/II,F,73,78.8,112.7,144,39.2,39.6,39.2,142,39.6,146,55.9,56.8,39.2 / 142,39.6 / 146
4432,TX,II,F,73,77.7,111.0,141,38.8,38.9,38.8,140,38.9,142,55.3,55.7,38.8 / 140,38.9 / 142
4432,TX,II/III,F,73,76.0,108.5,138,37.7,38.3,37.7,136,38.3,140,53.7,54.8,37.7 / 136,38.3 / 140
4432,TX,III,F,73,74.0,105.6,134,37.0,37.0,37.0,133,37.0,135,52.7,52.9,37.0 / 133,37.0 / 135
4432,TX,IV,F,73,70.6,100.1,125,34.6,36.0,34.6,122,36.0,128,49.0,51.1,34.6 / 122,36.0 / 128
4184,TX,Gold,M,72,73.6,96.0,121,36.4,37.2,36.4,118,37.2,123,47.4,48.6,36.4 / 118,37.2 / 123
4184,TX,Blue,M,72,71.6,93.2,116,35.4,36.2,35.4,115,36.2,117,46.1,47.1,35.4 / 115,36.2 / 117
4184,TX,White,M,72,68.6,89.0,110,34.0,34.6,34.0,112,34.6,108,44.4,44.6,34.0 / 112,34.6 / 108
4184,TX,Red,M,72,65.5,84.7,103,32.7,32.8,32.7,103,32.8,103,42.3,42.4,32.7 / 103,32.8 / 103
4184,TX,Gold,F,72,80.3,111.7,133,39.7,40.6,39.7,133,40.6,133,55.4,56.3,39.7 / 133,40.6 / 133
4184,TX,Blue,F,72,77.8,107.9,128,38.5,39.3,38.5,128,39.3,127,53.6,54.3,38.5 / 128,39.3 / 127
4184,TX,White,F,72,74.4,102.9,121,36.9,37.5,36.9,121,37.5,120,51.2,51.7,36.9 / 121,37.5 / 120
4184,TX,Red,F,72,70.5,96.9,112,35.1,35.4,35.1,114,35.4,110,48.5,48.4,35.1 / 114,35.4 / 110
4235,TX,Black,M,72,72.2,96.6,132,35.2,37.0,35.2,126,37.0,137,46.9,49.7,35.2 / 126,37.0 / 137
4235,TX,Blue,M,72,69.2,92.7,127,33.9,35.3,33.9,121,35.3,132,45.1,47.6,33.9 / 121,35.3 / 132
4235,TX,White,M,72,67.2,90.0,123,32.9,34.3,32.9,116,34.3,129,43.7,46.3,32.9 / 116,34.3 / 129
4235,TX,Red,M,72,63.5,85.3,118,31.6,31.9,31.6,112,31.9,123,42.0,43.3,31.6 / 112,31.9 / 123
4235,TX,Black,F,72,79.0,112.7,143,38.4,40.6,38.4,140,40.6,146,54.9,57.8,38.4 / 140,40.6 / 146
4235,TX,Blue,F,72,75.8,107.9,136,37.0,38.8,37.0,134,38.8,138,52.8,55.1,37.0 / 134,38.8 / 138
4235,TX,White,F,72,73.3,104.3,132,35.7,37.6,35.7,130,37.6,133,51.0,53.3,35.7 / 130,37.6 / 133
4235,TX,Red,F,72,68.7,98.0,124,34.0,34.7,34.0,122,34.7,126,48.4,49.6,34.0 / 122,34.7 / 126
4153,TX,Blue,M,70,70.2,93.2,124,35.1,35.1,35.1,124,35.1,124,46.6,46.6,35.1 / 124,35.1 / 124
4153,TX,White/Blue,M,70,68.6,90.3,117,33.5,35.1,33.5,113,35.1,121,44.0,46.3,33.5 / 113,35.1 / 121
4153,TX,White,M,70,67.0,88.0,113,33.5,33.5,33.5,113,33.5,113,44.0,44.0,33.5 / 113,33.5 / 113
4153,TX,Red,M,70,62.6,82.2,105,31.3,31.3,31.3,105,31.3,105,41.1,41.1,31.3 / 105,31.3 / 105
4153,TX,Red,F,70,66.2,92.6,112,33.1,33.1,33.1,112,33.1,112,46.3,46.3,33.1 / 112,33.1 / 112
4055,TX,I,M,71,73.9,99.1,136,37.5,36.4,37.5,133,36.4,138,49.9,49.2,37.5 / 133,36.4 / 138
4055,TX,II,M,71,71.8,96.3,132,36.4,35.4,36.4,129,35.4,135,48.4,47.9,36.4 / 129,35.4 / 135
4055,TX,II/III Combo,M,71,70.0,94.3,131,35.4,34.6,35.4,128,34.6,133,47.3,47.0,35.4 / 128,34.6 / 133
4055,TX,III,M,71,69.0,93.4,131,34.8,34.2,34.8,130,34.2,131,46.9,46.5,34.8 / 130,34.2 / 131
4055,TX,III/IV Combo,M,71,67.0,89.4,121,33.7,33.3,33.7,124,33.3,117,45.2,44.2,33.7 / 124,33.3 / 117
4055,TX,IV,M,71,66.2,87.4,114,33.3,32.9,33.3,119,32.9,109,44.4,43.0,33.3 / 119,32.9 / 109
4055,TX,V,M,71,63.0,83.0,108,31.7,31.3,31.7,114,31.3,101,42.3,40.7,31.7 / 114,31.3 / 101
4055,TX,I,F,71,81.1,116.3,150,41.0,40.1,41.0,147,40.1,152,58.3,58.0,41.0 / 147,40.1 / 152
4055,TX,II,F,71,78.7,112.7,145,39.7,39.0,39.7,142,39.0,147,56.4,56.3,39.7 / 142,39.0 / 147
4055,TX,II/III Combo,F,71,76.8,110.0,141,38.7,38.1,38.7,137,38.1,144,54.9,55.1,38.7 / 137,38.1 / 144
4055,TX,III,F,71,75.6,108.2,139,38.1,37.5,38.1,136,37.5,141,54.1,54.1,38.1 / 136,37.5 / 141
4055,TX,III/IV Combo,F,71,72.6,102.6,127,36.5,36.1,36.5,126,36.1,128,51.4,51.2,36.5 / 126,36.1 / 128
4055,TX,IV,F,71,71.4,100.7,125,36.1,35.3,36.1,125,35.3,124,50.8,49.9,36.1 / 125,35.3 / 124
4055,TX,V,F,71,67.2,94.4,116,34.2,33.0,34.2,117,33.0,114,48.0,46.4,34.2 / 117,33.0 / 114
4354,TX,Menefee,M,71,74.2,99.3,136,37.3,36.9,37.3,136,36.9,135,49.9,49.4,37.3 / 136,36.9 / 135
4354,TX,Black,M,72,72.9,97.6,133,36.5,36.4,36.5,132,36.4,133,48.8,48.8,36.5 / 132,36.4 / 133
4354,TX,Black/Blue,M,72,72.0,96.8,132,36.2,35.8,36.2,137,35.8,127,49.0,47.7,36.2 / 137,35.8 / 127
4354,TX,Blue,M,72,70.7,94.9,131,35.5,35.2,35.5,135,35.2,126,48.0,46.9,35.5 / 135,35.2 / 126
4354,TX,Blue/White,M,72,70.1,94.2,130,35.0,35.1,35.0,135,35.1,125,47.5,46.7,35.0 / 135,35.1 / 125
4354,TX,White,M,72,68.4,91.6,125,34.2,34.2,34.2,130,34.2,119,46.3,45.3,34.2 / 130,34.2 / 119
4354,TX,Red,M,72,65.3,86.6,115,32.6,32.7,32.6,118,32.7,111,43.6,43.0,32.6 / 118,32.7 / 111
4354,TX,Menefee,F,72,81.1,116.2,149,40.8,40.3,40.8,152,40.3,146,58.7,57.5,40.8 / 152,40.3 / 146
4354,TX,Black,F,72,79.6,113.9,146,39.9,39.7,39.9,148,39.7,143,57.3,56.6,39.9 / 148,39.7 / 143
4354,TX,Black/Blue,F,72,78.6,112.4,144,39.5,39.1,39.5,146,39.1,141,56.7,55.7,39.5 / 146,39.1 / 141
4354,TX,Blue,F,72,77.2,110.4,141,38.7,38.5,38.7,143,38.5,138,55.6,54.8,38.7 / 143,38.5 / 138
4354,TX,Blue/White,F,72,76.0,108.7,139,38.1,37.9,38.1,141,37.9,137,54.7,54.0,38.1 / 141,37.9 / 137
4354,TX,White,F,72,73.2,104.0,131,36.8,36.4,36.8,133,36.4,128,52.5,51.5,36.8 / 133,36.4 / 128
4354,TX,Red,F,72,69.7,98.9,124,34.9,34.8,34.9,124,34.8,124,49.5,49.4,34.9 / 124,34.8 / 124
4161,TX,Blue,M,72,73.2,95.6,121,37.3,35.9,37.3,122,35.9,119,48.6,47.0,37.3 / 122,35.9 / 119
4161,TX,White,M,72,70.6,92.6,118,35.9,34.7,35.9,118,34.7,118,46.9,45.7,35.9 / 118,34.7 / 118
4161,TX,Gold,M,72,66.4,86.4,108,33.4,33.0,33.4,108,33.0,108,43.4,43.0,33.4 / 108,33.0 / 108
4161,TX,Red,M,72,65.3,84.7,104,32.7,32.6,32.7,103,32.6,105,42.3,42.4,32.7 / 103,32.6 / 105
4161,TX,Blue,F,72,79.4,111.6,137,40.6,38.8,40.6,140,38.8,133,57.1,54.5,40.6 / 140,38.8 / 133
4161,TX,White,F,72,76.5,107.2,130,39.1,37.4,39.1,133,37.4,127,54.8,52.4,39.1 / 133,37.4 / 127
4161,TX,Gold,F,72,71.4,99.7,120,36.3,35.1,36.3,121,35.1,119,50.6,49.1,36.3 / 121,35.1 / 119
4161,TX,Red,F,72,70.1,97.3,115,35.4,34.7,35.4,116,34.7,114,49.1,48.2,35.4 / 116,34.7 / 114
34628,TX,Gold,M,72,70.8,94.4,127,35.4,35.4,35.4,127,35.4,127,47.2,47.2,35.4 / 127,35.4 / 127
34628,TX,Blue,M,72,69.6,93.0,126,34.8,34.8,34.8,126,34.8,126,46.5,46.5,34.8 / 126,34.8 / 126
34628,TX,White/Blue Combo,M,72,69.4,92.4,122,34.2,35.2,34.2,122,35.2,126,45.5,46.9,34.2 / 122,35.2 / 126
34628,TX,White,M,72,69.0,91.0,118,34.5,34.5,34.5,118,34.5,118,45.5,45.5,34.5 / 118,34.5 / 118
34628,TX,Silver,M,72,67.2,87.8,111,33.6,33.6,33.6,111,33.6,111,43.9,43.9,33.6 / 111,33.6 / 111
34628,TX,Red,M,72,65.0,84.8,107,32.5,32.5,32.5,107,32.5,107,42.4,42.4,32.5 / 107,32.5 / 107
34628,TX,Gold,F,72,76.8,106.8,127,38.4,38.4,38.4,127,38.4,127,53.4,53.4,38.4 / 127,38.4 / 127
34628,TX,Blue,F,72,75.8,105.2,125,37.9,37.9,37.9,125,37.9,125,52.6,52.6,37.9 / 125,37.9 / 125
34628,TX,White,F,72,74.0,102.8,122,37.0,37.0,37.0,122,37.0,122,51.4,51.4,37.0 / 122,37.0 / 122
34628,TX,Silver,F,72,71.6,97.8,111,35.8,35.8,35.8,111,35.8,111,48.9,48.9,35.8 / 111,35.8 / 111
34628,TX,Red,F,72,69.8,95.0,107,34.9,34.9,34.9,107,34.9,107,47.5,47.5,34.9 / 107,34.9 / 107
4405,TX,Black,M,70,70.4,92.8,121,34.8,35.6,34.8,119,35.6,122,45.9,46.9,34.8 / 119,35.6 / 122
4405,TX,Blue,M,70,69.3,91.2,118,34.4,34.9,34.4,117,34.9,118,45.3,45.9,34.4 / 117,34.9 / 118
4405,TX,White,M,70,68.4,89.5,114,34.0,34.4,34.0,113,34.4,114,44.5,45.0,34.0 / 113,34.4 / 114
4405,TX,Gold,M,70,64.5,84.6,108,32.3,32.2,32.3,112,32.2,104,42.7,41.9,32.3 / 112,32.2 / 104
4405,TX,Red,M,70,62.8,82.6,107,31.5,31.3,31.5,111,31.3,102,41.8,40.8,31.5 / 111,31.3 / 102
4405,TX,Black,F,70,76.7,107.9,132,37.9,38.8,37.9,132,38.8,132,53.5,54.4,37.9 / 132,38.8 / 132
4405,TX,Blue,F,70,75.4,106.0,130,37.4,38.0,37.4,131,38.0,129,52.8,53.2,37.4 / 131,38.0 / 129
4405,TX,White,F,70,74.3,104.3,127,36.9,37.4,36.9,128,37.4,126,52.0,52.3,36.9 / 128,37.4 / 126
4405,TX,Gold,F,70,69.7,97.3,117,35.0,34.7,35.0,120,34.7,114,49.1,48.2,35.0 / 120,34.7 / 114
4405,TX,Red,F,70,67.6,94.1,113,33.9,33.7,33.9,114,33.7,111,47.3,46.8,33.9 / 114,33.7 / 111
4570,TX,White/Blue,M,72,70.2,92.2,118,34.7,35.5,34.7,117,35.5,119,45.6,46.6,34.7 / 117,35.5 / 119
4570,TX,Red/Gold,M,72,64.5,85.0,111,32.1,32.4,32.1,110,32.4,111,42.3,42.7,32.1 / 110,32.4 / 111
4570,TX,White/Blue,F,72,76.8,108.4,134,37.9,38.9,37.9,135,38.9,133,53.8,54.6,37.9 / 135,38.9 / 133
4570,TX,Red/Gold,F,72,70.0,97.5,117,34.9,35.1,34.9,118,35.1,115,48.8,48.7,34.9 / 118,35.1 / 115
4031,TX,Hawk,M,72,75.6,101.8,141,38.1,37.5,38.1,144,37.5,138,51.5,50.3,38.1 / 144,37.5 / 138
4031,TX,Blue,M,72,73.5,99.1,138,36.8,36.7,36.8,139,36.7,137,49.7,49.4,36.8 / 139,36.7 / 137
4031,TX,Blue/Silver,M,72,72.8,97.9,136,36.4,36.4,36.4,136,36.4,135,49.0,48.9,36.4 / 136,36.4 / 135
4031,TX,Silver,M,72,71.9,96.5,132,35.9,36.0,35.9,133,36.0,131,48.3,48.2,35.9 / 133,36.0 / 131
4031,TX,White,M,72,69.8,93.8,129,34.9,34.9,34.9,129,34.9,129,46.9,46.9,34.9 / 129,34.9 / 129
4031,TX,Bronze,M,72,67.1,89.2,119,33.6,33.5,33.6,122,33.5,116,44.9,44.3,33.6 / 122,33.5 / 116
4031,TX,Gold,M,70,65.0,86.2,115,32.8,32.2,32.8,121,32.2,108,44.0,42.2,32.8 / 121,32.2 / 108
4031,TX,Hawk,F,72,83.3,122.0,155,41.9,41.4,41.9,155,41.4,155,61.2,60.8,41.9 / 155,41.4 / 155
4031,TX,Blue,F,72,80.8,118.2,155,40.4,40.4,40.4,155,40.4,155,59.0,59.2,40.4 / 155,40.4 / 155
4031,TX,Blue/Silver,F,72,80.1,116.6,154,40.4,39.7,40.4,155,39.7,152,59.0,57.6,40.4 / 155,39.7 / 152
4031,TX,Silver,F,72,78.9,114.4,151,39.5,39.4,39.5,149,39.4,152,57.1,57.3,39.5 / 149,39.4 / 152
4031,TX,White,F,72,76.3,110.3,145,38.2,38.1,38.2,142,38.1,147,54.9,55.4,38.2 / 142,38.1 / 147
4031,TX,Bronze,F,72,73.4,104.3,131,36.9,36.5,36.9,127,36.5,135,51.9,52.4,36.9 / 127,36.5 / 135
4031,TX,Gold,F,72,71.1,100.6,125,36.1,35.0,36.1,126,35.0,124,51.0,49.6,36.1 / 126,35.0 / 124
20917,TX,Blue,M,72,73.4,96.8,126,36.5,36.9,36.5,124,36.9,128,48.0,48.8,36.5 / 124,36.9 / 128
20917,TX,White,M,72,71.4,93.6,120,35.4,36.0,35.4,118,36.0,121,46.4,47.2,35.4 / 118,36.0 / 121
20917,TX,Gold,M,72,68.1,88.4,109,33.3,34.8,33.3,103,34.8,115,42.9,45.5,33.3 / 103,34.8 / 115
20917,TX,Red,M,72,66.6,86.5,107,32.8,33.8,32.8,101,33.8,113,42.2,44.3,32.8 / 101,33.8 / 113
20917,TX,Blue,F,72,80.1,113.8,143,40.0,40.1,40.0,141,40.1,145,56.6,57.2,40.0 / 141,40.1 / 145
20917,TX,White,F,72,77.8,110.5,139,38.8,39.0,38.8,137,39.0,140,55.0,55.5,38.8 / 137,39.0 / 140
20917,TX,Gold,F,72,73.5,103.4,127,35.9,37.6,35.9,120,37.6,133,50.1,53.3,35.9 / 120,37.6 / 133
20917,TX,Red,F,72,72.0,100.5,121,35.3,36.7,35.3,116,36.7,126,49.0,51.5,35.3 / 116,36.7 / 126
4425,TX,Black,M,72,74.9,101.3,142,37.4,37.5,37.4,142,37.5,142,50.6,50.7,37.4 / 142,37.5 / 142
4425,TX,Bronze,M,72,72.8,98.5,139,36.3,36.5,36.3,138,36.5,139,49.1,49.4,36.3 / 138,36.5 / 139
4425,TX,Blue,M,72,70.8,96.1,137,35.3,35.5,35.3,135,35.5,138,47.8,48.3,35.3 / 135,35.5 / 138
4425,TX,White,M,72,68.1,92.4,131,34.3,33.8,34.3,130,33.8,131,46.4,46.0,34.3 / 130,33.8 / 131
4425,TX,Green,M,72,64.6,87.4,123,32.1,32.5,32.1,121,32.5,125,43.3,44.1,32.1 / 121,32.5 / 125
4425,TX,White,F,72,73.4,104.4,132,36.8,36.6,36.8,134,36.6,129,52.6,51.8,36.8 / 134,36.6 / 129
4425,TX,Green,F,72,69.1,98.7,126,34.2,34.9,34.2,126,34.9,126,49.0,49.7,34.2 / 126,34.9 / 126
34164,TX,Little Nine,M,28,27.8,36.7,96,27.8,,27.8,96,,,36.7,,27.8 / 96,/
34164,TX,Little Nine,F,28,29.0,39.3,87,29.0,,29.0,87,,,39.3,,29.0 / 87,/
3997,TX,1 Stripe,M,71,74.0,99.5,138,36.6,37.4,36.6,135,37.4,140,49.1,50.4,36.6 / 135,37.4 / 140
3997,TX,Hybrid Tee,M,71,73.3,98.7,137,36.3,37.0,36.3,135,37.0,139,48.8,49.9,36.3 / 135,37.0 / 139
3997,TX,2 Stripe,M,71,72.0,97.2,136,35.8,36.2,35.8,136,36.2,136,48.4,48.8,35.8 / 136,36.2 / 136
3997,TX,3 Stripe,M,71,68.9,93.3,131,34.3,34.6,34.3,131,34.6,131,46.5,46.8,34.3 / 131,34.6 / 131
3997,TX,4 Stripe,M,71,65.8,88.8,124,32.5,33.3,32.5,124,33.3,124,44.0,44.8,32.5 / 124,33.3 / 124
3997,TX,1 Stripe,F,71,81.4,116.7,150,40.3,41.1,40.3,147,41.1,153,57.6,59.1,40.3 / 147,41.1 / 153
3997,TX,2 Stripe,F,71,79.0,113.5,146,39.3,39.7,39.3,144,39.7,148,56.3,57.2,39.3 / 144,39.7 / 148
3997,TX,3 Stripe,F,71,75.2,107.8,139,37.5,37.7,37.5,137,37.7,140,53.6,54.2,37.5 / 137,37.7 / 140
3997,TX,4 Stripe,F,71,71.6,101.3,126,35.2,36.4,35.2,126,36.4,126,50.0,51.3,35.2 / 126,36.4 / 126
4332,TX,Blue,M,70,69.4,91.9,122,33.7,35.7,33.7,121,35.7,122,44.9,47.0,33.7 / 121,35.7 / 122
4332,TX,White,M,70,66.8,87.7,113,32.4,34.4,32.4,109,34.4,116,42.5,45.2,32.4 / 109,34.4 / 116
4332,TX,Black,M,70,64.3,83.1,101,31.5,32.8,31.5,98,32.8,104,40.6,42.5,31.5 / 98,32.8 / 104
4332,TX,Red,M,70,62.8,80.6,96,31.1,31.7,31.1,95,31.7,97,39.9,40.7,31.1 / 95,31.7 / 97
4332,TX,Teal,M,70,60.9,78.3,94,30.1,30.8,30.1,90,30.8,97,38.5,39.8,30.1 / 90,30.8 / 97
4332,TX,Blue,F,70,75.8,104.8,123,36.8,39.0,36.8,120,39.0,126,50.9,53.9,36.8 / 120,39.0 / 126
4332,TX,White,F,70,72.3,100.4,120,34.8,37.5,34.8,114,37.5,125,48.2,52.2,34.8 / 114,37.5 / 125
4332,TX,Black,F,70,68.5,94.6,111,33.3,35.2,33.3,106,35.2,115,45.8,48.8,33.3 / 106,35.2 / 115
4332,TX,Red,F,70,66.6,92.2,109,32.7,33.9,32.7,108,33.9,109,45.4,46.8,32.7 / 108,33.9 / 109
4332,TX,Teal,F,70,63.4,87.5,102,31.0,32.4,31.0,99,32.4,105,42.7,44.8,31.0 / 99,32.4 / 105
4015,TX,Blue,M,71,73.2,98.8,138,35.7,37.5,35.7,135,37.5,141,48.2,50.6,35.7 / 135,37.5 / 141
4015,TX,Blue/White,M,71,72.2,97.4,136,35.1,37.1,35.1,130,37.1,141,47.2,50.2,35.1 / 130,37.1 / 141
4015,TX,White,M,71,71.5,96.4,134,34.8,36.7,34.8,132,36.7,136,47.1,49.3,34.8 / 132,36.7 / 136
4015,TX,White/Green Combo,M,71,69.6,93.2,127,34.0,35.6,34.0,124,35.6,130,45.5,47.7,34.0 / 124,35.6 / 130
4015,TX,Green,M,71,67.7,90.4,123,33.4,34.3,33.4,121,34.3,124,44.6,45.8,33.4 / 121,34.3 / 124
4015,TX,Red,M,71,66.4,88.9,121,32.6,33.8,32.6,119,33.8,123,43.7,45.2,32.6 / 119,33.8 / 123
4015,TX,White,F,72,76.2,108.3,136,37.2,39.0,37.2,133,39.0,139,52.9,55.4,37.2 / 133,39.0 / 139
4015,TX,White/Red,F,72,73.2,103.2,128,36.0,37.2,36.0,124,37.2,131,50.6,52.6,36.0 / 124,37.2 / 131
4015,TX,Red,F,72,71.8,100.3,121,35.4,36.4,35.4,117,36.4,125,49.2,51.1,35.4 / 117,36.4 / 125
4015,TX,Fast Tees,F,72,68.0,95.1,115,33.4,34.6,33.4,109,34.6,120,46.3,48.8,33.4 / 109,34.6 / 120
4567,TX,Red/Blue,M,72,69.9,91.7,117,34.8,35.1,34.8,118,35.1,116,45.8,45.9,34.8 / 118,35.1 / 116
4567,TX,Yellow/Yellow,M,72,67.3,87.4,109,33.8,33.5,33.8,109,33.5,108,43.9,43.5,33.8 / 109,33.5 / 108
4567,TX,White/White,M,72,62.5,80.5,97,31.2,31.3,31.2,96,31.3,98,40.1,40.4,31.2 / 96,31.3 / 98
4567,TX,Red/Blue,F,72,76.9,108.6,135,38.4,38.5,38.4,134,38.5,135,54.2,54.4,38.4 / 134,38.5 / 135
4567,TX,Yellow/Yellow,F,72,73.4,102.8,125,36.7,36.7,36.7,125,36.7,125,51.4,51.4,36.7 / 125,36.7 / 125
4567,TX,White/White,F,72,67.3,93.5,111,33.6,33.7,33.6,110,33.7,112,46.6,46.9,33.6 / 110,33.7 / 112
20651,TX,Blue,M,70,71.4,93.6,119,36.0,35.4,36.0,119,35.4,119,47.1,46.5,36.0 / 119,35.4 / 119
20651,TX,White,M,70,70.0,91.7,117,35.3,34.7,35.3,117,34.7,116,46.2,45.5,35.3 / 117,34.7 / 116
20651,TX,Gold,M,70,68.3,89.4,114,34.7,33.6,34.7,114,33.6,113,45.3,44.1,34.7 / 114,33.6 / 113
20651,TX,Red,M,70,64.2,82.9,101,32.2,32.0,32.2,99,32.0,102,41.4,41.5,32.2 / 99,32.0 / 102
20651,TX,Gold,F,70,72.9,102.3,125,37.0,35.9,37.0,129,35.9,120,52.2,50.1,37.0 / 129,35.9 / 120
20651,TX,Red,F,70,70.6,98.3,118,35.5,35.1,35.5,119,35.1,116,49.5,48.8,35.5 / 119,35.1 / 116
4326,TX,Blue,M,70,66.9,87.7,112,32.3,34.6,32.3,112,34.6,112,42.7,45.0,32.3 / 112,34.6 / 112
4326,TX,White,M,70,65.6,85.9,110,31.6,34.0,31.6,110,34.0,109,41.8,44.1,31.6 / 110,34.0 / 109
4326,TX,Yellow,M,70,64.7,84.3,106,31.1,33.6,31.1,107,33.6,104,41.0,43.3,31.1 / 107,33.6 / 104
4326,TX,Red,M,70,63.0,82.0,102,30.2,32.8,30.2,103,32.8,101,39.8,42.2,30.2 / 103,32.8 / 101
4326,TX,Blue,F,70,72.4,100.7,120,35.1,37.3,35.1,117,37.3,123,48.9,51.8,35.1 / 117,37.3 / 123
4326,TX,White,F,70,71.0,98.7,118,34.3,36.7,34.3,115,36.7,120,47.9,50.8,34.3 / 115,36.7 / 120
4326,TX,Yellow,F,70,69.8,97.0,116,33.6,36.2,33.6,113,36.2,118,46.9,50.1,33.6 / 113,36.2 / 118
4326,TX,Red,F,70,67.2,93.1,110,32.0,35.2,32.0,106,35.2,114,44.5,48.6,32.0 / 106,35.2 / 114
4327,TX,Blue,M,71,68.2,89.4,114,32.3,35.9,32.3,112,35.9,116,42.7,46.7,32.3 / 112,35.9 / 116
4327,TX,White,M,71,66.7,87.4,112,31.6,35.1,31.6,110,35.1,113,41.8,45.6,31.6 / 110,35.1 / 113
4327,TX,Yellow,M,71,65.6,85.8,109,31.1,34.5,31.1,107,34.5,111,41.0,44.8,31.1 / 107,34.5 / 111
4327,TX,Red,M,71,62.8,82.1,104,30.2,32.6,30.2,103,32.6,104,39.8,42.3,30.2 / 103,32.6 / 104
4327,TX,Blue,F,71,73.9,104.2,129,35.1,38.8,35.1,117,38.8,140,48.9,55.3,35.1 / 117,38.8 / 140
4327,TX,White,F,71,72.1,101.8,126,34.3,37.8,34.3,115,37.8,137,47.9,53.9,34.3 / 115,37.8 / 137
4327,TX,Yellow,F,71,70.7,99.7,123,33.6,37.1,33.6,113,37.1,133,46.9,52.8,33.6 / 113,37.1 / 133
4327,TX,Red,F,71,67.0,94.1,115,32.0,35.0,32.0,106,35.0,124,44.5,49.6,32.0 / 106,35.0 / 124
4328,TX,Blue,M,73,70.5,91.7,114,35.9,34.6,35.9,116,34.6,112,46.7,45.0,35.9 / 116,34.6 / 112
4328,TX,White,M,73,69.1,89.7,111,35.1,34.0,35.1,113,34.0,109,45.6,44.1,35.1 / 113,34.0 / 109
4328,TX,Yellow,M,73,68.1,88.1,108,34.5,33.6,34.5,111,33.6,104,44.8,43.3,34.5 / 111,33.6 / 104
4328,TX,Red,M,73,65.4,84.5,103,32.6,32.8,32.6,104,32.8,101,42.3,42.2,32.6 / 104,32.8 / 101
4328,TX,Blue,F,73,76.1,107.1,132,38.8,37.3,38.8,140,37.3,123,55.3,51.8,38.8 / 140,37.3 / 123
4328,TX,White,F,73,74.5,104.7,129,37.8,36.7,37.8,137,36.7,120,53.9,50.8,37.8 / 137,36.7 / 120
4328,TX,Yellow,F,73,73.3,102.9,126,37.1,36.2,37.1,133,36.2,118,52.8,50.1,37.1 / 133,36.2 / 118
4328,TX,Red,F,73,70.2,98.2,119,35.0,35.2,35.0,124,35.2,114,49.6,48.6,35.0 / 124,35.2 / 114
4052,TX,Black,M,72,74.3,98.4,130,36.7,37.6,36.7,132,37.6,127,49.0,49.4,36.7 / 132,37.6 / 127
4052,TX,Blue,M,72,71.2,95.0,128,35.1,36.1,35.1,133,36.1,123,47.5,47.5,35.1 / 133,36.1 / 123
4052,TX,White,M,72,68.0,90.1,119,33.9,34.1,33.9,119,34.1,118,45.0,45.1,33.9 / 119,34.1 / 118
4052,TX,Red,M,72,64.6,84.8,109,32.4,32.2,32.4,112,32.2,105,42.8,42.0,32.4 / 112,32.2 / 105
4052,TX,Black,F,72,80.8,113.8,140,39.9,40.9,39.9,137,40.9,143,56.0,57.8,39.9 / 137,40.9 / 143
4052,TX,Blue,F,72,77.6,109.0,134,38.4,39.2,38.4,130,39.2,137,53.7,55.3,38.4 / 130,39.2 / 137
4052,TX,White,F,72,73.3,103.3,127,36.3,37.0,36.3,126,37.0,128,51.2,52.1,36.3 / 126,37.0 / 128
4052,TX,Red,F,72,69.0,96.3,116,34.7,34.3,34.7,114,34.3,117,48.2,48.1,34.7 / 114,34.3 / 117
4594,TX,Black,M,70,71.7,95.8,130,35.9,35.8,35.9,133,35.8,126,48.3,47.5,35.9 / 133,35.8 / 126
4594,TX,Blue,M,70,68.6,91.7,125,34.3,34.3,34.3,126,34.3,123,46.0,45.7,34.3 / 126,34.3 / 123
4594,TX,White,M,70,66.9,89.5,122,33.2,33.7,33.2,125,33.7,118,44.8,44.7,33.2 / 125,33.7 / 118
4594,TX,Red,M,70,64.3,83.7,105,32.1,32.2,32.1,100,32.2,109,41.4,42.3,32.1 / 100,32.2 / 109
4594,TX,Black,F,70,78.6,112.0,142,39.3,39.3,39.3,148,39.3,136,56.7,55.3,39.3 / 148,39.3 / 136
4594,TX,Blue,F,70,75.2,107.8,138,37.6,37.6,37.6,142,37.6,134,54.4,53.4,37.6 / 142,37.6 / 134
4594,TX,White,F,70,72.3,103.0,130,36.0,36.3,36.0,132,36.3,128,51.6,51.4,36.0 / 132,36.3 / 128
4594,TX,Red,F,70,68.7,96.5,118,34.1,34.6,34.1,118,34.6,118,48.0,48.5,34.1 / 118,34.6 / 118
4650,TX,Black,M,72,74.1,100.2,141,37.3,36.8,37.3,143,36.8,138,50.6,49.6,37.3 / 143,36.8 / 138
4650,TX,Blue,M,72,71.4,96.1,133,36.0,35.4,36.0,132,35.4,133,48.3,47.8,36.0 / 132,35.4 / 133
4650,TX,White,M,72,68.9,91.8,124,34.7,34.2,34.7,124,34.2,123,46.2,45.6,34.7 / 124,34.2 / 123
4650,TX,Green,M,72,65.5,85.4,107,32.9,32.6,32.9,104,32.6,110,42.6,42.8,32.9 / 104,32.6 / 110
4650,TX,Black,F,72,81.7,116.5,148,41.0,40.7,41.0,149,40.7,146,58.6,57.9,41.0 / 149,40.7 / 146
4650,TX,Blue,F,72,78.1,111.8,143,39.3,38.8,39.3,148,38.8,137,56.8,55.0,39.3 / 148,38.8 / 137
4650,TX,White,F,72,74.7,106.1,134,37.7,37.0,37.7,136,37.0,131,53.7,52.4,37.7 / 136,37.0 / 131
4650,TX,Green,F,72,70.0,99.2,124,35.0,35.0,35.0,121,35.0,126,49.3,49.9,35.0 / 121,35.0 / 126
4339,TX,Green,M,72,74.0,98.8,133,37.3,36.7,37.3,119,36.7,147,48.4,50.4,37.3 / 119,36.7 / 147
4339,TX,Gold,M,72,71.5,95.8,131,36.1,35.4,36.1,125,35.4,137,47.7,48.1,36.1 / 125,35.4 / 137
4339,TX,Black,M,72,69.4,92.8,126,34.8,34.6,34.8,126,34.6,126,46.5,46.3,34.8 / 126,34.6 / 126
4339,TX,Silver,M,72,66.3,87.8,116,33.3,33.0,33.3,116,33.0,115,44.1,43.7,33.3 / 116,33.0 / 115
4339,TX,Green,F,72,81.0,116.1,149,40.8,40.2,40.8,150,40.2,148,58.5,57.6,40.8 / 150,40.2 / 148
4339,TX,Gold,F,72,77.8,111.3,142,39.2,38.6,39.2,143,38.6,141,56.1,55.2,39.2 / 143,38.6 / 141
4339,TX,Black,F,72,75.1,106.3,132,38.0,37.1,38.0,131,37.1,133,53.5,52.8,38.0 / 131,37.1 / 133
4339,TX,Silver,F,72,71.6,100.5,123,36.2,35.4,36.2,123,35.4,122,50.7,49.8,36.2 / 123,35.4 / 122
36928,TX,Blue,M,72,71.0,92.9,118,35.0,36.0,35.0,121,36.0,115,46.2,46.7,35.0 / 121,36.0 / 115
36928,TX,Red,M,72,69.9,91.2,115,34.4,35.5,34.4,117,35.5,112,45.3,45.9,34.4 / 117,35.5 / 112
36928,TX,Yellow,M,72,68.6,89.3,112,33.9,34.7,33.9,111,34.7,112,44.2,45.1,33.9 / 111,34.7 / 112
36928,TX,Silver,M,72,65.4,84.6,104,32.3,33.1,32.3,100,33.1,107,41.6,43.0,32.3 / 100,33.1 / 107
36928,TX,White,M,72,63.6,82.1,100,31.6,32.0,31.6,97,32.0,102,40.6,41.5,31.6 / 97,32.0 / 102
36928,TX,Blue,F,72,77.6,107.6,127,38.2,39.4,38.2,122,39.4,132,52.6,55.0,38.2 / 122,39.4 / 132
36928,TX,Red,F,72,76.0,105.3,125,37.4,38.6,37.4,120,38.6,129,51.5,53.8,37.4 / 120,38.6 / 129
36928,TX,Yellow,F,72,74.4,102.9,121,36.6,37.8,36.6,116,37.8,126,50.3,52.6,36.6 / 116,37.8 / 126
36928,TX,Silver,F,72,70.5,96.9,112,34.9,35.6,34.9,108,35.6,116,47.6,49.3,34.9 / 108,35.6 / 116
36928,TX,White,F,72,68.3,93.4,107,34.0,34.3,34.0,103,34.3,110,46.1,47.3,34.0 / 103,34.3 / 110
4113,TX,Pro,M,72,74.8,100.4,138,37.5,37.3,37.5,142,37.3,133,50.7,49.7,37.5 / 142,37.3 / 133
4113,TX,Champ,M,72,72.6,97.2,133,36.4,36.2,36.4,135,36.2,130,48.9,48.3,36.4 / 135,36.2 / 130
4113,TX,Club,M,72,70.7,94.5,128,35.6,35.1,35.6,129,35.1,127,47.6,46.9,35.6 / 129,35.1 / 127
4113,TX,Forward,M,72,68.6,90.3,117,34.6,34.0,34.6,121,34.0,113,45.8,44.5,34.6 / 121,34.0 / 113
4113,TX,Club,F,72,76.5,110.3,144,38.6,37.9,38.6,141,37.9,146,55.2,55.1,38.6 / 141,37.9 / 146
4113,TX,Forward,F,72,73.4,105.1,135,37.2,36.2,37.2,132,36.2,137,52.8,52.3,37.2 / 132,36.2 / 137
4571,TX,Blue/White,M,72,69.0,90.5,116,34.4,34.6,34.4,114,34.6,117,45.0,45.5,34.4 / 114,34.6 / 117
4571,TX,Red,F,72,70.6,97.8,115,35.3,35.3,35.3,115,35.3,115,48.9,48.9,35.3 / 115,35.3 / 115
4135,TX,Black,M,72,74.0,98.1,130,37.0,37.0,37.0,131,37.0,128,49.2,48.9,37.0 / 131,37.0 / 128
4135,TX,Blue,M,72,71.0,95.0,129,35.5,35.5,35.5,131,35.5,127,47.7,47.3,35.5 / 131,35.5 / 127
4135,TX,White,M,72,69.7,92.2,122,34.6,35.1,34.6,121,35.1,122,45.8,46.4,34.6 / 121,35.1 / 122
4135,TX,White/Red Hybrid,M,72,68.3,89.7,115,33.8,34.5,33.8,112,34.5,118,44.2,45.5,33.8 / 112,34.5 / 118
4135,TX,Red,M,72,65.9,86.6,112,33.0,32.9,33.0,110,32.9,113,43.2,43.4,33.0 / 110,32.9 / 113
4135,TX,Gold,M,72,62.4,80.9,97,30.8,31.2,30.8,98,31.2,95,39.9,40.0,30.8 / 98,31.2 / 95
4135,TX,Black,F,72,81.9,117.4,151,41.0,40.9,41.0,150,40.9,151,58.7,58.7,41.0 / 150,40.9 / 151
4135,TX,Blue,F,72,78.0,112.2,145,38.9,39.1,38.9,146,39.1,144,56.1,56.1,38.9 / 146,39.1 / 144
4135,TX,White,F,72,72.9,108.3,128,36.2,36.7,36.2,128,36.7,128,51.3,51.8,36.2 / 128,36.7 / 128
4135,TX,White/Red Hybrid,F,72,72.7,102.5,126,36.2,36.5,36.2,126,36.5,127,51.0,51.5,36.2 / 126,36.5 / 127
4135,TX,Red,F,72,71.4,99.6,118,35.6,35.8,35.6,120,35.8,116,49.8,49.5,35.6 / 120,35.8 / 116
4135,TX,Gold,F,72,64.5,90.1,109,32.1,32.4,32.1,110,32.4,107,45.1,45.0,32.1 / 110,32.4 / 107
4401,TX,Black,M,72,73.0,96.8,128,36.5,36.5,36.5,124,36.5,132,48.0,48.8,36.5 / 124,36.5 / 132
4401,TX,Black/Blue,M,72,72.5,96.9,126,36.2,36.3,36.2,129,36.3,131,48.2,48.5,36.2 / 129,36.3 / 131
4401,TX,Blue,M,72,71.0,93.9,123,35.4,35.6,35.4,119,35.6,127,46.5,47.4,35.4 / 119,35.6 / 127
4401,TX,Blue/White,M,72,70.2,94.1,121,35.1,35.1,35.1,121,35.1,126,46.3,46.8,35.1 / 121,35.1 / 126
4401,TX,White,M,72,68.6,90.9,120,34.3,34.3,34.3,116,34.3,124,45.1,45.8,34.3 / 116,34.3 / 124
4401,TX,White/Red,M,72,67.2,89.2,118,33.5,33.7,33.5,117,33.7,119,44.4,44.8,33.5 / 117,33.7 / 119
4401,TX,Red,M,71,65.9,87.2,115,33.0,32.9,33.0,114,32.9,116,43.6,43.6,33.0 / 114,32.9 / 116
4401,TX,White,F,72,73.4,104.3,131,36.6,36.8,36.6,129,36.8,133,51.8,52.5,36.6 / 129,36.8 / 133
4401,TX,White/Red,F,72,70.6,101.6,127,36.0,36.0,36.0,121,36.0,130,50.3,51.3,36.0 / 121,36.0 / 130
4401,TX,Red,F,71,69.9,99.1,124,35.1,34.8,35.1,124,34.8,124,49.7,49.4,35.1 / 124,34.8 / 124
4400,TX,Black,M,72,73.6,97.7,130,37.1,36.5,37.1,136,36.5,124,49.7,48.0,37.1 / 136,36.5 / 124
4400,TX,Black/Blue,M,71,72.5,95.6,129,36.6,35.9,36.6,121,35.9,128,47.8,47.8,36.6 / 121,35.9 / 128
4400,TX,Blue,M,72,71.4,95.0,127,36.0,35.4,36.0,134,35.4,119,48.5,46.5,36.0 / 134,35.4 / 119
4400,TX,Blue/White,M,72,70.6,94.3,126,35.7,34.9,35.7,135,34.9,121,48.2,46.1,35.7 / 135,34.9 / 121
4400,TX,White,M,72,68.9,91.8,122,34.6,34.3,34.6,128,34.3,116,46.5,45.1,34.6 / 128,34.3 / 116
4400,TX,White/Red,M,71,66.6,88.2,121,34.1,33.5,34.1,132,33.5,119,45.6,44.4,34.1 / 132,33.5 / 119
4400,TX,Red,M,71,65.7,87.4,119,32.7,33.0,32.7,123,33.0,114,44.1,43.6,32.7 / 123,33.0 / 114
4400,TX,White,F,72,74.3,105.4,132,37.7,36.6,37.7,135,36.6,129,53.6,51.8,37.7 / 135,36.6 / 129
4400,TX,White/Red,F,71,71.2,101.3,130,36.7,36.2,36.7,133,36.2,126,52.4,51.0,36.7 / 133,36.2 / 126
4400,TX,Red,F,71,70.6,100.1,125,35.2,35.1,35.2,126,35.1,124,50.0,49.7,35.2 / 126,35.1 / 124
4399,TX,Black,M,72,73.6,98.5,134,36.5,37.1,36.5,132,37.1,136,48.8,49.7,36.5 / 132,37.1 / 136
4399,TX,Black/Blue,M,72,72.9,99.5,133,36.2,36.7,36.2,130,36.7,137,48.3,49.4,36.2 / 130,36.7 / 137
4399,TX,Blue,M,72,71.6,95.9,131,35.6,36.0,35.6,127,36.0,134,47.4,48.5,35.6 / 127,36.0 / 134
4399,TX,Blue/White,M,72,70.2,94.9,130,34.8,35.4,34.8,130,35.4,131,47.0,47.7,34.8 / 130,35.4 / 131
4399,TX,White,M,72,68.9,92.3,126,34.3,34.6,34.3,124,34.6,128,45.8,46.5,34.3 / 124,34.6 / 128
4399,TX,White/Red,M,72,66.8,89.6,123,33.7,33.1,33.7,119,33.1,126,44.8,44.8,33.7 / 119,33.1 / 126
4399,TX,Red,M,72,65.6,87.7,120,32.9,32.7,32.9,116,32.7,123,43.6,44.1,32.9 / 116,32.7 / 123
4399,TX,Blue,F,72,77.8,110.9,141,38.5,39.3,38.5,140,39.3,141,55.0,55.9,38.5 / 140,39.3 / 141
4399,TX,White,F,72,74.5,106.1,134,36.8,37.7,36.8,133,37.7,135,52.5,53.6,36.8 / 133,37.7 / 135
4399,TX,White/Red,F,72,71.9,102.8,131,35.9,36.0,35.9,133,36.0,129,51.6,51.2,35.9 / 133,36.0 / 129
4399,TX,Red,F,72,70.3,99.8,125,34.8,35.5,34.8,124,35.5,126,49.4,50.4,34.8 / 124,35.5 / 126
4291,TX,Green,M,72,75.6,100.3,133,37.0,38.6,37.0,132,38.6,133,49.3,51.0,37.0 / 132,38.6 / 133
4291,TX,Black,M,72,74.0,98.1,130,36.6,37.4,36.6,131,37.4,128,48.8,49.3,36.6 / 131,37.4 / 128
4291,TX,White,M,72,70.8,94.7,129,35.1,35.7,35.1,130,35.7,127,47.2,47.5,35.1 / 130,35.7 / 127
4291,TX,Gold,M,72,68.3,91.3,124,33.9,34.4,33.9,125,34.4,123,45.5,45.8,33.9 / 125,34.4 / 123
4291,TX,Red,M,72,66.0,86.7,112,32.7,33.3,32.7,111,33.3,112,43.0,43.7,32.7 / 111,33.3 / 112
4291,TX,Green,F,72,83.2,118.3,149,40.8,42.4,40.8,148,42.4,150,58.2,60.1,40.8 / 148,42.4 / 150
4291,TX,Black,F,72,81.4,115.4,144,40.3,41.1,40.3,144,41.1,144,57.3,58.1,40.3 / 144,41.1 / 144
4291,TX,White,F,72,78.3,111.3,140,38.9,39.4,38.9,138,39.4,142,55.2,56.1,38.9 / 138,39.4 / 142
4291,TX,Gold,F,72,74.3,104.5,128,36.8,37.5,36.8,130,37.5,126,52.1,52.4,36.8 / 130,37.5 / 126
4291,TX,Red,F,72,71.1,99.2,119,35.3,35.8,35.3,121,35.8,117,49.6,49.6,35.3 / 121,35.8 / 117
3990,TX,Black,M,71,75.5,103.4,150,38.3,37.2,38.3,147,37.2,153,52.0,51.4,38.3 / 147,37.2 / 153
3990,TX,Gold,M,71,74.1,101.4,147,37.6,36.5,37.6,145,36.5,149,51.1,50.3,37.6 / 145,36.5 / 149
3990,TX,Gold/Blue,M,71,73.3,100.4,146,37.2,36.1,37.2,144,36.1,147,50.6,49.8,37.2 / 144,36.1 / 147
3990,TX,Blue,M,71,72.8,99.1,142,36.8,36.0,36.8,143,36.0,140,50.1,49.0,36.8 / 143,36.0 / 140
3990,TX,Blue/White,M,71,71.1,97.1,140,36.1,35.0,36.1,144,35.0,136,49.5,47.6,36.1 / 144,35.0 / 136
3990,TX,White,M,71,70.2,95.6,137,35.6,34.6,35.6,143,34.6,130,48.9,46.7,35.6 / 143,34.6 / 130
3990,TX,White/Red,M,71,67.7,92.5,134,34.4,33.3,34.4,141,33.3,126,47.5,45.0,34.4 / 141,33.3 / 126
3990,TX,Red,M,71,65.6,89.2,127,33.2,32.4,33.2,133,32.4,121,45.6,43.6,33.2 / 133,32.4 / 121
3990,TX,White,F,71,76.3,109.3,140,38.8,37.5,38.8,145,37.5,135,55.9,53.4,38.8 / 145,37.5 / 135
3990,TX,White/Red,F,71,73.2,104.9,135,37.4,35.8,37.4,140,35.8,129,53.9,51.0,37.4 / 140,35.8 / 129
3990,TX,Red,F,71,70.8,101.1,129,36.0,34.8,36.0,133,34.8,124,51.7,49.4,36.0 / 133,34.8 / 124
4160,TX,Black,M,72,75.1,100.3,136,37.9,37.2,37.9,138,37.2,133,50.7,49.6,37.9 / 138,37.2 / 133
4160,TX,Gold,M,72,73.4,97.8,132,37.0,36.4,37.0,135,36.4,128,49.5,48.3,37.0 / 135,36.4 / 128
4160,TX,Blue,M,72,71.7,95.2,127,36.2,35.5,36.2,129,35.5,124,48.2,47.0,36.2 / 129,35.5 / 124
4160,TX,White,M,72,70.0,93.0,124,35.3,34.7,35.3,126,34.7,121,47.1,45.9,35.3 / 126,34.7 / 121
4160,TX,Red,M,72,66.3,88.0,117,33.7,32.6,33.7,122,32.6,112,45.0,43.0,33.7 / 122,32.6 / 112
4160,TX,Black,F,72,81.9,115.4,142,41.2,40.7,41.2,146,40.7,138,58.4,57.0,41.2 / 146,40.7 / 138
4160,TX,Gold,F,72,79.7,112.2,138,40.1,39.6,40.1,142,39.6,134,56.8,55.4,40.1 / 142,39.6 / 134
4160,TX,Blue,F,72,77.7,109.2,134,39.1,38.6,39.1,137,38.6,130,55.3,53.9,39.1 / 137,38.6 / 130
4160,TX,White,F,72,75.4,105.6,128,37.9,37.5,37.9,131,37.5,125,53.4,52.2,37.9 / 131,37.5 / 125
4160,TX,Red,F,72,70.9,99.8,123,35.9,35.0,35.9,127,35.0,118,50.9,48.9,35.9 / 127,35.0 / 118
4223,TX,Blue/White,M,70,66.7,88.6,118,33.3,33.4,33.3,122,33.4,114,44.6,44.0,33.3 / 122,33.4 / 114
4223,TX,Red/Yellow,M,70,63.4,83.9,111,31.9,31.5,31.9,112,31.5,109,42.3,41.6,31.9 / 112,31.5 / 109
4223,TX,Blue/White,F,70,72.2,100.0,118,36.0,36.2,36.0,118,36.2,118,49.9,50.1,36.0 / 118,36.2 / 118
4223,TX,Red/Yellow,F,70,67.6,93.1,108,34.0,33.6,34.0,109,33.6,107,46.9,46.2,34.0 / 109,33.6 / 107
4573,TX,Black,M,71,74.6,100.0,137,36.6,38.0,36.6,125,38.0,149,48.2,51.8,36.6 / 125,38.0 / 149
4573,TX,Blue,M,71,71.3,96.2,134,35.2,36.1,35.2,128,36.1,140,47.1,49.1,35.2 / 128,36.1 / 140
4573,TX,Bk/Bl/W Hybrid,M,71,70.3,94.6,131,34.8,35.5,34.8,126,35.5,136,46.5,48.1,34.8 / 126,35.5 / 136
4573,TX,White,M,71,68.6,92.2,127,33.4,35.2,33.4,123,35.2,131,44.8,47.4,33.4 / 123,35.2 / 131
4573,TX,G/W Hybrid,M,71,66.3,88.7,121,32.5,33.8,32.5,117,33.8,124,43.4,45.3,32.5 / 117,33.8 / 124
4573,TX,Gold,M,71,65.8,87.9,119,32.2,33.6,32.2,115,33.6,123,42.9,45.0,32.2 / 115,33.6 / 123
4573,TX,White,F,71,73.9,105.3,133,35.8,38.1,35.8,124,38.1,142,50.4,54.9,35.8 / 124,38.1 / 142
4573,TX,G/W Hybrid,F,71,71.2,100.9,126,34.8,36.4,34.8,123,36.4,129,49.3,51.6,34.8 / 123,36.4 / 129
4573,TX,Gold,F,71,70.1,98.9,122,33.7,36.4,33.7,121,36.4,123,48.0,50.9,33.7 / 121,36.4 / 123
3991,TX,Gold,M,72,74.1,98.9,133,37.0,37.1,37.0,133,37.1,133,49.4,49.5,37.0 / 133,37.1 / 133
3991,TX,Blue,M,72,72.5,96.4,129,36.1,36.4,36.1,128,36.4,129,48.0,48.4,36.1 / 128,36.4 / 129
3991,TX,White,M,72,70.2,93.4,125,34.9,35.3,34.9,124,35.3,126,46.4,47.0,34.9 / 124,35.3 / 126
3991,TX,Black,M,72,67.4,89.8,121,33.7,33.7,33.7,121,33.7,121,44.9,44.9,33.7 / 121,33.7 / 121
3991,TX,Red,M,72,65.3,86.7,115,32.8,32.5,32.8,116,32.5,114,43.6,43.1,32.8 / 116,32.5 / 114
3991,TX,Gold,F,72,80.4,114.0,143,40.3,40.1,40.3,141,40.1,144,56.9,57.1,40.3 / 141,40.1 / 144
3991,TX,Blue,F,72,78.3,110.9,139,39.1,39.2,39.1,137,39.2,140,55.2,55.7,39.1 / 137,39.2 / 140
3991,TX,White,F,72,75.6,106.9,133,37.7,37.9,37.7,131,37.9,135,53.1,53.8,37.7 / 131,37.9 / 135
3991,TX,Black,F,72,72.6,102.3,126,36.4,36.2,36.4,124,36.2,128,51.0,51.3,36.4 / 124,36.2 / 128
3991,TX,Red,F,72,69.9,98.3,121,35.2,34.7,35.2,120,34.7,121,49.3,49.0,35.2 / 120,34.7 / 121
3992,TX,Gold,M,72,74.2,99.0,134,36.8,37.4,36.8,128,37.4,139,48.7,50.3,36.8 / 128,37.4 / 139
3992,TX,Blue,M,72,72.7,96.9,131,36.0,36.7,36.0,125,36.7,136,47.6,49.3,36.0 / 125,36.7 / 136
3992,TX,White,M,72,70.8,94.2,126,34.7,36.1,34.7,123,36.1,129,46.1,48.1,34.7 / 123,36.1 / 129
3992,TX,Black,M,72,66.0,88.1,119,32.9,33.1,32.9,116,33.1,122,43.7,44.4,32.9 / 116,33.1 / 122
3992,TX,Red,M,72,65.0,85.6,111,32.5,32.5,32.5,108,32.5,114,42.5,43.1,32.5 / 108,32.5 / 114
3992,TX,Gold,F,72,81.3,115.5,145,40.2,41.1,40.2,141,41.1,149,56.8,58.7,40.2 / 141,41.1 / 149
3992,TX,Blue,F,72,79.5,112.3,139,39.3,40.2,39.3,134,40.2,144,55.1,57.2,39.3 / 134,40.2 / 144
3992,TX,White,F,72,77.0,108.6,134,37.8,39.2,37.8,129,39.2,139,53.0,55.6,37.8 / 129,39.2 / 139
3992,TX,Black,F,72,71.0,99.5,121,35.4,35.6,35.4,118,35.6,124,49.3,50.2,35.4 / 118,35.6 / 124
3992,TX,Red,F,72,70.0,97.9,118,34.9,35.1,34.9,115,35.1,121,48.5,49.4,34.9 / 115,35.1 / 121
4574,TX,Green,M,70,68.0,88.8,112,34.0,34.0,34.0,112,34.0,112,44.4,44.4,34.0 / 112,34.0 / 112
4574,TX,Red,M,70,62.8,81.6,101,31.4,31.4,31.4,101,31.4,101,40.8,40.8,31.4 / 101,31.4 / 101
4574,TX,Green,F,70,73.0,100.6,117,36.5,36.5,36.5,117,36.5,117,50.3,50.3,36.5 / 117,36.5 / 117
4574,TX,Red,F,70,66.2,90.8,104,33.1,33.1,33.1,104,33.1,104,45.4,45.4,33.1 / 104,33.1 / 104
4608,TX,Back,M,70,68.7,91.6,123,34.4,34.3,34.4,128,34.3,118,46.3,45.3,34.4 / 128,34.3 / 118
4608,TX,Front,M,70,67.3,89.4,119,33.7,33.6,33.7,122,33.6,116,45.0,44.4,33.7 / 122,33.6 / 116
4608,TX,Back,F,72,74.9,105.9,132,37.5,37.4,37.5,133,37.4,130,53.2,52.7,37.5 / 133,37.4 / 130
4608,TX,Front,F,72,73.4,103.4,128,36.7,36.7,36.7,129,36.7,126,51.9,51.5,36.7 / 129,36.7 / 126
4159,TX,Black,M,70,71.9,96.5,133,36.2,35.7,36.2,135,35.7,130,48.7,47.8,36.2 / 135,35.7 / 130
4159,TX,Blue,M,70,70.5,94.6,130,35.5,35.0,35.5,131,35.0,128,47.7,46.9,35.5 / 131,35.0 / 128
4159,TX,White,M,70,68.1,90.7,122,34.4,33.7,34.4,124,33.7,119,45.9,44.8,34.4 / 124,33.7 / 119
4159,TX,Red,M,70,64.4,86.2,118,32.9,31.5,32.9,120,31.5,115,44.0,42.2,32.9 / 120,31.5 / 115
4159,TX,Black,F,70,77.3,110.4,141,39.1,38.2,39.1,137,38.2,144,55.2,55.2,39.1 / 137,38.2 / 144
4159,TX,Blue,F,70,75.8,108.1,137,38.2,37.6,38.2,133,37.6,141,53.9,54.2,38.2 / 133,37.6 / 141
4159,TX,White,F,70,73.2,104.3,132,37.0,36.2,37.0,128,36.2,136,52.1,52.2,37.0 / 128,36.2 / 136
4159,TX,Red,F,70,68.3,96.7,121,35.1,33.2,35.1,122,33.2,119,49.5,47.2,35.1 / 122,33.2 / 119
4042,TX,Black,M,72,76.1,101.2,135,38.2,37.9,38.2,132,37.9,138,50.5,50.7,38.2 / 132,37.9 / 138
4042,TX,Blue,M,72,73.4,97.5,130,36.8,36.6,36.8,128,36.6,131,48.7,48.8,36.8 / 128,36.6 / 131
4042,TX,White,M,72,70.7,94.2,127,35.4,35.3,35.4,125,35.3,128,47.0,47.2,35.4 / 125,35.3 / 128
4042,TX,Red,M,72,68.0,90.6,122,33.8,34.2,33.8,121,34.2,123,45.0,45.6,33.8 / 121,34.2 / 123
4042,TX,White,F,72,76.8,109.6,139,38.3,38.5,38.3,136,38.5,142,54.3,55.3,38.3 / 136,38.5 / 142
4042,TX,Red,F,72,73.5,103.6,128,36.5,37.0,36.5,124,37.0,131,51.1,52.5,36.5 / 124,37.0 / 131
4634,TX,Blue,M,72,70.5,91.7,114,34.8,35.7,34.8,113,35.7,114,45.3,46.4,34.8 / 113,35.7 / 114
4634,TX,White,M,72,67.9,88.5,111,33.4,34.5,33.4,111,34.5,111,43.7,44.8,33.4 / 111,34.5 / 111
4634,TX,Red,M,72,63.8,83.1,104,31.4,32.4,31.4,103,32.4,104,41.0,42.1,31.4 / 103,32.4 / 104
4634,TX,White,F,72,73.3,101.5,120,35.9,37.4,35.9,116,37.4,123,49.6,51.9,35.9 / 116,37.4 / 123
4634,TX,Red,F,72,68.5,94.4,110,33.5,35.0,33.5,106,35.0,114,46.0,48.4,33.5 / 106,35.0 / 114
4048,TX,Blue,M,72,74.8,100.3,138,37.5,37.3,37.5,139,37.3,136,50.4,49.9,37.5 / 139,37.3 / 136
4048,TX,White,M,72,72.9,97.7,134,36.6,36.3,36.6,135,36.3,132,49.1,48.6,36.6 / 135,36.3 / 132
4048,TX,White/Green,M,72,71.5,95.9,131,35.6,35.9,35.6,131,35.9,130,47.8,48.1,35.6 / 131,35.9 / 130
4048,TX,Green,M,72,70.7,94.1,126,35.3,35.4,35.3,128,35.4,124,47.2,46.9,35.3 / 128,35.4 / 124
4048,TX,Red,M,72,68.5,91.0,122,34.5,34.0,34.5,121,34.0,122,45.7,45.3,34.5 / 121,34.0 / 122
4048,TX,Purple,M,72,66.4,88.5,119,33.4,33.0,33.4,118,33.0,119,44.4,44.1,33.4 / 118,33.0 / 119
4048,TX,Blue,F,72,82.1,116.8,147,41.1,41.0,41.1,149,41.0,145,58.7,58.1,41.1 / 149,41.0 / 145
4048,TX,White,F,72,79.7,113.6,144,39.9,39.8,39.9,146,39.8,142,57.1,56.5,39.9 / 146,39.8 / 142
4048,TX,White/Green,F,72,78.2,111.6,142,38.8,39.4,38.8,143,39.4,140,55.7,55.9,38.8 / 143,39.4 / 140
4048,TX,Green,F,72,77.0,109.8,140,38.5,38.5,38.5,141,38.5,138,55.1,54.7,38.5 / 141,38.5 / 138
4048,TX,Red,F,72,74.5,105.8,133,37.2,37.3,37.2,136,37.3,130,53.2,52.6,37.2 / 136,37.3 / 130
4048,TX,Purple,F,72,71.4,101.2,127,36.0,35.4,36.0,128,35.4,125,51.1,50.1,36.0 / 128,35.4 / 125
4047,TX,Blue,M,72,73.7,99.5,138,36.8,36.9,36.8,138,36.9,138,49.7,49.8,36.8 / 138,36.9 / 138
4047,TX,White,M,72,71.8,96.8,134,35.8,36.0,35.8,133,36.0,135,48.2,48.6,35.8 / 133,36.0 / 135
4047,TX,White/Green,M,72,70.4,94.9,131,35.1,35.3,35.1,131,35.3,131,47.4,47.5,35.1 / 131,35.3 / 131
4047,TX,Green,M,72,69.2,92.5,125,34.5,34.7,34.5,127,34.7,123,46.4,46.1,34.5 / 127,34.7 / 123
4047,TX,Green/Red,M,72,67.8,90.2,121,33.4,34.4,33.4,121,34.4,121,44.6,45.6,33.4 / 121,34.4 / 121
4047,TX,Red,M,72,65.6,86.6,114,32.3,33.3,32.3,113,33.3,115,42.7,43.9,32.3 / 113,33.3 / 115
4047,TX,Blue,F,72,80.3,114.6,146,40.1,40.2,40.1,146,40.2,145,57.3,57.3,40.1 / 146,40.2 / 145
4047,TX,White,F,72,78.1,111.2,141,39.0,39.1,39.0,139,39.1,142,55.4,55.8,39.0 / 139,39.1 / 142
4047,TX,White/Green,F,72,76.6,108.9,137,38.3,38.3,38.3,137,38.3,137,54.4,54.5,38.3 / 137,38.3 / 137
4047,TX,Green,F,72,75.1,106.4,132,37.6,37.5,37.6,134,37.5,130,53.4,53.0,37.6 / 134,37.5 / 130
4047,TX,Green/Red,F,72,72.9,103.2,129,35.9,37.0,35.9,129,37.0,128,51.1,52.1,35.9 / 129,37.0 / 128
4047,TX,Red,F,72,70.4,99.5,124,34.6,35.8,34.6,121,35.8,126,48.9,50.6,34.6 / 121,35.8 / 126
4440,TX,Blue,M,72,73.5,97.2,128,37.6,35.9,37.6,132,35.9,123,49.9,47.3,37.6 / 132,35.9 / 123
4440,TX,White,M,72,70.1,92.9,123,35.6,34.5,35.6,127,34.5,118,47.4,45.5,35.6 / 127,34.5 / 118
4440,TX,Gold,M,72,68.5,90.7,120,34.6,33.9,34.6,124,33.9,115,46.1,44.6,34.6 / 124,33.9 / 115
4440,TX,Red,M,72,66.7,88.0,115,33.7,33.0,33.7,118,33.0,111,44.7,43.3,33.7 / 118,33.0 / 111
4440,TX,Blue,F,72,79.6,111.8,137,40.6,39.0,40.6,138,39.0,135,56.9,54.9,40.6 / 138,39.0 / 135
4440,TX,White,F,72,75.9,106.3,129,38.6,37.3,38.6,130,37.3,128,53.9,52.4,38.6 / 130,37.3 / 128
4440,TX,Gold,F,72,73.7,103.2,126,37.2,36.5,37.2,127,36.5,125,52.0,51.2,37.2 / 127,36.5 / 125
4440,TX,Red,F,72,71.2,99.4,120,36.0,35.2,36.0,120,35.2,119,50.2,49.2,36.0 / 120,35.2 / 119
4117,TX,Black,M,72,77.5,105.8,151,38.5,39.0,38.5,155,39.0,147,53.1,52.7,38.5 / 155,39.0 / 147
4117,TX,Gold,M,72,75.5,102.7,147,37.4,38.1,37.4,150,38.1,143,51.3,51.4,37.4 / 150,38.1 / 143
4117,TX,Bold,M,72,73.9,99.0,142,36.6,37.3,36.6,146,37.3,138,50.2,50.1,36.6 / 146,37.3 / 138
4117,TX,Blue,M,72,73.5,97.8,138,36.2,37.3,36.2,140,37.3,136,49.2,49.9,36.2 / 140,37.3 / 136
4117,TX,White,M,72,71.8,96.9,137,35.5,36.3,35.5,136,36.3,137,48.1,49.0,35.5 / 136,36.3 / 137
4117,TX,Green,M,72,68.8,92.3,129,34.2,34.6,34.2,122,34.6,135,45.5,47.1,34.2 / 122,34.6 / 135
4117,TX,Red,M,72,67.3,90.3,126,33.3,34.0,33.3,119,34.0,132,44.4,46.3,33.3 / 119,34.0 / 132
4117,TX,Blue,F,72,79.2,112.6,147,38.9,40.3,38.9,147,40.3,146,56.2,57.5,38.9 / 147,40.3 / 146
4117,TX,White,F,73,77.8,109.8,144,38.5,39.3,38.5,145,39.3,143,55.6,56.2,38.5 / 145,39.3 / 143
4117,TX,Green,F,72,74.6,105.7,133,36.6,38.0,36.6,132,38.0,133,52.2,53.7,36.6 / 132,38.0 / 133
4117,TX,Red,F,72,72.6,102.7,131,35.7,36.9,35.7,127,36.9,134,50.7,52.7,35.7 / 127,36.9 / 134
4120,TX,Black,M,72,74.2,98.6,132,37.2,36.9,37.2,125,36.9,137,48.8,49.6,37.2 / 125,36.9 / 137
4120,TX,Blue,M,72,72.3,96.7,131,36.1,36.0,36.1,129,36.0,133,48.1,48.4,36.1 / 129,36.0 / 133
4120,TX,White,M,72,69.9,93.7,128,35.0,34.8,35.0,125,34.8,127,46.6,46.6,35.0 / 125,34.8 / 127
4120,TX,Gold,M,72,67.4,89.5,119,33.6,33.7,33.6,118,33.7,118,44.6,44.7,33.6 / 118,33.7 / 118
4120,TX,White,F,72,76.6,109.1,138,38.3,38.2,38.3,133,38.2,142,54.0,55.0,38.3 / 133,38.2 / 142
4120,TX,Gold,F,72,73.4,103.8,129,36.6,36.7,36.6,126,36.7,131,51.4,52.2,36.6 / 126,36.7 / 131
4120,TX,Green,F,72,69.7,98.0,120,34.7,35.0,34.7,120,35.0,120,48.8,49.2,34.7 / 120,35.0 / 120
4119,TX,Black,M,72,73.8,99.0,136,36.9,36.9,36.9,137,36.9,135,49.6,49.4,36.9 / 137,36.9 / 135
4119,TX,Blue,M,72,71.8,95.9,130,36.0,35.8,36.0,133,35.8,126,48.4,47.5,36.0 / 133,35.8 / 126
4119,TX,White,M,72,70.0,94.0,129,34.8,35.2,34.8,127,35.2,131,46.6,47.4,34.8 / 127,35.2 / 131
4119,TX,Gold,M,72,67.8,89.7,118,33.7,34.1,33.7,118,34.1,117,44.7,45.0,33.7 / 118,34.1 / 117
4119,TX,Green,M,72,65.0,85.7,112,32.1,32.9,32.1,113,32.9,110,42.6,43.1,32.1 / 113,32.9 / 110
4119,TX,Black,F,75,81.2,116.0,148,40.6,40.6,40.6,148,40.6,147,58.1,57.9,40.6 / 148,40.6 / 147
4119,TX,Blue,F,72,78.8,112.5,143,39.6,39.2,39.6,144,39.2,142,56.6,55.9,39.6 / 144,39.2 / 142
4119,TX,White,F,72,76.6,109.3,139,38.2,38.4,38.2,142,38.4,136,54.9,54.4,38.2 / 142,38.4 / 136
4119,TX,Gold,F,72,73.5,104.6,132,36.7,36.8,36.7,131,36.8,133,52.1,52.5,36.7 / 131,36.8 / 133
4119,TX,Green,F,72,69.9,98.3,121,34.6,35.3,34.6,120,35.3,121,48.7,49.6,34.6 / 120,35.3 / 121
4118,TX,Black,M,72,74.3,98.3,130,36.9,37.3,36.9,135,37.3,124,49.4,48.8,36.9 / 135,37.3 / 124
4118,TX,Blue,M,72,72.0,95.8,128,35.8,36.1,35.8,126,36.1,129,47.5,48.1,35.8 / 126,36.1 / 129
4118,TX,White,M,72,70.3,93.8,127,35.2,35.0,35.2,131,35.0,125,47.4,46.6,35.2 / 131,35.0 / 125
4118,TX,Gold,M,72,67.9,89.8,118,34.1,33.6,34.1,117,33.6,118,45.0,44.6,34.1 / 117,33.6 / 118
4118,TX,White,F,72,76.9,108.6,135,38.4,38.3,38.4,136,38.3,133,54.4,54.0,38.4 / 136,38.3 / 133
4118,TX,Gold,F,72,73.6,104.1,130,36.8,36.6,36.8,133,36.6,126,52.5,51.4,36.8 / 133,36.6 / 126
4118,TX,Green,F,72,70.2,98.7,121,35.3,34.7,35.3,121,34.7,120,49.6,48.8,35.3 / 121,34.7 / 120
4358,TX,Purple,M,72,75.3,100.0,133,39.3,36.0,39.3,135,36.0,131,51.8,48.2,39.3 / 135,36.0 / 131
4358,TX,Blue,M,72,72.7,96.6,129,37.9,34.8,37.9,130,34.8,127,50.0,46.6,37.9 / 130,34.8 / 127
4358,TX,White,M,72,70.7,93.9,125,36.7,34.0,36.7,127,34.0,123,48.5,45.4,36.7 / 127,34.0 / 123
4358,TX,Gold,M,72,68.6,91.3,122,35.7,32.9,35.7,125,32.9,119,47.3,44.0,35.7 / 125,32.9 / 119
4358,TX,Red,M,72,65.5,87.8,120,33.8,31.7,33.8,124,31.7,116,45.3,42.5,33.8 / 124,31.7 / 116
4358,TX,Black,M,72,62.9,84.1,114,32.3,30.6,32.3,117,30.6,111,43.2,40.9,32.3 / 117,30.6 / 111
4358,TX,Green,M,72,60.4,80.2,107,31.0,29.4,31.0,109,29.4,104,41.1,39.1,31.0 / 109,29.4 / 104
4358,TX,Purple,F,72,82.0,115.8,143,42.6,39.4,42.6,149,39.4,137,60.2,55.6,42.6 / 149,39.4 / 137
4358,TX,Blue,F,72,79.0,111.9,140,40.9,38.1,40.9,145,38.1,134,58.0,53.9,40.9 / 145,38.1 / 134
4358,TX,White,F,72,76.6,108.0,133,39.6,37.0,39.6,137,37.0,129,55.8,52.2,39.6 / 137,37.0 / 129
4358,TX,Gold,F,72,73.9,104.4,130,38.3,35.6,38.3,135,35.6,124,54.2,50.2,38.3 / 135,35.6 / 124
4358,TX,Red,F,72,70.1,99.4,124,36.0,34.1,36.0,127,34.1,121,51.0,48.4,36.0 / 127,34.1 / 121
4358,TX,Black,F,72,66.5,94.4,118,34.4,32.1,34.4,122,32.1,114,48.8,45.6,34.4 / 122,32.1 / 114
4358,TX,Green,F,72,61.8,87.3,108,31.9,29.9,31.9,110,29.9,106,44.9,42.4,31.9 / 110,29.9 / 106
4181,TX,Men's (Red/Blue),M,72,70.7,91.8,114,35.1,35.6,35.1,112,35.6,115,45.5,46.3,35.1 / 112,35.6 / 115
4181,TX,Ladies's (White/Red),F,74,71.5,99.7,120,35.5,36.0,35.5,119,36.0,120,49.5,50.2,35.5 / 119,36.0 / 120
4099,TX,Championship,M,72,74.0,98.6,133,36.9,37.1,36.9,138,37.1,127,49.7,48.9,36.9 / 138,37.1 / 127
4099,TX,Championship/Back,M,72,71.5,96.0,132,36.1,35.4,36.1,133,35.4,130,48.5,47.5,36.1 / 133,35.4 / 130
4099,TX,Back,M,72,71.0,94.9,129,35.6,35.4,35.6,133,35.4,124,48.0,46.9,35.6 / 133,35.4 / 124
4099,TX,Back/Middle Combo,M,72,69.7,93.4,128,34.8,34.9,34.8,129,34.9,126,46.8,46.6,34.8 / 129,34.9 / 126
4099,TX,Middle,M,72,68.9,92.5,127,34.4,34.5,34.4,129,34.5,125,46.4,46.1,34.4 / 129,34.5 / 125
4099,TX,Middle/Forward Combo,M,72,67.8,90.7,123,33.7,34.1,33.7,127,34.1,119,45.5,45.2,33.7 / 127,34.1 / 119
4099,TX,Forward,M,72,66.8,89.1,120,33.3,33.5,33.3,118,33.5,122,44.3,44.8,33.3 / 118,33.5 / 122
4099,TX,Short Tee,M,72,60.2,80.0,106,29.9,30.3,29.9,104,30.3,108,39.6,40.4,29.9 / 104,30.3 / 108
4099,TX,Middle,F,72,75.7,107.9,137,37.6,38.1,37.6,137,38.1,136,53.8,54.1,37.6 / 137,38.1 / 136
4099,TX,Middle/Forward Combo,F,72,73.5,104.3,131,36.9,36.6,36.9,131,36.6,130,52.4,51.9,36.9 / 131,36.6 / 130
4099,TX,Forward,F,72,72.1,101.5,125,36.2,35.9,36.2,126,35.9,123,51.1,50.4,36.2 / 126,35.9 / 123
4099,TX,Short Tee,F,72,61.4,86.4,106,30.6,30.8,30.6,105,30.8,107,43.0,43.4,30.6 / 105,30.8 / 107
4097,TX,Championship,M,72,74.1,98.2,130,37.1,37.0,37.1,127,37.0,132,48.9,49.3,37.1 / 127,37.0 / 132
4097,TX,Championship/Back Combo,M,72,72.5,96.5,129,36.3,36.2,36.3,129,36.2,129,48.3,48.2,36.3 / 129,36.2 / 129
4097,TX,Back,M,72,71.0,94.4,126,35.4,35.6,35.4,124,35.6,128,46.9,47.5,35.4 / 124,35.6 / 128
4097,TX,Back/Middle Combo,M,72,70.2,93.4,125,34.9,35.3,34.9,124,35.3,126,46.4,47.0,34.9 / 124,35.3 / 126
4097,TX,Middle,M,72,69.0,92.2,125,34.5,34.5,34.5,125,34.5,125,46.1,46.1,34.5 / 125,34.5 / 125
4097,TX,Middle/Forward Combo,M,72,67.9,90.7,123,33.9,34.0,33.9,122,34.0,124,45.2,45.5,33.9 / 122,34.0 / 124
4097,TX,Forward,M,72,67.0,89.5,122,33.5,33.5,33.5,122,33.5,121,44.8,44.7,33.5 / 122,33.5 / 121
4097,TX,Short Tee,M,72,60.7,80.9,109,30.3,30.4,30.3,108,30.4,110,40.3,40.6,30.3 / 108,30.4 / 110
4097,TX,Middle,F,72,75.6,106.6,132,38.1,37.5,38.1,136,37.5,127,54.1,52.5,38.1 / 136,37.5 / 127
4097,TX,Middle/Forward Combo,F,72,73.6,104.2,130,36.5,37.1,36.5,129,37.1,131,51.7,52.5,36.5 / 129,37.1 / 131
4097,TX,Forward,F,72,71.6,100.7,124,35.9,35.7,35.9,123,35.7,124,50.4,50.3,35.9 / 123,35.7 / 124
4097,TX,Short Tee,F,72,62.5,88.3,109,30.8,31.7,30.8,107,31.7,111,43.4,44.9,30.8 / 107,31.7 / 111
4098,TX,Championship,M,72,74.0,99.3,136,37.1,36.9,37.1,133,36.9,139,49.5,49.8,37.1 / 133,36.9 / 139
4098,TX,Championship/Back Combo,M,72,71.9,96.4,132,35.9,36.0,35.9,129,36.0,135,47.9,48.5,35.9 / 129,36.0 / 135
4098,TX,Back,M,72,71.3,95.6,131,35.7,35.6,35.7,128,35.6,133,47.6,48.0,35.7 / 128,35.6 / 133
4098,TX,Back/Middle Combo,M,72,70.0,94.2,130,35.1,34.9,35.1,129,34.9,131,47.1,47.1,35.1 / 129,34.9 / 131
4098,TX,Middle,M,72,68.9,92.6,127,34.5,34.4,34.5,125,34.4,129,46.1,46.5,34.5 / 125,34.4 / 129
4098,TX,Middle/Forward Combo,M,72,67.6,90.3,123,33.7,33.9,33.7,122,33.9,123,45.0,45.3,33.7 / 122,33.9 / 123
4098,TX,Forward,M,72,66.8,89.0,120,33.5,33.3,33.5,121,33.3,118,44.7,44.3,33.5 / 121,33.3 / 118
4098,TX,Short Tee,M,72,60.3,80.2,107,30.4,29.9,30.4,110,29.9,104,40.6,39.6,30.4 / 110,29.9 / 104
4098,TX,Middle,F,72,75.1,106.3,132,37.5,37.6,37.5,127,37.6,137,52.5,53.8,37.5 / 127,37.6 / 137
4098,TX,Middle/Forward Combo,F,72,73.7,104.5,131,36.8,36.9,36.8,129,36.9,132,52.0,52.5,36.8 / 129,36.9 / 132
4098,TX,Forward,F,72,71.9,101.4,125,35.7,36.2,35.7,124,36.2,126,50.3,51.1,35.7 / 124,36.2 / 126
4098,TX,Short Tee,F,72,62.3,87.8,108,31.7,30.6,31.7,111,30.6,105,44.8,43.0,31.7 / 111,30.6 / 105
4305,TX,Brazos,M,71,73.2,98.1,134,37.4,35.8,37.4,143,35.8,125,50.7,47.4,37.4 / 143,35.8 / 125
4305,TX,Blue,M,71,71.1,95.6,132,36.4,34.7,36.4,136,34.7,128,49.0,46.6,36.4 / 136,34.7 / 128
4305,TX,White,M,71,69.0,91.8,123,34.9,34.1,34.9,129,34.1,116,46.9,44.9,34.9 / 129,34.1 / 116
4305,TX,Red,M,71,66.0,86.5,111,33.2,32.8,33.2,110,32.8,111,43.4,43.1,33.2 / 110,32.8 / 111
4305,TX,Brazos,F,71,80.8,114.2,142,41.1,39.7,41.1,147,39.7,137,58.4,55.8,41.1 / 147,39.7 / 137
4305,TX,Blue,F,71,77.8,110.7,140,39.8,38.0,39.8,142,38.0,137,56.5,54.2,39.8 / 142,38.0 / 137
4305,TX,White,F,71,74.9,106.5,134,38.0,36.9,38.0,138,36.9,130,54.3,52.2,38.0 / 138,36.9 / 130
4305,TX,Red,F,71,69.9,98.3,121,35.3,34.6,35.3,125,34.6,116,50.0,48.3,35.3 / 125,34.6 / 116
4576,TX,Blue,M,72,72.4,97.5,136,36.4,36.0,36.4,136,36.0,135,49.0,48.5,36.4 / 136,36.0 / 135
4576,TX,White,M,72,69.7,93.9,131,35.0,34.7,35.0,139,34.7,122,47.9,46.0,35.0 / 139,34.7 / 122
4576,TX,Gold,M,72,66.6,88.7,119,33.2,33.4,33.2,126,33.4,112,44.9,43.8,33.2 / 126,33.4 / 112
4576,TX,Red,M,72,63.6,83.9,109,31.7,31.9,31.7,114,31.9,104,42.3,41.6,31.7 / 114,31.9 / 104
4576,TX,Blue,F,72,79.6,113.1,142,40.1,39.5,40.1,142,39.5,142,56.8,56.3,40.1 / 142,39.5 / 142
4576,TX,White,F,72,75.6,107.9,137,38.1,37.5,38.1,138,37.5,136,54.4,53.5,38.1 / 138,37.5 / 136
4576,TX,Gold,F,72,72.0,102.5,130,36.2,35.8,36.2,130,35.8,129,51.5,51.0,36.2 / 130,35.8 / 129
4576,TX,Red,F,72,68.1,95.5,116,34.1,34.0,34.1,118,34.0,114,48.0,47.5,34.1 / 118,34.0 / 114
4103,TX,Black,M,72,74.1,98.0,129,37.0,37.1,37.0,135,37.1,123,49.5,48.5,37.0 / 135,37.1 / 123
4103,TX,Gold,M,72,72.0,95.0,125,36.0,36.0,36.0,130,36.0,117,48.1,46.9,36.0 / 130,36.0 / 117
4103,TX,Gold/Blue Combo,M,72,70.6,93.7,124,35.3,35.3,35.3,130,35.3,118,47.4,46.3,35.3 / 130,35.3 / 118
4103,TX,Blue,M,72,69.1,92.1,123,34.6,34.5,34.6,127,34.5,121,46.4,45.7,34.6 / 127,34.5 / 121
4103,TX,Blue/Green Combo,M,72,67.4,89.7,120,33.8,33.6,33.8,122,33.6,118,45.1,44.6,33.8 / 122,33.6 / 118
4103,TX,Green,M,72,66.6,88.5,118,33.2,33.4,33.2,118,33.4,117,44.2,44.3,33.2 / 118,33.4 / 117
4103,TX,Green/Red Combo,M,72,65.0,86.4,115,32.4,32.6,32.4,115,32.6,115,43.1,43.3,32.4 / 115,32.6 / 115
4103,TX,Red,M,72,64.4,85.4,113,32.1,32.3,32.1,113,32.3,113,42.6,42.8,32.1 / 113,32.3 / 113
4103,TX,Purple,M,72,57.0,73.2,87,28.5,28.5,28.5,88,28.5,86,36.7,36.5,28.5 / 88,28.5 / 86
4103,TX,Black,F,72,81.1,114.0,140,40.6,40.5,40.6,142,40.5,137,57.3,56.7,40.6 / 142,40.5 / 137
4103,TX,Gold,F,72,78.4,110.0,134,39.3,39.1,39.3,137,39.1,131,55.4,54.6,39.3 / 137,39.1 / 131
4103,TX,Gold/Blue Combo,F,72,76.9,107.7,131,38.6,38.3,38.6,133,38.3,128,54.3,53.4,38.6 / 133,38.3 / 128
4103,TX,Blue,F,72,75.7,105.8,128,37.9,37.8,37.9,130,37.8,126,53.2,52.6,37.9 / 130,37.8 / 126
4103,TX,Blue/Green Combo,F,72,73.9,103.3,125,37.0,36.9,37.0,127,36.9,122,52.0,51.3,37.0 / 127,36.9 / 122
4103,TX,Green,F,72,72.7,101.3,122,36.3,36.4,36.3,124,36.4,119,50.9,50.4,36.3 / 124,36.4 / 119
4103,TX,Green/Red Combo,F,72,70.9,98.6,118,35.4,35.5,35.4,120,35.5,115,49.5,49.1,35.4 / 120,35.5 / 115
4103,TX,Red,F,72,69.9,97.2,116,34.9,35.0,34.9,118,35.0,114,48.8,48.4,34.9 / 118,35.0 / 114
4103,TX,Purple,F,72,59.2,81.3,94,29.8,29.4,29.8,92,29.4,95,40.7,40.6,29.8 / 92,29.4 / 95
4421,TX,Black,M,72,74.5,99.6,135,36.5,38.0,36.5,133,38.0,137,48.9,50.7,36.5 / 133,38.0 / 137
4421,TX,Gold,M,72,72.7,97.2,132,35.6,37.1,35.6,130,37.1,133,47.7,49.5,35.6 / 130,37.1 / 133
4421,TX,Gold/Blue Combo,M,72,71.1,95.0,129,35.1,36.0,35.1,127,36.0,130,46.9,48.1,35.1 / 127,36.0 / 130
4421,TX,Blue,M,72,69.8,92.8,124,34.4,35.4,34.4,117,35.4,130,45.3,47.5,34.4 / 117,35.4 / 130
4421,TX,Blue/Green Combo,M,72,68.3,90.6,120,33.8,34.5,33.8,117,34.5,123,44.7,45.9,33.8 / 117,34.5 / 123
4421,TX,Green,M,72,67.1,88.3,114,33.0,34.1,33.0,112,34.1,116,43.4,44.9,33.0 / 112,34.1 / 116
4421,TX,Green/Red Combo,M,72,63.9,84.0,111,31.7,32.2,31.7,108,32.2,109,41.7,42.3,31.7 / 108,32.2 / 109
4421,TX,Red,M,72,63.7,83.8,109,31.7,32.0,31.7,108,32.0,109,41.7,42.1,31.7 / 108,32.0 / 109
4421,TX,Purple,M,72,57.3,74.2,91,29.0,28.3,29.0,94,28.3,88,37.7,36.5,29.0 / 94,28.3 / 88
4421,TX,Black,F,72,81.6,115.7,145,40.0,41.6,40.0,142,41.6,148,56.7,59.0,40.0 / 142,41.6 / 148
4421,TX,Gold,F,72,79.4,112.3,140,38.9,40.5,38.9,137,40.5,142,55.0,57.3,38.9 / 137,40.5 / 142
4421,TX,Gold/Blue Combo,F,72,77.7,109.8,136,38.3,39.4,38.3,134,39.4,138,54.1,55.7,38.3 / 134,39.4 / 138
4421,TX,Blue,F,72,75.9,107.3,134,37.1,38.8,37.1,130,38.8,137,52.4,54.9,37.1 / 130,38.8 / 137
4421,TX,Blue/Green Combo,F,72,74.2,104.6,129,36.6,37.6,36.6,126,37.6,131,51.5,53.1,36.6 / 126,37.6 / 131
4421,TX,Green,F,72,72.4,102.0,126,35.5,36.9,35.5,122,36.9,129,49.9,52.1,35.5 / 122,36.9 / 129
4421,TX,Green/Red Combo,F,72,68.4,95.9,118,33.9,34.5,33.9,115,34.5,118,47.5,48.4,33.9 / 115,34.5 / 118
4421,TX,Red,F,72,68.2,95.6,116,33.9,34.3,33.9,115,34.3,117,47.5,48.1,33.9 / 115,34.3 / 117
4421,TX,Purple,F,72,59.9,81.4,91,30.3,29.6,30.3,94,29.6,88,41.4,40.0,30.3 / 94,29.6 / 88
4102,TX,Black,M,72,73.0,97.2,130,36.6,36.4,36.6,133,36.4,127,49.0,48.2,36.6 / 133,36.4 / 127
4102,TX,Gold,M,72,71.1,94.6,127,35.9,35.2,35.9,128,35.2,125,47.8,46.8,35.9 / 128,35.2 / 125
4102,TX,Gold/Blue Combo,M,72,70.2,93.1,124,35.3,34.9,35.3,123,34.9,124,46.7,46.4,35.3 / 123,34.9 / 124
4102,TX,Blue,M,72,68.5,91.5,123,34.6,33.9,34.6,125,33.9,123,46.2,45.3,34.6 / 125,33.9 / 123
4102,TX,Blue/Green Combo,M,72,67.2,89.1,118,34.1,33.1,34.1,118,33.1,117,45.1,44.0,34.1 / 118,33.1 / 117
4102,TX,Green,M,72,66.2,87.5,115,33.6,32.6,33.6,116,32.6,113,44.4,43.1,33.6 / 116,32.6 / 113
4102,TX,Green/Red Combo,M,72,64.8,85.6,112,32.9,31.9,32.9,115,31.9,109,43.6,42.0,32.9 / 115,31.9 / 109
4102,TX,Red,M,72,63.6,83.9,110,32.2,31.4,32.2,112,31.4,107,42.6,41.3,32.2 / 112,31.4 / 107
4102,TX,Purple,M,72,57.8,75.2,94,28.9,28.9,28.9,93,28.9,95,37.5,37.7,28.9 / 93,28.9 / 95
4102,TX,Black,F,72,80.0,113.2,141,40.2,39.8,40.2,145,39.8,137,57.3,55.9,40.2 / 145,39.8 / 137
4102,TX,Gold,F,72,77.7,109.8,136,39.2,38.5,39.2,141,38.5,131,55.8,54.0,39.2 / 141,38.5 / 131
4102,TX,Gold/Blue Combo,F,72,76.6,108.0,133,38.4,38.2,38.4,137,38.2,129,54.6,53.4,38.4 / 137,38.2 / 129
4102,TX,Blue,F,72,74.9,105.4,130,37.8,37.1,37.8,134,37.1,125,53.6,51.8,37.8 / 134,37.1 / 125
4102,TX,Blue/Green Combo,F,72,73.2,102.9,126,37.0,36.2,37.0,131,36.2,121,52.4,50.5,37.0 / 131,36.2 / 121
4102,TX,Green,F,72,71.5,100.5,123,36.0,35.5,36.0,127,35.5,119,51.0,49.5,36.0 / 127,35.5 / 119
4102,TX,Red/Green Combo,F,72,69.9,98.1,120,35.3,34.6,35.3,125,34.6,114,50.0,48.1,35.3 / 125,34.6 / 114
4102,TX,Red,F,72,68.1,95.4,116,34.3,33.8,34.3,120,33.8,111,48.5,46.9,34.3 / 120,33.8 / 111
4102,TX,Purple,F,72,60.9,82.2,90,30.3,30.6,30.3,92,30.6,88,41.2,41.0,30.3 / 92,30.6 / 88
4577,TX,Blue,M,72,71.4,93.0,116,34.6,36.8,34.6,115,36.8,117,45.3,47.7,34.6 / 115,36.8 / 117
4577,TX,White,M,72,69.7,89.8,109,33.8,35.9,33.8,107,35.9,110,43.7,46.1,33.8 / 107,35.9 / 110
4577,TX,Gold,M,72,65.5,84.5,102,32.3,33.2,32.3,100,33.2,104,41.6,42.9,32.3 / 100,33.2 / 104
4577,TX,Red,F,72,68.1,94.0,110,33.4,34.7,33.4,109,34.7,110,46.3,47.7,33.4 / 109,34.7 / 110
4229,TX,Blue,M,71,70.5,93.5,124,35.0,35.5,35.0,125,35.5,123,46.6,46.9,35.0 / 125,35.5 / 123
4229,TX,White,M,71,69.6,92.1,122,34.5,35.1,34.5,122,35.1,121,45.8,46.3,34.5 / 122,35.1 / 121
4229,TX,Gold,M,71,66.2,86.9,112,32.8,33.4,32.8,108,33.4,115,42.8,44.1,32.8 / 108,33.4 / 115
4229,TX,Women,M,71,65.3,85.6,110,32.3,33.0,32.3,107,33.0,112,42.2,43.4,32.3 / 107,33.0 / 112
4229,TX,Forward,M,72,60.9,79.6,101,30.4,30.5,30.4,98,30.5,103,39.5,40.1,30.4 / 98,30.5 / 103
4229,TX,Red,F,71,70.8,99.6,122,35.0,35.8,35.0,121,35.8,123,49.3,50.3,35.0 / 121,35.8 / 123
4229,TX,Women,F,72,70.1,97.8,118,34.7,35.4,34.7,115,35.4,120,48.3,49.5,34.7 / 115,35.4 / 120
4229,TX,Forward,F,72,63.0,87.3,103,31.5,31.5,31.5,103,31.5,103,43.6,43.7,31.5 / 103,31.5 / 103
36500,TX,Men,M,72,68.1,88.6,111,34.2,33.9,34.2,111,33.9,110,44.5,44.1,34.2 / 111,33.9 / 110
36500,TX,Women,F,72,68.8,96.2,116,34.4,34.4,34.4,116,34.4,116,48.1,48.1,34.4 / 116,34.4 / 116
33823,TX,Gold,M,34,33.3,44.3,118,33.3,,33.3,118,,,44.3,,33.3 / 118,/
33823,TX,Silver,M,34,32.5,42.9,112,32.5,,32.5,112,,,42.9,,32.5 / 112,/
33823,TX,Copper,M,34,32.2,41.9,104,32.2,,32.2,104,,,41.9,,32.2 / 104,/
33823,TX,Gold,F,34,36.1,50.6,123,36.1,,36.1,123,,,50.6,,36.1 / 123,/
33823,TX,Silver,F,34,35.0,49.0,119,35.0,,35.0,119,,,49.0,,35.0 / 119,/
33823,TX,Copper,F,34,33.7,47.4,116,33.7,,33.7,116,,,47.4,,33.7 / 116,/
33825,TX,Gold,M,34,32.9,44.0,119,32.9,,32.9,119,,,44.0,,32.9 / 119,/
33825,TX,Silver,M,34,32.4,42.9,114,32.4,,32.4,114,,,42.9,,32.4 / 114,/
33825,TX,Copper,M,34,31.5,41.4,107,31.5,,31.5,107,,,41.4,,31.5 / 107,/
33825,TX,Gold,F,34,35.9,50.3,122,35.9,,35.9,122,,,50.3,,35.9 / 122,/
33825,TX,Silver,F,34,34.9,49.1,120,34.9,,34.9,120,,,49.1,,34.9 / 120,/
33825,TX,Copper,F,34,33.7,47.6,118,33.7,,33.7,118,,,47.6,,33.7 / 118,/
33826,TX,Gold,M,34,32.0,42.5,113,32.0,,32.0,113,,,42.5,,32.0 / 113,/
33826,TX,Silver,M,34,31.5,41.5,108,31.5,,31.5,108,,,41.5,,31.5 / 108,/
33826,TX,Copper,M,34,30.9,40.6,104,30.9,,30.9,104,,,40.6,,30.9 / 104,/
33826,TX,Gold,F,34,34.5,48.9,122,34.5,,34.5,122,,,48.9,,34.5 / 122,/
33826,TX,Silver,F,34,33.5,47.3,117,33.5,,33.5,117,,,47.3,,33.5 / 117,/
33826,TX,Copper,F,34,32.3,45.3,110,32.3,,32.3,110,,,45.3,,32.3 / 110,/
33824,TX,Gold,M,34,32.0,42.4,112,32.0,,32.0,112,,,42.4,,32.0 / 112,/
33824,TX,Silver,M,34,31.2,41.1,107,31.2,,31.2,107,,,41.1,,31.2 / 107,/
33824,TX,Copper,M,34,30.8,39.9,98,30.8,,30.8,98,,,39.9,,30.8 / 98,/
33824,TX,Gold,F,34,34.8,48.5,116,34.8,,34.8,116,,,48.5,,34.8 / 116,/
33824,TX,Silver,F,34,33.5,46.9,114,33.5,,33.5,114,,,46.9,,33.5 / 114,/
33824,TX,Copper,F,34,32.3,45.5,112,32.3,,32.3,112,,,45.5,,32.3 / 112,/
4115,TX,Gold,M,72,73.6,98.9,136,36.8,36.8,36.8,140,36.8,132,49.8,49.1,36.8 / 140,36.8 / 132
4115,TX,Blue,M,72,71.2,95.5,131,35.4,35.8,35.4,135,35.8,127,47.9,47.6,35.4 / 135,35.8 / 127
4115,TX,White,M,72,69.3,93.1,128,34.4,34.9,34.4,130,34.9,126,46.5,46.6,34.4 / 130,34.9 / 126
4115,TX,Red,M,72,65.8,88.2,121,32.7,33.1,32.7,124,33.1,117,44.2,44.0,32.7 / 124,33.1 / 117
4115,TX,White,F,72,74.5,106.5,136,36.9,37.6,36.9,134,37.6,137,52.7,53.8,36.9 / 134,37.6 / 137
4115,TX,Red,F,72,70.1,99.9,127,34.8,35.3,34.8,125,35.3,128,49.5,50.4,34.8 / 125,35.3 / 128
4377,TX,Championship,M,72,74.1,98.4,131,37.2,36.9,37.2,125,36.9,137,48.8,49.6,37.2 / 125,36.9 / 137
4377,TX,Back,M,72,72.0,95.6,127,36.2,35.8,36.2,122,35.8,132,47.5,48.1,36.2 / 122,35.8 / 132
4377,TX,Middle,M,72,69.5,92.2,122,34.7,34.8,34.7,119,34.8,125,45.8,46.4,34.7 / 119,34.8 / 125
4377,TX,Senior,M,72,66.4,88.5,119,33.2,33.2,33.2,117,33.2,121,44.1,44.4,33.2 / 117,33.2 / 121
4377,TX,Forward,M,72,64.5,86.0,116,32.0,32.5,32.0,113,32.5,118,42.5,43.5,32.0 / 113,32.5 / 118
4377,TX,Championship,F,72,80.8,114.1,142,40.6,40.2,40.6,142,40.2,141,57.3,56.8,40.6 / 142,40.2 / 141
4377,TX,Back,F,72,78.3,110.3,136,39.4,38.9,39.4,137,38.9,135,55.5,54.8,39.4 / 137,38.9 / 135
4377,TX,Middle,F,72,75.3,105.8,130,37.7,37.6,37.7,129,37.6,130,52.9,52.9,37.7 / 129,37.6 / 130
4377,TX,Senior,F,72,72.2,101.5,125,36.2,36.0,36.2,124,36.0,125,50.8,50.7,36.2 / 124,36.0 / 125
4377,TX,Forward,F,72,69.8,98.1,120,34.7,35.1,34.7,118,35.1,122,48.6,49.5,34.7 / 118,35.1 / 122
4662,TX,Black,M,72,71.9,96.2,134,35.4,36.5,35.4,126,36.5,136,47.1,49.1,35.4 / 126,36.5 / 136
4662,TX,Black/Gold Combo,M,72,70.9,95.3,132,34.7,36.2,34.7,126,36.2,137,46.4,48.9,34.7 / 126,36.2 / 137
4662,TX,Gold,M,72,70.1,93.9,128,34.1,36.0,34.1,123,36.0,133,45.5,48.4,34.1 / 123,36.0 / 133
4662,TX,Gold/White Combo,M,72,68.9,92.4,127,33.8,35.1,33.8,123,35.1,130,45.2,47.2,33.8 / 123,35.1 / 130
4662,TX,White,M,72,67.8,90.1,120,33.2,34.6,33.2,117,34.6,123,44.1,46.0,33.2 / 117,34.6 / 123
4662,TX,White/Green Combo,M,72,66.4,87.9,116,32.5,33.9,32.5,111,33.9,121,42.8,45.1,32.5 / 111,33.9 / 121
4662,TX,Green,M,72,64.8,84.2,105,31.6,33.2,31.6,93,33.2,116,40.2,44.0,31.6 / 93,33.2 / 116
4662,TX,Red/Green Combo,M,72,63.8,82.7,102,31.3,32.5,31.3,89,32.5,114,39.6,43.1,31.3 / 89,32.5 / 114
4662,TX,Black,F,72,78.8,112.9,145,38.6,40.2,38.6,137,40.2,152,54.8,58.1,38.6 / 137,40.2 / 152
4662,TX,Black/Gold Combo,F,72,77.9,111.8,144,37.9,40.0,37.9,133,40.0,154,53.6,58.2,37.9 / 133,40.0 / 154
4662,TX,Gold,F,72,76.4,108.8,138,37.0,39.4,37.0,128,39.4,147,52.1,56.7,37.0 / 128,39.4 / 147
4662,TX,Gold/White Combo,F,72,75.2,106.9,134,36.7,38.5,36.7,126,38.5,142,51.6,55.3,36.7 / 126,38.5 / 142
4662,TX,White,F,72,73.9,105.0,132,36.0,37.9,36.0,121,37.9,142,50.3,54.7,36.0 / 121,37.9 / 142
4662,TX,White/Green Combo,F,72,72.5,102.9,129,35.2,37.3,35.2,120,37.3,138,49.3,53.6,35.2 / 120,37.3 / 138
4662,TX,Green,F,72,70.3,99.1,122,33.9,36.4,33.9,116,36.4,128,47.6,51.5,33.9 / 116,36.4 / 128
4662,TX,Red/Green Combo,F,72,69.3,97.8,121,33.5,35.8,33.5,115,35.8,126,47.1,50.7,33.5 / 115,35.8 / 126
13951,TX,Black,M,71,74.7,100.1,137,37.4,37.3,37.4,139,37.3,135,50.3,49.8,37.4 / 139,37.3 / 135
13951,TX,Blue,M,71,72.0,96.4,131,36.4,35.6,36.4,129,35.6,133,48.4,48.0,36.4 / 129,35.6 / 133
13951,TX,White,M,71,69.4,92.7,126,35.4,34.0,35.4,123,34.0,128,46.8,45.9,35.4 / 123,34.0 / 128
13951,TX,Red,M,71,65.5,87.6,119,33.3,32.2,33.3,115,32.2,123,44.0,43.6,33.3 / 115,32.2 / 123
13951,TX,Black,F,71,80.6,115.3,147,40.5,40.1,40.5,149,40.1,145,58.1,57.2,40.5 / 149,40.1 / 145
13951,TX,Blue,F,71,77.5,111.2,143,39.2,38.3,39.2,146,38.3,140,56.4,54.8,39.2 / 146,38.3 / 140
13951,TX,White,F,71,74.2,106.9,139,37.7,36.5,37.7,142,36.5,135,54.5,52.4,37.7 / 142,36.5 / 135
13951,TX,Red,F,71,69.7,99.5,127,35.2,34.5,35.2,129,34.5,124,50.4,49.1,35.2 / 129,34.5 / 124
4398,TX,Black,M,72,74.2,100.0,139,36.5,37.7,36.5,138,37.7,140,49.3,50.7,36.5 / 138,37.7 / 140
4398,TX,Blue,M,72,72.4,96.9,132,35.5,36.9,35.5,136,36.9,128,48.1,48.8,35.5 / 136,36.9 / 128
4398,TX,White,M,72,69.6,93.4,128,33.8,35.8,33.8,123,35.8,133,45.2,48.2,33.8 / 123,35.8 / 133
4398,TX,Red,M,72,65.6,87.0,115,32.1,33.5,32.1,113,33.5,117,42.6,44.4,32.1 / 113,33.5 / 117
4398,TX,Blue,F,72,78.8,112.4,143,38.8,40.0,38.8,141,40.0,144,55.4,57.0,38.8 / 141,40.0 / 144
4398,TX,White,F,72,75.4,107.1,135,36.3,39.1,36.3,130,39.1,139,51.6,55.5,36.3 / 130,39.1 / 139
4398,TX,Red,F,72,70.3,99.4,123,34.1,36.2,34.1,120,36.2,126,48.3,51.1,34.1 / 120,36.2 / 126
30642,TX,Blue,M,72,71.6,92.4,112,35.8,35.8,35.8,112,35.8,112,46.2,46.2,35.8 / 112,35.8 / 112
30642,TX,White/Blue,M,72,70.6,91.1,111,34.8,35.8,34.8,109,35.8,112,44.9,46.2,34.8 / 109,35.8 / 112
30642,TX,White,M,72,69.6,89.8,109,34.8,34.8,34.8,109,34.8,109,44.9,44.9,34.8 / 109,34.8 / 109
30642,TX,Gold,M,72,67.4,86.6,103,33.7,33.7,33.7,103,33.7,103,43.3,43.3,33.7 / 103,33.7 / 103
30642,TX,Red,M,72,64.6,83.4,101,32.3,32.3,32.3,101,32.3,101,41.7,41.7,32.3 / 101,32.3 / 101
30642,TX,Blue,F,72,77.4,106.2,122,38.7,38.7,38.7,122,38.7,122,53.1,53.1,38.7 / 122,38.7 / 122
30642,TX,White/Blue,F,72,76.3,104.5,120,37.6,38.7,37.6,117,38.7,122,51.4,53.1,37.6 / 117,38.7 / 122
30642,TX,White,F,72,75.2,102.8,117,37.6,37.6,37.6,117,37.6,117,51.4,51.4,37.6 / 117,37.6 / 117
30642,TX,Gold,F,72,72.2,99.2,114,36.1,36.1,36.1,114,36.1,114,49.6,49.6,36.1 / 114,36.1 / 114
30642,TX,Red,F,72,69.2,94.8,109,34.6,34.6,34.6,109,34.6,109,47.4,47.4,34.6 / 109,34.6 / 109
4566,TX,Black,M,72,75.2,100.9,139,37.4,37.8,37.4,137,37.8,140,50.1,50.8,37.4 / 137,37.8 / 140
4566,TX,Blue,M,72,73.4,98.9,137,36.5,36.9,36.5,141,36.9,133,49.6,49.3,36.5 / 141,36.9 / 133
4566,TX,Tempest,M,72,71.6,96.6,135,35.7,35.9,35.7,142,35.9,127,48.9,47.7,35.7 / 142,35.9 / 127
4566,TX,White,M,72,70.0,93.5,127,35.0,35.0,35.0,130,35.0,123,47.1,46.4,35.0 / 130,35.0 / 123
4566,TX,Gold,M,72,65.9,86.7,112,32.9,33.0,32.9,114,33.0,110,43.5,43.2,32.9 / 114,33.0 / 110
4566,TX,Red,M,72,63.0,82.5,105,31.9,31.1,31.9,109,31.1,101,42.0,40.5,31.9 / 109,31.1 / 101
4566,TX,Blue,F,72,79.4,112.9,142,39.7,39.7,39.7,145,39.7,139,56.8,56.1,39.7 / 145,39.7 / 139
4566,TX,Tempest,F,72,77.7,110.3,138,39.1,38.6,39.1,142,38.6,134,55.9,54.4,39.1 / 142,38.6 / 134
4566,TX,White,F,72,75.4,106.8,134,38.1,37.3,38.1,137,37.3,130,54.2,52.6,38.1 / 137,37.3 / 130
4566,TX,Gold,F,72,71.0,101.3,129,35.6,35.4,35.6,131,35.4,126,51.0,50.3,35.6 / 131,35.4 / 126
4566,TX,Red,F,72,66.6,93.9,116,34.0,32.6,34.0,125,32.6,107,48.7,45.2,34.0 / 125,32.6 / 107
4038,TX,Gold,M,72,71.9,94.6,122,36.3,35.6,36.3,119,35.6,125,47.4,47.2,36.3 / 119,35.6 / 125
4038,TX,Blue,M,72,70.4,92.3,118,35.5,34.9,35.5,115,34.9,121,46.2,46.1,35.5 / 115,34.9 / 121
4038,TX,White,M,72,69.0,90.2,114,34.8,34.2,34.8,112,34.2,116,45.2,45.0,34.8 / 112,34.2 / 116
4038,TX,Red,M,72,65.4,85.7,109,32.4,33.0,32.4,105,33.0,113,42.2,43.5,32.4 / 105,33.0 / 113
4038,TX,Gold,F,72,78.0,110.8,139,39.1,38.9,39.1,137,38.9,141,55.3,55.5,39.1 / 137,38.9 / 141
4038,TX,Blue,F,72,76.2,108.3,136,38.2,38.0,38.2,134,38.0,138,54.0,54.3,38.2 / 134,38.0 / 138
4038,TX,White,F,72,74.1,105.1,132,37.1,37.0,37.1,130,37.0,133,52.4,52.7,37.1 / 130,37.0 / 133
4038,TX,Red,F,72,69.6,98.5,123,34.2,35.4,34.2,118,35.4,127,48.1,50.4,34.2 / 118,35.4 / 127
4037,TX,Black,M,72,74.8,99.7,134,37.2,37.6,37.2,137,37.6,131,49.9,49.8,37.2 / 137,37.6 / 131
4037,TX,Gold,M,72,72.7,97.0,131,36.1,36.6,36.1,132,36.6,129,48.4,48.6,36.1 / 132,36.6 / 129
4037,TX,Blue,M,72,70.8,94.3,127,34.9,35.9,34.9,126,35.9,127,46.6,47.7,34.9 / 126,35.9 / 127
4037,TX,Silver,M,72,69.3,92.2,124,34.4,34.9,34.4,124,34.9,123,45.9,46.3,34.4 / 124,34.9 / 123
4037,TX,Pearl,M,72,64.6,86.4,117,32.0,32.6,32.0,118,32.6,116,43.0,43.4,32.0 / 118,32.6 / 116
4037,TX,Black,F,72,81.5,115.6,145,40.5,41.0,40.5,145,41.0,144,57.6,58.0,40.5 / 145,41.0 / 144
4037,TX,Gold,F,72,78.9,111.9,140,39.1,39.8,39.1,140,39.8,140,55.6,56.3,39.1 / 140,39.8 / 140
4037,TX,Blue,F,72,76.8,108.8,136,37.9,38.9,37.9,135,38.9,137,53.8,55.0,37.9 / 135,38.9 / 137
4037,TX,Silver,F,72,75.1,106.4,133,37.3,37.8,37.3,132,37.8,133,52.9,53.5,37.3 / 132,37.8 / 133
4037,TX,Pearl,F,72,69.3,97.7,120,34.4,34.9,34.4,120,34.9,120,48.6,49.1,34.4 / 120,34.9 / 120
4124,TX,Black,M,72,74.7,100.8,141,37.1,37.6,37.1,143,37.6,138,50.4,50.4,37.1 / 143,37.6 / 138
4124,TX,Blue,M,72,72.8,98.3,138,36.3,36.5,36.3,139,36.5,136,49.2,49.1,36.3 / 139,36.5 / 136
4124,TX,Blue White Combo,M,72,71.8,97.0,136,35.8,36.0,35.8,137,36.0,135,48.5,48.5,35.8 / 137,36.0 / 135
4124,TX,White,M,72,70.5,95.4,134,35.4,35.1,35.4,136,35.1,132,48.0,47.4,35.4 / 136,35.1 / 132
4124,TX,Silver,M,72,69.1,93.6,132,34.8,34.3,34.8,137,34.3,127,47.5,46.1,34.8 / 137,34.3 / 127
4124,TX,Red White Combo,M,70,68.0,92.1,130,33.7,34.3,33.7,130,34.3,129,45.8,46.3,33.7 / 130,34.3 / 129
4124,TX,Red,M,72,65.6,87.9,120,33.1,32.5,33.1,122,32.5,118,44.4,43.5,33.1 / 122,32.5 / 118
4124,TX,White,F,72,76.2,108.0,135,38.3,37.9,38.3,135,37.9,135,54.2,53.8,38.3 / 135,37.9 / 135
4124,TX,Red,F,72,70.2,98.4,120,35.5,34.7,35.5,123,34.7,116,50.0,48.4,35.5 / 123,34.7 / 116
3973,TX,Black,M,72,76.7,103.4,144,39.3,37.4,39.3,144,37.4,143,52.7,50.7,39.3 / 144,37.4 / 143
3973,TX,Blue,M,72,73.8,99.9,141,37.8,36.0,37.8,141,36.0,140,50.9,49.0,37.8 / 141,36.0 / 140
3973,TX,White,M,72,70.7,95.9,136,35.8,34.9,35.8,137,34.9,135,48.5,47.4,35.8 / 137,34.9 / 135
3973,TX,Gold,M,72,66.7,88.5,117,34.1,32.6,34.1,119,32.6,115,45.2,43.3,34.1 / 119,32.6 / 115
3973,TX,Black,F,72,83.7,119.1,150,42.8,40.9,42.8,151,40.9,149,60.6,58.5,42.8 / 151,40.9 / 149
3973,TX,Blue,F,72,80.2,114.6,146,41.0,39.2,41.0,150,39.2,142,58.7,55.9,41.0 / 150,39.2 / 142
3973,TX,White,F,72,76.9,110.0,141,39.1,37.8,39.1,144,37.8,137,56.1,53.9,39.1 / 144,37.8 / 137
3973,TX,Gold,F,72,71.3,101.5,128,36.6,34.7,36.6,133,34.7,123,52.3,49.2,36.6 / 133,34.7 / 123
4143,TX,Gold,M,71,74.3,99.1,134,36.5,37.8,36.5,130,37.8,137,48.6,50.5,36.5 / 130,37.8 / 137
4143,TX,Blue,M,71,72.1,96.0,129,35.4,36.7,35.4,128,36.7,129,47.3,48.7,35.4 / 128,36.7 / 129
4143,TX,Green,M,71,70.6,94.4,128,34.9,35.7,34.9,128,35.7,128,46.8,47.6,34.9 / 128,35.7 / 128
4143,TX,White,M,71,69.6,92.9,126,34.2,35.4,34.2,124,35.4,127,45.7,47.2,34.2 / 124,35.4 / 127
4143,TX,Silver,M,71,66.8,88.7,118,32.7,34.1,32.7,118,34.1,117,43.7,45.0,32.7 / 118,34.1 / 117
4143,TX,Red,M,71,64.7,85.7,113,32.1,32.6,32.1,113,32.6,113,42.6,43.1,32.1 / 113,32.6 / 113
4143,TX,Gold,F,71,81.2,117.6,154,40.2,41.0,40.2,153,41.0,155,58.2,59.4,40.2 / 153,41.0 / 155
4143,TX,Blue,F,71,78.9,114.2,150,39.0,39.9,39.0,148,39.9,151,56.5,57.7,39.0 / 148,39.9 / 151
4143,TX,Green,F,71,77.6,111.0,142,38.4,39.2,38.4,144,39.2,139,55.4,55.6,38.4 / 144,39.2 / 139
4143,TX,White,F,71,76.2,108.9,139,37.4,38.8,37.4,137,38.8,141,53.5,55.4,37.4 / 137,38.8 / 141
4143,TX,Silver,F,71,72.7,102.0,125,35.5,37.2,35.5,120,37.2,129,49.6,52.4,35.5 / 120,37.2 / 129
4143,TX,Red,F,71,69.8,98.8,123,34.6,35.2,34.6,120,35.2,126,48.8,50.0,34.6 / 120,35.2 / 126
4344,TX,Black,M,71,73.7,98.6,134,37.0,36.7,37.0,129,36.7,139,49.0,49.6,37.0 / 129,36.7 / 139
4344,TX,Green,M,71,70.9,94.7,128,35.7,35.2,35.7,129,35.2,127,47.7,47.0,35.7 / 129,35.2 / 127
4344,TX,Blue,M,71,68.6,91.6,124,34.9,33.7,34.9,126,33.7,122,46.6,45.0,34.9 / 126,33.7 / 122
4344,TX,Stone,M,71,65.4,85.7,110,32.3,33.1,32.3,107,33.1,112,42.2,43.5,32.3 / 107,33.1 / 112
4344,TX,Copper,M,71,62.7,82.2,105,31.5,31.2,31.5,104,31.2,105,41.2,41.0,31.5 / 104,31.2 / 105
4344,TX,Blue,F,71,73.8,104.3,130,36.1,37.7,36.1,131,37.7,128,51.5,52.8,36.1 / 131,37.7 / 128
4344,TX,Stone,F,71,70.2,98.8,121,35.9,34.3,35.9,120,34.3,122,50.1,48.7,35.9 / 120,34.3 / 122
4344,TX,Copper,F,71,66.0,92.7,113,33.6,32.4,33.6,114,32.4,112,47.1,45.6,33.6 / 114,32.4 / 112
4090,TX,Black,M,72,77.3,104.2,145,38.2,39.1,38.2,142,39.1,147,51.4,52.8,38.2 / 142,39.1 / 147
4090,TX,Gold,M,72,74.6,100.5,140,36.8,37.8,36.8,137,37.8,142,49.5,51.0,36.8 / 137,37.8 / 142
4090,TX,Blue/Gold Combo,M,72,73.4,97.8,131,36.1,37.3,36.1,129,37.3,133,48.1,49.7,36.1 / 129,37.3 / 133
4090,TX,Blue,M,72,72.5,96.3,128,35.8,36.7,35.8,123,36.7,133,47.2,49.1,35.8 / 123,36.7 / 133
4090,TX,Blue/White Combo,M,72,71.3,93.8,121,35.1,36.2,35.1,117,36.2,125,46.0,47.8,35.1 / 117,36.2 / 125
4090,TX,White,M,72,69.8,91.8,119,34.3,35.5,34.3,113,35.5,124,44.8,47.0,34.3 / 113,35.5 / 124
4090,TX,White/Red Combo,M,72,67.3,89.0,118,33.2,34.1,33.2,114,34.1,121,43.7,45.3,33.2 / 114,34.1 / 121
4090,TX,Red,M,72,66.0,87.6,117,32.1,33.9,32.1,112,33.9,121,42.5,45.1,32.1 / 112,33.9 / 121
4090,TX,Gold,F,72,81.0,114.9,144,40.0,41.0,40.0,139,41.0,148,56.4,58.5,40.0 / 139,41.0 / 148
4090,TX,Blue/Gold Combo,F,72,79.2,112.3,141,39.0,40.2,39.0,136,40.2,145,55.0,57.3,39.0 / 136,40.2 / 145
4090,TX,Blue,F,72,78.2,110.7,138,38.4,39.8,38.4,133,39.8,142,54.1,56.6,38.4 / 133,39.8 / 142
4090,TX,Blue/White Combo,F,72,76.7,107.6,131,37.8,38.9,37.8,127,38.9,135,52.8,54.8,37.8 / 127,38.9 / 135
4090,TX,White,F,72,74.6,103.4,123,36.6,38.0,36.6,120,38.0,125,50.7,52.7,36.6 / 120,38.0 / 125
4090,TX,White/Red Combo,F,72,71.8,99.6,118,35.2,36.6,35.2,114,36.6,121,48.7,50.9,35.2 / 114,36.6 / 121
4090,TX,Red,F,72,70.2,97.5,116,34.1,36.1,34.1,112,36.1,120,47.3,50.2,34.1 / 112,36.1 / 120
4132,TX,Black,M,71,73.9,98.8,134,37.4,36.5,37.4,137,36.5,131,50.1,48.7,37.4 / 137,36.5 / 131
4132,TX,Black / Blue Combo,M,71,72.7,97.1,131,36.6,36.1,36.6,133,36.1,129,49.0,48.1,36.6 / 133,36.1 / 129
4132,TX,Blue,M,71,71.2,94.9,128,35.8,35.4,35.8,130,35.4,125,47.9,47.0,35.8 / 130,35.4 / 125
4132,TX,Blue / White Combo,M,71,69.9,93.2,126,35.4,34.5,35.4,126,34.5,125,47.1,46.1,35.4 / 126,34.5 / 125
4132,TX,White,M,71,68.1,90.4,120,33.9,34.2,33.9,121,34.2,119,45.1,45.3,33.9 / 121,34.2 / 119
4132,TX,White / Green Combo,M,71,65.8,87.5,117,33.0,32.8,33.0,117,32.8,116,43.9,43.6,33.0 / 117,32.8 / 116
4132,TX,Green,M,71,64.8,85.6,112,32.3,32.5,32.3,113,32.5,111,42.8,42.8,32.3 / 113,32.5 / 111
4132,TX,Blue,F,71,76.9,109.5,139,38.8,38.1,38.8,136,38.1,141,54.8,54.7,38.8 / 136,38.1 / 141
4132,TX,Blue / White Combo,F,71,75.7,107.6,135,38.3,37.4,38.3,133,37.4,137,54.0,53.6,38.3 / 133,37.4 / 137
4132,TX,White,F,71,73.0,103.7,130,36.3,36.7,36.3,129,36.7,131,51.5,52.2,36.3 / 129,36.7 / 131
4132,TX,White / Green Combo,F,71,70.0,99.1,124,35.1,34.9,35.1,121,34.9,126,49.4,49.7,35.1 / 121,34.9 / 126
4132,TX,Green,F,71,68.9,96.9,119,34.4,34.5,34.4,117,34.5,120,48.2,48.7,34.4 / 117,34.5 / 120
4096,TX,Black,M,72,75.8,100.7,134,38.5,37.3,38.5,136,37.3,132,51.1,49.6,38.5 / 136,37.3 / 132
4096,TX,Gold,M,72,73.5,97.7,130,37.3,36.2,37.3,132,36.2,128,49.6,48.1,37.3 / 132,36.2 / 128
4096,TX,Blue,M,72,70.9,94.5,127,35.6,35.3,35.6,130,35.3,124,47.7,46.8,35.6 / 130,35.3 / 124
4096,TX,White,M,72,67.5,88.2,112,34.1,33.4,34.1,111,33.4,112,44.4,43.8,34.1 / 111,33.4 / 112
4096,TX,Red,M,72,64.1,84.4,110,32.0,32.1,32.0,107,32.1,112,41.9,42.5,32.0 / 107,32.1 / 112
4096,TX,White,F,72,72.1,102.0,127,36.4,35.7,36.4,127,35.7,126,51.4,50.6,36.4 / 127,35.7 / 126
4096,TX,Red,F,72,68.2,95.4,115,33.9,34.3,33.9,114,34.3,116,47.4,48.0,33.9 / 114,34.3 / 116
4352,TX,Blue,M,72,72.0,97.5,138,35.9,36.1,35.9,139,36.1,136,48.8,48.7,35.9 / 139,36.1 / 136
4352,TX,White,M,72,71.0,95.6,132,35.5,35.5,35.5,132,35.5,132,47.8,47.8,35.5 / 132,35.5 / 132
4352,TX,Gold,M,72,69.5,91.4,118,34.9,34.6,34.9,115,34.6,121,45.6,45.8,34.9 / 115,34.6 / 121
4352,TX,Red/Grey,M,72,65.6,85.6,108,32.8,32.8,32.8,104,32.8,111,42.5,43.1,32.8 / 104,32.8 / 111
4352,TX,Green,M,72,61.8,80.3,100,31.0,30.8,31.0,97,30.8,102,40.0,40.3,31.0 / 97,30.8 / 102
4352,TX,Blue,F,72,79.1,113.6,146,39.4,39.7,39.4,149,39.7,143,57.0,56.6,39.4 / 149,39.7 / 143
4352,TX,White,F,72,77.7,111.8,145,38.7,39.0,38.7,144,39.0,145,55.7,56.1,38.7 / 144,39.0 / 145
4352,TX,Gold,F,72,74.6,106.8,137,37.1,37.5,37.1,137,37.5,137,53.2,53.6,37.1 / 137,37.5 / 137
4352,TX,Red/Grey,F,72,70.8,99.4,122,35.3,35.5,35.3,118,35.5,125,49.2,50.2,35.3 / 118,35.5 / 125
4352,TX,Green,F,72,65.5,90.7,107,32.8,32.7,32.8,103,32.7,110,45.0,45.7,32.8 / 103,32.7 / 110
3983,TX,Gold,M,71,73.8,100.0,141,36.8,37.0,36.8,144,37.0,138,50.2,49.8,36.8 / 144,37.0 / 138
3983,TX,Blue,M,71,72.3,97.5,136,36.1,36.2,36.1,138,36.2,133,48.9,48.6,36.1 / 138,36.2 / 133
3983,TX,White,M,71,69.7,94.3,133,35.1,34.6,35.1,137,34.6,128,47.8,46.5,35.1 / 137,34.6 / 128
3983,TX,Red,M,71,65.1,88.0,123,32.7,32.4,32.7,129,32.4,117,44.7,43.3,32.7 / 129,32.4 / 117
3983,TX,Blue,F,71,78.2,112.2,144,39.1,39.1,39.1,145,39.1,143,56.2,56.0,39.1 / 145,39.1 / 143
3983,TX,White,F,71,75.2,108.1,140,38.0,37.2,38.0,142,37.2,137,54.7,53.4,38.0 / 142,37.2 / 137
3983,TX,Red,F,71,69.4,99.0,126,35.1,34.3,35.1,127,34.3,124,50.1,48.9,35.1 / 127,34.3 / 124
4590,TX,Fazio,M,72,75.7,102.2,143,37.4,38.3,37.4,140,38.3,145,50.4,51.8,37.4 / 140,38.3 / 145
4590,TX,F/I,M,72,74.7,100.9,141,36.8,37.9,36.8,139,37.9,143,49.7,51.2,36.8 / 139,37.9 / 143
4590,TX,I,M,72,73.7,99.5,139,36.4,37.3,36.4,137,37.3,141,49.1,50.4,36.4 / 137,37.3 / 141
4590,TX,I/II,M,72,72.9,98.5,138,36.1,36.8,36.1,137,36.8,139,48.8,49.7,36.1 / 137,36.8 / 139
4590,TX,II,M,72,72.2,97.6,137,35.7,36.5,35.7,135,36.5,139,48.2,49.4,35.7 / 135,36.5 / 139
4590,TX,II/III,M,72,70.8,95.6,133,35.1,35.7,35.1,133,35.7,133,47.5,48.1,35.1 / 133,35.7 / 133
4590,TX,III,M,72,69.8,93.6,128,34.7,35.1,34.7,128,35.1,128,46.6,47.0,34.7 / 128,35.1 / 128
4590,TX,III/IV,M,72,68.0,90.4,121,34.0,34.0,34.0,124,34.0,117,45.5,44.9,34.0 / 124,34.0 / 117
4590,TX,IV,M,72,65.9,86.7,112,32.6,33.3,32.6,112,33.3,112,43.0,43.7,32.6 / 112,33.3 / 112
4590,TX,IV/V,M,72,63.5,83.4,108,31.6,31.9,31.6,108,31.9,107,41.6,41.8,31.6 / 108,31.9 / 107
4590,TX,V,M,72,61.6,81.1,105,30.7,30.9,30.7,104,30.9,105,40.4,40.7,30.7 / 104,30.9 / 105
4590,TX,I,F,72,80.3,115.6,150,39.8,40.5,39.8,149,40.5,150,57.4,58.2,39.8 / 149,40.5 / 150
4590,TX,I/II,F,72,79.8,114.8,149,39.7,40.1,39.7,146,40.1,151,56.9,57.9,39.7 / 146,40.1 / 151
4590,TX,II,F,72,79.0,113.7,147,39.2,39.8,39.2,143,39.8,151,56.1,57.6,39.2 / 143,39.8 / 151
4590,TX,II/III,F,72,77.1,111.3,145,38.1,39.0,38.1,145,39.0,145,55.2,56.1,38.1 / 145,39.0 / 145
4590,TX,III,F,72,75.7,109.1,142,37.5,38.2,37.5,141,38.2,142,54.1,55.0,37.5 / 141,38.2 / 142
4590,TX,III/IV,F,72,72.8,103.2,129,36.6,36.2,36.6,131,36.2,127,52.0,51.2,36.6 / 131,36.2 / 127
4590,TX,IV,F,72,70.4,99.9,126,34.9,35.5,34.9,125,35.5,126,49.6,50.3,34.9 / 125,35.5 / 126
4590,TX,IV/V,F,72,67.1,95.0,119,33.4,33.7,33.4,118,33.7,119,47.3,47.7,33.4 / 118,33.7 / 119
4590,TX,V,F,72,64.6,91.1,113,32.1,32.5,32.1,111,32.5,114,45.2,45.9,32.1 / 111,32.5 / 114
3977,TX,Nicklaus,M,72,78.1,105.5,148,38.9,39.2,38.9,149,39.2,146,52.7,52.8,38.9 / 149,39.2 / 146
3977,TX,N/I,M,72,76.7,103.7,145,38.1,38.6,38.1,145,38.6,145,51.6,52.1,38.1 / 145,38.6 / 145
3977,TX,I,M,72,75.1,101.5,142,37.2,37.9,37.2,141,37.9,143,50.3,51.2,37.2 / 141,37.9 / 143
3977,TX,I/II,M,72,74.2,100.1,140,36.8,37.4,36.8,139,37.4,140,49.7,50.4,36.8 / 139,37.4 / 140
3977,TX,TCC,M,72,74.0,99.4,137,36.9,37.1,36.9,138,37.1,136,49.7,49.7,36.9 / 138,37.1 / 136
3977,TX,II,M,72,73.1,98.2,136,36.2,36.9,36.2,135,36.9,136,48.7,49.5,36.2 / 135,36.9 / 136
3977,TX,II/III,M,72,71.7,95.5,133,35.3,36.4,35.3,133,36.4,132,47.6,48.7,35.3 / 133,36.4 / 132
3977,TX,III,M,72,70.2,94.6,132,34.9,35.3,34.9,128,35.3,135,46.8,47.8,34.9 / 128,35.3 / 135
3977,TX,III/IV,M,72,68.0,90.8,123,33.3,34.7,33.3,121,34.7,125,44.5,46.3,33.3 / 121,34.7 / 125
3977,TX,IV,M,72,66.2,88.3,119,32.4,33.8,32.4,114,33.8,124,43.0,45.3,32.4 / 114,33.8 / 124
3977,TX,IV/V,M,72,63.9,84.2,110,31.8,32.1,31.8,108,32.1,111,41.8,42.4,31.8 / 108,32.1 / 111
3977,TX,V,M,72,62.5,81.5,102,31.3,31.2,31.3,101,31.2,103,40.7,40.8,31.3 / 101,31.2 / 103
3977,TX,TCC,F,72,80.7,115.7,149,40.3,40.4,40.3,148,40.4,149,57.7,58.0,40.3 / 148,40.4 / 149
3977,TX,II,F,72,79.6,114.0,146,39.4,40.2,39.4,144,40.2,148,56.4,57.6,39.4 / 144,40.2 / 148
3977,TX,II/III,F,72,78.0,111.3,141,38.4,39.6,38.4,137,39.6,145,54.6,56.7,38.4 / 137,39.6 / 145
3977,TX,III,F,72,76.5,109.5,140,37.9,38.6,37.9,136,38.6,144,53.9,55.6,37.9 / 136,38.6 / 144
3977,TX,III/IV,F,72,73.7,105.1,134,36.0,37.7,36.0,130,37.7,137,51.3,53.8,36.0 / 130,37.7 / 137
3977,TX,IV,F,72,71.8,101.7,127,35.1,36.7,35.1,126,36.7,128,49.9,51.8,35.1 / 126,36.7 / 128
3977,TX,IV/V,F,72,68.1,96.8,122,33.8,34.3,33.8,117,34.3,126,47.6,49.2,33.8 / 117,34.3 / 126
3977,TX,V,F,72,64.8,91.5,113,32.6,32.2,32.6,111,32.2,115,45.7,45.8,32.6 / 111,32.2 / 115
33720,TX,Black,M,72,72.1,96.2,130,36.1,36.0,36.1,129,36.0,130,48.1,48.1,36.1 / 129,36.0 / 130
33720,TX,Blue,M,72,68.7,91.8,125,34.3,34.4,34.3,125,34.4,124,45.9,45.9,34.3 / 125,34.4 / 124
33720,TX,White,M,72,67.0,87.2,109,33.5,33.5,33.5,109,33.5,109,43.6,43.6,33.5 / 109,33.5 / 109
33720,TX,Maroon,M,72,63.8,82.8,102,31.9,31.9,31.9,102,31.9,102,41.4,41.4,31.9 / 102,31.9 / 102
33720,TX,Gold,M,72,62.8,81.6,101,31.4,31.4,31.4,101,31.4,101,40.8,40.8,31.4 / 101,31.4 / 101
33720,TX,Par 3,M,54,52.6,67.6,81,26.3,26.3,26.3,81,26.3,81,33.8,33.8,26.3 / 81,26.3 / 81
33720,TX,Black,F,72,77.7,109.4,135,38.9,38.8,38.9,135,38.8,134,54.8,54.6,38.9 / 135,38.8 / 134
33720,TX,White,F,72,74.2,103.8,128,37.1,37.1,37.1,126,37.1,126,51.9,51.9,37.1 / 126,37.1 / 126
33720,TX,Blue,F,72,72.2,102.8,130,36.1,36.1,36.1,130,36.1,130,51.4,51.4,36.1 / 130,36.1 / 130
33720,TX,Maroon,F,72,67.4,92.8,108,33.7,33.7,33.7,108,33.7,108,46.4,46.4,33.7 / 108,33.7 / 108
33720,TX,Gold,F,72,66.1,90.9,105,33.1,33.0,33.1,105,33.0,105,45.5,45.4,33.1 / 105,33.0 / 105
33720,TX,Par 3,F,54,54.8,75.0,86,27.4,27.4,27.4,86,27.4,86,37.5,37.5,27.4 / 86,27.4 / 86
4488,TX,Black,M,71,71.3,96.2,134,36.4,34.9,36.4,138,34.9,130,49.2,47.0,36.4 / 138,34.9 / 130
4488,TX,Blue,M,71,69.8,94.1,131,35.5,34.3,35.5,133,34.3,128,47.9,46.2,35.5 / 133,34.3 / 128
4488,TX,White,M,71,67.1,88.7,116,34.2,32.9,34.2,118,32.9,114,45.2,43.5,34.2 / 118,32.9 / 114
4488,TX,Red,M,71,65.7,86.9,114,33.4,32.3,33.4,116,32.3,112,44.2,42.7,33.4 / 116,32.3 / 112
4488,TX,Black,F,71,78.3,111.6,142,40.2,38.1,40.2,148,38.1,135,57.6,54.0,40.2 / 148,38.1 / 135
4488,TX,Blue,F,71,76.5,108.8,137,39.1,37.4,39.1,142,37.4,131,55.9,52.9,39.1 / 142,37.4 / 131
4488,TX,White,F,71,72.9,103.1,128,37.1,35.8,37.1,131,35.8,125,52.6,50.5,37.1 / 131,35.8 / 125
4488,TX,Red,F,71,71.2,100.6,125,36.2,35.0,36.2,127,35.0,122,51.2,49.4,36.2 / 127,35.0 / 122
15062,TX,Black,M,72,75.4,102.0,142,38.1,37.3,38.1,144,37.3,140,51.5,50.3,38.1 / 144,37.3 / 140
15062,TX,Blue,M,72,73.2,98.9,138,36.9,36.3,36.9,140,36.3,135,49.9,48.8,36.9 / 140,36.3 / 135
15062,TX,Blue/White Combo,M,72,72.3,97.2,134,36.4,35.9,36.4,133,35.9,135,48.8,48.4,36.4 / 133,35.9 / 135
15062,TX,White,M,72,71.6,96.0,133,36.1,35.5,36.1,135,35.5,130,48.6,47.6,36.1 / 135,35.5 / 130
15062,TX,White/Green Combo,M,72,70.2,94.3,130,35.3,34.9,35.3,131,34.9,128,47.5,46.8,35.3 / 131,34.9 / 128
15062,TX,Green,M,72,68.6,91.4,123,34.6,34.0,34.6,126,34.0,119,46.3,45.1,34.6 / 126,34.0 / 119
15062,TX,Red,M,72,67.9,90.4,121,33.9,34.0,33.9,123,34.0,119,45.3,45.1,33.9 / 123,34.0 / 119
15062,TX,Comanche,M,72,61.1,80.6,110,30.7,30.4,30.7,112,30.4,107,41.1,40.3,30.7 / 112,30.4 / 107
15062,TX,Black,F,72,83.2,118.7,151,42.3,40.9,42.3,154,40.9,147,60.5,58.2,42.3 / 154,40.9 / 147
15062,TX,Blue,F,72,80.4,114.5,145,40.8,39.6,40.8,148,39.6,141,58.3,56.2,40.8 / 148,39.6 / 141
15062,TX,Blue/White Combo,F,72,79.1,112.6,142,39.9,39.2,39.9,144,39.2,140,56.9,55.7,39.9 / 144,39.2 / 140
15062,TX,White,F,72,78.0,110.9,140,39.4,38.6,39.4,142,38.6,137,56.2,54.7,39.4 / 142,38.6 / 137
15062,TX,White/Green Combo,F,72,76.8,109.0,137,38.7,38.1,38.7,139,38.1,134,55.1,53.9,38.7 / 139,38.1 / 134
15062,TX,Green,F,72,74.8,106.0,133,37.8,37.0,37.8,135,37.0,130,53.7,52.3,37.8 / 135,37.0 / 130
15062,TX,Red,F,72,74.1,104.8,130,37.1,37.0,37.1,132,37.0,128,52.7,52.1,37.1 / 132,37.0 / 128
15062,TX,Comanche,F,72,64.4,90.0,109,32.5,31.9,32.5,113,31.9,104,45.8,44.2,32.5 / 113,31.9 / 104
15061,TX,Black,M,72,75.2,101.1,140,37.1,38.1,37.1,135,38.1,144,49.6,51.5,37.1 / 135,38.1 / 144
15061,TX,Blue,M,72,72.9,98.2,136,36.0,36.9,36.0,132,36.9,140,48.3,49.9,36.0 / 132,36.9 / 140
15061,TX,Blue/White Combo,M,72,71.9,96.6,133,35.6,36.3,35.6,130,36.3,136,47.7,48.9,35.6 / 130,36.3 / 136
15061,TX,White,M,72,71.4,95.8,132,35.3,36.1,35.3,128,36.1,135,47.2,48.6,35.3 / 128,36.1 / 135
15061,TX,White/Green Combo,M,72,70.3,94.3,129,35.0,35.3,35.0,127,35.3,131,46.8,47.5,35.0 / 127,35.3 / 131
15061,TX,Green,M,72,69.0,91.7,122,34.4,34.6,34.4,118,34.6,126,45.4,46.3,34.4 / 118,34.6 / 126
15061,TX,Red,M,72,67.0,88.5,116,33.1,33.9,33.1,109,33.9,123,43.2,45.3,33.1 / 109,33.9 / 123
15061,TX,Comanche,M,72,61.5,81.2,106,30.8,30.7,30.8,100,30.7,112,40.1,41.1,30.8 / 100,30.7 / 112
15061,TX,Black,F,72,83.2,119.2,153,41.1,42.1,41.1,151,42.1,154,58.9,60.3,41.1 / 151,42.1 / 154
15061,TX,Blue,F,72,80.3,114.8,146,39.5,40.8,39.5,144,40.8,148,56.5,58.3,39.5 / 144,40.8 / 148
15061,TX,Blue/White Combo,F,72,78.9,112.3,142,39.0,39.9,39.0,140,39.9,143,55.5,56.8,39.0 / 140,39.9 / 143
15061,TX,White,F,72,77.7,110.8,140,38.3,39.4,38.3,138,39.4,142,54.6,56.2,38.3 / 138,39.4 / 142
15061,TX,White/Green Combo,F,72,76.5,108.8,137,38.0,38.5,38.0,137,38.5,137,54.1,54.7,38.0 / 137,38.5 / 137
15061,TX,Green,F,72,74.8,106.3,134,37.0,37.8,37.0,132,37.8,135,52.6,53.7,37.0 / 132,37.8 / 135
15061,TX,Red,F,72,72.8,103.5,130,35.7,37.1,35.7,128,37.1,132,50.8,52.7,35.7 / 128,37.1 / 132
15061,TX,Comanche,F,72,64.5,91.0,113,32.0,32.5,32.0,112,32.5,113,45.2,45.8,32.0 / 112,32.5 / 113
15060,TX,Black,M,72,74.8,100.9,141,37.3,37.5,37.3,142,37.5,139,50.5,50.4,37.3 / 142,37.5 / 139
15060,TX,Blue,M,72,72.6,97.8,136,36.4,36.2,36.4,138,36.2,133,49.2,48.6,36.4 / 138,36.2 / 133
15060,TX,Blue/White Combo,M,72,71.2,95.7,132,35.7,35.5,35.7,135,35.5,129,48.2,47.5,35.7 / 135,35.5 / 129
15060,TX,White,M,72,70.6,94.5,129,35.3,35.3,35.3,130,35.3,127,47.4,47.1,35.3 / 130,35.3 / 127
15060,TX,White/Green Combo,M,72,69.7,93.2,127,34.8,34.9,34.8,127,34.9,126,46.6,46.6,34.8 / 127,34.9 / 126
15060,TX,Green,M,72,68.6,90.9,120,34.2,34.4,34.2,122,34.4,118,45.5,45.4,34.2 / 122,34.4 / 118
15060,TX,Red,M,72,67.1,88.3,114,34.0,33.1,34.0,119,33.1,109,45.1,43.2,34.0 / 119,33.1 / 109
15060,TX,Comanche,M,72,60.6,79.5,102,30.1,30.5,30.1,105,30.5,98,39.9,39.6,30.1 / 105,30.5 / 98
15060,TX,Black,F,72,82.0,117.1,149,40.9,41.1,40.9,147,41.1,151,58.2,58.9,40.9 / 147,41.1 / 151
15060,TX,Blue,F,72,79.3,113.0,143,39.8,39.5,39.8,142,39.5,144,56.5,56.5,39.8 / 142,39.5 / 144
15060,TX,Blue/White Combo,F,72,77.7,110.5,139,39.1,38.6,39.1,138,38.6,140,55.4,55.1,39.1 / 138,38.6 / 140
15060,TX,White,F,72,76.8,109.1,137,38.5,38.3,38.5,136,38.3,138,54.5,54.6,38.5 / 136,38.3 / 138
15060,TX,White/Green Combo,F,72,75.7,107.4,135,37.9,37.8,37.9,133,37.8,136,53.6,53.8,37.9 / 133,37.8 / 136
15060,TX,Green,F,72,74.1,105.1,132,37.1,37.0,37.1,131,37.0,132,52.5,52.6,37.1 / 131,37.0 / 132
15060,TX,Red,F,72,72.7,102.9,128,37.0,35.7,37.0,128,35.7,128,52.1,50.8,37.0 / 128,35.7 / 128
15060,TX,Comanche,F,72,63.8,90.0,111,31.8,32.0,31.8,110,32.0,112,44.8,45.2,31.8 / 110,32.0 / 112
4167,TX,Black,M,72,71.4,94.2,121,35.7,35.7,35.7,119,35.7,122,46.8,47.0,35.7 / 119,35.7 / 122
4167,TX,Blue,M,72,69.4,91.0,116,34.8,34.6,34.8,118,34.6,114,45.8,45.2,34.8 / 118,34.6 / 114
4167,TX,Red,M,72,64.2,84.8,111,32.4,31.8,32.4,112,31.8,110,42.8,42.0,32.4 / 112,31.8 / 110
4167,TX,Black,F,72,77.3,110.4,138,38.7,38.6,38.7,133,38.6,143,54.4,55.5,38.7 / 133,38.6 / 143
4167,TX,Blue,F,72,74.5,106.2,134,37.6,36.9,37.6,129,36.9,138,52.8,53.2,37.6 / 129,36.9 / 138
4167,TX,Red,F,72,69.3,96.8,117,35.2,34.1,35.2,120,34.1,114,49.3,47.5,35.2 / 120,34.1 / 114
4009,TX,Black,M,72,74.2,98.2,130,36.7,37.5,36.7,129,37.5,130,48.7,49.5,36.7 / 129,37.5 / 130
4009,TX,Blue,M,72,72.1,95.4,126,35.8,36.3,35.8,126,36.3,125,47.5,47.9,35.8 / 126,36.3 / 125
4009,TX,White,M,72,69.9,92.9,124,34.8,35.1,34.8,124,35.1,123,46.3,46.6,34.8 / 124,35.1 / 123
4009,TX,Green,M,72,66.4,88.4,118,33.3,33.1,33.3,115,33.1,121,44.0,44.4,33.3 / 115,33.1 / 121
4009,TX,White,F,72,75.5,106.4,131,37.5,38.0,37.5,126,38.0,136,52.4,54.0,37.5 / 126,38.0 / 136
4009,TX,Green,F,72,71.7,100.9,124,35.9,35.8,35.9,120,35.8,127,50.1,50.8,35.9 / 120,35.8 / 127
4008,TX,Black,M,72,73.1,97.3,130,36.4,36.7,36.4,131,36.7,129,48.6,48.7,36.4 / 131,36.7 / 129
4008,TX,Blue,M,72,71.0,94.5,127,35.2,35.8,35.2,127,35.8,126,47.0,47.5,35.2 / 127,35.8 / 126
4008,TX,White,M,72,69.3,92.3,124,34.5,34.8,34.5,124,34.8,124,46.0,46.3,34.5 / 124,34.8 / 124
4008,TX,Green,M,72,65.8,87.7,118,32.5,33.3,32.5,121,33.3,115,43.7,44.0,32.5 / 121,33.3 / 115
4008,TX,White,F,72,74.5,104.5,127,37.0,37.5,37.0,128,37.5,126,52.1,52.4,37.0 / 128,37.5 / 126
4008,TX,Green,F,72,71.1,99.5,120,35.2,35.9,35.2,120,35.9,120,49.4,50.1,35.2 / 120,35.9 / 120
4010,TX,Black,M,72,73.9,98.1,131,36.4,37.5,36.4,131,37.5,130,48.6,49.5,36.4 / 131,37.5 / 130
4010,TX,Blue,M,72,71.5,94.9,126,35.2,36.3,35.2,127,36.3,125,47.0,47.9,35.2 / 127,36.3 / 125
4010,TX,White,M,72,69.6,92.6,125,34.5,35.1,34.5,124,35.1,123,46.0,46.6,34.5 / 124,35.1 / 123
4010,TX,Green,M,72,65.6,88.0,121,32.5,33.1,32.5,121,33.1,121,43.7,44.3,32.5 / 121,33.1 / 121
4010,TX,White,F,72,75.0,106.1,132,37.0,38.0,37.0,128,38.0,136,52.1,54.0,37.0 / 128,38.0 / 136
4010,TX,Green,F,72,71.0,100.2,124,35.2,35.8,35.2,120,35.8,127,49.4,50.8,35.2 / 120,35.8 / 127
23922,TX,Black,M,72,72.8,95.1,120,36.0,36.8,36.0,122,36.8,118,47.3,47.8,36.0 / 122,36.8 / 118
23922,TX,Blue,M,72,70.5,92.1,116,35.2,35.3,35.2,116,35.3,116,46.0,46.1,35.2 / 116,35.3 / 116
23922,TX,White,M,72,67.9,87.6,106,34.0,33.9,34.0,104,33.9,108,43.7,43.9,34.0 / 104,33.9 / 108
23922,TX,Red,M,72,63.9,82.1,98,31.8,32.1,31.8,94,32.1,102,40.5,41.6,31.8 / 94,32.1 / 102
23922,TX,Black,F,72,79.6,111.1,134,39.3,40.3,39.3,133,40.3,134,55.0,56.1,39.3 / 133,40.3 / 134
23922,TX,Blue,F,72,77.6,107.9,129,38.5,39.1,38.5,131,39.1,126,53.9,54.0,38.5 / 131,39.1 / 126
23922,TX,White,F,72,74.3,103.4,124,37.0,37.3,37.0,124,37.3,123,51.6,51.8,37.0 / 124,37.3 / 123
23922,TX,Red,F,72,68.3,93.6,108,33.8,34.5,33.8,107,34.5,108,46.4,47.2,33.8 / 107,34.5 / 108
4074,TX,Black,M,72,74.7,100.6,140,37.8,36.9,37.8,140,36.9,139,50.8,49.8,37.8 / 140,36.9 / 139
4074,TX,Blue +,M,72,73.3,98.7,137,37.1,36.2,37.1,138,36.2,136,49.9,48.8,37.1 / 138,36.2 / 136
4074,TX,Blue,M,72,72.5,97.6,136,36.6,35.9,36.6,136,35.9,135,49.2,48.4,36.6 / 136,35.9 / 135
4074,TX,White +,M,72,70.7,95.3,132,35.6,35.1,35.6,132,35.1,132,47.9,47.4,35.6 / 132,35.1 / 132
4074,TX,White,M,72,70.1,94.3,130,35.2,34.9,35.2,128,34.9,131,47.1,47.2,35.2 / 128,34.9 / 131
4074,TX,Green +,M,72,68.6,91.8,125,34.5,34.1,34.5,123,34.1,127,45.9,45.9,34.5 / 123,34.1 / 127
4074,TX,Green,M,72,67.7,90.0,120,34.2,33.5,34.2,118,33.5,122,45.2,44.8,34.2 / 118,33.5 / 122
4074,TX,Red,M,72,65.1,86.6,116,33.0,32.1,33.0,113,32.1,118,43.5,43.1,33.0 / 113,32.1 / 118
4074,TX,Black,F,72,81.4,117.7,154,41.1,40.3,41.1,155,40.3,153,59.4,58.3,41.1 / 155,40.3 / 153
4074,TX,Blue+,F,72,79.8,115.3,151,40.3,39.5,40.3,152,39.5,149,58.2,57.1,40.3 / 152,39.5 / 149
4074,TX,Blue,F,72,78.9,113.4,147,39.7,39.2,39.7,147,39.2,146,57.0,56.4,39.7 / 147,39.2 / 146
4074,TX,White+,F,72,77.1,110.8,143,38.8,38.3,38.8,143,38.3,142,55.7,55.1,38.8 / 143,38.3 / 142
4074,TX,White,F,72,76.4,109.1,139,38.4,38.0,38.4,138,38.0,139,54.7,54.4,38.4 / 138,38.0 / 139
4074,TX,Green +,F,72,73.7,105.3,134,36.7,37.0,36.7,134,37.0,134,52.5,52.8,36.7 / 134,37.0 / 134
4074,TX,Green,F,72,72.4,103.6,132,36.3,36.1,36.3,132,36.1,132,51.9,51.7,36.3 / 132,36.1 / 132
4074,TX,Red,F,72,69.6,98.2,121,35.0,34.6,35.0,120,34.6,122,49.2,49.0,35.0 / 120,34.6 / 122
4075,TX,Black,M,71,72.8,96.1,126,36.7,36.1,36.7,127,36.1,124,48.5,47.6,36.7 / 127,36.1 / 124
4075,TX,Blue +,M,71,71.5,94.6,124,35.7,35.8,35.7,125,35.8,123,47.4,47.2,35.7 / 125,35.8 / 123
4075,TX,Blue,M,71,70.7,93.3,122,35.5,35.2,35.5,123,35.2,121,46.9,46.4,35.5 / 123,35.2 / 121
4075,TX,White +,M,71,69.7,92.2,121,35.0,34.7,35.0,122,34.7,120,46.4,45.8,35.0 / 122,34.7 / 120
4075,TX,White,M,71,68.8,91.2,120,34.5,34.3,34.5,121,34.3,119,45.8,45.4,34.5 / 121,34.3 / 119
4075,TX,Green +,M,71,66.8,88.7,118,33.4,33.4,33.4,119,33.4,116,44.5,44.2,33.4 / 119,33.4 / 116
4075,TX,Green,M,71,66.4,87.9,116,33.3,33.1,33.3,117,33.1,114,44.2,43.7,33.3 / 117,33.1 / 114
4075,TX,Black,F,71,79.1,111.8,139,40.0,39.1,40.0,138,39.1,139,56.3,55.5,40.0 / 138,39.1 / 139
4075,TX,Blue +,F,71,77.8,109.8,136,39.0,38.8,39.0,135,38.8,137,54.9,54.9,39.0 / 135,38.8 / 137
4075,TX,Blue,F,71,76.9,108.6,135,38.7,38.2,38.7,134,38.2,135,54.5,54.1,38.7 / 134,38.2 / 135
4075,TX,White +,F,71,75.6,106.7,132,38.1,37.5,38.1,131,37.5,132,53.6,53.1,38.1 / 131,37.5 / 132
4075,TX,White,F,71,74.8,105.3,130,37.7,37.1,37.7,129,37.1,130,52.9,52.4,37.7 / 129,37.1 / 130
4075,TX,Red +,F,71,72.4,101.9,126,36.3,36.1,36.3,125,36.1,126,51.0,50.9,36.3 / 125,36.1 / 126
4075,TX,Red,F,71,71.4,100.4,123,35.8,35.6,35.8,123,35.6,123,50.3,50.1,35.8 / 123,35.6 / 123
4128,TX,Gold,M,72,77.3,104.4,146,38.6,38.7,38.6,147,38.7,144,52.3,52.1,38.6 / 147,38.7 / 144
4128,TX,Nicklaus,M,72,75.7,102.2,143,37.8,37.9,37.8,145,37.9,140,51.3,50.9,37.8 / 145,37.9 / 140
4128,TX,Blue,M,72,73.4,98.3,134,36.7,36.7,36.7,137,36.7,131,49.4,48.9,36.7 / 137,36.7 / 131
4128,TX,Ranch,M,72,71.7,96.3,133,36.0,35.7,36.0,137,35.7,128,48.7,47.6,36.0 / 137,35.7 / 128
4128,TX,Silver,M,72,70.5,93.5,124,35.2,35.3,35.2,126,35.3,122,46.9,46.6,35.2 / 126,35.3 / 122
4128,TX,Golden Bear,M,72,67.2,87.8,115,34.2,33.0,34.2,117,33.0,113,45.1,43.5,34.2 / 117,33.0 / 113
4128,TX,Teal,M,72,65.0,86.0,113,32.8,32.2,32.8,115,32.2,111,43.5,42.5,32.8 / 115,32.2 / 111
4128,TX,Gold,F,72,85.0,121.9,155,42.6,42.4,42.6,154,42.4,155,60.8,61.1,42.6 / 154,42.4 / 155
4128,TX,Nicklaus,F,72,83.5,119.6,153,41.9,41.6,41.9,151,41.6,155,59.7,59.9,41.9 / 151,41.6 / 155
4128,TX,Blue,F,72,81.4,116.5,149,40.8,40.6,40.8,147,40.6,151,58.1,58.4,40.8 / 147,40.6 / 151
4128,TX,Ranch,F,72,79.6,113.8,145,40.1,39.5,40.1,143,39.5,147,57.0,56.8,40.1 / 143,39.5 / 147
4128,TX,Silver,F,72,77.9,111.3,142,39.1,38.8,39.1,140,38.8,143,55.6,55.7,39.1 / 140,38.8 / 143
4128,TX,Golden Bear,F,72,73.2,103.5,129,37.5,35.7,37.5,132,35.7,125,53.1,50.4,37.5 / 132,35.7 / 125
4128,TX,Teal,F,72,70.9,100.1,124,35.9,35.0,35.9,126,35.0,122,50.7,49.4,35.9 / 126,35.0 / 122
4636,TX,Gold,M,72,74.9,101.3,142,37.5,37.4,37.5,143,37.4,141,50.8,50.5,37.5 / 143,37.4 / 141
4636,TX,Gold/Blue,M,72,73.6,99.0,137,37.0,36.6,37.0,138,36.6,136,49.8,49.2,37.0 / 138,36.6 / 136
4636,TX,Blue,M,72,72.3,97.1,134,36.3,36.0,36.3,135,36.0,132,48.8,48.3,36.3 / 135,36.0 / 132
4636,TX,Blue/White,M,72,71.3,95.3,129,35.6,35.7,35.6,128,35.7,130,47.5,47.8,35.6 / 128,35.7 / 130
4636,TX,White,M,72,70.2,93.7,127,35.1,35.1,35.1,124,35.1,129,46.6,47.1,35.1 / 124,35.1 / 129
4636,TX,White/Silver,M,72,68.8,91.8,124,34.5,34.3,34.5,122,34.3,126,45.8,46.0,34.5 / 122,34.3 / 126
4636,TX,Silver,M,72,67.7,89.9,119,33.8,33.9,33.8,119,33.9,119,44.9,45.0,33.8 / 119,33.9 / 119
4636,TX,Gold,F,72,81.9,117.3,150,40.9,41.0,40.9,150,41.0,150,58.6,58.7,40.9 / 150,41.0 / 150
4636,TX,Gold/Blue,F,72,80.4,115.4,148,40.3,40.1,40.3,148,40.1,148,57.8,57.6,40.3 / 148,40.1 / 148
4636,TX,Blue,F,72,79.0,113.1,145,39.5,39.5,39.5,144,39.5,145,56.5,56.6,39.5 / 144,39.5 / 145
4636,TX,Blue/White,F,72,77.6,111.2,143,38.7,38.9,38.7,142,38.9,143,55.4,55.8,38.7 / 142,38.9 / 143
4636,TX,White,F,72,76.4,109.6,141,38.1,38.3,38.1,140,38.3,142,54.6,55.0,38.1 / 140,38.3 / 142
4636,TX,White/Silver,F,72,74.7,106.8,137,37.5,37.2,37.5,137,37.2,136,53.6,53.2,37.5 / 137,37.2 / 136
4636,TX,Silver,F,72,73.2,104.2,132,36.8,36.4,36.8,131,36.4,132,52.2,52.0,36.8 / 131,36.4 / 132
4637,TX,Gold,M,72,75.1,101.6,143,36.8,38.3,36.8,141,38.3,144,49.9,51.7,36.8 / 141,38.3 / 144
4637,TX,Gold/Blue,M,72,74.7,100.8,141,36.6,38.1,36.6,139,38.1,142,49.5,51.3,36.6 / 139,38.1 / 142
4637,TX,Blue,M,72,73.3,98.7,137,35.9,37.4,35.9,136,37.4,138,48.5,50.2,35.9 / 136,37.4 / 138
4637,TX,Blue/White,M,72,73.0,98.2,136,35.7,37.3,35.7,135,37.3,137,48.2,50.0,35.7 / 135,37.3 / 137
4637,TX,White,M,72,72.5,96.7,130,35.3,37.2,35.3,129,37.2,131,47.3,49.4,35.3 / 129,37.2 / 131
4637,TX,White/Silver,M,72,71.4,95.2,128,34.7,36.7,34.7,129,36.7,126,46.8,48.4,34.7 / 129,36.7 / 126
4637,TX,Silver,M,72,69.9,93.3,126,33.9,36.0,33.9,128,36.0,124,45.8,47.5,33.9 / 128,36.0 / 124
4637,TX,Gold,F,74,82.9,119.1,153,41.2,41.7,41.2,153,41.7,153,59.3,59.8,41.2 / 153,41.7 / 153
4637,TX,Gold/Blue,F,74,81.6,117.1,151,40.5,41.1,40.5,150,41.1,151,58.2,58.9,40.5 / 150,41.1 / 151
4637,TX,Blue,F,74,80.3,114.9,147,39.7,40.6,39.7,145,40.6,148,56.8,58.1,39.7 / 145,40.6 / 148
4637,TX,Blue/White,F,74,79.4,113.7,146,39.3,40.1,39.3,144,40.1,147,56.3,57.4,39.3 / 144,40.1 / 147
4637,TX,White,F,74,77.2,111.0,144,38.0,39.2,38.0,142,39.2,145,54.7,56.3,38.0 / 142,39.2 / 145
4637,TX,White/Silver,F,74,76.4,109.2,139,37.6,38.8,37.6,139,38.8,139,54.0,55.2,37.6 / 139,38.8 / 139
4637,TX,Silver,F,74,74.4,105.8,133,36.6,37.8,36.6,133,37.8,133,52.3,53.5,36.6 / 133,37.8 / 133
4411,TX,Gold,M,72,73.6,98.4,134,36.4,37.2,36.4,135,37.2,132,48.9,49.5,36.4 / 135,37.2 / 132
4411,TX,Gold/Blue,M,72,72.5,97.0,132,36.2,36.3,36.2,133,36.3,130,48.6,48.4,36.2 / 133,36.3 / 130
4411,TX,Blue,M,72,71.2,94.7,127,35.6,35.6,35.6,129,35.6,124,47.6,47.1,35.6 / 129,35.6 / 124
4411,TX,Blue/White,M,72,70.3,93.6,126,35.0,35.3,35.0,128,35.3,123,46.9,46.7,35.0 / 128,35.3 / 123
4411,TX,White,M,72,69.4,92.4,124,34.4,35.0,34.4,126,35.0,122,46.1,46.3,34.4 / 126,35.0 / 122
4411,TX,White/Silver,M,72,67.8,89.9,119,33.7,34.1,33.7,117,34.1,121,44.6,45.3,33.7 / 117,34.1 / 121
4411,TX,Silver,M,72,65.8,87.5,117,32.4,33.4,32.4,113,33.4,121,42.9,44.6,32.4 / 113,33.4 / 121
4411,TX,Green,M,72,61.2,79.2,97,30.3,30.9,30.3,99,30.9,95,39.5,39.7,30.3 / 99,30.9 / 95
4411,TX,Gold,F,73,80.9,114.7,144,40.0,40.9,40.0,142,40.9,145,56.7,58.0,40.0 / 142,40.9 / 145
4411,TX,Gold/Blue,F,73,79.3,112.5,141,39.5,39.8,39.5,140,39.8,142,56.0,56.5,39.5 / 140,39.8 / 142
4411,TX,Blue,F,73,77.4,109.6,137,38.5,38.9,38.5,136,38.9,138,54.5,55.1,38.5 / 136,38.9 / 138
4411,TX,Blue/White,F,73,76.4,108.3,136,37.9,38.5,37.9,134,38.5,137,53.7,54.6,37.9 / 134,38.5 / 137
4411,TX,White,F,73,75.2,106.6,134,37.3,37.9,37.3,131,37.9,136,52.7,53.9,37.3 / 131,37.9 / 136
4411,TX,White/Silver,F,73,73.7,104.0,129,36.2,37.5,36.2,128,37.5,129,51.3,52.7,36.2 / 128,37.5 / 129
4411,TX,Silver,F,73,71.5,100.8,125,35.2,36.3,35.2,125,36.3,124,49.9,50.9,35.2 / 125,36.3 / 124
4411,TX,Green,F,73,62.6,86.5,102,31.1,31.5,31.1,101,31.5,102,43.0,43.5,31.1 / 101,31.5 / 102
20963,TX,Gold,M,72,73.1,98.0,134,36.1,37.0,36.1,133,37.0,135,48.5,49.5,36.1 / 133,37.0 / 135
20963,TX,Gold/Blue,M,72,72.5,97.2,133,35.8,36.7,35.8,132,36.7,134,48.1,49.1,35.8 / 132,36.7 / 134
20963,TX,Blue,M,72,71.2,95.3,130,35.2,36.0,35.2,129,36.0,130,47.2,48.1,35.2 / 129,36.0 / 130
20963,TX,Blue/White,M,72,70.8,94.4,127,35.0,35.8,35.0,127,35.8,127,46.8,47.6,35.0 / 127,35.8 / 127
20963,TX,White,M,72,69.9,93.1,125,34.7,35.2,34.7,124,35.2,126,46.2,46.9,34.7 / 124,35.2 / 126
20963,TX,White/Silver,M,72,68.8,91.4,122,34.5,34.3,34.5,123,34.3,121,45.9,45.5,34.5 / 123,34.3 / 121
20963,TX,Silver,M,72,67.0,88.3,115,33.4,33.6,33.4,111,33.6,118,43.7,44.6,33.4 / 111,33.6 / 118
20963,TX,Gold,F,72,80.7,115.6,148,39.9,40.8,39.9,148,40.8,148,57.3,58.3,39.9 / 148,40.8 / 148
20963,TX,Gold/Blue,F,72,79.0,113.1,145,39.1,39.9,39.1,145,39.9,144,56.2,56.9,39.1 / 145,39.9 / 144
20963,TX,Blue,F,72,77.5,110.9,142,38.4,39.1,38.4,142,39.1,141,55.2,55.7,38.4 / 142,39.1 / 141
20963,TX,Blue/White,F,72,76.5,109.5,140,37.9,38.6,37.9,140,38.6,140,54.4,55.1,37.9 / 140,38.6 / 140
20963,TX,White,F,72,75.4,108.0,138,37.5,37.9,37.5,137,37.9,139,53.7,54.3,37.5 / 137,37.9 / 139
20963,TX,White/Silver,F,72,74.6,105.2,130,37.3,37.3,37.3,131,37.3,128,52.8,52.4,37.3 / 131,37.3 / 128
20963,TX,Silver,F,72,72.7,102.2,126,36.1,36.6,36.1,125,36.6,126,50.8,51.4,36.1 / 125,36.6 / 126
4238,TX,Gold,M,71,72.5,97.9,137,36.7,35.8,36.7,140,35.8,133,49.7,48.2,36.7 / 140,35.8 / 133
4238,TX,Gold/Blue,M,71,71.5,96.5,135,36.3,35.2,36.3,137,35.2,132,49.0,47.5,36.3 / 137,35.2 / 132
4238,TX,Blue,M,71,70.8,95.5,133,36.0,34.8,36.0,135,34.8,131,48.5,47.0,36.0 / 135,34.8 / 131
4238,TX,Blue/Green,M,71,69.5,93.7,130,35.1,34.4,35.1,130,34.4,130,47.2,46.5,35.1 / 130,34.4 / 130
4238,TX,Green,M,71,68.7,92.2,127,34.7,34.0,34.7,127,34.0,126,46.5,45.7,34.7 / 127,34.0 / 126
4238,TX,Red,M,71,66.3,89.3,124,33.4,32.9,33.4,124,32.9,124,44.9,44.4,33.4 / 124,32.9 / 124
4238,TX,Gold,F,73,79.1,113.1,145,40.3,38.8,40.3,148,38.8,141,57.7,55.4,40.3 / 148,38.8 / 141
4238,TX,Blue/Gold,F,73,77.9,111.3,142,39.8,38.1,39.8,145,38.1,138,56.9,54.4,39.8 / 145,38.1 / 138
4238,TX,Blue,F,73,77.0,109.8,139,39.3,37.7,39.3,142,37.7,136,56.1,53.7,39.3 / 142,37.7 / 136
4238,TX,Blue/Green,F,73,75.1,107.0,136,37.9,37.2,37.9,137,37.2,134,54.0,53.0,37.9 / 137,37.2 / 134
4238,TX,Green,F,73,74.1,105.5,133,37.4,36.7,37.4,135,36.7,131,53.3,52.2,37.4 / 135,36.7 / 131
4238,TX,Red,F,73,71.9,101.8,127,36.3,35.6,36.3,127,35.6,126,51.3,50.5,36.3 / 127,35.6 / 126
4239,TX,Gold,M,72,71.6,98.3,144,35.8,35.8,35.8,145,35.8,142,49.3,49.0,35.8 / 145,35.8 / 142
4239,TX,Gold/Blue,M,72,70.4,97.2,143,35.3,35.1,35.3,146,35.1,141,49.0,48.2,35.3 / 146,35.1 / 141
4239,TX,Blue,M,72,69.7,94.7,135,35.2,34.5,35.2,139,34.5,130,48.1,46.6,35.2 / 139,34.5 / 130
4239,TX,Blue/Green,M,72,68.5,92.9,132,34.5,34.0,34.5,137,34.0,126,47.2,45.7,34.5 / 137,34.0 / 126
4239,TX,Green,M,72,67.9,91.7,128,34.1,33.8,34.1,132,33.8,124,46.4,45.3,34.1 / 132,33.8 / 124
4239,TX,Green/Red,M,72,67.1,89.6,121,33.9,33.2,33.9,124,33.2,118,45.4,44.2,33.9 / 124,33.2 / 118
4239,TX,Red,M,72,66.3,87.5,114,33.4,32.9,33.4,115,32.9,113,44.1,43.4,33.4 / 115,32.9 / 113
4239,TX,Family,M,72,59.8,80.7,113,30.1,29.7,30.1,116,29.7,109,40.9,39.8,30.1 / 116,29.7 / 109
4239,TX,Gold,F,72,79.1,114.9,152,39.8,39.3,39.8,153,39.3,150,57.9,57.0,39.8 / 153,39.3 / 150
4239,TX,Gold/Blue,F,72,77.4,112.2,149,38.9,38.5,38.9,149,38.5,147,56.5,55.8,38.9 / 149,38.5 / 147
4239,TX,Blue,F,72,76.1,110.9,148,38.3,37.8,38.3,150,37.8,145,56.0,54.9,38.3 / 150,37.8 / 145
4239,TX,Blue/Green,F,72,74.7,109.7,147,37.7,37.0,37.7,151,37.0,144,55.6,54.1,37.7 / 151,37.0 / 144
4239,TX,Green,F,72,73.4,107.0,143,37.1,36.3,37.1,144,36.3,141,54.1,52.9,37.1 / 144,36.3 / 141
4239,TX,Green/Red,F,72,72.1,104.1,136,36.6,35.5,36.6,138,35.5,133,52.9,51.2,36.6 / 138,35.5 / 133
4239,TX,Red,F,72,70.6,100.8,128,35.5,35.1,35.5,129,35.1,127,50.7,50.1,35.5 / 129,35.1 / 127
4239,TX,Family,F,72,61.2,88.4,116,31.0,30.1,31.0,118,30.1,113,45.0,43.4,31.0 / 118,30.1 / 113
4672,TX,Blue,M,72,73.9,97.5,127,36.7,37.2,36.7,125,37.2,129,48.3,49.2,36.7 / 125,37.2 / 129
4672,TX,Red,M,71,71.2,94.0,123,35.6,35.6,35.6,124,35.6,122,47.1,46.9,35.6 / 124,35.6 / 122
4672,TX,Gold,M,71,69.4,91.4,119,34.7,34.7,34.7,122,34.7,115,46.0,45.4,34.7 / 122,34.7 / 115
4672,TX,Gold 16 Sep 2026,M,0,69.2,90.4,114,34.6,34.6,34.6,114,34.6,114,45.2,45.2,34.6 / 114,34.6 / 114
4672,TX,White,M,71,68.7,90.5,118,34.3,34.4,34.3,121,34.4,114,45.5,45.0,34.3 / 121,34.4 / 114
4672,TX,Blue,F,72,81.0,113.4,138,40.1,40.9,40.1,136,40.9,139,56.1,57.3,40.1 / 136,40.9 / 139
4672,TX,Red,F,72,77.8,109.1,133,38.6,39.2,38.6,131,39.2,134,54.1,55.0,38.6 / 131,39.2 / 134
4672,TX,Gold,F,72,75.3,105.4,128,37.6,37.7,37.6,129,37.7,126,52.8,52.6,37.6 / 129,37.7 / 126
4672,TX,White,F,72,74.5,104.1,126,37.2,37.3,37.2,126,37.3,125,52.1,52.0,37.2 / 126,37.3 / 125
4671,TX,Blue,M,72,73.3,96.5,125,36.6,36.7,36.6,124,36.7,126,48.1,48.4,36.6 / 124,36.7 / 126
4671,TX,Red,M,72,70.8,93.2,120,35.7,35.1,35.7,119,35.1,121,46.8,46.3,35.7 / 119,35.1 / 121
4671,TX,Gold,M,72,68.2,89.2,113,34.6,33.6,34.6,114,33.6,112,45.2,44.0,34.6 / 114,33.6 / 112
4671,TX,White,M,72,66.2,86.7,111,33.1,33.1,33.1,110,33.1,111,43.3,43.4,33.1 / 110,33.1 / 111
4671,TX,Gold,F,72,73.6,103.0,125,37.5,36.1,37.5,126,36.1,124,52.3,50.7,37.5 / 126,36.1 / 124
4671,TX,White,F,72,71.3,99.6,120,35.7,35.6,35.7,119,35.6,121,49.7,49.9,35.7 / 119,35.6 / 121
34929,TX,Blue,M,30,29.5,38.2,94,29.5,,29.5,94,,,38.2,,29.5 / 94,/
34929,TX,White,M,30,28.5,36.5,86,28.5,,28.5,86,,,36.5,,28.5 / 86,/
34929,TX,Red,M,30,27.2,34.6,80,27.2,,27.2,80,,,34.6,,27.2 / 80,/
34929,TX,Blue,F,30,30.7,42.3,98,30.7,,30.7,98,,,42.3,,30.7 / 98,/
34929,TX,White,F,30,29.6,39.9,87,29.6,,29.6,87,,,39.9,,29.6 / 87,/
34929,TX,Red,F,30,28.2,38.0,83,28.2,,28.2,83,,,38.0,,28.2 / 83,/
4486,TX,Black,M,72,73.8,99.1,137,36.9,36.9,36.9,137,36.9,136,49.6,49.5,36.9 / 137,36.9 / 136
4486,TX,Blue,M,72,72.0,96.6,132,35.9,36.1,35.9,132,36.1,132,48.2,48.4,35.9 / 132,36.1 / 132
4486,TX,White,M,72,70.1,93.8,128,35.0,35.1,35.0,128,35.1,127,46.9,46.9,35.0 / 128,35.1 / 127
4486,TX,WCSGA,M,72,68.6,92.1,127,34.2,34.4,34.2,127,34.4,126,46.0,46.1,34.2 / 127,34.4 / 126
4486,TX,Gold,M,72,67.1,89.7,122,33.1,34.0,33.1,119,34.0,124,44.2,45.5,33.1 / 119,34.0 / 124
4486,TX,Red,M,72,64.3,85.8,116,31.5,32.8,31.5,113,32.8,118,42.0,43.8,31.5 / 113,32.8 / 118
4486,TX,Black,F,72,80.6,115.4,148,40.2,40.4,40.2,152,40.4,143,58.1,57.3,40.2 / 152,40.4 / 143
4486,TX,Blue,F,72,78.5,111.9,142,39.0,39.5,39.0,144,39.5,139,56.0,55.9,39.0 / 144,39.5 / 139
4486,TX,White,F,72,76.2,108.5,137,37.9,38.3,37.9,140,38.3,134,54.4,54.1,37.9 / 140,38.3 / 134
4486,TX,Gold,F,72,73.0,103.5,130,36.0,37.0,36.0,132,37.0,127,51.6,51.9,36.0 / 132,37.0 / 127
4486,TX,Red,F,72,69.1,97.3,120,33.5,35.6,33.5,119,35.6,120,47.5,49.8,33.5 / 119,35.6 / 120
4136,TX,Black,M,72,73.8,97.6,128,37.4,36.4,37.4,128,36.4,128,49.3,48.3,37.4 / 128,36.4 / 128
4136,TX,Gold,M,72,71.6,94.4,123,36.0,35.6,36.0,122,35.6,124,47.3,47.1,36.0 / 122,35.6 / 124
4136,TX,White,M,72,69.6,91.7,119,34.5,35.1,34.5,122,35.1,116,45.8,45.9,34.5 / 122,35.1 / 116
4136,TX,Green,M,72,66.0,86.9,113,32.9,33.1,32.9,115,33.1,110,43.6,43.3,32.9 / 115,33.1 / 110
4136,TX,White,F,72,75.1,105.0,127,37.1,38.0,37.1,126,38.0,127,52.0,53.0,37.1 / 126,38.0 / 127
4136,TX,Green,F,72,70.8,98.5,118,35.2,35.6,35.2,118,35.6,117,49.1,49.4,35.2 / 118,35.6 / 117
4217,TX,One Tee,M,72,73.2,99.5,142,36.9,36.3,36.9,144,36.3,139,50.3,49.2,36.9 / 144,36.3 / 139
4217,TX,Two Tee,M,72,70.7,95.9,136,35.7,35.0,35.7,141,35.0,130,48.8,47.1,35.7 / 141,35.0 / 130
4217,TX,Three Tee,M,72,68.3,91.5,125,34.5,33.8,34.5,124,33.8,126,46.0,45.5,34.5 / 124,33.8 / 126
4217,TX,Four Tee,M,72,64.0,85.5,116,32.1,31.9,32.1,114,31.9,117,42.7,42.8,32.1 / 114,31.9 / 117
4217,TX,One Tee,F,72,79.9,115.0,149,40.2,39.7,40.2,151,39.7,147,58.0,57.0,40.2 / 151,39.7 / 147
4217,TX,Two Tee,F,72,77.1,110.8,143,38.9,38.2,38.9,146,38.2,140,56.1,54.7,38.9 / 146,38.2 / 140
4217,TX,Three Tee,F,72,73.9,105.9,136,37.1,36.8,37.1,137,36.8,134,53.3,52.6,37.1 / 137,36.8 / 134
4217,TX,Four Tee,F,72,68.1,96.5,121,34.0,34.1,34.0,122,34.1,119,48.4,48.1,34.0 / 122,34.1 / 119
36541,TX,Blue,M,34,31.9,42.2,111,31.9,,31.9,111,,,42.2,,31.9 / 111,/
36541,TX,White,M,34,31.1,40.8,104,31.1,,31.1,104,,,40.8,,31.1 / 104,/
36541,TX,Red,M,34,29.9,38.9,97,29.9,,29.9,97,,,38.9,,29.9 / 97,/
36541,TX,Yellow,M,34,28.3,36.8,91,28.3,,28.3,91,,,36.8,,28.3 / 91,/
36541,TX,Blue,F,34,34.3,49.0,125,34.3,,34.3,125,,,49.0,,34.3 / 125,/
36541,TX,White,F,34,33.2,46.7,114,33.2,,33.2,114,,,46.7,,33.2 / 114,/
36541,TX,Red,F,34,30.9,42.9,102,30.9,,30.9,102,,,42.9,,30.9 / 102,/
36541,TX,Yellow,F,34,29.5,40.0,89,29.5,,29.5,89,,,40.0,,29.5 / 89,/
4188,TX,Black,M,71,71.9,96.9,135,37.5,34.4,37.5,141,34.4,128,50.6,46.3,37.5 / 141,34.4 / 128
4188,TX,Gold,M,71,69.6,93.1,127,36.4,33.2,36.4,136,33.2,117,49.0,44.1,36.4 / 136,33.2 / 117
4188,TX,White,M,71,66.9,88.5,116,34.9,32.0,34.9,127,32.0,105,46.7,41.8,34.9 / 127,32.0 / 105
4188,TX,Red,M,71,64.4,85.3,113,33.4,31.0,33.4,122,31.0,103,44.7,40.6,33.4 / 122,31.0 / 103
4188,TX,White,F,71,71.8,102.0,128,37.8,34.0,37.8,137,34.0,119,54.0,48.0,37.8 / 137,34.0 / 119
4188,TX,Red,F,71,68.3,96.8,121,36.0,32.3,36.0,131,32.3,111,51.4,45.4,36.0 / 131,32.3 / 111
4225,TX,Black,M,71,74.0,100.1,141,36.8,37.2,36.8,136,37.2,145,49.4,50.7,36.8 / 136,37.2 / 145
4225,TX,Blue,M,71,71.0,95.1,130,35.3,35.7,35.3,130,35.7,129,47.4,47.7,35.3 / 130,35.7 / 129
4225,TX,White,M,71,68.5,91.5,124,33.9,34.6,33.9,124,34.6,124,45.4,46.1,33.9 / 124,34.6 / 124
4225,TX,Forward,M,71,65.3,85.6,109,32.7,32.6,32.7,105,32.6,113,42.5,43.1,32.7 / 105,32.6 / 113
4225,TX,Blue,F,71,77.8,111.8,144,38.8,39.0,38.8,139,39.0,149,55.2,56.6,38.8 / 139,39.0 / 149
4225,TX,White,F,71,74.1,105.3,132,37.1,37.0,37.1,132,37.0,132,52.7,52.6,37.1 / 132,37.0 / 132
4225,TX,Forward,F,71,70.3,100.0,126,34.9,35.4,34.9,126,35.4,126,49.8,50.2,34.9 / 126,35.4 / 126
34216,TX,Black,M,72,73.7,99.2,138,37.0,36.7,37.0,140,36.7,135,50.0,49.2,37.0 / 140,36.7 / 135
34216,TX,Blue,M,72,71.0,94.9,129,35.6,35.4,35.6,129,35.4,128,47.6,47.3,35.6 / 129,35.4 / 128
34216,TX,Gold,M,72,68.0,89.7,117,33.9,34.1,33.9,115,34.1,118,44.6,45.1,33.9 / 115,34.1 / 118
34216,TX,Gold/Red Combo,M,72,66.8,88.6,117,33.5,33.3,33.5,116,33.3,118,44.3,44.3,33.5 / 116,33.3 / 118
34216,TX,Red,M,72,65.4,86.7,115,32.7,32.7,32.7,117,32.7,112,43.6,43.1,32.7 / 117,32.7 / 112
34216,TX,Black,F,72,80.0,113.1,141,40.3,39.7,40.3,145,39.7,136,57.4,55.7,40.3 / 145,39.7 / 136
34216,TX,Blue,F,72,77.0,108.8,135,38.6,38.4,38.6,138,38.4,131,54.9,53.9,38.6 / 138,38.4 / 131
34216,TX,Gold,F,72,74.1,104.3,128,37.1,37.0,37.1,129,37.0,127,52.3,52.0,37.1 / 129,37.0 / 127
34216,TX,Gold/Red Combo,F,72,72.6,101.4,123,36.6,36.0,36.6,126,36.0,119,51.4,50.0,36.6 / 126,36.0 / 119
34216,TX,Red,F,72,69.8,98.0,120,34.8,35.0,34.8,119,35.0,120,48.8,49.2,34.8 / 119,35.0 / 120
4068,TX,Black,M,71,74.3,98.6,131,36.7,37.6,36.7,126,37.6,136,48.4,50.2,36.7 / 126,37.6 / 136
4068,TX,White,M,71,72.5,96.7,131,35.8,36.7,35.8,124,36.7,132,47.3,49.0,35.8 / 124,36.7 / 132
4068,TX,Gold,M,71,69.5,92.7,125,34.2,35.3,34.2,122,35.3,128,45.5,47.2,34.2 / 122,35.3 / 128
4068,TX,Silver,M,71,65.0,86.6,116,32.4,32.6,32.4,114,32.6,118,43.0,43.6,32.4 / 114,32.6 / 118
4068,TX,White,F,71,78.2,110.5,137,38.7,39.5,38.7,136,39.5,138,54.7,55.8,38.7 / 136,39.5 / 138
4068,TX,Gold,F,71,74.9,105.6,130,38.0,36.9,38.0,131,36.9,129,53.5,52.1,38.0 / 131,36.9 / 129
4068,TX,Silver,F,71,69.6,97.4,118,34.8,34.8,34.8,119,34.8,119,48.8,48.8,34.8 / 119,34.8 / 119
4360,TX,Black,M,71,74.8,101.1,142,37.1,37.7,37.1,142,37.7,141,50.3,50.8,37.1 / 142,37.7 / 141
4360,TX,Black/Maroon Combo,M,68,73.5,99.3,141,36.2,37.3,36.2,138,37.3,141,49.0,50.4,36.2 / 138,37.3 / 141
4360,TX,Maroon,M,71,72.2,98.1,140,35.9,36.3,35.9,136,36.3,143,48.5,49.6,35.9 / 136,36.3 / 143
4360,TX,White,M,71,70.2,94.4,130,34.8,35.4,34.8,129,35.4,131,46.8,47.6,34.8 / 129,35.4 / 131
4360,TX,Blue,M,71,68.1,90.5,121,33.9,34.2,33.9,119,34.2,122,45.0,45.5,33.9 / 119,34.2 / 122
4360,TX,Yellow,M,71,65.1,85.5,110,32.3,32.8,32.3,109,32.8,111,42.4,43.1,32.3 / 109,32.8 / 111
4360,TX,Black,F,71,82.9,122.3,155,41.2,41.7,41.2,155,41.7,155,60.6,61.7,41.2 / 155,41.7 / 155
4360,TX,Black/Maroon Combo,F,71,81.5,119.8,155,40.2,41.3,40.2,155,41.3,155,58.6,61.2,40.2 / 155,41.3 / 155
4360,TX,Maroon,F,71,80.0,115.5,151,39.9,40.1,39.9,149,40.1,152,57.5,58.0,39.9 / 149,40.1 / 152
4360,TX,White,F,71,76.8,111.0,145,38.2,38.6,38.2,143,38.6,147,55.1,55.9,38.2 / 143,38.6 / 147
4360,TX,Blue,F,71,74.1,107.3,141,36.9,37.2,36.9,139,37.2,142,53.3,54.0,36.9 / 139,37.2 / 142
4360,TX,Yellow,F,71,70.1,99.0,123,34.8,35.3,34.8,121,35.3,124,49.1,49.9,34.8 / 121,35.3 / 124
4211,TX,Palmer,M,72,73.9,101.1,147,36.4,37.5,36.4,141,37.5,152,49.5,51.6,36.4 / 141,37.5 / 152
4211,TX,Tournament,M,72,71.1,96.4,136,35.2,35.9,35.2,129,35.9,143,47.2,49.2,35.2 / 129,35.9 / 143
4211,TX,Club,M,72,70.6,94.7,130,35.3,35.3,35.3,127,35.3,132,47.1,47.6,35.3 / 127,35.3 / 132
4211,TX,Forward,M,72,66.6,87.8,114,33.3,33.3,33.3,111,33.3,117,43.6,44.2,33.3 / 111,33.3 / 117
4211,TX,Palmer,F,73,79.4,113.3,144,39.3,40.1,39.3,140,40.1,148,55.8,57.5,39.3 / 140,40.1 / 148
4211,TX,Tournament,F,72,77.1,109.9,139,38.3,38.8,38.3,136,38.8,142,54.3,55.6,38.3 / 136,38.8 / 142
4211,TX,Club,F,72,75.6,108.9,141,37.7,37.9,37.7,139,37.9,143,54.1,54.8,37.7 / 139,37.9 / 143
4211,TX,Forward,F,72,71.3,99.9,122,35.8,35.5,35.8,120,35.5,123,49.9,50.0,35.8 / 120,35.5 / 123
4626,TX,Black,M,70,73.5,97.5,130,36.6,36.9,36.6,128,36.9,132,48.4,49.1,36.6 / 128,36.9 / 132
4626,TX,Blue,M,70,70.7,94.4,127,35.5,35.2,35.5,124,35.2,130,47.0,47.4,35.5 / 124,35.2 / 130
4626,TX,White,M,70,68.2,91.3,125,34.3,33.9,34.3,122,33.9,127,45.6,45.7,34.3 / 122,33.9 / 127
4626,TX,Red,M,70,67.1,89.4,120,33.5,33.6,33.5,117,33.6,123,44.4,45.0,33.5 / 117,33.6 / 123
4626,TX,White,F,72,74.7,105.8,132,37.6,37.1,37.6,131,37.1,132,53.1,52.7,37.6 / 131,37.1 / 132
4626,TX,Red,F,72,72.8,102.9,128,36.6,36.2,36.6,126,36.2,130,51.4,51.5,36.6 / 126,36.2 / 130
4651,TX,Black,M,72,75.3,100.7,137,37.7,37.6,37.7,132,37.6,141,50.0,50.7,37.7 / 132,37.6 / 141
4651,TX,Gold,M,72,72.1,96.3,131,36.1,36.0,36.1,124,36.0,137,47.6,48.7,36.1 / 124,36.0 / 137
4651,TX,Blue,M,72,69.6,93.5,129,34.6,35.0,34.6,124,35.0,133,46.1,47.4,34.6 / 124,35.0 / 133
4651,TX,Silver,M,72,66.1,86.7,111,32.9,33.2,32.9,108,33.2,114,42.9,43.8,32.9 / 108,33.2 / 114
4651,TX,Red,M,72,63.2,82.3,103,31.5,31.7,31.5,103,31.7,102,41.1,41.2,31.5 / 103,31.7 / 102
4651,TX,Black,F,72,81.9,116.4,146,41.1,40.8,41.1,142,40.8,150,57.9,58.5,41.1 / 142,40.8 / 150
4651,TX,Gold,F,72,78.7,111.5,139,39.4,39.3,39.4,136,39.3,142,55.4,56.1,39.4 / 136,39.3 / 142
4651,TX,Blue,F,72,75.4,106.8,133,37.6,37.8,37.6,129,37.8,137,52.8,54.0,37.6 / 129,37.8 / 137
4651,TX,Silver,F,72,71.7,100.4,122,35.7,36.0,35.7,120,36.0,124,49.8,50.6,35.7 / 120,36.0 / 124
4651,TX,Red,F,72,68.2,94.7,113,33.9,34.3,33.9,111,34.3,114,47.0,47.7,33.9 / 111,34.3 / 114
4330,TX,Tour,M,71,74.3,97.9,127,37.1,37.2,37.1,129,37.2,125,49.1,48.8,37.1 / 129,37.2 / 125
4330,TX,Tour/Champ Tees,M,71,72.1,94.7,122,36.0,36.1,36.0,124,36.1,119,47.5,47.2,36.0 / 124,36.1 / 119
4330,TX,Champ,M,71,71.2,93.3,119,35.5,35.7,35.5,122,35.7,116,46.8,46.5,35.5 / 122,35.7 / 116
4330,TX,Preferred,M,71,67.9,89.2,115,33.9,34.0,33.9,115,34.0,114,44.6,44.6,33.9 / 115,34.0 / 114
4330,TX,Green,M,71,66.0,86.2,109,33.0,33.0,33.0,111,33.0,107,43.3,42.9,33.0 / 111,33.0 / 107
4330,TX,Forward,M,71,64.5,84.2,106,32.3,32.2,32.3,109,32.2,103,42.4,41.8,32.3 / 109,32.2 / 103
4330,TX,Tour,F,71,81.7,115.1,142,40.7,41.0,40.7,140,41.0,143,57.2,57.9,40.7 / 140,41.0 / 143
4330,TX,Champ,F,71,78.0,109.6,134,38.8,39.2,38.8,132,39.2,136,54.4,55.2,38.8 / 132,39.2 / 136
4330,TX,Preferred,F,71,73.6,102.8,124,36.9,36.7,36.9,123,36.7,125,51.4,51.4,36.9 / 123,36.7 / 125
4330,TX,Green,F,71,71.8,99.7,119,35.9,35.9,35.9,118,35.9,119,49.8,49.9,35.9 / 118,35.9 / 119
4330,TX,Forward,F,71,69.9,96.8,114,35.0,34.9,35.0,112,34.9,116,48.2,48.6,35.0 / 112,34.9 / 116
4101,TX,Gold,M,72,73.7,98.0,131,37.7,36.0,37.7,133,36.0,128,50.1,47.9,37.7 / 133,36.0 / 128
4101,TX,Blue,M,72,71.7,95.6,129,36.6,35.1,36.6,133,35.1,124,49.0,46.6,36.6 / 133,35.1 / 124
4101,TX,White,M,72,69.7,92.7,124,35.7,34.0,35.7,126,34.0,122,47.4,45.3,35.7 / 126,34.0 / 122
4101,TX,Red,M,72,66.7,88.4,117,34.2,32.5,34.2,119,32.5,114,45.3,43.1,34.2 / 119,32.5 / 114
4101,TX,Teal,M,72,64.3,85.3,113,33.0,31.3,33.0,114,31.3,112,43.6,41.7,33.0 / 114,31.3 / 112
4101,TX,White,F,72,75.7,106.6,131,38.9,36.8,38.9,136,36.8,126,54.9,51.7,38.9 / 136,36.8 / 126
4101,TX,Red,F,72,71.9,101.2,125,37.0,34.9,37.0,129,34.9,120,52.2,49.0,37.0 / 129,34.9 / 120
4101,TX,Teal,F,72,69.4,97.2,118,35.6,33.8,35.6,122,33.8,114,50.0,47.2,35.6 / 122,33.8 / 114
4443,TX,Black,M,72,75.8,103.0,146,38.1,37.7,38.1,147,37.7,145,51.8,51.2,38.1 / 147,37.7 / 145
4443,TX,Gold,M,72,74.5,101.2,144,37.4,37.1,37.4,145,37.1,142,50.9,50.3,37.4 / 145,37.1 / 142
4443,TX,Blue,M,72,73.0,99.1,141,36.7,36.3,36.7,143,36.3,138,50.0,49.1,36.7 / 143,36.3 / 138
4443,TX,Blue/Copper Combo,M,72,71.8,97.4,138,36.0,35.8,36.0,140,35.8,136,49.0,48.4,36.0 / 140,35.8 / 136
4443,TX,Copper,M,72,70.6,95.8,136,35.5,35.1,35.5,138,35.1,133,48.3,47.5,35.5 / 138,35.1 / 133
4443,TX,Silver,M,72,66.8,90.5,128,33.5,33.3,33.5,130,33.3,125,45.6,44.9,33.5 / 130,33.3 / 125
4443,TX,Black,F,72,83.1,120.2,155,41.7,41.4,41.7,155,41.4,155,60.5,59.7,41.7 / 155,41.4 / 155
4443,TX,Gold,F,72,81.6,116.9,150,40.9,40.7,40.9,151,40.7,148,58.7,58.2,40.9 / 151,40.7 / 148
4443,TX,Blue,F,72,79.6,114.1,146,40.0,39.6,40.0,148,39.6,144,57.5,56.6,40.0 / 148,39.6 / 144
4443,TX,Blue/Copper Combo,F,72,78.0,112.0,144,39.3,38.7,39.3,146,38.7,142,56.5,55.5,39.3 / 146,38.7 / 142
4443,TX,Copper,F,72,76.6,110.1,142,38.7,37.9,38.7,144,37.9,140,55.7,54.4,38.7 / 144,37.9 / 140
4443,TX,Silver,F,72,71.8,103.2,133,35.8,36.0,35.8,133,36.0,133,51.5,51.7,35.8 / 133,36.0 / 133
3980,TX,Black,M,72,75.7,102.5,144,38.4,37.3,38.4,143,37.3,145,51.7,50.8,38.4 / 143,37.3 / 145
3980,TX,Gold,M,72,73.6,99.8,141,37.2,36.4,37.2,139,36.4,143,50.1,49.7,37.2 / 139,36.4 / 143
3980,TX,Gold/Blue Combo,M,72,72.6,99.0,140,36.5,36.1,36.5,138,36.1,144,49.4,49.6,36.5 / 138,36.1 / 144
3980,TX,Blue,M,72,71.4,97.2,139,36.1,35.3,36.1,135,35.3,143,48.6,48.6,36.1 / 135,35.3 / 143
3980,TX,Blue/Copper Combo,M,72,69.6,94.2,133,35.1,34.5,35.1,126,34.5,139,46.8,47.4,35.1 / 126,34.5 / 139
3980,TX,Copper,M,72,68.2,91.5,126,34.2,34.0,34.2,125,34.0,126,45.8,45.7,34.2 / 125,34.0 / 126
3980,TX,Silver,M,72,66.2,87.6,115,33.2,33.0,33.2,116,33.0,114,44.0,43.6,33.2 / 116,33.0 / 114
3980,TX,Forward,M,72,62.7,84.8,119,31.1,31.6,31.1,117,31.6,121,42.0,42.8,31.1 / 117,31.6 / 121
3980,TX,Black,F,72,82.5,119.2,154,42.0,40.5,42.0,153,40.5,155,60.0,59.2,42.0 / 153,40.5 / 155
3980,TX,Gold,F,72,80.1,115.4,150,40.6,39.5,40.6,146,39.5,153,57.8,57.6,40.6 / 146,39.5 / 153
3980,TX,Gold/Blue Combo,F,72,79.2,113.9,147,40.0,39.2,40.0,142,39.2,152,56.8,57.1,40.0 / 142,39.2 / 152
3980,TX,Blue,F,72,77.8,112.0,145,39.4,38.4,39.4,141,38.4,149,56.0,56.0,39.4 / 141,38.4 / 149
3980,TX,Blue/Copper Combo,F,72,75.9,110.0,143,38.4,37.5,38.4,145,37.5,142,55.6,54.4,38.4 / 145,37.5 / 142
3980,TX,Copper,F,72,73.9,107.3,142,37.5,36.4,37.5,139,36.4,144,53.9,53.4,37.5 / 139,36.4 / 144
3980,TX,Silver,F,72,70.7,101.7,132,35.8,34.9,35.8,127,34.9,136,50.8,50.9,35.8 / 127,34.9 / 136
3980,TX,Forward,F,72,65.9,94.6,123,32.5,33.4,32.5,119,33.4,126,46.5,48.1,32.5 / 119,33.4 / 126
13634,TX,Blue,M,72,71.3,94.8,127,36.9,34.4,36.9,126,34.4,127,48.6,46.2,36.9 / 126,34.4 / 127
13634,TX,White,M,72,69.9,92.6,123,36.1,33.8,36.1,122,33.8,123,47.4,45.2,36.1 / 122,33.8 / 123
13634,TX,Black,M,72,67.8,90.0,119,34.7,33.1,34.7,118,33.1,120,45.7,44.3,34.7 / 118,33.1 / 120
13634,TX,Red,M,72,64.4,85.7,115,32.7,31.7,32.7,111,31.7,118,43.0,42.7,32.7 / 111,31.7 / 118
13634,TX,Blue,F,72,77.3,109.7,138,40.4,36.9,40.4,139,36.9,136,56.8,52.9,40.4 / 139,36.9 / 136
13634,TX,White,F,72,75.6,107.3,135,39.4,36.2,39.4,137,36.2,132,55.5,51.8,39.4 / 137,36.2 / 132
13634,TX,Black,F,72,73.0,104.0,131,37.8,35.2,37.8,131,35.2,131,53.3,50.7,37.8 / 131,35.2 / 131
13634,TX,Red,F,72,68.9,98.0,124,35.3,33.6,35.3,122,33.6,125,49.7,48.3,35.3 / 122,33.6 / 125
4370,TX,Championship,M,72,76.0,102.2,141,38.0,38.0,38.0,140,38.0,142,51.0,51.2,38.0 / 140,38.0 / 142
4370,TX,Swords,M,72,74.5,100.0,138,37.4,37.1,37.4,137,37.1,138,50.1,49.9,37.4 / 137,37.1 / 138
4370,TX,Member,M,72,72.0,96.4,132,36.3,35.7,36.3,128,35.7,135,48.2,48.2,36.3 / 128,35.7 / 135
4370,TX,Silver,M,72,69.1,92.0,124,34.7,34.4,34.7,122,34.4,125,46.0,46.0,34.7 / 122,34.4 / 125
4370,TX,Bronze,M,72,66.2,88.3,119,33.2,33.0,33.2,119,33.0,118,44.3,44.0,33.2 / 119,33.0 / 118
4370,TX,Championship,F,72,82.7,118.8,152,41.3,41.4,41.3,155,41.4,148,60.0,58.8,41.3 / 155,41.4 / 148
4370,TX,Swords,F,72,80.8,115.5,147,40.5,40.3,40.5,150,40.3,144,58.2,57.3,40.5 / 150,40.3 / 144
4370,TX,Member,F,72,78.2,111.8,143,39.1,39.1,39.1,145,39.1,140,56.2,55.6,39.1 / 145,39.1 / 140
4370,TX,Silver,F,72,74.3,106.8,138,37.0,37.3,37.0,140,37.3,136,53.5,53.3,37.0 / 140,37.3 / 136
4370,TX,Bronze,F,72,70.6,100.4,127,35.2,35.4,35.2,128,35.4,125,50.3,50.1,35.2 / 128,35.4 / 125
4208,TX,Gold,M,72,74.9,100.5,138,37.6,37.3,37.6,133,37.3,142,50.0,50.5,37.6 / 133,37.3 / 142
4208,TX,Blue,M,72,72.5,97.3,134,36.4,36.1,36.4,129,36.1,138,48.4,48.9,36.4 / 129,36.1 / 138
4208,TX,White,M,72,69.7,93.9,130,34.8,34.9,34.8,131,34.9,129,47.0,46.9,34.8 / 131,34.9 / 129
4208,TX,Green,M,72,67.0,90.2,125,33.5,33.5,33.5,127,33.5,123,45.3,44.9,33.5 / 127,33.5 / 123
4208,TX,Red,M,72,65.4,85.9,111,32.4,33.0,32.4,108,33.0,113,42.4,43.5,32.4 / 108,33.0 / 113
4208,TX,Gold,F,72,82.7,118.6,152,41.2,41.5,41.2,153,41.5,151,59.3,59.3,41.2 / 153,41.5 / 151
4208,TX,Blue,F,72,79.7,114.6,148,39.7,40.0,39.7,148,40.0,148,57.2,57.4,39.7 / 148,40.0 / 148
4208,TX,White,F,72,76.6,109.9,142,38.1,38.5,38.1,141,38.5,142,54.7,55.2,38.1 / 141,38.5 / 142
4208,TX,Green,F,72,73.3,105.0,135,36.6,36.7,36.6,134,36.7,135,52.4,52.6,36.6 / 134,36.7 / 135
4208,TX,Red,F,72,71.0,99.4,121,35.0,36.0,35.0,123,36.0,118,49.5,49.9,35.0 / 123,36.0 / 118
4152,TX,Gold,M,71,73.6,98.6,135,36.7,36.9,36.7,138,36.9,131,49.5,49.1,36.7 / 138,36.9 / 131
4152,TX,Blue,M,71,70.7,94.9,130,35.2,35.5,35.2,131,35.5,129,47.4,47.5,35.2 / 131,35.5 / 129
4152,TX,White,M,71,68.8,92.2,126,34.5,34.3,34.5,126,34.3,126,46.2,46.0,34.5 / 126,34.3 / 126
4152,TX,Silver,M,71,67.2,90.1,124,33.9,33.3,33.9,124,33.3,123,45.4,44.7,33.9 / 124,33.3 / 123
4152,TX,Red,M,71,66.1,88.4,120,33.3,32.8,33.3,119,32.8,121,44.4,44.0,33.3 / 119,32.8 / 121
4152,TX,White,F,71,74.7,105.9,133,37.2,37.5,37.2,130,37.5,135,52.5,53.4,37.2 / 130,37.5 / 135
4152,TX,Silver,F,71,72.8,102.9,128,36.5,36.3,36.5,127,36.3,128,51.5,51.4,36.5 / 127,36.3 / 128
4152,TX,Red,F,72,71.0,99.9,123,35.6,35.4,35.6,124,35.4,121,50.2,49.7,35.6 / 124,35.4 / 121
4417,TX,Gold,M,72,74.4,102.3,147,37.4,37.0,37.4,155,37.0,139,52.4,49.9,37.4 / 155,37.0 / 139
4417,TX,Blue,M,72,71.4,97.0,138,35.9,35.5,35.9,142,35.5,133,49.1,47.9,35.9 / 142,35.5 / 133
4417,TX,White,M,72,68.2,90.3,119,34.0,34.2,34.0,124,34.2,114,45.5,44.8,34.0 / 124,34.2 / 114
4417,TX,Red,M,72,65.4,85.1,106,32.5,32.9,32.5,109,32.9,103,42.6,42.5,32.5 / 109,32.9 / 103
4417,TX,Gold,F,72,82.3,120.3,155,40.3,42.0,40.3,155,42.0,155,58.7,61.6,40.3 / 155,42.0 / 155
4417,TX,Blue,F,72,78.0,113.3,149,38.7,39.3,38.7,142,39.3,155,55.4,57.9,38.7 / 142,39.3 / 155
4417,TX,White,F,72,73.2,105.4,137,36.7,36.5,36.7,139,36.5,134,53.1,52.3,36.7 / 139,36.5 / 134
4417,TX,Red,F,72,69.5,98.5,123,34.6,34.9,34.6,125,34.9,121,49.3,49.2,34.6 / 125,34.9 / 121
4147,TX,Black,M,71,74.8,100.6,139,36.9,37.9,36.9,142,37.9,136,50.1,50.5,36.9 / 142,37.9 / 136
4147,TX,Silver,M,71,71.8,96.6,134,35.3,36.5,35.3,136,36.5,131,47.9,48.7,35.3 / 136,36.5 / 131
4147,TX,Blue,M,71,71.4,95.9,132,35.1,36.3,35.1,133,36.3,130,47.5,48.4,35.1 / 133,36.3 / 130
4147,TX,Gold,M,71,70.4,94.7,131,34.3,36.1,34.3,133,36.1,128,46.7,48.0,34.3 / 133,36.1 / 128
4147,TX,White,M,71,69.3,93.0,128,33.9,35.4,33.9,130,35.4,125,46.0,47.0,33.9 / 130,35.4 / 125
4147,TX,Diamond,M,71,67.7,91.0,126,33.2,34.5,33.2,126,34.5,125,44.9,46.1,33.2 / 126,34.5 / 125
4147,TX,Red,M,71,66.5,88.4,118,32.7,33.8,32.7,116,33.8,119,43.5,44.9,32.7 / 116,33.8 / 119
4147,TX,Orange,M,71,64.6,85.9,115,32.2,32.4,32.2,115,32.4,114,42.9,43.0,32.2 / 115,32.4 / 114
4147,TX,Black,F,72,81.8,118.0,154,40.5,41.3,40.5,154,41.3,153,58.7,59.3,40.5 / 154,41.3 / 153
4147,TX,Silver,F,72,78.3,112.7,146,38.6,39.7,38.6,146,39.7,146,55.8,56.9,38.6 / 146,39.7 / 146
4147,TX,Blue,F,72,77.9,112.2,146,38.2,39.7,38.2,145,39.7,146,55.3,56.9,38.2 / 145,39.7 / 146
4147,TX,Gold,F,72,76.7,110.5,143,37.5,39.2,37.5,142,39.2,144,54.3,56.2,37.5 / 142,39.2 / 144
4147,TX,White,F,72,75.3,108.2,140,36.9,38.4,36.9,138,38.4,141,53.2,55.0,36.9 / 138,38.4 / 141
4147,TX,Diamond,F,72,73.2,103.9,130,35.8,37.4,35.8,131,37.4,129,51.3,52.6,35.8 / 131,37.4 / 129
4147,TX,Red,F,72,71.2,101.0,127,34.9,36.3,34.9,126,36.3,127,49.7,51.3,34.9 / 126,36.3 / 127
4147,TX,Orange,F,72,68.8,97.4,122,34.2,34.6,34.2,123,34.6,120,48.7,48.7,34.2 / 123,34.6 / 120
4146,TX,Byron Nelson,M,70,74.5,99.7,136,37.7,36.8,37.7,139,36.8,132,50.6,49.1,37.7 / 139,36.8 / 132
4146,TX,Black,M,70,74.2,100.5,142,37.4,36.8,37.4,143,36.8,140,50.7,49.8,37.4 / 143,36.8 / 140
4146,TX,Silver,M,70,73.3,99.3,140,37.1,36.2,37.1,137,36.2,143,49.8,49.5,37.1 / 137,36.2 / 143
4146,TX,Blue,M,70,72.0,97.2,136,36.2,35.8,36.2,137,35.8,135,48.9,48.3,36.2 / 137,35.8 / 135
4146,TX,Gold,M,70,70.2,94.8,132,35.3,34.9,35.3,133,34.9,131,47.7,47.1,35.3 / 133,34.9 / 131
4146,TX,White,M,70,69.4,93.2,128,34.9,34.5,34.9,129,34.5,127,46.9,46.3,34.9 / 129,34.5 / 127
4146,TX,Diamond,M,70,67.3,90.2,124,33.9,33.4,33.9,124,33.4,123,45.4,44.8,33.9 / 124,33.4 / 123
4146,TX,Red,M,70,66.0,88.1,119,33.3,32.7,33.3,119,32.7,118,44.4,43.7,33.3 / 119,32.7 / 118
4146,TX,Orange,M,70,64.6,86.5,118,32.5,32.1,32.5,118,32.1,117,43.5,43.0,32.5 / 118,32.1 / 117
4146,TX,Black,F,70,81.8,118.2,154,41.2,40.6,41.2,155,40.6,153,59.5,58.7,41.2 / 155,40.6 / 153
4146,TX,Silver,F,70,80.5,115.8,150,40.6,39.9,40.6,151,39.9,148,58.4,57.4,40.6 / 151,39.9 / 148
4146,TX,Blue,F,70,79.1,113.7,147,39.7,39.4,39.7,147,39.4,147,57.0,56.7,39.7 / 147,39.4 / 147
4146,TX,Gold,F,70,77.3,111.4,145,38.8,38.5,38.8,145,38.5,144,55.9,55.5,38.8 / 145,38.5 / 144
4146,TX,White,F,70,76.1,109.7,143,38.3,37.8,38.3,143,37.8,142,55.2,54.5,38.3 / 143,37.8 / 142
4146,TX,Diamond,F,70,72.7,104.0,133,36.6,36.1,36.6,134,36.1,131,52.4,51.6,36.6 / 134,36.1 / 131
4146,TX,Red,F,70,70.5,101.1,130,35.6,34.9,35.6,128,34.9,131,50.7,50.4,35.6 / 128,34.9 / 131
4146,TX,Orange,F,70,68.7,98.0,125,34.7,34.0,34.7,124,34.0,125,49.3,48.7,34.7 / 124,34.0 / 125
28360,TX,I,M,72,73.2,97.2,129,36.6,36.6,36.6,129,36.6,129,48.6,48.6,36.6 / 129,36.6 / 129
28360,TX,II,M,72,71.0,93.4,121,35.5,35.5,35.5,121,35.5,121,46.7,46.7,35.5 / 121,35.5 / 121
28360,TX,III,M,72,68.0,88.6,111,34.0,34.0,34.0,111,34.0,111,44.3,44.3,34.0 / 111,34.0 / 111
28360,TX,IV,M,72,62.8,81.6,101,31.4,31.4,31.4,101,31.4,101,40.8,40.8,31.4 / 101,31.4 / 101
28360,TX,I,F,72,79.8,112.6,139,39.9,39.9,39.9,139,39.9,139,56.3,56.3,39.9 / 139,39.9 / 139
28360,TX,II,F,72,76.6,106.8,128,38.3,38.3,38.3,128,38.3,128,53.4,53.4,38.3 / 128,38.3 / 128
28360,TX,III,F,72,73.0,101.2,120,36.5,36.5,36.5,120,36.5,120,50.6,50.6,36.5 / 120,36.5 / 120
28360,TX,IV,F,72,66.6,93.4,114,33.3,33.3,33.3,114,33.3,114,46.7,46.7,33.3 / 114,33.3 / 114
34206,TX,Championship,M,27,26.5,34.9,90,26.5,,26.5,90,,,34.9,,26.5 / 90,/
34206,TX,Member,M,27,25.8,33.5,83,25.8,,25.8,83,,,33.5,,25.8 / 83,/
34206,TX,Championship,F,27,28.0,39.0,93,28.0,,28.0,93,,,39.0,,28.0 / 93,/
34206,TX,Member,F,27,27.3,37.6,87,27.3,,27.3,87,,,37.6,,27.3 / 87,/
34205,TX,Championship,M,27,26.8,35.1,89,26.8,,26.8,89,,,35.1,,26.8 / 89,/
34205,TX,Member,M,27,26.1,34.2,87,26.1,,26.1,87,,,34.2,,26.1 / 87,/
34205,TX,Mc Masters,M,27,26.1,33.9,84,26.1,,26.1,84,,,33.9,,26.1 / 84,/
34205,TX,Championship,F,27,28.2,39.5,96,28.2,,28.2,96,,,39.5,,28.2 / 96,/
34205,TX,Mc Masters,F,27,27.6,38.7,94,27.6,,27.6,94,,,38.7,,27.6 / 94,/
34205,TX,Member,F,27,27.6,38.4,92,27.6,,27.6,92,,,38.4,,27.6 / 92,/
4049,TX,Professional,M,71,72.8,96.3,127,35.3,37.5,35.3,125,37.5,128,46.9,49.4,35.3 / 125,37.5 / 128
4049,TX,Combo A,M,71,70.8,94.1,126,34.4,36.4,34.4,122,36.4,129,45.7,48.4,34.4 / 122,36.4 / 129
4049,TX,Championship,M,71,69.8,92.6,123,34.2,35.6,34.2,117,35.6,128,45.1,47.5,34.2 / 117,35.6 / 128
4049,TX,Regular,M,71,66.7,87.0,113,32.5,34.2,32.5,103,34.2,115,42.1,44.9,32.5 / 103,34.2 / 115
4049,TX,Combo B,M,71,65.2,85.9,112,32.1,33.1,32.1,109,33.1,114,42.2,43.7,32.1 / 109,33.1 / 114
4049,TX,Forward,M,71,63.6,82.3,101,31.3,32.3,31.3,103,32.3,98,40.9,41.4,31.3 / 103,32.3 / 98
4049,TX,Professional,F,71,79.5,113.2,143,38.6,40.9,38.6,141,40.9,145,55.2,58.0,38.6 / 141,40.9 / 145
4049,TX,Combo A,F,71,77.4,110.2,140,37.3,40.1,37.3,137,40.1,142,53.4,56.8,37.3 / 137,40.1 / 142
4049,TX,Championship,F,71,76.1,108.2,136,36.9,39.2,36.9,135,39.2,137,52.8,55.4,36.9 / 135,39.2 / 137
4049,TX,Regular,F,71,72.9,103.6,130,35.4,37.5,35.4,126,37.5,134,50.3,53.3,35.4 / 126,37.5 / 134
4049,TX,Combo B,F,71,71.2,100.7,125,34.9,36.3,34.9,124,36.3,126,49.5,51.2,34.9 / 124,36.3 / 126
4049,TX,Forward,F,71,69.1,97.4,120,34.1,35.0,34.1,119,35.0,121,48.1,49.3,34.1 / 119,35.0 / 121
4216,TX,Black,M,72,74.2,99.7,138,36.1,38.1,36.1,136,38.1,139,48.7,51.0,36.1 / 136,38.1 / 139
4216,TX,Red,M,72,72.1,96.6,132,35.2,36.9,35.2,130,36.9,133,47.3,49.3,35.2 / 130,36.9 / 133
4216,TX,White,M,72,69.3,93.0,128,34.0,35.3,34.0,124,35.3,131,45.5,47.5,34.0 / 124,35.3 / 131
4216,TX,Gold,M,72,66.2,87.6,115,32.3,33.9,32.3,116,33.9,114,43.1,44.5,32.3 / 116,33.9 / 114
4216,TX,Black,F,72,81.3,116.7,148,39.5,41.8,39.5,142,41.8,154,56.4,60.3,39.5 / 142,41.8 / 154
4216,TX,Red,F,72,78.6,111.9,142,38.3,40.3,38.3,135,40.3,148,54.2,57.7,38.3 / 135,40.3 / 148
4216,TX,White,F,72,75.5,107.6,136,37.0,38.5,37.0,130,38.5,141,52.4,55.2,37.0 / 130,38.5 / 141
4216,TX,Gold,F,72,71.2,100.8,126,34.8,36.4,34.8,120,36.4,131,49.0,51.8,34.8 / 120,36.4 / 131
4270,TX,Black,M,72,73.3,99.1,139,36.3,37.0,36.3,132,37.0,145,48.6,50.5,36.3 / 132,37.0 / 145
4270,TX,Blue,M,72,70.9,96.1,136,35.5,35.4,35.5,129,35.4,142,47.5,48.6,35.5 / 129,35.4 / 142
4270,TX,White,M,72,69.1,92.9,129,34.6,34.5,34.6,121,34.5,136,45.8,47.1,34.6 / 121,34.5 / 136
4270,TX,Red,M,72,66.3,89.0,122,33.3,33.0,33.3,115,33.0,129,44.0,45.0,33.3 / 115,33.0 / 129
4270,TX,Black,F,72,79.4,113.2,144,39.1,40.3,39.1,137,40.3,150,55.2,58.0,39.1 / 137,40.3 / 150
4270,TX,Blue,F,72,77.0,109.9,140,38.2,38.8,38.2,133,38.8,146,53.9,56.0,38.2 / 133,38.8 / 146
4270,TX,White,F,72,74.7,106.4,135,37.0,37.7,37.0,130,37.7,140,52.3,54.1,37.0 / 130,37.7 / 140
4270,TX,Red,F,72,71.3,101.3,127,35.4,35.9,35.4,123,35.9,131,49.9,51.4,35.4 / 123,35.9 / 131
4300,TX,Black,M,72,76.3,104.6,153,38.0,38.3,38.0,155,38.3,150,52.4,52.2,38.0 / 155,38.3 / 150
4300,TX,Gold,M,72,73.8,101.6,150,36.9,36.9,36.9,152,36.9,147,51.0,50.6,36.9 / 152,36.9 / 147
4300,TX,Blue,M,72,71.3,98.8,148,35.7,35.6,35.7,146,35.6,150,49.3,49.5,35.7 / 146,35.6 / 150
4300,TX,White,M,72,69.6,95.2,138,34.8,34.8,34.8,137,34.8,139,47.5,47.7,34.8 / 137,34.8 / 139
4300,TX,Red,M,72,66.3,89.4,125,33.5,32.8,33.5,123,32.8,126,44.9,44.5,33.5 / 123,32.8 / 126
4300,TX,Black,F,72,83.5,122.6,155,41.6,41.9,41.6,155,41.9,155,61.7,60.9,41.6 / 155,41.9 / 155
4300,TX,Gold,F,72,81.0,118.4,155,40.5,40.5,40.5,155,40.5,155,59.6,58.8,40.5 / 155,40.5 / 155
4300,TX,Blue,F,72,78.2,114.6,154,39.0,39.2,39.0,155,39.2,152,57.5,57.1,39.0 / 155,39.2 / 152
4300,TX,White,F,72,74.9,108.1,141,37.5,37.4,37.5,142,37.4,139,54.3,53.8,37.5 / 142,37.4 / 139
4300,TX,Red,F,72,71.2,102.2,132,36.0,35.2,36.0,137,35.2,126,52.2,50.0,36.0 / 137,35.2 / 126
4178,TX,Championship,M,71,74.7,100.6,140,37.7,37.0,37.7,136,37.0,143,50.3,50.3,37.7 / 136,37.0 / 143
4178,TX,Blue,M,71,71.4,95.7,131,35.7,35.7,35.7,128,35.7,133,47.6,48.1,35.7 / 128,35.7 / 133
4178,TX,White,M,71,69.3,92.8,127,34.6,34.7,34.6,125,34.7,128,46.2,46.6,34.6 / 125,34.7 / 128
4178,TX,Red,M,71,66.0,87.5,116,32.8,33.2,32.8,109,33.2,123,42.9,44.6,32.8 / 109,33.2 / 123
4178,TX,Championship,F,71,82.4,119.5,154,41.6,40.8,41.6,153,40.8,155,59.7,59.8,41.6 / 153,40.8 / 155
4178,TX,Blue,F,71,78.2,113.6,150,39.3,38.9,39.3,148,38.9,152,56.8,56.8,39.3 / 148,38.9 / 152
4178,TX,White,F,71,74.8,107.3,138,37.5,37.3,37.5,137,37.3,138,53.7,53.6,37.5 / 137,37.3 / 138
4178,TX,Red,F,71,71.4,100.8,125,35.2,36.2,35.2,123,36.2,126,49.7,51.1,35.2 / 123,36.2 / 126
4177,TX,Green,M,72,74.3,98.4,130,37.3,37.0,37.3,129,37.0,130,49.3,49.1,37.3 / 129,37.0 / 130
4177,TX,Blue,M,72,71.6,94.8,125,36.1,35.5,36.1,126,35.5,124,47.8,47.0,36.1 / 126,35.5 / 124
4177,TX,White,M,72,69.3,91.4,119,34.9,34.4,34.9,122,34.4,116,46.2,45.2,34.9 / 122,34.4 / 116
4177,TX,White/Red,M,72,67.8,89.6,117,34.1,33.7,34.1,118,33.7,116,45.1,44.5,34.1 / 118,33.7 / 116
4177,TX,Red,M,72,66.1,86.7,111,33.2,32.9,33.2,110,32.9,112,43.4,43.3,33.2 / 110,32.9 / 112
4177,TX,Green,F,72,81.4,116.0,147,40.8,40.6,40.8,152,40.6,142,58.7,57.3,40.8 / 152,40.6 / 142
4177,TX,Blue,F,72,78.9,112.1,141,39.7,39.2,39.7,146,39.2,136,56.9,55.2,39.7 / 146,39.2 / 136
4177,TX,White,F,72,75.6,106.9,133,38.2,37.4,38.2,135,37.4,131,54.1,52.8,38.2 / 135,37.4 / 131
4177,TX,White/Red,F,72,73.6,103.3,126,37.2,36.4,37.2,128,36.4,124,52.3,51.0,37.2 / 128,36.4 / 124
4177,TX,Red,F,72,71.3,98.6,116,35.8,35.5,35.8,114,35.5,117,49.3,49.3,35.8 / 114,35.5 / 117
4415,TX,Black,M,72,75.0,100.9,140,37.7,37.3,37.7,139,37.3,140,50.6,50.3,37.7 / 139,37.3 / 140
4415,TX,Maroon,M,72,72.2,97.8,138,36.5,35.7,36.5,138,35.7,138,49.3,48.5,36.5 / 138,35.7 / 138
4415,TX,Maroon / Green Tee,M,72,70.7,95.7,135,35.5,35.2,35.5,135,35.2,135,48.0,47.7,35.5 / 135,35.2 / 135
4415,TX,Green,M,72,69.9,93.8,129,35.3,34.6,35.3,129,34.6,128,47.3,46.5,35.3 / 129,34.6 / 128
4415,TX,Orange,M,72,66.4,88.0,116,33.5,32.9,33.5,117,32.9,115,44.4,43.6,33.5 / 117,32.9 / 115
4415,TX,Black,F,72,82.3,120.5,155,41.4,40.9,41.4,155,40.9,155,61.1,59.4,41.4 / 155,40.9 / 155
4415,TX,Maroon,F,72,79.4,115.3,152,40.0,39.4,40.0,155,39.4,148,58.4,56.9,40.0 / 155,39.4 / 148
4415,TX,Maroon / Green Tee,F,72,77.6,111.6,144,38.9,38.7,38.9,146,38.7,142,56.1,55.5,38.9 / 146,38.7 / 142
4415,TX,Green,F,72,76.1,109.1,140,38.3,37.8,38.3,143,37.8,137,55.2,53.9,38.3 / 143,37.8 / 137
4415,TX,Orange,F,72,71.7,102.3,130,36.2,35.5,36.2,130,35.5,130,51.5,50.8,36.2 / 130,35.5 / 130
4320,TX,Championship,M,72,74.9,102.0,146,37.2,37.7,37.2,143,37.7,149,50.5,51.5,37.2 / 143,37.7 / 149
4320,TX,Tournament,M,72,71.9,97.8,140,36.2,35.7,36.2,142,35.7,137,49.4,48.4,36.2 / 142,35.7 / 137
4320,TX,Men's (White/Blue),M,72,70.3,95.5,136,35.2,35.1,35.2,138,35.1,133,48.0,47.5,35.2 / 138,35.1 / 133
4320,TX,White,M,72,69.2,93.4,130,34.3,34.9,34.3,133,34.9,127,46.7,46.7,34.3 / 133,34.9 / 127
4320,TX,White,F,72,74.3,105.9,134,37.1,37.2,37.1,135,37.2,133,53.0,52.9,37.1 / 135,37.2 / 133
4320,TX,Ladies,F,72,71.1,101.2,128,35.9,35.2,35.9,123,35.2,132,50.4,50.8,35.9 / 123,35.2 / 132
4552,TX,Blue,M,72,72.6,96.2,127,36.5,36.1,36.5,128,36.1,126,48.4,47.8,36.5 / 128,36.1 / 126
4552,TX,White,M,72,70.0,92.7,123,35.1,34.9,35.1,123,34.9,122,46.5,46.2,35.1 / 123,34.9 / 122
4552,TX,Gold,M,72,67.7,88.2,111,33.8,33.9,33.8,112,33.9,109,44.2,44.0,33.8 / 112,33.9 / 109
4552,TX,Red,M,72,65.1,84.7,106,32.6,32.5,32.6,108,32.5,103,42.6,42.1,32.6 / 108,32.5 / 103
4552,TX,Black,M,72,61.3,79.3,97,30.6,30.7,30.6,99,30.7,95,39.8,39.5,30.6 / 99,30.7 / 95
4552,TX,Blue,F,72,79.4,113.9,147,39.9,39.5,39.9,151,39.5,142,57.7,56.2,39.9 / 151,39.5 / 142
4552,TX,White,F,72,76.4,109.2,139,38.3,38.1,38.3,143,38.1,135,55.2,54.0,38.3 / 143,38.1 / 135
4552,TX,Gold,F,72,73.0,102.6,126,36.5,36.5,36.5,124,36.5,127,51.1,51.5,36.5 / 124,36.5 / 127
4552,TX,Red,F,72,69.9,97.9,119,35.0,34.9,35.0,118,34.9,120,48.9,49.0,35.0 / 118,34.9 / 120
4552,TX,Black,F,72,64.5,89.8,108,32.2,32.3,32.2,106,32.3,109,44.7,45.1,32.2 / 106,32.3 / 109
4175,TX,Black,M,72,73.5,97.9,131,36.8,36.7,36.8,132,36.7,130,49.1,48.8,36.8 / 132,36.7 / 130
4175,TX,Blue,M,72,71.1,94.9,128,35.6,35.5,35.6,128,35.5,128,47.5,47.4,35.6 / 128,35.5 / 128
4175,TX,White,M,72,68.7,90.6,118,34.4,34.3,34.4,117,34.3,118,45.3,45.3,34.4 / 117,34.3 / 118
4175,TX,Red,M,72,64.8,84.5,107,32.3,32.5,32.3,106,32.5,107,42.1,42.4,32.3 / 106,32.5 / 107
4175,TX,Gold,M,72,64.7,84.5,107,32.5,32.2,32.5,107,32.2,107,42.4,42.1,32.5 / 107,32.2 / 107
4175,TX,Black,F,72,80.6,114.6,144,40.4,40.2,40.4,146,40.2,142,57.6,57.0,40.4 / 146,40.2 / 142
4175,TX,Blue,F,72,77.8,110.4,139,39.0,38.8,39.0,140,38.8,137,55.5,54.9,39.0 / 140,38.8 / 137
4175,TX,White,F,72,74.3,105.3,132,37.2,37.1,37.2,137,37.1,126,53.3,52.0,37.2 / 137,37.1 / 126
4175,TX,Red,F,72,70.1,97.7,118,34.8,35.3,34.8,115,35.3,119,48.4,49.3,34.8 / 115,35.3 / 119
4175,TX,Gold,F,72,70.0,97.5,117,35.0,35.0,35.0,116,35.0,117,48.7,48.8,35.0 / 116,35.0 / 117
4299,TX,Black,M,72,73.7,98.6,134,36.3,37.4,36.3,133,37.4,135,48.7,49.9,36.3 / 133,37.4 / 135
4299,TX,Black/Copper,M,72,72.0,96.3,131,35.5,36.5,35.5,129,36.5,132,47.5,48.8,35.5 / 129,36.5 / 132
4299,TX,Copper,M,72,70.6,94.6,129,34.8,35.8,34.8,127,35.8,131,46.6,48.0,34.8 / 127,35.8 / 131
4299,TX,Copper/White,M,72,69.3,92.3,124,34.3,35.0,34.3,119,35.0,128,45.4,46.9,34.3 / 119,35.0 / 128
4299,TX,White,M,72,68.3,90.4,119,33.6,34.7,33.6,113,34.7,125,44.1,46.3,33.6 / 113,34.7 / 125
4299,TX,White/Green,M,72,66.8,88.4,117,32.6,34.2,32.6,111,34.2,122,42.9,45.5,32.6 / 111,34.2 / 122
4299,TX,Green,M,72,65.4,86.6,115,32.0,33.4,32.0,108,33.4,121,42.0,44.6,32.0 / 108,33.4 / 121
4299,TX,White,F,72,74.3,106.6,137,36.5,37.8,36.5,134,37.8,140,52.3,54.3,36.5 / 134,37.8 / 140
4299,TX,White/Green,F,72,72.3,103.0,130,35.4,36.9,35.4,127,36.9,133,50.4,52.6,35.4 / 127,36.9 / 133
4299,TX,Green,F,72,71.4,101.5,128,34.8,36.6,34.8,126,36.6,130,49.6,51.9,34.8 / 126,36.6 / 130
4244,TX,Blue,M,71,70.9,94.1,125,34.9,36.0,34.9,123,36.0,127,46.3,47.8,34.9 / 123,36.0 / 127
4244,TX,White,M,71,67.7,89.7,118,33.6,34.1,33.6,118,34.1,118,44.6,45.1,33.6 / 118,34.1 / 118
4244,TX,Gold,M,71,65.5,86.5,113,32.3,33.2,32.3,113,33.2,113,42.8,43.7,32.3 / 113,33.2 / 113
4244,TX,Red,M,71,63.0,81.5,100,31.0,32.0,31.0,96,32.0,103,39.9,41.6,31.0 / 96,32.0 / 103
4244,TX,Gold,F,71,70.9,99.6,122,35.0,35.9,35.0,122,35.9,121,49.4,50.2,35.0 / 122,35.9 / 121
4244,TX,Red,F,71,66.7,92.5,110,32.2,34.5,32.2,107,34.5,112,44.8,47.7,32.2 / 107,34.5 / 112
4245,TX,Blue,M,71,72.1,95.8,128,34.9,37.2,34.9,123,37.2,132,46.3,49.5,34.9 / 123,37.2 / 132
4245,TX,White,M,71,69.2,91.8,122,33.6,35.6,33.6,118,35.6,125,44.6,47.2,33.6 / 118,35.6 / 125
4245,TX,Gold,M,71,66.7,88.2,116,32.3,34.4,32.3,113,34.4,118,42.8,45.4,32.3 / 113,34.4 / 118
4245,TX,Red,M,71,62.6,80.8,98,31.0,31.6,31.0,96,31.6,100,39.9,40.9,31.0 / 96,31.6 / 100
4245,TX,Gold,F,71,72.6,103.4,131,35.0,37.6,35.0,122,37.6,139,49.4,54.0,35.0 / 122,37.6 / 139
4245,TX,Red,F,71,66.2,93.1,114,32.2,34.0,32.2,107,34.0,121,44.8,48.3,32.2 / 107,34.0 / 121
4243,TX,Blue,M,72,73.2,97.3,130,36.0,37.2,36.0,127,37.2,132,47.8,49.5,36.0 / 127,37.2 / 132
4243,TX,White,M,72,69.7,92.3,122,34.1,35.6,34.1,118,35.6,125,45.1,47.2,34.1 / 118,35.6 / 125
4243,TX,Gold,M,72,67.6,89.1,116,33.2,34.4,33.2,113,34.4,118,43.7,45.4,33.2 / 113,34.4 / 118
4243,TX,Red,M,72,63.6,82.5,102,32.0,31.6,32.0,103,31.6,100,41.6,40.9,32.0 / 103,31.6 / 100
4243,TX,White,F,72,76.0,107.9,136,37.1,38.9,37.1,126,38.9,145,51.9,56.0,37.1 / 126,38.9 / 145
4243,TX,Gold,F,72,73.5,104.2,130,35.9,37.6,35.9,121,37.6,139,50.2,54.0,35.9 / 121,37.6 / 139
4243,TX,Red,F,72,68.5,96.0,117,34.5,34.0,34.5,112,34.0,121,47.7,48.3,34.5 / 112,34.0 / 121
23901,TX,Blue,M,70,71.8,96.6,133,35.9,35.9,35.9,133,35.9,133,48.3,48.3,35.9 / 133,35.9 / 133
23901,TX,White,M,70,68.8,92.8,129,34.4,34.4,34.4,129,34.4,129,46.4,46.4,34.4 / 129,34.4 / 129
23901,TX,Gold,M,68,66.2,89.8,127,33.1,33.1,33.1,127,33.1,127,44.9,44.9,33.1 / 127,33.1 / 127
23901,TX,Gold,F,70,73.2,104.0,131,36.6,36.6,36.6,131,36.6,131,52.0,52.0,36.6 / 131,36.6 / 131
23901,TX,Red,F,70,71.2,100.6,125,35.6,35.6,35.6,125,35.6,125,50.3,50.3,35.6 / 125,35.6 / 125
4321,TX,Blue,M,71,70.4,93.8,126,34.4,36.0,34.4,125,36.0,127,46.0,47.8,34.4 / 125,36.0 / 127
4321,TX,White,M,71,68.6,90.6,118,33.5,35.1,33.5,117,35.1,119,44.4,46.2,33.5 / 117,35.1 / 119
4321,TX,Gold,M,71,66.6,88.1,116,32.4,34.2,32.4,113,34.2,118,42.9,45.2,32.4 / 113,34.2 / 118
4321,TX,Red,M,71,64.6,84.9,110,31.7,32.9,31.7,108,32.9,111,41.7,43.2,31.7 / 108,32.9 / 111
4321,TX,Gold,F,71,71.6,101.3,126,34.7,36.9,34.7,124,36.9,128,49.3,52.0,34.7 / 124,36.9 / 128
4321,TX,Red,F,71,69.3,96.4,115,34.0,35.3,34.0,114,35.3,116,47.4,49.0,34.0 / 114,35.3 / 116
4580,TX,Black,M,70,71.5,93.6,119,35.9,35.6,35.9,121,35.6,117,47.1,46.5,35.9 / 121,35.6 / 117
4580,TX,Blue,M,70,69.6,91.1,116,34.9,34.7,34.9,118,34.7,113,45.9,45.2,34.9 / 118,34.7 / 113
4580,TX,White,M,70,67.8,88.7,113,34.1,33.7,34.1,114,33.7,111,44.7,44.0,34.1 / 114,33.7 / 111
4580,TX,Gold,M,70,65.2,85.4,109,32.6,32.6,32.6,109,32.6,109,42.7,42.7,32.6 / 109,32.6 / 109
4580,TX,Red,M,70,63.0,82.1,103,31.4,31.6,31.4,104,31.6,101,41.1,41.0,31.4 / 104,31.6 / 101
4580,TX,Black,F,70,78.2,111.5,141,39.5,38.7,39.5,143,38.7,139,56.4,55.1,39.5 / 143,38.7 / 139
4580,TX,Blue,F,70,75.9,107.9,136,38.3,37.6,38.3,139,37.6,132,54.7,53.2,38.3 / 139,37.6 / 132
4580,TX,White,F,70,73.7,104.5,131,37.0,36.7,37.0,133,36.7,128,52.7,51.8,37.0 / 133,36.7 / 128
4580,TX,Gold,F,70,70.3,98.2,118,35.0,35.3,35.0,120,35.3,116,49.2,49.0,35.0 / 120,35.3 / 116
4580,TX,Red,F,70,67.4,93.3,110,33.8,33.6,33.8,110,33.6,109,46.8,46.5,33.8 / 110,33.6 / 109
20731,TX,White,M,70,66.6,86.6,108,33.3,33.3,33.3,108,33.3,108,43.3,43.3,33.3 / 108,33.3 / 108
20731,TX,Red,M,70,63.4,82.4,102,31.7,31.7,31.7,102,31.7,102,41.2,41.2,31.7 / 102,31.7 / 102
20731,TX,White,F,70,73.0,101.4,120,36.5,36.5,36.5,120,36.5,120,50.7,50.7,36.5 / 120,36.5 / 120
20731,TX,Red,F,70,68.6,93.5,106,34.3,34.3,34.3,105,34.3,106,46.7,46.8,34.3 / 105,34.3 / 106
30513,TX,Blue/Black,M,71,66.8,87.3,111,34.1,32.7,34.1,112,32.7,109,44.5,42.8,34.1 / 112,32.7 / 109
30513,TX,White/Gold,M,71,66.3,86.3,108,33.6,32.7,33.6,110,32.7,105,43.8,42.5,33.6 / 110,32.7 / 105
30513,TX,Red/Green,M,71,65.0,84.7,106,32.7,32.3,32.7,109,32.3,103,42.8,41.9,32.7 / 109,32.3 / 103
30513,TX,Pink/Purple,M,71,62.4,81.5,103,31.3,31.1,31.3,104,31.1,101,41.0,40.5,31.3 / 104,31.1 / 101
30513,TX,Blue/Black,F,71,72.0,99.2,116,36.7,35.3,36.7,119,35.3,112,50.7,48.5,36.7 / 119,35.3 / 112
30513,TX,White/Gold,F,71,71.2,97.9,113,36.1,35.1,36.1,116,35.1,110,49.8,48.1,36.1 / 116,35.1 / 110
30513,TX,Red/Green,F,71,70.0,96.2,111,35.3,34.7,35.3,113,34.7,109,48.6,47.6,35.3 / 113,34.7 / 109
30513,TX,Pink/Purple,F,71,66.0,91.5,108,33.2,32.8,33.2,109,32.8,107,46.1,45.4,33.2 / 109,32.8 / 107
4241,TX,Gold,M,72,75.2,101.2,140,37.5,37.7,37.5,132,37.7,147,49.8,51.4,37.5 / 132,37.7 / 147
4241,TX,Blue,M,72,73.2,98.0,134,36.4,36.8,36.4,132,36.8,135,48.7,49.3,36.4 / 132,36.8 / 135
4241,TX,Blue/White Combo,M,72,71.8,96.9,133,35.9,35.9,35.9,133,35.9,137,48.3,48.6,35.9 / 133,35.9 / 137
4241,TX,White,M,72,71.0,95.5,132,35.4,35.6,35.4,128,35.6,136,47.3,48.2,35.4 / 128,35.6 / 136
4241,TX,Red,M,72,67.7,90.6,123,33.7,34.0,33.7,119,34.0,127,44.8,45.8,33.7 / 119,34.0 / 127
4241,TX,Gold,F,72,82.0,117.6,151,40.7,41.3,40.7,153,41.3,149,58.7,58.9,40.7 / 153,41.3 / 149
4241,TX,Blue,F,72,79.7,113.9,145,39.7,40.0,39.7,142,40.0,148,56.4,57.5,39.7 / 142,40.0 / 148
4241,TX,Blue/White Combo,F,72,78.8,112.6,144,39.2,39.6,39.2,139,39.6,148,55.6,57.0,39.2 / 139,39.6 / 148
4241,TX,White,F,72,77.2,110.3,140,38.4,38.8,38.4,138,38.8,142,54.7,55.6,38.4 / 138,38.8 / 142
4241,TX,Red,F,72,73.9,105.6,135,36.7,37.2,36.7,130,37.2,139,52.0,53.6,36.7 / 130,37.2 / 139
4664,TX,Gold,M,72,73.5,98.8,137,36.2,37.3,36.2,136,37.3,137,48.8,50.0,36.2 / 136,37.3 / 137
4664,TX,Blue,M,72,70.6,94.4,128,34.6,36.0,34.6,123,36.0,133,46.0,48.4,34.6 / 123,36.0 / 133
4664,TX,Tour 18 Combo,M,72,69.1,92.3,125,34.1,35.0,34.1,124,35.0,126,45.6,46.7,34.1 / 124,35.0 / 126
4664,TX,White,M,72,66.1,87.1,113,32.7,33.4,32.7,114,33.4,112,43.3,43.8,32.7 / 114,33.4 / 112
4664,TX,Gold,F,72,79.3,113.1,143,39.1,40.2,39.1,143,40.2,143,56.0,57.1,39.1 / 143,40.2 / 143
4664,TX,Blue,F,72,76.6,108.6,136,37.6,39.0,37.6,132,39.0,139,53.2,55.4,37.6 / 132,39.0 / 139
4664,TX,Tour 18 Combo,F,72,75.5,106.7,132,37.1,38.4,37.1,131,38.4,133,52.6,54.1,37.1 / 131,38.4 / 133
4664,TX,White,F,72,71.6,101.5,127,35.4,36.2,35.4,127,36.2,126,50.4,51.1,35.4 / 127,36.2 / 126
4106,TX,TPC TEE,M,72,77.9,105.9,151,39.4,38.5,39.4,154,38.5,147,53.7,52.2,39.4 / 154,38.5 / 147
4106,TX,IV TEE,M,72,76.0,103.8,150,38.1,37.9,38.1,149,37.9,151,51.9,51.9,38.1 / 149,37.9 / 151
4106,TX,North Combo,M,72,74.6,101.7,146,37.4,37.2,37.4,147,37.2,144,51.1,50.6,37.4 / 147,37.2 / 144
4106,TX,CRAIG RANCH TEE,M,72,73.3,99.4,141,36.7,36.6,36.7,146,36.6,135,50.3,49.1,36.7 / 146,36.6 / 135
4106,TX,East Combo,M,72,72.0,98.1,140,36.0,36.0,36.0,147,36.0,133,49.7,48.4,36.0 / 147,36.0 / 133
4106,TX,III TEE,M,72,71.0,96.3,136,35.5,35.5,35.5,144,35.5,128,48.9,47.4,35.5 / 144,35.5 / 128
4106,TX,South Combo,M,72,69.0,93.8,134,34.7,34.3,34.7,142,34.3,125,47.9,45.9,34.7 / 142,34.3 / 125
4106,TX,II TEE,M,72,68.2,92.5,131,34.5,33.7,34.5,136,33.7,126,47.1,45.4,34.5 / 136,33.7 / 126
4106,TX,West Combo,M,72,66.0,89.0,124,33.2,32.8,33.2,124,32.8,124,44.7,44.3,33.2 / 124,32.8 / 124
4106,TX,I TEE,M,72,64.7,87.0,120,32.5,32.2,32.5,118,32.2,122,43.5,43.5,32.5 / 118,32.2 / 122
4106,TX,TPC TEE,F,72,84.5,123.9,155,42.8,41.7,42.8,155,41.7,155,63.0,60.9,42.8 / 155,41.7 / 155
4106,TX,IV TEE,F,72,83.0,121.1,155,41.8,41.2,41.8,155,41.2,155,60.9,60.2,41.8 / 155,41.2 / 155
4106,TX,North Combo,F,72,81.4,118.7,155,41.0,40.4,41.0,155,40.4,155,59.7,59.0,41.0 / 155,40.4 / 155
4106,TX,CRAIG RANCH TEE,F,72,80.0,117.1,155,40.3,39.7,40.3,155,39.7,154,59.2,57.9,40.3 / 155,39.7 / 154
4106,TX,East Combo,F,72,78.7,114.8,152,39.6,39.1,39.6,155,39.1,149,58.1,56.7,39.6 / 155,39.1 / 149
4106,TX,III TEE,F,72,77.0,112.7,151,38.6,38.4,38.6,155,38.4,147,57.0,55.7,38.6 / 155,38.4 / 147
4106,TX,South Combo,F,72,74.7,108.8,145,37.7,37.0,37.7,150,37.0,139,55.4,53.4,37.7 / 150,37.0 / 139
4106,TX,II TEE,F,72,73.5,106.2,139,37.0,36.5,37.0,143,36.5,134,53.9,52.3,37.0 / 143,36.5 / 134
4106,TX,West Combo,F,72,71.0,101.4,129,35.5,35.5,35.5,133,35.5,125,51.2,50.2,35.5 / 133,35.5 / 125
4106,TX,I TEE,F,72,69.7,99.0,124,34.9,34.8,34.9,126,34.8,122,49.8,49.2,34.9 / 126,34.8 / 122
4647,TX,Blue,M,71,73.3,98.0,133,36.7,36.6,36.7,135,36.6,131,49.2,48.8,36.7 / 135,36.6 / 131
4647,TX,Blue/White Combo Tee,M,71,72.3,96.3,129,36.3,36.0,36.3,131,36.0,127,48.5,47.8,36.3 / 131,36.0 / 127
4647,TX,White,M,71,71.3,95.4,130,35.8,35.5,35.8,133,35.5,126,48.2,47.2,35.8 / 133,35.5 / 126
4647,TX,White/Gold Combo Tee,M,71,70.5,94.3,128,35.2,35.3,35.2,129,35.3,127,47.2,47.1,35.2 / 129,35.3 / 127
4647,TX,Gold,M,71,69.1,92.0,124,34.5,34.6,34.5,125,34.6,122,46.1,45.9,34.5 / 125,34.6 / 122
4647,TX,Gold/Red Combo Tee,M,71,68.0,90.9,122,34.2,33.8,34.2,122,33.8,123,45.5,45.3,34.2 / 122,33.8 / 123
4647,TX,Red,M,71,66.9,88.9,118,33.8,33.1,33.8,118,33.1,118,44.8,44.1,33.8 / 118,33.1 / 118
4647,TX,Blue,F,72,80.1,115.0,148,40.4,39.7,40.4,151,39.7,145,58.2,56.8,40.4 / 151,39.7 / 145
4647,TX,White,F,72,78.0,111.8,144,39.3,38.7,39.3,146,38.7,141,56.5,55.3,39.3 / 146,38.7 / 141
4647,TX,White/Gold Combo Tee,F,72,76.6,109.7,140,38.3,38.3,38.3,142,38.3,138,55.1,54.6,38.3 / 142,38.3 / 138
4647,TX,Gold,F,72,74.5,106.0,134,37.2,37.3,37.2,133,37.3,134,52.9,53.1,37.2 / 133,37.3 / 134
4647,TX,Gold/Red Combo Tee,F,72,73.1,104.4,133,36.7,36.4,36.7,131,36.4,134,52.2,52.2,36.7 / 131,36.4 / 134
4647,TX,Red,F,72,72.2,102.6,129,36.3,35.9,36.3,130,35.9,128,51.6,51.0,36.3 / 130,35.9 / 128
4646,TX,Blue,M,72,74.5,100.4,140,37.4,37.1,37.4,144,37.1,135,50.8,49.6,37.4 / 144,37.1 / 135
4646,TX,Blue/White Combo Tee,M,72,73.1,98.3,136,36.8,36.3,36.8,141,36.3,130,49.9,48.4,36.8 / 141,36.3 / 130
4646,TX,White,M,72,72.0,96.4,132,36.3,35.7,36.3,135,35.7,128,48.8,47.6,36.3 / 135,35.7 / 128
4646,TX,White/Gold Combo Tee,M,72,70.6,95.0,131,35.4,35.2,35.4,133,35.2,129,47.8,47.2,35.4 / 133,35.2 / 129
4646,TX,Gold,M,72,69.8,93.3,127,35.1,34.7,35.1,128,34.7,125,47.0,46.3,35.1 / 128,34.7 / 125
4646,TX,Gold/Red Combo Tee,M,72,67.8,90.9,124,34.0,33.8,34.0,130,33.8,118,46.1,44.8,34.0 / 130,33.8 / 118
4646,TX,Red,M,72,66.6,88.5,118,33.6,33.0,33.6,125,33.0,111,45.2,43.3,33.6 / 125,33.0 / 111
4646,TX,White,F,72,78.4,111.7,141,39.3,39.1,39.3,144,39.1,138,56.3,55.4,39.3 / 144,39.1 / 138
4646,TX,White/Gold Combo Tee,F,72,77.0,109.2,139,38.6,38.4,38.6,140,38.4,134,55.1,54.2,38.6 / 140,38.4 / 134
4646,TX,Gold,F,72,75.5,107.8,137,37.9,37.6,37.9,142,37.6,131,54.7,53.1,37.9 / 142,37.6 / 131
4646,TX,Gold/Red Combo Tee,F,72,74.3,104.7,129,37.2,37.1,37.2,131,37.1,127,52.6,52.1,37.2 / 131,37.1 / 127
4646,TX,Red,F,72,73.1,102.8,126,36.6,36.5,36.6,127,36.5,125,51.6,51.2,36.6 / 127,36.5 / 125
4007,TX,Cibola - Black,M,72,73.6,97.6,129,36.4,37.2,36.4,128,37.2,130,48.3,49.3,36.4 / 128,37.2 / 130
4007,TX,Tournament - Gold,M,72,71.8,95.3,127,35.7,36.1,35.7,128,36.1,125,47.6,47.7,35.7 / 128,36.1 / 125
4007,TX,Tournament / Players,M,72,70.8,94.2,126,35.2,35.6,35.2,126,35.6,126,46.9,47.3,35.2 / 126,35.6 / 126
4007,TX,Players - Blue,M,72,69.7,92.9,125,34.7,35.0,34.7,122,35.0,128,46.0,46.9,34.7 / 122,35.0 / 128
4007,TX,Players / Club,M,72,68.6,91.2,122,34.2,34.4,34.2,117,34.4,126,45.1,46.1,34.2 / 117,34.4 / 126
4007,TX,Club - Green,M,72,67.6,89.5,118,33.5,34.1,33.5,114,34.1,122,44.1,45.4,33.5 / 114,34.1 / 122
4007,TX,Club / Forward,M,72,66.4,88.1,117,33.1,33.3,33.1,113,33.3,121,43.6,44.5,33.1 / 113,33.3 / 121
4007,TX,Forward - Red,M,72,64.4,85.2,112,32.3,32.1,32.3,110,32.1,114,42.5,42.7,32.3 / 110,32.1 / 114
4007,TX,Family - Orange,M,72,62.3,83.1,112,31.2,31.1,31.2,115,31.1,109,41.9,41.2,31.2 / 115,31.1 / 109
4007,TX,Cibola - Black,F,72,81.4,115.6,145,40.1,41.3,40.1,143,41.3,147,57.0,58.6,40.1 / 143,41.3 / 147
4007,TX,Tournament - Gold,F,72,79.0,112.0,140,39.3,39.7,39.3,139,39.7,141,55.7,56.3,39.3 / 139,39.7 / 141
4007,TX,Tournament / Players,F,72,77.8,110.2,138,38.7,39.1,38.7,137,39.1,138,54.8,55.4,38.7 / 137,39.1 / 138
4007,TX,Players - Blue,F,72,76.4,108.1,135,38.1,38.3,38.1,134,38.3,135,53.9,54.2,38.1 / 134,38.3 / 135
4007,TX,Players / Club,F,72,74.4,104.6,128,37.0,37.4,37.0,128,37.4,128,52.1,52.5,37.0 / 128,37.4 / 128
4007,TX,Club - Green,F,72,72.5,101.5,123,36.0,36.5,36.0,120,36.5,126,50.2,51.3,36.0 / 120,36.5 / 126
4007,TX,Club / Forward,F,72,71.4,99.6,120,35.6,35.8,35.6,123,35.8,116,50.1,49.5,35.6 / 123,35.8 / 116
4007,TX,Forward - Red,F,72,69.5,95.9,112,34.7,34.8,34.7,115,34.8,109,48.3,47.6,34.7 / 115,34.8 / 109
4007,TX,Family - Orange,F,72,65.3,90.8,108,32.7,32.6,32.7,111,32.6,105,45.8,45.0,32.7 / 111,32.6 / 105
4006,TX,Tiburon - Black,M,72,76.1,102.5,142,38.5,37.6,38.5,142,37.6,142,51.7,50.8,38.5 / 142,37.6 / 142
4006,TX,Tournament - Gold,M,72,74.3,99.8,138,37.7,36.6,37.7,138,36.6,137,50.5,49.3,37.7 / 138,36.6 / 137
4006,TX,Tournament / Players,M,72,73.3,98.6,137,37.0,36.3,37.0,137,36.3,136,49.7,48.9,37.0 / 137,36.3 / 136
4006,TX,Players - Blue,M,72,72.4,97.3,134,36.6,35.8,36.6,135,35.8,133,49.1,48.2,36.6 / 135,35.8 / 133
4006,TX,Players / Club,M,72,71.7,96.1,131,36.3,35.4,36.3,132,35.4,130,48.6,47.5,36.3 / 132,35.4 / 130
4006,TX,Club - Green,M,72,70.9,94.7,129,35.8,35.1,35.8,135,35.1,122,48.3,46.4,35.8 / 135,35.1 / 122
4006,TX,Club / Forward,M,72,69.6,92.4,123,34.7,34.9,34.7,126,34.9,119,46.4,46.0,34.7 / 126,34.9 / 119
4006,TX,Forward - Red,M,72,67.4,89.0,116,33.5,33.9,33.5,118,33.9,114,44.5,44.5,33.5 / 118,33.9 / 114
4006,TX,Family - Orange,M,72,60.9,80.8,107,30.3,30.6,30.3,113,30.6,101,40.8,40.0,30.3 / 113,30.6 / 101
4006,TX,Tiburon - Black,F,73,83.6,118.4,148,42.4,41.2,42.4,151,41.2,144,60.2,58.2,42.4 / 151,41.2 / 144
4006,TX,Tournament - Gold,F,72,81.3,114.9,143,41.2,40.1,41.2,146,40.1,139,58.4,56.5,41.2 / 146,40.1 / 139
4006,TX,Tournament / Players,F,72,79.9,113.0,140,40.4,39.5,40.4,142,39.5,138,57.2,55.8,40.4 / 142,39.5 / 138
4006,TX,Players - Blue,F,72,78.8,111.4,139,39.9,38.9,39.9,141,38.9,136,56.5,54.9,39.9 / 141,38.9 / 136
4006,TX,Players / Club,F,72,77.8,109.9,136,39.5,38.3,39.5,139,38.3,133,55.9,54.0,39.5 / 139,38.3 / 133
4006,TX,Club - Green,F,72,76.8,108.4,134,39.1,37.7,39.1,137,37.7,131,55.2,53.2,39.1 / 137,37.7 / 131
4006,TX,Club / Forward,F,72,75.0,106.5,134,37.6,37.4,37.6,137,37.4,131,53.7,52.8,37.6 / 137,37.4 / 131
4006,TX,Forward - Red,F,72,72.3,101.5,124,36.2,36.1,36.2,124,36.1,124,50.8,50.7,36.2 / 124,36.1 / 124
4006,TX,Family - Orange,F,72,62.4,87.2,106,31.3,31.1,31.3,108,31.1,103,44.0,43.2,31.3 / 108,31.1 / 103
4051,TX,Maroon,M,72,75.6,103.7,152,37.9,37.7,37.9,151,37.7,152,51.9,51.8,37.9 / 151,37.7 / 152
4051,TX,M/B Combo,M,72,74.0,101.7,149,37.0,37.0,37.0,147,37.0,151,50.7,51.0,37.0 / 147,37.0 / 151
4051,TX,Black,M,72,72.7,100.0,147,36.5,36.2,36.5,145,36.2,149,50.0,50.0,36.5 / 145,36.2 / 149
4051,TX,Gold,M,72,71.3,97.9,143,35.7,35.6,35.7,142,35.6,144,48.9,49.0,35.7 / 142,35.6 / 144
4051,TX,G/W Combo,M,72,68.7,95.3,143,34.6,34.1,34.6,143,34.1,143,47.9,47.4,34.6 / 143,34.1 / 143
4051,TX,White,M,72,65.6,90.4,134,32.9,32.7,32.9,135,32.7,132,45.4,45.0,32.9 / 135,32.7 / 132
4051,TX,Maroon,F,72,83.9,121.0,155,42.0,41.9,42.0,155,41.9,155,60.6,60.4,42.0 / 155,41.9 / 155
4051,TX,M/B Combo,F,72,81.9,118.0,153,40.8,41.1,40.8,153,41.1,153,58.8,59.2,40.8 / 153,41.1 / 153
4051,TX,Black,F,72,80.3,115.5,149,40.3,40.0,40.3,149,40.0,149,57.9,57.6,40.3 / 149,40.0 / 149
4051,TX,Gold,F,72,78.7,113.1,146,39.4,39.3,39.4,146,39.3,146,56.6,56.5,39.4 / 146,39.3 / 146
4051,TX,G/W Combo,F,72,75.6,108.5,140,38.1,37.5,38.1,141,37.5,138,54.7,53.8,38.1 / 141,37.5 / 138
4051,TX,White,F,72,72.0,104.3,137,36.2,35.8,36.2,138,35.8,136,52.5,51.8,36.2 / 138,35.8 / 136
36747,TX,Stone,M,71,75.3,101.1,140,36.4,38.9,36.4,135,38.9,144,48.9,52.2,36.4 / 135,38.9 / 144
36747,TX,Stone / I,M,71,73.8,99.2,137,36.1,37.7,36.1,132,37.7,141,48.4,50.8,36.1 / 132,37.7 / 141
36747,TX,I,M,71,72.7,97.9,136,35.4,37.3,35.4,132,37.3,139,47.7,50.2,35.4 / 132,37.3 / 139
36747,TX,I / II,M,71,70.9,95.0,130,34.7,36.2,34.7,126,36.2,133,46.4,48.6,34.7 / 126,36.2 / 133
36747,TX,II,M,71,69.1,91.2,119,33.8,35.3,33.8,112,35.3,126,44.2,47.0,33.8 / 112,35.3 / 126
36747,TX,III,M,71,66.6,87.7,114,32.8,33.8,32.8,113,33.8,114,43.3,44.4,32.8 / 113,33.8 / 114
36747,TX,IIII,M,71,62.6,82.2,106,30.8,31.8,30.8,104,31.8,107,40.5,41.7,30.8 / 104,31.8 / 107
36747,TX,Stone,F,71,81.8,117.8,149,39.4,42.4,39.4,142,42.4,155,56.1,61.7,39.4 / 142,42.4 / 155
36747,TX,Stone / I,F,71,80.1,115.3,148,38.9,41.2,38.9,141,41.2,155,55.5,59.8,38.9 / 141,41.2 / 155
36747,TX,I,F,71,78.9,113.5,146,38.3,40.6,38.3,137,40.6,155,54.5,59.0,38.3 / 137,40.6 / 155
36747,TX,I / II,F,71,76.9,110.6,143,37.2,39.7,37.2,134,39.7,152,53.0,57.6,37.2 / 134,39.7 / 152
36747,TX,II,F,71,75.4,108.3,140,36.5,38.9,36.5,130,38.9,149,51.8,56.5,36.5 / 130,38.9 / 149
36747,TX,III,F,71,71.8,102.0,129,35.0,36.8,35.0,126,36.8,131,49.8,52.2,35.0 / 126,36.8 / 131
36747,TX,IIII,F,71,66.8,94.4,117,32.2,34.6,32.2,113,34.6,121,45.5,48.9,32.2 / 113,34.6 / 121
4145,TX,Blue,M,72,73.4,97.6,130,36.2,37.2,36.2,128,37.2,132,48.1,49.5,36.2 / 128,37.2 / 132
4145,TX,White/Blue Combo,M,72,72.4,96.4,129,36.0,36.4,36.0,129,36.4,129,48.0,48.4,36.0 / 129,36.4 / 129
4145,TX,White,M,72,71.2,95.0,128,35.4,35.8,35.4,125,35.8,131,47.0,48.0,35.4 / 125,35.8 / 131
4145,TX,White/Gold Combo,M,72,67.5,89.5,119,33.9,33.6,33.9,113,33.6,124,44.4,45.1,33.9 / 113,33.6 / 124
4145,TX,Gold,M,72,65.6,85.9,110,33.1,32.5,33.1,108,32.5,111,43.1,42.8,33.1 / 108,32.5 / 111
4145,TX,Gold / Red Combo,M,72,64.4,83.5,103,31.9,32.5,31.9,101,32.5,104,41.3,42.2,31.9 / 101,32.5 / 104
4145,TX,Red,M,72,62.8,81.8,102,31.3,31.5,31.3,99,31.5,105,40.5,41.3,31.3 / 99,31.5 / 105
4145,TX,Blue,F,72,80.4,113.2,139,39.7,40.7,39.7,132,40.7,146,55.3,57.9,39.7 / 132,40.7 / 146
4145,TX,White,F,72,77.6,108.2,130,38.7,38.9,38.7,126,38.9,134,53.5,54.7,38.7 / 126,38.9 / 134
4145,TX,Gold,F,72,71.9,101.6,126,36.1,35.8,36.1,122,35.8,130,50.5,51.1,36.1 / 122,35.8 / 130
4145,TX,Red,F,72,67.8,94.0,111,33.7,34.1,33.7,107,34.1,115,46.3,47.7,33.7 / 107,34.1 / 115
4369,TX,Gold,M,72,71.7,96.3,133,36.1,35.6,36.1,127,35.6,138,47.9,48.4,36.1 / 127,35.6 / 138
4369,TX,Blue,M,72,70.2,93.4,125,35.2,35.0,35.2,127,35.0,123,47.0,46.4,35.2 / 127,35.0 / 123
4369,TX,White,M,72,68.7,90.6,118,34.9,33.8,34.9,117,33.8,118,45.8,44.8,34.9 / 117,33.8 / 118
4369,TX,Red,M,72,64.1,84.1,108,32.3,31.8,32.3,112,31.8,103,42.7,41.4,32.3 / 112,31.8 / 103
4369,TX,Gold,F,72,78.3,112.8,147,39.4,38.9,39.4,151,38.9,142,57.2,55.6,39.4 / 151,38.9 / 142
4369,TX,Blue,F,72,76.2,109.4,141,38.6,37.6,38.6,142,37.6,140,55.3,54.1,38.6 / 142,37.6 / 140
4369,TX,White,F,72,74.2,106.4,137,37.7,36.5,37.7,140,36.5,133,54.2,52.2,37.7 / 140,36.5 / 133
4369,TX,Red,F,72,68.4,95.6,116,35.2,33.2,35.2,123,33.2,108,49.7,45.9,35.2 / 123,33.2 / 108
35023,TX,Posts,M,27,27.2,36.3,98,27.2,,27.2,98,,,36.3,,27.2 / 98,/
35023,TX,Middle,M,27,26.3,34.5,88,26.3,,26.3,88,,,34.5,,26.3 / 88,/
35023,TX,Forward,M,27,25.7,33.5,84,25.7,,25.7,84,,,33.5,,25.7 / 84,/
35023,TX,Posts,F,27,28.6,40.7,103,28.6,,28.6,103,,,40.7,,28.6 / 103,/
35023,TX,Middle,F,27,27.6,39.0,97,27.6,,27.6,97,,,39.0,,27.6 / 97,/
35023,TX,Forward,F,27,27.1,37.8,91,27.1,,27.1,91,,,37.8,,27.1 / 91,/
24144,TX,Plates,M,72,76.9,102.9,140,39.3,37.6,39.3,143,37.6,137,52.6,50.3,39.3 / 143,37.6 / 137
24144,TX,Blue,M,72,74.3,99.5,136,37.8,36.5,37.8,140,36.5,131,50.8,48.7,37.8 / 140,36.5 / 131
24144,TX,White/Blue Combo,M,72,73.4,98.1,133,37.3,36.1,37.3,135,36.1,131,49.8,48.3,37.3 / 135,36.1 / 131
24144,TX,Tournament,M,72,73.3,97.8,132,37.3,36.0,37.3,133,36.0,130,49.7,48.1,37.3 / 133,36.0 / 130
24144,TX,White,M,72,71.7,96.0,131,36.4,35.3,36.4,132,35.3,129,48.7,47.3,36.4 / 132,35.3 / 129
24144,TX,Red/White Combo,M,72,70.4,93.5,125,35.5,34.9,35.5,126,34.9,123,47.2,46.3,35.5 / 126,34.9 / 123
24144,TX,Red,M,72,68.7,90.3,117,35.0,33.7,35.0,122,33.7,111,46.3,44.0,35.0 / 122,33.7 / 111
24144,TX,Jr.,M,72,67.0,88.0,113,33.9,33.1,33.9,115,33.1,111,44.6,43.4,33.9 / 115,33.1 / 111
24144,TX,Plates,F,72,84.1,121.5,153,43.0,41.1,43.0,155,41.1,151,62.6,58.9,43.0 / 155,41.1 / 151
24144,TX,Blue,F,72,81.4,116.2,148,41.4,40.0,41.4,148,40.0,147,58.9,57.3,41.4 / 148,40.0 / 147
24144,TX,White / Blue Combo,F,72,80.2,114.5,146,40.7,39.5,40.7,147,39.5,144,58.0,56.5,40.7 / 147,39.5 / 144
24144,TX,Tournament,F,72,80.0,114.2,145,40.6,39.4,40.6,147,39.4,143,57.9,56.3,40.6 / 147,39.4 / 143
24144,TX,White,F,72,78.1,110.5,138,39.7,38.4,39.7,139,38.4,136,56.1,54.4,39.7 / 139,38.4 / 136
24144,TX,Red/White Combo,F,72,76.5,108.5,136,38.8,37.7,38.8,139,37.7,132,55.2,53.3,38.8 / 139,37.7 / 132
24144,TX,Red,F,72,73.8,104.6,131,37.9,35.9,37.9,140,35.9,121,54.4,50.2,37.9 / 140,35.9 / 121
24144,TX,Jr.,F,72,71.7,101.0,125,36.2,35.5,36.2,129,35.5,120,51.4,49.6,36.2 / 129,35.5 / 120
4458,TX,Blue,M,72,74.7,100.4,139,37.3,37.4,37.3,139,37.4,138,50.2,50.2,37.3 / 139,37.4 / 138
4458,TX,Copper,M,72,72.2,97.0,134,36.1,36.1,36.1,135,36.1,132,48.6,48.4,36.1 / 135,36.1 / 132
4458,TX,White,M,72,70.4,94.6,130,35.4,35.0,35.4,127,35.0,133,47.2,47.4,35.4 / 127,35.0 / 133
4458,TX,Gold,M,72,68.4,92.1,128,33.8,34.6,33.8,128,34.6,127,45.7,46.4,33.8 / 128,34.6 / 127
4458,TX,Silver,M,72,66.8,89.5,123,33.0,33.8,33.0,124,33.8,121,44.5,45.0,33.0 / 124,33.8 / 121
4458,TX,Blue,F,72,81.7,116.1,146,40.9,40.8,40.9,149,40.8,142,58.5,57.6,40.9 / 149,40.8 / 142
4458,TX,Copper,F,72,79.4,112.6,141,39.8,39.6,39.8,144,39.6,137,56.8,55.8,39.8 / 144,39.6 / 137
4458,TX,White,F,72,77.6,110.2,138,39.0,38.6,39.0,145,38.6,131,56.1,54.1,39.0 / 145,38.6 / 131
4458,TX,Gold,F,72,74.9,105.2,129,37.0,37.9,37.0,131,37.9,126,52.4,52.8,37.0 / 131,37.9 / 126
4458,TX,Silver,F,72,72.6,102.4,127,35.9,36.7,35.9,125,36.7,128,50.6,51.8,35.9 / 125,36.7 / 128
4459,TX,Blue,M,72,74.0,99.1,135,36.7,37.3,36.7,133,37.3,137,49.1,50.0,36.7 / 133,37.3 / 137
4459,TX,Copper,M,72,72.0,96.2,130,35.8,36.2,35.8,129,36.2,131,47.8,48.4,35.8 / 129,36.2 / 131
4459,TX,White,M,72,70.4,93.7,126,34.9,35.5,34.9,124,35.5,127,46.4,47.3,34.9 / 124,35.5 / 127
4459,TX,Gold,M,72,68.3,91.0,122,34.3,34.0,34.3,118,34.0,126,45.3,45.7,34.3 / 118,34.0 / 126
4459,TX,Silver,M,72,66.3,87.7,115,33.3,33.0,33.3,113,33.0,117,43.8,43.9,33.3 / 113,33.0 / 117
4459,TX,Junior,M,72,59.8,78.4,100,30.2,29.6,30.2,99,29.6,101,39.4,39.0,30.2 / 99,29.6 / 101
4459,TX,White,F,72,76.8,109.3,138,38.1,38.7,38.1,131,38.7,144,53.6,55.7,38.1 / 131,38.7 / 144
4459,TX,Gold,F,72,74.2,105.3,132,37.2,37.0,37.2,128,37.0,136,52.3,53.0,37.2 / 128,37.0 / 136
4459,TX,Silver,F,72,71.2,100.3,124,35.6,35.6,35.6,123,35.6,124,50.1,50.2,35.6 / 123,35.6 / 124
4459,TX,Junior,F,72,61.6,86.0,103,31.2,30.4,31.2,103,30.4,103,43.4,42.6,31.2 / 103,30.4 / 103
4397,TX,Red/Blue,M,72,69.0,90.3,115,34.4,34.6,34.4,114,34.6,115,45.0,45.3,34.4 / 114,34.6 / 115
4397,TX,Red/Silver,M,72,68.7,89.8,114,34.4,34.3,34.4,114,34.3,113,45.0,44.8,34.4 / 114,34.3 / 113
4397,TX,White/Yellow,M,72,63.3,82.2,102,31.6,31.7,31.6,101,31.7,102,41.0,41.2,31.6 / 101,31.7 / 102
4397,TX,White/Yellow,F,72,69.1,94.0,106,34.5,34.6,34.5,105,34.6,106,46.9,47.1,34.5 / 105,34.6 / 106
3975,TX,Black,M,72,75.0,101.9,145,37.0,38.0,37.0,146,38.0,143,50.6,51.3,37.0 / 146,38.0 / 143
3975,TX,Blue,M,72,73.4,99.5,141,36.3,37.1,36.3,141,37.1,140,49.4,50.1,36.3 / 141,37.1 / 140
3975,TX,MGA Tournament Tee,M,72,72.3,98.3,140,35.9,36.4,35.9,137,36.4,143,48.6,49.7,35.9 / 137,36.4 / 143
3975,TX,Member,M,72,71.4,97.5,141,35.1,36.3,35.1,141,36.3,140,48.2,49.3,35.1 / 141,36.3 / 140
3975,TX,White,M,72,70.5,96.3,139,34.4,36.1,34.4,136,36.1,142,47.0,49.3,34.4 / 136,36.1 / 142
3975,TX,Gold,M,72,68.7,93.0,131,33.8,34.9,33.8,132,34.9,129,46.1,46.9,33.8 / 132,34.9 / 129
3975,TX,Red,M,72,66.3,90.2,129,32.9,33.4,32.9,128,33.4,129,44.8,45.4,32.9 / 128,33.4 / 129
3975,TX,Black,F,72,82.3,117.6,150,40.4,41.9,40.4,144,41.9,155,57.4,60.2,40.4 / 144,41.9 / 155
3975,TX,Blue,F,72,80.4,114.6,145,39.5,40.9,39.5,140,40.9,150,56.0,58.6,39.5 / 140,40.9 / 150
3975,TX,Member,F,72,78.0,111.1,141,38.4,39.6,38.4,135,39.6,146,54.3,56.8,38.4 / 135,39.6 / 146
3975,TX,White,F,72,77.0,109.6,138,37.7,39.3,37.7,131,39.3,145,53.2,56.4,37.7 / 131,39.3 / 145
3975,TX,Gold,F,72,73.5,104.5,132,36.3,37.2,36.3,124,37.2,139,50.9,53.6,36.3 / 124,37.2 / 139
3975,TX,Red,F,72,70.4,100.8,129,34.7,35.7,34.7,132,35.7,126,50.3,50.5,34.7 / 132,35.7 / 126
4435,TX,Gold,M,72,73.1,97.5,131,36.9,36.2,36.9,130,36.2,132,49.0,48.5,36.9 / 130,36.2 / 132
4435,TX,Blue,M,72,70.2,92.9,123,35.4,34.8,35.4,123,34.8,122,46.8,46.1,35.4 / 123,34.8 / 122
4435,TX,White,M,72,67.3,89.6,120,33.8,33.5,33.8,118,33.5,122,44.8,44.8,33.8 / 118,33.5 / 122
4435,TX,Red,M,72,63.0,82.4,105,31.8,31.2,31.8,100,31.2,109,41.1,41.3,31.8 / 100,31.2 / 109
4435,TX,Gold,F,72,79.8,112.7,140,40.2,39.6,40.2,138,39.6,141,56.5,56.2,40.2 / 138,39.6 / 141
4435,TX,Blue,F,72,76.7,108.1,133,38.6,38.1,38.6,131,38.1,135,54.1,54.0,38.6 / 131,38.1 / 135
4435,TX,White,F,72,72.7,102.2,125,36.7,36.0,36.7,121,36.0,129,51.0,51.2,36.7 / 121,36.0 / 129
4435,TX,Red,F,72,66.9,93.6,113,33.7,33.2,33.7,114,33.2,112,47.2,46.4,33.7 / 114,33.2 / 112
21172,TX,Blue,M,72,70.5,92.1,116,34.6,35.9,34.6,118,35.9,114,45.6,46.5,34.6 / 118,35.9 / 114
21172,TX,Gold,M,72,65.6,85.6,108,31.9,33.7,31.9,104,33.7,111,41.6,44.0,31.9 / 104,33.7 / 111
21172,TX,Red,M,72,64.9,84.4,105,31.5,33.4,31.5,101,33.4,109,40.9,43.5,31.5 / 101,33.4 / 109
21172,TX,Red,F,72,70.2,96.8,113,33.9,36.3,33.9,113,36.3,113,47.2,49.6,33.9 / 113,36.3 / 113
4759,TX,Gold,M,72,73.5,98.5,135,36.8,36.7,36.8,132,36.7,137,49.1,49.4,36.8 / 132,36.7 / 137
4759,TX,Blue,M,72,71.4,95.3,129,35.9,35.5,35.9,126,35.5,131,47.6,47.7,35.9 / 126,35.5 / 131
4759,TX,White,M,72,68.2,89.7,116,33.9,34.3,33.9,112,34.3,119,44.3,45.4,33.9 / 112,34.3 / 119
4759,TX,Red Male,M,72,66.3,86.5,109,33.1,33.2,33.1,110,33.2,108,43.3,43.2,33.1 / 110,33.2 / 108
4759,TX,Red,F,72,71.6,103.3,135,35.8,35.8,35.8,138,35.8,131,52.1,51.2,35.8 / 138,35.8 / 131
4758,TX,Blue,M,71,71.3,94.2,123,34.4,36.9,34.4,119,36.9,127,45.5,48.7,34.4 / 119,36.9 / 127
4758,TX,White,M,71,68.8,90.5,117,33.3,35.5,33.3,115,35.5,118,44.0,46.5,33.3 / 115,35.5 / 118
4758,TX,Red,M,71,64.2,83.4,103,31.3,32.9,31.3,103,32.9,103,40.9,42.5,31.3 / 103,32.9 / 103
4758,TX,White,F,71,75.1,106.4,133,36.1,39.0,36.1,129,39.0,137,51.3,55.1,36.1 / 129,39.0 / 137
4758,TX,Red,F,71,68.3,96.0,118,33.1,35.2,33.1,112,35.2,123,46.3,49.7,33.1 / 112,35.2 / 123
4268,TX,Texas,M,71,76.7,103.6,145,38.1,38.6,38.1,147,38.6,142,51.8,51.8,38.1 / 147,38.6 / 142
4268,TX,George Hannon,M,71,75.9,102.7,144,37.7,38.2,37.7,146,38.2,141,51.4,51.3,37.7 / 146,38.2 / 141
4268,TX,Orange Longhorn,M,71,75.5,101.8,142,37.5,38.0,37.5,144,38.0,139,50.9,50.9,37.5 / 144,38.0 / 139
4268,TX,Harvey Penick,M,71,74.1,100.1,141,36.8,37.3,36.8,143,37.3,138,50.1,50.0,36.8 / 143,37.3 / 138
4268,TX,White Longhorn,M,71,73.2,98.4,136,36.4,36.8,36.4,137,36.8,135,49.1,49.3,36.4 / 137,36.8 / 135
4268,TX,Morris Williams,M,71,71.5,96.5,135,35.8,35.7,35.8,136,35.7,133,48.4,48.1,35.8 / 136,35.7 / 133
4268,TX,Orange U T,M,71,70.3,94.6,131,35.2,35.1,35.2,131,35.1,130,47.4,47.2,35.2 / 131,35.1 / 130
4268,TX,Ed White,M,71,67.8,91.0,125,33.5,34.3,33.5,123,34.3,127,44.9,46.1,33.5 / 123,34.3 / 127
4268,TX,White U T,M,71,66.2,87.8,116,32.8,33.4,32.8,114,33.4,118,43.4,44.4,32.8 / 114,33.4 / 118
4268,TX,Swinging Bevo,M,71,61.1,81.5,110,30.4,30.7,30.4,111,30.7,109,40.7,40.8,30.4 / 111,30.7 / 109
4268,TX,Texas,F,72,84.0,121.6,155,41.9,42.1,41.9,155,42.1,155,61.2,60.4,41.9 / 155,42.1 / 155
4268,TX,George Hannon,F,72,83.1,120.2,154,41.5,41.6,41.5,155,41.6,153,60.5,59.7,41.5 / 155,41.6 / 153
4268,TX,Orange Longhorn,F,72,82.6,119.4,154,41.2,41.4,41.2,155,41.4,152,60.1,59.3,41.2 / 155,41.4 / 152
4268,TX,Harvey Penick,F,72,80.8,116.1,150,40.4,40.4,40.4,153,40.4,147,58.4,57.7,40.4 / 153,40.4 / 147
4268,TX,White Longhorn,F,72,79.7,114.9,150,39.8,39.9,39.8,152,39.9,147,57.7,57.2,39.8 / 152,39.9 / 147
4268,TX,Ed White,F,72,78.0,112.2,145,39.3,38.7,39.3,148,38.7,142,56.8,55.4,39.3 / 148,38.7 / 142
4268,TX,Orange UT,F,0,74.2,107.2,140,37.2,37.0,37.2,143,37.0,137,54.1,53.1,37.2 / 143,37.0 / 137
4268,TX,Betsy Rawls,F,72,73.1,104.6,134,35.8,37.3,35.8,136,37.3,131,51.8,52.8,35.8 / 136,37.3 / 131
4268,TX,White UT,F,72,70.9,101.3,129,35.0,35.9,35.0,131,35.9,127,50.4,50.9,35.0 / 131,35.9 / 127
4268,TX,Swinging Bevo,F,71,63.8,87.5,101,31.8,32.0,31.8,98,32.0,103,43.3,44.2,31.8 / 98,32.0 / 103
33464,TX,Black,M,71,71.0,93.7,123,35.4,35.6,35.4,122,35.6,123,46.7,47.0,35.4 / 122,35.6 / 123
33464,TX,Blue,M,71,67.3,88.3,113,33.2,34.1,33.2,113,34.1,113,43.7,44.6,33.2 / 113,34.1 / 113
33464,TX,White,M,71,63.5,82.5,103,31.9,31.6,31.9,98,31.6,107,41.0,41.5,31.9 / 98,31.6 / 107
33464,TX,Red,M,71,62.0,80.6,100,31.2,30.8,31.2,99,30.8,101,40.4,40.2,31.2 / 99,30.8 / 101
33464,TX,Black,F,71,76.5,107.1,130,38.3,38.2,38.3,131,38.2,129,53.7,53.4,38.3 / 131,38.2 / 129
33464,TX,Blue,F,71,73.4,101.8,121,36.4,37.0,36.4,116,37.0,125,50.1,51.7,36.4 / 116,37.0 / 125
33464,TX,White,F,71,68.4,94.2,110,34.3,34.1,34.3,108,34.1,111,47.0,47.2,34.3 / 108,34.1 / 111
33464,TX,Red,F,71,65.6,90.3,105,32.9,32.7,32.9,106,32.7,103,45.4,44.9,32.9 / 106,32.7 / 103
4060,TX,Gold,M,72,74.1,99.9,139,36.8,37.3,36.8,135,37.3,143,49.3,50.6,36.8 / 135,37.3 / 143
4060,TX,Blue,M,72,71.8,96.9,135,35.6,36.2,35.6,130,36.2,140,47.7,49.2,35.6 / 130,36.2 / 140
4060,TX,White,M,72,68.9,92.0,125,34.2,34.7,34.2,121,34.7,128,45.4,46.6,34.2 / 121,34.7 / 128
4060,TX,Red,M,72,64.0,85.1,114,31.8,32.2,31.8,110,32.2,117,42.0,43.1,31.8 / 110,32.2 / 117
4060,TX,White,F,72,73.8,105.0,133,36.5,37.3,36.5,129,37.3,136,51.7,53.3,36.5 / 129,37.3 / 136
4060,TX,Red,F,72,67.7,95.7,119,33.3,34.4,33.3,114,34.4,123,46.8,48.9,33.3 / 114,34.4 / 123
4582,TX,Black,M,72,73.5,97.3,128,37.2,36.3,37.2,127,36.3,129,49.0,48.3,37.2 / 127,36.3 / 129
4582,TX,White,M,72,71.3,94.7,126,36.0,35.3,36.0,126,35.3,126,47.7,47.0,36.0 / 126,35.3 / 126
4582,TX,Gold,M,72,68.2,89.8,116,34.1,34.1,34.1,114,34.1,118,44.7,45.1,34.1 / 114,34.1 / 118
4582,TX,Red,M,72,65.1,85.2,109,33.0,32.1,33.0,107,32.1,110,42.9,42.3,33.0 / 107,32.1 / 110
4582,TX,Blue,M,72,63.5,82.9,104,32.2,31.3,32.2,103,31.3,105,41.8,41.1,32.2 / 103,31.3 / 105
4582,TX,Black,F,72,81.2,114.3,140,41.2,40.0,41.2,142,40.0,138,58.0,56.3,41.2 / 142,40.0 / 138
4582,TX,White,F,72,78.4,110.6,137,39.7,38.7,39.7,137,38.7,136,55.9,54.7,39.7 / 137,38.7 / 136
4582,TX,Gold,F,72,74.0,103.5,125,36.8,37.2,36.8,121,37.2,129,51.1,52.4,36.8 / 121,37.2 / 129
4582,TX,Red,F,72,70.0,96.8,114,35.5,34.5,35.5,111,34.5,116,48.6,48.2,35.5 / 111,34.5 / 116
4582,TX,Blue,F,72,68.1,94.1,110,34.7,33.4,34.7,109,33.4,111,47.6,46.5,34.7 / 109,33.4 / 111
4064,TX,Plates,M,71,77.3,106.0,152,38.9,38.4,38.9,155,38.4,149,53.8,52.2,38.9 / 155,38.4 / 149
4064,TX,Combo A,M,71,75.4,103.0,148,37.7,37.7,37.7,155,37.7,141,52.2,50.8,37.7 / 155,37.7 / 141
4064,TX,Vaquero,M,71,74.5,101.2,144,37.2,37.3,37.2,147,37.3,140,50.9,50.3,37.2 / 147,37.3 / 140
4064,TX,Combo B,M,71,73.0,99.0,140,36.6,36.4,36.6,144,36.4,136,50.0,49.0,36.6 / 144,36.4 / 136
4064,TX,II,M,71,71.5,96.4,134,35.7,35.8,35.7,137,35.8,131,48.4,48.0,35.7 / 137,35.8 / 131
4064,TX,Combo C,M,71,69.6,94.2,132,35.0,34.6,35.0,133,34.6,131,47.4,46.8,35.0 / 133,34.6 / 131
4064,TX,III,M,71,68.5,92.6,130,34.2,34.3,34.2,131,34.3,128,46.4,46.2,34.2 / 131,34.3 / 128
4064,TX,Combo D,M,71,66.8,90.1,126,33.4,33.4,33.4,126,33.4,125,45.1,45.0,33.4 / 126,33.4 / 125
4064,TX,IV,M,71,65.4,88.0,122,32.8,32.6,32.8,121,32.6,123,44.0,44.0,32.8 / 121,32.6 / 123
4064,TX,Vaquero,F,71,80.1,115.5,150,40.1,40.0,40.1,151,40.0,149,57.9,57.6,40.1 / 151,40.0 / 149
4064,TX,Combo B,F,71,79.2,113.9,147,39.9,39.3,39.9,151,39.3,143,57.7,56.2,39.9 / 151,39.3 / 143
4064,TX,II,F,71,77.6,111.5,144,38.9,38.7,38.9,148,38.7,140,56.3,55.2,38.9 / 148,38.7 / 140
4064,TX,Combo C,F,71,75.6,108.2,138,37.9,37.7,37.9,143,37.7,133,54.8,53.4,37.9 / 143,37.7 / 133
4064,TX,III,F,71,74.1,104.7,130,36.9,37.2,36.9,131,37.2,129,52.3,52.4,36.9 / 131,37.2 / 129
4064,TX,Combo D,F,71,72.4,102.7,129,36.2,36.2,36.2,130,36.2,127,51.5,51.2,36.2 / 130,36.2 / 127
4064,TX,IV,F,71,70.4,100.5,128,35.3,35.1,35.3,129,35.1,126,50.5,50.0,35.3 / 129,35.1 / 126
4365,TX,Blue,M,72,73.5,96.7,125,37.0,36.5,37.0,126,36.5,124,48.7,48.0,37.0 / 126,36.5 / 124
4365,TX,White,M,72,71.3,93.8,121,35.8,35.5,35.8,124,35.5,118,47.3,46.5,35.8 / 124,35.5 / 118
4365,TX,Gold,M,72,69.5,91.4,118,35.0,34.5,35.0,119,34.5,116,46.1,45.3,35.0 / 119,34.5 / 116
4365,TX,Red,M,72,66.4,87.7,115,33.3,33.1,33.3,115,33.1,114,44.0,43.7,33.3 / 115,33.1 / 114
4365,TX,Silver,M,72,63.3,83.3,108,31.8,31.5,31.8,108,31.5,108,41.8,41.5,31.8 / 108,31.5 / 108
4365,TX,Red,F,72,71.5,99.8,120,35.7,35.8,35.7,121,35.8,119,50.0,49.8,35.7 / 121,35.8 / 119
4365,TX,Silver,F,72,66.7,92.7,111,33.5,33.2,33.5,113,33.2,108,46.8,45.9,33.5 / 113,33.2 / 108
4040,TX,Blue,M,72,73.4,99.9,143,37.0,36.4,37.0,146,36.4,139,50.6,49.3,37.0 / 146,36.4 / 139
4040,TX,White,M,72,70.7,95.0,131,35.5,35.2,35.5,133,35.2,128,47.9,47.1,35.5 / 133,35.2 / 128
4040,TX,Combo,M,72,69.7,93.8,130,34.7,35.0,34.7,131,35.0,128,46.9,46.9,34.7 / 131,35.0 / 128
4040,TX,Green,M,72,69.6,93.4,128,34.8,34.8,34.8,132,34.8,124,47.1,46.3,34.8 / 132,34.8 / 124
4040,TX,Gold,M,72,68.4,91.1,122,34.4,34.0,34.4,126,34.0,118,46.1,45.0,34.4 / 126,34.0 / 118
4040,TX,Red,M,72,65.4,86.9,116,32.8,32.6,32.8,119,32.6,112,43.9,43.0,32.8 / 119,32.6 / 112
4040,TX,White,F,73,77.6,111.3,143,38.9,38.7,38.9,142,38.7,143,55.7,55.6,38.9 / 142,38.7 / 143
4040,TX,Combo,F,73,76.5,109.6,141,38.0,38.5,38.0,141,38.5,140,54.6,55.0,38.0 / 141,38.5 / 140
4040,TX,Green,F,73,76.0,109.0,140,38.0,38.0,38.0,139,38.0,141,54.4,54.6,38.0 / 139,38.0 / 141
4040,TX,Gold,F,73,74.1,106.3,137,37.3,36.8,37.3,140,36.8,133,53.8,52.5,37.3 / 140,36.8 / 133
4040,TX,Red,F,73,70.7,99.3,122,35.7,35.0,35.7,125,35.0,118,50.4,48.9,35.7 / 125,35.0 / 118
4442,TX,Blue,M,72,73.4,98.4,135,36.4,37.0,36.4,136,37.0,133,49.0,49.4,36.4 / 136,37.0 / 133
4442,TX,White,M,72,72.0,96.1,130,35.7,36.3,35.7,131,36.3,128,47.9,48.2,35.7 / 131,36.3 / 128
4442,TX,Green,M,72,70.5,93.9,126,34.9,35.6,34.9,126,35.6,126,46.6,47.3,34.9 / 126,35.6 / 126
4442,TX,Green/Gold Combo,M,72,69.6,92.4,123,34.6,35.0,34.6,118,35.0,127,45.6,46.8,34.6 / 118,35.0 / 127
4442,TX,Gold,M,72,66.8,89.0,120,33.2,33.6,33.2,118,33.6,121,44.2,44.8,33.2 / 118,33.6 / 121
4442,TX,Red,M,72,65.6,87.5,118,32.7,32.9,32.7,116,32.9,119,43.5,44.0,32.7 / 116,32.9 / 119
4442,TX,Short,M,72,63.1,84.0,113,31.4,31.7,31.4,111,31.7,114,41.7,42.3,31.4 / 111,31.7 / 114
4442,TX,Blue,F,72,79.8,114.0,145,39.4,40.4,39.4,142,40.4,148,56.2,57.8,39.4 / 142,40.4 / 148
4442,TX,White,F,72,78.1,111.5,142,38.5,39.6,38.5,139,39.6,144,54.9,56.6,38.5 / 139,39.6 / 144
4442,TX,Green,F,72,76.3,108.7,138,37.6,38.7,37.6,135,38.7,140,53.5,55.2,37.6 / 135,38.7 / 140
4442,TX,Gold,F,72,72.2,103.0,131,35.8,36.4,35.8,128,36.4,133,50.9,52.1,35.8 / 128,36.4 / 133
4442,TX,Red,F,72,70.9,101.0,128,35.3,35.6,35.3,126,35.6,130,50.1,50.9,35.3 / 126,35.6 / 130
4442,TX,Short,F,72,67.6,95.9,120,33.5,34.1,33.5,117,34.1,123,47.3,48.6,33.5 / 117,34.1 / 123
4462,TX,Gold,M,71,73.8,99.3,138,37.3,36.5,37.3,139,36.5,136,50.2,49.1,37.3 / 139,36.5 / 136
4462,TX,Blue,M,71,71.5,95.8,131,36.1,35.4,36.1,137,35.4,125,48.8,47.0,36.1 / 137,35.4 / 125
4462,TX,Blue/White Combo,M,71,70.3,94.2,129,35.8,34.5,35.8,131,34.5,126,48.0,46.2,35.8 / 131,34.5 / 126
4462,TX,White,M,71,68.3,91.8,127,34.5,33.8,34.5,125,33.8,128,46.1,45.7,34.5 / 125,33.8 / 128
4462,TX,White/Red Combo,M,71,67.2,90.0,123,33.8,33.4,33.8,123,33.4,123,45.2,44.8,33.8 / 123,33.4 / 123
4462,TX,Red,M,71,64.8,85.7,113,32.6,32.2,32.6,114,32.2,111,43.2,42.5,32.6 / 114,32.2 / 111
4462,TX,Gold,F,72,80.6,116.4,152,40.9,39.7,40.9,155,39.7,148,59.2,57.2,40.9 / 155,39.7 / 148
4462,TX,Blue,F,72,78.0,111.9,144,39.2,38.8,39.2,146,38.8,142,56.4,55.5,39.2 / 146,38.8 / 142
4462,TX,Blue/White Combo,F,72,76.3,109.7,142,38.9,37.4,38.9,144,37.4,139,55.9,53.8,38.9 / 144,37.4 / 139
4462,TX,White,F,72,74.2,106.8,138,37.5,36.7,37.5,137,36.7,139,53.7,53.1,37.5 / 137,36.7 / 139
4462,TX,White/Red Combo,F,72,72.5,103.2,131,36.6,35.9,36.6,130,35.9,131,51.9,51.3,36.6 / 130,35.9 / 131
4462,TX,Red,F,72,69.7,98.0,120,35.2,34.5,35.2,121,34.5,119,49.5,48.5,35.2 / 121,34.5 / 119
4461,TX,Gold,M,70,73.1,97.7,133,35.9,37.2,35.9,130,37.2,135,48.0,49.7,35.9 / 130,37.2 / 135
4461,TX,Blue,M,70,71.3,95.8,132,34.8,36.5,34.8,131,36.5,132,47.0,48.8,34.8 / 131,36.5 / 132
4461,TX,Blue/White Combo,M,70,70.3,95.0,131,34.6,35.7,34.6,131,35.7,132,46.9,48.1,34.6 / 131,35.7 / 132
4461,TX,White,M,70,69.5,93.0,127,34.1,35.4,34.1,122,35.4,131,45.4,47.6,34.1 / 122,35.4 / 131
4461,TX,White/Red Combo,M,70,67.9,90.1,120,33.8,34.1,33.8,117,34.1,122,44.7,45.4,33.8 / 117,34.1 / 122
4461,TX,Red,M,70,66.7,88.1,115,33.0,33.7,33.0,111,33.7,119,43.3,44.8,33.0 / 111,33.7 / 119
4461,TX,Tiger,M,70,60.9,80.0,103,29.8,31.1,29.8,104,31.1,101,39.5,40.5,29.8 / 104,31.1 / 101
4461,TX,Gold,F,71,80.4,114.8,146,39.6,40.8,39.6,148,40.8,144,57.0,57.8,39.6 / 148,40.8 / 144
4461,TX,Blue,F,71,78.2,111.7,142,38.3,39.9,38.3,147,39.9,137,55.6,56.1,38.3 / 147,39.9 / 137
4461,TX,Blue/White Combo,F,71,77.0,110.4,141,37.8,39.2,37.8,144,39.2,138,54.9,55.5,37.8 / 144,39.2 / 138
4461,TX,White,F,71,75.6,108.2,139,36.7,38.9,36.7,140,38.9,137,53.2,55.0,36.7 / 140,38.9 / 137
4461,TX,White/Red Combo,F,71,72.9,104.5,134,36.1,36.8,36.1,137,36.8,131,52.3,52.2,36.1 / 137,36.8 / 131
4461,TX,Red,F,71,71.7,101.5,127,35.3,36.4,35.3,127,36.4,126,50.3,51.2,35.3 / 127,36.4 / 126
4461,TX,Green,F,71,63.2,88.7,108,30.9,32.3,30.9,106,32.3,110,43.4,45.3,30.9 / 106,32.3 / 110
3999,TX,Blue,M,72,71.6,93.1,116,35.8,35.8,35.8,115,35.8,116,46.5,46.6,35.8 / 115,35.8 / 116
3999,TX,White,M,72,68.8,89.9,114,34.5,34.3,34.5,113,34.3,114,45.0,44.9,34.5 / 113,34.3 / 114
3999,TX,Gold,M,72,64.4,83.5,103,32.4,32.0,32.4,105,32.0,100,42.2,41.3,32.4 / 105,32.0 / 100
3999,TX,Red,M,72,64.0,82.9,102,32.3,31.7,32.3,104,31.7,99,42.0,40.9,32.3 / 104,31.7 / 99
3999,TX,Blue,F,72,77.3,108.7,133,38.7,38.6,38.7,134,38.6,132,54.5,54.2,38.7 / 134,38.6 / 132
3999,TX,White,F,72,74.2,104.0,127,37.2,37.0,37.2,127,37.0,126,52.2,51.8,37.2 / 127,37.0 / 126
3999,TX,Gold,F,72,69.3,96.8,117,34.9,34.4,34.9,118,34.4,115,48.8,48.0,34.9 / 118,34.4 / 115
3999,TX,Red,F,72,68.8,96.0,116,34.8,34.0,34.8,117,34.0,114,48.6,47.4,34.8 / 117,34.0 / 114
4371,TX,Black,M,72,75.8,101.7,140,37.9,37.9,37.9,139,37.9,140,50.8,50.9,37.9 / 139,37.9 / 140
4371,TX,Gold,M,72,74.5,99.9,137,37.2,37.3,37.2,137,37.3,137,49.9,50.0,37.2 / 137,37.3 / 137
4371,TX,Blue,M,72,72.3,96.8,132,36.1,36.2,36.1,133,36.2,130,48.5,48.3,36.1 / 133,36.2 / 130
4371,TX,White,M,72,69.6,93.0,126,34.5,35.1,34.5,123,35.1,129,45.9,47.1,34.5 / 123,35.1 / 129
4371,TX,Green,M,72,66.8,89.4,122,33.2,33.6,33.2,116,33.6,127,44.0,45.4,33.2 / 116,33.6 / 127
4371,TX,Red,M,72,64.5,86.3,118,32.2,32.3,32.2,113,32.3,122,42.7,43.6,32.2 / 113,32.3 / 122
4371,TX,Blue,F,72,78.5,112.0,142,39.4,39.1,39.4,141,39.1,143,56.0,56.0,39.4 / 141,39.1 / 143
4371,TX,White,F,72,75.5,108.1,139,37.5,38.0,37.5,135,38.0,142,53.4,54.7,37.5 / 135,38.0 / 142
4371,TX,Green,F,72,72.1,102.4,129,35.8,36.3,35.8,124,36.3,133,50.4,52.0,35.8 / 124,36.3 / 133
4371,TX,Red,F,72,69.1,98.1,123,34.0,35.1,34.0,120,35.1,126,48.1,50.0,34.0 / 120,35.1 / 126
4173,TX,Black,M,72,74.5,99.2,133,37.2,37.3,37.2,132,37.3,133,49.5,49.7,37.2 / 132,37.3 / 133
4173,TX,Blue,M,72,72.3,96.5,130,35.9,36.4,35.9,131,36.4,129,48.1,48.4,35.9 / 131,36.4 / 129
4173,TX,White,M,72,71.3,94.7,126,35.7,35.6,35.7,127,35.6,125,47.5,47.2,35.7 / 127,35.6 / 125
4173,TX,Gold,M,72,68.5,89.8,115,34.3,34.2,34.3,112,34.2,117,44.7,45.1,34.3 / 112,34.2 / 117
4173,TX,Green,M,72,66.6,86.7,109,33.4,33.2,33.4,110,33.2,107,43.6,43.1,33.4 / 110,33.2 / 107
4173,TX,Blue,F,72,78.0,109.6,134,38.9,39.1,38.9,130,39.1,138,54.2,55.4,38.9 / 130,39.1 / 138
4173,TX,White,F,72,75.7,106.3,130,37.7,38.0,37.7,126,38.0,134,52.5,53.8,37.7 / 126,38.0 / 134
4173,TX,Gold,F,72,73.8,104.0,128,36.9,36.9,36.9,126,36.9,130,51.8,52.2,36.9 / 126,36.9 / 130
4173,TX,Green,F,72,71.0,100.1,124,35.3,35.7,35.3,123,35.7,124,49.8,50.3,35.3 / 123,35.7 / 124
4620,TX,Gold,M,72,72.3,96.6,131,36.3,36.0,36.3,128,36.0,133,48.2,48.4,36.3 / 128,36.0 / 133
4620,TX,Gold/Black,M,72,69.8,92.6,123,34.7,35.1,34.7,122,35.1,124,46.0,46.6,34.7 / 122,35.1 / 124
4620,TX,Black,M,72,69.2,91.2,118,34.3,34.9,34.3,117,34.9,119,45.2,46.0,34.3 / 117,34.9 / 119
4620,TX,Green,M,72,65.9,86.5,111,33.0,32.9,33.0,112,32.9,110,43.4,43.1,33.0 / 112,32.9 / 110
4620,TX,Gold,F,72,78.2,110.0,135,39.3,38.9,39.3,134,38.9,136,55.1,54.9,39.3 / 134,38.9 / 136
4620,TX,Gold/Black,F,72,75.3,106.0,130,37.5,37.8,37.5,128,37.8,132,52.6,53.4,37.5 / 128,37.8 / 132
4620,TX,Black,F,72,74.7,104.5,127,37.1,37.6,37.1,124,37.6,129,51.7,52.8,37.1 / 124,37.6 / 129
4620,TX,Green,F,72,70.3,97.6,116,35.4,34.9,35.4,116,34.9,115,49.1,48.5,35.4 / 116,34.9 / 115
4316,TX,Blue,M,72,73.3,97.3,130,36.4,36.9,36.4,121,36.9,138,47.6,49.7,36.4 / 121,36.9 / 138
4316,TX,White,M,72,70.8,94.3,127,35.3,35.5,35.3,121,35.5,132,46.5,47.8,35.3 / 121,35.5 / 132
4316,TX,Red,M,72,66.7,88.7,119,33.6,33.1,33.6,113,33.1,124,44.1,44.6,33.6 / 113,33.1 / 124
4316,TX,Green,M,71,65.7,86.9,115,32.6,33.1,32.6,107,33.1,122,42.5,44.4,32.6 / 107,33.1 / 122
4316,TX,Red,F,72,72.4,102.2,126,36.3,36.1,36.3,120,36.1,132,50.5,51.7,36.3 / 120,36.1 / 132
4316,TX,Green,F,72,71.1,100.4,124,35.0,36.1,35.0,116,36.1,132,48.7,51.7,35.0 / 116,36.1 / 132
4338,TX,Back Tees,M,72,70.4,92.6,120,35.2,35.2,35.2,118,35.2,121,46.2,46.4,35.2 / 118,35.2 / 121
4338,TX,Middle Tees,M,72,66.9,88.2,115,33.2,33.7,33.2,113,33.7,116,43.7,44.5,33.2 / 113,33.7 / 116
4338,TX,Forward Tees,M,72,64.3,84.8,111,31.9,32.4,31.9,109,32.4,112,42.0,42.8,31.9 / 109,32.4 / 112
4338,TX,Middle Tees,F,72,71.8,101.4,126,35.7,36.1,35.7,123,36.1,128,50.2,51.2,35.7 / 123,36.1 / 128
4338,TX,Forward Tees,F,72,68.9,97.0,119,34.2,34.7,34.2,117,34.7,121,48.0,49.0,34.2 / 117,34.7 / 121
4298,TX,Black,M,71,74.7,101.2,143,37.2,37.5,37.2,139,37.5,146,50.1,51.1,37.2 / 139,37.5 / 146
4298,TX,Combo Black/Gold,M,71,72.6,98.8,142,36.0,36.6,36.0,135,36.6,147,48.5,50.3,36.0 / 135,36.6 / 147
4298,TX,Gold,M,71,71.2,97.4,141,35.1,36.1,35.1,137,36.1,145,47.8,49.6,35.1 / 137,36.1 / 145
4298,TX,Combo Gold/Silver,M,71,69.8,95.7,139,34.3,35.5,34.3,132,35.5,146,46.6,49.1,34.3 / 132,35.5 / 146
4298,TX,Silver,M,71,67.5,91.0,126,33.2,34.3,33.2,119,34.3,133,44.3,46.7,33.2 / 119,34.3 / 133
4298,TX,Violet,M,71,64.5,86.9,121,31.9,32.6,31.9,115,32.6,126,42.6,44.3,31.9 / 115,32.6 / 126
4298,TX,Black,F,72,81.7,118.8,155,40.5,41.2,40.5,154,41.2,155,58.7,60.1,40.5 / 154,41.2 / 155
4298,TX,Combo Black/Gold,F,72,79.3,115.2,152,39.1,40.2,39.1,148,40.2,155,56.6,58.6,39.1 / 148,40.2 / 155
4298,TX,Gold,F,72,77.7,112.9,149,38.1,39.6,38.1,145,39.6,153,55.2,57.7,38.1 / 145,39.6 / 153
4298,TX,Combo Gold/Silver,F,72,76.2,110.9,147,37.2,39.0,37.2,143,39.0,151,54.1,56.8,37.2 / 143,39.0 / 151
4298,TX,Silver,F,72,73.7,106.4,139,36.1,37.6,36.1,135,37.6,142,52.0,54.4,36.1 / 135,37.6 / 142
4298,TX,Violet,F,72,70.0,101.0,132,34.5,35.5,34.5,129,35.5,134,49.7,51.3,34.5 / 129,35.5 / 134
4134,TX,Blue,M,72,74.5,99.6,135,36.7,37.8,36.7,133,37.8,137,49.1,50.5,36.7 / 133,37.8 / 137
4134,TX,White/Blue Tee,M,72,73.8,98.4,133,36.6,37.2,36.6,139,37.2,126,49.5,48.9,36.6 / 139,37.2 / 126
4134,TX,White,M,72,73.1,97.6,132,36.0,37.1,36.0,133,37.1,130,48.4,49.2,36.0 / 133,37.1 / 130
4134,TX,White/Gold Tee,M,72,71.2,95.4,130,35.4,35.8,35.4,128,35.8,132,47.3,48.1,35.4 / 128,35.8 / 132
4134,TX,Gold,M,72,69.5,93.5,129,34.5,35.0,34.5,126,35.0,132,46.2,47.3,34.5 / 126,35.0 / 132
4134,TX,Gold / Red Combo,M,72,68.4,91.5,125,34.3,34.1,34.3,122,34.1,127,45.6,45.9,34.3 / 122,34.1 / 127
4134,TX,Red,M,72,67.1,89.5,121,33.3,33.8,33.3,122,33.8,119,44.6,44.9,33.3 / 122,33.8 / 119
4134,TX,Orange,M,72,63.5,82.7,104,31.9,31.6,31.9,107,31.6,100,41.8,40.9,31.9 / 107,31.6 / 100
4134,TX,Gold,F,72,76.0,107.9,135,37.6,38.4,37.6,132,38.4,138,53.2,54.7,37.6 / 132,38.4 / 138
4134,TX,Gold / Red Combo,F,72,74.6,106.0,133,37.2,37.4,37.2,131,37.4,135,52.7,53.3,37.2 / 131,37.4 / 135
4134,TX,Red,F,72,73.2,103.7,130,36.5,36.7,36.5,129,36.7,130,51.7,52.0,36.5 / 129,36.7 / 130
4134,TX,Ladies Red Combo,F,72,73.0,103.3,128,36.5,36.5,36.5,128,36.5,129,51.6,51.7,36.5 / 128,36.5 / 129
4134,TX,Orange,F,72,67.3,94.5,115,33.6,33.7,33.6,114,33.7,116,47.1,47.4,33.6 / 114,33.7 / 116
4447,TX,Black,M,72,73.4,97.6,130,36.7,36.7,36.7,127,36.7,133,48.5,49.1,36.7 / 127,36.7 / 133
4447,TX,Blue,M,72,71.8,95.3,127,36.0,35.8,36.0,124,35.8,129,47.5,47.8,36.0 / 124,35.8 / 129
4447,TX,White,M,72,70.0,92.3,120,34.8,35.2,34.8,118,35.2,122,45.8,46.5,34.8 / 118,35.2 / 122
4447,TX,Gold,M,72,67.4,88.4,113,33.4,34.0,33.4,114,34.0,112,44.0,44.4,33.4 / 114,34.0 / 112
4447,TX,Red,M,72,64.9,84.9,108,32.0,32.9,32.0,109,32.9,107,42.1,42.8,32.0 / 109,32.9 / 107
4447,TX,Black,F,72,80.7,114.9,145,40.3,40.4,40.3,145,40.4,145,57.4,57.5,40.3 / 145,40.4 / 145
4447,TX,Blue,F,72,78.7,111.1,138,39.4,39.3,39.4,138,39.3,137,55.7,55.4,39.4 / 138,39.3 / 137
4447,TX,White,F,72,75.9,106.9,131,37.7,38.2,37.7,131,38.2,131,53.2,53.7,37.7 / 131,38.2 / 131
4447,TX,Gold,F,72,72.5,101.7,124,36.1,36.4,36.1,120,36.4,127,50.3,51.4,36.1 / 120,36.4 / 127
4447,TX,Red,F,72,69.5,96.7,115,34.4,35.1,34.4,114,35.1,116,47.9,48.8,34.4 / 114,35.1 / 116
4144,TX,Black,M,72,74.9,100.4,138,37.3,37.6,37.3,138,37.6,137,50.1,50.3,37.3 / 138,37.6 / 137
4144,TX,Black/Blue Combo,M,72,73.5,98.5,135,36.7,36.8,36.7,136,36.8,133,49.3,49.2,36.7 / 136,36.8 / 133
4144,TX,Blue,M,72,72.4,96.9,132,36.2,36.2,36.2,133,36.2,130,48.6,48.3,36.2 / 133,36.2 / 130
4144,TX,Blue/Silver Combo,M,72,71.3,95.5,130,35.8,35.5,35.8,132,35.5,128,48.1,47.4,35.8 / 132,35.5 / 128
4144,TX,Silver,M,72,70.5,94.5,129,35.4,35.1,35.4,131,35.1,127,47.6,46.9,35.4 / 131,35.1 / 127
4144,TX,Silver/White Combo,M,72,67.8,90.2,121,34.1,33.7,34.1,122,33.7,119,45.4,44.8,34.1 / 122,33.7 / 119
4144,TX,White,M,72,65.8,87.0,114,33.0,32.8,33.0,115,32.8,113,43.7,43.3,33.0 / 115,32.8 / 113
4144,TX,Silver,F,72,76.1,108.1,136,38.2,37.9,38.2,137,37.9,134,54.4,53.7,38.2 / 137,37.9 / 134
4144,TX,Silver/White Combo,F,72,73.0,103.4,129,36.7,36.3,36.7,131,36.3,127,52.1,51.3,36.7 / 131,36.3 / 127
4144,TX,White,F,72,70.6,99.3,122,35.5,35.1,35.5,123,35.1,120,50.0,49.3,35.5 / 123,35.1 / 120
4584,TX,Blue,M,72,72.7,94.8,119,35.8,36.9,35.8,121,36.9,117,47.0,47.8,35.8 / 121,36.9 / 117
4584,TX,White,M,72,70.6,92.6,118,35.3,35.3,35.3,117,35.3,119,46.2,46.4,35.3 / 117,35.3 / 119
4584,TX,Gold,M,72,66.7,88.2,116,33.6,33.1,33.6,111,33.1,121,43.9,44.3,33.6 / 111,33.1 / 121
4584,TX,Silver,M,72,65.7,86.9,114,32.9,32.8,32.9,114,32.8,114,43.5,43.4,32.9 / 114,32.8 / 114
4584,TX,Red,M,72,62.5,82.6,109,31.2,31.3,31.2,107,31.3,110,41.1,41.5,31.2 / 107,31.3 / 110
4584,TX,Blue,F,72,78.9,111.2,137,39.0,39.9,39.0,136,39.9,138,55.0,56.2,39.0 / 136,39.9 / 138
4584,TX,White,F,72,76.9,108.4,134,38.1,38.8,38.1,133,38.8,134,53.8,54.6,38.1 / 133,38.8 / 134
4584,TX,Gold,F,72,72.4,101.1,122,36.2,36.2,36.2,126,36.2,118,51.0,50.1,36.2 / 126,36.2 / 118
4584,TX,Silver,F,72,70.5,98.7,120,35.5,35.0,35.5,120,35.0,119,49.7,49.0,35.5 / 120,35.0 / 119
4584,TX,Red,F,72,66.3,91.1,105,33.3,33.0,33.3,105,33.0,105,45.7,45.4,33.3 / 105,33.0 / 105
4246,TX,Red/Blue,M,71,68.9,90.3,115,34.5,34.4,34.5,118,34.4,112,45.5,44.8,34.5 / 118,34.4 / 112
4246,TX,Forward,F,71,70.6,98.2,117,34.8,35.8,34.8,114,35.8,120,48.3,49.9,34.8 / 114,35.8 / 120
3976,TX,Spirit,M,72,77.0,104.8,150,38.2,38.8,38.2,146,38.8,153,51.8,53.0,38.2 / 146,38.8 / 153
3976,TX,1 Pine,M,72,74.1,101.0,145,36.7,37.4,36.7,140,37.4,150,49.7,51.3,36.7 / 140,37.4 / 150
3976,TX,1 & 2 Pines Combo,M,72,72.8,99.3,143,36.3,36.5,36.3,138,36.5,147,49.1,50.2,36.3 / 138,36.5 / 147
3976,TX,2 Pines,M,72,71.7,97.5,139,35.7,36.0,35.7,132,36.0,145,48.0,49.5,35.7 / 132,36.0 / 145
3976,TX,2 & 3 Pines Combo,M,72,70.6,95.9,136,35.2,35.4,35.2,130,35.4,142,47.3,48.6,35.2 / 130,35.4 / 142
3976,TX,3 Pines,M,72,69.5,94.3,134,34.7,34.8,34.7,128,34.8,139,46.6,47.7,34.7 / 128,34.8 / 139
3976,TX,4 Pines,M,72,65.5,88.8,126,32.9,32.6,32.9,121,32.6,130,44.1,44.7,32.9 / 121,32.6 / 130
3976,TX,Spirit,F,72,84.1,122.4,155,41.8,42.3,41.8,155,42.3,155,60.4,62.0,41.8 / 155,42.3 / 155
3976,TX,1 Pine,F,72,80.7,117.2,153,40.1,40.6,40.1,150,40.6,155,57.8,59.4,40.1 / 150,40.6 / 155
3976,TX,1 & 2 Pines Combo,F,72,79.7,115.6,152,39.8,39.9,39.8,148,39.9,155,57.3,58.3,39.8 / 148,39.9 / 155
3976,TX,2 Pines,F,72,78.4,113.7,150,39.1,39.3,39.1,146,39.3,153,56.3,57.4,39.1 / 146,39.3 / 153
3976,TX,2 & 3 Pines Combo,F,72,76.8,111.4,147,38.3,38.5,38.3,143,38.5,150,55.2,56.2,38.3 / 143,38.5 / 150
3976,TX,3 Pines,F,72,75.3,109.1,144,37.6,37.7,37.6,140,37.7,147,54.1,55.0,37.6 / 140,37.7 / 147
3976,TX,4 Pines,F,72,70.5,100.9,129,35.5,35.0,35.5,127,35.0,131,50.5,50.4,35.5 / 127,35.0 / 131
4108,TX,Gold,M,72,75.5,102.8,147,37.5,38.0,37.5,147,38.0,146,51.2,51.6,37.5 / 147,38.0 / 146
4108,TX,Blue,M,72,73.6,100.2,143,36.5,37.1,36.5,143,37.1,143,49.8,50.4,36.5 / 143,37.1 / 143
4108,TX,White,M,72,72.2,97.5,137,35.9,36.3,35.9,135,36.3,138,48.4,49.1,35.9 / 135,36.3 / 138
4108,TX,Silver,M,72,70.1,93.6,127,34.8,35.3,34.8,125,35.3,128,46.4,47.2,34.8 / 125,35.3 / 128
4108,TX,Red,M,72,67.9,90.5,122,33.9,34.0,33.9,121,34.0,123,45.1,45.4,33.9 / 121,34.0 / 123
4108,TX,Super Senior Tee,M,72,63.7,85.2,116,32.0,31.7,32.0,118,31.7,113,43.0,42.2,32.0 / 118,31.7 / 113
4108,TX,White,F,72,77.9,112.6,147,38.5,39.4,38.5,145,39.4,149,55.6,57.0,38.5 / 145,39.4 / 149
4108,TX,Silver,F,72,75.4,108.8,142,37.1,38.3,37.1,139,38.3,144,53.5,55.3,37.1 / 139,38.3 / 144
4108,TX,Red,F,72,72.7,104.8,136,36.0,36.7,36.0,135,36.7,137,51.9,52.9,36.0 / 135,36.7 / 137
4108,TX,Super Senior Tee,F,72,66.8,96.7,127,33.5,33.3,33.5,127,33.3,126,48.5,48.2,33.5 / 127,33.3 / 126
4107,TX,Gold,M,72,75.0,101.2,141,37.4,37.6,37.4,138,37.6,144,50.2,51.0,37.4 / 138,37.6 / 144
4107,TX,Blue,M,72,72.8,98.1,136,36.3,36.5,36.3,131,36.5,141,48.5,49.6,36.3 / 131,36.5 / 141
4107,TX,White,M,72,70.4,94.6,130,35.2,35.2,35.2,129,35.2,131,47.2,47.4,35.2 / 129,35.2 / 131
4107,TX,Silver,M,72,68.5,91.6,125,34.2,34.3,34.2,124,34.3,125,45.7,45.9,34.2 / 124,34.3 / 125
4107,TX,Red,M,72,66.8,88.8,118,33.5,33.3,33.5,118,33.3,118,44.5,44.3,33.5 / 118,33.3 / 118
4107,TX,Super Senior Tee,M,72,62.8,83.6,112,31.2,31.6,31.2,111,31.6,113,41.5,42.1,31.2 / 111,31.6 / 113
4107,TX,White,F,72,75.8,108.9,141,38.0,37.8,38.0,133,37.8,148,53.7,55.2,38.0 / 133,37.8 / 148
4107,TX,Silver,F,72,73.4,105.3,135,36.7,36.7,36.7,127,36.7,143,51.7,53.6,36.7 / 127,36.7 / 143
4107,TX,Red,F,72,71.2,102.1,131,35.8,35.4,35.8,124,35.4,138,50.4,51.7,35.8 / 124,35.4 / 138
4107,TX,Super Senior Tee,F,72,65.8,93.9,119,32.8,33.0,32.8,111,33.0,127,45.9,48.0,32.8 / 111,33.0 / 127
4649,TX,Gold,M,72,76.5,103.0,143,38.1,38.4,38.1,142,38.4,143,51.3,51.7,38.1 / 142,38.4 / 143
4649,TX,Blue,M,72,73.9,99.7,139,36.7,37.2,36.7,139,37.2,139,49.6,50.1,36.7 / 139,37.2 / 139
4649,TX,White,M,72,71.2,95.9,133,35.8,35.4,35.8,131,35.4,135,48.0,47.9,35.8 / 131,35.4 / 135
4649,TX,Red,M,72,67.4,90.7,126,33.8,33.6,33.8,124,33.6,127,45.3,45.4,33.8 / 124,33.6 / 127
4649,TX,Gold,F,72,83.7,119.2,151,41.5,42.2,41.5,151,42.2,150,59.3,59.9,41.5 / 151,42.2 / 150
4649,TX,Blue,F,72,81.0,115.2,145,40.3,40.7,40.3,146,40.7,144,57.5,57.7,40.3 / 146,40.7 / 144
4649,TX,White,F,72,77.8,111.4,143,39.1,38.7,39.1,144,38.7,141,56.1,55.3,39.1 / 144,38.7 / 141
4649,TX,Red,F,72,73.2,103.1,127,36.6,36.6,36.6,128,36.6,126,51.7,51.4,36.6 / 128,36.6 / 126
4073,TX,Black,M,71,74.0,100.8,145,37.1,36.9,37.1,140,36.9,149,50.1,50.7,37.1 / 140,36.9 / 149
4073,TX,Black/Gold,M,71,72.8,99.2,142,36.5,36.3,36.5,138,36.3,146,49.3,49.9,36.5 / 138,36.3 / 146
4073,TX,Gold,M,71,72.1,97.9,139,36.1,36.0,36.1,133,36.0,144,48.5,49.4,36.1 / 133,36.0 / 144
4073,TX,Gold/Blue,M,71,71.2,96.4,136,35.7,35.5,35.7,133,35.5,138,48.1,48.3,35.7 / 133,35.5 / 138
4073,TX,Blue,M,71,70.7,95.4,133,35.5,35.2,35.5,130,35.2,136,47.6,47.8,35.5 / 130,35.2 / 136
4073,TX,Blue/White,M,71,68.7,92.5,128,34.1,34.6,34.1,127,34.6,129,45.9,46.6,34.1 / 127,34.6 / 129
4073,TX,White,M,71,66.4,88.3,118,32.9,33.5,32.9,116,33.5,119,43.7,44.6,32.9 / 116,33.5 / 119
4073,TX,Red,M,71,63.9,85.7,117,31.6,32.3,31.6,115,32.3,119,42.3,43.4,31.6 / 115,32.3 / 119
4073,TX,Junior,M,71,58.2,77.3,103,29.2,29.0,29.2,101,29.0,104,38.6,38.7,29.2 / 101,29.0 / 104
4073,TX,Black,F,71,81.0,116.2,150,40.2,40.8,40.2,152,40.8,147,58.1,58.1,40.2 / 152,40.8 / 147
4073,TX,Gold,F,71,78.6,113.4,148,38.9,39.7,38.9,151,39.7,144,56.7,56.7,38.9 / 151,39.7 / 144
4073,TX,Blue,F,71,77.9,112.5,147,38.7,39.2,38.7,150,39.2,143,56.4,56.1,38.7 / 150,39.2 / 143
4073,TX,Kimmie Tee,F,71,73.8,107.1,141,36.3,37.5,36.3,144,37.5,138,53.3,53.8,36.3 / 144,37.5 / 138
4073,TX,Blue/White,F,71,72.9,105.9,140,36.2,36.7,36.2,143,36.7,137,53.1,52.8,36.2 / 143,36.7 / 137
4073,TX,White,F,71,70.9,102.8,135,35.1,35.8,35.1,138,35.8,132,51.4,51.4,35.1 / 138,35.8 / 132
4073,TX,White/Red,F,71,70.4,100.4,128,35.0,35.4,35.0,130,35.4,125,50.3,50.1,35.0 / 130,35.4 / 125
4073,TX,Red,F,71,68.7,97.9,124,33.8,34.9,33.8,125,34.9,123,48.5,49.4,33.8 / 125,34.9 / 123
4073,TX,Junior,F,71,58.9,82.4,100,29.3,29.6,29.3,103,29.6,97,41.4,41.0,29.3 / 103,29.6 / 97
36903,TX,Pine,M,72,74.6,101.9,147,36.6,38.0,36.6,140,38.0,154,49.6,52.3,36.6 / 140,38.0 / 154
36903,TX,Spring,M,72,71.7,96.9,136,34.9,36.8,34.9,129,36.8,142,46.9,50.0,34.9 / 129,36.8 / 142
36903,TX,Cloud,M,72,69.0,93.1,130,33.4,35.6,33.4,119,35.6,140,44.5,48.6,33.4 / 119,35.6 / 140
36903,TX,Sand,M,72,66.2,89.1,123,32.2,34.0,32.2,114,34.0,132,42.8,46.3,32.2 / 114,34.0 / 132
36903,TX,Pine,F,72,80.7,116.2,151,39.4,41.3,39.4,146,41.3,155,56.6,59.6,39.4 / 146,41.3 / 155
36903,TX,Spring,F,72,77.4,111.2,143,37.5,39.9,37.5,138,39.9,148,53.8,57.4,37.5 / 138,39.9 / 148
36903,TX,Cloud,F,72,74.6,106.8,137,35.8,38.8,35.8,130,38.8,143,51.1,55.7,35.8 / 130,38.8 / 143
36903,TX,Sand,F,72,71.0,101.5,130,34.2,36.8,34.2,124,36.8,135,48.8,52.7,34.2 / 124,36.8 / 135
4618,TX,BLACK,M,72,73.3,98.2,134,36.5,36.8,36.5,135,36.8,133,49.0,49.2,36.5 / 135,36.8 / 133
4618,TX,GOLD,M,72,71.9,96.2,131,35.7,36.2,35.7,132,36.2,129,48.0,48.2,35.7 / 132,36.2 / 129
4618,TX,BLUE,M,72,69.5,92.9,126,34.5,35.0,34.5,127,35.0,125,46.3,46.6,34.5 / 127,35.0 / 125
4618,TX,WHITE,M,72,68.0,89.0,113,33.6,34.4,33.6,114,34.4,112,44.2,44.8,33.6 / 114,34.4 / 112
4618,TX,GREEN,M,72,65.1,85.2,109,32.3,32.8,32.3,109,32.8,108,42.4,42.8,32.3 / 109,32.8 / 108
4618,TX,White,F,72,72.5,102.7,128,35.8,36.7,35.8,128,36.7,128,50.9,51.8,35.8 / 128,36.7 / 128
4618,TX,Green,F,72,69.4,96.2,114,34.2,35.2,34.2,119,35.2,109,48.2,48.0,34.2 / 119,35.2 / 109
4619,TX,Black,M,72,74.4,100.4,140,36.8,37.6,36.8,137,37.6,143,49.5,50.9,36.8 / 137,37.6 / 143
4619,TX,Gold,M,72,72.2,97.4,136,35.7,36.5,35.7,131,36.5,140,47.9,49.5,35.7 / 131,36.5 / 140
4619,TX,Blue,M,72,70.6,94.4,128,34.9,35.7,34.9,124,35.7,132,46.4,48.0,34.9 / 124,35.7 / 132
4619,TX,White,M,72,67.9,89.4,116,34.0,33.9,34.0,111,33.9,121,44.3,45.1,34.0 / 111,33.9 / 121
4619,TX,Green,M,72,65.2,85.7,110,32.8,32.4,32.8,105,32.4,115,42.6,43.1,32.8 / 105,32.4 / 115
4619,TX,White,F,72,72.1,101.3,124,35.8,36.3,35.8,118,36.3,130,49.7,51.6,35.8 / 118,36.3 / 130
4619,TX,Green,F,72,68.8,95.2,112,34.1,34.7,34.1,109,34.7,115,46.9,48.3,34.1 / 109,34.7 / 115
4585,TX,Gold,M,72,74.7,99.8,135,37.4,37.3,37.4,137,37.3,133,50.1,49.7,37.4 / 137,37.3 / 133
4585,TX,Blue,M,72,73.0,97.6,132,36.4,36.6,36.4,133,36.6,131,48.8,48.8,36.4 / 133,36.6 / 131
4585,TX,White,M,72,71.5,95.2,128,35.6,35.9,35.6,125,35.9,130,47.2,48.0,35.6 / 125,35.9 / 130
4585,TX,Green,M,72,69.8,93.0,125,34.6,35.2,34.6,121,35.2,129,45.8,47.2,34.6 / 121,35.2 / 129
4585,TX,Silver,M,72,67.4,89.9,121,33.2,34.2,33.2,116,34.2,126,44.0,45.9,33.2 / 116,34.2 / 126
4585,TX,Gold,F,72,81.8,116.3,147,40.8,41.0,40.8,146,41.0,147,58.0,58.3,40.8 / 146,41.0 / 147
4585,TX,Blue,F,72,79.7,113.5,143,39.6,40.1,39.6,142,40.1,144,56.4,57.1,39.6 / 142,40.1 / 144
4585,TX,White,F,72,77.6,110.6,140,38.3,39.3,38.3,138,39.3,142,54.6,56.0,38.3 / 138,39.3 / 142
4585,TX,Green,F,72,75.7,107.7,136,37.3,38.4,37.3,133,38.4,138,53.0,54.7,37.3 / 133,38.4 / 138
4585,TX,Silver,F,72,72.6,103.6,132,35.5,37.1,35.5,128,37.1,135,50.6,53.0,35.5 / 128,37.1 / 135
29444,TX,Black,M,72,73.7,98.7,135,36.5,37.2,36.5,133,37.2,136,48.9,49.8,36.5 / 133,37.2 / 136
29444,TX,Black/Blue Combo,M,72,72.4,96.6,130,36.0,36.4,36.0,128,36.4,132,47.9,48.7,36.0 / 128,36.4 / 132
29444,TX,Blue,M,72,72.2,96.1,129,35.6,36.6,35.6,128,36.6,129,47.5,48.6,35.6 / 128,36.6 / 129
29444,TX,Blue / White Combo,M,72,70.6,94.3,128,35.0,35.6,35.0,122,35.6,133,46.3,48.0,35.0 / 122,35.6 / 133
29444,TX,White,M,72,70.4,93.6,125,34.7,35.7,34.7,123,35.7,127,46.1,47.5,34.7 / 123,35.7 / 127
29444,TX,White/Gold Combo,M,72,68.9,92.5,123,34.4,34.7,34.4,122,34.7,130,45.7,46.8,34.4 / 122,34.7 / 130
29444,TX,Gold,M,72,68.3,90.8,121,33.7,34.6,33.7,118,34.6,124,44.7,46.1,33.7 / 118,34.6 / 124
29444,TX,Gold/Red Combo,M,72,66.8,88.8,119,32.8,34.0,32.8,114,34.0,123,43.4,45.4,32.8 / 114,34.0 / 123
29444,TX,Red,M,72,65.5,87.0,116,32.1,33.4,32.1,113,33.4,119,42.6,44.4,32.1 / 113,33.4 / 119
29444,TX,Red/Silver Combo,M,72,62.7,83.8,114,30.9,31.8,30.9,108,31.8,119,40.9,42.9,30.9 / 108,31.8 / 119
29444,TX,Silver,M,72,61.3,80.8,105,29.6,31.7,29.6,102,31.7,108,39.1,41.7,29.6 / 102,31.7 / 108
29444,TX,White,F,72,75.7,106.7,132,37.5,38.2,37.5,126,38.2,137,52.4,54.3,37.5 / 126,38.2 / 137
29444,TX,Gold,F,72,73.2,103.3,128,36.1,37.1,36.1,120,37.1,135,50.3,53.0,36.1 / 120,37.1 / 135
29444,TX,Gold/Red Combo,F,72,71.0,99.9,123,35.1,35.9,35.1,119,35.9,126,49.1,50.8,35.1 / 119,35.9 / 126
29444,TX,Red,F,72,70.2,98.1,119,34.5,35.7,34.5,117,35.7,120,48.3,49.8,34.5 / 117,35.7 / 120
29444,TX,Red/Silver Combo,F,72,65.7,91.6,110,32.2,33.5,32.2,103,33.5,116,44.4,47.2,32.2 / 103,33.5 / 116
29444,TX,Silver,F,72,63.0,89.0,110,29.9,33.1,29.9,104,33.1,116,42.2,46.8,29.9 / 104,33.1 / 116
4215,TX,Black,M,72,74.1,98.9,134,37.2,36.9,37.2,136,36.9,131,49.8,49.1,37.2 / 136,36.9 / 131
4215,TX,Black/Blue Combo,M,72,72.8,97.4,132,36.4,36.4,36.4,132,36.4,132,48.7,48.7,36.4 / 132,36.4 / 132
4215,TX,Blue,M,72,72.6,96.5,129,36.6,36.0,36.6,129,36.0,128,48.6,47.9,36.6 / 129,36.0 / 128
4215,TX,Blue / White Combo,M,72,71.6,95.4,128,36.0,35.6,36.0,127,35.6,129,47.8,47.6,36.0 / 127,35.6 / 129
4215,TX,White,M,72,71.1,94.5,126,35.7,35.4,35.7,127,35.4,125,47.5,47.0,35.7 / 127,35.4 / 125
4215,TX,White/Gold Combo,M,72,70.0,93.1,125,34.8,35.2,34.8,125,35.2,124,46.4,46.7,34.8 / 125,35.2 / 124
4215,TX,Gold,M,72,68.7,91.2,121,34.6,34.1,34.6,124,34.1,118,46.1,45.1,34.6 / 124,34.1 / 118
4215,TX,Gold/Red Combo,M,72,67.2,89.6,120,34.0,33.2,34.0,123,33.2,118,45.4,44.2,34.0 / 123,33.2 / 118
4215,TX,Red,M,72,66.4,88.0,116,33.4,33.0,33.4,119,33.0,113,44.5,43.5,33.4 / 119,33.0 / 113
4215,TX,Red/Silver Combo,M,72,64.0,86.0,119,32.2,31.8,32.2,121,31.8,116,43.4,42.6,32.2 / 121,31.8 / 116
4215,TX,Silver,M,72,63.0,83.1,109,31.8,31.2,31.8,110,31.2,107,42.0,41.1,31.8 / 110,31.2 / 107
4215,TX,White,F,72,76.7,107.6,132,38.5,38.2,38.5,137,38.2,126,54.6,53.0,38.5 / 137,38.2 / 126
4215,TX,Gold,F,72,73.8,104.4,130,37.1,36.7,37.1,135,36.7,125,53.0,51.4,37.1 / 135,36.7 / 125
4215,TX,Gold/Red Combo,F,72,71.5,100.6,125,35.9,35.6,35.9,126,35.6,120,50.8,49.8,35.9 / 126,35.6 / 120
4215,TX,Red,F,72,71.2,100.3,124,35.7,35.5,35.7,128,35.5,119,50.8,49.5,35.7 / 128,35.5 / 119
4215,TX,Red/Silver Combo,F,72,67.6,94.5,114,34.0,33.6,34.0,119,33.6,109,48.0,46.5,34.0 / 119,33.6 / 109
4215,TX,Silver,F,72,65.5,92.1,113,33.2,32.3,33.2,118,32.3,108,47.1,45.0,33.2 / 118,32.3 / 108
29445,TX,Black,M,72,73.4,98.0,132,36.9,36.5,36.9,131,36.5,133,49.1,48.9,36.9 / 131,36.5 / 133
29445,TX,Black/Blue Combo,M,72,72.4,96.6,130,36.4,36.0,36.4,127,36.0,126,48.7,47.9,36.4 / 127,36.0 / 126
29445,TX,Blue,M,72,71.6,95.4,128,36.0,35.6,36.0,128,35.6,128,47.9,47.5,36.0 / 128,35.6 / 128
29445,TX,Blue / White Combo,M,72,70.2,94.1,129,35.2,35.0,35.2,131,35.0,126,47.4,46.7,35.2 / 131,35.0 / 126
29445,TX,White,M,72,70.1,93.0,124,35.4,34.7,35.4,125,34.7,123,46.9,46.1,35.4 / 125,34.7 / 123
29445,TX,White/Gold Combo,M,72,68.7,91.6,124,34.3,34.4,34.3,125,34.4,122,45.9,45.7,34.3 / 125,34.4 / 122
29445,TX,Gold,M,72,67.8,89.8,118,34.1,33.7,34.1,118,33.7,118,45.1,44.7,34.1 / 118,33.7 / 118
29445,TX,Gold/Red Combo,M,72,66.0,87.6,116,33.2,32.8,33.2,118,32.8,114,44.2,43.4,33.2 / 118,32.8 / 114
29445,TX,Red,M,72,65.1,86.1,113,33.0,32.1,33.0,113,32.1,113,43.5,42.6,33.0 / 113,32.1 / 113
29445,TX,Red/Silver Combo,M,72,62.3,82.9,111,31.4,30.9,31.4,114,30.9,108,42.0,40.9,31.4 / 114,30.9 / 108
29445,TX,Silver,M,72,60.8,80.2,105,31.2,29.6,31.2,107,29.6,102,41.1,39.1,31.2 / 107,29.6 / 102
29445,TX,White,F,72,75.7,105.4,126,38.2,37.5,38.2,126,37.5,126,53.0,52.4,38.2 / 126,37.5 / 126
29445,TX,Gold,F,72,72.8,101.7,123,36.7,36.1,36.7,125,36.1,120,51.4,50.3,36.7 / 125,36.1 / 120
29445,TX,Gold/Red Combo,F,72,70.7,98.9,120,35.6,35.1,35.6,120,35.1,119,49.8,49.1,35.6 / 120,35.1 / 119
29445,TX,Red,F,72,70.0,97.8,118,35.5,34.5,35.5,119,34.5,117,49.5,48.3,35.5 / 119,34.5 / 117
29445,TX,Red/Silver Combo,F,72,65.3,90.2,106,33.1,32.2,33.1,108,32.2,103,45.8,44.4,33.1 / 108,32.2 / 103
29445,TX,Silver,F,72,62.3,87.3,106,32.5,29.8,32.5,107,29.8,104,45.1,42.2,32.5 / 107,29.8 / 104
4256,TX,Black,M,72,72.8,97.2,131,36.1,36.7,36.1,129,36.7,133,48.1,49.1,36.1 / 129,36.7 / 133
4256,TX,Blue,M,72,72.0,96.2,130,35.6,36.4,35.6,129,36.4,131,47.6,48.6,35.6 / 129,36.4 / 131
4256,TX,White,M,72,70.5,94.0,127,35.0,35.5,35.0,125,35.5,128,46.6,47.4,35.0 / 125,35.5 / 128
4256,TX,Gold,M,72,67.3,88.6,115,33.7,33.6,33.7,116,33.6,113,44.5,44.1,33.7 / 116,33.6 / 113
4256,TX,Red,M,72,66.5,87.5,113,33.3,33.2,33.3,114,33.2,112,43.9,43.6,33.3 / 114,33.2 / 112
4256,TX,Silver,M,72,63.0,83.3,110,31.2,31.8,31.2,112,31.8,107,41.6,41.7,31.2 / 112,31.8 / 107
4256,TX,Gold,F,72,73.0,102.8,127,36.7,36.3,36.7,126,36.3,127,51.5,51.3,36.7 / 126,36.3 / 127
4256,TX,Red,F,73,72.0,101.3,125,36.2,35.8,36.2,123,35.8,126,50.7,50.6,36.2 / 123,35.8 / 126
4256,TX,Silver,F,72,67.0,94.0,115,33.3,33.7,33.3,111,33.7,118,46.4,47.6,33.3 / 111,33.7 / 118
4148,TX,Black,M,71,72.3,97.2,134,36.2,36.1,36.2,136,36.1,132,48.8,48.4,36.2 / 136,36.1 / 132
4148,TX,Blue,M,71,70.6,95.2,132,35.2,35.4,35.2,133,35.4,131,47.6,47.6,35.2 / 133,35.4 / 131
4148,TX,White,M,71,69.3,93.4,130,34.6,34.7,34.6,130,34.7,129,46.7,46.7,34.6 / 130,34.7 / 129
4148,TX,White/Gold Combo,M,71,67.1,90.2,125,33.4,33.7,33.4,124,33.7,125,44.9,45.3,33.4 / 124,33.7 / 125
4148,TX,Gold,M,71,66.3,89.1,123,33.2,33.1,33.2,123,33.1,123,44.6,44.5,33.2 / 123,33.1 / 123
4148,TX,Green,M,71,64.4,86.6,120,32.4,32.0,32.4,121,32.0,118,43.6,43.0,32.4 / 121,32.0 / 118
4148,TX,Black,F,71,78.9,111.5,138,39.6,39.3,39.6,138,39.3,138,55.9,55.6,39.6 / 138,39.3 / 138
4148,TX,Blue,F,71,76.9,108.7,135,38.5,38.4,38.5,135,38.4,135,54.4,54.3,38.5 / 135,38.4 / 135
4148,TX,White,F,71,74.8,106.0,132,37.4,37.4,37.4,132,37.4,132,53.0,53.0,37.4 / 132,37.4 / 132
4148,TX,Gold,F,71,72.4,102.2,127,36.4,36.0,36.4,128,36.0,125,51.5,50.7,36.4 / 128,36.0 / 125
4148,TX,Green,F,71,70.6,99.2,122,35.7,34.9,35.7,124,34.9,119,50.3,48.9,35.7 / 124,34.9 / 119
4603,TX,Blue,M,72,75.2,103.8,149,37.8,37.4,37.8,155,37.4,143,53.1,50.7,37.8 / 155,37.4 / 143
4603,TX,Blue/White,M,72,74.6,102.5,147,37.5,37.1,37.5,154,37.1,142,52.1,50.4,37.5 / 154,37.1 / 142
4603,TX,White,M,72,73.3,99.9,143,37.2,36.1,37.2,146,36.1,140,50.8,49.1,37.2 / 146,36.1 / 140
4603,TX,White/Green,M,72,72.3,98.4,141,36.7,35.6,36.7,144,35.6,137,50.1,48.3,36.7 / 144,35.6 / 137
4603,TX,Green,M,72,70.8,95.7,134,35.9,34.9,35.9,139,34.9,129,48.8,46.9,35.9 / 139,34.9 / 129
4603,TX,Gold,M,72,66.2,88.9,123,33.3,32.9,33.3,121,32.9,124,44.5,44.4,33.3 / 121,32.9 / 124
4603,TX,Silver,M,72,61.0,80.4,105,30.9,30.1,30.9,111,30.1,98,41.2,39.2,30.9 / 111,30.1 / 98
4603,TX,Blue,F,72,82.3,122.3,155,41.6,40.7,41.6,155,40.7,155,61.9,60.4,41.6 / 155,40.7 / 155
4603,TX,Blue/White,F,72,81.5,119.7,155,41.2,40.3,41.2,155,40.3,155,60.5,59.2,41.2 / 155,40.3 / 155
4603,TX,White,F,72,79.1,116.8,155,40.2,38.9,40.2,155,38.9,155,59.5,57.3,40.2 / 155,38.9 / 155
4603,TX,White/Green,F,72,77.7,115.4,155,39.6,38.1,39.6,155,38.1,155,59.0,56.4,39.6 / 155,38.1 / 155
4603,TX,Green,F,72,76.3,111.6,149,38.9,37.4,38.9,155,37.4,143,57.3,54.3,38.9 / 155,37.4 / 143
4603,TX,Gold,F,72,72.0,102.4,129,36.3,35.7,36.3,131,35.7,127,51.7,50.7,36.3 / 131,35.7 / 127
4603,TX,Silver,F,72,63.0,88.6,109,31.7,31.3,31.7,120,31.3,97,45.9,42.7,31.7 / 120,31.3 / 97
4032,TX,Blue,M,72,74.8,101.1,142,37.8,37.0,37.8,145,37.0,138,51.3,49.8,37.8 / 145,37.0 / 138
4032,TX,Blue/White,M,72,73.4,99.4,140,36.7,36.7,36.7,143,36.7,137,50.0,49.4,36.7 / 143,36.7 / 137
4032,TX,White,M,72,72.3,97.7,137,36.0,36.3,36.0,138,36.3,136,48.8,48.9,36.0 / 138,36.3 / 136
4032,TX,Gold,M,72,70.6,95.2,132,35.1,35.5,35.1,133,35.5,131,47.5,47.7,35.1 / 133,35.5 / 131
4032,TX,Gold/Red,M,72,69.9,93.9,129,34.7,35.2,34.7,131,35.2,127,46.9,47.0,34.7 / 131,35.2 / 127
4032,TX,Red,M,72,67.9,91.1,125,33.2,34.7,33.2,125,34.7,125,44.8,46.3,33.2 / 125,34.7 / 125
4032,TX,Green,M,72,62.8,84.1,115,31.2,31.6,31.2,116,31.6,113,42.0,42.1,31.2 / 116,31.6 / 113
4032,TX,White,F,73,78.8,113.4,147,39.2,39.6,39.2,148,39.6,145,56.7,56.7,39.2 / 148,39.6 / 145
4032,TX,Gold,F,73,76.7,110.3,143,38.0,38.7,38.0,147,38.7,138,55.3,55.0,38.0 / 147,38.7 / 138
4032,TX,Gold/Red,F,73,75.7,108.7,140,37.3,38.4,37.3,142,38.4,138,54.0,54.7,37.3 / 142,38.4 / 138
4032,TX,Red,F,73,73.7,105.2,134,35.9,37.8,35.9,132,37.8,135,51.5,53.7,35.9 / 132,37.8 / 135
4032,TX,Green,F,72,66.7,94.6,119,32.8,33.9,32.8,119,33.9,118,46.8,47.8,32.8 / 119,33.9 / 118
4655,TX,Back,M,72,74.7,99.4,133,37.3,37.4,37.3,135,37.4,131,49.8,49.6,37.3 / 135,37.4 / 131
4655,TX,Middle,M,72,72.1,95.7,127,35.9,36.2,35.9,128,36.2,126,47.8,47.9,35.9 / 128,36.2 / 126
4655,TX,Senior,M,72,69.4,92.0,122,34.7,34.7,34.7,117,34.7,126,45.6,46.4,34.7 / 117,34.7 / 126
4655,TX,Front,M,72,66.1,86.1,108,32.9,33.2,32.9,105,33.2,110,42.7,43.4,32.9 / 105,33.2 / 110
4655,TX,Senior,F,72,75.2,105.4,128,37.6,37.6,37.6,127,37.6,129,52.6,52.8,37.6 / 127,37.6 / 129
4655,TX,Front,F,72,71.2,99.4,120,35.5,35.7,35.5,118,35.7,121,49.4,50.0,35.5 / 118,35.7 / 121
23978,TX,White / Red,M,72,70.4,93.1,123,34.2,36.2,34.2,121,36.2,124,45.4,47.7,34.2 / 121,36.2 / 124
23978,TX,Silver / Blue,M,72,65.5,84.5,102,32.0,33.5,32.0,99,33.5,105,41.2,43.3,32.0 / 99,33.5 / 105
23978,TX,Pink / Black,M,72,62.2,79.7,95,30.7,31.5,30.7,94,31.5,95,39.4,40.3,30.7 / 94,31.5 / 95
23978,TX,White / Red,F,72,76.9,107.4,130,37.3,39.6,37.3,122,39.6,137,51.7,55.7,37.3 / 122,39.6 / 137
23978,TX,Silver / Blue,F,72,71.9,99.9,119,35.0,36.9,35.0,113,36.9,125,48.3,51.6,35.0 / 113,36.9 / 125
23978,TX,Pink / Black,F,72,67.1,93.6,112,32.8,34.3,32.8,109,34.3,115,45.7,47.9,32.8 / 109,34.3 / 115
4110,TX,Black,M,72,75.1,100.1,135,37.6,37.5,37.6,131,37.5,138,49.8,50.3,37.6 / 131,37.5 / 138
4110,TX,Black/Blue Combo,M,72,73.5,98.6,135,36.9,36.6,36.9,133,36.6,137,49.3,49.3,36.9 / 133,36.6 / 137
4110,TX,Blue,M,72,72.0,96.3,131,36.3,35.7,36.3,128,35.7,133,48.2,48.1,36.3 / 128,35.7 / 133
4110,TX,Blue / White Combo,M,72,70.2,93.5,126,35.1,35.1,35.1,124,35.1,127,46.6,46.9,35.1 / 124,35.1 / 127
4110,TX,White,M,72,69.1,92.1,124,34.8,34.3,34.8,124,34.3,124,46.3,45.8,34.8 / 124,34.3 / 124
4110,TX,White-Red Combo,M,72,67.3,88.7,115,34.3,33.0,34.3,112,33.0,118,44.7,44.0,34.3 / 112,33.0 / 118
4110,TX,Red,M,72,65.3,86.4,114,33.2,32.1,33.2,109,32.1,118,43.3,43.1,33.2 / 109,32.1 / 118
4110,TX,Blue,F,72,76.3,110.5,145,38.0,38.3,38.0,147,38.3,143,55.3,55.2,38.0 / 147,38.3 / 143
4110,TX,Blue/White Combo,F,72,75.9,109.7,144,38.0,37.9,38.0,145,37.9,142,55.1,54.6,38.0 / 145,37.9 / 142
4110,TX,White,F,72,74.5,106.8,137,37.4,37.1,37.4,137,37.1,137,53.6,53.2,37.4 / 137,37.1 / 137
4110,TX,White-Red Combo,F,72,72.0,102.8,131,36.5,35.5,36.5,137,35.5,125,52.6,50.2,36.5 / 137,35.5 / 125
4110,TX,Red,F,72,70.3,99.4,124,35.4,34.9,35.4,126,34.9,121,50.2,49.2,35.4 / 126,34.9 / 121
17793,TX,$,M,71,75.1,100.5,137,37.8,37.3,37.8,139,37.3,135,50.7,49.8,37.8 / 139,37.3 / 135
17793,TX,Combo $/II,M,71,73.8,98.8,135,37.1,36.7,37.1,137,36.7,132,49.8,49.0,37.1 / 137,36.7 / 132
17793,TX,II,M,71,72.5,97.1,133,36.5,36.0,36.5,135,36.0,130,49.0,48.1,36.5 / 135,36.0 / 130
17793,TX,Combo II/III,M,71,70.5,95.1,132,35.5,35.0,35.5,133,35.0,131,47.9,47.2,35.5 / 133,35.0 / 131
17793,TX,III,M,71,68.9,92.7,128,34.3,34.6,34.3,126,34.6,130,46.0,46.7,34.3 / 126,34.6 / 130
17793,TX,Combo III/IV,M,71,66.7,89.7,124,33.3,33.4,33.3,122,33.4,126,44.6,45.1,33.3 / 122,33.4 / 126
17793,TX,IV,M,71,64.7,86.9,120,32.3,32.4,32.3,117,32.4,122,43.2,43.7,32.3 / 117,32.4 / 122
17793,TX,II,F,71,79.3,113.4,145,39.9,39.4,39.9,148,39.4,141,57.4,56.0,39.9 / 148,39.4 / 141
17793,TX,III,F,71,74.6,106.4,135,37.2,37.4,37.2,137,37.4,133,53.3,53.1,37.2 / 137,37.4 / 133
17793,TX,Combo III/IV,F,71,71.7,101.4,126,35.9,35.8,35.9,126,35.8,126,50.8,50.6,35.9 / 126,35.8 / 126
17793,TX,IV,F,71,69.1,97.2,119,34.6,34.5,34.6,121,34.5,117,48.9,48.3,34.6 / 121,34.5 / 117
17792,TX,$,M,72,75.0,100.3,136,37.2,37.8,37.2,133,37.8,139,49.6,50.7,37.2 / 133,37.8 / 139
17792,TX,Combo $/II,M,72,73.3,98.2,134,36.5,36.8,36.5,136,36.8,132,49.1,49.1,36.5 / 136,36.8 / 132
17792,TX,II,M,72,72.6,98.0,137,36.1,36.5,36.1,139,36.5,135,49.0,49.0,36.1 / 139,36.5 / 135
17792,TX,Combo II/III,M,72,70.8,95.8,135,35.3,35.5,35.3,136,35.5,133,47.9,47.9,35.3 / 136,35.5 / 133
17792,TX,III,M,72,68.6,91.9,126,34.3,34.3,34.3,125,34.3,126,45.9,46.0,34.3 / 125,34.3 / 126
17792,TX,Combo III/IV,M,72,66.3,87.0,112,33.4,32.9,33.4,112,32.9,111,43.8,43.2,33.4 / 112,32.9 / 111
17792,TX,IV,M,72,65.0,84.9,107,32.4,32.6,32.4,104,32.6,110,42.1,42.8,32.4 / 104,32.6 / 110
17792,TX,II,F,73,79.4,113.7,145,39.5,39.9,39.5,142,39.9,148,56.3,57.4,39.5 / 142,39.9 / 148
17792,TX,III,F,72,74.9,107.0,137,37.7,37.2,37.7,136,37.2,137,53.7,53.3,37.7 / 136,37.2 / 137
17792,TX,Combo III/IV,F,72,73.0,104.1,131,36.5,36.5,36.5,131,36.5,131,51.9,51.9,36.5 / 131,36.5 / 131
17792,TX,IV,F,72,70.0,98.8,122,35.4,34.6,35.4,123,34.6,121,49.9,48.9,35.4 / 123,34.6 / 121
17794,TX,$,M,71,74.5,99.3,134,37.3,37.2,37.3,135,37.2,133,49.8,49.5,37.3 / 135,37.2 / 133
17794,TX,Combo $/II,M,71,73.2,98.1,134,36.7,36.5,36.7,132,36.5,136,49.0,49.1,36.7 / 132,36.5 / 136
17794,TX,II,M,71,72.1,97.1,135,36.0,36.1,36.0,130,36.1,139,48.1,49.0,36.0 / 130,36.1 / 139
17794,TX,Combo II/III,M,71,70.3,95.1,134,35.0,35.3,35.0,131,35.3,136,47.2,47.9,35.0 / 131,35.3 / 136
17794,TX,III,M,71,68.9,92.5,127,34.6,34.3,34.6,130,34.3,124,46.7,45.8,34.6 / 130,34.3 / 124
17794,TX,Combo III/IV,M,71,66.2,87.0,112,32.8,33.4,32.8,111,33.4,113,43.1,43.9,32.8 / 111,33.4 / 113
17794,TX,IV,M,71,64.8,85.8,113,32.4,32.4,32.4,122,32.4,104,43.7,42.1,32.4 / 122,32.4 / 104
17794,TX,II,F,71,78.9,112.3,142,39.4,39.5,39.4,141,39.5,142,56.0,56.3,39.4 / 141,39.5 / 142
17794,TX,III,F,71,75.1,106.8,135,37.4,37.7,37.4,133,37.7,136,53.1,53.7,37.4 / 133,37.7 / 136
17794,TX,Combo III/IV,F,71,71.5,100.5,123,35.0,36.5,35.0,116,36.5,130,48.7,51.8,35.0 / 116,36.5 / 130
17794,TX,IV,F,71,69.9,98.1,120,34.5,35.4,34.5,117,35.4,122,48.3,49.8,34.5 / 117,35.4 / 122
4587,TX,Blue,M,72,72.2,95.7,127,36.6,35.6,36.6,130,35.6,123,48.7,47.0,36.6 / 130,35.6 / 123
4587,TX,Black,M,72,70.1,92.9,123,35.5,34.6,35.5,126,34.6,119,47.2,45.7,35.5 / 126,34.6 / 119
4587,TX,Gold,M,72,65.4,86.0,110,33.0,32.4,33.0,110,32.4,110,43.3,42.7,33.0 / 110,32.4 / 110
4587,TX,Red,M,72,64.7,84.5,107,32.6,32.1,32.6,107,32.1,107,42.5,42.0,32.6 / 107,32.1 / 107
4587,TX,Blue,F,72,79.1,112.2,140,40.1,39.0,40.1,142,39.0,138,56.9,55.3,40.1 / 142,39.0 / 138
4587,TX,Black,F,72,76.4,108.1,135,38.7,37.7,38.7,138,37.7,131,55.0,53.1,38.7 / 138,37.7 / 131
4587,TX,Gold,F,72,70.7,99.9,124,35.5,35.2,35.5,126,35.2,122,50.3,49.6,35.5 / 126,35.2 / 122
4587,TX,Red,F,72,69.7,98.0,120,35.0,34.7,35.0,122,34.7,118,49.4,48.6,35.0 / 122,34.7 / 118
31884,TX,Black,M,72,74.1,99.2,135,37.1,37.0,37.1,132,37.0,138,49.4,49.8,37.1 / 132,37.0 / 138
31884,TX,Black/Blue,M,72,73.7,98.5,134,36.6,37.1,36.6,136,37.1,131,49.2,49.3,36.6 / 136,37.1 / 131
31884,TX,Blue,M,72,72.3,96.7,132,36.1,36.2,36.1,128,36.2,135,48.0,48.7,36.1 / 128,36.2 / 135
31884,TX,Blue/White,M,72,71.7,95.8,130,35.6,36.1,35.6,131,36.1,128,47.8,48.0,35.6 / 131,36.1 / 128
31884,TX,White,M,72,70.5,94.4,129,35.0,35.5,35.0,130,35.5,127,47.1,47.3,35.0 / 130,35.5 / 127
31884,TX,White/Gold,M,72,69.2,92.3,126,34.3,34.9,34.3,126,34.9,124,46.0,46.3,34.3 / 126,34.9 / 124
31884,TX,Gold,M,72,67.8,91.0,125,33.7,34.1,33.7,128,34.1,122,45.6,45.4,33.7 / 128,34.1 / 122
31884,TX,Gold/Green,M,72,66.9,89.1,120,33.0,33.9,33.0,121,33.9,118,44.2,44.9,33.0 / 121,33.9 / 118
31884,TX,Green,M,72,65.2,86.2,113,32.4,32.8,32.4,113,32.8,113,42.9,43.3,32.4 / 113,32.8 / 113
31884,TX,Green/Orange,M,72,62.5,83.3,112,31.1,31.4,31.1,113,31.4,111,41.6,41.7,31.1 / 113,31.4 / 111
31884,TX,Orange,M,72,60.0,79.6,106,30.0,30.0,30.0,107,30.0,104,39.9,39.7,30.0 / 107,30.0 / 104
31884,TX,Interior Nine - Black,M,36,37.4,50.0,136,37.4,,37.4,136,,,50.0,,37.4 / 136,/
31884,TX,Interior Nine - Blue,M,36,36.4,48.6,131,36.4,,36.4,131,,,48.6,,36.4 / 131,/
31884,TX,Interior Nine - White,M,36,35.5,47.3,127,35.5,,35.5,127,,,47.3,,35.5 / 127,/
31884,TX,Interior Nine - Gold,M,36,34.2,45.6,123,34.2,,34.2,123,,,45.6,,34.2 / 123,/
31884,TX,Interior Nine - Green,M,36,32.5,43.3,116,32.5,,32.5,116,,,43.3,,32.5 / 116,/
31884,TX,Black,F,72,81.0,116.1,149,40.4,40.6,40.4,148,40.6,150,57.8,58.3,40.4 / 148,40.6 / 150
31884,TX,Black/Blue,F,72,80.0,114.6,147,39.8,40.2,39.8,145,40.2,148,56.9,57.7,39.8 / 145,40.2 / 148
31884,TX,Blue,F,72,78.6,112.6,144,39.2,39.4,39.2,142,39.4,146,56.0,56.6,39.2 / 142,39.4 / 146
31884,TX,Blue/White,F,72,77.7,111.1,142,38.6,39.1,38.6,140,39.1,143,55.1,56.0,38.6 / 140,39.1 / 143
31884,TX,White,F,72,76.2,108.9,139,37.9,38.3,37.9,137,38.3,141,54.0,54.9,37.9 / 137,38.3 / 141
31884,TX,White/Gold,F,72,74.6,106.5,135,37.0,37.6,37.0,133,37.6,137,52.7,53.8,37.0 / 133,37.6 / 137
31884,TX,Gold,F,72,73.3,104.8,134,36.6,36.7,36.6,131,36.7,137,52.0,52.8,36.6 / 131,36.7 / 137
31884,TX,Gold/Green,F,72,71.7,102.3,130,35.4,36.3,35.4,126,36.3,133,50.3,52.0,35.4 / 126,36.3 / 133
31884,TX,Green,F,72,70.0,98.5,121,34.8,35.2,34.8,119,35.2,123,48.8,49.7,34.8 / 119,35.2 / 123
31884,TX,Green/Orange,F,72,66.5,94.3,118,33.0,33.5,33.0,116,33.5,120,46.7,47.6,33.0 / 116,33.5 / 120
31884,TX,Orange,F,72,62.5,88.2,109,31.3,31.2,31.3,108,31.2,110,44.0,44.2,31.3 / 108,31.2 / 110
31884,TX,Interior Nine - Black,F,36,40.7,58.4,150,40.7,,40.7,150,,,58.4,,40.7 / 150,/
31884,TX,Interior Nine - Blue,F,36,39.5,56.6,145,39.5,,39.5,145,,,56.6,,39.5 / 145,/
31884,TX,Interior Nine - White,F,36,38.3,54.9,141,38.3,,38.3,141,,,54.9,,38.3 / 141,/
31884,TX,Interior Nine - Gold,F,36,36.8,52.6,134,36.8,,36.8,134,,,52.6,,36.8 / 134,/
31884,TX,Interior Nine - Green,F,36,34.8,49.6,126,34.8,,34.8,126,,,49.6,,34.8 / 126,/
4251,TX,Black,M,72,74.4,99.7,136,36.9,37.5,36.9,132,37.5,140,49.2,50.5,36.9 / 132,37.5 / 140
4251,TX,Blue,M,72,72.0,96.6,132,35.9,36.1,35.9,128,36.1,136,47.8,48.8,35.9 / 128,36.1 / 136
4251,TX,White,M,72,70.2,94.1,128,35.0,35.2,35.0,129,35.2,127,47.0,47.1,35.0 / 129,35.2 / 127
4251,TX,Gold,M,72,68.6,91.2,122,34.2,34.4,34.2,119,34.4,124,45.3,45.9,34.2 / 119,34.4 / 124
4251,TX,Green,M,72,65.1,86.7,117,32.2,32.9,32.2,112,32.9,121,42.6,44.1,32.2 / 112,32.9 / 121
4251,TX,White,F,72,75.3,107.2,136,37.0,38.3,37.0,134,38.3,137,52.8,54.4,37.0 / 134,38.3 / 137
4251,TX,Gold,F,72,74.3,105.8,133,36.8,37.5,36.8,132,37.5,134,52.4,53.4,36.8 / 132,37.5 / 134
4251,TX,Green,F,72,70.4,98.4,119,34.8,35.6,34.8,114,35.6,123,48.3,50.1,34.8 / 114,35.6 / 123
4252,TX,Black,M,72,74.6,99.8,136,37.7,36.9,37.7,139,36.9,132,50.6,49.2,37.7 / 139,36.9 / 132
4252,TX,Blue,M,72,72.5,96.9,132,36.6,35.9,36.6,135,35.9,128,49.1,47.8,36.6 / 135,35.9 / 128
4252,TX,White,M,72,70.7,94.6,129,35.7,35.0,35.7,129,35.0,129,47.6,47.0,35.7 / 129,35.0 / 129
4252,TX,Gold,M,72,69.2,92.1,123,35.0,34.2,35.0,127,34.2,119,46.8,45.3,35.0 / 127,34.2 / 119
4252,TX,Green,M,72,65.9,87.9,119,33.7,32.2,33.7,125,32.2,112,45.3,42.6,33.7 / 125,32.2 / 112
4252,TX,White,F,72,75.4,107.6,137,38.4,37.0,38.4,139,37.0,134,54.8,52.8,38.4 / 139,37.0 / 134
4252,TX,Gold,F,72,74.5,106.0,134,37.7,36.8,37.7,135,36.8,132,53.6,52.4,37.7 / 135,36.8 / 132
4252,TX,Green,F,72,71.2,99.4,120,36.4,34.8,36.4,126,34.8,114,51.1,48.3,36.4 / 126,34.8 / 114
4250,TX,Black,M,72,75.2,101.1,140,37.5,37.7,37.5,140,37.7,139,50.5,50.6,37.5 / 140,37.7 / 139
4250,TX,Blue,M,72,72.7,97.8,136,36.1,36.6,36.1,136,36.6,135,48.7,49.1,36.1 / 136,36.6 / 135
4250,TX,White,M,72,70.9,94.7,128,35.2,35.7,35.2,127,35.7,129,47.0,47.7,35.2 / 127,35.7 / 129
4250,TX,Gold,M,72,69.4,92.7,126,34.4,35.0,34.4,124,35.0,127,45.9,46.8,34.4 / 124,35.0 / 127
4250,TX,Green,M,72,66.6,89.4,123,32.9,33.7,32.9,121,33.7,125,44.1,45.3,32.9 / 121,33.7 / 125
4250,TX,White,F,72,76.7,109.2,138,38.3,38.4,38.3,137,38.4,139,54.4,54.8,38.3 / 137,38.4 / 139
4250,TX,Gold,F,72,75.2,106.9,135,37.5,37.7,37.5,134,37.7,135,53.3,53.6,37.5 / 134,37.7 / 135
4250,TX,Green,F,72,72.0,101.4,125,35.6,36.4,35.6,123,36.4,126,50.1,51.3,35.6 / 123,36.4 / 126
4248,TX,Black,M,72,75.3,102.0,144,37.6,37.7,37.6,143,37.7,144,50.9,51.1,37.6 / 143,37.7 / 144
4248,TX,Blue,M,72,73.3,99.2,140,36.5,36.8,36.5,139,36.8,140,49.4,49.8,36.5 / 139,36.8 / 140
4248,TX,Blue/White Combo,M,72,72.5,97.9,137,36.1,36.4,36.1,136,36.4,138,48.7,49.2,36.1 / 136,36.4 / 138
4248,TX,White,M,72,71.2,96.2,135,35.6,35.6,35.6,135,35.6,135,48.1,48.1,35.6 / 135,35.6 / 135
4248,TX,Gold,M,72,69.2,93.4,130,34.4,34.8,34.4,128,34.8,132,46.3,47.1,34.4 / 128,34.8 / 132
4248,TX,Green,M,72,65.3,88.3,124,32.6,32.7,32.6,122,32.7,126,43.9,44.4,32.6 / 122,32.7 / 126
4248,TX,Black,F,72,82.2,119.1,153,41.1,41.1,41.1,151,41.1,155,58.9,60.2,41.1 / 151,41.1 / 155
4248,TX,Blue,F,72,79.7,114.8,149,39.7,40.0,39.7,146,40.0,152,56.9,57.9,39.7 / 146,40.0 / 152
4248,TX,Blue/White Combo,F,72,78.9,113.7,148,39.3,39.6,39.3,144,39.6,151,56.3,57.4,39.3 / 144,39.6 / 151
4248,TX,White,F,72,77.0,111.2,145,38.7,38.3,38.7,142,38.3,148,55.4,55.8,38.7 / 142,38.3 / 148
4248,TX,Gold,F,72,75.0,108.0,140,37.3,37.7,37.3,135,37.7,145,53.2,54.8,37.3 / 135,37.7 / 145
4248,TX,Green,F,72,69.9,99.7,127,34.9,35.0,34.9,125,35.0,128,49.6,50.1,34.9 / 125,35.0 / 128
4249,TX,Black,M,72,75.1,101.3,141,37.7,37.4,37.7,142,37.4,140,50.9,50.4,37.7 / 142,37.4 / 140
4249,TX,Black/Blue,M,72,74.2,100.1,140,37.1,37.1,37.1,140,37.1,139,50.1,50.0,37.1 / 140,37.1 / 139
4249,TX,Blue,M,72,73.3,98.4,136,36.7,36.6,36.7,136,36.6,135,49.3,49.1,36.7 / 136,36.6 / 135
4249,TX,Blue/White,M,72,72.3,98.2,135,36.0,36.3,36.0,136,36.3,135,48.6,48.8,36.0 / 136,36.3 / 135
4249,TX,White,M,72,71.8,96.3,132,35.8,36.0,35.8,133,36.0,130,48.2,48.1,35.8 / 133,36.0 / 130
4249,TX,White/Gold,M,72,70.4,94.7,131,35.1,35.3,35.1,133,35.3,128,47.5,47.2,35.1 / 133,35.3 / 128
4249,TX,Gold,M,72,68.7,92.5,128,34.6,34.1,34.6,129,34.1,127,46.6,45.9,34.6 / 129,34.1 / 127
4249,TX,Gold/Green,M,72,67.5,90.9,126,33.9,33.6,33.9,127,33.6,125,45.7,45.2,33.9 / 127,33.6 / 125
4249,TX,Green,M,72,66.5,89.5,124,33.2,33.3,33.2,125,33.3,123,44.8,44.7,33.2 / 125,33.3 / 123
4249,TX,Black,F,73,82.0,117.2,150,41.5,40.5,41.5,152,40.5,147,59.4,57.8,41.5 / 152,40.5 / 147
4249,TX,Black/Blue,F,73,80.9,116.4,149,40.8,40.1,40.8,151,40.1,146,58.6,57.3,40.8 / 151,40.1 / 146
4249,TX,Blue,F,73,79.7,113.9,145,40.2,39.5,40.2,148,39.5,142,57.6,56.3,40.2 / 148,39.5 / 142
4249,TX,Blue/White,F,73,78.8,113.2,144,39.6,39.2,39.6,146,39.2,142,56.8,56.0,39.6 / 146,39.2 / 142
4249,TX,White,F,73,77.9,111.1,141,39.1,38.8,39.1,142,38.8,139,55.9,55.2,39.1 / 142,38.8 / 139
4249,TX,White/Gold,F,73,76.4,109.6,139,38.3,38.1,38.3,140,38.1,136,54.8,54.1,38.3 / 140,38.1 / 136
4249,TX,Gold,F,73,74.7,106.5,135,37.7,37.0,37.7,137,37.0,132,53.9,52.6,37.7 / 137,37.0 / 132
4249,TX,Gold/Green,F,73,73.1,104.5,134,36.8,36.3,36.8,136,36.3,131,52.8,51.7,36.8 / 136,36.3 / 131
4249,TX,Green,F,73,72.0,102.7,130,36.1,35.9,36.1,132,35.9,128,51.7,51.0,36.1 / 132,35.9 / 128
31881,TX,Black,M,72,74.0,99.2,136,36.8,37.2,36.8,129,37.2,142,48.8,50.4,36.8 / 129,37.2 / 142
31881,TX,Black/Blue,M,72,73.5,98.4,134,36.6,36.9,36.6,127,36.9,141,48.4,50.0,36.6 / 127,36.9 / 141
31881,TX,Blue,M,72,72.3,96.6,131,35.9,36.4,35.9,125,36.4,137,47.5,49.1,35.9 / 125,36.4 / 137
31881,TX,Blue/White,M,72,71.6,95.7,130,35.6,36.0,35.6,123,36.0,137,47.0,48.7,35.6 / 123,36.0 / 137
31881,TX,White,M,72,70.1,93.9,129,34.9,35.2,34.9,122,35.2,135,46.2,47.7,34.9 / 122,35.2 / 135
31881,TX,White/Gold,M,72,69.3,92.7,126,34.7,34.6,34.7,121,34.6,131,45.9,46.8,34.7 / 121,34.6 / 131
31881,TX,Gold,M,72,68.9,91.5,122,34.3,34.6,34.3,119,34.6,124,45.4,46.1,34.3 / 119,34.6 / 124
31881,TX,Gold/Green,M,72,67.6,90.5,121,33.8,33.8,33.8,117,33.8,127,44.7,45.6,33.8 / 117,33.8 / 127
31881,TX,Green,M,72,66.5,87.3,112,33.1,33.4,33.1,112,33.4,112,43.5,43.8,33.1 / 112,33.4 / 112
31881,TX,Green/Orange,M,72,64.5,86.1,110,32.2,32.3,32.2,108,32.3,113,42.2,42.8,32.2 / 108,32.3 / 113
31881,TX,Orange,M,72,61.1,81.1,108,30.8,30.3,30.8,104,30.3,111,40.5,40.6,30.8 / 104,30.3 / 111
31881,TX,Interior Nine - Black,M,36,37.0,49.4,133,37.0,,37.0,133,,,49.4,,37.0 / 133,/
31881,TX,Interior Nine - Blue,M,36,36.2,48.2,129,36.2,,36.2,129,,,48.2,,36.2 / 129,/
31881,TX,Interior Nine - White,M,36,35.1,46.9,127,35.1,,35.1,127,,,46.9,,35.1 / 127,/
31881,TX,Interior Nine - Gold,M,36,34.2,45.7,124,34.2,,34.2,124,,,45.7,,34.2 / 124,/
31881,TX,Interior Nine - Green,M,36,33.2,44.3,119,33.2,,33.2,119,,,44.3,,33.2 / 119,/
31881,TX,Black,F,72,80.7,114.1,142,39.9,40.8,39.9,138,40.8,145,56.2,57.9,39.9 / 138,40.8 / 145
31881,TX,Black/Blue,F,72,79.9,113.0,140,39.5,40.4,39.5,137,40.4,143,55.7,57.3,39.5 / 137,40.4 / 143
31881,TX,Blue,F,72,78.3,110.7,138,38.7,39.6,38.7,134,39.6,141,54.5,56.2,38.7 / 134,39.6 / 141
31881,TX,Blue/White,F,72,77.5,109.4,135,38.3,39.2,38.3,131,39.2,139,53.8,55.6,38.3 / 131,39.2 / 139
31881,TX,White,F,72,75.8,107.2,134,37.4,38.4,37.4,131,38.4,136,52.8,54.4,37.4 / 131,38.4 / 136
31881,TX,White/Gold,F,72,74.8,105.4,132,37.1,37.7,37.1,129,37.7,132,52.3,53.3,37.1 / 129,37.7 / 132
31881,TX,Gold,F,72,73.9,104.8,131,36.6,37.3,36.6,129,37.3,133,51.8,53.0,36.6 / 129,37.3 / 133
31881,TX,Gold/Green,F,72,72.8,102.4,126,36.1,36.7,36.1,122,36.7,129,50.5,51.9,36.1 / 122,36.7 / 129
31881,TX,Green,F,72,71.1,99.9,123,35.2,35.9,35.2,119,35.9,126,49.2,50.7,35.2 / 119,35.9 / 126
31881,TX,Green/Orange,F,72,69.0,96.7,117,34.2,34.8,34.2,114,34.8,120,47.7,49.0,34.2 / 114,34.8 / 120
31881,TX,Orange,F,72,63.8,89.2,108,32.1,31.7,32.1,105,31.7,110,44.5,44.7,32.1 / 105,31.7 / 110
31881,TX,Interior Nine - Black,F,36,40.3,56.9,141,40.3,,40.3,141,,,56.9,,40.3 / 141,/
31881,TX,Interior Nine - Blue,F,36,39.1,55.1,136,39.1,,39.1,136,,,55.1,,39.1 / 136,/
31881,TX,Interior Nine - White,F,36,37.8,53.2,131,37.8,,37.8,131,,,53.2,,37.8 / 131,/
31881,TX,Interior Nine - Gold,F,36,36.8,51.6,126,36.8,,36.8,126,,,51.6,,36.8 / 126,/
31881,TX,Interior Nine - Green,F,36,35.5,49.7,120,35.5,,35.5,120,,,49.7,,35.5 / 120,/
4460,TX,Blue,M,71,71.4,95.2,128,35.2,36.2,35.2,130,36.2,126,47.3,47.9,35.2 / 130,36.2 / 126
4460,TX,White,M,71,69.4,92.4,124,34.1,35.3,34.1,125,35.3,123,45.7,46.7,34.1 / 125,35.3 / 123
4460,TX,Red,M,72,65.7,87.5,118,32.8,32.9,32.8,122,32.9,113,44.1,43.4,32.8 / 122,32.9 / 113
4460,TX,Black,M,71,64.9,86.2,115,32.7,32.2,32.7,119,32.2,110,43.8,42.4,32.7 / 119,32.2 / 110
4460,TX,Red,F,72,70.5,98.8,120,35.5,35.0,35.5,126,35.0,114,50.3,48.5,35.5 / 126,35.0 / 114
4460,TX,Black,F,71,69.2,97.0,118,35.1,34.1,35.1,125,34.1,111,49.8,47.2,35.1 / 125,34.1 / 111
4418,TX,Black,M,71,72.1,95.4,126,36.3,35.8,36.3,126,35.8,125,48.0,47.4,36.3 / 126,35.8 / 125
4418,TX,White,M,71,69.9,92.5,122,35.1,34.8,35.1,122,34.8,122,46.4,46.1,35.1 / 122,34.8 / 122
4418,TX,Yellow,M,71,66.7,86.8,109,33.7,33.0,33.7,109,33.0,108,43.8,43.0,33.7 / 109,33.0 / 108
4418,TX,Red,M,71,63.9,83.2,104,32.5,31.4,32.5,108,31.4,100,42.5,40.7,32.5 / 108,31.4 / 100
4418,TX,Black,F,71,79.0,111.2,137,39.6,39.4,39.6,140,39.4,133,56.1,55.1,39.6 / 140,39.4 / 133
4418,TX,White,F,71,76.2,107.7,134,38.4,37.8,38.4,134,37.8,133,54.2,53.5,38.4 / 134,37.8 / 133
4418,TX,Yellow,F,71,72.1,101.7,126,36.3,35.8,36.3,128,35.8,123,51.4,50.3,36.3 / 128,35.8 / 123
4418,TX,Red,F,71,68.8,96.1,116,35.3,33.5,35.3,116,33.5,115,49.0,47.1,35.3 / 116,33.5 / 115
35651,TX,White / Blue,M,72,69.2,90.6,115,34.8,34.4,34.8,117,34.4,113,45.7,44.9,34.8 / 117,34.4 / 113
35651,TX,Gold / Gold,M,72,65.8,86.4,111,32.9,32.9,32.9,111,32.9,111,43.2,43.2,32.9 / 111,32.9 / 111
35651,TX,White,M,36,34.8,45.7,117,34.8,,34.8,117,,,45.7,,34.8 / 117,/
35651,TX,Blue,M,36,34.4,44.9,113,34.4,,34.4,113,,,44.9,,34.4 / 113,/
35651,TX,Gold,M,36,32.9,43.2,111,32.9,,32.9,111,,,43.2,,32.9 / 111,/
35651,TX,Red,M,36,31.6,41.2,103,31.6,,31.6,103,,,41.2,,31.6 / 103,/
35651,TX,White / Blue,F,72,74.2,103.8,126,37.4,36.8,37.4,127,36.8,124,52.4,51.4,37.4 / 127,36.8 / 124
35651,TX,Gold / Gold,F,72,71.0,98.6,117,35.5,35.5,35.5,117,35.5,117,49.3,49.3,35.5 / 117,35.5 / 117
35651,TX,White,F,36,37.4,52.4,127,37.4,,37.4,127,,,52.4,,37.4 / 127,/
35651,TX,Blue,F,36,36.8,51.4,124,36.8,,36.8,124,,,51.4,,36.8 / 124,/
35651,TX,Gold,F,36,35.5,49.3,117,35.5,,35.5,117,,,49.3,,35.5 / 117,/
35651,TX,Red,F,36,34.1,47.2,111,34.1,,34.1,111,,,47.2,,34.1 / 111,/
