course_id,state,tee_name,gender,par,course_rating,bogey_rating,slope_rating,rating_f9,rating_b9,front9_rating,front9_slope,back9_rating,back9_slope,bogey_f9,bogey_b9,front9_raw,back9_raw
36893,SC,Navy,M,70,74.6,101.3,144,37.7,36.9,37.7,144,36.9,143,51.1,50.2,37.7 / 144,36.9 / 143
36893,SC,Sky,M,70,71.5,97.0,138,36.2,35.3,36.2,138,35.3,137,49.0,48.0,36.2 / 138,35.3 / 137
36893,SC,White,M,70,68.6,92.4,128,34.7,33.9,34.7,130,33.9,126,46.8,45.6,34.7 / 130,33.9 / 126
36893,SC,El Bocaron,M,69,65.6,87.5,118,32.8,32.8,32.8,121,32.8,115,44.0,43.5,32.8 / 121,32.8 / 115
36893,SC,Forward,M,69,62.0,82.4,110,31.1,30.9,31.1,112,30.9,108,41.5,40.9,31.1 / 112,30.9 / 108
36893,SC,Sky,F,70,78.0,112.0,144,39.5,38.5,39.5,148,38.5,140,57.0,55.0,39.5 / 148,38.5 / 140
36893,SC,White,F,70,74.6,106.9,137,37.6,37.0,37.6,142,37.0,132,54.3,52.6,37.6 / 142,37.0 / 132
36893,SC,El Bocaron,F,69,71.3,101.9,130,35.9,35.4,35.9,130,35.4,130,51.2,50.7,35.9 / 130,35.4 / 130
36893,SC,Forward,F,69,65.8,92.9,115,33.2,32.6,33.2,115,32.6,114,46.8,46.1,33.2 / 115,32.6 / 114
34271,SC,Tippy Tees,M,27,27.2,34.8,82,27.2,,27.2,82,,,34.8,,27.2 / 82,/
34271,SC,3's Tees,M,27,26.3,33.4,76,26.3,,26.3,76,,,33.4,,26.3 / 76,/
34271,SC,Fun Tees,M,27,25.2,31.5,68,25.2,,25.2,68,,,31.5,,25.2 / 68,/
34271,SC,Tippy Tees,F,27,28.5,38.5,85,28.5,,28.5,85,,,38.5,,28.5 / 85,/
34271,SC,3's Tees,F,27,27.6,37.2,81,27.6,,27.6,81,,,37.2,,27.6 / 81,/
34271,SC,Fun Tees,F,27,26.4,35.0,73,26.4,,26.4,73,,,35.0,,26.4 / 73,/
8252,SC,Blue,M,72,72.3,98.1,139,36.7,35.6,36.7,143,35.6,135,50.0,48.1,36.7 / 143,35.6 / 135
8252,SC,White,M,72,69.1,93.0,129,34.9,34.2,34.9,129,34.2,128,46.9,46.1,34.9 / 129,34.2 / 128
8252,SC,Gold,M,72,66.8,88.7,118,33.6,33.2,33.6,114,33.2,122,44.2,44.5,33.6 / 114,33.2 / 122
8252,SC,Red,M,72,63.1,83.4,109,31.8,31.3,31.8,105,31.3,113,41.6,41.8,31.8 / 105,31.3 / 113
8252,SC,White,F,72,74.8,107.1,137,37.7,37.1,37.7,139,37.1,135,54.1,53.0,37.7 / 139,37.1 / 135
8252,SC,Gold,F,72,71.9,102.7,131,36.1,35.8,36.1,131,35.8,131,51.5,51.2,36.1 / 131,35.8 / 131
8252,SC,Red,F,72,67.2,94.3,115,34.0,33.2,34.0,115,33.2,114,47.6,46.7,34.0 / 115,33.2 / 114
8065,SC,Tournament,M,70,69.0,92.2,125,34.9,34.1,34.9,128,34.1,122,46.8,45.4,34.9 / 128,34.1 / 122
8065,SC,Medal Tee,M,70,68.3,91.1,123,34.3,34.0,34.3,125,34.0,121,45.9,45.2,34.3 / 125,34.0 / 121
8065,SC,Mid Tee,M,70,66.4,88.6,119,33.3,33.1,33.3,119,33.1,119,44.4,44.2,33.3 / 119,33.1 / 119
8065,SC,Fore Tee,M,70,63.5,84.2,112,31.7,31.8,31.7,111,31.8,112,42.0,42.2,31.7 / 111,31.8 / 112
8065,SC,Tournament,F,71,74.4,107.2,139,38.1,36.3,38.1,146,36.3,132,55.3,51.9,38.1 / 146,36.3 / 132
8065,SC,Medal,F,71,73.5,105.8,137,37.3,36.2,37.3,142,36.2,132,54.0,51.8,37.3 / 142,36.2 / 132
8065,SC,Mid Tee,F,71,71.5,102.0,130,36.2,35.3,36.2,131,35.3,128,51.6,50.4,36.2 / 131,35.3 / 128
8065,SC,Fore Tee,F,71,67.6,95.3,118,33.9,33.7,33.9,118,33.7,117,47.8,47.5,33.9 / 118,33.7 / 117
8346,SC,Black,M,72,73.1,100.2,146,36.2,36.9,36.2,143,36.9,149,49.5,50.7,36.2 / 143,36.9 / 149
8346,SC,Blue,M,72,71.6,97.6,140,35.6,36.0,35.6,138,36.0,142,48.4,49.2,35.6 / 138,36.0 / 142
8346,SC,White,M,72,69.3,94.4,135,34.8,34.5,34.8,137,34.5,133,47.5,46.9,34.8 / 137,34.5 / 133
8346,SC,Gold,M,72,67.6,91.0,126,34.0,33.6,34.0,127,33.6,125,45.8,45.2,34.0 / 127,33.6 / 125
8346,SC,Red,M,72,65.3,87.1,117,33.0,32.3,33.0,119,32.3,115,44.1,43.0,33.0 / 119,32.3 / 115
8346,SC,White,F,72,75.2,108.2,140,37.9,37.3,37.9,140,37.3,140,54.4,53.8,37.9 / 140,37.3 / 140
8346,SC,Gold,F,72,72.9,104.0,132,36.6,36.3,36.6,133,36.3,131,52.3,51.7,36.6 / 133,36.3 / 131
8346,SC,Red,F,72,69.9,99.3,125,35.4,34.5,35.4,127,34.5,122,50.4,48.9,35.4 / 127,34.5 / 122
8360,SC,Blue,M,72,72.0,99.3,147,36.2,35.8,36.2,152,35.8,142,50.3,49.0,36.2 / 152,35.8 / 142
8360,SC,White,M,72,70.0,94.9,134,35.0,35.0,35.0,136,35.0,132,47.6,47.3,35.0 / 136,35.0 / 132
8360,SC,Green,M,72,66.7,88.6,118,33.5,33.2,33.5,117,33.2,118,44.4,44.2,33.5 / 117,33.2 / 118
8360,SC,Red,M,72,63.8,84.6,112,32.0,31.8,32.0,111,31.8,113,42.3,42.3,32.0 / 111,31.8 / 113
8360,SC,Green,F,72,71.6,104.0,138,35.7,35.9,35.7,146,35.9,129,52.9,51.1,35.7 / 146,35.9 / 129
8360,SC,Red,F,72,67.5,96.4,123,33.7,33.8,33.7,121,33.8,124,48.0,48.4,33.7 / 121,33.8 / 124
8358,SC,Blue,M,72,72.0,98.2,141,35.8,36.2,35.8,142,36.2,140,49.0,49.2,35.8 / 142,36.2 / 140
8358,SC,White,M,72,70.0,94.2,130,35.0,35.0,35.0,132,35.0,128,47.3,46.9,35.0 / 132,35.0 / 128
8358,SC,Green,M,72,66.2,87.9,117,33.2,33.0,33.2,118,33.0,115,44.2,43.7,33.2 / 118,33.0 / 115
8358,SC,Red,M,72,63.3,83.9,111,31.8,31.5,31.8,113,31.5,109,42.3,41.6,31.8 / 113,31.5 / 109
8358,SC,Green,F,72,71.4,101.3,127,35.9,35.5,35.9,129,35.5,125,51.1,50.2,35.9 / 129,35.5 / 125
8358,SC,Red,F,72,67.1,94.9,118,33.8,33.3,33.8,124,33.3,112,48.4,46.5,33.8 / 124,33.3 / 112
8359,SC,Blue,M,72,72.4,99.5,146,36.2,36.2,36.2,140,36.2,152,49.2,50.3,36.2 / 140,36.2 / 152
8359,SC,White,M,72,70.0,94.5,132,35.0,35.0,35.0,128,35.0,136,46.9,47.6,35.0 / 128,35.0 / 136
8359,SC,Green,M,72,66.5,88.1,116,33.0,33.5,33.0,115,33.5,117,43.7,44.4,33.0 / 115,33.5 / 117
8359,SC,Red,M,72,63.5,83.9,110,31.5,32.0,31.5,109,32.0,111,41.6,42.3,31.5 / 109,32.0 / 111
8359,SC,Green,F,72,71.2,103.1,136,35.5,35.7,35.5,125,35.7,146,50.2,52.9,35.5 / 125,35.7 / 146
8359,SC,Red,F,72,67.0,94.5,117,33.3,33.7,33.3,112,33.7,121,46.5,48.0,33.3 / 112,33.7 / 121
13941,SC,Blue,M,72,71.0,94.5,126,35.2,35.8,35.2,119,35.8,133,46.3,48.2,35.2 / 119,35.8 / 133
13941,SC,White,M,72,69.0,91.6,122,34.1,34.9,34.1,119,34.9,124,45.2,46.4,34.1 / 119,34.9 / 124
13941,SC,Gold,M,72,67.1,88.6,116,33.1,34.0,33.1,113,34.0,118,43.6,45.0,33.1 / 113,34.0 / 118
13941,SC,Red,M,72,62.6,82.4,107,31.1,31.5,31.1,105,31.5,108,40.9,41.5,31.1 / 105,31.5 / 108
13941,SC,Silver,M,70,59.5,78.3,101,29.5,30.0,29.5,100,30.0,102,38.8,39.5,29.5 / 100,30.0 / 102
13941,SC,Gold,F,72,72.6,101.6,123,35.9,36.7,35.9,119,36.7,127,49.9,51.7,35.9 / 119,36.7 / 127
13941,SC,Red,F,72,66.8,93.6,114,33.1,33.7,33.1,111,33.7,116,46.2,47.4,33.1 / 111,33.7 / 116
13941,SC,Silver,F,70,61.5,86.0,104,30.4,31.1,30.4,103,31.1,105,42.5,43.5,30.4 / 103,31.1 / 105
8115,SC,Platinum,M,72,75.6,103.2,149,37.7,37.9,37.7,150,37.9,147,51.6,51.6,37.7 / 150,37.9 / 147
8115,SC,Black,M,72,72.4,98.9,143,36.1,36.3,36.1,143,36.3,142,49.4,49.5,36.1 / 143,36.3 / 142
8115,SC,White,M,72,70.0,94.6,132,34.9,35.1,34.9,133,35.1,131,47.3,47.3,34.9 / 133,35.1 / 131
8115,SC,Green,M,72,66.7,89.4,123,33.3,33.4,33.3,121,33.4,124,44.5,44.9,33.3 / 121,33.4 / 124
8115,SC,Gold,M,72,64.6,85.6,113,32.5,32.1,32.5,113,32.1,113,43.0,42.6,32.5 / 113,32.1 / 113
8115,SC,Black,F,72,79.7,113.7,144,39.9,39.8,39.9,142,39.8,146,56.7,57.0,39.9 / 142,39.8 / 146
8115,SC,White,F,72,76.6,109.1,138,38.4,38.2,38.4,137,38.2,139,54.5,54.6,38.4 / 137,38.2 / 139
8115,SC,Green,F,72,73.1,103.7,130,36.6,36.5,36.6,129,36.5,131,51.8,51.9,36.6 / 129,36.5 / 131
8115,SC,Gold,F,72,70.3,99.7,125,35.5,34.8,35.5,125,34.8,125,50.2,49.5,35.5 / 125,34.8 / 125
8148,SC,Platinum,M,71,73.6,101.7,152,36.5,37.1,36.5,152,37.1,151,50.6,51.1,36.5 / 152,37.1 / 151
8148,SC,Black,M,71,70.4,96.7,142,34.9,35.5,34.9,138,35.5,145,47.7,49.0,34.9 / 138,35.5 / 145
8148,SC,White,M,71,67.7,91.4,128,33.7,34.0,33.7,123,34.0,132,45.1,46.3,33.7 / 123,34.0 / 132
8148,SC,Green,M,71,65.7,87.5,117,32.4,33.3,32.4,115,33.3,119,43.1,44.4,32.4 / 115,33.3 / 119
8148,SC,Gold,M,71,64.0,85.0,113,31.8,32.2,31.8,112,32.2,114,42.2,42.8,31.8 / 112,32.2 / 114
8148,SC,Family,M,71,63.6,84.5,113,31.5,32.1,31.5,111,32.1,114,41.8,42.7,31.5 / 111,32.1 / 114
8148,SC,Black,F,74,77.1,111.6,146,38.1,39.0,38.1,144,39.0,148,55.1,56.5,38.1 / 144,39.0 / 148
8148,SC,White,F,71,73.7,106.6,140,36.4,37.3,36.4,138,37.3,141,52.7,53.9,36.4 / 138,37.3 / 141
8148,SC,Green,F,71,70.7,102.2,134,34.8,35.9,34.8,129,35.9,138,50.0,52.2,34.8 / 129,35.9 / 138
8148,SC,Gold,F,71,68.4,97.8,125,33.9,34.5,33.9,120,34.5,129,48.1,49.7,33.9 / 120,34.5 / 129
8148,SC,Family,F,71,67.7,97.1,125,33.4,34.3,33.4,120,34.3,129,47.6,49.5,33.4 / 120,34.3 / 129
8146,SC,Platinum,M,72,74.7,101.1,142,37.1,37.6,37.1,137,37.6,147,49.8,51.3,37.1 / 137,37.6 / 147
8146,SC,Black,M,72,72.5,98.1,138,36.1,36.4,36.1,133,36.4,142,48.5,49.6,36.1 / 133,36.4 / 142
8146,SC,White,M,72,70.0,94.7,133,34.9,35.1,34.9,129,35.1,137,46.9,47.8,34.9 / 129,35.1 / 137
8146,SC,Green,M,72,67.7,91.2,127,33.7,34.0,33.7,123,34.0,130,45.1,46.1,33.7 / 123,34.0 / 130
8146,SC,Gold,M,72,65.7,87.9,120,32.5,33.2,32.5,113,33.2,126,43.0,44.9,32.5 / 113,33.2 / 126
8146,SC,Family,M,72,65.4,87.6,120,33.0,32.4,33.0,122,32.4,117,44.3,43.3,33.0 / 122,32.4 / 117
8146,SC,White,F,72,76.0,109.4,142,37.9,38.1,37.9,138,38.1,145,54.2,55.2,37.9 / 138,38.1 / 145
8146,SC,Green,F,72,73.3,105.5,137,36.5,36.8,36.5,132,36.8,141,52.1,53.4,36.5 / 132,36.8 / 141
8146,SC,Gold,F,72,71.5,102.7,132,35.4,36.1,35.4,127,36.1,137,50.4,52.3,35.4 / 127,36.1 / 137
8146,SC,Family,F,72,71.1,101.3,128,36.0,35.1,36.0,130,35.1,126,51.3,50.0,36.0 / 130,35.1 / 126
8147,SC,Platinum,M,72,73.9,99.3,137,36.7,37.2,36.7,137,37.2,137,49.4,49.9,36.7 / 137,37.2 / 137
8147,SC,Black,M,72,71.6,96.2,132,35.7,35.9,35.7,133,35.9,131,48.1,48.1,35.7 / 133,35.9 / 131
8147,SC,White,M,72,68.7,91.8,125,34.2,34.5,34.2,122,34.5,127,45.5,46.3,34.2 / 122,34.5 / 127
8147,SC,Green,M,72,66.1,86.7,111,33.2,32.9,33.2,110,32.9,112,43.4,43.3,33.2 / 110,32.9 / 112
8147,SC,Family,M,70,63.6,84.2,111,32.1,31.5,32.1,110,31.5,112,42.3,41.9,32.1 / 110,31.5 / 112
8147,SC,Gold,M,71,63.3,83.2,108,31.6,31.7,31.6,108,31.7,107,41.6,41.6,31.6 / 108,31.7 / 107
8147,SC,White,F,72,74.1,106.8,139,36.8,37.3,36.8,141,37.3,137,53.4,53.4,36.8 / 141,37.3 / 137
8147,SC,Green,F,72,71.0,101.7,130,35.5,35.5,35.5,129,35.5,131,50.7,51.0,35.5 / 129,35.5 / 131
8147,SC,Family,F,70,69.0,97.6,122,34.7,34.3,34.7,120,34.3,123,48.8,48.8,34.7 / 120,34.3 / 123
8147,SC,Gold,F,71,68.2,96.8,122,34.2,34.0,34.2,120,34.0,123,48.3,48.5,34.2 / 120,34.0 / 123
13632,SC,Blue,M,72,71.6,95.1,127,35.6,36.0,35.6,129,36.0,124,47.6,47.5,35.6 / 129,36.0 / 124
13632,SC,White,M,72,69.6,92.5,124,34.6,35.0,34.6,125,35.0,122,46.2,46.3,34.6 / 125,35.0 / 122
13632,SC,Gold,M,72,67.9,89.6,117,33.8,34.1,33.8,115,34.1,118,44.5,45.1,33.8 / 115,34.1 / 118
13632,SC,Silver,M,72,65.1,85.0,108,32.2,32.9,32.2,108,32.9,107,42.2,42.8,32.2 / 108,32.9 / 107
13632,SC,Red,M,72,62.9,81.5,100,31.1,31.8,31.1,101,31.8,99,40.5,41.0,31.1 / 101,31.8 / 99
13632,SC,Gold,F,72,73.4,103.0,126,36.6,36.8,36.6,126,36.8,125,51.5,51.5,36.6 / 126,36.8 / 125
13632,SC,Silver,F,72,70.1,98.1,119,34.6,35.5,34.6,120,35.5,118,48.7,49.4,34.6 / 120,35.5 / 118
13632,SC,Red,F,72,67.3,94.2,114,33.4,33.9,33.4,114,33.9,114,46.8,47.4,33.4 / 114,33.9 / 114
8274,SC,Black,M,72,73.0,98.4,137,36.2,36.8,36.2,135,36.8,139,48.7,49.7,36.2 / 135,36.8 / 139
8274,SC,Blue,M,72,71.8,96.7,134,35.5,36.3,35.5,132,36.3,136,47.8,48.9,35.5 / 132,36.3 / 136
8274,SC,White,M,72,70.2,94.6,132,35.0,35.2,35.0,127,35.2,136,46.8,47.8,35.0 / 127,35.2 / 136
8274,SC,Gold,M,72,68.5,90.5,119,34.1,34.4,34.1,112,34.4,125,44.5,46.0,34.1 / 112,34.4 / 125
8274,SC,Green,M,72,66.7,87.4,111,33.5,33.2,33.5,104,33.2,118,43.2,44.2,33.5 / 104,33.2 / 118
8274,SC,Family,M,69,62.0,80.8,102,31.3,30.7,31.3,95,30.7,108,40.1,40.7,31.3 / 95,30.7 / 108
8274,SC,Blue,F,72,77.7,111.0,141,38.4,39.3,38.4,140,39.3,142,54.9,56.1,38.4 / 140,39.3 / 142
8274,SC,White,F,72,75.9,108.1,137,37.6,38.3,37.6,136,38.3,137,53.6,54.5,37.6 / 136,38.3 / 137
8274,SC,Gold,F,72,73.3,103.9,130,36.2,37.1,36.2,127,37.1,132,51.2,52.7,36.2 / 127,37.1 / 132
8274,SC,Green,F,72,71.4,101.0,126,35.5,35.9,35.5,123,35.9,128,50.0,51.0,35.5 / 123,35.9 / 128
8274,SC,Family,F,69,64.3,90.6,112,32.2,32.1,32.2,109,32.1,114,45.1,45.5,32.2 / 109,32.1 / 114
8281,SC,Black,M,72,73.3,98.5,136,36.3,37.0,36.3,138,37.0,133,49.1,49.4,36.3 / 138,37.0 / 133
8281,SC,Blue,M,72,71.1,95.1,129,35.1,36.0,35.1,130,36.0,128,47.2,47.9,35.1 / 130,36.0 / 128
8281,SC,White,M,72,69.0,92.4,126,34.3,34.7,34.3,125,34.7,127,45.9,46.5,34.3 / 125,34.7 / 127
8281,SC,Gold,M,72,65.9,87.0,114,32.8,33.1,32.8,110,33.1,117,43.0,44.0,32.8 / 110,33.1 / 117
8281,SC,Red,M,72,63.6,83.5,107,31.8,31.8,31.8,102,31.8,112,41.3,42.2,31.8 / 102,31.8 / 112
8281,SC,White,F,72,74.6,105.7,132,36.8,37.8,36.8,130,37.8,134,52.1,53.6,36.8 / 130,37.8 / 134
8281,SC,Gold,F,72,70.8,99.8,123,35.0,35.8,35.0,120,35.8,126,49.2,50.6,35.0 / 120,35.8 / 126
8281,SC,Red,F,72,68.3,96.1,118,33.9,34.4,33.9,118,34.4,118,47.8,48.3,33.9 / 118,34.4 / 118
8326,SC,Championship,M,71,73.9,100.2,142,36.6,37.3,36.6,137,37.3,146,49.3,50.9,36.6 / 137,37.3 / 146
8326,SC,Challenge,M,71,72.4,98.2,139,36.1,36.3,36.1,137,36.3,141,48.8,49.4,36.1 / 137,36.3 / 141
8326,SC,Medal,M,71,71.6,96.0,132,35.6,36.0,35.6,126,36.0,137,47.3,48.7,35.6 / 126,36.0 / 137
8326,SC,Tourney,M,71,70.5,94.3,128,35.0,35.5,35.0,124,35.5,132,46.5,47.8,35.0 / 124,35.5 / 132
8326,SC,Member,M,71,69.6,92.9,126,34.8,34.8,34.8,124,34.8,127,46.3,46.6,34.8 / 124,34.8 / 127
8326,SC,Players,M,71,68.4,91.3,124,34.1,34.3,34.1,122,34.3,125,45.4,45.9,34.1 / 122,34.3 / 125
8326,SC,Club,M,71,67.4,90.2,123,33.4,34.0,33.4,122,34.0,124,44.7,45.5,33.4 / 122,34.0 / 124
8326,SC,Club / Forward,M,71,65.4,87.4,119,32.2,33.2,32.2,116,33.2,121,43.0,44.4,32.2 / 116,33.2 / 121
8326,SC,Forward,M,71,64.0,85.2,114,31.5,32.5,31.5,114,32.5,114,42.1,43.1,31.5 / 114,32.5 / 114
8326,SC,Advantage,M,71,60.5,80.1,106,30.0,30.5,30.0,107,30.5,104,39.9,40.2,30.0 / 107,30.5 / 104
8326,SC,Member,F,71,75.9,108.1,137,37.9,38.0,37.9,137,38.0,137,54.0,54.1,37.9 / 137,38.0 / 137
8326,SC,Players,F,71,74.3,105.7,133,37.1,37.2,37.1,132,37.2,134,52.7,53.0,37.1 / 132,37.2 / 134
8326,SC,Club,F,71,73.2,104.1,131,36.5,36.7,36.5,131,36.7,131,51.9,52.2,36.5 / 131,36.7 / 131
8326,SC,Tourney,F,71,70.8,99.8,123,35.0,35.8,35.0,123,35.8,123,49.5,50.3,35.0 / 123,35.8 / 123
8326,SC,Forward,F,71,69.2,97.6,121,34.2,35.0,34.2,123,35.0,118,48.7,48.9,34.2 / 123,35.0 / 118
8326,SC,Forward / Advantage,F,71,64.2,90.3,111,32.1,32.1,32.1,113,32.1,109,45.4,44.9,32.1 / 113,32.1 / 109
8326,SC,Advantage,F,71,62.5,87.7,107,31.0,31.5,31.0,107,31.5,107,43.6,44.1,31.0 / 107,31.5 / 107
33164,SC,Championship,M,72,74.8,102.1,147,37.2,37.6,37.2,144,37.6,150,50.6,51.5,37.2 / 144,37.6 / 150
33164,SC,Challenge,M,72,73.7,99.5,139,36.6,37.1,36.6,135,37.1,143,49.1,50.4,36.6 / 135,37.1 / 143
33164,SC,Medal,M,72,72.5,98.9,142,36.1,36.4,36.1,140,36.4,144,49.1,49.8,36.1 / 140,36.4 / 144
33164,SC,Tourney,M,72,71.5,96.7,136,35.7,35.8,35.7,133,35.8,138,48.1,48.6,35.7 / 133,35.8 / 138
33164,SC,Member,M,72,70.4,94.5,130,35.1,35.3,35.1,130,35.3,129,47.2,47.3,35.1 / 130,35.3 / 129
33164,SC,Players,M,72,68.7,91.1,121,34.3,34.4,34.3,121,34.4,121,45.5,45.6,34.3 / 121,34.4 / 121
33164,SC,Club,M,72,67.8,90.9,125,33.8,34.0,33.8,124,34.0,125,45.3,45.6,33.8 / 124,34.0 / 125
33164,SC,Club / Forward,M,72,66.2,87.7,116,33.0,33.2,33.0,117,33.2,114,43.9,43.8,33.0 / 117,33.2 / 114
33164,SC,Forward,M,72,63.8,84.9,114,31.8,32.0,31.8,114,32.0,113,42.4,42.5,31.8 / 114,32.0 / 113
33164,SC,Advantage,M,72,60.3,79.6,104,30.0,30.3,30.0,104,30.3,103,39.7,39.9,30.0 / 104,30.3 / 103
33164,SC,Member,F,72,76.4,109.8,142,38.2,38.2,38.2,138,38.2,145,54.5,55.3,38.2 / 138,38.2 / 145
33164,SC,Players,F,72,74.7,106.1,133,37.4,37.3,37.4,132,37.3,134,53.0,53.1,37.4 / 132,37.3 / 134
33164,SC,Club,F,72,73.5,103.3,127,36.8,36.7,36.8,126,36.7,127,51.6,51.7,36.8 / 126,36.7 / 127
33164,SC,Tourney,F,72,72.2,102.3,128,36.3,35.9,36.3,128,35.9,127,51.4,50.9,36.3 / 128,35.9 / 127
33164,SC,Forward,F,72,69.7,99.0,125,34.6,35.1,34.6,124,35.1,125,49.2,49.8,34.6 / 124,35.1 / 125
33164,SC,Forward / Advantage,F,72,66.2,93.0,114,32.5,33.7,32.5,111,33.7,116,45.6,47.4,32.5 / 111,33.7 / 116
33164,SC,Advantage,F,72,63.9,88.9,106,31.9,32.0,31.9,104,32.0,108,44.2,44.7,31.9 / 104,32.0 / 108
8322,SC,Championship,M,72,75.0,101.5,143,37.4,37.6,37.4,140,37.6,145,50.4,51.1,37.4 / 140,37.6 / 145
8322,SC,Challenge,M,72,73.9,99.9,140,36.8,37.1,36.8,137,37.1,143,49.5,50.4,36.8 / 137,37.1 / 143
8322,SC,Medal,M,72,73.0,98.6,138,36.4,36.6,36.4,136,36.6,140,49.0,49.6,36.4 / 136,36.6 / 140
8322,SC,Tourney,M,72,71.7,97.1,137,35.9,35.8,35.9,136,35.8,138,48.5,48.6,35.9 / 136,35.8 / 138
8322,SC,Member,M,72,70.5,94.9,131,35.2,35.3,35.2,133,35.3,129,47.6,47.3,35.2 / 133,35.3 / 129
8322,SC,Players,M,72,68.9,91.5,122,34.5,34.4,34.5,123,34.4,121,45.9,45.6,34.5 / 123,34.4 / 121
8322,SC,Club,M,72,67.7,89.6,118,33.7,34.0,33.7,121,34.0,115,44.9,44.7,33.7 / 121,34.0 / 115
8322,SC,Club / Forward,M,72,66.4,88.2,118,33.2,33.2,33.2,121,33.2,114,44.4,43.8,33.2 / 121,33.2 / 114
8322,SC,Forward,M,72,63.9,85.2,115,31.9,32.0,31.9,116,32.0,113,42.7,42.5,31.9 / 116,32.0 / 113
8322,SC,Advantage,M,72,60.3,79.7,104,30.0,30.3,30.0,105,30.3,103,39.8,39.9,30.0 / 105,30.3 / 103
8322,SC,Member,F,72,76.6,110.0,142,38.4,38.2,38.4,138,38.2,145,54.7,55.3,38.4 / 138,38.2 / 145
8322,SC,Players,F,72,74.9,106.3,133,37.6,37.3,37.6,132,37.3,134,53.2,53.1,37.6 / 132,37.3 / 134
8322,SC,Club,F,72,73.6,103.7,128,36.9,36.7,36.9,128,36.7,127,52.0,51.7,36.9 / 128,36.7 / 127
8322,SC,Tourney,F,72,72.2,101.7,125,36.2,36.0,36.2,127,36.0,123,51.2,50.5,36.2 / 127,36.0 / 123
8322,SC,Forward,F,72,69.6,97.7,119,34.7,34.9,34.7,120,34.9,118,48.9,48.8,34.7 / 120,34.9 / 118
8322,SC,Forward / Advantage,F,72,66.2,92.3,111,33.0,33.2,33.0,107,33.2,114,45.6,46.7,33.0 / 107,33.2 / 114
8322,SC,Advantage,F,72,64.0,89.2,107,32.0,32.0,32.0,106,32.0,108,44.5,44.7,32.0 / 106,32.0 / 108
8335,SC,Blue,M,72,72.4,97.5,135,36.3,36.1,36.3,138,36.1,132,49.1,48.4,36.3 / 138,36.1 / 132
8335,SC,White,M,72,70.3,94.2,129,35.2,35.1,35.2,132,35.1,125,47.5,46.7,35.2 / 132,35.1 / 125
8335,SC,White / Orange,M,72,68.7,92.1,126,34.5,34.2,34.5,127,34.2,125,46.3,45.8,34.5 / 127,34.2 / 125
8335,SC,Orange,M,72,66.6,88.7,119,33.3,33.3,33.3,119,33.3,118,44.4,44.3,33.3 / 119,33.3 / 118
8335,SC,Gold,M,72,64.6,85.5,113,32.3,32.3,32.3,114,32.3,111,42.9,42.6,32.3 / 114,32.3 / 111
8335,SC,Senior,M,72,62.6,82.7,109,31.2,31.4,31.2,109,31.4,108,41.3,41.4,31.2 / 109,31.4 / 108
8335,SC,White,F,72,76.3,109.2,140,38.3,38.0,38.3,140,38.0,139,54.8,54.4,38.3 / 140,38.0 / 139
8335,SC,White / Orange,F,72,74.6,106.8,137,37.4,37.2,37.4,137,37.2,136,53.6,53.2,37.4 / 137,37.2 / 136
8335,SC,Orange,F,72,72.4,103.5,132,36.4,36.0,36.4,132,36.0,131,52.0,51.5,36.4 / 132,36.0 / 131
8335,SC,Gold,F,72,70.2,99.6,125,35.3,34.9,35.3,124,34.9,126,49.9,49.7,35.3 / 124,34.9 / 126
8335,SC,Red,F,72,67.1,94.3,116,33.4,33.7,33.4,117,33.7,114,47.2,47.1,33.4 / 117,33.7 / 114
8108,SC,Black,M,72,74.9,102.2,147,37.4,37.5,37.4,140,37.5,154,50.4,51.8,37.4 / 140,37.5 / 154
8108,SC,Blue,M,72,72.9,99.6,144,36.6,36.3,36.6,138,36.3,150,49.4,50.2,36.6 / 138,36.3 / 150
8108,SC,Member,M,72,71.6,97.4,139,36.0,35.6,36.0,135,35.6,143,48.5,48.9,36.0 / 135,35.6 / 143
8108,SC,White,M,72,70.4,96.1,139,35.0,35.4,35.0,136,35.4,141,47.6,48.5,35.0 / 136,35.4 / 141
8108,SC,Fazio,M,72,69.5,95.0,137,34.6,34.9,34.6,133,34.9,141,47.0,48.0,34.6 / 133,34.9 / 141
8108,SC,Green,M,72,68.3,92.2,129,33.9,34.4,33.9,125,34.4,132,45.5,46.7,33.9 / 125,34.4 / 132
8108,SC,Berkeley Hall,M,72,65.8,88.3,122,33.0,32.8,33.0,122,32.8,121,44.3,44.0,33.0 / 122,32.8 / 121
8108,SC,Burgundy,M,72,64.8,86.6,118,32.5,32.3,32.5,122,32.3,113,43.8,42.8,32.5 / 122,32.3 / 113
8108,SC,Silver,M,72,62.1,82.5,110,31.0,31.1,31.0,105,31.1,114,40.8,41.7,31.0 / 105,31.1 / 114
8108,SC,White,F,72,76.6,111.2,147,38.4,38.2,38.4,141,38.2,153,55.0,56.2,38.4 / 141,38.2 / 153
8108,SC,Fazio,F,72,75.4,109.4,144,37.9,37.5,37.9,140,37.5,148,54.4,55.0,37.9 / 140,37.5 / 148
8108,SC,Green,F,72,73.3,106.2,140,36.7,36.6,36.7,137,36.6,142,52.9,53.3,36.7 / 137,36.6 / 142
8108,SC,Berkeley Hall,F,72,70.3,100.9,130,35.5,34.8,35.5,133,34.8,126,51.2,49.7,35.5 / 133,34.8 / 126
8108,SC,Burgundy,F,72,69.2,98.5,125,34.9,34.3,34.9,126,34.3,123,49.7,48.8,34.9 / 126,34.3 / 123
8108,SC,Silver,F,72,64.8,90.6,110,32.2,32.6,32.2,111,32.6,108,45.3,45.3,32.2 / 111,32.6 / 108
8109,SC,Black,M,72,74.9,101.0,141,37.3,37.6,37.3,141,37.6,140,50.4,50.6,37.3 / 141,37.6 / 140
8109,SC,Blue,M,72,72.8,98.1,137,36.3,36.5,36.3,138,36.5,135,49.1,49.0,36.3 / 138,36.5 / 135
8109,SC,Member,M,72,71.1,95.9,133,35.3,35.8,35.3,133,35.8,133,47.7,48.2,35.3 / 133,35.8 / 133
8109,SC,White,M,72,70.4,94.1,128,34.8,35.6,34.8,125,35.6,130,46.4,47.7,34.8 / 125,35.6 / 130
8109,SC,Fazio,M,72,69.6,92.9,126,34.6,35.0,34.6,124,35.0,127,46.1,46.8,34.6 / 124,35.0 / 127
8109,SC,Green,M,72,68.0,91.0,124,33.6,34.4,33.6,122,34.4,126,44.9,46.1,33.6 / 122,34.4 / 126
8109,SC,Berkeley Hall,M,72,66.8,88.5,117,33.0,33.8,33.0,114,33.8,119,43.6,44.9,33.0 / 114,33.8 / 119
8109,SC,Burgundy,M,72,65.5,86.3,112,32.3,33.2,32.3,111,33.2,113,42.6,43.7,32.3 / 111,33.2 / 113
8109,SC,Silver,M,72,61.2,80.6,104,30.5,30.7,30.5,104,30.7,104,40.2,40.4,30.5 / 104,30.7 / 104
8109,SC,White,F,72,75.8,107.9,136,37.4,38.4,37.4,135,38.4,137,53.3,54.6,37.4 / 135,38.4 / 137
8109,SC,Fazio,F,72,74.9,106.5,134,37.1,37.8,37.1,134,37.8,134,52.9,53.6,37.1 / 134,37.8 / 134
8109,SC,Green,F,72,73.2,104.0,131,36.0,37.2,36.0,129,37.2,132,51.2,52.8,36.0 / 129,37.2 / 132
8109,SC,Berkeley Hall,F,72,71.3,100.9,126,35.1,36.2,35.1,122,36.2,129,49.5,51.4,35.1 / 122,36.2 / 129
8109,SC,Burgundy,F,72,70.1,98.6,121,34.4,35.7,34.4,117,35.7,125,48.2,50.4,34.4 / 117,35.7 / 125
8109,SC,Silver,F,72,64.1,89.5,108,31.8,32.3,31.8,104,32.3,111,44.1,45.4,31.8 / 104,32.3 / 111
8227,SC,Black,M,71,71.0,95.6,133,35.3,35.7,35.3,139,35.7,126,48.2,47.4,35.3 / 139,35.7 / 126
8227,SC,White,M,71,68.9,92.3,126,34.1,34.8,34.1,127,34.8,125,45.9,46.4,34.1 / 127,34.8 / 125
8227,SC,Gold,M,71,67.2,88.7,116,33.1,34.1,33.1,115,34.1,116,43.8,44.9,33.1 / 115,34.1 / 116
8227,SC,Red,M,70,62.8,82.5,106,30.9,31.9,30.9,103,31.9,109,40.5,42.0,30.9 / 103,31.9 / 109
8227,SC,Gold,F,71,72.4,102.1,126,35.5,36.9,35.5,128,36.9,124,50.6,51.5,35.5 / 128,36.9 / 124
8227,SC,Red,F,71,67.1,94.1,114,32.6,34.5,32.6,114,34.5,114,46.1,48.0,32.6 / 114,34.5 / 114
8137,SC,Gold,M,71,73.5,99.4,140,37.3,36.2,37.3,141,36.2,138,50.4,49.0,37.3 / 141,36.2 / 138
8137,SC,Blue,M,71,71.9,96.8,134,36.6,35.3,36.6,132,35.3,136,48.9,47.9,36.6 / 132,35.3 / 136
8137,SC,White,M,71,70.3,94.4,130,35.6,34.7,35.6,129,34.7,130,47.6,46.8,35.6 / 129,34.7 / 130
8137,SC,White / Green,M,71,69.0,92.6,127,34.8,34.2,34.8,124,34.2,130,46.3,46.3,34.8 / 124,34.2 / 130
8137,SC,Green,M,71,68.1,90.9,123,34.6,33.5,34.6,124,33.5,122,46.1,44.8,34.6 / 124,33.5 / 122
8137,SC,Red,M,71,65.1,87.2,119,32.9,32.2,32.9,117,32.2,121,43.8,43.4,32.9 / 117,32.2 / 121
8137,SC,Gold,F,71,79.7,115.4,152,40.6,39.1,40.6,152,39.1,151,58.5,56.9,40.6 / 152,39.1 / 151
8137,SC,Blue,F,71,78.0,112.7,147,39.8,38.2,39.8,148,38.2,146,57.3,55.4,39.8 / 148,38.2 / 146
8137,SC,White,F,71,76.1,110.0,144,38.7,37.4,38.7,144,37.4,143,55.7,54.3,38.7 / 144,37.4 / 143
8137,SC,White / Green,F,71,74.5,107.6,141,37.6,36.9,37.6,139,36.9,142,54.0,53.6,37.6 / 139,36.9 / 142
8137,SC,Green,F,71,73.5,106.0,138,37.4,36.1,37.4,137,36.1,138,53.6,52.4,37.4 / 137,36.1 / 138
8137,SC,Red,F,71,70.4,99.9,126,35.7,34.7,35.7,125,34.7,126,50.4,49.5,35.7 / 125,34.7 / 126
8289,SC,Blue,M,71,71.4,95.4,129,35.6,35.8,35.6,131,35.8,127,47.8,47.6,35.6 / 131,35.8 / 127
8289,SC,White,M,71,69.9,92.4,121,34.8,35.1,34.8,124,35.1,118,46.3,46.1,34.8 / 124,35.1 / 118
8289,SC,Gold,M,71,68.0,89.6,116,33.6,34.4,33.6,117,34.4,115,44.5,45.1,33.6 / 117,34.4 / 115
8289,SC,Green,M,71,65.5,85.6,109,32.3,33.2,32.3,107,33.2,110,42.2,43.4,32.3 / 107,33.2 / 110
8289,SC,Red,M,71,64.2,83.9,106,31.6,32.6,31.6,104,32.6,108,41.3,42.6,31.6 / 104,32.6 / 108
8289,SC,White,F,72,74.9,106.6,135,37.5,37.4,37.5,138,37.4,131,53.8,52.8,37.5 / 138,37.4 / 131
8289,SC,Gold,F,72,73.0,103.5,130,36.3,36.7,36.3,133,36.7,126,52.0,51.5,36.3 / 133,36.7 / 126
8289,SC,Green,F,72,70.2,98.8,121,34.7,35.5,34.7,122,35.5,120,49.1,49.7,34.7 / 122,35.5 / 120
8289,SC,Red,F,72,68.9,96.7,118,34.0,34.9,34.0,120,34.9,116,48.1,48.6,34.0 / 120,34.9 / 116
8288,SC,Gold,M,72,72.9,97.8,134,36.1,36.8,36.1,132,36.8,136,48.4,49.4,36.1 / 132,36.8 / 136
8288,SC,Quail,M,72,71.8,96.3,132,35.5,36.3,35.5,131,36.3,132,47.7,48.6,35.5 / 131,36.3 / 132
8288,SC,Blue,M,72,70.6,94.4,128,35.1,35.5,35.1,126,35.5,130,46.8,47.6,35.1 / 126,35.5 / 130
8288,SC,Pheasant,M,72,69.3,92.7,126,34.5,34.8,34.5,126,34.8,126,46.2,46.5,34.5 / 126,34.8 / 126
8288,SC,White,M,72,67.6,89.9,120,33.3,34.3,33.3,119,34.3,121,44.4,45.5,33.3 / 119,34.3 / 121
8288,SC,Chukar,M,72,65.6,86.5,113,32.6,33.0,32.6,111,33.0,114,42.9,43.6,32.6 / 111,33.0 / 114
8288,SC,Green,M,72,65.1,85.3,109,32.5,32.6,32.5,107,32.6,111,42.4,42.9,32.5 / 107,32.6 / 111
8288,SC,Blue,F,72,76.7,109.5,139,37.9,38.8,37.9,140,38.8,138,54.4,55.1,37.9 / 140,38.8 / 138
8288,SC,Pheasant,F,72,75.2,107.2,136,37.3,37.9,37.3,137,37.9,135,53.4,53.8,37.3 / 137,37.9 / 135
8288,SC,White,F,72,73.5,104.5,131,36.2,37.3,36.2,131,37.3,131,51.7,52.8,36.2 / 131,37.3 / 131
8288,SC,Chukar,F,72,71.0,100.3,125,35.1,35.9,35.1,125,35.9,124,49.8,50.5,35.1 / 125,35.9 / 124
8288,SC,Green,F,72,70.0,98.9,123,34.7,35.3,34.7,123,35.3,122,49.2,49.7,34.7 / 123,35.3 / 122
32845,SC,Tee 2,M,69,60.4,78.6,98,30.0,30.4,30.0,95,30.4,101,38.8,39.8,30.0 / 95,30.4 / 101
32845,SC,Tee 1,M,69,57.9,74.8,91,28.7,29.2,28.7,88,29.2,94,36.9,37.9,28.7 / 88,29.2 / 94
32845,SC,Tee 2,F,69,63.0,88.3,108,30.9,32.1,30.9,106,32.1,109,43.4,44.9,30.9 / 106,32.1 / 109
32845,SC,Tee 1,F,69,60.0,83.3,99,29.6,30.4,29.6,98,30.4,99,41.2,42.1,29.6 / 98,30.4 / 99
36478,SC,Black,M,73,75.0,101.4,142,37.4,37.6,37.4,138,37.6,146,50.2,51.2,37.4 / 138,37.6 / 146
36478,SC,Blue,M,71,72.8,98.3,137,36.0,36.8,36.0,131,36.8,143,48.2,50.1,36.0 / 131,36.8 / 143
36478,SC,White,M,71,70.1,93.9,128,34.9,35.2,34.9,124,35.2,132,46.4,47.5,34.9 / 124,35.2 / 132
36478,SC,Green,M,71,66.9,89.1,120,33.3,33.6,33.3,117,33.6,122,44.2,44.9,33.3 / 117,33.6 / 122
36478,SC,Red,M,71,63.9,83.6,106,31.6,32.3,31.6,109,32.3,103,41.7,41.9,31.6 / 109,32.3 / 103
36478,SC,White,F,71,76.1,109.5,142,37.8,38.3,37.8,136,38.3,148,53.8,55.7,37.8 / 136,38.3 / 148
36478,SC,Green,F,71,72.5,104.3,135,36.1,36.4,36.1,129,36.4,141,51.3,53.0,36.1 / 129,36.4 / 141
36478,SC,Red,F,71,68.4,96.8,120,34.0,34.4,34.0,114,34.4,126,47.5,49.3,34.0 / 114,34.4 / 126
8214,SC,Maverick (Black),M,72,75.2,102.5,147,38.3,36.9,38.3,149,36.9,145,52.1,50.4,38.3 / 149,36.9 / 145
8214,SC,Skull (Rust),M,72,72.6,98.7,141,37.0,35.6,37.0,142,35.6,139,50.2,48.5,37.0 / 142,35.6 / 139
8214,SC,Club,M,72,70.7,94.8,130,36.1,34.6,36.1,132,34.6,127,48.4,46.4,36.1 / 132,34.6 / 127
8214,SC,Bull (White),M,72,69.0,92.4,126,35.5,33.5,35.5,125,33.5,127,47.1,45.3,35.5 / 125,33.5 / 127
8214,SC,Bull / Bay,M,72,66.8,89.0,119,33.9,32.9,33.9,119,32.9,119,45.0,44.0,33.9 / 119,32.9 / 119
8214,SC,Bay (Red),M,72,66.3,87.9,116,33.6,32.7,33.6,113,32.7,119,44.1,43.8,33.6 / 113,32.7 / 119
8214,SC,Family (Yellow),M,67,60.6,80.1,105,30.9,29.7,30.9,102,29.7,108,40.4,39.7,30.9 / 102,29.7 / 108
8214,SC,Club,F,73,76.6,108.5,136,39.1,37.5,39.1,140,37.5,131,55.6,52.9,39.1 / 140,37.5 / 131
8214,SC,Bull (White),F,73,74.7,105.5,131,38.1,36.6,38.1,135,36.6,126,54.0,51.5,38.1 / 135,36.6 / 126
8214,SC,Bull / Bay,F,73,72.2,102.1,127,36.5,35.7,36.5,129,35.7,125,51.7,50.4,36.5 / 129,35.7 / 125
8214,SC,Bay (Red),F,73,71.4,100.7,125,35.9,35.5,35.9,125,35.5,124,50.6,50.1,35.9 / 125,35.5 / 124
8214,SC,Family (Yellow),F,67,63.1,88.6,109,32.1,31.0,32.1,109,31.0,108,44.9,43.7,32.1 / 109,31.0 / 108
8046,SC,Black,M,72,72.6,97.9,136,35.9,36.7,35.9,131,36.7,141,48.1,49.8,35.9 / 131,36.7 / 141
8046,SC,White,M,72,70.5,94.6,130,35.0,35.5,35.0,124,35.5,136,46.5,48.1,35.0 / 124,35.5 / 136
8046,SC,Gold,M,72,68.9,91.4,122,34.3,34.6,34.3,122,34.6,121,45.6,45.8,34.3 / 122,34.6 / 121
8046,SC,Red,M,72,63.6,84.1,111,31.8,31.8,31.8,112,31.8,109,42.2,41.9,31.8 / 112,31.8 / 109
8046,SC,White,F,72,76.3,109.0,139,37.6,38.7,37.6,136,38.7,142,53.6,55.4,37.6 / 136,38.7 / 142
8046,SC,Gold,F,72,74.0,105.6,134,36.7,37.3,36.7,132,37.3,136,52.3,53.3,36.7 / 132,37.3 / 136
8046,SC,Red,F,72,67.2,94.9,118,33.8,33.4,33.8,117,33.4,118,47.6,47.3,33.8 / 117,33.4 / 118
8372,SC,Pintail Black,M,70,71.4,98.1,144,35.2,36.2,35.2,139,36.2,149,48.1,50.0,35.2 / 139,36.2 / 149
8372,SC,Mallard Blue,M,70,69.3,95.3,140,34.1,35.2,34.1,136,35.2,144,46.7,48.6,34.1 / 136,35.2 / 144
8372,SC,Wood Duck White,M,70,67.4,91.1,128,33.0,34.4,33.0,124,34.4,131,44.5,46.6,33.0 / 124,34.4 / 131
8372,SC,Redhead Red,M,70,63.6,85.7,119,31.6,32.0,31.6,117,32.0,121,42.5,43.2,31.6 / 117,32.0 / 121
8372,SC,Wood Duck White,F,70,72.8,105.3,138,35.6,37.2,35.6,128,37.2,148,50.7,54.6,35.6 / 128,37.2 / 148
8372,SC,Redhead Red,F,70,67.7,97.1,125,33.7,34.0,33.7,120,34.0,129,47.9,49.2,33.7 / 120,34.0 / 129
8177,SC,Blue,M,71,70.6,94.8,131,35.9,34.7,35.9,138,34.7,123,48.7,46.1,35.9 / 138,34.7 / 123
8177,SC,White,M,71,68.8,92.3,127,34.8,34.0,34.8,130,34.0,123,46.9,45.4,34.8 / 130,34.0 / 123
8177,SC,Gold,M,71,65.8,87.4,117,33.2,32.6,33.2,111,32.6,122,43.5,43.9,33.2 / 111,32.6 / 122
8177,SC,Red,M,71,63.6,84.3,112,31.8,31.8,31.8,107,31.8,116,41.7,42.6,31.8 / 107,31.8 / 116
8177,SC,Red,F,71,67.2,94.0,114,33.5,33.7,33.5,111,33.7,116,46.6,47.4,33.5 / 111,33.7 / 116
8078,SC,Gold,M,72,73.4,99.7,142,37.1,36.3,37.1,143,36.3,140,50.4,49.3,37.1 / 143,36.3 / 140
8078,SC,Ocean,M,72,72.7,98.4,139,36.7,36.0,36.7,137,36.0,140,49.4,49.0,36.7 / 137,36.0 / 140
8078,SC,Blue,M,72,71.7,96.6,134,36.3,35.4,36.3,130,35.4,138,48.4,48.2,36.3 / 130,35.4 / 138
8078,SC,Lake,M,72,70.7,95.3,133,35.6,35.1,35.6,130,35.1,135,47.7,47.6,35.6 / 130,35.1 / 135
8078,SC,White,M,72,69.4,93.7,131,34.9,34.5,34.9,130,34.5,131,47.0,46.7,34.9 / 130,34.5 / 131
8078,SC,River,M,72,68.5,91.5,124,34.3,34.2,34.3,125,34.2,123,45.9,45.6,34.3 / 125,34.2 / 123
8078,SC,Green,M,72,66.6,88.6,119,33.3,33.3,33.3,123,33.3,114,44.7,43.9,33.3 / 123,33.3 / 114
8078,SC,Creek,M,72,65.3,86.8,116,32.9,32.4,32.9,122,32.4,110,44.2,42.6,32.9 / 122,32.4 / 110
8078,SC,Red,M,72,64.5,85.1,111,32.4,32.1,32.4,115,32.1,107,43.1,42.0,32.4 / 115,32.1 / 107
8078,SC,Lagoon,M,72,62.1,81.8,106,31.0,31.1,31.0,110,31.1,102,41.2,40.6,31.0 / 110,31.1 / 102
8078,SC,Silver,M,72,60.5,78.9,99,30.5,30.0,30.5,100,30.0,98,39.8,39.1,30.5 / 100,30.0 / 98
8078,SC,White,F,72,75.5,107.9,138,37.9,37.6,37.9,136,37.6,139,53.9,54.0,37.9 / 136,37.6 / 139
8078,SC,River,F,72,73.9,105.5,134,36.9,37.0,36.9,131,37.0,137,52.4,53.1,36.9 / 131,37.0 / 137
8078,SC,Green,F,72,72.0,102.6,130,36.0,36.0,36.0,127,36.0,132,51.0,51.6,36.0 / 127,36.0 / 132
8078,SC,Creek,F,72,70.8,100.2,125,35.6,35.2,35.6,124,35.2,126,50.2,50.0,35.6 / 124,35.2 / 126
8078,SC,Red,F,72,69.3,98.2,123,34.8,34.5,34.8,121,34.5,124,49.1,49.1,34.8 / 121,34.5 / 124
8078,SC,Lagoon,F,72,65.5,92.6,115,32.5,33.0,32.5,113,33.0,117,45.8,46.8,32.5 / 113,33.0 / 117
8078,SC,Silver,F,72,62.1,87.7,109,30.9,31.2,30.9,108,31.2,109,43.6,44.1,30.9 / 108,31.2 / 109
8077,SC,Gold,M,72,74.7,101.6,145,37.6,37.1,37.6,146,37.1,143,51.2,50.4,37.6 / 146,37.1 / 143
8077,SC,Ocean,M,72,73.7,99.3,138,37.0,36.7,37.0,139,36.7,137,49.9,49.4,37.0 / 139,36.7 / 137
8077,SC,Blue,M,72,72.8,97.8,135,36.5,36.3,36.5,139,36.3,130,49.4,48.4,36.5 / 139,36.3 / 130
8077,SC,Lake,M,72,71.3,96.1,134,35.7,35.6,35.7,137,35.6,130,48.4,47.7,35.7 / 137,35.6 / 130
8077,SC,White,M,72,70.1,94.6,132,35.2,34.9,35.2,133,34.9,130,47.6,47.0,35.2 / 133,34.9 / 130
8077,SC,River,M,72,68.8,92.7,129,34.5,34.3,34.5,132,34.3,125,46.8,45.9,34.5 / 132,34.3 / 125
8077,SC,Green,M,72,67.2,90.2,124,33.9,33.3,33.9,125,33.3,123,45.5,44.7,33.9 / 125,33.3 / 123
8077,SC,Creek,M,72,66.4,88.4,119,33.5,32.9,33.5,115,32.9,122,44.2,44.2,33.5 / 115,32.9 / 122
8077,SC,Red,M,72,65.4,86.5,114,33.0,32.4,33.0,112,32.4,115,43.4,43.1,33.0 / 112,32.4 / 115
8077,SC,Lagoon,M,72,63.1,83.3,109,32.1,31.0,32.1,108,31.0,110,42.1,41.2,32.1 / 108,31.0 / 110
8077,SC,Silver,M,72,61.9,81.0,103,31.4,30.5,31.4,105,30.5,100,41.2,39.8,31.4 / 105,30.5 / 100
8077,SC,White,F,72,76.6,109.1,138,38.7,37.9,38.7,140,37.9,136,55.2,53.9,38.7 / 140,37.9 / 136
8077,SC,River,F,72,74.9,106.5,134,38.0,36.9,38.0,137,36.9,131,54.1,52.4,38.0 / 137,36.9 / 131
8077,SC,Green,F,72,73.1,103.8,130,37.1,36.0,37.1,133,36.0,127,52.8,51.0,37.1 / 133,36.0 / 127
8077,SC,Creek,F,72,71.4,101.6,128,35.8,35.6,35.8,132,35.6,124,51.4,50.2,35.8 / 132,35.6 / 124
8077,SC,Red,F,72,70.0,99.7,126,35.2,34.8,35.2,131,34.8,121,50.6,49.1,35.2 / 131,34.8 / 121
8077,SC,Lagoon,F,72,66.5,95.0,121,34.0,32.5,34.0,129,32.5,113,49.2,45.8,34.0 / 129,32.5 / 113
8077,SC,Silver,F,72,63.5,90.0,113,32.6,30.9,32.6,117,30.9,108,46.4,43.6,32.6 / 117,30.9 / 108
8079,SC,Gold,M,72,73.9,100.5,143,36.3,37.6,36.3,140,37.6,146,49.3,51.2,36.3 / 140,37.6 / 146
8079,SC,Ocean,M,72,73.0,98.9,140,36.0,37.0,36.0,140,37.0,139,49.0,49.9,36.0 / 140,37.0 / 139
8079,SC,Blue,M,72,71.9,97.6,139,35.4,36.5,35.4,138,36.5,139,48.2,49.4,35.4 / 138,36.5 / 139
8079,SC,Lake,M,72,70.8,96.0,136,35.1,35.7,35.1,135,35.7,137,47.6,48.4,35.1 / 135,35.7 / 137
8079,SC,White,M,72,69.7,94.3,132,34.5,35.2,34.5,131,35.2,133,46.7,47.6,34.5 / 131,35.2 / 133
8079,SC,River,M,72,68.7,92.4,128,34.2,34.5,34.2,123,34.5,132,45.6,46.8,34.2 / 123,34.5 / 132
8079,SC,Green,M,72,67.2,89.4,120,33.3,33.9,33.3,114,33.9,125,43.9,45.5,33.3 / 114,33.9 / 125
8079,SC,Creek,M,72,65.9,86.8,113,32.4,33.5,32.4,110,33.5,115,42.6,44.2,32.4 / 110,33.5 / 115
8079,SC,Red,M,72,65.1,85.4,110,32.1,33.0,32.1,107,33.0,112,42.0,43.4,32.1 / 107,33.0 / 112
8079,SC,Lagoon,M,72,63.2,82.7,105,31.1,32.1,31.1,102,32.1,108,40.6,42.1,31.1 / 102,32.1 / 108
8079,SC,Silver,M,72,61.4,80.3,102,30.0,31.4,30.0,98,31.4,105,39.1,41.2,30.0 / 98,31.4 / 105
8079,SC,White,F,72,76.3,109.2,140,37.6,38.7,37.6,139,38.7,140,54.0,55.2,37.6 / 139,38.7 / 140
8079,SC,River,F,72,75.0,107.2,137,37.0,38.0,37.0,137,38.0,137,53.1,54.1,37.0 / 137,38.0 / 137
8079,SC,Green,F,72,73.1,104.4,133,36.0,37.1,36.0,132,37.1,133,51.6,52.8,36.0 / 132,37.1 / 133
8079,SC,Creek,F,72,71.0,101.4,129,35.2,35.8,35.2,126,35.8,132,50.0,51.4,35.2 / 126,35.8 / 132
8079,SC,Red,F,72,69.7,99.7,128,34.5,35.2,34.5,124,35.2,131,49.1,50.6,34.5 / 124,35.2 / 131
8079,SC,Lagoon,F,72,67.0,96.0,123,33.0,34.0,33.0,117,34.0,129,46.8,49.2,33.0 / 117,34.0 / 129
8079,SC,Silver,F,72,63.8,90.5,113,31.2,32.6,31.2,109,32.6,117,44.1,46.4,31.2 / 109,32.6 / 117
8339,SC,Tee 4,M,70,72.5,99.1,143,35.4,37.1,35.4,144,37.1,142,48.8,50.3,35.4 / 144,37.1 / 142
8339,SC,Tee 3,M,70,70.3,95.1,133,34.3,36.0,34.3,133,36.0,133,46.7,48.4,34.3 / 133,36.0 / 133
8339,SC,Tee 2/3,M,70,69.0,93.1,130,33.7,35.3,33.7,127,35.3,132,45.5,47.6,33.7 / 127,35.3 / 132
8339,SC,Tee 2,M,70,66.9,90.0,124,32.8,34.1,32.8,119,34.1,129,43.9,46.1,32.8 / 119,34.1 / 129
8339,SC,Tee 1/2,M,70,65.4,88.0,122,32.0,33.4,32.0,116,33.4,127,42.8,45.2,32.0 / 116,33.4 / 127
8339,SC,Tee 1,M,70,63.5,85.2,117,31.4,32.1,31.4,113,32.1,121,41.9,43.3,31.4 / 113,32.1 / 121
8339,SC,Tee 3,F,70,76.2,109.6,142,37.4,38.8,37.4,137,38.8,146,53.6,56.0,37.4 / 137,38.8 / 146
8339,SC,Tee 2/3,F,70,74.6,107.3,139,36.6,38.0,36.6,135,38.0,142,52.5,54.8,36.6 / 135,38.0 / 142
8339,SC,Tee 2,F,70,72.5,104.0,134,35.6,36.9,35.6,130,36.9,137,50.9,53.1,35.6 / 130,36.9 / 137
8339,SC,Tee 1/2,F,70,70.2,100.8,130,34.3,35.9,34.3,126,35.9,134,49.1,51.7,34.3 / 126,35.9 / 134
8339,SC,Tee 1,F,70,67.1,95.9,123,33.1,34.0,33.1,120,34.0,125,47.2,48.7,33.1 / 120,34.0 / 125
8104,SC,Black,M,72,73.5,102.8,155,37.0,36.5,37.0,155,36.5,155,51.5,51.3,37.0 / 155,36.5 / 155
8104,SC,SCGA Am,M,72,73.5,102.8,155,36.5,37.0,36.5,155,37.0,155,51.3,51.5,36.5 / 155,37.0 / 155
8104,SC,Gold,M,72,72.0,100.3,153,36.0,36.0,36.0,154,36.0,151,50.3,50.0,36.0 / 154,36.0 / 151
8104,SC,Gold/Blue,M,72,71.3,99.4,152,35.7,35.6,35.7,154,35.6,149,50.0,49.4,35.7 / 154,35.6 / 149
8104,SC,Blue,M,72,70.5,95.7,136,35.2,35.3,35.2,137,35.3,135,47.9,47.8,35.2 / 137,35.3 / 135
8104,SC,White,M,72,68.9,92.4,127,34.3,34.6,34.3,127,34.6,126,46.1,46.3,34.3 / 127,34.6 / 126
8104,SC,Green,M,72,66.4,88.0,116,33.1,33.3,33.1,116,33.3,116,43.9,44.1,33.1 / 116,33.3 / 116
8104,SC,Red,M,72,64.2,85.1,113,32.0,32.2,32.0,112,32.2,113,42.4,42.7,32.0 / 112,32.2 / 113
8104,SC,White,F,72,74.2,107.3,141,37.1,37.1,37.1,140,37.1,141,53.6,53.7,37.1 / 140,37.1 / 141
8104,SC,Green,F,72,71.9,102.6,131,35.8,36.1,35.8,130,36.1,131,51.1,51.5,35.8 / 130,36.1 / 131
8104,SC,Green/Red,F,72,70.8,100.8,128,35.5,35.3,35.5,125,35.3,130,50.2,50.6,35.5 / 125,35.3 / 130
8104,SC,Red,F,72,69.1,98.3,124,34.6,34.5,34.6,120,34.5,128,48.7,49.6,34.6 / 120,34.5 / 128
8104,SC,Pink,F,72,66.4,93.7,116,33.3,33.1,33.3,112,33.1,120,46.5,47.2,33.3 / 112,33.1 / 120
33793,SC,Blue,M,54,53.1,68.4,83,26.7,26.4,26.7,83,26.4,82,34.4,34.0,26.7 / 83,26.4 / 82
33793,SC,White,M,54,52.6,67.7,82,26.4,26.2,26.4,82,26.2,81,34.0,33.7,26.4 / 82,26.2 / 81
33793,SC,Red,M,54,51.0,65.0,75,25.6,25.4,25.6,76,25.4,74,32.7,32.3,25.6 / 76,25.4 / 74
33793,SC,Blue,F,54,55.6,76.0,87,27.9,27.7,27.9,88,27.7,85,38.3,37.7,27.9 / 88,27.7 / 85
33793,SC,White,F,54,55.1,75.1,85,27.6,27.5,27.6,86,27.5,84,37.7,37.4,27.6 / 86,27.5 / 84
33793,SC,Red,F,54,53.6,71.9,78,26.9,26.7,26.9,78,26.7,77,36.1,35.8,26.9 / 78,26.7 / 77
20909,SC,Blue,M,71,70.9,94.1,125,35.4,35.5,35.4,130,35.5,119,47.5,46.6,35.4 / 130,35.5 / 119
20909,SC,White,M,71,69.1,91.4,120,34.4,34.7,34.4,126,34.7,114,46.1,45.3,34.4 / 126,34.7 / 114
20909,SC,Gold,M,71,66.0,87.0,113,32.4,33.6,32.4,113,33.6,113,42.9,44.1,32.4 / 113,33.6 / 113
20909,SC,Red,M,71,63.7,83.3,105,31.4,32.3,31.4,105,32.3,105,41.2,42.1,31.4 / 105,32.3 / 105
20909,SC,Red,F,71,68.3,95.1,114,33.4,34.9,33.4,114,34.9,114,46.8,48.3,33.4 / 114,34.9 / 114
8256,SC,Black,M,72,74.5,101.9,148,37.7,36.8,37.7,150,36.8,145,51.6,50.3,37.7 / 150,36.8 / 145
8256,SC,Blue,M,72,72.7,99.3,143,36.9,35.8,36.9,145,35.8,141,50.4,48.9,36.9 / 145,35.8 / 141
8256,SC,White,M,72,70.5,96.4,139,35.7,34.8,35.7,145,34.8,133,49.2,47.2,35.7 / 145,34.8 / 133
8256,SC,Gold,M,72,67.3,91.7,132,34.1,33.2,34.1,137,33.2,126,46.8,44.9,34.1 / 137,33.2 / 126
8256,SC,Silver,M,72,66.1,88.8,122,33.5,32.6,33.5,127,32.6,117,45.3,43.5,33.5 / 127,32.6 / 117
8256,SC,Red,M,72,64.9,86.8,118,33.1,31.8,33.1,124,31.8,112,44.6,42.2,33.1 / 124,31.8 / 112
8256,SC,Light Blue,M,71,61.5,81.5,108,31.1,30.4,31.1,113,30.4,102,41.6,39.9,31.1 / 113,30.4 / 102
8256,SC,Dark Green,M,56,54.2,70.8,89,27.4,26.8,27.4,90,26.8,88,35.8,35.0,27.4 / 90,26.8 / 88
8256,SC,White,F,72,76.3,110.7,146,38.7,37.6,38.7,149,37.6,142,56.3,54.4,38.7 / 149,37.6 / 142
8256,SC,Gold,F,72,73.2,105.4,137,37.3,35.9,37.3,141,35.9,132,53.9,51.5,37.3 / 141,35.9 / 132
8256,SC,Silver,F,72,71.0,101.4,129,36.0,35.0,36.0,137,35.0,121,52.1,49.3,36.0 / 137,35.0 / 121
8256,SC,Red,F,72,69.0,99.1,128,35.1,33.9,35.1,137,33.9,118,51.3,47.8,35.1 / 137,33.9 / 118
8256,SC,Light Blue,F,72,63.2,89.9,113,32.3,30.9,32.3,120,30.9,106,46.5,43.4,32.3 / 120,30.9 / 106
8256,SC,Dark Green,F,56,56.6,78.2,92,28.5,28.1,28.5,92,28.1,91,39.4,38.8,28.5 / 92,28.1 / 91
8277,SC,Blue,M,72,72.9,97.9,135,36.1,36.8,36.1,124,36.8,145,47.6,50.3,36.1 / 124,36.8 / 145
8277,SC,White,M,72,70.9,94.9,130,35.1,35.8,35.1,121,35.8,138,46.3,48.6,35.1 / 121,35.8 / 138
8277,SC,Green,M,72,68.5,91.2,123,33.8,34.7,33.8,121,34.7,124,45.0,46.2,33.8 / 121,34.7 / 124
8277,SC,Gold,M,72,65.3,86.0,112,32.5,32.8,32.5,107,32.8,116,42.4,43.6,32.5 / 107,32.8 / 116
8277,SC,Red,M,72,61.9,81.6,106,30.9,31.0,30.9,107,31.0,105,40.8,40.8,30.9 / 107,31.0 / 105
8277,SC,Gold,F,72,70.1,98.7,122,34.8,35.3,34.8,120,35.3,123,48.9,49.8,34.8 / 120,35.3 / 123
8277,SC,Red,F,72,65.0,90.9,110,32.3,32.7,32.3,114,32.7,105,45.8,45.1,32.3 / 114,32.7 / 105
8313,SC,Championship,M,71,72.7,98.9,141,35.6,37.1,35.6,139,37.1,143,48.5,50.4,35.6 / 139,37.1 / 143
8313,SC,Back,M,71,69.7,94.0,131,34.5,35.2,34.5,130,35.2,131,46.6,47.4,34.5 / 130,35.2 / 131
8313,SC,Middle,M,71,67.9,91.1,125,33.5,34.4,33.5,125,34.4,125,45.1,46.0,33.5 / 125,34.4 / 125
8313,SC,Forward,M,71,64.3,86.0,117,32.0,32.3,32.0,116,32.3,117,42.8,43.2,32.0 / 116,32.3 / 117
8313,SC,Back,F,71,75.6,110.7,149,37.4,38.2,37.4,146,38.2,152,54.6,56.1,37.4 / 146,38.2 / 152
8313,SC,Middle,F,71,73.1,106.5,142,36.1,37.0,36.1,141,37.0,142,52.7,53.8,36.1 / 141,37.0 / 142
8313,SC,Forward,F,71,68.2,96.6,121,33.9,34.3,33.9,118,34.3,123,47.8,48.8,33.9 / 118,34.3 / 123
8331,SC,Gold,M,72,73.9,100.7,144,36.8,37.1,36.8,146,37.1,142,50.4,50.3,36.8 / 146,37.1 / 142
8331,SC,Blue,M,72,72.1,97.7,138,36.0,36.1,36.0,136,36.1,140,48.6,49.1,36.0 / 136,36.1 / 140
8331,SC,Blue / White,M,72,70.7,96.1,137,35.3,35.4,35.3,133,35.4,140,47.7,48.4,35.3 / 133,35.4 / 140
8331,SC,White,M,72,69.5,94.0,132,34.4,35.1,34.4,125,35.1,139,46.0,48.0,34.4 / 125,35.1 / 139
8331,SC,White / Green,M,72,67.2,90.0,123,33.4,33.8,33.4,118,33.8,127,44.4,45.6,33.4 / 118,33.8 / 127
8331,SC,Green,M,72,65.0,85.7,112,31.9,33.1,31.9,107,33.1,116,41.8,43.9,31.9 / 107,33.1 / 116
8331,SC,Green / Red,M,72,63.4,83.4,108,31.5,31.9,31.5,103,31.9,112,41.1,42.3,31.5 / 103,31.9 / 112
8331,SC,Red,M,72,62.4,82.0,106,31.2,31.2,31.2,102,31.2,109,40.7,41.3,31.2 / 102,31.2 / 109
8331,SC,Blue / White,F,72,76.7,110.5,143,38.2,38.5,38.2,138,38.5,148,54.5,56.0,38.2 / 138,38.5 / 148
8331,SC,White,F,72,75.1,108.2,141,37.0,38.1,37.0,133,38.1,148,52.7,55.5,37.0 / 133,38.1 / 148
8331,SC,White / Green,F,72,72.2,103.1,131,35.8,36.4,35.8,126,36.4,136,50.7,52.4,35.8 / 126,36.4 / 136
8331,SC,Green,F,72,69.8,99.1,124,34.4,35.4,34.4,116,35.4,132,48.1,51.0,34.4 / 116,35.4 / 132
8331,SC,Green/Red,F,72,68.1,95.7,117,34.0,34.1,34.0,112,34.1,122,47.2,48.5,34.0 / 112,34.1 / 122
8331,SC,Red,F,72,66.5,93.1,113,33.6,32.9,33.6,109,32.9,116,46.5,46.6,33.6 / 109,32.9 / 116
8105,SC,Blue,M,72,72.1,97.9,139,36.9,35.2,36.9,146,35.2,131,50.5,47.4,36.9 / 146,35.2 / 131
8105,SC,White,M,72,70.3,95.4,135,36.1,34.2,36.1,139,34.2,131,49.0,46.4,36.1 / 139,34.2 / 131
8105,SC,Gold,M,72,66.5,89.9,126,33.9,32.6,33.9,126,32.6,126,45.6,44.3,33.9 / 126,32.6 / 126
8105,SC,Red,M,72,63.4,84.9,116,32.2,31.2,32.2,118,31.2,113,43.2,41.7,32.2 / 118,31.2 / 113
8105,SC,Orange,M,68,60.0,80.1,108,30.3,29.7,30.3,111,29.7,105,40.6,39.5,30.3 / 111,29.7 / 105
8105,SC,Blue,F,73,78.3,111.8,142,40.1,38.2,40.1,146,38.2,138,57.3,54.5,40.1 / 146,38.2 / 138
8105,SC,White,F,73,76.0,108.4,138,38.9,37.1,38.9,141,37.1,134,55.5,52.9,38.9 / 141,37.1 / 134
8105,SC,Gold,F,72,72.3,102.9,130,36.8,35.5,36.8,132,35.5,127,52.4,50.5,36.8 / 132,35.5 / 127
8105,SC,Red,F,72,67.7,95.9,120,34.6,33.1,34.6,125,33.1,114,49.3,46.6,34.6 / 125,33.1 / 114
8105,SC,Orange,F,68,62.0,87.6,109,31.5,30.5,31.5,113,30.5,104,44.8,42.8,31.5 / 113,30.5 / 104
8086,SC,Tournament,M,72,75.0,101.8,144,37.4,37.6,37.4,147,37.6,141,51.1,50.7,37.4 / 147,37.6 / 141
8086,SC,Champion,M,72,73.7,99.5,139,36.9,36.8,36.9,141,36.8,137,50.0,49.5,36.9 / 141,36.8 / 137
8086,SC,Member,M,72,71.7,95.7,129,36.1,35.6,36.1,132,35.6,126,48.4,47.3,36.1 / 132,35.6 / 126
8086,SC,Rees,M,72,68.5,91.5,124,34.2,34.3,34.2,125,34.3,123,45.8,45.7,34.2 / 125,34.3 / 123
8086,SC,Alternate Rees,M,71,67.7,90.2,121,34.4,33.3,34.4,124,33.3,118,45.9,44.3,34.4 / 124,33.3 / 118
8086,SC,Jones,M,71,64.7,86.0,115,33.0,31.7,33.0,118,31.7,111,44.0,42.0,33.0 / 118,31.7 / 111
8086,SC,Member,F,73,77.8,111.1,141,39.3,38.5,39.3,137,38.5,145,55.5,55.6,39.3 / 137,38.5 / 145
8086,SC,Rees,F,73,74.3,106.0,135,37.3,37.0,37.3,129,37.0,140,52.5,53.5,37.3 / 129,37.0 / 140
8086,SC,Alternate Rees,F,72,73.6,104.2,130,37.6,36.0,37.6,129,36.0,131,52.8,51.4,37.6 / 129,36.0 / 131
8086,SC,Jones,F,72,69.3,98.1,123,35.8,33.5,35.8,125,33.5,120,50.5,47.6,35.8 / 125,33.5 / 120
8192,SC,Garnet,M,71,69.6,93.4,128,34.5,35.1,34.5,128,35.1,128,46.4,47.0,34.5 / 128,35.1 / 128
8192,SC,Combo #1,M,71,68.6,92.1,127,34.0,34.6,34.0,126,34.6,127,45.7,46.4,34.0 / 126,34.6 / 127
8192,SC,Green,M,71,67.7,90.8,125,33.4,34.3,33.4,124,34.3,125,44.9,45.9,33.4 / 124,34.3 / 125
8192,SC,Combo #2,M,71,66.3,88.6,120,33.0,33.3,33.0,119,33.3,121,44.1,44.5,33.0 / 119,33.3 / 121
8192,SC,Yellow,M,71,63.5,84.9,115,31.5,32.0,31.5,115,32.0,115,42.2,42.7,31.5 / 115,32.0 / 115
8192,SC,Black,M,70,60.5,80.0,105,30.3,30.2,30.3,104,30.2,105,40.0,40.0,30.3 / 104,30.2 / 105
8192,SC,Green,F,71,73.3,103.5,128,36.3,37.0,36.3,127,37.0,129,51.3,52.2,36.3 / 127,37.0 / 129
8192,SC,Combo #2,F,71,71.5,100.7,124,35.8,35.7,35.8,125,35.7,123,50.5,50.2,35.8 / 125,35.7 / 123
8192,SC,Yellow,F,71,67.9,95.5,117,33.9,34.0,33.9,117,34.0,117,47.7,47.8,33.9 / 117,34.0 / 117
8192,SC,Black,F,70,62.6,87.6,106,31.7,30.9,31.7,107,30.9,105,44.3,43.3,31.7 / 107,30.9 / 105
8230,SC,Championship,M,70,71.8,97.2,137,36.1,35.7,36.1,137,35.7,137,48.8,48.4,36.1 / 137,35.7 / 137
8230,SC,Back,M,70,70.6,95.1,132,35.5,35.1,35.5,135,35.1,129,48.0,47.1,35.5 / 135,35.1 / 129
8230,SC,Club,M,70,68.9,93.1,130,34.7,34.2,34.7,132,34.2,128,47.0,46.1,34.7 / 132,34.2 / 128
8230,SC,Member,M,70,68.3,91.7,126,34.5,33.8,34.5,126,33.8,126,46.2,45.5,34.5 / 126,33.8 / 126
8230,SC,Composite,M,70,64.9,87.1,120,32.3,32.6,32.3,118,32.6,121,43.3,43.8,32.3 / 118,32.6 / 121
8230,SC,Gold,M,70,62.9,84.2,115,31.6,31.3,31.6,114,31.3,115,42.2,42.0,31.6 / 114,31.3 / 115
8230,SC,Back,F,70,76.9,111.5,147,38.8,38.1,38.8,148,38.1,146,56.2,55.3,38.8 / 148,38.1 / 146
8230,SC,Club,F,70,75.1,108.7,143,38.0,37.1,38.0,143,37.1,142,54.9,53.8,38.0 / 143,37.1 / 142
8230,SC,Member,F,70,74.2,107.5,141,37.5,36.7,37.5,142,36.7,140,54.3,53.2,37.5 / 142,36.7 / 140
8230,SC,Composite,F,70,69.8,99.7,127,34.7,35.1,34.7,124,35.1,130,49.3,50.4,34.7 / 124,35.1 / 130
8230,SC,Gold,F,70,66.8,94.5,118,33.6,33.2,33.6,118,33.2,117,47.5,47.0,33.6 / 118,33.2 / 117
8368,SC,Blue,M,72,73.6,99.9,142,36.6,37.0,36.6,136,37.0,147,49.2,50.7,36.6 / 136,37.0 / 147
8368,SC,White,M,72,70.0,95.0,135,34.7,35.3,34.7,128,35.3,141,46.6,48.4,34.7 / 128,35.3 / 141
8368,SC,Gold,M,72,66.8,90.0,125,32.9,33.9,32.9,119,33.9,130,44.0,46.0,32.9 / 119,33.9 / 130
8368,SC,Red,M,72,66.1,88.6,121,32.5,33.6,32.5,118,33.6,124,43.5,45.1,32.5 / 118,33.6 / 124
8368,SC,Gold,F,72,72.5,102.3,126,35.6,36.9,35.6,121,36.9,131,49.9,52.4,35.6 / 121,36.9 / 131
8368,SC,Red,F,72,71.4,100.6,124,35.2,36.2,35.2,120,36.2,128,49.3,51.3,35.2 / 120,36.2 / 128
8353,SC,Blue,M,72,73.9,98.8,134,36.5,37.4,36.5,132,37.4,136,48.8,50.0,36.5 / 132,37.4 / 136
8353,SC,White,M,72,71.6,95.3,128,35.4,36.2,35.4,127,36.2,128,47.2,48.1,35.4 / 127,36.2 / 128
8353,SC,Gold,M,72,70.4,93.4,124,34.6,35.8,34.6,126,35.8,122,46.3,47.1,34.6 / 126,35.8 / 122
8353,SC,Red,M,72,65.1,84.9,107,32.2,32.9,32.2,105,32.9,108,42.0,42.9,32.2 / 105,32.9 / 108
8353,SC,White,F,72,77.8,110.3,138,38.3,39.5,38.3,138,39.5,137,54.6,55.7,38.3 / 138,39.5 / 137
8353,SC,Gold,F,72,76.0,107.7,135,37.3,38.7,37.3,134,38.7,135,53.1,54.6,37.3 / 134,38.7 / 135
8353,SC,Red,F,72,69.4,98.4,123,34.3,35.1,34.3,126,35.1,120,49.1,49.3,34.3 / 126,35.1 / 120
8103,SC,Medal,M,72,74.3,99.7,137,37.0,37.3,37.0,136,37.3,138,49.6,50.1,37.0 / 136,37.3 / 138
8103,SC,Member,M,72,71.4,95.4,129,35.8,35.6,35.8,126,35.6,132,47.5,47.9,35.8 / 126,35.6 / 132
8103,SC,Forward,M,72,68.4,90.9,122,34.1,34.3,34.1,121,34.3,122,45.3,45.6,34.1 / 121,34.3 / 122
8103,SC,Front,M,72,65.3,86.8,116,32.7,32.6,32.7,118,32.6,113,43.7,43.1,32.7 / 118,32.6 / 113
8103,SC,Member,F,72,77.6,111.1,142,39.0,38.6,39.0,142,38.6,142,55.8,55.3,39.0 / 142,38.6 / 142
8103,SC,Forward,F,72,74.1,105.9,135,37.2,36.9,37.2,135,36.9,135,53.1,52.8,37.2 / 135,36.9 / 135
8103,SC,Front,F,72,70.5,99.4,123,35.4,35.1,35.4,120,35.1,125,49.6,49.8,35.4 / 120,35.1 / 125
8233,SC,Black,M,72,72.4,98.2,139,35.7,36.7,35.7,136,36.7,142,48.3,49.9,35.7 / 136,36.7 / 142
8233,SC,Blended Back,M,72,71.1,96.2,135,35.0,36.1,35.0,133,36.1,137,47.4,48.8,35.0 / 133,36.1 / 137
8233,SC,Blue,M,72,70.5,95.0,132,34.5,36.0,34.5,131,36.0,132,46.7,48.3,34.5 / 131,36.0 / 132
8233,SC,Gray,M,72,68.1,91.5,126,33.3,34.8,33.3,128,34.8,124,45.2,46.3,33.3 / 128,34.8 / 124
8233,SC,Blended Front,M,72,64.9,85.7,112,32.1,32.8,32.1,117,32.8,107,43.0,42.7,32.1 / 117,32.8 / 107
8233,SC,Green,M,72,63.6,83.5,107,31.5,32.1,31.5,111,32.1,103,41.8,41.7,31.5 / 111,32.1 / 103
8233,SC,Black,F,72,78.7,114.1,150,38.7,40.0,38.7,148,40.0,152,56.2,57.9,38.7 / 148,40.0 / 152
8233,SC,Blended Back,F,72,76.8,111.5,147,37.8,39.0,37.8,146,39.0,148,55.0,56.5,37.8 / 146,39.0 / 148
8233,SC,Blue,F,72,75.9,110.0,145,37.3,38.6,37.3,143,38.6,146,54.2,55.8,37.3 / 143,38.6 / 146
8233,SC,Gray,F,72,72.6,103.6,132,35.6,37.0,35.6,132,37.0,131,51.2,52.4,35.6 / 132,37.0 / 131
8233,SC,Blended Front,F,72,68.7,96.2,117,34.1,34.6,34.1,125,34.6,109,48.8,47.4,34.1 / 125,34.6 / 109
8233,SC,Green,F,72,66.9,92.9,110,33.3,33.6,33.3,114,33.6,106,46.8,46.1,33.3 / 114,33.6 / 106
20633,SC,Blue,M,72,70.0,93.8,128,35.0,35.0,35.0,128,35.0,128,46.9,46.9,35.0 / 128,35.0 / 128
20633,SC,White,M,72,68.6,92.2,127,34.3,34.3,34.3,127,34.3,127,46.1,46.1,34.3 / 127,34.3 / 127
20633,SC,Red,M,72,65.6,86.0,110,32.8,32.8,32.8,110,32.8,110,43.0,43.0,32.8 / 110,32.8 / 110
20633,SC,Blue,F,72,76.2,108.0,135,38.1,38.1,38.1,135,38.1,135,54.0,54.0,38.1 / 135,38.1 / 135
20633,SC,White,F,72,74.4,105.2,131,37.2,37.2,37.2,131,37.2,131,52.6,52.6,37.2 / 131,37.2 / 131
20633,SC,Red,F,72,70.4,100.0,126,35.2,35.2,35.2,126,35.2,126,50.0,50.0,35.2 / 126,35.2 / 126
8149,SC,Blue,M,72,72.4,97.6,136,36.2,36.2,36.2,131,36.2,140,48.4,49.2,36.2 / 131,36.2 / 140
8149,SC,White,M,72,70.2,93.6,126,34.8,35.4,34.8,121,35.4,131,46.0,47.6,34.8 / 121,35.4 / 131
8149,SC,Gold,M,72,66.3,86.8,111,32.5,33.8,32.5,111,33.8,110,42.8,44.0,32.5 / 111,33.8 / 110
8149,SC,Senior Forward,M,72,62.7,81.9,103,30.8,31.9,30.8,103,31.9,103,40.4,41.5,30.8 / 103,31.9 / 103
8149,SC,White,F,72,76.0,108.9,140,37.7,38.3,37.7,132,38.3,147,53.3,55.6,37.7 / 132,38.3 / 147
8149,SC,Gold,F,72,71.0,101.4,129,35.1,35.9,35.1,122,35.9,136,49.5,51.9,35.1 / 122,35.9 / 136
8149,SC,Red,F,72,67.3,93.9,113,32.9,34.4,32.9,109,34.4,116,45.8,48.1,32.9 / 109,34.4 / 116
8124,SC,Blue,M,72,70.7,95.1,131,35.1,35.6,35.1,129,35.6,133,47.1,48.0,35.1 / 129,35.6 / 133
8124,SC,White,M,72,69.5,91.9,121,34.7,34.8,34.7,111,34.8,130,45.0,46.9,34.7 / 111,34.8 / 130
8124,SC,Gold,M,72,67.9,89.8,118,34.2,33.7,34.2,111,33.7,124,44.6,45.2,34.2 / 111,33.7 / 124
8124,SC,Silver,M,72,63.3,84.1,112,31.5,31.8,31.5,108,31.8,116,41.5,42.6,31.5 / 108,31.8 / 116
8124,SC,White,F,72,74.5,105.9,133,36.7,37.8,36.7,128,37.8,138,51.8,54.1,36.7 / 128,37.8 / 138
8124,SC,Gold,F,72,72.9,103.1,128,36.4,36.5,36.4,126,36.5,130,51.3,51.8,36.4 / 126,36.5 / 130
8124,SC,Red,F,72,67.5,94.7,115,33.4,34.1,33.4,109,34.1,121,46.3,48.4,33.4 / 109,34.1 / 121
8290,SC,Blue,M,70,67.9,91.1,125,33.6,34.3,33.6,116,34.3,133,44.4,46.7,33.6 / 116,34.3 / 133
8290,SC,White,M,70,66.2,88.1,118,32.5,33.7,32.5,113,33.7,123,43.0,45.1,32.5 / 113,33.7 / 123
8290,SC,Red,M,70,61.9,79.9,97,30.8,31.1,30.8,97,31.1,97,39.8,40.1,30.8 / 97,31.1 / 97
8290,SC,Blue,F,71,73.5,104.7,133,36.1,37.4,36.1,123,37.4,142,50.6,54.1,36.1 / 123,37.4 / 142
8290,SC,White,F,71,71.3,100.6,124,35.0,36.3,35.0,114,36.3,134,48.5,52.1,35.0 / 114,36.3 / 134
8290,SC,Red,F,71,65.0,90.7,109,32.0,33.0,32.0,104,33.0,114,44.3,46.4,32.0 / 104,33.0 / 114
8127,SC,No. 1,M,72,73.6,102.7,154,36.6,37.0,36.6,155,37.0,153,51.5,51.2,36.6 / 155,37.0 / 153
8127,SC,No. 2,M,72,71.6,98.1,143,35.8,35.8,35.8,137,35.8,149,48.5,49.6,35.8 / 137,35.8 / 149
8127,SC,No. 2 / No. 3,M,72,70.9,97.0,140,35.4,35.5,35.4,133,35.5,147,47.8,49.2,35.4 / 133,35.5 / 147
8127,SC,No. 3,M,72,69.8,95.3,137,34.7,35.1,34.7,133,35.1,141,47.1,48.2,34.7 / 133,35.1 / 141
8127,SC,No. 3 / No. 4,M,72,68.8,93.4,133,34.3,34.5,34.3,129,34.5,136,46.3,47.1,34.3 / 129,34.5 / 136
8127,SC,No. 4,M,72,67.6,90.7,125,33.7,33.9,33.7,123,33.9,126,45.1,45.6,33.7 / 123,33.9 / 126
8127,SC,No. 4 / No. 5,M,72,65.4,88.0,122,32.5,32.9,32.5,122,32.9,122,43.8,44.2,32.5 / 122,32.9 / 122
8127,SC,No. 5,M,72,63.6,85.9,120,31.8,31.8,31.8,121,31.8,119,43.0,42.9,31.8 / 121,31.8 / 119
8127,SC,No. 5 / No. 6,M,68,61.3,82.5,114,30.8,30.5,30.8,116,30.5,112,41.6,40.9,30.8 / 116,30.5 / 112
8127,SC,No. 6,M,66,60.4,81.0,111,30.2,30.2,30.2,112,30.2,110,40.6,40.4,30.2 / 112,30.2 / 110
8127,SC,No. 3,F,72,75.6,112.5,155,37.5,38.1,37.5,155,38.1,155,55.8,56.7,37.5 / 155,38.1 / 155
8127,SC,No. 3 / No. 4,F,72,74.5,109.7,149,37.1,37.4,37.1,145,37.4,153,54.2,55.5,37.1 / 145,37.4 / 153
8127,SC,No. 4,F,72,73.1,105.7,138,36.3,36.8,36.3,138,36.8,138,52.6,53.1,36.3 / 138,36.8 / 138
8127,SC,No. 4 / No. 5,F,72,70.7,101.6,131,35.4,35.3,35.4,131,35.3,131,50.8,50.8,35.4 / 131,35.3 / 131
8127,SC,No. 5,F,72,68.6,97.9,124,34.4,34.2,34.4,121,34.2,127,48.7,49.2,34.4 / 121,34.2 / 127
8127,SC,No. 5 / No. 6,F,72,63.7,91.9,120,32.2,31.5,32.2,119,31.5,120,46.2,45.7,32.2 / 119,31.5 / 120
8127,SC,No. 6,F,72,61.9,88.8,114,31.0,30.9,31.0,111,30.9,117,44.1,44.7,31.0 / 111,30.9 / 117
8241,SC,Barrel,M,72,75.4,102.5,146,38.1,37.3,38.1,153,37.3,139,52.3,50.2,38.1 / 153,37.3 / 139
8241,SC,Tee 1,M,72,72.8,99.0,141,36.7,36.1,36.7,147,36.1,135,50.4,48.6,36.7 / 147,36.1 / 135
8241,SC,Tee 2,M,72,71.1,96.6,137,35.5,35.6,35.5,144,35.6,130,48.9,47.7,35.5 / 144,35.6 / 130
8241,SC,Tee 2/3,M,72,68.7,93.6,134,34.2,34.5,34.2,142,34.5,126,47.4,46.2,34.2 / 142,34.5 / 126
8241,SC,Tee 3,M,72,67.9,92.2,131,33.8,34.1,33.8,138,34.1,124,46.6,45.6,33.8 / 138,34.1 / 124
8241,SC,Tee 4,M,72,64.2,85.8,116,32.2,32.0,32.2,117,32.0,115,43.1,42.7,32.2 / 117,32.0 / 115
8241,SC,Tee 4/5,M,70,62.5,83.6,114,31.4,31.1,31.4,115,31.1,112,42.1,41.5,31.4 / 115,31.1 / 112
8241,SC,Tee 5,M,68,60.5,80.7,109,30.5,30.0,30.5,111,30.0,107,40.8,39.9,30.5 / 111,30.0 / 107
8241,SC,Tee 2,F,72,77.0,111.5,147,38.5,38.5,38.5,147,38.5,146,55.8,55.7,38.5 / 147,38.5 / 146
8241,SC,Tee 2/3,F,72,74.3,107.5,141,37.2,37.1,37.2,141,37.1,141,53.8,53.7,37.2 / 141,37.1 / 141
8241,SC,Tee 3,F,72,73.4,106.1,139,36.7,36.7,36.7,139,36.7,138,53.1,53.0,36.7 / 139,36.7 / 138
8241,SC,Tee 4,F,72,69.1,99.1,127,34.5,34.6,34.5,128,34.6,126,49.6,49.5,34.5 / 128,34.6 / 126
8241,SC,Tee 4/5,F,70,66.5,95.2,122,33.4,33.1,33.4,124,33.1,120,48.0,47.2,33.4 / 124,33.1 / 120
8241,SC,Tee 5,F,68,63.1,90.1,115,31.8,31.3,31.8,117,31.3,112,45.6,44.5,31.8 / 117,31.3 / 112
8143,SC,Renegade,M,72,74.0,99.8,139,36.6,37.4,36.6,133,37.4,144,49.0,50.8,36.6 / 133,37.4 / 144
8143,SC,Tee 1,M,72,72.1,97.0,134,35.8,36.3,35.8,129,36.3,139,47.8,49.2,35.8 / 129,36.3 / 139
8143,SC,Tee 2,M,72,69.7,93.8,130,34.5,35.2,34.5,127,35.2,132,46.3,47.5,34.5 / 127,35.2 / 132
8143,SC,Tee 2 / 3,M,72,68.8,92.2,126,34.3,34.5,34.3,123,34.5,129,45.7,46.5,34.3 / 123,34.5 / 129
8143,SC,Tee 3,M,72,67.5,90.0,121,33.8,33.7,33.8,118,33.7,124,44.8,45.2,33.8 / 118,33.7 / 124
8143,SC,Tee 4,M,72,64.2,85.7,116,31.9,32.3,31.9,112,32.3,119,42.3,43.4,31.9 / 112,32.3 / 119
8143,SC,Tee 5,M,72,62.7,83.3,111,31.6,31.1,31.6,110,31.1,112,41.8,41.5,31.6 / 110,31.1 / 112
8143,SC,Tee 2,F,72,75.5,107.9,138,37.3,38.2,37.3,133,38.2,142,53.0,54.9,37.3 / 133,38.2 / 142
8143,SC,Tee 3,F,72,72.8,103.3,130,36.3,36.5,36.3,129,36.5,130,51.5,51.8,36.3 / 129,36.5 / 130
8143,SC,Tee 4,F,72,69.1,97.6,121,34.2,34.9,34.2,120,34.9,122,48.3,49.3,34.2 / 120,34.9 / 122
8143,SC,Tee 4 / 5,F,72,67.4,94.8,116,33.8,33.6,33.8,114,33.6,118,47.3,47.5,33.8 / 114,33.6 / 118
8143,SC,Tee 5,F,72,66.2,92.7,113,33.3,32.9,33.3,112,32.9,113,46.5,46.2,33.3 / 112,32.9 / 113
8155,SC,Barrel,M,71,74.2,102.3,152,37.2,37.0,37.2,153,37.0,150,51.4,50.9,37.2 / 153,37.0 / 150
8155,SC,No. 1,M,71,72.4,99.8,148,36.4,36.0,36.4,151,36.0,144,50.4,49.4,36.4 / 151,36.0 / 144
8155,SC,No. 2,M,71,70.3,96.0,139,35.3,35.0,35.3,142,35.0,135,48.5,47.5,35.3 / 142,35.0 / 135
8155,SC,Cork,M,71,69.4,94.7,136,34.8,34.6,34.8,140,34.6,132,47.8,46.9,34.8 / 140,34.6 / 132
8155,SC,No. 3,M,71,68.6,92.3,128,34.1,34.5,34.1,128,34.5,127,46.0,46.3,34.1 / 128,34.5 / 127
8155,SC,No. 4,M,71,64.0,84.1,108,31.8,32.2,31.8,105,32.2,111,41.6,42.5,31.8 / 105,32.2 / 111
8155,SC,Bear Paw,M,71,60.9,79.9,102,30.5,30.4,30.5,99,30.4,105,39.7,40.2,30.5 / 99,30.4 / 105
8155,SC,No. 2,F,71,76.6,110.5,144,38.5,38.1,38.5,149,38.1,138,56.1,54.4,38.5 / 149,38.1 / 138
8155,SC,Cork,F,71,75.1,108.3,141,37.8,37.3,37.8,147,37.3,135,55.1,53.2,37.8 / 147,37.3 / 135
8155,SC,No. 3,F,71,74.0,106.5,138,37.1,36.9,37.1,142,36.9,133,53.9,52.6,37.1 / 142,36.9 / 133
8155,SC,No. 4,F,71,68.3,97.1,122,34.1,34.2,34.1,128,34.2,116,49.2,47.9,34.1 / 128,34.2 / 116
8155,SC,Bear Paw,F,71,63.6,89.4,109,32.0,31.6,32.0,114,31.6,104,45.5,43.9,32.0 / 114,31.6 / 104
23587,SC,The Hound,M,72,74.5,100.9,142,36.9,37.6,36.9,144,37.6,140,50.3,50.6,36.9 / 144,37.6 / 140
23587,SC,No. 1,M,72,72.7,98.5,139,36.3,36.4,36.3,141,36.4,137,49.4,49.1,36.3 / 141,36.4 / 137
23587,SC,No. 2,M,72,70.1,94.1,129,34.6,35.5,34.6,128,35.5,130,46.5,47.6,34.6 / 128,35.5 / 130
23587,SC,Combo,M,72,68.8,92.4,127,34.2,34.6,34.2,126,34.6,128,45.9,46.5,34.2 / 126,34.6 / 128
23587,SC,No. 3,M,72,67.5,90.3,123,33.6,33.9,33.6,123,33.9,123,45.0,45.3,33.6 / 123,33.9 / 123
23587,SC,No. 4,M,72,64.8,84.7,107,32.1,32.7,32.1,104,32.7,110,41.8,42.9,32.1 / 104,32.7 / 110
23587,SC,No. 4 / 5,M,72,63.3,82.5,103,31.6,31.7,31.6,101,31.7,105,41.0,41.5,31.6 / 101,31.7 / 105
23587,SC,No. 5,M,72,62.0,80.6,100,31.1,30.9,31.1,99,30.9,101,40.3,40.3,31.1 / 99,30.9 / 101
23587,SC,No. 2,F,72,75.9,108.4,138,37.5,38.4,37.5,136,38.4,140,53.5,54.9,37.5 / 136,38.4 / 140
23587,SC,Combo,F,72,74.4,106.1,135,36.9,37.5,36.9,132,37.5,137,52.5,53.6,36.9 / 132,37.5 / 137
23587,SC,No. 3,F,72,73.0,103.9,131,36.3,36.7,36.3,130,36.7,132,51.6,52.3,36.3 / 130,36.7 / 132
23587,SC,No. 4,F,72,69.2,97.8,121,34.0,35.2,34.0,120,35.2,122,48.2,49.6,34.0 / 120,35.2 / 122
23587,SC,No. 4 / 5,F,72,66.9,93.4,113,33.3,33.6,33.3,109,33.6,116,46.1,47.3,33.3 / 109,33.6 / 116
23587,SC,No. 5,F,72,65.0,90.1,106,32.8,32.2,32.8,103,32.2,109,45.0,45.1,32.8 / 103,32.2 / 109
20975,SC,Turkey,M,72,73.9,99.3,137,36.9,37.0,36.9,139,37.0,135,49.8,49.5,36.9 / 139,37.0 / 135
20975,SC,Boar,M,72,71.9,96.1,130,36.0,35.9,36.0,133,35.9,127,48.4,47.7,36.0 / 133,35.9 / 127
20975,SC,Stag,M,72,69.6,93.3,128,35.1,34.5,35.1,129,34.5,126,47.1,46.2,35.1 / 129,34.5 / 126
20975,SC,Stag / Bear,M,72,68.5,91.2,123,34.6,33.9,34.6,124,33.9,121,46.1,45.1,34.6 / 124,33.9 / 121
20975,SC,Bear,M,72,67.4,89.0,116,33.9,33.5,33.9,116,33.5,116,44.7,44.3,33.9 / 116,33.5 / 116
20975,SC,Bear / Coyote,M,72,65.1,86.2,114,32.5,32.6,32.5,116,32.6,111,43.3,42.9,32.5 / 116,32.6 / 111
20975,SC,Coyote,M,72,64.4,85.0,111,32.2,32.2,32.2,112,32.2,110,42.6,42.4,32.2 / 112,32.2 / 110
20975,SC,Coyote / Hawk,M,72,62.7,82.7,108,31.4,31.3,31.4,111,31.3,104,41.7,41.0,31.4 / 111,31.3 / 104
20975,SC,Hawk,M,72,61.6,80.8,103,30.9,30.7,30.9,105,30.7,101,40.7,40.1,30.9 / 105,30.7 / 101
20975,SC,Bear,F,72,72.7,102.0,125,36.4,36.3,36.4,125,36.3,124,51.1,50.9,36.4 / 125,36.3 / 124
20975,SC,Bear / Coyote,F,72,70.6,98.8,120,35.5,35.1,35.5,120,35.1,119,49.7,49.1,35.5 / 120,35.1 / 119
20975,SC,Coyote,F,72,69.5,97.4,119,34.9,34.6,34.9,118,34.6,119,48.8,48.6,34.9 / 118,34.6 / 119
20975,SC,Coyote / Hawk,F,72,67.7,94.2,113,34.2,33.5,34.2,112,33.5,113,47.4,46.8,34.2 / 112,33.5 / 113
20975,SC,Hawk,F,72,65.3,91.1,109,32.9,32.4,32.9,109,32.4,109,45.8,45.3,32.9 / 109,32.4 / 109
8249,SC,Blue,M,72,72.7,98.8,141,36.8,35.9,36.8,143,35.9,138,50.1,48.7,36.8 / 143,35.9 / 138
8249,SC,Member,M,72,71.0,96.6,138,35.9,35.1,35.9,141,35.1,135,49.0,47.6,35.9 / 141,35.1 / 135
8249,SC,White,M,72,69.8,94.1,131,35.2,34.6,35.2,138,34.6,124,48.0,46.1,35.2 / 138,34.6 / 124
8249,SC,White / Gold,M,72,68.3,91.8,126,34.7,33.6,34.7,133,33.6,119,47.1,44.7,34.7 / 133,33.6 / 119
8249,SC,Gold,M,72,67.1,89.3,120,33.9,33.2,33.9,124,33.2,115,45.4,43.9,33.9 / 124,33.2 / 115
8249,SC,Gold / Red,M,72,64.7,86.0,115,32.7,32.0,32.7,119,32.0,110,43.8,42.2,32.7 / 119,32.0 / 110
8249,SC,Red,M,72,63.5,84.3,112,31.9,31.6,31.9,115,31.6,109,42.6,41.7,31.9 / 115,31.6 / 109
8249,SC,White,F,72,76.0,109.9,144,38.6,37.4,38.6,146,37.4,142,55.8,54.1,38.6 / 146,37.4 / 142
8249,SC,White / Gold,F,72,74.3,107.5,141,37.8,36.5,37.8,146,36.5,136,55.0,52.5,37.8 / 146,36.5 / 136
8249,SC,Gold,F,72,72.2,104.1,136,36.6,35.6,36.6,137,35.6,134,52.7,51.4,36.6 / 137,35.6 / 134
8249,SC,Gold / Red,F,72,69.2,98.3,124,35.5,33.7,35.5,126,33.7,121,50.3,48.0,35.5 / 126,33.7 / 121
8249,SC,Red,F,72,67.1,94.7,117,33.9,33.2,33.9,118,33.2,116,47.8,46.9,33.9 / 118,33.2 / 116
8188,SC,Blue,M,72,73.8,101.0,147,37.2,36.6,37.2,138,36.6,155,50.0,51.0,37.2 / 138,36.6 / 155
8188,SC,White,M,72,71.6,98.2,144,36.0,35.6,36.0,137,35.6,150,48.7,49.5,36.0 / 137,35.6 / 150
8188,SC,Gold,M,72,68.9,92.3,126,34.5,34.4,34.5,125,34.4,127,46.1,46.2,34.5 / 125,34.4 / 127
8188,SC,Red,M,72,64.9,86.6,117,32.3,32.6,32.3,118,32.6,115,43.3,43.3,32.3 / 118,32.6 / 115
8188,SC,White,F,72,78.2,113.9,152,39.3,38.9,39.3,150,38.9,153,57.0,56.9,39.3 / 150,38.9 / 153
8188,SC,Gold,F,72,75.1,109.2,145,37.8,37.3,37.8,143,37.3,146,54.7,54.5,37.8 / 143,37.3 / 146
8188,SC,Red,F,72,70.2,99.4,124,35.2,35.0,35.2,124,35.0,124,49.8,49.6,35.2 / 124,35.0 / 124
8052,SC,Garnet,M,71,71.5,96.4,134,36.5,35.0,36.5,142,35.0,126,49.7,46.7,36.5 / 142,35.0 / 126
8052,SC,Blue,M,71,68.9,92.5,127,35.3,33.6,35.3,137,33.6,117,48.0,44.5,35.3 / 137,33.6 / 117
8052,SC,Black,M,71,65.3,86.8,116,33.0,32.3,33.0,122,32.3,110,44.3,42.5,33.0 / 122,32.3 / 110
8052,SC,Green,M,71,62.4,83.1,112,31.3,31.1,31.3,114,31.1,109,41.9,41.2,31.3 / 114,31.1 / 109
8052,SC,Blue,F,71,74.0,105.1,132,38.1,35.9,38.1,137,35.9,127,54.2,50.9,38.1 / 137,35.9 / 127
8052,SC,Black,F,71,70.6,99.4,123,36.0,34.6,36.0,125,34.6,120,50.7,48.7,36.0 / 125,34.6 / 120
8052,SC,Green,F,71,66.5,94.0,117,33.5,33.0,33.5,120,33.0,114,47.6,46.4,33.5 / 120,33.0 / 114
8054,SC,Garnet,M,71,72.4,97.8,137,35.9,36.5,35.9,131,36.5,142,48.1,49.7,35.9 / 131,36.5 / 142
8054,SC,Blue,M,71,70.1,94.2,130,34.8,35.3,34.8,123,35.3,137,46.2,48.0,34.8 / 123,35.3 / 137
8054,SC,Black,M,71,66.4,88.8,121,33.4,33.0,33.4,119,33.0,122,44.5,44.3,33.4 / 119,33.0 / 122
8054,SC,Green,M,71,63.0,83.9,113,31.7,31.3,31.7,111,31.3,114,42.0,41.9,31.7 / 111,31.3 / 114
8054,SC,Blue,F,71,75.3,107.3,136,37.2,38.1,37.2,135,38.1,137,53.1,54.2,37.2 / 135,38.1 / 137
8054,SC,Black,F,71,71.9,101.7,127,35.9,36.0,35.9,128,36.0,125,51.0,50.7,35.9 / 128,36.0 / 125
8054,SC,Green,F,71,67.2,94.9,118,33.7,33.5,33.7,115,33.5,120,47.3,47.6,33.7 / 115,33.5 / 120
8053,SC,Garnet,M,70,70.9,94.8,129,35.0,35.9,35.0,126,35.9,131,46.7,48.1,35.0 / 126,35.9 / 131
8053,SC,Blue,M,70,68.4,90.7,120,33.6,34.8,33.6,117,34.8,123,44.5,46.2,33.6 / 117,34.8 / 123
8053,SC,Black,M,70,65.7,87.0,115,32.3,33.4,32.3,110,33.4,119,42.5,44.5,32.3 / 110,33.4 / 119
8053,SC,Green,M,70,62.8,83.2,110,31.1,31.7,31.1,109,31.7,111,41.2,42.0,31.1 / 109,31.7 / 111
8053,SC,Blue,F,70,73.1,104.0,131,35.9,37.2,35.9,127,37.2,135,50.9,53.1,35.9 / 127,37.2 / 135
8053,SC,Black,F,70,70.5,99.7,124,34.6,35.9,34.6,120,35.9,128,48.7,51.0,34.6 / 120,35.9 / 128
8053,SC,Green,F,70,66.7,93.7,115,33.0,33.7,33.0,114,33.7,115,46.4,47.3,33.0 / 114,33.7 / 115
17917,SC,Green,M,72,73.9,99.6,139,36.9,37.0,36.9,140,37.0,137,49.9,49.7,36.9 / 140,37.0 / 137
17917,SC,Blue,M,72,72.0,97.0,135,36.1,35.9,36.1,137,35.9,132,48.8,48.2,36.1 / 137,35.9 / 132
17917,SC,White,M,72,69.8,93.1,126,34.9,34.9,34.9,128,34.9,123,46.8,46.3,34.9 / 128,34.9 / 123
17917,SC,Gold,M,72,68.0,90.1,119,33.7,34.3,33.7,117,34.3,121,44.6,45.5,33.7 / 117,34.3 / 121
17917,SC,Red,M,72,66.4,87.0,111,32.9,33.5,32.9,111,33.5,111,43.2,43.8,32.9 / 111,33.5 / 111
17917,SC,Orange,M,68,62.3,81.2,102,30.9,31.4,30.9,101,31.4,102,40.3,40.9,30.9 / 101,31.4 / 102
17917,SC,Red,F,72,71.4,99.6,120,35.3,36.1,35.3,120,36.1,120,49.4,50.2,35.3 / 120,36.1 / 120
17917,SC,Orange,F,72,64.6,90.1,108,32.2,32.4,32.2,107,32.4,109,44.8,45.3,32.2 / 107,32.4 / 109
8185,SC,Black,M,72,76.5,105.0,154,37.9,38.6,37.9,154,38.6,153,52.2,52.8,37.9 / 154,38.6 / 153
8185,SC,Silver,M,72,73.7,101.1,147,36.8,36.9,36.8,147,36.9,147,50.5,50.6,36.8 / 147,36.9 / 147
8185,SC,Blue,M,72,71.7,98.5,144,35.9,35.8,35.9,146,35.8,142,49.5,49.0,35.9 / 146,35.8 / 142
8185,SC,White,M,72,70.5,95.8,137,35.2,35.3,35.2,138,35.3,135,48.0,47.8,35.2 / 138,35.3 / 135
8185,SC,Gold,M,72,69.2,93.6,131,34.5,34.7,34.5,130,34.7,132,46.6,47.0,34.5 / 130,34.7 / 132
8185,SC,Green,M,72,66.7,89.6,124,33.6,33.1,33.6,126,33.1,121,45.3,44.3,33.6 / 126,33.1 / 121
8185,SC,Red,M,72,65.0,87.5,121,32.4,32.6,32.4,123,32.6,119,43.8,43.7,32.4 / 123,32.6 / 119
8185,SC,Black,F,78,83.9,122.6,155,41.5,42.4,41.5,155,42.4,155,60.5,62.1,41.5 / 155,42.4 / 155
8185,SC,Silver,F,75,80.4,117.3,155,40.1,40.3,40.1,155,40.3,155,58.4,58.9,40.1 / 155,40.3 / 155
8185,SC,Blue,F,73,78.4,114.3,152,39.2,39.2,39.2,151,39.2,153,57.0,57.3,39.2 / 151,39.2 / 153
8185,SC,White,F,72,76.6,111.7,149,38.2,38.4,38.2,148,38.4,150,55.6,56.1,38.2 / 148,38.4 / 150
8185,SC,Gold,F,72,75.2,109.5,146,37.3,37.9,37.3,143,37.9,148,54.2,55.3,37.3 / 143,37.9 / 148
8185,SC,Green,F,72,72.2,104.1,135,36.3,35.9,36.3,137,35.9,133,52.5,51.6,36.3 / 137,35.9 / 133
8185,SC,Red,F,72,70.5,101.6,132,35.1,35.4,35.1,132,35.4,131,50.7,50.9,35.1 / 132,35.4 / 131
8186,SC,Black,M,72,75.1,102.1,145,37.6,37.5,37.6,144,37.5,146,51.0,51.1,37.6 / 144,37.5 / 146
8186,SC,Silver,M,72,73.8,100.5,144,36.9,36.9,36.9,142,36.9,145,50.1,50.4,36.9 / 142,36.9 / 145
8186,SC,Blue,M,72,72.6,98.7,141,36.4,36.2,36.4,140,36.2,141,49.4,49.3,36.4 / 140,36.2 / 141
8186,SC,White,M,72,70.7,95.4,133,35.4,35.3,35.4,137,35.3,129,48.1,47.3,35.4 / 137,35.3 / 129
8186,SC,Gold,M,72,69.2,93.2,130,34.7,34.5,34.7,136,34.5,123,47.3,45.9,34.7 / 136,34.5 / 123
8186,SC,Green,M,72,67.8,91.0,125,34.1,33.7,34.1,130,33.7,119,46.2,44.8,34.1 / 130,33.7 / 119
8186,SC,Red,M,72,65.1,87.5,121,32.7,32.4,32.7,124,32.4,117,44.2,43.3,32.7 / 124,32.4 / 117
8186,SC,Black,F,76,82.0,118.7,154,41.0,41.0,41.0,152,41.0,155,58.9,59.8,41.0 / 152,41.0 / 155
8186,SC,Silver,F,74,80.5,116.6,152,40.2,40.3,40.2,149,40.3,155,57.8,58.8,40.2 / 149,40.3 / 155
8186,SC,Blue,F,73,79.0,114.2,150,39.6,39.4,39.6,146,39.4,153,56.8,57.4,39.6 / 146,39.4 / 153
8186,SC,White,F,72,76.9,111.2,145,38.6,38.3,38.6,142,38.3,148,55.4,55.8,38.6 / 142,38.3 / 148
8186,SC,Gold,F,72,74.7,108.0,141,37.6,37.1,37.6,138,37.1,144,53.9,54.1,37.6 / 138,37.1 / 144
8186,SC,Green,F,72,73.2,104.5,133,37.0,36.2,37.0,131,36.2,134,52.5,52.0,37.0 / 131,36.2 / 134
8186,SC,Red,F,72,70.7,99.2,121,35.2,35.5,35.2,127,35.5,114,50.2,49.0,35.2 / 127,35.5 / 114
13600,SC,Blue,M,71,69.4,94.0,133,34.7,34.7,34.7,127,34.7,138,46.5,47.5,34.7 / 127,34.7 / 138
13600,SC,White,M,71,67.0,89.8,123,33.5,33.5,33.5,122,33.5,124,44.8,45.0,33.5 / 122,33.5 / 124
13600,SC,Gold,M,71,64.5,85.4,113,32.4,32.1,32.4,113,32.1,112,42.9,42.5,32.4 / 113,32.1 / 112
13600,SC,Red,M,71,62.0,81.8,107,31.2,30.8,31.2,107,30.8,107,41.1,40.7,31.2 / 107,30.8 / 107
13600,SC,Blue,F,72,76.1,111.4,149,37.8,38.3,37.8,155,38.3,143,56.2,55.2,37.8 / 155,38.3 / 143
13600,SC,White,F,71,72.7,105.6,140,36.5,36.2,36.5,138,36.2,141,52.8,52.8,36.5 / 138,36.2 / 141
13600,SC,Gold,F,71,70.0,100.3,129,35.3,34.7,35.3,127,34.7,130,50.3,50.0,35.3 / 127,34.7 / 130
13600,SC,Red,F,71,65.8,92.2,112,33.4,32.4,33.4,112,32.4,112,46.6,45.6,33.4 / 112,32.4 / 112
35745,SC,I,M,72,75.1,102.7,144,38.4,36.7,38.4,155,36.7,133,53.6,49.1,38.4 / 155,36.7 / 133
35745,SC,I & II,M,72,73.5,100.6,144,37.8,35.7,37.8,155,35.7,132,52.6,48.0,37.8 / 155,35.7 / 132
35745,SC,II,M,72,72.5,99.1,142,37.3,35.2,37.3,155,35.2,128,52.0,47.1,37.3 / 155,35.2 / 128
35745,SC,II & III,M,72,70.5,95.7,136,36.0,34.5,36.0,144,34.5,127,49.4,46.3,36.0 / 144,34.5 / 127
35745,SC,III,M,72,68.9,93.2,131,35.1,33.8,35.1,142,33.8,119,48.3,44.9,35.1 / 142,33.8 / 119
35745,SC,III & IV,M,72,67.3,90.4,124,34.4,32.9,34.4,129,32.9,119,46.4,44.0,34.4 / 129,32.9 / 119
35745,SC,IV,M,72,65.5,87.6,119,33.2,32.3,33.2,119,32.3,118,44.3,43.3,33.2 / 119,32.3 / 118
35745,SC,II & III,F,72,76.1,108.8,139,38.7,37.4,38.7,145,37.4,132,55.8,53.0,38.7 / 145,37.4 / 132
35745,SC,III,F,72,74.6,106.6,136,38.1,36.5,38.1,142,36.5,129,54.9,51.7,38.1 / 142,36.5 / 129
35745,SC,III & IV,F,72,72.6,103.5,131,36.9,35.7,36.9,137,35.7,125,53.1,50.4,36.9 / 137,35.7 / 125
35745,SC,IV,F,72,70.8,100.8,127,35.6,35.2,35.6,132,35.2,122,51.2,49.6,35.6 / 132,35.2 / 122
36093,SC,I,M,72,77.3,106.7,154,38.8,38.5,38.8,153,38.5,155,53.0,53.7,38.8 / 153,38.5 / 155
36093,SC,I & II,M,72,75.5,104.2,153,37.7,37.8,37.7,150,37.8,155,51.6,52.6,37.7 / 150,37.8 / 155
36093,SC,II,M,72,74.6,102.9,151,37.3,37.3,37.3,146,37.3,155,50.9,52.0,37.3 / 146,37.3 / 155
36093,SC,II & III,M,72,72.1,98.6,143,36.1,36.0,36.1,141,36.0,144,49.2,49.4,36.1 / 141,36.0 / 144
36093,SC,III,M,72,70.7,96.9,141,35.6,35.1,35.6,140,35.1,142,48.6,48.3,35.6 / 140,35.1 / 142
36093,SC,III & IV,M,72,68.6,93.6,135,34.2,34.4,34.2,140,34.4,129,47.2,46.4,34.2 / 140,34.4 / 129
36093,SC,IV,M,72,65.8,89.0,125,32.6,33.2,32.6,130,33.2,119,44.7,44.3,32.6 / 130,33.2 / 119
36093,SC,II & III,F,72,77.8,112.6,148,39.1,38.7,39.1,150,38.7,145,56.8,55.8,39.1 / 150,38.7 / 145
36093,SC,III,F,72,76.8,111.0,145,38.7,38.1,38.7,148,38.1,142,56.1,54.9,38.7 / 148,38.1 / 142
36093,SC,III & IV,F,72,74.3,107.2,140,37.4,36.9,37.4,142,36.9,137,54.1,53.1,37.4 / 142,36.9 / 137
36093,SC,IV,F,72,71.2,102.3,132,35.6,35.6,35.6,131,35.6,132,51.1,51.2,35.6 / 131,35.6 / 132
36971,SC,I,M,36,36.7,49.1,133,36.7,,36.7,133,,,49.1,,36.7 / 133,/
36971,SC,I & II,M,36,35.7,48.0,132,35.7,,35.7,132,,,48.0,,35.7 / 132,/
36971,SC,II,M,36,35.2,47.1,128,35.2,,35.2,128,,,47.1,,35.2 / 128,/
36971,SC,II & III,M,36,34.5,46.3,127,34.5,,34.5,127,,,46.3,,34.5 / 127,/
36971,SC,III,M,36,33.8,44.9,119,33.8,,33.8,119,,,44.9,,33.8 / 119,/
36971,SC,III & IV,M,36,32.9,43.9,118,32.9,,32.9,118,,,43.9,,32.9 / 118,/
36971,SC,IV,M,36,32.3,43.3,118,32.3,,32.3,118,,,43.3,,32.3 / 118,/
36971,SC,II,F,36,38.1,54.1,136,38.1,,38.1,136,,,54.1,,38.1 / 136,/
36971,SC,II & III,F,36,37.4,53.0,132,37.4,,37.4,132,,,53.0,,37.4 / 132,/
36971,SC,III,F,36,36.5,51.7,129,36.5,,36.5,129,,,51.7,,36.5 / 129,/
36971,SC,III & IV,F,36,35.7,50.4,125,35.7,,35.7,125,,,50.4,,35.7 / 125,/
36971,SC,IV,F,36,35.2,49.6,122,35.2,,35.2,122,,,49.6,,35.2 / 122,/
36261,SC,I,M,72,75.4,102.1,144,36.7,38.7,36.7,135,38.7,153,49.2,52.9,36.7 / 135,38.7 / 153
36261,SC,I & II,M,72,73.4,99.6,141,35.8,37.6,35.8,132,37.6,150,48.1,51.5,35.8 / 132,37.6 / 150
36261,SC,II,M,72,72.5,98.0,137,35.3,37.2,35.3,128,37.2,146,47.2,50.8,35.3 / 128,37.2 / 146
36261,SC,II & III,M,72,70.6,95.5,134,34.6,36.0,34.6,127,36.0,141,46.4,49.1,34.6 / 127,36.0 / 141
36261,SC,III,M,72,69.5,93.4,129,33.9,35.6,33.9,119,35.6,138,45.0,48.4,33.9 / 119,35.6 / 138
36261,SC,III & IV,M,72,67.0,90.8,128,33.0,34.0,33.0,118,34.0,138,44.0,46.8,33.0 / 118,34.0 / 138
36261,SC,IV,M,72,64.9,88.0,124,32.4,32.5,32.4,118,32.5,130,43.4,44.6,32.4 / 118,32.5 / 130
36261,SC,II,F,72,78.6,113.0,146,38.2,40.4,38.2,137,40.4,155,54.3,58.7,38.2 / 137,40.4 / 155
36261,SC,II & III,F,72,76.5,109.8,141,37.5,39.0,37.5,133,39.0,149,53.2,56.6,37.5 / 133,39.0 / 149
36261,SC,III,F,72,75.2,107.8,139,36.6,38.6,36.6,130,38.6,147,51.9,55.9,36.6 / 130,38.6 / 147
36261,SC,III & IV,F,72,72.8,104.1,133,35.8,37.0,35.8,125,37.0,141,50.5,53.6,35.8 / 125,37.0 / 141
36261,SC,IV,F,72,70.8,100.6,127,35.3,35.5,35.3,122,35.5,131,49.7,50.9,35.3 / 122,35.5 / 131
29902,SC,Championship,M,72,79.4,110.0,155,40.3,39.1,40.3,155,39.1,155,56.3,53.7,40.3 / 155,39.1 / 155
29902,SC,Hybrid,M,72,77.4,107.2,154,39.2,38.2,39.2,155,38.2,153,54.8,52.4,39.2 / 155,38.2 / 153
29902,SC,Back,M,72,75.6,104.9,153,38.2,37.4,38.2,155,37.4,150,53.6,51.3,38.2 / 155,37.4 / 150
29902,SC,Middle,M,72,72.5,100.0,148,36.8,35.7,36.8,153,35.7,143,51.0,49.0,36.8 / 153,35.7 / 143
29902,SC,Forward,M,72,68.4,92.7,131,34.4,34.0,34.4,131,34.0,130,46.6,46.1,34.4 / 131,34.0 / 130
29902,SC,Middle,F,73,78.4,114.2,152,40.0,38.4,40.0,153,38.4,151,58.0,56.2,40.0 / 153,38.4 / 151
29902,SC,Forward,F,72,73.7,106.8,140,37.3,36.4,37.3,138,36.4,142,53.6,53.2,37.3 / 138,36.4 / 142
8066,SC,Blue,M,71,72.6,98.5,140,35.4,37.2,35.4,135,37.2,144,47.9,50.6,35.4 / 135,37.2 / 144
8066,SC,Blue / White,M,71,71.1,96.9,139,35.2,35.9,35.2,133,35.9,144,47.6,49.3,35.2 / 133,35.9 / 144
8066,SC,White,M,71,70.0,95.1,135,34.4,35.6,34.4,131,35.6,139,46.6,48.5,34.4 / 131,35.6 / 139
8066,SC,White / Green,M,71,67.8,90.9,125,33.7,34.1,33.7,127,34.1,122,45.5,45.4,33.7 / 127,34.1 / 122
8066,SC,Green,M,71,65.9,87.0,114,32.4,33.5,32.4,111,33.5,116,42.7,44.3,32.4 / 111,33.5 / 116
8066,SC,Green / Gold,M,71,63.8,84.1,110,31.5,32.3,31.5,107,32.3,112,41.4,42.7,31.5 / 107,32.3 / 112
8066,SC,Gold,M,71,62.4,82.3,107,30.6,31.8,30.6,104,31.8,110,40.3,42.0,30.6 / 104,31.8 / 110
8066,SC,White,F,71,76.3,108.9,138,37.2,39.1,37.2,133,39.1,143,52.9,56.0,37.2 / 133,39.1 / 143
8066,SC,White / Green,F,71,73.3,104.5,133,36.3,37.0,36.3,130,37.0,135,51.6,52.9,36.3 / 130,37.0 / 135
8066,SC,Green,F,71,70.7,100.7,127,34.7,36.0,34.7,123,36.0,131,49.2,51.5,34.7 / 123,36.0 / 131
8066,SC,Green / Gold,F,71,67.0,95.3,120,32.9,34.1,32.9,116,34.1,124,46.6,48.7,32.9 / 116,34.1 / 124
8066,SC,Gold,F,71,64.7,92.0,116,31.5,33.2,31.5,109,33.2,122,44.4,47.6,31.5 / 109,33.2 / 122
8276,SC,I,M,71,73.7,101.0,147,37.2,36.5,37.2,141,36.5,153,50.3,50.7,37.2 / 141,36.5 / 153
8276,SC,II,M,71,72.4,98.7,142,36.4,36.0,36.4,141,36.0,142,49.5,49.2,36.4 / 141,36.0 / 142
8276,SC,III,M,71,70.5,95.5,135,35.6,34.9,35.6,139,34.9,130,48.5,47.0,35.6 / 139,34.9 / 130
8276,SC,IV,M,71,67.9,91.6,128,34.3,33.6,34.3,129,33.6,126,46.3,45.3,34.3 / 129,33.6 / 126
8276,SC,V,M,71,64.8,85.5,112,32.4,32.4,32.4,110,32.4,113,42.6,42.9,32.4 / 110,32.4 / 113
8276,SC,III,F,72,76.7,110.0,141,38.8,37.9,38.8,142,37.9,140,55.6,54.4,38.8 / 142,37.9 / 140
8276,SC,IV,F,72,73.9,105.7,135,37.4,36.5,37.4,136,36.5,134,53.4,52.3,37.4 / 136,36.5 / 134
8276,SC,V,F,72,69.6,99.3,126,34.8,34.8,34.8,127,34.8,125,49.8,49.5,34.8 / 127,34.8 / 125
8311,SC,Black,M,72,75.2,102.2,146,37.3,37.9,37.3,140,37.9,151,50.3,51.9,37.3 / 140,37.9 / 151
8311,SC,Blue,M,72,73.1,99.2,141,36.1,37.0,36.1,139,37.0,142,49.0,50.2,36.1 / 139,37.0 / 142
8311,SC,White,M,72,71.0,96.4,137,35.4,35.6,35.4,137,35.6,137,48.1,48.3,35.4 / 137,35.6 / 137
8311,SC,White / Green,M,72,70.4,94.9,132,35.1,35.3,35.1,135,35.3,129,47.6,47.3,35.1 / 135,35.3 / 129
8311,SC,Green,M,72,69.9,93.2,126,34.9,35.0,34.9,127,35.0,124,46.7,46.5,34.9 / 127,35.0 / 124
8311,SC,Green / Gold,M,72,67.0,89.4,121,33.7,33.3,33.7,124,33.3,117,45.2,44.2,33.7 / 124,33.3 / 117
8311,SC,Gold,M,72,65.8,87.8,119,32.9,32.9,32.9,121,32.9,116,44.1,43.7,32.9 / 121,32.9 / 116
8311,SC,Black,F,76,81.1,116.7,151,40.2,40.9,40.2,149,40.9,153,57.8,58.9,40.2 / 149,40.9 / 153
8311,SC,Blue,F,72,79.1,113.5,146,39.2,39.9,39.2,144,39.9,148,56.2,57.3,39.2 / 144,39.9 / 148
8311,SC,White,F,72,76.7,110.0,142,38.3,38.4,38.3,141,38.4,142,54.9,55.1,38.3 / 141,38.4 / 142
8311,SC,White / Green,F,72,75.4,108.0,138,37.8,37.6,37.8,138,37.6,138,54.1,53.9,37.8 / 138,37.6 / 138
8311,SC,Green,F,72,74.5,106.7,137,37.3,37.2,37.3,137,37.2,137,53.4,53.3,37.3 / 137,37.2 / 137
8311,SC,Green / Gold,F,72,71.2,101.4,128,36.0,35.2,36.0,128,35.2,128,51.1,50.3,36.0 / 128,35.2 / 128
8311,SC,Gold,F,72,69.5,98.9,125,35.0,34.5,35.0,122,34.5,127,49.4,49.5,35.0 / 122,34.5 / 127
8067,SC,Black,M,72,72.5,98.3,139,36.5,36.0,36.5,140,36.0,138,49.5,48.8,36.5 / 140,36.0 / 138
8067,SC,Blue,M,72,71.4,96.5,136,35.8,35.6,35.8,135,35.6,136,48.3,48.2,35.8 / 135,35.6 / 136
8067,SC,White,M,72,70.3,94.0,128,35.3,35.0,35.3,129,35.0,126,47.3,46.7,35.3 / 129,35.0 / 126
8067,SC,Gold,M,72,68.2,90.7,121,34.2,34.0,34.2,125,34.0,117,45.8,44.9,34.2 / 125,34.0 / 117
8067,SC,Red,M,72,64.8,85.7,113,32.4,32.4,32.4,115,32.4,110,43.1,42.6,32.4 / 115,32.4 / 110
8067,SC,Super Senior,M,72,62.3,82.2,107,31.1,31.2,31.1,109,31.2,105,41.2,41.0,31.1 / 109,31.2 / 105
8067,SC,Blue,F,72,77.6,110.5,140,39.1,38.5,39.1,139,38.5,140,55.5,55.0,39.1 / 139,38.5 / 140
8067,SC,White,F,72,76.0,107.9,136,38.3,37.7,38.3,135,37.7,136,54.2,53.7,38.3 / 135,37.7 / 136
8067,SC,Gold,F,72,73.4,104.1,131,37.2,36.2,37.2,131,36.2,130,52.6,51.5,37.2 / 131,36.2 / 130
8067,SC,Red,F,72,69.5,99.1,126,34.9,34.6,34.9,123,34.6,128,49.4,49.7,34.9 / 123,34.6 / 128
8067,SC,Super Senior,F,72,66.0,93.2,116,33.1,32.9,33.1,117,32.9,114,46.9,46.3,33.1 / 117,32.9 / 114
8273,SC,Blue,M,72,71.4,96.5,135,35.4,36.0,35.4,132,36.0,138,47.7,48.8,35.4 / 132,36.0 / 138
8273,SC,White,M,72,69.5,94.3,134,34.6,34.9,34.6,131,34.9,136,46.8,47.5,34.6 / 131,34.9 / 136
8273,SC,Gold,M,72,66.9,89.3,121,33.6,33.3,33.6,121,33.3,121,44.8,44.5,33.6 / 121,33.3 / 121
8273,SC,Black,M,72,64.3,84.0,106,32.1,32.2,32.1,105,32.2,107,41.9,42.1,32.1 / 105,32.2 / 107
8273,SC,Red,M,72,63.6,83.0,104,31.9,31.7,31.9,104,31.7,104,41.6,41.4,31.9 / 104,31.7 / 104
8273,SC,Light Blue,M,70,61.2,79.7,100,30.9,30.3,30.9,99,30.3,100,40.1,39.6,30.9 / 99,30.3 / 100
8273,SC,Gold,F,72,71.9,102.3,129,36.1,35.8,36.1,128,35.8,130,51.2,51.1,36.1 / 128,35.8 / 130
8273,SC,Black,F,72,68.5,96.4,119,34.2,34.3,34.2,119,34.3,118,48.2,48.2,34.2 / 119,34.3 / 118
8273,SC,Red,F,72,67.6,95.0,116,33.9,33.7,33.9,118,33.7,114,47.8,47.2,33.9 / 118,33.7 / 114
8273,SC,Light Blue,F,72,63.3,89.3,110,31.8,31.5,31.8,109,31.5,111,44.7,44.6,31.8 / 109,31.5 / 111
8291,SC,Championship,M,72,73.5,98.8,137,36.3,37.2,36.3,136,37.2,137,48.9,49.9,36.3 / 136,37.2 / 137
8291,SC,Patriot,M,72,72.0,96.3,131,35.5,36.5,35.5,128,36.5,133,47.4,48.9,35.5 / 128,36.5 / 133
8291,SC,Palmetto,M,72,68.8,91.9,125,33.8,35.0,33.8,123,35.0,126,45.2,46.7,33.8 / 123,35.0 / 126
8291,SC,Black Creek,M,72,67.3,89.2,118,33.4,33.9,33.4,115,33.9,121,44.1,45.1,33.4 / 115,33.9 / 121
8291,SC,Granite,M,72,65.1,85.6,111,32.3,32.8,32.3,108,32.8,113,42.3,43.3,32.3 / 108,32.8 / 113
8291,SC,Forward,M,72,62.2,81.6,105,31.0,31.2,31.0,101,31.2,108,40.4,41.2,31.0 / 101,31.2 / 108
8291,SC,Palmetto,F,72,74.3,105.0,130,36.4,37.9,36.4,128,37.9,132,51.5,53.5,36.4 / 128,37.9 / 132
8291,SC,Black Creek,F,72,72.7,102.6,127,35.8,36.9,35.8,126,36.9,128,50.6,52.0,35.8 / 126,36.9 / 128
8291,SC,Granite,F,72,70.1,98.3,120,34.5,35.6,34.5,120,35.6,120,48.6,49.7,34.5 / 120,35.6 / 120
8291,SC,Forward,F,72,65.9,92.3,112,32.7,33.2,32.7,111,33.2,113,45.8,46.5,32.7 / 111,33.2 / 113
8121,SC,Gold,M,72,72.3,97.2,134,35.5,36.8,35.5,130,36.8,138,47.6,49.6,35.5 / 130,36.8 / 138
8121,SC,Tournament,M,72,71.4,96.1,133,35.0,36.4,35.0,130,36.4,136,47.1,49.0,35.0 / 130,36.4 / 136
8121,SC,Blue,M,72,70.6,94.7,130,34.5,36.1,34.5,129,36.1,130,46.5,48.2,34.5 / 129,36.1 / 130
8121,SC,Blue / White,M,72,68.7,92.2,127,33.7,35.0,33.7,125,35.0,128,45.3,46.9,33.7 / 125,35.0 / 128
8121,SC,White,M,72,67.9,90.5,122,33.2,34.7,33.2,122,34.7,122,44.5,46.0,33.2 / 122,34.7 / 122
8121,SC,Red,M,72,65.4,86.4,113,31.9,33.5,31.9,110,33.5,116,42.1,44.3,31.9 / 110,33.5 / 116
8121,SC,Blue,F,72,76.3,109.3,140,37.4,38.9,37.4,133,38.9,147,53.1,56.2,37.4 / 133,38.9 / 147
8121,SC,Blue / White,F,72,74.3,106.4,136,36.5,37.8,36.5,130,37.8,142,51.8,54.6,36.5 / 130,37.8 / 142
8121,SC,White,F,72,73.1,104.5,133,35.9,37.2,35.9,126,37.2,140,50.8,53.7,35.9 / 126,37.2 / 140
8121,SC,Red,F,72,70.1,99.4,125,34.4,35.7,34.4,125,35.7,124,49.1,50.3,34.4 / 125,35.7 / 124
8126,SC,Rails (Black),M,71,69.8,93.1,126,33.9,35.9,33.9,124,35.9,127,45.4,47.7,33.9 / 124,35.9 / 127
8126,SC,Rocks,M,71,67.4,90.4,124,33.0,34.4,33.0,121,34.4,127,44.2,46.2,33.0 / 121,34.4 / 127
8126,SC,Stones (Green),M,71,63.8,84.6,112,31.4,32.4,31.4,108,32.4,116,41.4,43.2,31.4 / 108,32.4 / 116
8126,SC,Stones (Purple),M,68,60.7,79.8,103,30.0,30.7,30.0,99,30.7,107,39.2,40.6,30.0 / 99,30.7 / 107
8126,SC,Rails (Black),F,71,75.6,106.3,131,36.8,38.8,36.8,124,38.8,137,51.4,54.9,36.8 / 124,38.8 / 137
8126,SC,Rocks,F,71,72.8,102.6,126,35.6,37.2,35.6,121,37.2,131,49.9,52.7,35.6 / 121,37.2 / 131
8126,SC,Stones (Green),F,71,68.7,96.2,117,33.9,34.8,33.9,114,34.8,119,47.4,48.8,33.9 / 114,34.8 / 119
8126,SC,Stones (Purple),F,68,63.3,88.1,105,31.3,32.0,31.3,103,32.0,107,43.5,44.6,31.3 / 103,32.0 / 107
8229,SC,Champion,M,71,73.6,101.3,149,36.5,37.1,36.5,147,37.1,151,50.2,51.1,36.5 / 147,37.1 / 151
8229,SC,Blue,M,71,72.0,98.5,143,35.5,36.5,35.5,140,36.5,145,48.5,50.0,35.5 / 140,36.5 / 145
8229,SC,White,M,71,69.5,94.5,135,34.0,35.5,34.0,129,35.5,140,46.0,48.5,34.0 / 129,35.5 / 140
8229,SC,White / Green,M,71,68.6,92.7,130,33.5,35.1,33.5,122,35.1,138,44.8,47.9,33.5 / 122,35.1 / 138
8229,SC,Green,M,71,67.7,91.2,127,33.0,34.7,33.0,121,34.7,132,44.2,47.0,33.0 / 121,34.7 / 132
8229,SC,Green / Red,M,71,66.3,88.9,122,32.3,34.0,32.3,116,34.0,127,43.1,45.8,32.3 / 116,34.0 / 127
8229,SC,Red,M,71,65.1,86.6,116,31.9,33.2,31.9,111,33.2,121,42.2,44.4,31.9 / 111,33.2 / 121
8229,SC,White,F,71,75.3,109.5,145,36.8,38.5,36.8,138,38.5,152,53.1,56.4,36.8 / 138,38.5 / 152
8229,SC,White / Green,F,71,73.8,107.6,144,35.9,37.9,35.9,135,37.9,152,51.8,55.8,35.9 / 135,37.9 / 152
8229,SC,Green,F,71,72.8,105.9,141,35.3,37.5,35.3,133,37.5,148,51.0,54.9,35.3 / 133,37.5 / 148
8229,SC,Green / Red,F,71,70.8,103.1,137,34.5,36.3,34.5,131,36.3,142,50.0,53.1,34.5 / 131,36.3 / 142
8229,SC,Red,F,71,69.2,99.0,127,33.7,35.5,33.7,125,35.5,128,48.4,50.6,33.7 / 125,35.5 / 128
8204,SC,Gold,M,72,74.2,102.0,150,37.6,36.6,37.6,145,36.6,154,51.1,50.9,37.6 / 145,36.6 / 154
8204,SC,Blue,M,72,71.9,98.8,145,36.3,35.6,36.3,145,35.6,144,49.8,49.0,36.3 / 145,35.6 / 144
8204,SC,Blue / White,M,72,70.5,96.9,142,35.6,34.9,35.6,140,34.9,144,48.6,48.3,35.6 / 140,34.9 / 144
8204,SC,White,M,72,69.5,94.9,137,35.2,34.3,35.2,135,34.3,139,47.7,47.2,35.2 / 135,34.3 / 139
8204,SC,White / Silver,M,72,67.9,91.6,128,34.4,33.5,34.4,124,33.5,131,45.9,45.7,34.4 / 124,33.5 / 131
8204,SC,Silver,M,72,66.9,89.6,123,33.6,33.3,33.6,123,33.3,122,45.0,44.6,33.6 / 123,33.3 / 122
8204,SC,Red,M,72,65.0,86.0,113,33.0,32.0,33.0,112,32.0,114,43.4,42.6,33.0 / 112,32.0 / 114
8204,SC,Red,F,72,69.5,98.8,125,35.4,34.1,35.4,126,34.1,123,50.2,48.6,35.4 / 126,34.1 / 123
8151,SC,Black,M,72,74.9,102.2,147,37.2,37.7,37.2,144,37.7,150,50.6,51.6,37.2 / 144,37.7 / 150
8151,SC,Blue,M,72,73.2,99.8,143,36.3,36.9,36.3,140,36.9,146,49.3,50.5,36.3 / 140,36.9 / 146
8151,SC,White,M,72,71.6,97.4,139,35.6,36.0,35.6,136,36.0,142,48.2,49.2,35.6 / 136,36.0 / 142
8151,SC,White / Gold,M,72,69.7,94.6,134,34.5,35.2,34.5,130,35.2,138,46.6,48.0,34.5 / 130,35.2 / 138
8151,SC,Gold,M,72,68.3,91.7,126,34.0,34.3,34.0,122,34.3,130,45.3,46.4,34.0 / 122,34.3 / 130
8151,SC,Gold / Green,M,72,65.9,87.1,114,33.0,32.9,33.0,112,32.9,116,43.4,43.7,33.0 / 112,32.9 / 116
8151,SC,Green,M,72,63.5,84.6,114,32.0,31.5,32.0,112,31.5,115,42.4,42.2,32.0 / 112,31.5 / 115
8151,SC,White,F,72,77.7,111.5,143,38.6,39.1,38.6,137,39.1,149,54.8,56.7,38.6 / 137,39.1 / 149
8151,SC,White / Gold,F,72,75.7,108.5,139,37.4,38.3,37.4,133,38.3,145,53.1,55.4,37.4 / 133,38.3 / 145
8151,SC,Gold,F,72,73.7,105.5,135,36.5,37.2,36.5,129,37.2,141,51.7,53.8,36.5 / 129,37.2 / 141
8151,SC,Gold / Green,F,72,71.0,100.6,126,35.3,35.7,35.3,123,35.7,128,49.8,50.8,35.3 / 123,35.7 / 128
8151,SC,Green,F,72,68.6,96.3,118,34.5,34.1,34.5,117,34.1,118,48.3,48.0,34.5 / 117,34.1 / 118
8343,SC,Blue,M,72,71.8,95.8,130,36.0,35.8,36.0,124,35.8,135,47.5,48.3,36.0 / 124,35.8 / 135
8343,SC,White,M,72,70.0,92.2,120,35.0,35.0,35.0,114,35.0,125,45.6,46.6,35.0 / 114,35.0 / 125
8343,SC,Gold,M,72,67.0,87.8,112,33.6,33.4,33.6,110,33.4,114,43.8,44.0,33.6 / 110,33.4 / 114
8343,SC,Red,M,72,63.7,83.4,106,31.7,32.0,31.7,103,32.0,109,41.3,42.1,31.7 / 103,32.0 / 109
8343,SC,Gold,F,72,71.3,101.2,127,35.7,35.6,35.7,126,35.6,128,50.5,50.7,35.7 / 126,35.6 / 128
8343,SC,Red,F,72,67.8,93.5,109,33.8,34.0,33.8,104,34.0,114,46.1,47.4,33.8 / 104,34.0 / 114
8307,SC,Blue,M,72,70.7,93.4,123,34.9,35.8,34.9,121,35.8,124,46.1,47.3,34.9 / 121,35.8 / 124
8307,SC,White,M,72,69.5,91.4,118,34.2,35.3,34.2,116,35.3,119,45.0,46.4,34.2 / 116,35.3 / 119
8307,SC,Gold,M,72,66.3,86.9,111,32.6,33.7,32.6,110,33.7,112,42.8,44.1,32.6 / 110,33.7 / 112
8307,SC,Red,M,71,64.4,84.2,107,32.0,32.4,32.0,104,32.4,109,41.7,42.5,32.0 / 104,32.4 / 109
8307,SC,Red,F,71,68.6,96.0,116,33.6,35.0,33.6,114,35.0,118,47.1,48.9,33.6 / 114,35.0 / 118
8094,SC,Black,M,72,74.4,101.0,143,36.8,37.6,36.8,142,37.6,144,50.0,51.0,36.8 / 142,37.6 / 144
8094,SC,Black / Blue,M,72,73.6,99.9,142,36.5,37.1,36.5,140,37.1,143,49.5,50.4,36.5 / 140,37.1 / 143
8094,SC,Blue,M,72,72.9,99.0,141,36.2,36.7,36.2,139,36.7,142,49.1,49.9,36.2 / 139,36.7 / 142
8094,SC,Blue / White,M,72,71.9,97.6,139,35.7,36.2,35.7,137,36.2,140,48.4,49.2,35.7 / 137,36.2 / 140
8094,SC,White,M,72,70.4,95.3,134,34.9,35.5,34.9,130,35.5,138,47.0,48.3,34.9 / 130,35.5 / 138
8094,SC,White / Gold,M,72,68.8,93.3,132,34.2,34.6,34.2,129,34.6,135,46.2,47.1,34.2 / 129,34.6 / 135
8094,SC,Gold,M,72,67.5,91.1,127,33.5,34.0,33.5,126,34.0,128,45.2,45.9,33.5 / 126,34.0 / 128
8094,SC,Gold / Red,M,72,66.1,88.1,119,32.6,33.5,32.6,114,33.5,123,43.2,44.9,32.6 / 114,33.5 / 123
8094,SC,Red,M,72,64.1,84.5,110,31.4,32.7,31.4,107,32.7,113,41.3,43.2,31.4 / 107,32.7 / 113
8094,SC,Green,M,72,60.4,79.5,103,29.7,30.7,29.7,100,30.7,105,39.0,40.5,29.7 / 100,30.7 / 105
8094,SC,White,F,72,76.5,109.9,142,38.0,38.5,38.0,140,38.5,143,54.5,55.4,38.0 / 140,38.5 / 143
8094,SC,Gold,F,72,73.3,104.6,133,36.3,37.0,36.3,131,37.0,134,51.8,52.8,36.3 / 131,37.0 / 134
8094,SC,Gold / Red,F,72,71.3,101.7,129,35.1,36.2,35.1,126,36.2,131,50.0,51.7,35.1 / 126,36.2 / 131
8094,SC,Red,F,72,69.2,97.7,121,33.8,35.4,33.8,117,35.4,125,47.6,50.1,33.8 / 117,35.4 / 125
8094,SC,Green,F,72,63.7,89.1,108,31.2,32.5,31.2,103,32.5,113,43.3,45.8,31.2 / 103,32.5 / 113
8095,SC,Black,M,72,76.5,103.1,143,38.1,38.4,38.1,142,38.4,144,51.3,51.8,38.1 / 142,38.4 / 144
8095,SC,Black / Blue,M,72,75.5,101.4,140,37.6,37.9,37.6,136,37.9,143,50.2,51.2,37.6 / 136,37.9 / 143
8095,SC,Blue,M,72,74.2,99.8,138,36.9,37.3,36.9,136,37.3,140,49.5,50.3,36.9 / 136,37.3 / 140
8095,SC,Blue / White,M,72,73.0,97.9,134,36.5,36.5,36.5,132,36.5,136,48.8,49.1,36.5 / 132,36.5 / 136
8095,SC,White,M,72,71.8,96.3,132,35.8,36.0,35.8,131,36.0,132,48.0,48.3,35.8 / 131,36.0 / 132
8095,SC,White / Gold,M,72,69.6,93.9,131,34.7,34.9,34.7,131,34.9,130,46.9,47.0,34.7 / 131,34.9 / 130
8095,SC,Gold,M,72,68.6,92.5,129,34.3,34.3,34.3,130,34.3,127,46.4,46.1,34.3 / 130,34.3 / 127
8095,SC,Gold / Red,M,72,67.0,89.4,121,33.4,33.6,33.4,121,33.6,121,44.6,44.8,33.4 / 121,33.6 / 121
8095,SC,Red,M,72,65.1,86.4,115,32.6,32.5,32.6,112,32.5,117,43.0,43.4,32.6 / 112,32.5 / 117
8095,SC,Green,M,72,60.1,79.3,104,29.8,30.3,29.8,100,30.3,107,39.1,40.2,29.8 / 100,30.3 / 107
8095,SC,White,F,72,77.8,112.1,146,38.7,39.1,38.7,147,39.1,144,56.0,56.1,38.7 / 147,39.1 / 144
8095,SC,Gold,F,72,74.4,106.9,138,37.1,37.3,37.1,140,37.3,136,53.6,53.3,37.1 / 140,37.3 / 136
8095,SC,Gold / Red,F,72,72.2,102.6,129,36.0,36.2,36.0,129,36.2,129,51.2,51.4,36.0 / 129,36.2 / 129
8095,SC,Red,F,72,70.3,99.2,123,35.1,35.2,35.1,121,35.2,124,49.4,49.8,35.1 / 121,35.2 / 124
8095,SC,Green,F,72,63.0,87.9,106,31.1,31.9,31.1,103,31.9,109,43.2,44.7,31.1 / 103,31.9 / 109
35465,SC,Black,M,72,76.4,103.2,145,37.3,39.1,37.3,138,39.1,151,50.1,53.1,37.3 / 138,39.1 / 151
35465,SC,Black / Blue,M,72,75.5,101.4,140,37.0,38.5,37.0,136,38.5,143,49.6,51.8,37.0 / 136,38.5 / 143
35465,SC,Blue,M,72,74.3,99.7,137,36.5,37.8,36.5,132,37.8,141,48.8,50.9,36.5 / 132,37.8 / 141
35465,SC,Blue / White,M,72,72.9,97.6,133,35.6,37.3,35.6,129,37.3,137,47.6,50.0,35.6 / 129,37.3 / 137
35465,SC,White,M,72,71.6,96.0,132,35.1,36.5,35.1,126,36.5,137,46.8,49.2,35.1 / 126,36.5 / 137
35465,SC,White / Gold,M,72,70.1,94.3,131,34.4,35.7,34.4,124,35.7,136,45.9,48.4,34.4 / 124,35.7 / 136
35465,SC,Gold,M,72,68.7,92.5,129,33.8,34.9,33.8,122,34.9,135,45.1,47.4,33.8 / 122,34.9 / 135
35465,SC,Gold / Red,M,72,66.9,89.5,122,33.0,33.9,33.0,118,33.9,125,44.0,45.5,33.0 / 118,33.9 / 125
35465,SC,White,F,72,77.8,112.1,146,38.1,39.7,38.1,140,39.7,151,54.6,57.5,38.1 / 140,39.7 / 151
35465,SC,Gold,F,72,74.3,106.8,138,36.4,37.9,36.4,132,37.9,143,52.0,54.8,36.4 / 132,37.9 / 143
35465,SC,Red,F,72,70.5,99.3,122,34.6,35.9,34.6,120,35.9,124,48.8,50.5,34.6 / 120,35.9 / 124
28198,SC,Black,M,35,37.3,50.1,138,37.3,,37.3,138,,,50.1,,37.3 / 138,/
28198,SC,Black / Blue,M,35,37.0,49.6,136,37.0,,37.0,136,,,49.6,,37.0 / 136,/
28198,SC,Blue,M,35,36.5,48.8,132,36.5,,36.5,132,,,48.8,,36.5 / 132,/
28198,SC,Blue / White,M,35,35.6,47.6,129,35.6,,35.6,129,,,47.6,,35.6 / 129,/
28198,SC,White,M,35,35.1,46.8,126,35.1,,35.1,126,,,46.8,,35.1 / 126,/
28198,SC,White / Gold,M,35,34.4,45.9,124,34.4,,34.4,124,,,45.9,,34.4 / 124,/
28198,SC,Gold,M,35,33.8,45.1,122,33.8,,33.8,122,,,45.1,,33.8 / 122,/
28198,SC,Gold / Red,M,35,33.0,44.0,118,33.0,,33.0,118,,,44.0,,33.0 / 118,/
28198,SC,White,F,35,38.1,54.6,140,38.1,,38.1,140,,,54.6,,38.1 / 140,/
28198,SC,Gold,F,35,36.4,52.0,132,36.4,,36.4,132,,,52.0,,36.4 / 132,/
28198,SC,Red,F,35,34.6,48.7,120,34.6,,34.6,120,,,48.7,,34.6 / 120,/
28199,SC,Black,M,37,39.1,53.1,151,39.1,,39.1,151,,,53.1,,39.1 / 151,/
28199,SC,Black / Blue,M,37,38.5,51.8,143,38.5,,38.5,143,,,51.8,,38.5 / 143,/
28199,SC,Blue,M,37,37.8,50.9,141,37.8,,37.8,141,,,50.9,,37.8 / 141,/
28199,SC,Blue / White,M,37,37.3,50.0,137,37.3,,37.3,137,,,50.0,,37.3 / 137,/
28199,SC,White,M,37,36.5,49.2,137,36.5,,36.5,137,,,49.2,,36.5 / 137,/
28199,SC,White / Gold,M,37,35.7,48.4,137,35.7,,35.7,137,,,48.4,,35.7 / 137,/
28199,SC,Gold,M,37,34.9,47.4,135,34.9,,34.9,135,,,47.4,,34.9 / 135,/
28199,SC,Gold / Red,M,37,33.9,45.5,125,33.9,,33.9,125,,,45.5,,33.9 / 125,/
28199,SC,White,F,37,39.7,57.5,151,39.7,,39.7,151,,,57.5,,39.7 / 151,/
28199,SC,Gold,F,37,37.9,54.8,143,37.9,,37.9,143,,,54.8,,37.9 / 143,/
28199,SC,Red,F,37,35.9,50.5,124,35.9,,35.9,124,,,50.5,,35.9 / 124,/
8175,SC,Blue,M,72,71.3,94.8,127,35.5,35.8,35.5,125,35.8,128,47.1,47.7,35.5 / 125,35.8 / 128
8175,SC,White,M,72,67.4,90.0,122,33.4,34.0,33.4,121,34.0,123,44.6,45.4,33.4 / 121,34.0 / 123
8175,SC,Gold,M,72,65.0,86.6,116,32.5,32.5,32.5,113,32.5,119,43.0,43.6,32.5 / 113,32.5 / 119
8175,SC,Red,M,72,63.3,83.0,106,31.7,31.6,31.7,105,31.6,107,41.5,41.5,31.7 / 105,31.6 / 107
8175,SC,Red,F,72,67.3,95.1,118,33.7,33.6,33.7,116,33.6,120,47.4,47.7,33.7 / 116,33.6 / 120
8292,SC,Black,M,72,73.8,100.6,144,36.1,37.7,36.1,141,37.7,147,49.2,51.4,36.1 / 141,37.7 / 147
8292,SC,Black/Gold,M,72,72.1,97.5,137,35.4,36.7,35.4,133,36.7,140,47.8,49.7,35.4 / 133,36.7 / 140
8292,SC,Gold,M,72,70.3,95.0,133,34.4,35.9,34.4,126,35.9,140,46.1,48.9,34.4 / 126,35.9 / 140
8292,SC,Gold/Blue,M,72,69.0,93.1,130,33.8,35.2,33.8,126,35.2,133,45.5,47.6,33.8 / 126,35.2 / 133
8292,SC,Blue,M,72,67.9,90.9,124,33.1,34.8,33.1,116,34.8,131,43.9,47.0,33.1 / 116,34.8 / 131
8292,SC,Blue/White,M,72,66.4,88.5,119,32.5,33.9,32.5,114,33.9,124,43.1,45.4,32.5 / 114,33.9 / 124
8292,SC,White,M,72,64.7,84.8,108,31.8,32.9,31.8,104,32.9,112,41.5,43.3,31.8 / 104,32.9 / 112
8292,SC,White/Green,M,72,62.7,82.1,105,31.3,31.4,31.3,101,31.4,108,40.7,41.4,31.3 / 101,31.4 / 108
8292,SC,Green,M,72,61.0,79.5,100,30.3,30.7,30.3,97,30.7,102,39.3,40.2,30.3 / 97,30.7 / 102
8292,SC,Gold,F,72,76.8,109.8,140,37.4,39.4,37.4,133,39.4,147,53.1,56.7,37.4 / 133,39.4 / 147
8292,SC,Gold/Blue,F,72,75.6,107.9,137,37.0,38.6,37.0,131,38.6,143,52.4,55.5,37.0 / 131,38.6 / 143
8292,SC,Blue,F,72,74.1,105.7,134,36.0,38.1,36.0,126,38.1,142,50.9,54.8,36.0 / 126,38.1 / 142
8292,SC,Blue/White,F,72,71.9,102.4,130,35.3,36.6,35.3,122,36.6,137,49.7,52.7,35.3 / 122,36.6 / 137
8292,SC,White,F,72,69.7,98.6,123,34.5,35.2,34.5,114,35.2,131,48.0,50.6,34.5 / 114,35.2 / 131
8292,SC,White/Green,F,72,66.6,93.3,113,33.3,33.3,33.3,109,33.3,117,46.2,47.1,33.3 / 109,33.3 / 117
8292,SC,Green,F,72,63.9,89.8,110,31.9,32.0,31.9,103,32.0,116,44.1,45.7,31.9 / 103,32.0 / 116
8293,SC,Black,M,72,72.7,97.7,135,35.8,36.9,35.8,127,36.9,142,47.6,50.1,35.8 / 127,36.9 / 142
8293,SC,Black/Gold,M,72,71.7,96.5,134,35.5,36.2,35.5,126,36.2,141,47.2,49.3,35.5 / 126,36.2 / 141
8293,SC,Gold,M,72,70.5,94.7,131,34.9,35.6,34.9,122,35.6,139,46.2,48.5,34.9 / 122,35.6 / 139
8293,SC,Gold/Blue,M,72,69.1,92.7,127,34.5,34.6,34.5,121,34.6,133,45.7,47.0,34.5 / 121,34.6 / 133
8293,SC,Blue,M,72,67.7,89.9,119,33.6,34.1,33.6,119,34.1,119,44.7,45.2,33.6 / 119,34.1 / 119
8293,SC,Blue/White,M,72,66.1,87.6,116,32.9,33.2,32.9,116,33.2,115,43.7,43.9,32.9 / 116,33.2 / 115
8293,SC,White,M,72,64.3,84.1,107,32.3,32.0,32.3,109,32.0,104,42.4,41.7,32.3 / 109,32.0 / 104
8293,SC,White/Green,M,72,62.8,81.9,103,31.5,31.3,31.5,104,31.3,101,41.2,40.7,31.5 / 104,31.3 / 101
8293,SC,Green,M,72,61.2,79.7,100,30.7,30.5,30.7,100,30.5,99,40.0,39.7,30.7 / 100,30.5 / 99
8293,SC,Short,M,61,56.0,71.9,86,28.0,28.0,28.0,86,28.0,85,36.0,35.9,28.0 / 86,28.0 / 85
8293,SC,Gold,F,72,76.5,110.0,142,37.9,38.6,37.9,137,38.6,147,54.1,55.9,37.9 / 137,38.6 / 147
8293,SC,Gold / Blue,F,72,75.0,108.0,140,37.4,37.6,37.4,135,37.6,145,53.3,54.7,37.4 / 135,37.6 / 145
8293,SC,Blue,F,72,73.3,105.2,135,36.4,36.9,36.4,131,36.9,139,51.9,53.3,36.4 / 131,36.9 / 139
8293,SC,Blue/White,F,72,71.5,102.7,133,35.6,35.9,35.6,129,35.9,136,50.8,51.9,35.6 / 129,35.9 / 136
8293,SC,White,F,72,69.2,98.6,125,34.7,34.5,34.7,126,34.5,124,49.5,49.1,34.7 / 126,34.5 / 124
8293,SC,White/Green,F,72,66.8,94.9,119,33.4,33.4,33.4,120,33.4,118,47.6,47.3,33.4 / 120,33.4 / 118
8293,SC,Green,F,72,64.1,89.5,108,32.1,32.0,32.1,107,32.0,109,44.7,44.8,32.1 / 107,32.0 / 109
8293,SC,Short,F,61,58.3,80.5,94,29.1,29.2,29.1,95,29.2,93,40.3,40.2,29.1 / 95,29.2 / 93
8328,SC,I Heron,M,72,75.9,103.6,150,37.9,38.0,37.9,149,38.0,150,51.7,51.9,37.9 / 149,38.0 / 150
8328,SC,II Herons,M,72,73.9,100.8,145,37.0,36.9,37.0,144,36.9,145,50.4,50.4,37.0 / 144,36.9 / 145
8328,SC,III Herons,M,72,71.7,97.8,141,35.9,35.8,35.9,140,35.8,141,48.9,48.9,35.9 / 140,35.8 / 141
8328,SC,Blue Heron,M,72,70.1,95.4,137,35.2,34.9,35.2,137,34.9,136,47.9,47.5,35.2 / 137,34.9 / 136
8328,SC,IV Herons,M,72,69.3,93.3,129,34.7,34.6,34.7,131,34.6,127,46.9,46.4,34.7 / 131,34.6 / 127
8328,SC,Osprey,M,72,68.3,91.4,125,34.1,34.2,34.1,126,34.2,123,45.8,45.6,34.1 / 126,34.2 / 123
8328,SC,Wood Stork,M,72,67.5,89.4,118,33.7,33.8,33.7,121,33.8,115,44.9,44.5,33.7 / 121,33.8 / 115
8328,SC,Brown Pelican,M,72,67.1,88.9,117,33.4,33.7,33.4,119,33.7,115,44.5,44.4,33.4 / 119,33.7 / 115
8328,SC,V Herons,M,72,66.0,86.1,109,32.8,33.2,32.8,108,33.2,109,42.8,43.3,32.8 / 108,33.2 / 109
8328,SC,Snowy Egret,M,72,64.2,83.7,105,31.8,32.4,31.8,103,32.4,107,41.4,42.3,31.8 / 103,32.4 / 107
8328,SC,VI Herons,M,72,63.5,82.8,104,31.5,32.0,31.5,102,32.0,105,41.0,41.8,31.5 / 102,32.0 / 105
8328,SC,IV Herons,F,72,74.9,107.4,138,37.5,37.4,37.5,138,37.4,137,53.8,53.6,37.5 / 138,37.4 / 137
8328,SC,V Herons,F,72,70.4,100.6,128,35.1,35.3,35.1,130,35.3,126,50.4,50.2,35.1 / 130,35.3 / 126
8328,SC,Snowy Egret,F,72,68.6,96.9,120,34.0,34.6,34.0,118,34.6,122,47.9,49.0,34.0 / 118,34.6 / 122
8328,SC,VI Herons,F,72,67.4,94.7,116,33.4,34.0,33.4,112,34.0,120,46.6,48.1,33.4 / 112,34.0 / 120
8132,SC,Diamondback,M,72,73.0,100.5,148,36.9,36.1,36.9,152,36.1,144,51.0,49.5,36.9 / 152,36.1 / 144
8132,SC,Rattlesnake,M,72,70.2,95.9,139,35.2,35.0,35.2,139,35.0,138,48.1,47.8,35.2 / 139,35.0 / 138
8132,SC,Copperhead,M,72,67.7,90.8,125,34.0,33.7,34.0,124,33.7,125,45.5,45.3,34.0 / 124,33.7 / 125
8132,SC,Coral Snake,M,72,63.8,85.6,117,32.1,31.7,32.1,115,31.7,119,42.8,42.8,32.1 / 115,31.7 / 119
8132,SC,Senior,M,72,59.7,80.2,111,29.7,30.0,29.7,110,30.0,111,39.9,40.3,29.7 / 110,30.0 / 111
8132,SC,Copperhead,F,72,72.9,105.4,138,36.7,36.2,36.7,142,36.2,133,53.5,51.9,36.7 / 142,36.2 / 133
8132,SC,Coral Snake,F,72,68.4,96.8,121,34.5,33.9,34.5,121,33.9,120,48.8,48.0,34.5 / 121,33.9 / 120
8132,SC,Garter Snake,F,72,66.9,93.8,114,33.7,33.2,33.7,114,33.2,114,47.2,46.6,33.7 / 114,33.2 / 114
8132,SC,Senior,F,72,60.8,85.8,106,30.6,30.2,30.6,106,30.2,106,43.1,42.7,30.6 / 106,30.2 / 106
21146,SC,Black,M,72,70.8,93.6,123,35.3,35.5,35.3,122,35.5,124,46.6,47.0,35.3 / 122,35.5 / 124
21146,SC,Blue / Black,M,72,70.3,93.1,123,34.8,35.5,34.8,122,35.5,124,46.1,47.0,34.8 / 122,35.5 / 124
21146,SC,Blue,M,72,70.0,92.7,123,34.8,35.2,34.8,122,35.2,123,46.1,46.6,34.8 / 122,35.2 / 123
21146,SC,White / Blue,M,71,68.8,91.4,122,33.6,35.2,33.6,121,35.2,123,44.8,46.6,33.6 / 121,35.2 / 123
21146,SC,White,M,70,67.4,90.0,122,33.6,33.8,33.6,121,33.8,123,44.8,45.2,33.6 / 121,33.8 / 123
21146,SC,Gold,M,70,64.4,84.6,109,32.1,32.3,32.1,108,32.3,110,42.1,42.5,32.1 / 108,32.3 / 110
21146,SC,Red,M,70,63.2,83.1,107,31.6,31.6,31.6,105,31.6,109,41.4,41.7,31.6 / 105,31.6 / 109
21146,SC,White,F,70,72.5,103.1,130,36.1,36.4,36.1,130,36.4,130,51.4,51.7,36.1 / 130,36.4 / 130
21146,SC,Gold,F,70,68.9,96.1,116,34.3,34.6,34.3,114,34.6,117,47.7,48.4,34.3 / 114,34.6 / 117
21146,SC,Red,F,70,66.9,92.5,109,33.3,33.6,33.3,108,33.6,109,46.0,46.5,33.3 / 108,33.6 / 109
8363,SC,Black,M,72,72.0,97.4,137,36.0,36.0,36.0,135,36.0,139,48.5,48.9,36.0 / 135,36.0 / 139
8363,SC,Blue,M,72,71.3,95.9,133,35.8,35.5,35.8,129,35.5,136,47.8,48.1,35.8 / 129,35.5 / 136
8363,SC,White,M,72,70.1,94.1,130,35.2,34.9,35.2,124,34.9,135,46.7,47.4,35.2 / 124,34.9 / 135
8363,SC,Member,M,72,68.4,90.9,121,34.5,33.9,34.5,117,33.9,125,45.4,45.5,34.5 / 117,33.9 / 125
8363,SC,Gold,M,72,67.5,88.9,115,34.0,33.5,34.0,114,33.5,116,44.6,44.3,34.0 / 114,33.5 / 116
8363,SC,Red,M,72,66.7,87.6,113,33.5,33.2,33.5,112,33.2,113,43.9,43.7,33.5 / 112,33.2 / 113
8363,SC,Green,M,72,64.3,84.3,108,32.3,32.0,32.3,107,32.0,109,42.2,42.1,32.3 / 107,32.0 / 109
8363,SC,Blue,F,72,77.4,109.8,138,38.9,38.5,38.9,134,38.5,141,54.7,55.1,38.9 / 134,38.5 / 141
8363,SC,White,F,72,75.9,107.5,134,38.0,37.9,38.0,131,37.9,137,53.5,54.0,38.0 / 131,37.9 / 137
8363,SC,Member,F,72,73.7,104.2,129,37.0,36.7,37.0,126,36.7,132,51.9,52.3,37.0 / 126,36.7 / 132
8363,SC,Gold,F,72,72.4,102.3,127,36.5,35.9,36.5,125,35.9,129,51.2,51.1,36.5 / 125,35.9 / 129
8363,SC,Red,F,72,71.4,100.8,125,35.9,35.5,35.9,122,35.5,127,50.3,50.5,35.9 / 122,35.5 / 127
8363,SC,Green,F,72,68.6,96.8,120,34.5,34.1,34.5,118,34.1,121,48.4,48.4,34.5 / 118,34.1 / 121
8365,SC,Gold,M,72,76.3,103.2,145,38.3,38.0,38.3,136,38.0,154,50.9,52.3,38.3 / 136,38.0 / 154
8365,SC,Blue,M,72,73.3,99.1,139,37.0,36.3,37.0,131,36.3,146,49.2,49.9,37.0 / 131,36.3 / 146
8365,SC,Blue / White,M,72,72.2,97.9,138,36.4,35.8,36.4,131,35.8,145,48.6,49.3,36.4 / 131,35.8 / 145
8365,SC,White,M,72,70.7,96.3,138,35.2,35.5,35.2,131,35.5,144,47.4,48.9,35.2 / 131,35.5 / 144
8365,SC,Green,M,72,67.7,92.5,134,33.5,34.2,33.5,131,34.2,136,45.7,46.8,33.5 / 131,34.2 / 136
8365,SC,Red,M,72,66.5,89.8,126,32.7,33.8,32.7,122,33.8,129,44.0,45.8,32.7 / 122,33.8 / 129
8365,SC,Teal,M,71,63.9,86.3,121,31.7,32.2,31.7,118,32.2,123,42.7,43.6,31.7 / 118,32.2 / 123
8365,SC,White,F,72,77.0,112.3,149,38.4,38.6,38.4,142,38.6,155,55.1,57.2,38.4 / 142,38.6 / 155
8365,SC,Green,F,72,73.8,107.4,143,36.7,37.1,36.7,134,37.1,151,52.5,54.9,36.7 / 134,37.1 / 151
8365,SC,Red,F,72,71.9,104.4,138,35.5,36.4,35.5,130,36.4,146,50.8,53.6,35.5 / 130,36.4 / 146
8365,SC,Teal,F,72,68.6,98.4,127,34.1,34.5,34.1,122,34.5,131,48.5,49.9,34.1 / 122,34.5 / 131
8069,SC,Black,M,72,73.3,99.9,143,36.1,37.2,36.1,142,37.2,144,49.3,50.6,36.1 / 142,37.2 / 144
8069,SC,Gold,M,72,71.1,96.1,135,35.0,36.1,35.0,136,36.1,133,47.6,48.5,35.0 / 136,36.1 / 133
8069,SC,Blue,M,72,69.8,93.7,129,34.6,35.2,34.6,129,35.2,128,46.6,47.1,34.6 / 129,35.2 / 128
8069,SC,Blue / White,M,72,68.3,91.4,125,33.9,34.4,33.9,124,34.4,125,45.4,46.0,33.9 / 124,34.4 / 125
8069,SC,White,M,72,66.7,88.8,119,33.0,33.7,33.0,121,33.7,117,44.2,44.6,33.0 / 121,33.7 / 117
8069,SC,White / Red,M,72,66.1,87.1,113,32.7,33.4,32.7,115,33.4,111,43.4,43.7,32.7 / 115,33.4 / 111
8069,SC,Red,M,72,65.0,84.9,107,32.2,32.8,32.2,109,32.8,105,42.3,42.6,32.2 / 109,32.8 / 105
8069,SC,Green / Red,M,72,63.9,83.3,105,31.8,32.1,31.8,107,32.1,102,41.7,41.6,31.8 / 107,32.1 / 102
8069,SC,Green,M,72,62.6,81.4,101,31.2,31.4,31.2,103,31.4,99,40.8,40.6,31.2 / 103,31.4 / 99
8069,SC,Gold,F,72,77.2,111.6,146,38.2,39.0,38.2,148,39.0,143,55.7,55.9,38.2 / 148,39.0 / 143
8069,SC,Blue,F,72,75.3,108.7,142,37.4,37.9,37.4,145,37.9,138,54.5,54.2,37.4 / 145,37.9 / 138
8069,SC,Blue / White,F,72,73.4,105.9,138,36.5,36.9,36.5,142,36.9,134,53.2,52.7,36.5 / 142,36.9 / 134
8069,SC,White,F,72,71.7,103.3,134,35.7,36.0,35.7,137,36.0,131,51.9,51.4,35.7 / 137,36.0 / 131
8069,SC,White / Red,F,72,70.5,101.6,132,35.2,35.3,35.2,137,35.3,127,51.3,50.3,35.2 / 137,35.3 / 127
8069,SC,Red,F,72,69.4,99.3,127,34.5,34.9,34.5,131,34.9,123,49.9,49.4,34.5 / 131,34.9 / 123
8069,SC,Green / Red,F,72,67.9,96.3,121,33.8,34.1,33.8,124,34.1,117,48.4,47.9,33.8 / 124,34.1 / 117
8069,SC,Green,F,72,65.3,91.8,113,32.5,32.8,32.5,114,32.8,111,45.9,45.9,32.5 / 114,32.8 / 111
8370,SC,Black,M,74,78.2,105.4,147,39.0,39.2,39.0,139,39.2,154,51.9,53.5,39.0 / 139,39.2 / 154
8370,SC,Blue,M,72,72.8,98.1,136,36.0,36.8,36.0,128,36.8,144,47.9,50.2,36.0 / 128,36.8 / 144
8370,SC,White,M,72,70.8,94.7,129,35.3,35.5,35.3,126,35.5,131,47.0,47.7,35.3 / 126,35.5 / 131
8370,SC,White / Yellow,M,72,69.3,92.6,126,34.9,34.4,34.9,125,34.4,126,46.5,46.1,34.9 / 125,34.4 / 126
8370,SC,Yellow,M,72,67.0,88.8,117,33.8,33.2,33.8,117,33.2,117,44.7,44.1,33.8 / 117,33.2 / 117
8370,SC,Yellow / Red,M,72,66.6,88.2,116,33.7,32.9,33.7,116,32.9,116,44.5,43.7,33.7 / 116,32.9 / 116
8370,SC,Red,M,72,63.8,84.3,111,32.2,31.6,32.2,110,31.6,111,42.4,41.9,32.2 / 110,31.6 / 111
8370,SC,Teal,M,68,60.9,80.3,104,30.9,30.0,30.9,104,30.0,104,40.6,39.7,30.9 / 104,30.0 / 104
8370,SC,White,F,72,77.2,109.3,136,38.6,38.6,38.6,134,38.6,138,54.4,54.9,38.6 / 134,38.6 / 138
8370,SC,White / Yellow,F,72,75.3,106.6,133,37.9,37.4,37.9,131,37.4,134,53.4,53.2,37.9 / 131,37.4 / 134
8370,SC,Yellow,F,72,72.4,102.2,127,36.5,35.9,36.5,126,35.9,127,51.3,50.9,36.5 / 126,35.9 / 127
8370,SC,Yellow / Red,F,72,71.5,101.3,127,36.2,35.3,36.2,126,35.3,127,51.0,50.3,36.2 / 126,35.3 / 127
8370,SC,Red,F,72,67.9,94.9,115,34.2,33.7,34.2,111,33.7,118,47.3,47.6,34.2 / 111,33.7 / 118
8370,SC,Teal,F,68,63.1,87.8,105,32.0,31.1,32.0,102,31.1,108,44.0,43.8,32.0 / 102,31.1 / 108
8128,SC,Black,M,72,74.6,102.4,150,36.8,37.8,36.8,152,37.8,147,50.9,51.5,36.8 / 152,37.8 / 147
8128,SC,Gold,M,72,71.5,97.6,141,35.4,36.1,35.4,139,36.1,142,48.3,49.3,35.4 / 139,36.1 / 142
8128,SC,Navy,M,72,69.4,94.3,134,34.4,35.0,34.4,131,35.0,137,46.6,47.7,34.4 / 131,35.0 / 137
8128,SC,Member,M,72,67.0,90.4,126,33.8,33.2,33.8,125,33.2,127,45.4,45.0,33.8 / 125,33.2 / 127
8128,SC,White,M,72,65.8,88.1,120,33.1,32.7,33.1,118,32.7,122,44.1,44.0,33.1 / 118,32.7 / 122
8128,SC,Maroon,M,71,63.4,84.3,113,31.8,31.6,31.8,112,31.6,113,42.2,42.1,31.8 / 112,31.6 / 113
8128,SC,Navy,F,72,75.8,109.9,145,37.4,38.4,37.4,142,38.4,147,54.2,55.7,37.4 / 142,38.4 / 147
8128,SC,Member,F,72,72.5,105.1,138,36.3,36.2,36.3,139,36.2,137,52.7,52.4,36.3 / 139,36.2 / 137
8128,SC,White,F,72,71.2,101.8,130,35.6,35.6,35.6,126,35.6,133,50.5,51.3,35.6 / 126,35.6 / 133
8128,SC,Maroon,F,72,67.9,95.4,117,33.9,34.0,33.9,115,34.0,118,47.5,47.9,33.9 / 115,34.0 / 118
8176,SC,Green,M,71,71.5,96.6,135,35.1,36.4,35.1,128,36.4,142,47.0,49.6,35.1 / 128,36.4 / 142
8176,SC,Green / Blue,M,71,70.9,95.5,133,34.8,36.1,34.8,125,36.1,140,46.4,49.1,34.8 / 125,36.1 / 140
8176,SC,Blue,M,71,70.4,94.8,132,34.5,35.9,34.5,124,35.9,139,46.0,48.8,34.5 / 124,35.9 / 139
8176,SC,White,M,71,69.1,93.2,130,33.9,35.2,33.9,124,35.2,136,45.4,47.8,33.9 / 124,35.2 / 136
8176,SC,White / Gold,M,71,68.0,92.1,130,33.4,34.6,33.4,124,34.6,136,44.9,47.2,33.4 / 124,34.6 / 136
8176,SC,Gold,M,71,67.0,90.6,127,32.9,34.1,32.9,124,34.1,130,44.4,46.2,32.9 / 124,34.1 / 130
8176,SC,Gold / Silver,M,71,64.8,86.9,119,31.7,33.1,31.7,115,33.1,123,42.4,44.5,31.7 / 115,33.1 / 123
8176,SC,Silver,M,71,63.0,83.6,111,31.0,32.0,31.0,110,32.0,112,41.2,42.4,31.0 / 110,32.0 / 112
8176,SC,Green,F,71,77.9,113.6,152,38.2,39.7,38.2,148,39.7,155,55.6,58.0,38.2 / 148,39.7 / 155
8176,SC,Green / Blue,F,71,77.1,112.5,150,37.8,39.3,37.8,146,39.3,154,55.0,57.5,37.8 / 146,39.3 / 154
8176,SC,Blue,F,71,76.5,111.6,149,37.5,39.0,37.5,145,39.0,153,54.6,57.0,37.5 / 145,39.0 / 153
8176,SC,White,F,71,74.9,109.1,145,36.7,38.2,36.7,141,38.2,149,53.3,55.8,36.7 / 141,38.2 / 149
8176,SC,White / Gold,F,71,73.9,107.4,142,36.3,37.6,36.3,136,37.6,148,52.3,55.1,36.3 / 136,37.6 / 148
8176,SC,Gold,F,71,72.9,105.3,138,35.8,37.1,35.8,130,37.1,145,51.1,54.2,35.8 / 130,37.1 / 145
8176,SC,Gold / Silver,F,71,70.0,100.3,129,34.3,35.7,34.3,120,35.7,137,48.5,51.8,34.3 / 120,35.7 / 137
8176,SC,Silver,F,71,67.7,95.7,119,33.3,34.4,33.3,117,34.4,120,47.1,48.6,33.3 / 117,34.4 / 120
8063,SC,Gold,M,72,72.0,97.9,140,35.8,36.2,35.8,140,36.2,139,48.8,49.1,35.8 / 140,36.2 / 139
8063,SC,Blue,M,72,70.6,96.1,138,35.2,35.4,35.2,139,35.4,136,48.1,48.0,35.2 / 139,35.4 / 136
8063,SC,White,M,72,69.7,94.9,136,34.8,34.9,34.8,138,34.9,133,47.6,47.3,34.8 / 138,34.9 / 133
8063,SC,White / Green,M,72,67.8,90.9,125,34.3,33.5,34.3,127,33.5,122,46.1,44.8,34.3 / 127,33.5 / 122
8063,SC,Green,M,72,66.7,89.3,122,33.7,33.0,33.7,125,33.0,118,45.3,44.0,33.7 / 125,33.0 / 118
8063,SC,Green / Red,M,72,65.6,88.0,121,33.1,32.5,33.1,123,32.5,118,44.5,43.5,33.1 / 123,32.5 / 118
8063,SC,Red,M,72,64.0,84.8,112,32.3,31.7,32.3,112,31.7,112,42.7,42.1,32.3 / 112,31.7 / 112
8063,SC,Forward,M,72,61.2,80.9,106,30.6,30.6,30.6,104,30.6,108,40.3,40.6,30.6 / 104,30.6 / 108
8063,SC,Gold,F,72,78.6,113.3,147,39.2,39.4,39.2,142,39.4,152,56.0,57.3,39.2 / 142,39.4 / 152
8063,SC,Blue,F,72,76.9,110.9,144,38.5,38.4,38.5,139,38.4,149,54.9,56.0,38.5 / 139,38.4 / 149
8063,SC,White,F,72,75.8,109.1,142,38.0,37.8,38.0,137,37.8,146,54.1,55.0,38.0 / 137,37.8 / 146
8063,SC,White / Green,F,72,73.3,104.6,133,37.2,36.1,37.2,135,36.1,131,53.1,51.5,37.2 / 135,36.1 / 131
8063,SC,Green,F,72,72.3,103.3,132,36.6,35.7,36.6,133,35.7,130,52.3,51.0,36.6 / 133,35.7 / 130
8063,SC,Green / Red,F,72,70.7,101.0,129,35.7,35.0,35.7,131,35.0,126,51.1,49.9,35.7 / 131,35.0 / 126
8063,SC,Red,F,72,68.2,97.5,124,34.5,33.7,34.5,127,33.7,121,49.5,48.0,34.5 / 127,33.7 / 121
8063,SC,Yellow,F,72,64.0,90.9,114,32.0,32.0,32.0,116,32.0,112,45.7,45.2,32.0 / 116,32.0 / 112
8189,SC,Blue,M,72,72.8,98.1,137,36.5,36.3,36.5,137,36.3,136,49.2,48.9,36.5 / 137,36.3 / 136
8189,SC,White,M,72,71.4,95.8,131,35.7,35.7,35.7,132,35.7,130,48.0,47.8,35.7 / 132,35.7 / 130
8189,SC,Gold,M,72,69.4,92.9,127,34.8,34.6,34.8,124,34.6,129,46.3,46.6,34.8 / 124,34.6 / 129
8189,SC,Green,M,72,66.7,88.8,119,33.5,33.2,33.5,121,33.2,117,44.7,44.1,33.5 / 121,33.2 / 117
8189,SC,Red,M,72,65.1,85.8,112,32.7,32.4,32.7,111,32.4,112,43.0,42.8,32.7 / 111,32.4 / 112
8189,SC,Forward,M,68,61.7,81.1,105,30.8,30.9,30.8,102,30.9,107,40.3,40.8,30.8 / 102,30.9 / 107
8189,SC,White,F,72,77.2,109.3,137,38.8,38.4,38.8,136,38.4,137,54.8,54.5,38.8 / 136,38.4 / 137
8189,SC,Gold,F,72,74.8,105.7,131,37.5,37.3,37.5,131,37.3,131,52.9,52.8,37.5 / 131,37.3 / 131
8189,SC,Green,F,72,71.9,101.3,125,36.2,35.7,36.2,125,35.7,125,50.9,50.4,36.2 / 125,35.7 / 125
8189,SC,Red,F,72,69.7,98.8,124,35.2,34.5,35.2,122,34.5,125,49.6,49.2,35.2 / 122,34.5 / 125
8189,SC,Forward,F,72,64.6,89.9,107,32.1,32.5,32.1,109,32.5,105,45.0,44.9,32.1 / 109,32.5 / 105
8220,SC,Black,M,72,72.1,98.5,142,36.2,35.9,36.2,141,35.9,143,49.3,49.2,36.2 / 141,35.9 / 143
8220,SC,Blue,M,72,70.3,95.3,135,35.3,35.0,35.3,136,35.0,133,47.9,47.4,35.3 / 136,35.0 / 133
8220,SC,White,M,72,68.5,91.3,123,34.4,34.1,34.4,123,34.1,123,45.8,45.5,34.4 / 123,34.1 / 123
8220,SC,Gold,M,72,65.6,87.9,120,32.3,33.3,32.3,121,33.3,119,43.5,44.4,32.3 / 121,33.3 / 119
8220,SC,Red,M,72,64.4,85.8,115,31.9,32.5,31.9,116,32.5,114,42.7,43.1,31.9 / 116,32.5 / 114
8220,SC,Orange,M,70,62.3,81.5,103,31.0,31.3,31.0,102,31.3,104,40.5,41.0,31.0 / 102,31.3 / 104
8220,SC,White,F,72,74.3,107.1,140,37.4,36.9,37.4,137,36.9,142,53.5,53.6,37.4 / 137,36.9 / 142
8220,SC,Gold,F,72,70.9,102.2,133,35.2,35.7,35.2,128,35.7,137,50.3,51.9,35.2 / 128,35.7 / 137
8220,SC,Red,F,72,69.6,99.4,127,34.6,35.0,34.6,125,35.0,128,49.3,50.1,34.6 / 125,35.0 / 128
8220,SC,Orange,F,70,64.3,90.7,112,32.0,32.3,32.0,110,32.3,114,45.0,45.7,32.0 / 110,32.3 / 114
8270,SC,Black,M,72,72.5,96.8,131,36.5,36.0,36.5,133,36.0,128,48.9,47.9,36.5 / 133,36.0 / 128
8270,SC,Blue,M,72,70.7,94.8,130,35.7,35.0,35.7,132,35.0,127,48.0,46.8,35.7 / 132,35.0 / 127
8270,SC,White,M,72,68.7,91.5,123,34.8,33.9,34.8,128,33.9,117,46.7,44.8,34.8 / 128,33.9 / 117
8270,SC,Gold,M,72,67.0,88.5,116,33.8,33.2,33.8,121,33.2,111,45.0,43.5,33.8 / 121,33.2 / 111
8270,SC,Red,M,72,65.7,86.7,113,33.3,32.4,33.3,118,32.4,108,44.3,42.4,33.3 / 118,32.4 / 108
8270,SC,Orange,M,71,62.5,82.3,107,31.2,31.3,31.2,110,31.3,103,41.4,40.9,31.2 / 110,31.3 / 103
8270,SC,White,F,72,74.6,105.2,130,37.7,36.9,37.7,131,36.9,128,53.2,52.0,37.7 / 131,36.9 / 128
8270,SC,Gold,F,72,72.5,101.9,125,36.6,35.9,36.6,126,35.9,123,51.5,50.4,36.6 / 126,35.9 / 123
8270,SC,Red,F,72,71.3,99.5,120,36.0,35.3,36.0,123,35.3,116,50.5,49.0,36.0 / 123,35.3 / 116
8270,SC,Orange,F,71,65.8,92.7,114,32.8,33.0,32.8,117,33.0,111,46.6,46.1,32.8 / 117,33.0 / 111
8302,SC,Blue,M,72,72.9,98.1,136,36.6,36.3,36.6,135,36.3,137,49.1,49.0,36.6 / 135,36.3 / 137
8302,SC,Member,M,72,72.1,96.8,133,36.1,36.0,36.1,131,36.0,135,48.3,48.5,36.1 / 131,36.0 / 135
8302,SC,White,M,72,71.1,95.6,132,35.5,35.6,35.5,130,35.6,133,47.6,48.0,35.5 / 130,35.6 / 133
8302,SC,Senior Member,M,72,69.8,93.0,125,34.9,34.9,34.9,118,34.9,131,45.9,47.1,34.9 / 118,34.9 / 131
8302,SC,Gold,M,72,68.2,90.3,119,34.1,34.1,34.1,115,34.1,123,44.8,45.5,34.1 / 115,34.1 / 123
8302,SC,Super Senior Member,M,72,67.1,88.9,117,33.5,33.6,33.5,115,33.6,119,44.2,44.7,33.5 / 115,33.6 / 119
8302,SC,Red,M,72,66.3,87.8,116,32.9,33.4,32.9,113,33.4,118,43.4,44.4,32.9 / 113,33.4 / 118
8302,SC,White,F,72,76.8,109.1,137,38.3,38.5,38.3,136,38.5,138,54.3,54.8,38.3 / 136,38.5 / 138
8302,SC,Gold,F,72,73.1,103.6,130,36.4,36.7,36.4,131,36.7,128,51.8,51.8,36.4 / 131,36.7 / 128
8302,SC,Red,F,72,70.9,99.8,123,35.2,35.7,35.2,123,35.7,122,49.7,50.1,35.2 / 123,35.7 / 122
8225,SC,Black,M,72,74.5,101.9,148,37.2,37.3,37.2,152,37.3,143,51.3,50.6,37.2 / 152,37.3 / 143
8225,SC,Blue,M,72,73.0,99.3,142,36.4,36.6,36.4,143,36.6,140,49.7,49.6,36.4 / 143,36.6 / 140
8225,SC,White,M,72,71.6,96.8,136,35.9,35.7,35.9,136,35.7,136,48.5,48.3,35.9 / 136,35.7 / 136
8225,SC,Gold,M,72,67.7,90.3,122,33.7,34.0,33.7,118,34.0,125,44.7,45.6,33.7 / 118,34.0 / 125
8225,SC,Red,M,72,65.0,86.7,117,32.2,32.8,32.2,112,32.8,122,42.6,44.1,32.2 / 112,32.8 / 122
8225,SC,White,F,72,77.6,111.3,143,38.9,38.7,38.9,140,38.7,146,55.4,55.9,38.9 / 140,38.7 / 146
8225,SC,Gold,F,72,72.7,104.0,133,36.2,36.5,36.2,129,36.5,137,51.4,52.6,36.2 / 129,36.5 / 137
8225,SC,Red,F,72,69.3,97.6,120,34.3,35.0,34.3,118,35.0,122,48.2,49.4,34.3 / 118,35.0 / 122
8111,SC,Blue,M,72,71.5,96.4,134,35.9,35.6,35.9,132,35.6,136,48.2,48.2,35.9 / 132,35.6 / 136
8111,SC,White,M,72,69.4,92.9,127,34.6,34.8,34.6,128,34.8,125,46.5,46.4,34.6 / 128,34.8 / 125
8111,SC,Gold,M,72,66.7,88.4,117,33.2,33.5,33.2,116,33.5,117,44.0,44.4,33.2 / 116,33.5 / 117
8111,SC,Red,M,72,64.6,85.9,115,32.6,32.0,32.6,113,32.0,116,43.1,42.8,32.6 / 113,32.0 / 116
8111,SC,Orange,M,72,62.6,83.3,112,31.5,31.1,31.5,109,31.1,114,41.6,41.7,31.5 / 109,31.1 / 114
8111,SC,Family,M,72,61.6,81.7,108,31.1,30.5,31.1,105,30.5,111,40.9,40.8,31.1 / 105,30.5 / 111
8111,SC,Blue,F,73,78.0,110.2,137,39.1,38.9,39.1,136,38.9,137,55.1,55.1,39.1 / 136,38.9 / 137
8111,SC,White,F,72,75.3,106.3,132,37.7,37.6,37.7,131,37.6,132,53.1,53.2,37.7 / 131,37.6 / 132
8111,SC,Gold,F,72,71.6,102.0,129,35.8,35.8,35.8,131,35.8,126,51.3,50.7,35.8 / 131,35.8 / 126
8111,SC,Red,F,72,70.0,98.9,123,35.1,34.9,35.1,127,34.9,118,50.1,48.8,35.1 / 127,34.9 / 118
8111,SC,Orange,F,72,66.9,94.2,116,33.6,33.3,33.6,118,33.3,114,47.5,46.7,33.6 / 118,33.3 / 114
8111,SC,Family,F,72,64.7,91.3,113,32.7,32.0,32.7,115,32.0,110,46.3,45.0,32.7 / 115,32.0 / 110
8166,SC,Black,M,71,72.1,98.0,139,35.4,36.7,35.4,133,36.7,145,47.8,50.2,35.4 / 133,36.7 / 145
8166,SC,Gold,M,71,69.9,94.7,134,34.3,35.6,34.3,130,35.6,137,46.4,48.3,34.3 / 130,35.6 / 137
8166,SC,Gold / Blue,M,71,69.4,93.3,129,34.0,35.4,34.0,127,35.4,130,45.8,47.5,34.0 / 127,35.4 / 130
8166,SC,Blue,M,71,68.4,91.4,124,33.5,34.9,33.5,119,34.9,128,44.6,46.8,33.5 / 119,34.9 / 128
8166,SC,Blue / Silver,M,71,66.9,88.2,115,32.8,34.1,32.8,111,34.1,118,43.1,45.1,32.8 / 111,34.1 / 118
8166,SC,Silver,M,71,64.7,84.7,108,31.7,33.0,31.7,107,33.0,109,41.6,43.1,31.7 / 107,33.0 / 109
8166,SC,Silver / Green,M,71,63.6,83.3,106,31.2,32.4,31.2,105,32.4,107,41.0,42.3,31.2 / 105,32.4 / 107
8166,SC,Green,M,71,61.8,80.8,102,30.3,31.5,30.3,101,31.5,103,39.7,41.1,30.3 / 101,31.5 / 103
8166,SC,Blue,F,72,73.5,106.3,139,35.7,37.8,35.7,135,37.8,143,51.6,54.7,35.7 / 135,37.8 / 143
8166,SC,Blue / Silver,F,72,71.1,101.2,128,34.7,36.4,34.7,127,36.4,128,49.7,51.5,34.7 / 127,36.4 / 128
8166,SC,Silver,F,72,68.9,97.2,120,33.5,35.4,33.5,120,35.4,120,47.7,49.5,33.5 / 120,35.4 / 120
8166,SC,Silver / Green,F,72,67.2,94.4,115,32.7,34.5,32.7,114,34.5,116,46.2,48.2,32.7 / 114,34.5 / 116
8166,SC,Green,F,72,64.5,90.2,109,31.4,33.1,31.4,107,33.1,111,44.0,46.2,31.4 / 107,33.1 / 111
8165,SC,Black,M,72,74.0,100.2,141,37.1,36.9,37.1,141,36.9,141,50.2,50.0,37.1 / 141,36.9 / 141
8165,SC,Gold,M,72,71.9,97.0,136,35.9,36.0,35.9,135,36.0,136,48.4,48.6,35.9 / 135,36.0 / 136
8165,SC,Gold / Blue,M,72,71.1,96.0,134,35.3,35.8,35.3,132,35.8,136,47.6,48.4,35.3 / 132,35.8 / 136
8165,SC,Blue,M,72,70.4,95.1,133,35.1,35.3,35.1,132,35.3,133,47.4,47.7,35.1 / 132,35.3 / 133
8165,SC,Blue / Silver,M,72,68.3,92.3,129,34.3,34.0,34.3,130,34.0,128,46.4,45.9,34.3 / 130,34.0 / 128
8165,SC,Silver,M,72,66.0,87.9,118,33.1,32.9,33.1,118,32.9,117,44.1,43.8,33.1 / 118,32.9 / 117
8165,SC,Silver / Green,M,72,64.9,86.2,115,32.4,32.5,32.4,115,32.5,114,43.1,43.1,32.4 / 115,32.5 / 114
8165,SC,Green,M,72,63.2,84.0,112,31.6,31.6,31.6,113,31.6,111,42.1,41.9,31.6 / 113,31.6 / 111
8165,SC,Blue,F,72,76.1,110.2,145,38.0,38.1,38.0,148,38.1,142,55.4,54.8,38.0 / 148,38.1 / 142
8165,SC,Blue / Silver,F,72,74.1,106.4,137,37.4,36.7,37.4,143,36.7,131,54.3,52.1,37.4 / 143,36.7 / 131
8165,SC,Silver,F,72,71.3,100.7,125,35.9,35.4,35.9,125,35.4,125,50.6,50.1,35.9 / 125,35.4 / 125
8165,SC,Silver / Green,F,72,69.0,97.9,123,34.6,34.4,34.6,125,34.4,120,49.3,48.6,34.6 / 125,34.4 / 120
8165,SC,Green,F,72,66.5,93.6,115,33.3,33.2,33.3,119,33.2,111,47.3,46.3,33.3 / 119,33.2 / 111
8140,SC,Purple,M,72,74.4,99.0,133,37.0,37.4,37.0,129,37.4,136,49.0,50.0,37.0 / 129,37.4 / 136
8140,SC,Black,M,72,72.1,95.8,128,35.9,36.2,35.9,124,36.2,131,47.4,48.4,35.9 / 124,36.2 / 131
8140,SC,White,M,72,69.3,92.5,125,34.6,34.7,34.6,124,34.7,126,46.1,46.4,34.6 / 124,34.7 / 126
8140,SC,White / Gold,M,72,67.7,90.2,121,33.7,34.0,33.7,119,34.0,123,44.8,45.4,33.7 / 119,34.0 / 123
8140,SC,Gold,M,72,65.3,86.3,113,31.7,33.6,31.7,107,33.6,119,41.6,44.7,31.7 / 107,33.6 / 119
8140,SC,Lavender,M,72,63.4,83.6,109,31.2,32.2,31.2,105,32.2,112,41.0,42.6,31.2 / 105,32.2 / 112
8140,SC,White,F,72,75.1,107.2,137,37.4,37.7,37.4,136,37.7,137,53.4,53.8,37.4 / 136,37.7 / 137
8140,SC,White / Gold,F,72,73.3,104.3,132,36.5,36.8,36.5,131,36.8,132,51.9,52.4,36.5 / 131,36.8 / 132
8140,SC,Gold,F,72,70.4,99.2,123,34.0,36.4,34.0,119,36.4,126,48.0,51.2,34.0 / 119,36.4 / 126
8140,SC,Lavender,F,72,68.2,95.4,116,33.4,34.8,33.4,114,34.8,117,46.8,48.6,33.4 / 114,34.8 / 117
8361,SC,Black,M,72,73.7,101.7,151,36.9,36.8,36.9,153,36.8,149,51.1,50.6,36.9 / 153,36.8 / 149
8361,SC,Blue,M,72,71.6,98.2,143,35.6,36.0,35.6,142,36.0,144,48.8,49.4,35.6 / 142,36.0 / 144
8361,SC,White,M,72,70.0,94.8,134,35.0,35.0,35.0,132,35.0,135,47.3,47.5,35.0 / 132,35.0 / 135
8361,SC,Gold,M,72,67.8,90.7,123,34.1,33.7,34.1,127,33.7,119,45.9,44.8,34.1 / 127,33.7 / 119
8361,SC,Gold,F,72,73.1,106.5,142,36.7,36.4,36.7,142,36.4,142,53.4,53.1,36.7 / 142,36.4 / 142
8361,SC,Red,F,72,70.0,99.7,126,34.9,35.1,34.9,126,35.1,126,49.8,49.9,34.9 / 126,35.1 / 126
8167,SC,Black,M,72,73.7,99.0,136,36.9,36.8,36.9,139,36.8,133,49.8,49.2,36.9 / 139,36.8 / 133
8167,SC,Blue,M,72,71.9,96.6,133,35.9,36.0,35.9,137,36.0,129,48.6,48.0,35.9 / 137,36.0 / 129
8167,SC,Blue / Gold,M,72,71.0,95.4,131,35.3,35.7,35.3,133,35.7,129,47.7,47.7,35.3 / 133,35.7 / 129
8167,SC,Gold,M,72,70.2,94.1,129,35.0,35.2,35.0,130,35.2,127,47.1,47.0,35.0 / 130,35.2 / 127
8167,SC,Gold / White,M,72,68.7,92.1,126,34.2,34.5,34.2,127,34.5,125,46.0,46.1,34.2 / 127,34.5 / 125
8167,SC,White,M,72,67.4,88.7,115,33.4,34.0,33.4,116,34.0,113,44.2,44.5,33.4 / 116,34.0 / 113
8167,SC,Green,M,72,65.2,84.9,106,32.2,33.0,32.2,107,33.0,105,42.1,42.8,32.2 / 107,33.0 / 105
8167,SC,White,F,72,72.1,101.6,125,35.8,36.3,35.8,121,36.3,129,50.1,51.5,35.8 / 121,36.3 / 129
8167,SC,Green,F,72,69.5,97.2,118,34.3,35.2,34.3,114,35.2,121,47.7,49.5,34.3 / 114,35.2 / 121
8163,SC,Gold,M,71,71.8,97.1,136,37.0,34.8,37.0,131,34.8,141,49.2,47.9,37.0 / 131,34.8 / 141
8163,SC,Blue,M,71,69.3,93.6,131,35.5,33.8,35.5,130,33.8,131,47.6,46.0,35.5 / 130,33.8 / 131
8163,SC,Green,M,71,67.8,90.8,124,34.6,33.2,34.6,126,33.2,122,46.3,44.5,34.6 / 126,33.2 / 122
8163,SC,Black,M,71,65.1,86.5,115,33.3,31.8,33.3,114,31.8,116,43.9,42.6,33.3 / 114,31.8 / 116
8163,SC,Red,M,71,64.6,85.9,115,33.0,31.6,33.0,113,31.6,116,43.5,42.4,33.0 / 113,31.6 / 116
8163,SC,Forward,M,71,61.5,80.8,104,30.8,30.7,30.8,101,30.7,107,40.2,40.6,30.8 / 101,30.7 / 107
8163,SC,Blue,F,71,75.4,109.5,145,39.0,36.4,39.0,140,36.4,149,55.5,54.0,39.0 / 140,36.4 / 149
8163,SC,Green,F,71,73.0,105.5,138,37.6,35.4,37.6,130,35.4,146,52.9,52.6,37.6 / 130,35.4 / 146
8163,SC,Black,F,71,69.8,97.7,119,35.7,34.1,35.7,120,34.1,117,49.8,47.9,35.7 / 120,34.1 / 117
8163,SC,Red,F,71,69.1,96.8,118,35.3,33.8,35.3,119,33.8,116,49.3,47.5,35.3 / 119,33.8 / 116
8163,SC,Forward,F,71,63.9,89.0,107,32.3,31.6,32.3,106,31.6,107,44.8,44.2,32.3 / 106,31.6 / 107
36437,SC,Family,M,68,60.3,79.5,103,30.2,30.1,30.2,104,30.1,102,39.9,39.6,30.2 / 104,30.1 / 102
36437,SC,Family,F,71,62.4,87.6,107,31.3,31.1,31.3,105,31.1,109,43.7,43.9,31.3 / 105,31.1 / 109
36438,SC,Par 3,M,54,51.8,66.4,79,26.0,25.8,26.0,82,25.8,75,33.6,32.8,26.0 / 82,25.8 / 75
36438,SC,Par 3,F,54,54.7,74.6,84,27.5,27.2,27.5,87,27.2,81,37.8,36.8,27.5 / 87,27.2 / 81
20951,SC,Championship,M,72,75.6,103.7,150,37.4,38.2,37.4,155,38.2,145,52.0,51.7,37.4 / 155,38.2 / 145
20951,SC,Players,M,72,73.6,100.7,146,36.6,37.0,36.6,153,37.0,139,50.8,49.9,36.6 / 153,37.0 / 139
20951,SC,Players/Briars,M,72,72.4,99.4,146,36.1,36.3,36.1,153,36.3,138,50.3,49.1,36.1 / 153,36.3 / 138
20951,SC,Briars,M,72,71.1,97.6,143,35.6,35.5,35.6,147,35.5,138,49.3,48.3,35.6 / 147,35.5 / 138
20951,SC,Tournament,M,72,69.7,95.5,139,34.9,34.8,34.9,142,34.8,136,48.1,47.4,34.9 / 142,34.8 / 136
20951,SC,Marsh,M,72,67.7,92.1,131,33.9,33.8,33.9,131,33.8,131,46.1,46.0,33.9 / 131,33.8 / 131
20951,SC,Marsh/Heron,M,72,65.4,87.4,119,32.8,32.6,32.8,123,32.6,114,44.2,43.2,32.8 / 123,32.6 / 114
20951,SC,Heron,M,72,63.8,84.5,112,31.6,32.2,31.6,111,32.2,112,41.9,42.6,31.6 / 111,32.2 / 112
20951,SC,Players/Briars,F,72,79.4,117.3,155,39.5,39.9,39.5,155,39.9,155,58.7,58.6,39.5 / 155,39.9 / 155
20951,SC,Briars,F,72,78.0,115.4,155,38.8,39.2,38.8,155,39.2,155,57.7,57.7,38.8 / 155,39.2 / 155
20951,SC,Marsh,F,72,73.2,107.5,146,36.5,36.7,36.5,145,36.7,146,53.6,53.9,36.5 / 145,36.7 / 146
20951,SC,Marsh/Heron,F,72,70.4,100.5,128,35.3,35.1,35.3,129,35.1,126,50.5,50.0,35.3 / 129,35.1 / 126
20951,SC,Tournament,F,72,69.5,98.1,121,34.5,35.0,34.5,121,35.0,121,48.8,49.3,34.5 / 121,35.0 / 121
20951,SC,Heron,F,72,67.9,96.0,119,33.3,34.6,33.3,115,34.6,123,46.9,49.1,33.3 / 115,34.6 / 123
8206,SC,Professional,M,72,75.7,101.6,140,37.9,37.8,37.9,136,37.8,143,50.5,51.1,37.9 / 136,37.8 / 143
8206,SC,Blue,M,72,73.0,97.8,134,36.5,36.5,36.5,130,36.5,137,48.6,49.2,36.5 / 130,36.5 / 137
8206,SC,White,M,72,70.7,94.2,127,35.4,35.3,35.4,125,35.3,128,47.0,47.2,35.4 / 125,35.3 / 128
8206,SC,White / Green,M,72,69.7,93.1,126,35.1,34.6,35.1,125,34.6,127,46.7,46.4,35.1 / 125,34.6 / 127
8206,SC,Green,M,72,68.5,90.8,120,34.4,34.1,34.4,118,34.1,122,45.4,45.4,34.4 / 118,34.1 / 122
8206,SC,Red,M,72,65.2,86.0,112,33.0,32.2,33.0,112,32.2,112,43.4,42.6,33.0 / 112,32.2 / 112
8206,SC,White,F,72,76.3,107.5,132,38.2,38.1,38.2,131,38.1,133,53.7,53.8,38.2 / 131,38.1 / 133
8206,SC,Green,F,72,73.7,103.5,127,36.9,36.8,36.9,125,36.8,128,51.6,51.9,36.9 / 125,36.8 / 128
8206,SC,Red,F,72,69.6,97.4,118,35.2,34.4,35.2,118,34.4,118,49.1,48.3,35.2 / 118,34.4 / 118
8206,SC,Forward,F,72,64.5,89.7,107,32.8,31.7,32.8,108,31.7,106,45.5,44.2,32.8 / 108,31.7 / 106
8096,SC,Championship,M,72,74.3,100.5,141,37.1,37.2,37.1,137,37.2,145,49.8,50.7,37.1 / 137,37.2 / 145
8096,SC,Black,M,72,73.5,99.3,139,36.7,36.8,36.7,135,36.8,143,49.2,50.1,36.7 / 135,36.8 / 143
8096,SC,Gold,M,72,71.5,96.6,135,35.6,35.9,35.6,131,35.9,139,47.8,48.8,35.6 / 131,35.9 / 139
8096,SC,Gold / Blue,M,72,70.9,95.6,133,35.2,35.7,35.2,131,35.7,135,47.4,48.2,35.2 / 131,35.7 / 135
8096,SC,Blue,M,72,70.2,94.7,132,34.9,35.3,34.9,130,35.3,133,47.0,47.7,34.9 / 130,35.3 / 133
8096,SC,Blue / White,M,72,69.2,92.6,126,34.5,34.7,34.5,125,34.7,127,46.1,46.5,34.5 / 125,34.7 / 127
8096,SC,White,M,72,68.4,91.2,123,34.2,34.2,34.2,123,34.2,123,45.6,45.6,34.2 / 123,34.2 / 123
8096,SC,White / Gray,M,72,67.0,89.7,123,33.3,33.7,33.3,122,33.7,123,44.6,45.1,33.3 / 122,33.7 / 123
8096,SC,Gray,M,72,65.8,88.1,120,32.8,33.0,32.8,121,33.0,119,44.0,44.1,32.8 / 121,33.0 / 119
8096,SC,Green,M,72,65.2,86.9,117,32.5,32.7,32.5,116,32.7,117,43.3,43.6,32.5 / 116,32.7 / 117
8096,SC,Green / Red,M,72,64.0,85.2,114,32.1,31.9,32.1,114,31.9,114,42.7,42.5,32.1 / 114,31.9 / 114
8096,SC,Red,M,72,63.8,84.8,113,32.0,31.8,32.0,113,31.8,113,42.5,42.3,32.0 / 113,31.8 / 113
8096,SC,Gold,F,72,77.8,112.2,146,38.7,39.1,38.7,144,39.1,148,55.7,56.5,38.7 / 144,39.1 / 148
8096,SC,Gold / Blue,F,72,76.8,110.7,144,38.3,38.5,38.3,142,38.5,146,55.0,55.7,38.3 / 142,38.5 / 146
8096,SC,Blue,F,72,76.1,109.6,142,37.9,38.2,37.9,140,38.2,144,54.4,55.2,37.9 / 140,38.2 / 144
8096,SC,Blue / White,F,72,74.8,107.7,140,37.3,37.5,37.3,138,37.5,141,53.6,54.1,37.3 / 138,37.5 / 141
8096,SC,White,F,72,73.8,106.1,137,37.0,36.8,37.0,136,36.8,138,53.0,53.1,37.0 / 136,36.8 / 138
8096,SC,White / Gray,F,72,72.6,102.9,129,36.1,36.5,36.1,126,36.5,131,51.0,51.9,36.1 / 126,36.5 / 131
8096,SC,Gray,F,72,71.4,100.8,125,35.6,35.8,35.6,124,35.8,126,50.2,50.6,35.6 / 124,35.8 / 126
8096,SC,Green,F,72,70.8,99.7,123,35.3,35.5,35.3,122,35.5,123,49.7,50.0,35.3 / 122,35.5 / 123
8096,SC,Green / Red,F,72,68.9,97.6,122,34.7,34.2,34.7,120,34.2,123,48.9,48.7,34.7 / 120,34.2 / 123
8096,SC,Red,F,72,68.6,96.9,120,34.6,34.0,34.6,120,34.0,120,48.7,48.2,34.6 / 120,34.0 / 120
32452,SC,Black,M,72,74.0,98.9,134,37.2,36.8,37.2,139,36.8,129,50.1,48.8,37.2 / 139,36.8 / 129
32452,SC,Blue,M,72,72.3,96.5,131,36.3,36.0,36.3,136,36.0,125,48.9,47.6,36.3 / 136,36.0 / 125
32452,SC,White,M,72,69.9,93.4,127,35.3,34.6,35.3,129,34.6,124,47.3,46.1,35.3 / 129,34.6 / 124
32452,SC,White / Green,M,72,68.6,92.0,126,34.5,34.1,34.5,128,34.1,124,46.4,45.6,34.5 / 128,34.1 / 124
32452,SC,Green,M,72,67.0,88.6,116,33.8,33.2,33.8,118,33.2,114,44.8,43.8,33.8 / 118,33.2 / 114
32452,SC,Green / Red,M,72,65.5,85.9,110,32.9,32.6,32.9,111,32.6,109,43.2,42.7,32.9 / 111,32.6 / 109
32452,SC,Red,M,72,64.2,82.9,101,32.3,31.9,32.3,102,31.9,99,41.8,41.1,32.3 / 102,31.9 / 99
32452,SC,Green,F,72,72.3,102.7,129,36.4,35.9,36.4,131,35.9,127,51.8,50.9,36.4 / 131,35.9 / 127
32452,SC,Green / Red,F,72,70.4,99.3,123,35.3,35.1,35.3,126,35.1,119,50.2,49.1,35.3 / 126,35.1 / 119
32452,SC,Red,F,72,68.4,96.0,117,34.4,34.0,34.4,120,34.0,114,48.5,47.5,34.4 / 120,34.0 / 114
32456,SC,Black,M,72,74.3,100.3,140,37.1,37.2,37.1,141,37.2,139,50.2,50.1,37.1 / 141,37.2 / 139
32456,SC,Blue,M,72,72.3,97.6,137,36.0,36.3,36.0,137,36.3,136,48.7,48.9,36.0 / 137,36.3 / 136
32456,SC,White,M,72,69.9,93.9,129,34.6,35.3,34.6,129,35.3,129,46.6,47.3,34.6 / 129,35.3 / 129
32456,SC,White / Green,M,72,68.2,91.6,126,33.7,34.5,33.7,124,34.5,128,45.2,46.4,33.7 / 124,34.5 / 128
32456,SC,Green,M,72,67.1,88.7,116,33.3,33.8,33.3,114,33.8,118,43.9,44.8,33.3 / 114,33.8 / 118
32456,SC,Green / Red,M,72,65.6,86.2,111,32.7,32.9,32.7,111,32.9,111,43.0,43.2,32.7 / 111,32.9 / 111
32456,SC,Red,M,72,64.4,83.5,103,32.1,32.3,32.1,103,32.3,102,41.7,41.8,32.1 / 103,32.3 / 102
32456,SC,Green,F,72,72.3,103.2,131,35.9,36.4,35.9,131,36.4,131,51.4,51.8,35.9 / 131,36.4 / 131
32456,SC,Green / Red,F,72,70.5,100.0,125,35.2,35.3,35.2,124,35.3,126,49.8,50.2,35.2 / 124,35.3 / 126
32456,SC,Red,F,72,68.8,96.7,119,34.4,34.4,34.4,117,34.4,120,48.2,48.5,34.4 / 117,34.4 / 120
8083,SC,Black,M,72,73.9,99.0,135,36.8,37.1,36.8,129,37.1,141,48.8,50.2,36.8 / 129,37.1 / 141
8083,SC,Blue,M,72,72.0,96.3,131,36.0,36.0,36.0,125,36.0,137,47.6,48.7,36.0 / 125,36.0 / 137
8083,SC,White,M,72,69.2,92.7,127,34.6,34.6,34.6,124,34.6,129,46.1,46.6,34.6 / 124,34.6 / 129
8083,SC,White / Green,M,72,67.8,90.8,124,34.1,33.7,34.1,124,33.7,124,45.6,45.2,34.1 / 124,33.7 / 124
8083,SC,Green,M,72,66.5,87.7,114,33.2,33.3,33.2,114,33.3,114,43.8,43.9,33.2 / 114,33.3 / 114
8083,SC,Green / Red,M,72,65.3,85.7,110,32.6,32.7,32.6,109,32.7,111,42.7,43.0,32.6 / 109,32.7 / 111
8083,SC,Red,M,72,64.0,82.8,101,31.9,32.1,31.9,99,32.1,103,41.1,41.7,31.9 / 99,32.1 / 103
8083,SC,Green,F,72,71.8,102.3,129,35.9,35.9,35.9,127,35.9,131,50.9,51.4,35.9 / 127,35.9 / 131
8083,SC,Green / Red,F,72,70.3,98.9,122,35.1,35.2,35.1,119,35.2,124,49.1,49.8,35.1 / 119,35.2 / 124
8083,SC,Red,F,72,68.4,95.7,116,34.0,34.4,34.0,114,34.4,117,47.5,48.2,34.0 / 114,34.4 / 117
20947,SC,Green,M,72,73.2,99.3,141,36.6,36.6,36.6,138,36.6,143,49.4,49.9,36.6 / 138,36.6 / 143
20947,SC,Blue,M,72,71.4,96.3,134,35.7,35.7,35.7,130,35.7,138,47.8,48.5,35.7 / 130,35.7 / 138
20947,SC,White,M,72,68.0,91.4,126,33.8,34.2,33.8,129,34.2,123,45.8,45.6,33.8 / 129,34.2 / 123
20947,SC,Gold,M,72,65.2,86.3,114,32.4,32.8,32.4,122,32.8,105,43.7,42.6,32.4 / 122,32.8 / 105
20947,SC,Red,F,72,65.7,93.4,118,32.6,33.1,32.6,119,33.1,116,46.6,46.8,32.6 / 119,33.1 / 116
8164,SC,Red,M,71,74.0,99.2,136,36.3,37.7,36.3,130,37.7,141,48.4,50.8,36.3 / 130,37.7 / 141
8164,SC,Long Combo,M,71,73.2,97.1,129,36.1,37.1,36.1,124,37.1,133,47.6,49.5,36.1 / 124,37.1 / 133
8164,SC,Blue,M,71,71.8,95.7,129,35.4,36.4,35.4,124,36.4,133,46.9,48.8,35.4 / 124,36.4 / 133
8164,SC,Medium Combo,M,71,70.6,94.1,126,34.9,35.7,34.9,119,35.7,133,46.0,48.1,34.9 / 119,35.7 / 133
8164,SC,White,M,71,69.3,91.9,122,34.4,34.9,34.4,116,34.9,127,45.2,46.7,34.4 / 116,34.9 / 127
8164,SC,Short Combo,M,71,67.3,89.5,120,33.3,34.0,33.3,116,34.0,123,44.1,45.4,33.3 / 116,34.0 / 123
8164,SC,Gold,M,71,65.2,86.0,112,32.2,33.0,32.2,111,33.0,113,42.5,43.5,32.2 / 111,33.0 / 113
8164,SC,Forward Combo,M,71,63.5,83.7,109,31.4,32.1,31.4,108,32.1,110,41.4,42.3,31.4 / 108,32.1 / 110
8164,SC,Green,M,71,62.5,82.2,106,31.1,31.4,31.1,105,31.4,107,40.9,41.3,31.1 / 105,31.4 / 107
8164,SC,Blue,F,72,77.9,111.4,143,38.4,39.5,38.4,137,39.5,148,54.5,56.9,38.4 / 137,39.5 / 148
8164,SC,Medium Combo,F,71,76.5,109.2,139,37.7,38.8,37.7,134,38.8,143,53.5,55.7,37.7 / 134,38.8 / 143
8164,SC,White,F,71,75.0,107.0,136,37.0,38.0,37.0,131,38.0,140,52.5,54.5,37.0 / 131,38.0 / 140
8164,SC,Short Combo,F,71,73.1,102.6,125,36.2,36.9,36.2,122,36.9,128,50.6,52.0,36.2 / 122,36.9 / 128
8164,SC,Gold,F,71,70.3,98.0,118,34.9,35.4,34.9,116,35.4,119,48.6,49.4,34.9 / 116,35.4 / 119
8164,SC,Forward Combo,F,71,67.4,95.0,117,33.3,34.1,33.3,115,34.1,119,46.9,48.1,33.3 / 115,34.1 / 119
8164,SC,Green,F,71,65.9,92.5,113,32.8,33.1,32.8,114,33.1,112,46.2,46.3,32.8 / 114,33.1 / 112
23617,SC,Gold,M,72,76.7,103.2,143,38.4,38.3,38.4,142,38.3,143,51.6,51.6,38.4 / 142,38.3 / 143
23617,SC,Black,M,72,74.8,100.7,140,37.6,37.2,37.6,139,37.2,140,50.5,50.2,37.6 / 139,37.2 / 140
23617,SC,Blue,M,72,72.8,97.7,134,36.5,36.3,36.5,131,36.3,137,48.7,49.0,36.5 / 131,36.3 / 137
23617,SC,White,M,72,70.5,94.7,130,35.3,35.2,35.3,129,35.2,131,47.3,47.4,35.3 / 129,35.2 / 131
23617,SC,Green,M,72,68.1,91.4,126,34.0,34.1,34.0,123,34.1,128,45.4,46.0,34.0 / 123,34.1 / 128
23617,SC,Red,M,72,65.6,87.4,117,32.9,32.7,32.9,115,32.7,119,43.6,43.8,32.9 / 115,32.7 / 119
23617,SC,Green,F,72,73.8,104.5,131,36.8,37.0,36.8,131,37.0,130,52.2,52.3,36.8 / 131,37.0 / 130
23617,SC,Red,F,72,70.8,99.7,123,35.3,35.5,35.3,122,35.5,123,49.7,50.0,35.3 / 122,35.5 / 123
8106,SC,Blue,M,72,71.5,94.1,122,35.3,36.2,35.3,117,36.2,126,46.2,47.9,35.3 / 117,36.2 / 126
8106,SC,White,M,72,70.7,92.3,116,34.8,35.9,34.8,115,35.9,117,45.5,46.8,34.8 / 115,35.9 / 117
8106,SC,Gold,M,72,67.2,87.5,110,32.7,34.5,32.7,109,34.5,110,42.8,44.7,32.7 / 109,34.5 / 110
8106,SC,Red,M,72,64.6,83.8,103,31.1,33.5,31.1,102,33.5,104,40.6,43.2,31.1 / 102,33.5 / 104
8106,SC,Blue,F,72,77.7,108.4,130,38.1,39.6,38.1,127,39.6,133,53.1,55.3,38.1 / 127,39.6 / 133
8106,SC,White,F,72,76.3,106.3,128,37.5,38.8,37.5,125,38.8,130,52.2,54.1,37.5 / 125,38.8 / 130
8106,SC,Gold,F,72,72.1,100.1,119,35.4,36.7,35.4,115,36.7,122,49.0,51.1,35.4 / 115,36.7 / 122
8106,SC,Red,F,72,69.0,95.4,112,33.6,35.4,33.6,110,35.4,114,46.6,48.8,33.6 / 110,35.4 / 114
8205,SC,Gold,M,72,74.2,100.6,142,37.3,36.9,37.3,142,36.9,142,50.5,50.1,37.3 / 142,36.9 / 142
8205,SC,Green,M,72,73.0,99.4,142,36.4,36.6,36.4,142,36.6,142,49.6,49.8,36.4 / 142,36.6 / 142
8205,SC,Blue,M,72,71.4,97.1,139,35.7,35.7,35.7,137,35.7,140,48.4,48.7,35.7 / 137,35.7 / 140
8205,SC,Black,M,72,70.2,95.3,135,35.3,34.9,35.3,133,34.9,137,47.7,47.6,35.3 / 133,34.9 / 137
8205,SC,White,M,72,67.7,90.5,123,33.9,33.8,33.9,121,33.8,125,45.1,45.4,33.9 / 121,33.8 / 125
8205,SC,Magenta,M,72,65.2,86.7,116,33.3,31.9,33.3,112,31.9,119,43.7,43.0,33.3 / 112,31.9 / 119
8205,SC,Red,M,72,62.9,83.1,109,32.0,30.9,32.0,105,30.9,112,41.8,41.3,32.0 / 105,30.9 / 112
8205,SC,Blue,F,72,77.4,110.6,141,38.6,38.8,38.6,141,38.8,141,55.2,55.4,38.6 / 141,38.8 / 141
8205,SC,Black,F,72,75.8,108.0,137,38.1,37.7,38.1,137,37.7,136,54.3,53.7,38.1 / 137,37.7 / 136
8205,SC,White,F,72,73.0,103.9,131,36.5,36.5,36.5,131,36.5,131,52.0,51.9,36.5 / 131,36.5 / 131
8205,SC,Magenta,F,72,70.3,99.6,124,35.5,34.8,35.5,127,34.8,121,50.5,49.1,35.5 / 127,34.8 / 121
8205,SC,Red,F,72,66.6,94.4,118,33.6,33.0,33.6,122,33.0,114,48.0,46.4,33.6 / 122,33.0 / 114
8113,SC,Black,M,71,74.9,102.8,150,36.6,38.3,36.6,147,38.3,153,50.3,52.5,36.6 / 147,38.3 / 153
8113,SC,Black / Blue,M,71,73.8,101.2,148,36.0,37.8,36.0,145,37.8,150,49.5,51.7,36.0 / 145,37.8 / 150
8113,SC,Blue,M,71,73.0,100.2,147,35.6,37.4,35.6,144,37.4,149,49.0,51.2,35.6 / 144,37.4 / 149
8113,SC,Blue / White,M,71,71.8,98.7,145,35.1,36.7,35.1,144,36.7,145,48.5,50.2,35.1 / 144,36.7 / 145
8113,SC,White,M,71,70.8,96.9,141,34.5,36.3,34.5,137,36.3,144,47.2,49.7,34.5 / 137,36.3 / 144
8113,SC,White / Gold,M,71,69.2,94.0,134,33.7,35.5,33.7,130,35.5,137,45.8,48.2,33.7 / 130,35.5 / 137
8113,SC,Gold,M,71,68.2,92.0,128,33.1,35.1,33.1,126,35.1,130,44.8,47.2,33.1 / 126,35.1 / 130
8113,SC,Gold / Red,M,71,65.9,88.9,124,32.3,33.6,32.3,123,33.6,125,43.7,45.2,32.3 / 123,33.6 / 125
8113,SC,Red,M,71,64.4,86.1,117,31.5,32.9,31.5,112,32.9,122,41.9,44.2,31.5 / 112,32.9 / 122
8113,SC,White,F,72,76.7,111.3,147,37.3,39.4,37.3,139,39.4,154,53.7,57.6,37.3 / 139,39.4 / 154
8113,SC,White / Gold,F,72,74.7,108.3,143,36.5,38.2,36.5,135,38.2,150,52.4,55.9,36.5 / 135,38.2 / 150
8113,SC,Gold,F,72,73.4,106.5,141,35.8,37.6,35.8,133,37.6,148,51.5,55.0,35.8 / 133,37.6 / 148
8113,SC,Gold / Red,F,72,70.6,101.0,129,34.8,35.8,34.8,127,35.8,131,49.8,51.2,34.8 / 127,35.8 / 131
8113,SC,Red,F,72,68.2,97.1,123,33.1,35.1,33.1,119,35.1,126,47.1,50.0,33.1 / 119,35.1 / 126
8224,SC,Blue,M,71,73.5,100.4,145,36.6,36.9,36.6,150,36.9,140,50.5,49.9,36.6 / 150,36.9 / 140
8224,SC,Blue / White,M,71,72.0,98.9,145,36.1,35.9,36.1,150,35.9,140,50.0,48.9,36.1 / 150,35.9 / 140
8224,SC,White,M,71,70.9,97.6,144,35.4,35.5,35.4,147,35.5,140,49.1,48.5,35.4 / 147,35.5 / 140
8224,SC,White / Gold,M,71,69.4,95.2,139,34.5,34.9,34.5,140,34.9,138,47.5,47.7,34.5 / 140,34.9 / 138
8224,SC,Gold,M,71,68.0,93.3,137,33.7,34.3,33.7,135,34.3,138,46.2,47.1,33.7 / 135,34.3 / 138
8224,SC,Gold / Red,M,71,66.5,90.5,129,33.6,32.9,33.6,127,32.9,131,45.4,45.1,33.6 / 127,32.9 / 131
8224,SC,Red,M,71,65.2,88.1,124,32.7,32.5,32.7,124,32.5,123,44.2,43.9,32.7 / 124,32.5 / 123
8224,SC,Family,M,70,59.4,78.5,103,30.0,29.4,30.0,110,29.4,96,40.2,38.3,30.0 / 110,29.4 / 96
8224,SC,White,F,71,76.8,111.0,145,38.3,38.5,38.3,151,38.5,139,56.1,54.9,38.3 / 151,38.5 / 139
8224,SC,White / Gold,F,71,75.1,108.5,142,37.4,37.7,37.4,148,37.7,136,54.8,53.7,37.4 / 148,37.7 / 136
8224,SC,Gold,F,71,73.8,106.6,139,36.6,37.2,36.6,144,37.2,134,53.6,53.0,36.6 / 144,37.2 / 134
8224,SC,Gold / Red,F,71,71.9,102.5,130,36.2,35.7,36.2,136,35.7,124,52.2,50.3,36.2 / 136,35.7 / 124
8224,SC,Red,F,71,70.0,99.2,124,35.1,34.9,35.1,125,34.9,123,49.8,49.4,35.1 / 125,34.9 / 123
8224,SC,Family,F,70,61.4,86.7,107,31.1,30.3,31.1,110,30.3,104,44.1,42.6,31.1 / 110,30.3 / 104
8347,SC,Green,M,72,73.5,99.6,141,36.7,36.8,36.7,135,36.8,146,49.2,50.4,36.7 / 135,36.8 / 146
8347,SC,White,M,72,71.9,97.4,137,35.9,36.0,35.9,131,36.0,143,48.1,49.3,35.9 / 131,36.0 / 143
8347,SC,Gold,M,72,70.1,94.5,131,35.0,35.1,35.0,129,35.1,133,47.0,47.5,35.0 / 129,35.1 / 133
8347,SC,Blue,M,72,67.4,90.3,124,33.6,33.8,33.6,125,33.8,122,45.2,45.1,33.6 / 125,33.8 / 122
8347,SC,Red,M,72,64.4,86.5,119,32.4,32.0,32.4,119,32.0,118,43.5,43.0,32.4 / 119,32.0 / 118
8347,SC,Orange,M,72,61.1,81.9,112,30.9,30.2,30.9,111,30.2,113,41.2,40.7,30.9 / 111,30.2 / 113
8347,SC,Blue,F,72,72.9,104.1,133,36.5,36.4,36.5,130,36.4,135,51.8,52.3,36.5 / 130,36.4 / 135
8347,SC,Red,F,72,69.3,99.1,126,35.0,34.3,35.0,126,34.3,126,49.9,49.2,35.0 / 126,34.3 / 126
8347,SC,Orange,F,72,65.1,92.4,116,32.8,32.3,32.8,116,32.3,115,46.5,45.9,32.8 / 116,32.3 / 115
8319,SC,Blue,M,72,71.0,95.6,133,35.0,36.0,35.0,130,36.0,135,47.1,48.5,35.0 / 130,36.0 / 135
8319,SC,White,M,72,68.7,91.8,125,33.7,35.0,33.7,125,35.0,124,45.3,46.5,33.7 / 125,35.0 / 124
8319,SC,Gold,M,72,65.5,87.1,116,32.3,33.2,32.3,119,33.2,113,43.4,43.7,32.3 / 119,33.2 / 113
8319,SC,Red,M,72,63.4,84.3,113,31.4,32.0,31.4,117,32.0,108,42.3,42.0,31.4 / 117,32.0 / 108
8319,SC,White,F,72,74.3,106.0,135,36.4,37.9,36.4,134,37.9,135,52.2,53.8,36.4 / 134,37.9 / 135
8319,SC,Gold,F,72,70.3,100.0,126,34.7,35.6,34.7,125,35.6,127,49.4,50.6,34.7 / 125,35.6 / 127
8319,SC,Red,F,72,67.2,95.3,120,33.4,33.8,33.4,119,33.8,120,47.4,47.9,33.4 / 119,33.8 / 120
8202,SC,Black,M,72,72.9,97.2,131,36.7,36.2,36.7,127,36.2,135,48.5,48.7,36.7 / 127,36.2 / 135
8202,SC,White,M,72,71.1,94.4,126,35.5,35.6,35.5,126,35.6,125,47.2,47.2,35.5 / 126,35.6 / 125
8202,SC,Bronze,M,72,68.9,90.5,116,34.6,34.3,34.6,117,34.3,115,45.5,45.0,34.6 / 117,34.3 / 115
8202,SC,Teal,M,72,64.3,84.0,106,32.4,31.9,32.4,101,31.9,111,41.8,42.2,32.4 / 101,31.9 / 111
8202,SC,White,F,72,76.5,108.3,135,38.3,38.2,38.3,132,38.2,137,53.9,54.4,38.3 / 132,38.2 / 137
8202,SC,Bronze,F,72,74.0,104.1,128,37.2,36.8,37.2,124,36.8,131,51.8,52.3,37.2 / 124,36.8 / 131
8202,SC,Teal,F,72,68.7,96.4,118,34.7,34.0,34.7,116,34.0,119,48.4,48.0,34.7 / 116,34.0 / 119
8195,SC,Black,M,72,76.6,103.6,146,38.1,38.5,38.1,138,38.5,153,50.9,52.7,38.1 / 138,38.5 / 153
8195,SC,Blue,M,72,74.6,100.8,141,37.1,37.5,37.1,135,37.5,147,49.6,51.2,37.1 / 135,37.5 / 147
8195,SC,White,M,72,73.4,98.8,137,36.4,37.0,36.4,131,37.0,142,48.6,50.2,36.4 / 131,37.0 / 142
8195,SC,Green,M,72,72.1,96.5,132,35.6,36.5,35.6,126,36.5,137,47.3,49.2,35.6 / 126,36.5 / 137
8195,SC,Green / Gold,M,72,70.5,94.1,127,35.1,35.4,35.1,126,35.4,128,46.8,47.3,35.1 / 126,35.4 / 128
8195,SC,Gold,M,72,69.5,92.4,124,34.3,35.2,34.3,122,35.2,125,45.6,46.8,34.3 / 122,35.2 / 125
8195,SC,Green,F,72,78.6,113.3,147,38.8,39.8,38.8,141,39.8,153,55.4,57.9,38.8 / 141,39.8 / 153
8195,SC,Green / Gold,F,72,76.7,110.1,142,38.1,38.6,38.1,137,38.6,146,54.3,55.8,38.1 / 137,38.6 / 146
8195,SC,Gold,F,72,75.2,107.5,137,37.0,38.2,37.0,133,38.2,141,52.7,54.8,37.0 / 133,38.2 / 141
8194,SC,Blue,M,71,73.5,98.5,135,36.5,37.0,36.5,132,37.0,137,48.8,49.7,36.5 / 132,37.0 / 137
8194,SC,White,M,71,71.9,96.0,130,35.7,36.2,35.7,129,36.2,130,47.7,48.3,35.7 / 129,36.2 / 130
8194,SC,Green,M,71,69.9,93.5,127,34.6,35.3,34.6,128,35.3,126,46.5,47.0,34.6 / 128,35.3 / 126
8194,SC,Green / Gold,M,71,68.3,91.3,124,34.1,34.2,34.1,127,34.2,121,45.9,45.4,34.1 / 127,34.2 / 121
8194,SC,Gold,M,71,67.5,90.0,121,33.6,33.9,33.6,123,33.9,119,45.0,45.0,33.6 / 123,33.9 / 119
8194,SC,Red,M,71,64.6,86.0,115,32.1,32.5,32.1,118,32.5,112,43.1,42.9,32.1 / 118,32.5 / 112
8194,SC,Green,F,72,76.3,108.6,137,38.0,38.3,38.0,133,38.3,141,53.7,54.9,38.0 / 133,38.3 / 141
8194,SC,Green / Gold,F,72,74.3,105.3,132,37.2,37.1,37.2,130,37.1,133,52.5,52.8,37.2 / 130,37.1 / 133
8194,SC,Gold,F,72,73.0,103.4,129,36.4,36.6,36.4,128,36.6,130,51.5,51.9,36.4 / 128,36.6 / 130
8194,SC,Gold / Red,F,72,70.9,100.9,127,35.3,35.6,35.3,128,35.6,126,50.4,50.5,35.3 / 128,35.6 / 126
8194,SC,Red,F,72,69.0,98.2,124,34.2,34.8,34.2,128,34.8,120,49.3,48.9,34.2 / 128,34.8 / 120
34303,SC,Red,M,72,74.5,100.5,140,37.3,37.2,37.3,142,37.2,138,50.5,50.0,37.3 / 142,37.2 / 138
34303,SC,Blue,M,72,71.7,95.7,129,36.0,35.7,36.0,131,35.7,127,48.2,47.5,36.0 / 131,35.7 / 127
34303,SC,White,M,72,69.7,93.3,127,35.0,34.7,35.0,128,34.7,126,46.9,46.4,35.0 / 128,34.7 / 126
34303,SC,Gold,M,72,66.3,88.3,118,33.3,33.0,33.3,119,33.0,117,44.4,43.9,33.3 / 119,33.0 / 117
34303,SC,Gold,F,72,71.7,102.5,131,36.0,35.7,36.0,132,35.7,129,51.6,50.9,36.0 / 132,35.7 / 129
21184,SC,Red,M,72,74.6,101.0,142,37.3,37.3,37.3,142,37.3,142,50.5,50.5,37.3 / 142,37.3 / 142
21184,SC,Blue,M,72,72.0,96.4,131,36.0,36.0,36.0,131,36.0,131,48.2,48.2,36.0 / 131,36.0 / 131
21184,SC,White,M,72,70.0,93.8,128,35.0,35.0,35.0,128,35.0,128,46.9,46.9,35.0 / 128,35.0 / 128
21184,SC,Gold,M,72,66.6,88.8,119,33.3,33.3,33.3,119,33.3,119,44.4,44.4,33.3 / 119,33.3 / 119
21184,SC,Gold,F,72,72.0,103.2,132,36.0,36.0,36.0,132,36.0,132,51.6,51.6,36.0 / 132,36.0 / 132
34302,SC,Red,M,72,74.5,100.5,140,37.2,37.3,37.2,138,37.3,142,50.0,50.5,37.2 / 138,37.3 / 142
34302,SC,Blue,M,72,71.7,95.7,129,35.7,36.0,35.7,127,36.0,131,47.5,48.2,35.7 / 127,36.0 / 131
34302,SC,White,M,72,69.7,93.3,127,34.7,35.0,34.7,126,35.0,128,46.4,46.9,34.7 / 126,35.0 / 128
34302,SC,Gold,M,72,66.3,88.3,118,33.0,33.3,33.0,117,33.3,119,43.9,44.4,33.0 / 117,33.3 / 119
34302,SC,Gold,F,72,71.7,102.5,131,35.7,36.0,35.7,129,36.0,132,50.9,51.6,35.7 / 129,36.0 / 132
21183,SC,Red,M,72,74.4,100.0,138,37.2,37.2,37.2,138,37.2,138,50.0,50.0,37.2 / 138,37.2 / 138
21183,SC,Blue,M,72,71.4,95.0,127,35.7,35.7,35.7,127,35.7,127,47.5,47.5,35.7 / 127,35.7 / 127
21183,SC,White,M,72,69.4,92.8,126,34.7,34.7,34.7,126,34.7,126,46.4,46.4,34.7 / 126,34.7 / 126
21183,SC,Gold,M,72,66.0,87.8,117,33.0,33.0,33.0,117,33.0,117,43.9,43.9,33.0 / 117,33.0 / 117
21183,SC,Gold,F,72,71.4,101.8,129,35.7,35.7,35.7,129,35.7,129,50.9,50.9,35.7 / 129,35.7 / 129
8051,SC,Dye,M,72,75.8,101.8,140,37.8,38.0,37.8,138,38.0,142,50.6,51.2,37.8 / 138,38.0 / 142
8051,SC,Championship,M,72,73.1,98.0,134,36.6,36.5,36.6,131,36.5,137,48.8,49.2,36.6 / 131,36.5 / 137
8051,SC,Champ/Hampton,M,72,72.0,96.5,132,36.0,36.0,36.0,129,36.0,135,48.0,48.5,36.0 / 129,36.0 / 135
8051,SC,Hampton Hall,M,72,70.8,95.2,131,35.5,35.3,35.5,129,35.3,133,47.5,47.7,35.5 / 129,35.3 / 133
8051,SC,Hampton/Advantage,M,72,69.7,93.3,127,34.9,34.8,34.9,126,34.8,128,46.6,46.7,34.9 / 126,34.8 / 128
8051,SC,Advantage,M,72,68.2,90.8,122,34.1,34.1,34.1,119,34.1,124,45.2,45.6,34.1 / 119,34.1 / 124
8051,SC,Advantage/Forward,M,72,66.4,88.8,121,33.0,33.4,33.0,116,33.4,125,43.8,45.0,33.0 / 116,33.4 / 125
8051,SC,Forward,M,72,65.3,87.3,119,32.7,32.6,32.7,113,32.6,124,43.2,44.1,32.7 / 113,32.6 / 124
8051,SC,Advantage,F,72,73.7,104.0,129,36.8,36.9,36.8,125,36.9,132,51.5,52.5,36.8 / 125,36.9 / 132
8051,SC,Advantage/Forward,F,72,71.8,101.2,125,35.7,36.1,35.7,122,36.1,127,50.1,51.1,35.7 / 122,36.1 / 127
8051,SC,Forward,F,72,70.6,99.1,122,34.9,35.7,34.9,119,35.7,124,48.9,50.2,34.9 / 119,35.7 / 124
8051,SC,Forward/Palmetto,F,72,67.8,94.0,111,33.8,34.0,33.8,113,34.0,109,47.1,46.9,33.8 / 113,34.0 / 109
8051,SC,Palmetto,F,72,66.0,91.5,109,32.8,33.2,32.8,109,33.2,108,45.6,45.9,32.8 / 109,33.2 / 108
8258,SC,Heritage,M,71,75.5,102.7,146,37.8,37.7,37.8,145,37.7,147,51.3,51.4,37.8 / 145,37.7 / 147
8258,SC,Blue,M,71,73.2,99.7,143,36.6,36.6,36.6,141,36.6,144,49.7,50.0,36.6 / 141,36.6 / 144
8258,SC,Blue / White,M,71,71.8,97.6,139,35.7,36.1,35.7,140,36.1,138,48.7,48.9,35.7 / 140,36.1 / 138
8258,SC,White,M,71,70.7,95.5,134,35.2,35.5,35.2,132,35.5,135,47.5,48.0,35.2 / 132,35.5 / 135
8258,SC,White / Gold,M,71,69.0,92.3,126,34.4,34.6,34.4,124,34.6,127,45.9,46.4,34.4 / 124,34.6 / 127
8258,SC,Gold,M,71,68.1,89.9,117,33.6,34.5,33.6,119,34.5,115,44.7,45.2,33.6 / 119,34.5 / 115
8258,SC,Gold / Green,M,71,66.7,87.9,114,33.1,33.6,33.1,117,33.6,111,44.0,43.9,33.1 / 117,33.6 / 111
8258,SC,Green,M,71,64.9,85.5,111,32.2,32.7,32.2,114,32.7,108,42.8,42.7,32.2 / 114,32.7 / 108
8258,SC,Blue / White,F,71,78.3,112.8,147,39.0,39.3,39.0,145,39.3,148,56.1,56.7,39.0 / 145,39.3 / 148
8258,SC,White,F,71,76.8,110.6,143,38.2,38.6,38.2,142,38.6,144,55.0,55.6,38.2 / 142,38.6 / 144
8258,SC,White / Gold,F,71,74.8,107.7,140,37.2,37.6,37.2,139,37.6,140,53.6,54.1,37.2 / 139,37.6 / 140
8258,SC,Gold,F,71,73.3,105.4,136,36.4,36.9,36.4,135,36.9,137,52.3,53.1,36.4 / 135,36.9 / 137
8258,SC,Gold / Green,F,71,71.3,102.4,132,35.6,35.7,35.6,131,35.7,132,51.1,51.3,35.6 / 131,35.7 / 132
8258,SC,Green,F,71,69.4,98.3,123,34.6,34.8,34.6,126,34.8,119,49.5,48.8,34.6 / 126,34.8 / 119
8141,SC,Black,M,72,73.8,99.4,138,36.8,37.0,36.8,136,37.0,140,49.4,50.0,36.8 / 136,37.0 / 140
8141,SC,Blue,M,72,72.3,97.4,135,36.1,36.2,36.1,130,36.2,140,48.2,49.2,36.1 / 130,36.2 / 140
8141,SC,White,M,72,69.9,93.0,124,34.8,35.1,34.8,119,35.1,129,45.9,47.1,34.8 / 119,35.1 / 129
8141,SC,Gold,M,72,65.3,86.7,115,32.2,33.1,32.2,115,33.1,115,42.9,43.8,32.2 / 115,33.1 / 115
8141,SC,Red,M,72,62.1,82.1,108,30.7,31.4,30.7,108,31.4,108,40.7,41.4,30.7 / 108,31.4 / 108
8141,SC,White,F,72,75.7,108.7,140,37.6,38.1,37.6,137,38.1,143,53.7,55.0,37.6 / 137,38.1 / 143
8141,SC,Gold,F,72,70.7,100.1,125,35.0,35.7,35.0,122,35.7,127,49.4,50.7,35.0 / 122,35.7 / 127
8141,SC,Red,F,72,65.9,92.0,111,32.6,33.3,32.6,112,33.3,109,45.8,46.2,32.6 / 112,33.3 / 109
8364,SC,Gold,M,71,74.1,99.9,139,36.5,37.6,36.5,131,37.6,146,48.7,51.2,36.5 / 131,37.6 / 146
8364,SC,Blue,M,71,72.6,97.7,135,35.7,36.9,35.7,131,36.9,139,47.9,49.8,35.7 / 131,36.9 / 139
8364,SC,White,M,71,70.3,94.7,132,34.6,35.7,34.6,127,35.7,136,46.4,48.3,34.6 / 127,35.7 / 136
8364,SC,Green,M,71,67.3,90.2,124,33.6,33.7,33.6,123,33.7,124,45.0,45.2,33.6 / 123,33.7 / 124
8364,SC,Red,M,71,64.2,86.1,118,31.9,32.3,31.9,117,32.3,118,42.8,43.3,31.9 / 117,32.3 / 118
8364,SC,Pink,M,71,62.6,84.0,115,31.1,31.5,31.1,114,31.5,116,41.7,42.3,31.1 / 114,31.5 / 116
8364,SC,White,F,71,76.4,109.9,142,37.7,38.7,37.7,135,38.7,149,53.6,56.3,37.7 / 135,38.7 / 149
8364,SC,Green,F,71,72.9,104.5,134,36.3,36.6,36.3,128,36.6,140,51.4,53.1,36.3 / 128,36.6 / 140
8364,SC,Red,F,71,68.5,97.9,125,33.7,34.8,33.7,123,34.8,126,48.2,49.7,33.7 / 123,34.8 / 126
8364,SC,Pink,F,71,65.6,93.9,120,32.3,33.3,32.3,118,33.3,122,46.2,47.7,32.3 / 118,33.3 / 122
8375,SC,Blue,M,72,72.0,98.2,141,36.3,35.7,36.3,142,35.7,140,49.5,48.7,36.3 / 142,35.7 / 140
8375,SC,White,M,72,69.8,93.7,129,35.5,34.3,35.5,129,34.3,128,47.5,46.2,35.5 / 129,34.3 / 128
8375,SC,Gold,M,72,67.3,89.0,117,34.1,33.2,34.1,116,33.2,117,44.9,44.1,34.1 / 116,33.2 / 117
8375,SC,Red,M,72,65.5,86.6,114,33.2,32.3,33.2,114,32.3,113,43.8,42.8,33.2 / 114,32.3 / 113
8375,SC,Blue,F,72,77.8,113.1,150,39.3,38.5,39.3,149,38.5,150,56.9,56.2,39.3 / 149,38.5 / 150
8375,SC,White,F,72,75.5,109.4,144,38.3,37.2,38.3,144,37.2,143,55.3,54.1,38.3 / 144,37.2 / 143
8375,SC,Gold,F,72,72.0,103.0,132,36.5,35.5,36.5,125,35.5,138,51.2,51.8,36.5 / 125,35.5 / 138
8375,SC,Red,F,72,70.3,99.1,122,35.9,34.4,35.9,118,34.4,126,49.8,49.3,35.9 / 118,34.4 / 126
8278,SC,Black,M,72,72.7,97.0,131,36.7,36.0,36.7,131,36.0,130,48.9,48.1,36.7 / 131,36.0 / 130
8278,SC,Blue,M,72,71.5,94.8,126,36.2,35.3,36.2,125,35.3,126,47.8,47.0,36.2 / 125,35.3 / 126
8278,SC,White,M,72,69.0,91.6,122,34.5,34.5,34.5,123,34.5,121,45.9,45.7,34.5 / 123,34.5 / 121
8278,SC,Yellow,M,72,64.8,86.0,114,32.5,32.3,32.5,118,32.3,110,43.5,42.5,32.5 / 118,32.3 / 110
8278,SC,Family 2,M,68,59.9,79.3,105,30.0,29.9,30.0,112,29.9,97,40.4,38.9,30.0 / 112,29.9 / 97
8278,SC,Family 1,M,65,57.3,76.2,102,28.7,28.6,28.7,109,28.6,95,38.8,37.4,28.7 / 109,28.6 / 95
8278,SC,Red,F,72,67.4,94.5,115,34.3,33.1,34.3,113,33.1,117,47.6,46.9,34.3 / 113,33.1 / 117
8278,SC,Family 2,F,68,62.4,87.6,107,31.3,31.1,31.3,106,31.1,108,43.8,43.8,31.3 / 106,31.1 / 108
8278,SC,Family 1,F,65,58.8,82.4,100,29.5,29.3,29.5,101,29.3,99,41.4,41.0,29.5 / 101,29.3 / 99
8330,SC,Blue,M,72,71.2,95.1,129,35.1,36.1,35.1,135,36.1,123,47.6,47.5,35.1 / 135,36.1 / 123
8330,SC,White,M,72,68.9,91.7,123,34.0,34.9,34.0,126,34.9,119,45.7,46.0,34.0 / 126,34.9 / 119
8330,SC,Gold,M,72,66.0,87.5,116,33.1,32.9,33.1,115,32.9,116,43.8,43.7,33.1 / 115,32.9 / 116
8330,SC,Senior,M,72,64.3,83.6,104,32.1,32.2,32.1,102,32.2,105,41.6,42.0,32.1 / 102,32.2 / 105
8330,SC,Red,F,72,68.9,95.9,115,34.1,34.8,34.1,117,34.8,112,47.9,48.0,34.1 / 117,34.8 / 112
14739,SC,Black,M,71,72.1,96.4,131,35.9,36.2,35.9,129,36.2,132,47.9,48.5,35.9 / 129,36.2 / 132
14739,SC,Blue,M,71,70.0,92.9,124,34.8,35.2,34.8,125,35.2,122,46.4,46.5,34.8 / 125,35.2 / 122
14739,SC,White,M,71,68.0,90.1,119,34.3,33.7,34.3,116,33.7,122,45.1,45.0,34.3 / 116,33.7 / 122
14739,SC,Green,M,71,66.0,87.1,114,33.2,32.8,33.2,112,32.8,115,43.6,43.5,33.2 / 112,32.8 / 115
14739,SC,Red,M,71,63.1,83.4,110,31.8,31.3,31.8,108,31.3,111,41.8,41.6,31.8 / 108,31.3 / 111
14739,SC,White,F,71,73.8,105.0,132,37.0,36.8,37.0,132,36.8,132,52.6,52.4,37.0 / 132,36.8 / 132
14739,SC,Green,F,71,71.4,100.4,123,35.8,35.6,35.8,124,35.6,122,50.4,50.0,35.8 / 124,35.6 / 122
14739,SC,Red,F,71,67.7,95.3,117,34.3,33.4,34.3,120,33.4,114,48.4,46.9,34.3 / 120,33.4 / 114
8162,SC,Woodrow Tee,M,72,75.9,102.7,144,37.6,38.3,37.6,144,38.3,144,51.0,51.7,37.6 / 144,38.3 / 144
8162,SC,Tee 1,M,72,74.5,101.0,143,37.0,37.5,37.0,142,37.5,143,50.2,50.8,37.0 / 142,37.5 / 143
8162,SC,Tee 1 / 2,M,72,73.2,99.7,143,36.5,36.7,36.5,142,36.7,143,49.7,50.0,36.5 / 142,36.7 / 143
8162,SC,Tee 2,M,72,72.1,98.6,143,36.0,36.1,36.0,142,36.1,143,49.2,49.4,36.0 / 142,36.1 / 143
8162,SC,Tee 2 / 3,M,72,70.8,97.3,143,35.2,35.6,35.2,142,35.6,143,48.4,48.9,35.2 / 142,35.6 / 143
8162,SC,Tee 3,M,72,70.0,96.2,141,34.8,35.2,34.8,142,35.2,140,48.0,48.2,34.8 / 142,35.2 / 140
8162,SC,Tee 3 / 4,M,72,69.1,94.2,135,34.6,34.5,34.6,131,34.5,139,46.8,47.4,34.6 / 131,34.5 / 139
8162,SC,Tee 4,M,72,68.5,92.9,131,34.4,34.1,34.4,130,34.1,132,46.5,46.4,34.4 / 130,34.1 / 132
8162,SC,Tee 4 / 5,M,72,67.1,91.0,129,33.6,33.5,33.6,127,33.5,130,45.4,45.6,33.6 / 127,33.5 / 130
8162,SC,Tee 5,M,72,66.2,88.8,122,33.2,33.0,33.2,119,33.0,124,44.3,44.5,33.2 / 119,33.0 / 124
8162,SC,Tee 5 / 6,M,72,64.4,86.4,119,32.1,32.3,32.1,115,32.3,122,42.8,43.6,32.1 / 115,32.3 / 122
8162,SC,Tee 6,M,72,63.4,84.8,115,31.7,31.7,31.7,113,31.7,117,42.2,42.6,31.7 / 113,31.7 / 117
8162,SC,Tee 2,F,72,78.3,113.0,147,38.9,39.4,38.9,143,39.4,151,55.8,57.2,38.9 / 143,39.4 / 151
8162,SC,Tee 2 / 3,F,72,77.1,111.4,146,38.3,38.8,38.3,142,38.8,149,55.0,56.4,38.3 / 142,38.8 / 149
8162,SC,Tee 3,F,72,76.6,110.6,145,38.3,38.3,38.3,142,38.3,147,55.0,55.6,38.3 / 142,38.3 / 147
8162,SC,Tee 3 / 4,F,72,74.7,107.7,140,37.3,37.4,37.3,140,37.4,140,53.8,53.9,37.3 / 140,37.4 / 140
8162,SC,Tee 4,F,72,73.8,106.4,138,37.0,36.8,37.0,138,36.8,138,53.3,53.1,37.0 / 138,36.8 / 138
8162,SC,Tee 4 / 5,F,72,72.8,104.6,135,36.5,36.3,36.5,135,36.3,135,52.4,52.2,36.5 / 135,36.3 / 135
8162,SC,Tee 5,F,72,71.2,102.1,131,35.7,35.5,35.7,130,35.5,132,51.0,51.1,35.7 / 130,35.5 / 132
8162,SC,Tee 5 / 6,F,72,69.0,98.9,127,34.3,34.7,34.3,122,34.7,131,48.7,50.2,34.3 / 122,34.7 / 131
8162,SC,Tee 6,F,72,67.0,95.5,121,33.6,33.4,33.6,120,33.4,122,47.7,47.8,33.6 / 120,33.4 / 122
8350,SC,Blue,M,72,71.7,96.3,132,35.6,36.1,35.6,132,36.1,132,47.9,48.4,35.6 / 132,36.1 / 132
8350,SC,White,M,72,69.3,93.4,130,34.7,34.6,34.7,126,34.6,133,46.4,47.0,34.7 / 126,34.6 / 133
8350,SC,White / Gold,M,72,67.6,90.6,124,34.0,33.6,34.0,121,33.6,127,45.2,45.4,34.0 / 121,33.6 / 127
8350,SC,Gold,M,72,66.8,88.4,116,33.7,33.1,33.7,115,33.1,117,44.4,44.0,33.7 / 115,33.1 / 117
8350,SC,Gold / Red,M,72,66.3,87.5,114,33.7,32.6,33.7,115,32.6,113,44.4,43.1,33.7 / 115,32.6 / 113
8350,SC,Red,M,72,65.4,86.2,112,33.3,32.1,33.3,113,32.1,111,43.8,42.4,33.3 / 113,32.1 / 111
8350,SC,Teal,M,68,61.0,80.2,103,30.7,30.3,30.7,102,30.3,104,40.2,40.0,30.7 / 102,30.3 / 104
8350,SC,White,F,72,75.2,106.9,135,37.6,37.6,37.6,134,37.6,135,53.4,53.5,37.6 / 134,37.6 / 135
8350,SC,White / Gold,F,72,73.2,104.0,131,36.7,36.5,36.7,130,36.5,131,52.0,52.0,36.7 / 130,36.5 / 131
8350,SC,Gold,F,72,71.6,101.7,128,36.0,35.6,36.0,128,35.6,127,51.1,50.6,36.0 / 128,35.6 / 127
8350,SC,Gold / Red,F,72,71.0,101.1,128,36.0,35.0,36.0,128,35.0,127,51.1,50.0,36.0 / 128,35.0 / 127
8350,SC,Red,F,72,69.9,99.7,127,35.5,34.4,35.5,126,34.4,127,50.3,49.4,35.5 / 126,34.4 / 127
8350,SC,Teal,F,68,63.2,89.8,113,31.7,31.5,31.7,109,31.5,116,44.6,45.2,31.7 / 109,31.5 / 116
15063,SC,Blue,M,72,72.9,98.4,137,36.4,36.5,36.4,133,36.5,141,48.8,49.6,36.4 / 133,36.5 / 141
15063,SC,White,M,72,70.1,94.8,133,35.1,35.0,35.1,132,35.0,133,47.4,47.4,35.1 / 132,35.0 / 133
15063,SC,Gold,M,72,68.4,90.3,118,34.5,33.9,34.5,116,33.9,119,45.3,45.0,34.5 / 116,33.9 / 119
15063,SC,Green,M,72,66.0,86.3,110,33.4,32.6,33.4,109,32.6,110,43.5,42.8,33.4 / 109,32.6 / 110
15063,SC,Red,M,72,65.1,85.0,107,32.9,32.2,32.9,104,32.2,110,42.6,42.4,32.9 / 104,32.2 / 110
15063,SC,Junior,M,70,61.3,79.5,98,30.9,30.4,30.9,96,30.4,100,39.8,39.7,30.9 / 96,30.4 / 100
15063,SC,Red,F,72,69.6,97.0,116,35.2,34.4,35.2,116,34.4,116,48.9,48.1,35.2 / 116,34.4 / 116
15063,SC,Junior / Sr. Women,F,72,63.5,87.6,103,32.1,31.4,32.1,102,31.4,103,44.1,43.5,32.1 / 102,31.4 / 103
8138,SC,Black,M,72,72.4,97.3,134,35.7,36.7,35.7,132,36.7,136,48.0,49.3,35.7 / 132,36.7 / 136
8138,SC,Blue,M,72,70.2,94.1,129,34.7,35.5,34.7,124,35.5,133,46.2,47.9,34.7 / 124,35.5 / 133
8138,SC,White,M,72,68.4,91.2,123,33.7,34.7,33.7,115,34.7,130,44.4,46.8,33.7 / 115,34.7 / 130
8138,SC,Yellow,M,72,65.8,86.4,111,32.6,33.2,32.6,107,33.2,115,42.5,43.9,32.6 / 107,33.2 / 115
8138,SC,Red,M,71,63.3,82.8,105,31.6,31.7,31.6,102,31.7,108,41.1,41.7,31.6 / 102,31.7 / 108
8138,SC,Blue,F,72,76.3,108.6,137,37.6,38.7,37.6,133,38.7,141,53.3,55.3,37.6 / 133,38.7 / 141
8138,SC,White,F,72,74.2,105.4,133,36.4,37.8,36.4,128,37.8,137,51.5,53.9,36.4 / 128,37.8 / 137
8138,SC,Yellow,F,72,70.9,99.5,122,35.0,35.9,35.0,118,35.9,125,48.9,50.6,35.0 / 118,35.9 / 125
8138,SC,Red,F,72,67.5,94.8,116,33.7,33.8,33.7,114,33.8,118,47.1,47.7,33.7 / 114,33.8 / 118
8320,SC,Blue,M,72,72.9,99.6,144,36.3,36.6,36.3,141,36.6,146,49.4,50.2,36.3 / 141,36.6 / 146
8320,SC,White,M,72,69.7,94.2,132,34.9,34.8,34.9,128,34.8,136,46.8,47.4,34.9 / 128,34.8 / 136
8320,SC,White / Silver,M,72,68.5,91.6,125,34.5,34.0,34.5,128,34.0,121,46.4,45.2,34.5 / 128,34.0 / 121
8320,SC,Silver,M,72,67.7,89.5,117,34.0,33.7,34.0,118,33.7,116,45.0,44.5,34.0 / 118,33.7 / 116
8320,SC,Red,M,72,64.6,84.0,105,32.2,32.4,32.2,100,32.4,109,41.5,42.5,32.2 / 100,32.4 / 109
8320,SC,White,F,72,76.0,108.9,140,38.3,37.7,38.3,136,37.7,143,54.3,54.6,38.3 / 136,37.7 / 143
8320,SC,White / Silver,F,72,74.3,106.4,136,37.8,36.5,37.8,135,36.5,137,53.7,52.7,37.8 / 135,36.5 / 137
8320,SC,Silver,F,72,72.8,104.2,134,36.8,36.0,36.8,131,36.0,136,52.2,52.0,36.8 / 131,36.0 / 136
8320,SC,Red,F,72,69.6,97.0,116,34.6,35.0,34.6,112,35.0,120,47.8,49.2,34.6 / 112,35.0 / 120
8070,SC,Blue,M,72,71.7,96.2,132,36.1,35.6,36.1,138,35.6,126,48.9,47.3,36.1 / 138,35.6 / 126
8070,SC,Blue / Green,M,72,70.4,94.6,131,35.5,34.9,35.5,135,34.9,126,48.0,46.6,35.5 / 135,34.9 / 126
8070,SC,Green,M,72,69.5,93.1,127,35.0,34.5,35.0,129,34.5,125,47.0,46.1,35.0 / 129,34.5 / 125
8070,SC,Green / Orange,M,72,68.2,90.0,117,34.5,33.7,34.5,119,33.7,115,45.6,44.4,34.5 / 119,33.7 / 115
8070,SC,Orange,M,72,67.1,87.2,108,34.0,33.1,34.0,111,33.1,105,44.3,42.9,34.0 / 111,33.1 / 105
8070,SC,Orange / White,M,72,65.3,84.6,104,33.1,32.2,33.1,107,32.2,101,43.0,41.6,33.1 / 107,32.2 / 101
8070,SC,White,M,72,64.2,83.0,101,32.6,31.6,32.6,104,31.6,98,42.3,40.7,32.6 / 104,31.6 / 98
8070,SC,White / Yellow,M,72,62.9,81.4,100,32.0,30.9,32.0,102,30.9,97,41.5,39.9,32.0 / 102,30.9 / 97
8070,SC,Yellow,M,72,62.3,80.4,98,31.7,30.6,31.7,101,30.6,94,41.1,39.3,31.7 / 101,30.6 / 94
8070,SC,Green,F,72,75.8,109.7,144,38.2,37.6,38.2,147,37.6,141,55.5,54.2,38.2 / 147,37.6 / 141
8070,SC,Green / Orange,F,72,73.4,105.8,138,36.9,36.5,36.9,140,36.5,135,53.4,52.4,36.9 / 140,36.5 / 135
8070,SC,Orange,F,72,71.5,102.7,133,36.0,35.5,36.0,131,35.5,134,51.4,51.3,36.0 / 131,35.5 / 134
8070,SC,Orange / White,F,72,69.6,98.1,121,35.1,34.5,35.1,122,34.5,120,49.5,48.6,35.1 / 122,34.5 / 120
8070,SC,White,F,72,68.0,95.1,115,34.5,33.5,34.5,120,33.5,110,48.6,46.5,34.5 / 120,33.5 / 110
8070,SC,White / Yellow,F,72,65.6,91.5,110,33.3,32.3,33.3,114,32.3,105,46.8,44.7,33.3 / 114,32.3 / 105
8070,SC,Yellow,F,72,64.3,89.7,108,32.8,31.5,32.8,113,31.5,103,46.1,43.6,32.8 / 113,31.5 / 103
17885,SC,Blue,M,72,68.5,90.8,120,33.7,34.8,33.7,116,34.8,124,44.5,46.3,33.7 / 116,34.8 / 124
17885,SC,White,M,72,66.8,88.1,115,33.3,33.5,33.3,115,33.5,114,44.0,44.1,33.3 / 115,33.5 / 114
17885,SC,Gold,M,72,62.9,81.7,101,31.5,31.4,31.5,103,31.4,99,41.1,40.6,31.5 / 103,31.4 / 99
17885,SC,Red,M,72,61.6,80.2,100,30.5,31.1,30.5,101,31.1,99,39.9,40.3,30.5 / 101,31.1 / 99
17885,SC,Red,F,72,65.2,90.8,109,32.0,33.2,32.0,107,33.2,110,44.6,46.2,32.0 / 107,33.2 / 110
20927,SC,Forward,M,72,64.8,87.3,122,31.9,32.9,31.9,121,32.9,122,43.1,44.2,31.9 / 121,32.9 / 122
20927,SC,Forward S,M,72,61.2,82.3,114,30.3,30.9,30.3,112,30.9,115,40.7,41.6,30.3 / 112,30.9 / 115
20927,SC,Junior Level 1,M,67,56.4,75.2,101,29.0,27.4,29.0,102,27.4,100,38.5,36.7,29.0 / 102,27.4 / 100
20927,SC,Junior Level 2,F,72,65.2,92.3,115,32.2,33.0,32.2,112,33.0,118,45.4,46.9,32.2 / 112,33.0 / 118
20927,SC,Junior Level 1,F,67,59.3,83.1,101,29.9,29.4,29.9,102,29.4,100,41.9,41.2,29.9 / 102,29.4 / 100
8182,SC,Gold,M,72,74.7,104.3,155,37.0,37.7,37.0,155,37.7,155,51.7,52.6,37.0 / 155,37.7 / 155
8182,SC,Blue,M,72,73.2,100.7,148,36.3,36.9,36.3,144,36.9,152,49.7,51.0,36.3 / 144,36.9 / 152
8182,SC,Blue / White,M,72,71.9,97.6,139,35.6,36.3,35.6,136,36.3,141,48.2,49.4,35.6 / 136,36.3 / 141
8182,SC,White,M,72,70.6,96.0,137,34.9,35.7,34.9,136,35.7,138,47.5,48.5,34.9 / 136,35.7 / 138
8182,SC,White / Green,M,72,69.0,93.2,130,34.3,34.7,34.3,129,34.7,131,46.3,46.9,34.3 / 129,34.7 / 131
8182,SC,Green,M,72,68.0,91.9,129,33.7,34.3,33.7,127,34.3,130,45.5,46.4,33.7 / 127,34.3 / 130
8182,SC,Green / Red,M,72,65.8,88.8,124,32.5,33.3,32.5,126,33.3,122,44.2,44.6,32.5 / 126,33.3 / 122
8182,SC,Red,M,72,65.1,87.3,120,32.1,33.0,32.1,121,33.0,118,43.3,44.0,32.1 / 121,33.0 / 118
8182,SC,White,F,72,76.7,110.8,145,37.8,38.9,37.8,144,38.9,145,54.8,56.0,37.8 / 144,38.9 / 145
8182,SC,White / Green,F,72,74.6,107.6,140,37.0,37.6,37.0,141,37.6,139,53.6,54.0,37.0 / 141,37.6 / 139
8182,SC,Green,F,72,73.6,106.1,138,36.4,37.2,36.4,138,37.2,137,52.7,53.4,36.4 / 138,37.2 / 137
8182,SC,Green / Red,F,72,71.2,101.7,130,35.3,35.9,35.3,129,35.9,130,50.5,51.2,35.3 / 129,35.9 / 130
8182,SC,Red,F,72,70.2,99.9,126,34.8,35.4,34.8,126,35.4,126,49.6,50.3,34.8 / 126,35.4 / 126
8183,SC,Gold,M,72,74.8,104.1,155,37.1,37.7,37.1,155,37.7,155,51.5,52.6,37.1 / 155,37.7 / 155
8183,SC,Blue,M,72,73.3,100.9,149,36.4,36.9,36.4,145,36.9,152,49.9,51.0,36.4 / 145,36.9 / 152
8183,SC,Blue / White,M,72,71.9,98.0,141,35.6,36.3,35.6,140,36.3,141,48.6,49.4,35.6 / 140,36.3 / 141
8183,SC,White,M,72,70.6,96.2,138,34.9,35.7,34.9,138,35.7,138,47.7,48.5,34.9 / 138,35.7 / 138
8183,SC,White / Green,M,72,69.0,93.3,131,34.3,34.7,34.3,130,34.7,131,46.4,46.9,34.3 / 130,34.7 / 131
8183,SC,Green,M,72,68.1,92.1,129,33.8,34.3,33.8,128,34.3,130,45.7,46.4,33.8 / 128,34.3 / 130
8183,SC,Green / Red,M,72,65.7,88.8,125,32.4,33.3,32.4,127,33.3,122,44.2,44.6,32.4 / 127,33.3 / 122
8183,SC,Red,M,72,65.1,87.4,120,32.1,33.0,32.1,122,33.0,118,43.4,44.0,32.1 / 122,33.0 / 118
8183,SC,White,F,72,76.7,111.0,146,37.8,38.9,37.8,146,38.9,145,55.0,56.0,37.8 / 146,38.9 / 145
8183,SC,White / Green,F,72,74.6,107.7,141,37.0,37.6,37.0,142,37.6,139,53.7,54.0,37.0 / 142,37.6 / 139
8183,SC,Green,F,72,73.8,106.5,139,36.6,37.2,36.6,140,37.2,137,53.1,53.4,36.6 / 140,37.2 / 137
8183,SC,Green / Red,F,72,71.1,101.5,129,35.2,35.9,35.2,128,35.9,130,50.3,51.2,35.2 / 128,35.9 / 130
8183,SC,Red,F,72,70.1,99.8,126,34.7,35.4,34.7,126,35.4,126,49.5,50.3,34.7 / 126,35.4 / 126
30834,SC,Gold,M,71,73.5,101.5,150,35.7,37.8,35.7,145,37.8,155,49.2,52.3,35.7 / 145,37.8 / 155
30834,SC,Blue,M,71,72.0,99.4,148,35.0,37.0,35.0,142,37.0,153,48.2,51.2,35.0 / 142,37.0 / 153
30834,SC,Blue / White,M,71,70.9,96.7,139,34.4,36.5,34.4,133,36.5,144,46.8,49.9,34.4 / 133,36.5 / 144
30834,SC,White,M,71,70.1,94.6,132,33.9,36.2,33.9,125,36.2,139,45.5,49.1,33.9 / 125,36.2 / 139
30834,SC,White / Green,M,71,68.2,91.9,128,33.0,35.2,33.0,121,35.2,135,44.2,47.7,33.0 / 121,35.2 / 135
30834,SC,Green,M,71,67.5,90.5,124,32.7,34.8,32.7,115,34.8,132,43.4,47.1,32.7 / 115,34.8 / 132
30834,SC,Green / Red,M,71,64.7,86.9,120,31.5,33.2,31.5,117,33.2,122,42.4,44.5,31.5 / 117,33.2 / 122
30834,SC,White,F,71,75.5,108.7,141,36.4,39.1,36.4,133,39.1,148,52.1,56.6,36.4 / 133,39.1 / 148
30834,SC,Green,F,71,72.6,104.4,135,35.2,37.4,35.2,128,37.4,142,50.3,54.1,35.2 / 128,37.4 / 142
30834,SC,Green / Red,F,71,70.7,100.6,127,34.5,36.2,34.5,121,36.2,132,48.8,51.8,34.5 / 121,36.2 / 132
30834,SC,Red,F,71,69.8,99.3,125,33.9,35.9,33.9,120,35.9,130,48.1,51.2,33.9 / 120,35.9 / 130
8181,SC,Gold,M,72,75.3,104.1,154,37.5,37.8,37.5,155,37.8,153,52.1,52.0,37.5 / 155,37.8 / 153
8181,SC,Blue,M,72,73.5,101.6,152,36.6,36.9,36.6,154,36.9,149,50.9,50.7,36.6 / 154,36.9 / 149
8181,SC,Blue / White,M,72,72.6,100.1,148,35.9,36.7,35.9,152,36.7,144,50.0,50.1,35.9 / 152,36.7 / 144
8181,SC,White,M,72,71.6,98.0,142,35.4,36.2,35.4,146,36.2,138,49.0,49.0,35.4 / 146,36.2 / 138
8181,SC,White / Green,M,72,69.0,93.6,132,34.3,34.7,34.3,132,34.7,132,46.6,47.0,34.3 / 132,34.7 / 132
8181,SC,Green,M,72,67.5,90.4,124,33.4,34.1,33.4,121,34.1,126,44.6,45.8,33.4 / 121,34.1 / 126
8181,SC,Green / Red,M,72,66.2,88.7,121,33.2,33.0,33.2,118,33.0,124,44.2,44.5,33.2 / 118,33.0 / 124
8181,SC,Red,M,72,65.1,87.3,120,32.5,32.6,32.5,117,32.6,122,43.4,43.9,32.5 / 117,32.6 / 122
8181,SC,Black,M,72,64.1,85.9,117,32.2,31.9,32.2,116,31.9,118,43.0,42.9,32.2 / 116,31.9 / 118
8181,SC,White,F,72,77.6,112.5,148,38.3,39.3,38.3,146,39.3,150,55.5,57.0,38.3 / 146,39.3 / 150
8181,SC,White / Green,F,72,74.8,108.4,143,37.0,37.8,37.0,141,37.8,144,53.6,54.8,37.0 / 141,37.8 / 144
8181,SC,Green,F,72,73.2,105.8,139,36.0,37.2,36.0,136,37.2,141,52.0,53.8,36.0 / 136,37.2 / 141
8181,SC,Green / Red,F,72,71.5,103.5,136,35.7,35.8,35.7,135,35.8,137,51.6,51.9,35.7 / 135,35.8 / 137
8181,SC,Red,F,72,70.4,101.2,131,35.1,35.3,35.1,131,35.3,130,50.6,50.6,35.1 / 131,35.3 / 130
8181,SC,Black,F,72,69.0,99.0,128,34.9,34.1,34.9,129,34.1,126,50.1,48.9,34.9 / 129,34.1 / 126
8212,SC,Black,M,72,72.7,98.3,138,35.9,36.8,35.9,139,36.8,137,48.8,49.5,35.9 / 139,36.8 / 137
8212,SC,Gold,M,72,71.0,95.6,133,35.1,35.9,35.1,128,35.9,137,47.0,48.6,35.1 / 128,35.9 / 137
8212,SC,Silver,M,72,69.0,92.5,127,34.3,34.7,34.3,121,34.7,132,45.5,47.0,34.3 / 121,34.7 / 132
8212,SC,Silver / Blue,M,72,67.6,90.8,125,33.4,34.2,33.4,121,34.2,129,44.6,46.2,33.4 / 121,34.2 / 129
8212,SC,Blue,M,72,66.7,88.6,118,33.3,33.4,33.3,112,33.4,124,43.7,44.9,33.3 / 112,33.4 / 124
8212,SC,Blue / Red,M,72,64.9,86.1,114,32.5,32.4,32.5,109,32.4,119,42.6,43.5,32.5 / 109,32.4 / 119
8212,SC,Red,M,72,63.5,84.3,112,31.9,31.6,31.9,107,31.6,117,41.8,42.5,31.9 / 107,31.6 / 117
8212,SC,Silver,F,72,74.1,107.5,142,36.7,37.4,36.7,137,37.4,146,52.9,54.6,36.7 / 137,37.4 / 146
8212,SC,Silver / Blue,F,72,72.9,104.8,136,36.1,36.8,36.1,131,36.8,140,51.5,53.3,36.1 / 131,36.8 / 140
8212,SC,Blue,F,72,72.0,103.0,132,35.6,36.4,35.6,128,36.4,135,50.7,52.3,35.6 / 128,36.4 / 135
8212,SC,Blue / Red,F,72,70.0,99.4,125,34.9,35.1,34.9,122,35.1,127,49.3,50.1,34.9 / 122,35.1 / 127
8212,SC,Red,F,72,68.2,95.5,116,34.0,34.2,34.0,114,34.2,118,47.4,48.1,34.0 / 114,34.2 / 118
8266,SC,Black,M,72,72.1,97.5,137,35.7,36.4,35.7,135,36.4,139,48.2,49.3,35.7 / 135,36.4 / 139
8266,SC,Gold,M,72,71.0,95.8,134,35.1,35.9,35.1,130,35.9,137,47.2,48.6,35.1 / 130,35.9 / 137
8266,SC,Silver,M,72,69.3,93.4,130,34.5,34.8,34.5,127,34.8,132,46.3,47.1,34.5 / 127,34.8 / 132
8266,SC,Blue,M,72,67.4,88.8,115,33.5,33.9,33.5,112,33.9,118,43.9,44.9,33.5 / 112,33.9 / 118
8266,SC,Blue / Red,M,72,65.3,85.8,111,32.8,32.5,32.8,108,32.5,113,42.8,43.0,32.8 / 108,32.5 / 113
8266,SC,Red,M,72,64.1,83.8,106,32.1,32.0,32.1,105,32.0,107,41.9,41.9,32.1 / 105,32.0 / 107
8266,SC,Blue,F,72,72.5,103.9,133,36.0,36.5,36.0,128,36.5,138,51.1,52.8,36.0 / 128,36.5 / 138
8266,SC,Blue / Red,F,72,70.2,99.6,125,35.3,34.9,35.3,122,34.9,127,49.7,49.9,35.3 / 122,34.9 / 127
8266,SC,Red,F,72,68.6,96.6,119,34.4,34.2,34.4,118,34.2,120,48.3,48.3,34.4 / 118,34.2 / 120
8064,SC,Championship,M,72,79.1,108.6,155,39.1,40.0,39.1,155,40.0,155,54.1,54.5,39.1 / 155,40.0 / 155
8064,SC,Black,M,72,77.4,106.1,153,38.4,39.0,38.4,155,39.0,151,53.1,53.0,38.4 / 155,39.0 / 151
8064,SC,Gold,M,72,74.7,102.5,150,37.2,37.5,37.2,153,37.5,146,51.4,51.1,37.2 / 153,37.5 / 146
8064,SC,Silver,M,72,72.1,98.0,140,35.8,36.3,35.8,139,36.3,140,48.7,49.3,35.8 / 139,36.3 / 140
8064,SC,Blue,M,72,70.5,94.9,131,35.2,35.3,35.2,133,35.3,129,47.6,47.3,35.2 / 133,35.3 / 129
8064,SC,Blue / Red,M,72,68.9,92.8,129,34.2,34.7,34.2,132,34.7,125,46.5,46.3,34.2 / 132,34.7 / 125
8064,SC,Red,M,72,66.5,88.8,120,33.2,33.3,33.2,124,33.3,116,44.7,44.1,33.2 / 124,33.3 / 116
8064,SC,Silver,F,72,78.9,114.5,151,39.3,39.6,39.3,149,39.6,153,56.9,57.6,39.3 / 149,39.6 / 153
8064,SC,Blue,F,72,76.9,111.4,147,38.4,38.5,38.4,146,38.5,147,55.6,55.8,38.4 / 146,38.5 / 147
8064,SC,Blue / Red,F,72,75.4,107.7,137,37.8,37.6,37.8,135,37.6,139,53.7,54.0,37.8 / 135,37.6 / 139
8064,SC,Red,F,72,72.6,103.3,130,36.3,36.3,36.3,131,36.3,129,51.8,51.5,36.3 / 131,36.3 / 129
8213,SC,Black,M,72,73.6,99.5,140,36.8,36.8,36.8,141,36.8,138,49.9,49.6,36.8 / 141,36.8 / 138
8213,SC,Gold,M,72,71.5,96.1,133,35.9,35.6,35.9,130,35.6,135,48.0,48.1,35.9 / 130,35.6 / 135
8213,SC,Silver,M,72,69.8,94.1,131,35.1,34.7,35.1,130,34.7,131,47.2,46.9,35.1 / 130,34.7 / 131
8213,SC,Silver / Blue,M,72,67.3,89.6,120,33.8,33.5,33.8,119,33.5,121,44.9,44.7,33.8 / 119,33.5 / 121
8213,SC,Blue,M,72,65.7,86.3,111,33.1,32.6,33.1,110,32.6,112,43.3,43.0,33.1 / 110,32.6 / 112
8213,SC,Blue / Red,M,72,64.6,85.0,110,32.4,32.2,32.4,109,32.2,111,42.5,42.5,32.4 / 109,32.2 / 111
8213,SC,Red,M,72,63.2,82.7,105,32.0,31.2,32.0,104,31.2,105,41.7,41.0,32.0 / 104,31.2 / 105
8213,SC,Silver / Blue,F,72,73.4,104.1,130,36.9,36.5,36.9,129,36.5,131,52.1,52.0,36.9 / 129,36.5 / 131
8213,SC,Blue,F,72,71.2,100.9,126,35.9,35.3,35.9,125,35.3,127,50.6,50.3,35.9 / 125,35.3 / 127
8213,SC,Blue / Red,F,72,69.9,98.9,123,35.0,34.9,35.0,122,34.9,124,49.4,49.5,35.0 / 122,34.9 / 124
8213,SC,Red,F,72,67.9,95.7,118,34.5,33.4,34.5,116,33.4,120,48.2,47.5,34.5 / 116,33.4 / 120
8211,SC,Black,M,72,73.9,100.1,141,37.0,36.9,37.0,140,36.9,142,50.0,50.1,37.0 / 140,36.9 / 142
8211,SC,Gold,M,72,71.9,97.1,136,36.0,35.9,36.0,132,35.9,139,48.3,48.8,36.0 / 132,35.9 / 139
8211,SC,Silver,M,72,70.1,93.7,127,34.9,35.2,34.9,125,35.2,129,46.5,47.2,34.9 / 125,35.2 / 129
8211,SC,Blue,M,72,67.3,89.0,117,33.5,33.8,33.5,118,33.8,115,44.5,44.5,33.5 / 118,33.8 / 115
8211,SC,Blue / Red,M,72,65.4,86.4,113,32.6,32.8,32.6,114,32.8,112,43.2,43.2,32.6 / 114,32.8 / 112
8211,SC,Red,M,72,64.3,85.0,112,32.0,32.3,32.0,112,32.3,111,42.4,42.6,32.0 / 112,32.3 / 111
8211,SC,Silver,F,72,75.8,109.7,144,37.8,38.0,37.8,142,38.0,146,54.5,55.2,37.8 / 142,38.0 / 146
8211,SC,Blue,F,72,72.2,103.7,134,36.0,36.2,36.0,133,36.2,134,51.7,52.0,36.0 / 133,36.2 / 134
8211,SC,Blue / Red,F,72,70.2,100.1,127,35.0,35.2,35.0,126,35.2,128,49.8,50.3,35.0 / 126,35.2 / 128
8211,SC,Red,F,72,68.7,98.0,125,34.2,34.5,34.2,126,34.5,123,49.0,49.0,34.2 / 126,34.5 / 123
8179,SC,Blue,M,72,72.1,95.0,124,36.3,35.8,36.3,124,35.8,123,47.8,47.2,36.3 / 124,35.8 / 123
8179,SC,White,M,72,69.7,91.2,116,35.0,34.7,35.0,119,34.7,112,46.1,45.1,35.0 / 119,34.7 / 112
8179,SC,Gold,M,72,65.6,86.3,112,33.0,32.6,33.0,113,32.6,110,43.5,42.8,33.0 / 113,32.6 / 110
8179,SC,Red,M,72,62.6,82.1,105,31.3,31.3,31.3,107,31.3,103,41.2,40.9,31.3 / 107,31.3 / 103
8179,SC,White,F,72,75.1,105.2,128,37.9,37.2,37.9,129,37.2,126,53.1,52.1,37.9 / 129,37.2 / 126
8179,SC,Gold,F,72,71.0,98.9,118,35.9,35.1,35.9,120,35.1,116,50.1,48.8,35.9 / 120,35.1 / 116
8179,SC,Red,F,72,66.9,92.3,108,33.4,33.5,33.4,110,33.5,105,46.4,45.9,33.4 / 110,33.5 / 105
8286,SC,I,M,72,71.2,94.7,127,35.8,35.4,35.8,130,35.4,123,47.9,46.8,35.8 / 130,35.4 / 123
8286,SC,II,M,72,69.3,92.2,123,34.7,34.6,34.7,127,34.6,119,46.5,45.7,34.7 / 127,34.6 / 119
8286,SC,III,M,72,66.9,88.9,119,33.3,33.6,33.3,122,33.6,115,44.6,44.3,33.3 / 122,33.6 / 115
8286,SC,IV,M,72,62.6,83.1,111,30.9,31.7,30.9,111,31.7,110,41.2,41.9,30.9 / 111,31.7 / 110
8286,SC,III,F,72,72.3,101.7,125,36.2,36.1,36.2,128,36.1,121,51.3,50.4,36.2 / 128,36.1 / 121
8286,SC,IV,F,72,67.5,93.8,112,33.2,34.3,33.2,113,34.3,110,46.5,47.3,33.2 / 113,34.3 / 110
8338,SC,Blue,M,72,72.3,97.5,136,36.3,36.0,36.3,132,36.0,139,48.6,48.9,36.3 / 132,36.0 / 139
8338,SC,White,M,72,70.9,95.4,132,35.5,35.4,35.5,132,35.4,131,47.8,47.6,35.5 / 132,35.4 / 131
8338,SC,Gold,M,72,68.5,91.2,123,34.5,34.0,34.5,124,34.0,121,46.0,45.2,34.5 / 124,34.0 / 121
8338,SC,Red,M,72,64.5,85.2,112,31.9,32.6,31.9,112,32.6,111,42.3,42.9,31.9 / 112,32.6 / 111
8338,SC,Cedar,M,72,61.6,81.2,106,30.6,31.0,30.6,107,31.0,104,40.5,40.7,30.6 / 107,31.0 / 104
8338,SC,White,F,72,76.6,109.4,140,38.4,38.2,38.4,137,38.2,142,54.5,54.9,38.4 / 137,38.2 / 142
8338,SC,Gold,F,72,73.9,105.2,133,37.2,36.7,37.2,131,36.7,134,52.7,52.5,37.2 / 131,36.7 / 134
8338,SC,Red,F,72,69.8,98.3,121,34.8,35.0,34.8,118,35.0,124,48.7,49.6,34.8 / 118,35.0 / 124
8338,SC,Cedar,F,72,64.7,90.9,111,32.2,32.5,32.2,111,32.5,111,45.3,45.6,32.2 / 111,32.5 / 111
20910,SC,Blue,M,72,71.8,97.1,137,35.7,36.1,35.7,137,36.1,136,48.4,48.7,35.7 / 137,36.1 / 136
20910,SC,White,M,72,70.3,94.6,131,34.7,35.6,34.7,131,35.6,130,46.9,47.7,34.7 / 131,35.6 / 130
20910,SC,Silver,M,72,67.2,90.9,128,32.8,34.4,32.8,128,34.4,127,44.7,46.2,32.8 / 128,34.4 / 127
20910,SC,Gold,M,72,65.5,86.5,113,32.4,33.1,32.4,111,33.1,115,42.7,43.8,32.4 / 111,33.1 / 115
20910,SC,Red,M,72,64.1,84.8,112,31.5,32.6,31.5,109,32.6,114,41.6,43.2,31.5 / 109,32.6 / 114
20910,SC,Rose,M,72,60.5,79.7,103,29.8,30.7,29.8,102,30.7,104,39.3,40.4,29.8 / 102,30.7 / 104
20910,SC,White,F,73,75.5,108.4,140,37.3,38.2,37.3,140,38.2,139,53.8,54.6,37.3 / 140,38.2 / 139
20910,SC,Silver,F,73,72.3,103.7,133,35.5,36.8,35.5,133,36.8,133,51.2,52.5,35.5 / 133,36.8 / 133
20910,SC,Gold,F,73,69.9,99.5,126,34.4,35.5,34.4,126,35.5,125,49.3,50.2,34.4 / 126,35.5 / 125
20910,SC,Red,F,73,68.8,97.5,122,33.8,35.0,33.8,122,35.0,121,48.2,49.3,33.8 / 122,35.0 / 121
20910,SC,Rose,F,73,63.1,89.0,110,31.1,32.0,31.1,110,32.0,109,44.1,44.9,31.1 / 110,32.0 / 109
8265,SC,Black,M,72,74.0,101.2,144,36.4,37.6,36.4,133,37.6,155,48.8,52.4,36.4 / 133,37.6 / 155
8265,SC,Gold,M,72,72.8,99.3,143,35.9,36.9,35.9,131,36.9,154,48.1,51.2,35.9 / 131,36.9 / 154
8265,SC,Black / Gold,M,72,72.5,97.8,136,35.7,36.8,35.7,126,36.8,146,47.4,50.4,35.7 / 126,36.8 / 146
8265,SC,Gold / Blue,M,72,71.8,96.3,132,35.4,36.4,35.4,124,36.4,140,46.9,49.4,35.4 / 124,36.4 / 140
8265,SC,Blue,M,72,70.5,93.6,124,34.7,35.8,34.7,119,35.8,129,45.8,47.8,34.7 / 119,35.8 / 129
8265,SC,Blue / White,M,72,68.9,90.8,118,34.2,34.7,34.2,114,34.7,122,44.8,46.0,34.2 / 114,34.7 / 122
8265,SC,White,M,72,67.3,87.2,107,33.3,34.0,33.3,103,34.0,111,42.9,44.3,33.3 / 103,34.0 / 111
8265,SC,White / Red,M,72,66.6,85.6,103,33.0,33.6,33.0,96,33.6,109,41.9,43.7,33.0 / 96,33.6 / 109
8265,SC,Forward 3,M,71,62.9,81.4,100,31.6,31.3,31.6,94,31.3,105,40.3,41.1,31.6 / 94,31.3 / 105
8265,SC,Forward 2,M,68,61.2,79.6,99,30.5,30.7,30.5,94,30.7,104,39.2,40.4,30.5 / 94,30.7 / 104
8265,SC,White,F,72,72.2,101.7,125,35.7,36.5,35.7,120,36.5,130,49.9,51.8,35.7 / 120,36.5 / 130
8265,SC,White / Red,F,72,71.0,99.3,120,34.9,36.1,34.9,114,36.1,126,48.4,50.9,34.9 / 114,36.1 / 126
8265,SC,Red,F,72,70.3,98.0,118,34.6,35.7,34.6,113,35.7,122,47.9,50.1,34.6 / 113,35.7 / 122
8265,SC,Forward 3,F,71,66.9,93.1,111,33.5,33.4,33.5,108,33.4,114,46.2,46.9,33.5 / 108,33.4 / 114
8265,SC,Forward 2,F,68,63.7,88.8,107,31.6,32.1,31.6,103,32.1,110,43.7,45.1,31.6 / 103,32.1 / 110
8260,SC,Black,M,72,73.4,100.0,143,35.8,37.6,35.8,131,37.6,155,48.0,52.0,35.8 / 131,37.6 / 155
8260,SC,Blue,M,72,71.9,96.3,132,35.2,36.7,35.2,126,36.7,137,46.9,49.4,35.2 / 126,36.7 / 137
8260,SC,White,M,72,70.4,94.0,127,34.5,35.9,34.5,122,35.9,132,45.8,48.2,34.5 / 122,35.9 / 132
8260,SC,Gold,M,72,67.8,90.0,120,33.3,34.5,33.3,114,34.5,125,43.9,46.1,33.3 / 114,34.5 / 125
8260,SC,Green,M,72,64.3,84.8,111,31.4,32.9,31.4,108,32.9,113,41.4,43.4,31.4 / 108,32.9 / 113
8260,SC,White,F,72,76.0,108.7,139,37.2,38.8,37.2,130,38.8,148,52.5,56.2,37.2 / 130,38.8 / 148
8260,SC,Gold,F,72,73.3,104.6,133,35.8,37.5,35.8,124,37.5,142,50.4,54.2,35.8 / 124,37.5 / 142
8260,SC,Red,F,72,69.3,98.5,124,33.6,35.7,33.6,116,35.7,131,47.3,51.2,33.6 / 116,35.7 / 131
8234,SC,Black,M,71,73.3,99.8,143,36.9,36.4,36.9,145,36.4,140,50.4,49.4,36.9 / 145,36.4 / 140
8234,SC,Blue,M,71,71.3,96.6,137,35.6,35.7,35.6,138,35.7,135,48.4,48.2,35.6 / 138,35.7 / 135
8234,SC,White,M,71,70.0,94.4,131,35.0,35.0,35.0,130,35.0,132,47.1,47.3,35.0 / 130,35.0 / 132
8234,SC,Green,M,71,65.9,87.7,117,33.2,32.7,33.2,116,32.7,118,44.0,43.7,33.2 / 116,32.7 / 118
8234,SC,Red,M,71,62.4,82.9,111,31.3,31.1,31.3,110,31.1,111,41.5,41.4,31.3 / 110,31.1 / 111
8234,SC,Green,F,71,70.5,99.7,124,35.3,35.2,35.3,120,35.2,127,49.5,50.2,35.3 / 120,35.2 / 127
8234,SC,Red,F,71,65.9,92.7,114,32.9,33.0,32.9,110,33.0,117,45.9,46.8,32.9 / 110,33.0 / 117
8236,SC,Blue,M,72,73.6,100.0,143,37.2,36.4,37.2,150,36.4,135,51.1,48.9,37.2 / 150,36.4 / 135
8236,SC,White,M,72,70.0,95.0,135,35.5,34.5,35.5,143,34.5,126,48.8,46.2,35.5 / 143,34.5 / 126
8236,SC,Green,M,72,66.8,90.0,125,33.9,32.9,33.9,130,32.9,119,46.0,44.0,33.9 / 130,32.9 / 119
8236,SC,Red,M,72,63.6,85.5,118,32.0,31.6,32.0,123,31.6,113,43.4,42.1,32.0 / 123,31.6 / 113
8236,SC,Green,F,72,71.5,103.1,134,36.5,35.0,36.5,139,35.0,129,52.9,50.2,36.5 / 139,35.0 / 129
8236,SC,Red,F,72,67.3,96.8,125,34.3,33.0,34.3,130,33.0,120,49.6,47.2,34.3 / 130,33.0 / 120
8235,SC,Black,M,72,74.3,100.9,144,36.9,37.4,36.9,150,37.4,137,50.8,50.1,36.9 / 150,37.4 / 137
8235,SC,Blue,M,72,72.4,98.3,139,36.0,36.4,36.0,146,36.4,132,49.6,48.7,36.0 / 146,36.4 / 132
8235,SC,White,M,72,70.0,94.1,130,34.8,35.2,34.8,138,35.2,122,47.6,46.5,34.8 / 138,35.2 / 122
8235,SC,Green,M,72,67.1,89.0,118,33.6,33.5,33.6,118,33.5,117,44.6,44.4,33.6 / 118,33.5 / 117
8235,SC,Red,M,72,63.4,83.8,110,31.8,31.6,31.8,111,31.6,109,42.1,41.7,31.8 / 111,31.6 / 109
8235,SC,Green,F,72,72.0,102.1,128,35.9,36.1,35.9,127,36.1,128,50.9,51.2,35.9 / 127,36.1 / 128
8235,SC,Red,F,72,67.1,94.7,117,33.4,33.7,33.4,117,33.7,117,47.2,47.5,33.4 / 117,33.7 / 117
8102,SC,Blue,M,72,72.1,99.8,150,36.2,35.9,36.2,149,35.9,150,50.0,49.8,36.2 / 149,35.9 / 150
8102,SC,White,M,72,69.0,93.0,130,34.5,34.5,34.5,138,34.5,121,47.3,45.7,34.5 / 138,34.5 / 121
8102,SC,Gold,M,72,67.0,87.5,111,34.0,33.0,34.0,108,33.0,113,44.0,43.5,34.0 / 108,33.0 / 113
8102,SC,Green,M,72,65.0,85.1,108,32.8,32.2,32.8,103,32.2,113,42.4,42.7,32.8 / 103,32.2 / 113
8102,SC,Red,F,72,67.9,94.8,114,34.3,33.6,34.3,114,33.6,114,47.7,47.1,34.3 / 114,33.6 / 114
8362,SC,Maroon,M,72,73.1,100.9,150,37.0,36.1,37.0,144,36.1,155,50.4,50.5,37.0 / 144,36.1 / 155
8362,SC,Gold,M,72,71.6,98.8,147,36.0,35.6,36.0,140,35.6,153,49.0,49.8,36.0 / 140,35.6 / 153
8362,SC,Gold / Black,M,72,70.5,96.8,142,35.4,35.1,35.4,135,35.1,149,47.9,48.9,35.4 / 135,35.1 / 149
8362,SC,Black,M,72,69.4,94.3,134,34.8,34.6,34.8,131,34.6,137,47.0,47.3,34.8 / 131,34.6 / 137
8362,SC,Black / Silver,M,72,68.2,91.7,127,34.0,34.2,34.0,125,34.2,128,45.6,46.1,34.0 / 125,34.2 / 128
8362,SC,Silver,M,72,65.7,87.0,115,33.4,32.3,33.4,119,32.3,110,44.5,42.5,33.4 / 119,32.3 / 110
8362,SC,Silver / Green,M,72,64.0,84.7,112,32.3,31.7,32.3,115,31.7,108,43.0,41.7,32.3 / 115,31.7 / 108
8362,SC,Green,M,72,62.4,82.4,108,31.6,30.8,31.6,112,30.8,103,42.0,40.4,31.6 / 112,30.8 / 103
8362,SC,Gold,F,72,78.1,115.3,154,39.2,38.9,39.2,153,38.9,155,57.2,58.1,39.2 / 153,38.9 / 155
8362,SC,Gold / Black,F,72,76.8,113.2,152,38.5,38.3,38.5,148,38.3,155,56.0,57.2,38.5 / 148,38.3 / 155
8362,SC,Black,F,72,75.3,111.0,150,37.7,37.6,37.7,145,37.6,155,54.8,56.2,37.7 / 145,37.6 / 155
8362,SC,Black / Silver,F,72,73.5,107.7,145,36.7,36.8,36.7,139,36.8,151,53.1,54.6,36.7 / 139,36.8 / 151
8362,SC,Silver,F,72,70.5,101.6,132,36.1,34.4,36.1,135,34.4,129,52.0,49.6,36.1 / 135,34.4 / 129
8362,SC,Silver / Green,F,72,68.5,98.3,127,34.7,33.8,34.7,131,33.8,122,50.1,48.2,34.7 / 131,33.8 / 122
8362,SC,Green,F,72,66.3,92.7,112,33.7,32.6,33.7,119,32.6,105,47.7,45.0,33.7 / 119,32.6 / 105
8298,SC,Rocks,M,72,73.7,101.1,147,36.9,36.8,36.9,138,36.8,155,49.7,51.4,36.9 / 138,36.8 / 155
8298,SC,Blue,M,72,71.2,96.6,137,35.6,35.6,35.6,130,35.6,143,47.7,48.9,35.6 / 130,35.6 / 143
8298,SC,TAGG,M,72,69.9,94.0,130,34.8,35.1,34.8,125,35.1,135,46.4,47.6,34.8 / 125,35.1 / 135
8298,SC,White,M,72,68.2,90.5,120,33.8,34.4,33.8,117,34.4,123,44.7,45.8,33.8 / 117,34.4 / 123
8298,SC,Gold,M,72,65.4,86.1,112,32.5,32.9,32.5,108,32.9,115,42.5,43.6,32.5 / 108,32.9 / 115
8298,SC,Red,M,72,64.0,84.1,108,31.9,32.1,31.9,105,32.1,111,41.7,42.4,31.9 / 105,32.1 / 111
8298,SC,Gold,F,72,70.1,99.9,126,34.5,35.6,34.5,120,35.6,132,48.7,51.2,34.5 / 120,35.6 / 132
8298,SC,Red,F,72,68.5,96.4,118,34.0,34.5,34.0,114,34.5,122,47.5,48.9,34.0 / 114,34.5 / 122
8298,SC,Red (Forward),F,72,68.1,95.7,117,33.8,34.3,33.8,114,34.3,120,47.2,48.5,33.8 / 114,34.3 / 120
8074,SC,Blue,M,73,73.3,99.8,143,36.8,36.5,36.8,149,36.5,137,50.6,49.2,36.8 / 149,36.5 / 137
8074,SC,White,M,73,71.3,94.7,126,35.8,35.5,35.8,126,35.5,126,47.5,47.2,35.8 / 126,35.5 / 126
8074,SC,Silver,M,73,68.7,91.0,120,34.7,34.0,34.7,116,34.0,124,45.5,45.5,34.7 / 116,34.0 / 124
8074,SC,Gold,M,73,66.7,87.0,110,34.1,32.6,34.1,109,32.6,110,44.2,42.8,34.1 / 109,32.6 / 110
8074,SC,Red,M,73,66.2,86.2,108,33.8,32.4,33.8,108,32.4,108,43.8,42.4,33.8 / 108,32.4 / 108
8074,SC,White,F,73,77.0,108.8,135,38.8,38.2,38.8,133,38.2,137,54.5,54.3,38.8 / 133,38.2 / 137
8074,SC,Silver,F,73,73.7,103.9,129,37.0,36.7,37.0,126,36.7,131,51.8,52.1,37.0 / 126,36.7 / 131
8074,SC,Gold,F,73,70.8,99.6,122,35.9,34.9,35.9,121,34.9,123,50.2,49.4,35.9 / 121,34.9 / 123
8074,SC,Red,F,73,70.4,98.5,120,35.7,34.7,35.7,119,34.7,120,49.7,48.8,35.7 / 119,34.7 / 120
8367,SC,Blue,M,72,73.5,98.8,136,36.6,36.9,36.6,132,36.9,140,48.9,49.9,36.6 / 132,36.9 / 140
8367,SC,White,M,72,71.9,96.3,131,36.0,35.9,36.0,129,35.9,133,48.0,48.3,36.0 / 129,35.9 / 133
8367,SC,White / Gold,M,72,71.3,95.1,128,35.7,35.6,35.7,125,35.6,131,47.3,47.8,35.7 / 125,35.6 / 131
8367,SC,Gold,M,72,70.0,92.9,123,35.1,34.9,35.1,118,34.9,128,46.1,46.8,35.1 / 118,34.9 / 128
8367,SC,Red,M,72,67.4,89.0,116,33.8,33.6,33.8,115,33.6,117,44.5,44.5,33.8 / 115,33.6 / 117
8367,SC,Green,M,70,63.0,82.9,107,31.3,31.7,31.3,103,31.7,111,40.9,42.0,31.3 / 103,31.7 / 111
8367,SC,White,F,72,77.7,110.8,141,38.7,39.0,38.7,140,39.0,141,55.2,55.6,38.7 / 140,39.0 / 141
8367,SC,White / Gold,F,72,77.0,109.7,139,38.3,38.7,38.3,138,38.7,139,54.6,55.1,38.3 / 138,38.7 / 139
8367,SC,Gold,F,72,75.5,107.5,136,37.6,37.9,37.6,136,37.9,136,53.6,53.9,37.6 / 136,37.9 / 136
8367,SC,Red,F,72,72.0,102.2,128,36.1,35.9,36.1,125,35.9,131,50.8,51.4,36.1 / 125,35.9 / 131
8367,SC,Green,F,70,66.7,92.7,111,32.8,33.9,32.8,108,33.9,113,45.5,47.2,32.8 / 108,33.9 / 113
8267,SC,Black,M,72,74.0,100.4,142,37.1,36.9,37.1,146,36.9,138,50.7,49.7,37.1 / 146,36.9 / 138
8267,SC,Blue,M,72,72.5,97.6,135,36.4,36.1,36.4,139,36.1,131,49.3,48.3,36.4 / 139,36.1 / 131
8267,SC,White,M,72,70.6,95.0,131,35.5,35.1,35.5,133,35.1,129,47.9,47.1,35.5 / 133,35.1 / 129
8267,SC,Gold,M,72,68.0,91.2,125,34.1,33.9,34.1,124,33.9,126,45.6,45.6,34.1 / 124,33.9 / 126
8267,SC,Red,M,72,64.3,85.8,116,32.4,31.9,32.4,114,31.9,117,43.0,42.8,32.4 / 114,31.9 / 117
8267,SC,White,F,72,76.6,110.0,142,38.5,38.1,38.5,138,38.1,145,54.8,55.2,38.5 / 138,38.1 / 145
8267,SC,Gold,F,72,73.5,105.3,135,36.7,36.8,36.7,131,36.8,138,52.2,53.1,36.7 / 131,36.8 / 138
8267,SC,Red,F,72,69.3,98.8,126,34.9,34.4,34.9,125,34.4,126,49.6,49.2,34.9 / 125,34.4 / 126
8125,SC,Gold,M,71,75.2,102.5,147,37.6,37.6,37.6,143,37.6,151,50.9,51.6,37.6 / 143,37.6 / 151
8125,SC,Blue,M,71,72.6,98.6,140,36.5,36.1,36.5,140,36.1,140,49.5,49.1,36.5 / 140,36.1 / 140
8125,SC,Black,M,71,71.7,97.0,137,36.1,35.6,36.1,138,35.6,135,48.9,48.1,36.1 / 138,35.6 / 135
8125,SC,White,M,71,70.3,95.5,136,35.5,34.8,35.5,138,34.8,133,48.3,47.2,35.5 / 138,34.8 / 133
8125,SC,Silver,M,71,69.3,93.8,132,34.9,34.4,34.9,133,34.4,130,47.3,46.5,34.9 / 133,34.4 / 130
8125,SC,Green,M,71,67.1,90.1,124,34.0,33.1,34.0,128,33.1,119,45.9,44.2,34.0 / 128,33.1 / 119
8125,SC,Red,M,71,65.6,87.3,117,33.0,32.6,33.0,121,32.6,113,44.2,43.1,33.0 / 121,32.6 / 113
8125,SC,Family,M,66,60.0,80.0,108,30.4,29.6,30.4,111,29.6,104,40.7,39.3,30.4 / 111,29.6 / 104
8125,SC,White,F,71,76.7,110.9,145,38.7,38.0,38.7,146,38.0,144,55.9,55.0,38.7 / 146,38.0 / 144
8125,SC,Silver,F,71,75.3,108.9,143,38.0,37.3,38.0,143,37.3,142,54.9,54.0,38.0 / 143,37.3 / 142
8125,SC,Championship,F,71,74.7,107.7,140,37.7,37.0,37.7,142,37.0,138,54.4,53.3,37.7 / 142,37.0 / 138
8125,SC,Green,F,71,72.7,104.1,134,37.0,35.7,37.0,137,35.7,130,53.1,51.0,37.0 / 137,35.7 / 130
8125,SC,Red,F,71,70.6,100.5,127,35.5,35.1,35.5,129,35.1,125,50.7,49.8,35.5 / 129,35.1 / 125
8125,SC,Family,F,66,61.4,86.3,106,31.0,30.4,31.0,108,30.4,103,43.7,42.6,31.0 / 108,30.4 / 103
8057,SC,Blue,M,70,69.8,94.3,132,35.1,34.7,35.1,128,34.7,136,47.0,47.3,35.1 / 128,34.7 / 136
8057,SC,White,M,70,67.5,90.1,122,33.7,33.8,33.7,124,33.8,119,45.2,44.9,33.7 / 124,33.8 / 119
8057,SC,Gold,M,70,65.4,86.1,112,32.7,32.7,32.7,113,32.7,110,43.2,42.9,32.7 / 113,32.7 / 110
8057,SC,Red,M,70,63.7,83.9,109,31.8,31.9,31.8,110,31.9,108,42.0,41.9,31.8 / 110,31.9 / 108
8057,SC,White,F,70,73.3,104.6,133,37.0,36.3,37.0,131,36.3,134,52.5,52.1,37.0 / 131,36.3 / 134
8057,SC,Gold,F,70,69.5,98.2,122,35.0,34.5,35.0,120,34.5,123,49.2,49.0,35.0 / 120,34.5 / 123
8057,SC,Red,F,70,67.5,94.6,115,33.9,33.6,33.9,118,33.6,112,47.8,46.8,33.9 / 118,33.6 / 112
8157,SC,1,M,72,72.1,98.7,143,35.7,36.4,35.7,142,36.4,144,48.9,49.8,35.7 / 142,36.4 / 144
8157,SC,2,M,72,71.0,95.9,134,35.1,35.9,35.1,136,35.9,132,47.7,48.2,35.1 / 136,35.9 / 132
8157,SC,3,M,72,69.5,93.2,128,34.4,35.1,34.4,128,35.1,127,46.3,46.9,34.4 / 128,35.1 / 127
8157,SC,4,M,72,68.1,90.7,122,33.7,34.4,33.7,119,34.4,124,44.8,45.9,33.7 / 119,34.4 / 124
8157,SC,5,M,72,65.1,86.4,115,32.6,32.5,32.6,113,32.5,116,43.1,43.3,32.6 / 113,32.5 / 116
8157,SC,6,M,72,63.4,83.9,111,31.7,31.7,31.7,108,31.7,113,41.7,42.2,31.7 / 108,31.7 / 113
8157,SC,1,F,73,78.3,113.7,151,38.9,39.4,38.9,148,39.4,153,56.3,57.4,38.9 / 148,39.4 / 153
8157,SC,2,F,73,76.8,111.3,146,38.1,38.7,38.1,144,38.7,148,55.1,56.2,38.1 / 144,38.7 / 148
8157,SC,3,F,73,75.1,108.6,142,37.2,37.9,37.2,140,37.9,144,53.7,54.9,37.2 / 140,37.9 / 144
8157,SC,4,F,73,73.3,105.1,135,36.2,37.1,36.2,132,37.1,137,51.8,53.3,36.2 / 132,37.1 / 137
8157,SC,5,F,73,69.6,99.7,128,34.9,34.7,34.9,125,34.7,131,49.6,50.1,34.9 / 125,34.7 / 131
8157,SC,6,F,73,67.3,95.5,120,33.3,34.0,33.3,115,34.0,124,46.9,48.6,33.3 / 115,34.0 / 124
8059,SC,Blue,M,72,72.6,96.2,127,36.4,36.2,36.4,126,36.2,128,48.1,48.1,36.4 / 126,36.2 / 128
8059,SC,White,M,72,69.4,92.0,122,34.7,34.7,34.7,122,34.7,122,46.0,46.0,34.7 / 122,34.7 / 122
8059,SC,Gold,M,72,66.8,87.4,111,33.3,33.5,33.3,109,33.5,113,43.4,44.0,33.3 / 109,33.5 / 113
8059,SC,Red,M,72,66.0,86.3,110,33.0,33.0,33.0,107,33.0,112,42.9,43.4,33.0 / 107,33.0 / 112
8059,SC,Gold,F,73,72.0,102.4,129,35.7,36.3,35.7,127,36.3,131,50.7,51.7,35.7 / 127,36.3 / 131
8059,SC,Red,F,73,71.3,100.7,125,35.4,35.9,35.4,124,35.9,126,50.0,50.7,35.4 / 124,35.9 / 126
8153,SC,Fazio,M,72,73.2,98.0,134,36.6,36.6,36.6,137,36.6,130,49.3,48.7,36.6 / 137,36.6 / 130
8153,SC,Member,M,72,70.3,94.1,128,35.3,35.0,35.3,126,35.0,130,47.0,47.1,35.3 / 126,35.0 / 130
8153,SC,Club,M,72,68.9,91.8,124,34.5,34.4,34.5,122,34.4,125,45.8,46.0,34.5 / 122,34.4 / 125
8153,SC,Club / Creek,M,72,67.2,89.3,119,33.8,33.4,33.8,117,33.4,121,44.7,44.6,33.8 / 117,33.4 / 121
8153,SC,Creek,M,72,65.4,86.0,111,32.9,32.5,32.9,111,32.5,111,43.2,42.8,32.9 / 111,32.5 / 111
8153,SC,Creek / Marsh,M,72,64.0,84.0,108,32.2,31.8,32.2,107,31.8,109,42.1,41.9,32.2 / 107,31.8 / 109
8153,SC,Marsh,M,72,62.4,81.5,103,31.6,30.8,31.6,102,30.8,103,41.1,40.4,31.6 / 102,30.8 / 103
8153,SC,Member,F,72,76.2,109.2,140,38.0,38.2,38.0,141,38.2,139,54.6,54.6,38.0 / 141,38.2 / 139
8153,SC,Club,F,72,74.5,106.8,137,37.1,37.4,37.1,137,37.4,137,53.2,53.6,37.1 / 137,37.4 / 137
8153,SC,Club / Creek,F,72,72.3,102.9,130,36.1,36.2,36.1,131,36.2,129,51.5,51.4,36.1 / 131,36.2 / 129
8153,SC,Creek,F,72,70.3,99.6,124,35.1,35.2,35.1,122,35.2,126,49.5,50.1,35.1 / 122,35.2 / 126
8153,SC,Creek / Marsh,F,72,68.1,95.6,117,33.9,34.2,33.9,115,34.2,118,47.5,48.1,33.9 / 115,34.2 / 118
8153,SC,Marsh,F,72,65.3,91.4,111,33.2,32.1,33.2,108,32.1,114,45.9,45.5,33.2 / 108,32.1 / 114
23782,SC,Fazio,M,35,35.9,48.0,130,35.9,,35.9,130,,,48.0,,35.9 / 130,/
23782,SC,Member,M,35,34.2,45.7,124,34.2,,34.2,124,,,45.7,,34.2 / 124,/
23782,SC,Club,M,35,33.7,44.7,118,33.7,,33.7,118,,,44.7,,33.7 / 118,/
23782,SC,Club / Creek,M,35,32.9,43.4,113,32.9,,32.9,113,,,43.4,,32.9 / 113,/
23782,SC,Creek,M,35,32.0,42.0,108,32.0,,32.0,108,,,42.0,,32.0 / 108,/
23782,SC,Creek / Marsh,M,35,31.2,40.8,103,31.2,,31.2,103,,,40.8,,31.2 / 103,/
23782,SC,Marsh,M,35,30.5,39.7,99,30.5,,30.5,99,,,39.7,,30.5 / 99,/
23782,SC,Member,F,35,36.9,52.5,132,36.9,,36.9,132,,,52.5,,36.9 / 132,/
23782,SC,Club,F,35,36.2,51.4,129,36.2,,36.2,129,,,51.4,,36.2 / 129,/
23782,SC,Club / Creek,F,35,35.2,49.8,124,35.2,,35.2,124,,,49.8,,35.2 / 124,/
23782,SC,Creek,F,35,34.2,47.6,114,34.2,,34.2,114,,,47.6,,34.2 / 114,/
23782,SC,Creek / Marsh,F,35,32.8,45.0,103,32.8,,32.8,103,,,45.0,,32.8 / 103,/
23782,SC,Marsh,F,35,31.5,43.4,101,31.5,,31.5,101,,,43.4,,31.5 / 101,/
23783,SC,Fazio,M,37,37.0,49.7,137,37.0,,37.0,137,,,49.7,,37.0 / 137,/
23783,SC,Member,M,37,36.0,48.3,132,36.0,,36.0,132,,,48.3,,36.0 / 132,/
23783,SC,Club,M,37,35.1,47.0,128,35.1,,35.1,128,,,47.0,,35.1 / 128,/
23783,SC,Club / Creek,M,37,34.3,45.8,124,34.3,,34.3,124,,,45.8,,34.3 / 124,/
23783,SC,Creek,M,37,33.4,44.0,114,33.4,,33.4,114,,,44.0,,33.4 / 114,/
23783,SC,Creek / Marsh,M,37,32.9,43.2,111,32.9,,32.9,111,,,43.2,,32.9 / 111,/
23783,SC,Marsh,M,37,31.8,41.7,107,31.8,,31.8,107,,,41.7,,31.8 / 107,/
23783,SC,Member,F,37,39.2,56.6,148,39.2,,39.2,148,,,56.6,,39.2 / 148,/
23783,SC,Club,F,37,38.2,55.2,144,38.2,,38.2,144,,,55.2,,38.2 / 144,/
23783,SC,Club / Creek,F,37,37.0,52.9,135,37.0,,37.0,135,,,52.9,,37.0 / 135,/
23783,SC,Creek,F,37,36.0,51.6,132,36.0,,36.0,132,,,51.6,,36.0 / 132,/
23783,SC,Creek / Marsh,F,37,35.2,50.4,129,35.2,,35.2,129,,,50.4,,35.2 / 129,/
23783,SC,Marsh,F,37,33.7,47.7,119,33.7,,33.7,119,,,47.7,,33.7 / 119,/
8154,SC,Championship,M,72,74.2,100.2,140,36.7,37.5,36.7,139,37.5,141,49.6,50.6,36.7 / 139,37.5 / 141
8154,SC,Fazio,M,72,72.5,98.0,138,36.0,36.5,36.0,136,36.5,139,48.6,49.4,36.0 / 136,36.5 / 139
8154,SC,Member,M,72,70.6,94.8,130,35.1,35.5,35.1,130,35.5,130,47.2,47.6,35.1 / 130,35.5 / 130
8154,SC,Member / Club,M,72,68.6,92.1,127,34.2,34.4,34.2,125,34.4,128,45.8,46.3,34.2 / 125,34.4 / 128
8154,SC,Club,M,72,68.0,91.1,125,33.9,34.1,33.9,122,34.1,127,45.2,45.9,33.9 / 122,34.1 / 127
8154,SC,Creek,M,72,65.5,87.2,117,32.9,32.6,32.9,115,32.6,118,43.6,43.6,32.9 / 115,32.6 / 118
8154,SC,Creek / Marsh,M,72,63.6,84.7,114,31.8,31.8,31.8,111,31.8,116,42.1,42.6,31.8 / 111,31.8 / 116
8154,SC,Marsh,M,72,62.1,82.5,110,31.1,31.0,31.1,108,31.0,112,41.1,41.4,31.1 / 108,31.0 / 112
8154,SC,Member,F,72,76.0,109.3,141,37.6,38.4,37.6,140,38.4,142,54.1,55.2,37.6 / 140,38.4 / 142
8154,SC,Member / Club,F,72,74.2,106.0,135,37.1,37.1,37.1,135,37.1,135,53.0,53.0,37.1 / 135,37.1 / 135
8154,SC,Club,F,72,73.3,104.3,131,36.6,36.7,36.6,131,36.7,131,52.1,52.2,36.6 / 131,36.7 / 131
8154,SC,Creek,F,72,70.4,99.6,124,35.5,34.9,35.5,125,34.9,123,50.2,49.4,35.5 / 125,34.9 / 123
8154,SC,Creek / Marsh,F,72,67.9,95.7,118,34.0,33.9,34.0,118,33.9,118,47.9,47.8,34.0 / 118,33.9 / 118
8154,SC,Marsh,F,72,65.4,91.7,112,32.8,32.6,32.8,114,32.6,109,46.2,45.5,32.8 / 114,32.6 / 109
8217,SC,Black,M,72,75.1,103.1,151,37.5,37.6,37.5,147,37.6,154,51.2,51.9,37.5 / 147,37.6 / 154
8217,SC,Blue,M,72,73.1,100.3,147,36.5,36.6,36.5,143,36.6,150,49.8,50.5,36.5 / 143,36.6 / 150
8217,SC,White,M,72,70.1,96.1,140,35.0,35.1,35.0,140,35.1,140,48.0,48.1,35.0 / 140,35.1 / 140
8217,SC,White/Gold,M,72,69.2,93.0,128,34.7,34.5,34.7,129,34.5,127,46.7,46.3,34.7 / 129,34.5 / 127
8217,SC,Gold,M,72,67.8,91.0,125,33.7,34.1,33.7,124,34.1,126,45.2,45.8,33.7 / 124,34.1 / 126
8217,SC,Gold/Red,M,72,65.4,87.7,120,32.6,32.8,32.6,118,32.8,122,43.6,44.1,32.6 / 118,32.8 / 122
8217,SC,Red,M,72,64.4,86.2,117,32.0,32.4,32.0,116,32.4,118,42.8,43.4,32.0 / 116,32.4 / 118
8217,SC,White,F,72,76.2,111.3,149,37.9,38.3,37.9,153,38.3,144,56.0,55.3,37.9 / 153,38.3 / 144
8217,SC,White/Gold,F,72,74.4,108.5,145,37.2,37.2,37.2,150,37.2,139,54.9,53.6,37.2 / 150,37.2 / 139
8217,SC,Gold,F,72,72.9,106.3,142,36.3,36.6,36.3,146,36.6,137,53.5,52.8,36.3 / 146,36.6 / 137
8217,SC,Gold/Red,F,72,70.6,101.3,130,35.5,35.1,35.5,132,35.1,128,51.1,50.2,35.5 / 132,35.1 / 128
8217,SC,Red,F,72,68.9,97.9,123,34.5,34.4,34.5,121,34.4,125,48.8,49.1,34.5 / 121,34.4 / 125
8218,SC,Black,M,72,75.2,102.8,149,37.7,37.5,37.7,150,37.5,147,51.6,51.2,37.7 / 150,37.5 / 147
8218,SC,Blue,M,72,72.6,99.2,143,36.1,36.5,36.1,143,36.5,143,49.4,49.8,36.1 / 143,36.5 / 143
8218,SC,White,M,72,69.9,95.6,139,34.9,35.0,34.9,137,35.0,140,47.6,48.0,34.9 / 137,35.0 / 140
8218,SC,White/Gold,M,72,69.2,93.7,132,34.5,34.7,34.5,135,34.7,129,47.0,46.7,34.5 / 135,34.7 / 129
8218,SC,Gold,M,72,67.2,90.4,125,33.5,33.7,33.5,126,33.7,124,45.2,45.2,33.5 / 126,33.7 / 124
8218,SC,Gold/Red,M,72,65.5,88.0,121,32.9,32.6,32.9,124,32.6,118,44.4,43.6,32.9 / 124,32.6 / 118
8218,SC,Red,M,72,64.2,86.2,119,32.2,32.0,32.2,121,32.0,116,43.4,42.8,32.2 / 121,32.0 / 116
8218,SC,White,F,72,75.8,111.5,151,37.9,37.9,37.9,149,37.9,153,55.5,56.0,37.9 / 149,37.9 / 153
8218,SC,White/Gold,F,72,74.5,109.4,148,37.3,37.2,37.3,146,37.2,150,54.5,54.9,37.3 / 146,37.2 / 150
8218,SC,Gold,F,72,72.4,106.2,144,36.1,36.3,36.1,141,36.3,146,52.7,53.5,36.1 / 141,36.3 / 146
8218,SC,Gold/Red,F,72,71.1,102.6,134,35.6,35.5,35.6,135,35.5,132,51.5,51.1,35.6 / 135,35.5 / 132
8218,SC,Red,F,72,69.2,97.8,121,34.7,34.5,34.7,121,34.5,121,49.0,48.8,34.7 / 121,34.5 / 121
8219,SC,Black,M,72,75.3,103.5,152,37.6,37.7,37.6,154,37.7,150,51.9,51.6,37.6 / 154,37.7 / 150
8219,SC,Blue,M,72,72.7,99.9,147,36.6,36.1,36.6,150,36.1,143,50.5,49.4,36.6 / 150,36.1 / 143
8219,SC,White,M,72,70.0,95.7,139,35.1,34.9,35.1,140,34.9,137,48.1,47.6,35.1 / 140,34.9 / 137
8219,SC,White/Gold,M,72,69.0,93.3,131,34.5,34.5,34.5,127,34.5,135,46.3,47.0,34.5 / 127,34.5 / 135
8219,SC,Gold,M,72,67.6,91.0,126,34.1,33.5,34.1,126,33.5,126,45.8,45.2,34.1 / 126,33.5 / 126
8219,SC,Gold/Red,M,72,65.7,88.5,123,32.8,32.9,32.8,122,32.9,124,44.1,44.4,32.8 / 122,32.9 / 124
8219,SC,Red,M,72,64.6,86.8,120,32.4,32.2,32.4,118,32.2,121,43.4,43.4,32.4 / 118,32.2 / 121
8219,SC,White,F,72,76.2,110.8,147,38.3,37.9,38.3,144,37.9,149,55.3,55.5,38.3 / 144,37.9 / 149
8219,SC,White/Gold,F,72,74.5,108.1,143,37.2,37.3,37.2,139,37.3,146,53.6,54.5,37.2 / 139,37.3 / 146
8219,SC,Gold,F,72,72.7,105.5,139,36.6,36.1,36.6,137,36.1,141,52.8,52.7,36.6 / 137,36.1 / 141
8219,SC,Gold/Red,F,72,70.7,101.7,132,35.1,35.6,35.1,128,35.6,135,50.2,51.5,35.1 / 128,35.6 / 135
8219,SC,Red,F,72,69.1,98.1,123,34.4,34.7,34.4,125,34.7,121,49.1,49.0,34.4 / 125,34.7 / 121
8282,SC,Walnut,M,72,74.2,104.7,155,37.0,37.2,37.0,155,37.2,155,51.9,52.8,37.0 / 155,37.2 / 155
8282,SC,Oak,M,72,72.1,100.8,154,35.9,36.2,35.9,155,36.2,153,50.4,50.4,35.9 / 155,36.2 / 153
8282,SC,Cedar,M,72,69.8,95.7,140,34.9,34.9,34.9,136,34.9,143,47.5,48.2,34.9 / 136,34.9 / 143
8282,SC,Dogwood,M,72,67.7,90.3,122,33.9,33.8,33.9,121,33.8,123,45.1,45.2,33.9 / 121,33.8 / 123
8282,SC,Oak,F,72,78.1,118.3,155,39.0,39.1,39.0,155,39.1,155,59.0,59.3,39.0 / 155,39.1 / 155
8282,SC,Cedar,F,72,75.0,113.7,155,37.5,37.5,37.5,155,37.5,155,56.7,57.0,37.5 / 155,37.5 / 155
8282,SC,Dogwood,F,72,72.1,105.4,142,36.1,36.0,36.1,142,36.0,141,52.8,52.6,36.1 / 142,36.0 / 141
8174,SC,Black,M,72,74.4,103.0,154,36.9,37.5,36.9,155,37.5,152,51.4,51.6,36.9 / 155,37.5 / 152
8174,SC,Burnt Orange,M,72,71.9,99.0,146,35.8,36.1,35.8,149,36.1,143,49.6,49.4,35.8 / 149,36.1 / 143
8174,SC,Creme,M,72,70.3,95.9,138,35.0,35.3,35.0,135,35.3,141,47.5,48.4,35.0 / 135,35.3 / 141
8174,SC,Forest Green,M,72,68.0,93.1,136,33.3,34.7,33.3,136,34.7,135,45.9,47.2,33.3 / 136,34.7 / 135
8174,SC,Garnet,M,72,64.0,87.2,125,31.4,32.6,31.4,125,32.6,125,43.0,44.2,31.4 / 125,32.6 / 125
8174,SC,Burnt Orange,F,72,78.2,113.6,150,39.0,39.2,39.0,152,39.2,148,56.9,56.7,39.0 / 152,39.2 / 148
8174,SC,Creme,F,72,75.9,110.2,146,37.7,38.2,37.7,146,38.2,145,54.9,55.3,37.7 / 146,38.2 / 145
8174,SC,Forest Green,F,72,73.7,106.9,141,36.4,37.3,36.4,141,37.3,141,53.0,53.9,36.4 / 141,37.3 / 141
8174,SC,Garnet,F,72,68.1,98.0,127,33.3,34.8,33.3,128,34.8,126,48.4,49.6,33.3 / 128,34.8 / 126
8172,SC,Blue,M,72,71.1,95.9,134,35.7,35.4,35.7,135,35.4,132,48.2,47.7,35.7 / 135,35.4 / 132
8172,SC,White,M,72,69.5,93.4,129,34.7,34.8,34.7,130,34.8,127,46.8,46.6,34.7 / 130,34.8 / 127
8172,SC,Gold,M,72,67.4,90.1,123,33.7,33.7,33.7,122,33.7,123,45.0,45.1,33.7 / 122,33.7 / 123
8172,SC,Red,M,71,63.3,84.3,113,31.8,31.5,31.8,113,31.5,113,42.3,42.0,31.8 / 113,31.5 / 113
8172,SC,Blue,F,72,77.4,111.0,143,38.9,38.5,38.9,143,38.5,142,55.8,55.2,38.9 / 143,38.5 / 142
8172,SC,White,F,72,75.5,108.2,139,37.8,37.7,37.8,139,37.7,138,54.2,54.0,37.8 / 139,37.7 / 138
8172,SC,Gold,F,72,73.3,104.9,134,36.6,36.7,36.6,134,36.7,134,52.4,52.5,36.6 / 134,36.7 / 134
8172,SC,Red,F,72,67.6,95.6,119,34.2,33.4,34.2,119,33.4,119,48.2,47.4,34.2 / 119,33.4 / 119
8173,SC,Blue,M,72,72.5,97.2,133,35.8,36.7,35.8,128,36.7,138,47.7,49.5,35.8 / 128,36.7 / 138
8173,SC,White,M,72,69.8,92.7,124,34.3,35.5,34.3,124,35.5,123,45.8,46.9,34.3 / 124,35.5 / 123
8173,SC,Gold,M,72,67.7,89.7,119,33.5,34.2,33.5,121,34.2,116,44.7,45.0,33.5 / 121,34.2 / 116
8173,SC,Red,M,72,63.6,84.0,110,31.8,31.8,31.8,108,31.8,112,41.8,42.2,31.8 / 108,31.8 / 112
8173,SC,White,F,72,75.6,107.3,135,37.3,38.3,37.3,133,38.3,136,53.0,54.3,37.3 / 133,38.3 / 136
8173,SC,Gold,F,72,73.4,103.8,129,36.4,37.0,36.4,129,37.0,129,51.6,52.2,36.4 / 129,37.0 / 129
8173,SC,Red,F,72,69.0,95.7,113,34.6,34.4,34.6,114,34.4,112,48.1,47.6,34.6 / 114,34.4 / 112
8295,SC,Black,M,72,73.5,99.6,141,36.6,36.9,36.6,141,36.9,140,49.7,49.9,36.6 / 141,36.9 / 140
8295,SC,Blue,M,72,70.4,95.3,134,35.1,35.3,35.1,136,35.3,132,47.7,47.6,35.1 / 136,35.3 / 132
8295,SC,White,M,72,68.9,92.9,129,34.2,34.7,34.2,129,34.7,129,46.2,46.7,34.2 / 129,34.7 / 129
8295,SC,Gold,M,72,68.3,91.2,124,33.9,34.4,33.9,122,34.4,125,45.2,46.0,33.9 / 122,34.4 / 125
8295,SC,Red,M,72,64.9,85.2,110,32.4,32.5,32.4,107,32.5,112,42.3,42.9,32.4 / 107,32.5 / 112
8295,SC,Gold,F,72,73.9,105.3,133,36.7,37.2,36.7,135,37.2,131,52.6,52.7,36.7 / 135,37.2 / 131
8295,SC,Red,F,72,69.7,98.5,123,34.5,35.2,34.5,120,35.2,125,48.6,49.9,34.5 / 120,35.2 / 125
8294,SC,Blue,M,72,72.2,97.6,137,36.0,36.2,36.0,138,36.2,136,48.8,48.8,36.0 / 138,36.2 / 136
8294,SC,White,M,72,69.4,93.4,129,34.6,34.8,34.6,127,34.8,131,46.4,47.0,34.6 / 127,34.8 / 131
8294,SC,Gold,M,72,67.4,90.3,124,33.8,33.6,33.8,122,33.6,125,45.1,45.2,33.8 / 122,33.6 / 125
8294,SC,Red,M,72,64.2,83.5,104,32.2,32.0,32.2,104,32.0,103,41.9,41.6,32.2 / 104,32.0 / 103
8294,SC,Gold,F,72,73.5,104.5,132,36.8,36.7,36.8,132,36.7,131,52.4,52.1,36.8 / 132,36.7 / 131
8294,SC,Red,F,72,68.4,97.6,124,34.3,34.1,34.3,123,34.1,125,48.8,48.8,34.3 / 123,34.1 / 125
8231,SC,Blue,M,72,72.9,99.2,142,36.2,36.7,36.2,141,36.7,142,49.3,49.9,36.2 / 141,36.7 / 142
8231,SC,Gold,M,72,70.5,96.0,138,34.8,35.7,34.8,135,35.7,140,47.3,48.7,34.8 / 135,35.7 / 140
8231,SC,Silver,M,72,67.8,91.0,125,33.6,34.2,33.6,118,34.2,131,44.6,46.4,33.6 / 118,34.2 / 131
8231,SC,Red,M,72,64.4,84.7,110,31.7,32.7,31.7,107,32.7,112,41.6,43.1,31.7 / 107,32.7 / 112
8231,SC,Silver,F,72,73.0,104.2,133,36.0,37.0,36.0,128,37.0,137,51.1,53.1,36.0 / 128,37.0 / 137
8231,SC,Red,F,72,68.9,99.0,128,34.0,34.9,34.0,121,34.9,134,48.3,50.7,34.0 / 121,34.9 / 134
8231,SC,Green,F,72,66.1,94.3,120,33.2,32.9,33.2,119,32.9,120,47.2,47.1,33.2 / 119,32.9 / 120
8348,SC,Blue,M,71,68.6,91.9,125,36.3,32.3,36.3,133,32.3,117,48.7,43.2,36.3 / 133,32.3 / 117
8348,SC,White,M,71,67.3,90.1,123,35.6,31.7,35.6,131,31.7,114,47.8,42.3,35.6 / 131,31.7 / 114
8348,SC,Gold,M,71,64.0,83.6,106,33.5,30.5,33.5,115,30.5,96,44.2,39.4,33.5 / 115,30.5 / 96
8348,SC,Red,M,71,62.8,82.0,104,32.5,30.3,32.5,111,30.3,96,42.8,39.2,32.5 / 111,30.3 / 96
8348,SC,Blue,F,71,74.7,106.0,133,39.6,35.1,39.6,140,35.1,126,56.1,49.9,39.6 / 140,35.1 / 126
8348,SC,White,F,71,72.8,102.3,125,38.4,34.4,38.4,132,34.4,118,54.0,48.3,38.4 / 132,34.4 / 118
8348,SC,Gold,F,71,67.8,95.7,118,36.1,31.7,36.1,127,31.7,109,51.1,44.6,36.1 / 127,31.7 / 109
8348,SC,Red,F,71,65.8,92.8,115,34.4,31.4,34.4,120,31.4,109,48.6,44.2,34.4 / 120,31.4 / 109
33541,SC,Red,M,73,74.9,100.2,136,36.7,38.2,36.7,131,38.2,141,48.9,51.3,36.7 / 131,38.2 / 141
33541,SC,Red / White,M,73,72.9,97.6,133,35.8,37.1,35.8,130,37.1,136,47.9,49.7,35.8 / 130,37.1 / 136
33541,SC,White,M,73,71.8,95.7,129,35.4,36.4,35.4,126,36.4,131,47.1,48.6,35.4 / 126,36.4 / 131
33541,SC,White / Green,M,73,70.1,93.8,128,34.8,35.3,34.8,124,35.3,131,46.3,47.5,34.8 / 124,35.3 / 131
33541,SC,Green,M,73,68.4,91.9,127,33.8,34.6,33.8,123,34.6,130,45.2,46.7,33.8 / 123,34.6 / 130
33541,SC,Green / Blue,M,73,65.6,86.9,115,32.3,33.3,32.3,111,33.3,118,42.6,44.3,32.3 / 111,33.3 / 118
33541,SC,Blue,M,73,64.1,84.8,111,31.6,32.5,31.6,104,32.5,118,41.3,43.5,31.6 / 104,32.5 / 118
33541,SC,White,F,73,77.5,110.3,139,38.4,39.1,38.4,140,39.1,138,54.9,55.4,38.4 / 140,39.1 / 138
33541,SC,White / Green,F,73,75.8,107.7,136,37.7,38.1,37.7,136,38.1,135,53.7,54.0,37.7 / 136,38.1 / 135
33541,SC,Green,F,73,74.0,104.8,131,36.5,37.5,36.5,131,37.5,131,51.9,52.9,36.5 / 131,37.5 / 131
33541,SC,Green / Blue,F,73,70.6,98.8,120,34.5,36.1,34.5,119,36.1,120,48.5,50.3,34.5 / 119,36.1 / 120
33541,SC,Blue,F,73,68.8,96.2,117,33.5,35.3,33.5,113,35.3,120,46.8,49.4,33.5 / 113,35.3 / 120
36377,SC,Lumber,M,72,76.5,103.5,146,38.7,37.8,38.7,150,37.8,141,52.6,50.9,38.7 / 150,37.8 / 141
36377,SC,Blade,M,72,74.1,100.4,142,37.4,36.7,37.4,144,36.7,139,50.8,49.6,37.4 / 144,36.7 / 139
36377,SC,Blade / Mill,M,72,72.4,98.6,141,36.4,36.0,36.4,143,36.0,139,49.7,48.9,36.4 / 143,36.0 / 139
36377,SC,Mill,M,72,71.1,97.2,141,35.7,35.4,35.7,142,35.4,139,48.9,48.3,35.7 / 142,35.4 / 139
36377,SC,Mill / Stump,M,72,69.1,93.4,131,34.6,34.5,34.6,132,34.5,129,46.9,46.5,34.6 / 132,34.5 / 129
36377,SC,Stump,M,72,66.3,88.5,120,32.9,33.4,32.9,117,33.4,122,43.8,44.7,32.9 / 117,33.4 / 122
36377,SC,Mill,F,73,77.5,111.2,143,39.0,38.5,39.0,146,38.5,140,56.2,55.0,39.0 / 146,38.5 / 140
36377,SC,Mill / Stump,F,72,75.0,107.1,136,37.8,37.2,37.8,137,37.2,135,54.0,53.1,37.8 / 137,37.2 / 135
36377,SC,Stump,F,72,71.7,101.4,126,35.6,36.1,35.6,126,36.1,126,50.5,50.9,35.6 / 126,36.1 / 126
8169,SC,Gold,M,72,72.7,98.9,141,36.0,36.7,36.0,140,36.7,142,49.0,49.9,36.0 / 140,36.7 / 142
8169,SC,Blue,M,72,70.7,95.5,134,35.1,35.6,35.1,131,35.6,136,47.3,48.2,35.1 / 131,35.6 / 136
8169,SC,White,M,72,68.9,91.7,123,33.9,35.0,33.9,119,35.0,126,45.0,46.7,33.9 / 119,35.0 / 126
8169,SC,Green,M,72,64.9,85.6,112,32.6,32.3,32.6,110,32.3,113,42.8,42.8,32.6 / 110,32.3 / 113
8169,SC,Red,M,71,63.6,83.1,105,31.9,31.7,31.9,107,31.7,103,41.8,41.3,31.9 / 107,31.7 / 103
8169,SC,White,F,72,73.9,106.9,140,36.4,37.5,36.4,131,37.5,148,51.9,55.0,36.4 / 131,37.5 / 148
8169,SC,Green,F,72,69.7,98.4,122,35.1,34.6,35.1,121,34.6,122,49.4,49.0,35.1 / 121,34.6 / 122
8169,SC,Red,F,71,67.8,94.9,115,34.1,33.7,34.1,117,33.7,113,47.9,47.0,34.1 / 117,33.7 / 113
8100,SC,Palmer,M,72,74.5,102.6,152,37.1,37.4,37.1,152,37.4,151,51.2,51.4,37.1 / 152,37.4 / 151
8100,SC,Blue,M,72,72.9,99.8,145,36.2,36.7,36.2,145,36.7,144,49.7,50.1,36.2 / 145,36.7 / 144
8100,SC,Blue / Tabby,M,72,72.1,98.5,142,35.9,36.2,35.9,142,36.2,142,49.1,49.4,35.9 / 142,36.2 / 142
8100,SC,Tabby,M,72,70.8,96.4,138,35.3,35.5,35.3,137,35.5,139,48.0,48.4,35.3 / 137,35.5 / 139
8100,SC,White,M,72,68.9,93.6,133,34.7,34.2,34.7,130,34.2,136,46.8,46.8,34.7 / 130,34.2 / 136
8100,SC,White / Green,M,72,68.8,92.7,129,34.7,34.1,34.7,122,34.1,136,46.0,46.7,34.7 / 122,34.1 / 136
8100,SC,Green,M,72,68.1,91.7,127,34.3,33.8,34.3,121,33.8,133,45.5,46.2,34.3 / 121,33.8 / 133
8100,SC,Green / Gold,M,72,66.8,89.4,122,33.2,33.6,33.2,115,33.6,128,43.9,45.5,33.2 / 115,33.6 / 128
8100,SC,Gold,M,72,65.7,87.9,120,32.7,33.0,32.7,114,33.0,125,43.3,44.6,32.7 / 114,33.0 / 125
8100,SC,Gold / Lime,M,72,63.6,84.8,115,31.7,31.9,31.7,108,31.9,121,41.7,43.1,31.7 / 108,31.9 / 121
8100,SC,Lime,M,72,62.8,83.0,109,31.5,31.3,31.5,108,31.3,110,41.5,41.5,31.5 / 108,31.3 / 110
8100,SC,White,F,72,74.3,107.4,140,37.4,36.9,37.4,137,36.9,143,53.6,53.8,37.4 / 137,36.9 / 143
8100,SC,White / Green,F,72,73.4,106.1,139,36.9,36.5,36.9,135,36.5,142,52.8,53.3,36.9 / 135,36.5 / 142
8100,SC,Green,F,72,72.8,104.9,136,36.6,36.2,36.6,132,36.2,140,52.2,52.7,36.6 / 132,36.2 / 140
8100,SC,Green / Gold,F,72,71.0,102.5,134,35.2,35.8,35.2,129,35.8,138,50.4,52.1,35.2 / 129,35.8 / 138
8100,SC,Gold,F,72,69.9,100.7,131,34.8,35.1,34.8,127,35.1,134,49.8,50.9,34.8 / 127,35.1 / 134
8100,SC,Gold / Lime,F,72,67.5,96.4,123,33.3,34.2,33.3,123,34.2,122,47.8,48.6,33.3 / 123,34.2 / 122
8100,SC,Lime,F,72,66.5,93.6,115,33.0,33.5,33.0,117,33.5,113,46.8,46.8,33.0 / 117,33.5 / 113
8342,SC,Black,M,72,74.6,99.3,133,37.0,37.6,37.0,131,37.6,135,49.2,50.1,37.0 / 131,37.6 / 135
8342,SC,Blue,M,72,74.3,98.9,132,36.8,37.5,36.8,131,37.5,133,49.0,49.9,36.8 / 131,37.5 / 133
8342,SC,White,M,72,71.7,95.8,130,35.7,36.0,35.7,129,36.0,130,47.7,48.1,35.7 / 129,36.0 / 130
8342,SC,Gold,M,72,68.0,89.1,114,33.8,34.2,33.8,112,34.2,115,44.2,44.9,33.8 / 112,34.2 / 115
8342,SC,Red,M,72,65.3,85.7,110,32.6,32.7,32.6,107,32.7,113,42.5,43.2,32.6 / 107,32.7 / 113
8342,SC,White,F,72,77.3,109.2,136,38.6,38.7,38.6,135,38.7,136,54.5,54.7,38.6 / 135,38.7 / 136
8342,SC,Gold,F,72,72.8,102.4,126,36.2,36.6,36.2,125,36.6,126,50.9,51.5,36.2 / 125,36.6 / 126
8342,SC,Red,F,72,70.1,97.7,117,34.9,35.2,34.9,117,35.2,117,48.7,49.0,34.9 / 117,35.2 / 117
8254,SC,The Fox,M,72,74.7,102.6,151,37.0,37.7,37.0,152,37.7,149,51.1,51.5,37.0 / 152,37.7 / 149
8254,SC,Tee 1,M,72,72.3,99.4,146,36.1,36.2,36.1,143,36.2,149,49.4,50.0,36.1 / 143,36.2 / 149
8254,SC,Tee 1-2,M,72,70.7,96.8,141,35.6,35.1,35.6,141,35.1,140,48.7,48.1,35.6 / 141,35.1 / 140
8254,SC,Tee 2,M,72,69.4,94.1,133,34.8,34.6,34.8,133,34.6,132,47.2,46.9,34.8 / 133,34.6 / 132
8254,SC,Tee 2-3,M,72,67.7,91.0,126,34.1,33.6,34.1,128,33.6,123,46.0,45.0,34.1 / 128,33.6 / 123
8254,SC,Tee 3,M,72,66.4,88.2,117,33.2,33.2,33.2,118,33.2,116,44.2,44.0,33.2 / 118,33.2 / 116
8254,SC,Tee 3-4,M,72,64.5,85.7,114,32.7,31.8,32.7,116,31.8,112,43.5,42.2,32.7 / 116,31.8 / 112
8254,SC,Tee 4,M,72,63.2,83.8,111,31.7,31.5,31.7,112,31.5,110,42.1,41.7,31.7 / 112,31.5 / 110
8254,SC,Tee 1,F,72,79.2,114.6,151,39.6,39.6,39.6,148,39.6,153,57.0,57.6,39.6 / 148,39.6 / 153
8254,SC,Tee 1-2,F,72,77.6,112.1,147,39.0,38.6,39.0,145,38.6,148,56.1,56.0,39.0 / 145,38.6 / 148
8254,SC,Tee 2,F,72,76.0,109.7,143,38.1,37.9,38.1,141,37.9,145,54.7,55.0,38.1 / 141,37.9 / 145
8254,SC,Tee 2-3,F,72,73.7,105.7,136,37.2,36.5,37.2,136,36.5,136,53.2,52.5,37.2 / 136,36.5 / 136
8254,SC,Tee 3,F,72,71.7,102.5,131,35.9,35.8,35.9,130,35.8,131,51.2,51.3,35.9 / 130,35.8 / 131
8254,SC,Tee 3-4,F,72,69.4,98.3,123,35.3,34.1,35.3,126,34.1,120,50.1,48.2,35.3 / 126,34.1 / 120
8254,SC,Tee 4,F,72,67.3,94.8,117,33.7,33.6,33.7,117,33.6,116,47.5,47.3,33.7 / 117,33.6 / 116
20972,SC,Black,M,72,72.8,100.0,146,36.4,36.4,36.4,146,36.4,146,50.0,50.0,36.4 / 146,36.4 / 146
20972,SC,Blue,M,72,70.0,93.6,127,35.0,35.0,35.0,127,35.0,127,46.8,46.8,35.0 / 127,35.0 / 127
20972,SC,White,M,72,67.2,88.2,113,33.6,33.6,33.6,113,33.6,113,44.1,44.1,33.6 / 113,33.6 / 113
20972,SC,Red,M,72,64.6,84.4,107,32.3,32.3,32.3,107,32.3,107,42.2,42.2,32.3 / 107,32.3 / 107
20972,SC,White,F,72,72.0,102.2,128,36.0,36.0,36.0,128,36.0,128,51.1,51.1,36.0 / 128,36.0 / 128
20972,SC,Red,F,72,69.2,97.4,120,34.6,34.6,34.6,120,34.6,120,48.7,48.7,34.6 / 120,34.6 / 120
8110,SC,Championship,M,72,75.5,103.7,152,38.0,37.5,38.0,154,37.5,150,52.3,51.4,38.0 / 154,37.5 / 150
8110,SC,Black,M,72,73.7,101.0,147,37.2,36.5,37.2,150,36.5,144,51.1,49.9,37.2 / 150,36.5 / 144
8110,SC,Black / White,M,72,72.2,99.0,144,36.4,35.8,36.4,144,35.8,144,49.8,49.2,36.4 / 144,35.8 / 144
8110,SC,White,M,72,71.1,97.0,140,35.9,35.2,35.9,139,35.2,140,48.8,48.2,35.9 / 139,35.2 / 140
8110,SC,White / Green,M,72,70.1,95.5,137,35.2,34.9,35.2,133,34.9,140,47.6,47.9,35.2 / 133,34.9 / 140
8110,SC,Green,M,72,68.8,93.2,131,34.8,34.0,34.8,130,34.0,132,46.9,46.3,34.8 / 130,34.0 / 132
8110,SC,Blue,M,72,66.2,88.8,122,33.8,32.4,33.8,121,32.4,123,45.0,43.8,33.8 / 121,32.4 / 123
8110,SC,Burgundy,M,72,63.9,85.6,117,32.5,31.4,32.5,116,31.4,117,43.3,42.3,32.5 / 116,31.4 / 117
8110,SC,Family (Long),M,67,60.5,81.0,111,30.4,30.1,30.4,111,30.1,110,40.7,40.3,30.4 / 111,30.1 / 110
8110,SC,Family (Short),M,66,58.3,77.4,103,29.3,29.0,29.3,102,29.0,103,38.8,38.6,29.3 / 102,29.0 / 103
8110,SC,Black,F,72,80.0,115.7,151,40.5,39.5,40.5,154,39.5,148,58.7,57.0,40.5 / 154,39.5 / 148
8110,SC,Black / White,F,72,78.6,113.5,148,39.7,38.9,39.7,151,38.9,145,57.5,56.0,39.7 / 151,38.9 / 145
8110,SC,White,F,72,77.0,111.2,145,39.0,38.0,39.0,149,38.0,141,56.6,54.6,39.0 / 149,38.0 / 141
8110,SC,White / Green,F,72,75.8,109.4,143,38.1,37.7,38.1,145,37.7,140,55.2,54.2,38.1 / 145,37.7 / 140
8110,SC,Green,F,72,74.4,107.4,140,37.6,36.8,37.6,143,36.8,137,54.5,52.9,37.6 / 143,36.8 / 137
8110,SC,Blue,F,72,71.6,102.2,130,36.3,35.3,36.3,132,35.3,127,51.9,50.3,36.3 / 132,35.3 / 127
8110,SC,Burgundy,F,72,68.4,97.4,123,34.7,33.7,34.7,123,33.7,123,49.2,48.2,34.7 / 123,33.7 / 123
8110,SC,Family (Long),F,67,63.4,89.7,112,32.1,31.3,32.1,111,31.3,112,45.2,44.5,32.1 / 111,31.3 / 112
8110,SC,Family (Short),F,66,59.5,83.7,103,29.9,29.6,29.9,102,29.6,103,41.9,41.8,29.9 / 102,29.6 / 103
8058,SC,Orange,M,72,74.0,99.3,136,36.4,37.6,36.4,125,37.6,147,48.0,51.3,36.4 / 125,37.6 / 147
8058,SC,Blue,M,72,72.3,96.4,130,35.7,36.6,35.7,124,36.6,136,47.2,49.2,35.7 / 124,36.6 / 136
8058,SC,Blue / Black,M,72,71.5,95.5,130,35.2,36.3,35.2,124,36.3,135,46.7,48.8,35.2 / 124,36.3 / 135
8058,SC,Black,M,72,69.9,92.9,124,34.4,35.5,34.4,122,35.5,126,45.7,47.2,34.4 / 122,35.5 / 126
8058,SC,Gold,M,72,65.2,87.5,120,32.3,32.9,32.3,114,32.9,126,42.9,44.6,32.3 / 114,32.9 / 126
8058,SC,Red,M,72,62.6,83.8,114,31.0,31.6,31.0,109,31.6,119,41.1,42.7,31.0 / 109,31.6 / 119
8058,SC,Black,F,72,75.4,108.0,138,37.2,38.2,37.2,132,38.2,144,52.8,55.2,37.2 / 132,38.2 / 144
8058,SC,Gold,F,72,70.7,100.9,128,35.1,35.6,35.1,123,35.6,133,49.6,51.3,35.1 / 123,35.6 / 133
8058,SC,Red,F,72,66.7,94.4,117,33.0,33.7,33.0,114,33.7,120,46.5,47.9,33.0 / 114,33.7 / 120
8306,SC,Gold,M,72,73.7,98.0,131,36.6,37.1,36.6,135,37.1,127,49.1,48.9,36.6 / 135,37.1 / 127
8306,SC,Blue,M,72,72.4,96.4,129,35.8,36.6,35.8,133,36.6,125,48.2,48.2,35.8 / 133,36.6 / 125
8306,SC,White,M,72,70.6,93.6,124,35.0,35.6,35.0,123,35.6,125,46.4,47.2,35.0 / 123,35.6 / 125
8306,SC,Black,M,72,68.4,89.1,112,34.2,34.2,34.2,115,34.2,108,44.9,44.2,34.2 / 115,34.2 / 108
8306,SC,Green,M,72,67.3,87.7,110,33.4,33.9,33.4,114,33.9,105,44.0,43.7,33.4 / 114,33.9 / 105
8306,SC,White,F,72,76.1,107.2,132,37.9,38.2,37.9,132,38.2,131,53.5,53.7,37.9 / 132,38.2 / 131
8306,SC,Black,F,72,72.9,102.6,126,36.6,36.3,36.6,127,36.3,125,51.6,51.0,36.6 / 127,36.3 / 125
8306,SC,Green,F,72,71.6,101.0,125,35.8,35.8,35.8,126,35.8,124,50.6,50.4,35.8 / 126,35.8 / 124
36356,SC,Championship,M,71,72.5,96.9,132,35.3,37.2,35.3,123,37.2,140,46.7,50.2,35.3 / 123,37.2 / 140
36356,SC,1,M,71,71.3,95.3,130,34.9,36.4,34.9,121,36.4,138,46.1,49.2,34.9 / 121,36.4 / 138
36356,SC,1 & 2,M,71,70.4,94.1,128,34.7,35.7,34.7,121,35.7,135,45.9,48.2,34.7 / 121,35.7 / 135
36356,SC,2,M,71,69.0,92.6,127,33.9,35.1,33.9,121,35.1,133,45.1,47.5,33.9 / 121,35.1 / 133
36356,SC,2 & 3,M,71,67.8,90.7,123,33.4,34.4,33.4,118,34.4,128,44.4,46.3,33.4 / 118,34.4 / 128
36356,SC,3,M,71,66.7,88.7,119,32.6,34.1,32.6,113,34.1,124,43.1,45.6,32.6 / 113,34.1 / 124
36356,SC,3 & 4,M,71,63.9,84.9,113,31.5,32.4,31.5,110,32.4,116,41.7,43.2,31.5 / 110,32.4 / 116
36356,SC,4,M,71,62.6,83.1,111,30.9,31.7,30.9,107,31.7,114,40.8,42.3,30.9 / 107,31.7 / 114
36356,SC,1,F,72,77.0,109.7,139,37.5,39.5,37.5,132,39.5,145,53.1,56.6,37.5 / 132,39.5 / 145
36356,SC,1 & 2,F,71,76.1,108.3,137,37.4,38.7,37.4,131,38.7,142,52.9,55.4,37.4 / 131,38.7 / 142
36356,SC,2,F,71,74.7,106.0,133,36.5,38.2,36.5,126,38.2,139,51.4,54.6,36.5 / 126,38.2 / 139
36356,SC,2 & 3,F,71,73.4,104.1,131,36.0,37.4,36.0,124,37.4,137,50.6,53.5,36.0 / 124,37.4 / 137
36356,SC,3,F,71,71.8,101.8,128,34.9,36.9,34.9,120,36.9,135,49.0,52.8,34.9 / 120,36.9 / 135
36356,SC,3 & 4,F,71,68.1,96.0,119,33.4,34.7,33.4,117,34.7,120,47.2,48.8,33.4 / 117,34.7 / 120
36356,SC,4,F,71,66.0,92.6,113,32.3,33.7,32.3,109,33.7,116,45.2,47.4,32.3 / 109,33.7 / 116
34052,SC,Back,M,72,70.2,91.6,115,35.1,35.1,35.1,115,35.1,115,45.8,45.8,35.1 / 115,35.1 / 115
34052,SC,Middle,M,72,65.8,84.6,101,32.9,32.9,32.9,101,32.9,101,42.3,42.3,32.9 / 101,32.9 / 101
34052,SC,Front,M,72,61.8,79.2,94,30.9,30.9,30.9,94,30.9,94,39.6,39.6,30.9 / 94,30.9 / 94
34052,SC,Back,F,72,75.4,106.2,131,37.7,37.7,37.7,131,37.7,131,53.1,53.1,37.7 / 131,37.7 / 131
34052,SC,Middle,F,72,70.4,98.4,119,35.2,35.2,35.2,119,35.2,119,49.2,49.2,35.2 / 119,35.2 / 119
34052,SC,Front,F,72,65.2,89.6,103,32.6,32.6,32.6,103,32.6,103,44.8,44.8,32.6 / 103,32.6 / 103
34064,SC,Back,M,72,68.2,88.8,111,34.1,34.1,34.1,111,34.1,111,44.4,44.4,34.1 / 111,34.1 / 111
34064,SC,Middle,M,72,65.2,84.4,103,32.6,32.6,32.6,103,32.6,103,42.2,42.2,32.6 / 103,32.6 / 103
34064,SC,Front,M,72,62.6,80.2,95,31.3,31.3,31.3,95,31.3,95,40.1,40.1,31.3 / 95,31.3 / 95
34064,SC,Back,F,72,73.6,102.8,124,36.8,36.8,36.8,124,36.8,124,51.4,51.4,36.8 / 124,36.8 / 124
34064,SC,Middle,F,72,69.8,96.6,114,34.9,34.9,34.9,114,34.9,114,48.3,48.3,34.9 / 114,34.9 / 114
34064,SC,Front,F,72,65.6,90.0,103,32.8,32.8,32.8,103,32.8,103,45.0,45.0,32.8 / 103,32.8 / 103
8226,SC,Tabby Stones,M,72,75.4,101.5,141,37.7,37.7,37.7,136,37.7,145,50.3,51.2,37.7 / 136,37.7 / 145
8226,SC,1,M,72,72.7,98.0,136,36.6,36.1,36.6,132,36.1,140,48.9,49.1,36.6 / 132,36.1 / 140
8226,SC,1 / 2,M,72,71.5,96.6,135,36.0,35.5,36.0,132,35.5,138,48.3,48.3,36.0 / 132,35.5 / 138
8226,SC,2,M,72,70.5,94.9,131,35.6,34.9,35.6,129,34.9,133,47.6,47.3,35.6 / 129,34.9 / 133
8226,SC,2 / 3,M,72,68.8,92.7,129,34.9,33.9,34.9,129,33.9,128,46.9,45.8,34.9 / 129,33.9 / 128
8226,SC,3,M,72,67.0,90.2,125,34.2,32.8,34.2,126,32.8,124,45.9,44.3,34.2 / 126,32.8 / 124
8226,SC,3 / 4,M,72,65.6,87.9,120,33.0,32.6,33.0,121,32.6,119,44.2,43.7,33.0 / 121,32.6 / 119
8226,SC,4,M,72,64.6,86.8,120,32.6,32.0,32.6,121,32.0,118,43.8,43.0,32.6 / 121,32.0 / 118
8226,SC,2,F,72,76.2,109.5,142,38.5,37.7,38.5,142,37.7,141,55.2,54.3,38.5 / 142,37.7 / 141
8226,SC,2 / 3,F,72,74.3,106.7,138,37.7,36.6,37.7,138,36.6,137,54.0,52.7,37.7 / 138,36.6 / 137
8226,SC,3,F,72,72.5,104.0,134,37.0,35.5,37.0,136,35.5,131,53.0,51.0,37.0 / 136,35.5 / 131
8226,SC,3 / 4,F,72,70.6,101.3,130,35.5,35.1,35.5,128,35.1,132,50.6,50.7,35.5 / 128,35.1 / 132
8226,SC,4,F,72,69.4,99.1,126,35.2,34.2,35.2,122,34.2,130,49.6,49.5,35.2 / 122,34.2 / 130
8159,SC,Gold,M,70,74.2,101.0,145,37.1,37.1,37.1,138,37.1,151,49.9,51.1,37.1 / 138,37.1 / 151
8159,SC,Blue,M,70,72.5,98.8,142,36.3,36.2,36.3,135,36.2,149,48.8,50.0,36.3 / 135,36.2 / 149
8159,SC,White,M,70,71.0,96.2,136,35.7,35.3,35.7,132,35.3,139,48.0,48.2,35.7 / 132,35.3 / 139
8159,SC,Green,M,70,67.8,90.8,124,34.2,33.6,34.2,125,33.6,123,45.8,45.0,34.2 / 125,33.6 / 123
8159,SC,Red,M,70,65.6,87.6,118,32.8,32.8,32.8,118,32.8,118,43.8,43.8,32.8 / 118,32.8 / 118
8159,SC,Black,M,70,61.0,81.1,108,30.3,30.7,30.3,105,30.7,111,40.1,41.0,30.3 / 105,30.7 / 111
8159,SC,White,F,70,77.2,110.7,142,38.8,38.4,38.8,138,38.4,146,55.1,55.6,38.8 / 138,38.4 / 146
8159,SC,Green,F,70,73.0,104.4,134,36.8,36.2,36.8,130,36.2,137,52.1,52.3,36.8 / 130,36.2 / 137
8159,SC,Red,F,70,70.8,101.6,131,35.5,35.3,35.5,128,35.3,133,50.6,51.0,35.5 / 128,35.3 / 133
8159,SC,Black,F,70,64.2,91.6,116,31.8,32.4,31.8,112,32.4,120,45.0,46.6,31.8 / 112,32.4 / 120
8160,SC,Blue,M,72,73.5,99.3,139,36.7,36.8,36.7,138,36.8,140,49.5,49.8,36.7 / 138,36.8 / 140
8160,SC,Blue / White,M,72,72.4,97.5,135,36.1,36.3,36.1,138,36.3,132,48.9,48.6,36.1 / 138,36.3 / 132
8160,SC,White,M,72,71.5,95.1,127,35.8,35.7,35.8,129,35.7,125,47.8,47.3,35.8 / 129,35.7 / 125
8160,SC,White / Gold,M,72,68.7,91.9,125,34.6,34.1,34.6,126,34.1,124,46.3,45.6,34.6 / 126,34.1 / 124
8160,SC,Gold,M,72,67.6,89.1,116,33.9,33.7,33.9,116,33.7,115,44.7,44.4,33.9 / 116,33.7 / 115
8160,SC,Green,M,72,66.5,87.7,114,33.4,33.1,33.4,114,33.1,114,44.0,43.7,33.4 / 114,33.1 / 114
8160,SC,White,F,72,77.0,109.7,139,38.4,38.6,38.4,140,38.6,137,54.9,54.8,38.4 / 140,38.6 / 137
8160,SC,White / Gold,F,72,73.9,104.9,132,37.0,36.9,37.0,133,36.9,130,52.7,52.2,37.0 / 133,36.9 / 130
8160,SC,Gold,F,72,72.1,102.3,128,36.0,36.1,36.0,130,36.1,126,51.3,51.0,36.0 / 130,36.1 / 126
8160,SC,Green,F,72,71.0,99.9,123,35.6,35.4,35.6,121,35.4,124,49.9,50.0,35.6 / 121,35.4 / 124
8158,SC,Gold,M,72,74.8,100.9,141,37.4,37.4,37.4,139,37.4,142,50.3,50.6,37.4 / 139,37.4 / 142
8158,SC,Blue,M,72,72.8,98.2,137,36.4,36.4,36.4,136,36.4,138,49.0,49.2,36.4 / 136,36.4 / 138
8158,SC,White,M,72,70.6,95.2,132,35.3,35.3,35.3,131,35.3,133,47.5,47.7,35.3 / 131,35.3 / 133
8158,SC,Green,M,72,68.0,90.7,123,33.8,34.2,33.8,121,34.2,124,45.0,45.7,33.8 / 121,34.2 / 124
8158,SC,Red,M,72,65.1,86.3,114,32.5,32.6,32.5,114,32.6,114,43.1,43.2,32.5 / 114,32.6 / 114
8158,SC,White,F,72,76.4,109.9,142,38.2,38.2,38.2,143,38.2,141,55.1,54.8,38.2 / 143,38.2 / 141
8158,SC,Green,F,72,73.6,105.6,136,36.7,36.9,36.7,137,36.9,135,52.8,52.8,36.7 / 137,36.9 / 135
8158,SC,Red,F,72,70.1,99.3,124,35.0,35.1,35.0,124,35.1,124,49.6,49.7,35.0 / 124,35.1 / 124
8207,SC,Tournament,M,71,73.8,100.7,145,37.2,36.6,37.2,137,36.6,153,49.9,50.8,37.2 / 137,36.6 / 153
8207,SC,Red,M,71,72.6,98.0,137,36.6,36.0,36.6,132,36.0,141,48.9,49.1,36.6 / 132,36.0 / 141
8207,SC,Red & White,M,71,71.9,97.0,135,36.1,35.8,36.1,131,35.8,139,48.3,48.7,36.1 / 131,35.8 / 139
8207,SC,White,M,71,70.7,95.1,131,35.4,35.3,35.4,131,35.3,131,47.6,47.5,35.4 / 131,35.3 / 131
8207,SC,White & Gold,M,71,69.1,93.2,130,34.2,34.9,34.2,129,34.9,130,46.2,47.0,34.2 / 129,34.9 / 130
8207,SC,Gold,M,71,67.3,89.7,121,33.3,34.0,33.3,124,34.0,117,44.8,44.9,33.3 / 124,34.0 / 117
8207,SC,Blue,M,71,65.8,87.4,117,32.5,33.3,32.5,123,33.3,110,43.9,43.5,32.5 / 123,33.3 / 110
8207,SC,White,F,71,76.6,110.4,143,38.3,38.3,38.3,138,38.3,148,54.6,55.8,38.3 / 138,38.3 / 148
8207,SC,Gold,F,71,72.5,104.1,134,36.1,36.4,36.1,128,36.4,140,51.2,52.9,36.1 / 128,36.4 / 140
8207,SC,Blue,F,71,70.6,101.1,130,35.2,35.4,35.2,126,35.4,133,50.0,51.1,35.2 / 126,35.4 / 133
8332,SC,Gold,M,72,74.6,100.7,141,37.7,36.9,37.7,142,36.9,139,50.9,49.8,37.7 / 142,36.9 / 139
8332,SC,Blue,M,72,72.2,97.4,136,36.2,36.0,36.2,136,36.0,136,48.8,48.6,36.2 / 136,36.0 / 136
8332,SC,White,M,72,70.1,94.5,131,35.0,35.1,35.0,131,35.1,131,47.2,47.3,35.0 / 131,35.1 / 131
8332,SC,Black,M,72,68.7,91.8,125,34.3,34.4,34.3,121,34.4,128,45.5,46.3,34.3 / 121,34.4 / 128
8332,SC,Palmetto,M,72,67.3,89.7,121,33.6,33.7,33.6,122,33.7,119,44.9,44.8,33.6 / 122,33.7 / 119
8332,SC,Green,M,72,66.4,87.9,116,33.4,33.0,33.4,119,33.0,112,44.5,43.4,33.4 / 119,33.0 / 112
8332,SC,Green / Orange,M,72,63.3,83.7,110,31.8,31.5,31.8,112,31.5,108,42.2,41.5,31.8 / 112,31.5 / 108
8332,SC,Orange,M,72,62.6,82.9,110,31.7,30.9,31.7,112,30.9,107,42.1,40.8,31.7 / 112,30.9 / 107
8332,SC,White,F,72,75.7,109.6,144,37.9,37.8,37.9,142,37.8,146,54.6,55.0,37.9 / 142,37.8 / 146
8332,SC,Black,F,72,73.9,107.1,141,36.9,37.0,36.9,138,37.0,143,53.2,53.9,36.9 / 138,37.0 / 143
8332,SC,Palmetto,F,72,72.6,104.0,134,36.4,36.2,36.4,131,36.2,137,51.7,52.3,36.4 / 131,36.2 / 137
8332,SC,Green,F,72,71.8,102.4,130,36.2,35.6,36.2,131,35.6,129,51.6,50.8,36.2 / 131,35.6 / 129
8332,SC,Green / Orange,F,72,67.5,96.1,122,33.9,33.6,33.9,123,33.6,120,48.4,47.7,33.9 / 123,33.6 / 120
8332,SC,Orange,F,72,66.0,93.6,117,33.5,32.5,33.5,123,32.5,111,48.0,45.6,33.5 / 123,32.5 / 111
8333,SC,Gold,M,72,74.3,101.6,147,37.2,37.1,37.2,145,37.1,149,50.7,50.9,37.2 / 145,37.1 / 149
8333,SC,Blue,M,72,72.9,99.0,141,36.5,36.4,36.5,141,36.4,140,49.6,49.4,36.5 / 141,36.4 / 140
8333,SC,White,M,72,71.7,97.0,137,35.9,35.8,35.9,137,35.8,136,48.6,48.4,35.9 / 137,35.8 / 136
8333,SC,Black,M,72,69.0,92.3,125,34.5,34.5,34.5,117,34.5,133,45.4,46.9,34.5 / 117,34.5 / 133
8333,SC,Palmetto,M,72,66.8,88.9,119,33.4,33.4,33.4,114,33.4,124,44.0,44.9,33.4 / 114,33.4 / 124
8333,SC,Green,M,72,65.7,87.1,116,33.0,32.7,33.0,109,32.7,122,43.1,44.0,33.0 / 109,32.7 / 122
8333,SC,Green / Orange,M,72,63.9,84.6,111,31.9,32.0,31.9,104,32.0,118,41.6,43.0,31.9 / 104,32.0 / 118
8333,SC,Orange,M,72,63.0,83.3,109,31.7,31.3,31.7,104,31.3,114,41.4,41.9,31.7 / 104,31.3 / 114
8333,SC,White,F,72,78.1,112.0,144,39.1,39.0,39.1,142,39.0,145,55.9,56.1,39.1 / 142,39.0 / 145
8333,SC,Black,F,72,74.6,106.8,137,37.1,37.5,37.1,134,37.5,139,52.9,53.9,37.1 / 134,37.5 / 139
8333,SC,Palmetto,F,72,72.3,102.2,127,36.0,36.3,36.0,125,36.3,129,50.7,51.5,36.0 / 125,36.3 / 129
8333,SC,Green,F,72,71.1,100.1,123,35.4,35.7,35.4,121,35.7,125,49.7,50.4,35.4 / 121,35.7 / 125
8333,SC,Green / Orange,F,72,68.4,96.5,119,33.9,34.5,33.9,114,34.5,124,47.4,49.1,33.9 / 114,34.5 / 124
8333,SC,Orange,F,72,66.4,93.5,115,33.3,33.1,33.3,114,33.1,116,46.7,46.8,33.3 / 114,33.1 / 116
8349,SC,Blue,M,72,70.3,94.7,131,34.9,35.4,34.9,130,35.4,132,47.0,47.7,34.9 / 130,35.4 / 132
8349,SC,White,M,72,68.2,92.1,129,33.7,34.5,33.7,128,34.5,129,45.6,46.5,33.7 / 128,34.5 / 129
8349,SC,Gold,M,72,66.0,88.6,122,32.8,33.2,32.8,118,33.2,125,43.8,44.8,32.8 / 118,33.2 / 125
8349,SC,Red,M,72,64.0,85.8,118,31.9,32.1,31.9,114,32.1,121,42.5,43.3,31.9 / 114,32.1 / 121
8349,SC,Blue,F,72,76.7,110.1,142,38.1,38.6,38.1,136,38.6,148,54.1,56.0,38.1 / 136,38.6 / 148
8349,SC,White,F,72,73.7,106.0,137,36.3,37.4,36.3,136,37.4,138,52.3,53.7,36.3 / 136,37.4 / 138
8349,SC,Gold,F,72,71.2,101.5,129,35.3,35.9,35.3,130,35.9,127,50.6,50.9,35.3 / 130,35.9 / 127
8349,SC,Red,F,72,68.5,96.9,121,34.1,34.4,34.1,120,34.4,121,48.2,48.7,34.1 / 120,34.4 / 121
8216,SC,Championship,M,72,73.9,100.1,141,36.3,37.6,36.3,145,37.6,137,49.8,50.3,36.3 / 145,37.6 / 137
8216,SC,Blue,M,72,72.0,97.5,137,35.4,36.6,35.4,142,36.6,132,48.6,48.9,35.4 / 142,36.6 / 132
8216,SC,Blue / White,M,72,70.6,94.9,131,34.7,35.9,34.7,132,35.9,129,47.0,47.9,34.7 / 132,35.9 / 129
8216,SC,White,M,72,69.6,93.4,128,34.2,35.4,34.2,129,35.4,127,46.2,47.2,34.2 / 129,35.4 / 127
8216,SC,White / Gold,M,72,68.3,91.0,123,33.7,34.6,33.7,121,34.6,124,44.9,46.1,33.7 / 121,34.6 / 124
8216,SC,Gold,M,72,67.8,90.3,121,33.4,34.4,33.4,119,34.4,123,44.5,45.8,33.4 / 119,34.4 / 123
8216,SC,Red,M,72,64.9,86.3,116,31.9,33.0,31.9,108,33.0,123,41.9,44.4,31.9 / 108,33.0 / 123
8216,SC,Forward,M,72,62.5,82.9,110,30.8,31.7,30.8,102,31.7,117,40.3,42.6,30.8 / 102,31.7 / 117
8216,SC,White,F,72,75.5,108.0,138,36.9,38.6,36.9,137,38.6,139,53.0,55.0,36.9 / 137,38.6 / 139
8216,SC,Gold,F,72,73.0,104.2,132,35.8,37.2,35.8,131,37.2,133,51.3,52.9,35.8 / 131,37.2 / 133
8216,SC,Red,F,72,70.0,98.0,119,34.2,35.8,34.2,120,35.8,118,48.3,49.7,34.2 / 120,35.8 / 118
8216,SC,Forward,F,72,66.4,92.7,112,32.6,33.8,32.6,109,33.8,114,45.5,47.2,32.6 / 109,33.8 / 114
8283,SC,Blue,M,72,74.1,99.4,137,37.3,36.8,37.3,135,36.8,138,49.8,49.6,37.3 / 135,36.8 / 138
8283,SC,Blue / White,M,72,72.6,97.0,131,36.4,36.2,36.4,131,36.2,131,48.6,48.4,36.4 / 131,36.2 / 131
8283,SC,White,M,72,71.3,95.2,129,35.8,35.5,35.8,126,35.5,131,47.5,47.7,35.8 / 126,35.5 / 131
8283,SC,White / Gold,M,72,69.6,92.6,124,34.8,34.8,34.8,125,34.8,123,46.4,46.2,34.8 / 125,34.8 / 123
8283,SC,Gold,M,72,68.4,91.0,122,34.3,34.1,34.3,122,34.1,122,45.6,45.4,34.3 / 122,34.1 / 122
8283,SC,Red,M,72,67.2,89.0,117,33.7,33.5,33.7,116,33.5,118,44.5,44.5,33.7 / 116,33.5 / 118
8283,SC,Gold,F,72,74.3,105.2,131,37.2,37.1,37.2,131,37.1,131,52.6,52.6,37.2 / 131,37.1 / 131
8283,SC,Red,F,72,72.7,102.3,126,36.4,36.3,36.4,127,36.3,124,51.4,50.9,36.4 / 127,36.3 / 124
8268,SC,Golden Bear,M,72,74.1,100.8,144,37.2,36.9,37.2,141,36.9,146,50.3,50.5,37.2 / 141,36.9 / 146
8268,SC,Green Winged Teal,M,72,72.3,98.2,140,36.2,36.1,36.2,136,36.1,143,48.8,49.4,36.2 / 136,36.1 / 143
8268,SC,Redtail Hawk,M,72,70.6,95.3,133,35.4,35.2,35.4,130,35.2,136,47.5,47.8,35.4 / 130,35.2 / 136
8268,SC,Interclub,M,72,69.8,94.0,130,35.0,34.8,35.0,130,34.8,130,47.1,46.9,35.0 / 130,34.8 / 130
8268,SC,White Egret,M,72,68.1,90.4,120,34.3,33.8,34.3,123,33.8,117,45.7,44.7,34.3 / 123,33.8 / 117
8268,SC,Interclub 2,M,72,66.6,88.4,117,33.3,33.3,33.3,117,33.3,117,44.2,44.2,33.3 / 117,33.3 / 117
8268,SC,Yellow Finch,M,72,65.3,86.1,112,33.0,32.3,33.0,112,32.3,112,43.4,42.7,33.0 / 112,32.3 / 112
8268,SC,Interclub 3,M,72,63.1,83.1,108,31.6,31.5,31.6,107,31.5,109,41.5,41.6,31.6 / 107,31.5 / 109
8268,SC,Blue Heron,M,72,62.2,81.8,106,31.1,31.1,31.1,103,31.1,108,40.7,41.1,31.1 / 103,31.1 / 108
8268,SC,White Egret,F,72,73.0,104.0,132,37.0,36.0,37.0,131,36.0,132,52.4,51.6,37.0 / 131,36.0 / 132
8268,SC,Interclub 2,F,72,71.1,100.6,125,35.6,35.5,35.6,124,35.5,126,50.2,50.4,35.6 / 124,35.5 / 126
8268,SC,Yellow Finch,F,72,69.5,97.8,120,35.2,34.3,35.2,120,34.3,120,49.3,48.5,35.2 / 120,34.3 / 120
8268,SC,Interclub 3,F,72,66.3,93.7,117,33.3,33.0,33.3,114,33.0,119,46.7,47.0,33.3 / 114,33.0 / 119
8268,SC,Blue Heron,F,72,64.5,89.9,108,32.1,32.4,32.1,106,32.4,109,44.6,45.3,32.1 / 106,32.4 / 109
8327,SC,Blue,M,71,71.2,95.5,131,35.9,35.3,35.9,132,35.3,129,48.2,47.3,35.9 / 132,35.3 / 129
8327,SC,White,M,71,68.6,91.3,123,34.6,34.0,34.6,124,34.0,121,46.1,45.2,34.6 / 124,34.0 / 121
8327,SC,Black,M,71,66.9,88.3,115,33.8,33.1,33.8,116,33.1,114,44.6,43.7,33.8 / 116,33.1 / 114
8327,SC,Red,M,71,63.6,84.3,112,32.3,31.3,32.3,110,31.3,113,42.5,41.8,32.3 / 110,31.3 / 113
8327,SC,Family,M,65,58.7,77.5,101,29.2,29.5,29.2,101,29.5,101,38.6,38.9,29.2 / 101,29.5 / 101
8327,SC,Black,F,71,71.2,100.6,125,35.8,35.4,35.8,131,35.4,119,51.2,49.4,35.8 / 131,35.4 / 119
8327,SC,Red,F,71,67.8,94.6,114,34.4,33.4,34.4,117,33.4,110,48.2,46.4,34.4 / 117,33.4 / 110
8327,SC,Family,F,65,60.1,84.4,103,30.1,30.0,30.1,105,30.0,101,42.5,41.9,30.1 / 105,30.0 / 101
34741,SC,Blue,M,71,71.8,96.3,132,36.5,35.3,36.5,135,35.3,129,49.0,47.3,36.5 / 135,35.3 / 129
34741,SC,White,M,71,69.5,93.1,127,35.5,34.0,35.5,133,34.0,121,47.9,45.2,35.5 / 133,34.0 / 121
34741,SC,Black,M,71,66.7,88.9,120,33.6,33.1,33.6,125,33.1,114,45.2,43.7,33.6 / 125,33.1 / 114
34741,SC,Red,M,71,64.1,85.4,115,32.8,31.3,32.8,116,31.3,113,43.6,41.8,32.8 / 116,31.3 / 113
34741,SC,Family,M,65,59.1,78.4,104,29.6,29.5,29.6,107,29.5,101,39.5,38.9,29.6 / 107,29.5 / 101
34741,SC,Black,F,71,71.9,101.7,127,36.5,35.4,36.5,134,35.4,119,52.3,49.4,36.5 / 134,35.4 / 119
34741,SC,Red,F,71,68.9,97.0,119,35.5,33.4,35.5,128,33.4,110,50.6,46.4,35.5 / 128,33.4 / 110
34741,SC,Family,F,66,60.7,85.7,106,30.7,30.0,30.7,111,30.0,101,43.8,41.9,30.7 / 111,30.0 / 101
30947,SC,Blue,M,72,72.4,97.2,134,35.9,36.5,35.9,132,36.5,135,48.2,49.0,35.9 / 132,36.5 / 135
30947,SC,White,M,72,70.1,94.0,129,34.6,35.5,34.6,124,35.5,133,46.1,47.9,34.6 / 124,35.5 / 133
30947,SC,Black,M,72,67.4,89.8,121,33.8,33.6,33.8,116,33.6,125,44.6,45.2,33.8 / 116,33.6 / 125
30947,SC,Red,M,72,65.1,86.1,113,32.3,32.8,32.3,110,32.8,116,42.5,43.6,32.3 / 110,32.8 / 116
30947,SC,Family,M,66,58.8,78.1,104,29.2,29.6,29.2,101,29.6,107,38.6,39.5,29.2 / 101,29.6 / 107
30947,SC,Black,F,72,72.3,103.5,133,35.8,36.5,35.8,131,36.5,134,51.2,52.3,35.8 / 131,36.5 / 134
30947,SC,Red,F,72,69.9,98.8,123,34.4,35.5,34.4,117,35.5,128,48.2,50.6,34.4 / 117,35.5 / 128
30947,SC,Family,F,67,60.8,86.3,108,30.1,30.7,30.1,105,30.7,111,42.5,43.8,30.1 / 105,30.7 / 111
8329,SC,Blue,M,72,73.2,96.7,127,35.9,37.3,35.9,122,37.3,131,47.2,49.5,35.9 / 122,37.3 / 131
8329,SC,White,M,72,71.1,94.0,123,35.0,36.1,35.0,119,36.1,127,46.1,47.9,35.0 / 119,36.1 / 127
8329,SC,Gold,M,72,68.7,90.7,119,34.0,34.7,34.0,114,34.7,123,44.6,46.1,34.0 / 114,34.7 / 123
8329,SC,Black,M,72,67.2,89.0,118,33.4,33.8,33.4,113,33.8,122,43.9,45.1,33.4 / 113,33.8 / 122
8329,SC,Red,M,72,64.5,84.6,108,32.1,32.4,32.1,105,32.4,111,41.9,42.7,32.1 / 105,32.4 / 111
8329,SC,Red,F,72,69.5,96.4,114,34.5,35.0,34.5,119,35.0,109,48.5,47.9,34.5 / 119,35.0 / 109
32226,SC,Blue / Orange,M,71,67.3,89.9,122,33.7,33.6,33.7,124,33.6,119,45.2,44.7,33.7 / 124,33.6 / 119
32226,SC,Blue,M,35,33.7,45.2,124,33.7,,33.7,124,,,45.2,,33.7 / 124,/
32226,SC,Orange,M,36,33.6,44.7,119,33.6,,33.6,119,,,44.7,,33.6 / 119,/
32226,SC,Yellow,M,34,31.6,41.0,101,31.6,,31.6,101,,,41.0,,31.6 / 101,/
32226,SC,Blue / Orange,F,71,72.5,104.8,137,36.5,36.0,36.5,137,36.0,137,52.6,52.2,36.5 / 137,36.0 / 137
32226,SC,Blue,F,35,36.5,52.6,137,36.5,,36.5,137,,,52.6,,36.5 / 137,/
32226,SC,Orange,F,36,36.0,52.3,137,36.0,,36.0,137,,,52.3,,36.0 / 137,/
32226,SC,Yellow,F,35,33.4,48.0,124,33.4,,33.4,124,,,48.0,,33.4 / 124,/
8369,SC,Blue,M,72,69.4,91.2,117,35.0,34.4,35.0,119,34.4,115,46.1,45.1,35.0 / 119,34.4 / 115
8369,SC,White,M,72,67.2,88.2,113,34.1,33.1,34.1,117,33.1,109,45.0,43.2,34.1 / 117,33.1 / 109
8369,SC,Gold,M,72,64.9,84.5,106,33.1,31.8,33.1,110,31.8,101,43.3,41.2,33.1 / 110,31.8 / 101
8369,SC,Red,M,72,62.3,80.6,99,31.3,31.0,31.3,97,31.0,100,40.3,40.3,31.3 / 97,31.0 / 100
8369,SC,Red,F,72,66.5,91.7,107,33.5,33.0,33.5,107,33.0,107,46.1,45.6,33.5 / 107,33.0 / 107
8145,SC,Blue,M,70,69.5,92.2,122,35.5,34.0,35.5,127,34.0,117,47.3,44.9,35.5 / 127,34.0 / 117
8145,SC,White,M,70,67.7,89.3,116,35.0,32.7,35.0,117,32.7,115,45.9,43.4,35.0 / 117,32.7 / 115
8145,SC,Gold,M,70,65.2,86.7,116,33.2,32.0,33.2,116,32.0,115,44.0,42.7,33.2 / 116,32.0 / 115
8145,SC,Red,M,70,63.1,83.7,111,32.0,31.1,32.0,111,31.1,111,42.3,41.4,32.0 / 111,31.1 / 111
8145,SC,Gold,F,70,69.7,98.6,123,35.6,34.1,35.6,128,34.1,117,50.7,47.9,35.6 / 128,34.1 / 117
8145,SC,Red,F,70,66.8,94.3,117,34.2,32.6,34.2,123,32.6,110,48.7,45.6,34.2 / 123,32.6 / 110
8145,SC,Orange,F,70,61.9,86.8,106,31.4,30.5,31.4,110,30.5,101,44.4,42.4,31.4 / 110,30.5 / 101
8120,SC,Tee #6,M,70,72.8,99.1,142,36.2,36.6,36.2,137,36.6,146,48.9,50.2,36.2 / 137,36.6 / 146
8120,SC,Tee #5,M,70,71.1,96.5,137,35.3,35.8,35.3,130,35.8,143,47.4,49.1,35.3 / 130,35.8 / 143
8120,SC,Tee #4,M,70,69.6,94.3,133,34.5,35.1,34.5,128,35.1,138,46.4,47.9,34.5 / 128,35.1 / 138
8120,SC,Tee #3,M,70,66.9,90.2,126,33.3,33.6,33.3,123,33.6,128,44.7,45.5,33.3 / 123,33.6 / 128
8120,SC,Tee #2,M,70,63.8,84.0,109,31.4,32.4,31.4,105,32.4,112,41.2,42.8,31.4 / 105,32.4 / 112
8120,SC,Tee #1,M,70,60.9,79.9,102,30.2,30.7,30.2,99,30.7,105,39.4,40.5,30.2 / 99,30.7 / 105
8120,SC,Tee #5,F,70,77.4,111.1,143,38.3,39.1,38.3,139,39.1,147,54.7,56.4,38.3 / 139,39.1 / 147
8120,SC,Tee #4,F,70,75.6,108.5,140,37.4,38.2,37.4,135,38.2,144,53.3,55.2,37.4 / 135,38.2 / 144
8120,SC,Tee #3,F,70,72.7,104.1,134,36.1,36.6,36.1,130,36.6,137,51.4,52.7,36.1 / 130,36.6 / 137
8120,SC,Tee # 2,F,70,68.5,97.7,124,33.9,34.6,33.9,120,34.6,128,48.0,49.7,33.9 / 120,34.6 / 128
8120,SC,Tee #1,F,70,63.7,89.0,108,31.4,32.3,31.4,108,32.3,107,44.1,44.9,31.4 / 108,32.3 / 107
8076,SC,Blue,M,72,73.5,99.5,140,36.5,37.0,36.5,133,37.0,146,48.9,50.6,36.5 / 133,37.0 / 146
8076,SC,White,M,72,71.4,96.2,134,35.6,35.8,35.6,127,35.8,140,47.4,48.8,35.6 / 127,35.8 / 140
8076,SC,Gold,M,72,69.5,93.3,129,34.9,34.6,34.9,122,34.6,135,46.2,47.1,34.9 / 122,34.6 / 135
8076,SC,Black,M,72,66.2,87.6,115,32.9,33.3,32.9,112,33.3,118,43.3,44.3,32.9 / 112,33.3 / 118
8076,SC,Red,M,72,66.0,87.4,115,32.7,33.3,32.7,112,33.3,118,43.1,44.3,32.7 / 112,33.3 / 118
8076,SC,Green,M,72,61.8,81.5,106,31.2,30.6,31.2,105,30.6,107,41.0,40.5,31.2 / 105,30.6 / 107
8076,SC,Black,F,72,71.7,102.1,129,35.7,36.0,35.7,126,36.0,132,50.5,51.6,35.7 / 126,36.0 / 132
8076,SC,Red,F,72,71.5,101.9,129,35.5,36.0,35.5,126,36.0,132,50.3,51.6,35.5 / 126,36.0 / 132
8076,SC,Green,F,72,66.6,92.3,109,33.5,33.1,33.5,110,33.1,108,46.5,45.8,33.5 / 110,33.1 / 108
8240,SC,Blue,M,71,72.0,97.3,136,35.4,36.6,35.4,129,36.6,143,47.4,49.9,35.4 / 129,36.6 / 143
8240,SC,White,M,71,69.9,94.0,130,34.2,35.7,34.2,124,35.7,136,45.7,48.3,34.2 / 124,35.7 / 136
8240,SC,Forward Gold,M,71,65.9,87.3,116,32.6,33.3,32.6,110,33.3,121,42.8,44.5,32.6 / 110,33.3 / 121
8240,SC,Front Gold,M,70,64.7,85.5,112,31.9,32.8,31.9,104,32.8,119,41.6,43.9,31.9 / 104,32.8 / 119
8240,SC,Red,F,72,67.6,95.9,120,32.9,34.7,32.9,114,34.7,126,46.3,49.6,32.9 / 114,34.7 / 126
8253,SC,Blue,M,70,69.4,93.8,131,34.4,35.0,34.4,132,35.0,130,46.7,47.1,34.4 / 132,35.0 / 130
8253,SC,White,M,70,68.2,91.4,125,33.8,34.4,33.8,125,34.4,125,45.4,46.0,33.8 / 125,34.4 / 125
8253,SC,Green,M,70,65.6,86.4,112,32.6,33.0,32.6,108,33.0,116,42.6,43.8,32.6 / 108,33.0 / 116
8253,SC,Green / Gold,M,70,64.7,85.0,109,32.2,32.5,32.2,105,32.5,113,42.0,43.0,32.2 / 105,32.5 / 113
8253,SC,Gold,M,70,63.7,83.7,108,31.6,32.1,31.6,103,32.1,112,41.2,42.5,31.6 / 103,32.1 / 112
8253,SC,Blue,F,70,75.5,111.6,153,37.4,38.1,37.4,153,38.1,153,55.4,56.2,37.4 / 153,38.1 / 153
8253,SC,White,F,70,73.1,106.7,143,36.2,36.9,36.2,140,36.9,145,52.7,54.0,36.2 / 140,36.9 / 145
8253,SC,Green,F,70,70.1,100.5,129,34.7,35.4,34.7,125,35.4,133,49.4,51.1,34.7 / 125,35.4 / 133
8253,SC,Green / Gold,F,70,69.1,97.7,122,34.1,35.0,34.1,119,35.0,124,48.1,49.6,34.1 / 119,35.0 / 124
8253,SC,Gold,F,70,67.7,95.3,117,33.3,34.4,33.3,113,34.4,121,46.6,48.7,33.3 / 113,34.4 / 121
8228,SC,Black,M,72,72.2,96.7,132,35.9,36.3,35.9,126,36.3,138,47.6,49.1,35.9 / 126,36.3 / 138
8228,SC,Blue,M,72,69.5,92.3,123,34.7,34.8,34.7,117,34.8,128,45.6,46.7,34.7 / 117,34.8 / 128
8228,SC,White,M,72,67.8,89.9,119,33.8,34.0,33.8,117,34.0,121,44.7,45.2,33.8 / 117,34.0 / 121
8228,SC,Gold,M,72,64.5,84.3,107,32.2,32.3,32.2,105,32.3,108,42.0,42.3,32.2 / 105,32.3 / 108
8228,SC,White,F,72,72.1,101.2,124,35.9,36.2,35.9,119,36.2,128,49.9,51.3,35.9 / 119,36.2 / 128
8228,SC,Gold,F,72,68.7,95.2,112,34.2,34.5,34.2,109,34.5,115,47.1,48.1,34.2 / 109,34.5 / 115
21255,SC,Blue,M,72,72.5,96.8,131,35.4,37.1,35.4,126,37.1,136,47.1,49.7,35.4 / 126,37.1 / 136
21255,SC,White,M,72,70.7,94.5,128,34.6,36.1,34.6,125,36.1,131,46.2,48.3,34.6 / 125,36.1 / 131
21255,SC,Gold,M,72,67.5,89.2,117,32.8,34.7,32.8,109,34.7,125,42.9,46.3,32.8 / 109,34.7 / 125
21255,SC,Green,M,72,64.6,84.5,107,31.6,33.0,31.6,103,33.0,111,41.2,43.3,31.6 / 103,33.0 / 111
21255,SC,Red,M,72,63.7,83.4,106,31.1,32.6,31.1,101,32.6,111,40.5,42.9,31.1 / 101,32.6 / 111
21255,SC,Gold,F,72,73.0,104.4,134,35.5,37.5,35.5,131,37.5,136,50.9,53.5,35.5 / 131,37.5 / 136
21255,SC,Green,F,72,69.9,97.5,117,34.0,35.9,34.0,115,35.9,119,47.6,49.9,34.0 / 115,35.9 / 119
21255,SC,Red,F,72,68.4,94.4,110,32.9,35.5,32.9,103,35.5,117,45.1,49.3,32.9 / 103,35.5 / 117
8321,SC,Blue,M,72,71.8,96.5,133,35.5,36.3,35.5,126,36.3,140,47.2,49.3,35.5 / 126,36.3 / 140
8321,SC,White,M,72,71.0,95.1,130,35.2,35.8,35.2,124,35.8,136,46.7,48.4,35.2 / 124,35.8 / 136
8321,SC,Gold,M,72,68.0,89.5,116,34.1,33.9,34.1,116,33.9,115,44.9,44.6,34.1 / 116,33.9 / 115
8321,SC,Red,M,71,65.6,86.4,112,32.3,33.3,32.3,111,33.3,113,42.6,43.8,32.3 / 111,33.3 / 113
8321,SC,Teal,M,71,63.6,83.7,109,31.7,31.9,31.7,109,31.9,108,41.8,41.9,31.7 / 109,31.9 / 108
8321,SC,Orange,M,71,61.7,79.9,98,30.6,31.1,30.6,97,31.1,99,39.6,40.3,30.6 / 97,31.1 / 99
8321,SC,White,F,72,77.0,110.4,142,38.3,38.7,38.3,137,38.7,146,54.5,55.9,38.3 / 137,38.7 / 146
8321,SC,Gold,F,72,72.7,103.9,133,36.6,36.1,36.6,130,36.1,135,51.9,52.0,36.6 / 130,36.1 / 135
8321,SC,Red,F,72,70.4,98.1,118,34.8,35.6,34.8,114,35.6,121,48.2,49.9,34.8 / 114,35.6 / 121
8321,SC,Teal,F,72,68.0,94.2,111,34.1,33.9,34.1,111,33.9,111,47.2,47.0,34.1 / 111,33.9 / 111
8321,SC,Orange,F,72,64.7,88.7,102,32.2,32.5,32.2,101,32.5,103,44.1,44.6,32.2 / 101,32.5 / 103
8089,SC,Gold,M,72,71.8,96.8,135,35.6,36.2,35.6,135,36.2,135,48.1,48.7,35.6 / 135,36.2 / 135
8089,SC,Blue,M,72,70.7,94.5,128,35.1,35.6,35.1,126,35.6,130,46.8,47.7,35.1 / 126,35.6 / 130
8089,SC,White,M,72,69.5,92.8,126,34.5,35.0,34.5,124,35.0,127,46.0,46.8,34.5 / 124,35.0 / 127
8089,SC,White / Black,M,72,68.9,91.5,122,34.3,34.6,34.3,119,34.6,124,45.4,46.1,34.3 / 119,34.6 / 124
8089,SC,Black,M,72,67.7,88.8,114,33.8,33.9,33.8,104,33.9,123,43.5,45.3,33.8 / 104,33.9 / 123
8089,SC,Green,M,72,66.2,86.3,108,33.3,32.9,33.3,99,32.9,117,42.5,43.8,33.3 / 99,32.9 / 117
8089,SC,White,F,72,75.0,108.0,140,37.3,37.7,37.3,134,37.7,146,53.1,54.9,37.3 / 134,37.7 / 146
8089,SC,Black,F,72,72.3,103.3,132,35.7,36.6,35.7,126,36.6,137,50.6,52.7,35.7 / 126,36.6 / 137
8089,SC,Green,F,72,70.8,99.8,123,35.0,35.8,35.0,122,35.8,124,49.4,50.4,35.0 / 122,35.8 / 124
8090,SC,Gold,M,72,72.3,95.5,125,35.9,36.4,35.9,129,36.4,121,47.9,47.6,35.9 / 129,36.4 / 121
8090,SC,Blue,M,72,71.1,93.9,123,35.3,35.8,35.3,125,35.8,121,46.9,47.0,35.3 / 125,35.8 / 121
8090,SC,White,M,72,69.5,91.8,120,34.2,35.3,34.2,123,35.3,117,45.6,46.2,34.2 / 123,35.3 / 117
8090,SC,White / Black,M,72,68.8,90.5,117,33.9,34.9,33.9,119,34.9,114,45.0,45.5,33.9 / 119,34.9 / 114
8090,SC,Black,M,72,67.5,87.8,110,33.3,34.2,33.3,112,34.2,107,43.7,44.1,33.3 / 112,34.2 / 107
8090,SC,Green,M,72,64.9,84.8,107,32.4,32.5,32.4,111,32.5,103,42.7,42.1,32.4 / 111,32.5 / 103
8090,SC,White,F,72,74.8,107.3,138,36.9,37.9,36.9,132,37.9,143,52.5,54.8,36.9 / 132,37.9 / 143
8090,SC,Black,F,72,71.8,101.8,128,35.5,36.3,35.5,125,36.3,130,50.2,51.6,35.5 / 125,36.3 / 130
8090,SC,Green,F,72,69.3,96.6,116,34.7,34.6,34.7,115,34.6,116,48.3,48.3,34.7 / 115,34.6 / 116
8152,SC,Black,M,72,73.9,100.5,143,37.4,36.5,37.4,140,36.5,146,50.4,50.1,37.4 / 140,36.5 / 146
8152,SC,Black / Blue,M,72,72.7,98.4,138,36.8,35.9,36.8,132,35.9,144,49.1,49.3,36.8 / 132,35.9 / 144
8152,SC,Blue,M,72,72.2,97.6,137,36.4,35.8,36.4,130,35.8,143,48.5,49.1,36.4 / 130,35.8 / 143
8152,SC,Blue / White,M,72,71.2,95.8,133,36.0,35.2,36.0,129,35.2,136,48.0,47.8,36.0 / 129,35.2 / 136
8152,SC,White,M,72,70.3,93.4,125,35.6,34.7,35.6,125,34.7,124,47.2,46.2,35.6 / 125,34.7 / 124
8152,SC,White / Gold,M,72,69.0,92.1,125,34.8,34.2,34.8,125,34.2,124,46.4,45.7,34.8 / 125,34.2 / 124
8152,SC,Gold,M,72,67.1,89.7,122,33.6,33.5,33.6,123,33.5,121,45.0,44.7,33.6 / 123,33.5 / 121
8152,SC,Gold / Red,M,72,65.9,88.5,122,33.0,32.9,33.0,123,32.9,121,44.4,44.1,33.0 / 123,32.9 / 121
8152,SC,Red,M,72,64.0,85.3,115,32.0,32.0,32.0,118,32.0,111,43.0,42.3,32.0 / 118,32.0 / 111
8152,SC,White,F,72,75.9,109.1,141,38.3,37.6,38.3,142,37.6,140,55.0,54.1,38.3 / 142,37.6 / 140
8152,SC,Gold,F,72,72.2,103.7,134,36.2,36.0,36.2,131,36.0,137,51.6,52.1,36.2 / 131,36.0 / 137
8152,SC,Red,F,72,68.6,97.3,122,34.5,34.1,34.5,118,34.1,126,48.3,49.0,34.5 / 118,34.1 / 126
8122,SC,Championship,M,72,75.3,103.1,150,37.9,37.4,37.9,149,37.4,151,51.7,51.4,37.9 / 149,37.4 / 151
8122,SC,Blue,M,72,73.9,101.2,147,37.0,36.9,37.0,145,36.9,149,50.5,50.7,37.0 / 145,36.9 / 149
8122,SC,White,M,72,72.2,97.8,138,36.1,36.1,36.1,137,36.1,139,48.8,49.0,36.1 / 137,36.1 / 139
8122,SC,White / Green,M,72,70.7,95.8,135,35.1,35.6,35.1,133,35.6,137,47.5,48.3,35.1 / 133,35.6 / 137
8122,SC,Green,M,72,69.5,93.4,129,34.5,35.0,34.5,126,35.0,131,46.2,47.2,34.5 / 126,35.0 / 131
8122,SC,Red,M,72,66.3,87.7,115,32.9,33.4,32.9,114,33.4,116,43.5,44.2,32.9 / 114,33.4 / 116
8122,SC,Tan,M,72,63.7,84.2,111,31.5,32.2,31.5,110,32.2,111,41.7,42.5,31.5 / 110,32.2 / 111
8122,SC,Green,F,72,75.1,108.3,141,37.1,38.0,37.1,137,38.0,144,53.3,55.0,37.1 / 137,38.0 / 144
8122,SC,Red,F,72,71.3,101.3,128,35.3,36.0,35.3,125,36.0,130,50.0,51.3,35.3 / 125,36.0 / 130
8122,SC,Tan,F,72,67.9,96.1,120,33.6,34.3,33.6,115,34.3,124,47.2,48.9,33.6 / 115,34.3 / 124
8308,SC,Back,M,70,73.3,98.8,138,37.2,36.1,37.2,140,36.1,135,50.2,48.6,37.2 / 140,36.1 / 135
8308,SC,Champion,M,70,70.8,94.9,130,35.8,35.0,35.8,127,35.0,132,47.6,47.3,35.8 / 127,35.0 / 132
8308,SC,Quixote,M,70,69.2,92.3,125,35.1,34.1,35.1,122,34.1,127,46.4,45.9,35.1 / 122,34.1 / 127
8308,SC,Quixote / Forward,M,70,67.7,90.4,123,34.1,33.6,34.1,122,33.6,123,45.4,45.0,34.1 / 122,33.6 / 123
8308,SC,Forward,M,70,65.6,87.2,116,33.1,32.5,33.1,116,32.5,116,43.9,43.3,33.1 / 116,32.5 / 116
8308,SC,Fwd Hybrid,M,70,64.4,85.4,113,32.5,31.9,32.5,115,31.9,111,43.2,42.2,32.5 / 115,31.9 / 111
8308,SC,Champion,F,72,76.9,110.0,141,38.9,38.0,38.9,141,38.0,140,55.5,54.5,38.9 / 141,38.0 / 140
8308,SC,Quixote,F,70,74.9,106.8,136,38.0,36.9,38.0,137,36.9,134,54.1,52.7,38.0 / 137,36.9 / 134
8308,SC,Quixote / Forward,F,70,73.0,103.4,129,36.9,36.1,36.9,129,36.1,129,52.1,51.3,36.9 / 129,36.1 / 129
8308,SC,Forward,F,70,71.3,99.5,120,36.1,35.2,36.1,117,35.2,122,49.9,49.6,36.1 / 117,35.2 / 122
8308,SC,Fwd Hybrid,F,70,69.8,97.4,117,35.4,34.4,35.4,115,34.4,119,49.0,48.4,35.4 / 115,34.4 / 119
8156,SC,Blue,M,70,67.7,88.8,114,36.5,31.2,36.5,129,31.2,98,48.5,40.3,36.5 / 129,31.2 / 98
8156,SC,White,M,70,66.0,87.0,113,35.2,30.8,35.2,129,30.8,97,47.2,39.8,35.2 / 129,30.8 / 97
8156,SC,Gold,M,70,64.0,82.7,101,33.9,30.1,33.9,112,30.1,89,44.3,38.4,33.9 / 112,30.1 / 89
8156,SC,Green,M,70,61.7,79.5,96,32.2,29.5,32.2,103,29.5,88,41.8,37.7,32.2 / 103,29.5 / 88
8156,SC,Gold,F,70,67.2,93.4,111,36.3,30.9,36.3,124,30.9,98,50.9,42.5,36.3 / 124,30.9 / 98
8156,SC,Red,F,70,64.0,89.1,107,33.8,30.2,33.8,116,30.2,97,47.5,41.6,33.8 / 116,30.2 / 97
8068,SC,Championship,M,72,74.9,102.3,148,37.3,37.6,37.3,155,37.6,140,51.7,50.6,37.3 / 155,37.6 / 140
8068,SC,Champ / I,M,72,74.1,101.3,147,36.8,37.3,36.8,154,37.3,139,51.1,50.2,36.8 / 154,37.3 / 139
8068,SC,I,M,72,73.1,99.9,145,36.3,36.8,36.3,152,36.8,137,50.4,49.5,36.3 / 152,36.8 / 137
8068,SC,I / II,M,72,72.0,98.4,143,36.0,36.0,36.0,150,36.0,135,49.9,48.5,36.0 / 150,36.0 / 135
8068,SC,II,M,72,71.1,96.8,138,35.5,35.6,35.5,146,35.6,130,49.1,47.7,35.5 / 146,35.6 / 130
8068,SC,II / III,M,72,68.6,93.8,136,34.2,34.4,34.2,142,34.4,129,47.4,46.4,34.2 / 142,34.4 / 129
8068,SC,III,M,72,67.9,92.2,131,33.9,34.0,33.9,136,34.0,126,46.5,45.7,33.9 / 136,34.0 / 126
8068,SC,III / IV,M,72,65.8,88.2,121,32.8,33.0,32.8,117,33.0,124,43.7,44.5,32.8 / 117,33.0 / 124
8068,SC,IV,M,72,65.1,86.2,114,32.5,32.6,32.5,109,32.6,118,42.6,43.6,32.5 / 109,32.6 / 118
8068,SC,II,F,72,77.5,111.7,145,38.9,38.6,38.9,148,38.6,142,56.3,55.4,38.9 / 148,38.6 / 142
8068,SC,II / III,F,72,75.0,107.8,140,37.6,37.4,37.6,142,37.4,137,54.3,53.5,37.6 / 142,37.4 / 137
8068,SC,III,F,72,73.7,105.9,137,36.8,36.9,36.8,138,36.9,135,53.1,52.8,36.8 / 138,36.9 / 135
8068,SC,III / IV,F,72,70.9,101.8,131,35.1,35.8,35.1,131,35.8,131,50.6,51.2,35.1 / 131,35.8 / 131
8068,SC,IV (72),F,72,70.0,100.9,131,34.5,35.5,34.5,131,35.5,131,50.0,50.9,34.5 / 131,35.5 / 131
8068,SC,IV (71),F,71,69.1,99.9,131,33.6,35.5,33.6,131,35.5,131,49.0,50.9,33.6 / 131,35.5 / 131
8072,SC,Black,M,72,73.9,100.5,143,37.3,36.6,37.3,143,36.6,143,50.6,49.9,37.3 / 143,36.6 / 143
8072,SC,Blue,M,72,72.9,99.0,141,36.6,36.3,36.6,141,36.3,140,49.7,49.3,36.6 / 141,36.3 / 140
8072,SC,Blue/White,M,72,71.0,96.8,139,35.8,35.2,35.8,141,35.2,137,48.9,47.9,35.8 / 141,35.2 / 137
8072,SC,White,M,72,69.7,93.8,130,35.4,34.3,35.4,132,34.3,127,47.7,46.1,35.4 / 132,34.3 / 127
8072,SC,White/Green,M,72,68.4,92.0,127,34.6,33.8,34.6,127,33.8,127,46.4,45.6,34.6 / 127,33.8 / 127
8072,SC,Green,M,72,67.8,91.1,126,34.4,33.4,34.4,126,33.4,125,46.1,45.0,34.4 / 126,33.4 / 125
8072,SC,Green/Red,M,72,65.4,87.0,116,32.9,32.5,32.9,119,32.5,113,44.0,43.0,32.9 / 119,32.5 / 113
8072,SC,Red,M,72,63.9,84.8,113,32.7,31.2,32.7,118,31.2,107,43.7,41.1,32.7 / 118,31.2 / 107
8072,SC,Red/Gold,M,72,62.4,82.6,109,31.5,30.9,31.5,113,30.9,104,42.0,40.6,31.5 / 113,30.9 / 104
8072,SC,Gold,M,72,61.4,81.5,108,31.0,30.4,31.0,112,30.4,104,41.4,40.1,31.0 / 112,30.4 / 104
8072,SC,White,F,72,75.7,109.2,143,38.5,37.2,38.5,148,37.2,137,55.9,53.3,38.5 / 148,37.2 / 137
8072,SC,White/Green,F,72,74.1,106.8,139,37.6,36.5,37.6,143,36.5,134,54.5,52.3,37.6 / 143,36.5 / 134
8072,SC,Green,F,72,73.6,106.0,137,37.4,36.2,37.4,142,36.2,132,54.2,51.8,37.4 / 142,36.2 / 132
8072,SC,Green/Red,F,72,70.9,100.5,126,36.0,34.9,36.0,126,34.9,125,50.9,49.6,36.0 / 126,34.9 / 125
8072,SC,Red,F,72,68.8,97.5,122,35.4,33.4,35.4,125,33.4,119,50.1,47.4,35.4 / 125,33.4 / 119
8072,SC,Red/Gold,F,72,66.4,93.3,114,34.0,32.4,34.0,114,32.4,114,47.5,45.8,34.0 / 114,32.4 / 114
8072,SC,Gold,F,72,65.1,91.7,113,33.1,32.0,33.1,114,32.0,111,46.6,45.1,33.1 / 114,32.0 / 111
8073,SC,Black,M,71,73.7,99.3,138,36.7,37.0,36.7,136,37.0,140,49.3,50.0,36.7 / 136,37.0 / 140
8073,SC,Blue,M,71,71.5,96.8,137,35.7,35.8,35.7,135,35.8,138,48.2,48.6,35.7 / 135,35.8 / 138
8073,SC,Blue/White,M,71,70.0,94.5,132,35.2,34.8,35.2,133,34.8,130,47.6,46.9,35.2 / 133,34.8 / 130
8073,SC,White,M,71,68.8,92.7,129,34.6,34.2,34.6,129,34.2,128,46.6,46.1,34.6 / 129,34.2 / 128
8073,SC,White/Green,M,71,67.1,90.0,124,33.8,33.3,33.8,123,33.3,124,45.2,44.8,33.8 / 123,33.3 / 124
8073,SC,Green,M,71,66.2,88.2,118,33.4,32.8,33.4,117,32.8,119,44.3,43.9,33.4 / 117,32.8 / 119
8073,SC,Green/Red,M,71,64.7,85.3,111,32.5,32.2,32.5,109,32.2,113,42.6,42.7,32.5 / 109,32.2 / 113
8073,SC,Red,M,71,63.7,83.5,107,32.1,31.6,32.1,105,31.6,108,41.9,41.6,32.1 / 105,31.6 / 108
8073,SC,Red/Gold,M,71,62.0,81.2,104,30.9,31.1,30.9,100,31.1,107,40.2,41.0,30.9 / 100,31.1 / 107
8073,SC,Gold,M,71,61.2,80.0,101,30.5,30.7,30.5,99,30.7,103,39.7,40.3,30.5 / 99,30.7 / 103
8073,SC,White,F,71,74.9,107.1,137,37.8,37.1,37.8,136,37.1,137,53.8,53.3,37.8 / 136,37.1 / 137
8073,SC,White/Green,F,71,73.1,104.5,133,36.9,36.2,36.9,132,36.2,134,52.5,52.0,36.9 / 132,36.2 / 134
8073,SC,Green,F,71,71.9,102.8,131,36.2,35.7,36.2,130,35.7,132,51.5,51.3,36.2 / 130,35.7 / 132
8073,SC,Green/Red,F,71,70.2,100.8,130,35.3,34.9,35.3,127,34.9,132,50.3,50.5,35.3 / 127,34.9 / 132
8073,SC,Red,F,71,68.2,97.6,125,34.2,34.0,34.2,124,34.0,126,48.8,48.8,34.2 / 124,34.0 / 126
8073,SC,Red/Gold,F,71,65.9,93.5,117,32.7,33.2,32.7,115,33.2,119,46.3,47.2,32.7 / 115,33.2 / 119
8073,SC,Gold,F,71,64.8,91.2,112,32.1,32.7,32.1,114,32.7,110,45.5,45.7,32.1 / 114,32.7 / 110
8245,SC,Championship,M,72,74.7,100.8,141,37.5,37.2,37.5,139,37.2,142,50.4,50.4,37.5 / 139,37.2 / 142
8245,SC,Reserve,M,72,72.6,97.8,136,36.4,36.2,36.4,133,36.2,138,48.8,49.0,36.4 / 133,36.2 / 138
8245,SC,Tournament,M,72,71.3,95.9,133,35.7,35.6,35.7,130,35.6,135,47.8,48.1,35.7 / 130,35.6 / 135
8245,SC,Back,M,72,69.6,93.3,128,34.8,34.8,34.8,123,34.8,132,46.2,47.1,34.8 / 123,34.8 / 132
8245,SC,Back / Middle,M,72,68.6,91.5,124,34.2,34.4,34.2,123,34.4,124,45.6,45.9,34.2 / 123,34.4 / 124
8245,SC,Middle,M,72,67.7,89.6,118,33.9,33.8,33.9,118,33.8,117,44.9,44.7,33.9 / 118,33.8 / 117
8245,SC,Forward,M,72,64.6,85.2,111,32.4,32.2,32.4,110,32.2,112,42.6,42.6,32.4 / 110,32.2 / 112
8245,SC,Short,M,72,62.5,82.3,107,31.3,31.2,31.3,103,31.2,110,40.9,41.4,31.3 / 103,31.2 / 110
8245,SC,Back,F,72,75.3,108.7,142,37.6,37.7,37.6,144,37.7,139,54.6,54.1,37.6 / 144,37.7 / 139
8245,SC,Middle,F,72,72.2,104.2,136,36.2,36.0,36.2,139,36.0,132,52.6,51.6,36.2 / 139,36.0 / 132
8245,SC,Forward,F,72,69.2,97.7,121,34.7,34.5,34.7,120,34.5,122,48.8,48.9,34.7 / 120,34.5 / 122
8245,SC,Short,F,72,66.2,92.1,110,33.3,32.9,33.3,107,32.9,113,45.9,46.2,33.3 / 107,32.9 / 113
15078,SC,Blue,M,72,72.2,96.9,133,35.9,36.3,35.9,127,36.3,139,47.7,49.2,35.9 / 127,36.3 / 139
15078,SC,White,M,72,70.5,94.2,128,35.1,35.4,35.1,123,35.4,132,46.5,47.7,35.1 / 123,35.4 / 132
15078,SC,Gold,M,72,67.8,89.0,114,33.6,34.2,33.6,111,34.2,117,43.9,45.1,33.6 / 111,34.2 / 117
15078,SC,Red,M,72,65.4,85.2,107,32.3,33.1,32.3,107,33.1,107,42.2,43.0,32.3 / 107,33.1 / 107
15078,SC,Green,M,72,63.8,83.0,103,31.5,32.3,31.5,102,32.3,104,41.0,42.0,31.5 / 102,32.3 / 104
15078,SC,Gold,F,72,72.9,103.6,131,36.3,36.6,36.3,126,36.6,135,51.1,52.5,36.3 / 126,36.6 / 135
15078,SC,Red,F,72,70.0,98.5,121,34.7,35.3,34.7,117,35.3,125,48.5,50.0,34.7 / 117,35.3 / 125
15078,SC,Green,F,72,68.1,95.5,116,33.8,34.3,33.8,115,34.3,117,47.4,48.1,33.8 / 115,34.3 / 117
24053,SC,Black,M,72,72.5,98.3,139,36.3,36.2,36.3,141,36.2,137,49.4,48.9,36.3 / 141,36.2 / 137
24053,SC,White,M,72,70.4,94.9,132,35.2,35.2,35.2,131,35.2,132,47.4,47.5,35.2 / 131,35.2 / 132
24053,SC,Gold,M,72,67.9,91.4,127,34.0,33.9,34.0,131,33.9,122,46.2,45.2,34.0 / 131,33.9 / 122
24053,SC,Red,M,72,65.3,86.2,113,32.7,32.6,32.7,115,32.6,110,43.4,42.8,32.7 / 115,32.6 / 110
24053,SC,Gold,F,72,73.9,105.4,134,37.0,36.9,37.0,135,36.9,132,52.9,52.5,37.0 / 135,36.9 / 132
24053,SC,Red,F,72,69.1,98.7,126,34.5,34.6,34.5,124,34.6,127,49.1,49.6,34.5 / 124,34.6 / 127
24053,SC,Green,F,72,65.9,91.9,110,33.3,32.6,33.3,110,32.6,110,46.3,45.6,33.3 / 110,32.6 / 110
8099,SC,Player,M,72,72.0,97.3,136,36.1,35.9,36.1,127,35.9,145,47.9,49.4,36.1 / 127,35.9 / 145
8099,SC,Rocks,M,72,69.8,93.8,130,34.9,34.9,34.9,124,34.9,135,46.4,47.4,34.9 / 124,34.9 / 135
8099,SC,Rails,M,72,68.3,90.8,121,34.3,34.0,34.3,118,34.0,124,45.3,45.5,34.3 / 118,34.0 / 124
8099,SC,Gold,M,72,66.7,87.5,112,33.3,33.4,33.3,115,33.4,109,44.0,43.5,33.3 / 115,33.4 / 109
8099,SC,Red,M,72,63.5,83.2,106,31.7,31.8,31.7,110,31.8,102,41.9,41.3,31.7 / 110,31.8 / 102
8099,SC,Rails,F,72,73.8,105.5,135,37.1,36.7,37.1,137,36.7,132,53.2,52.3,37.1 / 137,36.7 / 132
8099,SC,Gold,F,72,71.8,101.6,127,36.1,35.7,36.1,129,35.7,124,51.3,50.3,36.1 / 129,35.7 / 124
8099,SC,Red,F,72,68.1,96.0,119,34.1,34.0,34.1,120,34.0,117,48.2,47.8,34.1 / 120,34.0 / 117
8340,SC,Black,M,71,73.1,98.6,137,36.8,36.3,36.8,142,36.3,132,50.0,48.6,36.8 / 142,36.3 / 132
8340,SC,Blue,M,71,71.2,96.1,134,35.6,35.6,35.6,138,35.6,130,48.4,47.7,35.6 / 138,35.6 / 130
8340,SC,White,M,71,69.4,93.4,129,34.6,34.8,34.6,129,34.8,129,46.6,46.8,34.6 / 129,34.8 / 129
8340,SC,Gold,M,71,68.0,91.0,124,33.9,34.1,33.9,126,34.1,122,45.6,45.4,33.9 / 126,34.1 / 122
8340,SC,Gold / Green,M,71,66.7,89.0,120,32.9,33.8,32.9,124,33.8,116,44.4,44.6,32.9 / 124,33.8 / 116
8340,SC,Green,M,71,64.4,86.3,118,32.3,32.1,32.3,122,32.1,114,43.6,42.7,32.3 / 122,32.1 / 114
8340,SC,White,F,71,74.6,108.1,142,37.0,37.6,37.0,141,37.6,143,53.6,54.5,37.0 / 141,37.6 / 143
8340,SC,Gold,F,71,73.2,105.5,137,36.4,36.8,36.4,136,36.8,138,52.4,53.1,36.4 / 136,36.8 / 138
8340,SC,Green,F,71,69.3,97.9,122,34.9,34.4,34.9,120,34.4,123,49.0,48.9,34.9 / 120,34.4 / 123
8107,SC,Championship,M,72,73.2,99.5,142,36.7,36.5,36.7,143,36.5,140,50.0,49.5,36.7 / 143,36.5 / 140
8107,SC,Black/Blue,M,72,72.4,97.9,138,36.4,36.0,36.4,139,36.0,136,49.3,48.6,36.4 / 139,36.0 / 136
8107,SC,Blue,M,72,71.2,95.7,132,35.7,35.5,35.7,132,35.5,131,48.0,47.7,35.7 / 132,35.5 / 131
8107,SC,Blue/White,M,72,69.8,93.5,128,35.3,34.5,35.3,125,34.5,130,46.9,46.6,35.3 / 125,34.5 / 130
8107,SC,White,M,72,68.9,91.5,122,34.9,34.0,34.9,123,34.0,121,46.3,45.2,34.9 / 123,34.0 / 121
8107,SC,White/Gold,M,72,67.2,89.5,120,33.7,33.5,33.7,119,33.5,121,44.8,44.7,33.7 / 119,33.5 / 121
8107,SC,Gold,M,72,65.5,86.7,114,32.8,32.7,32.8,112,32.7,116,43.2,43.5,32.8 / 112,32.7 / 116
8107,SC,Gold/Yellow,M,72,63.2,83.4,109,31.8,31.4,31.8,107,31.4,111,41.7,41.7,31.8 / 107,31.4 / 111
8107,SC,Yellow,M,72,62.6,82.2,106,31.6,31.0,31.6,103,31.0,108,41.2,41.0,31.6 / 103,31.0 / 108
8107,SC,Championship,F,72,79.7,113.9,145,40.0,39.7,40.0,143,39.7,147,56.9,57.0,40.0 / 143,39.7 / 147
8107,SC,Black/Blue,F,72,78.4,112.0,143,39.5,38.9,39.5,142,38.9,143,56.2,55.8,39.5 / 142,38.9 / 143
8107,SC,Blue,F,72,76.9,109.8,140,38.6,38.3,38.6,138,38.3,141,54.9,54.9,38.6 / 138,38.3 / 141
8107,SC,Blue/White,F,72,75.6,107.6,136,38.1,37.5,38.1,135,37.5,137,54.0,53.6,38.1 / 135,37.5 / 137
8107,SC,White,F,72,73.9,105.2,133,37.4,36.5,37.4,132,36.5,133,53.0,52.2,37.4 / 132,36.5 / 133
8107,SC,White/Gold,F,72,72.7,103.2,130,36.5,36.2,36.5,126,36.2,133,51.3,51.9,36.5 / 126,36.2 / 133
8107,SC,Gold,F,72,70.8,99.1,120,35.3,35.5,35.3,118,35.5,122,49.2,49.9,35.3 / 118,35.5 / 122
8107,SC,Gold/Yellow,F,72,67.2,93.3,111,33.9,33.3,33.9,108,33.3,114,46.6,46.7,33.9 / 108,33.3 / 114
8107,SC,Yellow,F,72,64.9,90.4,109,33.3,31.6,33.3,103,31.6,114,45.4,45.0,33.3 / 103,31.6 / 114
17866,SC,Teal,M,72,73.5,101.0,148,36.6,36.9,36.6,146,36.9,150,50.2,50.8,36.6 / 146,36.9 / 150
17866,SC,Garnet,M,72,70.9,96.3,137,35.5,35.4,35.5,131,35.4,142,47.7,48.6,35.5 / 131,35.4 / 142
17866,SC,Orange,M,72,67.8,90.2,121,33.9,33.9,33.9,125,33.9,116,45.5,44.7,33.9 / 125,33.9 / 116
17866,SC,Carolina Blue,M,72,65.2,85.1,108,32.7,32.5,32.7,107,32.5,108,42.6,42.5,32.7 / 107,32.5 / 108
17866,SC,Purple,M,72,63.7,83.1,104,32.0,31.7,32.0,103,31.7,105,41.6,41.5,32.0 / 103,31.7 / 105
17866,SC,Orange,F,72,72.7,105.4,139,36.7,36.0,36.7,137,36.0,140,52.9,52.5,36.7 / 137,36.0 / 140
17866,SC,Carolina Blue,F,72,69.2,98.0,122,34.9,34.3,34.9,122,34.3,122,49.3,48.7,34.9 / 122,34.3 / 122
17866,SC,Purple,F,72,67.0,92.9,110,33.9,33.1,33.9,113,33.1,107,47.2,45.7,33.9 / 113,33.1 / 107
29826,SC,Black,M,72,72.8,98.3,138,36.1,36.7,36.1,136,36.7,139,48.7,49.6,36.1 / 136,36.7 / 139
29826,SC,Blue,M,72,70.5,94.7,130,34.9,35.6,34.9,129,35.6,131,46.9,47.8,34.9 / 129,35.6 / 131
29826,SC,White,M,72,67.5,90.4,124,33.6,33.9,33.6,123,33.9,124,45.0,45.4,33.6 / 123,33.9 / 124
29826,SC,Gold,M,72,64.8,85.1,110,32.2,32.6,32.2,109,32.6,110,42.3,42.8,32.2 / 109,32.6 / 110
29826,SC,Red,F,72,68.1,95.4,116,33.9,34.2,33.9,114,34.2,118,47.3,48.1,33.9 / 114,34.2 / 118
31400,SC,Tee 1,M,72,75.1,101.2,141,37.2,37.9,37.2,142,37.9,139,50.4,50.8,37.2 / 142,37.9 / 139
31400,SC,Tee 2,M,72,74.1,99.8,139,36.8,37.3,36.8,141,37.3,136,49.9,49.9,36.8 / 141,37.3 / 136
31400,SC,Tee 2/3,M,72,72.4,97.9,138,36.1,36.3,36.1,139,36.3,136,49.0,48.9,36.1 / 139,36.3 / 136
31400,SC,Tee 3,M,72,71.4,96.0,132,35.5,35.9,35.5,131,35.9,133,47.7,48.3,35.5 / 131,35.9 / 133
31400,SC,Tee 3/4,M,72,70.5,94.9,131,35.3,35.2,35.3,131,35.2,131,47.5,47.4,35.3 / 131,35.2 / 131
31400,SC,Tee 4,M,72,69.2,92.6,126,34.6,34.6,34.6,125,34.6,127,46.2,46.4,34.6 / 125,34.6 / 127
31400,SC,Tee 4/5,M,72,66.8,89.2,121,33.6,33.2,33.6,118,33.2,123,44.6,44.6,33.6 / 118,33.2 / 123
31400,SC,Tee 5,M,72,64.5,85.2,112,32.1,32.4,32.1,109,32.4,114,42.2,43.0,32.1 / 109,32.4 / 114
31400,SC,Tee 5/6,M,72,63.5,83.8,110,31.5,32.0,31.5,107,32.0,112,41.4,42.4,31.5 / 107,32.0 / 112
31400,SC,Tee 6,M,72,61.5,81.0,105,31.0,30.5,31.0,104,30.5,105,40.7,40.3,31.0 / 104,30.5 / 105
31400,SC,Tee 3,F,72,78.0,111.6,143,38.7,39.3,38.7,143,39.3,142,55.6,56.0,38.7 / 143,39.3 / 142
31400,SC,Tee 3/4,F,72,76.9,110.0,141,38.4,38.5,38.4,142,38.5,139,55.1,54.9,38.4 / 142,38.5 / 139
31400,SC,Tee 4,F,72,75.5,107.8,137,37.6,37.9,37.6,138,37.9,136,53.9,53.9,37.6 / 138,37.9 / 136
31400,SC,Tee 4/5,F,72,72.4,103.5,132,36.2,36.2,36.2,133,36.2,131,51.9,51.6,36.2 / 133,36.2 / 131
31400,SC,Tee 5,F,72,69.7,99.4,126,34.5,35.2,34.5,126,35.2,126,49.4,50.0,34.5 / 126,35.2 / 126
31400,SC,Tee 5/6,F,72,68.2,97.6,125,33.6,34.6,33.6,124,34.6,126,48.2,49.4,33.6 / 124,34.6 / 126
31400,SC,Tee 6,F,72,64.9,91.5,113,32.8,32.1,32.8,117,32.1,109,46.6,44.9,32.8 / 117,32.1 / 109
8123,SC,Championship Black,M,72,74.8,103.3,153,36.6,38.2,36.6,151,38.2,155,50.6,52.7,36.6 / 151,38.2 / 155
8123,SC,Medal Gold,M,72,72.4,100.1,149,35.5,36.9,35.5,146,36.9,152,49.1,51.0,35.5 / 146,36.9 / 152
8123,SC,Blitz,M,72,71.4,97.3,140,35.0,36.4,35.0,135,36.4,144,47.5,49.8,35.0 / 135,36.4 / 144
8123,SC,Member Blue,M,72,70.0,94.5,132,34.2,35.8,34.2,126,35.8,138,45.9,48.6,34.2 / 126,35.8 / 138
8123,SC,Blue / White,M,72,68.8,92.0,125,33.8,35.0,33.8,119,35.0,130,44.9,47.1,33.8 / 119,35.0 / 130
8123,SC,Club White,M,72,67.7,89.5,118,33.0,34.7,33.0,112,34.7,123,43.4,46.1,33.0 / 112,34.7 / 123
8123,SC,Forward Red,M,72,65.1,85.0,107,31.5,33.6,31.5,102,33.6,112,41.0,44.0,31.5 / 102,33.6 / 112
8123,SC,Green,M,71,62.6,81.4,101,30.9,31.7,30.9,99,31.7,103,40.1,41.3,30.9 / 99,31.7 / 103
8123,SC,Member Blue,F,72,75.5,110.0,146,36.8,38.7,36.8,144,38.7,148,53.8,56.2,36.8 / 144,38.7 / 148
8123,SC,Club White,F,72,72.4,105.3,140,35.3,37.1,35.3,137,37.1,142,51.5,53.8,35.3 / 137,37.1 / 142
8123,SC,Forward Red,F,72,69.4,98.3,123,33.8,35.6,33.8,118,35.6,127,47.7,50.6,33.8 / 118,35.6 / 127
8123,SC,Green,F,71,65.3,92.3,114,32.2,33.1,32.2,114,33.1,114,45.7,46.6,32.2 / 114,33.1 / 114
8180,SC,Black,M,72,71.1,95.3,131,35.6,35.5,35.6,126,35.5,135,47.3,48.0,35.6 / 126,35.5 / 135
8180,SC,White,M,72,68.8,90.5,117,34.4,34.4,34.4,118,34.4,115,45.4,45.1,34.4 / 118,34.4 / 115
8180,SC,Gold,M,72,66.9,88.0,114,33.3,33.6,33.3,115,33.6,112,44.0,44.0,33.3 / 115,33.6 / 112
8180,SC,Red,M,72,64.1,83.9,107,31.9,32.2,31.9,109,32.2,104,42.0,41.9,31.9 / 109,32.2 / 104
8180,SC,Gold,F,72,71.3,100.2,123,35.5,35.8,35.5,122,35.8,123,49.9,50.3,35.5 / 122,35.8 / 123
8180,SC,Red,F,72,67.6,94.1,112,33.7,33.9,33.7,109,33.9,115,46.6,47.5,33.7 / 109,33.9 / 115
8119,SC,Blue,M,72,73.2,98.9,139,36.5,36.7,36.5,137,36.7,140,49.2,49.7,36.5 / 137,36.7 / 140
8119,SC,Blue / White,M,72,71.9,97.3,137,35.7,36.2,35.7,135,36.2,139,48.2,49.1,35.7 / 135,36.2 / 139
8119,SC,White,M,72,70.7,95.6,134,35.1,35.6,35.1,131,35.6,137,47.3,48.3,35.1 / 131,35.6 / 137
8119,SC,White / Gold,M,72,70.0,94.4,132,34.5,35.5,34.5,126,35.5,137,46.2,48.2,34.5 / 126,35.5 / 137
8119,SC,Gold,M,72,67.8,90.9,125,33.7,34.1,33.7,122,34.1,127,45.0,45.9,33.7 / 122,34.1 / 127
8119,SC,Red,M,72,65.1,86.6,116,32.7,32.4,32.7,114,32.4,117,43.3,43.3,32.7 / 114,32.4 / 117
8119,SC,White,F,72,75.7,108.3,139,38.0,37.7,38.0,137,37.7,140,54.1,54.2,38.0 / 137,37.7 / 140
8119,SC,Gold,F,72,72.6,103.6,132,36.5,36.1,36.5,130,36.1,133,51.8,51.8,36.5 / 130,36.1 / 133
8119,SC,Red,F,72,69.2,98.0,123,35.2,34.0,35.2,119,34.0,126,49.2,48.8,35.2 / 119,34.0 / 126
8048,SC,Blue,M,70,68.4,91.0,122,34.1,34.3,34.1,123,34.3,121,45.5,45.5,34.1 / 123,34.3 / 121
8048,SC,White,M,70,67.0,89.1,119,33.6,33.4,33.6,119,33.4,118,44.7,44.4,33.6 / 119,33.4 / 118
8048,SC,Gold,M,70,64.2,85.0,112,32.2,32.0,32.2,113,32.0,111,42.7,42.3,32.2 / 113,32.0 / 111
8048,SC,Red,M,70,62.9,83.1,109,31.5,31.4,31.5,108,31.4,110,41.5,41.6,31.5 / 108,31.4 / 110
8048,SC,Blue,F,70,73.9,104.3,129,36.6,37.3,36.6,124,37.3,134,51.2,53.1,36.6 / 124,37.3 / 134
8048,SC,White,F,70,72.1,101.8,126,35.9,36.2,35.9,121,36.2,131,50.2,51.6,35.9 / 121,36.2 / 131
8048,SC,Gold,F,70,68.4,96.5,119,34.2,34.2,34.2,118,34.2,120,48.1,48.4,34.2 / 118,34.2 / 120
8048,SC,Red,F,70,65.6,91.9,112,32.5,33.1,32.5,108,33.1,115,45.2,46.7,32.5 / 108,33.1 / 115
8049,SC,Blue,M,70,68.5,91.4,124,34.3,34.2,34.3,121,34.2,126,45.5,45.9,34.3 / 121,34.2 / 126
8049,SC,White,M,70,67.2,89.7,121,33.4,33.8,33.4,118,33.8,124,44.4,45.3,33.4 / 118,33.8 / 124
8049,SC,Gold,M,70,64.5,85.8,115,32.0,32.5,32.0,111,32.5,118,42.3,43.5,32.0 / 111,32.5 / 118
8049,SC,Red,M,70,63.4,84.5,114,31.4,32.0,31.4,110,32.0,117,41.6,42.9,31.4 / 110,32.0 / 117
8049,SC,Blue,F,71,74.2,106.1,136,37.3,36.9,37.3,134,36.9,137,53.1,53.0,37.3 / 134,36.9 / 137
8049,SC,White,F,71,72.5,103.6,132,36.2,36.3,36.2,131,36.3,133,51.6,52.0,36.2 / 131,36.3 / 133
8049,SC,Gold,F,70,68.6,98.4,126,34.2,34.4,34.2,120,34.4,132,48.4,50.0,34.2 / 120,34.4 / 132
8049,SC,Red,F,70,66.7,95.9,124,33.1,33.6,33.1,115,33.6,132,46.7,49.2,33.1 / 115,33.6 / 132
8050,SC,Blue,M,70,68.3,91.4,125,34.2,34.1,34.2,126,34.1,123,45.9,45.5,34.2 / 126,34.1 / 123
8050,SC,White,M,70,67.4,90.0,122,33.8,33.6,33.8,124,33.6,119,45.3,44.7,33.8 / 124,33.6 / 119
8050,SC,Gold,M,70,64.7,86.2,116,32.5,32.2,32.5,118,32.2,113,43.5,42.7,32.5 / 118,32.2 / 113
8050,SC,Red,M,70,63.5,84.4,113,32.0,31.5,32.0,117,31.5,108,42.9,41.5,32.0 / 117,31.5 / 108
8050,SC,Blue,F,71,73.5,104.2,131,36.9,36.6,36.9,137,36.6,124,53.0,51.2,36.9 / 137,36.6 / 124
8050,SC,White,F,71,72.2,102.2,127,36.3,35.9,36.3,133,35.9,121,52.0,50.2,36.3 / 133,35.9 / 121
8050,SC,Gold,F,70,68.6,98.1,125,34.4,34.2,34.4,132,34.2,118,50.0,48.1,34.4 / 132,34.2 / 118
8050,SC,Red,F,70,66.1,94.4,120,33.6,32.5,33.6,132,32.5,108,49.2,45.2,33.6 / 132,32.5 / 108
8136,SC,Black,M,72,71.8,96.2,131,35.1,36.7,35.1,130,36.7,132,47.2,49.0,35.1 / 130,36.7 / 132
8136,SC,White,M,72,69.6,92.6,124,33.9,35.7,33.9,125,35.7,123,45.5,47.1,33.9 / 125,35.7 / 123
8136,SC,Silver,M,72,67.6,88.6,113,33.2,34.4,33.2,117,34.4,109,44.1,44.5,33.2 / 117,34.4 / 109
8136,SC,Red,M,72,64.6,84.5,108,32.0,32.6,32.0,108,32.6,107,42.0,42.5,32.0 / 108,32.6 / 107
8136,SC,White,F,72,75.8,107.6,135,36.9,38.9,36.9,131,38.9,138,52.4,55.2,36.9 / 131,38.9 / 138
8136,SC,Silver,F,72,73.1,103.6,129,36.0,37.1,36.0,127,37.1,131,51.0,52.6,36.0 / 127,37.1 / 131
8136,SC,Red,F,72,69.9,97.4,117,34.6,35.3,34.6,118,35.3,115,48.5,48.9,34.6 / 118,35.3 / 115
31562,SC,Black,M,72,75.8,103.7,151,37.5,38.3,37.5,150,38.3,151,51.4,52.3,37.5 / 150,38.3 / 151
31562,SC,Blue,M,72,73.0,99.9,145,36.3,36.7,36.3,144,36.7,145,49.7,50.2,36.3 / 144,36.7 / 145
31562,SC,Blue / White,M,72,70.9,97.4,143,35.2,35.7,35.2,141,35.7,144,48.3,49.1,35.2 / 141,35.7 / 144
31562,SC,White,M,72,69.6,95.3,139,34.7,34.9,34.7,136,34.9,141,47.3,48.0,34.7 / 136,34.9 / 141
31562,SC,Green,M,72,64.5,85.7,114,32.4,32.1,32.4,118,32.1,110,43.4,42.3,32.4 / 118,32.1 / 110
31562,SC,Blue,F,72,79.8,116.3,154,39.6,40.2,39.6,155,40.2,153,58.1,58.2,39.6 / 155,40.2 / 153
31562,SC,Blue / White,F,72,77.7,113.2,151,38.5,39.2,38.5,152,39.2,149,56.4,56.8,38.5 / 152,39.2 / 149
31562,SC,White,F,72,76.0,110.7,147,37.8,38.2,37.8,149,38.2,145,55.4,55.3,37.8 / 149,38.2 / 145
31562,SC,Green,F,72,69.6,100.8,132,35.1,34.5,35.1,132,34.5,132,50.7,50.1,35.1 / 132,34.5 / 132
8344,SC,Back,M,72,71.4,94.2,123,35.7,35.7,35.7,117,35.7,128,46.6,47.6,35.7 / 117,35.7 / 128
8344,SC,Middle,M,72,69.1,91.3,120,34.5,34.6,34.5,115,34.6,124,45.2,46.1,34.5 / 115,34.6 / 124
8344,SC,Forward,M,72,67.4,89.2,117,33.8,33.6,33.8,115,33.6,119,44.5,44.7,33.8 / 115,33.6 / 119
8344,SC,Red,M,72,65.1,86.4,115,32.5,32.6,32.5,112,32.6,117,42.9,43.5,32.5 / 112,32.6 / 117
8344,SC,Green,M,68,61.2,79.2,97,30.3,30.9,30.3,93,30.9,101,38.9,40.3,30.3 / 93,30.9 / 101
8344,SC,Back,F,72,77.3,110.6,142,38.8,38.5,38.8,141,38.5,142,55.4,55.2,38.8 / 141,38.5 / 142
8344,SC,Middle,F,72,74.8,106.8,136,37.4,37.4,37.4,135,37.4,137,53.3,53.5,37.4 / 135,37.4 / 137
8344,SC,Forward,F,72,72.9,102.5,126,36.4,36.5,36.4,127,36.5,124,51.4,51.1,36.4 / 127,36.5 / 124
8344,SC,Red,F,72,70.4,97.9,117,35.1,35.3,35.1,116,35.3,117,48.8,49.1,35.1 / 116,35.3 / 117
8344,SC,Green,F,72,64.2,88.4,103,31.6,32.6,31.6,101,32.6,104,43.5,44.9,31.6 / 101,32.6 / 104
8259,SC,I,M,72,71.8,97.3,138,36.1,35.7,36.1,135,35.7,140,48.6,48.7,36.1 / 135,35.7 / 140
8259,SC,II,M,72,70.5,93.5,124,35.4,35.1,35.4,118,35.1,129,46.4,47.1,35.4 / 118,35.1 / 129
8259,SC,III,M,72,67.7,88.5,112,33.9,33.8,33.9,112,33.8,112,44.3,44.2,33.9 / 112,33.8 / 112
8259,SC,IV,M,72,65.3,84.9,106,32.2,33.1,32.2,108,33.1,103,42.2,42.7,32.2 / 108,33.1 / 103
8259,SC,V,M,72,62.6,81.6,102,31.0,31.6,31.0,105,31.6,99,40.8,40.8,31.0 / 105,31.6 / 99
8259,SC,II,F,72,75.3,105.9,130,37.7,37.6,37.7,127,37.6,132,52.7,53.2,37.7 / 127,37.6 / 132
8259,SC,III,F,72,71.9,100.8,123,36.0,35.9,36.0,120,35.9,125,50.2,50.6,36.0 / 120,35.9 / 125
8259,SC,IV,F,72,69.7,98.0,120,34.5,35.2,34.5,115,35.2,125,48.1,49.9,34.5 / 115,35.2 / 125
8259,SC,V,F,72,65.9,91.8,110,32.4,33.5,32.4,110,33.5,109,45.4,46.4,32.4 / 110,33.5 / 109
8088,SC,Black,M,72,73.5,98.1,133,36.6,36.9,36.6,135,36.9,130,49.1,49.0,36.6 / 135,36.9 / 130
8088,SC,White,M,72,70.0,93.2,125,34.5,35.5,34.5,122,35.5,128,45.8,47.4,34.5 / 122,35.5 / 128
8088,SC,Gold,M,72,67.1,88.6,116,33.1,34.0,33.1,113,34.0,118,43.6,45.0,33.1 / 113,34.0 / 118
8088,SC,Red,M,72,64.5,84.1,106,32.0,32.5,32.0,103,32.5,108,41.6,42.5,32.0 / 103,32.5 / 108
8088,SC,Gold,F,72,71.9,100.3,120,35.6,36.3,35.6,120,36.3,120,49.8,50.5,35.6 / 120,36.3 / 120
8088,SC,Red,F,72,68.4,94.5,111,33.9,34.5,33.9,114,34.5,108,47.3,47.2,33.9 / 114,34.5 / 108
8187,SC,Black,M,72,74.3,101.7,148,37.0,37.3,37.0,153,37.3,142,51.2,50.5,37.0 / 153,37.3 / 142
8187,SC,Blue,M,72,72.3,97.4,135,35.9,36.4,35.9,139,36.4,131,48.8,48.6,35.9 / 139,36.4 / 131
8187,SC,Blue / White,M,72,71.4,96.3,134,35.6,35.8,35.6,139,35.8,129,48.5,47.8,35.6 / 139,35.8 / 129
8187,SC,White,M,72,70.4,94.9,132,35.1,35.3,35.1,137,35.3,127,47.8,47.1,35.1 / 137,35.3 / 127
8187,SC,White / Gold,M,72,68.9,92.9,129,34.6,34.3,34.6,132,34.3,126,46.9,46.0,34.6 / 132,34.3 / 126
8187,SC,Gold,M,72,68.0,91.9,129,34.2,33.8,34.2,131,33.8,126,46.4,45.5,34.2 / 131,33.8 / 126
8187,SC,Emerald,M,72,65.4,87.2,118,32.7,32.7,32.7,122,32.7,113,44.0,43.2,32.7 / 122,32.7 / 113
8187,SC,Emerald / Silver,M,72,64.4,85.8,115,32.2,32.2,32.2,119,32.2,111,43.3,42.5,32.2 / 119,32.2 / 111
8187,SC,Silver,M,72,63.8,85.1,115,31.8,32.0,31.8,118,32.0,111,42.8,42.3,31.8 / 118,32.0 / 111
8187,SC,Green,M,58,55.6,71.3,85,27.6,28.0,27.6,86,28.0,83,35.6,35.7,27.6 / 86,28.0 / 83
8187,SC,White,F,74,76.4,110.0,143,38.2,38.2,38.2,147,38.2,138,55.5,54.5,38.2 / 147,38.2 / 138
8187,SC,White / Gold,F,72,74.7,107.4,139,37.6,37.1,37.6,143,37.1,134,54.5,52.9,37.6 / 143,37.1 / 134
8187,SC,Gold,F,72,73.6,105.9,137,37.1,36.5,37.1,142,36.5,132,53.8,52.1,37.1 / 142,36.5 / 132
8187,SC,Emerald,F,72,70.8,100.9,128,35.7,35.1,35.7,135,35.1,120,51.6,49.3,35.7 / 135,35.1 / 120
8187,SC,Emerald / Silver,F,72,69.8,98.4,122,35.1,34.7,35.1,125,34.7,118,49.8,48.6,35.1 / 125,34.7 / 118
8187,SC,Silver,F,72,68.8,96.7,118,34.4,34.4,34.4,122,34.4,114,48.8,47.9,34.4 / 122,34.4 / 114
8187,SC,Green,F,58,58.0,80.5,96,28.8,29.2,28.8,97,29.2,94,40.2,40.3,28.8 / 97,29.2 / 94
8301,SC,Black,M,72,74.5,100.1,138,37.1,37.4,37.1,137,37.4,139,49.8,50.3,37.1 / 137,37.4 / 139
8301,SC,Blue,M,72,72.2,97.2,135,36.4,35.8,36.4,137,35.8,132,49.1,48.1,36.4 / 137,35.8 / 132
8301,SC,Blue / White,M,72,71.0,95.9,134,36.0,35.0,36.0,136,35.0,132,48.6,47.3,36.0 / 136,35.0 / 132
8301,SC,White,M,72,70.1,94.5,132,35.4,34.7,35.4,136,34.7,127,48.0,46.5,35.4 / 136,34.7 / 127
8301,SC,White / Gold,M,72,69.0,92.9,129,34.9,34.1,34.9,132,34.1,125,47.2,45.7,34.9 / 132,34.1 / 125
8301,SC,Gold,M,72,68.2,91.1,123,34.5,33.7,34.5,130,33.7,116,46.6,44.5,34.5 / 130,33.7 / 116
8301,SC,Emerald,M,72,66.5,88.4,118,33.5,33.0,33.5,126,33.0,110,45.2,43.2,33.5 / 126,33.0 / 110
8301,SC,Emerald / Silver,M,72,64.3,85.5,115,32.2,32.1,32.2,122,32.1,107,43.5,42.0,32.2 / 122,32.1 / 107
8301,SC,Silver,M,72,63.6,84.4,112,32.0,31.6,32.0,121,31.6,103,43.2,41.2,32.0 / 121,31.6 / 103
8301,SC,Green,M,59,56.6,73.4,91,28.8,27.8,28.8,95,27.8,86,37.6,35.8,28.8 / 95,27.8 / 86
8301,SC,White,F,72,76.5,110.3,144,38.8,37.7,38.8,147,37.7,140,56.1,54.2,38.8 / 147,37.7 / 140
8301,SC,White / Gold,F,72,75.0,108.2,141,38.0,37.0,38.0,144,37.0,137,55.0,53.2,38.0 / 144,37.0 / 137
8301,SC,Gold,F,72,73.8,106.3,138,37.5,36.3,37.5,142,36.3,134,54.2,52.1,37.5 / 142,36.3 / 134
8301,SC,Emerald,F,72,71.9,102.5,130,36.4,35.5,36.4,134,35.5,126,52.2,50.3,36.4 / 134,35.5 / 126
8301,SC,Emerald / Silver,F,72,68.6,97.9,124,34.4,34.2,34.4,127,34.2,121,49.4,48.5,34.4 / 127,34.2 / 121
8301,SC,Silver,F,72,67.8,95.1,116,34.2,33.6,34.2,121,33.6,110,48.5,46.6,34.2 / 121,33.6 / 110
8301,SC,Green,F,59,59.1,82.0,97,30.1,29.0,30.1,99,29.0,95,41.8,40.2,30.1 / 99,29.0 / 95
8200,SC,Gold,M,72,71.9,97.5,138,35.9,36.0,35.9,136,36.0,140,48.5,49.0,35.9 / 136,36.0 / 140
8200,SC,Gold / Blue,M,72,71.0,95.7,133,35.7,35.3,35.7,131,35.3,135,47.9,47.8,35.7 / 131,35.3 / 135
8200,SC,Blue,M,72,70.4,94.4,129,35.4,35.0,35.4,126,35.0,132,47.1,47.3,35.4 / 126,35.0 / 132
8200,SC,Blue / White,M,72,69.6,92.6,124,34.9,34.7,34.9,118,34.7,129,45.9,46.7,34.9 / 118,34.7 / 129
8200,SC,White,M,72,68.8,90.7,118,34.6,34.2,34.6,112,34.2,124,45.0,45.7,34.6 / 112,34.2 / 124
8200,SC,Green,M,72,66.5,87.0,110,33.2,33.3,33.2,102,33.3,118,42.7,44.3,33.2 / 102,33.3 / 118
8200,SC,Red,M,72,65.3,85.3,108,32.9,32.4,32.9,100,32.4,115,42.2,43.1,32.9 / 100,32.4 / 115
8200,SC,Gold,F,72,77.9,112.0,145,38.8,39.1,38.8,146,39.1,143,56.0,56.0,38.8 / 146,39.1 / 143
8200,SC,Gold / Blue,F,72,76.7,110.4,143,38.3,38.4,38.3,144,38.4,142,55.3,55.1,38.3 / 144,38.4 / 142
8200,SC,Blue,F,72,75.7,108.9,141,37.7,38.0,37.7,142,38.0,140,54.4,54.5,37.7 / 142,38.0 / 140
8200,SC,Blue / White,F,72,74.6,106.4,135,37.1,37.5,37.1,131,37.5,138,52.6,53.8,37.1 / 131,37.5 / 138
8200,SC,White,F,72,73.0,103.8,131,36.4,36.6,36.4,127,36.6,134,51.4,52.4,36.4 / 127,36.6 / 134
8200,SC,Green,F,72,70.9,100.2,124,35.0,35.9,35.0,120,35.9,128,49.2,51.0,35.0 / 120,35.9 / 128
8200,SC,Red,F,72,69.9,98.5,122,34.9,35.0,34.9,117,35.0,126,48.7,49.8,34.9 / 117,35.0 / 126
8097,SC,Black,M,72,73.6,99.6,140,36.4,37.2,36.4,143,37.2,137,49.7,49.9,36.4 / 143,37.2 / 137
8097,SC,Blue,M,72,71.6,96.6,135,35.6,36.0,35.6,136,36.0,133,48.2,48.4,35.6 / 136,36.0 / 133
8097,SC,White,M,72,69.7,93.7,129,34.9,34.8,34.9,128,34.8,130,46.8,46.9,34.9 / 128,34.8 / 130
8097,SC,Gold,M,72,67.6,88.7,114,34.1,33.5,34.1,114,33.5,113,44.7,44.0,34.1 / 114,33.5 / 113
8097,SC,Green,M,72,64.9,84.0,103,32.8,32.1,32.8,102,32.1,103,42.3,41.7,32.8 / 102,32.1 / 103
8097,SC,Orange,M,71,61.2,79.0,96,30.9,30.3,30.9,95,30.3,97,39.7,39.3,30.9 / 95,30.3 / 97
8097,SC,Blue,F,72,77.8,111.1,142,38.7,39.1,38.7,141,39.1,142,55.3,55.8,38.7 / 141,39.1 / 142
8097,SC,White,F,72,75.6,107.7,137,37.8,37.8,37.8,137,37.8,136,53.9,53.8,37.8 / 137,37.8 / 136
8097,SC,Gold,F,72,72.9,103.3,129,36.7,36.2,36.7,131,36.2,127,52.1,51.2,36.7 / 131,36.2 / 127
8097,SC,Green,F,72,69.5,97.0,117,35.1,34.4,35.1,119,34.4,114,49.1,47.9,35.1 / 119,34.4 / 114
8097,SC,Orange,F,71,63.7,88.3,105,32.2,31.5,32.2,107,31.5,102,44.8,43.5,32.2 / 107,31.5 / 102
8221,SC,Dye,M,72,73.3,98.2,134,36.6,36.7,36.6,132,36.7,136,48.9,49.3,36.6 / 132,36.7 / 136
8221,SC,Blue,M,72,71.3,95.5,130,35.7,35.6,35.7,130,35.6,130,47.8,47.7,35.7 / 130,35.6 / 130
8221,SC,White,M,72,68.9,91.7,123,34.3,34.6,34.3,117,34.6,128,45.2,46.5,34.3 / 117,34.6 / 128
8221,SC,Gold,M,72,67.5,89.0,116,33.8,33.7,33.8,112,33.7,119,44.2,44.8,33.8 / 112,33.7 / 119
8221,SC,Green,M,72,65.6,85.2,106,32.5,33.1,32.5,104,33.1,107,42.2,43.0,32.5 / 104,33.1 / 107
8221,SC,Orange,M,0,60.4,77.9,95,30.3,30.1,30.3,95,30.1,94,39.1,38.8,30.3 / 95,30.1 / 94
8221,SC,Blue,F,72,77.2,109.7,138,38.5,38.7,38.5,135,38.7,141,54.4,55.3,38.5 / 135,38.7 / 141
8221,SC,White,F,72,74.4,105.5,132,36.9,37.5,36.9,128,37.5,136,52.0,53.5,36.9 / 128,37.5 / 136
8221,SC,Gold,F,72,72.3,102.2,127,36.3,36.0,36.3,120,36.0,134,50.4,51.8,36.3 / 120,36.0 / 134
8221,SC,Green,F,72,69.9,97.9,119,34.9,35.0,34.9,113,35.0,125,48.2,49.7,34.9 / 113,35.0 / 125
8221,SC,Orange,F,0,61.8,85.8,102,31.4,30.4,31.4,98,30.4,105,43.0,42.8,31.4 / 98,30.4 / 105
8117,SC,Hawk-Maroon,M,72,74.1,100.7,143,37.2,36.9,37.2,144,36.9,142,50.6,50.1,37.2 / 144,36.9 / 142
8117,SC,Mallard-Green,M,72,72.4,98.5,141,36.3,36.1,36.3,140,36.1,141,49.3,49.2,36.3 / 140,36.1 / 141
8117,SC,Osprey-Black,M,72,70.5,95.5,135,35.4,35.1,35.4,131,35.1,138,47.6,47.9,35.4 / 131,35.1 / 138
8117,SC,Eagle,M,72,69.9,94.7,134,35.0,34.9,35.0,131,34.9,136,47.2,47.5,35.0 / 131,34.9 / 136
8117,SC,Egret-White,M,72,68.6,92.9,131,34.5,34.1,34.5,131,34.1,130,46.7,46.2,34.5 / 131,34.1 / 130
8117,SC,Finch-Yellow,M,72,65.5,88.5,124,33.2,32.3,33.2,127,32.3,121,45.0,43.5,33.2 / 127,32.3 / 121
8117,SC,Heron-Blue,M,72,63.6,86.0,121,32.1,31.5,32.1,123,31.5,118,43.5,42.5,32.1 / 123,31.5 / 118
8117,SC,Osprey-Black,F,72,76.6,110.7,145,38.4,38.2,38.4,140,38.2,149,54.9,55.8,38.4 / 140,38.2 / 149
8117,SC,Egret-White,F,72,74.4,107.4,140,37.5,36.9,37.5,139,36.9,141,53.9,53.5,37.5 / 139,36.9 / 141
8117,SC,Finch-Yellow,F,72,71.4,101.5,128,36.2,35.2,36.2,129,35.2,126,51.4,50.1,36.2 / 129,35.2 / 126
8117,SC,Pelican,F,72,69.6,99.6,128,35.0,34.6,35.0,129,34.6,126,50.2,49.4,35.0 / 129,34.6 / 126
8117,SC,Heron-Blue,F,72,68.3,97.7,125,34.5,33.8,34.5,128,33.8,121,49.6,48.1,34.5 / 128,33.8 / 121
23844,SC,Hawk-Maroon,M,36,36.9,50.1,142,36.9,,36.9,142,,,50.1,,36.9 / 142,/
23844,SC,Mallard-Green,M,36,36.2,49.2,140,36.2,,36.2,140,,,49.2,,36.2 / 140,/
23844,SC,Osprey-Black,M,36,35.2,47.5,132,35.2,,35.2,132,,,47.5,,35.2 / 132,/
23844,SC,Egret-White,M,36,34.5,46.6,130,34.5,,34.5,130,,,46.6,,34.5 / 130,/
23844,SC,Finch-Yellow,M,36,32.8,44.5,126,32.8,,32.8,126,,,44.5,,32.8 / 126,/
23844,SC,Heron-Blue,M,36,31.8,43.2,123,31.8,,31.8,123,,,43.2,,31.8 / 123,/
23844,SC,Osprey-Black,F,36,38.2,55.4,146,38.2,,38.2,146,,,55.4,,38.2 / 146,/
23844,SC,Egret-White,F,36,37.6,54.7,145,37.6,,37.6,145,,,54.7,,37.6 / 145,/
23844,SC,Finch-Yellow,F,36,36.0,50.6,124,36.0,,36.0,124,,,50.6,,36.0 / 124,/
23844,SC,Heron-Blue,F,36,34.3,48.5,120,34.3,,34.3,120,,,48.5,,34.3 / 120,/
8118,SC,Hawk-Maroon,M,72,74.5,101.6,146,37.5,37.0,37.5,146,37.0,145,51.1,50.5,37.5 / 146,37.0 / 145
8118,SC,Mallard-Green,M,72,73.1,99.5,142,36.8,36.3,36.8,142,36.3,142,50.0,49.5,36.8 / 142,36.3 / 142
8118,SC,Osprey-Black,M,72,71.4,97.1,139,35.9,35.5,35.9,140,35.5,137,48.9,48.2,35.9 / 140,35.5 / 137
8118,SC,Eagle,M,72,70.6,96.2,138,35.7,34.9,35.7,139,34.9,137,48.6,47.6,35.7 / 139,34.9 / 137
8118,SC,Egret-White,M,72,69.7,94.9,136,35.1,34.6,35.1,139,34.6,132,48.0,46.9,35.1 / 139,34.6 / 132
8118,SC,Finch-Yellow,M,72,67.1,90.3,125,33.7,33.4,33.7,124,33.4,126,45.2,45.1,33.7 / 124,33.4 / 126
8118,SC,Heron-Blue,M,72,64.5,86.3,117,32.4,32.1,32.4,117,32.1,117,43.3,43.0,32.4 / 117,32.1 / 117
8118,SC,Osprey-Black,F,72,77.2,110.3,140,38.7,38.5,38.7,142,38.5,138,55.5,54.8,38.7 / 142,38.5 / 138
8118,SC,Egret-White,F,72,75.5,107.9,138,38.0,37.5,38.0,139,37.5,136,54.4,53.5,38.0 / 139,37.5 / 136
8118,SC,Finch-Yellow,F,72,72.0,102.7,131,36.1,35.9,36.1,130,35.9,131,51.4,51.3,36.1 / 130,35.9 / 131
8118,SC,Pelican,F,72,70.2,100.5,129,35.2,35.0,35.2,127,35.0,130,50.2,50.3,35.2 / 127,35.0 / 130
8118,SC,Heron-Blue,F,72,68.8,97.6,122,34.6,34.2,34.6,122,34.2,122,49.0,48.6,34.6 / 122,34.2 / 122
8222,SC,Devlin,M,72,74.2,101.2,145,36.5,37.7,36.5,146,37.7,144,50.1,51.1,36.5 / 146,37.7 / 144
8222,SC,Harmon,M,72,72.5,98.8,142,35.6,36.9,35.6,142,36.9,141,48.8,50.0,35.6 / 142,36.9 / 141
8222,SC,Harmon / LeVeen,M,72,71.2,96.4,136,35.0,36.2,35.0,139,36.2,132,47.9,48.5,35.0 / 139,36.2 / 132
8222,SC,LeVeen,M,72,70.0,94.4,132,34.4,35.6,34.4,137,35.6,126,47.1,47.3,34.4 / 137,35.6 / 126
8222,SC,Roach,M,72,68.4,91.1,123,33.3,35.1,33.3,123,35.1,122,44.7,46.4,33.3 / 123,35.1 / 122
8222,SC,Deal,M,72,65.7,86.7,113,32.6,33.1,32.6,111,33.1,115,42.9,43.8,32.6 / 111,33.1 / 115
8222,SC,LeVeen,F,72,75.8,111.1,150,37.2,38.6,37.2,146,38.6,153,54.4,56.7,37.2 / 146,38.6 / 153
8222,SC,Roach,F,72,73.9,108.0,145,36.0,37.9,36.0,139,37.9,150,52.4,55.6,36.0 / 139,37.9 / 150
8222,SC,Deal,F,72,70.5,100.4,127,34.9,35.6,34.9,131,35.6,122,50.4,50.0,34.9 / 131,35.6 / 122
8243,SC,Blue,M,71,71.9,96.1,130,35.4,36.5,35.4,130,36.5,130,47.5,48.6,35.4 / 130,36.5 / 130
8243,SC,White,M,71,69.9,93.7,128,34.4,35.5,34.4,127,35.5,129,46.2,47.5,34.4 / 127,35.5 / 129
8243,SC,White / Black,M,71,67.6,89.7,119,33.7,33.9,33.7,122,33.9,116,45.0,44.7,33.7 / 122,33.9 / 116
8243,SC,Black,M,71,65.5,86.3,112,32.6,32.9,32.6,116,32.9,108,43.4,42.9,32.6 / 116,32.9 / 108
8243,SC,Black / Green,M,71,63.3,83.2,107,31.5,31.8,31.5,112,31.8,102,41.9,41.3,31.5 / 112,31.8 / 102
8243,SC,Green,M,71,61.9,81.3,105,30.6,31.3,30.6,108,31.3,101,40.6,40.7,30.6 / 108,31.3 / 101
8243,SC,Blue,F,71,78.4,110.8,138,38.4,40.0,38.4,136,40.0,139,54.4,56.4,38.4 / 136,40.0 / 139
8243,SC,White,F,71,76.3,107.6,133,37.3,39.0,37.3,131,39.0,134,52.8,54.8,37.3 / 131,39.0 / 134
8243,SC,White / Black,F,71,73.5,103.4,127,36.5,37.0,36.5,127,37.0,126,51.5,51.9,36.5 / 127,37.0 / 126
8243,SC,Black,F,71,70.9,99.5,122,35.4,35.5,35.4,123,35.5,120,49.9,49.6,35.4 / 123,35.5 / 120
8243,SC,Black / Green,F,71,67.6,95.1,117,33.7,33.9,33.7,118,33.9,115,47.6,47.5,33.7 / 118,33.9 / 115
8243,SC,Green,F,71,65.4,91.3,110,32.1,33.3,32.1,109,33.3,110,45.0,46.3,32.1 / 109,33.3 / 110
8114,SC,Tee 5,M,72,73.0,98.1,135,36.6,36.4,36.6,139,36.4,131,49.5,48.6,36.6 / 139,36.4 / 131
8114,SC,Tee 4,M,72,71.1,95.2,130,35.6,35.5,35.6,132,35.5,127,47.9,47.3,35.6 / 132,35.5 / 127
8114,SC,Tee 4 / 3,M,72,70.3,93.9,127,35.1,35.2,35.1,128,35.2,126,47.0,46.9,35.1 / 128,35.2 / 126
8114,SC,Tee 3,M,72,69.2,92.1,124,34.5,34.7,34.5,123,34.7,124,45.9,46.2,34.5 / 123,34.7 / 124
8114,SC,Tee 3 / 2,M,72,67.8,90.1,120,34.1,33.7,34.1,116,33.7,124,44.9,45.2,34.1 / 116,33.7 / 124
8114,SC,Tee 2,M,72,67.0,88.3,115,33.5,33.5,33.5,113,33.5,116,44.0,44.3,33.5 / 113,33.5 / 116
8114,SC,Tee 1,M,72,64.0,83.5,105,32.0,32.0,32.0,104,32.0,105,41.7,41.8,32.0 / 104,32.0 / 105
8114,SC,Forward,M,72,60.9,79.0,98,30.6,30.3,30.6,97,30.3,98,39.6,39.4,30.6 / 97,30.3 / 98
8114,SC,Tee 4,F,72,77.1,108.8,135,38.7,38.4,38.7,132,38.4,137,54.3,54.5,38.7 / 132,38.4 / 137
8114,SC,Tee 4 / 3,F,72,76.1,107.4,133,38.1,38.0,38.1,130,38.0,136,53.4,54.0,38.1 / 130,38.0 / 136
8114,SC,Tee 3,F,72,74.8,105.4,130,37.3,37.5,37.3,127,37.5,132,52.3,53.1,37.3 / 127,37.5 / 132
8114,SC,Tee 3 / 2,F,72,73.2,103.1,127,36.7,36.5,36.7,125,36.5,129,51.4,51.7,36.7 / 125,36.5 / 129
8114,SC,Tee 2,F,72,72.3,101.5,124,36.2,36.1,36.2,121,36.1,126,50.5,51.0,36.2 / 121,36.1 / 126
8114,SC,Tee 1,F,72,68.7,96.0,116,34.6,34.1,34.6,109,34.1,122,47.5,48.5,34.6 / 109,34.1 / 122
8114,SC,Forward,F,72,63.1,87.3,103,31.6,31.5,31.6,103,31.5,103,43.7,43.6,31.6 / 103,31.5 / 103
8223,SC,Black,M,72,70.5,94.3,128,34.4,36.1,34.4,124,36.1,132,45.9,48.4,34.4 / 124,36.1 / 132
8223,SC,White,M,72,68.3,90.8,122,33.6,34.7,33.6,122,34.7,121,44.9,45.9,33.6 / 122,34.7 / 121
8223,SC,Gold,M,72,65.9,86.8,113,32.9,33.0,32.9,113,33.0,112,43.4,43.4,32.9 / 113,33.0 / 112
8223,SC,Green,M,72,63.1,83.3,109,31.6,31.5,31.6,109,31.5,109,41.7,41.6,31.6 / 109,31.5 / 109
8223,SC,Gold,F,72,71.3,100.7,125,35.6,35.7,35.6,126,35.7,123,50.5,50.2,35.6 / 126,35.7 / 123
8223,SC,Red,F,72,67.3,93.7,112,33.5,33.8,33.5,114,33.8,110,46.9,46.8,33.5 / 114,33.8 / 110
15200,SC,Gold,M,72,72.5,97.2,133,36.2,36.3,36.2,130,36.3,136,48.3,48.9,36.2 / 130,36.3 / 136
15200,SC,Blue,M,72,70.5,93.5,124,35.0,35.5,35.0,123,35.5,125,46.4,47.1,35.0 / 123,35.5 / 125
15200,SC,White,M,72,68.7,91.0,120,34.1,34.6,34.1,119,34.6,121,45.2,45.8,34.1 / 119,34.6 / 121
15200,SC,Green,M,72,65.7,85.4,106,32.4,33.3,32.4,105,33.3,107,42.2,43.2,32.4 / 105,33.3 / 107
15200,SC,Hybrid,M,72,63.9,82.9,102,31.6,32.3,31.6,101,32.3,103,41.0,41.9,31.6 / 101,32.3 / 103
15200,SC,White,F,72,74.5,105.9,133,37.1,37.4,37.1,128,37.4,138,52.2,53.7,37.1 / 128,37.4 / 138
15200,SC,Green,F,72,70.8,98.5,118,34.9,35.9,34.9,115,35.9,120,48.5,50.0,34.9 / 115,35.9 / 120
15200,SC,Hybrid,F,72,68.6,95.3,113,33.7,34.9,33.7,111,34.9,115,46.8,48.5,33.7 / 111,34.9 / 115
15202,SC,Gold,M,72,73.1,98.7,138,36.9,36.2,36.9,145,36.2,130,50.4,48.3,36.9 / 145,36.2 / 130
15202,SC,Blue,M,72,70.9,95.3,132,35.9,35.0,35.9,139,35.0,124,48.8,46.5,35.9 / 139,35.0 / 124
15202,SC,White,M,72,69.0,91.7,122,34.8,34.2,34.8,126,34.2,118,46.5,45.2,34.8 / 126,34.2 / 118
15202,SC,Green,M,72,66.3,85.8,105,33.9,32.4,33.9,104,32.4,105,43.6,42.2,33.9 / 104,32.4 / 105
15202,SC,Hybrid,M,72,64.7,83.3,100,33.1,31.6,33.1,99,31.6,101,42.3,41.0,33.1 / 99,31.6 / 101
15202,SC,White,F,72,75.1,106.3,133,38.0,37.1,38.0,137,37.1,128,54.1,52.2,38.0 / 137,37.1 / 128
15202,SC,Green,F,72,70.8,99.5,122,35.9,34.9,35.9,127,34.9,116,50.9,48.6,35.9 / 127,34.9 / 116
15202,SC,Hybrid,F,72,68.4,95.8,116,34.7,33.7,34.7,121,33.7,111,49.0,46.8,34.7 / 121,33.7 / 111
15201,SC,Gold,M,72,73.3,99.3,140,36.3,37.0,36.3,136,37.0,144,48.9,50.4,36.3 / 136,37.0 / 144
15201,SC,Blue,M,72,71.4,95.9,132,35.5,35.9,35.5,125,35.9,139,47.1,48.8,35.5 / 125,35.9 / 139
15201,SC,White,M,72,69.4,92.3,124,34.6,34.8,34.6,121,34.8,126,45.8,46.5,34.6 / 121,34.8 / 126
15201,SC,Green,M,72,67.3,86.7,105,33.3,34.0,33.3,107,34.0,102,43.2,43.5,33.3 / 107,34.0 / 102
15201,SC,Hybrid,M,72,65.5,84.2,101,32.3,33.2,32.3,103,33.2,98,41.9,42.3,32.3 / 103,33.2 / 98
15201,SC,White,F,72,75.4,107.9,138,37.4,38.0,37.4,138,38.0,137,53.7,54.2,37.4 / 138,38.0 / 137
15201,SC,Green,F,72,71.8,101.0,124,35.9,35.9,35.9,120,35.9,128,50.0,51.0,35.9 / 120,35.9 / 128
15201,SC,Hybrid,F,72,69.7,97.6,118,34.9,34.8,34.9,115,34.8,121,48.5,49.1,34.9 / 115,34.8 / 121
8041,SC,Blue,M,72,74.3,102.1,150,37.3,37.0,37.3,146,37.0,153,50.9,51.2,37.3 / 146,37.0 / 153
8041,SC,White,M,72,72.1,98.5,142,36.2,35.9,36.2,141,35.9,143,49.3,49.2,36.2 / 141,35.9 / 143
8041,SC,White / Yellow,M,72,69.9,93.9,129,35.2,34.7,35.2,131,34.7,127,47.4,46.5,35.2 / 131,34.7 / 127
8041,SC,Yellow,M,72,67.6,90.0,121,34.4,33.2,34.4,122,33.2,119,45.7,44.3,34.4 / 122,33.2 / 119
8041,SC,Red,M,72,66.0,87.8,117,33.2,32.8,33.2,117,32.8,117,44.1,43.7,33.2 / 117,32.8 / 117
8041,SC,Forward,M,72,61.4,81.9,111,30.5,30.9,30.5,110,30.9,111,40.7,41.2,30.5 / 110,30.9 / 111
8041,SC,White,F,72,77.8,111.7,144,39.2,38.6,39.2,142,38.6,146,55.9,55.8,39.2 / 142,38.6 / 146
8041,SC,Yellow,F,72,72.6,103.9,133,36.9,35.7,36.9,131,35.7,134,52.4,51.5,36.9 / 131,35.7 / 134
8041,SC,Red,F,72,70.7,100.9,128,35.4,35.3,35.4,126,35.3,130,50.3,50.6,35.4 / 126,35.3 / 130
8041,SC,Forward,F,72,64.8,92.0,116,32.0,32.8,32.0,114,32.8,117,45.4,46.6,32.0 / 114,32.8 / 117
8379,SC,Blue,M,72,73.4,98.2,134,36.5,36.9,36.5,135,36.9,132,49.0,49.2,36.5 / 135,36.9 / 132
8379,SC,Blue / White,M,72,71.8,96.2,131,35.9,35.9,35.9,132,35.9,130,48.2,48.0,35.9 / 132,35.9 / 130
8379,SC,White,M,72,71.0,95.2,130,35.5,35.5,35.5,130,35.5,130,47.6,47.6,35.5 / 130,35.5 / 130
8379,SC,White/Gold Blitz,M,72,69.4,93.0,127,34.6,34.8,34.6,125,34.8,129,46.2,46.8,34.6 / 125,34.8 / 129
8379,SC,Gold,M,72,68.1,90.5,121,33.9,34.2,33.9,121,34.2,121,45.1,45.4,33.9 / 121,34.2 / 121
8379,SC,Gold/Red Blitz,M,72,66.7,88.0,115,33.3,33.4,33.3,111,33.4,118,43.6,44.4,33.3 / 111,33.4 / 118
8379,SC,Red,M,72,65.6,86.3,112,32.7,32.9,32.7,108,32.9,115,42.7,43.6,32.7 / 108,32.9 / 115
8379,SC,White,F,72,77.0,110.4,142,38.3,38.7,38.3,143,38.7,140,55.2,55.2,38.3 / 143,38.7 / 140
8379,SC,Gold,F,72,73.6,105.3,135,36.6,37.0,36.6,137,37.0,132,52.7,52.6,36.6 / 137,37.0 / 132
8379,SC,Gold / Red,F,72,71.6,101.7,128,35.7,35.9,35.7,128,35.9,127,50.8,50.9,35.7 / 128,35.9 / 127
8379,SC,Red,F,72,70.1,99.6,125,34.9,35.2,34.9,128,35.2,122,50.0,49.6,34.9 / 128,35.2 / 122
8379,SC,Silver,F,72,65.9,91.5,109,33.1,32.8,33.1,107,32.8,110,45.7,45.8,33.1 / 107,32.8 / 110
8144,SC,1,M,71,74.5,101.3,144,36.1,38.4,36.1,133,38.4,155,48.5,52.8,36.1 / 133,38.4 / 155
8144,SC,1 & 2,M,71,72.3,98.3,140,34.9,37.4,34.9,131,37.4,149,47.1,51.2,34.9 / 131,37.4 / 149
8144,SC,2,M,71,71.3,95.9,133,34.3,37.0,34.3,125,37.0,140,45.9,50.0,34.3 / 125,37.0 / 140
8144,SC,2 & 3,M,71,69.3,93.2,129,33.6,35.7,33.6,122,35.7,136,44.9,48.3,33.6 / 122,35.7 / 136
8144,SC,3,M,71,68.0,90.9,123,33.0,35.0,33.0,118,35.0,128,44.0,46.9,33.0 / 118,35.0 / 128
8144,SC,4,M,70,62.1,80.3,98,30.0,32.1,30.0,94,32.1,102,38.7,41.6,30.0 / 94,32.1 / 102
8144,SC,1 & 2,F,73,78.2,112.3,145,37.7,40.5,37.7,137,40.5,152,53.9,58.4,37.7 / 137,40.5 / 152
8144,SC,2,F,73,76.9,110.2,141,37.0,39.9,37.0,134,39.9,148,52.8,57.4,37.0 / 134,39.9 / 148
8144,SC,2 & 3,F,71,74.9,107.2,137,36.2,38.7,36.2,131,38.7,143,51.6,55.6,36.2 / 131,38.7 / 143
8144,SC,3,F,71,73.0,104.5,134,35.3,37.7,35.3,127,37.7,140,50.3,54.2,35.3 / 127,37.7 / 140
8144,SC,4,F,71,65.2,89.7,104,31.0,34.2,31.0,101,34.2,107,42.9,46.8,31.0 / 101,34.2 / 107
8314,SC,Gold,M,72,71.2,95.8,132,35.9,35.3,35.9,132,35.3,132,48.2,47.6,35.9 / 132,35.3 / 132
8314,SC,Blue,M,72,69.8,93.9,130,34.7,35.1,34.7,132,35.1,127,47.0,46.9,34.7 / 132,35.1 / 127
8314,SC,White,M,72,68.3,91.1,123,34.2,34.1,34.2,121,34.1,125,45.4,45.7,34.2 / 121,34.1 / 125
8314,SC,Yellow,M,72,66.0,86.9,113,32.5,33.5,32.5,108,33.5,117,42.5,44.4,32.5 / 108,33.5 / 117
8314,SC,Red,M,72,64.3,84.6,109,32.0,32.3,32.0,105,32.3,113,41.8,42.8,32.0 / 105,32.3 / 113
8314,SC,Gold,F,72,77.2,111.7,146,39.0,38.2,39.0,150,38.2,142,56.7,55.0,39.0 / 150,38.2 / 142
8314,SC,Blue,F,72,75.3,108.9,143,37.8,37.5,37.8,146,37.5,139,55.0,53.9,37.8 / 146,37.5 / 139
8314,SC,White,F,72,73.6,106.1,138,36.8,36.8,36.8,142,36.8,133,53.6,52.5,36.8 / 142,36.8 / 133
8314,SC,Yellow,F,72,69.9,100.0,128,34.4,35.5,34.4,122,35.5,133,48.8,51.2,34.4 / 122,35.5 / 133
8314,SC,Red,F,72,67.9,95.8,118,33.9,34.0,33.9,116,34.0,120,47.6,48.2,33.9 / 116,34.0 / 120
8300,SC,Men,M,72,70.4,92.4,118,35.3,35.1,35.3,117,35.1,119,46.2,46.2,35.3 / 117,35.1 / 119
8300,SC,Senior,M,72,66.4,87.1,112,33.1,33.3,33.1,112,33.3,111,43.5,43.6,33.1 / 112,33.3 / 111
8300,SC,Ladies,F,72,70.6,97.9,116,35.3,35.3,35.3,114,35.3,117,48.8,49.1,35.3 / 114,35.3 / 117
14196,SC,Blue,M,72,72.6,96.4,128,35.6,37.0,35.6,128,37.0,128,47.5,48.9,35.6 / 128,37.0 / 128
14196,SC,White,M,72,70.9,94.2,126,35.1,35.8,35.1,124,35.8,127,46.6,47.6,35.1 / 124,35.8 / 127
14196,SC,Gold,M,72,66.5,88.0,116,33.3,33.2,33.3,115,33.2,116,44.0,44.0,33.3 / 115,33.2 / 116
14196,SC,Red,M,69,63.6,84.1,111,31.3,32.3,31.3,107,32.3,114,41.2,42.9,31.3 / 107,32.3 / 114
14196,SC,Gold,F,72,71.0,99.6,122,34.9,36.1,34.9,120,36.1,123,49.0,50.6,34.9 / 120,36.1 / 123
14196,SC,Red,F,72,68.4,95.5,115,33.5,34.9,33.5,110,34.9,120,46.5,49.0,33.5 / 110,34.9 / 120
8170,SC,Black,M,72,73.4,98.3,134,36.8,36.6,36.8,127,36.6,141,48.6,49.7,36.8 / 127,36.6 / 141
8170,SC,Blue,M,72,71.8,96.0,131,36.1,35.7,36.1,123,35.7,138,47.5,48.5,36.1 / 123,35.7 / 138
8170,SC,Blue / White,M,72,70.9,94.3,126,35.6,35.3,35.6,122,35.3,130,46.9,47.4,35.6 / 122,35.3 / 130
8170,SC,White,M,72,70.3,93.0,122,35.2,35.1,35.2,118,35.1,126,46.2,46.8,35.2 / 118,35.1 / 126
8170,SC,Gold,M,72,67.9,90.2,120,34.1,33.8,34.1,117,33.8,123,45.0,45.2,34.1 / 117,33.8 / 123
8170,SC,Gold / Green,M,72,67.2,89.2,118,34.1,33.1,34.1,117,33.1,119,45.0,44.2,34.1 / 117,33.1 / 119
8170,SC,Red,M,70,64.3,84.9,111,33.0,31.3,33.0,111,31.3,111,43.3,41.6,33.0 / 111,31.3 / 111
8170,SC,Forward,M,67,61.9,82.0,109,31.3,30.6,31.3,109,30.6,108,41.4,40.6,31.3 / 109,30.6 / 108
8170,SC,Blue,F,72,77.5,111.1,143,38.9,38.6,38.9,137,38.6,148,55.1,56.0,38.9 / 137,38.6 / 148
8170,SC,White,F,72,75.4,107.9,138,37.8,37.6,37.8,132,37.6,143,53.4,54.5,37.8 / 132,37.6 / 143
8170,SC,Gold,F,72,72.9,104.1,132,36.6,36.3,36.6,127,36.3,137,51.6,52.5,36.6 / 127,36.3 / 137
8170,SC,Red,F,71,68.4,96.2,118,35.3,33.1,35.3,119,33.1,117,49.3,46.9,35.3 / 119,33.1 / 117
8170,SC,Forward,F,67,64.1,90.7,113,32.7,31.4,32.7,113,31.4,113,46.0,44.7,32.7 / 113,31.4 / 113
8238,SC,Championship,M,72,73.3,99.9,144,36.7,36.6,36.7,150,36.6,137,50.6,49.3,36.7 / 150,36.6 / 137
8238,SC,Blue,M,72,71.9,97.3,137,36.1,35.8,36.1,139,35.8,135,49.0,48.3,36.1 / 139,35.8 / 135
8238,SC,White,M,72,70.4,94.8,131,35.4,35.0,35.4,133,35.0,129,47.8,47.0,35.4 / 133,35.0 / 129
8238,SC,Member,M,72,69.9,93.9,129,35.3,34.6,35.3,130,34.6,128,47.4,46.5,35.3 / 130,34.6 / 128
8238,SC,Gold,M,72,68.2,91.5,126,34.7,33.5,34.7,125,33.5,126,46.3,45.2,34.7 / 125,33.5 / 126
8238,SC,Red,M,72,64.3,86.3,118,32.7,31.6,32.7,118,31.6,118,43.7,42.6,32.7 / 118,31.6 / 118
8238,SC,White,F,72,76.1,109.9,144,38.1,38.0,38.1,149,38.0,139,55.7,54.4,38.1 / 149,38.0 / 139
8238,SC,Gold,F,72,73.2,105.9,139,36.8,36.4,36.8,143,36.4,134,53.7,52.2,36.8 / 143,36.4 / 134
8238,SC,Red,F,72,69.3,98.4,124,35.0,34.3,35.0,129,34.3,118,50.2,48.2,35.0 / 129,34.3 / 118
8087,SC,Blue,M,72,72.6,98.4,139,36.1,36.5,36.1,132,36.5,145,48.4,50.0,36.1 / 132,36.5 / 145
8087,SC,White,M,72,70.7,95.3,133,35.2,35.5,35.2,128,35.5,137,47.1,48.2,35.2 / 128,35.5 / 137
8087,SC,Gold,M,72,67.1,89.4,120,33.8,33.3,33.8,121,33.3,119,45.0,44.4,33.8 / 121,33.3 / 119
8087,SC,Red,M,72,63.3,83.7,110,31.3,32.0,31.3,109,32.0,111,41.4,42.3,31.3 / 109,32.0 / 111
8087,SC,Gold,F,72,72.9,103.3,129,36.8,36.1,36.8,132,36.1,126,52.4,50.9,36.8 / 132,36.1 / 126
8087,SC,Red,F,72,67.1,94.3,116,33.5,33.6,33.5,112,33.6,119,46.7,47.6,33.5 / 112,33.6 / 119
8184,SC,Gold / Green,M,70,65.6,86.6,113,33.3,32.3,33.3,115,32.3,111,44.0,42.6,33.3 / 115,32.3 / 111
8184,SC,Black,M,68,61.2,79.0,96,30.6,30.6,30.6,96,30.6,96,39.5,39.5,30.6 / 96,30.6 / 96
8184,SC,Blue / Red,F,70,65.3,91.3,111,33.2,32.1,33.2,113,32.1,108,46.5,44.8,33.2 / 113,32.1 / 108
8184,SC,Black,F,68,63.8,89.4,109,31.9,31.9,31.9,109,31.9,108,44.8,44.6,31.9 / 109,31.9 / 108
8244,SC,Blue,M,71,69.2,92.6,126,34.8,34.4,34.8,125,34.4,127,46.4,46.2,34.8 / 125,34.4 / 127
8244,SC,White,M,71,67.7,89.5,117,34.0,33.7,34.0,116,33.7,118,44.8,44.7,34.0 / 116,33.7 / 118
8244,SC,Gold,M,71,65.2,85.7,111,32.8,32.4,32.8,111,32.4,110,43.1,42.6,32.8 / 111,32.4 / 110
8244,SC,Red,M,71,64.3,84.5,109,32.3,32.0,32.3,109,32.0,109,42.4,42.1,32.3 / 109,32.0 / 109
8244,SC,Blue,F,71,74.8,107.3,138,37.4,37.4,37.4,143,37.4,132,54.3,53.0,37.4 / 143,37.4 / 132
8244,SC,White,F,71,72.3,103.9,134,36.1,36.2,36.1,139,36.2,129,52.5,51.4,36.1 / 139,36.2 / 129
8244,SC,Gold,F,71,70.1,99.6,125,35.3,34.8,35.3,127,34.8,123,50.3,49.3,35.3 / 127,34.8 / 123
8244,SC,Red,F,71,69.1,97.7,121,34.7,34.4,34.7,121,34.4,121,49.0,48.7,34.7 / 121,34.4 / 121
20902,SC,Championship Red,M,62,60.4,78.5,98,30.3,30.1,30.3,99,30.1,96,39.5,39.0,30.3 / 99,30.1 / 96
20902,SC,Red / Gold,M,62,59.8,77.6,96,30.0,29.8,30.0,97,29.8,95,39.0,38.6,30.0 / 97,29.8 / 95
20902,SC,Tournament Gold,M,62,59.4,77.1,96,29.8,29.6,29.8,97,29.6,94,38.8,38.3,29.8 / 97,29.6 / 94
20902,SC,Gold / Blue,M,62,58.6,75.8,93,29.3,29.3,29.3,94,29.3,91,38.0,37.8,29.3 / 94,29.3 / 91
20902,SC,Member Blue,M,62,58.2,75.1,91,29.2,29.0,29.2,93,29.0,89,37.8,37.3,29.2 / 93,29.0 / 89
20902,SC,Blue / White,M,62,57.8,74.7,91,29.1,28.7,29.1,91,28.7,90,37.6,37.1,29.1 / 91,28.7 / 90
20902,SC,Club White,M,62,57.1,73.8,90,28.6,28.5,28.6,93,28.5,87,37.2,36.6,28.6 / 93,28.5 / 87
20902,SC,White / Black,M,62,56.5,72.9,88,28.3,28.2,28.3,90,28.2,86,36.7,36.2,28.3 / 90,28.2 / 86
20902,SC,Forward Black,M,62,56.0,71.9,86,28.1,27.9,28.1,89,27.9,82,36.4,35.5,28.1 / 89,27.9 / 82
20902,SC,Black / Orange,M,62,54.9,69.3,78,27.7,27.2,27.7,80,27.2,75,35.1,34.2,27.7 / 80,27.2 / 75
20902,SC,Orange,M,62,54.6,68.9,77,27.5,27.1,27.5,80,27.1,74,34.9,34.0,27.5 / 80,27.1 / 74
20902,SC,Championship Red,F,62,63.5,88.7,107,32.0,31.5,32.0,109,31.5,104,44.9,43.8,32.0 / 109,31.5 / 104
20902,SC,Red / Gold,F,62,62.6,87.0,104,31.5,31.1,31.5,104,31.1,103,43.8,43.2,31.5 / 104,31.1 / 103
20902,SC,Tournament Gold,F,62,62.0,86.1,102,31.2,30.8,31.2,103,30.8,101,43.4,42.7,31.2 / 103,30.8 / 101
20902,SC,Gold / Blue,F,62,60.8,83.9,98,30.5,30.3,30.5,98,30.3,98,42.1,41.8,30.5 / 98,30.3 / 98
20902,SC,Member Blue,F,62,60.2,83.1,98,30.3,29.9,30.3,98,29.9,97,41.8,41.3,30.3 / 98,29.9 / 97
20902,SC,Blue / White,F,62,59.7,82.6,98,30.0,29.7,30.0,98,29.7,97,41.5,41.1,30.0 / 98,29.7 / 97
20902,SC,Club White,F,62,59.3,81.5,95,29.8,29.5,29.8,92,29.5,97,40.6,40.9,29.8 / 92,29.5 / 97
20902,SC,White / Black,F,62,58.7,80.6,93,29.5,29.2,29.5,92,29.2,93,40.4,40.2,29.5 / 92,29.2 / 93
20902,SC,Forward Black,F,62,58.2,78.8,88,29.3,28.9,29.3,89,28.9,86,39.8,39.0,29.3 / 89,28.9 / 86
20902,SC,Black / Orange,F,62,57.0,76.8,84,28.7,28.3,28.7,86,28.3,81,38.9,37.9,28.7 / 86,28.3 / 81
20902,SC,Orange,F,62,56.7,76.3,83,28.5,28.2,28.5,86,28.2,80,38.7,37.6,28.5 / 86,28.2 / 80
20900,SC,Championship Red,M,72,73.8,99.8,140,37.0,36.8,37.0,141,36.8,139,50.1,49.7,37.0 / 141,36.8 / 139
20900,SC,Tournament Gold,M,72,72.1,97.5,137,36.3,35.8,36.3,138,35.8,136,49.1,48.4,36.3 / 138,35.8 / 136
20900,SC,Gold/Blue,M,72,70.7,95.9,136,35.6,35.1,35.6,136,35.1,136,48.2,47.7,35.6 / 136,35.1 / 136
20900,SC,Member Blue,M,72,69.5,93.7,130,35.1,34.4,35.1,131,34.4,129,47.3,46.4,35.1 / 131,34.4 / 129
20900,SC,Blue/White,M,72,68.8,92.1,126,34.7,34.1,34.7,124,34.1,127,46.2,45.9,34.7 / 124,34.1 / 127
20900,SC,Club White,M,72,67.4,89.6,120,33.9,33.5,33.9,116,33.5,123,44.7,44.9,33.9 / 116,33.5 / 123
20900,SC,White/Black,M,72,65.8,87.5,117,32.9,32.9,32.9,115,32.9,118,43.6,43.9,32.9 / 115,32.9 / 118
20900,SC,Forward Black,M,72,64.2,85.6,115,32.2,32.0,32.2,118,32.0,112,43.2,42.4,32.2 / 118,32.0 / 112
20900,SC,Black/Orange,M,72,62.4,83.1,112,31.4,31.0,31.4,115,31.0,108,42.1,41.0,31.4 / 115,31.0 / 108
20900,SC,Orange,M,72,61.3,81.6,109,30.9,30.4,30.9,113,30.4,105,41.4,40.2,30.9 / 113,30.4 / 105
20900,SC,Championship Red,F,72,79.9,113.7,143,40.2,39.7,40.2,143,39.7,143,57.1,56.6,40.2 / 143,39.7 / 143
20900,SC,Tournament Gold,F,72,77.7,110.5,139,39.2,38.5,39.2,140,38.5,138,55.7,54.8,39.2 / 140,38.5 / 138
20900,SC,Member Blue,F,72,75.0,106.4,133,37.9,37.1,37.9,134,37.1,132,53.7,52.7,37.9 / 134,37.1 / 132
20900,SC,Blue/White,F,72,74.0,105.0,131,37.3,36.7,37.3,131,36.7,131,52.8,52.2,37.3 / 131,36.7 / 131
20900,SC,Club White,F,72,72.3,102.5,128,36.2,36.1,36.2,127,36.1,129,51.2,51.3,36.2 / 127,36.1 / 129
20900,SC,White/Black,F,72,70.7,99.9,124,35.3,35.4,35.3,121,35.4,126,49.6,50.3,35.3 / 121,35.4 / 126
20900,SC,Forward Black,F,72,69.5,98.1,122,34.9,34.6,34.9,120,34.6,123,49.0,49.1,34.9 / 120,34.6 / 123
20900,SC,Black/Orange,F,72,66.6,93.6,114,33.4,33.2,33.4,114,33.2,114,46.9,46.7,33.4 / 114,33.2 / 114
20900,SC,Front Orange,F,72,64.4,90.0,109,32.4,32.0,32.4,109,32.0,108,45.3,44.7,32.4 / 109,32.0 / 108
20901,SC,Championship Red,M,72,72.5,97.4,134,36.5,36.0,36.5,133,36.0,135,48.9,48.5,36.5 / 133,36.0 / 135
20901,SC,Tournament Gold,M,72,70.4,94.1,128,35.6,34.8,35.6,129,34.8,126,47.6,46.5,35.6 / 129,34.8 / 126
20901,SC,Gold/Blue,M,72,69.7,93.4,128,35.2,34.5,35.2,129,34.5,126,47.2,46.2,35.2 / 129,34.5 / 126
20901,SC,Member Blue,M,72,68.0,90.2,120,34.3,33.7,34.3,121,33.7,118,45.5,44.7,34.3 / 121,33.7 / 118
20901,SC,Blue/White,M,72,67.1,88.9,117,33.9,33.2,33.9,117,33.2,117,44.8,44.1,33.9 / 117,33.2 / 117
20901,SC,Club White,M,72,65.0,85.5,111,32.8,32.2,32.8,112,32.2,109,43.2,42.3,32.8 / 112,32.2 / 109
20901,SC,White/Black,M,72,63.6,83.6,108,31.9,31.7,31.9,109,31.7,107,42.0,41.6,31.9 / 109,31.7 / 107
20901,SC,Forward Black,M,72,62.6,82.2,106,31.5,31.1,31.5,107,31.1,104,41.4,40.8,31.5 / 107,31.1 / 104
20901,SC,Black/Orange,M,72,60.8,79.6,101,30.5,30.3,30.5,102,30.3,100,40.0,39.6,30.5 / 102,30.3 / 100
20901,SC,Front Orange,M,72,60.3,78.9,100,30.3,30.0,30.3,102,30.0,98,39.8,39.1,30.3 / 102,30.0 / 98
20901,SC,Championship Red,F,74,78.6,111.4,139,39.7,38.9,39.7,141,38.9,137,56.3,55.1,39.7 / 141,38.9 / 137
20901,SC,Tournament Gold,F,72,76.2,107.7,134,38.5,37.7,38.5,135,37.7,132,54.4,53.3,38.5 / 135,37.7 / 132
20901,SC,Member Blue,F,72,73.4,103.5,128,37.0,36.4,37.0,129,36.4,126,52.2,51.3,37.0 / 129,36.4 / 126
20901,SC,Blue/White,F,72,72.4,102.0,126,36.5,35.9,36.5,127,35.9,124,51.5,50.5,36.5 / 127,35.9 / 124
20901,SC,Club White,F,72,69.7,97.5,118,35.1,34.6,35.1,117,34.6,119,48.9,48.6,35.1 / 117,34.6 / 119
20901,SC,White/Black,F,72,68.1,95.3,115,34.0,34.1,34.0,116,34.1,114,47.7,47.6,34.0 / 116,34.1 / 114
20901,SC,Forward Black,F,72,66.5,92.9,112,33.5,33.0,33.5,114,33.0,110,46.9,46.0,33.5 / 114,33.0 / 110
20901,SC,Black/Orange,F,72,63.4,88.1,105,31.7,31.7,31.7,105,31.7,104,44.1,44.0,31.7 / 105,31.7 / 104
20901,SC,Front Orange,F,72,62.5,86.8,103,31.5,31.0,31.5,104,31.0,102,43.8,43.0,31.5 / 104,31.0 / 102
8130,SC,Blue,M,72,73.2,98.6,137,36.8,36.4,36.8,130,36.4,143,48.9,49.7,36.8 / 130,36.4 / 143
8130,SC,White,M,72,71.1,95.9,134,36.0,35.1,36.0,125,35.1,142,47.6,48.3,36.0 / 125,35.1 / 142
8130,SC,White / Gold,M,72,69.9,93.5,127,35.5,34.4,35.5,125,34.4,129,47.1,46.4,35.5 / 125,34.4 / 129
8130,SC,Gold,M,72,69.0,92.0,124,35.1,33.9,35.1,126,33.9,122,46.8,45.2,35.1 / 126,33.9 / 122
8130,SC,Gold / Silver,M,72,66.9,88.7,117,33.9,33.0,33.9,118,33.0,116,44.9,43.8,33.9 / 118,33.0 / 116
8130,SC,Silver,M,72,64.5,85.1,111,32.6,31.9,32.6,116,31.9,105,43.4,41.7,32.6 / 116,31.9 / 105
8130,SC,Junior,M,68,59.6,78.9,104,29.7,29.9,29.7,109,29.9,99,39.8,39.1,29.7 / 109,29.9 / 99
8130,SC,Gold,F,72,74.4,106.2,135,37.8,36.6,37.8,133,36.6,137,53.5,52.7,37.8 / 133,36.6 / 137
8130,SC,Gold / Silver,F,72,71.9,101.9,127,36.4,35.5,36.4,123,35.5,131,50.9,51.0,36.4 / 123,35.5 / 131
8130,SC,Silver,F,72,69.5,97.7,120,35.4,34.1,35.4,119,34.1,120,49.4,48.3,35.4 / 119,34.1 / 120
8130,SC,Red,F,72,68.9,96.7,118,35.1,33.8,35.1,119,33.8,117,49.1,47.6,35.1 / 119,33.8 / 117
8130,SC,Semi Forward,F,72,65.2,91.4,111,33.1,32.1,33.1,117,32.1,105,46.9,44.5,33.1 / 117,32.1 / 105
8130,SC,Forward,F,72,61.1,85.5,104,30.4,30.7,30.4,106,30.7,101,42.9,42.6,30.4 / 106,30.7 / 101
8315,SC,Blue,M,71,70.8,95.6,134,35.1,35.7,35.1,135,35.7,132,47.6,48.0,35.1 / 135,35.7 / 132
8315,SC,White,M,71,68.6,92.8,130,33.9,34.7,33.9,130,34.7,130,46.0,46.8,33.9 / 130,34.7 / 130
8315,SC,Gold,M,71,65.5,86.5,113,32.2,33.3,32.2,108,33.3,118,42.2,44.3,32.2 / 108,33.3 / 118
8315,SC,Red,M,71,63.6,83.9,109,31.4,32.2,31.4,105,32.2,113,41.2,42.7,31.4 / 105,32.2 / 113
8315,SC,Blue,F,71,77.4,111.4,144,38.5,38.9,38.5,143,38.9,145,55.4,56.0,38.5 / 143,38.9 / 145
8315,SC,White,F,71,75.0,107.5,138,37.3,37.7,37.3,137,37.7,138,53.5,54.0,37.3 / 137,37.7 / 138
8315,SC,Gold,F,71,70.7,100.0,125,34.8,35.9,34.8,120,35.9,129,48.9,51.1,34.8 / 120,35.9 / 129
8315,SC,Red,F,71,68.3,96.1,118,33.7,34.6,33.7,114,34.6,122,47.1,49.0,33.7 / 114,34.6 / 122
8043,SC,White,M,71,68.7,90.8,119,34.7,34.0,34.7,114,34.0,124,45.3,45.5,34.7 / 114,34.0 / 124
8043,SC,Gold,M,71,66.7,87.7,113,33.8,32.9,33.8,109,32.9,117,43.9,43.8,33.8 / 109,32.9 / 117
8043,SC,Red,M,71,63.0,82.6,106,31.7,31.3,31.7,99,31.3,112,40.9,41.7,31.7 / 99,31.3 / 112
8043,SC,White,F,73,74.1,105.0,131,37.5,36.6,37.5,128,36.6,134,52.6,52.4,37.5 / 128,36.6 / 134
8043,SC,Gold,F,73,71.7,101.5,127,36.4,35.3,36.4,124,35.3,129,51.0,50.5,36.4 / 124,35.3 / 129
8043,SC,Red,F,73,66.4,91.9,108,33.5,32.9,33.5,107,32.9,109,46.1,45.8,33.5 / 107,32.9 / 109
8042,SC,Black,M,72,71.5,96.8,136,35.4,36.1,35.4,125,36.1,147,47.0,49.8,35.4 / 125,36.1 / 147
8042,SC,Players,M,72,70.1,94.3,130,35.0,35.1,35.0,116,35.1,144,45.8,48.5,35.0 / 116,35.1 / 144
8042,SC,White,M,72,69.5,93.1,127,34.7,34.8,34.7,114,34.8,140,45.3,47.8,34.7 / 114,34.8 / 140
8042,SC,White / Gold,M,72,68.3,91.3,124,34.2,34.1,34.2,112,34.1,136,44.6,46.7,34.2 / 112,34.1 / 136
8042,SC,Gold,M,72,67.4,89.7,120,33.8,33.6,33.8,109,33.6,131,43.9,45.8,33.8 / 109,33.6 / 131
8042,SC,Red,M,72,63.7,84.5,112,31.7,32.0,31.7,99,32.0,125,40.9,43.6,31.7 / 99,32.0 / 125
8042,SC,White,F,75,75.3,108.4,141,37.5,37.8,37.5,128,37.8,153,52.6,55.8,37.5 / 128,37.8 / 153
8042,SC,Gold,F,75,72.8,104.8,136,36.4,36.4,36.4,124,36.4,148,51.0,53.8,36.4 / 124,36.4 / 148
8042,SC,Red,F,75,67.7,95.7,119,33.5,34.2,33.5,107,34.2,131,46.1,49.6,33.5 / 107,34.2 / 131
8044,SC,White,M,71,68.8,93.3,132,34.0,34.8,34.0,124,34.8,140,45.5,47.8,34.0 / 124,34.8 / 140
8044,SC,Gold,M,71,66.5,89.6,124,32.9,33.6,32.9,117,33.6,131,43.8,45.8,32.9 / 117,33.6 / 131
8044,SC,Red,M,71,63.3,85.3,119,31.3,32.0,31.3,112,32.0,125,41.7,43.6,31.3 / 112,32.0 / 125
8044,SC,White,F,72,74.4,108.2,144,36.6,37.8,36.6,134,37.8,153,52.4,55.8,36.6 / 134,37.8 / 153
8044,SC,Gold,F,72,71.7,104.3,139,35.3,36.4,35.3,129,36.4,148,50.5,53.8,35.3 / 129,36.4 / 148
8044,SC,Red,F,72,67.1,95.4,120,32.9,34.2,32.9,109,34.2,131,45.8,49.6,32.9 / 109,34.2 / 131
8334,SC,Black,M,72,73.9,101.5,149,37.0,36.9,37.0,147,36.9,150,50.7,50.8,37.0 / 147,36.9 / 150
8334,SC,Blue,M,72,71.7,97.4,139,35.9,35.8,35.9,138,35.8,139,48.7,48.7,35.9 / 138,35.8 / 139
8334,SC,Blue/White,M,72,70.8,96.1,137,35.5,35.3,35.5,137,35.3,136,48.2,47.9,35.5 / 137,35.3 / 136
8334,SC,White,M,72,69.5,93.0,127,34.7,34.8,34.7,129,34.8,124,46.7,46.3,34.7 / 129,34.8 / 124
8334,SC,Green,M,72,66.6,88.6,119,33.4,33.2,33.4,121,33.2,116,44.6,44.0,33.4 / 121,33.2 / 116
8334,SC,Gold,M,72,64.4,85.3,113,32.4,32.0,32.4,111,32.0,114,42.7,42.6,32.4 / 111,32.0 / 114
8334,SC,Red,M,72,62.3,82.0,106,31.3,31.0,31.3,103,31.0,109,40.9,41.1,31.3 / 103,31.0 / 109
8334,SC,Blue,F,72,78.2,112.7,147,39.1,39.1,39.1,145,39.1,148,56.2,56.5,39.1 / 145,39.1 / 148
8334,SC,White,F,72,75.5,108.6,141,37.8,37.7,37.8,139,37.7,142,54.2,54.4,37.8 / 139,37.7 / 142
8334,SC,Green,F,72,71.6,102.4,131,36.0,35.6,36.0,133,35.6,128,51.7,50.7,36.0 / 133,35.6 / 128
8334,SC,Gold,F,72,69.2,98.0,123,34.8,34.4,34.8,126,34.4,119,49.6,48.4,34.8 / 126,34.4 / 119
8334,SC,Red,F,72,65.9,93.3,116,33.1,32.8,33.1,115,32.8,117,46.7,46.6,33.1 / 115,32.8 / 117
8354,SC,Haas,M,71,73.8,101.0,147,36.1,37.7,36.1,142,37.7,151,49.3,51.7,36.1 / 142,37.7 / 151
8354,SC,Black,M,71,72.2,98.6,142,35.4,36.8,35.4,137,36.8,147,48.1,50.5,35.4 / 137,36.8 / 147
8354,SC,Black / Green,M,71,71.3,96.8,137,34.9,36.4,34.9,131,36.4,143,47.1,49.7,34.9 / 131,36.4 / 143
8354,SC,Green,M,71,70.5,95.2,133,34.6,35.9,34.6,125,35.9,141,46.2,49.0,34.6 / 125,35.9 / 141
8354,SC,Green / Silver,M,71,69.2,92.8,127,34.0,35.2,34.0,117,35.2,137,44.9,47.9,34.0 / 117,35.2 / 137
8354,SC,Silver,M,71,68.1,90.9,123,33.7,34.4,33.7,117,34.4,128,44.6,46.3,33.7 / 117,34.4 / 128
8354,SC,Gold,M,71,65.1,86.2,114,32.3,32.8,32.3,109,32.8,118,42.4,43.8,32.3 / 109,32.8 / 118
8354,SC,Red,M,71,63.4,84.1,112,31.5,31.9,31.5,107,31.9,116,41.4,42.7,31.5 / 107,31.9 / 116
8354,SC,Black,F,72,78.6,114.6,151,38.5,40.1,38.5,147,40.1,155,55.8,58.8,38.5 / 147,40.1 / 155
8354,SC,Black / Green,F,72,77.6,113.1,150,37.9,39.7,37.9,144,39.7,155,54.9,58.2,37.9 / 144,39.7 / 155
8354,SC,Green,F,72,76.4,111.3,148,37.4,39.0,37.4,142,39.0,153,54.2,57.1,37.4 / 142,39.0 / 153
8354,SC,Green / Silver,F,72,74.5,108.5,144,36.5,38.0,36.5,139,38.0,149,52.9,55.6,36.5 / 139,38.0 / 149
8354,SC,Silver,F,72,72.9,106.0,141,36.0,36.9,36.0,136,36.9,145,52.0,54.0,36.0 / 136,36.9 / 145
8354,SC,Gold,F,72,69.7,100.4,130,34.5,35.2,34.5,126,35.2,134,49.4,51.0,34.5 / 126,35.2 / 134
8354,SC,Red,F,72,67.4,95.8,121,33.2,34.2,33.2,117,34.2,124,47.0,48.8,33.2 / 117,34.2 / 124
8309,SC,Black,M,72,72.1,97.4,136,36.3,35.8,36.3,139,35.8,133,49.2,48.2,36.3 / 139,35.8 / 133
8309,SC,Blue,M,72,70.9,94.8,129,35.8,35.1,35.8,128,35.1,129,47.7,47.1,35.8 / 128,35.1 / 129
8309,SC,White,M,72,67.7,90.5,123,34.4,33.3,34.4,123,33.3,123,45.8,44.7,34.4 / 123,33.3 / 123
8309,SC,Senior,M,72,66.0,87.5,116,33.4,32.6,33.4,116,32.6,115,44.2,43.3,33.4 / 116,32.6 / 115
8309,SC,Senior Hybrid,M,72,64.4,84.9,111,32.9,31.5,32.9,111,31.5,110,43.2,41.7,32.9 / 111,31.5 / 110
8309,SC,White,F,72,73.5,105.0,134,37.2,36.3,37.2,138,36.3,129,53.5,51.5,37.2 / 138,36.3 / 129
8309,SC,Red,F,72,70.9,100.9,128,35.8,35.1,35.8,131,35.1,124,51.2,49.7,35.8 / 131,35.1 / 124
8309,SC,Green,F,72,68.6,97.4,122,34.5,34.1,34.5,126,34.1,118,49.4,48.0,34.5 / 126,34.1 / 118
8080,SC,Black,M,72,74.1,101.4,147,36.4,37.7,36.4,140,37.7,154,49.4,52.0,36.4 / 140,37.7 / 154
8080,SC,Blue,M,72,72.9,99.8,145,35.9,37.0,35.9,138,37.0,152,48.7,51.1,35.9 / 138,37.0 / 152
8080,SC,White,M,72,70.8,95.7,134,34.9,35.9,34.9,128,35.9,140,46.8,48.9,34.9 / 128,35.9 / 140
8080,SC,White / Green,M,72,69.2,93.6,132,33.8,35.4,33.8,128,35.4,135,45.7,47.9,33.8 / 128,35.4 / 135
8080,SC,Green,M,72,68.3,91.4,125,33.2,35.1,33.2,124,35.1,125,44.7,46.7,33.2 / 124,35.1 / 125
8080,SC,Green / Red,M,72,67.1,89.9,123,32.6,34.5,32.6,123,34.5,123,44.0,45.9,32.6 / 123,34.5 / 123
8080,SC,Red,M,70,63.8,85.1,115,31.1,32.7,31.1,115,32.7,114,41.8,43.3,31.1 / 115,32.7 / 114
8080,SC,White,F,72,76.7,111.4,147,37.9,38.8,37.9,138,38.8,155,54.2,57.2,37.9 / 138,38.8 / 155
8080,SC,White / Green,F,72,75.0,108.8,144,36.9,38.1,36.9,134,38.1,153,52.7,56.1,36.9 / 134,38.1 / 153
8080,SC,Green,F,72,73.5,106.6,141,36.1,37.4,36.1,131,37.4,150,51.5,55.1,36.1 / 131,37.4 / 150
8080,SC,Green / Red,F,72,72.2,104.3,136,35.2,37.0,35.2,130,37.0,142,50.5,53.8,35.2 / 130,37.0 / 142
8080,SC,Red,F,72,68.3,96.2,118,33.2,35.1,33.2,115,35.1,121,46.8,49.4,33.2 / 115,35.1 / 121
8082,SC,Black,M,71,72.5,98.8,142,35.8,36.7,35.8,133,36.7,150,48.2,50.6,35.8 / 133,36.7 / 150
8082,SC,Blue,M,71,70.2,95.5,136,34.8,35.4,34.8,128,35.4,144,46.7,48.8,34.8 / 128,35.4 / 144
8082,SC,White,M,71,67.5,91.5,129,33.4,34.1,33.4,128,34.1,130,45.3,46.2,33.4 / 128,34.1 / 130
8082,SC,Green,M,71,64.5,86.0,116,32.5,32.0,32.5,114,32.0,117,43.1,42.9,32.5 / 114,32.0 / 117
8082,SC,Silver,M,71,63.0,84.0,113,31.5,31.5,31.5,111,31.5,115,41.8,42.2,31.5 / 111,31.5 / 115
8082,SC,White,F,72,73.0,104.9,135,36.3,36.7,36.3,131,36.7,139,51.8,53.1,36.3 / 131,36.7 / 139
8082,SC,Green,F,72,69.1,98.3,124,34.5,34.6,34.5,125,34.6,123,49.2,49.1,34.5 / 125,34.6 / 123
8082,SC,Silver,F,72,67.0,95.4,121,33.2,33.8,33.2,120,33.8,121,47.3,48.1,33.2 / 120,33.8 / 121
8383,SC,Black,M,72,74.3,103.1,154,37.4,36.9,37.4,153,36.9,155,51.6,51.5,37.4 / 153,36.9 / 155
8383,SC,Blue,M,72,72.6,101.1,153,36.6,36.0,36.6,150,36.0,155,50.5,50.6,36.6 / 150,36.0 / 155
8383,SC,White,M,72,70.9,97.4,143,35.9,35.0,35.9,142,35.0,143,49.1,48.3,35.9 / 142,35.0 / 143
8383,SC,Gold,M,72,68.9,92.4,127,35.0,33.9,35.0,127,33.9,126,46.8,45.6,35.0 / 127,33.9 / 126
8383,SC,Gold / Red,M,72,67.2,90.2,124,33.5,33.7,33.5,124,33.7,124,45.0,45.2,33.5 / 124,33.7 / 124
8383,SC,Red,M,72,65.6,86.8,114,32.9,32.7,32.9,114,32.7,114,43.5,43.3,32.9 / 114,32.7 / 114
8383,SC,Gold,F,73,73.9,107.7,144,37.6,36.3,37.6,145,36.3,142,54.7,53.0,37.6 / 145,36.3 / 142
8383,SC,Red,F,72,70.2,100.4,128,35.3,34.9,35.3,124,34.9,132,49.9,50.5,35.3 / 124,34.9 / 132
8325,SC,Gold,M,72,73.5,98.2,133,37.0,36.5,37.0,137,36.5,129,49.7,48.5,37.0 / 137,36.5 / 129
8325,SC,Blue,M,72,70.5,94.0,127,35.1,35.4,35.1,128,35.4,125,47.0,47.0,35.1 / 128,35.4 / 125
8325,SC,White,M,72,66.9,88.3,115,33.2,33.7,33.2,113,33.7,117,43.7,44.6,33.2 / 113,33.7 / 117
8325,SC,Black,M,72,63.5,83.6,109,31.6,31.9,31.6,109,31.9,108,41.7,41.9,31.6 / 109,31.9 / 108
8325,SC,Red,M,72,62.6,82.5,108,31.0,31.6,31.0,108,31.6,107,41.0,41.5,31.0 / 108,31.6 / 107
8325,SC,White,F,72,72.0,100.8,122,35.6,36.4,35.6,122,36.4,122,50.0,50.8,35.6 / 122,36.4 / 122
8325,SC,Black,F,72,68.9,97.0,119,34.0,34.9,34.0,117,34.9,121,47.8,49.2,34.0 / 117,34.9 / 121
8325,SC,Red,F,72,67.7,95.5,118,33.2,34.5,33.2,115,34.5,120,46.8,48.7,33.2 / 115,34.5 / 120
8323,SC,Gold,M,72,73.4,98.3,134,36.4,37.0,36.4,131,37.0,137,48.6,49.7,36.4 / 131,37.0 / 137
8323,SC,Blue,M,72,70.2,93.6,126,35.1,35.1,35.1,124,35.1,128,46.6,47.0,35.1 / 124,35.1 / 128
8323,SC,White,M,72,67.0,88.1,114,33.8,33.2,33.8,114,33.2,113,44.4,43.7,33.8 / 114,33.2 / 113
8323,SC,Black,M,72,63.3,83.3,108,31.7,31.6,31.7,107,31.6,109,41.6,41.7,31.7 / 107,31.6 / 109
8323,SC,Red,M,72,62.1,81.8,106,31.1,31.0,31.1,104,31.0,108,40.8,41.0,31.1 / 104,31.0 / 108
8323,SC,White,F,72,71.4,100.4,123,35.8,35.6,35.8,124,35.6,122,50.4,50.0,35.8 / 124,35.6 / 122
8323,SC,Black,F,72,68.0,95.9,119,34.0,34.0,34.0,120,34.0,117,48.1,47.8,34.0 / 120,34.0 / 117
8323,SC,Red,F,72,66.3,93.1,114,33.1,33.2,33.1,112,33.2,115,46.3,46.8,33.1 / 112,33.2 / 115
8324,SC,Gold,M,72,72.9,97.1,130,36.4,36.5,36.4,131,36.5,129,48.6,48.5,36.4 / 131,36.5 / 129
8324,SC,Blue,M,72,70.5,93.6,125,35.1,35.4,35.1,124,35.4,125,46.6,47.0,35.1 / 124,35.4 / 125
8324,SC,White,M,72,67.5,88.8,116,33.8,33.7,33.8,114,33.7,117,44.3,44.5,33.8 / 114,33.7 / 117
8324,SC,Black,M,72,63.6,83.5,108,31.7,31.9,31.7,107,31.9,108,41.6,41.9,31.7 / 107,31.9 / 108
8324,SC,Red,M,72,62.7,82.3,106,31.1,31.6,31.1,104,31.6,107,40.8,41.5,31.1 / 104,31.6 / 107
8324,SC,White,F,72,72.2,101.2,123,35.8,36.4,35.8,124,36.4,122,50.4,50.8,35.8 / 124,36.4 / 122
8324,SC,Black,F,72,68.9,97.3,121,34.0,34.9,34.0,120,34.9,121,48.1,49.2,34.0 / 120,34.9 / 121
8324,SC,Red,F,72,67.6,95.0,116,33.1,34.5,33.1,112,34.5,120,46.3,48.7,33.1 / 112,34.5 / 120
8101,SC,Black,M,72,73.5,100.7,147,36.2,37.3,36.2,153,37.3,140,50.4,50.3,36.2 / 153,37.3 / 140
8101,SC,White,M,72,71.0,95.8,134,35.2,35.8,35.2,138,35.8,129,48.0,47.8,35.2 / 138,35.8 / 129
8101,SC,Gold,M,72,68.6,91.5,124,34.3,34.3,34.3,123,34.3,124,45.7,45.8,34.3 / 123,34.3 / 124
8101,SC,Silver,M,72,67.5,89.2,117,34.1,33.4,34.1,111,33.4,123,44.4,44.8,34.1 / 111,33.4 / 123
8101,SC,Red,M,72,66.0,87.3,115,33.2,32.8,33.2,107,32.8,123,43.1,44.2,33.2 / 107,32.8 / 123
8101,SC,Blue,M,72,61.7,82.1,110,30.6,31.1,30.6,105,31.1,114,40.4,41.7,30.6 / 105,31.1 / 114
8101,SC,Gold,F,72,73.8,107.0,141,36.6,37.2,36.6,142,37.2,139,53.4,53.6,36.6 / 142,37.2 / 139
8101,SC,Silver,F,72,72.2,103.6,134,36.0,36.2,36.0,136,36.2,131,52.0,51.6,36.0 / 136,36.2 / 131
8101,SC,Red,F,72,70.6,100.6,127,35.3,35.3,35.3,127,35.3,127,50.3,50.3,35.3 / 127,35.3 / 127
8101,SC,Blue,F,72,65.1,92.0,114,32.5,32.6,32.5,110,32.6,118,45.5,46.5,32.5 / 110,32.6 / 118
33613,SC,Tree Monster,M,71,75.1,100.7,138,37.0,38.1,37.0,137,38.1,139,49.7,51.0,37.0 / 137,38.1 / 139
33613,SC,Back,M,71,73.7,98.8,136,36.2,37.5,36.2,135,37.5,136,48.7,50.1,36.2 / 135,37.5 / 136
33613,SC,Middle,M,71,71.3,95.8,132,35.2,36.1,35.2,128,36.1,136,47.1,48.7,35.2 / 128,36.1 / 136
33613,SC,Front,M,71,67.6,90.3,122,33.5,34.1,33.5,119,34.1,125,44.6,45.7,33.5 / 119,34.1 / 125
33613,SC,Front,F,71,73.3,104.8,134,36.2,37.1,36.2,130,37.1,137,51.5,53.3,36.2 / 130,37.1 / 137
20952,SC,Gold,M,72,73.3,99.9,143,37.3,36.0,37.3,146,36.0,140,50.9,49.0,37.3 / 146,36.0 / 140
20952,SC,Blue,M,72,71.8,98.0,141,36.7,35.1,36.7,143,35.1,139,50.0,48.0,36.7 / 143,35.1 / 139
20952,SC,White,M,72,68.9,93.0,130,35.0,33.9,35.0,131,33.9,128,47.2,45.8,35.0 / 131,33.9 / 128
20952,SC,Black,M,72,66.0,87.2,114,33.6,32.4,33.6,116,32.4,112,44.4,42.8,33.6 / 116,32.4 / 112
20952,SC,Green,M,72,62.2,81.8,106,31.4,30.8,31.4,107,30.8,104,41.3,40.5,31.4 / 107,30.8 / 104
20952,SC,White,F,72,74.6,106.7,136,37.9,36.7,37.9,140,36.7,132,54.4,52.3,37.9 / 140,36.7 / 132
20952,SC,Black,F,72,70.8,101.0,128,36.1,34.7,36.1,132,34.7,124,51.7,49.3,36.1 / 132,34.7 / 124
20952,SC,Green,F,72,65.8,91.9,111,33.5,32.3,33.5,108,32.3,114,46.2,45.7,33.5 / 108,32.3 / 114
33929,SC,White,M,54,50.2,64.2,75,25.1,25.1,25.1,75,25.1,75,32.1,32.1,25.1 / 75,25.1 / 75
33929,SC,White,F,54,53.0,71.8,80,26.5,26.5,26.5,80,26.5,80,35.9,35.9,26.5 / 80,26.5 / 80
8071,SC,Blue,M,72,72.2,96.7,132,36.3,35.9,36.3,130,35.9,133,48.4,48.3,36.3 / 130,35.9 / 133
8071,SC,White,M,72,70.3,94.2,129,35.6,34.7,35.6,126,34.7,131,47.3,46.9,35.6 / 126,34.7 / 131
8071,SC,White Combo,M,72,68.2,91.3,125,34.5,33.7,34.5,126,33.7,123,46.2,45.1,34.5 / 126,33.7 / 123
8071,SC,Gold,M,72,67.0,89.0,118,33.6,33.4,33.6,119,33.4,117,44.7,44.3,33.6 / 119,33.4 / 117
8071,SC,Red,M,72,64.5,85.7,114,32.5,32.0,32.5,113,32.0,115,43.0,42.7,32.5 / 113,32.0 / 115
8071,SC,White,F,72,76.1,108.4,137,38.2,37.9,38.2,139,37.9,135,54.6,53.8,38.2 / 139,37.9 / 135
8071,SC,Silver,F,72,73.4,104.5,132,36.9,36.5,36.9,135,36.5,129,52.8,51.7,36.9 / 135,36.5 / 129
8071,SC,Gold,F,72,71.7,101.9,128,35.8,35.9,35.8,130,35.9,126,51.1,50.8,35.8 / 130,35.9 / 126
8071,SC,Red,F,72,69.6,97.9,120,34.8,34.8,34.8,121,34.8,119,49.1,48.8,34.8 / 121,34.8 / 119
8071,SC,Forward,F,72,64.7,91.0,112,32.6,32.1,32.6,106,32.1,117,45.1,45.9,32.6 / 106,32.1 / 117
14155,SC,Blue,M,70,68.4,93.8,137,33.8,34.6,33.8,133,34.6,140,46.2,47.6,33.8 / 133,34.6 / 140
14155,SC,White,M,70,67.2,91.8,133,33.2,34.0,33.2,125,34.0,140,44.8,47.0,33.2 / 125,34.0 / 140
14155,SC,Gold,M,70,65.4,87.2,118,32.2,33.2,32.2,110,33.2,125,42.4,44.8,32.2 / 110,33.2 / 125
14155,SC,Red,M,70,63.6,84.8,115,31.4,32.2,31.4,108,32.2,121,41.4,43.4,31.4 / 108,32.2 / 121
14155,SC,Forward,M,70,61.7,82.3,111,30.5,31.2,30.5,104,31.2,117,40.2,42.1,30.5 / 104,31.2 / 117
14155,SC,Blue,F,71,74.5,108.4,144,36.7,37.8,36.7,138,37.8,149,53.0,55.4,36.7 / 138,37.8 / 149
14155,SC,White,F,70,72.7,106.3,143,35.6,37.1,35.6,138,37.1,147,51.9,54.4,35.6 / 138,37.1 / 147
14155,SC,Gold,F,70,69.6,101.5,136,34.3,35.3,34.3,134,35.3,137,50.1,51.4,34.3 / 134,35.3 / 137
14155,SC,Red,F,70,67.0,96.1,123,33.2,33.8,33.2,115,33.8,131,46.8,49.3,33.2 / 115,33.8 / 131
14155,SC,Forward,F,70,64.0,91.6,117,31.8,32.2,31.8,109,32.2,125,44.7,46.9,31.8 / 109,32.2 / 125
8279,SC,Blue,M,72,72.2,97.5,136,35.5,36.7,35.5,133,36.7,139,47.9,49.6,35.5 / 133,36.7 / 139
8279,SC,White,M,72,69.6,93.3,128,34.5,35.1,34.5,124,35.1,131,46.0,47.3,34.5 / 124,35.1 / 131
8279,SC,Gold,M,72,66.9,89.7,123,33.4,33.5,33.4,118,33.5,127,44.4,45.3,33.4 / 118,33.5 / 127
8279,SC,Red,M,72,65.5,87.5,119,32.6,32.9,32.6,116,32.9,121,43.4,44.1,32.6 / 116,32.9 / 121
8279,SC,Red,F,72,70.8,99.7,123,35.1,35.7,35.1,124,35.7,121,49.7,50.0,35.1 / 124,35.7 / 121
8178,SC,Green,M,72,74.0,101.2,146,36.8,37.2,36.8,145,37.2,147,50.3,50.9,36.8 / 145,37.2 / 147
8178,SC,Blue,M,72,72.5,99.1,143,36.1,36.4,36.1,142,36.4,144,49.3,49.8,36.1 / 142,36.4 / 144
8178,SC,White,M,72,71.0,96.9,140,35.4,35.6,35.4,140,35.6,139,48.4,48.5,35.4 / 140,35.6 / 139
8178,SC,White / Gold,M,72,70.1,95.4,137,34.9,35.2,34.9,137,35.2,136,47.6,47.8,34.9 / 137,35.2 / 136
8178,SC,Gold,M,72,68.6,92.4,128,34.3,34.3,34.3,129,34.3,127,46.3,46.1,34.3 / 129,34.3 / 127
8178,SC,Gold / Red,M,72,65.8,87.6,117,32.8,33.0,32.8,115,33.0,119,43.5,44.1,32.8 / 115,33.0 / 119
8178,SC,Red,M,72,64.7,85.7,113,32.4,32.3,32.4,111,32.3,115,42.7,43.0,32.4 / 111,32.3 / 115
8178,SC,Black,M,72,61.6,81.2,106,30.8,30.8,30.8,104,30.8,107,40.5,40.7,30.8 / 104,30.8 / 107
8178,SC,White,F,72,76.9,111.0,145,38.6,38.3,38.6,142,38.3,147,55.4,55.6,38.6 / 142,38.3 / 147
8178,SC,White / Gold,F,72,75.7,108.8,141,37.9,37.8,37.9,140,37.8,141,54.4,54.4,37.9 / 140,37.8 / 141
8178,SC,Gold,F,72,74.2,105.7,134,37.1,37.1,37.1,133,37.1,134,52.8,52.9,37.1 / 133,37.1 / 134
8178,SC,Gold / Red,F,72,71.0,100.9,127,35.2,35.8,35.2,123,35.8,131,49.7,51.2,35.2 / 123,35.8 / 131
8178,SC,Red,F,72,69.6,98.8,124,34.8,34.8,34.8,121,34.8,126,49.1,49.7,34.8 / 121,34.8 / 126
8178,SC,Black,F,72,65.1,90.9,110,32.6,32.5,32.6,107,32.5,112,45.2,45.7,32.6 / 107,32.5 / 112
8303,SC,Gold,M,72,73.9,99.5,138,37.2,36.7,37.2,141,36.7,135,50.3,49.2,37.2 / 141,36.7 / 135
8303,SC,Plantation,M,72,72.4,97.6,136,36.2,36.2,36.2,137,36.2,135,48.9,48.7,36.2 / 137,36.2 / 135
8303,SC,Blue,M,72,71.8,96.7,134,35.9,35.9,35.9,133,35.9,135,48.3,48.4,35.9 / 133,35.9 / 135
8303,SC,Fazio,M,72,70.8,95.4,132,35.3,35.5,35.3,131,35.5,133,47.5,47.9,35.3 / 131,35.5 / 133
8303,SC,White,M,72,70.2,94.5,131,35.1,35.1,35.1,130,35.1,131,47.2,47.3,35.1 / 130,35.1 / 131
8303,SC,Strantz,M,72,67.9,90.6,122,34.2,33.7,34.2,125,33.7,119,45.8,44.8,34.2 / 125,33.7 / 119
8303,SC,Green,M,72,66.6,88.6,119,33.5,33.1,33.5,122,33.1,115,44.8,43.8,33.5 / 122,33.1 / 115
8303,SC,Red,M,72,65.2,86.3,114,32.8,32.4,32.8,119,32.4,108,43.9,42.4,32.8 / 119,32.4 / 108
8303,SC,Orange,M,72,63.5,84.0,110,31.9,31.6,31.9,115,31.6,105,42.6,41.4,31.9 / 115,31.6 / 105
8303,SC,Junior,M,68,60.1,79.2,103,30.0,30.1,30.0,109,30.1,97,40.1,39.1,30.0 / 109,30.1 / 97
8303,SC,Blue,F,72,78.2,111.4,141,39.0,39.2,39.0,142,39.2,140,55.7,55.7,39.0 / 142,39.2 / 140
8303,SC,White,F,72,76.2,108.4,137,38.0,38.2,38.0,137,38.2,136,54.2,54.2,38.0 / 137,38.2 / 136
8303,SC,Strantz,F,72,73.4,104.2,131,37.0,36.4,37.0,134,36.4,127,52.8,51.4,37.0 / 134,36.4 / 127
8303,SC,Green,F,72,71.9,101.9,128,36.3,35.6,36.3,131,35.6,124,51.7,50.2,36.3 / 131,35.6 / 124
8303,SC,Red,F,72,70.3,99.7,125,35.7,34.6,35.7,127,34.6,122,50.7,49.0,35.7 / 127,34.6 / 122
8303,SC,Orange,F,72,67.9,95.8,118,34.2,33.7,34.2,122,33.7,114,48.6,47.2,34.2 / 122,33.7 / 114
8303,SC,Junior,F,68,62.3,87.5,107,31.2,31.1,31.2,109,31.1,104,44.1,43.4,31.2 / 109,31.1 / 104
8318,SC,Orange,M,72,72.3,97.4,135,36.5,35.8,36.5,131,35.8,139,48.7,48.7,36.5 / 131,35.8 / 139
8318,SC,Orange / Purple,M,72,71.7,96.5,134,36.1,35.6,36.1,130,35.6,137,48.2,48.3,36.1 / 130,35.6 / 137
8318,SC,Purple,M,72,70.7,94.7,129,35.7,35.0,35.7,129,35.0,129,47.7,47.0,35.7 / 129,35.0 / 129
8318,SC,Purple / White,M,72,69.3,93.1,128,35.0,34.3,35.0,127,34.3,129,46.8,46.3,35.0 / 127,34.3 / 129
8318,SC,White,M,72,68.2,90.4,120,34.5,33.7,34.5,122,33.7,117,45.8,44.6,34.5 / 122,33.7 / 117
8318,SC,White / Gold,M,72,66.2,87.5,115,33.6,32.6,33.6,117,32.6,112,44.5,43.0,33.6 / 117,32.6 / 112
8318,SC,Gold,M,72,65.1,86.0,113,32.8,32.3,32.8,116,32.3,109,43.6,42.4,32.8 / 116,32.3 / 109
8318,SC,Red,M,72,62.3,81.3,102,31.3,31.0,31.3,104,31.0,100,41.0,40.3,31.3 / 104,31.0 / 100
8318,SC,Pink,M,72,61.2,79.5,99,30.7,30.5,30.7,99,30.5,98,39.9,39.6,30.7 / 99,30.5 / 98
8318,SC,Purple / White,F,72,75.2,107.3,136,38.1,37.1,38.1,135,37.1,137,54.0,53.3,38.1 / 135,37.1 / 137
8318,SC,White,F,72,73.5,104.8,133,37.3,36.2,37.3,131,36.2,134,52.8,52.0,37.3 / 131,36.2 / 134
8318,SC,White / Gold,F,72,71.5,100.8,125,36.3,35.2,36.3,124,35.2,125,50.9,49.9,36.3 / 124,35.2 / 125
8318,SC,Gold,F,72,70.2,98.3,119,35.7,34.5,35.7,114,34.5,124,49.2,49.1,35.7 / 114,34.5 / 124
8318,SC,Red,F,72,66.0,92.2,111,33.4,32.6,33.4,109,32.6,113,46.3,45.9,33.4 / 109,32.6 / 113
8318,SC,Pink,F,72,64.0,88.4,104,32.2,31.8,32.2,103,31.8,104,44.3,44.1,32.2 / 103,31.8 / 104
26302,SC,Blue,M,71,70.2,93.7,127,35.4,34.8,35.4,125,34.8,128,47.0,46.7,35.4 / 125,34.8 / 128
26302,SC,White,M,71,68.8,91.3,121,34.7,34.1,34.7,119,34.1,123,45.8,45.5,34.7 / 119,34.1 / 123
26302,SC,Green,M,71,67.8,89.6,117,34.2,33.6,34.2,118,33.6,116,45.2,44.4,34.2 / 118,33.6 / 116
26302,SC,Yellow,M,71,65.9,86.4,111,33.2,32.7,33.2,111,32.7,110,43.5,42.9,33.2 / 111,32.7 / 110
26302,SC,Red,M,71,64.2,84.2,108,32.2,32.0,32.2,109,32.0,107,42.3,41.9,32.2 / 109,32.0 / 107
26302,SC,Red,F,71,68.0,95.3,116,34.4,33.6,34.4,115,33.6,116,48.0,47.3,34.4 / 115,33.6 / 116
8135,SC,Blue / Blue,M,70,68.2,92.0,128,34.1,34.1,34.1,128,34.1,128,46.0,46.0,34.1 / 128,34.1 / 128
8135,SC,White / Blue,M,70,67.5,91.1,127,33.4,34.1,33.4,126,34.1,128,45.1,46.0,33.4 / 126,34.1 / 128
8135,SC,White / White,M,70,66.8,90.2,126,33.4,33.4,33.4,126,33.4,126,45.1,45.1,33.4 / 126,33.4 / 126
8135,SC,Gold / White,M,70,65.4,87.2,118,32.0,33.4,32.0,109,33.4,126,42.1,45.1,32.0 / 109,33.4 / 126
8135,SC,Gold / Gold,M,70,64.0,84.2,109,32.0,32.0,32.0,109,32.0,109,42.1,42.1,32.0 / 109,32.0 / 109
8135,SC,Red / Gold,M,70,63.2,83.1,107,31.2,32.0,31.2,105,32.0,109,41.0,42.1,31.2 / 105,32.0 / 109
8135,SC,Red / Red,M,70,62.4,82.0,105,31.2,31.2,31.2,105,31.2,105,41.0,41.0,31.2 / 105,31.2 / 105
8135,SC,Gold / Gold,F,70,68.8,97.0,120,34.4,34.4,34.4,120,34.4,120,48.5,48.5,34.4 / 120,34.4 / 120
8135,SC,Red / Gold,F,70,67.0,94.8,118,32.6,34.4,32.6,116,34.4,120,46.3,48.5,32.6 / 116,34.4 / 120
8135,SC,Red / Red,F,70,65.2,92.6,116,32.6,32.6,32.6,116,32.6,116,46.3,46.3,32.6 / 116,32.6 / 116
8215,SC,Black,M,72,72.7,97.5,133,36.3,36.4,36.3,133,36.4,133,48.7,48.8,36.3 / 133,36.4 / 133
8215,SC,Blue,M,72,70.3,93.6,126,34.9,35.4,34.9,128,35.4,123,46.8,46.8,34.9 / 128,35.4 / 123
8215,SC,White,M,72,68.0,89.7,117,33.8,34.2,33.8,117,34.2,116,44.7,45.0,33.8 / 117,34.2 / 116
8215,SC,Silver,M,72,63.9,84.1,109,31.3,32.6,31.3,108,32.6,110,41.3,42.8,31.3 / 108,32.6 / 110
8215,SC,White,F,72,73.0,103.5,129,36.4,36.6,36.4,126,36.6,132,51.3,52.2,36.4 / 126,36.6 / 132
8215,SC,Silver,F,72,67.5,93.9,112,32.8,34.7,32.8,109,34.7,114,45.7,48.2,32.8 / 109,34.7 / 114
8305,SC,Black,M,72,74.5,101.1,144,37.8,36.7,37.8,152,36.7,135,51.9,49.2,37.8 / 152,36.7 / 135
8305,SC,Blue,M,72,72.3,98.2,140,36.8,35.5,36.8,149,35.5,130,50.6,47.6,36.8 / 149,35.5 / 130
8305,SC,White,M,72,70.8,95.4,133,36.0,34.8,36.0,140,34.8,125,49.0,46.4,36.0 / 140,34.8 / 125
8305,SC,Green,M,72,69.4,92.3,123,35.4,34.0,35.4,128,34.0,118,47.3,45.0,35.4 / 128,34.0 / 118
8305,SC,Gold,M,71,66.8,88.3,116,34.3,32.5,34.3,115,32.5,116,45.0,43.3,34.3 / 115,32.5 / 116
8305,SC,Silver,M,71,64.8,85.5,112,33.1,31.7,33.1,113,31.7,110,43.6,41.9,33.1 / 113,31.7 / 110
8305,SC,Gold,F,71,71.9,102.1,128,36.8,35.1,36.8,134,35.1,122,52.6,49.5,36.8 / 134,35.1 / 122
8305,SC,Silver,F,71,69.1,97.6,121,35.4,33.7,35.4,125,33.7,117,50.1,47.5,35.4 / 125,33.7 / 117
8355,SC,Green,M,72,74.3,98.9,132,36.9,37.4,36.9,132,37.4,132,49.2,49.7,36.9 / 132,37.4 / 132
8355,SC,Blue,M,72,72.2,96.2,129,35.9,36.3,35.9,129,36.3,129,47.9,48.3,35.9 / 129,36.3 / 129
8355,SC,Blue / White,M,72,71.3,95.3,129,35.5,35.8,35.5,129,35.8,129,47.5,47.8,35.5 / 129,35.8 / 129
8355,SC,White,M,72,70.4,93.9,127,35.0,35.4,35.0,126,35.4,127,46.7,47.2,35.0 / 126,35.4 / 127
8355,SC,White / Yellow,M,72,69.1,92.4,126,34.4,34.7,34.4,124,34.7,127,45.9,46.5,34.4 / 124,34.7 / 127
8355,SC,Yellow,M,72,68.3,90.5,120,33.8,34.5,33.8,117,34.5,122,44.7,45.8,33.8 / 117,34.5 / 122
8355,SC,Yellow / Red,M,72,67.2,88.8,116,33.2,34.0,33.2,114,34.0,118,43.8,45.0,33.2 / 114,34.0 / 118
8355,SC,Red,M,72,66.0,87.0,113,32.6,33.4,32.6,108,33.4,118,42.6,44.4,32.6 / 108,33.4 / 118
8355,SC,Black,M,72,63.4,83.3,107,31.4,32.0,31.4,102,32.0,112,40.9,42.4,31.4 / 102,32.0 / 112
8355,SC,White,F,72,76.6,107.2,130,38.0,38.6,38.0,126,38.6,133,52.9,54.3,38.0 / 126,38.6 / 133
8355,SC,White / Yellow,F,72,75.4,105.3,127,37.5,37.9,37.5,124,37.9,130,52.1,53.2,37.5 / 124,37.9 / 130
8355,SC,Yellow,F,72,73.9,103.0,124,36.5,37.4,36.5,120,37.4,127,50.6,52.4,36.5 / 120,37.4 / 127
8355,SC,Yellow / Red,F,72,72.5,101.1,122,35.8,36.7,35.8,118,36.7,125,49.7,51.4,35.8 / 118,36.7 / 125
8355,SC,Red,F,72,70.8,99.1,120,34.8,36.0,34.8,118,36.0,122,48.7,50.4,34.8 / 118,36.0 / 122
8355,SC,Black,F,72,67.4,94.0,113,33.3,34.1,33.3,109,34.1,117,46.1,47.9,33.3 / 109,34.1 / 117
20941,SC,Palmer Black,M,72,74.2,102.1,150,36.7,37.5,36.7,146,37.5,154,50.3,51.8,36.7 / 146,37.5 / 154
20941,SC,Medal Blue,M,72,72.8,100.3,148,36.1,36.7,36.1,143,36.7,153,49.4,50.9,36.1 / 143,36.7 / 153
20941,SC,Champion Hybrid,M,72,71.9,99.0,146,35.5,36.4,35.5,143,36.4,149,48.8,50.2,35.5 / 143,36.4 / 149
20941,SC,Member White,M,72,70.9,96.5,138,34.9,36.0,34.9,138,36.0,138,47.7,48.8,34.9 / 138,36.0 / 138
20941,SC,Zorro Hybrid,M,72,69.8,94.2,131,34.6,35.2,34.6,130,35.2,132,46.7,47.5,34.6 / 130,35.2 / 132
20941,SC,Wexford Gold,M,72,69.1,93.0,129,34.1,35.0,34.1,128,35.0,129,46.0,47.0,34.1 / 128,35.0 / 129
20941,SC,Forward Red,M,72,65.9,88.0,119,32.9,33.0,32.9,121,33.0,117,44.1,43.9,32.9 / 121,33.0 / 117
20941,SC,Green,M,72,64.1,85.5,115,31.7,32.4,31.7,115,32.4,115,42.4,43.1,31.7 / 115,32.4 / 115
20941,SC,Member White,F,72,76.6,110.2,143,37.8,38.8,37.8,138,38.8,148,54.0,56.2,37.8 / 138,38.8 / 148
20941,SC,Zorro Hybrid,F,72,75.1,107.7,138,37.2,37.9,37.2,132,37.9,144,52.8,54.9,37.2 / 132,37.9 / 144
20941,SC,Wexford Gold,F,72,74.0,106.1,136,36.6,37.4,36.6,130,37.4,142,51.9,54.2,36.6 / 130,37.4 / 142
20941,SC,Forward Red,F,72,70.8,100.8,127,35.5,35.3,35.5,127,35.3,127,50.5,50.3,35.5 / 127,35.3 / 127
20941,SC,Celebration Hybrid,F,72,69.5,99.1,126,34.5,35.0,34.5,126,35.0,126,49.3,49.8,34.5 / 126,35.0 / 126
20941,SC,Green,F,72,68.3,97.8,125,33.7,34.6,33.7,126,34.6,124,48.6,49.2,33.7 / 126,34.6 / 124
8075,SC,Blue,M,72,73.6,98.6,135,36.5,37.1,36.5,133,37.1,136,48.9,49.7,36.5 / 133,37.1 / 136
8075,SC,White,M,72,71.1,94.7,127,35.4,35.7,35.4,129,35.7,125,47.4,47.3,35.4 / 129,35.7 / 125
8075,SC,Green,M,72,67.1,89.3,120,33.4,33.7,33.4,118,33.7,121,44.4,44.9,33.4 / 118,33.7 / 121
8075,SC,Red,M,72,65.5,86.8,115,32.6,32.9,32.6,115,32.9,114,43.3,43.5,32.6 / 115,32.9 / 114
8075,SC,Green,F,72,72.3,102.2,127,36.0,36.3,36.0,121,36.3,132,50.3,51.9,36.0 / 121,36.3 / 132
8075,SC,Red,F,72,70.3,98.7,121,34.9,35.4,34.9,118,35.4,123,48.8,49.9,34.9 / 118,35.4 / 123
8317,SC,Blue,M,72,70.3,95.9,138,35.1,35.2,35.1,131,35.2,144,47.3,48.6,35.1 / 131,35.2 / 144
8317,SC,White,M,72,69.0,93.3,131,34.6,34.4,34.6,129,34.4,132,46.6,46.7,34.6 / 129,34.4 / 132
8317,SC,Green,M,72,66.6,89.2,122,33.8,32.8,33.8,123,32.8,121,45.2,44.0,33.8 / 123,32.8 / 121
8317,SC,Gold,M,72,64.2,85.1,113,32.1,32.1,32.1,110,32.1,115,42.3,42.8,32.1 / 110,32.1 / 115
8317,SC,Red,M,71,61.9,81.8,108,31.2,30.7,31.2,107,30.7,108,41.1,40.7,31.2 / 107,30.7 / 108
8317,SC,Red,F,71,65.6,93.0,116,33.3,32.3,33.3,114,32.3,118,46.8,46.2,33.3 / 114,32.3 / 118
8371,SC,Blue,M,70,69.0,89.4,110,34.5,34.5,34.5,110,34.5,110,44.7,44.7,34.5 / 110,34.5 / 110
8371,SC,White & Blue,M,70,68.7,88.9,109,34.2,34.5,34.2,108,34.5,110,44.2,44.7,34.2 / 108,34.5 / 110
8371,SC,White,M,70,68.4,88.4,108,34.2,34.2,34.2,108,34.2,108,44.2,44.2,34.2 / 108,34.2 / 108
8371,SC,Yellow & White,M,70,67.6,87.5,108,33.4,34.2,33.4,107,34.2,108,43.3,44.2,33.4 / 107,34.2 / 108
8371,SC,Yellow,M,70,66.8,86.6,107,33.4,33.4,33.4,107,33.4,107,43.3,43.3,33.4 / 107,33.4 / 107
8371,SC,Red & Yellow,M,70,65.6,84.7,103,32.2,33.4,32.2,99,33.4,107,41.4,43.3,32.2 / 99,33.4 / 107
8371,SC,Red,M,70,64.4,82.8,99,32.2,32.2,32.2,99,32.2,99,41.4,41.4,32.2 / 99,32.2 / 99
8371,SC,Blue,F,70,74.2,103.6,125,37.1,37.1,37.1,125,37.1,125,51.8,51.8,37.1 / 125,37.1 / 125
8371,SC,White & Blue,F,70,73.8,102.8,123,36.7,37.1,36.7,121,37.1,125,51.0,51.8,36.7 / 121,37.1 / 125
8371,SC,White,F,70,73.4,102.0,121,36.7,36.7,36.7,121,36.7,121,51.0,51.0,36.7 / 121,36.7 / 121
8371,SC,Yellow & White,F,70,72.5,100.3,118,35.8,36.7,35.8,114,36.7,121,49.3,51.0,35.8 / 114,36.7 / 121
8371,SC,Yellow,F,70,71.6,98.6,114,35.8,35.8,35.8,114,35.8,114,49.3,49.3,35.8 / 114,35.8 / 114
8371,SC,Red & Yellow,F,70,70.0,96.0,110,34.2,35.8,34.2,106,35.8,114,46.7,49.3,34.2 / 106,35.8 / 114
8371,SC,Red,F,70,68.4,93.4,106,34.2,34.2,34.2,106,34.2,106,46.7,46.7,34.2 / 106,34.2 / 106
8271,SC,Black,M,70,71.6,96.9,136,36.7,34.9,36.7,141,34.9,131,49.8,47.1,36.7 / 141,34.9 / 131
8271,SC,Black / White,M,70,69.6,93.0,126,35.6,34.0,35.6,129,34.0,123,47.6,45.4,35.6 / 129,34.0 / 123
8271,SC,White,M,70,68.9,91.7,123,35.2,33.7,35.2,125,33.7,121,46.8,44.9,35.2 / 125,33.7 / 121
8271,SC,White / Gold,M,70,66.7,88.5,118,34.4,32.3,34.4,121,32.3,114,45.6,42.9,34.4 / 121,32.3 / 114
8271,SC,Gold,M,70,65.5,86.2,112,33.7,31.8,33.7,114,31.8,109,44.3,41.9,33.7 / 114,31.8 / 109
8271,SC,Red,M,70,62.9,82.5,106,32.1,30.8,32.1,107,30.8,104,42.0,40.5,32.1 / 107,30.8 / 104
8271,SC,Black,F,74,77.6,112.3,148,39.8,37.8,39.8,153,37.8,142,57.8,54.5,39.8 / 153,37.8 / 142
8271,SC,Black / White,F,73,75.4,109.0,143,38.6,36.8,38.6,148,36.8,137,56.0,53.0,38.6 / 148,36.8 / 137
8271,SC,White,F,73,74.5,107.6,141,38.0,36.5,38.0,146,36.5,135,55.2,52.4,38.0 / 146,36.5 / 135
8271,SC,White / Gold,F,71,72.2,103.3,132,37.2,35.0,37.2,139,35.0,125,53.6,49.7,37.2 / 139,35.0 / 125
8271,SC,Gold,F,71,70.7,100.5,127,36.3,34.4,36.3,130,34.4,123,51.6,48.9,36.3 / 130,34.4 / 123
8271,SC,Red,F,70,66.6,94.1,117,34.0,32.6,34.0,117,32.6,116,47.8,46.3,34.0 / 117,32.6 / 116
8275,SC,Black,M,70,72.1,97.7,138,37.0,35.1,37.0,144,35.1,131,50.4,47.3,37.0 / 144,35.1 / 131
8275,SC,White,M,70,69.9,93.8,129,36.0,33.9,36.0,130,33.9,127,48.1,45.7,36.0 / 130,33.9 / 127
8275,SC,White / Gold,M,70,68.1,91.6,127,34.8,33.3,34.8,130,33.3,123,46.9,44.7,34.8 / 130,33.3 / 123
8275,SC,Gold,M,70,66.4,88.9,121,34.0,32.4,34.0,127,32.4,115,45.8,43.1,34.0 / 127,32.4 / 115
8275,SC,Gold / Silver,M,70,64.5,86.4,118,32.9,31.6,32.9,122,31.6,114,44.2,42.2,32.9 / 122,31.6 / 114
8275,SC,Silver,M,70,63.9,85.6,117,32.4,31.5,32.4,119,31.5,114,43.5,42.1,32.4 / 119,31.5 / 114
8275,SC,Gold,F,70,72.2,103.6,133,37.2,35.0,37.2,134,35.0,132,53.0,50.6,37.2 / 134,35.0 / 132
8275,SC,Gold / Silver,F,70,69.9,100.2,129,35.6,34.3,35.6,126,34.3,131,50.5,49.7,35.6 / 126,34.3 / 131
8275,SC,Silver,F,70,68.3,96.6,120,35.2,33.1,35.2,122,33.1,118,49.6,47.0,35.2 / 122,33.1 / 118
8209,SC,Black,M,72,74.5,101.7,147,37.5,37.0,37.5,151,37.0,142,51.5,50.2,37.5 / 151,37.0 / 142
8209,SC,Blue,M,72,72.4,98.7,142,36.5,35.9,36.5,145,35.9,138,50.0,48.7,36.5 / 145,35.9 / 138
8209,SC,White,M,72,70.6,94.9,131,35.2,35.4,35.2,132,35.4,129,47.5,47.4,35.2 / 132,35.4 / 129
8209,SC,Yellow,M,72,68.9,92.6,128,34.4,34.5,34.4,128,34.5,127,46.3,46.3,34.4 / 128,34.5 / 127
8209,SC,Green,M,72,65.8,88.0,119,32.9,32.9,32.9,119,32.9,119,44.0,44.0,32.9 / 119,32.9 / 119
8209,SC,Red,M,70,62.3,83.0,112,31.3,31.0,31.3,111,31.0,112,41.6,41.4,31.3 / 111,31.0 / 112
8209,SC,Green,F,72,71.2,102.2,132,35.6,35.6,35.6,132,35.6,131,51.2,51.0,35.6 / 132,35.6 / 131
8209,SC,Red,F,72,65.3,92.7,116,32.9,32.4,32.9,118,32.4,114,46.8,45.9,32.9 / 118,32.4 / 114
32859,SC,Blue,M,34,35.1,47.9,138,35.1,,35.1,138,,,47.9,,35.1 / 138,/
32859,SC,White,M,34,33.8,45.9,130,33.8,,33.8,130,,,45.9,,33.8 / 130,/
32859,SC,Gold,M,34,32.8,43.7,117,32.8,,32.8,117,,,43.7,,32.8 / 117,/
32859,SC,Red,M,34,31.6,42.0,112,31.6,,31.6,112,,,42.0,,31.6 / 112,/
32859,SC,White,F,34,37.0,53.8,142,37.0,,37.0,142,,,53.8,,37.0 / 142,/
32859,SC,Gold,F,34,35.4,51.6,137,35.4,,35.4,137,,,51.6,,35.4 / 137,/
32859,SC,Red,F,34,33.6,48.0,122,33.6,,33.6,122,,,48.0,,33.6 / 122,/
29519,SC,Black,M,72,73.2,99.0,139,36.4,36.8,36.4,135,36.8,143,48.9,50.1,36.4 / 135,36.8 / 143
29519,SC,Blue,M,72,71.8,97.3,138,35.7,36.1,35.7,135,36.1,140,48.2,49.1,35.7 / 135,36.1 / 140
29519,SC,Blue / White,M,72,71.2,96.1,134,35.4,35.8,35.4,135,35.8,133,47.9,48.2,35.4 / 135,35.8 / 133
29519,SC,White,M,72,69.8,94.0,130,35.0,34.8,35.0,132,34.8,128,47.3,46.7,35.0 / 132,34.8 / 128
29519,SC,White / Gold,M,72,68.1,91.0,124,33.9,34.2,33.9,123,34.2,124,45.3,45.7,33.9 / 123,34.2 / 124
29519,SC,Gold,M,72,66.4,88.1,117,33.2,33.2,33.2,114,33.2,119,43.8,44.3,33.2 / 114,33.2 / 119
29519,SC,Gold / Red,M,72,64.1,84.9,112,31.9,32.2,31.9,109,32.2,115,42.0,42.9,31.9 / 109,32.2 / 115
29519,SC,Red,M,72,61.4,81.1,106,31.0,30.4,31.0,104,30.4,108,40.7,40.4,31.0 / 104,30.4 / 108
29519,SC,White,F,72,75.7,108.4,139,38.1,37.6,38.1,138,37.6,139,54.4,54.0,38.1 / 138,37.6 / 139
29519,SC,Gold,F,72,71.2,101.4,128,35.6,35.6,35.6,127,35.6,129,50.6,50.8,35.6 / 127,35.6 / 129
29519,SC,Gold / Red,F,72,68.3,97.3,123,34.0,34.3,34.0,123,34.3,123,48.5,48.8,34.0 / 123,34.3 / 123
29519,SC,Red,F,72,63.9,90.0,111,32.5,31.4,32.5,114,31.4,108,45.9,44.1,32.5 / 114,31.4 / 108
24054,SC,Blue,M,72,72.8,98.7,140,36.3,36.5,36.3,138,36.5,141,49.1,49.6,36.3 / 138,36.5 / 141
24054,SC,White,M,72,70.8,96.6,139,35.3,35.5,35.3,137,35.5,141,48.0,48.6,35.3 / 137,35.5 / 141
24054,SC,Gold,M,72,68.2,91.2,124,33.8,34.4,33.8,125,34.4,123,45.4,45.8,33.8 / 125,34.4 / 123
24054,SC,Red,M,72,65.0,85.7,112,32.3,32.7,32.3,112,32.7,111,42.7,43.0,32.3 / 112,32.7 / 111
24054,SC,White,F,72,77.3,110.7,142,38.6,38.7,38.6,141,38.7,142,55.2,55.5,38.6 / 141,38.7 / 142
24054,SC,Gold,F,72,73.8,105.3,134,36.8,37.0,36.8,132,37.0,135,52.4,52.9,36.8 / 132,37.0 / 135
24054,SC,Red,F,72,69.1,98.4,125,34.6,34.5,34.6,125,34.5,124,49.3,49.1,34.6 / 125,34.5 / 124
8055,SC,White / Blue,M,72,68.5,92.0,127,33.9,34.6,33.9,126,34.6,127,45.6,46.4,33.9 / 126,34.6 / 127
8055,SC,Gold / Green,M,72,65.0,85.4,110,32.5,32.5,32.5,110,32.5,110,42.7,42.7,32.5 / 110,32.5 / 110
8055,SC,Red,F,72,65.6,91.6,110,32.8,32.8,32.8,110,32.8,110,45.8,45.8,32.8 / 110,32.8 / 110
8045,SC,Gold,M,72,71.8,97.8,140,35.6,36.2,35.6,135,36.2,145,48.1,49.7,35.6 / 135,36.2 / 145
8045,SC,Gold / Blue,M,72,70.7,96.0,136,35.0,35.7,35.0,131,35.7,141,47.2,48.8,35.0 / 131,35.7 / 141
8045,SC,Blue,M,72,69.7,94.6,134,34.5,35.2,34.5,129,35.2,139,46.5,48.1,34.5 / 129,35.2 / 139
8045,SC,White,M,72,67.8,90.7,123,33.6,34.2,33.6,118,34.2,128,44.6,46.1,33.6 / 118,34.2 / 128
8045,SC,Orange,M,72,66.5,89.1,122,33.1,33.4,33.1,117,33.4,126,44.0,45.1,33.1 / 117,33.4 / 126
8045,SC,Red,M,72,63.7,85.2,116,31.5,32.2,31.5,112,32.2,119,41.9,43.3,31.5 / 112,32.2 / 119
8045,SC,White,F,72,72.6,104.1,134,36.0,36.6,36.0,129,36.6,138,51.2,52.9,36.0 / 129,36.6 / 138
8045,SC,Orange,F,72,71.0,101.8,131,35.4,35.6,35.4,126,35.6,135,50.3,51.5,35.4 / 126,35.6 / 135
8045,SC,Red,F,72,67.5,96.7,124,33.2,34.3,33.2,123,34.3,125,47.7,49.0,33.2 / 123,34.3 / 125
8269,SC,Gold,M,72,73.5,99.5,140,37.0,36.5,37.0,135,36.5,145,49.5,50.0,37.0 / 135,36.5 / 145
8269,SC,Blue,M,72,71.4,96.2,134,36.1,35.3,36.1,129,35.3,138,48.1,48.1,36.1 / 129,35.3 / 138
8269,SC,White,M,72,68.9,91.7,123,34.9,34.0,34.9,124,34.0,122,46.4,45.3,34.9 / 124,34.0 / 122
8269,SC,Silver,M,72,66.7,89.0,120,33.4,33.3,33.4,122,33.3,118,44.7,44.3,33.4 / 122,33.3 / 118
8269,SC,Red,M,72,63.9,84.5,111,32.2,31.7,32.2,112,31.7,110,42.6,41.9,32.2 / 112,31.7 / 110
8269,SC,Silver,F,72,71.8,103.8,136,36.3,35.5,36.3,136,35.5,136,52.3,51.5,36.3 / 136,35.5 / 136
8269,SC,Red,F,72,68.7,97.0,120,34.4,34.3,34.4,120,34.3,120,48.5,48.5,34.4 / 120,34.3 / 120
8210,SC,Black,M,72,72.9,98.3,137,36.2,36.7,36.2,138,36.7,136,49.0,49.3,36.2 / 138,36.7 / 136
8210,SC,Blue,M,72,70.5,95.0,132,35.4,35.1,35.4,130,35.1,133,47.5,47.5,35.4 / 130,35.1 / 133
8210,SC,White,M,72,67.8,90.8,124,34.1,33.7,34.1,119,33.7,128,45.2,45.6,34.1 / 119,33.7 / 128
8210,SC,Gold,M,72,65.2,84.8,106,32.8,32.4,32.8,101,32.4,110,42.2,42.6,32.8 / 101,32.4 / 110
8210,SC,Silver,M,71,64.0,83.2,104,32.1,31.9,32.1,99,31.9,108,41.3,41.9,32.1 / 99,31.9 / 108
8210,SC,White,F,72,73.4,104.3,131,36.6,36.8,36.6,128,36.8,134,51.7,52.6,36.6 / 128,36.8 / 134
8210,SC,Gold,F,72,69.5,97.7,120,34.9,34.6,34.9,116,34.6,123,48.6,49.1,34.9 / 116,34.6 / 123
8210,SC,Red,F,70,66.0,93.0,115,32.3,33.7,32.3,109,33.7,120,45.1,47.9,32.3 / 109,33.7 / 120
20904,SC,Black,M,72,73.4,101.7,151,36.9,36.5,36.9,147,36.5,155,50.6,51.1,36.9 / 147,36.5 / 155
20904,SC,White,M,72,70.6,95.7,135,35.6,35.0,35.6,132,35.0,138,47.9,47.8,35.6 / 132,35.0 / 138
20904,SC,Gold,M,72,67.9,90.4,121,34.1,33.8,34.1,123,33.8,119,45.5,44.9,34.1 / 123,33.8 / 119
20904,SC,Red,M,72,65.1,85.9,112,32.6,32.5,32.6,112,32.5,112,43.0,42.9,32.6 / 112,32.5 / 112
20904,SC,Red,F,72,69.6,98.1,121,35.0,34.6,35.0,117,34.6,125,48.8,49.3,35.0 / 117,34.6 / 125
8056,SC,Blue,M,71,71.8,96.3,132,35.5,36.3,35.5,130,36.3,133,47.6,48.7,35.5 / 130,36.3 / 133
8056,SC,White,M,71,68.9,92.2,126,33.9,35.0,33.9,123,35.0,128,45.3,46.9,33.9 / 123,35.0 / 128
8056,SC,Black,M,71,66.3,88.0,117,32.7,33.6,32.7,110,33.6,124,42.9,45.1,32.7 / 110,33.6 / 124
8056,SC,Red,M,71,63.7,84.1,110,31.3,32.4,31.3,103,32.4,116,40.9,43.2,31.3 / 103,32.4 / 116
8056,SC,Red,F,71,68.4,96.3,118,33.6,34.8,33.6,114,34.8,122,47.1,49.2,33.6 / 114,34.8 / 122
8131,SC,Gold,M,72,74.6,100.3,139,37.6,37.0,37.6,141,37.0,136,50.7,49.6,37.6 / 141,37.0 / 136
8131,SC,Blue,M,72,71.7,96.4,133,36.1,35.6,36.1,136,35.6,130,48.7,47.7,36.1 / 136,35.6 / 130
8131,SC,White,M,72,69.0,92.1,125,34.8,34.2,34.8,128,34.2,121,46.7,45.4,34.8 / 128,34.2 / 121
8131,SC,Silver,M,72,66.2,88.2,119,33.3,32.9,33.3,122,32.9,115,44.6,43.6,33.3 / 122,32.9 / 115
8131,SC,White,F,72,74.4,106.0,134,37.7,36.7,37.7,132,36.7,136,53.3,52.7,37.7 / 132,36.7 / 136
8131,SC,Red,F,72,70.1,99.5,125,35.8,34.3,35.8,124,34.3,126,50.4,49.1,35.8 / 124,34.3 / 126
8039,SC,Palmetto,M,72,75.1,102.2,146,37.4,37.7,37.4,140,37.7,152,50.4,51.8,37.4 / 140,37.7 / 152
8039,SC,Holley,M,72,72.6,99.0,143,36.1,36.5,36.1,136,36.5,149,48.7,50.3,36.1 / 136,36.5 / 149
8039,SC,Spalding,M,72,70.5,96.5,140,35.2,35.3,35.2,135,35.3,145,47.7,48.8,35.2 / 135,35.3 / 145
8039,SC,Magnolia,M,72,68.5,91.9,126,34.0,34.5,34.0,121,34.5,131,45.2,46.7,34.0 / 121,34.5 / 131
8039,SC,Burden,M,72,66.2,87.7,116,32.9,33.3,32.9,118,33.3,113,43.9,43.8,32.9 / 118,33.3 / 113
8039,SC,Azalea,M,72,63.4,83.8,110,31.4,32.0,31.4,112,32.0,108,41.8,42.0,31.4 / 112,32.0 / 108
8039,SC,Royal,M,68,59.4,78.2,101,29.4,30.0,29.4,103,30.0,99,39.0,39.2,29.4 / 103,30.0 / 99
8039,SC,Spalding,F,72,76.8,110.2,142,38.2,38.6,38.2,138,38.6,145,54.5,55.7,38.2 / 138,38.6 / 145
8039,SC,Magnolia,F,72,74.2,106.2,136,36.7,37.5,36.7,132,37.5,139,52.3,53.9,36.7 / 132,37.5 / 139
8039,SC,Burden,F,72,71.4,102.1,130,35.8,35.6,35.8,129,35.6,131,51.0,51.1,35.8 / 129,35.6 / 131
8039,SC,Azalea,F,72,67.8,95.8,119,33.7,34.1,33.7,118,34.1,120,47.6,48.2,33.7 / 118,34.1 / 120
8039,SC,Royal,F,68,61.7,86.6,106,30.7,31.0,30.7,105,31.0,106,43.1,43.5,30.7 / 105,31.0 / 106
8047,SC,Palmetto,M,72,74.9,101.4,143,37.5,37.4,37.5,144,37.4,141,50.9,50.5,37.5 / 144,37.4 / 141
8047,SC,Holley,M,72,73.2,99.0,139,36.6,36.6,36.6,140,36.6,138,49.6,49.4,36.6 / 140,36.6 / 138
8047,SC,Spalding,M,72,71.3,96.6,137,35.6,35.7,35.6,138,35.7,135,48.4,48.2,35.6 / 138,35.7 / 135
8047,SC,Magnolia,M,72,69.4,93.2,128,34.7,34.7,34.7,127,34.7,129,46.5,46.7,34.7 / 127,34.7 / 129
8047,SC,Burden,M,72,67.7,90.0,120,33.4,34.3,33.4,119,34.3,121,44.5,45.5,33.4 / 119,34.3 / 121
8047,SC,Azalea,M,72,64.2,85.2,113,31.8,32.4,31.8,113,32.4,113,42.3,42.9,31.8 / 113,32.4 / 113
8047,SC,Royal,M,68,60.6,80.0,104,30.1,30.5,30.1,105,30.5,103,39.9,40.1,30.1 / 105,30.5 / 103
8047,SC,Spalding,F,72,77.7,111.3,143,38.7,39.0,38.7,141,39.0,144,55.3,56.0,38.7 / 141,39.0 / 144
8047,SC,Magnolia,F,72,75.1,107.3,137,37.4,37.7,37.4,135,37.7,138,53.3,54.0,37.4 / 135,37.7 / 138
8047,SC,Burden,F,72,73.0,104.7,135,36.0,37.0,36.0,131,37.0,138,51.4,53.3,36.0 / 131,37.0 / 138
8047,SC,Azalea,F,72,68.3,97.7,125,33.8,34.5,33.8,126,34.5,124,48.6,49.1,33.8 / 126,34.5 / 124
8047,SC,Royal,F,68,62.4,88.8,112,31.0,31.4,31.0,114,31.4,110,44.4,44.4,31.0 / 114,31.4 / 110
8060,SC,Tournament,M,72,71.8,96.9,135,35.5,36.3,35.5,137,36.3,133,48.2,48.7,35.5 / 137,36.3 / 133
8060,SC,Back,M,72,70.3,94.8,132,34.5,35.8,34.5,133,35.8,130,46.9,47.9,34.5 / 133,35.8 / 130
8060,SC,Member,M,72,68.1,91.8,128,33.5,34.6,33.5,131,34.6,124,45.7,46.1,33.5 / 131,34.6 / 124
8060,SC,Forward,M,72,65.6,86.9,115,32.3,33.3,32.3,115,33.3,114,43.0,43.9,32.3 / 115,33.3 / 114
8060,SC,Red,M,72,64.1,84.7,111,31.7,32.4,31.7,111,32.4,111,42.0,42.7,31.7 / 111,32.4 / 111
8060,SC,Back,F,73,76.1,109.0,140,37.4,38.7,37.4,142,38.7,137,54.1,54.9,37.4 / 142,38.7 / 137
8060,SC,Member,F,72,73.7,105.5,135,36.3,37.4,36.3,138,37.4,131,52.6,52.9,36.3 / 138,37.4 / 131
8060,SC,Forward,F,72,70.9,100.0,124,35.0,35.9,35.0,121,35.9,126,49.3,50.7,35.0 / 121,35.9 / 126
8060,SC,Red,F,72,68.5,96.8,120,33.9,34.6,33.9,121,34.6,119,48.2,48.6,33.9 / 121,34.6 / 119
8272,SC,Blue,M,72,72.0,96.8,134,35.8,36.2,35.8,129,36.2,138,47.8,49.0,35.8 / 129,36.2 / 138
8272,SC,White,M,72,70.4,94.2,128,34.9,35.5,34.9,128,35.5,128,46.8,47.4,34.9 / 128,35.5 / 128
8272,SC,Gold,M,72,67.9,90.2,120,33.5,34.4,33.5,118,34.4,122,44.5,45.7,33.5 / 118,34.4 / 122
8272,SC,Green,M,72,65.1,85.7,111,32.0,33.1,32.0,107,33.1,115,41.9,43.8,32.0 / 107,33.1 / 115
8272,SC,PGA2,M,68,60.4,78.9,100,29.7,30.7,29.7,96,30.7,103,38.6,40.3,29.7 / 96,30.7 / 103
8272,SC,White,F,72,77.1,109.1,136,38.5,38.6,38.5,131,38.6,140,54.0,55.1,38.5 / 131,38.6 / 140
8272,SC,Gold,F,72,73.8,104.2,129,36.7,37.1,36.7,125,37.1,133,51.4,52.8,36.7 / 125,37.1 / 133
8272,SC,Red,F,72,70.4,99.3,123,34.6,35.8,34.6,123,35.8,122,49.1,50.2,34.6 / 123,35.8 / 122
8272,SC,PGA2,F,68,63.2,88.4,107,31.1,32.1,31.1,107,32.1,107,43.7,44.7,31.1 / 107,32.1 / 107
8242,SC,Blue,M,72,72.2,97.4,136,36.2,36.0,36.2,139,36.0,132,49.1,48.3,36.2 / 139,36.0 / 132
8242,SC,White,M,72,69.4,92.0,122,34.7,34.7,34.7,119,34.7,124,45.8,46.2,34.7 / 119,34.7 / 124
8242,SC,Gold,M,72,66.2,86.9,112,33.4,32.8,33.4,110,32.8,113,43.6,43.3,33.4 / 110,32.8 / 113
8242,SC,Red,M,72,62.4,81.9,105,31.4,31.0,31.4,103,31.0,107,41.0,40.9,31.4 / 103,31.0 / 107
8242,SC,Forward,M,72,60.1,78.5,99,29.9,30.2,29.9,97,30.2,101,38.9,39.6,29.9 / 97,30.2 / 101
8242,SC,Gold,F,72,71.6,100.0,121,36.0,35.6,36.0,120,35.6,121,50.1,49.9,36.0 / 120,35.6 / 121
8242,SC,Red,F,72,66.2,92.7,112,33.4,32.8,33.4,110,32.8,114,46.4,46.3,33.4 / 110,32.8 / 114
8242,SC,Forward,F,72,62.5,87.1,105,31.0,31.5,31.0,100,31.5,109,42.8,44.3,31.0 / 100,31.5 / 109
8129,SC,Rust,M,70,72.6,98.0,137,36.5,36.1,36.5,139,36.1,135,49.4,48.6,36.5 / 139,36.1 / 135
8129,SC,Yellow,M,70,70.2,94.8,132,35.1,35.1,35.1,131,35.1,133,47.3,47.5,35.1 / 131,35.1 / 133
8129,SC,Yellow / Silver,M,70,69.3,93.2,129,34.6,34.7,34.6,129,34.7,128,46.6,46.6,34.6 / 129,34.7 / 128
8129,SC,Silver,M,70,67.8,91.2,126,34.1,33.7,34.1,128,33.7,124,46.0,45.2,34.1 / 128,33.7 / 124
8129,SC,Green,M,70,65.8,88.0,120,32.8,33.0,32.8,122,33.0,117,44.1,43.9,32.8 / 122,33.0 / 117
8129,SC,Forward,M,70,61.7,82.5,112,30.9,30.8,30.9,114,30.8,110,41.5,41.0,30.9 / 114,30.8 / 110
8129,SC,Silver,F,72,73.6,104.5,131,37.2,36.4,37.2,136,36.4,126,53.2,51.3,37.2 / 136,36.4 / 126
8129,SC,Green,F,72,71.2,101.4,128,35.7,35.5,35.7,130,35.5,126,51.0,50.4,35.7 / 130,35.5 / 126
8129,SC,Forward,F,72,65.4,92.3,114,33.0,32.4,33.0,116,32.4,112,46.7,45.6,33.0 / 116,32.4 / 112
