course_id,state,tee_name,gender,par,course_rating,bogey_rating,slope_rating,rating_f9,rating_b9,front9_rating,front9_slope,back9_rating,back9_slope,bogey_f9,bogey_b9,front9_raw,back9_raw
198,NC,Gold Tees,M,72,75.0,102.1,146,37.6,37.4,37.6,147,37.4,144,51.3,50.8,37.6 / 147,37.4 / 144
198,NC,Gold - Blue Hybrid,M,72,73.4,99.9,143,36.8,36.6,36.8,145,36.6,140,50.3,49.6,36.8 / 145,36.6 / 140
198,NC,Blue Tees,M,72,72.5,98.6,141,36.3,36.2,36.3,143,36.2,138,49.6,49.0,36.3 / 143,36.2 / 138
198,NC,Blue - White Hybrid,M,72,70.7,95.7,135,35.5,35.2,35.5,133,35.2,136,47.9,47.8,35.5 / 133,35.2 / 136
198,NC,White Tees,M,72,70.0,94.1,130,35.1,34.9,35.1,127,34.9,132,46.9,47.2,35.1 / 127,34.9 / 132
198,NC,Silver Hybrid,M,72,68.2,91.2,124,34.1,34.1,34.1,122,34.1,126,45.4,45.8,34.1 / 122,34.1 / 126
198,NC,Red Tees,M,72,65.4,87.2,117,33.0,32.4,33.0,116,32.4,118,43.8,43.4,33.0 / 116,32.4 / 118
198,NC,Yellow Tees,M,71,62.7,83.6,113,31.6,31.1,31.6,112,31.1,113,42.0,41.6,31.6 / 112,31.1 / 113
198,NC,Blue Tees,F,72,78.7,114.5,152,39.3,39.4,39.3,155,39.4,148,57.7,56.8,39.3 / 155,39.4 / 148
198,NC,Blue - White Hybrid,F,72,76.8,111.6,148,38.3,38.5,38.3,152,38.5,143,56.2,55.4,38.3 / 152,38.5 / 143
198,NC,White Tees,F,72,75.5,109.6,145,37.6,37.9,37.6,149,37.9,140,55.2,54.4,37.6 / 149,37.9 / 140
198,NC,Silver Hybrid,F,72,72.9,105.3,138,36.2,36.7,36.2,137,36.7,138,52.3,53.0,36.2 / 137,36.7 / 138
198,NC,Red Tees,F,72,69.9,100.0,128,35.2,34.7,35.2,123,34.7,132,49.7,50.3,35.2 / 123,34.7 / 132
198,NC,Yellow Tees,F,71,66.1,94.6,121,33.3,32.8,33.3,118,32.8,124,47.2,47.4,33.3 / 118,32.8 / 124
5481,NC,I Tees,M,71,73.2,97.3,130,36.7,36.5,36.7,128,36.5,131,48.6,48.7,36.7 / 128,36.5 / 131
5481,NC,II Tees,M,71,71.4,94.8,126,35.7,35.7,35.7,125,35.7,127,47.3,47.5,35.7 / 125,35.7 / 127
5481,NC,II / III Hybrid,M,71,70.2,92.9,123,35.0,35.2,35.0,124,35.2,121,46.5,46.4,35.0 / 124,35.2 / 121
5481,NC,III Tees,M,71,68.5,90.9,121,33.9,34.6,33.9,122,34.6,119,45.2,45.7,33.9 / 122,34.6 / 119
5481,NC,III / IV Hybrid,M,71,66.3,87.8,116,32.7,33.6,32.7,116,33.6,115,43.5,44.3,32.7 / 116,33.6 / 115
5481,NC,IV Tees,M,71,64.6,85.3,112,32.2,32.4,32.2,113,32.4,110,42.7,42.6,32.2 / 113,32.4 / 110
5481,NC,V Tees,M,71,62.6,82.5,108,31.3,31.3,31.3,108,31.3,107,41.3,41.2,31.3 / 108,31.3 / 107
5481,NC,VI Tees,M,68,58.6,77.2,100,29.2,29.4,29.2,99,29.4,101,38.4,38.8,29.2 / 99,29.4 / 101
5481,NC,II Tees,F,71,77.2,109.0,135,38.6,38.6,38.6,136,38.6,134,54.6,54.4,38.6 / 136,38.6 / 134
5481,NC,II / III Hybrid,F,71,75.4,106.2,131,37.7,37.7,37.7,131,37.7,130,53.2,53.0,37.7 / 131,37.7 / 130
5481,NC,III Tees,F,71,73.2,102.9,126,36.4,36.8,36.4,126,36.8,126,51.3,51.6,36.4 / 126,36.8 / 126
5481,NC,III / IV Hybrid,F,71,71.0,99.5,121,35.2,35.8,35.2,121,35.8,120,49.5,50.0,35.2 / 121,35.8 / 120
5481,NC,IV Tees,F,71,69.1,96.4,116,34.7,34.4,34.7,117,34.4,114,48.5,47.9,34.7 / 117,34.4 / 114
5481,NC,V Tees,F,71,65.9,91.7,110,32.9,33.0,32.9,114,33.0,105,46.3,45.4,32.9 / 114,33.0 / 105
5481,NC,VI Tees,F,71,60.5,83.0,96,29.9,30.6,29.9,97,30.6,94,41.3,41.7,29.9 / 97,30.6 / 94
95,NC,Black Tees,M,72,75.2,101.6,142,37.5,37.7,37.5,140,37.7,144,50.5,51.1,37.5 / 140,37.7 / 144
95,NC,Blue Tees,M,72,72.8,98.4,138,36.3,36.5,36.3,136,36.5,140,48.9,49.5,36.3 / 136,36.5 / 140
95,NC,White Tees,M,72,70.3,94.0,128,35.2,35.1,35.2,128,35.1,127,47.1,46.9,35.2 / 128,35.1 / 127
95,NC,Gray Tees,M,72,68.6,90.9,120,34.3,34.3,34.3,118,34.3,122,45.3,45.6,34.3 / 118,34.3 / 122
95,NC,Red Tees,M,72,65.3,85.8,111,32.5,32.8,32.5,108,32.8,113,42.5,43.3,32.5 / 108,32.8 / 113
95,NC,Orange Tees,M,68,61.0,79.7,101,30.4,30.6,30.4,96,30.6,105,39.3,40.4,30.4 / 96,30.6 / 105
95,NC,White Tees,F,72,76.2,110.2,144,38.0,38.2,38.0,145,38.2,143,55.1,55.1,38.0 / 145,38.2 / 143
95,NC,Gray Tees,F,72,73.8,106.2,138,36.7,37.1,36.7,139,37.1,136,53.1,53.1,36.7 / 139,37.1 / 136
95,NC,Red Tees,F,72,70.5,98.9,121,35.1,35.4,35.1,120,35.4,121,49.2,49.7,35.1 / 120,35.4 / 121
95,NC,Orange Tees,F,71,64.1,89.8,109,31.9,32.2,31.9,108,32.2,110,44.6,45.2,31.9 / 108,32.2 / 110
79,NC,Blue Tees,M,71,70.0,94.8,134,35.0,35.0,35.0,136,35.0,131,47.6,47.2,35.0 / 136,35.0 / 131
79,NC,White Tees,M,71,68.7,91.7,124,34.3,34.4,34.3,127,34.4,121,46.1,45.6,34.3 / 127,34.4 / 121
79,NC,Gold Tees,M,71,65.1,86.5,115,32.2,32.9,32.2,115,32.9,115,42.9,43.6,32.2 / 115,32.9 / 115
79,NC,Red Tees,M,71,62.9,81.3,99,31.0,31.9,31.0,103,31.9,95,40.6,40.7,31.0 / 103,31.9 / 95
79,NC,Gold Tees,F,71,70.2,99.5,124,34.8,35.4,34.8,122,35.4,126,49.2,50.3,34.8 / 122,35.4 / 126
79,NC,Red Tees,F,71,65.9,92.9,115,32.7,33.2,32.7,112,33.2,117,45.9,47.0,32.7 / 112,33.2 / 117
14712,NC,Blue Tees,M,70,69.4,94.0,132,34.7,34.7,34.7,132,34.7,132,47.0,47.0,34.7 / 132,34.7 / 132
14712,NC,Red to White Tees,M,70,66.6,89.9,126,33.4,33.2,33.4,130,33.2,121,45.5,44.4,33.4 / 130,33.2 / 121
14712,NC,Yellow Tees,M,70,63.6,83.4,107,31.8,31.8,31.8,107,31.8,107,41.7,41.7,31.8 / 107,31.8 / 107
14712,NC,Yellow Tees,F,70,68.2,98.4,128,34.1,34.1,34.1,128,34.1,128,49.2,49.2,34.1 / 128,34.1 / 128
304,NC,Blue Back 9 Twice,M,72,71.0,94.4,126,35.5,35.5,35.5,126,35.5,126,47.2,47.2,35.5 / 126,35.5 / 126
304,NC,White Back 9 Twice,M,72,69.4,92.4,124,34.7,34.7,34.7,124,34.7,124,46.2,46.2,34.7 / 124,34.7 / 124
304,NC,Helene Tees,M,72,67.8,89.4,117,33.9,33.9,33.9,117,33.9,117,44.7,44.7,33.9 / 117,33.9 / 117
304,NC,Gold Back 9 Twice,M,72,67.4,89.0,116,33.7,33.7,33.7,116,33.7,116,44.5,44.5,33.7 / 116,33.7 / 116
304,NC,Red Back 9 Twice,M,72,62.0,79.4,94,31.0,31.0,31.0,94,31.0,94,39.7,39.7,31.0 / 94,31.0 / 94
304,NC,Gold Back 9 Twice,F,72,72.0,101.8,126,36.0,36.0,36.0,126,36.0,126,50.9,50.9,36.0 / 126,36.0 / 126
304,NC,Red Back 9 Twice,F,72,65.0,91.4,112,32.5,32.5,32.5,112,32.5,112,45.7,45.7,32.5 / 112,32.5 / 112
36045,NC,White Tees,M,72,72.5,99.1,143,36.3,36.2,36.3,141,36.2,145,49.4,49.7,36.3 / 141,36.2 / 145
36045,NC,Red Tees,F,72,71.8,103.9,137,36.5,35.3,36.5,142,35.3,131,53.2,50.7,36.5 / 142,35.3 / 131
421,NC,Blue Tees,M,72,71.4,95.8,131,35.4,36.0,35.4,132,36.0,130,47.7,48.1,35.4 / 132,36.0 / 130
421,NC,White Tees,M,72,69.7,93.4,128,34.7,35.0,34.7,126,35.0,129,46.4,47.0,34.7 / 126,35.0 / 129
421,NC,Green Hybrid,M,72,67.9,89.7,117,34.0,33.9,34.0,116,33.9,118,44.8,44.9,34.0 / 116,33.9 / 118
421,NC,Gold Tees,M,72,67.1,88.0,113,33.7,33.4,33.7,112,33.4,113,44.1,43.9,33.7 / 112,33.4 / 113
421,NC,Red Tees,M,71,64.4,84.3,108,32.3,32.1,32.3,108,32.1,107,42.3,42.0,32.3 / 108,32.1 / 107
421,NC,Orange Tees,M,67,60.8,78.5,95,30.6,30.2,30.6,99,30.2,91,39.8,38.7,30.6 / 99,30.2 / 91
421,NC,White Tees,F,72,75.7,107.1,134,37.7,38.0,37.7,131,38.0,136,53.1,54.0,37.7 / 131,38.0 / 136
421,NC,Gold Tees,F,72,72.1,101.8,126,36.3,35.8,36.3,126,35.8,126,51.1,50.7,36.3 / 126,35.8 / 126
421,NC,Red Tees,F,72,69.3,97.2,119,34.9,34.4,34.9,119,34.4,118,48.9,48.3,34.9 / 119,34.4 / 118
421,NC,Orange Tees,F,71,63.8,88.1,103,32.3,31.5,32.3,105,31.5,101,44.7,43.4,32.3 / 105,31.5 / 101
425,NC,Black Tees,M,72,74.3,101.5,146,36.8,37.5,36.8,145,37.5,147,50.3,51.2,36.8 / 145,37.5 / 147
425,NC,Blue Tees,M,72,72.1,97.7,138,35.7,36.4,35.7,138,36.4,138,48.5,49.2,35.7 / 138,36.4 / 138
425,NC,White Tees,M,72,70.4,95.1,133,34.9,35.5,34.9,133,35.5,132,47.3,47.8,34.9 / 133,35.5 / 132
425,NC,White/Grey Hybrid,M,72,69.1,93.0,129,34.3,34.8,34.3,127,34.8,130,46.1,46.9,34.3 / 127,34.8 / 130
425,NC,Grey Tees,M,72,67.8,90.9,125,33.8,34.0,33.8,121,34.0,128,45.0,45.9,33.8 / 121,34.0 / 128
425,NC,Grey/Teal Hybrid,M,72,66.2,88.6,121,32.8,33.4,32.8,117,33.4,124,43.7,44.9,32.8 / 117,33.4 / 124
425,NC,Teal Tees,M,72,64.6,86.3,117,32.3,32.3,32.3,115,32.3,118,43.0,43.3,32.3 / 115,32.3 / 118
425,NC,Forward Tees,M,68,59.3,78.9,106,29.5,29.8,29.5,101,29.8,110,38.9,40.0,29.5 / 101,29.8 / 110
425,NC,White Tees,F,72,76.1,109.9,143,37.6,38.5,37.6,137,38.5,149,53.8,56.1,37.6 / 137,38.5 / 149
425,NC,White/Grey Hybrid,F,72,74.5,107.5,140,36.8,37.7,36.8,134,37.7,146,52.6,54.9,36.8 / 134,37.7 / 146
425,NC,Grey Tees,F,72,73.2,105.6,137,36.3,36.9,36.3,131,36.9,143,51.8,53.8,36.3 / 131,36.9 / 143
425,NC,Grey/Teal Hybrid,F,72,71.2,101.7,130,35.3,35.9,35.3,124,35.9,135,49.9,51.8,35.3 / 124,35.9 / 135
425,NC,Teal Tees,F,72,68.9,97.4,121,34.6,34.3,34.6,120,34.3,122,48.7,48.7,34.6 / 120,34.3 / 122
425,NC,Forward Tees,F,68,61.0,85.8,105,30.4,30.6,30.4,101,30.6,109,42.3,43.5,30.4 / 101,30.6 / 109
107,NC,Black Tees,M,72,74.2,99.9,139,36.9,37.3,36.9,135,37.3,142,49.4,50.5,36.9 / 135,37.3 / 142
107,NC,Blue Tees,M,72,72.4,97.4,135,36.1,36.3,36.1,131,36.3,138,48.3,49.1,36.1 / 131,36.3 / 138
107,NC,Blue/White Hybrid,M,72,71.2,95.8,133,35.3,35.9,35.3,129,35.9,136,47.3,48.5,35.3 / 129,35.9 / 136
107,NC,White Tees,M,72,69.9,93.5,127,34.6,35.3,34.6,126,35.3,128,46.3,47.2,34.6 / 126,35.3 / 128
107,NC,White/Gold Hybrid,M,72,68.3,90.9,122,33.9,34.4,33.9,123,34.4,121,45.3,45.6,33.9 / 123,34.4 / 121
107,NC,Gold Tees,M,72,66.1,87.9,117,32.8,33.3,32.8,116,33.3,118,43.6,44.3,32.8 / 116,33.3 / 118
107,NC,Red Tees,M,72,64.3,85.4,114,31.9,32.4,31.9,112,32.4,115,42.3,43.1,31.9 / 112,32.4 / 115
107,NC,Red/Lvl 2 Hybrid,M,69,62.7,83.2,111,31.3,31.4,31.3,110,31.4,111,41.5,41.7,31.3 / 110,31.4 / 111
107,NC,Level 2 Tees,M,68,59.6,79.3,106,29.7,29.9,29.7,104,29.9,108,39.4,39.9,29.7 / 104,29.9 / 108
107,NC,Blue Tees,F,72,78.9,113.2,146,39.3,39.6,39.3,146,39.6,145,56.5,56.7,39.3 / 146,39.6 / 145
107,NC,Blue/White Hybrid,F,72,77.7,111.3,143,38.4,39.3,38.4,142,39.3,143,55.1,56.2,38.4 / 142,39.3 / 143
107,NC,White Tees,F,72,75.6,108.4,139,37.5,38.1,37.5,139,38.1,139,53.9,54.5,37.5 / 139,38.1 / 139
107,NC,White/Gold Hybrid,F,72,73.5,105.0,134,36.5,37.0,36.5,133,37.0,134,52.2,52.8,36.5 / 133,37.0 / 134
107,NC,Gold Tees,F,72,71.2,101.1,127,35.3,35.9,35.3,125,35.9,129,50.0,51.1,35.3 / 125,35.9 / 129
107,NC,Red Tees,F,72,68.8,97.9,124,34.1,34.7,34.1,120,34.7,127,48.2,49.7,34.1 / 120,34.7 / 127
107,NC,Red/Lvl 2 Hybrid,F,72,66.0,93.6,117,33.1,32.9,33.1,115,32.9,119,46.7,46.9,33.1 / 115,32.9 / 119
107,NC,Level 2 Tees,F,72,61.2,86.4,107,30.3,30.9,30.3,104,30.9,109,42.6,43.8,30.3 / 104,30.9 / 109
131,NC,Black Tees,M,70,73.8,101.9,152,37.4,36.4,37.4,151,36.4,152,51.4,50.5,37.4 / 151,36.4 / 152
131,NC,Blue Tees,M,70,70.8,98.3,148,35.9,34.9,35.9,149,34.9,147,49.7,48.6,35.9 / 149,34.9 / 147
131,NC,Palmer Tees,M,70,69.3,96.0,144,35.1,34.2,35.1,142,34.2,145,48.3,47.7,35.1 / 142,34.2 / 145
131,NC,White Tees,M,70,68.7,94.0,136,34.7,34.0,34.7,141,34.0,131,47.8,46.2,34.7 / 141,34.0 / 131
131,NC,Arnold Tees,M,70,67.3,91.5,131,33.9,33.4,33.9,135,33.4,126,46.4,45.1,33.9 / 135,33.4 / 126
131,NC,Gold Tees,M,70,66.8,90.5,128,33.7,33.1,33.7,130,33.1,125,45.8,44.7,33.7 / 130,33.1 / 125
131,NC,Red Tees,M,70,64.3,87.0,122,32.2,32.1,32.2,125,32.1,119,43.8,43.2,32.2 / 125,32.1 / 119
131,NC,White Tees,F,70,73.9,109.5,151,37.6,36.3,37.6,152,36.3,150,55.5,54.0,37.6 / 152,36.3 / 150
131,NC,Gold Tees,F,70,71.1,104.7,142,36.0,35.1,36.0,142,35.1,142,52.8,51.9,36.0 / 142,35.1 / 142
131,NC,Red Tees,F,70,67.3,98.0,130,34.0,33.3,34.0,132,33.3,128,49.6,48.4,34.0 / 132,33.3 / 128
17997,NC,Black Tees,M,72,73.9,101.4,148,37.0,36.9,37.0,146,36.9,150,50.6,50.8,37.0 / 146,36.9 / 150
17997,NC,Blue Tees,M,72,71.2,96.8,138,35.8,35.4,35.8,137,35.4,139,48.5,48.3,35.8 / 137,35.4 / 139
17997,NC,White Tees,M,72,69.2,92.7,127,34.7,34.5,34.7,131,34.5,122,46.9,45.8,34.7 / 131,34.5 / 122
17997,NC,Gold Tees,M,72,66.2,88.2,118,33.1,33.1,33.1,119,33.1,117,44.2,44.0,33.1 / 119,33.1 / 117
17997,NC,Red Tees,M,72,62.8,84.0,114,31.3,31.5,31.3,114,31.5,114,41.9,42.1,31.3 / 114,31.5 / 114
17997,NC,White Tees,F,72,74.3,107.5,141,37.3,37.0,37.3,140,37.0,142,53.8,53.7,37.3 / 140,37.0 / 142
17997,NC,Gold Tees,F,72,70.8,101.4,130,35.3,35.5,35.3,131,35.5,129,50.7,50.7,35.3 / 131,35.5 / 129
17997,NC,Red Tees,F,72,65.5,92.6,115,32.7,32.8,32.7,114,32.8,116,46.1,46.5,32.7 / 114,32.8 / 116
44,NC,Gold,M,72,73.2,97.8,132,36.4,36.8,36.4,131,36.8,133,48.6,49.2,36.4 / 131,36.8 / 133
44,NC,Blue,M,72,70.7,94.4,128,35.0,35.7,35.0,124,35.7,131,46.5,47.9,35.0 / 124,35.7 / 131
44,NC,White,M,72,68.2,90.5,120,33.7,34.5,33.7,118,34.5,122,44.7,45.8,33.7 / 118,34.5 / 122
44,NC,Red,M,72,65.2,86.5,115,32.1,33.1,32.1,114,33.1,115,42.7,43.8,32.1 / 114,33.1 / 115
44,NC,White,F,72,73.8,104.6,131,36.5,37.3,36.5,130,37.3,131,51.8,52.8,36.5 / 130,37.3 / 131
44,NC,Red,F,72,70.5,99.4,123,35.0,35.5,35.0,119,35.5,126,49.0,50.4,35.0 / 119,35.5 / 126
46,NC,Blue Tees,M,72,71.4,96.9,138,35.1,36.3,35.1,135,36.3,140,47.6,49.3,35.1 / 135,36.3 / 140
46,NC,White Tees,M,72,70.3,94.7,131,34.5,35.8,34.5,129,35.8,133,46.5,48.2,34.5 / 129,35.8 / 133
46,NC,White/Gold Hybrid,M,72,69.0,92.5,127,34.0,35.0,34.0,124,35.0,129,45.5,47.0,34.0 / 124,35.0 / 129
46,NC,Gold Tees,M,72,66.8,89.2,121,33.2,33.6,33.2,117,33.6,124,44.1,45.1,33.2 / 117,33.6 / 124
46,NC,Red Tees,M,72,63.7,85.0,115,31.8,31.9,31.8,112,31.9,117,42.2,42.8,31.8 / 112,31.9 / 117
46,NC,Green Tees,M,68,60.3,80.0,106,30.3,30.0,30.3,102,30.0,110,39.8,40.2,30.3 / 102,30.0 / 110
46,NC,White Tees,F,72,75.2,107.1,135,36.9,38.3,36.9,133,38.3,137,52.6,54.5,36.9 / 133,38.3 / 137
46,NC,White/Gold Hybrid,F,72,73.5,104.7,133,36.2,37.3,36.2,131,37.3,134,51.6,53.1,36.2 / 131,37.3 / 134
46,NC,Gold Tees,F,72,71.5,101.5,127,35.4,36.1,35.4,126,36.1,128,50.3,51.2,35.4 / 126,36.1 / 128
46,NC,Red Tees,F,72,67.5,96.2,122,33.8,33.7,33.8,124,33.7,120,48.4,47.8,33.8 / 124,33.7 / 120
46,NC,Green Tees,F,72,62.5,88.7,112,31.5,31.0,31.5,114,31.0,109,44.9,43.8,31.5 / 114,31.0 / 109
128,NC,Blue Tees,M,58,60.0,81.8,117,30.0,30.0,30.0,117,30.0,117,40.9,40.9,30.0 / 117,30.0 / 117
128,NC,White Tees,M,58,58.4,78.6,109,29.2,29.2,29.2,109,29.2,109,39.3,39.3,29.2 / 109,29.2 / 109
128,NC,Green Tees,M,58,56.2,73.8,95,28.1,28.1,28.1,95,28.1,95,36.9,36.9,28.1 / 95,28.1 / 95
128,NC,Red Tees,M,58,54.6,71.2,89,27.3,27.3,27.3,89,27.3,89,35.6,35.6,27.3 / 89,27.3 / 89
128,NC,Blue Tees,F,58,63.0,92.0,123,31.5,31.5,31.5,123,31.5,123,46.0,46.0,31.5 / 123,31.5 / 123
128,NC,White Tees,F,58,60.4,87.6,115,30.2,30.2,30.2,115,30.2,115,43.8,43.8,30.2 / 115,30.2 / 115
128,NC,Green Tees,F,58,58.8,83.6,105,29.4,29.4,29.4,105,29.4,105,41.8,41.8,29.4 / 105,29.4 / 105
128,NC,Red Tees,F,58,57.6,80.4,97,28.8,28.8,28.8,97,28.8,97,40.2,40.2,28.8 / 97,28.8 / 97
246,NC,Black Tees,M,72,71.9,95.9,129,36.2,35.7,36.2,129,35.7,129,48.2,47.7,36.2 / 129,35.7 / 129
246,NC,White Tees,M,72,69.5,92.6,125,34.9,34.6,34.9,125,34.6,124,46.5,46.1,34.9 / 125,34.6 / 124
246,NC,Gold Tees,M,72,67.1,87.9,112,33.8,33.3,33.8,113,33.3,111,44.3,43.6,33.8 / 113,33.3 / 111
246,NC,Green Tees,M,72,65.4,85.2,107,32.8,32.6,32.8,104,32.6,109,42.5,42.7,32.8 / 104,32.6 / 109
246,NC,Red Tees,M,72,64.4,83.9,105,32.5,31.9,32.5,103,31.9,107,42.1,41.8,32.5 / 103,31.9 / 107
246,NC,Light Blue Tees,M,72,61.8,80.3,100,30.9,30.9,30.9,98,30.9,101,40.0,40.3,30.9 / 98,30.9 / 101
246,NC,White Tees,F,72,75.0,106.1,132,37.8,37.2,37.8,133,37.2,131,53.5,52.6,37.8 / 133,37.2 / 131
246,NC,Gold Tees,F,72,72.1,101.7,126,36.3,35.8,36.3,127,35.8,124,51.3,50.4,36.3 / 127,35.8 / 124
246,NC,Green Tees,F,72,70.1,97.6,117,34.9,35.2,34.9,120,35.2,114,49.0,48.6,34.9 / 120,35.2 / 114
246,NC,Red Tees,F,72,68.9,95.7,114,34.6,34.3,34.6,117,34.3,110,48.4,47.3,34.6 / 117,34.3 / 110
246,NC,Light Blue Tees,F,72,65.2,90.2,106,32.5,32.7,32.5,109,32.7,103,45.4,44.8,32.5 / 109,32.7 / 103
18001,NC,Blue Tees,M,72,73.3,99.3,140,36.2,37.1,36.2,139,37.1,141,49.1,50.2,36.2 / 139,37.1 / 141
18001,NC,White Tees,M,72,70.7,95.6,134,35.2,35.5,35.2,132,35.5,136,47.5,48.1,35.2 / 132,35.5 / 136
18001,NC,Gold Tees,M,72,68.3,91.6,126,33.9,34.4,33.9,123,34.4,128,45.3,46.3,33.9 / 123,34.4 / 128
18001,NC,Green Tees,M,72,65.5,87.3,117,32.5,33.0,32.5,118,33.0,116,43.5,43.8,32.5 / 118,33.0 / 116
18001,NC,Red Tees,M,72,64.0,85.1,114,31.7,32.3,31.7,113,32.3,114,42.2,42.9,31.7 / 113,32.3 / 114
18001,NC,White Tees,F,72,76.6,110.8,145,37.9,38.7,37.9,146,38.7,144,55.1,55.7,37.9 / 146,38.7 / 144
18001,NC,Gold Tees,F,72,73.9,106.8,140,36.5,37.4,36.5,140,37.4,139,53.0,53.8,36.5 / 140,37.4 / 139
18001,NC,Green Tees,F,72,70.0,100.6,130,34.9,35.1,34.9,126,35.1,134,49.7,50.9,34.9 / 126,35.1 / 134
18001,NC,Red Tees,F,72,68.4,96.1,118,33.6,34.8,33.6,113,34.8,122,46.9,49.2,33.6 / 113,34.8 / 122
449,NC,Black Tees,M,72,75.3,101.5,141,37.1,38.2,37.1,138,38.2,144,49.9,51.6,37.1 / 138,38.2 / 144
449,NC,Blue Tee,M,72,73.1,98.5,137,36.1,37.0,36.1,135,37.0,139,48.6,49.9,36.1 / 135,37.0 / 139
449,NC,White Tees,M,72,70.6,94.8,130,35.2,35.4,35.2,131,35.4,129,47.4,47.4,35.2 / 131,35.4 / 129
449,NC,Yellow Tees,M,72,67.7,90.2,121,33.8,33.9,33.8,119,33.9,123,44.9,45.3,33.8 / 119,33.9 / 123
449,NC,Green Tees,M,72,64.7,85.9,114,32.2,32.5,32.2,113,32.5,115,42.7,43.2,32.2 / 113,32.5 / 115
449,NC,Yellow Tees,F,72,73.9,104.9,132,37.0,36.9,37.0,132,36.9,131,52.6,52.3,37.0 / 132,36.9 / 131
449,NC,Green Tees,F,72,69.4,98.7,125,34.5,34.9,34.5,126,34.9,123,49.3,49.4,34.5 / 126,34.9 / 123
449,NC,Green/Silver Hybrid,F,72,65.9,94.1,120,33.1,32.8,33.1,123,32.8,116,47.6,46.5,33.1 / 123,32.8 / 116
143,NC,Black Tees,M,72,70.4,95.3,134,35.4,35.0,35.4,133,35.0,135,47.8,47.5,35.4 / 133,35.0 / 135
143,NC,Black/Gold Hybrid,M,72,69.4,93.9,132,34.8,34.6,34.8,131,34.6,132,47.0,46.9,34.8 / 131,34.6 / 132
143,NC,Gold Tees,M,72,68.4,92.5,130,34.2,34.2,34.2,129,34.2,130,46.2,46.3,34.2 / 129,34.2 / 130
143,NC,Gold/Blue Hybrid,M,72,67.0,90.3,126,33.6,33.4,33.6,124,33.4,127,45.1,45.2,33.6 / 124,33.4 / 127
143,NC,Blue Tees,M,72,65.4,87.6,120,32.5,32.9,32.5,117,32.9,122,43.4,44.2,32.5 / 117,32.9 / 122
143,NC,Blue/White Hybrid,M,72,64.8,86.4,116,32.3,32.5,32.3,113,32.5,119,42.8,43.6,32.3 / 113,32.5 / 119
143,NC,White Tees,M,72,63.7,84.8,114,31.9,31.8,31.9,110,31.8,117,42.1,42.7,31.9 / 110,31.8 / 117
143,NC,White/Green Hybrid,M,72,62.8,83.7,113,31.3,31.5,31.3,109,31.5,116,41.4,42.3,31.3 / 109,31.5 / 116
143,NC,Green Tees,M,72,61.5,82.0,111,31.0,30.5,31.0,108,30.5,113,41.0,41.0,31.0 / 108,30.5 / 113
143,NC,Gold Tees,F,72,73.6,105.9,137,37.1,36.5,37.1,134,36.5,140,52.9,53.0,37.1 / 134,36.5 / 140
143,NC,Gold/Blue Hybrid,F,72,71.7,103.3,134,36.1,35.6,36.1,131,35.6,137,51.6,51.7,36.1 / 131,35.6 / 137
143,NC,Blue Tees,F,72,70.1,101.0,131,35.0,35.1,35.0,128,35.1,134,50.1,50.9,35.0 / 128,35.1 / 134
143,NC,Blue/White Hybrid,F,72,69.1,99.8,130,34.7,34.4,34.7,127,34.4,133,49.7,50.1,34.7 / 127,34.4 / 133
143,NC,White Tees,F,72,67.7,97.1,125,34.0,33.7,34.0,126,33.7,124,48.8,48.3,34.0 / 126,33.7 / 124
143,NC,White/Green Hybrid,F,72,66.3,95.2,123,33.1,33.2,33.1,123,33.2,122,47.6,47.6,33.1 / 123,33.2 / 122
143,NC,Green Tees,F,72,64.7,92.9,120,32.7,32.0,32.7,121,32.0,118,47.0,45.9,32.7 / 121,32.0 / 118
15069,NC,Blue Tees,M,72,74.7,100.3,138,35.5,39.2,35.5,130,39.2,145,47.6,52.7,35.5 / 130,39.2 / 145
15069,NC,Blue/White Hybrid,M,72,72.4,97.2,134,34.9,37.5,34.9,127,37.5,140,46.7,50.5,34.9 / 127,37.5 / 140
15069,NC,White Tees,M,72,70.4,94.7,131,34.1,36.3,34.1,124,36.3,138,45.6,49.1,34.1 / 124,36.3 / 138
15069,NC,Gold Tees,M,72,67.9,90.8,123,32.8,35.1,32.8,115,35.1,131,43.5,47.3,32.8 / 115,35.1 / 131
15069,NC,Black Tees,M,72,65.8,86.9,114,31.8,34.0,31.8,109,34.0,118,41.9,45.0,31.8 / 109,34.0 / 118
15069,NC,Red Tees,M,72,63.6,83.6,108,31.2,32.4,31.2,102,32.4,113,40.7,42.9,31.2 / 102,32.4 / 113
15069,NC,Family Tee 2,M,70,59.3,76.4,92,29.0,30.3,29.0,90,30.3,94,37.4,39.0,29.0 / 90,30.3 / 94
15069,NC,Family Tee 1,M,68,56.8,72.8,86,28.0,28.8,28.0,86,28.8,86,36.0,36.8,28.0 / 86,28.8 / 86
15069,NC,Gold Tees,F,72,73.6,105.7,136,35.6,38.0,35.6,128,38.0,144,50.7,55.0,35.6 / 128,38.0 / 144
15069,NC,Black Tees,F,72,70.6,100.4,127,34.4,36.2,34.4,118,36.2,135,48.3,52.1,34.4 / 118,36.2 / 135
15069,NC,Red Tees,F,72,67.8,95.7,119,33.0,34.8,33.0,114,34.8,123,46.4,49.3,33.0 / 114,34.8 / 123
15069,NC,Family Tee 2,F,72,61.5,85.7,103,30.1,31.4,30.1,100,31.4,105,41.9,43.8,30.1 / 100,31.4 / 105
15069,NC,Family Tee 1,F,72,58.8,81.1,95,29.2,29.6,29.2,94,29.6,95,40.3,40.8,29.2 / 94,29.6 / 95
454,NC,Black Tees,M,72,73.9,98.7,134,36.9,37.0,36.9,128,37.0,139,48.8,49.9,36.9 / 128,37.0 / 139
454,NC,Blue Tees,M,72,71.0,94.7,128,35.4,35.6,35.4,127,35.6,128,47.2,47.5,35.4 / 127,35.6 / 128
454,NC,White Tees,M,72,68.8,91.5,123,34.2,34.6,34.2,123,34.6,122,45.6,45.9,34.2 / 123,34.6 / 122
454,NC,Gold Tees,M,72,65.8,87.2,115,33.0,32.8,33.0,115,32.8,115,43.7,43.5,33.0 / 115,32.8 / 115
454,NC,Red Tees,M,72,63.1,83.4,110,31.7,31.4,31.7,110,31.4,109,41.9,41.5,31.7 / 110,31.4 / 109
454,NC,Pink Tees,M,72,60.6,79.7,103,30.4,30.2,30.4,102,30.2,103,39.9,39.8,30.4 / 102,30.2 / 103
454,NC,White Tees,F,72,74.5,105.6,132,37.1,37.4,37.1,131,37.4,132,52.6,53.0,37.1 / 131,37.4 / 132
454,NC,Gold Tees,F,72,71.1,100.1,123,35.5,35.6,35.5,122,35.6,124,49.9,50.2,35.5 / 122,35.6 / 124
454,NC,Red Tees,F,72,67.6,94.5,114,33.8,33.8,33.8,116,33.8,112,47.5,47.0,33.8 / 116,33.8 / 112
454,NC,Pink Tees,F,72,63.5,88.3,105,31.8,31.7,31.8,107,31.7,103,44.4,43.9,31.8 / 107,31.7 / 103
162,NC,Black Tees,M,72,73.1,98.5,137,36.6,36.5,36.6,142,36.5,131,49.8,48.7,36.6 / 142,36.5 / 131
162,NC,Blue Tees,M,72,71.4,95.7,131,35.8,35.6,35.8,137,35.6,125,48.5,47.2,35.8 / 137,35.6 / 125
162,NC,Blue/White Hybrid,M,72,70.2,94.1,129,35.4,34.8,35.4,131,34.8,126,47.6,46.5,35.4 / 131,34.8 / 126
162,NC,White Tees,M,72,69.9,92.8,124,35.2,34.7,35.2,125,34.7,122,46.8,46.0,35.2 / 125,34.7 / 122
162,NC,White/Gold Hybrid,M,72,68.2,90.3,119,34.4,33.8,34.4,122,33.8,116,45.7,44.6,34.4 / 122,33.8 / 116
162,NC,Gold Tees,M,72,67.4,88.9,116,34.1,33.3,34.1,118,33.3,113,45.1,43.8,34.1 / 118,33.3 / 113
162,NC,Gold/Red Hybrid,M,72,66.0,87.0,113,33.4,32.6,33.4,116,32.6,110,44.2,42.8,33.4 / 116,32.6 / 110
162,NC,Red Tees,M,72,65.1,85.3,109,32.7,32.4,32.7,111,32.4,107,43.0,42.3,32.7 / 111,32.4 / 107
162,NC,Red/Family Hybrid,M,72,61.3,80.1,101,31.0,30.3,31.0,102,30.3,100,40.5,39.6,31.0 / 102,30.3 / 100
162,NC,Family Tees,M,68,60.1,77.9,96,30.2,29.9,30.2,98,29.9,94,39.3,38.6,30.2 / 98,29.9 / 94
162,NC,Blue Tees,F,73,77.2,111.0,144,38.9,38.3,38.9,145,38.3,142,56.0,55.0,38.9 / 145,38.3 / 142
162,NC,White Tees,F,72,75.1,107.9,139,37.9,37.2,37.9,141,37.2,137,54.5,53.4,37.9 / 141,37.2 / 137
162,NC,Gold Tees,F,72,71.8,102.2,129,36.4,35.4,36.4,134,35.4,124,52.2,50.0,36.4 / 134,35.4 / 124
162,NC,Gold/Red Hybrid,F,72,70.2,99.8,126,35.7,34.5,35.7,131,34.5,120,51.1,48.7,35.7 / 131,34.5 / 120
162,NC,Red Tees,F,72,69.3,98.2,123,35.1,34.2,35.1,126,34.2,120,49.9,48.3,35.1 / 126,34.2 / 120
162,NC,Red 4s & 3s / Family 5s,F,72,67.0,93.9,114,33.9,33.1,33.9,118,33.1,110,47.8,46.1,33.9 / 118,33.1 / 110
162,NC,Red/Family Hybrid,F,72,64.9,90.0,106,32.8,32.1,32.8,109,32.1,103,45.7,44.3,32.8 / 109,32.1 / 103
162,NC,Family Tees,F,72,62.2,85.4,99,31.4,30.8,31.4,102,30.8,95,43.4,42.0,31.4 / 102,30.8 / 95
465,NC,Gold Tees,M,72,71.8,96.9,135,35.7,36.1,35.7,131,36.1,139,47.9,49.0,35.7 / 131,36.1 / 139
465,NC,Blue Tees,M,72,70.1,94.4,131,34.9,35.2,34.9,129,35.2,132,46.9,47.5,34.9 / 129,35.2 / 132
465,NC,White Tees,M,72,68.0,91.2,125,34.0,34.0,34.0,123,34.0,127,45.4,45.8,34.0 / 123,34.0 / 127
465,NC,White/Green Hybrid,M,72,66.5,88.5,119,33.0,33.5,33.0,116,33.5,121,43.8,44.7,33.0 / 116,33.5 / 121
465,NC,Green Tees,M,72,65.1,86.2,114,32.0,33.1,32.0,109,33.1,118,42.1,44.1,32.0 / 109,33.1 / 118
465,NC,Green/Red Hybrid,M,72,63.7,84.3,111,31.7,32.0,31.7,108,32.0,114,41.7,42.6,31.7 / 108,32.0 / 114
465,NC,Red Tees,M,72,63.1,83.2,109,31.6,31.5,31.6,107,31.5,110,41.5,41.7,31.6 / 107,31.5 / 110
465,NC,White Tees,F,72,74.1,105.5,133,37.0,37.1,37.0,133,37.1,133,52.7,52.8,37.0 / 133,37.1 / 133
465,NC,White/Green Hybrid,F,72,72.3,102.4,128,35.9,36.4,35.9,130,36.4,126,51.2,51.2,35.9 / 130,36.4 / 126
465,NC,Green Tees,F,72,70.2,99.3,124,34.4,35.8,34.4,122,35.8,125,48.8,50.5,34.4 / 122,35.8 / 125
465,NC,Green/Red Hybrid,F,72,68.4,97.2,122,34.0,34.4,34.0,121,34.4,123,48.3,48.9,34.0 / 121,34.4 / 123
465,NC,Red Tees,F,72,67.6,95.7,119,33.8,33.8,33.8,116,33.8,122,47.5,48.2,33.8 / 116,33.8 / 122
465,NC,Ladies Hybrid,F,72,65.8,93.6,118,32.8,33.0,32.8,115,33.0,120,46.4,47.2,32.8 / 115,33.0 / 120
41,NC,Black Tees,M,72,74.2,99.2,135,37.3,36.9,37.3,136,36.9,133,49.9,49.3,37.3 / 136,36.9 / 133
41,NC,Blue Tees,M,72,71.9,96.2,131,36.0,35.9,36.0,131,35.9,130,48.2,48.0,36.0 / 131,35.9 / 130
41,NC,Blue/Orange Hybrid,M,72,70.9,94.7,128,35.4,35.5,35.4,130,35.5,126,47.5,47.2,35.4 / 130,35.5 / 126
41,NC,Orange Tees,M,72,69.7,93.0,126,34.6,35.1,34.6,128,35.1,123,46.5,46.5,34.6 / 128,35.1 / 123
41,NC,Orange/Gold Hybrid,M,72,69.0,91.7,123,34.3,34.7,34.3,123,34.7,122,45.7,46.0,34.3 / 123,34.7 / 122
41,NC,Gold Tees,M,72,67.0,89.5,122,33.2,33.8,33.2,122,33.8,121,44.5,45.0,33.2 / 122,33.8 / 121
41,NC,White Tees,M,72,66.5,88.8,120,33.1,33.4,33.1,121,33.4,119,44.3,44.5,33.1 / 121,33.4 / 119
41,NC,White/Green Hybrid,M,72,63.8,85.1,115,31.7,32.1,31.7,113,32.1,116,42.2,42.9,31.7 / 113,32.1 / 116
41,NC,Green Tees,M,72,61.7,82.3,111,30.5,31.2,30.5,110,31.2,112,40.7,41.6,30.5 / 110,31.2 / 112
41,NC,Orange Tees,F,73,75.8,107.4,134,37.7,38.1,37.7,137,38.1,131,53.8,53.6,37.7 / 137,38.1 / 131
41,NC,Gold Tees,F,72,72.2,102.3,128,36.0,36.2,36.0,130,36.2,126,51.3,51.0,36.0 / 130,36.2 / 126
41,NC,White Tees,F,72,71.7,101.5,127,35.8,35.9,35.8,128,35.9,125,50.9,50.6,35.8 / 128,35.9 / 125
41,NC,White/Green Hybrid,F,72,68.4,97.4,123,33.8,34.6,33.8,126,34.6,120,48.7,48.7,33.8 / 126,34.6 / 120
41,NC,Green Tees,F,72,65.6,92.8,115,32.3,33.3,32.3,115,33.3,115,45.9,46.9,32.3 / 115,33.3 / 115
299,NC,Black Tees,M,70,71.9,97.4,138,34.7,37.2,34.7,135,37.2,140,47.2,50.2,34.7 / 135,37.2 / 140
299,NC,Blue Tees,M,70,69.2,93.5,131,33.6,35.6,33.6,130,35.6,131,45.7,47.8,33.6 / 130,35.6 / 131
299,NC,Orange Tees,M,70,67.3,89.3,119,32.4,34.9,32.4,110,34.9,127,42.6,46.7,32.4 / 110,34.9 / 127
299,NC,Orange/Gold Hybrid,M,70,66.6,88.1,116,32.1,34.5,32.1,109,34.5,123,42.2,45.9,32.1 / 109,34.5 / 123
299,NC,Gold Tees,M,70,65.9,86.7,112,31.8,34.1,31.8,107,34.1,117,41.7,45.0,31.8 / 107,34.1 / 117
299,NC,Long White Tees,M,70,64.4,84.9,110,31.3,33.1,31.3,105,33.1,115,41.1,43.8,31.3 / 105,33.1 / 115
299,NC,Short White Tees,M,69,63.6,83.9,109,30.5,33.1,30.5,103,33.1,115,40.1,43.8,30.5 / 103,33.1 / 115
299,NC,Green Tees,M,68,60.3,79.6,104,29.2,31.1,29.2,99,31.1,109,38.4,41.2,29.2 / 99,31.1 / 109
299,NC,Blue Tees,F,72,75.2,108.8,143,36.6,38.6,36.6,135,38.6,150,52.5,56.3,36.6 / 135,38.6 / 150
299,NC,Orange Tees,F,72,72.6,104.8,137,34.8,37.8,34.8,126,37.8,147,49.7,55.1,34.8 / 126,37.8 / 147
299,NC,Gold Tees,F,72,70.6,100.3,126,34.0,36.6,34.0,114,36.6,138,47.4,52.9,34.0 / 114,36.6 / 138
299,NC,Long White Tees,F,72,69.1,97.1,119,33.3,35.8,33.3,110,35.8,127,46.3,50.8,33.3 / 110,35.8 / 127
299,NC,Short White Tees,F,71,67.9,95.1,115,32.1,35.8,32.1,103,35.8,127,44.3,50.8,32.1 / 103,35.8 / 127
299,NC,Green Tees,F,70,63.1,88.4,107,29.9,33.2,29.9,98,33.2,116,41.5,46.9,29.9 / 98,33.2 / 116
288,NC,Gold Tees,M,70,72.8,98.5,139,36.0,36.8,36.0,141,36.8,136,49.1,49.4,36.0 / 141,36.8 / 136
288,NC,Gold/White Hybrid,M,70,71.1,96.4,136,35.5,35.6,35.5,139,35.6,133,48.4,48.0,35.5 / 139,35.6 / 133
288,NC,White Tees,M,70,70.3,94.8,132,34.9,35.4,34.9,133,35.4,130,47.3,47.5,34.9 / 133,35.4 / 130
288,NC,White/Green Hybrid,M,70,69.0,93.3,131,34.1,34.9,34.1,132,34.9,129,46.4,46.9,34.1 / 132,34.9 / 129
288,NC,Green Tees,M,70,68.6,92.6,129,33.9,34.7,33.9,131,34.7,127,46.1,46.5,33.9 / 131,34.7 / 127
288,NC,Green/Blue Hybrid,M,70,66.9,90.3,126,33.2,33.7,33.2,126,33.7,126,44.9,45.4,33.2 / 126,33.7 / 126
288,NC,Blue Tees,M,70,65.7,88.4,122,32.8,32.9,32.8,125,32.9,119,44.4,44.0,32.8 / 125,32.9 / 119
288,NC,Red Tees,M,70,63.4,84.8,115,31.6,31.8,31.6,118,31.8,112,42.6,42.2,31.6 / 118,31.8 / 112
288,NC,Orange Tees,M,70,60.8,80.9,109,30.1,30.7,30.1,110,30.7,107,40.3,40.6,30.1 / 110,30.7 / 107
288,NC,Gold Tees,F,72,79.3,114.0,147,39.2,40.1,39.2,148,40.1,146,56.7,57.3,39.2 / 148,40.1 / 146
288,NC,Gold/White Hybrid,F,72,77.6,111.8,145,38.5,39.1,38.5,146,39.1,144,55.7,56.1,38.5 / 146,39.1 / 144
288,NC,White Tees,F,72,76.8,110.6,143,38.0,38.8,38.0,144,38.8,142,55.0,55.6,38.0 / 144,38.8 / 142
288,NC,White/Green Hybrid,F,72,75.5,108.5,140,37.4,38.1,37.4,140,38.1,140,53.9,54.6,37.4 / 140,38.1 / 140
288,NC,Green Tees,F,72,74.7,107.3,138,36.9,37.8,36.9,138,37.8,138,53.2,54.1,36.9 / 138,37.8 / 138
288,NC,Green/Blue Hybrid,F,72,73.2,104.2,132,36.1,37.1,36.1,133,37.1,130,51.8,52.4,36.1 / 133,37.1 / 130
288,NC,Blue Tees,F,72,71.5,102.0,129,35.8,35.7,35.8,131,35.7,127,51.3,50.7,35.8 / 131,35.7 / 127
288,NC,Red Tees,F,72,68.2,97.6,125,34.2,34.0,34.2,125,34.0,125,48.9,48.7,34.2 / 125,34.0 / 125
288,NC,Orange Tees,F,72,64.3,91.9,117,32.0,32.3,32.0,115,32.3,119,45.6,46.3,32.0 / 115,32.3 / 119
167,NC,Gold Tees,M,71,72.1,97.6,138,35.2,36.9,35.2,136,36.9,139,47.8,49.8,35.2 / 136,36.9 / 139
167,NC,Blue Tees,M,71,69.6,94.3,133,33.9,35.7,33.9,131,35.7,135,46.1,48.2,33.9 / 131,35.7 / 135
167,NC,White Tees,M,71,67.8,91.1,125,33.3,34.5,33.3,120,34.5,130,44.5,46.6,33.3 / 120,34.5 / 130
167,NC,White/Red Hybrid,M,71,65.9,88.2,120,32.3,33.6,32.3,116,33.6,124,43.1,45.1,32.3 / 116,33.6 / 124
167,NC,Red Tees,M,71,64.5,85.6,114,31.4,33.1,31.4,109,33.1,118,41.5,44.1,31.4 / 109,33.1 / 118
167,NC,White Tees,F,71,73.3,105.0,135,35.5,37.8,35.5,131,37.8,138,50.9,54.1,35.5 / 131,37.8 / 138
167,NC,White/Red Hybrid,F,71,71.1,101.2,128,34.6,36.5,34.6,125,36.5,131,49.3,51.9,34.6 / 125,36.5 / 131
167,NC,Red Tees,F,71,69.1,98.3,124,33.5,35.6,33.5,120,35.6,128,47.6,50.7,33.5 / 120,35.6 / 128
414,NC,Blue Tees,M,71,68.9,92.7,128,33.9,35.0,33.9,126,35.0,130,45.6,47.1,33.9 / 126,35.0 / 130
414,NC,White Tees,M,71,67.4,90.5,125,32.9,34.5,32.9,121,34.5,128,44.1,46.4,32.9 / 121,34.5 / 128
414,NC,Gold Tees,M,71,64.1,84.4,110,31.8,32.3,31.8,110,32.3,109,42.0,42.4,31.8 / 110,32.3 / 109
414,NC,White Tees,F,71,73.2,104.7,134,35.8,37.4,35.8,128,37.4,139,50.9,53.8,35.8 / 128,37.4 / 139
414,NC,Red Tees,F,71,68.1,97.3,124,33.6,34.5,33.6,124,34.5,124,48.2,49.1,33.6 / 124,34.5 / 124
455,NC,Gold Tees,M,72,70.6,95.2,132,35.6,35.0,35.6,132,35.0,132,47.9,47.3,35.6 / 132,35.0 / 132
455,NC,Blue Tees,M,72,68.8,91.4,122,34.8,34.0,34.8,122,34.0,122,46.1,45.3,34.8 / 122,34.0 / 122
455,NC,Members Hybrid Tees,M,72,67.9,89.9,118,34.4,33.5,34.4,118,33.5,118,45.4,44.5,34.4 / 118,33.5 / 118
455,NC,White Tees,M,72,66.0,87.4,115,33.6,32.4,33.6,115,32.4,115,44.3,43.1,33.6 / 115,32.4 / 115
455,NC,Red Tees,M,72,63.9,84.2,110,32.3,31.6,32.3,109,31.6,110,42.4,41.8,32.3 / 109,31.6 / 110
455,NC,Hybrid Short Tees,M,69,59.9,79.1,104,30.2,29.7,30.2,108,29.7,99,40.2,38.9,30.2 / 108,29.7 / 99
455,NC,Blue Tees,F,72,73.3,105.3,136,37.1,36.2,37.1,138,36.2,133,53.4,51.9,37.1 / 138,36.2 / 133
455,NC,Members Hybrid Tees,F,72,72.1,102.6,130,36.5,35.6,36.5,136,35.6,123,52.5,50.1,36.5 / 136,35.6 / 123
455,NC,White Tees,F,72,70.3,99.6,125,35.8,34.5,35.8,129,34.5,120,51.0,48.6,35.8 / 129,34.5 / 120
455,NC,Red Tees,F,72,67.8,96.0,120,34.3,33.5,34.3,127,33.5,112,49.3,46.7,34.3 / 127,33.5 / 112
455,NC,Hybrid Short Tees,F,69,61.8,87.2,108,31.2,30.6,31.2,112,30.6,103,44.4,42.8,31.2 / 112,30.6 / 103
418,NC,Blue Tees,M,71,71.4,94.9,127,35.5,35.9,35.5,126,35.9,127,47.2,47.7,35.5 / 126,35.9 / 127
418,NC,Blue/White Hybrid,M,71,69.7,92.9,125,34.5,35.2,34.5,125,35.2,125,46.1,46.8,34.5 / 125,35.2 / 125
418,NC,White Tees,M,71,68.2,91.1,124,33.7,34.5,33.7,123,34.5,124,45.1,46.0,33.7 / 123,34.5 / 124
418,NC,White/Gold Hybrid,M,71,66.4,88.3,118,32.6,33.8,32.6,115,33.8,121,43.3,45.0,32.6 / 115,33.8 / 121
418,NC,Gold Tees,M,71,65.8,86.7,113,32.3,33.5,32.3,112,33.5,113,42.7,44.0,32.3 / 112,33.5 / 113
418,NC,Gold/Green Hybrid,M,71,64.2,84.4,109,31.5,32.7,31.5,108,32.7,110,41.5,42.9,31.5 / 108,32.7 / 110
418,NC,Green Tees,M,71,62.9,82.6,107,31.0,31.9,31.0,107,31.9,107,40.9,41.8,31.0 / 107,31.9 / 107
418,NC,White Tees,F,71,73.8,105.5,135,36.6,37.2,36.6,132,37.2,137,52.2,53.3,36.6 / 132,37.2 / 137
418,NC,White/Gold Hybrid,F,71,72.0,102.7,130,35.4,36.6,35.4,127,36.6,133,50.4,52.3,35.4 / 127,36.6 / 133
418,NC,Gold Tees,F,71,70.8,100.8,128,35.0,35.8,35.0,125,35.8,130,49.7,51.1,35.0 / 125,35.8 / 130
418,NC,Gold/Green Hybrid,F,71,68.6,97.7,124,34.0,34.6,34.0,121,34.6,126,48.3,49.4,34.0 / 121,34.6 / 126
418,NC,Green Tees,F,71,66.8,94.2,116,33.3,33.5,33.3,117,33.5,115,47.1,47.1,33.3 / 117,33.5 / 115
309,NC,Black Tees,M,72,73.6,97.5,129,37.1,36.5,37.1,128,36.5,130,48.9,48.6,37.1 / 128,36.5 / 130
309,NC,Blue Tees,M,72,71.5,94.3,123,35.9,35.6,35.9,121,35.6,125,47.1,47.2,35.9 / 121,35.6 / 125
309,NC,Gold Tees,M,72,69.1,90.6,116,34.6,34.5,34.6,115,34.5,116,45.3,45.3,34.6 / 115,34.5 / 116
309,NC,White Tees,M,72,66.5,87.0,111,33.3,33.2,33.3,110,33.2,111,43.5,43.5,33.3 / 110,33.2 / 111
309,NC,White Tees,F,72,72.1,100.4,121,36.0,36.1,36.0,121,36.1,120,50.2,50.2,36.0 / 121,36.1 / 120
309,NC,Red Tees,F,72,69.0,95.8,114,34.3,34.7,34.3,114,34.7,113,47.8,48.0,34.3 / 114,34.7 / 113
20871,NC,Black (Temp Greens),M,71,71.2,95.4,131,35.3,35.9,35.3,136,35.9,125,47.9,47.5,35.3 / 136,35.9 / 125
20871,NC,White (Temp Greens),M,71,68.9,91.6,123,33.9,35.0,33.9,124,35.0,121,45.4,46.2,33.9 / 124,35.0 / 121
20871,NC,Gold (Temp Greens),M,71,66.1,87.0,113,32.4,33.7,32.4,115,33.7,110,43.1,43.9,32.4 / 115,33.7 / 110
20871,NC,Silver (Temp Greens),M,71,62.8,82.6,107,31.0,31.8,31.0,107,31.8,107,40.9,41.7,31.0 / 107,31.8 / 107
20871,NC,Silver (Temp Greens),F,71,67.2,93.5,112,33.1,34.1,33.1,113,34.1,110,46.4,47.1,33.1 / 113,34.1 / 110
20871,NC,Red (Temp Greens),F,71,65.6,90.7,107,32.3,33.3,32.3,108,33.3,105,45.0,45.7,32.3 / 108,33.3 / 105
152,NC,Blue Tees,M,71,71.2,96.5,136,33.9,37.3,33.9,125,37.3,147,45.5,51.0,33.9 / 125,37.3 / 147
152,NC,White Tees,M,71,68.6,91.7,124,32.7,35.9,32.7,117,35.9,131,43.6,48.1,32.7 / 117,35.9 / 131
152,NC,Gold Tees,M,71,65.2,85.6,110,31.4,33.8,31.4,105,33.8,114,41.2,44.4,31.4 / 105,33.8 / 114
152,NC,Red Tees,M,71,63.1,82.4,104,30.6,32.5,30.6,102,32.5,105,40.1,42.3,30.6 / 102,32.5 / 105
152,NC,Teal Tees,M,68,58.1,76.2,98,28.7,29.4,28.7,99,29.4,96,37.9,38.3,28.7 / 99,29.4 / 96
152,NC,White Tees,F,71,74.6,107.3,139,35.3,39.3,35.3,130,39.3,148,50.6,56.7,35.3 / 130,39.3 / 148
152,NC,Gold Tees,F,71,69.1,99.0,127,32.9,36.2,32.9,120,36.2,134,47.0,52.0,32.9 / 120,36.2 / 134
152,NC,Red Tees,F,71,66.7,93.7,115,32.0,34.7,32.0,111,34.7,118,45.1,48.6,32.0 / 111,34.7 / 118
152,NC,Teal Tees,F,70,59.9,83.9,102,29.8,30.1,29.8,103,30.1,100,42.0,41.9,29.8 / 103,30.1 / 100
411,NC,Black Tees,M,72,73.0,98.6,138,36.7,36.3,36.7,135,36.3,141,49.2,49.4,36.7 / 135,36.3 / 141
411,NC,Gold Hybrid,M,72,71.9,96.8,134,36.1,35.8,36.1,130,35.8,138,48.2,48.6,36.1 / 130,35.8 / 138
411,NC,Blue Tees,M,72,70.7,95.2,132,35.3,35.4,35.3,129,35.4,135,47.3,47.9,35.3 / 129,35.4 / 135
411,NC,Silver Hybrid,M,72,69.7,93.7,129,34.9,34.8,34.9,125,34.8,133,46.5,47.2,34.9 / 125,34.8 / 133
411,NC,White Tees,M,72,68.5,91.1,122,34.5,34.0,34.5,122,34.0,122,45.8,45.3,34.5 / 122,34.0 / 122
411,NC,Green Hybrid,M,72,67.0,89.2,120,33.7,33.3,33.7,118,33.3,121,44.7,44.5,33.7 / 118,33.3 / 121
411,NC,Red Tees,M,72,65.8,87.0,114,33.3,32.5,33.3,115,32.5,113,44.0,43.0,33.3 / 115,32.5 / 113
411,NC,Red/Teal Hybrid,M,72,63.9,84.1,109,32.4,31.5,32.4,109,31.5,109,42.5,41.6,32.4 / 109,31.5 / 109
411,NC,Teal Tees,M,72,62.9,82.8,108,31.7,31.2,31.7,107,31.2,108,41.6,41.2,31.7 / 107,31.2 / 108
411,NC,Blue Tees,F,72,77.3,110.7,142,38.7,38.6,38.7,140,38.6,143,55.2,55.5,38.7 / 140,38.6 / 143
411,NC,Silver Hybrid,F,72,75.8,108.5,139,37.8,38.0,37.8,137,38.0,140,54.0,54.5,37.8 / 137,38.0 / 140
411,NC,White Tees,F,72,74.3,106.4,137,37.4,36.9,37.4,136,36.9,137,53.4,53.0,37.4 / 136,36.9 / 137
411,NC,Green Hybrid,F,72,72.3,102.4,128,36.3,36.0,36.3,126,36.0,130,51.1,51.3,36.3 / 126,36.0 / 130
411,NC,Red Tees,F,72,70.8,100.3,125,35.6,35.2,35.6,123,35.2,127,50.1,50.2,35.6 / 123,35.2 / 127
411,NC,Red/Teal Hybrid,F,72,68.6,97.1,121,34.6,34.0,34.6,119,34.0,123,48.6,48.5,34.6 / 119,34.0 / 123
411,NC,Teal Tees,F,72,67.1,94.8,118,33.8,33.3,33.8,116,33.3,119,47.5,47.3,33.8 / 116,33.3 / 119
33,NC,Championship Tees,M,72,76.0,103.2,146,38.5,37.5,38.5,146,37.5,146,52.1,51.1,38.5 / 146,37.5 / 146
33,NC,Champ/Long Hybrid,M,72,74.8,101.6,144,37.9,36.9,37.9,145,36.9,143,51.4,50.2,37.9 / 145,36.9 / 143
33,NC,Long Tees,M,72,73.3,99.7,142,37.2,36.1,37.2,144,36.1,140,50.6,49.1,37.2 / 144,36.1 / 140
33,NC,Long/Intermediate Hybrid,M,72,72.5,98.4,140,36.8,35.7,36.8,140,35.7,139,49.8,48.6,36.8 / 140,35.7 / 139
33,NC,Intermediate Tees,M,72,71.2,96.7,138,36.1,35.1,36.1,137,35.1,138,48.8,47.9,36.1 / 137,35.1 / 138
33,NC,Intermediate/Medium Hybrid,M,72,70.0,94.7,133,35.6,34.4,35.6,133,34.4,132,48.0,46.7,35.6 / 133,34.4 / 132
33,NC,Medium Tees,M,72,69.3,93.6,131,35.1,34.2,35.1,132,34.2,129,47.4,46.2,35.1 / 132,34.2 / 129
33,NC,Medium/Short Hybrid,M,72,67.2,90.1,124,33.6,33.6,33.6,126,33.6,121,45.3,44.8,33.6 / 126,33.6 / 121
33,NC,Short Tees,M,72,65.8,87.9,119,32.8,33.0,32.8,121,33.0,117,44.0,43.9,32.8 / 121,33.0 / 117
33,NC,Intermediate Tees,F,72,77.5,112.0,146,39.4,38.1,39.4,144,38.1,148,56.4,55.6,39.4 / 144,38.1 / 148
33,NC,Intermediate/Medium Hybrid,F,72,75.9,109.6,143,38.7,37.2,38.7,142,37.2,144,55.4,54.2,38.7 / 142,37.2 / 144
33,NC,Medium Tees,F,72,74.9,108.2,141,38.1,36.8,38.1,140,36.8,142,54.6,53.6,38.1 / 140,36.8 / 142
33,NC,Medium/Short Hybrid,F,72,72.2,103.5,133,36.4,35.8,36.4,126,35.8,139,51.3,52.2,36.4 / 126,35.8 / 139
33,NC,Short Tees,F,72,70.6,100.6,127,35.5,35.1,35.5,122,35.1,132,49.9,50.7,35.5 / 122,35.1 / 132
80,NC,I Tee,M,71,71.0,94.9,129,36.9,34.1,36.9,133,34.1,124,49.3,45.6,36.9 / 133,34.1 / 124
80,NC,II Tee,M,71,68.8,91.6,123,35.6,33.2,35.6,130,33.2,115,47.7,43.9,35.6 / 130,33.2 / 115
80,NC,III Tee,M,71,66.8,88.1,115,34.7,32.1,34.7,124,32.1,105,46.2,41.9,34.7 / 124,32.1 / 105
80,NC,IV Tee,M,71,65.0,84.2,104,33.7,31.3,33.7,111,31.3,96,44.0,40.2,33.7 / 111,31.3 / 96
80,NC,V Tee,M,71,62.5,80.6,98,31.9,30.6,31.9,102,30.6,93,41.4,39.2,31.9 / 102,30.6 / 93
80,NC,VI Tee,M,71,59.5,75.9,89,30.2,29.3,30.2,94,29.3,83,38.9,37.0,30.2 / 94,29.3 / 83
80,NC,III Tee,F,71,72.3,102.9,130,37.8,34.5,37.8,138,34.5,121,54.1,48.8,37.8 / 138,34.5 / 121
80,NC,IV Tee,F,71,69.5,98.4,123,36.3,33.2,36.3,130,33.2,115,51.6,46.8,36.3 / 130,33.2 / 115
80,NC,V Tee,F,71,66.7,94.2,117,34.4,32.3,34.4,123,32.3,110,48.9,45.3,34.4 / 123,32.3 / 110
80,NC,VI Tee,F,71,61.5,86.4,106,31.7,29.8,31.7,110,29.8,101,44.7,41.7,31.7 / 110,29.8 / 101
23846,NC,Black Tees,M,72,73.8,99.7,140,36.6,37.2,36.6,141,37.2,138,49.7,50.0,36.6 / 141,37.2 / 138
23846,NC,Blue Tees,M,72,72.5,97.9,137,35.9,36.6,35.9,139,36.6,135,48.8,49.1,35.9 / 139,36.6 / 135
23846,NC,Blue/Gold Hybrid,M,72,71.2,96.1,134,35.1,36.1,35.1,135,36.1,133,47.6,48.5,35.1 / 135,36.1 / 133
23846,NC,Gold Tees,M,72,70.2,94.3,130,34.5,35.7,34.5,127,35.7,132,46.3,48.0,34.5 / 127,35.7 / 132
23846,NC,Gold/White Hybrid,M,72,69.2,92.4,125,34.2,35.0,34.2,122,35.0,128,45.5,46.9,34.2 / 122,35.0 / 128
23846,NC,White Tees,M,72,68.0,90.5,122,33.6,34.4,33.6,121,34.4,122,44.8,45.7,33.6 / 121,34.4 / 122
23846,NC,Red Tees,M,72,65.8,87.3,116,33.3,32.5,33.3,115,32.5,116,44.0,43.3,33.3 / 115,32.5 / 116
23846,NC,Forward Tee,M,72,59.6,79.0,104,30.0,29.6,30.0,103,29.6,105,39.6,39.4,30.0 / 103,29.6 / 105
23846,NC,White Tees,F,72,73.1,104.1,132,36.5,36.6,36.5,131,36.6,132,51.9,52.2,36.5 / 131,36.6 / 132
23846,NC,Red Tees,F,72,70.9,100.9,128,35.7,35.2,35.7,130,35.2,125,51.0,49.9,35.7 / 130,35.2 / 125
23846,NC,Forward Tee,F,72,61.4,86.7,108,30.9,30.5,30.9,109,30.5,106,43.7,43.0,30.9 / 109,30.5 / 106
20964,NC,Black Tees,M,72,73.1,97.7,132,36.7,36.4,36.7,131,36.4,133,48.9,48.8,36.7 / 131,36.4 / 133
20964,NC,Blue Tees,M,72,71.5,95.3,128,36.0,35.5,36.0,126,35.5,130,47.7,47.6,36.0 / 126,35.5 / 130
20964,NC,White Tees,M,72,69.5,92.2,123,34.6,34.9,34.6,123,34.9,122,46.0,46.2,34.6 / 123,34.9 / 122
20964,NC,Silver Hybrid,M,72,68.9,90.9,118,34.4,34.5,34.4,117,34.5,119,45.3,45.6,34.4 / 117,34.5 / 119
20964,NC,Gold Tees,M,72,68.0,89.0,113,34.0,34.0,34.0,113,34.0,113,44.5,44.5,34.0 / 113,34.0 / 113
20964,NC,Red Tees,M,72,65.2,85.5,110,32.8,32.4,32.8,109,32.4,110,42.9,42.6,32.8 / 109,32.4 / 110
20964,NC,Purple Tees,M,72,62.2,81.8,106,31.2,31.0,31.2,107,31.0,104,41.1,40.7,31.2 / 107,31.0 / 104
20964,NC,White Tees,F,72,75.0,106.0,131,37.7,37.3,37.7,131,37.3,131,53.2,52.8,37.7 / 131,37.3 / 131
20964,NC,Silver Hybrid,F,72,74.0,104.6,130,37.2,36.8,37.2,130,36.8,130,52.5,52.1,37.2 / 130,36.8 / 130
20964,NC,Gold Tees,F,72,72.7,102.8,128,36.5,36.2,36.5,128,36.2,127,51.6,51.2,36.5 / 128,36.2 / 127
20964,NC,Rose Hybrid,F,72,71.3,99.7,121,35.7,35.6,35.7,123,35.6,118,50.2,49.5,35.7 / 123,35.6 / 118
20964,NC,Red Tees,F,72,70.0,97.3,116,35.1,34.9,35.1,118,34.9,114,49.0,48.3,35.1 / 118,34.9 / 114
20964,NC,Teal Hybrid,F,72,67.3,94.1,114,34.0,33.3,34.0,114,33.3,113,47.5,46.6,34.0 / 114,33.3 / 113
20964,NC,Purple Tees,F,72,65.2,91.5,112,33.0,32.2,33.0,112,32.2,111,46.2,45.3,33.0 / 112,32.2 / 111
20965,NC,Black Tees,M,72,73.5,98.4,134,36.8,36.7,36.8,137,36.7,131,49.5,48.9,36.8 / 137,36.7 / 131
20965,NC,Blue Tees,M,72,71.9,95.4,127,35.9,36.0,35.9,127,36.0,126,47.7,47.7,35.9 / 127,36.0 / 126
20965,NC,White Tees,M,72,69.6,92.2,122,35.0,34.6,35.0,121,34.6,123,46.2,46.0,35.0 / 121,34.6 / 123
20965,NC,Silver Hybrid,M,72,69.0,90.8,117,34.6,34.4,34.6,117,34.4,117,45.5,45.3,34.6 / 117,34.4 / 117
20965,NC,Gold Tees,M,72,68.1,88.9,112,34.1,34.0,34.1,111,34.0,113,44.4,44.5,34.1 / 111,34.0 / 113
20965,NC,Red Tees,M,72,65.4,85.6,109,32.6,32.8,32.6,109,32.8,109,42.7,42.9,32.6 / 109,32.8 / 109
20965,NC,Purple Tees,M,72,62.4,82.2,107,31.2,31.2,31.2,107,31.2,107,41.1,41.1,31.2 / 107,31.2 / 107
20965,NC,White Tees,F,72,75.6,106.4,131,37.9,37.7,37.9,130,37.7,131,53.2,53.2,37.9 / 130,37.7 / 131
20965,NC,Silver Hybrid,F,72,74.5,104.9,129,37.3,37.2,37.3,128,37.2,130,52.4,52.5,37.3 / 128,37.2 / 130
20965,NC,Gold Tees,F,72,73.0,102.7,126,36.5,36.5,36.5,124,36.5,128,51.1,51.6,36.5 / 124,36.5 / 128
20965,NC,Rose Hybrid,F,72,71.7,99.8,119,36.0,35.7,36.0,115,35.7,123,49.6,50.2,36.0 / 115,35.7 / 123
20965,NC,Red Tees,F,72,70.6,97.8,116,35.5,35.1,35.5,113,35.1,118,48.8,49.0,35.5 / 113,35.1 / 118
20965,NC,Teal Hybrid,F,72,68.4,95.2,114,34.4,34.0,34.4,113,34.0,114,47.7,47.5,34.4 / 113,34.0 / 114
20965,NC,Purple Tees,F,72,66.7,93.1,112,33.7,33.0,33.7,112,33.0,112,46.9,46.2,33.7 / 112,33.0 / 112
20966,NC,Black Tees,M,72,73.2,98.3,135,36.4,36.8,36.4,133,36.8,137,48.8,49.5,36.4 / 133,36.8 / 137
20966,NC,Blue Tees,M,72,71.4,95.3,129,35.5,35.9,35.5,130,35.9,127,47.6,47.7,35.5 / 130,35.9 / 127
20966,NC,White Tees,M,72,69.9,92.4,122,34.9,35.0,34.9,122,35.0,121,46.2,46.2,34.9 / 122,35.0 / 121
20966,NC,Silver Hybrid,M,72,69.1,91.1,118,34.5,34.6,34.5,119,34.6,117,45.6,45.5,34.5 / 119,34.6 / 117
20966,NC,Gold Tees,M,72,68.1,88.9,112,34.0,34.1,34.0,113,34.1,111,44.5,44.4,34.0 / 113,34.1 / 111
20966,NC,Red Tees,M,72,65.0,85.3,110,32.4,32.6,32.4,110,32.6,109,42.6,42.7,32.4 / 110,32.6 / 109
20966,NC,Purple Tees,M,72,62.2,81.8,106,31.0,31.2,31.0,104,31.2,107,40.7,41.1,31.0 / 104,31.2 / 107
20966,NC,White Tees,F,72,75.2,106.0,131,37.3,37.9,37.3,131,37.9,130,52.8,53.2,37.3 / 131,37.9 / 130
20966,NC,Silver Hybrid,F,72,74.1,104.5,129,36.8,37.3,36.8,130,37.3,128,52.1,52.4,36.8 / 130,37.3 / 128
20966,NC,Gold Tees,F,72,72.7,102.3,126,36.2,36.5,36.2,127,36.5,124,51.2,51.1,36.2 / 127,36.5 / 124
20966,NC,Rose Hybrid,F,72,71.6,99.1,117,35.6,36.0,35.6,118,36.0,115,49.5,49.6,35.6 / 118,36.0 / 115
20966,NC,Red Tees,F,72,70.4,97.1,114,34.9,35.5,34.9,114,35.5,113,48.3,48.8,34.9 / 114,35.5 / 113
20966,NC,Teal Hybrid,F,72,67.7,94.3,113,33.3,34.4,33.3,113,34.4,113,46.6,47.7,33.3 / 113,34.4 / 113
20966,NC,Purple Tees,F,72,65.9,92.2,112,32.2,33.7,32.2,111,33.7,112,45.3,46.9,32.2 / 111,33.7 / 112
20744,NC,Blue Tees,M,72,71.8,96.2,132,35.4,36.4,35.4,127,36.4,136,47.2,49.0,35.4 / 127,36.4 / 136
20744,NC,White Tees,M,72,69.8,93.2,126,34.6,35.2,34.6,126,35.2,126,46.3,46.9,34.6 / 126,35.2 / 126
20744,NC,Gold Tees,M,72,67.7,90.1,121,33.9,33.8,33.9,119,33.8,122,45.0,45.1,33.9 / 119,33.8 / 122
20744,NC,Green Tees,M,72,64.5,85.4,113,32.1,32.4,32.1,116,32.4,109,42.9,42.5,32.1 / 116,32.4 / 109
20744,NC,Red Tees,M,69,63.6,83.7,108,31.7,31.9,31.7,113,31.9,103,42.2,41.5,31.7 / 113,31.9 / 103
20744,NC,Gold Tees,F,72,72.9,102.9,128,36.4,36.5,36.4,129,36.5,126,51.6,51.3,36.4 / 129,36.5 / 126
20744,NC,Green Tees,F,72,68.7,96.6,118,34.4,34.3,34.4,116,34.3,120,48.1,48.5,34.4 / 116,34.3 / 120
20744,NC,Red Tees,F,72,66.7,93.2,113,33.6,33.1,33.6,109,33.1,116,46.4,46.8,33.6 / 109,33.1 / 116
193,NC,Blue Tees,M,72,75.6,101.8,141,37.6,38.0,37.6,143,38.0,139,50.9,50.9,37.6 / 143,38.0 / 139
193,NC,White Tees,M,72,72.5,97.6,135,35.9,36.6,35.9,137,36.6,133,48.6,49.0,35.9 / 137,36.6 / 133
193,NC,White/Gold Hybrid,M,72,70.3,95.0,133,35.3,35.0,35.3,135,35.0,131,47.8,47.2,35.3 / 135,35.0 / 131
193,NC,Gold Tees,M,72,69.4,93.1,128,34.6,34.8,34.6,130,34.8,125,46.7,46.4,34.6 / 130,34.8 / 125
193,NC,Red Tees,M,72,66.0,88.6,122,33.4,32.6,33.4,124,32.6,119,44.9,43.7,33.4 / 124,32.6 / 119
193,NC,Green Tees,M,72,63.6,85.2,116,31.7,31.9,31.7,116,31.9,116,42.5,42.7,31.7 / 116,31.9 / 116
193,NC,Gold Tees,F,72,75.2,107.6,138,37.5,37.7,37.5,137,37.7,138,53.6,54.0,37.5 / 137,37.7 / 138
193,NC,Red Tees,F,72,71.5,101.2,126,36.2,35.3,36.2,129,35.3,123,51.4,49.8,36.2 / 129,35.3 / 123
193,NC,Green Tees,F,72,68.3,96.8,121,34.0,34.3,34.0,120,34.3,122,48.1,48.7,34.0 / 120,34.3 / 122
20914,NC,Blue Tees,M,72,73.6,97.9,131,36.5,37.1,36.5,128,37.1,133,48.4,49.5,36.5 / 128,37.1 / 133
20914,NC,White Tees,M,72,71.1,94.4,126,35.3,35.8,35.3,124,35.8,127,46.8,47.6,35.3 / 124,35.8 / 127
20914,NC,White/Gold Hybrid,M,72,70.0,93.1,125,34.9,35.1,34.9,123,35.1,126,46.3,46.8,34.9 / 123,35.1 / 126
20914,NC,Gold Tees,M,72,68.9,91.1,120,34.3,34.6,34.3,117,34.6,122,45.2,45.9,34.3 / 117,34.6 / 122
20914,NC,Red Tees,M,72,65.3,86.1,112,32.4,32.9,32.4,111,32.9,113,42.7,43.4,32.4 / 111,32.9 / 113
20914,NC,Green Tees,M,72,62.6,82.4,107,31.2,31.4,31.2,105,31.4,108,41.0,41.4,31.2 / 105,31.4 / 108
20914,NC,Gold Tees,F,72,74.3,104.3,128,36.9,37.4,36.9,129,37.4,126,52.1,52.2,36.9 / 129,37.4 / 126
20914,NC,Red Tees,F,72,70.6,99.9,125,35.1,35.5,35.1,124,35.5,125,49.7,50.2,35.1 / 124,35.5 / 125
20914,NC,Green Tees,F,72,67.4,94.6,116,33.5,33.9,33.5,118,33.9,113,47.4,47.2,33.5 / 118,33.9 / 113
211,NC,Gold Tees,M,72,72.6,99.8,146,36.2,36.4,36.2,147,36.4,145,49.9,49.9,36.2 / 147,36.4 / 145
211,NC,Blue Tees,M,72,70.4,95.7,137,34.9,35.5,34.9,137,35.5,137,47.6,48.1,34.9 / 137,35.5 / 137
211,NC,Blue-White Hybrid,M,72,68.9,92.8,129,34.5,34.4,34.5,127,34.4,130,46.3,46.5,34.5 / 127,34.4 / 130
211,NC,White Tees,M,72,67.6,90.4,124,33.7,33.9,33.7,123,33.9,124,45.0,45.4,33.7 / 123,33.9 / 124
211,NC,Silver Tees,M,72,64.9,85.6,112,32.4,32.5,32.4,111,32.5,113,42.6,43.0,32.4 / 111,32.5 / 113
211,NC,Red Tees,M,72,64.5,85.1,111,32.2,32.3,32.2,110,32.3,112,42.4,42.7,32.2 / 110,32.3 / 112
211,NC,White Tees,F,72,73.1,106.2,141,36.4,36.7,36.4,137,36.7,144,52.5,53.7,36.4 / 137,36.7 / 144
211,NC,Red Tees,F,72,69.4,100.3,131,34.4,35.0,34.4,128,35.0,134,49.5,50.8,34.4 / 128,35.0 / 134
211,NC,Red/Green Hybrid,F,72,65.4,94.1,122,32.5,32.9,32.5,117,32.9,126,46.3,47.8,32.5 / 117,32.9 / 126
211,NC,Green Tees,F,72,63.8,91.9,119,31.8,32.0,31.8,114,32.0,124,45.3,46.6,31.8 / 114,32.0 / 124
343,NC,Blue Tees,M,72,73.7,98.8,135,36.5,37.2,36.5,132,37.2,138,48.8,50.0,36.5 / 132,37.2 / 138
343,NC,Players Hybrid,M,72,72.0,96.8,134,35.9,36.1,35.9,131,36.1,136,48.1,48.7,35.9 / 131,36.1 / 136
343,NC,Gold Tees,M,72,71.4,95.8,132,35.7,35.7,35.7,128,35.7,135,47.6,48.2,35.7 / 128,35.7 / 135
343,NC,Members Hybrid,M,72,70.4,94.5,130,35.0,35.4,35.0,126,35.4,133,46.7,47.8,35.0 / 126,35.4 / 133
343,NC,White Tees,M,72,68.7,92.0,126,34.1,34.6,34.1,121,34.6,130,45.3,46.7,34.1 / 121,34.6 / 130
343,NC,Silver Hybrid,M,72,67.4,89.6,120,33.7,33.7,33.7,113,33.7,126,44.2,45.4,33.7 / 113,33.7 / 126
343,NC,Red Long Tees,M,72,66.0,86.5,110,33.2,32.8,33.2,103,32.8,117,42.8,43.7,33.2 / 103,32.8 / 117
343,NC,Orange Hybrid,M,72,63.5,83.4,107,31.7,31.8,31.7,100,31.8,114,41.0,42.4,31.7 / 100,31.8 / 114
343,NC,Yellow Tees,M,72,62.1,81.4,104,31.2,30.9,31.2,98,30.9,110,40.3,41.1,31.2 / 98,30.9 / 110
343,NC,Gold Tees,F,72,77.4,110.0,139,38.7,38.7,38.7,136,38.7,141,54.7,55.3,38.7 / 136,38.7 / 141
343,NC,Green Hybrid,F,72,76.2,108.3,136,37.9,38.3,37.9,132,38.3,140,53.5,54.8,37.9 / 132,38.3 / 140
343,NC,White Tees,F,72,74.4,105.5,132,36.9,37.5,36.9,128,37.5,136,52.0,53.5,36.9 / 128,37.5 / 136
343,NC,Silver Hybrid,F,72,72.8,103.1,129,36.2,36.6,36.2,126,36.6,131,51.0,52.1,36.2 / 126,36.6 / 131
343,NC,Red Tees,F,72,69.9,99.1,124,35.1,34.8,35.1,124,34.8,124,49.7,49.4,35.1 / 124,34.8 / 124
343,NC,Orange Hybrid,F,72,67.4,94.5,115,33.8,33.6,33.8,111,33.6,119,46.9,47.6,33.8 / 111,33.6 / 119
343,NC,Yellow Tees,F,72,66.0,92.4,112,33.4,32.6,33.4,109,32.6,114,46.3,46.1,33.4 / 109,32.6 / 114
89,NC,Gold Tees,M,72,74.3,100.1,139,37.5,36.8,37.5,142,36.8,136,50.7,49.4,37.5 / 142,36.8 / 136
89,NC,Black Tees,M,72,72.5,97.3,133,36.2,36.3,36.2,133,36.3,133,48.6,48.7,36.2 / 133,36.3 / 133
89,NC,Blue Tees,M,72,70.4,94.1,128,35.2,35.2,35.2,129,35.2,126,47.2,46.9,35.2 / 129,35.2 / 126
89,NC,Blue/White Hybrid,M,72,69.7,92.7,124,35.0,34.7,35.0,124,34.7,124,46.5,46.2,35.0 / 124,34.7 / 124
89,NC,White Tees,M,72,68.8,91.2,121,34.5,34.3,34.5,121,34.3,121,45.7,45.5,34.5 / 121,34.3 / 121
89,NC,White/Green Hybrid,M,72,67.6,89.8,119,33.8,33.8,33.8,119,33.8,119,44.9,44.9,33.8 / 119,33.8 / 119
89,NC,Green Tees,M,72,65.8,87.1,115,32.9,32.9,32.9,114,32.9,115,43.5,43.6,32.9 / 114,32.9 / 115
89,NC,Red Tees,M,72,64.0,84.0,108,32.0,32.0,32.0,108,32.0,108,42.0,42.0,32.0 / 108,32.0 / 108
89,NC,Blue Tees,F,72,76.5,108.9,138,38.4,38.1,38.4,137,38.1,138,54.5,54.4,38.4 / 137,38.1 / 138
89,NC,Blue/White Hybrid,F,72,75.3,107.1,135,37.8,37.5,37.8,134,37.5,136,53.6,53.5,37.8 / 134,37.5 / 136
89,NC,White Tees,F,72,74.4,105.7,133,37.2,37.2,37.2,132,37.2,133,52.8,52.9,37.2 / 132,37.2 / 133
89,NC,White/Green Hybrid,F,72,73.3,103.7,129,36.8,36.5,36.8,129,36.5,129,52.0,51.7,36.8 / 129,36.5 / 129
89,NC,Green Tees,F,72,70.5,99.8,125,35.5,35.0,35.5,125,35.0,124,50.2,49.6,35.5 / 125,35.0 / 124
89,NC,Red Tees,F,72,68.6,96.5,119,34.4,34.2,34.4,119,34.2,118,48.4,48.1,34.4 / 119,34.2 / 118
34119,NC,Par 3 Tees - Men,M,27,25.5,32.8,79,25.5,,25.5,79,,,32.8,,25.5 / 79,/
34119,NC,Par 3 Tees - Women,F,27,26.8,36.5,82,26.8,,26.8,82,,,36.5,,26.8 / 82,/
38,NC,Black Tees,M,72,73.1,98.3,136,36.7,36.4,36.7,132,36.4,139,49.0,49.3,36.7 / 132,36.4 / 139
38,NC,Black/Blue Hybrid,M,72,71.9,96.6,133,36.0,35.9,36.0,130,35.9,136,48.1,48.5,36.0 / 130,35.9 / 136
38,NC,Blue Tees,M,72,70.9,95.4,132,35.5,35.4,35.5,129,35.4,135,47.5,47.9,35.5 / 129,35.4 / 135
38,NC,Blue/White Hybrid,M,72,69.2,93.0,128,34.6,34.6,34.6,125,34.6,131,46.2,46.8,34.6 / 125,34.6 / 131
38,NC,White Tees,M,72,68.0,90.4,121,33.9,34.1,33.9,119,34.1,122,45.0,45.4,33.9 / 119,34.1 / 122
38,NC,White/Gold Hybrid,M,72,67.3,89.6,120,33.5,33.8,33.5,118,33.8,121,44.5,45.0,33.5 / 118,33.8 / 121
38,NC,Gold Tees,M,72,66.0,87.6,116,32.8,33.2,32.8,114,33.2,118,43.4,44.2,32.8 / 114,33.2 / 118
38,NC,Gold/Green Hybrid,M,72,64.7,85.7,113,32.6,32.1,32.6,113,32.1,113,43.1,42.6,32.6 / 113,32.1 / 113
38,NC,Green Tees,M,72,63.5,84.1,111,31.7,31.8,31.7,110,31.8,112,41.9,42.2,31.7 / 110,31.8 / 112
38,NC,Blue Tees,F,72,76.8,110.8,144,38.4,38.4,38.4,142,38.4,146,55.2,55.6,38.4 / 142,38.4 / 146
38,NC,White Tees,F,72,73.5,105.7,137,36.7,36.8,36.7,135,36.8,138,52.6,53.1,36.7 / 135,36.8 / 138
38,NC,White/Gold Hybrid,F,72,72.7,104.5,134,36.2,36.5,36.2,132,36.5,136,51.8,52.5,36.2 / 132,36.5 / 136
38,NC,Gold Tees,F,72,71.4,101.2,127,35.4,36.0,35.4,124,36.0,129,50.0,51.2,35.4 / 124,36.0 / 129
38,NC,Gold/Green Hybrid,F,72,69.7,98.5,122,35.2,34.5,35.2,122,34.5,122,49.6,48.9,35.2 / 122,34.5 / 122
38,NC,Green Tees,F,72,68.2,95.3,115,34.1,34.1,34.1,114,34.1,116,47.5,47.8,34.1 / 114,34.1 / 116
28778,NC,Gold Tees,M,71,74.1,100.4,142,36.5,37.6,36.5,139,37.6,144,49.4,51.0,36.5 / 139,37.6 / 144
28778,NC,Black Tees,M,71,72.2,97.8,138,35.5,36.7,35.5,135,36.7,141,48.0,49.8,35.5 / 135,36.7 / 141
28778,NC,Black/White Hybrid,M,71,71.2,96.3,135,35.0,36.2,35.0,130,36.2,140,47.1,49.2,35.0 / 130,36.2 / 140
28778,NC,White Tees,M,71,70.0,94.7,133,34.4,35.6,34.4,127,35.6,139,46.2,48.5,34.4 / 127,35.6 / 139
28778,NC,White/Blue Hybrid,M,71,68.7,92.3,127,33.7,35.0,33.7,123,35.0,131,45.1,47.2,33.7 / 123,35.0 / 131
28778,NC,Blue Tees,M,71,67.9,90.9,124,33.4,34.5,33.4,119,34.5,128,44.5,46.4,33.4 / 119,34.5 / 128
28778,NC,Blue/Red Hybrid,M,71,66.4,88.6,120,32.6,33.8,32.6,113,33.8,126,43.1,45.5,32.6 / 113,33.8 / 126
28778,NC,Red Tees,M,71,64.9,86.3,116,31.9,33.0,31.9,107,33.0,124,41.8,44.5,31.9 / 107,33.0 / 124
28778,NC,Cardinal Tees,M,66,61.6,81.8,109,30.8,30.8,30.8,101,30.8,116,40.2,41.6,30.8 / 101,30.8 / 116
28778,NC,White Tees,F,71,76.5,110.1,143,37.5,39.0,37.5,137,39.0,148,53.7,56.4,37.5 / 137,39.0 / 148
28778,NC,White/Blue Hybrid,F,71,74.7,107.6,140,36.6,38.1,36.6,134,38.1,145,52.4,55.2,36.6 / 134,38.1 / 145
28778,NC,Blue Tees,F,71,73.6,105.8,137,36.2,37.4,36.2,131,37.4,142,51.7,54.1,36.2 / 131,37.4 / 142
28778,NC,Blue/Red Hybrid,F,71,71.6,103.0,133,35.0,36.6,35.0,128,36.6,138,50.1,52.9,35.0 / 128,36.6 / 138
28778,NC,Red Tees,F,71,69.6,99.4,126,33.8,35.8,33.8,120,35.8,132,48.0,51.4,33.8 / 120,35.8 / 132
28778,NC,Cardinal Tees,F,71,64.8,92.0,116,31.9,32.9,31.9,111,32.9,120,45.0,47.0,31.9 / 111,32.9 / 120
250,NC,Blue Tees,M,72,72.0,95.6,127,35.6,36.4,35.6,126,36.4,128,47.3,48.3,35.6 / 126,36.4 / 128
250,NC,White Tees,M,72,70.4,93.2,123,34.7,35.7,34.7,118,35.7,127,45.7,47.5,34.7 / 118,35.7 / 127
250,NC,Gold Tees,M,72,67.3,87.9,111,33.5,33.8,33.5,111,33.8,111,43.8,44.1,33.5 / 111,33.8 / 111
250,NC,Silver Tees,M,72,65.4,85.0,106,32.9,32.5,32.9,104,32.5,107,42.6,42.4,32.9 / 104,32.5 / 107
250,NC,Red Tees,M,72,63.1,81.6,100,31.4,31.7,31.4,97,31.7,102,40.4,41.2,31.4 / 97,31.7 / 102
250,NC,White Tees,F,72,76.4,108.5,136,37.7,38.7,37.7,132,38.7,140,53.3,55.2,37.7 / 132,38.7 / 140
250,NC,Gold Tees,F,72,72.1,101.9,127,35.9,36.2,35.9,126,36.2,127,50.7,51.2,35.9 / 126,36.2 / 127
250,NC,Silver Tees,F,72,70.2,98.4,120,35.3,34.9,35.3,120,34.9,120,49.4,49.0,35.3 / 120,34.9 / 120
250,NC,Red Tees,F,72,67.4,93.4,110,33.6,33.8,33.6,110,33.8,110,46.6,46.8,33.6 / 110,33.8 / 110
325,NC,Black Tees,M,71,72.8,98.0,136,36.6,36.2,36.6,135,36.2,137,49.1,48.9,36.6 / 135,36.2 / 137
325,NC,Gold Tees,M,71,71.3,96.2,134,35.9,35.4,35.9,132,35.4,136,48.2,48.0,35.9 / 132,35.4 / 136
325,NC,Blue Tees,M,71,69.8,93.7,129,34.9,34.9,34.9,129,34.9,128,46.9,46.8,34.9 / 129,34.9 / 128
325,NC,White Tees,M,71,67.3,90.2,124,33.7,33.6,33.7,125,33.6,122,45.3,44.9,33.7 / 125,33.6 / 122
325,NC,Green Tees,M,71,65.5,87.1,116,33.3,32.2,33.3,117,32.2,115,44.2,42.9,33.3 / 117,32.2 / 115
325,NC,Red Tees,M,71,63.3,83.8,111,31.9,31.4,31.9,111,31.4,110,42.2,41.6,31.9 / 111,31.4 / 110
325,NC,Purple Tees,M,71,61.3,80.8,105,31.1,30.2,31.1,110,30.2,100,41.3,39.5,31.1 / 110,30.2 / 100
325,NC,White Tees,F,71,73.3,104.4,132,37.0,36.3,37.0,131,36.3,132,52.5,51.9,37.0 / 131,36.3 / 132
325,NC,Green Tees,F,71,70.7,100.6,127,35.9,34.8,35.9,129,34.8,125,51.1,49.5,35.9 / 129,34.8 / 125
325,NC,Red Tees,F,71,67.4,95.9,121,34.0,33.4,34.0,125,33.4,117,48.7,47.2,34.0 / 125,33.4 / 117
325,NC,Purple Tees,F,71,64.2,91.2,115,32.9,31.3,32.9,120,31.3,109,47.0,44.2,32.9 / 120,31.3 / 109
419,NC,Black Tees,M,72,76.2,102.3,141,38.2,38.0,38.2,140,38.0,141,51.2,51.1,38.2 / 140,38.0 / 141
419,NC,Black/Gold Hybrid,M,72,75.1,100.8,139,37.4,37.7,37.4,139,37.7,138,50.3,50.5,37.4 / 139,37.7 / 138
419,NC,Gold Tees,M,72,74.6,100.1,138,37.2,37.4,37.2,138,37.4,137,50.0,50.1,37.2 / 138,37.4 / 137
419,NC,Gold/Blue Hybrid,M,72,73.6,98.6,135,36.7,36.9,36.7,135,36.9,135,49.2,49.4,36.7 / 135,36.9 / 135
419,NC,Blue Tees,M,72,72.5,96.9,131,36.2,36.3,36.2,133,36.3,129,48.6,48.3,36.2 / 133,36.3 / 129
419,NC,Blue/White Hybrid,M,72,71.6,95.6,129,35.7,35.9,35.7,131,35.9,127,47.9,47.7,35.7 / 131,35.9 / 127
419,NC,White Tees,M,72,70.7,94.0,126,35.1,35.6,35.1,128,35.6,123,47.0,47.0,35.1 / 128,35.6 / 123
419,NC,White/Green Hybrid,M,72,69.3,92.1,123,34.4,34.9,34.4,125,34.9,121,46.0,46.1,34.4 / 125,34.9 / 121
419,NC,Green Tees,M,72,67.2,89.0,117,33.7,33.5,33.7,116,33.5,118,44.5,44.5,33.7 / 116,33.5 / 118
419,NC,Red Tees,M,72,65.7,87.1,115,33.3,32.4,33.3,115,32.4,115,44.0,43.1,33.3 / 115,32.4 / 115
419,NC,Purple Tees,M,72,63.0,83.6,111,31.4,31.6,31.4,110,31.6,112,41.6,42.0,31.4 / 110,31.6 / 112
419,NC,White Tees,F,72,76.9,109.9,140,38.3,38.6,38.3,139,38.6,141,54.7,55.2,38.3 / 139,38.6 / 141
419,NC,White/Green Hybrid,F,72,75.3,107.1,135,37.3,38.0,37.3,133,38.0,137,53.0,54.1,37.3 / 133,38.0 / 137
419,NC,Green Tees,F,72,72.9,103.4,130,36.4,36.5,36.4,128,36.5,131,51.5,51.9,36.4 / 128,36.5 / 131
419,NC,Red Tees,F,72,71.1,100.1,123,35.8,35.3,35.8,122,35.3,124,50.2,49.9,35.8 / 122,35.3 / 124
419,NC,Purple Tees,F,72,67.7,95.2,117,33.7,34.0,33.7,114,34.0,120,47.1,48.1,33.7 / 114,34.0 / 120
368,NC,Black Tees,M,71,70.7,96.4,138,34.8,35.9,34.8,133,35.9,143,47.2,49.2,34.8 / 133,35.9 / 143
368,NC,Black/Gold Hybrid,M,71,69.7,94.9,136,34.4,35.3,34.4,132,35.3,139,46.7,48.2,34.4 / 132,35.3 / 139
368,NC,Gold Tees,M,71,69.0,93.5,132,34.0,35.0,34.0,128,35.0,136,45.9,47.6,34.0 / 128,35.0 / 136
368,NC,Gold/White Hybrid,M,71,67.6,91.6,129,33.1,34.5,33.1,126,34.5,132,44.8,46.8,33.1 / 126,34.5 / 132
368,NC,White Tees,M,71,66.4,89.8,126,32.5,33.9,32.5,124,33.9,128,44.0,45.8,32.5 / 124,33.9 / 128
368,NC,Silver Tees,M,71,64.5,86.5,118,31.7,32.8,31.7,117,32.8,119,42.6,43.9,31.7 / 117,32.8 / 119
368,NC,Silver/Green Hybrid,M,71,62.4,83.4,113,30.6,31.8,30.6,112,31.8,114,41.0,42.4,30.6 / 112,31.8 / 114
368,NC,Green Tees,M,71,61.2,80.8,106,30.0,31.2,30.0,103,31.2,108,39.6,41.2,30.0 / 103,31.2 / 108
368,NC,White Tees,F,71,71.8,102.3,129,35.1,36.7,35.1,127,36.7,131,50.1,52.2,35.1 / 127,36.7 / 131
368,NC,Silver Tees,F,71,69.4,98.4,123,33.8,35.6,33.8,125,35.6,121,48.5,49.9,33.8 / 125,35.6 / 121
368,NC,Silver/Green Hybrid,F,71,66.0,92.8,114,31.9,34.1,31.9,110,34.1,117,44.9,47.9,31.9 / 110,34.1 / 117
368,NC,Green Tees,F,71,63.7,88.7,106,31.0,32.7,31.0,99,32.7,113,42.7,46.0,31.0 / 99,32.7 / 113
248,NC,Black Tees,M,72,72.7,96.1,126,36.1,36.6,36.1,126,36.6,126,47.8,48.3,36.1 / 126,36.6 / 126
248,NC,Gold Tees,M,72,70.4,93.4,124,35.0,35.4,35.0,124,35.4,124,46.5,46.9,35.0 / 124,35.4 / 124
248,NC,Blue Tees,M,72,68.1,90.2,119,34.0,34.1,34.0,116,34.1,122,44.8,45.4,34.0 / 116,34.1 / 122
248,NC,White Tees,M,72,65.3,86.3,113,32.3,33.0,32.3,111,33.0,115,42.6,43.7,32.3 / 111,33.0 / 115
248,NC,Red Tees,M,72,62.7,81.7,102,31.3,31.4,31.3,102,31.4,102,40.8,40.9,31.3 / 102,31.4 / 102
248,NC,Blue Tees,F,72,73.5,103.6,128,36.3,37.2,36.3,124,37.2,131,50.9,52.7,36.3 / 124,37.2 / 131
248,NC,White Tees,F,72,70.3,99.5,124,34.6,35.7,34.6,121,35.7,126,48.9,50.6,34.6 / 121,35.7 / 126
248,NC,Red Tees,F,72,66.4,94.0,117,33.0,33.4,33.0,116,33.4,118,46.7,47.3,33.0 / 116,33.4 / 118
13636,NC,Black Tees,M,72,73.5,98.0,132,37.1,36.4,37.1,135,36.4,129,49.6,48.4,37.1 / 135,36.4 / 129
13636,NC,Blue Tees,M,72,72.2,96.3,130,36.3,35.9,36.3,131,35.9,128,48.5,47.8,36.3 / 131,35.9 / 128
13636,NC,Green Tees,M,72,71.1,94.6,127,35.7,35.4,35.7,126,35.4,127,47.4,47.2,35.7 / 126,35.4 / 127
13636,NC,White Tees,M,72,70.1,92.9,123,35.2,34.9,35.2,122,34.9,124,46.5,46.4,35.2 / 122,34.9 / 124
13636,NC,Gold Tees,M,72,68.4,90.7,120,34.7,33.7,34.7,121,33.7,119,45.9,44.8,34.7 / 121,33.7 / 119
13636,NC,Purple Tees,M,72,65.3,86.0,112,32.3,33.0,32.3,107,33.0,116,42.2,43.8,32.3 / 107,33.0 / 116
13636,NC,Red Tees,M,72,64.0,83.5,105,31.9,32.1,31.9,103,32.1,107,41.5,42.0,31.9 / 103,32.1 / 107
13636,NC,Teal Tees,M,72,61.7,80.6,102,30.9,30.8,30.9,101,30.8,102,40.3,40.3,30.9 / 101,30.8 / 102
13636,NC,White Tees,F,72,76.6,108.8,137,38.4,38.2,38.4,137,38.2,137,54.5,54.3,38.4 / 137,38.2 / 137
13636,NC,Gold Tees,F,72,74.4,105.2,131,37.7,36.7,37.7,131,36.7,130,53.2,52.0,37.7 / 131,36.7 / 130
13636,NC,Purple Tees,F,72,70.7,99.6,123,34.8,35.9,34.8,120,35.9,126,48.9,50.7,34.8 / 120,35.9 / 126
13636,NC,Red Tees,F,72,69.0,97.0,119,34.3,34.7,34.3,116,34.7,121,48.0,49.0,34.3 / 116,34.7 / 121
13636,NC,Teal Tees,F,72,65.6,92.2,113,32.8,32.8,32.8,112,32.8,114,46.0,46.2,32.8 / 112,32.8 / 114
113,NC,Black Tees,M,71,74.8,101.6,144,37.8,37.0,37.8,145,37.0,143,51.3,50.3,37.8 / 145,37.0 / 143
113,NC,Ross Tees,M,71,73.0,99.3,142,36.9,36.1,36.9,143,36.1,140,50.2,49.1,36.9 / 143,36.1 / 140
113,NC,Blue Tees,M,71,71.0,95.9,134,35.9,35.1,35.9,137,35.1,131,48.6,47.3,35.9 / 137,35.1 / 131
113,NC,Blue/White Hybrid,M,71,69.6,94.1,132,35.0,34.6,35.0,132,34.6,131,47.3,46.8,35.0 / 132,34.6 / 131
113,NC,White Tees,M,71,68.5,92.8,131,34.6,33.9,34.6,131,33.9,130,46.8,46.0,34.6 / 131,33.9 / 130
113,NC,White/Green Hybrid,M,71,67.3,91.1,128,33.8,33.5,33.8,128,33.5,128,45.7,45.4,33.8 / 128,33.5 / 128
113,NC,Green Tees,M,71,66.2,88.2,118,33.1,33.1,33.1,117,33.1,119,44.0,44.2,33.1 / 117,33.1 / 119
113,NC,White Tees,F,71,74.3,107.0,139,37.5,36.8,37.5,139,36.8,138,53.9,53.1,37.5 / 139,36.8 / 138
113,NC,White/Green Hybrid,F,71,73.2,105.2,136,36.6,36.6,36.6,136,36.6,136,52.6,52.6,36.6 / 136,36.6 / 136
113,NC,Green Tees,F,71,71.5,102.2,130,35.7,35.8,35.7,131,35.8,129,51.2,51.0,35.7 / 131,35.8 / 129
20746,NC,Blue Tees,M,70,69.7,93.1,126,34.3,35.4,34.3,125,35.4,127,45.9,47.2,34.3 / 125,35.4 / 127
20746,NC,White Tees,M,70,67.5,89.9,121,33.4,34.1,33.4,117,34.1,124,44.3,45.6,33.4 / 117,34.1 / 124
20746,NC,Yellow Tees,M,70,63.4,83.0,106,31.6,31.8,31.6,102,31.8,109,41.1,41.9,31.6 / 102,31.8 / 109
20746,NC,Red Tees,M,70,61.7,80.8,103,30.5,31.2,30.5,99,31.2,107,39.7,41.1,30.5 / 99,31.2 / 107
20746,NC,White Tees,F,70,72.8,102.7,127,36.1,36.7,36.1,126,36.7,127,51.0,51.7,36.1 / 126,36.7 / 127
20746,NC,Yellow Tees,F,70,67.7,94.3,113,33.6,34.1,33.6,109,34.1,116,46.5,47.8,33.6 / 109,34.1 / 116
20746,NC,Red Tees,F,70,65.2,90.6,108,32.1,33.1,32.1,102,33.1,114,44.1,46.5,32.1 / 102,33.1 / 114
13,NC,Black Tees,M,72,75.2,102.4,146,37.6,37.6,37.6,145,37.6,147,51.1,51.3,37.6 / 145,37.6 / 147
13,NC,Gold Tees,M,72,72.1,98.2,141,36.3,35.8,36.3,142,35.8,139,49.5,48.7,36.3 / 142,35.8 / 139
13,NC,Gold/Blue Tees,M,72,70.3,95.3,135,35.1,35.2,35.1,136,35.2,133,47.7,47.6,35.1 / 136,35.2 / 133
13,NC,Blue Tees,M,72,69.4,94.1,133,34.5,34.9,34.5,132,34.9,133,46.8,47.3,34.5 / 132,34.9 / 133
13,NC,Blue/Teal Tees,M,72,68.3,92.1,128,34.1,34.2,34.1,131,34.2,125,46.3,45.8,34.1 / 131,34.2 / 125
13,NC,Teal Tees,M,72,67.1,90.1,124,33.6,33.5,33.6,127,33.5,121,45.4,44.7,33.6 / 127,33.5 / 121
13,NC,Teal/White Tees,M,72,65.6,88.0,121,32.8,32.8,32.8,124,32.8,117,44.3,43.7,32.8 / 124,32.8 / 117
13,NC,White Tees,M,72,64.1,85.8,117,32.2,31.9,32.2,121,31.9,113,43.4,42.4,32.2 / 121,31.9 / 113
13,NC,Blue Tees,F,72,75.8,108.3,138,37.8,38.0,37.8,138,38.0,137,54.1,54.2,37.8 / 138,38.0 / 137
13,NC,Teal Tees,F,72,72.3,102.8,129,36.3,36.0,36.3,131,36.0,127,51.8,51.0,36.3 / 131,36.0 / 127
13,NC,Teal/White Hybrid,F,72,70.3,100.2,127,35.2,35.1,35.2,130,35.1,124,50.5,49.7,35.2 / 130,35.1 / 124
13,NC,White Tees,F,72,68.4,97.0,122,34.4,34.0,34.4,125,34.0,118,49.1,47.9,34.4 / 125,34.0 / 118
14,NC,Black Tees,M,72,74.6,101.7,146,37.6,37.0,37.6,147,37.0,144,51.3,50.4,37.6 / 147,37.0 / 144
14,NC,Gold Tees,M,72,71.5,96.9,137,35.8,35.7,35.8,139,35.7,135,48.7,48.2,35.8 / 139,35.7 / 135
14,NC,Gold/Blue Tees,M,72,70.6,95.2,132,35.2,35.4,35.2,133,35.4,131,47.6,47.6,35.2 / 133,35.4 / 131
14,NC,Blue Tees,M,72,69.9,93.7,128,34.9,35.0,34.9,133,35.0,123,47.3,46.4,34.9 / 133,35.0 / 123
14,NC,Blue/Teal Tees,M,72,68.4,91.2,123,34.2,34.2,34.2,125,34.2,121,45.8,45.4,34.2 / 125,34.2 / 121
14,NC,Teal Tees,M,72,67.1,88.8,117,33.5,33.6,33.5,121,33.6,113,44.7,44.1,33.5 / 121,33.6 / 113
14,NC,Teal/White Tees,M,72,65.6,86.6,113,32.8,32.8,32.8,117,32.8,109,43.7,42.9,32.8 / 117,32.8 / 109
14,NC,White Tees,M,72,64.3,84.7,110,31.9,32.4,31.9,113,32.4,107,42.4,42.3,31.9 / 113,32.4 / 107
14,NC,Blue Tees,F,72,75.5,108.4,140,38.0,37.5,38.0,137,37.5,142,54.2,54.2,38.0 / 137,37.5 / 142
14,NC,Teal Tees,F,72,71.5,102.2,130,36.0,35.5,36.0,127,35.5,133,51.0,51.2,36.0 / 127,35.5 / 133
14,NC,Teal/White Hybrid,F,72,69.8,99.1,125,35.1,34.7,35.1,124,34.7,125,49.7,49.4,35.1 / 124,34.7 / 125
14,NC,White Tees,F,72,67.7,95.7,119,34.0,33.7,34.0,118,33.7,120,47.9,47.8,34.0 / 118,33.7 / 120
15,NC,Black Tees,M,72,74.6,101.5,145,37.0,37.6,37.0,144,37.6,145,50.4,51.1,37.0 / 144,37.6 / 145
15,NC,Gold Tees,M,72,72.0,97.7,139,35.7,36.3,35.7,135,36.3,142,48.2,49.5,35.7 / 135,36.3 / 142
15,NC,Gold/Blue Tees,M,72,70.5,95.3,134,35.4,35.1,35.4,131,35.1,136,47.6,47.7,35.4 / 131,35.1 / 136
15,NC,Blue Tees,M,72,69.5,93.2,128,35.0,34.5,35.0,123,34.5,132,46.4,46.8,35.0 / 123,34.5 / 132
15,NC,Blue/Teal Tees,M,72,68.3,91.7,126,34.2,34.1,34.2,121,34.1,131,45.4,46.3,34.2 / 121,34.1 / 131
15,NC,Teal Tees,M,72,67.2,89.5,120,33.6,33.6,33.6,113,33.6,127,44.1,45.4,33.6 / 113,33.6 / 127
15,NC,Teal/White Tees,M,72,65.6,87.2,117,32.8,32.8,32.8,109,32.8,124,42.9,44.3,32.8 / 109,32.8 / 124
15,NC,White Tees,M,72,64.6,85.7,114,32.4,32.2,32.4,107,32.2,121,42.3,43.4,32.4 / 107,32.2 / 121
15,NC,Blue Tees,F,72,75.3,108.3,140,37.5,37.8,37.5,142,37.8,138,54.2,54.1,37.5 / 142,37.8 / 138
15,NC,Teal Tees,F,72,71.8,103.0,132,35.5,36.3,35.5,133,36.3,131,51.2,51.8,35.5 / 133,36.3 / 131
15,NC,Teal/White Hybrid,F,72,69.9,99.9,128,34.7,35.2,34.7,125,35.2,130,49.4,50.5,34.7 / 125,35.2 / 130
15,NC,White Tees,F,72,68.1,96.9,123,33.7,34.4,33.7,120,34.4,125,47.8,49.1,33.7 / 120,34.4 / 125
429,NC,Black Tees,M,72,73.7,98.8,136,37.0,36.7,37.0,136,36.7,135,49.6,49.2,37.0 / 136,36.7 / 135
429,NC,Blue Tees,M,72,72.0,96.6,132,36.2,35.8,36.2,131,35.8,133,48.4,48.2,36.2 / 131,35.8 / 133
429,NC,Blue/White Hybrid,M,72,70.4,94.6,130,35.5,34.9,35.5,130,34.9,130,47.6,47.0,35.5 / 130,34.9 / 130
429,NC,White Tees,M,72,69.6,93.3,128,35.2,34.4,35.2,129,34.4,126,47.2,46.1,35.2 / 129,34.4 / 126
429,NC,White/Gold Hybrid,M,72,67.9,91.0,125,34.2,33.7,34.2,125,33.7,124,45.8,45.2,34.2 / 125,33.7 / 124
429,NC,Gold Tees,M,72,67.0,89.7,123,33.5,33.5,33.5,122,33.5,123,44.8,44.9,33.5 / 122,33.5 / 123
429,NC,Red Tees,M,72,65.3,87.2,118,32.7,32.6,32.7,117,32.6,118,43.6,43.6,32.7 / 117,32.6 / 118
429,NC,Blue Tees,F,72,78.0,111.1,140,39.5,38.5,39.5,138,38.5,142,55.8,55.3,39.5 / 138,38.5 / 142
429,NC,White Tees,F,72,75.7,107.8,136,38.6,37.1,38.6,135,37.1,137,54.5,53.3,38.6 / 135,37.1 / 137
429,NC,Gold Tees,F,72,72.3,103.2,131,36.3,36.0,36.3,128,36.0,134,51.4,51.8,36.3 / 128,36.0 / 134
429,NC,Red Tees,F,72,70.4,100.5,128,35.3,35.1,35.3,126,35.1,130,50.1,50.4,35.3 / 126,35.1 / 130
429,NC,Orange Tees,F,72,65.1,92.5,116,33.2,31.9,33.2,116,31.9,116,46.9,45.6,33.2 / 116,31.9 / 116
428,NC,Championship,M,72,76.2,103.5,147,37.9,38.3,37.9,147,38.3,146,51.6,51.9,37.9 / 147,38.3 / 146
428,NC,Black Tees,M,72,74.4,101.0,143,37.1,37.3,37.1,144,37.3,142,50.5,50.5,37.1 / 144,37.3 / 142
428,NC,Blue Tees,M,72,72.3,97.9,138,36.1,36.2,36.1,138,36.2,138,48.9,49.0,36.1 / 138,36.2 / 138
428,NC,Blue/White Hybrid,M,72,70.7,96.0,137,35.3,35.4,35.3,137,35.4,136,48.0,48.0,35.3 / 137,35.4 / 136
428,NC,White Tees,M,72,69.8,94.8,135,35.0,34.8,35.0,135,34.8,135,47.5,47.3,35.0 / 135,34.8 / 135
428,NC,White/Gold Hybrid,M,72,68.4,92.5,130,34.0,34.4,34.0,132,34.4,127,46.3,46.2,34.0 / 132,34.4 / 127
428,NC,Gold Tees,M,72,67.5,90.5,124,33.5,34.0,33.5,125,34.0,123,45.1,45.4,33.5 / 125,34.0 / 123
428,NC,Red Tees,M,72,64.6,86.3,117,31.9,32.7,31.9,117,32.7,116,42.8,43.5,31.9 / 117,32.7 / 116
428,NC,Blue Tees,F,72,78.4,112.5,145,39.0,39.4,39.0,143,39.4,146,55.9,56.6,39.0 / 143,39.4 / 146
428,NC,White Tees,F,72,75.8,108.7,140,37.7,38.1,37.7,138,38.1,141,54.0,54.7,37.7 / 138,38.1 / 141
428,NC,Gold Tees,F,72,72.8,104.8,136,36.3,36.5,36.3,133,36.5,138,52.0,52.8,36.3 / 133,36.5 / 138
428,NC,Red Tees,F,72,69.0,99.2,128,33.8,35.2,33.8,125,35.2,131,48.5,50.7,33.8 / 125,35.2 / 131
428,NC,Orange Tees,F,72,64.4,92.1,118,31.8,32.6,31.8,115,32.6,120,45.4,46.7,31.8 / 115,32.6 / 120
33665,NC,Black Tees,M,72,73.7,99.0,136,36.9,36.8,36.9,141,36.8,131,50.0,49.0,36.9 / 141,36.8 / 131
33665,NC,Blue Tees,M,72,72.0,96.5,132,36.1,35.9,36.1,136,35.9,128,48.7,47.8,36.1 / 136,35.9 / 128
33665,NC,White Tees,M,72,69.6,93.3,128,35.2,34.4,35.2,129,34.4,126,47.2,46.1,35.2 / 129,34.4 / 126
33665,NC,Gold Tees,M,72,67.0,89.8,123,34.0,33.0,34.0,128,33.0,117,45.9,43.9,34.0 / 128,33.0 / 117
33665,NC,Red Tees,M,72,65.3,87.1,118,33.0,32.3,33.0,124,32.3,111,44.5,42.6,33.0 / 124,32.3 / 111
33665,NC,Blue Tees,F,72,78.0,111.1,140,39.2,38.8,39.2,143,38.8,137,56.1,55.0,39.2 / 143,38.8 / 137
33665,NC,White Tees,F,72,75.7,107.7,136,38.4,37.3,38.4,139,37.3,132,54.8,52.9,38.4 / 139,37.3 / 132
33665,NC,Gold Tees,F,72,72.3,103.3,131,36.6,35.7,36.6,131,35.7,131,52.1,51.2,36.6 / 131,35.7 / 131
33665,NC,Red Tees,F,72,70.4,100.4,128,35.3,35.1,35.3,130,35.1,125,50.6,49.8,35.3 / 130,35.1 / 125
33665,NC,Orange Tees,F,72,65.1,92.4,116,32.7,32.4,32.7,118,32.4,114,46.6,45.8,32.7 / 118,32.4 / 114
181,NC,Gold Tees,M,72,71.3,95.6,131,35.6,35.7,35.6,131,35.7,130,47.8,47.8,35.6 / 131,35.7 / 130
181,NC,Blue Tees,M,72,69.7,93.1,126,34.8,34.9,34.8,126,34.9,126,46.5,46.6,34.8 / 126,34.9 / 126
181,NC,Blue/White Hybrid,M,72,68.2,91.1,124,34.3,33.9,34.3,124,33.9,123,45.8,45.3,34.3 / 124,33.9 / 123
181,NC,White Tees,M,72,67.6,89.9,120,34.1,33.5,34.1,122,33.5,118,45.4,44.5,34.1 / 122,33.5 / 118
181,NC,Green Tees,M,72,65.2,85.3,108,32.4,32.8,32.4,105,32.8,111,42.2,43.1,32.4 / 105,32.8 / 111
181,NC,Red Tees,M,72,63.0,82.3,104,31.1,31.9,31.1,102,31.9,105,40.6,41.7,31.1 / 102,31.9 / 105
181,NC,White Tees,F,72,73.2,104.3,132,37.0,36.2,37.0,134,36.2,130,52.8,51.5,37.0 / 134,36.2 / 130
181,NC,Green Tees,F,72,69.7,98.2,121,34.5,35.2,34.5,122,35.2,120,48.9,49.3,34.5 / 122,35.2 / 120
181,NC,Red Tees,F,72,66.7,93.2,113,32.8,33.9,32.8,111,33.9,114,45.9,47.3,32.8 / 111,33.9 / 114
459,NC,Blue Tees,M,72,71.5,95.6,130,36.5,35.0,36.5,130,35.0,129,48.6,47.0,36.5 / 130,35.0 / 129
459,NC,White Tees,M,72,69.8,93.0,125,35.6,34.2,35.6,126,34.2,124,47.3,45.7,35.6 / 126,34.2 / 124
459,NC,Gold Tees,M,72,67.5,89.5,119,34.3,33.2,34.3,122,33.2,115,45.6,43.9,34.3 / 122,33.2 / 115
459,NC,Green Tees,M,71,64.1,84.1,108,32.9,31.2,32.9,110,31.2,105,43.1,41.0,32.9 / 110,31.2 / 105
459,NC,Gold Tees,F,72,72.6,102.7,128,36.8,35.8,36.8,129,35.8,126,52.0,50.7,36.8 / 129,35.8 / 126
459,NC,Red Tees,F,72,68.6,95.5,114,35.3,33.3,35.3,119,33.3,109,49.3,46.2,35.3 / 119,33.3 / 109
456,NC,Blue Tees,M,72,72.8,96.7,129,36.3,36.5,36.3,135,36.5,123,48.8,47.9,36.3 / 135,36.5 / 123
456,NC,White Tees,M,72,71.2,94.6,126,35.4,35.8,35.4,131,35.8,121,47.6,47.0,35.4 / 131,35.8 / 121
456,NC,Hybrid Tees,M,72,69.7,92.8,124,34.8,34.9,34.8,129,34.9,119,46.8,46.0,34.8 / 129,34.9 / 119
456,NC,Gold Tees,M,72,68.4,90.7,120,34.1,34.3,34.1,122,34.3,118,45.4,45.3,34.1 / 122,34.3 / 118
456,NC,Red Tees,M,72,65.9,86.4,111,32.3,33.6,32.3,112,33.6,109,42.7,43.7,32.3 / 112,33.6 / 109
456,NC,Red/Orange Hybrid,M,72,63.8,82.8,102,31.4,32.4,31.4,99,32.4,105,40.6,42.2,31.4 / 99,32.4 / 105
456,NC,White Tees,F,72,77.3,109.5,137,38.7,38.6,38.7,139,38.6,134,55.1,54.4,38.7 / 139,38.6 / 134
456,NC,Hybrid Tees,F,72,75.6,106.9,133,38.0,37.6,38.0,136,37.6,130,54.0,52.9,38.0 / 136,37.6 / 130
456,NC,Gold Tees,F,72,74.0,104.4,129,37.0,37.0,37.0,131,37.0,126,52.5,51.9,37.0 / 131,37.0 / 126
456,NC,Red Tees,F,72,70.4,98.7,120,34.5,35.9,34.5,122,35.9,118,48.9,49.8,34.5 / 122,35.9 / 118
456,NC,Red/Orange Hybrid,F,72,67.8,94.8,115,33.0,34.8,33.0,114,34.8,115,46.4,48.4,33.0 / 114,34.8 / 115
277,NC,Blue Tees,M,70,69.0,92.5,127,35.0,34.0,35.0,124,34.0,129,46.5,46.0,35.0 / 124,34.0 / 129
277,NC,White Tees,M,70,66.4,87.9,116,33.4,33.0,33.4,111,33.0,121,43.7,44.2,33.4 / 111,33.0 / 121
277,NC,Gold Tees,M,70,62.4,80.1,96,31.0,31.4,31.0,97,31.4,94,40.0,40.1,31.0 / 97,31.4 / 94
277,NC,Blue Tees,F,70,75.1,105.9,131,38.2,36.9,38.2,131,36.9,130,53.7,52.2,38.2 / 131,36.9 / 130
277,NC,White Tees,F,70,72.2,101.3,124,36.2,36.0,36.2,123,36.0,124,50.7,50.6,36.2 / 123,36.0 / 124
277,NC,Gold Tees,F,70,65.6,90.7,107,32.8,32.8,32.8,104,32.8,109,45.1,45.6,32.8 / 104,32.8 / 109
105,NC,Black Tees,M,71,72.4,97.8,137,36.4,36.0,36.4,136,36.0,138,49.0,48.8,36.4 / 136,36.0 / 138
105,NC,Black/White Hybrid,M,71,71.4,96.4,135,35.7,35.7,35.7,135,35.7,135,48.2,48.2,35.7 / 135,35.7 / 135
105,NC,White Tees,M,71,70.5,94.9,131,35.2,35.3,35.2,130,35.3,132,47.3,47.6,35.2 / 130,35.3 / 132
105,NC,White/Green Hybrid,M,71,69.3,93.5,130,34.7,34.6,34.7,129,34.6,131,46.7,46.8,34.7 / 129,34.6 / 131
105,NC,Green Tees,M,71,68.6,92.4,128,34.3,34.3,34.3,128,34.3,128,46.2,46.2,34.3 / 128,34.3 / 128
105,NC,Gold Tees,M,71,66.8,89.3,121,33.3,33.5,33.3,118,33.5,124,44.3,45.0,33.3 / 118,33.5 / 124
105,NC,Red Tees,M,71,64.9,86.6,117,32.3,32.6,32.3,113,32.6,121,42.8,43.8,32.3 / 113,32.6 / 121
105,NC,Red/Silver Hybrid,M,71,62.6,83.4,112,31.8,30.8,31.8,111,30.8,113,42.1,41.3,31.8 / 111,30.8 / 113
105,NC,White Tees,F,71,76.4,109.7,141,38.1,38.3,38.1,140,38.3,142,54.6,55.1,38.1 / 140,38.3 / 142
105,NC,Green Tees,F,71,74.4,106.5,137,37.3,37.1,37.3,136,37.1,137,53.3,53.2,37.3 / 136,37.1 / 137
105,NC,Gold Tees,F,71,71.8,102.1,129,35.6,36.2,35.6,129,36.2,128,50.8,51.3,35.6 / 129,36.2 / 128
105,NC,Red Tees,F,71,69.3,98.5,124,34.2,35.1,34.2,124,35.1,124,48.8,49.7,34.2 / 124,35.1 / 124
105,NC,Red/Silver Hybrid,F,71,65.9,92.9,115,33.3,32.6,33.3,119,32.6,110,47.3,45.6,33.3 / 119,32.6 / 110
116,NC,Blue Tees,M,72,71.4,95.4,129,35.3,36.1,35.3,133,36.1,125,47.7,47.7,35.3 / 133,36.1 / 125
116,NC,White Tees,M,72,69.6,92.1,122,34.8,34.8,34.8,121,34.8,122,46.0,46.1,34.8 / 121,34.8 / 122
116,NC,Gold Tees,M,72,66.5,87.2,112,33.4,33.1,33.4,111,33.1,112,43.7,43.5,33.4 / 111,33.1 / 112
116,NC,Red Tees,M,72,64.7,84.5,107,32.5,32.2,32.5,105,32.2,108,42.3,42.2,32.5 / 105,32.2 / 108
116,NC,White Tees,F,72,75.7,106.2,130,37.6,38.1,37.6,130,38.1,129,52.9,53.3,37.6 / 130,38.1 / 129
116,NC,Gold Tees,F,72,71.6,100.3,122,35.5,36.1,35.5,122,36.1,121,49.9,50.4,35.5 / 122,36.1 / 121
116,NC,Red Tees,F,72,69.4,96.9,117,34.4,35.0,34.4,117,35.0,116,48.2,48.7,34.4 / 117,35.0 / 116
185,NC,Black Tees,M,72,73.8,99.0,136,36.8,37.0,36.8,137,37.0,135,49.5,49.5,36.8 / 137,37.0 / 135
185,NC,Blue Tees,M,72,72.1,96.6,132,35.9,36.2,35.9,132,36.2,131,48.2,48.4,35.9 / 132,36.2 / 131
185,NC,Blue/White Hybrid,M,72,70.5,94.7,130,35.4,35.1,35.4,131,35.1,129,47.6,47.1,35.4 / 131,35.1 / 129
185,NC,White Tees,M,72,69.6,93.0,126,34.9,34.7,34.9,126,34.7,126,46.6,46.4,34.9 / 126,34.7 / 126
185,NC,White/Gold Hybrid,M,72,67.6,90.1,122,33.8,33.8,33.8,122,33.8,121,45.1,45.0,33.8 / 122,33.8 / 121
185,NC,Gold Tees,M,72,66.6,88.9,120,33.1,33.5,33.1,122,33.5,118,44.4,44.5,33.1 / 122,33.5 / 118
185,NC,Gold/Red Hybrid,M,72,65.3,87.0,117,32.4,32.9,32.4,118,32.9,115,43.4,43.6,32.4 / 118,32.9 / 115
185,NC,Red Tees,M,72,63.4,84.2,112,31.6,31.8,31.6,113,31.8,111,42.1,42.1,31.6 / 113,31.8 / 111
185,NC,Red/Forward Hybrid,M,68,59.8,79.6,107,30.0,29.8,30.0,104,29.8,109,39.7,39.9,30.0 / 104,29.8 / 109
185,NC,Forward Tees,M,68,58.5,76.8,99,29.1,29.4,29.1,99,29.4,98,38.3,38.5,29.1 / 99,29.4 / 98
185,NC,White Tees,F,72,75.1,107.1,136,37.8,37.3,37.8,142,37.3,129,54.6,52.5,37.8 / 142,37.3 / 129
185,NC,White/Gold Hybrid,F,72,73.0,103.9,131,36.6,36.4,36.6,137,36.4,125,52.8,51.1,36.6 / 137,36.4 / 125
185,NC,Gold Tees,F,72,71.8,102.0,128,35.9,35.9,35.9,134,35.9,122,51.7,50.3,35.9 / 134,35.9 / 122
185,NC,Gold/Red Hybrid,F,72,70.1,99.5,125,34.9,35.2,34.9,129,35.2,120,50.1,49.4,34.9 / 129,35.2 / 120
185,NC,Red Tees,F,72,68.5,96.7,120,33.9,34.6,33.9,123,34.6,116,48.4,48.3,33.9 / 123,34.6 / 116
185,NC,Red/Forward Hybrid,F,68,63.4,89.2,110,31.6,31.8,31.6,112,31.8,107,44.8,44.4,31.6 / 112,31.8 / 107
185,NC,Forward Tees,F,68,60.7,86.0,107,30.3,30.4,30.3,109,30.4,105,43.2,42.8,30.3 / 109,30.4 / 105
23567,NC,Black Tees,M,72,75.5,102.1,143,37.6,37.9,37.6,143,37.9,143,50.9,51.2,37.6 / 143,37.9 / 143
23567,NC,Blue Tees,M,72,73.1,99.1,140,36.4,36.7,36.4,140,36.7,140,49.4,49.7,36.4 / 140,36.7 / 140
23567,NC,Blue/White Hybrid,M,72,72.0,97.5,138,35.7,36.3,35.7,137,36.3,138,48.4,49.1,35.7 / 137,36.3 / 138
23567,NC,White Tees,M,72,71.0,95.9,134,35.4,35.6,35.4,132,35.6,136,47.7,48.2,35.4 / 132,35.6 / 136
23567,NC,White/Gold Hybrid,M,72,68.8,92.5,128,34.4,34.4,34.4,127,34.4,128,46.2,46.3,34.4 / 127,34.4 / 128
23567,NC,Gold Tees,M,72,68.0,91.2,125,33.9,34.1,33.9,124,34.1,126,45.4,45.8,33.9 / 124,34.1 / 126
23567,NC,Gold/Red Hybrid,M,72,66.7,88.8,119,33.4,33.3,33.4,114,33.3,124,44.0,44.8,33.4 / 114,33.3 / 124
23567,NC,Red Tees,M,72,65.0,86.6,117,32.6,32.4,32.6,111,32.4,122,42.9,43.7,32.6 / 111,32.4 / 122
23567,NC,Red/Forward Hybrid,M,66,61.7,82.1,110,31.1,30.6,31.1,107,30.6,113,41.0,41.1,31.1 / 107,30.6 / 113
23567,NC,Forward Tees,M,61,60.2,79.7,105,30.1,30.1,30.1,103,30.1,107,39.7,40.0,30.1 / 103,30.1 / 107
23567,NC,White Tees,F,72,76.8,112.2,149,38.5,38.3,38.5,142,38.3,155,55.2,57.0,38.5 / 142,38.3 / 155
23567,NC,White/Gold Hybrid,F,72,74.4,108.1,143,37.2,37.2,37.2,137,37.2,149,53.3,54.8,37.2 / 137,37.2 / 149
23567,NC,Gold Tees,F,72,73.3,106.3,140,36.5,36.8,36.5,134,36.8,146,52.3,54.0,36.5 / 134,36.8 / 146
23567,NC,Gold/Red Hybrid,F,72,71.4,103.1,135,35.6,35.8,35.6,132,35.8,137,51.2,51.9,35.6 / 132,35.8 / 137
23567,NC,Red Tees,F,72,69.6,99.5,127,34.7,34.9,34.7,129,34.9,125,49.9,49.6,34.7 / 129,34.9 / 125
23567,NC,Red/Forward Hybrid,F,70,64.7,91.4,114,32.5,32.2,32.5,114,32.2,113,45.9,45.5,32.5 / 114,32.2 / 113
23567,NC,Forward Tees,F,68,62.5,87.5,106,31.3,31.2,31.3,103,31.2,109,43.4,44.1,31.3 / 103,31.2 / 109
23569,NC,Black Tees,M,72,75.0,102.0,145,37.9,37.1,37.9,143,37.1,147,51.2,50.8,37.9 / 143,37.1 / 147
23569,NC,Blue Tees,M,72,72.7,99.1,142,36.7,36.0,36.7,140,36.0,144,49.7,49.4,36.7 / 140,36.0 / 144
23569,NC,Blue/White Hybrid,M,72,71.9,97.5,138,36.3,35.6,36.3,138,35.6,138,49.1,48.4,36.3 / 138,35.6 / 138
23569,NC,White Tees,M,72,70.9,96.1,136,35.6,35.3,35.6,136,35.3,136,48.2,47.9,35.6 / 136,35.3 / 136
23569,NC,White/Gold Hybrid,M,72,68.9,92.6,128,34.4,34.5,34.4,128,34.5,127,46.3,46.3,34.4 / 128,34.5 / 127
23569,NC,Gold Tees,M,72,68.1,91.1,124,34.1,34.0,34.1,126,34.0,122,45.8,45.3,34.1 / 126,34.0 / 122
23569,NC,Gold/Red Hybrid,M,72,66.6,89.0,121,33.3,33.3,33.3,124,33.3,117,44.8,44.2,33.3 / 124,33.3 / 117
23569,NC,Red Tees,M,72,64.9,86.3,116,32.4,32.5,32.4,122,32.5,109,43.7,42.6,32.4 / 122,32.5 / 109
23569,NC,Red/Forward Hybrid,M,65,61.2,81.1,107,30.6,30.6,30.6,113,30.6,101,41.1,40.0,30.6 / 113,30.6 / 101
23569,NC,Forward Tees,M,62,60.5,79.7,104,30.1,30.4,30.1,107,30.4,100,40.0,39.7,30.1 / 107,30.4 / 100
23569,NC,White Tees,F,73,77.0,112.8,150,38.3,38.7,38.3,155,38.7,145,57.0,55.8,38.3 / 155,38.7 / 145
23569,NC,White/Gold Hybrid,F,72,74.5,107.9,142,37.2,37.3,37.2,149,37.3,134,54.8,53.1,37.2 / 149,37.3 / 134
23569,NC,Gold Tees,F,72,73.6,106.0,138,36.8,36.8,36.8,146,36.8,129,54.0,52.0,36.8 / 146,36.8 / 129
23569,NC,Gold/Red Hybrid,F,72,71.8,102.9,132,35.8,36.0,35.8,137,36.0,127,51.9,51.0,35.8 / 137,36.0 / 127
23569,NC,Red Tees,F,72,69.6,98.7,124,34.9,34.7,34.9,125,34.7,122,49.6,49.1,34.9 / 125,34.7 / 122
23569,NC,Red/Forward Hybrid,F,70,63.5,89.4,110,32.2,31.3,32.2,113,31.3,107,45.5,43.9,32.2 / 113,31.3 / 107
23569,NC,Forward Tees,F,69,62.3,87.6,107,31.2,31.1,31.2,109,31.1,105,44.1,43.5,31.2 / 109,31.1 / 105
23568,NC,Black Tees,M,72,74.7,101.7,145,37.1,37.6,37.1,147,37.6,143,50.8,50.9,37.1 / 147,37.6 / 143
23568,NC,Blue Tees,M,72,72.4,98.8,142,36.0,36.4,36.0,144,36.4,140,49.4,49.4,36.0 / 144,36.4 / 140
23568,NC,Blue/White Hybrid,M,72,71.3,96.8,138,35.6,35.7,35.6,138,35.7,137,48.4,48.4,35.6 / 138,35.7 / 137
23568,NC,White Tees,M,72,70.7,95.6,134,35.3,35.4,35.3,136,35.4,132,47.9,47.7,35.3 / 136,35.4 / 132
23568,NC,White/Gold Hybrid,M,72,68.9,92.5,127,34.5,34.4,34.5,127,34.4,127,46.3,46.2,34.5 / 127,34.4 / 127
23568,NC,Gold Tees,M,72,67.9,90.7,123,34.0,33.9,34.0,122,33.9,124,45.3,45.4,34.0 / 122,33.9 / 124
23568,NC,Gold/Red Hybrid,M,72,66.7,88.2,116,33.3,33.4,33.3,117,33.4,114,44.2,44.0,33.3 / 117,33.4 / 114
23568,NC,Red Tees,M,72,65.1,85.5,110,32.5,32.6,32.5,109,32.6,111,42.6,42.9,32.5 / 109,32.6 / 111
23568,NC,Red/Forward Hybrid,M,65,61.7,81.0,104,30.6,31.1,30.6,101,31.1,107,40.0,41.0,30.6 / 101,31.1 / 107
23568,NC,Forward Tees,M,61,60.5,79.4,102,30.4,30.1,30.4,100,30.1,103,39.7,39.7,30.4 / 100,30.1 / 103
23568,NC,White Tees,F,73,77.2,111.0,144,38.7,38.5,38.7,145,38.5,142,55.8,55.2,38.7 / 145,38.5 / 142
23568,NC,White/Gold Hybrid,F,72,74.5,106.4,136,37.3,37.2,37.3,134,37.2,137,53.1,53.3,37.3 / 134,37.2 / 137
23568,NC,Gold Tees,F,72,73.3,104.3,132,36.8,36.5,36.8,129,36.5,134,52.0,52.3,36.8 / 129,36.5 / 134
23568,NC,Gold/Red Hybrid,F,72,71.6,102.2,130,36.0,35.6,36.0,127,35.6,132,51.0,51.2,36.0 / 127,35.6 / 132
23568,NC,Red Tees,F,72,69.4,99.0,126,34.7,34.7,34.7,122,34.7,129,49.1,49.9,34.7 / 122,34.7 / 129
23568,NC,Red/Forward Hybrid,F,72,63.8,89.8,111,31.3,32.5,31.3,107,32.5,114,43.9,45.9,31.3 / 107,32.5 / 114
23568,NC,Forward Tees,F,71,62.4,86.9,104,31.1,31.3,31.1,105,31.3,103,43.5,43.4,31.1 / 105,31.3 / 103
23733,NC,Black,M,72,75.4,101.5,141,37.4,38.0,37.4,139,38.0,142,50.3,51.2,37.4 / 139,38.0 / 142
23733,NC,Gold,M,72,73.3,98.6,137,36.4,36.9,36.4,136,36.9,137,49.0,49.6,36.4 / 136,36.9 / 137
23733,NC,Gold/Blue Hybrid,M,72,72.2,97.2,135,35.8,36.4,35.8,134,36.4,136,48.2,49.0,35.8 / 134,36.4 / 136
23733,NC,Blue,M,72,71.3,96.2,134,35.5,35.8,35.5,133,35.8,135,47.9,48.3,35.5 / 133,35.8 / 135
23733,NC,Blue/White Hybrid,M,72,69.6,93.8,130,34.6,35.0,34.6,129,35.0,131,46.6,47.2,34.6 / 129,35.0 / 131
23733,NC,White,M,72,68.3,91.7,126,34.2,34.1,34.2,126,34.1,126,45.9,45.8,34.2 / 126,34.1 / 126
23733,NC,White/Green Hybrid,M,72,66.9,89.3,121,33.5,33.4,33.5,122,33.4,119,44.8,44.5,33.5 / 122,33.4 / 119
23733,NC,Green,M,72,65.6,87.2,116,32.8,32.8,32.8,117,32.8,115,43.7,43.5,32.8 / 117,32.8 / 115
23733,NC,Green/Red Hybrid,M,71,63.2,84.1,113,31.6,31.6,31.6,113,31.6,112,42.1,42.0,31.6 / 113,31.6 / 112
23733,NC,Red,M,71,62.0,82.6,111,31.2,30.8,31.2,111,30.8,111,41.5,41.1,31.2 / 111,30.8 / 111
23733,NC,Blue,F,72,77.4,110.7,141,38.5,38.9,38.5,138,38.9,144,54.8,55.9,38.5 / 138,38.9 / 144
23733,NC,Blue/White Hybrid,F,72,75.5,108.0,138,37.6,37.9,37.6,135,37.9,141,53.5,54.5,37.6 / 135,37.9 / 141
23733,NC,White,F,72,74.0,105.8,135,37.1,36.9,37.1,132,36.9,137,52.7,53.1,37.1 / 132,36.9 / 137
23733,NC,White/Green Hybrid,F,72,71.9,102.3,129,36.0,35.9,36.0,127,35.9,131,51.0,51.3,36.0 / 127,35.9 / 131
23733,NC,Green,F,72,70.7,99.9,124,35.3,35.4,35.3,126,35.4,122,50.1,49.8,35.3 / 126,35.4 / 122
23733,NC,Green/Red Hybrid,F,72,67.2,95.3,119,33.7,33.5,33.7,118,33.5,120,47.6,47.7,33.7 / 118,33.5 / 120
23733,NC,Red,F,72,65.7,92.9,115,33.1,32.6,33.1,115,32.6,115,46.7,46.2,33.1 / 115,32.6 / 115
32775,NC,Black Tees,M,36,37.5,50.6,141,37.5,,37.5,141,,,50.6,,37.5 / 141,/
32775,NC,Gold Tees,M,36,36.5,49.2,137,36.5,,36.5,137,,,49.2,,36.5 / 137,/
32775,NC,Blue Tees,M,36,35.3,48.0,137,35.3,,35.3,137,,,48.0,,35.3 / 137,/
32775,NC,Blue/White Hybrid,M,36,34.3,46.5,131,34.3,,34.3,131,,,46.5,,34.3 / 131,/
32775,NC,White Tees,M,36,33.8,45.4,125,33.8,,33.8,125,,,45.4,,33.8 / 125,/
32775,NC,Green Tees,M,36,32.3,42.4,109,32.3,,32.3,109,,,42.4,,32.3 / 109,/
32775,NC,Red Tees,M,36,30.6,40.5,107,30.6,,30.6,107,,,40.5,,30.6 / 107,/
32775,NC,White Tees,F,36,36.4,52.0,132,36.4,,36.4,132,,,52.0,,36.4 / 132,/
32775,NC,Green Tees,F,36,34.5,48.9,122,34.5,,34.5,122,,,48.9,,34.5 / 122,/
32775,NC,Green/Red Hybrid,F,36,33.3,46.9,115,33.3,,33.3,115,,,46.9,,33.3 / 115,/
32775,NC,Red Tees,F,36,32.7,45.4,108,32.7,,32.7,108,,,45.4,,32.7 / 108,/
32776,NC,Black Tees,M,36,37.9,51.0,141,37.9,,37.9,141,,,51.0,,37.9 / 141,/
32776,NC,Gold Tees,M,36,36.8,49.4,136,36.8,,36.8,136,,,49.4,,36.8 / 136,/
32776,NC,Blue Tees,M,36,36.0,48.2,131,36.0,,36.0,131,,,48.2,,36.0 / 131,/
32776,NC,Blue/White Hybrid,M,36,35.3,47.3,129,35.3,,35.3,129,,,47.3,,35.3 / 129,/
32776,NC,White Tees,M,36,34.5,46.3,127,34.5,,34.5,127,,,46.3,,34.5 / 127,/
32776,NC,Green Tees,M,36,33.3,44.7,123,33.3,,33.3,123,,,44.7,,33.3 / 123,/
32776,NC,Red Tees,M,35,31.4,42.0,114,31.4,,31.4,114,,,42.0,,31.4 / 114,/
32776,NC,White Tees,F,36,37.6,53.8,137,37.6,,37.6,137,,,53.8,,37.6 / 137,/
32776,NC,Green Tees,F,36,36.2,51.1,126,36.2,,36.2,126,,,51.1,,36.2 / 126,/
32776,NC,Green/Red Hybrid,F,36,33.9,48.4,123,33.9,,33.9,123,,,48.4,,33.9 / 123,/
32776,NC,Red Tees,F,36,33.0,47.4,122,33.0,,33.0,122,,,47.4,,33.0 / 122,/
23732,NC,Black Tees,M,72,75.7,101.9,141,37.7,38.0,37.7,138,38.0,144,50.5,51.4,37.7 / 138,38.0 / 144
23732,NC,Gold Tees,M,72,73.8,99.4,138,36.9,36.9,36.9,137,36.9,139,49.6,49.8,36.9 / 137,36.9 / 139
23732,NC,Gold/Blue Hybrid,M,72,72.9,98.0,135,36.2,36.7,36.2,132,36.7,138,48.5,49.5,36.2 / 132,36.7 / 138
23732,NC,Blue Tees,M,72,71.8,96.4,133,35.8,36.0,35.8,130,36.0,135,47.9,48.5,35.8 / 130,36.0 / 135
23732,NC,Blue/White Hybrid,M,72,70.6,94.8,130,35.1,35.5,35.1,129,35.5,131,47.1,47.7,35.1 / 129,35.5 / 131
23732,NC,White Tees,M,72,69.3,92.9,127,34.5,34.8,34.5,128,34.8,126,46.4,46.5,34.5 / 128,34.8 / 126
23732,NC,White/Green Hybrid,M,72,68.0,91.2,125,33.8,34.2,33.8,125,34.2,125,45.4,45.8,33.8 / 125,34.2 / 125
23732,NC,Green Tees,M,72,66.5,88.3,117,33.0,33.5,33.0,117,33.5,117,43.9,44.4,33.0 / 117,33.5 / 117
23732,NC,Green/Red Hybrid,M,72,64.9,86.2,115,32.0,32.9,32.0,114,32.9,115,42.6,43.6,32.0 / 114,32.9 / 115
23732,NC,Red Tees,M,72,63.5,84.4,113,31.5,32.0,31.5,112,32.0,113,41.9,42.5,31.5 / 112,32.0 / 113
23732,NC,Blue Tees,F,74,78.1,110.9,139,39.0,39.1,39.0,139,39.1,139,55.4,55.5,39.0 / 139,39.1 / 139
23732,NC,Blue/White Hybrid,F,72,76.8,108.9,137,38.2,38.6,38.2,137,38.6,136,54.3,54.6,38.2 / 137,38.6 / 136
23732,NC,White Tees,F,72,75.4,106.7,133,37.7,37.7,37.7,133,37.7,132,53.4,53.3,37.7 / 133,37.7 / 132
23732,NC,White/Green Hybrid,F,72,73.5,104.1,130,36.8,36.7,36.8,131,36.7,129,52.2,51.9,36.8 / 131,36.7 / 129
23732,NC,Green Tees,F,72,71.7,101.2,125,35.9,35.8,35.9,124,35.8,126,50.5,50.7,35.9 / 124,35.8 / 126
23732,NC,Green/Red Hybrid,F,72,69.5,98.1,122,34.4,35.1,34.4,119,35.1,124,48.4,49.7,34.4 / 119,35.1 / 124
23732,NC,Red Tees,F,72,67.5,95.2,118,33.4,34.1,33.4,118,34.1,117,47.3,47.9,33.4 / 118,34.1 / 117
436,NC,Championship Tees,M,71,72.8,97.0,130,36.0,36.8,36.0,130,36.8,130,48.1,48.9,36.0 / 130,36.8 / 130
436,NC,Blue Tees,M,71,72.2,95.9,128,35.7,36.5,35.7,129,36.5,126,47.7,48.2,35.7 / 129,36.5 / 126
436,NC,White Tees,M,71,70.6,94.0,126,34.9,35.7,34.9,127,35.7,125,46.7,47.3,34.9 / 127,35.7 / 125
436,NC,Gold Tees,M,71,67.8,90.7,124,33.4,34.4,33.4,123,34.4,124,44.8,45.9,33.4 / 123,34.4 / 124
436,NC,Red Tees,M,71,63.8,84.8,113,31.6,32.2,31.6,114,32.2,112,42.2,42.6,31.6 / 114,32.2 / 112
436,NC,Silver Tees,M,68,58.0,76.1,98,28.8,29.2,28.8,98,29.2,97,37.9,38.2,28.8 / 98,29.2 / 97
436,NC,White Tees,F,71,76.7,108.4,135,37.9,38.8,37.9,132,38.8,137,53.5,54.9,37.9 / 132,38.8 / 137
436,NC,Gold Tees,F,71,73.4,102.9,125,36.3,37.1,36.3,123,37.1,127,50.8,52.1,36.3 / 123,37.1 / 127
436,NC,Red Tees,F,71,68.3,96.4,120,34.0,34.3,34.0,119,34.3,120,48.0,48.4,34.0 / 119,34.3 / 120
436,NC,Silver Tees,F,70,58.5,81.9,100,29.1,29.4,29.1,98,29.4,101,40.6,41.3,29.1 / 98,29.4 / 101
216,NC,I Tees,M,72,73.5,98.6,135,37.1,36.4,37.1,141,36.4,129,50.2,48.4,37.1 / 141,36.4 / 129
216,NC,I/II Tees,M,72,71.3,96.0,133,35.9,35.4,35.9,139,35.4,127,48.8,47.2,35.9 / 139,35.4 / 127
216,NC,II Tees,M,72,70.1,94.3,131,35.5,34.6,35.5,135,34.6,126,48.0,46.3,35.5 / 135,34.6 / 126
216,NC,II/III Tees,M,72,68.7,91.9,125,34.8,33.9,34.8,125,33.9,125,46.4,45.5,34.8 / 125,33.9 / 125
216,NC,III Tees,M,72,68.0,90.7,123,34.4,33.6,34.4,121,33.6,124,45.6,45.1,34.4 / 121,33.6 / 124
216,NC,III/IV Tees,M,72,66.9,88.9,119,33.9,33.0,33.9,115,33.0,122,44.6,44.3,33.9 / 115,33.0 / 122
216,NC,IV Tees,M,72,66.2,87.4,114,33.5,32.7,33.5,112,32.7,116,43.9,43.5,33.5 / 112,32.7 / 116
216,NC,IV/V Tees,M,72,64.4,85.1,112,32.5,31.9,32.5,109,31.9,114,42.6,42.5,32.5 / 109,31.9 / 114
216,NC,V Tees,M,72,63.4,83.6,109,32.2,31.2,32.2,107,31.2,111,42.1,41.5,32.2 / 107,31.2 / 111
216,NC,VI Tees,M,72,61.9,81.4,105,31.2,30.7,31.2,102,30.7,108,40.7,40.7,31.2 / 102,30.7 / 108
216,NC,III Tees,F,72,73.6,105.9,137,36.9,36.7,36.9,138,36.7,136,53.2,52.7,36.9 / 138,36.7 / 136
216,NC,III/IV Tees,F,72,72.2,104.1,136,36.1,36.1,36.1,137,36.1,134,52.2,51.9,36.1 / 137,36.1 / 134
216,NC,IV Tees,F,72,71.1,102.4,133,35.6,35.5,35.6,136,35.5,130,51.6,50.8,35.6 / 136,35.5 / 130
216,NC,IV/V Tees,F,72,69.2,98.4,124,34.8,34.4,34.8,122,34.4,126,49.2,49.2,34.8 / 122,34.4 / 126
216,NC,V Tees,F,72,67.9,96.2,120,34.3,33.6,34.3,119,33.6,121,48.3,47.9,34.3 / 119,33.6 / 121
216,NC,VI Tees,F,72,65.6,92.6,115,32.9,32.7,32.9,112,32.7,117,46.1,46.5,32.9 / 112,32.7 / 117
444,NC,Garnet,M,71,74.3,101.7,147,36.5,37.8,36.5,145,37.8,149,50.0,51.7,36.5 / 145,37.8 / 149
444,NC,Garnet/Green Hybrid,M,71,72.3,99.1,144,35.5,36.8,35.5,142,36.8,146,48.7,50.4,35.5 / 142,36.8 / 146
444,NC,Green,M,71,71.4,97.5,141,34.8,36.6,34.8,137,36.6,144,47.5,50.0,34.8 / 137,36.6 / 144
444,NC,Carolinas,M,71,69.3,94.5,136,33.9,35.4,33.9,133,35.4,138,46.3,48.2,33.9 / 133,35.4 / 138
444,NC,Navy,M,71,66.8,90.0,125,33.1,33.7,33.1,124,33.7,126,44.6,45.4,33.1 / 124,33.7 / 126
444,NC,Gold,M,71,63.7,85.6,118,31.6,32.1,31.6,118,32.1,117,42.6,43.0,31.6 / 118,32.1 / 117
444,NC,Navy,F,71,72.2,103.2,132,35.6,36.6,35.6,130,36.6,133,50.9,52.3,35.6 / 130,36.6 / 133
444,NC,Gold,F,71,66.9,95.4,121,33.2,33.7,33.2,118,33.7,124,47.1,48.3,33.2 / 118,33.7 / 124
355,NC,Black Tees,M,72,75.1,101.5,142,37.5,37.6,37.5,146,37.6,138,51.1,50.4,37.5 / 146,37.6 / 138
355,NC,Blue Tees,M,72,73.2,99.0,139,36.4,36.8,36.4,142,36.8,136,49.6,49.4,36.4 / 142,36.8 / 136
355,NC,White Tees,M,72,71.3,96.6,136,35.5,35.8,35.5,140,35.8,132,48.5,48.1,35.5 / 140,35.8 / 132
355,NC,White/Green Hybrid,M,72,70.2,95.2,135,35.3,34.9,35.3,138,34.9,131,48.1,47.1,35.3 / 138,34.9 / 131
355,NC,Green Tees,M,72,69.0,93.2,130,34.3,34.7,34.3,130,34.7,130,46.4,46.8,34.3 / 130,34.7 / 130
355,NC,Green/Red Hybrid,M,72,67.5,90.7,125,33.7,33.8,33.7,126,33.8,124,45.4,45.3,33.7 / 126,33.8 / 124
355,NC,Red Tees,M,72,66.1,88.1,119,32.9,33.2,32.9,116,33.2,121,43.7,44.4,32.9 / 116,33.2 / 121
355,NC,Silver Tees,M,72,64.7,86.3,116,32.5,32.2,32.5,114,32.2,118,43.1,43.2,32.5 / 114,32.2 / 118
355,NC,Green Tees,F,72,74.8,107.3,138,37.2,37.6,37.2,138,37.6,137,53.5,53.8,37.2 / 138,37.6 / 137
355,NC,Green/Red Hybrid,F,72,72.8,104.1,133,36.4,36.4,36.4,133,36.4,132,52.1,52.0,36.4 / 133,36.4 / 132
355,NC,Red Tees,F,72,71.1,101.3,128,35.4,35.7,35.4,126,35.7,130,50.3,51.0,35.4 / 126,35.7 / 130
355,NC,Silver Tees,F,72,69.2,98.0,123,34.5,34.7,34.5,125,34.7,120,49.2,48.8,34.5 / 125,34.7 / 120
356,NC,Blue Tees,M,71,70.6,94.9,131,35.4,35.2,35.4,130,35.2,131,47.5,47.4,35.4 / 130,35.2 / 131
356,NC,White Tees,M,71,69.0,92.2,125,34.7,34.3,34.7,125,34.3,125,46.3,45.9,34.7 / 125,34.3 / 125
356,NC,White/Gold Hybrid,M,71,67.8,89.4,117,34.2,33.6,34.2,122,33.6,111,45.5,43.9,34.2 / 122,33.6 / 111
356,NC,Gold Tees,M,71,67.2,88.0,112,33.8,33.4,33.8,116,33.4,108,44.6,43.4,33.8 / 116,33.4 / 108
356,NC,Red Tees,M,71,65.3,84.9,106,32.9,32.4,32.9,107,32.4,104,42.8,42.1,32.9 / 107,32.4 / 104
356,NC,Silver Tees,M,71,63.3,82.4,103,32.1,31.2,32.1,102,31.2,103,41.6,40.8,32.1 / 102,31.2 / 103
356,NC,Forward 1 Tees,M,33,30.2,39.1,96,30.2,,30.2,96,,,39.1,,30.2 / 96,/
356,NC,Forward 2 Tees,M,29,28.6,37.0,90,28.6,,28.6,90,,,37.0,,28.6 / 90,/
356,NC,Gold Tees,F,71,72.1,102.1,127,36.6,35.5,36.6,127,35.5,127,51.6,50.5,36.6 / 127,35.5 / 127
356,NC,Red Tees,F,71,70.0,98.1,119,35.4,34.6,35.4,122,34.6,116,49.8,48.3,35.4 / 122,34.6 / 116
356,NC,Silver Tees,F,71,67.6,93.1,109,34.4,33.2,34.4,114,33.2,103,47.8,45.3,34.4 / 114,33.2 / 103
356,NC,Forward 1 Tees,F,34,31.0,43.0,102,31.0,,31.0,102,,,43.0,,31.0 / 102,/
356,NC,Forward 2 Tees,F,34,29.2,40.1,92,29.2,,29.2,92,,,40.1,,29.2 / 92,/
407,NC,Gold Tees,M,72,74.9,100.1,136,37.9,37.0,37.9,136,37.0,136,50.5,49.6,37.9 / 136,37.0 / 136
407,NC,Blue Tees,M,72,72.6,96.8,130,36.8,35.8,36.8,130,35.8,130,48.9,47.9,36.8 / 130,35.8 / 130
407,NC,White Tees,M,72,70.0,93.2,125,35.4,34.6,35.4,124,34.6,126,46.9,46.3,35.4 / 124,34.6 / 126
407,NC,Green Tees,M,72,67.8,89.3,116,34.2,33.6,34.2,115,33.6,116,44.9,44.4,34.2 / 115,33.6 / 116
407,NC,Green/Red Hybrid,M,72,65.8,86.5,112,32.9,32.9,32.9,111,32.9,112,43.2,43.3,32.9 / 111,32.9 / 112
407,NC,Red Tees,M,72,65.3,85.8,111,32.5,32.8,32.5,110,32.8,111,42.7,43.1,32.5 / 110,32.8 / 111
407,NC,White Tees,F,73,76.2,108.3,136,38.2,38.0,38.2,134,38.0,138,54.0,54.3,38.2 / 134,38.0 / 138
407,NC,Green Tees,F,73,73.1,102.6,125,36.7,36.4,36.7,121,36.4,129,51.0,51.6,36.7 / 121,36.4 / 129
407,NC,Green/Red Hybrid,F,73,70.5,99.7,124,35.4,35.1,35.4,120,35.1,127,49.6,50.1,35.4 / 120,35.1 / 127
407,NC,Red Tees,F,73,69.9,98.7,123,34.9,35.0,34.9,119,35.0,126,48.9,49.8,34.9 / 119,35.0 / 126
244,NC,Blue Tees,M,72,72.7,96.6,129,36.4,36.3,36.4,131,36.3,126,48.6,48.0,36.4 / 131,36.3 / 126
244,NC,White Tees,M,72,70.7,93.8,125,35.5,35.2,35.5,127,35.2,122,47.3,46.5,35.5 / 127,35.2 / 122
244,NC,Yellow Tees,M,72,69.2,91.7,121,34.7,34.5,34.7,124,34.5,118,46.2,45.5,34.7 / 124,34.5 / 118
244,NC,Green Tees,M,72,65.6,86.9,115,32.7,32.9,32.7,114,32.9,115,43.3,43.6,32.7 / 114,32.9 / 115
244,NC,Orange Tees,M,72,64.3,84.9,111,32.1,32.2,32.1,111,32.2,111,42.4,42.5,32.1 / 111,32.2 / 111
244,NC,White Tees,F,74,76.8,108.8,136,38.4,38.4,38.4,137,38.4,135,54.5,54.3,38.4 / 137,38.4 / 135
244,NC,Yellow Tees,F,74,74.5,105.3,131,37.4,37.1,37.4,130,37.1,131,52.7,52.6,37.4 / 130,37.1 / 131
244,NC,Green Tees,F,74,70.9,99.4,121,35.4,35.5,35.4,120,35.5,122,49.5,49.9,35.4 / 120,35.5 / 122
244,NC,Orange Tees,F,74,69.5,97.3,118,34.8,34.7,34.8,117,34.7,119,48.6,48.7,34.8 / 117,34.7 / 119
67,NC,Black Tees,M,71,73.8,99.4,138,36.9,36.9,36.9,141,36.9,135,50.0,49.4,36.9 / 141,36.9 / 135
67,NC,Black/Blue Tees,M,71,72.6,97.8,136,36.3,36.3,36.3,139,36.3,132,49.2,48.6,36.3 / 139,36.3 / 132
67,NC,Blue Tees,M,71,71.4,95.9,132,35.7,35.7,35.7,133,35.7,130,48.1,47.8,35.7 / 133,35.7 / 130
67,NC,Blue/White Tees,M,71,70.7,95.0,131,35.4,35.3,35.4,132,35.3,129,47.7,47.3,35.4 / 132,35.3 / 129
67,NC,White Tees,M,71,69.7,93.6,129,34.9,34.8,34.9,130,34.8,127,47.0,46.6,34.9 / 130,34.8 / 127
67,NC,White/Gold Tees,M,71,68.5,91.9,126,34.5,34.0,34.5,127,34.0,125,46.3,45.6,34.5 / 127,34.0 / 125
67,NC,Gold Tees,M,71,67.3,89.6,120,34.1,33.2,34.1,119,33.2,121,45.2,44.4,34.1 / 119,33.2 / 121
67,NC,Gold/Red Tees,M,71,66.7,88.4,117,33.6,33.1,33.6,115,33.1,118,44.3,44.1,33.6 / 115,33.1 / 118
67,NC,Red Tees,M,71,65.8,87.0,114,32.9,32.9,32.9,112,32.9,116,43.3,43.7,32.9 / 112,32.9 / 116
67,NC,Red/Green Tees,M,71,64.2,84.8,111,32.2,32.0,32.2,109,32.0,113,42.3,42.5,32.2 / 109,32.0 / 113
67,NC,Green Tees,M,71,62.1,81.7,106,31.2,30.9,31.2,104,30.9,107,40.9,40.8,31.2 / 104,30.9 / 107
67,NC,White Tees,F,71,76.0,108.8,139,37.8,38.2,37.8,142,38.2,136,54.6,54.2,37.8 / 142,38.2 / 136
67,NC,Gold Tees,F,71,73.0,103.7,130,36.7,36.3,36.7,132,36.3,128,52.3,51.4,36.7 / 132,36.3 / 128
67,NC,Gold/Red Tees,F,71,72.3,102.5,128,36.2,36.1,36.2,129,36.1,127,51.4,51.1,36.2 / 129,36.1 / 127
67,NC,Red Tees,F,71,71.0,100.7,126,35.4,35.6,35.4,126,35.6,126,50.2,50.5,35.4 / 126,35.6 / 126
67,NC,Red/Green Tees,F,71,69.0,98.0,123,34.6,34.4,34.6,123,34.4,123,49.1,48.9,34.6 / 123,34.4 / 123
67,NC,Green Tees,F,71,66.0,93.2,115,33.1,32.9,33.1,114,32.9,116,46.6,46.6,33.1 / 114,32.9 / 116
137,NC,Black Tees,M,72,73.0,98.6,138,36.3,36.7,36.3,133,36.7,142,48.7,49.9,36.3 / 133,36.7 / 142
137,NC,Blue Tees,M,72,71.0,95.7,133,35.4,35.6,35.4,130,35.6,136,47.5,48.2,35.4 / 130,35.6 / 136
137,NC,Green Hybrid,M,72,69.7,94.0,131,34.8,34.9,34.8,129,34.9,132,46.8,47.2,34.8 / 129,34.9 / 132
137,NC,White Tees,M,72,68.3,91.7,126,34.3,34.0,34.3,127,34.0,125,46.1,45.6,34.3 / 127,34.0 / 125
137,NC,Gold Tees,M,72,65.8,87.5,117,33.2,32.6,33.2,123,32.6,111,44.6,42.9,33.2 / 123,32.6 / 111
137,NC,Red Tees,M,72,63.4,84.2,112,31.9,31.5,31.9,114,31.5,110,42.5,41.7,31.9 / 114,31.5 / 110
137,NC,White Tees,F,72,73.6,105.2,134,36.8,36.8,36.8,134,36.8,134,52.6,52.6,36.8 / 134,36.8 / 134
137,NC,Gold Tees,F,72,70.4,100.3,127,35.6,34.8,35.6,131,34.8,122,51.1,49.2,35.6 / 131,34.8 / 122
137,NC,Red Tees,F,72,67.5,95.9,121,33.7,33.8,33.7,122,33.8,119,48.1,47.8,33.7 / 122,33.8 / 119
305,NC,Black,M,71,71.8,98.4,143,35.3,36.5,35.3,143,36.5,143,48.6,49.8,35.3 / 143,36.5 / 143
305,NC,Black-Burg,M,71,71.1,97.4,142,34.9,36.2,34.9,142,36.2,141,48.1,49.3,34.9 / 142,36.2 / 141
305,NC,Burgundy,M,71,70.3,96.2,140,34.5,35.8,34.5,141,35.8,138,47.6,48.6,34.5 / 141,35.8 / 138
305,NC,Burg-White,M,71,69.4,94.7,137,34.0,35.4,34.0,138,35.4,135,46.8,47.9,34.0 / 138,35.4 / 135
305,NC,White,M,71,68.5,93.2,133,33.6,34.9,33.6,132,34.9,133,45.9,47.3,33.6 / 132,34.9 / 133
305,NC,White-Grn,M,71,67.5,91.7,130,33.1,34.4,33.1,127,34.4,131,44.9,46.6,33.1 / 127,34.4 / 131
305,NC,Green,M,71,66.2,89.2,124,32.5,33.7,32.5,121,33.7,127,43.7,45.5,32.5 / 121,33.7 / 127
305,NC,Green-Yell,M,71,64.5,86.9,121,31.2,33.3,31.2,115,33.3,126,41.9,45.0,31.2 / 115,33.3 / 126
305,NC,Yellow,M,70,63.2,85.1,118,31.2,32.0,31.2,114,32.0,122,41.8,43.3,31.2 / 114,32.0 / 122
305,NC,Purple,M,63,57.7,77.4,106,28.6,29.1,28.6,105,29.1,107,38.4,39.0,28.6 / 105,29.1 / 107
305,NC,White,F,71,74.0,108.0,144,36.2,37.8,36.2,139,37.8,149,52.6,55.4,36.2 / 139,37.8 / 149
305,NC,White-Grn,F,71,72.6,105.7,141,35.5,37.1,35.5,135,37.1,146,51.4,54.3,35.5 / 135,37.1 / 146
305,NC,Green,F,71,70.9,102.4,134,34.6,36.3,34.6,131,36.3,137,50.0,52.4,34.6 / 131,36.3 / 137
305,NC,Green-Yell,F,71,69.1,99.0,127,33.2,35.9,33.2,122,35.9,131,47.6,51.4,33.2 / 122,35.9 / 131
305,NC,Yellow,F,71,67.6,95.9,120,33.0,34.6,33.0,119,34.6,121,47.0,48.9,33.0 / 119,34.6 / 121
305,NC,Purple,F,67,60.4,84.9,104,29.9,30.5,29.9,104,30.5,103,42.2,42.7,29.9 / 104,30.5 / 103
303,NC,Black Tees,M,72,72.6,97.8,136,36.2,36.4,36.2,131,36.4,140,48.4,49.4,36.2 / 131,36.4 / 140
303,NC,Black/Blue Hybrid,M,72,72.1,96.7,133,36.0,36.1,36.0,127,36.1,138,47.8,48.9,36.0 / 127,36.1 / 138
303,NC,Blue Tees,M,72,70.6,94.6,129,35.3,35.3,35.3,126,35.3,132,47.0,47.6,35.3 / 126,35.3 / 132
303,NC,Blue/White Hybrid,M,72,69.6,93.4,128,34.8,34.8,34.8,125,34.8,131,46.4,47.0,34.8 / 125,34.8 / 131
303,NC,White Tees,M,72,68.7,91.8,125,34.5,34.2,34.5,121,34.2,128,45.7,46.1,34.5 / 121,34.2 / 128
303,NC,Gold Tees,M,72,66.8,88.5,117,34.0,32.8,34.0,116,32.8,117,44.8,43.7,34.0 / 116,32.8 / 117
303,NC,Red Tees,M,72,64.9,85.7,112,32.7,32.2,32.7,112,32.2,112,43.1,42.6,32.7 / 112,32.2 / 112
303,NC,Light Blue Tees,M,72,63.7,83.7,108,32.2,31.5,32.2,108,31.5,108,42.2,41.5,32.2 / 108,31.5 / 108
303,NC,Blue Tees,F,72,76.4,109.8,142,38.0,38.4,38.0,139,38.4,144,54.4,55.4,38.0 / 139,38.4 / 144
303,NC,White Tees,F,72,73.8,105.5,135,36.7,37.1,36.7,133,37.1,136,52.4,53.1,36.7 / 133,37.1 / 136
303,NC,Gold Tees,F,72,71.3,101.3,127,35.7,35.6,35.7,126,35.6,128,50.6,50.7,35.7 / 126,35.6 / 128
303,NC,Red Tees,F,72,69.7,98.4,122,34.8,34.9,34.8,118,34.9,126,48.7,49.7,34.8 / 118,34.9 / 126
303,NC,Light Blue Tees,F,72,67.2,95.5,120,33.6,33.6,33.6,115,33.6,125,47.2,48.3,33.6 / 115,33.6 / 125
23,NC,Black Tees,M,72,74.3,99.1,134,37.2,37.1,37.2,136,37.1,131,49.8,49.3,37.2 / 136,37.1 / 131
23,NC,Blue Tees,M,72,72.8,97.1,131,36.4,36.4,36.4,132,36.4,129,48.7,48.4,36.4 / 132,36.4 / 129
23,NC,Blue/White Hybrid,M,72,71.6,95.4,128,35.7,35.9,35.7,130,35.9,126,47.8,47.6,35.7 / 130,35.9 / 126
23,NC,White Tees,M,72,70.5,93.7,125,35.0,35.5,35.0,127,35.5,123,46.8,46.9,35.0 / 127,35.5 / 123
23,NC,Gold Tees,M,72,68.1,90.8,122,33.9,34.2,33.9,125,34.2,119,45.5,45.3,33.9 / 125,34.2 / 119
23,NC,Red Tees,M,72,65.4,86.6,114,33.0,32.4,33.0,118,32.4,110,44.0,42.6,33.0 / 118,32.4 / 110
23,NC,White Tees,F,72,76.2,108.6,138,37.9,38.3,37.9,134,38.3,141,53.7,54.9,37.9 / 134,38.3 / 141
23,NC,Gold Tees,F,72,73.5,104.3,131,36.7,36.8,36.7,128,36.8,133,51.8,52.5,36.7 / 128,36.8 / 133
23,NC,Red Tees,F,72,70.0,98.1,119,35.5,34.5,35.5,122,34.5,116,49.9,48.2,35.5 / 122,34.5 / 116
14708,NC,Back Tees,M,70,68.2,90.4,120,34.1,34.1,34.1,120,34.1,120,45.2,45.2,34.1 / 120,34.1 / 120
14708,NC,Middle Tees,M,70,66.6,87.0,110,33.3,33.3,33.3,110,33.3,110,43.5,43.5,33.3 / 110,33.3 / 110
14708,NC,Forward Tees,M,70,62.6,80.2,95,31.3,31.3,31.3,95,31.3,95,40.1,40.1,31.3 / 95,31.3 / 95
14708,NC,Middle Tees,F,72,72.0,99.8,118,36.0,36.0,36.0,118,36.0,118,49.9,49.9,36.0 / 118,36.0 / 118
14708,NC,Forward Tees,F,72,64.6,89.4,105,32.3,32.3,32.3,105,32.3,105,44.7,44.7,32.3 / 105,32.3 / 105
344,NC,Black Tees,M,72,71.8,96.5,133,35.7,36.1,35.7,134,36.1,132,48.1,48.4,35.7 / 134,36.1 / 132
344,NC,Blue Tees,M,72,69.5,93.2,128,34.6,34.9,34.6,128,34.9,127,46.5,46.7,34.6 / 128,34.9 / 127
344,NC,White Tees,M,72,68.5,90.6,119,34.4,34.1,34.4,119,34.1,118,45.5,45.1,34.4 / 119,34.1 / 118
344,NC,Red Tees,M,72,65.1,85.3,109,33.0,32.1,33.0,114,32.1,103,43.6,41.7,33.0 / 114,32.1 / 103
344,NC,Blue Tees,F,72,75.7,107.5,135,37.8,37.9,37.8,134,37.9,135,53.6,53.9,37.8 / 134,37.9 / 135
344,NC,White Tees,F,72,74.1,104.0,127,37.2,36.9,37.2,129,36.9,125,52.4,51.6,37.2 / 129,36.9 / 125
344,NC,Red Tees,F,72,69.6,97.8,120,35.5,34.1,35.5,120,34.1,120,49.6,48.2,35.5 / 120,34.1 / 120
14203,NC,Championship Tees,M,71,76.2,103.8,149,38.4,37.8,38.4,153,37.8,144,52.6,51.2,38.4 / 153,37.8 / 144
14203,NC,Back Tees,M,71,73.4,99.9,143,36.9,36.5,36.9,149,36.5,137,50.7,49.2,36.9 / 149,36.5 / 137
14203,NC,Middle Tees,M,71,70.4,95.2,134,35.4,35.0,35.4,136,35.0,131,48.0,47.2,35.4 / 136,35.0 / 131
14203,NC,Forward Tees,M,71,65.2,87.8,122,33.4,31.8,33.4,124,31.8,119,44.9,42.9,33.4 / 124,31.8 / 119
14203,NC,Middle Tees,F,73,76.9,111.1,145,38.6,38.3,38.6,149,38.3,141,56.2,54.9,38.6 / 149,38.3 / 141
14203,NC,Forward Tees,F,73,70.5,100.8,129,36.0,34.5,36.0,131,34.5,126,51.5,49.3,36.0 / 131,34.5 / 126
72,NC,Green Tees,M,72,74.3,100.0,139,36.7,37.6,36.7,136,37.6,141,49.3,50.7,36.7 / 136,37.6 / 141
72,NC,Blue Tees,M,72,72.0,96.9,134,35.5,36.5,35.5,131,36.5,137,47.7,49.2,35.5 / 131,36.5 / 137
72,NC,Gold Tees,M,72,69.0,91.4,121,33.8,35.2,33.8,119,35.2,122,44.9,46.5,33.8 / 119,35.2 / 122
72,NC,Silver Tees,M,72,66.3,87.2,113,32.7,33.6,32.7,107,33.6,118,42.6,44.6,32.7 / 107,33.6 / 118
72,NC,Gold Tees,F,72,74.4,106.1,135,36.6,37.8,36.6,128,37.8,141,51.7,54.4,36.6 / 128,37.8 / 141
72,NC,Silver Tees,F,72,71.4,100.9,125,35.0,36.4,35.0,121,36.4,129,49.3,51.6,35.0 / 121,36.4 / 129
72,NC,Orange Tees,F,72,65.6,92.3,113,32.5,33.1,32.5,110,33.1,116,45.5,46.8,32.5 / 110,33.1 / 116
366,NC,Blue Tees,M,72,70.9,94.0,125,35.1,35.8,35.1,123,35.8,126,46.5,47.5,35.1 / 123,35.8 / 126
366,NC,White Tees,M,72,69.7,91.2,116,34.7,35.0,34.7,112,35.0,120,45.0,46.2,34.7 / 112,35.0 / 120
366,NC,Gold Tees,M,72,64.3,84.3,108,32.0,32.3,32.0,109,32.3,107,42.1,42.2,32.0 / 109,32.3 / 107
366,NC,Red Tees,M,72,63.2,82.8,106,31.6,31.6,31.6,107,31.6,104,41.5,41.3,31.6 / 107,31.6 / 104
366,NC,Gold Tees,F,72,69.3,96.4,115,34.6,34.7,34.6,114,34.7,116,48.0,48.4,34.6 / 114,34.7 / 116
366,NC,Red Tees,F,72,67.8,94.1,112,33.8,34.0,33.8,109,34.0,114,46.6,47.5,33.8 / 109,34.0 / 114
366,NC,Short Red,F,72,67.0,93.1,111,33.8,33.2,33.8,109,33.2,113,46.6,46.5,33.8 / 109,33.2 / 113
20634,NC,White to Blue,M,70,67.4,91.1,128,33.3,34.1,33.3,126,34.1,130,45.0,46.1,33.3 / 126,34.1 / 130
20634,NC,Red to White,M,70,65.5,88.9,126,32.2,33.3,32.2,126,33.3,126,43.9,45.0,32.2 / 126,33.3 / 126
20634,NC,Yellow to Red,M,70,63.4,86.0,122,31.2,32.2,31.2,118,32.2,126,42.1,43.9,31.2 / 118,32.2 / 126
20634,NC,Yellow to Red,F,70,68.0,96.1,120,33.1,34.9,33.1,117,34.9,122,46.8,49.3,33.1 / 117,34.9 / 122
302,NC,Blue Tees,M,71,71.2,96.0,134,35.1,36.1,35.1,131,36.1,136,47.3,48.7,35.1 / 131,36.1 / 136
302,NC,Chestnut Tees,M,71,69.5,93.8,131,34.2,35.3,34.2,129,35.3,132,46.2,47.6,34.2 / 129,35.3 / 132
302,NC,White Tees,M,71,67.9,91.6,128,33.6,34.3,33.6,126,34.3,129,45.3,46.3,33.6 / 126,34.3 / 129
302,NC,Gold Tees,M,71,64.7,87.2,121,32.1,32.6,32.1,115,32.6,127,42.8,44.4,32.1 / 115,32.6 / 127
302,NC,Red Tees,M,71,63.0,84.6,117,31.4,31.6,31.4,111,31.6,122,41.7,42.9,31.4 / 111,31.6 / 122
302,NC,Gold Tees,F,71,69.9,100.3,129,34.4,35.5,34.4,128,35.5,130,49.5,50.8,34.4 / 128,35.5 / 130
302,NC,Red Tees,F,71,67.0,96.5,125,33.2,33.8,33.2,122,33.8,128,47.6,48.9,33.2 / 122,33.8 / 128
235,NC,Blue Tees,M,71,69.9,94.7,134,35.4,34.5,35.4,131,34.5,136,47.6,47.1,35.4 / 131,34.5 / 136
235,NC,White Tees,M,71,68.5,92.5,129,34.7,33.8,34.7,129,33.8,129,46.7,45.8,34.7 / 129,33.8 / 129
235,NC,Gold Tees,M,71,65.6,87.3,117,33.3,32.3,33.3,116,32.3,117,44.1,43.2,33.3 / 116,32.3 / 117
235,NC,White Tees,F,71,74.5,106.2,135,37.9,36.6,37.9,134,36.6,135,53.7,52.5,37.9 / 134,36.6 / 135
235,NC,Gold Tees,F,71,70.8,100.2,125,36.0,34.8,36.0,125,34.8,125,50.7,49.5,36.0 / 125,34.8 / 125
235,NC,Red Tees,F,71,69.0,96.8,118,35.4,33.6,35.4,121,33.6,114,49.7,47.1,35.4 / 121,33.6 / 114
90,NC,Black Tees,M,72,70.5,93.8,126,35.2,35.3,35.2,122,35.3,129,46.5,47.3,35.2 / 122,35.3 / 129
90,NC,White Tees,M,72,69.1,91.3,120,34.9,34.2,34.9,117,34.2,122,45.8,45.5,34.9 / 117,34.2 / 122
90,NC,Gold Tees,M,72,65.8,86.7,113,33.2,32.6,33.2,110,32.6,115,43.4,43.3,33.2 / 110,32.6 / 115
90,NC,Red Tees,M,72,64.2,84.1,108,32.4,31.8,32.4,107,31.8,108,42.3,41.8,32.4 / 107,31.8 / 108
90,NC,Purple Tees,M,72,62.8,81.9,103,31.7,31.1,31.7,103,31.1,102,41.3,40.6,31.7 / 103,31.1 / 102
90,NC,White Tees,F,72,74.4,105.4,132,37.7,36.7,37.7,131,36.7,132,53.1,52.3,37.7 / 131,36.7 / 132
90,NC,Gold Tees,F,72,70.8,99.6,123,35.7,35.1,35.7,120,35.1,125,49.8,49.8,35.7 / 120,35.1 / 125
90,NC,Red Tees,F,72,68.6,95.6,115,34.7,33.9,34.7,113,33.9,116,48.0,47.6,34.7 / 113,33.9 / 116
90,NC,Purple Tees,F,72,66.8,92.7,110,34.0,32.8,34.0,108,32.8,112,46.7,46.0,34.0 / 108,32.8 / 112
364,NC,Black Tees,M,71,73.8,98.9,135,36.2,37.6,36.2,130,37.6,140,48.3,50.6,36.2 / 130,37.6 / 140
364,NC,Gold Tees,M,71,70.9,95.2,131,34.7,36.2,34.7,129,36.2,132,46.7,48.5,34.7 / 129,36.2 / 132
364,NC,Silver Tees,M,71,67.1,90.4,126,33.1,34.0,33.1,125,34.0,126,44.7,45.7,33.1 / 125,34.0 / 126
364,NC,Bronze Tees,M,71,63.6,83.8,109,31.4,32.2,31.4,105,32.2,112,41.2,42.6,31.4 / 105,32.2 / 112
364,NC,Silver Tees,F,71,73.3,105.1,135,36.2,37.1,36.2,133,37.1,137,51.9,53.2,36.2 / 133,37.1 / 137
364,NC,Bronze Tees,F,71,68.3,96.9,121,33.5,34.8,33.5,115,34.8,127,47.1,49.8,33.5 / 115,34.8 / 127
287,NC,Blue Tees,M,72,71.8,97.0,136,35.6,36.2,35.6,131,36.2,140,47.8,49.2,35.6 / 131,36.2 / 140
287,NC,White Tees,M,72,70.0,94.4,131,34.9,35.1,34.9,129,35.1,133,46.9,47.5,34.9 / 129,35.1 / 133
287,NC,Green Tees,M,72,68.5,91.6,125,34.3,34.2,34.3,124,34.2,125,45.8,45.8,34.3 / 124,34.2 / 125
287,NC,Gold Tees,M,72,66.4,88.5,119,33.2,33.2,33.2,116,33.2,122,44.0,44.5,33.2 / 116,33.2 / 122
287,NC,Red Tees,M,71,64.4,85.6,114,32.4,32.0,32.4,110,32.0,118,42.6,43.0,32.4 / 110,32.0 / 118
287,NC,White Tees,F,72,75.8,108.5,139,37.7,38.1,37.7,143,38.1,134,54.6,53.9,37.7 / 143,38.1 / 134
287,NC,Gold Tees,F,72,71.1,101.1,127,35.5,35.6,35.5,126,35.6,128,50.4,50.7,35.5 / 126,35.6 / 128
287,NC,Red Tees,F,72,69.0,97.3,120,34.6,34.4,34.6,118,34.4,122,48.5,48.8,34.6 / 118,34.4 / 122
75,NC,The Nut,M,72,75.2,102.6,148,37.4,37.8,37.4,149,37.8,146,51.2,51.4,37.4 / 149,37.8 / 146
75,NC,1,M,71,73.2,100.2,145,36.3,36.9,36.3,146,36.9,144,49.9,50.3,36.3 / 146,36.9 / 144
75,NC,2,M,71,71.4,97.7,142,35.4,36.0,35.4,143,36.0,140,48.7,49.0,35.4 / 143,36.0 / 140
75,NC,2/3,M,71,69.8,95.4,138,34.7,35.1,34.7,139,35.1,137,47.6,47.8,34.7 / 139,35.1 / 137
75,NC,3,M,71,67.5,91.5,129,33.7,33.8,33.7,129,33.8,129,45.7,45.8,33.7 / 129,33.8 / 129
75,NC,4,M,71,65.8,89.1,126,32.9,32.9,32.9,126,32.9,125,44.6,44.5,32.9 / 126,32.9 / 125
75,NC,4/5,M,71,64.3,87.0,123,32.3,32.0,32.3,122,32.0,123,43.6,43.4,32.3 / 122,32.0 / 123
75,NC,5,M,71,62.8,85.0,119,31.5,31.3,31.5,120,31.3,118,42.7,42.3,31.5 / 120,31.3 / 118
75,NC,2,F,71,77.5,112.7,149,38.5,39.0,38.5,150,39.0,148,56.2,56.5,38.5 / 150,39.0 / 148
75,NC,2/3 Hybrid,F,71,76.1,110.7,147,38.2,37.9,38.2,145,37.9,148,55.3,55.4,38.2 / 145,37.9 / 148
75,NC,3,F,71,73.2,106.7,142,36.4,36.8,36.4,144,36.8,140,53.4,53.3,36.4 / 144,36.8 / 140
75,NC,4,F,71,70.9,103.3,137,35.2,35.7,35.2,137,35.7,137,51.4,51.9,35.2 / 137,35.7 / 137
75,NC,4/5,F,71,68.9,99.8,131,34.1,34.8,34.1,128,34.8,134,49.2,50.6,34.1 / 128,34.8 / 134
75,NC,5,F,71,66.7,95.9,124,33.4,33.3,33.4,120,33.3,128,47.5,48.4,33.4 / 120,33.3 / 128
203,NC,Blue Tees,M,72,72.3,96.9,132,37.0,35.3,37.0,133,35.3,131,49.4,47.5,37.0 / 133,35.3 / 131
203,NC,White Tees,M,72,71.1,94.8,128,36.2,34.9,36.2,131,34.9,124,48.4,46.4,36.2 / 131,34.9 / 124
203,NC,Black Tees,M,72,68.5,91.1,122,34.8,33.7,34.8,123,33.7,121,46.2,44.9,34.8 / 123,33.7 / 121
203,NC,Gold Tees,M,72,66.1,87.6,116,33.4,32.7,33.4,115,32.7,116,44.1,43.5,33.4 / 115,32.7 / 116
203,NC,Red Tees,M,72,64.6,85.4,112,32.8,31.8,32.8,112,31.8,112,43.2,42.2,32.8 / 112,31.8 / 112
203,NC,White Tees,F,72,77.3,109.4,136,39.6,37.7,39.6,140,37.7,132,56.1,53.3,39.6 / 140,37.7 / 132
203,NC,Black Tees,F,72,74.6,105.4,131,38.0,36.6,38.0,132,36.6,129,53.6,51.8,38.0 / 132,36.6 / 129
203,NC,Gold Tees,F,72,71.4,101.6,128,36.0,35.4,36.0,129,35.4,127,51.2,50.4,36.0 / 129,35.4 / 127
203,NC,Red Tees,F,72,69.5,98.7,124,35.2,34.3,35.2,127,34.3,120,50.2,48.5,35.2 / 127,34.3 / 120
224,NC,Blue Tees,M,74,72.3,94.5,120,35.8,36.5,35.8,121,36.5,118,47.0,47.5,35.8 / 121,36.5 / 118
224,NC,White/Black Tees,M,74,68.9,89.9,113,34.7,34.2,34.7,114,34.2,112,45.3,44.6,34.7 / 114,34.2 / 112
224,NC,Purple/Gold Tees,M,72,65.6,85.4,107,33.3,32.3,33.3,108,32.3,105,43.3,42.1,33.3 / 108,32.3 / 105
224,NC,Red Tees,M,69,62.0,80.9,102,30.6,31.4,30.6,99,31.4,104,39.8,41.1,30.6 / 99,31.4 / 104
224,NC,White/Black Tees,F,74,74.8,103.5,122,37.7,37.1,37.7,123,37.1,120,52.2,51.3,37.7 / 123,37.1 / 120
224,NC,Purple/Gold Tees,F,74,70.5,97.2,113,35.8,34.7,35.8,114,34.7,112,49.3,47.9,35.8 / 114,34.7 / 112
224,NC,Red Tees,F,74,66.1,89.6,100,32.4,33.7,32.4,97,33.7,103,43.8,45.8,32.4 / 97,33.7 / 103
54,NC,Blue Tees,M,71,72.6,96.5,129,37.2,35.4,37.2,130,35.4,127,49.3,47.2,37.2 / 130,35.4 / 127
54,NC,Green Tees,M,71,70.6,93.7,125,35.8,34.8,35.8,126,34.8,123,47.5,46.2,35.8 / 126,34.8 / 123
54,NC,White Tees,M,71,69.7,92.4,123,35.4,34.3,35.4,124,34.3,121,46.9,45.5,35.4 / 124,34.3 / 121
54,NC,Gold Tees,M,71,67.4,89.4,119,34.2,33.2,34.2,121,33.2,116,45.4,44.0,34.2 / 121,33.2 / 116
54,NC,Red Tees,M,71,65.0,84.9,108,32.9,32.1,32.9,108,32.1,107,42.9,42.0,32.9 / 108,32.1 / 107
54,NC,Teal Tees,M,71,62.6,82.0,104,31.7,30.9,31.7,104,30.9,104,41.4,40.6,31.7 / 104,30.9 / 104
54,NC,White Tees,F,72,75.9,106.9,131,38.7,37.2,38.7,131,37.2,131,54.2,52.7,38.7 / 131,37.2 / 131
54,NC,Gold Tees,F,72,73.2,102.8,126,37.3,35.9,37.3,126,35.9,126,52.1,50.7,37.3 / 126,35.9 / 126
54,NC,Red Tees,F,72,69.3,97.1,118,35.1,34.2,35.1,120,34.2,116,49.2,47.9,35.1 / 120,34.2 / 116
54,NC,Teal Tees,F,72,66.8,93.0,111,33.5,33.3,33.5,114,33.3,108,47.0,46.0,33.5 / 114,33.3 / 108
24098,NC,Black Tees,M,72,74.3,99.7,137,36.8,37.5,36.8,133,37.5,140,49.2,50.5,36.8 / 133,37.5 / 140
24098,NC,Blue Tees,M,72,71.8,96.3,132,35.6,36.2,35.6,128,36.2,136,47.5,48.8,35.6 / 128,36.2 / 136
24098,NC,Blue/White Hybrid,M,72,70.8,94.9,130,35.3,35.5,35.3,127,35.5,132,47.1,47.8,35.3 / 127,35.5 / 132
24098,NC,White Tees,M,72,69.3,92.2,124,34.5,34.8,34.5,122,34.8,125,45.8,46.4,34.5 / 122,34.8 / 125
24098,NC,White/Gold Hybrid,M,72,67.9,89.8,118,33.6,34.3,33.6,115,34.3,121,44.3,45.5,33.6 / 115,34.3 / 121
24098,NC,Gold Tees,M,72,65.9,86.6,112,32.7,33.2,32.7,110,33.2,113,42.9,43.7,32.7 / 110,33.2 / 113
24098,NC,Gold/Green Hybrid,M,72,64.5,84.9,110,32.4,32.1,32.4,108,32.1,112,42.4,42.5,32.4 / 108,32.1 / 112
24098,NC,Green Tees,M,72,62.8,82.7,108,31.3,31.5,31.3,107,31.5,108,41.2,41.5,31.3 / 107,31.5 / 108
24098,NC,Green/Compass Hybrid,M,60,54.9,70.1,82,27.6,27.3,27.6,85,27.3,79,35.5,34.6,27.6 / 85,27.3 / 79
24098,NC,Compass Tees,M,54,50.4,63.8,72,25.5,,25.5,75,,,32.5,,25.5 / 75,/
24098,NC,White Tees,F,72,74.7,105.9,132,37.1,37.6,37.1,131,37.6,133,52.6,53.3,37.1 / 131,37.6 / 133
24098,NC,White/Gold Hybrid,F,72,72.9,103.3,129,36.1,36.8,36.1,127,36.8,131,51.1,52.2,36.1 / 127,36.8 / 131
24098,NC,Gold Tees,F,72,70.8,100.1,125,35.0,35.8,35.0,123,35.8,126,49.5,50.6,35.0 / 123,35.8 / 126
24098,NC,Gold/Green Hybrid,F,72,69.1,97.3,120,34.3,34.8,34.3,121,34.8,118,48.6,48.7,34.3 / 121,34.8 / 118
24098,NC,Green Tees,F,72,67.0,93.8,114,33.6,33.4,33.6,112,33.4,115,46.8,47.0,33.6 / 112,33.4 / 115
24098,NC,Green/Compass Hybrid,F,60,57.0,78.0,89,28.8,28.2,28.8,91,28.2,87,39.5,38.5,28.8 / 91,28.2 / 87
24098,NC,Compass Tees,F,54,53.0,71.0,77,26.8,,26.8,80,,,36.2,,26.8 / 80,/
14010,NC,Black Tees,M,72,72.0,96.6,133,35.9,36.1,35.9,127,36.1,138,47.7,48.9,35.9 / 127,36.1 / 138
14010,NC,Blue Tees,M,72,69.9,93.7,128,35.0,34.9,35.0,126,34.9,130,46.7,47.0,35.0 / 126,34.9 / 130
14010,NC,White Tees,M,72,68.4,90.8,121,34.1,34.3,34.1,116,34.3,125,44.9,45.9,34.1 / 116,34.3 / 125
14010,NC,White/Green Hybrid,M,72,67.2,89.3,119,33.6,33.6,33.6,115,33.6,123,44.3,45.0,33.6 / 115,33.6 / 123
14010,NC,Green Tees,M,72,66.3,88.0,117,33.0,33.3,33.0,114,33.3,119,43.6,44.4,33.0 / 114,33.3 / 119
14010,NC,Yellow Tees,M,72,64.3,84.7,110,32.2,32.1,32.2,110,32.1,110,42.4,42.3,32.2 / 110,32.1 / 110
14010,NC,Forward Tees,M,68,60.4,79.8,104,30.4,30.0,30.4,105,30.0,103,40.2,39.6,30.4 / 105,30.0 / 103
14010,NC,White Tees,F,72,73.6,105.4,135,36.6,37.0,36.6,133,37.0,137,52.3,53.1,36.6 / 133,37.0 / 137
14010,NC,White/Green Hybrid,F,72,72.1,103.3,132,35.9,36.2,35.9,131,36.2,133,51.4,51.9,35.9 / 131,36.2 / 133
14010,NC,Green Tees,F,72,70.9,100.5,126,35.2,35.7,35.2,126,35.7,126,50.0,50.5,35.2 / 126,35.7 / 126
14010,NC,Green/Yellow Hybrid,F,72,69.6,97.9,120,34.6,35.0,34.6,117,35.0,123,48.4,49.5,34.6 / 117,35.0 / 123
14010,NC,Yellow Tees,F,72,68.4,95.8,116,34.4,34.0,34.4,111,34.0,121,47.5,48.3,34.4 / 111,34.0 / 121
14010,NC,Forward Tees,F,72,63.2,87.9,105,32.0,31.2,32.0,101,31.2,109,43.9,44.0,32.0 / 101,31.2 / 109
100,NC,Blue Tees,M,72,70.7,94.3,127,35.4,35.3,35.4,131,35.3,123,47.6,46.7,35.4 / 131,35.3 / 123
100,NC,White Tees,M,72,68.5,91.1,122,34.4,34.1,34.4,123,34.1,121,45.8,45.3,34.4 / 123,34.1 / 121
100,NC,Gold Tees,M,72,64.7,84.9,109,32.5,32.2,32.5,117,32.2,100,43.4,41.5,32.5 / 117,32.2 / 100
100,NC,Red Tees,M,72,63.0,82.0,103,31.7,31.3,31.7,111,31.3,94,42.0,40.0,31.7 / 111,31.3 / 94
100,NC,Gold Tees,F,72,69.6,98.1,121,35.2,34.4,35.2,126,34.4,116,50.0,48.1,35.2 / 126,34.4 / 116
100,NC,Red Tees,F,72,67.1,93.7,113,34.0,33.1,34.0,120,33.1,106,48.1,45.6,34.0 / 120,33.1 / 106
387,NC,Blue Tees,M,72,71.3,94.1,123,35.5,35.8,35.5,122,35.8,124,46.8,47.3,35.5 / 122,35.8 / 124
387,NC,White Tees,M,72,68.9,90.5,116,34.6,34.3,34.6,116,34.3,116,45.4,45.1,34.6 / 116,34.3 / 116
387,NC,Yellow Tees,M,72,66.3,87.0,112,33.2,33.1,33.2,111,33.1,112,43.5,43.5,33.2 / 111,33.1 / 112
387,NC,Red Tees,M,72,63.0,81.5,100,31.8,31.2,31.8,101,31.2,98,41.2,40.3,31.8 / 101,31.2 / 98
387,NC,White Tees,F,72,74.4,105.3,131,37.4,37.0,37.4,132,37.0,130,53.0,52.3,37.4 / 132,37.0 / 130
387,NC,Yellow Tees,F,72,71.6,100.3,122,35.9,35.7,35.9,123,35.7,120,50.4,49.9,35.9 / 123,35.7 / 120
387,NC,Red Tees,F,72,67.1,93.3,111,33.7,33.4,33.7,112,33.4,110,46.9,46.4,33.7 / 112,33.4 / 110
151,NC,Blue Tees,M,71,68.4,91.1,123,33.9,34.5,33.9,122,34.5,123,45.2,45.9,33.9 / 122,34.5 / 123
151,NC,White Tees,M,71,66.9,88.7,117,33.1,33.8,33.1,117,33.8,117,44.0,44.7,33.1 / 117,33.8 / 117
151,NC,Gold Tees,M,71,65.2,86.3,114,32.3,32.9,32.3,114,32.9,113,42.9,43.4,32.3 / 114,32.9 / 113
151,NC,Red Tees,M,70,62.1,81.8,106,31.0,31.1,31.0,107,31.1,105,40.9,40.9,31.0 / 107,31.1 / 105
151,NC,White Tees,F,71,71.9,101.9,127,35.7,36.2,35.7,128,36.2,126,50.8,51.1,35.7 / 128,36.2 / 126
151,NC,Gold Tees,F,71,70.1,98.8,122,34.8,35.3,34.8,122,35.3,121,49.2,49.6,34.8 / 122,35.3 / 121
151,NC,Red Tees,F,70,66.0,92.8,114,33.1,32.9,33.1,117,32.9,110,46.9,45.9,33.1 / 117,32.9 / 110
122,NC,Black Tees,M,72,73.9,99.7,139,36.5,37.4,36.5,136,37.4,142,49.1,50.6,36.5 / 136,37.4 / 142
122,NC,Black/Blue Tees,M,72,72.8,98.3,137,35.9,36.9,35.9,133,36.9,141,48.3,50.0,35.9 / 133,36.9 / 141
122,NC,Blue Tees,M,72,72.6,97.9,136,35.8,36.8,35.8,132,36.8,140,48.1,49.8,35.8 / 132,36.8 / 140
122,NC,Blue/White Tees,M,72,72.1,97.2,135,35.6,36.5,35.6,131,36.5,139,47.8,49.4,35.6 / 131,36.5 / 139
122,NC,White Tees,M,72,70.4,95.1,133,34.9,35.5,34.9,130,35.5,136,47.0,48.1,34.9 / 130,35.5 / 136
122,NC,White/Gold Tees,M,72,68.7,92.4,128,34.2,34.5,34.2,126,34.5,129,45.9,46.5,34.2 / 126,34.5 / 129
122,NC,Gold Tees,M,72,66.5,88.8,120,32.9,33.6,32.9,118,33.6,122,43.9,44.9,32.9 / 118,33.6 / 122
122,NC,Red Tees,M,72,64.9,85.3,110,31.6,33.3,31.6,107,33.3,113,41.5,43.8,31.6 / 107,33.3 / 113
122,NC,Family Tees,M,72,61.7,80.6,102,30.3,31.4,30.3,99,31.4,104,39.5,41.1,30.3 / 99,31.4 / 104
122,NC,White Tees,F,72,76.5,109.1,138,37.9,38.6,37.9,132,38.6,144,53.5,55.6,37.9 / 132,38.6 / 144
122,NC,White/Gold Tees,F,72,74.5,106.1,134,37.2,37.3,37.2,129,37.3,139,52.4,53.7,37.2 / 129,37.3 / 139
122,NC,Gold Tees,F,72,71.9,102.1,128,35.7,36.2,35.7,123,36.2,133,50.2,51.9,35.7 / 123,36.2 / 133
122,NC,Red Tees,F,72,69.5,99.3,126,34.1,35.4,34.1,121,35.4,131,48.4,50.9,34.1 / 121,35.4 / 131
122,NC,Red/Green Tees,F,72,66.8,95.1,120,33.3,33.5,33.3,117,33.5,123,47.1,48.0,33.3 / 117,33.5 / 123
122,NC,Family Tees,F,72,64.6,92.0,117,32.0,32.6,32.0,113,32.6,120,45.3,46.7,32.0 / 113,32.6 / 120
259,NC,Blue Tees,M,72,72.6,98.9,142,36.3,36.3,36.3,138,36.3,145,49.1,49.8,36.3 / 138,36.3 / 145
259,NC,Doctor Hybrid,M,72,70.9,96.9,140,35.3,35.6,35.3,136,35.6,144,47.9,49.0,35.3 / 136,35.6 / 144
259,NC,White Tees,M,72,69.7,94.0,131,34.7,35.0,34.7,129,35.0,132,46.7,47.3,34.7 / 129,35.0 / 132
259,NC,Mountain Hybrid,M,72,69.0,92.3,126,34.2,34.8,34.2,124,34.8,127,45.7,46.6,34.2 / 124,34.8 / 127
259,NC,Green Tees,M,72,66.0,88.4,121,33.0,33.0,33.0,116,33.0,125,43.8,44.6,33.0 / 116,33.0 / 125
259,NC,Red Tees,M,72,62.9,84.3,116,31.6,31.3,31.6,109,31.3,122,41.7,42.6,31.6 / 109,31.3 / 122
259,NC,White Tees,F,72,75.3,108.9,143,37.8,37.5,37.8,137,37.5,148,53.9,55.0,37.8 / 137,37.5 / 148
259,NC,Green Tees,F,72,71.0,100.9,127,35.5,35.5,35.5,123,35.5,131,50.0,50.9,35.5 / 123,35.5 / 131
259,NC,Red Tees,F,72,67.0,95.0,119,33.6,33.4,33.6,116,33.4,121,47.3,47.7,33.6 / 116,33.4 / 121
14498,NC,Gold Tees,M,72,74.3,101.1,144,37.7,36.6,37.7,146,36.6,142,51.3,49.8,37.7 / 146,36.6 / 142
14498,NC,Gold/Blue Tees,M,72,73.1,99.4,142,37.0,36.1,37.0,143,36.1,140,50.3,49.1,37.0 / 143,36.1 / 140
14498,NC,Blue Tees,M,72,72.1,97.7,138,36.5,35.6,36.5,138,35.6,138,49.3,48.4,36.5 / 138,35.6 / 138
14498,NC,Blue/White Tees,M,72,70.6,95.6,135,35.9,34.7,35.9,135,34.7,135,48.4,47.2,35.9 / 135,34.7 / 135
14498,NC,White Tees,M,72,69.7,93.7,129,35.5,34.2,35.5,128,34.2,130,47.4,46.3,35.5 / 128,34.2 / 130
14498,NC,White/Green Tees,M,72,67.7,90.4,123,34.6,33.1,34.6,123,33.1,122,46.0,44.4,34.6 / 123,33.1 / 122
14498,NC,Green Tees,M,72,66.7,88.5,117,34.1,32.6,34.1,119,32.6,115,45.2,43.3,34.1 / 119,32.6 / 115
14498,NC,Green/Red Tees,M,72,63.7,84.7,113,32.1,31.6,32.1,115,31.6,111,42.8,41.9,32.1 / 115,31.6 / 111
14498,NC,Red Tees,M,72,61.9,82.2,110,31.2,30.7,31.2,110,30.7,109,41.4,40.8,31.2 / 110,30.7 / 109
14498,NC,Fox Tees,M,58,58.4,77.0,100,29.5,28.9,29.5,102,28.9,98,39.0,38.0,29.5 / 102,28.9 / 98
14498,NC,Short Course,M,54,51.0,65.3,77,25.4,25.6,25.4,76,25.6,77,32.5,32.8,25.4 / 76,25.6 / 77
14498,NC,Blue Tees,F,72,78.2,112.3,145,39.6,38.6,39.6,148,38.6,142,57.0,55.3,39.6 / 148,38.6 / 142
14498,NC,Blue/White Tees,F,72,76.6,109.9,141,38.8,37.8,38.8,143,37.8,139,55.7,54.2,38.8 / 143,37.8 / 139
14498,NC,White Tees,F,72,75.4,108.0,139,38.2,37.2,38.2,141,37.2,136,54.8,53.2,38.2 / 141,37.2 / 136
14498,NC,White/Green Tees,F,72,72.5,103.5,132,36.9,35.6,36.9,136,35.6,127,52.9,50.6,36.9 / 136,35.6 / 127
14498,NC,Green Tees,F,72,71.3,101.6,129,36.5,34.8,36.5,131,34.8,126,52.0,49.6,36.5 / 131,34.8 / 126
14498,NC,Green/Red Tees,F,72,67.7,95.5,118,34.0,33.7,34.0,122,33.7,114,48.4,47.1,34.0 / 122,33.7 / 114
14498,NC,Red Tees,F,72,65.7,92.4,114,33.0,32.7,33.0,119,32.7,108,47.0,45.4,33.0 / 119,32.7 / 108
14498,NC,Fox Tees,F,58,60.2,84.1,102,30.3,29.9,30.3,107,29.9,96,42.9,41.2,30.3 / 107,29.9 / 96
14498,NC,Short Course,F,54,53.7,71.6,76,26.7,27.0,26.7,76,27.0,75,35.7,35.9,26.7 / 76,27.0 / 75
165,NC,Blue Tees,M,72,71.4,95.8,131,35.5,35.9,35.5,129,35.9,133,47.5,48.3,35.5 / 129,35.9 / 133
165,NC,White Tees,M,72,69.6,92.7,125,34.9,34.7,34.9,124,34.7,125,46.4,46.3,34.9 / 124,34.7 / 125
165,NC,Gold Tees,M,72,67.7,89.4,117,34.1,33.6,34.1,116,33.6,117,44.9,44.5,34.1 / 116,33.6 / 117
165,NC,Red Tees,M,72,64.5,85.0,111,32.2,32.3,32.2,108,32.3,113,42.2,42.8,32.2 / 108,32.3 / 113
165,NC,Gold Tees,F,73,72.9,104.4,134,36.4,36.5,36.4,130,36.5,137,51.7,52.7,36.4 / 130,36.5 / 137
165,NC,Red Tees,F,73,69.8,98.0,120,34.9,34.9,34.9,118,34.9,121,48.8,49.2,34.9 / 118,34.9 / 121
314,NC,Blue Tees,M,72,71.5,96.2,133,35.2,36.3,35.2,133,36.3,132,47.6,48.6,35.2 / 133,36.3 / 132
314,NC,White Tees,M,72,68.2,90.9,122,33.6,34.6,33.6,116,34.6,128,44.4,46.5,33.6 / 116,34.6 / 128
314,NC,Gold Tees,M,72,66.0,86.9,113,32.7,33.3,32.7,112,33.3,113,43.1,43.8,32.7 / 112,33.3 / 113
314,NC,Red Tees,M,72,62.6,82.5,107,31.1,31.5,31.1,110,31.5,104,41.3,41.2,31.1 / 110,31.5 / 104
314,NC,White Tees,F,72,73.9,104.9,132,36.4,37.5,36.4,129,37.5,134,51.6,53.3,36.4 / 129,37.5 / 134
314,NC,Gold Tees,F,72,70.6,99.9,125,35.1,35.5,35.1,123,35.5,126,49.6,50.3,35.1 / 123,35.5 / 126
314,NC,Red Tees,F,72,66.7,93.4,114,33.4,33.3,33.4,114,33.3,113,46.8,46.6,33.4 / 114,33.3 / 113
160,NC,Black Tees,M,72,72.1,97.4,136,35.8,36.3,35.8,139,36.3,133,48.7,48.7,35.8 / 139,36.3 / 133
160,NC,Black/White Hybrid,M,72,71.0,95.6,132,35.4,35.6,35.4,131,35.6,133,47.6,48.0,35.4 / 131,35.6 / 133
160,NC,White Tees,M,72,70.4,94.4,129,35.0,35.4,35.0,126,35.4,132,46.7,47.7,35.0 / 126,35.4 / 132
160,NC,White/Gold Hybrid,M,72,68.5,91.1,122,34.0,34.5,34.0,118,34.5,125,45.0,46.1,34.0 / 118,34.5 / 125
160,NC,Gold Tees,M,72,67.8,89.5,117,33.7,34.1,33.7,114,34.1,119,44.3,45.2,33.7 / 114,34.1 / 119
160,NC,Red Tees,M,72,64.2,85.4,114,32.0,32.2,32.0,112,32.2,116,42.4,43.0,32.0 / 112,32.2 / 116
160,NC,Granite Tees,M,72,60.8,81.3,111,30.2,30.6,30.2,110,30.6,111,40.4,40.9,30.2 / 110,30.6 / 111
160,NC,Black Tees,F,73,78.7,113.4,147,39.0,39.7,39.0,145,39.7,149,56.1,57.3,39.0 / 145,39.7 / 149
160,NC,Black/White Hybrid,F,73,77.2,111.4,145,38.4,38.8,38.4,144,38.8,147,55.3,56.1,38.4 / 144,38.8 / 147
160,NC,White Tees,F,73,76.6,110.4,144,37.9,38.7,37.9,142,38.7,145,54.6,55.8,37.9 / 142,38.7 / 145
160,NC,White/Gold Hybrid,F,73,73.8,106.0,137,36.4,37.4,36.4,137,37.4,139,52.3,53.7,36.4 / 137,37.4 / 139
160,NC,Gold Tees,F,73,73.1,104.4,133,36.1,37.0,36.1,131,37.0,134,51.6,52.8,36.1 / 131,37.0 / 134
160,NC,Red Tees,F,73,69.3,97.7,121,34.5,34.8,34.5,118,34.8,123,48.4,49.3,34.5 / 118,34.8 / 123
160,NC,Granite Tees,F,73,65.5,91.5,111,32.5,33.0,32.5,109,33.0,112,45.3,46.2,32.5 / 109,33.0 / 112
350,NC,Black Tees,M,71,71.7,96.8,136,35.7,36.0,35.7,135,36.0,136,48.2,48.6,35.7 / 135,36.0 / 136
350,NC,Blue Tees,M,71,69.6,93.3,128,34.5,35.1,34.5,125,35.1,130,46.1,47.2,34.5 / 125,35.1 / 130
350,NC,White Hybrid,M,71,67.9,90.6,122,33.6,34.3,33.6,118,34.3,126,44.6,46.0,33.6 / 118,34.3 / 126
350,NC,Gold Tees,M,71,66.5,88.1,117,33.1,33.4,33.1,112,33.4,121,43.5,44.6,33.1 / 112,33.4 / 121
350,NC,Red Tees,M,71,63.7,84.4,112,31.8,31.9,31.8,109,31.9,114,41.9,42.5,31.8 / 109,31.9 / 114
350,NC,Blue Tees,F,71,75.0,108.0,140,37.1,37.9,37.1,142,37.9,138,53.8,54.2,37.1 / 142,37.9 / 138
350,NC,Gold Tees,F,71,71.3,101.4,128,35.2,36.1,35.2,129,36.1,126,50.4,51.0,35.2 / 129,36.1 / 126
350,NC,Red Tees,F,71,68.4,96.6,120,33.9,34.5,33.9,120,34.5,120,48.0,48.6,33.9 / 120,34.5 / 120
21,NC,Black Tees,M,72,74.9,100.4,138,37.5,37.4,37.5,137,37.4,138,50.2,50.2,37.5 / 137,37.4 / 138
21,NC,Blue Tees,M,72,73.0,97.7,133,36.5,36.5,36.5,133,36.5,132,48.9,48.8,36.5 / 133,36.5 / 132
21,NC,White Tees,M,72,69.9,93.9,129,34.8,35.1,34.8,131,35.1,127,47.0,46.9,34.8 / 131,35.1 / 127
21,NC,White/Gold Hybrid,M,72,68.2,91.4,125,34.1,34.1,34.1,126,34.1,124,45.8,45.6,34.1 / 126,34.1 / 124
21,NC,Gold Tees,M,72,66.4,88.4,118,33.1,33.3,33.1,117,33.3,119,44.0,44.4,33.1 / 117,33.3 / 119
21,NC,Gold/Red Hybrid,M,72,64.9,86.3,115,32.5,32.4,32.5,114,32.4,116,43.1,43.2,32.5 / 114,32.4 / 116
21,NC,Red Tees,M,72,63.0,83.6,111,31.4,31.6,31.4,111,31.6,111,41.7,41.9,31.4 / 111,31.6 / 111
21,NC,White Tees,F,72,75.8,108.4,139,37.7,38.1,37.7,142,38.1,135,54.4,54.0,37.7 / 142,38.1 / 135
21,NC,Gold Tees,F,72,71.8,102.3,129,35.7,36.1,35.7,132,36.1,126,51.3,51.0,35.7 / 132,36.1 / 126
21,NC,Gold/Red Hybrid,F,72,69.6,98.7,124,34.8,34.8,34.8,125,34.8,122,49.5,49.2,34.8 / 125,34.8 / 122
21,NC,Red Tees,F,72,67.2,95.0,118,33.5,33.7,33.5,120,33.7,116,47.6,47.4,33.5 / 120,33.7 / 116
348,NC,Blue Tees,M,70,69.7,93.3,127,34.9,34.8,34.9,124,34.8,130,46.4,46.9,34.9 / 124,34.8 / 130
348,NC,Blue/White Hybrid,M,70,68.2,90.9,122,34.2,34.0,34.2,119,34.0,125,45.3,45.6,34.2 / 119,34.0 / 125
348,NC,White Tees,M,70,67.6,89.9,120,33.9,33.7,33.9,117,33.7,123,44.8,45.1,33.9 / 117,33.7 / 123
348,NC,White/Red Hybrid,M,70,65.3,86.3,113,32.6,32.7,32.6,112,32.7,114,43.0,43.3,32.6 / 112,32.7 / 114
348,NC,Red Tees,M,70,64.3,84.2,107,32.0,32.3,32.0,105,32.3,109,41.8,42.4,32.0 / 105,32.3 / 109
348,NC,White Tees,F,70,72.8,103.2,129,36.3,36.5,36.3,129,36.5,129,51.5,51.7,36.3 / 129,36.5 / 129
348,NC,White/Red Hybrid,F,70,70.4,98.9,121,35.2,35.2,35.2,119,35.2,123,49.2,49.7,35.2 / 119,35.2 / 123
348,NC,Red Tees,F,70,69.0,96.4,117,34.4,34.6,34.4,113,34.6,120,47.7,48.7,34.4 / 113,34.6 / 120
415,NC,I Tees,M,72,73.6,100.5,145,36.6,37.0,36.6,143,37.0,146,49.9,50.6,36.6 / 143,37.0 / 146
415,NC,II Tees,M,72,71.1,96.4,136,35.5,35.6,35.5,133,35.6,139,47.9,48.5,35.5 / 133,35.6 / 139
415,NC,III Tees,M,72,69.6,94.1,132,34.5,35.1,34.5,129,35.1,135,46.5,47.6,34.5 / 129,35.1 / 135
415,NC,IV Tees,M,72,67.2,90.3,125,33.4,33.8,33.4,122,33.8,127,44.7,45.6,33.4 / 122,33.8 / 127
415,NC,V Tees,M,72,64.0,86.0,119,31.7,32.3,31.7,115,32.3,122,42.4,43.6,31.7 / 115,32.3 / 122
415,NC,VI Tees,M,72,61.3,82.6,115,30.5,30.8,30.5,111,30.8,118,40.8,41.8,30.5 / 111,30.8 / 118
415,NC,VII Tees,M,64,58.6,78.3,106,29.2,29.4,29.2,105,29.4,107,39.0,39.3,29.2 / 105,29.4 / 107
415,NC,II Tees,F,72,77.1,112.3,149,38.4,38.7,38.4,150,38.7,148,56.1,56.2,38.4 / 150,38.7 / 148
415,NC,III Tees,F,72,75.6,110.0,146,37.4,38.2,37.4,147,38.2,145,54.7,55.3,37.4 / 147,38.2 / 145
415,NC,IV Tees,F,72,72.5,105.0,138,35.8,36.7,35.8,138,36.7,137,52.1,52.9,35.8 / 138,36.7 / 137
415,NC,V Tees,F,72,69.1,99.5,130,34.1,35.0,34.1,129,35.0,131,49.3,50.4,34.1 / 129,35.0 / 131
415,NC,VI Tees,F,72,65.5,93.4,118,32.3,33.2,32.3,116,33.2,120,46.0,47.4,32.3 / 116,33.2 / 120
415,NC,VII Tees,F,67,60.1,85.6,108,30.0,30.1,30.0,105,30.1,111,42.4,43.2,30.0 / 105,30.1 / 111
332,NC,Gold Tees,M,71,70.4,95.0,133,34.1,36.3,34.1,129,36.3,136,46.1,48.9,34.1 / 129,36.3 / 136
332,NC,Blue Tees,M,71,69.4,93.3,129,33.6,35.8,33.6,126,35.8,131,45.3,48.0,33.6 / 126,35.8 / 131
332,NC,White Tees,M,71,67.8,91.0,125,33.1,34.7,33.1,124,34.7,126,44.6,46.4,33.1 / 124,34.7 / 126
332,NC,White/Silver Hybrid,M,71,66.1,87.9,117,32.7,33.4,32.7,116,33.4,118,43.5,44.4,32.7 / 116,33.4 / 118
332,NC,Silver Tees,M,71,64.9,85.8,113,31.8,33.1,31.8,111,33.1,114,42.1,43.7,31.8 / 111,33.1 / 114
332,NC,White Tees,F,71,73.0,105.8,139,35.6,37.4,35.6,140,37.4,138,52.1,53.7,35.6 / 140,37.4 / 138
332,NC,White/Silver Hybrid,F,71,71.0,102.6,134,34.9,36.1,34.9,136,36.1,132,50.9,51.7,34.9 / 136,36.1 / 132
332,NC,Silver Tees,F,71,69.2,99.3,128,33.9,35.3,33.9,126,35.3,130,48.7,50.6,33.9 / 126,35.3 / 130
332,NC,Orange Tees,F,71,68.1,96.6,121,33.7,34.4,33.7,121,34.4,120,48.0,48.6,33.7 / 121,34.4 / 120
332,NC,Forward Tees,F,71,65.2,91.3,111,32.3,32.9,32.3,109,32.9,113,45.1,46.2,32.3 / 109,32.9 / 113
249,NC,Black Tees,M,72,73.1,98.6,138,36.5,36.6,36.5,135,36.6,140,49.0,49.6,36.5 / 135,36.6 / 140
249,NC,Blue Tees,M,72,71.4,96.1,133,35.6,35.8,35.6,131,35.8,135,47.8,48.3,35.6 / 131,35.8 / 135
249,NC,Blue - White Hybrid,M,74,70.2,93.6,126,35.2,35.0,35.2,123,35.0,129,46.6,47.0,35.2 / 123,35.0 / 129
249,NC,White Tees,M,72,69.1,91.9,123,34.5,34.6,34.5,118,34.6,127,45.5,46.4,34.5 / 118,34.6 / 127
249,NC,Gold Tees,M,72,65.1,86.0,113,32.5,32.6,32.5,111,32.6,114,42.8,43.2,32.5 / 111,32.6 / 114
249,NC,Red Tees,M,71,63.1,82.9,107,31.5,31.6,31.5,105,31.6,108,41.3,41.6,31.5 / 105,31.6 / 108
249,NC,White Tees,F,72,75.3,107.1,135,37.6,37.7,37.6,133,37.7,137,53.3,53.8,37.6 / 133,37.7 / 137
249,NC,Gold Tees,F,72,70.8,99.9,124,35.3,35.5,35.3,122,35.5,125,49.7,50.2,35.3 / 122,35.5 / 125
249,NC,Red Tees,F,72,67.9,95.7,118,33.9,34.0,33.9,116,34.0,120,47.6,48.1,33.9 / 116,34.0 / 120
63,NC,Black Tees,M,72,75.3,100.8,138,37.5,37.8,37.5,135,37.8,140,50.0,50.8,37.5 / 135,37.8 / 140
63,NC,Blue Tees,M,72,73.5,98.3,134,36.5,37.0,36.5,130,37.0,137,48.6,49.7,36.5 / 130,37.0 / 137
63,NC,Brown Tees,M,72,71.2,95.1,129,35.3,35.9,35.3,129,35.9,128,47.3,47.8,35.3 / 129,35.9 / 128
63,NC,Green Tees,M,72,68.7,91.9,125,33.9,34.8,33.9,124,34.8,126,45.4,46.5,33.9 / 124,34.8 / 126
63,NC,White Tees,M,72,65.4,86.8,115,32.3,33.1,32.3,111,33.1,119,42.6,44.2,32.3 / 111,33.1 / 119
63,NC,Green Tees,F,72,74.6,106.4,135,36.9,37.7,36.9,132,37.7,137,52.5,53.9,36.9 / 132,37.7 / 137
63,NC,White Tees,F,72,70.4,99.5,124,34.7,35.7,34.7,122,35.7,125,49.1,50.4,34.7 / 122,35.7 / 125
374,NC,Blue Tees,M,72,72.8,96.9,130,36.4,36.4,36.4,130,36.4,129,48.5,48.4,36.4 / 130,36.4 / 129
374,NC,White Tees,M,72,70.7,94.3,127,35.3,35.4,35.3,127,35.4,127,47.1,47.2,35.3 / 127,35.4 / 127
374,NC,Gold Tees,M,72,68.0,90.5,121,33.4,34.6,33.4,118,34.6,124,44.4,46.1,33.4 / 118,34.6 / 124
374,NC,Silver Tees,M,72,65.4,86.6,114,32.4,33.0,32.4,114,33.0,114,43.0,43.6,32.4 / 114,33.0 / 114
374,NC,Gold Tees,F,72,73.7,104.4,130,36.3,37.4,36.3,126,37.4,134,51.2,53.2,36.3 / 126,37.4 / 134
374,NC,Red Tees,F,72,70.2,98.8,122,34.8,35.4,34.8,120,35.4,123,48.9,49.9,34.8 / 120,35.4 / 123
445,NC,Black Tees,M,72,73.5,98.2,133,37.0,36.5,37.0,132,36.5,133,49.3,48.9,37.0 / 132,36.5 / 133
445,NC,Blue Tees,M,72,71.1,95.4,131,35.8,35.3,35.8,131,35.3,130,48.0,47.4,35.8 / 131,35.3 / 130
445,NC,White Tees,M,72,69.7,93.3,127,35.1,34.6,35.1,127,34.6,127,46.9,46.4,35.1 / 127,34.6 / 127
445,NC,Purple Hybrid,M,72,67.9,90.6,122,34.2,33.7,34.2,125,33.7,119,45.8,44.8,34.2 / 125,33.7 / 119
445,NC,Gold Tees,M,72,66.8,88.6,117,33.5,33.3,33.5,118,33.3,116,44.5,44.1,33.5 / 118,33.3 / 116
445,NC,Red Tees,M,72,64.8,85.2,110,32.6,32.2,32.6,111,32.2,109,42.9,42.3,32.6 / 111,32.2 / 109
445,NC,Green Hybrid,M,69,61.9,81.7,107,31.3,30.6,31.3,107,30.6,107,41.2,40.5,31.3 / 107,30.6 / 107
445,NC,Teal Tees,M,66,60.4,79.9,105,30.3,30.1,30.3,104,30.1,105,40.0,39.9,30.3 / 104,30.1 / 105
445,NC,White Tees,F,72,75.9,108.3,138,38.1,37.8,38.1,138,37.8,137,54.4,53.9,38.1 / 138,37.8 / 137
445,NC,Purple Hybrid,F,72,73.8,105.1,133,37.3,36.5,37.3,135,36.5,131,53.2,51.9,37.3 / 135,36.5 / 131
445,NC,Gold Tees,F,72,72.2,102.8,130,36.3,35.9,36.3,131,35.9,128,51.8,51.0,36.3 / 131,35.9 / 128
445,NC,Red Tees,F,72,69.6,98.6,123,35.0,34.6,35.0,124,34.6,122,49.6,49.0,35.0 / 124,34.6 / 122
445,NC,Red 1-17 Teal 18,F,71,68.2,96.7,121,35.0,33.2,35.0,124,33.2,118,49.6,47.1,35.0 / 124,33.2 / 118
445,NC,Green Hybrid,F,71,65.1,91.8,113,33.1,32.0,33.1,115,32.0,111,46.7,45.1,33.1 / 115,32.0 / 111
445,NC,Teal Tees,F,71,62.5,87.8,108,31.4,31.1,31.4,108,31.1,107,44.1,43.7,31.4 / 108,31.1 / 107
6261,NC,Black Tees,M,72,73.7,98.5,134,37.1,36.6,37.1,132,36.6,135,49.4,49.1,37.1 / 132,36.6 / 135
6261,NC,Blue Tees,M,72,72.7,97.0,131,36.4,36.3,36.4,129,36.3,132,48.4,48.6,36.4 / 129,36.3 / 132
6261,NC,White Tees,M,72,70.7,94.5,128,35.4,35.3,35.4,126,35.3,130,47.1,47.4,35.4 / 126,35.3 / 130
6261,NC,Gold Tees,M,72,67.9,90.4,122,33.9,34.0,33.9,121,34.0,122,45.1,45.3,33.9 / 121,34.0 / 122
6261,NC,Red Tees,M,71,64.0,84.4,110,32.1,31.9,32.1,105,31.9,114,41.9,42.5,32.1 / 105,31.9 / 114
6261,NC,White Tees,F,72,76.7,109.5,139,38.3,38.4,38.3,136,38.4,142,54.3,55.2,38.3 / 136,38.4 / 142
6261,NC,Gold Tees,F,72,73.8,104.5,130,36.8,37.0,36.8,127,37.0,133,51.8,52.7,36.8 / 127,37.0 / 133
6261,NC,Red Tees,F,72,68.3,97.6,124,34.0,34.3,34.0,122,34.3,126,48.4,49.2,34.0 / 122,34.3 / 126
6261,NC,Red/Green Hybrid,F,72,67.3,95.3,119,33.9,33.4,33.9,119,33.4,119,47.9,47.4,33.9 / 119,33.4 / 119
56,NC,Gold Tees,M,72,73.7,99.0,136,36.8,36.9,36.8,132,36.9,140,49.1,49.9,36.8 / 132,36.9 / 140
56,NC,White Tees,M,72,70.9,95.6,133,35.2,35.7,35.2,130,35.7,136,47.3,48.3,35.2 / 130,35.7 / 136
56,NC,Black Tees,M,72,68.4,91.6,125,34.1,34.3,34.1,125,34.3,125,45.7,45.9,34.1 / 125,34.3 / 125
56,NC,Green Tees,M,72,63.9,85.3,115,31.8,32.1,31.8,115,32.1,115,42.5,42.8,31.8 / 115,32.1 / 115
56,NC,White Tees,F,73,78.0,111.6,143,38.7,39.3,38.7,139,39.3,146,55.1,56.5,38.7 / 139,39.3 / 146
56,NC,Black Tees,F,73,74.0,105.8,135,37.0,37.0,37.0,131,37.0,138,52.5,53.3,37.0 / 131,37.0 / 138
56,NC,Green Tees,F,73,69.4,98.0,121,34.4,35.0,34.4,116,35.0,126,48.1,49.9,34.4 / 116,35.0 / 126
140,NC,Black Tees,M,72,73.2,98.0,133,36.4,36.8,36.4,133,36.8,133,48.8,49.2,36.4 / 133,36.8 / 133
140,NC,Blue Tees,M,72,71.1,95.2,130,35.3,35.8,35.3,130,35.8,129,47.4,47.8,35.3 / 130,35.8 / 129
140,NC,Yellow Tees,M,72,68.6,91.8,125,34.1,34.5,34.1,127,34.5,123,45.9,45.9,34.1 / 127,34.5 / 123
140,NC,Green Tees,M,72,65.7,86.7,113,33.1,32.6,33.1,113,32.6,113,43.6,43.1,33.1 / 113,32.6 / 113
140,NC,White Tees,M,71,61.6,80.8,103,30.8,30.8,30.8,103,30.8,103,40.4,40.4,30.8 / 103,30.8 / 103
140,NC,Blue Tees,F,72,76.9,110.0,141,38.3,38.6,38.3,141,38.6,140,54.9,55.1,38.3 / 141,38.6 / 140
140,NC,Yellow Tees,F,72,74.1,105.7,134,36.9,37.2,36.9,135,37.2,133,52.8,52.9,36.9 / 135,37.2 / 133
140,NC,Green Tees,F,72,70.4,100.0,126,35.0,35.4,35.0,127,35.4,124,50.0,50.0,35.0 / 127,35.4 / 124
140,NC,White Tees,F,72,65.0,91.0,110,32.3,32.7,32.3,111,32.7,109,45.4,45.6,32.3 / 111,32.7 / 109
214,NC,Black Tees,M,72,72.6,97.0,131,36.4,36.2,36.4,132,36.2,130,48.7,48.3,36.4 / 132,36.2 / 130
214,NC,Blue Tees,M,72,70.0,93.4,126,34.9,35.1,34.9,122,35.1,130,46.2,47.2,34.9 / 122,35.1 / 130
214,NC,White Tees,M,72,68.3,90.2,118,34.5,33.8,34.5,117,33.8,118,45.4,44.8,34.5 / 117,33.8 / 118
214,NC,Gold Tees,M,72,64.1,84.0,107,32.2,31.9,32.2,110,31.9,104,42.4,41.6,32.2 / 110,31.9 / 104
214,NC,Blue Tees,F,72,75.5,106.3,131,37.6,37.9,37.6,131,37.9,131,53.0,53.3,37.6 / 131,37.9 / 131
214,NC,White Tees,F,72,73.1,102.8,126,36.9,36.2,36.9,126,36.2,126,51.8,51.0,36.9 / 126,36.2 / 126
214,NC,Gold Tees,F,72,68.3,95.1,114,34.7,33.6,34.7,114,33.6,114,48.1,47.0,34.7 / 114,33.6 / 114
214,NC,Red Tees,F,72,67.5,93.1,109,34.5,33.0,34.5,110,33.0,107,47.5,45.6,34.5 / 110,33.0 / 107
98,NC,Black Tees,M,72,73.7,99.5,139,36.9,36.8,36.9,141,36.8,137,50.0,49.5,36.9 / 141,36.8 / 137
98,NC,Magnolia Tees,M,72,72.6,97.5,134,36.2,36.4,36.2,136,36.4,132,48.8,48.7,36.2 / 136,36.4 / 132
98,NC,Blue Tees,M,72,71.0,95.6,133,35.4,35.6,35.4,135,35.6,130,47.9,47.7,35.4 / 135,35.6 / 130
98,NC,Dogwood Tees,M,72,69.1,93.1,129,34.6,34.5,34.6,133,34.5,125,47.0,46.1,34.6 / 133,34.5 / 125
98,NC,White Tees,M,72,68.2,91.1,123,34.2,34.0,34.2,129,34.0,117,46.2,44.9,34.2 / 129,34.0 / 117
98,NC,Holly Tees,M,72,67.1,89.2,119,33.8,33.3,33.8,123,33.3,115,45.2,44.0,33.8 / 123,33.3 / 115
98,NC,Yellow Tees,M,72,66.2,87.3,114,33.2,33.0,33.2,116,33.0,111,44.0,43.3,33.2 / 116,33.0 / 111
98,NC,Lantana Tees,M,72,64.4,84.9,111,32.4,32.0,32.4,113,32.0,108,42.9,42.0,32.4 / 113,32.0 / 108
98,NC,Red Tees,M,72,63.2,83.3,108,31.8,31.4,31.8,111,31.4,105,42.1,41.2,31.8 / 111,31.4 / 105
98,NC,Blue Tees,F,72,77.2,110.3,141,38.7,38.5,38.7,139,38.5,142,55.1,55.2,38.7 / 139,38.5 / 142
98,NC,Dogwood Tees,F,72,75.4,107.7,137,38.0,37.4,38.0,137,37.4,137,54.1,53.6,38.0 / 137,37.4 / 137
98,NC,White Tees,F,72,73.9,105.6,135,37.4,36.5,37.4,134,36.5,135,53.2,52.4,37.4 / 134,36.5 / 135
98,NC,Holly Tees,F,72,72.3,102.8,129,36.5,35.8,36.5,131,35.8,127,52.0,50.8,36.5 / 131,35.8 / 127
98,NC,Yellow Tees,F,72,71.1,100.8,126,35.7,35.4,35.7,130,35.4,122,51.0,49.8,35.7 / 130,35.4 / 122
98,NC,Lantana Tees,F,72,68.7,97.2,121,34.6,34.1,34.6,124,34.1,118,49.2,48.0,34.6 / 124,34.1 / 118
98,NC,Red Tees,F,72,66.6,94.0,116,33.6,33.0,33.6,120,33.0,112,47.8,46.2,33.6 / 120,33.0 / 112
258,NC,Championship,M,70,74.8,102.4,149,37.2,37.6,37.2,146,37.6,151,50.8,51.6,37.2 / 146,37.6 / 151
258,NC,Back (Black),M,70,72.7,99.4,144,36.1,36.6,36.1,143,36.6,144,49.4,50.0,36.1 / 143,36.6 / 144
258,NC,Back/Middle Hybrid,M,70,71.2,97.1,140,35.4,35.8,35.4,139,35.8,140,48.3,48.8,35.4 / 139,35.8 / 140
258,NC,Middle (White),M,70,69.6,94.5,134,34.6,35.0,34.6,133,35.0,135,47.0,47.5,34.6 / 133,35.0 / 135
258,NC,Forward (Orange),M,70,67.8,91.6,128,33.8,34.0,33.8,127,34.0,129,45.6,46.0,33.8 / 127,34.0 / 129
258,NC,Green,M,70,64.6,86.2,116,32.1,32.5,32.1,115,32.5,117,42.8,43.4,32.1 / 115,32.5 / 117
258,NC,Middle (White),F,70,75.7,110.9,149,37.6,38.1,37.6,149,38.1,149,55.2,55.7,37.6 / 149,38.1 / 149
258,NC,Forward (Orange),F,70,73.3,107.3,144,36.4,36.9,36.4,143,36.9,145,53.3,54.0,36.4 / 143,36.9 / 145
258,NC,Green,F,70,69.1,100.0,131,34.3,34.8,34.3,127,34.8,135,49.3,50.7,34.3 / 127,34.8 / 135
25,NC,Gold Tees,M,72,73.2,98.8,138,36.6,36.6,36.6,139,36.6,137,49.5,49.3,36.6 / 139,36.6 / 137
25,NC,Blue Tees,M,72,71.3,96.5,136,35.9,35.4,35.9,136,35.4,136,48.5,48.0,35.9 / 136,35.4 / 136
25,NC,White Tees,M,72,68.6,92.0,126,34.3,34.3,34.3,126,34.3,126,46.0,46.0,34.3 / 126,34.3 / 126
25,NC,Green Tees,M,70,65.1,86.1,113,32.0,33.1,32.0,111,33.1,115,42.3,43.8,32.0 / 111,33.1 / 115
25,NC,Red Tees,M,70,64.4,85.2,112,31.8,32.6,31.8,110,32.6,114,42.0,43.2,31.8 / 110,32.6 / 114
25,NC,White Tees,F,72,74.9,107.1,137,37.4,37.5,37.4,136,37.5,137,53.4,53.7,37.4 / 136,37.5 / 137
25,NC,Green Tees,F,71,70.1,99.1,123,34.5,35.6,34.5,120,35.6,126,48.6,50.5,34.5 / 120,35.6 / 126
25,NC,Red Tees,F,71,69.4,98.0,122,34.2,35.2,34.2,118,35.2,125,48.1,49.9,34.2 / 118,35.2 / 125
13808,NC,Dormie Tees,M,71,74.8,100.8,140,37.2,37.6,37.2,137,37.6,143,49.9,50.9,37.2 / 137,37.6 / 143
13808,NC,Black Tees,M,71,72.8,98.4,138,36.1,36.7,36.1,136,36.7,140,48.7,49.7,36.1 / 136,36.7 / 140
13808,NC,White Tees,M,71,68.8,92.8,129,34.2,34.6,34.2,128,34.6,130,46.1,46.7,34.2 / 128,34.6 / 130
13808,NC,Red Tees,M,71,65.1,85.8,112,32.4,32.7,32.4,109,32.7,114,42.5,43.3,32.4 / 109,32.7 / 114
13808,NC,Black Tees,F,73,78.9,113.6,147,38.9,40.0,38.9,146,40.0,148,56.1,57.5,38.9 / 146,40.0 / 148
13808,NC,White Tees,F,71,74.8,107.3,138,36.9,37.9,36.9,137,37.9,139,53.0,54.3,36.9 / 137,37.9 / 139
13808,NC,Red Tees,F,71,69.2,98.6,125,34.2,35.0,34.2,123,35.0,126,48.7,49.9,34.2 / 123,35.0 / 126
431,NC,Black Tees,M,72,72.2,97.3,135,35.8,36.4,35.8,137,36.4,133,48.5,48.8,35.8 / 137,36.4 / 133
431,NC,Black/Blue Hybrid,M,72,70.9,95.4,132,35.3,35.6,35.3,132,35.6,131,47.6,47.8,35.3 / 132,35.6 / 131
431,NC,Blue Tees,M,72,70.0,93.9,129,34.6,35.4,34.6,127,35.4,130,46.4,47.5,34.6 / 127,35.4 / 130
431,NC,Blue/White Hybrid,M,72,69.4,91.9,121,34.4,35.0,34.4,124,35.0,118,45.9,46.0,34.4 / 124,35.0 / 118
431,NC,White Tees,M,72,68.1,89.6,116,33.7,34.4,33.7,116,34.4,115,44.5,45.1,33.7 / 116,34.4 / 115
431,NC,White/Green Hybrid,M,72,66.4,86.3,107,33.1,33.3,33.1,111,33.3,103,43.4,42.9,33.1 / 111,33.3 / 103
431,NC,Green Tees,M,72,64.8,84.1,104,32.4,32.4,32.4,105,32.4,102,42.2,41.9,32.4 / 105,32.4 / 102
431,NC,Green/Gold Hybrid,M,69,62.8,81.3,100,31.6,31.2,31.6,101,31.2,98,41.0,40.3,31.6 / 101,31.2 / 98
431,NC,Gold Tees,M,68,60.5,78.2,96,30.3,30.2,30.3,98,30.2,93,39.4,38.8,30.3 / 98,30.2 / 93
431,NC,Blue Tees,F,72,76.1,108.8,139,37.5,38.6,37.5,140,38.6,137,54.0,54.8,37.5 / 140,38.6 / 137
431,NC,Blue/White Hybrid,F,72,75.2,107.2,136,37.2,38.0,37.2,138,38.0,133,53.5,53.7,37.2 / 138,38.0 / 133
431,NC,White Tees,F,72,72.9,103.9,132,35.9,37.0,35.9,132,37.0,131,51.5,52.4,35.9 / 132,37.0 / 131
431,NC,White/Green Hybrid,F,72,71.1,100.4,125,35.5,35.6,35.5,131,35.6,118,50.9,49.5,35.5 / 131,35.6 / 118
431,NC,Green Tees,F,72,69.4,97.4,119,34.7,34.7,34.7,124,34.7,114,49.3,48.1,34.7 / 124,34.7 / 114
431,NC,Green/Gold Hybrid,F,72,66.8,93.1,112,33.4,33.4,33.4,116,33.4,107,47.1,46.0,33.4 / 116,33.4 / 107
431,NC,Gold Tees,F,72,63.9,88.5,105,32.0,31.9,32.0,106,31.9,103,44.5,44.0,32.0 / 106,31.9 / 103
354,NC,Black Tees,M,72,75.2,102.2,145,37.3,37.9,37.3,145,37.9,145,50.8,51.4,37.3 / 145,37.9 / 145
354,NC,Black/Gold Hybrid,M,72,74.5,101.3,144,37.0,37.5,37.0,144,37.5,144,50.4,50.9,37.0 / 144,37.5 / 144
354,NC,Gold Tees,M,72,73.8,100.1,142,36.7,37.1,36.7,142,37.1,141,49.9,50.2,36.7 / 142,37.1 / 141
354,NC,Gold/Blue Hybrid,M,72,72.8,98.4,138,36.3,36.5,36.3,141,36.5,135,49.4,49.0,36.3 / 141,36.5 / 135
354,NC,Blue Tees,M,72,71.8,97.1,136,35.9,35.9,35.9,140,35.9,132,48.9,48.2,35.9 / 140,35.9 / 132
354,NC,Blue/White Hybrid,M,72,70.7,95.6,134,35.5,35.2,35.5,139,35.2,129,48.4,47.2,35.5 / 139,35.2 / 129
354,NC,White Tees,M,72,70.3,94.3,129,35.3,35.0,35.3,133,35.0,125,47.7,46.6,35.3 / 133,35.0 / 125
354,NC,White/Green Hybrid,M,72,68.8,92.3,127,34.8,34.0,34.8,131,34.0,122,47.0,45.3,34.8 / 131,34.0 / 122
354,NC,Green Tees,M,72,66.5,89.5,124,33.4,33.1,33.4,130,33.1,117,45.5,44.0,33.4 / 130,33.1 / 117
354,NC,Gold Tees,F,75,79.9,116.0,153,39.7,40.2,39.7,152,40.2,154,57.6,58.4,39.7 / 152,40.2 / 154
354,NC,Gold/Blue Hybrid,F,74,79.3,114.8,151,39.5,39.8,39.5,149,39.8,152,57.1,57.7,39.5 / 149,39.8 / 152
354,NC,Blue Tees,F,74,78.1,113.1,148,39.1,39.0,39.1,148,39.0,148,56.6,56.5,39.1 / 148,39.0 / 148
354,NC,Blue/White Hybrid,F,74,77.0,111.3,146,38.7,38.3,38.7,145,38.3,146,55.8,55.5,38.7 / 145,38.3 / 146
354,NC,White Tees,F,74,76.1,110.0,144,38.2,37.9,38.2,144,37.9,143,55.2,54.8,38.2 / 144,37.9 / 143
354,NC,White/Green Hybrid,F,74,73.8,105.9,136,37.5,36.3,37.5,137,36.3,135,53.7,52.2,37.5 / 137,36.3 / 135
354,NC,Green Tees,F,74,72.0,103.0,131,36.4,35.6,36.4,131,35.6,131,51.9,51.1,36.4 / 131,35.6 / 131
13690,NC,Blue Tees,M,72,70.1,92.5,121,35.1,35.0,35.1,118,35.0,123,46.1,46.4,35.1 / 118,35.0 / 123
13690,NC,White Tees,M,72,68.3,90.2,118,34.2,34.1,34.2,116,34.1,119,45.0,45.2,34.2 / 116,34.1 / 119
13690,NC,Gold Tees,M,72,65.7,85.9,109,33.3,32.4,33.3,107,32.4,111,43.2,42.7,33.3 / 107,32.4 / 111
13690,NC,Red Tees,M,69,63.1,82.4,104,31.6,31.5,31.6,100,31.5,108,40.9,41.5,31.6 / 100,31.5 / 108
13690,NC,Purple Tees,M,72,60.1,78.3,98,29.9,30.2,29.9,96,30.2,100,38.8,39.5,29.9 / 96,30.2 / 100
13690,NC,White Tees,F,72,74.1,104.1,128,37.2,36.9,37.2,126,36.9,129,52.0,52.1,37.2 / 126,36.9 / 129
13690,NC,Gold Tees,F,72,70.6,98.9,120,35.8,34.8,35.8,120,34.8,120,49.9,49.0,35.8 / 120,34.8 / 120
13690,NC,Red Tees,F,72,67.3,93.8,112,33.7,33.6,33.7,110,33.6,114,46.7,47.1,33.7 / 110,33.6 / 114
13690,NC,Purple Tees,F,72,62.8,86.9,102,31.3,31.5,31.3,101,31.5,103,43.2,43.7,31.3 / 101,31.5 / 103
164,NC,Blue Tees,M,72,72.2,98.0,139,36.2,36.0,36.2,140,36.0,138,49.2,48.8,36.2 / 140,36.0 / 138
164,NC,Tourney Tees,M,72,70.5,95.6,136,35.2,35.3,35.2,136,35.3,135,47.8,47.8,35.2 / 136,35.3 / 135
164,NC,White Tees,M,72,68.8,92.5,128,34.5,34.3,34.5,129,34.3,126,46.5,46.0,34.5 / 129,34.3 / 126
164,NC,White/Gold Hybrid,M,72,67.2,90.4,125,33.9,33.3,33.9,126,33.3,124,45.6,44.8,33.9 / 126,33.3 / 124
164,NC,Gold Tees,M,72,65.7,87.3,116,33.0,32.7,33.0,115,32.7,117,43.7,43.6,33.0 / 115,32.7 / 117
164,NC,Red Tees,M,72,64.1,85.1,113,32.2,31.9,32.2,112,31.9,114,42.6,42.5,32.2 / 112,31.9 / 114
164,NC,White Tees,F,72,74.9,107.3,138,37.5,37.4,37.5,138,37.4,137,53.8,53.5,37.5 / 138,37.4 / 137
164,NC,White/Gold Hybrid,F,72,73.3,103.9,130,36.8,36.5,36.8,131,36.5,129,52.2,51.7,36.8 / 131,36.5 / 129
164,NC,Gold Tees,F,72,70.6,100.0,125,35.1,35.5,35.1,128,35.5,121,50.2,49.8,35.1 / 128,35.5 / 121
164,NC,Red Tees,F,72,68.9,96.9,119,34.5,34.4,34.5,119,34.4,119,48.5,48.4,34.5 / 119,34.4 / 119
201,NC,Blue Tees,M,72,71.6,93.7,119,36.1,35.5,36.1,117,35.5,121,47.0,46.7,36.1 / 117,35.5 / 121
201,NC,White Tees,M,72,69.7,91.0,115,35.0,34.7,35.0,113,34.7,116,45.5,45.5,35.0 / 113,34.7 / 116
201,NC,Gold Tees,M,72,67.6,87.9,110,33.6,34.0,33.6,109,34.0,110,43.7,44.2,33.6 / 109,34.0 / 110
201,NC,Silver Tees,M,72,65.4,85.0,105,32.4,33.0,32.4,105,33.0,105,42.2,42.8,32.4 / 105,33.0 / 105
201,NC,Red Tees,M,72,63.5,82.0,100,31.8,31.7,31.8,100,31.7,99,41.1,40.9,31.8 / 100,31.7 / 99
201,NC,White Tees,F,72,75.5,104.9,125,38.0,37.5,38.0,123,37.5,126,52.5,52.4,38.0 / 123,37.5 / 126
201,NC,Gold Tees,F,72,72.9,101.6,122,36.4,36.5,36.4,120,36.5,123,50.6,51.0,36.4 / 120,36.5 / 123
201,NC,Silver Tees,F,72,70.7,97.4,113,35.2,35.5,35.2,111,35.5,115,48.3,49.1,35.2 / 111,35.5 / 115
201,NC,Red Tees,F,72,68.1,93.2,107,34.2,33.9,34.2,108,33.9,105,46.9,46.3,34.2 / 108,33.9 / 105
197,NC,Black Tees,M,72,76.1,102.8,144,37.8,38.3,37.8,145,38.3,142,51.3,51.5,37.8 / 145,38.3 / 142
197,NC,Green Tees,M,72,73.2,98.7,138,36.3,36.9,36.3,138,36.9,137,49.1,49.6,36.3 / 138,36.9 / 137
197,NC,Blue Tees,M,72,71.2,96.3,136,35.3,35.9,35.3,136,35.9,135,47.9,48.4,35.3 / 136,35.9 / 135
197,NC,EP Tees,M,72,69.5,93.4,129,34.1,35.4,34.1,124,35.4,133,45.6,47.8,34.1 / 124,35.4 / 133
197,NC,Yellow Tees,M,72,68.5,91.4,124,33.7,34.8,33.7,121,34.8,126,44.9,46.5,33.7 / 121,34.8 / 126
197,NC,Yellow/Red Hybrid,M,72,66.8,88.9,119,33.1,33.7,33.1,117,33.7,121,44.0,44.9,33.1 / 117,33.7 / 121
197,NC,Red Tees,M,72,65.9,87.3,115,32.6,33.3,32.6,111,33.3,119,42.9,44.4,32.6 / 111,33.3 / 119
197,NC,Yellow Tees,F,72,73.6,105.2,134,36.0,37.6,36.0,129,37.6,139,51.2,54.0,36.0 / 129,37.6 / 139
197,NC,Yellow/Red Hybrid,F,72,71.6,102.1,130,35.5,36.1,35.5,128,36.1,131,50.6,51.5,35.5 / 128,36.1 / 131
197,NC,Red Tees,F,72,70.6,100.4,127,34.8,35.8,34.8,126,35.8,127,49.6,50.8,34.8 / 126,35.8 / 127
34106,NC,Back Tees,M,27,27.8,36.5,94,27.8,,27.8,94,,,36.5,,27.8 / 94,/
34106,NC,Member Tees,M,27,27.0,35.3,89,27.0,,27.0,89,,,35.3,,27.0 / 89,/
34106,NC,Forward Tees,M,27,25.2,32.5,79,25.2,,25.2,79,,,32.5,,25.2 / 79,/
34106,NC,Back Tees,F,27,29.1,40.5,97,29.1,,29.1,97,,,40.5,,29.1 / 97,/
34106,NC,Member Tees,F,27,28.1,39.2,94,28.1,,28.1,94,,,39.2,,28.1 / 94,/
34106,NC,Forward Tees,F,27,26.6,36.2,81,26.6,,26.6,81,,,36.2,,26.6 / 81,/
423,NC,Black Tees,M,71,73.4,99.0,138,36.2,37.2,36.2,137,37.2,139,48.9,50.1,36.2 / 137,37.2 / 139
423,NC,Blue Tees,M,71,71.6,96.6,135,35.3,36.3,35.3,133,36.3,136,47.7,48.9,35.3 / 133,36.3 / 136
423,NC,White Tees,M,71,69.3,93.5,130,34.2,35.1,34.2,128,35.1,132,46.1,47.4,34.2 / 128,35.1 / 132
423,NC,Gold Tees,M,71,67.4,90.5,125,33.0,34.4,33.0,125,34.4,124,44.6,45.9,33.0 / 125,34.4 / 124
423,NC,Red Tees,M,71,64.8,85.6,112,31.9,32.9,31.9,109,32.9,115,42.0,43.6,31.9 / 109,32.9 / 115
423,NC,Gold Tees,F,71,72.8,105.0,137,35.6,37.2,35.6,134,37.2,139,51.5,53.5,35.6 / 134,37.2 / 139
423,NC,Red Tees,F,71,69.1,98.3,124,33.7,35.4,33.7,122,35.4,126,48.1,50.2,33.7 / 122,35.4 / 126
154,NC,Gold Tees,M,72,74.2,100.9,144,37.8,36.4,37.8,140,36.4,147,50.8,50.1,37.8 / 140,36.4 / 147
154,NC,Gold/Blue Hybrid,M,72,72.4,98.0,138,36.8,35.6,36.8,135,35.6,141,49.3,48.7,36.8 / 135,35.6 / 141
154,NC,Blue Tees,M,72,70.9,95.9,135,35.7,35.2,35.7,132,35.2,137,48.0,47.9,35.7 / 132,35.2 / 137
154,NC,Blue/Nicklaus Hybrid,M,72,70.0,94.5,132,35.1,34.9,35.1,131,34.9,132,47.3,47.2,35.1 / 131,34.9 / 132
154,NC,Nicklaus Tees,M,72,69.4,93.5,130,35.0,34.4,35.0,128,34.4,131,46.9,46.6,35.0 / 128,34.4 / 131
154,NC,Nicklaus/White Hybrid,M,72,67.9,91.1,125,34.2,33.7,34.2,125,33.7,125,45.8,45.3,34.2 / 125,33.7 / 125
154,NC,White Tees,M,72,66.8,89.3,122,33.5,33.3,33.5,122,33.3,121,44.8,44.5,33.5 / 122,33.3 / 121
154,NC,Red Tees,M,72,64.9,86.3,115,32.5,32.4,32.5,116,32.4,114,43.3,43.0,32.5 / 116,32.4 / 114
154,NC,Bear Tees,M,72,62.1,82.7,111,31.2,30.9,31.2,110,30.9,112,41.4,41.3,31.2 / 110,30.9 / 112
154,NC,White Tees,F,72,72.1,102.8,131,36.4,35.7,36.4,131,35.7,130,51.8,51.0,36.4 / 131,35.7 / 130
154,NC,Red Tees,F,72,69.1,98.9,127,34.8,34.3,34.8,127,34.3,126,49.8,49.1,34.8 / 127,34.3 / 126
154,NC,Bear Tees,F,72,65.2,92.9,118,32.8,32.4,32.8,120,32.4,115,46.9,46.0,32.8 / 120,32.4 / 115
330,NC,Emerald Tees,M,72,73.8,98.6,134,36.4,37.4,36.4,130,37.4,137,48.5,50.1,36.4 / 130,37.4 / 137
330,NC,Black Tees,M,72,71.8,96.0,130,35.6,36.2,35.6,129,36.2,131,47.6,48.4,35.6 / 129,36.2 / 131
330,NC,Blue Tees,M,72,70.1,93.6,127,34.8,35.3,34.8,125,35.3,128,46.4,47.2,34.8 / 125,35.3 / 128
330,NC,Blue/White Hybrid,M,72,68.9,91.7,123,34.4,34.5,34.4,121,34.5,125,45.6,46.1,34.4 / 121,34.5 / 125
330,NC,White Tees,M,72,67.0,88.8,118,33.3,33.7,33.3,114,33.7,121,43.9,44.9,33.3 / 114,33.7 / 121
330,NC,Gold Tees,M,72,63.6,83.6,108,31.6,32.0,31.6,107,32.0,109,41.5,42.1,31.6 / 107,32.0 / 109
330,NC,Red Tees,M,72,61.1,80.5,104,30.3,30.8,30.3,103,30.8,105,39.9,40.6,30.3 / 103,30.8 / 105
330,NC,Blue Tees,F,72,75.6,107.4,135,37.6,38.0,37.6,136,38.0,134,53.6,53.8,37.6 / 136,38.0 / 134
330,NC,Blue/White Hybrid,F,72,74.2,105.2,132,37.1,37.1,37.1,133,37.1,130,52.8,52.4,37.1 / 133,37.1 / 130
330,NC,White Tees,F,72,71.9,101.8,127,35.6,36.3,35.6,127,36.3,126,50.6,51.2,35.6 / 127,36.3 / 126
330,NC,Gold Tees,F,72,68.0,95.5,117,33.8,34.2,33.8,113,34.2,120,47.1,48.4,33.8 / 113,34.2 / 120
330,NC,Red Tees,F,72,64.9,90.4,108,32.2,32.7,32.2,105,32.7,111,44.6,45.8,32.2 / 105,32.7 / 111
313,NC,Emerald Tees,M,71,71.8,97.0,136,35.4,36.4,35.4,130,36.4,141,47.5,49.5,35.4 / 130,36.4 / 141
313,NC,Blue Tees,M,71,70.0,94.6,133,34.3,35.7,34.3,127,35.7,138,46.1,48.5,34.3 / 127,35.7 / 138
313,NC,White Tees,M,71,66.7,89.3,122,32.8,33.9,32.8,116,33.9,127,43.6,45.7,32.8 / 116,33.9 / 127
313,NC,Red Tees,M,70,63.9,83.9,108,31.6,32.3,31.6,102,32.3,113,41.1,42.8,31.6 / 102,32.3 / 113
313,NC,White Tees,F,71,72.7,103.7,132,35.6,37.1,35.6,128,37.1,135,50.7,53.0,35.6 / 128,37.1 / 135
313,NC,Red Tees,F,71,68.5,96.6,119,33.8,34.7,33.8,115,34.7,123,47.4,49.2,33.8 / 115,34.7 / 123
240,NC,Black Tees,M,72,74.1,99.6,138,36.8,37.3,36.8,138,37.3,137,49.6,50.0,36.8 / 138,37.3 / 137
240,NC,Blue Tees,M,72,73.1,97.9,134,36.3,36.8,36.3,135,36.8,132,48.8,49.1,36.3 / 135,36.8 / 132
240,NC,White Tees,M,72,70.6,94.2,127,35.6,35.0,35.6,127,35.0,127,47.4,46.8,35.6 / 127,35.0 / 127
240,NC,Green Tees,M,72,67.2,89.1,118,33.8,33.4,33.8,119,33.4,116,44.9,44.2,33.8 / 119,33.4 / 116
240,NC,Red Tees,M,72,63.0,83.3,110,32.0,31.0,32.0,110,31.0,109,42.2,41.1,32.0 / 110,31.0 / 109
240,NC,White Tees,F,73,76.5,108.8,137,38.7,37.8,38.7,139,37.8,135,55.1,53.7,38.7 / 139,37.8 / 135
240,NC,Green Tees,F,73,72.4,102.6,129,36.6,35.8,36.6,131,35.8,126,52.0,50.6,36.6 / 131,35.8 / 126
240,NC,Red Tees,F,73,67.2,95.0,118,34.4,32.8,34.4,120,32.8,116,48.5,46.5,34.4 / 120,32.8 / 116
171,NC,Blue Tees,M,72,70.1,92.5,121,34.8,35.3,34.8,121,35.3,121,46.0,46.5,34.8 / 121,35.3 / 121
171,NC,White Tees,M,72,68.2,89.5,115,34.1,34.1,34.1,114,34.1,115,44.7,44.8,34.1 / 114,34.1 / 115
171,NC,Gold Tees,M,72,64.1,82.6,100,32.0,32.1,32.0,101,32.1,98,41.4,41.2,32.0 / 101,32.1 / 98
171,NC,Red Tees,M,72,63.4,80.8,94,31.4,32.0,31.4,95,32.0,93,40.2,40.6,31.4 / 95,32.0 / 93
171,NC,White Tees,F,72,74.0,103.4,125,37.0,37.0,37.0,122,37.0,127,51.4,52.0,37.0 / 122,37.0 / 127
171,NC,Gold Tees,F,72,68.4,94.8,112,34.3,34.1,34.3,109,34.1,114,47.2,47.6,34.3 / 109,34.1 / 114
171,NC,Red Tees,F,72,66.9,92.6,109,33.2,33.7,33.2,108,33.7,110,45.9,46.7,33.2 / 108,33.7 / 110
88,NC,Blue Tees,M,71,70.5,93.1,122,35.5,35.0,35.5,128,35.0,115,47.4,45.7,35.5 / 128,35.0 / 115
88,NC,White Tees,M,71,69.2,91.5,120,34.9,34.3,34.9,123,34.3,117,46.3,45.2,34.9 / 123,34.3 / 117
88,NC,Gold Tees,M,71,65.7,86.6,113,33.3,32.4,33.3,114,32.4,111,43.9,42.7,33.3 / 114,32.4 / 111
88,NC,Red Tees,M,71,63.9,83.8,107,32.5,31.4,32.5,109,31.4,105,42.6,41.2,32.5 / 109,31.4 / 105
88,NC,Gold Tees,F,71,71.5,99.9,121,36.0,35.5,36.0,123,35.5,118,50.5,49.4,36.0 / 123,35.5 / 118
88,NC,Red Tees,F,71,68.7,96.5,118,35.0,33.7,35.0,121,33.7,114,49.3,47.2,35.0 / 121,33.7 / 114
261,NC,Gold Tees,M,72,74.1,99.9,139,37.1,37.0,37.1,135,37.0,143,49.6,50.3,37.1 / 135,37.0 / 143
261,NC,Gold/Blue Hybrid,M,72,72.9,98.1,136,36.5,36.4,36.5,133,36.4,138,48.9,49.2,36.5 / 133,36.4 / 138
261,NC,Blue Tees,M,72,71.9,96.9,135,35.9,36.0,35.9,132,36.0,137,48.2,48.7,35.9 / 132,36.0 / 137
261,NC,Blue/White Hybrid,M,72,70.3,94.9,133,34.9,35.4,34.9,130,35.4,135,47.0,47.9,34.9 / 130,35.4 / 135
261,NC,White Tees,M,72,68.9,92.5,127,34.1,34.8,34.1,125,34.8,129,45.7,46.8,34.1 / 125,34.8 / 129
261,NC,White/Red Hybrid,M,72,68.9,92.1,125,34.1,34.8,34.1,123,34.8,127,45.5,46.6,34.1 / 123,34.8 / 127
261,NC,Red Tees,M,72,65.9,87.3,115,32.6,33.3,32.6,114,33.3,116,43.2,44.1,32.6 / 114,33.3 / 116
261,NC,White Tees,F,72,75.0,107.3,137,37.1,37.9,37.1,131,37.9,143,52.5,54.8,37.1 / 131,37.9 / 143
261,NC,White/Red Hybrid,F,72,72.9,103.9,132,36.1,36.8,36.1,130,36.8,133,51.4,52.5,36.1 / 130,36.8 / 133
261,NC,Red tees,F,72,71.0,101.3,129,35.3,35.7,35.3,129,35.7,128,50.5,50.8,35.3 / 129,35.7 / 128
51,NC,Blue Tees,M,71,69.7,93.7,129,33.7,36.0,33.7,128,36.0,130,45.6,48.1,33.7 / 128,36.0 / 130
51,NC,White Tees,M,71,67.3,89.8,121,33.1,34.2,33.1,123,34.2,119,44.5,45.3,33.1 / 123,34.2 / 119
51,NC,Gold Tees,M,71,66.2,86.4,109,32.6,33.6,32.6,109,33.6,109,42.7,43.7,32.6 / 109,33.6 / 109
51,NC,Gold Tees,F,71,71.0,100.8,127,34.7,36.3,34.7,123,36.3,130,49.2,51.6,34.7 / 123,36.3 / 130
51,NC,Red Tees,F,71,68.2,94.8,113,32.7,35.5,32.7,109,35.5,117,45.5,49.3,32.7 / 109,35.5 / 117
462,NC,Black Tees,M,70,74.6,100.8,141,36.6,38.0,36.6,140,38.0,142,49.6,51.2,36.6 / 140,38.0 / 142
462,NC,Gold Tees,M,70,72.1,97.3,136,35.6,36.5,35.6,136,36.5,136,48.2,49.1,35.6 / 136,36.5 / 136
462,NC,Gold/Blue Hybrid,M,70,70.5,95.2,133,34.7,35.8,34.7,132,35.8,133,47.0,48.2,34.7 / 132,35.8 / 133
462,NC,Blue Tees,M,70,69.6,93.8,130,34.2,35.4,34.2,130,35.4,130,46.3,47.5,34.2 / 130,35.4 / 130
462,NC,Blue/White Hybrid,M,70,68.0,91.5,127,33.5,34.5,33.5,126,34.5,127,45.2,46.3,33.5 / 126,34.5 / 127
462,NC,White Tees,M,70,67.2,90.0,123,33.0,34.2,33.0,123,34.2,123,44.4,45.6,33.0 / 123,34.2 / 123
462,NC,White/Green Hybrid,M,70,66.1,87.7,116,32.7,33.4,32.7,118,33.4,114,43.7,44.0,32.7 / 118,33.4 / 114
462,NC,Green Tees,M,70,65.0,86.2,114,32.0,33.0,32.0,116,33.0,112,42.8,43.4,32.0 / 116,33.0 / 112
462,NC,Green/Silver Hybrid,M,70,63.6,84.3,112,31.3,32.3,31.3,114,32.3,109,41.9,42.4,31.3 / 114,32.3 / 109
462,NC,Silver Tees,M,70,62.6,83.0,110,30.8,31.8,30.8,113,31.8,107,41.3,41.7,30.8 / 113,31.8 / 107
462,NC,Gold Tees,F,73,78.7,113.1,146,38.5,40.2,38.5,145,40.2,147,55.6,57.5,38.5 / 145,40.2 / 147
462,NC,Gold/Blue Hybrid,F,70,77.1,110.8,143,37.7,39.4,37.7,142,39.4,143,54.5,56.3,37.7 / 142,39.4 / 143
462,NC,Blue Tees,F,70,75.7,108.7,140,37.0,38.7,37.0,139,38.7,141,53.4,55.3,37.0 / 139,38.7 / 141
462,NC,Blue/White Hybrid,F,70,73.8,106.1,137,36.0,37.8,36.0,137,37.8,137,52.2,53.9,36.0 / 137,37.8 / 137
462,NC,White Tees,F,70,72.4,103.8,133,35.4,37.0,35.4,133,37.0,133,51.1,52.7,35.4 / 133,37.0 / 133
462,NC,White/Green Hybrid,F,70,70.7,101.1,129,34.8,35.9,34.8,131,35.9,127,50.2,50.9,34.8 / 131,35.9 / 127
462,NC,Green Tees,F,70,69.7,99.4,126,34.4,35.3,34.4,126,35.3,126,49.3,50.1,34.4 / 126,35.3 / 126
462,NC,Green/Silver Hybrid,F,70,67.8,96.6,122,33.3,34.5,33.3,122,34.5,122,47.7,48.9,33.3 / 122,34.5 / 122
462,NC,Silver Tees,F,70,66.2,94.2,119,32.4,33.8,32.4,118,33.8,120,46.3,47.9,32.4 / 118,33.8 / 120
222,NC,Blue-Blue Tees,M,72,70.4,94.6,130,35.2,35.2,35.2,130,35.2,130,47.3,47.3,35.2 / 130,35.2 / 130
222,NC,White-Blue Tees,M,72,69.5,93.2,128,34.3,35.2,34.3,125,35.2,130,45.9,47.3,34.3 / 125,35.2 / 130
222,NC,White-White Tees,M,72,68.6,91.8,125,34.3,34.3,34.3,125,34.3,125,45.9,45.9,34.3 / 125,34.3 / 125
222,NC,Black-White Tees,M,72,68.0,90.7,122,33.7,34.3,33.7,119,34.3,125,44.8,45.9,33.7 / 119,34.3 / 125
222,NC,Black-Black Tees,M,72,67.4,89.6,119,33.7,33.7,33.7,119,33.7,119,44.8,44.8,33.7 / 119,33.7 / 119
222,NC,Yellow-Black Tees,M,72,65.6,86.3,111,31.9,33.7,31.9,103,33.7,119,41.5,44.8,31.9 / 103,33.7 / 119
222,NC,Yellow-Yellow Tees,M,72,63.8,83.0,103,31.9,31.9,31.9,103,31.9,103,41.5,41.5,31.9 / 103,31.9 / 103
222,NC,Black-Black Tees,F,72,72.8,103.0,128,36.4,36.4,36.4,128,36.4,128,51.5,51.5,36.4 / 128,36.4 / 128
222,NC,Yellow-Yellow Tees,F,72,68.6,97.0,120,34.3,34.3,34.3,120,34.3,120,48.5,48.5,34.3 / 120,34.3 / 120
222,NC,Red-Red Tees,F,72,65.2,91.2,110,32.6,32.6,32.6,110,32.6,110,45.6,45.6,32.6 / 110,32.6 / 110
114,NC,Championship Tees,M,72,74.8,101.7,145,37.4,37.4,37.4,143,37.4,146,50.7,51.0,37.4 / 143,37.4 / 146
114,NC,Cone/L Hybrid,M,72,73.7,100.2,143,37.0,36.7,37.0,142,36.7,143,50.2,50.0,37.0 / 142,36.7 / 143
114,NC,Long Tees,M,72,72.6,98.8,141,36.4,36.2,36.4,140,36.2,142,49.4,49.4,36.4 / 140,36.2 / 142
114,NC,Creek Hybrid,M,72,71.4,97.2,139,35.8,35.6,35.8,138,35.6,140,48.6,48.6,35.8 / 138,35.6 / 140
114,NC,Intermediate Tees,M,72,70.5,95.5,135,35.2,35.3,35.2,132,35.3,137,47.5,48.0,35.2 / 132,35.3 / 137
114,NC,I/M Hybrid,M,72,69.5,94.0,132,34.8,34.7,34.8,130,34.7,133,46.9,47.1,34.8 / 130,34.7 / 133
114,NC,Medium Tees,M,72,68.9,92.7,128,34.3,34.6,34.3,127,34.6,129,46.1,46.6,34.3 / 127,34.6 / 129
114,NC,Forest Hybrid,M,72,66.5,89.4,124,33.2,33.3,33.2,123,33.3,124,44.6,44.8,33.2 / 123,33.3 / 124
114,NC,Short Tees,M,72,64.5,85.3,112,32.1,32.4,32.1,111,32.4,113,42.4,42.9,32.1 / 111,32.4 / 113
114,NC,X Tees,M,72,60.5,79.7,103,30.3,30.2,30.3,104,30.2,102,40.0,39.7,30.3 / 104,30.2 / 102
114,NC,Long Tees,F,72,79.3,114.7,151,39.7,39.6,39.7,148,39.6,153,57.1,57.6,39.7 / 148,39.6 / 153
114,NC,Creek Hybrid,F,72,78.0,112.6,147,39.1,38.9,39.1,144,38.9,149,56.1,56.5,39.1 / 144,38.9 / 149
114,NC,Intermediate Tees,F,72,76.7,111.0,145,38.3,38.4,38.3,142,38.4,148,55.1,55.9,38.3 / 142,38.4 / 148
114,NC,I/M Hybrid,F,72,75.6,109.1,142,37.9,37.7,37.9,140,37.7,144,54.4,54.7,37.9 / 140,37.7 / 144
114,NC,Medium Tees,F,72,74.6,107.6,140,37.1,37.5,37.1,137,37.5,143,53.2,54.4,37.1 / 137,37.5 / 143
114,NC,Forest Hybrid,F,72,72.1,103.5,134,36.1,36.0,36.1,131,36.0,136,51.5,52.0,36.1 / 131,36.0 / 136
114,NC,Short Tees,F,72,69.2,98.3,124,34.4,34.8,34.4,123,34.8,124,48.9,49.4,34.4 / 123,34.8 / 124
114,NC,Short/X Hybrid,F,72,65.5,92.8,116,32.9,32.6,32.9,116,32.6,115,46.6,46.2,32.9 / 116,32.6 / 115
114,NC,X Tees,F,72,62.4,88.1,109,31.4,31.0,31.4,109,31.0,109,44.3,43.8,31.4 / 109,31.0 / 109
135,NC,Championship Tees,M,72,74.0,99.9,140,36.4,37.6,36.4,139,37.6,140,49.3,50.6,36.4 / 139,37.6 / 140
135,NC,Cone/L Hybrid,M,72,73.0,98.3,137,36.1,36.9,36.1,136,36.9,137,48.7,49.6,36.1 / 136,36.9 / 137
135,NC,Long Tees,M,72,72.0,97.1,136,35.4,36.6,35.4,135,36.6,136,47.9,49.2,35.4 / 135,36.6 / 136
135,NC,Creek Hybrid,M,72,71.2,96.1,134,35.1,36.1,35.1,133,36.1,135,47.5,48.6,35.1 / 133,36.1 / 135
135,NC,Intermediate Tees,M,72,70.2,94.7,132,34.5,35.7,34.5,129,35.7,134,46.5,48.2,34.5 / 129,35.7 / 134
135,NC,I/M Hybrid,M,72,69.5,93.7,130,34.2,35.3,34.2,127,35.3,133,46.0,47.7,34.2 / 127,35.3 / 133
135,NC,Medium Tees,M,72,68.8,92.3,127,33.9,34.9,33.9,124,34.9,129,45.4,46.9,33.9 / 124,34.9 / 129
135,NC,Forest Hybrid,M,72,66.6,88.7,119,32.9,33.7,32.9,114,33.7,124,43.5,45.2,32.9 / 114,33.7 / 124
135,NC,Short Tees,M,72,65.2,86.0,112,32.1,33.1,32.1,104,33.1,119,41.8,44.2,32.1 / 104,33.1 / 119
135,NC,X Tees,M,72,60.1,79.3,104,30.1,30.0,30.1,100,30.0,107,39.4,39.9,30.1 / 100,30.0 / 107
135,NC,Long Tees,F,72,78.7,112.8,145,38.7,40.0,38.7,143,40.0,146,55.6,57.2,38.7 / 143,40.0 / 146
135,NC,Creek Hybrid,F,72,77.8,111.4,143,38.3,39.5,38.3,142,39.5,143,55.0,56.4,38.3 / 142,39.5 / 143
135,NC,Intermediate Tees,F,72,76.6,109.6,140,37.6,39.0,37.6,138,39.0,142,53.9,55.7,37.6 / 138,39.0 / 142
135,NC,I/M Hybrid,F,72,75.6,108.2,138,37.2,38.4,37.2,137,38.4,139,53.4,54.8,37.2 / 137,38.4 / 139
135,NC,Medium Tees,F,72,74.5,106.4,136,36.6,37.9,36.6,134,37.9,137,52.4,54.0,36.6 / 134,37.9 / 137
135,NC,Forest Hybrid,F,72,71.7,102.2,130,35.2,36.5,35.2,126,36.5,133,50.0,52.2,35.2 / 126,36.5 / 133
135,NC,Short Tees,F,72,70.2,98.8,121,34.4,35.8,34.4,116,35.8,126,48.1,50.7,34.4 / 116,35.8 / 126
135,NC,Short/X Hybrid,F,72,66.3,92.9,113,32.7,33.6,32.7,109,33.6,117,45.5,47.4,32.7 / 109,33.6 / 117
135,NC,X Tees,F,72,62.8,87.6,105,31.6,31.2,31.6,103,31.2,107,43.8,43.8,31.6 / 103,31.2 / 107
83,NC,Championship Tees,M,72,75.0,101.4,142,37.7,37.3,37.7,143,37.3,141,51.0,50.4,37.7 / 143,37.3 / 141
83,NC,Blue Tees,M,72,73.4,99.2,139,36.8,36.6,36.8,139,36.6,139,49.7,49.5,36.8 / 139,36.6 / 139
83,NC,Blue/White Hybrid,M,72,72.0,97.2,136,36.1,35.9,36.1,138,35.9,133,48.9,48.3,36.1 / 138,35.9 / 133
83,NC,White Tees,M,72,70.6,95.1,132,35.5,35.1,35.5,133,35.1,130,47.9,47.2,35.5 / 133,35.1 / 130
83,NC,White/Yellow Hybrid,M,72,69.3,92.9,127,34.9,34.4,34.9,127,34.4,127,46.7,46.2,34.9 / 127,34.4 / 127
83,NC,Yellow Tees,M,72,68.2,90.7,121,34.1,34.1,34.1,125,34.1,117,45.7,45.0,34.1 / 125,34.1 / 117
83,NC,Yellow/Red Hybrid,M,72,66.5,88.3,118,33.2,33.3,33.2,123,33.3,112,44.6,43.7,33.2 / 123,33.3 / 112
83,NC,Red Tees,M,72,64.4,84.7,110,32.0,32.4,32.0,112,32.4,107,42.4,42.3,32.0 / 112,32.4 / 107
83,NC,White Tees,F,72,76.7,108.9,137,38.4,38.3,38.4,138,38.3,135,54.7,54.2,38.4 / 138,38.3 / 135
83,NC,White/Yellow Hybrid,F,72,75.0,106.3,133,37.6,37.4,37.6,134,37.4,131,53.4,52.9,37.6 / 134,37.4 / 131
83,NC,Yellow Tees,F,72,73.4,104.0,130,36.8,36.6,36.8,131,36.6,129,52.2,51.8,36.8 / 131,36.6 / 129
83,NC,Yellow/Red Hybrid,F,72,71.1,101.1,127,35.5,35.6,35.5,128,35.6,126,50.6,50.5,35.5 / 128,35.6 / 126
83,NC,Red Tees,F,72,69.0,97.2,120,34.4,34.6,34.4,116,34.6,123,48.1,49.1,34.4 / 116,34.6 / 123
34841,NC,Red Tees,M,70,72.2,96.9,133,36.4,35.8,36.4,131,35.8,135,48.6,48.3,36.4 / 131,35.8 / 135
34841,NC,Red/Black Hybrid,M,70,71.5,95.7,130,36.1,35.4,36.1,127,35.4,133,47.9,47.8,36.1 / 127,35.4 / 133
34841,NC,Black Tees,M,70,71.2,95.2,129,35.9,35.3,35.9,126,35.3,132,47.6,47.6,35.9 / 126,35.3 / 132
34841,NC,Black/Blue Hybrid,M,70,70.5,94.2,128,35.6,34.9,35.6,125,34.9,130,47.2,47.0,35.6 / 125,34.9 / 130
34841,NC,Blue Tees,M,70,69.8,93.2,126,35.3,34.5,35.3,124,34.5,128,46.8,46.4,35.3 / 124,34.5 / 128
34841,NC,Blue/White Hybrid,M,70,68.3,91.5,125,34.2,34.1,34.2,123,34.1,127,45.6,45.9,34.2 / 123,34.1 / 127
34841,NC,White Tees,M,70,67.2,89.9,123,33.8,33.4,33.8,122,33.4,123,45.1,44.8,33.8 / 122,33.4 / 123
34841,NC,White/Green Hybrid,M,70,65.5,86.8,115,32.4,33.1,32.4,109,33.1,121,42.5,44.3,32.4 / 109,33.1 / 121
34841,NC,Green Tees,M,70,64.7,85.6,112,31.8,32.9,31.8,106,32.9,118,41.7,43.9,31.8 / 106,32.9 / 118
34841,NC,Green/Bronze Hybrid,M,70,63.6,84.1,110,31.5,32.1,31.5,105,32.1,115,41.3,42.8,31.5 / 105,32.1 / 115
34841,NC,Bronze Tees,M,70,62.7,83.0,109,31.1,31.6,31.1,104,31.6,114,40.8,42.2,31.1 / 104,31.6 / 114
34841,NC,Blue Tees,F,70,75.9,107.5,134,38.3,37.6,38.3,138,37.6,130,54.6,52.9,38.3 / 138,37.6 / 130
34841,NC,Blue/White Hybrid,F,70,74.0,104.3,129,37.0,37.0,37.0,128,37.0,129,52.1,52.2,37.0 / 128,37.0 / 129
34841,NC,White Tees,F,70,72.6,102.4,127,36.6,36.0,36.6,127,36.0,126,51.6,50.8,36.6 / 127,36.0 / 126
34841,NC,White/Green Hybrid,F,70,70.1,98.7,122,34.4,35.7,34.4,119,35.7,124,48.4,50.3,34.4 / 119,35.7 / 124
34841,NC,Green Tees,F,70,69.0,97.1,119,33.6,35.4,33.6,115,35.4,123,47.2,49.9,33.6 / 115,35.4 / 123
34841,NC,Green/Bronze Hybrid,F,70,67.6,94.8,115,33.2,34.4,33.2,109,34.4,121,46.1,48.7,33.2 / 109,34.4 / 121
34841,NC,Bronze Tees,F,70,66.3,92.8,112,32.7,33.6,32.7,109,33.6,115,45.6,47.2,32.7 / 109,33.6 / 115
450,NC,Red Tees,M,71,72.4,97.3,134,36.6,35.8,36.6,133,35.8,135,49.0,48.3,36.6 / 133,35.8 / 135
450,NC,Red/Black Hybrid,M,71,71.6,96.3,133,36.2,35.4,36.2,132,35.4,133,48.5,47.8,36.2 / 132,35.4 / 133
450,NC,Black Tees,M,71,71.3,95.7,131,36.0,35.3,36.0,130,35.3,132,48.1,47.6,36.0 / 130,35.3 / 132
450,NC,Black/Blue Hybrid,M,71,70.6,94.7,130,35.7,34.9,35.7,129,34.9,130,47.7,47.0,35.7 / 129,34.9 / 130
450,NC,Blue Tees,M,71,69.9,93.7,128,35.4,34.5,35.4,128,34.5,128,47.3,46.4,35.4 / 128,34.5 / 128
450,NC,Blue/White Hybrid,M,71,68.3,91.6,126,34.2,34.1,34.2,124,34.1,127,45.7,45.9,34.2 / 124,34.1 / 127
450,NC,White Tees,M,71,67.2,89.9,123,33.8,33.4,33.8,122,33.4,123,45.1,44.8,33.8 / 122,33.4 / 123
450,NC,White/Green Hybrid,M,71,65.9,87.3,116,32.8,33.1,32.8,110,33.1,121,43.0,44.3,32.8 / 110,33.1 / 121
450,NC,Green Tees,M,71,65.2,86.1,113,32.3,32.9,32.3,107,32.9,118,42.2,43.9,32.3 / 107,32.9 / 118
450,NC,Green/Bronze Hybrid,M,71,63.8,84.4,111,31.7,32.1,31.7,106,32.1,115,41.6,42.8,31.7 / 106,32.1 / 115
450,NC,Bronze Tees,M,71,62.9,83.3,110,31.3,31.6,31.3,105,31.6,114,41.1,42.2,31.3 / 105,31.6 / 114
450,NC,Blue Tees,F,71,76.2,107.9,135,38.6,37.6,38.6,139,37.6,130,55.0,52.9,38.6 / 139,37.6 / 130
450,NC,Blue/White Hybrid,F,71,74.0,104.3,129,37.0,37.0,37.0,128,37.0,129,52.1,52.2,37.0 / 128,37.0 / 129
450,NC,White Tees,F,71,72.6,102.4,127,36.6,36.0,36.6,127,36.0,126,51.6,50.8,36.6 / 127,36.0 / 126
450,NC,White/Green Hybrid,F,71,70.8,99.9,124,35.1,35.7,35.1,123,35.7,124,49.6,50.3,35.1 / 123,35.7 / 124
450,NC,Green Tees,F,71,69.7,98.3,122,34.3,35.4,34.3,120,35.4,123,48.4,49.9,34.3 / 120,35.4 / 123
450,NC,Green/Bronze Hybrid,F,71,68.0,95.9,118,33.6,34.4,33.6,115,34.4,121,47.2,48.7,33.6 / 115,34.4 / 121
450,NC,Bronze Tees,F,71,66.7,93.6,114,33.1,33.6,33.1,113,33.6,115,46.4,47.2,33.1 / 113,33.6 / 115
161,NC,Red Tees,M,72,70.8,95.6,134,36.1,34.7,36.1,136,34.7,131,48.7,46.9,36.1 / 136,34.7 / 131
161,NC,White Tees,M,72,69.6,93.4,128,35.5,34.1,35.5,131,34.1,125,47.7,45.7,35.5 / 131,34.1 / 125
161,NC,Blue Tees,M,72,66.6,87.4,112,33.8,32.8,33.8,114,32.8,110,44.4,43.0,33.8 / 114,32.8 / 110
161,NC,Green Tees,M,72,64.4,84.7,109,32.5,31.9,32.5,115,31.9,103,43.2,41.5,32.5 / 115,31.9 / 103
161,NC,White Tees,F,72,75.8,107.5,135,38.8,37.0,38.8,141,37.0,128,55.4,52.1,38.8 / 141,37.0 / 128
161,NC,Blue Tees,F,72,71.3,101.4,128,36.2,35.1,36.2,130,35.1,126,51.5,49.9,36.2 / 130,35.1 / 126
161,NC,Green Tees,F,72,69.3,98.0,122,35.3,34.0,35.3,121,34.0,122,49.6,48.4,35.3 / 121,34.0 / 122
20913,NC,Red Tees,M,72,71.9,95.5,127,36.0,35.9,36.0,125,35.9,129,47.6,47.9,36.0 / 125,35.9 / 129
20913,NC,White Tees,M,72,70.5,93.1,122,35.4,35.1,35.4,119,35.1,124,46.5,46.6,35.4 / 119,35.1 / 124
20913,NC,Blue Tees,M,72,67.4,89.1,117,33.5,33.9,33.5,117,33.9,116,44.4,44.7,33.5 / 117,33.9 / 116
20913,NC,Green Tees,M,72,64.3,84.6,110,32.2,32.1,32.2,108,32.1,112,42.2,42.4,32.2 / 108,32.1 / 112
20913,NC,White Tees,F,72,76.6,108.3,135,38.5,38.1,38.5,134,38.1,136,54.2,54.1,38.5 / 134,38.1 / 136
20913,NC,Blue Tees,F,72,73.2,102.7,125,36.3,36.9,36.3,124,36.9,126,51.0,51.7,36.3 / 124,36.9 / 126
20913,NC,Green Tees,F,72,69.1,96.2,115,34.7,34.4,34.7,116,34.4,114,48.3,47.9,34.7 / 116,34.4 / 114
378,NC,Blue Tees,M,72,73.4,98.1,133,36.6,36.8,36.6,129,36.8,137,48.6,49.5,36.6 / 129,36.8 / 137
378,NC,White Tees,M,72,71.1,95.2,130,35.3,35.8,35.3,128,35.8,131,47.2,48.0,35.3 / 128,35.8 / 131
378,NC,White/Gold Hybrid,M,72,69.4,93.0,127,34.5,34.9,34.5,127,34.9,127,46.3,46.7,34.5 / 127,34.9 / 127
378,NC,Gold Tees,M,72,68.5,91.5,124,34.1,34.4,34.1,124,34.4,124,45.6,45.9,34.1 / 124,34.4 / 124
378,NC,Red Tees,M,72,66.2,87.5,115,33.2,33.0,33.2,114,33.0,115,43.8,43.7,33.2 / 114,33.0 / 115
378,NC,Red/Green Hybrid,M,72,64.3,84.9,111,32.5,31.8,32.5,111,31.8,111,42.8,42.1,32.5 / 111,31.8 / 111
378,NC,Green Tees,M,72,63.7,83.8,109,32.2,31.5,32.2,110,31.5,107,42.4,41.4,32.2 / 110,31.5 / 107
378,NC,White Tees,F,72,77.2,109.8,139,38.4,38.8,38.4,136,38.8,141,54.4,55.4,38.4 / 136,38.8 / 141
378,NC,Gold Tees,F,72,74.1,105.1,132,37.0,37.1,37.0,129,37.1,134,52.2,52.9,37.0 / 129,37.1 / 134
378,NC,Red Tees,F,72,71.1,100.8,126,35.7,35.4,35.7,123,35.4,129,50.2,50.6,35.7 / 123,35.4 / 129
378,NC,Red/Green Hybrid,F,67,68.6,97.1,121,34.7,33.9,34.7,119,33.9,123,48.7,48.4,34.7 / 119,33.9 / 123
378,NC,Green Tees,F,72,67.7,95.3,117,34.3,33.4,34.3,116,33.4,118,48.0,47.3,34.3 / 116,33.4 / 118
379,NC,Blue Tees,M,72,73.5,98.5,135,37.2,36.3,37.2,136,36.3,133,49.8,48.7,37.2 / 136,36.3 / 133
379,NC,White Tees,M,72,71.4,95.7,131,35.9,35.5,35.9,130,35.5,131,48.0,47.7,35.9 / 130,35.5 / 131
379,NC,White/Gold Hybrid,M,72,69.2,93.0,128,34.7,34.5,34.7,129,34.5,127,46.7,46.3,34.7 / 129,34.5 / 127
379,NC,Gold Tees,M,72,67.5,90.6,125,33.9,33.6,33.9,127,33.6,122,45.7,44.9,33.9 / 127,33.6 / 122
379,NC,Red Tees,M,72,65.6,86.9,115,32.7,32.9,32.7,116,32.9,113,43.5,43.4,32.7 / 116,32.9 / 113
379,NC,Red/Green Hybrid,M,72,63.7,84.3,111,31.7,32.0,31.7,112,32.0,110,42.1,42.2,31.7 / 112,32.0 / 110
379,NC,Green Tees,M,72,63.1,83.4,110,31.3,31.8,31.3,110,31.8,109,41.5,41.9,31.3 / 110,31.8 / 109
379,NC,White Tees,F,72,77.7,110.7,140,39.2,38.5,39.2,142,38.5,138,55.9,54.8,39.2 / 142,38.5 / 138
379,NC,Gold Tees,F,72,73.5,104.4,131,37.1,36.4,37.1,132,36.4,130,52.7,51.7,37.1 / 132,36.4 / 130
379,NC,Red Tees,F,72,70.8,100.5,126,35.3,35.5,35.3,127,35.5,125,50.3,50.2,35.3 / 127,35.5 / 125
379,NC,Red/Green Hybrid,F,72,68.1,96.7,122,33.9,34.2,33.9,119,34.2,124,47.9,48.8,33.9 / 119,34.2 / 124
379,NC,Green Tees,F,72,66.8,94.8,119,33.1,33.7,33.1,114,33.7,123,46.6,48.2,33.1 / 114,33.7 / 123
192,NC,White-Blue,M,71,65.7,87.2,116,32.6,33.1,32.6,113,33.1,118,43.1,44.1,32.6 / 113,33.1 / 118
192,NC,Gold-White,M,71,63.9,84.1,109,31.8,32.1,31.8,108,32.1,110,41.8,42.3,31.8 / 108,32.1 / 110
192,NC,Red-Gold,F,71,66.4,92.5,111,32.9,33.5,32.9,105,33.5,116,45.3,47.2,32.9 / 105,33.5 / 116
404,NC,Gold Tees,M,72,74.0,99.4,137,37.0,37.0,37.0,136,37.0,138,49.6,49.8,37.0 / 136,37.0 / 138
404,NC,Gold/Blue Hybrid,M,72,73.1,98.3,136,36.6,36.5,36.6,135,36.5,137,49.1,49.2,36.6 / 135,36.5 / 137
404,NC,Blue Tees,M,72,72.1,97.0,134,36.0,36.1,36.0,133,36.1,135,48.4,48.6,36.0 / 133,36.1 / 135
404,NC,Blue/Green Hybrid,M,72,71.1,95.4,131,35.4,35.7,35.4,129,35.7,132,47.4,48.0,35.4 / 129,35.7 / 132
404,NC,Green Tees,M,72,70.4,94.4,129,35.2,35.2,35.2,127,35.2,131,47.0,47.4,35.2 / 127,35.2 / 131
404,NC,Green/White Hybrid,M,72,69.2,92.6,126,34.5,34.7,34.5,122,34.7,130,45.8,46.8,34.5 / 122,34.7 / 130
404,NC,White Tees,M,72,68.5,91.5,124,34.4,34.1,34.4,121,34.1,127,45.6,45.9,34.4 / 121,34.1 / 127
404,NC,White/Red Hybrid,M,72,65.8,87.5,117,33.2,32.6,33.2,115,32.6,118,43.9,43.6,33.2 / 115,32.6 / 118
404,NC,Red Tees,M,72,65.2,86.5,115,33.0,32.2,33.0,112,32.2,117,43.4,43.1,33.0 / 112,32.2 / 117
404,NC,Yellow Tees,M,72,61.8,80.8,102,30.9,30.9,30.9,104,30.9,100,40.6,40.2,30.9 / 104,30.9 / 100
404,NC,White Tees,F,72,74.1,106.1,136,36.9,37.2,36.9,135,37.2,137,52.8,53.3,36.9 / 135,37.2 / 137
404,NC,Red Tees,F,72,70.7,100.1,125,35.5,35.2,35.5,129,35.2,120,50.7,49.4,35.5 / 129,35.2 / 120
404,NC,Yellow Tees,F,72,64.5,91.1,113,32.1,32.4,32.1,114,32.4,112,45.5,45.6,32.1 / 114,32.4 / 112
292,NC,Black Tees,M,72,74.1,99.0,134,36.9,37.2,36.9,130,37.2,138,49.0,50.0,36.9 / 130,37.2 / 138
292,NC,Blue Tees,M,72,71.6,96.0,132,35.7,35.9,35.7,128,35.9,135,47.6,48.4,35.7 / 128,35.9 / 135
292,NC,White Tees,M,72,70.0,93.8,128,34.8,35.2,34.8,125,35.2,131,46.4,47.4,34.8 / 125,35.2 / 131
292,NC,Gold Tees,M,72,67.7,90.2,121,33.6,34.1,33.6,119,34.1,123,44.7,45.5,33.6 / 119,34.1 / 123
292,NC,Red Tees,M,72,66.2,88.1,118,33.1,33.1,33.1,117,33.1,118,44.0,44.1,33.1 / 117,33.1 / 118
292,NC,White Tees,F,72,76.0,107.5,134,37.9,38.1,37.9,133,38.1,134,53.6,53.9,37.9 / 133,38.1 / 134
292,NC,Gold Tees,F,72,73.3,103.5,128,36.5,36.8,36.5,127,36.8,129,51.5,52.0,36.5 / 127,36.8 / 129
292,NC,Red Tees,F,72,71.8,101.2,125,35.9,35.9,35.9,126,35.9,124,50.7,50.5,35.9 / 126,35.9 / 124
389,NC,Blue Tees,M,72,70.5,94.8,131,35.8,34.7,35.8,136,34.7,126,48.4,46.4,35.8 / 136,34.7 / 126
389,NC,White Tees,M,72,69.4,93.1,128,35.1,34.3,35.1,132,34.3,123,47.4,45.7,35.1 / 132,34.3 / 123
389,NC,Gold Tees,M,70,64.8,84.7,108,32.2,32.6,32.2,108,32.6,107,42.2,42.5,32.2 / 108,32.6 / 107
389,NC,White Tees,F,72,76.0,106.8,131,38.6,37.4,38.6,131,37.4,130,54.1,52.7,38.6 / 131,37.4 / 130
389,NC,Gold Tees,F,72,69.4,97.7,120,34.6,34.8,34.6,119,34.8,121,48.6,49.1,34.6 / 119,34.8 / 121
389,NC,Red Tees,F,72,69.1,97.1,119,34.4,34.7,34.4,117,34.7,120,48.2,48.9,34.4 / 117,34.7 / 120
239,NC,Blue Tees,M,72,70.4,95.1,133,35.2,35.2,35.2,136,35.2,130,47.8,47.3,35.2 / 136,35.2 / 130
239,NC,White Tees,M,72,69.3,93.2,129,34.6,34.7,34.6,130,34.7,127,46.7,46.5,34.6 / 130,34.7 / 127
239,NC,Gold Tees,M,72,67.4,90.0,122,33.4,34.0,33.4,126,34.0,117,45.1,44.9,33.4 / 126,34.0 / 117
239,NC,Red Tees,M,68,62.9,83.0,108,31.6,31.3,31.6,114,31.3,102,42.2,40.8,31.6 / 114,31.3 / 102
239,NC,White Tees,F,72,75.2,106.3,132,37.7,37.5,37.7,135,37.5,129,53.6,52.7,37.7 / 135,37.5 / 129
239,NC,Gold Tees,F,72,73.1,102.6,126,36.3,36.8,36.3,131,36.8,120,51.7,50.9,36.3 / 131,36.8 / 120
239,NC,Red Tees,F,70,67.1,93.4,112,34.2,32.9,34.2,118,32.9,105,48.1,45.3,34.2 / 118,32.9 / 105
117,NC,Gold Tees,M,72,70.4,94.4,130,35.1,35.3,35.1,124,35.3,135,46.6,47.8,35.1 / 124,35.3 / 135
117,NC,Blue Tees,M,72,69.4,92.8,126,34.4,35.0,34.4,119,35.0,132,45.5,47.3,34.4 / 119,35.0 / 132
117,NC,White Tees,M,72,67.6,89.9,120,33.5,34.1,33.5,115,34.1,125,44.2,45.7,33.5 / 115,34.1 / 125
117,NC,Red Tees,M,72,64.6,85.3,111,32.1,32.5,32.1,105,32.5,117,41.9,43.4,32.1 / 105,32.5 / 117
117,NC,Family 2 Tees,M,72,61.4,80.9,105,30.3,31.1,30.3,100,31.1,110,39.6,41.3,30.3 / 100,31.1 / 110
117,NC,Legends Tees,M,72,57.9,75.6,96,28.9,29.0,28.9,94,29.0,97,37.6,38.0,28.9 / 94,29.0 / 97
117,NC,Blue Tees,F,72,75.2,107.2,136,37.3,37.9,37.3,131,37.9,140,52.8,54.4,37.3 / 131,37.9 / 140
117,NC,White Tees,F,72,73.4,104.3,131,36.4,37.0,36.4,127,37.0,135,51.4,52.9,36.4 / 127,37.0 / 135
117,NC,Red Tees,F,72,69.5,98.0,121,34.6,34.9,34.6,119,34.9,123,48.6,49.4,34.6 / 119,34.9 / 123
117,NC,Family 2 Tees,F,72,65.2,91.6,112,32.3,32.9,32.3,109,32.9,114,45.2,46.4,32.3 / 109,32.9 / 114
117,NC,Legends Tees,F,72,60.1,82.3,95,29.9,30.2,29.9,95,30.2,95,41.0,41.3,29.9 / 95,30.2 / 95
23600,NC,Black Tees,M,72,73.8,100.2,142,37.7,36.1,37.7,147,36.1,137,51.4,48.8,37.7 / 147,36.1 / 137
23600,NC,Gold Tees,M,72,72.7,98.6,140,36.7,36.0,36.7,143,36.0,136,50.0,48.6,36.7 / 143,36.0 / 136
23600,NC,Blue Tees,M,72,71.2,96.1,134,36.2,35.0,36.2,135,35.0,133,48.7,47.4,36.2 / 135,35.0 / 133
23600,NC,Blue/White,M,72,70.2,94.9,133,35.5,34.7,35.5,133,34.7,132,47.9,47.0,35.5 / 133,34.7 / 132
23600,NC,White Tees,M,72,69.3,93.7,131,35.1,34.2,35.1,132,34.2,130,47.4,46.3,35.1 / 132,34.2 / 130
23600,NC,White/Green,M,72,67.0,90.8,128,34.0,33.0,34.0,131,33.0,125,46.2,44.6,34.0 / 131,33.0 / 125
23600,NC,Green Tees,M,72,66.2,89.3,125,33.3,32.9,33.3,125,32.9,124,44.9,44.4,33.3 / 125,32.9 / 124
23600,NC,Red Tees,M,72,65.1,87.8,123,32.8,32.3,32.8,124,32.3,121,44.3,43.5,32.8 / 124,32.3 / 121
23600,NC,White Tees,F,72,75.2,108.2,140,38.1,37.1,38.1,145,37.1,135,55.2,53.0,38.1 / 145,37.1 / 135
23600,NC,White/Green,F,72,72.6,104.4,135,36.7,35.9,36.7,142,35.9,128,53.4,51.0,36.7 / 142,35.9 / 128
23600,NC,Green Tees,F,72,71.8,103.0,132,36.0,35.8,36.0,138,35.8,126,52.3,50.7,36.0 / 138,35.8 / 126
23600,NC,Red Tees,F,72,70.1,100.7,130,35.3,34.8,35.3,137,34.8,123,51.4,49.3,35.3 / 137,34.8 / 123
23599,NC,Black Tees,M,72,75.0,101.5,143,37.3,37.7,37.3,138,37.7,147,50.1,51.4,37.3 / 138,37.7 / 147
23599,NC,Gold Tees,M,72,73.3,99.2,140,36.6,36.7,36.6,136,36.7,143,49.2,50.0,36.6 / 136,36.7 / 143
23599,NC,Blue Tees,M,72,71.9,96.9,135,35.7,36.2,35.7,135,36.2,135,48.2,48.7,35.7 / 135,36.2 / 135
23599,NC,Blue/White,M,72,70.8,95.3,132,35.3,35.5,35.3,130,35.5,133,47.4,47.9,35.3 / 130,35.5 / 133
23599,NC,White Tees,M,72,69.9,94.2,131,34.8,35.1,34.8,129,35.1,132,46.8,47.4,34.8 / 129,35.1 / 132
23599,NC,White/Green,M,72,67.9,91.8,129,33.9,34.0,33.9,126,34.0,131,45.6,46.2,33.9 / 126,34.0 / 131
23599,NC,Green Tees,M,72,67.0,89.8,123,33.7,33.3,33.7,121,33.3,125,44.9,44.9,33.7 / 121,33.3 / 125
23599,NC,Red Tees,M,72,65.7,88.3,122,32.9,32.8,32.9,119,32.8,124,44.0,44.3,32.9 / 119,32.8 / 124
23599,NC,Silver Tees,M,72,62.4,83.5,114,31.1,31.3,31.1,112,31.3,115,41.5,42.0,31.1 / 112,31.3 / 115
23599,NC,White Tees,F,72,75.8,109.1,141,37.7,38.1,37.7,137,38.1,145,53.9,55.2,37.7 / 137,38.1 / 145
23599,NC,White/Green,F,72,73.3,105.7,138,36.6,36.7,36.6,133,36.7,142,52.3,53.4,36.6 / 133,36.7 / 142
23599,NC,Green Tees,F,72,72.2,103.9,135,36.2,36.0,36.2,131,36.0,138,51.6,52.3,36.2 / 131,36.0 / 138
23599,NC,Red Tees,F,72,70.7,101.7,132,35.4,35.3,35.4,126,35.3,137,50.3,51.4,35.4 / 126,35.3 / 137
23599,NC,Silver Tees,F,72,66.3,94.8,121,33.2,33.1,33.2,116,33.1,126,46.9,47.9,33.2 / 116,33.1 / 126
23601,NC,Black Tees,M,72,73.4,98.9,138,36.1,37.3,36.1,137,37.3,138,48.8,50.1,36.1 / 137,37.3 / 138
23601,NC,Gold Tees,M,72,72.6,97.8,136,36.0,36.6,36.0,136,36.6,136,48.6,49.2,36.0 / 136,36.6 / 136
23601,NC,Blue Tees,M,72,70.7,95.6,134,35.0,35.7,35.0,133,35.7,135,47.4,48.2,35.0 / 133,35.7 / 135
23601,NC,Blue/White,M,72,70.0,94.4,131,34.7,35.3,34.7,132,35.3,130,47.0,47.4,34.7 / 132,35.3 / 130
23601,NC,White Tees,M,72,69.0,93.1,130,34.2,34.8,34.2,130,34.8,129,46.3,46.8,34.2 / 130,34.8 / 129
23601,NC,White/Green,M,72,66.9,90.2,126,33.0,33.9,33.0,125,33.9,126,44.6,45.6,33.0 / 125,33.9 / 126
23601,NC,Green Tees,M,72,66.6,89.3,123,32.9,33.7,32.9,124,33.7,121,44.4,44.9,32.9 / 124,33.7 / 121
23601,NC,Red Tees,M,72,65.2,87.5,120,32.3,32.9,32.3,121,32.9,119,43.5,44.0,32.3 / 121,32.9 / 119
23601,NC,White Tees,F,72,74.8,106.9,136,37.1,37.7,37.1,135,37.7,137,53.0,53.9,37.1 / 135,37.7 / 137
23601,NC,White/Green,F,72,72.5,103.3,131,35.9,36.6,35.9,128,36.6,133,51.0,52.3,35.9 / 128,36.6 / 133
23601,NC,Green Tees,F,72,72.0,102.3,129,35.8,36.2,35.8,126,36.2,131,50.7,51.6,35.8 / 126,36.2 / 131
23601,NC,Red Tees,F,72,70.2,99.6,125,34.8,35.4,34.8,123,35.4,126,49.3,50.3,34.8 / 123,35.4 / 126
221,NC,Black Tees,M,72,73.6,100.5,145,36.8,36.8,36.8,145,36.8,144,50.3,50.2,36.8 / 145,36.8 / 144
221,NC,Maples Tees,M,72,73.0,99.6,143,36.5,36.5,36.5,144,36.5,142,49.9,49.7,36.5 / 144,36.5 / 142
221,NC,Gold Tees,M,72,72.0,98.1,141,35.8,36.2,35.8,141,36.2,140,48.9,49.2,35.8 / 141,36.2 / 140
221,NC,Gold / White Hybrid,M,72,70.8,96.7,140,35.6,35.2,35.6,140,35.2,139,48.6,48.1,35.6 / 140,35.2 / 139
221,NC,White Tees,M,72,70.2,95.6,137,35.1,35.1,35.1,136,35.1,138,47.7,47.9,35.1 / 136,35.1 / 138
221,NC,White / Blue Hybrid,M,72,68.8,93.0,130,34.6,34.2,34.6,130,34.2,130,46.7,46.3,34.6 / 130,34.2 / 130
221,NC,Blue Tees,M,72,67.8,90.9,125,33.9,33.9,33.9,121,33.9,128,45.1,45.8,33.9 / 121,33.9 / 128
221,NC,Blue / Green Hybrid,M,72,66.6,89.0,121,33.2,33.4,33.2,114,33.4,127,43.8,45.2,33.2 / 114,33.4 / 127
221,NC,Green Tees,M,72,65.8,87.8,119,32.6,33.2,32.6,111,33.2,126,42.9,44.9,32.6 / 111,33.2 / 126
221,NC,Green / Red Hybrid,M,72,64.9,86.5,117,32.2,32.7,32.2,110,32.7,123,42.4,44.1,32.2 / 110,32.7 / 123
221,NC,Red Tees,M,72,63.8,85.1,115,31.9,31.9,31.9,108,31.9,122,41.9,43.2,31.9 / 108,31.9 / 122
221,NC,White Tees,F,72,76.2,110.2,144,38.0,38.2,38.0,139,38.2,149,54.4,55.8,38.0 / 139,38.2 / 149
221,NC,White / Blue Hybrid,F,72,74.2,107.3,141,37.3,36.9,37.3,137,36.9,144,53.4,53.9,37.3 / 137,36.9 / 144
221,NC,Blue Tees,F,72,73.3,105.7,138,36.5,36.8,36.5,133,36.8,142,52.2,53.5,36.5 / 133,36.8 / 142
221,NC,Blue / Green Hybrid,F,72,71.5,102.9,133,35.3,36.2,35.3,127,36.2,139,50.3,52.6,35.3 / 127,36.2 / 139
221,NC,Green Tees,F,72,70.7,101.8,132,34.7,36.0,34.7,126,36.0,138,49.5,52.3,34.7 / 126,36.0 / 138
221,NC,Green / Red Hybrid,F,72,69.2,99.7,130,34.3,34.9,34.3,123,34.9,136,48.8,50.9,34.3 / 123,34.9 / 136
221,NC,Red Tees,F,72,68.0,96.8,123,33.7,34.3,33.7,120,34.3,125,47.8,49.0,33.7 / 120,34.3 / 125
34175,NC,Back Tees,M,59,58.1,76.2,98,28.6,29.5,28.6,97,29.5,98,37.6,38.6,28.6 / 97,29.5 / 98
34175,NC,Front Tees,M,59,55.0,71.4,88,27.0,28.0,27.0,86,28.0,90,35.0,36.4,27.0 / 86,28.0 / 90
34175,NC,Back Tees,F,59,60.1,84.0,102,29.8,30.3,29.8,100,30.3,103,41.6,42.4,29.8 / 100,30.3 / 103
34175,NC,Front Tees,F,59,57.3,79.3,94,28.3,29.0,28.3,90,29.0,97,38.9,40.4,28.3 / 90,29.0 / 97
17824,NC,Tourney Gold Tees,M,72,75.7,101.9,141,37.3,38.4,37.3,144,38.4,138,50.7,51.2,37.3 / 144,38.4 / 138
17824,NC,Gold Tees,M,72,74.7,100.3,138,36.9,37.8,36.9,141,37.8,135,50.0,50.3,36.9 / 141,37.8 / 135
17824,NC,Blue Tees,M,72,72.5,96.9,131,35.8,36.7,35.8,133,36.7,129,48.2,48.7,35.8 / 133,36.7 / 129
17824,NC,White Tees,M,72,69.9,93.0,125,34.6,35.3,34.6,127,35.3,122,46.4,46.6,34.6 / 127,35.3 / 122
17824,NC,Red Tees,M,72,67.2,88.8,117,33.7,33.5,33.7,112,33.5,121,44.1,44.7,33.7 / 112,33.5 / 121
17824,NC,White Tees,F,72,75.5,107.8,137,37.3,38.2,37.3,140,38.2,134,53.8,54.0,37.3 / 140,38.2 / 134
17824,NC,Red Tees,F,72,72.2,101.7,126,35.9,36.3,35.9,125,36.3,126,50.6,51.1,35.9 / 125,36.3 / 126
17825,NC,Gold Tees,M,72,72.5,97.7,136,36.7,35.8,36.7,140,35.8,131,49.7,48.0,36.7 / 140,35.8 / 131
17825,NC,Blue Tees,M,72,70.4,94.3,129,35.5,34.9,35.5,130,34.9,127,47.6,46.7,35.5 / 130,34.9 / 127
17825,NC,White Tees,M,72,67.6,90.0,121,34.0,33.6,34.0,122,33.6,119,45.3,44.7,34.0 / 122,33.6 / 119
17825,NC,Red Tees,M,72,65.0,84.8,107,32.7,32.3,32.7,104,32.3,109,42.4,42.4,32.7 / 104,32.3 / 109
17825,NC,White Tees,F,72,72.9,104.1,133,36.9,36.0,36.9,135,36.0,130,52.8,51.3,36.9 / 135,36.0 / 130
17825,NC,Red Tees,F,72,69.7,99.3,126,34.7,35.0,34.7,130,35.0,121,50.0,49.3,34.7 / 130,35.0 / 121
315,NC,Blue Tees,M,72,70.7,95.5,133,35.2,35.5,35.2,133,35.5,133,47.6,47.9,35.2 / 133,35.5 / 133
315,NC,White Tees,M,72,69.1,92.2,125,34.3,34.8,34.3,124,34.8,125,45.8,46.4,34.3 / 124,34.8 / 125
315,NC,Gold Tees,M,72,66.1,87.7,116,32.9,33.2,32.9,116,33.2,116,43.7,44.0,32.9 / 116,33.2 / 116
315,NC,Red Tees,M,72,63.2,83.9,112,31.6,31.6,31.6,111,31.6,112,41.9,42.0,31.6 / 111,31.6 / 112
315,NC,White Tees,F,72,74.4,106.5,136,37.2,37.2,37.2,133,37.2,139,52.9,53.6,37.2 / 133,37.2 / 139
315,NC,Gold Tees,F,72,71.0,101.5,130,35.4,35.6,35.4,126,35.6,133,50.2,51.3,35.4 / 126,35.6 / 133
315,NC,Red Tees,F,72,67.0,95.9,123,33.6,33.4,33.6,120,33.4,126,47.7,48.2,33.6 / 120,33.4 / 126
47,NC,Orange Tees,M,72,75.5,101.6,141,36.9,38.6,36.9,139,38.6,142,49.8,51.8,36.9 / 139,38.6 / 142
47,NC,Gold Tees,M,72,74.3,99.8,138,36.2,38.1,36.2,136,38.1,139,48.8,51.0,36.2 / 136,38.1 / 139
47,NC,Black Tees,M,72,72.5,97.3,134,35.5,37.0,35.5,132,37.0,135,47.8,49.5,35.5 / 132,37.0 / 135
47,NC,Black/Blue Hybrid,M,72,71.2,95.7,132,34.8,36.4,34.8,131,36.4,132,47.0,48.7,34.8 / 131,36.4 / 132
47,NC,Blue Tees,M,72,70.3,94.5,130,34.5,35.8,34.5,130,35.8,130,46.6,47.9,34.5 / 130,35.8 / 130
47,NC,Blue/White Hybrid,M,72,69.3,93.1,128,34.0,35.3,34.0,127,35.3,129,45.8,47.3,34.0 / 127,35.3 / 129
47,NC,White Tees,M,72,68.6,91.9,126,33.6,35.0,33.6,124,35.0,127,45.1,46.8,33.6 / 124,35.0 / 127
47,NC,Green Tees,M,72,66.3,88.1,117,32.4,33.9,32.4,116,33.9,118,43.2,44.9,32.4 / 116,33.9 / 118
47,NC,Green/Lime Hybrid,M,72,63.7,84.2,111,31.7,32.0,31.7,112,32.0,109,42.1,42.1,31.7 / 112,32.0 / 109
47,NC,Lime Tees,M,72,61.9,81.6,106,30.9,31.0,30.9,108,31.0,104,40.9,40.7,30.9 / 108,31.0 / 104
47,NC,Blue Tees,F,72,76.3,108.0,135,37.3,39.0,37.3,130,39.0,139,52.6,55.4,37.3 / 130,39.0 / 139
47,NC,Blue/White Hybrid,F,72,75.1,106.3,133,36.6,38.5,36.6,128,38.5,137,51.7,54.6,36.6 / 128,38.5 / 137
47,NC,White Tees,F,72,74.0,104.6,130,36.2,37.8,36.2,126,37.8,133,51.1,53.5,36.2 / 126,37.8 / 133
47,NC,Green Tees,F,72,71.4,100.8,125,34.9,36.5,34.9,125,36.5,125,49.6,51.2,34.9 / 125,36.5 / 125
47,NC,Green/Lime Hybrid,F,72,67.9,96.2,120,33.7,34.2,33.7,119,34.2,121,47.7,48.5,33.7 / 119,34.2 / 121
47,NC,Lime Tees,F,72,64.9,92.5,117,32.4,32.5,32.4,116,32.5,118,46.1,46.4,32.4 / 116,32.5 / 118
347,NC,Blue Tees,M,71,69.2,92.7,127,33.5,35.7,33.5,123,35.7,130,44.9,47.8,33.5 / 123,35.7 / 130
347,NC,White Tees,M,71,67.0,89.5,121,32.4,34.6,32.4,115,34.6,127,43.1,46.4,32.4 / 115,34.6 / 127
347,NC,Green Tees,M,71,64.5,85.8,115,31.6,32.9,31.6,111,32.9,118,41.9,43.9,31.6 / 111,32.9 / 118
347,NC,Lime Tees,M,71,60.4,80.0,106,30.0,30.4,30.0,102,30.4,109,39.5,40.5,30.0 / 102,30.4 / 109
347,NC,Blue Tees,F,73,74.7,105.7,132,36.3,38.4,36.3,130,38.4,133,51.6,54.1,36.3 / 130,38.4 / 133
347,NC,White Tees,F,73,72.2,101.4,124,34.9,37.3,34.9,121,37.3,126,49.2,52.2,34.9 / 121,37.3 / 126
347,NC,Green Tees,F,73,69.1,97.1,119,33.8,35.3,33.8,118,35.3,120,47.7,49.4,33.8 / 118,35.3 / 120
347,NC,Lime Tees,F,73,63.2,88.0,106,31.3,31.9,31.3,108,31.9,103,44.0,44.0,31.3 / 108,31.9 / 103
317,NC,Blue Tees,M,72,72.6,98.0,137,36.1,36.5,36.1,135,36.5,139,48.6,49.4,36.1 / 135,36.5 / 139
317,NC,Blue/White Hybrid,M,72,71.1,95.8,133,35.6,35.5,35.6,130,35.5,136,47.7,48.1,35.6 / 130,35.5 / 136
317,NC,White Tees,M,72,70.1,93.8,128,35.2,34.9,35.2,127,34.9,128,47.0,46.8,35.2 / 127,34.9 / 128
317,NC,White/Gold Hybrid,M,72,68.8,91.9,125,34.4,34.4,34.4,125,34.4,124,46.0,45.9,34.4 / 125,34.4 / 124
317,NC,Gold Tees,M,72,67.6,89.8,120,34.0,33.6,34.0,122,33.6,117,45.3,44.5,34.0 / 122,33.6 / 117
317,NC,Gold/Red Hybrid,M,72,65.6,86.3,112,32.7,32.9,32.7,112,32.9,111,43.1,43.2,32.7 / 112,32.9 / 111
317,NC,Red Tees,M,72,63.6,82.9,104,31.7,31.9,31.7,104,31.9,103,41.4,41.5,31.7 / 104,31.9 / 103
317,NC,White Tees,F,72,76.1,109.6,142,38.1,38.0,38.1,142,38.0,142,54.8,54.8,38.1 / 142,38.0 / 142
317,NC,White/Gold Hybrid,F,72,74.4,106.9,138,37.1,37.3,37.1,137,37.3,139,53.2,53.7,37.1 / 137,37.3 / 139
317,NC,Gold Tees,F,72,72.6,104.3,135,36.6,36.0,36.6,134,36.0,135,52.4,51.9,36.6 / 134,36.0 / 135
317,NC,Gold/Red Hybrid,F,72,70.0,99.3,125,34.8,35.2,34.8,125,35.2,124,49.5,49.8,34.8 / 125,35.2 / 124
317,NC,Red Tees,F,72,68.0,95.4,116,33.6,34.4,33.6,117,34.4,115,47.4,48.0,33.6 / 117,34.4 / 115
278,NC,Blue Tees,M,71,70.9,94.8,129,35.0,35.9,35.0,128,35.9,129,46.9,47.9,35.0 / 128,35.9 / 129
278,NC,Gold Tees,M,71,69.2,92.1,124,34.2,35.0,34.2,123,35.0,124,45.6,46.5,34.2 / 123,35.0 / 124
278,NC,White Tees,M,71,66.6,88.8,120,33.2,33.4,33.2,115,33.4,124,43.9,44.9,33.2 / 115,33.4 / 124
278,NC,White/Red Hybrid,M,71,65.2,86.5,115,32.6,32.6,32.6,111,32.6,118,42.9,43.6,32.6 / 111,32.6 / 118
278,NC,Red Tees,M,71,63.5,84.0,111,31.5,32.0,31.5,109,32.0,112,41.6,42.4,31.5 / 109,32.0 / 112
278,NC,Gold Tees,F,72,74.8,106.2,134,37.0,37.8,37.0,130,37.8,137,52.3,53.9,37.0 / 130,37.8 / 137
278,NC,White Tees,F,72,72.3,102.3,128,35.9,36.4,35.9,125,36.4,130,50.6,51.7,35.9 / 125,36.4 / 130
278,NC,White/Red Hybrid,F,72,69.9,99.2,124,35.1,34.8,35.1,122,34.8,126,49.5,49.7,35.1 / 122,34.8 / 126
278,NC,Red Tees,F,72,68.2,96.3,119,34.1,34.1,34.1,117,34.1,121,47.9,48.4,34.1 / 117,34.1 / 121
94,NC,Black Tees,M,70,70.2,94.0,128,35.4,34.8,35.4,129,34.8,127,47.4,46.6,35.4 / 129,34.8 / 127
94,NC,Blue Tees,M,70,68.0,91.3,126,34.0,34.0,34.0,126,34.0,125,45.7,45.6,34.0 / 126,34.0 / 125
94,NC,Gold Tees,M,70,65.4,87.8,121,32.4,33.0,32.4,119,33.0,122,43.5,44.3,32.4 / 119,33.0 / 122
94,NC,White Tees,M,70,61.3,81.8,111,30.5,30.8,30.5,110,30.8,111,40.7,41.1,30.5 / 110,30.8 / 111
94,NC,Black Tees,F,70,76.3,109.3,140,38.4,37.9,38.4,141,37.9,139,55.0,54.3,38.4 / 141,37.9 / 139
94,NC,Blue Tees,F,70,74.1,106.1,136,37.1,37.0,37.1,136,37.0,136,53.1,53.0,37.1 / 136,37.0 / 136
94,NC,Gold Tees,F,70,71.1,101.1,128,35.4,35.7,35.4,126,35.7,129,50.2,50.9,35.4 / 126,35.7 / 129
94,NC,White Tees,F,70,64.5,91.6,115,31.8,32.7,31.8,115,32.7,114,45.4,46.2,31.8 / 115,32.7 / 114
17709,NC,Blue Tees,M,72,72.3,97.8,138,35.7,36.6,35.7,139,36.6,136,48.6,49.2,35.7 / 139,36.6 / 136
17709,NC,White Tees,M,72,69.9,92.9,124,34.6,35.3,34.6,123,35.3,125,46.0,46.9,34.6 / 123,35.3 / 125
17709,NC,Gold Tees,M,72,68.1,89.9,117,33.9,34.2,33.9,115,34.2,119,44.6,45.3,33.9 / 115,34.2 / 119
17709,NC,Red Tees,M,70,65.6,85.7,109,32.3,33.3,32.3,107,33.3,110,42.2,43.5,32.3 / 107,33.3 / 110
17709,NC,Silver Tees,M,67,62.8,82.4,105,31.0,31.8,31.0,105,31.8,105,40.8,41.6,31.0 / 105,31.8 / 105
17709,NC,Gold Tees,F,72,73.3,104.3,132,36.4,36.9,36.4,132,36.9,131,52.0,52.3,36.4 / 132,36.9 / 131
17709,NC,Red Tees,F,72,69.6,97.8,120,34.2,35.4,34.2,115,35.4,124,47.8,50.0,34.2 / 115,35.4 / 124
17709,NC,Silver Tees,F,72,66.1,92.4,112,32.7,33.4,32.7,109,33.4,114,45.5,46.9,32.7 / 109,33.4 / 114
345,NC,Black Tees,M,72,74.4,100.0,138,36.9,37.5,36.9,133,37.5,142,49.3,50.7,36.9 / 133,37.5 / 142
345,NC,Blue Tees,M,72,72.2,96.3,130,35.9,36.3,35.9,125,36.3,135,47.5,48.8,35.9 / 125,36.3 / 135
345,NC,White Tees,M,72,68.1,91.1,124,33.8,34.3,33.8,119,34.3,128,44.9,46.2,33.8 / 119,34.3 / 128
345,NC,Red Tees,M,72,62.8,82.5,106,31.3,31.5,31.3,103,31.5,109,40.9,41.6,31.3 / 103,31.5 / 109
345,NC,White Tees,F,72,74.0,104.8,131,36.6,37.4,36.6,128,37.4,133,51.7,53.1,36.6 / 128,37.4 / 133
345,NC,Red Tees,F,72,67.2,94.6,117,33.4,33.8,33.4,113,33.8,120,46.7,47.9,33.4 / 113,33.8 / 120
119,NC,I Tees,M,71,73.9,99.8,140,38.0,35.9,38.0,139,35.9,140,50.9,48.9,38.0 / 139,35.9 / 140
119,NC,II Tees,M,71,72.1,97.2,136,37.0,35.1,37.0,135,35.1,136,49.5,47.7,37.0 / 135,35.1 / 136
119,NC,III Tees,M,71,70.3,94.1,128,35.9,34.4,35.9,130,34.4,126,48.0,46.1,35.9 / 130,34.4 / 126
119,NC,III/IV Hybrid,M,71,69.2,92.7,127,35.5,33.7,35.5,129,33.7,124,47.5,45.2,35.5 / 129,33.7 / 124
119,NC,IV Tees,M,71,67.3,89.7,121,34.7,32.6,34.7,127,32.6,114,46.5,43.2,34.7 / 127,32.6 / 114
119,NC,IV/V Hybrid,M,71,66.3,88.5,120,34.1,32.2,34.1,125,32.2,114,45.7,42.8,34.1 / 125,32.2 / 114
119,NC,V Tees,M,71,64.9,86.6,117,33.4,31.5,33.4,123,31.5,111,44.8,41.8,33.4 / 123,31.5 / 111
119,NC,VI Tees,M,68,61.8,81.9,108,31.3,30.5,31.3,109,30.5,107,41.4,40.5,31.3 / 109,30.5 / 107
119,NC,Junior Tees,M,71,59.6,78.7,103,29.8,29.8,29.8,104,29.8,101,39.5,39.2,29.8 / 104,29.8 / 101
119,NC,III Tees,F,71,76.4,109.3,140,39.4,37.0,39.4,145,37.0,134,56.5,52.8,39.4 / 145,37.0 / 134
119,NC,III/IV Hybrid,F,71,75.2,107.6,137,38.8,36.4,38.8,143,36.4,131,55.7,51.9,38.8 / 143,36.4 / 131
119,NC,IV Tees,F,71,72.8,104.2,133,37.6,35.2,37.6,139,35.2,127,54.0,50.2,37.6 / 139,35.2 / 127
119,NC,IV/V Hybrid,F,71,71.4,102.0,130,36.8,34.6,36.8,135,34.6,125,52.7,49.3,36.8 / 135,34.6 / 125
119,NC,V Tees,F,71,69.7,98.7,123,36.0,33.7,36.0,129,33.7,117,51.2,47.5,36.0 / 129,33.7 / 117
119,NC,VI Tees,F,71,65.3,91.7,112,33.1,32.2,33.1,114,32.2,109,46.6,45.1,33.1 / 114,32.2 / 109
119,NC,Junior Tees,F,71,61.1,85.6,104,30.6,30.5,30.6,105,30.5,103,43.0,42.6,30.6 / 105,30.5 / 103
420,NC,Black Tees,M,71,71.4,95.4,129,36.6,34.8,36.6,129,34.8,129,48.6,46.8,36.6 / 129,34.8 / 129
420,NC,White Tees,M,71,69.4,92.5,125,35.4,34.0,35.4,126,34.0,123,47.1,45.4,35.4 / 126,34.0 / 123
420,NC,Gold Tees,M,71,67.2,89.4,120,34.2,33.0,34.2,123,33.0,116,45.6,43.8,34.2 / 123,33.0 / 116
420,NC,Red Tees,M,71,62.7,81.9,104,31.5,31.2,31.5,107,31.2,100,41.4,40.5,31.5 / 107,31.2 / 100
420,NC,White Tees,F,71,75.6,107.5,135,38.7,36.9,38.7,138,36.9,132,55.0,52.5,38.7 / 138,36.9 / 132
420,NC,Gold Tees,F,71,72.8,103.4,130,37.3,35.5,37.3,130,35.5,130,52.6,50.8,37.3 / 130,35.5 / 130
420,NC,Red Tees,F,71,66.9,94.4,117,33.4,33.5,33.4,116,33.5,117,47.1,47.3,33.4 / 116,33.5 / 117
386,NC,Blue Tees,M,70,65.9,87.1,115,32.7,33.2,32.7,108,33.2,121,42.7,44.4,32.7 / 108,33.2 / 121
386,NC,White Tees,M,70,64.2,84.6,110,31.7,32.5,31.7,105,32.5,114,41.5,43.1,31.7 / 105,32.5 / 114
386,NC,Gold Tees,M,70,62.7,82.5,107,31.2,31.5,31.2,102,31.5,111,40.7,41.8,31.2 / 102,31.5 / 111
386,NC,Red Tees,M,69,61.7,80.2,100,30.7,31.0,30.7,100,31.0,99,40.0,40.2,30.7 / 100,31.0 / 99
386,NC,White Tees,F,70,68.9,97.5,121,34.1,34.8,34.1,114,34.8,128,47.6,49.9,34.1 / 114,34.8 / 128
386,NC,Gold Tees,F,70,66.5,92.6,111,33.1,33.4,33.1,109,33.4,112,46.0,46.6,33.1 / 109,33.4 / 112
386,NC,Red Tees,F,69,64.5,89.6,107,32.7,31.8,32.7,102,31.8,111,44.7,44.9,32.7 / 102,31.8 / 111
82,NC,Gold Tees,M,72,71.6,96.1,132,35.4,36.2,35.4,132,36.2,131,47.7,48.4,35.4 / 132,36.2 / 131
82,NC,Blue Tees,M,72,70.0,93.9,129,34.6,35.4,34.6,128,35.4,129,46.5,47.4,34.6 / 128,35.4 / 129
82,NC,Blue/White Hybrid,M,72,68.5,91.6,125,33.8,34.7,33.8,124,34.7,125,45.3,46.3,33.8 / 124,34.7 / 125
82,NC,White Tees,M,72,67.3,89.5,119,33.3,34.0,33.3,119,34.0,119,44.4,45.1,33.3 / 119,34.0 / 119
82,NC,White/Green Hybrid,M,72,65.4,86.8,115,32.7,32.7,32.7,116,32.7,114,43.5,43.3,32.7 / 116,32.7 / 114
82,NC,Green Tees,M,72,63.2,83.9,112,31.4,31.8,31.4,111,31.8,112,41.7,42.2,31.4 / 111,31.8 / 112
82,NC,Blue Tees,F,73,76.2,107.5,133,37.6,38.6,37.6,132,38.6,133,53.2,54.3,37.6 / 132,38.6 / 133
82,NC,Blue/White Hybrid,F,72,74.5,104.7,128,36.8,37.7,36.8,127,37.7,129,51.8,52.9,36.8 / 127,37.7 / 129
82,NC,White Tees,F,72,72.6,102.0,125,35.8,36.8,35.8,124,36.8,126,50.4,51.6,35.8 / 124,36.8 / 126
82,NC,Red Tees,F,72,67.1,93.6,113,33.3,33.8,33.3,111,33.8,114,46.4,47.2,33.3 / 111,33.8 / 114
233,NC,Black Tees,M,70,72.5,96.8,131,36.2,36.3,36.2,133,36.3,128,48.6,48.2,36.2 / 133,36.3 / 128
233,NC,Black / Blue Hybrid,M,70,71.2,95.2,129,35.6,35.6,35.6,132,35.6,126,47.9,47.3,35.6 / 132,35.6 / 126
233,NC,Blue Tees,M,70,70.1,93.9,128,35.1,35.0,35.1,131,35.0,125,47.3,46.6,35.1 / 131,35.0 / 125
233,NC,Blue / White Hybrid,M,70,67.8,91.4,127,34.1,33.7,34.1,129,33.7,125,46.1,45.3,34.1 / 129,33.7 / 125
233,NC,White Tees,M,70,66.2,89.6,126,33.8,32.4,33.8,128,32.4,124,45.7,43.9,33.8 / 128,32.4 / 124
233,NC,White / Green Hybrid,M,70,65.3,88.3,124,32.9,32.4,32.9,124,32.4,124,44.4,43.9,32.9 / 124,32.4 / 124
233,NC,Green Tees,M,70,63.4,85.6,119,32.0,31.4,32.0,119,31.4,119,43.1,42.5,32.0 / 119,31.4 / 119
233,NC,Green / Gold Hybrid,M,70,62.4,84.3,118,31.4,31.0,31.4,117,31.0,118,42.3,42.0,31.4 / 117,31.0 / 118
233,NC,Gold Tees,M,70,60.4,81.7,115,30.3,30.1,30.3,114,30.1,115,40.9,40.8,30.3 / 114,30.1 / 115
233,NC,Laurel Tees,M,69,58.4,75.5,92,29.5,28.9,29.5,88,28.9,96,37.7,37.8,29.5 / 88,28.9 / 96
233,NC,Black Tees,F,72,78.0,111.3,141,39.0,39.0,39.0,139,39.0,143,55.4,55.9,39.0 / 139,39.0 / 143
233,NC,Black / Blue Hybrid,F,72,76.8,109.5,139,38.5,38.3,38.5,137,38.3,140,54.7,54.8,38.5 / 137,38.3 / 140
233,NC,Blue Tees,F,72,75.6,107.8,137,37.9,37.7,37.9,136,37.7,137,53.9,53.9,37.9 / 136,37.7 / 137
233,NC,Blue / White Hybrid,F,72,73.1,104.1,132,36.8,36.3,36.8,131,36.3,132,52.2,51.9,36.8 / 131,36.3 / 132
233,NC,White Tees,F,72,71.4,100.9,125,36.4,35.0,36.4,127,35.0,123,51.4,49.5,36.4 / 127,35.0 / 123
233,NC,White / Green Hybrid,F,72,70.4,99.6,124,35.4,35.0,35.4,125,35.0,123,50.1,49.5,35.4 / 125,35.0 / 123
233,NC,Green Tees,F,70,68.1,96.0,119,34.4,33.7,34.4,123,33.7,114,48.9,47.1,34.4 / 123,33.7 / 114
233,NC,Green / Gold Hybrid,F,70,66.7,93.9,116,33.5,33.2,33.5,119,33.2,112,47.5,46.4,33.5 / 119,33.2 / 112
233,NC,Gold Tees,F,70,63.4,89.0,109,31.7,31.7,31.7,112,31.7,105,44.9,44.1,31.7 / 112,31.7 / 105
233,NC,Laurel Tees,F,70,59.4,81.3,93,29.9,29.5,29.9,96,29.5,90,41.2,40.1,29.9 / 96,29.5 / 90
146,NC,Black Tees,M,72,73.2,97.6,132,36.5,36.7,36.5,126,36.7,137,48.2,49.4,36.5 / 126,36.7 / 137
146,NC,Black/Blue Hybrid,M,72,72.4,96.6,131,36.2,36.2,36.2,125,36.2,136,47.8,48.8,36.2 / 125,36.2 / 136
146,NC,Blue Tees,M,72,71.4,95.3,129,35.6,35.8,35.6,124,35.8,133,47.1,48.2,35.6 / 124,35.8 / 133
146,NC,Blue/White Hybrid,M,72,70.4,94.0,127,35.2,35.2,35.2,123,35.2,131,46.6,47.4,35.2 / 123,35.2 / 131
146,NC,White Tees,M,72,69.4,92.8,126,34.5,34.9,34.5,122,34.9,130,45.8,47.0,34.5 / 122,34.9 / 130
146,NC,White/Gold Hybrid,M,72,68.3,91.3,124,34.0,34.3,34.0,121,34.3,127,45.2,46.1,34.0 / 121,34.3 / 127
146,NC,Gold Tees,M,72,67.1,89.4,120,33.6,33.5,33.6,118,33.5,122,44.6,44.8,33.6 / 118,33.5 / 122
146,NC,Gold/Red Hybrid,M,72,65.8,86.9,114,32.9,32.9,32.9,112,32.9,116,43.3,43.7,32.9 / 112,32.9 / 116
146,NC,Red Tees,M,72,64.1,84.7,111,31.9,32.2,31.9,110,32.2,112,42.1,42.6,31.9 / 110,32.2 / 112
146,NC,Blue Tees,F,72,77.5,109.9,138,38.7,38.8,38.7,136,38.8,139,54.7,55.2,38.7 / 136,38.8 / 139
146,NC,White Tees,F,72,75.5,106.9,134,37.7,37.8,37.7,131,37.8,136,53.1,53.8,37.7 / 131,37.8 / 136
146,NC,White/Gold Hybrid,F,72,74.2,105.1,131,37.1,37.1,37.1,129,37.1,133,52.3,52.8,37.1 / 129,37.1 / 133
146,NC,Gold Tees,F,72,72.8,102.9,128,36.5,36.3,36.5,126,36.3,129,51.4,51.5,36.5 / 126,36.3 / 129
146,NC,Gold/Red Hybrid,F,72,70.6,99.1,121,35.2,35.4,35.2,119,35.4,123,49.2,49.9,35.2 / 119,35.4 / 123
146,NC,Red Tees,F,72,68.5,95.8,116,34.0,34.5,34.0,112,34.5,120,47.2,48.6,34.0 / 112,34.5 / 120
306,NC,V Tees,M,71,73.4,99.4,140,35.6,37.8,35.6,143,37.8,137,48.9,50.5,35.6 / 143,37.8 / 137
306,NC,IV Tees,M,71,71.3,96.5,136,34.7,36.6,34.7,138,36.6,133,47.5,49.0,34.7 / 138,36.6 / 133
306,NC,IV/III Hybrid,M,71,69.6,94.1,132,33.8,35.8,33.8,131,35.8,132,46.0,48.1,33.8 / 131,35.8 / 132
306,NC,III Tees,M,71,68.6,92.4,128,33.3,35.3,33.3,125,35.3,131,44.9,47.5,33.3 / 125,35.3 / 131
306,NC,III/II Hybrid,M,71,66.9,89.7,123,32.8,34.1,32.8,122,34.1,124,44.1,45.6,32.8 / 122,34.1 / 124
306,NC,II Tees,M,71,65.6,87.7,119,32.1,33.5,32.1,117,33.5,121,43.0,44.7,32.1 / 117,33.5 / 121
306,NC,I Tees,M,71,63.3,84.5,114,31.3,32.0,31.3,114,32.0,114,41.9,42.6,31.3 / 114,32.0 / 114
306,NC,III Tees,F,72,74.4,107.3,140,36.0,38.4,36.0,138,38.4,141,52.3,55.0,36.0 / 138,38.4 / 141
306,NC,III/II Hybrid,F,71,72.4,104.4,136,35.4,37.0,35.4,135,37.0,137,51.3,53.1,35.4 / 135,37.0 / 137
306,NC,II Tees,F,71,70.9,102.2,133,34.4,36.5,34.4,131,36.5,135,49.8,52.4,34.4 / 131,36.5 / 135
306,NC,I Tees,F,71,67.4,96.1,122,32.8,34.6,32.8,122,34.6,121,47.2,48.9,32.8 / 122,34.6 / 121
311,NC,Blue Tees,M,72,72.1,96.3,130,36.5,35.6,36.5,130,35.6,130,48.6,47.7,36.5 / 130,35.6 / 130
311,NC,Blue/White Hybrid,M,72,71.0,94.7,128,35.6,35.4,35.6,129,35.4,126,47.6,47.1,35.6 / 129,35.4 / 126
311,NC,White Tees,M,72,70.2,93.5,126,35.4,34.8,35.4,127,34.8,124,47.2,46.3,35.4 / 127,34.8 / 124
311,NC,White/Gold Hybrid,M,72,69.0,91.9,124,34.7,34.3,34.7,125,34.3,122,46.3,45.6,34.7 / 125,34.3 / 122
311,NC,Gold Tees,M,72,68.2,90.3,119,34.0,34.2,34.0,122,34.2,116,45.3,45.0,34.0 / 122,34.2 / 116
311,NC,Gold/Green Hybrid,M,72,67.0,88.3,115,33.6,33.4,33.6,121,33.4,109,44.8,43.5,33.6 / 121,33.4 / 109
311,NC,Green Tees,M,72,65.8,86.5,111,33.0,32.8,33.0,117,32.8,105,43.9,42.6,33.0 / 117,32.8 / 105
311,NC,Red Tees,M,71,63.8,83.7,107,31.9,31.9,31.9,111,31.9,103,42.2,41.5,31.9 / 111,31.9 / 103
311,NC,Orange Tees,M,68,61.0,80.1,103,30.6,30.4,30.6,107,30.4,99,40.5,39.6,30.6 / 107,30.4 / 99
311,NC,White Tees,F,72,76.2,109.0,139,38.4,37.8,38.4,139,37.8,139,54.8,54.2,38.4 / 139,37.8 / 139
311,NC,White/Gold Hybrid,F,72,75.2,106.9,134,37.8,37.4,37.8,137,37.4,131,54.0,52.9,37.8 / 137,37.4 / 131
311,NC,Gold Tees,F,72,73.9,104.7,131,36.9,37.0,36.9,131,37.0,130,52.4,52.3,36.9 / 131,37.0 / 130
311,NC,Gold/Green Hybrid,F,72,72.1,102.4,129,36.2,35.9,36.2,129,35.9,128,51.4,51.0,36.2 / 129,35.9 / 128
311,NC,Green Tees,F,72,70.5,100.2,126,35.6,34.9,35.6,126,34.9,126,50.4,49.8,35.6 / 126,34.9 / 126
311,NC,Red Tees,F,72,67.6,95.6,119,34.1,33.5,34.1,119,33.5,119,48.1,47.5,34.1 / 119,33.5 / 119
311,NC,Orange Tees,F,72,63.7,90.1,112,32.0,31.7,32.0,113,31.7,111,45.3,44.8,32.0 / 113,31.7 / 111
219,NC,White-Blue Tees,M,68,65.2,87.7,121,32.1,33.1,32.1,116,33.1,126,42.9,44.8,32.1 / 116,33.1 / 126
219,NC,Red-Gold Tees,M,68,61.8,82.1,110,30.6,31.2,30.6,109,31.2,110,40.7,41.4,30.6 / 109,31.2 / 110
219,NC,Blue Tees,M,34,33.1,44.8,126,33.1,,33.1,126,,,44.8,,33.1 / 126,/
219,NC,White Tees,M,34,32.1,42.9,116,32.1,,32.1,116,,,42.9,,32.1 / 116,/
219,NC,Gold Tees,M,34,31.2,41.4,110,31.2,,31.2,110,,,41.4,,31.2 / 110,/
219,NC,Red Tees,M,34,30.6,40.6,109,30.6,,30.6,109,,,40.6,,30.6 / 109,/
219,NC,White-Blue Tees,F,70,70.4,98.4,119,34.6,35.8,34.6,116,35.8,121,48.3,50.1,34.6 / 116,35.8 / 121
219,NC,Red-Gold Tees,F,70,65.5,91.4,110,32.3,33.2,32.3,107,33.2,113,44.9,46.5,32.3 / 107,33.2 / 113
219,NC,Blue Tees,F,35,35.8,50.1,121,35.8,,35.8,121,,,50.1,,35.8 / 121,/
219,NC,White Tees,F,35,34.6,48.3,116,34.6,,34.6,116,,,48.3,,34.6 / 116,/
219,NC,Gold Tees,F,35,33.2,46.5,113,33.2,,33.2,113,,,46.5,,33.2 / 113,/
219,NC,Red Tees,F,35,32.3,44.9,107,32.3,,32.3,107,,,44.9,,32.3 / 107,/
87,NC,Black Tees,M,72,74.6,100.6,140,37.0,37.6,37.0,142,37.6,138,50.2,50.4,37.0 / 142,37.6 / 138
87,NC,Blue Tees,M,72,72.9,98.3,137,36.2,36.7,36.2,139,36.7,135,49.1,49.2,36.2 / 139,36.7 / 135
87,NC,Blue/White Hybrid,M,72,71.7,96.9,136,35.8,35.9,35.8,137,35.9,134,48.5,48.4,35.8 / 137,35.9 / 134
87,NC,White Tees,M,72,70.7,95.5,133,35.2,35.5,35.2,133,35.5,133,47.6,47.9,35.2 / 133,35.5 / 133
87,NC,White/Gold Hybrid,M,72,69.3,92.8,127,34.7,34.6,34.7,126,34.6,127,46.4,46.4,34.7 / 126,34.6 / 127
87,NC,Gold Tees,M,72,67.2,89.9,123,33.6,33.6,33.6,123,33.6,122,45.0,44.9,33.6 / 123,33.6 / 122
87,NC,Red Tees,M,72,64.7,86.1,115,32.2,32.5,32.2,116,32.5,114,43.0,43.1,32.2 / 116,32.5 / 114
87,NC,White Tees,F,72,76.5,109.2,139,38.1,38.4,38.1,138,38.4,139,54.4,54.8,38.1 / 138,38.4 / 139
87,NC,White/Gold Hybrid,F,72,74.5,106.6,137,37.1,37.4,37.1,137,37.4,136,53.2,53.4,37.1 / 137,37.4 / 136
87,NC,Gold Tees,F,72,71.8,102.8,131,35.8,36.0,35.8,131,36.0,131,51.3,51.5,35.8 / 131,36.0 / 131
87,NC,Red Tees,F,72,69.6,98.8,124,34.7,34.9,34.7,120,34.9,127,48.9,49.9,34.7 / 120,34.9 / 127
87,NC,Pink Tees,F,72,67.7,94.8,115,33.7,34.0,33.7,111,34.0,119,46.8,48.0,33.7 / 111,34.0 / 119
435,NC,Gold Tees,M,72,72.4,96.5,130,36.4,36.0,36.4,133,36.0,126,48.8,47.7,36.4 / 133,36.0 / 126
435,NC,Blue Tees,M,72,69.8,93.0,125,34.8,35.0,34.8,126,35.0,124,46.5,46.5,34.8 / 126,35.0 / 124
435,NC,White Tees,M,72,67.9,90.0,119,33.9,34.0,33.9,117,34.0,121,44.8,45.2,33.9 / 117,34.0 / 121
435,NC,Green Tees,M,72,66.2,87.2,113,33.3,32.9,33.3,114,32.9,112,43.9,43.3,33.3 / 114,32.9 / 112
435,NC,Red Tees,M,72,64.0,83.4,104,31.9,32.1,31.9,105,32.1,103,41.7,41.7,31.9 / 105,32.1 / 103
435,NC,White Tees,F,72,74.0,104.1,128,37.0,37.0,37.0,130,37.0,126,52.3,51.8,37.0 / 130,37.0 / 126
435,NC,Green Tees,F,72,71.8,100.4,121,36.3,35.5,36.3,122,35.5,120,50.7,49.7,36.3 / 122,35.5 / 120
435,NC,Red Tees,F,72,68.8,97.0,120,34.2,34.6,34.2,122,34.6,117,48.6,48.4,34.2 / 122,34.6 / 117
322,NC,Gold Tees,M,72,74.1,100.2,141,37.1,37.0,37.1,139,37.0,142,50.0,50.2,37.1 / 139,37.0 / 142
322,NC,Blue Tees,M,72,71.6,97.2,138,35.8,35.8,35.8,136,35.8,140,48.4,48.8,35.8 / 136,35.8 / 140
322,NC,White Tees,M,72,69.0,93.0,129,34.6,34.4,34.6,130,34.4,128,46.7,46.3,34.6 / 130,34.4 / 128
322,NC,Red Tees,M,72,65.4,87.1,117,33.1,32.3,33.1,116,32.3,117,43.9,43.2,33.1 / 116,32.3 / 117
322,NC,White Tees,F,72,74.8,107.6,139,37.7,37.1,37.7,139,37.1,139,54.1,53.5,37.7 / 139,37.1 / 139
322,NC,Red Tees,F,72,70.3,100.7,129,35.4,34.9,35.4,131,34.9,126,50.9,49.8,35.4 / 131,34.9 / 126
81,NC,1 - Jones Tees,M,70,70.9,96.4,138,35.8,35.1,35.8,136,35.1,139,48.4,48.0,35.8 / 136,35.1 / 139
81,NC,1-2 Hybrid,M,70,69.3,94.2,134,35.0,34.3,35.0,135,34.3,133,47.5,46.7,35.0 / 135,34.3 / 133
81,NC,2 - Ross Tees,M,70,68.6,92.6,129,34.6,34.0,34.6,132,34.0,126,46.9,45.7,34.6 / 132,34.0 / 126
81,NC,2-3 Hybrid,M,70,66.7,89.3,122,33.2,33.5,33.2,125,33.5,118,44.8,44.5,33.2 / 125,33.5 / 118
81,NC,3 - Happoldt Tees,M,70,65.0,86.9,118,32.8,32.2,32.8,124,32.2,112,44.3,42.6,32.8 / 124,32.2 / 112
81,NC,3-4 Hybrid,M,70,62.5,83.2,112,31.1,31.4,31.1,113,31.4,110,41.6,41.6,31.1 / 113,31.4 / 110
81,NC,4 - Highlands Tees,M,70,61.0,81.0,108,30.4,30.6,30.4,110,30.6,105,40.6,40.4,30.4 / 110,30.6 / 105
81,NC,2 - Ross Tees,F,72,73.9,106.6,139,37.6,36.3,37.6,142,36.3,135,54.4,52.2,37.6 / 142,36.3 / 135
81,NC,2-3 Hybrid,F,72,71.5,103.0,134,36.1,35.4,36.1,136,35.4,131,52.1,50.9,36.1 / 136,35.4 / 131
81,NC,3 - Happoldt Tees,F,72,69.7,100.3,130,35.5,34.2,35.5,134,34.2,126,51.3,49.0,35.5 / 134,34.2 / 126
81,NC,LGA 3-4,F,72,66.7,95.0,120,33.3,33.4,33.3,120,33.4,120,47.5,47.5,33.3 / 120,33.4 / 120
81,NC,4 - Highlands Tees,F,72,64.0,91.1,115,31.9,32.1,31.9,114,32.1,115,45.4,45.7,31.9 / 114,32.1 / 115
186,NC,Blue Tees,M,70,69.6,95.4,139,34.9,34.7,34.9,139,34.7,139,47.8,47.6,34.9 / 139,34.7 / 139
186,NC,Whiteside Tees,M,70,68.3,93.7,137,34.2,34.1,34.2,138,34.1,136,47.0,46.7,34.2 / 138,34.1 / 136
186,NC,White Tees,M,70,67.4,92.1,133,33.9,33.5,33.9,135,33.5,131,46.4,45.7,33.9 / 135,33.5 / 131
186,NC,Falls Tees,M,70,65.8,89.1,126,33.1,32.7,33.1,128,32.7,123,45.0,44.1,33.1 / 128,32.7 / 123
186,NC,Gold Tees,M,70,64.8,87.3,121,32.6,32.2,32.6,125,32.2,117,44.2,43.1,32.6 / 125,32.2 / 117
186,NC,Highlands Tees,M,70,63.1,84.9,118,31.6,31.5,31.6,121,31.5,114,42.8,42.1,31.6 / 121,31.5 / 114
186,NC,Red Tees,M,70,62.5,84.0,116,31.3,31.2,31.3,118,31.2,113,42.3,41.7,31.3 / 118,31.2 / 113
186,NC,Laurel Tees,M,70,60.2,80.3,113,29.9,30.3,29.9,113,30.3,112,40.4,40.7,29.9 / 113,30.3 / 112
186,NC,White Tees,F,70,72.3,107.3,149,36.2,36.1,36.2,150,36.1,147,53.9,53.4,36.2 / 150,36.1 / 147
186,NC,Falls Tees,F,70,70.1,102.8,139,35.4,34.7,35.4,138,34.7,139,51.7,51.1,35.4 / 138,34.7 / 139
186,NC,Gold Tees,F,70,68.8,100.9,136,34.9,33.9,34.9,135,33.9,137,50.8,50.1,34.9 / 135,33.9 / 137
186,NC,Highlands Tees,F,70,66.9,96.3,125,33.5,33.4,33.5,126,33.4,123,48.4,47.9,33.5 / 126,33.4 / 123
186,NC,Red Tees,F,70,65.8,93.8,119,32.9,32.9,32.9,119,32.9,119,46.9,46.9,32.9 / 119,32.9 / 119
186,NC,Laurel Tees,F,70,62.1,88.0,110,30.5,31.6,30.5,109,31.6,111,43.3,44.7,30.5 / 109,31.6 / 111
14454,NC,Blue Tees,M,71,69.7,93.1,126,34.6,35.1,34.6,126,35.1,126,46.3,46.8,34.6 / 126,35.1 / 126
14454,NC,White Tees,M,71,68.2,91.0,123,33.9,34.3,33.9,124,34.3,122,45.4,45.6,33.9 / 124,34.3 / 122
14454,NC,Yellow Tees,M,71,64.4,85.2,112,32.6,31.8,32.6,111,31.8,113,42.9,42.3,32.6 / 111,31.8 / 113
14454,NC,Red Tees,M,70,62.8,82.6,107,31.4,31.4,31.4,107,31.4,107,41.3,41.3,31.4 / 107,31.4 / 107
14454,NC,Light Blue Tees,M,64,60.0,76.3,88,29.9,30.1,29.9,88,30.1,87,38.1,38.2,29.9 / 88,30.1 / 87
14454,NC,White Tees,F,72,73.6,104.6,132,36.6,37.0,36.6,132,37.0,131,52.2,52.4,36.6 / 132,37.0 / 131
14454,NC,Yellow Tees,F,72,69.2,97.8,122,35.0,34.2,35.0,125,34.2,118,49.7,48.1,35.0 / 125,34.2 / 118
14454,NC,Red Tees,F,72,67.1,94.5,116,33.7,33.4,33.7,116,33.4,116,47.4,47.1,33.7 / 116,33.4 / 116
14454,NC,Light Blue Tees,F,66,61.2,84.5,99,30.8,30.4,30.8,97,30.4,101,42.2,42.3,30.8 / 97,30.4 / 101
200,NC,Blue Tees,M,68,67.0,89.0,119,32.4,34.6,32.4,112,34.6,125,42.8,46.2,32.4 / 112,34.6 / 125
200,NC,White Tees,M,68,64.5,84.2,106,31.5,33.0,31.5,100,33.0,112,40.8,43.4,31.5 / 100,33.0 / 112
200,NC,Red Tees,M,68,62.0,80.0,97,30.5,31.5,30.5,98,31.5,96,39.6,40.4,30.5 / 98,31.5 / 96
200,NC,White Tees,F,71,68.9,96.4,117,33.1,35.8,33.1,111,35.8,122,46.2,50.2,33.1 / 111,35.8 / 122
200,NC,Red Tees,F,71,65.0,89.7,105,31.7,33.3,31.7,99,33.3,110,43.4,46.3,31.7 / 99,33.3 / 110
13962,NC,Black Tees,M,72,73.3,100.0,144,36.2,37.1,36.2,143,37.1,144,49.5,50.5,36.2 / 143,37.1 / 144
13962,NC,Green Tees,M,72,71.6,97.8,141,35.5,36.1,35.5,139,36.1,143,48.4,49.4,35.5 / 139,36.1 / 143
13962,NC,Grey Tees,M,72,70.1,95.6,138,34.8,35.3,34.8,136,35.3,139,47.4,48.2,34.8 / 136,35.3 / 139
13962,NC,Gold Tees,M,72,68.1,92.4,131,33.9,34.2,33.9,129,34.2,132,45.9,46.5,33.9 / 129,34.2 / 132
13962,NC,White Tees,M,72,63.4,85.4,118,31.5,31.9,31.5,117,31.9,119,42.4,43.0,31.5 / 117,31.9 / 119
13962,NC,Grey Tees,F,72,76.2,110.8,147,37.6,38.6,37.6,144,38.6,149,54.6,56.2,37.6 / 144,38.6 / 149
13962,NC,Gold Tees,F,72,73.8,106.9,141,36.5,37.3,36.5,139,37.3,142,52.9,54.0,36.5 / 139,37.3 / 142
13962,NC,White Tees,F,72,67.6,96.1,121,33.4,34.2,33.4,116,34.2,126,47.1,49.0,33.4 / 116,34.2 / 126
69,NC,Ross Tees,M,70,72.7,97.5,134,36.0,36.7,36.0,131,36.7,136,48.2,49.3,36.0 / 131,36.7 / 136
69,NC,Souchak Tees,M,70,71.6,96.2,133,35.7,35.9,35.7,130,35.9,135,47.8,48.4,35.7 / 130,35.9 / 135
69,NC,Valley Tees,M,70,71.0,95.1,130,35.2,35.8,35.2,129,35.8,130,47.2,47.9,35.2 / 129,35.8 / 130
69,NC,Nelson Tees,M,70,69.3,93.1,128,34.4,34.9,34.4,128,34.9,128,46.3,46.8,34.4 / 128,34.9 / 128
69,NC,Mashburn Tees,M,70,67.8,91.2,126,33.9,33.9,33.9,127,33.9,125,45.7,45.5,33.9 / 127,33.9 / 125
69,NC,Crichton Tees,M,70,65.7,87.3,116,32.8,32.9,32.8,117,32.9,115,43.7,43.6,32.8 / 117,32.9 / 115
69,NC,Rawlings Tees,M,70,63.5,84.4,113,31.6,31.9,31.6,112,31.9,113,42.0,42.4,31.6 / 112,31.9 / 113
69,NC,Hope Tees,M,70,61.6,82.1,111,31.0,30.6,31.0,111,30.6,110,41.3,40.8,31.0 / 111,30.6 / 110
69,NC,Valley Tees,F,72,77.1,109.4,137,38.4,38.7,38.4,134,38.7,140,54.2,55.2,38.4 / 134,38.7 / 140
69,NC,Nelson Tees,F,72,75.4,106.8,134,37.6,37.8,37.6,131,37.8,136,53.0,53.8,37.6 / 131,37.8 / 136
69,NC,Mashburn Tees,F,72,73.5,103.9,129,36.8,36.7,36.8,127,36.7,131,51.8,52.1,36.8 / 127,36.7 / 131
69,NC,Crichton Tees,F,72,71.0,100.1,124,35.5,35.5,35.5,121,35.5,126,49.8,50.3,35.5 / 121,35.5 / 126
69,NC,Rawlings Tees,F,72,67.2,95.2,119,33.5,33.7,33.5,115,33.7,122,47.1,48.1,33.5 / 115,33.7 / 122
69,NC,Hope Tees,F,72,64.5,91.1,113,32.6,31.9,32.6,113,31.9,113,45.9,45.2,32.6 / 113,31.9 / 113
361,NC,I Tees,M,72,70.6,95.4,134,35.2,35.4,35.2,125,35.4,142,46.8,48.6,35.2 / 125,35.4 / 142
361,NC,II Tees,M,72,68.9,92.8,129,34.5,34.4,34.5,124,34.4,133,46.0,46.8,34.5 / 124,34.4 / 133
361,NC,III Tees,M,72,67.2,89.4,120,33.7,33.5,33.7,114,33.5,125,44.3,45.1,33.7 / 114,33.5 / 125
361,NC,IV Tees,M,72,65.1,85.6,111,32.4,32.7,32.4,108,32.7,113,42.4,43.2,32.4 / 108,32.7 / 113
361,NC,V Tees,M,72,63.9,83.9,108,31.9,32.0,31.9,105,32.0,110,41.7,42.2,31.9 / 105,32.0 / 110
361,NC,II Tees,F,72,74.5,108.1,143,37.2,37.3,37.2,140,37.3,145,53.7,54.4,37.2 / 140,37.3 / 145
361,NC,III Tees,F,72,72.3,104.2,136,36.0,36.3,36.0,135,36.3,136,51.9,52.3,36.0 / 135,36.3 / 136
361,NC,IV Tees,F,72,69.3,98.8,126,34.5,34.8,34.5,125,34.8,126,49.2,49.6,34.5 / 125,34.8 / 126
361,NC,V Tees,F,72,67.8,96.3,121,33.9,33.9,33.9,122,33.9,120,48.3,48.0,33.9 / 122,33.9 / 120
361,NC,VI Tees,F,72,67.3,95.2,119,33.7,33.6,33.7,120,33.6,117,47.8,47.4,33.7 / 120,33.6 / 117
64,NC,Black Tees,M,72,71.7,96.9,136,36.1,35.6,36.1,132,35.6,139,48.4,48.5,36.1 / 132,35.6 / 139
64,NC,Blue Tees,M,72,70.4,95.2,134,35.3,35.1,35.3,129,35.1,138,47.3,47.9,35.3 / 129,35.1 / 138
64,NC,White Tees,M,72,67.6,90.5,124,33.6,34.0,33.6,124,34.0,123,45.1,45.4,33.6 / 124,34.0 / 123
64,NC,Gold Tees,M,72,65.3,85.5,109,32.3,33.0,32.3,110,33.0,108,42.5,43.0,32.3 / 110,33.0 / 108
64,NC,Red Tees,M,71,62.5,81.7,103,31.5,31.0,31.5,105,31.0,101,41.3,40.4,31.5 / 105,31.0 / 101
64,NC,White Tees,F,72,73.0,104.6,134,36.3,36.7,36.3,131,36.7,137,51.8,52.8,36.3 / 131,36.7 / 137
64,NC,Gold Tees,F,72,70.0,100.0,128,34.7,35.3,34.7,125,35.3,130,49.4,50.6,34.7 / 125,35.3 / 130
64,NC,Red Tees,F,72,66.0,93.5,117,33.4,32.6,33.4,117,32.6,116,47.2,46.3,33.4 / 117,32.6 / 116
64,NC,Baby Blue Tees,F,71,60.1,84.3,103,30.3,29.8,30.3,102,29.8,103,42.3,42.0,30.3 / 102,29.8 / 103
451,NC,Gold Tees,M,71,73.9,98.8,134,35.5,38.4,35.5,127,38.4,141,47.3,51.5,35.5 / 127,38.4 / 141
451,NC,Gold-Blue Tees,M,71,72.4,96.8,132,35.5,36.9,35.5,127,36.9,136,47.3,49.5,35.5 / 127,36.9 / 136
451,NC,Blue Tees,M,71,71.3,95.4,130,34.4,36.9,34.4,124,36.9,136,45.9,49.5,34.4 / 124,36.9 / 136
451,NC,Blue-White Tees,M,71,69.9,93.5,127,34.4,35.5,34.4,124,35.5,130,45.9,47.6,34.4 / 124,35.5 / 130
451,NC,White Tees,M,71,68.6,91.8,125,33.1,35.5,33.1,119,35.5,130,44.2,47.6,33.1 / 119,35.5 / 130
451,NC,White-Green Tees,M,71,66.9,88.8,118,33.1,33.8,33.1,119,33.8,116,44.2,44.6,33.1 / 119,33.8 / 116
451,NC,Green Tees,M,71,65.4,86.6,114,31.6,33.8,31.6,112,33.8,116,42.0,44.6,31.6 / 112,33.8 / 116
451,NC,Black Tees,M,68,62.5,82.6,109,30.5,32.0,30.5,107,32.0,110,40.4,42.2,30.5 / 107,32.0 / 110
451,NC,White Tees,F,71,74.4,106.8,138,35.9,38.5,35.9,130,38.5,145,51.2,55.6,35.9 / 130,38.5 / 145
451,NC,White-Green Tees,F,71,72.4,103.5,132,35.9,36.5,35.9,130,36.5,134,51.2,52.3,35.9 / 130,36.5 / 134
451,NC,Green Tees,F,71,70.1,99.8,126,33.6,36.5,33.6,118,36.5,134,47.5,52.3,33.6 / 118,36.5 / 134
451,NC,Black Tees,F,71,66.3,93.8,117,31.9,34.4,31.9,114,34.4,120,45.3,48.5,31.9 / 114,34.4 / 120
84,NC,Black Tees,M,71,70.2,93.5,126,35.5,34.7,35.5,128,34.7,123,47.4,46.1,35.5 / 128,34.7 / 123
84,NC,Blue Tees,M,71,68.2,90.4,120,34.0,34.2,34.0,124,34.2,115,45.5,44.9,34.0 / 124,34.2 / 115
84,NC,White Tees,M,71,64.9,85.2,110,32.4,32.5,32.4,111,32.5,108,42.7,42.5,32.4 / 111,32.5 / 108
84,NC,Red Tees,M,71,62.8,82.3,105,30.7,32.1,30.7,105,32.1,104,40.5,41.8,30.7 / 105,32.1 / 104
84,NC,Blue Tees,F,71,73.5,105.0,134,36.7,36.8,36.7,133,36.8,134,52.4,52.6,36.7 / 133,36.8 / 134
84,NC,White Tees,F,71,69.5,97.8,121,35.2,34.3,35.2,122,34.3,118,49.6,48.2,35.2 / 122,34.3 / 118
84,NC,Red Tees,F,71,65.5,91.6,112,32.2,33.3,32.2,108,33.3,114,44.9,46.7,32.2 / 108,33.3 / 114
231,NC,Purple Tees,M,72,74.2,99.8,138,37.4,36.8,37.4,139,36.8,137,50.3,49.5,37.4 / 139,36.8 / 137
231,NC,Black Tees,M,72,72.3,97.2,134,36.5,35.8,36.5,136,35.8,132,49.1,48.1,36.5 / 136,35.8 / 132
231,NC,White Tees,M,72,70.1,94.4,131,35.4,34.7,35.4,133,34.7,128,47.8,46.6,35.4 / 133,34.7 / 128
231,NC,Yellow Tees,M,72,68.3,91.1,123,34.4,33.9,34.4,127,33.9,118,46.2,44.9,34.4 / 127,33.9 / 118
231,NC,Yellow/Red Hybrid,M,72,66.8,88.7,118,33.1,33.7,33.1,118,33.7,117,44.1,44.6,33.1 / 118,33.7 / 117
231,NC,Red Tees,M,72,65.5,86.5,113,32.7,32.8,32.7,114,32.8,112,43.3,43.2,32.7 / 114,32.8 / 112
231,NC,Green Tees,M,72,63.5,83.5,108,31.6,31.9,31.6,109,31.9,107,41.7,41.8,31.6 / 109,31.9 / 107
231,NC,White Tees,F,72,76.5,108.6,136,38.9,37.6,38.9,138,37.6,134,55.2,53.4,38.9 / 138,37.6 / 134
231,NC,Yellow Tees,F,72,74.2,105.1,131,37.8,36.4,37.8,133,36.4,129,53.5,51.6,37.8 / 133,36.4 / 129
231,NC,Yellow/Red Hybrid,F,72,72.3,101.9,126,36.1,36.2,36.1,127,36.2,124,51.1,50.8,36.1 / 127,36.2 / 124
231,NC,Red Tees,F,72,70.7,99.8,124,35.4,35.3,35.4,125,35.3,122,50.1,49.7,35.4 / 125,35.3 / 122
231,NC,Green Tees,F,72,67.6,95.4,118,33.9,33.7,33.9,118,33.7,118,47.8,47.6,33.9 / 118,33.7 / 118
458,NC,Blue Tees,M,72,71.8,95.7,129,35.7,36.1,35.7,125,36.1,132,47.3,48.4,35.7 / 125,36.1 / 132
458,NC,White Tees,M,72,70.0,93.3,126,34.4,35.6,34.4,121,35.6,130,45.6,47.7,34.4 / 121,35.6 / 130
458,NC,Gold Tees,M,72,66.7,88.1,115,33.4,33.3,33.4,115,33.3,115,44.1,44.0,33.4 / 115,33.3 / 115
458,NC,Red Tees,M,72,65.3,85.9,111,32.3,33.0,32.3,113,33.0,109,42.8,43.1,32.3 / 113,33.0 / 109
458,NC,Silver Tees,M,72,64.2,84.4,109,31.9,32.3,31.9,112,32.3,105,42.3,42.1,31.9 / 112,32.3 / 105
458,NC,White Tees,F,73,76.3,107.6,133,37.4,38.9,37.4,126,38.9,140,52.2,55.4,37.4 / 126,38.9 / 140
458,NC,Gold Tees,F,72,72.3,101.7,125,36.2,36.1,36.2,121,36.1,128,50.5,51.2,36.2 / 121,36.1 / 128
458,NC,Red Tees,F,72,70.5,98.6,119,35.2,35.3,35.2,112,35.3,126,48.4,50.2,35.2 / 112,35.3 / 126
458,NC,Silver Tees,F,72,69.3,95.8,112,34.8,34.5,34.8,110,34.5,114,47.8,48.0,34.8 / 110,34.5 / 114
13813,NC,Blue Tees,M,72,72.6,97.7,135,36.6,36.0,36.6,138,36.0,132,49.4,48.3,36.6 / 138,36.0 / 132
13813,NC,White Tees,M,72,70.3,94.1,128,35.5,34.8,35.5,129,34.8,127,47.5,46.6,35.5 / 129,34.8 / 127
13813,NC,Gold Tees,M,72,68.0,90.8,123,34.2,33.8,34.2,124,33.8,122,45.7,45.1,34.2 / 124,33.8 / 122
13813,NC,Super Sr. Tees,M,72,65.4,87.2,117,32.8,32.6,32.8,119,32.6,115,43.9,43.3,32.8 / 119,32.6 / 115
13813,NC,Red Tees,M,72,63.4,84.4,113,31.8,31.6,31.8,114,31.6,112,42.4,42.0,31.8 / 114,31.6 / 112
13813,NC,White Tees,F,72,76.5,109.4,140,38.5,38.0,38.5,145,38.0,134,55.6,53.8,38.5 / 145,38.0 / 134
13813,NC,Gold Tees,F,72,74.0,105.8,135,37.1,36.9,37.1,140,36.9,130,53.6,52.2,37.1 / 140,36.9 / 130
13813,NC,Super Sr. Tees,F,72,70.8,100.8,128,35.4,35.4,35.4,129,35.4,126,50.6,50.2,35.4 / 129,35.4 / 126
13813,NC,Red Tees,F,72,68.3,96.3,119,33.9,34.4,33.9,119,34.4,119,47.9,48.4,33.9 / 119,34.4 / 119
296,NC,Gold Tees,M,72,73.6,99.0,137,36.7,36.9,36.7,135,36.9,139,49.2,49.8,36.7 / 135,36.9 / 139
296,NC,Blue Tees,M,72,70.7,95.0,131,35.1,35.6,35.1,128,35.6,133,47.0,48.0,35.1 / 128,35.6 / 133
296,NC,Blue/Green Hybrid,M,72,69.4,93.5,130,34.3,35.1,34.3,127,35.1,132,46.1,47.4,34.3 / 127,35.1 / 132
296,NC,Green Tees,M,72,68.2,91.5,126,33.9,34.3,33.9,125,34.3,126,45.5,46.0,33.9 / 125,34.3 / 126
296,NC,Green/White Hybrid,M,72,66.5,88.7,120,33.2,33.3,33.2,117,33.3,122,44.1,44.6,33.2 / 117,33.3 / 122
296,NC,White Tees,M,72,65.5,86.8,115,32.6,32.9,32.6,110,32.9,119,42.8,44.0,32.6 / 110,32.9 / 119
296,NC,White/Red Hybrid,M,72,63.0,83.7,112,31.4,31.6,31.4,109,31.6,114,41.5,42.2,31.4 / 109,31.6 / 114
296,NC,Red Tees,M,72,61.9,82.1,109,30.8,31.1,30.8,105,31.1,112,40.6,41.5,30.8 / 105,31.1 / 112
296,NC,White Tees,F,72,70.7,101.6,131,35.1,35.6,35.1,129,35.6,133,50.3,51.3,35.1 / 129,35.6 / 133
296,NC,White/Red Hybrid,F,72,67.7,96.9,124,33.5,34.2,33.5,124,34.2,124,48.1,48.8,33.5 / 124,34.2 / 124
296,NC,Red Tees,F,72,65.7,94.5,122,32.6,33.1,32.6,122,33.1,122,47.0,47.5,32.6 / 122,33.1 / 122
30,NC,Black Tees,M,71,70.6,95.0,132,36.1,34.5,36.1,135,34.5,128,48.6,46.4,36.1 / 135,34.5 / 128
30,NC,White Tees,M,71,67.7,90.6,123,34.8,32.9,34.8,133,32.9,113,47.2,43.4,34.8 / 133,32.9 / 113
30,NC,White/Gray Hybrid,M,71,67.2,89.5,120,34.5,32.7,34.5,128,32.7,112,46.4,43.1,34.5 / 128,32.7 / 112
30,NC,Gray Tees,M,71,65.5,85.9,110,33.5,32.0,33.5,118,32.0,101,44.5,41.4,33.5 / 118,32.0 / 101
30,NC,Orange Tees,M,71,63.2,82.6,105,31.9,31.3,31.9,111,31.3,98,42.2,40.4,31.9 / 111,31.3 / 98
30,NC,White Tees,F,71,73.7,105.0,133,38.1,35.6,38.1,137,35.6,129,54.2,50.8,38.1 / 137,35.6 / 129
30,NC,Gray Tees,F,71,70.2,100.0,127,36.1,34.1,36.1,129,34.1,124,51.3,48.7,36.1 / 129,34.1 / 124
30,NC,Orange Tees,F,71,67.6,95.2,117,34.4,33.2,34.4,120,33.2,114,48.5,46.7,34.4 / 120,33.2 / 114
469,NC,Black Tees,M,72,72.4,97.2,134,36.3,36.1,36.3,132,36.1,135,48.6,48.6,36.3 / 132,36.1 / 135
469,NC,White Tees,M,72,69.6,93.9,131,34.8,34.8,34.8,128,34.8,133,46.7,47.2,34.8 / 128,34.8 / 133
469,NC,White/Gray Hybrid,M,72,68.8,92.1,126,34.3,34.5,34.3,123,34.5,128,45.7,46.4,34.3 / 123,34.5 / 128
469,NC,Gray Tees,M,72,67.1,88.8,117,33.6,33.5,33.6,115,33.5,118,44.3,44.5,33.6 / 115,33.5 / 118
469,NC,Orange Tees,M,72,64.2,84.6,110,32.3,31.9,32.3,109,31.9,111,42.4,42.2,32.3 / 109,31.9 / 111
469,NC,Level II Tees,M,70,58.7,77.4,101,29.1,29.6,29.1,99,29.6,102,38.3,39.1,29.1 / 99,29.6 / 102
469,NC,White Tees,F,72,75.8,108.6,140,37.7,38.1,37.7,142,38.1,137,54.4,54.2,37.7 / 142,38.1 / 137
469,NC,Gray Tees,F,72,72.2,103.0,131,36.1,36.1,36.1,132,36.1,129,51.7,51.3,36.1 / 132,36.1 / 129
469,NC,Orange Tees,F,72,69.2,98.0,123,34.8,34.4,34.8,125,34.4,120,49.5,48.5,34.8 / 125,34.4 / 120
469,NC,Level II Tees,F,70,60.1,84.7,104,29.8,30.3,29.8,103,30.3,105,42.0,42.7,29.8 / 103,30.3 / 105
29,NC,Black Tees,M,71,70.8,95.0,130,34.5,36.3,34.5,128,36.3,132,46.4,48.6,34.5 / 128,36.3 / 132
29,NC,White Tees,M,71,67.7,90.1,121,32.9,34.8,32.9,113,34.8,128,43.4,46.7,32.9 / 113,34.8 / 128
29,NC,White/Gray Hybrid,M,71,67.0,88.8,118,32.7,34.3,32.7,112,34.3,123,43.1,45.7,32.7 / 112,34.3 / 123
29,NC,Gray Tees,M,71,65.6,85.7,108,32.0,33.6,32.0,101,33.6,115,41.4,44.3,32.0 / 101,33.6 / 115
29,NC,Orange Tees,M,71,63.6,82.9,104,31.3,32.3,31.3,99,32.3,109,40.5,42.4,31.3 / 99,32.3 / 109
29,NC,White Tees,F,71,73.3,105.2,136,35.6,37.7,35.6,129,37.7,142,50.8,54.4,35.6 / 129,37.7 / 142
29,NC,Gray Tees,F,71,70.2,100.4,128,34.1,36.1,34.1,124,36.1,132,48.7,51.7,34.1 / 124,36.1 / 132
29,NC,Orange Tees,F,71,68.0,96.2,120,33.2,34.8,33.2,114,34.8,125,46.7,49.5,33.2 / 114,34.8 / 125
460,NC,Black Tees,M,70,69.0,92.8,128,34.5,34.5,34.5,128,34.5,128,46.4,46.4,34.5 / 128,34.5 / 128
460,NC,White Tees,M,70,65.8,86.8,113,32.9,32.9,32.9,113,32.9,113,43.4,43.4,32.9 / 113,32.9 / 113
460,NC,White/Gray Hybrid,M,70,65.4,86.2,112,32.7,32.7,32.7,112,32.7,112,43.1,43.1,32.7 / 112,32.7 / 112
460,NC,Gray Tees,M,70,64.0,82.8,101,32.0,32.0,32.0,101,32.0,101,41.4,41.4,32.0 / 101,32.0 / 101
460,NC,Orange Tees,M,70,62.6,80.8,98,31.3,31.3,31.3,98,31.3,98,40.4,40.4,31.3 / 98,31.3 / 98
460,NC,White Tees,F,70,71.2,101.6,129,35.6,35.6,35.6,129,35.6,129,50.8,50.8,35.6 / 129,35.6 / 129
460,NC,Gray Tees,F,70,68.2,97.4,124,34.1,34.1,34.1,124,34.1,124,48.7,48.7,34.1 / 124,34.1 / 124
460,NC,Orange Tees,F,70,66.4,93.4,114,33.2,33.2,33.2,114,33.2,114,46.7,46.7,33.2 / 114,33.2 / 114
187,NC,Black Tees,M,72,71.4,97.8,143,35.4,36.0,35.4,136,36.0,149,48.0,49.8,35.4 / 136,36.0 / 149
187,NC,Blue Tees,M,72,69.0,94.0,135,34.0,35.0,34.0,131,35.0,138,46.2,47.8,34.0 / 131,35.0 / 138
187,NC,Gold Tees,M,72,67.5,91.2,128,33.6,33.9,33.6,121,33.9,135,44.8,46.4,33.6 / 121,33.9 / 135
187,NC,White Tees,M,72,65.7,87.0,115,32.6,33.1,32.6,107,33.1,123,42.5,44.5,32.6 / 107,33.1 / 123
187,NC,Red Tees,M,72,63.6,82.5,102,31.5,32.1,31.5,98,32.1,105,40.6,41.9,31.5 / 98,32.1 / 105
187,NC,Red/Glenroy Hybrid,M,68,61.6,79.8,98,30.7,30.9,30.7,95,30.9,101,39.5,40.3,30.7 / 95,30.9 / 101
187,NC,Glenroy Tees,M,66,59.2,76.3,92,29.4,29.8,29.4,88,29.8,96,37.6,38.7,29.4 / 88,29.8 / 96
187,NC,Blue Tees,F,72,75.1,108.6,142,37.3,37.8,37.3,141,37.8,143,53.9,54.7,37.3 / 141,37.8 / 143
187,NC,Gold Tees,F,72,72.8,105.3,138,36.3,36.5,36.3,139,36.5,137,52.7,52.6,36.3 / 139,36.5 / 137
187,NC,White Tees,F,72,70.1,101.6,134,34.8,35.3,34.8,131,35.3,137,50.2,51.4,34.8 / 131,35.3 / 137
187,NC,Red Tees,F,72,67.3,96.1,122,33.6,33.7,33.6,118,33.7,126,47.5,48.6,33.6 / 118,33.7 / 126
187,NC,Red/Glenroy Hybrid,F,72,64.2,91.4,116,32.2,32.0,32.2,113,32.0,118,45.5,45.9,32.2 / 113,32.0 / 118
187,NC,Glenroy Tees,F,72,60.5,86.0,108,30.4,30.1,30.4,103,30.1,113,42.6,43.4,30.4 / 103,30.1 / 113
13963,NC,Blue Tees,M,72,71.1,95.4,131,35.2,35.9,35.2,123,35.9,139,46.6,48.8,35.2 / 123,35.9 / 139
13963,NC,White Tees,M,72,70.0,93.8,128,34.8,35.2,34.8,119,35.2,137,45.9,47.9,34.8 / 119,35.2 / 137
13963,NC,Gold Tees,M,72,67.4,89.2,118,33.5,33.9,33.5,111,33.9,124,43.8,45.4,33.5 / 111,33.9 / 124
13963,NC,Gray Tees,M,72,63.9,83.7,107,32.0,31.9,32.0,103,31.9,110,41.6,42.1,32.0 / 103,31.9 / 110
13963,NC,Gold Tees,F,72,72.9,103.4,129,36.1,36.8,36.1,126,36.8,132,51.0,52.4,36.1 / 126,36.8 / 132
13963,NC,Red Tees,F,72,68.4,95.4,115,34.4,34.0,34.4,109,34.0,120,47.2,48.2,34.4 / 109,34.0 / 120
13963,NC,Green Tees,F,72,65.0,90.5,109,32.8,32.2,32.8,103,32.2,114,44.9,45.6,32.8 / 103,32.2 / 114
11,NC,Tournament Tees,M,72,71.4,97.4,140,36.4,35.0,36.4,144,35.0,136,49.8,47.6,36.4 / 144,35.0 / 136
11,NC,Black Tees,M,72,69.6,94.4,134,35.2,34.4,35.2,136,34.4,131,47.8,46.6,35.2 / 136,34.4 / 131
11,NC,Gold Tees,M,72,68.0,91.4,126,34.4,33.6,34.4,130,33.6,122,46.5,44.9,34.4 / 130,33.6 / 122
11,NC,White Tees,M,72,66.1,86.8,112,33.8,32.3,33.8,113,32.3,110,44.3,42.5,33.8 / 113,32.3 / 110
11,NC,Red Tees,M,72,62.9,82.4,105,31.8,31.1,31.8,108,31.1,102,41.8,40.6,31.8 / 108,31.1 / 102
11,NC,Gold Tees,F,73,74.0,107.0,140,37.5,36.5,37.5,144,36.5,136,54.5,52.5,37.5 / 144,36.5 / 136
11,NC,White Tees,F,73,70.8,102.2,134,36.3,34.5,36.3,137,34.5,130,52.4,49.8,36.3 / 137,34.5 / 130
11,NC,Red Tees,F,73,67.4,95.2,118,34.4,33.0,34.4,123,33.0,113,48.9,46.3,34.4 / 123,33.0 / 113
466,NC,Black Tees,M,71,71.0,96.4,137,35.9,35.1,35.9,135,35.1,139,48.4,48.0,35.9 / 135,35.1 / 139
466,NC,Blue Tees,M,71,68.8,93.1,131,34.9,33.9,34.9,130,33.9,131,47.0,46.1,34.9 / 130,33.9 / 131
466,NC,White Tees,M,71,66.8,88.4,116,34.0,32.8,34.0,119,32.8,113,45.1,43.3,34.0 / 119,32.8 / 113
466,NC,Gold Tees,M,71,64.1,84.0,107,32.6,31.5,32.6,107,31.5,107,42.5,41.5,32.6 / 107,31.5 / 107
466,NC,Red Tees,M,71,63.1,81.5,99,32.1,31.0,32.1,101,31.0,97,41.5,40.0,32.1 / 101,31.0 / 97
466,NC,Forward Tees,M,69,58.4,75.5,92,29.4,29.0,29.4,94,29.0,90,38.1,37.4,29.4 / 94,29.0 / 90
466,NC,White Tees,F,71,71.9,102.3,129,36.9,35.0,36.9,131,35.0,126,52.4,49.9,36.9 / 131,35.0 / 126
466,NC,Gold Tees,F,71,68.3,97.4,123,35.0,33.3,35.0,124,33.3,122,49.7,47.7,35.0 / 124,33.3 / 122
466,NC,Red Tees,F,71,66.6,93.1,113,34.1,32.5,34.1,118,32.5,107,48.0,45.1,34.1 / 118,32.5 / 107
466,NC,Forward Tees,F,71,59.5,82.7,99,30.1,29.4,30.1,102,29.4,95,42.1,40.6,30.1 / 102,29.4 / 95
26,NC,Blue Tees,M,72,70.8,95.0,131,34.7,36.1,34.7,126,36.1,135,46.4,48.6,34.7 / 126,36.1 / 135
26,NC,White Tees,M,72,69.7,93.4,128,34.5,35.2,34.5,122,35.2,133,45.8,47.6,34.5 / 122,35.2 / 133
26,NC,Gold Tees,M,72,65.2,85.6,110,32.8,32.4,32.8,112,32.4,108,43.2,42.4,32.8 / 112,32.4 / 108
26,NC,White Tees,F,72,75.1,106.3,133,36.9,38.2,36.9,129,38.2,136,52.1,54.2,36.9 / 129,38.2 / 136
26,NC,Gold Tees,F,72,70.0,98.7,122,35.2,34.8,35.2,122,34.8,121,49.6,49.1,35.2 / 122,34.8 / 121
26,NC,Red Tees,F,72,68.3,95.6,116,34.6,33.7,34.6,117,33.7,114,48.4,47.2,34.6 / 117,33.7 / 114
228,NC,Blue Tees,M,71,71.0,95.7,133,36.1,34.9,36.1,132,34.9,133,48.4,47.3,36.1 / 132,34.9 / 133
228,NC,Gold Tees,M,71,69.4,92.9,127,35.1,34.3,35.1,125,34.3,128,46.7,46.2,35.1 / 125,34.3 / 128
228,NC,White Tees,M,71,66.0,87.6,117,33.6,32.4,33.6,121,32.4,112,44.8,42.8,33.6 / 121,32.4 / 112
228,NC,Red Tees,M,71,63.8,84.8,113,32.3,31.5,32.3,116,31.5,110,43.1,41.7,32.3 / 116,31.5 / 110
228,NC,Gold Tees,F,71,75.2,106.6,134,38.0,37.2,38.0,136,37.2,131,54.0,52.6,38.0 / 136,37.2 / 131
228,NC,White Tees,F,71,70.7,99.6,123,36.2,34.5,36.2,126,34.5,119,51.1,48.5,36.2 / 126,34.5 / 119
228,NC,Red Tees,F,71,68.6,96.8,120,34.8,33.8,34.8,122,33.8,117,49.2,47.6,34.8 / 122,33.8 / 117
35064,NC,Black Tees,M,54,54.0,69.7,85,26.8,27.2,26.8,82,27.2,87,34.4,35.3,26.8 / 82,27.2 / 87
35064,NC,White Tees,M,54,52.2,66.7,78,26.0,26.2,26.0,74,26.2,82,32.9,33.8,26.0 / 74,26.2 / 82
35064,NC,Blue Tees,M,54,50.0,63.1,71,,25.2,,,25.2,72,,31.9,/,25.2 / 72
35064,NC,Black Tees,F,54,56.5,77.7,90,28.1,28.4,28.1,89,28.4,91,38.6,39.1,28.1 / 89,28.4 / 91
35064,NC,White Tees,F,54,54.9,75.3,86,27.3,27.6,27.3,86,27.6,86,37.5,37.8,27.3 / 86,27.6 / 86
35064,NC,Blue Tees,F,54,52.9,71.1,78,,26.6,,,26.6,81,,36.1,/,26.6 / 81
35065,NC,Black Tees,M,54,54.0,69.8,85,27.2,26.8,27.2,87,26.8,83,35.3,34.5,27.2 / 87,26.8 / 83
35065,NC,White Tees,M,54,52.2,66.9,79,26.2,26.0,26.2,82,26.0,76,33.8,33.1,26.2 / 82,26.0 / 76
35065,NC,Blue Tees,M,54,50.4,64.0,73,25.2,25.2,25.2,72,25.2,74,31.9,32.1,25.2 / 72,25.2 / 74
35065,NC,Black Tees,F,54,56.5,77.9,91,28.4,28.1,28.4,91,28.1,91,39.1,38.8,28.4 / 91,28.1 / 91
35065,NC,White Tees,F,54,55.0,75.3,86,27.6,27.4,27.6,86,27.4,86,37.8,37.5,27.6 / 86,27.4 / 86
35065,NC,Blue Tees,F,54,53.3,72.1,80,26.6,26.7,26.6,81,26.7,79,36.1,36.0,26.6 / 81,26.7 / 79
35066,NC,Black Tees,M,54,53.6,68.9,83,26.8,26.8,26.8,83,26.8,82,34.5,34.4,26.8 / 83,26.8 / 82
35066,NC,White Tees,M,54,52.0,66.0,75,26.0,26.0,26.0,76,26.0,74,33.1,32.9,26.0 / 76,26.0 / 74
35066,NC,Blue Tees,M,54,50.0,63.3,72,25.2,,25.2,74,,,32.1,,25.2 / 74,/
35066,NC,Black Tees,F,54,56.2,77.4,90,28.1,28.1,28.1,91,28.1,89,38.8,38.6,28.1 / 91,28.1 / 89
35066,NC,White Tees,F,54,54.7,75.0,86,27.4,27.3,27.4,86,27.3,86,37.5,37.5,27.4 / 86,27.3 / 86
35066,NC,Blue Tees,F,54,53.0,71.0,77,26.7,,26.7,79,,,36.0,,26.7 / 79,/
381,NC,Blue Tees,M,35,32.7,44.3,125,32.7,,32.7,125,,,44.3,,32.7 / 125,/
381,NC,White Tees,M,35,32.2,43.4,121,32.2,,32.2,121,,,43.4,,32.2 / 121,/
381,NC,Red Tees,M,35,31.8,41.8,108,31.8,,31.8,108,,,41.8,,31.8 / 108,/
381,NC,Yellow Tees,M,35,31.1,40.9,105,31.1,,31.1,105,,,40.9,,31.1 / 105,/
381,NC,Blue Tees,F,35,35.3,50.6,130,35.3,,35.3,130,,,50.6,,35.3 / 130,/
381,NC,White Tees,F,35,34.7,49.6,126,34.7,,34.7,126,,,49.6,,34.7 / 126,/
381,NC,Red Tees,F,35,33.3,46.8,114,33.3,,33.3,114,,,46.8,,33.3 / 114,/
381,NC,Yellow Tees,F,35,31.9,44.8,109,31.9,,31.9,109,,,44.8,,31.9 / 109,/
13933,NC,Blue Tees,M,72,72.0,97.8,139,35.9,36.1,35.9,141,36.1,137,49.0,48.8,35.9 / 141,36.1 / 137
13933,NC,Blue/White Hybrid,M,72,70.9,95.9,135,35.2,35.7,35.2,137,35.7,132,47.9,48.0,35.2 / 137,35.7 / 132
13933,NC,White Tees,M,72,69.9,94.0,130,34.8,35.1,34.8,130,35.1,129,46.9,47.1,34.8 / 130,35.1 / 129
13933,NC,Gold Tees,M,72,67.7,89.6,118,33.9,33.8,33.9,118,33.8,117,44.9,44.7,33.9 / 118,33.8 / 117
13933,NC,Red Tees,M,71,65.2,86.2,113,32.4,32.8,32.4,115,32.8,111,43.1,43.1,32.4 / 115,32.8 / 111
13933,NC,Gold Tees,F,72,72.3,103.7,133,36.0,36.3,36.0,139,36.3,127,52.4,51.3,36.0 / 139,36.3 / 127
13933,NC,Red Tees,F,72,69.8,98.3,121,35.0,34.8,35.0,119,34.8,123,49.0,49.3,35.0 / 119,34.8 / 123
5480,NC,Blue Tees,M,72,72.3,98.2,140,36.1,36.2,36.1,137,36.2,142,48.8,49.4,36.1 / 137,36.2 / 142
5480,NC,Blue/White Hybrid,M,72,71.3,96.5,136,35.7,35.6,35.7,132,35.6,139,48.0,48.5,35.7 / 132,35.6 / 139
5480,NC,White Tees,M,72,70.3,94.8,132,35.1,35.2,35.1,129,35.2,135,47.1,47.7,35.1 / 129,35.2 / 135
5480,NC,Gold Tees,M,72,67.6,89.3,117,33.8,33.8,33.8,117,33.8,116,44.7,44.6,33.8 / 117,33.8 / 116
5480,NC,Red Tees,M,70,65.3,86.2,113,32.8,32.5,32.8,111,32.5,114,43.1,43.1,32.8 / 111,32.5 / 114
5480,NC,Gold Tees,F,72,72.4,103.2,131,36.3,36.1,36.3,127,36.1,134,51.3,51.9,36.3 / 127,36.1 / 134
5480,NC,Red Tees,F,72,69.8,98.6,122,34.8,35.0,34.8,123,35.0,121,49.3,49.3,34.8 / 123,35.0 / 121
13932,NC,Blue Tees,M,72,72.1,98.4,142,36.2,35.9,36.2,142,35.9,141,49.4,49.0,36.2 / 142,35.9 / 141
13932,NC,Blue/White Hybrid,M,72,70.8,96.4,138,35.6,35.2,35.6,139,35.2,137,48.5,47.9,35.6 / 139,35.2 / 137
13932,NC,White Tees,M,72,70.0,94.6,133,35.2,34.8,35.2,135,34.8,130,47.7,46.9,35.2 / 135,34.8 / 130
13932,NC,Gold Tees,M,72,67.7,89.5,117,33.8,33.9,33.8,116,33.9,118,44.6,44.9,33.8 / 116,33.9 / 118
13932,NC,Red Tees,M,71,64.9,86.2,115,32.5,32.4,32.5,114,32.4,115,43.1,43.1,32.5 / 114,32.4 / 115
13932,NC,Gold Tees,F,72,72.1,104.3,137,36.1,36.0,36.1,134,36.0,139,51.9,52.4,36.1 / 134,36.0 / 139
13932,NC,Red Tees,F,72,70.0,98.3,120,35.0,35.0,35.0,121,35.0,119,49.3,49.0,35.0 / 121,35.0 / 119
252,NC,Blue Tees 2x,M,60,60.8,80.6,107,30.4,30.4,30.4,107,30.4,107,40.3,40.3,30.4 / 107,30.4 / 107
252,NC,Red Tees 2x,M,60,57.2,74.2,91,28.6,28.6,28.6,91,28.6,91,37.1,37.1,28.6 / 91,28.6 / 91
252,NC,Blue Tees 2x,F,60,63.4,89.2,109,31.7,31.7,31.7,109,31.7,109,44.6,44.6,31.7 / 109,31.7 / 109
252,NC,Red Tees 2x,F,60,58.6,81.4,97,29.3,29.3,29.3,97,29.3,97,40.7,40.7,29.3 / 97,29.3 / 97
35388,NC,White Tees 2x,M,70,68.4,90.8,121,34.2,34.2,34.2,121,34.2,121,45.4,45.4,34.2 / 121,34.2 / 121
35388,NC,Gold Tees 2x,M,70,64.4,83.6,103,32.2,32.2,32.2,103,32.2,103,41.8,41.8,32.2 / 103,32.2 / 103
35388,NC,White Tees 2x,F,70,73.4,103.6,128,36.7,36.7,36.7,128,36.7,128,51.8,51.8,36.7 / 128,36.7 / 128
35388,NC,Gold Tees 2x,F,70,67.2,94.4,115,33.6,33.6,33.6,115,33.6,115,47.2,47.2,33.6 / 115,33.6 / 115
158,NC,Blue Tees,M,68,63.6,84.0,110,32.8,30.8,32.8,113,30.8,107,43.3,40.7,32.8 / 113,30.8 / 107
158,NC,White Tees,M,68,62.4,81.9,106,31.7,30.7,31.7,110,30.7,101,41.9,40.0,31.7 / 110,30.7 / 101
158,NC,Gold Tees,M,68,61.6,79.9,99,31.1,30.5,31.1,102,30.5,95,40.6,39.3,31.1 / 102,30.5 / 95
158,NC,Red Tees,M,68,60.0,77.6,95,30.5,29.5,30.5,98,29.5,91,39.6,38.0,30.5 / 98,29.5 / 91
158,NC,Turquoise,M,68,59.4,76.1,90,30.0,29.4,30.0,93,29.4,87,38.6,37.5,30.0 / 93,29.4 / 87
158,NC,White Tees,F,68,66.1,93.4,116,34.2,31.9,34.2,118,31.9,114,48.1,45.3,34.2 / 118,31.9 / 114
158,NC,Gold Tees,F,68,64.5,90.5,111,33.2,31.3,33.2,112,31.3,109,46.4,44.1,33.2 / 112,31.3 / 109
158,NC,Red Tees,F,68,62.1,86.6,104,32.3,29.8,32.3,108,29.8,100,45.0,41.6,32.3 / 108,29.8 / 100
158,NC,Turquoise,F,68,60.8,84.0,98,31.1,29.7,31.1,98,29.7,98,42.7,41.3,31.1 / 98,29.7 / 98
276,NC,Blue Tees,M,72,73.1,96.8,128,36.3,36.8,36.3,127,36.8,128,48.1,48.7,36.3 / 127,36.8 / 128
276,NC,Blue / White Hybrid,M,72,72.0,95.7,127,35.9,36.1,35.9,127,36.1,127,47.8,47.9,35.9 / 127,36.1 / 127
276,NC,White Tees,M,72,70.9,94.0,125,35.5,35.4,35.5,124,35.4,125,47.0,47.0,35.5 / 124,35.4 / 125
276,NC,White / Yellow Hybrid,M,72,68.8,91.6,123,34.4,34.4,34.4,123,34.4,123,45.8,45.8,34.4 / 123,34.4 / 123
276,NC,Yellow Tees,M,72,67.4,89.6,120,33.6,33.8,33.6,118,33.8,121,44.6,45.0,33.6 / 118,33.8 / 121
276,NC,Red Tees,M,72,65.2,86.2,113,33.0,32.2,33.0,114,32.2,112,43.6,42.6,33.0 / 114,32.2 / 112
276,NC,Orange Tees,M,67,61.7,80.6,102,30.9,30.8,30.9,105,30.8,98,40.7,39.9,30.9 / 105,30.8 / 98
276,NC,Yellow Tees,F,72,73.0,102.7,126,36.1,36.9,36.1,126,36.9,126,50.9,51.8,36.1 / 126,36.9 / 126
276,NC,Red Tees,F,72,69.8,97.5,118,35.1,34.7,35.1,120,34.7,115,49.2,48.3,35.1 / 120,34.7 / 115
276,NC,Orange Tees,F,72,65.5,90.7,107,32.8,32.7,32.8,106,32.7,108,45.3,45.4,32.8 / 106,32.7 / 108
134,NC,I Tees,M,71,70.8,96.3,137,35.7,35.1,35.7,142,35.1,132,48.9,47.4,35.7 / 142,35.1 / 132
134,NC,I/II Hybrid,M,71,69.8,95.0,136,35.2,34.6,35.2,139,34.6,132,48.1,46.9,35.2 / 139,34.6 / 132
134,NC,II Tees,M,71,69.3,94.0,133,34.9,34.4,34.9,135,34.4,131,47.4,46.6,34.9 / 135,34.4 / 131
134,NC,II/III Hybrid,M,71,68.1,92.0,129,34.4,33.7,34.4,129,33.7,128,46.4,45.6,34.4 / 129,33.7 / 128
134,NC,III Tees,M,71,67.2,90.2,124,33.9,33.3,33.9,126,33.3,122,45.6,44.6,33.9 / 126,33.3 / 122
134,NC,III/IV Hybrid,M,71,66.2,88.9,123,33.5,32.7,33.5,124,32.7,121,45.0,43.9,33.5 / 124,32.7 / 121
134,NC,IV Tees,M,71,65.0,87.3,120,33.0,32.0,33.0,121,32.0,119,44.2,43.1,33.0 / 121,32.0 / 119
134,NC,IV/V Hybrid,M,71,64.0,85.9,118,32.5,31.5,32.5,118,31.5,117,43.5,42.4,32.5 / 118,31.5 / 117
134,NC,V Tees,M,71,63.2,84.8,116,32.1,31.1,32.1,116,31.1,116,42.9,41.9,32.1 / 116,31.1 / 116
134,NC,III Tees,F,71,72.7,105.5,140,36.7,36.0,36.7,148,36.0,131,54.1,51.4,36.7 / 148,36.0 / 131
134,NC,III/IV Hybrid,F,71,71.2,103.5,137,36.1,35.1,36.1,144,35.1,130,53.1,50.4,36.1 / 144,35.1 / 130
134,NC,IV Tees,F,71,70.4,101.4,132,35.6,34.8,35.6,135,34.8,128,51.5,49.9,35.6 / 135,34.8 / 128
134,NC,IV/V Hybrid,F,71,68.9,98.5,126,35.1,33.8,35.1,133,33.8,118,50.8,47.7,35.1 / 133,33.8 / 118
134,NC,V Tees,F,71,67.3,96.2,123,34.4,32.9,34.4,128,32.9,117,49.5,46.7,34.4 / 128,32.9 / 117
134,NC,V/VI Hybrid,F,71,65.3,93.0,118,33.0,32.3,33.0,121,32.3,114,47.3,45.7,33.0 / 121,32.3 / 114
134,NC,VI Tees,F,71,65.1,92.3,116,32.9,32.2,32.9,118,32.2,113,46.8,45.5,32.9 / 118,32.2 / 113
125,NC,Blue Tees,M,72,69.6,92.7,125,35.1,34.5,35.1,125,34.5,124,46.7,46.0,35.1 / 125,34.5 / 124
125,NC,Blue/White Hybrid,M,72,68.5,91.1,122,34.2,34.3,34.2,123,34.3,121,45.6,45.5,34.2 / 123,34.3 / 121
125,NC,White Tees,M,72,67.8,89.9,119,33.9,33.9,33.9,121,33.9,117,45.1,44.8,33.9 / 121,33.9 / 117
125,NC,White/Gold Hybrid,M,72,66.4,88.1,117,33.3,33.1,33.3,120,33.1,113,44.5,43.6,33.3 / 120,33.1 / 113
125,NC,Gold Tees,M,72,65.7,87.1,115,32.9,32.8,32.9,119,32.8,111,44.0,43.1,32.9 / 119,32.8 / 111
125,NC,Orange Tees,M,72,63.6,84.6,113,31.7,31.9,31.7,117,31.9,109,42.6,42.0,31.7 / 117,31.9 / 109
125,NC,Red Tees,M,71,62.0,82.2,109,30.7,31.3,30.7,111,31.3,107,41.0,41.2,30.7 / 111,31.3 / 107
125,NC,White Tees,F,72,73.4,103.2,127,36.9,36.5,36.9,126,36.5,127,51.7,51.5,36.9 / 126,36.5 / 127
125,NC,White/Gold Hybrid,F,72,71.9,100.8,123,36.2,35.7,36.2,122,35.7,123,50.6,50.2,36.2 / 122,35.7 / 123
125,NC,Gold Tees,F,72,71.1,99.3,120,35.8,35.3,35.8,120,35.3,120,49.9,49.4,35.8 / 120,35.3 / 120
125,NC,Orange Tees,F,72,68.3,95.5,116,34.2,34.1,34.2,119,34.1,112,48.2,47.3,34.2 / 119,34.1 / 112
125,NC,Red Tees,F,72,65.8,91.6,110,32.6,33.2,32.6,109,33.2,110,45.4,46.2,32.6 / 109,33.2 / 110
106,NC,Blue Tees,M,72,72.5,96.9,131,35.9,36.6,35.9,130,36.6,132,48.0,48.9,35.9 / 130,36.6 / 132
106,NC,White Tees,M,72,70.9,94.7,128,35.0,35.9,35.0,128,35.9,128,46.9,47.8,35.0 / 128,35.9 / 128
106,NC,Gold Tees,M,72,68.0,89.8,117,33.7,34.3,33.7,115,34.3,119,44.4,45.4,33.7 / 115,34.3 / 119
106,NC,Red Tees,M,72,66.4,87.3,113,33.1,33.3,33.1,113,33.3,112,43.6,43.7,33.1 / 113,33.3 / 112
106,NC,Teal Tees,M,72,63.2,83.1,107,31.7,31.5,31.7,104,31.5,110,41.4,41.7,31.7 / 104,31.5 / 110
106,NC,White Tees,F,72,77.0,109.1,136,37.9,39.1,37.9,138,39.1,134,54.2,54.9,37.9 / 138,39.1 / 134
106,NC,Gold Tees,F,72,72.9,103.0,128,36.1,36.8,36.1,131,36.8,124,51.6,51.4,36.1 / 131,36.8 / 124
106,NC,Red Tees,F,72,71.3,100.0,122,35.7,35.6,35.7,122,35.6,121,50.1,49.9,35.7 / 122,35.6 / 121
106,NC,Teal Tees,F,72,67.8,94.2,112,34.1,33.7,34.1,111,33.7,113,47.2,47.0,34.1 / 111,33.7 / 113
202,NC,Blue Tees,M,72,71.3,94.1,123,35.6,35.7,35.6,124,35.7,122,47.1,47.0,35.6 / 124,35.7 / 122
202,NC,White Tees,M,72,68.9,91.3,121,34.1,34.8,34.1,121,34.8,121,45.3,46.0,34.1 / 121,34.8 / 121
202,NC,Gold Tees,M,72,65.6,86.3,112,32.5,33.1,32.5,111,33.1,112,42.8,43.5,32.5 / 111,33.1 / 112
202,NC,White Tees,F,74,74.3,105.8,134,36.8,37.5,36.8,132,37.5,135,52.4,53.4,36.8 / 132,37.5 / 135
202,NC,Gold Tees,F,74,70.6,99.2,122,35.2,35.4,35.2,119,35.4,124,49.2,50.0,35.2 / 119,35.4 / 124
202,NC,Red Tees,F,74,66.3,93.0,113,33.1,33.2,33.1,112,33.2,114,46.3,46.7,33.1 / 112,33.2 / 114
92,NC,Blue Tees,M,72,70.3,93.9,127,35.1,35.2,35.1,126,35.2,128,46.8,47.1,35.1 / 126,35.2 / 128
92,NC,White Tees,M,72,68.3,91.3,124,33.9,34.4,33.9,121,34.4,127,45.1,46.2,33.9 / 121,34.4 / 127
92,NC,Gold Tees,M,72,65.7,86.4,112,32.8,32.9,32.8,107,32.9,116,42.7,43.7,32.8 / 107,32.9 / 116
92,NC,Gold Tees,F,72,70.5,99.7,124,34.8,35.7,34.8,120,35.7,128,48.9,50.8,34.8 / 120,35.7 / 128
92,NC,Red Tees,F,71,68.3,95.6,116,33.6,34.7,33.6,114,34.7,117,47.1,48.5,33.6 / 114,34.7 / 117
18046,NC,Blue Tees,M,72,68.1,90.0,118,34.3,33.8,34.3,114,33.8,122,44.9,45.1,34.3 / 114,33.8 / 122
18046,NC,White Tees,M,72,65.9,86.6,112,33.1,32.8,33.1,112,32.8,111,43.5,43.1,33.1 / 112,32.8 / 111
18046,NC,Gold Tees,M,72,63.6,83.4,107,32.1,31.5,32.1,104,31.5,109,41.8,41.6,32.1 / 104,31.5 / 109
18046,NC,Red Tees,M,72,61.0,78.6,95,30.4,30.6,30.4,96,30.6,94,39.3,39.3,30.4 / 96,30.6 / 94
18046,NC,White Tees,F,72,71.4,100.7,124,35.9,35.5,35.9,121,35.5,127,50.2,50.5,35.9 / 121,35.5 / 127
18046,NC,Gold Tees,F,72,68.5,96.2,118,34.6,33.9,34.6,118,33.9,117,48.5,47.7,34.6 / 118,33.9 / 117
18046,NC,Red Tees,F,72,63.6,88.6,106,31.8,31.8,31.8,105,31.8,107,44.2,44.4,31.8 / 105,31.8 / 107
74,NC,Gold Tees,M,72,73.6,98.2,132,36.9,36.7,36.9,132,36.7,132,49.2,49.0,36.9 / 132,36.7 / 132
74,NC,Blue Tees,M,72,71.0,94.5,127,35.6,35.4,35.6,126,35.4,127,47.3,47.2,35.6 / 126,35.4 / 127
74,NC,White Tees,M,72,68.9,91.6,123,34.5,34.4,34.5,124,34.4,121,46.0,45.6,34.5 / 124,34.4 / 121
74,NC,Gray Tees,M,72,66.7,88.0,115,33.4,33.3,33.4,116,33.3,113,44.2,43.8,33.4 / 116,33.3 / 113
74,NC,Red Tees,M,72,64.7,85.3,111,32.5,32.2,32.5,110,32.2,112,42.7,42.6,32.5 / 110,32.2 / 112
74,NC,Family 2 Tees,M,66,61.6,80.6,102,30.9,30.7,30.9,102,30.7,102,40.4,40.2,30.9 / 102,30.7 / 102
74,NC,Family 1 Tees,M,58,57.5,75.5,97,28.9,28.6,28.9,97,28.6,97,37.9,37.6,28.9 / 97,28.6 / 97
74,NC,White Tees,F,72,74.6,105.4,131,37.5,37.1,37.5,133,37.1,128,53.2,52.2,37.5 / 133,37.1 / 128
74,NC,Gray Tees,F,72,72.0,101.3,125,36.1,35.9,36.1,126,35.9,123,50.9,50.4,36.1 / 126,35.9 / 123
74,NC,Red Tees,F,72,69.7,97.6,119,34.7,35.0,34.7,120,35.0,117,48.8,48.8,34.7 / 120,35.0 / 117
74,NC,Family 2 Tees,F,72,64.5,90.2,109,32.3,32.2,32.3,109,32.2,109,45.2,45.0,32.3 / 109,32.2 / 109
74,NC,Family 1 Tees,F,66,58.8,81.2,95,29.4,29.4,29.4,94,29.4,96,40.5,40.7,29.4 / 94,29.4 / 96
127,NC,Eagle Hybrid Tee,M,72,72.1,98.3,141,35.8,36.3,35.8,140,36.3,142,48.8,49.5,35.8 / 140,36.3 / 142
127,NC,Blue Tees,M,72,70.6,96.3,139,35.4,35.2,35.4,136,35.2,141,48.0,48.3,35.4 / 136,35.2 / 141
127,NC,White Tees,M,72,69.5,93.1,127,34.9,34.6,34.9,129,34.6,125,46.9,46.2,34.9 / 129,34.6 / 125
127,NC,Green Tees,M,72,66.1,88.3,120,33.2,32.9,33.2,117,32.9,122,44.1,44.2,33.2 / 117,32.9 / 122
127,NC,Legends Hybrid,M,72,64.0,85.3,115,32.3,31.7,32.3,113,31.7,116,42.8,42.5,32.3 / 113,31.7 / 116
127,NC,Gold Tees,M,72,62.9,83.6,112,32.0,30.9,32.0,111,30.9,112,42.3,41.3,32.0 / 111,30.9 / 112
127,NC,White Tees,F,72,74.3,108.5,145,37.4,36.9,37.4,144,36.9,146,54.4,54.1,37.4 / 144,36.9 / 146
127,NC,Green Tees,F,72,70.5,102.7,137,35.6,34.9,35.6,137,34.9,137,51.7,51.0,35.6 / 137,34.9 / 137
127,NC,Legends Hybrid,F,72,68.2,98.3,128,34.4,33.8,34.4,126,33.8,130,49.2,49.1,34.4 / 126,33.8 / 130
127,NC,Gold Tees,F,72,66.5,95.2,122,34.0,32.5,34.0,120,32.5,123,48.2,47.0,34.0 / 120,32.5 / 123
329,NC,Gold Tees,M,72,74.4,100.1,139,37.1,37.3,37.1,137,37.3,140,49.8,50.3,37.1 / 137,37.3 / 140
329,NC,Blue Tees,M,72,72.2,97.1,134,35.9,36.3,35.9,132,36.3,136,48.2,48.9,35.9 / 132,36.3 / 136
329,NC,White Tees,M,72,69.6,93.7,130,34.7,34.9,34.7,127,34.9,132,46.5,47.2,34.7 / 127,34.9 / 132
329,NC,White/Green Hybrid,M,72,67.7,90.8,125,34.2,33.5,34.2,123,33.5,126,45.6,45.2,34.2 / 123,33.5 / 126
329,NC,Green Tees,M,72,66.5,88.2,117,33.4,33.1,33.4,117,33.1,116,44.3,43.9,33.4 / 117,33.1 / 116
329,NC,Green/Red Hybrid,M,71,64.9,86.3,115,32.5,32.4,32.5,115,32.4,115,43.2,43.1,32.5 / 115,32.4 / 115
329,NC,Red Tees,M,71,63.9,84.8,113,31.8,32.1,31.8,112,32.1,113,42.2,42.6,31.8 / 112,32.1 / 113
329,NC,White Tees,F,72,75.6,108.0,138,37.6,38.0,37.6,136,38.0,139,53.6,54.4,37.6 / 136,38.0 / 139
329,NC,White/Green Hybrid,F,72,73.4,104.6,132,37.0,36.4,37.0,133,36.4,131,52.7,51.9,37.0 / 133,36.4 / 131
329,NC,Green Tees,F,72,71.4,101.7,129,36.1,35.3,36.1,130,35.3,127,51.4,50.3,36.1 / 130,35.3 / 127
329,NC,Green/Red Hybrid,F,72,69.5,98.0,121,35.0,34.5,35.0,121,34.5,120,49.3,48.7,35.0 / 121,34.5 / 120
329,NC,Red Tees,F,72,67.9,95.6,118,33.8,34.1,33.8,116,34.1,119,47.5,48.1,33.8 / 116,34.1 / 119
391,NC,Blue Tees,M,71,70.7,94.7,129,35.8,34.9,35.8,131,34.9,127,48.0,46.7,35.8 / 131,34.9 / 127
391,NC,White Tees,M,71,68.5,90.3,117,34.6,33.9,34.6,120,33.9,114,45.8,44.5,34.6 / 120,33.9 / 114
391,NC,Green Tees,M,71,67.8,89.4,116,34.0,33.8,34.0,119,33.8,113,45.1,44.3,34.0 / 119,33.8 / 113
391,NC,Gold Tees,M,71,65.0,85.6,111,32.6,32.4,32.6,110,32.4,112,42.8,42.8,32.6 / 110,32.4 / 112
391,NC,White Tees,F,71,73.5,103.8,129,37.1,36.4,37.1,134,36.4,123,52.9,50.9,37.1 / 134,36.4 / 123
391,NC,Green Tees,F,71,72.7,102.5,127,36.5,36.2,36.5,132,36.2,121,52.0,50.5,36.5 / 132,36.2 / 121
391,NC,Gold Tees,F,71,70.3,98.9,122,35.4,34.9,35.4,125,34.9,118,50.1,48.8,35.4 / 125,34.9 / 118
391,NC,Red Tees,F,71,68.6,95.0,112,34.5,34.1,34.5,111,34.1,113,47.6,47.4,34.5 / 111,34.1 / 113
396,NC,Blue Tees,M,71,68.6,91.3,123,34.8,33.8,34.8,124,33.8,121,46.3,45.0,34.8 / 124,33.8 / 121
396,NC,White Tees,M,71,66.8,88.4,117,33.9,32.9,33.9,122,32.9,111,45.2,43.2,33.9 / 122,32.9 / 111
396,NC,Gold Tees,M,71,63.8,83.6,107,32.2,31.6,32.2,109,31.6,104,42.3,41.3,32.2 / 109,31.6 / 104
396,NC,Red Tees,M,68,61.8,80.3,99,31.3,30.5,31.3,102,30.5,96,40.8,39.5,31.3 / 102,30.5 / 96
396,NC,White Tees,F,71,72.2,101.1,123,36.9,35.3,36.9,126,35.3,119,51.8,49.3,36.9 / 126,35.3 / 119
396,NC,Gold Tees,F,71,68.4,96.5,119,34.7,33.7,34.7,123,33.7,115,49.2,47.3,34.7 / 123,33.7 / 115
396,NC,Red Tees,F,71,65.0,91.5,113,33.3,31.7,33.3,119,31.7,107,47.3,44.2,33.3 / 119,31.7 / 107
45,NC,Blue Tees,M,72,72.2,97.3,135,36.6,35.6,36.6,139,35.6,131,49.5,47.8,36.6 / 139,35.6 / 131
45,NC,Blue/White Hybrid,M,72,70.9,95.4,132,35.8,35.1,35.8,133,35.1,130,48.2,47.2,35.8 / 133,35.1 / 130
45,NC,White Tees,M,72,70.0,93.8,128,35.1,34.9,35.1,131,34.9,125,47.3,46.5,35.1 / 131,34.9 / 125
45,NC,White/Gold Hybrid,M,72,68.9,92.1,125,34.4,34.5,34.4,126,34.5,124,46.1,46.0,34.4 / 126,34.5 / 124
45,NC,Gold Tees,M,72,67.7,90.2,122,33.8,33.9,33.8,122,33.9,121,45.1,45.1,33.8 / 122,33.9 / 121
45,NC,Gold/Red Hybrid,M,72,66.8,89.1,120,33.6,33.2,33.6,121,33.2,119,44.8,44.3,33.6 / 121,33.2 / 119
45,NC,Red Tees,M,72,65.2,86.5,115,33.3,31.9,33.3,117,31.9,112,44.2,42.3,33.3 / 117,31.9 / 112
45,NC,White Tees,F,72,75.7,107.4,135,38.1,37.6,38.1,138,37.6,131,54.4,53.0,38.1 / 138,37.6 / 131
45,NC,Gold Tees,F,72,72.7,102.8,128,36.3,36.4,36.3,130,36.4,126,51.6,51.2,36.3 / 130,36.4 / 126
45,NC,Gold/Red Hybrid,F,72,71.7,101.4,126,36.0,35.7,36.0,129,35.7,123,51.2,50.2,36.0 / 129,35.7 / 123
45,NC,Red Tees,F,72,69.6,98.4,122,35.6,34.0,35.6,127,34.0,117,50.6,47.8,35.6 / 127,34.0 / 117
360,NC,Gold Tees,M,72,73.7,99.6,140,36.7,37.0,36.7,139,37.0,140,49.6,50.0,36.7 / 139,37.0 / 140
360,NC,Ross Tees,M,72,72.8,98.4,138,36.4,36.4,36.4,138,36.4,138,49.2,49.2,36.4 / 138,36.4 / 138
360,NC,Blue Tees,M,72,72.2,97.5,137,35.9,36.3,35.9,137,36.3,136,48.6,48.9,35.9 / 137,36.3 / 136
360,NC,White Tees,M,72,70.4,94.8,131,34.9,35.5,34.9,130,35.5,132,47.0,47.8,34.9 / 130,35.5 / 132
360,NC,White/Black Hybrid,M,72,69.1,92.3,125,34.3,34.8,34.3,127,34.8,123,46.1,46.2,34.3 / 127,34.8 / 123
360,NC,Black Tees,M,72,67.5,89.8,120,33.5,34.0,33.5,121,34.0,119,44.7,45.1,33.5 / 121,34.0 / 119
360,NC,Green Tees,M,72,64.6,86.1,116,32.0,32.6,32.0,116,32.6,115,42.8,43.3,32.0 / 116,32.6 / 115
360,NC,White Tees,F,72,76.2,109.5,141,37.9,38.3,37.9,140,38.3,142,54.4,55.1,37.9 / 140,38.3 / 142
360,NC,White/Back Hybrid,F,72,74.3,106.5,137,37.2,37.1,37.2,137,37.1,137,53.3,53.2,37.2 / 137,37.1 / 137
360,NC,Black Tees,F,72,72.6,104.0,133,36.2,36.4,36.2,132,36.4,134,51.8,52.2,36.2 / 132,36.4 / 134
360,NC,Green Tees,F,72,69.1,98.6,126,34.4,34.7,34.4,125,34.7,126,49.1,49.5,34.4 / 125,34.7 / 126
243,NC,White Tees,M,69,66.8,89.9,124,35.5,31.3,35.5,130,31.3,118,47.6,42.3,35.5 / 130,31.3 / 118
243,NC,Red Tees,M,69,64.2,85.9,117,33.8,30.4,33.8,117,30.4,116,44.7,41.2,33.8 / 117,30.4 / 116
243,NC,Gold Tees,M,69,62.6,83.7,114,32.7,29.9,32.7,115,29.9,112,43.4,40.3,32.7 / 115,29.9 / 112
243,NC,Orange Tees,M,67,60.4,81.0,111,30.5,29.9,30.5,110,29.9,112,40.7,40.3,30.5 / 110,29.9 / 112
243,NC,Red Tees,F,69,67.6,95.9,120,36.0,31.6,36.0,124,31.6,116,50.6,45.3,36.0 / 124,31.6 / 116
243,NC,Gold Tees,F,69,65.6,92.1,113,34.7,30.9,34.7,114,30.9,111,48.1,44.0,34.7 / 114,30.9 / 111
243,NC,Orange Tees,F,69,61.7,87.0,107,30.8,30.9,30.8,103,30.9,111,43.0,44.0,30.8 / 103,30.9 / 111
71,NC,I Tees,M,72,74.2,100.5,142,37.3,36.9,37.3,144,36.9,139,50.7,49.8,37.3 / 144,36.9 / 139
71,NC,II Tees,M,72,72.0,97.3,137,35.9,36.1,35.9,137,36.1,136,48.6,48.7,35.9 / 137,36.1 / 136
71,NC,III Tees,M,72,70.1,94.5,132,34.7,35.4,34.7,135,35.4,128,47.2,47.3,34.7 / 135,35.4 / 128
71,NC,III/IV Hybrid,M,72,68.6,91.9,126,33.9,34.7,33.9,127,34.7,124,45.7,46.2,33.9 / 127,34.7 / 124
71,NC,IV Tees,M,72,67.4,90.1,123,33.6,33.8,33.6,123,33.8,122,45.0,45.1,33.6 / 123,33.8 / 122
71,NC,IV/V Hybrid,M,72,66.0,88.3,120,32.9,33.1,32.9,119,33.1,121,44.0,44.3,32.9 / 119,33.1 / 121
71,NC,V Tees,M,72,64.6,86.5,118,32.3,32.3,32.3,117,32.3,118,43.2,43.3,32.3 / 117,32.3 / 118
71,NC,V/VI Hybrid,M,72,63.5,85.1,116,31.7,31.8,31.7,116,31.8,116,42.5,42.6,31.7 / 116,31.8 / 116
71,NC,VI Tees,M,72,62.8,84.0,114,31.3,31.5,31.3,115,31.5,113,42.0,42.0,31.3 / 115,31.5 / 113
71,NC,IV Tees,F,72,72.2,103.7,134,36.0,36.2,36.0,137,36.2,131,52.1,51.6,36.0 / 137,36.2 / 131
71,NC,IV/V Hybrid,F,72,70.2,101.0,131,35.0,35.2,35.0,132,35.2,129,50.6,50.4,35.0 / 132,35.2 / 129
71,NC,V Tees,F,72,68.8,98.5,126,34.4,34.4,34.4,128,34.4,124,49.5,49.0,34.4 / 128,34.4 / 124
71,NC,V/VI Hybrid,F,72,67.4,96.3,123,33.8,33.6,33.8,122,33.6,123,48.2,48.1,33.8 / 122,33.6 / 123
71,NC,VI Tees,F,72,66.3,94.2,119,33.3,33.0,33.3,117,33.0,120,47.1,47.1,33.3 / 117,33.0 / 120
14211,NC,"Black (Temp #2, #15)",M,71,71.1,96.7,138,35.7,35.4,35.7,136,35.4,140,48.3,48.4,35.7 / 136,35.4 / 140
14211,NC,Blue Tees,M,71,69.5,94.2,133,34.9,34.6,34.9,133,34.6,132,47.3,46.9,34.9 / 133,34.6 / 132
14211,NC,White Tees,M,71,67.5,90.3,123,34.0,33.5,34.0,122,33.5,124,45.3,45.0,34.0 / 122,33.5 / 124
14211,NC,Gold Tees,M,71,65.1,86.7,116,32.9,32.2,32.9,116,32.2,116,43.7,43.0,32.9 / 116,32.2 / 116
14211,NC,Red Tees,M,71,63.9,84.6,112,32.3,31.6,32.3,112,31.6,111,42.7,41.9,32.3 / 112,31.6 / 111
14211,NC,Family Tees,M,68,59.8,79.7,107,30.2,29.6,30.2,109,29.6,105,40.3,39.4,30.2 / 109,29.6 / 105
14211,NC,Blue Tees,F,72,75.5,107.7,137,38.0,37.5,38.0,137,37.5,136,54.2,53.5,38.0 / 137,37.5 / 136
14211,NC,White Tees,F,72,72.7,103.3,130,36.6,36.1,36.6,131,36.1,129,52.0,51.3,36.6 / 131,36.1 / 129
14211,NC,Gold Tees,F,72,70.0,99.5,126,35.4,34.6,35.4,125,34.6,126,50.1,49.4,35.4 / 125,34.6 / 126
14211,NC,Red Tees,F,72,68.3,97.0,122,34.8,33.5,34.8,120,33.5,123,49.0,48.0,34.8 / 120,33.5 / 123
14211,NC,Family Tees,F,71,63.0,88.9,110,32.1,30.9,32.1,109,30.9,110,45.0,43.9,32.1 / 109,30.9 / 110
97,NC,Black Tees,M,72,72.9,98.3,137,36.4,36.5,36.4,131,36.5,142,48.6,49.7,36.4 / 131,36.5 / 142
97,NC,Blue Tees,M,72,70.7,93.9,125,35.3,35.4,35.3,124,35.4,126,46.8,47.1,35.3 / 124,35.4 / 126
97,NC,White Tees,M,72,69.5,92.1,122,34.7,34.8,34.7,119,34.8,124,45.8,46.3,34.7 / 119,34.8 / 124
97,NC,Gold Tees,M,72,67.7,88.9,114,33.9,33.8,33.9,113,33.8,115,44.4,44.5,33.9 / 113,33.8 / 115
97,NC,Red Tees,M,72,65.4,85.9,111,32.7,32.7,32.7,110,32.7,111,42.9,43.0,32.7 / 110,32.7 / 111
97,NC,Green Tees,M,67,61.6,80.9,104,30.7,30.9,30.7,104,30.9,103,40.4,40.5,30.7 / 104,30.9 / 103
97,NC,Blue Tees,F,72,76.4,109.6,141,38.2,38.2,38.2,137,38.2,144,54.4,55.2,38.2 / 137,38.2 / 144
97,NC,White Tees,F,72,75.1,107.6,138,37.4,37.7,37.4,134,37.7,142,53.2,54.4,37.4 / 134,37.7 / 142
97,NC,Gold Tees,F,72,72.8,104.1,133,36.4,36.4,36.4,129,36.4,137,51.6,52.5,36.4 / 129,36.4 / 137
97,NC,Red Tees,F,72,70.6,99.1,121,35.3,35.3,35.3,119,35.3,123,49.3,49.8,35.3 / 119,35.3 / 123
97,NC,Green Tees,F,72,64.7,91.0,112,32.7,32.0,32.7,109,32.0,114,45.6,45.4,32.7 / 109,32.0 / 114
281,NC,Tee No. 7,M,72,72.7,97.6,134,35.4,37.3,35.4,133,37.3,135,47.8,49.8,35.4 / 133,37.3 / 135
281,NC,Tee No. 6.5,M,72,71.3,96.0,133,34.9,36.4,34.9,132,36.4,133,47.2,48.8,34.9 / 132,36.4 / 133
281,NC,Tee No. 6,M,72,70.0,94.5,132,34.2,35.8,34.2,131,35.8,132,46.4,48.1,34.2 / 131,35.8 / 132
281,NC,Tee No. 5.5,M,72,68.5,92.1,127,33.5,35.0,33.5,126,35.0,128,45.2,46.9,33.5 / 126,35.0 / 128
281,NC,Tee No. 5,M,72,66.8,89.2,121,32.8,34.0,32.8,121,34.0,121,44.0,45.2,32.8 / 121,34.0 / 121
281,NC,Tee No. 4.5,M,72,65.5,86.8,115,31.9,33.6,31.9,113,33.6,116,42.4,44.4,31.9 / 113,33.6 / 116
281,NC,Tee No. 4,M,72,64.2,84.5,110,31.6,32.6,31.6,109,32.6,110,41.7,42.8,31.6 / 109,32.6 / 110
281,NC,Tee No. 3.5,M,72,63.2,82.8,106,31.4,31.8,31.4,107,31.8,104,41.3,41.5,31.4 / 107,31.8 / 104
281,NC,Tee No. 3,M,72,62.1,81.3,103,30.9,31.2,30.9,104,31.2,102,40.6,40.7,30.9 / 104,31.2 / 102
281,NC,Tee No. 2.5,M,70,61.0,79.6,100,30.4,30.6,30.4,100,30.6,100,39.7,39.9,30.4 / 100,30.6 / 100
281,NC,Tee No. 2,M,68,59.7,77.8,98,29.7,30.0,29.7,98,30.0,97,38.8,39.0,29.7 / 98,30.0 / 97
281,NC,Tee No. 1.5,M,68,58.6,76.3,96,29.1,29.5,29.1,96,29.5,95,38.0,38.3,29.1 / 96,29.5 / 95
281,NC,Tee No. 1,M,68,57.6,74.8,93,28.9,28.7,28.9,94,28.7,91,37.6,37.2,28.9 / 94,28.7 / 91
281,NC,Right Start,M,67,55.1,70.9,85,27.3,27.8,27.3,85,27.8,85,35.2,35.7,27.3 / 85,27.8 / 85
281,NC,Tee No. 7,F,72,79.0,112.6,143,38.4,40.6,38.4,139,40.6,146,54.8,57.8,38.4 / 139,40.6 / 146
281,NC,Tee No. 6.5,F,72,77.4,110.2,140,37.8,39.6,37.8,137,39.6,142,53.9,56.3,37.8 / 137,39.6 / 142
281,NC,Tee No. 6,F,72,76.1,108.2,136,37.3,38.8,37.3,134,38.8,138,53.1,55.1,37.3 / 134,38.8 / 138
281,NC,Tee No. 5.5,F,72,74.3,105.4,132,36.4,37.9,36.4,131,37.9,133,51.8,53.6,36.4 / 131,37.9 / 133
281,NC,Tee No. 5,F,72,72.4,102.7,129,35.6,36.8,35.6,128,36.8,129,50.7,52.0,35.6 / 128,36.8 / 129
281,NC,Tee No. 4.5,F,72,70.6,99.9,124,34.3,36.3,34.3,122,36.3,126,48.7,51.2,34.3 / 122,36.3 / 126
281,NC,Tee No. 4,F,72,68.8,97.7,123,33.7,35.1,33.7,121,35.1,124,48.0,49.7,33.7 / 121,35.1 / 124
281,NC,Tee No. 3.5,F,72,67.0,95.0,119,33.0,34.0,33.0,120,34.0,118,47.1,47.9,33.0 / 120,34.0 / 118
281,NC,Tee No. 3,F,72,65.4,92.5,115,32.3,33.1,32.3,114,33.1,116,45.7,46.8,32.3 / 114,33.1 / 116
281,NC,Tee No. 2.5,F,72,63.6,90.1,113,31.5,32.1,31.5,112,32.1,113,44.7,45.4,31.5 / 112,32.1 / 113
281,NC,Tee No. 2,F,72,61.9,87.6,109,30.5,31.4,30.5,107,31.4,111,43.1,44.5,30.5 / 107,31.4 / 111
281,NC,Tee No. 1.5,F,72,60.7,85.5,105,30.2,30.5,30.2,103,30.5,107,42.4,43.1,30.2 / 103,30.5 / 107
281,NC,Tee No. 1,F,71,59.8,83.8,102,30.0,29.8,30.0,102,29.8,102,42.0,41.8,30.0 / 102,29.8 / 102
281,NC,Right Start,F,66,57.2,79.2,93,28.4,28.8,28.4,93,28.8,93,39.4,39.8,28.4 / 93,28.8 / 93
265,NC,Nicklaus Tees,M,72,74.5,100.9,142,37.5,37.0,37.5,142,37.0,142,50.7,50.2,37.5 / 142,37.0 / 142
265,NC,Nicklaus/Champion,M,72,72.9,99.0,141,36.6,36.3,36.6,141,36.3,140,49.7,49.3,36.6 / 141,36.3 / 140
265,NC,Champion Tees,M,72,71.3,96.4,135,35.7,35.6,35.7,133,35.6,137,48.1,48.3,35.7 / 133,35.6 / 137
265,NC,Champion/Member,M,72,70.3,95.0,133,35.3,35.0,35.3,131,35.0,135,47.5,47.5,35.3 / 131,35.0 / 135
265,NC,Member Tees,M,72,69.4,93.7,131,34.8,34.6,34.8,130,34.6,131,46.9,46.8,34.8 / 130,34.6 / 131
265,NC,Member/Longview,M,72,67.4,89.6,119,34.2,33.2,34.2,119,33.2,119,45.3,44.3,34.2 / 119,33.2 / 119
265,NC,Longview Tees,M,72,65.6,87.1,116,32.9,32.7,32.9,115,32.7,116,43.6,43.5,32.9 / 115,32.7 / 116
265,NC,Longview/Silo,M,72,63.7,84.4,112,31.9,31.8,31.9,111,31.8,112,42.2,42.2,31.9 / 111,31.8 / 112
265,NC,Silo Tees,M,72,61.7,81.4,106,31.0,30.7,31.0,105,30.7,107,40.8,40.6,31.0 / 105,30.7 / 107
265,NC,Yellow II,M,72,60.4,78.8,99,30.1,30.3,30.1,97,30.3,101,39.1,39.7,30.1 / 97,30.3 / 101
265,NC,Champion Tees,F,72,78.2,113.0,148,39.0,39.2,39.0,148,39.2,147,56.5,56.5,39.0 / 148,39.2 / 147
265,NC,Member Tees,F,72,75.9,109.5,143,38.1,37.8,38.1,144,37.8,141,55.1,54.4,38.1 / 144,37.8 / 141
265,NC,Member/Longview,F,72,72.5,104.0,134,37.0,35.5,37.0,141,35.5,126,53.6,50.4,37.0 / 141,35.5 / 126
265,NC,Longview Tees,F,72,70.3,100.3,128,35.4,34.9,35.4,130,34.9,125,50.7,49.6,35.4 / 130,34.9 / 125
265,NC,Longview/Silo,F,72,67.8,96.6,122,34.2,33.6,34.2,124,33.6,120,48.8,47.8,34.2 / 124,33.6 / 120
265,NC,Silo Tees,F,72,64.4,91.4,115,32.7,31.7,32.7,117,31.7,112,46.5,44.9,32.7 / 117,31.7 / 112
265,NC,Yellow II,F,72,62.4,87.4,106,31.1,31.3,31.1,105,31.3,107,43.5,43.9,31.1 / 105,31.3 / 107
101,NC,Competition Tees,M,72,74.6,101.0,142,36.9,37.7,36.9,142,37.7,142,50.1,50.9,36.9 / 142,37.7 / 142
101,NC,Black Tees,M,72,72.9,98.7,139,36.0,36.9,36.0,139,36.9,139,48.9,49.8,36.0 / 139,36.9 / 139
101,NC,Red Tees,M,72,70.7,95.7,135,35.0,35.7,35.0,133,35.7,136,47.4,48.3,35.0 / 133,35.7 / 136
101,NC,Wolfpack Tees,M,72,68.8,92.2,126,34.0,34.8,34.0,123,34.8,129,45.4,46.8,34.0 / 123,34.8 / 129
101,NC,Wolfpack/Gray Hybrid,M,72,67.0,89.5,122,33.1,33.9,33.1,121,33.9,122,44.3,45.2,33.1 / 121,33.9 / 122
101,NC,Gray Tees,M,72,66.1,87.7,116,32.8,33.3,32.8,116,33.3,116,43.6,44.1,32.8 / 116,33.3 / 116
101,NC,Gray/Green Hybrid,M,72,64.9,85.7,112,32.2,32.7,32.2,112,32.7,112,42.6,43.1,32.2 / 112,32.7 / 112
101,NC,Green Tees,M,72,62.9,83.0,109,31.1,31.8,31.1,108,31.8,109,41.1,41.9,31.1 / 108,31.8 / 109
101,NC,Red Tees,F,72,76.5,110.3,143,37.8,38.7,37.8,142,38.7,144,54.6,55.7,37.8 / 142,38.7 / 144
101,NC,Wolfpack Tees,F,72,74.0,106.5,138,36.5,37.5,36.5,137,37.5,139,52.6,53.9,36.5 / 137,37.5 / 139
101,NC,Wolfpack/Gray Hybrid,F,72,71.9,102.7,131,35.5,36.4,35.5,127,36.4,134,50.5,52.2,35.5 / 127,36.4 / 134
101,NC,Gray Tees,F,72,70.5,100.5,127,34.8,35.7,34.8,122,35.7,132,49.2,51.3,34.8 / 122,35.7 / 132
101,NC,Gray/Green Hybrid,F,72,69.1,97.6,121,34.1,35.0,34.1,117,35.0,125,47.9,49.7,34.1 / 117,35.0 / 125
101,NC,Green Tees,F,72,67.0,94.0,115,32.7,34.3,32.7,115,34.3,114,46.3,47.7,32.7 / 115,34.3 / 114
14202,NC,Players Tees,M,70,67.7,90.2,121,33.9,33.8,33.9,125,33.8,117,45.5,44.7,33.9 / 125,33.8 / 117
14202,NC,Traditional Tees,M,70,66.4,88.0,116,33.3,33.1,33.3,118,33.1,114,44.3,43.7,33.3 / 118,33.1 / 114
14202,NC,Legends Tees,M,70,63.3,83.1,107,31.7,31.6,31.7,105,31.6,108,41.5,41.6,31.7 / 105,31.6 / 108
14202,NC,Gold Tees,F,70,68.3,96.1,118,34.1,34.2,34.1,119,34.2,117,48.1,48.0,34.1 / 119,34.2 / 117
14202,NC,Challenger Tees,F,70,66.7,93.7,115,33.5,33.2,33.5,115,33.2,114,47.1,46.6,33.5 / 115,33.2 / 114
338,NC,Blue Tees,M,71,69.8,92.9,125,35.1,34.7,35.1,122,34.7,127,46.4,46.5,35.1 / 122,34.7 / 127
338,NC,White Tees,M,71,68.4,90.9,121,34.4,34.0,34.4,117,34.0,125,45.3,45.6,34.4 / 117,34.0 / 125
338,NC,Gold Tees,M,71,66.0,85.5,105,32.9,33.1,32.9,105,33.1,104,42.7,42.8,32.9 / 105,33.1 / 104
338,NC,Red Tees,M,71,63.8,82.3,100,31.6,32.2,31.6,100,32.2,99,40.9,41.4,31.6 / 100,32.2 / 99
338,NC,Gold Tees,F,72,70.7,99.7,123,35.3,35.4,35.3,120,35.4,126,49.5,50.2,35.3 / 120,35.4 / 126
338,NC,Red Tees,F,72,68.2,95.3,115,34.0,34.2,34.0,112,34.2,118,47.2,48.1,34.0 / 112,34.2 / 118
195,NC,Gold Tees,M,72,74.1,99.4,137,37.0,37.1,37.0,135,37.1,138,49.5,49.9,37.0 / 135,37.1 / 138
195,NC,Tartan Tees,M,72,72.2,97.2,135,36.0,36.2,36.0,133,36.2,136,48.4,48.8,36.0 / 133,36.2 / 136
195,NC,Blue Tees,M,72,71.3,95.7,131,35.6,35.7,35.6,132,35.7,130,47.9,47.8,35.6 / 132,35.7 / 130
195,NC,Byrd Tees,M,72,69.5,93.7,130,34.6,34.9,34.6,131,34.9,129,46.8,46.9,34.6 / 131,34.9 / 129
195,NC,White Tees,M,72,68.2,91.8,127,33.7,34.5,33.7,127,34.5,127,45.5,46.3,33.7 / 127,34.5 / 127
195,NC,Poole Tees,M,72,67.4,89.0,116,33.8,33.6,33.8,116,33.6,116,44.6,44.4,33.8 / 116,33.6 / 116
195,NC,Red Tees,M,72,65.3,85.7,110,32.7,32.6,32.7,110,32.6,110,42.9,42.8,32.7 / 110,32.6 / 110
195,NC,Green Tees,M,68,60.5,79.6,103,30.0,30.5,30.0,100,30.5,105,39.3,40.3,30.0 / 100,30.5 / 105
195,NC,Blue Tees,F,72,77.5,111.4,144,38.7,38.8,38.7,144,38.8,143,55.7,55.7,38.7 / 144,38.8 / 143
195,NC,Byrd Tees,F,72,75.6,108.5,140,37.7,37.9,37.7,139,37.9,140,54.1,54.4,37.7 / 139,37.9 / 140
195,NC,White Tees,F,72,74.1,106.3,137,36.8,37.3,36.8,136,37.3,137,52.8,53.5,36.8 / 136,37.3 / 137
195,NC,Poole Tees,F,72,71.9,102.5,130,36.1,35.8,36.1,133,35.8,126,51.8,50.7,36.1 / 133,35.8 / 126
195,NC,Red Tees,F,72,69.2,98.7,125,34.8,34.4,34.8,131,34.4,119,50.3,48.4,34.8 / 131,34.4 / 119
195,NC,Red/Green Hybrid,F,72,66.7,94.7,119,33.0,33.7,33.0,123,33.7,114,47.5,47.2,33.0 / 123,33.7 / 114
195,NC,Green Tees,F,72,63.1,89.2,111,31.5,31.6,31.5,115,31.6,106,45.1,44.1,31.5 / 115,31.6 / 106
289,NC,Blue Tees,M,72,70.4,94.8,132,35.7,34.7,35.7,128,34.7,135,47.6,47.2,35.7 / 128,34.7 / 135
289,NC,White Tees,M,72,69.1,93.1,129,34.8,34.3,34.8,127,34.3,131,46.6,46.5,34.8 / 127,34.3 / 131
289,NC,White/Gold Hybrid,M,72,66.4,88.7,120,33.8,32.6,33.8,121,32.6,119,45.0,43.7,33.8 / 121,32.6 / 119
289,NC,Gold Tees,M,72,65.9,87.9,118,33.4,32.5,33.4,118,32.5,118,44.4,43.5,33.4 / 118,32.5 / 118
289,NC,Gold/Green Hybrid,M,72,64.5,85.1,111,32.5,32.0,32.5,110,32.0,112,42.7,42.4,32.5 / 110,32.0 / 112
289,NC,Green Tees,M,72,63.1,83.3,109,31.6,31.5,31.6,108,31.5,110,41.6,41.7,31.6 / 108,31.5 / 110
289,NC,Short Tees,M,66,58.1,75.8,96,29.0,29.1,29.0,93,29.1,98,37.6,38.2,29.0 / 93,29.1 / 98
289,NC,White Tees,F,72,74.3,106.8,138,37.4,36.9,37.4,136,36.9,140,53.4,53.4,37.4 / 136,36.9 / 140
289,NC,White/Gold Hybrid,F,72,70.9,101.2,129,36.2,34.7,36.2,130,34.7,127,51.5,49.7,36.2 / 130,34.7 / 127
289,NC,Gold Tees,F,72,70.1,99.8,126,35.6,34.5,35.6,126,34.5,126,50.4,49.4,35.6 / 126,34.5 / 126
289,NC,Gold/Green Hybrid,F,72,68.2,97.5,125,34.5,33.7,34.5,124,33.7,125,49.1,48.4,34.5 / 124,33.7 / 125
289,NC,Green Tees,F,72,66.6,93.9,116,33.6,33.0,33.6,117,33.0,114,47.4,46.5,33.6 / 117,33.0 / 114
289,NC,Short Tees,F,71,59.7,83.5,101,29.7,30.0,29.7,102,30.0,100,41.7,41.8,29.7 / 102,30.0 / 100
236,NC,Black Tees,M,72,73.6,99.4,139,36.8,36.8,36.8,136,36.8,141,49.5,49.9,36.8 / 136,36.8 / 141
236,NC,Blue Tees,M,72,70.7,94.9,130,35.5,35.2,35.5,130,35.2,130,47.6,47.3,35.5 / 130,35.2 / 130
236,NC,Blue/White Hybrid,M,72,69.8,93.4,127,34.9,34.9,34.9,127,34.9,127,46.7,46.7,34.9 / 127,34.9 / 127
236,NC,White Tees,M,72,68.4,90.9,122,34.0,34.4,34.0,121,34.4,122,45.2,45.7,34.0 / 121,34.4 / 122
236,NC,White/Gold Hybrid,M,72,67.3,89.6,120,33.3,33.8,33.3,119,33.8,118,44.4,44.8,33.3 / 119,33.8 / 118
236,NC,Gold Tees,M,72,65.3,86.7,115,32.7,32.6,32.7,116,32.6,114,43.5,43.2,32.7 / 116,32.6 / 114
236,NC,Gold/Green Hybrid,M,72,63.9,84.6,112,31.9,32.0,31.9,111,32.0,112,42.2,42.4,31.9 / 111,32.0 / 112
236,NC,Green Tees,M,72,61.7,81.6,108,30.9,31.0,30.9,105,31.0,107,40.7,40.9,30.9 / 105,31.0 / 107
236,NC,White Tees,F,72,74.3,106.2,136,36.9,37.4,36.9,129,37.4,142,52.1,54.1,36.9 / 129,37.4 / 142
236,NC,Gold Tees,F,72,71.0,100.2,124,35.6,35.4,35.6,126,35.4,121,50.5,49.7,35.6 / 126,35.4 / 121
236,NC,Gold/Green Hybrid,F,72,69.1,98.0,122,34.5,34.6,34.5,124,34.6,120,49.2,48.8,34.5 / 124,34.6 / 120
236,NC,Green Tees,F,72,65.7,92.9,116,32.9,32.8,32.9,112,32.8,119,46.1,46.8,32.9 / 112,32.8 / 119
267,NC,Black Tees,M,72,74.7,100.2,137,37.9,36.8,37.9,138,36.8,136,50.7,49.5,37.9 / 138,36.8 / 136
267,NC,Blue Tees,M,72,71.8,96.4,133,36.3,35.5,36.3,135,35.5,130,48.8,47.6,36.3 / 135,35.5 / 130
267,NC,Blue/White Hybrid,M,72,70.5,95.0,132,35.6,34.9,35.6,134,34.9,127,48.1,46.7,35.6 / 134,34.9 / 127
267,NC,White Tees,M,72,68.8,92.3,127,34.8,34.0,34.8,132,34.0,121,47.1,45.2,34.8 / 132,34.0 / 121
267,NC,White/Gold Hybrid,M,72,67.3,90.5,125,34.0,33.3,34.0,130,33.3,119,46.1,44.4,34.0 / 130,33.3 / 119
267,NC,Gold Tees,M,72,66.0,87.9,118,33.3,32.7,33.3,119,32.7,116,44.4,43.5,33.3 / 119,32.7 / 116
267,NC,Gold/Green Hybrid,M,72,63.9,84.8,113,32.0,31.9,32.0,114,31.9,111,42.6,42.2,32.0 / 114,31.9 / 111
267,NC,Green Tees,M,72,62.2,82.3,108,31.3,30.9,31.3,111,30.9,105,41.6,40.7,31.3 / 111,30.9 / 105
267,NC,White Tees,F,72,74.7,106.9,137,37.8,36.9,37.8,144,36.9,129,54.8,52.1,37.8 / 144,36.9 / 129
267,NC,Gold Tees,F,72,71.4,101.7,129,35.8,35.6,35.8,131,35.6,126,51.2,50.5,35.8 / 131,35.6 / 126
267,NC,Gold/Green Hybrid,F,72,68.9,98.6,126,34.4,34.5,34.4,124,34.5,124,49.0,49.2,34.4 / 124,34.5 / 124
267,NC,Green Tees,F,72,66.3,93.2,114,33.4,32.9,33.4,116,32.9,112,47.1,46.1,33.4 / 116,32.9 / 112
266,NC,Black Tees,M,72,74.7,100.6,140,36.8,37.9,36.8,141,37.9,138,49.9,50.7,36.8 / 141,37.9 / 138
266,NC,Blue Tees,M,72,71.5,96.1,133,35.2,36.3,35.2,130,36.3,135,47.3,48.8,35.2 / 130,36.3 / 135
266,NC,Blue/White Hybrid,M,72,70.5,94.9,131,34.9,35.6,34.9,127,35.6,134,46.8,48.1,34.9 / 127,35.6 / 134
266,NC,White Tees,M,72,69.2,92.8,127,34.4,34.8,34.4,122,34.8,132,45.7,47.1,34.4 / 122,34.8 / 132
266,NC,White/Gold Hybrid,M,72,67.8,90.9,124,33.8,34.0,33.8,118,34.0,130,44.8,46.1,33.8 / 118,34.0 / 130
266,NC,Gold Tees,M,72,65.9,87.6,117,32.6,33.3,32.6,114,33.3,119,43.2,44.4,32.6 / 114,33.3 / 119
266,NC,Gold/Green Hybrid,M,72,64.0,85.0,113,32.0,32.0,32.0,112,32.0,114,42.4,42.6,32.0 / 112,32.0 / 114
266,NC,Green Tees,M,72,62.3,82.5,109,31.0,31.3,31.0,107,31.3,111,40.9,41.6,31.0 / 107,31.3 / 111
266,NC,White Tees,F,72,75.2,108.9,143,37.4,37.8,37.4,142,37.8,144,54.1,54.8,37.4 / 142,37.8 / 144
266,NC,Gold Tees,F,72,71.2,100.9,126,35.4,35.8,35.4,121,35.8,131,49.7,51.2,35.4 / 121,35.8 / 131
266,NC,Gold/Green Hybrid,F,72,69.0,97.8,122,34.6,34.4,34.6,120,34.4,124,48.8,49.0,34.6 / 120,34.4 / 124
266,NC,Green Tees,F,72,66.2,93.9,118,32.8,33.4,32.8,119,33.4,116,46.8,47.1,32.8 / 119,33.4 / 116
52,NC,Black Tees,M,72,73.6,98.9,137,36.9,36.7,36.9,138,36.7,135,49.7,49.2,36.9 / 138,36.7 / 135
52,NC,Black/Blue Ellis Hybrid,M,72,72.0,97.0,135,35.9,36.1,35.9,136,36.1,133,48.5,48.5,35.9 / 136,36.1 / 133
52,NC,Blue Tees,M,72,71.0,95.5,132,35.3,35.7,35.3,132,35.7,131,47.6,47.9,35.3 / 132,35.7 / 131
52,NC,White Tees,M,72,69.5,93.6,130,34.5,35.0,34.5,130,35.0,129,46.6,47.0,34.5 / 130,35.0 / 129
52,NC,White/Gold Maples Hybrid,M,72,68.2,91.5,126,33.6,34.6,33.6,125,34.6,126,45.2,46.3,33.6 / 125,34.6 / 126
52,NC,Gold Tees,M,72,67.1,89.2,119,33.2,33.9,33.2,119,33.9,118,44.3,44.9,33.2 / 119,33.9 / 118
52,NC,Gold/Red Murphy Hybrid,M,72,64.4,84.9,111,31.8,32.6,31.8,108,32.6,113,41.8,43.1,31.8 / 108,32.6 / 113
52,NC,Red Tees,M,72,63.0,83.1,109,31.3,31.7,31.3,107,31.7,110,41.2,41.9,31.3 / 107,31.7 / 110
52,NC,Short Tees,M,68,58.7,77.4,101,29.6,29.1,29.6,102,29.1,99,39.1,38.3,29.6 / 102,29.1 / 99
52,NC,Blue Tees,F,72,76.8,109.8,140,38.3,38.5,38.3,137,38.5,142,54.5,55.3,38.3 / 137,38.5 / 142
52,NC,White Tees,F,72,75.1,107.4,137,37.4,37.7,37.4,136,37.7,138,53.4,54.0,37.4 / 136,37.7 / 138
52,NC,White/Gold Maples Hybrid,F,72,73.7,105.4,135,36.6,37.1,36.6,133,37.1,136,52.3,53.1,36.6 / 133,37.1 / 136
52,NC,Gold Tees,F,72,72.1,102.9,131,35.9,36.2,35.9,131,36.2,131,51.3,51.6,35.9 / 131,36.2 / 131
52,NC,Gold/Red Murphy Hybrid,F,72,68.9,97.8,123,33.9,35.0,33.9,121,35.0,124,48.2,49.6,33.9 / 121,35.0 / 124
52,NC,Red Tees,F,72,67.6,95.4,118,33.5,34.1,33.5,115,34.1,120,47.1,48.3,33.5 / 115,34.1 / 120
52,NC,Short Tees,F,71,61.3,85.7,104,31.0,30.3,31.0,103,30.3,104,43.1,42.6,31.0 / 103,30.3 / 104
191,NC,Black Tees,M,70,70.4,93.8,126,35.7,34.7,35.7,126,34.7,126,47.4,46.4,35.7 / 126,34.7 / 126
191,NC,Blue Tees,M,70,69.3,91.9,122,35.1,34.2,35.1,119,34.2,124,46.2,45.7,35.1 / 119,34.2 / 124
191,NC,White Tees,M,70,67.2,89.4,120,34.0,33.2,34.0,117,33.2,122,44.9,44.5,34.0 / 117,33.2 / 122
191,NC,Silver Tees,M,70,64.6,84.8,109,33.2,31.4,33.2,109,31.4,109,43.3,41.5,33.2 / 109,31.4 / 109
191,NC,Red Tees,M,70,63.0,82.4,104,32.3,30.7,32.3,105,30.7,103,42.1,40.3,32.3 / 105,30.7 / 103
191,NC,Blue Tees,F,70,74.7,105.7,132,37.6,37.1,37.6,132,37.1,131,53.2,52.5,37.6 / 132,37.1 / 131
191,NC,White Tees,F,70,72.6,102.5,127,36.5,36.1,36.5,129,36.1,125,51.7,50.8,36.5 / 129,36.1 / 125
191,NC,Silver Tees,F,70,69.5,97.3,118,35.5,34.0,35.5,121,34.0,114,49.8,47.5,35.5 / 121,34.0 / 114
191,NC,Red Tees,F,70,66.9,93.1,111,34.4,32.5,34.4,115,32.5,107,48.0,45.1,34.4 / 115,32.5 / 107
432,NC,Blue Tees,M,70,67.6,89.2,117,33.3,34.3,33.3,110,34.3,123,43.5,45.7,33.3 / 110,34.3 / 123
432,NC,White Tees,M,70,65.6,86.8,115,32.5,33.1,32.5,107,33.1,122,42.4,44.4,32.5 / 107,33.1 / 122
432,NC,Yellow Tees,M,70,63.3,81.9,100,31.9,31.4,31.9,96,31.4,104,40.8,41.1,31.9 / 96,31.4 / 104
432,NC,White Tees,F,70,71.2,99.6,121,35.1,36.1,35.1,111,36.1,130,48.2,51.4,35.1 / 111,36.1 / 130
432,NC,Yellow Tees,F,70,67.3,93.2,110,33.5,33.8,33.5,107,33.8,113,46.1,47.1,33.5 / 107,33.8 / 113
432,NC,Red Tees,F,70,64.9,88.6,101,32.2,32.7,32.2,95,32.7,106,43.4,45.2,32.2 / 95,32.7 / 106
153,NC,Blue Tees,M,73,73.8,98.8,135,35.6,38.2,35.6,126,38.2,143,47.3,51.5,35.6 / 126,38.2 / 143
153,NC,White Tees,M,73,71.8,95.4,127,34.6,37.2,34.6,122,37.2,132,45.9,49.5,34.6 / 122,37.2 / 132
153,NC,Gold Tees,M,73,69.9,92.6,122,34.0,35.9,34.0,116,35.9,128,44.8,47.8,34.0 / 116,35.9 / 128
153,NC,Red Tees,M,71,66.5,87.8,115,32.8,33.7,32.8,108,33.7,122,42.8,45.0,32.8 / 108,33.7 / 122
153,NC,White Tees,F,73,77.4,110.3,140,37.2,40.2,37.2,134,40.2,145,53.0,57.3,37.2 / 134,40.2 / 145
153,NC,Gold Tees,F,73,75.6,107.0,133,36.6,39.0,36.6,128,39.0,138,51.7,55.3,36.6 / 128,39.0 / 138
153,NC,Red Tees,F,73,71.8,100.7,123,35.0,36.8,35.0,120,36.8,126,49.1,51.6,35.0 / 120,36.8 / 126
237,NC,Black Tees,M,72,73.4,98.2,134,37.0,36.4,37.0,137,36.4,130,49.7,48.5,37.0 / 137,36.4 / 130
237,NC,Blue Tees,M,72,71.8,95.8,129,36.3,35.5,36.3,133,35.5,125,48.7,47.1,36.3 / 133,35.5 / 125
237,NC,White Tees,M,72,69.0,91.6,122,34.9,34.1,34.9,125,34.1,118,46.5,45.1,34.9 / 125,34.1 / 118
237,NC,Gold Tees,M,72,66.3,87.6,115,33.4,32.9,33.4,115,32.9,114,44.1,43.5,33.4 / 115,32.9 / 114
237,NC,Red Tees,M,72,63.8,84.3,111,32.1,31.7,32.1,111,31.7,110,42.4,41.9,32.1 / 111,31.7 / 110
237,NC,Green Tees,M,71,61.7,81.2,105,30.9,30.8,30.9,104,30.8,105,40.6,40.6,30.9 / 104,30.8 / 105
237,NC,White Tees,F,72,74.8,106.8,136,37.8,37.0,37.8,138,37.0,133,54.1,52.7,37.8 / 138,37.0 / 133
237,NC,Gold Tees,F,72,71.5,101.8,129,36.1,35.4,36.1,128,35.4,129,51.2,50.6,36.1 / 128,35.4 / 129
237,NC,Red Tees,F,72,69.0,97.6,122,35.1,33.9,35.1,120,33.9,123,49.2,48.4,35.1 / 120,33.9 / 123
237,NC,Green Tees,F,72,65.3,91.4,111,33.0,32.3,33.0,112,32.3,109,46.2,45.2,33.0 / 112,32.3 / 109
349,NC,Black Back 9 Twice,M,72,73.4,100.0,143,36.7,36.7,36.7,143,36.7,143,50.0,50.0,36.7 / 143,36.7 / 143
349,NC,Blue Back 9 Twice,M,72,72.0,96.8,133,36.0,36.0,36.0,133,36.0,133,48.4,48.4,36.0 / 133,36.0 / 133
349,NC,Blue/White Back 9 Twice,M,72,71.4,95.8,131,35.7,35.7,35.7,131,35.7,131,47.9,47.9,35.7 / 131,35.7 / 131
349,NC,White Back 9 Twice,M,72,69.8,93.2,126,34.9,34.9,34.9,126,34.9,126,46.6,46.6,34.9 / 126,34.9 / 126
349,NC,White/Yellow Back 9 Twice,M,72,67.8,90.6,123,33.9,33.9,33.9,123,33.9,123,45.3,45.3,33.9 / 123,33.9 / 123
349,NC,Yellow Back 9 Twice,M,72,65.4,87.2,117,32.7,32.7,32.7,117,32.7,117,43.6,43.6,32.7 / 117,32.7 / 117
349,NC,Red Back 9 Twice,M,72,63.4,84.0,111,31.7,31.7,31.7,111,31.7,111,42.0,42.0,31.7 / 111,31.7 / 111
349,NC,Green Back 9 Twice,M,72,59.2,76.4,92,29.6,29.6,29.6,92,29.6,92,38.2,38.2,29.6 / 92,29.6 / 92
349,NC,Blue Back 9 Twice,F,72,78.0,111.6,142,39.0,39.0,39.0,142,39.0,142,55.8,55.8,39.0 / 142,39.0 / 142
349,NC,White Back 9 Twice,F,72,75.4,107.8,137,37.7,37.7,37.7,137,37.7,137,53.9,53.9,37.7 / 137,37.7 / 137
349,NC,White/Yellow Back 9 Twice,F,72,73.4,104.4,131,36.7,36.7,36.7,131,36.7,131,52.2,52.2,36.7 / 131,36.7 / 131
349,NC,Yellow Back 9 Twice,F,72,70.6,100.0,125,35.3,35.3,35.3,125,35.3,125,50.0,50.0,35.3 / 125,35.3 / 125
349,NC,Red Back 9 Twice,F,72,68.4,96.6,120,34.2,34.2,34.2,120,34.2,120,48.3,48.3,34.2 / 120,34.2 / 120
349,NC,Green Back 9 Twice,F,72,61.8,84.4,96,30.9,30.9,30.9,96,30.9,96,42.2,42.2,30.9 / 96,30.9 / 96
300,NC,Tourney Tees,M,71,72.6,99.2,143,36.6,36.0,36.6,140,36.0,146,49.6,49.6,36.6 / 140,36.0 / 146
300,NC,Green Tees,M,71,72.3,98.7,142,36.4,35.9,36.4,139,35.9,145,49.3,49.4,36.4 / 139,35.9 / 145
300,NC,Gold Tees,F,71,73.6,106.1,138,37.3,36.3,37.3,142,36.3,134,54.0,52.1,37.3 / 142,36.3 / 134
331,NC,Medal Tees,M,72,73.5,99.8,142,36.2,37.3,36.2,141,37.3,142,49.3,50.5,36.2 / 141,37.3 / 142
331,NC,Ross Tees,M,72,72.3,97.8,138,35.7,36.6,35.7,137,36.6,138,48.4,49.4,35.7 / 137,36.6 / 138
331,NC,Regular Tees,M,72,70.4,95.6,136,34.8,35.6,34.8,136,35.6,136,47.4,48.2,34.8 / 136,35.6 / 136
331,NC,Executive Tees,M,72,67.8,91.8,129,33.5,34.3,33.5,128,34.3,130,45.4,46.4,33.5 / 128,34.3 / 130
331,NC,Forward Tees,M,72,64.7,86.4,118,32.3,32.4,32.3,117,32.4,119,43.2,43.5,32.3 / 117,32.4 / 119
331,NC,Regular Tees,F,72,75.8,108.6,139,37.6,38.2,37.6,138,38.2,140,53.9,54.7,37.6 / 138,38.2 / 140
331,NC,Executive Tees,F,72,73.0,104.3,133,36.1,36.9,36.1,132,36.9,133,51.7,52.6,36.1 / 132,36.9 / 133
331,NC,Forward Tees,F,72,69.1,98.9,127,34.3,34.8,34.3,126,34.8,128,49.2,49.9,34.3 / 126,34.8 / 128
373,NC,Gold Tees,M,71,73.8,101.0,146,36.9,36.9,36.9,145,36.9,147,50.4,50.6,36.9 / 145,36.9 / 147
373,NC,Blue Tees,M,71,72.1,97.9,139,36.2,35.9,36.2,140,35.9,138,49.2,48.7,36.2 / 140,35.9 / 138
373,NC,Blue/White Hybrid,M,71,70.8,95.7,134,35.7,35.1,35.7,136,35.1,132,48.3,47.4,35.7 / 136,35.1 / 132
373,NC,White Tees,M,71,70.0,94.5,132,35.3,34.7,35.3,135,34.7,129,47.8,46.7,35.3 / 135,34.7 / 129
373,NC,White/Green Hybrid,M,71,69.1,92.6,127,34.6,34.5,34.6,126,34.5,127,46.3,46.3,34.6 / 126,34.5 / 127
373,NC,Green Tees,M,71,67.8,90.5,122,33.8,34.0,33.8,125,34.0,119,45.4,45.1,33.8 / 125,34.0 / 119
373,NC,Green/Red Hybrid,M,71,66.1,88.1,119,33.2,32.9,33.2,122,32.9,115,44.5,43.6,33.2 / 122,32.9 / 115
373,NC,Red Tees,M,71,63.9,84.9,113,31.8,32.1,31.8,114,32.1,112,42.4,42.5,31.8 / 114,32.1 / 112
373,NC,Purple Tees,M,71,61.5,81.7,109,30.6,30.9,30.6,109,30.9,109,40.7,41.0,30.6 / 109,30.9 / 109
373,NC,White Tees,F,72,76.1,110.4,146,38.4,37.7,38.4,148,37.7,143,55.8,54.6,38.4 / 148,37.7 / 143
373,NC,White/Green Hybrid,F,73,74.4,107.9,142,37.2,37.2,37.2,143,37.2,141,54.1,53.8,37.2 / 143,37.2 / 141
373,NC,Green Tees,F,72,72.8,105.6,139,36.5,36.3,36.5,141,36.3,137,53.1,52.5,36.5 / 141,36.3 / 137
373,NC,Green/Red Hybrid,F,72,71.0,102.1,132,35.8,35.2,35.8,138,35.2,126,52.1,50.0,35.8 / 138,35.2 / 126
373,NC,Red Tees,F,72,68.3,96.6,120,34.1,34.2,34.1,120,34.2,120,48.3,48.3,34.1 / 120,34.2 / 120
373,NC,Red/Purple Hybrid,F,72,66.6,94.1,117,33.3,33.3,33.3,117,33.3,116,47.1,47.0,33.3 / 117,33.3 / 116
373,NC,Purple Tees,F,72,65.3,92.0,114,32.4,32.9,32.4,114,32.9,113,45.8,46.2,32.4 / 114,32.9 / 113
383,NC,Tee I,M,72,69.8,93.4,127,34.9,34.9,34.9,127,34.9,127,46.7,46.7,34.9 / 127,34.9 / 127
383,NC,Tee II,M,72,67.8,90.4,122,33.9,33.9,33.9,122,33.9,122,45.2,45.2,33.9 / 122,33.9 / 122
383,NC,Tee III,M,72,66.0,88.0,118,33.0,33.0,33.0,118,33.0,118,44.0,44.0,33.0 / 118,33.0 / 118
383,NC,Tee IV,M,72,64.4,85.4,113,32.2,32.2,32.2,113,32.2,113,42.7,42.7,32.2 / 113,32.2 / 113
383,NC,Tee V,M,72,62.2,82.4,109,31.1,31.1,31.1,109,31.1,109,41.2,41.2,31.1 / 109,31.1 / 109
383,NC,Tee VI,M,72,61.0,80.8,107,30.5,30.5,30.5,107,30.5,107,40.4,40.4,30.5 / 107,30.5 / 107
383,NC,Tee I,F,72,75.4,107.4,136,37.7,37.7,37.7,136,37.7,136,53.7,53.7,37.7 / 136,37.7 / 136
383,NC,Tee II,F,72,73.2,103.6,129,36.6,36.6,36.6,129,36.6,129,51.8,51.8,36.6 / 129,36.6 / 129
383,NC,Tee III,F,72,71.4,101.2,126,35.7,35.7,35.7,126,35.7,126,50.6,50.6,35.7 / 126,35.7 / 126
383,NC,Tee IV,F,72,69.6,98.0,120,34.8,34.8,34.8,120,34.8,120,49.0,49.0,34.8 / 120,34.8 / 120
383,NC,Tee V,F,72,66.6,93.4,114,33.3,33.3,33.3,114,33.3,114,46.7,46.7,33.3 / 114,33.3 / 114
383,NC,Tee VI,F,72,64.6,90.0,108,32.3,32.3,32.3,108,32.3,108,45.0,45.0,32.3 / 108,32.3 / 108
70,NC,Black Tees,M,72,74.2,100.6,142,37.3,36.9,37.3,146,36.9,138,50.9,49.7,37.3 / 146,36.9 / 138
70,NC,Black/Blue Hybrid,M,72,72.1,97.8,139,36.2,35.9,36.2,140,35.9,137,49.2,48.6,36.2 / 140,35.9 / 137
70,NC,Blue Tees,M,72,70.9,96.1,136,35.8,35.1,35.8,136,35.1,136,48.4,47.7,35.8 / 136,35.1 / 136
70,NC,Blue/White Hybrid,M,72,69.6,94.0,131,35.0,34.6,35.0,131,34.6,131,47.2,46.8,35.0 / 131,34.6 / 131
70,NC,White Tees,M,72,68.1,91.1,124,34.4,33.7,34.4,126,33.7,122,46.1,45.0,34.4 / 126,33.7 / 122
70,NC,White/Yellow Hybrid,M,72,66.4,87.8,115,33.2,33.2,33.2,118,33.2,112,44.2,43.6,33.2 / 118,33.2 / 112
70,NC,Yellow Tees,M,72,64.7,85.0,110,32.7,32.0,32.7,110,32.0,109,42.9,42.1,32.7 / 110,32.0 / 109
70,NC,Yellow/Orange Hybrid,M,71,62.6,82.3,106,31.4,31.2,31.4,108,31.2,104,41.4,40.9,31.4 / 108,31.2 / 104
70,NC,Orange Tees,M,69,61.4,80.7,104,31.0,30.4,31.0,107,30.4,101,40.9,39.8,31.0 / 107,30.4 / 101
70,NC,Blue Tees,F,72,76.9,110.6,143,38.8,38.1,38.8,143,38.1,142,55.7,54.9,38.8 / 143,38.1 / 142
70,NC,Blue/White Hybrid,F,72,75.0,107.9,140,37.8,37.2,37.8,139,37.2,140,54.2,53.7,37.8 / 139,37.2 / 140
70,NC,White Tees,F,72,73.1,104.9,135,37.0,36.1,37.0,136,36.1,134,53.0,51.9,37.0 / 136,36.1 / 134
70,NC,White/Yellow Hybrid,F,72,70.8,101.2,129,35.5,35.3,35.5,128,35.3,130,50.6,50.6,35.5 / 128,35.3 / 130
70,NC,Yellow Tees,F,72,69.2,97.8,121,35.0,34.2,35.0,120,34.2,122,49.2,48.6,35.0 / 120,34.2 / 122
70,NC,Yellow/Orange Hybrid,F,72,65.9,93.9,119,33.3,32.6,33.3,117,32.6,120,47.1,46.8,33.3 / 117,32.6 / 120
70,NC,Orange Tees,F,72,64.3,90.1,110,32.7,31.6,32.7,113,31.6,106,46.0,44.1,32.7 / 113,31.6 / 106
307,NC,Blue Tees,M,72,68.6,92.8,130,34.1,34.5,34.1,133,34.5,127,46.5,46.3,34.1 / 133,34.5 / 127
307,NC,White Tees,M,72,66.8,89.5,122,33.2,33.6,33.2,128,33.6,116,45.1,44.4,33.2 / 128,33.6 / 116
307,NC,Gold Tees,M,72,63.9,84.3,110,32.1,31.8,32.1,109,31.8,111,42.2,42.1,32.1 / 109,31.8 / 111
307,NC,Red Tees,M,70,61.8,81.3,105,30.7,31.1,30.7,102,31.1,108,40.2,41.1,30.7 / 102,31.1 / 108
307,NC,Blue Tees,F,72,74.6,107.0,138,37.1,37.5,37.1,141,37.5,134,53.7,53.3,37.1 / 141,37.5 / 134
307,NC,White Tees,F,72,72.4,103.3,131,36.0,36.4,36.0,134,36.4,128,51.8,51.5,36.0 / 134,36.4 / 128
307,NC,Gold Tees,F,72,67.5,95.8,120,34.0,33.5,34.0,126,33.5,114,48.9,46.9,34.0 / 126,33.5 / 114
307,NC,Red Tees,F,70,64.9,91.7,114,32.0,32.9,32.0,116,32.9,111,45.7,46.0,32.0 / 116,32.9 / 111
190,NC,Black Tees,M,72,72.6,97.4,134,35.9,36.7,35.9,132,36.7,135,48.2,49.2,35.9 / 132,36.7 / 135
190,NC,Blue Tees,M,72,71.6,95.8,130,35.5,36.1,35.5,128,36.1,132,47.4,48.4,35.5 / 128,36.1 / 132
190,NC,White Tees,M,72,70.8,94.5,128,35.2,35.6,35.2,126,35.6,129,46.9,47.6,35.2 / 126,35.6 / 129
190,NC,White/Gold Hybrid,M,72,69.6,93.0,126,34.6,35.0,34.6,124,35.0,128,46.1,46.9,34.6 / 124,35.0 / 128
190,NC,Gold Tees,M,72,68.6,91.6,124,34.3,34.3,34.3,122,34.3,126,45.6,46.0,34.3 / 122,34.3 / 126
190,NC,Gold/Red Hybrid,M,72,66.7,89.1,121,33.4,33.3,33.4,116,33.3,125,44.2,44.9,33.4 / 116,33.3 / 125
190,NC,Red Tees,M,72,64.7,85.9,114,31.7,33.0,31.7,109,33.0,119,41.8,44.1,31.7 / 109,33.0 / 119
190,NC,Level II,M,68,59.7,77.4,95,29.7,30.0,29.7,91,30.0,99,38.2,39.2,29.7 / 91,30.0 / 99
190,NC,White Tees,F,72,76.6,107.8,133,38.2,38.4,38.2,131,38.4,134,53.6,54.2,38.2 / 131,38.4 / 134
190,NC,White/Gold Hybrid,F,72,75.6,106.2,130,37.6,38.0,37.6,128,38.0,131,52.7,53.5,37.6 / 128,38.0 / 131
190,NC,Gold Tees,F,72,74.3,104.3,127,37.2,37.1,37.2,126,37.1,128,52.1,52.2,37.2 / 126,37.1 / 128
190,NC,Gold/Red Hybrid,F,72,72.1,101.4,125,36.0,36.1,36.0,124,36.1,125,50.6,50.8,36.0 / 124,36.1 / 125
190,NC,Red Tees,F,72,69.6,98.1,121,33.8,35.8,33.8,118,35.8,124,47.7,50.4,33.8 / 118,35.8 / 124
190,NC,Level II,F,72,60.9,83.9,98,30.3,30.6,30.3,101,30.6,94,42.2,41.7,30.3 / 101,30.6 / 94
85,NC,Blue Tees,M,72,70.2,93.6,126,34.8,35.4,34.8,130,35.4,122,46.9,46.7,34.8 / 130,35.4 / 122
85,NC,White Tees,M,72,69.0,91.1,119,34.0,35.0,34.0,121,35.0,117,45.2,45.9,34.0 / 121,35.0 / 117
85,NC,White/Gold Hybrid,M,72,67.3,88.8,116,33.5,33.8,33.5,119,33.8,112,44.6,44.2,33.5 / 119,33.8 / 112
85,NC,Gold Tees,M,72,66.5,87.1,111,33.2,33.3,33.2,116,33.3,105,44.0,43.1,33.2 / 116,33.3 / 105
85,NC,Red Tees,M,72,64.7,84.8,108,32.0,32.7,32.0,112,32.7,104,42.4,42.4,32.0 / 112,32.7 / 104
85,NC,Silver Tees,M,72,62.6,81.8,104,31.1,31.5,31.1,108,31.5,99,41.1,40.7,31.1 / 108,31.5 / 99
85,NC,Gold Tees,F,72,71.7,100.2,121,36.1,35.6,36.1,120,35.6,122,50.2,50.0,36.1 / 120,35.6 / 122
85,NC,Red Tees,F,72,69.1,96.9,118,34.2,34.9,34.2,116,34.9,120,47.9,49.0,34.2 / 116,34.9 / 120
85,NC,Silver Tees,F,72,66.4,92.5,111,32.9,33.5,32.9,109,33.5,112,45.8,46.7,32.9 / 109,33.5 / 112
108,NC,Blue Tees,M,72,72.2,96.7,132,35.3,36.9,35.3,128,36.9,136,47.2,49.5,35.3 / 128,36.9 / 136
108,NC,White Tees,M,72,70.2,93.7,127,34.9,35.3,34.9,123,35.3,130,46.3,47.4,34.9 / 123,35.3 / 130
108,NC,Gold Tees,M,72,67.6,90.7,125,33.4,34.2,33.4,122,34.2,127,44.7,46.0,33.4 / 122,34.2 / 127
108,NC,Monroe Tees,M,72,64.7,86.4,117,31.9,32.8,31.9,114,32.8,119,42.5,43.9,31.9 / 114,32.8 / 119
108,NC,Red Tees,M,72,63.3,84.6,115,31.4,31.9,31.4,113,31.9,116,41.9,42.7,31.4 / 113,31.9 / 116
108,NC,Gold Tees,F,72,73.9,104.4,130,36.4,37.5,36.4,128,37.5,131,51.5,52.9,36.4 / 128,37.5 / 131
108,NC,Monroe Tees,F,72,69.9,98.4,121,34.4,35.5,34.4,119,35.5,123,48.4,50.0,34.4 / 119,35.5 / 123
108,NC,Red Tees,F,72,67.9,95.5,117,33.6,34.3,33.6,118,34.3,116,47.5,48.0,33.6 / 118,34.3 / 116
318,NC,Blue Tees,M,72,72.5,97.9,137,35.9,36.6,35.9,130,36.6,143,48.0,49.9,35.9 / 130,36.6 / 143
318,NC,White Tees,M,72,70.6,95.2,133,35.0,35.6,35.0,127,35.6,138,46.8,48.4,35.0 / 127,35.6 / 138
318,NC,White/Gold Hybrid,M,72,68.9,92.6,128,34.0,34.9,34.0,122,34.9,133,45.3,47.3,34.0 / 122,34.9 / 133
318,NC,Gold Tees,M,72,67.7,90.1,121,33.4,34.3,33.4,116,34.3,125,44.2,45.9,33.4 / 116,34.3 / 125
318,NC,Gold/Red Hybrid,M,72,65.4,86.9,116,32.6,32.8,32.6,111,32.8,121,42.9,44.0,32.6 / 111,32.8 / 121
318,NC,Red Tees,M,72,63.8,84.5,112,31.9,31.9,31.9,108,31.9,115,41.9,42.6,31.9 / 108,31.9 / 115
318,NC,Green Tees,M,71,61.3,81.1,107,30.3,31.0,30.3,103,31.0,110,39.9,41.2,30.3 / 103,31.0 / 110
318,NC,White Tees,F,72,76.8,109.2,138,38.1,38.7,38.1,133,38.7,142,53.8,55.4,38.1 / 133,38.7 / 142
318,NC,Gold Tees,F,72,73.3,104.2,131,36.2,37.1,36.2,127,37.1,135,51.2,53.0,36.2 / 127,37.1 / 135
318,NC,Gold/Red Hybrid,F,72,70.8,100.5,126,35.2,35.6,35.2,123,35.6,129,49.7,50.8,35.2 / 123,35.6 / 129
318,NC,Red Tees,F,72,68.7,97.1,121,34.3,34.4,34.3,117,34.4,124,48.1,49.0,34.3 / 117,34.4 / 124
318,NC,Green Tees,F,72,65.1,91.6,113,32.4,32.7,32.4,108,32.7,117,45.1,46.5,32.4 / 108,32.7 / 117
442,NC,Black Tees,M,72,73.1,98.4,137,36.7,36.4,36.7,135,36.4,138,49.2,49.2,36.7 / 135,36.4 / 138
442,NC,Black/Green,M,72,72.3,96.8,132,36.2,36.1,36.2,132,36.1,132,48.5,48.4,36.2 / 132,36.1 / 132
442,NC,Green Tees,M,72,71.9,96.2,131,36.1,35.8,36.1,132,35.8,129,48.4,47.8,36.1 / 132,35.8 / 129
442,NC,Green/Blue,M,72,70.0,93.6,127,34.9,35.1,34.9,125,35.1,128,46.5,47.1,34.9 / 125,35.1 / 128
442,NC,Blue Tees,M,72,69.0,91.5,122,34.3,34.7,34.3,121,34.7,122,45.5,46.0,34.3 / 121,34.7 / 122
442,NC,Blue/White,M,72,67.2,88.7,116,33.7,33.5,33.7,116,33.5,115,44.5,44.2,33.7 / 116,33.5 / 115
442,NC,White Tees,M,72,65.9,86.6,112,33.1,32.8,33.1,113,32.8,110,43.6,43.0,33.1 / 113,32.8 / 110
442,NC,White/Gold,M,72,64.1,84.2,109,32.3,31.8,32.3,111,31.8,107,42.5,41.7,32.3 / 111,31.8 / 107
442,NC,Gold Tees,M,72,63.2,83.2,108,31.7,31.5,31.7,111,31.5,104,42.0,41.2,31.7 / 111,31.5 / 104
442,NC,Gold/Red,M,72,61.7,81.3,106,30.9,30.8,30.9,108,30.8,103,40.9,40.4,30.9 / 108,30.8 / 103
442,NC,Red Tees,M,72,61.0,80.3,104,30.5,30.5,30.5,107,30.5,101,40.4,39.9,30.5 / 107,30.5 / 101
442,NC,Blue Tees,F,72,74.3,104.9,130,36.8,37.5,36.8,128,37.5,131,51.9,53.0,36.8 / 128,37.5 / 131
442,NC,Blue/White,F,72,72.3,101.9,126,36.0,36.3,36.0,125,36.3,126,50.7,51.2,36.0 / 125,36.3 / 126
442,NC,White Tees,F,72,70.7,99.5,122,35.1,35.6,35.1,121,35.6,123,49.4,50.1,35.1 / 121,35.6 / 123
442,NC,White/Gold,F,72,68.4,96.5,119,34.1,34.3,34.1,117,34.3,121,47.9,48.6,34.1 / 117,34.3 / 121
442,NC,Gold Tees,F,72,67.3,94.8,117,33.7,33.6,33.7,114,33.6,120,47.1,47.7,33.7 / 114,33.6 / 120
442,NC,Gold/Red,F,72,65.4,91.2,110,32.7,32.7,32.7,108,32.7,112,45.3,45.9,32.7 / 108,32.7 / 112
442,NC,Red Tees,F,72,63.9,89.2,108,32.1,31.8,32.1,107,31.8,108,44.7,44.5,32.1 / 107,31.8 / 108
388,NC,White to Blue Tees,M,72,69.9,93.2,126,35.0,34.9,35.0,124,34.9,127,46.5,46.7,35.0 / 124,34.9 / 127
388,NC,Green to Black Tees,M,72,66.8,87.9,114,33.1,33.7,33.1,112,33.7,115,43.5,44.4,33.1 / 112,33.7 / 115
388,NC,Yellow to Green Tees,M,72,65.5,86.2,112,32.4,33.1,32.4,111,33.1,112,42.7,43.5,32.4 / 111,33.1 / 112
388,NC,Red to Yellow Tees,M,72,64.4,84.7,110,32.0,32.4,32.0,108,32.4,111,42.0,42.7,32.0 / 108,32.4 / 111
388,NC,Red to Yellow Tees,F,72,69.6,96.9,116,34.5,35.1,34.5,112,35.1,120,47.7,49.2,34.5 / 112,35.1 / 120
340,NC,Black Tees,M,70,69.4,94.8,137,34.3,35.1,34.3,138,35.1,136,47.1,47.7,34.3 / 138,35.1 / 136
340,NC,Blue Tees,M,70,67.6,92.4,133,33.4,34.2,33.4,133,34.2,133,45.8,46.6,33.4 / 133,34.2 / 133
340,NC,Blue/White Hybrid,M,70,66.5,90.6,130,33.2,33.3,33.2,128,33.3,131,45.1,45.5,33.2 / 128,33.3 / 131
340,NC,White Tees,M,70,65.5,88.6,125,32.5,33.0,32.5,123,33.0,126,43.9,44.7,32.5 / 123,33.0 / 126
340,NC,White/Gold Hybrid,M,70,64.6,86.1,116,32.1,32.5,32.1,114,32.5,117,42.7,43.4,32.1 / 114,32.5 / 117
340,NC,Gold Tees,M,70,64.2,85.0,112,32.0,32.2,32.0,111,32.2,113,42.3,42.7,32.0 / 111,32.2 / 113
340,NC,White Tees,F,71,70.6,102.7,136,35.1,35.5,35.1,134,35.5,138,50.9,51.8,35.1 / 134,35.5 / 138
340,NC,White/Gold Hybrid,F,71,69.0,100.6,134,34.4,34.6,34.4,133,34.6,136,50.1,50.6,34.4 / 133,34.6 / 136
340,NC,Gold Tees,F,71,68.2,99.5,133,34.0,34.2,34.0,132,34.2,133,49.6,49.9,34.0 / 132,34.2 / 133
340,NC,Gold/Red Hybrid,F,71,65.6,95.3,126,32.9,32.7,32.9,125,32.7,127,47.6,47.7,32.9 / 125,32.7 / 127
340,NC,Red Tees,F,71,64.5,92.8,120,32.6,31.9,32.6,120,31.9,120,46.7,46.1,32.6 / 120,31.9 / 120
340,NC,Red/Forward Hybrid,F,70,63.1,90.8,118,31.8,31.3,31.8,117,31.3,118,45.6,45.2,31.8 / 117,31.3 / 118
409,NC,Blue Tees,M,72,71.0,95.3,131,34.9,36.1,34.9,129,36.1,132,46.9,48.4,34.9 / 129,36.1 / 132
409,NC,Blue/White Hybrid,M,71,69.5,92.8,126,34.2,35.3,34.2,122,35.3,129,45.5,47.3,34.2 / 122,35.3 / 129
409,NC,White Tees,M,72,68.7,91.0,120,33.7,35.0,33.7,115,35.0,125,44.4,46.6,33.7 / 115,35.0 / 125
409,NC,White/Gold Hybrid,M,72,66.4,88.0,117,32.9,33.5,32.9,112,33.5,121,43.3,44.7,32.9 / 112,33.5 / 121
409,NC,Gold Tees,M,72,63.7,83.9,109,31.8,31.9,31.8,104,31.9,113,41.5,42.4,31.8 / 104,31.9 / 113
409,NC,Gold/Red Hybrid,M,69,62.2,81.9,106,31.0,31.2,31.0,103,31.2,109,40.6,41.3,31.0 / 103,31.2 / 109
409,NC,Red Tees,M,69,61.6,81.1,105,30.9,30.7,30.9,102,30.7,108,40.4,40.7,30.9 / 102,30.7 / 108
409,NC,White Tees,F,72,73.8,105.8,136,36.3,37.5,36.3,136,37.5,136,52.3,53.5,36.3 / 136,37.5 / 136
409,NC,White/Gold Hybrid,F,73,71.5,103.2,135,35.5,36.0,35.5,134,36.0,135,51.3,51.9,35.5 / 134,36.0 / 135
409,NC,Gold Tees,F,72,68.4,98.5,128,34.1,34.3,34.1,131,34.3,125,49.5,49.0,34.1 / 131,34.3 / 125
409,NC,Gold/Red Hybrid,F,73,66.3,94.1,118,32.8,33.5,32.8,118,33.5,118,46.7,47.4,32.8 / 118,33.5 / 118
409,NC,Red Tees,F,72,64.4,90.8,112,32.2,32.2,32.2,110,32.2,114,45.2,45.6,32.2 / 110,32.2 / 114
175,NC,Blue Tees,M,72,71.3,96.8,138,35.4,35.9,35.4,139,35.9,136,48.3,48.5,35.4 / 139,35.9 / 136
175,NC,Blue/White Hybrid,M,72,70.2,95.0,133,34.8,35.4,34.8,133,35.4,133,47.2,47.8,34.8 / 133,35.4 / 133
175,NC,White Tees,M,72,69.3,92.7,126,34.4,34.9,34.4,127,34.9,125,46.2,46.5,34.4 / 127,34.9 / 125
175,NC,White/Gold Hybrid,M,72,67.6,90.1,121,33.7,33.9,33.7,118,33.9,124,44.7,45.4,33.7 / 118,33.9 / 124
175,NC,Gold Tees,M,72,66.1,87.5,116,32.8,33.3,32.8,109,33.3,122,42.9,44.6,32.8 / 109,33.3 / 122
175,NC,Red Tees,M,72,64.3,84.6,109,31.8,32.5,31.8,104,32.5,114,41.5,43.1,31.8 / 104,32.5 / 114
175,NC,White Tees,F,72,74.9,106.4,134,37.3,37.6,37.3,131,37.6,136,52.8,53.6,37.3 / 131,37.6 / 136
175,NC,Gold Tees,F,72,71.2,100.9,126,35.2,36.0,35.2,122,36.0,130,49.6,51.3,35.2 / 122,36.0 / 130
175,NC,Red Tees,F,72,69.0,97.8,122,34.1,34.9,34.1,115,34.9,129,47.7,50.1,34.1 / 115,34.9 / 129
150,NC,Black Tees,M,72,71.9,96.4,132,35.6,36.3,35.6,130,36.3,133,47.7,48.7,35.6 / 130,36.3 / 133
150,NC,Gold Tees,M,72,69.5,92.8,126,34.6,34.9,34.6,122,34.9,129,45.9,46.9,34.6 / 122,34.9 / 129
150,NC,Blue Tees,M,72,66.4,88.2,117,33.1,33.3,33.1,117,33.3,117,44.0,44.2,33.1 / 117,33.3 / 117
150,NC,Green Tees,M,72,63.1,82.3,104,31.5,31.6,31.5,100,31.6,107,40.8,41.5,31.5 / 100,31.6 / 107
150,NC,Gold Tees,F,72,75.6,108.5,140,37.5,38.1,37.5,138,38.1,141,53.8,54.7,37.5 / 138,38.1 / 141
150,NC,Blue Tees,F,72,71.8,101.6,127,35.9,35.9,35.9,130,35.9,123,51.2,50.4,35.9 / 130,35.9 / 123
150,NC,Green Tees,F,72,66.5,94.2,118,33.1,33.4,33.1,117,33.4,118,46.9,47.3,33.1 / 117,33.4 / 118
23618,NC,Axe Tee,M,70,74.1,101.5,148,36.6,37.5,36.6,150,37.5,145,50.5,51.0,36.6 / 150,37.5 / 145
23618,NC,Axe / Tee 1 Hybrid,M,70,73.2,99.7,143,36.3,36.9,36.3,142,36.9,143,49.5,50.2,36.3 / 142,36.9 / 143
23618,NC,Tee 1,M,70,72.4,98.5,141,36.1,36.3,36.1,140,36.3,141,49.1,49.4,36.1 / 140,36.3 / 141
23618,NC,Tee 1/2 Hybrid,M,70,71.5,97.1,138,35.5,36.0,35.5,138,36.0,138,48.3,48.8,35.5 / 138,36.0 / 138
23618,NC,Tee 2,M,70,70.4,95.4,135,34.9,35.5,34.9,135,35.5,135,47.4,48.0,34.9 / 135,35.5 / 135
23618,NC,Tee 2/3 Hybrid,M,70,69.5,93.8,131,34.4,35.1,34.4,128,35.1,133,46.3,47.5,34.4 / 128,35.1 / 133
23618,NC,Tee 3,M,70,68.0,91.2,125,33.6,34.4,33.6,118,34.4,131,44.6,46.6,33.6 / 118,34.4 / 131
23618,NC,Tee 3/4 Hybrid,M,70,65.4,87.1,117,32.3,33.1,32.3,109,33.1,125,42.4,44.7,32.3 / 109,33.1 / 125
23618,NC,Tee 4,M,70,63.9,84.2,109,32.0,31.9,32.0,102,31.9,116,41.5,42.7,32.0 / 102,31.9 / 116
23618,NC,Tee 3,F,72,73.3,107.5,145,36.2,37.1,36.2,147,37.1,142,53.6,53.9,36.2 / 147,37.1 / 142
23618,NC,Tee 3/4 Hybrid,F,72,70.1,101.9,135,34.4,35.7,34.4,131,35.7,138,49.9,52.0,34.4 / 131,35.7 / 138
23618,NC,Tee 4,F,72,68.0,97.8,127,33.7,34.3,33.7,123,34.3,130,48.2,49.6,33.7 / 123,34.3 / 130
392,NC,Blue Tees,M,72,71.6,96.3,133,36.0,35.6,36.0,132,35.6,133,48.3,48.0,36.0 / 132,35.6 / 133
392,NC,White Tees,M,72,69.2,91.9,123,34.9,34.3,34.9,123,34.3,122,46.3,45.6,34.9 / 123,34.3 / 122
392,NC,Gold Tees,M,72,66.0,87.0,113,33.2,32.8,33.2,114,32.8,112,43.8,43.2,33.2 / 114,32.8 / 112
392,NC,Red Tees,M,72,63.9,84.0,109,31.9,32.0,31.9,107,32.0,110,41.8,42.2,31.9 / 107,32.0 / 110
392,NC,White Tees,F,72,74.9,106.5,134,37.6,37.3,37.6,139,37.3,129,54.0,52.5,37.6 / 139,37.3 / 129
392,NC,Gold Tees,F,72,71.2,101.2,127,36.0,35.2,36.0,127,35.2,127,51.0,50.2,36.0 / 127,35.2 / 127
392,NC,Red Tees,F,72,68.8,95.5,113,34.1,34.7,34.1,112,34.7,114,47.3,48.2,34.1 / 112,34.7 / 114
392,NC,Pink Tees,F,72,65.7,90.4,105,33.0,32.7,33.0,104,32.7,105,45.3,45.1,33.0 / 104,32.7 / 105
115,NC,Green Tees,M,71,74.3,99.9,138,36.8,37.5,36.8,141,37.5,135,49.9,50.0,36.8 / 141,37.5 / 135
115,NC,Ross Hybrid,M,71,72.9,97.9,135,36.1,36.8,36.1,138,36.8,131,48.9,49.0,36.1 / 138,36.8 / 131
115,NC,Black Tees,M,71,72.1,96.7,133,35.5,36.6,35.5,135,36.6,130,48.0,48.7,35.5 / 135,36.6 / 130
115,NC,Nelson Hybrid,M,71,71.2,95.4,130,35.3,35.9,35.3,133,35.9,127,47.7,47.7,35.3 / 133,35.9 / 127
115,NC,Silver Tees,M,71,70.4,94.2,128,34.8,35.6,34.8,131,35.6,125,47.0,47.2,34.8 / 131,35.6 / 125
115,NC,Tillinghast Hybrid,M,71,68.5,91.5,124,34.2,34.3,34.2,127,34.3,121,46.0,45.5,34.2 / 127,34.3 / 121
115,NC,Gold Tees,M,71,67.7,89.6,118,33.7,34.0,33.7,116,34.0,119,44.5,45.1,33.7 / 116,34.0 / 119
115,NC,1921 Hybrid,M,71,66.0,87.2,114,33.0,33.0,33.0,115,33.0,113,43.7,43.5,33.0 / 115,33.0 / 113
115,NC,White Tees,M,71,64.8,85.5,112,32.6,32.2,32.6,111,32.2,112,42.9,42.6,32.6 / 111,32.2 / 112
115,NC,Fairway Tees,M,59,57.3,74.9,95,28.8,28.5,28.8,96,28.5,94,37.7,37.2,28.8 / 96,28.5 / 94
115,NC,Silver Tees,F,72,76.2,109.1,140,37.6,38.6,37.6,136,38.6,143,53.6,55.5,37.6 / 136,38.6 / 143
115,NC,Tillinghast Hybrid,F,72,74.7,106.2,134,36.9,37.8,36.9,129,37.8,138,52.1,54.1,36.9 / 129,37.8 / 138
115,NC,Gold Tees,F,72,73.5,104.3,131,36.1,37.4,36.1,126,37.4,136,50.9,53.4,36.1 / 126,37.4 / 136
115,NC,1921 Hybrid,F,72,71.6,101.6,128,35.5,36.1,35.5,125,36.1,130,50.2,51.4,35.5 / 125,36.1 / 130
115,NC,White Tees,F,72,70.1,99.0,123,34.9,35.2,34.9,123,35.2,122,49.4,49.6,34.9 / 123,35.2 / 122
115,NC,Fairway Tees,F,66,58.8,81.7,98,29.4,29.4,29.4,98,29.4,97,40.9,40.8,29.4 / 98,29.4 / 97
62,NC,Black Tees,M,71,69.9,94.6,132,34.8,35.1,34.8,132,35.1,132,47.1,47.5,34.8 / 132,35.1 / 132
62,NC,Blue Tees,M,71,67.9,91.2,126,34.0,33.9,34.0,129,33.9,123,46.0,45.2,34.0 / 129,33.9 / 123
62,NC,White Tees,M,71,66.7,88.3,117,33.5,33.2,33.5,120,33.2,113,44.6,43.7,33.5 / 120,33.2 / 113
62,NC,Gold Hybrid,M,70,64.2,84.1,108,32.5,31.7,32.5,107,31.7,109,42.4,41.7,32.5 / 107,31.7 / 109
62,NC,Red Tees,M,69,63.2,82.4,103,32.2,31.0,32.2,102,31.0,104,41.7,40.7,32.2 / 102,31.0 / 104
62,NC,Black Tees,F,72,76.0,110.4,146,37.8,38.2,37.8,147,38.2,144,55.3,55.1,37.8 / 147,38.2 / 144
62,NC,Blue Tees,F,71,74.0,107.0,139,37.0,37.0,37.0,139,37.0,139,53.5,53.5,37.0 / 139,37.0 / 139
62,NC,White Tees,F,71,71.9,103.3,133,35.9,36.0,35.9,132,36.0,133,51.5,51.8,35.9 / 132,36.0 / 133
62,NC,Gold Hybrid,F,71,68.9,97.4,122,35.1,33.8,35.1,129,33.8,114,50.2,47.2,35.1 / 129,33.8 / 114
62,NC,Red Tees,F,71,67.0,94.0,115,34.3,32.7,34.3,126,32.7,103,49.2,44.8,34.3 / 126,32.7 / 103
109,NC,Black Tees,M,72,74.1,100.1,140,36.3,37.8,36.3,140,37.8,140,49.3,50.8,36.3 / 140,37.8 / 140
109,NC,Blue Tees,M,72,72.0,97.4,137,35.3,36.7,35.3,137,36.7,137,48.0,49.4,35.3 / 137,36.7 / 137
109,NC,Blue/White Hybrid,M,72,70.9,95.4,132,34.8,36.1,34.8,128,36.1,136,46.7,48.7,34.8 / 128,36.1 / 136
109,NC,White Tees,M,72,69.6,93.3,128,34.1,35.5,34.1,123,35.5,132,45.5,47.8,34.1 / 123,35.5 / 132
109,NC,White/Silver Hybrid,M,72,68.9,91.7,123,33.8,35.1,33.8,116,35.1,129,44.6,47.1,33.8 / 116,35.1 / 129
109,NC,Silver Tees,M,72,67.6,89.6,119,33.0,34.6,33.0,114,34.6,123,43.6,46.0,33.0 / 114,34.6 / 123
109,NC,Silver/Gold Hybrid,M,72,65.0,86.1,114,32.2,32.8,32.2,110,32.8,117,42.4,43.7,32.2 / 110,32.8 / 117
109,NC,Gold Tees,M,71,60.6,80.3,106,29.7,30.9,29.7,103,30.9,109,39.3,41.0,29.7 / 103,30.9 / 109
109,NC,Blue Tees,F,72,78.5,111.6,141,38.6,39.9,38.6,136,39.9,145,54.6,57.0,38.6 / 136,39.9 / 145
109,NC,Blue/White Hybrid,F,72,77.3,109.8,138,38.0,39.3,38.0,132,39.3,143,53.6,56.2,38.0 / 132,39.3 / 143
109,NC,White Tees,F,72,75.7,107.4,135,37.2,38.5,37.2,129,38.5,140,52.4,55.0,37.2 / 129,38.5 / 140
109,NC,White/Silver Hybrid,F,72,74.7,106.1,133,36.4,38.3,36.4,127,38.3,139,51.4,54.7,36.4 / 127,38.3 / 139
109,NC,Silver Tees,F,72,73.1,103.8,131,35.7,37.4,35.7,124,37.4,137,50.3,53.5,35.7 / 124,37.4 / 137
109,NC,Silver/Gold Hybrid,F,72,70.2,99.7,125,34.7,35.5,34.7,121,35.5,129,49.0,50.7,34.7 / 121,35.5 / 129
109,NC,Gold Tees,F,72,63.9,90.4,113,31.0,32.9,31.0,108,32.9,117,43.7,46.7,31.0 / 108,32.9 / 117
406,NC,Blue Tees,M,70,69.5,93.1,127,35.0,34.5,35.0,127,34.5,127,46.8,46.3,35.0 / 127,34.5 / 127
406,NC,Blue/White Hybrid,M,70,68.2,91.0,123,34.3,33.9,34.3,124,33.9,122,45.8,45.2,34.3 / 124,33.9 / 122
406,NC,White Tees,M,70,67.5,89.7,120,33.9,33.6,33.9,121,33.6,118,45.1,44.6,33.9 / 121,33.6 / 118
406,NC,Gold Tees,M,70,65.0,85.9,113,32.8,32.2,32.8,113,32.2,112,43.3,42.6,32.8 / 113,32.2 / 112
406,NC,Red Tees,M,70,63.5,83.6,109,31.9,31.6,31.9,108,31.6,109,41.9,41.7,31.9 / 108,31.6 / 109
406,NC,Forward Tees,M,68,58.7,77.5,101,29.4,29.3,29.4,99,29.3,103,38.6,38.9,29.4 / 99,29.3 / 103
406,NC,Blue Tees,F,72,75.4,107.0,134,38.1,37.3,38.1,131,37.3,137,53.5,53.5,38.1 / 131,37.3 / 137
406,NC,Blue/White Hybrid,F,70,73.6,104.4,131,37.3,36.3,37.3,128,36.3,133,52.4,52.0,37.3 / 128,36.3 / 133
406,NC,White Tees,F,70,72.7,103.0,129,36.8,35.9,36.8,126,35.9,131,51.6,51.4,36.8 / 126,35.9 / 131
406,NC,Gold Tees,F,70,69.6,98.5,123,35.2,34.4,35.2,121,34.4,124,49.5,49.0,35.2 / 121,34.4 / 124
406,NC,Red Tees,F,70,67.9,95.1,116,34.2,33.7,34.2,117,33.7,114,48.0,47.1,34.2 / 117,33.7 / 114
406,NC,Forward Tees,F,70,61.6,85.9,103,31.0,30.6,31.0,103,30.6,103,43.1,42.8,31.0 / 103,30.6 / 103
247,NC,Blue Tees,M,71,68.2,90.4,120,35.2,33.0,35.2,124,33.0,115,46.7,43.7,35.2 / 124,33.0 / 115
247,NC,White Tees,M,71,66.9,88.3,116,34.6,32.3,34.6,121,32.3,110,45.8,42.5,34.6 / 121,32.3 / 110
247,NC,Gold Tees,M,71,64.2,85.1,113,32.7,31.5,32.7,116,31.5,109,43.5,41.6,32.7 / 116,31.5 / 109
247,NC,Red Tees,M,69,60.8,80.0,104,31.2,29.6,31.2,107,29.6,100,41.1,38.9,31.2 / 107,29.6 / 100
247,NC,White Tees,F,71,71.3,100.7,125,37.2,34.1,37.2,128,34.1,121,52.3,48.4,37.2 / 128,34.1 / 121
247,NC,Gold Tees,F,71,69.1,96.6,117,35.6,33.5,35.6,120,33.5,113,49.8,46.8,35.6 / 120,33.5 / 113
247,NC,Red Tees,F,71,63.9,89.2,108,33.5,30.4,33.5,114,30.4,101,46.9,42.3,33.5 / 114,30.4 / 101
76,NC,Gold Tees,M,71,72.9,97.5,132,36.5,36.4,36.5,132,36.4,132,48.8,48.7,36.5 / 132,36.4 / 132
76,NC,Blue Tees,M,71,70.7,94.6,129,35.6,35.1,35.6,126,35.1,131,47.3,47.3,35.6 / 126,35.1 / 131
76,NC,White Tees,M,71,68.5,91.5,124,34.6,33.9,34.6,121,33.9,127,45.8,45.7,34.6 / 121,33.9 / 127
76,NC,Black Tees,M,71,66.6,88.5,118,33.3,33.3,33.3,113,33.3,123,43.8,44.7,33.3 / 113,33.3 / 123
76,NC,Red Tees,M,71,64.4,85.8,115,32.6,31.8,32.6,111,31.8,119,42.9,42.9,32.6 / 111,31.8 / 119
76,NC,White Tees,F,71,74.4,105.0,130,37.5,36.9,37.5,129,36.9,131,52.7,52.3,37.5 / 129,36.9 / 131
76,NC,Black Tees,F,71,71.4,100.4,123,35.6,35.8,35.6,117,35.8,129,49.4,51.0,35.6 / 117,35.8 / 129
76,NC,Red Tees,F,71,68.5,96.4,118,34.7,33.8,34.7,115,33.8,121,48.3,48.1,34.7 / 115,33.8 / 121
9416,NC,Gold Tees,M,72,73.9,99.6,139,36.7,37.2,36.7,139,37.2,138,49.6,50.0,36.7 / 139,37.2 / 138
9416,NC,Gold/Blue Hybrid,M,72,72.0,97.4,137,36.0,36.0,36.0,137,36.0,137,48.7,48.7,36.0 / 137,36.0 / 137
9416,NC,Blue Tees,M,72,71.4,96.3,134,35.8,35.6,35.8,131,35.6,137,48.0,48.3,35.8 / 131,35.6 / 137
9416,NC,Blue/White Hybrid,M,72,70.2,94.8,133,35.3,34.9,35.3,130,34.9,135,47.4,47.4,35.3 / 130,34.9 / 135
9416,NC,White Tees,M,72,69.2,93.4,130,34.5,34.7,34.5,129,34.7,131,46.5,46.9,34.5 / 129,34.7 / 131
9416,NC,White/Black Hybrid,M,72,67.9,91.3,126,33.5,34.4,33.5,124,34.4,128,45.0,46.3,33.5 / 124,34.4 / 128
9416,NC,Black Tees,M,72,67.4,90.3,123,33.4,34.0,33.4,119,34.0,127,44.5,45.8,33.4 / 119,34.0 / 127
9416,NC,Black/Red Hybrid,M,72,66.0,88.4,121,32.7,33.3,32.7,117,33.3,124,43.6,44.8,32.7 / 117,33.3 / 124
9416,NC,Red Tees,M,72,64.7,86.6,118,32.0,32.7,32.0,114,32.7,122,42.6,44.0,32.0 / 114,32.7 / 122
9416,NC,Blue Tees,F,72,77.6,110.2,138,38.8,38.8,38.8,139,38.8,137,55.2,55.0,38.8 / 139,38.8 / 137
9416,NC,White Tees,F,72,75.2,106.7,134,37.8,37.4,37.8,135,37.4,132,53.7,53.0,37.8 / 135,37.4 / 132
9416,NC,White/Black Hybrid,F,72,73.4,104.0,130,36.3,37.1,36.3,129,37.1,131,51.5,52.5,36.3 / 129,37.1 / 131
9416,NC,Black Tees,F,72,72.2,102.4,128,35.7,36.5,35.7,126,36.5,130,50.6,51.8,35.7 / 126,36.5 / 130
9416,NC,Black/Red Hybrid,F,72,70.7,100.5,127,35.0,35.7,35.0,124,35.7,129,49.6,50.9,35.0 / 124,35.7 / 129
9416,NC,Red Tees,F,72,68.8,97.5,122,33.9,34.9,33.9,118,34.9,126,47.8,49.7,33.9 / 118,34.9 / 126
9417,NC,Gold Tees,M,72,72.7,97.6,134,36.3,36.4,36.3,131,36.4,137,48.5,49.1,36.3 / 131,36.4 / 137
9417,NC,Gold/Blue Hybrid,M,72,71.8,96.2,132,35.8,36.0,35.8,128,36.0,135,47.7,48.5,35.8 / 128,36.0 / 135
9417,NC,Blue Tees,M,72,71.1,95.1,129,35.6,35.5,35.6,125,35.5,133,47.2,47.9,35.6 / 125,35.5 / 133
9417,NC,Blue/White Hybrid,M,72,70.0,93.6,127,35.3,34.7,35.3,123,34.7,131,46.7,46.9,35.3 / 123,34.7 / 131
9417,NC,White Tees,M,72,69.1,92.3,125,35.1,34.0,35.1,119,34.0,130,46.2,46.1,35.1 / 119,34.0 / 130
9417,NC,White/Black Hybrid,M,72,67.9,90.3,121,34.1,33.8,34.1,117,33.8,124,45.0,45.3,34.1 / 117,33.8 / 124
9417,NC,Black Tees,M,72,67.2,89.0,118,33.4,33.8,33.4,113,33.8,122,43.9,45.1,33.4 / 113,33.8 / 122
9417,NC,Red Tees,M,72,65.0,85.7,112,32.7,32.3,32.7,108,32.3,115,42.7,43.0,32.7 / 108,32.3 / 115
9417,NC,Scoring Tees,M,66,61.6,81.5,107,30.4,31.2,30.4,104,31.2,110,40.1,41.4,30.4 / 104,31.2 / 110
9417,NC,White Tees,F,72,74.5,106.2,135,37.4,37.1,37.4,133,37.1,136,53.1,53.1,37.4 / 133,37.1 / 136
9417,NC,White/Black Hybrid,F,72,72.8,103.7,131,36.4,36.4,36.4,131,36.4,131,51.9,51.8,36.4 / 131,36.4 / 131
9417,NC,Black Tees,F,72,71.8,101.7,127,35.6,36.2,35.6,124,36.2,130,50.2,51.5,35.6 / 124,36.2 / 130
9417,NC,Red Tees,F,72,69.7,98.1,121,35.0,34.7,35.0,117,34.7,124,48.8,49.3,35.0 / 117,34.7 / 124
9417,NC,Scoring Tees,F,72,64.2,90.2,110,31.9,32.3,31.9,106,32.3,114,44.4,45.8,31.9 / 106,32.3 / 114
14195,NC,Gold Tees,M,73,73.7,99.8,141,37.5,36.2,37.5,145,36.2,136,51.0,48.8,37.5 / 145,36.2 / 136
14195,NC,Blue Tees,M,73,71.8,96.6,134,36.3,35.5,36.3,135,35.5,132,48.8,47.8,36.3 / 135,35.5 / 132
14195,NC,White Tees,M,73,69.8,94.0,130,35.3,34.5,35.3,132,34.5,128,47.6,46.4,35.3 / 132,34.5 / 128
14195,NC,Black Tees,M,73,68.0,90.6,122,34.1,33.9,34.1,122,33.9,122,45.4,45.2,34.1 / 122,33.9 / 122
14195,NC,Red Tees,M,73,65.3,86.6,115,32.9,32.4,32.9,116,32.4,113,43.7,42.9,32.9 / 116,32.4 / 113
14195,NC,White Tees,F,73,75.3,107.8,138,38.3,37.0,38.3,136,37.0,140,54.3,53.5,38.3 / 136,37.0 / 140
14195,NC,Black Tees,F,73,72.6,103.6,132,36.4,36.2,36.4,127,36.2,136,51.4,52.2,36.4 / 127,36.2 / 136
14195,NC,Red Tees,F,73,70.0,99.4,125,35.0,35.0,35.0,122,35.0,127,49.4,50.0,35.0 / 122,35.0 / 127
14195,NC,Oaks Outside Scoring Tees,F,36,32.4,46.5,120,32.4,,32.4,120,,,46.5,,32.4 / 120,/
174,NC,Blue Tees (Temp Tee #2),M,71,72.7,98.4,139,35.5,37.2,35.5,135,37.2,142,48.0,50.4,35.5 / 135,37.2 / 142
174,NC,White Tees (Temp Tee #2),M,71,70.4,95.2,134,34.6,35.8,34.6,127,35.8,140,46.4,48.8,34.6 / 127,35.8 / 140
174,NC,Yellow Tees (Temp Tee #2),M,71,67.6,89.4,118,33.1,34.5,33.1,114,34.5,121,43.7,45.7,33.1 / 114,34.5 / 121
174,NC,Black Tees (Temp Tee #2),M,71,65.8,86.4,111,32.1,33.7,32.1,105,33.7,116,41.9,44.5,32.1 / 105,33.7 / 116
174,NC,Red Tees (Temp Tee #2),M,71,64.3,83.5,104,31.7,32.6,31.7,97,32.6,110,40.7,42.8,31.7 / 97,32.6 / 110
174,NC,Brown Tees,M,68,60.7,78.8,98,29.8,30.9,29.8,93,30.9,102,38.4,40.4,29.8 / 93,30.9 / 102
174,NC,White Tees (Temp Tee #2),F,72,76.6,109.8,141,37.6,39.0,37.6,136,39.0,146,53.6,56.2,37.6 / 136,39.0 / 146
174,NC,Yellow Tees (Temp Tee #2),F,71,73.1,104.5,134,35.8,37.3,35.8,126,37.3,141,50.6,53.9,35.8 / 126,37.3 / 141
174,NC,Black Tees (Temp Tee #2),F,71,70.7,101.3,130,34.3,36.4,34.3,125,36.4,135,49.0,52.3,34.3 / 125,36.4 / 135
174,NC,Red Tees (Temp Tee #2),F,71,68.6,98.1,125,33.6,35.0,33.6,119,35.0,131,47.6,50.5,33.6 / 119,35.0 / 131
174,NC,Brown Tees,F,71,63.6,90.9,116,31.3,32.3,31.3,111,32.3,120,44.4,46.5,31.3 / 111,32.3 / 120
448,NC,Blue Tees,M,72,74.1,97.6,127,37.0,37.1,37.0,124,37.1,129,48.5,49.1,37.0 / 124,37.1 / 129
448,NC,White Tees,M,72,70.4,93.6,125,35.2,35.2,35.2,122,35.2,128,46.5,47.1,35.2 / 122,35.2 / 128
448,NC,Green Tees,M,72,66.8,88.4,116,33.3,33.5,33.3,114,33.5,118,43.9,44.5,33.3 / 114,33.5 / 118
448,NC,Red Tees,M,70,63.6,84.1,111,31.5,32.1,31.5,108,32.1,113,41.5,42.6,31.5 / 108,32.1 / 113
448,NC,White Tees,F,72,76.4,108.6,137,38.2,38.2,38.2,134,38.2,139,54.0,54.6,38.2 / 134,38.2 / 139
448,NC,Green Tees,F,72,72.5,102.7,128,36.2,36.3,36.2,126,36.3,130,51.1,51.6,36.2 / 126,36.3 / 130
448,NC,Red Tees,F,72,68.8,97.1,120,33.9,34.9,33.9,118,34.9,122,47.8,49.3,33.9 / 118,34.9 / 122
19,NC,Dye Tees,M,72,73.6,100.2,143,36.5,37.1,36.5,145,37.1,141,50.0,50.2,36.5 / 145,37.1 / 141
19,NC,Player Hybrid,M,72,73.1,99.3,141,36.2,36.9,36.2,142,36.9,140,49.4,49.9,36.2 / 142,36.9 / 140
19,NC,Championship Tees,M,72,71.6,96.8,136,35.5,36.1,35.5,137,36.1,135,48.2,48.6,35.5 / 137,36.1 / 135
19,NC,Challenge Hybrid,M,72,71.0,95.5,132,35.1,35.9,35.1,130,35.9,133,47.2,48.3,35.1 / 130,35.9 / 133
19,NC,Member Tees,M,72,69.3,93.2,129,34.1,35.2,34.1,128,35.2,129,46.0,47.2,34.1 / 128,35.2 / 129
19,NC,Legend Hybrid,M,72,67.7,91.1,126,33.6,34.1,33.6,124,34.1,128,45.1,46.0,33.6 / 124,34.1 / 128
19,NC,Middle Tees,M,72,66.2,88.8,122,32.5,33.7,32.5,116,33.7,127,43.3,45.5,32.5 / 116,33.7 / 127
19,NC,Tradition Hybrid,M,72,65.7,87.5,118,32.3,33.4,32.3,113,33.4,122,42.8,44.7,32.3 / 113,33.4 / 122
19,NC,Forward Tees,M,72,64.5,86.1,117,31.6,32.9,31.6,111,32.9,122,41.9,44.2,31.6 / 111,32.9 / 122
19,NC,Forward II Tees,M,72,62.0,82.5,111,31.1,30.9,31.1,107,30.9,114,41.0,41.5,31.1 / 107,30.9 / 114
19,NC,Member Tees,F,72,75.0,107.1,136,36.8,38.2,36.8,132,38.2,140,52.4,54.7,36.8 / 132,38.2 / 140
19,NC,Middle Tees,F,72,71.5,101.9,129,34.8,36.7,34.8,124,36.7,134,49.4,52.5,34.8 / 124,36.7 / 134
19,NC,Forward Tees,F,72,69.0,97.0,119,33.8,35.2,33.8,116,35.2,121,47.5,49.5,33.8 / 116,35.2 / 121
19,NC,Forward II Tees,F,72,65.5,91.8,112,32.8,32.7,32.8,114,32.7,109,46.2,45.6,32.8 / 114,32.7 / 109
3290,NC,I Tees,M,71,70.8,94.7,129,35.8,35.0,35.8,130,35.0,127,47.9,46.8,35.8 / 130,35.0 / 127
3290,NC,II Tees,M,71,69.4,92.3,124,35.0,34.4,35.0,126,34.4,121,46.7,45.6,35.0 / 126,34.4 / 121
3290,NC,III Tees,M,71,66.3,88.4,119,33.5,32.8,33.5,122,32.8,116,44.8,43.6,33.5 / 122,32.8 / 116
3290,NC,IV Tees,M,71,62.2,82.4,109,31.3,30.9,31.3,107,30.9,111,41.2,41.2,31.3 / 107,30.9 / 111
3290,NC,II Tees,F,71,74.6,105.3,130,37.7,36.9,37.7,131,36.9,129,53.2,52.1,37.7 / 131,36.9 / 129
3290,NC,III Tees,F,71,71.7,100.7,123,36.4,35.3,36.4,126,35.3,120,51.3,49.4,36.4 / 126,35.3 / 120
3290,NC,IV Tees,F,71,65.8,92.3,113,33.1,32.7,33.1,117,32.7,108,46.9,45.4,33.1 / 117,32.7 / 108
426,NC,Blue Tees,M,72,71.7,96.6,134,35.0,36.7,35.0,129,36.7,139,47.0,49.6,35.0 / 129,36.7 / 139
426,NC,Mixed Tees,M,72,69.3,93.1,128,33.9,35.4,33.9,124,35.4,132,45.4,47.7,33.9 / 124,35.4 / 132
426,NC,White Tees,M,72,67.2,89.7,121,33.1,34.1,33.1,118,34.1,124,44.1,45.6,33.1 / 118,34.1 / 124
426,NC,Red Tees,M,72,62.6,82.6,108,30.8,31.8,30.8,105,31.8,110,40.6,42.0,30.8 / 105,31.8 / 110
426,NC,White Tees,F,72,72.3,103.1,131,35.6,36.7,35.6,127,36.7,134,50.6,52.5,35.6 / 127,36.7 / 134
426,NC,Red Tees,F,72,67.1,94.7,117,33.1,34.0,33.1,112,34.0,122,46.3,48.4,33.1 / 112,34.0 / 122
426,NC,Orange Tees,F,70,59.9,83.8,102,29.8,30.1,29.8,98,30.1,105,41.3,42.5,29.8 / 98,30.1 / 105
35,NC,Blue Tees,M,72,73.1,98.8,139,37.0,36.1,37.0,138,36.1,139,49.8,49.0,37.0 / 138,36.1 / 139
35,NC,Black Tees,M,72,71.7,96.5,134,36.3,35.4,36.3,132,35.4,135,48.6,47.9,36.3 / 132,35.4 / 135
35,NC,White Tees,M,72,69.7,93.5,128,35.1,34.6,35.1,127,34.6,129,46.9,46.6,35.1 / 127,34.6 / 129
35,NC,Gold Tees,M,72,67.2,89.5,120,33.9,33.3,33.9,119,33.3,121,45.0,44.5,33.9 / 119,33.3 / 121
35,NC,Red Tees,M,71,65.2,86.8,116,33.4,31.8,33.4,117,31.8,115,44.3,42.5,33.4 / 117,31.8 / 115
35,NC,White Tees,F,73,75.9,108.2,137,38.1,37.8,38.1,137,37.8,137,54.3,53.9,38.1 / 137,37.8 / 137
35,NC,Gold Tees,F,73,72.4,103.1,131,36.3,36.1,36.3,131,36.1,130,51.7,51.4,36.3 / 131,36.1 / 130
35,NC,Red Tees,F,72,69.7,99.0,125,35.7,34.0,35.7,125,34.0,124,50.4,48.6,35.7 / 125,34.0 / 124
294,NC,Black Tees,M,72,73.5,99.2,139,36.5,37.0,36.5,139,37.0,138,49.4,49.8,36.5 / 139,37.0 / 138
294,NC,Blue Tees,M,72,71.5,96.2,133,35.4,36.1,35.4,130,36.1,136,47.5,48.7,35.4 / 130,36.1 / 136
294,NC,Blue/White Hybrid,M,72,69.8,93.8,129,34.6,35.2,34.6,126,35.2,132,46.3,47.5,34.6 / 126,35.2 / 132
294,NC,White Tees,M,72,68.7,91.3,122,34.0,34.7,34.0,117,34.7,126,44.9,46.4,34.0 / 117,34.7 / 126
294,NC,White/Gold Hybrid,M,72,67.9,90.0,119,33.7,34.2,33.7,116,34.2,122,44.5,45.5,33.7 / 116,34.2 / 122
294,NC,Gold Tees,M,72,67.0,88.5,116,33.2,33.8,33.2,115,33.8,116,43.9,44.6,33.2 / 115,33.8 / 116
294,NC,Gold/Red Hybrid,M,72,64.6,85.2,111,32.3,32.3,32.3,112,32.3,110,42.7,42.5,32.3 / 112,32.3 / 110
294,NC,Red Tees,M,72,63.6,83.5,108,31.9,31.7,31.9,108,31.7,107,41.9,41.6,31.9 / 108,31.7 / 107
294,NC,White Tees,F,72,74.0,104.9,131,36.6,37.4,36.6,127,37.4,135,51.6,53.3,36.6 / 127,37.4 / 135
294,NC,Gold Tees,F,72,71.8,101.5,126,35.6,36.2,35.6,124,36.2,128,50.2,51.3,35.6 / 124,36.2 / 128
294,NC,Gold/Red Hybrid,F,72,69.0,96.7,118,34.4,34.6,34.4,117,34.6,118,48.2,48.5,34.4 / 117,34.6 / 118
294,NC,Red Tees,F,72,67.6,94.3,114,33.9,33.7,33.9,114,33.7,113,47.3,47.0,33.9 / 114,33.7 / 113
294,NC,Teal Tees,F,72,63.8,88.6,105,30.9,32.9,30.9,103,32.9,107,43.1,45.5,30.9 / 103,32.9 / 107
294,NC,Keta Tees,F,72,57.9,78.0,85,28.9,29.0,28.9,82,29.0,88,38.6,39.4,28.9 / 82,29.0 / 88
173,NC,Blue Tees,M,72,71.0,95.4,131,35.2,35.8,35.2,130,35.8,132,47.3,48.1,35.2 / 130,35.8 / 132
173,NC,White Tees,M,72,69.3,92.4,125,34.3,35.0,34.3,122,35.0,127,45.6,46.8,34.3 / 122,35.0 / 127
173,NC,Gold Tees,M,72,67.1,89.5,121,33.1,34.0,33.1,118,34.0,123,44.1,45.4,33.1 / 118,34.0 / 123
173,NC,Purple Hybrid Tees,M,72,65.6,87.3,117,32.6,33.0,32.6,114,33.0,119,43.2,44.1,32.6 / 114,33.0 / 119
173,NC,Red Tees,M,72,62.5,83.3,112,30.9,31.6,30.9,109,31.6,115,41.0,42.3,30.9 / 109,31.6 / 115
173,NC,Gold Tees,F,72,73.2,103.7,130,36.2,37.0,36.2,129,37.0,130,51.4,52.3,36.2 / 129,37.0 / 130
173,NC,Purple Hybrid Tees,F,72,71.1,101.3,128,35.5,35.6,35.5,128,35.6,128,50.6,50.7,35.5 / 128,35.6 / 128
173,NC,Red Tees,F,72,66.5,93.3,114,32.7,33.8,32.7,112,33.8,115,45.9,47.4,32.7 / 112,33.8 / 115
18,NC,Palmer Tees,M,72,76.2,102.8,143,38.2,38.0,38.2,144,38.0,142,51.6,51.2,38.2 / 144,38.0 / 142
18,NC,Black Tees,M,72,74.7,100.9,141,37.5,37.2,37.5,142,37.2,140,50.7,50.2,37.5 / 142,37.2 / 140
18,NC,Blue Tees,M,72,72.2,96.8,133,36.2,36.0,36.2,137,36.0,128,48.9,47.9,36.2 / 137,36.0 / 128
18,NC,White Tees,M,72,70.4,94.3,129,35.4,35.0,35.4,131,35.0,126,47.6,46.7,35.4 / 131,35.0 / 126
18,NC,Yellow Tees,M,72,67.1,89.8,123,33.5,33.6,33.5,121,33.6,124,44.7,45.1,33.5 / 121,33.6 / 124
18,NC,Red Tees,M,72,63.8,85.0,114,31.8,32.0,31.8,112,32.0,116,42.2,42.8,31.8 / 112,32.0 / 116
18,NC,Silver Tees,M,72,62.6,83.5,113,31.2,31.4,31.2,111,31.4,114,41.5,42.0,31.2 / 111,31.4 / 114
18,NC,White Tees,F,72,76.5,108.6,137,38.6,37.9,38.6,137,37.9,136,54.7,53.9,38.6 / 137,37.9 / 136
18,NC,Yellow Tees,F,72,72.5,102.3,127,36.1,36.4,36.1,125,36.4,128,50.8,51.5,36.1 / 125,36.4 / 128
18,NC,Red Tees,F,72,68.2,96.3,120,33.8,34.4,33.8,120,34.4,119,47.9,48.4,33.8 / 120,34.4 / 119
18,NC,Silver Tees,F,72,66.2,92.9,114,33.0,33.2,33.0,114,33.2,113,46.4,46.5,33.0 / 114,33.2 / 113
169,NC,Blue Tees,M,71,70.5,94.8,131,35.4,35.1,35.4,129,35.1,132,47.4,47.4,35.4 / 129,35.1 / 132
169,NC,White Tees,M,71,69.0,91.8,123,34.6,34.4,34.6,122,34.4,124,45.9,45.9,34.6 / 122,34.4 / 124
169,NC,Gold Tees,M,71,65.4,86.2,112,32.8,32.6,32.8,114,32.6,110,43.4,42.8,32.8 / 114,32.6 / 110
169,NC,Red Tees,M,71,64.1,84.4,110,32.1,32.0,32.1,111,32.0,108,42.4,42.0,32.1 / 111,32.0 / 108
169,NC,White Tees,F,71,74.7,107.0,137,37.1,37.6,37.1,138,37.6,136,53.4,53.6,37.1 / 138,37.6 / 136
169,NC,Gold Tees,F,71,70.0,99.9,127,35.2,34.8,35.2,124,34.8,130,49.8,50.1,35.2 / 124,34.8 / 130
169,NC,Red Tees,F,71,68.4,97.4,123,34.3,34.1,34.3,120,34.1,126,48.5,48.9,34.3 / 120,34.1 / 126
464,NC,Black Tees,M,72,74.8,101.8,145,36.4,38.4,36.4,143,38.4,147,49.7,52.1,36.4 / 143,38.4 / 147
464,NC,Blue Tees,M,72,72.5,98.4,140,35.3,37.2,35.3,136,37.2,143,47.9,50.5,35.3 / 136,37.2 / 143
464,NC,White Tees,M,72,70.3,95.4,135,34.4,35.9,34.4,133,35.9,137,46.8,48.6,34.4 / 133,35.9 / 137
464,NC,Gold Tees,M,72,67.6,89.8,120,33.0,34.6,33.0,117,34.6,122,43.9,45.9,33.0 / 117,34.6 / 122
464,NC,Red Tees,M,72,64.9,86.3,115,31.9,33.0,31.9,113,33.0,117,42.4,43.9,31.9 / 113,33.0 / 117
464,NC,White Tees,F,72,76.2,110.1,144,36.9,39.3,36.9,140,39.3,148,53.4,56.7,36.9 / 140,39.3 / 148
464,NC,Gold Tees,F,72,72.3,104.2,135,35.1,37.2,35.1,133,37.2,137,50.8,53.4,35.1 / 133,37.2 / 137
464,NC,Red Tees,F,72,68.8,97.8,123,33.6,35.2,33.6,120,35.2,126,47.8,50.0,33.6 / 120,35.2 / 126
324,NC,Blue Tees,M,72,73.6,98.8,136,37.0,36.6,37.0,135,36.6,137,49.5,49.3,37.0 / 135,36.6 / 137
324,NC,White Tees,M,72,71.0,94.9,129,35.6,35.4,35.6,128,35.4,129,47.5,47.4,35.6 / 128,35.4 / 129
324,NC,White/Gold Hybrid,M,72,69.4,92.5,125,34.7,34.7,34.7,125,34.7,124,46.3,46.2,34.7 / 125,34.7 / 124
324,NC,Gold Tees,M,72,68.0,90.1,119,34.0,34.0,34.0,119,34.0,118,45.1,45.0,34.0 / 119,34.0 / 118
324,NC,Red Tees,M,72,65.7,86.4,112,33.1,32.6,33.1,113,32.6,110,43.6,42.8,33.1 / 113,32.6 / 110
324,NC,Gold Tees,F,72,72.8,103.8,132,36.3,36.5,36.3,130,36.5,133,51.6,52.2,36.3 / 130,36.5 / 133
324,NC,Red Tees,F,72,70.6,99.9,125,35.4,35.2,35.4,124,35.2,125,50.0,49.9,35.4 / 124,35.2 / 125
323,NC,Black Tees,M,72,73.2,99.9,144,36.6,36.6,36.6,143,36.6,144,49.9,50.0,36.6 / 143,36.6 / 144
323,NC,Blue Tees,M,72,71.5,96.4,134,35.8,35.7,35.8,137,35.7,131,48.5,47.9,35.8 / 137,35.7 / 131
323,NC,White Tees,M,72,69.8,93.1,126,34.8,35.0,34.8,129,35.0,122,46.8,46.3,34.8 / 129,35.0 / 122
323,NC,Gold Tees,M,72,67.7,88.2,110,33.8,33.9,33.8,116,33.9,104,44.6,43.6,33.8 / 116,33.9 / 104
323,NC,Red Tees,M,72,65.4,84.3,102,32.5,32.9,32.5,104,32.9,99,42.2,42.1,32.5 / 104,32.9 / 99
323,NC,White Tees,F,72,75.7,108.0,137,37.7,38.0,37.7,136,38.0,138,53.7,54.3,37.7 / 136,38.0 / 138
323,NC,Gold Tees,F,72,72.1,102.7,130,36.1,36.0,36.1,129,36.0,131,51.3,51.4,36.1 / 129,36.0 / 131
323,NC,Red Tees,F,72,70.1,97.1,115,34.8,35.3,34.8,114,35.3,115,48.2,48.9,34.8 / 114,35.3 / 115
77,NC,Black Tees,M,72,73.4,100.1,144,36.9,36.5,36.9,146,36.5,141,50.5,49.6,36.9 / 146,36.5 / 141
77,NC,Blue Tees,M,72,71.5,97.6,141,36.0,35.5,36.0,144,35.5,137,49.4,48.2,36.0 / 144,35.5 / 137
77,NC,White Tees,M,72,68.5,92.7,130,34.4,34.1,34.4,131,34.1,129,46.6,46.1,34.4 / 131,34.1 / 129
77,NC,Gold Tees,M,72,65.2,85.4,109,32.9,32.3,32.9,109,32.3,109,43.0,42.4,32.9 / 109,32.3 / 109
77,NC,Red Tees,M,72,62.9,82.2,104,31.6,31.3,31.6,104,31.3,103,41.3,40.9,31.6 / 104,31.3 / 103
77,NC,White Tees,F,72,74.5,107.3,139,37.4,37.1,37.4,140,37.1,138,53.9,53.4,37.4 / 140,37.1 / 138
77,NC,Gold Tees,F,72,69.2,99.2,127,34.8,34.4,34.8,128,34.4,126,49.9,49.3,34.8 / 128,34.4 / 126
77,NC,Red Tees,F,72,66.1,93.3,116,33.2,32.9,33.2,114,32.9,117,46.6,46.7,33.2 / 114,32.9 / 117
398,NC,Championship Tees,M,72,75.4,101.6,141,37.5,37.9,37.5,142,37.9,140,50.7,50.9,37.5 / 142,37.9 / 140
398,NC,Black Tees,M,72,74.2,100.0,139,36.8,37.4,36.8,140,37.4,138,49.8,50.2,36.8 / 140,37.4 / 138
398,NC,Black/Green Hybrid,M,72,73.0,98.4,137,36.2,36.8,36.2,139,36.8,135,49.1,49.3,36.2 / 139,36.8 / 135
398,NC,Green Tees,M,72,71.9,96.9,135,35.7,36.2,35.7,138,36.2,131,48.5,48.4,35.7 / 138,36.2 / 131
398,NC,Green/Hogan Hybrid,M,72,71.2,95.9,133,35.4,35.8,35.4,136,35.8,130,48.0,47.9,35.4 / 136,35.8 / 130
398,NC,Hogan Tees,M,72,69.9,94.2,131,34.8,35.1,34.8,132,35.1,129,47.1,47.1,34.8 / 132,35.1 / 129
398,NC,Orange Tees,M,72,68.4,91.9,127,33.8,34.6,33.8,128,34.6,125,45.7,46.2,33.8 / 128,34.6 / 125
398,NC,Gold Tees,M,72,65.9,87.8,118,32.7,33.2,32.7,119,33.2,116,43.8,44.0,32.7 / 119,33.2 / 116
398,NC,Hogan Tees,F,72,75.7,107.7,136,37.6,38.1,37.6,137,38.1,135,53.7,54.0,37.6 / 137,38.1 / 135
398,NC,Orange Tees,F,72,73.7,104.8,132,36.4,37.3,36.4,131,37.3,132,51.9,52.9,36.4 / 131,37.3 / 132
398,NC,Gold Tees,F,72,70.2,99.6,125,34.8,35.4,34.8,126,35.4,123,49.7,49.9,34.8 / 126,35.4 / 123
42,NC,1 Tees,M,71,71.9,99.3,148,36.3,35.6,36.3,149,35.6,146,50.1,49.2,36.3 / 149,35.6 / 146
42,NC,1-2 Hybrid Tees,M,71,70.3,97.1,144,35.6,34.7,35.6,145,34.7,143,49.1,48.0,35.6 / 145,34.7 / 143
42,NC,2 Tees,M,71,69.0,94.9,140,35.0,34.0,35.0,139,34.0,140,47.9,47.0,35.0 / 139,34.0 / 140
42,NC,2-3 Hybrid Tees,M,71,67.6,92.9,136,34.5,33.1,34.5,133,33.1,139,46.9,46.0,34.5 / 133,33.1 / 139
42,NC,3 Tees,M,71,65.2,88.9,128,33.3,31.9,33.3,128,31.9,127,45.2,43.7,33.3 / 128,31.9 / 127
42,NC,3-4 Hybrid Tees,M,71,64.3,87.6,126,32.5,31.8,32.5,124,31.8,127,44.0,43.6,32.5 / 124,31.8 / 127
42,NC,4 Tees,M,71,62.5,84.4,118,31.9,30.6,31.9,117,30.6,118,42.8,41.6,31.9 / 117,30.6 / 118
42,NC,2 Tees,F,71,74.9,110.3,150,37.7,37.2,37.7,150,37.2,150,55.4,54.9,37.7 / 150,37.2 / 150
42,NC,3 Tees,F,71,70.5,103.8,141,35.8,34.7,35.8,143,34.7,139,52.7,51.1,35.8 / 143,34.7 / 139
42,NC,3-4 Hybrid Tees,F,71,69.5,102.0,138,34.9,34.6,34.9,137,34.6,138,51.1,50.9,34.9 / 137,34.6 / 138
42,NC,4 Tees,F,71,66.2,95.1,123,34.2,32.0,34.2,126,32.0,119,49.1,46.0,34.2 / 126,32.0 / 119
42,NC,5 Tees,F,71,65.8,94.1,120,33.9,31.9,33.9,126,31.9,114,48.7,45.4,33.9 / 126,31.9 / 114
35891,NC,Mats 4 thru 12,M,27,27.4,36.1,94,27.4,,27.4,94,,,36.1,,27.4 / 94,/
35891,NC,Mats 4 thru 12,F,27,28.6,39.4,92,28.6,,28.6,92,,,39.4,,28.6 / 92,/
17767,NC,Black Tees,M,72,75.4,103.4,151,37.9,37.5,37.9,151,37.5,151,51.9,51.5,37.9 / 151,37.5 / 151
17767,NC,Black/Green Hybrid,M,72,74.1,101.5,147,37.2,36.9,37.2,147,36.9,147,50.9,50.6,37.2 / 147,36.9 / 147
17767,NC,Green Tees,M,72,73.2,100.3,146,36.8,36.4,36.8,145,36.4,146,50.3,50.0,36.8 / 145,36.4 / 146
17767,NC,Green/White Hybrid,M,72,72.3,99.1,144,36.3,36.0,36.3,144,36.0,144,49.7,49.4,36.3 / 144,36.0 / 144
17767,NC,White Tees,M,72,71.4,97.0,138,35.8,35.6,35.8,139,35.6,137,48.7,48.3,35.8 / 139,35.6 / 137
17767,NC,White/Gold Hybrid,M,72,70.0,95.2,136,35.1,34.9,35.1,137,34.9,135,47.8,47.4,35.1 / 137,34.9 / 135
17767,NC,Gold Tees,M,72,68.6,92.9,131,34.5,34.1,34.5,132,34.1,129,46.8,46.1,34.5 / 132,34.1 / 129
17767,NC,Gold/Red Hybrid,M,72,66.5,89.0,121,33.6,32.9,33.6,127,32.9,115,45.4,43.6,33.6 / 127,32.9 / 115
17767,NC,Red Tees,M,72,66.0,88.2,120,33.3,32.7,33.3,126,32.7,113,45.0,43.2,33.3 / 126,32.7 / 113
17767,NC,Red/Forward Hybrid,M,72,63.1,84.5,116,31.8,31.3,31.8,121,31.3,110,43.0,41.5,31.8 / 121,31.3 / 110
17767,NC,Forward Tees,M,72,62.2,83.1,113,30.9,31.3,30.9,115,31.3,110,41.6,41.5,30.9 / 115,31.3 / 110
17767,NC,White Tees,F,72,77.5,112.8,150,39.0,38.5,39.0,148,38.5,151,56.5,56.3,39.0 / 148,38.5 / 151
17767,NC,White/Gold Hybrid,F,72,76.1,110.7,147,38.2,37.9,38.2,145,37.9,148,55.3,55.4,38.2 / 145,37.9 / 148
17767,NC,Gold Tees,F,72,74.2,108.0,143,37.4,36.8,37.4,142,36.8,144,54.2,53.8,37.4 / 142,36.8 / 144
17767,NC,Gold/Red Hybrid,F,72,71.3,102.6,133,36.3,35.0,36.3,133,35.0,132,52.0,50.6,36.3 / 133,35.0 / 132
17767,NC,Red Tees,F,72,70.6,100.7,128,36.1,34.5,36.1,130,34.5,126,51.4,49.3,36.1 / 130,34.5 / 126
17767,NC,Red/Forward Hybrid,F,72,66.7,94.4,118,34.0,32.7,34.0,122,32.7,113,48.4,46.0,34.0 / 122,32.7 / 113
17767,NC,Forward Tees,F,72,65.4,92.4,115,32.7,32.7,32.7,116,32.7,113,46.4,46.0,32.7 / 116,32.7 / 113
270,NC,Black Tees,M,70,74.4,100.0,138,36.9,37.5,36.9,140,37.5,136,49.9,50.1,36.9 / 140,37.5 / 136
270,NC,Black/Blue Hybrid,M,70,73.4,98.8,137,36.3,37.1,36.3,139,37.1,135,49.2,49.6,36.3 / 139,37.1 / 135
270,NC,Blue Tees,M,70,72.6,97.8,136,36.0,36.6,36.0,138,36.6,133,48.8,49.0,36.0 / 138,36.6 / 133
270,NC,Blue/White Hybrid,M,70,71.4,96.2,134,35.5,35.9,35.5,135,35.9,132,48.0,48.2,35.5 / 135,35.9 / 132
270,NC,White Tees,M,70,70.5,95.0,132,35.0,35.5,35.0,132,35.5,131,47.3,47.7,35.0 / 132,35.5 / 131
270,NC,White/Gold Hybrid,M,70,68.2,91.8,127,33.8,34.4,33.8,131,34.4,123,46.0,45.8,33.8 / 131,34.4 / 123
270,NC,Gold Tees,M,70,66.2,89.0,123,32.9,33.3,32.9,126,33.3,119,44.6,44.4,32.9 / 126,33.3 / 119
270,NC,Red Tees,M,70,64.4,86.6,120,31.9,32.5,31.9,122,32.5,117,43.2,43.4,31.9 / 122,32.5 / 117
270,NC,Red/Family Hybrid,M,70,62.1,82.4,109,31.2,30.9,31.2,116,30.9,102,42.0,40.4,31.2 / 116,30.9 / 102
270,NC,Family Tees,M,70,60.2,78.9,101,30.2,30.0,30.2,107,30.0,95,40.1,38.8,30.2 / 107,30.0 / 95
270,NC,White Tees,F,70,76.8,110.6,144,38.2,38.6,38.2,146,38.6,141,55.4,55.2,38.2 / 146,38.6 / 141
270,NC,Gold Tees,F,70,71.7,103.0,133,35.8,35.9,35.8,137,35.9,129,51.9,51.1,35.8 / 137,35.9 / 129
270,NC,Red Tees,F,70,69.3,100.0,130,34.4,34.9,34.4,133,34.9,127,50.1,49.9,34.4 / 133,34.9 / 127
270,NC,Red/Family Hybrid,F,70,65.3,93.3,119,33.3,32.0,33.3,126,32.0,111,48.2,45.1,33.3 / 126,32.0 / 111
270,NC,Family Tees,F,70,61.8,86.9,107,31.4,30.4,31.4,111,30.4,102,44.5,42.4,31.4 / 111,30.4 / 102
316,NC,Gold Tees,M,72,72.1,97.4,136,35.7,36.4,35.7,132,36.4,140,48.0,49.4,35.7 / 132,36.4 / 140
316,NC,Blue Tees,M,72,70.1,94.8,133,34.9,35.2,34.9,131,35.2,135,47.1,47.7,34.9 / 131,35.2 / 135
316,NC,White Tees,M,72,68.6,92.3,128,33.8,34.8,33.8,127,34.8,128,45.6,46.7,33.8 / 127,34.8 / 128
316,NC,White/Green Hybrid,M,72,67.1,90.0,124,33.3,33.8,33.3,126,33.8,121,45.0,45.0,33.3 / 126,33.8 / 121
316,NC,Green Tees,M,72,64.6,86.7,119,32.2,32.4,32.2,119,32.4,118,43.3,43.4,32.2 / 119,32.4 / 118
316,NC,Par 3 Tees,M,27,26.3,34.1,84,26.3,,26.3,84,,,34.1,,26.3 / 84,/
316,NC,White Tees,F,73,74.1,107.2,140,36.7,37.4,36.7,137,37.4,143,52.9,54.3,36.7 / 137,37.4 / 143
316,NC,Green Tees,F,73,69.6,100.1,129,34.6,35.0,34.6,127,35.0,131,49.6,50.5,34.6 / 127,35.0 / 131
316,NC,Red Tees,F,73,67.7,96.6,123,33.5,34.2,33.5,120,34.2,126,47.6,49.0,33.5 / 120,34.2 / 126
316,NC,Par 3 Tees,F,27,27.8,38.5,91,27.8,,27.8,91,,,38.5,,27.8 / 91,/
424,NC,Blue Tees,M,72,69.9,91.4,116,35.0,34.9,35.0,113,34.9,118,45.5,45.9,35.0 / 113,34.9 / 118
424,NC,White Tees,M,72,68.3,88.8,111,34.1,34.2,34.1,109,34.2,112,44.2,44.6,34.1 / 109,34.2 / 112
424,NC,Gold Tees,M,71,62.4,80.5,98,31.4,31.0,31.4,96,31.0,99,40.3,40.2,31.4 / 96,31.0 / 99
424,NC,Red Tees,M,71,61.4,78.9,95,31.0,30.4,31.0,94,30.4,95,39.7,39.2,31.0 / 94,30.4 / 95
424,NC,White Tees,F,73,73.9,101.0,115,36.9,37.0,36.9,113,37.0,117,50.2,50.8,36.9 / 113,37.0 / 117
424,NC,Gold Tees,F,71,66.7,91.6,106,33.7,33.0,33.7,106,33.0,105,46.2,45.4,33.7 / 106,33.0 / 105
424,NC,Red Tees,F,71,64.6,88.8,103,32.7,31.9,32.7,103,31.9,102,44.9,43.9,32.7 / 103,31.9 / 102
286,NC,Championship Tees,M,72,70.0,93.7,128,35.1,34.9,35.1,126,34.9,129,46.8,46.9,35.1 / 126,34.9 / 129
286,NC,Back Tees,M,72,67.9,90.3,121,33.9,34.0,33.9,114,34.0,127,44.5,45.8,33.9 / 114,34.0 / 127
286,NC,Middle Tees,M,72,64.0,84.0,108,32.7,31.3,32.7,104,31.3,111,42.4,41.6,32.7 / 104,31.3 / 111
286,NC,Forward Tees,M,72,62.2,80.8,100,31.5,30.7,31.5,99,30.7,101,40.7,40.1,31.5 / 99,30.7 / 101
286,NC,Middle Tees,F,72,68.8,96.1,116,35.0,33.8,35.0,115,33.8,116,48.6,47.5,35.0 / 115,33.8 / 116
286,NC,Forward Tees,F,72,65.6,90.1,104,33.3,32.3,33.3,105,32.3,103,45.7,44.4,33.3 / 105,32.3 / 103
159,NC,Black Tees,M,72,74.1,99.4,136,37.3,36.8,37.3,139,36.8,133,50.2,49.2,37.3 / 139,36.8 / 133
159,NC,Blue Tees,M,72,72.6,96.9,131,36.5,36.1,36.5,130,36.1,131,48.6,48.3,36.5 / 130,36.1 / 131
159,NC,White Tees,M,72,70.8,94.6,128,35.5,35.3,35.5,127,35.3,129,47.3,47.3,35.5 / 127,35.3 / 129
159,NC,Gold Tees,M,72,67.2,89.9,123,33.7,33.5,33.7,123,33.5,122,45.1,44.8,33.7 / 123,33.5 / 122
159,NC,Red Tees,M,72,64.7,85.8,114,32.5,32.2,32.5,114,32.2,113,43.1,42.7,32.5 / 114,32.2 / 113
159,NC,Gold Tees,F,72,72.5,103.9,134,36.3,36.2,36.3,137,36.2,130,52.4,51.5,36.3 / 137,36.2 / 130
159,NC,Red Tees,F,72,69.3,96.0,113,35.0,34.3,35.0,114,34.3,112,48.5,47.5,35.0 / 114,34.3 / 112
14961,NC,Blue Tees,M,72,73.7,98.8,136,36.6,37.1,36.6,135,37.1,136,49.1,49.7,36.6 / 135,37.1 / 136
14961,NC,Gold Tees,M,72,71.4,95.8,131,35.3,36.1,35.3,133,36.1,129,47.7,48.1,35.3 / 133,36.1 / 129
14961,NC,White Tees,M,72,69.9,93.5,127,34.4,35.5,34.4,129,35.5,125,46.4,47.1,34.4 / 129,35.5 / 125
14961,NC,Silver Tees,M,72,67.1,89.0,118,33.4,33.7,33.4,114,33.7,122,44.0,45.0,33.4 / 114,33.7 / 122
14961,NC,Red Tees,M,72,65.6,86.6,113,32.6,33.0,32.6,110,33.0,116,42.8,43.8,32.6 / 110,33.0 / 116
14961,NC,White Tees,F,72,75.7,107.4,135,37.6,38.1,37.6,135,38.1,134,53.5,53.9,37.6 / 135,38.1 / 134
14961,NC,Silver Tees,F,72,72.8,102.4,126,36.1,36.7,36.1,129,36.7,122,51.3,51.1,36.1 / 129,36.7 / 122
14961,NC,Red Tees,F,72,70.6,99.0,121,34.8,35.8,34.8,125,35.8,116,49.5,49.5,34.8 / 125,35.8 / 116
91,NC,Gold Tees,M,72,74.3,101.1,144,36.9,37.4,36.9,143,37.4,145,50.2,50.9,36.9 / 143,37.4 / 145
91,NC,Players Hybrid,M,72,72.8,98.7,140,36.1,36.7,36.1,140,36.7,139,49.1,49.6,36.1 / 140,36.7 / 139
91,NC,Blue Tees,M,72,71.1,96.4,136,35.4,35.7,35.4,139,35.7,133,48.3,48.1,35.4 / 139,35.7 / 133
91,NC,Members Hybrid,M,72,69.7,93.8,130,34.8,34.9,34.8,130,34.9,129,46.9,46.9,34.8 / 130,34.9 / 129
91,NC,White Tees,M,72,68.5,91.2,123,34.3,34.2,34.3,124,34.2,121,45.8,45.4,34.3 / 124,34.2 / 121
91,NC,Silver Tees,M,71,65.9,87.5,116,33.0,32.9,33.0,117,32.9,115,43.9,43.6,33.0 / 117,32.9 / 115
91,NC,White Tees,F,72,73.5,105.8,137,36.8,36.7,36.8,141,36.7,133,53.4,52.4,36.8 / 141,36.7 / 133
91,NC,Silver Tees,F,72,70.5,100.2,126,35.3,35.2,35.3,128,35.2,124,50.4,49.8,35.3 / 128,35.2 / 124
91,NC,Red Tees,F,72,68.9,97.2,120,34.4,34.5,34.4,120,34.5,120,48.5,48.7,34.4 / 120,34.5 / 120
13428,NC,Blue Tees,M,72,71.0,93.9,124,35.8,35.2,35.8,124,35.2,123,47.3,46.6,35.8 / 124,35.2 / 123
13428,NC,White Tees,M,72,69.5,92.0,121,35.0,34.5,35.0,123,34.5,119,46.4,45.6,35.0 / 123,34.5 / 119
13428,NC,Gold Tees,M,72,66.7,87.7,113,33.8,32.9,33.8,112,32.9,114,44.2,43.5,33.8 / 112,32.9 / 114
13428,NC,Red Tees,M,72,64.4,85.0,111,32.5,31.9,32.5,110,31.9,112,42.7,42.3,32.5 / 110,31.9 / 112
13428,NC,White Tees,F,73,74.6,104.3,126,37.8,36.8,37.8,129,36.8,123,53.0,51.3,37.8 / 129,36.8 / 123
13428,NC,Gold Tees,F,72,71.5,100.4,123,36.0,35.5,36.0,125,35.5,120,50.7,49.7,36.0 / 125,35.5 / 120
13428,NC,Red Tees,F,72,69.6,97.2,117,35.2,34.4,35.2,120,34.4,114,49.4,47.8,35.2 / 120,34.4 / 114
206,NC,Gold Tees,M,70,72.3,97.0,133,35.5,36.8,35.5,127,36.8,139,47.3,49.7,35.5 / 127,36.8 / 139
206,NC,Blue Tees,M,70,69.4,93.2,129,34.1,35.3,34.1,122,35.3,135,45.4,47.8,34.1 / 122,35.3 / 135
206,NC,White Tees,M,70,67.7,89.8,119,33.5,34.2,33.5,114,34.2,124,44.1,45.7,33.5 / 114,34.2 / 124
206,NC,Green Tees,M,70,64.3,84.6,109,31.6,32.7,31.6,103,32.7,115,41.2,43.4,31.6 / 103,32.7 / 115
206,NC,White Tees,F,70,73.2,105.1,136,36.1,37.1,36.1,126,37.1,145,50.9,54.2,36.1 / 126,37.1 / 145
206,NC,Green Tees,F,70,68.1,96.9,122,33.7,34.4,33.7,117,34.4,127,47.5,49.4,33.7 / 117,34.4 / 127
206,NC,Red Tees,F,70,65.1,92.1,115,32.6,32.5,32.6,110,32.5,119,45.6,46.5,32.6 / 110,32.5 / 119
217,NC,#1,M,72,73.6,101.0,148,36.6,37.0,36.6,152,37.0,143,50.7,50.3,36.6 / 152,37.0 / 143
217,NC,#2,M,72,72.3,99.2,145,36.2,36.1,36.2,150,36.1,140,50.1,49.1,36.2 / 150,36.1 / 140
217,NC,#3,M,72,70.3,95.9,138,35.0,35.3,35.0,140,35.3,136,48.0,47.9,35.0 / 140,35.3 / 136
217,NC,Omega Green,M,72,69.2,94.2,135,34.8,34.4,34.8,139,34.4,130,47.7,46.5,34.8 / 139,34.4 / 130
217,NC,#4,M,72,68.0,92.2,130,34.2,33.8,34.2,133,33.8,127,46.6,45.6,34.2 / 133,33.8 / 127
217,NC,#5,M,72,66.7,90.0,126,33.6,33.1,33.6,130,33.1,121,45.7,44.3,33.6 / 130,33.1 / 121
217,NC,#6,M,72,64.4,85.3,113,32.2,32.2,32.2,115,32.2,110,42.9,42.4,32.2 / 115,32.2 / 110
217,NC,#3,F,72,76.3,111.2,148,38.0,38.3,38.0,149,38.3,147,55.6,55.6,38.0 / 149,38.3 / 147
217,NC,#4,F,72,73.6,107.5,144,36.9,36.7,36.9,146,36.7,142,54.1,53.4,36.9 / 146,36.7 / 142
217,NC,#5,F,72,71.7,103.1,133,36.1,35.6,36.1,140,35.6,126,52.6,50.5,36.1 / 140,35.6 / 126
217,NC,#6,F,72,68.6,97.7,124,34.3,34.3,34.3,127,34.3,120,49.3,48.4,34.3 / 127,34.3 / 120
217,NC,Red/Teal Hybrid,F,72,67.9,96.6,122,33.8,34.1,33.8,125,34.1,119,48.5,48.1,33.8 / 125,34.1 / 119
273,NC,Blue Tees,M,72,73.4,97.9,132,35.9,37.5,35.9,128,37.5,136,47.8,50.1,35.9 / 128,37.5 / 136
273,NC,White Tees,M,72,71.3,95.0,128,34.9,36.4,34.9,124,36.4,131,46.4,48.6,34.9 / 124,36.4 / 131
273,NC,Yellow Tees,M,72,69.9,93.1,125,34.1,35.8,34.1,123,35.8,127,45.5,47.6,34.1 / 123,35.8 / 127
273,NC,Green Tees,M,72,67.5,89.2,117,32.8,34.7,32.8,118,34.7,115,43.8,45.4,32.8 / 118,34.7 / 115
273,NC,Red Tees,M,72,65.8,86.7,113,32.3,33.5,32.3,113,33.5,112,42.8,43.9,32.3 / 113,33.5 / 112
273,NC,Yellow Tees,F,72,76.1,107.7,134,37.1,39.0,37.1,129,39.0,139,52.3,55.4,37.1 / 129,39.0 / 139
273,NC,Green Tees,F,72,72.7,101.9,124,35.6,37.1,35.6,119,37.1,129,49.6,52.3,35.6 / 119,37.1 / 129
273,NC,Red Tees,F,72,70.8,99.5,122,34.8,36.0,34.8,116,36.0,127,48.5,51.0,34.8 / 116,36.0 / 127
461,NC,Blue Tees,M,70,67.5,88.7,114,34.0,33.5,34.0,118,33.5,110,45.0,43.7,34.0 / 118,33.5 / 110
461,NC,White Tees,M,70,66.1,86.3,109,33.4,32.7,33.4,112,32.7,105,43.8,42.5,33.4 / 112,32.7 / 105
461,NC,Yellow Tees,M,70,64.5,83.8,104,32.5,32.0,32.5,108,32.0,100,42.5,41.3,32.5 / 108,32.0 / 100
461,NC,Red Tees,M,70,63.0,81.3,99,31.9,31.1,31.9,101,31.1,96,41.3,40.0,31.9 / 101,31.1 / 96
461,NC,White Tees,F,70,71.5,99.2,118,36.3,35.2,36.3,118,35.2,117,50.2,49.0,36.3 / 118,35.2 / 117
461,NC,Yellow Tees,F,70,69.2,95.5,112,35.0,34.2,35.0,112,34.2,111,48.2,47.3,35.0 / 112,34.2 / 111
461,NC,Red Tees,F,70,67.0,92.5,109,34.1,32.9,34.1,109,32.9,108,46.9,45.6,34.1 / 109,32.9 / 108
285,NC,Black Tees,M,68,67.2,88.4,114,33.6,33.6,33.6,114,33.6,114,44.2,44.2,33.6 / 114,33.6 / 114
285,NC,Blue Tees,M,68,65.4,86.0,111,32.7,32.7,32.7,111,32.7,111,43.0,43.0,32.7 / 111,32.7 / 111
285,NC,White Tees,M,68,62.8,82.2,104,31.4,31.4,31.4,104,31.4,104,41.1,41.1,31.4 / 104,31.4 / 104
285,NC,Gold Tees,M,68,61.6,79.2,95,30.8,30.8,30.8,95,30.8,95,39.6,39.6,30.8 / 95,30.8 / 95
285,NC,White Tees,F,68,67.4,93.8,112,33.7,33.7,33.7,112,33.7,112,46.9,46.9,33.7 / 112,33.7 / 112
285,NC,Gold Tees,F,68,64.8,89.8,106,32.4,32.4,32.4,106,32.4,106,44.9,44.9,32.4 / 106,32.4 / 106
285,NC,Red Tees,F,68,64.0,88.8,105,32.0,32.0,32.0,105,32.0,105,44.4,44.4,32.0 / 105,32.0 / 105
29646,NC,Black Tees,M,71,72.1,96.3,130,36.2,35.9,36.2,133,35.9,127,48.6,47.7,36.2 / 133,35.9 / 127
29646,NC,Blue Tees,M,71,71.0,94.9,129,35.8,35.2,35.8,132,35.2,125,48.1,46.8,35.8 / 132,35.2 / 125
29646,NC,White Tees,M,71,69.1,92.0,124,34.9,34.2,34.9,126,34.2,121,46.6,45.4,34.9 / 126,34.2 / 121
29646,NC,Gold Tees,M,71,66.2,87.8,117,33.5,32.7,33.5,122,32.7,111,44.8,43.0,33.5 / 122,32.7 / 111
29646,NC,Red Tees,M,71,63.5,84.0,111,32.1,31.4,32.1,114,31.4,107,42.7,41.3,32.1 / 114,31.4 / 107
29646,NC,White Tees,F,71,74.4,105.4,132,37.5,36.9,37.5,135,36.9,128,53.4,52.0,37.5 / 135,36.9 / 128
29646,NC,Gold Tees,F,71,71.4,101.1,126,36.1,35.3,36.1,130,35.3,122,51.4,49.7,36.1 / 130,35.3 / 122
29646,NC,Red Tees,F,71,67.8,94.5,114,34.3,33.5,34.3,114,33.5,113,47.7,46.8,34.3 / 114,33.5 / 113
29647,NC,Black Tees,M,72,72.9,97.8,134,35.9,37.0,35.9,127,37.0,141,47.7,50.1,35.9 / 127,37.0 / 141
29647,NC,Blue Tees,M,72,71.7,95.9,131,35.2,36.5,35.2,125,36.5,136,46.8,49.1,35.2 / 125,36.5 / 136
29647,NC,White Tees,M,72,69.7,93.2,127,34.2,35.5,34.2,121,35.5,132,45.4,47.8,34.2 / 121,35.5 / 132
29647,NC,Gold Tees,M,72,67.1,88.2,114,32.7,34.4,32.7,111,34.4,116,43.0,45.2,32.7 / 111,34.4 / 116
29647,NC,Red Tees,M,72,64.3,84.4,109,31.4,32.9,31.4,107,32.9,110,41.3,43.1,31.4 / 107,32.9 / 110
29647,NC,White Tees,F,72,75.5,107.1,134,36.9,38.6,36.9,128,38.6,140,52.0,55.1,36.9 / 128,38.6 / 140
29647,NC,Gold Tees,F,72,72.1,102.2,128,35.3,36.8,35.3,122,36.8,133,49.7,52.5,35.3 / 122,36.8 / 133
29647,NC,Red Tees,F,72,68.6,96.5,119,33.5,35.1,33.5,113,35.1,124,46.8,49.7,33.5 / 113,35.1 / 124
29645,NC,Black Tees,M,73,73.2,98.7,137,37.0,36.2,37.0,141,36.2,133,50.1,48.6,37.0 / 141,36.2 / 133
29645,NC,Blue Tees,M,73,72.3,97.2,134,36.5,35.8,36.5,136,35.8,132,49.1,48.1,36.5 / 136,35.8 / 132
29645,NC,White Tees,M,73,70.4,94.4,129,35.5,34.9,35.5,132,34.9,126,47.8,46.6,35.5 / 132,34.9 / 126
29645,NC,Gold Tees,M,73,67.9,90.0,119,34.4,33.5,34.4,116,33.5,122,45.2,44.8,34.4 / 116,33.5 / 122
29645,NC,Red Tees,M,73,65.0,85.8,112,32.9,32.1,32.9,110,32.1,114,43.1,42.7,32.9 / 110,32.1 / 114
29645,NC,White Tees,F,73,76.1,108.5,138,38.6,37.5,38.6,140,37.5,135,55.1,53.4,38.6 / 140,37.5 / 135
29645,NC,Gold Tees,F,73,72.9,103.9,132,36.8,36.1,36.8,133,36.1,130,52.5,51.4,36.8 / 133,36.1 / 130
29645,NC,Red Tees,F,73,69.4,97.4,119,35.1,34.3,35.1,124,34.3,114,49.7,47.7,35.1 / 124,34.3 / 114
260,NC,Gold Tees,M,72,74.3,100.6,142,36.7,37.6,36.7,138,37.6,145,49.5,51.1,36.7 / 138,37.6 / 145
260,NC,Gold/Green Hybrid,M,72,73.3,99.2,140,36.4,36.9,36.4,136,36.9,143,49.0,50.2,36.4 / 136,36.9 / 143
260,NC,Green Tees,M,72,72.2,97.7,137,35.7,36.5,35.7,133,36.5,141,48.1,49.6,35.7 / 133,36.5 / 141
260,NC,Green/Black Hybrid,M,72,70.7,95.5,134,35.0,35.7,35.0,129,35.7,138,47.0,48.5,35.0 / 129,35.7 / 138
260,NC,Black Tees,M,72,69.5,93.5,129,34.6,34.9,34.6,125,34.9,133,46.2,47.3,34.6 / 125,34.9 / 133
260,NC,Black/Blue Hybrid,M,72,68.0,91.4,126,34.1,33.9,34.1,123,33.9,129,45.5,45.9,34.1 / 123,33.9 / 129
260,NC,Blue Tees,M,72,66.7,88.8,119,33.3,33.4,33.3,116,33.4,122,44.1,44.7,33.3 / 116,33.4 / 122
260,NC,Blue/White Hybrid,M,72,65.1,86.8,117,32.6,32.5,32.6,114,32.5,119,43.2,43.6,32.6 / 114,32.5 / 119
260,NC,White Tees,M,72,63.2,84.2,113,31.5,31.7,31.5,111,31.7,115,41.8,42.4,31.5 / 111,31.7 / 115
260,NC,Black Tees,F,72,76.1,109.5,142,37.7,38.4,37.7,140,38.4,143,54.2,55.3,37.7 / 140,38.4 / 143
260,NC,Black/Blue Hybrid,F,72,74.2,106.1,135,37.1,37.1,37.1,133,37.1,136,52.8,53.3,37.1 / 133,37.1 / 136
260,NC,Blue Tees,F,72,72.2,103.0,131,36.0,36.2,36.0,128,36.2,133,51.1,51.9,36.0 / 128,36.2 / 133
260,NC,Blue/White Hybrid,F,72,70.3,99.5,124,35.2,35.1,35.2,124,35.1,124,49.8,49.7,35.2 / 124,35.1 / 124
260,NC,White Tees,F,72,68.0,96.2,120,33.9,34.1,33.9,120,34.1,120,48.0,48.2,33.9 / 120,34.1 / 120
353,NC,Black-Gold Tees,M,72,69.0,92.4,126,34.6,34.4,34.6,126,34.4,126,46.3,46.1,34.6 / 126,34.4 / 126
353,NC,Blue-White Tees,M,72,67.4,89.7,120,33.6,33.8,33.6,119,33.8,121,44.7,45.0,33.6 / 119,33.8 / 121
353,NC,Beige/Orange Hybrid,M,72,66.2,87.9,117,33.4,32.8,33.4,117,32.8,116,44.3,43.6,33.4 / 117,32.8 / 116
353,NC,Red Tees,M,72,64.1,85.3,114,31.8,32.3,31.8,113,32.3,115,42.3,43.0,31.8 / 113,32.3 / 115
353,NC,Blue-White Tees,F,72,72.8,103.1,129,36.4,36.4,36.4,126,36.4,131,51.2,51.9,36.4 / 126,36.4 / 131
353,NC,Red Tees,F,72,68.9,97.3,121,34.2,34.7,34.2,117,34.7,124,48.0,49.3,34.2 / 117,34.7 / 124
282,NC,Blue Tees,M,70,69.8,94.5,133,34.9,34.9,34.9,128,34.9,138,46.8,47.7,34.9 / 128,34.9 / 138
282,NC,White Tees,M,70,68.0,91.5,127,34.2,33.8,34.2,125,33.8,128,45.8,45.7,34.2 / 125,33.8 / 128
282,NC,Black Tees,M,70,66.1,88.6,121,33.4,32.7,33.4,123,32.7,119,44.8,43.8,33.4 / 123,32.7 / 119
282,NC,Red Tees,M,70,63.4,84.3,113,31.7,31.7,31.7,114,31.7,111,42.3,42.0,31.7 / 114,31.7 / 111
282,NC,Orange Tees,M,70,61.9,80.6,101,30.8,31.1,30.8,101,31.1,100,40.2,40.4,30.8 / 101,31.1 / 100
282,NC,Yellow Tees,M,56,57.5,75.3,96,28.8,28.7,28.8,98,28.7,94,37.9,37.4,28.8 / 98,28.7 / 94
282,NC,White Tees,F,70,73.6,104.8,133,37.1,36.5,37.1,129,36.5,136,52.3,52.5,37.1 / 129,36.5 / 136
282,NC,Black Tees,F,70,71.3,101.4,128,36.0,35.3,36.0,126,35.3,130,50.8,50.6,36.0 / 126,35.3 / 130
282,NC,Red Tees,F,70,68.1,96.7,121,34.1,34.0,34.1,122,34.0,120,48.5,48.2,34.1 / 122,34.0 / 120
282,NC,Orange Tees,F,70,63.8,90.4,113,31.7,32.1,31.7,113,32.1,113,45.0,45.4,31.7 / 113,32.1 / 113
282,NC,Yellow Tees,F,70,58.8,81.8,98,29.3,29.5,29.3,102,29.5,93,41.3,40.5,29.3 / 102,29.5 / 93
13590,NC,Black Tees,M,71,72.6,97.8,136,36.2,36.4,36.2,136,36.4,136,48.8,49.0,36.2 / 136,36.4 / 136
13590,NC,Blue Tees,M,71,71.9,96.8,134,35.8,36.1,35.8,133,36.1,135,48.2,48.6,35.8 / 133,36.1 / 135
13590,NC,White Tees,M,71,70.1,94.2,130,35.0,35.1,35.0,127,35.1,132,46.8,47.4,35.0 / 127,35.1 / 132
13590,NC,White/Gold Hybrid,M,71,68.9,93.0,128,34.1,34.8,34.1,126,34.8,130,45.9,47.0,34.1 / 126,34.8 / 130
13590,NC,Gold Tees,M,71,68.0,91.2,125,33.7,34.3,33.7,122,34.3,128,45.0,46.2,33.7 / 122,34.3 / 128
13590,NC,Gold/Red Hybrid,M,71,65.8,88.3,120,32.5,33.3,32.5,117,33.3,123,43.3,44.8,32.5 / 117,33.3 / 123
13590,NC,Red Tees,M,71,64.6,86.0,115,32.1,32.5,32.1,113,32.5,117,42.6,43.4,32.1 / 113,32.5 / 117
13590,NC,White Tees,F,71,75.4,108.1,139,37.6,37.8,37.6,137,37.8,141,53.7,54.4,37.6 / 137,37.8 / 141
13590,NC,Gold Tees,F,71,72.9,103.8,131,36.2,36.7,36.2,128,36.7,134,51.3,52.5,36.2 / 128,36.7 / 134
13590,NC,Gold/Red Hybrid,F,71,70.3,99.9,126,34.6,35.7,34.6,122,35.7,129,48.9,50.9,34.6 / 122,35.7 / 129
13590,NC,Red Tees,F,71,69.0,97.7,122,34.3,34.7,34.3,119,34.7,125,48.3,49.4,34.3 / 119,34.7 / 125
301,NC,Blue Tees,M,71,71.1,96.6,137,34.3,36.8,34.3,130,36.8,144,46.4,50.2,34.3 / 130,36.8 / 144
301,NC,Blue/White Hybrid,M,71,70.1,94.0,129,33.9,36.2,33.9,122,36.2,136,45.2,48.8,33.9 / 122,36.2 / 136
301,NC,White Tees,M,71,69.2,92.7,126,33.5,35.7,33.5,119,35.7,133,44.6,48.1,33.5 / 119,35.7 / 133
301,NC,White/Gold Hybrid,M,71,67.8,90.4,122,33.0,34.8,33.0,112,34.8,131,43.4,47.0,33.0 / 112,34.8 / 131
301,NC,Gold Tees,M,71,66.5,88.1,117,32.5,34.0,32.5,109,34.0,124,42.6,45.5,32.5 / 109,34.0 / 124
301,NC,Gold/Green Hybrid,M,71,64.8,85.7,113,31.7,33.1,31.7,107,33.1,118,41.6,44.1,31.7 / 107,33.1 / 118
301,NC,Green Tees,M,71,64.2,84.8,111,31.5,32.7,31.5,104,32.7,117,41.2,43.6,31.5 / 104,32.7 / 117
301,NC,Junior Tees,M,70,62.0,81.8,107,30.6,31.4,30.6,101,31.4,112,40.0,41.8,30.6 / 101,31.4 / 112
301,NC,Blue Tees,F,71,77.2,110.9,143,37.2,40.0,37.2,137,40.0,148,53.4,57.5,37.2 / 137,40.0 / 148
301,NC,Blue/White Hybrid,F,71,75.9,108.9,140,36.6,39.3,36.6,134,39.3,146,52.4,56.5,36.6 / 134,39.3 / 146
301,NC,White Tees,F,71,74.9,107.7,139,36.1,38.8,36.1,133,38.8,145,51.8,55.9,36.1 / 133,38.8 / 145
301,NC,White/Gold Hybrid,F,71,73.6,104.8,133,35.6,38.0,35.6,125,38.0,140,50.3,54.5,35.6 / 125,38.0 / 140
301,NC,Gold Tees,F,71,71.6,101.7,128,34.7,36.9,34.7,118,36.9,137,48.6,53.1,34.7 / 118,36.9 / 137
301,NC,Gold/Green Hybrid,F,71,69.6,98.0,121,34.0,35.6,34.0,114,35.6,127,47.4,50.6,34.0 / 114,35.6 / 127
301,NC,Green Tees,F,71,68.6,96.4,118,33.4,35.2,33.4,113,35.2,123,46.7,49.7,33.4 / 113,35.2 / 123
301,NC,Junior Tees,F,70,65.2,91.3,111,31.9,33.3,31.9,106,33.3,115,44.4,46.9,31.9 / 106,33.3 / 115
212,NC,Blue Tees,M,72,70.8,93.7,124,35.2,35.6,35.2,122,35.6,125,46.5,47.2,35.2 / 122,35.6 / 125
212,NC,White Tees,M,72,68.6,91.2,122,33.9,34.7,33.9,121,34.7,123,45.1,46.1,33.9 / 121,34.7 / 123
212,NC,Gold Tees,M,72,64.7,84.5,107,31.8,32.9,31.8,104,32.9,109,41.5,43.0,31.8 / 104,32.9 / 109
212,NC,Red Tees,M,72,62.2,80.5,99,31.2,31.0,31.2,98,31.0,99,40.3,40.2,31.2 / 98,31.0 / 99
212,NC,White Tees,F,72,74.7,104.6,127,37.1,37.6,37.1,125,37.6,129,51.8,52.8,37.1 / 125,37.6 / 129
212,NC,Gold Tees,F,72,69.5,97.2,118,34.2,35.3,34.2,119,35.3,116,48.2,49.0,34.2 / 119,35.3 / 116
212,NC,Red Tees,F,72,65.1,90.8,109,32.6,32.5,32.6,109,32.5,109,45.5,45.3,32.6 / 109,32.5 / 109
321,NC,Black Tees,M,71,73.2,99.7,143,36.3,36.9,36.3,142,36.9,143,49.5,50.2,36.3 / 142,36.9 / 143
321,NC,Black/Blue Hybrid,M,71,72.1,98.1,140,35.8,36.3,35.8,140,36.3,140,48.8,49.3,35.8 / 140,36.3 / 140
321,NC,Blue Tees,M,71,70.8,96.0,136,35.4,35.4,35.4,133,35.4,138,47.8,48.2,35.4 / 133,35.4 / 138
321,NC,Blue/Gold Hybrid,M,71,69.6,93.7,130,34.9,34.7,34.9,129,34.7,130,46.9,46.8,34.9 / 129,34.7 / 130
321,NC,Gold Tees,M,71,69.2,92.1,124,34.8,34.4,34.8,123,34.4,124,46.2,45.9,34.8 / 123,34.4 / 124
321,NC,Gold/Red Hybrid,M,71,66.9,89.0,119,34.0,32.9,34.0,115,32.9,123,44.7,44.3,34.0 / 115,32.9 / 123
321,NC,Red Tees,M,71,65.9,87.5,116,33.5,32.4,33.5,114,32.4,118,44.1,43.4,33.5 / 114,32.4 / 118
321,NC,Red/White Hybrid,M,71,63.8,85.1,115,32.2,31.6,32.2,112,31.6,117,42.6,42.5,32.2 / 112,31.6 / 117
321,NC,White Tees,M,71,63.0,83.4,110,31.5,31.5,31.5,107,31.5,113,41.4,42.0,31.5 / 107,31.5 / 113
321,NC,Junior Course,M,57,56.2,74.3,98,28.0,28.2,28.0,95,28.2,100,36.8,37.5,28.0 / 95,28.2 / 100
321,NC,Nantz Par 3,M,54,52.0,67.9,86,25.8,26.2,25.8,85,26.2,86,33.7,34.2,25.8 / 85,26.2 / 86
321,NC,Blue Tees,F,71,76.9,110.6,143,38.6,38.3,38.6,143,38.3,142,55.5,55.1,38.6 / 143,38.3 / 142
321,NC,Blue/Gold Hybrid,F,71,75.2,108.1,140,37.8,37.4,37.8,141,37.4,138,54.4,53.7,37.8 / 141,37.4 / 138
321,NC,Gold Tees,F,71,74.4,106.7,137,37.5,36.9,37.5,138,36.9,136,53.8,52.9,37.5 / 138,36.9 / 136
321,NC,Gold/Red Hybrid,F,71,71.7,102.0,129,36.3,35.4,36.3,132,35.4,125,51.9,50.1,36.3 / 132,35.4 / 125
321,NC,Red Tees,F,71,70.7,100.2,125,35.8,34.9,35.8,127,34.9,123,50.8,49.4,35.8 / 127,34.9 / 123
321,NC,Red/White Hybrid,F,71,68.5,97.1,122,34.9,33.6,34.9,120,33.6,123,49.0,48.1,34.9 / 120,33.6 / 123
321,NC,White Tees,F,71,66.8,95.2,121,33.6,33.2,33.6,119,33.2,122,47.6,47.6,33.6 / 119,33.2 / 122
321,NC,Junior Course,F,68,58.7,82.5,101,29.3,29.4,29.3,99,29.4,103,41.0,41.5,29.3 / 99,29.4 / 103
321,NC,Nantz Par 3,F,54,54.5,75.0,87,27.1,27.4,27.1,86,27.4,88,37.2,37.8,27.1 / 86,27.4 / 88
397,NC,Medal Tees,M,71,74.7,100.8,141,36.9,37.8,36.9,140,37.8,141,49.9,50.9,36.9 / 140,37.8 / 141
397,NC,Ross Tees,M,71,71.9,97.4,138,35.6,36.3,35.6,138,36.3,137,48.4,49.0,35.6 / 138,36.3 / 137
397,NC,Regular Tees,M,71,70.0,94.7,133,34.5,35.5,34.5,133,35.5,132,46.9,47.8,34.5 / 133,35.5 / 132
397,NC,Executive Tees,M,71,66.4,89.3,124,32.8,33.6,32.8,121,33.6,126,44.0,45.3,32.8 / 121,33.6 / 126
397,NC,Forward Tees,M,71,64.4,86.2,117,32.2,32.2,32.2,117,32.2,117,43.1,43.1,32.2 / 117,32.2 / 117
397,NC,Ross Tees,F,71,77.6,111.5,144,38.5,39.1,38.5,144,39.1,143,55.5,56.0,38.5 / 144,39.1 / 143
397,NC,Regular Tees,F,71,75.5,108.3,139,37.3,38.2,37.3,139,38.2,139,53.7,54.6,37.3 / 139,38.2 / 139
397,NC,Executive Tees,F,71,71.3,101.7,129,35.0,36.3,35.0,128,36.3,130,50.1,51.6,35.0 / 128,36.3 / 130
397,NC,Forward Tees,F,71,69.2,98.5,125,34.4,34.8,34.4,125,34.8,124,49.1,49.4,34.4 / 125,34.8 / 124
14481,NC,Blue Tees,M,72,71.7,96.3,133,35.3,36.4,35.3,129,36.4,136,47.3,49.0,35.3 / 129,36.4 / 136
14481,NC,Combo Tees,M,72,70.4,94.6,131,34.9,35.5,34.9,126,35.5,135,46.6,48.0,34.9 / 126,35.5 / 135
14481,NC,White Tees,M,72,69.6,93.6,129,34.5,35.1,34.5,125,35.1,133,46.1,47.5,34.5 / 125,35.1 / 133
14481,NC,Gold Tees,M,72,67.0,89.0,119,33.7,33.3,33.7,116,33.3,121,44.5,44.5,33.7 / 116,33.3 / 121
14481,NC,Red Tees,M,72,65.5,86.0,111,32.8,32.7,32.8,108,32.7,113,42.8,43.2,32.8 / 108,32.7 / 113
14481,NC,Teal Tees,M,70,61.6,81.2,106,31.1,30.5,31.1,100,30.5,111,40.4,40.8,31.1 / 100,30.5 / 111
14481,NC,White Tees,F,72,75.4,107.5,136,37.3,38.1,37.3,134,38.1,138,53.1,54.4,37.3 / 134,38.1 / 138
14481,NC,Gold Tees,F,72,72.4,102.9,130,36.1,36.3,36.1,130,36.3,129,51.4,51.5,36.1 / 130,36.3 / 129
14481,NC,Red Tees,F,72,70.0,99.1,124,34.9,35.1,34.9,121,35.1,126,49.2,49.9,34.9 / 121,35.1 / 126
14481,NC,Teal Tees,F,72,64.4,90.4,111,32.5,31.9,32.5,108,31.9,113,45.2,45.2,32.5 / 108,31.9 / 113
17964,NC,Blue Tees,M,72,70.9,93.3,121,35.3,35.6,35.3,122,35.6,119,46.6,46.7,35.3 / 122,35.6 / 119
17964,NC,White Tees,M,72,69.5,91.5,118,34.6,34.9,34.6,120,34.9,116,45.8,45.7,34.6 / 120,34.9 / 116
17964,NC,Green Tees,M,72,68.4,89.8,115,34.1,34.3,34.1,118,34.3,112,45.1,44.7,34.1 / 118,34.3 / 112
17964,NC,Gold Tees,M,72,65.1,84.9,107,32.9,32.2,32.9,109,32.2,104,43.0,41.9,32.9 / 109,32.2 / 104
17964,NC,Red Tees,M,72,64.1,83.5,105,32.4,31.7,32.4,107,31.7,102,42.3,41.2,32.4 / 107,31.7 / 102
17964,NC,Green Tees,F,73,74.4,103.7,125,37.1,37.3,37.1,124,37.3,125,51.7,52.0,37.1 / 124,37.3 / 125
17964,NC,Gold Tees,F,72,70.5,97.9,117,35.6,34.9,35.6,119,34.9,114,49.6,48.3,35.6 / 119,34.9 / 114
17964,NC,Red Tees,F,72,69.3,96.2,114,35.0,34.3,35.0,117,34.3,111,48.8,47.4,35.0 / 117,34.3 / 111
23731,NC,Blue Tees,M,70,69.1,92.2,124,33.5,35.6,33.5,119,35.6,129,44.6,47.6,33.5 / 119,35.6 / 129
23731,NC,White Tees,M,70,67.9,90.1,120,32.8,35.1,32.8,114,35.1,125,43.4,46.7,32.8 / 114,35.1 / 125
23731,NC,Green Tees,M,70,66.2,87.4,115,32.1,34.1,32.1,107,34.1,122,42.0,45.4,32.1 / 107,34.1 / 122
23731,NC,Red Tees,M,70,65.2,85.6,110,31.5,33.7,31.5,103,33.7,116,41.1,44.5,31.5 / 103,33.7 / 116
23731,NC,Red/Yellow Hybrid,M,70,63.5,82.8,104,31.1,32.4,31.1,99,32.4,109,40.3,42.5,31.1 / 99,32.4 / 109
23731,NC,Yellow Tees,M,70,61.6,79.8,98,30.2,31.4,30.2,97,31.4,99,39.2,40.6,30.2 / 97,31.4 / 99
23731,NC,Blue Tees,F,72,74.9,105.9,132,36.1,38.8,36.1,126,38.8,137,51.0,54.9,36.1 / 126,38.8 / 137
23731,NC,White Tees,F,72,73.5,103.7,128,35.3,38.2,35.3,123,38.2,133,49.8,53.9,35.3 / 123,38.2 / 133
23731,NC,Green Tees,F,72,71.4,100.4,123,34.2,37.2,34.2,117,37.2,129,48.0,52.4,34.2 / 117,37.2 / 129
23731,NC,Red Tees,F,72,69.9,97.8,119,33.2,36.7,33.2,112,36.7,125,46.4,51.4,33.2 / 112,36.7 / 125
23731,NC,Red/Yellow Hybrid,F,72,66.8,94.0,115,31.8,35.0,31.8,109,35.0,121,44.7,49.3,31.8 / 109,35.0 / 121
23731,NC,Yellow Tees,F,72,63.9,89.6,109,30.8,33.1,30.8,103,33.1,115,42.9,46.7,30.8 / 103,33.1 / 115
34035,NC,Blue Tees,M,70,74.1,100.5,142,36.6,37.5,36.6,141,37.5,143,49.7,50.8,36.6 / 141,37.5 / 143
34035,NC,Blue/White Hybrid,M,70,72.7,98.5,139,35.9,36.8,35.9,138,36.8,140,48.7,49.8,35.9 / 138,36.8 / 140
34035,NC,White Tees,M,70,71.5,96.9,137,35.3,36.2,35.3,136,36.2,138,47.9,49.0,35.3 / 136,36.2 / 138
34035,NC,White/Green Hybrid,M,70,69.9,94.7,134,34.7,35.2,34.7,132,35.2,135,47.0,47.7,34.7 / 132,35.2 / 135
34035,NC,Green Tees,M,70,68.2,92.2,129,33.8,34.4,33.8,127,34.4,131,45.6,46.6,33.8 / 127,34.4 / 131
34035,NC,Green/Red Hybrid,M,70,65.6,88.1,122,32.7,32.9,32.7,122,32.9,121,44.0,44.1,32.7 / 122,32.9 / 121
34035,NC,Red Tees,M,70,64.3,86.0,117,32.0,32.3,32.0,114,32.3,119,42.6,43.4,32.0 / 114,32.3 / 119
34035,NC,Green Tees,F,71,73.5,106.3,140,36.4,37.1,36.4,137,37.1,142,52.5,53.8,36.4 / 137,37.1 / 142
34035,NC,Green/Red Hybrid,F,70,70.4,101.0,130,35.0,35.4,35.0,131,35.4,129,50.4,50.6,35.0 / 131,35.4 / 129
34035,NC,Red Tees,F,70,69.0,98.1,124,34.2,34.8,34.2,122,34.8,125,48.6,49.5,34.2 / 122,34.8 / 125
23725,NC,U. S. Open Tees,M,72,77.9,105.5,149,38.8,39.1,38.8,145,39.1,152,52.3,53.2,38.8 / 145,39.1 / 152
23725,NC,Blue Tees,M,72,75.4,102.0,143,37.3,38.1,37.3,141,38.1,145,50.4,51.6,37.3 / 141,38.1 / 145
23725,NC,Blue/White Hybrid,M,72,73.6,99.8,141,36.7,36.9,36.7,138,36.9,144,49.5,50.3,36.7 / 138,36.9 / 144
23725,NC,White Tees,M,72,72.0,97.7,139,36.1,35.9,36.1,136,35.9,141,48.7,49.0,36.1 / 136,35.9 / 141
23725,NC,White/Green Hybrid,M,72,70.3,95.6,136,35.1,35.2,35.1,133,35.2,139,47.5,48.1,35.1 / 133,35.2 / 139
23725,NC,Green Tees,M,72,69.1,94.1,135,34.5,34.6,34.5,131,34.6,138,46.7,47.4,34.5 / 131,34.6 / 138
23725,NC,Red Tees,M,72,66.8,90.6,128,33.5,33.3,33.5,126,33.3,130,45.2,45.4,33.5 / 126,33.3 / 130
23725,NC,White Tees,F,72,78.1,112.0,144,39.0,39.1,39.0,145,39.1,142,56.1,55.9,39.0 / 145,39.1 / 142
23725,NC,White/Green Hybrid,F,72,76.0,109.0,140,37.8,38.2,37.8,139,38.2,141,54.2,54.8,37.8 / 139,38.2 / 141
23725,NC,Green Tees,F,72,74.9,107.2,137,37.3,37.6,37.3,137,37.6,137,53.5,53.7,37.3 / 137,37.6 / 137
23725,NC,Red Tees,F,72,72.1,103.3,133,36.1,36.0,36.1,130,36.0,135,51.4,51.9,36.1 / 130,36.0 / 135
23726,NC,White Tees,M,68,66.1,89.0,123,31.2,34.9,31.2,118,34.9,128,42.2,46.8,31.2 / 118,34.9 / 128
23726,NC,Green Tees,M,68,64.8,86.6,118,30.7,34.1,30.7,111,34.1,124,41.0,45.6,30.7 / 111,34.1 / 124
23726,NC,Red Tees,M,68,63.0,83.3,109,30.4,32.6,30.4,105,32.6,113,40.2,43.1,30.4 / 105,32.6 / 113
23726,NC,Yellow Tees,M,64,60.4,79.8,105,29.3,31.1,29.3,102,31.1,107,38.8,41.0,29.3 / 102,31.1 / 107
23726,NC,White Tees,F,68,71.2,100.6,125,33.1,38.1,33.1,117,38.1,132,46.9,53.7,33.1 / 117,38.1 / 132
23726,NC,Green Tees,F,68,69.2,97.7,121,32.0,37.2,32.0,114,37.2,128,45.4,52.3,32.0 / 114,37.2 / 128
23726,NC,Red Tees,F,68,66.4,94.2,118,31.2,35.2,31.2,110,35.2,126,44.2,50.0,31.2 / 110,35.2 / 126
23726,NC,Yellow Tees,F,68,63.0,89.0,110,29.8,33.2,29.8,104,33.2,116,42.1,46.9,29.8 / 104,33.2 / 116
23727,NC,Gold Tees,M,72,74.9,100.4,138,37.5,37.4,37.5,137,37.4,138,50.2,50.2,37.5 / 137,37.4 / 138
23727,NC,Blue Tees,M,72,73.7,98.7,135,36.9,36.8,36.9,135,36.8,135,49.4,49.3,36.9 / 135,36.8 / 135
23727,NC,Blue/White Hybrid,M,72,72.0,96.7,133,36.4,35.6,36.4,133,35.6,132,48.8,47.9,36.4 / 133,35.6 / 132
23727,NC,White Tees,M,72,70.8,95.2,131,35.8,35.0,35.8,131,35.0,131,48.0,47.2,35.8 / 131,35.0 / 131
23727,NC,White/Green Hybrid,M,72,69.5,92.9,126,35.0,34.5,35.0,125,34.5,127,46.6,46.3,35.0 / 125,34.5 / 127
23727,NC,Green Tees,M,72,68.5,91.2,123,34.6,33.9,34.6,122,33.9,123,45.9,45.3,34.6 / 122,33.9 / 123
23727,NC,Green/Red Hybrid,M,72,66.5,88.7,120,33.3,33.2,33.3,121,33.2,118,44.5,44.2,33.3 / 121,33.2 / 118
23727,NC,Red Tees,M,72,65.4,87.0,116,32.8,32.6,32.8,119,32.6,113,43.9,43.1,32.8 / 119,32.6 / 113
23727,NC,White Tees,F,73,76.9,109.8,140,38.8,38.1,38.8,139,38.1,140,55.2,54.6,38.8 / 139,38.1 / 140
23727,NC,White/Green Hybrid,F,72,75.2,107.3,136,37.7,37.5,37.7,135,37.5,137,53.6,53.7,37.7 / 135,37.5 / 137
23727,NC,Green Tees,F,72,73.8,105.1,133,37.2,36.6,37.2,132,36.6,133,52.8,52.3,37.2 / 132,36.6 / 133
23727,NC,Green/Red Hybrid,F,72,71.3,101.1,127,35.9,35.4,35.9,128,35.4,125,51.0,50.1,35.9 / 128,35.4 / 125
23727,NC,Red Tees,F,72,70.1,99.2,124,35.4,34.7,35.4,126,34.7,121,50.2,49.0,35.4 / 126,34.7 / 121
23728,NC,Gold Tees,M,72,72.7,98.0,136,36.6,36.1,36.6,133,36.1,139,49.0,49.0,36.6 / 133,36.1 / 139
23728,NC,Blue Tees,M,72,71.7,96.6,134,36.1,35.6,36.1,131,35.6,137,48.3,48.3,36.1 / 131,35.6 / 137
23728,NC,White Tees,M,72,69.8,93.3,127,35.3,34.5,35.3,125,34.5,128,46.9,46.4,35.3 / 125,34.5 / 128
23728,NC,White/Green Hybrid,M,72,68.3,91.0,123,34.5,33.8,34.5,124,33.8,121,46.0,45.0,34.5 / 124,33.8 / 121
23728,NC,Green Tees,M,72,67.6,89.9,120,34.1,33.5,34.1,123,33.5,117,45.5,44.4,34.1 / 123,33.5 / 117
23728,NC,Red Tees,M,72,65.5,86.1,111,32.9,32.6,32.9,112,32.6,110,43.3,42.8,32.9 / 112,32.6 / 110
23728,NC,Yellow Tees,M,72,62.2,81.8,105,31.3,30.9,31.3,105,30.9,105,41.1,40.7,31.3 / 105,30.9 / 105
23728,NC,White Tees,F,72,75.6,107.3,135,38.2,37.4,38.2,134,37.4,135,54.0,53.3,38.2 / 134,37.4 / 135
23728,NC,White/Green Hybrid,F,72,73.8,104.5,131,37.4,36.4,37.4,130,36.4,131,52.7,51.8,37.4 / 130,36.4 / 131
23728,NC,Green Tees,F,72,73.0,103.2,128,37.0,36.0,37.0,128,36.0,128,52.1,51.1,37.0 / 128,36.0 / 128
23728,NC,Red Tees,F,72,70.6,99.0,121,35.5,35.1,35.5,120,35.1,121,49.6,49.4,35.5 / 120,35.1 / 121
23728,NC,Yellow Tees,F,72,66.2,92.8,113,33.3,32.9,33.3,113,32.9,113,46.6,46.2,33.3 / 113,32.9 / 113
23730,NC,Gold Tees,M,72,74.5,100.5,140,37.3,37.2,37.3,140,37.2,140,50.3,50.2,37.3 / 140,37.2 / 140
23730,NC,Blue Tees,M,72,72.8,98.1,137,36.5,36.3,36.5,137,36.3,136,49.2,48.9,36.5 / 137,36.3 / 136
23730,NC,Blue/White Hybrid,M,72,71.8,96.4,133,36.1,35.7,36.1,135,35.7,130,48.6,47.8,36.1 / 135,35.7 / 130
23730,NC,White Tees,M,72,70.8,95.0,130,35.5,35.3,35.5,132,35.3,128,47.8,47.2,35.5 / 132,35.3 / 128
23730,NC,White/Green Hybrid,M,72,69.6,93.2,127,34.9,34.7,34.9,129,34.7,125,46.9,46.3,34.9 / 129,34.7 / 125
23730,NC,Green Tees,M,72,68.9,91.7,123,34.6,34.3,34.6,126,34.3,119,46.3,45.4,34.6 / 126,34.3 / 119
23730,NC,Green/Red Hybrid,M,72,67.0,89.6,122,33.8,33.2,33.8,123,33.2,121,45.2,44.4,33.8 / 123,33.2 / 121
23730,NC,Red Tees,M,72,65.1,87.0,118,32.8,32.3,32.8,118,32.3,117,43.8,43.2,32.8 / 118,32.3 / 117
23730,NC,Yellow Tees,M,70,62.3,82.7,110,31.2,31.1,31.2,110,31.1,110,41.4,41.3,31.2 / 110,31.1 / 110
23730,NC,White Tees,F,72,76.7,109.3,138,38.6,38.1,38.6,138,38.1,138,54.9,54.4,38.6 / 138,38.1 / 138
23730,NC,White/Green Hybrid,F,72,75.2,107.1,136,37.7,37.5,37.7,135,37.5,136,53.6,53.5,37.7 / 135,37.5 / 136
23730,NC,Green Tees,F,72,74.1,105.4,133,37.4,36.7,37.4,133,36.7,132,53.1,52.3,37.4 / 133,36.7 / 132
23730,NC,Green/Red Hybrid,F,72,72.1,102.6,130,36.4,35.7,36.4,131,35.7,128,51.8,50.8,36.4 / 131,35.7 / 128
23730,NC,Red Tees,F,72,70.2,99.6,125,35.4,34.8,35.4,125,34.8,125,50.1,49.5,35.4 / 125,34.8 / 125
23730,NC,Yellow Tees,F,72,66.0,92.9,114,32.9,33.1,32.9,116,33.1,112,46.6,46.3,32.9 / 116,33.1 / 112
23729,NC,Gold Tees,M,72,75.6,101.9,142,37.8,37.8,37.8,142,37.8,141,51.0,50.9,37.8 / 142,37.8 / 141
23729,NC,Blue Tees,M,72,74.0,99.7,139,36.9,37.1,36.9,138,37.1,139,49.7,50.0,36.9 / 138,37.1 / 139
23729,NC,Jones Tees,M,72,72.7,97.9,136,36.3,36.4,36.3,133,36.4,138,48.7,49.2,36.3 / 133,36.4 / 138
23729,NC,White Tees,M,72,71.7,96.5,134,35.6,36.1,35.6,130,36.1,137,47.7,48.8,35.6 / 130,36.1 / 137
23729,NC,Fairwoods Tees,M,72,70.5,94.7,130,35.2,35.3,35.2,127,35.3,133,47.0,47.7,35.2 / 127,35.3 / 133
23729,NC,Green Tees,M,72,69.2,92.3,124,34.5,34.7,34.5,119,34.7,129,45.6,46.7,34.5 / 119,34.7 / 129
23729,NC,Green/Red Hybrid,M,72,67.0,89.7,122,33.2,33.8,33.2,118,33.8,126,44.2,45.5,33.2 / 118,33.8 / 126
23729,NC,Red Tees,M,72,66.1,88.3,120,32.8,33.3,32.8,117,33.3,122,43.7,44.6,32.8 / 117,33.3 / 122
23729,NC,Yellow Tees,M,72,61.0,81.0,108,30.2,30.8,30.2,108,30.8,108,40.2,40.8,30.2 / 108,30.8 / 108
23729,NC,White Tees,F,72,77.7,111.6,144,38.6,39.1,38.6,143,39.1,144,55.5,56.1,38.6 / 143,39.1 / 144
23729,NC,Fairwoods Tees,F,72,76.4,109.6,141,38.2,38.2,38.2,141,38.2,141,54.8,54.8,38.2 / 141,38.2 / 141
23729,NC,Green Tees,F,72,74.4,106.5,137,37.1,37.3,37.1,137,37.3,136,53.2,53.3,37.1 / 137,37.3 / 136
23729,NC,Green/Red Hybrid,F,72,72.5,103.7,133,36.1,36.4,36.1,130,36.4,135,51.4,52.3,36.1 / 130,36.4 / 135
23729,NC,Red Tees,F,72,71.3,102.0,130,35.7,35.6,35.7,126,35.6,134,50.6,51.4,35.7 / 126,35.6 / 134
23729,NC,Fairlady Tees,F,72,67.4,95.4,119,33.9,33.5,33.9,119,33.5,119,47.9,47.5,33.9 / 119,33.5 / 119
23729,NC,Yellow Tees,F,72,63.6,90.0,112,31.9,31.7,31.9,109,31.7,114,44.8,45.2,31.9 / 109,31.7 / 114
20939,NC,Gold Tees,M,72,73.9,99.7,139,36.9,37.0,36.9,139,37.0,139,49.8,49.9,36.9 / 139,37.0 / 139
20939,NC,Blue Tees,M,72,72.0,97.0,135,35.9,36.1,35.9,135,36.1,135,48.4,48.6,35.9 / 135,36.1 / 135
20939,NC,Blue/White Hybrid,M,72,71.0,95.8,133,35.5,35.5,35.5,133,35.5,133,47.9,47.9,35.5 / 133,35.5 / 133
20939,NC,White Tees,M,72,70.0,94.3,131,35.0,35.0,35.0,131,35.0,130,47.2,47.1,35.0 / 131,35.0 / 130
20939,NC,White/Green Hybrid,M,72,68.4,91.6,125,33.8,34.6,33.8,124,34.6,126,45.3,46.3,33.8 / 124,34.6 / 126
20939,NC,Green Tees,M,72,67.7,90.1,121,33.7,34.0,33.7,119,34.0,122,44.8,45.3,33.7 / 119,34.0 / 122
20939,NC,Green/Red Hybrid,M,72,66.0,87.7,117,33.2,32.8,33.2,118,32.8,115,44.2,43.5,33.2 / 118,32.8 / 115
20939,NC,Red Tees,M,72,64.5,85.5,113,32.2,32.3,32.2,114,32.3,112,42.8,42.7,32.2 / 114,32.3 / 112
20939,NC,White Tees,F,72,76.2,109.1,140,38.1,38.1,38.1,139,38.1,140,54.5,54.6,38.1 / 139,38.1 / 140
20939,NC,White/Green Hybrid,F,72,74.4,106.3,135,36.8,37.6,36.8,133,37.6,137,52.5,53.8,36.8 / 133,37.6 / 137
20939,NC,Green Tees,F,72,73.1,104.5,133,36.3,36.8,36.3,132,36.8,134,51.9,52.6,36.3 / 132,36.8 / 134
20939,NC,Green/Red Hybrid,F,72,71.4,101.2,127,36.1,35.3,36.1,124,35.3,129,50.7,50.5,36.1 / 124,35.3 / 129
20939,NC,Red Tees,F,72,70.0,99.1,124,35.0,35.0,35.0,121,35.0,126,49.3,49.8,35.0 / 121,35.0 / 126
23739,NC,Gold Tees,M,72,75.2,101.7,143,37.8,37.4,37.8,143,37.4,142,51.1,50.6,37.8 / 143,37.4 / 142
23739,NC,Gold/Blue Hybrid,M,72,74.1,100.1,140,37.3,36.8,37.3,141,36.8,139,50.4,49.7,37.3 / 141,36.8 / 139
23739,NC,Blue Tees,M,72,73.1,98.9,139,36.7,36.4,36.7,140,36.4,138,49.7,49.2,36.7 / 140,36.4 / 138
23739,NC,Blue/White Hybrid,M,72,71.8,97.3,138,36.2,35.6,36.2,138,35.6,137,49.0,48.3,36.2 / 138,35.6 / 137
23739,NC,White Tees,M,72,70.5,95.6,135,35.7,34.8,35.7,137,34.8,133,48.4,47.2,35.7 / 137,34.8 / 133
23739,NC,National Hybrid,M,72,69.3,93.5,130,35.0,34.3,35.0,133,34.3,127,47.4,46.1,35.0 / 133,34.3 / 127
23739,NC,Green Tees,M,72,68.5,91.5,124,34.5,34.0,34.5,129,34.0,118,46.5,45.0,34.5 / 129,34.0 / 118
23739,NC,Green/Red Hybrid,M,72,67.1,88.4,115,33.4,33.7,33.4,119,33.7,110,44.5,43.9,33.4 / 119,33.7 / 110
23739,NC,Red Tees,M,72,65.0,85.4,110,32.6,32.4,32.6,112,32.4,108,43.0,42.4,32.6 / 112,32.4 / 108
23739,NC,Red/Yellow Hybrid,M,68,62.7,82.4,106,31.7,31.0,31.7,108,31.0,104,41.7,40.7,31.7 / 108,31.0 / 104
23739,NC,Yellow Tees,M,67,60.4,79.3,102,30.2,30.2,30.2,103,30.2,100,39.8,39.5,30.2 / 103,30.2 / 100
23739,NC,White Tees,F,72,76.6,109.5,140,38.9,37.7,38.9,141,37.7,138,55.5,54.0,38.9 / 141,37.7 / 138
23739,NC,National Hybrid,F,72,75.1,107.2,137,38.2,36.9,38.2,137,36.9,136,54.3,52.9,38.2 / 137,36.9 / 136
23739,NC,Green Tees,F,72,73.5,104.9,133,37.3,36.2,37.3,134,36.2,132,53.1,51.8,37.3 / 134,36.2 / 132
23739,NC,Green/Red Hybrid,F,72,71.6,101.7,128,36.1,35.5,36.1,126,35.5,129,51.0,50.7,36.1 / 126,35.5 / 129
23739,NC,Red Tees,F,72,69.0,97.5,121,34.5,34.5,34.5,124,34.5,118,49.1,48.4,34.5 / 124,34.5 / 118
23739,NC,Red/Yellow Hybrid,F,72,65.9,92.8,114,33.2,32.7,33.2,118,32.7,110,47.1,45.7,33.2 / 118,32.7 / 110
23739,NC,Yellow Tees,F,72,63.2,88.9,109,31.8,31.4,31.8,112,31.4,106,45.0,43.9,31.8 / 112,31.4 / 106
33642,NC,Cradle - Men,M,27,25.0,31.9,74,25.0,,25.0,74,,,31.9,,25.0 / 74,/
33642,NC,Cradle - Women,F,27,26.3,35.2,75,26.3,,26.3,75,,,35.2,,26.3 / 75,/
34040,NC,Blue Tees,M,27,27.5,35.4,85,27.5,,27.5,85,,,35.4,,27.5 / 85,/
34040,NC,Red Tees,M,27,26.0,33.1,76,26.0,,26.0,76,,,33.1,,26.0 / 76,/
34040,NC,Blue Tees,F,27,28.5,38.7,86,28.5,,28.5,86,,,38.7,,28.5 / 86,/
34040,NC,Red Tees,F,27,27.2,36.7,81,27.2,,27.2,81,,,36.7,,27.2 / 81,/
365,NC,Black Tees,M,72,74.3,100.6,142,37.0,37.3,37.0,140,37.3,143,50.0,50.6,37.0 / 140,37.3 / 143
365,NC,Blue Tees,M,72,71.2,96.5,137,35.7,35.5,35.7,135,35.5,138,48.2,48.3,35.7 / 135,35.5 / 138
365,NC,White Tees,M,72,69.3,93.3,129,34.8,34.5,34.8,128,34.5,130,46.7,46.6,34.8 / 128,34.5 / 130
365,NC,Gold Tees,M,72,67.0,89.1,119,33.5,33.5,33.5,117,33.5,121,44.4,44.7,33.5 / 117,33.5 / 121
365,NC,Red Tees,M,72,64.4,84.4,108,32.6,31.8,32.6,100,31.8,115,41.9,42.5,32.6 / 100,31.8 / 115
365,NC,Green Tees,M,72,62.3,81.6,104,31.5,30.8,31.5,96,30.8,112,40.4,41.2,31.5 / 96,30.8 / 112
365,NC,Wee Berry Tees,M,54,53.4,69.3,86,26.9,26.5,26.9,77,26.5,94,34.1,35.2,26.9 / 77,26.5 / 94
365,NC,White Tees,F,72,75.6,109.0,142,37.7,37.9,37.7,142,37.9,141,54.5,54.5,37.7 / 142,37.9 / 141
365,NC,Gold Tees,F,72,72.4,103.4,132,36.1,36.3,36.1,131,36.3,132,51.5,51.9,36.1 / 131,36.3 / 132
365,NC,Red Tees,F,72,68.9,97.4,121,34.5,34.4,34.5,123,34.4,119,49.0,48.4,34.5 / 123,34.4 / 119
365,NC,Green Tees,F,72,66.3,93.4,115,33.3,33.0,33.3,117,33.0,113,47.1,46.3,33.3 / 117,33.0 / 113
365,NC,Wee Berry Tees,F,54,55.6,77.4,93,27.8,27.8,27.8,93,27.8,92,38.8,38.6,27.8 / 93,27.8 / 92
269,NC,Sabbath Tees,M,72,76.7,102.4,139,38.4,38.3,38.4,141,38.3,136,51.5,50.9,38.4 / 141,38.3 / 136
269,NC,Black Tees,M,72,76.1,101.6,138,37.9,38.2,37.9,139,38.2,136,50.8,50.8,37.9 / 139,38.2 / 136
269,NC,Blue Tees,M,72,73.8,98.7,134,36.9,36.9,36.9,135,36.9,133,49.4,49.3,36.9 / 135,36.9 / 133
269,NC,White Tees,M,72,70.9,94.5,127,35.5,35.4,35.5,130,35.4,124,47.6,46.9,35.5 / 130,35.4 / 124
269,NC,Gold Tees,M,72,67.9,90.7,123,34.3,33.6,34.3,125,33.6,121,45.9,44.8,34.3 / 125,33.6 / 121
269,NC,Red Tees,M,72,65.2,86.7,116,32.5,32.7,32.5,117,32.7,114,43.4,43.3,32.5 / 117,32.7 / 114
269,NC,Green Tees,M,72,63.0,83.5,111,31.2,31.8,31.2,110,31.8,111,41.4,42.1,31.2 / 110,31.8 / 111
269,NC,Wee Blossom Tees,M,54,53.1,69.4,88,26.6,26.5,26.6,88,26.5,87,34.8,34.6,26.6 / 88,26.5 / 87
269,NC,White Tees,F,72,76.7,109.4,139,38.3,38.4,38.3,140,38.4,137,54.8,54.6,38.3 / 140,38.4 / 137
269,NC,Gold Tees,F,72,73.3,104.4,132,36.8,36.5,36.8,134,36.5,130,52.6,51.8,36.8 / 134,36.5 / 130
269,NC,Red Tees,F,72,70.3,99.6,125,35.2,35.1,35.2,124,35.1,125,49.8,49.8,35.2 / 124,35.1 / 125
269,NC,Green Tees,F,72,67.3,95.0,118,33.3,34.0,33.3,115,34.0,120,46.9,48.1,33.3 / 115,34.0 / 120
269,NC,Wee Blossom Tees,F,54,55.5,77.0,91,27.9,27.6,27.9,90,27.6,92,38.5,38.5,27.9 / 90,27.6 / 92
385,NC,Black Tees,M,72,73.9,99.6,139,36.9,37.0,36.9,141,37.0,136,50.0,49.6,36.9 / 141,37.0 / 136
385,NC,White Tees,M,72,71.4,96.5,135,35.7,35.7,35.7,137,35.7,133,48.4,48.1,35.7 / 137,35.7 / 133
385,NC,White/Gold Hybrid,M,72,69.7,94.3,132,34.8,34.9,34.8,133,34.9,131,47.2,47.1,34.8 / 133,34.9 / 131
385,NC,Gold Tees,M,72,68.4,92.2,128,34.1,34.3,34.1,128,34.3,128,46.0,46.2,34.1 / 128,34.3 / 128
385,NC,Gold/Blue Hybrid,M,72,66.6,89.6,124,33.2,33.4,33.2,125,33.4,123,44.8,44.8,33.2 / 125,33.4 / 123
385,NC,Blue Tees,M,72,65.6,87.8,119,32.8,32.8,32.8,119,32.8,119,43.9,43.9,32.8 / 119,32.8 / 119
385,NC,Silver Tees,M,72,63.5,84.7,114,31.8,31.7,31.8,112,31.7,116,42.2,42.5,31.8 / 112,31.7 / 116
385,NC,White Tees,F,73,77.7,110.8,141,38.9,38.8,38.9,141,38.8,140,55.5,55.3,38.9 / 141,38.8 / 140
385,NC,White/Gold Hybrid,F,72,75.7,107.7,136,37.8,37.9,37.8,137,37.9,135,53.9,53.8,37.8 / 137,37.9 / 135
385,NC,Gold Tees,F,72,73.9,105.1,132,36.7,37.2,36.7,132,37.2,132,52.3,52.8,36.7 / 132,37.2 / 132
385,NC,Gold/Blue Hybrid,F,72,72.3,102.6,129,36.2,36.1,36.2,129,36.1,128,51.4,51.2,36.2 / 129,36.1 / 128
385,NC,Blue Tees,F,72,70.8,100.0,124,35.4,35.4,35.4,124,35.4,124,50.0,50.0,35.4 / 124,35.4 / 124
385,NC,Silver Tees,F,72,67.4,95.2,118,33.4,34.0,33.4,116,34.0,120,47.1,48.1,33.4 / 116,34.0 / 120
272,NC,Blue Tees,M,72,72.8,97.0,130,36.5,36.3,36.5,131,36.3,129,48.7,48.3,36.5 / 131,36.3 / 129
272,NC,Blue/White Hybrid,M,72,72.4,95.9,127,36.2,36.2,36.2,128,36.2,125,48.1,47.8,36.2 / 128,36.2 / 125
272,NC,White Tees,M,72,71.9,94.7,123,35.9,36.0,35.9,123,36.0,123,47.3,47.4,35.9 / 123,36.0 / 123
272,NC,White/Gold Hybrid,M,72,71.4,94.1,123,35.5,35.9,35.5,122,35.9,123,46.8,47.3,35.5 / 122,35.9 / 123
272,NC,Gold Tees,M,72,70.4,92.7,120,34.9,35.5,34.9,121,35.5,119,46.1,46.6,34.9 / 121,35.5 / 119
272,NC,Gold/Green Hybrid,M,72,68.8,90.9,119,34.2,34.6,34.2,119,34.6,118,45.3,45.6,34.2 / 119,34.6 / 118
272,NC,Green Tees,M,72,67.4,89.1,117,33.5,33.9,33.5,116,33.9,117,44.3,44.8,33.5 / 116,33.9 / 117
272,NC,Green/Red Hybrid,M,72,65.7,86.8,114,32.7,33.0,32.7,113,33.0,114,43.2,43.6,32.7 / 113,33.0 / 114
272,NC,Red Tees,M,72,64.1,84.7,111,32.1,32.0,32.1,111,32.0,111,42.4,42.3,32.1 / 111,32.0 / 111
272,NC,White Tees,F,72,77.2,109.0,135,38.6,38.6,38.6,137,38.6,133,54.7,54.3,38.6 / 137,38.6 / 133
272,NC,White/Gold Hybrid,F,72,76.8,108.4,134,38.3,38.5,38.3,136,38.5,132,54.3,54.1,38.3 / 136,38.5 / 132
272,NC,Gold Tees,F,72,75.4,106.2,131,37.6,37.8,37.6,131,37.8,130,53.1,53.1,37.6 / 131,37.8 / 130
272,NC,Gold/Green Hybrid,F,72,73.9,103.8,127,36.9,37.0,36.9,128,37.0,126,52.0,51.8,36.9 / 128,37.0 / 126
272,NC,Green Tees,F,72,72.5,101.7,124,36.2,36.3,36.2,125,36.3,123,50.9,50.8,36.2 / 125,36.3 / 123
272,NC,Green/Red Hybrid,F,72,69.8,98.4,121,34.9,34.9,34.9,120,34.9,122,49.1,49.3,34.9 / 120,34.9 / 122
272,NC,Red Tees,F,72,67.7,95.5,118,34.4,33.3,34.4,115,33.3,120,48.0,47.5,34.4 / 115,33.3 / 120
227,NC,Grey Tees,M,72,71.6,97.2,138,35.2,36.4,35.2,133,36.4,142,47.6,49.6,35.2 / 133,36.4 / 142
227,NC,White Tees,M,72,68.9,92.4,127,33.8,35.1,33.8,130,35.1,123,45.9,46.5,33.8 / 130,35.1 / 123
227,NC,Gold Tees,M,72,66.8,88.7,118,33.2,33.6,33.2,119,33.6,116,44.3,44.4,33.2 / 119,33.6 / 116
227,NC,Navy Tees,M,72,63.7,84.3,111,31.5,32.2,31.5,113,32.2,109,42.0,42.3,31.5 / 113,32.2 / 109
227,NC,White Tees,F,72,74.5,106.0,134,36.9,37.6,36.9,130,37.6,137,52.2,53.8,36.9 / 130,37.6 / 137
227,NC,Gold Tees,F,72,71.8,102.1,129,35.6,36.2,35.6,127,36.2,130,50.6,51.5,35.6 / 127,36.2 / 130
227,NC,Navy Tees,F,72,68.0,96.0,119,33.6,34.4,33.6,121,34.4,116,47.9,48.1,33.6 / 121,34.4 / 116
264,NC,Gold Tees,M,71,70.0,93.3,126,35.2,34.8,35.2,124,34.8,127,46.7,46.6,35.2 / 124,34.8 / 127
264,NC,Blue Tees,M,71,68.2,90.7,121,34.4,33.8,34.4,123,33.8,119,45.8,44.9,34.4 / 123,33.8 / 119
264,NC,White Tees,M,71,65.6,86.1,111,33.3,32.3,33.3,113,32.3,108,43.8,42.3,33.3 / 113,32.3 / 108
264,NC,Red Tees,M,71,64.0,83.0,102,32.1,31.9,32.1,104,31.9,100,41.8,41.2,32.1 / 104,31.9 / 100
264,NC,Blue Tees,F,71,74.2,104.7,130,37.4,36.8,37.4,130,36.8,129,52.7,52.0,37.4 / 130,36.8 / 129
264,NC,White Tees,F,71,70.7,99.4,122,36.0,34.7,36.0,123,34.7,120,50.5,48.9,36.0 / 123,34.7 / 120
264,NC,Red Tees,F,71,67.8,95.4,117,34.2,33.6,34.2,117,33.6,117,48.0,47.4,34.2 / 117,33.6 / 117
183,NC,Gold Tees,M,72,74.9,100.8,140,37.1,37.8,37.1,135,37.8,144,49.6,51.2,37.1 / 135,37.8 / 144
183,NC,Blue Tees,M,72,73.3,98.6,136,36.5,36.8,36.5,132,36.8,140,48.8,49.8,36.5 / 132,36.8 / 140
183,NC,Blue Hybrid,M,72,71.5,96.2,133,35.4,36.1,35.4,129,36.1,137,47.4,48.8,35.4 / 129,36.1 / 137
183,NC,White Tees,M,72,71.0,95.4,132,35.3,35.7,35.3,128,35.7,135,47.2,48.2,35.3 / 128,35.7 / 135
183,NC,White Hybrid,M,72,69.9,93.8,129,34.7,35.2,34.7,127,35.2,130,46.5,47.3,34.7 / 127,35.2 / 130
183,NC,Black Hybrid,M,72,68.2,90.7,122,34.2,34.0,34.2,122,34.0,121,45.5,45.2,34.2 / 122,34.0 / 121
183,NC,Green Tees,M,72,67.3,89.1,117,33.8,33.5,33.8,117,33.5,117,44.7,44.4,33.8 / 117,33.5 / 117
183,NC,Red Tees,M,72,65.6,86.7,114,33.1,32.5,33.1,113,32.5,114,43.6,43.1,33.1 / 113,32.5 / 114
183,NC,White Tees,F,75,76.9,109.3,138,38.2,38.7,38.2,133,38.7,142,53.9,55.4,38.2 / 133,38.7 / 142
183,NC,White Hybrid,F,72,75.6,107.4,135,37.5,38.1,37.5,131,38.1,139,52.9,54.5,37.5 / 131,38.1 / 139
183,NC,Black Hybrid,F,72,73.3,104.0,130,36.7,36.6,36.7,127,36.6,133,51.7,52.3,36.7 / 127,36.6 / 133
183,NC,Green Tees,F,72,72.2,102.2,128,36.2,36.0,36.2,124,36.0,131,50.8,51.4,36.2 / 124,36.0 / 131
183,NC,Red Tees,F,72,70.5,98.9,121,35.6,34.9,35.6,116,34.9,125,49.3,49.6,35.6 / 116,34.9 / 125
183,NC,Yellow Tees,F,72,67.0,93.9,115,33.0,34.0,33.0,109,34.0,120,45.8,48.1,33.0 / 109,34.0 / 120
346,NC,Black Tees,M,72,74.0,100.9,145,36.9,37.1,36.9,142,37.1,147,50.1,50.8,36.9 / 142,37.1 / 147
346,NC,Blue Tees,M,72,72.3,98.4,141,36.1,36.2,36.1,138,36.2,143,48.9,49.5,36.1 / 138,36.2 / 143
346,NC,Blue/White Hybrid,M,72,71.5,97.0,138,35.6,35.9,35.6,135,35.9,140,48.1,48.9,35.6 / 135,35.9 / 140
346,NC,White Tees,M,72,70.6,95.1,132,35.3,35.3,35.3,130,35.3,133,47.4,47.7,35.3 / 130,35.3 / 133
346,NC,White/Gold Hybrid,M,72,69.3,92.8,127,34.5,34.8,34.5,125,34.8,128,46.1,46.7,34.5 / 125,34.8 / 128
346,NC,Gold Tees,M,72,68.7,91.4,123,34.2,34.5,34.2,123,34.5,122,45.6,45.8,34.2 / 123,34.5 / 122
346,NC,Red Tees,M,72,66.7,88.0,115,32.8,33.9,32.8,115,33.9,114,43.5,44.5,32.8 / 115,33.9 / 114
346,NC,White Tees,F,72,76.6,110.4,143,38.1,38.5,38.1,137,38.5,149,54.3,56.1,38.1 / 137,38.5 / 149
346,NC,White/Gold Hybrid,F,72,75.1,108.3,141,37.5,37.6,37.5,135,37.6,147,53.4,54.9,37.5 / 135,37.6 / 147
346,NC,Gold Tees,F,72,74.1,106.7,138,37.0,37.1,37.0,133,37.1,143,52.7,54.0,37.0 / 133,37.1 / 143
346,NC,Red Tees,F,72,71.8,103.0,132,35.7,36.1,35.7,127,36.1,137,50.7,52.3,35.7 / 127,36.1 / 137
376,NC,Gold Tees,M,70,71.0,95.7,133,34.1,36.9,34.1,126,36.9,140,45.8,49.9,34.1 / 126,36.9 / 140
376,NC,Gold/Blue Tees,M,70,69.8,93.8,130,33.6,36.2,33.6,122,36.2,137,44.9,48.9,33.6 / 122,36.2 / 137
376,NC,Blue Tees,M,70,68.4,92.0,127,33.1,35.3,33.1,119,35.3,135,44.2,47.8,33.1 / 119,35.3 / 135
376,NC,Blue/White Tees,M,70,68.0,91.1,124,32.8,35.2,32.8,118,35.2,130,43.8,47.3,32.8 / 118,35.2 / 130
376,NC,White Tees,M,70,66.9,89.8,123,32.2,34.7,32.2,117,34.7,129,43.1,46.7,32.2 / 117,34.7 / 129
376,NC,White/Green Tees,M,70,65.9,88.0,119,31.8,34.1,31.8,115,34.1,123,42.5,45.5,31.8 / 115,34.1 / 123
376,NC,Green Tees,M,70,65.0,86.5,116,31.5,33.5,31.5,111,33.5,121,41.8,44.7,31.5 / 111,33.5 / 121
376,NC,Green/Red Tees,M,70,63.9,85.0,114,30.9,33.0,30.9,110,33.0,117,41.1,43.9,30.9 / 110,33.0 / 117
376,NC,Red Tees,M,70,62.4,82.9,110,30.6,31.8,30.6,105,31.8,115,40.4,42.5,30.6 / 105,31.8 / 115
376,NC,Red/Silver Tees,M,69,62.0,81.9,107,30.4,31.6,30.4,103,31.6,111,40.0,41.9,30.4 / 103,31.6 / 111
376,NC,Gold Tees,F,70,76.9,109.9,140,36.7,40.2,36.7,131,40.2,149,52.1,57.8,36.7 / 131,40.2 / 149
376,NC,Blue Tees,F,70,74.2,105.9,135,35.6,38.6,35.6,126,38.6,143,50.4,55.5,35.6 / 126,38.6 / 143
376,NC,White Tees,F,70,71.9,102.5,130,34.4,37.5,34.4,121,37.5,138,48.7,53.8,34.4 / 121,37.5 / 138
376,NC,White/Green Tees,F,70,70.3,100.1,126,33.9,36.4,33.9,120,36.4,132,48.1,52.0,33.9 / 120,36.4 / 132
376,NC,Green Tees,F,70,69.1,98.0,123,33.3,35.8,33.3,117,35.8,128,47.1,50.9,33.3 / 117,35.8 / 128
376,NC,Green/Red Tees,F,70,67.5,95.6,120,32.3,35.2,32.3,113,35.2,126,45.6,50.0,32.3 / 113,35.2 / 126
376,NC,Red Tees,F,70,65.4,92.5,115,31.6,33.8,31.6,108,33.8,122,44.3,48.2,31.6 / 108,33.8 / 122
376,NC,Red/Silver Tees,F,70,64.5,90.9,112,31.3,33.2,31.3,105,33.2,119,43.7,47.2,31.3 / 105,33.2 / 119
29452,NC,Gold Tees,M,70,71.0,95.7,133,36.1,34.9,36.1,132,34.9,133,48.4,47.3,36.1 / 132,34.9 / 133
29452,NC,Gold/Blue Tees,M,70,69.8,93.9,130,35.2,34.6,35.2,128,34.6,131,47.1,46.8,35.2 / 128,34.6 / 131
29452,NC,Blue Tees,M,70,68.4,92.0,127,34.8,33.6,34.8,126,33.6,128,46.5,45.5,34.8 / 126,33.6 / 128
29452,NC,Blue/White Tees,M,70,68.0,91.0,124,34.5,33.5,34.5,124,33.5,124,46.0,45.0,34.5 / 124,33.5 / 124
29452,NC,White Tees,M,70,66.9,89.6,123,33.9,33.0,33.9,123,33.0,122,45.3,44.3,33.9 / 123,33.0 / 122
29452,NC,White/Green Tees,M,70,65.9,88.1,119,33.4,32.5,33.4,119,32.5,119,44.5,43.6,33.4 / 119,32.5 / 119
29452,NC,Green Tees,M,70,65.0,86.5,116,33.1,31.9,33.1,116,31.9,115,43.9,42.6,33.1 / 116,31.9 / 115
29452,NC,Green/Red Tees,M,70,63.9,85.0,114,32.4,31.5,32.4,114,31.5,113,43.0,42.0,32.4 / 114,31.5 / 113
29452,NC,Red Tees,M,70,62.4,82.8,110,31.4,31.0,31.4,111,31.0,109,41.7,41.1,31.4 / 111,31.0 / 109
29452,NC,Red/Silver Tees,M,69,62.0,81.9,107,31.3,30.7,31.3,109,30.7,105,41.4,40.5,31.3 / 109,30.7 / 105
29452,NC,Gold Tees,F,70,76.9,109.8,140,39.2,37.7,39.2,141,37.7,138,55.8,54.0,39.2 / 141,37.7 / 138
29452,NC,Blue Tees,F,70,74.2,105.9,135,37.9,36.3,37.9,136,36.3,133,53.9,52.0,37.9 / 136,36.3 / 133
29452,NC,White Tees,F,70,71.9,102.5,130,36.6,35.3,36.6,131,35.3,128,52.1,50.4,36.6 / 131,35.3 / 128
29452,NC,White/Green Tees,F,70,70.3,100.0,126,35.6,34.7,35.6,129,34.7,123,50.8,49.2,35.6 / 129,34.7 / 123
29452,NC,Green Tees,F,70,69.1,98.1,123,35.2,33.9,35.2,126,33.9,120,50.1,48.0,35.2 / 126,33.9 / 120
29452,NC,Green/Red Tees,F,70,67.5,95.7,120,34.4,33.1,34.4,121,33.1,118,48.7,47.0,34.4 / 121,33.1 / 118
29452,NC,Red Tees,F,70,65.4,92.6,115,33.0,32.4,33.0,116,32.4,114,46.7,45.9,33.0 / 116,32.4 / 114
29452,NC,Red/Silver Tees,F,70,64.5,90.8,112,32.7,31.8,32.7,112,31.8,111,45.9,44.9,32.7 / 112,31.8 / 111
375,NC,Gold Tees,M,72,74.2,99.4,136,37.3,36.9,37.3,137,36.9,135,50.0,49.4,37.3 / 137,36.9 / 135
375,NC,Gold/Blue Tees,M,72,73.3,97.9,132,36.7,36.6,36.7,133,36.6,131,49.1,48.8,36.7 / 133,36.6 / 131
375,NC,Blue Tees,M,72,72.0,96.0,129,36.1,35.9,36.1,130,35.9,128,48.2,47.8,36.1 / 130,35.9 / 128
375,NC,Blue/White Tees,M,72,70.6,94.3,128,35.4,35.2,35.4,129,35.2,126,47.4,46.9,35.4 / 129,35.2 / 126
375,NC,White Tees,M,72,69.9,92.9,124,35.1,34.8,35.1,125,34.8,123,46.7,46.2,35.1 / 125,34.8 / 123
375,NC,White/Green Tees,M,72,68.7,91.4,123,34.4,34.3,34.4,123,34.3,122,45.8,45.6,34.4 / 123,34.3 / 122
375,NC,Green Tees,M,72,67.9,89.9,118,34.2,33.7,34.2,117,33.7,119,45.1,44.8,34.2 / 117,33.7 / 119
375,NC,Green/Red Tees,M,72,66.6,88.0,115,33.4,33.2,33.4,112,33.2,118,43.8,44.2,33.4 / 112,33.2 / 118
375,NC,Red Tees,M,72,65.2,85.8,111,32.9,32.3,32.9,111,32.3,111,43.2,42.6,32.9 / 111,32.3 / 111
375,NC,Red/Silver Tees,M,71,63.0,82.8,107,31.8,31.2,31.8,107,31.2,107,41.7,41.1,31.8 / 107,31.2 / 107
375,NC,White Tees,F,72,75.8,109.6,143,38.4,37.4,38.4,149,37.4,137,56.0,53.6,38.4 / 149,37.4 / 137
375,NC,White/Green Tees,F,72,74.1,107.1,140,37.4,36.7,37.4,147,36.7,133,54.7,52.4,37.4 / 147,36.7 / 133
375,NC,Green Tees,F,72,72.9,104.1,133,36.8,36.1,36.8,136,36.1,129,52.8,51.3,36.8 / 136,36.1 / 129
375,NC,Green/Red Tees,F,72,71.8,101.4,126,36.1,35.7,36.1,128,35.7,123,51.2,50.2,36.1 / 128,35.7 / 123
375,NC,Red Tees,F,72,70.2,99.1,123,35.6,34.6,35.6,125,34.6,120,50.3,48.8,35.6 / 125,34.6 / 120
375,NC,Red/Silver Tees,F,72,67.1,94.6,117,34.1,33.0,34.1,117,33.0,116,47.9,46.7,34.1 / 117,33.0 / 116
28547,NC,Gold Tees,M,72,74.2,99.4,136,37.3,36.9,37.3,136,36.9,136,49.9,49.5,37.3 / 136,36.9 / 136
28547,NC,Gold/Blue Hybrid,M,72,73.3,97.8,132,36.7,36.6,36.7,132,36.6,131,49.0,48.8,36.7 / 132,36.6 / 131
28547,NC,Blue Tees,M,72,72.0,96.0,129,36.4,35.6,36.4,130,35.6,128,48.5,47.5,36.4 / 130,35.6 / 128
28547,NC,Blue/White Hybrid,M,72,70.6,94.4,128,35.4,35.2,35.4,129,35.2,127,47.4,47.0,35.4 / 129,35.2 / 127
28547,NC,White Tees,M,72,69.9,92.9,124,35.5,34.4,35.5,124,34.4,124,47.0,45.9,35.5 / 124,34.4 / 124
28547,NC,White/Green Hybrid,M,72,68.7,91.5,123,34.7,34.0,34.7,123,34.0,123,46.1,45.4,34.7 / 123,34.0 / 123
28547,NC,Green Tees,M,72,67.9,89.9,118,34.1,33.8,34.1,119,33.8,117,45.2,44.7,34.1 / 119,33.8 / 117
28547,NC,Green/Red Hybrid,M,72,66.6,87.9,115,33.3,33.3,33.3,115,33.3,114,44.0,43.9,33.3 / 115,33.3 / 114
28547,NC,Red Tees,M,72,65.2,85.8,111,32.6,32.6,32.6,113,32.6,109,43.1,42.7,32.6 / 113,32.6 / 109
28547,NC,Red/Silver Hybrid,M,71,63.0,82.8,107,31.3,31.7,31.3,107,31.7,107,41.2,41.6,31.3 / 107,31.7 / 107
28547,NC,White Tees,F,72,75.8,109.6,143,38.3,37.5,38.3,148,37.5,138,55.8,53.8,38.3 / 148,37.5 / 138
28547,NC,White/Green Hybrid,F,72,74.1,107.1,140,37.3,36.8,37.3,144,36.8,136,54.3,52.8,37.3 / 144,36.8 / 136
28547,NC,Green Tees,F,72,72.9,104.2,133,36.6,36.3,36.6,137,36.3,128,52.8,51.4,36.6 / 137,36.3 / 128
28547,NC,Green/Red Hybrid,F,72,71.8,101.4,126,36.0,35.8,36.0,126,35.8,125,50.9,50.5,36.0 / 126,35.8 / 125
28547,NC,Red Tees,F,72,70.2,99.1,123,35.3,34.9,35.3,122,34.9,123,49.7,49.4,35.3 / 122,34.9 / 123
28547,NC,Red/Silver Hybrid,F,72,67.1,94.6,117,33.4,33.7,33.4,116,33.7,117,47.1,47.5,33.4 / 116,33.7 / 117
57,NC,Gold Tees,M,72,74.7,100.3,138,37.7,37.0,37.7,136,37.0,140,50.3,50.0,37.7 / 136,37.0 / 140
57,NC,Gold/Blue Tees,M,72,73.5,98.8,137,37.1,36.4,37.1,135,36.4,138,49.6,49.2,37.1 / 135,36.4 / 138
57,NC,Blue Tees,M,72,72.3,97.0,133,36.3,36.0,36.3,131,36.0,135,48.5,48.5,36.3 / 131,36.0 / 135
57,NC,Blue/White Tees,M,72,70.9,95.3,131,35.8,35.1,35.8,130,35.1,132,47.9,47.4,35.8 / 130,35.1 / 132
57,NC,White Tees,M,72,70.1,93.8,128,35.2,34.9,35.2,127,34.9,128,47.0,46.8,35.2 / 127,34.9 / 128
57,NC,White/Green Tees,M,72,68.8,91.8,124,34.7,34.1,34.7,126,34.1,122,46.4,45.4,34.7 / 126,34.1 / 122
57,NC,Green Tees,M,72,67.7,90.2,121,34.1,33.6,34.1,124,33.6,118,45.6,44.6,34.1 / 124,33.6 / 118
57,NC,Green/Red Tees,M,72,66.2,87.9,117,33.4,32.8,33.4,116,32.8,117,44.2,43.7,33.4 / 116,32.8 / 117
57,NC,Red Tees,M,72,64.9,85.5,111,32.8,32.1,32.8,115,32.1,107,43.5,42.0,32.8 / 115,32.1 / 107
57,NC,Red/Silver Tees,M,70,63.3,83.5,109,32.1,31.2,32.1,112,31.2,105,42.5,41.0,32.1 / 112,31.2 / 105
57,NC,White Tees,F,72,75.7,108.9,141,38.0,37.7,38.0,144,37.7,137,55.0,53.9,38.0 / 144,37.7 / 137
57,NC,White/Green Tees,F,72,73.9,106.3,138,37.3,36.6,37.3,139,36.6,136,53.7,52.6,37.3 / 139,36.6 / 136
57,NC,Green Tees,F,72,72.5,104.3,135,36.5,36.0,36.5,137,36.0,132,52.7,51.6,36.5 / 137,36.0 / 132
57,NC,Green/Red Tees,F,72,71.1,101.2,128,35.7,35.4,35.7,130,35.4,126,51.0,50.2,35.7 / 130,35.4 / 126
57,NC,Red Tees,F,72,69.2,97.0,118,35.2,34.0,35.2,120,34.0,115,49.4,47.6,35.2 / 120,34.0 / 115
57,NC,Red/Silver Tees,F,72,66.5,93.5,115,34.1,32.4,34.1,117,32.4,112,47.9,45.6,34.1 / 117,32.4 / 112
28546,NC,Gold Tees,M,72,74.7,100.3,138,37.5,37.2,37.5,139,37.2,137,50.4,49.9,37.5 / 139,37.2 / 137
28546,NC,Gold/Blue Hybrid,M,72,73.5,98.8,137,36.7,36.8,36.7,138,36.8,135,49.5,49.3,36.7 / 138,36.8 / 135
28546,NC,Blue Tees,M,72,72.3,97.0,133,36.3,36.0,36.3,135,36.0,131,48.8,48.2,36.3 / 135,36.0 / 131
28546,NC,Blue/White Hybrid,M,72,70.9,95.3,131,35.5,35.4,35.5,130,35.4,132,47.6,47.7,35.5 / 130,35.4 / 132
28546,NC,White Tees,M,72,70.1,93.8,128,35.1,35.0,35.1,127,35.0,128,46.9,46.9,35.1 / 127,35.0 / 128
28546,NC,White/Green Hybrid,M,72,68.8,91.8,124,34.5,34.3,34.5,124,34.3,124,46.0,45.8,34.5 / 124,34.3 / 124
28546,NC,Green Tees,M,72,67.7,90.1,121,33.9,33.8,33.9,123,33.8,118,45.3,44.8,33.9 / 123,33.8 / 118
28546,NC,Green/Red Hybrid,M,72,66.2,87.9,117,33.0,33.2,33.0,119,33.2,114,44.1,43.8,33.0 / 119,33.2 / 114
28546,NC,Red Tees,M,72,64.9,85.4,111,32.2,32.7,32.2,112,32.7,109,42.6,42.8,32.2 / 112,32.7 / 109
28546,NC,Red/Silver Hybrid,M,70,63.3,83.5,109,31.6,31.7,31.6,110,31.7,108,41.8,41.7,31.6 / 110,31.7 / 108
28546,NC,White Tees,F,72,75.7,108.9,141,38.0,37.7,38.0,138,37.7,143,54.3,54.6,38.0 / 138,37.7 / 143
28546,NC,White/Green Hybrid,F,72,73.9,106.3,138,37.0,36.9,37.0,137,36.9,138,53.1,53.2,37.0 / 137,36.9 / 138
28546,NC,Green Tees,F,72,72.5,104.2,135,36.5,36.0,36.5,136,36.0,133,52.5,51.7,36.5 / 136,36.0 / 133
28546,NC,Green/Red Hybrid,F,72,71.1,101.3,128,35.5,35.6,35.5,130,35.6,126,50.8,50.5,35.5 / 130,35.6 / 126
28546,NC,Red Tees,F,72,69.2,97.0,118,34.2,35.0,34.2,119,35.0,117,48.2,48.8,34.2 / 119,35.0 / 117
28546,NC,Red/Silver Hybrid,F,72,66.5,93.5,115,33.1,33.4,33.1,115,33.4,114,46.7,46.8,33.1 / 115,33.4 / 114
337,NC,Gold Tees,M,72,74.8,101.1,142,36.6,38.2,36.6,133,38.2,150,49.0,52.1,36.6 / 133,38.2 / 150
337,NC,Gold/Blue Hybrid,M,72,73.9,99.8,139,36.1,37.8,36.1,131,37.8,147,48.3,51.5,36.1 / 131,37.8 / 147
337,NC,Blue Tees,M,72,73.1,98.8,138,35.7,37.4,35.7,130,37.4,146,47.8,51.0,35.7 / 130,37.4 / 146
337,NC,Blue/White Hybrid,M,72,72.3,97.6,136,35.4,36.9,35.4,129,36.9,143,47.4,50.2,35.4 / 129,36.9 / 143
337,NC,White Tees,M,72,71.4,96.3,134,34.8,36.6,34.8,126,36.6,142,46.5,49.8,34.8 / 126,36.6 / 142
337,NC,White/Green Hybrid,M,72,70.0,94.1,130,33.9,36.1,33.9,125,36.1,135,45.5,48.6,33.9 / 125,36.1 / 135
337,NC,Green Tees,M,72,67.8,90.8,124,33.0,34.8,33.0,123,34.8,125,44.4,46.4,33.0 / 123,34.8 / 125
337,NC,Green/Red Hybrid,M,72,66.9,89.6,123,32.5,34.4,32.5,121,34.4,124,43.7,45.9,32.5 / 121,34.4 / 124
337,NC,Red Tees,M,72,65.3,87.5,120,31.8,33.5,31.8,117,33.5,122,42.7,44.8,31.8 / 117,33.5 / 122
337,NC,Red/Forward Hybrid,M,72,62.7,83.5,112,30.1,32.6,30.1,109,32.6,115,40.2,43.3,30.1 / 109,32.6 / 115
337,NC,Forward Tees,M,72,60.7,80.2,105,29.7,31.0,29.7,102,31.0,108,39.2,41.0,29.7 / 102,31.0 / 108
337,NC,Blue Tees,F,72,79.7,114.1,146,38.6,41.1,38.6,140,41.1,152,55.1,59.0,38.6 / 140,41.1 / 152
337,NC,White Tees,F,72,77.7,111.0,142,37.6,40.1,37.6,135,40.1,148,53.5,57.5,37.6 / 135,40.1 / 148
337,NC,White/Green Hybrid,F,72,75.8,108.1,138,36.5,39.3,36.5,132,39.3,143,51.9,56.2,36.5 / 132,39.3 / 143
337,NC,Green Tees,F,72,73.5,104.7,132,35.7,37.8,35.7,127,37.8,137,50.7,54.0,35.7 / 127,37.8 / 137
337,NC,Green/Red Hybrid,F,72,71.9,102.4,130,34.8,37.1,34.8,125,37.1,134,49.5,52.9,34.8 / 125,37.1 / 134
337,NC,Red Tees,F,72,70.0,99.3,125,33.8,36.2,33.8,119,36.2,130,47.8,51.5,33.8 / 119,36.2 / 130
337,NC,Red/Forward Hybrid,F,72,66.8,94.3,117,31.7,35.1,31.7,111,35.1,122,44.8,49.5,31.7 / 111,35.1 / 122
337,NC,Forward Tees,F,72,63.2,89.0,109,30.6,32.6,30.6,104,32.6,114,42.9,46.1,30.6 / 104,32.6 / 114
384,NC,Black Tees,M,71,70.6,94.5,129,35.2,35.4,35.2,128,35.4,129,47.1,47.4,35.2 / 128,35.4 / 129
384,NC,Blue Tees,M,71,68.7,91.4,123,34.2,34.5,34.2,123,34.5,122,45.6,45.8,34.2 / 123,34.5 / 122
384,NC,White Tees,M,71,66.3,86.8,111,33.0,33.3,33.0,113,33.3,108,43.5,43.3,33.0 / 113,33.3 / 108
384,NC,Gold Tees,M,71,63.5,82.2,101,31.7,31.8,31.7,99,31.8,102,40.9,41.3,31.7 / 99,31.8 / 102
384,NC,Red Tees,M,71,61.4,78.9,94,30.7,30.7,30.7,89,30.7,99,39.0,39.9,30.7 / 89,30.7 / 99
384,NC,White Tees,F,71,71.8,100.5,122,35.8,36.0,35.8,118,36.0,126,49.7,50.8,35.8 / 118,36.0 / 126
384,NC,Gold Tees,F,71,68.4,95.4,115,34.0,34.4,34.0,117,34.4,112,47.8,47.6,34.0 / 117,34.4 / 112
384,NC,Red Tees,F,71,64.6,89.1,104,32.0,32.6,32.0,103,32.6,104,44.2,44.9,32.0 / 103,32.6 / 104
39,NC,I Tees,M,72,76.6,103.4,145,37.8,38.8,37.8,138,38.8,151,50.6,52.8,37.8 / 138,38.8 / 151
39,NC,II Tees,M,72,73.6,99.2,138,36.5,37.1,36.5,132,37.1,143,48.8,50.4,36.5 / 132,37.1 / 143
39,NC,II / III Hybrid,M,72,71.7,96.7,135,35.5,36.2,35.5,129,36.2,140,47.5,49.2,35.5 / 129,36.2 / 140
39,NC,III Tees,M,72,71.0,95.2,130,35.3,35.7,35.3,127,35.7,133,47.1,48.1,35.3 / 127,35.7 / 133
39,NC,III/IV Hybrid,M,72,69.7,93.6,129,34.6,35.1,34.6,126,35.1,131,46.3,47.3,34.6 / 126,35.1 / 131
39,NC,IV Tees,M,72,68.8,92.1,126,34.2,34.6,34.2,125,34.6,126,45.8,46.3,34.2 / 125,34.6 / 126
39,NC,IV / V Hybrid,M,72,67.0,89.2,120,33.3,33.7,33.3,116,33.7,123,44.1,45.1,33.3 / 116,33.7 / 123
39,NC,V Tees,M,72,65.3,86.8,116,32.4,32.9,32.4,113,32.9,118,42.9,43.9,32.4 / 113,32.9 / 118
39,NC,III Tees,F,72,77.5,111.3,144,38.8,38.7,38.8,137,38.7,150,54.9,56.4,38.8 / 137,38.7 / 150
39,NC,III/IV Hybrid,F,72,75.5,108.4,140,37.7,37.8,37.7,134,37.8,145,53.5,54.9,37.7 / 134,37.8 / 145
39,NC,IV Tees,F,72,74.3,106.8,138,37.3,37.0,37.3,133,37.0,142,53.0,53.8,37.3 / 133,37.0 / 142
39,NC,IV / V Hybrid,F,72,72.1,102.7,130,35.8,36.3,35.8,128,36.3,131,50.9,51.8,35.8 / 128,36.3 / 131
39,NC,V Tees,F,72,70.5,100.4,127,34.8,35.7,34.8,126,35.7,127,49.7,50.7,34.8 / 126,35.7 / 127
271,NC,Black Tees,M,72,73.7,98.5,134,36.4,37.3,36.4,132,37.3,135,48.7,49.8,36.4 / 132,37.3 / 135
271,NC,White Tees,M,72,70.6,95.0,131,35.1,35.5,35.1,130,35.5,132,47.2,47.8,35.1 / 130,35.5 / 132
271,NC,Gold Tees,M,72,67.9,90.8,124,33.8,34.1,33.8,122,34.1,125,45.1,45.7,33.8 / 122,34.1 / 125
271,NC,Gold/Silver Hybrid,M,72,66.6,89.1,122,33.3,33.3,33.3,121,33.3,122,44.5,44.6,33.3 / 121,33.3 / 122
271,NC,Silver Tees,M,72,65.2,87.2,118,32.6,32.6,32.6,118,32.6,118,43.6,43.6,32.6 / 118,32.6 / 118
271,NC,Red Tees,M,72,62.5,83.3,112,31.3,31.2,31.3,111,31.2,113,41.6,41.7,31.3 / 111,31.2 / 113
271,NC,White Tees,F,72,76.1,108.6,138,37.9,38.2,37.9,136,38.2,140,53.9,54.7,37.9 / 136,38.2 / 140
271,NC,Gold Tees,F,72,73.5,104.6,132,36.6,36.9,36.6,130,36.9,134,51.9,52.7,36.6 / 130,36.9 / 134
271,NC,Gold/Silver Hybrid,F,72,71.9,102.4,130,36.0,35.9,36.0,128,35.9,131,51.1,51.3,36.0 / 128,35.9 / 131
271,NC,Silver Tees,F,72,70.2,99.3,124,35.2,35.0,35.2,125,35.0,122,49.9,49.4,35.2 / 125,35.0 / 122
271,NC,Silver/Red Hybrid,F,72,68.2,96.6,121,34.3,33.9,34.3,123,33.9,118,48.8,47.8,34.3 / 123,33.9 / 118
271,NC,Red Tees,F,72,66.2,93.2,115,33.4,32.8,33.4,116,32.8,113,47.1,46.1,33.4 / 116,32.8 / 113
312,NC,Blue Tees,M,72,73.1,97.8,133,36.5,36.6,36.5,132,36.6,133,48.8,49.0,36.5 / 132,36.6 / 133
312,NC,White Tees,M,72,71.0,95.4,131,35.3,35.7,35.3,130,35.7,132,47.4,48.0,35.3 / 130,35.7 / 132
312,NC,Gold Tees,M,72,69.4,93.3,129,34.5,34.9,34.5,126,34.9,131,46.2,47.1,34.5 / 126,34.9 / 131
312,NC,Gold/Red Hybrid,M,72,68.1,90.8,122,34.1,34.0,34.1,117,34.0,127,45.0,45.8,34.1 / 117,34.0 / 127
312,NC,Red Tees,M,72,65.3,85.9,111,33.1,32.2,33.1,112,32.2,110,43.5,42.4,33.1 / 112,32.2 / 110
312,NC,Red/Short Hybrid,M,72,62.5,82.2,106,31.5,31.0,31.5,107,31.0,105,41.4,40.8,31.5 / 107,31.0 / 105
312,NC,Short Tees,M,72,61.2,80.1,102,31.1,30.1,31.1,103,30.1,100,40.7,39.4,31.1 / 103,30.1 / 100
312,NC,White Tees,F,72,77.1,109.8,139,38.2,38.9,38.2,141,38.9,137,54.8,55.0,38.2 / 141,38.9 / 137
312,NC,Gold Tees,F,72,75.4,107.1,135,37.4,38.0,37.4,137,38.0,132,53.5,53.6,37.4 / 137,38.0 / 132
312,NC,Gold/Red Hybrid,F,72,73.4,104.6,133,36.4,37.0,36.4,135,37.0,130,52.3,52.3,36.4 / 135,37.0 / 130
312,NC,Red Tees,F,72,69.9,98.8,123,35.2,34.7,35.2,124,34.7,121,49.8,49.0,35.2 / 124,34.7 / 121
312,NC,Red/Short Hybrid,F,72,65.7,92.3,113,32.8,32.9,32.8,114,32.9,112,46.2,46.1,32.8 / 114,32.9 / 112
312,NC,Short Tees,F,72,63.7,88.4,105,32.3,31.4,32.3,107,31.4,103,44.9,43.5,32.3 / 107,31.4 / 103
14993,NC,Blue Tees,M,72,74.0,99.5,138,36.6,37.4,36.6,136,37.4,139,49.2,50.3,36.6 / 136,37.4 / 139
14993,NC,Blue/White Hybrid,M,74,72.7,97.9,136,35.8,36.9,35.8,135,36.9,137,48.3,49.6,35.8 / 135,36.9 / 137
14993,NC,White Tees,M,72,71.5,96.2,133,35.0,36.5,35.0,130,36.5,136,47.1,49.1,35.0 / 130,36.5 / 136
14993,NC,White/Gold Hybrid,M,72,70.1,94.2,130,34.3,35.8,34.3,126,35.8,133,46.0,48.2,34.3 / 126,35.8 / 133
14993,NC,Gold Tees,M,72,68.9,92.1,125,33.7,35.2,33.7,117,35.2,132,44.6,47.5,33.7 / 117,35.2 / 132
14993,NC,Gold/Red Hybrid,M,72,67.7,90.1,121,33.4,34.3,33.4,114,34.3,127,44.0,46.1,33.4 / 114,34.3 / 127
14993,NC,Red Tees,M,72,65.3,86.8,116,32.2,33.1,32.2,111,33.1,121,42.5,44.3,32.2 / 111,33.1 / 121
14993,NC,Red/Short Hybrid,M,72,62.5,82.1,106,30.8,31.7,30.8,101,31.7,110,40.2,41.9,30.8 / 101,31.7 / 110
14993,NC,Short Tees,M,72,60.9,79.8,102,30.1,30.8,30.1,98,30.8,105,39.2,40.6,30.1 / 98,30.8 / 105
14993,NC,White Tees,F,72,77.9,111.5,143,38.1,39.8,38.1,141,39.8,144,54.7,56.8,38.1 / 141,39.8 / 144
14993,NC,Gold Tees,F,72,74.2,106.2,136,36.1,38.1,36.1,132,38.1,139,51.7,54.5,36.1 / 132,38.1 / 139
14993,NC,Gold/Red Hybrid,F,72,73.1,104.6,134,35.8,37.3,35.8,131,37.3,137,51.2,53.4,35.8 / 131,37.3 / 137
14993,NC,Red Tees,F,72,70.6,100.0,125,34.9,35.7,34.9,122,35.7,127,49.3,50.7,34.9 / 122,35.7 / 127
14993,NC,Red/Short Hybrid,F,72,65.9,92.4,113,32.5,33.4,32.5,109,33.4,116,45.3,47.1,32.5 / 109,33.4 / 116
14993,NC,Short Tees,F,72,63.0,88.0,106,30.9,32.1,30.9,105,32.1,107,43.3,44.7,30.9 / 105,32.1 / 107
359,NC,Ross Tees,M,71,75.9,102.3,143,37.7,38.2,37.7,149,38.2,136,51.5,50.8,37.7 / 149,38.2 / 136
359,NC,Ross/Burgundy,M,71,74.5,100.6,141,37.3,37.2,37.3,146,37.2,135,50.9,49.7,37.3 / 146,37.2 / 135
359,NC,Burgundy Tees,M,71,73.8,99.6,139,37.0,36.8,37.0,144,36.8,133,50.4,49.2,37.0 / 144,36.8 / 133
359,NC,Burgundy/Blue,M,71,71.8,97.3,137,35.9,35.9,35.9,142,35.9,132,49.1,48.2,35.9 / 142,35.9 / 132
359,NC,Blue Tees,M,71,71.5,96.5,135,35.8,35.7,35.8,139,35.7,130,48.7,47.8,35.8 / 139,35.7 / 130
359,NC,Blue/White,M,71,69.6,94.2,133,35.1,34.5,35.1,136,34.5,129,47.7,46.5,35.1 / 136,34.5 / 129
359,NC,White Tees,M,71,68.0,92.0,129,34.4,33.6,34.4,130,33.6,128,46.5,45.5,34.4 / 130,33.6 / 128
359,NC,White/Black,M,71,66.8,89.8,124,33.7,33.1,33.7,124,33.1,124,45.2,44.6,33.7 / 124,33.1 / 124
359,NC,Black Tees,M,71,65.8,88.1,120,33.5,32.3,33.5,119,32.3,121,44.6,43.5,33.5 / 119,32.3 / 121
359,NC,Blue Tees,F,71,77.3,111.3,144,38.5,38.8,38.5,146,38.8,142,55.7,55.6,38.5 / 146,38.8 / 142
359,NC,Blue/White,F,71,75.6,109.1,142,37.8,37.8,37.8,143,37.8,141,54.7,54.4,37.8 / 143,37.8 / 141
359,NC,White Tees,F,71,73.3,105.9,139,36.9,36.4,36.9,140,36.4,137,53.4,52.5,36.9 / 140,36.4 / 137
359,NC,White/Black,F,71,71.6,103.0,134,36.0,35.6,36.0,137,35.6,130,52.1,50.9,36.0 / 137,35.6 / 130
359,NC,Black Tees,F,71,70.4,101.0,130,35.5,34.9,35.5,134,34.9,126,51.3,49.7,35.5 / 134,34.9 / 126
148,NC,Blue Tees,M,71,67.5,89.8,120,34.1,33.4,34.1,121,33.4,119,45.3,44.5,34.1 / 121,33.4 / 119
148,NC,White Tees,M,71,65.8,86.9,114,33.1,32.7,33.1,113,32.7,114,43.6,43.3,33.1 / 113,32.7 / 114
148,NC,Gold Tees,M,71,63.5,83.3,107,31.5,32.0,31.5,105,32.0,108,41.3,42.0,31.5 / 105,32.0 / 108
148,NC,Red Tees,M,71,62.0,81.1,103,31.1,30.9,31.1,101,30.9,104,40.5,40.6,31.1 / 101,30.9 / 104
148,NC,Green Tees,M,69,58.3,76.4,98,29.3,29.0,29.3,95,29.0,100,38.1,38.3,29.3 / 95,29.0 / 100
148,NC,White Tees,F,71,71.0,100.4,125,35.8,35.2,35.8,126,35.2,123,50.7,49.7,35.8 / 126,35.2 / 123
148,NC,Gold Tees,F,71,67.7,95.6,119,33.5,34.2,33.5,118,34.2,119,47.4,48.2,33.5 / 118,34.2 / 119
148,NC,Red Tees,F,71,65.5,91.6,112,33.0,32.5,33.0,115,32.5,108,46.4,45.2,33.0 / 115,32.5 / 108
148,NC,Green Tees,F,71,60.7,84.6,102,30.5,30.6,30.5,102,30.6,101,42.5,42.5,30.5 / 102,30.6 / 101
96,NC,Black Tees,M,72,72.9,98.7,139,36.1,36.8,36.1,135,36.8,143,48.6,50.1,36.1 / 135,36.8 / 143
96,NC,Green Tees,M,72,72.0,97.1,135,35.6,36.4,35.6,133,36.4,137,48.0,49.1,35.6 / 133,36.4 / 137
96,NC,White Tees,M,72,69.4,93.5,130,34.3,35.1,34.3,124,35.1,136,45.8,47.7,34.3 / 124,35.1 / 136
96,NC,Gold Tees,M,72,66.8,88.9,119,32.8,34.0,32.8,115,34.0,123,43.5,45.4,32.8 / 115,34.0 / 123
96,NC,Blue Hybrid,M,72,65.6,86.6,113,32.1,33.5,32.1,109,33.5,117,42.2,44.4,32.1 / 109,33.5 / 117
96,NC,Red Tees,M,72,64.5,83.9,105,31.5,33.0,31.5,101,33.0,108,40.9,43.0,31.5 / 101,33.0 / 108
96,NC,Gold Tees,F,72,72.2,103.2,132,35.2,37.0,35.2,125,37.0,138,49.9,53.3,35.2 / 125,37.0 / 138
96,NC,Blue Hybrid,F,72,70.3,100.3,127,34.4,35.9,34.4,123,35.9,131,48.9,51.4,34.4 / 123,35.9 / 131
96,NC,Red Tees,F,72,68.3,96.6,120,33.3,35.0,33.3,118,35.0,122,47.2,49.4,33.3 / 118,35.0 / 122
262,NC,Blue Tees,M,72,70.6,95.1,132,34.9,35.7,34.9,129,35.7,135,46.9,48.2,34.9 / 129,35.7 / 135
262,NC,White Tees,M,72,68.5,91.5,124,33.7,34.8,33.7,119,34.8,128,44.8,46.7,33.7 / 119,34.8 / 128
262,NC,Gold Tees,M,72,65.6,87.0,115,32.2,33.4,32.2,111,33.4,119,42.5,44.5,32.2 / 111,33.4 / 119
262,NC,Red Tees,M,72,62.6,82.8,109,30.7,31.9,30.7,105,31.9,112,40.5,42.3,30.7 / 105,31.9 / 112
262,NC,White Tees,F,72,73.9,104.9,132,36.4,37.5,36.4,132,37.5,131,52.0,52.9,36.4 / 132,37.5 / 131
262,NC,Gold Tees,F,72,71.1,99.8,122,35.1,36.0,35.1,121,36.0,122,49.4,50.4,35.1 / 121,36.0 / 122
262,NC,Red Tees,F,72,67.0,93.7,114,32.8,34.2,32.8,113,34.2,114,46.1,47.6,32.8 / 113,34.2 / 114
73,NC,V Tees,M,72,69.9,95.0,135,34.8,35.1,34.8,131,35.1,139,47.0,48.0,34.8 / 131,35.1 / 139
73,NC,V / IV Hybrid,M,72,68.4,91.8,126,33.9,34.5,33.9,125,34.5,127,45.5,46.3,33.9 / 125,34.5 / 127
73,NC,IV Tees,M,72,68.0,90.6,122,33.8,34.2,33.8,119,34.2,124,44.9,45.7,33.8 / 119,34.2 / 124
73,NC,IV / III Hybrid,M,72,66.4,88.6,120,33.1,33.3,33.1,118,33.3,121,44.1,44.5,33.1 / 118,33.3 / 121
73,NC,III Tees,M,72,65.6,87.2,116,32.9,32.7,32.9,115,32.7,117,43.6,43.6,32.9 / 115,32.7 / 117
73,NC,III / II Hybrid,M,71,61.8,82.2,110,31.1,30.7,31.1,113,30.7,107,41.6,40.6,31.1 / 113,30.7 / 107
73,NC,II Tees,M,71,61.1,81.0,107,30.8,30.3,30.8,110,30.3,104,41.0,40.0,30.8 / 110,30.3 / 104
73,NC,IV Tees,F,72,72.8,106.3,142,36.2,36.6,36.2,142,36.6,142,52.9,53.4,36.2 / 142,36.6 / 142
73,NC,IV / III Hybrid,F,72,71.5,103.3,135,35.5,36.0,35.5,134,36.0,136,51.3,52.0,35.5 / 134,36.0 / 136
73,NC,III Tees,F,72,70.3,100.7,129,35.0,35.3,35.0,125,35.3,133,49.7,51.0,35.0 / 125,35.3 / 133
73,NC,III / II Hybrid,F,71,65.4,93.4,119,33.1,32.3,33.1,120,32.3,117,47.3,46.1,33.1 / 120,32.3 / 117
73,NC,II Tees,F,71,64.6,91.4,114,32.7,31.9,32.7,113,31.9,114,46.0,45.4,32.7 / 113,31.9 / 114
441,NC,Blue Tees,M,72,72.8,97.4,132,36.4,36.4,36.4,131,36.4,133,48.6,48.8,36.4 / 131,36.4 / 133
441,NC,White Tees,M,72,70.5,94.0,127,35.2,35.3,35.2,123,35.3,130,46.6,47.4,35.2 / 123,35.3 / 130
441,NC,Gold Tees,M,72,67.5,89.4,118,33.7,33.8,33.7,117,33.8,118,44.6,44.8,33.7 / 117,33.8 / 118
441,NC,Gold Tees,F,72,73.2,104.6,134,36.7,36.5,36.7,137,36.5,130,52.8,51.8,36.7 / 137,36.5 / 130
441,NC,Red Tees,F,72,69.2,97.9,122,34.9,34.3,34.9,123,34.3,120,49.4,48.5,34.9 / 123,34.3 / 120
55,NC,Blue Tees,M,71,69.5,91.9,121,35.2,34.3,35.2,125,34.3,116,46.8,45.1,35.2 / 125,34.3 / 116
55,NC,White Tees,M,71,67.7,89.4,117,34.1,33.6,34.1,122,33.6,112,45.4,44.0,34.1 / 122,33.6 / 112
55,NC,Silver Tees,M,70,65.2,85.1,107,32.8,32.4,32.8,110,32.4,104,43.0,42.1,32.8 / 110,32.4 / 104
55,NC,Red Tees,M,68,61.7,80.0,99,30.9,30.8,30.9,104,30.8,93,40.6,39.4,30.9 / 104,30.8 / 93
55,NC,White Tees,F,71,73.3,102.4,124,37.1,36.2,37.1,126,36.2,121,51.9,50.5,37.1 / 126,36.2 / 121
55,NC,Silver Tees,F,71,70.4,97.6,116,35.5,34.9,35.5,118,34.9,113,49.4,48.2,35.5 / 118,34.9 / 113
55,NC,Red Tees,F,71,65.7,91.1,108,33.2,32.5,33.2,109,32.5,106,46.1,45.0,33.2 / 109,32.5 / 106
467,NC,Blue Tees,M,71,70.8,94.4,127,36.0,34.8,36.0,124,34.8,130,47.5,46.9,36.0 / 124,34.8 / 130
467,NC,White Tees,M,71,69.1,91.9,123,35.0,34.1,35.0,123,34.1,123,46.4,45.5,35.0 / 123,34.1 / 123
467,NC,Gold Tees,M,71,66.0,86.8,112,33.4,32.6,33.4,112,32.6,112,43.8,43.0,33.4 / 112,32.6 / 112
467,NC,Red Tees,M,71,64.0,84.0,108,32.5,31.5,32.5,110,31.5,105,42.7,41.3,32.5 / 110,31.5 / 105
467,NC,Silver Tees,M,68,59.9,77.7,96,30.1,29.8,30.1,97,29.8,95,39.1,38.6,30.1 / 97,29.8 / 95
467,NC,Blue Tees,F,71,77.3,109.3,136,39.3,38.0,39.3,137,38.0,135,55.4,53.9,39.3 / 137,38.0 / 135
467,NC,White Tees,F,71,74.9,105.1,128,37.9,37.0,37.9,128,37.0,128,53.0,52.1,37.9 / 128,37.0 / 128
467,NC,Gold Tees,F,71,71.2,100.0,122,35.9,35.3,35.9,120,35.3,124,50.1,49.9,35.9 / 120,35.3 / 124
467,NC,Red Tees,F,71,69.1,95.9,114,35.1,34.0,35.1,114,34.0,113,48.6,47.3,35.1 / 114,34.0 / 113
467,NC,Silver Tees,F,71,62.3,85.3,98,31.3,31.0,31.3,98,31.0,97,42.9,42.4,31.3 / 98,31.0 / 97
367,NC,Black Tees,M,72,72.2,96.7,132,36.5,35.7,36.5,130,35.7,133,48.6,48.1,36.5 / 130,35.7 / 133
367,NC,White Tees,M,72,69.5,93.3,128,35.1,34.4,35.1,129,34.4,127,47.1,46.2,35.1 / 129,34.4 / 127
367,NC,Gray Tees,M,72,66.9,88.7,117,33.5,33.4,33.5,118,33.4,116,44.5,44.2,33.5 / 118,33.4 / 116
367,NC,Red Tees,M,71,64.2,84.4,109,32.1,32.1,32.1,109,32.1,109,42.2,42.2,32.1 / 109,32.1 / 109
367,NC,White Tees,F,72,75.6,107.8,137,37.9,37.7,37.9,137,37.7,136,54.1,53.7,37.9 / 137,37.7 / 136
367,NC,Gray Tees,F,72,72.4,102.2,127,36.2,36.2,36.2,123,36.2,130,50.7,51.5,36.2 / 123,36.2 / 130
367,NC,Red Tees,F,72,69.4,97.4,119,34.6,34.8,34.6,122,34.8,115,49.0,48.4,34.6 / 122,34.8 / 115
13971,NC,Blue Tees,M,72,70.3,95.0,133,34.1,36.2,34.1,129,36.2,137,46.1,48.9,34.1 / 129,36.2 / 137
13971,NC,White Tees,M,72,69.1,92.7,127,33.7,35.4,33.7,124,35.4,130,45.2,47.5,33.7 / 124,35.4 / 130
13971,NC,Gold Tees,M,72,66.3,86.5,109,32.7,33.6,32.7,98,33.6,119,41.8,44.7,32.7 / 98,33.6 / 119
13971,NC,Red Tees,M,72,63.2,82.3,103,31.5,31.7,31.5,93,31.7,113,40.1,42.2,31.5 / 93,31.7 / 113
13971,NC,Gold Tees,F,72,71.0,101.0,128,34.3,36.7,34.3,125,36.7,130,49.0,52.0,34.3 / 125,36.7 / 130
13971,NC,Red Tees,F,72,66.8,92.6,110,32.8,34.0,32.8,105,34.0,114,45.2,47.4,32.8 / 105,34.0 / 114
13971,NC,Pink Tees,F,72,64.7,88.9,103,32.2,32.5,32.2,102,32.5,103,44.2,44.7,32.2 / 102,32.5 / 103
326,NC,Gold Tees,M,72,74.6,100.4,139,37.1,37.5,37.1,137,37.5,141,49.8,50.6,37.1 / 137,37.5 / 141
326,NC,Blue Tees,M,72,72.6,97.6,135,36.1,36.5,36.1,131,36.5,138,48.3,49.3,36.1 / 131,36.5 / 138
326,NC,Mixed B/W Tees,M,72,71.6,95.9,131,35.6,36.0,35.6,129,36.0,132,47.6,48.3,35.6 / 129,36.0 / 132
326,NC,White Tees,M,72,70.5,94.3,128,35.1,35.4,35.1,126,35.4,130,46.8,47.5,35.1 / 126,35.4 / 130
326,NC,Mixed W/Y Tees,M,72,69.7,93.0,126,34.6,35.1,34.6,123,35.1,128,46.0,47.0,34.6 / 123,35.1 / 128
326,NC,Yellow Tees,M,72,68.7,91.6,124,34.1,34.6,34.1,121,34.6,126,45.3,46.3,34.1 / 121,34.6 / 126
326,NC,Mixed Y/R Tees,M,72,66.3,88.4,119,33.0,33.3,33.0,118,33.3,119,44.0,44.4,33.0 / 118,33.3 / 119
326,NC,Red Tees,M,72,65.1,86.4,115,32.5,32.6,32.5,114,32.6,115,43.1,43.3,32.5 / 114,32.6 / 115
326,NC,Orange Tees,M,68,62.1,82.2,109,31.0,31.1,31.0,107,31.1,110,40.9,41.3,31.0 / 107,31.1 / 110
326,NC,White Tees,F,72,76.6,109.7,141,38.0,38.6,38.0,142,38.6,139,54.7,55.0,38.0 / 142,38.6 / 139
326,NC,Mixed W/Y Tees,F,72,75.5,108.1,138,37.4,38.1,37.4,139,38.1,137,53.8,54.3,37.4 / 139,38.1 / 137
326,NC,Yellow Tees,F,72,74.4,106.4,136,36.8,37.6,36.8,137,37.6,135,52.9,53.5,36.8 / 137,37.6 / 135
326,NC,Mixed Y/R Tees,F,72,71.3,101.3,128,35.6,35.7,35.6,129,35.7,126,50.8,50.5,35.6 / 129,35.7 / 126
326,NC,Red Tees,F,72,69.9,99.1,124,35.0,34.9,35.0,124,34.9,124,49.6,49.5,35.0 / 124,34.9 / 124
326,NC,Orange Tees,F,72,65.9,92.7,114,32.8,33.1,32.8,114,33.1,113,46.3,46.4,32.8 / 114,33.1 / 113
336,NC,Gold Tees,M,72,74.0,101.2,146,37.1,36.9,37.1,147,36.9,145,50.8,50.4,37.1 / 147,36.9 / 145
336,NC,Blue Tees,M,72,71.9,98.0,141,35.9,36.0,35.9,143,36.0,138,49.2,48.8,35.9 / 143,36.0 / 138
336,NC,Mixed B/W Tees,M,72,71.0,96.4,137,35.6,35.4,35.6,140,35.4,133,48.6,47.8,35.6 / 140,35.4 / 133
336,NC,White Tees,M,72,69.9,94.6,133,35.1,34.8,35.1,133,34.8,132,47.5,47.1,35.1 / 133,34.8 / 132
336,NC,Mixed W/Y Tees,M,72,69.3,92.2,124,34.6,34.7,34.6,123,34.7,124,46.0,46.2,34.6 / 123,34.7 / 124
336,NC,Yellow Tees,M,72,68.2,90.2,119,33.9,34.3,33.9,116,34.3,121,44.7,45.5,33.9 / 116,34.3 / 121
336,NC,Mixed Y/R Tees,M,72,65.8,87.3,116,33.0,32.8,33.0,115,32.8,116,43.7,43.6,33.0 / 115,32.8 / 116
336,NC,Red Tees,M,72,64.8,85.2,110,32.5,32.3,32.5,112,32.3,108,42.9,42.3,32.5 / 112,32.3 / 108
336,NC,Orange Tees,M,68,61.9,81.3,105,31.0,30.9,31.0,107,30.9,102,40.9,40.4,31.0 / 107,30.9 / 102
336,NC,White Tees,F,72,75.4,109.5,145,37.7,37.7,37.7,147,37.7,142,55.0,54.5,37.7 / 147,37.7 / 142
336,NC,Mixed W/Y Tees,F,72,74.0,107.0,140,37.0,37.0,37.0,140,37.0,140,53.5,53.5,37.0 / 140,37.0 / 140
336,NC,Yellow Tees,F,72,72.6,105.0,138,36.1,36.5,36.1,137,36.5,138,52.2,52.8,36.1 / 137,36.5 / 138
336,NC,Mixed Y/R Tees,F,72,70.8,99.2,121,35.3,35.5,35.3,121,35.5,120,49.6,49.6,35.3 / 121,35.5 / 120
336,NC,Red Tees,F,72,69.4,97.1,118,34.5,34.9,34.5,118,34.9,117,48.4,48.7,34.5 / 118,34.9 / 117
336,NC,Orange Tees,F,72,65.9,91.4,109,32.5,33.4,32.5,109,33.4,108,45.3,46.1,32.5 / 109,33.4 / 108
234,NC,Blue Tees,M,72,72.6,98.2,138,36.0,36.6,36.0,139,36.6,137,48.9,49.3,36.0 / 139,36.6 / 137
234,NC,White Tees,M,72,70.0,94.8,134,34.7,35.3,34.7,132,35.3,135,47.0,47.8,34.7 / 132,35.3 / 135
234,NC,Gold Tees,M,72,67.0,89.3,119,33.7,33.3,33.7,119,33.3,118,44.8,44.3,33.7 / 119,33.3 / 118
234,NC,Red Tees,M,72,63.6,84.0,110,32.1,31.5,32.1,108,31.5,112,42.1,41.9,32.1 / 108,31.5 / 112
234,NC,Gold Tees,F,72,71.5,102.4,131,35.7,35.8,35.7,134,35.8,128,51.5,50.9,35.7 / 134,35.8 / 128
234,NC,Red Tees,F,72,67.5,95.3,118,33.7,33.8,33.7,115,33.8,120,47.3,48.0,33.7 / 115,33.8 / 120
377,NC,Black Tees,M,72,72.6,98.8,141,36.1,36.5,36.1,143,36.5,139,49.4,49.4,36.1 / 143,36.5 / 139
377,NC,Blue Tees,M,72,70.3,95.2,134,35.1,35.2,35.1,132,35.2,136,47.4,47.8,35.1 / 132,35.2 / 136
377,NC,Blue/White Hybrid,M,72,69.2,93.1,129,34.7,34.5,34.7,125,34.5,132,46.3,46.8,34.7 / 125,34.5 / 132
377,NC,White Tees,M,72,68.6,91.7,125,34.3,34.3,34.3,121,34.3,128,45.5,46.2,34.3 / 121,34.3 / 128
377,NC,White/Gold Hybrid,M,72,67.8,90.4,122,33.9,33.9,33.9,118,33.9,125,44.9,45.5,33.9 / 118,33.9 / 125
377,NC,Gold Tees,M,72,66.9,88.9,119,33.6,33.3,33.6,115,33.3,122,44.3,44.6,33.6 / 115,33.3 / 122
377,NC,Gold/Red Hybrid,M,71,65.4,86.7,115,33.2,32.2,33.2,114,32.2,115,43.8,42.9,33.2 / 114,32.2 / 115
377,NC,Red Tees,M,71,64.1,84.9,112,32.4,31.7,32.4,113,31.7,111,42.9,42.0,32.4 / 113,31.7 / 111
377,NC,Blue Tees,F,72,76.1,110.4,146,37.8,38.3,37.8,144,38.3,147,54.8,55.6,37.8 / 144,38.3 / 147
377,NC,Blue/White Hybrid,F,72,74.7,108.2,142,37.2,37.5,37.2,142,37.5,142,53.9,54.3,37.2 / 142,37.5 / 142
377,NC,White Tees,F,72,73.7,106.0,137,36.7,37.0,36.7,135,37.0,139,52.6,53.4,36.7 / 135,37.0 / 139
377,NC,White/Gold Hybrid,F,72,72.5,104.2,135,36.1,36.4,36.1,133,36.4,136,51.8,52.4,36.1 / 133,36.4 / 136
377,NC,Gold Tees,F,72,71.5,102.2,131,35.6,35.9,35.6,130,35.9,131,50.9,51.3,35.6 / 130,35.9 / 131
377,NC,Gold/Red Hybrid,F,71,69.3,99.3,127,35.1,34.2,35.1,128,34.2,126,50.2,49.1,35.1 / 128,34.2 / 126
377,NC,Red Tees,F,71,68.4,96.6,120,34.7,33.7,34.7,120,33.7,119,48.9,47.7,34.7 / 120,33.7 / 119
207,NC,Championship Tees,M,72,75.6,102.0,142,37.6,38.0,37.6,140,38.0,144,50.6,51.4,37.6 / 140,38.0 / 144
207,NC,Medal Tees,M,72,72.9,98.5,138,36.1,36.8,36.1,135,36.8,141,48.6,49.9,36.1 / 135,36.8 / 141
207,NC,Member Tees,M,72,71.1,96.1,135,35.1,36.0,35.1,132,36.0,137,47.4,48.7,35.1 / 132,36.0 / 137
207,NC,Club Challenge,M,72,70.0,94.2,130,34.5,35.5,34.5,130,35.5,130,46.6,47.6,34.5 / 130,35.5 / 130
207,NC,Club Tees,M,72,69.5,92.8,126,34.1,35.4,34.1,125,35.4,126,45.7,47.1,34.1 / 125,35.4 / 126
207,NC,Forward Challenge,M,72,67.2,88.7,116,33.3,33.9,33.3,114,33.9,117,43.9,44.8,33.3 / 114,33.9 / 117
207,NC,Forward Tees,M,72,65.1,85.7,111,32.4,32.7,32.4,105,32.7,116,42.2,43.5,32.4 / 105,32.7 / 116
207,NC,Wildcat Tees,M,72,62.3,81.8,105,31.2,31.1,31.2,99,31.1,111,40.4,41.4,31.2 / 99,31.1 / 111
207,NC,Member Tees,F,72,77.4,110.9,143,38.3,39.1,38.3,137,39.1,148,54.4,56.5,38.3 / 137,39.1 / 148
207,NC,Club Challenge,F,72,75.9,108.7,139,37.5,38.4,37.5,134,38.4,144,53.3,55.4,37.5 / 134,38.4 / 144
207,NC,Club Tees,F,72,74.9,107.1,137,36.9,38.0,36.9,131,38.0,142,52.4,54.7,36.9 / 131,38.0 / 142
207,NC,Forward Challenge,F,72,72.0,102.4,129,35.7,36.3,35.7,127,36.3,131,50.7,51.7,35.7 / 127,36.3 / 131
207,NC,Forward Tees,F,72,70.2,99.9,126,34.7,35.5,34.7,126,35.5,126,49.5,50.4,34.7 / 126,35.5 / 126
207,NC,Wildcat Tees,F,72,67.1,94.1,115,33.2,33.9,33.2,114,33.9,115,46.6,47.5,33.2 / 114,33.9 / 115
427,NC,Gold Tees,M,72,72.7,99.1,142,36.9,35.8,36.9,146,35.8,138,50.5,48.6,36.9 / 146,35.8 / 138
427,NC,Black Tees,M,72,70.8,96.1,137,35.8,35.0,35.8,137,35.0,136,48.5,47.6,35.8 / 137,35.0 / 136
427,NC,White/Black Combo,M,72,69.9,94.2,131,34.9,35.0,34.9,126,35.0,136,46.6,47.6,34.9 / 126,35.0 / 136
427,NC,White Tees,M,72,68.8,91.9,125,34.9,33.9,34.9,126,33.9,123,46.6,45.3,34.9 / 126,33.9 / 123
427,NC,Green/White Combo,M,72,67.2,89.7,121,33.3,33.9,33.3,119,33.9,123,44.4,45.3,33.3 / 119,33.9 / 123
427,NC,Green Tees,M,72,66.0,87.7,117,33.3,32.7,33.3,119,32.7,114,44.4,43.3,33.3 / 119,32.7 / 114
427,NC,Blue Tees,M,72,63.4,83.9,111,32.1,31.3,32.1,114,31.3,107,42.7,41.2,32.1 / 114,31.3 / 107
427,NC,White Tees,F,72,74.6,108.6,145,38.0,36.6,38.0,148,36.6,141,55.4,53.2,38.0 / 148,36.6 / 141
427,NC,Green Tees,F,72,71.0,101.0,127,35.9,35.1,35.9,128,35.1,126,51.0,50.0,35.9 / 128,35.1 / 126
427,NC,Blue/Green Combo,F,72,69.6,99.1,125,34.5,35.1,34.5,124,35.1,126,49.1,50.0,34.5 / 124,35.1 / 126
427,NC,Blue Tees,F,72,67.4,95.3,119,34.5,32.9,34.5,124,32.9,113,49.1,46.2,34.5 / 124,32.9 / 113
427,NC,Scoring/Blue Combo,F,72,64.9,91.6,114,32.0,32.9,32.0,114,32.9,113,45.4,46.2,32.0 / 114,32.9 / 113
427,NC,Scoring Tees,F,72,64.0,90.3,112,32.0,32.0,32.0,114,32.0,109,45.4,44.9,32.0 / 114,32.0 / 109
401,NC,Black Tees,M,72,73.8,99.0,136,37.6,36.2,37.6,138,36.2,133,50.4,48.6,37.6 / 138,36.2 / 133
401,NC,Blue Tees,M,72,72.5,97.1,133,37.2,35.3,37.2,136,35.3,129,49.8,47.3,37.2 / 136,35.3 / 129
401,NC,White Tees,M,72,70.4,93.7,125,36.0,34.4,36.0,133,34.4,117,48.4,45.3,36.0 / 133,34.4 / 117
401,NC,Gold Tees,M,72,67.8,90.0,120,34.9,32.9,34.9,127,32.9,112,46.7,43.3,34.9 / 127,32.9 / 112
401,NC,Red Tees,M,72,64.6,85.4,112,33.5,31.1,33.5,116,31.1,108,44.3,41.1,33.5 / 116,31.1 / 108
401,NC,White Tees,F,72,75.9,109.3,142,39.3,36.6,39.3,147,36.6,137,56.6,52.7,39.3 / 147,36.6 / 137
401,NC,Gold Tees,F,72,72.8,103.9,132,37.6,35.2,37.6,139,35.2,125,54.0,49.9,37.6 / 139,35.2 / 125
401,NC,Red Tees,F,72,68.4,96.2,118,35.8,32.6,35.8,131,32.6,105,51.2,45.0,35.8 / 131,32.6 / 105
402,NC,Black Tees,M,71,74.4,99.7,137,36.8,37.6,36.8,135,37.6,138,49.3,50.4,36.8 / 135,37.6 / 138
402,NC,Blue Tees,M,71,73.3,98.1,134,36.1,37.2,36.1,131,37.2,136,48.3,49.8,36.1 / 131,37.2 / 136
402,NC,White Tees,M,71,71.0,95.0,129,35.0,36.0,35.0,125,36.0,133,46.6,48.4,35.0 / 125,36.0 / 133
402,NC,Gold Tees,M,71,68.5,91.2,122,33.6,34.9,33.6,117,34.9,127,44.5,46.7,33.6 / 117,34.9 / 127
402,NC,Red Tees,M,71,65.0,85.4,110,31.5,33.5,31.5,103,33.5,116,41.1,44.3,31.5 / 103,33.5 / 116
402,NC,White Tees,F,71,76.8,109.8,140,37.5,39.3,37.5,133,39.3,147,53.2,56.6,37.5 / 133,39.3 / 147
402,NC,Gold Tees,F,71,73.5,104.9,133,35.9,37.6,35.9,127,37.6,139,50.9,54.0,35.9 / 127,37.6 / 139
402,NC,Red Tees,F,71,68.6,97.2,122,32.8,35.8,32.8,112,35.8,131,46.0,51.2,32.8 / 112,35.8 / 131
13929,NC,Black Tees,M,71,73.0,97.9,134,36.2,36.8,36.2,133,36.8,135,48.6,49.3,36.2 / 133,36.8 / 135
13929,NC,Blue Tees,M,71,71.4,95.6,130,35.3,36.1,35.3,129,36.1,131,47.3,48.3,35.3 / 129,36.1 / 131
13929,NC,White Tees,M,71,69.4,91.9,121,34.4,35.0,34.4,117,35.0,125,45.3,46.6,34.4 / 117,35.0 / 125
13929,NC,Gold Tees,M,71,66.5,87.8,115,32.9,33.6,32.9,112,33.6,117,43.3,44.5,32.9 / 112,33.6 / 117
13929,NC,Red Tees,M,71,62.6,82.2,106,31.1,31.5,31.1,108,31.5,103,41.1,41.1,31.1 / 108,31.5 / 103
13929,NC,White Tees,F,71,74.1,105.9,135,36.6,37.5,36.6,137,37.5,133,52.7,53.2,36.6 / 137,37.5 / 133
13929,NC,Gold Tees,F,71,71.1,100.8,126,35.2,35.9,35.2,125,35.9,127,49.9,50.9,35.2 / 125,35.9 / 127
13929,NC,Red Tees,F,71,65.4,91.0,109,32.6,32.8,32.6,105,32.8,112,45.0,46.0,32.6 / 105,32.8 / 112
390,NC,Blue Tees,M,72,69.4,92.7,126,35.5,33.9,35.5,126,33.9,125,47.2,45.5,35.5 / 126,33.9 / 125
390,NC,White Tees,M,72,68.0,91.2,125,34.7,33.3,34.7,128,33.3,122,46.6,44.6,34.7 / 128,33.3 / 122
390,NC,Yellow Tees,M,72,65.2,85.7,110,33.3,31.9,33.3,118,31.9,102,44.3,41.4,33.3 / 118,31.9 / 102
390,NC,Red Tees,M,72,63.3,82.8,105,32.1,31.2,32.1,110,31.2,100,42.3,40.5,32.1 / 110,31.2 / 100
390,NC,White Tees,F,72,73.6,104.3,130,37.8,35.8,37.8,132,35.8,128,53.4,50.9,37.8 / 132,35.8 / 128
390,NC,Yellow Tees,F,72,69.8,98.0,120,36.0,33.8,36.0,123,33.8,116,50.5,47.5,36.0 / 123,33.8 / 116
390,NC,Red Tees,F,72,67.5,94.1,113,34.4,33.1,34.4,117,33.1,109,48.2,45.9,34.4 / 117,33.1 / 109
390,NC,Pink Tees,F,71,63.3,86.3,98,31.9,31.4,31.9,100,31.4,95,43.7,42.6,31.9 / 100,31.4 / 95
310,NC,Black Tees,M,72,69.8,94.2,131,34.8,35.0,34.8,131,35.0,131,47.0,47.2,34.8 / 131,35.0 / 131
310,NC,Back Combo,M,72,68.7,92.4,128,34.4,34.3,34.4,127,34.3,128,46.2,46.2,34.4 / 127,34.3 / 128
310,NC,Blue Tees,M,72,68.2,91.7,127,34.1,34.1,34.1,126,34.1,127,45.8,45.9,34.1 / 126,34.1 / 127
310,NC,Short Combo,M,72,67.4,90.0,122,33.8,33.6,33.8,122,33.6,122,45.1,44.9,33.8 / 122,33.6 / 122
310,NC,White Tees,M,72,65.2,86.3,114,32.9,32.3,32.9,116,32.3,111,43.7,42.6,32.9 / 116,32.3 / 111
310,NC,Black Tees,F,72,76.0,108.9,140,37.7,38.3,37.7,142,38.3,137,54.4,54.5,37.7 / 142,38.3 / 137
310,NC,Back Combo,F,72,74.2,106.4,137,37.0,37.2,37.0,139,37.2,134,53.4,53.0,37.0 / 139,37.2 / 134
310,NC,Blue Tees,F,72,73.7,105.6,135,36.7,37.0,36.7,137,37.0,133,52.9,52.7,36.7 / 137,37.0 / 133
310,NC,Short Combo,F,72,72.3,103.1,131,36.1,36.2,36.1,134,36.2,127,51.9,51.2,36.1 / 134,36.2 / 127
310,NC,White Tees,F,72,69.7,98.3,121,34.9,34.8,34.9,126,34.8,116,49.8,48.5,34.9 / 126,34.8 / 116
32,NC,Gold Tees,M,71,71.9,97.0,135,35.7,36.2,35.7,137,36.2,133,48.4,48.6,35.7 / 137,36.2 / 133
32,NC,Blue Tees,M,71,68.9,93.5,132,33.9,35.0,33.9,132,35.0,132,46.2,47.3,33.9 / 132,35.0 / 132
32,NC,White Tees,M,71,66.7,90.1,126,33.0,33.7,33.0,123,33.7,129,44.4,45.7,33.0 / 123,33.7 / 129
32,NC,Green Tees,M,71,64.2,86.0,117,31.7,32.5,31.7,115,32.5,119,42.4,43.6,31.7 / 115,32.5 / 119
32,NC,Red Tees,M,70,62.2,83.3,114,31.1,31.1,31.1,112,31.1,115,41.5,41.8,31.1 / 112,31.1 / 115
32,NC,Blue Tees,F,72,74.8,108.0,141,36.8,38.0,36.8,138,38.0,143,53.1,54.9,36.8 / 138,38.0 / 143
32,NC,White Tees,F,72,72.2,103.8,134,35.5,36.7,35.5,130,36.7,138,50.8,53.0,35.5 / 130,36.7 / 138
32,NC,Green Tees,F,72,68.5,98.3,127,33.6,34.9,33.6,123,34.9,130,48.1,50.2,33.6 / 123,34.9 / 130
32,NC,Red Tees,F,72,65.8,93.5,118,32.4,33.4,32.4,118,33.4,117,46.3,47.2,32.4 / 118,33.4 / 117
9415,NC,Gold Tees,M,72,75.2,102.4,146,37.6,37.6,37.6,147,37.6,145,51.3,51.1,37.6 / 147,37.6 / 145
9415,NC,Gold/Blue Hybrid,M,72,73.8,100.8,145,36.9,36.9,36.9,145,36.9,145,50.4,50.4,36.9 / 145,36.9 / 145
9415,NC,Blue Tees,M,72,72.6,99.2,143,36.4,36.2,36.4,142,36.2,144,49.6,49.6,36.4 / 142,36.2 / 144
9415,NC,Blue/White Hybrid,M,72,71.3,96.2,134,35.6,35.7,35.6,132,35.7,136,47.9,48.3,35.6 / 132,35.7 / 136
9415,NC,White Tees,M,72,70.1,94.1,129,35.2,34.9,35.2,125,34.9,133,46.8,47.3,35.2 / 125,34.9 / 133
9415,NC,White/Green Hybrid,M,72,69.0,92.5,127,34.8,34.2,34.8,123,34.2,130,46.2,46.3,34.8 / 123,34.2 / 130
9415,NC,Green Tees,M,72,67.9,90.9,124,34.0,33.9,34.0,121,33.9,127,45.2,45.7,34.0 / 121,33.9 / 127
9415,NC,Red Tees,M,72,66.0,88.3,120,32.9,33.1,32.9,117,33.1,123,43.8,44.5,32.9 / 117,33.1 / 123
9415,NC,Red/Carolina Hybrid,M,72,63.9,85.6,117,31.9,32.0,31.9,115,32.0,118,42.6,43.0,31.9 / 115,32.0 / 118
9415,NC,Carolina Tees,M,72,62.4,82.9,111,31.5,30.9,31.5,109,30.9,112,41.6,41.3,31.5 / 109,30.9 / 112
9415,NC,White Tees,F,72,76.2,111.0,148,38.1,38.1,38.1,152,38.1,143,56.0,55.0,38.1 / 152,38.1 / 143
9415,NC,White/ Green Hybrid,F,72,73.7,106.8,141,37.5,36.2,37.5,145,36.2,136,54.6,52.2,37.5 / 145,36.2 / 136
9415,NC,Green Tees,F,72,73.2,105.1,135,36.8,36.4,36.8,137,36.4,133,53.0,52.1,36.8 / 137,36.4 / 133
9415,NC,Red Tees,F,72,71.0,102.3,133,35.5,35.5,35.5,133,35.5,132,51.2,51.1,35.5 / 133,35.5 / 132
9415,NC,Red/Carolina Hybrid,F,72,68.9,98.7,127,34.3,34.6,34.3,130,34.6,123,49.6,49.1,34.3 / 130,34.6 / 123
9415,NC,Carolina Tees,F,72,67.1,95.2,119,34.1,33.0,34.1,121,33.0,117,48.4,46.8,34.1 / 121,33.0 / 117
223,NC,Blue Tees,M,72,72.6,96.4,128,35.9,36.7,35.9,126,36.7,130,47.6,48.8,35.9 / 126,36.7 / 130
223,NC,Gold Tees,M,72,70.4,93.6,125,34.7,35.7,34.7,123,35.7,127,46.1,47.5,34.7 / 123,35.7 / 127
223,NC,White Tees,M,72,68.4,90.5,119,33.5,34.9,33.5,117,34.9,121,44.4,46.1,33.5 / 117,34.9 / 121
223,NC,Gray Tees,M,72,65.4,85.2,107,32.2,33.2,32.2,103,33.2,110,41.8,43.4,32.2 / 103,33.2 / 110
223,NC,Red Tees,M,72,64.6,83.8,104,31.7,32.9,31.7,100,32.9,107,41.0,42.8,31.7 / 100,32.9 / 107
223,NC,White Tees,F,72,74.4,105.0,130,36.4,38.0,36.4,126,38.0,134,51.2,53.8,36.4 / 126,38.0 / 134
223,NC,Gray Tees,F,72,70.2,98.8,122,34.6,35.6,34.6,119,35.6,124,48.6,50.2,34.6 / 119,35.6 / 124
223,NC,Red Tees,F,72,69.1,96.9,118,33.9,35.2,33.9,115,35.2,120,47.5,49.4,33.9 / 115,35.2 / 120
27162,NC,Blue Tees,M,68,66.3,88.2,118,33.9,32.4,33.9,118,32.4,117,44.9,43.3,33.9 / 118,32.4 / 117
27162,NC,White Tees,M,68,65.2,86.0,112,33.2,32.0,33.2,115,32.0,109,43.9,42.1,33.2 / 115,32.0 / 109
27162,NC,Gold Tees,M,67,63.5,82.7,104,32.2,31.3,32.2,108,31.3,99,42.2,40.5,32.2 / 108,31.3 / 99
27162,NC,Gold Tees,F,67,66.7,94.8,119,34.3,32.4,34.3,121,32.4,117,48.6,46.2,34.3 / 121,32.4 / 117
27162,NC,Red Tees,F,67,62.9,86.5,100,32.2,30.7,32.2,104,30.7,96,44.5,42.0,32.2 / 104,30.7 / 96
111,NC,Black Tees,M,72,73.1,99.5,142,37.3,35.8,37.3,144,35.8,140,50.7,48.8,37.3 / 144,35.8 / 140
111,NC,Green Tees,M,72,70.9,96.2,136,35.9,35.0,35.9,139,35.0,133,48.8,47.4,35.9 / 139,35.0 / 133
111,NC,White Tees,M,72,68.9,92.7,128,35.1,33.8,35.1,130,33.8,126,47.2,45.5,35.1 / 130,33.8 / 126
111,NC,White/Burgundy Hybrid,M,72,65.9,88.5,122,33.3,32.6,33.3,124,32.6,119,44.8,43.7,33.3 / 124,32.6 / 119
111,NC,Burgundy Tees,M,72,63.5,83.9,110,32.4,31.1,32.4,113,31.1,107,42.9,41.0,32.4 / 113,31.1 / 107
111,NC,Green Tees,F,73,77.1,111.3,145,39.1,38.0,39.1,148,38.0,142,56.5,54.8,39.1 / 148,38.0 / 142
111,NC,White Tees,F,72,74.7,107.7,140,38.0,36.7,38.0,142,36.7,137,54.8,52.9,38.0 / 142,36.7 / 137
111,NC,White/Burgundy Hybrid,F,72,70.8,101.2,129,35.7,35.1,35.7,131,35.1,127,51.1,50.1,35.7 / 131,35.1 / 127
111,NC,Burgundy Tees,F,72,66.8,94.5,118,34.3,32.5,34.3,124,32.5,111,48.9,45.6,34.3 / 124,32.5 / 111
10,NC,Black Tees,M,72,73.1,98.1,135,36.7,36.4,36.7,133,36.4,136,49.1,49.0,36.7 / 133,36.4 / 136
10,NC,Green Tees,M,72,71.7,96.3,132,36.0,35.7,36.0,131,35.7,133,48.2,48.1,36.0 / 131,35.7 / 133
10,NC,Blue Tees,M,72,70.5,94.6,130,35.4,35.1,35.4,130,35.1,129,47.5,47.1,35.4 / 130,35.1 / 129
10,NC,Omega Tees,M,72,68.9,92.0,125,34.7,34.2,34.7,123,34.2,126,46.1,45.9,34.7 / 123,34.2 / 126
10,NC,White Tees,M,72,68.0,90.5,122,34.4,33.6,34.4,121,33.6,122,45.6,44.9,34.4 / 121,33.6 / 122
10,NC,Red Tees,M,72,65.8,87.1,115,33.1,32.7,33.1,115,32.7,114,43.8,43.3,33.1 / 115,32.7 / 114
10,NC,Gold Tees,M,72,63.3,83.6,110,31.7,31.6,31.7,110,31.6,109,41.9,41.7,31.7 / 110,31.6 / 109
10,NC,Junior Tees,M,72,59.2,78.0,101,29.5,29.7,29.5,100,29.7,102,38.8,39.2,29.5 / 100,29.7 / 102
10,NC,Blue Tees,F,72,76.6,109.7,141,38.7,37.9,38.7,140,37.9,141,55.2,54.5,38.7 / 140,37.9 / 141
10,NC,White Tees,F,72,73.7,104.6,131,37.4,36.3,37.4,131,36.3,131,52.9,51.7,37.4 / 131,36.3 / 131
10,NC,Red Tees,F,72,71.2,100.5,125,36.0,35.2,36.0,123,35.2,126,50.5,50.0,36.0 / 123,35.2 / 126
10,NC,Gold Tees,F,72,67.4,95.7,120,33.8,33.6,33.8,121,33.6,119,48.1,47.6,33.8 / 121,33.6 / 119
10,NC,Junior Tees,F,72,61.9,87.8,110,30.8,31.1,30.8,112,31.1,108,44.0,43.8,30.8 / 112,31.1 / 108
440,NC,Yellow Tees,M,72,68.0,90.6,122,34.0,34.0,34.0,122,34.0,122,45.3,45.3,34.0 / 122,34.0 / 122
440,NC,White to Yellow Tees,M,72,67.5,89.8,120,33.5,34.0,33.5,118,34.0,122,44.5,45.3,33.5 / 118,34.0 / 122
440,NC,White Tees,M,72,67.0,89.0,118,33.5,33.5,33.5,118,33.5,118,44.5,44.5,33.5 / 118,33.5 / 118
440,NC,Green to White,M,72,65.7,86.2,110,32.2,33.5,32.2,102,33.5,118,41.7,44.5,32.2 / 102,33.5 / 118
440,NC,Green Tees,M,72,64.4,83.4,102,32.2,32.2,32.2,102,32.2,102,41.7,41.7,32.2 / 102,32.2 / 102
440,NC,Red to Green Tees,M,72,63.7,82.6,102,31.5,32.2,31.5,101,32.2,102,40.9,41.7,31.5 / 101,32.2 / 102
440,NC,Red Tees,M,72,63.0,81.8,101,31.5,31.5,31.5,101,31.5,101,40.9,40.9,31.5 / 101,31.5 / 101
440,NC,Green Tees,F,72,69.4,97.2,118,34.7,34.7,34.7,118,34.7,118,48.6,48.6,34.7 / 118,34.7 / 118
440,NC,Red to Green Tees,F,72,68.3,95.4,115,33.6,34.7,33.6,112,34.7,118,46.8,48.6,33.6 / 112,34.7 / 118
440,NC,Red Tees,F,72,67.2,93.6,112,33.6,33.6,33.6,112,33.6,112,46.8,46.8,33.6 / 112,33.6 / 112
49,NC,Blue Tees,M,72,72.5,99.1,143,36.2,36.3,36.2,143,36.3,143,49.5,49.6,36.2 / 143,36.3 / 143
49,NC,White Tees,M,72,69.8,94.7,134,34.7,35.1,34.7,135,35.1,133,47.2,47.5,34.7 / 135,35.1 / 133
49,NC,Yellow Tees,M,72,67.4,90.5,125,33.5,33.9,33.5,123,33.9,126,44.9,45.6,33.5 / 123,33.9 / 126
49,NC,Silver Hybrid,M,72,64.6,87.1,121,32.0,32.6,32.0,118,32.6,124,43.0,44.1,32.0 / 118,32.6 / 124
49,NC,Red Tees,M,72,63.2,85.4,120,31.8,31.4,31.8,116,31.4,123,42.6,42.8,31.8 / 116,31.4 / 123
49,NC,Yellow Tees,F,72,72.7,104.2,134,36.3,36.4,36.3,130,36.4,137,51.6,52.6,36.3 / 130,36.4 / 137
49,NC,Silver Hybrid,F,72,69.0,99.0,127,34.0,35.0,34.0,123,35.0,131,48.5,50.5,34.0 / 123,35.0 / 131
49,NC,Red Tees,F,72,67.3,95.8,121,33.7,33.6,33.7,121,33.6,120,48.0,47.8,33.7 / 121,33.6 / 120
49,NC,Green Tees,F,72,61.1,86.3,107,30.2,30.9,30.2,106,30.9,108,42.7,43.6,30.2 / 106,30.9 / 108
50,NC,Blue Tees,M,72,71.2,96.3,135,34.9,36.3,34.9,133,36.3,137,47.3,49.0,34.9 / 133,36.3 / 137
50,NC,White Tees,M,72,69.6,93.5,129,34.3,35.3,34.3,123,35.3,135,45.7,47.8,34.3 / 123,35.3 / 135
50,NC,Yellow Tees,M,72,66.1,87.7,116,32.6,33.5,32.6,113,33.5,119,43.1,44.6,32.6 / 113,33.5 / 119
50,NC,Silver Hybrid,M,72,64.5,85.5,113,32.1,32.4,32.1,110,32.4,116,42.3,43.2,32.1 / 110,32.4 / 116
50,NC,Red Tees,M,72,63.8,84.4,111,31.6,32.2,31.6,108,32.2,114,41.6,42.8,31.6 / 108,32.2 / 114
50,NC,Yellow Tees,F,72,70.9,101.3,129,35.1,35.8,35.1,127,35.8,131,50.1,51.2,35.1 / 127,35.8 / 131
50,NC,Silver Hybrid,F,72,68.8,98.1,124,34.6,34.2,34.6,122,34.2,126,49.0,49.1,34.6 / 122,34.2 / 126
50,NC,Red Tees,F,72,67.4,95.8,121,33.6,33.8,33.6,118,33.8,123,47.5,48.3,33.6 / 118,33.8 / 123
50,NC,Green Tees,F,72,61.8,87.4,109,30.7,31.1,30.7,106,31.1,111,43.2,44.2,30.7 / 106,31.1 / 111
298,NC,Gold Tees,M,71,73.1,98.8,139,36.9,36.2,36.9,137,36.2,140,49.6,49.2,36.9 / 137,36.2 / 140
298,NC,Blue Tees,M,71,70.8,95.8,135,35.8,35.0,35.8,132,35.0,137,48.1,47.7,35.8 / 132,35.0 / 137
298,NC,Member Hybrid,M,71,69.5,94.1,133,35.0,34.5,35.0,130,34.5,135,47.1,47.0,35.0 / 130,34.5 / 135
298,NC,White Tees,M,71,68.1,92.1,129,34.4,33.7,34.4,127,33.7,131,46.2,45.9,34.4 / 127,33.7 / 131
298,NC,White/Green Hybrid,M,71,66.9,89.7,123,33.9,33.0,33.9,122,33.0,124,45.2,44.5,33.9 / 122,33.0 / 124
298,NC,Green Tees,M,71,66.0,87.6,116,33.6,32.4,33.6,115,32.4,117,44.3,43.3,33.6 / 115,32.4 / 117
298,NC,Red Tees,M,71,63.3,83.9,111,32.1,31.2,32.1,109,31.2,113,42.2,41.7,32.1 / 109,31.2 / 113
298,NC,Blue Tees,F,71,77.1,110.9,143,39.0,38.1,39.0,144,38.1,142,56.0,54.9,39.0 / 144,38.1 / 142
298,NC,Member Hybrid,F,71,75.5,108.7,141,38.1,37.4,38.1,142,37.4,140,54.8,53.9,38.1 / 142,37.4 / 140
298,NC,White Tees,F,71,74.2,106.7,138,37.6,36.6,37.6,139,36.6,137,54.0,52.7,37.6 / 139,36.6 / 137
298,NC,Green Tees,F,71,71.0,101.6,130,36.3,34.7,36.3,131,34.7,129,51.7,49.9,36.3 / 131,34.7 / 129
298,NC,Red Tees,F,71,67.5,95.6,120,34.3,33.2,34.3,120,33.2,119,48.4,47.2,34.3 / 120,33.2 / 119
298,NC,Senior Ladies,F,71,64.6,91.3,114,33.0,31.6,33.0,114,31.6,113,46.4,44.9,33.0 / 114,31.6 / 113
335,NC,Black Tees,M,71,71.2,96.6,137,36.4,34.8,36.4,142,34.8,131,49.6,47.0,36.4 / 142,34.8 / 131
335,NC,White Tees,M,71,69.3,93.4,130,35.0,34.3,35.0,132,34.3,127,47.3,46.1,35.0 / 132,34.3 / 127
335,NC,Silver Hybrid,M,71,67.9,90.7,123,34.2,33.7,34.2,125,33.7,121,45.8,44.9,34.2 / 125,33.7 / 121
335,NC,Gold Tees,M,71,66.9,88.2,115,33.8,33.1,33.8,113,33.1,116,44.3,43.9,33.8 / 113,33.1 / 116
335,NC,Red Tees,M,71,63.1,82.7,106,31.9,31.2,31.9,107,31.2,104,41.8,40.9,31.9 / 107,31.2 / 104
335,NC,Yellow Tees,M,68,59.1,76.9,96,29.8,29.3,29.8,95,29.3,97,38.6,38.3,29.8 / 95,29.3 / 97
335,NC,Gray Tees,M,63,57.2,73.8,89,28.7,28.5,28.7,88,28.5,90,36.9,36.9,28.7 / 88,28.5 / 90
335,NC,Gold Tees,F,71,71.7,102.6,131,36.0,35.7,36.0,131,35.7,131,51.5,51.1,36.0 / 131,35.7 / 131
335,NC,Red Tees,F,71,67.2,93.7,113,34.1,33.1,34.1,119,33.1,106,48.1,45.6,34.1 / 119,33.1 / 106
335,NC,Yellow Tees,F,71,60.2,83.0,97,30.2,30.0,30.2,98,30.0,95,41.8,41.2,30.2 / 98,30.0 / 95
335,NC,Gray Tees,F,69,58.1,79.2,90,29.2,28.9,29.2,91,28.9,88,39.9,39.3,29.2 / 91,28.9 / 88
334,NC,Black Tees,M,72,72.5,97.9,137,36.1,36.4,36.1,131,36.4,142,48.3,49.6,36.1 / 131,36.4 / 142
334,NC,White Tees,M,72,70.4,94.4,129,35.4,35.0,35.4,126,35.0,132,47.1,47.3,35.4 / 126,35.0 / 132
334,NC,Silver Hybrid,M,72,68.4,91.3,124,34.2,34.2,34.2,122,34.2,125,45.5,45.8,34.2 / 122,34.2 / 125
334,NC,Gold Tees,M,72,67.8,89.0,114,34.0,33.8,34.0,115,33.8,113,44.7,44.3,34.0 / 115,33.8 / 113
334,NC,Red Tees,M,72,63.6,83.0,105,31.7,31.9,31.7,102,31.9,107,41.2,41.8,31.7 / 102,31.9 / 107
334,NC,Yellow Tees,M,70,60.1,78.0,97,30.3,29.8,30.3,98,29.8,95,39.4,38.6,30.3 / 98,29.8 / 95
334,NC,Gray Tees,M,63,57.4,73.4,86,28.7,28.7,28.7,84,28.7,88,36.5,36.9,28.7 / 84,28.7 / 88
334,NC,Gold Tees,F,72,72.7,103.4,130,36.7,36.0,36.7,129,36.0,131,51.9,51.5,36.7 / 129,36.0 / 131
334,NC,Red Tees,F,72,68.0,95.5,117,33.9,34.1,33.9,114,34.1,119,47.4,48.1,33.9 / 114,34.1 / 119
334,NC,Yellow Tees,F,72,61.4,84.7,99,31.2,30.2,31.2,99,30.2,98,42.9,41.8,31.2 / 99,30.2 / 98
334,NC,Gray Tees,F,70,58.1,79.3,90,28.9,29.2,28.9,89,29.2,91,39.4,39.9,28.9 / 89,29.2 / 91
333,NC,Black Tees,M,71,70.9,95.3,131,34.8,36.1,34.8,131,36.1,131,47.0,48.3,34.8 / 131,36.1 / 131
333,NC,White Tees,M,71,69.7,93.2,127,34.3,35.4,34.3,127,35.4,126,46.1,47.1,34.3 / 127,35.4 / 126
333,NC,Silver Hybrid,M,71,67.9,90.4,122,33.7,34.2,33.7,121,34.2,122,44.9,45.5,33.7 / 121,34.2 / 122
333,NC,Gold Tees,M,71,67.1,88.6,116,33.1,34.0,33.1,116,34.0,115,43.9,44.7,33.1 / 116,34.0 / 115
333,NC,Red Tees,M,71,62.9,82.1,103,31.2,31.7,31.2,104,31.7,102,40.9,41.2,31.2 / 104,31.7 / 102
333,NC,Yellow Tees,M,70,59.6,77.7,98,29.3,30.3,29.3,97,30.3,98,38.3,39.4,29.3 / 97,30.3 / 98
333,NC,Gray Tees,M,64,57.2,73.4,87,28.5,28.7,28.5,90,28.7,84,36.9,36.5,28.5 / 90,28.7 / 84
333,NC,Gold Tees,F,71,72.4,103.0,130,35.7,36.7,35.7,131,36.7,129,51.1,51.9,35.7 / 131,36.7 / 129
333,NC,Red Tees,F,71,67.0,93.0,110,33.1,33.9,33.1,106,33.9,114,45.6,47.4,33.1 / 106,33.9 / 114
333,NC,Yellow Tees,F,71,61.2,84.1,97,30.0,31.2,30.0,95,31.2,99,41.2,42.9,30.0 / 95,31.2 / 99
333,NC,Gray Tees,F,71,57.8,78.7,89,28.9,28.9,28.9,88,28.9,89,39.3,39.4,28.9 / 88,28.9 / 89
194,NC,Blue Tees,M,72,69.0,91.7,123,34.0,35.0,34.0,122,35.0,123,45.3,46.4,34.0 / 122,35.0 / 123
194,NC,White Tees,M,72,67.6,89.1,116,33.5,34.1,33.5,113,34.1,118,44.0,45.1,33.5 / 113,34.1 / 118
194,NC,Gold Tees,M,72,64.9,84.5,106,32.2,32.7,32.2,103,32.7,108,41.8,42.7,32.2 / 103,32.7 / 108
194,NC,White Tees,F,72,72.6,102.6,127,35.8,36.8,35.8,126,36.8,128,50.7,51.9,35.8 / 126,36.8 / 128
194,NC,Gold Tees,F,72,69.7,97.7,119,34.5,35.2,34.5,119,35.2,119,48.5,49.2,34.5 / 119,35.2 / 119
194,NC,Red Tees,F,72,64.6,89.6,106,32.0,32.6,32.0,99,32.6,113,43.7,45.9,32.0 / 99,32.6 / 113
65,NC,Blue Tees,M,71,70.7,94.7,130,34.3,36.4,34.3,123,36.4,137,45.6,49.1,34.3 / 123,36.4 / 137
65,NC,White Tees,M,71,69.0,91.6,122,33.8,35.2,33.8,116,35.2,128,44.5,47.1,33.8 / 116,35.2 / 128
65,NC,Gold Tees,M,71,65.7,85.5,107,32.8,32.9,32.8,109,32.9,104,42.9,42.6,32.8 / 109,32.9 / 104
65,NC,Red Tees,M,71,64.4,83.7,104,32.3,32.1,32.3,105,32.1,102,42.1,41.6,32.3 / 105,32.1 / 102
65,NC,White Tees,F,71,74.8,106.5,134,36.4,38.4,36.4,126,38.4,142,51.3,55.2,36.4 / 126,38.4 / 142
65,NC,Gold Tees,F,71,70.3,98.3,119,35.1,35.2,35.1,117,35.2,120,48.9,49.4,35.1 / 117,35.2 / 120
65,NC,Red Tees,F,71,69.1,96.4,116,34.7,34.4,34.7,114,34.4,118,48.1,48.3,34.7 / 114,34.4 / 118
255,NC,Blue Tees,M,71,71.8,97.1,136,35.3,36.5,35.3,129,36.5,143,47.3,49.8,35.3 / 129,36.5 / 143
255,NC,Green Tees,M,71,69.7,94.0,131,34.1,35.6,34.1,125,35.6,137,45.7,48.3,34.1 / 125,35.6 / 137
255,NC,White Tees,M,71,68.1,91.0,123,33.0,35.1,33.0,117,35.1,129,43.9,47.1,33.0 / 117,35.1 / 129
255,NC,Gold Tees,M,71,66.0,87.3,115,32.2,33.8,32.2,108,33.8,122,42.2,45.1,32.2 / 108,33.8 / 122
255,NC,Red Tees,M,71,64.9,85.1,109,32.1,32.8,32.1,101,32.8,116,41.5,43.6,32.1 / 101,32.8 / 116
255,NC,Green Tees,F,71,75.8,108.2,138,37.1,38.7,37.1,130,38.7,145,52.4,55.8,37.1 / 130,38.7 / 145
255,NC,White Tees,F,71,73.6,104.8,133,35.7,37.9,35.7,123,37.9,142,50.2,54.6,35.7 / 123,37.9 / 142
255,NC,Gold Tees,F,71,70.4,99.7,125,34.2,36.2,34.2,119,36.2,130,48.2,51.5,34.2 / 119,36.2 / 130
255,NC,Red Tees,F,71,68.5,96.6,119,33.4,35.1,33.4,114,35.1,124,46.9,49.7,33.4 / 114,35.1 / 124
20747,NC,Blue Tees,M,72,72.2,96.0,128,35.8,36.4,35.8,130,36.4,126,47.9,48.1,35.8 / 130,36.4 / 126
20747,NC,White Tees,M,72,70.2,92.9,122,34.9,35.3,34.9,126,35.3,118,46.6,46.3,34.9 / 126,35.3 / 118
20747,NC,Gold Tees,M,72,66.1,87.7,116,32.9,33.2,32.9,119,33.2,113,44.0,43.7,32.9 / 119,33.2 / 113
20747,NC,Red Tees,M,72,64.1,84.9,112,32.2,31.9,32.2,116,31.9,108,43.0,41.9,32.2 / 116,31.9 / 108
20747,NC,White Tees,F,72,75.7,106.2,130,37.8,37.9,37.8,131,37.9,128,53.2,53.0,37.8 / 131,37.9 / 128
20747,NC,Gold Tees,F,72,71.3,99.6,120,35.6,35.7,35.6,119,35.7,121,49.6,50.0,35.6 / 119,35.7 / 121
20747,NC,Red Tees,F,72,69.0,96.4,116,34.8,34.2,34.8,117,34.2,115,48.6,47.8,34.8 / 117,34.2 / 115
20747,NC,Orange Tees,F,72,65.8,91.9,111,33.0,32.8,33.0,109,32.8,112,45.9,46.0,33.0 / 109,32.8 / 112
283,NC,Blue Tees,M,72,70.8,93.5,123,35.6,35.2,35.6,120,35.2,125,46.7,46.8,35.6 / 120,35.2 / 125
283,NC,White Tees,M,72,68.8,90.7,118,34.4,34.4,34.4,117,34.4,119,45.3,45.4,34.4 / 117,34.4 / 119
283,NC,Gold Tees,M,71,65.9,85.3,105,33.0,32.9,33.0,109,32.9,100,43.1,42.2,33.0 / 109,32.9 / 100
283,NC,White Tees,F,72,74.7,104.7,127,37.4,37.3,37.4,122,37.3,132,51.7,53.0,37.4 / 122,37.3 / 132
283,NC,Gold Tees,F,72,70.8,99.7,123,35.8,35.0,35.8,119,35.0,126,49.8,49.9,35.8 / 119,35.0 / 126
283,NC,Red Tees,F,72,68.5,94.8,112,34.3,34.2,34.3,117,34.2,106,48.1,46.7,34.3 / 117,34.2 / 106
268,NC,Black Tees,M,71,69.7,92.6,124,35.5,34.2,35.5,123,34.2,124,46.9,45.7,35.5 / 123,34.2 / 124
268,NC,Gold Tees,M,71,68.5,90.8,120,34.7,33.8,34.7,122,33.8,118,46.0,44.8,34.7 / 122,33.8 / 118
268,NC,White Tees,M,71,66.9,88.6,117,33.6,33.3,33.6,119,33.3,114,44.7,43.9,33.6 / 119,33.3 / 114
268,NC,Red Tees,M,71,64.2,82.8,100,32.0,32.2,32.0,101,32.2,99,41.4,41.4,32.0 / 101,32.2 / 99
268,NC,White Tees,F,71,72.0,102.1,128,36.3,35.7,36.3,129,35.7,126,51.5,50.6,36.3 / 129,35.7 / 126
268,NC,Red Tees,F,71,68.3,95.3,114,34.2,34.1,34.2,114,34.1,114,47.7,47.6,34.2 / 114,34.1 / 114
453,NC,Blue Tees,M,72,72.5,97.3,134,36.3,36.2,36.3,135,36.2,132,48.8,48.5,36.3 / 135,36.2 / 132
453,NC,Blue/White Hybrid,M,72,71.6,95.7,130,36.0,35.6,36.0,131,35.6,130,48.2,47.5,36.0 / 131,35.6 / 130
453,NC,White Tees,M,72,70.4,94.3,129,35.3,35.1,35.3,130,35.1,127,47.4,46.9,35.3 / 130,35.1 / 127
453,NC,White/Gold Hybrid,M,72,68.9,91.8,124,34.8,34.1,34.8,126,34.1,121,46.5,45.3,34.8 / 126,34.1 / 121
453,NC,Gold Tees,M,72,67.5,89.0,116,34.0,33.5,34.0,116,33.5,115,44.8,44.2,34.0 / 116,33.5 / 115
453,NC,Gold/Red Hybrid,M,72,64.9,85.7,112,33.0,31.9,33.0,114,31.9,110,43.6,42.1,33.0 / 114,31.9 / 110
453,NC,Red Tees,M,72,63.0,82.8,107,31.8,31.2,31.8,104,31.2,109,41.5,41.3,31.8 / 104,31.2 / 109
453,NC,Teal Tees,M,68,59.9,78.4,100,30.1,29.8,30.1,98,29.8,101,39.2,39.2,30.1 / 98,29.8 / 101
453,NC,Gold Tees,F,72,72.8,103.8,132,36.6,36.2,36.6,130,36.2,133,51.9,51.9,36.6 / 130,36.2 / 133
453,NC,Gold/Red Hybrid,F,72,70.0,98.7,122,35.7,34.3,35.7,121,34.3,122,50.0,48.7,35.7 / 121,34.3 / 122
453,NC,Red Tees,F,72,67.4,93.7,112,34.0,33.4,34.0,109,33.4,114,46.9,46.8,34.0 / 109,33.4 / 114
453,NC,Teal Tees,F,72,62.0,85.2,99,31.1,30.9,31.1,98,30.9,99,42.6,42.6,31.1 / 98,30.9 / 99
452,NC,Blue Tees,M,72,72.7,97.5,133,36.8,35.9,36.8,133,35.9,133,49.2,48.3,36.8 / 133,35.9 / 133
452,NC,Blue/White Hybrid,M,72,71.5,95.3,128,36.2,35.3,36.2,129,35.3,127,48.2,47.1,36.2 / 129,35.3 / 127
452,NC,White Tees,M,72,70.4,93.6,125,35.6,34.8,35.6,124,34.8,126,47.1,46.5,35.6 / 124,34.8 / 126
452,NC,White/Gold Hybrid,M,72,68.8,91.1,120,34.3,34.5,34.3,118,34.5,122,45.3,45.8,34.3 / 118,34.5 / 122
452,NC,Gold Tees,M,72,67.4,89.1,117,33.3,34.1,33.3,114,34.1,119,43.9,45.2,33.3 / 114,34.1 / 119
452,NC,Gold/Red Hybrid,M,72,65.4,86.3,113,32.4,33.0,32.4,110,33.0,115,42.6,43.7,32.4 / 110,33.0 / 115
452,NC,Red Tees,M,72,63.8,84.0,109,31.5,32.3,31.5,107,32.3,111,41.4,42.6,31.5 / 107,32.3 / 111
452,NC,Teal Tees,M,68,58.1,76.0,97,29.0,29.1,29.0,95,29.1,98,37.8,38.2,29.0 / 95,29.1 / 98
452,NC,Gold Tees,F,72,73.1,103.6,130,36.3,36.8,36.3,126,36.8,133,51.1,52.5,36.3 / 126,36.8 / 133
452,NC,Gold/Red Hybrid,F,72,70.6,100.3,126,35.0,35.6,35.0,125,35.6,127,49.7,50.6,35.0 / 125,35.6 / 127
452,NC,Red Tees,F,72,68.3,96.7,121,33.6,34.7,33.6,120,34.7,121,47.7,49.0,33.6 / 120,34.7 / 121
452,NC,Teal Tees,F,72,60.8,84.2,100,30.3,30.5,30.3,100,30.5,99,42.1,42.1,30.3 / 100,30.5 / 99
430,NC,Blue Tees,M,72,70.7,95.4,133,35.5,35.2,35.5,133,35.2,132,47.9,47.5,35.5 / 133,35.2 / 132
430,NC,Blue/White Hybrid,M,72,69.4,93.3,129,34.7,34.7,34.7,127,34.7,130,46.5,46.8,34.7 / 127,34.7 / 130
430,NC,White Tees,M,72,68.6,91.0,121,34.4,34.2,34.4,119,34.2,122,45.5,45.5,34.4 / 119,34.2 / 122
430,NC,White/Gold Hybrid,M,72,67.3,89.0,117,33.7,33.6,33.7,114,33.6,119,44.3,44.7,33.7 / 114,33.6 / 119
430,NC,Gold Tees,M,72,66.7,87.6,113,33.3,33.4,33.3,111,33.4,114,43.6,44.0,33.3 / 111,33.4 / 114
430,NC,Gold/Red Hybrid,M,72,65.2,85.4,109,32.9,32.3,32.9,108,32.3,110,42.9,42.5,32.9 / 108,32.3 / 110
430,NC,Red Tees,M,72,63.7,83.6,108,32.3,31.4,32.3,107,31.4,108,42.2,41.4,32.3 / 107,31.4 / 108
430,NC,Teal Tees,M,66,59.3,77.0,96,30.1,29.2,30.1,96,29.2,95,39.0,38.0,30.1 / 96,29.2 / 95
430,NC,White Tees,F,72,74.4,106.2,135,37.4,37.0,37.4,137,37.0,133,53.5,52.7,37.4 / 137,37.0 / 133
430,NC,White/Gold Hybrid,F,72,73.2,104.4,133,36.7,36.5,36.7,134,36.5,131,52.5,51.9,36.7 / 134,36.5 / 131
430,NC,Gold Tees,F,72,72.2,102.9,130,36.0,36.2,36.0,131,36.2,129,51.5,51.4,36.0 / 131,36.2 / 129
430,NC,Gold/Red Hybrid,F,72,70.0,99.0,123,35.3,34.7,35.3,127,34.7,119,50.3,48.7,35.3 / 127,34.7 / 119
430,NC,Red Tees,F,72,68.5,95.6,116,34.7,33.8,34.7,121,33.8,110,49.0,46.6,34.7 / 121,33.8 / 110
430,NC,Teal Tees,F,72,61.5,85.0,100,31.1,30.4,31.1,103,30.4,96,43.3,41.7,31.1 / 103,30.4 / 96
99,NC,Gold Tees,M,71,75.0,101.1,141,36.7,38.3,36.7,135,38.3,146,49.2,51.9,36.7 / 135,38.3 / 146
99,NC,Black Tees,M,71,72.7,97.5,134,36.0,36.7,36.0,128,36.7,139,47.9,49.6,36.0 / 128,36.7 / 139
99,NC,White Tees,M,71,71.4,95.7,131,35.5,35.9,35.5,125,35.9,137,47.1,48.6,35.5 / 125,35.9 / 137
99,NC,Blue Tees,M,71,69.3,92.6,126,34.5,34.8,34.5,124,34.8,127,46.0,46.6,34.5 / 124,34.8 / 127
99,NC,Blue/Red Hybrid,M,71,67.8,90.6,123,33.7,34.1,33.7,122,34.1,124,45.0,45.6,33.7 / 122,34.1 / 124
99,NC,Red Tees,M,71,66.8,89.3,121,32.9,33.9,32.9,119,33.9,123,44.0,45.3,32.9 / 119,33.9 / 123
99,NC,White Tees,F,74,77.7,112.1,146,38.6,39.1,38.6,144,39.1,148,55.6,56.5,38.6 / 144,39.1 / 148
99,NC,Blue Tees,F,74,75.3,108.5,141,37.5,37.8,37.5,140,37.8,142,54.0,54.5,37.5 / 140,37.8 / 142
99,NC,Blue/Red Hybrid,F,74,73.4,104.7,133,36.6,36.8,36.6,128,36.8,137,51.7,53.0,36.6 / 128,36.8 / 137
99,NC,Red Tees,F,74,72.1,102.2,128,35.5,36.6,35.5,122,36.6,133,49.9,52.3,35.5 / 122,36.6 / 133
53,NC,Black Tees,M,72,71.3,97.8,143,35.1,36.2,35.1,137,36.2,149,47.8,50.0,35.1 / 137,36.2 / 149
53,NC,Black/Gold Hybrid,M,72,70.3,96.6,142,34.5,35.8,34.5,136,35.8,147,47.1,49.5,34.5 / 136,35.8 / 147
53,NC,Gold Tees,M,72,69.7,95.7,140,34.2,35.5,34.2,135,35.5,145,46.7,49.0,34.2 / 135,35.5 / 145
53,NC,Silver Tees,M,72,67.5,91.5,130,33.3,34.2,33.3,121,34.2,138,44.5,47.0,33.3 / 121,34.2 / 138
53,NC,Silver/Bronze Hybrid,M,72,66.1,89.1,124,32.9,33.2,32.9,117,33.2,130,43.8,45.3,32.9 / 117,33.2 / 130
53,NC,Bronze Tees,M,72,65.4,87.2,118,32.4,33.0,32.4,112,33.0,123,42.8,44.4,32.4 / 112,33.0 / 123
53,NC,Jade Tees,M,72,63.8,84.5,112,31.8,32.0,31.8,108,32.0,115,41.8,42.7,31.8 / 108,32.0 / 115
53,NC,Silver Tees,F,72,72.4,105.4,140,35.2,37.2,35.2,136,37.2,144,51.2,54.2,35.2 / 136,37.2 / 144
53,NC,Silver/Bronze Hybrid,F,72,70.7,102.8,137,34.6,36.1,34.6,131,36.1,142,50.0,52.8,34.6 / 131,36.1 / 142
53,NC,Bronze Tees,F,72,69.5,100.8,133,34.3,35.2,34.3,123,35.2,142,48.8,52.0,34.3 / 123,35.2 / 142
53,NC,Jade Tees,F,72,67.0,96.6,126,33.1,33.9,33.1,120,33.9,131,47.2,49.4,33.1 / 120,33.9 / 131
220,NC,Black Tees,M,72,74.1,100.9,144,37.1,37.0,37.1,145,37.0,143,50.6,50.3,37.1 / 145,37.0 / 143
220,NC,Blue Tees,M,72,72.6,98.6,140,36.7,35.9,36.7,143,35.9,137,50.0,48.6,36.7 / 143,35.9 / 137
220,NC,White Tees,M,72,70.3,95.4,135,35.2,35.1,35.2,139,35.1,131,48.1,47.3,35.2 / 139,35.1 / 131
220,NC,White/Gold Hybrid,M,72,68.3,92.5,130,33.8,34.5,33.8,131,34.5,129,46.0,46.5,33.8 / 131,34.5 / 129
220,NC,Gold Tees,M,72,66.4,89.2,123,33.2,33.2,33.2,128,33.2,117,45.1,44.1,33.2 / 128,33.2 / 117
220,NC,Red Tees,M,72,64.8,87.0,120,32.3,32.5,32.3,124,32.5,115,43.8,43.2,32.3 / 124,32.5 / 115
220,NC,Green Tees,M,70,62.5,83.5,113,31.0,31.5,31.0,116,31.5,110,41.8,41.7,31.0 / 116,31.5 / 110
220,NC,White Tees,F,72,76.4,109.8,142,38.6,37.8,38.6,142,37.8,142,55.3,54.5,38.6 / 142,37.8 / 142
220,NC,Gold Tees,F,72,72.1,102.0,127,36.4,35.7,36.4,128,35.7,126,51.5,50.5,36.4 / 128,35.7 / 126
220,NC,Red Tees,F,72,70.2,99.4,124,35.2,35.0,35.2,124,35.0,124,49.8,49.6,35.2 / 124,35.0 / 124
220,NC,Red/Green Hybrid,F,72,68.5,96.4,119,34.2,34.3,34.2,120,34.3,117,48.3,48.1,34.2 / 120,34.3 / 117
220,NC,Green Tees,F,72,65.4,93.0,117,32.8,32.6,32.8,119,32.6,115,46.8,46.2,32.8 / 119,32.6 / 115
34326,NC,Blue Tees,M,56,56.4,73.1,90,28.6,27.8,28.6,90,27.8,89,37.0,36.1,28.6 / 90,27.8 / 89
34326,NC,Average Tees,M,54,53.0,67.7,79,26.6,26.4,26.6,77,26.4,81,33.8,33.9,26.6 / 77,26.4 / 81
34326,NC,Red Tees,M,54,52.2,66.2,75,26.1,26.1,26.1,74,26.1,76,33.0,33.2,26.1 / 74,26.1 / 76
34326,NC,Average Tees,F,54,55.7,75.8,85,27.9,27.8,27.9,83,27.8,87,37.7,38.1,27.9 / 83,27.8 / 87
34326,NC,Red Tees,F,54,54.6,73.9,82,27.3,27.3,27.3,81,27.3,83,36.8,37.1,27.3 / 81,27.3 / 83
144,NC,Blue Tees,M,72,72.5,98.4,140,36.2,36.3,36.2,136,36.3,143,48.8,49.6,36.2 / 136,36.3 / 143
144,NC,White Tees,M,72,69.6,93.9,131,34.7,34.9,34.7,130,34.9,131,46.8,47.1,34.7 / 130,34.9 / 131
144,NC,Gold Tees,M,72,64.8,86.5,117,32.4,32.4,32.4,119,32.4,114,43.5,43.0,32.4 / 119,32.4 / 114
144,NC,Red Tees,M,72,64.1,85.6,116,32.0,32.1,32.0,118,32.1,113,43.0,42.6,32.0 / 118,32.1 / 113
144,NC,White Tees,F,72,75.0,108.3,141,37.5,37.5,37.5,140,37.5,142,54.0,54.3,37.5 / 140,37.5 / 142
144,NC,Gold Tees,F,72,69.7,99.7,127,34.9,34.8,34.9,128,34.8,126,50.0,49.7,34.9 / 128,34.8 / 126
144,NC,Red Tees,F,72,68.9,98.1,124,34.4,34.5,34.4,125,34.5,123,49.1,49.0,34.4 / 125,34.5 / 123
408,NC,Black Tees,M,71,71.4,95.5,130,34.8,36.6,34.8,126,36.6,133,46.5,49.0,34.8 / 126,36.6 / 133
408,NC,White Tees,M,71,68.3,90.7,121,33.0,35.3,33.0,116,35.3,125,43.8,46.9,33.0 / 116,35.3 / 125
408,NC,Yellow Tees,M,71,65.3,85.4,109,31.9,33.4,31.9,109,33.4,108,42.0,43.4,31.9 / 109,33.4 / 108
408,NC,Green Tees,M,71,62.6,81.5,102,30.8,31.8,30.8,102,31.8,101,40.3,41.2,30.8 / 102,31.8 / 101
408,NC,White Tees,F,71,74.0,105.1,132,35.9,38.1,35.9,126,38.1,138,50.7,54.4,35.9 / 126,38.1 / 138
408,NC,Yellow Tees,F,71,70.2,98.4,120,34.6,35.6,34.6,113,35.6,126,47.9,50.5,34.6 / 113,35.6 / 126
408,NC,Green Tees,F,71,66.9,93.0,111,32.9,34.0,32.9,109,34.0,112,45.8,47.2,32.9 / 109,34.0 / 112
408,NC,Red Tees,F,71,66.4,92.2,110,32.8,33.6,32.8,108,33.6,111,45.5,46.7,32.8 / 108,33.6 / 111
60,NC,Blue Tees,M,72,71.1,95.1,129,35.0,36.1,35.0,127,36.1,131,46.8,48.3,35.0 / 127,36.1 / 131
60,NC,White Tees,M,72,68.2,91.0,123,33.9,34.3,33.9,119,34.3,126,45.0,46.0,33.9 / 119,34.3 / 126
60,NC,Gold Tees,M,70,64.2,84.3,109,32.1,32.1,32.1,108,32.1,109,42.1,42.2,32.1 / 108,32.1 / 109
60,NC,White Tees,F,72,73.8,104.9,132,36.5,37.3,36.5,131,37.3,133,51.9,53.0,36.5 / 131,37.3 / 133
60,NC,Gold Tees,F,72,68.6,96.3,118,34.3,34.3,34.3,119,34.3,116,48.3,48.0,34.3 / 119,34.3 / 116
60,NC,Red Tees,F,72,67.2,94.0,114,33.7,33.5,33.7,115,33.5,112,47.3,46.7,33.7 / 115,33.5 / 112
297,NC,Green Tees,M,72,73.8,99.9,141,36.7,37.1,36.7,141,37.1,140,49.8,50.1,36.7 / 141,37.1 / 140
297,NC,Blue Tees,M,72,71.4,96.3,134,35.5,35.9,35.5,133,35.9,135,47.9,48.4,35.5 / 133,35.9 / 135
297,NC,White Tees,M,72,69.4,93.0,127,34.4,35.0,34.4,129,35.0,125,46.4,46.6,34.4 / 129,35.0 / 125
297,NC,Gold Tees,M,72,66.9,88.6,117,33.3,33.6,33.3,118,33.6,115,44.3,44.3,33.3 / 118,33.6 / 115
297,NC,Red Tees,M,72,64.0,84.4,110,31.8,32.2,31.8,111,32.2,109,42.1,42.3,31.8 / 111,32.2 / 109
297,NC,Tiffany Blue,M,70,62.2,81.9,106,30.8,31.4,30.8,107,31.4,105,40.7,41.2,30.8 / 107,31.4 / 105
297,NC,White Tees,F,72,74.8,106.0,132,37.3,37.5,37.3,133,37.5,131,53.0,53.0,37.3 / 133,37.5 / 131
297,NC,Gold Tees,F,72,71.6,101.7,128,35.8,35.8,35.8,131,35.8,125,51.2,50.5,35.8 / 131,35.8 / 125
297,NC,Red Tees,F,72,67.9,95.0,115,33.6,34.3,33.6,116,34.3,114,47.3,47.7,33.6 / 116,34.3 / 114
297,NC,Tiffany Blue,F,72,65.6,91.4,109,32.1,33.5,32.1,109,33.5,109,45.0,46.4,32.1 / 109,33.5 / 109
320,NC,Black Tees,M,72,73.9,99.6,139,36.8,37.1,36.8,137,37.1,140,49.5,50.1,36.8 / 137,37.1 / 140
320,NC,Black/Blue Hybrid,M,72,73.0,98.4,137,36.5,36.5,36.5,135,36.5,139,49.0,49.4,36.5 / 135,36.5 / 139
320,NC,Blue Tees,M,72,72.0,97.2,136,35.8,36.2,35.8,133,36.2,138,48.2,49.0,35.8 / 133,36.2 / 138
320,NC,White Tees,M,72,69.8,94.1,131,34.8,35.0,34.8,127,35.0,135,46.6,47.5,34.8 / 127,35.0 / 135
320,NC,Green Tees,M,72,68.1,91.4,126,33.6,34.5,33.6,123,34.5,128,45.0,46.4,33.6 / 123,34.5 / 128
320,NC,Red Tees,M,72,66.4,87.9,116,32.8,33.6,32.8,114,33.6,117,43.4,44.5,32.8 / 114,33.6 / 117
320,NC,White Tees,F,72,75.8,108.7,140,37.7,38.1,37.7,137,38.1,142,53.9,54.8,37.7 / 137,38.1 / 142
320,NC,Green Tees,F,72,73.7,105.6,135,36.4,37.3,36.4,131,37.3,139,51.9,53.7,36.4 / 131,37.3 / 139
320,NC,Red Tees,F,72,71.8,101.2,125,35.6,36.2,35.6,120,36.2,129,49.8,51.4,35.6 / 120,36.2 / 129
399,NC,Blue Tees,M,72,72.6,98.1,138,36.5,36.1,36.5,139,36.1,136,49.4,48.7,36.5 / 139,36.1 / 136
399,NC,White Tees,M,72,70.1,94.2,130,35.0,35.1,35.0,130,35.1,129,47.1,47.1,35.0 / 130,35.1 / 129
399,NC,Green Tees,M,72,67.8,90.4,122,34.0,33.8,34.0,122,33.8,122,45.3,45.1,34.0 / 122,33.8 / 122
399,NC,Gold Tees,M,72,64.6,86.0,115,32.4,32.2,32.4,115,32.2,115,43.1,42.9,32.4 / 115,32.2 / 115
399,NC,Red Tees,M,72,63.4,83.6,109,31.7,31.7,31.7,108,31.7,110,41.7,41.9,31.7 / 108,31.7 / 110
399,NC,Silver Tees,M,70,61.0,80.5,105,30.6,30.4,30.6,105,30.4,104,40.4,40.1,30.6 / 105,30.4 / 104
399,NC,Green Tees,F,72,72.6,104.6,136,36.0,36.6,36.0,138,36.6,133,52.3,52.3,36.0 / 138,36.6 / 133
399,NC,Gold Tees,F,72,69.4,98.5,124,35.0,34.4,35.0,125,34.4,122,49.7,48.8,35.0 / 125,34.4 / 122
399,NC,Red Tees,F,72,67.5,95.0,117,34.2,33.3,34.2,119,33.3,114,48.2,46.8,34.2 / 119,33.3 / 114
399,NC,Pink Hybrid,F,72,65.1,91.6,113,33.3,31.8,33.3,114,31.8,111,46.7,44.9,33.3 / 114,31.8 / 111
399,NC,Silver Tees,F,72,63.5,89.2,109,32.4,31.1,32.4,110,31.1,108,45.4,43.8,32.4 / 110,31.1 / 108
412,NC,Blue Tees,M,72,72.1,96.3,130,36.2,35.9,36.2,132,35.9,128,48.5,47.8,36.2 / 132,35.9 / 128
412,NC,White Tees,M,72,70.2,93.6,126,35.4,34.8,35.4,127,34.8,125,47.2,46.4,35.4 / 127,34.8 / 125
412,NC,Gold Tees,M,72,68.4,90.4,119,34.6,33.8,34.6,116,33.8,121,45.4,45.0,34.6 / 116,33.8 / 121
412,NC,Red Tees,M,71,64.9,85.0,108,32.7,32.2,32.7,104,32.2,112,42.4,42.6,32.7 / 104,32.2 / 112
412,NC,Gold Tees,F,73,74.0,104.9,131,37.2,36.8,37.2,135,36.8,127,53.1,51.8,37.2 / 135,36.8 / 127
412,NC,Red Tees,F,72,69.9,98.3,121,35.1,34.8,35.1,120,34.8,121,49.2,49.1,35.1 / 120,34.8 / 121
208,NC,Blue Tees,M,72,70.1,94.1,129,34.9,35.2,34.9,128,35.2,130,46.8,47.3,34.9 / 128,35.2 / 130
208,NC,White Tees,M,72,68.3,91.9,127,34.1,34.2,34.1,126,34.2,128,45.8,46.1,34.1 / 126,34.2 / 128
208,NC,Gold Tees,M,72,65.3,86.0,112,32.8,32.5,32.8,111,32.5,112,43.1,42.9,32.8 / 111,32.5 / 112
208,NC,Super Senior Tees,M,70,62.7,81.5,101,31.8,30.9,31.8,100,30.9,102,41.1,40.4,31.8 / 100,30.9 / 102
208,NC,Black Tees,M,68,58.9,76.8,97,29.7,29.2,29.7,97,29.2,96,38.7,38.1,29.7 / 97,29.2 / 96
208,NC,White Tees,F,72,74.4,105.7,133,37.1,37.3,37.1,132,37.3,133,52.7,53.0,37.1 / 132,37.3 / 133
208,NC,Gold Tees,F,72,69.4,98.9,125,34.4,35.0,34.4,127,35.0,123,49.4,49.5,34.4 / 127,35.0 / 123
208,NC,Red Tees,F,70,65.0,91.4,112,32.7,32.3,32.7,114,32.3,109,46.2,45.2,32.7 / 114,32.3 / 109
208,NC,Black Tees,F,68,60.4,84.6,103,30.3,30.1,30.3,105,30.1,100,42.7,41.9,30.3 / 105,30.1 / 100
138,NC,Blue Tees,M,71,72.5,98.9,142,36.3,36.2,36.3,142,36.2,142,49.5,49.4,36.3 / 142,36.2 / 142
138,NC,White Tees,M,71,70.3,95.4,135,35.1,35.2,35.1,138,35.2,132,47.9,47.5,35.1 / 138,35.2 / 132
138,NC,Gold Tees,M,71,67.9,91.9,129,33.8,34.1,33.8,129,34.1,129,45.8,46.1,33.8 / 129,34.1 / 129
138,NC,Red Tees,M,71,65.1,87.3,119,32.8,32.3,32.8,119,32.3,119,43.9,43.4,32.8 / 119,32.3 / 119
138,NC,Baby Blue Tees,M,71,60.7,81.4,112,30.3,30.4,30.3,111,30.4,112,40.6,40.8,30.3 / 111,30.4 / 112
138,NC,White Tees,F,73,76.4,109.5,140,37.9,38.5,37.9,138,38.5,142,54.2,55.3,37.9 / 138,38.5 / 142
138,NC,Gold Tees,F,73,73.6,105.4,135,36.4,37.2,36.4,132,37.2,137,52.0,53.4,36.4 / 132,37.2 / 137
138,NC,Red Tees,F,73,70.1,100.6,130,35.4,34.7,35.4,131,34.7,128,50.8,49.8,35.4 / 131,34.7 / 128
138,NC,Red/Baby Blue Hybrid,F,73,66.9,95.7,122,32.8,34.1,32.8,122,34.1,122,47.2,48.5,32.8 / 122,34.1 / 122
138,NC,Baby Blue Tees,F,73,63.6,89.5,110,31.5,32.1,31.5,112,32.1,108,44.7,44.8,31.5 / 112,32.1 / 108
130,NC,Blue Tees,M,71,69.8,92.4,122,35.2,34.6,35.2,125,34.6,118,46.8,45.6,35.2 / 125,34.6 / 118
130,NC,White Tees,M,71,68.4,90.6,120,34.6,33.8,34.6,124,33.8,115,46.1,44.5,34.6 / 124,33.8 / 115
130,NC,Gold Tees,M,71,65.9,86.2,109,33.5,32.4,33.5,115,32.4,103,44.2,42.0,33.5 / 115,32.4 / 103
130,NC,Red Tees,M,70,63.9,83.4,105,32.3,31.6,32.3,110,31.6,100,42.5,40.9,32.3 / 110,31.6 / 100
130,NC,Family Tees,M,67,59.7,77.6,97,30.1,29.6,30.1,99,29.6,94,39.3,38.3,30.1 / 99,29.6 / 94
130,NC,White Tees,F,71,74.7,104.2,125,37.8,36.9,37.8,129,36.9,121,53.0,51.2,37.8 / 129,36.9 / 121
130,NC,Gold Tees,F,71,71.0,99.4,121,36.3,34.7,36.3,123,34.7,118,50.8,48.6,36.3 / 123,34.7 / 118
130,NC,Red Tees,F,71,68.4,94.9,113,34.5,33.9,34.5,118,33.9,107,48.4,46.5,34.5 / 118,33.9 / 107
130,NC,Family Tees,F,68,61.8,85.2,99,31.1,30.7,31.1,103,30.7,95,43.3,41.9,31.1 / 103,30.7 / 95
215,NC,Blue Tees,M,72,73.8,98.9,135,36.3,37.5,36.3,129,37.5,141,48.3,50.6,36.3 / 129,37.5 / 141
215,NC,White Tees,M,72,70.9,94.6,128,34.9,36.0,34.9,123,36.0,132,46.3,48.3,34.9 / 123,36.0 / 132
215,NC,White/Gold Hybrid,M,72,68.9,92.0,125,34.0,34.9,34.0,122,34.9,127,45.3,46.7,34.0 / 122,34.9 / 127
215,NC,Gold Tees,M,72,67.6,90.0,121,33.4,34.2,33.4,121,34.2,121,44.6,45.4,33.4 / 121,34.2 / 121
215,NC,Red Tees,M,72,66.1,88.1,118,32.8,33.3,32.8,117,33.3,119,43.7,44.4,32.8 / 117,33.3 / 119
215,NC,Red/Green Hybrid,M,72,63.8,85.0,114,31.7,32.1,31.7,114,32.1,114,42.3,42.7,31.7 / 114,32.1 / 114
215,NC,Green Tees,M,72,62.3,83.0,112,30.9,31.4,30.9,111,31.4,112,41.2,41.8,30.9 / 111,31.4 / 112
215,NC,Gold Tees,F,73,72.7,103.8,132,36.0,36.7,36.0,128,36.7,136,51.1,52.7,36.0 / 128,36.7 / 136
215,NC,Red Tees,F,73,71.3,100.8,125,35.2,36.1,35.2,124,36.1,126,49.8,51.0,35.2 / 124,36.1 / 126
215,NC,Red/Green Hybrid,F,73,69.0,97.0,119,34.1,34.9,34.1,116,34.9,121,47.8,49.2,34.1 / 116,34.9 / 121
215,NC,Green Tees,F,73,65.7,93.2,117,32.3,33.4,32.3,114,33.4,120,45.7,47.5,32.3 / 114,33.4 / 120
124,NC,I Tees,M,72,74.1,99.4,137,36.9,37.2,36.9,136,37.2,137,49.5,49.9,36.9 / 136,37.2 / 137
124,NC,II Tees,M,72,71.1,94.8,128,35.5,35.6,35.5,124,35.6,131,47.0,47.8,35.5 / 124,35.6 / 131
124,NC,II/III Hybrid,M,72,70.0,93.4,126,35.1,34.9,35.1,122,34.9,130,46.4,47.0,35.1 / 122,34.9 / 130
124,NC,III Tees,M,72,68.9,91.9,124,34.3,34.6,34.3,118,34.6,129,45.3,46.6,34.3 / 118,34.6 / 129
124,NC,III/IV Hybrid,M,72,66.8,88.8,119,33.5,33.3,33.5,116,33.3,121,44.3,44.5,33.5 / 116,33.3 / 121
124,NC,IV Tees,M,72,65.2,86.8,116,32.7,32.5,32.7,115,32.5,117,43.4,43.4,32.7 / 115,32.5 / 117
124,NC,V Tees,M,72,63.7,84.7,113,32.0,31.7,32.0,112,31.7,114,42.4,42.3,32.0 / 112,31.7 / 114
124,NC,VI Tees,M,72,60.9,80.5,106,30.6,30.3,30.6,107,30.3,104,40.5,40.0,30.6 / 107,30.3 / 104
124,NC,III Tees,F,72,74.4,106.0,134,37.4,37.0,37.4,136,37.0,132,53.4,52.6,37.4 / 136,37.0 / 132
124,NC,IV Tees,F,72,70.1,99.5,125,35.1,35.0,35.1,124,35.0,126,49.7,49.8,35.1 / 124,35.0 / 126
124,NC,V Tees,F,72,68.3,96.7,121,34.3,34.0,34.3,120,34.0,121,48.4,48.3,34.3 / 120,34.0 / 121
124,NC,VI Tees,F,72,63.0,88.0,106,31.6,31.4,31.6,105,31.4,107,44.0,44.0,31.6 / 105,31.4 / 107
21065,NC,I Tees,M,72,73.5,99.0,138,36.6,36.9,36.6,138,36.9,137,49.4,49.6,36.6 / 138,36.9 / 137
21065,NC,II Tees,M,72,70.7,94.5,128,35.1,35.6,35.1,128,35.6,128,47.0,47.5,35.1 / 128,35.6 / 128
21065,NC,II/III Hybrid,M,72,70.2,93.6,126,35.0,35.2,35.0,127,35.2,125,46.8,46.8,35.0 / 127,35.2 / 125
21065,NC,III Tees,M,72,68.5,90.9,121,34.1,34.4,34.1,121,34.4,121,45.3,45.6,34.1 / 121,34.4 / 121
21065,NC,III/IV Hybrid,M,72,67.6,89.2,116,33.9,33.7,33.9,117,33.7,115,44.8,44.4,33.9 / 117,33.7 / 115
21065,NC,IV Tees,M,72,66.2,86.5,110,33.1,33.1,33.1,109,33.1,110,43.2,43.3,33.1 / 109,33.1 / 110
21065,NC,V Tees,M,72,64.3,83.8,105,32.2,32.1,32.2,107,32.1,103,42.1,41.7,32.2 / 107,32.1 / 103
21065,NC,VI Tees,M,69,61.7,80.0,99,31.2,30.5,31.2,99,30.5,98,40.4,39.6,31.2 / 99,30.5 / 98
21065,NC,III Tees,F,72,74.3,105.9,134,36.9,37.4,36.9,134,37.4,134,52.7,53.2,36.9 / 134,37.4 / 134
21065,NC,IV Tees,F,72,70.9,100.0,124,35.4,35.5,35.4,124,35.5,123,50.0,50.0,35.4 / 124,35.5 / 123
21065,NC,V Tees,F,72,68.2,96.2,119,33.9,34.3,33.9,119,34.3,119,47.9,48.3,33.9 / 119,34.3 / 119
21065,NC,VI Tees,F,72,63.9,89.7,110,32.1,31.8,32.1,111,31.8,108,45.2,44.5,32.1 / 111,31.8 / 108
179,NC,I Tees,M,72,73.2,97.9,133,36.3,36.9,36.3,129,36.9,137,48.3,49.6,36.3 / 129,36.9 / 137
179,NC,II Tees,M,72,71.0,94.5,127,35.4,35.6,35.4,125,35.6,128,47.0,47.5,35.4 / 125,35.6 / 128
179,NC,II/III Hybrid,M,72,70.2,93.3,125,35.0,35.2,35.0,124,35.2,125,46.5,46.8,35.0 / 124,35.2 / 125
179,NC,III Tees,M,72,68.7,91.3,122,34.3,34.4,34.3,123,34.4,121,45.7,45.6,34.3 / 123,34.4 / 121
179,NC,III/IV Hybrid,M,72,67.1,88.6,116,33.4,33.7,33.4,116,33.7,115,44.2,44.4,33.4 / 116,33.7 / 115
179,NC,IV Tees,M,72,66.2,86.9,112,33.1,33.1,33.1,113,33.1,110,43.6,43.3,33.1 / 113,33.1 / 110
179,NC,V Tees,M,72,64.3,84.0,106,32.2,32.1,32.2,109,32.1,103,42.3,41.7,32.2 / 109,32.1 / 103
179,NC,VI Tees,M,69,61.3,79.8,100,30.8,30.5,30.8,101,30.5,98,40.2,39.6,30.8 / 101,30.5 / 98
179,NC,III Tees,F,72,74.7,106.2,134,37.3,37.4,37.3,133,37.4,134,53.0,53.2,37.3 / 133,37.4 / 134
179,NC,IV Tees,F,72,71.3,100.4,124,35.8,35.5,35.8,124,35.5,123,50.4,50.0,35.8 / 124,35.5 / 123
179,NC,V Tees,F,72,68.8,96.7,119,34.5,34.3,34.5,118,34.3,119,48.4,48.3,34.5 / 118,34.3 / 119
179,NC,VI Tees,F,72,63.6,88.8,107,31.8,31.8,31.8,106,31.8,108,44.3,44.5,31.8 / 106,31.8 / 108
21064,NC,I Tees,M,72,72.9,97.7,134,36.3,36.6,36.3,129,36.6,138,48.3,49.4,36.3 / 129,36.6 / 138
21064,NC,II Tees,M,72,70.5,94.0,127,35.4,35.1,35.4,125,35.1,128,47.0,47.0,35.4 / 125,35.1 / 128
21064,NC,II/III Hybrid,M,72,69.5,92.6,125,35.0,34.5,35.0,124,34.5,125,46.5,46.1,35.0 / 124,34.5 / 125
21064,NC,III Tees,M,72,68.4,91.0,122,34.3,34.1,34.3,123,34.1,121,45.7,45.3,34.3 / 123,34.1 / 121
21064,NC,III/IV Hybrid,M,72,67.0,88.6,116,33.4,33.6,33.4,116,33.6,116,44.2,44.4,33.4 / 116,33.6 / 116
21064,NC,IV Tees,M,72,66.2,86.8,111,33.1,33.1,33.1,113,33.1,109,43.6,43.2,33.1 / 113,33.1 / 109
21064,NC,V Tees,M,72,64.4,84.4,108,32.2,32.2,32.2,109,32.2,107,42.3,42.1,32.2 / 109,32.2 / 107
21064,NC,VI Tees,M,70,62.0,80.6,100,30.8,31.2,30.8,101,31.2,99,40.2,40.4,30.8 / 101,31.2 / 99
21064,NC,III Tees,F,72,74.2,105.7,134,37.3,36.9,37.3,133,36.9,134,53.0,52.7,37.3 / 133,36.9 / 134
21064,NC,IV Tees,F,72,71.2,100.4,124,35.8,35.4,35.8,124,35.4,124,50.4,50.0,35.8 / 124,35.4 / 124
21064,NC,V Tees,F,72,68.4,96.3,119,34.5,33.9,34.5,118,33.9,119,48.4,47.9,34.5 / 118,33.9 / 119
21064,NC,VI Tees,F,72,63.9,89.5,109,31.8,32.1,31.8,106,32.1,111,44.3,45.2,31.8 / 106,32.1 / 111
120,NC,I Tees,M,72,74.1,100.8,144,36.6,37.5,36.6,145,37.5,142,50.1,50.7,36.6 / 145,37.5 / 142
120,NC,II Tees,M,72,71.6,97.4,139,35.6,36.0,35.6,138,36.0,140,48.4,49.0,35.6 / 138,36.0 / 140
120,NC,II/III Hybrid,M,72,70.6,95.2,133,35.2,35.4,35.2,129,35.4,136,47.2,48.0,35.2 / 129,35.4 / 136
120,NC,III Tees,M,72,69.5,93.4,129,34.6,34.9,34.6,125,34.9,132,46.2,47.2,34.6 / 125,34.9 / 132
120,NC,III/IV Hybrid,M,72,67.7,90.3,122,33.8,33.9,33.8,116,33.9,127,44.6,45.7,33.8 / 116,33.9 / 127
120,NC,IV Tees,M,72,66.4,88.5,119,33.1,33.3,33.1,115,33.3,123,43.8,44.7,33.1 / 115,33.3 / 123
120,NC,V Tees,M,71,63.0,83.9,113,31.2,31.8,31.2,108,31.8,117,41.2,42.7,31.2 / 108,31.8 / 117
120,NC,VI Tees,M,69,60.0,79.1,103,29.5,30.5,29.5,99,30.5,107,38.7,40.4,29.5 / 99,30.5 / 107
120,NC,III Tees,F,72,75.0,108.7,143,37.4,37.6,37.4,145,37.6,141,54.5,54.2,37.4 / 145,37.6 / 141
120,NC,III/IV Hybrid,F,72,73.0,105.4,138,36.4,36.6,36.4,137,36.6,138,52.5,52.9,36.4 / 137,36.6 / 138
120,NC,IV Tees,F,72,71.7,102.8,132,35.6,36.1,35.6,132,36.1,131,51.2,51.6,35.6 / 132,36.1 / 131
120,NC,V Tees,F,71,67.3,95.0,118,32.9,34.4,32.9,111,34.4,124,46.0,49.0,32.9 / 111,34.4 / 124
120,NC,VI Tees,F,71,62.4,87.2,105,30.5,31.9,30.5,100,31.9,110,42.3,44.9,30.5 / 100,31.9 / 110
22,NC,I Tees,M,72,75.4,102.7,147,37.3,38.1,37.3,146,38.1,147,50.9,51.8,37.3 / 146,38.1 / 147
22,NC,II Tees,M,72,72.7,99.2,143,36.0,36.7,36.0,141,36.7,144,49.1,50.1,36.0 / 141,36.7 / 144
22,NC,II/III Hybrid,M,72,71.2,97.1,140,35.6,35.6,35.6,140,35.6,139,48.6,48.5,35.6 / 140,35.6 / 139
22,NC,III Tees,M,72,70.1,94.8,133,35.1,35.0,35.1,132,35.0,133,47.4,47.4,35.1 / 132,35.0 / 133
22,NC,III/IV Hybrid,M,72,68.3,90.5,120,33.9,34.4,33.9,117,34.4,122,44.8,45.7,33.9 / 117,34.4 / 122
22,NC,IV Tees,M,72,66.2,87.3,114,32.7,33.5,32.7,114,33.5,113,43.3,44.0,32.7 / 114,33.5 / 113
22,NC,V Tees,M,72,64.9,85.1,109,31.8,33.1,31.8,108,33.1,110,41.8,43.3,31.8 / 108,33.1 / 110
22,NC,VI Tees,M,72,61.4,81.0,105,30.1,31.3,30.1,105,31.3,105,39.9,41.1,30.1 / 105,31.3 / 105
22,NC,III Tees,F,72,75.8,109.2,142,37.9,37.9,37.9,137,37.9,146,54.1,55.1,37.9 / 137,37.9 / 146
22,NC,IV Tees,F,72,70.7,101.2,130,35.1,35.6,35.1,123,35.6,136,49.6,51.6,35.1 / 123,35.6 / 136
22,NC,V Tees,F,72,68.9,97.9,123,33.7,35.2,33.7,117,35.2,129,47.5,50.4,33.7 / 117,35.2 / 129
22,NC,VI Tees,F,72,64.2,89.7,108,31.5,32.7,31.5,104,32.7,112,43.8,45.9,31.5 / 104,32.7 / 112
104,NC,Blue Tees,M,72,71.7,95.7,129,36.2,35.5,36.2,132,35.5,126,48.5,47.2,36.2 / 132,35.5 / 126
104,NC,White Tees,M,72,69.9,93.2,126,35.4,34.5,35.4,129,34.5,122,47.4,45.8,35.4 / 129,34.5 / 122
104,NC,Gold Tees,M,72,66.6,87.6,113,33.7,32.9,33.7,115,32.9,111,44.4,43.2,33.7 / 115,32.9 / 111
104,NC,Green Tees,M,72,63.6,83.6,108,32.5,31.1,32.5,110,31.1,105,42.7,40.9,32.5 / 110,31.1 / 105
104,NC,Red Tees,M,72,63.3,83.1,107,32.3,31.0,32.3,109,31.0,104,42.4,40.7,32.3 / 109,31.0 / 104
104,NC,Silver Tees,M,72,61.3,80.6,104,30.8,30.5,30.8,107,30.5,101,40.7,39.9,30.8 / 107,30.5 / 101
104,NC,Blue Tees,F,72,77.6,110.0,138,39.2,38.4,39.2,141,38.4,134,55.8,54.2,39.2 / 141,38.4 / 134
104,NC,White Tees,F,72,75.2,106.3,132,38.1,37.1,38.1,136,37.1,128,54.1,52.2,38.1 / 136,37.1 / 128
104,NC,Gold Tees,F,72,71.3,100.5,124,36.1,35.2,36.1,127,35.2,120,51.1,49.4,36.1 / 127,35.2 / 120
104,NC,Green Tees,F,72,67.7,95.2,117,34.6,33.1,34.6,121,33.1,112,48.9,46.3,34.6 / 121,33.1 / 112
104,NC,Red Tees,F,72,67.2,94.3,115,34.4,32.8,34.4,119,32.8,111,48.4,45.9,34.4 / 119,32.8 / 111
104,NC,Silver Tees,F,72,64.5,90.3,110,32.5,32.0,32.5,111,32.0,108,45.6,44.7,32.5 / 111,32.0 / 108
17782,NC,Blue Tees,M,72,71.0,94.6,127,35.5,35.5,35.5,126,35.5,128,47.2,47.4,35.5 / 126,35.5 / 128
17782,NC,White Tees,M,72,69.1,91.6,122,34.5,34.6,34.5,122,34.6,121,45.8,45.8,34.5 / 122,34.6 / 121
17782,NC,Gold Tees,M,72,66.0,86.7,112,32.9,33.1,32.9,111,33.1,112,43.2,43.5,32.9 / 111,33.1 / 112
17782,NC,Green Tees,M,72,62.6,82.3,106,31.1,31.5,31.1,105,31.5,107,40.9,41.4,31.1 / 105,31.5 / 107
17782,NC,Red Tees,M,72,62.1,81.6,105,31.0,31.1,31.0,104,31.1,105,40.7,40.9,31.0 / 104,31.1 / 105
17782,NC,Silver Tees,M,72,61.2,80.2,102,30.5,30.7,30.5,101,30.7,103,39.9,40.3,30.5 / 101,30.7 / 103
17782,NC,Blue Tees,F,72,77.0,108.4,133,38.4,38.6,38.4,134,38.6,132,54.2,54.2,38.4 / 134,38.6 / 132
17782,NC,White Tees,F,72,74.4,104.5,128,37.1,37.3,37.1,128,37.3,127,52.2,52.3,37.1 / 128,37.3 / 127
17782,NC,Gold Tees,F,72,70.8,99.5,122,35.2,35.6,35.2,120,35.6,123,49.4,50.1,35.2 / 120,35.6 / 123
17782,NC,Green Tees,F,72,66.6,92.6,111,33.1,33.5,33.1,112,33.5,109,46.3,46.3,33.1 / 112,33.5 / 109
17782,NC,Red Tees,F,72,65.8,91.5,109,32.8,33.0,32.8,111,33.0,107,45.9,45.6,32.8 / 111,33.0 / 107
17782,NC,Silver Tees,F,72,64.3,89.2,106,32.0,32.3,32.0,108,32.3,103,44.7,44.5,32.0 / 108,32.3 / 103
17783,NC,Blue Tees,M,72,71.7,95.9,130,35.5,36.2,35.5,128,36.2,132,47.4,48.5,35.5 / 128,36.2 / 132
17783,NC,White Tees,M,72,70.0,93.2,125,34.6,35.4,34.6,121,35.4,129,45.8,47.4,34.6 / 121,35.4 / 129
17783,NC,Gold Tees,M,72,66.8,87.9,114,33.1,33.7,33.1,112,33.7,115,43.5,44.4,33.1 / 112,33.7 / 115
17783,NC,Green Tees,M,72,64.0,84.1,109,31.5,32.5,31.5,107,32.5,110,41.4,42.7,31.5 / 107,32.5 / 110
17783,NC,Red Tees,M,72,63.4,83.3,107,31.1,32.3,31.1,105,32.3,109,40.9,42.4,31.1 / 105,32.3 / 109
17783,NC,Silver Tees,M,72,61.5,81.0,105,30.7,30.8,30.7,103,30.8,107,40.3,40.7,30.7 / 103,30.8 / 107
17783,NC,Blue Tees,F,72,77.8,110.0,137,38.6,39.2,38.6,132,39.2,141,54.2,55.8,38.6 / 132,39.2 / 141
17783,NC,White Tees,F,72,75.4,106.4,132,37.3,38.1,37.3,127,38.1,136,52.3,54.1,37.3 / 127,38.1 / 136
17783,NC,Gold Tees,F,72,71.7,101.2,125,35.6,36.1,35.6,123,36.1,127,50.1,51.1,35.6 / 123,36.1 / 127
17783,NC,Green Tees,F,72,68.1,95.2,115,33.5,34.6,33.5,109,34.6,121,46.3,48.9,33.5 / 109,34.6 / 121
17783,NC,Red Tees,F,72,67.4,94.0,113,33.0,34.4,33.0,107,34.4,119,45.6,48.4,33.0 / 107,34.4 / 119
17783,NC,Silver Tees,F,72,64.8,90.1,107,32.3,32.5,32.3,103,32.5,111,44.5,45.6,32.3 / 103,32.5 / 111
8037,NC,Black Tees,M,71,73.4,99.4,140,36.6,36.8,36.6,136,36.8,144,49.2,50.2,36.6 / 136,36.8 / 144
8037,NC,Gray Tees,M,71,71.6,97.3,138,35.2,36.4,35.2,133,36.4,143,47.6,49.7,35.2 / 133,36.4 / 143
8037,NC,White Tees,M,71,70.1,95.2,135,34.5,35.6,34.5,132,35.6,138,46.8,48.4,34.5 / 132,35.6 / 138
8037,NC,Baby Blue Tees,M,71,68.8,93.3,132,34.0,34.8,34.0,130,34.8,133,46.1,47.2,34.0 / 130,34.8 / 133
8037,NC,Blue Tees,M,71,67.5,91.2,128,33.2,34.3,33.2,128,34.3,127,45.1,46.1,33.2 / 128,34.3 / 127
8037,NC,Green Tees,M,71,65.9,87.9,118,32.7,33.2,32.7,117,33.2,119,43.6,44.3,32.7 / 117,33.2 / 119
8037,NC,Orange Tees,M,71,63.0,84.2,114,31.4,31.6,31.4,111,31.6,117,41.7,42.5,31.4 / 111,31.6 / 117
8037,NC,White Tees,F,72,75.7,110.1,146,37.5,38.2,37.5,145,38.2,147,54.6,55.5,37.5 / 145,38.2 / 147
8037,NC,Blue Tees,F,72,72.7,105.5,139,36.0,36.7,36.0,138,36.7,140,52.3,53.2,36.0 / 138,36.7 / 140
8037,NC,Green Tees,F,72,70.4,101.2,131,35.0,35.4,35.0,131,35.4,130,50.5,50.7,35.0 / 131,35.4 / 130
8037,NC,Orange Tees,F,72,66.3,94.4,119,32.9,33.4,32.9,121,33.4,117,47.2,47.2,32.9 / 121,33.4 / 117
110,NC,I Tees,M,72,72.5,98.1,138,36.2,36.3,36.2,137,36.3,139,48.9,49.2,36.2 / 137,36.3 / 139
110,NC,I / II Hybrid,M,72,71.9,97.5,138,35.8,36.1,35.8,138,36.1,137,48.6,48.9,35.8 / 138,36.1 / 137
110,NC,II Tees,M,72,70.9,95.7,133,35.4,35.5,35.4,133,35.5,133,47.8,47.9,35.4 / 133,35.5 / 133
110,NC,II / III Hybrid,M,72,69.5,93.6,130,34.6,34.9,34.6,130,34.9,129,46.7,46.9,34.6 / 130,34.9 / 129
110,NC,III Tees,M,72,68.0,91.1,125,33.7,34.3,33.7,124,34.3,125,45.2,45.9,33.7 / 124,34.3 / 125
110,NC,III / IV Hybrid,M,72,65.9,88.3,121,32.8,33.1,32.8,122,33.1,119,44.1,44.2,32.8 / 122,33.1 / 119
110,NC,IV Tees,M,72,65.0,87.1,119,32.2,32.8,32.2,121,32.8,117,43.4,43.7,32.2 / 121,32.8 / 117
110,NC,IV / V Hybrid,M,72,60.6,80.0,105,30.0,30.6,30.0,101,30.6,108,39.4,40.6,30.0 / 101,30.6 / 108
110,NC,V Tees,M,72,58.7,75.7,92,29.4,29.3,29.4,89,29.3,94,37.7,38.0,29.4 / 89,29.3 / 94
110,NC,II Tees,F,72,76.9,109.0,136,38.6,38.3,38.6,135,38.3,137,54.5,54.5,38.6 / 135,38.3 / 137
110,NC,II / III Hybrid,F,72,75.7,107.1,133,37.9,37.8,37.9,131,37.8,135,53.4,53.7,37.9 / 131,37.8 / 135
110,NC,III Tees,F,72,73.9,104.1,128,36.7,37.2,36.7,126,37.2,130,51.6,52.5,36.7 / 126,37.2 / 130
110,NC,III / IV Hybrid,F,72,71.0,100.2,124,35.5,35.5,35.5,123,35.5,125,50.0,50.2,35.5 / 123,35.5 / 125
110,NC,IV Tees,F,72,69.8,98.8,123,34.8,35.0,34.8,123,35.0,123,49.3,49.5,34.8 / 123,35.0 / 123
110,NC,IV / V Hybrid,F,72,63.6,89.4,109,31.4,32.2,31.4,111,32.2,106,44.6,44.8,31.4 / 111,32.2 / 106
110,NC,V Tees,F,72,60.6,83.4,97,30.4,30.2,30.4,98,30.2,96,41.9,41.5,30.4 / 98,30.2 / 96
439,NC,Yellow Tees,M,72,73.1,99.2,140,36.5,36.6,36.5,147,36.6,133,50.2,49.0,36.5 / 147,36.6 / 133
439,NC,Blue/Yellow Hybrid,M,72,71.6,96.7,135,35.6,36.0,35.6,140,36.0,130,48.6,48.1,35.6 / 140,36.0 / 130
439,NC,Blue Tees,M,72,70.4,94.6,131,34.8,35.6,34.8,135,35.6,126,47.3,47.3,34.8 / 135,35.6 / 126
439,NC,Black/Blue Hybrid,M,72,68.8,91.6,123,34.2,34.6,34.2,126,34.6,119,45.9,45.7,34.2 / 126,34.6 / 119
439,NC,Black Tees,M,72,67.5,89.4,118,33.4,34.1,33.4,119,34.1,116,44.5,44.9,33.4 / 119,34.1 / 116
439,NC,Green/Black Hybrid,M,72,65.9,87.1,114,32.4,33.5,32.4,115,33.5,113,43.1,44.0,32.4 / 115,33.5 / 113
439,NC,White Tees,M,72,64.9,85.3,110,31.8,33.1,31.8,110,33.1,110,42.0,43.3,31.8 / 110,33.1 / 110
439,NC,Blue Tees,F,72,76.5,110.3,143,38.5,38.0,38.5,143,38.0,143,55.4,54.9,38.5 / 143,38.0 / 143
439,NC,Black Tees,F,72,72.8,105.1,137,36.0,36.8,36.0,139,36.8,135,52.4,52.7,36.0 / 139,36.8 / 135
439,NC,Green/Black Hybrid,F,72,70.9,100.3,125,34.8,36.1,34.8,122,36.1,127,49.2,51.1,34.8 / 122,36.1 / 127
439,NC,White Tees,F,72,69.6,97.6,119,34.0,35.6,34.0,116,35.6,121,47.7,49.9,34.0 / 116,35.6 / 121
439,NC,Red Tees,F,72,66.1,92.6,113,32.6,33.5,32.6,111,33.5,114,45.7,46.9,32.6 / 111,33.5 / 114
13429,NC,Black Tees,M,71,74.0,100.1,141,37.4,36.6,37.4,144,36.6,137,50.8,49.3,37.4 / 144,36.6 / 137
13429,NC,Slate Tees,M,71,72.6,98.1,137,36.7,35.9,36.7,141,35.9,133,49.8,48.3,36.7 / 141,35.9 / 133
13429,NC,Blue Tees,M,71,70.5,94.9,131,35.6,34.9,35.6,131,34.9,131,47.8,47.1,35.6 / 131,34.9 / 131
13429,NC,Blue/White Hybrid,M,71,69.3,93.4,130,35.0,34.3,35.0,130,34.3,129,47.1,46.3,35.0 / 130,34.3 / 129
13429,NC,White Tees,M,71,68.8,92.6,128,34.9,33.9,34.9,128,33.9,128,46.8,45.8,34.9 / 128,33.9 / 128
13429,NC,White/Green Hybrid,M,71,67.5,89.9,121,34.3,33.2,34.3,119,33.2,122,45.4,44.5,34.3 / 119,33.2 / 122
13429,NC,Green Tees,M,71,66.5,88.0,116,33.6,32.9,33.6,118,32.9,113,44.6,43.4,33.6 / 118,32.9 / 113
13429,NC,Green/Gold Hybrid,M,71,64.8,85.8,113,32.7,32.1,32.7,114,32.1,112,43.3,42.5,32.7 / 114,32.1 / 112
13429,NC,Gold Tees,M,71,63.4,84.1,112,32.1,31.3,32.1,112,31.3,111,42.5,41.6,32.1 / 112,31.3 / 111
13429,NC,Blue Tees,F,71,76.8,110.6,143,38.7,38.1,38.7,149,38.1,137,56.3,54.3,38.7 / 149,38.1 / 137
13429,NC,Blue/White Hybrid,F,71,75.7,108.8,141,38.2,37.5,38.2,146,37.5,135,55.4,53.4,38.2 / 146,37.5 / 135
13429,NC,White Tees,F,71,74.6,106.8,137,37.8,36.8,37.8,141,36.8,132,54.4,52.4,37.8 / 141,36.8 / 132
13429,NC,White/Green Hybrid,F,71,72.7,104.0,133,36.7,36.0,36.7,140,36.0,126,53.2,50.8,36.7 / 140,36.0 / 126
13429,NC,Green Tees,F,71,71.4,101.9,130,36.2,35.2,36.2,136,35.2,123,52.2,49.7,36.2 / 136,35.2 / 123
13429,NC,Green/Gold Hybrid,F,71,69.6,98.9,124,35.1,34.5,35.1,126,34.5,122,50.0,48.9,35.1 / 126,34.5 / 122
13429,NC,Gold Tees,F,71,68.1,96.5,121,34.6,33.5,34.6,123,33.5,118,49.1,47.4,34.6 / 123,33.5 / 118
20835,NC,Blue Tees,M,64,62.3,82.8,111,31.2,31.1,31.2,112,31.1,109,41.6,41.2,31.2 / 112,31.1 / 109
20835,NC,White Tees,M,64,61.6,81.4,107,30.7,30.9,30.7,107,30.9,107,40.6,40.8,30.7 / 107,30.9 / 107
20835,NC,White Tees,F,64,63.7,89.7,110,31.7,32.0,31.7,110,32.0,110,44.7,45.0,31.7 / 110,32.0 / 110
20835,NC,Red Tees,F,64,61.0,84.6,100,30.6,30.4,30.6,101,30.4,99,42.5,42.1,30.6 / 101,30.4 / 99
14901,NC,Blue Tees,M,71,67.4,89.6,120,32.4,35.0,32.4,113,35.0,126,42.9,46.7,32.4 / 113,35.0 / 126
14901,NC,White Tees,M,71,65.6,86.4,112,31.6,34.0,31.6,107,34.0,117,41.5,44.9,31.6 / 107,34.0 / 117
14901,NC,Red Tees,M,71,62.6,80.8,98,30.5,32.1,30.5,95,32.1,101,39.3,41.5,30.5 / 95,32.1 / 101
14901,NC,White Tees,F,72,70.6,99.4,122,34.0,36.6,34.0,117,36.6,127,47.8,51.6,34.0 / 117,36.6 / 127
14901,NC,Red Tees,F,72,66.1,91.2,107,31.7,34.4,31.7,101,34.4,112,43.6,47.6,31.7 / 101,34.4 / 112
341,NC,Blue Tees,M,72,73.4,98.0,133,37.0,36.4,37.0,137,36.4,128,49.7,48.3,37.0 / 137,36.4 / 128
341,NC,Blue/White Hybrid,M,72,72.2,96.3,130,36.2,36.0,36.2,132,36.0,127,48.5,47.8,36.2 / 132,36.0 / 127
341,NC,White Tees,M,72,70.9,94.7,128,35.5,35.4,35.5,130,35.4,126,47.6,47.1,35.5 / 130,35.4 / 126
341,NC,White/Gold Hybrid,M,72,68.7,91.5,123,34.5,34.2,34.5,126,34.2,119,46.2,45.3,34.5 / 126,34.2 / 119
341,NC,Gold Tees,M,72,67.3,89.2,118,34.1,33.2,34.1,124,33.2,112,45.6,43.6,34.1 / 124,33.2 / 112
341,NC,Gold/Red Hybrid,M,72,66.0,86.7,112,33.3,32.7,33.3,114,32.7,109,43.9,42.8,33.3 / 114,32.7 / 109
341,NC,Red Tees,M,72,64.1,84.0,107,32.0,32.1,32.0,109,32.1,105,42.1,41.9,32.0 / 109,32.1 / 105
341,NC,Violet Tees,M,72,62.8,82.0,103,31.5,31.3,31.5,103,31.3,103,41.1,40.9,31.5 / 103,31.3 / 103
341,NC,Par Three Tees,M,54,53.7,69.3,84,26.8,26.9,26.8,83,26.9,85,34.5,34.8,26.8 / 83,26.9 / 85
341,NC,Gold Tees,F,72,72.8,102.5,126,37.1,35.7,37.1,128,35.7,124,52.2,50.3,37.1 / 128,35.7 / 124
341,NC,Gold/Red Hybrid,F,72,70.8,99.4,122,35.7,35.1,35.7,125,35.1,118,50.4,49.0,35.7 / 125,35.1 / 118
341,NC,Red Tees,F,72,68.8,95.8,114,34.5,34.3,34.5,114,34.3,114,48.0,47.8,34.5 / 114,34.3 / 114
341,NC,Violet Tees,F,72,66.3,91.3,106,33.4,32.9,33.4,106,32.9,106,45.9,45.4,33.4 / 106,32.9 / 106
341,NC,Par Three Tees,F,54,55.7,75.3,83,27.8,27.9,27.8,82,27.9,84,37.5,37.8,27.8 / 82,27.9 / 84
371,NC,Gold Tees,M,71,73.3,98.8,138,37.0,36.3,37.0,139,36.3,136,49.9,48.9,37.0 / 139,36.3 / 136
371,NC,Blue Tees,M,71,70.9,95.8,134,35.7,35.2,35.7,137,35.2,131,48.4,47.4,35.7 / 137,35.2 / 131
371,NC,White Tees,M,71,68.9,93.0,130,34.6,34.3,34.6,133,34.3,126,47.0,46.0,34.6 / 133,34.3 / 126
371,NC,White/Green Hybrid,M,71,67.8,91.3,127,34.0,33.8,34.0,129,33.8,124,46.0,45.3,34.0 / 129,33.8 / 124
371,NC,Green Tees,M,71,66.0,88.3,120,33.0,33.0,33.0,119,33.0,121,44.1,44.2,33.0 / 119,33.0 / 121
371,NC,Green/Red Hybrid,M,71,64.7,86.4,117,32.0,32.7,32.0,115,32.7,118,42.7,43.7,32.0 / 115,32.7 / 118
371,NC,Red Tees,M,71,63.6,84.9,115,31.6,32.0,31.6,113,32.0,116,42.1,42.8,31.6 / 113,32.0 / 116
371,NC,White Tees,F,71,74.7,107.0,137,37.6,37.1,37.6,139,37.1,135,54.0,53.0,37.6 / 139,37.1 / 135
371,NC,White/Green Hybrid,F,71,73.4,104.9,134,36.8,36.6,36.8,133,36.6,134,52.5,52.4,36.8 / 133,36.6 / 134
371,NC,Green Tees,F,71,71.2,101.2,127,35.5,35.7,35.5,127,35.7,127,50.5,50.7,35.5 / 127,35.7 / 127
371,NC,Green/Red Hybrid,F,71,69.4,98.7,124,34.3,35.1,34.3,122,35.1,126,48.7,50.0,34.3 / 122,35.1 / 126
371,NC,Red Tees,F,71,68.2,96.7,121,33.9,34.3,33.9,120,34.3,121,48.1,48.6,33.9 / 120,34.3 / 121
66,NC,Gold Tees,M,70,74.5,100.3,139,37.3,37.2,37.3,141,37.2,137,50.4,49.9,37.3 / 141,37.2 / 137
66,NC,Blue Tees,M,70,72.8,97.8,135,36.5,36.3,36.5,136,36.3,133,49.1,48.7,36.5 / 136,36.3 / 133
66,NC,MGA Hybrid Tees,M,70,71.0,95.3,131,35.3,35.7,35.3,131,35.7,130,47.5,47.8,35.3 / 131,35.7 / 130
66,NC,White Tees,M,70,69.8,93.3,127,34.6,35.2,34.6,127,35.2,126,46.4,46.9,34.6 / 127,35.2 / 126
66,NC,White/Black Hybrid,M,70,68.1,91.2,125,33.9,34.2,33.9,124,34.2,125,45.4,45.8,33.9 / 124,34.2 / 125
66,NC,Black Tees,M,70,66.2,89.1,124,33.1,33.1,33.1,123,33.1,124,44.5,44.6,33.1 / 123,33.1 / 124
66,NC,Family Tees,M,70,59.6,80.6,113,29.8,29.8,29.8,111,29.8,115,40.1,40.5,29.8 / 111,29.8 / 115
66,NC,White Tees,F,70,75.7,107.1,133,37.5,38.2,37.5,131,38.2,135,53.0,54.1,37.5 / 131,38.2 / 135
66,NC,White/Black Hybrid,F,70,73.8,104.3,130,36.8,37.0,36.8,128,37.0,131,51.9,52.4,36.8 / 128,37.0 / 131
66,NC,Black Tees,F,70,71.4,101.0,126,35.6,35.8,35.6,126,35.8,125,50.5,50.5,35.6 / 126,35.8 / 125
66,NC,Long Red Tees,F,70,69.6,98.4,122,34.1,35.5,34.1,121,35.5,123,48.4,50.0,34.1 / 121,35.5 / 123
66,NC,Short Red Tees,F,70,66.9,94.0,115,33.7,33.2,33.7,120,33.2,110,47.8,46.2,33.7 / 120,33.2 / 110
66,NC,Family Tees,F,70,60.9,85.3,104,30.3,30.6,30.3,106,30.6,101,42.8,42.5,30.3 / 106,30.6 / 101
417,NC,Gold Tees,M,72,73.2,98.4,136,36.1,37.1,36.1,130,37.1,141,48.2,50.2,36.1 / 130,37.1 / 141
417,NC,Blue Tees,M,72,70.8,94.8,130,35.1,35.7,35.1,123,35.7,136,46.5,48.3,35.1 / 123,35.7 / 136
417,NC,White Tees,M,72,69.3,92.0,122,34.4,34.9,34.4,113,34.9,131,44.9,47.1,34.4 / 113,34.9 / 131
417,NC,Black Tees,M,72,64.6,85.7,114,32.5,32.1,32.5,111,32.1,116,42.8,42.9,32.5 / 111,32.1 / 116
417,NC,Family Tees,M,68,58.5,77.6,103,29.1,29.4,29.1,99,29.4,107,38.3,39.3,29.1 / 99,29.4 / 107
417,NC,Blue Tees,F,72,76.5,108.5,136,37.9,38.6,37.9,131,38.6,141,53.3,55.2,37.9 / 131,38.6 / 141
417,NC,White Tees,F,72,74.4,105.2,131,36.9,37.5,36.9,126,37.5,136,51.7,53.5,36.9 / 126,37.5 / 136
417,NC,Red Tees,F,72,68.4,96.7,120,34.5,33.9,34.5,115,33.9,125,48.1,48.6,34.5 / 115,33.9 / 125
417,NC,Family Tees,F,68,59.9,84.7,105,29.7,30.2,29.7,98,30.2,112,41.3,43.4,29.7 / 98,30.2 / 112
78,NC,Yellow Tees,M,72,72.9,98.0,135,36.5,36.4,36.5,138,36.4,132,49.3,48.7,36.5 / 138,36.4 / 132
78,NC,Yellow/Checkered Hybrid,M,72,71.9,96.3,131,36.1,35.8,36.1,132,35.8,130,48.4,47.9,36.1 / 132,35.8 / 130
78,NC,Checkered Tees,M,72,70.7,94.8,130,35.5,35.2,35.5,130,35.2,129,47.6,47.2,35.5 / 130,35.2 / 129
78,NC,Checkered/Green Hybrid,M,72,69.5,92.9,126,34.9,34.6,34.9,124,34.6,128,46.4,46.5,34.9 / 124,34.6 / 128
78,NC,Green Tees,M,72,68.3,91.0,123,34.4,33.9,34.4,122,33.9,123,45.7,45.3,34.4 / 122,33.9 / 123
78,NC,Green/Red Hybrid,M,72,66.9,88.5,116,33.8,33.1,33.8,115,33.1,117,44.5,44.0,33.8 / 115,33.1 / 117
78,NC,Red Tees,M,72,64.8,85.1,110,32.6,32.2,32.6,110,32.2,109,42.8,42.3,32.6 / 110,32.2 / 109
78,NC,Red/Black Hybrid,M,68,61.4,80.4,102,30.4,31.0,30.4,100,31.0,104,39.7,40.7,30.4 / 100,31.0 / 104
78,NC,Black Tees,M,68,60.1,78.7,100,29.8,30.3,29.8,99,30.3,101,39.0,39.7,29.8 / 99,30.3 / 101
78,NC,Green Tees,F,72,74.0,105.0,132,37.1,36.9,37.1,135,36.9,128,53.0,52.0,37.1 / 135,36.9 / 128
78,NC,Green/Red Hybrid,F,72,72.1,102.3,128,36.2,35.9,36.2,131,35.9,125,51.7,50.6,36.2 / 131,35.9 / 125
78,NC,Red Tees,F,72,69.6,99.1,125,34.8,34.8,34.8,128,34.8,122,49.9,49.2,34.8 / 128,34.8 / 122
78,NC,Red/Black Hybrid,F,70,64.7,91.7,114,31.6,33.1,31.6,114,33.1,114,45.1,46.6,31.6 / 114,33.1 / 114
78,NC,Black Tees,F,70,62.4,88.6,111,30.6,31.8,30.6,111,31.8,111,43.7,44.9,30.6 / 111,31.8 / 111
17,NC,Blue Tees,M,72,70.2,94.9,133,35.2,35.0,35.2,130,35.0,136,47.3,47.6,35.2 / 130,35.0 / 136
17,NC,White Tees,M,72,68.6,92.4,128,34.3,34.3,34.3,128,34.3,128,46.2,46.2,34.3 / 128,34.3 / 128
17,NC,Gold Tees,M,72,66.1,88.3,120,32.8,33.3,32.8,118,33.3,121,43.8,44.5,32.8 / 118,33.3 / 121
17,NC,Red Tees,M,71,63.9,85.1,114,31.8,32.1,31.8,114,32.1,114,42.4,42.7,31.8 / 114,32.1 / 114
17,NC,White Tees,F,72,73.6,105.1,134,37.3,36.3,37.3,133,36.3,134,53.0,52.1,37.3 / 133,36.3 / 134
17,NC,Gold Tees,F,72,70.8,101.4,130,35.5,35.3,35.5,129,35.3,131,50.7,50.7,35.5 / 129,35.3 / 131
17,NC,Red Tees,F,72,68.5,97.2,122,34.2,34.3,34.2,122,34.3,121,48.6,48.6,34.2 / 122,34.3 / 121
13631,NC,Thistle Tees,M,71,73.6,99.8,141,37.0,36.6,37.0,142,36.6,140,50.2,49.6,37.0 / 142,36.6 / 140
13631,NC,Blue Tees,M,71,71.0,96.1,135,35.6,35.4,35.6,132,35.4,138,47.9,48.2,35.6 / 132,35.4 / 138
13631,NC,White Tees,M,71,68.4,91.6,125,34.4,34.0,34.4,124,34.0,126,45.9,45.7,34.4 / 124,34.0 / 126
13631,NC,White/Gold Hybrid,M,71,67.3,89.9,122,33.8,33.5,33.8,122,33.5,122,45.1,44.8,33.8 / 122,33.5 / 122
13631,NC,Gold Tees,M,71,65.7,86.5,112,33.1,32.6,33.1,109,32.6,115,43.2,43.3,33.1 / 109,32.6 / 115
13631,NC,Red Tees,M,70,62.5,82.5,108,31.6,30.9,31.6,105,30.9,110,41.4,41.1,31.6 / 105,30.9 / 110
13631,NC,White Tees,F,71,74.3,107.0,139,37.2,37.1,37.2,138,37.1,139,53.5,53.5,37.2 / 138,37.1 / 139
13631,NC,Gold Tees,F,71,70.5,101.3,131,35.3,35.2,35.3,128,35.2,133,50.4,50.9,35.3 / 128,35.2 / 133
13631,NC,Red Tees,F,71,66.5,93.1,113,33.7,32.8,33.7,115,32.8,110,47.3,45.8,33.7 / 115,32.8 / 110
13631,NC,Red/Teal Hybrid,F,71,65.4,91.5,111,33.2,32.2,33.2,113,32.2,109,46.5,45.0,33.2 / 113,32.2 / 109
13631,NC,Teal Tees,F,71,63.5,88.9,108,32.0,31.5,32.0,109,31.5,106,44.9,44.0,32.0 / 109,31.5 / 106
13630,NC,Thistle Tees,M,72,74.4,100.6,141,37.4,37.0,37.4,140,37.0,142,50.4,50.2,37.4 / 140,37.0 / 142
13630,NC,Blue Tees,M,72,71.9,96.8,134,36.3,35.6,36.3,136,35.6,132,48.9,47.9,36.3 / 136,35.6 / 132
13630,NC,White Tees,M,72,69.5,92.9,126,35.1,34.4,35.1,128,34.4,124,47.0,45.9,35.1 / 128,34.4 / 124
13630,NC,White/Gold Hybrid,M,72,68.3,91.1,123,34.5,33.8,34.5,124,33.8,122,46.0,45.1,34.5 / 124,33.8 / 122
13630,NC,Gold Tees,M,72,66.7,87.4,112,33.6,33.1,33.6,114,33.1,109,44.2,43.2,33.6 / 114,33.1 / 109
13630,NC,Red Tees,M,70,63.5,83.2,106,31.9,31.6,31.9,107,31.6,105,41.8,41.4,31.9 / 107,31.6 / 105
13630,NC,White Tees,F,72,75.2,108.2,140,38.0,37.2,38.0,142,37.2,138,54.7,53.5,38.0 / 142,37.2 / 138
13630,NC,Gold Tees,F,72,71.7,102.5,131,36.4,35.3,36.4,133,35.3,128,52.1,50.4,36.4 / 133,35.3 / 128
13630,NC,Red Tees,F,72,67.7,95.4,118,34.0,33.7,34.0,120,33.7,115,48.1,47.3,34.0 / 120,33.7 / 115
13630,NC,Red/Teal Hybrid,F,72,66.5,93.6,115,33.3,33.2,33.3,117,33.2,113,47.1,46.5,33.3 / 117,33.2 / 113
13630,NC,Teal Tees,F,72,64.7,91.0,112,32.7,32.0,32.7,114,32.0,109,46.1,44.9,32.7 / 114,32.0 / 109
13629,NC,Thistle Tees,M,71,74.0,100.0,140,36.6,37.4,36.6,140,37.4,140,49.6,50.4,36.6 / 140,37.4 / 140
13629,NC,Blue Tees,M,71,71.7,97.1,137,35.4,36.3,35.4,138,36.3,136,48.2,48.9,35.4 / 138,36.3 / 136
13629,NC,White Tees,M,71,69.1,92.7,127,34.0,35.1,34.0,126,35.1,128,45.7,47.0,34.0 / 126,35.1 / 128
13629,NC,White/Gold Hybrid,M,71,68.0,90.8,123,33.5,34.5,33.5,122,34.5,124,44.8,46.0,33.5 / 122,34.5 / 124
13629,NC,Gold Tees,M,71,66.2,87.5,115,32.6,33.6,32.6,115,33.6,114,43.3,44.2,32.6 / 115,33.6 / 114
13629,NC,Red Tees,M,70,62.8,82.9,109,30.9,31.9,30.9,110,31.9,107,41.1,41.8,30.9 / 110,31.9 / 107
13629,NC,White Tees,F,71,75.1,108.2,141,37.1,38.0,37.1,139,38.0,142,53.5,54.7,37.1 / 139,38.0 / 142
13629,NC,Gold Tees,F,71,71.6,103.0,133,35.2,36.4,35.2,133,36.4,133,50.9,52.1,35.2 / 133,36.4 / 133
13629,NC,Red Tees,F,71,66.8,93.9,115,32.8,34.0,32.8,110,34.0,120,45.8,48.1,32.8 / 110,34.0 / 120
13629,NC,Red/Teal Hybrid,F,71,65.5,92.1,113,32.2,33.3,32.2,109,33.3,117,45.0,47.1,32.2 / 109,33.3 / 117
13629,NC,Teal Tees,F,71,64.2,90.1,110,31.5,32.7,31.5,106,32.7,114,44.0,46.1,31.5 / 106,32.7 / 114
433,NC,Black Tees,M,72,73.1,98.1,135,36.3,36.8,36.3,131,36.8,138,48.5,49.6,36.3 / 131,36.8 / 138
433,NC,Blue Tees,M,72,70.8,94.3,127,35.2,35.6,35.2,129,35.6,124,47.2,47.1,35.2 / 129,35.6 / 124
433,NC,Gold Tees,M,72,69.4,92.2,123,34.3,35.1,34.3,125,35.1,121,45.9,46.3,34.3 / 125,35.1 / 121
433,NC,White Tees,M,72,67.4,89.3,118,33.2,34.2,33.2,116,34.2,119,44.0,45.3,33.2 / 116,34.2 / 119
433,NC,White/Red Hybrid,M,72,65.0,86.0,113,32.1,32.9,32.1,112,32.9,114,42.5,43.5,32.1 / 112,32.9 / 114
433,NC,Red Tees,M,71,63.6,83.9,110,31.5,32.1,31.5,109,32.1,110,41.6,42.3,31.5 / 109,32.1 / 110
433,NC,Blue Tees,F,72,77.0,108.7,135,38.2,38.8,38.2,133,38.8,136,53.9,54.8,38.2 / 133,38.8 / 136
433,NC,Gold Tees,F,71,75.1,105.9,131,37.1,38.0,37.1,128,38.0,133,52.2,53.7,37.1 / 128,38.0 / 133
433,NC,White Tees,F,71,72.7,102.6,127,35.8,36.9,35.8,124,36.9,130,50.4,52.2,35.8 / 124,36.9 / 130
433,NC,White/Red Hybrid,F,71,69.6,98.0,122,34.3,35.3,34.3,122,35.3,121,48.6,49.4,34.3 / 122,35.3 / 121
433,NC,Red Tees,F,71,67.2,94.9,118,33.0,34.2,33.0,121,34.2,114,47.3,47.6,33.0 / 121,34.2 / 114
263,NC,Blue Tees,M,71,71.2,96.5,136,35.7,35.5,35.7,141,35.5,131,48.8,47.7,35.7 / 141,35.5 / 131
263,NC,White Tees,M,71,68.5,91.9,126,34.2,34.3,34.2,127,34.3,125,46.0,45.9,34.2 / 127,34.3 / 125
263,NC,Gold Tees,M,71,65.2,86.1,113,32.5,32.7,32.5,114,32.7,111,43.1,43.0,32.5 / 114,32.7 / 111
263,NC,Red Tees,M,68,62.9,83.0,109,31.3,31.6,31.3,110,31.6,107,41.5,41.5,31.3 / 110,31.6 / 107
263,NC,Blue Tees,F,72,77.6,112.7,149,38.8,38.8,38.8,148,38.8,149,56.3,56.4,38.8 / 148,38.8 / 149
263,NC,White Tees,F,72,74.3,107.7,142,37.1,37.2,37.1,141,37.2,142,53.7,54.0,37.1 / 141,37.2 / 142
263,NC,Gold Tees,F,72,70.0,98.9,123,34.9,35.1,34.9,123,35.1,122,49.4,49.5,34.9 / 123,35.1 / 122
263,NC,Red Tees,F,71,66.8,94.6,118,33.0,33.8,33.0,118,33.8,118,46.9,47.7,33.0 / 118,33.8 / 118
112,NC,Ripper Tees,M,71,72.5,99.4,145,35.6,36.9,35.6,142,36.9,147,48.8,50.6,35.6 / 142,36.9 / 147
112,NC,Disc Tees,M,71,71.3,97.8,143,35.2,36.1,35.2,141,36.1,144,48.3,49.5,35.2 / 141,36.1 / 144
112,NC,Disc/Plow Hybrid,M,71,70.0,95.3,136,34.4,35.6,34.4,139,35.6,133,47.3,48.0,34.4 / 139,35.6 / 133
112,NC,Plow Tees,M,71,69.4,94.0,132,34.0,35.4,34.0,133,35.4,131,46.4,47.6,34.0 / 133,35.4 / 131
112,NC,Points Tees,M,71,66.9,90.0,125,33.0,33.9,33.0,127,33.9,122,44.8,45.2,33.0 / 127,33.9 / 122
112,NC,Cultivator Tees,M,70,62.6,84.4,117,31.0,31.6,31.0,119,31.6,115,42.1,42.3,31.0 / 119,31.6 / 115
112,NC,Plow Tees,F,71,75.7,109.9,145,37.3,38.4,37.3,141,38.4,149,53.9,56.0,37.3 / 141,38.4 / 149
112,NC,Points Tees,F,71,71.7,103.8,136,35.7,36.0,35.7,134,36.0,138,51.5,52.3,35.7 / 134,36.0 / 138
112,NC,Cultivator Tees,F,71,67.0,94.8,118,33.3,33.7,33.3,115,33.7,120,46.9,47.9,33.3 / 115,33.7 / 120
405,NC,Black Tees,M,72,72.8,99.8,146,37.3,35.5,37.3,152,35.5,139,51.4,48.4,37.3 / 152,35.5 / 139
405,NC,Silver Tees,M,72,71.0,96.5,137,36.7,34.3,36.7,146,34.3,128,50.3,46.2,36.7 / 146,34.3 / 128
405,NC,Silver/White Hybrid,M,72,69.4,94.2,134,35.8,33.6,35.8,143,33.6,124,49.1,45.1,35.8 / 143,33.6 / 124
405,NC,White Tees,M,72,68.1,91.9,128,35.0,33.1,35.0,137,33.1,119,47.7,44.2,35.0 / 137,33.1 / 119
405,NC,White/Gold Hybrid,M,72,65.8,89.1,125,33.8,32.0,33.8,133,32.0,117,46.2,42.9,33.8 / 133,32.0 / 117
405,NC,Gold Tees,M,71,63.8,86.4,122,32.7,31.1,32.7,128,31.1,115,44.6,41.8,32.7 / 128,31.1 / 115
405,NC,White Tees,F,72,73.7,107.8,145,38.0,35.7,38.0,148,35.7,142,55.4,52.4,38.0 / 148,35.7 / 142
405,NC,White/Gold Hybrid,F,72,70.8,103.3,138,36.5,34.3,36.5,142,34.3,134,53.2,50.1,36.5 / 142,34.3 / 134
405,NC,Gold Tees,F,72,68.0,97.5,125,35.2,32.8,35.2,130,32.8,120,50.5,47.0,35.2 / 130,32.8 / 120
59,NC,Black Tees,M,72,73.8,100.3,143,37.0,36.8,37.0,143,36.8,142,50.3,50.0,37.0 / 143,36.8 / 142
59,NC,Black/Blue Hybrid,M,72,72.9,99.0,141,36.5,36.4,36.5,141,36.4,140,49.6,49.4,36.5 / 141,36.4 / 140
59,NC,Blue Tees,M,72,72.0,97.6,138,36.0,36.0,36.0,138,36.0,138,48.8,48.8,36.0 / 138,36.0 / 138
59,NC,Palmer Hybrid,M,72,70.9,95.9,135,35.3,35.6,35.3,137,35.6,132,48.0,47.9,35.3 / 137,35.6 / 132
59,NC,White Tees,M,72,69.8,93.8,129,34.8,35.0,34.8,130,35.0,128,46.9,46.9,34.8 / 130,35.0 / 128
59,NC,White/Gold Hybrid,M,72,67.7,90.3,122,33.9,33.8,33.9,121,33.8,123,45.1,45.2,33.9 / 121,33.8 / 123
59,NC,Gold Tees,M,72,66.8,89.1,120,33.9,32.9,33.9,119,32.9,121,45.0,44.1,33.9 / 119,32.9 / 121
59,NC,Gold/Green Hybrid,M,72,64.7,86.4,117,32.8,31.9,32.8,114,31.9,119,43.4,43.0,32.8 / 114,31.9 / 119
59,NC,Green Tees,M,72,63.8,84.6,112,32.3,31.5,32.3,109,31.5,115,42.4,42.2,32.3 / 109,31.5 / 115
59,NC,White Tees,F,72,75.7,109.0,141,37.8,37.9,37.8,140,37.9,142,54.3,54.7,37.8 / 140,37.9 / 142
59,NC,White/Gold Hybrid,F,72,73.3,105.4,137,36.7,36.6,36.7,136,36.6,137,52.7,52.7,36.7 / 136,36.6 / 137
59,NC,Gold Tees,F,72,72.1,103.6,134,36.4,35.7,36.4,135,35.7,132,52.3,51.3,36.4 / 135,35.7 / 132
59,NC,Gold/Green Hybrid,F,72,70.0,100.6,130,35.4,34.6,35.4,134,34.6,126,51.2,49.4,35.4 / 134,34.6 / 126
59,NC,Green Tees,F,72,68.3,97.8,125,34.7,33.6,34.7,131,33.6,119,50.2,47.6,34.7 / 131,33.6 / 119
437,NC,Gold Tees,M,72,72.2,98.3,141,36.0,36.2,36.0,145,36.2,136,49.5,48.8,36.0 / 145,36.2 / 136
437,NC,Green Tees,M,72,70.5,95.3,134,35.1,35.4,35.1,135,35.4,132,47.6,47.7,35.1 / 135,35.4 / 132
437,NC,White Tees,M,72,68.3,91.5,125,34.3,34.0,34.3,128,34.0,122,46.2,45.3,34.3 / 128,34.0 / 122
437,NC,Red Tees,M,72,64.4,85.4,113,32.4,32.0,32.4,115,32.0,111,43.1,42.3,32.4 / 115,32.0 / 111
437,NC,White Tees,F,72,73.6,105.1,134,37.0,36.6,37.0,139,36.6,128,53.4,51.7,37.0 / 139,36.6 / 128
437,NC,Red Tees,F,72,68.7,97.4,122,34.3,34.4,34.3,126,34.4,117,49.2,48.2,34.3 / 126,34.4 / 117
196,NC,Gold Tees,M,72,74.3,100.0,139,37.1,37.2,37.1,135,37.2,142,49.6,50.4,37.1 / 135,37.2 / 142
196,NC,Blue Tees,M,72,72.3,97.3,135,36.2,36.1,36.2,131,36.1,139,48.3,49.0,36.2 / 131,36.1 / 139
196,NC,Blue - White Hybrid,M,72,71.0,95.7,133,35.5,35.5,35.5,130,35.5,136,47.6,48.1,35.5 / 130,35.5 / 136
196,NC,White Tees,M,72,70.1,94.4,131,35.0,35.1,35.0,129,35.1,132,47.0,47.4,35.0 / 129,35.1 / 132
196,NC,White - Green Hybrid,M,72,68.2,92.0,127,34.3,33.9,34.3,126,33.9,128,46.1,45.9,34.3 / 126,33.9 / 128
196,NC,Green Tees,M,72,66.9,89.5,122,33.8,33.1,33.8,124,33.1,119,45.4,44.1,33.8 / 124,33.1 / 119
196,NC,Red Tees,M,72,64.8,86.2,115,32.5,32.3,32.5,117,32.3,113,43.4,42.8,32.5 / 117,32.3 / 113
196,NC,Red - Black Hybrid,M,72,61.5,81.0,105,30.4,31.1,30.4,103,31.1,107,40.0,41.0,30.4 / 103,31.1 / 107
196,NC,Black Tees,M,72,59.6,78.4,101,29.9,29.7,29.9,100,29.7,102,39.2,39.2,29.9 / 100,29.7 / 102
196,NC,White Tees,F,72,76.2,109.5,141,38.1,38.1,38.1,139,38.1,143,54.5,55.0,38.1 / 139,38.1 / 143
196,NC,White - Green Hybrid,F,72,74.0,105.7,135,37.3,36.7,37.3,130,36.7,139,52.6,53.1,37.3 / 130,36.7 / 139
196,NC,Green Tees,F,72,72.3,102.9,130,36.7,35.6,36.7,128,35.6,131,51.8,51.1,36.7 / 128,35.6 / 131
196,NC,Red Tees,F,72,69.6,99.0,125,35.1,34.5,35.1,120,34.5,129,49.3,49.7,35.1 / 120,34.5 / 129
196,NC,Red - Black Hybrid,F,72,64.2,90.2,110,31.7,32.5,31.7,106,32.5,114,44.2,46.0,31.7 / 106,32.5 / 114
196,NC,Black Tees,F,72,61.3,84.0,97,30.6,30.7,30.6,98,30.7,95,42.1,41.9,30.6 / 98,30.7 / 95
188,NC,Cranberry Tees,M,72,71.5,98.4,145,35.7,35.8,35.7,143,35.8,146,49.0,49.4,35.7 / 143,35.8 / 146
188,NC,Cranberry-White Tees,M,72,69.7,95.5,139,34.7,35.0,34.7,142,35.0,136,47.9,47.6,34.7 / 142,35.0 / 136
188,NC,White Tees,M,72,68.9,93.8,134,34.5,34.4,34.5,138,34.4,130,47.3,46.5,34.5 / 138,34.4 / 130
188,NC,White-Gold Tees,M,72,67.3,91.8,132,34.2,33.1,34.2,135,33.1,129,46.7,45.1,34.2 / 135,33.1 / 129
188,NC,Gold Tees,M,72,64.9,88.2,126,33.0,31.9,33.0,125,31.9,126,44.6,43.6,33.0 / 125,31.9 / 126
188,NC,Gold-Green Tees,M,72,63.2,85.9,123,31.7,31.5,31.7,121,31.5,124,42.9,43.0,31.7 / 121,31.5 / 124
188,NC,Green Tees,M,72,62.0,83.8,117,31.4,30.6,31.4,115,30.6,119,42.1,41.7,31.4 / 115,30.6 / 119
188,NC,White Tees,F,72,73.8,108.4,147,37.1,36.7,37.1,149,36.7,144,54.7,53.7,37.1 / 149,36.7 / 144
188,NC,White-Gold Tees,F,72,72.2,104.9,139,36.6,35.6,36.6,142,35.6,136,53.3,51.6,36.6 / 142,35.6 / 136
188,NC,Gold Tees,F,72,69.9,100.3,129,35.6,34.3,35.6,132,34.3,126,51.2,49.1,35.6 / 132,34.3 / 126
188,NC,Gold-Green Tees,F,72,67.3,96.1,122,33.7,33.6,33.7,121,33.6,123,48.0,48.1,33.7 / 121,33.6 / 123
188,NC,Green Tees,F,72,65.2,92.9,118,33.1,32.1,33.1,118,32.1,117,47.0,45.9,33.1 / 118,32.1 / 117
43,NC,Black Tees,M,72,75.7,102.8,146,37.1,38.6,37.1,144,38.6,147,50.5,52.3,37.1 / 144,38.6 / 147
43,NC,Gold Tees,M,72,73.8,100.1,142,36.1,37.7,36.1,140,37.7,143,49.1,51.0,36.1 / 140,37.7 / 143
43,NC,Gold/Blue Hybrid,M,72,72.6,98.3,139,35.7,36.9,35.7,139,36.9,138,48.6,49.7,35.7 / 139,36.9 / 138
43,NC,Blue Tees,M,72,71.1,96.5,137,34.8,36.3,34.8,138,36.3,136,47.6,48.9,34.8 / 138,36.3 / 136
43,NC,Blue/White Hybrid,M,72,70.0,93.5,127,34.5,35.5,34.5,126,35.5,127,46.2,47.3,34.5 / 126,35.5 / 127
43,NC,White Tees,M,72,68.2,90.4,120,33.4,34.8,33.4,117,34.8,122,44.3,46.1,33.4 / 117,34.8 / 122
43,NC,White/Red Hybrid,M,72,66.7,88.0,115,32.9,33.8,32.9,111,33.8,118,43.2,44.8,32.9 / 111,33.8 / 118
43,NC,Red Tees,M,72,65.8,85.8,108,32.5,33.3,32.5,100,33.3,115,41.8,44.0,32.5 / 100,33.3 / 115
43,NC,Blue Tees,F,72,77.2,111.3,145,37.9,39.3,37.9,142,39.3,148,54.6,56.7,37.9 / 142,39.3 / 148
43,NC,White Tees,F,72,73.0,105.5,138,35.7,37.3,35.7,134,37.3,142,51.5,54.0,35.7 / 134,37.3 / 142
43,NC,White/Red Hybrid,F,72,71.6,101.3,126,35.1,36.5,35.1,123,36.5,129,49.6,51.7,35.1 / 123,36.5 / 129
43,NC,Red Tees,F,72,69.8,98.1,120,34.0,35.8,34.0,117,35.8,123,47.8,50.3,34.0 / 117,35.8 / 123
136,NC,Blue-Yellow Tees,M,72,71.1,94.7,127,35.6,35.5,35.6,126,35.5,128,47.3,47.4,35.6 / 126,35.5 / 128
136,NC,Green-Brown Tees,M,72,67.6,90.4,123,33.8,33.8,33.8,121,33.8,125,45.0,45.4,33.8 / 121,33.8 / 125
136,NC,White-Red Tees,M,72,66.0,87.8,117,32.8,33.2,32.8,115,33.2,119,43.5,44.3,32.8 / 115,33.2 / 119
136,NC,Forward Yellow Tees,M,72,61.7,81.0,104,30.8,30.9,30.8,103,30.9,104,40.4,40.6,30.8 / 103,30.9 / 104
136,NC,Forward Blue Tees,M,72,59.3,77.6,99,29.6,29.7,29.6,98,29.7,99,38.7,38.9,29.6 / 98,29.7 / 99
136,NC,Green-Brown Tees,F,72,73.3,103.9,130,36.6,36.7,36.6,130,36.7,130,51.9,52.0,36.6 / 130,36.7 / 130
136,NC,White-Red Tees,F,72,71.5,100.6,124,35.5,36.0,35.5,123,36.0,124,50.0,50.6,35.5 / 123,36.0 / 124
136,NC,Forward Yellow Tees,F,72,66.1,93.2,115,33.0,33.1,33.0,114,33.1,116,46.4,46.8,33.0 / 114,33.1 / 116
136,NC,Forward Blue Tees,F,72,61.5,86.1,104,30.7,30.8,30.7,103,30.8,105,42.9,43.2,30.7 / 103,30.8 / 105
342,NC,Blue Tees,M,72,69.1,92.3,125,34.4,34.7,34.4,124,34.7,126,45.9,46.4,34.4 / 124,34.7 / 126
342,NC,White Tees,M,72,67.3,89.2,118,33.4,33.9,33.4,119,33.9,116,44.5,44.7,33.4 / 119,33.9 / 116
342,NC,Gold Tees,M,71,64.1,84.0,107,32.2,31.9,32.2,111,31.9,103,42.5,41.5,32.2 / 111,31.9 / 103
342,NC,Red Tees,M,71,62.4,81.3,102,31.6,30.8,31.6,107,30.8,97,41.5,39.8,31.6 / 107,30.8 / 97
342,NC,White Tees,F,72,72.8,102.8,127,36.3,36.5,36.3,128,36.5,126,51.4,51.4,36.3 / 128,36.5 / 126
342,NC,Gold Tees,F,72,69.1,96.4,116,34.7,34.4,34.7,116,34.4,115,48.4,48.0,34.7 / 116,34.4 / 115
342,NC,Red Tees,F,72,66.5,93.1,113,33.7,32.8,33.7,120,32.8,106,47.8,45.3,33.7 / 120,32.8 / 106
199,NC,Blue Tees,M,72,70.0,95.2,136,35.0,35.0,35.0,130,35.0,141,47.1,48.1,35.0 / 130,35.0 / 141
199,NC,White Tees,M,72,68.0,91.3,126,33.8,34.2,33.8,124,34.2,127,45.3,46.0,33.8 / 124,34.2 / 127
199,NC,Gold Tees,M,72,66.4,88.2,117,33.0,33.4,33.0,119,33.4,115,44.1,44.1,33.0 / 119,33.4 / 115
199,NC,Red Tees,M,70,62.9,83.2,109,31.7,31.2,31.7,115,31.2,103,42.4,40.8,31.7 / 115,31.2 / 103
199,NC,White Tees,F,73,73.6,105.5,136,36.6,37.0,36.6,129,37.0,142,51.8,53.7,36.6 / 129,37.0 / 142
199,NC,Gold Tees,F,73,71.7,102.4,130,35.9,35.8,35.9,128,35.8,132,51.0,51.4,35.9 / 128,35.8 / 132
199,NC,Red Tees,F,73,67.3,94.4,115,34.6,32.7,34.6,120,32.7,110,48.7,45.7,34.6 / 120,32.7 / 110
13698,NC,Blue Tees,M,72,71.0,95.3,131,34.9,36.1,34.9,132,36.1,129,47.2,48.1,34.9 / 132,36.1 / 129
13698,NC,White Tees,M,72,69.2,92.3,125,33.8,35.4,33.8,125,35.4,124,45.4,46.9,33.8 / 125,35.4 / 124
13698,NC,Gold Tees,M,72,67.4,88.9,116,33.1,34.3,33.1,116,34.3,115,43.9,45.0,33.1 / 116,34.3 / 115
13698,NC,Red Tees,M,72,64.6,84.9,110,32.0,32.6,32.0,110,32.6,109,42.2,42.7,32.0 / 110,32.6 / 109
13698,NC,White Tees,F,73,74.8,106.5,134,36.7,38.1,36.7,131,38.1,137,52.2,54.3,36.7 / 131,38.1 / 137
13698,NC,Gold Tees,F,73,72.5,103.0,130,35.6,36.9,35.6,129,36.9,130,50.8,52.2,35.6 / 129,36.9 / 130
13698,NC,Red Tees,F,73,69.3,98.3,123,34.4,34.9,34.4,124,34.9,122,49.0,49.3,34.4 / 124,34.9 / 122
139,NC,Black Tees,M,70,71.6,96.0,131,36.0,35.6,36.0,129,35.6,133,48.0,48.0,36.0 / 129,35.6 / 133
139,NC,White Tees,M,70,68.8,92.4,127,34.6,34.2,34.6,127,34.2,127,46.4,46.0,34.6 / 127,34.2 / 127
139,NC,Yellow Tees,M,70,66.4,88.1,117,33.6,32.8,33.6,117,32.8,116,44.5,43.6,33.6 / 117,32.8 / 116
139,NC,Red Tees,M,70,65.1,84.9,107,32.8,32.3,32.8,107,32.3,107,42.7,42.2,32.8 / 107,32.3 / 107
139,NC,Green Tees,M,70,61.8,81.2,104,30.8,31.0,30.8,103,31.0,105,40.4,40.8,30.8 / 103,31.0 / 105
139,NC,White Tees,F,70,75.0,106.5,134,37.8,37.2,37.8,134,37.2,133,53.6,52.9,37.8 / 134,37.2 / 133
139,NC,Yellow Tees,F,70,71.6,101.5,127,36.5,35.1,36.5,129,35.1,125,51.7,49.8,36.5 / 129,35.1 / 125
139,NC,Red Tees,F,70,68.9,96.9,119,34.9,34.0,34.9,120,34.0,117,49.1,47.8,34.9 / 120,34.0 / 117
139,NC,Green Tees,F,70,65.1,90.5,108,32.7,32.4,32.7,109,32.4,107,45.5,45.0,32.7 / 109,32.4 / 107
6571,NC,Black Tees,M,72,71.6,94.7,125,35.6,36.0,35.6,125,36.0,124,47.2,47.5,35.6 / 125,36.0 / 124
6571,NC,Blue Tees,M,72,70.0,92.4,121,35.0,35.0,35.0,123,35.0,118,46.4,46.0,35.0 / 123,35.0 / 118
6571,NC,White Tees,M,72,67.1,88.5,115,33.5,33.6,33.5,115,33.6,115,44.2,44.3,33.5 / 115,33.6 / 115
6571,NC,Red Tees,M,72,64.3,83.5,103,32.0,32.3,32.0,101,32.3,105,41.4,42.1,32.0 / 101,32.3 / 105
6571,NC,Red Tees,F,72,69.2,96.3,115,34.4,34.8,34.4,114,34.8,116,47.8,48.5,34.4 / 114,34.8 / 116
218,NC,Black Tees,M,72,74.8,102.5,149,37.2,37.6,37.2,146,37.6,152,50.8,51.7,37.2 / 146,37.6 / 152
218,NC,Black/Blue Hybrid,M,72,73.1,100.4,147,36.6,36.5,36.6,144,36.5,150,50.0,50.4,36.6 / 144,36.5 / 150
218,NC,Blue Tees,M,72,71.8,98.4,144,35.5,36.3,35.5,138,36.3,149,48.3,50.1,35.5 / 138,36.3 / 149
218,NC,Blue/White Hybrid,M,72,70.5,96.5,140,35.1,35.4,35.1,135,35.4,145,47.6,48.9,35.1 / 135,35.4 / 145
218,NC,White Tees,M,72,69.4,94.3,134,34.3,35.1,34.3,130,35.1,138,46.4,47.9,34.3 / 130,35.1 / 138
218,NC,White/Gold Hybrid,M,72,67.1,90.0,124,33.5,33.6,33.5,125,33.6,122,45.1,44.9,33.5 / 125,33.6 / 122
218,NC,Gold Tees,M,72,66.3,88.6,120,32.9,33.4,32.9,121,33.4,119,44.1,44.5,32.9 / 121,33.4 / 119
218,NC,Green Tees,M,72,65.2,86.9,117,32.6,32.6,32.6,117,32.6,116,43.5,43.4,32.6 / 117,32.6 / 116
218,NC,Green/Red Hybrid,M,70,61.6,82.6,111,30.7,30.9,30.7,112,30.9,110,41.1,41.2,30.7 / 112,30.9 / 110
218,NC,Red Tees,M,66,58.3,77.8,105,30.0,28.3,30.0,110,28.3,100,40.2,37.6,30.0 / 110,28.3 / 100
218,NC,White Tees,F,72,74.9,109.1,145,36.9,38.0,36.9,137,38.0,153,53.0,56.1,36.9 / 137,38.0 / 153
218,NC,Gold Tees,F,72,70.7,102.3,134,35.2,35.5,35.2,131,35.5,137,50.7,51.6,35.2 / 131,35.5 / 137
218,NC,Green Tees,F,72,70.2,100.5,129,35.1,35.1,35.1,131,35.1,126,50.5,50.0,35.1 / 131,35.1 / 126
218,NC,Green/Red Hybrid,F,72,64.4,92.7,118,32.2,32.2,32.2,119,32.2,117,46.2,46.1,32.2 / 119,32.2 / 117
218,NC,Red Tees,F,69,60.4,86.1,109,30.7,29.7,30.7,110,29.7,108,43.7,42.4,30.7 / 110,29.7 / 108
226,NC,White-Blue Tees,M,72,69.1,92.4,126,34.8,34.3,34.8,128,34.3,123,46.7,45.7,34.8 / 128,34.3 / 123
226,NC,Silver-Gold Tees,M,72,64.4,85.7,115,32.4,32.0,32.4,113,32.0,116,42.9,42.8,32.4 / 113,32.0 / 116
226,NC,Red-Yellow Tees,F,72,67.6,95.9,120,34.0,33.6,34.0,120,33.6,120,48.2,47.7,34.0 / 120,33.6 / 120
395,NC,Green Tees,M,72,72.3,96.8,132,36.4,35.9,36.4,129,35.9,135,48.4,48.4,36.4 / 129,35.9 / 135
395,NC,Blue Tees,M,72,70.0,93.3,126,35.3,34.7,35.3,127,34.7,124,47.1,46.2,35.3 / 127,34.7 / 124
395,NC,White Tees,M,72,67.9,90.1,120,34.1,33.8,34.1,121,33.8,118,45.3,44.8,34.1 / 121,33.8 / 118
395,NC,Gold Tees,M,72,65.1,85.2,109,32.6,32.5,32.6,110,32.5,107,42.8,42.4,32.6 / 110,32.5 / 107
395,NC,Red Tees,M,72,62.3,81.3,102,31.4,30.9,31.4,101,30.9,103,40.8,40.5,31.4 / 101,30.9 / 103
395,NC,Green Tees,F,77,78.7,111.2,138,39.6,39.1,39.6,137,39.1,138,55.8,55.4,39.6 / 137,39.1 / 138
395,NC,Blue Tees,F,72,76.2,107.3,132,38.5,37.7,38.5,132,37.7,131,54.1,53.2,38.5 / 132,37.7 / 131
395,NC,White Tees,F,72,73.8,103.8,127,37.3,36.5,37.3,126,36.5,128,52.2,51.6,37.3 / 126,36.5 / 128
395,NC,Gold Tees,F,72,70.0,98.3,120,35.2,34.8,35.2,118,34.8,122,49.1,49.2,35.2 / 118,34.8 / 122
395,NC,Red Tees,F,72,66.7,93.0,112,33.6,33.1,33.6,112,33.1,111,46.8,46.2,33.6 / 112,33.1 / 111
163,NC,Fazio Tees,M,72,76.2,103.5,147,38.2,38.0,38.2,146,38.0,147,51.8,51.7,38.2 / 146,38.0 / 147
163,NC,Long Course Tees,M,72,75.2,102.0,144,37.8,37.4,37.8,144,37.4,144,51.2,50.8,37.8 / 144,37.4 / 144
163,NC,McKee Tees,M,72,74.4,101.0,143,37.2,37.2,37.2,142,37.2,144,50.4,50.6,37.2 / 142,37.2 / 144
163,NC,Tournament Tees,M,72,72.7,98.4,139,36.3,36.4,36.3,140,36.4,137,49.3,49.1,36.3 / 140,36.4 / 137
163,NC,Wade Hampton Tees,M,72,71.1,96.3,136,35.5,35.6,35.5,137,35.6,135,48.2,48.1,35.5 / 137,35.6 / 135
163,NC,Senior Tourney Tees,M,72,69.2,94.0,134,34.4,34.8,34.4,135,34.8,132,46.9,47.1,34.4 / 135,34.8 / 132
163,NC,Founders Tees,M,72,68.2,92.5,131,34.3,33.9,34.3,132,33.9,129,46.6,45.9,34.3 / 132,33.9 / 129
163,NC,Super Senior Tees,M,72,65.7,87.9,119,33.0,32.7,33.0,119,32.7,119,44.1,43.8,33.0 / 119,32.7 / 119
163,NC,Chimney Top Tees,M,72,64.6,85.6,113,32.4,32.2,32.4,110,32.2,116,42.6,43.0,32.4 / 110,32.2 / 116
163,NC,Wade Hampton Tees,F,72,77.2,112.5,150,38.6,38.6,38.6,151,38.6,148,56.4,56.1,38.6 / 151,38.6 / 148
163,NC,Founders Tees,F,72,73.8,107.2,142,37.2,36.6,37.2,143,36.6,140,54.1,53.1,37.2 / 143,36.6 / 140
163,NC,Combination Tees,F,72,70.8,102.5,135,35.5,35.3,35.5,138,35.3,131,51.8,50.7,35.5 / 138,35.3 / 131
163,NC,Chimney Top Tees,F,72,68.1,98.1,128,33.9,34.2,33.9,130,34.2,125,49.2,48.9,33.9 / 130,34.2 / 125
422,NC,Gold Tees,M,71,75.3,100.6,136,37.3,38.0,37.3,133,38.0,139,49.7,50.9,37.3 / 133,38.0 / 139
422,NC,Blue Tees,M,71,73.3,97.9,133,36.5,36.8,36.5,130,36.8,135,48.6,49.3,36.5 / 130,36.8 / 135
422,NC,Blue/White Hybrid,M,71,71.6,96.0,131,35.6,36.0,35.6,129,36.0,133,47.6,48.4,35.6 / 129,36.0 / 133
422,NC,White Tees,M,71,70.5,94.6,130,34.8,35.7,34.8,128,35.7,131,46.7,47.9,34.8 / 128,35.7 / 131
422,NC,White/Green Hybrid,M,71,69.4,93.0,127,34.4,35.0,34.4,127,35.0,127,46.2,46.8,34.4 / 127,35.0 / 127
422,NC,Green Tees,M,71,68.5,91.9,126,34.0,34.5,34.0,126,34.5,126,45.7,46.2,34.0 / 126,34.5 / 126
422,NC,Green/Red Hybrid,M,71,66.8,89.7,123,33.2,33.6,33.2,123,33.6,122,44.6,44.9,33.2 / 123,33.6 / 122
422,NC,Red Tees,M,71,64.5,85.9,115,31.9,32.6,31.9,114,32.6,116,42.5,43.4,31.9 / 114,32.6 / 116
422,NC,Silver Tees,M,71,61.4,81.3,108,30.5,30.9,30.5,107,30.9,108,40.4,40.9,30.5 / 107,30.9 / 108
422,NC,White Tees,F,71,77.3,111.8,146,38.1,39.2,38.1,144,39.2,148,55.1,56.7,38.1 / 144,39.2 / 148
422,NC,Green Tees,F,71,74.4,106.9,138,37.0,37.4,37.0,137,37.4,139,53.1,53.8,37.0 / 137,37.4 / 139
422,NC,Red Tees,F,71,69.4,98.4,123,34.3,35.1,34.3,123,35.1,123,48.8,49.6,34.3 / 123,35.1 / 123
422,NC,Silver Tees,F,71,64.9,91.7,114,32.2,32.7,32.2,114,32.7,113,45.7,46.0,32.2 / 114,32.7 / 113
178,NC,Blue Tees,M,66,64.6,86.2,116,32.3,32.3,32.3,116,32.3,116,43.1,43.1,32.3 / 116,32.3 / 116
178,NC,White Tees,M,66,62.0,82.6,111,31.0,31.0,31.0,111,31.0,111,41.3,41.3,31.0 / 111,31.0 / 111
178,NC,Red Tees,M,64,57.2,72.4,82,28.6,28.6,28.6,82,28.6,82,36.2,36.2,28.6 / 82,28.6 / 82
178,NC,White Tees,F,66,66.0,92.2,111,33.0,33.0,33.0,111,33.0,111,46.1,46.1,33.0 / 111,33.0 / 111
178,NC,Red Tees,F,66,57.2,78.6,91,28.6,28.6,28.6,91,28.6,91,39.3,39.3,28.6 / 91,28.6 / 91
468,NC,Black Tees,M,72,73.8,98.9,136,36.5,37.3,36.5,135,37.3,136,49.0,49.9,36.5 / 135,37.3 / 136
468,NC,Blue Tees,M,72,72.2,96.7,132,35.8,36.4,35.8,131,36.4,132,48.0,48.7,35.8 / 131,36.4 / 132
468,NC,Blue/White Hybrid,M,72,70.9,95.1,130,35.2,35.7,35.2,129,35.7,131,47.2,47.9,35.2 / 129,35.7 / 131
468,NC,White Tees,M,72,69.8,93.3,127,34.8,35.0,34.8,125,35.0,128,46.4,46.9,34.8 / 125,35.0 / 128
468,NC,Gray Tees,M,72,67.3,89.5,120,34.0,33.3,34.0,116,33.3,123,44.8,44.7,34.0 / 116,33.3 / 123
468,NC,Red Tees,M,72,64.8,85.8,113,32.7,32.1,32.7,111,32.1,115,43.0,42.8,32.7 / 111,32.1 / 115
468,NC,Gold/Red Hybrid,M,72,62.7,82.9,109,31.5,31.2,31.5,108,31.2,110,41.5,41.4,31.5 / 108,31.2 / 110
468,NC,White Tees,F,72,75.7,107.5,135,37.8,37.9,37.8,135,37.9,135,53.7,53.8,37.8 / 135,37.9 / 135
468,NC,Gray Tees,F,72,72.7,103.0,129,36.5,36.2,36.5,130,36.2,127,51.8,51.2,36.5 / 130,36.2 / 127
468,NC,Red Tees,F,72,69.7,98.3,122,35.1,34.6,35.1,117,34.6,126,48.9,49.4,35.1 / 117,34.6 / 126
468,NC,Gold/Red Hybrid,F,72,66.3,94.0,117,33.3,33.0,33.3,114,33.0,120,46.8,47.2,33.3 / 114,33.0 / 120
275,NC,White to Blue Tees,M,72,68.3,92.2,129,34.2,34.1,34.2,128,34.1,129,46.1,46.1,34.2 / 128,34.1 / 129
275,NC,Gold Tees,M,72,66.8,88.0,114,33.4,33.4,33.4,114,33.4,114,44.0,44.0,33.4 / 114,33.4 / 114
275,NC,Red Tees,M,72,63.1,83.0,108,31.8,31.3,31.8,107,31.3,108,41.7,41.3,31.8 / 107,31.3 / 108
275,NC,Red Tees,F,72,67.1,94.1,115,33.8,33.3,33.8,115,33.3,114,47.4,46.7,33.8 / 115,33.3 / 114
14153,NC,Black Tees,M,71,72.4,96.9,132,35.2,37.2,35.2,131,37.2,132,47.4,49.5,35.2 / 131,37.2 / 132
14153,NC,Blue Tees,M,71,70.3,94.1,128,34.1,36.2,34.1,126,36.2,130,45.8,48.3,34.1 / 126,36.2 / 130
14153,NC,White Tees,M,71,67.5,90.3,123,33.2,34.3,33.2,117,34.3,128,44.1,46.2,33.2 / 117,34.3 / 128
14153,NC,Gold Tees,M,71,64.5,85.9,115,31.8,32.7,31.8,112,32.7,118,42.2,43.7,31.8 / 112,32.7 / 118
14153,NC,Blue Tees,F,71,76.4,109.1,139,37.1,39.3,37.1,131,39.3,146,52.6,56.5,37.1 / 131,39.3 / 146
14153,NC,White Tees,F,71,72.9,104.2,133,35.5,37.4,35.5,126,37.4,139,50.4,53.8,35.5 / 126,37.4 / 139
14153,NC,Gold Tees,F,71,69.5,98.7,124,34.3,35.2,34.3,120,35.2,127,48.5,50.2,34.3 / 120,35.2 / 127
14153,NC,Red Tees,F,71,65.7,92.9,116,31.9,33.8,31.9,111,33.8,120,45.0,47.9,31.9 / 111,33.8 / 120
26699,NC,Blue Tees,M,72,72.1,97.0,134,35.8,36.3,35.8,131,36.3,137,48.0,49.0,35.8 / 131,36.3 / 137
26699,NC,Gold Tees,M,72,70.8,94.9,130,35.2,35.6,35.2,128,35.6,131,47.1,47.8,35.2 / 128,35.6 / 131
26699,NC,White Tees,M,72,68.7,91.2,122,34.2,34.5,34.2,122,34.5,121,45.5,45.7,34.2 / 122,34.5 / 121
26699,NC,Green Tees,M,72,66.7,87.9,114,33.3,33.4,33.3,119,33.4,109,44.4,43.5,33.3 / 119,33.4 / 109
26699,NC,Red Tees,M,72,65.0,85.3,110,32.5,32.5,32.5,111,32.5,108,42.8,42.5,32.5 / 111,32.5 / 108
26699,NC,Purple Tees,M,72,62.3,81.7,105,31.0,31.3,31.0,107,31.3,102,40.9,40.8,31.0 / 107,31.3 / 102
26699,NC,White Tees,F,72,74.5,105.8,133,36.9,37.6,36.9,133,37.6,132,52.6,53.2,36.9 / 133,37.6 / 132
26699,NC,Green Tees,F,72,71.7,101.5,127,36.0,35.7,36.0,128,35.7,125,51.1,50.4,36.0 / 128,35.7 / 125
26699,NC,Red Tees,F,72,70.2,98.6,121,35.1,35.1,35.1,121,35.1,120,49.4,49.2,35.1 / 121,35.1 / 120
26699,NC,Purple Tees,F,72,65.7,91.7,111,32.9,32.8,32.9,112,32.8,109,46.1,45.6,32.9 / 112,32.8 / 109
184,NC,Blue Tees,M,72,72.1,97.0,134,36.7,35.4,36.7,138,35.4,130,49.5,47.5,36.7 / 138,35.4 / 130
184,NC,Gold Tees,M,72,70.8,95.0,130,36.2,34.6,36.2,133,34.6,127,48.6,46.4,36.2 / 133,34.6 / 127
184,NC,White Tees,M,72,68.7,91.3,122,35.2,33.5,35.2,126,33.5,117,46.9,44.4,35.2 / 126,33.5 / 117
184,NC,Green Tees,M,72,66.7,87.9,114,34.4,32.3,34.4,114,32.3,114,45.0,42.9,34.4 / 114,32.3 / 114
184,NC,Red Tees,M,72,65.0,85.4,110,33.7,31.3,33.7,111,31.3,109,44.0,41.4,33.7 / 111,31.3 / 109
184,NC,Purple Tees,M,72,62.3,81.8,105,32.1,30.2,32.1,105,30.2,104,41.9,39.9,32.1 / 105,30.2 / 104
184,NC,White Tees,F,72,74.5,105.9,133,38.1,36.4,38.1,140,36.4,126,54.6,51.3,38.1 / 140,36.4 / 126
184,NC,Green Tees,F,72,71.7,101.5,127,36.7,35.0,36.7,134,35.0,119,52.5,49.0,36.7 / 134,35.0 / 119
184,NC,Red Tees,F,72,70.2,98.7,121,36.1,34.1,36.1,126,34.1,115,51.0,47.7,36.1 / 126,34.1 / 115
184,NC,Purple Tees,F,72,65.7,91.8,111,33.8,31.9,33.8,115,31.9,106,47.4,44.4,33.8 / 115,31.9 / 106
33213,NC,Blue Tees,M,71,71.5,97.3,139,35.3,36.2,35.3,137,36.2,141,48.0,49.3,35.3 / 137,36.2 / 141
33213,NC,White Tees,M,71,69.7,93.6,129,34.5,35.2,34.5,126,35.2,131,46.2,47.4,34.5 / 126,35.2 / 131
33213,NC,Gold Tees,M,71,66.0,88.2,120,32.6,33.4,32.6,117,33.4,122,43.5,44.7,32.6 / 117,33.4 / 122
33213,NC,Red Tees,M,71,62.9,84.2,115,31.2,31.7,31.2,113,31.7,116,41.7,42.5,31.2 / 113,31.7 / 116
33213,NC,White Tees,F,71,75.3,109.0,143,37.3,38.0,37.3,139,38.0,147,53.7,55.3,37.3 / 139,38.0 / 147
33213,NC,Gold Tees,F,71,71.0,102.1,132,35.4,35.6,35.4,130,35.6,134,50.7,51.4,35.4 / 130,35.6 / 134
33213,NC,Red Tees,F,71,66.8,95.7,123,33.3,33.5,33.3,125,33.5,120,48.0,47.7,33.3 / 125,33.5 / 120
15065,NC,Black Tees,M,72,69.7,92.6,124,35.5,34.2,35.5,122,34.2,125,46.8,45.8,35.5 / 122,34.2 / 125
15065,NC,Yellow Tees,M,72,68.7,90.3,116,35.0,33.7,35.0,117,33.7,115,45.9,44.4,35.0 / 117,33.7 / 115
15065,NC,White Tees,M,72,67.6,88.4,112,34.3,33.3,34.3,114,33.3,110,44.9,43.5,34.3 / 114,33.3 / 110
15065,NC,Grey Tees,M,72,66.6,86.9,110,33.9,32.7,33.9,110,32.7,109,44.1,42.8,33.9 / 110,32.7 / 109
15065,NC,Red Tees,M,72,64.1,82.7,100,32.8,31.3,32.8,100,31.3,100,42.1,40.6,32.8 / 100,31.3 / 100
15065,NC,White Tees,F,72,73.2,103.0,126,37.4,35.8,37.4,121,35.8,131,51.7,51.3,37.4 / 121,35.8 / 131
15065,NC,Grey Tees,F,72,71.9,100.6,122,36.7,35.2,36.7,117,35.2,126,50.5,50.1,36.7 / 117,35.2 / 126
15065,NC,Red Tees,F,72,68.1,94.6,112,34.8,33.3,34.8,115,33.3,109,48.4,46.2,34.8 / 115,33.3 / 109
15065,NC,Pink Tees,F,72,63.6,87.5,102,32.2,31.4,32.2,102,31.4,101,44.2,43.3,32.2 / 102,31.4 / 101
229,NC,Blue Tees,M,71,70.4,93.3,124,35.0,35.4,35.0,123,35.4,124,46.4,46.9,35.0 / 123,35.4 / 124
229,NC,White Tees,M,71,69.1,91.5,121,34.3,34.8,34.3,122,34.8,119,45.6,45.9,34.3 / 122,34.8 / 119
229,NC,Gold Tees,M,71,64.9,85.3,110,32.0,32.9,32.0,112,32.9,108,42.4,42.9,32.0 / 112,32.9 / 108
229,NC,Red Tees,M,71,62.6,82.1,105,30.8,31.8,30.8,108,31.8,102,40.8,41.3,30.8 / 108,31.8 / 102
229,NC,White Tees,F,71,75.0,105.6,130,37.3,37.7,37.3,131,37.7,129,52.7,52.9,37.3 / 131,37.7 / 129
229,NC,Gold Tees,F,71,70.1,98.3,120,34.7,35.4,34.7,118,35.4,121,48.6,49.7,34.7 / 118,35.4 / 121
229,NC,Red Tees,F,71,66.4,93.4,115,32.8,33.6,32.8,113,33.6,116,46.1,47.3,32.8 / 113,33.6 / 116
295,NC,Blue Tees,M,72,73.6,97.3,128,36.8,36.8,36.8,129,36.8,126,48.8,48.5,36.8 / 129,36.8 / 126
295,NC,White Tees,M,72,70.8,94.0,125,35.5,35.3,35.5,124,35.3,126,47.0,47.0,35.5 / 124,35.3 / 126
295,NC,Yellow Tees,M,72,69.4,90.3,113,34.9,34.5,34.9,108,34.5,117,44.9,45.4,34.9 / 108,34.5 / 117
295,NC,Yellow/Red Hybrid,M,72,65.8,85.8,108,32.5,33.3,32.5,102,33.3,113,42.0,43.8,32.5 / 102,33.3 / 113
295,NC,Red Tees,M,72,65.1,84.6,105,32.4,32.7,32.4,99,32.7,111,41.6,43.0,32.4 / 99,32.7 / 111
295,NC,White Tees,F,72,76.6,108.4,135,38.4,38.2,38.4,134,38.2,136,54.2,54.2,38.4 / 134,38.2 / 136
295,NC,Yellow Tees,F,72,73.8,104.3,130,37.1,36.7,37.1,129,36.7,130,52.3,52.0,37.1 / 129,36.7 / 130
295,NC,Yellow/Red Hybrid,F,72,70.4,98.7,120,34.9,35.5,34.9,116,35.5,124,48.6,50.1,34.9 / 116,35.5 / 124
295,NC,Red Tees,F,72,69.7,97.2,117,34.7,35.0,34.7,113,35.0,120,48.0,49.2,34.7 / 113,35.0 / 120
61,NC,Black Tees,M,72,71.9,97.6,139,36.1,35.8,36.1,139,35.8,138,49.0,48.6,36.1 / 139,35.8 / 138
61,NC,Black/White Hybrid,M,72,70.7,95.8,135,35.4,35.3,35.4,137,35.3,133,48.1,47.7,35.4 / 137,35.3 / 133
61,NC,White Tees,M,72,69.9,94.5,132,35.0,34.9,35.0,133,34.9,131,47.4,47.1,35.0 / 133,34.9 / 131
61,NC,White/Gold Hybrid,M,72,68.7,92.0,126,34.2,34.5,34.2,124,34.5,127,45.7,46.3,34.2 / 124,34.5 / 127
61,NC,Gold Tees,M,72,67.2,89.9,123,33.6,33.6,33.6,122,33.6,123,44.9,45.0,33.6 / 122,33.6 / 123
61,NC,Gold/Red Hybrid,M,72,65.9,87.3,115,32.9,33.0,32.9,113,33.0,117,43.4,43.9,32.9 / 113,33.0 / 117
61,NC,Red Tees,M,72,64.8,85.1,110,32.7,32.1,32.7,110,32.1,109,42.9,42.2,32.7 / 110,32.1 / 109
61,NC,Red/Green Hybrid,M,72,63.3,82.6,104,31.8,31.5,31.8,104,31.5,103,41.5,41.1,31.8 / 104,31.5 / 103
61,NC,Green Tees,M,72,61.6,80.2,100,31.3,30.3,31.3,103,30.3,97,40.9,39.3,31.3 / 103,30.3 / 97
61,NC,Gold Tees,F,72,72.2,104.1,136,36.3,35.9,36.3,135,35.9,136,52.2,51.9,36.3 / 135,35.9 / 136
61,NC,Red Tees,F,72,68.9,99.0,128,34.7,34.2,34.7,128,34.2,127,49.8,49.2,34.7 / 128,34.2 / 127
61,NC,Red/Green Hybrid,F,72,66.6,95.6,123,33.3,33.3,33.3,126,33.3,120,48.2,47.4,33.3 / 126,33.3 / 120
61,NC,Green Tees,F,72,64.1,90.3,111,32.8,31.3,32.8,116,31.3,106,46.5,43.8,32.8 / 116,31.3 / 106
245,NC,Blue Tees,M,70,70.9,96.1,136,35.8,35.1,35.8,139,35.1,132,48.7,47.4,35.8 / 139,35.1 / 132
245,NC,White Tees,M,70,69.3,93.6,131,34.9,34.4,34.9,135,34.4,127,47.4,46.2,34.9 / 135,34.4 / 127
245,NC,Gold Tees,M,70,67.8,91.6,128,34.0,33.8,34.0,131,33.8,125,46.2,45.4,34.0 / 131,33.8 / 125
245,NC,Green Tees,M,70,66.4,89.4,124,33.3,33.1,33.3,125,33.1,123,44.9,44.5,33.3 / 125,33.1 / 123
245,NC,Green / Red Hybrid,M,70,64.8,87.1,120,32.6,32.2,32.6,123,32.2,117,44.0,43.1,32.6 / 123,32.2 / 117
245,NC,Red Tees,M,70,64.2,85.8,116,32.4,31.8,32.4,118,31.8,114,43.4,42.4,32.4 / 118,31.8 / 114
245,NC,Blue Tees,F,70,76.6,110.9,146,38.7,37.9,38.7,149,37.9,142,56.3,54.6,38.7 / 149,37.9 / 142
245,NC,White Tees,F,70,74.9,108.2,141,37.8,37.1,37.8,145,37.1,137,54.9,53.3,37.8 / 145,37.1 / 137
245,NC,Gold Tees,F,70,73.2,105.6,138,37.0,36.2,37.0,141,36.2,134,53.6,52.0,37.0 / 141,36.2 / 134
245,NC,Green Tees,F,70,71.2,102.5,133,35.5,35.7,35.5,134,35.7,131,51.3,51.2,35.5 / 134,35.7 / 131
245,NC,Green / Red Hybrid,F,70,69.4,99.0,126,34.7,34.7,34.7,129,34.7,122,49.9,49.1,34.7 / 129,34.7 / 122
245,NC,Red Tees,F,70,68.7,97.2,121,34.4,34.3,34.4,126,34.3,115,49.3,47.9,34.4 / 126,34.3 / 115
31,NC,Long Blue Tees,M,71,72.8,97.7,134,37.6,35.2,37.6,135,35.2,133,50.1,47.6,37.6 / 135,35.2 / 133
31,NC,Blue Tees,M,71,72.1,96.6,132,37.0,35.1,37.0,131,35.1,132,49.2,47.4,37.0 / 131,35.1 / 132
31,NC,White Tees,M,71,70.3,93.4,125,36.0,34.3,36.0,125,34.3,124,47.6,45.8,36.0 / 125,34.3 / 124
31,NC,Yellow Tees,M,71,67.8,90.3,122,34.4,33.4,34.4,122,33.4,121,45.7,44.6,34.4 / 122,33.4 / 121
31,NC,Red Tees,M,71,64.2,85.4,114,32.6,31.6,32.6,114,31.6,114,43.2,42.2,32.6 / 114,31.6 / 114
31,NC,Yellow Tees,F,71,73.5,104.9,133,37.5,36.0,37.5,129,36.0,137,52.7,52.2,37.5 / 129,36.0 / 137
31,NC,Red Tees,F,71,69.0,96.9,119,35.3,33.7,35.3,125,33.7,112,50.0,46.9,35.3 / 125,33.7 / 112
31,NC,Orange Tees,F,71,62.9,87.5,104,31.9,31.0,31.9,105,31.0,103,44.3,43.2,31.9 / 105,31.0 / 103
177,NC,Blue Tees,M,71,72.3,96.4,130,36.2,36.1,36.2,135,36.1,125,48.7,47.7,36.2 / 135,36.1 / 125
177,NC,Blue/White Hybrid,M,71,71.1,94.6,127,35.7,35.4,35.7,130,35.4,123,47.8,46.8,35.7 / 130,35.4 / 123
177,NC,White Tees,M,71,70.1,93.0,124,35.2,34.9,35.2,125,34.9,122,46.8,46.2,35.2 / 125,34.9 / 122
177,NC,White/Gold Hybrid,M,71,67.9,90.4,121,34.4,33.5,34.4,123,33.5,119,45.8,44.6,34.4 / 123,33.5 / 119
177,NC,Gold Tees,M,71,66.1,87.7,116,33.1,33.0,33.1,115,33.0,117,43.8,43.9,33.1 / 115,33.0 / 117
177,NC,Gold/Red Hybrid,M,71,64.2,85.2,113,32.1,32.1,32.1,112,32.1,114,42.5,42.7,32.1 / 112,32.1 / 114
177,NC,Red Tees,M,71,62.9,83.4,111,31.3,31.6,31.3,109,31.6,112,41.4,42.0,31.3 / 109,31.6 / 112
177,NC,Blue Tees,F,71,78.5,111.3,139,39.4,39.1,39.4,139,39.1,139,55.8,55.5,39.4 / 139,39.1 / 139
177,NC,White Tees,F,71,75.9,107.4,134,38.0,37.9,38.0,134,37.9,133,53.8,53.6,38.0 / 134,37.9 / 133
177,NC,White/Gold Hybrid,F,71,73.5,103.6,128,37.3,36.2,37.3,130,36.2,126,52.6,51.0,37.3 / 130,36.2 / 126
177,NC,Gold Tees,F,71,71.8,101.1,125,36.0,35.8,36.0,125,35.8,124,50.7,50.4,36.0 / 125,35.8 / 124
177,NC,Gold/Red Hybrid,F,71,69.4,97.5,119,34.9,34.5,34.9,118,34.5,120,48.8,48.7,34.9 / 118,34.5 / 120
177,NC,Red Tees,F,71,67.4,94.5,115,33.5,33.9,33.5,113,33.9,117,46.8,47.7,33.5 / 113,33.9 / 117
339,NC,Blue Tees,M,72,72.8,97.0,130,36.8,36.0,36.8,132,36.0,128,49.1,47.9,36.8 / 132,36.0 / 128
339,NC,Blue/Gold Hybrid,M,72,71.7,95.5,128,36.1,35.6,36.1,129,35.6,127,48.1,47.4,36.1 / 129,35.6 / 127
339,NC,Gold Tees,M,72,71.0,94.3,126,35.9,35.1,35.9,125,35.1,126,47.5,46.8,35.9 / 125,35.1 / 126
339,NC,Gold/White Hybrid,M,72,70.4,93.0,122,35.5,34.9,35.5,123,34.9,121,46.9,46.1,35.5 / 123,34.9 / 121
339,NC,White Tees,M,72,69.4,91.7,120,35.0,34.4,35.0,121,34.4,119,46.2,45.5,35.0 / 121,34.4 / 119
339,NC,White/Green Hybrid,M,72,68.3,90.0,117,34.6,33.7,34.6,115,33.7,118,45.3,44.7,34.6 / 115,33.7 / 118
339,NC,Green Tees,M,72,67.5,88.6,114,34.2,33.3,34.2,112,33.3,115,44.6,44.0,34.2 / 112,33.3 / 115
339,NC,Red Tees,M,72,66.2,86.9,112,33.6,32.6,33.6,110,32.6,113,43.8,43.1,33.6 / 110,32.6 / 113
339,NC,Pink/Red Tees,M,72,64.7,84.9,109,32.8,31.9,32.8,107,31.9,111,42.7,42.2,32.8 / 107,31.9 / 111
339,NC,Gold Tees,F,72,76.2,107.7,134,38.5,37.7,38.5,134,37.7,133,54.3,53.4,38.5 / 134,37.7 / 133
339,NC,Gold/White Hybrid,F,72,75.0,105.7,131,37.8,37.2,37.8,130,37.2,131,53.1,52.6,37.8 / 130,37.2 / 131
339,NC,White Tees,F,72,74.3,104.3,128,37.4,36.9,37.4,126,36.9,129,52.2,52.1,37.4 / 126,36.9 / 129
339,NC,White/Green Hybrid,F,72,73.0,101.9,123,36.8,36.2,36.8,124,36.2,122,51.4,50.5,36.8 / 124,36.2 / 122
339,NC,Green Tees,F,72,72.2,100.4,120,36.4,35.8,36.4,121,35.8,118,50.7,49.7,36.4 / 121,35.8 / 118
339,NC,Red Tees,F,72,70.8,98.3,117,35.9,34.9,35.9,117,34.9,116,49.7,48.6,35.9 / 117,34.9 / 116
339,NC,Pink/Red Tees,F,72,69.5,96.2,113,35.2,34.3,35.2,114,34.3,112,48.7,47.5,35.2 / 114,34.3 / 112
205,NC,Blue Tees,M,72,71.2,96.5,136,35.7,35.5,35.7,140,35.5,132,48.7,47.8,35.7 / 140,35.5 / 132
205,NC,White Tees,M,72,68.0,90.4,121,33.9,34.1,33.9,125,34.1,116,45.5,44.9,33.9 / 125,34.1 / 116
205,NC,Gold Tees,M,72,65.1,86.4,115,32.7,32.4,32.7,117,32.4,112,43.6,42.8,32.7 / 117,32.4 / 112
205,NC,Red Tees,M,72,63.3,83.7,110,31.6,31.7,31.6,111,31.7,109,41.9,41.8,31.6 / 111,31.7 / 109
205,NC,White Tees,F,72,73.2,103.4,128,36.7,36.5,36.7,129,36.5,127,51.9,51.5,36.7 / 129,36.5 / 127
205,NC,Gold Tees,F,72,70.0,99.3,124,35.1,34.9,35.1,126,34.9,122,50.0,49.3,35.1 / 126,34.9 / 122
205,NC,Red Tees,F,72,67.2,94.9,117,33.3,33.9,33.3,120,33.9,114,47.5,47.4,33.3 / 120,33.9 / 114
369,NC,Blue Tees,M,71,70.2,94.7,132,35.3,34.9,35.3,129,34.9,135,47.3,47.4,35.3 / 129,34.9 / 135
369,NC,White Tees,M,71,68.8,92.4,127,34.7,34.1,34.7,128,34.1,126,46.6,45.8,34.7 / 128,34.1 / 126
369,NC,Gold Tees,M,70,62.9,82.0,103,31.5,31.4,31.5,109,31.4,97,41.6,40.4,31.5 / 109,31.4 / 97
369,NC,Red Tees,M,70,62.5,80.6,98,31.4,31.1,31.4,102,31.1,93,40.9,39.7,31.4 / 102,31.1 / 93
369,NC,Green Tees,M,63,59.1,75.7,90,29.7,29.4,29.7,94,29.4,85,38.4,37.3,29.7 / 94,29.4 / 85
369,NC,White Tees,F,72,74.8,105.4,130,37.8,37.0,37.8,135,37.0,125,53.7,51.7,37.8 / 135,37.0 / 125
369,NC,Gold Tees,F,71,66.6,93.7,115,33.7,32.9,33.7,115,32.9,114,47.3,46.4,33.7 / 115,32.9 / 114
369,NC,Red Tees,F,70,65.4,91.7,112,33.1,32.3,33.1,110,32.3,113,46.1,45.6,33.1 / 110,32.3 / 113
369,NC,Green Tees,F,67,61.0,83.4,95,30.8,30.2,30.8,94,30.2,96,41.9,41.5,30.8 / 94,30.2 / 96
328,NC,Blue Tees,M,70,66.2,86.8,112,32.3,33.9,32.3,102,33.9,121,41.7,45.1,32.3 / 102,33.9 / 121
328,NC,White Tees,M,70,64.5,84.2,106,31.6,32.9,31.6,100,32.9,112,40.9,43.3,31.6 / 100,32.9 / 112
328,NC,Yellow Tees,M,70,63.1,80.5,94,31.1,32.0,31.1,90,32.0,98,39.5,41.0,31.1 / 90,32.0 / 98
328,NC,Yellow Tees,F,70,66.8,92.5,109,32.7,34.1,32.7,101,34.1,117,44.6,47.9,32.7 / 101,34.1 / 117
328,NC,Red Tees,F,70,63.5,86.5,98,30.8,32.7,30.8,92,32.7,103,41.6,44.9,30.8 / 92,32.7 / 103
149,NC,Black Tees,M,71,69.7,94.0,131,35.4,34.3,35.4,129,34.3,132,47.4,46.6,35.4 / 129,34.3 / 132
149,NC,Black/Grey Hybrid,M,71,68.3,91.8,127,35.0,33.3,35.0,124,33.3,129,46.5,45.3,35.0 / 124,33.3 / 129
149,NC,Grey Tees,M,71,67.8,90.9,125,34.9,32.9,34.9,121,32.9,128,46.1,44.8,34.9 / 121,32.9 / 128
149,NC,Grey/Gold Hybrid,M,71,65.2,87.3,119,33.6,31.6,33.6,119,31.6,118,44.7,42.6,33.6 / 119,31.6 / 118
149,NC,Gold Tees,M,71,63.8,85.4,116,32.9,30.9,32.9,118,30.9,114,43.9,41.5,32.9 / 118,30.9 / 114
149,NC,Gold Tees,F,71,68.3,97.7,125,35.7,32.6,35.7,126,32.6,124,50.5,47.2,35.7 / 126,32.6 / 124
149,NC,Red Tees,F,71,64.9,92.6,119,34.1,30.8,34.1,126,30.8,112,48.9,44.0,34.1 / 126,30.8 / 112
27,NC,Blue Tees,M,72,72.8,97.4,133,36.1,36.7,36.1,129,36.7,136,48.1,49.3,36.1 / 129,36.7 / 136
27,NC,White Tees,M,72,69.9,92.6,122,34.6,35.3,34.6,119,35.3,125,45.7,46.9,34.6 / 119,35.3 / 125
27,NC,Gold Tees,M,71,65.2,86.3,114,32.3,32.9,32.3,114,32.9,113,42.9,43.4,32.3 / 114,32.9 / 113
27,NC,Red Tees,M,71,64.0,84.5,111,31.7,32.3,31.7,111,32.3,110,42.0,42.5,31.7 / 111,32.3 / 110
27,NC,White Tees,F,74,75.5,108.0,138,37.3,38.2,37.3,133,38.2,142,53.0,55.0,37.3 / 133,38.2 / 142
27,NC,Gold Tees,F,73,70.3,98.5,120,35.1,35.2,35.1,119,35.2,120,49.1,49.4,35.1 / 119,35.2 / 120
27,NC,Red Tees,F,73,68.8,95.8,115,34.2,34.6,34.2,113,34.6,116,47.5,48.3,34.2 / 113,34.6 / 116
133,NC,Gold Tees,M,72,75.6,101.3,139,37.3,38.3,37.3,140,38.3,137,50.3,51.0,37.3 / 140,38.3 / 137
133,NC,Black Tees,M,72,73.7,98.8,135,36.4,37.3,36.4,137,37.3,133,49.1,49.7,36.4 / 137,37.3 / 133
133,NC,Blue Tees,M,72,71.6,96.1,132,35.2,36.4,35.2,133,36.4,130,47.6,48.5,35.2 / 133,36.4 / 130
133,NC,Blue/White Hybrid,M,72,70.0,94.1,130,34.3,35.7,34.3,131,35.7,128,46.5,47.6,34.3 / 131,35.7 / 128
133,NC,White Tees,M,72,69.0,92.1,125,34.0,35.0,34.0,124,35.0,125,45.5,46.6,34.0 / 124,35.0 / 125
133,NC,White/Red Hybrid,M,72,67.5,89.9,121,33.2,34.3,33.2,119,34.3,122,44.3,45.6,33.2 / 119,34.3 / 122
133,NC,Red Tees,M,72,65.7,87.4,117,32.3,33.4,32.3,116,33.4,117,43.1,44.3,32.3 / 116,33.4 / 117
133,NC,White Tees,F,72,74.5,106.3,135,36.7,37.8,36.7,135,37.8,135,52.6,53.7,36.7 / 135,37.8 / 135
133,NC,White/Red Hybrid,F,72,72.8,103.4,130,35.8,37.0,35.8,131,37.0,129,51.2,52.2,35.8 / 131,37.0 / 129
133,NC,Red Tees,F,72,70.5,99.6,124,34.8,35.7,34.8,122,35.7,125,49.2,50.4,34.8 / 122,35.7 / 125
20745,NC,Blue Tees,M,72,71.3,95.6,131,35.5,35.8,35.5,131,35.8,130,47.7,47.9,35.5 / 131,35.8 / 130
20745,NC,White Tees,M,72,70.0,93.4,126,34.8,35.2,34.8,124,35.2,128,46.3,47.1,34.8 / 124,35.2 / 128
20745,NC,Gold Tees,M,72,67.8,89.9,119,33.7,34.1,33.7,116,34.1,122,44.5,45.4,33.7 / 116,34.1 / 122
20745,NC,Green Tees,M,72,65.1,85.8,111,32.0,33.1,32.0,104,33.1,118,41.7,44.1,32.0 / 104,33.1 / 118
20745,NC,Red Tees,M,72,62.2,80.8,100,31.1,31.1,31.1,95,31.1,105,39.9,40.9,31.1 / 95,31.1 / 105
20745,NC,Gold Tees,F,72,72.7,103.6,131,36.2,36.5,36.2,126,36.5,136,51.1,52.5,36.2 / 126,36.5 / 136
20745,NC,Green Tees,F,72,69.9,99.4,125,34.3,35.6,34.3,122,35.6,128,48.7,50.7,34.3 / 122,35.6 / 128
20745,NC,Red Tees,F,72,66.1,92.3,111,32.8,33.3,32.8,111,33.3,111,45.9,46.4,32.8 / 111,33.3 / 111
210,NC,Blue Tees,M,72,67.3,88.4,114,33.6,33.7,33.6,109,33.7,118,43.7,44.7,33.6 / 109,33.7 / 118
210,NC,White Tees,M,72,66.3,86.7,110,33.0,33.3,33.0,108,33.3,112,43.0,43.7,33.0 / 108,33.3 / 112
210,NC,Gold Tees,M,72,63.2,82.1,102,31.3,31.9,31.3,105,31.9,98,41.1,41.0,31.3 / 105,31.9 / 98
210,NC,Red Tees,M,72,62.6,81.3,101,30.8,31.8,30.8,103,31.8,98,40.4,40.9,30.8 / 103,31.8 / 98
210,NC,Blue Tees,F,72,72.2,100.4,120,35.7,36.5,35.7,116,36.5,123,49.4,51.0,35.7 / 116,36.5 / 123
210,NC,White Tees,F,72,70.7,98.7,119,35.0,35.7,35.0,115,35.7,122,48.6,50.1,35.0 / 115,35.7 / 122
210,NC,Gold Tees,F,72,66.5,91.7,107,33.2,33.3,33.2,106,33.3,108,45.7,46.0,33.2 / 106,33.3 / 108
210,NC,Red Tees,F,72,65.3,89.8,104,32.2,33.1,32.2,102,33.1,106,44.2,45.6,32.2 / 102,33.1 / 106
