course_id,state,tee_name,gender,par,course_rating,bogey_rating,slope_rating,rating_f9,rating_b9,front9_rating,front9_slope,back9_rating,back9_slope,bogey_f9,bogey_b9,front9_raw,back9_raw
5951,OR,White,M,72,67.0,87.0,108,33.5,33.5,33.5,108,33.5,108,43.5,43.5,33.5 / 108,33.5 / 108
5951,OR,Gold/White,M,72,65.9,85.5,106,32.4,33.5,32.4,103,33.5,108,42.0,43.5,32.4 / 103,33.5 / 108
5951,OR,Gold,M,72,64.8,84.0,103,32.4,32.4,32.4,103,32.4,103,42.0,42.0,32.4 / 103,32.4 / 103
5951,OR,White,F,72,72.0,100.6,121,36.0,36.0,36.0,121,36.0,121,50.3,50.3,36.0 / 121,36.0 / 121
5951,OR,Gold/White,F,72,70.8,98.7,118,34.8,36.0,34.8,115,36.0,121,48.4,50.3,34.8 / 115,36.0 / 121
5951,OR,Gold,F,72,69.6,96.8,115,34.8,34.8,34.8,115,34.8,115,48.4,48.4,34.8 / 115,34.8 / 115
5775,OR,Red/Black,M,72,68.5,89.7,114,34.3,34.2,34.3,114,34.2,114,44.9,44.8,34.3 / 114,34.2 / 114
5775,OR,Orange/White,M,72,66.1,85.7,105,33.1,33.0,33.1,105,33.0,105,42.9,42.8,33.1 / 105,33.0 / 105
5775,OR,Blue/Gold,M,68,63.0,82.0,102,31.5,31.5,31.5,102,31.5,102,41.0,41.0,31.5 / 102,31.5 / 102
5775,OR,Red/Black,F,72,74.2,105.2,131,37.1,37.1,37.1,131,37.1,131,52.6,52.6,37.1 / 131,37.1 / 131
5775,OR,Orange/White,F,72,70.9,100.7,126,35.5,35.4,35.5,126,35.4,126,50.4,50.3,35.5 / 126,35.4 / 126
5775,OR,Blue/Gold,F,72,67.6,95.0,116,33.8,33.8,33.8,116,33.8,116,47.5,47.5,33.8 / 116,33.8 / 116
5800,OR,BLUE,M,70,65.0,84.2,103,32.5,32.5,32.5,103,32.5,103,42.1,42.1,32.5 / 103,32.5 / 103
5800,OR,BLUE/WHITE,M,70,64.4,83.3,102,32.5,31.9,32.5,103,31.9,100,42.1,41.2,32.5 / 103,31.9 / 100
5800,OR,WHITE,M,0,63.2,83.6,110,31.6,31.6,31.6,110,31.6,110,41.8,41.8,31.6 / 110,31.6 / 110
5800,OR,GREY,M,70,62.2,80.6,99,31.1,31.1,31.1,98,31.1,98,40.2,40.2,31.1 / 98,31.1 / 98
5800,OR,GREY/RED,M,70,61.7,79.8,98,31.1,30.6,31.1,98,30.6,97,40.2,39.6,31.1 / 98,30.6 / 97
5800,OR,RED,M,70,61.2,79.2,97,30.6,30.6,30.6,97,30.6,97,39.6,39.6,30.6 / 97,30.6 / 97
5800,OR,BLUE,F,70,68.4,96.7,120,34.2,34.2,34.2,120,34.2,120,48.4,48.3,34.2 / 120,34.2 / 120
5800,OR,BLUE/WHITE,F,70,67.8,96.6,122,34.2,33.6,34.2,120,33.6,119,48.4,47.6,34.2 / 120,33.6 / 119
5800,OR,WHITE,F,70,67.2,95.2,119,33.6,33.6,33.6,119,33.6,119,47.6,47.6,33.6 / 119,33.6 / 119
5800,OR,GREY,F,70,65.6,91.6,110,32.8,32.8,32.8,110,32.8,110,45.8,45.8,32.8 / 110,32.8 / 110
5800,OR,GREY/RED,F,70,65.1,90.9,110,32.8,32.3,32.8,110,32.3,109,45.8,45.1,32.8 / 110,32.3 / 109
5800,OR,RED,F,70,64.6,90.2,109,32.3,32.3,32.3,109,32.3,109,45.1,45.1,32.3 / 109,32.3 / 109
5870,OR,BLACK,M,71,73.1,98.3,136,35.8,37.3,35.8,140,37.3,131,48.8,49.5,35.8 / 140,37.3 / 131
5870,OR,BLUE PLUS,M,71,71.6,96.3,133,35.0,36.6,35.0,138,36.6,128,47.8,48.5,35.0 / 138,36.6 / 128
5870,OR,BLUE,M,71,70.6,95.3,133,34.5,36.1,34.5,133,36.1,132,46.9,48.4,34.5 / 133,36.1 / 132
5870,OR,WHITE PLUS,M,71,69.3,93.4,130,34.1,35.2,34.1,132,35.2,127,46.4,47.0,34.1 / 132,35.2 / 127
5870,OR,WHITE,M,71,68.8,92.4,127,33.8,35.0,33.8,130,35.0,124,45.9,46.5,33.8 / 130,35.0 / 124
5870,OR,RED PLUS,M,70,67.0,89.8,123,33.0,34.0,33.0,126,34.0,119,44.7,45.1,33.0 / 126,34.0 / 119
5870,OR,RED,M,70,65.9,88.3,121,32.2,33.7,32.2,123,33.7,117,43.6,44.6,32.2 / 123,33.7 / 117
5870,OR,BLUE,F,72,76.4,109.4,140,37.5,38.9,37.5,140,38.9,140,54.0,55.4,37.5 / 140,38.9 / 140
5870,OR,WHITE PLUS,F,72,74.8,107.0,137,36.9,37.9,36.9,137,37.9,137,53.0,54.0,36.9 / 137,37.9 / 137
5870,OR,WHITE,F,72,74.0,105.7,135,36.4,37.6,36.4,133,37.6,136,52.1,53.6,36.4 / 133,37.6 / 136
5870,OR,RED PLUS,F,72,71.8,102.6,131,35.3,36.5,35.3,131,36.5,130,50.8,51.8,35.3 / 131,36.5 / 130
5870,OR,RED,F,72,70.7,100.8,128,34.6,36.1,34.6,127,36.1,128,49.6,51.2,34.6 / 127,36.1 / 128
5802,OR,BLACK,M,72,75.0,101.0,140,37.8,37.2,37.8,143,37.2,137,51.1,49.9,37.8 / 143,37.2 / 137
5802,OR,BLUE,M,72,73.3,98.6,136,37.0,36.3,37.0,139,36.3,133,49.9,48.7,37.0 / 139,36.3 / 133
5802,OR,BLUE/WHITE,M,72,72.6,97.4,134,36.8,35.8,36.8,136,35.8,131,49.4,48.0,36.8 / 136,35.8 / 131
5802,OR,22 OR Senior AM,M,72,72.5,97.3,134,36.6,35.9,36.6,136,35.9,131,49.2,48.1,36.6 / 136,35.9 / 131
5802,OR,WHITE,M,72,71.4,95.8,131,36.0,35.4,36.0,133,35.4,129,48.4,47.4,36.0 / 133,35.4 / 129
5802,OR,WHITE/GOLD,M,72,70.5,94.2,128,35.6,34.9,35.6,123,34.9,132,47.0,47.2,35.6 / 123,34.9 / 132
5802,OR,GOLD,M,72,69.2,92.3,125,35.0,34.2,35.0,121,34.2,128,46.2,46.1,35.0 / 121,34.2 / 128
5802,OR,GOLD/RED,M,71,67.8,91.2,126,34.3,33.5,34.3,122,33.5,130,45.6,45.6,34.3 / 122,33.5 / 130
5802,OR,RED,M,70,66.3,89.4,125,33.4,32.9,33.4,125,32.9,124,45.0,44.4,33.4 / 125,32.9 / 124
5802,OR,BLUE,F,77,79.9,115.7,152,40.2,39.7,40.2,155,39.7,148,58.5,57.2,40.2 / 155,39.7 / 148
5802,OR,WHITE,F,75,77.8,112.3,146,39.0,38.8,39.0,149,38.8,143,56.6,55.7,39.0 / 149,38.8 / 143
5802,OR,GOLD,F,73,75.0,108.2,141,37.7,37.3,37.7,143,37.3,138,54.6,53.6,37.7 / 143,37.3 / 138
5802,OR,GOLD/RED,F,72,74.2,105.5,133,37.5,36.7,37.5,131,36.7,134,53.0,52.5,37.5 / 131,36.7 / 134
5802,OR,RED,F,72,72.6,102.8,128,36.9,35.7,36.9,129,35.7,127,52.1,50.7,36.9 / 129,35.7 / 127
5828,OR,BLACK,M,72,72.3,95.9,127,36.7,35.6,36.7,133,35.6,121,49.1,46.8,36.7 / 133,35.6 / 121
5828,OR,BLUE,M,72,71.2,94.7,127,35.8,35.4,35.8,135,35.4,118,48.3,46.4,35.8 / 135,35.4 / 118
5828,OR,BLUE/SILVER,M,72,69.7,92.4,122,34.8,34.9,34.8,127,34.9,117,46.6,45.8,34.8 / 127,34.9 / 117
5828,OR,SILVER,M,72,68.7,91.2,121,34.5,34.2,34.5,126,34.2,116,46.2,45.0,34.5 / 126,34.2 / 116
5828,OR,GREEN,M,71,67.5,89.3,118,33.8,33.7,33.8,121,33.7,114,45.0,44.3,33.8 / 121,33.7 / 114
5828,OR,GOLD,M,71,65.1,86.3,115,33.2,31.9,33.2,122,31.9,107,44.5,41.8,33.2 / 122,31.9 / 107
5828,OR,BLUE,F,73,77.3,108.9,134,39.1,38.2,39.1,139,38.2,129,55.5,53.4,39.1 / 139,38.2 / 129
5828,OR,BLUE/SILVER,F,72,75.3,105.8,130,37.7,37.6,37.7,133,37.6,126,53.4,52.4,37.7 / 133,37.6 / 126
5828,OR,SILVER,F,73,73.9,104.0,128,37.1,36.8,37.1,129,36.8,126,52.3,51.7,37.1 / 129,36.8 / 126
5828,OR,GREEN,F,73,72.7,101.9,124,36.3,36.4,36.3,126,36.4,121,51.2,50.7,36.3 / 126,36.4 / 121
5828,OR,GOLD,F,72,69.9,98.1,120,35.7,34.2,35.7,125,34.2,114,50.4,47.7,35.7 / 125,34.2 / 114
5868,OR,BLACK,M,72,73.4,98.7,136,36.2,37.2,36.2,133,37.2,139,48.6,50.1,36.2 / 133,37.2 / 139
5868,OR,BLACK/GOLD,M,72,72.3,97.6,136,35.6,36.7,35.6,132,36.7,140,47.9,49.7,35.6 / 132,36.7 / 140
5868,OR,GOLD,M,72,70.7,95.3,133,34.9,35.8,34.9,129,35.8,136,46.9,48.4,34.9 / 129,35.8 / 136
5868,OR,GOLD/WHITE,M,72,69.0,92.8,128,34.1,34.9,34.1,125,34.9,131,45.7,47.1,34.1 / 125,34.9 / 131
5868,OR,WHITE,M,72,67.8,90.4,122,33.5,34.3,33.5,121,34.3,123,44.7,45.7,33.5 / 121,34.3 / 123
5868,OR,WHITE/GREEN,M,72,66.4,88.2,117,33.1,33.3,33.1,117,33.3,117,44.0,44.2,33.1 / 117,33.3 / 117
5868,OR,GREEN,M,72,64.5,85.6,114,32.4,32.1,32.4,114,32.1,113,43.0,42.6,32.4 / 114,32.1 / 113
5868,OR,GREEN/SILVER,M,72,63.2,83.8,111,31.5,31.7,31.5,112,31.7,110,41.9,41.9,31.5 / 112,31.7 / 110
5868,OR,SILVER,M,72,62.0,82.3,110,30.9,31.1,30.9,109,31.1,110,41.0,41.3,30.9 / 109,31.1 / 110
5868,OR,JUNIOR,M,67,58.8,77.7,102,29.1,29.7,29.1,99,29.7,104,38.3,39.4,29.1 / 99,29.7 / 104
5868,OR,GOLD,F,72,77.2,111.8,147,38.5,38.7,38.5,148,38.7,145,56.0,55.8,38.5 / 148,38.7 / 145
5868,OR,GOLD/WHITE,F,72,75.3,108.9,143,37.5,37.8,37.5,144,37.8,141,54.5,54.4,37.5 / 144,37.8 / 141
5868,OR,WHITE,F,72,74.1,106.9,140,37.0,37.1,37.0,142,37.1,137,53.7,53.2,37.0 / 142,37.1 / 137
5868,OR,WHITE/GREEN,F,72,72.0,104.5,138,36.2,35.7,36.2,140,35.7,135,52.7,51.6,36.2 / 140,35.7 / 135
5868,OR,GREEN,F,72,69.7,100.9,132,35.4,34.2,35.4,132,34.2,133,51.0,49.9,35.4 / 132,34.2 / 133
5868,OR,GREEN/SILVER,F,72,68.0,98.7,130,34.5,33.5,34.5,128,33.5,132,49.6,49.1,34.5 / 128,33.5 / 132
5868,OR,SILVER,F,72,67.0,96.4,125,33.8,33.2,33.8,125,33.2,125,48.5,47.9,33.8 / 125,33.2 / 125
5868,OR,JUNIOR,F,67,61.9,88.6,113,30.4,31.5,30.4,114,31.5,112,43.9,44.7,30.4 / 114,31.5 / 112
5869,OR,BLACK,M,72,74.2,99.8,138,37.8,36.4,37.8,137,36.4,139,50.5,49.3,37.8 / 137,36.4 / 139
5869,OR,UPPER BLACK,M,71,73.5,98.9,137,37.1,36.4,37.1,135,36.4,139,49.6,49.3,37.1 / 135,36.4 / 139
5869,OR,NORTH BLACK,M,71,73.5,98.9,137,37.7,35.8,37.7,141,35.8,132,50.8,48.1,37.7 / 141,35.8 / 132
5869,OR,BLUE,M,72,71.4,95.5,130,36.3,35.1,36.3,126,35.1,133,48.0,47.5,36.3 / 126,35.1 / 133
5869,OR,UPPER BLUE,M,71,70.6,94.6,129,35.5,35.1,35.5,125,35.1,133,47.1,47.5,35.5 / 125,35.1 / 133
5869,OR,NORTH BLUE,M,71,70.6,94.6,129,36.3,34.3,36.3,132,34.3,126,48.6,46.0,36.3 / 132,34.3 / 126
5869,OR,BLUE/WHITE,M,72,70.2,93.8,127,35.7,34.5,35.7,122,34.5,132,47.0,46.8,35.7 / 122,34.5 / 132
5869,OR,WHITE,M,72,69.2,91.9,123,35.3,33.9,35.3,121,33.9,124,46.5,45.4,35.3 / 121,33.9 / 124
5869,OR,UPPER WHITE,M,71,68.5,90.9,121,34.6,33.9,34.6,117,33.9,124,45.5,45.4,34.6 / 117,33.9 / 124
5869,OR,NORTH WHITE,M,71,68.5,90.9,121,35.3,33.2,35.3,127,33.2,114,47.1,43.8,35.3 / 127,33.2 / 114
5869,OR,WHITE/RED,M,72,66.9,88.8,118,34.4,32.5,34.4,118,32.5,117,45.4,43.4,34.4 / 118,32.5 / 117
5869,OR,RED,M,72,65.3,87.1,117,33.7,31.6,33.7,117,31.6,117,44.6,42.5,33.7 / 117,31.6 / 117
5869,OR,NORTH RED,M,71,64.7,86.1,116,33.1,31.6,33.1,121,31.6,110,44.3,41.8,33.1 / 121,31.6 / 110
5869,OR,UPPER RED,M,71,64.7,86.2,116,33.1,31.6,33.1,114,31.6,117,43.7,42.5,33.1 / 114,31.6 / 117
5869,OR,GOLD,M,67,62.6,83.0,110,31.5,31.1,31.5,108,31.1,112,41.5,41.5,31.5 / 108,31.1 / 112
5869,OR,NORTH GOLD,M,67,62.5,82.9,110,31.9,30.6,31.9,113,30.6,107,42.4,40.5,31.9 / 113,30.6 / 107
5869,OR,BLUE,F,72,77.7,111.0,142,39.6,38.1,39.6,142,38.1,141,56.3,54.7,39.6 / 142,38.1 / 141
5869,OR,NORTH BLUE,F,71,77.0,109.5,138,39.8,37.2,39.8,144,37.2,131,56.8,52.7,39.8 / 144,37.2 / 131
5869,OR,UPPER Blue,F,71,76.9,109.6,139,38.8,38.1,38.8,137,38.1,141,54.9,54.7,38.8 / 137,38.1 / 141
5869,OR,WHITE,F,72,75.0,106.8,135,38.3,36.7,38.3,136,36.7,134,54.3,52.5,38.3 / 136,36.7 / 134
5869,OR,UPPER WHITE,F,71,74.0,105.3,133,37.3,36.7,37.3,131,36.7,134,52.8,52.5,37.3 / 131,36.7 / 134
5869,OR,NORTH White,F,71,74.0,105.3,133,38.2,35.8,38.2,140,35.8,126,54.7,50.6,38.2 / 140,35.8 / 126
5869,OR,WHITE/RED,F,72,72.5,102.7,128,37.4,35.1,37.4,126,35.1,130,52.3,50.4,37.4 / 126,35.1 / 130
5869,OR,RED,F,72,70.9,99.8,123,36.9,34.0,36.9,126,34.0,119,51.8,48.0,36.9 / 126,34.0 / 119
5869,OR,UPPER RED,F,71,70.0,98.2,120,36.0,34.0,36.0,120,34.0,119,50.2,48.0,36.0 / 120,34.0 / 119
5869,OR,NORTH RED,F,71,70.0,98.2,120,36.4,33.6,36.4,123,33.6,116,50.9,47.3,36.4 / 123,33.6 / 116
5869,OR,GOLD,F,72,66.5,92.9,112,33.7,32.8,33.7,112,32.8,112,46.9,46.0,33.7 / 112,32.8 / 112
5869,OR,NORTH GOLD,F,71,66.4,92.2,110,34.5,31.9,34.5,112,31.9,107,47.7,44.5,34.5 / 112,31.9 / 107
5869,OR,UPPER GOLD,F,71,66.4,92.3,110,33.6,32.8,33.6,109,32.8,111,46.4,45.9,33.6 / 109,32.8 / 111
5776,OR,TOURNAMENT,M,72,75.9,102.8,145,38.2,37.7,38.2,143,37.7,146,51.5,51.3,38.2 / 143,37.7 / 146
5776,OR,BLACK,M,72,73.5,100.0,143,37.1,36.4,37.1,145,36.4,140,50.6,49.4,37.1 / 145,36.4 / 140
5776,OR,GREEN,M,72,71.1,95.7,133,35.9,35.2,35.9,135,35.2,130,48.4,47.3,35.9 / 135,35.2 / 130
5776,OR,GOLD,M,72,69.1,92.1,124,35.1,34.0,35.1,126,34.0,122,46.8,45.3,35.1 / 126,34.0 / 122
5776,OR,ORANGE,M,72,65.5,86.7,114,33.2,32.3,33.2,116,32.3,112,44.0,42.7,33.2 / 116,32.3 / 112
5776,OR,ROYAL BLUE,M,68,61.6,81.1,105,31.0,30.6,31.0,109,30.6,101,41.1,40.0,31.0 / 109,30.6 / 101
5776,OR,BLACK,F,72,79.6,113.8,145,40.1,39.5,40.1,148,39.5,142,57.5,56.3,40.1 / 148,39.5 / 142
5776,OR,GREEN,F,72,76.8,109.5,139,38.6,38.2,38.6,141,38.2,137,55.2,54.3,38.6 / 141,38.2 / 137
5776,OR,GOLD,F,72,74.2,105.5,133,37.6,36.6,37.6,137,36.6,129,53.7,51.8,37.6 / 137,36.6 / 129
5776,OR,ORANGE,F,72,71.6,101.2,126,36.3,35.3,36.3,126,35.3,126,51.1,50.1,36.3 / 126,35.3 / 126
5776,OR,ROYAL BLUE,F,68,64.5,90.7,111,32.9,31.6,32.9,110,31.6,112,45.9,44.8,32.9 / 110,31.6 / 112
5866,OR,BLACK,M,71,74.9,100.1,136,37.5,37.4,37.5,133,37.4,138,49.9,50.2,37.5 / 133,37.4 / 138
5866,OR,GREEN,M,71,72.0,97.4,137,35.8,36.2,35.8,137,36.2,137,48.5,48.9,35.8 / 137,36.2 / 137
5866,OR,GOLD,M,71,69.6,94.2,132,34.6,35.0,34.6,132,35.0,132,46.9,47.3,34.6 / 132,35.0 / 132
5866,OR,ORANGE,M,71,66.7,90.1,126,33.1,33.6,33.1,126,33.6,126,44.8,45.3,33.1 / 126,33.6 / 126
5866,OR,ROYAL BLUE,M,67,63.0,84.0,113,31.4,31.6,31.4,113,31.6,113,41.9,42.1,31.4 / 113,31.6 / 113
5866,OR,BLACK,F,72,80.3,114.6,146,40.2,40.1,40.2,147,40.1,144,57.5,57.1,40.2 / 147,40.1 / 144
5866,OR,GREEN,F,72,77.4,110.3,140,38.5,38.9,38.5,141,38.9,138,55.1,55.2,38.5 / 141,38.9 / 138
5866,OR,GOLD,F,72,75.7,109.5,143,37.5,38.2,37.5,142,38.2,144,54.3,55.2,37.5 / 142,38.2 / 144
5866,OR,ORANGE,F,71,71.2,101.2,128,35.2,36.0,35.2,125,36.0,130,49.9,51.3,35.2 / 125,36.0 / 130
5866,OR,ROYAL BLUE,F,68,65.2,92.0,114,32.5,32.7,32.5,113,32.7,114,45.8,46.2,32.5 / 113,32.7 / 114
5777,OR,BLACK,M,71,74.4,99.2,134,35.4,39.0,35.4,129,39.0,138,47.4,51.8,35.4 / 129,39.0 / 138
5777,OR,GREEN,M,71,71.4,94.9,127,34.1,37.3,34.1,124,37.3,129,45.6,49.3,34.1 / 124,37.3 / 129
5777,OR,GOLD,M,71,67.8,89.5,117,32.8,35.0,32.8,117,35.0,116,43.7,45.8,32.8 / 117,35.0 / 116
5777,OR,ORANGE,M,68,65.1,85.9,112,31.5,33.6,31.5,110,33.6,114,41.7,44.2,31.5 / 110,33.6 / 114
5777,OR,ROYAL BLUE,M,68,62.6,81.9,104,30.4,32.2,30.4,102,32.2,105,39.9,42.0,30.4 / 102,32.2 / 105
5777,OR,BLACK,F,72,81.1,114.9,144,38.4,42.7,38.4,134,42.7,153,54.2,60.7,38.4 / 134,42.7 / 153
5777,OR,GREEN,F,72,77.6,110.1,138,36.9,40.7,36.9,130,40.7,146,52.2,57.9,36.9 / 130,40.7 / 146
5777,OR,GOLD,F,72,74.1,103.9,127,35.4,38.7,35.4,122,38.7,131,49.8,54.1,35.4 / 122,38.7 / 131
5777,OR,ORANGE,F,71,70.0,98.0,119,33.3,36.7,33.3,113,36.7,125,46.6,51.4,33.3 / 113,36.7 / 125
5777,OR,ROYAL BLUE,F,70,65.8,91.0,107,31.1,34.7,31.1,99,34.7,114,42.8,48.2,31.1 / 99,34.7 / 114
5878,OR,BLACK,M,71,73.2,99.7,143,37.6,35.6,37.6,147,35.6,138,51.3,48.4,37.6 / 147,35.6 / 138
5878,OR,GREEN,M,71,70.8,95.9,135,36.3,34.5,36.3,142,34.5,128,49.5,46.4,36.3 / 142,34.5 / 128
5878,OR,GOLD,M,71,68.9,93.1,131,35.2,33.7,35.2,135,33.7,126,47.7,45.4,35.2 / 135,33.7 / 126
5878,OR,ORANGE,M,68,65.8,89.1,126,33.3,32.5,33.3,129,32.5,122,45.3,43.8,33.3 / 129,32.5 / 122
5878,OR,ROYAL BLUE,M,60,61.5,82.5,113,30.9,30.6,30.9,115,30.6,111,41.6,40.9,30.9 / 115,30.6 / 111
5878,OR,BLACK,F,73,78.9,114.3,149,40.6,38.3,40.6,155,38.3,143,59.1,55.2,40.6 / 155,38.3 / 143
5878,OR,GREEN,F,73,76.1,110.3,145,39.1,37.0,39.1,151,37.0,139,56.9,53.4,39.1 / 151,37.0 / 139
5878,OR,GOLD,F,71,74.6,108.0,142,38.4,36.2,38.4,149,36.2,134,56.0,52.0,38.4 / 149,36.2 / 134
5878,OR,ORANGE,F,71,70.3,101.1,131,35.7,34.6,35.7,133,34.6,128,51.4,49.7,35.7 / 133,34.6 / 128
5878,OR,ROYAL BLUE,F,64,63.9,91.0,115,32.4,31.5,32.4,115,31.5,114,46.0,45.0,32.4 / 115,31.5 / 114
29840,OR,BLACK,M,72,71.9,94.3,121,34.9,37.0,34.9,115,37.0,126,45.6,48.7,34.9 / 115,37.0 / 126
29840,OR,GREEN,M,72,70.0,91.4,116,33.9,36.1,33.9,109,36.1,122,44.0,47.4,33.9 / 109,36.1 / 122
29840,OR,GOLD,M,72,67.9,88.2,109,32.8,35.1,32.8,101,35.1,117,42.2,46.0,32.8 / 101,35.1 / 117
29840,OR,ORANGE,M,72,65.0,83.9,102,31.5,33.5,31.5,93,33.5,111,40.1,43.8,31.5 / 93,33.5 / 111
29840,OR,ROYAL BLUE,M,68,61.0,79.0,97,29.9,31.1,29.9,90,31.1,103,38.3,40.7,29.9 / 90,31.1 / 103
29840,OR,BLACK,F,72,78.3,109.7,134,37.7,40.6,37.7,125,40.6,142,52.4,57.3,37.7 / 125,40.6 / 142
29840,OR,GREEN,F,74,76.2,106.5,129,36.6,39.6,36.6,120,39.6,137,50.8,55.7,36.6 / 120,39.6 / 137
29840,OR,GOLD,F,72,73.8,103.0,124,35.4,38.4,35.4,114,38.4,134,48.8,54.2,35.4 / 114,38.4 / 134
29840,OR,ORANGE,F,72,69.8,96.2,112,33.5,36.3,33.5,103,36.3,120,45.7,50.5,33.5 / 103,36.3 / 120
29840,OR,ROYAL BLUE,F,68,62.8,86.0,99,30.2,32.6,30.2,91,32.6,106,40.9,45.1,30.2 / 91,32.6 / 106
32341,OR,BLACK,M,70,69.6,92.9,126,35.0,34.6,35.0,129,34.6,122,47.0,45.9,35.0 / 129,34.6 / 122
32341,OR,COPPER,M,70,67.2,90.0,123,33.9,33.3,33.9,126,33.3,119,45.6,44.4,33.9 / 126,33.3 / 119
32341,OR,GRAY,M,70,65.0,85.8,112,32.3,32.7,32.3,111,32.7,113,42.6,43.2,32.3 / 111,32.7 / 113
32341,OR,BURGUNDY,M,70,61.4,80.7,104,30.5,30.9,30.5,102,30.9,105,40.0,40.7,30.5 / 102,30.9 / 105
32341,OR,COPPER,F,70,73.1,104.5,133,36.8,36.3,36.8,132,36.3,134,52.4,52.1,36.8 / 132,36.3 / 134
32341,OR,GRAY,F,70,69.7,98.9,124,34.6,35.1,34.6,123,35.1,125,49.1,49.8,34.6 / 123,35.1 / 125
32341,OR,BURGUNDY,F,70,65.0,90.5,108,32.0,33.0,32.0,107,33.0,109,44.6,45.9,32.0 / 107,33.0 / 109
5862,OR,BLUE,M,56,57.2,74.0,90,28.6,28.6,28.6,90,28.6,90,37.0,37.0,28.6 / 90,28.6 / 90
5862,OR,BLUE,F,58,58.0,80.0,93,29.0,29.0,29.0,93,29.0,93,40.0,40.0,29.0 / 93,29.0 / 93
5863,OR,BLACK,M,72,73.4,98.9,137,36.7,36.7,36.7,143,36.7,131,50.0,48.9,36.7 / 143,36.7 / 131
5863,OR,BLACK/BLUE,M,72,72.3,96.9,133,36.0,36.3,36.0,136,36.3,129,48.6,48.3,36.0 / 136,36.3 / 129
5863,OR,BLUE,M,72,71.2,94.9,128,35.5,35.7,35.5,131,35.7,124,47.7,47.2,35.5 / 131,35.7 / 124
5863,OR,BLUE/WHITE,M,72,70.1,93.7,127,35.1,35.0,35.1,130,35.0,124,47.2,46.5,35.1 / 130,35.0 / 124
5863,OR,WHITE,M,72,68.5,91.7,125,34.7,33.8,34.7,127,33.8,123,46.5,45.2,34.7 / 127,33.8 / 123
5863,OR,WHITE/GOLD,M,72,66.7,89.3,122,33.8,32.9,33.8,125,32.9,118,45.4,43.9,33.8 / 125,32.9 / 118
5863,OR,GOLD,M,72,66.4,88.6,120,33.5,32.9,33.5,123,32.9,116,44.9,43.7,33.5 / 123,32.9 / 116
5863,OR,GOLD/GREEN,M,72,63.3,84.0,112,31.9,31.4,31.9,115,31.4,108,42.6,41.4,31.9 / 115,31.4 / 108
5863,OR,GREEN,M,72,61.5,81.6,108,30.8,30.7,30.8,113,30.7,103,41.3,40.3,30.8 / 113,30.7 / 103
5863,OR,BLUE,F,72,77.3,111.5,145,38.6,38.7,38.6,147,38.7,143,55.9,55.6,38.6 / 147,38.7 / 143
5863,OR,BLUE/WHITE,F,72,75.7,108.6,140,37.9,37.8,37.9,142,37.8,137,54.7,53.9,37.9 / 142,37.8 / 137
5863,OR,WHITE,F,72,74.0,106.1,136,37.5,36.5,37.5,141,36.5,131,54.1,52.0,37.5 / 141,36.5 / 131
5863,OR,WHITE/GOLD,F,72,72.0,102.8,131,36.6,35.4,36.6,135,35.4,126,52.5,50.3,36.6 / 135,35.4 / 126
5863,OR,GOLD,F,72,71.3,101.8,129,36.1,35.2,36.1,132,35.2,126,51.7,50.1,36.1 / 132,35.2 / 126
5863,OR,GOLD/GREEN,F,72,68.0,97.5,126,34.5,33.5,34.5,131,33.5,120,49.9,47.6,34.5 / 131,33.5 / 120
5863,OR,GREEN,F,72,65.6,94.4,122,33.1,32.5,33.1,128,32.5,116,48.2,46.2,33.1 / 128,32.5 / 116
5861,OR,BLACK,M,70,69.4,91.2,117,33.0,36.4,33.0,115,36.4,119,43.7,47.5,33.0 / 115,36.4 / 119
5861,OR,BLUE,M,70,67.8,89.3,116,32.5,35.3,32.5,112,35.3,119,42.9,46.4,32.5 / 112,35.3 / 119
5861,OR,WHITE,M,70,64.8,84.9,108,30.9,33.9,30.9,105,33.9,111,40.7,44.2,30.9 / 105,33.9 / 111
5861,OR,BLUE,F,70,73.1,101.9,122,34.8,38.3,34.8,112,38.3,132,48.0,53.9,34.8 / 112,38.3 / 132
5861,OR,WHITE,F,70,69.1,97.1,119,32.9,36.2,32.9,114,36.2,123,46.4,50.7,32.9 / 114,36.2 / 123
5860,OR,BLACK,M,72,73.4,97.7,131,36.9,36.5,36.9,128,36.5,133,48.8,48.9,36.9 / 128,36.5 / 133
5860,OR,BLACK/BLUE,M,72,71.7,95.8,130,36.3,35.4,36.3,128,35.4,131,48.2,47.6,36.3 / 128,35.4 / 131
5860,OR,BLUE,M,72,70.7,94.7,129,35.9,34.8,35.9,128,34.8,130,47.8,46.9,35.9 / 128,34.8 / 130
5860,OR,WHITE/BLUE,M,72,70.4,94.3,129,35.4,35.0,35.4,128,35.0,129,47.3,47.0,35.4 / 128,35.0 / 129
5860,OR,WHITE,M,72,69.3,92.9,127,34.7,34.6,34.7,127,34.6,127,46.5,46.4,34.7 / 127,34.6 / 127
5860,OR,RED/WHITE,M,72,67.4,89.7,120,33.7,33.7,33.7,119,33.7,121,44.8,44.9,33.7 / 119,33.7 / 121
5860,OR,RED,M,72,66.2,88.1,118,33.2,33.0,33.2,118,33.0,117,44.2,43.9,33.2 / 118,33.0 / 117
5860,OR,BLUE,F,72,76.9,110.8,144,39.1,37.8,39.1,143,37.8,144,56.0,54.8,39.1 / 143,37.8 / 144
5860,OR,WHITE/BLUE,F,72,76.4,110.2,144,38.5,37.9,38.5,142,37.9,145,55.2,55.0,38.5 / 142,37.9 / 145
5860,OR,WHITE,F,72,74.9,108.2,141,37.7,37.2,37.7,139,37.2,143,54.1,54.1,37.7 / 139,37.2 / 143
5860,OR,RED/WHITE,F,72,72.8,104.5,135,36.5,36.3,36.5,132,36.3,137,52.1,52.4,36.5 / 132,36.3 / 137
5860,OR,RED,F,72,71.4,102.0,130,35.9,35.5,35.9,130,35.5,130,51.2,50.8,35.9 / 130,35.5 / 130
5859,OR,BLACK,M,72,73.2,98.6,137,36.0,37.2,36.0,138,37.2,136,48.8,49.8,36.0 / 138,37.2 / 136
5859,OR,BLACK/BLUE,M,72,71.8,97.5,139,35.6,36.2,35.6,136,36.2,141,48.2,49.3,35.6 / 136,36.2 / 141
5859,OR,BLUE,M,72,70.8,95.8,135,35.1,35.7,35.1,135,35.7,135,47.6,48.2,35.1 / 135,35.7 / 135
5859,OR,BLUE/WHITE,M,72,69.8,93.1,126,34.5,35.3,34.5,123,35.3,128,45.9,47.2,34.5 / 123,35.3 / 128
5859,OR,WHITE,M,72,68.7,91.5,123,34.0,34.7,34.0,121,34.7,125,45.2,46.3,34.0 / 121,34.7 / 125
5859,OR,WHITE/RED,M,72,67.2,89.4,120,33.4,33.8,33.4,117,33.8,122,44.3,45.1,33.4 / 117,33.8 / 122
5859,OR,RED,M,72,66.5,87.9,115,33.1,33.4,33.1,112,33.4,118,43.5,44.4,33.1 / 112,33.4 / 118
5859,OR,RED/GOLD,M,72,65.5,86.3,112,32.6,32.9,32.6,110,32.9,114,42.8,43.5,32.6 / 110,32.9 / 114
5859,OR,GOLD,M,72,64.3,84.8,111,32.0,32.3,32.0,107,32.3,114,41.9,42.9,32.0 / 107,32.3 / 114
5859,OR,BLUE,F,72,75.7,108.1,138,37.4,38.3,37.4,137,38.3,138,53.5,54.6,37.4 / 137,38.3 / 138
5859,OR,WHITE/BLUE,F,72,74.3,106.1,135,36.7,37.6,36.7,134,37.6,136,52.5,53.6,36.7 / 134,37.6 / 136
5859,OR,WHITE,F,72,72.9,103.9,132,35.9,37.0,35.9,130,37.0,133,51.2,52.7,35.9 / 130,37.0 / 133
5859,OR,WHITE/RED,F,72,71.4,102.4,132,35.2,36.2,35.2,130,36.2,133,50.5,51.9,35.2 / 130,36.2 / 133
5859,OR,RED,F,72,70.5,100.8,129,34.8,35.7,34.8,127,35.7,130,49.8,51.0,34.8 / 127,35.7 / 130
5859,OR,RED/GOLD,F,72,69.6,99.1,125,34.6,35.0,34.6,124,35.0,126,49.2,49.9,34.6 / 124,35.0 / 126
5859,OR,GOLD,F,72,68.4,97.4,123,33.8,34.6,33.8,122,34.6,124,48.2,49.2,33.8 / 122,34.6 / 124
5882,OR,Jake,M,72,74.3,101.3,145,37.2,37.1,37.2,143,37.1,147,50.5,50.8,37.2 / 143,37.1 / 147
5882,OR,Jake/Black,M,72,72.7,99.3,143,36.4,36.3,36.4,141,36.3,145,49.5,49.8,36.4 / 141,36.3 / 145
5882,OR,Black,M,72,71.5,97.8,142,35.8,35.7,35.8,140,35.7,143,48.8,49.0,35.8 / 140,35.7 / 143
5882,OR,Black/Gold,M,72,69.8,95.0,136,34.8,35.0,34.8,132,35.0,139,47.1,47.9,34.8 / 132,35.0 / 139
5882,OR,Gold,M,72,68.3,92.4,130,34.1,34.2,34.1,125,34.2,135,45.7,46.7,34.1 / 125,34.2 / 135
5882,OR,Gold/Silver,M,72,66.8,90.6,128,33.4,33.4,33.4,123,33.4,133,44.8,45.8,33.4 / 123,33.4 / 133
5882,OR,Silver,M,72,65.1,87.4,120,32.4,32.7,32.4,119,32.7,121,43.5,43.9,32.4 / 119,32.7 / 121
5882,OR,Silver/Red,M,70,63.6,85.5,118,31.6,32.0,31.6,116,32.0,119,42.4,43.1,31.6 / 116,32.0 / 119
5882,OR,Red,M,68,61.8,82.9,114,31.0,30.8,31.0,113,30.8,114,41.5,41.4,31.0 / 113,30.8 / 114
5882,OR,Black/Gold,F,72,76.0,109.0,140,37.9,38.1,37.9,141,38.1,139,54.5,54.5,37.9 / 141,38.1 / 139
5882,OR,Gold,F,72,74.3,106.0,135,37.0,37.3,37.0,134,37.3,135,52.8,53.2,37.0 / 134,37.3 / 135
5882,OR,Gold/Silver,F,72,72.7,103.8,132,36.3,36.4,36.3,131,36.4,133,51.7,52.1,36.3 / 131,36.4 / 133
5882,OR,Silver,F,72,70.9,101.0,128,35.3,35.6,35.3,127,35.6,128,50.3,50.7,35.3 / 127,35.6 / 128
5882,OR,Silver/Red,F,72,69.2,99.3,128,34.5,34.7,34.5,125,34.7,131,49.2,50.1,34.5 / 125,34.7 / 131
5882,OR,Red,F,71,66.8,95.8,123,33.8,33.0,33.8,121,33.0,125,48.1,47.7,33.8 / 121,33.0 / 125
5858,OR,BLACK,M,72,74.0,100.6,143,36.9,37.1,36.9,140,37.1,146,49.9,50.7,36.9 / 140,37.1 / 146
5858,OR,BLACK/GREEN,M,72,72.6,98.8,141,36.1,36.5,36.1,140,36.5,142,49.1,49.7,36.1 / 140,36.5 / 142
5858,OR,GREEN,M,72,71.0,96.8,139,35.5,35.5,35.5,137,35.5,141,48.2,48.6,35.5 / 137,35.5 / 141
5858,OR,GREEN/SILVER,M,72,69.5,94.6,135,34.5,35.0,34.5,133,35.0,137,46.9,47.7,34.5 / 133,35.0 / 137
5858,OR,SILVER,M,72,68.1,91.9,128,33.9,34.2,33.9,128,34.2,127,45.8,46.1,33.9 / 128,34.2 / 127
5858,OR,GOLD/SILVER,M,72,66.7,89.4,123,33.2,33.5,33.2,123,33.5,122,44.6,44.8,33.2 / 123,33.5 / 122
5858,OR,GOLD,M,70,65.3,87.4,119,32.5,32.8,32.5,121,32.8,117,43.7,43.7,32.5 / 121,32.8 / 117
5858,OR,Scoring Tee,M,72,60.4,81.2,112,30.1,30.3,30.1,111,30.3,113,40.4,40.8,30.1 / 111,30.3 / 113
5858,OR,GREEN,F,75,77.3,112.5,149,38.3,39.0,38.3,148,39.0,150,55.8,56.7,38.3 / 148,39.0 / 150
5858,OR,GREEN/SILVER,F,72,75.8,109.8,144,37.4,38.4,37.4,142,38.4,146,54.2,55.6,37.4 / 142,38.4 / 146
5858,OR,SILVER,F,72,73.7,107.4,143,36.8,36.9,36.8,142,36.9,143,53.6,53.8,36.8 / 142,36.9 / 143
5858,OR,GOLD/SILVER,F,72,72.1,104.3,137,35.8,36.3,35.8,134,36.3,139,51.6,52.7,35.8 / 134,36.3 / 139
5858,OR,GOLD,F,72,70.5,101.5,132,35.1,35.4,35.1,126,35.4,137,50.0,51.5,35.1 / 126,35.4 / 137
5858,OR,Scoring Tee,F,72,62.6,89.9,116,31.1,31.5,31.1,109,31.5,122,44.0,45.9,31.1 / 109,31.5 / 122
5857,OR,GOLD,M,72,72.0,96.1,130,35.1,36.9,35.1,129,36.9,130,47.1,49.0,35.1 / 129,36.9 / 130
5857,OR,BLUE,M,72,69.5,92.7,125,34.1,35.4,34.1,117,35.4,132,45.0,47.7,34.1 / 117,35.4 / 132
5857,OR,WHITE,M,72,67.2,89.1,118,33.0,34.2,33.0,110,34.2,126,43.2,45.9,33.0 / 110,34.2 / 126
5857,OR,BROWN,M,72,66.3,88.1,118,32.5,33.8,32.5,109,33.8,126,42.6,45.5,32.5 / 109,33.8 / 126
5857,OR,RED,M,72,63.4,83.3,107,31.5,31.9,31.5,104,31.9,110,41.2,42.1,31.5 / 104,31.9 / 110
5857,OR,BLUE,F,72,75.2,108.0,139,36.6,38.6,36.6,137,38.6,141,52.8,55.2,36.6 / 137,38.6 / 141
5857,OR,WHITE,F,72,72.6,104.2,134,35.3,37.3,35.3,131,37.3,137,50.7,53.5,35.3 / 131,37.3 / 137
5857,OR,BROWN,F,72,71.3,101.6,129,34.7,36.6,34.7,124,36.6,133,49.3,52.3,34.7 / 124,36.6 / 133
5857,OR,RED,F,72,67.1,93.9,114,33.0,34.1,33.0,106,34.1,121,45.5,48.4,33.0 / 106,34.1 / 121
34001,OR,WHITE,M,27,26.7,34.8,87,26.7,,26.7,87,,,34.8,,26.7 / 87,/
34001,OR,RED,M,27,25.3,32.4,76,25.3,,25.3,76,,,32.4,,25.3 / 76,/
34001,OR,WHITE,F,27,27.9,39.3,97,27.9,,27.9,97,,,39.3,,27.9 / 97,/
34001,OR,RED,F,27,26.7,37.0,87,26.7,,26.7,87,,,37.0,,26.7 / 87,/
5855,OR,BLUE,M,72,69.8,94.3,132,34.8,35.0,34.8,131,35.0,132,47.0,47.3,34.8 / 131,35.0 / 132
5855,OR,YELLOW/RED,M,72,68.2,90.8,122,33.9,34.3,33.9,118,34.3,125,44.9,45.9,33.9 / 118,34.3 / 125
5855,OR,WHITE/TEAL,M,72,64.5,83.1,100,32.2,32.3,32.2,99,32.3,101,41.4,41.7,32.2 / 99,32.3 / 101
5855,OR,BLUE,F,74,75.9,108.0,137,37.8,38.1,37.8,137,38.1,136,53.9,54.1,37.8 / 137,38.1 / 136
5855,OR,YELLOW/RED,F,74,73.6,105.4,135,36.4,37.2,36.4,137,37.2,133,52.5,52.9,36.4 / 137,37.2 / 133
5855,OR,WHITE/TEAL,F,74,68.8,97.8,123,34.3,34.5,34.3,122,34.5,124,48.7,49.1,34.3 / 122,34.5 / 124
5794,OR,BLACK,M,72,75.0,99.6,133,37.9,37.1,37.9,135,37.1,130,50.4,49.2,37.9 / 135,37.1 / 130
5794,OR,PURPLE,M,72,73.1,96.9,128,36.9,36.2,36.9,130,36.2,126,49.0,47.9,36.9 / 130,36.2 / 126
5794,OR,PURPLE/WHITE,M,72,72.2,95.7,127,36.4,35.8,36.4,127,35.8,126,48.2,47.5,36.4 / 127,35.8 / 126
5794,OR,WHITE,M,72,70.7,93.5,123,35.5,35.2,35.5,124,35.2,122,47.0,46.5,35.5 / 124,35.2 / 122
5794,OR,CMC SEN,M,72,69.2,91.5,120,34.7,34.5,34.7,122,34.5,118,46.0,45.5,34.7 / 122,34.5 / 118
5794,OR,GREEN,M,72,67.8,89.5,117,34.0,33.8,34.0,116,33.8,117,44.8,44.7,34.0 / 116,33.8 / 117
5794,OR,GREEN/ROSE,M,72,66.5,87.4,112,33.4,33.1,33.4,113,33.1,110,43.9,43.4,33.4 / 113,33.1 / 110
5794,OR,ROSE,M,72,65.0,85.0,108,32.7,32.3,32.7,110,32.3,105,42.9,42.1,32.7 / 110,32.3 / 105
5794,OR,WHITE,F,75,76.8,108.2,134,38.6,38.2,38.6,131,38.2,136,54.0,54.2,38.6 / 131,38.2 / 136
5794,OR,GREEN,F,72,73.5,103.3,127,36.8,36.7,36.8,123,36.7,130,51.3,52.0,36.8 / 123,36.7 / 130
5794,OR,ROSE/GREEN,F,72,71.7,101.2,125,35.9,35.8,35.9,123,35.8,127,50.4,50.8,35.9 / 123,35.8 / 127
5794,OR,ROSE,F,72,70.2,97.8,117,35.0,35.2,35.0,118,35.2,116,48.9,48.9,35.0 / 118,35.2 / 116
30380,OR,Blue,M,62,60.2,78.7,100,30.3,29.9,30.3,99,29.9,100,39.5,39.2,30.3 / 99,29.9 / 100
30380,OR,White,M,62,59.3,77.3,97,30.0,29.5,30.0,96,29.5,98,38.9,38.6,30.0 / 96,29.5 / 98
30380,OR,Red,M,62,58.7,75.9,93,29.6,29.1,29.6,93,29.1,93,38.2,37.7,29.6 / 93,29.1 / 93
30380,OR,Blue,F,65,63.5,88.4,106,32.2,31.2,32.2,108,31.2,105,44.9,43.6,32.2 / 108,31.2 / 105
30380,OR,White,F,65,62.3,86.8,104,31.6,30.7,31.6,103,30.7,104,43.8,43.0,31.6 / 103,30.7 / 104
30380,OR,Red,F,65,61.0,84.6,100,30.9,30.1,30.9,101,30.1,99,42.8,41.8,30.9 / 101,30.1 / 99
30381,OR,Blue,M,62,60.7,79.4,101,30.3,30.4,30.3,99,30.4,102,39.5,39.9,30.3 / 99,30.4 / 102
30381,OR,White,M,62,60.0,78.4,99,30.0,30.0,30.0,96,30.0,102,38.9,39.5,30.0 / 96,30.0 / 102
30381,OR,Red,M,62,58.9,76.2,94,29.6,29.5,29.6,93,29.5,94,38.2,38.2,29.6 / 93,29.5 / 94
30381,OR,Blue,F,65,64.2,89.7,109,32.2,32.0,32.2,108,32.0,109,44.9,44.8,32.2 / 108,32.0 / 109
30381,OR,White,F,65,62.9,87.8,106,31.6,31.3,31.6,103,31.3,108,43.8,44.0,31.6 / 103,31.3 / 108
30381,OR,Red,F,65,61.3,84.8,100,30.9,30.4,30.9,101,30.4,98,42.8,42.0,30.9 / 101,30.4 / 98
5790,OR,Blue,M,62,60.2,78.7,100,29.9,30.3,29.9,100,30.3,99,39.2,39.5,29.9 / 100,30.3 / 99
5790,OR,White,M,62,59.5,77.5,97,29.5,30.0,29.5,98,30.0,96,38.6,38.9,29.5 / 98,30.0 / 96
5790,OR,Red,M,62,58.7,75.9,93,29.1,29.6,29.1,93,29.6,93,37.7,38.2,29.1 / 93,29.6 / 93
5790,OR,Blue,F,65,63.4,88.5,107,31.2,32.2,31.2,105,32.2,108,43.6,44.9,31.2 / 105,32.2 / 108
5790,OR,White,F,65,62.3,86.8,104,30.7,31.6,30.7,104,31.6,103,43.0,43.8,30.7 / 104,31.6 / 103
5790,OR,Red,F,65,61.0,84.6,100,30.1,30.9,30.1,99,30.9,101,41.8,42.8,30.1 / 99,30.9 / 101
5792,OR,Blue,M,62,60.1,78.9,101,29.9,30.4,29.9,100,30.4,102,39.2,39.9,29.9 / 100,30.4 / 102
5792,OR,White,M,62,59.3,77.9,100,29.5,30.0,29.5,98,30.0,102,38.6,39.5,29.5 / 98,30.0 / 102
5792,OR,Red,M,62,59.3,77.8,100,29.5,29.8,29.5,100,29.8,99,38.8,39.0,29.5 / 100,29.8 / 99
5792,OR,Blue,F,64,63.2,88.4,107,31.2,32.0,31.2,107,32.0,109,43.6,44.8,31.2 / 107,32.0 / 109
5792,OR,White,F,64,62.0,87.1,106,30.7,31.3,30.7,104,31.3,108,43.0,44.0,30.7 / 104,31.3 / 108
5792,OR,Red,F,64,60.5,83.8,99,30.1,30.4,30.1,99,30.4,98,41.8,42.0,30.1 / 99,30.4 / 98
5791,OR,Blue,M,62,60.7,79.4,101,30.4,30.3,30.4,102,30.3,99,39.9,39.5,30.4 / 102,30.3 / 99
5791,OR,White,M,62,59.8,78.2,99,30.0,30.0,30.0,102,30.0,96,39.5,38.9,30.0 / 102,30.0 / 96
5791,OR,Red,M,62,58.9,76.2,94,29.5,29.6,29.5,94,29.6,93,38.2,38.2,29.5 / 94,29.6 / 93
5791,OR,Blue,F,65,64.2,89.7,109,32.0,32.2,32.0,109,32.2,108,44.8,44.9,32.0 / 109,32.2 / 108
5791,OR,White,F,65,62.9,87.8,106,31.3,31.6,31.3,108,31.6,103,44.0,43.8,31.3 / 108,31.6 / 103
5791,OR,Red,F,65,61.3,84.8,100,30.4,30.9,30.4,98,30.9,101,42.0,42.8,30.4 / 98,30.9 / 101
30382,OR,Blue,M,62,60.3,79.1,101,30.4,29.9,30.4,102,29.9,100,39.9,39.2,30.4 / 102,29.9 / 100
30382,OR,White,M,62,59.3,77.9,100,30.0,29.5,30.0,102,29.5,98,39.5,38.6,30.0 / 102,29.5 / 98
30382,OR,Red,M,62,58.6,75.9,94,29.5,29.1,29.5,94,29.1,93,38.2,37.7,29.5 / 94,29.1 / 93
30382,OR,Blue,F,64,63.2,88.4,107,32.0,31.2,32.0,109,31.2,107,44.8,43.6,32.0 / 109,31.2 / 107
30382,OR,White,F,64,62.0,87.0,106,31.3,30.7,31.3,108,30.7,104,44.0,43.0,31.3 / 108,30.7 / 104
30382,OR,Red,F,64,60.5,83.8,99,30.4,30.1,30.4,98,30.1,99,42.0,41.8,30.4 / 98,30.1 / 99
5854,OR,CHALLENGE,M,72,74.1,100.9,145,37.2,36.9,37.2,147,36.9,139,50.9,49.8,37.2 / 147,36.9 / 139
5854,OR,BLACK,M,72,73.8,100.8,146,37.1,36.7,37.1,147,36.7,139,50.8,49.6,37.1 / 147,36.7 / 139
5854,OR,CHALLENGE ALT 13,M,72,73.7,100.2,143,37.2,36.5,37.2,147,36.5,138,50.9,49.3,37.2 / 147,36.5 / 138
5854,OR,BLACK ALT 13,M,72,73.3,100.2,145,37.1,36.2,37.1,147,36.2,138,50.8,49.0,37.1 / 147,36.2 / 138
5854,OR,BLUE,M,72,71.6,98.1,143,36.0,35.6,36.0,144,35.6,141,49.4,48.7,36.0 / 144,35.6 / 141
5854,OR,BLUE ALT 13,M,72,71.2,97.8,143,36.0,35.2,36.0,144,35.2,139,49.4,48.1,36.0 / 144,35.2 / 139
5854,OR,WHITE,M,72,69.7,94.7,135,35.0,34.7,35.0,133,34.7,136,47.4,47.3,35.0 / 133,34.7 / 136
5854,OR,WHITE ALT 13,M,72,69.3,94.0,133,35.0,34.3,35.0,133,34.3,132,47.4,46.6,35.0 / 133,34.3 / 132
5854,OR,GREEN,M,72,67.1,89.8,122,34.1,33.0,34.1,129,33.0,115,46.1,43.7,34.1 / 129,33.0 / 115
5854,OR,GREEN ALT 13,M,72,66.7,89.2,121,34.1,32.6,34.1,129,32.6,113,46.1,43.1,34.1 / 129,32.6 / 113
5854,OR,RED,M,72,65.6,87.4,118,33.7,31.9,33.7,128,31.9,107,45.6,41.8,33.7 / 128,31.9 / 107
5854,OR,RED ALT 13,M,72,65.4,87.0,116,33.7,31.7,33.7,128,31.7,104,45.6,41.4,33.7 / 128,31.7 / 104
5854,OR,SILVER,M,71,61.9,80.7,101,30.4,31.5,30.4,103,31.5,101,40.0,40.9,30.4 / 103,31.5 / 101
5854,OR,SILVER ALT 13,M,71,61.7,80.2,100,30.4,31.3,30.4,103,31.3,98,40.0,40.4,30.4 / 103,31.3 / 98
5854,OR,BLUE,F,72,78.7,114.4,152,39.9,38.8,39.9,151,38.8,152,57.7,56.7,39.9 / 151,38.8 / 152
5854,OR,BLUE ALT 13,F,72,78.1,113.5,150,39.9,38.2,39.9,151,38.2,149,57.7,55.8,39.9 / 151,38.2 / 149
5854,OR,WHITE,F,72,75.7,110.0,146,38.1,37.6,38.1,146,37.6,145,55.3,54.7,38.1 / 146,37.6 / 145
5854,OR,WHITE ALT 13,F,72,75.2,109.3,145,38.1,37.2,38.1,146,37.2,142,55.3,54.0,38.1 / 146,37.2 / 142
5854,OR,GREEN,F,72,72.3,103.5,132,36.9,35.3,36.9,137,35.3,127,53.1,50.3,36.9 / 137,35.3 / 127
5854,OR,GREEN ALT 13,F,72,71.9,102.7,131,36.9,35.0,36.9,137,35.0,124,53.1,49.6,36.9 / 137,35.0 / 124
5854,OR,RED,F,72,70.8,100.6,127,36.6,34.2,36.6,135,34.2,118,52.5,48.1,36.6 / 135,34.2 / 118
5854,OR,RED ALT 13,F,72,70.6,100.0,125,36.6,34.0,36.6,135,34.0,114,52.5,47.5,36.6 / 135,34.0 / 114
5854,OR,SILVER,F,71,65.9,91.7,110,32.3,33.6,32.3,105,33.6,114,44.7,47.0,32.3 / 105,33.6 / 114
5854,OR,SILVER ALT 13,F,71,65.7,91.0,107,32.4,33.3,32.4,104,33.3,110,44.7,46.3,32.4 / 104,33.3 / 110
5853,OR,GOLD,M,68,65.4,87.2,117,32.7,32.7,32.7,117,32.7,117,43.6,43.6,32.7 / 117,32.7 / 117
5853,OR,BLUE/GOLD,M,68,64.7,86.3,116,32.0,32.7,32.0,115,32.7,117,42.7,43.6,32.0 / 115,32.7 / 117
5853,OR,BLUE,M,68,64.0,85.4,115,32.0,32.0,32.0,115,32.0,115,42.7,42.7,32.0 / 115,32.0 / 115
5853,OR,WHITE/BLUE,M,68,63.4,83.6,109,31.4,32.0,31.4,102,32.0,115,40.9,42.7,31.4 / 102,32.0 / 115
5853,OR,WHITE,M,68,62.8,81.8,102,31.4,31.4,31.4,102,31.4,102,40.9,40.9,31.4 / 102,31.4 / 102
5853,OR,RED/WHITE,M,68,62.2,81.0,101,30.8,31.4,30.8,100,31.4,102,40.1,40.9,30.8 / 100,31.4 / 102
5853,OR,RED,M,68,61.6,80.2,100,30.8,30.8,30.8,100,30.8,100,40.1,40.1,30.8 / 100,30.8 / 100
5853,OR,GOLD,F,68,70.6,99.8,124,35.3,35.3,35.3,124,35.3,124,49.9,49.9,35.3 / 124,35.3 / 124
5853,OR,BLUE/GOLD,F,68,69.3,97.0,118,34.2,35.1,34.2,115,35.1,120,47.8,49.2,34.2 / 115,35.1 / 120
5853,OR,BLUE,F,68,69.0,97.8,122,34.5,34.5,34.5,122,34.5,122,48.9,48.9,34.5 / 122,34.5 / 122
5853,OR,WHITE/BLUE,F,68,67.7,95.4,118,33.2,34.5,33.2,113,34.5,122,46.5,48.9,33.2 / 113,34.5 / 122
5853,OR,WHITE,F,68,66.4,93.0,113,33.2,33.2,33.2,113,33.2,113,46.5,46.5,33.2 / 113,33.2 / 113
5853,OR,RED/WHITE,F,68,65.2,91.2,111,32.0,33.2,32.0,108,33.2,113,44.7,46.5,32.0 / 108,33.2 / 113
5853,OR,RED,F,68,64.0,89.4,108,32.0,32.0,32.0,108,32.0,108,44.7,44.7,32.0 / 108,32.0 / 108
5782,OR,BLUE,M,65,63.1,82.8,108,31.9,31.2,31.9,108,31.2,108,41.9,41.2,31.9 / 108,31.2 / 108
5782,OR,WHITE,M,65,61.5,80.7,103,31.1,30.4,31.1,104,30.4,102,40.8,39.9,31.1 / 104,30.4 / 102
5782,OR,RED,M,65,60.5,79.6,103,30.7,29.8,30.7,103,29.8,102,40.3,39.3,30.7 / 103,29.8 / 102
5782,OR,BLUE,F,67,66.2,92.2,111,33.7,32.5,33.7,109,32.5,112,46.5,45.7,33.7 / 109,32.5 / 112
5782,OR,WHITE,F,67,64.5,89.5,107,32.8,31.7,32.8,105,31.7,108,45.2,44.4,32.8 / 105,31.7 / 108
5782,OR,RED,F,67,63.1,86.7,101,32.1,31.0,32.1,98,31.0,103,43.6,43.1,32.1 / 98,31.0 / 103
32136,OR,BLUE,M,72,71.8,95.4,127,35.9,35.9,35.9,127,35.9,127,47.7,47.7,35.9 / 127,35.9 / 127
32136,OR,BLUE/WHITE,M,72,71.5,94.9,126,35.6,35.9,35.6,125,35.9,127,47.2,47.7,35.6 / 125,35.9 / 127
32136,OR,WHITE,M,72,71.2,94.4,125,35.6,35.6,35.6,125,35.6,125,47.2,47.2,35.6 / 125,35.6 / 125
32136,OR,WHITE/RED Combo,M,72,68.6,91.0,121,34.3,34.3,34.3,121,34.3,121,45.5,45.5,34.3 / 121,34.3 / 121
32136,OR,RED,M,72,68.2,90.2,118,34.1,34.1,34.1,118,34.1,118,45.1,45.1,34.1 / 118,34.1 / 118
32136,OR,GOLD,M,70,61.0,80.4,104,30.5,30.5,30.5,104,30.5,104,40.2,40.2,30.5 / 104,30.5 / 104
32136,OR,WHITE,F,74,77.6,109.4,135,38.8,38.8,38.8,135,38.8,135,54.7,54.7,38.8 / 135,38.8 / 135
32136,OR,WHITE/RED Combo,F,74,74.8,105.6,131,37.4,37.4,37.4,131,37.4,131,52.8,52.8,37.4 / 131,37.4 / 131
32136,OR,RED,F,74,74.4,105.4,131,37.2,37.2,37.2,131,37.2,131,52.7,52.7,37.2 / 131,37.2 / 131
32136,OR,GOLD,F,70,64.8,90.4,109,32.4,32.4,32.4,109,32.4,109,45.2,45.2,32.4 / 109,32.4 / 109
5818,OR,BLUE,M,72,68.4,90.8,121,34.2,34.2,34.2,121,34.2,121,45.4,45.4,34.2 / 121,34.2 / 121
5818,OR,BLUE/WHITE,M,72,67.7,89.7,119,34.2,33.5,34.2,121,33.5,116,45.4,44.3,34.2 / 121,33.5 / 116
5818,OR,WHITE,M,72,67.0,88.6,116,33.5,33.5,33.5,116,33.5,116,44.3,44.3,33.5 / 116,33.5 / 116
5818,OR,WHITE/GOLD,M,72,66.2,87.2,113,33.5,32.7,33.5,116,32.7,110,44.3,42.9,33.5 / 116,32.7 / 110
5818,OR,GOLD,M,72,65.4,85.8,110,32.7,32.7,32.7,110,32.7,110,42.9,42.9,32.7 / 110,32.7 / 110
5818,OR,GOLD/RED,M,72,64.5,84.7,109,32.7,31.8,32.7,110,31.8,108,42.9,41.8,32.7 / 110,31.8 / 108
5818,OR,RED,M,72,63.6,83.6,108,31.8,31.8,31.8,108,31.8,108,41.8,41.8,31.8 / 108,31.8 / 108
5818,OR,RED/GREEN,M,72,61.7,80.7,103,31.8,30.1,31.8,108,30.1,98,41.8,39.2,31.8 / 108,30.1 / 98
5818,OR,GREEN,M,72,60.2,78.4,98,30.1,30.1,30.1,98,30.1,98,39.2,39.2,30.1 / 98,30.1 / 98
5818,OR,BLUE,F,72,74.6,105.2,130,37.3,37.3,37.3,130,37.3,130,52.6,52.6,37.3 / 130,37.3 / 130
5818,OR,BLUE/WHITE,F,72,73.8,104.0,128,37.3,36.5,37.3,130,36.5,126,52.6,51.4,37.3 / 130,36.5 / 126
5818,OR,WHITE,F,72,73.0,102.8,126,36.5,36.5,36.5,126,36.5,126,51.4,51.4,36.5 / 126,36.5 / 126
5818,OR,WHITE/GOLD,F,72,72.1,101.1,123,36.5,35.6,36.5,126,35.6,120,51.4,49.7,36.5 / 126,35.6 / 120
5818,OR,GOLD,F,72,71.2,99.4,120,35.6,35.6,35.6,120,35.6,120,49.7,49.7,35.6 / 120,35.6 / 120
5818,OR,GOLD/RED,F,72,70.3,98.0,118,35.6,34.7,35.6,120,34.7,115,49.7,48.3,35.6 / 120,34.7 / 115
5818,OR,RED,F,72,69.4,96.6,115,34.7,34.7,34.7,115,34.7,115,48.3,48.3,34.7 / 115,34.7 / 115
5818,OR,RED/GREEN,F,72,66.7,92.1,108,34.7,32.0,34.7,115,32.0,100,48.3,43.8,34.7 / 115,32.0 / 100
5818,OR,GREEN,F,72,64.0,87.6,100,32.0,32.0,32.0,100,32.0,100,43.8,43.8,32.0 / 100,32.0 / 100
5803,OR,BLACK,M,71,73.1,99.3,141,36.3,36.8,36.3,141,36.8,141,49.4,49.9,36.3 / 141,36.8 / 141
5803,OR,BLACK/BLUE,M,71,72.1,97.8,139,35.9,36.2,35.9,141,36.2,136,49.0,48.8,35.9 / 141,36.2 / 136
5803,OR,BLUE,M,71,71.5,96.5,135,35.4,36.1,35.4,135,36.1,135,47.9,48.6,35.4 / 135,36.1 / 135
5803,OR,BLUE/WHITE,M,71,70.3,94.9,133,34.8,35.5,34.8,136,35.5,129,47.4,47.5,34.8 / 136,35.5 / 129
5803,OR,WHITE,M,71,69.1,93.2,130,34.4,34.7,34.4,129,34.7,130,46.4,46.8,34.4 / 129,34.7 / 130
5803,OR,WHITE/RED,M,71,67.3,90.5,125,33.8,33.5,33.8,126,33.5,124,45.5,45.0,33.8 / 126,33.5 / 124
5803,OR,RED,M,71,66.2,88.9,123,32.9,33.3,32.9,122,33.3,123,44.2,44.7,32.9 / 122,33.3 / 123
5803,OR,FAMILY,M,36,30.7,40.5,105,30.7,,30.7,105,,,40.5,,30.7 / 105,/
5803,OR,BLACK/BLUE,F,74,78.5,112.9,146,39.2,39.3,39.2,144,39.3,148,56.2,56.7,39.2 / 144,39.3 / 148
5803,OR,BLUE,F,72,77.8,111.9,145,38.6,39.2,38.6,142,39.2,147,55.4,56.5,38.6 / 142,39.2 / 147
5803,OR,BLUE/WHITE,F,72,76.6,109.8,141,38.1,38.5,38.1,138,38.5,143,54.4,55.4,38.1 / 138,38.5 / 143
5803,OR,WHITE,F,72,75.0,107.7,139,37.4,37.6,37.4,137,37.6,140,53.6,54.1,37.4 / 137,37.6 / 140
5803,OR,WHITE/RED,F,72,72.7,103.8,132,36.6,36.1,36.6,132,36.1,131,52.2,51.6,36.6 / 132,36.1 / 131
5803,OR,RED,F,72,71.2,101.4,128,35.4,35.8,35.4,127,35.8,129,50.4,51.0,35.4 / 127,35.8 / 129
5803,OR,FAMILY,F,36,32.2,45.3,111,32.2,,32.2,111,,,45.3,,32.2 / 111,/
34060,OR,BACK,M,27,25.9,33.5,82,25.9,,25.9,82,,,33.5,,25.9 / 82,/
34060,OR,BACK,F,27,27.2,37.2,85,27.2,,27.2,85,,,37.2,,27.2 / 85,/
34354,OR,BLUE,M,27,26.8,33.9,76,26.8,,26.8,76,,,33.9,,26.8 / 76,/
34354,OR,WHITE,M,27,25.1,31.5,69,25.1,,25.1,69,,,31.5,,25.1 / 69,/
34354,OR,BLUE,F,27,27.8,38.0,86,27.8,,27.8,86,,,38.0,,27.8 / 86,/
34354,OR,WHITE,F,27,26.4,34.7,70,26.4,,26.4,70,,,34.7,,26.4 / 70,/
5850,OR,BLUE,M,72,69.4,89.8,110,34.7,34.7,34.7,110,34.7,110,44.9,44.9,34.7 / 110,34.7 / 110
5850,OR,BLUE (3),M,70,68.0,87.6,105,34.0,34.0,34.0,105,34.0,105,43.8,43.8,34.0 / 105,34.0 / 105
5850,OR,RED,M,72,66.0,85.0,102,33.0,33.0,33.0,103,33.0,103,42.6,42.6,33.0 / 103,33.0 / 103
5850,OR,RED (3),M,70,64.6,83.2,100,32.3,32.3,32.3,100,32.3,100,41.6,41.6,32.3 / 100,32.3 / 100
5850,OR,BLUE,F,74,75.2,105.0,126,37.6,37.6,37.6,126,37.6,126,52.5,52.5,37.6 / 126,37.6 / 126
5850,OR,BLUE (3),F,72,73.4,102.0,121,36.7,36.7,36.7,121,36.7,121,51.0,51.0,36.7 / 121,36.7 / 121
5850,OR,RED,F,72,71.8,99.6,118,35.9,35.9,35.9,118,35.9,118,49.8,49.8,35.9 / 118,35.9 / 118
5850,OR,RED (3),F,70,70.0,96.6,113,35.0,35.0,35.0,113,35.0,113,48.3,48.3,35.0 / 113,35.0 / 113
5846,OR,BLUE,M,72,72.1,98.8,144,36.0,36.1,36.0,145,36.1,142,49.5,49.3,36.0 / 145,36.1 / 142
5846,OR,BLUE/WHITE,M,72,71.0,96.8,139,35.5,35.5,35.5,142,35.5,136,48.7,48.1,35.5 / 142,35.5 / 136
5846,OR,WHITE,M,72,70.0,95.2,136,34.8,35.2,34.8,137,35.2,135,47.5,47.7,34.8 / 137,35.2 / 135
5846,OR,WHITE/RED,M,72,67.9,91.8,129,33.8,34.1,33.8,129,34.1,128,45.8,46.0,33.8 / 129,34.1 / 128
5846,OR,RED,M,72,66.7,90.0,126,33.5,33.2,33.5,127,33.2,124,45.3,44.7,33.5 / 127,33.2 / 124
5846,OR,RED/GOLD,M,69,63.5,85.2,117,32.1,31.4,32.1,116,31.4,117,42.9,42.3,32.1 / 116,31.4 / 117
5846,OR,GOLD,M,68,61.6,82.7,114,30.9,30.7,30.9,114,30.7,113,41.5,41.2,30.9 / 114,30.7 / 113
5846,OR,WHITE,F,73,75.1,108.7,143,37.2,37.9,37.2,148,37.9,137,54.6,54.1,37.2 / 148,37.9 / 137
5846,OR,WHITE/RED,F,72,73.2,104.4,132,36.5,36.7,36.5,131,36.7,133,52.0,52.4,36.5 / 131,36.7 / 133
5846,OR,RED,F,72,72.0,102.5,130,36.1,35.9,36.1,131,35.9,128,51.5,51.0,36.1 / 131,35.9 / 128
5846,OR,RED/GOLD,F,71,67.0,95.3,120,33.7,33.3,33.7,120,33.3,120,47.9,47.4,33.7 / 120,33.3 / 120
5846,OR,GOLD,F,69,63.0,88.5,108,31.3,31.7,31.3,107,31.7,109,43.9,44.6,31.3 / 107,31.7 / 109
5847,OR,RED/WHITE,M,66,62.3,81.7,105,31.0,31.3,31.0,102,31.3,107,40.5,41.2,31.0 / 102,31.3 / 107
5847,OR,RED/WHITE,F,70,65.4,91.9,113,32.4,33.0,32.4,111,33.0,114,45.5,46.4,32.4 / 111,33.0 / 114
5848,OR,Black,M,71,70.5,95.0,132,35.3,35.2,35.3,133,35.2,130,47.7,47.3,35.3 / 133,35.2 / 130
5848,OR,Black/White,M,71,69.1,93.5,131,34.5,34.6,34.5,129,34.6,133,46.5,47.0,34.5 / 129,34.6 / 133
5848,OR,White,M,71,68.6,92.9,131,34.3,34.3,34.3,128,34.3,133,46.2,46.7,34.3 / 128,34.3 / 133
5848,OR,White/Orange,M,71,67.3,90.2,123,33.8,33.5,33.8,119,33.5,127,44.9,45.3,33.8 / 119,33.5 / 127
5848,OR,Orange,M,71,65.7,87.5,117,32.9,32.8,32.9,115,32.8,119,43.6,43.9,32.9 / 115,32.8 / 119
5848,OR,Gold,M,67,59.2,78.7,105,29.6,29.6,29.6,111,29.6,99,39.9,38.8,29.6 / 111,29.6 / 99
5848,OR,Blue,M,66,57.1,75.8,101,28.3,28.8,28.3,103,28.8,98,37.9,37.9,28.3 / 103,28.8 / 98
5848,OR,White,F,71,74.5,106.5,136,37.2,37.3,37.2,139,37.3,132,53.6,52.9,37.2 / 139,37.3 / 132
5848,OR,White/Orange,F,71,72.2,102.8,130,36.2,36.0,36.2,134,36.0,126,52.0,50.8,36.2 / 134,36.0 / 126
5848,OR,Orange,F,71,69.6,99.5,127,34.9,34.7,34.9,130,34.7,124,50.2,49.3,34.9 / 130,34.7 / 124
5848,OR,Gold,F,67,61.0,85.6,104,30.5,30.5,30.5,104,30.5,104,42.8,42.8,30.5 / 104,30.5 / 104
5848,OR,Blue,F,67,59.2,83.2,102,29.5,29.7,29.5,102,29.7,102,41.5,41.7,29.5 / 102,29.7 / 102
6109,OR,Blue,M,72,69.4,94.0,132,34.7,34.7,34.7,132,34.7,132,47.0,47.0,34.7 / 132,34.7 / 132
6109,OR,White,M,72,66.6,89.4,123,33.3,33.3,33.3,123,33.3,123,44.7,44.7,33.3 / 123,33.3 / 123
6109,OR,Yellow,M,72,63.6,83.8,109,31.8,31.8,31.8,109,31.8,109,41.9,41.9,31.8 / 109,31.8 / 109
6109,OR,Red,M,72,59.6,76.4,90,29.8,29.8,29.8,90,29.8,90,38.2,38.2,29.8 / 90,29.8 / 90
6109,OR,Silver,M,54,53.6,66.8,71,26.8,26.8,26.8,71,26.8,71,33.4,33.4,26.8 / 71,26.8 / 71
6109,OR,Blue,F,72,75.8,108.0,137,37.9,37.9,37.9,137,37.9,137,54.0,54.0,37.9 / 137,37.9 / 137
6109,OR,White,F,72,72.6,103.4,131,36.3,36.3,36.3,131,36.3,131,51.7,51.7,36.3 / 131,36.3 / 131
6109,OR,Yellow,F,72,68.0,97.0,123,34.0,34.0,34.0,123,34.0,123,48.5,48.5,34.0 / 123,34.0 / 123
6109,OR,Red,F,72,61.2,86.0,105,30.6,30.6,30.6,105,30.6,105,43.0,43.0,30.6 / 105,30.6 / 105
6109,OR,Silver,F,54,55.4,75.2,84,27.7,27.7,27.7,84,27.7,84,37.6,37.6,27.7 / 84,27.7 / 84
5845,OR,Black short 13,M,71,72.9,98.8,140,37.0,35.9,37.0,138,35.9,141,49.8,49.0,37.0 / 138,35.9 / 141
5845,OR,Black/Blue Short 13,M,71,72.0,97.3,136,36.4,35.6,36.4,133,35.6,139,48.8,48.5,36.4 / 133,35.6 / 139
5845,OR,Blue Short 13,M,71,71.1,95.7,133,36.0,35.1,36.0,130,35.1,135,48.1,47.6,36.0 / 130,35.1 / 135
5845,OR,PLAYER'S Short 13,M,71,69.7,93.5,128,35.0,34.5,35.0,127,34.5,132,46.8,46.8,35.0 / 127,34.5 / 132
5845,OR,White Short 13,M,71,68.7,91.7,124,34.6,34.1,34.6,123,34.1,125,46.0,45.7,34.6 / 123,34.1 / 125
5845,OR,SENIOR PLAYER'S Short 13,M,71,66.4,88.4,118,33.7,32.7,33.7,119,32.7,117,44.8,43.6,33.7 / 119,32.7 / 117
5845,OR,Yellow Short 13,M,71,65.2,86.4,114,33.0,32.2,33.0,116,32.2,112,43.8,42.6,33.0 / 116,32.2 / 112
5845,OR,BLUE,F,76,78.3,112.2,144,38.8,39.5,38.8,142,39.5,146,55.5,56.7,38.8 / 142,39.5 / 146
5845,OR,PLAYER'S,F,74,76.9,110.3,142,37.9,39.0,37.9,140,39.0,143,54.4,55.9,37.9 / 140,39.0 / 143
5845,OR,White Short 13,F,72,74.3,106.5,137,37.1,37.2,37.1,138,37.2,135,53.4,53.1,37.1 / 138,37.2 / 135
5845,OR,SENIOR PLAYER'S Short 13,F,72,71.6,102.4,131,35.9,35.7,35.9,136,35.7,126,51.9,50.5,35.9 / 136,35.7 / 126
5845,OR,Yellow Short 13,F,72,69.7,99.2,125,35.4,34.3,35.4,130,34.3,120,50.7,48.5,35.4 / 130,34.3 / 120
5845,OR,BURGUNDY,F,72,65.7,92.8,115,32.8,32.9,32.8,111,32.9,119,45.9,46.9,32.8 / 111,32.9 / 119
5807,OR,Gold,M,68,65.4,87.6,119,32.7,32.7,32.7,119,32.7,119,43.8,43.8,32.7 / 119,32.7 / 119
5807,OR,Blue/Gold,M,68,64.6,86.1,116,31.9,32.7,31.9,112,32.7,119,42.3,43.8,31.9 / 112,32.7 / 119
5807,OR,Blue,M,68,63.8,84.6,112,31.9,31.9,31.9,112,31.9,112,42.3,42.3,31.9 / 112,31.9 / 112
5807,OR,White/Blue,M,68,63.2,83.6,110,31.3,31.9,31.3,108,31.9,112,41.3,42.3,31.3 / 108,31.9 / 112
5807,OR,White,M,68,62.6,82.6,108,31.3,31.3,31.3,108,31.3,108,41.3,41.3,31.3 / 108,31.3 / 108
5807,OR,Red/White,M,68,61.7,81.6,108,30.4,31.3,30.4,107,31.3,108,40.3,41.3,30.4 / 107,31.3 / 108
5807,OR,Red,M,68,60.8,80.6,107,30.4,30.4,30.4,107,30.4,107,40.3,40.3,30.4 / 107,30.4 / 107
5807,OR,Blue/Gold,F,70,69.0,99.5,129,33.9,35.1,33.9,126,35.1,132,48.8,50.7,33.9 / 126,35.1 / 132
5807,OR,White,F,68,65.8,93.0,115,32.9,32.9,32.9,115,32.9,115,46.5,46.5,32.9 / 115,32.9 / 115
5807,OR,Red/White,F,68,64.4,90.8,112,31.5,32.9,31.5,109,32.9,115,44.3,46.5,31.5 / 109,32.9 / 115
5807,OR,Red,F,68,63.0,88.6,109,31.5,31.5,31.5,109,31.5,109,44.3,44.3,31.5 / 109,31.5 / 109
5781,OR,BACK BLUE,M,71,68.0,90.1,119,33.5,34.5,33.5,111,34.5,127,43.8,46.3,33.5 / 111,34.5 / 127
5781,OR,BLUE,M,71,67.2,88.9,117,33.1,34.0,33.1,109,34.0,124,43.2,45.5,33.1 / 109,34.0 / 124
5781,OR,WHITE,M,71,65.5,86.4,113,32.3,33.2,32.3,108,33.2,116,42.3,44.0,32.3 / 108,33.2 / 116
5781,OR,RED,M,71,64.0,83.5,105,32.0,32.0,32.0,103,32.0,107,41.6,41.9,32.0 / 103,32.0 / 107
5781,OR,BLUE,F,72,72.6,103.9,133,35.5,37.1,35.5,126,37.1,140,50.3,53.6,35.5 / 126,37.1 / 140
5781,OR,WHITE,F,72,70.7,100.0,124,34.7,36.0,34.7,121,36.0,127,49.0,51.0,34.7 / 121,36.0 / 127
5781,OR,RED,F,72,68.2,96.7,121,34.1,34.1,34.1,120,34.1,121,48.3,48.4,34.1 / 120,34.1 / 121
5781,OR,GOLD,F,72,61.4,87.1,109,30.6,30.8,30.6,109,30.8,109,43.5,43.6,30.6 / 109,30.8 / 109
5804,OR,BLACK,M,72,72.9,95.6,123,36.3,36.6,36.3,121,36.6,124,47.5,48.1,36.3 / 121,36.6 / 124
5804,OR,ORANGE,M,72,70.6,92.8,120,35.1,35.5,35.1,121,35.5,118,46.3,46.5,35.1 / 121,35.5 / 118
5804,OR,ORANGE/GREEN,M,72,68.8,90.6,117,34.3,34.5,34.3,118,34.5,116,45.3,45.3,34.3 / 118,34.5 / 116
5804,OR,GREEN,M,72,67.5,88.0,111,33.7,33.8,33.7,111,33.8,110,44.0,44.0,33.7 / 111,33.8 / 110
5804,OR,GREEN/YELLOW,M,72,64.8,85.0,109,32.6,32.2,32.6,105,32.2,112,42.4,42.6,32.6 / 105,32.2 / 112
5804,OR,YELLOW,M,68,62.7,81.6,102,31.2,31.5,31.2,99,31.5,104,40.4,41.2,31.2 / 99,31.5 / 104
5804,OR,GREEN,F,73,72.9,101.8,123,36.4,36.5,36.4,123,36.5,122,50.9,50.9,36.4 / 123,36.5 / 122
5804,OR,YELLOW/GREEN,F,72,69.8,97.3,117,35.2,34.6,35.2,117,34.6,116,49.0,48.3,35.2 / 117,34.6 / 116
5804,OR,YELLOW,F,72,67.6,94.2,113,33.7,33.9,33.7,113,33.9,113,47.0,47.2,33.7 / 113,33.9 / 113
5844,OR,CHAMPIONSHIP,M,72,76.8,104.0,147,37.8,39.0,37.8,149,39.0,144,51.6,52.4,37.8 / 149,39.0 / 144
5844,OR,BLACK,M,72,74.9,101.6,144,36.9,38.0,36.9,145,38.0,142,50.4,51.2,36.9 / 145,38.0 / 142
5844,OR,BLACK/BLUE,M,72,73.8,99.8,140,36.4,37.4,36.4,141,37.4,139,49.5,50.3,36.4 / 141,37.4 / 139
5844,OR,BLUE,M,72,72.7,98.4,139,35.9,36.8,35.9,141,36.8,136,49.0,49.4,35.9 / 141,36.8 / 136
5844,OR,MEMBER,M,72,71.3,96.8,138,35.6,35.7,35.6,138,35.7,137,48.4,48.4,35.6 / 138,35.7 / 137
5844,OR,WHITE,M,72,69.8,93.6,128,34.5,35.3,34.5,125,35.3,131,46.1,47.5,34.5 / 125,35.3 / 131
5844,OR,GOLD,M,72,68.1,90.0,118,33.5,34.6,33.5,117,34.6,118,44.4,45.6,33.5 / 117,34.6 / 118
5844,OR,RED,M,71,65.4,86.9,116,32.2,33.2,32.2,112,33.2,119,42.6,44.3,32.2 / 112,33.2 / 119
5844,OR,WHITE,F,72,75.5,111.3,151,37.4,38.1,37.4,146,38.1,155,54.6,56.7,37.4 / 146,38.1 / 155
5844,OR,GOLD,F,72,73.2,107.9,147,36.2,37.0,36.2,142,37.0,152,53.0,54.9,36.2 / 142,37.0 / 152
5844,OR,RED,F,72,70.7,102.7,136,34.9,35.8,34.9,131,35.8,140,50.4,52.3,34.9 / 131,35.8 / 140
5842,OR,BLUE,M,62,60.2,77.8,95,30.1,30.1,30.1,95,30.1,95,38.9,38.9,30.1 / 95,30.1 / 95
5842,OR,WHITE/BLUE,M,62,59.4,76.6,93,29.3,30.1,29.3,90,30.1,95,37.7,38.9,29.3 / 90,30.1 / 95
5842,OR,WHITE,M,62,58.6,75.4,90,29.3,29.3,29.3,90,29.3,90,37.7,37.7,29.3 / 90,29.3 / 90
5842,OR,RED,M,62,56.8,72.0,82,28.4,28.4,28.4,82,28.4,82,36.0,36.0,28.4 / 82,28.4 / 82
5842,OR,BLUE,F,62,62.8,85.8,98,31.4,31.4,31.4,98,31.4,98,42.9,42.9,31.4 / 98,31.4 / 98
5842,OR,WHITE/BLUE,F,62,61.3,84.3,98,29.9,31.4,29.9,97,31.4,98,41.3,43.0,29.9 / 97,31.4 / 98
5842,OR,RED/WHITE,F,62,58.8,80.6,93,28.9,29.9,28.9,88,29.9,97,39.3,41.3,28.9 / 88,29.9 / 97
5842,OR,RED,F,62,57.8,78.6,88,28.9,28.9,28.9,88,28.9,88,39.3,39.3,28.9 / 88,28.9 / 88
5843,OR,BLACK,M,72,69.0,88.8,107,34.5,34.5,34.5,107,34.5,107,44.4,44.4,34.5 / 107,34.5 / 107
5843,OR,BLACK/WHITE,M,72,68.6,88.2,106,34.5,34.1,34.5,107,34.1,104,44.4,43.8,34.5 / 107,34.1 / 104
5843,OR,WHITE,M,72,68.2,87.6,104,34.1,34.1,34.1,104,34.1,104,43.8,43.8,34.1 / 104,34.1 / 104
5843,OR,WHITE/RED,M,72,66.2,84.9,101,34.1,32.1,34.1,104,32.1,97,43.8,41.1,34.1 / 104,32.1 / 97
5843,OR,RED,M,72,64.2,82.2,97,32.1,32.1,32.1,97,32.1,97,41.1,41.1,32.1 / 97,32.1 / 97
5843,OR,BLUE,M,72,64.2,82.0,96,32.1,32.1,32.1,96,32.1,96,41.0,41.0,32.1 / 96,32.1 / 96
5843,OR,RED/BLUE,M,72,64.2,82.1,97,32.1,32.1,32.1,97,32.1,96,41.1,41.0,32.1 / 97,32.1 / 96
5843,OR,BLACK,F,74,75.8,104.4,121,37.9,37.9,37.9,121,37.9,121,52.2,52.2,37.9 / 121,37.9 / 121
5843,OR,BLACK/WHITE,F,74,75.3,103.7,121,37.9,37.4,37.9,121,37.4,120,52.2,51.5,37.9 / 121,37.4 / 120
5843,OR,WHITE,F,74,74.8,103.0,120,37.4,37.4,37.4,120,37.4,120,51.5,51.5,37.4 / 120,37.4 / 120
5843,OR,WHITE/RED,F,73,72.0,99.0,115,37.4,34.6,37.4,120,34.6,109,51.5,47.5,37.4 / 120,34.6 / 109
5843,OR,RED,F,72,69.2,94.8,109,34.6,34.6,34.6,109,34.6,109,47.4,47.4,34.6 / 109,34.6 / 109
5843,OR,RED/BLUE,F,72,69.1,94.6,109,34.6,34.5,34.6,109,34.5,108,47.4,47.2,34.6 / 109,34.5 / 108
5843,OR,BLUE,F,72,69.0,94.4,108,34.5,34.5,34.5,108,34.5,108,47.2,47.2,34.5 / 108,34.5 / 108
5837,OR,BLACK,M,72,74.6,100.5,140,37.0,37.6,37.0,142,37.6,137,50.2,50.3,37.0 / 142,37.6 / 137
5837,OR,BLUE,M,72,72.1,97.2,136,35.8,36.3,35.8,136,36.3,135,48.4,48.8,35.8 / 136,36.3 / 135
5837,OR,BLUE/WHITE,M,72,70.6,95.1,132,35.2,35.4,35.2,132,35.4,131,47.5,47.6,35.2 / 132,35.4 / 131
5837,OR,WHITE,M,72,69.5,93.0,127,34.5,35.0,34.5,127,35.0,126,46.3,46.7,34.5 / 127,35.0 / 126
5837,OR,WHITE/GOLD,M,72,67.9,90.2,120,33.6,34.3,33.6,121,34.3,119,44.8,45.4,33.6 / 121,34.3 / 119
5837,OR,GOLD,M,72,66.2,88.1,118,33.0,33.2,33.0,117,33.2,118,43.9,44.2,33.0 / 117,33.2 / 118
5837,OR,GOLD/RED,M,71,64.6,85.0,110,31.9,32.7,31.9,108,32.7,112,41.9,43.1,31.9 / 108,32.7 / 112
5837,OR,RED,M,70,62.7,82.5,107,31.2,31.5,31.2,103,31.5,110,40.8,41.7,31.2 / 103,31.5 / 110
5837,OR,WHITE,F,73,75.0,106.4,134,37.3,37.7,37.3,136,37.7,131,53.3,53.1,37.3 / 136,37.7 / 131
5837,OR,GOLD,F,72,71.1,101.3,129,35.4,35.7,35.4,131,35.7,126,50.8,50.5,35.4 / 131,35.7 / 126
5837,OR,GOLD/RED,F,72,69.6,98.4,122,34.5,35.1,34.5,123,35.1,121,49.0,49.4,34.5 / 123,35.1 / 121
5837,OR,RED,F,72,67.4,95.5,119,33.7,33.7,33.7,121,33.7,117,48.0,47.5,33.7 / 121,33.7 / 117
5840,OR,BLUE TOURNAMENT,M,70,66.2,88.0,118,32.7,33.5,32.7,121,33.5,114,43.9,44.1,32.7 / 121,33.5 / 114
5840,OR,BLUE,M,70,65.9,87.6,117,32.4,33.5,32.4,119,33.5,114,43.5,44.1,32.4 / 119,33.5 / 114
5840,OR,WHITE,M,70,63.8,84.0,109,31.5,32.3,31.5,110,32.3,108,41.7,42.3,31.5 / 110,32.3 / 108
5840,OR,RED,M,70,61.3,80.0,101,30.6,30.7,30.6,97,30.7,104,39.6,40.4,30.6 / 97,30.7 / 104
5840,OR,GOLD,M,69,61.1,79.6,100,30.4,30.7,30.4,94,30.7,105,39.1,40.5,30.4 / 94,30.7 / 105
5840,OR,BLUE,F,70,71.1,100.6,125,35.0,36.1,35.0,126,36.1,124,49.9,50.7,35.0 / 126,36.1 / 124
5840,OR,WHITE,F,70,68.8,97.1,120,34.1,34.7,34.1,118,34.7,122,48.0,49.1,34.1 / 118,34.7 / 122
5840,OR,RED,F,70,64.3,88.5,103,31.9,32.4,31.9,103,32.4,103,44.0,44.5,31.9 / 103,32.4 / 103
5840,OR,GOLD,F,69,63.8,87.5,101,31.4,32.4,31.4,98,32.4,103,43.0,44.5,31.4 / 98,32.4 / 103
5841,OR,Challenge,M,63,61.2,82.5,115,30.5,30.7,30.5,119,30.7,110,41.6,40.9,30.5 / 119,30.7 / 110
5841,OR,Family/JR,M,63,59.9,79.7,107,30.1,29.8,30.1,111,29.8,102,40.4,39.3,30.1 / 111,29.8 / 102
5841,OR,Resort,M,63,59.8,79.1,104,29.7,30.1,29.7,104,30.1,103,39.4,39.7,29.7 / 104,30.1 / 103
5841,OR,Express,M,63,57.4,74.3,91,28.4,29.0,28.4,91,29.0,90,36.9,37.4,28.4 / 91,29.0 / 90
5841,OR,Challenge,F,63,64.5,92.9,121,32.5,32.0,32.5,124,32.0,117,47.1,45.8,32.5 / 124,32.0 / 117
5841,OR,Family/JR,F,63,62.2,88.9,114,31.6,30.6,31.6,119,30.6,108,45.6,43.3,31.6 / 119,30.6 / 108
5841,OR,Resort,F,63,61.3,87.0,109,30.7,30.6,30.7,108,30.6,110,43.4,43.6,30.7 / 108,30.6 / 110
5841,OR,Express,F,63,59.0,82.2,99,29.6,29.4,29.6,97,29.4,100,41.0,41.2,29.6 / 97,29.4 / 100
5838,OR,Championship,M,72,72.3,97.7,137,36.3,36.0,36.3,133,36.0,140,48.7,49.0,36.3 / 133,36.0 / 140
5838,OR,Championship/Resort,M,72,71.7,97.0,136,36.0,35.7,36.0,133,35.7,139,48.4,48.6,36.0 / 133,35.7 / 139
5838,OR,Resort,M,72,70.9,96.0,135,35.6,35.3,35.6,132,35.3,138,47.9,48.1,35.6 / 132,35.3 / 138
5838,OR,Resort/Club,M,72,69.3,93.7,131,35.2,34.1,35.2,132,34.1,130,47.5,46.2,35.2 / 132,34.1 / 130
5838,OR,Club,M,72,68.5,92.3,128,34.7,33.8,34.7,127,33.8,129,46.5,45.8,34.7 / 127,33.8 / 129
5838,OR,Club/Express,M,72,66.6,89.4,123,33.6,33.0,33.6,126,33.0,119,45.3,44.1,33.6 / 126,33.0 / 119
5838,OR,Express,M,72,64.9,87.2,120,32.4,32.5,32.4,121,32.5,119,43.6,43.6,32.4 / 121,32.5 / 119
5838,OR,Resort,F,72,77.8,111.5,143,39.1,38.7,39.1,143,38.7,142,56.0,55.5,39.1 / 143,38.7 / 142
5838,OR,Resort/Club,F,72,76.0,108.7,139,38.7,37.3,38.7,142,37.3,136,55.4,53.3,38.7 / 142,37.3 / 136
5838,OR,Club,F,72,74.5,106.6,136,37.9,36.7,37.9,140,36.7,133,54.4,52.4,37.9 / 140,36.7 / 133
5838,OR,Club/Express,F,72,72.2,103.3,132,36.7,35.5,36.7,135,35.5,129,52.6,50.7,36.7 / 135,35.5 / 129
5838,OR,Express,F,72,70.1,100.0,127,35.2,34.9,35.2,126,34.9,129,50.0,50.0,35.2 / 126,34.9 / 129
5839,OR,Professional,M,72,73.9,100.4,143,36.6,37.3,36.6,140,37.3,145,49.6,50.8,36.6 / 140,37.3 / 145
5839,OR,Professional/Championship,M,72,73.1,99.3,141,36.2,36.9,36.2,138,36.9,144,49.0,50.3,36.2 / 138,36.9 / 144
5839,OR,Championship,M,72,72.0,97.1,135,35.4,36.6,35.4,133,36.6,137,47.8,49.3,35.4 / 133,36.6 / 137
5839,OR,Championship/Resort,M,72,70.8,95.5,133,34.9,35.9,34.9,131,35.9,135,47.1,48.4,34.9 / 131,35.9 / 135
5839,OR,Resort,M,72,69.9,94.2,131,34.3,35.6,34.3,128,35.6,133,46.2,48.0,34.3 / 128,35.6 / 133
5839,OR,Resort/Club,M,72,68.5,92.2,128,34.1,34.4,34.1,126,34.4,129,45.8,46.4,34.1 / 126,34.4 / 129
5839,OR,Club,M,72,67.7,90.6,124,33.5,34.1,33.5,124,34.1,124,45.0,45.6,33.5 / 124,34.1 / 124
5839,OR,Club/Express,M,72,65.9,88.5,122,32.9,33.0,32.9,121,33.0,123,44.1,44.4,32.9 / 121,33.0 / 123
5839,OR,Express,M,72,64.1,86.2,119,31.6,32.5,31.6,117,32.5,121,42.5,43.7,31.6 / 117,32.5 / 121
5839,OR,Resort,F,72,75.8,109.9,145,37.2,38.6,37.2,138,38.6,151,53.5,56.4,37.2 / 138,38.6 / 151
5839,OR,Resort/Club,F,72,74.1,107.6,142,37.0,37.2,37.0,137,37.2,144,53.2,54.2,37.0 / 137,37.2 / 144
5839,OR,Club,F,72,72.8,105.1,137,36.0,36.8,36.0,134,36.8,140,51.8,53.3,36.0 / 134,36.8 / 140
5839,OR,Club/Express,F,72,70.6,101.4,131,35.2,35.4,35.2,133,35.4,128,50.9,50.5,35.2 / 133,35.4 / 128
5839,OR,Express,F,72,68.3,98.2,127,33.6,34.7,33.6,126,34.7,127,48.5,49.7,33.6 / 126,34.7 / 127
5797,OR,BLACK,M,72,74.1,100.1,140,37.2,36.9,37.2,141,36.9,139,50.3,49.8,37.2 / 141,36.9 / 139
5797,OR,GOLD,M,72,71.9,96.7,133,36.1,35.8,36.1,133,35.8,133,48.5,48.2,36.1 / 133,35.8 / 133
5797,OR,ROGUE,M,72,70.4,94.6,130,35.4,35.0,35.4,129,35.0,131,47.4,47.2,35.4 / 129,35.0 / 131
5797,OR,GREY,M,72,69.4,92.1,123,34.8,34.6,34.8,122,34.6,123,46.1,46.0,34.8 / 122,34.6 / 123
5797,OR,Monday Grey,M,72,68.8,91.8,124,34.6,34.2,34.6,124,34.2,124,46.1,45.7,34.6 / 124,34.2 / 124
5797,OR,VALLEY,M,72,66.0,88.1,119,33.0,33.0,33.0,123,33.0,115,44.4,43.7,33.0 / 123,33.0 / 115
5797,OR,GREEN,M,72,64.8,86.1,115,32.3,32.5,32.3,115,32.5,114,43.0,43.1,32.3 / 115,32.5 / 114
5797,OR,GREY,F,72,75.2,108.8,142,37.7,37.5,37.7,142,37.5,142,54.5,54.3,37.7 / 142,37.5 / 142
5797,OR,Monday Grey,F,72,74.5,107.3,139,37.4,37.1,37.4,141,37.1,137,54.0,53.3,37.4 / 141,37.1 / 137
5797,OR,VALLEY,F,72,72.0,101.7,126,36.0,36.0,36.0,126,36.0,126,50.9,50.8,36.0 / 126,36.0 / 126
5797,OR,GREEN,F,72,70.3,99.1,122,34.8,35.3,34.8,122,35.3,122,49.2,49.7,34.8 / 122,35.3 / 122
5831,OR,Blue,M,72,72.1,96.3,130,36.1,36.0,36.1,128,36.0,132,48.0,48.3,36.1 / 128,36.0 / 132
5831,OR,Blue Temp #18,M,72,71.8,95.7,129,36.1,35.7,36.1,128,35.7,129,48.0,47.7,36.1 / 128,35.7 / 129
5831,OR,Blue/White,M,72,70.9,94.4,127,35.4,35.5,35.4,127,35.5,126,47.2,47.2,35.4 / 127,35.5 / 126
5831,OR,White,M,72,70.3,93.2,124,35.2,35.1,35.2,123,35.1,124,46.6,46.6,35.2 / 123,35.1 / 124
5831,OR,White/Yellow,M,72,68.0,90.5,121,34.6,33.4,34.6,119,33.4,123,45.7,44.8,34.6 / 119,33.4 / 123
5831,OR,Yellow,M,72,67.2,89.0,117,34.2,33.0,34.2,117,33.0,117,45.1,43.9,34.2 / 117,33.0 / 117
5831,OR,Yellow/Orange,M,71,64.5,85.3,112,32.3,32.2,32.3,112,32.2,112,42.7,42.6,32.3 / 112,32.2 / 112
5831,OR,Orange,M,68,62.6,82.2,106,31.1,31.5,31.1,104,31.5,107,40.8,41.4,31.1 / 104,31.5 / 107
5831,OR,White,F,74,75.8,107.5,135,38.1,37.7,38.1,132,37.7,137,53.7,53.8,38.1 / 132,37.7 / 137
5831,OR,White/Yellow,F,74,73.9,103.9,128,37.4,36.5,37.4,129,36.5,126,52.6,51.3,37.4 / 129,36.5 / 126
5831,OR,Yellow,F,74,72.7,102.4,126,36.9,35.8,36.9,131,35.8,121,52.3,50.1,36.9 / 131,35.8 / 121
5831,OR,Yellow/Orange,F,73,69.5,97.2,118,35.0,34.5,35.0,122,34.5,113,49.4,47.8,35.0 / 122,34.5 / 113
5831,OR,Orange,F,72,66.6,92.6,110,33.2,33.4,33.2,110,33.4,110,46.2,46.4,33.2 / 110,33.4 / 110
5826,OR,WHITE/BLUE,M,70,68.7,90.4,117,34.1,34.6,34.1,114,34.6,119,44.7,45.7,34.1 / 114,34.6 / 119
5826,OR,YELLOW/RED,M,68,64.7,84.1,104,32.3,32.4,32.3,103,32.4,105,41.9,42.2,32.3 / 103,32.4 / 105
5826,OR,WHITE/BLUE,F,74,74.2,103.6,125,36.8,37.4,36.8,124,37.4,126,51.4,52.2,36.8 / 124,37.4 / 126
5826,OR,YELLOW/RED,F,74,70.2,98.3,120,35.1,35.1,35.1,119,35.1,120,49.1,49.2,35.1 / 119,35.1 / 120
5832,OR,DUCK,M,72,74.9,100.2,136,36.9,38.0,36.9,128,38.0,144,48.8,51.4,36.9 / 128,38.0 / 144
5832,OR,DUCK/GREEN,M,72,73.1,97.9,134,36.2,36.9,36.2,126,36.9,141,47.9,50.0,36.2 / 126,36.9 / 141
5832,OR,GREEN,M,72,72.0,96.0,130,35.4,36.6,35.4,123,36.6,136,46.8,49.2,35.4 / 123,36.6 / 136
5832,OR,GREEN/SILVER,M,72,70.9,94.5,127,35.1,35.8,35.1,123,35.8,131,46.5,48.0,35.1 / 123,35.8 / 131
5832,OR,SILVER,M,72,70.1,93.5,126,34.5,35.6,34.5,122,35.6,130,45.8,47.7,34.5 / 122,35.6 / 130
5832,OR,SILVER/WHITE,M,72,67.7,90.1,121,33.5,34.2,33.5,119,34.2,122,44.6,45.5,33.5 / 119,34.2 / 122
5832,OR,WHITE,M,72,65.6,87.0,115,32.6,33.0,32.6,115,33.0,115,43.3,43.7,32.6 / 115,33.0 / 115
5832,OR,WHITE/LIME,M,72,64.7,85.5,113,32.2,32.5,32.2,112,32.5,113,42.6,43.0,32.2 / 112,32.5 / 113
5832,OR,LIME,M,72,63.6,84.4,112,31.5,32.1,31.5,111,32.1,113,41.8,42.6,31.5 / 111,32.1 / 113
5832,OR,College Women,F,72,76.1,107.7,134,37.7,38.4,37.7,129,38.4,139,52.9,54.8,37.7 / 129,38.4 / 139
5832,OR,SILVER,F,72,75.7,107.1,134,37.0,38.7,37.0,126,38.7,141,51.8,55.3,37.0 / 126,38.7 / 141
5832,OR,SILVER/WHITE,F,72,72.9,102.8,127,35.9,37.0,35.9,123,37.0,131,50.4,52.4,35.9 / 123,37.0 / 131
5832,OR,WHITE,F,72,70.5,99.2,122,35.1,35.4,35.1,119,35.4,125,49.1,50.1,35.1 / 119,35.4 / 125
5832,OR,WHITE/LIME,F,72,69.2,97.6,121,34.3,34.8,34.3,118,34.8,124,48.2,49.4,34.3 / 118,34.8 / 124
5832,OR,LIME,F,72,68.0,95.8,118,33.6,34.4,33.6,116,34.4,120,47.3,48.5,33.6 / 116,34.4 / 120
5833,OR,CHAMPIONSHIP,M,72,74.7,100.7,140,36.4,38.3,36.4,137,38.3,143,49.1,51.6,36.4 / 137,38.3 / 143
5833,OR,BLUE,M,72,73.3,98.7,137,35.7,37.6,35.7,134,37.6,140,48.1,50.6,35.7 / 134,37.6 / 140
5833,OR,BLUE/WHITE,M,72,71.9,96.5,133,34.8,37.1,34.8,128,37.1,137,46.7,49.8,34.8 / 128,37.1 / 137
5833,OR,WHITE,M,72,71.3,96.0,133,34.6,36.7,34.6,129,36.7,137,46.6,49.4,34.6 / 129,36.7 / 137
5833,OR,GREEN/WHITE,M,72,69.4,93.5,130,33.5,35.9,33.5,129,35.9,130,45.5,48.0,33.5 / 129,35.9 / 130
5833,OR,GREEN,M,72,67.8,90.7,123,32.8,35.0,32.8,119,35.0,127,43.9,46.8,32.8 / 119,35.0 / 127
5833,OR,RED/GREEN,M,72,65.5,87.9,121,32.0,33.5,32.0,116,33.5,125,42.8,45.1,32.0 / 116,33.5 / 125
5833,OR,RED,M,69,64.0,86.1,119,31.4,32.6,31.4,119,32.6,118,42.5,43.6,31.4 / 119,32.6 / 118
5833,OR,YELLOW,M,69,62.2,83.6,115,30.5,31.7,30.5,114,31.7,116,41.1,42.5,30.5 / 114,31.7 / 116
5833,OR,WHITE,F,72,76.9,110.1,141,37.4,39.5,37.4,136,39.5,146,53.4,56.7,37.4 / 136,39.5 / 146
5833,OR,GREEN/WHITE,F,72,74.7,106.8,137,36.4,38.3,36.4,131,38.3,142,51.8,55.0,36.4 / 131,38.3 / 142
5833,OR,GREEN,F,72,72.6,103.8,132,35.2,37.4,35.2,127,37.4,137,50.2,53.6,35.2 / 127,37.4 / 137
5833,OR,RED/GREEN,F,72,70.4,100.2,127,34.3,36.1,34.3,122,36.1,131,48.7,51.5,34.3 / 122,36.1 / 131
5833,OR,RED,F,72,68.9,97.7,122,33.8,35.1,33.8,114,35.1,130,47.3,50.4,33.8 / 114,35.1 / 130
5833,OR,YELLOW,F,72,65.7,91.8,111,31.7,34.0,31.7,104,34.0,117,44.0,47.8,31.7 / 104,34.0 / 117
5785,OR,BLACK,M,72,68.8,90.6,117,34.4,34.4,34.4,117,34.4,117,45.3,45.3,34.4 / 117,34.4 / 117
5785,OR,WHITE/BLACK,M,72,68.2,89.4,114,33.8,34.4,33.8,111,34.4,117,44.1,45.3,33.8 / 111,34.4 / 117
5785,OR,WHITE,M,72,67.6,88.2,111,33.8,33.8,33.8,111,33.8,111,44.1,44.1,33.8 / 111,33.8 / 111
5785,OR,ORANGE/WHITE,M,72,65.4,85.3,107,31.6,33.8,31.6,103,33.8,111,41.2,44.1,31.6 / 103,33.8 / 111
5785,OR,WHITE/ORANGE,M,72,65.4,85.3,107,33.8,31.6,33.8,111,31.6,103,44.1,41.2,33.8 / 111,31.6 / 103
5785,OR,ORANGE,M,72,63.2,82.4,103,31.6,31.6,31.6,103,31.6,103,41.2,41.2,31.6 / 103,31.6 / 103
5785,OR,BLACK,F,72,74.6,105.0,129,37.3,37.3,37.3,129,37.3,129,52.5,52.5,37.3 / 129,37.3 / 129
5785,OR,WHITE/BLACK,F,72,72.9,101.9,123,36.0,36.9,36.0,121,36.9,125,50.3,51.6,36.0 / 121,36.9 / 125
5785,OR,WHITE,F,72,72.6,101.8,124,36.3,36.3,36.3,124,36.3,124,50.9,50.9,36.3 / 124,36.3 / 124
5785,OR,ORANGE/WHITE,F,72,70.1,97.1,115,34.1,36.0,34.1,108,36.0,121,46.8,50.3,34.1 / 108,36.0 / 121
5785,OR,ORANGE,F,72,68.3,93.6,108,34.1,34.2,34.1,108,34.2,107,46.8,46.8,34.1 / 108,34.2 / 107
34036,OR,WHITE,M,54,52.7,67.2,78,26.4,26.3,26.4,79,26.3,77,33.7,33.5,26.4 / 79,26.3 / 77
34036,OR,WHITE,F,54,55.1,74.3,82,27.5,27.6,27.5,82,27.6,81,37.2,37.1,27.5 / 82,27.6 / 81
5834,OR,BLACK,M,72,69.8,93.7,129,35.7,34.1,35.7,131,34.1,126,47.9,45.8,35.7 / 131,34.1 / 126
5834,OR,WHITE,M,72,68.4,91.7,126,35.1,33.3,35.1,129,33.3,122,47.1,44.6,35.1 / 129,33.3 / 122
5834,OR,BLUE/WHITE,M,72,65.5,86.4,113,32.9,32.6,32.9,115,32.6,110,43.6,42.8,32.9 / 115,32.6 / 110
5834,OR,BLUE,M,72,63.4,83.0,106,31.9,31.5,31.9,107,31.5,104,41.8,41.2,31.9 / 107,31.5 / 104
5834,OR,BLACK,F,72,75.7,109.1,142,38.9,36.8,38.9,147,36.8,137,56.2,52.9,38.9 / 147,36.8 / 137
5834,OR,WHITE,F,72,74.2,107.7,142,38.3,35.9,38.3,147,35.9,137,55.6,52.1,38.3 / 147,35.9 / 137
5834,OR,BLUE/WHITE,F,72,70.2,99.9,126,35.3,34.9,35.3,129,34.9,123,50.5,49.4,35.3 / 129,34.9 / 123
5834,OR,BLUE,F,72,67.5,95.1,117,33.9,33.6,33.9,119,33.6,115,47.9,47.2,33.9 / 119,33.6 / 115
5808,OR,THE STONES,M,72,72.7,98.5,139,35.3,37.4,35.3,140,37.4,138,48.3,50.2,35.3 / 140,37.4 / 138
5808,OR,BLACK,M,72,70.8,96.2,137,34.5,36.3,34.5,139,36.3,135,47.4,48.8,34.5 / 139,36.3 / 135
5808,OR,CRAIC,M,72,69.8,94.1,131,34.5,35.3,34.5,129,35.3,132,46.5,47.6,34.5 / 129,35.3 / 132
5808,OR,WHITE,M,72,69.2,92.8,127,33.7,35.4,33.7,122,35.4,136,45.0,48.0,33.7 / 122,35.4 / 136
5808,OR,GREEN,M,72,66.1,88.6,121,32.5,33.6,32.5,113,33.6,129,43.0,45.6,32.5 / 113,33.6 / 129
5808,OR,ORANGE,M,72,60.6,81.5,113,30.0,30.6,30.0,108,30.6,117,40.0,41.5,30.0 / 108,30.6 / 117
5808,OR,BLACK,F,74,77.5,110.6,141,37.9,39.6,37.9,139,39.6,142,54.3,56.3,37.9 / 139,39.6 / 142
5808,OR,WHITE,F,72,74.2,106.0,135,36.0,38.2,36.0,131,38.2,138,51.5,54.5,36.0 / 131,38.2 / 138
5808,OR,GREEN,F,72,71.2,101.8,130,34.9,36.3,34.9,130,36.3,130,50.2,51.6,34.9 / 130,36.3 / 130
5808,OR,ORANGE,F,72,63.6,91.0,117,31.3,32.3,31.3,119,32.3,114,45.3,45.7,31.3 / 119,32.3 / 114
5829,OR,BLACK,M,73,70.8,94.4,127,34.4,36.4,34.4,123,36.4,131,45.8,48.6,34.4 / 123,36.4 / 131
5829,OR,BLUE,M,73,68.8,91.7,124,33.5,35.3,33.5,121,35.3,126,44.7,47.0,33.5 / 121,35.3 / 126
5829,OR,WHITE,M,73,66.8,88.6,118,32.5,34.3,32.5,113,34.3,122,43.0,45.6,32.5 / 113,34.3 / 122
5829,OR,RED,M,72,64.2,84.0,107,31.1,33.1,31.1,102,33.1,111,40.6,43.4,31.1 / 102,33.1 / 111
5829,OR,BLACK,F,74,76.8,107.4,130,37.4,39.4,37.4,122,39.4,137,51.8,55.6,37.4 / 122,39.4 / 137
5829,OR,BLUE,F,73,74.5,103.9,125,36.4,38.1,36.4,118,38.1,131,50.3,53.6,36.4 / 118,38.1 / 131
5829,OR,WHITE,F,73,72.0,100.4,121,35.0,37.0,35.0,114,37.0,127,48.4,52.0,35.0 / 114,37.0 / 127
5829,OR,RED,F,73,69.0,95.9,114,33.4,35.6,33.4,107,35.6,121,46.0,49.9,33.4 / 107,35.6 / 121
5784,OR,BLACK,M,71,69.1,91.4,120,34.2,34.9,34.2,122,34.9,118,45.5,45.9,34.2 / 122,34.9 / 118
5784,OR,BLUE,M,71,67.7,89.2,116,33.7,34.0,33.7,116,34.0,115,44.5,44.7,33.7 / 116,34.0 / 115
5784,OR,WHITE,M,71,65.8,87.0,114,32.7,33.1,32.7,113,33.1,115,43.2,43.8,32.7 / 113,33.1 / 115
5784,OR,RED,M,71,63.8,83.9,109,31.7,32.1,31.7,108,32.1,109,41.7,42.2,31.7 / 108,32.1 / 109
5784,OR,BLACK,F,72,74.9,104.7,127,37.0,37.9,37.0,123,37.9,130,51.5,53.2,37.0 / 123,37.9 / 130
5784,OR,BLUE,F,72,72.8,101.6,123,36.2,36.6,36.2,120,36.6,125,50.3,51.3,36.2 / 120,36.6 / 125
5784,OR,WHITE,F,72,70.9,98.8,119,35.2,35.7,35.2,117,35.7,120,49.0,49.8,35.2 / 117,35.7 / 120
5784,OR,RED,F,72,68.5,95.0,113,34.0,34.5,34.0,113,34.5,112,47.3,47.7,34.0 / 113,34.5 / 112
5902,OR,BLUE,M,72,71.5,97.2,139,35.9,35.6,35.9,135,35.6,142,48.4,48.8,35.9 / 135,35.6 / 142
5902,OR,WHITE,M,72,69.9,94.8,134,35.2,34.7,35.2,131,34.7,137,47.4,47.4,35.2 / 131,34.7 / 137
5902,OR,HILL & DALE,M,72,68.5,92.2,128,34.2,34.3,34.2,117,34.3,138,45.1,47.1,34.2 / 117,34.3 / 138
5902,OR,GOLD,M,72,66.8,89.7,123,33.4,33.4,33.4,113,33.4,133,43.9,45.8,33.4 / 113,33.4 / 133
5902,OR,GOLD 21,M,72,66.7,89.5,123,33.4,33.3,33.4,113,33.3,132,43.9,45.6,33.4 / 113,33.3 / 132
5902,OR,RED,M,72,65.7,87.2,116,32.9,32.8,32.9,108,32.8,124,42.9,44.3,32.9 / 108,32.8 / 124
5902,OR,PURPLE,M,66,59.1,77.8,101,29.9,29.2,29.9,97,29.2,104,38.9,38.9,29.9 / 97,29.2 / 104
5902,OR,BLUE,F,74,77.2,109.4,137,38.8,38.4,38.8,139,38.4,134,55.2,54.2,38.8 / 139,38.4 / 134
5902,OR,WHITE,F,73,75.5,107.7,137,37.8,37.7,37.8,135,37.7,138,53.7,54.0,37.8 / 135,37.7 / 138
5902,OR,HILL & DALE,F,72,74.0,105.2,133,36.6,37.4,36.6,130,37.4,135,51.9,53.3,36.6 / 130,37.4 / 135
5902,OR,GOLD,F,72,72.2,102.7,130,35.8,36.4,35.8,125,36.4,134,50.5,52.2,35.8 / 125,36.4 / 134
5902,OR,RED,F,72,70.2,99.4,124,35.0,35.2,35.0,122,35.2,126,49.4,50.0,35.0 / 122,35.2 / 126
5902,OR,RED 21,F,72,70.1,99.2,124,35.0,35.1,35.0,122,35.1,125,49.4,49.8,35.0 / 122,35.1 / 125
5902,OR,PURPLE,F,68,61.1,85.4,103,30.6,30.5,30.6,99,30.5,107,42.3,43.1,30.6 / 99,30.5 / 107
23983,OR,BLUE,M,62,57.8,74.0,87,28.9,28.9,28.9,87,28.9,87,37.0,37.0,28.9 / 87,28.9 / 87
23983,OR,WHITE/BLUE,M,62,57.4,73.1,85,28.5,28.9,28.5,82,28.9,87,36.1,37.0,28.5 / 82,28.9 / 87
23983,OR,WHITE,M,62,57.0,72.2,82,28.5,28.5,28.5,82,28.5,82,36.1,36.1,28.5 / 82,28.5 / 82
23983,OR,BLUE,F,62,58.6,79.6,89,29.3,29.3,29.3,89,29.3,89,39.8,39.8,29.3 / 89,29.3 / 89
23983,OR,WHITE/BLUE,F,62,58.0,78.3,86,28.7,29.3,28.7,83,29.3,89,38.5,39.8,28.7 / 83,29.3 / 89
23983,OR,WHITE,F,62,57.4,77.0,83,28.7,28.7,28.7,83,28.7,83,38.5,38.5,28.7 / 83,28.7 / 83
5949,OR,Blue,M,72,68.8,90.6,117,34.3,34.5,34.3,118,34.5,116,45.3,45.3,34.3 / 118,34.5 / 116
5949,OR,White,M,72,67.6,89.4,117,33.8,33.8,33.8,118,33.8,116,44.8,44.6,33.8 / 118,33.8 / 116
5949,OR,Red,M,72,63.7,83.3,106,31.7,32.0,31.7,104,32.0,107,41.4,41.9,31.7 / 104,32.0 / 107
5949,OR,Blue,F,72,74.5,105.1,130,37.0,37.5,37.0,126,37.5,134,51.8,53.3,37.0 / 126,37.5 / 134
5949,OR,White,F,72,73.2,102.9,126,36.4,36.8,36.4,122,36.8,130,50.8,52.1,36.4 / 122,36.8 / 130
5949,OR,Red,F,72,68.9,95.4,113,34.3,34.6,34.3,109,34.6,116,47.1,48.3,34.3 / 109,34.6 / 116
5789,OR,BLUE,M,71,68.6,90.5,118,34.3,34.3,34.3,117,34.3,118,45.2,45.3,34.3 / 117,34.3 / 118
5789,OR,BLUE/WHITE,M,71,67.7,89.4,117,33.6,34.1,33.6,115,34.1,118,44.3,45.1,33.6 / 115,34.1 / 118
5789,OR,WHITE,M,71,67.1,88.3,114,33.2,33.9,33.2,113,33.9,117,43.7,44.8,33.2 / 113,33.9 / 117
5789,OR,WHITE/RED,M,71,65.7,85.3,106,32.4,33.3,32.4,109,33.3,102,42.5,42.8,32.4 / 109,33.3 / 102
5789,OR,RED,M,71,63.8,82.1,99,31.5,32.3,31.5,99,32.3,98,40.7,41.4,31.5 / 99,32.3 / 98
5789,OR,YELLOW,M,67,55.7,72.5,90,27.9,27.8,27.9,90,27.8,90,36.3,36.2,27.9 / 90,27.8 / 90
5789,OR,BLUE,F,72,74.5,106.4,136,37.1,37.4,37.1,140,37.4,131,53.6,52.8,37.1 / 140,37.4 / 131
5789,OR,BLUE/WHITE,F,72,73.4,104.8,134,36.3,37.1,36.3,137,37.1,130,52.4,52.4,36.3 / 137,37.1 / 130
5789,OR,WHITE,F,72,72.8,103.6,131,35.9,36.9,35.9,135,36.9,126,51.8,51.8,35.9 / 135,36.9 / 126
5789,OR,WHITE/RED,F,72,70.1,100.2,128,34.9,35.2,34.9,130,35.2,126,50.2,50.0,34.9 / 130,35.2 / 126
5789,OR,RED,F,72,67.3,95.7,120,33.6,33.7,33.6,120,33.7,120,47.8,47.9,33.6 / 120,33.7 / 120
5789,OR,YELLOW,F,67,58.0,81.4,100,29.2,28.8,29.2,102,28.8,97,41.2,40.2,29.2 / 102,28.8 / 97
5942,OR,GREEN,M,72,74.4,100.3,140,37.1,37.3,37.1,137,37.3,142,49.8,50.5,37.1 / 137,37.3 / 142
5942,OR,BURGUNDY,M,72,72.0,97.2,136,35.8,36.2,35.8,132,36.2,139,48.1,49.1,35.8 / 132,36.2 / 139
5942,OR,Lt. Blue/Burgundy,M,72,71.1,95.0,129,35.6,35.5,35.6,127,35.5,130,47.4,47.6,35.6 / 127,35.5 / 130
5942,OR,Burgundy/Light Blue,M,72,70.6,94.8,130,35.2,35.4,35.2,127,35.4,133,47.0,47.8,35.2 / 127,35.4 / 133
5942,OR,LIGHT BLUE,M,72,69.5,92.8,126,34.4,35.1,34.4,124,35.1,127,45.9,46.9,34.4 / 124,35.1 / 127
5942,OR,"Red, White, Blue",M,72,69.2,92.7,127,34.5,34.7,34.5,121,34.7,132,45.7,47.0,34.5 / 121,34.7 / 132
5942,OR,GREY,M,72,66.2,87.4,114,32.8,33.4,32.8,110,33.4,118,43.0,44.4,32.8 / 110,33.4 / 118
5942,OR,WHITE,M,72,61.5,81.0,105,30.6,30.9,30.6,102,30.9,108,40.1,40.9,30.6 / 102,30.9 / 108
5942,OR,BURGUNDY,F,72,78.4,111.6,141,39.0,39.4,39.0,136,39.4,146,55.0,56.6,39.0 / 136,39.4 / 146
5942,OR,LIGHT BLUE,F,72,75.0,106.9,135,37.3,37.7,37.3,128,37.7,142,52.4,54.5,37.3 / 128,37.7 / 142
5942,OR,"Red, White, Blue",F,72,74.4,106.2,135,37.1,37.3,37.1,130,37.3,140,52.4,53.8,37.1 / 130,37.3 / 140
5942,OR,GREY,F,72,70.9,101.6,130,35.1,35.8,35.1,127,35.8,133,50.1,51.5,35.1 / 127,35.8 / 133
5942,OR,WHITE,F,72,64.1,88.8,105,31.6,32.5,31.6,106,32.5,103,44.1,44.7,31.6 / 106,32.5 / 103
5965,OR,GREEN,M,72,71.9,97.2,136,36.3,35.6,36.3,141,35.6,131,49.4,47.8,36.3 / 141,35.6 / 131
5965,OR,BURGUNDY,M,72,70.1,93.6,127,35.4,34.7,35.4,128,34.7,125,47.3,46.3,35.4 / 128,34.7 / 125
5965,OR,LIGHT BLUE,M,72,68.1,91.2,125,34.6,33.5,34.6,126,33.5,123,46.3,44.9,34.6 / 126,33.5 / 123
5965,OR,"Red, White, Blue",M,72,67.3,90.1,123,34.5,32.8,34.5,124,32.8,122,46.0,44.1,34.5 / 124,32.8 / 122
5965,OR,GREY,M,72,65.8,86.9,114,33.7,32.1,33.7,114,32.1,113,44.3,42.6,33.7 / 114,32.1 / 113
5965,OR,WHITE,M,72,60.3,79.8,105,30.6,29.7,30.6,107,29.7,103,40.5,39.3,30.6 / 107,29.7 / 103
5965,OR,BURGUNDY,F,72,75.7,107.5,135,38.2,37.5,38.2,137,37.5,133,54.3,53.2,38.2 / 137,37.5 / 133
5965,OR,LIGHT BLUE,F,72,73.3,104.1,131,37.0,36.3,37.0,133,36.3,128,52.7,51.4,37.0 / 133,36.3 / 128
5965,OR,"Red, White, Blue",F,72,72.5,103.1,130,36.7,35.8,36.7,135,35.8,125,52.6,50.5,36.7 / 135,35.8 / 125
5965,OR,GREY,F,72,69.8,99.8,127,35.2,34.6,35.2,131,34.6,123,50.7,49.1,35.2 / 131,34.6 / 123
5965,OR,WHITE,F,72,62.5,86.0,100,31.4,31.1,31.4,98,31.1,101,43.0,43.0,31.4 / 98,31.1 / 101
5889,OR,WHITE/BLUE,M,70,64.9,86.5,116,32.8,32.1,32.8,117,32.1,115,43.7,42.8,32.8 / 117,32.1 / 115
5889,OR,RED/GOLD,M,70,62.7,82.3,106,31.3,31.4,31.3,104,31.4,107,41.0,41.3,31.3 / 104,31.4 / 107
5889,OR,WHITE/BLUE,F,70,70.2,97.8,117,35.6,34.6,35.6,119,34.6,115,49.6,48.2,35.6 / 119,34.6 / 115
5889,OR,RED/GOLD,F,70,66.3,93.0,113,33.0,33.3,33.0,112,33.3,114,46.2,46.8,33.0 / 112,33.3 / 114
23909,OR,BLUE,M,62,60.8,78.4,95,30.4,30.4,30.4,95,30.4,95,39.2,39.2,30.4 / 95,30.4 / 95
23909,OR,WHITE,M,62,58.2,75.0,90,29.1,29.1,29.1,90,29.1,90,37.5,37.5,29.1 / 90,29.1 / 90
23909,OR,BLUE,F,62,62.6,87.0,103,31.3,31.3,31.3,103,31.3,103,43.5,43.5,31.3 / 103,31.3 / 103
23909,OR,WHITE,F,62,60.4,82.8,95,30.2,30.2,30.2,95,30.2,95,41.4,41.4,30.2 / 95,30.2 / 95
5874,OR,BLUE,M,71,69.8,93.7,129,34.9,34.9,34.9,124,34.9,133,46.4,47.3,34.9 / 124,34.9 / 133
5874,OR,WHITE,M,71,67.4,89.9,121,33.7,33.7,33.7,117,33.7,125,44.6,45.3,33.7 / 117,33.7 / 125
5874,OR,RED,M,71,64.0,82.7,101,32.4,31.6,32.4,102,31.6,99,41.9,40.8,32.4 / 102,31.6 / 99
5874,OR,WHITE,F,71,72.6,103.1,130,36.5,36.1,36.5,126,36.1,133,51.3,51.8,36.5 / 126,36.1 / 133
5874,OR,RED,F,71,67.7,93.9,111,34.7,33.0,34.7,116,33.0,106,48.4,45.5,34.7 / 116,33.0 / 106
5919,OR,BLACK,M,72,74.7,100.7,140,37.3,37.4,37.3,142,37.4,138,50.5,50.2,37.3 / 142,37.4 / 138
5919,OR,BLUE,M,72,72.8,97.9,136,36.3,36.5,36.3,136,36.5,135,48.9,49.0,36.3 / 136,36.5 / 135
5919,OR,BLUE/WHITE,M,72,72.1,97.2,136,35.8,36.3,35.8,135,36.3,136,48.3,48.9,35.8 / 135,36.3 / 136
5919,OR,WHITE,M,72,71.1,96.1,135,35.5,35.6,35.5,135,35.6,135,48.0,48.1,35.5 / 135,35.6 / 135
5919,OR,WHITE/GOLD,M,72,69.7,94.2,132,34.8,34.9,34.8,131,34.9,132,47.0,47.2,34.8 / 131,34.9 / 132
5919,OR,GOLD,M,72,68.5,93.0,132,34.3,34.2,34.3,131,34.2,132,46.5,46.5,34.3 / 131,34.2 / 132
5919,OR,GOLD/GREEN,M,72,67.4,91.3,129,33.8,33.6,33.8,129,33.6,128,45.8,45.5,33.8 / 129,33.6 / 128
5919,OR,GREEN,M,72,65.9,88.5,122,32.8,33.1,32.8,123,33.1,121,44.2,44.3,32.8 / 123,33.1 / 121
5919,OR,SILVER,M,72,64.0,85.7,117,31.7,32.3,31.7,117,32.3,116,42.6,43.1,31.7 / 117,32.3 / 116
5919,OR,JUNIOR,M,56,58.4,77.2,101,29.1,29.3,29.1,102,29.3,100,38.6,38.6,29.1 / 102,29.3 / 100
5919,OR,WHITE,F,73,77.0,110.4,142,38.3,38.7,38.3,142,38.7,141,55.1,55.3,38.3 / 142,38.7 / 141
5919,OR,WHITE/GOLD,F,73,75.4,108.1,139,37.6,37.8,37.6,139,37.8,138,54.0,54.1,37.6 / 139,37.8 / 138
5919,OR,GOLD,F,73,74.3,106.5,137,37.1,37.2,37.1,137,37.2,136,53.3,53.2,37.1 / 137,37.2 / 136
5919,OR,GOLD/GREEN,F,73,72.8,104.4,134,36.4,36.4,36.4,132,36.4,136,52.0,52.4,36.4 / 132,36.4 / 136
5919,OR,GREEN,F,73,71.1,101.8,130,35.4,35.7,35.4,127,35.7,133,50.4,51.4,35.4 / 127,35.7 / 133
5919,OR,SILVER,F,72,68.5,97.6,124,34.0,34.5,34.0,118,34.5,129,47.9,49.7,34.0 / 118,34.5 / 129
5919,OR,JUNIOR,F,61,59.5,83.4,102,29.5,30.0,29.5,100,30.0,103,41.3,42.1,29.5 / 100,30.0 / 103
5879,OR,BLUE/WHITE,M,72,68.4,90.2,117,34.6,33.8,34.6,119,33.8,115,45.7,44.5,34.6 / 119,33.8 / 115
5879,OR,RED/YELLOW,M,72,66.4,85.9,105,33.6,32.8,33.6,108,32.8,102,43.6,42.3,33.6 / 108,32.8 / 102
5879,OR,BLUE/WHITE,F,73,74.4,104.7,129,37.7,36.7,37.7,133,36.7,124,53.4,51.3,37.7 / 133,36.7 / 124
5879,OR,RED/YELLOW,F,72,71.0,100.1,124,35.9,35.1,35.9,124,35.1,123,50.5,49.6,35.9 / 124,35.1 / 123
5915,OR,BLACK TOURNAMENT,M,72,71.6,96.6,135,36.1,35.5,36.1,133,35.5,136,48.5,48.1,36.1 / 133,35.5 / 136
5915,OR,BLACK,M,72,71.1,95.9,134,35.6,35.5,35.6,131,35.5,136,47.8,48.1,35.6 / 131,35.5 / 136
5915,OR,COMBO,M,72,69.4,93.1,128,34.9,34.5,34.9,129,34.5,126,46.9,46.2,34.9 / 129,34.5 / 126
5915,OR,WHITE,M,72,68.4,91.4,124,34.3,34.1,34.3,127,34.1,121,46.1,45.3,34.3 / 127,34.1 / 121
5915,OR,SENIOR,M,72,65.8,87.8,118,32.9,32.9,32.9,117,32.9,119,43.8,44.0,32.9 / 117,32.9 / 119
5915,OR,RED,M,72,64.6,85.7,114,32.1,32.5,32.1,112,32.5,115,42.5,43.2,32.1 / 112,32.5 / 115
5915,OR,BLACK,F,72,76.8,110.7,144,38.5,38.3,38.5,142,38.3,146,55.2,55.5,38.5 / 142,38.3 / 146
5915,OR,COMBO,F,72,74.6,107.5,140,37.6,37.0,37.6,138,37.0,141,53.9,53.6,37.6 / 138,37.0 / 141
5915,OR,WHITE,F,72,73.6,106.0,138,37.2,36.4,37.2,137,36.4,138,53.3,52.7,37.2 / 137,36.4 / 138
5915,OR,SENIOR,F,72,70.6,99.9,124,35.4,35.2,35.4,128,35.2,120,50.5,49.4,35.4 / 128,35.2 / 120
5915,OR,RED,F,72,68.5,96.7,120,34.1,34.4,34.1,121,34.4,118,48.4,48.3,34.1 / 121,34.4 / 118
5936,OR,WHITE/BLUE,M,71,68.1,92.1,129,33.9,34.2,33.9,125,34.2,133,45.5,46.6,33.9 / 125,34.2 / 133
5936,OR,RED/YELLOW,M,71,65.7,87.4,117,32.9,32.8,32.9,116,32.8,117,43.7,43.7,32.9 / 116,32.8 / 117
5936,OR,WHITE/BLUE,F,72,74.2,106.0,135,36.9,37.3,36.9,136,37.3,134,52.9,53.1,36.9 / 136,37.3 / 134
5936,OR,RED/YELLOW,F,72,70.8,100.7,127,35.5,35.3,35.5,130,35.3,124,50.8,49.9,35.5 / 130,35.3 / 124
5820,OR,BLACK,M,72,74.3,99.8,137,37.9,36.4,37.9,141,36.4,133,51.0,48.8,37.9 / 141,36.4 / 133
5820,OR,BLACK/GREEN,M,72,72.8,97.8,135,36.8,36.0,36.8,137,36.0,132,49.5,48.3,36.8 / 137,36.0 / 132
5820,OR,OGA Men's Team,M,72,71.8,95.2,126,36.5,35.3,36.5,131,35.3,121,48.7,46.5,36.5 / 131,35.3 / 121
5820,OR,GREEN,M,72,71.6,95.6,129,36.2,35.4,36.2,133,35.4,125,48.6,47.0,36.2 / 133,35.4 / 125
5820,OR,GREEN/WHITE,M,72,70.0,93.8,128,35.4,34.6,35.4,133,34.6,123,47.8,46.0,35.4 / 133,34.6 / 123
5820,OR,WHITE,M,72,68.7,92.4,128,34.9,33.8,34.9,132,33.8,123,47.2,45.2,34.9 / 132,33.8 / 123
5820,OR,WHITE/GOLD,M,72,67.5,90.4,124,34.1,33.4,34.1,126,33.4,121,45.8,44.6,34.1 / 126,33.4 / 121
5820,OR,GOLD,M,72,66.2,87.6,115,33.8,32.4,33.8,118,32.4,112,44.8,42.8,33.8 / 118,32.4 / 112
5820,OR,RED,M,72,63.7,84.4,112,32.5,31.2,32.5,114,31.2,109,43.1,41.3,32.5 / 114,31.2 / 109
5820,OR,WHITE,F,72,74.2,105.8,134,37.6,36.6,37.6,134,36.6,134,53.4,52.4,37.6 / 134,36.6 / 134
5820,OR,WHITE/GOLD,F,72,73.1,104.7,134,36.9,36.2,36.9,137,36.2,131,53.0,51.7,36.9 / 137,36.2 / 131
5820,OR,GOLD,F,72,71.3,102.1,131,36.6,34.7,36.6,137,34.7,125,52.7,49.4,36.6 / 137,34.7 / 125
5820,OR,RED,F,72,68.7,97.9,124,35.3,33.4,35.3,125,33.4,123,50.0,47.9,35.3 / 125,33.4 / 123
14759,OR,GREEN,M,72,65.2,84.6,104,32.6,32.6,32.6,104,32.6,104,42.3,42.3,32.6 / 104,32.6 / 104
14759,OR,WHITE,M,72,64.6,83.4,101,32.3,32.3,32.3,101,32.3,101,41.7,41.7,32.3 / 101,32.3 / 101
14759,OR,ORANGE,M,72,62.6,80.6,97,31.3,31.3,31.3,97,31.3,97,40.3,40.3,31.3 / 97,31.3 / 97
14759,OR,GREEN,F,72,70.8,96.4,109,35.4,35.4,35.4,109,35.4,109,48.2,48.2,35.4 / 109,35.4 / 109
14759,OR,WHITE,F,72,68.4,93.8,108,34.2,34.2,34.2,108,34.2,108,46.9,46.9,34.2 / 108,34.2 / 108
14759,OR,ORANGE,F,72,66.8,89.8,98,33.4,33.4,33.4,98,33.4,98,44.9,44.9,33.4 / 98,33.4 / 98
5945,OR,Blue,M,68,62.8,81.6,101,31.4,31.4,31.4,101,31.4,101,40.8,40.8,31.4 / 101,31.4 / 101
5945,OR,White/Blue,M,68,62.4,81.0,100,31.0,31.4,31.0,99,31.4,101,40.2,40.8,31.0 / 99,31.4 / 101
5945,OR,White,M,68,62.0,80.4,99,31.0,31.0,31.0,99,31.0,99,40.2,40.2,31.0 / 99,31.0 / 99
5945,OR,Red/White,M,68,61.0,78.8,96,30.0,31.0,30.0,93,31.0,99,38.6,40.2,30.0 / 93,31.0 / 99
5945,OR,Red,M,68,60.0,77.2,93,30.0,30.0,30.0,93,30.0,93,38.6,38.6,30.0 / 93,30.0 / 93
5945,OR,Blue,F,68,67.2,92.8,109,33.6,33.6,33.6,109,33.6,109,46.4,46.4,33.6 / 109,33.6 / 109
5945,OR,White/Blue,F,68,66.6,91.9,108,33.0,33.6,33.0,106,33.6,109,45.5,46.4,33.0 / 106,33.6 / 109
5945,OR,White,F,68,66.0,91.0,106,33.0,33.0,33.0,106,33.0,106,45.5,45.5,33.0 / 106,33.0 / 106
5945,OR,Red/White,F,68,64.2,88.7,104,31.2,33.0,31.2,102,33.0,106,43.2,45.5,31.2 / 102,33.0 / 106
5945,OR,Red,F,68,62.4,86.4,102,31.2,31.2,31.2,102,31.2,102,43.2,43.2,31.2 / 102,31.2 / 102
5950,OR,LONG,M,66,61.3,79.8,100,30.1,31.2,30.1,97,31.2,102,39.1,40.7,30.1 / 97,31.2 / 102
5950,OR,SHORT,M,66,60.6,78.9,99,29.8,30.8,29.8,97,30.8,100,38.8,40.1,29.8 / 97,30.8 / 100
5950,OR,LONG,F,66,64.0,90.9,115,31.0,33.0,31.0,109,33.0,120,43.8,47.1,31.0 / 109,33.0 / 120
5950,OR,SHORT,F,66,63.2,88.3,107,30.8,32.4,30.8,103,32.4,110,42.9,45.4,30.8 / 103,32.4 / 110
5883,OR,BLUE,M,36,34.9,45.4,113,34.9,,34.9,113,,,45.4,,34.9 / 113,/
5883,OR,WHITE,M,36,34.1,44.2,109,34.1,,34.1,109,,,44.2,,34.1 / 109,/
5883,OR,RED,M,36,32.9,42.1,99,32.9,,32.9,99,,,42.1,,32.9 / 99,/
5883,OR,WHITE,F,36,36.7,51.0,121,36.7,,36.7,121,,,51.0,,36.7 / 121,/
5883,OR,RED,F,36,34.9,48.4,114,34.9,,34.9,114,,,48.4,,34.9 / 114,/
5810,OR,BLACK,M,72,73.0,96.8,128,36.5,36.5,36.5,128,36.5,128,48.4,48.4,36.5 / 128,36.5 / 128
5810,OR,BLACK/BLUE,M,72,71.5,94.1,122,35.7,35.8,35.7,124,35.8,119,47.2,46.9,35.7 / 124,35.8 / 119
5810,OR,BLUE,M,72,71.4,95.2,128,35.7,35.7,35.7,128,35.7,128,47.6,47.6,35.7 / 128,35.7 / 128
5810,OR,PLAYER'S COURSE,M,72,70.0,92.0,118,35.0,35.0,35.0,118,35.0,118,46.0,46.0,35.0 / 118,35.0 / 118
5810,OR,WHITE,M,72,68.8,89.8,113,34.4,34.4,34.4,113,34.4,113,44.9,44.9,34.4 / 113,34.4 / 113
5810,OR,RED/GREEN,M,72,68.3,89.6,115,34.2,34.1,34.2,115,34.1,114,44.9,44.7,34.2 / 115,34.1 / 114
5810,OR,WHITE/RED,M,71,66.7,86.9,109,34.4,32.3,34.4,113,32.3,104,44.9,42.0,34.4 / 113,32.3 / 104
5810,OR,RED,M,70,64.6,84.0,104,32.3,32.3,32.3,104,32.3,104,42.0,42.0,32.3 / 104,32.3 / 104
5810,OR,WHITE/YELLOW,M,70,64.4,84.2,107,32.2,32.2,32.2,104,32.2,109,41.9,42.3,32.2 / 104,32.2 / 109
5810,OR,YELLOW,M,72,63.0,81.8,101,31.5,31.5,31.5,101,31.5,101,40.9,40.9,31.5 / 101,31.5 / 101
5810,OR,FORWARD,M,68,62.0,81.8,107,31.0,31.0,31.0,107,31.0,107,40.9,40.9,31.0 / 107,31.0 / 107
5810,OR,BLACK/BLUE,F,72,76.8,108.3,134,38.8,38.0,38.8,135,38.0,132,54.7,53.6,38.8 / 135,38.0 / 132
5810,OR,Player's Course,F,75,75.5,107.4,136,37.8,37.7,37.8,135,37.7,136,53.7,53.7,37.8 / 135,37.7 / 136
5810,OR,WHITE,F,72,75.0,106.0,131,37.5,37.5,37.5,131,37.5,131,53.0,53.0,37.5 / 131,37.5 / 131
5810,OR,RED/GREEN,F,74,73.8,104.9,132,36.9,36.9,36.9,131,36.9,132,52.4,52.5,36.9 / 131,36.9 / 132
5810,OR,WHITE/RED,F,72,72.4,102.0,126,37.5,34.9,37.5,131,34.9,120,53.0,49.0,37.5 / 131,34.9 / 120
5810,OR,RED,F,72,69.8,98.0,120,34.9,34.9,34.9,120,34.9,120,49.0,49.0,34.9 / 120,34.9 / 120
5810,OR,WHITE/YELLOW,F,72,69.3,97.4,119,34.6,34.7,34.6,121,34.7,117,48.9,48.5,34.6 / 121,34.7 / 117
5810,OR,YELLOW,F,72,68.0,95.4,116,34.0,34.0,34.0,116,34.0,116,47.7,47.7,34.0 / 116,34.0 / 116
5810,OR,FORWARD,F,72,67.4,94.0,113,33.7,33.7,33.7,113,33.7,113,47.0,47.0,33.7 / 113,33.7 / 113
23819,OR,BLACK,M,60,58.2,75.2,91,29.1,29.1,29.1,91,29.1,91,37.6,37.6,29.1 / 91,29.1 / 91
23819,OR,WHITE/BLACK,M,60,57.4,73.8,88,28.3,29.1,28.3,85,29.1,91,36.2,37.6,28.3 / 85,29.1 / 91
23819,OR,WHITE,M,60,56.6,72.4,85,28.3,28.3,28.3,85,28.3,85,36.2,36.2,28.3 / 85,28.3 / 85
23819,OR,BLACK,F,60,59.8,81.8,93,29.9,29.9,29.9,93,29.9,93,40.9,40.9,29.9 / 93,29.9 / 93
23819,OR,WHITE/BLACK,F,60,59.5,80.6,90,29.6,29.9,29.6,86,29.9,93,39.7,40.9,29.6 / 86,29.9 / 93
23819,OR,WHITE,F,60,59.2,79.4,86,29.6,29.6,29.6,86,29.6,86,39.7,39.7,29.6 / 86,29.6 / 86
5821,OR,EIGHT,M,71,73.7,97.4,128,36.2,37.5,36.2,127,37.5,128,48.0,49.4,36.2 / 127,37.5 / 128
5821,OR,SEVEN,M,71,71.7,95.2,127,35.1,36.6,35.1,125,36.6,128,46.7,48.5,35.1 / 125,36.6 / 128
5821,OR,SIX,M,71,70.4,92.9,121,34.5,35.9,34.5,117,35.9,125,45.4,47.5,34.5 / 117,35.9 / 125
5821,OR,FIVE,M,71,69.3,92.0,122,34.0,35.3,34.0,119,35.3,125,45.1,46.9,34.0 / 119,35.3 / 125
5821,OR,FOUR,M,71,66.7,88.6,118,32.6,34.1,32.6,115,34.1,121,43.3,45.3,32.6 / 115,34.1 / 121
5821,OR,THREE,M,71,65.3,86.3,113,31.9,33.4,31.9,110,33.4,116,42.1,44.2,31.9 / 110,33.4 / 116
5821,OR,TWO,M,71,62.3,82.2,107,30.5,31.8,30.5,103,31.8,111,40.1,42.1,30.5 / 103,31.8 / 111
5821,OR,ONE,M,71,60.8,80.0,103,30.1,30.7,30.1,102,30.7,104,39.6,40.4,30.1 / 102,30.7 / 104
5821,OR,FIVE,F,71,75.3,106.0,131,36.9,38.4,36.9,126,38.4,135,51.7,54.3,36.9 / 126,38.4 / 135
5821,OR,FOUR,F,71,72.3,101.9,126,35.4,36.9,35.4,122,36.9,129,49.8,52.1,35.4 / 122,36.9 / 129
5821,OR,THREE,F,71,70.5,100.0,125,34.6,35.9,34.6,124,35.9,126,49.2,50.8,34.6 / 124,35.9 / 126
5821,OR,TWO,F,71,66.4,94.4,119,32.4,34.0,32.4,117,34.0,120,46.2,48.2,32.4 / 117,34.0 / 120
5821,OR,ONE,F,71,64.4,90.6,111,31.9,32.5,31.9,110,32.5,112,44.9,45.7,31.9 / 110,32.5 / 112
5958,OR,BLUE,M,62,60.2,79.4,103,30.1,30.1,30.1,103,30.1,103,39.7,39.7,30.1 / 103,30.1 / 103
5958,OR,RED/BLUE,M,62,59.8,78.8,102,29.7,30.1,29.7,101,30.1,103,39.1,39.7,29.7 / 101,30.1 / 103
5958,OR,RED,M,62,59.4,78.2,101,29.7,29.7,29.7,101,29.7,101,39.1,39.1,29.7 / 101,29.7 / 101
5958,OR,BLUE,F,62,64.0,87.0,98,32.0,32.0,32.0,98,32.0,98,43.5,43.5,32.0 / 98,32.0 / 98
5958,OR,RED/BLUE,F,62,63.3,86.0,97,31.3,32.0,31.3,95,32.0,98,42.5,43.5,31.3 / 95,32.0 / 98
5958,OR,RED,F,62,62.6,85.0,95,31.3,31.3,31.3,95,31.3,95,42.5,42.5,31.3 / 95,31.3 / 95
5904,OR,BLACK,M,70,70.6,95.0,131,35.3,35.3,35.3,131,35.3,131,47.5,47.5,35.3 / 131,35.3 / 131
5904,OR,BLUE,M,70,68.8,92.4,127,34.4,34.4,34.4,127,34.4,127,46.2,46.2,34.4 / 127,34.4 / 127
5904,OR,WHITE/BLUE,M,70,67.5,90.2,122,33.1,34.4,33.1,117,34.4,127,44.0,46.2,33.1 / 117,34.4 / 127
5904,OR,WHITE,M,70,66.2,88.0,117,33.1,33.1,33.1,117,33.1,117,44.0,44.0,33.1 / 117,33.1 / 117
5904,OR,SILVER,M,70,62.8,84.0,114,31.4,31.4,31.4,114,31.4,114,42.0,42.0,31.4 / 114,31.4 / 114
5904,OR,BLUE,F,72,73.6,105.2,134,36.8,36.8,36.8,134,36.8,134,52.6,52.6,36.8 / 134,36.8 / 134
5904,OR,WHITE,F,70,71.0,101.0,127,35.5,35.5,35.5,127,35.5,127,50.5,50.5,35.5 / 127,35.5 / 127
5904,OR,SILVER,F,70,66.4,93.4,114,33.2,33.2,33.2,114,33.2,114,46.7,46.7,33.2 / 114,33.2 / 114
36860,OR,WHITE,M,68,65.2,84.6,104,32.6,32.6,32.6,104,32.6,104,42.3,42.3,32.6 / 104,32.6 / 104
36860,OR,WHITE/RED,M,68,64.2,82.7,100,32.6,31.6,32.6,104,31.6,95,42.3,40.4,32.6 / 104,31.6 / 95
36860,OR,RED,M,68,63.2,80.8,95,31.6,31.6,31.6,95,31.6,95,40.4,40.4,31.6 / 95,31.6 / 95
36860,OR,WHITE,F,70,70.4,96.6,111,35.2,35.2,35.2,111,35.2,111,48.3,48.3,35.2 / 111,35.2 / 111
36860,OR,WHITE/RED,F,69,68.7,94.1,108,35.2,33.5,35.2,111,33.5,104,48.3,45.8,35.2 / 111,33.5 / 104
36860,OR,RED,F,68,67.0,91.6,104,33.5,33.5,33.5,104,33.5,104,45.8,45.8,33.5 / 104,33.5 / 104
5806,OR,ONE,M,72,73.5,98.5,135,37.1,36.4,37.1,136,36.4,133,49.7,48.8,37.1 / 136,36.4 / 133
5806,OR,TWO,M,72,70.7,94.2,127,35.8,34.9,35.8,127,34.9,126,47.6,46.6,35.8 / 127,34.9 / 126
5806,OR,THREE,M,72,69.1,92.1,124,35.0,34.1,35.0,123,34.1,125,46.4,45.7,35.0 / 123,34.1 / 125
5806,OR,FOUR,M,72,65.8,86.1,110,33.9,31.9,33.9,107,31.9,112,43.8,42.3,33.9 / 107,31.9 / 112
5806,OR,TWO,F,73,77.0,112.1,149,39.2,37.8,39.2,148,37.8,149,56.7,55.4,39.2 / 148,37.8 / 149
5806,OR,THREE,F,73,75.3,109.6,146,38.5,36.8,38.5,145,36.8,146,55.6,54.0,38.5 / 145,36.8 / 146
5806,OR,FOUR,F,73,70.6,101.9,133,36.2,34.4,36.2,141,34.4,125,52.8,49.1,36.2 / 141,34.4 / 125
5916,OR,BLACK,M,72,73.8,99.2,137,37.2,36.6,37.2,135,36.6,139,49.7,49.5,37.2 / 135,36.6 / 139
5916,OR,BLUE,M,72,72.5,97.2,133,36.5,36.0,36.5,133,36.0,132,48.9,48.3,36.5 / 133,36.0 / 132
5916,OR,COMBO,M,72,70.1,94.9,133,35.3,34.8,35.3,133,34.8,133,47.7,47.2,35.3 / 133,34.8 / 133
5916,OR,WHITE,M,72,69.5,93.5,129,35.0,34.5,35.0,132,34.5,126,47.3,46.2,35.0 / 132,34.5 / 126
5916,OR,GOLD,M,71,66.0,87.5,116,33.3,32.7,33.3,115,32.7,116,44.0,43.5,33.3 / 115,32.7 / 116
5916,OR,RED,M,70,63.2,83.3,109,31.7,31.5,31.7,107,31.5,110,41.6,41.7,31.7 / 107,31.5 / 110
5916,OR,WHITE,F,72,75.8,108.0,137,38.4,37.4,38.4,137,37.4,136,54.6,53.4,38.4 / 137,37.4 / 136
5916,OR,GOLD,F,71,71.6,101.7,128,36.3,35.3,36.3,131,35.3,125,51.7,50.0,36.3 / 131,35.3 / 125
5916,OR,RED,F,71,68.0,95.8,118,34.4,33.6,34.4,120,33.6,116,48.5,47.3,34.4 / 120,33.6 / 116
5931,OR,BLUE,M,64,61.4,81.4,108,30.7,30.7,30.7,108,30.7,108,40.7,40.7,30.7 / 108,30.7 / 108
5931,OR,WHITE,M,64,60.6,79.4,101,30.3,30.3,30.3,101,30.3,101,39.7,39.7,30.3 / 101,30.3 / 101
5931,OR,BLUE,F,66,66.4,95.2,122,33.2,33.2,33.2,122,33.2,122,47.6,47.6,33.2 / 122,33.2 / 122
5931,OR,WHITE,F,64,63.0,89.6,113,31.5,31.5,31.5,113,31.5,113,44.8,44.8,31.5 / 113,31.5 / 113
5946,OR,BLUE,M,62,60.0,79.2,103,30.0,30.0,30.0,103,30.0,103,39.6,39.6,30.0 / 103,30.0 / 103
5946,OR,WHITE/BLUE,M,61,59.2,77.6,99,29.2,30.0,29.2,95,30.0,103,38.0,39.6,29.2 / 95,30.0 / 103
5946,OR,WHITE,M,60,58.4,76.0,95,29.2,29.2,29.2,95,29.2,95,38.0,38.0,29.2 / 95,29.2 / 95
5946,OR,YELLOW/RED,M,61,58.0,75.1,92,28.6,29.4,28.6,87,29.4,97,36.7,38.4,28.6 / 87,29.4 / 97
5946,OR,WHITE/BLUE,F,62,60.9,85.3,104,29.9,31.0,29.9,101,31.0,106,41.8,43.5,29.9 / 101,31.0 / 106
5946,OR,RED,F,62,60.4,84.4,102,30.2,30.2,30.2,102,30.2,102,42.2,42.2,30.2 / 102,30.2 / 102
5946,OR,YELLOW/RED,F,62,59.2,81.8,96,29.0,30.2,29.0,91,30.2,101,39.7,42.1,29.0 / 91,30.2 / 101
5946,OR,YELLOW,F,62,58.0,79.4,91,29.0,29.0,29.0,91,29.0,91,39.7,39.7,29.0 / 91,29.0 / 91
5788,OR,Blue,M,72,66.4,86.8,110,33.2,33.2,33.2,110,33.2,110,43.4,43.4,33.2 / 110,33.2 / 110
5788,OR,Blue/Gold,M,72,64.5,84.3,107,33.2,31.3,33.2,110,31.3,103,43.4,40.9,33.2 / 110,31.3 / 103
5788,OR,Gold,M,72,62.6,81.7,103,31.3,31.3,31.3,102,31.3,103,40.8,40.9,31.3 / 102,31.3 / 103
5788,OR,BLUE,F,72,71.4,100.0,121,35.7,35.7,35.7,121,35.7,121,50.0,50.0,35.7 / 121,35.7 / 121
5788,OR,BLUE/GOLD,F,72,68.9,96.5,117,35.7,33.2,35.7,121,33.2,113,50.0,46.5,35.7 / 121,33.2 / 113
5788,OR,GOLD,F,72,66.4,93.0,113,33.2,33.2,33.2,113,33.2,113,46.5,46.5,33.2 / 113,33.2 / 113
5903,OR,4,M,71,70.2,94.1,129,35.6,34.6,35.6,127,34.6,130,47.4,46.7,35.6 / 127,34.6 / 130
5903,OR,3,M,71,68.9,92.1,125,34.8,34.1,34.8,127,34.1,123,46.6,45.5,34.8 / 127,34.1 / 123
5903,OR,2/3,M,71,67.1,89.0,118,33.8,33.3,33.8,116,33.3,119,44.6,44.4,33.8 / 116,33.3 / 119
5903,OR,2,M,71,65.9,86.6,112,33.3,32.6,33.3,114,32.6,109,43.9,42.7,33.3 / 114,32.6 / 109
5903,OR,1/2,M,71,63.4,83.2,107,32.1,31.3,32.1,104,31.3,109,41.8,41.4,32.1 / 104,31.3 / 109
5903,OR,1,M,71,61.3,80.2,102,30.7,30.6,30.7,103,30.6,100,40.3,39.9,30.7 / 103,30.6 / 100
5903,OR,ORANGE,M,67,56.4,73.8,94,28.6,27.8,28.6,93,27.8,95,37.2,36.6,28.6 / 93,27.8 / 95
5903,OR,3,F,71,74.3,104.6,129,37.7,36.6,37.7,125,36.6,132,52.4,52.2,37.7 / 125,36.6 / 132
5903,OR,2/3,F,71,72.2,101.7,125,36.5,35.7,36.5,121,35.7,129,50.8,50.9,36.5 / 121,35.7 / 129
5903,OR,2,F,71,70.8,99.2,121,36.2,34.6,36.2,118,34.6,123,50.1,49.1,36.2 / 118,34.6 / 123
5903,OR,1/2,F,71,68.2,94.9,113,34.6,33.6,34.6,117,33.6,109,48.4,46.5,34.6 / 117,33.6 / 109
5903,OR,1,F,71,65.4,90.8,108,33.1,32.3,33.1,110,32.3,105,46.1,44.7,33.1 / 110,32.3 / 105
5903,OR,ORANGE,F,67,58.8,81.2,95,30.0,28.8,30.0,96,28.8,94,41.3,39.9,30.0 / 96,28.8 / 94
5939,OR,BLACK,M,72,71.9,96.2,131,35.7,36.2,35.7,137,36.2,125,48.4,47.8,35.7 / 137,36.2 / 125
5939,OR,GREEN,M,72,70.7,93.6,123,35.2,35.5,35.2,127,35.5,119,47.0,46.6,35.2 / 127,35.5 / 119
5939,OR,GREEN/BLUE,M,72,69.7,92.3,122,34.5,35.2,34.5,124,35.2,119,46.0,46.3,34.5 / 124,35.2 / 119
5939,OR,BLUE,M,72,68.4,90.2,117,33.7,34.7,33.7,116,34.7,118,44.5,45.7,33.7 / 116,34.7 / 118
5939,OR,BLUE/WHITE,M,72,66.6,87.2,111,32.9,33.7,32.9,108,33.7,114,42.9,44.3,32.9 / 108,33.7 / 114
5939,OR,WHITE,M,72,65.1,85.5,110,32.5,32.6,32.5,109,32.6,111,42.6,42.9,32.5 / 109,32.6 / 111
5939,OR,RED,M,72,62.6,82.4,107,31.1,31.5,31.1,103,31.5,109,40.7,41.6,31.1 / 103,31.5 / 109
5939,OR,GREEN,F,72,76.8,109.2,138,38.3,38.5,38.3,139,38.5,136,54.7,54.5,38.3 / 139,38.5 / 136
5939,OR,GREEN/BLUE,F,72,75.3,106.2,131,37.4,37.9,37.4,130,37.9,132,52.7,53.5,37.4 / 130,37.9 / 132
5939,OR,BLUE,F,72,73.6,104.0,129,36.4,37.2,36.4,125,37.2,133,51.1,52.9,36.4 / 125,37.2 / 133
5939,OR,BLUE/WHITE,F,72,71.6,101.6,128,35.5,36.1,35.5,125,36.1,130,50.2,51.4,35.5 / 125,36.1 / 130
5939,OR,WHITE,F,72,70.3,98.6,120,35.1,35.2,35.1,121,35.2,119,49.4,49.2,35.1 / 121,35.2 / 119
5939,OR,RED,F,72,67.5,94.7,115,33.4,34.1,33.4,116,34.1,114,47.1,47.6,33.4 / 116,34.1 / 114
5900,OR,BLUE,M,64,60.2,77.6,94,30.1,30.1,30.1,94,30.1,94,38.8,38.8,30.1 / 94,30.1 / 94
5900,OR,WHITE/BLUE,M,64,59.8,77.1,94,29.7,30.1,29.7,93,30.1,94,38.3,38.8,29.7 / 93,30.1 / 94
5900,OR,BLUE/WHITE/RED,M,64,59.8,76.6,90,29.9,29.9,29.9,90,29.9,90,38.3,38.3,29.9 / 90,29.9 / 90
5900,OR,WHITE,M,64,59.4,76.6,93,29.7,29.7,29.7,93,29.7,93,38.3,38.3,29.7 / 93,29.7 / 93
5900,OR,RED/WHITE/BLUE,M,64,58.8,75.4,89,29.4,29.4,29.4,89,29.4,89,37.7,37.7,29.4 / 89,29.4 / 89
5900,OR,RED,M,64,58.3,74.5,87,29.1,29.2,29.1,87,29.2,87,37.2,37.3,29.1 / 87,29.2 / 87
5900,OR,WHITE/BLUE,F,64,62.4,85.8,99,30.8,31.6,30.8,99,31.6,99,42.5,43.3,30.8 / 99,31.6 / 99
5900,OR,BLUE/WHITE/RED,F,64,62.2,84.8,96,31.1,31.1,31.1,96,31.1,96,42.4,42.4,31.1 / 96,31.1 / 96
5900,OR,RED/WHITE,F,64,60.5,83.1,96,29.7,30.8,29.7,92,30.8,99,40.6,42.5,29.7 / 92,30.8 / 99
5900,OR,RED/WHITE/BLUE,F,64,60.0,82.2,94,30.0,30.0,30.0,94,30.0,94,41.1,41.1,30.0 / 94,30.0 / 94
5900,OR,RED,F,64,59.4,81.0,92,29.7,29.7,29.7,92,29.7,92,40.5,40.5,29.7 / 92,29.7 / 92
5796,OR,Black,M,60,58.4,75.4,91,29.2,29.2,29.2,91,29.2,91,37.7,37.7,29.2 / 91,29.2 / 91
5796,OR,Yellow,M,60,57.0,73.4,88,28.5,28.5,28.5,88,28.5,88,36.7,36.7,28.5 / 88,28.5 / 88
5796,OR,Black,F,60,59.8,82.6,97,29.9,29.9,29.9,97,29.9,97,41.3,41.3,29.9 / 97,29.9 / 97
5796,OR,Yellow,F,60,57.8,79.4,92,28.9,28.9,28.9,92,28.9,92,39.7,39.7,28.9 / 92,28.9 / 92
17751,OR,Blue,M,72,72.1,95.1,124,35.9,36.2,35.9,123,36.2,125,47.3,47.8,35.9 / 123,36.2 / 125
17751,OR,White,M,72,70.4,93.2,123,35.1,35.3,35.1,122,35.3,124,46.4,46.8,35.1 / 122,35.3 / 124
17751,OR,White/Gold,M,72,67.6,88.6,113,34.1,33.5,34.1,113,33.5,113,44.6,44.0,34.1 / 113,33.5 / 113
17751,OR,Gold,M,72,65.5,85.6,109,32.6,32.9,32.6,107,32.9,110,42.5,43.1,32.6 / 107,32.9 / 110
17751,OR,Red,M,72,63.4,82.6,103,31.9,31.5,31.9,103,31.5,103,41.5,41.1,31.9 / 103,31.5 / 103
17751,OR,Orange,M,72,60.9,79.2,99,30.6,30.3,30.6,99,30.3,98,39.8,39.4,30.6 / 99,30.3 / 98
17751,OR,White,F,73,77.2,108.8,134,38.4,38.8,38.4,136,38.8,132,54.4,54.4,38.4 / 136,38.8 / 132
17751,OR,Gold,F,73,71.1,98.8,118,35.3,35.8,35.3,117,35.8,118,49.1,49.7,35.3 / 117,35.8 / 118
17751,OR,Red,F,73,68.4,95.4,115,34.5,33.9,34.5,115,33.9,114,48.1,47.3,34.5 / 115,33.9 / 114
17751,OR,Orange,F,73,64.0,88.2,103,32.3,31.7,32.3,103,31.7,103,44.4,43.8,32.3 / 103,31.7 / 103
5888,OR,BLACK,M,72,72.5,97.7,136,36.7,35.8,36.7,133,35.8,138,49.1,48.6,36.7 / 133,35.8 / 138
5888,OR,BLACK/BLUE (25),M,72,71.9,96.5,132,36.4,35.6,36.4,131,35.6,133,48.6,48.0,36.4 / 131,35.6 / 133
5888,OR,BLACK/BLUE,M,72,71.6,96.1,132,36.4,35.2,36.4,131,35.2,132,48.6,47.5,36.4 / 131,35.2 / 132
5888,OR,BLUE,M,72,70.9,95.1,130,36.2,34.7,36.2,130,34.7,130,48.3,46.8,36.2 / 130,34.7 / 130
5888,OR,BLUE/WHITE,M,72,69.0,93.0,129,35.4,33.7,35.4,129,33.7,127,47.4,45.5,35.4 / 129,33.7 / 127
5888,OR,WHITE,M,72,68.5,91.9,126,35.1,33.4,35.1,129,33.4,123,47.1,44.8,35.1 / 129,33.4 / 123
5888,OR,WHITE/GOLD,M,72,67.4,89.2,118,34.6,32.8,34.6,121,32.8,115,45.8,43.5,34.6 / 121,32.8 / 115
5888,OR,GOLD,M,72,66.7,88.2,116,34.2,32.5,34.2,118,32.5,113,45.2,43.0,34.2 / 118,32.5 / 113
5888,OR,GOLD/GREEN,M,72,64.2,85.0,112,32.3,31.9,32.3,111,31.9,113,42.6,42.4,32.3 / 111,31.9 / 113
5888,OR,GREEN,M,72,63.0,83.5,111,31.7,31.3,31.7,109,31.3,112,41.8,41.7,31.7 / 109,31.3 / 112
5888,OR,BLUE,F,72,76.3,109.1,139,39.2,37.1,39.2,141,37.1,137,55.8,53.3,39.2 / 141,37.1 / 137
5888,OR,WHITE,F,72,73.6,105.2,134,38.0,35.6,38.0,137,35.6,131,54.1,51.1,38.0 / 137,35.6 / 131
5888,OR,WHITE/GOLD,F,72,72.0,102.6,130,37.3,34.7,37.3,132,34.7,127,52.9,49.7,37.3 / 132,34.7 / 127
5888,OR,GOLD,F,72,71.2,101.2,127,36.8,34.4,36.8,131,34.4,123,52.3,48.9,36.8 / 131,34.4 / 123
5888,OR,GOLD/GREEN,F,72,68.6,96.4,118,34.9,33.7,34.9,121,33.7,114,49.2,47.2,34.9 / 121,33.7 / 114
5888,OR,GREEN,F,72,66.5,93.0,113,33.8,32.7,33.8,117,32.7,108,47.6,45.4,33.8 / 117,32.7 / 108
5934,OR,Blue,M,68,64.3,84.4,108,30.8,33.5,30.8,103,33.5,113,40.4,44.0,30.8 / 103,33.5 / 113
5934,OR,Red,M,68,61.4,80.1,101,30.0,31.4,30.0,97,31.4,104,39.0,41.1,30.0 / 97,31.4 / 104
5934,OR,Blue,F,68,69.2,97.0,118,32.9,36.3,32.9,111,36.3,125,46.0,51.0,32.9 / 111,36.3 / 125
5934,OR,Red,F,68,64.9,90.8,110,31.2,33.7,31.2,107,33.7,113,43.8,47.0,31.2 / 107,33.7 / 113
1487,OR,Green 2022,M,60,59.2,77.0,96,29.8,29.4,29.8,97,29.4,95,38.8,38.2,29.8 / 97,29.4 / 95
1487,OR,Red 2022,M,60,55.0,71.2,87,28.8,26.2,28.8,91,26.2,83,37.3,33.9,28.8 / 91,26.2 / 83
1487,OR,Green 2022,F,60,60.1,82.7,96,30.6,29.5,30.6,96,29.5,96,41.9,40.8,30.6 / 96,29.5 / 96
1487,OR,Red 2022,F,60,56.5,76.8,86,29.3,27.2,29.3,88,27.2,84,39.7,37.1,29.3 / 88,27.2 / 84
5906,OR,BLUE,M,71,69.3,92.1,123,35.4,33.9,35.4,122,33.9,124,46.7,45.4,35.4 / 122,33.9 / 124
5906,OR,WHITE,M,71,66.6,88.7,119,34.0,32.6,34.0,121,32.6,117,45.2,43.5,34.0 / 121,32.6 / 117
5906,OR,RED,M,70,64.5,85.7,114,32.9,31.6,32.9,116,31.6,112,43.7,42.0,32.9 / 116,31.6 / 112
5906,OR,BLUE,F,72,74.0,102.6,121,37.9,36.1,37.9,122,36.1,120,52.3,50.3,37.9 / 122,36.1 / 120
5906,OR,WHITE,F,72,72.0,100.0,119,36.9,35.1,36.9,120,35.1,118,51.0,49.0,36.9 / 120,35.1 / 118
5906,OR,RED,F,71,69.7,97.4,118,35.8,33.9,35.8,116,33.9,119,49.5,47.9,35.8 / 116,33.9 / 119
5823,OR,BLACK,M,70,69.8,92.9,124,35.7,34.1,35.7,130,34.1,118,47.8,45.1,35.7 / 130,34.1 / 118
5823,OR,BLUE,M,70,68.3,91.0,122,35.0,33.3,35.0,127,33.3,117,46.8,44.2,35.0 / 127,33.3 / 117
5823,OR,CLUB COMBO,M,70,67.0,89.7,122,34.2,32.8,34.2,127,32.8,117,46.0,43.7,34.2 / 127,32.8 / 117
5823,OR,WHITE,M,70,66.6,89.1,121,34.1,32.5,34.1,126,32.5,116,45.8,43.3,34.1 / 126,32.5 / 116
5823,OR,RED,M,69,62.6,83.0,110,31.8,30.8,31.8,113,30.8,107,42.3,40.7,31.8 / 113,30.8 / 107
5823,OR,WHITE,F,70,71.4,101.8,129,36.6,34.8,36.6,134,34.8,124,52.4,49.4,36.6 / 134,34.8 / 124
5823,OR,RED,F,70,66.4,94.3,119,33.8,32.6,33.8,125,32.6,112,48.5,45.8,33.8 / 125,32.6 / 112
5824,OR,BLACK,M,72,71.8,96.3,132,36.1,35.7,36.1,133,35.7,130,48.5,47.8,36.1 / 133,35.7 / 130
5824,OR,BLUE,M,72,70.3,94.3,129,35.3,35.0,35.3,131,35.0,127,47.5,46.8,35.3 / 131,35.0 / 127
5824,OR,CLUB COMBO (Blue 17),M,72,68.8,92.7,129,34.3,34.5,34.3,126,34.5,131,46.0,46.7,34.3 / 126,34.5 / 131
5824,OR,CLUB COMBO,M,72,68.5,92.1,127,34.3,34.2,34.3,128,34.2,129,46.2,46.2,34.3 / 128,34.2 / 129
5824,OR,WHITE,M,72,68.0,91.6,127,33.9,34.1,33.9,128,34.1,126,45.8,45.8,33.9 / 128,34.1 / 126
5824,OR,RED,M,71,63.5,84.0,111,31.7,31.8,31.7,108,31.8,113,41.7,42.3,31.7 / 108,31.8 / 113
5824,OR,WHITE,F,72,73.1,104.8,135,36.5,36.6,36.5,135,36.6,134,52.4,52.4,36.5 / 135,36.6 / 134
5824,OR,RED,F,72,67.5,95.7,120,33.7,33.8,33.7,114,33.8,125,47.2,48.5,33.7 / 114,33.8 / 125
5825,OR,BLACK,M,70,70.2,93.6,126,34.1,36.1,34.1,118,36.1,133,45.1,48.5,34.1 / 118,36.1 / 133
5825,OR,BLUE,M,70,68.6,91.7,124,33.3,35.3,33.3,117,35.3,131,44.2,47.5,33.3 / 117,35.3 / 131
5825,OR,CLUB COMBO,M,70,67.1,89.9,123,32.8,34.3,32.8,117,34.3,128,43.7,46.2,32.8 / 117,34.3 / 128
5825,OR,WHITE,M,70,66.4,89.1,122,32.5,33.9,32.5,116,33.9,128,43.3,45.8,32.5 / 116,33.9 / 128
5825,OR,RED,M,68,62.5,82.4,108,30.8,31.7,30.8,107,31.7,108,40.7,41.7,30.8 / 107,31.7 / 108
5825,OR,WHITE,F,70,71.3,101.8,130,34.8,36.5,34.8,124,36.5,135,49.4,52.4,34.8 / 124,36.5 / 135
5825,OR,RED,F,70,66.4,93.2,114,32.6,33.8,32.6,112,33.8,115,45.8,47.4,32.6 / 112,33.8 / 115
5927,OR,BLACK,M,72,73.3,99.8,143,36.1,37.2,36.1,140,37.2,145,49.1,50.7,36.1 / 140,37.2 / 145
5927,OR,BLUE,M,72,71.6,97.2,138,35.3,36.3,35.3,132,36.3,143,47.6,49.6,35.3 / 132,36.3 / 143
5927,OR,WHITE,M,72,69.2,93.1,129,34.3,34.9,34.3,119,34.9,138,45.4,47.7,34.3 / 119,34.9 / 138
5927,OR,GOLD,M,72,67.2,89.9,122,33.5,33.7,33.5,119,33.7,125,44.6,45.3,33.5 / 119,33.7 / 125
5927,OR,RED,M,68,63.9,85.5,116,31.5,32.4,31.5,113,32.4,119,42.0,43.5,31.5 / 113,32.4 / 119
5927,OR,WHITE,F,72,75.6,109.5,144,37.2,38.4,37.2,140,38.4,148,53.7,55.8,37.2 / 140,38.4 / 148
5927,OR,GOLD,F,72,72.7,104.9,137,36.2,36.5,36.2,133,36.5,140,51.9,53.0,36.2 / 133,36.5 / 140
5927,OR,RED,F,72,68.4,97.8,125,33.7,34.7,33.7,121,34.7,128,48.0,49.8,33.7 / 121,34.7 / 128
5944,OR,Upper 7 Long Blue,M,68,63.2,81.8,100,31.6,31.6,31.6,100,31.6,100,40.9,40.9,31.6 / 100,31.6 / 100
5944,OR,Long Blue,M,68,63.0,81.6,100,31.5,31.5,31.5,100,31.5,100,40.8,40.8,31.5 / 100,31.5 / 100
5944,OR,Upper 7 Long White,M,68,62.0,80.0,97,31.0,31.0,31.0,97,31.0,97,40.0,40.0,31.0 / 97,31.0 / 97
5944,OR,Long White,M,68,61.8,79.8,97,30.9,30.9,30.9,97,30.9,97,39.9,39.9,30.9 / 97,30.9 / 97
5944,OR,Upper 7 Long Red,M,62,60.6,78.6,97,30.3,30.3,30.3,97,30.3,97,39.3,39.3,30.3 / 97,30.3 / 97
5944,OR,Long Red,M,62,60.2,78.4,98,30.1,30.1,30.1,98,30.1,98,39.2,39.2,30.1 / 98,30.1 / 98
5944,OR,Short Blue,M,64,58.8,76.0,93,29.4,29.4,29.4,93,29.4,93,38.0,38.0,29.4 / 93,29.4 / 93
5944,OR,Short White,M,64,58.4,75.4,91,29.2,29.2,29.2,91,29.2,91,37.7,37.7,29.2 / 91,29.2 / 91
5944,OR,Short Red,M,62,58.2,75.0,90,29.1,29.1,29.1,90,29.1,90,37.5,37.5,29.1 / 90,29.1 / 90
5944,OR,Upper 7 Long Blue,F,68,67.2,96.6,125,33.6,33.6,33.6,125,33.6,125,48.3,48.3,33.6 / 125,33.6 / 125
5944,OR,Long Blue,F,68,67.0,95.8,122,33.5,33.5,33.5,122,33.5,122,47.9,47.9,33.5 / 122,33.5 / 122
5944,OR,Upper 7 Long White,F,68,65.8,93.2,116,32.9,32.9,32.9,116,32.9,116,46.6,46.6,32.9 / 116,32.9 / 116
5944,OR,Long White,F,68,65.4,92.6,115,32.7,32.7,32.7,115,32.7,115,46.3,46.3,32.7 / 115,32.7 / 115
5944,OR,Upper 7 Long Red,F,68,63.0,87.8,105,31.5,31.5,31.5,105,31.5,105,43.9,43.9,31.5 / 105,31.5 / 105
5944,OR,Long Red,F,68,62.6,86.8,103,31.3,31.3,31.3,103,31.3,103,43.4,43.4,31.3 / 103,31.3 / 103
5944,OR,Short Blue,F,64,60.0,82.2,94,30.0,30.0,30.0,94,30.0,94,41.1,41.1,30.0 / 94,30.0 / 94
5944,OR,Short White,F,64,59.8,81.8,93,29.9,29.9,29.9,93,29.9,93,40.9,40.9,29.9 / 93,29.9 / 93
5944,OR,Short Red,F,64,59.2,81.0,92,29.6,29.6,29.6,92,29.6,92,40.5,40.5,29.6 / 92,29.6 / 92
5877,OR,BLACK,M,72,72.6,98.1,138,37.4,35.2,37.4,140,35.2,135,50.4,47.7,37.4 / 140,35.2 / 135
5877,OR,BLUE,M,72,70.2,94.8,133,36.1,34.1,36.1,139,34.1,126,49.0,45.8,36.1 / 139,34.1 / 126
5877,OR,GOLD,M,72,69.0,93.1,130,35.4,33.6,35.4,133,33.6,126,47.8,45.3,35.4 / 133,33.6 / 126
5877,OR,SILVER Long,M,72,66.9,89.4,121,34.5,32.4,34.5,124,32.4,118,46.0,43.4,34.5 / 124,32.4 / 118
5877,OR,SILVER Short,M,72,65.0,86.7,117,33.2,31.8,33.2,121,31.8,113,44.4,42.3,33.2 / 121,31.8 / 113
5877,OR,BLUE,F,73,75.9,106.6,130,39.4,36.5,39.4,133,36.5,127,55.1,51.5,39.4 / 133,36.5 / 127
5877,OR,GOLD,F,72,73.7,103.2,126,38.0,35.7,38.0,131,35.7,120,53.4,49.8,38.0 / 131,35.7 / 120
5877,OR,SILVER Long,F,72,71.8,101.0,124,37.2,34.6,37.2,130,34.6,118,52.5,48.5,37.2 / 130,34.6 / 118
5877,OR,SILVER Short,F,72,70.0,98.7,122,36.0,34.0,36.0,125,34.0,119,50.7,48.0,36.0 / 125,34.0 / 119
5926,OR,Blue/White,M,71,69.2,91.2,118,34.5,34.7,34.5,118,34.7,118,45.5,45.7,34.5 / 118,34.7 / 118
5926,OR,Orange/Green,M,71,66.2,86.9,112,33.6,32.6,33.6,110,32.6,113,43.8,43.1,33.6 / 110,32.6 / 113
5926,OR,Red/Gold,M,71,63.9,83.5,106,32.4,31.5,32.4,103,31.5,108,42.0,41.5,32.4 / 103,31.5 / 108
5926,OR,Blue/White,F,75,74.8,105.5,131,37.4,37.4,37.4,130,37.4,131,52.7,52.8,37.4 / 130,37.4 / 131
5926,OR,Orange/Green,F,74,72.3,101.1,122,36.5,35.8,36.5,124,35.8,120,51.1,50.0,36.5 / 124,35.8 / 120
5926,OR,Red/Gold,F,74,70.0,97.8,118,35.2,34.8,35.2,117,34.8,119,49.0,48.8,35.2 / 117,34.8 / 119
5943,OR,BLUE,M,61,58.8,76.6,96,29.2,29.6,29.2,94,29.6,98,37.9,38.7,29.2 / 94,29.6 / 98
5943,OR,RED,M,61,57.5,74.9,94,28.4,29.1,28.4,91,29.1,96,36.9,38.0,28.4 / 91,29.1 / 96
5943,OR,BLUE,F,61,59.8,82.6,97,29.6,30.2,29.6,96,30.2,98,40.9,41.7,29.6 / 96,30.2 / 98
5943,OR,RED,F,61,58.5,80.8,95,28.9,29.6,28.9,92,29.6,97,39.8,41.0,28.9 / 92,29.6 / 97
5948,OR,BLACK,M,71,70.3,94.8,132,35.0,35.3,35.0,132,35.3,131,47.3,47.5,35.0 / 132,35.3 / 131
5948,OR,BLUE,M,71,67.9,91.7,128,33.8,34.1,33.8,127,34.1,129,45.6,46.1,33.8 / 127,34.1 / 129
5948,OR,TEAL,M,71,65.9,87.9,119,32.8,33.1,32.8,116,33.1,121,43.6,44.3,32.8 / 116,33.1 / 121
5948,OR,WHITE,M,67,60.7,80.3,106,30.3,30.4,30.3,108,30.4,103,40.3,40.0,30.3 / 108,30.4 / 103
5948,OR,BLUE,F,71,73.3,104.5,133,36.4,36.9,36.4,130,36.9,135,51.7,52.8,36.4 / 130,36.9 / 135
5948,OR,TEAL,F,71,70.7,100.3,126,34.9,35.8,34.9,126,35.8,126,49.7,50.6,34.9 / 126,35.8 / 126
5948,OR,WHITE,F,71,62.4,87.8,108,30.9,31.5,30.9,105,31.5,110,43.3,44.5,30.9 / 105,31.5 / 110
5924,OR,FOUR,M,72,71.9,97.7,139,35.5,36.4,35.5,138,36.4,140,48.3,49.4,35.5 / 138,36.4 / 140
5924,OR,THREE/FOUR,M,72,70.7,95.4,133,34.8,35.9,34.8,130,35.9,136,46.9,48.5,34.8 / 130,35.9 / 136
5924,OR,THREE,M,72,69.3,92.5,125,34.2,35.1,34.2,122,35.1,128,45.5,47.0,34.2 / 122,35.1 / 128
5924,OR,TWO/THREE,M,72,67.8,90.8,124,33.7,34.1,33.7,119,34.1,128,44.8,46.0,33.7 / 119,34.1 / 128
5924,OR,TWO,M,72,66.7,89.4,122,32.9,33.8,32.9,118,33.8,126,43.9,45.5,32.9 / 118,33.8 / 126
5924,OR,ONE/TWO,M,71,63.1,84.1,113,30.8,32.4,30.8,110,32.4,117,41.0,43.3,30.8 / 110,32.4 / 117
5924,OR,ONE,M,71,61.6,82.0,110,30.1,31.5,30.1,108,31.5,112,40.1,41.9,30.1 / 108,31.5 / 112
5924,OR,FAMILY,M,67,57.6,75.9,99,28.4,29.2,28.4,98,29.2,99,37.5,38.4,28.4 / 98,29.2 / 99
5924,OR,FOUR,F,72,78.6,112.5,144,38.9,39.7,38.9,140,39.7,148,55.4,57.1,38.9 / 140,39.7 / 148
5924,OR,THREE/FOUR,F,72,77.1,110.1,140,37.9,39.2,37.9,136,39.2,144,53.9,56.2,37.9 / 136,39.2 / 144
5924,OR,THREE,F,72,75.4,107.7,137,37.1,38.3,37.1,132,38.3,142,52.7,55.0,37.1 / 132,38.3 / 142
5924,OR,TWO/THREE,F,72,73.2,103.9,130,36.2,37.0,36.2,123,37.0,137,50.7,53.2,36.2 / 123,37.0 / 137
5924,OR,TWO,F,72,72.0,102.0,127,35.3,36.7,35.3,121,36.7,133,49.6,52.4,35.3 / 121,36.7 / 133
5924,OR,ONE/TWO,F,71,66.8,95.5,122,32.5,34.3,32.5,116,34.3,127,46.2,49.3,32.5 / 116,34.3 / 127
5924,OR,ONE,F,71,64.3,91.7,117,31.5,32.8,31.5,113,32.8,120,44.8,46.9,31.5 / 113,32.8 / 120
5924,OR,FAMILY,F,67,60.0,84.3,103,29.6,30.4,29.6,102,30.4,104,41.6,42.7,29.6 / 102,30.4 / 104
23936,OR,Blue,M,72,68.8,90.8,118,34.4,34.4,34.4,118,34.4,118,45.4,45.4,34.4 / 118,34.4 / 118
23936,OR,White,M,72,66.6,87.8,114,33.3,33.3,33.3,114,33.3,114,43.9,43.9,33.3 / 114,33.3 / 114
23936,OR,Red,M,70,62.8,82.4,105,31.4,31.4,31.4,105,31.4,105,41.2,41.2,31.4 / 105,31.4 / 105
23936,OR,Yellow,M,68,59.0,76.8,96,29.5,29.5,29.5,96,29.5,96,38.4,38.4,29.5 / 96,29.5 / 96
23936,OR,Blue,F,74,74.2,106.0,135,37.1,37.1,37.1,135,37.1,135,53.0,53.0,37.1 / 135,37.1 / 135
23936,OR,White,F,74,71.6,102.8,132,35.8,35.8,35.8,132,35.8,132,51.4,51.4,35.8 / 132,35.8 / 132
23936,OR,Red,F,72,67.0,95.4,120,33.5,33.5,33.5,120,33.5,120,47.7,47.7,33.5 / 120,33.5 / 120
23936,OR,Yellow,F,68,60.2,85.2,106,30.1,30.1,30.1,106,30.1,106,42.6,42.6,30.1 / 106,30.1 / 106
5953,OR,BLACK,M,71,68.1,90.4,120,35.1,33.0,35.1,121,33.0,119,46.3,44.1,35.1 / 121,33.0 / 119
5953,OR,WHITE,M,71,66.4,87.7,115,34.2,32.2,34.2,113,32.2,116,44.7,43.0,34.2 / 113,32.2 / 116
5953,OR,RED,M,71,64.7,84.7,108,33.2,31.5,33.2,107,31.5,109,43.1,41.6,33.2 / 107,31.5 / 109
5953,OR,BLACK,F,72,73.2,103.6,129,38.0,35.2,38.0,132,35.2,126,53.6,50.0,38.0 / 132,35.2 / 126
5953,OR,WHITE,F,71,71.2,100.7,125,36.9,34.3,36.9,128,34.3,122,52.0,48.7,36.9 / 128,34.3 / 122
5953,OR,RED,F,71,69.1,97.5,121,35.5,33.6,35.5,123,33.6,118,50.0,47.5,35.5 / 123,33.6 / 118
5963,OR,BLACK,M,71,72.6,97.8,136,36.6,36.0,36.6,140,36.0,131,49.6,48.2,36.6 / 140,36.0 / 131
5963,OR,BLACK/NAVY,M,71,71.5,96.4,134,36.3,35.2,36.3,137,35.2,131,49.0,47.4,36.3 / 137,35.2 / 131
5963,OR,NAVY,M,71,70.8,95.0,130,35.9,34.9,35.9,132,34.9,128,48.2,46.8,35.9 / 132,34.9 / 128
5963,OR,EGAN,M,71,69.2,92.8,127,35.0,34.2,35.0,129,34.2,125,47.0,45.8,35.0 / 129,34.2 / 125
5963,OR,WHITE,M,71,67.5,90.2,122,34.0,33.5,34.0,125,33.5,119,45.6,44.6,34.0 / 125,33.5 / 119
5963,OR,WHITE/SILVER,M,71,65.8,88.1,120,33.1,32.7,33.1,122,32.7,118,44.4,43.7,33.1 / 122,32.7 / 118
5963,OR,SILVER,M,71,64.4,85.9,116,32.8,31.6,32.8,117,31.6,114,43.7,42.2,32.8 / 117,31.6 / 114
5963,OR,NAVY,F,73,76.7,108.6,136,39.1,37.6,39.1,142,37.6,129,55.8,52.8,39.1 / 142,37.6 / 129
5963,OR,WHITE,F,73,72.9,102.9,127,37.2,35.7,37.2,132,35.7,122,52.8,50.1,37.2 / 132,35.7 / 122
5963,OR,WHITE/SILVER,F,73,71.1,100.1,123,35.9,35.2,35.9,127,35.2,119,50.9,49.2,35.9 / 127,35.2 / 119
5963,OR,SILVER,F,73,68.9,96.9,119,34.9,34.0,34.9,124,34.0,114,49.5,47.4,34.9 / 124,34.0 / 114
5901,OR,BLACK,M,72,71.8,96.5,133,35.2,36.6,35.2,131,36.6,135,47.4,49.1,35.2 / 131,36.6 / 135
5901,OR,GREEN,M,72,70.0,93.6,127,34.3,35.7,34.3,125,35.7,129,45.9,47.7,34.3 / 125,35.7 / 129
5901,OR,WHITE,M,72,68.1,90.8,123,33.5,34.6,33.5,121,34.6,124,44.7,46.1,33.5 / 121,34.6 / 124
5901,OR,WHITE/RED,M,72,67.3,89.2,118,32.9,34.4,32.9,114,34.4,122,43.5,45.7,32.9 / 114,34.4 / 122
5901,OR,RED,M,72,66.1,87.6,116,32.4,33.7,32.4,111,33.7,121,42.7,44.9,32.4 / 111,33.7 / 121
5901,OR,GOLD,M,72,63.7,84.2,111,31.5,32.2,31.5,109,32.2,112,41.6,42.6,31.5 / 109,32.2 / 112
5901,OR,GOLD (Temp),M,72,63.6,83.9,110,31.5,32.1,31.5,109,32.1,110,41.6,42.3,31.5 / 109,32.1 / 110
5901,OR,BLACK,F,72,77.7,111.0,141,38.0,39.7,38.0,138,39.7,144,54.3,56.7,38.0 / 138,39.7 / 144
5901,OR,GREEN,F,72,75.8,108.1,137,37.1,38.7,37.1,134,38.7,140,52.9,55.2,37.1 / 134,38.7 / 140
5901,OR,WHITE,F,72,73.3,104.5,133,36.0,37.3,36.0,130,37.3,135,51.3,53.2,36.0 / 130,37.3 / 135
5901,OR,WHITE/RED,F,72,72.4,102.8,129,35.4,37.0,35.4,125,37.0,133,50.1,52.7,35.4 / 125,37.0 / 133
5901,OR,RED,F,72,71.0,100.6,126,34.8,36.2,34.8,122,36.2,129,49.2,51.4,34.8 / 122,36.2 / 129
5901,OR,SILVER,F,72,69.7,98.5,123,34.3,35.4,34.3,119,35.4,126,48.3,50.2,34.3 / 119,35.4 / 126
5901,OR,SILVER (TEMP),F,72,69.5,98.3,123,34.3,35.2,34.3,119,35.2,126,48.3,50.0,34.3 / 119,35.2 / 126
5901,OR,GOLD,F,72,68.4,96.1,118,33.7,34.7,33.7,118,34.7,117,47.6,48.5,33.7 / 118,34.7 / 117
5901,OR,GOLD (Temp),F,72,68.2,95.8,117,33.7,34.5,33.7,118,34.5,116,47.6,48.2,33.7 / 118,34.5 / 116
23685,OR,BLUE,M,68,64.0,83.2,103,32.0,32.0,32.0,103,32.0,103,41.6,41.6,32.0 / 103,32.0 / 103
23685,OR,BLUE/WHITE,M,68,63.7,82.4,101,32.0,31.7,32.0,103,31.7,98,41.6,40.8,32.0 / 103,31.7 / 98
23685,OR,WHITE,M,68,63.4,81.6,98,31.7,31.7,31.7,98,31.7,98,40.8,40.8,31.7 / 98,31.7 / 98
23685,OR,GOLD,M,64,61.0,78.4,94,30.5,30.5,30.5,94,30.5,94,39.2,39.2,30.5 / 94,30.5 / 94
23685,OR,GOLD/RED,M,64,60.7,78.1,94,30.5,30.2,30.5,94,30.2,94,39.2,38.9,30.5 / 94,30.2 / 94
23685,OR,RED,M,64,60.4,77.8,94,30.2,30.2,30.2,94,30.2,94,38.9,38.9,30.2 / 94,30.2 / 94
23685,OR,BLUE,F,70,68.0,94.6,113,34.0,34.0,34.0,113,34.0,113,47.3,47.3,34.0 / 113,34.0 / 113
23685,OR,BLUE/WHITE,F,70,67.4,93.8,112,34.0,33.4,34.0,113,33.4,111,47.3,46.5,34.0 / 113,33.4 / 111
23685,OR,WHITE,F,70,66.8,93.0,111,33.4,33.4,33.4,111,33.4,111,46.5,46.5,33.4 / 111,33.4 / 111
23685,OR,GOLD,F,68,62.2,85.2,98,31.1,31.1,31.1,98,31.1,98,42.6,42.6,31.1 / 98,31.1 / 98
23685,OR,GOLD/RED,F,68,61.8,84.4,96,31.1,30.7,31.1,98,30.7,94,42.6,41.8,31.1 / 98,30.7 / 94
23685,OR,RED,F,68,61.4,83.6,94,30.7,30.7,30.7,94,30.7,94,41.8,41.8,30.7 / 94,30.7 / 94
5811,OR,ONE,M,72,72.0,95.8,128,37.3,34.7,37.3,138,34.7,118,50.1,45.7,37.3 / 138,34.7 / 118
5811,OR,ONE/TWO,M,72,71.4,94.7,126,37.0,34.4,37.0,135,34.4,116,49.5,45.2,37.0 / 135,34.4 / 116
5811,OR,TWO,M,72,70.6,93.5,123,36.4,34.2,36.4,132,34.2,114,48.7,44.8,36.4 / 132,34.2 / 114
5811,OR,TWO/THREE,M,72,68.7,90.8,119,35.3,33.4,35.3,124,33.4,114,46.8,44.0,35.3 / 124,33.4 / 114
5811,OR,THREE,M,72,67.8,89.5,117,34.6,33.2,34.6,122,33.2,112,45.9,43.6,34.6 / 122,33.2 / 112
5811,OR,THREE/FOUR,M,72,66.0,86.9,112,33.7,32.3,33.7,119,32.3,105,44.8,42.1,33.7 / 119,32.3 / 105
5811,OR,FOUR,M,72,64.9,85.7,112,33.3,31.6,33.3,119,31.6,104,44.4,41.3,33.3 / 119,31.6 / 104
5811,OR,TWO/THREE,F,73,74.0,104.1,128,38.0,36.0,38.0,137,36.0,119,54.1,50.0,38.0 / 137,36.0 / 119
5811,OR,THREE,F,72,73.0,102.7,126,37.3,35.7,37.3,133,35.7,119,53.0,49.7,37.3 / 133,35.7 / 119
5811,OR,THREE/FOUR,F,72,71.1,99.4,120,36.5,34.6,36.5,128,34.6,112,51.6,47.8,36.5 / 128,34.6 / 112
5811,OR,FOUR,F,72,69.7,97.8,119,35.9,33.8,35.9,128,33.8,110,51.0,46.8,35.9 / 128,33.8 / 110
5786,OR,BLUE,M,70,69.6,91.4,117,34.8,34.8,34.8,117,34.8,117,45.7,45.7,34.8 / 117,34.8 / 117
5786,OR,WHITE/BLUE,M,71,69.6,91.5,118,34.8,34.8,34.8,118,34.8,117,45.8,45.7,34.8 / 118,34.8 / 117
5786,OR,WHITE,M,72,69.6,91.6,118,34.8,34.8,34.8,118,34.8,118,45.8,45.8,34.8 / 118,34.8 / 118
5786,OR,RED,M,70,67.2,87.8,111,33.6,33.6,33.6,111,33.6,111,43.9,43.9,33.6 / 111,33.6 / 111
5786,OR,WHITE/BLUE,F,76,75.2,105.2,127,37.6,37.6,37.6,128,37.6,126,52.7,52.5,37.6 / 128,37.6 / 126
5786,OR,RED/BLUE,F,75,73.9,103.0,123,36.3,37.6,36.3,120,37.6,126,50.5,52.5,36.3 / 120,37.6 / 126
5786,OR,RED,F,74,72.6,101.0,120,36.3,36.3,36.3,120,36.3,120,50.5,50.5,36.3 / 120,36.3 / 120
5849,OR,HUDSON,M,72,74.7,100.9,141,36.0,38.7,36.0,135,38.7,147,48.5,52.4,36.0 / 135,38.7 / 147
5849,OR,HUDSON/BLACK,M,72,73.2,99.0,139,35.5,37.7,35.5,132,37.7,145,47.8,51.2,35.5 / 132,37.7 / 145
5849,OR,HUDSON/BLUE,M,72,72.0,97.4,137,35.1,36.9,35.1,130,36.9,143,47.2,50.2,35.1 / 130,36.9 / 143
5849,OR,BLUE,M,72,70.9,96.4,137,34.5,36.4,34.5,131,36.4,143,46.7,49.7,34.5 / 131,36.4 / 143
5849,OR,BLUE/WHITE,M,72,69.5,94.2,133,34.1,35.4,34.1,128,35.4,138,46.0,48.2,34.1 / 128,35.4 / 138
5849,OR,WHITE,M,72,68.3,91.8,127,33.6,34.7,33.6,122,34.7,131,44.9,46.9,33.6 / 122,34.7 / 131
5849,OR,WHITE/GREEN,M,72,66.9,89.9,124,33.1,33.8,33.1,119,33.8,128,44.2,45.7,33.1 / 119,33.8 / 128
5849,OR,GREEN,M,72,64.5,86.7,120,31.7,32.8,31.7,117,32.8,122,42.6,44.1,31.7 / 117,32.8 / 122
5849,OR,GREEN/GOLD,M,72,63.3,84.6,115,31.3,32.0,31.3,111,32.0,118,41.6,43.0,31.3 / 111,32.0 / 118
5849,OR,HUDSON,F,74,81.3,117.0,151,39.4,41.9,39.4,147,41.9,155,56.7,60.3,39.4 / 147,41.9 / 155
5849,OR,HUDSON/BLACK,F,73,79.1,113.2,145,38.5,40.6,38.5,142,40.6,147,55.3,57.9,38.5 / 142,40.6 / 147
5849,OR,HUDSON/BLUE,F,73,78.3,112.4,145,38.2,40.1,38.2,143,40.1,146,55.1,57.3,38.2 / 143,40.1 / 146
5849,OR,BLUE,F,73,77.2,110.5,141,37.6,39.6,37.6,139,39.6,143,54.0,56.5,37.6 / 139,39.6 / 143
5849,OR,BLUE/WHITE,F,73,75.6,108.0,138,37.1,38.5,37.1,137,38.5,138,53.2,54.8,37.1 / 137,38.5 / 138
5849,OR,WHITE,F,73,74.4,106.3,136,36.7,37.7,36.7,135,37.7,136,52.6,53.7,36.7 / 135,37.7 / 136
5849,OR,WHITE/GREEN,F,73,72.6,103.2,130,35.9,36.7,35.9,129,36.7,131,51.1,52.1,35.9 / 129,36.7 / 131
5849,OR,GREEN,F,73,69.9,98.6,122,34.6,35.3,34.6,120,35.3,124,48.7,49.9,34.6 / 120,35.3 / 124
5849,OR,GREEN/GOLD,F,73,68.3,96.3,119,33.6,34.7,33.6,115,34.7,122,47.2,49.1,33.6 / 115,34.7 / 122
5898,OR,WHITE/YELLOW,M,65,63.9,85.3,115,31.9,32.0,31.9,113,32.0,117,42.4,42.9,31.9 / 113,32.0 / 117
5898,OR,COMBO TEES,M,65,62.8,83.3,111,31.3,31.5,31.3,107,31.5,114,41.2,42.1,31.3 / 107,31.5 / 114
5898,OR,RED/BLUE,M,65,61.8,81.9,108,30.8,31.0,30.8,105,31.0,111,40.6,41.3,30.8 / 105,31.0 / 111
5898,OR,WHITE/YELLOW,F,66,68.5,98.1,126,34.2,34.3,34.2,121,34.3,130,48.5,49.6,34.2 / 121,34.3 / 130
5898,OR,COMBO TEES,F,66,66.7,95.0,120,33.2,33.5,33.2,119,33.5,121,47.2,47.8,33.2 / 119,33.5 / 121
5898,OR,RED/BLUE,F,65,64.7,92.1,117,32.4,32.3,32.4,113,32.3,120,45.7,46.4,32.4 / 113,32.3 / 120
5780,OR,TIPS,M,72,75.1,101.6,143,37.8,37.3,37.8,144,37.3,141,51.2,50.4,37.8 / 144,37.3 / 141
5780,OR,BLACK,M,72,72.8,98.6,139,36.7,36.1,36.7,142,36.1,136,49.9,48.7,36.7 / 142,36.1 / 136
5780,OR,BLACK/RUST,M,72,71.0,96.6,138,35.9,35.1,35.9,141,35.1,135,49.0,47.6,35.9 / 141,35.1 / 135
5780,OR,RUST,M,72,70.3,95.5,136,35.5,34.8,35.5,140,34.8,131,48.5,47.0,35.5 / 140,34.8 / 131
5780,OR,RUST/GOLD,M,72,68.7,93.0,131,34.3,34.4,34.3,132,34.4,129,46.6,46.4,34.3 / 132,34.4 / 129
5780,OR,GOLD,M,72,67.7,91.3,127,34.0,33.7,34.0,129,33.7,125,46.0,45.3,34.0 / 129,33.7 / 125
5780,OR,GOLD/SILVER,M,71,65.6,88.4,123,32.3,33.3,32.3,124,33.3,122,43.8,44.6,32.3 / 124,33.3 / 122
5780,OR,SILVER,M,69,63.8,86.2,121,31.9,31.9,31.9,123,31.9,118,43.3,42.9,31.9 / 123,31.9 / 118
5780,OR,RUST,F,74,76.8,110.7,144,38.7,38.1,38.7,154,38.1,133,56.9,53.8,38.7 / 154,38.1 / 133
5780,OR,GOLD,F,72,73.2,106.5,142,36.9,36.3,36.9,148,36.3,135,54.3,52.2,36.9 / 148,36.3 / 135
5780,OR,GOLD/SILVER,F,72,70.8,101.8,132,35.1,35.7,35.1,131,35.7,132,50.5,51.3,35.1 / 131,35.7 / 132
5780,OR,SILVER,F,72,68.8,98.4,126,34.5,34.3,34.5,126,34.3,125,49.4,49.0,34.5 / 126,34.3 / 125
5779,OR,TIPS,M,72,75.9,105.9,155,38.0,37.9,38.0,155,37.9,155,52.5,53.4,38.0 / 155,37.9 / 155
5779,OR,BLACK,M,72,74.3,103.4,154,37.2,37.1,37.2,152,37.1,155,51.3,52.1,37.2 / 152,37.1 / 155
5779,OR,BLACK/RUST,M,72,72.4,100.0,149,36.4,36.0,36.4,146,36.0,151,50.0,50.0,36.4 / 146,36.0 / 151
5779,OR,RUST,M,72,71.4,98.2,144,36.0,35.4,36.0,142,35.4,146,49.2,49.0,36.0 / 142,35.4 / 146
5779,OR,RUST/GOLD,M,72,70.2,96.5,141,35.4,34.8,35.4,141,34.8,141,48.6,47.9,35.4 / 141,34.8 / 141
5779,OR,GOLD old,M,72,68.4,92.8,131,34.2,34.2,34.2,131,34.2,131,46.4,46.4,34.2 / 131,34.2 / 131
5779,OR,GOLD/SILVER,M,72,66.5,91.0,130,33.0,33.5,33.0,129,33.5,131,45.0,45.8,33.0 / 129,33.5 / 131
5779,OR,SILVER,M,72,65.6,89.1,127,32.9,32.7,32.9,126,32.7,127,44.6,44.5,32.9 / 126,32.7 / 127
5779,OR,RUST,F,72,78.5,114.5,153,39.5,39.0,39.5,150,39.0,155,57.2,57.3,39.5 / 150,39.0 / 155
5779,OR,RUST/GOLD,F,72,76.8,112.6,152,38.9,37.9,38.9,148,37.9,155,56.4,56.2,38.9 / 148,37.9 / 155
5779,OR,GOLD,F,72,73.9,108.5,146,37.0,36.9,37.0,139,36.9,153,53.4,55.1,37.0 / 139,36.9 / 153
5779,OR,GOLD/SILVER,F,72,72.1,104.1,135,35.7,36.4,35.7,127,36.4,143,50.7,53.4,35.7 / 127,36.4 / 143
5779,OR,SILVER,F,72,71.0,101.6,130,35.3,35.7,35.3,126,35.7,134,50.1,51.5,35.3 / 126,35.7 / 134
5813,OR,IV,M,71,74.3,101.0,144,38.4,35.9,38.4,153,35.9,135,52.6,48.4,38.4 / 153,35.9 / 135
5813,OR,III+,M,71,73.0,98.9,140,37.5,35.5,37.5,151,35.5,128,51.5,47.4,37.5 / 151,35.5 / 128
5813,OR,III,M,71,72.0,97.4,137,36.9,35.1,36.9,145,35.1,128,50.4,47.0,36.9 / 145,35.1 / 128
5813,OR,II+,M,71,70.6,95.7,135,35.9,34.7,35.9,142,34.7,128,49.1,46.6,35.9 / 142,34.7 / 128
5813,OR,II,M,71,69.4,94.1,133,35.6,33.8,35.6,139,33.8,127,48.5,45.6,35.6 / 139,33.8 / 127
5813,OR,I+,M,71,67.6,90.2,122,34.5,33.1,34.5,125,33.1,118,46.1,44.1,34.5 / 125,33.1 / 118
5813,OR,I,M,71,66.5,89.1,122,34.1,32.4,34.1,125,32.4,118,45.7,43.4,34.1 / 125,32.4 / 118
5813,OR,II+,F,71,76.8,111.1,146,39.2,37.6,39.2,149,37.6,142,56.8,54.3,39.2 / 149,37.6 / 142
5813,OR,II,F,71,75.6,109.1,142,38.9,36.7,38.9,147,36.7,137,56.2,52.9,38.9 / 147,36.7 / 137
5813,OR,I+,F,71,72.8,104.0,133,37.1,35.7,37.1,135,35.7,130,53.0,51.0,37.1 / 135,35.7 / 130
5813,OR,I,F,71,70.9,101.3,129,36.5,34.4,36.5,133,34.4,125,52.2,49.1,36.5 / 133,34.4 / 125
5938,OR,IV,M,72,75.5,102.5,145,38.5,37.0,38.5,145,37.0,145,52.0,50.5,38.5 / 145,37.0 / 145
5938,OR,III+,M,72,74.2,101.0,144,37.6,36.6,37.6,143,36.6,145,50.9,50.1,37.6 / 143,36.6 / 145
5938,OR,III,M,72,73.0,99.2,142,37.1,35.8,37.1,141,35.8,143,50.2,49.1,37.1 / 141,35.8 / 143
5938,OR,II+,M,72,71.3,97.4,141,36.2,35.1,36.2,141,35.1,140,49.3,48.1,36.2 / 141,35.1 / 140
5938,OR,II,M,72,70.3,96.2,140,35.9,34.4,35.9,140,34.4,139,48.9,47.3,35.9 / 140,34.4 / 139
5938,OR,I+,M,72,68.6,93.4,134,35.0,33.6,35.0,139,33.6,128,47.9,45.5,35.0 / 139,33.6 / 128
5938,OR,I,M,72,66.9,91.1,131,34.1,32.8,34.1,137,32.8,124,46.8,44.3,34.1 / 137,32.8 / 124
5938,OR,III,F,73,79.3,114.5,150,40.2,39.1,40.2,146,39.1,153,57.4,57.1,40.2 / 146,39.1 / 153
5938,OR,II+,F,72,77.9,112.6,147,39.4,38.5,39.4,144,38.5,150,56.4,56.2,39.4 / 144,38.5 / 150
5938,OR,II,F,72,76.4,110.5,145,38.7,37.7,38.7,142,37.7,148,55.4,55.1,38.7 / 142,37.7 / 148
5938,OR,I+,F,72,73.5,106.2,139,37.6,35.9,37.6,137,35.9,140,53.8,52.4,37.6 / 137,35.9 / 140
5938,OR,I,F,72,72.0,103.3,133,36.9,35.1,36.9,134,35.1,131,52.7,50.6,36.9 / 134,35.1 / 131
5793,OR,BLUE (new #7),M,68,67.2,89.6,121,33.6,33.6,33.6,121,33.6,121,44.8,44.8,33.6 / 121,33.6 / 121
5793,OR,WHITE/BLUE (#7),M,68,66.5,88.5,119,32.9,33.6,32.9,116,33.6,121,43.7,44.8,32.9 / 116,33.6 / 121
5793,OR,WHITE (New #7),M,68,65.8,87.4,116,32.9,32.9,32.9,116,32.9,116,43.7,43.7,32.9 / 116,32.9 / 116
5793,OR,WHITE/GOLD (New #7),M,66,64.5,85.4,113,32.9,31.6,32.9,116,31.6,109,43.7,41.7,32.9 / 116,31.6 / 109
5793,OR,GOLD (New #7),M,68,63.2,83.4,109,31.6,31.6,31.6,109,31.6,109,41.7,41.7,31.6 / 109,31.6 / 109
5793,OR,RED (New #7),M,68,62.4,82.4,108,31.2,31.2,31.2,108,31.2,108,41.2,41.2,31.2 / 108,31.2 / 108
5793,OR,WHITE/BLUE (New #7),F,68,72.1,101.8,126,36.4,35.7,36.4,127,35.7,125,51.4,50.4,36.4 / 127,35.7 / 125
5793,OR,WHITE/GOLD (New #7),F,68,69.3,97.6,120,35.7,33.6,35.7,125,33.6,115,50.4,47.2,35.7 / 125,33.6 / 115
5793,OR,GOLD (New #7),F,68,67.2,94.4,115,33.6,33.6,33.6,115,33.6,115,47.2,47.2,33.6 / 115,33.6 / 115
5793,OR,RED/GOLD (New #7),F,68,66.4,93.6,115,32.8,33.6,32.8,115,33.6,115,46.4,47.2,32.8 / 115,33.6 / 115
5793,OR,RED (New #7),F,68,65.6,92.8,115,32.8,32.8,32.8,115,32.8,115,46.4,46.4,32.8 / 115,32.8 / 115
5778,OR,BLUE,M,70,69.0,91.5,121,34.2,34.8,34.2,119,34.8,123,45.3,46.2,34.2 / 119,34.8 / 123
5778,OR,WHITE,M,70,67.6,89.7,119,33.6,34.0,33.6,117,34.0,121,44.5,45.2,33.6 / 117,34.0 / 121
5778,OR,YELLOW,M,70,64.3,85.2,113,31.9,32.4,31.9,110,32.4,115,42.1,43.1,31.9 / 110,32.4 / 115
5778,OR,RED,M,68,61.8,80.9,103,30.8,31.0,30.8,102,31.0,103,40.3,40.6,30.8 / 102,31.0 / 103
5778,OR,WHITE,F,72,73.7,104.6,132,36.5,37.2,36.5,126,37.2,137,51.3,53.3,36.5 / 126,37.2 / 137
5778,OR,YELLOW,F,72,69.2,97.8,122,34.1,35.1,34.1,120,35.1,123,48.2,49.6,34.1 / 120,35.1 / 123
5778,OR,RED,F,70,65.8,93.2,116,32.5,33.3,32.5,112,33.3,120,45.7,47.5,32.5 / 112,33.3 / 120
5801,OR,BLUE,M,72,73.0,98.5,137,36.6,36.4,36.6,131,36.4,143,48.8,49.7,36.6 / 131,36.4 / 143
5801,OR,WHITE,M,72,70.6,94.0,126,35.5,35.1,35.5,126,35.1,126,47.2,46.8,35.5 / 126,35.1 / 126
5801,OR,WHITE/GOLD,M,72,69.5,92.7,125,34.8,34.7,34.8,126,34.7,124,46.5,46.2,34.8 / 126,34.7 / 124
5801,OR,GOLD,M,72,68.9,91.6,123,34.5,34.4,34.5,124,34.4,121,46.0,45.6,34.5 / 124,34.4 / 121
5801,OR,RED,M,72,65.9,87.3,115,33.4,32.5,33.4,118,32.5,112,44.4,42.9,33.4 / 118,32.5 / 112
5801,OR,BLUE,F,74,79.6,115.6,153,40.1,39.5,40.1,152,39.5,153,58.0,57.6,40.1 / 152,39.5 / 153
5801,OR,WHITE,F,73,76.4,110.7,146,38.8,37.6,38.8,146,37.6,145,56.0,54.7,38.8 / 146,37.6 / 145
5801,OR,GOLD,F,72,74.6,108.0,142,37.8,36.8,37.8,142,36.8,141,54.6,53.4,37.8 / 142,36.8 / 141
5801,OR,RED,F,72,71.2,101.1,127,36.1,35.1,36.1,131,35.1,122,51.6,49.5,36.1 / 131,35.1 / 122
5932,OR,BLACK,M,72,74.7,99.9,136,37.0,37.7,37.0,138,37.7,133,49.8,50.1,37.0 / 138,37.7 / 133
5932,OR,BLACK/BLUE,M,72,73.9,98.5,133,36.7,37.2,36.7,135,37.2,130,49.2,49.3,36.7 / 135,37.2 / 130
5932,OR,BLUE,M,72,72.9,97.0,130,35.9,37.0,35.9,133,37.0,126,48.3,48.7,35.9 / 133,37.0 / 126
5932,OR,BLUE/WHITE,M,72,71.7,95.5,128,35.3,36.4,35.3,131,36.4,125,47.5,48.0,35.3 / 131,36.4 / 125
5932,OR,Red/White/Blue,M,72,71.1,94.1,124,34.3,36.8,34.3,121,36.8,127,45.5,48.6,34.3 / 121,36.8 / 127
5932,OR,WHITE,M,72,70.9,93.8,124,35.0,35.9,35.0,124,35.9,123,46.5,47.3,35.0 / 124,35.9 / 123
5932,OR,Blue/White/Red,M,72,70.2,93.2,124,35.8,34.4,35.8,128,34.4,119,47.7,45.5,35.8 / 128,34.4 / 119
5932,OR,WHITE/RED,M,72,68.8,91.0,120,34.2,34.6,34.2,121,34.6,118,45.4,45.6,34.2 / 121,34.6 / 118
5932,OR,RED,M,71,67.0,89.1,119,33.3,33.7,33.3,123,33.7,115,44.7,44.4,33.3 / 123,33.7 / 115
5932,OR,WHITE/RED/GOLD,M,71,65.4,86.7,115,32.4,33.0,32.4,116,33.0,113,43.2,43.5,32.4 / 116,33.0 / 113
5932,OR,RED/GOLD,M,70,63.3,83.7,110,31.2,32.1,31.2,111,32.1,109,41.5,42.2,31.2 / 111,32.1 / 109
5932,OR,YELLOW,M,69,61.5,80.6,103,30.3,31.2,30.3,101,31.2,104,39.7,40.9,30.3 / 101,31.2 / 104
5932,OR,GREEN,M,68,57.2,73.8,89,28.4,28.8,28.4,89,28.8,89,36.7,37.1,28.4 / 89,28.8 / 89
5932,OR,BLUE,F,74,79.0,111.5,138,39.0,40.0,39.0,134,40.0,142,54.8,56.7,39.0 / 134,40.0 / 142
5932,OR,Red/White/Blue,F,73,76.8,108.3,134,37.3,39.5,37.3,131,39.5,137,52.7,55.6,37.3 / 131,39.5 / 137
5932,OR,WHITE,F,73,76.6,109.0,138,38.0,38.6,38.0,136,38.6,139,54.0,55.0,38.0 / 136,38.6 / 139
5932,OR,Blue/White/Red,F,72,75.6,107.5,135,38.7,36.9,38.7,137,36.9,133,54.9,52.6,38.7 / 137,36.9 / 133
5932,OR,RED,F,72,72.3,102.1,127,36.1,36.2,36.1,125,36.2,128,50.8,51.3,36.1 / 125,36.2 / 128
5932,OR,RED/YELLOW,F,70,66.8,94.1,116,33.0,33.8,33.0,114,33.8,117,46.5,47.6,33.0 / 114,33.8 / 117
5932,OR,YELLOW,F,70,63.9,89.2,108,31.7,32.2,31.7,106,32.2,109,44.2,45.0,31.7 / 106,32.2 / 109
5932,OR,GREEN,F,68,58.9,81.0,94,29.4,29.5,29.4,92,29.5,95,40.3,40.7,29.4 / 92,29.5 / 95
5836,OR,TOURNAMENT,M,72,71.6,96.2,132,35.8,35.8,35.8,132,35.8,132,48.1,48.1,35.8 / 132,35.8 / 132
5836,OR,BLUE/BLUE,M,72,70.6,94.6,129,35.3,35.3,35.3,129,35.3,129,47.3,47.3,35.3 / 129,35.3 / 129
5836,OR,WHITE/BLUE,M,72,70.1,93.9,128,34.8,35.3,34.8,127,35.3,129,46.6,47.3,34.8 / 127,35.3 / 129
5836,OR,WHITE/WHITE,M,72,69.6,93.2,127,34.8,34.8,34.8,127,34.8,127,46.6,46.6,34.8 / 127,34.8 / 127
5836,OR,YELLOW/WHITE,M,72,67.9,89.9,119,33.1,34.8,33.1,110,34.8,127,43.3,46.6,33.1 / 110,34.8 / 127
5836,OR,YELLOW/YELLOW,M,72,66.2,86.6,110,33.1,33.1,33.1,110,33.1,110,43.3,43.3,33.1 / 110,33.1 / 110
5836,OR,RED/YELLOW,M,72,66.0,86.3,110,32.9,33.1,32.9,109,33.1,110,43.0,43.3,32.9 / 109,33.1 / 110
5836,OR,RED/RED,M,72,65.8,86.0,109,32.9,32.9,32.9,109,32.9,109,43.0,43.0,32.9 / 109,32.9 / 109
5836,OR,WHITE/BLUE,F,72,75.7,106.5,131,37.2,38.5,37.2,129,38.5,132,52.4,54.1,37.2 / 129,38.5 / 132
5836,OR,YELLOW/WHITE,F,72,72.7,102.4,126,35.5,37.2,35.5,123,37.2,129,50.0,52.4,35.5 / 123,37.2 / 129
5836,OR,YELLOW/YELLOW,F,72,71.0,99.6,121,35.5,35.5,35.5,123,35.5,123,50.0,50.0,35.5 / 123,35.5 / 123
5836,OR,RED/YELLOW,F,72,70.9,99.7,122,35.4,35.5,35.4,121,35.5,123,49.7,50.0,35.4 / 121,35.5 / 123
5836,OR,RED/RED,F,72,70.8,99.4,121,35.4,35.4,35.4,121,35.4,121,49.7,49.7,35.4 / 121,35.4 / 121
5909,OR,BLACK 25,M,72,72.8,99.0,141,35.6,37.2,35.6,140,37.2,142,48.6,50.4,35.6 / 140,37.2 / 142
5909,OR,EDGE COMBO,M,72,71.7,97.3,138,35.0,36.7,35.0,138,36.7,138,47.8,49.5,35.0 / 138,36.7 / 138
5909,OR,WHITE 25,M,72,70.7,96.0,137,34.4,36.3,34.4,136,36.3,137,47.0,49.0,34.4 / 136,36.3 / 137
5909,OR,RIVER COMBO,M,72,68.3,92.2,129,33.3,35.0,33.3,127,35.0,130,45.1,47.1,33.3 / 127,35.0 / 130
5909,OR,RED 25,M,72,66.0,88.0,118,32.8,33.2,32.8,119,33.2,117,43.9,44.1,32.8 / 119,33.2 / 117
5909,OR,WHITE 25,F,73,75.9,110.2,146,36.5,39.4,36.5,138,39.4,153,52.8,57.4,36.5 / 138,39.4 / 153
5909,OR,RIVER COMBO,F,73,73.4,106.0,138,35.6,37.8,35.6,137,37.8,139,51.8,54.2,35.6 / 137,37.8 / 139
5909,OR,RED 25,F,73,70.6,102.1,134,35.1,35.5,35.1,136,35.5,131,51.1,51.0,35.1 / 136,35.5 / 131
5897,OR,BLACK,M,72,73.1,98.2,136,36.9,36.2,36.9,135,36.2,136,49.4,48.8,36.9 / 135,36.2 / 136
5897,OR,BLACK/BLUE,M,72,72.5,97.3,134,36.5,36.0,36.5,132,36.0,135,48.8,48.5,36.5 / 132,36.0 / 135
5897,OR,BLUE,M,72,72.0,96.7,133,36.2,35.8,36.2,132,35.8,133,48.5,48.2,36.2 / 132,35.8 / 133
5897,OR,BLUE/WHITE,M,72,70.9,95.3,131,35.7,35.2,35.7,132,35.2,130,48.0,47.3,35.7 / 132,35.2 / 130
5897,OR,WHITE,M,72,70.4,94.6,130,35.5,34.9,35.5,131,34.9,129,47.7,46.9,35.5 / 131,34.9 / 129
5897,OR,WHITE/GOLD,M,72,68.8,92.3,127,34.5,34.3,34.5,129,34.3,124,46.5,45.8,34.5 / 129,34.3 / 124
5897,OR,GOLD,M,72,67.9,90.8,124,33.7,34.2,33.7,126,34.2,121,45.4,45.4,33.7 / 126,34.2 / 121
5897,OR,GOLD/SILVER,M,72,67.2,89.6,121,33.3,33.9,33.3,123,33.9,118,44.7,44.9,33.3 / 123,33.9 / 118
5897,OR,SILVER,M,72,66.0,87.8,117,33.1,32.9,33.1,118,32.9,116,44.1,43.7,33.1 / 118,32.9 / 116
5897,OR,FAMILY,M,68,58.6,76.2,95,29.3,29.3,29.3,95,29.3,95,38.1,38.1,29.3 / 95,29.3 / 95
5897,OR,BLUE,F,72,77.7,110.4,139,39.4,38.3,39.4,141,38.3,137,56.0,54.4,39.4 / 141,38.3 / 137
5897,OR,BLUE/WHITE,F,72,77.0,109.4,138,39.1,37.9,39.1,139,37.9,136,55.5,53.9,39.1 / 139,37.9 / 136
5897,OR,WHITE,F,72,76.6,108.8,137,38.8,37.8,38.8,137,37.8,136,55.0,53.8,38.8 / 137,37.8 / 136
5897,OR,WHITE/GOLD,F,72,74.5,105.0,130,37.6,36.9,37.6,130,36.9,129,52.9,52.1,37.6 / 130,36.9 / 129
5897,OR,GOLD,F,72,72.9,102.4,125,36.8,36.3,36.8,127,36.3,125,51.8,51.0,36.8 / 127,36.3 / 125
5897,OR,GOLD/SILVER,F,72,71.9,100.9,123,36.2,35.7,36.2,124,35.7,122,50.8,50.1,36.2 / 124,35.7 / 122
5897,OR,SILVER,F,72,71.1,99.9,122,35.8,35.3,35.8,123,35.3,121,50.3,49.6,35.8 / 123,35.3 / 121
5897,OR,FAMILY,F,68,60.8,84.4,100,30.4,30.4,30.4,100,30.4,100,42.2,42.2,30.4 / 100,30.4 / 100
5886,OR,BLUE,M,72,72.5,96.8,131,35.8,36.7,35.8,128,36.7,133,47.7,49.1,35.8 / 128,36.7 / 133
5886,OR,Blue/White Combo,M,72,71.2,95.0,128,35.4,35.8,35.4,127,35.8,129,47.2,47.8,35.4 / 127,35.8 / 129
5886,OR,WHITE,M,72,70.8,94.1,126,35.1,35.7,35.1,125,35.7,126,46.7,47.4,35.1 / 125,35.7 / 126
5886,OR,White/Orange Combo,M,72,68.9,91.5,122,34.3,34.6,34.3,119,34.6,124,45.4,46.1,34.3 / 119,34.6 / 124
5886,OR,ORANGE,M,72,66.8,88.4,116,33.3,33.4,33.3,117,33.4,115,44.2,44.1,33.3 / 117,33.4 / 115
5886,OR,ORANGE/YELLOW,M,72,64.6,85.3,112,32.7,31.9,32.7,114,31.9,109,43.3,42.0,32.7 / 114,31.9 / 109
5886,OR,YELLOW,M,72,62.6,82.7,109,31.3,31.3,31.3,109,31.3,108,41.4,41.3,31.3 / 109,31.3 / 108
5886,OR,Golden Creek,M,68,60.9,79.3,99,30.4,30.5,30.4,98,30.5,100,39.5,39.8,30.4 / 98,30.5 / 100
5886,OR,BLUE,F,72,78.7,111.2,138,38.4,40.3,38.4,132,40.3,143,54.0,57.2,38.4 / 132,40.3 / 143
5886,OR,Blue/White Combo,F,73,77.4,109.1,135,38.1,39.3,38.1,130,39.3,139,53.4,55.7,38.1 / 130,39.3 / 139
5886,OR,WHITE,F,73,76.7,108.4,135,37.6,39.1,37.6,130,39.1,139,52.9,55.5,37.6 / 130,39.1 / 139
5886,OR,White/Orange Combo,F,72,74.5,104.7,128,36.7,37.8,36.7,125,37.8,131,51.4,53.3,36.7 / 125,37.8 / 131
5886,OR,ORANGE,F,72,72.0,101.1,124,36.0,36.0,36.0,122,36.0,125,50.4,50.7,36.0 / 122,36.0 / 125
5886,OR,ORANGE/YELLOW,F,72,69.4,97.1,118,35.1,34.3,35.1,118,34.3,117,49.0,48.1,35.1 / 118,34.3 / 117
5886,OR,YELLOW,F,72,66.8,93.2,112,33.4,33.4,33.4,110,33.4,114,46.4,46.8,33.4 / 110,33.4 / 114
5886,OR,Golden Creek,F,68,63.4,86.7,99,31.2,32.2,31.2,98,32.2,100,42.7,44.0,31.2 / 98,32.2 / 100
5905,OR,Black,M,72,72.9,97.6,133,36.9,36.0,36.9,137,36.0,129,49.6,48.0,36.9 / 137,36.0 / 129
5905,OR,Gold,M,72,71.6,96.7,135,36.1,35.5,36.1,140,35.5,130,49.1,47.6,36.1 / 140,35.5 / 130
5905,OR,Gold/Blue,M,72,70.5,95.1,133,35.7,34.8,35.7,139,34.8,126,48.6,46.5,35.7 / 139,34.8 / 126
5905,OR,Blue,M,72,69.9,94.1,131,35.4,34.5,35.4,135,34.5,126,47.9,46.2,35.4 / 135,34.5 / 126
5905,OR,Blue/White,M,72,68.4,91.9,127,34.4,34.0,34.4,130,34.0,123,46.5,45.4,34.4 / 130,34.0 / 123
5905,OR,White,M,72,67.2,89.9,123,33.6,33.6,33.6,121,33.6,124,44.8,45.1,33.6 / 121,33.6 / 124
5905,OR,White/Red,M,72,63.6,84.6,113,32.0,31.6,32.0,113,31.6,114,42.5,42.2,32.0 / 113,31.6 / 114
5905,OR,Red,M,72,62.5,82.9,110,31.3,31.2,31.3,109,31.2,111,41.4,41.5,31.3 / 109,31.2 / 111
5905,OR,Blue,F,73,76.2,107.7,134,38.7,37.5,38.7,137,37.5,131,54.8,52.9,38.7 / 137,37.5 / 131
5905,OR,White,F,73,72.6,102.0,125,36.4,36.2,36.4,127,36.2,122,51.4,50.6,36.4 / 127,36.2 / 122
5905,OR,White/Red,F,72,68.4,96.7,120,34.8,33.6,34.8,122,33.6,118,49.2,47.5,34.8 / 122,33.6 / 118
5905,OR,Red,F,72,66.1,93.9,118,33.2,32.9,33.2,121,32.9,114,47.5,46.4,33.2 / 121,32.9 / 114
14924,OR,Black,M,71,72.4,97.0,133,36.4,36.0,36.4,136,36.0,129,49.0,48.0,36.4 / 136,36.0 / 129
14924,OR,Gold,M,71,70.9,95.0,130,35.4,35.5,35.4,129,35.5,130,47.4,47.6,35.4 / 129,35.5 / 130
14924,OR,Blue,M,71,69.1,92.4,126,34.6,34.5,34.6,125,34.5,126,46.2,46.2,34.6 / 125,34.5 / 126
14924,OR,White,M,71,66.5,88.8,120,32.9,33.6,32.9,116,33.6,124,43.7,45.1,32.9 / 116,33.6 / 124
14924,OR,Red,M,71,62.3,82.1,108,31.1,31.2,31.1,105,31.2,111,40.9,41.5,31.1 / 105,31.2 / 111
14924,OR,Blue,F,73,75.5,106.7,133,38.0,37.5,38.0,134,37.5,131,53.8,52.9,38.0 / 134,37.5 / 131
14924,OR,White,F,73,72.1,101.4,124,35.9,36.2,35.9,126,36.2,122,50.8,50.6,35.9 / 126,36.2 / 122
14924,OR,Red,F,71,65.8,93.3,117,32.9,32.9,32.9,119,32.9,114,46.9,46.4,32.9 / 119,32.9 / 114
14925,OR,Black,M,70,71.4,96.4,135,35.7,35.7,35.7,135,35.7,135,48.2,48.2,35.7 / 135,35.7 / 135
14925,OR,Gold,M,70,69.6,92.6,124,34.8,34.8,34.8,124,34.8,124,46.3,46.3,34.8 / 124,34.8 / 124
14925,OR,Blue,M,70,67.2,89.6,121,33.6,33.6,33.6,121,33.6,121,44.8,44.8,33.6 / 121,33.6 / 121
14925,OR,White,M,70,64.6,86.0,115,32.3,32.3,32.3,115,32.3,115,43.0,43.0,32.3 / 115,32.3 / 115
14925,OR,Red,M,70,62.4,83.2,112,31.2,31.2,31.2,112,31.2,112,41.6,41.6,31.2 / 112,31.2 / 112
14925,OR,Blue,F,72,73.0,105.4,137,36.5,36.5,36.5,137,36.5,137,52.7,52.7,36.5 / 137,36.5 / 137
14925,OR,White,F,72,69.6,99.0,125,34.8,34.8,34.8,125,34.8,125,49.5,49.5,34.8 / 125,34.8 / 125
14925,OR,Red,F,70,65.2,92.2,114,32.6,32.6,32.6,114,32.6,114,46.1,46.1,32.6 / 114,32.6 / 114
14926,OR,Black,M,70,71.7,96.2,132,35.7,36.0,35.7,135,36.0,129,48.2,48.0,35.7 / 135,36.0 / 129
14926,OR,Gold,M,70,70.3,93.9,127,34.8,35.5,34.8,124,35.5,130,46.3,47.6,34.8 / 124,35.5 / 130
14926,OR,Blue,M,70,68.1,91.0,124,33.6,34.5,33.6,121,34.5,126,44.8,46.2,33.6 / 121,34.5 / 126
14926,OR,White,M,70,65.9,88.1,120,32.3,33.6,32.3,115,33.6,124,43.0,45.1,32.3 / 115,33.6 / 124
14926,OR,Red,M,70,62.0,82.6,111,30.8,31.2,30.8,111,31.2,111,41.1,41.5,30.8 / 111,31.2 / 111
14926,OR,Blue,F,72,74.0,105.6,134,36.5,37.5,36.5,137,37.5,131,52.7,52.9,36.5 / 137,37.5 / 131
14926,OR,White,F,72,71.0,100.1,124,34.8,36.2,34.8,125,36.2,122,49.5,50.6,34.8 / 125,36.2 / 122
14926,OR,Red,F,70,65.5,92.5,114,32.6,32.9,32.6,114,32.9,114,46.1,46.4,32.6 / 114,32.9 / 114
14923,OR,Black,M,70,72.0,96.0,129,36.0,36.0,36.0,129,36.0,129,48.0,48.0,36.0 / 129,36.0 / 129
14923,OR,Gold,M,70,71.0,95.2,130,35.5,35.5,35.5,130,35.5,130,47.6,47.6,35.5 / 130,35.5 / 130
14923,OR,Blue,M,70,69.0,92.4,126,34.5,34.5,34.5,126,34.5,126,46.2,46.2,34.5 / 126,34.5 / 126
14923,OR,White,M,70,67.6,90.6,124,33.6,34.0,33.6,124,34.0,124,45.1,45.5,33.6 / 124,34.0 / 124
14923,OR,Red,M,70,62.4,83.0,111,31.2,31.2,31.2,111,31.2,111,41.5,41.5,31.2 / 111,31.2 / 111
14923,OR,Blue,F,72,75.0,105.8,131,37.5,37.5,37.5,131,37.5,131,52.9,52.9,37.5 / 131,37.5 / 131
14923,OR,White,F,73,72.9,102.2,124,36.2,36.7,36.2,122,36.7,126,50.6,51.6,36.2 / 122,36.7 / 126
14923,OR,Red,F,70,65.8,92.8,114,32.9,32.9,32.9,114,32.9,114,46.4,46.4,32.9 / 114,32.9 / 114
14922,OR,Black,M,72,72.6,97.9,137,36.2,36.4,36.2,137,36.4,136,48.9,49.0,36.2 / 137,36.4 / 136
14922,OR,Gold,M,72,70.9,95.4,132,35.5,35.4,35.5,135,35.4,129,48.0,47.4,35.5 / 135,35.4 / 129
14922,OR,Gold/Blue,M,72,69.9,94.1,130,35.0,34.9,35.0,133,34.9,127,47.4,46.7,35.0 / 133,34.9 / 127
14922,OR,Blue,M,72,69.0,92.8,128,34.4,34.6,34.4,131,34.6,125,46.6,46.2,34.4 / 131,34.6 / 125
14922,OR,Blue/White,M,72,67.2,89.8,122,33.6,33.6,33.6,124,33.6,119,45.1,44.7,33.6 / 124,33.6 / 119
14922,OR,White,M,72,66.0,88.0,119,33.1,32.9,33.1,121,32.9,116,44.3,43.7,33.1 / 121,32.9 / 116
14922,OR,White/Red,M,72,63.1,83.6,111,31.7,31.4,31.7,112,31.4,109,42.1,41.5,31.7 / 112,31.4 / 109
14922,OR,Red,M,72,61.6,81.9,109,30.8,30.8,30.8,114,30.8,104,41.4,40.5,30.8 / 114,30.8 / 104
14922,OR,Blue,F,73,75.3,107.5,137,37.3,38.0,37.3,139,38.0,134,53.7,53.8,37.3 / 139,38.0 / 134
14922,OR,Blue/White,F,73,72.7,103.4,130,36.0,36.7,36.0,132,36.7,128,51.6,51.8,36.0 / 132,36.7 / 128
14922,OR,White,F,73,71.1,101.0,127,35.2,35.9,35.2,127,35.9,126,50.2,50.8,35.2 / 127,35.9 / 126
14922,OR,White/Red,F,72,67.4,95.8,120,33.7,33.7,33.7,120,33.7,120,47.9,47.9,33.7 / 120,33.7 / 120
14922,OR,Red,F,72,65.3,92.6,116,32.9,32.5,32.9,115,32.5,117,46.5,46.3,32.9 / 115,32.5 / 117
5876,OR,Blue Tournament,M,72,71.0,93.2,120,34.9,36.1,34.9,121,36.1,118,46.1,47.1,34.9 / 121,36.1 / 118
5876,OR,BLUE,M,72,70.9,93.0,119,34.8,36.1,34.8,119,36.1,118,45.9,47.1,34.8 / 119,36.1 / 118
5876,OR,BLUE/WHITE,M,72,69.4,91.0,116,33.9,35.5,33.9,115,35.5,117,44.6,46.4,33.9 / 115,35.5 / 117
5876,OR,WHITE,M,72,68.6,90.1,116,33.5,35.1,33.5,116,35.1,115,44.3,45.8,33.5 / 116,35.1 / 115
5876,OR,WHITE/GREEN,M,72,67.4,88.2,112,32.7,34.7,32.7,113,34.7,111,43.2,45.0,32.7 / 113,34.7 / 111
5876,OR,GREEN,M,72,66.5,86.5,108,32.4,34.1,32.4,111,34.1,104,42.7,43.8,32.4 / 111,34.1 / 104
5876,OR,RED,M,72,62.7,81.8,103,30.4,32.3,30.4,104,32.3,101,40.1,41.7,30.4 / 104,32.3 / 101
5876,OR,GOLD,M,68,62.1,80.6,100,30.6,31.5,30.6,100,31.5,99,39.9,40.7,30.6 / 100,31.5 / 99
5876,OR,WHITE,F,73,74.5,102.8,120,36.4,38.1,36.4,119,38.1,121,50.4,52.4,36.4 / 119,38.1 / 121
5876,OR,GREEN,F,73,71.4,98.3,114,35.0,36.4,35.0,113,36.4,115,48.3,50.0,35.0 / 113,36.4 / 115
5876,OR,GREEN/GOLD,F,73,70.1,96.3,111,35.2,34.9,35.2,112,34.9,110,48.4,47.9,35.2 / 112,34.9 / 110
5876,OR,RED,F,72,66.4,91.9,109,32.0,34.4,32.0,108,34.4,109,44.7,47.2,32.0 / 108,34.4 / 109
5876,OR,GOLD,F,72,65.0,89.7,105,31.9,33.1,31.9,107,33.1,103,44.5,45.2,31.9 / 107,33.1 / 103
5908,OR,BLUE,M,72,71.5,97.2,138,36.2,35.3,36.2,143,35.3,133,49.5,47.7,36.2 / 143,35.3 / 133
5908,OR,WHITE,M,72,70.1,93.5,126,35.1,35.0,35.1,128,35.0,124,47.0,46.5,35.1 / 128,35.0 / 124
5908,OR,WHITE/SILVER,M,71,68.2,91.0,123,34.4,33.8,34.4,123,33.8,123,45.8,45.2,34.4 / 123,33.8 / 123
5908,OR,SILVER,M,72,67.5,90.1,122,33.9,33.6,33.9,122,33.6,122,45.2,44.9,33.9 / 122,33.6 / 122
5908,OR,SILVER/GOLD,M,70,64.0,84.8,112,32.5,31.5,32.5,117,31.5,107,43.4,41.4,32.5 / 117,31.5 / 107
5908,OR,GOLD,M,69,62.1,82.3,109,31.5,30.6,31.5,115,30.6,102,42.2,40.1,31.5 / 115,30.6 / 102
5908,OR,WHITE,F,73,75.8,108.1,137,38.3,37.5,38.3,140,37.5,134,54.8,53.3,38.3 / 140,37.5 / 134
5908,OR,WHITE/SILVER,F,71,72.8,103.2,129,36.3,36.5,36.3,126,36.5,131,51.2,52.0,36.3 / 126,36.5 / 131
5908,OR,SILVER,F,72,72.2,102.3,128,35.9,36.3,35.9,125,36.3,131,50.6,51.7,35.9 / 125,36.3 / 131
5908,OR,SILVER/GOLD,F,72,68.1,95.7,117,34.2,33.9,34.2,121,33.9,113,48.5,47.2,34.2 / 121,33.9 / 113
5908,OR,GOLD,F,72,65.4,92.1,114,32.9,32.5,32.9,120,32.5,107,47.0,45.1,32.9 / 120,32.5 / 107
5890,OR,SIGNATURE,M,72,73.3,98.6,137,36.5,36.8,36.5,135,36.8,138,49.0,49.6,36.5 / 135,36.8 / 138
5890,OR,SIGNATURE/GREEN,M,72,72.0,96.8,134,35.8,36.2,35.8,131,36.2,136,48.0,48.8,35.8 / 131,36.2 / 136
5890,OR,GREEN,M,72,70.7,95.1,131,35.0,35.7,35.0,129,35.7,133,47.0,48.1,35.0 / 129,35.7 / 133
5890,OR,GREEN/WHITE,M,72,68.8,92.8,129,33.9,34.9,33.9,127,34.9,131,45.7,47.1,33.9 / 127,34.9 / 131
5890,OR,WHITE,M,72,67.7,91.3,127,33.4,34.3,33.4,124,34.3,130,44.9,46.4,33.4 / 124,34.3 / 130
5890,OR,YELLOW,M,72,64.7,85.6,113,31.9,32.8,31.9,110,32.8,115,42.1,43.5,31.9 / 110,32.8 / 115
5890,OR,UMBRELLA,M,72,62.6,82.8,109,30.8,31.8,30.8,108,31.8,110,40.8,42.0,30.8 / 108,31.8 / 110
5890,OR,WHITE,F,72,73.3,105.2,136,36.0,37.3,36.0,136,37.3,135,52.0,53.2,36.0 / 136,37.3 / 135
5890,OR,YELLOW,F,72,69.9,100.3,129,34.2,35.7,34.2,129,35.7,129,49.4,50.9,34.2 / 129,35.7 / 129
5890,OR,UMBRELLA,F,72,67.1,96.6,126,32.7,34.4,32.7,125,34.4,126,47.4,49.2,32.7 / 125,34.4 / 126
34059,OR,WHITE,M,54,53.0,67.6,79,26.2,26.8,26.2,76,26.8,81,33.3,34.3,26.2 / 76,26.8 / 81
34059,OR,RED,M,54,52.5,66.9,78,26.0,26.5,26.0,75,26.5,80,33.0,33.9,26.0 / 75,26.5 / 80
34059,OR,GOLD,M,27,26.0,32.9,74,26.0,,26.0,74,,,32.9,,26.0 / 74,/
34059,OR,WHITE,F,54,55.6,75.2,84,27.4,28.2,27.4,84,28.2,84,37.3,38.1,27.4 / 84,28.2 / 84
34059,OR,RED,F,54,55.1,74.6,83,27.2,27.9,27.2,83,27.9,82,37.0,37.6,27.2 / 83,27.9 / 82
34059,OR,GOLD,F,27,27.2,37.0,83,27.2,,27.2,83,,,37.0,,27.2 / 83,/
5917,OR,BLUE,M,72,68.7,91.1,121,34.7,34.0,34.7,123,34.0,118,46.1,45.0,34.7 / 123,34.0 / 118
5917,OR,WHITE,M,72,67.5,89.4,118,33.9,33.6,33.9,123,33.6,113,45.3,44.1,33.9 / 123,33.6 / 113
5917,OR,WHITE/RED,M,72,65.4,85.4,108,32.7,32.7,32.7,110,32.7,105,42.9,42.5,32.7 / 110,32.7 / 105
5917,OR,RED,M,72,63.8,83.0,103,32.1,31.7,32.1,105,31.7,101,41.9,41.1,32.1 / 105,31.7 / 101
5917,OR,BLUE,F,72,74.6,105.0,129,37.5,37.1,37.5,127,37.1,131,52.5,52.5,37.5 / 127,37.1 / 131
5917,OR,WHITE,F,72,73.2,102.9,126,36.8,36.4,36.8,126,36.4,126,51.6,51.3,36.8 / 126,36.4 / 126
5917,OR,WHITE/RED,F,72,70.2,99.2,123,35.1,35.1,35.1,124,35.1,122,49.7,49.5,35.1 / 124,35.1 / 122
5917,OR,RED,F,72,68.4,96.7,120,34.3,34.1,34.3,122,34.1,118,48.7,48.0,34.3 / 122,34.1 / 118
14969,OR,White/Blue,M,61,58.3,75.8,95,28.8,29.5,28.8,93,29.5,96,37.4,38.4,28.8 / 93,29.5 / 96
14969,OR,White/White,M,60,57.6,74.8,93,28.8,28.8,28.8,93,28.8,93,37.4,37.4,28.8 / 93,28.8 / 93
14969,OR,Red,M,60,57.0,74.0,91,28.5,28.5,28.5,91,28.5,91,37.0,37.0,28.5 / 91,28.5 / 91
14969,OR,White/Blue,F,61,60.2,83.5,99,29.8,30.4,29.8,97,30.4,101,41.2,42.3,29.8 / 97,30.4 / 101
14969,OR,Red,F,60,59.2,81.4,94,29.6,29.6,29.6,94,29.6,94,40.7,40.7,29.6 / 94,29.6 / 94
5937,OR,GOLD,M,71,72.0,97.1,135,37.0,35.0,37.0,140,35.0,130,50.0,47.1,37.0 / 140,35.0 / 130
5937,OR,PLAYERS,M,71,70.9,95.4,132,36.4,34.5,36.4,136,34.5,128,49.0,46.4,36.4 / 136,34.5 / 128
5937,OR,SILVER,M,71,69.7,93.7,129,35.7,34.0,35.7,131,34.0,127,47.9,45.8,35.7 / 131,34.0 / 127
5937,OR,SENIOR PLAYERS,M,71,68.1,90.8,123,34.8,33.3,34.8,122,33.3,123,46.1,44.7,34.8 / 122,33.3 / 123
5937,OR,COPPER,M,71,67.0,88.1,114,34.2,32.8,34.2,118,32.8,109,45.2,42.9,34.2 / 118,32.8 / 109
5937,OR,FAMILY,M,68,62.5,80.5,97,31.4,31.1,31.4,99,31.1,95,40.6,39.9,31.4 / 99,31.1 / 95
5937,OR,GOLD,F,71,78.9,113.4,146,40.8,38.1,40.8,149,38.1,143,58.4,55.0,40.8 / 149,38.1 / 143
5937,OR,SILVER,F,71,75.6,108.3,139,38.7,36.9,38.7,142,36.9,136,55.4,52.9,38.7 / 142,36.9 / 136
5937,OR,SENIOR PLAYERS,F,71,72.9,103.9,132,36.9,36.0,36.9,129,36.0,134,52.1,51.8,36.9 / 129,36.0 / 134
5937,OR,COPPER,F,71,71.5,101.4,127,36.2,35.3,36.2,128,35.3,126,51.3,50.1,36.2 / 128,35.3 / 126
5937,OR,FAMILY,F,68,65.4,91.6,111,32.6,32.8,32.6,110,32.8,112,45.6,46.0,32.6 / 110,32.8 / 112
5907,OR,BLACK,M,71,70.2,95.0,134,34.6,35.6,34.6,126,35.6,141,46.3,48.7,34.6 / 126,35.6 / 141
5907,OR,TAN,M,71,68.3,92.7,131,33.7,34.6,33.7,129,34.6,133,45.7,47.0,33.7 / 129,34.6 / 133
5907,OR,TAN/GREEN,M,71,66.7,89.2,122,33.0,33.7,33.0,122,33.7,121,44.3,44.9,33.0 / 122,33.7 / 121
5907,OR,GREEN,M,71,66.0,87.7,117,32.7,33.3,32.7,113,33.3,121,43.2,44.5,32.7 / 113,33.3 / 121
5907,OR,GREEN/GOLD,M,71,63.9,84.6,112,31.9,32.0,31.9,112,32.0,111,42.3,42.3,31.9 / 112,32.0 / 111
5907,OR,GOLD,M,69,62.8,82.6,107,31.1,31.7,31.1,108,31.7,105,41.1,41.5,31.1 / 108,31.7 / 105
5907,OR,BLACK,F,72,76.2,112.0,152,37.4,38.8,37.4,153,38.8,151,55.4,56.6,37.4 / 153,38.8 / 151
5907,OR,TAN,F,71,74.0,108.7,148,36.3,37.7,36.3,148,37.7,147,53.7,55.0,36.3 / 148,37.7 / 147
5907,OR,GREEN,F,71,70.8,102.7,136,34.7,36.1,34.7,134,36.1,137,50.5,52.2,34.7 / 134,36.1 / 137
5907,OR,GREEN/GOLD,F,71,67.9,97.0,124,33.6,34.3,33.6,122,34.3,125,48.0,49.0,33.6 / 122,34.3 / 125
5907,OR,GOLD,F,70,65.8,91.5,109,32.5,33.3,32.5,106,33.3,112,45.0,46.5,32.5 / 106,33.3 / 112
5881,OR,BLACK,M,72,73.8,97.5,128,36.6,37.2,36.6,126,37.2,129,48.3,49.2,36.6 / 126,37.2 / 129
5881,OR,BLUE,M,72,71.8,94.8,124,35.6,36.2,35.6,127,36.2,121,47.4,47.4,35.6 / 127,36.2 / 121
5881,OR,REES,M,72,70.1,92.9,123,34.9,35.2,34.9,127,35.2,118,46.7,46.2,34.9 / 127,35.2 / 118
5881,OR,WHITE,M,72,69.1,91.6,122,34.5,34.6,34.5,122,34.6,121,45.8,45.8,34.5 / 122,34.6 / 121
5881,OR,JONES,M,71,67.2,88.8,116,33.3,33.9,33.3,115,33.9,117,44.0,44.8,33.3 / 115,33.9 / 117
5881,OR,RED,M,70,65.6,86.7,114,32.6,33.0,32.6,113,33.0,114,43.1,43.6,32.6 / 113,33.0 / 114
5881,OR,WHITE,F,72,75.2,106.5,133,37.5,37.7,37.5,134,37.7,131,53.3,53.2,37.5 / 134,37.7 / 131
5881,OR,JONES,F,72,72.6,102.7,128,35.9,36.7,35.9,128,36.7,127,51.0,51.7,35.9 / 128,36.7 / 127
5881,OR,RED,F,72,70.9,99.4,121,35.2,35.7,35.2,123,35.7,119,49.7,49.7,35.2 / 123,35.7 / 119
5954,OR,BLUE,M,72,70.2,93.0,123,35.2,35.0,35.2,124,35.0,122,46.7,46.3,35.2 / 124,35.0 / 122
5954,OR,WHITE Back/Back,M,72,69.2,91.4,119,34.6,34.6,34.6,119,34.6,119,45.7,45.7,34.6 / 119,34.6 / 119
5954,OR,WHITE,M,72,69.0,91.1,119,34.4,34.6,34.4,118,34.6,119,45.4,45.7,34.4 / 118,34.6 / 119
5954,OR,WHITE Front/Front,M,72,68.8,90.8,118,34.4,34.4,34.4,118,34.4,118,45.4,45.4,34.4 / 118,34.4 / 118
5954,OR,Gold/White/Blue,M,72,68.7,90.7,119,33.8,34.9,33.8,116,34.9,121,44.6,46.1,33.8 / 116,34.9 / 121
5954,OR,Winter Combo,M,72,67.4,89.3,118,33.7,33.7,33.7,121,33.7,115,44.9,44.4,33.7 / 121,33.7 / 115
5954,OR,Red/Gold/White,M,72,66.7,87.8,114,32.4,34.3,32.4,110,34.3,117,42.6,45.2,32.4 / 110,34.3 / 117
5954,OR,GOLD,M,72,66.4,86.8,110,33.5,32.9,33.5,114,32.9,105,44.1,42.7,33.5 / 114,32.9 / 105
5954,OR,GOLD COMBO,M,72,65.8,86.1,109,33.2,32.6,33.2,114,32.6,104,43.8,42.3,33.2 / 114,32.6 / 104
5954,OR,RED,M,72,64.2,84.3,108,32.0,32.2,32.0,113,32.2,103,42.5,41.8,32.0 / 113,32.2 / 103
5954,OR,WHITE,F,74,74.8,104.9,128,37.4,37.4,37.4,126,37.4,129,52.3,52.6,37.4 / 126,37.4 / 129
5954,OR,GOLD,F,74,71.5,99.5,119,36.2,35.3,36.2,120,35.3,117,50.4,49.1,36.2 / 120,35.3 / 117
5954,OR,RED,F,74,69.2,95.7,113,34.7,34.5,34.7,112,34.5,113,47.9,47.8,34.7 / 112,34.5 / 113
5827,OR,BLACK,M,72,67.4,88.6,114,33.7,33.7,33.7,114,33.7,114,44.3,44.3,33.7 / 114,33.7 / 114
5827,OR,WHITE,M,70,65.6,85.4,107,32.8,32.8,32.8,107,32.8,107,42.7,42.7,32.8 / 107,32.8 / 107
5827,OR,RED,M,70,62.6,80.4,96,31.3,31.3,31.3,96,31.3,96,40.2,40.2,31.3 / 96,31.3 / 96
5827,OR,BLACK,F,72,72.0,102.4,129,36.0,36.0,36.0,129,36.0,129,51.2,51.2,36.0 / 129,36.0 / 129
5827,OR,WHITE,F,70,69.8,98.2,120,34.9,34.9,34.9,120,34.9,120,49.1,49.1,34.9 / 120,34.9 / 120
5827,OR,RED,F,70,66.6,92.2,109,33.3,33.3,33.3,109,33.3,109,46.1,46.1,33.3 / 109,33.3 / 109
5955,OR,WHITE Tournament,M,69,66.8,87.0,109,33.2,33.6,33.2,110,33.6,108,43.4,43.6,33.2 / 110,33.6 / 108
5955,OR,WHITE,M,70,66.6,86.6,108,33.0,33.6,33.0,108,33.6,108,43.0,43.6,33.0 / 108,33.6 / 108
5955,OR,WHITE/GOLD,M,69,65.4,85.1,106,32.5,32.9,32.5,104,32.9,108,42.2,42.9,32.5 / 104,32.9 / 108
5955,OR,GOLD,M,69,64.5,84.0,105,32.2,32.3,32.2,103,32.3,107,41.8,42.2,32.2 / 103,32.3 / 107
5955,OR,GOLD/RED,M,68,62.5,81.3,101,31.1,31.4,31.1,98,31.4,104,40.2,41.1,31.1 / 98,31.4 / 104
5955,OR,RED,M,67,60.7,78.7,97,30.4,30.3,30.4,94,30.3,100,39.1,39.6,30.4 / 94,30.3 / 100
5955,OR,YELLOW,M,54,51.3,64.6,72,25.6,25.7,25.6,72,25.7,71,32.3,32.3,25.6 / 72,25.7 / 71
5955,OR,WHITE,F,72,71.7,99.5,118,35.5,36.2,35.5,117,36.2,119,49.3,50.2,35.5 / 117,36.2 / 119
5955,OR,WHITE/GOLD,F,71,70.1,97.7,117,34.8,35.3,34.8,116,35.3,118,48.5,49.2,34.8 / 116,35.3 / 118
5955,OR,GOLD,F,70,69.3,96.7,116,34.5,34.8,34.5,115,34.8,117,48.1,48.6,34.5 / 115,34.8 / 117
5955,OR,GOLD/RED,F,69,67.0,92.4,108,32.8,34.2,32.8,102,34.2,114,44.8,47.6,32.8 / 102,34.2 / 114
5955,OR,Rosa's tees,F,68,65.8,91.0,107,33.3,32.5,33.3,109,32.5,104,46.2,44.8,33.3 / 109,32.5 / 104
5955,OR,RED,F,67,63.6,87.0,100,31.6,32.0,31.6,97,32.0,102,43.0,44.0,31.6 / 97,32.0 / 102
5955,OR,YELLOW,F,54,53.6,71.1,74,26.8,26.8,26.8,73,26.8,75,35.4,35.7,26.8 / 73,26.8 / 75
5960,OR,SILVER,M,72,74.2,99.2,135,37.3,36.9,37.3,129,36.9,140,49.3,49.9,37.3 / 129,36.9 / 140
5960,OR,BLUE,M,72,72.2,97.3,135,36.2,36.0,36.2,131,36.0,139,48.4,48.9,36.2 / 131,36.0 / 139
5960,OR,BLUE/WHITE,M,72,70.7,94.6,129,35.0,35.7,35.0,128,35.7,129,46.9,47.7,35.0 / 128,35.7 / 129
5960,OR,WHITE,M,72,69.3,91.9,122,34.2,35.1,34.2,124,35.1,119,45.7,46.2,34.2 / 124,35.1 / 119
5960,OR,WHITE/GOLD,M,72,67.7,90.0,120,33.6,34.1,33.6,121,34.1,119,44.8,45.2,33.6 / 121,34.1 / 119
5960,OR,GOLD,M,72,66.6,88.6,118,33.2,33.4,33.2,119,33.4,117,44.3,44.3,33.2 / 119,33.4 / 117
5960,OR,GOLD/BLACK,M,72,63.1,83.6,111,31.6,31.5,31.6,112,31.5,109,42.0,41.6,31.6 / 112,31.5 / 109
5960,OR,BLACK,M,72,61.7,81.3,106,30.7,31.0,30.7,107,31.0,104,40.6,40.7,30.7 / 107,31.0 / 104
5960,OR,FAMILY,M,72,58.7,76.4,96,29.3,29.4,29.3,95,29.4,96,38.1,38.3,29.3 / 95,29.4 / 96
5960,OR,SILVER,F,72,79.7,113.2,142,40.3,39.4,40.3,142,39.4,142,57.0,56.2,40.3 / 142,39.4 / 142
5960,OR,BLUE,F,72,77.0,109.0,136,38.9,38.1,38.9,136,38.1,136,54.9,54.1,38.9 / 136,38.1 / 136
5960,OR,BLUE/WHITE,F,72,75.4,107.2,135,37.8,37.6,37.8,133,37.6,137,53.5,53.7,37.8 / 133,37.6 / 137
5960,OR,WHITE,F,72,74.4,105.8,133,37.1,37.3,37.1,131,37.3,135,52.6,53.2,37.1 / 131,37.3 / 135
5960,OR,Gold/White/Blue,F,72,74.2,104.8,130,37.1,37.1,37.1,130,37.1,130,52.4,52.4,37.1 / 130,37.1 / 130
5960,OR,WHITE/GOLD,F,72,72.4,103.0,130,36.1,36.3,36.1,128,36.3,131,51.2,51.8,36.1 / 128,36.3 / 131
5960,OR,GOLD,F,72,71.6,100.6,123,35.7,35.9,35.7,123,35.9,123,50.2,50.4,35.7 / 123,35.9 / 123
5960,OR,Women's Invitational,F,72,69.9,97.9,119,34.6,35.3,34.6,115,35.3,122,48.2,49.7,34.6 / 115,35.3 / 122
5960,OR,GOLD/BLACK,F,72,68.5,95.3,114,34.2,34.3,34.2,114,34.3,114,47.6,47.7,34.2 / 114,34.3 / 114
5960,OR,BLACK,F,72,66.4,92.1,109,32.8,33.6,32.8,109,33.6,109,45.6,46.5,32.8 / 109,33.6 / 109
5960,OR,FAMILY,F,72,60.6,83.8,99,30.2,30.4,30.2,100,30.4,97,42.0,41.8,30.2 / 100,30.4 / 97
5925,OR,Black,M,72,72.6,96.3,128,36.7,35.9,36.7,129,35.9,126,48.7,47.6,36.7 / 129,35.9 / 126
5925,OR,Blue,M,72,71.2,94.3,125,35.8,35.4,35.8,126,35.4,123,47.5,46.8,35.8 / 126,35.4 / 123
5925,OR,Green,M,72,69.9,92.3,121,35.1,34.8,35.1,124,34.8,117,46.6,45.7,35.1 / 124,34.8 / 117
5925,OR,GO,M,72,67.4,88.4,113,33.8,33.6,33.8,116,33.6,110,44.6,43.8,33.8 / 116,33.6 / 110
5925,OR,Orange,M,72,64.3,83.8,105,32.5,31.8,32.5,108,31.8,102,42.5,41.3,32.5 / 108,31.8 / 102
5925,OR,Gold,M,72,63.2,83.2,108,31.9,31.3,31.9,110,31.3,105,42.1,41.1,31.9 / 110,31.3 / 105
5925,OR,Green,F,74,75.4,108.0,138,37.8,37.6,37.8,138,37.6,138,54.1,53.9,37.8 / 138,37.6 / 138
5925,OR,GO,F,73,72.9,104.1,132,36.6,36.3,36.6,133,36.3,131,52.3,51.8,36.6 / 133,36.3 / 131
5925,OR,Orange,F,73,69.9,99.4,125,34.7,35.2,34.7,122,35.2,128,49.1,50.3,34.7 / 122,35.2 / 128
5925,OR,Gold,F,73,67.6,95.2,117,34.0,33.6,34.0,121,33.6,113,48.3,46.9,34.0 / 121,33.6 / 113
34161,OR,WHITE,M,27,25.8,33.2,80,25.8,,25.8,80,,,33.2,,25.8 / 80,/
34161,OR,WHITE,F,27,27.0,37.1,87,27.0,,27.0,87,,,37.1,,27.0 / 87,/
24375,OR,CHALLENGE,M,72,73.8,98.4,132,37.1,36.7,37.1,127,36.7,137,48.9,49.4,37.1 / 127,36.7 / 137
24375,OR,WHITE,M,72,73.3,97.6,131,36.6,36.7,36.6,125,36.7,137,48.2,49.4,36.6 / 125,36.7 / 137
24375,OR,WHITE/GREY,M,72,70.9,93.9,124,35.6,35.3,35.6,122,35.3,126,46.9,47.0,35.6 / 122,35.3 / 126
24375,OR,GREY,M,72,69.3,92.4,123,35.0,34.6,35.0,117,34.6,127,45.9,46.4,35.0 / 117,34.6 / 127
24375,OR,GREY/BLACK,M,72,66.9,88.8,118,33.8,33.1,33.8,119,33.1,116,44.9,43.9,33.8 / 119,33.1 / 116
24375,OR,BLACK,M,72,65.3,86.7,117,33.0,32.3,33.0,119,32.3,115,44.1,43.0,33.0 / 119,32.3 / 115
24375,OR,BLACK/BLUE,M,72,62.7,83.1,110,31.6,31.1,31.6,112,31.1,108,42.0,41.1,31.6 / 112,31.1 / 108
24375,OR,BLUE,M,72,61.0,80.7,106,30.5,30.5,30.5,107,30.5,105,40.4,40.3,30.5 / 107,30.5 / 105
24375,OR,GREY,F,73,75.4,107.7,137,38.0,37.4,38.0,137,37.4,137,54.1,53.6,38.0 / 137,37.4 / 137
24375,OR,GREY/BLACK,F,72,72.5,103.4,131,36.8,35.7,36.8,133,35.7,129,52.5,50.9,36.8 / 133,35.7 / 129
24375,OR,BLACK,F,72,71.2,101.7,130,36.1,35.1,36.1,129,35.1,130,51.3,50.4,36.1 / 129,35.1 / 130
24375,OR,BLACK/BLUE,F,72,68.0,96.6,121,34.4,33.6,34.4,120,33.6,122,48.6,48.0,34.4 / 120,33.6 / 122
24375,OR,BLUE,F,72,65.5,92.8,117,32.7,32.7,32.7,115,32.7,118,46.3,46.6,32.7 / 115,32.7 / 118
24374,OR,GOAT,M,72,77.9,106.0,152,39.5,38.2,39.5,152,38.2,147,53.6,51.9,39.5 / 152,38.2 / 147
24374,OR,PINK,M,72,74.6,101.2,143,37.8,36.6,37.8,145,36.6,140,51.3,49.6,37.8 / 145,36.6 / 140
24374,OR,WHITE,M,72,73.8,100.0,141,37.3,36.3,37.3,143,36.3,137,50.6,49.0,37.3 / 143,36.3 / 137
24374,OR,WHITE/GREY,M,72,71.4,95.5,129,36.0,35.4,36.0,129,35.4,129,48.0,47.4,36.0 / 129,35.4 / 129
24374,OR,GREY,M,72,69.5,92.5,124,35.0,34.5,35.0,127,34.5,121,46.8,45.7,35.0 / 127,34.5 / 121
24374,OR,WHITE/GREY/BLACK,M,72,68.3,91.4,125,34.5,33.8,34.5,126,33.8,123,46.2,45.2,34.5 / 126,33.8 / 123
24374,OR,GREY/BLACK,M,72,66.5,88.5,118,33.3,33.2,33.3,118,33.2,118,44.3,44.2,33.3 / 118,33.2 / 118
24374,OR,BLACK,M,72,64.6,85.5,113,32.6,32.0,32.6,113,32.0,112,43.1,42.4,32.6 / 113,32.0 / 112
24374,OR,GREY,F,73,75.4,109.6,145,38.1,37.3,38.1,144,37.3,146,55.1,54.5,38.1 / 144,37.3 / 146
24374,OR,GREY/BLACK,F,73,72.1,103.9,135,36.2,35.9,36.2,132,35.9,137,51.8,52.1,36.2 / 132,35.9 / 137
24374,OR,BLACK,F,73,69.8,99.8,127,35.2,34.6,35.2,126,34.6,128,50.1,49.7,35.2 / 126,34.6 / 128
5819,OR,BLUE,M,72,71.7,95.4,128,35.8,35.9,35.8,133,35.9,122,48.2,47.2,35.8 / 133,35.9 / 122
5819,OR,BLUE/WHITE,M,72,69.9,93.0,124,35.0,34.9,35.0,132,34.9,116,47.3,45.7,35.0 / 132,34.9 / 116
5819,OR,WHITE,M,72,68.6,91.6,124,34.5,34.1,34.5,130,34.1,117,46.6,45.0,34.5 / 130,34.1 / 117
5819,OR,WHITE/GOLD,M,72,66.0,87.3,115,33.0,33.0,33.0,117,33.0,112,43.9,43.4,33.0 / 117,33.0 / 112
5819,OR,GOLD,M,72,64.8,85.5,112,32.3,32.5,32.3,113,32.5,110,42.8,42.7,32.3 / 113,32.5 / 110
5819,OR,WHITE,F,72,74.1,104.8,130,37.3,36.8,37.3,132,36.8,128,52.9,51.9,37.3 / 132,36.8 / 128
5819,OR,WHITE/RED,F,72,71.9,101.3,125,36.1,35.8,36.1,127,35.8,122,51.1,50.2,36.1 / 127,35.8 / 122
5819,OR,RED,F,72,69.2,97.5,121,34.7,34.5,34.7,123,34.5,118,49.2,48.3,34.7 / 123,34.5 / 118
5787,OR,BLUE/BLUE,M,70,69.2,92.4,125,34.6,34.6,34.6,125,34.6,125,46.2,46.2,34.6 / 125,34.6 / 125
5787,OR,WHITE/BLUE,M,70,68.4,90.8,121,33.8,34.6,33.8,116,34.6,125,44.6,46.2,33.8 / 116,34.6 / 125
5787,OR,RED/WHITE,M,70,65.5,86.6,114,31.7,33.8,31.7,111,33.8,116,42.0,44.6,31.7 / 111,33.8 / 116
5787,OR,RED/RED,M,70,63.4,84.0,111,31.7,31.7,31.7,111,31.7,111,42.0,42.0,31.7 / 111,31.7 / 111
5787,OR,WHITE/BLUE,F,74,73.9,104.1,129,36.5,37.4,36.5,126,37.4,131,51.3,52.8,36.5 / 126,37.4 / 131
5787,OR,RED/WHITE,F,70,70.3,98.5,120,33.8,36.5,33.8,113,36.5,126,47.1,51.4,33.8 / 113,36.5 / 126
5787,OR,RED/RED,F,70,67.6,94.2,113,33.8,33.8,33.8,113,33.8,113,47.1,47.1,33.8 / 113,33.8 / 113
5956,OR,BLUE,M,70,67.8,90.6,123,33.9,33.9,33.9,123,33.9,123,45.3,45.3,33.9 / 123,33.9 / 123
5956,OR,BLUE/WHITE,M,70,66.6,88.7,119,33.9,32.7,33.9,123,32.7,115,45.3,43.4,33.9 / 123,32.7 / 115
5956,OR,WHITE,M,70,65.4,86.8,115,32.7,32.7,32.7,115,32.7,115,43.4,43.4,32.7 / 115,32.7 / 115
5956,OR,RED,M,70,64.0,83.2,103,32.0,32.0,32.0,103,32.0,103,41.6,41.6,32.0 / 103,32.0 / 103
5956,OR,BLUE/WHITE,F,70,72.1,103.6,134,36.9,35.2,36.9,139,35.2,128,53.3,50.3,36.9 / 139,35.2 / 128
5956,OR,RED/WHITE,F,70,69.1,99.2,128,33.9,35.2,33.9,127,35.2,128,48.9,50.3,33.9 / 127,35.2 / 128
5956,OR,RED,F,70,67.8,98.0,128,33.9,33.9,33.9,128,33.9,128,49.0,49.0,33.9 / 128,33.9 / 128
5875,OR,BLACK,M,70,70.6,93.3,123,35.0,35.6,35.0,122,35.6,123,46.3,47.0,35.0 / 122,35.6 / 123
5875,OR,GOLD/BLACK,M,70,69.8,92.3,121,34.2,35.6,34.2,119,35.6,123,45.3,47.0,34.2 / 119,35.6 / 123
5875,OR,GOLD,M,70,69.2,91.6,121,34.2,35.0,34.2,119,35.0,122,45.3,46.3,34.2 / 119,35.0 / 122
5875,OR,SILVER,M,70,67.3,88.6,115,33.6,33.7,33.6,114,33.7,115,44.2,44.4,33.6 / 114,33.7 / 115
5875,OR,GOLD,F,74,74.2,104.2,128,36.7,37.5,36.7,126,37.5,129,51.5,52.7,36.7 / 126,37.5 / 129
5875,OR,SILVER,F,74,72.6,102.5,127,35.8,36.8,35.8,125,36.8,129,50.5,52.0,35.8 / 125,36.8 / 129
5875,OR,Silver new #4,F,72,71.5,101.0,125,35.3,36.2,35.3,123,36.2,127,49.8,51.2,35.3 / 123,36.2 / 127
5815,OR,JACOBSEN,M,72,73.8,99.7,140,36.5,37.3,36.5,139,37.3,140,49.4,50.3,36.5 / 139,37.3 / 140
5815,OR,JACOBSEN/BLUE,M,72,73.0,98.4,137,36.0,37.0,36.0,135,37.0,139,48.5,49.9,36.0 / 135,37.0 / 139
5815,OR,BLUE,M,72,71.7,96.7,135,35.3,36.4,35.3,131,36.4,138,47.5,49.2,35.3 / 131,36.4 / 138
5815,OR,BLUE/WHITE,M,72,70.2,94.7,132,34.7,35.5,34.7,128,35.5,136,46.6,48.1,34.7 / 128,35.5 / 136
5815,OR,WHITE,M,72,69.1,92.6,127,34.1,35.0,34.1,122,35.0,131,45.4,47.2,34.1 / 122,35.0 / 131
5815,OR,WHITE/GOLD,M,72,66.8,89.4,122,33.0,33.8,33.0,115,33.8,128,43.7,45.7,33.0 / 115,33.8 / 128
5815,OR,GOLD,M,72,65.1,87.0,118,32.0,33.1,32.0,112,33.1,124,42.4,44.6,32.0 / 112,33.1 / 124
5815,OR,FAMILY,M,68,57.2,74.2,91,28.6,28.6,28.6,91,28.6,91,37.1,37.1,28.6 / 91,28.6 / 91
5815,OR,BLUE,F,72,78.1,113.0,148,38.6,39.5,38.6,146,39.5,150,55.8,57.2,38.6 / 146,39.5 / 150
5815,OR,WHITE,F,72,75.1,108.1,140,37.1,38.0,37.1,138,38.0,142,53.4,54.7,37.1 / 138,38.0 / 142
5815,OR,WHITEfront/GOLDback,F,72,72.8,103.4,130,37.1,35.7,37.1,138,35.7,121,53.4,50.0,37.1 / 138,35.7 / 121
5815,OR,WHITE/GOLD,F,72,72.6,102.6,127,35.9,36.7,35.9,127,36.7,127,50.9,51.7,35.9 / 127,36.7 / 127
5815,OR,GOLD,F,72,70.3,98.8,121,34.6,35.7,34.6,120,35.7,121,48.8,50.0,34.6 / 120,35.7 / 121
5815,OR,FAMILY,F,68,58.0,80.0,93,29.0,29.0,29.0,93,29.0,93,40.0,40.0,29.0 / 93,29.0 / 93
5799,OR,BLACK,M,72,72.7,97.9,136,36.9,35.8,36.9,138,35.8,133,49.7,48.2,36.9 / 138,35.8 / 133
5799,OR,BLUE,M,72,70.6,94.8,130,35.7,34.9,35.7,128,34.9,132,47.6,47.2,35.7 / 128,34.9 / 132
5799,OR,WHITE,M,72,68.3,90.6,120,34.6,33.7,34.6,122,33.7,118,45.9,44.7,34.6 / 122,33.7 / 118
5799,OR,GREEN,M,72,66.5,87.6,114,33.7,32.8,33.7,112,32.8,115,44.1,43.5,33.7 / 112,32.8 / 115
5799,OR,RED,M,72,64.2,84.6,110,32.6,31.6,32.6,109,31.6,111,42.7,41.9,32.6 / 109,31.6 / 111
5799,OR,WHITE,F,72,74.1,105.6,134,37.4,36.7,37.4,138,36.7,129,53.7,51.9,37.4 / 138,36.7 / 129
5799,OR,GREEN,F,72,71.3,100.5,124,36.2,35.1,36.2,128,35.1,120,51.3,49.2,36.2 / 128,35.1 / 120
5799,OR,RED,F,72,68.8,97.1,120,34.8,34.0,34.8,122,34.0,118,49.2,47.9,34.8 / 122,34.0 / 118
5929,OR,RED/BLUE,M,66,63.2,84.3,114,31.5,31.7,31.5,110,31.7,117,41.7,42.6,31.5 / 110,31.7 / 117
5929,OR,SILVER,M,66,59.0,76.4,94,29.9,29.1,29.9,96,29.1,91,38.8,37.6,29.9 / 96,29.1 / 91
5929,OR,BACK,F,66,68.0,95.0,114,34.0,34.0,34.0,114,34.0,114,47.5,47.5,34.0 / 114,34.0 / 114
5929,OR,RED/BLUE REGULAR,F,66,66.5,93.4,114,33.2,33.3,33.2,115,33.3,113,46.8,46.6,33.2 / 115,33.3 / 113
5929,OR,RED/BLUE,F,66,65.3,90.4,107,32.7,32.6,32.7,109,32.6,104,45.5,44.9,32.7 / 109,32.6 / 104
5929,OR,SILVER,F,66,60.8,84.2,100,30.2,30.6,30.2,101,30.6,98,42.1,42.1,30.2 / 101,30.6 / 98
5966,OR,BLACK,M,71,73.5,99.7,141,36.2,37.3,36.2,139,37.3,143,49.1,50.6,36.2 / 139,37.3 / 143
5966,OR,OGA Team,M,71,72.9,99.3,142,36.1,36.8,36.1,143,36.8,141,49.4,49.9,36.1 / 143,36.8 / 141
5966,OR,BLUE,M,71,71.7,96.8,135,35.4,36.3,35.4,129,36.3,141,47.4,49.4,35.4 / 129,36.3 / 141
5966,OR,MEMBER,M,71,69.8,94.7,134,34.7,35.1,34.7,130,35.1,138,46.8,47.9,34.7 / 130,35.1 / 138
5966,OR,RED/WHITE/BLUE,M,71,69.0,92.7,128,34.0,35.0,34.0,121,35.0,135,45.2,47.5,34.0 / 121,35.0 / 135
5966,OR,WHITE,M,71,68.7,93.1,132,34.1,34.6,34.1,127,34.6,136,45.9,47.2,34.1 / 127,34.6 / 136
5966,OR,GOLD,M,71,67.0,90.6,127,33.2,33.8,33.2,122,33.8,132,44.5,46.1,33.2 / 122,33.8 / 132
5966,OR,RED,M,71,65.3,88.3,124,32.2,33.1,32.2,118,33.1,129,43.2,45.1,32.2 / 118,33.1 / 129
5966,OR,GREEN,M,71,60.9,81.3,110,30.2,30.7,30.2,108,30.7,112,40.2,41.1,30.2 / 108,30.7 / 112
5966,OR,BLUE,F,71,78.0,113.4,151,38.5,39.5,38.5,148,39.5,153,55.9,57.5,38.5 / 148,39.5 / 153
5966,OR,WHITE,F,71,74.6,108.4,144,36.8,37.8,36.8,141,37.8,146,53.4,55.0,36.8 / 141,37.8 / 146
5966,OR,GOLD,F,71,72.7,104.5,135,36.0,36.7,36.0,134,36.7,136,51.8,52.7,36.0 / 134,36.7 / 136
5966,OR,RED,F,71,70.3,101.2,131,34.8,35.5,34.8,129,35.5,133,50.0,51.2,34.8 / 129,35.5 / 133
5966,OR,GREEN,F,71,64.6,92.6,119,32.2,32.4,32.2,119,32.4,119,46.2,46.4,32.2 / 119,32.4 / 119
5871,OR,BLACK,M,72,73.9,100.6,144,37.0,36.9,37.0,142,36.9,145,50.2,50.4,37.0 / 142,36.9 / 145
5871,OR,BLUE,M,72,71.8,97.6,139,35.6,36.2,35.6,135,36.2,143,48.1,49.5,35.6 / 135,36.2 / 143
5871,OR,MEMBER,M,72,70.8,96.4,138,35.2,35.6,35.2,133,35.6,142,47.6,48.8,35.2 / 133,35.6 / 142
5871,OR,WHITE,M,72,69.6,94.1,132,34.4,35.2,34.4,128,35.2,136,46.3,47.8,34.4 / 128,35.2 / 136
5871,OR,RED-WHITE-BLUE,M,72,69.0,93.3,131,34.4,34.6,34.4,127,34.6,135,46.2,47.1,34.4 / 127,34.6 / 135
5871,OR,WHITE/GOLD,M,72,67.8,91.8,129,33.9,33.9,33.9,125,33.9,133,45.5,46.3,33.9 / 125,33.9 / 133
5871,OR,GOLD,M,72,67.5,91.0,127,33.6,33.9,33.6,123,33.9,130,45.0,46.0,33.6 / 123,33.9 / 130
5871,OR,RED,M,72,66.1,88.8,122,32.8,33.3,32.8,117,33.3,127,43.7,45.1,32.8 / 117,33.3 / 127
5871,OR,WHITE,F,72,75.0,108.1,141,37.1,37.9,37.1,137,37.9,144,53.2,54.9,37.1 / 137,37.9 / 144
5871,OR,GOLD,F,72,72.9,105.2,137,36.4,36.5,36.4,135,36.5,139,52.3,52.9,36.4 / 135,36.5 / 139
5871,OR,RED,F,72,71.2,102.9,134,35.4,35.8,35.4,131,35.8,137,50.9,52.0,35.4 / 131,35.8 / 137
5967,OR,BLUE,M,72,68.2,88.4,109,34.1,34.1,34.1,109,34.1,109,44.2,44.2,34.1 / 109,34.1 / 109
5967,OR,BLUE/RED,M,72,66.8,86.4,106,34.1,32.7,34.1,109,32.7,102,44.2,42.2,34.1 / 109,32.7 / 102
5967,OR,RED,M,72,65.4,84.4,102,32.7,32.7,32.7,102,32.7,102,42.2,42.2,32.7 / 102,32.7 / 102
5967,OR,BLUE,F,74,74.2,103.8,126,37.1,37.1,37.1,126,37.1,126,51.9,51.9,37.1 / 126,37.1 / 126
5967,OR,BLUE/RED,F,74,72.5,101.4,123,37.1,35.4,37.1,126,35.4,120,51.9,49.5,37.1 / 126,35.4 / 120
5967,OR,RED,F,74,70.8,99.0,120,35.4,35.4,35.4,120,35.4,120,49.5,49.5,35.4 / 120,35.4 / 120
5812,OR,KIDD,M,72,75.2,103.0,150,37.4,37.8,37.4,149,37.8,151,51.2,51.8,37.4 / 149,37.8 / 151
5812,OR,BLACK,M,72,73.7,100.7,145,36.6,37.1,36.6,144,37.1,146,50.0,50.7,36.6 / 144,37.1 / 146
5812,OR,Black/Tan,M,72,71.9,98.2,142,36.0,35.9,36.0,142,35.9,141,49.2,49.0,36.0 / 142,35.9 / 141
5812,OR,TAN,M,72,71.4,97.2,139,35.7,35.7,35.7,138,35.7,140,48.5,48.7,35.7 / 138,35.7 / 140
5812,OR,Tan/Sage,M,72,70.5,95.6,136,35.4,35.1,35.4,136,35.1,135,48.0,47.6,35.4 / 136,35.1 / 135
5812,OR,SAGE,M,72,69.2,93.9,133,34.4,34.8,34.4,132,34.8,133,46.7,47.2,34.4 / 132,34.8 / 133
5812,OR,RED,M,70,65.2,87.6,121,32.1,33.1,32.1,118,33.1,123,43.1,44.5,32.1 / 118,33.1 / 123
5812,OR,JUNIOR,M,68,60.5,80.1,106,30.0,30.5,30.0,109,30.5,102,40.1,40.0,30.0 / 109,30.5 / 102
5812,OR,KIDD,F,75,82.2,121.0,155,41.1,41.1,41.1,155,41.1,155,60.5,60.5,41.1 / 155,41.1 / 155
5812,OR,BLACK,F,72,80.3,118.1,155,40.0,40.3,40.0,155,40.3,155,58.8,59.3,40.0 / 155,40.3 / 155
5812,OR,Black/Tan,F,72,78.4,115.2,155,39.3,39.1,39.3,155,39.1,155,57.8,57.4,39.3 / 155,39.1 / 155
5812,OR,TAN,F,72,77.7,114.1,154,38.9,38.8,38.9,154,38.8,154,57.1,57.0,38.9 / 154,38.8 / 154
5812,OR,Tan/Sage,F,73,76.5,112.3,152,38.5,38.0,38.5,153,38.0,151,56.5,55.8,38.5 / 153,38.0 / 151
5812,OR,SAGE,F,72,75.2,110.7,151,37.6,37.6,37.6,149,37.6,152,55.2,55.5,37.6 / 149,37.6 / 152
5812,OR,Sage/Red,F,72,73.0,106.6,143,36.5,36.5,36.5,141,36.5,144,53.1,53.5,36.5 / 141,36.5 / 144
5812,OR,RED,F,72,70.9,102.6,135,35.3,35.6,35.3,130,35.6,139,50.6,52.0,35.3 / 130,35.6 / 139
5812,OR,JUNIOR,F,68,62.2,88.8,113,31.3,30.9,31.3,112,30.9,114,44.5,44.3,31.3 / 112,30.9 / 114
34368,OR,WHITE,M,27,26.2,32.9,72,26.2,,26.2,72,,,32.9,,26.2 / 72,/
34368,OR,RED,M,27,25.4,31.5,66,25.4,,25.4,66,,,31.5,,25.4 / 66,/
34368,OR,WHITE,F,27,27.4,36.9,81,27.4,,27.4,81,,,36.9,,27.4 / 81,/
34368,OR,RED,F,27,26.6,35.4,75,26.6,,26.6,75,,,35.4,,26.6 / 75,/
5933,OR,BLUE/GOLD,M,71,69.6,92.5,124,34.6,35.0,34.6,121,35.0,126,45.8,46.7,34.6 / 121,35.0 / 126
5933,OR,WHITE/RED,M,71,68.0,90.6,122,33.7,34.3,33.7,121,34.3,123,44.9,45.7,33.7 / 121,34.3 / 123
5933,OR,White/Red/Purple,M,69,65.0,86.1,114,32.6,32.4,32.6,112,32.4,115,43.0,43.1,32.6 / 112,32.4 / 115
5933,OR,PURPLE,M,69,61.9,80.2,99,30.9,31.0,30.9,99,31.0,98,40.1,40.1,30.9 / 99,31.0 / 98
5933,OR,WHITE/RED,F,72,73.3,103.2,127,36.1,37.2,36.1,122,37.2,131,50.5,52.7,36.1 / 122,37.2 / 131
5933,OR,White/Red/Purple,F,72,70.4,98.1,117,35.2,35.2,35.2,114,35.2,120,48.7,49.4,35.2 / 114,35.2 / 120
5933,OR,WHITE/PURPLE,F,72,68.9,96.0,115,36.1,32.8,36.1,122,32.8,108,50.5,45.5,36.1 / 122,32.8 / 108
5933,OR,PURPLE,F,72,65.4,90.2,106,32.6,32.8,32.6,103,32.8,108,44.7,45.5,32.6 / 103,32.8 / 108
5959,OR,BLUE,M,70,68.6,91.0,121,34.5,34.1,34.5,123,34.1,118,45.9,45.1,34.5 / 123,34.1 / 118
5959,OR,WHITE,M,70,67.6,89.7,119,34.1,33.5,34.1,122,33.5,116,45.4,44.3,34.1 / 122,33.5 / 116
5959,OR,RED,M,70,64.8,85.2,110,32.3,32.5,32.3,114,32.5,105,42.9,42.3,32.3 / 114,32.5 / 105
5959,OR,BLUE,F,70,73.8,103.8,127,37.3,36.5,37.3,128,36.5,126,52.4,51.4,37.3 / 128,36.5 / 126
5959,OR,WHITE,F,70,72.7,102.4,126,36.8,35.9,36.8,126,35.9,126,51.7,50.7,36.8 / 126,35.9 / 126
5959,OR,RED,F,70,69.3,97.2,119,34.6,34.7,34.6,118,34.7,119,48.5,48.7,34.6 / 118,34.7 / 119
5872,OR,BLUE,M,72,71.2,94.7,126,35.1,36.1,35.1,121,36.1,131,46.3,48.3,35.1 / 121,36.1 / 131
5872,OR,WHITE,M,72,69.7,92.7,123,34.5,35.2,34.5,117,35.2,129,45.4,47.2,34.5 / 117,35.2 / 129
5872,OR,GOLD,M,72,67.5,89.1,117,33.4,34.1,33.4,111,34.1,122,43.7,45.4,33.4 / 111,34.1 / 122
5872,OR,RED,M,72,64.8,85.5,111,31.9,32.9,31.9,111,32.9,110,42.2,43.1,31.9 / 111,32.9 / 110
5872,OR,ORANGE,M,64,57.7,71.3,81,28.9,28.6,28.9,81,28.6,81,36.4,36.1,28.9 / 81,28.6 / 81
5872,OR,WHITE,F,72,74.9,106.2,133,37.1,37.8,37.1,134,37.8,131,52.9,53.3,37.1 / 134,37.8 / 131
5872,OR,GOLD,F,72,73.1,103.9,131,36.2,36.9,36.2,129,36.9,132,51.4,52.5,36.2 / 129,36.9 / 132
5872,OR,RED,F,72,69.7,98.7,123,34.4,35.3,34.4,120,35.3,126,48.6,50.1,34.4 / 120,35.3 / 126
5872,OR,ORANGE,F,64,58.7,80.3,88,29.3,29.4,29.3,89,29.4,87,39.8,39.7,29.3 / 89,29.4 / 87
5961,OR,Original BLUE,M,58,58.8,77.2,99,29.4,29.4,29.4,99,29.4,99,38.6,38.6,29.4 / 99,29.4 / 99
5961,OR,Original WHITE,M,58,58.2,76.4,98,29.1,29.1,29.1,98,29.1,98,38.2,38.2,29.1 / 98,29.1 / 98
5961,OR,BLUE,M,58,58.1,76.0,97,28.8,29.3,28.8,98,29.3,95,37.9,38.1,28.8 / 98,29.3 / 95
5961,OR,BLUE/WHITE,M,58,57.7,75.4,96,28.6,29.1,28.6,97,29.1,94,37.6,37.8,28.6 / 97,29.1 / 94
5961,OR,WHITE,M,58,57.6,75.1,95,28.6,29.0,28.6,96,29.0,93,37.5,37.6,28.6 / 96,29.0 / 93
5961,OR,Original GOLD,M,58,54.4,71.8,94,27.2,27.2,27.2,94,27.2,94,35.9,35.9,27.2 / 94,27.2 / 94
5961,OR,GOLD,M,58,54.0,70.9,91,27.0,27.0,27.0,90,27.0,91,35.4,35.5,27.0 / 90,27.0 / 91
5961,OR,Original BLUE,F,58,59.6,84.2,104,29.8,29.8,29.8,104,29.8,104,42.1,42.1,29.8 / 104,29.8 / 104
5961,OR,Original WHITE,F,58,59.0,83.0,102,29.5,29.5,29.5,102,29.5,102,41.5,41.5,29.5 / 102,29.5 / 102
5961,OR,BLUE,F,58,58.9,83.5,104,29.3,29.6,29.3,105,29.6,103,41.7,41.8,29.3 / 105,29.6 / 103
5961,OR,BLUE/WHITE,F,58,58.4,82.8,104,29.0,29.4,29.0,104,29.4,103,41.3,41.5,29.0 / 104,29.4 / 103
5961,OR,WHITE,F,58,58.2,82.2,102,28.9,29.3,28.9,103,29.3,101,41.0,41.2,28.9 / 103,29.3 / 101
5961,OR,Original GOLD,F,58,57.0,80.0,98,28.5,28.5,28.5,98,28.5,98,40.0,40.0,28.5 / 98,28.5 / 98
5961,OR,GOLD,F,58,56.7,79.7,98,28.2,28.5,28.2,98,28.5,97,39.8,39.9,28.2 / 98,28.5 / 97
5873,OR,BLUE,M,71,69.5,92.8,126,35.6,33.9,35.6,139,33.9,112,48.5,44.3,35.6 / 139,33.9 / 112
5873,OR,WHITE,M,71,67.2,88.6,116,34.2,33.0,34.2,123,33.0,108,45.6,43.0,34.2 / 123,33.0 / 108
5873,OR,GREEN,M,71,64.6,84.3,106,32.4,32.2,32.4,112,32.2,100,42.8,41.5,32.4 / 112,32.2 / 100
5873,OR,BLUE,F,73,75.2,106.2,132,39.1,36.1,39.1,134,36.1,129,54.9,51.3,39.1 / 134,36.1 / 129
5873,OR,WHITE,F,72,72.2,103.0,131,37.0,35.2,37.0,138,35.2,123,53.3,49.7,37.0 / 138,35.2 / 123
5873,OR,GREEN,F,72,69.2,97.0,118,34.9,34.3,34.9,124,34.3,112,49.5,47.5,34.9 / 124,34.3 / 112
5809,OR,BLUE,M,72,70.8,93.4,122,35.4,35.4,35.4,122,35.4,122,46.7,46.7,35.4 / 122,35.4 / 122
5809,OR,BLUE/WHITE,M,72,70.3,92.7,121,35.4,34.9,35.4,122,34.9,117,46.7,45.8,35.4 / 122,34.9 / 117
5809,OR,WHITE,M,72,69.8,91.6,117,34.9,34.9,34.9,117,34.9,117,45.8,45.8,34.9 / 117,34.9 / 117
5809,OR,RED,M,72,65.0,84.2,103,32.5,32.5,32.5,103,32.5,103,42.1,42.1,32.5 / 103,32.5 / 103
5809,OR,BLUE/WHITE,F,72,76.4,107.8,134,38.6,37.8,38.6,136,37.8,131,54.6,53.2,38.6 / 136,37.8 / 131
5809,OR,RED/WHITE,F,72,73.0,101.5,121,35.2,37.8,35.2,111,37.8,131,48.3,53.2,35.2 / 111,37.8 / 131
5809,OR,RED,F,72,70.4,96.6,111,35.2,35.2,35.2,111,35.2,111,48.3,48.3,35.2 / 111,35.2 / 111
5952,OR,Black,M,72,75.8,104.3,153,38.1,37.7,38.1,155,37.7,150,52.7,51.6,38.1 / 155,37.7 / 150
5952,OR,Black/Blue,M,72,74.4,101.7,147,37.3,37.1,37.3,147,37.1,146,51.0,50.7,37.3 / 147,37.1 / 146
5952,OR,Mallard Blue,M,72,73.2,100.2,145,36.7,36.5,36.7,145,36.5,145,50.2,50.0,36.7 / 145,36.5 / 145
5952,OR,Blue,M,72,73.1,99.8,144,36.7,36.4,36.7,145,36.4,142,50.2,49.6,36.7 / 145,36.4 / 142
5952,OR,Mallard,M,72,72.3,99.2,145,36.2,36.1,36.2,144,36.1,145,49.6,49.6,36.2 / 144,36.1 / 145
5952,OR,Blue/White,M,72,72.1,98.8,144,36.2,35.9,36.2,144,35.9,143,49.6,49.2,36.2 / 144,35.9 / 143
5952,OR,White,M,72,70.1,95.8,139,35.3,34.8,35.3,142,34.8,135,48.5,47.3,35.3 / 142,34.8 / 135
5952,OR,White/Green,M,72,68.1,93.2,135,34.3,33.8,34.3,140,33.8,130,47.3,45.9,34.3 / 140,33.8 / 130
5952,OR,Green,M,71,66.6,91.0,132,33.5,33.1,33.5,136,33.1,127,46.1,44.9,33.5 / 136,33.1 / 127
5952,OR,Yellow,M,72,62.6,85.4,123,31.3,31.3,31.3,127,31.3,118,43.1,42.3,31.3 / 127,31.3 / 118
5952,OR,White,F,73,76.9,111.1,145,39.1,37.8,39.1,149,37.8,141,56.7,54.4,39.1 / 149,37.8 / 141
5952,OR,White/Green,F,72,74.4,107.2,140,37.8,36.6,37.8,142,36.6,137,54.5,52.7,37.8 / 142,36.6 / 137
5952,OR,Green,F,72,72.8,104.6,135,36.9,35.9,36.9,132,35.9,137,52.5,52.1,36.9 / 132,35.9 / 137
5952,OR,Yellow,F,72,66.6,95.9,124,33.5,33.1,33.5,121,33.1,127,47.8,48.1,33.5 / 121,33.1 / 127
5816,OR,GREEN,M,72,73.3,99.2,140,37.7,35.6,37.7,140,35.6,139,50.7,48.5,37.7 / 140,35.6 / 139
5816,OR,BLACK,M,72,71.3,95.2,129,36.6,34.7,36.6,130,34.7,127,48.7,46.5,36.6 / 130,34.7 / 127
5816,OR,BLACK/TAN,M,72,69.6,93.2,127,35.5,34.1,35.5,129,34.1,125,47.5,45.7,35.5 / 129,34.1 / 125
5816,OR,TAN,M,72,68.8,91.6,123,35.2,33.6,35.2,127,33.6,118,47.0,44.6,35.2 / 127,33.6 / 118
5816,OR,TAN/RED,M,72,66.6,88.0,116,34.0,32.6,34.0,122,32.6,109,45.3,42.7,34.0 / 122,32.6 / 109
5816,OR,RED,M,72,65.2,85.8,111,33.2,32.0,33.2,116,32.0,105,44.0,41.8,33.2 / 116,32.0 / 105
5816,OR,RED/ORANGE,M,72,62.4,81.2,102,31.3,31.1,31.3,103,31.1,100,40.9,40.3,31.3 / 103,31.1 / 100
5816,OR,ORANGE,M,72,60.2,78.2,98,30.5,29.7,30.5,100,29.7,95,39.8,38.4,30.5 / 100,29.7 / 95
5816,OR,BLACK,F,72,77.4,111.2,143,39.8,37.6,39.8,149,37.6,137,57.4,53.8,39.8 / 149,37.6 / 137
5816,OR,BLACK/TAN,F,72,76.1,109.3,141,39.1,37.0,39.1,145,37.0,136,56.2,53.0,39.1 / 145,37.0 / 136
5816,OR,TAN,F,72,74.4,106.8,137,38.3,36.1,38.3,143,36.1,131,55.2,51.6,38.3 / 143,36.1 / 131
5816,OR,TAN/RED,F,72,71.8,102.8,132,37.2,34.6,37.2,139,34.6,124,53.6,49.2,37.2 / 139,34.6 / 124
5816,OR,RED,F,72,70.4,100.2,127,36.3,34.1,36.3,134,34.1,119,52.1,48.1,36.3 / 134,34.1 / 119
5816,OR,RED/ORANGE,F,72,66.0,92.1,112,33.0,33.0,33.0,116,33.0,107,46.6,45.5,33.0 / 116,33.0 / 107
5816,OR,ORANGE,F,72,63.1,87.4,103,32.0,31.3,32.0,108,31.3,98,44.7,42.9,32.0 / 108,31.3 / 98
5817,OR,GREEN,M,72,74.5,100.6,141,37.1,37.4,37.1,136,37.4,145,49.7,50.9,37.1 / 136,37.4 / 145
5817,OR,BLACK,M,72,72.7,98.2,137,36.1,36.6,36.1,132,36.6,142,48.4,49.8,36.1 / 132,36.6 / 142
5817,OR,BLACK/TAN,M,72,70.5,95.1,133,35.1,35.4,35.1,126,35.4,139,46.8,48.3,35.1 / 126,35.4 / 139
5817,OR,TAN,M,72,69.8,93.4,127,34.8,35.0,34.8,119,35.0,135,45.9,47.5,34.8 / 119,35.0 / 135
5817,OR,TAN/RED,M,72,66.4,87.6,114,33.1,33.3,33.1,110,33.3,118,43.3,44.3,33.1 / 110,33.3 / 118
5817,OR,RED,M,72,65.4,85.6,109,32.4,33.0,32.4,107,33.0,111,42.3,43.3,32.4 / 107,33.0 / 111
5817,OR,RED/ORANGE,M,72,62.5,82.2,106,31.3,31.2,31.3,105,31.2,107,41.1,41.1,31.3 / 105,31.2 / 107
5817,OR,ORANGE,M,72,60.9,79.8,102,30.5,30.4,30.5,101,30.4,102,39.9,39.9,30.5 / 101,30.4 / 102
5817,OR,BLACK,F,72,79.1,112.5,142,39.3,39.8,39.3,137,39.8,147,55.4,57.1,39.3 / 137,39.8 / 147
5817,OR,BLACK/TAN,F,72,76.8,109.2,137,38.1,38.7,38.1,132,38.7,142,53.7,55.5,38.1 / 132,38.7 / 142
5817,OR,TAN,F,72,75.8,107.6,135,37.7,38.1,37.7,130,38.1,140,53.0,54.6,37.7 / 130,38.1 / 140
5817,OR,TAN/RED,F,71,71.5,101.2,126,35.6,35.9,35.6,123,35.9,129,50.1,51.1,35.6 / 123,35.9 / 129
5817,OR,RED,F,72,70.1,99.0,123,34.8,35.3,34.8,117,35.3,128,48.6,50.4,34.8 / 117,35.3 / 128
5817,OR,RED/ORANGE,F,72,65.5,91.9,112,33.3,32.2,33.3,110,32.2,114,46.3,45.6,33.3 / 110,32.2 / 114
5817,OR,ORANGE,F,72,62.6,87.7,107,31.7,30.9,31.7,107,30.9,106,44.3,43.4,31.7 / 107,30.9 / 106
5899,OR,BLACK,M,72,73.0,96.9,129,36.3,36.7,36.3,123,36.7,135,47.7,49.2,36.3 / 123,36.7 / 135
5899,OR,BLUE,M,72,70.5,93.7,125,35.3,35.2,35.3,121,35.2,129,46.5,47.2,35.3 / 121,35.2 / 129
5899,OR,WHITE,M,72,68.6,90.6,118,34.3,34.3,34.3,117,34.3,119,45.2,45.4,34.3 / 117,34.3 / 119
5899,OR,YELLOW,M,68,63.6,82.9,104,32.0,31.6,32.0,108,31.6,100,42.0,40.9,32.0 / 108,31.6 / 100
5899,OR,BLUE,F,72,76.5,108.4,136,38.3,38.2,38.3,131,38.2,140,53.7,54.7,38.3 / 131,38.2 / 140
5899,OR,WHITE,F,72,74.1,104.5,129,37.1,37.0,37.1,125,37.0,133,51.8,52.7,37.1 / 125,37.0 / 133
5899,OR,YELLOW,F,72,68.5,95.7,116,34.4,34.1,34.4,117,34.1,114,48.2,47.5,34.4 / 117,34.1 / 114
5941,OR,BEAVER,M,71,75.0,99.0,130,37.5,37.5,37.5,122,37.5,137,48.8,50.2,37.5 / 122,37.5 / 137
5941,OR,BLACK,M,71,72.1,95.3,125,35.9,36.2,35.9,118,36.2,131,46.9,48.4,35.9 / 118,36.2 / 131
5941,OR,WHITE,M,71,69.7,92.7,124,34.7,35.0,34.7,117,35.0,130,45.6,47.1,34.7 / 117,35.0 / 130
5941,OR,WHITE/GREY,M,71,68.5,91.0,121,33.8,34.7,33.8,117,34.7,124,44.8,46.2,33.8 / 117,34.7 / 124
5941,OR,GREY,M,71,66.7,88.2,116,32.9,33.8,32.9,112,33.8,119,43.3,44.9,32.9 / 112,33.8 / 119
5941,OR,GREY/ORANGE,M,71,64.7,85.3,111,31.8,32.9,31.8,108,32.9,114,41.8,43.5,31.8 / 108,32.9 / 114
5941,OR,ORANGE,M,71,61.6,80.9,104,30.6,31.0,30.6,102,31.0,105,40.1,40.8,30.6 / 102,31.0 / 105
5941,OR,WHITE,F,73,76.0,108.2,137,37.9,38.1,37.9,129,38.1,144,53.1,55.1,37.9 / 129,38.1 / 144
5941,OR,WHITE/GREY,F,72,74.0,103.8,126,36.6,37.4,36.6,121,37.4,131,50.9,52.9,36.6 / 121,37.4 / 131
5941,OR,GREY,F,71,71.9,101.0,124,35.7,36.2,35.7,120,36.2,127,49.8,51.2,35.7 / 120,36.2 / 127
5941,OR,GREY/ORANGE,F,71,69.7,97.3,117,34.3,35.4,34.3,113,35.4,121,47.6,49.7,34.3 / 113,35.4 / 121
5941,OR,GREY/ORANGE (Orange #10),F,71,69.2,96.4,116,34.3,34.9,34.3,113,34.9,118,47.6,48.8,34.3 / 113,34.9 / 118
5941,OR,ORANGE,F,71,66.0,91.5,108,32.6,33.4,32.6,107,33.4,109,45.2,46.3,32.6 / 107,33.4 / 109
5935,OR,Black,M,72,72.9,97.8,134,37.6,35.3,37.6,138,35.3,130,50.4,47.4,37.6 / 138,35.3 / 130
5935,OR,Black/Blue,M,72,72.1,96.9,134,37.1,35.0,37.1,138,35.0,129,49.9,47.0,37.1 / 138,35.0 / 129
5935,OR,Blue,M,72,71.1,95.7,133,36.4,34.7,36.4,138,34.7,127,49.2,46.5,36.4 / 138,34.7 / 127
5935,OR,Blue/White,M,72,70.1,94.5,132,36.0,34.1,36.0,136,34.1,127,48.6,45.9,36.0 / 136,34.1 / 127
5935,OR,White,M,72,69.1,93.0,129,35.4,33.7,35.4,135,33.7,123,47.9,45.1,35.4 / 135,33.7 / 123
5935,OR,White/Red,M,72,67.7,91.2,127,34.5,33.1,34.5,130,33.1,124,46.6,44.6,34.5 / 130,33.1 / 124
5935,OR,Red,M,72,66.7,89.5,123,34.2,32.5,34.2,128,32.5,117,46.1,43.4,34.2 / 128,32.5 / 117
5935,OR,Red/Gold,M,72,64.3,86.0,117,32.8,31.5,32.8,121,31.5,113,44.0,42.0,32.8 / 121,31.5 / 113
5935,OR,Gold,M,72,62.3,83.1,112,31.8,30.5,31.8,116,30.5,108,42.6,40.5,31.8 / 116,30.5 / 108
5935,OR,Blue,F,72,77.1,110.3,141,39.6,37.5,39.6,148,37.5,134,57.0,53.3,39.6 / 148,37.5 / 134
5935,OR,Blue/White,F,72,76.1,108.2,136,39.1,37.0,39.1,143,37.0,129,56.0,52.2,39.1 / 143,37.0 / 129
5935,OR,White,F,72,74.8,106.2,134,38.5,36.3,38.5,141,36.3,126,55.1,51.1,38.5 / 141,36.3 / 126
5935,OR,White/Red,F,72,72.8,103.9,132,37.3,35.5,37.3,141,35.5,123,53.9,50.0,37.3 / 141,35.5 / 123
5935,OR,Red,F,72,71.9,101.8,127,37.0,34.8,37.0,135,34.8,120,52.9,48.9,37.0 / 135,34.8 / 120
5935,OR,Red/Gold,F,72,68.7,97.4,122,35.2,33.5,35.2,126,33.5,117,50.1,47.3,35.2 / 126,33.5 / 117
5935,OR,Gold,F,72,65.7,92.4,113,34.1,31.6,34.1,117,31.6,109,47.9,44.5,34.1 / 117,31.6 / 109
5913,OR,WHITE/RED,M,72,69.8,90.3,111,34.5,35.3,34.5,110,35.3,111,44.7,45.6,34.5 / 110,35.3 / 111
5913,OR,YELLOW/BLUE,M,72,68.4,88.7,110,34.0,34.4,34.0,109,34.4,110,44.1,44.6,34.0 / 109,34.4 / 110
5913,OR,WHITE/RED,F,76,76.3,107.7,134,37.8,38.5,37.8,131,38.5,136,53.2,54.5,37.8 / 131,38.5 / 136
5913,OR,YELLOW/BLUE,F,76,74.8,104.2,125,37.3,37.5,37.3,123,37.5,126,51.8,52.4,37.3 / 123,37.5 / 126
5964,OR,BLACK,M,72,68.2,90.8,122,34.1,34.1,34.1,122,34.1,122,45.4,45.4,34.1 / 122,34.1 / 122
5964,OR,WHITE/BLACK,M,72,67.7,90.2,122,33.6,34.1,33.6,121,34.1,122,44.8,45.4,33.6 / 121,34.1 / 122
5964,OR,RED,M,72,65.4,85.8,110,32.7,32.7,32.7,110,32.7,110,42.9,42.9,32.7 / 110,32.7 / 110
5964,OR,WHITE/BLACK,F,72,73.2,103.9,131,36.2,37.0,36.2,130,37.0,131,51.5,52.4,36.2 / 130,37.0 / 131
5964,OR,RED,F,72,70.2,100.0,126,35.1,35.1,35.1,126,35.1,126,50.0,50.0,35.1 / 126,35.1 / 126
5884,OR,BLACK,M,72,72.6,98.1,138,36.2,36.4,36.2,136,36.4,139,48.8,49.3,36.2 / 136,36.4 / 139
5884,OR,BLACK/BLUE COMBO,M,72,71.8,96.8,135,35.6,36.2,35.6,133,36.2,136,48.0,48.8,35.6 / 133,36.2 / 136
5884,OR,BLUE,M,72,71.3,95.7,131,35.4,35.9,35.4,131,35.9,131,47.6,48.1,35.4 / 131,35.9 / 131
5884,OR,BLUE/WHITE COMBO,M,72,69.9,94.2,131,34.8,35.0,34.8,130,35.0,133,46.9,47.4,34.8 / 130,35.0 / 133
5884,OR,WHITE,M,71,69.0,92.7,128,34.3,34.7,34.3,128,34.7,127,46.2,46.5,34.3 / 128,34.7 / 127
5884,OR,WHITE/GREEN COMBO,M,71,66.6,89.6,124,33.0,33.6,33.0,123,33.6,125,44.4,45.2,33.0 / 123,33.6 / 125
5884,OR,GREEN,M,71,65.9,88.5,122,32.5,33.4,32.5,118,33.4,125,43.5,45.0,32.5 / 118,33.4 / 125
5884,OR,SHORT COURSE,M,67,60.3,80.2,107,29.8,30.5,29.8,104,30.5,110,39.5,40.7,29.8 / 104,30.5 / 110
5884,OR,BLUE,F,72,77.1,109.8,139,38.4,38.7,38.4,136,38.7,142,54.4,55.4,38.4 / 136,38.7 / 142
5884,OR,BLUE/WHITE COMBO,F,72,75.6,107.7,136,37.7,37.9,37.7,135,37.9,137,53.6,54.1,37.7 / 135,37.9 / 137
5884,OR,WHITE,F,72,74.6,106.0,133,37.3,37.3,37.3,132,37.3,134,52.9,53.1,37.3 / 132,37.3 / 134
5884,OR,WHITE/GREEN COMBO,F,72,71.9,101.5,126,35.8,36.1,35.8,124,36.1,127,50.4,51.1,35.8 / 124,36.1 / 127
5884,OR,GREEN,F,72,70.8,100.7,127,35.1,35.8,35.1,126,35.8,127,50.0,50.8,35.1 / 126,35.8 / 127
5884,OR,SHORT COURSE,F,67,62.0,86.1,102,30.4,31.6,30.4,99,31.6,105,42.1,44.0,30.4 / 99,31.6 / 105
5922,OR,BLACK,M,72,72.5,98.4,140,36.3,36.2,36.3,137,36.2,142,49.0,49.4,36.3 / 137,36.2 / 142
5922,OR,BLACK Temp 9,M,70,71.4,97.2,139,35.7,35.7,35.7,139,35.7,139,48.6,48.6,35.7 / 139,35.7 / 139
5922,OR,BLACK/BLUE,M,72,71.3,97.1,139,35.4,35.9,35.4,133,35.9,144,47.8,49.3,35.4 / 133,35.9 / 144
5922,OR,BLUE,M,72,70.2,95.4,136,34.8,35.4,34.8,127,35.4,144,46.6,48.8,34.8 / 127,35.4 / 144
5922,OR,BLUE/WHITE,M,72,68.6,92.3,128,34.2,34.4,34.2,118,34.4,137,45.2,47.1,34.2 / 118,34.4 / 137
5922,OR,Blue Temp 9,M,70,68.6,93.6,135,34.3,34.3,34.3,135,34.3,135,46.8,46.8,34.3 / 135,34.3 / 135
5922,OR,WHITE,M,72,66.6,89.6,124,33.4,33.2,33.4,117,33.2,130,44.3,45.3,33.4 / 117,33.2 / 130
5922,OR,WHITE/GOLD,M,72,65.5,88.0,121,32.9,32.6,32.9,114,32.6,128,43.5,44.5,32.9 / 114,32.6 / 128
5922,OR,WHITE Temp 9,M,70,65.4,86.8,115,32.7,32.7,32.7,115,32.7,115,43.4,43.4,32.7 / 115,32.7 / 115
5922,OR,GOLD,M,72,63.0,83.7,112,31.0,32.0,31.0,108,32.0,115,41.0,42.7,31.0 / 108,32.0 / 115
5922,OR,GOLD Temp 9,M,70,61.2,81.6,110,30.6,30.6,30.6,110,30.6,110,40.8,40.8,30.6 / 110,30.6 / 110
5922,OR,GOLD/GREEN,M,68,60.8,81.0,109,30.1,30.7,30.1,107,30.7,111,40.0,41.0,30.1 / 107,30.7 / 111
5922,OR,GREEN,M,65,59.7,79.1,105,30.1,29.6,30.1,102,29.6,107,39.6,39.5,30.1 / 102,29.6 / 107
5922,OR,BLUE/WHITE,F,72,74.5,108.7,145,37.1,37.4,37.1,138,37.4,152,53.4,55.3,37.1 / 138,37.4 / 152
5922,OR,WHITE,F,72,72.6,105.7,141,36.3,36.3,36.3,136,36.3,145,52.3,53.4,36.3 / 136,36.3 / 145
5922,OR,WHITE/GOLD,F,72,71.2,103.5,137,35.7,35.5,35.7,135,35.5,139,51.6,51.9,35.7 / 135,35.5 / 139
5922,OR,WHITE Temp 9,F,70,70.4,102.8,137,35.2,35.2,35.2,137,35.2,137,51.4,51.4,35.2 / 137,35.2 / 137
5922,OR,GOLD,F,72,68.4,98.5,128,34.0,34.4,34.0,126,34.4,129,48.9,49.6,34.0 / 126,34.4 / 129
5922,OR,GOLD Temp 9,F,70,66.2,95.4,124,33.1,33.1,33.1,124,33.1,124,47.7,47.7,33.1 / 124,33.1 / 124
5922,OR,GOLD/GREEN,F,71,65.0,92.8,118,32.4,32.6,32.4,115,32.6,120,46.0,46.8,32.4 / 115,32.6 / 120
5922,OR,GREEN,F,69,61.9,87.7,110,31.2,30.7,31.2,108,30.7,111,43.9,43.8,31.2 / 108,30.7 / 111
5922,OR,GREEN Temp 9,F,68,60.8,85.2,103,30.4,30.4,30.4,103,30.4,103,42.6,42.6,30.4 / 103,30.4 / 103
5822,OR,BLACK,M,72,74.4,99.2,133,37.3,37.1,37.3,133,37.1,133,49.7,49.5,37.3 / 133,37.1 / 133
5822,OR,BLUE,M,72,72.4,96.3,129,36.2,36.2,36.2,127,36.2,130,48.0,48.3,36.2 / 127,36.2 / 130
5822,OR,BLUE/WHITE,M,72,71.1,94.7,127,35.6,35.5,35.6,124,35.5,130,47.1,47.6,35.6 / 124,35.5 / 130
5822,OR,WHITE,M,72,69.9,93.1,125,34.9,35.0,34.9,124,35.0,126,46.4,46.7,34.9 / 124,35.0 / 126
5822,OR,GOLD,M,72,67.5,90.0,121,33.8,33.7,33.8,118,33.7,124,44.8,45.2,33.8 / 118,33.7 / 124
5822,OR,RED,M,72,64.3,85.4,114,32.0,32.3,32.0,110,32.3,117,42.2,43.2,32.0 / 110,32.3 / 117
5822,OR,WHITE,F,72,75.8,107.6,135,37.9,37.9,37.9,133,37.9,137,53.6,54.0,37.9 / 133,37.9 / 137
5822,OR,GOLD,F,72,73.5,103.6,128,36.8,36.7,36.8,127,36.7,128,51.8,51.8,36.8 / 127,36.7 / 128
5822,OR,GOLD/RED,F,72,71.7,100.7,123,36.0,35.7,36.0,122,35.7,124,50.4,50.3,36.0 / 122,35.7 / 124
5822,OR,RED,F,72,69.1,97.1,119,34.3,34.8,34.3,117,34.8,120,48.1,49.0,34.3 / 117,34.8 / 120
5940,OR,Black,M,72,69.1,92.7,127,34.1,35.0,34.1,119,35.0,135,45.2,47.5,34.1 / 119,35.0 / 135
5940,OR,White,M,72,67.9,91.0,124,33.5,34.4,33.5,118,34.4,130,44.5,46.5,33.5 / 118,34.4 / 130
5940,OR,Green,M,70,64.5,85.4,113,31.8,32.7,31.8,108,32.7,117,41.8,43.6,31.8 / 108,32.7 / 117
5940,OR,Black,F,72,74.5,106.0,134,36.6,37.9,36.6,127,37.9,140,51.6,54.4,36.6 / 127,37.9 / 140
5940,OR,White,F,72,73.3,104.6,133,36.0,37.3,36.0,127,37.3,138,51.0,53.6,36.0 / 127,37.3 / 138
5940,OR,Green,F,72,69.6,99.0,125,34.3,35.3,34.3,126,35.3,123,49.2,49.8,34.3 / 126,35.3 / 123
5805,OR,BLACK,M,72,74.2,98.9,133,37.3,36.9,37.3,136,36.9,130,49.9,49.0,37.3 / 136,36.9 / 130
5805,OR,BLACK/BLUE,M,72,72.7,97.1,132,36.4,36.3,36.4,135,36.3,128,48.9,48.2,36.4 / 135,36.3 / 128
5805,OR,BLUE,M,72,71.6,95.5,129,35.9,35.7,35.9,133,35.7,124,48.3,47.2,35.9 / 133,35.7 / 124
5805,OR,BLUE/WHITE,M,72,70.4,93.6,125,35.3,35.1,35.3,129,35.1,121,47.3,46.3,35.3 / 129,35.1 / 121
5805,OR,WHITE,M,72,69.3,92.0,122,34.9,34.4,34.9,127,34.4,117,46.7,45.3,34.9 / 127,34.4 / 117
5805,OR,WHITE/ORANGE,M,72,68.8,90.8,119,34.5,34.3,34.5,123,34.3,114,45.9,44.9,34.5 / 123,34.3 / 114
5805,OR,ORANGE,M,72,66.9,88.6,117,33.5,33.4,33.5,119,33.4,114,44.6,44.0,33.5 / 119,33.4 / 114
5805,OR,ORANGE/YELLOW,M,72,64.9,86.1,114,32.4,32.5,32.4,118,32.5,110,43.4,42.7,32.4 / 118,32.5 / 110
5805,OR,YELLOW,M,72,63.4,83.9,110,31.5,31.9,31.5,115,31.9,105,42.2,41.7,31.5 / 115,31.9 / 105
5805,OR,YELLOW/MAROON,M,72,62.0,82.4,110,31.1,30.9,31.1,113,30.9,107,41.6,40.8,31.1 / 113,30.9 / 107
5805,OR,MAROON,M,72,61.2,81.1,107,30.8,30.4,30.8,109,30.4,105,40.9,40.2,30.8 / 109,30.4 / 105
5805,OR,BLUE,F,72,77.7,110.9,141,39.1,38.6,39.1,142,38.6,140,55.8,55.1,39.1 / 142,38.6 / 140
5805,OR,BLUE/WHITE,F,72,76.1,107.8,135,38.3,37.8,38.3,134,37.8,135,54.1,53.7,38.3 / 134,37.8 / 135
5805,OR,WHITE,F,72,74.9,106.2,133,37.9,37.0,37.9,133,37.0,132,53.6,52.6,37.9 / 133,37.0 / 132
5805,OR,WHITE/ORANGE,F,72,74.0,104.4,129,37.4,36.6,37.4,130,36.6,128,52.7,51.7,37.4 / 130,36.6 / 128
5805,OR,ORANGE,F,72,72.2,101.0,123,36.2,36.0,36.2,125,36.0,120,50.9,50.1,36.2 / 125,36.0 / 120
5805,OR,ORANGE/YELLOW,F,72,70.0,98.1,119,35.2,34.8,35.2,118,34.8,120,49.1,49.0,35.2 / 118,34.8 / 120
5805,OR,YELLOW,F,72,68.2,94.4,111,34.1,34.1,34.1,111,34.1,111,47.2,47.2,34.1 / 111,34.1 / 111
5805,OR,YELLOW/MAROON,F,72,66.5,92.1,109,33.4,33.1,33.4,109,33.1,109,46.2,45.9,33.4 / 109,33.1 / 109
5805,OR,MAROON,F,72,64.7,90.0,108,32.4,32.3,32.4,107,32.3,108,45.0,45.0,32.4 / 107,32.3 / 108
5920,OR,WHITE/RED,M,60,57.6,74.0,88,29.0,28.6,29.0,89,28.6,87,37.3,36.7,29.0 / 89,28.6 / 87
5920,OR,WHITE/RED-YELLOW,M,60,57.2,73.2,86,29.0,28.2,29.0,88,28.2,84,37.2,36.0,29.0 / 88,28.2 / 84
5920,OR,WHITE/RED,F,60,59.7,81.1,91,30.0,29.7,30.0,92,29.7,90,40.8,40.3,30.0 / 92,29.7 / 90
5920,OR,WHITE/RED-YELLOW,F,60,59.4,80.2,89,30.0,29.4,30.0,92,29.4,86,40.8,39.6,30.0 / 92,29.4 / 86
35303,OR,WHITE,M,66,61.6,79.2,95,30.8,30.8,30.8,95,30.8,95,39.6,39.6,30.8 / 95,30.8 / 95
35303,OR,RED,M,66,60.8,78.0,93,30.4,30.4,30.4,93,30.4,93,39.0,39.0,30.4 / 93,30.4 / 93
35303,OR,BLUE,M,66,59.2,76.6,94,29.6,29.6,29.6,94,29.6,94,38.3,38.3,29.6 / 94,29.6 / 94
35303,OR,WHITE,F,66,65.4,88.8,99,32.7,32.7,32.7,99,32.7,99,44.4,44.4,32.7 / 99,32.7 / 99
35303,OR,RED,F,66,64.0,86.6,96,32.0,32.0,32.0,96,32.0,96,43.3,43.3,32.0 / 96,32.0 / 96
35303,OR,BLUE,F,66,61.6,82.4,88,30.8,30.8,30.8,88,30.8,88,41.2,41.2,30.8 / 88,30.8 / 88
